tree
version=v4
num_class=1
num_tree_per_iteration=1
label_index=0
max_feature_idx=56
objective=regression
feature_names=Column_0 Column_1 Column_2 Column_3 Column_4 Column_5 Column_6 Column_7 Column_8 Column_9 Column_10 Column_11 Column_12 Column_13 Column_14 Column_15 Column_16 Column_17 Column_18 Column_19 Column_20 Column_21 Column_22 Column_23 Column_24 Column_25 Column_26 Column_27 Column_28 Column_29 Column_30 Column_31 Column_32 Column_33 Column_34 Column_35 Column_36 Column_37 Column_38 Column_39 Column_40 Column_41 Column_42 Column_43 Column_44 Column_45 Column_46 Column_47 Column_48 Column_49 Column_50 Column_51 Column_52 Column_53 Column_54 Column_55 Column_56
feature_infos=[0:0.016393441706895828] [0:0.016393441706895828] [0:0.016393441706895828] [0:0.016393441706895828] [0:0.016393441706895828] [0:1] [0:1] [0:1] [0:1] [0:1] [0:1] [0:1] [0:1] [0:1] [0:1] [0.0062500000931322575:0.081967204809188843] [1:5] [0.0090909088030457497:0.090909093618392944] [2.7725887298583984:6.6656837463378906] [1.0611584912112448e-05:0.69967192411422729] [3.6956100757379318e-07:0.080876193940639496] [0.018433179706335068:0.88785046339035034] [6.3561077117919922:6.8012828826904297] [0:6.2653012275695801] [1.6045660231611691e-05:0.92780005931854248] [5.4286215345200617e-07:0.15576513111591339] [0.012605042196810246:0.97368419170379639] [2.9444389343261719:6.3315019607543945] [0:6.1158919334411621] [1.9059229089180008e-05:0.9799339771270752] [9.2254998662610888e-07:0.3495212197303772] [0.0097087379544973373:0.99029123783111572] [0:6.1654176712036133] [0:4.4659080505371094] [0.00011365161481080577:0.73721992969512939] [4.8014976528065745e-06:0.21382854878902435] [0.016949152573943138:0.98305082321166992] [0:4.510859489440918] [0:2.9444389343261719] [0.00029266852652654052:0.68955951929092407] [1.4985386769694742e-05:0.22477707266807556] [0.090909093618392944:0.94999998807907104] [0:2.9444389343261719] [0:6.1420373916625977] [1.8173652279074304e-05:0.96546274423599243] [9.0048905576622928e-07:0.25372564792633057] [0.020366597920656204:0.9821428656578064] [0:6.196444034576416] [0:1.0000003576278687] [0:1.0000002384185791] [0:0.3988947868347168] [0:1] [0:1] [0:1] [0:1] [0:1] [0:1]
tree_sizes=1721 1788 1781 1780 1787 1780 1784 1789 1778 1785 1782 1790 1781 1784 1793 1786 1792 1792 1797 1795 1790 1800 1790 1792 1793 1795 1791 1802 1805 1796 1801 1783 1801 1802 1790 1802 1798 1802 1804 1798 1783 1804 1802 1794 1806 1793 1792 1805 1791 1798 1798 1788 1785 1791 1794 1803 1777 1799 1795 1791 1798 1792 1794 1790 1799 1790 1808 1788 1796 1796 1787 1791 1788 1787 1804 1799 1801 1789 1785 1795 1787 1796 1793 1794 1805 1799 1787 1790 1799 1794 1808 1790 1791 1794 1808 1811 1789 1801 1792 1812 1794 1790 1803 1789 1796 1792 1815 1784 1789 1806 1805 1788 1813 1783 1796 1783 1791 1787 1798 1792

Tree=0
num_leaves=15
num_cat=0
split_feature=24 0 29 47 48 29 32 42 22 37 36 56 37 22
split_gain=5433.15 698.142 422.791 483.667 586.27 272.792 255.175 287.5 279.274 265.521 251.585 175.244 159.039 126.099
threshold=0.42428906261920935 0.015038444194942715 0.58238583803176891 6.1913387775421151 0.77321779727935802 0.042277194559574134 4.8374145030975351 1.0000000180025095e-35 6.7996129989624032 0.89587974548339855 0.56021979451179515 1.0000000180025095e-35 1.0000000180025095e-35 6.8007264137268075
decision_type=2 2 2 2 2 2 2 2 2 2 2 2 2 2
left_child=1 5 13 -4 10 -1 7 -7 -9 -10 -5 -3 -6 -2
right_child=2 11 3 4 12 6 -8 8 9 -11 -12 -13 -14 -15
leaf_value=0.18832144569885889 0.20013374103994935 0.20152296030862496 0.2239246345892752 0.20933127218000738 0.21498318341935144 0.18990351504326466 0.20156825179643414 0.1916780149158476 0.19396323196619353 0.2112148443147695 0.22707022819183012 0.22050654122006466 0.19371940158585993 0.21493935486439122
leaf_weight=71790.144942950457 6491.591334393248 2875.1821096744388 11637.764188498259 3813.9951246678829 1075.8376513123512 59211.49770539999 7092.4910232611001 11784.286033987999 4086.5174131393433 4897.636739730835 4257.2188918590546 2108.7637534141541 4619.0671279430389 1842.0052337646484
leaf_count=40674 10777 1866 75043 1131 198 28536 25822 10310 448 135 774 400 1221 249
internal_value=0.194944 0.191182 0.213213 0.216419 0.210057 0.190603 0.192485 0.191679 0.19674 0.203375 0.218716 0.20959 0.197764 0.203426
internal_weight=197584 163847 33737.5 25403.9 13766.1 158863 87072.4 79979.9 20768.4 8984.15 8071.21 4983.95 5694.9 8333.6
internal_count=197584 108191 89393 78367 3324 105925 65251 39429 10893 583 1905 2266 1419 11026
is_linear=0
shrinkage=1


Tree=1
num_leaves=15
num_cat=0
split_feature=24 0 29 47 48 29 32 42 22 37 36 56 37 3
split_gain=4904.19 630.297 381.59 436.434 529.174 246.21 230.316 259.495 252.09 239.685 227.106 158.243 143.666 124.245
threshold=0.42428906261920935 0.015038444194942715 0.58238583803176891 6.1913387775421151 0.77321779727935802 0.042277194559574134 4.8374145030975351 1.0000000180025095e-35 6.7996129989624032 0.89587974548339855 0.56021979451179515 1.0000000180025095e-35 1.0000000180025095e-35 0.012739370577037336
decision_type=2 2 2 2 2 2 2 2 2 2 2 2 2 2
left_child=1 5 -2 -4 10 13 7 -7 -9 -10 -5 -3 -6 -1
right_child=2 11 3 4 12 6 -8 8 9 -11 -12 -13 -14 -15
leaf_value=-0.0068227172399814755 0.0080595753137950067 0.006251012449733616 0.027532706521520095 0.013669649395291111 0.019046311819036578 -0.0047886431873678777 0.0062933655891653888 -0.0031029644730276862 -0.0009319895329826626 0.015458819866615698 0.030523541165587184 0.024290306284225564 -0.0011636409123472284 0.001850481051250192
leaf_weight=67395.587216418236 8333.5965681578964 2875.1821096744388 11637.764188498259 3813.9951246678829 1075.8376513123512 59211.49770539999 7092.4910232611001 11784.286033987999 4086.5174131393433 4897.636739730835 4257.2188918590546 2108.7637534141541 4619.0671279430389 4394.5577265322208
leaf_count=38839 11026 1866 75043 1131 198 28536 25822 10310 448 135 774 400 1221 1835
internal_value=4.01493e-07 -0.00357434 0.0173571 0.0204027 0.0143595 -0.00412393 -0.00233619 -0.00310213 0.00170615 0.00801058 0.0225861 0.013917 0.00268096 -0.00629161
internal_weight=197584 163847 33737.5 25403.9 13766.1 158863 87072.4 79979.9 20768.4 8984.15 8071.21 4983.95 5694.9 71790.1
internal_count=197584 108191 89393 78367 3324 105925 65251 39429 10893 583 1905 2266 1419 40674
is_linear=0
shrinkage=0.05


Tree=2
num_leaves=15
num_cat=0
split_feature=24 0 29 27 48 37 49 41 36 36 4 32 22 35
split_gain=4426.62 571.805 344.46 396.331 308.228 312.249 218.378 223.791 314.697 190.735 178.697 164.498 113.936 138.744
threshold=0.42428906261920935 0.014389234129339458 0.58238583803176891 6.3162615299224862 0.77321779727935802 1.0000000180025095e-35 0.071080300956964507 0.58571431040763866 0.26149776577949529 0.56021979451179515 0.016261236742138866 4.8374145030975351 6.8007264137268075 0.067256763577461257
decision_type=2 2 2 2 2 2 2 2 2 2 2 2 2 2
left_child=1 6 12 -4 9 -6 7 -1 -9 -5 -3 -8 13 -2
right_child=2 10 3 4 5 -7 11 8 -10 -11 -12 -13 -14 -15
leaf_value=-0.0061553584390782162 0.0027126149159898546 0.0072461891641368145 0.028649768310146314 0.013308146656058487 0.021642803904213772 0.0012625113733068618 -0.0021108874749574975 0.018424920022574238 -0.0024301897767066635 0.027938929586770484 0.02945881470293666 0.0073335101172776612 0.018600042835921971 0.033991410959388721
leaf_weight=94854.656995555386 6125.081683754921 5767.7265744581819 7939.7102720439434 4009.3031193315983 2841.7509626746178 5515.9695891737938 36747.437260553241 1998.9956169128418 18148.811042666435 5097.149041056633 1066.9871588069946 5261.9050726052374 1842.0052337646484 366.509650638327
leaf_count=53093 10500 3065 72788 1247 1022 2325 20591 105 10257 985 199 20881 249 277
internal_value=7.26041e-07 -0.00339551 0.0164907 0.0193843 0.015158 0.0082097 -0.00401198 -0.00513892 -0.000352904 0.0215191 0.0107518 -0.00092646 0.00765708 0.00452815
internal_weight=197584 163847 33737.5 25403.9 17464.2 8357.72 157012 115002 20147.8 9106.45 6834.71 42009.3 8333.6 6491.59
internal_count=197584 108191 89393 78367 5579 3347 104927 63455 10362 2232 3264 41472 11026 10777
is_linear=0
shrinkage=0.05


Tree=3
num_leaves=15
num_cat=0
split_feature=24 3 29 47 48 4 29 32 41 36 22 0 37 22
split_gain=3995.89 528.483 310.792 360.839 438.35 204.326 197.697 194.507 207.966 257.528 193.859 128.05 116.502 102.861
threshold=0.42428906261920935 0.012579114176332952 0.58238583803176891 6.1913387775421151 0.77321779727935802 0.016261236742138866 0.060202840715646751 4.8374145030975351 0.65151515603065502 0.31318682432174688 6.7984981536865243 0.016261236742138866 1.0000000180025095e-35 6.8007264137268075
decision_type=2 2 2 2 2 2 2 2 2 2 2 2 2 2
left_child=1 6 13 -4 10 -3 11 8 -8 -10 -5 -1 -6 -2
right_child=2 5 3 4 12 -7 7 -9 9 -11 -12 -13 -14 -15
leaf_value=-0.0059428850774230118 0.0043045695969364138 0.0041322913265060103 0.024899980659767555 -0.0014817453615693661 0.017030592127102159 0.025806927489012116 -0.0044041667275561977 0.0063074568934345142 0.022859991720631693 0.00021620296605413575 0.02314718379152866 0.030433220134904834 -0.0011685738127647323 0.017675062131809121
leaf_weight=78468.126724639907 6491.591334393248 13230.328110709786 11637.764188498259 897.65424832701683 1075.8376513123512 1175.4925857651979 51845.158624008298 6141.9223011247814 1401.8491945266724 11350.706597313285 7173.5597681999207 232.93558347038925 4619.0671279430389 1842.0052337646484
leaf_count=46796 10777 6552 75043 529 198 234 24676 23883 114 5899 1376 37 1221 249
internal_value=1.19547e-06 -0.00322557 0.0156683 0.018417 0.0129222 0.00591758 -0.00410729 -0.00218863 -0.00299728 0.00272133 0.0204096 -0.00583137 0.0022933 0.00727754
internal_weight=197584 163847 33737.5 25403.9 13766.1 14405.8 149441 70739.6 64597.7 12752.6 8071.21 78701.1 5694.9 8333.6
internal_count=197584 108191 89393 78367 3324 6786 101405 54572 30689 6013 1905 46833 1419 11026
is_linear=0
shrinkage=0.05


Tree=4
num_leaves=15
num_cat=0
split_feature=24 0 29 27 48 37 17 36 29 32 24 24 24 56
split_gain=3606.76 481.524 289.528 330.693 254.97 255.242 195.928 163.437 148.411 166.691 245.253 155.804 134.01 131.25
threshold=0.41703537106513983 0.015038444194942715 0.58238583803176891 6.3162615299224862 0.77321779727935802 1.0000000180025095e-35 0.033908046782016761 0.56021979451179515 0.060202840715646751 4.0859410762786874 0.024328991770744327 0.093114189803600325 0.27279257774353033 1.0000000180025095e-35
decision_type=2 2 2 2 2 2 2 2 2 2 2 2 2 2
left_child=1 6 -2 -4 7 -6 8 -5 -1 -10 -11 -12 -8 -3
right_child=2 13 3 4 5 -7 12 -9 9 10 11 -13 -14 -15
leaf_value=-0.005973938959060396 0.0068313044860338762 0.0052337652017414027 0.025965630745215042 0.011849114719249605 0.019472263685950064 0.0010462677379580404 -0.00062651489658641524 0.025375211051387347 -0.0039136106991187296 0.033623280499441702 -0.0065233095447127069 0.0054135218670767274 0.015330057998918576 0.021663360305158502
leaf_weight=69135.8542000819 8486.1261944528669 2872.2096094805747 7949.4279460031539 4024.3373491168022 2841.7509626746178 5515.9695891737938 28177.388127427548 5097.149041056633 47692.969915524125 596.13671588897705 4325.026433032006 7390.6294938456267 1370.259942824021 2108.7637534141541
leaf_count=41617 11646 1862 73025 1257 1022 2325 14908 985 19720 6 4781 21754 2276 400
internal_value=1.55005e-06 -0.00307379 0.0148393 0.0175081 0.013649 0.00732717 -0.00355454 0.0194271 -0.00439486 -0.0025748 0.00261042 0.00100504 0.000118401 0.0122189
internal_weight=197584 163669 33914.8 25428.6 17479.2 8357.72 158688 9121.49 129141 60004.8 12311.8 11715.7 29547.6 4980.97
internal_count=197584 107324 90260 78614 5589 3347 105062 2242 87878 46261 26541 26535 17184 2262
is_linear=0
shrinkage=0.05


Tree=5
num_leaves=15
num_cat=0
split_feature=24 3 27 29 4 49 47 48 22 41 48 45 35 0
split_gain=3255.77 442.234 265.933 197.819 173.405 169.913 135.981 300.704 134.248 129.887 210.21 124.071 112.663 97.8521
threshold=0.42428906261920935 0.012579114176332952 6.2785058021545419 0.84675151109695446 0.016261236742138866 0.12747071683406833 6.1913387775421151 0.78188824653625499 6.7984981536865243 0.58571431040763866 0.59716957807540905 0.0061738044023513803 0.085492223501205458 0.016261236742138866
decision_type=2 2 2 2 2 2 2 2 2 2 2 2 2 2
left_child=1 5 -2 12 -3 9 -5 8 -8 13 -11 -7 -4 -1
right_child=2 4 3 6 -6 11 7 -9 -10 10 -12 -13 -14 -15
leaf_value=-0.0052390387669903633 0.026919753695314054 0.0038084001383734082 0.007670596949488042 0.022676713377008176 0.023775762072749562 0.002108503911946578 -0.00061942542854736887 0.002866152417129409 0.023471441726647349 0.026359877407170714 -0.0018096315913018379 -0.0073162831122138882 0.034046555294320276 0.02385083439272288
leaf_weight=104658.53530830517 3632.2054974790663 13230.328110709786 14259.941459640861 5711.8090004622936 1175.4925857651979 18123.048727735877 655.76368382573128 4217.334246724844 4852.6639246940613 673.43124587833881 21390.670128002763 4314.8109926003963 407.76173961162567 280.20262256078422
leaf_count=61265 68088 6552 12160 6459 234 23353 397 1042 954 134 11821 4767 293 65
internal_value=1.86421e-06 -0.00291078 0.0141438 0.012594 0.00545307 -0.00371735 0.0165456 0.0129253 0.0206076 -0.00442595 -0.000938302 0.000293661 0.00842654 -0.0051591
internal_weight=197584 163847 33737.5 30105.3 14405.8 149441 15437.6 9725.76 5508.43 127003 22064.1 22437.9 14667.7 104939
internal_count=197584 108191 89393 21305 6786 101405 8852 2393 1351 73285 11955 28120 12453 61330
is_linear=0
shrinkage=0.05


Tree=6
num_leaves=15
num_cat=0
split_feature=24 0 29 27 48 37 41 36 4 36 49 26 25 22
split_gain=2947.21 414.054 304.758 268.655 214.236 221.918 175.018 263.205 147.013 144.089 131.955 104.878 100.292 119.374
threshold=0.31918136775493627 0.013793759513646366 0.58760038018226635 6.3162615299224862 0.77321779727935802 1.0000000180025095e-35 0.65151515603065502 0.26149776577949529 0.016261236742138866 0.56021979451179515 0.069241378456354155 0.95797204971313488 0.023954775184392933 6.7996129989624032
decision_type=2 2 2 2 2 2 2 2 2 2 2 2 2 2
left_child=1 6 -2 -4 9 -6 10 -8 -3 -5 11 -1 -9 -14
right_child=2 8 3 4 5 -7 7 12 -10 -11 -12 -13 13 -15
leaf_value=-0.0053621610701538739 0.0059056756688084929 0.0051503256185126932 0.023396562992575448 0.010507146335119304 0.017876554067379955 0.00068167878473217878 0.015194507840680316 -0.0027953005021639651 0.024792376729708243 0.023206636709403514 -0.0015796897467228556 0.031839192263485833 -0.0009001514210841031 0.018081027013526769
leaf_weight=92072.785860739648 11186.507905660197 7864.584744695574 8010.9979054443538 4022.3927994370461 2833.2947645783424 5520.6469938158989 2602.0764737129211 21142.255884155631 1075.6331039685756 5094.6102167367935 32477.622247863561 180.04882872104645 2172.7426886856556 1327.7988557815552
leaf_count=51775 22868 3603 73587 1256 1020 2319 178 12379 210 983 25895 22 1417 72
internal_value=2.23302e-06 -0.00291298 0.0127927 0.0158125 0.0123236 0.00652784 -0.00352827 0.000102231 0.0075386 0.0176213 -0.00432123 -0.00528611 -0.00149691 0.00633064
internal_weight=197584 160916 36668.5 25481.9 17470.9 8353.94 151975 27244.9 8940.22 9117 124730 92252.8 24642.8 3500.54
internal_count=197584 95551 102033 79165 5578 3339 91738 14046 3813 2239 77692 51797 13868 1489
is_linear=0
shrinkage=0.05


Tree=7
num_leaves=15
num_cat=0
split_feature=24 3 29 47 48 22 1 41 27 32 44 31 40 30
split_gain=2660.16 379.164 275.116 244.927 309.628 151.746 136.803 132.855 171.457 248.942 111.565 107.932 101.359 106.227
threshold=0.31918136775493627 0.012579114176332952 0.58760038018226635 6.1913387775421151 0.77321779727935802 6.7984981536865243 0.016261236742138866 0.65151515603065502 5.482717990875245 4.0859410762786874 0.10818978026509286 0.80368444323539745 0.0085196117870509642 0.0077800569124519834
decision_type=2 2 2 2 2 2 2 2 2 2 2 2 2 2
left_child=1 7 -2 -4 5 -5 -3 11 -9 10 -10 -1 -13 -14
right_child=2 6 3 4 -6 -7 -8 8 9 -11 -12 12 13 -15
leaf_value=-0.0048935718768770816 0.0056106555865905097 0.0035522715495869325 0.020344058876144291 -0.0025770593826564808 0.0015554508643338637 0.019193969131361892 0.021359873273414695 -0.0032188628061917031 -0.0058083915290325578 0.017223370118117601 0.0083020666121273092 -0.0042087239953624888 0.0055290613452391195 -0.0074398544725344648
leaf_weight=100364.14531517588 11186.507905660197 13047.447752634063 11702.552026044577 898.02756744623184 5693.0839818120003 7188.2791047096252 1166.5566145200282 16968.126640737057 3735.6152182072401 2940.6451091766357 2227.7589165717363 10883.772364392877 7598.289128869772 1983.1916280388832
leaf_count=59723 22868 5989 75836 530 1418 1381 253 9304 3569 208 526 9818 4123 2038
internal_value=2.54134e-06 -0.00276707 0.0121541 0.0150234 0.0104932 0.016776 0.00502775 -0.00352261 -0.000270773 0.00534462 -0.000532024 -0.00421882 -0.000908963 0.00283977
internal_weight=197584 160916 36668.5 25481.9 13779.4 8086.31 14214 146702 25872.1 8904.02 5963.37 120829 20465.3 9581.48
internal_count=197584 95551 102033 79165 3329 1911 6242 89309 13607 4303 4095 75702 15979 6161
is_linear=0
shrinkage=0.05


Tree=8
num_leaves=15
num_cat=0
split_feature=24 0 29 27 48 37 41 36 36 56 28 25 35 49
split_gain=2401.85 360.67 288.081 223.032 176.132 190.044 154.656 231.375 124.803 124.376 99.7616 109.439 97.677 85.1779
threshold=0.28618249297142034 0.014389234129339458 0.58760038018226635 6.3162615299224862 0.77321779727935802 1.0000000180025095e-35 0.65151515603065502 0.26149776577949529 0.56021979451179515 1.0000000180025095e-35 6.0294818878173837 0.019640966318547729 0.085492223501205458 1.0000000180025095e-35
decision_type=2 2 2 2 2 2 2 2 2 2 2 2 2 2
left_child=1 6 12 -4 8 -6 10 -8 -5 -3 13 -12 -2 -1
right_child=2 9 3 4 5 -7 7 -9 -10 -11 11 -13 -14 -15
leaf_value=-0.0054816800283274203 0.0044336660039748128 0.0030533822377344479 0.021163513257863562 0.0092653887066498856 0.016327703834355205 0.00041594891286735199 0.014286606831124947 -0.001320422702394684 0.021081326156926018 0.016967642147454037 0.00079209141718587458 0.027049071802984128 0.029556013265861193 -0.0028368400287295623
leaf_weight=61966.369847467169 12953.204324664548 4015.0012118443847 8024.2499658577144 4022.3927994370461 2833.2947645783424 5520.6469938158989 2614.4285612106323 24950.5352422297 5094.6102167367935 2672.9979733228683 2134.5852937400341 477.65521433949471 389.2680350150913 59914.758829737082
leaf_count=33061 24901 2280 73600 1256 1020 2319 181 13966 983 582 1809 64 298 41264
internal_value=2.60286e-06 -0.00272425 0.0111463 0.0142611 0.0110806 0.0058256 -0.00322425 0.000164487 0.015884 0.00863154 -0.00397453 0.00567809 0.0051882 -0.00418186
internal_weight=197584 158746 38837.7 25495.2 17470.9 8353.94 152058 27565 9117 6688 124493 2612.24 13342.5 121881
internal_count=197584 93207 104377 79178 5578 3339 90345 14147 2239 2862 76198 1873 25199 74325
is_linear=0
shrinkage=0.05


Tree=9
num_leaves=15
num_cat=0
split_feature=24 0 29 27 48 22 41 36 4 31 44 26 49 35
split_gain=2168.18 322.698 223.835 203.287 251.687 130.05 129.926 208.426 115.511 111.137 103.612 112.388 102.255 88.0761
threshold=0.31918136775493627 0.013793759513646366 0.58760038018226635 6.327043056488038 0.77321779727935802 6.7984981536865243 0.65151515603065502 0.26149776577949529 0.016261236742138866 0.80368444323539745 0.099329702556133284 0.88827326893806469 0.48685120046138769 0.040479149669408805
decision_type=2 2 2 2 2 2 2 2 2 2 2 2 2 2
left_child=1 6 13 -4 5 -5 9 -8 -3 -1 -11 -12 -6 -2
right_child=2 8 3 4 12 -7 7 -9 -10 10 11 -13 -14 -15
leaf_value=-0.0044016044950545962 0.0040351095689994563 0.0046121682296023205 0.018864641312091156 -0.0029077933411825818 -0.0085259641699076683 0.017125595359272102 0.013517522734350019 -0.0013357191029826233 0.022023254783897536 -0.003419776337654867 0.0017347606006503241 0.02005544015528983 0.0059521977508300624 0.024136960893679435
leaf_weight=103409.08748167381 10621.451854875311 7864.584744695574 10576.208912622184 898.02756744623184 1691.8091149032116 8020.3665246963501 2602.0764737129211 24642.797428622842 1075.6331039685756 12303.33876734972 8094.0155767798424 924.01511152088642 4295.5305603444576 565.05605078488588
leaf_count=61286 21222 3603 75594 530 251 1583 178 13868 210 11011 4659 736 1207 1646
internal_value=2.86431e-06 -0.00249756 0.0109734 0.0135614 0.00978847 0.0151074 -0.00304074 8.73088e-05 0.00672923 -0.00372396 -0.000436833 0.00363209 0.00185379 0.00507115
internal_weight=197584 160916 36668.5 25481.9 14905.7 8918.39 151975 27244.9 8940.22 124730 21321.4 9018.03 5987.34 11186.5
internal_count=197584 95551 102033 79165 3571 2113 91738 14046 3813 77692 16406 5395 1458 22868
is_linear=0
shrinkage=0.05


Tree=10
num_leaves=15
num_cat=0
split_feature=24 0 44 22 24 41 36 1 49 56 27 26 25 25
split_gain=1963.08 302.116 239.863 176.854 135.616 129.89 192.791 107.845 91.8254 91.3435 89.2088 84.9136 82.2439 97.4068
threshold=0.28618249297142034 0.015038444194942715 0.21061950922012332 6.7702026367187509 0.78643503785133373 0.65151515603065502 0.26149776577949529 0.013245614245533945 1.0000000180025095e-35 1.0000000180025095e-35 6.3306114673614511 0.94894027709960949 0.023954775184392933 0.025855593383312229
decision_type=2 2 2 2 2 2 2 2 2 2 2 2 2 2
left_child=1 5 7 -4 -5 8 -7 10 11 -3 -2 -1 -8 -14
right_child=2 9 3 4 -6 6 12 -9 -10 -11 -12 -13 13 -15
leaf_value=-0.0049776970947864839 -0.0031209546060907861 0.0037794318801599143 0.021370947580671065 0.00643879688358157 0.013411834175181504 0.01304392910551962 -0.0022732237519920606 0.021516099006448349 -0.0021740391807609414 0.017596960854934434 0.017826678355880112 0.027553174688986493 0.021551366723972665 0.0015671503269118999
leaf_weight=63241.249283758923 5092.5493335425854 2763.0436091199517 4198.3668942041695 12404.904337495565 16012.397041589022 2647.3674621582031 21717.225596785545 574.94291387498379 62477.491795854643 2108.7637534141541 554.50657939910889 191.46194577217102 767.71068720519543 2832.0180398225784
leaf_count=33956 6190 1554 81429 6818 9521 184 12616 338 42897 400 81 64 99 1437
internal_value=3.00317e-06 -0.00246223 0.0100775 0.0117933 0.0103713 -0.00285057 0.000231865 0.00107897 -0.00353513 0.00978415 -0.00103615 -0.00487518 -0.0011125 0.00587706
internal_weight=197584 158746 38837.7 32615.7 28417.3 153875 27964.3 6222 125910 4871.81 5647.06 63432.7 25317 3599.73
internal_count=197584 93207 104377 97768 16339 91253 14336 6609 76917 1954 6271 34020 14152 1536
is_linear=0
shrinkage=0.05


Tree=11
num_leaves=15
num_cat=0
split_feature=24 0 44 27 3 48 37 33 35 29 1 45 32 41
split_gain=1771.9 276.439 216.38 163.007 135.436 131.055 230.055 121.889 110.164 102.855 97.5875 92.0878 131.308 207.688
threshold=0.28618249297142034 0.016001024283468727 0.21061950922012332 6.3162615299224862 0.011696306522935631 0.83482980728149425 1.0000000180025095e-35 1.2424533367156985 0.067256763577461257 0.042277194559574134 0.013423423748463394 0.0069702973123639831 4.0859410762786874 0.65151515603065502
decision_type=2 2 2 2 2 2 2 2 2 2 2 2 2 2
left_child=1 4 10 -4 9 7 -7 -5 -8 -1 -2 12 -11 -14
right_child=2 -3 3 5 -6 6 8 -9 -10 11 -12 -13 13 -15
leaf_value=-0.0045294773347892983 -0.00095930437894966517 0.0144699975085575 0.016558699637852097 0.0083648991908313718 0.001852701175336981 0.014076749039916143 -0.0021627997314913635 0.018781237046389315 0.029152890925347605 -0.0020470881427809076 0.020711515727444202 -0.0061208116193544673 0.00095078900108384868 0.020541744450932108
leaf_weight=65707.238189294934 5660.0766422152519 2399.1447363570333 9903.8974702842534 7069.4690768122673 15404.207822715864 4211.3865737020969 6462.1433771252632 4685.1879676580429 283.58380770683289 55048.313456907868 561.92218460142612 10676.970305338502 7887.2836181465536 1623.1740451306105
leaf_count=38068 6293 687 90420 2503 7542 1414 2416 787 228 21532 316 12615 12681 82
internal_value=3.24041e-06 -0.00233888 0.00957463 0.0112042 -0.00259772 0.00886307 0.00492238 0.0125291 -0.000805114 -0.00308422 0.00102793 -0.00182157 -0.00110971 0.00431249
internal_weight=197584 158746 38837.7 32615.7 156347 22711.8 10957.1 11754.7 6745.73 140943 6222 75235.7 64558.8 9510.46
internal_count=197584 93207 104377 97768 92520 7348 4058 3290 2644 84978 6609 46910 34295 12763
is_linear=0
shrinkage=0.05


Tree=12
num_leaves=15
num_cat=0
split_feature=24 3 27 34 48 37 37 29 31 30 1 42 22 28
split_gain=1607.19 258.667 155.565 127.593 128.361 222.214 128.853 108.294 109.498 99.2858 97.6025 96.308 148.53 170.618
threshold=0.42428906261920935 0.012579114176332952 6.2785058021545419 0.56210440397262584 0.67317706346511852 1.5890269279479983 1.5890269279479983 0.039710352197289474 0.80368444323539745 0.013069494161754848 0.016261236742138866 1.0000000180025095e-35 6.7996129989624032 3.7256208658218388
decision_type=2 2 2 2 2 2 2 2 2 2 2 2 2 2
left_child=1 7 -2 4 5 -4 -6 -1 11 -10 -3 -9 -13 -14
right_child=2 10 3 -5 6 -7 -8 8 9 -11 -12 12 13 -15
leaf_value=-0.0042033215464478612 0.019709007247663304 0.0031111479088699549 -0.00028539538474655143 0.012489744236282895 0.0054643135544158858 0.018690643642337131 -0.0077626665286769161 -0.003466852671939346 0.0036025602552483883 -0.0076324298726272574 0.018008552171913876 -0.0032687124070467019 0.0021768466219893264 0.020529509265602722
leaf_weight=64549.676145419478 3632.2054974790663 13215.657869338989 2499.1926442980766 12995.076867327094 8229.1846528947353 4020.0883636474609 2361.7315267920494 51024.697325576097 14723.313549056649 2259.7986012101173 1190.162827135995 9450.3390485048294 5823.498046875 1609.3763084411621
leaf_count=37489 68088 6532 889 10600 8220 633 963 44363 7922 2693 254 8434 442 62
internal_value=3.40644e-06 -0.00204301 0.00993952 0.00875468 0.00591228 0.0114268 0.00251021 -0.00265988 -0.00148591 0.002104 0.00435356 -0.0023839 0.000889144 0.00617283
internal_weight=197584 163847 33737.5 30105.3 17110.2 6519.28 10590.9 149441 84891 16983.1 14405.8 67907.9 16883.2 7432.87
internal_count=197584 108191 89393 21305 10705 1522 9183 101405 63916 10615 6786 53301 8938 504
is_linear=0
shrinkage=0.05


Tree=13
num_leaves=15
num_cat=0
split_feature=24 0 29 27 48 37 41 36 0 36 35 28 25 30
split_gain=1451.35 242.459 195.393 163.715 129.001 135.9 105.386 160.905 99.0963 98.8991 82.8696 77.2602 93.7808 72.3168
threshold=0.27279257774353033 0.012739370577037336 0.63956326246261608 6.3162615299224862 0.77321779727935802 1.0000000180025095e-35 0.65151515603065502 0.26149776577949529 0.016261236742138866 0.60894551873207103 0.085492223501205458 6.0294818878173837 0.019640966318547729 0.0069473066832870254
decision_type=2 2 2 2 2 2 2 2 2 2 2 2 2 2
left_child=1 6 10 -4 9 -6 11 -8 -3 -5 13 -1 -13 -2
right_child=2 8 3 4 5 -7 7 -9 -10 -11 -12 12 -14 -15
leaf_value=-0.0035423446881367535 0.0057475436644175452 0.0028076005294096437 0.017374697335556487 0.0074204532451611436 0.01313231480018812 -0.00073894989549839248 0.011982229312304986 -0.0011496313503340471 0.01602515729422261 0.018070636778231824 0.024353619798246962 0.00079428131303744631 0.026012022757540134 -0.0018333769415225941
leaf_weight=116434.85133291967 10428.835014715791 10865.006291285157 7671.3036440685391 4412.7642404437065 2644.52197727561 5270.8770527839661 2575.2975339889526 23863.903050065041 1622.2553515322506 4343.9818952083588 480.75238422676921 2032.0190927088261 440.57325413823128 4497.0571586359292
leaf_count=70708 26179 5197 68692 1337 957 2209 171 13404 357 822 379 1739 59 5374
internal_value=3.43141e-06 -0.00214721 0.00854129 0.0113297 0.00853942 0.00390614 -0.00272168 0.000133518 0.00453618 0.0127183 0.004131 -0.00335649 0.00537433 0.00346377
internal_weight=197584 157834 39750.1 24343.4 16672.1 7915.4 145347 26439.2 12487.3 8756.75 15406.6 118907 2472.59 14925.9
internal_count=197584 91635 105949 74017 5325 3166 86081 13575 5554 2159 31932 72506 1798 31553
is_linear=0
shrinkage=0.05


Tree=14
num_leaves=15
num_cat=0
split_feature=49 49 48 45 17 35 3 36 27 22 45 32 30 28
split_gain=1318.1 232.095 303.797 129.387 125.597 90.2492 89.9527 106.987 83.9021 72.902 70.2412 57.6877 63.9584 53.2248
threshold=0.34834691882133489 0.10317372903227807 0.59716957807540905 0.0069702973123639831 0.030776515603065494 0.016132541932165626 0.011299795936793091 0.6900656819343568 6.3162615299224862 6.8007264137268075 0.0069702973123639831 3.4175922870635991 0.00073229015106335293 3.7256208658218388
decision_type=2 2 2 2 2 2 2 2 2 2 2 2 2 2
left_child=1 4 6 5 13 8 7 9 -2 -3 -4 -10 -13 -1
right_child=3 2 10 -5 -6 -7 -8 -9 11 -11 -12 12 -14 -15
leaf_value=-0.0042523866161055367 0.013972728263769647 0.0096810777859256472 0.00055206200464976546 -0.00079913861058444424 0.00028004898750457759 0.015344269449712764 0.020663683886213268 0.019178098571745811 -0.0063872994028763555 -0.0019911205822103258 -0.0058845119889760558 0.0060295721950523948 0.020378060787371713 -0.0018774657595827865
leaf_weight=67068.00946004875 5515.5804620031267 2870.8327920623124 24090.239926377311 2385.5649649593979 29529.309727391228 9102.7356132008135 1633.0867303963751 1543.3874878995121 819.3931497335434 2492.124457359314 5133.260571885854 8119.3208992779255 851.94634282588959 36429.206688575447
leaf_count=30272 22969 9709 20595 3595 15121 52982 1192 319 730 247 6865 3256 117 29615
internal_value=3.60509e-06 -0.00161413 0.00184497 0.0103119 -0.00259615 0.0113977 0.0101353 0.00761942 0.0090421 0.00426349 -0.000580182 0.006253 0.00741333 -0.00341672
internal_weight=197584 170789 37762.9 26794.5 133027 24409 8539.43 6906.34 15306.2 5362.96 29223.5 9790.66 8971.27 103497
internal_count=197584 113935 38927 83649 75008 80054 11467 10275 27072 9956 27460 4103 3373 59887
is_linear=0
shrinkage=0.05


Tree=15
num_leaves=15
num_cat=0
split_feature=29 49 3 47 48 17 45 49 22 48 47 33 46 48
split_gain=1189.99 212.809 131.453 130.965 188.511 125.002 106.601 116.235 105.962 62.0519 57.3669 91.9776 73.0684 66.6178
threshold=0.58760038018226635 0.11131441593170167 0.016261236742138866 6.1913387775421151 0.77321779727935802 0.035098522901535041 0.0061738044023513803 0.34834691882133489 6.7984981536865243 0.97239467501640331 4.2483932971954355 1.7005987167358401 0.80020368099212658 0.47057749330997473
decision_type=2 2 2 2 2 2 2 2 2 2 2 2 2 2
left_child=1 5 6 -2 8 -1 7 -3 -5 -6 11 12 13 -7
right_child=3 2 -4 4 9 10 -8 -9 -10 -11 -12 -13 -14 -15
leaf_value=-0.0031464985640841229 0.013950304704433002 0.0011749990040220394 0.020702133346375089 -0.0044766004566484481 -0.0042728801377924161 0.013279053590895838 -0.003974519993221323 0.0091245356291581557 0.013695049847350774 0.0063867154079653397 -0.001376338620909245 -0.0037245861122216502 0.016577463576596389 0.0012817298183904445
leaf_weight=109696.47453316301 11737.433203767985 23569.673121009022 890.87417581304908 898.02756744623184 3533.6412571072578 1499.9932093918324 7434.0714528877288 5703.9741723947227 7191.9548125267029 2210.9026341438293 13667.512189397588 3165.3790558129549 1422.2038781344891 4961.8840110003948
leaf_count=62837 75858 20422 153 530 958 721 10415 12364 1382 474 7942 1416 289 1823
internal_value=3.63968e-06 -0.00149266 0.00183221 0.0100653 0.00676144 -0.00242277 0.00136874 0.00272655 0.0116749 -0.000166352 0.000789192 0.00346665 0.00635491 0.00408288
internal_weight=197584 172012 37598.6 25572 13834.5 134413 36707.7 29273.6 8089.98 5744.54 24717 11049.5 7884.08 6461.88
internal_count=197584 118382 43354 79202 3344 75028 43201 32786 1912 1432 12191 4249 2833 2544
is_linear=0
shrinkage=0.05


Tree=16
num_leaves=15
num_cat=0
split_feature=49 17 32 39 0 45 35 41 27 32 24 42 27 46
split_gain=1080.1 190.532 145.274 128.187 106.82 104.138 80.2771 77.6124 146.094 193.691 75.0329 81.302 71.1871 69.8465
threshold=0.34834691882133489 0.035098522901535041 4.8374145030975351 0.078143306076526656 0.016261236742138866 0.0069702973123639831 0.016132541932165626 0.65151515603065502 5.482717990875245 4.0859410762786874 0.27279257774353033 1.0000000180025095e-35 6.3162615299224862 0.86528465151786815
decision_type=2 2 2 2 2 2 2 2 2 2 2 2 2 2
left_child=1 2 7 -4 10 6 12 -1 -9 13 -3 -12 -2 -10
right_child=5 4 3 -5 -6 -7 -8 8 9 -11 11 -13 -14 -15
leaf_value=-0.0034655255451523427 0.012629482928912143 0.00043850377739842566 -0.0043379520173911111 0.0057640304676274332 0.014359842828593926 -0.00063346983075900586 0.014030583103352407 -0.0032418668366138111 -0.0048432340005170639 0.015606192262703012 0.0052173987649374413 0.027926611126995085 0.005519509325229508 0.0066367894857155205
leaf_weight=98996.271291017532 5515.5804620031267 29340.577985998243 4649.4200493078679 9627.5563020799309 1620.7992280069739 2385.5649649593979 9102.7356132008135 14812.062066659331 3426.1576138585806 2840.3440351486206 2881.645000776276 448.13132429122925 9790.6603918373585 2146.4929448515177
leaf_count=48478 22969 15173 10614 21918 411 3595 52982 8037 3803 197 4448 246 4103 610
internal_value=3.648e-06 -0.00146077 -0.00229779 0.0024735 0.00187076 0.00933497 0.0103091 -0.0028553 -0.000253843 0.00500453 0.00124697 0.00834814 0.00808815 -0.000417351
internal_weight=197584 170789 136498 14277 34291.2 26794.5 24409 122221 23225.1 8412.99 32670.4 3329.78 15306.2 5572.65
internal_count=197584 113935 93657 32532 20278 83649 80054 61125 12647 4610 19867 4694 27072 4413
is_linear=0
shrinkage=0.05


Tree=17
num_leaves=15
num_cat=0
split_feature=24 3 22 24 41 36 47 0 25 22 31 40 30 48
split_gain=976.44 182.842 145.913 146.515 92.4789 139.333 64.0371 61.0238 60.6718 72.2181 59.3997 63.349 62.1366 55.2177
threshold=0.27279257774353033 0.015268065501004459 6.7702026367187509 0.78643503785133373 0.65151515603065502 0.26149776577949529 4.2483932971954355 0.012739370577037336 0.023954775184392933 6.7996129989624032 0.80368444323539745 0.0081369183026254194 0.0077800569124519834 0.85643073916435253
decision_type=2 2 2 2 2 2 2 2 2 2 2 2 2 2
left_child=1 4 -2 -4 7 -6 -3 10 -7 -10 -1 -12 -13 -5
right_child=2 6 3 13 5 8 -8 -9 9 -11 11 12 -14 -15
leaf_value=-0.0034070186446925098 0.015234847528933494 0.014209552925670957 0.0026510333728600173 0.012382009006181508 0.011429996868861838 -0.0015906415945847266 0.0019727585512017169 0.0017134971566867914 -8.2153407213395976e-05 0.014434990047120292 -0.0031016791761531715 0.0046937423044906799 -0.00524793046335987 0.0066905858414817027
leaf_weight=98235.128933664411 4739.013981660828 2249.7194454073906 17499.523233085871 7461.3108518123627 2653.5274224281311 21757.845634892583 2036.30549733527 7607.4959607943892 2279.2004967778921 1362.514232635498 10290.665623515844 7373.7011083960533 1987.8015507906675 10050.245300799608
leaf_count=56479 84848 628 9730 5046 185 12635 1052 3595 1465 76 9424 4061 2035 6325
internal_value=3.69742e-06 -0.00176033 0.00700671 0.00588894 -0.00204485 0.000550311 0.00841393 -0.00262497 -0.000590356 0.00537396 -0.00290507 -0.000395505 0.0025794 0.00912127
internal_weight=197584 157834 39750.1 35011.1 153548 28053.1 4286.02 125495 25399.6 3641.71 117887 19652.2 9361.5 17511.6
internal_count=197584 91635 105949 21101 89955 14361 1680 75594 14176 1541 71999 15520 6096 11371
is_linear=0
shrinkage=0.05


Tree=18
num_leaves=15
num_cat=0
split_feature=49 49 48 3 32 45 26 41 27 28 35 36 27 15
split_gain=896.992 165.121 217.079 105.839 112.619 91.423 87.3962 72.5892 162.517 180.483 70.9018 69.8845 72.7242 68.9518
threshold=0.34834691882133489 0.069241378456354155 0.59716957807540905 0.011299795936793091 4.0859410762786874 0.0069702973123639831 0.95797204971313488 0.58571431040763866 5.4868674278259286 3.6242519617080693 0.016132541932165626 0.67212137579917919 6.3288288116455087 0.057101728394627578
decision_type=2 2 2 2 2 2 2 2 2 2 2 2 2 2
left_child=1 6 3 4 -3 10 7 13 -9 -10 -2 12 -6 -1
right_child=5 2 -4 -5 11 -7 -8 8 9 -11 -12 -13 -14 -15
leaf_value=-0.0032653935832694285 0.0073332498305949262 -0.0020235312348833288 -0.00071117177084115656 0.017480707629102851 0.013833631833392097 -0.00083177950002165163 0.028270709345251874 -0.0023678803211709012 -0.0037206266157478471 0.015001823902316731 0.012917113074217241 0.018792594661736602 0.00086574178500728395 0.0032882324571499935
leaf_weight=93842.203726841137 15306.240853840485 3667.9523461908102 40358.890405073762 2002.2923443671316 1791.809086130932 2385.5649649593979 222.50159204006195 15199.876525446773 2101.495734706521 3298.5375699996948 9102.7356132008135 1412.1932559367269 2706.6504876315594 4185.0547676309943
leaf_count=53487 27072 1407 34691 1376 9885 3595 30 7405 3020 190 52982 294 455 1695
internal_value=3.69467e-06 -0.00133083 0.00102077 0.00705192 0.00485594 0.00850734 -0.00235853 -0.00241836 0.000279615 0.00772232 0.00942005 0.00912132 0.00605029 -0.00298529
internal_weight=197584 170789 51939.8 11580.9 9578.61 26794.5 118850 118627 20599.9 5400.03 24409 5910.65 4498.46 98027.3
internal_count=197584 113935 48108 13417 12041 83649 65827 65797 10615 3210 80054 10634 10340 55182
is_linear=0
shrinkage=0.05


Tree=19
num_leaves=15
num_cat=0
split_feature=49 15 32 25 42 22 28 17 30 30 35 47 47 32
split_gain=809.554 154.574 153.062 117.686 91.7953 185.82 171.433 107.149 85.802 79.6528 72.8989 72.3473 144.438 66.949
threshold=0.34834691882133489 0.043294245377182967 4.8374145030975351 0.010797842405736448 1.0000000180025095e-35 6.7996129989624032 3.7256208658218388 0.023532669059932235 0.0058275973424315461 0.0048567582853138455 0.016132541932165626 3.9015133380889897 4.2193996906280526 6.1601512432098398
decision_type=2 2 2 2 2 2 2 2 2 2 2 2 2 2
left_child=1 2 4 -4 -1 -6 7 9 10 -7 13 -3 -13 -2
right_child=8 11 3 -5 5 6 -8 -9 -10 -11 -12 12 -14 -15
leaf_value=-0.0030599463906172855 0.0098946948106217701 -0.0052301345133559099 -0.0013742675710576458 0.007064805766656624 -0.0032613538675283593 -0.0049298602502616997 0.013779703714883022 0.010448280423459681 0.00045204765645602226 0.0052735256634169119 0.012923233269789093 0.011426568270107983 0.0010280310906178869 0.0031901180512189107
leaf_weight=103087.05772013962 8875.7697410080582 2207.7745240032673 8395.269254680723 8118.3998164925724 19365.980732932687 5670.3946504592896 3535.6128358840942 2396.0372152328491 3240.1542026139796 2874.2394399642944 8246.5426919702441 4962.2509572505951 10176.440694956109 6432.0747964084148
leaf_count=48982 25286 901 10693 26238 18448 371 216 168 4528 210 52005 1139 6569 1830
internal_value=3.7753e-06 -0.00126404 -0.00176983 0.00277629 -0.00231826 -5.87531e-05 0.00422489 0.00112737 0.00808234 -0.0014955 0.00913133 0.00320852 0.00444182 0.00708148
internal_weight=197584 170789 153443 16513.7 136929 33842.3 14476.3 10940.7 26794.5 8544.63 23554.4 17346.5 15138.7 15307.8
internal_count=197584 113935 105326 36931 68395 19413 965 749 83649 581 79121 8609 7708 27116
is_linear=0
shrinkage=0.05


Tree=20
num_leaves=15
num_cat=0
split_feature=29 0 49 47 48 36 2 45 26 28 24 36 35 48
split_gain=738.191 148.376 115.566 98.2141 163.34 91.0366 84.3483 56.9157 55.4287 54.6738 68.2688 76.2471 136.693 53.075
threshold=0.58760038018226635 0.010582306887954475 0.2635644674301148 6.1913387775421151 0.77321779727935802 0.56021979451179515 0.013986697886139156 0.0042649910319596538 0.95797204971313488 3.7256208658218388 0.18006335198879245 0.26149776577949529 0.00092499688616953801 0.97239467501640331
decision_type=2 2 2 2 2 2 2 2 2 2 2 2 2 2
left_child=1 2 8 -2 5 -5 -3 -4 9 -1 11 12 -11 -6
right_child=3 6 7 4 13 -7 -8 -9 -10 10 -12 -13 -14 -15
leaf_value=-0.0029684671071602163 0.011292190344105751 0.00072830844244527887 0.0051089351807466791 0.004036539659474387 -0.0051743348491595006 0.014667633321712413 0.0075217299520918719 -0.0029464830839018006 0.023640436439781549 0.01887054624482154 0.0064167111089352153 -0.0018906959592324452 -0.0025004655220015018 0.0046848001785241835
leaf_weight=86439.486727496609 11737.433203767985 17604.554250244051 8560.7865939028561 3832.7634881138802 3533.6412571072578 4257.2188918590546 6162.0225128885359 2939.2605287320912 197.80461549758911 1254.6589172184467 2993.5522537529469 44032.509531067684 1827.4038682039827 2210.9026341438293
leaf_count=40422 75858 10254 16186 1138 958 774 2718 4326 30 56 9016 35070 304 474
internal_value=3.73234e-06 -0.00117477 -0.00176277 0.00792841 0.00506843 0.00964218 0.00249208 0.00304931 -0.00216765 -0.00220676 -0.000892444 -0.00135811 0.00623223 -0.0013783
internal_weight=197584 172012 148245 25572 13834.5 8089.98 23766.6 11500 136745 136548 50108.1 47114.6 3082.06 5744.54
internal_count=197584 118382 105410 79202 3344 1912 12972 20512 84898 84868 44446 35430 360 1432
is_linear=0
shrinkage=0.05


Tree=21
num_leaves=15
num_cat=0
split_feature=49 49 48 3 36 26 30 35 41 27 28 45 32 32
split_gain=670.663 133.789 175.874 91.2937 93.9315 72.7772 71.6655 64.9645 57.2523 126.937 143.016 56.2248 55.7297 87.7995
threshold=0.34834691882133489 0.069241378456354155 0.59716957807540905 0.011299795936793091 0.67212137579917919 0.95797204971313488 0.0058275973424315461 0.016132541932165626 0.58571431040763866 5.4868674278259286 3.6242519617080693 0.0048510411288589248 6.1601512432098398 3.4175922870635991
decision_type=2 2 2 2 2 2 2 2 2 2 2 2 2 2
left_child=1 5 3 4 -3 8 7 12 -1 -10 -11 -4 13 -2
right_child=6 2 11 -5 -6 -7 -8 -9 9 10 -12 -13 -14 -15
leaf_value=-0.0026333627378079122 -0.0026665701452729344 0.0019596317229708953 0.00031655337948142178 0.016080637238341338 0.014588418937646225 0.025874860057904611 0.00038337948169814474 0.011894588198829822 -0.0020736308091631375 -0.00334217636892519 0.013323926941195309 -0.0044228350399897901 0.0028305920224625972 0.011071504647450344
leaf_weight=98027.258494472131 1371.9119642674923 7770.718465404585 32626.270929928869 2002.2923443671316 1807.8867104854435 222.50159204006195 3240.1542026139796 8246.5426919702441 15199.876525446773 2101.495734706521 3298.5375699996948 7732.6194751448929 6432.0747964084148 7503.8577767405659
leaf_count=55182 2052 11616 25026 1376 425 30 4528 52005 7405 3020 190 9665 1830 23234
internal_value=3.75192e-06 -0.00115019 0.000966571 0.00639522 0.00435594 -0.00207527 0.00735673 0.00831542 -0.00212987 0.000266185 0.0068439 -0.000592367 0.00638077 0.00894742
internal_weight=197584 170789 51939.8 11580.9 9578.61 118850 26794.5 23554.4 118627 20599.9 5400.03 40358.9 15307.8 8875.77
internal_count=197584 113935 48108 13417 12041 65827 83649 79121 65797 10615 3210 34691 27116 25286
is_linear=0
shrinkage=0.05


Tree=22
num_leaves=15
num_cat=0
split_feature=49 17 32 25 0 22 24 49 41 27 28 43 27 48
split_gain=605.313 127.164 78.9862 83.766 71.4598 66.5099 67.637 65.8046 58.9129 108.997 139.565 67.5439 56.9933 71.5694
threshold=0.34834691882133489 0.039230769500136382 4.8374145030975351 0.010711415205150844 0.016261236742138866 6.7702026367187509 0.82311832904815685 0.015602658502757551 0.58571431040763866 5.4868674278259286 3.6242519617080693 6.0509114265441903 6.3288288116455087 0.67783135175704967
decision_type=2 2 2 2 2 2 2 2 2 2 2 2 2 2
left_child=1 2 8 -4 7 -2 -7 -3 -1 11 -11 -10 -5 -14
right_child=5 4 3 12 -6 6 -8 -9 9 10 -12 -13 13 -15
leaf_value=-0.0026387268949943903 0.013016519447674544 -0.0018609279960101783 -0.0019052505166162654 0.011358966465082275 0.012104794752237771 0.0035766128695150102 0.0090657481046090213 0.0032270714568742977 -0.0027755247564775556 -0.0021540341966293729 0.012596026706424996 0.0082551981353663033 0.0058943203342077359 -0.0084998846662632573
leaf_weight=102348.59346212447 3906.6938426271081 10133.620939146727 7584.0712395124137 2694.9333708137274 1620.7992280069739 12981.588008731604 9906.2595806419849 17008.283591734245 17002.97831171751 3016.5932492315769 3407.9569234848022 1501.3708922863007 3313.0867399275303 1157.1698940098286
leaf_count=49333 66470 4912 10326 22587 411 9889 7290 11364 9663 4149 202 151 645 192
internal_value=3.77482e-06 -0.00109251 -0.00170648 0.0017564 0.00193875 0.00698933 0.00595533 0.00132745 -0.00210788 7.1776e-05 0.00567768 -0.00187656 0.00562937 0.00215758
internal_weight=197584 170789 142027 14749.3 28762.7 26794.5 22887.8 27141.9 127277 24928.9 6424.55 18504.3 7165.19 4470.26
internal_count=197584 113935 97248 33750 16687 83649 17179 16276 63498 14165 4351 9814 23424 837
is_linear=0
shrinkage=0.05


Tree=23
num_leaves=15
num_cat=0
split_feature=29 0 49 47 48 22 2 43 49 45 45 32 41 24
split_gain=553.437 123.649 85.2645 76.0596 143.55 81.4476 69.9438 54.4358 55.1463 48.4875 48.3164 65.0761 127.073 80.9138
threshold=0.58760038018226635 0.010582306887954475 0.2635644674301148 6.1913387775421151 0.77321779727935802 6.7984981536865243 0.013245614245533945 4.2555875778198251 0.041049316525459296 0.0042649910319596538 0.0061738044023513803 4.0859410762786874 0.65151515603065502 0.17409601062536242
decision_type=2 2 2 2 2 2 2 2 2 2 2 2 2 2
left_child=1 2 10 -2 5 -5 -3 8 -8 -4 11 -1 13 -13
right_child=3 6 9 4 -6 -7 7 -9 -10 -11 -12 12 -14 -15
leaf_value=-0.0020773733076023008 0.0098255322365891767 0.00047974999785906194 0.0044810303937284244 -0.005511431013507144 -0.0016942464790424565 0.010408357934370444 0.0026361685129911282 -0.0017160996702218002 0.012506736334719732 -0.0029536834615268748 -0.004493064734445845 -0.0024843137536581339 0.0093240281482206543 0.0068197255986961972
leaf_weight=100827.83119532466 11737.433203767985 16221.982796633616 8560.7865939028561 898.02756744623184 5744.5438912510872 7191.9548125267029 2370.8679280132055 1649.5879395604134 3524.1380989253521 2939.2605287320912 15884.587285647169 13463.38531232439 3752.3666139990091 2817.2455059420317
leaf_count=38392 75858 9540 16186 530 1432 1382 758 1725 949 4326 20429 16160 755 9162
internal_value=3.73603e-06 -0.00101669 -0.00155346 0.00686543 0.00434875 0.00863656 0.0023307 0.00630463 0.00854815 0.0025799 -0.00190123 -0.00156025 0.00104223 -0.000871119
internal_weight=197584 172012 148245 25572 13834.5 8089.98 23766.6 7544.59 5895.01 11500 136745 120861 20033 16280.6
internal_count=197584 118382 105410 79202 3344 1912 12972 3432 1707 20512 84898 64469 26077 25322
is_linear=0
shrinkage=0.05


Tree=24
num_leaves=15
num_cat=0
split_feature=49 3 49 48 36 30 35 3 22 32 32 47 42 36
split_gain=500.141 110.226 89.7753 123.936 70.7024 58.9228 56.4762 53.9095 53.0603 57.2551 64.8061 48.1299 45.9822 120.874
threshold=0.34834691882133489 0.015268065501004459 0.069241378456354155 0.56994566321372997 0.67212137579917919 0.0058275973424315461 0.015923426486551765 0.011299795936793091 6.8007264137268075 4.0859410762786874 4.3026020526885995 4.2483932971954355 1.0000000180025095e-35 0.26149776577949529
decision_type=2 2 2 2 2 2 2 2 2 2 2 2 2 2
left_child=1 2 12 4 7 6 -2 8 9 -4 -11 -3 -1 -14
right_child=5 11 3 -5 -6 -7 -8 -9 -10 10 -12 -13 13 -15
leaf_value=-0.0025090484400734792 0.005375688412334087 0.011945199545401693 -0.0018896282166236827 -0.00066172922365905504 0.014376286195261254 3.1328288048484474e-05 0.010479649160759405 0.014417081863901629 -0.0024988567016997255 0.033030801909798117 0.0077594452659575141 0.0014829076198462094 0.010353488972458504 -0.001214345978329472
leaf_weight=89170.015798894688 15047.553330758587 2233.1804820299149 1364.6252806931734 39945.044885914773 1851.5952044203877 3240.1542026139796 8506.8338986281306 989.17634290456772 3386.4641394615173 283.27456665039062 1979.254098886624 2161.942828334868 2472.853910818696 24952.030302986503
leaf_count=50493 26768 630 950 35344 402 4528 52353 1068 317 8 9120 1235 137 14231
internal_value=3.6392e-06 -0.000992865 -0.00119947 0.000577529 0.00559648 0.0063534 0.00722269 0.0035497 0.00199866 0.00619305 0.0110549 0.00681389 -0.00195844 -0.000167901
internal_weight=197584 170789 166394 49799.4 9854.39 26794.5 23554.4 8002.79 7013.62 3627.15 2262.53 4395.12 116595 27424.9
internal_count=197584 113935 112070 47209 11865 83649 79121 11463 10395 10078 9128 1865 64861 14368
is_linear=0
shrinkage=0.05


Tree=25
num_leaves=15
num_cat=0
split_feature=29 0 31 27 48 37 44 36 2 43 47 49 24 42
split_gain=452.477 107.833 77.017 75.0193 86.9261 96.2129 70.0134 68.097 58.7308 49.3781 48.7167 48.1926 44.0968 42.3685
threshold=0.63078710436820995 0.010582306887954475 0.80021008849143993 6.3162615299224862 0.83482980728149425 1.0000000180025095e-35 0.099329702556133284 0.59299960732460033 0.013245614245533945 4.2555875778198251 3.9015133380889897 0.041049316525459296 0.82311832904815685 1.0000000180025095e-35
decision_type=2 2 2 2 2 2 2 2 2 2 2 2 2 2
left_child=1 2 -1 -2 7 -6 -4 12 13 10 -10 -12 -5 -3
right_child=3 8 6 4 5 -7 -8 -9 9 -11 11 -13 -14 -15
leaf_value=-0.0019630726456364178 0.010409574596630514 -0.00087975744063688603 -0.0017363572366765033 -0.0017744830622343569 0.0081181647366360184 -0.0037013340163083424 0.0031578804826073374 0.011432799090819928 -0.0051383741252878888 -0.0017234710441683663 0.0036351899763264689 0.013414022589764794 0.0086202072407751389 0.005143391610244674
leaf_weight=119659.65595238283 7751.6435505952686 12502.886373978108 13588.967102199793 2290.9987722635269 2647.815798997879 4878.9279409050941 15785.262642487884 5270.0823980569839 625.1600453555584 1673.6631174441427 2093.6287638694048 3191.3514309227467 1825.5329622924328 3798.4224222451448
leaf_count=86943 69456 7763 11714 706 950 1742 10720 1408 365 1760 579 772 577 2129
internal_value=3.71149e-06 -0.000900073 -0.00139995 0.00633768 0.00446642 0.000461875 0.000893911 0.00767358 0.00221822 0.00585012 0.00799414 0.00955435 0.00284491 0.000526009
internal_weight=197584 172919 149034 24665 16913.4 7526.74 29374.2 9386.61 23885.1 7583.8 5910.14 5284.98 4116.53 16301.3
internal_count=197584 122745 109377 74839 5383 2692 22434 2691 13368 3476 1716 1351 1283 9892
is_linear=0
shrinkage=0.05


Tree=26
num_leaves=15
num_cat=0
split_feature=49 1 32 25 27 48 36 22 24 47 47 41 15 45
split_gain=416.628 98.5537 82.0987 77.6743 66.1815 67.6519 67.6524 53.0983 56.6843 51.2218 69.9459 104.084 74.3519 48.4474
threshold=0.34834691882133489 0.011173533275723459 4.8374145030975351 0.010711415205150844 6.3288288116455087 0.67783135175704967 0.70511272549629223 6.7702026367187509 0.80767771601676952 3.9015133380889897 4.2193996906280526 0.34848485887050634 0.055975418537855155 0.0061738044023513803
decision_type=2 2 2 2 2 2 2 2 2 2 2 2 2 2
left_child=1 2 13 -4 -5 6 -6 -2 -9 -3 12 -12 -11 -1
right_child=7 9 3 4 5 -7 -8 8 -10 10 11 -13 -14 -15
leaf_value=-0.0013868556088161221 0.011183475461814953 -0.004919220891113997 -0.0014599582461247854 0.011657073124821907 0.00097360905473217187 -0.0081834812591232327 0.015339178304614794 0.0023582488394694569 0.0073370684419064372 0.0025140712149534492 0.024160218931441033 4.8704531660910453e-05 0.013421723711315567 -0.0042232640591596798
leaf_weight=117115.70808655024 3906.6938426271081 2170.1503817588091 7849.2000612989068 2838.1637027878314 2693.8087528944016 1203.1892249882221 1168.8675374984741 11325.451205432415 11562.396383941174 3457.4766266345978 455.3597034662962 11718.337227473035 2848.9798848032951 17270.216651841998
leaf_count=44993 66470 1217 10251 24036 582 198 164 8424 8755 941 91 9105 529 21828
internal_value=3.6449e-06 -0.000905865 -0.00135133 0.00206267 0.00555829 0.00212519 0.00534909 0.00579907 0.00487554 0.00233199 0.00318571 0.000969691 0.00745512 -0.00175166
internal_weight=197584 170789 150139 15753.2 7904.03 5065.87 3862.68 26794.5 22887.8 20650.3 18480.2 12173.7 6306.46 134386
internal_count=197584 113935 102052 35231 24980 944 746 83649 17179 11883 10666 9196 1470 66821
is_linear=0
shrinkage=0.05


Tree=27
num_leaves=15
num_cat=0
split_feature=49 17 49 48 3 45 28 30 49 48 36 29 39 35
split_gain=376.037 90.0191 56.9074 56.9759 64.2992 50.4566 49.5342 49.4321 55.8155 48.6285 47.6302 45.9799 44.9738 44.8143
threshold=0.34834691882133489 0.029857398010790352 0.015602658502757551 0.60089999437332164 0.013072453904896976 0.0069702973123639831 2.4414010047912602 0.011547701898962261 0.10581326112151147 0.66969117522239696 0.6900656819343568 0.1983800679445267 0.25998942553997045 0.016132541932165626
decision_type=2 2 2 2 2 2 2 2 2 2 2 2 2 2
left_child=1 6 -3 4 11 13 -1 8 -8 10 -10 -4 -5 -2
right_child=5 2 3 12 -6 -7 7 -9 9 -11 -12 -13 -14 -15
leaf_value=-0.00301940928471006 0.0045303922299384488 -0.0011477885113427874 -0.001440163551299879 0.0026961178327972344 0.01340585467652545 -0.0014256077340511874 -0.0012073375484927707 -0.0046600092723201479 0.0027830890633213715 0.00010371937209065878 0.01262415332773578 0.0081530607354912167 -0.002689754330903453 0.0089661822037261241
leaf_weight=38652.925270006061 15306.240853840485 16759.304755007848 2581.2598297633231 13380.123524954543 2227.5687500014901 2385.5649649593979 63509.047096064314 7864.448955655098 4288.0747484080493 11956.6077308245 1718.5674804802984 2405.5271771065891 5446.0025237239897 9102.7356132008135
leaf_count=13281 27072 8071 987 9364 1093 3595 39892 11951 10073 12183 366 3101 3573 52982
internal_value=3.63678e-06 -0.000860432 0.00112444 0.0025867 0.00636162 0.00550951 -0.00152421 -0.000877023 -0.000511327 0.00194872 0.00561503 0.00319447 0.0011375 0.00618761
internal_weight=197584 170789 42799.8 26040.5 7214.36 26794.5 127990 89336.7 81472.3 17963.2 6006.64 4986.79 18826.1 24409
internal_count=197584 113935 26189 18118 5181 83649 87746 74465 62514 22622 10439 4088 12937 80054
is_linear=0
shrinkage=0.05


Tree=28
num_leaves=15
num_cat=0
split_feature=49 0 29 45 42 51 32 30 37 25 22 36 3 22
split_gain=339.39 83.4801 70.3401 59.7934 69.8673 93.2051 77.8549 93.3941 68.3547 54.3364 50.638 53.855 47.938 47.3124
threshold=0.34834691882133489 0.015749008394777778 0.039710352197289474 0.016486648470163349 1.0000000180025095e-35 1.0000000180025095e-35 4.0859410762786874 0.0047643799334764489 0.89587974548339855 0.020257764495909217 6.7929053306579599 0.60576924681663524 0.0096620614640414732 6.7702026367187509
decision_type=2 2 2 2 2 2 2 2 2 2 2 2 2 2
left_child=1 2 -1 4 5 10 7 -6 -9 -7 11 -4 -13 -2
right_child=13 -3 3 -5 6 9 -8 8 -10 -11 -12 12 -14 -15
leaf_value=-0.0021948576904205854 0.010316381044379506 0.0073082133301188446 -0.0039246263103948058 -0.0038750951136903643 -0.00058473797768260761 0.0013968322795027302 0.012695708941735613 0.00041350858148722012 0.01217797046039776 0.0085738980144753132 -0.0020889106248269348 0.0028141103034349038 0.014954131702945947 0.0043626732311269007
leaf_weight=68827.477772925049 3906.6938426271081 3093.6511449273676 2193.1414575129747 9533.4364675730467 11425.801087364554 15014.677588269114 1862.0720592439175 2045.6180074959993 3107.4841537326574 3190.6040176395327 45850.819682300091 3601.7278174012899 1042.9465856105089 22887.847589373589
leaf_count=39344 66470 1162 4901 13605 6044 12771 217 713 384 20267 9696 3915 916 17179
internal_value=3.55029e-06 -0.000817335 -0.000967662 -0.000113211 0.00028863 -0.000424622 0.00302938 0.0019367 0.0075177 0.00265868 -0.00149028 0.00252098 0.00556638 0.00523426
internal_weight=197584 170789 167696 98868.3 89334.9 70893.9 18441 16578.9 5153.1 18205.3 52688.6 6837.82 4644.67 26794.5
internal_count=197584 113935 112773 73429 59824 52466 7358 7141 1097 33038 19428 9732 4831 83649
is_linear=0
shrinkage=0.05


Tree=29
num_leaves=15
num_cat=0
split_feature=29 0 27 48 37 36 28 45 23 35 41 22 48 42
split_gain=308.818 83.0253 59.1852 76.5302 82.5673 59.2002 58.1451 60.2498 73.456 57.5076 52.818 91.3612 101.206 44.1307
threshold=0.63078710436820995 0.009569597430527212 6.3162615299224862 0.83482980728149425 1.0000000180025095e-35 0.56021979451179515 2.4414010047912602 0.0069702973123639831 6.1643662452697763 0.019605739973485473 0.58571431040763866 6.7996129989624032 0.7751741111278535 1.0000000180025095e-35
decision_type=2 2 2 2 2 2 2 2 2 2 2 2 2 2
left_child=1 6 -2 5 -5 -4 -1 8 10 -10 -8 -12 -13 -3
right_child=2 13 3 4 -6 -7 7 -9 9 -11 11 12 -14 -15
leaf_value=-0.0028133387231802937 0.0088526442121961701 0.00049863609638990658 0.0020422628438182887 0.0069113417161792666 -0.0040379237122289352 0.010056702579401538 -0.0012534797625215074 -0.003733771711498276 0.0021888300271745453 0.012286111043470516 -0.001081554394592387 0.016920474869549198 0.0026533786835901164 0.0048359013472573575
leaf_weight=41986.646706849337 7751.6435505952686 22720.252344179899 4074.3334952294827 2647.815798997879 4878.9279409050941 5312.280637383461 62752.523215249181 13274.139772864059 7208.2054778337479 1745.1068779528141 9321.0148958861828 1746.6667861938477 4267.7920122146606 7896.6497616618872
leaf_count=14567 69456 13720 1277 950 1742 1414 57781 20233 4702 751 6767 15 354 3855
internal_value=3.53054e-06 -0.000743122 0.00523627 0.00357458 -0.000182047 0.00658385 -0.00125131 -0.00059732 -0.000118625 0.00416842 -0.000610634 0.00201898 0.00681791 0.00161851
internal_weight=197584 172919 24665 16913.4 7526.74 9386.61 142302 100315 87041.3 8953.31 78088 15335.5 6014.46 30616.9
internal_count=197584 122745 74839 5383 2692 2691 105170 90603 70370 5453 64917 7136 369 17575
is_linear=0
shrinkage=0.05


Tree=30
num_leaves=15
num_cat=0
split_feature=49 1 31 30 20 47 47 41 15 22 35 32 32 50
split_gain=283.231 77.5968 56.6668 53.1695 65.9025 45.4539 60.9593 87.8987 60.1275 43.6054 43.1839 58.7847 44.7116 49.4996
threshold=0.34834691882133489 0.011173533275723459 0.80021008849143993 0.011547701898962261 0.0078936475329101103 3.9015133380889897 4.2193996906280526 0.34848485887050634 0.055975418537855155 6.5494942665100107 0.015923426486551765 3.4175922870635991 6.1601512432098398 0.043578749522566802
decision_type=2 2 2 2 2 2 2 2 2 2 2 2 2 2
left_child=1 2 9 4 -4 -3 8 -8 -7 -1 11 -2 13 -13
right_child=10 5 3 -5 -6 6 7 -9 -10 -11 -12 12 -14 -15
leaf_value=0.011621225142583892 -0.0052305598717882632 -0.0047040006496770767 -0.0013936682637953495 -0.0054674228118840491 0.0035897446787411733 0.0024724750222942385 0.022173455390049376 1.5810990979444882e-05 0.012282350123276211 -0.0016980340568376101 0.0073730350788302063 0.0076585790497475928 0.0010432643254534302 -0.0067031105038787304
leaf_weight=607.83037483505905 1823.306494385004 2170.1503817588091 11444.487450048327 3040.9083513766527 15759.920312862843 3457.4766266345978 455.3597034662962 11718.337227473035 2848.9798848032951 119286.00752873719 10046.529538853094 8010.6139374263585 6273.1549029052258 640.93655843101442
leaf_count=23977 2183 1217 9185 3382 6396 941 91 9105 529 59112 54111 24088 1789 1478
internal_value=3.49147e-06 -0.000746409 -0.00114169 0.000792113 0.00149356 0.00212663 0.00293087 0.000862141 0.00691657 -0.00162955 0.00478188 0.00322407 0.00425976 0.00658811
internal_weight=197584 170789 150139 30245.3 27204.4 20650.3 18480.2 12173.7 6306.46 119894 26794.5 16748 14924.7 8651.55
internal_count=197584 113935 102052 18963 15581 11883 10666 9196 1470 83089 83649 29538 27355 25566
is_linear=0
shrinkage=0.05


Tree=31
num_leaves=15
num_cat=0
split_feature=49 1 31 30 20 22 41 48 37 47 47 41 0 37
split_gain=255.612 70.0653 51.1375 47.9991 59.4814 43.1302 56.1655 64.4014 78.6395 41.0457 55.0206 79.5082 54.7546 57.568
threshold=0.34834691882133489 0.011173533275723459 0.80021008849143993 0.011547701898962261 0.0078936475329101103 6.7917830944061288 0.77500000596046459 0.67642995715141307 1.2424533367156985 3.9015133380889897 4.2193996906280526 0.34848485887050634 0.010811126790940763 1.2424533367156985
decision_type=2 2 2 2 2 2 2 2 2 2 2 2 2 2
left_child=1 2 -1 4 -4 -6 7 8 -7 -3 12 -12 -11 -14
right_child=-2 9 3 -5 5 6 -8 -9 -10 10 11 -13 13 -15
leaf_value=-0.0015480266668139214 0.0045428640417818147 -0.0044698794721708159 -0.0013240457365807749 -0.0051949476956331198 0.0093633433486864422 -0.0010868298264978299 0.015290476630324762 -0.0021569991453731785 0.010173279500122485 0.001410024875252729 0.021088606372123089 1.5021147697107275e-05 0.014132739196059896 -0.0015227632160464851
leaf_weight=119893.83790357225 26794.541432000697 2170.1503817588091 11444.487450048327 3040.9083513766527 2541.5709060244262 2851.8406974077225 768.37071573734283 6214.4564934968948 3383.6815001964569 2836.3608084917068 455.3597034662962 11718.337227473035 2724.6524005532265 745.44330239295959
leaf_count=83089 83649 1217 9185 3382 3827 592 119 1301 557 785 91 9105 479 206
internal_value=3.42579e-06 -0.000708975 -0.00108458 0.000752453 0.00141892 0.00341037 0.00225954 0.00144369 0.00502993 0.00202108 0.00278533 0.000819945 0.00657191 0.0107749
internal_weight=197584 170789 150139 30245.3 27204.4 15759.9 13218.3 12450 6235.52 20650.3 18480.2 12173.7 6306.46 3470.1
internal_count=197584 113935 102052 18963 15581 6396 2569 2450 1149 11883 10666 9196 1470 685
is_linear=0
shrinkage=0.05


Tree=32
num_leaves=15
num_cat=0
split_feature=24 22 45 49 26 3 42 32 22 0 30 43 41 22
split_gain=233.549 95.8781 69.3723 81.7075 52.5708 52.4818 46.8493 91.8546 75.2908 53.0862 49.5143 46.6093 56.9977 52.9713
threshold=0.78643503785133373 6.5494942665100107 0.0081805675290524977 0.071080300956964507 0.94894027709960949 0.016261236742138866 1.0000000180025095e-35 4.0859410762786874 6.8007264137268075 0.016261236742138866 0.0047643799334764489 3.5694335699081425 0.34848485887050634 6.8007264137268075
decision_type=2 2 2 2 2 2 2 2 2 2 2 2 2 2
left_child=1 -1 3 4 6 11 -3 9 -9 10 -8 -5 -13 -14
right_child=-2 2 -4 5 -6 -7 7 8 -10 -11 -12 12 13 -15
leaf_value=0.0099753155844558173 0.0052658420760560336 -0.0017071175467686184 -0.0035129984933977287 -0.0049370419898093704 0.021970212065713313 0.013211520535983942 -0.0020296216983585152 -0.0052660839873627987 0.010850143248314072 0.021739300414998237 0.0049547613969559007 0.016249966043311817 0.0025938920935723812 -0.0010404351320087042
leaf_weight=2124.5591387711465 19040.917686849833 84346.000477284193 19307.79354916513 2951.5429138243198 236.38652160763741 907.56667229533195 16416.517019882798 915.11163595318794 3380.6020851135254 251.24928398430347 2991.425575196743 639.07282130420208 28665.998901709914 15409.254991054535
leaf_count=83148 17403 36326 25051 1665 81 108 7393 1118 199 14 538 111 22526 1903
internal_value=3.40307e-06 -0.000558079 -0.000685488 -0.000337805 -0.00110058 0.00136648 -0.00115296 0.000798163 0.00741266 -0.000650199 -0.000951093 0.00113822 0.00154026 0.00132334
internal_weight=197584 178543 176419 157111 108537 48573.4 108301 23954.9 4295.71 19659.2 19407.9 47665.9 44714.3 44075.3
internal_count=197584 180181 97033 71982 45669 26313 45588 9262 1317 7945 7931 26205 24540 24429
is_linear=0
shrinkage=0.05


Tree=33
num_leaves=15
num_cat=0
split_feature=29 0 28 45 50 47 27 48 37 22 23 47 30 41
split_gain=210.828 64.5334 47.5475 48.1829 58.8847 49.3742 47.2791 70.3579 64.2742 52.1324 41.6946 38.1448 52.8507 37.1401
threshold=0.63078710436820995 0.009569597430527212 2.4414010047912602 0.0069702973123639831 0.086615815758705153 4.2972624301910409 6.3162615299224862 0.77321779727935802 1.0000000180025095e-35 6.7984981536865243 6.1643662452697763 4.3502571582794198 0.00050445456872694205 0.58571431040763866
decision_type=2 2 2 2 2 2 2 2 2 2 2 2 2 2
left_child=1 2 -1 4 10 -6 -2 9 -9 -8 13 -12 -13 -4
right_child=6 -3 3 -5 5 -7 7 8 -10 -11 11 12 -14 -15
leaf_value=-0.0024740233161522776 0.0075589483353495981 0.0014686155343558505 -0.00107705860016614 -0.0032749488463415122 -0.0057870726427905819 0.020030612208167934 -0.0044038659272958016 0.0057485372688769075 -0.0037050726203223167 0.0073346165784041132 -0.003404743543870329 0.0010975314173021682 0.0099793079603886729 0.0016998020369323515
leaf_weight=41986.646706849337 7751.6435505952686 30616.902105841786 62585.850103924051 13274.139772864059 254.26396307349205 636.30200680159032 1069.6550071239471 2692.9605245888233 5360.3082151412964 7790.43412566185 1777.0536927729845 4026.5829622745514 2861.2760689258575 14899.980467557907
leaf_count=14567 69456 17575 57311 20233 119 712 639 971 2232 1541 1996 2666 558 7008
internal_value=3.45639e-06 -0.000613466 -0.00106151 -0.000470116 -4.20408e-05 0.012677 0.00432701 0.00284218 -0.000540638 0.00591409 -0.000174978 0.00311233 0.00479622 -0.000542937
internal_weight=197584 172919 142302 100315 87041.3 890.566 24665 16913.4 8053.27 8860.09 86150.7 8664.91 6887.86 77485.8
internal_count=197584 122745 105170 90603 70370 831 74839 5383 3203 2180 69539 5220 3224 64319
is_linear=0
shrinkage=0.05


Tree=34
num_leaves=15
num_cat=0
split_feature=24 22 1 31 35 47 47 41 15 37 45 31 50 26
split_gain=195.803 82.1287 59.6086 53.7253 39.9172 38.1316 51.1288 73.1795 57.6835 45.1331 35.6478 40.6725 53.2605 33.3826
threshold=0.78643503785133373 6.5494942665100107 0.011173533275723459 0.80021008849143993 0.015923426486551765 3.9015133380889897 4.2972624301910409 0.34848485887050634 0.055975418537855155 3.2769666910171513 0.0029069237643852834 0.87765976786613475 0.046049339696764953 0.95797204971313488
decision_type=2 2 2 2 2 2 2 2 2 2 2 2 2 2
left_child=1 -1 3 -3 13 -4 8 -8 -7 -10 11 12 -6 -5
right_child=-2 2 5 4 10 6 7 -9 9 -11 -12 -13 -14 -15
leaf_value=0.0092381598698751243 0.0048218098356913354 -0.0014667071910809803 -0.0043498496717898454 -0.0003514709908297642 0.0014817696433711272 0.0019069269172838224 0.019834701262544701 -0.00053737083430908483 0.012553376572990813 -0.0042395205374648661 -0.00067036965161334421 0.012632458323493924 0.022665147960210737 0.020650683048425243
leaf_weight=2124.5591387711465 19040.917686849833 120633.4058778435 2211.5534433275461 25872.671266958117 3508.3507047593594 4680.8102678656578 450.26651705801487 10423.747489780188 3065.3686281740665 454.99449408054352 2955.8519926071167 1666.562355324626 314.34020465612411 180.59920594096184
leaf_count=83148 17403 60089 1232 20392 2228 1828 75 6661 828 162 2329 933 230 46
internal_value=3.36149e-06 -0.000510748 -0.000628669 -0.00096914 0.000770668 0.00185188 0.0025728 0.000323636 0.00555097 0.0103771 0.00375578 0.00613605 0.00327827 -0.000198018
internal_weight=197584 178543 176419 155132 34498.4 21286.7 19075.2 10874 8201.17 3520.36 8445.11 5489.25 3822.69 26053.3
internal_count=197584 180181 97033 86247 26158 10786 9554 6736 2818 990 5720 3391 2458 20438
is_linear=0
shrinkage=0.05


Tree=35
num_leaves=15
num_cat=0
split_feature=24 22 45 3 49 42 32 22 17 46 43 41 22 48
split_gain=176.703 74.1518 57.5402 69.4678 56.1386 43.1628 79.7803 66.3097 50.387 44.2574 40.873 50.7645 36.8376 38.5907
threshold=0.78643503785133373 6.5494942665100107 0.0081805675290524977 0.015268065501004459 0.069241378456354155 1.0000000180025095e-35 4.0859410762786874 6.8007264137268075 0.080128207802772536 0.52682712674140941 3.5694335699081425 0.34848485887050634 6.8007264137268075 0.5658884346485139
decision_type=2 2 2 2 2 2 2 2 2 2 2 2 2 2
left_child=1 -1 3 4 5 -3 8 -8 9 -7 -6 -12 13 -13
right_child=-2 2 -4 -5 10 6 7 -9 -10 -11 11 12 -14 -15
leaf_value=0.0087784161124723654 0.0045808459393997039 -0.0016331438139769229 -0.0031721240232965397 0.0063028446282870883 -0.0047024655171516456 0.0079344601448431886 -0.0049484804766811025 0.010248799101606712 0.019800073974455591 -0.0015448340983613181 0.015290917142888161 0.0074494650041165835 -0.00081909049524153004 0.0015674000456845872
leaf_weight=2124.5591387711465 19040.917686849833 81999.603150501847 19307.79354916513 3897.6513414233923 2960.9632025659084 1313.167820289731 907.29518726468086 3335.010687828064 288.94088597595692 17748.406577140093 634.05784903466702 3122.7405571490526 15423.064366817474 25479.827273219824
leaf_count=83148 17403 35591 25051 1138 1697 96 1106 194 43 7681 107 1025 1902 21402
internal_value=3.43171e-06 -0.000484961 -0.000597008 -0.000280363 -0.000448236 -0.00109095 0.000793422 0.00699459 -0.000568999 -0.00088798 0.000976814 0.00135432 0.00115018 0.00221196
internal_weight=197584 178543 176419 157111 153213 105592 23592.8 4242.31 19350.5 19061.6 47620.7 44659.7 44025.6 28602.6
internal_count=197584 180181 97033 71982 70844 44711 9120 1300 7820 7777 26133 24436 24329 22427
is_linear=0
shrinkage=0.05


Tree=36
num_leaves=15
num_cat=0
split_feature=49 17 49 50 43 41 47 44 35 32 43 21 17 44
split_gain=160.811 52.3937 39.3241 38.5222 39.5323 50.0355 67.3435 34.2708 42.8783 60.6043 43.4708 34.0527 36.8862 31.5016
threshold=0.34834691882133489 0.029857398010790352 0.015602658502757551 0.029927502386271957 3.5694335699081425 0.34848485887050634 4.182021141052247 0.90522506833076488 0.067256763577461257 3.4175922870635991 4.686739683151246 0.75658926367759716 0.087121214717626586 0.013626075349748136
decision_type=2 2 2 2 2 2 2 2 2 2 2 2 2 2
left_child=1 13 11 4 -4 -6 -7 8 9 -2 -11 12 -3 -1
right_child=7 2 3 -5 5 6 -8 -9 -10 10 -12 -13 -14 -15
leaf_value=-0.0025284239598693937 -0.0052870088567650584 0.0026483679389064495 -0.0028687757803651992 -0.0038214832844280402 0.016964510536478745 0.013052238886936674 0.0022412629977720715 0.0063110605359749106 0.013722002787083533 0.0074126945306474921 0.0014516092982909358 -0.0017661652012806437 0.023480399805508402 -0.00064664365422289116
leaf_weight=28649.833261987194 2504.0370585024357 1765.7114437483251 2727.3187933415174 2425.405412197113 660.71886868774891 1551.7507784962654 18675.28795282729 8134.4790209531784 793.51929391175508 4207.2020764555782 11155.303982177749 14761.425307435915 232.16800382360816 99339.838019451126
leaf_count=17392 2919 1112 1592 3158 123 440 12805 7824 867 52971 19068 6921 38 70354
internal_value=3.42495e-06 -0.000561631 0.000952632 0.00216817 0.0027847 0.00352389 0.00307668 0.00360398 0.00242113 0.00191182 0.00308788 -0.000936225 0.00517408 -0.00106804
internal_weight=197584 170789 42799.8 26040.5 23615.1 20887.8 20227 26794.5 18660.1 17866.5 15362.5 16759.3 1997.88 127990
internal_count=197584 113935 26189 18118 14960 13368 13245 83649 75825 74958 72039 8071 1150 87746
is_linear=0
shrinkage=0.05


Tree=37
num_leaves=15
num_cat=0
split_feature=49 45 26 48 36 33 24 45 33 32 50 32 50 32
split_gain=147.508 70.0103 47.2217 43.633 79.7244 53.6066 74.5983 50.5554 43.6328 51.3767 38.3818 37.4224 98.9803 51.271
threshold=0.10896219313144685 0.0069702973123639831 0.95797204971313488 0.67642995715141307 0.83801847696304332 0.89587974548339855 0.20712897926568988 0.00025384918262716388 1.0000000180025095e-35 4.0859410762786874 0.089499071240425124 3.4498615264892583 0.086615815758705153 3.5686391592025761
decision_type=2 2 2 2 2 2 2 2 2 2 2 2 2 2
left_child=2 3 -1 5 11 7 -7 -2 9 -9 -3 12 -5 -13
right_child=1 10 -4 4 -6 6 -8 8 -10 -11 -12 13 -14 -15
leaf_value=-0.00096635961429533679 -0.0051383847833828154 -0.00095650642921808076 0.021502128511075063 -0.0011758154772782586 -0.0036377291561192748 -0.00042369864656512297 0.012808093625467386 -0.0050397217698403968 -0.002342133826721225 0.009457376428282125 -0.011026198231219924 0.011525794580357254 0.017072331449631939 0.0031211287180687875
leaf_weight=134712.8334858641 1673.2312985863537 7116.6637113206089 224.27205801010132 9680.7876915037632 5680.9882668945938 1482.7192624844611 3767.156789207831 720.40917637944221 1641.2358658015728 3825.8662400096655 1081.8956429306418 1960.6837692260742 794.82344257831573 23220.432573199272
leaf_count=76198 564 9217 31 5759 3110 406 1093 754 1667 38663 1395 262 378 58087
internal_value=3.43175e-06 0.00200826 -0.000927425 0.00265685 0.00185892 0.00516937 0.00907735 0.00255118 0.00463553 0.00715413 -0.00229713 0.00273545 0.0002237 0.00377986
internal_weight=197584 62646.9 134937 54448.3 41337.7 13110.6 5249.88 7860.74 6187.51 4546.28 8198.56 35656.7 10475.6 25181.1
internal_count=197584 121355 76229 110743 67596 43147 1499 41648 41084 39417 10612 64486 6137 58349
is_linear=0
shrinkage=0.05


Tree=38
num_leaves=15
num_cat=0
split_feature=24 22 31 45 0 20 42 22 37 31 25 32 36 35
split_gain=134.875 58.9326 49.6785 49.5517 56.6504 53.1768 43.4368 59.1661 90.6816 43.9907 38.7814 32.0523 37.9045 69.1972
threshold=0.78643503785133373 6.5494942665100107 0.65207335352897655 0.0081805675290524977 0.016261236742138866 0.0082070180214941519 1.0000000180025095e-35 6.7996129989624032 0.89587974548339855 0.87765976786613475 0.0029154502553865318 2.8029010295867924 0.26149776577949529 0.0013476061867550018
decision_type=2 2 2 2 2 2 2 2 2 2 2 2 2 2
left_child=1 -1 -3 4 5 11 9 -8 -9 -7 -11 -4 13 -13
right_child=-2 2 3 -5 -6 6 7 8 -10 10 -12 12 -14 -15
leaf_value=0.0078348953715062005 0.0040024860443959266 -0.0019424225410177719 -0.0022878108291958486 -0.0029615453101162533 0.010598190428687676 -2.5808355234993305e-05 0.00073483851171521342 0.00065971549492434322 0.013891907618145825 0.021859230647694305 0.0037982617719813268 0.013516846919433972 -0.00035282163546736711 -0.0022944590720549358
leaf_weight=2124.5591387711465 19040.917686849833 45681.93551582098 22645.85636651516 12951.011027663946 1309.3675377219915 34893.30402547121 5993.0305566042662 2332.9545125961304 2902.5053958892822 307.36957630515099 4862.2397621870041 1389.170624256134 39785.619056418538 1364.1584909260273
leaf_count=83148 17403 32655 3704 14698 160 15228 3216 262 96 85 3162 74 23486 207
internal_value=3.37345e-06 -0.000423316 -0.000523206 -2.71935e-05 0.000295675 0.000178959 0.0013832 0.0041302 0.00800806 0.000612451 0.00491224 -0.000768675 4.03928e-05 0.00570306
internal_weight=197584 178543 176419 130737 117786 116476 51291.4 11228.5 5235.46 40062.9 5169.61 65184.8 42538.9 2753.33
internal_count=197584 180181 97033 64378 49680 49520 22049 3574 358 18475 3247 27471 23767 281
is_linear=0
shrinkage=0.05


Tree=39
num_leaves=15
num_cat=0
split_feature=49 45 48 32 47 52 32 33 27 39 44 26 41 50
split_gain=123.129 58.9294 39.4689 85.5888 61.9361 68.1208 49.5895 44.112 56.8632 54.9591 40.9218 38.9966 35.5959 34.3681
threshold=0.10896219313144685 0.0069702973123639831 0.77321779727935802 6.1601512432098398 4.3630783557891855 1.0000000180025095e-35 4.0859410762786874 1.7005987167358401 6.3288288116455087 0.55468299984931957 0.27971252799034124 0.95797204971313488 0.65151515603065502 0.089499071240425124
decision_type=2 2 2 2 2 2 2 2 2 2 2 2 2 2
left_child=11 2 6 4 -4 10 -2 8 -8 -10 -6 -1 -7 -3
right_child=1 13 3 -5 5 12 7 -9 9 -11 -12 -13 -14 -15
leaf_value=-0.00088246771526663483 0.00085957517799307515 -0.00084644610041781474 -0.00021928071670907685 -0.0036706732091601173 0.01257394306162269 -0.0034762356554131485 0.0080609649093247426 0.010784142005222319 -0.0038617826137078725 0.0077113795489605662 0.0050984813556333632 0.019535686478526645 0.0069743792349416609 -0.010374946610774247
leaf_weight=134712.8334858641 7118.6987478882074 7116.6637113206089 11344.659054517746 6681.1584317982197 2241.4603147022426 3216.4762681275606 4709.5057388301939 3566.7114124186337 2914.6735186874866 1570.030038356781 10004.743402324617 224.27205801010132 1080.2174482196569 1081.8956429306418
leaf_count=76198 3406 9217 8296 1690 2856 645 59467 1181 498 388 32168 31 148 1395
internal_value=3.37441e-06 0.00183505 0.0024301 0.00140857 0.0026263 0.00457668 0.00420485 0.00606889 0.00422997 0.000197957 0.00647588 -0.000847087 -0.000838788 -0.00211495
internal_weight=197584 62646.9 54448.3 34568.7 27887.6 16542.9 19879.6 12760.9 9194.21 4484.7 12246.2 134937 4296.69 8198.56
internal_count=197584 121355 110743 45803 44113 35817 64940 61534 60353 886 35024 76229 793 10612
is_linear=0
shrinkage=0.05


Tree=40
num_leaves=15
num_cat=0
split_feature=24 22 15 47 47 48 37 35 45 42 31 36 24 43
split_gain=111.984 48.5545 47.5796 43.9215 63.8157 53.4293 48.8616 37.6657 51.515 47.2528 44.3343 39.8667 35.1716 29.9756
threshold=0.78643503785133373 6.5494942665100107 0.039938932284712798 3.9015133380889897 4.2193996906280526 0.52868646383285534 2.2499048709869389 0.012101958040148022 0.002471415558829904 1.0000000180025095e-35 0.87765976786613475 0.61930641531944286 0.079970967024564757 3.8815106153488164
decision_type=2 2 2 2 2 2 2 2 2 2 2 2 2 2
left_child=1 -1 7 -4 5 13 -7 -3 9 10 -9 12 -11 -5
right_child=-2 2 3 4 -6 6 -8 8 -10 11 -12 -13 -14 -15
leaf_value=0.0071104152226627157 0.0036472997679603196 -0.0012309306149620039 -0.004366146950297886 0.0081794049384537257 0.00057630692890233109 0.0076880100107318472 -0.0039406138949869196 0.00022527779263663164 -0.0012733738647754058 0.0029444526809354983 0.0077092175731736145 0.0013563693837996902 0.017033531191066386 0.026751929870109676
leaf_weight=2124.5591387711465 19040.917686849833 115687.21837987006 2513.1857225745916 419.69605767726898 11845.792040422559 3766.2935782670975 1180.4524661302567 14911.614302158356 19914.962334185839 676.8128414452076 2271.7926204353571 1461.5488811284304 1299.1536529958248 469.9995710849762
leaf_count=83148 17403 65718 1105 250 7305 716 366 7446 12029 173 1322 375 191 37
internal_value=3.32782e-06 -0.00038547 -0.000476139 0.00180707 0.00268645 0.00696093 0.0049107 -0.000771393 0.000540084 0.00229123 0.00121863 0.00763383 0.0122468 0.018179
internal_weight=197584 178543 176419 20195.4 17682.2 5836.44 4946.75 156223 40535.9 20620.9 17183.4 3437.52 1975.97 889.696
internal_count=197584 180181 97033 9779 8674 1369 1082 87254 21536 9507 8768 739 364 287
is_linear=0
shrinkage=0.05


Tree=41
num_leaves=15
num_cat=0
split_feature=49 45 48 32 47 52 32 33 27 34 44 26 33 1
split_gain=103.285 51.0978 35.4639 78.2484 54.8585 59.6338 42.3126 40.3984 49.6973 48.4488 37.6439 34.9546 34.5481 31.3825
threshold=0.10896219313144685 0.0069702973123639831 0.77321779727935802 6.1601512432098398 4.3630783557891855 1.0000000180025095e-35 4.0859410762786874 1.7005987167358401 6.3288288116455087 0.56210440397262584 0.27971252799034124 0.95797204971313488 2.2499048709869389 0.0078432578593492525
decision_type=2 2 2 2 2 2 2 2 2 2 2 2 2 2
left_child=11 2 6 4 -4 10 -2 8 -8 -10 -6 13 -7 -1
right_child=1 -3 3 -5 5 12 7 -9 9 -11 -12 -13 -14 -15
leaf_value=-0.0012541963315480355 0.00082717999572757899 -0.0019972121399308407 -0.00024690808320656236 -0.0035897431853496187 0.011891880596125445 -0.0038346913552003842 0.0074611439965941578 0.010151294603451849 -0.0033040451920188247 0.0079854341580992919 0.0047228420885183277 0.018521919984834649 0.0057917581594878163 0.00049912601507620311
leaf_weight=100513.36011854187 7118.6987478882074 8198.5593542512506 11344.659054517746 6681.1584317982197 2241.4603147022426 2945.1287278532982 4709.5057388301939 3566.7114124186337 3132.3635483682156 1352.3400086760521 10004.743402324617 224.27205801010132 1351.5649884939194 34199.473367322236
leaf_count=57552 3406 10612 8296 1690 2856 516 59467 1181 542 344 32168 31 277 18646
internal_value=3.34468e-06 0.00168095 0.00223505 0.00126676 0.00243112 0.00426668 0.00391733 0.00563918 0.00387967 0.000110433 0.00604365 -0.000775578 -0.000800185 -0.000809077
internal_weight=197584 62646.9 54448.3 34568.7 27887.6 16542.9 19879.6 12760.9 9194.21 4484.7 12246.2 134937 4296.69 134713
internal_count=197584 121355 110743 45803 44113 35817 64940 61534 60353 886 35024 76229 793 76198
is_linear=0
shrinkage=0.05


Tree=42
num_leaves=15
num_cat=0
split_feature=29 0 28 34 27 34 32 45 50 32 49 43 43 1
split_gain=94.4376 44.8232 35.9563 33.3596 41.9192 37.1162 36.7222 32.3564 39.0891 40.4777 27.2205 26.9434 36.0359 36.5454
threshold=0.81659966707229625 0.009569597430527212 2.4414010047912602 0.40545856952667242 6.327043056488038 0.56210440397262584 6.1643662452697763 0.0069702973123639831 0.086615815758705153 3.979637980461121 0.015602658502757551 3.5408543348312382 4.1666352748870858 0.011173533275723459
decision_type=2 2 2 2 2 2 2 2 2 2 2 2 2 2
left_child=1 2 -1 -2 -5 -6 -7 8 -4 -10 -3 -12 13 -13
right_child=3 10 7 4 5 6 -8 -9 9 -11 11 12 -14 -15
leaf_value=-0.0019464519814570377 0.0086445290284811373 -0.00055890288298318755 1.0062768135250737e-05 0.0054734987389049427 -0.0041081480455866046 -0.00030396548677717934 0.008165104611990574 -0.0025082525648002351 0.017327179819430463 -0.0044465288273011763 -0.0031311579239439989 0.0023133617397937795 0.00054443159448770945 0.0083475409637397534
leaf_weight=42032.95178309083 2620.6305633448064 11571.029425852001 91501.341199360788 6860.2380753345788 3123.1122488081455 3622.127445936203 1968.872485011816 13453.415939332917 635.28776198625565 313.78140974976122 1917.4837508052588 5527.7945918980986 7834.2902695592493 4601.6423239260912
leaf_count=14604 11969 5364 107652 12522 662 1243 429 20287 319 1292 1131 2497 16400 1213
internal_value=3.31314e-06 -0.000344888 -0.000709323 0.00343462 0.00255298 0.000250154 0.00268767 -0.000218172 0.000115316 0.0101571 0.00136893 0.00249066 0.00309215 0.00506012
internal_weight=197584 179389 147937 18195 15574.4 8714.11 5591 105904 92450.4 949.069 31452.2 19881.2 17963.7 10129.4
internal_count=197584 170759 144154 26825 14856 2334 1672 129550 109263 1611 26605 21241 20110 3710
is_linear=0
shrinkage=0.05


Tree=43
num_leaves=15
num_cat=0
split_feature=49 29 45 26 50 28 32 33 41 22 3 22 47 48
split_gain=86.4901 43.6453 36.008 31.6069 28.4512 27.5839 46.1161 44.0196 66.6089 97.1446 60.8109 80.8115 83.7241 48.1315
threshold=0.10896219313144685 0.9309050738811494 0.0069702973123639831 0.95797204971313488 0.089499071240425124 3.7256208658218388 3.979637980461121 0.89587974548339855 0.58571431040763866 6.7984981536865243 0.010050504934042694 6.8007264137268075 4.2193996906280526 0.7751741111278535
decision_type=2 2 2 2 2 2 2 2 2 2 2 2 2 2
left_child=3 2 -2 5 -4 -1 -7 8 10 -10 -8 12 -12 -11
right_child=1 -3 4 -5 -6 6 7 -9 9 13 11 -13 -14 -15
leaf_value=-0.0012704145669057984 0.0015210519486189838 0.0046479139552198069 -0.00093542458155905419 0.017640538348126802 -0.0096339583903759518 0.0082610953527457853 -0.0012902368864701548 -0.0016739321642285255 -0.0051604800318858605 0.015652364290247332 0.023256769679468804 -0.0045864216595172865 0.0015295381983396535 0.0049148314325207394
leaf_weight=87092.329757159576 45230.817038042471 9553.1795106232166 6781.0015385262668 224.27205801010132 1081.8956429306418 1711.2401837706566 15307.942450944334 22211.254724662751 1408.7980554103851 1972.6920604705811 941.54363560676575 1001.5882158279419 833.06604412384331 2232.3783578872681
leaf_count=39017 102979 7846 9135 31 1395 1104 16159 16582 1366 31 102 89 1465 283
internal_value=3.23306e-06 0.00153839 0.000978122 -0.000709551 -0.00214302 -0.000741408 0.000226147 -7.50847e-05 0.00142353 0.00617601 -5.43829e-05 0.00674028 0.0131229 0.00997723
internal_weight=197584 62646.9 53093.7 134937 7862.9 134713 47620.5 45909.3 23698 5613.87 18084.1 2776.2 1774.61 4205.07
internal_count=197584 121355 113509 76229 10530 76198 37181 36077 19495 1680 17815 1656 1567 314
is_linear=0
shrinkage=0.05


Tree=44
num_leaves=15
num_cat=0
split_feature=49 1 35 32 28 17 35 42 30 29 22 32 40 38
split_gain=79.1507 36.1924 30.9222 52.9254 30.7507 43.9678 31.7059 28.1926 28.0474 32.6689 39.6211 57.5899 33.8407 30.2323
threshold=0.38035057485103613 0.011173533275723459 0.067256763577461257 3.4175922870635991 2.4414010047912602 0.087121214717626586 0.040479149669408805 1.0000000180025095e-35 0.011547701898962261 0.044840201735496528 6.7929053306579599 6.1441833972930917 4.3361833377275623e-05 2.2499048709869389
decision_type=2 2 2 2 2 2 2 2 2 2 2 2 2 2
left_child=1 4 3 -2 5 6 -1 -8 9 -6 11 -11 -12 -14
right_child=2 -3 -4 -5 8 -7 7 -9 -10 10 12 -13 13 -15
leaf_value=-0.0021294030129142155 -0.0050461077833436558 0.0015774568481010339 0.013302325158482613 0.0030844738365151752 -0.00097892031337134112 0.017326644250167923 -9.6810046521266446e-06 0.013686196383456674 -0.0028041514499157569 0.0029348450394129401 0.0095089144442487804 0.020352374678156385 -0.00010091769597491325 0.0090775285439206165
leaf_weight=42983.959677994251 2192.4188264757395 20827.303038189188 652.29340863600373 22033.302493600175 42346.060348933563 290.33901581168175 1027.6960213184357 582.29235900938511 9312.7451282590628 8379.8529403600842 962.72014057636261 493.60931745171547 44593.822040855885 905.58451652526855
leaf_count=14835 2607 12458 695 74864 26120 48 473 42 14376 41102 91 94 9746 33
internal_value=3.2052e-06 -0.000376659 0.00263936 0.00234688 -0.000644716 -0.00174302 -0.00187103 0.00499768 -0.000183858 6.62165e-05 0.000866049 0.00392556 0.000281017 8.37174e-05
internal_weight=197584 172706 24878 24225.7 151879 44884.3 44593.9 1609.99 106994 97681.6 55335.6 8873.46 46462.1 45499.4
internal_count=197584 119418 78166 77471 106960 15398 15350 515 91562 77186 51066 41196 9870 9779
is_linear=0
shrinkage=0.05


Tree=45
num_leaves=15
num_cat=0
split_feature=49 45 43 48 33 56 25 37 47 22 27 22 50 33
split_gain=73.5613 42.275 41.9248 44.3388 56.3857 70.6807 43.9335 40.6345 68.5814 46.6316 40.8847 50.2643 54.9075 38.9352
threshold=0.069241378456354155 0.0048510411288589248 3.5694335699081425 0.58065617084503185 1.2424533367156985 1.0000000180025095e-35 0.014290144201368095 1.5890269279479983 4.182021141052247 6.7984981536865243 6.3306114673614511 6.7929053306579599 0.089499071240425124 2.2499048709869389
decision_type=2 2 2 2 2 2 2 2 2 2 2 2 2 2
left_child=-1 2 -2 4 5 6 -4 8 9 -5 11 -10 -13 -9
right_child=1 -3 3 7 -6 -7 -8 13 10 -11 -12 12 -14 -15
leaf_value=-0.0007819692625966149 -0.0049632864561313635 -0.0015505963230503855 -0.0041184386624837921 0.0039001141067183881 0.009467352021924013 0.019522092577301392 0.0045027234174730276 -0.0041864205609938466 0.0039151991108843055 0.021926885982336875 0.0070881341027006677 -0.00045456730059803996 0.015411605262967429 0.001203990028856061
leaf_weight=118849.66991666518 2285.2312527000904 11941.93978360109 2815.6933335065842 731.30965635180473 4088.0267392974347 515.8315517604351 3087.9443626422435 5656.1651717536151 11776.28976527974 704.30377197265625 3263.3482258617878 23132.727871239185 548.44845366477966 8187.0694177001715
leaf_count=65827 1314 14930 1875 416 1064 43 17562 3532 79808 47 699 6033 354 4080
internal_value=3.24683e-06 0.00118848 0.00167837 0.00191439 0.00488467 0.00195616 0.000390917 0.00133562 0.00214079 0.0128344 0.0017411 0.00124712 -8.07617e-05 -0.000999894
internal_weight=197584 78734.3 66792.4 64507.2 10507.5 6419.47 5903.64 53999.7 40156.4 1435.61 38720.8 35457.5 23681.2 13843.2
internal_count=197584 131757 116827 115513 20544 19480 19437 94969 87357 463 86894 86195 6387 7612
is_linear=0
shrinkage=0.05


Tree=46
num_leaves=15
num_cat=0
split_feature=24 0 25 28 45 43 27 48 34 22 21 27 22 44
split_gain=67.1078 35.2097 37.6792 39.9996 29.603 26.4037 26.1304 27.9115 62.9252 31.3779 25.5144 23.7587 23.1853 23.2563
threshold=0.78643503785133373 0.009569597430527212 0.016066111624240879 6.03906273841858 0.002471415558829904 4.2972624301910409 6.3062603473663339 0.77870926260948192 0.53310218453407299 6.7984981536865243 0.85379686951637279 6.3306114673614511 6.7984981536865243 0.22756430506706241
decision_type=2 2 2 2 2 2 2 2 2 2 2 2 2 2
left_child=1 2 5 4 -4 10 -2 9 -9 -8 -1 12 13 -10
right_child=6 -3 3 -5 -6 -7 7 8 11 -11 -12 -13 -14 -15
leaf_value=-0.00060104127008406673 0.0067721605324459677 0.0012353056797297225 0.002208335305618711 0.014849199240219574 -0.0011926128363340313 -0.0021892822038948666 -0.0037096209544652849 -0.0093693969857584405 -0.007651350755480936 0.0064829015738353899 0.011021205217107127 0.006952293561713444 -0.0035024771730244875 0.0038949066528557678
leaf_weight=86753.75097633712 3426.9873590767384 30951.388153424487 15474.879687706009 506.85476133227348 10895.766844421625 33495.614566160366 896.12077349424362 1409.3280567228794 478.86262074112892 4601.8352167606354 464.82659776508808 1875.4356734156609 2274.4759664535522 4077.8720201849937
leaf_count=34417 10087 29257 44271 104 33846 38104 647 613 749 930 182 275 686 3416
internal_value=3.26385e-06 -0.000297713 -0.000619264 0.00107352 0.000803219 -0.000996227 0.00282414 0.00195384 0.000394031 0.00481789 -0.000537845 0.00198335 0.000611017 0.00266742
internal_weight=197584 178543 147592 26877.5 26370.6 120714 19040.9 15613.9 10116 5497.96 87218.6 8706.65 6831.21 4556.73
internal_count=197584 180181 150924 78221 78117 72703 17403 7316 5739 1577 34599 5126 4851 4165
is_linear=0
shrinkage=0.05


Tree=47
num_leaves=15
num_cat=0
split_feature=49 29 45 50 43 48 33 24 52 47 27 25 32 26
split_gain=62.6492 37.1191 31.2313 32.7053 28.4699 31.9535 41.5561 64.428 52.007 39.6548 49.4098 36.4928 33.9863 28.1282
threshold=0.069241378456354155 0.9309050738811494 0.0081805675290524977 0.089499071240425124 3.5694335699081425 0.67783135175704967 1.7005987167358401 0.044965608045458801 1.0000000180025095e-35 6.1954247951507577 6.3306114673614511 0.014453847426921131 1.0000000180025095e-35 0.95797204971313488
decision_type=2 2 2 2 2 2 2 2 2 2 2 2 2 2
left_child=13 2 4 -4 -2 6 7 -6 -8 10 12 -9 -7 -1
right_child=1 -3 3 -5 5 9 8 11 -10 -11 -12 -13 -14 -15
leaf_value=-0.00075546532918141062 -0.003556643092205341 0.0040164634535298348 -0.00082969009959012142 -0.0096094612199081521 0.01135361029567815 0.015718027317688645 0.0099703992902819578 -0.0038242527353646257 -0.0031632561588009044 -0.0038266681636939109 0.008813608034908332 0.0030522183598058745 0.00063631134245917265 0.016653351986015599
leaf_weight=118627.16832462512 3061.5357432365417 9555.2854174673557 8849.9996284842491 1195.5470625162125 1396.143977439031 367.53178811073303 3715.2259835060686 3737.7306801788509 939.82988160848618 4320.8563190102577 2019.5718221664429 3966.6150914430618 35608.455962164328 222.50159204006195
leaf_count=65797 1754 7853 11737 1516 266 40 1036 3352 424 739 293 40245 62502 30
internal_value=3.16443e-06 0.00109696 0.000693188 -0.00188311 0.00113109 0.00138763 0.00348025 0.00151145 0.00731769 0.000706736 0.00122315 -0.000284505 0.000794712 -0.000721475
internal_weight=197584 78734.3 69179 10045.5 59133.5 56072 13755.5 9100.49 4655.06 42316.4 37995.6 7704.35 35976 118850
internal_count=197584 131757 123904 13253 110651 108897 45323 43863 1460 63574 62835 43597 62542 65827
is_linear=0
shrinkage=0.05


Tree=48
num_leaves=15
num_cat=0
split_feature=49 29 18 35 50 27 26 43 47 46 41 22 48 32
split_gain=56.5484 33.5006 29.8664 28.5549 35.8328 27.6154 25.4958 24.4292 38.6452 43.2445 41.0457 29.4496 22.8435 42.7483
threshold=0.069241378456354155 0.9309050738811494 6.0222353935241708 0.085492223501205458 0.019250017590820793 5.4868674278259286 0.95797204971313488 3.5694335699081425 4.182021141052247 0.78762757778167736 0.34848485887050634 6.7984981536865243 0.77870926260948192 3.1567740440368657
decision_type=2 2 2 2 2 2 2 2 2 2 2 2 2 2
left_child=6 2 -2 4 7 -5 -1 -4 9 -9 -10 -11 13 -12
right_child=1 -3 3 5 -6 -7 -8 8 10 11 12 -13 -14 -15
leaf_value=-0.00071769524885642176 0.0066076411890745763 0.0038158502273338158 -0.0026182942116595286 0.00086098530552924956 -0.0023078575582108881 0.013548506757079824 0.015856497575634208 -0.0050187601473437584 0.015072490608200352 0.0040609319201539212 -0.0027132980673054562 0.020081020851477963 -0.00017333549314267778 0.0031707696230958448
leaf_weight=118627.16832462512 2037.4455152340233 9555.2854174673557 4678.5370981246233 914.13117499276996 10887.392637651414 800.37622255086899 222.50159204006195 416.8427719771862 495.67542912065983 491.09192186594009 3810.0563879013062 701.32511806488037 27842.944723477587 16103.224938903004
leaf_count=65797 61746 7853 2128 982 14045 454 30 226 66 251 1217 54 26574 16161
internal_value=3.11919e-06 0.0010423 0.000658707 0.000477226 0.000309786 0.00682807 -0.000685335 0.000832655 0.00115692 0.00875512 0.000901752 0.0135719 0.000751545 0.00204416
internal_weight=197584 78734.3 69179 67141.6 65427.1 1714.51 118850 54539.7 49861.2 1609.26 48251.9 1192.42 47756.2 19913.3
internal_count=197584 131757 123904 62158 60722 1436 65827 46677 44549 531 44018 305 43952 17378
is_linear=0
shrinkage=0.05


Tree=49
num_leaves=15
num_cat=0
split_feature=49 29 18 35 50 27 47 48 31 0 46 34 36 40
split_gain=51.0525 30.231 26.9663 25.8037 32.3478 24.9556 23.5391 52.4992 73.0541 48.8277 35.3587 52.4203 24.7766 66.9956
threshold=0.069241378456354155 0.9309050738811494 6.0222353935241708 0.085492223501205458 0.019250017590820793 5.4868674278259286 4.2193996906280526 0.45934559404850012 0.68790584802627575 0.0085107926279306429 0.79223424196243297 0.088227134197950377 0.33699634671211248 4.2427234802744358e-05
decision_type=2 2 2 2 2 2 2 2 2 2 2 2 2 2
left_child=6 2 -2 4 -4 -5 7 8 -1 -10 12 -12 13 -9
right_child=1 -3 3 5 -6 -7 -8 10 9 -11 11 -13 -14 -15
leaf_value=0.00064398332520900978 0.0062788727103207462 0.0036252572283840649 0.00079131466970178881 0.00081840193193287382 -0.0021925705842653063 0.012879440899455561 -0.0012417538479532551 0.013343347718392544 0.0057993297241028061 0.022094546099856394 0.00058564596731791021 0.010916570891018787 -0.0015296215844228845 -0.0010461086303425119
leaf_weight=3692.5230176448822 2037.4455152340233 9555.2854174673557 54539.698389435187 914.13117499276996 10887.392637651414 800.37622255086899 69707.779394468293 1062.279541015625 1099.3876699656248 792.81021167337894 5893.9633050858974 1541.4491399526596 31771.225329503417 3288.2523073554039
leaf_count=2610 61746 7853 46677 982 14045 454 47906 2 347 88 1033 199 13043 599
internal_value=3.13916e-06 0.000990528 0.000626137 0.000453693 0.000294522 0.00649084 -0.000651004 0.000187056 0.00474658 0.0127071 -0.000398503 0.00273915 -0.00104495 0.00248994
internal_weight=197584 78734.3 69179 67141.6 65427.1 1714.51 118850 49141.9 5584.72 1892.2 43557.2 7435.41 36121.8 4350.53
internal_count=197584 131757 123904 62158 60722 1436 65827 17921 3045 435 14876 1232 13644 601
is_linear=0
shrinkage=0.05


Tree=50
num_leaves=15
num_cat=0
split_feature=35 32 42 32 1 34 50 28 17 36 17 35 43 47
split_gain=48.6723 40.4111 38.9373 47.4012 31.9736 31.4435 26.1854 21.6322 38.5593 21.5895 23.5922 24.569 19.9541 40.6086
threshold=0.016132541932165626 4.8374145030975351 1.0000000180025095e-35 3.979637980461121 0.0078432578593492525 0.0098782009445130842 0.094601877033710494 2.4414010047912602 0.080128207802772536 0.4629120826721192 0.040833333507180221 0.04082255810499192 3.5694335699081425 4.2193996906280526
decision_type=2 2 2 2 2 2 2 2 2 2 2 2 2 2
left_child=4 2 -2 9 6 -6 7 8 -1 -4 11 -11 -7 -14
right_child=1 -3 3 -5 5 12 -8 -9 -10 10 -12 -13 13 -15
leaf_value=-0.0020054459557260706 -0.00042685776761615282 0.0041569807345092817 0.019387156898217399 -0.00030199770995232835 -0.0021526438201072266 -0.001870035763183772 -0.009673542710682723 -0.00031059966946892599 0.014858596172320626 -0.0012969870278449526 0.019115039123739547 0.011763375654179837 0.0046023125252956307 0.0006872562583433347
leaf_weight=32175.848418176174 19836.213975772262 11226.851342165843 463.97801630198956 2339.3495634496212 7554.9253691304475 4156.4505229741335 814.74905109778047 84456.271938547492 332.68585112690926 814.82008221745491 331.72918511927128 632.76503965258598 9265.3244816958904 23182.036436568946
leaf_count=11148 10365 69477 36 1590 3165 2718 885 72512 60 468 115 52 1933 23060
internal_value=3.1638e-06 0.00167555 0.000533449 0.00468207 -0.000365041 0.000782246 -0.00079522 -0.000732554 -0.00182835 0.00985782 0.00727847 0.00445347 0.00138842 0.00180627
internal_weight=197584 35645.7 24418.9 4582.64 161938 44158.7 117780 116965 32508.5 2243.29 1779.31 1447.59 36603.8 32447.4
internal_count=197584 82103 12626 2261 115481 30876 84605 83720 11208 671 635 520 27711 24993
is_linear=0
shrinkage=0.05


Tree=51
num_leaves=15
num_cat=0
split_feature=35 30 15 47 47 48 35 33 27 32 18 37 37 50
split_gain=44.7994 38.6578 34.5909 30.816 35.2268 36.5434 28.939 42.5229 27.4547 27.3167 26.6565 22.4123 31.0883 27.8401
threshold=0.012101958040148022 0.0033213291317224507 0.043828647583723075 3.9015133380889897 4.2193996906280526 0.52704340219497692 0.040479149669408805 3.5694335699081425 5.463822841644288 3.3315663337707524 6.5950968265533456 1.2424533367156985 0.89587974548339855 0.10162252932786943
decision_type=2 2 2 2 2 2 2 2 2 2 2 2 2 2
left_child=2 -2 -1 -4 5 -5 11 9 -7 -8 -10 12 13 -3
right_child=1 6 3 4 -6 8 7 -9 10 -11 -12 -13 -14 -15
leaf_value=-0.00074774667177338397 0.002535638688018268 -0.00019223666787516016 -0.0041447482446222879 0.016853416544532294 0.0010140705401090985 0.010406181446225031 0.011759119147469414 -0.0014716315776375777 -0.0056057205983074728 0.00024421975275475404 0.0064133107807502745 -0.0031841211435047348 0.0056783704365779616 -0.011665414870035778
leaf_weight=125323.44036992453 27382.913927285001 16563.489333627746 1855.9935725927353 722.03799289464951 8730.2676095757633 1139.2088516354561 1651.580730676651 2156.3490684311837 892.88070368766785 747.04212978854775 933.37393975257874 6697.0895143132657 2252.1399503964931 536.19157941453159
leaf_count=83907 71034 17093 695 201 6217 300 467 2100 231 8888 67 4779 984 621
internal_value=3.14866e-06 0.0011712 -0.000482091 0.00184925 0.00274774 0.00683842 -5.00739e-05 0.00362227 0.0043515 0.00818875 0.000538516 -0.000693371 0.000169802 -0.000558607
internal_weight=197584 57986.8 139597 14273.8 12417.8 3687.5 30603.9 4554.97 2965.46 2398.62 1826.25 26048.9 19351.8 17099.7
internal_count=197584 105966 91618 7711 7016 799 34932 11455 598 9355 298 23477 18698 17714
is_linear=0
shrinkage=0.05


Tree=52
num_leaves=15
num_cat=0
split_feature=24 32 0 32 25 28 37 33 32 32 15 29 32 36
split_gain=42.1254 27.5567 32.0521 26.2257 26.2167 35.328 25.255 37.3188 29.2746 59.6513 28.1346 30.8978 24.7191 24.1034
threshold=0.80767771601676952 2.0126758217811589 0.009569597430527212 2.1383330821990971 0.016066111624240879 6.03906273841858 1.2424533367156985 0.89587974548339855 4.0517470836639413 4.0689902305603036 0.057101728394627578 0.070666629821062102 2.7403194904327397 0.44696402549743658
decision_type=2 2 2 2 2 2 2 2 2 2 2 2 2 2
left_child=1 -1 4 -4 -3 12 7 8 -5 -10 -11 -12 13 -6
right_child=-2 2 3 6 5 -7 -8 -9 9 10 11 -13 -14 -15
leaf_value=-0.00209216082272641 0.0024423746233055124 -0.00068109973704132967 0.0077363677472477924 -0.00019778954461400442 0.015617545783320381 0.013810048516421992 -0.00067046367495865998 0.010088123862889348 0.019456604159656114 0.00021946183335760442 0.011855359857569726 -0.0058200950350403456 0.00039905756585205962 0.0027026204267611431
leaf_weight=17645.476082324982 16234.061608299613 108277.31043569371 1589.7883515357971 8470.6549755036831 507.53303003311157 522.38409700989723 11154.632916852832 1439.3444826044142 582.98392105102539 3520.8580303769559 1222.3808404933661 302.75823648832738 24898.562309140339 1215.2699565887451
leaf_count=6653 14884 68640 196 4203 42 108 7002 753 37 14552 262 1600 78187 465
internal_value=3.06181e-06 -0.000215423 -1.30165e-05 0.00151757 -0.000332776 0.00105644 0.00114444 0.00244686 0.00166021 0.00445158 0.00268294 0.00833152 0.000801085 0.00657549
internal_weight=197584 181350 163704 28283.4 135421 27143.7 26693.6 15539 14099.6 5628.98 5046 1525.14 26621.4 1722.8
internal_count=197584 182700 176047 28605 147442 78802 28409 21407 20654 16451 16414 1862 78694 507
is_linear=0
shrinkage=0.05


Tree=53
num_leaves=15
num_cat=0
split_feature=49 41 22 37 34 29 36 2 37 0 43 46 1 3
split_gain=39.0949 26.6914 52.7186 69.5892 23.7634 47.3186 22.1882 21.721 27.3242 24.3233 44.2179 25.7658 23.3235 20.2268
threshold=0.38035057485103613 0.58571431040763866 6.7996129989624032 0.89587974548339855 0.40545856952667242 0.78710895776748668 0.4555336087942124 0.011299795936793091 3.2769666910171513 0.012739370577037336 4.182021141052247 0.82402196526527416 0.00766294775530696 0.012121656909585001
decision_type=2 2 2 2 2 2 2 2 2 2 2 2 2 2
left_child=1 4 -3 -4 5 7 -2 -1 9 11 12 -9 -11 -13
right_child=6 2 3 -5 -6 -7 -8 8 -10 10 -12 13 -14 -15
leaf_value=-0.00067444549443470246 -0.0035743550828781726 -0.00069529536822496979 0.00083570106667691779 0.0086323933545863572 -0.0023044125672695634 0.0070300346742571728 0.0022656408294780242 -0.0012080091042704871 -0.0019554515446975201 -0.00088317553772409782 -0.0034911440852103378 0.0086409289469424385 0.011521901571793461 -0.0034640674983369745
leaf_weight=109855.16567567922 1740.5178685598075 17339.159622818232 8215.241231918335 4384.0108776092529 16967.759650718421 2147.2038669940084 23137.49686015211 4206.7563013210893 4157.2230004221201 455.72571235895157 881.19645546935499 1452.1843471229076 2198.7423803061247 445.61542254686356
leaf_count=83629 3107 16130 873 88 6846 3244 75059 3559 1788 163 1321 810 675 292
internal_value=3.09817e-06 -0.000263871 0.00109328 0.00355332 -0.000548522 -0.000311525 0.00185579 -0.000439568 0.00142966 0.00288996 0.00618397 0.000975127 0.00939685 0.00579534
internal_weight=197584 172706 29938.4 12599.3 142768 125800 24878 123653 13797.4 9640.22 3535.66 6104.56 2654.47 1897.8
internal_count=197584 119418 17091 961 102327 95481 78166 92237 8608 6820 2159 4661 838 1102
is_linear=0
shrinkage=0.05


Tree=54
num_leaves=15
num_cat=0
split_feature=35 32 41 50 49 0 22 39 32 35 37 0 26 28
split_gain=38.2057 31.758 32.2904 30.43 32.947 31.2105 27.8053 24.748 23.0308 25.9377 26.9089 26.6222 22.9701 22.113
threshold=0.016132541932165626 4.8374145030975351 0.77500000596046459 0.01876915525645018 0.015602658502757551 0.012270400300621988 6.7984981536865243 0.25852957367897039 4.0689902305603036 0.040479149669408805 4.1908013820648202 0.015038444194942715 0.95797204971313488 2.4414010047912602
decision_type=2 2 2 2 2 2 2 2 2 2 2 2 2 2
left_child=3 2 8 4 12 13 -4 -7 9 11 -11 -2 -1 -6
right_child=1 -3 6 -5 5 7 -8 -9 -10 10 -12 -13 -14 -15
leaf_value=-0.00096286071207308784 -0.00061243497707906037 0.0036844710352586553 -0.0023217542627828889 -0.0030615553697156961 -0.0014707923149184206 0.0053671918275442201 0.013158430071566911 -0.00027746024742577235 -0.0030239630252696889 0.007477288937701148 -0.00037157217420998289 0.012038408921518005 0.014998156744467831 0.00067746950318616601
leaf_weight=73228.878122752532 13392.892911419272 11226.851342165843 427.47399942576885 9537.350089950487 15295.380282983184 5581.5092160310596 875.35111403465271 2973.4889221023768 4840.5407195538282 2573.4803983569145 1889.9401345849037 419.17658513784409 216.14320778846741 55105.542227709666
leaf_count=37647 6466 69477 429 13986 4626 3089 113 2398 3413 858 1155 192 27 53708
internal_value=2.99557e-06 0.00148469 0.000472226 -0.000323226 -0.00015167 0.000557341 0.00810018 0.00340723 3.89955e-05 0.000851477 0.00416045 -0.000220068 -0.000913853 0.000210593
internal_weight=197584 35645.7 24418.9 161938 152401 78955.9 1302.83 8555 23116 18275.5 4463.42 13812.1 73445 70400.9
internal_count=197584 82103 12626 115481 101495 63821 542 5487 12084 8671 2013 6658 37674 58334
is_linear=0
shrinkage=0.05


Tree=55
num_leaves=15
num_cat=0
split_feature=35 30 50 49 0 26 35 33 32 44 2 37 37 50
split_gain=34.6289 30.2565 26.0141 31.7958 35.2974 24.5766 23.5815 34.3472 23.2428 20.0009 31.6116 19.2149 24.699 25.0805
threshold=0.012101958040148022 0.0033213291317224507 0.01876915525645018 0.015602658502757551 0.011299795936793091 0.95797204971313488 0.040479149669408805 3.5694335699081425 3.3315663337707524 0.056791087612509734 0.01183473411947489 1.2424533367156985 0.89587974548339855 0.10162252932786943
decision_type=2 2 2 2 2 2 2 2 2 2 2 2 2 2
left_child=2 -2 3 5 -5 -1 11 8 -8 10 -6 12 13 -3
right_child=1 6 -4 4 9 -7 7 -9 -10 -11 -12 -13 -14 -15
leaf_value=-0.0010621667707984368 0.0022370061670813788 -0.00013357634514756734 -0.0033652231808851789 4.7445899901027174e-05 0.00049791917199088268 0.015772648415501456 0.010661931878363638 -0.0013136479605239133 4.2813332712319289e-05 0.001631868076184433 0.010334932108983555 -0.0029374965832465166 0.0050779505684650974 -0.011023245212008408
leaf_weight=68701.146499179304 27382.913927285001 16563.489333627746 7122.1903396826237 54078.152871984988 1358.3024503048509 207.51499545574188 1651.580730676651 2156.3490684311837 747.04212978854775 6087.6943689938635 2042.2015144620091 6697.0895143132657 2252.1399503964931 536.19157941453159
leaf_count=36078 71034 17093 10234 40071 597 23 467 2100 8888 4157 458 4779 984 621
internal_value=2.96042e-06 0.0010299 -0.000423658 -0.00026527 0.000541201 -0.00100919 -5.05455e-05 0.00326448 0.00736856 0.00335235 0.0064186 -0.000631248 0.00016798 -0.000481285
internal_weight=197584 57986.8 139597 132475 63566.4 68908.7 30603.9 4554.97 2398.62 9488.2 3400.5 26048.9 19351.8 17099.7
internal_count=197584 105966 91618 81384 45283 36101 34932 11455 9355 5212 1055 23477 18698 17714
is_linear=0
shrinkage=0.05


Tree=56
num_leaves=15
num_cat=0
split_feature=24 43 0 47 48 48 47 1 33 31 28 22 24 3
split_gain=32.3788 23.9788 44.5448 34.4746 27.6915 32.6956 44.8683 55.5944 54.9922 48.5483 46.321 32.7906 29.1992 27.0068
threshold=0.83044546842575084 3.5694335699081425 0.016261236742138866 4.1266138553619394 0.17942462116479876 0.60323551297187816 4.2193996906280526 0.00766294775530696 1.7005987167358401 0.66450217366218578 3.8176519870758061 6.7984981536865243 0.031837418675422675 0.0096620614640414732
decision_type=2 2 2 2 2 2 2 2 2 2 2 2 2 2
left_child=1 2 -1 13 -5 6 7 10 -8 -10 -6 -9 -13 -3
right_child=-2 3 -4 4 5 -7 8 11 9 -11 -12 12 -14 -15
leaf_value=-0.0018344130462888677 0.0024734358424400244 0.0018380716953335858 0.017625417797176302 -0.0037371991326294318 5.610795261731642e-05 -0.00034556577982914119 -0.0014437995090080887 0.0013306178988954117 -0.00053144937184551502 0.0064417676770400986 0.014197678869524749 0.017775291731274703 0.007072425924428246 0.011069499116685593
leaf_weight=24695.134317662567 12417.987097889185 2384.909748673439 287.6877171844244 4919.15640633367 5847.6291896104813 114770.55560652539 16864.060596782714 961.12708133459091 4626.2640432585031 5407.0081628486514 632.71138119697571 1217.6785509586334 1371.8205146789551 1180.2688590586185
leaf_count=15739 11133 895 60 2483 1782 132389 28245 417 3103 735 44 79 141 339
internal_value=2.87938e-06 -0.000162931 -0.00160336 6.18108e-05 -4.9008e-05 7.08278e-05 0.00136469 0.00421683 0.000299859 0.00322914 0.00145658 0.0092364 0.0121543 0.00491659
internal_weight=197584 185166 24982.8 160183 156618 151699 36928.3 10031 26897.3 10033.3 6480.34 3550.63 2589.5 3565.18
internal_count=197584 186451 15799 170652 169418 166935 34546 2463 32083 3838 1826 637 220 1234
is_linear=0
shrinkage=0.05


Tree=57
num_leaves=15
num_cat=0
split_feature=35 32 41 50 49 17 22 43 44 26 48 32 0 47
split_gain=31.3445 26.6712 28.4399 24.9088 25.5112 26.7599 23.8859 22.0277 24.1204 22.2469 29.0281 20.5167 21.1375 20.238
threshold=0.016132541932165626 4.8374145030975351 0.77500000596046459 0.01876915525645018 0.015602658502757551 0.028174603357911113 6.7984981536865243 3.5408543348312382 0.058419229462742812 0.73232656717300426 0.56994566321372997 4.0689902305603036 0.013793759513646366 4.2483932971954355
decision_type=2 2 2 2 2 2 2 2 2 2 2 2 2 2
left_child=3 2 11 4 13 -6 -4 -7 9 -9 -11 12 -2 -1
right_child=1 -3 6 -5 5 7 -8 8 -10 10 -12 -13 -14 -15
leaf_value=7.5249323050273595e-05 0.00036068901841366906 0.0033609096199416948 -0.0020849605784318557 -0.002770050486327176 -0.00014887337666005237 -0.0027488742412975827 0.012263979758799491 0.00072129011806151919 0.0013081854182100006 0.017404982339620019 0.0053510546225696573 -0.0028803458763649384 0.0077153711183443208 -0.0015878198569499837
leaf_weight=34441.49373883009 17249.816129758954 11226.851342165843 427.47399942576885 9537.350089950487 53477.507376685739 2382.934127792716 875.35111403465271 2080.2158724311739 16861.757960507646 574.83268830180168 3578.6726231072098 4840.5407195538282 1025.6738997399807 39003.52759171091
leaf_count=13519 8189 69477 429 13986 44963 1329 113 875 15043 89 1522 3413 482 24155
internal_value=2.91757e-06 0.00134499 0.000417155 -0.000292564 -0.000137349 0.000486545 0.00757589 0.00181978 0.00229215 0.00494734 0.00705708 1.05855e-05 0.000777449 -0.000808032
internal_weight=197584 35645.7 24418.9 161938 152401 78955.9 1302.83 25478.4 23095.5 6233.72 4153.51 23116 18275.5 73445
internal_count=197584 82103 12626 115481 101495 63821 542 18858 17529 2486 1611 12084 8671 37674
is_linear=0
shrinkage=0.05


Tree=58
num_leaves=15
num_cat=0
split_feature=35 22 31 21 47 41 28 17 44 31 21 45 50 43
split_gain=28.7362 28.5141 22.3552 23.6702 26.22 25.3128 22.6728 21.5346 28.0242 25.7896 25.427 19.5868 19.7861 23.5611
threshold=0.011265795212239029 6.7702026367187509 0.80368444323539745 0.80957746505737316 4.182021141052247 0.77500000596046459 6.03906273841858 0.080128207802772536 0.035874078050255782 0.87852919101715099 0.76083862781524669 4.4451146550272833e-06 0.01876915525645018 3.5972183942794804
decision_type=2 2 2 2 2 2 2 2 2 2 2 2 2 2
left_child=7 -2 -3 5 -5 6 -4 11 10 -10 -9 -1 13 -13
right_child=1 2 3 4 -6 -7 -8 8 9 -11 -12 12 -14 -15
leaf_value=-0.0034076626865644911 0.0047665078333750761 -0.00025454030882836564 0.0024689748767830998 0.0073465111472625442 -0.00041628294461432759 0.019853248476328966 0.011571418026078568 0.019061396309711601 -0.0031207012970866175 0.0072103398069318621 0.0046351781948882845 -0.0016033104666393389 -0.0030877094768981001 0.00011633960306731199
leaf_weight=5634.2284279614687 4412.5760231446475 32767.259468078613 10422.129964649677 1187.099396020174 11902.185676038265 219.69835233688354 723.42679867148399 368.27787745930254 2171.5200223755091 825.43011085689068 1648.5948655903339 25297.22461688146 6467.0314066205174 93537.316267311573
leaf_count=6215 82635 13688 6383 316 6791 53 171 85 1271 267 458 12624 9185 57442
internal_value=2.86364e-06 0.000898322 0.000599252 0.00174291 0.000292815 0.00341124 0.00306963 -0.000403139 0.00280946 -0.000260775 0.00735043 -0.000526362 -0.000396542 -0.00024984
internal_weight=197584 61634.4 57221.8 24454.5 13089.3 11365.3 11145.6 135950 5013.82 2996.95 2016.87 130936 125302 118835
internal_count=197584 110037 27402 13714 7107 6607 6554 87547 2081 1538 543 85466 79251 70066
is_linear=0
shrinkage=0.05


Tree=59
num_leaves=15
num_cat=0
split_feature=29 32 45 48 0 28 33 37 33 47 47 27 50 35
split_gain=27.2291 23.18 24.0068 25.5524 24.1419 20.2133 47.8902 23.7509 26.7917 18.7973 59.5994 18.6994 15.9892 17.5239
threshold=0.95399835705757152 2.0126758217811589 6.0828722325823045e-06 0.17942462116479876 0.009569597430527212 2.0126758217811589 1.2424533367156985 1.2424533367156985 0.89587974548339855 4.1666352748870858 4.182021141052247 5.478551149368287 0.18757725507020953 0.011265795212239029
decision_type=2 2 2 2 2 2 2 2 2 2 2 2 2 2
left_child=1 -1 -3 -4 12 6 -6 8 9 -7 -11 -10 13 -5
right_child=-2 2 3 4 5 7 -8 -9 11 10 -12 -13 -14 -15
leaf_value=-0.0018076422481061096 0.0039770357628940052 -0.0029151368247748188 -0.0025633548812769641 -0.00032547458321900463 -0.0008967799041755607 -0.0038249864808577931 0.012886464811995164 -0.0006421258731791747 0.012968694801115649 0.017822939752148086 0.0016105110683461257 0.0017465325518847483 -0.011825871718417542 0.00090304265413825447
leaf_weight=17704.659412145615 4208.062846660614 6393.4625446200371 7941.5258036572486 88559.581505157053 1272.2720273435116 1360.9647704958916 1236.4166698455811 10350.353232041001 951.71151090040803 582.98392105102539 12970.438609642908 610.27364087104797 272.73805225268006 43168.554727312177
leaf_count=6677 3396 7296 4261 60229 296 1189 112 6941 475 37 20588 400 341 85346
internal_value=2.8853e-06 -8.37976e-05 9.00295e-05 0.000203697 0.000340052 0.00163721 0.00592054 0.0012346 0.00241323 0.00175752 0.0023205 0.00862315 5.16723e-05 7.71601e-05
internal_weight=197584 193376 175671 169278 161336 29335.4 2508.69 26826.7 16476.4 14914.4 13553.4 1561.99 132001 131728
internal_count=197584 194188 187511 180215 175954 30038 408 29630 22689 21814 20625 875 145916 145575
is_linear=0
shrinkage=0.05


Tree=60
num_leaves=15
num_cat=0
split_feature=29 18 31 32 48 32 27 31 36 52 47 27 48 49
split_gain=24.5795 21.394 24.5775 24.1417 27.0509 55.466 55.982 42.631 35.5697 61.5051 33.7729 43.1737 64.1014 42.5522
threshold=0.95399835705757152 6.0270721912384042 0.65207335352897655 2.0126758217811589 0.78188824653625499 6.1601512432098398 6.3306114673614511 0.80368444323539745 0.74537035822868358 1.0000000180025095e-35 4.1666352748870858 6.3288288116455087 0.5658884346485139 0.039682893082499511
decision_type=2 2 2 2 2 2 2 2 2 2 2 2 2 2
left_child=1 -1 -3 -4 8 6 7 -6 10 -10 -5 12 13 -12
right_child=-2 2 3 4 5 -7 -8 -9 9 -11 11 -13 -14 -15
leaf_value=0.0037920466053573986 0.0037786553884562543 -0.0011703250685408467 -0.00231220382018768 -0.0021517939160905909 -0.0012413635108435078 -0.004731172832803489 0.008585996021298949 0.0014357322261156467 0.0075451811218147846 -0.0024789089208095954 0.0024944208829490782 -0.0028753938819567233 0.00065199973830409701 0.0090696466471549726
leaf_weight=3493.5923540014774 4208.062846660614 45081.726777974516 9189.8317040205002 9028.4200791120529 36683.067260498181 6534.306675195694 1877.1789722442627 24994.943229794502 4872.0458942446858 2222.9673973470926 6040.9154743347317 5803.6729103624821 33398.667057976127 4154.6006402298808
leaf_count=70623 3396 42637 2624 2641 20216 1625 258 32809 1236 1331 1681 1226 14297 984
internal_value=2.80965e-06 -7.95479e-05 -0.000150976 0.000166443 0.00033457 -0.00034819 0.000103111 -0.000156417 0.00106487 0.00440542 0.000658529 0.0011725 0.00171193 0.00518004
internal_weight=197584 193376 189882 144801 135611 70089.5 63555.2 61678 65521.3 7095.01 58426.3 49397.9 43594.2 10195.5
internal_count=197584 194188 123565 80928 78304 54908 53283 53025 23396 2567 20829 18188 16962 2665
is_linear=0
shrinkage=0.05


Tree=61
num_leaves=15
num_cat=0
split_feature=17 20 52 42 2 34 1 48 48 28 47 32 32 23
split_gain=23.472 19.485 21.3307 41.769 35.9703 25.798 27.3179 36.693 24.8651 22.2772 20.1268 20.015 42.4785 19.5941
threshold=0.025320513173937801 6.5763651946326728e-07 1.0000000180025095e-35 1.0000000180025095e-35 0.013606071937829258 0.14465937763452533 0.00766294775530696 0.55129432678222667 0.40020696818828588 2.4414010047912602 4.2835628986358651 4.0689902305603036 4.0517470836639413 5.3821961879730233
decision_type=2 2 2 2 2 2 2 2 2 2 2 2 2 2
left_child=-1 -2 3 8 13 6 -4 -8 10 -10 -3 12 -9 -5
right_child=1 2 5 4 -6 -7 7 11 9 -11 -12 -13 -14 -15
leaf_value=-0.00037703593395532124 -0.0018954745276653863 0.0036325211940640527 -0.0012685435640135856 0.014690882244526374 -0.0012777957677870628 -0.0026256177718563898 0.013438303413511279 0.0017888821015891003 -0.00068275755965852328 0.0028050575484421477 -0.0030210236771865463 -0.0011858767480961423 0.014304971795596042 0.0010265678634550934
leaf_weight=132999.2458096724 6128.3675892055035 1477.8761391639709 7263.8878314942122 1376.5556537210941 708.85937930643559 7086.7330704629421 742.23792822659016 3994.6084278970957 5864.5991256386042 20806.093865966424 4812.8523749187589 3189.0905342698097 807.47001004219055 325.52153401076794
leaf_count=129616 2770 935 4454 99 222 4802 294 2100 1593 43679 3559 2269 106 1086
internal_value=2.72076e-06 0.00078469 0.00106595 0.00183735 0.00817684 -0.000116386 0.000996139 0.00287905 0.00137131 0.00203816 -0.00145463 0.00188272 0.00391882 0.0120988
internal_weight=197584 64584.8 58456.4 35372.4 2410.94 23084 15997.3 8733.41 32961.4 26670.7 6290.73 7991.17 4802.08 1702.08
internal_count=197584 67968 65198 51173 1407 14025 9223 4769 49766 45272 4494 4475 2206 1185
is_linear=0
shrinkage=0.05


Tree=62
num_leaves=15
num_cat=0
split_feature=35 28 38 44 29 50 28 45 41 27 28 22 43 36
split_gain=22.8114 20.9967 21.1044 23.613 22.8764 20.7833 19.8231 18.5661 21.6999 55.0812 36.0632 29.3497 28.3968 28.1986
threshold=0.016132541932165626 6.03906273841858 2.2499048709869389 0.14844829589128497 0.72860080003738414 0.018207521177828315 6.0438191890716562 6.0828722325823045e-06 0.58571431040763866 5.4868674278259286 3.4175922870635991 6.7929053306579599 6.0532643795013437 0.60791924595832836
decision_type=2 2 2 2 2 2 2 2 2 2 2 2 2 2
left_child=5 2 4 -4 -2 7 -3 -1 11 12 -11 13 -10 -9
right_child=1 6 3 -5 -6 -7 -8 8 9 10 -12 -13 -14 -15
leaf_value=-0.002519748861070792 0.00012671016725528781 0.01606262297046479 -0.0040424463093774142 0.015843571428846605 0.0034298748700902146 -0.002499236381107159 0.0022340561497187954 -0.000547484621961526 -0.00055467578681173428 0.00032734768600677956 0.008270082096206291 -0.00059553993844790832 0.0087968308012616563 0.0031607364581944584
leaf_weight=7565.2931904792786 27438.042675929144 438.3807073533535 212.97773304581642 463.40400582551956 6469.6823672279716 9642.9482790473849 623.21971529722214 9409.7565986067057 15721.497220546007 2220.6510946899652 4003.6214647889137 101282.14755135775 845.96558976173401 11246.411080040038
leaf_count=7872 43124 106 134 179 38312 14203 248 39546 7236 3253 213 23988 111 19059
internal_value=2.6843e-06 0.00114759 0.000933728 0.00961423 0.000757788 -0.000249388 0.00804107 -0.000106778 1.95173e-05 0.00143529 0.0054414 -0.000245203 -7.21519e-05 0.00147204
internal_weight=197584 35645.7 34584.1 676.382 33907.7 161938 1061.6 152295 144730 22791.7 6224.27 121938 16567.5 20656.2
internal_count=197584 82103 81749 313 81436 115481 354 101278 93406 10813 3466 82593 7347 58605
is_linear=0
shrinkage=0.05


Tree=63
num_leaves=15
num_cat=0
split_feature=28 27 35 48 47 31 42 41 22 49 24 48 36 30
split_gain=21.392 44.6395 37.6861 36.7228 55.6217 47.7809 32.3402 38.0698 38.5357 33.7294 40.515 69.4024 29.5611 27.9412
threshold=3.7256208658218388 6.3306114673614511 0.040479149669408805 0.78188824653625499 6.1913387775421151 0.80368444323539745 1.7005987167358401 0.58571431040763866 6.7984981536865243 0.020458303391933445 0.031837418675422675 0.5658884346485139 0.83606067299842846 0.006315746810287238
decision_type=2 2 2 2 2 2 2 2 2 2 2 2 2 2
left_child=1 2 -1 6 5 -5 7 9 -9 -2 11 -11 -12 -7
right_child=3 -3 -4 4 -6 13 -8 8 -10 10 12 -13 -14 -15
leaf_value=-0.00082246973227268004 -0.0011152520370550738 0.0053433855622804132 0.0041940717365942367 -0.0013142494711650618 -0.004249408493257131 0.0027641939468342979 -0.0027847407934177191 -0.0022147613175628727 0.0086523072080749511 0.020717215948865435 0.00100567015762057 0.0030018559841777969 0.0066327257802179995 -0.0029771670532051492
leaf_weight=102444.85728619061 8668.1971429493278 3202.2845787703991 3875.9624734669924 20494.880474928766 7640.0036956071854 18181.178889989853 3612.076688170433 1035.8040870279074 3769.7408668994904 786.57892701774836 16963.612537099048 1821.1515291724354 2697.4359381906688 2390.2341585159302
leaf_count=53143 5808 607 1602 29402 1894 27886 3654 552 226 143 67960 846 977 2884
internal_value=2.67027e-06 -0.000463819 -0.000639213 0.000582839 -0.000334969 0.000394133 0.00171854 0.00217429 0.00631025 0.00153 0.00255971 0.00840413 0.00178066 0.00209597
internal_weight=197584 109523 106321 88060.9 48706.3 41066.3 39354.6 35742.5 4805.54 30937 22268.8 2607.73 19661 20571.4
internal_count=197584 55352 54745 142232 62066 60172 80166 76512 778 75734 69926 989 68937 30770
is_linear=0
shrinkage=0.05


Tree=64
num_leaves=15
num_cat=0
split_feature=44 17 21 15 45 35 41 21 26 48 48 48 47 24
split_gain=20.6182 26.4523 26.7041 26.0354 17.9441 24.7483 26.648 19.211 17.4191 16.5181 27.8458 24.8245 40.3583 26.4251
threshold=0.013626075349748136 0.080128207802772536 0.75658926367759716 0.018018382601439956 0.0025165358092635874 0.012187907937914135 0.58571431040763866 0.81435698270797741 0.94894027709960949 0.17942462116479876 0.58065617084503185 0.38236925005912786 4.182021141052247 0.031837418675422675
decision_type=2 2 2 2 2 2 2 2 2 2 2 2 2 2
left_child=1 -1 -3 4 5 -2 7 -7 9 -5 11 -11 -13 -14
right_child=3 2 -4 8 -6 6 -8 -9 -10 10 -12 12 13 -15
leaf_value=-0.0012685103794737001 -0.00037912108466958038 0.019302949438335791 0.00073650200788685576 -0.0036196417396066002 -0.0013377475543023599 0.0022395144885008415 0.0067072555641208191 -0.0012363775587969934 0.013560161477618189 0.00014269950029010384 0.00061641106961128568 -0.0019541755971057505 0.015013753933743013 0.005547677849682086
leaf_weight=35933.538536068052 55303.177570136264 302.72404784709215 510.90903998911381 1843.4588627070189 27114.357362249866 11231.293889369816 2318.9835758805275 6141.9617400765419 268.57956424355507 3933.606025993824 45076.820615354925 1620.9751847684383 858.134661603719 5125.4785977080464
leaf_count=20793 33443 44 229 1008 40883 31734 451 3270 251 2884 54266 685 255 7388
internal_value=2.62996e-06 -0.00106577 0.00779491 0.000246783 -0.000235664 0.000162916 0.00168458 0.00101068 0.00108552 0.0010259 0.00117777 0.00336845 0.00503464 0.00692803
internal_weight=197584 36747.2 813.633 160837 102110 74995.4 19692.2 17373.3 58727.1 58458.5 56615 11538.2 7604.59 5983.61
internal_count=197584 21066 273 176518 109781 68898 35455 35004 66737 66486 65478 11212 8328 7643
is_linear=0
shrinkage=0.05


Tree=65
num_leaves=15
num_cat=0
split_feature=29 18 41 22 37 43 47 38 22 26 21 35 19 15
split_gain=19.6669 18.4573 18.8953 38.2569 47.125 18.8653 37.5491 36.9308 32.564 16.0356 26.7753 21.8724 20.9369 19.7261
threshold=0.95625257492065441 6.0222353935241708 0.58571431040763866 6.7996129989624032 0.89587974548339855 3.9415346384048466 4.182021141052247 1.4978661537170412 6.7984981536865243 0.84074753522872936 0.80995392799377453 0.019117863848805431 0.35317325592041021 0.076711378991603865
decision_type=2 2 2 2 2 2 2 2 2 2 2 2 2 2
left_child=1 -1 9 5 -5 -4 7 8 -7 13 11 -11 -13 -3
right_child=-2 2 3 4 -6 6 -8 -9 -10 10 -12 12 -14 -15
leaf_value=0.0035718020680191192 0.0035481652818224077 -0.00070631781866643633 -0.0032119838209339214 0.00086772867160204959 0.007273742562088065 0.0044176193194626094 -0.00060807985752315782 -0.0041761179529642622 0.020234403308102174 0.0011722136481273908 -0.00065876161380017497 0.012418209148699655 0.0029433190153671258 0.0075807361178284269
leaf_weight=3412.3455900680274 3825.3236742466688 115885.54087813012 4671.3640412837267 8185.6058864593506 4414.361722946167 737.13733172416687 11065.267496138811 517.19238686561584 583.21230697631836 17081.439078390598 23834.651225462556 859.26280046999454 1798.6593660116196 712.63548882305622
leaf_count=67433 2823 72411 3161 870 89 247 12956 222 42 15234 19875 444 1507 270
internal_value=2.63529e-06 -6.75426e-05 -0.000132969 0.00101458 0.00311605 -0.000492992 0.000493123 0.00709172 0.0115036 -0.000349202 0.000469095 0.00183059 0.00604146 -0.000655022
internal_weight=197584 193759 190346 30174.1 12600 17574.2 12902.8 1837.54 1320.35 160172 43574 19739.4 2657.92 116598
internal_count=197584 194761 127328 17587 959 16628 13467 511 289 109741 37060 17185 1951 72681
is_linear=0
shrinkage=0.05


Tree=66
num_leaves=15
num_cat=0
split_feature=44 17 21 22 29 45 1 39 46 35 41 25 48 47
split_gain=18.1825 23.8194 24.2374 23.6619 30.764 23.235 24.2735 28.0274 25.1583 21.6854 21.5324 20.7426 20.021 41.3354
threshold=0.013626075349748136 0.080128207802772536 0.75658926367759716 6.7702026367187509 0.13633998483419421 0.0081805675290524977 0.0078432578593492525 0.25998942553997045 0.78200307488441478 4.2311092329327955e-05 0.34848485887050634 2.5373660719196782e-06 0.78188824653625499 6.1913387775421151
decision_type=2 2 2 2 2 2 2 2 2 2 2 2 2 2
left_child=1 -1 -3 4 -2 6 8 9 -5 -8 -9 -11 -10 -14
right_child=3 2 -4 5 -6 -7 7 10 12 11 -12 -13 13 -15
leaf_value=-0.0011930567051477571 -0.000499268547854792 0.018371086629381136 0.0006833208017531559 -0.00095572936312090487 0.0049331759627375543 -0.0017144052554158911 -0.0029776614464576451 0.0099374046106482285 0.0019354459270300543 0.0093045470520077035 -0.00070714923308739077 0.0025200276641962893 0.0011776415645957624 -0.0026951725885656008
leaf_weight=35933.538536068052 4685.8018188234419 302.72404784709215 510.90903998911381 47195.440608054399 5857.109107779339 16238.795012384653 1683.3324301540852 481.79805433750153 18921.363464862108 1186.4918386638165 13984.005827456713 19825.666225403547 20381.255117028952 10395.768145143986
leaf_count=20793 18453 44 229 16816 93503 14037 400 65 5347 156 6275 6102 13283 2081
internal_value=2.64186e-06 -0.00100067 0.00740746 0.00023192 0.00252054 7.122e-05 0.000287634 0.00137387 -0.000129063 0.00246976 -0.000346002 0.00290737 0.000656004 -0.000130956
internal_weight=197584 36747.2 813.633 160837 10542.9 150294 134055 37161.3 96893.8 22695.5 14465.8 21012.2 49698.4 30777
internal_count=197584 21066 273 176518 111956 64562 50525 12998 37527 6658 6340 6258 20711 15364
is_linear=0
shrinkage=0.05


Tree=67
num_leaves=15
num_cat=0
split_feature=29 48 43 0 47 48 33 47 47 37 31 40 37 3
split_gain=17.7038 16.0925 18.1694 26.0912 24.51 25.227 30.4267 43.1791 37.8141 50.5792 35.1919 27.7164 22.2185 21.9374
threshold=0.95625257492065441 0.17942462116479876 3.5694335699081425 0.016261236742138866 4.1266138553619394 0.60323551297187816 1.7005987167358401 4.2193996906280526 4.1666352748870858 1.0000000180025095e-35 0.66450217366218578 4.2427234802744358e-05 4.49422311782837 0.0096620614640414732
decision_type=2 2 2 2 2 2 2 2 2 2 2 2 2 2
left_child=1 -1 3 -3 13 6 7 8 -6 -10 -8 -11 -12 -4
right_child=-2 2 4 -5 5 -7 10 -9 9 11 12 -13 -14 -15
leaf_value=-0.0022152484115367812 0.003366532165779393 -0.0015102983976601444 0.0015347174497460652 0.013776672582771519 -0.0037494089164123254 -0.00022894443252868951 -0.00021856876730290089 -0.0011187188491468857 0.012323119853386459 0.012688021018893963 0.0059330415615507512 0.00069745597288673725 -0.0038906640999291555 0.0098539418975680578
leaf_weight=8309.8364571053535 3825.3236742466688 21763.062488183379 2384.909748673439 272.82051299512386 1477.8835612535477 121705.26730692014 4736.4864151943475 17672.244133461267 1739.5130352973938 542.9428768157959 7592.8792524859309 3764.5719688534737 615.9889834523201 1180.2688590586185
leaf_count=4677 2823 13697 895 52 694 140198 3147 28508 141 2 1183 911 317 339
internal_value=2.60622e-06 -6.39771e-05 3.25341e-05 -0.00131487 0.000214298 0.000122715 0.00124456 0.000231984 0.00340138 0.00515233 0.00321375 0.0022347 0.00519204 0.00430869
internal_weight=197584 193759 185449 22035.9 163413 159848 38142.5 25197.2 7524.91 6047.03 12945.4 4307.51 8208.87 3565.18
internal_count=197584 194761 190084 13749 176335 175101 34903 30256 1748 1054 4647 913 1500 1234
is_linear=0
shrinkage=0.05


Tree=68
num_leaves=15
num_cat=0
split_feature=35 50 30 28 38 44 52 35 29 28 31 56 33 27
split_gain=17.0677 17.6628 17.6795 17.5833 17.6572 20.4192 17.7927 23.6839 16.8756 16.8665 15.6368 16.6557 15.7563 14.7099
threshold=0.016132541932165626 0.091639485210180296 0.084830801934003844 6.03906273841858 2.2499048709869389 0.14844829589128497 1.0000000180025095e-35 0.040479149669408805 0.74244821071624767 6.0438191890716562 0.80021008849143993 1.0000000180025095e-35 4.3757371902465829 2.9700856208801274
decision_type=2 2 2 2 2 2 2 2 2 2 2 2 2 2
left_child=1 -1 -3 4 6 -6 7 8 13 -5 -8 12 -12 -2
right_child=3 2 -4 9 5 -7 10 -9 -10 -11 11 -13 -14 -15
leaf_value=-0.0001724822260849004 0.011509739286066476 -0.0017085677692117952 -0.014976456662690011 0.014699998667902165 -0.0039551925957526648 0.014530819584415482 -0.0018906891032151177 0.0053292690400529776 0.0029301992334109656 0.0019468119158550104 -0.0010503104972771774 0.0084829153071734036 0.012622269154122054 -0.00058517813354911263
leaf_weight=160859.90359864943 247.03266716003418 691.41257116571069 386.975899502635 438.3807073533535 212.97773304581642 463.40400582551956 9365.6023816764355 3418.5414394699037 6052.3629281818867 623.21971529722214 2383.2585731595755 770.1929250061512 221.05904418230057 11449.675084320828
leaf_count=114160 101 936 385 106 134 179 5158 10409 30423 248 2245 172 46 32882
internal_value=2.59545e-06 -0.000215445 -0.00656356 0.000992934 0.00079724 0.00873716 0.000636327 0.00152463 0.000789251 0.00730119 -0.000839617 0.00207449 0.000154084 -0.000320122
internal_weight=197584 161938 1078.39 35645.7 34584.1 676.382 33907.7 21167.6 17749.1 1061.6 12740.1 3374.51 2604.32 11696.7
internal_count=197584 115481 1321 82103 81749 313 81436 73815 63406 354 7621 2463 2291 32983
is_linear=0
shrinkage=0.05


Tree=69
num_leaves=15
num_cat=0
split_feature=15 44 52 48 23 41 37 24 48 47 48 2 32 32
split_gain=16.4285 20.4609 16.2047 42.1301 24.3415 19.1059 23.6492 20.5102 18.4286 29.1874 18.0954 18.6888 16.6905 57.9558
threshold=0.018018382601439956 0.005249445093795658 1.0000000180025095e-35 0.45934559404850012 5.1789667606353769 0.58571431040763866 2.4414010047912602 0.0066748452372848996 0.38236925005912786 4.2835628986358651 0.52868646383285534 0.0063092110212892303 4.0689902305603036 4.0517470836639413
decision_type=2 2 2 2 2 2 2 2 2 2 2 2 2 2
left_child=-1 -2 8 4 -4 7 -7 -5 9 -3 11 -10 13 -9
right_child=1 2 3 5 -6 6 -8 12 10 -11 -12 -13 -14 -15
leaf_value=-0.00033172980054602607 -0.0019426109090369852 0.0058156051527847039 5.6254406707120429e-05 0.0071053577038145896 0.017103398545947508 0.00056525725116970103 0.0092955840835217806 -0.0014687540016221751 0.010452251517589148 -0.0027803253310400709 0.0016409245966680392 0.0027086047212924341 -0.0039775373130880639 0.016398172351507045
leaf_weight=128492.81207855791 6970.237260883674 1240.3238903880119 337.93706698715687 655.80560426414013 540.84175242483616 7543.67640440166 854.82804077863693 8902.2569552361965 1214.7038418594748 4691.3738948646933 27735.835998496041 2170.3801699467003 5764.7446671873331 468.24164772033691
leaf_count=125373 3544 686 327 266 92 3773 448 5404 1630 3174 44627 3065 5145 30
internal_value=2.58642e-06 0.000624291 0.000912575 -6.92394e-05 0.0106223 -0.000461878 0.00146386 -0.00148636 0.00157667 -0.000976145 0.0020634 0.00550994 -0.00186309 -0.000559418
internal_weight=197584 69091.2 62120.9 25068.3 878.779 24189.6 8398.5 15791 37052.6 5931.7 31120.9 3385.08 15135.2 9370.5
internal_count=197584 72211 68667 15485 419 15066 4221 10845 53182 3860 49322 4695 10579 5434
is_linear=0
shrinkage=0.05


Tree=70
num_leaves=15
num_cat=0
split_feature=45 22 29 45 41 32 31 30 29 22 35 23 28 48
split_gain=15.929 17.9944 33.2454 20.0277 24.5557 51.9347 29.455 24.7523 21.8778 18.7102 39.8053 35.5659 35.4166 65.0326
threshold=6.0828722325823045e-06 6.7702026367187509 0.13633998483419421 0.0081805675290524977 0.58571431040763866 4.0859410762786874 0.81043556332588207 0.0050475811585783967 0.35098537802696234 6.8007264137268075 0.04082255810499192 6.1643662452697763 3.3842465877532963 0.8619733750820161
decision_type=2 2 2 2 2 2 2 2 2 2 2 2 2 2
left_child=-1 2 -2 4 9 6 8 -8 -6 -3 11 -11 -13 -14
right_child=1 3 -4 -5 5 -7 7 -9 -10 10 -12 12 13 -15
leaf_value=-0.0022458064087366174 -0.00069306604497171428 0.00035161851018552988 0.0046611409593038944 -0.0016397888093193634 -0.00050179792468035671 0.0066080410461666324 0.0030867436118521782 0.015479247482372073 0.01299727690033645 -0.0015971058563135486 0.0080456926809840696 0.0088543319456593651 0.0034494296965902117 -0.008245796779418722
leaf_weight=7565.2931904792786 5758.173601442948 83978.16058281064 5824.6679765153676 17458.37750557065 16389.098248511553 4280.3090871870518 2192.4228826463223 485.98364371061325 295.7471752166748 44477.584451198578 1219.8991312980652 1535.2122602462769 4521.7771320343018 1601.292405128479
leaf_count=7872 23124 45472 93362 15118 5597 319 672 51 37 4852 113 211 574 210
internal_value=2.61054e-06 9.22412e-05 0.0020011 -3.17744e-05 0.000142709 0.00163067 0.000527563 0.00538452 -0.000254878 -0.00011356 -0.000845645 -0.00105519 0.0020901 0.000382461
internal_weight=197584 190019 11582.8 178436 160977 23643.6 19363.3 2678.41 16684.8 137334 53355.8 52135.9 7658.28 6123.07
internal_count=197584 189712 116486 73226 58108 6676 6357 723 5634 51432 5960 5847 995 784
is_linear=0
shrinkage=0.05


Tree=71
num_leaves=15
num_cat=0
split_feature=32 0 32 37 33 38 29 27 44 25 45 47 27 41
split_gain=15.1876 17.3423 16.4367 14.8024 25.5023 15.7367 26.367 14.1727 14.0512 13.008 19.6087 17.3671 43.4849 13.7554
threshold=2.0126758217811589 0.009569597430527212 2.1383330821990971 1.2424533367156985 0.89587974548339855 2.2499048709869389 0.15270651131868365 5.4722616672515878 0.064374465495347991 0.016066111624240879 0.0023189276689663534 6.1933839321136483 6.3306114673614511 0.65151515603065502
decision_type=2 2 2 2 2 2 2 2 2 2 2 2 2 2
left_child=-1 9 -3 4 -4 -5 -7 8 -6 11 13 12 -2 -11
right_child=1 2 3 5 7 6 -8 -9 -10 10 -12 -13 -14 -15
leaf_value=-0.0013942555604980137 -0.00022444895683573416 0.0061246567856442094 0.0012208812623076266 -0.00079630114372374657 0.0034100588500169827 -0.0033925754917649188 0.021055373508557962 0.0024026068262756103 0.016168292905608984 0.0011647671200135145 -0.00082931088004988018 -0.0019812296951487417 0.0097662444777640856 0.0047983668539324544
leaf_weight=17704.659412145615 98055.171816896647 1589.7883515357971 17393.076870935038 11602.841452762485 341.82580947875977 216.00120836496353 210.36362850666046 739.22846010699868 607.07146537303925 18552.873824844137 12233.944594666362 14223.20820337534 1091.3831233978271 3022.561051607132
leaf_count=6677 71466 196 23921 7262 133 178 34 627 228 45975 37738 2349 150 650
internal_value=2.60302e-06 0.000140159 0.00118152 0.000927036 0.00179265 -0.000446392 0.00887586 0.00764186 0.0116558 -9.12756e-05 0.000769344 -0.000347977 -0.0001135 0.0016758
internal_weight=197584 179879 32700.2 31110.4 19081.2 12029.2 426.365 1688.13 948.897 147179 33809.4 113370 99146.6 21575.4
internal_count=197584 190907 32579 32383 24909 7474 212 988 361 158328 84363 73965 71616 46625
is_linear=0
shrinkage=0.05


Tree=72
num_leaves=15
num_cat=0
split_feature=29 18 48 43 0 47 48 33 47 47 37 31 40 22
split_gain=14.6074 14.6042 15.3271 15.3726 24.0405 21.9768 21.8679 29.4493 41.4957 33.3809 48.1057 29.0465 24.2108 20.356
threshold=0.95625257492065441 6.0222353935241708 0.17942462116479876 3.5694335699081425 0.016261236742138866 4.1266138553619394 0.60323551297187816 1.7005987167358401 4.2193996906280526 4.1666352748870858 1.0000000180025095e-35 0.66450217366218578 4.2427234802744358e-05 6.7984981536865243
decision_type=2 2 2 2 2 2 2 2 2 2 2 2 2 2
left_child=1 -1 -3 4 -4 -5 7 8 9 -7 -11 -9 -12 -13
right_child=-2 2 3 5 -6 6 -8 11 -10 10 12 13 -14 -15
leaf_value=0.0031794027948337969 0.0030582423325683189 -0.002256322152514405 -0.0014689849366979417 0.0040302898216207561 0.013207298827039965 -0.0035554321657832138 -0.0002698080020946437 -0.00011715091014883487 -0.0012699511360607031 0.011942545256780462 0.011785198622244954 0.013079547336690589 0.00057306891780070537 0.0040849975070253166
leaf_weight=3412.3455900680274 3825.3236742466688 8002.9147482067347 21243.225234210491 3550.7821665108204 272.82051299512386 1458.7287236452103 120141.25724784657 4600.0196153465658 16921.214177824557 1703.01060962677 542.9428768157959 680.03845882415771 3734.546503841877 7494.8291339874268
leaf_count=67433 2823 3424 13422 1228 52 685 94895 2793 8309 134 2 276 900 1208
internal_value=2.61835e-06 -5.78627e-05 -0.000116061 -2.20082e-05 -0.00127684 0.000145937 5.79904e-05 0.00111828 9.83302e-05 0.00320814 0.00486105 0.00306163 0.0020204 0.00484829
internal_weight=197584 193759 190346 182343 21516 160827 157277 37135.3 24360.4 7439.23 5980.5 12774.9 4277.49 8174.87
internal_count=197584 194761 127328 123904 13474 110430 109202 14307 10030 1721 1036 4277 902 1484
is_linear=0
shrinkage=0.05


Tree=73
num_leaves=15
num_cat=0
split_feature=34 34 29 24 42 47 36 22 39 22 47 27 29 29
split_gain=14.2195 20.2319 32.0203 16.1823 20.755 24.4823 27.5497 23.1029 19.1111 25.0401 32.5467 20.0848 19.6055 18.016
threshold=0.59487226605415355 0.40545856952667242 0.78710895776748668 0.078164495527744307 1.0000000180025095e-35 4.1666352748870858 0.62145593762397777 6.7984981536865243 0.25998942553997045 6.7996129989624032 6.1695756912231454 6.3234620094299325 0.20164029300212863 0.14432041347026828
decision_type=2 2 2 2 2 2 2 2 2 2 2 2 2 2
left_child=1 2 3 -1 8 -6 7 -7 9 10 -5 -12 -11 -9
right_child=-2 -3 -4 4 5 6 -8 13 -10 12 11 -13 -14 -15
leaf_value=-0.00031268175205390796 0.0017331143000040496 -0.0013199908072982595 0.0052450292475651394 0.0015796778248234505 -0.0026365173611798656 0.00066865046660791086 0.00075716644675452051 0.013050932766244257 -0.0011238891794286337 -0.0015531767437089244 0.01440518065627178 0.0043868520261985183 0.0032967774849831824 0.0054082957322067853
leaf_weight=108235.59937909059 11188.323302358389 28786.213688224554 2981.4017828013748 8585.4516343194991 1640.0365435779095 1146.495968952775 3467.150352075696 1447.8082547187805 14763.56410693191 8861.8302338123322 851.62557411193848 1224.9505766630173 2713.5032439231873 1690.044632434845
leaf_count=61154 9724 22313 18483 57010 633 1256 2563 93 21918 1399 52 467 396 123
internal_value=2.62915e-06 -0.00010133 0.000121319 2.21956e-05 0.000803378 0.00290121 0.00407475 0.00675152 0.000270268 0.00119595 0.00294297 0.00854482 -0.00041438 0.00896487
internal_weight=197584 186396 157609 154628 46392.5 9391.54 7751.5 4284.35 37000.9 22237.4 10662 2076.58 11575.3 3137.85
internal_count=197584 187860 165547 147064 85910 4668 4035 1472 81242 59324 57529 519 1795 216
is_linear=0
shrinkage=0.05


Tree=74
num_leaves=15
num_cat=0
split_feature=45 22 29 50 35 29 43 0 48 48 32 27 36 33
split_gain=13.6073 15.8942 28.4181 17.063 27.9704 19.1136 17.1896 26.6423 21.3914 18.5889 38.6273 36.2497 33.3637 32.726
threshold=6.0828722325823045e-06 6.7702026367187509 0.13633998483419421 0.017128801904618744 0.085492223501205458 0.15270651131868365 3.5694335699081425 0.016261236742138866 0.17942462116479876 0.78188824653625499 6.1601512432098398 6.3306114673614511 0.74537035822868358 2.1383330821990971
decision_type=2 2 2 2 2 2 2 2 2 2 2 2 2 2
left_child=-1 2 -2 6 -5 -6 7 -3 -8 12 11 -11 -10 -14
right_child=1 3 -4 4 5 -7 8 -9 9 10 -12 -13 13 -15
leaf_value=-0.0020754967694131534 -0.0006114812092888074 -0.0013859388198604067 0.0043388010818081512 -0.0023995287903724933 -0.0032038142289373159 0.0096614008844789698 -0.0028421805621842654 0.01422429779502025 0.00056600238413252269 -4.3431079135081082e-05 -0.003651363216981075 0.0059109833524525774 0.0066268315979279143 0.00069582989911397947
leaf_weight=7565.2931904792786 5758.173601442948 21683.673494338989 5824.6679765153676 12853.519025295973 429.55359616875648 845.88861748576164 5166.2844324707985 266.88089042901993 65129.776235073805 52898.763849586248 7175.8854417204857 2675.8009080886841 4811.078760266304 4498.7592546343803
leaf_count=7872 23124 11997 93362 8873 513 481 1413 39 19518 25612 1823 463 1309 1185
internal_value=2.60799e-06 8.54493e-05 0.00187946 -3.11048e-05 -0.00169783 0.00533733 0.000112314 -0.00118975 0.000313155 0.000432176 -0.000201726 0.000244274 0.000966494 0.00376464
internal_weight=197584 190019 11582.8 178436 14129 1275.44 164307 21950.6 142356 137190 62750.5 55574.6 74439.6 9309.84
internal_count=197584 189712 116486 73226 9867 994 63359 12036 51323 49910 27898 26075 22012 2494
is_linear=0
shrinkage=0.05


Tree=75
num_leaves=15
num_cat=0
split_feature=15 44 26 36 3 37 50 50 0 36 48 48 47 47
split_gain=13.4227 16.3815 14.3487 12.4073 11.6955 12.3143 11.3266 15.6484 10.7713 10.6341 14.9855 19.2025 35.0529 19.0118
threshold=0.018018382601439956 0.005249445093795658 0.94894027709960949 0.91596046090126049 0.012739370577037336 1.5890269279479983 0.18757725507020953 0.16579353809356692 0.016261236742138866 0.10912698507308961 0.58065617084503185 0.38236925005912786 4.182021141052247 4.2835628986358651
decision_type=2 2 2 2 2 2 2 2 2 2 2 2 2 2
left_child=4 -2 3 9 6 -6 7 8 -1 -3 11 13 -13 -11
right_child=1 2 -4 -5 5 -7 -8 -9 -10 10 -12 12 -14 -15
leaf_value=-0.00038171580706172938 -0.0017322997618792039 -0.0027299663180068547 0.012145476690777746 -0.0019226021692414046 0.0059958038919301522 -0.003527995537790147 -0.010215002971649954 0.010983006827803727 0.010200863729854504 0.0049704316674799055 0.00063471253289881747 -0.0015104907370396235 0.0059292642609051543 -0.0020833366020796226
leaf_weight=125869.10020324029 6970.237260883674 1882.2393601126969 268.57956424355507 3988.9855611342937 1375.1789733096957 442.17323229648173 280.71974809654057 294.71791077405214 230.92201084084809 1341.5342678576708 43120.105028068647 2126.8508401215076 6144.676012467593 3247.9793005492538
leaf_count=123457 3544 241 251 1427 994 266 279 279 98 790 54390 753 7754 3061
internal_value=2.54289e-06 0.000564504 0.000822452 0.000771329 -0.000299646 0.00367198 -0.000356911 -0.00033421 -0.000361529 0.000957344 0.00108179 0.00257906 0.00401677 -1.51666e-05
internal_weight=197584 69091.2 62120.9 61852.4 128493 1817.35 126675 126395 126100 57863.4 55981.1 12861 8271.53 4589.51
internal_count=197584 72211 68667 68416 125373 1260 124113 123834 123555 66989 66748 12358 8507 3851
is_linear=0
shrinkage=0.05


Tree=76
num_leaves=15
num_cat=0
split_feature=34 34 29 49 29 27 24 42 47 36 45 45 29 21
split_gain=12.5799 18.872 26.6314 14.2514 14.9936 24.9948 13.9747 18.9165 21.5597 24.4521 21.5036 18.3245 28.6788 17.4049
threshold=0.59487226605415355 0.40545856952667242 0.78710895776748668 0.51773747801780712 0.36472629010677343 6.3306114673614511 0.078164495527744307 1.0000000180025095e-35 4.1666352748870858 0.62145593762397777 0.0026261231396347289 0.0017049917369149627 0.15270651131868365 0.72464603185653698
decision_type=2 2 2 2 2 2 2 2 2 2 2 2 2 2
left_child=1 2 6 4 5 -3 -1 13 -9 10 11 12 -10 -8
right_child=-2 3 -4 -5 -6 -7 7 8 9 -11 -12 -13 -14 -15
leaf_value=-0.00028186007135570134 0.0016301467207967902 -0.0013251209652207845 0.0047924485434309222 0.00035652184827495115 -0.0037209245647888329 0.011574818057392963 0.0041168801133372726 -0.0024387786379119749 0.012277395060668658 0.00073371326414577252 0.0017052681464933819 0.012411573629184222 -0.0038431665689964787 -5.7393633455059034e-05
leaf_weight=108235.59937909059 11188.323302358389 11389.500783115625 2981.4017828013748 9155.5469745844603 7862.8197810798883 378.34614944458008 2683.1221487876028 1640.0365435779095 525.37433496117592 3467.150352075696 1568.7527910321951 1628.3984626978636 561.8232674151659 34317.803220974281
leaf_count=61154 9724 6469 18483 12578 3214 52 55139 633 144 2563 1014 242 72 26103
internal_value=2.48346e-06 -9.52986e-05 0.000119737 -0.00127229 -0.00203175 -0.000900902 2.93382e-05 0.000755281 0.00275804 0.0038593 0.0063811 0.00906609 0.00398779 0.000246334
internal_weight=197584 186396 157609 28786.2 19630.7 11767.8 154628 46392.5 9391.54 7751.5 4284.35 2715.6 1087.2 37000.9
internal_count=197584 187860 165547 22313 9735 6521 147064 85910 4668 4035 1472 458 216 81242
is_linear=0
shrinkage=0.05


Tree=77
num_leaves=15
num_cat=0
split_feature=28 28 19 45 41 22 37 43 47 36 22 29 32 33
split_gain=12.342 20.0667 15.1859 13.3762 14.3197 31.3241 43.251 16.6465 27.6539 31.8498 16.1606 25.9395 17.3834 17.6644
threshold=6.03906273841858 6.0438191890716562 0.4217603206634522 4.4451146550272833e-06 0.58571431040763866 6.7996129989624032 0.89587974548339855 3.9415346384048466 4.182021141052247 0.6348484754562379 6.7702026367187509 0.13633998483419421 4.0163424015045175 3.5972183942794804
decision_type=2 2 2 2 2 2 2 2 2 2 2 2 2 2
left_child=3 2 -2 -1 10 7 -7 -6 9 -9 11 12 13 -5
right_child=1 -3 -4 4 5 6 -8 8 -10 -11 -12 -13 -14 -15
leaf_value=-0.002453615199226781 0.01382736494824191 0.00059829628022604203 0.0021734991145810237 -0.0012848665779080989 -0.0028700976862513004 0.00085691463830626338 0.0071946981518946186 0.014078931261754815 -0.00038152669952558793 0.00074071297259540409 -0.00030409580788474212 0.0041942874911635201 -0.0021383435094897885 0.012761873936626957
leaf_weight=5638.1360288113356 589.88505181670189 3126.8149172961712 531.69242881238461 458.01772040128708 4718.5865189135075 8036.3083543777466 4040.2699127197266 753.88822793960571 10336.719427123666 1083.6537976264954 148353.31547439098 5268.1794916260988 4223.9037324879318 424.62818965315819
leaf_count=6221 245 1250 272 2073 3187 852 75 117 11631 394 62094 90915 17697 561
internal_value=2.45527e-06 0.00266508 0.00837079 -5.61885e-05 1.59533e-05 0.00103802 0.00298145 -0.000352263 0.000625172 0.00625957 -0.000170638 0.0017362 -0.000802926 0.00554008
internal_weight=197584 4248.39 1121.58 193336 187697 28969.4 12076.6 16892.8 12174.3 1837.54 158728 10374.7 5106.55 882.646
internal_count=197584 1767 517 195817 189596 16256 927 15329 12142 511 173340 111246 20331 2634
is_linear=0
shrinkage=0.05


Tree=78
num_leaves=15
num_cat=0
split_feature=29 18 21 41 22 37 22 35 23 43 48 33 20 33
split_gain=12.0206 11.0785 13.6693 12.5537 26.4609 31.6597 14.5994 28.3128 24.5821 28.3066 37.9115 26.7703 19.4932 16.721
threshold=0.95625257492065441 6.6220710277557382 0.85379686951637279 0.58571431040763866 6.7996129989624032 0.89587974548339855 6.8007264137268075 0.04082255810499192 6.1643662452697763 4.3107767105102548 0.8619733750820161 1.7005987167358401 0.014162189327180387 2.3502402305603032
decision_type=2 2 2 2 2 2 2 2 2 2 2 2 2 2
left_child=1 2 3 6 -5 -6 -1 8 13 12 11 -11 -10 -8
right_child=-2 -3 -4 4 5 -7 7 -9 9 10 -12 -13 -14 -15
leaf_value=0.00016589093405122428 0.0027743382084115045 -0.0019209392143166356 0.0082280825589979619 -0.00032076812261535995 0.00083601195683046014 0.006153827068157044 -0.0018822257662710921 0.0063951166647420793 0.013330934739292567 -0.00052719300859845064 -0.0081053929009717429 0.0084728459445714086 0.0019265215961734453 0.00075985454540089797
leaf_weight=104181.74809926376 3825.3236742466688 7610.7296355217695 496.35150548815727 17042.081130251288 7873.8701686859131 4335.7004890441895 37441.33553647995 1301.7396397590637 771.24407386779785 2536.775580406189 1102.4664821624756 1214.5682849884033 727.58874893188477 7122.476224899292
leaf_count=168591 2823 2171 899 16367 835 86 4136 120 106 309 144 164 100 733
internal_value=2.45142e-06 -5.24135e-05 2.40809e-05 1.70503e-06 0.000952234 0.00272789 -0.000176123 -0.000858384 -0.00104505 0.00186269 3.28101e-06 0.00240152 0.00784427 -0.00145988
internal_weight=197584 193759 186148 185652 29251.7 12209.6 156400 52218.2 50916.5 6352.64 4853.81 3751.34 1498.83 44563.8
internal_count=197584 194761 192590 191691 17288 921 174403 5812 5692 823 617 473 206 4869
is_linear=0
shrinkage=0.05


Tree=79
num_leaves=15
num_cat=0
split_feature=15 45 52 42 1 47 2 33 3 34 1 48 28 48
split_gain=11.6643 14.3224 15.725 21.7518 25.112 21.405 21.051 20.9559 31.2895 20.7674 29.3168 32.8782 17.7014 20.6317
threshold=0.018018382601439956 0.00017596444376977163 1.0000000180025095e-35 1.0000000180025095e-35 0.010811126790940763 4.1971738338470468 0.013423423748463394 3.9981586933135991 0.0094788861460983771 0.062095038592815406 0.00766294775530696 0.55129432678222667 2.8617925643920903 0.38236925005912786
decision_type=2 2 2 2 2 2 2 2 2 2 2 2 2 2
left_child=-1 -2 3 5 -5 7 -6 8 -3 10 -4 -12 -7 -14
right_child=1 2 9 4 6 12 -8 -9 -10 -11 11 -13 13 -15
leaf_value=-0.00027928053203517039 -0.001050538552895135 0.0025534880477808362 -0.0022414155437665887 0.0013322469095082333 0.016570915475186139 -0.0013465216927845396 0.0015994081748233841 0.00038757939930617334 0.014146983956898819 -0.0014219529345589651 0.014413754860736788 0.0024190210123417964 -0.0024585781917361481 0.0021124480358950585
leaf_weight=128492.81207855791 11909.372280241922 1343.3082739114761 3174.1794587522745 1240.2261538058519 724.15488748252392 7694.2275842130184 348.57668606936932 1742.5979914665222 1024.3777351379395 13440.995338007808 628.85371074080467 5478.0396886318922 2865.7535292841494 17476.52387769334
leaf_count=125373 7187 417 2336 900 317 3067 106 402 286 9022 199 2959 2422 42591
internal_value=2.42066e-06 0.000526281 0.000854815 0.00152795 0.00620103 0.0011899 0.0117657 0.00455509 0.00760781 -0.000166276 0.00165179 0.00367572 0.000695103 0.00146761
internal_weight=197584 69091.2 57181.8 34459.7 2312.96 32146.8 1072.73 4110.28 2367.69 22722.1 9281.07 6106.89 28036.5 20342.3
internal_count=197584 72211 65024 50508 1323 49185 423 1105 703 14516 5494 3158 48080 45013
is_linear=0
shrinkage=0.05


Tree=80
num_leaves=15
num_cat=0
split_feature=35 50 49 28 44 41 22 52 35 29 27 35 33 18
split_gain=11.0045 15.342 15.5732 14.2018 15.4623 14.4608 14.3871 13.2818 17.4443 12.7881 13.752 11.9698 14.7251 12.7741
threshold=0.016132541932165626 0.1041422337293625 0.035415818914771087 6.0366761684417733 0.47614341974258428 0.77500000596046459 6.7984981536865243 1.0000000180025095e-35 0.040479149669408805 0.83586260676383983 2.9700856208801274 0.042079096660017974 2.6735538244247441 6.5715825557708749
decision_type=2 2 2 2 2 2 2 2 2 2 2 2 2 2
left_child=1 -1 -3 5 -5 7 -7 8 9 10 -2 -10 13 -13
right_child=3 2 -4 4 -6 6 -8 -9 11 -11 -12 12 -14 -15
leaf_value=-0.00013738112427027512 0.011146016661184912 0.011274561470103162 -0.0093519076680552912 0.011847587151505877 0.00070527418208452138 -0.001741438370696679 0.009392487664184785 -0.00091489729232181185 0.015967076296154816 0.0027170753999773011 -0.00053764597156241223 0.0031035787148389875 0.00014732446720559374 0.011989183921494192
leaf_weight=161102.05032896996 247.03266716003418 95.646745353937149 740.59499499388039 587.20079416036606 653.34083551168442 427.47399942576885 875.35111403465271 12113.669549435377 201.81895375996828 4824.4077720623463 12503.806689530611 957.770213810727 1550.9610640015453 702.87355178594589
leaf_count=114490 101 44 947 116 298 429 113 7392 1174 7774 55476 8126 809 295
internal_value=2.4179e-06 -0.000172661 -0.00688736 0.000797625 0.00603197 0.000607194 0.00575386 0.000402957 0.00116363 0.00052728 -0.000302731 0.00442902 0.00365665 0.0069137
internal_weight=197584 161938 836.242 35645.7 1240.54 34405.2 1302.83 33102.3 20988.7 17575.2 12750.8 3413.42 3211.6 1660.64
internal_count=197584 115481 991 82103 414 81689 542 81147 73755 63351 55577 10404 9230 8421
is_linear=0
shrinkage=0.05


Tree=81
num_leaves=15
num_cat=0
split_feature=32 45 24 0 32 37 33 38 29 22 22 47 24 29
split_gain=10.7208 13.0015 12.3962 12.2124 12.0881 12.2244 21.2429 13.3454 22.8662 11.7486 23.8635 50.415 20.4169 16.1637
threshold=2.0126758217811589 4.4451146550272833e-06 0.32415935397148138 0.009569597430527212 2.1383330821990971 1.2424533367156985 0.89587974548339855 2.2499048709869389 0.15270651131868365 6.7984981536865243 6.8007264137268075 4.2835628986358651 0.13892186433076861 0.070666629821062102
decision_type=2 2 2 2 2 2 2 2 2 2 2 2 2 2
left_child=2 -2 -1 -3 -5 6 9 -7 -9 12 11 -11 13 -6
right_child=1 3 -4 4 5 7 -8 8 -10 10 -12 -13 -14 -15
leaf_value=-0.00094963903948302769 -0.0024912753169624557 -1.0953498351976619e-05 -0.0090910538192525304 0.005303755196959665 -0.00060547086652405389 -0.00073458637661258808 0.0069955557514958973 -0.0033036527211843542 0.019510648546892634 0.013363346229308652 0.00026250805602940041 0.0013650103142214191 0.0021139169850534589 -0.0079804730970251918
leaf_weight=17233.859733998775 4640.6447924226522 142996.41292249225 470.79967814683914 1589.7883515357971 1913.5326105225831 11466.850202038884 1675.3138024546206 214.02926272153854 210.36362850666046 1269.4071207046509 6501.4403743743896 2781.7643582820892 3413.4367648418993 1206.3556709531695
leaf_count=6400 5727 153185 277 196 2516 7116 977 175 34 96 651 487 18441 1306
internal_value=2.46303e-06 0.000118034 -0.00117114 0.000187272 0.00106614 0.000844702 0.00163932 -0.00040932 0.00819379 0.00111034 0.00214126 0.00514826 -0.000555509 -0.00347352
internal_weight=197584 179879 17704.7 175239 32242.3 30652.5 18761.3 11891.2 424.393 17085.9 10552.6 4051.17 6533.33 3119.89
internal_count=197584 190907 6677 185180 31995 31799 24474 7325 209 23497 1234 583 22263 3822
is_linear=0
shrinkage=0.05


Tree=82
num_leaves=15
num_cat=0
split_feature=50 50 28 28 19 22 29 50 35 27 43 0 48 32
split_gain=10.2055 10.525 10.1434 17.7166 12.9433 10.9106 26.7258 12.5791 17.4527 17.7364 11.5086 23.3844 16.1432 38.9162
threshold=0.18757725507020953 0.16579353809356692 6.03906273841858 6.0438191890716562 0.4217603206634522 6.7702026367187509 0.042277194559574134 0.017128801904618744 0.085492223501205458 5.4868674278259286 3.5694335699081425 0.016261236742138866 0.77870926260948192 6.1601512432098398
decision_type=2 2 2 2 2 2 2 2 2 2 2 2 2 2
left_child=1 2 5 4 -4 6 -1 10 -9 -10 11 -7 -12 -14
right_child=-2 -3 3 -5 -6 7 -8 8 9 -11 12 -13 13 -15
leaf_value=-0.0019864079715629901 -0.0077959715210133597 0.0079686807049471602 0.012814763371003519 0.00047421652493498628 0.0020545549790205687 -0.0012984362386785698 0.0029446769479645682 -0.0021457519426420833 -0.0018997069034436135 0.011351981165871697 0.00060172422360749416 0.013328052475051828 -6.788172378662453e-05 -0.0042928808751841723
leaf_weight=4030.0448789168149 408.64489047043025 405.473005624488 589.88505181670189 3126.8149172961712 531.69242881238461 21267.387023925781 8588.2107884828001 12308.203807651997 502.44991838932037 492.64633655548096 80198.601015359163 266.88089042901993 58870.691448658705 5996.372871607542
leaf_count=16006 462 462 245 1250 272 11906 104537 8504 553 258 24712 39 26850 1528
internal_value=2.39996e-06 1.89566e-05 2.1709e-06 0.0024159 0.00777704 -5.12158e-05 0.00136945 -0.000150931 -0.0016299 0.00470853 -3.27421e-05 -0.00111106 0.000127395 -0.000459046
internal_weight=197584 197175 196770 4248.39 1121.58 192521 12618.3 179903 13303.3 995.096 166600 21534.3 145066 64867.1
internal_count=197584 197122 196660 1767 517 194893 120543 74350 9315 811 65035 11945 53090 28378
is_linear=0
shrinkage=0.05


Tree=83
num_leaves=15
num_cat=0
split_feature=29 18 16 21 41 22 37 43 47 36 22 35 23 43
split_gain=10.1354 9.77235 12.2237 11.291 11.2988 23.0002 27.3544 13.9572 25.6001 29.3044 13.1386 23.1098 22.0078 25.4794
threshold=0.95625257492065441 6.6220710277557382 4.5000000000000009 0.85379686951637279 0.58571431040763866 6.7996129989624032 0.89587974548339855 3.9415346384048466 4.182021141052247 0.6348484754562379 6.8007264137268075 0.04082255810499192 6.1643662452697763 4.3107767105102548
decision_type=2 2 2 2 2 2 2 2 2 2 2 2 2 2
left_child=1 3 -3 4 10 7 -7 -6 9 -9 -1 12 -12 -14
right_child=-2 2 -4 -5 5 6 -8 8 -10 -11 11 -13 13 -15
leaf_value=0.00015923511210312079 0.0025476251281446442 -0.0011847293322520844 -0.0083102672740885258 0.0074800294729089126 -0.0026403978748648065 0.00080214732963027134 0.0057452295426207991 0.013654519071160755 -0.00033973846721071865 0.00066963337413495966 -0.0013735888072338412 0.0057408142376276627 0.0074451969569956523 6.0724935819465815e-06
leaf_weight=104181.74809926376 3825.3236742466688 6961.2151453047991 649.51449021697044 496.35150548815727 4575.3522024452686 7873.8701686859131 4335.7004890441895 740.00222063064575 10691.203959420323 1035.5227477550507 44563.811761379242 1301.7396397590637 1498.8328227996826 4853.8103475570679
leaf_count=168591 2823 1971 200 899 3115 835 86 116 12760 376 4869 120 206 617
internal_value=2.36107e-06 -4.80183e-05 -0.00180294 2.38255e-05 3.48907e-06 0.000905258 0.00256073 -0.000281592 0.000585524 0.00612763 -0.000165217 -0.000812445 -0.000981081 0.00177019
internal_weight=197584 193759 7610.73 186148 185652 29251.7 12209.6 17042.1 12466.7 1775.52 156400 52218.2 50916.5 6352.64
internal_count=197584 194761 2171 192590 191691 17288 921 16367 13252 492 174403 5812 5692 823
is_linear=0
shrinkage=0.05


Tree=84
num_leaves=15
num_cat=0
split_feature=15 44 52 48 30 43 47 21 35 34 34 21 48 42
split_gain=9.76314 12.5679 11.2134 31.8415 19.6872 13.6366 50.368 12.5971 13.3547 16.9334 17.761 22.962 13.1131 12.9978
threshold=0.018018382601439956 0.005249445093795658 1.0000000180025095e-35 0.45934559404850012 0.0027739836368709807 3.9415346384048466 4.182021141052247 0.80995392799377453 0.00066791792050935339 0.35636089742183691 0.13556768745183947 0.8090147376060487 0.90571102499961864 1.0000000180025095e-35
decision_type=2 2 2 2 2 2 2 2 2 2 2 2 2 2
left_child=-1 -2 7 4 -4 -5 -7 8 -3 10 -10 12 13 -12
right_child=1 2 3 5 -6 6 -8 -9 9 -11 11 -13 -14 -15
leaf_value=-0.00025540331449134184 -0.0015301756645998068 -0.001131613179021467 0.014177378824465018 -0.0023535450280796305 -0.0018489945858746624 0.0084658325428501428 -0.00059349582219936445 -3.8386482949312894e-05 0.0022159847912453729 0.00074760345603419489 0.0033846715868490885 0.028838337372650388 0.01335712868761515 0.012502600860581033
leaf_weight=128492.81207855791 6970.237260883674 3134.4474541395903 603.10334722697735 6767.3124774098396 275.67547218501568 1689.9671497344971 15732.273692443967 12420.677160412073 8093.883667955175 9280.6285946089774 3108.2159975580871 100.10908100008965 474.53984010778368 440.11599977314472
leaf_count=125373 3544 1044 194 4221 225 367 10478 7781 4720 9204 29538 26 786 83
internal_value=2.31995e-06 0.00048159 0.000707529 -0.00010918 0.00918562 -0.000450506 0.000289616 0.00125996 0.00191441 0.00235885 0.00358123 0.00624953 0.00561729 0.00454757
internal_weight=197584 69091.2 62120.9 25068.3 878.779 24189.6 17422.2 37052.6 24631.9 21497.5 12216.9 4122.98 4022.87 3548.33
internal_count=197584 72211 68667 15485 419 15066 10845 53182 45401 44357 35153 30433 30407 29621
is_linear=0
shrinkage=0.05


Tree=85
num_leaves=15
num_cat=0
split_feature=45 28 0 48 48 32 27 31 27 29 37 47 32 47
split_gain=9.3788 10.5084 17.2693 17.218 15.1816 36.5952 33.7977 24.399 23.0853 21.1822 20.7146 18.9764 63.583 26.5284
threshold=4.4451146550272833e-06 2.4414010047912602 0.016261236742138866 0.17942462116479876 0.78188824653625499 6.1601512432098398 6.3306114673614511 0.80368444323539745 6.3288288116455087 0.44659084081649786 4.4365937709808358 4.182021141052247 4.0689902305603036 6.1158044338226327
decision_type=2 2 2 2 2 2 2 2 2 2 2 2 2 2
left_child=-1 2 -2 -3 -5 6 7 8 10 -8 -6 12 -9 -13
right_child=1 3 -4 4 5 -7 9 11 -10 -11 -12 13 -14 -15
leaf_value=-0.0019870558775066287 -0.00065042580571636434 -0.0029238999665546096 0.009951194975789366 0.00089254882914980129 -0.0015661496309869846 -0.0034396382319589755 0.010232101494443016 0.0086507260313729867 0.0056976192898040671 -0.00024913265955107803 0.0023936977313222321 -0.0012492597618785821 -0.0048544123100539294 0.0022858747829189118
leaf_weight=5741.6437070816755 48904.852959990501 4064.6599819529802 377.19143688678741 69876.053256908432 28725.236220121384 7535.0210866332054 1338.763298034668 2729.1529623568058 1284.6851835250854 749.41641139984131 3722.4967299699783 10088.038291662931 1270.4695527106524 11176.318194761872
leaf_count=6289 15833 1926 51 97022 39170 1874 184 1299 153 103 1600 12829 1560 17691
internal_value=2.3961e-06 6.20388e-05 -0.000567282 0.000279615 0.000373838 -0.000154424 0.000251317 2.95323e-05 -0.000850342 0.00648728 -0.00111127 0.00120421 0.00435945 0.00060897
internal_weight=197584 191842 49282 142560 138496 68619.6 61084.6 58996.4 33732.4 2088.18 32447.7 25264 3999.62 21264.4
internal_count=197584 191295 15884 175411 173485 76463 74589 74302 40923 287 40770 33379 2859 30520
is_linear=0
shrinkage=0.05


Tree=86
num_leaves=15
num_cat=0
split_feature=29 22 29 39 20 19 22 22 15 46 43 33 18 47
split_gain=9.3211 9.32888 22.8476 11.7992 16.8496 23.8342 21.0975 23.0127 25.0374 25.6696 19.8535 18.9862 17.7781 17.509
threshold=0.96575471758842479 6.7702026367187509 0.042277194559574134 0.27850554883480078 0.012283940799534323 0.30097459256649023 6.8007264137268075 6.7850186824798593 0.0080972984433174151 0.7793162763118745 4.2555875778198251 1.8688347935676577 6.5446307659149179 4.182021141052247
decision_type=2 2 2 2 2 2 2 2 2 2 2 2 2 2
left_child=1 2 -1 4 10 6 7 -6 -9 -10 -3 -8 -11 -14
right_child=-2 3 -4 -5 5 -7 11 8 9 12 -12 -13 13 -15
leaf_value=-0.0018146705878947763 0.0038959668853884933 0.0002499164723556362 0.0027341106825690244 -0.00070721292019027731 -0.0026779126112323826 0.0089161337433917489 -0.0022927328799092557 -0.00066140941724327417 0.0010517482861779216 0.015136997821496512 -0.0014308090172354278 0.005587637741010904 0.011396488544861871 0.0039908629059434934
leaf_weight=4046.398896696046 1515.2191441059113 79692.517061084509 8638.8294453117996 58148.146876573563 2180.8456283211708 992.74626493453979 5934.1181211471558 3634.0305863022804 3807.6506226658821 517.89923018217087 22529.426307439804 867.47155570983887 989.47009110450745 4089.2294424176216
leaf_count=16060 1095 24904 104937 28776 4254 266 689 1131 1401 84 12440 99 239 1209
internal_value=2.33496e-06 -2.79522e-05 0.00128283 -0.000118688 0.000154605 0.0013766 0.00103281 0.00206702 0.00286212 0.00422295 -0.000120614 -0.00128095 0.00637476 0.00545324
internal_weight=197584 196069 12685.2 183384 125235 23013.5 22020.7 15219.1 13038.3 9404.25 102222 6801.59 5596.6 5078.7
internal_count=197584 196489 120997 75492 46716 9372 9106 8318 4064 2933 37344 788 1532 1448
is_linear=0
shrinkage=0.05


Tree=87
num_leaves=15
num_cat=0
split_feature=28 18 1 47 33 47 31 35 42 43 23 0 42 22
split_gain=9.22062 10.1449 10.8593 16.4184 13.0408 13.9664 34.0565 28.3174 19.9343 25.572 16.96 16.2444 13.3258 12.5264
threshold=6.0318858623504648 6.6220710277557382 0.0078432578593492525 3.9015133380889897 4.0342013835906991 4.1971738338470468 0.77723839879035961 0.0057767510879784831 1.0000000180025095e-35 3.9019216299057011 3.0677825212478642 0.0093025267124176043 1.0000000180025095e-35 6.8007264137268075
decision_type=2 2 2 2 2 2 2 2 2 2 2 2 2 2
left_child=1 2 -1 -4 5 6 10 -8 13 -10 11 -5 -9 -7
right_child=-2 -3 3 4 -6 8 7 12 9 -11 -12 -13 -14 -15
leaf_value=-0.00023931600450261093 0.0014723653652150349 -0.0019990933758030848 -0.002116629209913597 0.00071720230268686018 -0.0023181684827619179 0.0010015358402892236 0.0021592051127659263 0.018676246218595073 0.008498112796129928 0.0014891646011357335 -0.001575598430574789 0.01270983010746151 0.0074878518338719995 -0.0012206217996667118
leaf_weight=132923.09904449992 10110.690728232265 6612.6664186269045 4850.5406777113676 689.25293850898743 2843.2439710237086 16832.267946684733 944.41831600666046 633.91102778911591 1680.5442731082439 5680.0063045322895 2661.2680013179779 469.83773028850555 489.99161696434021 10162.260278701782
leaf_count=142464 3772 1837 2683 213 1152 38236 204 114 132 4296 993 186 129 1173
internal_value=2.32798e-06 -7.70274e-05 -6.64581e-06 0.000638427 0.000948998 0.00118034 0.00342819 0.00857928 0.000794162 0.00309879 0.000624306 0.00564555 0.0139075 0.000164848
internal_weight=197584 187473 180861 47937.5 43087 40243.8 5888.68 2068.32 34355.1 7360.55 3820.36 1159.09 1123.9 26994.5
internal_count=197584 193812 191975 49511 46828 45676 1839 447 43837 4428 1392 399 243 39409
is_linear=0
shrinkage=0.05


Tree=88
num_leaves=15
num_cat=0
split_feature=50 50 24 34 34 29 32 32 27 44 39 24 34 22
split_gain=9.05409 9.53578 9.27514 8.65607 17.6087 21.0251 13.5926 11.3761 20.4611 15.2956 18.6134 14.1671 11.746 11.0424
threshold=0.18757725507020953 0.16579353809356692 0.24369534850120547 0.59487226605415355 0.40545856952667242 0.78710895776748668 6.1643662452697763 6.1622610092163095 6.3306114673614511 0.64983952045440685 0.41271150112152105 0.79848679900169384 0.56210440397262584 6.7850186824798593
decision_type=2 2 2 2 2 2 2 2 2 2 2 2 2 2
left_child=1 3 -2 4 5 -1 13 8 9 11 -11 -6 -9 -5
right_child=2 -3 -4 6 7 -7 -8 12 -10 10 -12 -13 -14 -15
leaf_value=4.7895442506235154e-05 -0.0013514137026822805 0.0075848325248812978 -0.016677146339356411 0.0037896108428533103 -0.0015383824818097445 0.0042813092475530879 0.0068182996977397452 -0.0046572323763464582 0.0057564196846684049 0.011245807699005184 9.2334464227611891e-05 -0.0066920191516639639 0.00079599362611887554 -0.00011619221565089997
leaf_weight=154097.75803158432 255.85862106084824 405.473005624488 152.78626940958202 2351.3010246455669 12400.283507471904 2979.7983767576516 1023.5093465149403 3985.5972870290279 1140.9151268005371 382.73689978756011 7870.8956984877586 1486.1120291948318 1308.1207063794136 7742.8533432483673
leaf_count=146483 239 462 223 6818 7906 18420 232 803 160 401 10617 1880 330 2610
internal_value=2.3248e-06 1.79195e-05 -0.00734297 1.94211e-06 -7.92418e-05 0.000128472 0.00135647 -0.00122071 -0.000744251 -0.00108169 0.000622525 -0.00209434 -0.00331074 0.000796464
internal_weight=197584 197175 408.645 196770 185652 157078 11117.7 28574.7 23280.9 22140 8253.63 13886.4 5293.72 10094.2
internal_count=197584 197122 462 196660 187000 164903 9660 22097 20964 20804 11018 9786 1133 9428
is_linear=0
shrinkage=0.05


Tree=89
num_leaves=15
num_cat=0
split_feature=32 27 24 0 45 20 46 2 48 56 18 42 28 44
split_gain=8.35078 11.6856 11.0785 10.4632 11.2674 11.9757 30.4895 13.1247 11.9308 30.5875 10.6085 11.4646 40.8813 19.6108
threshold=2.0126758217811589 3.0201274156570439 0.32415935397148138 0.0079682543873786944 0.00017596444376977163 0.001424846414010972 0.80586275458335888 0.013072453904896976 0.47057749330997473 1.0000000180025095e-35 6.6220710277557382 1.0000000180025095e-35 2.0126758217811589 0.52734130620956432
decision_type=2 2 2 2 2 2 2 2 2 2 2 2 2 2
left_child=2 -2 -1 -3 8 6 7 -6 9 -5 11 -7 -13 -14
right_child=1 3 -4 4 5 10 -8 -9 -10 -11 -12 12 13 -15
leaf_value=-0.00082420413403065738 0.0031002281879101952 -0.00018027991191320067 -0.0085205422406565527 -0.0011422727266146837 -0.0013515633833188229 0.00053277542807257726 0.015452224782115746 0.0093450737499613835 -0.0019319940521184066 0.015751800804804379 -0.0031145386212541194 0.013424682541684297 0.00092497949717104417 0.013860745443798034
leaf_weight=17233.859733998775 3186.8386588096619 130087.67464236356 470.79967814683914 1054.2682048901916 1166.6749819666147 27212.548269195482 493.50078150629997 369.42389579117298 6490.3926585130394 348.68118563294411 1614.5687130391598 788.59282192587852 6769.8094124644995 296.36563575267792
leaf_count=6400 888 142192 277 501 369 37680 102 87 4027 20 447 48 4526 20
internal_value=2.23229e-06 0.000104232 -0.00103356 5.00236e-05 0.000692769 0.00104381 0.00477329 0.00126473 -0.00102799 0.00313825 0.000836213 0.00101895 0.00270046 0.00148635
internal_weight=197584 179879 17704.7 176693 46604.8 38711.5 2029.6 1536.1 7893.34 1402.95 36681.9 35067.3 7854.77 7066.18
internal_count=197584 190907 6677 190019 47827 43279 558 456 4548 521 42721 42274 4594 4546
is_linear=0
shrinkage=0.05


Tree=90
num_leaves=15
num_cat=0
split_feature=35 27 50 32 32 29 22 22 36 29 19 42 31 36
split_gain=8.2811 20.9118 12.4174 12.9215 13.6388 10.209 9.69469 29.3361 26.5509 27.731 24.0522 22.9543 27.8305 23.0318
threshold=0.085492223501205458 5.4868674278259286 0.017128801904618744 6.1622610092163095 4.8374145030975351 0.96575471758842479 6.7929053306579599 6.7984981536865243 0.6601788103580476 0.040945384651422508 0.16495464742183688 1.0000000180025095e-35 0.73797965049743663 0.6348484754562379
decision_type=2 2 2 2 2 2 2 2 2 2 2 2 2 2
left_child=2 -2 5 4 -4 6 8 -8 -1 -10 -11 -9 13 -13
right_child=1 -3 3 -5 -6 -7 7 11 9 10 -12 12 -14 -15
leaf_value=-0.0006034195078166802 -0.00078503837767267639 0.0092692432367847272 -0.0016351986507448478 -0.010137699016053082 0.0034698166781546359 0.0042950119088618977 -0.0015995541752170689 -0.0001215787749609852 -0.00081322187311555028 0.007051940555247104 0.0020461764814194961 0.0054915555151627757 0.00010876300494265913 0.0005878105943905714
leaf_weight=15751.457887059078 1348.7749899011105 827.37340265512466 13710.968673557043 400.89622068405151 1436.8687716070563 1418.7108148187399 27245.307372808456 96503.783544301987 4915.5879940744489 3592.9608280975372 7224.9012837018818 6200.7162616252899 13104.499598503113 3901.1916306018829
leaf_count=100467 1479 492 13871 59 13946 953 15316 16367 10186 5716 15682 347 1743 960
internal_value=2.26067e-06 0.00306252 -3.19747e-05 -0.00138711 -0.00114899 8.52467e-05 5.15377e-05 -0.000119065 0.00084761 0.00229976 0.00371373 0.000217991 0.00162953 0.00360026
internal_weight=197584 2176.15 195408 15548.7 15147.8 179859 178440 146955 31484.9 15733.5 10817.9 119710 23206.4 10101.9
internal_count=197584 1971 195613 27876 27817 167737 166784 34733 132051 31584 21398 19417 3050 1307
is_linear=0
shrinkage=0.05


Tree=91
num_leaves=15
num_cat=0
split_feature=28 34 46 36 24 34 49 18 44 41 36 22 32 25
split_gain=8.13803 9.50944 14.5321 10.9455 10.5337 9.68482 14.4668 8.57634 9.02726 8.71212 18.5254 25.2848 47.6545 19.0626
threshold=6.0318858623504648 0.24921132624149325 0.9104173779487611 0.6601788103580476 0.55412355065345775 0.39648072421550756 0.41215477883815771 6.0173752307891855 0.035874078050255782 0.58571431040763866 0.62145593762397777 6.7984981536865243 4.0517470836639413 0.0064985863864421853
decision_type=2 2 2 2 2 2 2 2 2 2 2 2 2 2
left_child=7 2 3 -2 -3 -6 -7 8 -1 -9 11 -11 13 -13
right_child=1 4 -4 -5 5 6 -8 9 -10 10 -12 12 -14 -15
leaf_value=-0.0031631922630397688 0.0026752161552171198 -0.0056923190663067877 -0.0029293306667374959 0.0093252440769160724 0.0061998519410318038 -0.003780768870544795 0.0018777347146901825 -0.00026995705115008951 0.0036553722770805023 -0.0011592277749366581 -0.00062740548931563135 -0.0011791580479376823 0.0068579787999308462 0.0059857856934364658
leaf_weight=582.16356777213514 1603.0500510036945 649.0396369099617 673.1964798271656 1010.4240481853485 761.13018751144409 1591.6813628971577 3822.1689618974924 153994.34547048435 2722.6583351138979 4821.1081450730562 14517.211462169886 4831.1277360916138 4866.1217737197876 1138.5720553398132
leaf_count=1568 344 312 964 150 167 289 1546 112999 61658 5459 11240 474 278 136
internal_value=2.18971e-06 0.00138323 0.00358836 0.005272 0.000317476 0.000957336 0.000210221 -7.23617e-05 0.00244832 -0.000117725 0.000659028 0.00185146 0.00319081 0.000195102
internal_weight=197584 10110.7 3286.67 2613.47 6824.02 6174.98 5413.85 187473 3304.82 184168 30174.1 15656.9 10835.8 5969.7
internal_count=197584 3772 1458 494 2314 2002 1835 193812 63226 130586 17587 6347 888 610
is_linear=0
shrinkage=0.05


Tree=92
num_leaves=15
num_cat=0
split_feature=50 50 24 47 48 49 20 47 27 44 39 19 22 3
split_gain=7.98645 8.45249 8.43397 8.38245 7.73754 10.688 8.78228 14.9859 21.3315 22.7179 14.1167 18.3504 21.4266 19.1002
threshold=0.18757725507020953 0.16579353809356692 0.24369534850120547 4.9344480037689218 0.059627624228596694 0.058496600016951568 0.012283940799534323 6.1933839321136483 6.3306114673614511 0.11101943999528886 0.27850554883480078 0.30097459256649023 6.8007264137268075 0.0094788861460983771
decision_type=2 2 2 2 2 2 2 2 2 2 2 2 2 2
left_child=1 4 -2 -3 5 -1 7 8 -6 -10 11 12 13 -8
right_child=2 3 -4 -5 6 -7 10 -9 9 -11 -12 -13 -14 -15
leaf_value=-0.0013444625944399344 -0.0011874157493910473 0.0013699909864369857 -0.015796824505501083 0.015972411109897271 -9.9184757778595072e-05 -0.010778526132330999 0.0012601870328639818 -0.0017383858980562575 0.00078521681946463681 0.011952219817953939 -8.6554084782082517e-05 0.0080515811583652865 -0.0012097745486849723 0.0054047193855767638
leaf_weight=1629.7222290709615 255.85862106084824 252.21484215557575 152.78626940958202 153.25816346891224 116446.40775637329 359.11069536209106 13442.399036649615 14079.544292807579 1144.8329172134399 748.01720237731934 37664.268314946443 1000.3460883647203 6757.11692237854 3498.115922357887
leaf_count=751 239 272 223 190 83619 167 55003 2304 301 106 43252 300 783 10074
internal_value=2.1252e-06 1.67716e-05 -0.00689652 0.00714092 1.72914e-06 -0.00309331 3.34886e-05 -0.000196913 -1.33834e-05 0.00523782 0.000522672 0.0014514 0.00116951 0.00211869
internal_weight=197584 197175 408.645 405.473 196770 1988.83 194781 132419 118339 1892.85 62362.2 24698 23697.6 16940.5
internal_count=197584 197122 462 462 196660 918 195742 86330 84026 407 109412 66160 65860 65077
is_linear=0
shrinkage=0.05


Tree=93
num_leaves=15
num_cat=0
split_feature=45 20 38 47 27 44 48 47 47 47 36 48 48 34
split_gain=7.72942 14.2243 20.5748 17.6382 18.337 20.6866 16.0118 14.7183 14.8071 18.3119 14.5058 25.7474 14.4317 14.3463
threshold=0.0025165358092635874 0.012283940799534323 2.0715673565864567 6.1933839321136483 6.3306114673614511 0.11101943999528886 0.77870926260948192 6.1913387775421151 4.3502571582794198 4.182021141052247 0.83045977354049694 0.78872379660606395 0.39428746700286871 0.14465937763452533
decision_type=2 2 2 2 2 2 2 2 2 2 2 2 2 2
left_child=1 3 6 4 -1 -6 12 8 9 -8 -5 -12 -3 -10
right_child=-2 2 -4 10 5 -7 7 -9 13 -11 11 -13 -14 -15
leaf_value=4.5129467193444041e-05 -0.00057269901989729884 -0.001282495621671074 0.0079747791039323484 -0.0024644671242269301 0.00075489604049159078 0.011431791032482192 0.0081479431658490024 -0.0019091379224958156 0.0064142180142938198 -0.0029461661048261656 0.0082345135968406227 -0.0021809440223817876 0.0028775892783725753 0.0011225829195297857
leaf_weight=100929.71321044862 45125.172616768628 2535.1946441438049 1031.853218793869 11856.139371484518 1141.4281749725342 744.61246013641357 408.59253168106079 7027.0737732350826 1524.1868353299797 3347.6958530545235 936.38590741157532 1582.5884730815887 11594.123681304976 7799.2385221496224
leaf_count=64260 68833 2591 183 2051 300 105 102 1491 2352 2320 131 256 33337 19272
internal_value=2.05071e-06 0.000172193 0.00105241 -9.27714e-05 0.00013665 0.00500822 0.000841509 -6.50839e-05 0.000926335 -0.00172097 -0.00173263 0.00170808 0.00213077 0.0019936
internal_weight=197584 152459 35268 117191 102816 1886.04 34236.1 20106.8 13079.7 3756.29 14375.1 2518.97 14129.3 9323.43
internal_count=197584 128751 61648 67103 64665 405 61465 25537 24046 2422 2438 387 35928 21624
is_linear=0
shrinkage=0.05


Tree=94
num_leaves=15
num_cat=0
split_feature=34 34 29 32 24 24 45 50 23 25 43 46 26 28
split_gain=7.62773 14.9857 17.4763 12.1096 9.48498 9.41909 11.6614 12.1408 15.4016 13.4934 10.9581 14.2935 25.1644 11.8271
threshold=0.59487226605415355 0.40545856952667242 0.78710895776748668 6.1643662452697763 0.69936150312423717 0.078164495527744307 0.003289140411652625 0.10162252932786943 6.2116029262542733 0.015434533823281528 4.2555875778198251 0.80020368099212658 0.78998562693595897 3.8815106153488164
decision_type=2 2 2 2 2 2 2 2 2 2 2 2 2 2
left_child=1 2 4 -2 5 10 -7 8 -8 -9 11 -1 13 -13
right_child=3 -3 -4 -5 -6 6 7 9 -10 -11 -12 12 -14 -15
leaf_value=-0.00021101716248547373 0.00074440214227335403 -0.0011229271105484965 0.0039027833775929013 0.0064263849975125095 -0.008512120002985327 0.0011538685497835871 -0.00045612432570285528 -0.017970175857437803 0.014000067004980228 -0.0027636129939505386 -0.0010762373599385426 -0.00042540290744645323 0.0044161185596402319 0.0072607458906307964
leaf_weight=67424.41316190362 10164.813955843449 28786.213688224554 2981.4017828013748 1023.5093465149403 313.21067047119141 33284.892869507894 11856.14019139111 187.98682872951031 177.15495929121971 573.0756021309644 26490.801703883335 8868.9993625581264 4930.9926660805941 520.39248466491699
leaf_count=26552 9492 22313 18483 232 118 67041 17624 161 34 932 29700 3263 1564 75
internal_value=2.03838e-06 -7.41024e-05 0.000117517 0.00126947 4.4285e-05 6.22023e-05 0.000660814 -0.000621781 -0.000231851 -0.00670407 -0.000192683 9.37448e-05 0.0015278 7.86146e-06
internal_weight=197584 186396 157609 11188.3 154628 154315 46079.3 12794.4 12033.3 761.062 108236 81744.8 14320.4 9389.39
internal_count=197584 187860 165547 9724 147064 146946 85792 18751 17658 1093 61154 31454 4902 3338
is_linear=0
shrinkage=0.05


Tree=95
num_leaves=15
num_cat=0
split_feature=35 27 50 32 28 32 29 22 22 36 29 36 33 19
split_gain=7.34658 18.9922 10.4683 11.4372 12.0215 9.53858 8.94207 8.42613 25.1178 23.9371 24.0561 21.8236 42.919 20.7315
threshold=0.085492223501205458 5.4868674278259286 0.017128801904618744 6.1622610092163095 4.5695295333862314 1.0000000180025095e-35 0.96575471758842479 6.7929053306579599 6.7984981536865243 0.6601788103580476 0.040945384651422508 0.48249898850917822 1.2424533367156985 0.16495464742183688
decision_type=2 2 2 2 2 2 2 2 2 2 2 2 2 2
left_child=2 -2 6 4 5 -4 7 9 11 -1 -11 12 -9 -12
right_child=1 -3 3 -5 -6 -7 -8 8 -10 10 13 -13 -14 -15
leaf_value=-0.00058980043419260171 -0.00078210905746328068 0.0087993807182949225 -0.01788109823253263 -0.0095071279040498634 0.003544089839359086 -0.0013753550137031558 0.0040172359727346221 -0.00062838582762183594 0.00019861860353662916 -0.00073265470890860023 0.0065829704499724756 -0.0020196596371839237 0.013112888332960142 0.0019354850039579015
leaf_weight=15751.457887059078 1348.7749899011105 827.37340265512466 78.170052528381348 400.89622068405151 1292.2724963482469 13777.394896287471 1418.7108148187399 2714.9097430706024 119710.19103503227 4915.5879940744489 3592.9608280975372 23822.003675580025 708.39395415782928 7224.9012837018818
leaf_count=100467 1479 492 9 59 5792 22016 953 2270 19417 10186 5716 12907 139 15682
internal_value=1.95005e-06 0.00288437 -3.02958e-05 -0.00127454 -0.00105053 -0.00148131 7.73333e-05 4.57853e-05 -0.000113264 0.000787948 0.00216677 -0.00148318 0.00224505 0.00348372
internal_weight=197584 2176.15 195408 15548.7 15147.8 13855.6 179859 178440 146955 31484.9 15733.5 27245.3 3423.3 10817.9
internal_count=197584 1971 195613 27876 27817 22025 167737 166784 34733 132051 31584 15316 2409 21398
is_linear=0
shrinkage=0.05


Tree=96
num_leaves=15
num_cat=0
split_feature=47 48 47 3 47 47 37 0 42 22 31 18 15 22
split_gain=6.93726 17.1991 15.2171 16.6607 13.5004 24.2652 72.2565 13.0301 12.4585 32.6948 16.8584 20.3624 24.5753 15.9651
threshold=3.9015133380889897 0.96394741535186779 4.1266138553619394 0.013245614245533945 4.1666352748870858 4.182021141052247 2.2499048709869389 0.016261236742138866 1.0000000180025095e-35 6.7996129989624032 0.74752378463745128 6.5715825557708749 0.010582306887954475 6.8007264137268075
decision_type=2 2 2 2 2 2 2 2 2 2 2 2 2 2
left_child=1 7 3 -2 -4 6 -6 -1 13 -10 -11 -12 -13 -7
right_child=2 -3 4 -5 5 8 -8 -9 9 10 11 12 -14 -15
leaf_value=-0.0014030304078973699 0.0015829844973335346 0.0089272482088546597 -0.0027524759285143916 0.010125586832973342 0.010322807520959435 0.00019984608928209376 -0.0026922051630918244 0.0097134648379549951 -0.00061785086352451261 0.0044805622763129582 -0.002592040688522109 -0.00087837723367966227 0.0077528292483538472 -0.00091783341691443619
leaf_weight=16218.957797691226 2717.6814168691635 418.26462560892105 4249.1182301044464 714.29877841472626 2124.5591354370117 92259.493464570493 2124.5591742992401 258.08104060590267 14886.770893007517 6986.4427604675293 2475.5508546829224 1659.9603815078735 1625.4007196426392 48864.860001087189
leaf_count=10268 681 657 2021 145 124 158919 868 43 17146 445 195 125 131 5816
internal_value=1.86437e-06 -0.000966709 9.24793e-05 0.00338521 2.85393e-05 9.6997e-05 0.00382426 -0.00122313 2.92834e-06 0.00097357 0.00283111 0.000826469 0.0034024 -0.000187192
internal_weight=197584 16895.3 180689 3431.98 177257 173008 4249.12 16477 168758 27634.1 12747.4 5760.91 3285.36 141124
internal_count=197584 10968 186616 826 185790 183769 992 10311 182777 18042 896 451 256 164735
is_linear=0
shrinkage=0.05


Tree=97
num_leaves=15
num_cat=0
split_feature=28 18 16 2 1 47 33 29 39 32 24 42 30 45
split_gain=6.91059 8.35943 8.7689 10.9547 8.58405 13.4774 11.0423 11.997 13.5378 9.43339 9.7251 11.407 11.4612 9.79948
threshold=6.0318858623504648 6.6220710277557382 4.5000000000000009 0.011299795936793091 0.0078432578593492525 3.9015133380889897 4.0342013835906991 0.0037679396336898212 0.25998942553997045 6.1622610092163095 0.095493320375680937 1.0000000180025095e-35 0.004557202337309719 0.0018059649155475201
decision_type=2 2 2 2 2 2 2 2 2 2 2 2 2 2
left_child=1 4 3 -3 -1 -6 7 -7 -9 10 -10 -12 -13 -14
right_child=-2 2 -4 -5 5 6 -8 8 9 -11 11 12 13 -15
leaf_value=-0.00020980023742457355 0.0012745165279303913 -0.0018162099773475241 -0.0073774415873391272 0.0063472769180465769 -0.0019255392697858028 -0.0019393282484143081 -0.0021544194055365651 0.0019532201964489368 -0.0025530507969485487 -0.0047112044431394245 0.00036642155824351437 -0.0018997862355705016 0.018345451922427886 0.0056387052897755993
leaf_weight=132923.09904449992 10110.690728232265 5548.927776619792 629.72493323683739 434.01370877027512 4850.5406777113676 3061.402508508414 2843.2439710237086 25624.065986096859 2275.8091418147087 1005.2886463105679 7085.7719074320048 352.09645779430866 195.68408139050007 643.63970455527306
leaf_count=142464 3772 1530 186 121 2683 1943 1152 26420 1559 226 14767 287 25 449
internal_value=1.87554e-06 -6.6824e-05 -0.00181157 -0.00121441 -2.93556e-06 0.000570591 0.000851976 0.00106486 0.00131267 -0.000107867 0.000334697 0.0011308 0.00563595 0.00878234
internal_weight=197584 187473 6612.67 5982.94 180861 47937.5 43087 40243.8 37182.4 11558.3 10553 8277.19 1191.42 839.324
internal_count=197584 193812 1837 1651 191975 49511 46828 45676 43733 17313 17087 15528 761 474
is_linear=0
shrinkage=0.05


Tree=98
num_leaves=15
num_cat=0
split_feature=35 50 49 27 41 26 21 39 44 4 2 46 39 42
split_gain=6.91196 11.3404 12.9814 10.7676 9.99522 11.4636 12.9229 13.7484 13.1616 17.9906 11.9627 11.5736 15.172 19.1521
threshold=0.016132541932165626 0.1041422337293625 0.035415818914771087 2.9700856208801274 0.77500000596046459 0.84168994426727306 0.82102257013320934 0.30691708624362951 0.058419229462742812 0.010811126790940763 0.011050061322748663 0.53901496529579174 0.54963657259941112 1.0000000180025095e-35
decision_type=2 2 2 2 2 2 2 2 2 2 2 2 2 2
left_child=1 -1 -3 -2 5 11 7 8 -7 -10 -8 12 13 -5
right_child=3 2 -4 4 -6 6 10 -9 9 -11 -12 -13 -14 -15
leaf_value=-0.00010661863821970919 0.010791444735589843 0.010656046824157737 -0.008162877482864676 0.001844251013896534 0.0048388134854143554 -0.0027169722492058224 -0.0011995157555361961 0.0016303797495721062 0.010299443355381103 -0.0055506811615103988 0.005540157446816474 -0.00096009952215448291 -0.004106997693511534 0.012231314427713197
leaf_weight=161102.05032896996 248.94324195384979 95.646745353937149 740.59499499388039 2608.1528505031019 1302.8251134604216 320.45493005216122 5023.3601597994566 6264.9177947044373 1400.0158413946629 198.65490806102753 747.51487509906292 16217.811565816402 786.9385674148798 526.11735641956329
leaf_count=114490 102 44 947 11488 542 232 3452 5730 722 100 457 58980 230 68
internal_value=1.80539e-06 -0.00013695 -0.00590994 0.000632031 0.000557553 0.000392583 0.00149346 0.00276992 0.00646218 0.00830761 -0.000318437 -0.000370608 0.00206372 0.00362117
internal_weight=197584 161938 836.242 35645.7 35396.8 34093.9 13954.9 8184.04 1919.13 1598.67 5770.88 20139 3921.21 3134.27
internal_count=197584 115481 991 82103 82001 81459 10693 6784 1054 822 3909 70766 11786 11556
is_linear=0
shrinkage=0.05


Tree=99
num_leaves=15
num_cat=0
split_feature=18 44 45 35 26 23 24 27 34 24 50 45 3 25
split_gain=6.68562 7.85911 7.77947 10.8907 9.34825 8.55411 8.61964 12.6424 16.6107 9.47348 9.36154 8.48541 11.4443 20.2855
threshold=6.0149362087249765 0.035874078050255782 0.0025165358092635874 0.085492223501205458 0.89433491230010997 6.20959496498108 0.69130098819732677 6.3062603473663339 0.56918081641197216 0.37983217835426336 0.090066064149141326 0.00017596444376977163 0.015268065501004459 0.0029154502553865318
decision_type=2 2 2 2 2 2 2 2 2 2 2 2 2 2
left_child=1 -1 3 11 5 6 9 8 -8 -4 -11 -2 -13 -14
right_child=2 -3 4 -5 -6 -7 7 -9 -10 10 -12 12 13 -15
leaf_value=-0.0029833284680274488 -0.00050319788042567425 0.0033946965670849823 -0.00060099075278916057 0.0060287621442595991 -0.0052042221796699895 0.0093573504243156906 -0.0020997321889263849 -6.8608741018737898e-05 0.012703516090890172 -0.0032717610007111119 -0.01599783024084377 0.00024262067265067822 0.0096376986713975973 0.0009022215843816115
leaf_weight=581.15834220871329 41682.789842870086 2667.1333037950099 38026.907581942156 769.42234363406897 1077.1946868896484 208.61713111400604 293.00977629795671 1904.9227739274502 513.6950415968895 1184.1788027454168 156.28400625474751 105054.72408337891 886.66837174072862 2577.2931856010109
leaf_count=1528 24232 59485 33304 473 736 38 867 1679 1382 7773 361 64372 240 1114
internal_value=1.80376e-06 0.00224794 -3.58538e-05 0.000133701 -0.000626038 -0.000508214 -0.000559337 0.00216236 0.00736683 -0.000747309 -0.00486296 0.000103103 0.000336013 0.00315954
internal_weight=197584 3248.29 194336 150971 43364.8 42287.6 42079 2711.63 806.705 39367.4 1340.46 150201 108519 3463.96
internal_count=197584 61013 136571 90431 46140 45404 45366 3928 2249 41438 8134 89958 65726 1354
is_linear=0
shrinkage=0.05


Tree=100
num_leaves=15
num_cat=0
split_feature=48 49 29 37 48 27 34 39 27 34 36 44 28 23
split_gain=6.67186 9.40344 7.11854 14.2149 15.4259 23.2178 13.7031 11.7757 10.0854 11.2087 13.5611 13.0824 10.0914 13.4777
threshold=0.059627624228596694 0.058496600016951568 0.91426798701286327 1.0000000180025095e-35 0.78188824653625499 6.3234620094299325 0.63301342725753795 0.54347258806228649 6.3306114673614511 0.59131735563278209 0.59891304373741161 0.34234049916267401 2.5249279737472539 6.2015223503112802
decision_type=2 2 2 2 2 2 2 2 2 2 2 2 2 2
left_child=1 -1 7 -4 -5 -6 -7 -2 9 -9 -11 12 -12 -14
right_child=2 -3 3 4 5 6 -8 8 -10 10 11 -13 13 -15
leaf_value=-0.0012321390385478779 8.3908907546987373e-05 -0.010080823197014518 0.0034249102885292367 0.0030113434888870711 0.0027910956171638499 -0.0076597472864398013 -0.00049752356010502241 -0.0025862287123137348 0.0020714764510180155 -0.002455360278653524 -0.0036921088496048478 -0.00057082471428417092 0.012084617101371821 -0.0043381004908902608
leaf_weight=1629.7222290709615 167312.2382372655 359.11069536209106 4500.6055324524641 2405.3166304677725 1612.1558927446604 1631.5005468726158 1128.3522374033928 10835.234009891748 1957.7969260811806 2050.0666052699089 172.54206120967865 1113.4970251321793 730.9340562671423 144.92658850550652
leaf_count=751 175680 167 5483 849 2091 450 717 7089 310 1729 74 736 1354 104
internal_value=1.74276e-06 -0.00287233 3.1112e-05 0.00124997 -0.000197264 -0.00196536 -0.00474388 -4.35305e-05 -0.00129672 -0.00173604 0.000451999 0.00320758 0.00718805 0.00934889
internal_weight=197584 1988.83 195595 11277.9 6777.33 4372.01 2759.85 184317 17005 15047.2 4211.97 2161.9 1048.4 875.861
internal_count=197584 918 196666 9590 4107 3258 1167 187076 11396 11086 3997 2268 1532 1458
is_linear=0
shrinkage=0.05


Tree=101
num_leaves=15
num_cat=0
split_feature=22 29 32 33 43 22 22 0 32 43 29 22 42 28
split_gain=6.2799 16.4294 10.7694 19.5125 9.68444 9.31395 23.5925 19.144 16.1012 19.1457 16.7443 15.0549 17.2218 20.8155
threshold=6.7702026367187509 0.13633998483419421 4.3026020526885995 3.5972183942794804 3.7726949453353886 6.7850186824798593 6.7929053306579599 0.013072453904896976 3.3315663337707524 3.65057384967804 0.82155263423919689 6.7984981536865243 1.0000000180025095e-35 1.8688347935676577
decision_type=2 2 2 2 2 2 2 2 2 2 2 2 2 2
left_child=1 2 3 -1 -3 8 7 -7 9 -2 -10 -8 -13 -14
right_child=5 4 -4 -5 -6 6 11 -9 10 -11 -12 12 13 -15
leaf_value=-8.1437360664353434e-06 0.010466163679581761 0.010937071751023297 -0.0024458464079233108 0.01137143956050217 0.0024920421051311654 0.0017668066593138337 -0.0010682526350231732 0.009332987144401483 -0.0027545769824861184 0.00025102355376841276 0.0020142862451701759 -0.00013895344968762412 0.0066803251452046512 0.00093656958383982409
leaf_weight=2826.4646372795105 531.28441494703293 353.19842472113669 3638.8628609720618 424.62818965315819 5504.200685672462 7567.0315957665443 31868.38699734211 931.20494157075882 11263.222500294447 3009.6474992036819 2192.318685978651 102687.02470803261 1683.5267698764801 23102.996362686157
leaf_count=13126 75 779 14042 561 92725 4623 17658 407 25032 2373 5349 17460 91 3283
internal_value=1.63122e-06 0.00107457 -0.000580483 0.00150847 0.00301905 -7.24185e-05 4.05562e-05 0.00260588 -0.00118741 0.00180887 -0.00197666 -9.64158e-05 0.000146608 0.00132923
internal_weight=197584 12747.4 6889.96 3251.09 5857.4 184837 167840 8498.24 16996.5 3540.93 13455.5 159342 127474 24786.5
internal_count=197584 121233 27729 13687 93504 76351 43522 5030 32829 2448 30381 38492 20834 3374
is_linear=0
shrinkage=0.05


Tree=102
num_leaves=15
num_cat=0
split_feature=35 27 50 32 31 19 32 50 29 34 24 49 47 27
split_gain=6.28623 16.5677 8.45124 9.9805 9.9327 14.5329 8.4092 8.2211 7.71166 7.57287 15.0352 10.9702 10.8352 35.3933
threshold=0.085492223501205458 5.4868674278259286 0.017128801904618744 6.1622610092163095 0.82081076502799999 0.016885546036064628 1.0000000180025095e-35 0.17414786666631701 0.96575471758842479 0.35248842835426336 0.078164495527744307 0.31930716335773474 4.3630783557891855 6.3062603473663339
decision_type=2 2 2 2 2 2 2 2 2 2 2 2 2 2
left_child=2 -2 8 4 6 -6 -4 -7 9 10 11 -1 13 -11
right_child=1 -3 3 -5 5 7 -8 -9 -10 12 -12 -13 -14 -15
leaf_value=-0.00013355696325882276 -0.00075631322171197429 0.0081925916187136471 -0.01705771200692964 -0.0088364422686857593 0.021669677934562842 0.0013460032151239526 -0.0015462575700734412 -0.0098744305144192468 0.0037273674196085732 -0.00071574665549943583 0.0010562902618563017 0.010243881544401725 6.2570946574379703e-05 -0.0081357157772798706
leaf_weight=101171.70123106241 1348.7749899011105 827.37340265512466 78.170052528381348 400.89622068405151 75.607277303934097 3483.9464421905577 11348.804150825366 161.30952231585979 1418.7108148187399 12549.512332320213 38201.569146849215 245.3124758079648 24438.660426098853 1833.6507886350155
leaf_count=54051 1479 492 9 59 24 6999 20688 97 953 5991 85000 168 19983 1591
internal_value=1.67576e-06 0.00266798 -2.81524e-05 -0.00114612 -0.000936892 0.00130435 -0.00166719 0.000823822 6.85534e-05 3.92563e-05 0.00021102 -0.000107448 -0.000578368 -0.00166668
internal_weight=197584 2176.15 195408 15548.7 15147.8 3720.86 11427 3645.26 179859 178440 139619 101417 38821.8 14383.2
internal_count=197584 1971 195613 27876 27817 7120 20697 7096 167737 166784 139219 54219 27565 7582
is_linear=0
shrinkage=0.05


Tree=103
num_leaves=15
num_cat=0
split_feature=48 48 56 28 45 36 31 48 30 44 17 29 2 44
split_gain=6.15535 9.14266 23.4785 51.3717 24.477 11.1435 10.0719 10.1718 13.6537 29.5248 20.5482 11.7683 11.3619 11.2454
threshold=0.17942462116479876 0.52868646383285534 1.0000000180025095e-35 3.7256208658218388 0.00045975227840244775 0.31318682432174688 0.40767045319080358 0.40020696818828588 0.004557202337309719 0.056791087612509734 0.025320513173937801 0.3559082299470902 0.010256679728627207 0.83812189102172863
decision_type=2 2 2 2 2 2 2 2 2 2 2 2 2 2
left_child=-1 2 6 5 -5 -4 -2 13 -9 -10 11 -11 -12 -8
right_child=1 -3 3 4 -6 -7 7 8 9 10 12 -13 -14 -15
leaf_value=-0.001318822341411831 0.0036835472014579659 -9.1295303113202316e-05 0.005053622709935114 0.01667456680836028 0.0051567024732404208 -0.0012923364959021319 -0.0013236513115461824 6.6529913629769373e-05 0.017463449414617433 0.0014051637456514987 0.013804814500724303 -0.0087814204676350139 0.0020129392089002153 0.0086971833552625336
leaf_weight=8438.82543024607 1906.1170085854828 158837.63730371185 918.89320480823517 860.51555204391479 1009.473753452301 2700.4118948578835 11805.390276880935 8402.937498409301 353.58275446295738 841.00245426408947 416.90231007896364 416.05606538243592 399.36890683323145 276.88485997915268
leaf_count=4732 2095 167738 192 77 126 1513 8706 11215 185 267 184 270 143 141
internal_value=1.59006e-06 6.05677e-05 0.000856228 0.00381214 0.0105174 0.000328303 0.000201167 -9.00215e-05 0.00102224 0.00431742 0.00200245 -0.00200905 0.00812971 -0.00108701
internal_weight=197584 189145 30307.5 5489.29 1869.99 3619.31 24818.2 22912.1 10829.8 2426.91 2073.33 1257.06 816.271 12082.3
internal_count=197584 192852 25114 1908 203 1705 23206 21111 12264 1049 864 537 327 8847
is_linear=0
shrinkage=0.05


Tree=104
num_leaves=15
num_cat=0
split_feature=28 4 24 48 48 32 27 31 42 42 47 32 3 36
split_gain=5.95154 12.9201 11.3421 11.2536 14.7226 27.5128 28.1466 19.2544 17.2256 20.2251 16.8108 44.3948 16.0283 15.8907
threshold=2.4414010047912602 0.014815627597272398 0.37290470302104956 0.17942462116479876 0.77870926260948192 6.1601512432098398 6.325254201889039 0.76986128091812145 1.4978661537170412 1.2424533367156985 4.182021141052247 4.0689902305603036 0.011173533275723459 0.74537035822868358
decision_type=2 2 2 2 2 2 2 2 2 2 2 2 2 2
left_child=1 2 -1 -2 8 6 7 -6 9 13 11 -9 -8 -5
right_child=3 -3 -4 4 5 -7 12 10 -10 -11 -12 -13 -14 -15
leaf_value=-0.00051201419721920818 -0.0024213307057590521 0.0044046367930111706 -0.007682916608713156 0.00055550510407991816 -0.0012937873663435313 -0.0030855374831202766 0.0042353348916986458 0.0067851995231319731 -0.001954403055414848 0.01165967235908752 9.7283997390209143e-05 -0.0042749078879674917 -0.0035400182482082775 0.0026634124024145639
leaf_weight=49261.228046506643 4082.2801263201982 1318.1193014383316 547.73355361819267 53517.552325798199 25554.828537665308 7700.2712599039078 5409.3708755970001 2995.9533002078533 5406.409459143877 430.46622657775879 28594.303995812312 1291.551329985261 747.4826397895813 10726.448295632377
leaf_count=16600 1933 416 358 87050 35527 1906 1352 1398 4996 31 38590 1570 165 5692
internal_value=1.66544e-06 -0.000462731 -0.000592397 0.000163803 0.000238091 -0.0002625 7.44637e-05 -0.000264527 0.000754453 0.000981165 0.000535535 0.0034513 0.00328715 0.00090781
internal_weight=197584 51127.1 49809 146457 142375 72293.8 64593.5 58436.6 70080.9 64674.5 32881.8 4287.5 6156.85 64244
internal_count=197584 17374 16958 180210 178277 80508 78602 77085 97769 92773 41558 2968 1517 92742
is_linear=0
shrinkage=0.05


Tree=105
num_leaves=15
num_cat=0
split_feature=28 28 19 23 45 22 29 35 26 31 18 46 28 47
split_gain=5.90754 12.0878 7.77915 6.92536 6.8638 6.72335 13.1555 9.61782 9.11639 12.5004 10.0221 8.77652 9.41796 7.3406
threshold=6.03906273841858 6.0438191890716562 0.4217603206634522 6.2136070728302011 4.0217937566922055e-06 6.7702026367187509 0.042277194559574134 0.032086277380585677 0.84691095352172863 0.93757218122482311 5.7698810100555429 0.55658751726150524 3.7954261302948002 3.9015133380889897
decision_type=2 2 2 2 2 2 2 2 2 2 2 2 2 2
left_child=3 2 -2 4 -1 6 7 -6 10 11 -8 12 -10 -7
right_child=1 -3 -4 -5 5 13 8 -9 9 -11 -12 -13 -14 -15
leaf_value=-0.0018153777626852717 0.010178334816415209 0.00024039166780020325 0.0018302044777124421 -0.0035065392047835438 -0.0010757881525441722 -0.0011262201261729213 0.014663896580562295 -0.017880610027269879 0.017610461654241519 -0.00087551540357235511 0.00046581218356080416 0.0044122884064172925 0.0040094659534641586 5.5296326756757604e-05
leaf_weight=5131.5408524721861 589.88505181670189 3126.8149172961712 531.69242881238461 1419.2611647099257 3124.9925578366965 14306.973043531179 117.57769288122654 77.608085665851831 285.74496780335903 921.18115481734276 4865.7879723701626 2134.4253790527582 236.58725641667843 160713.92674851418
leaf_count=5439 245 1250 272 617 12655 8190 2664 134 423 2254 90492 8516 285 64148
internal_value=1.59643e-06 0.00184372 0.00627199 -3.89761e-05 -1.31514e-05 3.64557e-05 0.00119301 -0.00153741 0.002215 0.00413704 0.000829498 0.00587182 0.011641 -4.13448e-05
internal_weight=197584 4248.39 1121.58 193336 191916 186785 11763.9 3202.6 8561.3 3577.94 4983.37 2656.76 522.332 175021
internal_count=197584 1767 517 195817 195200 189761 117423 12789 104634 11478 93156 9224 708 72338
is_linear=0
shrinkage=0.05


Tree=106
num_leaves=15
num_cat=0
split_feature=35 27 50 32 28 27 29 30 34 24 36 55 47 27
split_gain=5.65473 14.8517 7.50215 8.77552 8.71415 8.15443 7.05688 6.88664 7.54323 12.8353 9.73489 12.5487 13.7376 29.257
threshold=0.085492223501205458 5.4868674278259286 0.017128801904618744 6.1622610092163095 5.9467277526855478 2.9700856208801274 0.96575471758842479 0.16896521300077441 0.35248842835426336 0.078164495527744307 0.4555336087942124 1.0000000180025095e-35 4.3630783557891855 6.3062603473663339
decision_type=2 2 2 2 2 2 2 2 2 2 2 2 2 2
left_child=2 -2 6 4 5 -4 7 8 9 -1 -10 12 13 -12
right_child=1 -3 3 -5 -6 -7 -8 -9 10 -11 11 -13 -14 -15
leaf_value=-9.8334900278244149e-05 -0.00071172594292225522 0.007761108359314553 -0.016165454171622851 -0.0082911967048877617 0.0038736798257144908 -0.0010890523646591038 0.0035644473647590685 0.0082680859415269828 -0.0028372526766401837 0.0009773559508586549 -0.00086253556472817698 0.0047196359924910648 0.0001799251235628636 -0.0082286535088085255
leaf_weight=101411.12307072431 1348.7749899011105 827.37340265512466 80.322160124778748 400.89622068405151 895.58928991854191 14171.925995120779 1418.7108148187399 243.71735188364983 4287.129451494664 38158.111387260258 8512.4230782687664 1185.7340880036354 23049.811436779797 1592.3565363585949
leaf_count=54207 1479 492 13 59 3429 24375 953 604 1599 84874 5216 251 18664 1369
internal_value=1.58541e-06 0.00253042 -2.67048e-05 -0.00108002 -0.000883833 -0.00118529 6.44091e-05 3.63835e-05 2.46618e-05 0.000195807 -0.000593613 -0.000312767 -0.000494114 -0.00203031
internal_weight=197584 2176.15 195408 15548.7 15147.8 14252.2 179859 178440 178197 139569 38627.5 34340.3 33154.6 10104.8
internal_count=197584 1971 195613 27876 27817 24388 167737 166784 166180 139081 27099 25500 25249 6585
is_linear=0
shrinkage=0.05


Tree=107
num_leaves=15
num_cat=0
split_feature=18 16 2 35 28 27 41 22 50 30 34 31 32 27
split_gain=5.55656 9.76093 7.41287 7.20012 11.016 11.1899 11.3962 12.0734 9.59421 12.7959 9.50588 8.1912 7.97516 18.1123
threshold=6.6220710277557382 4.5000000000000009 0.011050061322748663 0.016132541932165626 6.0366761684417733 2.9700856208801274 0.77500000596046459 6.7984981536865243 0.091639485210180296 0.084830801934003844 0.16644272953271869 0.84464958310127269 6.1622610092163095 6.3306114673614511
decision_type=2 2 2 2 2 2 2 2 2 2 2 2 2 2
left_child=3 2 -2 8 5 -5 -7 -8 12 11 -11 -10 13 -1
right_child=1 -3 -4 4 -6 6 7 -9 9 10 -12 -13 -14 -15
leaf_value=-2.361542415610369e-05 -0.001225548692228691 -0.0071283476387754554 0.004897886163676435 0.011232244498309908 0.0058780078431521048 0.00029361696394718782 -0.0018631355375156784 0.008795049715587094 -0.0026594141817477407 -0.0016015278688314323 -0.017949092238741259 0.01406452473714092 -0.0013305497954870472 0.0044675342934754406
leaf_weight=142929.3398085814 6592.4822489023209 649.51449021697044 524.412208750844 234.14087283611298 998.86430734395981 29871.029514754191 392.88395421206951 791.69848203659058 557.41099274531007 141.96284240484238 237.90506376326084 74.076121747493744 11317.548499673605 2270.729866027832
leaf_count=110282 1867 200 153 93 293 80188 410 94 774 179 198 132 2261 460
internal_value=1.48351e-06 -0.0013085 -0.000768101 5.51477e-05 0.000735211 0.000569211 0.000485229 0.0052741 -8.42822e-05 -0.00491458 -0.0120375 -0.000508958 -5.27588e-05 4.69228e-05
internal_weight=197584 7766.41 7116.89 189818 32288.6 31289.8 31055.6 1184.58 157529 1011.36 379.868 631.487 156518 145200
internal_count=197584 2220 2020 195364 81078 80785 80692 504 114286 1283 377 906 113003 110742
is_linear=0
shrinkage=0.05


Tree=108
num_leaves=15
num_cat=0
split_feature=48 49 28 21 34 26 49 48 26 28 27 48 48 48
split_gain=5.44303 8.30947 6.33371 7.43768 11.8829 8.93593 7.89387 10.0178 7.77065 6.89518 16.9681 16.9359 13.644 19.8377
threshold=0.059627624228596694 0.058496600016951568 6.0294818878173837 0.81671321392059337 0.39648072421550756 0.86067727208137523 0.43437346816062933 0.67783135175704967 0.87008163332939159 6.0100402832031259 6.3306114673614511 0.89341419935226452 0.77321779727935802 0.71493092179298412
decision_type=2 2 2 2 2 2 2 2 2 2 2 2 2 2
left_child=1 -1 9 4 -4 -5 7 -6 -7 10 -2 -12 13 -11
right_child=2 -3 3 5 6 8 -8 -9 -10 12 11 -13 -14 -15
leaf_value=-0.0010533868838337977 -4.5829332870969969e-05 -0.0093703351310611104 0.0041801593928336702 -0.012092661316307957 0.0008868610335006201 0.0071138984528561246 0.0017766069335524094 -0.0069324512416203479 -0.00070637873412297098 -0.00081679089205920891 2.11604419181506e-05 0.0062649180375466242 -0.0027403723671651885 0.0065588393399278111
leaf_weight=1629.7222290709615 165325.5806141533 359.11069536209106 3522.3111143112183 151.23483476042747 968.12457913160324 333.76107800006866 3425.2203743606806 697.53737813234329 4172.8647673130035 4936.8606921732426 2188.619405657053 2146.0263986289501 6619.3158377557993 1107.7092751860619
leaf_count=751 180901 167 842 29 176 52 1061 99 2938 1173 476 312 7955 652
internal_value=1.44943e-06 -0.00259449 2.79765e-05 0.00108216 0.00195185 -0.000526786 0.000404936 -0.0024095 -0.00011274 -4.88106e-05 3.5225e-05 0.00311967 -0.00117379 0.000543445
internal_weight=197584 1988.83 195595 13271.1 8613.19 4657.86 5090.88 1665.66 4506.63 182324 169660 4334.65 12663.9 6044.57
internal_count=197584 918 196666 5197 2178 3019 1336 275 2990 191469 181689 788 9780 1825
is_linear=0
shrinkage=0.05


Tree=109
num_leaves=15
num_cat=0
split_feature=29 39 24 15 26 45 46 4 29 41 27 49 21 48
split_gain=5.43595 7.40201 13.5929 16.082 18.4015 11.568 10.8178 11.2426 9.26424 11.3056 12.9926 9.22398 12.4418 13.4099
threshold=0.95625257492065441 0.28603132069110876 0.14517482370138171 0.0077221228275448093 0.88121852278709423 0.0026546475710347299 0.58575654029846203 0.010811126790940763 0.20164029300212863 0.77500000596046459 6.3288288116455087 0.10581326112151147 0.81792473793029796 0.7751741111278535
decision_type=2 2 2 2 2 2 2 2 2 2 2 2 2 2
left_child=1 2 8 -4 6 -6 -5 -8 -1 10 -10 -3 13 -13
right_child=-2 11 3 4 5 -7 7 -9 9 -11 -12 12 -14 -15
leaf_value=-3.5550328021865858e-05 0.0018653787742287588 -0.0012793684454509263 -0.0015314716811461895 0.0060885121895468434 0.0059463212441056897 0.018240969909122943 0.0020967091629853041 -0.0034709504744775649 -0.00030948698440786369 0.014855303862697958 0.010767823045488989 0.0019623006041913564 -0.0016301847011583979 -0.00031996532825310706
leaf_weight=120813.20331701264 3825.3236742466688 23146.259686725214 2737.9966856464744 1335.7232254352421 781.12244212627411 251.85508446395397 5346.5894806496799 1082.0646506175399 1178.2671244107187 189.87896680831909 331.21236085891724 10165.721845315769 8890.6708699464798 17508.109859732911
leaf_count=67603 2823 9793 16351 10336 628 105 36766 7020 901 68 45 15152 6744 23249
internal_value=1.35937e-06 -3.55358e-05 0.000170723 0.00181081 0.00285158 0.00909009 0.00201099 0.00115563 1.61629e-05 0.00367133 0.00217598 -0.000498528 -4.02193e-06 0.00051881
internal_weight=197584 193759 134048 11535.4 8797.35 1032.98 7764.38 6428.65 122513 1699.36 1509.48 59710.8 36564.5 27673.8
internal_count=197584 194761 139823 71206 54855 733 54122 43786 68617 1014 946 54938 45145 38401
is_linear=0
shrinkage=0.05


Tree=110
num_leaves=15
num_cat=0
split_feature=35 27 50 32 31 20 27 50 30 29 34 24 49 36
split_gain=5.09409 13.4527 6.54768 7.70341 8.18195 13.6199 7.09574 6.73978 6.18566 6.10797 6.54672 10.7976 9.58033 9.24497
threshold=0.085492223501205458 5.4868674278259286 0.017128801904618744 6.1622610092163095 0.82081076502799999 0.0027855924563482408 2.9700856208801274 0.17414786666631701 0.16896521300077441 0.96575471758842479 0.35248842835426336 0.078164495527744307 0.31930716335773474 0.10912698507308961
decision_type=2 2 2 2 2 2 2 2 2 2 2 2 2 2
left_child=2 -2 8 4 6 -6 -4 -7 9 10 11 12 -1 -13
right_child=1 -3 3 -5 5 7 -8 -9 -10 -11 -12 13 -14 -15
leaf_value=-0.00011218201581109181 -0.00068398844866977187 0.0073798625743811078 -0.015454787317832465 -0.0077657859821266637 0.02247449996637365 0.0012482810239584615 -0.0013760868976717218 -0.0089104564317520653 0.0078612598550485396 0.0033048819457811534 -0.00055342511268413868 -0.0029510732814387371 0.0095855922185198034 0.0010559116764937467
leaf_weight=101165.81059491634 1348.7749899011105 827.37340265512466 80.322160124778748 400.89622068405151 63.814395919442177 3495.7393235750496 11346.652043228969 161.30952231585979 243.71735188364983 1418.7108148187399 38627.454590905458 1488.8403293695301 245.3124758079648 36669.271057890728
leaf_count=54039 1479 492 13 59 25 6998 20684 97 604 953 27099 260 168 84614
internal_value=1.42613e-06 0.00240163 -2.54251e-05 -0.00100946 -0.000825646 0.00120847 -0.00148847 0.00077711 5.96957e-05 4.86729e-05 2.25646e-05 0.000182005 -8.77804e-05 0.000898836
internal_weight=197584 2176.15 195408 15548.7 15147.8 3720.86 11427 3657.05 179859 179615 178197 139569 101411 38158.1
internal_count=197584 1971 195613 27876 27817 7120 20697 7095 167737 167133 166180 139081 54207 84874
is_linear=0
shrinkage=0.05


Tree=111
num_leaves=15
num_cat=0
split_feature=47 48 23 47 3 47 47 37 42 22 31 18 15 22
split_gain=4.99626 12.8526 11.6953 10.9214 13.7148 11.2752 20.2352 61.2406 10.8239 25.6502 14.541 17.5382 21.7415 14.1426
threshold=3.9015133380889897 0.96394741535186779 2.6020033359527592 4.1266138553619394 0.013245614245533945 4.1666352748870858 4.182021141052247 2.2499048709869389 1.0000000180025095e-35 6.7996129989624032 0.74752378463745128 6.5715825557708749 0.010582306887954475 6.8007264137268075
decision_type=2 2 2 2 2 2 2 2 2 2 2 2 2 2
left_child=1 2 -1 4 -2 -5 7 -7 13 -10 -11 -12 -13 -8
right_child=3 -3 -4 5 -6 6 8 -9 9 10 11 12 -14 -15
leaf_value=0.0047933889362352655 0.0012335383173810691 0.0077322659392465706 -0.0013454789356551994 -0.00251738272050541 0.0089828178799693775 0.0094731252289234364 0.00018785324637980215 -0.0025086993560841635 -0.00050409608098832747 0.0040826725799691845 -0.0024832237084210698 -0.00094583154288154078 0.0071719304464820518 -0.00086410038550572806
leaf_weight=806.552321434021 2717.6814168691635 418.26462560892105 15670.486516863108 4249.1182301044464 714.29877841472626 2124.5591354370117 92259.493464570493 2124.5591742992401 14886.770893007517 6986.4427604675293 2475.5508546829224 1659.9603815078735 1625.4007196426392 48864.860001087189
leaf_count=38 681 657 10273 2021 145 124 158919 868 17146 445 195 125 131 5816
internal_value=1.39304e-06 -0.000820586 -0.00104226 7.82934e-05 0.00286781 2.4125e-05 8.66871e-05 0.00349039 7.84625e-07 0.000905512 0.0025508 0.000689198 0.00307993 -0.000176425
internal_weight=197584 16895.3 16477 180689 3431.98 177257 173008 4249.12 168758 27634.1 12747.4 5760.91 3285.36 141124
internal_count=197584 10968 10311 186616 826 185790 183769 992 182777 18042 896 451 256 164735
is_linear=0
shrinkage=0.05


Tree=112
num_leaves=15
num_cat=0
split_feature=45 28 1 46 39 35 42 32 28 32 50 29 36 32
split_gain=4.90762 5.92898 11.9496 20.6913 10.3221 13.0343 21.7833 10.3154 22.3744 18.8773 19.7684 19.3355 16.5276 24.8826
threshold=6.0828722325823045e-06 2.4414010047912602 0.014815627597272398 0.74808445572853099 0.52962803840637218 0.038757855072617538 1.0000000180025095e-35 3.4811217784881596 3.7256208658218388 3.4175922870635991 0.086615815758705153 0.30394364893436437 0.6348484754562379 3.9006955623626713
decision_type=2 2 2 2 2 2 2 2 2 2 2 2 2 2
left_child=-1 2 4 -4 5 -2 -7 9 -9 10 11 -3 -10 -14
right_child=1 7 3 -5 -6 6 -8 8 12 -11 -12 -13 13 -15
leaf_value=-0.001246602733624781 -0.00048049135422920667 0.00061779605200396048 0.0090846457428354031 -0.0040157737085062713 -0.002864198768018932 -7.5889242492797209e-05 0.012573017111374553 -0.0016396479739043221 0.00094866769850411288 0.0033998878352094713 0.0080882123080988529 -0.0036636189001829863 0.0092113287997148165 -0.0006185441862992608
leaf_weight=7565.2931904792786 42051.839294523001 28281.082458123565 816.18434573709965 467.2095033377409 4365.557818338275 996.8102580755949 506.77369798719883 18110.842977931723 45163.010881662369 6366.0720052570105 809.02548837661743 2898.1742946207523 644.73879742622375 38541.384262120351
leaf_count=7872 13488 6865 223 161 1477 448 44 21329 107259 3826 387 3761 823 29621
internal_value=1.4056e-06 5.11561e-05 -0.000421271 0.00432136 -0.000549161 -0.000316521 0.00424225 0.000216253 -4.55972e-05 0.000915591 0.000420277 0.000218783 0.00029682 -0.000454502
internal_weight=197584 190019 49204.4 1283.39 47921 43555.4 1503.58 140814 102460 38354.4 31988.3 31179.3 84349.1 39186.1
internal_count=197584 189712 15841 384 15457 13980 492 173871 159032 14839 11013 10626 137703 30444
is_linear=0
shrinkage=0.05


Tree=113
num_leaves=15
num_cat=0
split_feature=48 49 28 36 48 22 25 3 48 15 27 26 33 36
split_gain=4.92396 7.56437 5.46087 7.33579 21.5542 22.9604 17.9578 10.6727 9.57784 9.4952 7.10385 10.2561 6.62073 6.93635
threshold=0.059627624228596694 0.058496600016951568 6.0294818878173837 0.50876811146736156 0.85483399033546459 6.8007264137268075 0.016066111624240879 0.0091326101683080214 0.59716957807540905 0.01183473411947489 6.3234620094299325 0.89433491230010997 4.0517470836639413 0.85523810982704174
decision_type=2 2 2 2 2 2 2 2 2 2 2 2 2 2
left_child=1 -1 -2 6 7 10 8 12 -4 -8 11 -6 13 -5
right_child=2 -3 3 4 5 -7 9 -9 -10 -11 -12 -13 -14 -15
leaf_value=-0.00099731578123391103 -4.4660084594665551e-05 -0.0089325465858439181 -0.007333725803035678 0.0044946090861524429 0.0082706482834392064 -0.0066192250078502936 -0.0014863827556174812 -0.00078338992385289924 -0.0010425674294624997 0.0057364533587346599 -0.00077520902077355205 1.4982556959729672e-05 0.00066428088715928966 0.0094719226902773793
leaf_weight=1629.7222290709615 182324.1122235544 359.11069536209106 936.38374048471451 1889.4060890078545 722.42092376947403 1173.4929399490356 722.06662553548813 846.36204415559769 1688.4015734344721 1204.6779072284698 1566.3257811665535 773.56641298532486 607.67549780011177 1140.2745904922485
leaf_count=751 191469 167 209 372 83 153 232 175 1889 477 595 739 119 154
internal_value=1.40951e-06 -0.00246765 2.664e-05 0.00100549 0.0018541 -0.000703389 -0.000620714 0.00426637 -0.00330623 0.00303593 0.00157775 0.00403014 0.0054403 0.00639291
internal_weight=197584 1988.83 195595 13271.1 8719.52 4235.81 4551.53 4483.72 2624.79 1926.74 3062.31 1495.99 3637.36 3029.68
internal_count=197584 918 196666 5197 2390 1570 2807 820 2098 709 1417 822 645 526
is_linear=0
shrinkage=0.05


Tree=114
num_leaves=15
num_cat=0
split_feature=18 44 37 27 45 26 20 38 47 36 48 27 44 48
split_gain=4.85495 6.90578 6.7731 6.29252 5.97025 7.7448 7.71437 17.1496 13.3293 13.0857 19.0093 12.6521 16.3599 11.6251
threshold=5.9826753139495858 0.035874078050255782 4.5053346157073983 3.0201274156570439 0.0025165358092635874 0.89433491230010997 0.012283940799534323 2.0715673565864567 6.1933839321136483 0.83045977354049694 0.8619733750820161 6.3306114673614511 0.11101943999528886 0.77870926260948192
decision_type=2 2 2 2 2 2 2 2 2 2 2 2 2 2
left_child=1 -1 3 -3 6 -6 8 13 11 -10 -11 -2 -13 -8
right_child=4 2 -4 -5 5 -7 7 -9 9 10 -12 12 -14 -15
leaf_value=-0.0027783339144891415 4.9112857251349937e-05 0.014804789359498497 0.025495559039256023 0.0023506380975859722 -0.00043789427043920367 -0.0047120658277742793 0.001698707398173208 0.0070919108327330005 -0.0021976375440115716 0.0058989046093073771 -0.0027720425347760552 0.00039999534215741427 0.0099312609374235181 -0.00019058173229365608
leaf_weight=577.76030380278826 100322.29126990587 97.128590106964111 24.077659726142883 2114.5347920861095 42395.103861838579 1077.1946868896484 13717.869428778067 1031.853218793869 11832.418500065804 1315.4744653701782 1199.7921330928802 1134.6186904907227 737.33657264709473 20006.545100402087
leaf_count=1391 57193 17 8 42562 49625 736 21074 183 2048 222 164 298 104 21959
internal_value=1.34065e-06 0.00205981 0.00331688 0.00296176 -2.84985e-05 -0.000544863 0.000119894 0.000773554 -7.50966e-05 -0.00150164 0.00176823 0.000125312 0.00418705 0.000578188
internal_weight=197584 2813.5 2235.74 2211.66 194770 43472.3 151298 34756.3 116542 14347.7 2515.27 102194 1871.96 33724.4
internal_count=197584 43978 42587 42579 153606 50361 103245 43216 60029 2434 386 57595 402 43033
is_linear=0
shrinkage=0.05


Tree=115
num_leaves=15
num_cat=0
split_feature=18 16 2 21 18 47 47 37 32 22 28 15 23 42
split_gain=4.73908 8.74776 6.61635 6.106 6.83912 5.60316 17.5762 51.0543 10.5261 29.6488 10.9766 10.256 16.299 10.2213
threshold=6.6220710277557382 4.5000000000000009 0.011050061322748663 0.85379686951637279 6.6180710792541513 4.1666352748870858 4.182021141052247 2.2499048709869389 3.9981586933135991 6.7702026367187509 3.8176519870758061 0.051249701529741294 2.6020033359527592 1.0000000180025095e-35
decision_type=2 2 2 2 2 2 2 2 2 2 2 2 2 2
left_child=3 2 -2 5 -5 8 7 -7 9 -1 11 12 -11 -8
right_child=1 -3 -4 4 -6 6 13 -9 -10 10 -12 -13 -14 -15
leaf_value=0.010196882320632013 -0.0011290477602311549 -0.0067178521223220898 0.0046559851981708518 -0.0007076941305353522 0.010846279155356117 0.0088714567419652564 -0.00012045674681935993 -0.0022349475591578673 -0.0022404201274028946 0.0075715099007599429 0.0056271203224539049 -0.00459638270630111 -0.00065606630897086242 0.00094996682333738081
leaf_weight=676.91651326417923 6592.4822489023209 649.51449021697044 524.412208750844 236.72914291918278 266.12808458507061 2073.4001617431641 134894.07778934762 2049.2971544265747 7432.9050526320934 622.03879487514496 706.17344045639038 1513.6800946295261 12637.737054497004 26708.507042750716
leaf_count=821 1867 200 153 836 89 120 162387 837 4288 41 223 445 7588 17689
internal_value=1.41187e-06 -0.00120838 -0.00069684 5.09715e-05 0.0054993 3.621e-05 0.000138848 0.00335867 -0.000684614 3.20859e-05 -0.000418712 -0.000711314 -0.000264682 5.6503e-05
internal_weight=197584 7766.41 7116.89 189818 502.857 189315 165725 4122.7 23589.5 16156.5 15479.6 14773.5 13259.8 161603
internal_count=197584 2220 2020 195364 925 194439 181033 957 13406 9118 8297 8074 7629 180076
is_linear=0
shrinkage=0.05


Tree=116
num_leaves=15
num_cat=0
split_feature=29 39 24 15 26 45 46 33 29 46 37 25 28 4
split_gain=4.75667 6.45397 11.1876 14.1268 16.3654 10.7726 9.75283 12.3486 8.05535 10.284 10.5771 12.5335 8.24909 7.99609
threshold=0.95625257492065441 0.28603132069110876 0.14517482370138171 0.0077221228275448093 0.88121852278709423 0.0026546475710347299 0.6006993055343629 1.8688347935676577 0.20164029300212863 0.84008195996284496 2.3502402305603032 0.017472459003329281 3.0677825212478642 0.010811126790940763
decision_type=2 2 2 2 2 2 2 2 2 2 2 2 2 2
left_child=1 2 8 -4 6 -6 7 -5 -1 12 11 -11 -10 -8
right_child=-2 -3 3 4 5 -7 13 -9 9 10 -12 -13 -14 -15
leaf_value=-2.8939231756255166e-05 0.0017450893087829036 -0.00046542212586961123 -0.0014849938664745579 0.0027210737677631578 0.0054771671010345642 0.017331838491602022 0.0016795700155344208 0.012643815815829587 0.0042180107410794334 0.010655616659513759 0.015682980723387734 -0.0022503969673898366 -0.0063488468548570688 -0.0032642086028368926
leaf_weight=120813.20331701264 3825.3236742466688 59710.762261720374 2737.9966856464744 1285.4594781342894 781.12244212627411 251.85508446395397 5106.5658670663834 408.3742434438318 357.65866905450821 337.34364001452923 238.57051122188568 404.21042336523533 361.57520842179656 963.97776805795729
leaf_count=67603 2823 54938 16351 12712 628 105 34654 240 225 191 132 172 294 6516
internal_value=1.41798e-06 -3.30951e-05 0.000159502 0.00164742 0.0026229 0.00850597 0.00183028 0.00517356 1.92824e-05 0.00342764 0.00673385 0.0036844 -0.0011084 0.000890441
internal_weight=197584 193759 134048 11535.4 8797.35 1032.98 7764.38 1693.83 122513 1699.36 980.125 741.554 719.234 6070.54
internal_count=197584 194761 139823 71206 54855 733 54122 12952 68617 1014 495 363 519 41170
is_linear=0
shrinkage=0.05


Tree=117
num_leaves=15
num_cat=0
split_feature=34 39 30 32 45 22 27 27 32 36 48 27 32 27
split_gain=4.70381 10.5728 9.30099 9.28138 7.72971 7.35065 13.013 17.5834 7.08853 19.3364 43.9291 16.5345 14.1469 21.3986
threshold=0.59487226605415355 0.54347258806228649 0.00054402774549089383 6.1643662452697763 0.00023502064141212034 6.7850186824798593 6.3062603473663339 6.2980260848999032 6.1622610092163095 0.70057469606399547 0.8619733750820161 6.327043056488038 6.1441833972930917 6.3234620094299325
decision_type=2 2 2 2 2 2 2 2 2 2 2 2 2 2
left_child=1 8 4 5 -3 6 7 -2 11 -10 -11 12 -1 -14
right_child=3 2 -4 -5 -6 -7 -8 -9 9 10 -12 -13 13 -15
leaf_value=-3.4204923227803004e-05 0.0021894770139776905 -0.0025229426321061454 -0.0021084785630533418 0.005511386744008976 0.0012393289642618349 -0.0002027317188760038 -0.0043074059644669562 0.013656690631561519 -0.0027518226963378248 0.0083529406747483437 -0.0035650056543576622 0.0022807656349853487 0.010704805380562827 0.00021026604012145306
leaf_weight=148000.74449334666 1452.1152335703373 1857.7663793712854 11068.619448542595 1023.5093465149403 5064.4951369613409 7806.518098950386 479.80591848492622 426.37470483779907 6683.9947326481342 1445.8509154319763 1640.2494168281555 8564.9554672241211 764.16684341430664 1304.8331378698349
leaf_count=171457 5037 1217 6592 232 3943 2658 1173 624 1380 220 292 1829 33 897
internal_value=1.49464e-06 -5.82975e-05 -0.00121007 0.000996785 0.000227444 0.000537234 0.00297721 0.00485081 6.48122e-05 -0.00124162 0.00202755 0.000145347 2.33281e-05 0.00411918
internal_weight=197584 186396 17990.9 11188.3 6922.26 10164.8 2358.3 1878.49 168405 9770.1 3086.1 158635 150070 2069
internal_count=197584 187860 11752 9724 5160 9492 6834 5661 176108 1892 512 174216 172387 930
is_linear=0
shrinkage=0.05


Tree=118
num_leaves=15
num_cat=0
split_feature=21 26 48 47 36 30 39 19 45 38 48 0 23 4
split_gain=4.47947 13.2014 14.5666 8.29198 10.4915 9.55296 7.49863 12.7572 9.54239 8.75265 7.46134 7.06567 14.5648 10.5603
threshold=0.81421363353729259 0.86811229586601268 0.81320595741271984 6.1913387775421151 0.6601788103580476 0.0044078081846237191 0.2772879451513291 0.27936859428882604 6.863524686195889e-05 0.89587974548339855 0.53406724333763134 0.013606071937829258 5.3156630992889413 0.014389234129339458
decision_type=2 2 2 2 2 2 2 2 2 2 2 2 2 2
left_child=1 -1 10 5 -5 -4 7 11 -8 -9 -3 13 -13 -2
right_child=6 2 3 4 -6 -7 8 9 -10 -11 -12 12 -14 -15
leaf_value=-7.0119574586282659e-06 -0.00017845155712984019 0.00087655707147891592 0.0023277484708181359 0.0029410195516395036 -0.0047334662747528537 -0.0022851675026893418 0.0069404447216002557 0.0091926163839301921 -0.0012625217851401534 -0.00040765954721070887 0.0052878656494372688 0.0061819940773668973 -0.0017432438230677685 -0.0074533347184551294
leaf_weight=133810.58143443987 25733.597220629454 1383.1682976186275 5088.6432057768106 641.54390242695808 1406.2048678398132 1430.4699989259243 350.8794846534729 627.39350424706936 20770.751356676221 377.03547337651253 3146.3591823279858 1254.9211873263121 1063.7278426587582 498.72231507301331
leaf_count=156377 16046 393 7200 175 345 1785 124 52 12210 295 1584 459 275 264
internal_value=1.49241e-06 0.000141322 0.00165575 0.000441804 -0.0023265 0.0013136 -0.000403804 0.000110394 -0.00112303 0.00562044 0.0039457 -8.53506e-05 0.00255426 -0.000319547
internal_weight=197584 146907 13096.4 8566.86 2047.75 6519.11 50677 29555.4 21121.6 1004.43 4529.53 28551 2318.65 26232.3
internal_count=197584 167859 11482 9505 520 8985 29725 17391 12334 347 1977 17044 734 16310
is_linear=0
shrinkage=0.05


Tree=119
num_leaves=15
num_cat=0
split_feature=1 39 39 49 26 41 48 47 32 32 49 43 15 45
split_gain=4.43942 8.7689 13.3557 7.94424 9.3822 7.72258 8.57988 25.3999 16.9096 23.171 13.4699 18.7368 14.2365 10.9588
threshold=0.0078432578593492525 0.010300806723535063 0.25998942553997045 0.041049316525459296 0.70044642686843883 0.46428571641445165 0.60089999437332164 4.2835628986358651 4.0689902305603036 4.0517470836639413 0.091849640011787428 3.7256208658218388 0.017205780372023586 0.00048504561709705746
decision_type=2 2 2 2 2 2 2 2 2 2 2 2 2 2
left_child=-1 3 5 -2 -5 -3 7 10 9 -8 11 -7 -13 -9
right_child=1 2 -4 4 -6 6 8 13 -10 -11 -12 12 -14 -15
leaf_value=-0.00014271973819180285 -0.0018532603804049235 -0.0030260995984557264 -0.0004556303231380988 -0.0023597614506268893 0.0096118000989483861 0.0030271228986885287 0.0012558199715486914 0.0037259247088608071 -0.0014919666266154411 0.0092455135197661575 -0.00046386418346159024 0.0061550150224395075 0.015724800912357489 -0.0018047318519644224
leaf_weight=144215.71387223713 6090.0024958737195 991.36091902852058 17529.739408312365 304.93654131889343 335.42785328999162 1370.7064833045006 14189.688693627715 1356.368696782738 5385.0104709994048 959.96204996109009 677.72469931840897 790.77470989525318 796.54457405209541 2590.0378059949726
leaf_count=145966 2536 438 20061 82 142 927 6097 456 16111 168 65 70 171 4294
internal_value=1.45746e-06 0.000391017 0.000634535 -0.00129487 0.00396241 0.00129099 0.00144423 0.0028807 0.000912688 0.00176785 0.00588962 0.00734195 0.0110257 0.000100752
internal_weight=197584 53368.3 46637.9 6730.37 640.364 29108.2 28116.8 7582.16 20534.7 15149.7 3635.75 2958.03 1587.32 3946.41
internal_count=197584 51618 48858 2760 224 28797 28359 5983 22376 6265 1233 1168 241 4750
is_linear=0
shrinkage=0.05


end of trees

feature_importances:
Column_48=109
Column_32=99
Column_47=96
Column_22=95
Column_29=82
Column_27=77
Column_49=65
Column_35=62
Column_36=62
Column_24=61
Column_45=60
Column_28=59
Column_37=50
Column_41=50
Column_0=49
Column_50=46
Column_43=36
Column_33=35
Column_31=34
Column_42=34
Column_44=34
Column_34=33
Column_26=32
Column_3=29
Column_30=29
Column_1=22
Column_15=22
Column_18=22
Column_25=22
Column_39=20
Column_17=19
Column_21=18
Column_46=17
Column_23=15
Column_2=14
Column_20=11
Column_4=10
Column_19=10
Column_52=10
Column_38=9
Column_56=9
Column_40=6
Column_16=4
Column_51=1
Column_55=1

parameters:
[boosting: gbdt]
[objective: regression]
[metric: l2]
[tree_learner: serial]
[device_type: cpu]
[data_sample_strategy: bagging]
[data: ]
[valid: ]
[num_iterations: 120]
[learning_rate: 0.05]
[num_leaves: 15]
[num_threads: 2]
[seed: 20260928]
[deterministic: 1]
[force_col_wise: 1]
[force_row_wise: 0]
[histogram_pool_size: -1]
[max_depth: -1]
[min_data_in_leaf: 100]
[min_sum_hessian_in_leaf: 0.001]
[bagging_fraction: 1]
[pos_bagging_fraction: 1]
[neg_bagging_fraction: 1]
[bagging_freq: 0]
[bagging_seed: 8287]
[bagging_by_query: 0]
[feature_fraction: 1]
[feature_fraction_bynode: 1]
[feature_fraction_seed: 24490]
[extra_trees: 0]
[extra_seed: 6370]
[early_stopping_round: 0]
[early_stopping_min_delta: 0]
[first_metric_only: 0]
[max_delta_step: 0]
[lambda_l1: 0]
[lambda_l2: 10]
[linear_lambda: 0]
[min_gain_to_split: 0]
[drop_rate: 0.1]
[max_drop: 50]
[skip_drop: 0.5]
[xgboost_dart_mode: 0]
[uniform_drop: 0]
[drop_seed: 1862]
[top_rate: 0.2]
[other_rate: 0.1]
[min_data_per_group: 100]
[max_cat_threshold: 32]
[cat_l2: 10]
[cat_smooth: 10]
[max_cat_to_onehot: 4]
[top_k: 20]
[monotone_constraints: ]
[monotone_constraints_method: basic]
[monotone_penalty: 0]
[feature_contri: ]
[forcedsplits_filename: ]
[refit_decay_rate: 0.9]
[cegb_tradeoff: 1]
[cegb_penalty_split: 0]
[cegb_penalty_feature_lazy: ]
[cegb_penalty_feature_coupled: ]
[path_smooth: 0]
[interaction_constraints: ]
[verbosity: -1]
[saved_feature_importance_type: 0]
[use_quantized_grad: 0]
[num_grad_quant_bins: 4]
[quant_train_renew_leaf: 0]
[stochastic_rounding: 1]
[linear_tree: 0]
[max_bin: 255]
[max_bin_by_feature: ]
[min_data_in_bin: 3]
[bin_construct_sample_cnt: 236018]
[data_random_seed: 5112]
[is_enable_sparse: 1]
[enable_bundle: 1]
[use_missing: 1]
[zero_as_missing: 0]
[feature_pre_filter: 1]
[pre_partition: 0]
[two_round: 0]
[header: 0]
[label_column: ]
[weight_column: ]
[group_column: ]
[ignore_column: ]
[categorical_feature: ]
[forcedbins_filename: ]
[precise_float_parser: 0]
[parser_config_file: ]
[objective_seed: 23271]
[num_class: 1]
[is_unbalance: 0]
[scale_pos_weight: 1]
[sigmoid: 1]
[boost_from_average: 1]
[reg_sqrt: 0]
[alpha: 0.9]
[fair_c: 1]
[poisson_max_delta_step: 0.7]
[tweedie_variance_power: 1.5]
[lambdarank_truncation_level: 30]
[lambdarank_norm: 1]
[label_gain: ]
[lambdarank_position_bias_regularization: 0]
[eval_at: ]
[multi_error_top_k: 1]
[auc_mu_weights: ]
[num_machines: 1]
[local_listen_port: 12400]
[time_out: 120]
[machine_list_filename: ]
[machines: ]
[gpu_platform_id: -1]
[gpu_device_id: -1]
[gpu_device_id_list: ]
[gpu_use_dp: 0]
[num_gpu: 1]

end of parameters

pandas_categorical:null
