tree
version=v4
num_class=1
num_tree_per_iteration=1
label_index=0
max_feature_idx=56
objective=binary sigmoid:1
feature_names=Column_0 Column_1 Column_2 Column_3 Column_4 Column_5 Column_6 Column_7 Column_8 Column_9 Column_10 Column_11 Column_12 Column_13 Column_14 Column_15 Column_16 Column_17 Column_18 Column_19 Column_20 Column_21 Column_22 Column_23 Column_24 Column_25 Column_26 Column_27 Column_28 Column_29 Column_30 Column_31 Column_32 Column_33 Column_34 Column_35 Column_36 Column_37 Column_38 Column_39 Column_40 Column_41 Column_42 Column_43 Column_44 Column_45 Column_46 Column_47 Column_48 Column_49 Column_50 Column_51 Column_52 Column_53 Column_54 Column_55 Column_56
feature_infos=[0:0.016393441706895828] [0:0.016393441706895828] [0:0.016393441706895828] [0:0.016393441706895828] [0:0.016393441706895828] [0:1] [0:1] [0:1] [0:1] [0:1] [0:1] [0:1] [0:1] [0:1] [0:1] [0.0062500000931322575:0.081967204809188843] [1:5] [0.0090909088030457497:0.090909093618392944] [0:6.6732978820800781] [0:0.69967192411422729] [0:0.080876193940639496] [0:0.92406541109085083] [0:6.8012828826904297] [0:6.2672004699707031] [0:0.92780005931854248] [0:0.15576513111591339] [0:0.9768785834312439] [0:6.3315019607543945] [0:6.1180973052978516] [0:0.9799339771270752] [0:0.3495212197303772] [0:0.99538105726242065] [0:6.1654176712036133] [0:4.4659080505371094] [0:0.73721992969512939] [0:0.21382854878902435] [0:0.98305082321166992] [0:4.510859489440918] [0:2.9444389343261719] [0:0.68955951929092407] [0:0.22477707266807556] [0:0.94999998807907104] [0:2.9444389343261719] [0:6.1441855430603027] [0:0.96546274423599243] [0:0.25372564792633057] [0:0.98883926868438721] [0:6.196444034576416] [0:1.0000003576278687] [0:1.0000002384185791] [0:0.52803891897201538] [0:1] [0:1] [0:1] [0:1] [0:1] [0:1]
tree_sizes=1699 1772 1768 1779 1773 1771 1777 1776 1782 1776 1782 1787 1776 1784 1786 1786 1774 1786 1793 1787 1792 1786 1786 1789 1789 1795 1791 1782 1788 1776 1792 1771 1786 1788 1786 1787 1788 1800 1784 1786 1797 1778 1789 1777 1785 1795 1781 1777 1795 1790 1778 1784 1792 1786 1791 1788 1791 1784 1781 1781 1782 1793 1773 1780 1772 1768 1780 1786 1787 1800 1800 1798 1774 1794 1782 1774 1782 1778 1795 1790 1774 1780 1777 1784 1787 1768 1781 1791 1764 1786 1776 1794 1764 1794 1773 1794 1770 1794 1792 1784 1782 1791 1764 1786 1778 1793 1769 1787 1792 1791 1763 1788 1787 1796 1805 1788 1779 1798 1783 1774

Tree=0
num_leaves=15
num_cat=0
split_feature=41 32 37 37 54 27 32 22 28 22 22 32 42 22
split_gain=7552.53 6772.35 6195.28 6204.96 7059.14 4942.7 6458.34 6686.24 4079.77 3886.1 5775.27 7484.07 3756.63 4028.99
threshold=0.34848485887050634 2.7403194904327397 1.5890269279479983 1.0000000180025095e-35 1.0000000180025095e-35 6.3198649883270273 4.0342013835906991 6.7895333766937265 0.89587974548339855 6.8007264137268075 6.7984981536865243 1.8688347935676577 2.2499048709869389 6.7996129989624032
decision_type=2 2 2 2 2 2 2 2 2 2 2 2 2 2
left_child=1 -1 3 9 5 6 8 -8 -5 10 -2 -12 13 -4
right_child=2 -3 12 4 -6 -7 7 -9 -10 -11 11 -13 -14 -15
leaf_value=1.1184186866256836 1.3250709240851593 1.3444651599537871 1.3084518369262033 1.1412851194973304 1.1131676582585757 1.3343214626258055 1.3414810633409708 1.1391524329166733 1.3017008922334814 1.3454747196572128 1.3619813633043965 1.1871492342209833 1.2054497155771495 1.3638002350073068
leaf_weight=985.10492776893079 4958.6698575858027 492.11515078693628 5761.1658521224745 426.48820036277175 714.23699151724577 2573.9306918829679 524.42347579449415 1784.1134846061468 4313.8171836435795 5933.197575211525 850.57330346107483 2127.8194668591022 529.7446520626545 7654.3524228334427
leaf_count=1153 112108 2077 45061 988 5539 5362 19682 3545 21605 3813 1124 3346 3029 7585
internal_value=1.30403 1.19349 1.30834 1.29305 1.26374 1.2751 1.25347 1.18508 1.28696 1.3149 1.29202 1.2371 1.33487 1.34005
internal_weight=39629.8 1477.22 38152.5 24207.3 10337 9622.77 7048.84 2308.54 4740.31 13870.3 7937.06 2978.39 13945.3 13415.5
internal_count=236017 3230 232787 177112 56721 51182 45820 23227 22593 120391 116578 4470 55675 52646
is_linear=0
shrinkage=1


Tree=1
num_leaves=15
num_cat=0
split_feature=41 37 37 27 43 23 22 42 32 45 31 42 47 22
split_gain=6405.8 5660.29 5463.74 5919.31 5686.33 5324.76 4894.57 5447.38 3941.33 3776.84 3754.82 3316.1 3110.81 2678.03
threshold=0.34848485887050634 1.5890269279479983 1.0000000180025095e-35 6.3198649883270273 3.4811217784881596 4.5053346157073983 6.7702026367187509 0.89587974548339855 2.7403194904327397 0.0070750964805483827 0.87460690736770641 2.2499048709869389 4.8674161434173593 6.7996129989624032
decision_type=2 2 2 2 2 2 2 2 2 2 2 2 2 2
left_child=5 2 9 4 -4 -1 -6 -8 -9 -2 11 -3 -11 -12
right_child=1 10 3 -5 6 -7 7 8 -10 12 13 -13 -14 -15
leaf_value=-0.15885762744438903 0.017170798774123835 0.044456043045557891 0.056831262872575651 0.029302208585681389 0.045365101295283178 0.040547663086845737 -0.10983853213159119 -0.17934304837129486 0.054382309062917758 0.043933938018364427 -0.095677900175495323 -0.084324129294411854 -0.15743888960500829 0.043034966111246617
leaf_weight=1094.3867774722166 12933.345927872229 11702.937455650419 939.71379421278834 2529.25156866014 765.44611721625552 475.43902914226055 5182.7970298081636 212.58290362358093 941.67103219032288 281.40466165170074 940.96410173363984 513.1678888425231 568.64088398241438 541.34627282619476
leaf_count=1183 114438 40175 3007 5362 25869 2047 21192 278 1013 3441 12258 2725 2512 517
internal_value=6.43979e-05 0.0041591 -0.0103028 -0.0373272 -0.0582923 -0.0985912 -0.0735825 -0.087999 0.0101656 0.0104361 0.0298602 0.0389818 -0.0910394 -0.0450704
internal_weight=39623.1 38053.3 24354.9 10571.5 8042.21 1569.83 7102.5 6337.05 1154.25 13783.4 13698.4 12216.1 850.046 1482.31
internal_count=236017 232787 177112 56721 51359 3230 48352 22483 1291 120391 55675 42900 5953 12775
is_linear=0
shrinkage=0.05


Tree=2
num_leaves=15
num_cat=0
split_feature=41 37 43 47 28 27 22 47 48 47 22 31 42 47
split_gain=5514.88 5179.01 4935.9 9902.67 4344.31 4215.88 5566.74 7998.42 6961.2 6435.1 5263.13 3436.12 3001.8 2957.09
threshold=0.34848485887050634 1.5890269279479983 3.5972183942794804 4.182021141052247 2.9700856208801274 6.325254201889039 6.7804884910583505 4.3630783557891855 0.6760140359401704 6.1954247951507577 6.7895333766937265 0.87460690736770641 2.2499048709869389 4.2972624301910409
decision_type=2 2 2 2 2 2 2 2 2 2 2 2 2 2
left_child=4 2 -2 -4 -1 6 -5 8 13 10 -9 12 -3 -8
right_child=1 11 3 5 -6 -7 7 9 -10 -11 -12 -13 -14 -15
leaf_value=-0.13923016927071608 0.045352921717388112 0.04339098995333656 -0.15276011830338501 0.049053118576809114 0.041349978591721327 0.034051894962128508 -0.083506209146408106 -0.012856379862013982 0.032132710124676341 0.005700324482987418 -0.15418286872850417 -0.041686502274453092 -0.076697515026661764 0.05259348273155693
leaf_weight=1188.9729504929855 3482.6433496512473 11398.722377279773 1285.3322487585247 2322.857612344902 455.83121673204005 4244.5998974889517 2631.1629668027163 871.24694909155369 5034.0972675383091 1419.2068822383881 2716.0669464021921 1520.0942979939282 536.34215208888054 463.12338943779469
leaf_count=1194 12856 40175 8853 119813 2036 6234 3831 8977 8278 1129 6383 12775 2725 758
internal_value=0.000111914 0.00400946 -0.00969136 -0.0188425 -0.0892378 -0.010033 -0.0221526 -0.0347728 -0.00412733 -0.0844202 -0.11999 0.0289152 0.0379347 -0.0630323
internal_weight=39570.3 37925.5 24470.3 20987.7 1644.8 19702.4 15457.8 13134.9 8128.38 5006.52 3587.31 13455.2 11935.1 3094.29
internal_count=236017 232787 177112 164256 3230 155403 149169 29356 12867 16489 15360 55675 42900 4589
is_linear=0
shrinkage=0.05


Tree=3
num_leaves=15
num_cat=0
split_feature=41 37 28 49 27 28 31 47 22 38 31 54 36 31
split_gain=4803.14 4734 4561.16 6210.69 4919.36 3619.64 3559.76 3385.79 3253.99 5240.33 3933.77 2974.43 2864.53 2574.15
threshold=0.34848485887050634 1.5890269279479983 2.4414010047912602 0.085442371666431441 3.0201274156570439 2.9700856208801274 0.88107022643089306 4.2835628986358651 6.7996129989624032 1.0000000180025095e-35 0.80021008849143993 1.0000000180025095e-35 0.48249898850917822 0.58513706922531139
decision_type=2 2 2 2 2 2 2 2 2 2 2 2 2 2
left_child=5 2 4 11 7 -1 -5 -2 10 -10 12 13 -3 -4
right_child=1 8 3 6 -6 -7 -8 -9 9 -11 -12 -13 -14 -15
leaf_value=-0.12468205208045047 0.058270905845353743 -0.10033925481401409 0.03911871786947186 0.024451394382293917 0.051369224711968031 0.040328016221217691 -0.07050774540353888 -0.092869666684877991 0.058912017655715347 -0.1591243399123882 -0.068928207033426933 -0.13748230370398112 0.037154721634373999 -0.049065088979612627
leaf_weight=1260.4640794377774 527.1490059196949 408.46501460717991 913.41537719639018 6788.773937523365 4958.2759186150506 444.55602394044399 1144.7000223081559 1194.495097219944 6997.6609203219414 277.43397384881973 1509.0466466890648 852.22917285561562 4022.8053479189985 8158.1659945161082
leaf_count=1194 1262 3630 7896 110452 9950 2036 7732 1860 7561 315 16018 5347 28151 32613
internal_value=0.000163645 0.00388033 -0.00911348 -0.0222958 0.0261073 -0.0816741 0.0106785 -0.0465228 0.0279947 0.0503902 0.000528397 -0.048641 0.0242834 -0.0401526
internal_weight=39457.6 37752.6 24537.2 17857.3 6679.92 1705.02 7933.47 1721.64 13215.4 7275.09 5940.32 9923.81 4431.27 9071.58
internal_count=236017 232787 177112 164040 13072 3230 118184 3122 55675 7876 47799 45856 31781 40509
is_linear=0
shrinkage=0.05


Tree=4
num_leaves=15
num_cat=0
split_feature=41 37 43 47 27 22 47 48 47 22 22 38 31 23
split_gain=4219.15 4341.97 4199.31 7795.1 3351.37 4605.27 7312.69 6276.59 5099.34 3767.65 3090.58 4657.47 3492.51 3072.9
threshold=0.34848485887050634 1.5890269279479983 3.5972183942794804 4.1971738338470468 6.325254201889039 6.7804884910583505 4.3630783557891855 0.6760140359401704 6.1954247951507577 6.7895333766937265 6.7996129989624032 1.0000000180025095e-35 0.84078997373580944 4.5053346157073983
decision_type=2 2 2 2 2 2 2 2 2 2 2 2 2 2
left_child=13 2 -2 -4 5 -5 7 -7 9 -8 12 -12 -3 -1
right_child=1 10 3 4 -6 6 8 -9 -10 -11 11 -13 -14 -15
leaf_value=-0.11374617815680517 0.043597384907071657 0.021035242492385045 -0.10939636532555669 0.047981976673775767 0.032882709144154851 -0.053099492152022101 -0.012752344570856236 0.039594173947559229 0.0061951358845112473 -0.13105030589588681 0.058130791620642157 -0.14057092979365676 -0.071032485416210947 0.037653999743547453
leaf_weight=1308.7421269854531 3322.4385767353233 4615.13357801456 2042.3005349971354 2252.4729889601003 4146.4149333313107 3054.6189177781343 871.73506005108356 4509.5818077921867 1427.609477519989 2977.9685950875282 6743.6960784196854 299.05132550001144 1315.1925880210474 443.7905545681715
leaf_count=1183 12856 33517 11141 119813 6234 3653 8977 6926 1129 6383 7561 315 14282 2047
internal_value=0.000195955 0.00374117 -0.00859996 -0.0167651 -0.00688093 -0.0178188 -0.029389 0.0021414 -0.0745014 -0.104365 0.0271363 0.0495061 0.000531803 -0.0754113
internal_weight=39330.7 37578.2 24605.1 21282.7 19240.4 15094 12841.5 7564.2 5277.31 3849.7 12973.1 7042.75 5930.33 1752.53
internal_count=236017 232787 177112 164256 153115 146881 27068 10579 16489 15360 55675 7876 47799 3230
is_linear=0
shrinkage=0.05


Tree=5
num_leaves=15
num_cat=0
split_feature=37 43 36 37 36 22 22 32 27 27 32 32 32 22
split_gain=3953.79 4379.08 5369.25 3542.52 3047.5 2877.1 4404.44 4946.9 2638.48 3106 2137.74 2908.43 2582.6 3237.29
threshold=4.49422311782837 1.0000000180025095e-35 0.85634920001029979 1.0000000180025095e-35 0.20714285969734195 6.8007264137268075 6.7984981536865243 1.8688347935676577 6.3135464191436776 6.325254201889039 4.4870557785034189 4.0689902305603036 3.979637980461121 6.8007264137268075
decision_type=2 2 2 2 2 2 2 2 2 2 2 2 2 2
left_child=1 -1 3 5 -5 6 8 -8 -3 -10 11 12 -6 -14
right_child=-2 2 -4 4 10 -7 7 -9 9 -11 -12 -13 13 -15
leaf_value=-0.12593688002562747 0.057904815674144773 0.042068656495690623 0.053695321069672432 0.042651029074078181 -0.044295357100389128 0.038420399279409823 0.055669593376788076 -0.088480885897065306 -0.11164931638922548 0.041099245575418976 0.0012545943339074205 -0.10993431270694605 0.0489274663013049 -0.088069814846466921
leaf_weight=713.39569039456546 2752.0505758076906 3781.2454128905665 3889.7026134142652 1593.8001397233456 8508.9020795784891 5532.3868820667267 777.5518165230751 2449.7731834352016 696.53549490869045 621.57600989937782 4175.7866894369945 1323.4133403468877 1743.7590105086565 562.03681874275208
leaf_count=9739 4555 109650 17639 2144 36907 3818 1124 3348 2078 1924 35917 1712 5246 216
internal_value=0.000232115 -0.0041466 -0.00167526 -0.00846991 -0.0231532 0.0105058 -0.0080649 -0.0536864 0.020857 -0.0398513 -0.0296042 -0.0402127 -0.031587 0.0152983
internal_weight=39121.9 36369.9 35656.5 31766.8 17907.7 13859.1 8326.68 3227.32 5099.36 1318.11 16313.9 12138.1 10814.7 2305.8
internal_count=236017 231462 221723 204084 82142 121942 118124 4472 113652 4002 79998 44081 42369 5462
is_linear=0
shrinkage=0.05


Tree=6
num_leaves=15
num_cat=0
split_feature=37 43 36 37 36 27 27 32 32 47 22 32 23 42
split_gain=3702.24 3746.56 4989.03 3175.79 2747.82 2662.54 5446.96 2039.93 2547.92 2016.45 2126.82 3334.35 3983.66 3218.32
threshold=4.49422311782837 1.0000000180025095e-35 0.85634920001029979 1.0000000180025095e-35 0.20714285969734195 5.478551149368287 5.482717990875245 2.0126758217811589 1.8688347935676577 6.1954247951507577 6.8007264137268075 3.979637980461121 2.6735538244247441 1.0000000180025095e-35
decision_type=2 2 2 2 2 2 2 2 2 2 2 2 2 2
left_child=1 -1 3 5 -5 7 -7 8 -3 10 11 12 -6 -12
right_child=-2 2 -4 4 9 6 -8 -9 -10 -11 13 -13 -14 -15
leaf_value=-0.11371219472530042 0.057210605169141553 0.053692121689910756 0.052831498138945499 0.041666101117202509 0.04496271066722006 -0.11133270919537169 0.0080263083092548988 0.050223820593935403 -0.10382927255406256 0.046482117891317815 -0.017803356291669986 0.00556296693839607 -0.062556094728420095 -0.117667443370158
leaf_weight=750.61695518018678 2648.9095401279628 487.62820610404015 3759.1226861518808 1551.2288239328191 1007.3290409743786 1098.0722118318081 6949.8292356040329 4668.7653985973448 521.58720332384109 858.44086933135986 1611.7196346521378 5733.0463736327365 5694.1832755357027 1613.8497122526169
leaf_count=9739 4555 1256 17639 2144 4600 1650 30429 88030 577 547 867 41951 31246 787
internal_value=0.000258994 -0.00391091 -0.00156151 -0.00800685 -0.021774 0.01012 -0.00837724 0.0363064 -0.0279387 -0.0277532 -0.0318496 -0.0224308 -0.0463516 -0.0679776
internal_weight=38954.3 36305.4 35554.8 31795.7 18069.8 13725.9 8047.9 5677.98 1009.22 16518.6 15660.1 12434.6 6701.51 3225.57
internal_count=236017 231462 221723 204084 82142 121942 32079 89863 1833 79998 79451 77797 35846 1654
is_linear=0
shrinkage=0.05


Tree=7
num_leaves=15
num_cat=0
split_feature=37 47 37 36 23 22 22 52 27 42 42 33 32 22
split_gain=3469.58 3332.51 4732.25 4125.8 2852 3062.3 3720.21 3241.74 3045.26 4104.91 3883.57 2850.77 2536.05 4265.3
threshold=4.49422311782837 4.1266138553619394 0.89587974548339855 0.79163843393325817 2.6735538244247441 6.7804884910583505 6.8007264137268075 1.0000000180025095e-35 6.325254201889039 1.0000000180025095e-35 2.2499048709869389 3.9415346384048466 3.4175922870635991 6.7895333766937265
decision_type=2 2 2 2 2 2 2 2 2 2 2 2 2 2
left_child=1 2 -1 4 -3 -6 8 -8 9 12 -11 -10 -7 -14
right_child=-2 3 -4 -5 5 6 7 -9 11 10 -12 -13 13 -15
leaf_value=0.019593275106260882 0.056550991526620548 0.0379839137177393 -0.094438733835224248 0.047696595760834112 0.044142561676558854 -0.031760026389209405 0.041184470692136793 -0.021403103857187397 0.025952117295556121 0.036319826674394241 -0.094441608830856519 -0.11494136726549352 -0.0094992840508289957 -0.11898230998916717
leaf_weight=1526.1769776036963 2548.4795579239726 3330.5482533108443 2232.1159298084676 4192.3237744783983 2261.4248770300765 3488.5118226483464 4140.0142034292221 4116.7273358106613 3006.6802886426449 2313.0108132064342 741.5367998406291 397.57644045352936 1230.2513093911111 3220.2508038431406
leaf_count=7894 4555 8523 17324 20553 122699 11459 2830 2580 5355 6599 2978 690 14129 7849
internal_value=0.000279238 -0.00369713 -0.0482032 0.00147251 -0.00540247 -0.0112149 -0.0167578 0.0099908 -0.0320937 -0.0448802 0.00437096 0.00920899 -0.0638113 -0.0888071
internal_weight=38745.6 36197.1 3758.29 32438.9 28246.5 24916 22654.6 8256.74 14397.8 10993.6 3054.55 3404.26 7939.01 4450.5
internal_count=236017 231462 25218 206244 185691 177168 54469 5410 49059 43014 9577 6045 33437 21978
is_linear=0
shrinkage=0.05


Tree=8
num_leaves=15
num_cat=0
split_feature=37 36 37 47 22 46 38 43 22 42 27 27 32 47
split_gain=3253.09 3080.8 2903.82 2841.59 2622.2 4310.43 2614.33 2127.41 2064.28 2099.89 2085.41 4798.92 3638.93 3006.24
threshold=4.49422311782837 0.85634920001029979 4.0689902305603036 4.1971738338470468 6.7770755290985116 0.76975053548812877 2.0126758217811589 3.5972183942794804 6.7804884910583505 0.89587974548339855 6.325254201889039 5.4722616672515878 2.1383330821990971 4.3630783557891855
decision_type=2 2 2 2 2 2 2 2 2 2 2 2 2 2
left_child=1 3 -3 4 -1 -6 7 -5 -9 10 11 12 -10 -13
right_child=-2 2 -4 6 5 -7 -8 8 9 -11 -12 13 -14 -15
leaf_value=-0.11371367798682588 0.05592253960233904 0.054668338522064291 -0.07378415847549491 0.047321676451784832 0.01218560989325081 -0.083660242496391646 -0.086462534723072165 0.042908578293283678 -0.036508183030261508 0.045031181122094165 0.017438038005515185 -0.013498243447926715 0.035856620900722086 -0.077267995513495627
leaf_weight=989.91118506295606 2450.8509617112577 3426.3057310681324 495.74079233035445 2284.2899628414307 3033.6082895174623 1900.4413313306868 865.80519998446107 2190.0375072201714 2860.8026992753148 1703.4693982452154 4402.0525233745575 3264.9478793889284 4390.2750485949218 4264.0653656870127
leaf_count=8972 4555 17240 6600 6502 12022 4452 3577 122612 5427 3187 6683 6619 12218 15351
internal_value=0.000300388 -0.00349324 0.0382858 -0.00860032 -0.0398458 -0.0248258 -0.00152999 0.0014026 -0.00316152 -0.00801059 -0.012742 -0.0217364 0.00729523 -0.0496689
internal_weight=38522.6 36071.8 3922.05 32149.7 5923.96 4934.05 26225.7 25359.9 23075.7 20885.6 19182.1 14780.1 7251.08 7529.01
internal_count=236017 231462 23840 207622 25446 16474 182176 178599 172097 49485 46298 39615 17645 21970
is_linear=0
shrinkage=0.05


Tree=9
num_leaves=15
num_cat=0
split_feature=37 36 37 47 36 46 46 38 37 43 32 32 22 22
split_gain=3052.19 2844.22 2676.5 2532.07 2347.21 3211.7 2394.06 2295.5 1989.13 1824.93 1886.87 3485.66 2854.5 3821.26
threshold=4.49422311782837 0.85634920001029979 4.0689902305603036 4.1971738338470468 0.74537035822868358 0.76975053548812877 0.50325235724449169 2.0126758217811589 4.4714918136596689 3.5972183942794804 6.1516542434692392 6.1441833972930917 6.7962646484375009 6.8007264137268075
decision_type=2 2 2 2 2 2 2 2 2 2 2 2 2 2
left_child=1 3 -3 4 5 6 -1 8 9 -5 11 12 -11 -14
right_child=-2 2 -4 7 -6 -7 -8 -9 -10 10 -12 -13 13 -15
leaf_value=-0.1122198047793789 0.055322137859681743 0.053953927808528514 -0.068189391441938904 0.046423533421711571 -0.089049733290951366 -0.073359309194224842 0.031911773534664289 -0.079879580543831846 -0.10539648694973913 0.026885575973180083 0.035160162784556567 -0.12548819492077462 -0.047767988657934357 0.0066575560379746618
leaf_weight=317.09712081588805 2356.0882597528398 3301.3949660288636 510.02518423274159 2214.0462194106076 1602.9727786332369 1646.9269710890949 2414.5583719164133 890.44673167169094 418.89615559577942 5599.902655543061 3095.1672673895955 589.62027508020401 5450.5667313933372 7872.7599509954453
leaf_count=1522 4555 17240 6600 6502 12004 2627 9293 3577 694 148759 6564 2649 8221 5210
internal_value=0.000315839 -0.00330612 0.0374737 -0.00815635 -0.0374728 -0.018431 0.0148323 -0.00143395 0.00136399 0.00320739 -0.0010435 -0.00680127 -0.00303883 -0.015627
internal_weight=38280.5 35924.4 3811.42 32113 5981.56 4378.58 2731.66 26131.4 25241 24822.1 22608 19512.8 18923.2 13323.3
internal_count=236017 231462 23840 207622 25446 13442 10815 182176 178599 177905 171403 164839 162190 13431
is_linear=0
shrinkage=0.05


Tree=10
num_leaves=15
num_cat=0
split_feature=37 36 37 37 22 22 32 25 36 45 47 22 42 32
split_gain=2865.81 2628.25 2474.08 2359.3 2619.29 2381.93 3505.02 2304 2164.2 1790.04 1604.7 1754.33 2487.76 2419.38
threshold=4.49422311782837 0.85634920001029979 4.0689902305603036 1.0000000180025095e-35 6.8007264137268075 6.7984981536865243 1.8688347935676577 1.5083984408192921e-06 0.20714285969734195 0.0070750964805483827 6.1954247951507577 6.8007264137268075 1.0000000180025095e-35 3.979637980461121
decision_type=2 2 2 2 2 2 2 2 2 2 2 2 2 2
left_child=1 3 -3 4 5 7 -7 -1 -5 -9 11 13 -13 -10
right_child=-2 2 -4 8 -6 6 -8 9 10 -11 -12 12 -14 -15
leaf_value=-0.090491340366441034 0.054746960206556908 0.053264417810983844 -0.0632797983204893 0.038965483196608253 0.035894877737959678 0.054549875138289433 -0.067823682053970921 0.036320556453496494 -0.039289116348791599 -0.051915209890525144 0.044134904236146619 -0.01588756429070861 -0.1025677213881598 0.0043621618563672712
leaf_weight=480.45320525206625 2264.2332605514675 3180.1341830105521 522.55123652145267 1450.6934277799446 5194.0025842785835 739.35385447740555 2683.8646600246429 3938.6707096879836 6994.9004775378853 663.69106509978883 802.52979600429535 1620.7448029518127 1691.1285115480423 5801.4725615454372
leaf_count=2872 4555 17240 6600 2152 3819 1124 3348 105695 36695 5783 547 867 787 43933
internal_value=0.000322787 -0.00313715 0.0366907 -0.00774675 0.0079524 -0.00913211 -0.0413113 0.0125788 -0.0194583 0.0235114 -0.0244903 -0.0279345 -0.0603242 -0.019511
internal_weight=38028.4 35764.2 3702.69 32061.5 13700 8506.03 3423.22 5082.81 18361.5 4602.36 16910.8 16108.2 3311.87 12796.4
internal_count=236017 231462 23840 207622 122641 118822 4472 114350 84981 111478 82829 82282 1654 80628
is_linear=0
shrinkage=0.05


Tree=11
num_leaves=15
num_cat=0
split_feature=37 36 37 37 22 22 32 25 36 45 47 23 49 32
split_gain=2691.64 2429.44 2292.52 2121.75 2417.75 2129.66 3118.71 2066.58 1961.37 1610.29 1452.46 1596.77 1721.63 1390.89
threshold=4.49422311782837 0.85634920001029979 4.0689902305603036 1.0000000180025095e-35 6.8007264137268075 6.7984981536865243 1.8688347935676577 9.6559716666888583e-07 0.20714285969734195 0.0070750964805483827 6.1954247951507577 2.6020033359527592 0.015514336992055179 4.4870557785034189
decision_type=2 2 2 2 2 2 2 2 2 2 2 2 2 2
left_child=1 3 -3 4 5 7 -7 -1 -5 -9 11 -10 13 -13
right_child=-2 2 -4 8 -6 6 -8 9 10 -11 -12 12 -14 -15
leaf_value=-0.088321259811255715 0.05419442756062829 0.052596951798597094 -0.058928793570785946 0.038025612178833101 0.034917641660109154 0.053750083006784771 -0.063005719028051785 0.034723342639320719 0.034888370034733218 -0.048299929174386594 0.043167252332823786 -0.058440415418289676 -0.01646719965578727 0.022112118420771265
leaf_weight=455.21113342233002 2175.3083189707249 3062.5786470028106 533.51804295554757 1413.4260384202935 5075.7212664484978 713.63997685909271 2743.7764858007431 3885.0923720775172 992.89977749437094 678.06118271965533 780.28705364465714 5562.5886022523046 9108.4746791182552 587.7555887857452
leaf_count=2511 4555 17240 6600 2152 3819 1124 3348 106056 4281 5783 547 17918 53399 6684
internal_value=0.000331986 -0.00297418 0.0359334 -0.00735681 0.00766159 -0.0086826 -0.0388208 0.0121171 -0.0183887 0.0223079 -0.0230899 -0.0262957 -0.0302972 -0.050719
internal_weight=37768.3 35593 3596.1 31996.9 13551.5 8475.78 3457.42 5018.36 18445.4 4563.15 17032 16251.7 15258.8 6150.34
internal_count=236017 231462 23840 207622 122641 118822 4472 114350 84981 111839 82829 82282 78001 24602
is_linear=0
shrinkage=0.05


Tree=12
num_leaves=15
num_cat=0
split_feature=37 31 36 49 28 41 28 27 47 33 47 27 38 27
split_gain=2528.9 2271.06 2800.92 2105.51 2008.33 3406.29 2593.71 2459.74 3193.93 2466.51 2190.48 2698.5 1714.93 1547.82
threshold=4.49422311782837 0.88107022643089306 0.85634920001029979 0.42130945622920996 2.4414010047912602 0.46428571641445165 2.6020033359527592 5.478551149368287 4.2972624301910409 0.89587974548339855 4.2835628986358651 3.0201274156570439 1.4978661537170412 6.3288288116455087
decision_type=2 2 2 2 2 2 2 2 2 2 2 2 2 2
left_child=1 2 3 4 5 -1 -6 8 9 -8 -7 -12 13 -9
right_child=-2 -3 -4 -5 6 10 7 12 -10 -11 11 -13 -14 -15
leaf_value=-0.074505797382809172 0.053662182747146361 -0.042217838514596935 0.047488537943545198 0.033448261852443935 -0.066286367996157794 0.050551056158546631 0.012414107333197401 -0.042971297444751547 0.048190229862400673 -0.083061035084545307 -0.059489155408272321 0.02973441557894891 0.045666395764375763 0.015354224229128209
leaf_weight=993.29670703690499 2089.3187596667558 3305.2591131906956 2962.0618470553309 3401.9592956539709 2386.632778002182 3721.620177064091 1752.7567097526044 6907.7515849266201 3235.3189579721075 1089.4101853966713 1357.2712837457657 2219.0327753857709 739.29507955908775 1356.0081282742321
leaf_count=1029 4555 26458 17253 70378 7844 7940 10443 19995 51499 6575 1816 7224 1392 1616
internal_value=0.000341124 -0.0028177 0.00124828 -0.0034634 -0.00834948 0.0119051 -0.0179651 -0.010279 0.0142846 -0.0243447 0.0237521 -0.00419898 -0.0268581 -0.0333936
internal_weight=37517 35427.7 32122.4 29160.4 25758.4 8291.22 17467.2 15080.5 6077.49 2842.17 7297.92 3576.3 9003.05 8263.76
internal_count=236017 231462 205004 187751 117373 18009 99364 91520 68517 17018 16980 9040 23003 21611
is_linear=0
shrinkage=0.05


Tree=13
num_leaves=15
num_cat=0
split_feature=37 36 37 37 22 22 32 25 36 27 28 31 28 32
split_gain=2376.64 2080.77 2057.66 1851.26 2174.97 1814.25 2688.29 1750.62 1698.92 1571.85 2191.98 1221.79 1935.76 2275.95
threshold=4.49422311782837 0.85634920001029979 4.0689902305603036 1.0000000180025095e-35 6.8007264137268075 6.7984981536865243 1.8688347935676577 9.1852368200306966e-07 0.10912698507308961 6.3234620094299325 5.9282577037811288 0.87460690736770641 4.2121002674102792 4.0689902305603036
decision_type=2 2 2 2 2 2 2 2 2 2 2 2 2 2
left_child=1 3 -3 4 5 7 -7 -1 -5 -9 -11 12 13 -10
right_child=-2 2 -4 8 -6 6 -8 9 11 10 -12 -13 -14 -15
leaf_value=-0.090205109906974432 0.053148056296917635 0.051428217858866948 -0.053964788103463848 0.050314040644452496 0.033865877128784277 0.052932778440759387 -0.057079184639341196 0.036495908676180473 -0.014383902569789359 -0.10451475859275999 0.03843115407824009 -0.051330707401230496 0.025170718575403733 -0.077321410380400815
leaf_weight=378.99916522344574 2006.2554778400809 2855.4545318903401 543.91051672026515 885.83480654191226 4933.7510464787483 683.33539769053459 2805.7917403578758 3484.0281758713536 10745.859105682001 524.2938776165247 530.58447971194983 2678.8740625083447 2521.7043562631588 1649.5783256150316
leaf_count=1547 4555 17240 6600 866 3819 1124 3348 109812 40713 1109 1882 13743 25981 3678
internal_value=0.000352884 -0.00266858 0.0344561 -0.0066439 0.00754737 -0.0079198 -0.035444 0.0116402 -0.0168861 0.0203239 -0.0329299 -0.0202959 -0.0146919 -0.0228152
internal_weight=37228.3 35222 3399.37 31822.6 13340.8 8407.03 3489.13 4917.91 18481.9 4538.91 1054.88 17596 14917.1 12395.4
internal_count=236017 231462 23840 207622 122641 118822 4472 114350 84981 112803 2991 84115 70372 44391
is_linear=0
shrinkage=0.05


Tree=14
num_leaves=15
num_cat=0
split_feature=37 36 37 47 47 28 48 55 22 37 42 27 31 22
split_gain=2234.76 1925.62 1914.53 1755.78 1911.15 2703.83 2383.11 2541.01 2574.63 1889.89 1728.81 1927.51 1433.07 1190.35
threshold=4.49422311782837 0.85634920001029979 4.0689902305603036 4.1971738338470468 4.3502571582794198 4.1666352748870858 0.6760140359401704 1.0000000180025095e-35 6.7984981536865243 4.4714918136596689 1.4978661537170412 5.482717990875245 0.88107022643089306 6.7962646484375009
decision_type=2 2 2 2 2 2 2 2 2 2 2 2 2 2
left_child=1 3 -3 10 6 13 7 8 -5 12 11 -1 -7 -6
right_child=-2 2 -4 4 5 9 -8 -9 -10 -11 -12 -13 -14 -15
leaf_value=-0.049636472930351755 0.052650055973373737 0.050809432901024403 -0.050579345834510264 0.054260093638191204 -0.00051960322880145076 0.028426014577882755 0.037643550578418762 0.038759183682019416 -0.048754534603384581 -0.089127930022867174 0.054105574799008807 0.042318746376325656 -0.028777327365998712 -0.047025008412831248
leaf_weight=4867.2297264761291 1926.0968944784254 2748.5553603714798 551.75785563141108 732.22271011956036 1868.7260385770351 5070.1501754191704 5644.0145563241094 1984.7971577644348 3333.5218177437782 446.79400300979614 540.36144736409187 637.57352349162102 1386.9590747654438 5210.577674806118
leaf_count=22887 4555 17240 6600 4955 21921 111555 16164 3962 2375 686 1452 1107 14882 5676
internal_value=0.000357483 -0.00253255 0.0337573 -0.00631743 -0.0006059 -0.0130763 0.0143034 -0.00749472 -0.0301144 0.00918361 -0.030537 -0.0389287 0.0161135 -0.034767
internal_weight=36949.3 35023.2 3300.31 31722.9 25677.8 13983.2 11694.6 6050.54 4065.74 6903.9 6045.16 5504.8 6457.11 7079.3
internal_count=236017 231462 23840 207622 182176 154720 27456 11292 7330 127123 25446 23994 126437 27597
is_linear=0
shrinkage=0.05


Tree=15
num_leaves=15
num_cat=0
split_feature=37 36 37 37 22 22 32 25 36 27 27 23 27 36
split_gain=2101.58 1782.01 1783.93 1605.79 1980.12 1567.42 2346.05 1517.42 1480.39 1429.64 1326.46 1146.03 1478.55 1780.93
threshold=4.49422311782837 0.85634920001029979 4.0689902305603036 1.0000000180025095e-35 6.8007264137268075 6.7984981536865243 1.8688347935676577 9.1852368200306966e-07 0.10912698507308961 6.3135464191436776 6.325254201889039 2.6020033359527592 5.4116361141204843 0.48249898850917822
decision_type=2 2 2 2 2 2 2 2 2 2 2 2 2 2
left_child=1 3 -3 4 5 7 -7 -1 -5 -9 -11 -10 -13 -14
right_child=-2 2 -4 8 -6 6 -8 9 11 10 -12 12 13 -15
leaf_value=-0.083372319737479966 0.052166337648114305 0.050203833014623535 -0.047503821374273197 0.049250365211041661 0.032881507732503222 0.052132128782999936 -0.052334364508388166 0.037153549758419578 0.033467226411109399 -0.069950836276747239 0.034265998310154443 -0.044322517160125141 -0.047967097802069189 -0.0013102784140154265
leaf_weight=380.41516468860209 1848.810756392777 2645.3669370734133 558.56982801482081 833.78673742339015 4808.2439694404602 653.1733478307724 2851.9950183033943 3182.6313631145749 990.19743029028177 713.27798761427402 520.22528890520334 5022.6507004331797 2634.5084227414336 9029.1015353624243
leaf_count=1547 4555 17240 6600 866 3819 1124 3348 109000 4357 1888 1915 16564 13974 49220
internal_value=0.000365595 -0.00239869 0.0330748 -0.00600238 0.00738307 -0.00740707 -0.0327745 0.0111603 -0.0154816 0.0194735 -0.0260757 -0.018561 -0.0216667 -0.0118809
internal_weight=36673 34824.1 3203.94 31620.2 13110 8301.72 3505.17 4796.55 18510.2 4416.13 1233.5 17676.5 16686.3 11663.6
internal_count=236017 231462 23840 207622 122641 118822 4472 114350 84981 112803 3803 84115 79758 63194
is_linear=0
shrinkage=0.05


Tree=16
num_leaves=15
num_cat=0
split_feature=37 36 37 47 27 32 27 22 47 33 47 47 48 46
split_gain=1977.25 1650.07 1664.33 1501.69 1744.01 2220.21 1882.28 2516.76 2160.66 2097.12 1882.15 1661.22 2486.41 1550.43
threshold=4.49422311782837 0.85634920001029979 4.0689902305603036 4.1971738338470468 5.478551149368287 2.1383330821990971 6.325254201889039 6.7804884910583505 4.3630783557891855 3.9415346384048466 6.1933839321136483 6.1954247951507577 0.79625153541564953 0.78586560487747203
decision_type=2 2 2 2 2 2 2 2 2 2 2 2 2 2
left_child=1 3 -3 13 5 -5 7 -6 -9 -8 -7 -10 -13 -1
right_child=-2 2 -4 4 6 10 9 8 11 -11 -12 12 -14 -15
leaf_value=-0.010752108109766813 0.051695195886414184 0.049609545893828974 -0.044694604426380097 -0.017915764529955854 0.037547030509537144 0.036623320193954652 0.028670466560126281 -0.0040700024774054837 -0.068393564273956944 -0.082535741725725364 -0.093603419867883897 -0.09303438326216934 0.052970071788246878 -0.065023442118969904
leaf_weight=4136.5959314676002 1774.3559368159622 2545.8515698860865 564.46377209573984 3384.2271612510085 1491.0173130221665 6757.4590474118013 3859.9290113337338 3906.4369305074215 4072.3816334828734 466.37343794107437 279.94537019729614 457.30072116851807 765.53194969892502 1923.5285341069102
leaf_count=20323 4555 17240 6600 6414 34166 110978 6469 7163 15042 693 395 322 534 5123
internal_value=0.000368158 -0.00227733 0.0324067 -0.00571115 -0.000379293 0.0153281 -0.0112815 -0.022535 -0.0323008 0.0165198 0.0313175 -0.0530805 -0.00194272 -0.028057
internal_weight=36385.4 34611 3110.32 31500.7 25440.6 10421.6 15019 10692.7 9201.65 4326.3 7037.4 5295.21 1222.83 6060.12
internal_count=236017 231462 23840 207622 182176 117787 64389 57227 23061 7162 111373 15898 856 25446
is_linear=0
shrinkage=0.05


Tree=17
num_leaves=15
num_cat=0
split_feature=37 21 46 36 37 37 22 22 43 32 36 49 31 27
split_gain=1860.74 1637.71 1991.68 1492.24 1562.63 1335.29 1523.48 2153.3 1511.79 1493.39 1220.41 1180.47 1138.65 963.652
threshold=4.49422311782837 0.54246100783348095 0.48629879951477056 0.85634920001029979 4.0689902305603036 1.0000000180025095e-35 6.8007264137268075 6.7804884910583505 6.0026509761810312 1.8688347935676577 0.10912698507308961 0.015514336992055179 0.87460690736770641 5.478551149368287
decision_type=2 2 2 2 2 2 2 2 2 2 2 2 2 2
left_child=1 -1 -3 5 -5 6 7 -4 9 -9 -7 -12 -13 -11
right_child=-2 2 3 4 -6 10 -8 8 -10 13 11 12 -14 -15
leaf_value=-0.07724958919620234 0.05123504245197838 0.051053784257568846 0.047338683855538168 0.049415607142062751 -0.042914855291281286 0.054154296811049087 0.030354493888770408 0.05472928329618662 0.022508362062267511 -0.0089887720749381363 -0.033877095771578138 0.0017187252791189536 -0.039267337155660081 -0.061805345342865838
leaf_weight=701.17801186349243 1702.6838408540934 1759.7701476402581 1434.0602354099974 2284.1877878813539 564.39326271042228 597.94187152176164 4204.112521648407 406.42877408862114 1494.7657625079155 1272.99115819484 6907.539973590523 7926.0109223006293 2145.1086411159486 2700.8479326367378
leaf_count=5282 4555 8386 94122 16898 6571 668 3390 894 6751 2590 25480 43973 10362 6095
internal_value=0.00036926 -0.00216263 -0.000577798 -0.00343773 0.0310359 -0.00682302 0.00640971 -0.00738573 -0.0208014 -0.0355984 -0.0154896 -0.0179727 -0.00704144 -0.044951
internal_weight=36102 34399.3 33698.2 31938.4 2848.58 29089.8 11513.2 7309.09 5875.03 4380.27 17576.6 16978.7 10071.1 3973.84
internal_count=236017 231462 226180 217794 23469 194325 113842 110452 16330 9579 80483 79815 54335 8685
is_linear=0
shrinkage=0.05


Tree=18
num_leaves=15
num_cat=0
split_feature=37 21 46 27 37 32 27 49 31 36 23 54 41 28
split_gain=1751.25 1447.7 1864.98 1412.44 2209.8 1615.35 1603.21 1541.89 1217.37 1194.08 972.023 1286.57 959.051 928.432
threshold=4.49422311782837 0.54246100783348095 0.48629879951477056 6.325254201889039 4.4714918136596689 6.1441833972930917 6.3234620094299325 0.094870395958423628 0.80825093388557445 0.85634920001029979 2.6735538244247441 1.0000000180025095e-35 0.46428571641445165 4.4127798080444345
decision_type=2 2 2 2 2 2 2 2 2 2 2 2 2 2
left_child=1 -1 -3 5 -5 6 7 8 9 10 12 -12 -4 -10
right_child=-2 2 3 4 -6 -7 -8 -9 13 -11 11 -13 -14 -15
leaf_value=-0.071903435658824441 0.050784398919163989 0.050412769864112528 -0.067640038620834286 0.033451123232612234 -0.071697581987244463 -0.078196039872689999 -0.084331531477799981 0.018368660274982664 -0.053398055687214591 0.047016627457084487 -0.0092657331253757878 -0.067211364397329137 0.034529174337503139 0.021584435494655076
leaf_weight=715.98862982983701 1633.7395867183805 1694.8166940950323 251.62706899642944 4340.5495312027633 555.03641104698181 780.26166837662458 621.49584451317787 6039.4445789118763 2382.2698072651401 1013.1836047258694 12375.046294084284 1028.8864666670561 1904.0238371044397 493.18219766207039
leaf_count=5282 4555 8386 93 7814 801 3963 1240 120982 10891 9379 44611 5145 3918 8957
internal_value=0.000372363 -0.00205027 -0.000535384 -0.00326701 0.021408 -0.00776572 -0.00563181 -0.00368046 -0.0105335 -0.00531164 -0.00874707 -0.0137604 0.0223458 -0.0405072
internal_weight=35829.6 34195.8 33479.8 31785 4895.59 26889.4 26109.2 25487.7 19448.2 16572.8 15559.6 13403.9 2155.65 2875.45
internal_count=236017 231462 226180 217794 8615 209179 205216 203976 82994 63146 53767 49756 4011 19848
is_linear=0
shrinkage=0.05


Tree=19
num_leaves=15
num_cat=0
split_feature=37 36 47 38 42 32 37 32 36 36 27 38 47 24
split_gain=1649.02 1354.99 1471.48 1596.39 1500.2 1761.92 1576.08 1852.05 1478.68 1771.75 2116.39 1872.48 1795.57 1582.58
threshold=4.49422311782837 0.90054944157600414 4.1971738338470468 2.0126758217811589 1.4978661537170412 2.1383330821990971 0.89587974548339855 4.0517470836639413 0.74537035822868358 0.63275861740112316 5.4722616672515878 1.0000000180025095e-35 4.2835628986358651 0.33606253564357763
decision_type=2 2 2 2 2 2 2 2 2 2 2 2 2 2
left_child=1 2 4 8 5 -1 7 -7 9 10 -4 12 -11 -12
right_child=-2 -3 3 -5 -6 6 -8 -9 -10 11 13 -13 -14 -15
leaf_value=0.027522187786523329 0.050341891170881031 0.044007228110504649 0.02992794848540354 -0.062794247241485801 0.053975797839226472 0.03638934695946737 -0.068652168614749751 -0.059273373008698907 0.04021180324783484 0.061407542640186254 -0.020492321646504427 0.059810793151589804 -0.039668639234222001 0.023355553976803434
leaf_weight=998.61696948856115 1567.4632547721267 1521.6259330960456 6677.2776197977364 930.16446664184332 534.97783364355564 1013.7266471199691 2895.8383362367749 990.85581293702126 2471.0809777146205 469.78147116675973 6553.5590460454114 613.3461395688355 5347.7459289846011 2988.1680849576369
leaf_count=1838 4555 6544 23370 3577 1452 7184 18190 1603 20686 1683 30847 5291 23857 85340
internal_value=0.000366083 -0.00195156 -0.00411718 0.00117417 -0.0255103 -0.0327979 -0.0451211 -0.0109558 0.0035668 -0.000447118 0.00835897 -0.022635 -0.0314151 -0.00675047
internal_weight=35574.2 34006.8 32485.1 26051.1 6434.02 5899.04 4900.42 2004.58 25121 22649.9 16219 6430.87 5817.53 9541.73
internal_count=236017 231462 224918 194651 30267 28815 26977 8787 191074 170388 139557 30831 25540 116187
is_linear=0
shrinkage=0.05


Tree=20
num_leaves=15
num_cat=0
split_feature=37 21 46 27 37 46 27 49 32 32 23 54 37 42
split_gain=1552.43 1306.35 1685.53 1278.58 1941.52 1443.01 1022.02 1068.81 824.051 1157.95 823.158 1016.51 810.917 706.277
threshold=4.49422311782837 0.54246100783348095 0.48629879951477056 6.325254201889039 4.4714918136596689 0.8673798441886903 6.3234620094299325 0.094870395958423628 2.7403194904327397 6.1441833972930917 2.6735538244247441 1.0000000180025095e-35 1.0000000180025095e-35 0.89587974548339855
decision_type=2 2 2 2 2 2 2 2 2 2 2 2 2 2
left_child=1 -1 -3 5 -5 6 7 10 12 -10 -4 13 -7 -12
right_child=-2 2 3 4 -6 8 -8 -9 9 -11 11 -13 -14 -15
leaf_value=-0.067616704171510375 0.049906224272081932 0.049500377283092457 0.025621220809703617 0.032490368915894963 -0.065041606896556303 0.048655121331720189 -0.06567326352751432 0.022077018782590847 -0.0053769612398377187 -0.080234394935890241 -0.010808697253523777 -0.055706133920720574 -0.074374735972185885 0.02007080134531844
leaf_weight=728.5572715557646 1503.790901619941 1601.1440044692717 1868.7788503319025 4231.3743844069541 570.62261980772018 141.83703992515802 593.63093759119511 4436.2017985107377 3032.1351039959118 613.13036788254976 11336.725042784819 1092.5491206720471 1340.060109578073 2203.3365805000067
leaf_count=5282 4555 8386 3642 7814 801 376 1673 106637 27065 2896 51305 5360 1512 8713
internal_value=0.000369308 -0.00184939 -0.000380109 -0.00293365 0.0207895 -0.00721312 -0.00153128 0.000317787 -0.0310243 -0.018153 -0.00554175 -0.00953646 -0.062352 -0.00577266
internal_weight=35293.9 33790.1 33061.5 31460.4 4802 26658.4 21531.2 20937.6 5127.16 3645.27 16501.4 14632.6 1481.9 13540.1
internal_count=236017 231462 226180 217794 8615 209179 177330 175657 31849 29961 69020 65378 1888 60018
is_linear=0
shrinkage=0.05


Tree=21
num_leaves=15
num_cat=0
split_feature=37 36 47 38 36 36 27 38 47 32 48 27 42 32
split_gain=1462.25 1239.02 1264.32 1386.96 1372.06 1532.25 1892.13 1733.62 1603.36 1508.84 1497.69 1401.85 1326.6 1571.49
threshold=4.49422311782837 0.90054944157600414 4.1971738338470468 2.0126758217811589 0.74537035822868358 0.62800163030624401 5.4722616672515878 1.0000000180025095e-35 4.2835628986358651 2.1383330821990971 0.5980893373489381 6.325254201889039 1.4978661537170412 2.1383330821990971
decision_type=2 2 2 2 2 2 2 2 2 2 2 2 2 2
left_child=1 2 12 4 5 6 9 8 -7 10 -4 -8 13 -1
right_child=-2 -3 3 -5 -6 7 11 -9 -10 -11 -12 -13 -14 -15
leaf_value=0.027155833119495622 0.049476192706445779 0.043112139040763643 -0.037335828834081305 -0.058243119631617726 0.039269788310858325 0.060464757782577094 -0.016635053295272158 0.058977417432669425 -0.03688280513462279 0.046714334165920433 0.043424889558966367 0.029496982619754947 0.052901734492914937 -0.04203844767927245
leaf_weight=978.4834492104128 1442.6551849041134 1461.0969592556357 1358.8479275852442 937.78058211132884 2395.836374359671 449.84944695979357 7387.2252944055945 604.74292722903192 5410.344540911261 4147.7092957273126 978.76318983733654 2108.6967490725219 510.24223440885544 4888.2071276158094
leaf_count=1838 4555 6544 2651 3577 20686 1686 111872 5376 23903 18816 1805 4279 1452 26977
internal_value=0.000360996 -0.00176079 -0.00381244 0.00112116 0.00338468 -0.000461364 0.00784782 -0.020982 -0.0293198 0.0286444 -0.00348019 -0.00637056 -0.0237279 -0.0304712
internal_weight=35060.5 33617.8 32156.7 25779.8 24842 22446.2 15981.2 6464.94 5860.19 6485.32 2337.61 9495.92 6376.93 5866.69
internal_count=236017 231462 224918 194651 191074 170388 139423 30965 25589 23272 4456 116151 30267 28815
is_linear=0
shrinkage=0.05


Tree=22
num_leaves=15
num_cat=0
split_feature=37 21 46 27 37 32 27 49 46 43 46 36 42 47
split_gain=1376.67 1186.4 1500.49 1122.26 1704.71 1253.75 1316.26 1228.23 899.528 1146.67 802.072 760.721 1705.06 754.628
threshold=4.49422311782837 0.54246100783348095 0.48629879951477056 6.325254201889039 4.4714918136596689 6.1441833972930917 6.3234620094299325 0.094870395958423628 0.78586560487747203 3.979637980461121 0.56723594665527355 0.48249898850917822 1.0000000180025095e-35 4.2972624301910409
decision_type=2 2 2 2 2 2 2 2 2 2 2 2 2 2
left_child=1 -1 -3 5 -5 6 7 8 10 -10 13 12 -12 -4
right_child=-2 2 3 4 -6 -7 -8 -9 9 -11 11 -13 -14 -15
leaf_value=-0.063892008465020023 0.049050659651312556 0.048481737563987853 -0.038177808440913057 0.0313208432824632 -0.059428099811799563 -0.068187629280691775 -0.075933468368478363 0.017168916431260881 -0.064817142157710103 -0.013433243669078096 0.015097753733094094 0.015246680504946845 -0.089687721664477374 0.01179569801854366
leaf_weight=738.7793415368069 1383.9865302816033 1497.5470456364565 2198.3395116366446 4103.3382323905826 582.60090416669846 791.05694149434566 621.9235851764679 5852.9728483313229 1313.3904957026243 6096.3606498590671 1083.532972115092 6784.1838019292336 592.98299585655332 1142.319234197028
leaf_count=5282 4555 8386 10876 7814 801 3963 1240 120982 3530 27896 2196 36186 648 1662
internal_value=0.000367564 -0.00166382 -0.000237099 -0.0025931 0.0199355 -0.00658626 -0.00466331 -0.00286529 -0.00897478 -0.0226162 -0.000397811 0.00779374 -0.0222769 -0.0211054
internal_weight=34783.3 33399.3 32660.5 31163 4685.94 26477.1 25686 25064.1 19211.1 7409.75 11801.4 8460.7 1676.52 3340.66
internal_count=236017 231462 226180 217794 8615 209179 205216 203976 82994 31426 51568 39030 2844 12538
is_linear=0
shrinkage=0.05


Tree=23
num_leaves=15
num_cat=0
split_feature=37 36 47 22 46 38 36 36 27 38 47 32 48 24
split_gain=1297.05 1131.83 1070.99 1235.96 1931.53 1222.63 1267.26 1353.07 1723.06 1582.67 1435.05 1412.99 1327.31 1209.81
threshold=4.49422311782837 0.90054944157600414 4.1971738338470468 6.7770755290985116 0.76975053548812877 2.0126758217811589 0.74537035822868358 0.62800163030624401 5.4722616672515878 1.0000000180025095e-35 4.2835628986358651 2.1383330821990971 0.5980893373489381 0.33606253564357763
decision_type=2 2 2 2 2 2 2 2 2 2 2 2 2 2
left_child=1 2 3 -1 -5 6 7 8 11 10 -9 12 -4 -10
right_child=-2 -3 5 4 -6 -7 -8 9 13 -11 -12 -13 -14 -15
leaf_value=-0.063821843649708859 0.048628556861132273 0.042248836232488485 -0.03459550761740076 0.015556811460839521 -0.047598862416777604 -0.054449947780181154 0.038290945541215822 0.059556390895037961 -0.017782454298573891 0.058250748175071344 -0.034476485121828174 0.04577218442832693 0.042291991713816035 0.021175283645210919
leaf_weight=1366.5526844430715 1327.7134451493621 1400.0608387589455 1372.342047482729 2952.6015151515603 2037.9838034845889 944.84084039554 2320.8942476555239 429.31257547810674 6601.5276392430533 582.53372581489384 5449.5838585437741 3971.4958601277322 935.11132371425629 2843.1511262261774
leaf_count=13790 4555 6544 2651 12025 4452 3577 20686 1686 30831 5376 23903 18816 1805 85320
internal_value=0.000356838 -0.00158721 -0.00352937 -0.0218697 -0.0102774 0.00105849 0.00321998 -0.000464571 0.00745134 -0.0197094 -0.0275202 0.0277295 -0.00338828 -0.00604493
internal_weight=34535.7 33208 31807.9 6357.14 4990.59 25450.8 24506 22185.1 15723.6 6461.43 5878.9 6278.95 2307.45 9444.68
internal_count=236017 231462 224918 30267 16477 194651 191074 170388 139423 30965 25589 23272 4456 116151
is_linear=0
shrinkage=0.05


Tree=24
num_leaves=15
num_cat=0
split_feature=37 46 46 36 37 49 31 44 36 32 22 32 41 42
split_gain=1221.53 1070.46 1478.78 976.198 1164.41 911.875 1042.3 821.979 749.934 958.887 896.861 789.186 1533.84 1098.63
threshold=4.49422311782837 0.426196038722992 0.48629879951477056 0.85634920001029979 4.0689902305603036 0.055656800046563155 0.87904912233352672 0.50676095485687267 0.74537035822868358 3.979637980461121 6.7804884910583505 3.4175922870635991 0.46428571641445165 1.4978661537170412
decision_type=2 2 2 2 2 2 2 2 2 2 2 2 2 2
left_child=1 -1 -3 5 -5 7 -7 8 10 -10 -4 12 -12 -13
right_child=-2 2 3 4 -6 6 -8 -9 9 -11 11 13 -14 -15
leaf_value=-0.073631053164204874 0.048208880209323901 0.04993320351926505 0.042129913953224241 0.0461202179516974 -0.034941808603893447 0.011833106325133722 -0.027474204831265045 -0.079475455148262375 -0.057886372707019865 0.030691237704260573 -0.058477081665365353 -0.029094525361872084 0.012314345734650393 0.032006711508825975
leaf_weight=496.52189992298372 1273.7633117176592 1387.6369266486727 861.42265420407057 1905.1264289852697 568.25120378658175 10014.435454240534 2017.8700677752495 440.6861418299377 1528.3060462474823 374.48378350795247 878.56698417663574 6158.2650244347751 5500.5206056386232 826.95751670002937
leaf_count=4649 4555 7722 21820 16917 6579 122911 12188 1249 8717 2380 343 12489 9502 3996
internal_value=0.000358601 -0.00150472 -0.000379199 -0.00264122 0.0274307 -0.00525044 0.00522376 -0.0128552 -0.0109868 -0.0403843 -0.00702906 -0.0102268 0.00248825 -0.0218255
internal_weight=34232.8 32959.1 32462.5 31074.9 2473.38 28601.5 12032.3 16569.2 16128.5 1902.79 14225.7 13364.3 6379.09 6985.22
internal_count=236017 231462 226813 219091 23496 195595 135099 60496 59247 11097 48150 26330 9845 16485
is_linear=0
shrinkage=0.05


Tree=25
num_leaves=15
num_cat=0
split_feature=37 36 46 46 27 46 29 32 37 42 36 22 42 36
split_gain=1150.75 987.666 931.112 1303.99 949.062 894.14 818.685 704.655 638.086 599.735 562.065 1200.05 1366.55 1066.55
threshold=4.49422311782837 0.90054944157600414 0.40956836938858038 0.48629879951477056 6.3288288116455087 0.8673798441886903 0.048416024073958404 2.7403194904327397 1.0000000180025095e-35 0.89587974548339855 0.48249898850917822 6.8007264137268075 1.0000000180025095e-35 0.240384615957737
decision_type=2 2 2 2 2 2 2 2 2 2 2 2 2 2
left_child=1 2 -1 -4 5 6 10 8 -7 -9 13 12 -12 -5
right_child=-2 -3 3 4 -6 7 -8 9 -10 -11 11 -13 -14 -15
leaf_value=-0.071699903919704502 0.04779068205432363 0.040939152152442121 0.047769265406118921 0.036497376690244381 0.023187146400017754 0.047097205309386179 0.0070937037025851999 -0.021280000707481456 -0.065010013311133055 0.035153307794788292 -0.032414152206792696 0.023098149046387663 0.023372550013563646 -0.057953162175660468
leaf_weight=478.51228892896324 1222.0628063157201 1310.0695623969659 1246.3957079979591 371.65499264094979 2843.3470546379685 133.16045015305281 10980.192596975248 3813.4877538476139 1322.7556081935763 527.74013636261225 4554.8563840538263 2345.8664543032646 1437.3345305128023 1403.3424298597965
leaf_count=3853 4555 6544 8243 552 4125 376 134514 29183 1513 2156 26837 1739 8943 2884
internal_value=0.000352227 -0.00143096 -0.00320788 -0.00212717 -0.00423412 -0.00714114 -0.00235694 -0.0245147 -0.0545052 -0.0143547 -0.0126148 -0.00715399 -0.0190161 -0.0380831
internal_weight=33990.8 32768.7 31458.6 30980.1 29733.7 26890.4 21093.2 5797.14 1455.92 4341.23 10113.1 8338.06 5992.19 1775
internal_count=236017 231462 224918 221065 212822 208697 175469 33228 1889 31339 40955 37519 35780 3436
is_linear=0
shrinkage=0.05


Tree=26
num_leaves=15
num_cat=0
split_feature=37 36 21 46 27 46 36 36 48 22 22 27 22 33
split_gain=1084 918.913 861.743 1146.31 945.205 817.401 735.725 1030.71 1047.88 1240.8 1014.96 1888.8 1584.08 1731.54
threshold=4.49422311782837 0.90054944157600414 0.54246100783348095 0.48629879951477056 6.3288288116455087 0.8673798441886903 0.240384615957737 0.48249898850917822 0.51256799697875988 6.7984981536865243 6.7996129989624032 5.3771395683288583 6.7804884910583505 1.2424533367156985
decision_type=2 2 2 2 2 2 2 2 2 2 2 2 2 2
left_child=1 2 -1 -4 5 6 -5 -8 9 -9 11 -10 -13 -14
right_child=-2 -3 3 4 -6 -7 7 8 10 -11 -12 12 13 -15
leaf_value=-0.056374733728919685 0.047373069715738354 0.040176786996844224 0.04586297576986044 0.044198481597917699 0.02398285727274993 -0.023213932112035852 -0.03263530703641377 0.019236694715266529 -0.042656334676055382 -0.054528291760610706 0.022716750837497593 0.056039332673882197 -0.020696898086850702 0.041364618396980503
leaf_weight=729.86899431864731 1172.5383391678333 1269.4116483845282 1203.35607656301 817.64335381682031 2776.1021977961063 5797.4868358364329 2691.1258922240231 862.18233813275583 2386.9444448417053 1649.0036335587502 5473.2495130002499 1404.5125294777099 3984.5292901918292 1553.9729737043381
leaf_count=5249 4555 6544 8128 1712 4106 33181 10470 14016 24653 1563 5005 92765 14962 9108
internal_value=0.000346725 -0.00135873 -0.00305393 -0.00176413 -0.00372868 -0.00662646 -0.00199933 -0.00390861 0.000572553 -0.0292262 0.00564387 -0.00438522 0.00881447 -0.00324073
internal_weight=33771.9 32599.4 31330 30600.1 29396.8 26620.7 20823.2 20005.5 17314.4 2511.19 14803.2 9329.96 6943.01 5538.5
internal_count=236017 231462 224918 219669 211541 207435 174254 172542 162072 15579 146493 141488 116835 24070
is_linear=0
shrinkage=0.05


Tree=27
num_leaves=15
num_cat=0
split_feature=37 36 38 42 47 32 46 37 32 36 22 36 27 27
split_gain=1020.89 854.634 828.338 1408.62 1260.06 1329.35 1142.5 1065.94 1441.95 938.986 1177.61 1408.45 1573.3 1431.53
threshold=4.49422311782837 0.90054944157600414 2.2499048709869389 1.4978661537170412 4.1971738338470468 2.1383330821990971 0.26879501342773443 0.89587974548339855 4.0517470836639413 0.74537035822868358 6.7804884910583505 0.62145593762397777 5.4722616672515878 6.325254201889039
decision_type=2 2 2 2 2 2 2 2 2 2 2 2 2 2
left_child=1 2 3 4 5 6 -1 8 -7 10 -6 12 -12 -14
right_child=-2 -3 -4 -5 9 7 -8 -9 -10 -11 11 -13 13 -15
leaf_value=-0.070356734623290465 0.046955200010244467 0.039414695783958356 -0.048871904699438307 0.04818816205438093 0.038946329358767628 0.035790511616932988 0.059797758771190014 -0.054695528319903423 -0.048931781200957897 0.035226228961740949 0.024390008465626563 -0.025604945993940743 -0.02169382809420331 0.027236958311313522
leaf_weight=210.28299446124583 1125.1164976321161 1230.44838257425 940.21877083182335 1354.2537617199123 1642.7878701234004 984.92743228003383 718.3193541020155 2855.5995690077543 1004.4176770150661 1876.5560678851325 5507.925780814141 5817.449438136071 6292.7749991342425 1950.2199487239122
leaf_count=691 4555 6544 3576 7347 116965 7184 1147 18190 1603 19502 18559 11930 14237 3987
internal_value=0.000347218 -0.00128597 -0.00290551 -0.00145947 -0.00380497 -0.0246752 0.0298886 -0.0351732 -0.00701645 0.00142248 -0.00158333 -0.005004 0.00372369 -0.0100983
internal_weight=33511.3 32386.2 31155.7 30215.5 28861.3 5773.55 928.602 4844.94 1989.35 23087.7 21211.2 19568.4 13750.9 8242.99
internal_count=236017 231462 224918 221342 213995 28815 1838 26977 8787 185180 165678 48713 36783 18224
is_linear=0
shrinkage=0.05


Tree=28
num_leaves=15
num_cat=0
split_feature=37 21 46 27 37 32 27 24 36 42 27 38 38 22
split_gain=961.529 813.029 1090.4 846.975 1345.58 1020.71 1088.13 991.013 709.43 1461.88 1131.62 1081.86 1269.69 746.075
threshold=4.49422311782837 0.54246100783348095 0.48904176056385046 6.325254201889039 4.4714918136596689 6.1441833972930917 6.3234620094299325 0.24369534850120547 0.48249898850917822 1.0000000180025095e-35 3.6762205362319951 1.0000000180025095e-35 2.2499048709869389 6.8007264137268075
decision_type=2 2 2 2 2 2 2 2 2 2 2 2 2 2
left_child=1 -1 -3 5 -5 6 7 8 9 10 -4 13 -13 -10
right_child=-2 2 3 4 -6 -7 -8 -9 11 -11 -12 12 -14 -15
leaf_value=-0.052789784502633934 0.046536283282791677 0.042315380062955592 0.050881710054341445 0.028970720124966744 -0.051193140426216116 -0.06130415284576686 -0.068971223746159369 0.027329376931311142 -0.016072874115749172 -0.056532811445971998 -0.027507047834420095 0.029772453331783324 -0.05785594794986143 0.009474654675537408
leaf_weight=736.54297084826976 1079.7242127722129 1442.4107637975831 793.29639647156 3838.5610231533647 596.55996108055115 785.44083701074123 613.5459980070591 2552.1776101791766 9442.866456523072 1865.217667222023 1068.8717802960891 3845.4017868284136 453.70191482082009 4088.2514868974686
leaf_count=5282 4555 8914 1374 7750 801 3963 1240 100918 72519 3231 3515 17612 1155 3188
internal_value=0.000346075 -0.00122049 6.1211e-06 -0.00204538 0.0180971 -0.00555321 -0.00375797 -0.00207052 -0.00556219 -0.0253693 0.00598051 -0.00140964 0.0204119 -0.00835272
internal_weight=33202.6 32122.8 31386.3 29943.9 4435.12 25508.8 24723.3 24109.8 21557.6 3727.39 1862.17 17830.2 4299.1 13531.1
internal_count=236017 231462 226180 217266 8551 208715 204752 203512 102594 8120 4889 94474 18767 75707
is_linear=0
shrinkage=0.05


Tree=29
num_leaves=15
num_cat=0
split_feature=37 36 37 37 22 22 32 27 43 46 44 49 36 47
split_gain=905.789 781.67 968.246 732.712 1252.44 1255.89 1556.82 899.788 949.69 944.662 859.984 1410.86 728.505 734.621
threshold=4.49422311782837 0.85634920001029979 4.0689902305603036 1.0000000180025095e-35 6.8007264137268075 6.7984981536865243 1.8688347935676577 6.3234620094299325 6.0026509761810312 0.36697626113891607 0.38697226345539099 0.085442371666431441 0.10912698507308961 6.1954247951507577
decision_type=2 2 2 2 2 2 2 2 2 2 2 2 2 2
left_child=1 3 -3 4 5 7 -7 9 -9 -1 -6 -12 -5 -14
right_child=-2 2 -4 12 10 6 -8 8 -10 -11 11 -13 13 -15
leaf_value=-0.070018466497905427 0.046115566303370881 0.044463760762172774 -0.029951663366242567 0.044112740355208915 0.037677443702313525 0.048636993545272483 -0.043795089973463014 -0.065076515986779923 0.032274635742795342 0.032653494757528927 -0.10332682522817145 0.044758104006303139 -0.013861649989173514 0.0376803619172974
leaf_weight=232.71011245949194 1036.2893422599882 1791.0883611364989 569.40253033488989 595.6514245045837 3563.7753911018372 535.38616272807121 2791.559273660183 647.06561819463968 397.05077365040779 3005.1599000392016 295.12099713087082 331.46086919307709 16426.983158032643 712.23628371953964
leaf_count=1871 4555 17240 6600 866 3297 1124 3348 1371 1807 109301 179 343 83563 552
internal_value=0.000338301 -0.00116304 0.0264625 -0.00337919 0.0062728 -0.00581832 -0.0288193 0.0120781 -0.0281014 0.0250815 0.0281897 -0.0255176 -0.00980073 -0.0116991
internal_weight=32930.9 31894.7 2360.49 29534.2 11799.3 7608.93 3326.95 4281.99 1044.12 3237.87 4190.36 626.582 17734.9 17139.2
internal_count=236017 231462 23840 207622 122641 118822 4472 114350 3178 111172 3819 522 84981 84115
is_linear=0
shrinkage=0.05


Tree=30
num_leaves=15
num_cat=0
split_feature=37 36 46 46 49 31 33 44 36 36 22 42 37 42
split_gain=852.96 730.961 699.222 1065.23 736.062 847.695 653.366 607.455 557.993 865.984 863.232 878.28 809.048 736.111
threshold=4.49422311782837 0.90054944157600414 0.426196038722992 0.48629879951477056 0.055656800046563155 0.87904912233352672 2.2499048709869389 0.50676095485687267 0.10912698507308961 0.48249898850917822 6.8007264137268075 1.0000000180025095e-35 0.89587974548339855 1.0000000180025095e-35
decision_type=2 2 2 2 2 2 2 2 2 2 2 2 2 2
left_child=1 2 -1 -4 7 6 -6 8 -5 13 11 -11 -12 -10
right_child=-2 -3 3 4 5 -7 -8 -9 9 10 12 -13 -14 -15
leaf_value=-0.061554232056640137 0.045692349322458498 0.037964845514077181 0.047242336151501092 0.049675247089720986 0.016714921647001675 -0.021933670171455515 -0.021499891580210668 -0.065286899005411722 -0.00677374263832696 -0.021066168003978959 0.025474566684357759 0.015836390005189837 -0.041227711600912507 -0.058354312717425305
leaf_weight=484.42492126766592 994.74054247979075 1143.8282347854692 1066.1544203922385 390.26413951953873 8900.0262279927265 2249.1263796985149 1270.3266168863047 477.99923160090111 1254.4068666938692 7167.450955142267 3138.5887741446495 2071.4873671662062 522.08875876665115 1540.005136821419
leaf_count=4617 4555 6544 7479 513 123909 14769 5431 1363 3471 45698 2459 12478 378 2353
internal_value=0.000337064 -0.00110122 -0.0025767 -0.00160571 -0.00341836 0.00578082 0.0119253 -0.0103158 -0.00864263 -0.0101235 -0.00464507 -0.012784 0.015875 -0.0353066
internal_weight=32670.9 31676.2 30532.3 30047.9 28981.8 12419.5 10170.4 16562.3 16084.3 15694 12899.6 9238.94 3660.68 2794.41
internal_count=236017 231462 224918 220301 212822 144109 129340 68713 67350 66837 61013 58176 2837 5824
is_linear=0
shrinkage=0.05


Tree=31
num_leaves=15
num_cat=0
split_feature=37 36 37 37 22 22 32 27 28 46 43 48 23 23
split_gain=803.325 693.33 884.587 620.68 1103.66 1121.44 1409.81 819.094 862.596 828.24 768.781 805.505 1316.31 651.166
threshold=4.49422311782837 0.85634920001029979 4.0689902305603036 1.0000000180025095e-35 6.8007264137268075 6.7984981536865243 1.8688347935676577 6.3234620094299325 5.9282577037811288 0.36697626113891607 5.9309172630310067 0.80231133103370678 5.3542222976684579 2.6735538244247441
decision_type=2 2 2 2 2 2 2 2 2 2 2 2 2 2
left_child=1 3 -3 4 5 7 -7 9 -9 -1 -6 12 -12 -5
right_child=-2 2 -4 13 10 6 -8 8 -10 -11 11 -13 -14 -15
leaf_value=-0.066515634011398858 0.0452659712103642 0.043634051386694718 -0.027981274056298744 0.023720690023888012 0.039992490438195277 0.048077524654399309 -0.041105472387595141 -0.063529507851597153 0.029229503333825343 0.031577058824685048 -0.094271570724621084 0.044473394948948149 0.051985754699496733 -0.011796272647004363
leaf_weight=222.95306296739727 955.007692405954 1692.7815158567391 569.68017449975014 1392.0538926385343 2970.911102771759 517.31408298015594 2802.4422721862793 620.2114655226469 408.39917558431625 2922.4177891417639 429.64182114601135 417.24443602561951 228.70535314083099 16312.326555728214
leaf_count=1871 4555 17240 6600 5131 2958 1124 3348 1287 1891 109301 254 334 273 79850
internal_value=0.000329349 -0.00104665 0.0255578 -0.00311289 0.00590624 -0.00545863 -0.0271055 0.0117818 -0.0267737 0.0244352 0.0269145 -0.00924421 -0.0434452 -0.00899184
internal_weight=32462.1 31507.1 2262.46 29244.6 11540.2 7493.74 3319.76 4173.98 1028.61 3145.37 4046.5 1075.59 658.347 17704.4
internal_count=236017 231462 23840 207622 122641 118822 4472 114350 3178 111172 3819 861 527 84981
is_linear=0
shrinkage=0.05


Tree=32
num_leaves=15
num_cat=0
split_feature=21 46 37 27 37 32 32 47 47 41 28 47 42 37
split_gain=773.397 877.807 840.564 719.19 1125.71 887.704 866.845 1024.78 1262.82 1043.59 1030.88 1226.61 1059.9 1014.27
threshold=0.54246100783348095 0.48904176056385046 4.49422311782837 6.325254201889039 4.4714918136596689 6.1441833972930917 4.4870557785034189 4.3630783557891855 4.2972624301910409 0.46428571641445165 2.1383330821990971 4.2835628986358651 1.4978661537170412 1.0000000180025095e-35
decision_type=2 2 2 2 2 2 2 2 2 2 2 2 2 2
left_child=-1 -2 3 5 -5 6 7 8 10 -10 11 -3 13 -12
right_child=1 2 -4 4 -6 -7 -8 -9 9 -11 12 -13 -14 -15
leaf_value=-0.049980541545098921 0.040887728353871979 0.03573649813933142 0.048019610109158672 0.027603980308595479 -0.045476046629772976 -0.056972176796369157 0.022837382380548863 -0.023712695744637493 -0.032816386979264478 0.041216602348946065 0.0046012201446287739 -0.041171775698696962 0.053166889463928314 -0.032069924792059633
leaf_weight=736.28393877483904 1345.008543021162 2290.5273205414414 865.70991177111864 3681.8880789466202 605.44016569852829 783.76207279413939 2807.9278715855908 6233.5214799623936 571.55856500566006 2656.8844362162054 2826.4208235051483 660.22035658359528 518.65621545538306 5640.8218626910821
leaf_count=5330 9110 3096 4311 7750 801 3963 118127 29642 306 10202 10390 649 2924 29416
internal_value=0.000327266 0.00151909 -0.000250528 -0.00169374 0.0172021 -0.00494108 -0.00323358 -0.00666369 0.000355218 0.0280491 -0.0071522 0.0184476 -0.0155697 -0.0198379
internal_weight=32224.6 31488.3 30143.3 29277.6 4287.33 24990.3 24206.5 21398.6 15165.1 3228.44 11936.6 2950.75 8985.9 8467.24
internal_count=236017 230687 221577 217266 8551 208715 204752 86625 56983 10508 46475 3745 42730 39806
is_linear=0
shrinkage=0.05


Tree=33
num_leaves=15
num_cat=0
split_feature=37 36 37 38 42 47 32 46 37 32 22 47 42 32
split_gain=710.381 658.747 793.687 585.493 1239.73 811.123 1240.37 882.723 828.046 1181.88 811.254 923.958 1979.19 1350.39
threshold=4.49422311782837 0.85634920001029979 4.0689902305603036 2.2499048709869389 1.4978661537170412 4.1971738338470468 2.1383330821990971 0.26879501342773443 0.89587974548339855 4.0517470836639413 6.7804884910583505 4.3502571582794198 1.0000000180025095e-35 6.1516542434692392
decision_type=2 2 2 2 2 2 2 2 2 2 2 2 2 2
left_child=1 3 -3 4 5 6 7 -1 9 -8 -7 12 -12 -13
right_child=-2 2 -4 -5 -6 10 8 -9 -10 -11 11 13 -14 -15
leaf_value=-0.063730610624422188 0.044384904779791484 0.04307732929610316 -0.025067357214324959 -0.041629151302219086 0.046877749879932089 0.034196041188576519 0.033305187005024488 0.059022896904383927 -0.051286633474043733 -0.045150976566338631 0.020454578593566211 -0.023917220981646226 -0.038197300706689058 0.015297221134306836
leaf_weight=177.10841641714796 879.36977877561003 1629.5434769983403 570.43144669383764 936.28718349337578 1247.5562731269747 1628.9371670770925 915.61714577674866 679.6057054400444 2478.429453458637 987.51216331124306 7453.2337482869625 7506.7848800309002 1772.1040841341019 3093.0844968408346
leaf_count=691 4555 17240 6600 3576 6826 120323 7184 1146 13370 1603 19148 25607 1148 7000
internal_value=0.000324506 -0.000936156 0.0253746 -0.00294877 -0.00163813 -0.00392238 -0.0215416 0.0332036 -0.032297 -0.00742804 0.00038757 -0.00240614 0.00915892 -0.0124707
internal_weight=31955.6 31076.2 2199.97 28876.3 27940 26692.4 5238.27 856.714 4381.56 1903.13 21454.1 19825.2 9225.34 10599.9
internal_count=236017 231462 23840 207622 204046 197220 23994 1837 22157 8787 173226 52903 20296 32607
is_linear=0
shrinkage=0.05


Tree=34
num_leaves=15
num_cat=0
split_feature=18 23 37 54 46 28 36 37 48 22 42 42 23 27
split_gain=689.777 737.196 792.213 672.148 704.366 1030.45 868.323 748.578 887.012 640.65 704.151 1061.51 608.17 531.299
threshold=5.5664324760437021 2.6020033359527592 4.49422311782837 1.0000000180025095e-35 0.77225479483604442 4.0342013835906991 0.79163843393325817 4.4714918136596689 0.91803166270256054 6.7804884910583505 0.89587974548339855 2.2499048709869389 2.8617925643920903 6.3306114673614511
decision_type=2 2 2 2 2 2 2 2 2 2 2 2 2 2
left_child=-1 -2 3 4 -3 6 9 8 -7 -6 13 -12 -5 -11
right_child=1 2 -4 12 5 7 -8 -9 -10 10 11 -13 -14 -15
leaf_value=-0.057438678709706419 0.035537474365204762 0.0092407954149508805 0.047153449850447844 0.052284736197727943 0.050889492484420477 0.033339008667508427 0.030010221344781148 -0.043133072103079817 -0.0067315059671217139 -0.032611089961064994 0.034517935287354348 -0.047298995253832375 -0.053081209031215028 0.053253287735866364
leaf_weight=498.60118903662078 1483.6786904111505 11387.517825727584 838.60879633482546 150.12781178951263 288.48793901130557 2999.8620537674287 896.46193695534021 606.29474210739136 2546.8905895958887 7083.8759409673512 1096.2059493511915 607.9688067138195 1005.2726234272122 176.17521938681602
leaf_count=2249 7141 132197 4528 725 7243 22501 7617 798 24112 18154 1820 1158 5565 209
internal_value=0.000320747 0.00126288 -0.000461653 -0.00186182 -0.000296154 -0.00695954 -0.0167412 0.00917588 0.0149609 -0.0212983 -0.0236756 0.00522388 -0.0390592 -0.0304571
internal_weight=31666 31167.4 29683.8 28845.1 27689.7 16302.2 10149.2 6153.05 5546.75 9252.71 8964.23 1704.17 1155.4 7260.05
internal_count=236017 233768 226627 222099 215809 83612 36201 47411 46613 28584 21341 2978 6290 18363
is_linear=0
shrinkage=0.05


Tree=35
num_leaves=15
num_cat=0
split_feature=21 46 37 27 37 28 32 47 47 41 32 42 22 22
split_gain=640.623 805.791 719.521 622.101 953.617 831.521 610.133 799.404 1102.91 917.109 855.024 759.349 749.07 737.774
threshold=0.60974949598312389 0.48629879951477056 4.49422311782837 6.325254201889039 4.4714918136596689 6.0294818878173837 4.4870557785034189 4.3630783557891855 4.2972624301910409 0.46428571641445165 1.8688347935676577 1.4978661537170412 6.7945859432220468 6.7804884910583505
decision_type=2 2 2 2 2 2 2 2 2 2 2 2 2 2
left_child=-1 -2 3 5 -5 6 7 8 10 -10 -3 -12 -11 -9
right_child=1 2 -4 4 -6 -7 -8 13 9 12 11 -13 -14 -15
leaf_value=-0.043931648693613976 0.044359395734788122 0.057675780525604362 0.047162501200576509 0.026442590586251119 -0.040853548734529725 -0.061200093391081282 0.018778227390844705 0.041963902788139197 -0.029932925008256086 -0.017992571638939577 -0.011984522003710606 0.051904222893258391 0.052539264225433382 -0.025446208182309339
leaf_weight=787.32786019879859 1047.144386600703 487.95048858225346 775.10919213015586 3549.5783110782504 608.61268413066864 617.21400581486523 2855.0139338737354 427.28097381349653 569.89729043841362 454.04229478165507 10897.392957624979 476.02879529632628 2076.6096067428589 5835.0118029341102
leaf_count=16469 7213 1008 4375 7798 798 6219 106086 15481 306 5071 42961 2924 5128 14180
internal_value=0.000315347 0.0014649 -6.54879e-05 -0.00135005 0.0165184 -0.00436407 -0.00288241 -0.00580361 0.000477449 0.0269797 -0.00646709 -0.00926724 0.0398636 -0.0207872
internal_weight=31464.2 30676.9 29629.7 28854.6 4158.19 24696.4 24079.2 21224.2 14961.9 3100.55 11861.4 11373.4 2530.65 6262.29
internal_count=236017 219548 212335 207960 8596 199364 193145 87059 57398 10505 46893 45885 10199 29661
is_linear=0
shrinkage=0.05


Tree=36
num_leaves=15
num_cat=0
split_feature=37 36 37 48 38 42 47 32 46 37 32 22 22 37
split_gain=588.188 572.643 718.472 486.511 508.968 1003.09 778.412 1087.26 769.957 727.469 1057.57 650.58 739.741 1449.5
threshold=4.49422311782837 0.85634920001029979 4.0689902305603036 1.0000001788139345 2.2499048709869389 1.4978661537170412 4.1971738338470468 2.1383330821990971 0.26879501342773443 0.89587974548339855 4.0517470836639413 6.7804884910583505 6.8007264137268075 0.89587974548339855
decision_type=2 2 2 2 2 2 2 2 2 2 2 2 2 2
left_child=1 3 -3 4 5 6 7 8 -1 10 -9 -8 -13 -14
right_child=-2 2 -4 -5 -6 -7 11 9 -10 -11 -12 12 13 -15
leaf_value=-0.06136644385013848 0.043001325726853383 0.042128814734361586 -0.023209719983600826 -0.045065726162265923 -0.037859114014641107 0.045081505769529497 0.0335454152803479 0.032670191227986423 0.058113197798573463 -0.047747727565931319 -0.041915823003674323 -0.0082432872979055685 0.028056473321760603 -0.01952632464578866
leaf_weight=161.60970815969631 776.68475265428424 1529.9756938677747 571.51527959480882 650.52334252558649 927.42752439156175 1150.9554852768779 1496.7618462134851 898.64774669334292 636.55807954072952 2436.3346602506936 986.76405218243599 11862.594188071787 4758.7409667670727 2400.5070580840111
leaf_count=691 4555 17240 6600 2720 3576 6826 118328 7184 1146 13324 1603 46057 4485 1682
internal_value=0.000314569 -0.000787313 0.0243338 -0.00265623 -0.00164497 -0.000377614 -0.00243513 -0.0198559 0.0334615 -0.0297574 -0.00638093 0.00191934 -0.000585518 0.0120969
internal_weight=31245.6 30468.9 2101.49 28367.4 27716.9 26789.5 25638.5 5119.91 798.168 4321.75 1885.41 20518.6 19021.8 7159.25
internal_count=236017 231462 23840 207622 204902 201326 194500 23948 1837 22111 8787 170552 52224 6167
is_linear=0
shrinkage=0.05


Tree=37
num_leaves=15
num_cat=0
split_feature=46 46 37 36 37 49 26 37 36 36 42 36 47 38
split_gain=574.46 840.667 591.849 503.647 667.678 512.84 621.493 518.043 502.276 565.933 578.725 461.756 681.222 900.777
threshold=0.426196038722992 0.48629879951477056 4.49422311782837 0.85634920001029979 4.0689902305603036 0.055656800046563155 0.88240960240364086 4.4714918136596689 0.10912698507308961 0.48249898850917822 1.0000000180025095e-35 0.74537035822868358 4.2835628986358651 1.0000000180025095e-35
decision_type=2 2 2 2 2 2 2 2 2 2 2 2 2 2
left_child=-1 -2 3 5 -5 8 7 -7 -3 10 -10 12 -11 -14
right_child=1 2 -4 4 -6 6 -8 -9 9 11 -12 -13 13 -15
leaf_value=-0.054278494701378258 0.045974239678575085 0.048828551713246307 0.044022076980244768 0.041415158107328126 -0.022519756450872019 0.011648769718375557 -0.026582468564872466 -0.045878714738029146 -0.0057629675358059421 0.013391607289198594 -0.051718167249754893 -0.029094135453648889 -0.018908704626600437 0.041111770157366195
leaf_weight=464.57132617558818 1001.7248303670203 355.17613414907828 721.95414411649108 1394.1402621486923 568.33785788714886 9426.3506756817224 1368.2992183212191 398.55485379695892 1252.8030413577799 4290.1512576695532 1509.2692280746996 1834.4541622044053 5692.9291540898848 692.60101244412363
leaf_count=4670 7851 583 4405 16917 6579 124860 9719 520 3640 13691 2368 11431 23440 5343
internal_value=0.00030978 0.00115859 -0.000378007 -0.00150658 0.0228792 -0.00329876 0.00486819 0.00927085 -0.00914776 -0.0105271 -0.0309701 -0.00599248 -0.0019993 -0.0123445
internal_weight=30971.3 30506.7 29505 28783.1 1962.48 26820.6 11193.2 9824.91 15627.4 15272.2 2762.07 12510.1 10675.7 6385.53
internal_count=236017 231347 223496 219091 23496 195595 135099 125380 60496 59913 6008 53905 42474 28783
is_linear=0
shrinkage=0.05


Tree=38
num_leaves=15
num_cat=0
split_feature=21 46 37 27 37 32 27 24 46 22 43 33 48 37
split_gain=540.593 711.559 609.529 559.197 798.615 740.084 712.83 696.707 591.696 573.022 512.601 620.737 1187.55 493.636
threshold=0.60974949598312389 0.48629879951477056 4.49422311782837 6.325254201889039 4.4714918136596689 6.1441833972930917 6.3234620094299325 0.23570238053798678 0.94199663400650036 6.7895333766937265 6.0366761684417733 1.0000000180025095e-35 0.84359323978424083 4.1908013820648202
decision_type=2 2 2 2 2 2 2 2 2 2 2 2 2 2
left_child=-1 -2 3 5 10 6 7 13 -9 -7 11 -5 -13 -3
right_child=1 2 -4 4 -6 9 -8 8 -10 -11 -12 12 -14 -15
leaf_value=-0.040540141467919427 0.043294619646061488 -0.0061824096094792577 0.046210298050266239 0.040518685712368475 -0.036258111245416912 0.024142510838591712 -0.05693939433768859 0.028477049588427811 -0.10645854031198175 -0.076029007958353489 0.040552062027427269 -0.17652128916335039 -0.0023546152848521323 0.024752897475805034
leaf_weight=779.41859030060004 969.36278831644449 19096.441493979772 685.38312721904367 561.54421399906278 611.75229185819626 182.73588746786118 575.47921282052994 2390.5878558164695 74.425962971523404 582.63273818790913 2117.624221842736 104.8884379118681 662.73933225125074 1373.0860433541238
leaf_count=16469 7213 91699 4375 1163 798 1340 1240 90124 2137 2609 4861 206 1568 10215
internal_value=0.000302362 0.00137704 -3.7613e-05 -0.00117223 0.0159836 -0.00404587 -0.00245967 -0.00106843 0.0239893 -0.0521096 0.0253337 0.000966211 -0.0281167 -0.00409621
internal_weight=30768.1 29988.7 29019.3 28333.9 4058.55 24275.4 23510 22934.5 2465.01 765.369 3446.8 1329.17 767.628 20469.5
internal_count=236017 219548 212335 207960 8596 199364 195415 194175 92261 3949 7798 2937 1774 101914
is_linear=0
shrinkage=0.05


Tree=39
num_leaves=15
num_cat=0
split_feature=18 23 37 36 54 33 46 32 27 32 43 32 42 36
split_gain=494.098 658.959 599.84 548.634 614.111 620.387 838.862 1200.48 1166.78 1024.22 669.389 657.958 800.992 808.725
threshold=5.5664324760437021 2.6020033359527592 4.49422311782837 0.90054944157600414 1.0000000180025095e-35 2.2499048709869389 0.70827654004096996 6.1516542434692392 3.0201274156570439 6.1441833972930917 6.0342838764190683 6.0821251869201669 0.89587974548339855 0.62145593762397777
decision_type=2 2 2 2 2 2 2 2 2 2 2 2 2 2
left_child=-1 -2 3 4 5 6 8 9 -3 11 -9 12 -8 -14
right_child=1 2 -4 -5 -6 -7 7 10 -10 -11 -12 -13 13 -15
leaf_value=-0.049020442562721429 0.034418644155555442 -0.042304046194747438 0.045471133076865747 0.035426725824061735 -0.040125356835271742 -0.020227791161906324 -0.01418259347701541 -0.032387943133003146 0.030168756138321803 -0.073643162089124123 0.038525089783628133 0.04074911433961366 -0.0053558875471930601 0.053931937279740397
leaf_weight=489.67305447324179 1405.1513634249568 633.3582575917244 681.57902378216386 952.75009987072553 1058.9835612848401 3755.0436606733128 11247.687833457254 383.45713466405869 4093.186799156596 574.9497285336256 2215.1069690361619 701.49781858734787 1488.5219024512917 925.7882681498304
leaf_count=2249 7141 775 4528 6528 6032 19451 54993 1037 97384 2618 6007 16729 7407 3138
internal_value=0.000292689 0.00111048 -0.000531031 -0.00166543 -0.00298315 -0.00145658 0.00171709 -0.00332397 0.0203886 -0.00878385 0.0279768 -0.0061382 -0.00857375 0.0175072
internal_weight=30606.7 30117.1 28711.9 28030.3 27077.6 26018.6 22263.6 17537 4726.55 14938.4 2598.56 14363.5 13662 2414.31
internal_count=236017 233768 226627 222099 215571 209539 190088 91929 98159 84885 7044 82267 65538 10545
is_linear=0
shrinkage=0.05


Tree=40
num_leaves=15
num_cat=0
split_feature=46 46 37 36 37 36 36 42 22 37 47 42 22 47
split_gain=471.263 725.654 490.732 443.931 601.403 445.888 526.08 759.761 573.405 738.338 823.433 692.724 996.106 672.926
threshold=0.426196038722992 0.48629879951477056 4.49422311782837 0.85634920001029979 4.0689902305603036 0.10912698507308961 0.48249898850917822 1.0000000180025095e-35 6.8007264137268075 0.89587974548339855 4.3630783557891855 1.0000000180025095e-35 6.7996129989624032 3.9015133380889897
decision_type=2 2 2 2 2 2 2 2 2 2 2 2 2 2
left_child=-1 -2 3 5 -5 -3 7 -7 11 10 -10 13 -13 -8
right_child=1 2 -4 4 -6 6 8 -9 9 -11 -12 12 -14 -15
leaf_value=-0.049416002197648599 0.044832276673500412 0.048639459740253507 0.042710765576942901 0.040521850506504538 -0.020746923444957682 0.00080239800974325065 0.034503857703584127 -0.043678890490490369 0.03914751360632069 -0.039025305129993269 -0.0011617228796248576 0.028698988851417553 -0.057934862808801682 -0.012862002606345055
leaf_weight=459.51188242086209 908.14315414393786 402.07950173993595 637.89507789444178 1317.3588251947658 566.26044147089124 1969.8375135089736 786.24020950123668 1861.8895059172064 2542.7222307324409 601.95706588029861 2514.2354701161385 2443.6932415682822 374.19231981039047 12997.635633194703
leaf_count=4670 7851 694 4405 16917 6579 11540 8105 3340 2563 292 1862 17899 366 148934
internal_value=0.000288955 0.00106847 -0.000316222 -0.00129811 0.0220907 -0.00296864 -0.00378224 -0.0208691 -0.000833026 0.0128981 0.0191437 -0.00551841 0.0170305 -0.0101372
internal_weight=30383.7 29924.1 29016 28378.1 1883.62 26494.5 26092.4 3831.73 22260.7 5658.91 5056.96 16601.8 2817.89 13783.9
internal_count=236017 231347 223496 219091 23496 195595 194901 14880 180021 4717 4425 175304 18265 157039
is_linear=0
shrinkage=0.05


Tree=41
num_leaves=15
num_cat=0
split_feature=48 27 32 37 47 27 32 36 22 37 37 22 37 42
split_gain=456.132 458.793 683.266 823.541 570.496 811.236 1072.71 897.843 1054.84 947.485 718.336 693.736 1076.99 1189.19
threshold=1.0000001788139345 2.9700856208801274 1.8688347935676577 4.4365937709808358 4.1266138553619394 5.4722616672515878 2.0126758217811589 0.70511272549629223 6.7804884910583505 2.4414010047912602 0.89587974548339855 6.8007264137268075 0.89587974548339855 1.0000000180025095e-35
decision_type=2 2 2 2 2 2 2 2 2 2 2 2 2 2
left_child=1 -1 3 -3 10 6 -6 8 -7 -9 -4 -10 -13 -14
right_child=-2 2 4 -5 5 7 -8 9 11 -11 -12 12 13 -15
leaf_value=-0.034178259749817683 -0.040778135369879842 0.053576150811418581 0.026069248282378884 -0.032192191831661408 -0.045548451975486515 0.034431849812982085 0.022126601351008433 0.044015399076247241 -0.020704495191608187 -0.028640678272271965 -0.033759386163222847 0.01969712571531684 0.0099420242559277294 -0.084690145136516515
leaf_weight=878.60224929195829 651.45608811546117 1221.7845622897148 636.63767698965967 354.81898933649063 629.90012925863266 1320.4245443113614 6967.2581192785874 1738.014423535089 8480.6338712871075 595.88371884892695 2251.998871281743 3118.6952651143074 711.81675055623055 609.10585713386536
leaf_count=2617 2724 4768 6663 1117 577 114310 42736 9206 28006 1781 17990 2598 583 341
internal_value=0.000285254 0.00120509 0.00230223 0.0341925 0.000432281 0.00294472 0.016463 -0.00325774 -0.00797259 0.025422 -0.0205291 -0.0123295 0.00367907 -0.0340034
internal_weight=30167 29515.6 28637 1576.6 27060.4 24171.7 7597.16 16574.6 14240.7 2333.9 2888.64 12920.3 4439.62 1320.92
internal_count=236017 233293 230676 5885 224791 200138 43313 156825 145838 10987 24653 31528 3522 924
is_linear=0
shrinkage=0.05


Tree=42
num_leaves=15
num_cat=0
split_feature=37 36 37 23 41 54 22 27 46 47 32 47 43 47
split_gain=439.358 423.617 534.52 388.513 869.605 570.813 611.96 982.534 674.858 571.268 546.057 895.542 740.071 728.48
threshold=4.49422311782837 0.85634920001029979 4.0689902305603036 2.6735538244247441 0.46428571641445165 1.0000000180025095e-35 6.7804884910583505 5.3771395683288583 0.95095664262771618 1.6661022305488589 6.1516542434692392 4.3630783557891855 6.0342838764190683 4.1971738338470468
decision_type=2 2 2 2 2 2 2 2 2 2 2 2 2 2
left_child=1 3 -3 4 -1 6 7 -5 -9 -8 11 13 -12 -11
right_child=-2 2 -4 5 -6 -7 9 8 -10 10 12 -13 -14 -15
leaf_value=-0.050399226120471298 0.040763488315739532 0.039709084736930723 -0.018086121278283931 -0.051439051106523151 0.028651987558234254 -0.040546514730750813 0.052918182234280957 0.045477986841328061 -0.079057880771431222 -0.021332740504837466 -0.040586286355274226 -0.022908764900113645 0.025399188848368056 0.0075647678192545592
leaf_weight=403.93287305999547 645.48982321936637 1312.264195850119 566.6429583504796 363.06382697727531 2187.0528560355306 1021.4217955172062 406.26419140398502 1704.8278260534862 107.19262622669339 2994.7318619862199 506.18066455423832 7358.7196219787002 2407.7826511412859 7944.4076723307371
leaf_count=807 4555 17240 6600 4843 8693 5879 1125 125465 3083 7904 1125 26219 5875 16604
internal_value=0.000278881 -0.000627093 0.0222757 -0.00220484 0.0161816 -0.00413038 -0.00255069 0.0226682 0.0377174 -0.00509737 -0.00623294 -0.00943497 0.0138373 -0.000358559
internal_weight=29930 29284.5 1878.91 27405.6 2590.99 24814.6 23793.2 2175.08 1812.02 21618.1 21211.8 18297.9 2913.96 10939.1
internal_count=236017 231462 23840 207622 9500 198122 192243 133391 128548 58852 57727 50727 7000 24508
is_linear=0
shrinkage=0.05


Tree=43
num_leaves=15
num_cat=0
split_feature=21 23 37 27 37 32 32 47 47 41 32 22 42 22
split_gain=430.303 590.863 525.833 497.407 658.819 584.611 587.708 867.69 1115.5 818.803 743.127 678.893 606.472 600.685
threshold=0.60974949598312389 2.6020033359527592 4.49422311782837 6.325254201889039 4.4714918136596689 6.1441833972930917 4.4870557785034189 4.3630783557891855 4.2972624301910409 0.46428571641445165 1.8688347935676577 6.7945859432220468 1.4978661537170412 6.7804884910583505
decision_type=2 2 2 2 2 2 2 2 2 2 2 2 2 2
left_child=-1 -2 3 5 -5 6 7 8 10 -10 -3 -11 -12 -9
right_child=1 2 -4 4 -6 -7 -8 13 9 11 12 -13 -14 -15
leaf_value=-0.036547398448277646 0.03429055710718492 0.0553026198098997 0.045218394352239344 0.023898537408386905 -0.032131057735409078 -0.04793692927514745 0.019805685374531021 0.038676549309958556 -0.027332724047495555 -0.015656195670750505 -0.011684212914089913 0.051002259399029831 0.048953368188911023 -0.026086419855590317
leaf_weight=762.85642938141245 1283.1323221176863 456.59662988036871 610.58208296308294 3317.1223632227629 613.89148014783859 727.26984534412622 2562.0322498423047 374.58531779609621 556.51530601084232 460.19994265958667 10018.440117515624 2127.1029368266463 420.28317160345614 5426.6093214452267
leaf_count=16469 7087 1244 4504 7926 798 3949 109681 15640 304 5071 42332 5690 2942 12380
internal_value=0.000273178 0.00125557 -0.00028812 -0.00133123 0.0150893 -0.0041273 -0.00268432 -0.00559702 0.00112779 0.0273165 -0.006447 0.0391312 -0.00919831 -0.0218453
internal_weight=29717.2 28954.4 27671.2 27060.6 3931.01 23129.6 22402.4 19840.3 14039.1 3143.82 10895.3 2587.3 10438.7 5801.19
internal_count=236017 219548 212461 207957 8724 199233 195284 85603 57583 11065 46518 10761 45274 28020
is_linear=0
shrinkage=0.05


Tree=44
num_leaves=15
num_cat=0
split_feature=18 23 37 54 23 46 32 32 33 28 48 47 47 43
split_gain=400.308 524.025 446.531 418.523 484.427 409.255 678.682 765.406 660.997 650.251 587.631 1020.38 771.063 522.358
threshold=5.3254430294036874 2.6020033359527592 4.49422311782837 1.0000000180025095e-35 2.8617925643920903 0.77225479483604442 6.1516542434692392 6.1441833972930917 3.9415346384048466 4.0342013835906991 0.78175547719001781 6.1954247951507577 4.8674161434173593 6.0366761684417733
decision_type=2 2 2 2 2 2 2 2 2 2 2 2 2 2
left_child=-1 -2 3 5 -5 -3 7 9 13 10 -7 12 -12 -8
right_child=1 2 -4 4 -6 6 8 -9 -10 -11 11 -13 -14 -15
leaf_value=-0.064745007179344977 0.031509459958679223 0.0071417127005697304 0.041859299232035324 0.052371979985464279 -0.044736161752574985 -0.029880597628613028 -0.025603084598458111 -0.068160428344489238 -0.030696627411626959 0.017511036289682869 -0.00019613098892351055 0.04609989199419539 -0.041305063095462363 0.036910635446188986
leaf_weight=224.85469521069899 1315.7702835761011 10778.122764499625 594.09674929548055 139.77913655340672 946.19116445630789 3480.8733961912803 390.45089794322848 544.85280723869801 612.91449725627899 2047.6924970282707 3883.0721083581448 856.74095149338245 1605.1607790961862 2078.2381285391748
leaf_count=1278 7206 132984 4548 733 5576 10058 1030 2609 797 36984 20574 853 4796 5991
internal_value=0.000273005 0.000794351 -0.000661915 -0.00160004 -0.0318732 -0.000337322 -0.00553922 -0.010751 0.0154302 -0.00806142 -0.0134031 -0.00433066 -0.0122726 0.02696
internal_weight=29498.8 29274 27958.2 27364.1 1085.97 26278.1 15500 12418.4 3081.6 11873.5 9825.85 6344.97 5488.23 2468.69
internal_count=236017 234739 227533 222985 6309 216676 83692 75874 7818 73265 36281 26223 25370 7021
is_linear=0
shrinkage=0.05


Tree=45
num_leaves=15
num_cat=0
split_feature=46 46 37 49 26 37 44 27 36 36 42 22 37 47
split_gain=378.035 605.267 394.207 378.473 484.437 399.684 373.629 368.121 350.201 545.289 471.413 463.748 936.106 867.572
threshold=0.426196038722992 0.48629879951477056 4.49422311782837 0.055656800046563155 0.88240960240364086 4.4714918136596689 0.50676095485687267 6.3162615299224862 0.10912698507308961 0.48249898850917822 1.0000000180025095e-35 6.8007264137268075 1.8688347935676577 3.9015133380889897
decision_type=2 2 2 2 2 2 2 2 2 2 2 2 2 2
left_child=-1 -2 3 6 5 -5 8 -6 -3 10 -10 12 13 -11
right_child=1 2 -4 4 7 -7 -8 -9 9 11 -12 -13 -14 -15
leaf_value=-0.045102564835781407 0.043401186092849514 0.047412284340664475 0.041103452960341125 0.01172830876790217 -0.047496197362476594 -0.035214628304569374 -0.047737072131683225 0.0037459778717419527 -0.0034410232923301424 0.055463289633759738 -0.045605729534834993 0.01447656195510422 0.019393363929328299 -0.021358296171917784
leaf_weight=442.12464731303044 806.83755573874805 305.91786834620871 554.39640612946823 9720.1654880061978 689.1224429178983 466.05503606796265 511.54274543444626 700.13129543140531 1226.7134632109664 380.83196482248604 1436.7697734162211 3355.7060413956642 2411.8464035027428 6289.7488415061962
leaf_count=4670 7851 513 4405 135594 8699 607 1536 1852 3471 4798 2353 2948 22071 34649
internal_value=0.000263703 0.000974183 -0.000261277 -0.00110999 0.0057666 0.00954808 -0.00611075 -0.0218299 -0.00469865 -0.00578496 -0.0262716 -0.00138041 -0.0072486 -0.016896
internal_weight=29297.9 28855.8 28048.9 27494.6 11575.5 10186.2 15919.1 1389.25 15407.5 15101.6 2663.48 12438.1 9082.43 6670.58
internal_count=236017 231347 223496 219091 146752 136201 72339 10551 70803 70290 5824 64466 61518 39447
is_linear=0
shrinkage=0.05


Tree=46
num_leaves=15
num_cat=0
split_feature=48 21 21 46 37 29 47 27 47 42 26 37 32 47
split_gain=371.766 390.7 376.62 472.53 405.057 371.253 424.652 389.459 355.882 376.524 354.763 343.156 388.517 519.609
threshold=1.0000001788139345 0.80592811107635509 0.60974949598312389 0.48629879951477056 4.49422311782837 0.040566077455878265 6.1954247951507577 6.325254201889039 6.1695756912231454 1.4978661537170412 0.8862687647342683 4.4714918136596689 4.4870557785034189 4.9344480037689218
decision_type=2 2 2 2 2 2 2 2 2 2 2 2 2 2
left_child=2 -2 -1 -4 5 6 7 8 9 -5 11 12 13 -7
right_child=1 -3 3 4 -6 10 -8 -9 -10 -11 -12 -13 -14 -15
leaf_value=-0.033460116277391219 -0.074717070848442757 0.0022986172022192992 0.040145152096438042 -0.012359285480403423 0.043986147118528357 0.0085479263911612084 0.038278905701826224 0.04433384530836032 -0.057240851546005778 0.02999064836792268 -0.022769724462675316 -0.031683684946769201 0.022383528926058487 -0.019233767724487393
leaf_weight=756.49526783963665 325.13726230710745 322.61630576197058 781.59068855654914 8153.4322903113207 525.88719011610374 9252.1214712518267 470.69584421813488 310.09699849784374 401.9490567445755 551.49364731647074 1090.746873581782 553.99502754211426 3582.3132726242766 2047.0469770133495
leaf_count=16468 1300 1424 7213 41174 4375 48832 503 1118 515 4689 9315 722 95011 3358
internal_value=0.00025627 -0.0369073 0.00111425 0.00206948 0.000950323 7.7179e-05 -0.00758192 -0.00991239 -0.0118061 -0.0096449 0.00466144 0.00661335 0.00805936 0.00350222
internal_weight=29125.6 647.754 28477.9 27721.4 26939.8 26413.9 9887.67 9416.97 9106.87 8704.93 16526.2 15435.5 14881.5 11299.2
internal_count=236017 2724 233293 216825 209612 205237 47999 47496 46378 45863 157238 147923 147201 52190
is_linear=0
shrinkage=0.05


Tree=47
num_leaves=15
num_cat=0
split_feature=36 37 47 37 22 27 36 36 37 31 28 27 47 46
split_gain=351.5 328.554 383.962 1034.37 579.761 666.455 907.577 847.664 1012.58 834.165 725.097 645.646 589.342 568.489
threshold=0.90054944157600414 4.49422311782837 4.1266138553619394 0.89587974548339855 6.7804884910583505 5.4722616672515878 0.64326766133308422 0.70511272549629223 2.4414010047912602 0.76986128091812145 2.4414010047912602 6.325254201889039 4.3630783557891855 0.95095664262771618
decision_type=2 2 2 2 2 2 2 2 2 2 2 2 2 2
left_child=1 2 3 -1 13 6 -6 10 -9 -8 -7 12 -12 -4
right_child=-2 -3 4 -5 5 7 9 8 -10 -11 11 -13 -14 -15
leaf_value=0.022808475316629124 0.031926914842847799 0.038045189445921654 0.037040464194532378 -0.040980706576880063 0.021777753042063717 0.033992258006615809 -0.025450486607015252 0.045721353830250937 -0.043355676456672022 0.048854538876181228 -0.0094445007252848337 0.004730976194386457 -0.034569778959413287 -0.073306543978581898
leaf_weight=962.55508825089782 840.00265098561067 526.53357824869454 1550.1770813224139 1831.1401386372745 5430.1823680456728 791.58019638061523 2313.6049817800522 1342.4208682104945 408.85211337357759 441.48483924567699 4828.3846120908856 3086.0560191720724 4526.5978474952281 116.95409963093698
leaf_count=7894 6584 4515 131616 15302 23689 1501 5607 4848 465 1543 9159 5827 14243 3224
internal_value=0.000248375 -0.0007077 -0.0014597 -0.0189995 0.000520107 -0.00153415 0.00993196 -0.00780021 0.0247973 -0.01341 -0.0121298 -0.0150893 -0.0216258 0.0289084
internal_weight=28996.5 28156.5 27630 2793.7 24836.3 23169.2 8185.27 14983.9 1751.27 2755.09 13232.6 12441 9354.98 1667.13
internal_count=236017 229433 224918 23196 201722 66882 30839 36043 5313 7150 30730 29229 23402 134840
is_linear=0
shrinkage=0.05


Tree=48
num_leaves=15
num_cat=0
split_feature=21 46 27 37 27 28 54 46 22 36 42 42 37 37
split_gain=349.83 556.307 395.086 775.601 804.473 428.733 397.962 461.671 658.538 574.544 572.523 701.535 496.844 489.14
threshold=0.7435453236103059 0.49183079600334173 6.325254201889039 4.1908013820648202 3.4334666728973393 6.0318858623504648 1.0000000180025095e-35 0.77225479483604442 6.7804884910583505 0.79163843393325817 0.89587974548339855 2.2499048709869389 1.0000000180025095e-35 1.0000000180025095e-35
decision_type=2 2 2 2 2 2 2 2 2 2 2 2 2 2
left_child=-1 -2 3 5 -5 6 7 -3 -9 10 13 12 -12 -10
right_child=1 2 -4 4 -6 -7 -8 8 9 -11 11 -13 -14 -15
leaf_value=-0.018741220234903374 0.04175872309931547 0.0065160179741741474 0.016300010057195221 -0.026711978692746309 0.050792131513915297 -0.051633083259525807 -0.035078642485641721 0.02986029553197533 -0.0093725071073317897 0.031927247853914965 -0.023504033863809122 -0.029409596149228851 0.053411043012270898 -0.035952116765085959
leaf_weight=2227.3850147580961 835.24575494229794 8775.8984086907003 3431.1299267131835 447.85475382208824 1257.3285863948986 463.39516005478799 939.85105422884226 974.81593770161271 3382.656250141561 649.3157617226243 275.80247507989407 722.341966830194 809.12827321141958 3555.2566182762384
leaf_count=90015 5969 45389 8259 1351 12561 4796 5755 33839 9594 2350 364 2626 2412 10737
internal_value=0.000245442 0.00184657 0.000532918 -0.00190433 0.0303991 -0.00459846 -0.00348814 -0.00191984 -0.00905879 -0.0131247 -0.0165023 0.00852657 0.0338222 -0.0230251
internal_weight=28747.4 26520 25684.8 22253.6 1705.18 20548.5 20085.1 19145.2 10369.3 9394.5 8745.19 1807.27 1084.93 6937.91
internal_count=236017 146002 140033 131774 13912 117862 113066 107311 61922 28083 25733 5402 2776 20331
is_linear=0
shrinkage=0.05


Tree=49
num_leaves=15
num_cat=0
split_feature=18 23 27 28 27 56 43 32 32 22 49 36 39 33
split_gain=338.683 434.892 349.505 1069.11 680.492 679.282 667.228 514.338 784.088 777.686 769.595 584.854 534.38 376.597
threshold=5.3254430294036874 2.6020033359527592 3.4334666728973393 2.4414010047912602 3.5831329822540288 1.0000000180025095e-35 3.7494349479675297 3.979637980461121 4.0342013835906991 6.7804884910583505 0.27596487104892736 0.37268517911434179 0.3948486745357514 3.3315663337707524
decision_type=2 2 2 2 2 2 2 2 2 2 2 2 2 2
left_child=-1 -2 5 -4 -5 -3 -7 9 -9 -6 13 12 -10 -11
right_child=1 2 3 4 7 6 -8 8 11 10 -12 -13 -14 -15
leaf_value=-0.060759712272461255 0.029654992286342937 -0.024537777935186793 0.042712246465637427 0.035819827156380428 0.031549984925339371 -0.029099573180819089 0.039759583142267768 0.040451439868217282 -0.044826489122223111 -0.034254129452663193 0.018825891518926462 0.0024898785302565271 0.033648419607411717 0.047547977142094799
leaf_weight=215.74822324421257 1232.2449116259813 3512.3567184768617 1500.5897588795051 1180.870802924037 757.82982608303428 536.39105415344238 981.71173287928104 1212.2697941102087 1213.6716665158747 4070.9137741290033 920.42983896657825 10825.852418268449 255.97686755657196 137.30725697427988
leaf_count=1278 7206 11403 7301 2298 19708 315 1441 7695 7147 11245 5153 151414 512 1901
internal_value=0.000240716 0.000726399 -0.000599145 0.00211241 -0.000867942 -0.0124791 0.0153984 -0.00311908 0.00225772 -0.0154402 -0.0224315 -0.00153779 -0.031023 -0.0314787
internal_weight=28554.2 28338.4 27106.2 22075.7 20575.1 5030.46 1518.1 19394.3 13507.8 5886.48 5128.65 12295.5 1469.65 4208.22
internal_count=236017 234739 227533 214374 207073 13159 1756 204775 166768 38007 18299 159073 7659 13146
is_linear=0
shrinkage=0.05


Tree=50
num_leaves=15
num_cat=0
split_feature=21 46 27 37 27 28 24 26 48 37 22 42 22 36
split_gain=314.257 505.583 358.957 637.346 807.275 396.665 411.143 422.763 398.833 473.951 505.298 463.594 403 384.807
threshold=0.7435453236103059 0.48629879951477056 6.325254201889039 4.1908013820648202 3.4334666728973393 6.0294818878173837 0.77479401230812084 0.78193750977516185 0.51256799697875988 0.89587974548339855 6.7984981536865243 1.0000000180025095e-35 6.7984981536865243 0.49725274741649633
decision_type=2 2 2 2 2 2 2 2 2 2 2 2 2 2
left_child=-1 -2 3 5 -5 6 7 8 9 10 -3 12 -11 -10
right_child=1 2 -4 4 -6 -7 -8 -9 13 11 -12 -13 -14 -15
leaf_value=-0.017746461827843642 0.04574286355245763 0.046858491521410216 0.015765224856489301 -0.024633509720642845 0.050002359892573393 -0.04520871502512936 0.032856477597248426 -0.01443002221943312 -0.017253766128428733 -0.015621354721593001 -0.04650852949579435 -0.031799313182253215 0.054670225907226234 0.01028139179414765
leaf_weight=2227.3568672832334 627.95526984194294 155.69474923808593 3404.8631179444492 511.00489921867847 1194.1637825565413 560.78624666668475 761.6050813253969 6742.7959521069424 1495.7330108107999 323.60265329503454 1245.4967246651649 510.952003903687 525.00947290658951 8074.0007281743456
leaf_count=90015 5437 2187 8322 1525 12624 6192 12942 51958 2407 1499 1135 249 967 38558
internal_value=0.000238777 0.00177785 0.00067792 -0.00165251 0.0276223 -0.00411235 -0.00292825 -0.00437362 0.00113285 -0.0155753 -0.0358754 0.00545564 0.0279961 0.00596418
internal_weight=28361 26133.7 25505.7 22100.8 1705.17 20395.7 19834.9 19073.3 12330.5 2760.76 1401.19 1359.56 848.612 9569.73
internal_count=236017 146002 140565 132243 14149 118094 111902 98960 47002 6037 3322 2715 2466 40965
is_linear=0
shrinkage=0.05


Tree=51
num_leaves=15
num_cat=0
split_feature=18 23 41 36 36 22 27 43 22 33 32 27 47 47
split_gain=305.052 382.798 324.602 314.45 382.958 666.282 795.844 960.159 673.942 1226.42 764.804 1193.19 727.493 589.763
threshold=5.3254430294036874 2.6020033359527592 0.46428571641445165 0.10912698507308961 0.48249898850917822 6.8007264137268075 5.3771395683288583 3.8606742620468144 6.7804884910583505 0.89587974548339855 6.1516542434692392 6.3306114673614511 6.1913387775421151 4.1266138553619394
decision_type=2 2 2 2 2 2 2 2 2 2 2 2 2 2
left_child=-1 2 -2 -3 -5 6 -6 -8 -9 10 -10 -12 13 -11
right_child=1 3 -4 4 5 -7 7 8 9 12 11 -13 -14 -15
leaf_value=-0.058282033018562121 -0.046572745692683631 0.044441540131559376 0.037200875660724879 -0.016148670014225659 -0.02199877976009993 0.015779018545354889 0.044299186114525074 0.031183020237265525 -0.02898883981997695 -0.034663742470136906 0.036300576990577309 -0.098477700771818832 -0.015670184901206335 0.039724548562637435
leaf_weight=210.97538102488033 120.96955919265747 373.00142273539677 1066.8069972880185 3673.038146383944 4423.0480415988714 5838.2827651649714 1236.34371919767 1341.2643741020001 4926.2775914743543 294.06910502910614 1031.980064317584 185.11289262771606 1225.0887747108936 2262.3465699423105
leaf_count=1278 46 799 7160 15806 33600 6502 10596 116829 18361 1823 3136 259 2393 17429
internal_value=0.000234549 0.000696151 0.0283513 -0.000539191 -0.00119039 0.00122922 -0.00379594 0.00265618 -0.00194894 -0.00645333 -0.0202307 0.0151661 0.0159234 0.0310658
internal_weight=28208.6 27997.6 1187.78 26809.9 26436.9 22763.8 16925.5 12502.5 11266.1 9924.87 6143.37 1217.09 3781.5 2556.42
internal_count=236017 234739 7206 227533 226734 210928 204426 170826 160230 43401 21756 3395 21645 19252
is_linear=0
shrinkage=0.05


Tree=52
num_leaves=15
num_cat=0
split_feature=46 46 26 49 37 27 48 34 44 32 32 32 36 36
split_gain=295.325 439.241 288.049 309.792 451.974 459.673 333.418 379.167 374.736 337.222 591.608 548.347 309.253 296.996
threshold=0.426196038722992 0.48629879951477056 0.93475374579429638 0.055656800046563155 4.1908013820648202 3.4334666728973393 0.91990056633949291 0.51184913516044628 0.84777307510375988 6.1643662452697763 6.1580371856689462 6.1441833972930917 0.10912698507308961 0.85634920001029979
decision_type=2 2 2 2 2 2 2 2 2 2 2 2 2 2
left_child=-1 -2 3 4 12 -6 7 8 -5 10 11 -8 -3 -14
right_child=1 2 -4 6 5 -7 9 -9 -10 -11 -12 -13 13 -15
leaf_value=-0.040532093141563107 0.040850683823652215 0.045943298303231517 -0.070470892031973528 0.0099882963539814022 -0.020218962521496717 0.046886323198050188 -0.00040571254869249164 0.033151276176588473 -0.037645190042447478 -0.069542332366716739 0.051163677453874692 -0.05692936496907787 -0.0094663735340622945 0.022744425991836202
leaf_weight=427.3603013032116 660.57293879595818 263.54863316449337 134.70869196299464 5565.5274256375851 367.63505935668945 790.99682128615677 2367.2443703786703 1703.9505496493075 436.13322711549699 188.14249654859304 436.885299295187 514.10681675374508 13370.245276627713 746.7122518987162
leaf_count=4670 7851 583 2795 103756 1073 7803 24973 12406 998 271 1535 2810 52802 11691
internal_value=0.000232405 0.000879312 -0.00011759 0.000262884 -0.00430656 0.0256029 0.00659405 0.0124054 0.00646997 -0.00617583 -0.00238482 -0.010653 -0.00673247 -0.0077477
internal_weight=27973.8 27546.4 26885.8 26751.1 15539.1 1158.63 11212 7705.61 6001.66 3506.38 3318.24 2881.35 14380.5 14117
internal_count=236017 231347 223496 220701 73952 8876 146749 117160 104754 29589 29318 27783 65076 64493
is_linear=0
shrinkage=0.05


Tree=53
num_leaves=15
num_cat=0
split_feature=48 21 24 21 46 26 54 22 42 37 29 42 41 43
split_gain=283.372 363.988 309.709 303.057 422.74 307.252 380.216 268.908 1305.68 1640.17 437.176 433.282 743.734 369.191
threshold=1.0000001788139345 0.80592811107635509 0.051825124770402915 0.7435453236103059 0.48629879951477056 0.42430609464645391 1.0000000180025095e-35 6.8007264137268075 1.0000000180025095e-35 0.89587974548339855 0.19861455261707309 1.0000000180025095e-35 0.90454545617103588 5.9674272537231454
decision_type=2 2 2 2 2 2 2 2 2 2 2 2 2 2
left_child=3 -2 -3 -1 -5 -6 7 11 13 -10 -11 -7 -13 -9
right_child=1 2 -4 4 5 6 -8 8 9 10 -12 12 -14 -15
leaf_value=-0.01677810631252144 -0.069201547085530335 0.052530617678256487 -0.043116921663708674 0.04480556654109219 0.054449839708314934 -0.0052520304608001372 -0.030714463028506517 0.036753297892743432 0.03173403086050882 -0.06374999041340787 0.010008372715922642 0.029574749805899431 -0.024233472054199942 0.0054771602339468706
leaf_weight=2192.339583345165 320.41367979906499 161.70679815113544 157.02454759087414 568.73030818626285 261.63175423443317 13244.949657520629 901.01558897271752 2986.9703591018915 963.89429473876953 1231.6038320064545 236.70397210121155 2374.0109028583393 870.42290963232517 1382.8805095255375
leaf_count=89764 1300 445 979 5437 2271 99347 5734 3847 909 641 115 19923 3754 1551
internal_value=0.000225981 -0.0324224 0.0055312 0.00100435 0.00256842 0.00156819 0.000974038 0.00221254 0.0105695 -0.0187444 -0.0518722 -0.00123911 0.0151089 0.0268908
internal_weight=27854.3 639.145 318.731 27215.2 25022.8 24454.1 24192.5 23291.4 6802.05 2432.2 1468.31 16489.4 3244.43 4369.85
internal_count=236017 2724 1424 233293 143529 138092 135821 130087 7063 1665 756 123024 23677 5398
is_linear=0
shrinkage=0.05


Tree=54
num_leaves=15
num_cat=0
split_feature=36 18 23 41 36 49 46 37 27 37 43 47 37 22
split_gain=265.74 254.778 349.473 282.353 279.704 298.196 430.153 362.457 461.255 367.754 584.145 516.716 520.821 481.652
threshold=0.90054944157600414 5.3254430294036874 2.6020033359527592 0.46428571641445165 0.10912698507308961 0.094870395958423628 0.92541947960853588 4.1908013820648202 3.4334666728973393 2.4414010047912602 3.5694335699081425 4.1266138553619394 1.2424533367156985 6.7945859432220468
decision_type=2 2 2 2 2 2 2 2 2 2 2 2 2 2
left_child=1 -1 3 -3 -4 7 -7 9 -9 10 -6 -12 -13 -14
right_child=-2 2 4 -5 5 6 -8 8 -10 -11 11 12 13 -15
leaf_value=-0.054996393904899715 0.029237357270198203 -0.043490188009081117 0.043212553883365937 0.035636085593361157 0.037330242133923809 0.0079652868977613204 -0.052447308717347756 -0.02075680789436905 0.044450624199960292 -0.028470625661063856 -0.047193743907196689 -0.0083746598302096489 -0.013482229420434767 0.050410753244304045
leaf_weight=203.60243816813454 757.16003311972599 118.28899013996124 336.99978408927564 1005.2965730391443 761.48694437835366 8030.1159682401922 295.95749235292897 416.22415415942669 743.5019892603159 1880.9314558831975 759.67792186141014 11145.732409529388 474.89254458458163 753.6806377992034
leaf_count=1278 6584 46 799 7154 6799 130325 4196 1213 7980 7496 7382 40588 10907 3270
internal_value=0.000220102 -0.000606404 -0.000171586 0.0269957 -0.00137407 -0.00198572 0.00575753 -0.00579358 0.0210704 -0.00778045 -0.00496131 -0.00743984 -0.00496315 0.0258041
internal_weight=27683.5 26926.4 26722.8 1123.59 25599.2 25262.2 8326.07 16936.1 1159.73 15776.4 13895.5 13134 12374.3 1228.57
internal_count=236017 229433 228155 7200 220955 220156 134521 85635 9193 76442 68946 62147 54765 14177
is_linear=0
shrinkage=0.05


Tree=55
num_leaves=15
num_cat=0
split_feature=27 32 37 32 27 47 27 47 42 41 27 46 36 22
split_gain=260.742 511.854 528.391 417.463 526.258 429.183 811.311 536.851 505.001 444.571 443.959 441.253 383.874 553.567
threshold=2.9700856208801274 1.8688347935676577 4.4365937709808358 2.0126758217811589 3.0201274156570439 4.1971738338470468 5.478551149368287 6.1933839321136483 1.4978661537170412 0.34848485887050634 5.482717990875245 0.75748610496521007 0.70057469606399547 6.7804884910583505
decision_type=2 2 2 2 2 2 2 2 2 2 2 2 2 2
left_child=-1 2 -2 -3 -5 8 7 9 10 -7 11 -6 13 -8
right_child=1 3 -4 4 5 6 12 -9 -10 -11 -12 -13 -14 -15
leaf_value=-0.027990887775187951 0.050641188473601162 -0.040600781253867298 -0.018223434843421649 0.053329234342469424 -0.0087286551415631033 -0.017656747520437176 0.028044965983885603 -0.045297160580051662 0.044812145694404386 0.027132638494193912 0.026579359529959212 -0.041352453993490405 0.019270811840573429 -0.010250279758901436
leaf_weight=785.72613115259446 961.62276472896338 624.22330093383789 384.46119952201843 452.26964665949345 2377.1526809521019 617.8517485447228 1023.6850355821662 303.25040870904922 336.85544537380338 4883.1599650641438 496.80093793570995 1837.4018281884491 1573.8087502028793 10870.020582649857
leaf_count=2617 4768 577 1117 899 22445 1039 33045 395 1856 122991 2057 6264 8363 27584
internal_value=0.000214412 0.00105327 0.0309831 -0.000544667 0.000480662 -0.000523658 0.00287717 0.0184872 -0.0134865 0.0220792 -0.0177408 -0.0230157 -0.00385919 -0.00693344
internal_weight=27528.3 26742.6 1346.08 25396.5 24772.3 24320 19271.8 5804.26 5048.21 5501.01 4711.36 4214.55 13467.5 11893.7
internal_count=236017 233400 5885 227515 226938 226039 193417 124425 32622 124030 30766 28709 68992 60629
is_linear=0
shrinkage=0.05


Tree=56
num_leaves=15
num_cat=0
split_feature=21 26 54 46 43 36 32 22 22 29 42 36 27 36
split_gain=259.121 332.91 342.75 326.63 460.315 344.151 505.147 350.785 439.052 293.168 283.122 574.141 399.663 563.318
threshold=0.60974949598312389 0.42430609464645391 1.0000000180025095e-35 0.77225479483604442 3.979637980461121 0.70511272549629223 2.7403194904327397 6.7804884910583505 6.7580702304840097 0.063108857721090331 1.0000000180025095e-35 0.57402297854423534 6.325254201889039 0.6601788103580476
decision_type=2 2 2 2 2 2 2 2 2 2 2 2 2 2
left_child=-1 -2 3 -3 -5 7 -7 8 9 -6 12 -12 13 -9
right_child=1 2 -4 4 5 6 -8 10 -10 -11 11 -13 -14 -15
leaf_value=-0.028966721824386529 0.047637716461019927 0.0082903439988994219 -0.029586743579913661 -0.027158375082418043 0.014983730277318922 -0.037253702988968344 0.032071771923874191 -0.0063243394580671302 0.049570655881172529 -0.086167108301939604 -0.0084602644585618225 0.054983321302964384 0.0061404340081444497 -0.039170157520155402
leaf_weight=730.31257853051648 367.58507825993001 10310.305230143655 912.41412869095802 1766.9991038255394 179.25575514184311 309.15401571244001 1504.5329915154725 4234.2217762321234 624.73503804020584 106.72394120530225 1010.8959394618869 539.14378762990236 2862.9276695251465 1880.427144497633
leaf_count=16469 4368 122725 5917 4442 5690 520 14383 18001 21873 3980 3693 2060 5690 6206
internal_value=0.00021148 0.00102288 0.000352017 0.00144172 -0.00326213 -5.77735e-05 0.0201153 -0.00327124 0.0263298 -0.0244003 -0.0058545 0.013818 -0.0092627 -0.0164728
internal_weight=27339.6 26609.3 26241.7 25329.3 15019 13252 1813.69 11438.3 910.715 285.98 10527.6 1550.04 8977.58 6114.65
internal_count=236017 219548 215180 209263 86538 82096 14903 67193 31543 9670 35650 5753 29897 24207
is_linear=0
shrinkage=0.05


Tree=57
num_leaves=15
num_cat=0
split_feature=21 46 27 37 27 32 32 27 27 26 33 44 28 33
split_gain=250.872 380.822 290.097 455.559 639.004 313.836 462.477 384.585 457.849 314.573 305.969 390.847 308.269 490.289
threshold=0.7435453236103059 0.48629879951477056 6.325254201889039 4.1908013820648202 3.4334666728973393 6.1441833972930917 6.0821251869201669 6.3234620094299325 6.3198649883270273 0.78193750977516185 4.0163424015045175 0.63744035363197338 6.0149362087249765 1.0000000180025095e-35
decision_type=2 2 2 2 2 2 2 2 2 2 2 2 2 2
left_child=-1 -2 3 5 -5 6 7 8 9 -3 12 -12 13 -4
right_child=1 2 10 4 -6 -7 -8 -9 -10 -11 11 -13 -14 -15
leaf_value=-0.016027593750929475 0.043797685688508003 0.0012027464069320965 0.044039136103578437 -0.019930041153280158 0.047612923419368292 -0.039647360697942287 0.043596977272064415 -0.046564448346300996 0.058220975460270753 -0.01287880124409565 0.047147448265762039 -0.043790234434460701 0.034614542148512027 -0.026085331523770978
leaf_weight=2178.7716122360434 514.09049426577985 11806.412725062459 387.68145516514778 524.34187144041061 1017.2131925788708 572.19253085553646 521.81039137486368 498.83591765165329 295.3844095915556 5961.1812044348335 154.67663197219372 413.49093196541071 1683.8135084528476 657.87106917053461
leaf_count=90015 5437 46955 904 1525 12624 3582 14436 1210 1519 50392 426 543 4826 1623
internal_value=0.000204933 0.00162494 0.000722325 -0.00142598 0.0246586 -0.00348322 -0.0023787 -0.00369395 -0.00248491 -0.00352632 0.0144947 -0.0186463 0.0214365 8.70724e-05
internal_weight=27187.8 25009 24494.9 21197.4 1541.56 19655.8 19083.6 18561.8 18063 17767.6 3297.53 568.168 2729.37 1045.55
internal_count=236017 146002 140565 132243 14149 118094 114512 100076 98866 97347 8322 969 7353 2527
is_linear=0
shrinkage=0.05


Tree=58
num_leaves=15
num_cat=0
split_feature=26 28 27 47 43 28 22 41 37 48 27 32 42 38
split_gain=232.998 245.931 948.338 647.779 803.447 482.916 304.218 1165.63 794.778 567.813 528.61 460.722 559.323 406.973
threshold=0.21933252364397052 2.4414010047912602 3.4334666728973393 4.2835628986358651 3.0201274156570439 2.5249279737472539 6.8007264137268075 0.65151515603065502 0.89587974548339855 1.0000001788139345 6.3306114673614511 6.1622610092163095 1.0000000180025095e-35 2.2499048709869389
decision_type=2 2 2 2 2 2 2 2 2 2 2 2 2 2
left_child=-1 2 3 4 -2 -3 10 9 -9 -8 11 12 -7 -14
right_child=1 5 -4 -5 -6 6 7 8 -10 -11 -12 -13 13 -15
leaf_value=-0.049028030485013432 -0.027781246287199891 -0.029119815597738064 0.042322475225627584 -0.018494488463580389 0.040846175103506022 -0.0093792083530415821 0.031161295355580956 0.017025800430788052 -0.075218011404891996 -0.026841567960240599 -0.080826760361633096 0.040523269597089621 0.024689385171182493 -0.022232577122296707
leaf_weight=228.21436020964757 612.64329209178686 1508.6397772310302 1604.9929042044096 2616.532234147191 1351.778087452054 10746.530061405094 3275.454516261816 387.7112358212471 565.51056432723999 476.30959349870682 207.28860524483025 593.14254643023014 2313.8840043195523 568.49391098693013
leaf_count=1338 389 4300 10760 3786 4679 180430 4571 328 340 172 528 1866 19256 3274
internal_value=0.000203607 0.000640497 0.00937706 -0.00223282 0.0194111 -0.00198081 0.000173054 0.0112001 -0.0379117 0.0237457 -0.00342781 -0.00224371 -0.00413331 0.0153901
internal_weight=27057.1 26828.9 6185.95 4580.95 1964.42 20643 19134.3 4704.99 953.222 3751.76 14429.3 14222.1 13628.9 2882.38
internal_count=236017 234679 19614 8854 5068 215065 210765 5411 668 4743 205354 204826 202960 22530
is_linear=0
shrinkage=0.05


Tree=59
num_leaves=15
num_cat=0
split_feature=15 46 32 28 27 47 43 49 27 36 37 37 46 48
split_gain=233.301 235.74 194.764 252.924 668.733 412.151 575.262 257.179 299.643 233.613 217.782 200.872 398.555 526.797
threshold=0.014830446336418392 0.94868934154510509 4.4870557785034189 2.4414010047912602 3.4334666728973393 4.2835628986358651 3.1567740440368657 0.27596487104892736 6.3234620094299325 0.240384615957737 4.1908013820648202 1.0000000180025095e-35 0.76975053548812877 0.79625153541564953
decision_type=2 2 2 2 2 2 2 2 2 2 2 2 2 2
left_child=1 2 3 4 5 6 -1 8 9 -5 11 12 -11 -14
right_child=-2 -3 -4 7 -6 -7 -8 -9 -10 10 -12 -13 13 -15
leaf_value=-0.037568308995406766 0.0058229861083946947 -0.072354708337574111 0.0078851519197156352 0.038727199175584801 0.041057149912668976 -0.023071448799850951 0.036889412701647369 0.020654451297267215 -0.051079678998151926 0.018475994460476562 0.024266127244018613 -0.020182134693460405 -0.044338236077903367 0.022617760149288856
leaf_weight=359.57784653035924 10927.903159620357 113.9330196431838 3198.9710819930187 224.10784740746021 945.28872496820986 1690.6862677335739 864.71556466259062 603.69224150665104 475.0268292427063 1175.5797851495445 382.67887247726321 4615.6138188214973 852.20385868567973 437.96964407991618
leaf_count=861 102716 2688 71362 656 6596 2466 3032 5470 837 5853 3436 27070 1827 1147
internal_value=0.00019882 -0.00365813 -0.0031182 -0.00590984 0.00474579 -0.00712961 0.0148938 -0.0106018 -0.0129358 -0.0105157 -0.012044 -0.0140377 -0.00250096 -0.0216098
internal_weight=26867.9 15940 15826.1 12627.1 3860.27 2914.98 1224.29 8766.87 8163.18 7688.15 7464.05 7081.37 2465.75 1290.17
internal_count=236017 133301 130613 59251 12955 6359 3893 46296 40826 39989 39333 35897 8827 2974
is_linear=0
shrinkage=0.05


Tree=60
num_leaves=15
num_cat=0
split_feature=21 46 37 27 37 32 32 27 27 39 43 31 48 37
split_gain=227.768 339.463 255.309 244.809 319.491 308.298 405.249 361.124 407.292 307.203 302.706 454.532 454.691 308.282
threshold=0.7435453236103059 0.48629879951477056 4.49422311782837 6.325254201889039 4.4714918136596689 6.1441833972930917 6.0821251869201669 6.3234620094299325 6.3198649883270273 0.43044590950012213 6.0342838764190683 0.83601033687591564 0.80231133103370678 1.0000000180025095e-35
decision_type=2 2 2 2 2 2 2 2 2 2 2 2 2 2
left_child=-1 -2 3 5 10 6 7 8 -3 -6 11 -5 -13 -12
right_child=1 2 -4 4 9 -7 -8 -9 -10 -11 13 12 -14 -15
leaf_value=-0.015306326835689887 0.042983233917723962 -0.0018295572222972113 0.042302431436560893 0.027601314649940197 0.040604268220330184 -0.037927034621282663 0.042881589985892636 -0.044289164305872243 0.057565167634736673 -0.043745644760894542 0.00740146757414477 -0.14099097012770689 -0.013740073577800866 0.051967099602665379
leaf_weight=2167.7258946590009 474.94534643460065 18766.184649205592 353.76635008957237 582.10617083124816 137.74613958597183 567.00371487438679 505.99994655419141 482.34587815403938 283.14442452788353 399.85899925231934 662.26158450730145 78.234057143330574 356.96363185346127 940.34681795537472
leaf_count=90015 5437 107799 4149 1853 180 3582 14436 1210 1519 526 2214 174 440 2483
internal_value=0.000192482 0.00156439 0.000731201 9.47636e-05 0.0130363 -0.00189379 -0.000855754 -0.00201021 -0.000916989 -0.0217865 0.0202376 -0.00110912 -0.0392687 0.0337109
internal_weight=26758.6 24590.9 24116 23762.2 3157.52 20604.7 20037.7 19531.7 19049.3 537.605 2619.91 1017.3 435.198 1602.61
internal_count=236017 146002 140565 136416 7870 128546 124964 110528 109318 706 7164 2467 614 4697
is_linear=0
shrinkage=0.05


Tree=61
num_leaves=15
num_cat=0
split_feature=36 22 46 46 36 49 37 27 31 44 37 28 32 23
split_gain=222.215 236.231 213.904 278.265 229.95 235.38 336.252 330.442 311.392 267.791 272.336 417.089 463.392 505.058
threshold=0.90054944157600414 6.7804884910583505 0.426196038722992 0.48629879951477056 0.10912698507308961 0.055656800046563155 4.1908013820648202 3.4334666728973393 0.94171988964080822 0.44592708349227911 3.2769666910171513 2.4414010047912602 2.0126758217811589 4.7405652999877939
decision_type=2 2 2 2 2 2 2 2 2 2 2 2 2 2
left_child=2 -2 -1 -4 -5 6 9 -8 -7 10 11 12 13 -6
right_child=1 -3 3 4 5 8 7 -9 -10 -11 -12 -13 -14 -15
leaf_value=-0.036130928627244027 -0.040407744576538923 0.039307176674668293 0.036836653506359444 0.044611057080089916 -0.023986176642638812 0.0058640068274953931 -0.015002210637535849 0.043381135181986399 -0.047559597686731771 -0.041610956165320165 -0.031167808926682583 -0.0089345848248201746 0.034482727286056898 0.052727629899379382
leaf_weight=406.12344011117239 100.97532891656738 609.65694956108928 492.80990378849674 266.54660120524932 1002.6975187808275 10229.468008168275 376.56862699985504 649.88623192766681 270.29775137780234 543.34663748950697 986.03994608088396 9149.5639792454895 1313.6820186749101 262.39247867465019
leaf_count=4638 2306 4278 7608 694 1420 140808 1071 7781 5221 1612 4104 49821 3877 778
internal_value=0.000189231 0.0275768 -0.000571118 8.18015e-06 -0.000730744 -0.00123618 -0.00541222 0.0220243 0.00444477 -0.00755145 -0.00606436 -0.00392908 0.0137965 -0.00778622
internal_weight=26660.1 710.632 25949.4 25543.3 25050.5 24783.9 14284.2 1026.45 10499.8 13257.7 12714.4 11728.3 2578.77 1265.09
internal_count=236017 6584 229433 224795 217187 216493 70464 8852 146029 61612 60000 55896 6075 2198
is_linear=0
shrinkage=0.05


Tree=62
num_leaves=15
num_cat=0
split_feature=15 26 49 37 27 28 41 47 27 37 42 41 28 31
split_gain=210.39 212.346 208.316 269.034 412.122 225.482 505.613 327.383 387.468 222.351 221.143 235.283 222.852 254.934
threshold=0.014830446336418392 0.8862687647342683 0.17540731281042102 4.1908013820648202 3.4334666728973393 2.4414010047912602 0.46428571641445165 4.2835628986358651 3.0201274156570439 3.0153425931930546 0.89587974548339855 0.77500000596046459 2.5249279737472539 0.64733895659446727
decision_type=2 2 2 2 2 2 2 2 2 2 2 2 2 2
left_child=1 2 3 5 -5 6 -1 -8 -9 -10 12 -12 -7 -14
right_child=-2 -3 -4 4 -6 10 7 8 9 -11 11 -13 13 -15
leaf_value=-0.036405343508298493 0.0055504930889319366 -0.029813226986572822 0.010453174307447853 -0.025696966059815685 0.041931176471611591 -0.04155378300195129 0.033699345293483118 -0.024035906928619923 0.036594790414413041 -0.0872214449150574 0.029583333426327404 -0.012204471462038213 0.0097223099630211873 -0.016810479053613606
leaf_weight=608.56068191002123 10813.538316204969 721.51947089284658 2656.5920177398948 327.8560925424099 673.70912685384974 708.23148459009826 1144.4679893553257 827.89958608150482 548.37790497438982 29.391941882669926 612.78659990336746 724.98742130678147 1096.350229797943 5035.4109577886993
leaf_count=951 102716 8886 56651 951 7945 2237 5169 1142 2512 21 4159 3035 17250 22392
internal_value=0.000185443 -0.00350718 -0.00222234 -0.00495786 0.0197583 -0.007157 0.00417967 0.0139692 -0.00221929 0.0289193 -0.0115356 0.00701451 -0.0151686 -0.0120583
internal_weight=26529.7 15716.1 14994.6 12338 1001.57 11336.5 3158.7 2550.14 1405.67 577.77 8177.77 1337.77 6839.99 6131.76
internal_count=236017 133301 124415 67764 8896 58868 9795 8844 3675 2533 49073 7194 41879 39642
is_linear=0
shrinkage=0.05


Tree=63
num_leaves=15
num_cat=0
split_feature=21 46 37 34 31 28 27 47 43 32 42 38 22 41
split_gain=206.424 297.919 223.871 218.023 276.554 244.037 823.235 351.526 472.66 306.661 555.401 305.881 283.549 1182.73
threshold=0.7435453236103059 0.48629879951477056 4.49422311782837 0.55841580033302318 0.88323968648910534 2.4414010047912602 3.4334666728973393 4.2835628986358651 3.5694335699081425 2.9843537807464604 1.4978661537170412 2.4337671995162968 6.8007264137268075 0.65151515603065502
decision_type=2 2 2 2 2 2 2 2 2 2 2 2 2 2
left_child=-1 -2 3 5 -5 6 7 8 -3 -7 12 -12 -11 -14
right_child=1 2 -4 4 -6 9 -8 -9 -10 10 11 -13 13 -15
leaf_value=-0.014609537693563716 0.042031594679012581 -0.022519388412661823 0.041419817749729311 0.024336188144109483 -0.020458842277553915 -0.023910258150486238 0.047045773053069027 -0.014739710761864457 0.036475182454518314 -0.008913250786875276 0.048001600636568463 -0.010970757868360145 0.022920586853948578 -0.046307865309893045
leaf_weight=2156.6556498874561 435.00837379693985 507.79098524898291 323.48011072352529 1706.0707267243415 422.95572256483138 1761.7617132999003 1067.5926984827965 2294.4775581359863 982.6093720048666 10120.631516149268 802.92467175237834 296.96596309542656 2757.7866352498531 784.13001054525375
leaf_count=90015 5437 352 4149 12551 2839 5388 7213 3260 2058 89164 7539 2387 3099 566
internal_value=0.000177859 0.00149767 0.000740394 0.000163197 0.0153831 -0.00135912 0.0084883 -0.00248284 0.0163591 -0.00425429 -0.00189393 0.0321239 -0.004654 0.00750717
internal_weight=26420.8 24264.2 23829.2 23505.7 2129.03 21376.7 4852.47 3784.88 1490.4 16524.2 14762.4 1099.89 13662.5 3541.92
internal_count=236017 146002 140565 136416 15390 121026 12883 5670 2410 108143 102755 9926 92829 3665
is_linear=0
shrinkage=0.05


Tree=64
num_leaves=15
num_cat=0
split_feature=48 21 24 22 42 37 47 48 28 29 42 22 27 28
split_gain=206.171 346.809 287.601 227.19 943.995 1348.74 449.124 630.553 1060.11 401.81 312.345 544.645 320.478 309.145
threshold=1.0000001788139345 0.80592811107635509 0.051825124770402915 6.8007264137268075 1.0000000180025095e-35 0.89587974548339855 4.3630783557891855 0.7954605519771577 6.01249122619629 0.19861455261707309 1.0000000180025095e-35 6.7996129989624032 5.463822841644288 2.4414010047912602
decision_type=2 2 2 2 2 2 2 2 2 2 2 2 2 2
left_child=3 -2 -3 10 6 -6 -5 8 -8 -7 13 12 -12 -1
right_child=1 2 -4 4 5 9 7 -9 -10 -11 11 -13 -14 -15
leaf_value=0.0083992620586418928 -0.064499966663829358 0.05427506528222497 -0.038504728358706886 0.035357134533395868 0.02931881155211016 -0.057892541695996926 -0.057326318927096609 0.034430218223945923 0.047212670505723114 0.0097821236689265012 -0.008453586244683035 -0.03506143623912273 0.031199779916653649 -0.0087202614796675609
leaf_weight=3367.7189408928389 311.31252184137702 160.70741721615195 153.90890337247401 2630.2170379459858 971.40458405017853 1234.8948068022728 708.19520875811577 897.55514626204967 357.16569070518017 263.04449164867401 677.4146831817925 503.12064790725708 2002.301414986141 12033.620145868103
leaf_count=16213 1300 445 979 3774 957 693 676 1279 705 131 10469 572 13770 184054
internal_value=0.000178568 -0.0279446 0.00909963 0.000875562 0.00850277 -0.0163856 0.0218897 0.00375622 -0.0221662 -0.0460225 -0.00202599 0.012209 0.0211815 -0.00497382
internal_weight=26272.6 625.929 314.616 25646.7 7062.48 2469.34 4593.13 1962.92 1065.36 1497.94 18584.2 3182.84 2679.72 15401.3
internal_count=236017 2724 1424 233293 8215 1781 6434 2660 1381 824 225078 24811 24239 200267
is_linear=0
shrinkage=0.05


Tree=65
num_leaves=15
num_cat=0
split_feature=18 23 36 22 42 37 47 23 48 28 18 29 42 38
split_gain=200.444 210.736 206.387 229.679 632.968 1173.71 675.812 572.444 475.032 415.604 447.347 370.9 330.629 489.9
threshold=5.3254430294036874 2.6020033359527592 0.90054944157600414 6.8007264137268075 1.0000000180025095e-35 0.89587974548339855 4.3630783557891855 6.1431114673614511 0.7954605519771577 2.6020033359527592 6.5854814052581796 0.19861455261707309 1.0000000180025095e-35 2.2499048709869389
decision_type=2 2 2 2 2 2 2 2 2 2 2 2 2 2
left_child=-1 -2 3 12 6 -6 -5 8 -8 -10 -11 -7 -3 -14
right_child=1 2 -4 4 5 11 7 -9 9 10 -12 -13 13 -15
leaf_value=-0.050557373118963404 0.023542392176964081 -0.0073574151205747645 0.026693000044607465 0.035574077398689771 0.028946141016076222 -0.056806130034137696 -0.048524155449110026 0.039083217994221951 0.048608019921113299 -0.050443398805811251 0.026083499671494766 0.0092570166986282367 0.023601319055704732 -0.021593135182107676
leaf_weight=183.26337943505496 949.89340210333467 14280.569601938594 677.1064730140497 2386.182001978159 898.53725028038025 1107.5185311436653 688.42447012662888 621.04918563365936 347.59131860733032 421.25411160290241 334.24980264902115 259.17604959011078 2133.8797920248471 823.58440462499857
leaf_count=1278 7206 189851 6578 3282 893 651 631 1293 293 333 279 129 19745 3575
internal_value=0.000174404 0.000552324 -0.000331002 -0.00109462 0.00649289 -0.0152475 0.0167657 -0.00190703 -0.0162548 0.00413902 -0.0166879 -0.0443019 -0.00420587 0.0109854
internal_weight=26112.3 25929 24979.1 24302 7063.98 2265.23 4798.75 2412.57 1791.52 1103.1 755.504 1366.69 17238 2957.46
internal_count=236017 234739 227533 220955 7784 1673 6111 2829 1536 905 612 780 213171 23320
is_linear=0
shrinkage=0.05


Tree=66
num_leaves=15
num_cat=0
split_feature=0 27 32 37 32 27 47 27 47 27 42 27 46 27
split_gain=196.527 249.937 320.613 327.292 255.899 345.134 283.672 405.244 312.198 386.285 308.301 325.325 341.796 306.247
threshold=0.0084389690309762972 2.9700856208801274 1.8688347935676577 4.4365937709808358 2.0126758217811589 3.0201274156570439 4.1971738338470468 5.478551149368287 6.1933839321136483 5.463822841644288 1.4978661537170412 5.482717990875245 0.75748610496521007 5.3771395683288583
decision_type=2 2 2 2 2 2 2 2 2 2 2 2 2 2
left_child=1 -1 3 -3 -4 -6 10 8 9 -8 11 12 13 -7
right_child=-2 2 4 -5 5 6 7 -9 -10 -11 -12 -13 -14 -15
leaf_value=-0.033413298737372032 0.0083610013832387114 0.047533605114795735 -0.037783162459798951 -0.014481216399040226 0.05011234623161074 -0.022050323550866294 0.0092625420431155115 -0.0047121555698698527 -0.044417988046211936 0.04872432391581541 0.040196634463105133 0.026313303660171435 -0.043090450197963925 0.024196466560478469
leaf_weight=609.30130696494598 5703.8568912200863 632.81397110782564 492.7663893699646 312.25474882125854 306.81150837242603 1304.9380726404488 3136.4434960503131 10107.390013405588 208.22694438695908 765.28763551346492 228.71274212002754 352.903749383986 1313.4037988968194 482.66943003423512
leaf_count=2242 52142 3783 461 885 725 12020 25248 53863 279 70956 1450 1594 4804 5565
internal_value=0.000171193 -0.00213819 -0.00115165 0.0271066 -0.00259353 -0.00162091 -0.00253512 0.000671349 0.01389 0.0171074 -0.0148825 -0.0186352 -0.0238186 -0.00949815
internal_weight=25957.8 20253.9 19644.6 945.069 18699.6 18206.8 17900 14217.3 4109.96 3901.73 3682.63 3453.92 3101.01 1787.61
internal_count=236017 183875 181633 4668 176965 176504 175779 150346 96483 96204 25433 23983 22389 17585
is_linear=0
shrinkage=0.05


Tree=67
num_leaves=15
num_cat=0
split_feature=18 36 37 36 37 34 31 36 32 32 28 23 0 47
split_gain=191.507 211.964 211.019 200.68 338.331 217.886 273.252 575.555 459.485 439.601 306.418 295.866 291.189 289.761
threshold=5.5664324760437021 0.10912698507308961 4.49422311782837 0.85634920001029979 4.0689902305603036 0.55841580033302318 0.64733895659446727 0.61930641531944286 1.8688347935676577 3.7373861074447636 4.182021141052247 4.930863857269288 0.0064309346489608296 4.1266138553619394
decision_type=2 2 2 2 2 2 2 2 2 2 2 2 2 2
left_child=-1 -2 3 5 -5 6 7 9 -8 -3 -11 12 -9 -10
right_child=1 2 -4 4 -6 -7 8 11 13 10 -12 -13 -14 -15
leaf_value=-0.032803557867130725 0.044800923084757305 0.03792048516154406 0.038451742241600709 0.035416761348302829 -0.013895772086192979 0.012438746925139833 0.050896785344870299 -0.033026562285798061 -0.027526190910926986 -0.029923082806043055 0.050224917400712124 0.03911338751113988 0.010072776644091723 -0.0050536983939383582
leaf_weight=423.03860659524798 259.92453794181347 1709.7256266297773 346.47838463261724 943.13976295816246 540.80322033539414 2515.7445168485865 336.87260675802827 1176.5408340761205 1582.5153490416706 484.04954902117606 147.50289767701179 242.24710458621848 579.41517661488615 14546.279622352333
leaf_count=2249 825 15524 4528 17222 6600 19114 1330 3270 11666 5398 69314 9341 1597 68039
internal_value=0.000167421 0.000729 0.000255917 -0.00029289 0.0174727 -0.00143035 -0.00311256 0.00803678 -0.00605403 0.024812 -0.0107129 -0.0116443 -0.0188285 -0.00727433
internal_weight=25834.3 25411.2 25151.3 24804.8 1483.94 23320.9 20805.1 4339.48 16465.7 2341.28 631.552 1998.2 1755.96 16128.8
internal_count=236017 233768 232943 228415 23822 204593 185479 104444 81035 90236 74712 14208 4867 79705
is_linear=0
shrinkage=0.05


Tree=68
num_leaves=15
num_cat=0
split_feature=1 26 49 31 36 22 33 27 28 41 47 27 43 55
split_gain=186.36 243.178 163.729 352.563 204.879 255.45 222.872 203.186 188.729 560.249 390.729 382.05 239.087 230.839
threshold=0.0093898782506585139 0.9403514862060548 0.41811740398406988 0.87904912233352672 0.85634920001029979 6.7804884910583505 4.0517470836639413 6.3162615299224862 2.4414010047912602 0.46428571641445165 4.2835628986358651 3.0201274156570439 5.9976942539215097 1.0000000180025095e-35
decision_type=2 2 2 2 2 2 2 2 2 2 2 2 2 2
left_child=1 2 4 -4 6 -6 8 -5 9 -1 -11 12 -12 -13
right_child=-2 -3 3 7 5 -7 -8 -9 -10 10 11 13 -14 -15
leaf_value=-0.034404100209181158 0.009429698380054868 -0.082963934940283063 0.02160931602349123 -0.050665287161303321 -0.013188177516274531 0.034551672459828084 0.040173943969743692 0.0078716950572208632 -0.0081932295671384367 0.032094591157967298 -0.030092351608146602 0.031581252437997996 0.042471432761678543 -0.018108384686145649
leaf_weight=786.80229381215759 4474.4948210415314 81.862516943365335 1822.8742024287349 301.03239317471161 437.08732525550295 749.82526674494147 266.47547606239095 278.76500762067735 12760.663948226953 1439.7225369047374 992.84835031628609 878.8382361792028 119.16549682617188 309.68388715386391
leaf_count=1062 41312 1748 57634 2758 14490 4593 3053 1041 93954 6749 1307 5227 245 844
internal_value=0.000168158 -0.00178775 -0.00143439 0.0108269 -0.00301126 0.0170079 -0.00437375 -0.0228646 -0.00508324 0.00368177 0.0117639 -0.00104329 -0.0220071 0.018591
internal_weight=25700.1 21225.6 21143.8 2402.67 18741.1 1186.91 17554.2 579.797 17287.7 4527.06 3740.26 2300.54 1112.01 1188.52
internal_count=236017 194705 192957 61433 131524 19083 112441 3799 109388 15434 14372 7623 1552 6071
is_linear=0
shrinkage=0.05


Tree=69
num_leaves=15
num_cat=0
split_feature=21 46 37 34 31 26 36 48 49 43 0 32 47 28
split_gain=183.21 242.792 195.513 186.504 233.693 194.316 193.761 213.901 166.78 216.398 157.963 174.698 201.507 410.253
threshold=0.7435453236103059 0.48629879951477056 4.49422311782837 0.55841580033302318 0.88323968648910534 0.42430609464645391 0.10912698507308961 0.15555221587419513 0.10484720021486284 5.9877066612243661 0.0084389690309762972 4.4870557785034189 4.3502571582794198 1.7005987167358401
decision_type=2 2 2 2 2 2 2 2 2 2 2 2 2 2
left_child=8 -2 3 5 -5 -3 -7 -8 -1 -10 11 12 13 -9
right_child=1 2 -4 4 -6 6 7 10 9 -11 -12 -13 -14 -15
leaf_value=-0.025202020450893731 0.040500135273285533 0.050359321720848539 0.040479605725258563 0.022971917316447113 -0.018555756288017363 0.046887593154192768 -0.051423155547665536 0.051764955612956458 0.024092047156357758 -0.027014556798891642 0.0068261798804415841 0.0069549208150799851 -0.015374409339552919 -0.0042629407859506394
leaf_weight=1276.8847509020707 381.14218397345394 171.21843377873302 295.92837684880942 1648.4599241809919 417.66587900929153 193.64102173596621 207.72797490190715 330.20903440564871 500.94540219113696 338.46365757007152 4354.0158830824075 2985.3064262440894 4231.2979781031609 8242.0435524331406
leaf_count=13402 5437 2179 4149 12551 2839 549 425 1830 75104 1509 23996 33608 19907 38532
internal_value=0.000163249 0.0014365 0.000774071 0.000240769 0.0145282 -0.00119056 -0.00164447 -0.00212907 -0.0138908 0.00340958 -0.00159545 -0.00392069 -0.00645992 -0.00204691
internal_weight=25575 23458.7 23077.5 22781.6 2066.13 20715.5 20544.2 20350.6 2116.29 839.409 20142.9 15788.9 12803.6 8572.25
internal_count=236017 146002 140565 136416 15390 121026 118847 118298 90015 76613 117873 93877 60269 40362
is_linear=0
shrinkage=0.05


Tree=70
num_leaves=15
num_cat=0
split_feature=26 21 46 37 34 26 36 48 22 46 37 47 27 36
split_gain=170.324 174.253 224.663 208.253 189.216 181.674 181.079 200.877 262.694 174.886 552.366 288.265 386.203 438.826
threshold=0.93475374579429638 0.7435453236103059 0.48629879951477056 4.49422311782837 0.55841580033302318 0.42430609464645391 0.10912698507308961 0.34270501136779791 6.7973818778991708 0.70827654004096996 3.2769666910171513 4.1266138553619394 5.4722616672515878 0.70511272549629223
decision_type=2 2 2 2 2 2 2 2 2 2 2 2 2 2
left_child=1 -1 -3 4 5 -4 -7 8 -8 10 -9 -11 -13 -14
right_child=-2 2 3 -5 -6 6 7 9 -10 11 -12 12 13 -15
leaf_value=-0.013221415337257009 -0.053573388120696612 0.040009670469794645 0.049958687451314786 0.042939509340957971 0.015133613225803763 0.046580750650320447 0.019938587786335862 0.024566535911954412 -0.034518267223649431 -0.025780423995766518 -0.016646605336464736 0.015785602259369386 -0.0085909074781862563 0.020641365090370341
leaf_weight=2118.3452261810307 136.62018790841103 367.00618193438277 164.21944627910852 283.51923691807315 2015.0527067007497 185.44426956027746 283.95760404563043 2221.7962989031803 913.96503213047981 1244.2804277446121 1270.2199694189476 2814.2954259645194 10017.107358485577 1462.7031615915475
leaf_count=90001 2795 5437 2179 4026 14881 549 1928 17099 1199 8201 9708 27300 42912 7802
internal_value=0.000162081 0.000472546 0.00172572 0.00109432 0.000550442 -0.000884239 -0.00131751 -0.00177942 -0.0215515 -0.00052414 0.00957054 -0.00279746 -0.000780206 -0.00485155
internal_weight=25498.5 25361.9 23243.6 22876.6 22593 20578 20413.8 20228.3 1197.92 19030.4 3492.02 15538.4 14294.1 11479.8
internal_count=236017 233222 143221 137784 133758 118877 116698 116149 3127 113022 26807 86215 78014 50714
is_linear=0
shrinkage=0.05


Tree=71
num_leaves=15
num_cat=0
split_feature=1 46 46 46 32 27 46 31 28 47 27 46 22 47
split_gain=166.326 219.063 151.312 180.386 175.364 255.156 347.994 355.809 238.562 228.463 393.457 277.052 229.722 289.92
threshold=0.0093898782506585139 0.95424106717109691 0.426196038722992 0.48629879951477056 4.4870557785034189 5.478551149368287 0.85585069656372081 0.87528109550476085 3.7954261302948002 4.3502571582794198 6.3198649883270273 0.53901496529579174 6.7804884910583505 6.1954247951507577
decision_type=2 2 2 2 2 2 2 2 2 2 2 2 2 2
left_child=1 2 -1 -4 8 -6 -7 -8 9 10 11 -5 -11 -14
right_child=-2 -3 3 4 5 6 7 -9 -10 12 -12 -13 13 -15
leaf_value=-0.033313020898999048 0.008954118110136855 -0.077936365269209676 0.033879847931323398 -0.014474465490513559 0.034341749367278983 -0.023351066186398036 0.028451121829339766 -0.007579873163277147 -0.016203275917790132 0.038461870524594127 0.05363763450966285 0.0075890894404863326 -0.01903467504285997 0.010074502013830935
leaf_weight=353.98314394161571 4428.1624129138654 83.811015981715173 358.46409762237454 1907.3666588682681 721.51707494811853 982.17419592430815 1420.5981313711964 1308.5456155515276 3140.3009506175295 229.06276016030461 376.71479942649603 5507.4562404341996 3450.1179362498224 1129.2004651352763
leaf_count=4363 41312 1867 6778 5275 74160 5939 13396 11531 13587 10422 2603 30995 12707 1082
internal_value=0.000160346 -0.00170005 -0.00135697 -0.000790068 -0.00142261 0.00735138 0.002026 0.0112107 -0.00389669 -0.000819075 0.00446862 0.00190168 -0.00937878 -0.0118504
internal_weight=25397.5 20969.3 20885.5 20531.5 20173.1 4432.84 3711.32 2729.14 15740.2 12599.9 7791.54 7414.82 4808.38 4579.32
internal_count=236017 194705 192838 188475 181697 105026 30866 24927 76671 63084 38873 36270 24211 13789
is_linear=0
shrinkage=0.05


Tree=72
num_leaves=15
num_cat=0
split_feature=48 21 24 22 42 37 47 48 28 29 27 32 42 22
split_gain=159.205 302.307 259.327 196.112 716.44 1101.87 378.756 542.522 862.965 367.507 315.423 387.475 278.865 446.038
threshold=1.0000001788139345 0.80592811107635509 0.051825124770402915 6.8007264137268075 1.0000000180025095e-35 0.89587974548339855 4.3630783557891855 0.7954605519771577 6.01249122619629 0.14788006246089938 6.3306114673614511 6.1622610092163095 1.0000000180025095e-35 6.7996129989624032
decision_type=2 2 2 2 2 2 2 2 2 2 2 2 2 2
left_child=3 -2 -3 10 6 -6 -5 8 -8 -7 11 12 -1 -14
right_child=1 2 -4 4 5 9 7 -9 -10 -11 -12 -13 13 -15
leaf_value=-0.0054115006000253598 -0.05962248030360965 0.052355950943957091 -0.035864414739781067 0.033107310538548998 0.027887133057384078 -0.055520081282814042 -0.050486344605780588 0.032952405540597904 0.04633520477253162 0.0053577435118964192 -0.056162680689830352 0.039457449487203165 0.019620841871410985 -0.032296892577303456
leaf_weight=14159.018061069713 302.00677407905459 161.02399707213044 152.84188221860677 2439.0092579573393 931.29450199007988 1093.9635854959488 729.86474630236626 846.55132909119129 324.98111732304096 317.55661815404892 254.1555704344064 559.50400277227163 2552.0121052521281 484.02686196565628
leaf_count=197548 1300 445 979 3774 957 664 676 1279 705 160 842 1877 24239 572
internal_value=0.000156851 -0.0247474 0.00961477 0.000787786 0.00809576 -0.0141478 0.0201071 0.00334508 -0.0205022 -0.0418828 -0.00192727 -0.00111971 -0.0024622 0.0112649
internal_weight=25307.8 615.873 313.866 24691.9 6683.22 2342.81 4340.41 1901.4 1054.85 1411.52 18008.7 17754.6 17195.1 3036.04
internal_count=236017 2724 1424 233293 8215 1781 6434 2660 1381 824 225078 224236 222359 24811
is_linear=0
shrinkage=0.05


Tree=73
num_leaves=15
num_cat=0
split_feature=15 26 21 37 26 32 27 27 27 28 48 37 47 31
split_gain=158.54 162.329 128.684 156.962 145.613 140.106 173.629 264.791 267.386 228.566 162.599 542.615 213.332 187.546
threshold=0.014830446336418392 0.92678397893905651 0.68093279004096996 4.49422311782837 0.42430609464645391 4.4870557785034189 6.3306114673614511 6.3234620094299325 6.3198649883270273 2.3502402305603032 0.78175547719001781 1.0000000180025095e-35 6.1954247951507577 0.70064935088157665
decision_type=2 2 2 2 2 2 2 2 2 2 2 2 2 2
left_child=1 2 -1 4 -4 6 7 8 10 -9 13 -12 -13 -6
right_child=-2 -3 3 -5 5 -7 -8 9 -10 -11 11 12 -14 -15
leaf_value=-0.025625058578968758 0.0049247258847879569 -0.065764444685705997 0.0465571519490732 0.042275932484801562 0.00018323565826565457 0.0068487584560118515 0.049980438282537697 0.044635621587755345 0.055528388892320514 -0.052098371602783827 0.030032300593327878 -0.012784236858967225 0.052632793450083461 -0.01768985817942919
leaf_weight=578.27043230913114 10282.296318812121 92.799158819019794 140.39254514873028 189.56307656504214 2432.0738225360401 2899.3569746891153 129.39553204923868 62.169953305274248 172.8996973708272 471.46377792954445 1219.5229373248294 2682.7833310547285 120.92070062458515 3690.894731672015
leaf_count=22321 102716 1652 2601 2807 15026 51394 380 703 1004 894 4084 21390 176 8869
internal_value=0.00015281 -0.00314519 -0.00270811 -0.00175825 -0.00238325 -0.00291138 -0.00549201 -0.0061988 -0.00440249 -0.0402148 -0.00547743 0.00232839 -0.00978584 -0.0106019
internal_weight=25164.8 14882.5 14789.7 14211.4 14021.9 13881.5 10982.1 10852.7 10319.1 533.634 10146.2 4023.23 2803.7 6122.97
internal_count=236017 133301 131649 109328 106521 103920 52526 52146 50549 1597 49545 25650 21566 23895
is_linear=0
shrinkage=0.05


Tree=74
num_leaves=15
num_cat=0
split_feature=18 31 32 36 32 23 27 21 0 33 47 27 27 46
split_gain=153.032 158.399 420.313 412.542 421.4 279.908 278.937 262.396 245.39 286.919 232.67 390.453 288.523 608.85
threshold=5.3254430294036874 0.64733895659446727 1.8688347935676577 0.61930641531944286 3.7373861074447636 4.8940944671630868 5.478551149368287 0.74177855253219616 0.0064309346489608296 0.89587974548339855 4.1266138553619394 5.463822841644288 5.4722616672515878 0.63907548785209667
decision_type=2 2 2 2 2 2 2 2 2 2 2 2 2 2
left_child=-1 3 -3 4 7 8 -6 -2 9 -5 11 -4 13 -12
right_child=1 2 10 5 6 -7 -8 -9 -10 -11 12 -13 -14 -15
leaf_value=-0.045818019057151105 -0.01444920425194083 0.04926517403054953 -0.025820501558306116 -0.047924751138626979 0.032585599229531442 0.036165125045113523 -0.032507581364484013 0.041482150707412235 0.010606963961634991 -0.001812965231415894 -0.0094453569087730189 0.044765249445821303 -0.0041349396160492392 0.029729130712782676
leaf_weight=169.74954102339689 234.91641488298774 389.55849556624889 1843.0761634055525 697.63971798564307 240.06621410162188 318.85156507970532 473.61439562961459 1652.8965851431713 688.94928243139293 646.23387469165027 1877.3614116795361 209.9286945797503 13568.771679790632 2083.9981362437829
leaf_count=1278 1009 2481 17290 1080 73499 12312 2027 16347 2900 4261 3061 1651 71426 25395
internal_value=0.000151261 0.000482569 -0.00150327 0.00847697 0.0221594 -0.00668869 -0.010464 0.0344827 -0.0135545 -0.025928 -0.00253781 -0.0184208 -0.000668265 0.0111866
internal_weight=25095.6 24925.9 19972.7 4953.17 2601.49 2351.67 713.681 1887.81 2032.82 1343.87 19583.1 2053 17530.1 3961.36
internal_count=236017 234739 121304 113435 92882 20553 75526 17356 8241 5341 118823 18941 99882 28456
is_linear=0
shrinkage=0.05


Tree=75
num_leaves=15
num_cat=0
split_feature=0 27 32 37 32 27 47 27 32 27 41 42 27 46
split_gain=146.477 180.895 220.455 255.547 182.611 295.565 201.349 294.702 268.988 431.639 274.893 264.951 249.828 289.13
threshold=0.0084389690309762972 2.9700856208801274 1.8688347935676577 4.4365937709808358 2.0126758217811589 3.0201274156570439 4.1971738338470468 5.478551149368287 3.9006955623626713 3.6762205362319951 0.46428571641445165 1.4978661537170412 5.482717990875245 0.75748610496521007
decision_type=2 2 2 2 2 2 2 2 2 2 2 2 2 2
left_child=1 -1 3 -3 -4 -6 11 8 9 10 -8 12 13 -7
right_child=-2 2 4 -5 5 6 7 -9 -10 -11 -12 -13 -14 -15
leaf_value=-0.02943625160245435 0.0073481216371186833 0.045159283750896388 -0.032196602722582873 -0.011368391911467157 0.04865156139375288 -0.007630084159482838 -0.022332284931528296 -0.00402622516726298 0.03132981233215016 -0.037736375980392978 0.022292995817557896 0.039421584245929481 0.02439096014935643 -0.039129046278145452
leaf_weight=568.17033621133305 5498.8591652996256 519.67918279021978 483.85526961088181 315.74941596388817 280.48871672898531 1734.2471607048064 425.73243701457977 9911.2890907344408 1240.2195317490841 509.35993047524244 1669.2906086780131 217.94410073384643 329.91748144105077 1254.0799403637648
leaf_count=2242 52142 3783 461 885 725 17585 226 53863 85899 3066 7292 1450 1594 4804
internal_value=0.000150025 -0.00188669 -0.001043 0.0239129 -0.00221025 -0.00136674 -0.00220572 0.000532516 0.0122648 0.00310083 0.0131616 -0.012829 -0.016369 -0.0209353
internal_weight=24958.9 19460 18891.9 835.429 18056.4 17572.6 17292.1 13755.9 3844.6 2604.38 2095.02 3536.19 3318.24 2988.33
internal_count=236017 183875 181633 4668 176965 176504 175779 150346 96483 10584 7518 25433 23983 22389
is_linear=0
shrinkage=0.05


Tree=76
num_leaves=15
num_cat=0
split_feature=1 46 36 37 22 27 47 47 27 36 37 47 27 38
split_gain=143.913 184.803 136.95 208.732 195.16 878.479 270.177 227.362 201.211 293.249 400.178 256.387 327.724 418.319
threshold=0.0093898782506585139 0.95424106717109691 0.85634920001029979 4.0689902305603036 6.7804884910583505 5.3771395683288583 1.6661022305488589 4.1266138553619394 5.4722616672515878 0.70511272549629223 2.4414010047912602 4.1666352748870858 5.482717990875245 1.4978661537170412
decision_type=2 2 2 2 2 2 2 2 2 2 2 2 2 2
left_child=1 2 4 -4 5 -1 -6 -8 -9 11 -11 -10 13 -13
right_child=-2 -3 3 -5 6 -7 7 8 9 10 -12 12 -14 -15
leaf_value=-0.038571750255221048 0.0084039922404583588 -0.070552697180963783 0.032554843370057332 -0.010795660623472076 0.045285211213310951 0.037869918683696831 -0.032775604687326175 0.0043792527998446342 0.038461607631399747 0.039495249886585287 -0.03365185642014535 -0.039656739134054854 -0.0070213210103700838 0.045292849502276862
leaf_weight=540.39964090962894 4342.4665445173159 86.736010546330363 691.4570897728554 453.08410983812064 265.39000351727009 1178.3243646515766 679.43631384521723 5470.9086778853089 258.8589421287179 671.66300504654646 249.00329239293933 1477.4730600640178 8323.023951228708 152.24024431407452
leaf_count=7961 41312 1867 13623 5711 1476 104774 2177 25803 883 3332 393 2309 23848 548
internal_value=0.000146339 -0.00160628 -0.00127889 0.015449 -0.00228011 0.0137511 -0.00385721 -0.00463759 -0.00346709 -0.00732361 0.0195629 -0.00976443 -0.0110561 -0.0314933
internal_weight=24840.5 20498 20411.3 1144.54 19266.7 1718.72 17548 17282.6 16603.2 11132.3 920.666 10211.6 9952.74 1629.71
internal_count=236017 194705 192838 19334 173504 112735 60769 59293 57116 31313 3725 27588 26705 2857
is_linear=0
shrinkage=0.05


Tree=77
num_leaves=15
num_cat=0
split_feature=18 48 21 40 22 42 37 47 48 28 29 27 32 23
split_gain=140.014 143.001 279.496 244.182 183.568 624.73 974.277 366.708 474.845 767.589 352.393 288.716 349.9 278.239
threshold=5.3254430294036874 1.0000001788139345 0.80592811107635509 0.0041136140935122975 6.8007264137268075 1.0000000180025095e-35 0.89587974548339855 4.3630783557891855 0.7954605519771577 6.01249122619629 0.14788006246089938 6.3306114673614511 6.1622610092163095 2.6020033359527592
decision_type=2 2 2 2 2 2 2 2 2 2 2 2 2 2
left_child=-1 4 -3 -4 11 7 -7 -6 9 -9 -8 12 13 -2
right_child=1 2 3 -5 5 6 10 8 -10 -11 -12 -13 -14 -15
leaf_value=-0.044555299464992371 0.031162031518746875 -0.057196754011381114 0.065891744589899812 -0.023115053776976795 0.032948620000517737 0.027046631115615616 -0.053439792968783907 -0.046528004652465593 0.031615604927063078 0.045902592977462853 0.0067006442876294094 -0.052925272438273045 0.038571136706616369 -0.0033212718551481066
leaf_weight=163.96583815175109 597.05983499623835 296.71602564491332 111.63568406924605 201.11023768037558 2317.8659720420837 908.80022531747818 1042.2081018090248 739.62809647619724 815.05275216698647 311.56012369692326 314.25689023733139 259.63435094431043 536.93776379525661 16100.204151289945
leaf_count=1278 6885 1300 312 1112 3758 957 663 675 1279 705 159 842 1877 214215
internal_value=0.000143034 0.000459553 -0.0232592 0.00971341 0.00107276 0.00827629 -0.0128366 0.0197101 0.00317991 -0.0189582 -0.0395598 -0.00158614 -0.000782474 -0.00207031
internal_weight=24716.6 24552.7 609.462 312.746 23943.2 6449.37 2265.27 4184.11 1866.24 1051.19 1356.46 17493.8 17234.2 16697.3
internal_count=236017 234739 2724 1424 232015 8196 1779 6417 2659 1380 822 223819 222977 221100
is_linear=0
shrinkage=0.05


Tree=78
num_leaves=15
num_cat=0
split_feature=41 42 43 31 31 46 49 28 23 47 21 28 22 37
split_gain=135.524 423.277 180.136 227.917 168.036 166.395 284.967 242.968 412.548 378.245 268.152 239.286 226.931 716.678
threshold=0.90454545617103588 1.4978661537170412 6.0695817470550546 0.93118247389793407 0.58513706922531139 0.87456294894218456 0.41811740398406988 2.4414010047912602 5.1957268714904794 4.2835628986358651 0.68805232644081127 2.5249279737472539 6.8007264137268075 1.0000000180025095e-35
decision_type=2 2 2 2 2 2 2 2 2 2 2 2 2 2
left_child=1 2 5 -4 -3 6 7 8 9 10 -1 -9 -13 -14
right_child=-2 4 3 -5 -6 -7 -8 11 -10 -11 -12 12 13 -15
leaf_value=-0.036032207178032495 -0.019852665732422996 -0.044091206269441179 0.035694737740946739 -0.049559208474598104 0.043102311677805177 -0.01258873060667739 0.018488716879165448 -0.02736008447178806 0.049907347795962072 -0.0085783790162495058 0.030984475894439506 -0.0076401600614478832 0.034901967948763185 -0.0099125650070753246
leaf_weight=160.32190223434009 809.42928483337164 51.79202943155542 593.37097834423184 81.210065650753677 727.79234245978296 2786.396053634584 1959.2073152387165 1088.9773471569642 518.87828128738329 2569.7616064129397 1280.8103149347007 8198.9652086578426 1431.2891210019588 2333.1690879538655
leaf_count=927 3826 318 1552 878 7611 24777 69582 3856 4662 6019 7013 100254 1722 3020
internal_value=0.000139991 0.000828508 -0.000406923 0.0248573 0.0368245 -0.00118101 0.000451219 -0.00156809 0.0083975 0.00291672 0.0233321 -0.00503039 -0.00297666 0.00717375
internal_weight=24591.4 23781.9 23002.4 674.581 779.584 22327.8 19541.4 17582.2 4529.77 4010.89 1441.13 13052.4 11963.4 3764.46
internal_count=236017 232191 224262 2430 7929 221832 197055 127473 18621 13959 7940 108852 104996 4742
is_linear=0
shrinkage=0.05


Tree=79
num_leaves=15
num_cat=0
split_feature=36 37 22 27 46 47 22 22 27 28 33 47 48 36
split_gain=134.463 221.149 139.966 906.32 363.912 270.99 223.578 434.288 461.825 407.672 380.837 361.688 699.867 345.233
threshold=0.85634920001029979 4.0689902305603036 6.7804884910583505 5.3771395683288583 0.95095664262771618 1.6661022305488589 6.7917830944061288 6.7962646484375009 3.4334666728973393 6.0149362087249765 3.5408543348312382 4.3502571582794198 0.78175547719001781 0.6601788103580476
decision_type=2 2 2 2 2 2 2 2 2 2 2 2 2 2
left_child=2 -2 3 -1 -5 -4 10 8 -8 11 -7 12 -9 -11
right_child=1 -3 5 4 -6 6 7 9 -10 13 -12 -13 -14 -15
leaf_value=-0.037626079017734695 0.031295311521580972 -0.0094730558829690878 0.043998417483382735 0.040886142862610733 -0.040512737560131573 -0.022302232971046051 -0.0032748254204687296 -0.0072572950765250367 0.043555560702671851 0.0025909338283401839 0.040885853869872618 -0.016234493357615277 0.028161531638710664 0.048044917537475591
leaf_weight=647.83882593188901 833.60040046367794 543.00488873571157 305.19700756669044 1347.1577250830596 144.76076263235882 2425.420922242105 1028.8353634662926 6671.8300945498049 1065.3527279496193 1183.139553591609 255.13907145895064 5618.018389236182 1752.6420480497181 636.77972503006458
leaf_count=9651 17240 6868 1799 125962 3247 20582 5095 11279 10362 3076 5563 9195 4452 1646
internal_value=0.000139064 0.0152618 -0.000769067 0.0113814 0.0327709 -0.00201537 -0.00271683 -0.000702411 0.0206424 -0.00353163 -0.0161583 -0.00642031 0.000135952 0.0186707
internal_weight=24458.7 1376.61 23082.1 2139.76 1491.92 20942.4 20637.2 17956.6 2094.19 15862.4 2680.56 14042.5 8424.47 1819.92
internal_count=236017 24108 211909 138860 129209 73049 71250 45105 15457 29648 26145 24926 15731 4722
is_linear=0
shrinkage=0.05


Tree=80
num_leaves=15
num_cat=0
split_feature=15 26 49 37 27 37 48 32 27 32 36 28 23 47
split_gain=132.922 137.214 142.793 161.267 276.949 122.856 150.742 238.483 119.104 164.813 112.403 122.465 241.63 156.348
threshold=0.014830446336418392 0.8862687647342683 0.26759566366672521 4.1908013820648202 3.4334666728973393 4.4365937709808358 0.93044501543045055 6.1643662452697763 6.3198649883270273 6.1441833972930917 0.85634920001029979 2.4414010047912602 5.1845848560333261 4.2835628986358651
decision_type=2 2 2 2 2 2 2 2 2 2 2 2 2 2
left_child=1 2 3 10 -5 6 -4 8 9 -8 11 12 13 -1
right_child=-2 -3 5 4 -6 -7 7 -9 -10 -11 -12 -13 -14 -15
leaf_value=0.012543080687066933 0.0045772389530129489 -0.024382355749697281 0.028769215017039003 -0.020219133518898629 0.033909518090992019 -0.0271172261047826 0.010886694048414575 -0.08115341293564507 0.034513884233599197 -0.060649634593260032 0.015243650166760121 -0.010112513463266158 0.045739889735809301 -0.013395499074910937
leaf_weight=970.04085985838901 9960.0157373514376 699.17462910199538 922.47116024489515 355.10732608288527 666.10448710713536 178.92200013436377 283.7267354929354 73.726529240608215 252.71298337727785 101.21189047396183 599.99089422571706 7548.1923766030231 276.4847261980176 1417.3534763106145
leaf_count=5128 102716 8886 40397 1005 8609 386 6257 95 1173 540 11342 45237 2211 2035
internal_value=0.000142269 -0.00293801 -0.00182223 -0.00382607 0.0150737 0.0112075 0.0155439 -0.00176703 0.0085231 -0.00898177 -0.00562346 -0.00686318 0.0023473 -0.00284783
internal_weight=24305.2 14345.2 13646 11833.3 1021.21 1812.77 1633.85 711.378 637.652 384.939 10812.1 10212.1 2663.88 2387.39
internal_count=236017 133301 124415 75567 9614 48848 48462 8065 7970 6797 65953 54611 9374 7163
is_linear=0
shrinkage=0.05


Tree=81
num_leaves=15
num_cat=0
split_feature=21 26 54 26 48 37 36 29 47 22 32 23 27 38
split_gain=133.543 179.834 175.875 227.395 143.23 205.809 157.91 334.087 223.548 386.916 306.31 429.428 338.46 396.446
threshold=0.7435453236103059 0.42430609464645391 1.0000000180025095e-35 0.57172253727912914 0.485652506351471 1.0000000180025095e-35 0.48249898850917822 0.07074702158570291 4.3502571582794198 6.7929053306579599 4.0517470836639413 3.2769666910171513 5.482717990875245 1.8688347935676577
decision_type=2 2 2 2 2 2 2 2 2 2 2 2 2 2
left_child=-1 -2 3 -3 5 -5 7 -6 9 -8 11 -11 13 -12
right_child=1 2 -4 4 6 -7 8 -9 -10 10 12 -13 -14 -15
leaf_value=-0.012061679641068579 0.04808704156002308 0.030746244000201841 -0.022455104243917282 -0.029363764929416732 -0.024440521308883276 0.0024311404310812072 -0.0089548489891825584 0.011911225666770525 -0.0012472138019294409 0.011612105686038285 -0.035956823661387874 0.050615325114537847 0.018875391949407738 0.050512422122108304
leaf_weight=2043.7672879848978 193.19742487557232 642.61738045234233 772.05565536394715 908.29969554906711 1505.086787421722 1138.6848037423333 1847.5140800573863 1076.3613155012717 8920.9152571317973 1641.8561935089529 718.7257287055254 1238.4084727540612 1444.448093470186 152.8522571772337
leaf_count=90015 4118 4116 5780 2482 4518 2550 28662 4676 73372 3705 1458 7072 2659 834
internal_value=0.000136724 0.0012646 0.000831914 0.00168872 0.000767482 -0.0117512 0.00215479 -0.00929581 0.00401098 0.0106628 0.0176415 0.0284992 0.00407419 -0.0203914
internal_weight=24244.8 22201 22007.8 21235.8 20593.2 2046.98 18546.2 2581.45 15964.7 7043.8 5196.29 2880.26 2316.03 871.578
internal_count=236017 146002 141884 136104 131988 5032 126956 9194 117762 44390 15728 10777 4951 2292
is_linear=0
shrinkage=0.05


Tree=82
num_leaves=15
num_cat=0
split_feature=1 26 48 22 48 42 31 28 28 37 33 33 32 37
split_gain=126.851 158.241 121.678 270.634 326.123 240.316 236.416 322.825 336.508 397.478 294.665 246.264 232.355 228.738
threshold=0.0092167854309082049 0.9403514862060548 0.78175547719001781 6.8007264137268075 1.0000001788139345 1.7005987167358401 0.66450217366218578 6.0149362087249765 5.9826753139495858 1.0000000180025095e-35 1.2424533367156985 4.0342013835906991 1.8688347935676577 4.1908013820648202
decision_type=2 2 2 2 2 2 2 2 2 2 2 2 2 2
left_child=1 2 5 13 -5 6 -1 8 12 -10 -11 -9 -8 -4
right_child=-2 -3 3 4 -6 -7 7 11 9 10 -12 -13 -14 -15
leaf_value=0.0059225335376177938 0.0077877830689927433 -0.067072694056456036 -0.0031727812404471613 0.03050974617533447 -0.022869932112530175 0.039780840876113138 0.046557177025302265 0.035718869822744852 0.021589633824047313 -0.18587011908004006 -0.043887570887254895 -0.014081239154494605 -0.01416637560991884 0.04354213002126768
leaf_weight=2941.443134466419 4414.3944802036858 81.803944385610521 6792.0297640083591 1467.1819726154208 347.07304894924164 283.67514715762809 152.11955958232284 597.13027167320251 71.674580376595259 70.733537878841162 81.784690593369305 412.68578695878386 6157.5511601243634 262.54803105071187
leaf_count=75939 43108 1732 79319 2129 131 3894 722 2538 231 203 182 749 20579 4561
internal_value=0.000136215 -0.00157975 -0.00127292 0.00306213 0.0202286 -0.00484267 -0.00608671 -0.010771 -0.0148375 -0.0737462 -0.11712 0.0154283 -0.012631 -0.00137503
internal_weight=24133.8 19719.4 19637.6 8868.83 1814.26 10768.8 10485.1 7543.68 6533.86 224.193 152.518 1009.82 6309.67 7054.58
internal_count=236017 192909 191177 86140 2260 105037 101143 25204 21917 616 385 3287 21301 83880
is_linear=0
shrinkage=0.05


Tree=83
num_leaves=15
num_cat=0
split_feature=0 27 32 37 28 32 32 49 27 28 31 31 37 26
split_gain=124.569 152.124 165.883 213.954 153.748 147.212 401.14 275.855 278.53 269.047 249.456 237.139 331.308 309.308
threshold=0.0084389690309762972 2.9700856208801274 1.8688347935676577 4.4365937709808358 1.0000000180025095e-35 6.1516542434692392 6.1441833972930917 0.43907824158668524 6.3234620094299325 6.01249122619629 0.95194104313850414 0.64733895659446727 4.1908013820648202 0.6046043634414674
decision_type=2 2 2 2 2 2 2 2 2 2 2 2 2 2
left_child=1 4 3 -3 -1 6 7 8 11 -7 -9 13 -13 -4
right_child=-2 2 5 -5 -6 9 -8 10 -10 -11 -12 12 -14 -15
leaf_value=-0.036611486147294557 0.0068740568886020139 0.043420750752795161 -0.002308467008803754 -0.0096804183769804222 0.044914319954812487 -0.024364793576388242 -0.056690766854677138 0.033027980744519625 -0.033219139926619921 0.01920698829814561 -0.074595617468292671 -0.00744590370073885 0.035226365880471101 0.034058384394239812
leaf_weight=491.06517369998619 5323.7346480961423 449.8390208221972 1532.5686125117936 317.657132178545 56.809069450944662 437.39321839623153 339.34100354462862 760.14442941604648 767.09740573167801 1705.2299826499075 48.542336126789451 10437.333891089715 465.7556573022157 934.1713341306895
leaf_count=1466 52142 3783 13917 885 776 959 2076 48486 1330 5661 933 56698 7928 38977
internal_value=0.000131848 -0.00178585 -0.000996748 0.021601 -0.0275045 -0.00200375 -0.00372569 -0.00248602 -0.00411745 0.0102404 0.0257355 -0.00242415 -0.00559243 0.0115458
internal_weight=24066.7 18742.9 18195.1 767.496 547.874 17427.6 15285 14945.6 14136.9 2142.62 808.687 13369.8 10903.1 2466.74
internal_count=236017 183875 181633 4668 2242 176965 170345 168269 118850 6620 49419 117520 64626 52894
is_linear=0
shrinkage=0.05


Tree=84
num_leaves=15
num_cat=0
split_feature=21 23 22 23 36 33 27 32 32 27 27 44 26 48
split_gain=122.172 184.656 171.541 287.467 157.537 167.946 152.421 213.993 304.193 198.169 175.122 159.821 157.702 196.772
threshold=0.77448859810829174 2.6020033359527592 6.7804884910583505 4.8789997100830087 0.20714285969734195 1.2424533367156985 6.325254201889039 6.1441833972930917 6.0821251869201669 6.3234620094299325 6.3198649883270273 0.087897766381502165 0.78193750977516185 0.78175547719001781
decision_type=2 2 2 2 2 2 2 2 2 2 2 2 2 2
left_child=2 -2 3 -1 5 -3 7 8 9 10 12 -8 13 -6
right_child=1 4 -4 -5 6 -7 11 -9 -10 -11 -12 -13 -14 -15
leaf_value=-0.030604276131351821 0.032750433661124727 0.050055673463551081 -0.01041118201317485 0.042516073619444594 -0.0022692001494906801 -0.036817688617438962 0.040143778673609999 -0.03607256483924267 0.043416816430413931 -0.036374768160691288 0.053606667540660319 0.0062577022321192062 -0.0077355708426747093 0.013295522512942783
leaf_weight=193.36273964121938 463.95129872858524 284.31031449441798 4282.5451419930905 391.84700138564222 5991.2140008975985 60.897828452289104 411.43433130905032 420.14775540679693 377.62246670294553 385.35238406062126 138.0364970639348 2028.4885790031403 5483.1147471652948 3059.881287532975
leaf_count=6081 5273 1151 14991 92504 25186 97 1811 2917 11709 1086 919 5230 48952 18110
internal_value=0.000127665 0.00193 -0.00693542 0.0182477 0.00114575 0.0341254 0.000505168 -0.00128752 -0.000317926 -0.00144282 -0.000501212 0.0121123 -0.0010516 0.00300159
internal_weight=23972.2 19104.5 4867.75 585.21 18640.5 345.208 18295.3 15855.4 15435.2 15057.6 14672.2 2439.92 14534.2 9051.1
internal_count=236017 122441 113576 98585 117168 1248 115920 108879 105962 94253 93167 7041 92248 43296
is_linear=0
shrinkage=0.05


Tree=85
num_leaves=15
num_cat=0
split_feature=22 42 37 47 23 18 29 48 27 32 48 42 41 43
split_gain=115.928 432.729 811.647 484.2 400.409 342.892 332.996 280.261 268.538 303.49 246.476 218.468 353.094 200.053
threshold=6.8007264137268075 1.0000000180025095e-35 0.89587974548339855 4.3630783557891855 6.1452574729919442 6.5715825557708749 0.19861455261707309 0.7954605519771577 6.3306114673614511 6.1622610092163095 0.20174387842416766 1.0000000180025095e-35 0.90454545617103588 6.0222353935241708
decision_type=2 2 2 2 2 2 2 2 2 2 2 2 2 2
left_child=8 3 -3 -2 5 -5 -4 -7 9 11 -11 -1 -13 -10
right_child=1 2 6 4 -6 7 -8 -9 13 10 -12 12 -14 -15
leaf_value=-0.0050465709869058802 0.030938521559376105 0.025012157714461122 -0.049722123535055146 -0.037568869303851421 0.036695518009429169 -0.028794110861043123 0.013114674332055069 0.026782228214982013 0.015116489070603034 -0.029014391599952418 0.054700734078647943 0.021273562769953427 -0.017801635321914189 -0.078564774659431416
leaf_weight=13641.685450628633 2244.0579189583659 857.81287598609924 1049.0488013029099 783.40321273356676 510.883903875947 345.50118744373322 258.71762210130692 617.90975851565599 76.670782305300236 105.53366810083389 393.49824961647391 2026.9944967981428 798.56801871210337 183.89803594537079
leaf_count=200098 3774 957 693 716 1266 276 131 574 390 523 1354 20987 3826 452
internal_value=0.000127117 0.00572031 -0.0126073 0.0145452 -0.00181359 -0.013221 -0.0372858 0.00676023 -0.00203969 -0.00125083 0.0367747 -0.00242479 0.0102062 -0.0514597
internal_weight=23894.2 6667.34 2165.58 4501.76 2257.7 1746.81 1307.77 963.411 17226.8 16966.3 499.032 16467.2 2825.56 260.569
internal_count=236017 8387 1781 6606 2832 1566 824 850 227630 226788 1877 224911 24813 842
is_linear=0
shrinkage=0.05


Tree=86
num_leaves=15
num_cat=0
split_feature=18 0 32 32 28 49 31 37 27 36 33 33 44 27
split_gain=116.986 117.682 117.009 368.375 241.168 221.66 215.208 194.339 303.934 167.627 225.135 166.411 206.488 192.218
threshold=5.3254430294036874 0.0084389690309762972 6.1516542434692392 6.1441833972930917 6.01249122619629 0.45243036746978765 0.95194104313850414 4.1908013820648202 3.4334666728973393 0.20714285969734195 1.2424533367156985 4.0342013835906991 0.63744035363197338 6.3306114673614511
decision_type=2 2 2 2 2 2 2 2 2 2 2 2 2 2
left_child=-1 2 3 5 -4 7 -7 9 -9 10 -2 13 -13 -6
right_child=1 -3 4 -5 11 6 -8 8 -10 -11 -12 12 -14 -15
leaf_value=-0.04181110583046254 0.048653030700478349 0.0070170075572193596 -0.022948217978917537 -0.054957422192353368 0.040256066038670817 0.030918629327853654 -0.069522732162950587 -0.013949543393758293 0.039785884894032154 -0.0056377725265053203 -0.039140731984735042 0.043460945990747492 -0.031773034695616695 -0.0017466533981870429
leaf_weight=155.15069671650417 289.93349572201259 5243.9416125694406 441.44197076000273 322.98917796462774 865.99176401644945 734.98654069524491 48.094288856722414 446.00055523216724 618.00905263144523 13717.375727658859 88.223253755713813 121.11441023647785 291.17803168296814 394.12627023085952
leaf_count=1278 1362 52060 958 2076 3854 47105 909 1250 10958 112200 200 326 388 1093
internal_value=0.00012465 0.000417645 -0.00146805 -0.00290766 0.00957098 -0.00181937 0.023951 -0.00316547 0.0173415 -0.00472465 0.0276902 0.01824 -0.00916659 0.0272086
internal_weight=23778.6 23623.4 18379.5 16265.6 2113.85 15942.6 783.081 15159.5 1064.01 14095.5 378.157 1672.41 412.292 1260.12
internal_count=236017 234739 182679 176060 6619 173984 48014 125970 12208 113762 1562 5661 714 4947
is_linear=0
shrinkage=0.05


Tree=87
num_leaves=15
num_cat=0
split_feature=36 37 22 27 31 47 22 22 27 33 28 36 47 48
split_gain=113.452 195.942 134.059 786.491 308.751 224.051 184.011 372.242 386.717 300.751 299.132 318.339 286.675 561.283
threshold=0.85634920001029979 4.0338881015777597 6.7804884910583505 5.3771395683288583 0.93068268895149242 1.6661022305488589 6.7917830944061288 6.7962646484375009 3.4334666728973393 3.5408543348312382 6.0149362087249765 0.6601788103580476 4.3502571582794198 0.78175547719001781
decision_type=2 2 2 2 2 2 2 2 2 2 2 2 2 2
left_child=2 -2 3 -1 -5 -4 9 8 -8 -7 12 -12 13 -9
right_child=1 -3 5 4 -6 6 7 10 -10 -11 11 -13 -14 -15
leaf_value=-0.035176409783690764 0.031143308351354981 -0.0074300763352163519 0.042457504751053921 0.045541357544028181 -0.0074767236459457945 -0.020231335543030388 -0.0019603461272165693 -0.006451713985036924 0.041809088601205524 0.038482094199356609 0.00097731090194645796 0.046403715803964199 -0.014565539597129454 0.026106057292558962
leaf_weight=619.64849606005009 742.18687581457198 579.81315832870314 270.14642329886556 1054.2846806463203 366.64878226490691 2381.9369206726551 1028.6683447342366 6522.3977333679795 979.03809287399054 230.77069677039981 1147.5797339975834 571.22529588639736 5556.6703437305987 1650.2049459442496
leaf_count=9651 16846 7262 1799 119373 9836 20582 5095 11279 10362 5563 3076 1646 9195 4452
internal_value=0.000120052 0.0142967 -0.000723413 0.0114622 0.0319043 -0.00195103 -0.00256967 -0.000713873 0.0194848 -0.0149184 -0.0033499 0.0162553 -0.00581438 0.000146194
internal_weight=23701.2 1322 22379.2 2040.58 1420.93 20338.6 20068.5 17455.8 2007.71 2612.71 15448.1 1718.81 13729.3 8172.6
internal_count=236017 24108 211909 138860 129209 73049 71250 45105 15457 26145 29648 4722 24926 15731
is_linear=0
shrinkage=0.05


Tree=88
num_leaves=15
num_cat=0
split_feature=22 42 37 47 23 29 18 48 27 47 31 43 49 31
split_gain=115.362 394.3 742.774 437.738 353.886 316.085 306.231 252.261 234.646 290.722 178.498 172.53 172.154 344.093
threshold=6.8007264137268075 1.0000000180025095e-35 0.89587974548339855 4.3630783557891855 6.1452574729919442 0.14788006246089938 6.5715825557708749 0.7954605519771577 6.3306114673614511 6.1954247951507577 0.80825093388557445 6.0222353935241708 0.51140424609184276 0.88107022643089306
decision_type=2 2 2 2 2 2 2 2 2 2 2 2 2 2
left_child=8 3 -3 -2 6 -4 -5 -8 9 12 -9 -10 -1 -14
right_child=1 2 5 4 -6 -7 7 10 11 -11 -12 -13 13 -15
leaf_value=-0.0040646845338203263 0.030045508804455071 0.024324772690473263 -0.049947572296913559 -0.034700251274706745 0.035851242138779008 0.0075612562633158298 -0.026481661273732245 0.042707417712282481 0.014949445156675279 0.045631618302669145 -0.016472937567719319 -0.071841428485171596 0.025173753823087876 -0.021916534928906467
leaf_weight=14531.928674050025 2193.8799318522215 842.26529467105865 963.39052838087082 790.6570070758462 488.86779369413853 313.48180615901947 347.34565959125757 442.96880784630775 75.705152863636613 313.75163544714451 171.04452405124903 191.93643552809954 1363.9571958002634 531.78976023616269
leaf_count=165525 3774 957 664 716 1266 160 276 414 390 763 160 452 55370 5130
internal_value=0.000124266 0.00575527 -0.0119492 0.0142231 -0.00133205 -0.0358797 -0.0118519 0.00710313 -0.00204757 -0.00129073 0.0262219 -0.0476375 -0.00221411 0.0119184
internal_weight=23563 6553.9 2119.14 4434.76 2240.88 1276.87 1752.02 961.359 17009.1 16741.4 614.013 267.642 16427.7 1895.75
internal_count=236017 8387 1781 6606 2832 824 1566 850 227630 226788 574 842 226025 60500
is_linear=0
shrinkage=0.05


Tree=89
num_leaves=15
num_cat=0
split_feature=21 46 33 37 34 44 31 27 37 22 47 37 22 37
split_gain=110.015 157.926 195.315 144.619 138.302 157.294 147.37 138.197 129.208 503.698 353.951 256.191 239.327 436.443
threshold=0.7435453236103059 0.49852071702480322 1.4978661537170412 4.49422311782837 0.55841580033302318 0.89495587348937999 0.88323968648910534 5.482717990875245 1.2424533367156985 6.7804884910583505 4.1266138553619394 1.8688347935676577 6.8007264137268075 0.89587974548339855
decision_type=2 2 2 2 2 2 2 2 2 2 2 2 2 2
left_child=-1 2 -2 4 5 8 7 -6 9 -3 -10 -12 -11 -14
right_child=1 3 -4 -5 6 -7 -8 -9 10 12 11 -13 13 -15
leaf_value=-0.011055486487273157 0.045066922974788565 0.032522956867593752 -0.0053104006847570669 0.038073534786572286 -0.012569238151746194 -0.034479934560846054 -0.0143143516287684 0.027253218080210931 -0.01814190679267386 -0.011379397515599609 0.048135371107887515 0.0082538770904789054 0.012368014595713185 -0.025703239902079112
leaf_weight=2002.7173191951006 433.30438353959471 892.42939940915676 336.56359537341632 240.81016683252528 259.49891973193735 343.05649585928768 385.86662267893553 1199.8111530197784 1198.5182137973607 7801.8117105849087 442.3488930669846 3741.3432462376659 3199.3561982512474 973.61284494400024
leaf_count=90015 5309 35888 1237 4087 1469 1904 2839 11066 14882 25405 2408 35380 3535 593
internal_value=0.000121867 0.00117021 0.0232577 0.000337034 -0.000126005 -0.00142421 0.0128922 0.0201345 -0.000784276 -0.00350485 0.00571422 0.0125753 -0.00621475 0.00344524
internal_weight=23451 21448.3 769.868 20678.5 20437.7 18592.5 1845.18 1459.31 18249.4 12867.2 5382.21 4183.69 11974.8 4172.97
internal_count=236017 146002 6546 139456 135369 119995 15374 12535 118091 65421 52670 37788 29533 4128
is_linear=0
shrinkage=0.05


Tree=90
num_leaves=15
num_cat=0
split_feature=1 26 48 42 22 48 31 28 28 37 36 33 33 44
split_gain=110.435 130.399 103.772 216.275 212.362 276.346 202.294 256.279 262.342 329.798 300.94 210.311 209.757 199.176
threshold=0.0093898782506585139 0.9403514862060548 0.78175547719001781 1.7005987167358401 6.8007264137268075 1.0000001788139345 0.70064935088157665 6.0149362087249765 5.9826753139495858 1.0000000180025095e-35 0.602197825908661 4.0342013835906991 1.2424533367156985 0.63744035363197338
decision_type=2 2 2 2 2 2 2 2 2 2 2 2 2 2
left_child=1 2 3 6 -4 -6 -1 8 10 -10 -8 -9 -11 -13
right_child=-2 -3 4 -5 5 -7 7 11 9 12 -12 13 -14 -15
leaf_value=0.0029451818675045225 0.0075748628445409145 -0.060821570830167704 -0.0010472434816862785 0.038908833820242919 0.028487227751590401 -0.021017205262196817 -0.019040447251090078 0.032878290050098943 0.021162184422899574 -0.15777508872583873 0.012425588403119605 0.040106555297060115 -0.04009301640646476 -0.035286405715791447
leaf_weight=4091.7783429038245 4088.0442483942606 82.087879345752299 6889.496027089539 269.48777980450541 1381.3916920050979 345.72563755512238 4081.8507438241504 535.13911160454154 71.208452861756086 79.987549416720867 925.80637179408222 112.85598299885169 81.169689879287034 299.53297755122185
leaf_count=81718 41312 1748 84709 3925 2146 132 10325 2565 232 203 6064 336 183 419
internal_value=0.00012175 -0.00146435 -0.00117853 -0.00450182 0.00289048 0.0185137 -0.00567661 -0.0113737 -0.0156985 -0.0665709 -0.0132099 0.0124574 -0.104308 -0.014193
internal_weight=23335.6 19247.5 19165.4 10548.8 8616.61 1727.12 10279.3 6187.55 5240.02 232.366 5007.66 947.528 161.157 412.389
internal_count=236017 194705 192957 105970 86987 2278 102045 20327 17007 618 16389 3320 386 755
is_linear=0
shrinkage=0.05


Tree=91
num_leaves=15
num_cat=0
split_feature=18 28 27 47 22 36 54 27 22 47 22 36 37 46
split_gain=105.549 113.136 409.112 229.266 293.385 167.259 158.457 189.582 374.335 356.162 330.552 445.278 446.636 267.121
threshold=5.3254430294036874 2.4414010047912602 3.4334666728973393 4.2835628986358651 6.8007264137268075 0.6601788103580476 1.0000000180025095e-35 5.4722616672515878 6.7929053306579599 4.1666352748870858 6.7804884910583505 0.70511272549629223 2.4414010047912602 0.95095664262771618
decision_type=2 2 2 2 2 2 2 2 2 2 2 2 2 2
left_child=-1 2 3 4 -2 -6 7 8 -3 -9 13 -12 -13 -11
right_child=1 6 -4 -5 5 -7 -8 9 -10 10 11 12 -14 -15
leaf_value=-0.040234643745046768 0.048658064480827684 -0.0030556839655571794 0.034788292405746157 -0.0098835423372603468 -0.011912022233579886 0.038221863037711627 -0.023609743593009099 0.043589605154793376 0.029312670128967828 0.032726964389780296 -0.010243701453563575 0.037484892500511846 -0.021869218713815499 -0.036770957204359168
leaf_weight=150.94856677530333 443.8083487637341 2290.4167815844994 1041.7233899454586 2374.9383463189006 716.8459135144949 205.75059053301811 758.77132148109376 386.53326610475779 1452.5166673958302 898.26683229400078 10942.891327511519 1007.6685811057687 452.48063345625997 154.50695731956512
leaf_count=1278 3528 43909 10807 3777 1208 326 5889 1755 8068 114718 30428 5755 1137 3434
internal_value=0.000115758 0.000396397 0.00723663 -0.000507023 0.0157436 -0.000441579 -0.00139011 -0.000418502 0.00955011 -0.00311894 -0.00449206 -0.00678037 0.0190682 0.0222773
internal_weight=23278.1 23127.1 4783.07 3741.34 1366.4 922.597 18344.1 17585.3 3742.93 13842.3 13455.8 12403 1460.15 1052.77
internal_count=236017 234739 19646 8839 5062 1534 215093 209204 51977 157227 155472 37320 6892 118152
is_linear=0
shrinkage=0.05


Tree=92
num_leaves=15
num_cat=0
split_feature=21 23 22 23 36 33 48 37 43 27 22 48 27 27
split_gain=104.778 159.676 134.328 239.767 128.918 141.346 124.141 215.924 160.415 203.435 156.379 130.42 124.875 202.725
threshold=0.77448859810829174 2.6020033359527592 6.7804884910583505 4.8789997100830087 0.20714285969734195 1.2424533367156985 0.485652506351471 0.89587974548339855 6.0222353935241708 5.478551149368287 6.7996129989624032 0.22524563223123553 6.325254201889039 6.3135464191436776
decision_type=2 2 2 2 2 2 2 2 2 2 2 2 2 2
left_child=2 -2 3 -1 5 -3 7 8 9 10 -6 -10 13 -8
right_child=1 4 -4 -5 6 -7 12 -9 11 -11 -12 -13 -14 -15
leaf_value=-0.028315588037937517 0.031466597932595056 0.049089082378268478 -0.0095411341230871045 0.040736923758583898 0.041036695543991204 -0.032534163202967502 0.0021545784893592266 0.010450277747707935 -0.039928542878029313 -0.071598107430525526 -0.026428991094970114 0.044721896661593867 0.013766823185252117 -0.019918160159281367
leaf_weight=184.35011483717244 433.32120063900948 246.7943630896043 4185.8761284053326 350.67515287967399 87.493581613642164 59.34136475995183 12585.44742299174 731.15400917315856 57.907854095101357 230.58165704086423 772.32383900880814 132.03217163681984 1969.379414761439 1123.8950841128826
leaf_count=6081 5273 1151 14991 92504 1215 97 97127 2943 336 270 777 241 6075 6936
internal_value=0.000118468 0.00182148 -0.00651964 0.016861 0.0010906 0.0327386 0.000524733 -0.0111376 -0.0234511 -0.0308074 -0.0191709 0.0182079 0.0020271 0.000331851
internal_weight=23150.6 18429.7 4720.9 535.025 17996.4 306.136 17690.2 2011.49 1280.34 1090.4 859.817 189.94 15678.7 13709.3
internal_count=236017 122441 113576 98585 117168 1248 115920 5782 2839 2262 1992 577 110138 104063
is_linear=0
shrinkage=0.05


Tree=93
num_leaves=15
num_cat=0
split_feature=0 27 32 37 28 32 27 47 36 36 22 22 43 27
split_gain=102.86 120.495 138.83 181.749 127.095 107.254 246.289 112.337 191.366 190.722 239.33 222.63 179.001 162.04
threshold=0.0084389690309762972 2.9700856208801274 1.8688347935676577 4.4365937709808358 1.0000000180025095e-35 2.0126758217811589 3.0201274156570439 4.1971738338470468 0.48249898850917822 0.79163843393325817 6.7804884910583505 6.7580702304840097 4.3107767105102548 5.4722616672515878
decision_type=2 2 2 2 2 2 2 2 2 2 2 2 2 2
left_child=1 4 3 -3 -1 -4 -7 8 -8 10 11 -9 -11 -12
right_child=-2 2 5 -5 -6 6 7 9 -10 12 13 -13 -14 -15
leaf_value=-0.033424903705580926 0.0063523629819189648 0.042063524652791784 -0.025281237915917368 -0.0078444833375151922 0.044045232233349454 0.047000775808857004 -0.049726824328090592 -0.0053404141889791274 -0.0065155612189051878 0.043678721364563543 0.007272238763090428 0.04471171192199553 -0.002485784475337525 -0.0069304488646407527
leaf_weight=468.95668603864033 5129.7382889679284 406.7360825650394 466.11560320854187 319.63161087036133 50.832859568297863 250.74843426793814 270.59246498905122 386.15211758122314 3015.0866903010756 459.53658187959809 2634.2577013364062 507.06268589571118 378.00083494384307 8350.3738649636507
leaf_count=1466 52142 3783 461 885 776 725 522 72841 24911 6353 16304 23037 7701 24110
internal_value=0.000114908 -0.00166877 -0.000954778 0.0202937 -0.0251603 -0.00188957 -0.00120354 -0.00198782 -0.0102143 0.000144274 -0.00148962 0.0232538 0.0230601 -0.00352094
internal_weight=23093.8 17964.1 17444.3 726.368 519.79 16717.9 16251.8 16001.1 3285.68 12715.4 11877.8 893.215 837.537 10984.6
internal_count=236017 183875 181633 4668 2242 176965 176504 175779 25433 150346 136292 95878 14054 40414
is_linear=0
shrinkage=0.05


Tree=94
num_leaves=15
num_cat=0
split_feature=22 42 37 47 49 24 18 44 27 47 37 43 46 47
split_gain=101.393 335.939 650.881 422.417 326.208 293.208 269.805 263.796 212.19 264.547 170.808 155.542 358.551 229.001
threshold=6.8007264137268075 1.0000000180025095e-35 0.89587974548339855 4.3630783557891855 0.20929173380136493 0.19966668635606769 6.5687797069549569 0.21984416991472247 6.3306114673614511 6.1954247951507577 1.0000000180025095e-35 3.5694335699081425 0.52682712674140941 4.1266138553619394
decision_type=2 2 2 2 2 2 2 2 2 2 2 2 2 2
left_child=8 3 10 -2 6 -4 -5 -8 9 11 -3 12 -1 -13
right_child=1 2 5 4 -6 -7 7 -9 -10 -11 -12 13 -14 -15
leaf_value=-0.0033562877436781021 0.029298043799923963 0.0077919491337897903 -0.044606635784115424 -0.033641014291606021 0.037120670227680883 0.02114216191908307 0.026218451725497138 -0.025656161703788767 -0.044959606719347886 0.044663768421200109 0.056955671731609314 -0.031389641502417666 0.051872375745004112 -0.0021636135334643682
leaf_weight=925.07671787776053 2113.6914323121309 569.85309287905693 1033.48055768013 763.52659895271063 419.292121745646 196.26768982410431 605.59132912009954 397.49658809602261 271.72313892096281 298.60195690393448 248.67078700661659 693.9414609503001 419.94874585978687 14059.270621170523
leaf_count=15878 3774 708 724 774 1013 100 634 411 842 763 249 8078 6940 195129
internal_value=0.000114151 0.00548677 -0.0111425 0.0134162 -0.00200444 -0.0340272 -0.0114471 0.00561161 -0.00193396 -0.00119399 0.0232352 -0.00207179 0.014143 -0.00355864
internal_weight=23016.4 6347.87 2048.27 4299.6 2185.91 1229.75 1766.61 1003.09 16668.6 16396.8 818.524 16098.2 1345.03 14753.2
internal_count=236017 8387 1781 6606 2832 824 1819 1045 227630 226788 957 226025 22818 203207
is_linear=0
shrinkage=0.05


Tree=95
num_leaves=15
num_cat=0
split_feature=1 31 28 26 44 49 48 36 33 37 27 32 22 28
split_gain=99.2007 114.093 98.6441 103.134 150.397 137.25 150.192 109.764 139.802 129.829 106.178 187.989 164.957 91.028
threshold=0.0092167854309082049 0.96480908989906322 6.0438191890716562 0.8862687647342683 0.28427083790302282 0.51140424609184276 0.91990056633949291 0.85634920001029979 4.0517470836639413 4.0689902305603036 6.3198649883270273 6.1643662452697763 6.7895333766937265 2.4414010047912602
decision_type=2 2 2 2 2 2 2 2 2 2 2 2 2 2
left_child=1 2 3 5 -5 7 -7 8 13 -9 12 -12 -8 -1
right_child=-2 -3 -4 4 -6 6 10 9 -10 -11 11 -13 -14 -15
leaf_value=0.0030826294361686272 0.0070586563817524473 -0.052749680201739736 0.031748567446414133 -0.0055020000521167891 -0.054261494154002193 0.032640130849291508 0.0069545864567547083 0.029711395560389126 0.036983867997281879 -0.0077631362080217833 0.042806720900290106 -0.028354559678864445 -0.055959665250387092 -0.005900346118538115
leaf_weight=3749.0822482110234 4190.2485712359776 97.739077576901764 215.17734185047448 566.26363684004173 210.89905851939693 608.8131784388097 269.45744626893429 554.55133240181021 204.61531127616763 385.54530143318698 259.17097087204456 133.19555348157883 157.9496102258563 11307.622304250894
leaf_count=15344 43108 1603 940 9052 2140 35803 7511 13000 2884 5010 1402 147 898 97175
internal_value=0.000113986 -0.00144343 -0.00114598 -0.00154754 -0.0192551 -0.000756489 0.0140453 -0.00206952 -0.00309421 0.0144227 8.66111e-06 0.0185455 -0.0170434 -0.00366305
internal_weight=22910.3 18720.1 18622.3 18407.2 777.163 17630 1428.59 16201.4 15261.3 940.097 819.774 392.367 427.407 15056.7
internal_count=236017 192909 191306 190366 11192 179174 45761 133413 115403 18010 9958 1549 8409 112519
is_linear=0
shrinkage=0.05


Tree=96
num_leaves=15
num_cat=0
split_feature=26 48 21 40 22 42 37 48 47 48 31 46 29 27
split_gain=97.8237 98.2543 247.91 213.477 134.853 414.906 601.399 286.357 265.709 335.115 361.473 333.615 199.951 192.927
threshold=0.21933252364397052 1.0000001788139345 0.80592811107635509 0.0041136140935122975 6.8007264137268075 1.0000000180025095e-35 0.89587974548339855 0.55374526977539074 4.3630783557891855 0.86973613500595104 0.85729259252548229 0.88004064559936535 0.10244872048497201 6.3306114673614511
decision_type=2 2 2 2 2 2 2 2 2 2 2 2 2 2
left_child=-1 4 -3 -4 13 8 -7 12 -6 10 11 -10 -8 -2
right_child=1 2 3 -5 5 6 7 -9 9 -11 -12 -13 -14 -15
leaf_value=-0.03556748102086417 -0.00065267948998174851 -0.053492601191961447 0.063386724099927252 -0.020470628329477544 0.02932710214648156 0.022507028812694688 -0.036569466614100252 -0.061666564706922458 -0.03090589697869215 0.048914335735993388 0.040690458924768622 0.051757334405754196 0.016027075579828461 -0.041998107958630022
leaf_weight=180.53385379770771 16038.454519479477 273.10963026527315 111.3630701340735 193.80412457790226 2058.4039624482393 804.92029246687889 379.56480574607849 498.66927886009216 980.12866757810116 309.5496461763978 293.48679278790951 130.03927036374807 328.89125764369965 277.21006765030324
leaf_count=1338 222921 1300 312 1112 3765 957 269 386 927 631 947 147 169 836
internal_value=0.00010971 0.000409285 -0.0197585 0.0111712 0.000945716 0.00749888 -0.0108015 -0.0330144 0.0172644 0.00268501 -0.00778389 -0.0208475 -0.012269 -0.00138045
internal_weight=22858.1 22677.6 578.277 305.167 22099.3 5783.65 2012.05 1207.13 3771.61 1713.2 1403.65 1110.17 708.456 16315.7
internal_count=236017 234679 2724 1424 231955 8198 1781 824 6417 2652 2021 1074 438 223757
is_linear=0
shrinkage=0.05


Tree=97
num_leaves=15
num_cat=0
split_feature=34 44 37 37 55 44 33 27 27 0 32 31 32 36
split_gain=96.0295 182.886 150.903 150.063 278.812 189.754 120.492 118.014 295.378 114.116 128.193 174.47 126.989 110.332
threshold=0.55841580033302318 0.86706113815307628 3.0153425931930546 4.1908013820648202 1.0000000180025095e-35 0.63459643721580516 3.2573564052581792 6.3162615299224862 6.3135464191436776 0.0083683477714657801 3.4498615264892583 0.72176682949066173 3.6622449159622197 0.85634920001029979
decision_type=2 2 2 2 2 2 2 2 2 2 2 2 2 2
left_child=1 3 -3 9 5 6 -5 8 -2 13 11 -11 -12 -1
right_child=7 2 -4 4 -6 -7 -8 -9 -10 10 12 -13 -14 -15
leaf_value=-0.0045979274265994163 0.011385012888427365 0.00016757783523620496 -0.051115876891403789 -0.097542895982580868 -0.012960820619845215 -0.015828269517753756 0.041552263747221152 0.023096596669774417 -0.051247389251357051 0.030719218400872259 -0.042765350651872661 -0.00010268884159747506 0.0013768989560192825 0.01454337881276305
leaf_weight=13550.710238800733 1002.3514126907103 255.81998140923679 316.35580111155286 6.6758048846386364 593.91693729162216 183.51755030453205 859.44508213317022 958.37992337718606 221.24210929125547 933.9020558828488 167.01679745689034 893.86925839819014 2040.8614592325175 787.46363973297412
leaf_count=136884 13541 2981 694 50 1831 409 13776 4060 1522 4737 724 2844 34617 17347
internal_value=0.000106132 -0.000952618 -0.028578 -0.0001491 0.0142786 0.0296684 0.039379 0.0100555 -0.000263393 -0.00144674 0.00597105 0.0157273 -0.00214004 -0.00353727
internal_weight=22771.5 20589.6 572.176 20017.4 1643.56 1049.64 866.121 2181.97 1223.59 18373.8 4035.65 1827.77 2207.88 14338.2
internal_count=236017 216894 3675 213219 16066 14235 13826 19123 15063 197153 42922 7581 35341 154231
is_linear=0
shrinkage=0.05


Tree=98
num_leaves=15
num_cat=0
split_feature=21 26 36 33 48 37 26 37 45 34 39 22 27 27
split_gain=93.7724 134.608 135.841 169.598 147.371 120.186 118.385 117.674 121.848 116.133 150.736 151.889 123.555 278.678
threshold=0.7435453236103059 0.42430609464645391 0.20714285969734195 1.2424533367156985 0.15555221587419513 4.49422311782837 0.88999089598655712 4.5053346157073983 0.00030326207343023276 0.55500179529190075 0.54687646031379711 6.8007264137268075 6.325254201889039 6.2980260848999032
decision_type=2 2 2 2 2 2 2 2 2 2 2 2 2 2
left_child=7 -2 3 -3 -4 9 -7 8 -1 10 12 -12 13 -6
right_child=1 2 4 -5 5 6 -8 -9 -10 -11 11 -13 -14 -15
leaf_value=-0.027804694767143208 0.046295527785781748 0.049408071284854763 -0.038392907425957273 -0.024463335263801893 0.00091891357385733008 0.044769578658430523 -0.10048473615281957 -0.12427081897960213 -0.00070422274152839555 0.012280777926298664 -0.028660294648288905 0.019164121254450682 0.012985550155236961 -0.022079212119461768
leaf_weight=586.69668025703868 153.37269398849458 280.3210921214195 234.79976289451588 99.106823615729809 13802.287451562064 212.19420713814907 5.6730927987955502 12.460376826114951 1362.1512894902844 1803.5886583649553 838.86817294545472 198.91282556951046 1676.7476600259542 1446.1186381177977
leaf_count=5178 4118 1423 601 155 95969 3541 516 94 84743 16048 6798 346 4855 11632
internal_value=9.93221e-05 0.00108879 0.000729886 0.0299801 0.000166435 0.00063845 0.0367435 -0.0103223 -0.00896306 0.000222121 -0.000994801 -0.0193983 0.000144415 -0.00127521
internal_weight=22713.3 20752 20598.6 379.428 20219.2 19984.4 217.867 1961.31 1948.85 19766.5 17962.9 1037.78 16925.2 15248.4
internal_count=236017 146002 141884 1578 140306 139705 4057 90015 89921 135648 119600 7144 112456 107601
is_linear=0
shrinkage=0.05


Tree=99
num_leaves=15
num_cat=0
split_feature=15 37 44 27 46 33 27 33 26 32 21 47 48 47
split_gain=91.5525 94.9915 183.871 126.051 112.091 127.907 109.909 159.327 144.18 125.787 92.3288 87.9447 176.181 138.876
threshold=0.012987286783754827 4.4714918136596689 0.61927062273025524 6.325254201889039 0.68280956149101268 3.5972183942794804 3.0201274156570439 2.9174053668975835 0.54602593183517467 3.5114340782165532 0.76661053299903881 6.1954247951507577 0.78175547719001781 6.1695756912231454
decision_type=2 2 2 2 2 2 2 2 2 2 2 2 2 2
left_child=-1 3 -3 4 6 10 -2 8 9 -8 -6 13 -13 -12
right_child=1 2 -4 -5 5 -7 7 -9 -10 -11 11 12 -14 -15
leaf_value=-0.0028465538209477537 -0.015133472915127264 0.026428251809964654 -0.042848223896603671 0.019165345230594336 -0.0200073813985066 0.027602113658743793 0.025101813143288233 -0.010858490794512506 0.032688256046673601 -0.029733934107624895 0.00048687886310367723 -0.019798158664897661 0.044573815856574835 -0.026127119816252722
leaf_weight=12211.278373558016 315.74944468587637 136.28583620814607 274.21172554651275 1268.4312262032181 674.97234283288708 359.09545719082234 200.78110507875681 418.35275379300583 1140.3353368740063 197.62303749867715 4491.4283833918162 162.36293466389179 274.30954716354609 540.17037503421307
leaf_count=120182 706 1735 578 3904 7581 4097 2057 5040 47546 1410 38624 101 433 2023
internal_value=9.26581e-05 0.00352534 -0.0197668 0.00449604 0.00235623 -0.000988756 0.0118883 0.0163026 0.0237096 -0.00216076 -0.00270214 -0.000533457 0.0207317 -0.00241644
internal_weight=22665.4 10454.1 410.498 10043.6 8775.18 6502.34 2272.84 1957.09 1538.74 398.404 6143.24 5468.27 436.672 5031.6
internal_count=236017 115835 2313 113522 109618 52859 56759 56053 51013 3467 48762 41181 534 40647
is_linear=0
shrinkage=0.05


Tree=100
num_leaves=15
num_cat=0
split_feature=18 28 27 47 22 36 41 37 0 32 42 38 31 43
split_gain=87.1957 87.5747 348.477 195.354 267.89 148.094 144.027 300.918 164.943 138.498 200.879 171.868 157.589 146.88
threshold=5.3254430294036874 2.4414010047912602 3.4334666728973393 4.2835628986358651 6.8007264137268075 0.6601788103580476 0.65151515603065502 1.0000000180025095e-35 1.0000000180025095e-35 2.7403194904327397 1.4978661537170412 2.4337671995162968 0.59069263935089122 6.0695817470550546
decision_type=2 2 2 2 2 2 2 2 2 2 2 2 2 2
left_child=-1 2 3 4 -2 6 7 8 -6 -3 13 12 -12 -11
right_child=1 9 -4 -5 5 -7 -8 -9 -10 10 11 -13 -14 -15
leaf_value=-0.037355531786946089 0.047690778518593241 -0.023333413194896582 0.033027468832642827 -0.0092505766135411571 -0.13919638603295023 0.037052015972309095 0.013970631066260848 -0.0030122775895051043 -0.0092059655000216855 -0.0025333895896435246 -0.056645244544429402 -0.0089921926800442253 0.041757355088480795 0.024825647936162709
leaf_weight=144.40640068735229 411.4239435615018 671.85689753293991 965.52841723710299 2332.4401330277324 70.272944182157516 189.45732933282852 296.98633909225464 273.4582013040781 37.21222697198391 15754.032087740779 34.951098718680441 309.12009090930223 627.70011839037761 496.36873860144988
leaf_count=1278 3528 1150 10807 3777 214 326 439 451 104 201028 331 2481 8005 2098
internal_value=8.99251e-05 0.000347074 0.00651116 -0.000650049 0.0149866 -0.000892541 -0.0118812 -0.0318772 -0.0988068 -0.00123228 -0.000357047 0.0216067 0.0358022 -0.00168295
internal_weight=22615.2 22470.8 4576.78 3611.25 1278.81 867.387 677.93 380.943 107.485 17894 17222.2 971.771 662.651 16250.4
internal_count=236017 234739 19646 8839 5062 1534 1208 769 318 215093 213943 10817 8336 203126
is_linear=0
shrinkage=0.05


Tree=101
num_leaves=15
num_cat=0
split_feature=1 26 48 42 22 28 37 32 27 32 32 31 28 28
split_gain=84.9579 109.098 102.15 188.421 166.453 227.437 160.912 162.759 491.996 303.928 159.993 154.86 224.862 217.582
threshold=0.0093898782506585139 0.92678397893905651 0.78175547719001781 1.7005987167358401 6.8007264137268075 3.5694335699081425 4.1908013820648202 6.1516542434692392 6.3306114673614511 6.1441833972930917 6.0821251869201669 0.70064935088157665 6.0149362087249765 5.9826753139495858
decision_type=2 2 2 2 2 2 2 2 2 2 2 2 2 2
left_child=1 2 3 11 6 -6 7 9 -9 10 -4 -1 13 -13
right_child=-2 -3 4 -5 5 -7 -8 8 -10 -11 -12 12 -14 -15
leaf_value=0.0022838359303938007 0.0067480505777265977 -0.04322370325617788 -0.0044291950974428076 0.037603396269731602 0.036811280136386439 -0.00044843908661193764 0.04094685912493299 0.042266097278497207 -0.047413620231985469 -0.053047947168118163 0.028707659754801551 -0.012167309233916268 0.012545172395316249 -0.060242784213330194
leaf_weight=3932.3758963804576 3940.320941587328 144.08443630672991 4973.8708530217991 251.21449739858508 776.45851615071297 854.13291242718697 217.61895230668597 585.44665583223104 196.63215839490294 298.56458451598883 383.03220174461603 4865.4456293241819 894.57313594175503 238.29366405913606
leaf_count=81717 41312 2631 60426 3925 1164 1111 4576 3012 288 2121 13485 16388 3252 609
internal_value=8.79951e-05 -0.00132488 -0.000974773 -0.00432742 0.00314536 0.0174102 -0.00037057 -0.00182863 0.0194047 -0.00479399 -0.00201075 -0.0054249 -0.010474 -0.0145254
internal_weight=22552.1 18611.7 18467.7 10181.9 8285.76 1630.59 6655.17 6437.55 782.079 5655.47 5356.9 9930.69 5998.31 5103.74
internal_count=236017 194705 192074 105891 86183 2275 83908 79332 3300 76032 73911 101966 20249 16997
is_linear=0
shrinkage=0.05


Tree=102
num_leaves=15
num_cat=0
split_feature=26 48 21 24 22 42 37 48 47 48 28 46 29 43
split_gain=84.0105 85.0107 230.231 196.418 115.117 378.793 533.883 271.402 263.05 305.502 329.737 290.016 180.79 179.689
threshold=0.21933252364397052 1.0000001788139345 0.80655914545059215 0.051825124770402915 6.8007264137268075 1.0000000180025095e-35 0.89587974548339855 0.55374526977539074 4.3630783557891855 0.86973613500595104 6.01249122619629 0.88004064559936535 0.10244872048497201 3.5694335699081425
decision_type=2 2 2 2 2 2 2 2 2 2 2 2 2 2
left_child=-1 4 -3 -4 13 8 -7 12 -6 10 11 -10 -8 -2
right_child=1 2 3 -5 5 6 7 -9 9 -11 -12 -13 -14 -15
leaf_value=-0.033270356234379406 0.016963814819375454 -0.051373469034443543 0.048015855563700444 -0.030327532552782845 0.028548757727768118 0.021221501512898547 -0.03530625894296633 -0.060422738510924771 -0.028567049429694093 0.04788431194687983 0.043012505848069052 0.049615222257894429 0.015029842850045461 -0.0028104098991824718
leaf_weight=177.18766910000704 1235.0524427096825 268.2182807540521 159.86641420610249 141.96665076818317 2015.5455736294389 778.83866465091705 368.11230713129044 479.83903396129608 1007.7132460102439 285.44774616509676 248.17288300395012 125.06219920516014 329.60050320625305 14865.386227574141
leaf_count=1338 21962 1352 437 935 3765 957 269 386 968 631 897 156 169 201795
internal_value=8.64941e-05 0.000366219 -0.0185251 0.0113763 0.000869893 0.00701166 -0.0107317 -0.0318664 0.0164431 0.001718 -0.00810042 -0.0195768 -0.011651 -0.00128396
internal_weight=22486 22308.8 570.051 301.833 21738.8 5638.33 1956.39 1177.55 3681.94 1666.4 1380.95 1132.78 697.713 16100.4
internal_count=236017 234679 2724 1372 231955 8198 1781 824 6417 2652 2021 1124 438 223757
is_linear=0
shrinkage=0.05


Tree=103
num_leaves=15
num_cat=0
split_feature=34 44 37 55 44 37 49 33 48 27 22 24 31 22
split_gain=82.4301 151.285 129.284 256.463 153.409 119.197 134.537 112.001 105.59 146.134 141.353 140.441 99.8685 266.473
threshold=0.55841580033302318 0.84777307510375988 4.1908013820648202 1.0000000180025095e-35 0.63459643721580516 3.0153425931930546 0.048146639019250877 3.2573564052581792 0.91990056633949291 6.3162615299224862 6.7850186824798593 0.75876963138580333 0.64733895659446727 6.7962646484375009
decision_type=2 2 2 2 2 2 2 2 2 2 2 2 2 2
left_child=1 2 12 4 7 6 -3 -4 11 10 -10 -2 13 -1
right_child=8 5 3 -5 -6 -7 -8 -9 9 -11 -12 -13 -14 -15
leaf_value=0.024585474635026725 0.00066102262994972589 -0.064199924955476897 -0.091652753607463278 -0.012120705294262919 -0.014629001233815192 -0.044706177483257344 0.012375082835973697 0.040252052242261672 0.01054942222398862 0.017177535032791107 -0.046089054491234953 0.034014484351329248 -0.0031025311289273119 -0.0041897421341915144
leaf_weight=1258.6724325052928 587.43694701092318 61.590899206697941 7.2689166171476236 595.89380849897861 160.90130729740486 334.93481933977455 278.91206839960068 809.20016412460245 177.78446475416422 411.50897248089314 266.7443393021822 673.07477745134383 14581.169818232709 2192.8832326252013
leaf_count=101644 2203 90 50 1831 361 753 3738 13776 5623 1470 1657 8170 88776 5875
internal_value=8.45256e-05 -0.000897025 -8.97426e-05 0.0136097 0.0292612 -0.0239869 -0.00291244 0.037983 0.00945004 -0.00407994 -0.0237034 0.0185983 -0.00129183 0.00634437
internal_weight=22398 20281.4 19606 1573.26 977.37 675.438 340.503 816.469 2116.55 856.038 444.529 1260.51 18032.7 3451.56
internal_count=236017 216894 212313 16018 14187 4581 3828 13826 19123 8750 7280 10373 196295 107519
is_linear=0
shrinkage=0.05


Tree=104
num_leaves=15
num_cat=0
split_feature=21 31 46 46 49 36 33 37 22 48 37 43 27 22
split_gain=83.4255 174.87 164.366 165.963 120.316 115.948 160.121 108.531 136.524 109.138 311.42 173.523 194.637 183.25
threshold=0.70031708478927623 0.75987011194229137 0.426196038722992 0.48629879951477056 0.14369747787714007 0.20714285969734195 1.2424533367156985 4.49422311782837 6.7996129989624032 0.485652506351471 0.89587974548339855 6.0222353935241708 5.478551149368287 6.7996129989624032
decision_type=2 2 2 2 2 2 2 2 2 2 2 2 2 2
left_child=1 4 -2 -4 -1 6 -5 9 -9 10 11 12 13 -7
right_child=2 -3 3 5 -6 7 -8 8 -10 -11 -12 -13 -14 -15
leaf_value=-0.014257754165576914 -0.10745274625034967 -0.063139577616445883 0.041381677175320646 0.050508744863420191 0.035410665885527999 0.040191136633206483 -0.021773182869837968 -0.11393483033888391 0.042741355998974648 0.00094578146662971103 0.012094661113227725 0.013423932641206665 -0.061441630260094172 -0.026146957349281377
leaf_weight=627.01192916720174 25.064875918440521 144.77562730485806 240.09785450506024 240.79489389131777 140.93139147374313 108.32251997111598 103.54406166705303 5.3417757197748861 214.08843891695142 17954.917176923307 995.20314237067942 265.49668393656611 360.37628606706858 914.51790860295296
leaf_count=10108 161 1583 5840 1268 43158 3927 165 704 3638 158100 5259 730 443 933
internal_value=7.9139e-05 -0.0146418 0.000712716 0.000889512 -0.00480469 0.000410785 0.0287722 -7.19085e-05 0.0341275 -0.000452603 -0.00991685 -0.0231963 -0.0302712 -0.0188004
internal_weight=22340.5 912.719 21427.8 21402.7 767.943 21162.6 344.339 20818.3 219.43 20598.8 2643.92 1648.71 1383.22 1022.84
internal_count=236017 54849 181168 181007 53266 175167 1433 173734 4342 169392 11292 6033 5303 4860
is_linear=0
shrinkage=0.05


Tree=105
num_leaves=15
num_cat=0
split_feature=15 37 44 27 26 22 36 27 24 46 21 32 27 27
split_gain=80.314 87.3062 148.504 108.799 99.8648 154.973 163.742 132.398 88.5298 82.3406 80.4706 80.3622 113.56 189.67
threshold=0.012987286783754827 4.4714918136596689 0.86706113815307628 6.325254201889039 0.78193750977516185 6.7804884910583505 0.72627374529838573 6.2614262104034433 0.27559158205986029 0.94868934154510509 0.77908292412757885 4.4870557785034189 6.3234620094299325 6.3306114673614511
decision_type=2 2 2 2 2 2 2 2 2 2 2 2 2 2
left_child=9 3 -3 4 8 7 -7 -6 10 11 -2 12 -1 -14
right_child=1 2 -4 -5 5 6 -8 -9 -10 -11 -12 -13 13 -15
leaf_value=-0.0029382706727041096 -0.0050012699925577721 0.010163328587111227 -0.04994249419957697 0.018091142981173605 0.0014307497954234357 -0.015335349657835208 0.019344516577204887 0.045651862083941216 0.03940658585681335 -0.042793056055815973 0.0091997010518751442 0.0058729943670269126 -0.039089629516485515 0.034045227073961036
leaf_weight=8952.5669639803236 1365.8488741114852 204.24221073905937 191.29724104795605 1232.4129234384745 553.15576800925191 2252.9003229811788 391.80607783794403 234.32783587602898 188.42169328656746 116.70291674509645 3636.8291105334647 2410.7218398650875 468.48889642395079 100.65983710810542
leaf_count=52074 11172 1928 385 3904 13476 10497 2817 12032 40138 2393 19486 63834 1513 368
internal_value=7.36301e-05 0.00332502 -0.0194207 0.00425663 0.00226078 -0.00434894 -0.0101441 0.0149969 0.00663088 -0.00269307 0.00532026 -0.00226537 -0.00432986 -0.0257905
internal_weight=22300.4 10251.2 395.539 9855.7 8623.29 3432.19 2644.71 787.484 5191.1 12049.1 5002.68 11932.4 9521.72 569.149
internal_count=236017 115835 2313 113522 109618 38822 13314 25508 70796 120182 30658 117789 53955 1881
is_linear=0
shrinkage=0.05


Tree=106
num_leaves=15
num_cat=0
split_feature=21 23 22 23 36 33 48 37 43 27 22 48 22 47
split_gain=78.8927 120.345 106.729 201.163 100.372 113.631 100.502 164.128 104.771 160.268 119.957 112.626 92.8325 212.299
threshold=0.77448859810829174 2.6020033359527592 6.7804884910583505 4.8789997100830087 0.20714285969734195 1.2424533367156985 0.485652506351471 0.89587974548339855 6.0222353935241708 5.478551149368287 6.7996129989624032 0.22524563223123553 6.7929053306579599 4.1666352748870858
decision_type=2 2 2 2 2 2 2 2 2 2 2 2 2 2
left_child=2 -2 3 -1 5 -3 7 8 9 10 -6 -10 -8 -14
right_child=1 4 -4 -5 6 -7 12 -9 11 -11 -12 -13 13 -15
leaf_value=-0.02610719675143662 0.028863395258009867 0.047929982229542416 -0.0084768074345657248 0.03914260579432996 0.039158263522452511 -0.02775080938503869 -0.0044883202145034025 0.008836861763904488 -0.037437874615487157 -0.063024418708291757 -0.022597499996776297 0.042420781463383316 0.03118495426027279 0.0024702249850267794
leaf_weight=175.68128318223171 385.20477643888444 205.60300264926627 4053.7799895070493 319.09172899991972 78.55209826992359 57.182466149330139 4166.8391400413238 712.7776299698744 59.606709852814674 231.02951419726014 751.48952043056488 113.02580502256751 676.94435506686568 10269.863476684317
leaf_count=6081 5273 1151 14991 92504 1215 97 80037 2943 336 270 777 241 3657 26444
internal_value=7.18745e-05 0.00158112 -0.00579438 0.0159158 0.000958145 0.0310481 0.000476737 -0.0101871 -0.021161 -0.0270112 -0.0163566 0.014307 0.00185596 0.00427277
internal_weight=22256.7 17708.1 4548.55 494.773 17322.9 262.785 17060.1 1946.48 1233.7 1061.07 830.042 172.633 15113.6 10946.8
internal_count=236017 122441 113576 98585 117168 1248 115920 5782 2839 2262 1992 577 110138 30101
is_linear=0
shrinkage=0.05


Tree=107
num_leaves=15
num_cat=0
split_feature=0 27 32 37 28 0 32 32 49 31 27 46 43 48
split_gain=77.2983 101.417 112.838 153.153 107.369 107.029 90.7688 247.956 182.619 227.847 212.728 135.377 156.29 177.36
threshold=0.0084389690309762972 2.9700856208801274 1.8688347935676577 4.4365937709808358 1.0000000180025095e-35 1.0000000180025095e-35 6.1516542434692392 6.1441833972930917 0.30869050323963171 0.95194104313850414 6.3234620094299325 0.84423640370368969 5.9902129173278817 0.78175547719001781
decision_type=2 2 2 2 2 2 2 2 2 2 2 2 2 2
left_child=1 4 3 -3 5 -1 7 8 10 -10 -4 12 -8 -14
right_child=-2 2 6 -5 -6 -7 11 -9 9 -11 -12 -13 13 -15
leaf_value=-0.041030078934596419 0.0056011274086065176 0.040551353024015607 -0.0022807763091221497 -0.0063120491002369595 0.043119876823997372 0.024636798401118046 0.020271185599128473 -0.049606711898285839 0.024167701484683991 -0.0646922510596218 -0.031350687169398046 0.015550219672621804 -0.065718603419167881 0.017207060999236377
leaf_weight=385.90760353120277 4910.9970990415313 365.64622162468731 12180.651450263802 320.93836587667465 45.811113962903619 66.6781562945107 179.6379623953253 270.74735431373119 980.10010317829438 68.272070170845836 653.77306272089481 1509.1943553406745 183.39399965666234 91.488544713705778
leaf_count=1295 52142 3783 101424 885 776 171 662 2076 64407 1241 1197 5394 290 274
internal_value=7.14333e-05 -0.00150042 -0.000834265 0.0188693 -0.0235022 -0.0310321 -0.0016848 -0.00308369 -0.00214133 0.0178244 -0.00378482 0.00836227 -0.0153256 -0.0384835
internal_weight=22213.2 17302.2 16803.8 686.585 498.397 452.586 16117.3 14153.5 13882.8 1048.37 12834.4 1963.71 454.521 274.883
internal_count=236017 183875 181633 4668 2242 1466 176965 170345 168269 65648 102621 6620 1226 564
is_linear=0
shrinkage=0.05


Tree=108
num_leaves=15
num_cat=0
split_feature=36 36 1 36 22 22 33 31 47 36 33 48 48 22
split_gain=76.3899 104.814 75.2499 71.3159 129.865 87.9138 554.372 182.451 156.361 165.36 294.579 136.553 229.226 134.383
threshold=0.10441888496279718 0.10912698507308961 0.015504807699471714 0.90054944157600414 6.7804884910583505 6.7804884910583505 0.89587974548339855 0.93068268895149242 1.6661022305488589 0.79163843393325817 2.3502402305603032 0.93355339765548717 0.94280996918678295 6.7973818778991708
decision_type=2 2 2 2 2 2 2 2 2 2 2 2 2 2
left_child=-1 -2 3 5 -5 6 7 -3 -7 -10 -11 -8 -13 -12
right_child=1 2 -4 4 -6 8 11 -9 9 10 13 12 -14 -15
leaf_value=-0.046515606956075393 0.043765446308784581 0.043613984103315601 0.023022739090637338 -0.030823756137901177 0.031247283672246041 0.039332482831104784 -0.0279648755891326 -0.0025159859919831004 -0.0033633372939119222 0.046530182736135559 0.029500271887748588 0.11600305520486094 -0.0077942571596486213 -0.041426797305291974
leaf_weight=77.660221159283537 127.53177507035434 867.41937774472171 338.67049395025242 98.266558506002184 388.18729465268552 216.93627913482487 786.04144179850118 282.24814876448363 18024.086508653127 432.38028486073017 91.315903656184673 35.661272557917982 200.75597066496266 191.57697903178632
leaf_count=883 670 114984 3584 2270 4202 1798 22593 7397 66711 2317 1324 891 5929 464
internal_value=6.73416e-05 0.000252158 -2.04289e-05 -0.000391958 0.0183403 -0.000831714 0.00867293 0.0323648 -0.00192481 -0.00242315 0.0209882 -0.0180221 0.0148292 -0.0183065
internal_weight=22158.7 22081.1 21953.5 21614.9 486.454 21128.4 2172.13 1149.67 18956.3 18739.4 715.273 1022.46 236.417 282.893
internal_count=236017 235134 234464 230880 6472 224408 151794 122381 72614 70816 4105 29413 6820 1788
is_linear=0
shrinkage=0.05


Tree=109
num_leaves=15
num_cat=0
split_feature=21 26 54 26 37 27 25 31 45 47 34 44 48 37
split_gain=76.2233 109.221 114.886 134.746 105.468 104.793 103.605 103.105 98.1713 87.2625 83.8845 125.312 98.3579 87.8974
threshold=0.7435453236103059 0.42430609464645391 1.0000000180025095e-35 0.57172253727912914 4.5053346157073983 3.6762205362319951 0.048437865450978286 0.66774892807006847 0.00030326207343023276 4.2193996906280526 0.55841580033302318 0.83824250102043163 0.91990056633949291 4.49422311782837
decision_type=2 2 2 2 2 2 2 2 2 2 2 2 2 2
left_child=4 -2 3 7 8 6 9 -3 -1 -4 11 13 -12 -5
right_child=1 2 5 10 -6 -7 -8 -9 -10 -11 12 -13 -14 -15
leaf_value=-0.025147779494583768 0.04496199030712681 0.039755844607179881 -0.019662815387203023 0.00017435344088275668 -0.11424947316582884 -0.046043386881570066 0.073126972608864443 -0.0093351021989919649 -0.00055981236382704632 0.045953644398664437 0.022941992583878346 -0.021385346172209357 -0.0021702944201790206 0.035469924384937963
leaf_weight=574.83301891328301 130.17241003457457 375.95249503478408 406.05752989463508 16411.241278303962 13.760347002651541 228.58997052907944 28.897792473435402 143.40192020870745 1328.8072647507652 48.111124880611897 863.7564485440962 667.44629509840161 701.28044809214771 168.3084508520551
leaf_count=5178 4118 3861 4928 108588 94 263 172 255 84743 417 7889 4707 7228 3576
internal_value=7.21142e-05 0.000979284 0.000671353 0.00140187 -0.0094279 -0.0189168 -0.00540691 0.0262808 -0.00807714 -0.0118716 0.000701427 -0.000307107 0.011747 0.000553824
internal_weight=22090.6 20173.2 20043 19331.4 1917.4 711.656 483.066 519.354 1903.64 454.169 18812 17247 1565.04 16579.5
internal_count=236017 146002 141884 136104 90015 5780 5517 4116 89921 5345 131988 116871 15117 112164
is_linear=0
shrinkage=0.05


Tree=110
num_leaves=15
num_cat=0
split_feature=48 21 40 18 22 48 42 48 47 28 48 28 27 47
split_gain=73.3411 217.544 182.726 102.321 100.143 341.355 310.08 415.222 416.343 332.582 186.882 185.536 175.17 224.595
threshold=1.0000001788139345 0.80655914545059215 0.0041136140935122975 6.620739459991456 6.8007264137268075 0.78175547719001781 1.0000000180025095e-35 0.77350080013275158 4.3630783557891855 6.01249122619629 0.77553617954254161 2.8029010295867924 6.3306114673614511 6.1954247951507577
decision_type=2 2 2 2 2 2 2 2 2 2 2 2 2 2
left_child=4 -2 -3 -4 12 6 7 8 -6 -10 -9 -8 13 -1
right_child=1 2 3 -5 5 -7 11 10 9 -11 -12 -13 -14 -15
leaf_value=-0.001574174468567308 -0.050159886557262348 0.059629496717574261 -0.037366602291872254 0.045112607493676522 0.029978341163166181 0.026607648609258773 -0.0064887122287641168 -0.11986234512741928 -0.031349968306863672 0.04096991247028034 -0.019554634005582518 -0.043883053740920518 -0.039924089364653151 0.043153344346876572
leaf_weight=15388.352045910549 260.64248236641288 110.68265512771904 148.76085017994046 40.095463450998068 1567.143816139549 1500.0322629064322 948.50285503268242 69.182005561888218 632.42924354225397 201.86244747787714 124.17956744134426 503.70630276203156 280.8147613434121 275.87948961555958
leaf_count=223473 1352 303 987 82 2896 2566 712 189 595 703 99 455 842 763
internal_value=7.05309e-05 -0.0176287 0.0113841 -0.0184677 0.000539838 0.00632013 -0.00124654 0.00910061 0.0148542 -0.0135737 -0.0595726 -0.0196705 -0.00147374 -0.000759402
internal_weight=22052.3 560.181 299.539 188.856 21492.1 5547.04 4047.01 2594.8 2401.44 834.292 193.362 1452.21 15945 15664.2
internal_count=236017 2724 1372 1069 233293 8215 5649 4482 4194 1298 288 1167 225078 224236
is_linear=0
shrinkage=0.05


Tree=111
num_leaves=15
num_cat=0
split_feature=46 26 31 31 22 22 18 36 33 25 31 47 26 48
split_gain=72.9751 153.825 119.62 133.569 148.875 103.109 127.088 117.187 156.856 101.874 97.7375 103.894 97.0446 99.369
threshold=0.426196038722992 0.52595189213752758 0.33873407542705541 0.37436868250370031 6.7996129989624032 6.5494942665100107 6.4289124011993417 0.20714285969734195 1.2424533367156985 0.055803690105676658 0.75987011194229137 4.3372693061828622 0.46444372832775122 0.51256799697875988
decision_type=2 2 2 2 2 2 2 2 2 2 2 2 2 2
left_child=1 -1 -2 4 -4 -5 10 8 -8 12 11 -7 -9 -14
right_child=2 -3 3 5 -6 6 7 9 -10 -11 -12 -13 13 -15
leaf_value=-0.0085575253723721607 0.048319405359077694 -0.10210705942518275 0.041032104127590764 0.047950236310218844 -0.053755470621195449 0.010159260505506971 0.050133767477496184 0.044911339974337244 -0.02047025856239397 0.047413301322759845 -0.062674045657987829 -0.048249407604158273 -0.0088840485408851564 0.0012638600060950911
leaf_weight=306.6526769445627 119.66096397815272 41.77050653914921 43.710039930883795 104.26048495218856 200.75182667374611 207.51649777125567 248.49804660491645 110.22712761349976 106.49323823302984 104.52716436842456 119.99100779881701 107.90119368908927 2790.8338458309881 17381.544348210795
leaf_count=2852 3581 1818 1121 81469 221 727 1475 3650 166 715 868 651 7567 129136
internal_value=6.813e-05 -0.0223085 0.000438451 0.000149976 -0.0358609 0.000580277 0.000324546 0.000891583 0.0289728 0.000388653 -0.0261017 -0.0106904 0.000123064 -0.000143802
internal_weight=21994.3 348.423 21645.9 21526.3 244.462 21281.8 21177.5 20742.1 354.991 20387.1 435.409 315.418 20282.6 20172.4
internal_count=236017 4670 231347 227766 1342 226424 144955 142709 1641 141068 2246 1378 140353 136703
is_linear=0
shrinkage=0.05


Tree=112
num_leaves=15
num_cat=0
split_feature=29 47 27 27 36 52 28 18 41 48 27 27 33 21
split_gain=71.5788 207.672 159.666 140.306 138.49 162.248 136.701 133.809 129.682 141.091 148.513 141.402 134.297 145.802
threshold=0.040566077455878265 6.1954247951507577 6.325254201889039 6.2980260848999032 0.48249898850917822 1.0000000180025095e-35 1.8688347935676577 6.588238239288331 0.77500000596046459 0.51256799697875988 5.4868674278259286 5.482717990875245 1.0000000180025095e-35 0.77004462480545055
decision_type=2 2 2 2 2 2 2 2 2 2 2 2 2 2
left_child=1 2 3 4 5 6 -1 -7 9 10 -6 -11 -13 -14
right_child=-2 -3 -4 -5 8 7 -8 -9 -10 11 -12 12 13 -15
leaf_value=-0.035998854925703594 0.0022784088460787088 0.032764776180386194 0.036144022043980789 -0.033165104359512226 -0.0067380418977821465 -0.040656289114012971 0.020446126358302678 0.011560600384495396 -0.030766441040856348 -0.0016540348671110823 -0.054242213416907374 0.031375293613418315 -0.057369672987693125 0.010102052331571975
leaf_weight=142.7261956820148 13718.131752522022 364.70881884172559 215.59201243892312 455.42649616487324 857.91673496365547 724.63167881034315 350.84849235974252 142.68054446578026 344.81135547580197 3073.3624885721365 194.71702485252172 766.17182825971395 84.122763252584264 526.22148870886303
leaf_count=748 180347 508 1433 3136 5602 2011 2798 301 1429 26359 227 4601 749 5768
internal_value=6.60942e-05 -0.00361356 -0.00533681 -0.00654932 -0.00482408 -0.019128 0.00373328 -0.0320323 -0.00146805 0.000420391 -0.0159532 0.0043207 0.0175763 2.76385e-05
internal_weight=21962.1 8243.94 7879.23 7663.64 7208.21 1360.89 493.575 867.312 5847.32 5502.51 1052.63 4449.88 1376.52 610.344
internal_count=236017 55670 55162 53729 50593 5858 3546 2312 44735 43306 5829 37477 11118 6517
is_linear=0
shrinkage=0.05


Tree=113
num_leaves=15
num_cat=0
split_feature=1 26 27 48 42 33 32 32 47 37 47 45 22 31
split_gain=70.7736 89.8345 85.3319 84.3056 174.96 138.057 346.295 219.109 200.433 196.231 180.4 136.655 128.391 121.193
threshold=0.0093898782506585139 0.92678397893905651 2.9700856208801274 0.78175547719001781 1.7005987167358401 1.0000000180025095e-35 6.1601512432098398 6.1643662452697763 6.1954247951507577 4.1908013820648202 6.1695756912231454 0.0058654148597270259 6.7895333766937265 0.70064935088157665
decision_type=2 2 2 2 2 2 2 2 2 2 2 2 2 2
left_child=1 3 -2 4 13 7 8 11 9 10 -7 -5 -12 -1
right_child=2 -3 -4 5 -6 6 -8 -9 -10 -11 12 -13 -14 -15
leaf_value=0.0018955922045091923 -0.040137326108338575 -0.03927995849115537 0.007411079582030496 0.019263991276003752 0.037079904216793656 -0.005258281550585382 0.050530966255298626 -0.035873836654194309 0.051282563499678392 0.039661081273481079 0.012723120962294738 -0.01342769114258726 -0.043544170851721214 -0.0095711986509446484
leaf_weight=3784.8382470596116 86.973772168159485 143.94888750556856 3740.0769662593957 2456.5748604755499 242.62744516413659 3715.6934682757128 283.01604378595948 218.83997653983533 140.70792439579964 202.24760153819807 119.29206318408251 360.04938955261605 544.72630105167627 5869.2004779837443
leaf_count=81717 302 2631 41010 31068 3925 42772 1175 318 289 4616 1076 2542 2327 20249
internal_value=6.07978e-05 -0.00124738 0.0062287 -0.000920454 -0.00400843 0.00288033 -0.00222259 0.0112751 -0.00548405 -0.00733519 -0.0095908 0.0150523 -0.0333969 -0.00507837
internal_weight=21908.8 18081.8 3827.05 17937.8 9896.67 8041.15 5005.68 3035.46 4722.67 4581.96 4379.71 2816.62 664.018 9654.04
internal_count=236017 194705 41312 192074 105891 86183 52255 33928 51080 50791 46175 33610 3403 101966
is_linear=0
shrinkage=0.05


Tree=114
num_leaves=15
num_cat=0
split_feature=34 44 37 55 37 29 28 42 21 36 48 32 32 22
split_gain=68.7972 128.085 120.255 271.273 108.487 130.288 99.2509 258.069 186.816 225.506 201.901 219.75 221.928 156.489
threshold=0.55841580033302318 0.76402348279953014 4.1908013820648202 1.0000000180025095e-35 2.4414010047912602 0.31107372045516973 3.2769666910171513 1.4978661537170412 0.80741161108016979 0.37268517911434179 1.0000001788139345 3.979637980461121 4.0342013835906991 6.8007264137268075
decision_type=2 2 2 2 2 2 2 2 2 2 2 2 2 2
left_child=1 2 6 -4 5 -3 -1 8 9 -8 11 -11 -13 -10
right_child=-2 4 3 -5 -6 -7 7 -9 13 10 -12 12 -14 -15
leaf_value=0.0032011000383995562 0.0088069211809228224 -0.045038854978896953 0.032267169619629867 -0.01166399512288094 -0.03642493330502411 0.0073919153411640117 -0.038705525265824978 0.021042006803894286 -0.0047162084040872319 -0.031565107404131119 -0.05496501308784893 0.049740461532515844 -0.0041579725562231884 0.018476659467141558
leaf_weight=7714.3732674514176 2028.6062937323004 142.85387528687716 834.23220681608655 594.93132417649031 436.05143553769449 518.40873115870636 738.81035873922519 892.44361691875383 2746.1686312798411 697.7497299388051 215.26185103319585 193.43398468196392 3111.6180681557744 978.08784028142691
leaf_count=40731 19123 129 14001 1831 1090 11598 5653 10264 27936 7116 434 1250 93842 1019
internal_value=6.04586e-05 -0.000838997 0.000138471 0.0140256 -0.0173626 -0.00443703 -0.00101699 -0.00441572 -0.00705404 -0.0134019 -0.0088888 -0.00628013 -0.000862943 0.00140802
internal_weight=21843 19814.4 18717.1 1429.16 1097.31 661.263 17287.9 9573.57 8681.13 4956.87 4218.06 4002.8 3305.05 3724.26
internal_count=236017 216894 204077 15832 12817 11727 188245 147514 137250 108295 102642 102208 95092 28955
is_linear=0
shrinkage=0.05


Tree=115
num_leaves=15
num_cat=0
split_feature=1 21 22 36 22 27 48 48 36 33 47 31 32 27
split_gain=68.5214 70.328 85.0168 81.3396 106.122 520.303 143.114 174.355 142.022 240.281 152.988 126.77 118.665 194.855
threshold=0.015504807699471714 0.85022780299186718 6.8007264137268075 0.90054944157600414 6.7804884910583505 5.3771395683288583 0.93355339765548717 0.94280996918678295 0.79163843393325817 2.3502402305603032 1.6661022305488589 0.88107022643089306 3.4175922870635991 6.3198649883270273
decision_type=2 2 2 2 2 2 2 2 2 2 2 2 2 2
left_child=1 3 -3 4 5 6 -1 -8 10 -10 -6 -7 13 -12
right_child=-2 2 -4 -5 8 11 7 -9 9 -11 12 -13 -14 -15
leaf_value=-0.026477524949551225 0.022193757404419628 -0.027713515819773084 0.036504683203426404 0.021250070211450135 0.040444329389403913 0.043919490992523902 0.10859112430620087 -0.0062138060129685833 0.044475920776692407 -0.015821822163709497 0.00063909890709517355 0.006440844042191779 -0.0061884532974006224 0.04719330136236663
leaf_weight=751.55374955502339 334.03622064500814 393.08382898103446 50.317626394331455 435.86909145215759 196.21857493370771 792.47353269596351 35.418322675395757 118.08336948044598 408.88288287818432 266.04803411196917 6773.3452539267018 319.23830442642793 10680.840880291536 222.49373168125749
leaf_count=20217 3596 4640 55 5978 1703 115736 865 3145 2311 1801 22021 9483 42962 1504
internal_value=5.63934e-05 -0.00029863 -0.0197816 0.00012195 -0.000335973 0.0105275 -0.0175158 0.0252972 -0.00152224 0.0208234 -0.00237724 0.0333105 -0.00287518 0.00218495
internal_weight=21777.9 21443.9 443.401 21000.5 20564.6 2016.77 905.055 153.502 18547.8 674.931 17872.9 1111.71 17676.7 6995.84
internal_count=236017 232421 4695 227726 221748 149446 24227 4010 72302 4112 68190 125219 66487 23525
is_linear=0
shrinkage=0.05


Tree=116
num_leaves=15
num_cat=0
split_feature=21 23 22 23 3 36 48 26 32 27 22 22 43 27
split_gain=68.5124 98.2587 81.4237 165.383 78.7844 87.8989 83.4515 79.3367 85.1756 121.13 262.42 156.814 152.848 107.509
threshold=0.77448859810829174 2.6020033359527592 6.7804884910583505 4.8789997100830087 0.013072453904896976 0.240384615957737 0.15555221587419513 0.9403514862060548 4.4870557785034189 6.3306114673614511 6.8007264137268075 6.7996129989624032 6.0222353935241708 6.3306114673614511
decision_type=2 2 2 2 2 2 2 2 2 2 2 2 2 2
left_child=2 -2 3 -1 5 -3 -7 8 13 11 -11 -10 -12 -8
right_child=1 4 -4 -5 -6 6 7 -9 9 10 12 -13 -14 -15
leaf_value=-0.024047272302998489 0.026982352857755951 0.030936386841510205 -0.0077500310452829936 0.037220651333510262 0.013963035114710724 -0.032274208647744961 -0.0020090847871492516 -0.04418674712885725 0.0079559147292434535 -0.062946955258052412 -0.050328838917680765 0.052264246367831016 0.039212520258187243 0.047838834080289792
leaf_weight=167.58373849093914 359.8736226214096 216.8651762874797 3991.2658117134124 283.84311505593359 1075.2207521054661 192.83078052662313 12166.720646804199 90.887428706977516 2460.2967800066108 170.07707913778722 54.532161936163902 208.05871311016381 177.42334535717964 99.145540025085211
leaf_count=6081 5273 1189 14991 92504 7166 796 68693 1911 34876 351 55 960 742 429
internal_value=6.34171e-05 0.00148832 -0.0054671 0.0144479 0.000930204 3.71042e-05 -0.000411415 7.50125e-06 0.000298033 0.00773161 -0.0175564 0.011593 0.0169515 -0.00156752
internal_weight=21714.6 17271.9 4442.69 451.427 16912.1 15836.8 15620 15427.1 15336.3 3070.39 402.033 2668.36 231.956 12265.9
internal_count=236017 122441 113576 98585 117168 110002 108813 108017 106106 36984 1148 35836 797 69122
is_linear=0
shrinkage=0.05


Tree=117
num_leaves=15
num_cat=0
split_feature=36 36 0 32 32 22 33 31 36 39 32 22 47 48
split_gain=65.9734 85.7136 65.4672 84.8859 222.323 140.291 204.049 253.249 182.984 180.349 352.552 180.203 147.157 360.981
threshold=0.10441888496279718 0.10912698507308961 0.0084389690309762972 6.1516542434692392 6.1441833972930917 6.7962646484375009 0.89587974548339855 0.70853558182716381 0.85634920001029979 0.099826168268919005 3.979637980461121 6.7580702304840097 4.3502571582794198 0.78175547719001781
decision_type=2 2 2 2 2 2 2 2 2 2 2 2 2 2
left_child=-1 -2 3 4 5 6 7 -3 12 10 -9 -11 13 -7
right_child=1 2 -4 -5 -6 8 -8 9 -10 11 -12 -13 -14 -15
leaf_value=-0.0443250959273227 0.042499189630302373 0.043356327785398871 0.0051674067385290923 0.0083794234514262701 -0.048066577381241919 -0.0076610692994838209 -0.0032184718636486436 -0.056903582452898963 0.032027449503899873 -0.053131539218638814 0.024876968451373938 0.028106832300982428 -0.014530315729455935 0.024224706030368821
leaf_weight=73.386292607581709 109.29850411764346 632.30315387563314 4760.8205510996631 1924.8329088836908 255.891327008605 4730.5782288126647 2931.6954102516174 265.60523570328951 306.61103459075093 66.512632897007279 244.28913537284825 680.07672450644895 3617.9268947392702 1082.1587287187576
leaf_count=883 670 74714 51918 6620 2076 9008 43716 2326 2931 4981 7832 18454 6532 3356
internal_value=6.35025e-05 0.000234687 1.63255e-07 -0.00147173 -0.00275654 -0.00192765 0.00504169 0.0178122 -0.00537949 0.00471672 -0.0179979 0.0202628 -0.0066283 -0.00169348
internal_weight=21682 21608.6 21499.3 16738.5 14813.6 14557.8 4820.48 1888.79 9737.27 1256.48 509.894 746.589 9430.66 5812.74
internal_count=236017 235134 234464 182546 175926 173850 152023 108307 21827 33593 10158 23435 18896 12364
is_linear=0
shrinkage=0.05


Tree=118
num_leaves=15
num_cat=0
split_feature=46 21 31 31 22 43 18 31 36 32 32 0 22 23
split_gain=66.0775 147.767 109.281 121.472 131.879 104.535 92.7255 100.057 263.13 273.909 226.283 183.228 142.193 110.247
threshold=0.426196038722992 0.34533306956291204 0.33873407542705541 0.37436868250370031 6.7996129989624032 2.3502402305603032 5.5664324760437021 0.64733895659446727 0.60791924595832836 3.7373861074447636 1.8688347935676577 0.0064309346489608296 6.7804884910583505 4.9236173629760751
decision_type=2 2 2 2 2 2 2 2 2 2 2 2 2 2
left_child=1 5 -2 4 -4 -1 -5 8 9 -8 -9 13 -11 -10
right_child=2 -3 3 6 -6 -7 7 10 11 12 -12 -13 -14 -15
leaf_value=-0.053507642356141374 0.047768556113512356 -0.081484432464075843 0.039803191254819376 -0.037163693940376358 -0.051703254332287778 0.014110361204567632 0.036172018062399586 0.047528538639858703 -0.020208426168799684 0.046965698653430248 -0.0013832706671972272 0.016977479797213979 -0.023291175630381637 0.031771056450175438
leaf_weight=67.67443003266817 111.1629795646295 69.331717027700506 40.915729770436883 151.66181023046374 194.49621224403381 206.84756244719028 1154.0963733932003 229.78800773061812 1113.3775741277495 79.589641454746015 17055.49103579123 658.015451893094 362.26539713144302 103.27652340254281
leaf_count=754 3581 3198 1121 498 221 718 14684 2472 5570 70245 118593 6694 1948 5720
internal_value=6.23158e-05 -0.0213667 0.000418884 0.000147469 -0.0348252 -0.0038534 0.00055771 0.000851101 0.00858562 0.0234408 -0.000705939 -0.00411826 -0.00987675 -0.0155731
internal_weight=21598 343.854 21254.1 21143 235.412 274.522 20907.6 20755.9 3470.62 1595.95 17285.3 1874.67 441.855 1216.65
internal_count=236017 4670 231347 227766 1342 1472 226424 225926 104861 86877 121065 17984 72193 11290
is_linear=0
shrinkage=0.05


Tree=119
num_leaves=15
num_cat=0
split_feature=22 42 37 47 48 49 43 29 37 42 41 36 18 30
split_gain=63.8574 229.932 443.413 320.479 252.491 221.162 182.487 165.661 161.223 150.363 232.97 142.725 145.898 252.188
threshold=6.8007264137268075 1.0000000180025095e-35 0.89587974548339855 4.3630783557891855 0.55374526977539074 0.20929173380136493 6.0695817470550546 0.10244872048497201 1.0000000180025095e-35 1.0000000180025095e-35 0.90454545617103588 0.67212137579917919 6.5687797069549569 0.00074148009298369299
decision_type=2 2 2 2 2 2 2 2 2 2 2 2 2 2
left_child=9 3 8 -2 7 6 11 -4 -3 -1 -11 12 -5 -14
right_child=1 2 4 5 -6 -7 -8 -9 -10 10 -12 -13 13 -15
leaf_value=-0.003762638892801427 0.025923986454190213 0.0049217178831693249 -0.033531069139519393 -0.036058831082105322 -0.058607020995437291 0.033518721817113926 0.045933252206511156 0.015123808370215781 0.055749552122106097 0.019055045631855033 -0.013808836045550728 0.038004233987916469 0.042920066018724418 -0.020838965817423987
leaf_weight=13141.455366927839 1923.8709161914885 538.24780414998531 354.11526262760162 663.56431703269482 442.18474686145782 342.57952330261469 124.8000674918294 328.36576282978058 211.00174856185913 1824.8241062096786 755.37137055769563 109.60501142218709 199.80490080267191 585.33412911742926
leaf_count=202817 3774 708 269 525 386 1013 119 169 249 20987 3826 553 206 416
internal_value=6.19517e-05 0.00453003 -0.00985922 0.0113648 -0.0296061 -0.00252196 -0.0100123 -0.0102411 0.0197815 -0.0015949 0.00941773 -0.0147571 -0.0189821 -0.00427763
internal_weight=21545.1 5823.47 1873.92 3949.56 1124.67 2025.69 1683.11 682.481 749.25 15721.7 2580.2 1558.31 1448.7 785.139
internal_count=236017 8387 1781 6606 824 2832 1819 438 957 227630 24813 1700 1147 622
is_linear=0
shrinkage=0.05


end of trees

feature_importances:
Column_37=193
Column_27=171
Column_22=145
Column_36=134
Column_32=131
Column_47=119
Column_46=85
Column_48=75
Column_42=71
Column_28=63
Column_31=54
Column_21=46
Column_23=40
Column_33=40
Column_43=40
Column_26=37
Column_49=31
Column_41=27
Column_38=23
Column_18=22
Column_44=21
Column_29=16
Column_0=14
Column_54=14
Column_24=12
Column_34=11
Column_1=10
Column_15=6
Column_25=6
Column_45=6
Column_55=5
Column_39=4
Column_40=3
Column_52=2
Column_3=1
Column_30=1
Column_56=1

parameters:
[boosting: gbdt]
[objective: binary]
[metric: binary_logloss]
[tree_learner: serial]
[device_type: cpu]
[data_sample_strategy: bagging]
[data: ]
[valid: ]
[num_iterations: 120]
[learning_rate: 0.05]
[num_leaves: 15]
[num_threads: 2]
[seed: 20260928]
[deterministic: 1]
[force_col_wise: 1]
[force_row_wise: 0]
[histogram_pool_size: -1]
[max_depth: -1]
[min_data_in_leaf: 100]
[min_sum_hessian_in_leaf: 0.001]
[bagging_fraction: 1]
[pos_bagging_fraction: 1]
[neg_bagging_fraction: 1]
[bagging_freq: 0]
[bagging_seed: 8287]
[bagging_by_query: 0]
[feature_fraction: 1]
[feature_fraction_bynode: 1]
[feature_fraction_seed: 24490]
[extra_trees: 0]
[extra_seed: 6370]
[early_stopping_round: 0]
[early_stopping_min_delta: 0]
[first_metric_only: 0]
[max_delta_step: 0]
[lambda_l1: 0]
[lambda_l2: 10]
[linear_lambda: 0]
[min_gain_to_split: 0]
[drop_rate: 0.1]
[max_drop: 50]
[skip_drop: 0.5]
[xgboost_dart_mode: 0]
[uniform_drop: 0]
[drop_seed: 1862]
[top_rate: 0.2]
[other_rate: 0.1]
[min_data_per_group: 100]
[max_cat_threshold: 32]
[cat_l2: 10]
[cat_smooth: 10]
[max_cat_to_onehot: 4]
[top_k: 20]
[monotone_constraints: ]
[monotone_constraints_method: basic]
[monotone_penalty: 0]
[feature_contri: ]
[forcedsplits_filename: ]
[refit_decay_rate: 0.9]
[cegb_tradeoff: 1]
[cegb_penalty_split: 0]
[cegb_penalty_feature_lazy: ]
[cegb_penalty_feature_coupled: ]
[path_smooth: 0]
[interaction_constraints: ]
[verbosity: -1]
[saved_feature_importance_type: 0]
[use_quantized_grad: 0]
[num_grad_quant_bins: 4]
[quant_train_renew_leaf: 0]
[stochastic_rounding: 1]
[linear_tree: 0]
[max_bin: 255]
[max_bin_by_feature: ]
[min_data_in_bin: 3]
[bin_construct_sample_cnt: 236018]
[data_random_seed: 5112]
[is_enable_sparse: 1]
[enable_bundle: 1]
[use_missing: 1]
[zero_as_missing: 0]
[feature_pre_filter: 1]
[pre_partition: 0]
[two_round: 0]
[header: 0]
[label_column: ]
[weight_column: ]
[group_column: ]
[ignore_column: ]
[categorical_feature: ]
[forcedbins_filename: ]
[precise_float_parser: 0]
[parser_config_file: ]
[objective_seed: 23271]
[num_class: 1]
[is_unbalance: 0]
[scale_pos_weight: 1]
[sigmoid: 1]
[boost_from_average: 1]
[reg_sqrt: 0]
[alpha: 0.9]
[fair_c: 1]
[poisson_max_delta_step: 0.7]
[tweedie_variance_power: 1.5]
[lambdarank_truncation_level: 30]
[lambdarank_norm: 1]
[label_gain: ]
[lambdarank_position_bias_regularization: 0]
[eval_at: ]
[multi_error_top_k: 1]
[auc_mu_weights: ]
[num_machines: 1]
[local_listen_port: 12400]
[time_out: 120]
[machine_list_filename: ]
[machines: ]
[gpu_platform_id: -1]
[gpu_device_id: -1]
[gpu_device_id_list: ]
[gpu_use_dp: 0]
[num_gpu: 1]

end of parameters

pandas_categorical:null
