tree
version=v4
num_class=1
num_tree_per_iteration=1
label_index=0
max_feature_idx=56
objective=regression
feature_names=Column_0 Column_1 Column_2 Column_3 Column_4 Column_5 Column_6 Column_7 Column_8 Column_9 Column_10 Column_11 Column_12 Column_13 Column_14 Column_15 Column_16 Column_17 Column_18 Column_19 Column_20 Column_21 Column_22 Column_23 Column_24 Column_25 Column_26 Column_27 Column_28 Column_29 Column_30 Column_31 Column_32 Column_33 Column_34 Column_35 Column_36 Column_37 Column_38 Column_39 Column_40 Column_41 Column_42 Column_43 Column_44 Column_45 Column_46 Column_47 Column_48 Column_49 Column_50 Column_51 Column_52 Column_53 Column_54 Column_55 Column_56
feature_infos=[0:0.016393441706895828] [0:0.016393441706895828] [0:0.016393441706895828] [0:0.016393441706895828] [0:0.016393441706895828] [0:1] [0:1] [0:1] [0:1] [0:1] [0:1] [0:1] [0:1] [0:1] [0:1] [0:0.081967204809188843] [0:5] [0.00099009904079139233:0.090909093618392944] [2.7725887298583984:6.6656837463378906] [1.0611584912112448e-05:0.70280086994171143] [3.6956100757379318e-07:0.080876193940639496] [0.018433179706335068:0.88785046339035034] [6.3561077117919922:6.8012828826904297] [0:6.2653012275695801] [1.6045660231611691e-05:0.92780005931854248] [5.4286215345200617e-07:0.16064214706420898] [0.012605042196810246:0.97560977935791016] [2.9444389343261719:6.3315019607543945] [0:6.1158919334411621] [1.9059229089180008e-05:0.9799339771270752] [9.2254998662610888e-07:0.3495212197303772] [0.0097087379544973373:0.99029123783111572] [0:6.1654176712036133] [0:4.4659080505371094] [0.00011365161481080577:0.73721992969512939] [4.8014976528065745e-06:0.21382854878902435] [0.016949152573943138:0.98305082321166992] [0:4.510859489440918] [0:2.9444389343261719] [0.00029266852652654052:0.69253182411193848] [1.4985386769694742e-05:0.22477707266807556] [0.05000000074505806:0.94999998807907104] [0:2.9444389343261719] [0:6.1420373916625977] [1.8173652279074304e-05:0.96546274423599243] [9.0048905576622928e-07:0.25372564792633057] [0.020366597920656204:0.9821428656578064] [0:6.196444034576416] [0:1.0000003576278687] [0:1.0000002384185791] [0:0.39889484643936157] [0:1] [0:1] [0:1] [0:1] [0:1] [0:1]
tree_sizes=1723 1792 1789 1799 1782 1796 1792 1784 1781 1783 1777 1799 1785 1792 1796 1792 1786 1791 1787 1810 1792 1795 1801 1789 1796 1795 1798 1798 1817 1804 1801 1789 1803 1794 1795 1806 1796 1794 1797 1801 1802 1798 1795 1795 1790 1797 1795 1798 1812 1809 1796 1795 1788 1801 1805 1792 1810 1796 1799 1779 1787 1825 1801 1800 1802 1785 1788 1798 1811 1801 1776 1812 1796 1791 1806 1792 1787 1790 1783 1807 1797 1777 1801 1804 1766 1803 1786 1804 1784 1790 1783 1798 1796 1814 1788 1801 1786 1796 1790 1800 1806 1798 1778 1790 1780 1809 1795 1796 1781 1792 1811 1788 1792 1777 1785 1799 1806 1779 1783 1795

Tree=0
num_leaves=15
num_cat=0
split_feature=29 3 22 49 48 37 36 4 45 41 48 32 27 22
split_gain=7146.85 734.221 617.686 529.532 403.985 536.455 353.503 300.794 258.474 239.259 346.374 224.113 182.234 186.249
threshold=0.5933402180671693 0.012579114176332952 6.7917830944061288 0.35460552573204046 0.77346858382225048 1.0000000180025095e-35 0.63275861740112316 0.016261236742138866 0.0048418764490634212 0.65833333134651195 0.59665948152542125 6.0821251869201669 5.482717990875245 6.7996129989624032
decision_type=2 2 2 2 2 2 2 2 2 2 2 2 2 2
left_child=1 3 -2 9 6 -6 -4 -3 -5 11 -11 -1 -12 -14
right_child=2 7 4 8 5 -7 -8 -9 -10 10 12 -13 13 -15
leaf_value=0.18751970322643871 0.22378981932238409 0.19869000432026504 0.20793533929700708 0.2063790214679779 0.21636102345601366 0.19388213986965283 0.22478005642272256 0.22359127044037752 0.18925181741443503 0.22488072428886438 0.18922939809348888 0.19570116798532849 0.18627019638614917 0.20127430402532637
leaf_weight=144810.66648405232 11864.908488482237 13620.061293654144 6599.6998386383057 6606.5172017738223 4395.6609168052673 6676.410700917244 5942.6744148135185 1322.1827286724001 3295.9934781417251 805.42756928503513 21390.288104578853 8879.3603492975235 2815.1919719576836 7717.956335067749
leaf_count=94443 98309 6978 1865 12633 1415 1832 1082 247 5472 147 12160 3799 5715 646
internal_value=0.193718 0.190231 0.21448 0.189418 0.209792 0.202819 0.215935 0.200912 0.20068 0.188819 0.192701 0.187992 0.19188 0.197261
internal_weight=246743 211264 35479.4 196321 23614.4 11072.1 12542.4 14942.2 9902.51 186419 32728.9 153690 31923.4 10533.1
internal_count=246743 142240 104503 135015 6194 3247 2947 7225 18105 116910 18668 98242 18521 6361
is_linear=0
shrinkage=1


Tree=1
num_leaves=15
num_cat=0
split_feature=29 0 22 49 48 37 22 41 36 45 32 17 48 56
split_gain=6450.72 686.581 557.446 473.179 364.642 484.266 323.193 263.9 430.998 237.424 228.792 196.812 183.601 174.599
threshold=0.5933402180671693 0.015038444194942715 6.7917830944061288 0.35460552573204046 0.77346858382225048 1.0000000180025095e-35 6.7984981536865243 0.65833333134651195 0.26006440818309789 0.0041476699989289054 6.0821251869201669 0.037749288603663451 0.77010267972946178 1.0000000180025095e-35
decision_type=2 2 2 2 2 2 2 2 2 2 2 2 2 2
left_child=1 3 -2 7 6 -6 -4 10 12 -5 11 -1 -9 -3
right_child=2 13 4 9 5 -7 -8 8 -10 -11 -12 -13 -14 -15
leaf_value=-0.0063135390802421948 0.028569123647079725 0.006885955720334784 0.00072749948284788304 0.012270749418312807 0.021513070430638825 0.00015557440640048606 0.024266603995923328 0.028986011995737367 -0.0021886203065918965 -0.0036325705446243052 0.0024521869842507693 -0.00088002266514683653 0.0056163281244622984 0.025652716855519765
leaf_weight=132639.30773726664 11864.908488482237 2951.4145477358252 1684.9355320334435 6673.0987436044961 4395.6609168052673 6676.410700917244 10857.438721418381 1576.6701152324677 31522.225909292698 3611.243738507852 9285.3110307753086 19064.716995123774 1799.8478827476501 2139.8088161945343
leaf_count=87166 98309 1961 927 12613 1415 1832 2020 23 19194 5934 3910 10758 281 400
internal_value=3.31928e-07 -0.00331297 0.0197249 -0.00376115 0.015271 0.00864636 0.0211075 -0.00431007 -0.000368278 0.00668835 -0.00516449 -0.00563081 0.0165822 0.0148083
internal_weight=246743 211264 35479.4 206172 23614.4 11072.1 12542.4 195888 34898.7 10284.3 160989 151704 3376.52 5091.22
internal_count=246743 142240 104503 139879 6194 3247 2947 121332 19498 18547 101834 97924 304 2361
is_linear=0
shrinkage=0.05


Tree=2
num_leaves=15
num_cat=0
split_feature=29 0 22 49 48 37 36 17 45 41 36 32 35 4
split_gain=5822.25 619.857 503.112 427.072 329.09 437.155 308.502 240.646 214.471 183.057 307.391 169.897 167.615 162.924
threshold=0.5933402180671693 0.015038444194942715 6.7917830944061288 0.35460552573204046 0.77346858382225048 1.0000000180025095e-35 0.63275861740112316 0.030776515603065494 0.0048418764490634212 0.65833333134651195 0.26006440818309789 6.0821251869201669 0.027951242402195934 0.016261236742138866
decision_type=2 2 2 2 2 2 2 2 2 2 2 2 2 2
left_child=1 3 -2 7 6 -6 -4 9 -5 11 -11 -1 -7 -3
right_child=2 13 4 8 5 12 -8 -9 -10 10 -12 -13 -14 -15
leaf_value=-0.0061239789203937807 0.027141871318238926 0.0091461817090941217 0.012581972813165266 0.011396048862818291 0.020439859172815909 -0.001815165833427172 0.028315152448848635 -0.00025905870966898964 -0.0039677361704330361 0.015950148095499616 -0.0028321501391337977 0.001539113814052955 0.032029640923112258 0.030394352058896391
leaf_weight=125265.91287410818 11864.908488482237 3923.1610382944345 6599.6998386383057 6908.7916795089841 4395.6609168052673 6298.0676867961884 5942.6744148135185 33834.60259224847 3375.550802603364 2361.4564983844757 26753.724693581462 7672.3830121159554 378.3430141210556 1168.0623256359249
leaf_count=82146 98309 2177 1865 12896 1415 1573 1082 19542 5651 252 15969 3423 259 184
internal_value=6.07099e-07 -0.00314715 0.0187397 -0.003573 0.0145084 0.00821502 0.0200531 -0.0040945 0.00635436 -0.00489522 -0.00130381 -0.00568163 0.000147807 0.0140711
internal_weight=246743 211264 35479.4 206172 23614.4 11072.1 12542.4 195888 10284.3 162053 29115.2 132938 6676.41 5091.22
internal_count=246743 142240 104503 139879 6194 3247 2947 121332 18547 101790 16221 85569 1832 2361
is_linear=0
shrinkage=0.05


Tree=3
num_leaves=15
num_cat=0
split_feature=29 3 22 49 48 37 22 4 45 41 48 32 39 27
split_gain=5255.36 566.939 453.998 390.385 296.969 394.535 281.671 228.765 192.161 178.514 275.153 170.583 231.282 159.145
threshold=0.5933402180671693 0.012579114176332952 6.7917830944061288 0.35460552573204046 0.77346858382225048 1.0000000180025095e-35 6.7984981536865243 0.016261236742138866 0.0031533919973298912 0.65833333134651195 0.59665948152542125 4.8374145030975351 0.077305749058723464 5.482717990875245
decision_type=2 2 2 2 2 2 2 2 2 2 2 2 2 2
left_child=1 3 -2 9 6 -6 -4 -3 -5 11 -11 -1 -13 -12
right_child=2 7 4 8 5 -7 -8 -9 -10 10 13 12 -14 -15
leaf_value=-0.0054081548901193984 0.025785918277021987 0.0044582205121782483 3.0145701594754482e-05 0.012009049175782086 0.019420185689224344 0.00014267642760625406 0.022001283806209269 0.026174600462323307 -0.0020495303812829435 0.027815993944432706 -0.0040738884458940685 -0.0063717124552747396 0.0077427134944566605 0.0034315450932594833
leaf_weight=142089.93096013367 11864.908488482237 13620.061293654144 1684.9355320334435 5642.6864052377641 4395.6609168052673 6676.410700917244 10857.438721418381 1322.1827286724001 4259.8242746777833 805.42756928503513 21390.288104578853 5626.5399761032313 5973.5558971129358 10533.148307025433
leaf_count=71454 98309 6978 927 11068 1415 1832 2020 247 7037 147 12160 11257 15531 6361
internal_value=9.28985e-07 -0.00298967 0.0178044 -0.00370431 0.0137849 0.00780655 0.0190521 0.00639604 0.00596542 -0.00421826 -0.000865063 -0.00493223 0.000897025 -0.00159717
internal_weight=246743 211264 35479.4 196321 23614.4 11072.1 12542.4 14942.2 9902.51 186419 32728.9 153690 11600.1 31923.4
internal_count=246743 142240 104503 135015 6194 3247 2947 7225 18105 116910 18668 98242 26788 18521
is_linear=0
shrinkage=0.05


Tree=4
num_leaves=15
num_cat=0
split_feature=29 0 22 23 44 48 37 36 41 36 4 35 48 27
split_gain=4743.35 528.257 409.748 360.539 275.465 268.014 356.153 269.23 244.893 350.822 189.071 151.664 142.621 121.144
threshold=0.5933402180671693 0.013793759513646366 6.7917830944061288 6.1622610092163095 0.15073022246360782 0.77346858382225048 1.0000000180025095e-35 0.63275861740112316 0.65833333134651195 0.26006440818309789 0.016261236742138866 0.027951242402195934 0.77010267972946178 6.3162615299224862
decision_type=2 2 2 2 2 2 2 2 2 2 2 2 2 2
left_child=1 3 13 8 -5 7 -7 -4 -1 12 -3 -8 -10 -2
right_child=2 10 5 4 -6 6 11 -9 9 -11 -12 -13 -14 -15
leaf_value=-0.0048607199951535632 0.026175716365742913 0.0061125486019374085 0.011122646104636463 -0.0030367964624234828 0.0099789630056135708 0.018451379942865821 -0.0017316735485396904 0.02581779637759625 0.026243339799892875 -0.0018379731699088586 0.027259539985068942 0.030462447475080725 0.0054491051695847552 0.0091780474469921845
leaf_weight=151358.63742728718 10687.220499902964 7822.7725520730019 6599.6998386383057 7772.5675622820854 8503.8233738839626 4395.6609168052673 6298.0676867961884 5942.6744148135185 1553.3968646526337 31279.056536450982 1214.2710640672594 378.3430141210556 1759.1201357841492 1177.6879885792732
leaf_count=107766 96602 4326 1865 5816 4478 1415 1573 1082 22 19365 216 259 251 1707
internal_value=1.14866e-06 -0.00284003 0.0169151 -0.0033687 0.00376542 0.0130966 0.0074171 0.0181003 -0.00399333 -0.000197666 0.00898097 0.000135553 0.0152501 0.0244977
internal_weight=246743 211264 35479.4 202227 16276.4 23614.4 11072.1 12542.4 185950 34591.6 9037.04 6676.41 3312.52 11864.9
internal_count=246743 142240 104503 137698 10294 6194 3247 2947 127404 19638 4542 1832 273 98309
is_linear=0
shrinkage=0.05


Tree=5
num_leaves=15
num_cat=0
split_feature=29 0 22 49 48 37 22 17 45 24 56 27 38 22
split_gain=4281.57 480.255 369.778 332.307 241.851 321.426 245.48 196.02 170.945 140.379 139.91 139.001 171.554 343.58
threshold=0.5933402180671693 0.015038444194942715 6.7917830944061288 0.35460552573204046 0.77346858382225048 1.0000000180025095e-35 6.7984981536865243 0.030776515603065494 0.0048418764490634212 0.27105982601642614 1.0000000180025095e-35 5.4722616672515878 1.0000000180025095e-35 6.7996129989624032
decision_type=2 2 2 2 2 2 2 2 2 2 2 2 2 2
left_child=1 3 -2 7 6 -6 -4 11 -5 -9 -3 -1 -13 -14
right_child=2 10 4 8 5 -7 -8 9 -10 -11 -12 12 13 -15
leaf_value=-0.005736468468182764 0.023274312430064822 0.0053696835230848464 -0.00055764787485599199 0.010185310904371433 0.017530906210980825 0.00013092404762272942 0.019950038228744155 -0.00093058556891296431 -0.0035311767333086387 0.011990869463103617 0.022164180210122612 -0.0040792058730347762 -0.0042641445186111333 0.0092638529297200851
leaf_weight=80109.930052384734 11864.908488482237 2951.4145477358252 1684.9355320334435 6908.7916795089841 4395.6609168052673 6676.410700917244 10857.438721418381 31592.89702796191 3375.550802603364 2241.7055642865598 2139.8088161945343 62584.541058858857 11390.738745495677 7968.2672214508057
leaf_count=54565 98309 1961 927 12896 1415 1832 2020 17230 5651 2312 400 38669 7939 617
internal_value=1.46551e-06 -0.00269788 0.0160711 -0.00307272 0.0124435 0.00704838 0.0171968 -0.00353273 0.0056842 -7.11869e-05 0.0124579 -0.00425541 -0.00280697 0.00130596
internal_weight=246743 211264 35479.4 206172 23614.4 11072.1 12542.4 195888 10284.3 33834.6 5091.22 162053 81943.5 19359
internal_count=246743 142240 104503 139879 6194 3247 2947 121332 18547 19542 2361 101790 47225 8556
is_linear=0
shrinkage=0.05


Tree=6
num_leaves=15
num_cat=0
split_feature=29 3 22 49 48 37 36 1 29 32 42 27 37 32
split_gain=3864.44 443.973 333.737 303.326 218.269 290.156 234.956 174.993 159.384 181.629 183.305 257.407 293.435 198.114
threshold=0.5933402180671693 0.012579114176332952 6.7917830944061288 0.35460552573204046 0.77346858382225048 1.0000000180025095e-35 0.63275861740112316 0.016261236742138866 0.041481275111436851 4.8374145030975351 1.0000000180025095e-35 5.482717990875245 0.89587974548339855 2.1383330821990971
decision_type=2 2 2 2 2 2 2 2 2 2 2 2 2 2
left_child=1 3 -2 8 6 -6 -4 -3 -1 10 -10 13 -13 -12
right_child=2 7 4 -5 5 -7 -8 -9 9 -11 11 12 -14 -15
leaf_value=-0.0056561326982098314 0.022111577011975931 0.0040375201620953703 0.0098207839814966509 0.0053282668374027113 0.016656350492158602 0.00012438781807691638 0.023546537650545318 0.02293671978521835 -0.0042734455585306487 0.0049835779895775843 0.011464004347971936 -0.00023447737721618065 0.019490980575347809 -0.0040211526133612525
leaf_weight=64592.026061667129 11864.908488482237 13605.227362805977 6599.6998386383057 9902.5106799155474 4395.6609168052673 6676.410700917244 5942.6744148135185 1337.0166595205665 84226.53258664906 7436.9101919196546 2291.3573169708252 4435.826936647296 3268.8058834075928 20167.431836977601
leaf_count=38564 98309 6958 1865 18105 1415 1832 1082 267 42260 19048 95 3741 213 12989
internal_value=1.59643e-06 -0.00256289 0.0152684 -0.0031953 0.0118221 0.00669676 0.0163377 0.00574281 -0.00364833 -0.00258343 -0.00307578 0.000268811 0.00814876 -0.00243688
internal_weight=246743 211264 35479.4 196321 23614.4 11072.1 12542.4 14942.2 186419 121827 114390 30163.4 7704.63 22458.8
internal_count=246743 142240 104503 135015 6194 3247 2947 7225 116910 78346 59298 17038 3954 13084
is_linear=0
shrinkage=0.05


Tree=7
num_leaves=15
num_cat=0
split_feature=29 0 22 23 28 44 48 37 41 36 36 35 4 48
split_gain=3488.67 412.047 312.029 280.632 222.154 220.006 205.891 320.736 196.037 287.407 177.944 163.191 146.083 123.761
threshold=0.58305892348289501 0.013793759513646366 6.7917830944061288 6.1622610092163095 2.8029010295867924 0.15073022246360782 0.77346858382225048 1.0000000180025095e-35 0.65833333134651195 0.26006440818309789 0.63275861740112316 0.031546106562018401 0.016261236742138866 0.77010267972946178
decision_type=2 2 2 2 2 2 2 2 2 2 2 2 2 2
left_child=1 3 -2 8 -4 -5 10 -8 -1 13 -6 -9 -3 -10
right_child=2 12 4 5 6 -7 7 11 9 -11 -12 -13 -14 -15
leaf_value=-0.0042461727565909343 0.020992419551279819 0.0054647063858492169 -0.012730138559856092 -0.0026321419452456831 0.010626041105391584 0.0090932628705207557 0.017874574063098097 -0.0016072402647560999 0.024148603891955833 -0.0015583127051149292 0.022763869020926322 0.032410554104666423 0.024053484399425132 0.0047806349469119566
leaf_weight=151160.66848463006 11963.432108709589 7821.0514158960432 932.27522706985474 7732.7350962758064 6233.8811830282211 8270.9358139634132 4209.6318361759186 6345.5347371101379 1553.3968646526337 31275.463318094611 5907.3437424898148 363.25884819030762 1214.2710640672594 1759.1201357841492
leaf_count=106754 99334 4281 601 5802 1554 4320 1361 1588 22 19348 1036 275 216 251
internal_value=1.77246e-06 -0.00245389 0.0143947 -0.00292184 0.0110975 0.00342962 0.0120659 0.00707392 -0.00346922 -7.34484e-05 0.0165456 0.000280207 0.00798671 0.0139085
internal_weight=246743 210788 35955.4 201752 23991.9 16003.7 23059.7 10918.4 185749 34588 12141.2 6708.79 9035.32 3312.52
internal_count=246743 140994 105749 136497 6415 10122 5814 3224 126375 19621 2590 1863 4497 273
is_linear=0
shrinkage=0.05


Tree=8
num_leaves=15
num_cat=0
split_feature=29 3 22 31 49 28 48 37 48 35 1 42 22 28
split_gain=3148.96 376.403 281.572 259.927 211.488 200.64 185.781 289.458 162.071 147.766 142.7 124.43 271.244 298.923
threshold=0.58305892348289501 0.012579114176332952 6.7917830944061288 0.80021008849143993 0.35460552573204046 2.8029010295867924 0.77346858382225048 1.0000000180025095e-35 0.38236925005912786 0.030975033529102806 0.016261236742138866 1.0000000180025095e-35 6.7996129989624032 2.8029010295867924
decision_type=2 2 2 2 2 2 2 2 2 2 2 2 2 2
left_child=1 3 -2 11 -5 -4 8 -8 -7 -9 -3 -1 -13 -14
right_child=2 10 5 4 -6 6 7 9 -10 -11 -12 12 13 -15
leaf_value=-0.0046639359667929991 0.019943675708678728 0.0037773007040686371 -0.012100386635057209 -0.00079091249753199949 0.0098816502368813796 0.0049384361474745092 0.016982962743406708 -0.001545202786038969 0.018819626219828939 0.030544978368887976 0.020844654085302283 -0.0051529069344602909 -4.244343329609887e-05 0.016599057979082704
leaf_weight=117368.94151409157 11963.432108709589 13596.392393864691 932.27522706985474 37539.76956795156 5286.6057057231665 2717.1515188217163 4209.6318361759186 6338.5753457546234 9424.0734066963196 370.21823954582214 1337.0166595205665 19979.778196275234 12226.469210624695 3452.6689453125
leaf_count=81815 99334 6941 601 24772 4968 744 1361 1586 1846 277 267 21003 988 240
internal_value=1.98672e-06 -0.00233106 0.0136763 -0.00291454 0.000528537 0.010544 0.0114644 0.00672245 0.0157197 0.000268489 0.0053183 -0.0038781 -0.00129098 0.00363039
internal_weight=246743 210788 35955.4 195854 42826.4 23991.9 23059.7 10918.4 12141.2 6708.79 14933.4 153028 35658.9 15679.1
internal_count=246743 140994 105749 133786 29740 6415 5814 3224 2590 1863 7208 104046 22231 1228
is_linear=0
shrinkage=0.05


Tree=9
num_leaves=15
num_cat=0
split_feature=29 0 22 31 49 28 48 37 36 42 22 28 32 37
split_gain=2842.31 350.407 254.097 240.748 184.182 181.206 167.623 261.231 154.95 136.979 285.616 321.144 161.221 137.698
threshold=0.58305892348289501 0.013793759513646366 6.7917830944061288 0.80021008849143993 0.35460552573204046 2.8029010295867924 0.77346858382225048 1.0000000180025095e-35 0.63275861740112316 1.0000000180025095e-35 6.7996129989624032 2.8029010295867924 2.1383330821990971 0.89587974548339855
decision_type=2 2 2 2 2 2 2 2 2 2 2 2 2 2
left_child=1 3 -2 9 -5 -4 8 -8 -7 -1 -11 12 -12 -13
right_child=2 -3 5 4 -6 6 7 -9 -10 10 11 13 -14 -15
leaf_value=-0.0043762058311045187 0.018947323875905812 0.0074136323343188398 -0.011501788200808438 -0.00059821626847058208 0.0091936948208750421 0.0094123157697491924 0.016135826560595163 0.00025722319776498543 0.02073657053946525 -0.0048450400405375543 0.012201751238454652 0.0072273658520580347 -0.0027106076543356623 0.025460160692161685
leaf_weight=120617.15313402005 11963.432108709589 9035.3224799633026 932.27522706985474 38665.320153042674 5473.2346022129059 6233.8811830282211 4209.6318361759186 6708.7935853004456 5907.3437424898148 20467.460852712393 2194.879114151001 2170.7594604492188 10173.64942073822 1989.8629760742188
leaf_count=83388 99334 4497 601 25276 5116 1554 1361 1863 1036 21462 91 243 918 3
internal_value=2.12648e-06 -0.00221441 0.0129935 -0.00264594 0.0006178 0.010018 0.0108927 0.00638843 0.0149347 -0.00355991 -0.000898127 0.00398917 -5.65892e-05 0.0159875
internal_weight=246743 210788 35955.4 201752 44138.6 23991.9 23059.7 10918.4 12141.2 157614 36996.6 16529.2 12368.5 4160.62
internal_count=246743 140994 105749 136497 30392 6415 5814 3224 2590 106105 22717 1255 1009 246
is_linear=0
shrinkage=0.05


Tree=10
num_leaves=15
num_cat=0
split_feature=29 17 22 49 0 15 28 48 47 48 24 27 36 47
split_gain=2565.41 326.48 229.326 189.869 183.354 174.903 163.648 151.298 237.31 142.682 126.137 109.467 106.861 99.3441
threshold=0.58305892348289501 0.035098522901535041 6.7917830944061288 0.26263093948364263 0.016001024283468727 1.0000000180025095e-35 2.8029010295867924 0.77346858382225048 6.1913387775421151 0.45495921373367315 0.27105982601642614 6.3162615299224862 0.62145593762397777 4.2483932971954355
decision_type=2 2 2 2 2 2 2 2 2 2 2 2 2 2
left_child=1 3 11 -1 10 -5 -4 9 -9 -8 -3 -2 -11 -6
right_child=2 4 6 5 13 -7 7 8 -10 12 -12 -13 -14 -15
leaf_value=-0.0034895173824406609 0.019583186918613726 0.00032803026360599667 -0.010932801906290229 -0.0047824621037969367 0.023157726210816593 0.0059708171410550303 0.0048521457601461825 0.016848321686260988 0.0010316879532626352 0.010936049468368784 0.011189490154106425 0.0035206876210945141 0.021975321119189001 0.0026913001258983484
leaf_weight=160437.48877014406 10781.647508272901 28420.00163317658 932.27522706985474 5861.1588200032711 1549.995433062315 10617.215493692085 3070.1808981895447 3470.3777062892914 7448.0477151870728 3822.4959822893143 2940.6365823149681 1181.7846004366875 5248.5480450391769 961.14546097069979
leaf_count=97157 97621 15232 601 5244 271 18460 795 1541 1683 840 4112 1713 955 518
internal_value=2.22876e-06 -0.00210357 0.0123446 -0.00296457 0.00239307 0.00214542 0.00951787 0.0103491 0.00606976 0.0141892 0.00134973 0.0180007 0.0173406 0.0153659
internal_weight=246743 210788 35955.4 176916 33871.8 16478.4 23991.9 23059.7 10918.4 12141.2 31360.6 11963.4 9071.04 2511.14
internal_count=246743 140994 105749 120861 20133 23704 6415 5814 3224 2590 19344 99334 1795 789
is_linear=0
shrinkage=0.05


Tree=11
num_leaves=15
num_cat=0
split_feature=29 15 23 22 44 42 36 28 48 37 48 35 45 39
split_gain=2315.57 303.493 220.675 206.968 194.751 159.193 287.159 147.795 136.572 221.374 128.793 127.689 115.671 132.925
threshold=0.58305892348289501 0.051249701529741294 6.1601512432098398 6.7917830944061288 0.15073022246360782 1.0000000180025095e-35 0.26006440818309789 2.8029010295867924 0.77346858382225048 1.0000000180025095e-35 0.45495921373367315 0.02817381173372269 0.0070153877604752788 0.072475057095289244
decision_type=2 2 2 2 2 2 2 2 2 2 2 2 2 2
left_child=1 2 5 -2 -4 -1 -7 -5 10 -10 -9 -11 13 -8
right_child=3 -3 4 7 -6 6 12 8 9 11 -12 -13 -14 -15
leaf_value=-0.0038116132415142857 0.01710167706615703 0.0057262028263828837 -0.0024855069744286573 -0.010391963300713979 0.0083399997622484526 0.012761960604893733 -0.0034200712023048337 0.0046103261765834671 0.014740127116180805 -0.0015922022132833964 0.016475371925146875 0.027783192655395111 -0.0067750556953780437 0.002971917139852581
leaf_weight=137351.98558884859 11963.432108709589 11983.365857543424 8116.640174716711 932.27522706985474 8493.2021994143724 3794.004126355052 16324.84897044301 3070.1808981895447 4209.6318361759186 6325.9176321029663 9071.0440273284912 382.87595319747925 8534.0722215920687 16189.52305445075
leaf_count=98274 99334 5666 6000 601 4437 316 7743 795 1361 1582 1795 281 11234 7324
internal_value=2.32596e-06 -0.00199831 -0.00246419 0.0117283 0.00305165 -0.00296718 -0.000380419 0.00904291 0.00983281 0.00576709 0.0134813 0.00012313 -0.00159795 -0.000237444
internal_weight=246743 210788 198804 35955.4 16609.8 182194 44842.4 23991.9 23059.7 10918.4 12141.2 6708.79 41048.4 32514.4
internal_count=246743 140994 135328 105749 10437 124891 26617 6415 5814 3224 2590 1863 26301 15067
is_linear=0
shrinkage=0.05


Tree=12
num_leaves=15
num_cat=0
split_feature=29 0 31 22 49 28 48 49 47 36 42 22 28 32
split_gain=2090.1 283.448 199.279 186.771 152.405 133.529 123.295 203.651 127.352 121.25 116.225 258.139 277.509 150.665
threshold=0.58305892348289501 0.015038444194942715 0.80021008849143993 6.7917830944061288 0.35460552573204046 2.9700856208801274 0.77346858382225048 0.48312476277351385 6.1913387775421151 0.63275861740112316 1.0000000180025095e-35 6.7996129989624032 2.8029010295867924 2.1383330821990971
decision_type=2 2 2 2 2 2 2 2 2 2 2 2 2 2
left_child=1 2 10 -2 -4 -5 9 -8 -9 -7 -1 -12 13 -13
right_child=3 -3 4 5 -6 6 7 8 -10 -11 11 12 -14 -15
leaf_value=-0.0037554928790643882 0.016247306644575639 0.0097457253446003572 -0.00034057569644732762 -0.0096580155054066027 0.0084871625729493316 0.007927265587144813 -0.0073655486308509197 0.017016751225553427 0.0043774345882788852 0.017950266705003378 -0.0042973915535265712 0.011884602143453238 0.015112173511947628 -0.0022569479508186114
leaf_weight=122946.40415604971 11963.432108709589 5090.2855247966945 39416.729579135776 954.53823173046112 5571.4675240516663 6215.2427010536194 2396.3139979839325 3179.7608277797699 5338.7260730266571 5907.3437424898148 20894.565005391836 2291.3573169708252 4214.221435546875 10362.611651420593
leaf_count=84680 99334 2335 25609 619 5218 1539 378 1450 1393 1036 21869 95 252 936
internal_value=2.37584e-06 -0.00189836 -0.00218697 0.0111429 0.00075432 0.00859184 0.00935188 0.00548928 0.00910983 0.0128222 -0.00301034 -0.000583957 0.00401568 0.00031114
internal_weight=246743 210788 205697 35955.4 44988.2 23991.9 23037.4 10914.8 8518.49 12122.6 160709 37762.8 16868.2 12654
internal_count=246743 140994 138659 105749 30827 6415 5796 3221 2843 2575 107832 23152 1283 1031
is_linear=0
shrinkage=0.05


Tree=13
num_leaves=15
num_cat=0
split_feature=29 3 49 15 22 24 28 35 48 49 47 48 41 36
split_gain=1886.48 267.508 178.319 205.601 168.563 135.54 120.696 113.45 111.26 183.591 114.27 112.661 104.244 196.66
threshold=0.58305892348289501 0.015268065501004459 0.12848794460296634 1.0000000180025095e-35 6.7917830944061288 0.26360222697258001 2.8029010295867924 0.040155410766601569 0.77346858382225048 0.48312476277351385 6.1913387775421151 0.45495921373367315 0.58571431040763866 0.26006440818309789
decision_type=2 2 2 2 2 2 2 2 2 2 2 2 2 2
left_child=1 2 12 -4 -2 -5 -6 -7 11 -10 -11 -8 -1 -14
right_child=4 -3 3 5 6 7 8 -9 9 10 -12 -13 13 -15
leaf_value=-0.0035019255818328956 0.015435620212812707 0.010088169730672593 -0.0036370091191369131 0.00049869828535994032 -0.0094001031550380379 0.0061480917487215722 0.0038748970799314338 0.028305890699132932 -0.0069988016337405971 0.016127342119480588 0.0041589719809592609 0.014969891505170117 0.012370180877506838 -0.0015373251951620133
leaf_weight=128410.35555248149 11963.432108709589 4615.8543788194656 18481.656737238169 19693.045606406406 932.27522706985474 10882.388513136655 3070.1808981895447 601.26028987206519 2396.3139979839325 3183.3853504657745 5338.7260730266571 9071.0440273284912 2815.8467977046967 25287.234317705035
leaf_count=73453 99334 1872 12196 15603 601 21422 795 1541 378 1453 1393 1795 214 14693
internal_value=2.42128e-06 -0.00180336 -0.00207007 0.000540409 0.0105864 0.00301717 0.00816288 0.00733185 0.0088767 0.00520704 0.00864335 0.0121698 -0.0028983 -0.000139929
internal_weight=246743 210788 206172 49658.4 35955.4 31176.7 23991.9 11483.6 23059.7 10918.4 8522.11 12141.2 156513 28103.1
internal_count=246743 140994 139122 50762 105749 38566 6415 22963 5814 3224 2846 2590 88360 14907
is_linear=0
shrinkage=0.05


Tree=14
num_leaves=15
num_cat=0
split_feature=29 17 22 27 24 45 0 28 36 43 24 42 28 47
split_gain=1702.67 251.962 158.931 151.244 156.91 194.855 138.757 122.274 102.778 105.18 99.9758 93.4167 92.0601 98.8184
threshold=0.58305892348289501 0.035098522901535041 6.7702026367187509 5.4722616672515878 0.079805977642536177 0.0023451970191672449 0.016001024283468727 2.9700856208801274 0.31318682432174688 3.9019216299057011 0.27105982601642614 1.0000000180025095e-35 2.4414010047912602 6.1954247951507577
decision_type=2 2 2 2 2 2 2 2 2 2 2 2 2 2
left_child=1 3 -2 -1 8 12 10 -4 9 -5 -3 -12 -6 -14
right_child=2 6 7 4 5 -7 -8 -9 -10 -11 11 -13 13 -15
leaf_value=-0.0040100882415021423 0.018595227867402253 0.00041984793425223378 -0.0087727152828266618 0.021300736873356603 -0.0053579781574921454 -0.002290272410156093 0.013522655360353625 0.0093150686971218231 -0.0034300635764038081 0.00067388742210412473 0.0060531851041314109 0.02985000562421149 0.0078522606767699177 -0.00084388558688418117
leaf_weight=83818.050064608455 4731.4606838319451 28420.00163317658 956.58653765916824 796.18499013781548 2034.3573526740074 19385.633262163028 2511.1408940330148 30267.31046128273 49916.103631908074 2650.9675607699901 2452.6875929832458 487.94898933172226 14062.490005834028 4252.0762157440186
leaf_count=57325 88522 15232 622 35 1068 16880 789 16605 23110 455 3718 394 21454 534
internal_value=2.47636e-06 -0.00171308 0.0100576 -0.00246947 -0.00108213 0.00129651 0.00223718 0.00875829 -0.00285319 0.00548588 0.0013295 0.0100896 0.00471295 0.00583393
internal_weight=246743 210788 35955.4 176916 93097.8 39734.6 33871.8 31223.9 53363.3 3447.15 31360.6 2940.64 20348.9 18314.6
internal_count=246743 140994 105749 120861 63536 39936 20133 17227 23600 490 19344 4112 23056 21988
is_linear=0
shrinkage=0.05


Tree=15
num_leaves=15
num_cat=0
split_feature=29 15 31 27 28 34 45 48 49 36 42 22 28 37
split_gain=1536.69 232.078 164.938 148.463 147.207 128.127 126.459 122.246 144.226 114.755 93.3211 224.413 236.967 101.617
threshold=0.58305892348289501 0.051249701529741294 0.80021008849143993 6.3162615299224862 3.979637980461121 0.042347943410277374 0.0026880840305238967 0.77346858382225048 0.48312476277351385 0.63275861740112316 1.0000000180025095e-35 6.7996129989624032 2.8029010295867924 0.89587974548339855
decision_type=2 2 2 2 2 2 2 2 2 2 2 2 2 2
left_child=1 2 10 4 -2 -4 -7 9 -9 -5 -1 -12 -13 -14
right_child=3 -3 5 7 -6 6 -8 8 -10 -11 11 12 13 -15
leaf_value=-0.0034721920562543925 -0.0021399004708491441 0.0051275156038584459 -0.004338273883924792 0.0062304608128534861 0.016245567935911018 0.0046460424120582378 -0.0016145245417619487 -0.0070502743340016341 0.0065233165252854691 0.015906395982848789 -0.0041095631806829366 0.00023686507102778175 0.0065538554360648664 0.022204229308923296
leaf_weight=119113.40576052666 1216.8404498696327 11983.365857543424 9805.6622200757265 6399.9480801820755 10158.221319744363 20252.623316898942 13393.741902574897 2433.5231786966324 9839.4809117913246 5907.3437424898148 20047.139286905527 12022.148245811462 2179.692626953125 1989.8629760742188
leaf_count=82947 2270 5666 8409 1819 95827 10096 11457 404 4393 1036 21193 979 244 3
internal_value=2.52043e-06 -0.00162727 -0.00203467 0.00955496 0.0142786 0.000688355 0.00215413 0.00736406 0.00382836 0.0108839 -0.0027963 -0.000574356 0.00380246 0.014058
internal_weight=246743 210788 198804 35955.4 11375.1 43452 33646.4 24580.3 12273 12307.3 155352 36238.8 16191.7 4169.56
internal_count=246743 140994 135328 105749 98097 29962 21553 7652 4797 2855 105366 22419 1226 247
is_linear=0
shrinkage=0.05


Tree=16
num_leaves=15
num_cat=0
split_feature=29 17 27 48 0 32 28 49 22 24 45 43 49 41
split_gain=1386.98 215.099 136.517 176.488 131.964 128.12 126.249 149.201 125.493 111.782 101.438 90.6109 84.4388 83.7404
threshold=0.58305892348289501 0.028991596773266796 6.327043056488038 0.77346858382225048 0.016001024283468727 3.2769666910171513 2.4414010047912602 0.16477250307798388 6.7984981536865243 0.27105982601642614 0.0048418764490634212 4.1666352748870858 0.52285438776016246 0.46428571641445165
decision_type=2 2 2 2 2 2 2 2 2 2 2 2 2 2
left_child=1 6 5 8 9 -2 -1 -8 -4 -3 -9 -6 -5 -11
right_child=2 4 3 12 11 -7 7 10 -10 13 -12 -13 -14 -15
leaf_value=-0.0044578447011219052 -0.0061866658807216562 3.8147588184192581e-05 -0.0052213874068484248 -0.0071004107478933017 0.017653467764561236 0.013749117308217868 -0.0023874818443191661 0.0037432191194516455 0.012014329433482841 0.033225408241218529 -0.0039574088559181288 -0.0052645848381111214 0.0039870083524076406 0.0066574340205318968
leaf_weight=50425.212740585208 847.77337697148323 37726.588879834861 1164.7100961208344 2354.6319234371185 1964.3218110948801 14513.222198525444 91662.04637998715 18950.77947055921 10812.261340856552 313.77564263343811 5513.0775560773909 546.81908293813467 6262.7587468624115 3685.0206296537071
leaf_count=18337 1396 20743 643 328 383 99761 63698 23026 2005 14 8736 406 1616 5651
internal_value=2.51787e-06 -0.00154585 0.00907771 0.00641167 0.00155309 0.0126456 -0.00236898 -0.00146163 0.0103353 0.000881662 0.00200693 0.0126618 0.000952743 0.00881984
internal_weight=246743 210788 35955.4 20594.4 44236.5 15361 166551 116126 11977 41725.4 24463.9 2511.14 8617.39 3998.8
internal_count=246743 140994 105749 4592 27197 101157 113797 95460 2648 26408 31762 789 1944 5665
is_linear=0
shrinkage=0.05


Tree=17
num_leaves=15
num_cat=0
split_feature=29 3 49 27 45 32 41 22 32 24 48 48 37 30
split_gain=1252.95 199.051 177.78 162.549 118.574 159.953 193.576 161.707 364.971 239.568 116.459 108.905 149.91 104.36
threshold=0.63953694701194774 0.015268065501004459 0.37746578454971319 6.3162615299224862 0.0062331673689186582 4.0859410762786874 0.65833333134651195 6.8007264137268075 4.1343660354614267 0.092506941407918944 0.74431845545768749 0.77346858382225048 1.0000000180025095e-35 0.007817887235432865
decision_type=2 2 2 2 2 2 2 2 2 2 2 2 2 2
left_child=1 2 4 -2 5 -1 7 8 -7 -10 -8 -5 -13 -4
right_child=3 -3 13 11 -6 6 10 -9 9 -11 -12 12 -14 -15
leaf_value=-0.0021619395157384648 0.014255730531423753 0.0088455965753872143 0.0082360012585910181 0.010015719885619105 -0.0050845209729503587 0.031046311729315254 0.019753396804093382 -0.0040273615743732644 -0.005000216374233207 0.010656721925834022 0.0043580683636148974 0.011272836851293922 -0.0011026471916966954 -0.0021795908774864398
leaf_weight=143711.72201259434 10339.346141211689 4628.65614387393 6997.7205483112484 11807.212407171726 26389.517962085083 1137.0644760131836 2108.6405983865261 11962.488379001617 6073.0980037692934 4073.2675173468888 2941.3641380220652 3688.2704654932022 7228.4636996388435 3656.1673832181841
leaf_count=57715 91731 1903 15678 2716 32883 30 118 1361 13682 19017 770 1257 2930 4952
internal_value=2.50648e-06 -0.00139916 -0.0016264 0.00905879 -0.00196435 -0.00148539 0.00195028 2.11568e-05 0.00431309 0.00128958 0.0108128 0.00668896 0.00308496 0.00466292
internal_weight=246743 213680 209051 33063.3 198397 172008 28295.9 23245.9 11283.4 10146.4 5050 22723.9 10916.7 10653.9
internal_count=246743 148109 146206 98634 125576 92693 34978 34090 32729 32699 888 6903 4187 20630
is_linear=0
shrinkage=0.05


Tree=18
num_leaves=15
num_cat=0
split_feature=29 0 23 35 27 47 1 48 37 36 41 36 22 44
split_gain=1130.87 189.617 179.98 158.774 146.71 123.887 110.667 98.2857 135.331 101.615 93.433 154.279 91.5116 90.5833
threshold=0.63953694701194774 0.010582306887954475 6.1622610092163095 0.06886716187000276 6.3162615299224862 4.3502571582794198 0.016261236742138866 0.77346858382225048 1.0000000180025095e-35 0.63275861740112316 0.65833333134651195 0.26006440818309789 6.5494942665100107 0.10496965050697328
decision_type=2 2 2 2 2 2 2 2 2 2 2 2 2 2
left_child=1 2 10 5 -2 -4 -3 9 -9 -6 12 -12 -1 -7
right_child=4 6 3 -5 7 13 -8 8 -10 -11 11 -13 -14 -15
leaf_value=0.015147292529846377 0.013543632584811022 0.0020789116901940323 -0.0043722527371220579 0.026802680634368487 0.0050913304003225865 -0.0021284672159483423 0.017025804595647797 0.010710719679389302 -0.0010475910867755469 0.014388556701746836 0.01049215263801569 -0.0010488400729730715 -0.002970244435122745 0.0079606975680683121
leaf_weight=690.69969609752297 10339.346141211689 22093.663251278922 5039.3942878842354 668.68392324447632 6199.5414102673531 3101.9642265737057 1302.3121283072978 3688.2704654932022 7228.4636996388435 5607.6709969043732 3206.8469498157501 28999.71844086051 140751.72618287802 7824.6980756819248
leaf_count=26809 91731 13269 3901 432 1731 2924 274 1257 2930 985 254 18143 78975 3128
internal_value=2.58153e-06 -0.00132905 -0.00185134 0.00311565 0.00860637 0.00210745 0.00291783 0.00635495 0.00293118 0.00951536 -0.00232731 0.000103211 -0.00288071 0.00509716
internal_weight=246743 213680 190284 16634.7 33063.3 15966.1 23396 22723.9 10916.7 11807.2 173649 32206.6 141442 10926.7
internal_count=246743 148109 134566 10385 98634 9953 13543 6903 4187 2716 124181 18397 105784 6052
is_linear=0
shrinkage=0.05


Tree=19
num_leaves=15
num_cat=0
split_feature=29 15 31 27 49 48 37 36 22 0 30 34 22 42
split_gain=1020.72 175.698 152.432 132.407 119.297 88.7137 122.169 91.7253 86.706 85.5785 81.5046 91.1208 79.8443 77.3699
threshold=0.63953694701194774 0.039938932284712798 0.80021008849143993 6.3162615299224862 0.35460552573204046 0.77346858382225048 1.0000000180025095e-35 0.63275861740112316 6.5494942665100107 0.015038444194942715 0.010060447268188001 0.042347943410277374 6.7929053306579599 1.0000000180025095e-35
decision_type=2 2 2 2 2 2 2 2 2 2 2 2 2 2
left_child=1 2 8 -2 10 7 -7 -5 -1 -3 11 -4 -13 -10
right_child=3 9 4 5 -6 6 -8 -9 13 -11 -12 12 -14 -15
leaf_value=0.014742253955593081 0.012867105188582393 0.0015047315231506604 -0.0036316437480836527 0.0048371737796065201 0.0071003127568446045 0.010176632065173401 -0.00099528394239316092 0.013670410397064348 -0.0031836079459504302 0.0095128992320770694 -0.0064976762322460045 0.0084497263379201132 0.00091527495783049265 -0.0004957154405340001
leaf_weight=718.04688297398388 10339.346141211689 15579.15465648286 8923.9505612701178 6199.5414102673531 6553.9069172292948 3688.2704654932022 7228.4636996388435 5607.6709969043732 114853.71806001663 4237.0161636509001 4519.5800649672747 4301.6571816802025 19078.219686210155 34914.456988140941
leaf_count=27865 91731 8782 7470 1731 6173 1257 2930 985 57928 1795 5269 7250 4040 21537
internal_value=2.67876e-06 -0.00126243 -0.00172085 0.0081767 0.000890408 0.00603785 0.00278506 0.00904041 -0.00247355 0.00322094 -0.000216471 0.000664061 0.00230456 -0.00255707
internal_weight=246743 213680 193864 33063.3 43377.3 22723.9 10916.7 11807.2 150486 19816.2 36823.4 32303.8 23379.9 149768
internal_count=246743 148109 137532 98634 30202 6903 4187 2716 107330 10577 24029 18760 11290 79465
is_linear=0
shrinkage=0.05


Tree=20
num_leaves=15
num_cat=0
split_feature=29 17 49 27 48 28 29 22 45 41 22 48 49 3
split_gain=921.308 162.593 120.562 119.631 124.104 117.452 155.793 106.546 87.6254 94.513 185.172 149.956 81.4747 81.196
threshold=0.63953694701194774 0.028991596773266796 0.01619622111320496 6.327043056488038 0.77346858382225048 2.4414010047912602 0.40005317330360418 6.7984981536865243 0.0070153877604752788 0.58571431040763866 6.7996129989624032 0.7751741111278535 0.18163566291332248 0.016261236742138866
decision_type=2 2 2 2 2 2 2 2 2 2 2 2 2 2
left_child=1 5 -3 -2 7 -1 8 -5 9 12 -11 -12 -7 -4
right_child=3 2 13 4 -6 6 -8 -9 -10 10 11 -13 -14 -15
leaf_value=-0.0039082192504622656 0.011344927076851512 -0.0017995017981460521 0.0028902968716736075 -0.0059459798454204148 0.00035139477974057169 -0.0023346361733316621 0.0064682360222466208 0.010099123691458042 -0.0047975282122936884 -0.0015148295968712838 0.022181229219082253 0.004723460461670265 0.0023111643028747384 0.014926409904884556
leaf_weight=51158.516196355224 13695.179997555912 17172.927639456466 25968.230507131666 1141.7913665771484 7784.4921767711639 65163.897046115249 6517.7385470084846 10441.829172611237 16871.559705734253 11548.927771776915 1607.4058723449707 5171.6599540710449 11026.78481407091 1472.0591085571796
leaf_count=18764 94273 8469 19814 632 1780 38342 18058 1949 25722 8002 23 451 10172 292
internal_value=2.68455e-06 -0.00119925 0.00148546 0.00776847 0.00523502 -0.00190773 -0.00103949 0.0085138 -0.00147933 -0.000886587 0.00233622 0.0088895 -0.00166205 0.00354119
internal_weight=246743 213680 44613.2 33063.3 19368.1 169066 117908 11583.6 111390 94518.7 18328 6779.07 76190.7 27440.3
internal_count=246743 148109 28575 98634 4361 119534 100770 2581 82712 56990 8476 474 48514 20106
is_linear=0
shrinkage=0.05


Tree=21
num_leaves=15
num_cat=0
split_feature=29 49 15 26 45 27 3 24 35 41 27 28 48 37
split_gain=831.51 152.252 194.513 133.826 117.791 110.118 97.1052 82.1582 91.9841 75.915 142.125 157.295 73.4022 105.901
threshold=0.63953694701194774 0.070613279938697829 0.0062696540262550124 0.95797204971313488 0.0048418764490634212 6.3162615299224862 0.016261236742138866 0.26360222697258001 0.046543655917048461 0.58571431040763866 5.4868674278259286 3.6242519617080693 0.77346858382225048 1.0000000180025095e-35
decision_type=2 2 2 2 2 2 2 2 2 2 2 2 2 2
left_child=1 3 -3 9 6 -2 7 -4 -9 -1 -11 -12 -7 -14
right_child=5 2 4 -5 -6 12 -8 8 -10 10 11 -13 13 -15
leaf_value=-0.0028404941430981252 0.011657673290561584 -0.0027044351754166823 0.0017299656266024457 0.032046556695718806 -0.0024054840201235116 0.0081609835556366132 0.01815767425767318 0.0056427702691348169 0.026017623134189261 -0.002080796980890573 -0.0038035812616703927 0.012743250060637777 0.0093529839989161673 -0.0010483948391330129
leaf_weight=107108.33383772895 10339.346141211689 29890.483625551686 30319.554376937449 274.54972767829895 10547.801615580916 11807.212407171726 1089.7268374878913 11091.341260431334 574.219437206164 16570.393907889724 2240.2765961885452 3973.0259399414062 3688.2704654932022 7228.4636996388435
leaf_count=60097 91731 18300 18357 30 13872 2716 136 24510 873 8637 3072 225 1257 2930
internal_value=2.66179e-06 -0.00113919 0.000527032 -0.00220818 0.00232849 0.00738029 0.003488 0.00310301 0.00666712 -0.00228304 0.000337688 0.00678058 0.00542982 0.0024711
internal_weight=246743 213680 83513.1 130167 53622.6 33063.3 43074.8 41985.1 11665.6 129892 22783.7 6213.3 22723.9 10916.7
internal_count=246743 148109 76048 72061 57748 98634 43876 43740 25383 72031 11934 3297 6903 4187
is_linear=0
shrinkage=0.05


Tree=22
num_leaves=15
num_cat=0
split_feature=49 32 15 39 27 48 36 45 35 27 42 22 28 30
split_gain=759.174 150.119 165.629 124.287 130.063 134.772 188.502 123.252 86.9469 81.6308 81.1932 156.728 152.874 123.275
threshold=0.37746578454971319 4.8374145030975351 0.043294245377182967 0.077305749058723464 6.3288288116455087 0.67796868085861217 0.7022230625152589 0.00574795762076974 0.016372911632061008 6.3162615299224862 1.0000000180025095e-35 6.7996129989624032 2.8029010295867924 0.0045350983273237952
decision_type=2 2 2 2 2 2 2 2 2 2 2 2 2 2
left_child=1 2 10 -3 -5 6 -6 8 9 -2 -1 -12 13 -13
right_child=7 3 -4 4 5 -7 -8 -9 -10 -11 11 12 -14 -15
leaf_value=-0.0026417190396444282 0.0099325913176678479 -0.0034377435484105965 0.0033045183005751587 0.011723593913157809 0.00031568358465815943 -0.007410047915373765 0.016754554101829529 -0.0022771058769148127 0.011202652190212598 0.0032395490677217921 -0.0027445141670751579 -0.0037708643248169091 0.011317400832678792 0.0055428916684679809
leaf_weight=130490.96421602368 7319.3550168443471 5866.8160371463746 15951.362388283014 5023.7400939501822 5826.6692488193512 2811.9866328239441 2478.9440803527832 3327.7046651374549 11903.339856693521 12079.758428573608 24951.276641413569 7296.986026763916 4509.0159301757812 6905.0806131362915
leaf_count=64323 26569 11683 6997 31827 1169 422 325 5566 67068 4933 24525 536 285 515
internal_value=2.75287e-06 -0.00111797 -0.00157058 0.00279057 0.00505507 0.00203392 0.00523638 0.0068656 0.00783796 0.00576867 -0.00201727 -0.000150832 0.00330747 0.000758221
internal_weight=246743 212113 190105 22008.2 16141.3 11117.6 8305.61 34630.2 31302.5 19399.1 174153 43662.4 18711.1 14202.1
internal_count=246743 142607 97181 45426 33743 1916 1494 104136 98570 31502 90184 25861 1336 1051
is_linear=0
shrinkage=0.05


Tree=23
num_leaves=15
num_cat=0
split_feature=49 17 30 32 39 27 35 32 32 49 48 48 36 3
split_gain=685.2 141.554 111.928 110.471 107.838 100.486 95.7755 90.2844 111.472 89.8122 94.0574 87.8634 150.06 74.759
threshold=0.37746578454971319 0.039230769500136382 0.01359207881614566 4.8374145030975351 0.077305749058723464 6.3288288116455087 0.015999968163669113 3.4498615264892583 6.1516542434692392 0.01619622111320496 0.6004912555217744 0.85981965065002453 0.85523810982704174 0.011173533275723459
decision_type=2 2 2 2 2 2 2 2 2 2 2 2 2 2
left_child=1 3 6 -1 -5 -6 7 -2 -9 -3 13 12 -7 -11
right_child=2 9 -4 4 5 11 -8 8 -10 10 -12 -13 -14 -15
leaf_value=-0.0019883537165769024 -0.0042414347768373571 -0.0015500771260001593 -0.0029510479730918988 -0.0040231389355893472 0.010500274037757633 -0.00055895581717019488 0.010708406836755363 0.011262503458980173 0.002954807672530875 0.0036235111056202489 0.0019101513300720354 -0.0076880946524448684 0.015556834980103965 0.015140464728900764
leaf_weight=164553.78537289798 2265.266428604722 10223.694158047438 2855.4173854142427 5272.2643890082836 4498.4519843906164 5082.7690172195435 12838.899527143687 6868.3228753786534 9802.2517507076263 2702.044742545113 12759.023355973884 2059.9060652256012 2007.5369992256165 2953.3658243548125
leaf_count=85193 3254 5028 4762 10801 27285 1041 68404 23910 3806 2267 8911 305 252 1524
internal_value=2.71865e-06 -0.001062 0.00652264 -0.00157232 0.00204506 0.00439034 0.00737465 0.00510983 0.0063823 0.00220683 0.00429238 0.00137838 0.00401952 0.009654
internal_weight=246743 212113 34630.2 183475 18920.9 13648.7 31774.7 18935.8 16670.6 28638.1 18414.4 9150.21 7090.31 5655.41
internal_count=246743 142607 104136 124877 39684 28883 99374 30970 27716 17730 12702 1598 1293 3791
is_linear=0
shrinkage=0.05


Tree=24
num_leaves=15
num_cat=0
split_feature=49 17 30 49 48 28 48 35 3 32 32 41 49 50
split_gain=618.424 129.297 101.033 97.2584 102.181 92.1509 99.354 86.6563 86.1952 83.0015 98.341 75.7609 100.319 57.6831
threshold=0.37746578454971319 0.025320513173937801 0.01359207881614566 0.01619622111320496 0.6004912555217744 3.7256208658218388 0.59665948152542125 0.016372911632061008 0.013072453904896976 3.4498615264892583 6.1516542434692392 0.65833333134651195 0.070613279938697829 0.060477657243609435
decision_type=2 2 2 2 2 2 2 2 2 2 2 2 2 2
left_child=1 5 7 -3 8 -1 11 9 -5 -2 -11 12 -7 -4
right_child=2 3 13 4 -6 6 -8 -9 -10 10 -12 -13 -14 -15
leaf_value=-0.0027093734832761029 -0.0038516164437496741 -0.0015255196536220397 0.002778073174810265 0.004388527643271677 0.0010652333684317767 -0.002040400031692547 -0.0012730551431077586 0.010378589289393114 0.015359007643236031 0.010606280264371423 0.0030029530273558195 0.019625514080335308 0.006840502167940023 -0.011799316136785367
leaf_weight=95113.428755303845 2339.9676261842251 20994.93926192075 1766.2644508033991 6791.2743068411946 23049.409367745742 5970.0227986574173 50293.724196525291 11909.326472349465 2428.4165947251022 7269.5510266888887 10255.89545661211 686.49697387218475 6785.1296532973647 1089.1529346108437
leaf_count=45645 3339 10668 3369 6131 17302 4452 46503 67536 1229 24553 3946 16 10661 1393
internal_value=2.68133e-06 -0.00100883 0.00619677 0.00112286 0.00284589 -0.00172364 -0.000252408 0.00700624 0.0072916 0.00498031 0.00616106 0.00356459 0.00268547 -0.00280401
internal_weight=246743 212113 34630.2 53264 32269.1 158849 63735.4 31774.7 9219.69 19865.4 17525.4 13441.6 12755.2 2855.42
internal_count=246743 142607 104136 35330 24662 107277 61632 99374 7360 31838 28499 15129 15113 4762
is_linear=0
shrinkage=0.05


Tree=25
num_leaves=15
num_cat=0
split_feature=49 49 15 48 26 45 3 29 35 32 32 41 27 28
split_gain=558.139 119.747 153.544 186.233 121.288 91.3267 69.962 74.2799 64.6442 70.8899 89.0226 62.9962 112.935 127.391
threshold=0.37746578454971319 0.070613279938697829 0.0062696540262550124 0.59665948152542125 0.95797204971313488 0.00574795762076974 0.011299795936793091 0.816553294658661 0.016996395774185661 3.4498615264892583 6.1516542434692392 0.58571431040763866 5.4868674278259286 3.6242519617080693
decision_type=2 2 2 2 2 2 2 2 2 2 2 2 2 2
left_child=1 4 -3 6 11 8 7 -4 9 -2 -11 -1 -13 -14
right_child=5 2 3 -5 -6 -7 -8 -9 -10 10 -12 12 13 -15
leaf_value=-0.0024631924730149106 -0.0035019102767695036 -0.0024214881240108713 0.0033266156640974517 0.00048818383027558098 0.030720621453497729 -0.0019828986346087131 0.015485561893090184 0.013265937791066851 0.009831492132219042 0.01016248160705803 0.0030860270886523115 -0.0017267851786032737 -0.0033529565786800187 0.011538379815740921
leaf_weight=108291.25118345767 2156.3954514563084 28171.55511903204 7823.3032378908247 40068.780815077946 274.54972767829895 3327.7046651374549 2230.7363331150264 2468.9690486174077 10908.257487429306 7684.1993436645716 10553.601019561291 16570.393907889724 2240.2765961885452 3973.0259399414062
leaf_count=61261 3331 16948 12331 37045 30 5566 1630 1428 64365 26771 4103 8637 3072 225
internal_value=2.65028e-06 -0.000958292 0.000556716 0.00215219 -0.0018898 0.00588709 0.00747173 0.00572148 0.0067241 0.00505804 0.00607151 -0.00196045 0.000429145 0.00617238
internal_weight=246743 212113 80763.3 52591.8 131349 34630.2 12523 10292.3 31302.5 20394.2 18237.8 131075 22783.7 6213.3
internal_count=246743 142607 69382 52434 73225 104136 15389 13759 98570 34205 30874 73195 11934 3297
is_linear=0
shrinkage=0.05


Tree=26
num_leaves=15
num_cat=0
split_feature=49 0 32 25 27 30 26 48 36 2 43 45 41 32
split_gain=503.736 114.793 108.28 97.7619 84.6695 84.1578 82.8819 72.1788 94.8271 68.5303 69.7877 68.3438 75.4786 126.516
threshold=0.37746578454971319 0.009569597430527212 4.8374145030975351 0.010367218405008318 6.3288288116455087 0.007817887235432865 0.95797204971313488 0.67796868085861217 0.85523810982704174 0.013245614245533945 4.2555875778198251 0.0062331673689186582 0.58571431040763866 4.0859410762786874
decision_type=2 2 2 2 2 2 2 2 2 2 2 2 2 2
left_child=1 2 6 -4 -5 -2 11 8 -6 -3 -11 12 -1 -14
right_child=5 9 3 4 7 -7 -8 -9 -10 10 -12 -13 13 -15
leaf_value=-0.0019873037281003818 0.0064786547744497451 0.00050964147040679438 -0.0019371398458080382 0.011278853504166171 0.0010267215990845252 -0.0012621273708190561 0.026467653506235991 -0.0066366497859759246 0.015943612557205427 0.0084854587717673614 -0.0024941291149525873 -0.004398166120508174 -0.00066550968849193566 0.0083557289426915479
leaf_weight=114092.30017744005 30668.405621781945 21988.549849368632 8387.8050261437893 3780.0384143404663 4120.4748401641846 3961.7523454669863 248.85252618789673 1789.1112492084503 1427.68714427948 6141.8257143720984 1887.4224359150976 22632.643858864903 20849.605795606971 4766.5248769968748
leaf_count=44565 98864 14309 10254 28613 820 5272 33 272 177 1723 2104 28646 10205 886
internal_value=2.68484e-06 -0.000910225 -0.0013825 0.00213692 0.0052097 0.00559299 -0.00180481 0.00207188 0.00488701 0.00195419 0.00590461 -0.00184977 -0.00143665 0.00101572
internal_weight=246743 212113 182095 19505.1 11117.3 34630.2 162590 7337.27 5548.16 30017.8 8029.25 162341 139708 25616.1
internal_count=246743 142607 124471 40136 29882 104136 84335 1269 997 18136 3827 84302 55656 11091
is_linear=0
shrinkage=0.05


Tree=27
num_leaves=15
num_cat=0
split_feature=29 45 49 43 47 50 26 0 27 48 22 42 32 30
split_gain=454.899 116.566 146.63 116.658 151.18 132.476 102.698 87.2207 79.0867 86.3276 79.4325 75.582 110.865 86.2715
threshold=0.66039952635765087 0.0062331673689186582 0.070613279938697829 3.9415346384048466 4.182021141052247 0.086833167821168913 0.95797204971313488 0.011173533275723459 6.327043056488038 0.77346858382225048 6.7984981536865243 1.0000000180025095e-35 4.0859410762786874 0.0047643799334764489
decision_type=2 2 2 2 2 2 2 2 2 2 2 2 2 2
left_child=1 2 6 7 -5 -6 11 -4 -2 10 -10 -1 13 -13
right_child=8 -3 3 4 5 -7 -8 -9 9 -11 -12 12 -14 -15
leaf_value=-0.0021984761540279675 0.0085359160673687991 -0.0037097343259458434 -0.0021531761391348869 0.015558712077929802 0.0018325360451537237 0.018188066306035502 0.028829123159669592 0.0084288061236477644 -0.0063120588623483444 -0.00065231752262846104 0.0076199292486096642 -0.0023135330883813374 0.0076262661502999873 0.0058970301513527161
leaf_weight=89909.17130596377 13131.91844220832 30142.210074322298 22910.085849080235 2270.3477975130081 40339.90716413036 1267.4880821723491 269.48294711112976 2118.2322405148298 1128.7659809589386 7571.2466974258423 10258.699333190918 16556.312242463231 4913.9084129035473 3955.2233061790466
leaf_count=43922 89992 38605 8964 543 48283 1157 28 765 625 1742 1917 8184 1313 703
internal_value=2.67051e-06 -0.000827498 -0.000356471 0.0014691 0.00302264 0.00233503 -0.00144464 -0.00125458 0.00555415 0.00348539 0.00623461 -0.00151787 0.000888813 -0.000728195
internal_weight=246743 214652 184510 68906.1 43877.7 41607.4 115604 25028.3 32090.6 18958.7 11387.5 115335 25425.4 20511.5
internal_count=246743 152467 113862 59712 49983 49440 54150 9729 94276 4284 2542 54122 10200 8887
is_linear=0
shrinkage=0.05


Tree=28
num_leaves=15
num_cat=0
split_feature=49 1 32 25 27 28 35 48 36 50 45 42 36 20
split_gain=416.721 102.918 104.188 92.8732 93.9276 75.1134 63.7715 62.9055 81.6677 60.6908 57.2498 72.2482 99.6762 86.1275
threshold=0.37746578454971319 0.011173533275723459 4.8374145030975351 0.010488000698387625 6.3288288116455087 2.9700856208801274 0.015999968163669113 0.67796868085861217 0.85523810982704174 0.056238410994410522 0.0062331673689186582 1.0000000180025095e-35 0.26006440818309789 0.0068486488889902839
decision_type=2 2 2 2 2 2 2 2 2 2 2 2 2 2
left_child=1 2 10 -4 -5 -2 9 8 -6 -7 11 -1 -13 -14
right_child=5 -3 3 4 7 6 -8 -9 -10 -11 -12 12 13 -15
leaf_value=-0.0018340580684852198 -0.0044538494201551869 0.0025377991173766712 -0.0016681994108254717 0.011569679656972851 0.00096754988268863351 0.0044222747931815512 0.0083640679588650804 -0.0061755163748838538 0.014495603667541851 -0.0096389084736478656 -0.0038334376671166162 0.0084680905351517139 -0.0028461964832197186 0.0024058479498420796
leaf_weight=112193.01096068323 1939.9893434345722 20510.666698290035 8715.5852462165058 3818.3805377557874 4273.9481501579285 18851.396769853309 13048.015531044453 1802.0050754547119 1500.4870090484619 790.75632291659713 24334.024501442909 3742.6097049713135 15232.498791381717 15989.625233486295
leaf_count=43430 1921 12443 10338 29952 849 31639 69067 273 186 1509 30254 323 7771 6788
internal_value=2.70955e-06 -0.000827617 -0.00118799 0.00221603 0.00518583 0.0050873 0.00565471 0.00195748 0.0045018 0.00385158 -0.00158728 -0.00121562 0.000768754 -0.000156585
internal_weight=246743 212113 191602 20110.4 11394.8 34630.2 32690.2 7576.44 5774.44 19642.2 171492 147158 34964.7 31222.1
internal_count=246743 142607 130164 41598 31260 104136 102215 1308 1035 33148 88566 58312 14882 14559
is_linear=0
shrinkage=0.05


Tree=29
num_leaves=15
num_cat=0
split_feature=29 29 17 26 51 42 32 36 32 48 30 22 3 17
split_gain=376.51 101.724 141.589 99.356 73.3688 70.4233 88.3751 75.1634 69.2155 82.7808 66.3494 65.0124 64.7277 54.4142
threshold=0.73167261481285106 0.038054971024394042 0.010152545757591726 0.79145154356956493 1.0000000180025095e-35 1.0000000180025095e-35 2.1383330821990971 0.31318682432174688 6.1601512432098398 0.77346858382225048 0.011545389890670778 6.7984981536865243 0.016001024283468727 0.080128207802772536
decision_type=2 2 2 2 2 2 2 2 2 2 2 2 2 2
left_child=1 13 -3 4 5 -4 -7 -8 -2 11 12 -10 -5 -1
right_child=8 2 3 10 -6 6 7 -9 9 -11 -12 -13 -14 -15
leaf_value=-0.0025628220280769637 0.0083327288212921621 -0.0020313547293699134 -0.0014121085550820121 0.0036458073389554094 0.011138962373439146 0.012762119240974649 0.011691454545562849 -0.00028371471678921415 -0.0056068178678311698 -0.00094640035636669973 -0.0014479815772319069 0.0074407188612443708 0.015357450901771173 0.0073285554104118751
leaf_weight=64509.793517449871 11660.427343705669 54735.013495976105 43370.961262926459 30056.911896983162 1400.6955470703542 1857.2054042816162 1473.1558913588524 11241.856085792184 1054.5374295711517 6809.9233837127686 6484.8971854001284 9456.7349891662598 1219.2764666378498 1411.609976105392
leaf_count=38392 74864 37238 20209 18519 37655 77 121 6817 587 1589 8097 1780 165 633
internal_value=2.62023e-06 -0.000709993 2.09533e-06 0.00114838 -0.000127498 -0.000401724 0.00260437 0.00111182 0.00535544 0.00334751 0.003153 0.00612765 0.00410714 -0.00234993
internal_weight=246743 217761 151840 97105 59343.9 57943.2 14572.2 12715 28981.6 17321.2 37761.1 10511.3 31276.2 65921.4
internal_count=246743 167923 128898 91660 64879 27224 7015 6938 78820 3956 26781 2367 18684 39025
is_linear=0
shrinkage=0.05


Tree=30
num_leaves=15
num_cat=0
split_feature=49 0 32 25 27 26 43 35 50 42 28 48 36 25
split_gain=345.664 93.0123 73.6799 73.6781 67.7483 66.7562 66.1393 69.5948 63.2465 56.8098 78.1478 55.6125 74.3419 53.0109
threshold=0.37746578454971319 0.009569597430527212 4.8374145030975351 0.010367218405008318 6.3288288116455087 0.95797204971313488 3.9019216299057011 0.015999968163669113 0.056238410994410522 1.0000000180025095e-35 2.0126758217811589 0.67796868085861217 0.85523810982704174 0.0057312147691845903
decision_type=2 2 2 2 2 2 2 2 2 2 2 2 2 2
left_child=1 2 5 -4 -5 -1 -2 8 -8 -3 -11 12 -6 -12
right_child=6 9 3 4 11 -7 7 -9 -10 10 13 -13 -14 -15
leaf_value=-0.0015674508142216434 -0.0053350806627139912 0.00059401626146562741 -0.0018122559069107917 0.0098208214945800041 0.00063966405891525415 0.023846137544020589 0.0038603128423926243 0.0079617795570672886 -0.0098821467832393081 0.018668039068908786 -0.0024268240243566948 -0.0060578912278906093 0.013846609005291964 0.0070886446639672187
leaf_weight=162341.0747089088 1580.0618953853846 22746.361903836951 8387.8050261437893 3780.0384143404663 4120.4748401641846 248.85252618789673 19192.282686697319 12991.794405754656 866.01897941157222 988.29729843139648 2306.3213239908218 1789.1112492084503 1427.68714427948 3976.8174733966589
leaf_count=84302 927 14409 10254 28613 820 33 32611 68890 1708 78 1487 272 177 2162
internal_value=2.61771e-06 -0.000753612 -0.00117873 0.00172444 0.00439205 -0.00152709 0.00463347 0.00511152 0.00326235 0.00182477 0.00566867 0.00158568 0.00405695 0.00359754
internal_weight=246743 212113 182095 19505.1 11117.3 162590 34630.2 33050.1 20058.3 30017.8 7271.44 7337.27 5548.16 6283.14
internal_count=246743 142607 124471 40136 29882 84335 104136 103209 34319 18136 3727 1269 997 3649
is_linear=0
shrinkage=0.05


Tree=31
num_leaves=15
num_cat=0
split_feature=29 22 31 3 48 35 48 48 26 45 38 3 27 49
split_gain=315.732 95.9818 98.4604 99.3097 82.2972 73.6567 63.593 112.108 63.2785 58.7395 71.1731 56.6031 49.0502 38.6155
threshold=0.816553294658661 6.5494942665100107 0.66450217366218578 0.009569597430527212 0.66736313700675975 0.012773240916430952 0.39428746700286871 0.52704340219497692 0.95797204971313488 0.0026880840305238967 2.2499048709869389 0.015749008394777778 6.3062603473663339 0.49546301364898687
decision_type=2 2 2 2 2 2 2 2 2 2 2 2 2 2
left_child=1 -1 -3 5 6 -4 -5 -8 -6 10 -7 -9 -2 -11
right_child=12 2 3 4 8 9 7 11 -10 13 -12 -13 -14 -15
leaf_value=0.010254535909233128 0.010039845749224535 -0.0025171759625414831 -0.0014032025880894483 -0.0028543760309303595 0.00071191082101632671 0.0022638540588547362 0.020970706987980571 0.001864252409280235 0.027402782148905031 -0.0012394054112670519 0.015593410226132448 0.01603210809519472 0.0042626301992003393 0.0060987128800813473
leaf_weight=2006.7408947460353 4456.6080104708672 55781.938669681549 93240.002979204059 1187.1222232729197 16837.567868709564 21067.021321043372 1602.5082705318928 2951.4304454475641 215.04249757528305 22536.511400863528 1041.915914863348 917.59043481945992 20963.232147544622 1937.7667973637581
leaf_count=77528 36587 41831 47851 229 9054 9184 262 806 34 13362 149 47 7788 2031
internal_value=2.60689e-06 -0.000603624 -0.000703439 -8.46531e-05 0.00290673 -0.000592104 0.00761631 0.00988912 0.00106436 0.00103133 0.00289879 0.00525702 0.00527904 -0.000656152
internal_weight=246743 221323 219316 163534 23711.3 139823 6658.65 5471.53 17052.6 46583.2 22108.9 3869.02 25419.8 24474.3
internal_count=246743 202368 124840 83009 10432 72577 1344 1115 9088 24726 9333 853 44375 15393
is_linear=0
shrinkage=0.05


Tree=32
num_leaves=15
num_cat=0
split_feature=49 45 32 48 41 49 33 22 32 40 41 1 43 35
split_gain=286.451 81.2246 113.242 145.149 94.5683 137.659 78.1055 117.65 233.288 67.2574 78.6656 84.0909 82.2805 60.9293
threshold=0.38945353031158453 0.0062331673689186582 4.0859410762786874 0.78188824653625499 0.65833333134651195 0.019229177385568622 1.7005987167358401 6.8007264137268075 4.5641312599182138 0.0048813032917678365 0.90454545617103588 0.0082305916585028189 6.0509114265441903 0.06886716187000276
decision_type=2 2 2 2 2 2 2 2 2 2 2 2 2 2
left_child=1 2 9 4 5 -4 7 8 -7 -1 11 -11 -12 -2
right_child=13 -3 3 -5 -6 6 -8 -9 -10 10 12 -13 -14 -15
leaf_value=-0.0021567552725027966 0.0038842764960166616 -0.0031599017447239697 -0.0034519849550380421 -0.0019963704813387019 0.011740440064464652 0.028792963481365088 0.010933659246835217 -0.0013811997657683145 0.0020286475984653916 -0.00099559655111494346 1.3215377748066898e-05 0.0031712421179788093 0.019228688207083837 0.015650638544830203
leaf_weight=62725.598307266831 32603.158646708354 28484.352906903252 5700.8378827795386 13454.913166198879 3778.1867177039385 1137.0644760131836 4788.2534805200994 5821.5419144630432 2811.4241535291076 67333.841906651855 1156.692235827446 14752.326686307788 1064.7511901855469 1130.0562050789595
leaf_count=25457 100642 34090 5104 18477 270 30 1531 578 25876 27412 636 5509 42 1089
internal_value=2.69434e-06 -0.000675319 -0.000291635 0.00216092 0.00448783 0.00313014 0.00570822 0.0031387 0.00978936 -0.00091712 5.32616e-06 -0.000246447 0.0092682 0.00428297
internal_weight=246743 213010 184525 37492.2 24037.3 20259.1 14558.3 9770.03 3948.49 147033 84307.6 82086.2 2221.44 33733.2
internal_count=246743 145012 110922 51866 33389 33119 28015 26484 25906 59056 33599 32921 678 101731
is_linear=0
shrinkage=0.05


Tree=33
num_leaves=15
num_cat=0
split_feature=29 28 37 35 43 47 3 41 22 24 50 49 48 22
split_gain=264.369 86.0125 110.135 133.062 103.115 93.0622 152.784 86.7931 147.001 83.454 132.7 68.1985 64.0927 62.5355
threshold=0.816553294658661 2.4414010047912602 1.5890269279479983 0.050022674724459655 6.0509114265441903 4.2696731090545663 0.0096620614640414732 0.58571431040763866 6.7984981536865243 0.16606253385543826 0.091573208570480361 0.19811070710420611 0.47057749330997473 6.7702026367187509
decision_type=2 2 2 2 2 2 2 2 2 2 2 2 2 2
left_child=1 -1 3 5 -4 6 7 11 -9 -7 13 -3 -8 -11
right_child=-2 2 4 -5 -6 9 12 8 -10 10 -12 -13 -14 -15
leaf_value=-0.0021131019178068891 0.0048309454475820527 -0.001052877783730456 -0.0020797636416929294 0.021506205835089762 0.0052492401022971504 -0.0018190001506315865 0.024118723118494591 -0.0018825780116303603 0.012157023784311181 0.0094683803393938552 -0.015903775649980339 0.010160360610599405 0.0082315298647839003 0.0017881244172479221
leaf_weight=63075.93994449079 25419.84015801549 18791.483013674617 60378.221972970292 788.24621026404202 5204.0637503862381 33828.004153361544 709.39475774765015 3304.995316311717 4260.5621910095215 3051.3612123262137 977.60175300389528 1451.3781122863293 5692.1427664607763 19809.764563828707
leaf_count=22985 44375 10377 44737 1848 1600 23963 151 4043 302 74373 2025 1553 2189 12222
internal_value=2.72638e-06 -0.000552007 7.0326e-05 0.00117996 -0.00149748 0.00100325 0.00306889 0.0014641 0.00602947 -0.000222474 0.00204287 -0.000244288 0.010027 0.00281693
internal_weight=246743 221323 158247 92664.9 65582.3 91876.7 34210 27808.4 7565.56 57666.7 23838.7 20242.9 6401.54 22861.1
internal_count=246743 202368 179383 133046 46337 131198 18615 16275 4345 112583 88620 11930 2340 86595
is_linear=0
shrinkage=0.05


Tree=34
num_leaves=15
num_cat=0
split_feature=29 45 49 15 26 47 27 48 32 43 42 22 37 42
split_gain=238.588 80.6297 106.532 78.1249 75.8372 64.3682 99.6923 91.5386 57.0705 52.1004 50.435 79.5554 78.299 45.4392
threshold=0.816553294658661 0.0062331673689186582 0.070613279938697829 1.0000000180025095e-35 0.95797204971313488 6.1933839321136483 6.3306114673614511 0.6004912555217744 1.0000000180025095e-35 3.5972183942794804 1.0000000180025095e-35 6.7996129989624032 0.89587974548339855 1.4978661537170412
decision_type=2 2 2 2 2 2 2 2 2 2 2 2 2 2
left_child=1 2 4 -4 10 6 7 9 -9 -5 -1 -12 -13 -7
right_child=-2 -3 3 5 -6 13 -8 8 -10 -11 11 12 -14 -15
leaf_value=-0.0017119607951170169 0.0045894931617551857 -0.0029161280772078278 -0.0009576892163931102 -0.0023914467908354798 0.024920592289161582 -0.0022670046516195144 0.013981960813583489 0.019319073276366665 0.0014103652689209613 0.010121878750115935 -0.0020339474618756982 -0.00031505830533596902 0.007464782521749468 0.0099191520229690057
leaf_weight=90139.864789800718 25419.84015801549 30385.149982022122 25027.290660524741 978.13371269404888 269.48294711112976 8800.6949117183685 2076.8394818305969 441.31396198272705 31525.706103393808 5425.435603518039 12500.330376073718 6494.4522733688354 6430.6613121032715 827.80360198020935
leaf_count=44474 44375 38694 18072 300 28 1409 307 43 68904 19872 9301 745 154 65
internal_value=2.7373e-06 -0.000524253 -0.000143487 0.00132315 -0.00109444 0.00246305 0.00333753 0.00275789 0.00166356 0.00820974 -0.00115725 0.000809245 0.00355844 -0.0012101
internal_weight=246743 221323 190938 75103.2 115835 50075.9 40447.4 38370.6 31967 6403.57 115565 25425.4 12925.1 9628.5
internal_count=246743 202368 163674 108972 54702 90900 89426 89119 68947 20172 54674 10200 899 1474
is_linear=0
shrinkage=0.05


Tree=35
num_leaves=15
num_cat=0
split_feature=49 3 35 32 29 15 51 42 22 37 47 17 27 50
split_gain=215.913 74.1212 71.2761 84.3189 68.026 98.8759 60.9389 75.625 89.8034 107.357 50.4762 45.6047 44.9781 56.0732
threshold=0.42479352653026586 0.015268065501004459 0.06886716187000276 3.4175922870635991 0.041481275111436851 0.0066890381276607522 1.0000000180025095e-35 1.0000000180025095e-35 6.7996129989624032 0.89587974548339855 4.2483932971954355 0.080128207802772536 6.2897002696990976 0.056238410994410522
decision_type=2 2 2 2 2 2 2 2 2 2 2 2 2 2
left_child=1 4 3 -2 11 -6 7 -7 -9 -10 -3 -1 -5 -14
right_child=2 10 -4 12 5 6 -8 8 9 -11 -12 -13 13 -15
leaf_value=-0.002117422317481083 -0.0044508771138290961 0.010646833029106365 0.017492972179693794 0.0087241536827233294 -0.0018293653915642553 -0.00086155477949094992 0.0031265651550006937 -0.00027779059621231187 0.00017620462214942763 0.011746931828545838 0.00022322510566702121 0.011149284457839215 0.0038499805058144717 -0.010003029618025773
leaf_weight=68141.904732668772 3034.0715797394514 2425.8024422079325 921.82565986551344 4785.0402726512402 51277.962786642835 49160.016959220171 23218.066262524575 9937.1270235478878 3505.6530914306641 4673.142240524292 2220.7411896027625 644.21970662102103 22051.291725993156 746.13420289754868
leaf_count=39984 3923 647 856 72814 33531 23564 44125 8123 414 127 1459 314 15946 916
internal_value=2.76078e-06 -0.000563507 0.00386569 0.00344981 -0.000701467 -7.54272e-05 0.000918525 0.000156142 0.00291675 0.00679368 0.00567621 -0.00199157 0.00432019 0.0033924
internal_weight=246743 215205 31538.4 30616.5 210558 141772 90494 67275.9 18115.9 8178.8 4646.54 68786.1 27582.5 22797.4
internal_count=246743 152288 94455 93599 150182 109884 76353 32228 8664 541 2106 40298 89676 16862
is_linear=0
shrinkage=0.05


Tree=36
num_leaves=15
num_cat=0
split_feature=29 28 37 35 43 47 3 41 22 44 22 32 27 38
split_gain=197.42 74.7292 90.8546 110.926 85.8747 85.5306 128.813 73.0705 125.642 69.1675 66.2954 64.6971 131.063 80.2351
threshold=0.816553294658661 2.4414010047912602 1.5890269279479983 0.050022674724459655 6.0509114265441903 4.2696731090545663 0.0096620614640414732 0.58571431040763866 6.7984981536865243 0.1067219339311123 6.7702026367187509 3.5114340782165532 6.3306114673614511 2.2499048709869389
decision_type=2 2 2 2 2 2 2 2 2 2 2 2 2 2
left_child=1 -1 3 5 -4 6 7 -3 -9 -7 -11 12 13 -12
right_child=-2 2 4 -5 -6 9 -8 8 -10 10 11 -13 -14 -15
leaf_value=-0.0019317576455555503 0.004175033029817656 -0.00011095952643020815 -0.0018519447887743686 0.019669965183009418 0.0048363521376576929 -0.0022799785515834792 0.0093191787079858479 -0.0016693033422242852 0.011310456132410829 0.0083510922344188811 -0.00022353149279846432 -0.0015254046687327633 0.013569659294386081 0.017717768842661429
leaf_weight=63075.93994449079 25419.84015801549 20242.861125960946 60378.221972970292 788.24621026404202 5204.0637503862381 23940.136185757816 6401.5375242084265 3304.995316311717 4260.5621910095215 2972.5247491784394 10706.758824497461 16954.470031797886 2441.1908750534058 651.65101623535156
leaf_count=22985 44375 11930 44737 1848 1600 21746 2340 4043 302 75458 4610 10407 334 28
internal_value=2.71919e-06 -0.000476655 0.000103422 0.00111126 -0.00132056 0.000949914 0.0029302 0.00145663 0.00564556 -0.000225166 0.00123364 0.000543218 0.00308403 0.000820471
internal_weight=246743 221323 158247 92664.9 65582.3 91876.7 34210 27808.4 7565.56 57666.7 33726.6 30754.1 13799.6 11358.4
internal_count=246743 202368 179383 133046 46337 131198 18615 16275 4345 112583 90837 15379 4972 4638
is_linear=0
shrinkage=0.05


Tree=37
num_leaves=15
num_cat=0
split_feature=29 0 35 45 41 47 49 27 48 36 35 50 43 43
split_gain=178.164 71.8691 65.6122 62.4307 49.4278 58.646 44.6001 41.971 77.3301 51.9929 42.8815 39.6971 39.5199 38.97
threshold=0.816553294658661 0.009569597430527212 0.012101958040148022 0.0024282021913677458 0.84523808956146251 6.1933839321136483 0.01619622111320496 6.327043056488038 0.78188824653625499 0.63275861740112316 0.01621632277965546 0.019072555936872963 3.979637980461121 3.5408543348312382
decision_type=2 2 2 2 2 2 2 2 2 2 2 2 2 2
left_child=1 2 11 4 5 12 -3 -2 9 10 -9 -1 -4 -8
right_child=7 6 3 -5 -6 -7 13 8 -10 -11 -12 -13 -14 -15
leaf_value=-0.001242389149390807 0.0064956339003387409 -0.00074101690434107115 0.00017172518395212579 -0.00078036413435809992 0.012785247364820044 -0.0015742630697856211 -0.0039228843209216041 -0.0018191126895895462 -0.0020043326805640987 0.0092770013276796733 0.0076862763130874411 -0.00494137941840192 0.0054199218356275562 0.0039088357487932828
leaf_weight=119927.98600799777 9964.056802302599 11139.402219451964 5364.0315936356783 37693.677132826298 1093.2944892048836 7886.5897107124329 1734.5243924707174 3138.008225440979 6169.8598880767822 4252.8010866641998 1895.1141555309296 7711.8990575280041 10821.926281090826 17949.828833203763
leaf_count=74205 40810 5378 1382 47652 129 1301 1131 848 1436 771 510 11001 40286 19903
internal_value=2.74403e-06 -0.000452652 -0.000815096 0.00050713 0.0024351 0.00195991 0.00178689 0.00396636 0.00233264 0.00521332 0.00176808 -0.00146625 0.00368185 0.00321709
internal_weight=246743 221323 190499 62859.5 25165.8 24072.5 30823.8 25419.8 15455.8 9285.92 5033.12 127640 16186 19684.4
internal_count=246743 202368 175956 90750 43098 42969 26412 44375 3565 2129 1358 85206 41668 21034
is_linear=0
shrinkage=0.05


Tree=38
num_leaves=15
num_cat=0
split_feature=49 15 26 49 48 35 32 48 43 45 43 45 38 43
split_gain=163.418 62.2233 61.9886 67.4658 72.2097 59.7386 69.8401 58.0608 61.3184 45.9859 51.4249 83.4951 50.3515 50.9897
threshold=0.42479352653026586 0.018018382601439956 0.95279383659362804 0.01619622111320496 0.59665948152542125 0.06886716187000276 3.4175922870635991 0.38236925005912786 3.5408543348312382 0.00574795762076974 3.9415346384048466 0.00017712706176098439 2.2499048709869389 6.0509114265441903
decision_type=2 2 2 2 2 2 2 2 2 2 2 2 2 2
left_child=1 9 3 -3 7 6 -2 -5 -9 10 -1 -12 -13 -14
right_child=5 2 -4 4 -6 -7 -8 8 -10 -11 11 12 13 -15
leaf_value=-0.0016412365377520485 -0.0042074982603354421 -0.0013998964902380469 0.024291651788376955 0.00041829525140238579 0.00075076162922851821 0.015838597601169294 0.0037748417255482631 -0.002501042004175019 0.010669124497588807 -0.0031260300086437156 -0.0027116008041538058 0.0010225958047031507 1.2857419473329291e-05 0.016873368012330883
leaf_weight=67263.264239752665 3034.0715797394514 21794.216262826696 272.08037593960762 3338.7831272557378 26139.271580029279 921.82565986551344 27582.466201541945 1051.1332136541605 5431.7766386512667 21999.476677911356 17103.76178866066 48999.148927537724 797.8826470375061 1013.8409557342529
leaf_count=25244 3923 11596 63 2989 20167 856 89676 490 5443 25858 12773 47090 535 40
internal_value=2.66503e-06 -0.000489978 0.000909179 0.00079484 0.00212498 0.00336335 0.00298268 0.00577783 0.00853316 -0.00100655 -0.000661409 0.00030912 0.00132628 0.00948883
internal_weight=246743 215205 58027.3 57755.2 35961 31538.4 30616.5 9821.69 6482.91 157177 135178 67914.6 50810.9 1811.72
internal_count=246743 152288 40748 40685 29089 94455 93599 8922 5933 111540 85682 60438 47665 575
is_linear=0
shrinkage=0.05


Tree=39
num_leaves=15
num_cat=0
split_feature=49 15 24 45 32 26 24 18 3 37 48 34 32 27
split_gain=148.314 92.5495 81.7901 58.852 68.8814 56.9183 50.0903 45.8171 45.2569 34.1637 34.0565 75.0121 33.8971 48.8094
threshold=0.10784590989351274 1.0000000180025095e-35 0.8129870891571046 0.00574795762076974 4.0517470836639413 0.95797204971313488 0.8457605540752412 6.0787878036499032 0.016261236742138866 4.4714918136596689 0.77870926260948192 0.54523149132728588 3.979637980461121 6.3306114673614511
decision_type=2 2 2 2 2 2 2 2 2 2 2 2 2 2
left_child=5 3 7 4 -2 -1 -5 -3 9 12 -4 -12 13 -9
right_child=1 2 10 6 -6 -7 -8 8 -10 -11 11 -13 -14 -15
leaf_value=-0.0010019573723059564 -0.0013988821654042577 0.0086289649669114756 0.0093651397838962827 -0.0026579865390169901 0.0044569373449069964 0.021295659776708817 -0.013826961312759116 0.0015739435549099786 0.011626873775464458 0.0047802047659921939 -0.0069474682100545589 0.0057600416296084119 -0.00063157160776586708 0.012390939905815478
leaf_weight=152328.87991312519 17451.436847344041 2212.919927040115 4629.3017020374537 3891.4397387616336 7039.2839673701674 276.76068639755249 1346.0904724001884 14696.099026799202 1023.4944847971201 5385.2003321647644 1309.2868346124887 9767.2507863491774 24272.543967954814 1113.0111889839172
leaf_count=85955 9676 73373 2012 4982 22967 31 1543 10496 133 1273 949 10790 22394 169
internal_value=2.64941e-06 0.00156334 0.0026283 -0.000744121 0.000285368 -0.000960126 -0.00554939 0.00161585 0.00128025 0.00104483 0.00576484 0.00425306 0.000541898 0.00234285
internal_weight=246743 94137.4 64409.1 29728.3 24490.7 152606 5237.53 48703.3 46490.3 45466.9 15705.8 11076.5 40081.7 15809.1
internal_count=246743 160757 121589 39168 32643 85986 6525 107838 34465 34332 13751 11739 33059 10665
is_linear=0
shrinkage=0.05


Tree=40
num_leaves=15
num_cat=0
split_feature=49 0 35 32 28 45 49 26 51 48 32 22 33 30
split_gain=133.977 56.3417 54.5461 60.7874 48.0533 46.3976 55.2837 49.0633 38.9966 40.8797 71.5402 61.5303 51.6801 40.5194
threshold=0.42479352653026586 0.009569597430527212 0.06886716187000276 3.4175922870635991 2.4414010047912602 0.0070153877604752788 0.070613279938697829 0.95797204971313488 1.0000000180025095e-35 0.82537293434143078 6.1601512432098398 6.8007264137268075 1.2424533367156985 0.00025649728195276117
decision_type=2 2 2 2 2 2 2 2 2 2 2 2 2 2
left_child=1 4 3 -2 -1 6 7 -6 -8 12 11 -11 13 -10
right_child=2 -3 -4 -5 5 -7 8 -9 9 10 -12 -13 -14 -15
leaf_value=-0.0020328229766229159 -0.004025983705750507 0.0015498854382580574 0.014965896179154742 0.0034209348809597475 -0.00086319054303465404 -0.002651658865524945 0.00039205429455746145 0.022414974731130886 -0.0054472366661535258 0.0016461588312393517 -0.0065404131421938809 0.018386300873479946 0.0094970742735441208 0.0047030961897669031
leaf_weight=53610.888156682253 3034.0715797394514 30427.49820715934 921.82565986551344 27582.466201541945 68069.914629552513 17505.197749843821 29541.037911236286 217.12641024589539 1309.8918445464224 3264.5463577285409 2355.6364505290985 650.49696969985962 4401.3391096610576 3851.0626381058246
leaf_count=19675 3923 19571 856 89676 37541 25138 13829 20 670 7923 394 89 1358 26080
internal_value=2.62518e-06 -0.000443439 0.00304555 0.00268188 -0.000771748 -0.0002562 0.000112931 -0.000785904 0.00146554 0.00346692 0.000328353 0.00446734 0.00552261 0.00212131
internal_weight=246743 215205 31538.4 30616.5 184777 131166 113661 68287 45374 15833 6270.68 3915.04 9562.29 5160.95
internal_count=246743 152288 94455 93599 132717 113042 87904 37561 50343 36514 8406 8012 28108 26750
is_linear=0
shrinkage=0.05


Tree=41
num_leaves=15
num_cat=0
split_feature=49 15 24 45 32 26 24 18 3 1 44 30 48 50
split_gain=122.163 79.2054 71.0055 51.3105 58.9179 47.2524 45.8224 40.6042 40.6891 31.979 35.2285 34.5935 53.44 30.945
threshold=0.10784590989351274 1.0000000180025095e-35 0.8129870891571046 0.00574795762076974 4.0517470836639413 0.95797204971313488 0.8457605540752412 6.0246567726135263 0.016261236742138866 0.0078432578593492525 0.0089733563363552111 8.9548689174989721e-06 0.63912898302078258 0.05585435405373574
decision_type=2 2 2 2 2 2 2 2 2 2 2 2 2 2
left_child=5 3 7 4 -2 9 -5 -3 -9 -1 -11 12 -12 -8
right_child=1 2 -4 6 -6 -7 13 8 -10 10 11 -13 -14 -15
leaf_value=-0.0012910081538403942 -0.0013119920698638446 0.0085593543924622102 0.005326677959431563 -0.0024372744300147501 0.004103776160008319 0.019407007969944209 -0.0074460307865311815 0.00094514925649205313 0.010974082568626196 -0.002730501235531568 0.015803398473744037 0.00080214336146492012 -0.0013807247968218653 -0.023401375275508639
leaf_weight=119225.26410842128 17451.436847344041 1924.825095564127 15705.83932299912 3891.4397387616336 7039.2839673701674 276.76068639755249 878.56820912659168 45754.07941326499 1024.3644189108163 6832.1487467624247 978.8668170273304 24461.33100223355 831.26923868060112 467.52226327359676
leaf_count=67373 9676 62227 13751 4982 22967 31 935 45444 167 3517 74 14551 440 608
internal_value=2.60622e-06 0.00141904 0.00240424 -0.000715592 0.000245683 -0.000871179 -0.00520242 0.00146091 0.00116706 -0.000909294 0.000465456 0.00129732 0.0079477 -0.0131193
internal_weight=246743 94137.4 64409.1 29728.3 24490.7 152606 5237.53 48703.3 46778.4 152329 33103.6 26271.5 1810.14 1346.09
internal_count=246743 160757 121589 39168 32643 85986 6525 107838 45611 85955 18582 15065 514 1543
is_linear=0
shrinkage=0.05


Tree=42
num_leaves=15
num_cat=0
split_feature=49 45 28 50 48 47 27 29 50 26 32 47 33 19
split_gain=110.24 73.5189 63.0134 46.5262 45.1542 90.9571 86.853 65.4462 67.4714 42.7948 39.7945 49.8411 71.8174 54.5653
threshold=0.10784590989351274 0.00574795762076974 2.8617925643920903 0.089496884495019927 0.77346858382225048 6.1913387775421151 6.3306114673614511 0.91633138060569774 0.088688999414443984 0.95797204971313488 4.0859410762786874 6.1933839321136483 1.4978661537170412 0.5612773895263673
decision_type=2 2 2 2 2 2 2 2 2 2 2 2 2 2
left_child=9 2 -2 -3 10 6 7 8 -6 -1 -4 -12 13 -13
right_child=1 3 4 -5 5 -7 -8 -9 -10 -11 11 12 -14 -15
leaf_value=-0.00086379224340423085 -0.0009011909556066143 -0.00081928391354494994 0.0013419163934325323 -0.008997499049810188 0.00031239363454998867 -0.0029938541656060287 0.012029334738973267 0.0064758367734060115 0.014424178828514132 0.018470496279456051 0.0084013512142502699 -0.0042435386214379608 0.010435836737613714 0.0057890302694911799
leaf_weight=152328.87991312519 15857.046267926693 11588.769866976887 7541.7772104591131 2036.6945774946362 22510.606578906998 8500.6565961837769 2360.7923731803894 6608.8801358938217 870.16523331031203 276.76068639755249 8439.3803884461522 3325.252379655838 2224.3422651290894 2272.9954030513763
leaf_count=85955 5476 14571 3921 2965 43216 2020 323 10641 1811 31 74521 493 275 524
internal_value=2.52844e-06 0.00134806 0.00192288 -0.00204744 0.00261554 0.00160625 0.00281556 0.00208648 0.000843536 -0.00082752 0.00434624 0.00573787 0.00285733 -0.000167065
internal_weight=246743 94137.4 80511.9 13625.5 64654.8 40851.1 32350.4 29989.7 23380.8 152606 23803.7 16262 7822.59 5598.25
internal_count=246743 160757 143221 17536 137745 58011 55991 55668 45027 85986 79734 75813 1292 1017
is_linear=0
shrinkage=0.05


Tree=43
num_leaves=15
num_cat=0
split_feature=49 15 24 30 43 47 26 47 48 27 0 37 48 22
split_gain=99.5069 69.2745 59.052 43.0208 48.5613 46.8252 38.7579 35.4725 75.58 43.278 39.8641 36.8977 72.9243 33.0963
threshold=0.10784590989351274 1.0000000180025095e-35 0.8129870891571046 0.016071273013949398 3.9415346384048466 4.182021141052247 0.95797204971313488 6.1933839321136483 0.55999344587326061 6.3306114673614511 0.015268065501004459 0.89587974548339855 0.85981965065002453 6.7702026367187509
decision_type=2 2 2 2 2 2 2 2 2 2 2 2 2 2
left_child=6 3 7 4 -2 -6 -1 8 -3 10 13 -9 -13 -10
right_child=1 2 -4 -5 5 -7 -8 11 9 -11 -12 12 -14 -15
leaf_value=-0.00082060547079480177 -0.0026178028684737688 0.0085143414576058143 0.0048673712171815207 -0.0058017196657503458 0.013453416722568522 0.0011286588114090045 0.0175791766222772 -0.0037629604368953646 0.004319834182079465 0.010897511800644532 0.0081227449178128425 0.0098639301328540142 -0.0038355444528218514 -0.00015047375518658575
leaf_weight=152328.87991312519 10565.643961280584 4012.0627136770636 15705.83932299912 3637.4505907446146 803.43123042583466 14721.725243424997 276.76068639755249 6048.2229857444763 4882.6589439809322 1120.320143699646 1821.7102975472808 1789.3637278079987 2102.6861774921417 26926.243937790394
leaf_count=85955 4328 17314 13751 5122 169 29549 31 1008 69029 170 1843 226 406 17842
internal_value=2.52129e-06 0.00128088 0.00220225 -0.000715439 -4.38417e-06 0.00177472 -0.000786087 0.00134198 0.00202522 0.0012738 0.000950066 -0.00132171 0.0024719 0.000536859
internal_weight=246743 94137.4 64409.1 29728.3 26090.8 15525.2 152606 48703.3 38763 34750.9 33630.6 9940.27 3892.05 31808.9
internal_count=246743 160757 121589 39168 34046 29718 85986 107838 106198 88884 88714 1640 632 86871
is_linear=0
shrinkage=0.05


Tree=44
num_leaves=15
num_cat=0
split_feature=32 25 27 46 1 47 47 41 0 37 47 35 27 50
split_gain=91.302 89.1707 70.2079 67.0575 56.0481 46.3697 55.6 79.6752 55.3148 57.3342 46.2838 44.0223 60.2024 48.2192
threshold=4.8374145030975351 0.015165296383202078 6.3306114673614511 0.63364121317863475 0.010811126790940763 3.9015133380889897 4.2483932971954355 0.34848485887050634 0.010811126790940763 3.2769666910171513 6.1933839321136483 0.034694731235504157 5.4868674278259286 1.0000000180025095e-35
decision_type=2 2 2 2 2 2 2 2 2 2 2 2 2 2
left_child=2 10 4 -4 11 -6 8 -8 -7 -10 -2 13 -13 -1
right_child=1 -3 3 -5 5 6 7 -9 9 -11 -12 12 -14 -15
leaf_value=-0.00080899105820017743 0.0016232612264975657 0.0043330883496251445 -0.0029724783742869684 0.010724689025645794 -0.0053405334104600606 0.0014256190471157754 0.019051656349949139 -0.00048381978560721835 0.01224711448076219 -0.0067146852380317659 -0.002821410998904783 0.00059523341870194868 0.010899515499967618 -0.0037038633451677559
leaf_weight=148617.48049288988 15578.610867606476 21741.37742250599 1343.7067513465881 2636.0190849304199 2018.079990029335 3504.9887434244156 537.9222396761179 10996.13187430799 3459.3296481668949 444.00845956802368 9372.5459189414978 8898.5752817839384 1676.3718193769455 15917.851281583309
leaf_count=73812 26702 110032 409 364 1311 1403 103 6310 1002 130 1757 5001 758 17649
internal_value=2.52037e-06 0.0019931 -0.000462166 0.00610415 -0.000595749 0.0018471 0.00261527 0.000442985 0.00599216 0.0100785 -4.67779e-05 -0.000888244 0.00223745 -0.00108926
internal_weight=246743 46692.5 200050 3979.73 196071 20960.5 18942.4 11534.1 7408.33 3903.34 24951.2 175110 10574.9 164535
internal_count=246743 138491 108252 773 107479 10259 8948 6413 2535 1132 28459 97220 5759 91461
is_linear=0
shrinkage=0.05


Tree=45
num_leaves=15
num_cat=0
split_feature=29 35 28 50 28 0 49 26 0 29 35 35 37 28
split_gain=84.6338 57.881 64.018 53.3674 52.3307 54.3971 47.3584 38.2983 37.8977 41.9793 34.8649 60.3454 34.2231 31.9993
threshold=0.92514517903327953 0.02017370238900185 6.0342838764190683 0.019072555936872963 2.4414010047912602 0.016261236742138866 0.01619622111320496 0.95797204971313488 0.012739370577037336 0.10759237036108972 0.012773240916430952 0.013355662580579521 1.2424533367156985 5.9927129745483407
decision_type=2 2 2 2 2 2 2 2 2 2 2 2 2 2
left_child=1 3 -3 4 5 -1 7 10 -8 12 -6 -12 -10 -2
right_child=13 2 -4 -5 6 -7 8 -9 9 -11 11 -13 -14 -15
leaf_value=-0.0017687480115305193 0.0085956778405617187 0.001310405748470406 0.013801948187234092 -0.003474528794990943 -0.0015218915700976709 0.020197907912145919 0.00065626483867421205 0.017554677061482806 0.011985690174345417 0.00028494004011039262 0.014002997086909531 0.00021338748159676135 0.00099927498720495112 0.0024986314422758091
leaf_weight=53168.589524775743 2523.1615682840347 30884.503312813118 1051.101170539856 14615.368415169418 45637.141721766442 273.38940316438675 72536.728245394304 267.27198839187622 2271.0965210068971 2843.1371679399163 965.92900778725743 4243.1875542216003 1031.2252425178885 14431.169032365084
leaf_count=19440 7186 84074 286 21019 28135 46 74181 27 497 3360 182 1768 737 5805
internal_value=2.47145e-06 -0.000249121 0.00172573 -0.000567954 -0.000335944 -0.00165262 0.000206268 -0.000978592 0.000976003 0.00474278 -0.00107944 0.00279233 0.00856831 0.00341053
internal_weight=246743 229789 31935.6 197853 183238 53442 129796 51113.5 78682.2 6145.46 50846.3 5209.12 3302.32 16954.3
internal_count=246743 233752 84360 149392 128373 19486 108887 30112 78775 4594 30085 1950 1234 12991
is_linear=0
shrinkage=0.05


Tree=46
num_leaves=15
num_cat=0
split_feature=49 45 43 47 50 48 47 47 27 0 32 23 50 24
split_gain=78.6707 65.0567 59.4811 123.299 61.9029 58.8587 73.6575 86.4278 54.3023 51.0738 48.8358 48.308 47.8224 46.0886
threshold=0.070613279938697829 0.0070153877604752788 3.9415346384048466 4.182021141052247 0.084787603467702879 0.77346858382225048 6.1913387775421151 4.3372693061828622 6.3306114673614511 0.011050061322748663 4.0859410762786874 4.7317931652069101 0.098030883818864836 0.03182447329163552
decision_type=2 2 2 2 2 2 2 2 2 2 2 2 2 2
left_child=-1 2 9 -4 5 10 7 -7 11 -2 -5 -9 -3 -12
right_child=1 12 3 4 -6 6 -8 8 -10 -11 13 -13 -14 -15
leaf_value=-0.00083426683051660933 -0.0013235064054796862 -0.00093727729431412042 0.013608269104054778 -0.00029889824534671378 0.011676259185835961 -0.00261940705472567 -0.0025626961992720031 0.01887457199161793 0.01044087244407306 0.0065590464408555428 0.021897775457739022 0.0021967395160726933 -0.009082625318327776 0.0045945017983304469
leaf_weight=131349.49735515565 23432.597836364061 14346.622773664072 2270.3477975130081 5839.3385386019945 1540.8995715007186 8225.1809386014938 13465.674634933472 433.13897023722529 2390.0281920433044 2242.4894739557058 384.78062324412167 22067.734740989283 2051.3874746728688 16703.280954660848
leaf_count=73225 9399 17819 543 3617 3559 10157 2789 40 327 858 196 44856 2741 76617
internal_value=2.5208e-06 0.000955005 0.0014382 0.00216339 0.00179581 0.00157513 0.000554092 0.00182183 0.0032899 -0.00063275 0.00364844 0.00252603 -0.00196117 0.00499671
internal_weight=246743 115394 98995.5 73320.4 71050.1 69509.2 46581.8 33116.1 24890.9 25675.1 22927.4 22500.9 16398 17088.1
internal_count=246743 173518 152958 142701 142158 138599 58169 55380 45223 10257 80430 44896 20560 76813
is_linear=0
shrinkage=0.05


Tree=47
num_leaves=15
num_cat=0
split_feature=29 22 31 2 47 35 52 47 50 28 35 47 0 32
split_gain=73.0744 51.7038 49.8545 48.0132 45.1784 34.4773 47.7398 42.7387 39.9396 28.2411 28.0579 33.6412 63.0662 28.0304
threshold=0.92514517903327953 6.5494942665100107 0.65207335352897655 0.011299795936793091 3.9015133380889897 0.034694731235504157 1.0000000180025095e-35 4.2972624301910409 0.17060492187738421 5.9927129745483407 0.019329024478793148 4.2193996906280526 0.011428944766521456 2.0126758217811589
decision_type=2 2 2 2 2 2 2 2 2 2 2 2 2 2
left_child=1 -1 -3 5 -5 8 7 -7 13 -2 11 12 -6 -4
right_child=9 2 3 4 10 6 -8 -9 -10 -11 -12 -13 -14 -15
leaf_value=0.0066951013737053108 0.0080404145844159558 -0.0016347327646283113 -0.0027892818862963334 -0.0054877097232919995 -0.0011390612840424591 0.00092397885364651773 -0.00010558394124353603 0.011632776190774187 -0.013593744075804326 0.0023126760797312291 0.0090055161654400834 0.00060901822490399963 0.010203442292236716 -0.00011565379868703327
leaf_weight=2653.1505485884845 2523.1615682840347 54246.330283254385 10558.313594698906 1537.4845757782459 2003.0874263048172 1624.8276159763336 5889.6818805336952 2180.0002505779266 557.99296362698078 14431.169032365084 1989.1937366873026 7986.7108889371157 3139.5642350912094 135422.3312754333
leaf_count=102406 7186 41027 3221 690 484 361 3910 869 523 5805 945 4982 466 73868
internal_value=2.54104e-06 -0.000231239 -0.000312436 0.000102523 0.00265361 -0.000169601 0.00271662 0.00707406 -0.000360716 0.00316932 0.00348462 0.00264195 0.00579185 -0.000309207
internal_weight=246743 229789 227136 172889 16656 156233 9694.51 3804.83 146539 16954.3 15118.6 13129.4 5142.65 145981
internal_count=246743 233752 131346 90319 7567 82752 5140 1230 77612 12991 6877 5932 950 77089
is_linear=0
shrinkage=0.05


Tree=48
num_leaves=15
num_cat=0
split_feature=20 45 41 17 32 30 18 31 45 43 1 44 31 0
split_gain=67.6926 69.7522 68.5143 46.6627 41.2281 42.5318 36.8152 46.0942 29.1894 32.8643 32.7488 28.2717 29.0081 28.1772
threshold=0.012293425388634207 0.0025108597474172716 0.90454545617103588 0.080128207802772536 4.0517470836639413 0.0028482569614425306 6.5715825557708749 0.89619252085685741 4.6826569359836876e-06 3.5694335699081425 0.0078432578593492525 0.035776836797595031 0.87940147519111644 0.0093025267124176043
decision_type=2 2 2 2 2 2 2 2 2 2 2 2 2 2
left_child=3 2 4 8 -2 6 7 -6 -1 -10 -11 -5 -13 -3
right_child=1 13 -4 11 5 -7 -8 -9 9 10 -12 12 -14 -15
leaf_value=-0.0042475842451102945 0.00016274215249458888 -0.00070496153986028282 0.012568560284787152 0.0084184636113924724 0.0043338906161470179 0.015049590698621169 0.0011944824171969729 0.020438208414184349 -0.0024714979543212666 -0.00079154182511999456 0.0012038442852849592 -0.0024198488688906799 0.0082854974382644032 0.0029230814013458586
leaf_weight=5944.278327614069 17177.753218203783 43353.282493447885 1604.2104103863239 2134.0585170984268 11983.189942775294 738.67900630831718 13959.30513805151 452.43266776204109 21501.200372016057 92408.272011144087 26437.694904819131 2049.860032921657 903.51478968560696 6095.268043903634
leaf_count=6793 7123 64220 230 565 58971 19 6714 183 13333 59627 17016 1289 321 10339
internal_value=2.46375e-06 0.00104582 0.0024489 -0.000654844 0.00207979 0.00329293 0.00295833 0.00493575 -0.000818654 -0.000673132 -0.000347597 0.00404793 0.000872105 -0.000257251
internal_weight=246743 95364.1 45915.6 151379 44311.4 27133.6 26394.9 12435.6 146291 140347 118846 5087.43 2953.37 49448.6
internal_count=246743 147799 73240 98944 73010 65887 65868 59154 96769 89976 76643 2175 1610 74559
is_linear=0
shrinkage=0.05


Tree=49
num_leaves=15
num_cat=0
split_feature=49 15 24 24 47 48 24 37 50 25 49 26 43 47
split_gain=63.3606 55.7118 48.5848 38.4181 33.2928 58.7716 40.7504 34.9823 34.5203 33.3267 32.5471 32.1067 29.8283 67.6494
threshold=0.070613279938697829 1.0000000180025095e-35 0.8129870891571046 0.86942809820175182 6.1933839321136483 0.55999344587326061 0.03182447329163552 1.2424533367156985 0.090041838586330428 0.015982106328010563 0.67203077673912059 0.95797204971313488 3.5694335699081425 4.182021141052247
decision_type=2 2 2 2 2 2 2 2 2 2 2 2 2 2
left_child=11 3 4 10 5 6 -3 8 12 -6 -2 -1 -7 -14
right_child=1 2 -4 -5 9 7 -8 -9 -10 -11 -12 -13 13 -15
leaf_value=-0.00078485589602044501 -0.00094505242552915016 0.021400992741068617 0.004089590159122092 -0.0080271187043822658 -0.0036391568422412682 -0.0040241375669187625 0.0050494291402517809 -0.00091561311889106389 -0.0089059413849385261 0.0016993109933273777 0.0038915556672913265 0.016029291044160687 0.013718180196325503 0.00208678562783192
leaf_weight=131074.94762747735 30748.977233799174 400.20237226597965 15721.199260219932 1722.8403453975916 6924.3626675605774 1768.0398639440536 5641.7331694588065 16499.63914889656 701.75649116560817 5046.3565835952759 3911.904961200431 274.54972767829895 1306.4417846798897 25000.048638798296
leaf_count=73195 30708 98 13766 1877 1158 1235 18915 15602 1899 757 9649 30 444 77410
internal_value=2.47013e-06 0.000857263 0.00160273 -0.000761567 0.000984434 0.00153827 0.00616609 0.000919478 0.00197163 -0.00138914 -0.000398217 -0.000748493 0.0022466 0.00266942
internal_weight=246743 115394 79009.8 36383.7 63288.6 51317.9 6041.94 45275.9 28776.3 11970.7 34660.9 131349 28074.5 26306.5
internal_count=246743 173518 131284 42234 117518 115603 19013 96590 80988 1915 40357 73225 79089 77854
is_linear=0
shrinkage=0.05


Tree=50
num_leaves=15
num_cat=0
split_feature=35 32 50 49 0 41 44 32 45 15 18 4 28 32
split_gain=60.8391 64.301 45.9268 44.702 43.4945 32.8951 37.639 32.3239 34.2756 34.3191 32.1318 41.7973 28.7426 30.0103
threshold=0.015999968163669113 4.8374145030975351 0.019250017590820793 0.01619622111320496 0.011299795936793091 0.90454545617103588 0.3197061568498612 3.6622449159622197 0.018277202732861045 0.0086581707000732439 6.6140549182891855 0.0067340831737965354 2.4414010047912602 2.7403194904327397
decision_type=2 2 2 2 2 2 2 2 2 2 2 2 2 2
left_child=2 5 3 10 12 -2 -7 8 -4 -10 -1 -12 -5 -14
right_child=1 -3 7 4 -6 6 -8 -9 9 -11 11 -13 13 -15
leaf_value=-0.0013816661763068634 0.00020247379570569512 0.0042997824703310322 -0.0042634116286627529 -0.0014823039581536134 0.003365647160193606 0.0028620242797046383 0.022553964567075833 -0.0017247655282058552 -0.020295807359530141 0.0010433240464689957 -0.0008956681880020348 0.010045375475666488 0.0073895944050507258 0.00043368618235114972
leaf_weight=71089.997421415523 40172.38807938993 14627.547691578045 2629.0239879488945 21939.691293179989 11429.558403266594 824.96624433994293 335.94045996665955 9073.1989213954657 761.22655922174454 248.08082138001919 2205.2263842523098 1433.2405008226633 1576.6477825641632 68396.265325415879
leaf_count=38501 21935 88356 1148 7454 7131 581 95 15824 1098 575 496 174 138 63237
internal_value=2.42914e-06 0.00145194 -0.000422799 -0.00021544 0.000458209 0.00044331 0.00870438 -0.00332515 -0.0073005 -0.015092 -0.00114697 0.00342987 9.63356e-05 0.000591452
internal_weight=246743 55960.8 190782 178071 103342 41333.3 1160.91 12711.5 3638.33 1009.31 74728.5 3638.47 91912.6 69972.9
internal_count=246743 110967 135776 117131 77960 22611 676 18645 2821 1673 39171 670 70829 63375
is_linear=0
shrinkage=0.05


Tree=51
num_leaves=15
num_cat=0
split_feature=35 32 50 49 17 43 47 41 26 41 22 32 45 15
split_gain=54.925 58.0265 41.4782 40.3433 39.8251 30.6353 35.219 54.3773 30.4869 29.7676 34.6309 29.2068 30.9858 31.0196
threshold=0.015999968163669113 4.8374145030975351 0.019250017590820793 0.01619622111320496 0.030776515603065494 3.5694335699081425 4.182021141052247 0.34848485887050634 0.95797204971313488 0.90454545617103588 6.7996129989624032 3.6622449159622197 0.018277202732861045 0.0086581707000732439
decision_type=2 2 2 2 2 2 2 2 2 2 2 2 2 2
left_child=2 9 3 8 -5 -6 -7 -8 -1 -2 -11 12 -4 -14
right_child=1 -3 11 4 5 6 7 -9 -10 10 -12 -13 13 -15
leaf_value=-0.0011510419561517999 0.00019235261541349335 0.0040849402402838185 -0.0040510488209769225 -9.3149198760414173e-05 -0.0035499534274888531 0.01100549524177127 0.021383858216902113 0.001956515036613711 0.015460659782721722 -0.0030783728399247593 0.014755628086909471 -0.0016386221999674215 -0.019294175234175415 0.00099317917569220326
leaf_weight=74461.19231809862 40172.38807938993 14627.547691578045 2629.0239879488945 80121.045742476359 2060.2292115986347 1229.4236845970154 357.08540470898151 19574.378761045635 267.27198839187622 423.43558728694916 737.47111701965332 9073.1989213954657 761.22655922174454 248.08082138001919
leaf_count=39144 21935 88356 1148 61163 1253 335 49 15160 27 646 30 15824 1098 575
internal_value=2.35257e-06 0.00137961 -0.00040168 -0.000204619 0.000435346 0.0022581 0.00282498 0.00231512 -0.00108957 0.000421454 0.00828002 -0.00315989 -0.0069387 -0.0143469
internal_weight=246743 55960.8 190782 178071 103342 23221.1 21160.9 19931.5 74728.5 41333.3 1160.91 12711.5 3638.33 1009.31
internal_count=246743 110967 135776 117131 77960 16797 15544 15209 39171 22611 676 18645 2821 1673
is_linear=0
shrinkage=0.05


Tree=52
num_leaves=15
num_cat=0
split_feature=20 45 41 43 17 22 48 48 47 48 32 40 47 27
split_gain=50.3545 53.8636 56.2458 43.5109 36.7234 32.0525 29.6671 38.1681 30.6278 28.1267 34.8943 37.3668 27.882 42.0912
threshold=0.012293425388634207 0.0027291637379676108 0.90454545617103588 6.0509114265441903 0.080128207802772536 6.7702026367187509 0.77870926260948192 0.91805046796798717 4.182021141052247 0.39428746700286871 4.0859410762786874 0.013375766575336458 6.1933839321136483 6.3306114673614511
decision_type=2 2 2 2 2 2 2 2 2 2 2 2 2 2
left_child=4 2 5 -4 12 -2 9 8 -8 -7 -11 -12 13 -1
right_child=1 -3 3 -5 -6 6 7 -9 -10 10 11 -13 -14 -15
leaf_value=-0.00057634337496932663 0.006254820699946745 -0.00035320108640510262 0.0010774077455073933 0.017684930679813641 0.0036073554090220021 -0.0011345401032386705 0.011294528721781699 0.0024618158924874325 -0.0018350665748994477 0.0013049915887970672 0.012427142409151838 0.0042214329673089766 -0.0026711460835708925 0.0069189303564151502
leaf_weight=128285.29868632928 3596.1622335892171 45065.510346386582 655.11844328045845 986.20397186279297 5087.4333397056907 3621.3325499296188 448.5918585062027 11050.059132516384 14238.469309568405 7569.803558498621 1772.4481014311314 6360.4214152693748 16115.275782108307 1890.8711471557617
leaf_count=93629 61739 67096 234 39 2175 744 144 4903 8583 2686 200 1431 2718 422
internal_value=2.30987e-06 0.000902182 0.0020268 0.0111029 -0.000564605 0.00171843 0.00135509 0.000243154 -0.00142663 0.00283515 0.00375077 0.00602282 -0.000709925 -0.000466948
internal_weight=246743 95364.1 50298.6 1641.32 151379 48657.3 45061.1 25737.1 14687.1 19324 15702.7 8132.87 146291 130176
internal_count=246743 147799 80703 273 98944 80430 18691 13630 8727 5061 4317 1631 96769 94051
is_linear=0
shrinkage=0.05


Tree=53
num_leaves=15
num_cat=0
split_feature=43 45 49 41 46 0 28 47 43 48 32 27 29 50
split_gain=48.1057 55.2294 53.2293 54.3813 60.6044 47.2896 46.4457 56.9408 81.1289 45.781 63.8424 68.9041 48.0975 53.8103
threshold=3.5694335699081425 0.0070153877604752788 0.070613279938697829 0.34848485887050634 0.61232399940490734 0.016261236742138866 2.8617925643920903 4.182021141052247 3.9415346384048466 0.77346858382225048 6.1601512432098398 6.3306114673614511 0.91633138060569774 0.088688999414443984
decision_type=2 2 2 2 2 2 2 2 2 2 2 2 2 2
left_child=5 2 -2 4 -4 -1 -5 8 -8 -9 11 12 13 -11
right_child=1 -3 3 6 -6 -7 7 9 -10 10 -12 -13 -14 -15
leaf_value=-0.002013473865310434 -0.00026795554412747464 -0.0021174823959174325 0.023702192417224974 -0.00087946428783171261 -0.00036362554054353291 0.021598007261104595 -0.0024318442601231507 0.0031763069894292801 0.014544809493044909 -0.00051397001613004596 -0.0032906993711662859 0.0096137664323633996 0.0046898022361752259 0.012442330938821092
leaf_weight=30483.262077992782 100228.10247658938 21846.394280342385 561.32333731651306 19920.2368401438 482.01553076505661 203.60732416808605 1088.2530281245708 26756.398212399334 1968.619048833847 24687.175108736381 8663.8933308124542 2426.5729656219482 6608.8801358938217 818.26617839746177
leaf_count=19437 42916 34055 27 6813 245 60 1160 82015 390 44787 2056 332 10641 1809
internal_value=2.31734e-06 0.000265454 0.000533603 0.00138837 0.012686 -0.00184983 0.00126019 0.00184396 0.00851286 0.0015514 0.000544597 0.00150728 0.000891947 -9.35922e-05
internal_weight=246743 216056 194210 93981.6 1043.34 30686.9 92938.3 73018.1 3056.87 69961.2 43204.8 34540.9 32114.3 25505.4
internal_count=246743 227246 193191 150275 272 19497 150003 143190 1550 141640 59625 57569 57237 46596
is_linear=0
shrinkage=0.05


Tree=54
num_leaves=15
num_cat=0
split_feature=35 32 50 49 0 44 47 18 36 42 46 33 32 47
split_gain=45.4243 47.7655 35.9609 33.2237 36.0633 36.6954 28.3163 41.5222 43.7989 55.0252 35.5631 33.7039 26.8412 43.9256
threshold=0.015999968163669113 4.8374145030975351 0.019250017590820793 0.01619622111320496 0.012739370577037336 0.058065045624971397 4.2483932971954355 6.6153953075408944 0.31318682432174688 1.0000000180025095e-35 0.78762757778167736 1.8688347935676577 4.0689902305603036 1.0000000180025095e-35
decision_type=2 2 2 2 2 2 2 2 2 2 2 2 2 2
left_child=2 12 3 6 -5 -6 7 8 9 11 -9 -1 13 -2
right_child=1 -3 -4 4 5 -7 -8 10 -10 -11 -12 -13 -14 -15
leaf_value=-0.0010087053190276105 0.020609098627058585 0.0037093569964957145 -0.0029332921167832607 0.00013401810741579169 0.0084159204423076717 0.0011684772254153886 -0.0018898046344334206 -0.0023777382252978202 -0.0011447213620974805 0.011662620631472333 0.011719800023459109 0.018116518304086695 -0.0023353092408762693 0.00081664746379751351
leaf_weight=3178.6298682689667 272.70288456976414 14627.547691578045 12711.530289946124 95644.461067466065 2669.2830036655068 5028.4187332950532 40064.804105328396 666.11725895106792 27677.995016023517 1568.5420322418213 1334.0733368396759 238.30268883705139 7425.2839298248291 33635.307969301939
leaf_count=1436 346 88356 18645 73211 754 3995 24983 231 12368 9 92 52 5871 16394
internal_value=2.3593e-06 0.00125485 -0.000365071 -0.000181584 0.000399172 0.00368929 -0.000984661 6.17625e-05 -0.000367366 0.00394195 0.00703647 0.000374093 0.000385526 0.000981856
internal_weight=246743 55960.8 190782 178071 103342 7697.7 74728.5 34663.7 32663.5 4985.47 2000.19 3416.93 41333.3 33908
internal_count=246743 110967 135776 117131 77960 4749 39171 14188 13865 1497 323 1488 22611 16740
is_linear=0
shrinkage=0.05


Tree=55
num_leaves=15
num_cat=0
split_feature=43 45 22 42 22 36 48 22 30 28 47 50 27 0
split_gain=43.374 46.929 49.7982 55.0704 96.4815 96.9176 61.5609 49.6606 47.5275 44.3705 70.7244 50.568 42.7324 41.4822
threshold=3.5694335699081425 0.0070153877604752788 6.7929053306579599 1.0000000180025095e-35 6.7984981536865243 0.6348484754562379 0.77010267972946178 6.7850186824798593 0.0057124968152493247 2.9174053668975835 4.182021141052247 0.089496884495019927 6.3234620094299325 0.016261236742138866
decision_type=2 2 2 2 2 2 2 2 2 2 2 2 2 2
left_child=13 2 7 9 -5 6 -6 -2 -7 -4 -11 -12 -9 -1
right_child=1 -3 3 4 5 8 -8 12 -10 10 11 -13 -14 -15
leaf_value=-0.0019095866793179359 0.0010910993767142855 -0.0019443522744080578 -0.0014465210284283841 -0.0027646721487774237 0.010371283422719865 -0.001901506850522794 0.0034397002049927545 0.0068053808223105172 0.0054598694724387054 0.010365676349304204 8.2194636038671322e-05 0.012791721178090945 -0.0040705922375227918 0.020204725800289331
leaf_weight=30483.262077992782 22771.113941289485 21846.394280342385 51670.908462166786 7940.10615670681 5748.4020369052887 7943.4299380779266 7253.5085890293121 7682.3479478359222 3017.1957108974457 1743.8548603057861 76641.54630613327 780.70663833618164 1016.6156059503555 203.60732416808605
leaf_count=19437 153098 34055 11347 4528 216 2290 866 2668 369 92 15764 599 1354 60
internal_value=2.37235e-06 0.000252233 0.000499411 0.000147273 0.00200959 0.00359206 0.00650991 0.00231978 0.000128032 -0.000306945 0.000436934 0.00021199 0.00553113 -0.00175632
internal_weight=246743 216056 194210 162740 31902.6 23962.5 13001.9 31470.1 10960.6 130837 79166.1 77422.3 8698.96 30686.9
internal_count=246743 227246 193191 36071 8269 3741 1082 157120 2659 27802 16455 16363 4022 19497
is_linear=0
shrinkage=0.05


Tree=56
num_leaves=15
num_cat=0
split_feature=29 35 27 32 28 37 47 3 48 43 45 41 22 22
split_gain=40.3491 33.8579 46.5397 34.8868 34.4961 35.394 72.2634 65.9733 59.5417 57.1667 52.0877 50.1837 93.7736 52.2431
threshold=0.92514517903327953 0.036562664434313781 5.4868674278259286 2.1383330821990971 2.4414010047912602 1.5890269279479983 4.2696731090545663 0.009569597430527212 0.47057749330997473 6.0532643795013437 0.00032607125467620795 0.58571431040763866 6.7984981536865243 6.8007264137268075
decision_type=2 2 2 2 2 2 2 2 2 2 2 2 2 2
left_child=1 4 3 -3 -1 6 7 11 -9 -7 -8 13 -13 -6
right_child=-2 2 -4 -5 5 9 10 8 -10 -11 -12 12 -14 -15
leaf_value=-0.0013372616919383907 0.0023555332647241067 0.0064468168194650099 0.0084342451490350828 -0.00076453078818096367 0.0020487640563673754 -0.0013375963517749739 -0.0022587787516401133 0.020647621950220116 0.0053493783456095385 0.0043560353363133412 0.00072956856980476738 -0.0014086460926798659 0.0098280446115506202 -0.0032639324102317112
leaf_weight=59873.666900545359 16954.330600649118 2138.2499782443047 2513.697217464447 7640.2574283219874 12873.231641203165 55216.78214944154 22670.277559543028 706.8808485865593 5800.2303946167231 4781.3825437426567 40828.620793377981 3291.5591835677624 4242.695858001709 7211.1367788314819
leaf_count=22085 12991 574 1211 24013 10995 40776 18413 152 2237 1104 106995 4038 300 859
internal_value=2.36838e-06 -0.000171348 0.00238055 0.000817338 -0.000315676 7.24373e-05 0.000659788 0.00251506 0.00704039 -0.000883208 -0.000337514 0.0014467 0.00492361 0.000140607
internal_weight=246743 229789 12292.2 9778.51 217496 157623 97624.6 34125.7 6507.11 59998.2 63498.9 27618.6 7534.26 20084.4
internal_count=246743 233752 25798 24587 207954 185869 143989 18581 2389 41880 125408 16192 4338 11854
is_linear=0
shrinkage=0.05


Tree=57
num_leaves=15
num_cat=0
split_feature=15 24 21 34 26 41 28 35 47 33 32 45 33 31
split_gain=38.9348 42.6478 34.8681 32.7112 45.5947 34.3386 26.4212 33.623 29.7647 29.8818 28.2737 31.3154 29.3557 27.1844
threshold=0.012519654352217914 0.13411372900009158 0.80995392799377453 0.35558366775512701 0.88769087195396434 0.34848485887050634 3.7256208658218388 0.04151051118969918 4.2972624301910409 3.6242519617080693 3.9006955623626713 0.0046800957061350354 3.8815106153488164 0.70638945698738109
decision_type=2 2 2 2 2 2 2 2 2 2 2 2 2 2
left_child=6 -2 3 4 5 -3 7 -1 -9 -10 12 13 -8 -12
right_child=1 2 -4 -5 -6 -7 10 8 9 -11 11 -13 -14 -15
leaf_value=-0.0013065361703356348 1.8781989444073788e-05 0.019162317570883217 0.00017848748699504722 0.0020071434084909996 0.020904733536557075 0.004213893976952517 -0.0018542574151344641 -0.001909209160743642 0.010747295136377845 -0.0017225711432178516 0.0042928204374961523 -0.0025298111628154975 0.018196941482881753 0.00025909758975457386
leaf_weight=80404.038831919432 63201.974178886041 399.44950687885284 12867.405922740698 13313.2678060662 480.25643654167652 6534.3733338117599 308.85496078431606 1530.8427448868752 1618.0844790041447 677.99714922904968 4539.3119006697088 9399.4094508644193 430.38247826695442 51037.350695587695
leaf_count=43302 35640 33 7873 12908 125 44965 653 462 581 437 51607 14429 576 33152
internal_value=2.35093e-06 0.00078403 0.00222326 0.00349195 0.00615187 0.00510141 -0.000502275 -0.00108846 0.00348472 0.00707364 0.000249127 0.000137746 0.00990657 0.000589271
internal_weight=246743 96796.7 33594.8 20727.3 7414.08 6933.82 149946 84231 3826.92 2296.08 65715.3 64976.1 739.237 55576.7
internal_count=246743 101544 65904 58031 45123 44998 145199 44782 1480 1018 100417 99188 1229 84759
is_linear=0
shrinkage=0.05


Tree=58
num_leaves=15
num_cat=0
split_feature=44 15 43 47 42 45 50 38 48 32 27 25 41 28
split_gain=36.3634 45.0761 30.1584 52.8803 39.6271 37.855 44.2315 33.9691 27.7198 40.6838 49.5467 40.439 46.201 35.5941
threshold=0.014096613042056562 0.018018382601439956 3.9415346384048466 4.182021141052247 1.7005987167358401 0.0082477880641818064 0.086833167821168913 0.89587974548339855 0.78188824653625499 6.1601512432098398 6.3306114673614511 0.010751732159405948 0.65833333134651195 5.9467277526855478
decision_type=2 2 2 2 2 2 2 2 2 2 2 2 2 2
left_child=-1 2 -2 4 7 6 8 -4 11 10 13 -5 -13 -10
right_child=1 -3 3 5 -6 -7 -8 -9 9 -11 -12 12 -14 -15
leaf_value=-0.0014596867819323433 -0.0010638345625713121 0.0014300348700421407 0.0068715725836409301 -0.00044979426555198562 -0.0038034490509993388 -0.002183700939043806 0.01012001554654712 0.021890346109507863 -0.0009407868902848544 -0.0040013461211131137 0.0081986320095609726 0.0025648868402657794 0.012457430920921617 0.0028476293274385892
leaf_weight=36265.858138065785 60726.946151483804 58756.221950029954 1837.826686501503 12308.224909313023 663.16780662536621 14471.181125506759 1193.458011418581 469.82872581481934 28281.114316603169 6410.6333320140839 1877.5635061264038 14272.684947513044 1277.9605236500502 7930.3297454714775
leaf_count=21487 24799 66666 454 6500 287 23136 2463 34 29948 1512 258 55529 100 13570
internal_value=2.37656e-06 0.000254352 -0.000201013 0.000374864 0.00692451 0.000153049 0.000613034 0.0100106 0.000454852 -0.000319493 0.000301075 0.0016914 0.00338534 -0.000110564
internal_weight=246743 210477 151721 90994 2970.82 88023.2 73552 2307.66 72358.5 44499.6 38089 27858.9 15550.6 36211.4
internal_count=246743 225256 158590 133791 775 133016 109880 488 107417 45288 43776 62129 55629 43518
is_linear=0
shrinkage=0.05


Tree=59
num_leaves=15
num_cat=0
split_feature=43 0 47 49 41 43 22 50 47 22 35 18 23 3
split_gain=34.7248 37.5267 37.4181 42.5579 45.5592 51.4091 36.4665 38.4196 46.9671 56.8297 37.589 36.1607 34.7827 28.6425
threshold=3.5694335699081425 0.016261236742138866 4.1266138553619394 0.070613279938697829 0.34848485887050634 3.8393944501876835 6.7702026367187509 0.027181557379662994 4.182021141052247 6.7984981536865243 0.022816180251538757 6.6167340278625497 6.1103575229644784 0.013245614245533945
decision_type=2 2 2 2 2 2 2 2 2 2 2 2 2 2
left_child=1 -1 11 -4 5 -5 -6 8 9 -8 -9 13 -12 -2
right_child=2 -3 3 4 6 -7 7 10 -10 -11 12 -13 -14 -15
leaf_value=-0.0017170452339238017 0.00141291304454494 0.019316148687284661 -0.0005681856115403776 0.020411319152294848 0.0038507079884234374 -0.0014890746332557512 -0.0028052607046315792 -0.0040741677562553197 0.00066156770166932979 0.013878342222860884 -0.00083979606961952626 0.018328961956447006 0.0092711426040726803 0.012476132592706159
leaf_weight=30483.262077992782 3586.9290488362312 203.60732416808605 107727.97559294291 613.66856372356415 8633.1649588085711 467.5877927839756 783.17674708366394 8348.907314479351 78527.99895080924 1440.1105690002441 3716.5960412621498 427.61325490474701 1092.5098986923695 689.89174064993858
leaf_count=19437 1936 60 57658 32 121178 274 403 5917 36006 163 2644 83 772 180
internal_value=2.36407e-06 -0.00157124 0.000225929 0.000127651 0.000851032 0.0110137 0.000742809 0.000456718 0.000864997 0.00801512 -0.00204766 0.00463154 0.00147163 0.00322246
internal_weight=246743 30686.9 216056 211352 103624 1081.26 102542 93909.3 80751.3 2223.29 13158 4704.43 4809.11 4276.82
internal_count=246743 19497 227246 225047 167389 306 167083 45905 36572 566 9333 2199 3416 2116
is_linear=0
shrinkage=0.05


Tree=60
num_leaves=15
num_cat=0
split_feature=29 18 32 45 0 28 33 37 43 2 22 32 36 28
split_gain=32.8595 28.5671 27.9325 28.9228 26.5348 31.8103 58.7573 35.5104 37.4959 37.9248 29.5121 41.923 27.8266 21.3427
threshold=0.92514517903327953 6.0222353935241708 2.0126758217811589 4.6826569359836876e-06 0.009569597430527212 2.0126758217811589 1.2424533367156985 1.2424533367156985 4.2555875778198251 0.011428944766521456 6.8007264137268075 4.0517470836639413 0.6601788103580476 5.9927129745483407
decision_type=2 2 2 2 2 2 2 2 2 2 2 2 2 2
left_child=1 -1 -3 -4 -5 6 -6 8 9 -7 11 12 -11 -2
right_child=13 2 3 4 5 7 -8 -9 -10 10 -12 -13 -14 -15
leaf_value=0.0040899080362914791 0.0063597190062604381 -0.0019230937420228154 -0.0038479114445033901 -0.00018495342503594022 -6.7255293843376736e-07 0.0015316085324185804 0.015558286798575668 -0.0013246732021341631 -0.0012516625213436381 -0.00084589866084817792 0.0035256905437482814 0.020953372631184339 0.012851549743206309 0.0013818690517089494
leaf_weight=3887.4363469686359 2523.1615682840347 21922.256419956684 4870.7642551213503 171232.3096678108 1366.0799709260464 6026.6608671396971 1081.7169171571732 10225.558276975527 4654.5650525651872 679.56961917877197 2260.3550086021423 778.44906350970268 802.94780957698822 14431.169032365084
leaf_count=79671 7186 8660 6294 123094 518 2684 115 6643 4852 624 167 48 382 5805
internal_value=2.42441e-06 -0.000154343 -0.000227558 -4.52482e-05 4.79645e-05 0.00147825 0.00691038 0.000952828 0.00248459 0.00413293 0.0075893 0.0116184 0.00660919 0.00212599
internal_weight=246743 229789 225901 203979 199108 27875.9 2447.8 25428.1 15202.5 10548 4521.32 2260.97 1482.52 16954.3
internal_count=246743 233752 154081 145421 139127 16033 633 15400 8757 3905 1221 1054 1006 12991
is_linear=0
shrinkage=0.05


Tree=61
num_leaves=15
num_cat=0
split_feature=35 32 50 32 45 15 45 22 36 29 27 47 42 36
split_gain=31.8536 34.7082 27.675 24.8852 27.7285 27.3789 24.2765 29.4045 38.7821 34.7396 29.6114 26.9982 47.3642 43.7819
threshold=0.015999968163669113 4.8374145030975351 0.019250017590820793 3.6622449159622197 0.018277202732861045 0.0086581707000732439 5.875178658243386e-06 6.7929053306579599 0.60791924595832836 0.041481275111436851 6.3162615299224862 4.1666352748870858 1.0000000180025095e-35 0.62145593762397777
decision_type=2 2 2 2 2 2 2 2 2 2 2 2 2 2
left_child=2 -2 6 4 -4 -6 -1 8 -8 -10 -11 -9 -13 -14
right_child=1 -3 3 -5 5 -7 7 11 9 10 -12 12 13 -15
leaf_value=-0.0030019989912119017 0.00031022690603203784 0.0031435558449482343 -0.0033170842221027274 -0.0011545528011023445 -0.01770042807167535 0.0013440583319109295 -0.00064525394525824856 -0.002263125610333126 -0.00056256881781873954 0.0053796501460973735 -0.004723602906024655 -0.00052722380964942113 0.0038361216164261892 -0.00053299032551311907
leaf_weight=7124.0810122936964 41333.294783696532 14627.547691578045 2629.0239879488945 9073.1989213954657 761.22655922174454 248.08082138001919 12105.331697689369 15772.785461783409 4494.3873646240681 10131.948255110532 773.54940676689148 104275.44953274727 13354.331010580063 10038.763369321823
leaf_count=7865 22611 88356 1148 15824 1098 575 46637 4501 7615 19364 1030 23979 2856 3284
internal_value=2.41843e-06 0.00105126 -0.000305269 -0.00255827 -0.00604606 -0.0130522 -0.000144305 -2.5044e-05 0.00147218 0.00313597 0.00465933 -0.000312224 -7.10414e-05 0.00196176
internal_weight=246743 55960.8 190782 12711.5 3638.33 1009.31 178071 170947 27505.2 15399.9 10905.5 143441 127669 23393.1
internal_count=246743 110967 135776 18645 2821 1673 117131 109266 74646 28009 20394 34620 30119 6140
is_linear=0
shrinkage=0.05


Tree=62
num_leaves=15
num_cat=0
split_feature=43 45 48 3 35 28 0 48 19 45 1 50 32 41
split_gain=29.3311 32.881 35.9189 35.1727 32.7652 34.9579 32.6845 27.7927 27.1518 26.7524 26.2647 24.9878 45.539 23.2008
threshold=3.5694335699081425 0.0070153877604752788 0.17972006648778918 0.015038444194942715 0.017159497365355495 6.0366761684417733 0.016261236742138866 0.96229854226112377 0.30556146800518041 5.875178658243386e-06 0.0078432578593492525 0.091573208570480361 3.6622449159622197 0.90454545617103588
decision_type=2 2 2 2 2 2 2 2 2 2 2 2 2 2
left_child=6 2 -2 4 9 13 7 -1 -7 -4 -11 -3 -13 -6
right_child=1 11 3 -5 5 8 -8 -9 -10 10 -12 12 -14 -15
leaf_value=-0.0017873278575361079 -0.0033563788419535383 -0.0010648614187878213 -0.0029499286565127804 0.004617939183547832 0.0013030909017235162 0.019224057706911501 0.018049195827088495 0.0093870104026950053 0.0027615113798559539 -0.00012848359914311062 0.0015345550198903779 -0.020600583656108659 -0.0029456130711192925 0.010073986092186571
leaf_weight=29926.064566453919 6105.983924260363 19657.240437101573 6909.3378195017576 5126.3567168340087 35479.102385979146 488.95076012611389 203.60732416808605 557.19751153886318 510.81062310934067 108442.88005093485 30385.673905691132 454.23034217953682 1734.9235010612756 760.6400071978569
leaf_count=18600 2798 30828 7687 3683 90185 60 60 837 232 67868 20412 530 2697 266
internal_value=2.25615e-06 0.000207726 0.000414627 0.000537208 0.000422635 0.00174604 -0.00144399 -0.00158006 0.0109235 8.43777e-05 0.000235593 -0.00163093 -0.00668588 0.00148991
internal_weight=246743 216056 194210 188104 182977 37239.5 30686.9 30483.3 999.761 145738 138829 21846.4 2189.15 36239.7
internal_count=246743 227246 193191 190393 186710 90743 19497 19437 292 95967 88280 34055 3227 90451
is_linear=0
shrinkage=0.05


Tree=63
num_leaves=15
num_cat=0
split_feature=29 18 35 27 32 50 28 0 48 45 37 41 22 48
split_gain=27.575 24.7929 24.7519 38.1272 31.117 25.584 23.8511 32.9017 30.3675 23.4943 22.1121 21.1813 58.3427 34.4694
threshold=0.92514517903327953 6.0222353935241708 0.034694731235504157 5.4868674278259286 3.9006955623626713 0.019072555936872963 2.4414010047912602 0.016261236742138866 0.17972006648778918 4.6826569359836876e-06 4.361452817916871 0.58571431040763866 6.7996129989624032 0.74641570448875438
decision_type=2 2 2 2 2 2 2 2 2 2 2 2 2 2
left_child=1 -1 5 4 10 6 7 -3 -8 -10 -4 -11 -13 -14
right_child=-2 2 3 -5 -6 -7 8 -9 9 11 -12 12 13 -15
leaf_value=0.0038125522307402675 0.0019475408598526598 -0.0011249225860641688 0.0056219147700523487 0.0074666594091320568 -0.0022818887386188307 -0.0021632984149947097 -0.0040024993687666844 0.01575058408953493 -0.0034569521915766184 0.00012812033043005386 -0.001725215065146019 2.0319374810585109e-05 0.0097935410609297918 0.0028529045760733378
leaf_weight=3887.4363469686359 16954.330600649118 56153.452987596393 3358.6131107807159 2505.5166207849979 4826.1554060187191 17542.703219719231 4200.2648869603872 280.36250454187393 4008.1346312314272 108023.00731723756 1465.7842156291008 15680.688255757093 2756.0231037139893 5100.526668548584
leaf_count=79671 12991 20590 561 1137 11310 22637 752 48 5101 77568 761 13130 11 475
internal_value=2.21248e-06 -0.000141397 -0.000209604 0.00198412 0.000554465 -0.000334452 -0.000170831 -0.00103831 0.000179476 0.000309331 0.0033907 0.000424329 0.00178313 0.00529699
internal_weight=246743 229789 225901 12156.1 9650.55 213745 196202 56433.8 139769 135568 4824.4 131560 23537.2 7856.55
internal_count=246743 233752 154081 13769 12632 140312 117675 20638 97037 96285 1322 91184 13616 486
is_linear=0
shrinkage=0.05


Tree=64
num_leaves=15
num_cat=0
split_feature=15 24 34 24 26 42 1 21 26 0 23 46 24 25
split_gain=26.7243 30.785 21.3948 44.355 26.9043 28.4262 26.0586 21.6258 20.6823 19.7934 27.8577 18.1481 28.0901 27.6872
threshold=0.012658481486141683 0.80510801076889049 0.35558366775512701 0.13411372900009158 0.88949775695800792 1.0000000180025095e-35 0.011050061322748663 0.81649863719940197 0.95797204971313488 0.014389234129339458 2.8029010295867924 0.78503665328025829 0.83168652653694164 0.012394480872899296
decision_type=2 2 2 2 2 2 2 2 2 2 2 2 2 2
left_child=11 2 3 8 5 -5 -7 -6 9 -2 -11 12 -1 -13
right_child=1 -3 -4 4 7 6 -8 -9 -10 10 -12 13 -14 -15
leaf_value=-0.00072901693102152721 -0.00024787595643563511 0.0030657966288216579 -0.0014643584316755896 0.0018207196366457992 0.01976790540364938 0.0043327873528952489 0.018355532084240463 0.0033340722412312017 0.013980627710353417 0.010667841042575741 0.0012712494956797361 -0.00080574479284719897 -0.0052983338865598235 0.0011727633082166944
leaf_weight=76303.768655149266 52985.737380703911 11613.634575277567 13987.669318510219 9588.5209521967918 429.74433368444443 949.7550303041935 506.21664755046368 376.33919087052345 257.61618304252625 944.43115611374378 4565.7633973807096 35868.377950914204 3509.0336781144142 34856.391426324844
leaf_count=95426 30551 9923 11027 45637 96 535 180 589 23 261 2015 21566 3169 25745
internal_value=2.16798e-06 0.000653043 0.000321472 0.000675427 0.0034645 0.00281425 0.00930021 0.0122303 0.000112378 4.8923e-05 0.00289821 -0.000413808 -0.000930549 0.000169382
internal_weight=246743 96205.4 84591.8 70604.1 11850.6 11044.5 1455.97 806.084 58753.5 58495.9 5510.19 150538 79812.8 70724.8
internal_count=246743 100837 90914 79887 47037 46352 715 685 32850 32827 2276 145906 98595 47311
is_linear=0
shrinkage=0.05


Tree=65
num_leaves=15
num_cat=0
split_feature=43 47 49 41 43 18 22 50 47 22 35 23 0 48
split_gain=25.1072 31.4162 31.2789 37.7734 43.1859 30.1532 29.5451 28.783 42.4407 48.5822 28.9809 29.7691 26.6925 26.2758
threshold=3.5694335699081425 4.1266138553619394 0.070613279938697829 0.34848485887050634 3.8176519870758061 6.6167340278625497 6.7702026367187509 0.027181557379662994 4.182021141052247 6.7984981536865243 0.022816180251538757 6.1103575229644784 0.016261236742138866 0.77346858382225048
decision_type=2 2 2 2 2 2 2 2 2 2 2 2 2 2
left_child=12 5 -3 4 -4 -2 -5 8 9 -8 -9 -12 -1 -10
right_child=1 2 3 6 -6 -7 7 10 13 -11 11 -13 -14 -15
leaf_value=-0.0014588246220346044 0.0029424236967677416 -0.00049429466651729626 0.019464853944253235 0.0034213171068273314 -0.00044224862510006412 0.016737124120012055 -0.002489007464377651 -0.0035806922550307182 0.0016066716183561051 0.012937544359737877 -0.00084931640522830666 0.0085044591912022925 0.016280243439390409 -0.00024781039343536713
leaf_weight=30483.262077992782 4276.8207894861698 107727.97559294291 561.32333731651306 8633.1649588085711 519.93301919102669 427.61325490474701 783.17674708366394 8348.907314479351 32778.840721845627 1440.1105690002441 3716.5960412621498 1092.5098986923695 203.60732416808605 45749.158228963614
leaf_count=19437 2116 57658 27 121178 279 83 403 5917 10643 163 2644 772 60 25363
internal_value=2.19986e-06 0.0001923 0.000102249 0.000722408 0.00997599 0.00422915 0.000623871 0.000366362 0.00071975 0.00751656 -0.0018013 0.00128887 -0.00133586 0.000526386
internal_weight=246743 216056 211352 103624 1081.26 4704.43 102542 93909.3 80751.3 2223.29 13158 4809.11 30686.9 78528
internal_count=246743 227246 225047 167389 306 2199 167083 45905 36572 566 9333 3416 19497 36006
is_linear=0
shrinkage=0.05


Tree=66
num_leaves=15
num_cat=0
split_feature=20 45 41 44 47 27 22 36 48 48 47 43 48 48
split_gain=23.6406 28.8307 48.657 39.3097 27.8958 35.4862 37.3596 21.352 41.7346 20.0049 32.117 33.9488 22.4997 22.4567
threshold=0.012293425388634207 0.0027291637379676108 0.90454545617103588 0.35227215290069586 6.1933839321136483 6.3306114673614511 6.8007264137268075 0.83045977354049694 0.86214336752891552 0.77870926260948192 6.1913387775421151 6.0649466514587411 0.38236925005912786 0.57156163454055797
decision_type=2 2 2 2 2 2 2 2 2 2 2 2 2 2
left_child=4 2 9 -4 5 -1 -7 -6 -9 12 11 -11 -2 -14
right_child=1 -3 3 -5 7 6 -8 8 -10 10 -12 -13 13 -15
leaf_value=-0.00024700095634521069 -0.0012162009998693932 -0.00029962657619731989 0.0034424623101960631 0.019185495156820866 -0.0031625690838401332 -0.00039619058941305475 0.013469174677046003 0.0072060546896324518 -0.0047461790811828041 0.0011240360869722377 -0.0020658691503811569 0.013665815231367241 0.0055503823929017419 0.0017465444784140424
leaf_weight=132982.72740238346 3651.4311467725784 45065.510346386582 977.96874555945396 663.35366958379745 13553.536610841751 967.42928552627563 964.78202247619629 1533.1043798923492 1377.2992541790009 18006.6886173971 9555.6644561290741 546.3785043656826 6041.3952383827418 10855.730196261778
leaf_count=95734 3141 67096 244 29 2344 299 132 252 183 31325 1965 366 9993 33640
internal_value=2.23643e-06 0.000618818 0.0014416 0.00988279 -0.000386206 -0.000149024 0.0065607 -0.00232854 0.00155298 0.00115489 0.000287828 0.00150055 0.00234024 0.00310905
internal_weight=246743 95364.1 50298.6 1641.32 151379 134915 1932.21 16463.9 2910.4 48657.3 28108.7 18553.1 20548.6 16897.1
internal_count=246743 147799 80703 273 98944 96165 431 2779 435 80430 33656 31691 46774 43633
is_linear=0
shrinkage=0.05


Tree=67
num_leaves=15
num_cat=0
split_feature=15 29 48 52 41 48 34 45 21 36 32 31 47 28
split_gain=23.4955 34.7903 24.2278 26.1814 38.3706 48.1828 34.8419 30.9033 32.6198 23.6237 32.4995 22.9345 28.2443 41.5615
threshold=0.0079682543873786944 0.038054971024394042 0.17972006648778918 1.0000000180025095e-35 0.58571431040763866 0.44183947145938879 0.13650614768266681 0.00021647092944476756 0.80995392799377453 0.31318682432174688 2.7403194904327397 0.80368444323539745 4.182021141052247 4.2555875778198251
decision_type=2 2 2 2 2 2 2 2 2 2 2 2 2 2
left_child=-1 -2 -3 7 5 6 -5 -4 -9 -6 -11 -7 13 -13
right_child=1 2 3 4 9 11 -8 8 -10 10 -12 12 -14 -15
leaf_value=-0.0005683522062111643 -0.000720469410651516 -0.0033365065710461344 -0.0010586140072431046 0.018318562379838314 0.0073513231376887119 -0.0023923578248335746 0.00044469681580625676 0.0032247950793855736 0.0006026210766612763 0.015898112149328718 0.00075336830516813656 0.012817790073683957 -0.0012570145996966039 -0.0035541417053347314
leaf_weight=104209.83990737982 45542.103415600955 3172.0279524829239 8393.5110572874546 522.89965334534645 2007.7156751155853 18223.715306162834 559.33396482467651 30893.811790388077 19255.89338517189 359.28079032897949 8734.6189595162868 1037.48812687397 3221.0901417136192 609.66974994540215
leaf_count=100453 26306 1996 6255 193 115 12579 260 79197 10601 13 5703 618 1850 604
internal_value=2.23252e-06 0.000419413 0.000954663 0.00110009 2.40264e-05 -0.00109344 0.00916941 0.00174837 0.00221828 0.00245614 0.00136851 -0.00157818 0.00146827 0.0067731
internal_weight=246743 142533 96991.1 93819 35275.8 24174.2 1082.23 58543.2 50149.7 11101.6 9093.9 23092 4868.25 1647.16
internal_count=246743 146290 119984 117988 21935 16104 453 96053 89798 5831 5716 15651 3072 1222
is_linear=0
shrinkage=0.05


Tree=68
num_leaves=15
num_cat=0
split_feature=32 0 29 22 17 24 45 48 56 36 36 32 32 30
split_gain=22.2529 26.7556 19.9045 30.3837 21.5097 23.3793 18.5516 18.503 59.533 17.9389 44.5951 34.6589 20.9593 19.4896
threshold=2.0126758217811589 0.0079682543873786944 0.041481275111436851 6.7702026367187509 0.0096620614640414732 0.86942809820175182 0.00017712706176098439 0.47057749330997473 1.0000000180025095e-35 0.78174602985382091 0.7035002112388612 3.9981586933135991 3.9006955623626713 0.00050445456872694205
decision_type=2 2 2 2 2 2 2 2 2 2 2 2 2 2
left_child=-1 2 -2 -4 5 -5 7 8 -3 10 13 -12 -11 -8
right_child=1 6 3 4 -6 -7 9 -9 -10 12 11 -13 -14 -15
leaf_value=-0.0015109337788287709 -0.0010131423226972529 -0.001493993620997983 0.0030071750150147819 -0.00066149803140837671 0.00052085215017907451 -0.0077886499174671447 0.0038420677405989847 -0.0022165533776893438 0.023572785264248389 0.0036265517311589953 0.013722439626678086 0.0020428824484131354 -0.0026705090609330834 0.00087245880692283628
leaf_weight=22109.587743997574 46831.649954430759 1025.204447472468 8895.9227680899203 47381.451621472836 73627.581668615341 1169.418132007122 7252.8769171666354 6162.4173808414489 297.62913256883621 1873.1844634860754 1397.1905168294907 1165.2056608647108 4421.5286300219595 23132.150838272646
leaf_count=8728 29736 502 104525 21154 33503 1078 4896 4077 25 1311 461 914 4266 31567
internal_value=2.21517e-06 0.000151208 -0.000128469 0.000187669 -1.78506e-05 -0.000834734 0.00121583 -0.00106419 0.00428042 0.00165089 0.00211806 0.00843995 -0.000793846 0.00158233
internal_weight=246743 224633 177906 131074 122178 48550.9 46727.4 7485.25 1322.83 39242.1 32947.4 2562.4 6294.71 30385
internal_count=246743 238015 189996 160260 55735 22232 48019 4604 527 43415 37838 1375 5577 36463
is_linear=0
shrinkage=0.05


Tree=69
num_leaves=15
num_cat=0
split_feature=35 30 20 50 48 41 44 2 42 23 22 36 32 22
split_gain=21.1322 22.8817 27.8709 20.4635 17.9841 17.7975 27.4886 19.7243 17.6072 24.7947 15.8548 29.9908 23.5948 28.3726
threshold=0.015999968163669113 0.00056618481175974022 0.024320465512573722 0.10349501669406892 0.85981965065002453 0.90454545617103588 0.3197061568498612 0.011428944766521456 1.0000000180025095e-35 5.3107368946075448 6.7929053306579599 0.6601788103580476 4.0163424015045175 6.7895333766937265
decision_type=2 2 2 2 2 2 2 2 2 2 2 2 2 2
left_child=3 2 -2 10 -5 7 -7 -3 9 -9 11 -1 -13 -14
right_child=1 5 -4 4 -6 6 -8 8 -10 -11 -12 12 13 -15
leaf_value=-0.00078448352206766231 0.0024838095250617632 -5.7598822992058047e-05 0.015175484117015636 -0.013018072199089912 -0.0017746285570618304 0.0015061937716348678 0.01831873715585277 -0.0016454924334694688 0.011054070569770268 0.008006831506629673 -0.0004178690712214695 0.0037720162499931295 -0.0013350518846067952 0.0061566028959611236
leaf_weight=16342.584101870656 9021.3884752392769 41871.112439384684 444.98326647281647 563.29618418961763 946.92133174464107 824.96624433994293 335.94045996665955 1713.0620911363512 674.32379673421383 1075.0657020006329 154827.77345490456 10116.114766165614 6422.6355440896004 1562.8320178985596
leaf_count=57922 6729 95016 57 802 1177 581 95 7519 281 689 37866 16049 21904 56
internal_value=2.17301e-06 0.000856456 0.00309579 -0.00024844 -0.00602637 0.000399956 0.00648627 0.000242701 0.0038639 0.00209163 -0.000202021 0.000768062 0.0021694 0.000137003
internal_weight=246743 55960.8 9466.37 190782 1510.22 46494.5 1160.91 45333.6 3462.45 2788.13 189272 34444.2 18101.6 7985.47
internal_count=246743 110967 6786 135776 1979 104181 676 103505 8489 8208 133797 95931 38009 21960
is_linear=0
shrinkage=0.05


Tree=70
num_leaves=15
num_cat=0
split_feature=43 47 18 46 43 49 41 43 22 50 47 22 35 23
split_gain=20.5211 25.3518 27.0275 24.807 31.3609 23.6814 33.8122 38.8664 23.7922 23.8722 38.0654 42.955 24.5149 26.5983
threshold=3.5694335699081425 4.1266138553619394 6.6167340278625497 0.73237907886505138 3.9219243526458745 0.070613279938697829 0.34848485887050634 3.8393944501876835 6.7702026367187509 0.027181557379662994 4.182021141052247 6.7984981536865243 0.022816180251538757 6.1103575229644784
decision_type=2 2 2 2 2 2 2 2 2 2 2 2 2 2
left_child=-1 2 3 -2 -5 -3 7 -7 -8 10 11 -10 -11 -14
right_child=1 5 -4 4 -6 6 8 -9 9 12 -12 -13 13 -15
leaf_value=-0.0012075351834403795 0.011594772164264661 -0.00042593349597183606 0.015641363957387973 -0.0023575817153210026 0.0074090561867062397 0.017559095461463402 0.0030498771137554633 -0.001479747761759883 -0.0023410798621714183 -0.00330221592040032 0.0004471547974856506 0.012164567347887754 -0.00084453858479528244 0.0079969991486553097
leaf_weight=30686.869402160868 638.23583436012268 107727.97559294291 427.61325490474701 2401.379047781229 1237.2059073448181 613.66856372356415 8633.1649588085711 467.5877927839756 783.17674708366394 8348.907314479351 78527.99895080924 1440.1105690002441 3716.5960412621498 1092.5098986923695
leaf_count=19497 63 57658 83 1685 368 32 121178 274 403 5917 36006 163 2644 772
internal_value=2.16048e-06 0.000174024 0.00380037 0.00258274 0.000974514 9.31297e-05 0.000632741 0.00938766 0.000539518 0.000308438 0.000630274 0.0070672 -0.00166566 0.00117647
internal_weight=246743 216056 4704.43 4276.82 3638.58 211352 103624 1081.26 102542 93909.3 80751.3 2223.29 13158 4809.11
internal_count=246743 227246 2199 2116 2053 225047 167389 306 167083 45905 36572 566 9333 3416
is_linear=0
shrinkage=0.05


Tree=71
num_leaves=15
num_cat=0
split_feature=17 24 27 22 36 24 34 24 32 27 43 15 46 26
split_gain=19.7583 34.7311 22.8339 26.7781 33.1818 21.8221 20.5688 45.5171 23.853 28.6158 21.5618 26.9416 20.7112 23.3277
threshold=0.0094788861460983771 0.8129870891571046 6.3062603473663339 6.7996129989624032 0.63686314225196849 0.86942809820175182 0.35558366775512701 0.079805977642536177 6.1601512432098398 6.3306114673614511 4.2555875778198251 0.073282506316900267 0.79223424196243297 0.78961652517318737
decision_type=2 2 2 2 2 2 2 2 2 2 2 2 2 2
left_child=5 6 -3 -4 -5 -1 7 10 9 -8 11 12 -2 -14
right_child=1 2 3 4 -6 -7 8 -9 -10 -11 -12 -13 13 -15
leaf_value=-0.00063191325890879426 -0.00043321819656437 0.0066468966049301999 -0.00039321333046324098 0.0075695852855015584 2.2394193692606499e-05 -0.0062462093024714558 -0.00074578710836510566 0.0016757824190511449 -0.0039453953433352699 0.0092822674071839743 -0.0015407612377606808 0.0062503915675894894 0.00021470314523495856 0.0043071288169635622
leaf_weight=56223.208855425939 58606.965142576024 2721.0766607373953 7330.8956510722637 3192.3645358085632 2671.2333581447601 1775.9815323799849 22811.232569558546 42006.089787868783 6075.5985946655273 724.30849885940552 25449.602303069085 1752.6293820291758 10095.128899127245 5306.6841048151255
leaf_count=54723 24002 7780 5017 490 433 1924 20608 95615 1477 103 28397 334 4011 1829
internal_value=2.18195e-06 0.000250212 0.00248451 0.00162173 0.00413726 -0.000804875 4.43262e-05 0.000292368 -0.00115505 -0.000433362 -0.000281905 0.000141114 -4.38658e-06 0.00162663
internal_weight=246743 188744 15915.6 13194.5 5863.6 57999.2 172828 143217 29611.1 23535.5 101211 75761.4 74008.8 15401.8
internal_count=246743 190096 13720 5940 923 56647 176376 154188 22188 20711 58573 30176 29842 5840
is_linear=0
shrinkage=0.05


Tree=72
num_leaves=15
num_cat=0
split_feature=47 47 48 44 43 29 35 32 33 34 29 1 47 48
split_gain=18.3261 32.7053 25.8352 22.2611 24.4728 21.9176 20.5565 30.4177 24.832 24.1494 28.3302 21.8637 31.866 46.8548
threshold=3.9015133380889897 4.1266138553619394 0.96229854226112377 0.079545475542545332 3.65057384967804 0.92514517903327953 0.036562664434313781 3.4811217784881596 2.9700856208801274 0.40436661243438726 0.78984907269477855 0.0078432578593492525 4.2483932971954355 0.6004912555217744
decision_type=2 2 2 2 2 2 2 2 2 2 2 2 2 2
left_child=2 3 -1 4 -2 6 9 8 -8 10 11 -3 13 -13
right_child=1 5 -4 -5 -6 -7 7 -9 -10 -11 -12 12 -14 -15
leaf_value=-0.0016876932684837089 0.010690963021093361 -0.00032181613845995482 0.0094554807339802642 0.010228305596720028 -0.00012042589688729597 0.0018349836068918676 0.007457440886720134 -0.0001745580012155685 -0.00073355038851880287 -0.0012957881019567403 0.0060905498853155602 0.0075724114448788085 2.4618331884192058e-05 0.0008981899684577699
leaf_weight=20575.054854333401 656.59723854064941 117840.22157944925 523.80875632166862 1193.0832664966583 2436.178035736084 15948.58308878541 3258.9153116345406 6575.9054963774979 1288.2647973895073 40420.642712285742 1924.1528149917722 4057.3094856142998 22595.871043257415 7448.4113949239254
leaf_count=13532 70 107455 833 327 542 12753 964 23831 642 30404 23435 1289 27905 2761
internal_value=2.11749e-06 0.000133906 -0.0014067 0.00445487 0.00220189 5.00471e-05 -8.86229e-05 0.00200086 0.00514033 -0.000208345 7.73927e-05 8.47814e-07 0.0011156 0.00325628
internal_weight=246743 225644 21098.9 4285.86 3092.78 221358 205410 11123.1 4547.18 194287 153866 151942 34101.6 11505.7
internal_count=246743 232378 14365 939 612 231439 218686 25437 1606 193249 162845 139410 31955 4050
is_linear=0
shrinkage=0.05


Tree=73
num_leaves=15
num_cat=0
split_feature=32 27 0 25 32 33 27 48 43 43 22 30 45 47
split_gain=17.5834 22.9976 21.3594 20.4826 18.8871 34.0444 25.474 24.1153 26.484 18.7853 18.39 18.6521 18.1311 16.3329
threshold=2.0126758217811589 3.0201274156570439 0.0079682543873786944 0.012394480872899296 6.1622610092163095 1.2424533367156985 6.3288288116455087 0.85981965065002453 6.0173752307891855 3.9415346384048466 6.7702026367187509 0.0044897419866174468 0.003404208924621344 4.1266138553619394
decision_type=2 2 2 2 2 2 2 2 2 2 2 2 2 2
left_child=-1 -2 3 4 6 -6 -3 8 -7 10 11 -5 -11 -14
right_child=1 2 -4 9 5 7 -8 -9 -10 12 -12 -13 13 -15
leaf_value=-0.0013429395531120993 0.0038968094144700076 -0.00053308985358378877 0.0010242178469278089 0.016572575020197391 -0.0062766947980144108 -0.0010006767167255869 0.0056441382165115621 -0.005698863042302495 0.010490427390050114 0.0014029084535181618 -0.0018279434740002367 0.00048774986664693086 0.022303121954465443 -0.0010349077262496132
leaf_weight=22109.587743997574 3979.7257907390594 101799.77078146301 46056.478914648294 265.1714688539505 3811.0772671699524 1170.10347032547 1686.841992855072 948.70232772827148 865.3624324798584 41615.573629174381 10877.753835260868 524.23132060468197 65.49746298789978 10967.121437849477
leaf_count=8728 1139 64560 47827 716 827 272 195 118 107 87359 6192 1035 22 27646
internal_value=2.11278e-06 0.000134554 6.65239e-05 -0.000186148 -0.000599698 -0.00315128 -0.000431865 0.000847818 0.00391208 0.000522952 -0.00129152 0.00603059 0.00092522 -0.000876285
internal_weight=246743 224633 220654 174597 110282 6795.25 103487 2984.17 2035.47 64315.3 11667.2 789.403 52648.2 11032.6
internal_count=246743 238015 236876 189049 66079 1324 64755 497 379 122970 7943 1751 115027 27668
is_linear=0
shrinkage=0.05


Tree=74
num_leaves=15
num_cat=0
split_feature=17 24 27 48 34 22 24 27 45 34 24 32 27 45
split_gain=16.9172 28.9464 20.9074 24.5331 29.6894 25.3012 19.6513 17.9873 17.9778 17.4019 39.8351 21.3671 25.2852 18.8736
threshold=0.0094788861460983771 0.8129870891571046 6.3062603473663339 0.57156163454055797 0.54951900243759166 6.7984981536865243 0.86942809820175182 6.3306114673614511 0.018277202732861045 0.35558366775512701 0.079805977642536177 6.1601512432098398 6.3306114673614511 0.0082477880641818064
decision_type=2 2 2 2 2 2 2 2 2 2 2 2 2 2
left_child=6 9 8 5 -5 -4 -1 -6 -3 10 -2 12 -11 -12
right_child=1 2 3 4 7 -7 -8 -9 -10 11 13 -13 -14 -15
leaf_value=-0.00058055645051145277 -0.00026544352916483345 0.0042514513581166759 -0.0047696334079409906 -0.0065679341477296307 0.00019782323735689452 0.0072021454762347453 -0.0059082766829152223 0.0059825512424213738 0.014584751420467957 -0.00067020582272686656 0.0019969039913622171 -0.0037004811995120322 0.0087561871640666963 -0.001038904417030104
leaf_weight=56223.208855425939 101211.00983161665 2205.8764211237431 520.62545037269592 1376.4207137227058 6960.2123805582523 2681.6656260490417 1775.9815323799849 1655.5693743228912 515.20023961365223 22811.232569558546 36045.481132728979 6075.5985946655273 724.30849885940552 5960.6086551398039
leaf_count=54723 58573 6515 254 556 4402 408 1924 320 1265 20608 89129 1477 103 6486
internal_value=2.09651e-06 0.000231603 0.00227137 0.00144589 0.000223681 0.005247 -0.000744686 0.00131504 0.00625417 4.36429e-05 0.000271792 -0.00105954 -0.000376512 0.00156598
internal_weight=246743 188744 15915.6 13194.5 9992.2 3202.29 57999.2 8615.78 2721.08 172828 143217 29611.1 23535.5 42006.1
internal_count=246743 190096 13720 5940 5278 662 56647 4722 7780 176376 154188 22188 20711 95615
is_linear=0
shrinkage=0.05


Tree=75
num_leaves=15
num_cat=0
split_feature=35 28 28 50 34 45 27 38 2 24 19 27 30 45
split_gain=16.4618 22.6154 24.2517 18.2718 21.2937 15.6106 30.4436 20.9184 16.627 17.6034 18.5259 16.9928 15.3147 13.4718
threshold=0.017159497365355495 6.03906273841858 6.0438191890716562 0.091573208570480361 0.61930057406425487 0.0034626683918759231 2.9700856208801274 2.2499048709869389 0.01197647722437978 0.73915502429008495 0.39546397328376776 3.3315663337707524 0.19267120957374576 5.875178658243386e-06
decision_type=2 2 2 2 2 2 2 2 2 2 2 2 2 2
left_child=3 5 -3 12 -5 6 -2 8 9 10 -8 -10 13 -1
right_child=1 2 -4 4 -6 -7 7 -9 11 -11 -12 -13 -14 -15
leaf_value=-0.0023027744152721431 0.02883126007821209 0.015926874246521797 0.0012445757061028955 -0.0031839961404795934 -0.020301809902296401 -0.00041933060976081127 0.0010859861339825498 0.0098954113836749458 0.021225367845634224 0.0031305535432906402 -0.0022699058427739596 0.0041354412619918962 0.0094797083301856409 -8.938136179729105e-05
leaf_weight=7124.0810122936964 91.020442724227905 497.88959917426109 634.43600898981094 1873.1693117041141 192.05862540006638 19493.631327217445 12788.494973959401 684.69911137223244 149.546311378479 5923.9944462627172 6049.5768786072731 1782.6566104944795 402.04455116391182 189055.70066539571
leaf_count=7865 13 96 238 2468 227 29807 59451 170 21 5286 2468 5280 794 132559
internal_value=2.03114e-06 0.000831922 0.00778337 -0.000198932 -0.00486605 0.000662697 0.00143041 0.00132883 0.00110547 0.000755731 7.65697e-06 0.00556062 -0.000149656 -0.000169872
internal_weight=246743 48095.9 1132.33 198647 2065.23 46963.6 27470 27379 26694.3 24762.1 18838.1 1932.2 196582 196180
internal_count=246743 102830 334 143913 2695 102496 72689 72676 72506 67205 61919 5301 141218 140424
is_linear=0
shrinkage=0.05


Tree=76
num_leaves=15
num_cat=0
split_feature=18 31 48 48 47 3 37 47 47 37 32 47 22 32
split_gain=16.2546 19.7361 21.195 42.3685 55.5564 48.1913 44.3288 51.002 42.7162 29.9391 33.1916 49.272 93.8319 42.022
threshold=6.0222353935241708 0.66450217366218578 0.22531681507825854 0.57156163454055797 4.182021141052247 0.0099504948593676108 1.2424533367156985 4.2193996906280526 4.2193996906280526 1.5890269279479983 2.8029010295867924 4.182021141052247 6.7984981536865243 3.5114340782165532
decision_type=2 2 2 2 2 2 2 2 2 2 2 2 2 2
left_child=-1 -2 -3 4 -4 6 7 -6 -7 10 -5 12 -12 -13
right_child=1 2 3 9 5 8 -8 -9 -10 -11 11 13 -14 -15
leaf_value=0.0032054679240502031 -0.00088271116758300606 -0.0032472486913101639 -0.0018877650377248359 -0.0010129775357549265 0.0067573921286197634 0.018958074974356687 0.0047191539009700106 -0.0023878331906956791 0.0055616927469929849 -0.0010309356353513982 0.0013323339167038688 0.0030792448527884281 0.012474798622967138 -0.0001105119177833971
leaf_weight=3887.4363469686359 54955.786110073328 4359.3900341745466 6683.9849878549576 28477.210576534271 1976.5533139705658 804.58658075332642 9379.3881237376481 6545.2779115103185 2263.0482623968273 51438.570372588933 7015.3696469664574 12778.661699682474 2577.3307800292969 53600.405128896236
leaf_count=79671 58972 898 1405 5194 143 88 1763 2200 465 35311 3834 9212 154 47433
internal_value=2.06411e-06 -4.93433e-05 0.000194429 0.000276347 0.00207966 0.0033446 0.00234942 -0.000261256 0.00912551 -4.36547e-05 0.000442609 0.000988282 0.00433592 0.000503921
internal_weight=246743 242856 187900 183540 27652.8 20968.9 17901.2 8521.83 3067.63 155888 104449 75971.8 9592.7 66379.1
internal_count=246743 167072 108100 107202 6064 4659 4106 2343 553 101138 65827 60633 3988 56645
is_linear=0
shrinkage=0.05


Tree=77
num_leaves=15
num_cat=0
split_feature=48 43 48 33 47 49 3 31 47 37 22 37 25 49
split_gain=14.6916 16.8344 23.1775 42.2745 52.0553 48.4763 48.4634 41.3449 28.5756 66.2288 72.821 27.7669 23.0211 26.0547
threshold=0.17972006648778918 3.5694335699081425 0.57156163454055797 1.2424533367156985 4.2193996906280526 0.18163566291332248 0.0099504948593676108 0.66450217366218578 4.182021141052247 2.2499048709869389 6.7984981536865243 0.89587974548339855 0.014769849367439749 0.25049346685409551
decision_type=2 2 2 2 2 2 2 2 2 2 2 2 2 2
left_child=-1 -2 3 4 5 6 -3 -5 9 10 11 -4 13 -6
right_child=1 2 8 7 12 -7 -8 -9 -10 -11 -12 -13 -14 -15
leaf_value=-0.0018530732460187071 -0.0010921443862858223 0.00093235947019129541 -0.0028717030525320371 -0.0010422319366281531 -0.0013795022306183748 0.022531550331392244 0.013317859865219784 0.0050863796942310774 -0.00021084713137864907 -0.002314321599917984 0.011853469393074703 0.0042423760084965732 0.001781503798814051 -0.0077411231482842199
leaf_weight=10219.97949045524 27016.680688396096 4606.9693862199783 2061.9960899949074 3713.1178514994681 12222.385519050062 329.59459561109543 943.69909384846687 10587.724231658503 156558.25413548574 5184.3179000616074 2577.3307800292969 4053.5688588619232 4822.4084195420146 1844.9728354234248
leaf_count=6000 16868 1548 1943 3557 4307 52 197 1931 184395 2462 154 910 21466 953
internal_value=2.05315e-06 8.22867e-05 0.000233779 0.00133201 8.20127e-05 0.00418615 0.00305825 0.00349551 -1.80434e-05 0.00215569 0.00482114 0.00184294 -0.00119712 -0.00221875
internal_weight=246743 236523 209506 39070.9 24770 5880.26 5550.67 14300.8 170435 13877.2 8692.9 6115.56 18889.8 14067.4
internal_count=246743 240743 223875 34011 28523 1797 1745 5488 189864 5469 3007 2853 26726 5260
is_linear=0
shrinkage=0.05


Tree=78
num_leaves=15
num_cat=0
split_feature=22 29 45 41 32 46 32 47 48 22 35 23 28 48
split_gain=14.9809 34.6893 19.5959 20.199 34.8554 37.0145 26.5882 41.1692 24.1066 21.0697 43.4881 46.3481 36.3669 58.526
threshold=6.7702026367187509 0.13752169162034991 0.0082477880641818064 0.58571431040763866 4.0859410762786874 0.8635900914669038 2.7403194904327397 4.182021141052247 0.74431845545768749 6.8007264137268075 0.04082255810499192 6.1643662452697763 5.9976942539215097 0.85981965065002453
decision_type=2 2 2 2 2 2 2 2 2 2 2 2 2 2
left_child=1 -1 3 9 5 -5 -7 -8 -6 -2 11 -11 -13 -14
right_child=2 -3 -4 4 8 6 7 -9 -10 10 -12 12 13 -15
leaf_value=-0.00097224516345771356 0.00028316967428688934 0.0036997400371260383 -0.001453900734363278 -0.00081644874526641976 0.0080639967304509345 0.0088093181814393844 0.010873103367950035 -0.0003438443605084485 0.0016386766951567969 -0.0016398347472933003 0.0059219088394939709 0.0076724193456658984 0.0029468370712911534 -0.0070677584956775194
leaf_weight=7548.6836248934269 108403.54145371914 8370.2196006737649 23952.368597120047 17559.464945197105 2788.7132824957371 1737.4658861160278 991.9774204492569 4452.4695700109005 3064.817770242691 55609.561656475067 2287.4587516784668 2229.0870718955994 5810.2443981170654 1936.9258470535278
leaf_count=28680 60138 119814 20833 6795 89 87 270 1617 736 6265 214 304 660 241
internal_value=2.03406e-06 0.00148508 -0.000100305 5.64819e-05 0.00124219 0.000420567 0.00344195 0.00171607 0.00470833 -0.00014937 -0.00084014 -0.00107685 0.00205984 0.000437132
internal_weight=246743 15918.9 230824 206872 30594.9 24741.4 7181.91 5444.45 5853.53 176277 67873.3 65585.8 9976.26 7747.17
internal_count=246743 148494 98249 77416 9594 8769 1974 1887 825 67822 7684 7470 1205 901
is_linear=0
shrinkage=0.05


Tree=79
num_leaves=15
num_cat=0
split_feature=17 24 27 22 36 24 45 34 24 32 27 36 30 33
split_gain=14.3104 23.6712 18.4859 21.6519 27.1799 17.2647 16.6138 15.5821 32.3666 18.612 20.8444 17.0079 25.3848 32.1437
threshold=0.0094788861460983771 0.8129870891571046 6.3062603473663339 6.7996129989624032 0.63686314225196849 0.86942809820175182 0.0082477880641818064 0.35558366775512701 0.079805977642536177 6.1601512432098398 6.3306114673614511 0.31318682432174688 1.3947811567049941e-05 1.4978661537170412
decision_type=2 2 2 2 2 2 2 2 2 2 2 2 2 2
left_child=5 7 6 -4 -5 -1 -3 8 11 10 -9 12 -2 -14
right_child=1 2 3 4 -6 -7 -8 9 -10 -11 -12 -13 13 -15
leaf_value=-0.00053099266345771052 0.0076489598393341095 0.0038191508059337888 -0.00053010419261627047 0.0066499744578183946 -0.00017990557475759368 -0.00552470445351619 0.013565645275186142 -0.00062996292353521908 0.0014255881823467191 -0.0034655931377462652 0.0079287350611116636 -0.00044743383193288755 -0.00029482947514240695 0.0097954913352603108
leaf_weight=56223.208855425939 1509.5235306378454 2179.2012328058481 7330.8956510722637 3192.3645358085632 2671.2333581447601 1775.9815323799849 541.87542793154716 22811.232569558546 42006.089787868783 6075.5985946655273 724.30849885940552 90573.018574137241 8265.9357907958329 862.53193604573607
leaf_count=54723 53 6430 5017 490 433 1924 1350 20608 95615 1477 103 55940 2392 188
internal_value=2.00859e-06 0.000213093 0.00205765 0.00128152 0.00354353 -0.00068483 0.00580263 4.31201e-05 0.000259011 -0.00100079 -0.000363313 -0.000225252 0.00166507 0.000668262
internal_weight=246743 188744 15915.6 13194.5 5863.6 57999.2 2721.08 172828 143217 29611.1 23535.5 101211 10638 9128.47
internal_count=246743 190096 13720 5940 923 56647 7780 176376 154188 22188 20711 58573 2633 2580
is_linear=0
shrinkage=0.05


Tree=80
num_leaves=15
num_cat=0
split_feature=29 37 18 48 45 32 27 41 38 43 20 48 45 32
split_gain=13.8814 15.0163 14.2489 13.9159 13.2253 14.6749 16.8227 17.746 81.5145 44.8916 19.0784 16.8227 30.2271 28.65
threshold=0.95616486668586742 1.0000000180025095e-35 6.0222353935241708 0.17972006648778918 5.875178658243386e-06 2.0126758217811589 3.0201274156570439 0.77500000596046459 1.4978661537170412 6.0509114265441903 0.013759013731032612 0.52704340219497692 7.6891460594197286e-06 2.1383330821990971
decision_type=2 2 2 2 2 2 2 2 2 2 2 2 2 2
left_child=2 -2 -1 -4 -5 -6 -7 11 -9 -10 -11 12 -8 -14
right_child=1 -3 3 4 5 6 7 8 9 10 -12 -13 13 -15
leaf_value=0.0029409330551661275 0.005414248879080541 0.0003435969379580843 -0.0019659306960325335 -0.0021580772444073906 -0.0012409928312490889 0.0034005090382766335 0.012927976386639893 0.016919724900013092 -0.00091900957222930456 0.0016361525262107942 0.011666835066722878 -0.00021403905402799019 0.0066313594032583181 0.00044019368187873286
leaf_weight=3887.4363469686359 2412.3082671165466 3679.2905860543251 9647.784471206367 7050.8025266379118 20277.036892056465 3941.2018599510193 519.893634557724 842.92800807952881 7731.2712287008762 809.95582628250122 1145.8253486156464 156184.02627994679 1999.8971862792969 26613.341413684189
leaf_count=79671 2440 1802 4504 7790 7550 1128 147 61 5374 107 116 124654 85 11314
internal_value=1.98764e-06 0.00235719 -5.77249e-05 -0.000107082 -2.8036e-05 4.03046e-05 0.000170402 0.00010523 0.0021009 0.000795303 0.00754224 -8.27397e-06 0.00109454 0.000875085
internal_weight=246743 6091.6 240651 236764 227116 220065 199788 195847 10530 9687.05 1955.78 185317 29133.1 28613.2
internal_count=246743 4242 242501 162830 158326 150536 142986 141858 5658 5597 223 136200 11546 11399
is_linear=0
shrinkage=0.05


Tree=81
num_leaves=15
num_cat=0
split_feature=28 28 35 22 29 45 41 32 46 38 44 47 28 50
split_gain=13.1204 23.7911 18.3407 14.0084 29.2028 15.5619 19.3165 30.8329 31.5478 22.5851 35.161 30.144 21.9263 21.3869
threshold=6.03906273841858 6.0438191890716562 0.021752668544650081 6.7702026367187509 0.13752169162034991 0.0082477880641818064 0.58571431040763866 4.0859410762786874 0.8635900914669038 2.2499048709869389 0.3800817877054215 4.182021141052247 3.7726949453353886 0.088688999414443984
decision_type=2 2 2 2 2 2 2 2 2 2 2 2 2 2
left_child=3 2 -2 4 -1 6 13 8 -8 11 -11 -10 -9 -5
right_child=1 -3 -4 5 -6 -7 7 12 9 10 -12 -13 -14 -15
leaf_value=-0.00087204730894270511 0.004535728699046798 0.00054286899133227338 0.017816503194760757 -0.00026469713010953154 0.0034296843500481048 -0.0013619295015140135 -0.00076727612196825993 0.0090966697066445432 0.0086461433837757614 0.0031240465084561484 0.018183606542243293 -0.00039556101864291154 0.0024058754918804401 0.0062092593661857111
leaf_weight=7506.5612662732601 911.9413890838623 3874.887806981802 359.79956755042076 170153.53509628773 8298.3347184620798 23767.681923002005 17559.464945197105 1740.5329251885414 1166.2719799280167 1189.2724197804928 568.9369820356369 4257.4314948320389 4112.9981275498867 1275.3492339849472
leaf_count=28562 510 1407 35 65411 119601 20789 6795 51 288 325 38 1323 774 834
internal_value=2.00138e-06 0.0024976 0.0084028 -5.12625e-05 0.00138731 -0.000152016 -9.61221e-06 0.00114749 0.000374739 0.0031641 0.00807243 0.00156103 0.00440749 -0.000216175
internal_weight=246743 5146.63 1271.74 241596 15804.9 225791 202024 30594.9 24741.4 7181.91 1758.21 5423.7 5853.53 171429
internal_count=246743 1952 545 244791 148163 96628 75839 9594 8769 1974 363 1611 825 66245
is_linear=0
shrinkage=0.05


Tree=82
num_leaves=15
num_cat=0
split_feature=17 24 48 34 24 49 45 26 43 46 27 25 28 32
split_gain=12.9983 20.8178 18.5696 24.4881 15.5748 14.943 13.9567 14.5115 13.8228 25.7568 28.8263 24.7375 29.683 21.8838
threshold=0.0094788861460983771 0.83419847488403331 0.85474511981010448 0.56617614626884472 0.86942809820175182 0.67203077673912059 0.0082477880641818064 0.87786284089088451 4.686739683151246 0.79223424196243297 6.3306114673614511 0.015982106328010563 6.0366761684417733 4.0517470836639413
decision_type=2 2 2 2 2 2 2 2 2 2 2 2 2 2
left_child=4 8 6 -4 5 -1 -3 -8 9 -2 13 -10 -13 -11
right_child=1 2 3 -5 -6 -7 7 -9 11 10 -12 12 -14 -15
leaf_value=-0.00073661584470241851 -4.6483461953541008e-05 0.003649255159974911 -0.0062803145218210954 0.00183824081341539 -0.0052494649677379025 0.0023783518367871048 0.016210970520382017 -0.0022260471840270923 -0.0013433432225094177 0.00059984681456330777 0.010024791931802082 0.00042720395830277505 0.0086976903562105117 0.0039347635837575423
leaf_weight=52075.495618799701 96785.312574964017 3957.2219306528568 1071.053975045681 6590.0712073296309 1775.9815323799849 4147.7132366262376 444.36591266095638 136.58700866997242 35816.655348440632 21776.863567665219 982.63548135757446 13667.960680622607 1168.5568568706512 6346.5249440521002
leaf_count=44440 120150 2682 967 5902 1924 10283 537 62 26442 12508 135 15813 352 4546
internal_value=2.04382e-06 0.000203218 0.00219996 0.000696529 -0.000652551 -0.000506436 0.00473087 0.011912 6.5126e-05 0.000345761 0.00164965 -0.000632284 0.00108403 0.00135356
internal_weight=246743 188744 12199.3 7661.13 57999.2 56223.2 4538.17 580.953 176545 125891 29106 50653.2 14836.5 28123.4
internal_count=246743 190096 10150 6869 56647 54723 3281 599 179946 137339 17189 42607 16165 17054
is_linear=0
shrinkage=0.05


Tree=83
num_leaves=15
num_cat=0
split_feature=35 30 46 22 29 45 3 25 41 38 43 48 48 36
split_gain=12.1806 17.4562 22.7067 15.9337 23.7905 15.9461 21.2015 18.565 18.5356 72.303 39.1491 15.491 24.6392 43.6349
threshold=4.347082176536788e-05 8.9548689174989721e-06 0.7358641028404237 6.7702026367187509 0.13752169162034991 0.0082477880641818064 0.015038444194942715 0.0032502673566341404 0.77500000596046459 1.4978661537170412 6.0509114265441903 0.91805046796798717 0.7751741111278535 0.74537035822868358
decision_type=2 2 2 2 2 2 2 2 2 2 2 2 2 2
left_child=-1 2 -2 4 -3 6 8 -8 11 -10 -11 12 13 -5
right_child=1 3 -4 5 -6 -7 7 -9 9 10 -12 -13 -14 -15
leaf_value=-0.0012273828786266855 0.0073516252514496845 -0.00072379155044734959 -9.1883413033870033e-05 -0.00026629128540536984 0.0034056859840478921 -0.0012809342674394387 0.0083974295959080274 0.0014784605197824716 0.017632768722120312 -0.0010135896391896572 0.0070208961994777889 0.0010001248669505951 -0.0012437003967119128 0.0028985624197264081
leaf_weight=18617.02673054114 1884.0226058363914 6040.6511852648109 2231.3758803904057 84883.127608418465 8233.4768506605178 23952.368597120047 1305.7227219641209 3707.304123967886 690.92459678649902 6329.6107721328735 1982.9616134166718 26336.463371425867 48064.118613243103 12483.844604969025
leaf_count=10775 126 22984 1673 30945 119218 20833 329 1008 50 2896 219 10812 21409 3466
internal_value=2.00622e-06 0.000102384 0.0033253 4.30288e-05 0.00165885 -6.7014e-05 8.95522e-05 0.00329375 5.1828e-07 0.00221067 0.000909168 -0.000115453 -0.00031753 0.000139744
internal_weight=246743 228126 4115.4 224011 14274.1 209736 185784 5013.03 180771 9003.5 8312.57 171768 145431 97367
internal_count=246743 235968 1799 234169 142202 91967 71134 1337 69797 3165 3115 66632 55820 34411
is_linear=0
shrinkage=0.05


Tree=84
num_leaves=15
num_cat=0
split_feature=48 48 32 19 47 48 15 23 0 27 17 18 34 34
split_gain=11.7465 39.4682 34.3065 51.849 22.1485 24.9056 21.2279 17.6144 17.6059 17.2857 27.0663 16.7741 16.7094 16.0481
threshold=0.38236925005912786 0.47057749330997473 4.0689902305603036 0.040257342159748084 4.2835628986358651 0.34122219681739813 0.020513722673058513 6.1622610092163095 0.0085107926279306429 3.2156655788421635 0.022991543635725979 6.6019089221954355 0.061793329194188125 0.11992335692048074
decision_type=2 2 2 2 2 2 2 2 2 2 2 2 2 2
left_child=4 2 9 -4 5 8 11 -7 -1 10 -2 -5 -10 -8
right_child=1 -3 3 6 -6 7 13 -9 12 -11 -12 -13 -14 -15
leaf_value=0.0010216666246666342 0.0017747856437025757 -2.551559749261739e-05 0.018750224292579609 0.0028633313256519475 -0.0018185592242816132 -0.00052929961130527268 0.025915059316604813 -0.020635652680242478 0.00093683060856562621 -0.00026636520158078496 0.013425948229042035 -0.011456601830517416 0.012907925849500511 0.0057844181676749169
leaf_weight=5044.436027944088 1968.0990562438965 209859.16530382819 786.43582642264664 1112.4639434237033 20031.506308380514 231.64582112431526 144.25442820973694 196.5296630859375 512.40315122902393 4985.9928121268749 659.3289487361908 240.06457233428955 671.2987072467804 299.37530580163002
leaf_count=3555 324 220011 255 4363 12240 192 66 48 428 3135 92 31 302 1701
internal_value=1.99373e-06 0.00012215 0.00315851 0.00812681 -0.00098843 0.00150874 0.00339736 -0.0100183 0.002316 0.00146474 0.00473836 0.000256212 0.00777711 0.0127573
internal_weight=246743 220055 10196 2582.59 26687.8 6656.31 1796.16 428.175 6228.14 7613.42 2627.43 1352.53 1183.7 443.63
internal_count=246743 229978 9967 6416 16765 4525 6161 240 4285 3551 416 4394 730 1767
is_linear=0
shrinkage=0.05


Tree=85
num_leaves=15
num_cat=0
split_feature=29 37 34 29 35 49 28 50 30 34 32 47 44 17
split_gain=11.7784 13.2291 12.8087 28.4808 23.828 19.6155 16.7426 14.6196 26.5394 24.3598 15.2796 14.4354 13.705 17.041
threshold=0.95616486668586742 1.0000000180025095e-35 0.40436661243438726 0.78984907269477855 0.036111643537878997 0.065369058400392546 3.5972183942794804 0.060477657243609435 0.1111939698457718 0.56617614626884472 3.6622449159622197 4.8674161434173593 0.014096613042056562 0.080128207802772536
decision_type=2 2 2 2 2 2 2 2 2 2 2 2 2 2
left_child=2 -2 3 12 7 -6 -7 8 -4 -9 -10 -11 13 -1
right_child=1 -3 4 -5 5 6 -8 9 10 11 -12 -13 -14 -15
leaf_value=-0.0009757109037680068 0.0050408261467933127 0.00028161702703479065 -0.00092637396581514593 0.0043605032000924434 -0.0045292098869510562 0.011373419637611301 -0.0039294780682788792 -8.5514036441920141e-05 0.011533268990997297 -0.002525371121526755 -0.00042452652010147376 -0.015799809176254367 0.00026580827685699 0.006671709706610119
leaf_weight=35531.713736074045 2412.3082671165466 3679.2905860543251 48589.089083341882 3906.3586309738457 372.03036773204803 951.16107286512852 214.25826332345605 1096.6563632301986 672.66379509866238 320.53039443492889 437.76821391284466 579.508021235466 147245.84085854702 733.82222219742835
leaf_count=21207 2440 1802 34922 34652 64 577 477 1577 1572 634 1119 564 144857 279
internal_value=1.99262e-06 0.00217146 -5.30111e-05 0.000141405 -0.000737383 0.0053767 0.00855054 -0.000920221 -0.000751117 -0.00510464 0.0068574 -0.0111521 5.13616e-05 -0.000819171
internal_weight=246743 6091.6 240651 187418 53233.7 1537.45 1165.42 51696.2 49699.5 1996.69 1110.43 900.038 183511 36265.5
internal_count=246743 4242 242501 200995 41506 1118 1054 40388 37613 2775 2691 1198 166343 21486
is_linear=0
shrinkage=0.05


Tree=86
num_leaves=15
num_cat=0
split_feature=47 47 48 3 18 0 15 23 21 35 28 41 48 1
split_gain=11.4412 24.5401 22.0105 19.1005 17.9108 17.6938 16.9276 16.6398 15.7554 17.2756 25.8701 16.1751 18.219 16.1675
threshold=3.9015133380889897 4.1266138553619394 0.96229854226112377 0.013245614245533945 6.5978271961212167 0.016261236742138866 0.052071848884224899 2.5249279737472539 0.83352273702621471 0.017159497365355495 6.0366761684417733 0.90454545617103588 0.84247356653213512 0.0078432578593492525
decision_type=2 2 2 2 2 2 2 2 2 2 2 2 2 2
left_child=2 3 5 4 -2 6 7 -1 9 13 11 -11 -13 -3
right_child=1 8 -4 -5 -6 -7 -8 -9 -10 10 -12 12 -14 -15
leaf_value=0.01310970497465111 0.00049952504321027088 -0.00032038853897047617 0.0089142247402934204 0.0106451340614028 0.0097742432537111252 0.013998648321669548 -0.0072515729349846908 -0.0012992386272901364 -0.0014128175650417628 0.00078541678288873088 0.010065823945089826 0.016014388779529754 0.00073197114833512325 0.00085809766391079759
leaf_weight=192.56383800506592 2833.8614420890808 130352.14472391643 523.80875632166862 823.9883017539978 628.00879693031311 175.6689535677433 1198.0506712347269 19008.771391525865 17345.798512473702 34644.305213762447 785.29069131612778 364.75491055846214 408.72662621736526 37457.257046464831
leaf_count=20 626 96807 833 145 168 43 492 12977 11069 95397 168 30 359 27609
internal_value=1.91392e-06 0.000106044 -0.00111124 0.00384895 0.00220533 -0.00137068 -0.00150983 -0.00114799 3.34047e-05 0.00015643 0.00114686 0.00094632 0.0080512 -5.72995e-05
internal_weight=246743 225644 21098.9 4285.86 3461.87 20575.1 20399.4 19201.3 221358 204012 36203.1 35417.8 773.482 167809
internal_count=246743 232378 14365 939 794 13532 13489 12997 231439 220370 95954 95786 389 124416
is_linear=0
shrinkage=0.05


Tree=87
num_leaves=15
num_cat=0
split_feature=17 24 39 29 32 49 27 27 34 24 32 31 48 32
split_gain=11.0073 17.8545 19.4536 19.1057 19.0779 24.7325 19.4769 18.4215 20.327 17.4628 19.8012 17.245 21.2156 25.9016
threshold=0.0094788861460983771 0.78796207904815685 0.52564632892608654 0.041481275111436851 6.1622610092163095 0.18969911336898806 6.3288288116455087 6.3062603473663339 0.40436661243438726 0.1505309194326401 6.1643662452697763 0.87940147519111644 0.78188824653625499 4.0859410762786874
decision_type=2 2 2 2 2 2 2 2 2 2 2 2 2 2
left_child=-1 2 3 -2 6 9 11 -3 -9 -6 -11 12 13 -5
right_child=1 7 -4 4 5 -7 -8 8 -10 10 -12 -13 -14 -15
leaf_value=-0.00060040992573093894 -0.00045694392012647026 0.0049625600509827584 -0.0018338925970969419 0.0005732894379292746 -0.0037045089981358318 -0.0041694237918528552 0.0048188502733872846 0.0059652410618769849 0.00029531918974136438 -0.0026560791804671356 0.0074903576418905203 0.0031237368716279107 -0.00048176138681436682 0.0036150462892520492
leaf_weight=57999.190387805924 67551.850880423561 3386.2842551767826 13031.839931458235 30996.903033480048 1037.3639626502991 4388.7740092277527 3018.1897902488708 1764.1636787056923 14510.890401244164 710.46552467346191 1450.9645051956177 6858.9813247472048 31005.343105651438 9031.7950854487717
leaf_count=56647 38992 9803 7086 14343 171 727 425 277 6883 228 184 5873 39450 65654
internal_value=1.97043e-06 0.000187098 2.12288e-05 0.000176258 0.000659584 -0.00173619 0.000884437 0.0016128 0.000913206 0.00160483 0.00415833 0.000731388 0.000499978 0.00126034
internal_weight=246743 188744 169082 156051 88498.8 7587.57 80911.2 19661.3 16275.1 3198.79 2161.43 77893 71034 40028.7
internal_count=246743 190096 173133 166047 127055 1310 125745 16963 7160 583 412 125320 119447 79997
is_linear=0
shrinkage=0.05


Tree=88
num_leaves=15
num_cat=0
split_feature=50 26 23 20 41 43 47 27 44 36 48 39 28 29
split_gain=10.8438 13.3135 14.3215 11.8556 19.1782 42.4224 19.1408 25.4763 24.2053 15.8756 28.481 14.0964 19.6833 18.3342
threshold=0.18771819025278094 0.82302704453468334 6.1279597282409677 0.012293425388634207 0.90454545617103588 6.0509114265441903 6.1933839321136483 6.3306114673614511 0.11145327612757684 0.83045977354049694 0.86214336752891552 0.28031413257122045 6.03906273841858 0.84712255001068126
decision_type=2 2 2 2 2 2 2 2 2 2 2 2 2 2
left_child=3 2 -2 6 11 -6 7 -1 -9 -8 -11 12 -5 -13
right_child=1 -3 -4 4 5 -7 9 8 -10 10 -12 13 -14 -15
leaf_value=-0.00014111378852015512 -0.0029481893743833663 -0.010134842126851312 0.025869913360949844 0.00096868863176208264 -0.00090459412463224668 0.012743402811424505 -0.002582696101188919 0.00073693999093650021 0.01200775627534245 0.0061525876679618839 -0.0037214623795565186 -0.00066236419160851543 0.0096091208040900988 0.0013828617282373125
leaf_weight=132749.66399554349 161.46839136630297 533.05187993869185 48.015754818916321 34484.109544053674 1326.0378774404526 986.20397186279297 13553.536610841751 1100.1759476661682 832.03536033630371 1533.1043798923492 1377.2992541790009 42662.408546272665 662.14268982410431 14733.745672101155
leaf_count=95478 451 560 3 79845 1171 39 2344 301 130 252 183 47567 132 18287
internal_value=1.90624e-06 -0.00599095 0.00453491 2.02381e-05 0.00045837 0.00494628 -0.000254733 -5.7948e-05 0.00562714 -0.0018635 0.00148312 0.000345714 0.00113416 -0.0001372
internal_weight=246743 742.536 209.484 246000 94854.6 2312.24 151146 134682 1932.21 16463.9 2910.4 92542.4 35146.3 57396.2
internal_count=246743 1014 454 245729 147041 1210 98688 95909 431 2779 435 145831 79977 65854
is_linear=0
shrinkage=0.05


Tree=89
num_leaves=15
num_cat=0
split_feature=48 49 47 47 48 3 44 0 15 23 21 28 20 35
split_gain=10.5218 17.9777 10.7664 21.7125 19.6291 17.2014 16.6157 16.0533 15.4598 15.0759 14.6991 15.2537 22.1532 13.8702
threshold=0.059627624228596694 0.059186408296227462 3.9015133380889897 4.1266138553619394 0.96229854226112377 0.013245614245533945 0.098296217620372786 0.016261236742138866 0.052071848884224899 2.5249279737472539 0.83352273702621471 6.03906273841858 0.024320465512573722 0.025650287047028545
decision_type=2 2 2 2 2 2 2 2 2 2 2 2 2 2
left_child=1 -1 4 5 7 6 -4 8 9 -2 11 13 -13 -5
right_child=2 -3 3 10 -6 -7 -8 -9 -10 -11 -12 12 -14 -15
leaf_value=-0.0011033632971200866 0.012493728948653922 -0.011930118889645944 0.00036847642866045789 1.1056951994877668e-05 0.0084219671074039718 0.010105825770157773 0.0090257014131478238 0.013348767915867518 -0.0069103257278156378 -0.0012213713469728074 -0.0013334735450233606 0.0019852307500485811 0.014265636364097832 0.001599615821557179
leaf_weight=1880.4731796253473 192.56383800506592 472.44699645042419 2779.2720828056335 183546.50053505786 523.80875632166862 823.9883017539978 682.59815621376038 175.6689535677433 1198.0506712347269 19000.582655563951 17250.541667237878 2963.5278114974499 410.05179470777512 14842.924476094544
leaf_count=928 20 203 608 161794 833 145 186 43 492 12975 11031 972 57 56456
internal_value=1.90895e-06 -0.00331858 3.40121e-05 0.00013602 -0.00104556 0.00365634 0.00209655 -0.00129066 -0.00142326 -0.00107733 6.69678e-05 0.000186764 0.00351564 0.000129983
internal_weight=246743 2352.92 244390 223299 21090.7 4285.86 3461.87 20566.9 20391.2 19193.1 219014 201763 3373.58 198389
internal_count=246743 1131 245612 231249 14363 939 794 13530 13487 12995 230310 219279 1029 218250
is_linear=0
shrinkage=0.05


Tree=90
num_leaves=15
num_cat=0
split_feature=36 0 36 36 30 27 22 46 42 28 22 33 47 47
split_gain=10.1191 11.0911 11.7083 43.6667 21.3667 14.5443 13.9884 23.5298 21.6906 26.1488 23.9193 28.0475 25.1128 19.8577
threshold=0.13392857462167743 0.009569597430527212 0.78174602985382091 0.74537035822868358 0.0046784209553152331 5.2996904850006112 6.7984981536865243 0.85020494461059581 1.0000000180025095e-35 2.9174053668975835 6.8007264137268075 4.0517470836639413 4.2972624301910409 4.2835628986358651
decision_type=2 2 2 2 2 2 2 2 2 2 2 2 2 2
left_child=-1 -2 3 6 -5 -4 -3 8 9 -8 11 13 -12 -11
right_child=1 2 5 4 -6 -7 7 -9 -10 10 12 -13 -14 -15
leaf_value=-0.0017209765640344901 -7.8797968521249702e-05 -0.00079597998415489543 0.0028242229101807519 0.0056257043204904766 0.018198455419884386 -0.0029582911405407232 -0.0011878149442099929 -0.0012842672115963812 0.0064830734277943787 0.014992467051371553 -0.0053782151338033872 -0.0025641649253209508 0.004923063004956864 0.005606372263728141
leaf_weight=8227.9704951196909 204018.71496580727 9381.9243254065514 1523.6156513392925 1480.2807988692075 434.7593099847436 3733.4026121199131 4541.4785583019257 5103.8104486465454 2949.3571033477783 944.4167640209198 1081.5843372344971 613.10222887992859 1281.7813539505005 1426.8009231090546
leaf_count=1342 211902 25490 2385 907 136 2012 742 794 305 91 123 176 107 231
internal_value=1.91305e-06 6.14166e-05 0.000890459 0.00128103 0.00855972 -0.00128019 0.000767954 0.00158571 0.00272675 0.00160104 0.00396726 0.00693532 0.000205929 0.00939196
internal_weight=246743 238515 34496.3 29239.3 1915.04 5257.02 27324.3 17942.3 12838.5 9889.16 5347.69 2984.32 2363.37 2371.22
internal_count=246743 245401 33499 29102 1043 4397 28059 2569 1775 1470 728 498 230 322
is_linear=0
shrinkage=0.05


Tree=91
num_leaves=15
num_cat=0
split_feature=45 22 29 45 41 32 46 22 35 23 28 48 33 19
split_gain=10.0369 11.232 20.8218 13.8284 17.014 32.5105 23.5515 18.497 36.4178 34.654 27.9232 47.0452 32.0581 23.1756
threshold=4.6826569359836876e-06 6.7702026367187509 0.13752169162034991 0.0082477880641818064 0.58571431040763866 4.0859410762786874 0.8635900914669038 6.8007264137268075 0.04082255810499192 6.1643662452697763 5.9976942539215097 0.85981965065002453 1.7005987167358401 0.16710687428712848
decision_type=2 2 2 2 2 2 2 2 2 2 2 2 2 2
left_child=-1 2 -2 4 7 6 -6 13 9 -9 -11 12 -12 -3
right_child=1 3 -4 -5 5 -7 -8 8 -10 10 11 -13 -14 -15
leaf_value=-0.0020060501242292676 -0.00072851909770242336 0.0010681717159654793 0.0030502102760940528 -0.0011704932245770567 -0.00057064187720103847 0.0047275159586348771 0.0028731942194595095 -0.0014485781366271821 0.0054486361449008315 0.0066740984347848156 -0.0001331315626894638 -0.0064294830037877337 0.0076741844439152593 -0.00041523127329250577
leaf_weight=6060.3904843479395 6505.5155266225338 52449.549290090799 8273.386505138129 23952.368597120047 17146.040439486504 5361.5763131082058 6976.361969679594 54939.797248363495 2287.4587516784668 2229.0870718955994 3780.2796330451965 1920.8461465835571 2005.795599937439 52854.546299040318
leaf_count=6867 24952 25195 119389 20833 6763 417 1956 6184 214 304 409 239 248 32773
internal_value=1.90389e-06 5.25454e-05 0.00138749 -3.48456e-05 9.98988e-05 0.00120965 0.000426117 -8.98769e-05 -0.000738189 -0.000957136 0.00175895 0.000330525 0.00258192 0.000323649
internal_weight=246743 240683 14778.9 225904 201951 29484 24122.4 172467 67163.3 64875.8 9936.01 7706.92 5786.08 105304
internal_count=246743 239876 144341 95535 74702 9136 8719 65566 7598 7384 1200 896 657 57968
is_linear=0
shrinkage=0.05


Tree=92
num_leaves=15
num_cat=0
split_feature=29 37 34 29 35 49 28 32 27 29 29 34 30 44
split_gain=10.0728 12.0843 10.7551 22.4654 20.2835 17.2743 15.0009 13.2133 20.6419 29.3046 22.6788 18.4407 14.275 12.8219
threshold=0.95616486668586742 1.0000000180025095e-35 0.40436661243438726 0.78984907269477855 0.048932885751128204 0.065369058400392546 3.5972183942794804 6.1601512432098398 6.3306114673614511 0.44699487090110784 0.91633138060569774 0.56352642178535473 0.00035290858068037784 0.92282372713089
decision_type=2 2 2 2 2 2 2 2 2 2 2 2 2 2
left_child=2 -2 3 -1 7 -6 -7 8 10 -10 -4 -9 13 -13
right_child=1 -3 4 -5 5 6 -8 11 9 -11 -12 12 -14 -15
leaf_value=4.916038595829451e-05 0.0047504886735818966 0.00020206602732708641 -0.0011457272702771963 0.0038762776534037452 -0.004463829497767473 0.01069685620387642 -0.0039537855291186834 -0.0044087264587512756 0.011468913951734772 -0.00014647778937080036 0.0026343737710914673 -0.00081477818823626116 0.0022665070337513043 -0.0084292096575581937
leaf_weight=183511.37681681849 2412.3082671165466 3679.2905860543251 33798.090520154685 3906.3586309738457 357.91301965713501 935.86769868433475 208.78623891063035 5543.2988004684448 851.07429647445679 1469.3851237297058 4485.868699669838 2144.0232119560242 2703.1862330436707 736.1717324256897
leaf_count=166343 2440 1802 29823 34652 56 572 286 1233 117 259 7594 612 739 215
internal_value=1.84641e-06 0.0020081 -4.90192e-05 0.000129132 -0.000676135 0.0050315 0.00801346 -0.000842857 -0.000424287 0.00414463 -0.000702227 -0.00236859 -0.000338835 -0.00278344
internal_weight=246743 6091.6 240651 187418 53233.7 1502.57 1144.65 51731.1 40604.4 2320.46 38284 11126.7 5583.38 2880.19
internal_count=246743 4242 242501 200995 41506 914 858 40592 37793 376 37417 2799 1566 827
is_linear=0
shrinkage=0.05


Tree=93
num_leaves=15
num_cat=0
split_feature=15 29 22 42 22 37 29 32 15 24 24 47 52 3
split_gain=9.58123 15.3859 18.2105 16.7013 33.9542 30.9115 15.6726 15.5885 14.908 14.0487 13.5992 13.2817 34.2314 19.2157
threshold=1.0000000180025095e-35 0.041481275111436851 6.7702026367187509 1.0000000180025095e-35 6.7996129989624032 0.89587974548339855 0.96561837196350109 4.0163424015045175 0.073282506316900267 0.86942809820175182 0.14074251055717471 4.1971738338470468 1.0000000180025095e-35 0.0093898782506585139
decision_type=2 2 2 2 2 2 2 2 2 2 2 2 2 2
left_child=9 8 7 6 -5 -6 11 -3 -2 -1 -9 12 13 -4
right_child=1 2 3 4 5 -7 -8 10 -10 -11 -12 -13 -14 -15
leaf_value=-0.00045229967017981889 -0.00052759808573430279 0.0066694296086540735 0.0024622082100033155 -0.0001989780814044022 0.00067040105860137434 0.0066162650562469685 0.005007902407689082 -0.0015135587775289663 0.0048531882218708876 -0.0049877135019537333 0.0031266999426003746 -0.00026404768828479732 -0.0012109537830758167 0.0088130801109691341
leaf_weight=48984.544282810763 69591.561024224386 1901.6518929004669 5103.3751575946808 11096.994655400515 3961.8986444473267 4873.1335124969482 1559.8138930797577 2363.9375330358744 1301.5866526961327 1759.2704803496599 4715.2251801230013 81792.648906767368 6188.0618252456188 1549.2962349653244
leaf_count=47260 40629 7105 1478 7907 468 135 868 9541 291 1899 88628 35762 4385 387
internal_value=1.77959e-06 0.000160319 0.000493783 0.000325907 0.0016428 0.00395373 5.28933e-05 0.0026617 -0.000428137 -0.000610493 0.00157723 -2.92991e-05 0.00146504 0.00395223
internal_weight=246743 195999 125106 116125 19932 8835.03 96193.2 8980.81 70893.1 50743.8 7079.16 94633.4 12840.7 6652.67
internal_count=246743 197584 156664 51390 8510 603 42880 105274 40920 49159 98169 42012 6250 1865
is_linear=0
shrinkage=0.05


Tree=94
num_leaves=15
num_cat=0
split_feature=50 26 23 20 47 27 43 41 44 36 48 39 28 29
split_gain=9.36457 11.9338 13.2254 9.92992 16.3106 20.638 20.5606 15.8027 37.887 14.1436 23.9985 11.8716 16.4247 15.1578
threshold=0.18771819025278094 0.82302704453468334 6.1279597282409677 0.012293425388634207 6.1933839321136483 6.3306114673614511 4.1190040111541757 0.90454545617103588 0.35227215290069586 0.83045977354049694 0.78836515545845043 0.28603132069110876 6.0366761684417733 0.84712255001068126
decision_type=2 2 2 2 2 2 2 2 2 2 2 2 2 2
left_child=3 2 -2 4 5 -1 -7 11 -9 -6 -11 12 -5 -13
right_child=1 -3 -4 7 9 6 -8 8 -10 10 -12 13 -14 -15
leaf_value=-0.00012606432542026574 -0.0027981084342449457 -0.0094912783089665768 0.024896563990787008 0.0008765670603566823 -0.0023967861644299433 0.0010344964861218823 0.011646262971557717 0.00027653966337539234 0.014169509464947348 0.0070969582625717486 -0.0021819579487478195 -0.00061624660379342572 0.0085046952958287673 0.0012474801332868315
leaf_weight=132749.66399554349 161.46839136630297 533.05187993869185 48.015754818916321 35095.476201847196 13553.536610841751 1205.3892416954041 726.82206630706787 1617.5473843812943 694.69446492195129 1132.5505588054657 1777.8530752658844 42011.269030112773 710.33410826325417 14725.327112028375
leaf_count=95478 451 560 3 83745 2344 331 100 1132 78 146 289 43941 182 17963
internal_value=1.7495e-06 -0.00556738 0.00439488 1.87852e-05 -0.000232866 -5.12111e-05 0.00506564 0.00041976 0.00449361 -0.00171794 0.00144076 0.000317497 0.00103023 -0.000132403
internal_weight=246743 742.536 209.484 246000 151146 134682 1932.21 94854.6 2312.24 16463.9 2910.4 92542.4 35805.8 56736.6
internal_count=246743 1014 454 245729 98688 95909 431 147041 1210 2779 435 145831 83927 61904
is_linear=0
shrinkage=0.05


Tree=95
num_leaves=15
num_cat=0
split_feature=48 49 44 50 49 30 32 27 39 35 30 48 37 15
split_gain=9.25682 16.0254 10.5647 9.6671 16.5189 12.393 15.5802 11.7698 11.2066 10.7572 13.1429 19.8157 20.2136 13.132
threshold=0.059627624228596694 0.059186408296227462 0.9206242859363557 0.028278351761400703 0.49546301364898687 0.1333296597003937 3.6622449159622197 6.3198649883270273 0.56869640946388256 4.347082176536788e-05 8.9548689174989721e-06 0.46010304987430578 0.89587974548339855 0.018018382601439956
decision_type=2 2 2 2 2 2 2 2 2 2 2 2 2 2
left_child=1 2 -1 5 8 9 -7 -6 -5 -2 11 -11 -13 -12
right_child=3 -3 -4 4 7 6 -8 -9 -10 10 13 12 -14 -15
leaf_value=-0.0023540029542223496 -0.0010523734082798135 -0.01124319606303989 0.0093747622118362101 -0.0011173015126059612 0.00030927371498718696 0.011418726256128747 -0.0026498993129343905 0.0071026399554669946 -0.0049368728738598371 0.015083051780161736 -0.00010485710205650412 -0.00077577411563411233 0.0067665018038744864 0.00079092116868119009
leaf_weight=1673.6686652172357 18448.188146594912 472.44699645042419 206.80451440811157 15127.338638219982 2040.5848091226071 518.26943869888783 308.52852466702461 917.97768664360046 2191.703629642725 303.90805420279503 143510.57419666834 2408.4774472415447 1395.8363282978535 57218.692800061777
leaf_count=846 10721 203 82 23943 7448 1231 777 674 1747 71 138487 1707 18 58788
internal_value=1.76768e-06 -0.00311272 -0.00102137 3.18793e-05 -0.00101329 0.000126487 0.00619994 0.00243393 -0.00160323 0.000103721 0.000207888 0.00300399 0.00200204 0.000150515
internal_weight=246743 2352.92 1880.47 244390 20277.6 224112 826.798 2958.56 17319 223286 204837 4108.22 3804.31 200729
internal_count=246743 1131 928 245612 33812 211800 2008 8122 25690 209792 199071 1796 1725 197275
is_linear=0
shrinkage=0.05


Tree=96
num_leaves=15
num_cat=0
split_feature=47 47 48 29 30 48 0 15 23 47 47 37 41 49
split_gain=8.92697 18.4007 17.0261 14.9285 21.0912 19.1804 14.3005 14.6024 13.6658 12.9838 29.7507 84.0333 21.7547 25.5053
threshold=3.9015133380889897 4.1266138553619394 0.96229854226112377 0.041481275111436851 0.0052844134625047454 0.75568848848342907 0.016261236742138866 0.052071848884224899 2.5249279737472539 4.1666352748870858 4.182021141052247 2.2499048709869389 0.34848485887050634 0.059186408296227462
decision_type=2 2 2 2 2 2 2 2 2 2 2 2 2 2
left_child=2 3 6 5 -5 -2 7 8 -1 -3 11 -11 13 -12
right_child=1 9 -4 4 -6 -7 -8 -9 -10 10 12 -13 -14 -15
leaf_value=0.01192193695627417 0.0080917708810968655 -0.0024102998802094169 0.0078360121634168094 0.0084066961171676471 -0.0035731967020274273 -0.0028759297261448618 0.012607388907829975 -0.006667551459748941 -0.0011358776479455327 0.010060302426501116 0.00073303747752512119 -0.0025046392574405141 -6.5768227998736628e-05 0.009981581850369934
leaf_weight=192.56383800506592 540.02568793296814 5306.301055431366 523.80875632166862 1856.2161812782288 451.40934205055237 1438.2073295116425 175.6689535677433 1198.0506712347269 19008.771391525865 2653.1505565643311 2072.9115842431784 2653.1505613327026 207517.13380401954 1155.6301631182432
leaf_count=20 69 2705 833 464 84 322 43 492 12977 158 875 1106 226322 273
internal_value=1.73321e-06 9.3713e-05 -0.000981533 0.00333478 0.00605793 0.000143715 -0.00120971 -0.00133482 -0.000998788 3.08128e-05 9.08761e-05 0.00378494 -2.31076e-06 0.00406408
internal_weight=246743 225644 21098.9 4285.86 2307.63 1978.23 20575.1 20399.4 19201.3 221358 216052 5306.3 210746 3228.54
internal_count=246743 232378 14365 939 548 391 13532 13489 12997 231439 228734 1264 227470 1148
is_linear=0
shrinkage=0.05


Tree=97
num_leaves=15
num_cat=0
split_feature=18 16 48 41 38 43 48 32 36 33 27 27 22 47
split_gain=8.66878 15.2634 10.934 17.1031 54.509 29.6667 21.51 35.5136 30.2691 46.3215 24.1587 46.1913 36.9996 128.87
threshold=6.6220710277557382 4.5000000000000009 0.91805046796798717 0.77500000596046459 1.4978661537170412 6.0509114265441903 0.77870926260948192 6.1516542434692392 0.74537035822868358 1.8688347935676577 5.4868674278259286 6.3288288116455087 6.8007264137268075 4.2193996906280526
decision_type=2 2 2 2 2 2 2 2 2 2 2 2 2 2
left_child=2 -2 3 6 -5 -6 8 -8 10 -10 -1 12 13 -12
right_child=1 -3 -4 4 5 -7 7 -9 9 -11 11 -13 -14 -15
leaf_value=-0.00058657204004074464 -0.00087489066975770125 -0.0087019560239838655 0.00081248051353184799 0.01553297256098121 -0.0012336385947524756 0.0060595201373620823 -0.00058753261104445569 -0.0048839195267362549 0.0057331007451727548 4.0800009269801136e-05 0.018075643348228563 -0.0016720063119606225 0.00036005608621078139 0.0022373056654339863
leaf_weight=78162.376006180421 11515.937263548374 648.7526171952486 40855.713834565133 690.92459678649902 4799.8301898390055 1953.9125194549561 53032.059849746525 5280.0765951871872 5909.6999536827207 9019.4677538033575 1467.7760673761368 11067.550576925278 12495.193270683289 9843.7287811636925
leaf_count=116844 3233 200 40528 50 2489 210 61163 2092 1699 5980 131 2373 1042 8709
internal_value=1.7487e-06 -0.00129912 6.92612e-05 -8.75161e-05 0.00226089 0.000882171 -0.000181488 -0.000977335 0.000181216 0.00229642 -9.83252e-05 0.000995819 0.00223625 0.00430663
internal_weight=246743 12164.7 234578 193723 7444.67 6753.74 186278 58312.1 127966 14929.2 113037 34874.2 23806.7 11311.5
internal_count=246743 3433 243310 202782 2749 2699 200033 63255 136778 7679 129099 12255 9882 8840
is_linear=0
shrinkage=0.05


Tree=98
num_leaves=15
num_cat=0
split_feature=28 28 44 34 24 49 45 18 16 21 41 38 43 17
split_gain=8.71306 17.3136 13.4706 9.71856 12.1422 10.7516 9.60296 9.3081 12.2983 11.5882 9.97388 58.9967 34.8412 10.4095
threshold=6.03906273841858 6.0438191890716562 0.67478784918785106 0.59804615378379833 0.057571155950427062 0.046081107109785087 4.6826569359836876e-06 6.6220710277557382 4.5000000000000009 0.85138955712318432 0.77500000596046459 1.4978661537170412 6.0532643795013437 0.0094788861460983771
decision_type=2 2 2 2 2 2 2 2 2 2 2 2 2 2
left_child=6 2 -2 4 5 -3 -1 9 -9 10 13 -12 -13 -8
right_child=1 3 -4 -5 -6 -7 7 8 -10 -11 11 12 -14 -15
leaf_value=-0.0020248661632193284 0.011771959753764206 -0.00086063040210347999 0.0014531479764767847 0.0042316358781431052 -0.0032327507276338173 0.011419166282555925 -0.00065371955547924624 -0.00098862641025718656 -0.0081254381395099284 0.00607842792838547 0.014395776945532048 -0.00070731835126612433 0.0082007652591403173 0.00017490085253429961
leaf_weight=5943.6516148000956 686.64928692579269 422.54913881421089 585.09166970849037 1137.6260249316692 2018.0153529942036 296.69729024171829 49287.348254328594 10581.831810265779 630.5494996458292 791.92881928384304 815.29102420806885 8342.9743885844946 1253.750803232193 163949.04489817284
leaf_count=6799 249 179 296 330 816 82 52683 2940 189 1268 59 5502 157 175194
internal_value=1.72268e-06 0.00203542 0.00707295 0.000368152 -0.0012471 0.00429205 -4.16828e-05 8.42097e-06 -0.00139686 7.86839e-05 5.71682e-05 0.00156747 0.000463791 -1.66477e-05
internal_weight=246743 5146.63 1271.74 3874.89 2737.26 719.246 241596 235653 11212.4 224440 223648 10412 9596.73 213236
internal_count=246743 1952 545 1407 1077 261 244791 237992 3129 234863 233595 5718 5659 227877
is_linear=0
shrinkage=0.05


Tree=99
num_leaves=15
num_cat=0
split_feature=29 37 34 29 35 49 28 50 30 34 32 47 34 28
split_gain=8.4279 10.8141 9.084 18.8308 16.9644 15.4755 12.1997 11.9312 22.8896 20.6501 18.825 13.9364 12.446 10.4859
threshold=0.95616486668586742 1.0000000180025095e-35 0.40436661243438726 0.78984907269477855 0.036111643537878997 0.065369058400392546 3.5972183942794804 0.060477657243609435 0.066848017275333418 0.57575649023056041 3.6622449159622197 4.8674161434173593 0.56617614626884472 3.4811217784881596
decision_type=2 2 2 2 2 2 2 2 2 2 2 2 2 2
left_child=2 -2 3 -1 7 -6 -7 8 -4 -9 12 -11 -10 -13
right_child=1 -3 4 -5 5 6 -8 9 10 11 -12 13 -14 -15
leaf_value=4.5701844391302703e-05 0.0044311227707354755 0.0001285567576433109 -0.00082372243354596707 0.0035495778417238681 -0.0042569049877386354 0.0097670579387556609 -0.0032975376519767171 -0.00020439097987414112 0.0024866402731006168 -0.0018045078810438146 -0.00098527577438217002 -0.019187545354385188 0.01420797990307022 -0.0028601275214079885
leaf_weight=183511.37681681849 2412.3082671165466 3679.2905860543251 48020.603244153783 3906.3586309738457 372.03036773204803 951.16107286512852 214.25826332345605 1156.3907605521381 375.88182544708252 303.02990093827248 723.60403728485107 403.07417386770248 579.43198546767235 134.19994354248047
leaf_count=166343 2440 1802 33756 34652 64 577 477 1684 781 577 1657 325 1419 189
internal_value=1.71989e-06 0.00183687 -4.48075e-05 0.000118919 -0.000621147 0.00453776 0.00735756 -0.000775421 -0.000622667 -0.00455554 0.00509876 -0.0104706 0.00966959 -0.0152361
internal_weight=246743 6091.6 240651 187418 53233.7 1537.45 1165.42 51696.2 49699.5 1996.69 1678.92 840.304 955.314 537.274
internal_count=246743 4242 242501 200995 41506 1118 1054 40388 37613 2775 3857 1091 2200 514
is_linear=0
shrinkage=0.05


Tree=100
num_leaves=15
num_cat=0
split_feature=45 30 20 32 32 35 27 49 38 1 42 46 37 33
split_gain=8.14889 13.8987 16.7234 15.6187 29.8811 21.302 29.8435 27.3488 19.8804 17.6806 45.9627 30.1079 28.3022 19.1853
threshold=0.00017712706176098439 0.00056618481175974022 0.024320465512573722 3.4811217784881596 3.4175922870635991 0.038757855072617538 6.3062603473663339 0.35460552573204046 2.2499048709869389 0.010695492848753931 1.0000000180025095e-35 0.74069592356681835 3.2769666910171513 1.7005987167358401
decision_type=2 2 2 2 2 2 2 2 2 2 2 2 2 2
left_child=-1 2 -2 4 5 6 8 -8 9 -3 12 -12 13 -11
right_child=1 3 -4 -5 -6 -7 7 -9 -10 10 11 -13 -14 -15
leaf_value=-0.00062073778834490553 0.00080155995652839921 -0.00022355422690581341 0.010435954645296248 -0.00063295910152509269 0.0032772875226769875 0.0033171342928139005 -0.0011444661300717091 -0.0079720757907775896 0.0060063108185992751 0.0013057821164507025 0.019093784519655998 0.0019560446277697161 -0.0063400000943231345 0.011786346360442467
leaf_weight=43343.725451249629 45754.805894939229 58055.515789911151 444.98326647281647 71847.324049303308 7986.2169663310051 4722.2641581296921 4657.1823559105396 2133.8076328337193 1422.5774154663086 3706.2458432763815 614.4809957742691 438.90809604525566 1129.4121100306511 485.54985046386719
leaf_count=26443 30917 19317 57 154957 6444 1452 2692 2464 57 1264 71 191 322 95
internal_value=1.63632e-06 0.000134286 0.000896594 -8.97933e-05 0.000367451 6.66937e-05 -0.000145031 -0.00329835 0.000180602 5.10622e-05 0.00254852 0.0120387 0.000650782 0.00254494
internal_weight=246743 203399 46199.8 157199 85352.2 77365.9 72643.7 6790.99 65852.7 64430.1 6374.6 1053.39 5321.21 4191.8
internal_count=246743 220300 30974 189326 34369 27925 26473 5156 21317 21260 1943 262 1681 1359
is_linear=0
shrinkage=0.05


Tree=101
num_leaves=15
num_cat=0
split_feature=48 49 44 20 50 47 27 44 41 44 36 48 52 47
split_gain=8.11659 14.4831 9.4542 8.41751 12.6829 12.3803 18.5052 18.1861 11.6076 31.5835 11.156 19.684 10.9598 16.0389
threshold=0.059627624228596694 0.059186408296227462 0.9206242859363557 0.012293425388634207 0.18771819025278094 6.1933839321136483 6.3306114673614511 0.11145327612757684 0.90454545617103588 0.35227215290069586 0.83045977354049694 0.78836515545845043 1.0000000180025095e-35 4.182021141052247
decision_type=2 2 2 2 2 2 2 2 2 2 2 2 2 2
left_child=1 2 -1 5 8 6 -2 -8 12 -10 -7 -12 -5 -14
right_child=3 -3 -4 4 -6 10 7 -9 9 -11 11 -13 13 -15
leaf_value=-0.0021876602079896213 -0.00011658730676016965 -0.010643976865372572 0.0089073929677762169 0.0008036599833068838 -0.0073911088026446421 -0.0021325419855372464 0.0005616613621827201 0.010330294867113387 8.508487399174428e-05 0.012768693713769864 0.0064071890753034186 -0.0019962884434320117 0.0019089026355334909 -0.00080322117965607356
leaf_weight=1673.6686652172357 132144.66672587395 472.44699645042419 206.80451440811157 54645.398019602522 509.47261928394437 13163.842671871185 1100.1759476661682 832.03536033630371 1617.5473843812943 694.69446492195129 1132.5505588054657 1777.8530752658844 6645.2410410046577 30126.601831048727
leaf_count=846 95326 203 82 121290 758 2181 301 130 1132 78 146 289 5533 18448
internal_value=1.63768e-06 -0.00291474 -0.000926822 2.98338e-05 0.000400209 -0.000202635 -4.53851e-05 0.00479969 0.000443343 0.00393435 -0.00151343 0.00128457 0.000354623 -0.000312713
internal_weight=246743 2352.92 1880.47 244390 94239 150151 134077 1932.21 93729.5 2312.24 16074.2 2910.4 91417.2 36771.8
internal_count=246743 1131 928 245612 147239 98373 95757 431 146481 1210 2616 435 145271 23981
is_linear=0
shrinkage=0.05


Tree=102
num_leaves=15
num_cat=0
split_feature=18 48 48 32 19 15 47 48 23 0 34 18 4 27
split_gain=7.92904 8.67518 32.3208 28.0454 40.9135 22.786 16.7594 22.2674 15.6791 14.4647 14.5893 14.4498 14.1078 13.9632
threshold=6.0222353935241708 0.38236925005912786 0.47057749330997473 4.0689902305603036 0.040257342159748084 0.020513722673058513 4.2835628986358651 0.34122219681739813 6.1622610092163095 0.0075472774915397176 0.042347943410277374 6.6019089221954355 0.012121656909585001 3.2156655788421635
decision_type=2 2 2 2 2 2 2 2 2 2 2 2 2 2
left_child=-1 6 3 13 -5 11 7 9 -9 -2 -11 -6 -8 -3
right_child=1 2 -4 4 5 -7 12 8 -10 10 -12 -13 -14 -15
leaf_value=0.0022389386591157201 0.0007410685280514744 0.0043023857402883676 -6.4255119506641793e-05 0.016959226194193953 0.0023058397000457042 0.013288786578226828 -0.001276661794930036 -0.00023701384399119207 -0.019632442621017328 6.0293473286493865e-05 0.010572898225731216 -0.011159844484790914 -0.0067845072481716303 -0.00022988397132781371
leaf_weight=3887.4363469686359 4555.382654696703 2604.1709740161896 207226.04842111841 772.99519333057106 970.19769687578082 392.98096365854144 18211.700855711475 210.79930737614632 196.5296630859375 534.18778729438782 854.03012324869633 240.06457233428955 1232.8502208311111 4853.6250955909491
leaf_count=79671 3249 410 151550 118 835 238 6058 181 48 461 419 31 398 3076
internal_value=1.58924e-06 -3.43152e-05 6.87186e-05 0.002868 0.00758668 0.00299064 -0.000900999 0.00132754 -0.00984119 0.0021082 0.006557 -0.000434745 -0.00162919 0.00135637
internal_weight=246743 242856 217060 9834.03 2376.24 1603.24 25795.5 6350.93 407.329 5943.6 1388.22 1210.26 19444.6 7457.8
internal_count=246743 167072 156258 4708 1222 1104 10814 4358 229 4129 880 866 6456 3486
is_linear=0
shrinkage=0.05


Tree=103
num_leaves=15
num_cat=0
split_feature=33 30 36 48 43 32 46 36 28 36 45 32 3 43
split_gain=7.80072 14.7078 8.17903 22.7833 38.3061 28.019 46.7021 13.2455 14.1129 11.5166 32.3262 30.5612 33.126 18.5479
threshold=4.3757371902465829 0.0040923724882304677 0.83801847696304332 0.67060017585754406 6.0461888313293466 3.9006955623626713 0.55034172534942638 0.85791924595832836 6.0626211166381845 0.74537035822868358 0.00028373366512823855 3.979637980461121 0.009756329935044052 6.0556118488311776
decision_type=2 2 2 2 2 2 2 2 2 2 2 2 2 2
left_child=2 -2 9 4 -4 6 -5 8 -7 -1 -11 12 13 -12
right_child=1 -3 3 5 -6 7 -8 -9 -10 10 11 -13 -14 -15
leaf_value=-2.1574287188024267e-05 0.0084699527680459959 -0.0030747385322601808 -0.00074354513023867658 0.012171670800170302 0.0068536336117858802 -0.0051307827353473806 -0.00040055731302824954 -0.0015887849377795621 0.0050503505371408929 -0.0029164574382748963 0.0022605315710791823 -0.00026741192062354691 0.010813209804375435 0.01549720605595727
leaf_weight=195316.66003249027 714.13815778493881 438.9252210855484 5464.9813706446439 845.13287800550461 2371.565825521946 5543.126403240487 5419.752159550786 11346.97828983143 354.83193016052246 3700.2754682898521 6781.8947869241238 6615.6616532187909 1563.2147799134254 265.86091947555542
leaf_count=209618 171 96 2309 1022 291 2039 4893 15323 44 2491 2934 5014 484 14
internal_value=1.53223e-06 0.0040867 -1.78135e-05 -0.000772035 0.00156139 -0.00155017 0.00131213 -0.00259017 -0.00451076 9.25688e-05 0.00126986 0.00228844 0.00425009 0.00278111
internal_weight=246743 1153.06 245590 31346.4 7836.55 23509.8 6264.89 17244.9 5897.96 214244 18926.9 15226.6 8610.97 7047.76
internal_count=246743 267 246476 25921 2600 23321 5915 17406 2083 220555 10937 8446 3432 2948
is_linear=0
shrinkage=0.05


Tree=104
num_leaves=15
num_cat=0
split_feature=47 47 48 3 18 0 15 23 47 47 37 41 39 40
split_gain=7.98983 14.3415 13.6008 12.9672 13.2661 12.774 13.1015 12.4294 11.4808 24.1094 70.117 17.6751 24.8053 41.1377
threshold=3.9015133380889897 4.1266138553619394 0.96229854226112377 0.013245614245533945 6.5978271961212167 0.016261236742138866 0.052071848884224899 2.5249279737472539 4.1666352748870858 4.182021141052247 2.2499048709869389 0.34848485887050634 0.56869640946388256 0.0081620234996080416
decision_type=2 2 2 2 2 2 2 2 2 2 2 2 2 2
left_child=2 3 5 4 -2 6 7 -1 -3 10 -10 12 13 -11
right_child=1 8 -4 -5 -6 -7 -8 -9 9 11 -12 -13 -14 -15
leaf_value=0.011389743460961173 0.00012947472892285505 -0.0022624407355137273 0.006952287826467317 0.0085489444818813883 0.0081102744558400885 0.011926214307104291 -0.0063020650070403188 -0.0010633024876516874 0.009147233940268602 -0.0012685234477540772 -0.0023301530968385799 -5.1569697703956384e-05 -0.0027175116472254934 0.01252217356803486
leaf_weight=192.56383800506592 2833.8614420890808 5306.301055431366 523.80875632166862 823.9883017539978 628.00879693031311 175.6689535677433 1198.0506712347269 19008.771391525865 2653.1505565643311 938.27148950099945 2653.1505613327026 207517.13380401954 1029.2684480547905 1261.0018098056316
leaf_count=20 626 2705 833 145 168 43 492 12977 158 582 1106 226322 121 445
internal_value=1.5508e-06 8.85688e-05 -0.000928674 0.0029499 0.00159644 -0.00113259 -0.00125083 -0.000932551 3.3038e-05 8.95177e-05 0.00341495 5.62958e-06 0.00367097 0.00665957
internal_weight=246743 225644 21098.9 4285.86 3461.87 20575.1 20399.4 19201.3 221358 216052 5306.3 210746 3228.54 2199.27
internal_count=246743 232378 14365 939 794 13532 13489 12997 231439 228734 1264 227470 1148 1027
is_linear=0
shrinkage=0.05


Tree=105
num_leaves=15
num_cat=0
split_feature=29 37 34 29 35 49 32 29 27 29 34 44 46 23
split_gain=7.39363 9.74542 8.49171 15.4613 13.8502 13.8578 10.7471 15.8514 18.6063 23.2005 15.3921 13.0568 13.4327 11.0916
threshold=0.95616486668586742 1.0000000180025095e-35 0.40436661243438726 0.78151682019233715 0.036111643537878997 0.065369058400392546 6.1601512432098398 0.91633138060569774 6.3306114673614511 0.44699487090110784 0.56352642178535473 0.85003417730331432 0.8589608669281007 6.2015223503112802
decision_type=2 2 2 2 2 2 2 2 2 2 2 2 2 2
left_child=2 -2 3 -1 6 -6 7 8 13 -10 -8 -12 -13 -4
right_child=1 -3 4 -5 5 -7 10 -9 9 -11 11 12 -14 -15
leaf_value=4.7990647132049912e-05 0.0041831688984566512 9.8800894182625814e-05 -0.00083290555058235574 0.0031354937492276049 -0.0042563480076800711 0.0067312929314484408 -0.0039783736757348148 0.0024389504615913151 0.010130229904883298 -0.00021385147978667391 0.0076123994454046417 0.0061165471223559517 -0.0019178608796371417 -0.0057307359426755043
leaf_weight=183281.17079622112 2412.3082671165466 3679.2905860543251 32581.639167198911 4136.5646515712142 372.03036773204803 1165.4193361885846 5543.2988004684448 4485.868699669838 851.07429647445679 1462.0761690139771 471.48372936248779 577.68347215652466 4534.2139759063721 1188.8775610029697
leaf_count=163377 2440 1802 28691 37618 64 1054 1233 7594 117 258 130 148 1288 929
internal_value=1.58011e-06 0.00172044 -4.1999e-05 0.0001163 -0.000599232 0.00406219 -0.000738622 -0.000360845 -0.000709491 0.00361926 -0.00211449 -0.000260188 -0.000999742 -0.00100698
internal_weight=246743 6091.6 240651 187418 53233.7 1537.45 51696.2 40569.5 36083.7 2313.15 11126.7 5583.38 5111.9 33770.5
internal_count=246743 4242 242501 200995 41506 1118 40388 37589 29995 375 2799 1566 1436 29620
is_linear=0
shrinkage=0.05


Tree=106
num_leaves=15
num_cat=0
split_feature=50 49 30 32 34 34 35 49 0 44 35 43 26 1
split_gain=7.49438 12.6469 10.4791 13.0954 9.11199 9.09295 9.03722 8.82327 12.6518 17.5855 16.2598 14.3583 14.4864 10.7776
threshold=0.028278351761400703 0.49546301364898687 0.1333296597003937 3.6622449159622197 0.56617614626884472 0.58530628681182872 0.012676798738539221 0.01619622111320496 0.012739370577037336 0.058065045624971397 0.024955368600785736 3.6242519617080693 0.84487369656562816 0.015504807699471714
decision_type=2 2 2 2 2 2 2 2 2 2 2 2 2 2
left_child=2 4 7 5 -2 -4 -3 -1 -9 11 13 -10 -13 -11
right_child=1 6 3 -5 -6 -7 -8 8 9 10 -12 12 -14 -15
leaf_value=-0.00034988401816228695 -0.0010947200818975948 -0.0019691876772476458 0.0046025313892031402 -0.0024441472208889623 -0.0053051065766432743 0.018077302402849504 0.0039623772658020362 0.00017217576585315194 -0.0030148096995517705 0.0008042820429281991 0.0083992234598397452 0.0098069673471314085 0.0016617023646461602 -0.0049217185075354107
leaf_weight=82151.700616382062 15929.973308671266 930.13279918953776 302.29846893250942 308.52852466702461 1389.0689591914415 215.9709697663784 2028.4296965766698 133613.27411030233 426.75091823935509 5502.6519825644791 614.54951267130673 1516.9627382531762 856.95499160885811 955.75227912142873
leaf_count=43415 24477 2140 702 777 1213 529 5982 157605 188 5810 2749 517 128 511
internal_value=1.54885e-06 -0.000919098 8.402e-05 0.00566897 -0.00143528 0.0104536 0.00209722 6.3305e-05 0.000299879 0.00202609 0.000695514 0.00537195 0.00688593 -4.93837e-05
internal_weight=246743 20277.6 226465 826.798 17319 518.269 2958.56 225639 143487 9873.62 7072.95 2800.67 2373.92 6458.4
internal_count=246743 33812 212931 2008 25690 1231 8122 210923 167508 9903 9070 833 645 6321
is_linear=0
shrinkage=0.05


Tree=107
num_leaves=15
num_cat=0
split_feature=28 28 44 34 24 49 34 23 45 22 29 26 31 46
split_gain=7.2739 15.3649 11.608 8.59806 10.7912 9.64704 8.22527 8.15058 8.09146 7.64067 15.2605 12.296 15.0848 13.8223
threshold=6.03906273841858 6.0438191890716562 0.67478784918785106 0.59804615378379833 0.057571155950427062 0.046081107109785087 0.52992111444473278 6.2136070728302011 4.6826569359836876e-06 6.7702026367187509 0.041481275111436851 0.8457038700580598 0.93757218122482311 0.55658751726150524
decision_type=2 2 2 2 2 2 2 2 2 2 2 2 2 2
left_child=7 2 -2 4 5 -3 -4 8 -1 10 -10 -12 13 -13
right_child=1 3 6 -5 -6 -7 -8 -9 9 -11 11 12 -14 -15
leaf_value=-0.0018341166600104712 0.010967377265581403 -0.00088694398685813423 -0.004387817097502379 0.0039232751807514498 -0.0031016902259943945 0.010743597165165611 0.0072777425191129733 -0.0034746985159526604 -0.0018176479645017466 -4.1190485867718336e-05 0.00058979853954990269 0.011690248294026664 -0.00067048813865988491 0.0039866895869130189
leaf_weight=5941.9822444170713 686.64928692579269 422.54913881421089 296.70745629072189 1137.6260249316692 2018.0153529942036 296.69729024171829 288.38421341776848 1703.1225897669792 3359.7294038292021 219285.78665399551 6473.8937001731247 733.30452997982502 1303.7557617127895 2794.7962286472321
leaf_count=6796 249 179 125 330 816 82 171 726 12501 93270 116709 1027 2585 11177
internal_value=1.52893e-06 0.0018597 0.00660524 0.000289214 -0.00122991 0.00399232 0.00138766 -3.81302e-05 -1.35884e-05 3.27264e-05 0.00113725 0.00201618 0.00392213 0.00561637
internal_weight=246743 5146.63 1271.74 3874.89 2737.26 719.246 585.092 241596 239893 233951 14665.5 11305.8 4831.86 3528.1
internal_count=246743 1952 545 1407 1077 261 296 244791 244065 237269 143999 131498 14789 12204
is_linear=0
shrinkage=0.05


Tree=108
num_leaves=15
num_cat=0
split_feature=47 47 3 17 48 44 43 23 21 28 45 40 18 15
split_gain=7.45888 13.0165 12.6359 17.5444 15.2422 12.2804 17.8963 16.3467 10.8323 12.0042 13.927 13.3469 11.5863 20.0339
threshold=3.9015133380889897 4.1266138553619394 0.013423423748463394 0.087121214717626586 0.96229854226112377 0.079545475542545332 3.65057384967804 5.2443854808807382 0.83212140202522289 6.03906273841858 0.00054395664483308803 0.002717478666454554 6.6153953075408944 0.0070176301524043092
decision_type=2 2 2 2 2 2 2 2 2 2 2 2 2 2
left_child=2 5 3 4 -1 6 -2 -7 9 12 11 -11 -3 -14
right_child=1 8 -4 -5 -6 7 -8 -9 -10 10 -12 -13 13 -15
leaf_value=-0.00098286669557933089 0.0084001240631514859 4.7492060231726262e-05 -0.0064197239563396962 0.015060307056096657 0.007956705556054702 0.003075060483244569 -0.00084287566523713196 0.01564024429751025 -0.0010787379798400608 0.010620319829863606 0.01218561204454304 0.00065364543722783511 0.0071613639460922033 -0.0014342032280727033
leaf_weight=19475.812685474753 656.59723854064941 195379.67163328454 977.48124900460243 166.71319888532162 478.85647729039192 820.27664160728455 2436.178035736084 372.80662488937378 19937.470200017095 376.67665573954582 366.31966984272003 2570.8578649759293 1506.6720788478851 1220.6096220016479
leaf_count=12935 70 217886 607 39 784 210 542 117 12282 66 45 860 140 160
internal_value=1.51928e-06 8.55963e-05 -0.000897266 -0.000625934 -0.000764464 0.00281155 0.00114016 0.00709871 3.26928e-05 0.000142755 0.00312266 0.00195893 9.27531e-05 0.00332319
internal_weight=246743 225644 21098.9 20121.4 19954.7 4285.86 3092.78 1193.08 221358 201421 3313.85 2947.53 198107 2727.28
internal_count=246743 232378 14365 13758 13719 939 612 327 231439 219157 971 926 218186 300
is_linear=0
shrinkage=0.05


Tree=109
num_leaves=15
num_cat=0
split_feature=33 30 50 30 32 34 49 27 32 39 50 15 34 48
split_gain=7.07923 13.2676 7.32714 12.5948 10.378 9.37944 7.69351 11.0633 15.3389 8.75146 9.60141 8.58777 8.02802 7.68697
threshold=4.3757371902465829 0.0040923724882304677 0.024236336350440982 0.12101277336478235 3.6622449159622197 0.58530628681182872 0.49546301364898687 6.3198649883270273 3.6622449159622197 0.56869640946388256 0.29983362555503851 0.0062696540262550124 0.5887485444545747 0.17972006648778918
decision_type=2 2 2 2 2 2 2 2 2 2 2 2 2 2
left_child=2 -2 3 13 5 -5 9 8 11 10 -4 12 -8 -1
right_child=1 -3 6 4 -6 -7 7 -9 -10 -11 -12 -13 -14 -15
leaf_value=-0.0013045288159268661 0.0080563303970676275 -0.002908725424161181 -0.00094886780146953467 0.0043585157844779785 -0.0015455888474221449 0.017362317120117245 -0.0046922417632876473 0.005964580995007328 0.0016540692075384797 -0.0041178054797125288 0.017217983093678644 -0.0018662042258311428 -0.023079814908074821 0.00010912942667892317
leaf_weight=10061.67492425628 714.13815778493881 438.9252210855484 16246.740810539573 339.69780267775059 296.19008739292622 235.84563346207142 117.98148553073406 917.97768664360046 1877.761451870203 2365.0000691413879 63.080229043960571 280.68705503642559 124.05274768173695 212663.24651399069
leaf_count=5932 171 96 25710 791 871 589 149 674 7682 1848 28 412 181 201609
internal_value=1.58525e-06 0.00389325 -1.68442e-05 6.88239e-05 0.00603285 0.00989271 -0.000887432 0.00132811 -0.000462325 -0.00128163 -0.000868098 -0.00795334 -0.0146585 4.52112e-05
internal_weight=246743 1153.06 245590 223597 871.734 575.543 21993.3 3318.46 2400.48 18674.8 16309.8 522.721 242.034 222725
internal_count=246743 267 246476 209792 2251 1380 36684 9098 8424 27586 25738 742 330 207541
is_linear=0
shrinkage=0.05


Tree=110
num_leaves=15
num_cat=0
split_feature=15 29 24 49 46 29 22 41 29 36 52 47 48 34
split_gain=6.74875 11.7897 11.2403 11.2017 10.0286 8.96494 14.184 14.6796 20.3696 19.1929 13.0095 20.9334 20.7575 21.2288
threshold=1.0000000180025095e-35 0.96561837196350109 0.86942809820175182 0.69693216681480419 0.64518025517463695 0.041481275111436851 6.7702026367187509 0.58571431040763866 0.35098537802696234 0.31318682432174688 1.0000000180025095e-35 4.1971738338470468 0.44183947145938879 0.13650614768266681
decision_type=2 2 2 2 2 2 2 2 2 2 2 2 2 2
left_child=2 5 3 -1 -4 -2 -7 10 9 -9 11 -8 13 -12
right_child=1 -3 4 -5 -6 6 7 8 -10 -11 12 -13 -14 -15
leaf_value=-0.00058617097028969799 -0.00034919894577151606 0.0043497895320611197 -0.010944932033685639 0.002282223163487977 -0.0022321493544167213 0.0022771853597508326 0.0029407233994887937 0.0065910214440455528 0.014193341090776563 0.00076854723466783167 0.012721552695766768 6.14554425736906e-05 -0.0011960496626829721 -0.00075249442828422951
leaf_weight=45314.351216483861 70893.147676920518 1634.9296092689037 433.26836411654949 3670.1930663269013 1326.0021162331104 8905.6988898701966 6998.7345029115677 1570.5495407581329 306.61207354068756 13583.011936843395 542.8375052511692 63570.583156555891 27374.948846668005 618.13137438893318
leaf_count=39210 40920 1137 383 8050 1516 105005 1868 141 45 6107 240 28750 13060 311
internal_value=1.53488e-06 0.000134592 -0.000512326 -0.000370833 -0.00442764 9.8913e-05 0.000356212 0.0002067 0.00163916 0.00137595 -1.69031e-05 0.000347384 -0.000917591 0.00560244
internal_weight=246743 195999 50743.8 48984.5 1759.27 194364 123471 114565 15460.2 15153.6 99105.2 70569.3 28535.9 1160.97
internal_count=246743 197584 49159 47260 1899 196447 155527 50522 6293 6248 44229 30618 13611 551
is_linear=0
shrinkage=0.05


Tree=111
num_leaves=15
num_cat=0
split_feature=47 15 23 48 47 3 44 47 47 37 41 39 40 43
split_gain=6.77519 12.0379 14.0525 12.4312 11.4686 11.2804 11.6744 9.94774 21.8615 63.348 15.9107 22.1325 37.0647 39.1324
threshold=3.9015133380889897 0.052071848884224899 2.6020033359527592 0.96229854226112377 4.1266138553619394 0.013245614245533945 0.098296217620372786 4.1666352748870858 4.182021141052247 2.2499048709869389 0.34848485887050634 0.56869640946388256 0.0081620234996080416 3.8176519870758061
decision_type=2 2 2 2 2 2 2 2 2 2 2 2 2 2
left_child=1 2 -1 -4 5 6 -2 -6 9 -9 11 12 -10 -14
right_child=4 -3 3 -5 7 -7 -8 8 10 -11 -12 -13 13 -15
leaf_value=0.0072626636033515102 -6.8716469463927704e-05 -0.0054679236331471497 -0.00097133691171507924 0.0073373348900022161 -0.0021047373519319794 0.0078623045865578462 0.0071864756240896336 0.0086997448181678257 -0.0012199818047057215 -0.0022095890217708595 -4.9585416452253637e-05 -0.0025523237055419374 0.018189772329628217 -0.00030270251358510296
leaf_weight=549.99398517608643 2779.2720828056335 1315.6478736102581 18781.897218823433 451.3245330452919 5306.301055431366 823.9883017539978 682.59815621376038 2653.1505565643311 938.27148950099945 2653.1505613327026 207517.13380401954 1029.2684480547905 826.80774417519569 434.19406563043594
leaf_count=46 608 586 12967 766 2705 145 186 158 582 1106 226322 121 71 374
internal_value=1.51918e-06 -0.000855085 -0.000545708 -0.000772655 8.16503e-05 0.00264039 0.00137841 3.19919e-05 8.45656e-05 0.00325118 4.68382e-06 0.00348226 0.00630525 0.0118701
internal_weight=246743 21098.9 19783.2 19233.2 225644 4285.86 3461.87 221358 216052 5306.3 210746 3228.54 2199.27 1261
internal_count=246743 14365 13779 13733 232378 939 794 231439 228734 1264 227470 1148 1027 445
is_linear=0
shrinkage=0.05


Tree=112
num_leaves=15
num_cat=0
split_feature=33 30 48 27 42 32 36 22 27 49 27 50 48 28
split_gain=6.49175 11.9809 6.71807 23.6084 27.7438 23.2733 21.5001 34.4761 130.462 42.2868 27.4564 30.8458 20.0898 21.8385
threshold=4.3757371902465829 0.0040923724882304677 0.7751741111278535 5.4868674278259286 1.0000000180025095e-35 6.1601512432098398 0.6900656819343568 6.8007264137268075 5.8694565296173105 0.028371170163154606 6.3288288116455087 0.078788127750158324 0.99999997019767772 6.0672669410705575
decision_type=2 2 2 2 2 2 2 2 2 2 2 2 2 2
left_child=2 -2 3 -1 6 -4 7 8 9 -5 11 -10 13 -7
right_child=1 -3 5 4 -6 12 -8 -9 10 -11 -12 -13 -14 -15
leaf_value=-0.00020325691490738333 0.0076841719306476501 -0.002735977626489063 -8.0492740759253282e-05 0.0058138295319437247 0.0054313735155950196 -0.0056296113822094955 0.0043999334690662363 -0.0014280228035505106 0.0027237589368050577 0.020748268862109152 -0.0022573329731022146 -0.011651986522647975 0.00027145367796389754 0.0032799924288905687
leaf_weight=92767.028554722667 714.13815778493881 438.9252210855484 104885.86947765574 866.26922345161438 3619.0849721729755 5149.3522775173187 3763.4829723536968 14050.367310523987 8567.842862457037 1065.5853419303894 6049.9296896457672 380.34582497179508 3637.9072918891907 786.87069797515869
leaf_count=124380 171 96 106968 175 1693 1256 683 1467 6577 39 1870 388 789 191
internal_value=1.5275e-06 0.00372822 -1.61207e-05 0.000228194 0.00127128 -0.000296012 0.000836511 0.000402347 0.00192134 0.0141159 0.000342241 0.00210039 -0.00265451 -0.00444508
internal_weight=246743 1153.06 245590 131130 38362.9 114460 34743.8 30980.3 16930 1931.85 14998.1 8948.19 9574.13 5936.22
internal_count=246743 267 246476 137272 12892 109204 11199 10516 9049 214 8835 6965 2236 1447
is_linear=0
shrinkage=0.05


Tree=113
num_leaves=15
num_cat=0
split_feature=28 48 23 15 18 24 48 3 48 27 18 16 2 1
split_gain=6.31065 10.169 9.87733 9.26684 8.7908 11.1673 12.3735 10.4514 9.3285 8.09626 7.11107 10.5292 10.3923 7.23953
threshold=6.0318858623504648 0.55294954776763927 6.1748266220092782 0.020513722673058513 6.6113684177398691 0.63892453908920299 0.57641831040382396 0.0094788861460983771 0.9550771713256837 6.325254201889039 6.6220710277557382 4.5000000000000009 0.011299795936793091 0.0078432578593492525
decision_type=2 2 2 2 2 2 2 2 2 2 2 2 2 2
left_child=10 3 -3 -2 5 7 -7 9 -8 -4 13 12 -12 -1
right_child=1 2 4 -5 -6 6 8 -9 -10 -11 11 -13 -14 -15
leaf_value=-0.00014360244330393601 -0.0053791169125697704 -0.0021728803913607579 0.0099792055512180431 0.0025421769390151592 -0.00059890471736352962 0.0055642376136329939 -0.0021057105934360735 0.014174838186694273 0.0028751318745831285 0.002338202130178242 -0.0012520685134083849 -0.0075352298548425336 0.0066726183918501747 0.00055381975658531923
leaf_weight=176251.89667729288 1043.6283531486988 1462.1947293281555 480.6487310230732 560.95614433288574 2123.6650187671185 1560.6244958937168 1956.0012866258621 334.10418426990509 1791.4667466282845 1213.4515759944916 9755.9033073931932 629.11367802321911 422.14835654199123 47157.196590874344
leaf_count=190082 231 991 331 113 685 194 705 101 498 275 2719 186 121 49511
internal_value=1.50454e-06 0.00109444 0.00164073 -0.00261127 0.00223186 0.003051 0.00183881 0.00619888 0.000276682 0.00455194 -5.69936e-05 -0.00130902 -0.000917155 3.62765e-06
internal_weight=246743 12526.7 10922.2 1604.58 9459.96 7336.3 5308.09 2028.2 3747.47 1694.1 234216 10807.2 10178.1 223409
internal_count=246743 4124 3780 344 2789 2104 1397 707 1203 606 242619 3026 2840 239593
is_linear=0
shrinkage=0.05


Tree=114
num_leaves=15
num_cat=0
split_feature=20 47 27 43 39 3 19 22 34 22 33 24 35 28
split_gain=6.34741 11.662 15.8541 15.9366 10.7105 14.2085 16.8456 19.1864 14.3647 13.4334 19.0376 11.2621 13.3204 10.5943
threshold=0.012293425388634207 6.1933839321136483 6.3306114673614511 4.1190040111541757 0.28031413257122045 0.010362972505390646 0.30097459256649023 6.7996129989624032 0.046788046136498458 6.8007264137268075 1.8688347935676577 0.17938252538442614 0.022065045312047008 2.0126758217811589
decision_type=2 2 2 2 2 2 2 2 2 2 2 2 2 2
left_child=1 2 -1 -4 5 6 9 -8 -7 -2 -11 13 -13 -10
right_child=4 -3 3 -5 -6 8 7 -9 11 10 -12 12 -14 -15
leaf_value=-0.00011193817328706128 0.0010343499013776636 -0.0014556548440145907 0.00088954673835506259 0.010231938275550259 -0.0001012482691723859 0.014337856380123108 -0.0015164662352677915 0.010126041283991671 0.0082933337361909051 -0.0022859286328877995 0.004145247220754677 0.01163893514019931 -0.00032646243747555114 -0.00019557879518258185
leaf_weight=132982.72740238346 22932.644154969603 16463.940244913101 1205.3892416954041 726.82206630706787 58331.593715099618 290.7383792232722 559.63639751076698 941.62610912322998 430.90333206951618 7307.1853818893433 1356.0123205184937 648.6404032073915 358.75658655911684 2206.3841406684369
leaf_count=95734 70978 2779 331 100 66721 198 499 18 135 847 180 3077 3836 1310
internal_value=1.48101e-06 -0.000199797 -4.64458e-05 0.00443838 0.000320973 0.00098588 0.000647565 0.00580466 0.00382228 0.000400768 -0.00127567 0.00294651 0.00741646 0.0012175
internal_weight=246743 151379 134915 1932.21 95364.1 37032.5 33097.1 1501.26 3935.42 31595.8 8663.2 3644.68 1007.4 2637.29
internal_count=246743 98944 96165 431 147799 81078 72522 517 8556 72005 1027 8358 6913 1445
is_linear=0
shrinkage=0.05


Tree=115
num_leaves=15
num_cat=0
split_feature=29 37 34 29 35 49 46 27 32 27 29 29 34 31
split_gain=6.18548 8.52534 7.3875 13.1499 11.7404 11.8628 9.84815 9.00673 8.76422 13.4686 19.7443 15.52 12.9509 12.1692
threshold=0.95616486668586742 1.0000000180025095e-35 0.40436661243438726 0.78984907269477855 0.036111643537878997 0.065369058400392546 0.6214616894721986 5.482717990875245 6.1601512432098398 6.3306114673614511 0.44699487090110784 0.91633138060569774 0.56352642178535473 0.85853838920593273
decision_type=2 2 2 2 2 2 2 2 2 2 2 2 2 2
left_child=2 -2 3 -1 8 -6 -7 -8 9 11 -11 -4 -10 -14
right_child=1 -3 4 -5 5 6 7 -9 12 10 -12 -13 13 -15
leaf_value=4.8121602616591897e-05 0.0038770952029092602 5.7046483370529701e-05 -0.00093676701545137566 0.0029761503422887571 -0.0039624467811135529 0.019949890411013707 -0.0037009910774665452 0.0071276235095257701 -0.0036385944030897302 0.0093578710919112133 -0.00018476083058359969 0.0021904654395102671 0.006762058396735552 -0.0010043855294142256
leaf_weight=183511.37681681849 2412.3082671165466 3679.2905860543251 33770.516728201881 3906.3586309738457 372.03036773204803 108.21080082468688 243.47773607634008 813.7307992875576 5543.2988004684448 851.07429647445679 1462.0761690139771 4485.868699669838 550.44082570075989 5032.9403517246246
leaf_count=166343 2440 1802 29620 34652 64 98 302 654 1233 117 258 7594 140 1426
internal_value=1.51781e-06 0.00157368 -3.83421e-05 0.000109306 -0.000558085 0.00373365 0.00620325 0.00462246 -0.000686419 -0.000345262 0.00335141 -0.000569597 -0.0019289 -0.000228006
internal_weight=246743 6091.6 240651 187418 53233.7 1537.45 1165.42 1057.21 51696.2 40569.5 2313.15 38256.4 11126.7 5583.38
internal_count=246743 4242 242501 200995 41506 1118 1054 956 40388 37589 375 37214 2799 1566
is_linear=0
shrinkage=0.05


Tree=116
num_leaves=15
num_cat=0
split_feature=36 48 32 36 33 27 48 28 32 33 22 28 22 37
split_gain=6.06941 7.36457 19.4845 18.1693 35.8613 16.8097 16.7342 22.7624 15.6504 19.8637 15.2971 19.3837 22.7649 91.5969
threshold=0.13392857462167743 0.7751741111278535 6.1601512432098398 0.74537035822868358 1.8688347935676577 6.3288288116455087 0.99999997019767772 6.0672669410705575 6.1441833972930917 0.89587974548339855 6.7984981536865243 3.7256208658218388 6.8007264137268075 0.89587974548339855
decision_type=2 2 2 2 2 2 2 2 2 2 2 2 2 2
left_child=-1 3 5 10 -5 8 7 -4 -3 -10 -2 -12 13 -13
right_child=1 2 6 4 -6 -7 -8 -9 9 -11 11 12 -14 -15
leaf_value=-0.0013327994186332652 -0.00081828436654524973 -0.00037351437340321875 -0.0052486465276998647 0.0049003590754285245 4.4240137310537083e-05 0.0023496710764638312 0.00027464147002286248 0.0037599964484004767 0.0034966712446279969 -0.0042279694048152324 -0.00019376332106354924 0.0075317755598458269 2.1714247958580971e-05 -0.00025752092821908115
leaf_weight=8227.9704951196909 32893.358937771991 92130.779780324548 5149.3522775173187 6096.8908823058009 10072.525369128212 6845.3739528656006 3637.9072918891907 804.15506649017334 5103.4589526057243 985.20743089914322 44231.992733240128 6141.3382053375244 14657.843861103058 9764.8446395397186
leaf_count=1342 116404 103340 1256 1734 6296 1092 789 195 1256 1312 6753 1026 1321 2627
internal_value=1.52079e-06 4.76043e-05 -0.000241154 0.000314906 0.0018772 -4.41176e-05 -0.0023972 -0.00402756 -0.000211174 0.00224186 8.01768e-05 0.000475353 0.00144344 0.00275275
internal_weight=246743 238515 114656 123859 16169.4 105065 9591.41 5953.51 98219.4 6088.67 107689 74796 30564 15906.2
internal_count=246743 245401 109240 136161 8030 107000 2240 1451 105908 2568 128131 11727 4974 3653
is_linear=0
shrinkage=0.05


Tree=117
num_leaves=15
num_cat=0
split_feature=18 44 27 48 48 15 32 24 47 48 34 23 4 0
split_gain=6.0565 7.33013 8.73989 6.18453 26.4041 22.7701 20.5663 17.6797 14.2459 19.8017 13.9255 13.8399 12.9269 12.8901
threshold=6.0173752307891855 0.035776836797595031 3.0201274156570439 0.38236925005912786 0.47057749330997473 0.018296356312930587 4.0689902305603036 0.13108048588037494 4.2835628986358651 0.34122219681739813 0.16302653402090075 6.1622610092163095 0.012121656909585001 0.0074907417874783286
decision_type=2 2 2 2 2 2 2 2 2 2 2 2 2 2
left_child=1 -1 -3 8 5 13 7 -7 9 -2 -8 -11 -10 -5
right_child=3 2 -4 4 -6 6 10 -9 12 11 -12 -13 -14 -15
leaf_value=-0.003294748591400852 0.0020295604583040641 0.016751653092199861 0.0024015583100909857 0.00012401306011857398 -6.2654891115413475e-05 0.00052708956598161401 0.016664340115969695 0.011333118911725603 -0.0010951170443983828 -0.00021599159360788768 0.0031969809244864222 -0.01843802194625533 -0.0063665086198718274 0.0059981519433860171
leaf_weight=552.04436510801315 5943.6005652397871 100.26171255111694 3121.9590271003544 5905.7922101393342 207329.42933845334 1422.2308002710342 622.96583299525082 506.31348790228367 18215.009370831773 210.79930737614632 283.49142475984991 196.5296630859375 1233.129486516118 1099.4432838074863
leaf_count=1562 4129 17 73723 3267 155539 773 70 112 6188 181 332 48 409 393
internal_value=1.46486e-06 0.00198634 0.00289852 -2.94486e-05 5.75101e-05 0.00258683 0.00635943 0.0034079 -0.000761182 0.00129344 0.0125333 -0.00923897 -0.00143246 0.00105317
internal_weight=246743 3774.27 3222.22 242969 217170 9840.24 2835 1928.54 25799.1 6350.93 906.457 407.329 19448.1 7005.24
internal_count=246743 75302 73740 171441 160486 4947 1287 885 10955 4358 402 229 6597 3660
is_linear=0
shrinkage=0.05


Tree=118
num_leaves=15
num_cat=0
split_feature=50 26 40 20 47 27 43 33 48 41 44 24 43 34
split_gain=6.00994 9.83288 11.3681 6.62004 10.1725 12.6725 13.6358 10.562 22.7604 9.8597 28.7022 12.744 15.9009 12.4533
threshold=0.18771819025278094 0.82302704453468334 0.010247914586216213 0.012293425388634207 6.1933839321136483 6.3306114673614511 4.1190040111541757 0.89587974548339855 0.68344858288764965 0.90454545617103588 0.65521225333213817 0.042946618050336845 6.0532643795013437 0.13650614768266681
decision_type=2 2 2 2 2 2 2 2 2 2 2 2 2 2
left_child=3 2 -2 4 5 -1 -7 -6 -9 -5 11 -11 13 -13
right_child=1 -3 -4 9 7 6 -8 8 -10 10 -12 12 -14 -15
leaf_value=-0.00010557102844880695 0.023429980303977326 -0.0080255341441128718 -0.0021756956979989881 0.00026171790182576377 -0.0023131280886063504 0.00068127103955919512 0.0093215606203763332 0.0055782075964623699 -0.0014955590561862545 -0.011103963593138391 0.017582256839376701 -0.0058104270100653166 0.011247468838080362 0.0037419822303715366
leaf_weight=132749.66399554349 48.629268437623978 533.05187993869185 160.85487774759531 92542.406452251598 10530.086558818817 1205.3892416954041 726.82206630706787 1520.7141833305359 4413.1395027637482 176.80299904942513 305.46140670776367 540.9948670566082 402.91814231872559 886.06443417072296
leaf_count=95478 12 560 442 145831 1685 331 100 224 870 29 12 399 16 754
internal_value=1.4515e-06 -0.00446002 0.00456504 1.50989e-05 -0.000190375 -4.69162e-05 0.00396267 -0.00136318 0.000323624 0.000342496 0.00356039 0.00134946 0.00260646 0.000105453
internal_weight=246743 742.536 209.484 246000 151146 134682 1932.21 16463.9 5933.85 94854.6 2312.24 2006.78 1829.98 1427.06
internal_count=246743 1014 454 245729 98688 95909 431 2779 1094 147041 1210 1198 1169 1153
is_linear=0
shrinkage=0.05


Tree=119
num_leaves=15
num_cat=0
split_feature=21 26 47 35 34 50 26 25 32 33 50 29 48 48
split_gain=5.90512 12.8111 14.2384 14.7513 16.5152 15.0649 13.1836 10.603 13.1925 17.638 11.398 11.0342 9.80402 12.6368
threshold=0.81416416168212902 0.84290871024131786 4.2972624301910409 0.019329024478793148 0.16302653402090075 0.091573208570480361 0.88121852278709423 0.021892912685871128 3.6622449159622197 1.2424533367156985 0.059135619550943382 0.16604228317737582 1.000000059604645 0.78188824653625499
decision_type=2 2 2 2 2 2 2 2 2 2 2 2 2 2
left_child=1 -1 -3 5 -5 7 -6 8 9 10 11 -4 13 -10
right_child=-2 2 3 4 6 -7 -8 -9 12 -11 -12 -13 -14 -15
leaf_value=-5.6945495146722714e-05 -0.00038568992699925902 -0.0015148831852348655 0.00095688322020063209 0.012563564488445703 0.0042927603180736868 -0.007712225659327685 -0.0029743446527780628 -0.001832623766019041 0.002211201818611203 -0.0061578242300997102 -0.010990550655111139 0.0068519425638624764 0.0048625311165145582 -0.00060044371272000756
leaf_weight=141128.91982914135 70385.562393054366 4816.1790181994438 1090.6308313161135 493.62626680731773 3373.2896457947791 483.44506599009037 757.73903876543045 2723.0191499106586 6633.301200479269 391.32956773042679 101.73814186453819 2942.3766447901726 1400.1694614589214 10021.673620834947
leaf_count=176855 39598 4411 1004 162 3256 654 370 2007 1962 413 161 2952 1643 11295
internal_value=1.46163e-06 0.00015599 0.0010088 0.00140883 0.00400623 0.000941649 0.00295582 0.00110997 0.00146546 0.00387633 0.00483857 0.00526407 0.000859291 0.000520026
internal_weight=246743 176357 35228.5 30412.3 4624.65 25787.7 4131.03 25304.2 22581.2 4526.08 4134.75 4033.01 18055.1 16655
internal_count=246743 207145 30290 25879 3788 22091 3626 21437 19430 4530 4117 3956 14900 13257
is_linear=0
shrinkage=0.05


end of trees

feature_importances:
Column_48=136
Column_32=105
Column_47=94
Column_22=89
Column_49=81
Column_27=80
Column_29=79
Column_28=69
Column_45=66
Column_35=60
Column_36=55
Column_43=55
Column_41=54
Column_37=47
Column_24=46
Column_0=45
Column_50=44
Column_34=40
Column_15=38
Column_3=34
Column_30=32
Column_44=31
Column_26=29
Column_23=26
Column_42=26
Column_17=25
Column_18=23
Column_33=23
Column_46=18
Column_31=16
Column_1=15
Column_20=13
Column_25=13
Column_38=12
Column_39=12
Column_4=8
Column_21=8
Column_19=7
Column_2=6
Column_40=6
Column_52=5
Column_16=3
Column_51=3
Column_56=3

parameters:
[boosting: gbdt]
[objective: regression]
[metric: l2]
[tree_learner: serial]
[device_type: cpu]
[data_sample_strategy: bagging]
[data: ]
[valid: ]
[num_iterations: 120]
[learning_rate: 0.05]
[num_leaves: 15]
[num_threads: 2]
[seed: 20260928]
[deterministic: 1]
[force_col_wise: 1]
[force_row_wise: 0]
[histogram_pool_size: -1]
[max_depth: -1]
[min_data_in_leaf: 100]
[min_sum_hessian_in_leaf: 0.001]
[bagging_fraction: 1]
[pos_bagging_fraction: 1]
[neg_bagging_fraction: 1]
[bagging_freq: 0]
[bagging_seed: 8287]
[bagging_by_query: 0]
[feature_fraction: 1]
[feature_fraction_bynode: 1]
[feature_fraction_seed: 24490]
[extra_trees: 0]
[extra_seed: 6370]
[early_stopping_round: 0]
[early_stopping_min_delta: 0]
[first_metric_only: 0]
[max_delta_step: 0]
[lambda_l1: 0]
[lambda_l2: 10]
[linear_lambda: 0]
[min_gain_to_split: 0]
[drop_rate: 0.1]
[max_drop: 50]
[skip_drop: 0.5]
[xgboost_dart_mode: 0]
[uniform_drop: 0]
[drop_seed: 1862]
[top_rate: 0.2]
[other_rate: 0.1]
[min_data_per_group: 100]
[max_cat_threshold: 32]
[cat_l2: 10]
[cat_smooth: 10]
[max_cat_to_onehot: 4]
[top_k: 20]
[monotone_constraints: ]
[monotone_constraints_method: basic]
[monotone_penalty: 0]
[feature_contri: ]
[forcedsplits_filename: ]
[refit_decay_rate: 0.9]
[cegb_tradeoff: 1]
[cegb_penalty_split: 0]
[cegb_penalty_feature_lazy: ]
[cegb_penalty_feature_coupled: ]
[path_smooth: 0]
[interaction_constraints: ]
[verbosity: -1]
[saved_feature_importance_type: 0]
[use_quantized_grad: 0]
[num_grad_quant_bins: 4]
[quant_train_renew_leaf: 0]
[stochastic_rounding: 1]
[linear_tree: 0]
[max_bin: 255]
[max_bin_by_feature: ]
[min_data_in_bin: 3]
[bin_construct_sample_cnt: 301913]
[data_random_seed: 5112]
[is_enable_sparse: 1]
[enable_bundle: 1]
[use_missing: 1]
[zero_as_missing: 0]
[feature_pre_filter: 1]
[pre_partition: 0]
[two_round: 0]
[header: 0]
[label_column: ]
[weight_column: ]
[group_column: ]
[ignore_column: ]
[categorical_feature: ]
[forcedbins_filename: ]
[precise_float_parser: 0]
[parser_config_file: ]
[objective_seed: 23271]
[num_class: 1]
[is_unbalance: 0]
[scale_pos_weight: 1]
[sigmoid: 1]
[boost_from_average: 1]
[reg_sqrt: 0]
[alpha: 0.9]
[fair_c: 1]
[poisson_max_delta_step: 0.7]
[tweedie_variance_power: 1.5]
[lambdarank_truncation_level: 30]
[lambdarank_norm: 1]
[label_gain: ]
[lambdarank_position_bias_regularization: 0]
[eval_at: ]
[multi_error_top_k: 1]
[auc_mu_weights: ]
[num_machines: 1]
[local_listen_port: 12400]
[time_out: 120]
[machine_list_filename: ]
[machines: ]
[gpu_platform_id: -1]
[gpu_device_id: -1]
[gpu_device_id_list: ]
[gpu_use_dp: 0]
[num_gpu: 1]

end of parameters

pandas_categorical:null
