tree
version=v4
num_class=1
num_tree_per_iteration=1
label_index=0
max_feature_idx=17
objective=regression
feature_names=Column_0 Column_1 Column_2 Column_3 Column_4 Column_5 Column_6 Column_7 Column_8 Column_9 Column_10 Column_11 Column_12 Column_13 Column_14 Column_15 Column_16 Column_17
feature_infos=[0:0.016393441706895828] [0:0.016393441706895828] [0:0.016393441706895828] [0:0.016393441706895828] [0:0.016393441706895828] [0:1] [0:1] [0:1] [0:1] [0:1] [0:1] [0:1] [0:1] [0:1] [0:1] [0.0062500000931322575:0.081967204809188843] [1:5] [0.0090909088030457497:0.090909093618392944]
tree_sizes=1732 1799 1797 1786 1786 1784 1785 1795 1791 1791 1805 1786 1792 1796 1803 1801 1785 1797 1794 1803 1801 1802 1799 1799 1790 1799 1811 1795 1809 1801 1796 1801 1801 1782 1784 1791 1789 1796 1817 1806 1800 1800 1793 1796 1790 1803 1786 1789 1790 1813 1796 1794 1808 1784 1782 1789 1809 1793 1800 1804 1798 1805 1803 1815 1791 1803 1802 1796 1774 1787 1787 1808 1811 1778 1785 1793 1816 1784 1796 1773 1810 1785 1804 1777 1788 1807 1793 1783 1775 1808 1782 1783 1812 1778 1797 1813 1777 1806 1776 1792 1777 1802 1783 1789 1806 1824 1797 1808 1808 1785 1791 1795 1793 1794 1804 1781 1811 1785 1795 1806

Tree=0
num_leaves=15
num_cat=0
split_feature=17 17 15 1 4 1 4 15 17 3 15 15 4 1
split_gain=1388.4 441.19 174.61 143.5 102.696 67.5153 65.5595 90.4037 43.679 157.157 39.0724 54.8031 36.7755 34.2095
threshold=0.033908046782016761 0.064583335071802153 0.0083683477714657801 0.016001024283468727 0.014599318150430919 0.0087337908335030096 0.0091326101683080214 0.052494525909423835 0.010152545757591726 0.0066445916891098031 0.049011643975973136 0.024056473746895794 0.015749008394777778 0.013986697886139156
decision_type=2 2 2 2 2 2 2 2 2 2 2 2 2 2
left_child=2 6 -1 4 -3 -6 7 13 9 -4 11 -8 -7 -2
right_child=1 3 8 -5 5 12 10 -9 -10 -11 -12 -13 -14 -15
leaf_value=0.22380774667267789 0.23241426301460674 0.24320092782359973 0.22368436579533119 0.25209710914893374 0.24521710048243275 0.22642031057774759 0.22655558900176231 0.24791139330384568 0.22699022103517952 0.26034456027068975 0.22636649663205516 0.23462920577913191 0.23656873331393999 0.23979159533387559
leaf_weight=67500.632427532226 16034.656732665375 8317.7231050543487 849.44685300253332 2954.7414623126388 1020.3766864705831 2107.3659601118416 3343.2047482989728 1092.0839585047215 96762.643597695976 434.19733442552388 5810.0076357200742 5637.2697228137404 1535.5779189430177 1738.0723234694451
leaf_count=59517 20437 9881 955 1726 2191 896 3611 697 100639 94 2498 8453 1163 2380
internal_value=0.227963 0.235301 0.225765 0.242152 0.239872 0.233914 0.232054 0.234007 0.227112 0.236239 0.22956 0.231625 0.23071 0.233142
internal_weight=215138 49591.1 165547 15935.8 12981 4663.32 33655.3 18864.8 98046.3 1283.64 14790.5 8980.47 3642.94 17772.7
internal_count=215138 53933 161205 15857 14131 4250 38076 23514 101688 1049 14562 12064 2059 22817
is_linear=0
shrinkage=1


Tree=1
num_leaves=15
num_cat=0
split_feature=17 17 15 1 4 1 4 15 17 3 15 15 4 1
split_gain=1253.3 398.291 157.603 129.566 92.6474 60.9981 59.1908 81.6895 39.5179 142.152 35.2689 49.4701 33.2115 30.9027
threshold=0.033908046782016761 0.064583335071802153 0.0083683477714657801 0.016001024283468727 0.014599318150430919 0.0087337908335030096 0.0091326101683080214 0.052494525909423835 0.010152545757591726 0.0066445916891098031 0.049011643975973136 0.024056473746895794 0.015749008394777778 0.013986697886139156
decision_type=2 2 2 2 2 2 2 2 2 2 2 2 2 2
left_child=2 6 -1 4 -3 -6 7 13 9 -4 11 -8 -7 -2
right_child=1 3 8 -5 5 12 10 -9 -10 -11 -12 -13 -14 -15
leaf_value=-0.0039476166856419219 0.0042287439000652438 0.01447685193861553 -0.0040672868925217421 0.022931377854453962 0.016399673303102713 -0.0014660138961204957 -0.0013373451764887292 0.018959928669804258 -0.00092424006125163311 0.030798835966798589 -0.001516910319169793 0.0063333906991479838 0.0081781351063159296 0.011240454087643851
leaf_weight=67500.632427532226 16034.656732665375 8317.7231050543487 849.44685300253332 2954.7414623126388 1020.3766864705831 2107.3659601118416 3343.2047482989728 1092.0839585047215 96762.643597695976 434.19733442552388 5810.0076357200742 5637.2697228137404 1535.5779189430177 1738.0723234694451
leaf_count=59517 20437 9881 955 1726 2191 896 3611 697 100639 94 2498 8453 1163 2380
internal_value=2.94021e-07 0.00697213 -0.00208848 0.0134818 0.0113149 0.0056563 0.0038867 0.00574275 -0.000808271 0.00787322 0.00151708 0.00347946 0.00261046 0.00492038
internal_weight=215138 49591.1 165547 15935.8 12981 4663.32 33655.3 18864.8 98046.3 1283.64 14790.5 8980.47 3642.94 17772.7
internal_count=215138 53933 161205 15857 14131 4250 38076 23514 101688 1049 14562 12064 2059 22817
is_linear=0
shrinkage=0.05


Tree=2
num_leaves=15
num_cat=0
split_feature=17 17 15 1 4 4 4 15 17 3 15 15 15 2
split_gain=1131.35 359.563 142.252 116.984 83.5819 55.5371 53.4409 73.8152 35.7532 128.579 32.2083 40.9031 35.9783 29.6226
threshold=0.033908046782016761 0.064583335071802153 0.0083683477714657801 0.016001024283468727 0.014599318150430919 0.016001024283468727 0.0091326101683080214 0.052494525909423835 0.010152545757591726 0.0066445916891098031 0.072753287851810469 0.053412454202771194 0.024056473746895794 0.014389234129339458
decision_type=2 2 2 2 2 2 2 2 2 2 2 2 2 2
left_child=2 6 -1 4 13 -6 7 -2 9 -4 11 12 -8 -3
right_child=1 3 8 -5 5 -7 10 -9 -10 -11 -12 -13 -14 -15
leaf_value=-0.0037502650909187795 0.0046748002170003081 0.016299377770819173 -0.0038662887411096804 0.021788677653240003 0.0021406993954442627 0.014579680571732541 -0.001270677219954418 0.018020533664683688 -0.00087803276220640666 0.029293561611513409 0.025414226718618767 -0.0027417494953557268 0.0050588976331702199 0.010182058105595238
leaf_weight=67500.632427532226 17772.72905613482 4835.7982858940959 849.44685300253332 2954.7414623126388 3459.5565285887569 1203.7640369366854 3343.2047482989728 1092.0839585047215 96762.643597695976 434.19733442552388 128.82066702842712 4514.5817485079169 6803.8749429974705 3481.9248191602528
leaf_count=59517 22817 6175 955 1726 2738 1512 3611 697 100639 94 6 1507 9438 3706
internal_value=5.58817e-07 0.00662452 -0.00198399 0.0128096 0.0107506 0.00537596 0.00369293 0.00545652 -0.000767725 0.00748989 0.00144135 0.00121354 0.00297427 0.0137539
internal_weight=215138 49591.1 165547 15935.8 12981 4663.32 33655.3 18864.8 98046.3 1283.64 14790.5 14661.7 10147.1 8317.72
internal_count=215138 53933 161205 15857 14131 4250 38076 23514 101688 1049 14562 14556 13049 9881
is_linear=0
shrinkage=0.05


Tree=3
num_leaves=15
num_cat=0
split_feature=17 17 15 1 1 15 4 15 16 1 4 17 3 15
split_gain=1021.31 324.603 128.396 105.619 77.3887 95.5394 48.223 66.7029 43.69 42.0319 49.2168 32.3471 116.302 29.6938
threshold=0.033908046782016761 0.064583335071802153 0.0083683477714657801 0.016001024283468727 0.0093025267124176043 0.039033297449350364 0.0091326101683080214 0.052494525909423835 4.5000000000000009 0.011050061322748663 0.014599318150430919 0.010152545757591726 0.0066445916891098031 0.049011643975973136
decision_type=2 2 2 2 2 2 2 2 2 2 2 2 2 2
left_child=2 6 -1 4 8 -6 7 -2 -3 -7 -11 12 -4 -8
right_child=1 3 11 -5 5 9 13 -9 -10 10 -12 -13 -14 -15
leaf_value=-0.003562779649583213 0.0044411916080999763 0.012752221673235621 -0.0036752232232348768 0.020702917225011594 0.020497275174649936 -0.003041636550170394 0.0031707845909613643 0.017127683728486078 0.02462849569526351 0.011540136611284215 0.0021752189172038238 -0.0008341354903186088 0.02786185847972349 -0.001413684571332968
leaf_weight=67500.632427532226 17772.72905613482 3919.459114883095 849.44685300253332 2954.7414623126388 1147.7160530891269 1320.7057099677622 8980.4744711127132 1092.0839585047215 979.86166681163013 2795.8174903597683 2817.4836354684085 96762.643597695976 434.19733442552388 5810.0076357200742
leaf_count=59517 22817 7416 955 1726 1420 618 12064 697 1090 2446 1141 100639 94 2498
internal_value=8.44557e-07 0.00629444 -0.00188473 0.0121712 0.0102148 0.00719407 0.00350901 0.0051843 0.0151728 0.00496578 0.00685183 -0.000729214 0.00712522 0.00137017
internal_weight=215138 49591.1 165547 15935.8 12981 8081.72 33655.3 18864.8 4899.32 6934.01 5613.3 98046.3 1283.64 14790.5
internal_count=215138 53933 161205 15857 14131 5625 38076 23514 8506 4205 3587 101688 1049 14562
is_linear=0
shrinkage=0.05


Tree=4
num_leaves=15
num_cat=0
split_feature=17 17 15 1 1 15 4 15 16 1 2 3 15 15
split_gain=921.991 293.129 115.89 95.3373 69.878 86.3189 43.5335 60.2758 39.507 37.9529 46.2382 33.4329 29.6451 34.5495
threshold=0.033908046782016761 0.064583335071802153 0.0083683477714657801 0.016001024283468727 0.0093025267124176043 0.039033297449350364 0.0091326101683080214 0.052494525909423835 4.5000000000000009 0.011050061322748663 1.0000000180025095e-35 0.0091326101683080214 0.072753287851810469 0.049011643975973136
decision_type=2 2 2 2 2 2 2 2 2 2 2 2 2 2
left_child=2 6 -1 4 8 -6 7 -2 -3 -7 -11 -12 13 -8
right_child=1 3 -4 -5 5 9 12 -9 -10 10 11 -13 -14 -15
leaf_value=-0.0033846662610553056 0.0042192568771158021 0.012116233265872418 -0.00069263419494130628 0.01967126346560797 0.019481264436000588 -0.0028906974492059123 0.0030124214239286786 0.016279069756364752 0.023409510800032087 -0.003886480110691259 0.017534715495924533 0.0065034252115956067 0.024300642831931688 -0.001966269904145483
leaf_weight=67500.632427532226 17772.72905613482 3919.459114883095 98046.287785124034 2954.7414623126388 1147.7160530891269 1320.7057099677622 8980.4744711127132 1092.0839585047215 979.86166681163013 893.21038791909814 832.49062189273536 3887.6001160163432 128.82066702842712 5681.1869686916471
leaf_count=59517 22817 7416 101688 1726 1420 618 12064 697 1090 368 784 2435 6 2492
internal_value=1.1101e-06 0.00598086 -0.00179043 0.0115654 0.00970667 0.00683629 0.00333391 0.00492565 0.014418 0.00471826 0.00651046 0.00848199 0.00130172 0.00108322
internal_weight=215138 49591.1 165547 15935.8 12981 8081.72 33655.3 18864.8 4899.32 6934.01 5613.3 4720.09 14790.5 14661.7
internal_count=215138 53933 161205 15857 14131 5625 38076 23514 8506 4205 3587 3219 14562 14556
is_linear=0
shrinkage=0.05


Tree=5
num_leaves=15
num_cat=0
split_feature=17 17 15 1 4 2 1 3 15 15 3 17 15 17
split_gain=833.864 230.41 122.22 86.0514 64.668 47.7755 43.0116 35.6242 30.7074 30.0259 28.3873 81.2618 117.411 30.5197
threshold=0.037749288603663451 0.064583335071802153 0.0083683477714657801 0.016001024283468727 0.012903762981295587 0.016261236742138866 0.0087337908335030096 0.0062696540262550124 0.016352030448615554 0.021673419512808326 0.0098524559289217013 0.020204081200063232 0.03588362596929074 0.010152545757591726
decision_type=2 2 2 2 2 2 2 2 2 2 2 2 2 2
left_child=2 -2 -1 4 5 8 -6 -7 -3 -10 13 12 -12 -4
right_child=1 3 10 -5 6 7 -8 -9 9 -11 11 -13 -14 -15
leaf_value=-0.0032154582033192616 0.0034174105590816478 0.00023840627640149567 0.006812674843633972 0.018691017957550037 0.013427698385850902 -0.011183834515612648 0.0028068487908680297 0.010771344469691992 0.030963684652892849 0.013692595467443211 0.0018044750497754139 0.00045122557467248709 0.034286810245308122 -0.00092307412831671833
leaf_weight=67500.632427532226 27183.657671658322 404.54345209896564 1283.6441874280572 2954.7414623126388 1213.2433224562556 351.49381430633366 4357.2441938575357 367.9158123806119 260.22262601740658 6026.380449462682 734.92789530754089 12997.477309880778 438.82564926147461 89063.050193060189
leaf_count=59517 30385 754 1049 1726 2543 63 2475 453 138 7705 661 12509 31 95129
internal_value=1.36518e-06 0.00621795 -0.0015572 0.0109901 0.00922412 0.0122831 0.00513997 3.80779e-05 0.0135976 0.0144555 -0.000486048 0.00159382 0.0141355 -0.000812423
internal_weight=215138 43119.4 172019 15935.8 12981 7410.56 5570.49 719.41 6691.15 6286.6 104518 14171.2 1173.75 90346.7
internal_count=215138 46242 168896 15857 14131 9113 5018 516 8597 7843 109379 13201 692 96178
is_linear=0
shrinkage=0.05


Tree=6
num_leaves=15
num_cat=0
split_feature=17 17 15 1 4 4 15 2 3 15 1 1 2 3
split_gain=756.03 237.477 95.0886 77.6754 59.3679 39.5609 54.2117 35.2169 51.3849 32.8559 29.3803 27.5713 30.3637 40.8291
threshold=0.033908046782016761 0.064583335071802153 0.0080322581343352812 0.016001024283468727 0.0088890646584332007 0.0091326101683080214 0.052494525909423835 0.016261236742138866 0.0062696540262550124 0.016352030448615554 0.0094788861460983771 0.013986697886139156 0.013986697886139156 0.0068260179832577714
decision_type=2 2 2 2 2 2 2 2 2 2 2 2 2 2
left_child=2 5 -1 4 7 6 11 9 -9 -3 -6 -2 13 -13
right_child=1 3 -4 -5 10 -7 -8 8 -10 -11 -12 12 -14 -15
leaf_value=-0.0031966850841168059 0.0032289474871655 0.00022677412196016385 -0.00070951761278934043 0.017759619413318255 0.01117421827780502 0.0010968674724733923 0.015318129006027071 -0.011329240129863926 0.018078985825246561 0.015078812843971882 0.0038813364660796427 0.00037292554048272446 0.029864916715054136 0.016507557847857204
leaf_weight=60641.138378627598 16034.656732665375 404.54345209896564 104905.78183402866 2954.7414623126388 1853.9780343100429 14790.482106832787 1092.0839585047215 344.90524526685476 245.4857529476285 4718.3240943010896 5413.8070916552097 874.38724170997739 162.12457538582385 701.56050637364388
leaf_count=53592 20437 754 107613 1726 3661 14562 697 53 313 6258 3092 1164 74 1142
internal_value=1.58059e-06 0.00541646 -0.00162072 0.010443 0.00876525 0.00303398 0.00455134 0.0125784 0.000996212 0.0139087 0.00575451 0.00388151 0.0098488 0.00761433
internal_weight=215138 49591.1 165547 15935.8 12981 33655.3 18864.8 5713.26 590.391 5122.87 7267.79 17772.7 1738.07 1575.95
internal_count=215138 53933 161205 15857 14131 38076 23514 7378 366 7012 6753 22817 2380 2306
is_linear=0
shrinkage=0.05


Tree=7
num_leaves=15
num_cat=0
split_feature=17 17 15 1 4 4 4 15 17 3 15 15 17 4
split_gain=682.569 214.367 85.8191 70.1277 54.5643 46.7158 35.7406 48.976 27.0364 105.232 26.9344 31.7582 34.9468 26.6468
threshold=0.033908046782016761 0.064583335071802153 0.0080322581343352812 0.016001024283468727 0.014599318150430919 0.016001024283468727 0.0091326101683080214 0.052494525909423835 0.010152545757591726 0.0066445916891098031 0.072753287851810469 0.053412454202771194 0.048809524625539787 0.0080972984433174151
decision_type=2 2 2 2 2 2 2 2 2 2 2 2 2 2
left_child=2 6 -1 4 -3 -6 7 -2 9 -4 11 12 -8 -9
right_child=1 3 8 -5 5 -7 10 13 -10 -11 -12 -13 -14 -15
leaf_value=-0.0030368768859323422 0.0036888364119127778 0.010754693102923313 -0.0037609785494047221 0.016874633541765795 0.0010228979508328921 0.012427221101918302 0.00013872221090426915 0.0069485553105762448 -0.00076365756274110073 0.02623569142622369 0.022963681200140806 -0.0026510090922042266 0.0062142766021092404 0.022689507386133526
leaf_weight=60641.138378627598 17772.72905613482 8317.7231050543487 849.44685300253332 2954.7414623126388 3459.5565285887569 1203.7640369366854 6401.1294832099229 573.65004360117018 103622.1376466006 434.19733442552388 128.82066702842712 4514.5817485079169 3745.9502080865204 518.43391490355134
leaf_count=53592 22817 9881 955 1726 2738 1512 8166 474 106564 94 6 1507 4883 223
internal_value=1.77422e-06 0.00514686 -0.0015397 0.00992261 0.00832842 0.00398704 0.00288327 0.0043255 -0.000674045 0.00650988 0.00104206 0.000833932 0.00238552 0.0145592
internal_weight=215138 49591.1 165547 15935.8 12981 4663.32 33655.3 18864.8 104906 1283.64 14790.5 14661.7 10147.1 1092.08
internal_count=215138 53933 161205 15857 14131 4250 38076 23514 107613 1049 14562 14556 13049 697
is_linear=0
shrinkage=0.05


Tree=8
num_leaves=15
num_cat=0
split_feature=17 15 1 15 0 15 17 1 15 3 17 15 17 16
split_gain=617.472 120.265 119.763 73.7235 136.729 58.9002 56.8276 50.8496 70.7357 50.1226 123.757 48.963 43.6651 35.686
threshold=0.046536797657608993 0.020048827864229683 0.016001024283468727 0.01990279741585255 0.011299795936793091 0.0079052620567381399 0.064583335071802153 0.0093025267124176043 0.039033297449350364 0.0098524559289217013 0.020204081200063232 0.024393817409873012 0.024695121683180336 4.5000000000000009
decision_type=2 2 2 2 2 2 2 2 2 2 2 2 2 2
left_child=1 3 6 5 -5 -1 -2 13 -9 12 -11 -12 -3 -8
right_child=2 9 -4 4 -6 -7 7 8 -10 10 11 -13 -14 -15
leaf_value=-0.0029367845790698281 0.0034323536076877 -0.0019761407900785281 0.016033746906986966 0.00042021795290364869 -0.046951066576134737 -0.00086954842354511135 0.0097526267412296492 0.016910179965983301 0.003549208296671047 0.025235183377186665 0.0097293832637978771 0.0012924131163494911 0.002005718419527239 0.020459145617036101
leaf_weight=58048.138066194952 15606.343113016337 13071.889612557366 2954.7414623126388 374.34332091920078 246.62922323122621 84794.27529440634 3919.459114883095 1147.7160530891269 6934.006835795939 636.71581191010773 2075.6534832827747 9823.7696886938065 14524.457719916478 979.86166681163013
leaf_count=51094 17181 14553 1726 575 75 84621 7416 1420 4205 240 2391 10551 18000 1090
internal_value=1.96384e-06 -0.00110841 0.0064634 -0.00178523 -0.01884 -0.00170978 0.00546896 0.00791293 0.0054652 0.00131087 0.0039312 0.00277103 0.000119551 0.0119312
internal_weight=215138 183596 31542.1 143463 620.973 142842 28587.4 12981 8081.72 40132.5 12536.1 11899.4 27596.3 4899.32
internal_count=215138 182100 33038 136365 650 135715 31312 14131 5625 45735 13182 12942 32553 8506
is_linear=0
shrinkage=0.05


Tree=9
num_leaves=15
num_cat=0
split_feature=17 17 15 1 4 4 15 2 3 15 3 4 3 15
split_gain=559.911 173.506 70.2005 57.1576 47.5287 32.4372 44.2267 30.5883 45.9517 29.9011 26.4314 25.4482 25.3873 32.2736
threshold=0.033908046782016761 0.064583335071802153 0.0083683477714657801 0.016001024283468727 0.0088890646584332007 0.0091326101683080214 0.052494525909423835 0.016261236742138866 0.0062696540262550124 0.016352030448615554 0.014815627597272398 0.016001024283468727 0.0063898416701704272 0.031045448966324333
decision_type=2 2 2 2 2 2 2 2 2 2 2 2 2 2
left_child=2 5 -1 4 7 6 10 9 -9 -3 -2 -6 13 -11
right_child=1 3 -4 -5 11 -7 -8 8 -10 12 -12 -13 -14 -15
leaf_value=-0.0026349163783831024 0.0038320671635544978 -0.00085600379503778402 -0.0005397090841275878 0.015234764487104757 0.003496367355803743 0.00087149523617597354 0.013723892480199271 -0.011492126571383592 0.016316902249670955 0.024001803076172442 -0.0050720988536747591 0.011441183294321413 0.010890793677671103 0.0068909647565454785
leaf_weight=67500.632427532226 16904.489676533267 404.54345209896564 98046.287785124034 2954.7414623126388 6064.0210890285671 14790.482106832787 1092.0839585047215 344.90524526685476 245.4857529476285 962.20582348108292 868.23937960155308 1203.7640369366854 3357.0678091067821 399.05046171322465
leaf_count=59517 21864 754 101688 1726 5241 14562 697 53 313 892 953 1512 4989 377
internal_value=1.99599e-06 0.00466192 -0.00139412 0.00895847 0.00751923 0.00262544 0.00399939 0.0109306 0.000150102 0.0121703 0.00339447 0.00482618 0.0132866 0.0190726
internal_weight=215138 49591.1 165547 15935.8 12981 33655.3 18864.8 5713.26 590.391 5122.87 17772.7 7267.79 4718.32 1361.26
internal_count=215138 53933 161205 15857 14131 38076 23514 7378 366 7012 22817 6753 6258 1269
is_linear=0
shrinkage=0.05


Tree=10
num_leaves=15
num_cat=0
split_feature=17 15 1 15 0 15 16 17 4 4 4 3 17 3
split_gain=507.751 101.362 97.0263 67.2997 123.826 47.6974 45.3234 45.1841 44.8182 40.5344 40.5166 29.6419 126.7 27.4027
threshold=0.046536797657608993 0.020048827864229683 0.016001024283468727 0.01990279741585255 0.011299795936793091 0.0079052620567381399 2.5000000000000004 0.064583335071802153 0.014599318150430919 0.012121656909585001 0.015749008394777778 0.0098524559289217013 0.020204081200063232 0.010695492848753931
decision_type=2 2 2 2 2 2 2 2 2 2 2 2 2 2
left_child=1 3 7 5 -5 -1 9 13 -9 -3 -10 -8 -13 -2
right_child=2 6 -4 4 -6 -7 11 8 10 -11 -12 12 -14 -15
leaf_value=-0.0026582476604313683 0.0051976617463022606 0.0060438483862090518 0.014475595781652931 0.00040785266421718971 -0.044672636953425632 -0.00079796113300028507 -0.00067132894110975209 0.0093442755937426548 -0.00091834130562751042 -0.0034138038179199227 0.0084554862205256202 0.024019501238163515 0.0011320775285472478 0.0010059788766528506
leaf_weight=58048.138066194952 7975.9149049054831 6947.1196443550289 2954.7414623126388 374.34332091920078 246.62922323122621 84794.27529440634 21878.574738705531 8317.7231050543487 2612.9860492162406 1346.5216977521777 2050.3345163092017 636.71581191010773 9323.5544236376882 7630.428208110854
leaf_count=51094 10521 8990 1726 575 75 84621 24488 9881 1963 1985 2287 240 10032 6660
internal_value=2.09639e-06 -0.00100481 0.00586139 -0.00162616 -0.0179208 -0.00155408 0.00121623 0.0049663 0.00714561 0.00450608 0.00321235 0.000358119 0.00261779 0.00315017
internal_weight=215138 183596 31542.1 143463 620.973 142842 40132.5 28587.4 12981 8293.64 4663.32 31838.8 9960.27 15606.3
internal_count=215138 182100 33038 136365 650 135715 45735 31312 14131 10975 4250 34760 10272 17181
is_linear=0
shrinkage=0.05


Tree=11
num_leaves=15
num_cat=0
split_feature=17 17 15 1 1 15 16 1 2 3 4 15 3 4
split_gain=460.925 139.91 57.0585 46.5821 42.122 59.7752 33.0157 29.7924 36.7082 30.1612 28.4913 40.341 25.0268 29.034
threshold=0.033908046782016761 0.064583335071802153 0.0083683477714657801 0.016001024283468727 0.0093025267124176043 0.039033297449350364 4.5000000000000009 0.011050061322748663 1.0000000180025095e-35 0.0091326101683080214 0.0091326101683080214 0.052494525909423835 0.013423423748463394 0.011428944766521456
decision_type=2 2 2 2 2 2 2 2 2 2 2 2 2 2
left_child=2 10 -1 4 6 -6 -3 -7 -9 -10 11 -2 -11 -14
right_child=1 3 -4 -5 5 7 -8 8 9 12 -12 -13 13 -15
leaf_value=-0.0023833207542479497 0.0031113127126355094 0.0083549037432807446 -0.00049438359348119533 0.013754257457406771 0.0150821027997016 -0.0039335317763961432 0.018639215021570215 -0.0048635583740031171 0.01473532368833917 -0.0032857435071723625 0.00075753113606464131 0.012976054010800486 0.013948034985239034 0.0032218074823634219
leaf_weight=67500.632427532226 17772.72905613482 3919.459114883095 98046.287785124034 2954.7414623126388 1147.7160530891269 1320.7057099677622 979.86166681163013 893.21038791909814 832.49062189273536 848.66601683571935 14790.482106832787 1092.0839585047215 888.12149180099368 2150.8126073796302
leaf_count=59517 22817 7416 101688 1726 1420 618 1090 368 784 927 14562 697 828 680
internal_value=2.03084e-06 0.00423003 -0.00126468 0.00808826 0.00678897 0.00456212 0.0104455 0.00280164 0.00439047 0.00614825 0.00240129 0.00368895 0.00427632 0.00639199
internal_weight=215138 49591.1 165547 15935.8 12981 8081.72 4899.32 6934.01 5613.3 4720.09 33655.3 18864.8 3887.6 3038.93
internal_count=215138 53933 161205 15857 14131 5625 8506 4205 3587 3219 38076 23514 2435 1508
is_linear=0
shrinkage=0.05


Tree=12
num_leaves=15
num_cat=0
split_feature=17 17 15 1 1 0 0 17 2 1 3 2 17 3
split_gain=416.781 109.452 60.2656 42.0394 38.0231 54.5608 39.6143 30.2428 35.8473 28.1731 49.0822 24.4826 23.3415 95.167
threshold=0.037749288603663451 0.064583335071802153 0.0083683477714657801 0.016001024283468727 0.0093025267124176043 0.0086581707000732439 0.01183473411947489 0.087121214717626586 0.0063898416701704272 0.010362972505390646 0.0094788861460983771 0.015268065501004459 0.010152545757591726 0.0066445916891098031
decision_type=2 2 2 2 2 2 2 2 2 2 2 2 2 2
left_child=2 -2 -1 4 7 -6 -7 8 -3 -8 -11 -12 13 -4
right_child=1 3 12 -5 5 6 9 -9 -10 10 11 -13 -14 -15
leaf_value=-0.0022641725424466779 0.0024668691183275049 -9.361533770839653e-05 -0.0034416094228527047 0.01306886281597322 0.01180041841379504 -0.0052391041178804715 -0.005922841422768832 0.016350705884322164 0.010792337768670274 0.017441671885265946 -0.0010072320556780898 0.007363010802348708 -0.0004311661200761506 0.025085483032519632
leaf_weight=67500.632427532226 27183.657671658322 1085.3406938631088 849.44685300253332 2954.7414623126388 1869.9936915971339 1419.1219122689217 588.97523840144277 1331.2034964524209 2482.7765913791955 723.35303972102702 1737.4042518753558 1742.8747550211847 103234.28104750998 434.19733442552388
leaf_count=59517 30385 1910 955 1726 2739 804 228 1700 4896 414 803 637 108330 94
internal_value=2.13754e-06 0.00439714 -0.00109974 0.00768622 0.00645191 0.00433617 0.00207376 0.00992601 0.00749007 0.00424554 0.00568092 0.00319355 -0.000347567 0.00632711
internal_weight=215138 43119.4 172019 15935.8 12981 8081.72 6211.73 4899.32 3568.12 4792.61 4203.63 3480.28 104518 1283.64
internal_count=215138 46242 168896 15857 14131 5625 2886 8506 6806 2082 1854 1440 109379 1049
is_linear=0
shrinkage=0.05


Tree=13
num_leaves=15
num_cat=0
split_feature=17 17 15 1 4 16 4 15 4 15 15 15 3 2
split_gain=378.142 113.31 47.4683 37.9431 35.3008 29.0571 25.9045 36.3185 24.5151 24.4456 29.8508 39.0863 23.6827 22.9179
threshold=0.033908046782016761 0.064583335071802153 0.00766294775530696 0.016001024283468727 0.0084389690309762972 4.5000000000000009 0.0091326101683080214 0.052494525909423835 0.0080972984433174151 0.072753287851810469 0.049011643975973136 0.026102467440068725 0.014815627597272398 0.016261236742138866
decision_type=2 2 2 2 2 2 2 2 2 2 2 2 2 2
left_child=2 6 -1 4 5 13 7 12 -9 10 11 -8 -2 -3
right_child=1 3 -4 -5 -6 -7 9 8 -10 -11 -12 -13 -14 -15
leaf_value=-0.0024015755670602139 0.0032801448991109407 0.0088240887548654296 -0.00057455423890490228 0.012417624087537622 0.003887715638916202 0.017803202710441942 -0.0015211415849211811 0.0049669528094650186 0.020011164070225643 0.02150223441462773 -0.0024132628582220696 0.0051216161720246981 -0.0051468412339018242 -0.0024631739553723792
leaf_weight=51687.839398868382 16904.489676533267 4175.3851687069982 113859.08081378788 2954.7414623126388 7482.1068558041006 823.98856591433287 3932.6089424919337 573.65004360117018 518.43391490355134 128.82066702842712 5681.1869686916471 5047.8655286207795 868.23937960155308 499.56308015435934
leaf_count=45814 21864 5843 115391 1726 7027 1046 4670 474 223 6 2492 7394 953 215
internal_value=2.23052e-06 0.00383177 -0.00114511 0.00730393 0.00613129 0.00917141 0.00218602 0.00341383 0.0122255 0.00061875 0.000420733 0.00221425 0.0028658 0.00761525
internal_weight=215138 49591.1 165547 15935.8 12981 5498.94 33655.3 18864.8 1092.08 14790.5 14661.7 8980.47 17772.7 4674.95
internal_count=215138 53933 161205 15857 14131 7104 38076 23514 697 14562 14556 12064 22817 6058
is_linear=0
shrinkage=0.05


Tree=14
num_leaves=15
num_cat=0
split_feature=17 15 1 15 0 16 4 15 3 15 17 3 3 17
split_gain=344.911 75.8967 63.4707 62.0457 112.068 39.7147 36.0064 31.471 28.1063 51.1754 43.9289 28.6121 24.2799 117.1
threshold=0.046536797657608993 0.020048827864229683 0.016001024283468727 0.01990279741585255 0.011299795936793091 2.5000000000000004 0.012270400300621988 0.00766294775530696 0.015268065501004459 0.042441550642251975 0.069047622382640853 0.014815627597272398 0.0098524559289217013 0.020204081200063232
decision_type=2 2 2 2 2 2 2 2 2 2 2 2 2 2
left_child=1 3 8 7 -5 6 -3 -1 9 10 11 -2 -7 -14
right_child=2 5 -4 4 -6 12 -8 -9 -10 -11 -12 -13 13 -15
leaf_value=-0.0022815199487310365 0.0050315656060445409 0.0055859888673429718 0.011798836916492007 0.00042516613374036203 -0.042460731797609647 -0.00064061540364323275 -0.0034863812541389809 -0.000737042838722174 0.0079386872326517432 0.0011915908802690263 0.011532692287533286 -0.00467446446963135 0.022910943668650929 0.00090806580906102662
leaf_weight=51687.839398868382 8751.5784643571824 7005.0333388336003 2954.7414623126388 374.34332091920078 246.62922323122621 21878.574738705531 1288.6080032736063 91154.573961732909 4096.6790427025408 12326.533464830369 2589.0275005232543 823.56831118278205 636.71581191010773 9323.5544236376882
leaf_count=45814 12856 9163 1726 575 75 24488 1812 89901 3872 9666 3950 968 240 10032
internal_value=2.31256e-06 -0.000827569 0.0048315 -0.00136524 -0.0170107 0.00109432 0.00417389 -0.00129604 0.00410749 0.00346365 0.00576316 0.00419273 0.000291068 0.00233618
internal_weight=215138 183596 31542.1 143463 620.973 40132.5 8293.64 142842 28587.4 24490.7 12164.2 9575.15 31838.8 9960.27
internal_count=215138 182100 33038 136365 650 45735 10975 135715 31312 27440 17774 13824 34760 10272
is_linear=0
shrinkage=0.05


Tree=15
num_leaves=15
num_cat=0
split_feature=17 15 17 15 0 1 17 15 0 4 15 17 3 2
split_gain=311.349 68.5244 58.228 56.2464 101.555 37.1595 35.9282 35.0668 55.2145 30.9915 30.1187 34.9266 82.655 29.6008
threshold=0.046536797657608993 0.020048827864229683 0.087121214717626586 0.01990279741585255 0.011299795936793091 0.015268065501004459 0.019419306889176372 0.053412454202771194 0.012903762981295587 0.0083683477714657801 0.024393817409873012 0.020204081200063232 0.0098524559289217013 0.0093898782506585139
decision_type=2 2 2 2 2 2 2 2 2 2 2 2 2 2
left_child=1 3 5 -1 -5 7 -3 13 -9 -10 -8 12 -12 -2
right_child=2 6 -4 4 -6 -7 10 8 9 -11 11 -13 -14 -15
leaf_value=-0.0012312446306968958 0.0024311269195987969 -0.0020303804553879604 0.0099492919582597379 0.00040446083041088712 -0.040420423684328841 0.0080608260989090356 0.0045472850849597925 -0.005054671385232969 0.012766822089208719 0.0017546485234340441 -0.0030330743412907641 0.00049622687342898441 0.022282165281615855 0.0068573532924231604
leaf_weight=142842.41336060129 9018.5445625539869 7692.6544624678791 4361.012004096061 374.34332091920078 246.62922323122621 4178.6991917621344 7488.375493388623 3042.5561259798706 765.02014932967722 3664.2589747272432 677.89658714644611 23672.236595734954 601.32317762263119 6512.0372374597937
leaf_count=135715 12927 9183 3639 575 75 3026 9771 1475 602 1632 661 25903 217 9737
internal_value=2.22726e-06 -0.000786244 0.00459044 -0.00129713 -0.0161934 0.00372731 0.00103992 0.00293691 0.000121883 0.00368113 0.0017684 0.000932915 0.0089474 0.00429028
internal_weight=215138 183596 31542.1 143463 620.973 27181.1 40132.5 23002.4 7471.84 4429.28 32439.8 24951.5 1279.22 15530.6
internal_count=215138 182100 33038 136365 650 29399 45735 26373 3709 2234 36552 26781 878 22664
is_linear=0
shrinkage=0.05


Tree=16
num_leaves=15
num_cat=0
split_feature=17 17 15 4 4 15 2 3 2 3 16 17 3 15
split_gain=283.54 83.3893 37.5372 30.8234 59.4446 34.9174 31.6353 36.7912 29.8099 25.0338 28.0883 22.6985 86.065 22.2236
threshold=0.033908046782016761 0.064583335071802153 0.0079052620567381399 0.0080972984433174151 0.016001024283468727 0.016352030448615554 0.014389234129339458 1.0000000180025095e-35 0.014599318150430919 0.014389234129339458 4.5000000000000009 0.010152545757591726 0.0066445916891098031 0.032211896032094962
decision_type=2 2 2 2 2 2 2 2 2 2 2 2 2 2
left_child=2 -2 -1 5 -5 -3 9 13 -9 -7 -11 12 -4 -8
right_child=1 3 11 4 -6 6 7 8 -10 10 -12 -13 -14 -15
leaf_value=-0.0020158248040953648 0.0019064016472283224 -0.004411343414587837 -0.0031458685632334512 0.0021736982660732632 0.011098585792929131 0.01608288737796677 0.0078920568598118707 -0.0087670534782480283 0.011732442402068293 0.0032110729271534995 0.01985699852983519 -0.00051813923315726935 0.023983727096798215 -0.012135289830715398
leaf_weight=58048.138066194952 33655.295121472329 444.06729154102504 849.44685300253332 7128.7234605606645 2520.5481845363975 2296.4638897068799 203.03372261300683 195.2689703758806 1410.0537421386689 1015.9317135643214 330.0408092290163 106215.13795903325 434.19733442552388 391.65334862656891
leaf_count=51094 38076 785 955 6405 1715 2678 172 87 2090 1608 201 109062 94 116
internal_value=2.1573e-06 0.00331825 -0.000991349 0.00629691 0.0045141 0.00902186 0.0100487 0.0052797 0.00920008 0.0129068 0.0074091 -0.000438007 0.00614528 -0.00528026
internal_weight=215138 49591.1 165547 15935.8 9649.27 6286.51 5842.45 2200.01 1605.32 3642.44 1345.97 107499 1283.64 594.687
internal_count=215138 53933 161205 15857 8120 7737 6952 2465 2177 4487 1809 110111 1049 288
is_linear=0
shrinkage=0.05


Tree=17
num_leaves=15
num_cat=0
split_feature=17 17 15 2 2 15 4 16 1 1 2 4 4 15
split_gain=255.949 75.3107 34.0023 28.1625 31.0491 47.6786 41.3939 29.1993 23.7919 41.7712 25.0864 33.8665 21.6688 32.9484
threshold=0.033908046782016761 0.064583335071802153 0.00766294775530696 1.0000000180025095e-35 0.014389234129339458 0.061578528955578811 0.016001024283468727 3.5000000000000004 0.010152545757591726 0.011050061322748663 0.014815627597272398 0.012579114176332952 0.0091326101683080214 0.052494525909423835
decision_type=2 2 2 2 2 2 2 2 2 2 2 2 2 2
left_child=2 12 -1 7 5 -5 8 -3 -6 -10 -11 -12 13 -2
right_child=1 3 -4 4 6 -7 -8 -9 9 10 11 -13 -14 -15
leaf_value=-0.0020051436967233548 0.0024122894658060454 0.0046357491914379842 -0.00045883997076681476 0.012915514413583877 0.007582259015537939 0.0025119767257871053 0.011635705403219473 -0.0059623156340995569 -0.0097485296869774876 -0.0090468721331003442 0.011622966622996472 5.9902947781302088e-06 0.00037783510082881847 0.011326103550919288
leaf_weight=51687.839398868382 17772.72905613482 2549.1502007972449 113859.08081378788 3849.6638573296368 1718.4687905665487 1548.8826702311635 1720.1186955850571 861.76132951490581 777.61095645651221 355.64139726944268 1084.4777220059186 1470.0095131359994 14790.482106832787 1092.0839585047215
leaf_count=45814 22817 3854 115391 5451 2817 752 485 537 92 181 1170 518 14562 697
internal_value=2.20492e-06 0.00315283 -0.000941726 0.00598353 0.00707995 0.00994083 0.0049018 0.00194856 0.00274171 0.000471635 0.00322658 0.00496393 0.00181111 0.00293404
internal_weight=215138 49591.1 165547 15935.8 12524.9 5398.55 7126.33 3410.91 5406.21 3687.74 2910.13 2554.49 33655.3 18864.8
internal_count=215138 53933 161205 15857 11466 6203 5263 4391 4778 1961 1869 1688 38076 23514
is_linear=0
shrinkage=0.05


Tree=18
num_leaves=15
num_cat=0
split_feature=17 15 15 0 17 16 4 1 15 0 1 2 15 2
split_gain=231.984 55.1612 51.467 91.9235 46.5627 31.4651 32.3409 28.9737 30.6684 47.8446 27.5825 28.5468 25.4843 24.7424
threshold=0.046536797657608993 0.020048827864229683 0.01990279741585255 0.011299795936793091 0.087121214717626586 2.5000000000000004 0.012121656909585001 0.015268065501004459 0.053412454202771194 0.012903762981295587 0.0098524559289217013 0.015038444194942715 0.065891064703464522 0.0093898782506585139
decision_type=2 2 2 2 2 2 2 2 2 2 2 2 2 2
left_child=1 2 -1 -4 7 6 -3 8 13 -10 -11 12 -12 -2
right_child=4 5 3 -5 -6 -7 -8 -9 9 10 11 -13 -14 -15
leaf_value=-0.001073772997496329 0.0020592289336803108 0.005074912920867803 0.00040463423843047942 -0.038435540232248079 0.008754570025457431 0.00024506172973779366 -0.0033716574340630179 0.0070173289849212624 -0.0049575583185378046 0.01163484512976613 0.0041842762485191573 0.0080576631921714329 -0.0058688865178834898 0.0061055375369500932
leaf_weight=142842.41336060129 9018.5445625539869 6947.1196443550289 374.34332091920078 246.62922323122621 4361.012004096061 31838.844974253327 1346.5216977521777 4178.6991917621344 3042.5561259798706 781.7392998225987 1094.308063711971 1093.0268835425377 1460.204876979813 6512.0372374597937
leaf_count=135715 12927 8990 575 75 3639 34760 1985 3026 1475 1018 563 345 308 9737
internal_value=2.18255e-06 -0.000678416 -0.00113679 -0.015386 0.00396267 0.00096003 0.00370115 0.00319091 0.00249305 -0.000139187 0.00317435 0.00133425 -0.00156277 0.0037587
internal_weight=215138 183596 143463 620.973 31542.1 40132.5 8293.64 27181.1 23002.4 7471.84 4429.28 3647.54 2554.51 15530.6
internal_count=215138 182100 136365 650 33038 45735 10975 29399 26373 3709 2234 1216 871 22664
is_linear=0
shrinkage=0.05


Tree=19
num_leaves=15
num_cat=0
split_feature=17 17 1 15 4 15 15 3 15 15 15 1 1 1
split_gain=210.771 61.844 32.9181 30.2262 28.6795 44.7783 26.4254 35.15 28.9237 21.8721 31.2288 21.7139 31.0879 27.9704
threshold=0.033908046782016761 0.074175827205181136 0.015268065501004459 0.0083683477714657801 0.0091326101683080214 0.052494525909423835 0.053412454202771194 0.014185110572725536 0.024056473746895794 0.016352030448615554 0.022627523168921474 0.016001024283468727 0.0093025267124176043 0.0063492704648524531
decision_type=2 2 2 2 2 2 2 2 2 2 2 2 2 2
left_child=3 2 4 -1 5 -2 8 -8 -6 -3 -11 12 13 -12
right_child=1 9 -4 -5 6 -7 7 -9 -10 10 11 -13 -14 -15
leaf_value=-0.0016686867737675346 0.0022160488654366628 -0.008720106798070627 0.0089468655484982972 -0.00029386769919461471 -0.0021714599796897487 0.010940546151686001 -0.0051475431066904153 0.003120102862710283 0.0033406563155698957 0.018434108675699713 0.004108554331223385 0.0096839582700468455 0.0021027456086727681 0.015129899495182623
leaf_weight=67500.632427532226 18983.149795832112 230.16989342309535 1598.649530839175 98046.287785124034 3494.2445400953293 1585.4402956999838 4097.4235714618117 1863.3173611033708 7415.2604775000364 521.00665826536715 1269.2443170249462 2785.0424656048417 4688.4664695560932 1059.6648779585958
leaf_count=59517 25169 390 1310 101688 3969 988 1562 460 10589 314 2996 1638 3109 1439
internal_value=2.07299e-06 0.00286114 0.00194212 -0.000854508 0.0016407 0.00289353 0.000112423 -0.00256219 0.00157479 0.00625553 0.00659754 0.00595027 0.00445678 0.00916657
internal_weight=215138 49591.1 39037.5 165547 37438.8 20568.6 16870.2 5960.74 10909.5 10553.6 10323.4 9802.42 7017.38 2328.91
internal_count=215138 53933 44047 161205 42737 26157 16580 2022 14558 9886 9496 9182 7544 4435
is_linear=0
shrinkage=0.05


Tree=20
num_leaves=15
num_cat=0
split_feature=17 17 15 15 4 4 4 15 2 3 0 1 0 17
split_gain=190.975 65.2061 26.0096 35.8951 36.8334 24.1932 45.721 28.2996 25.7439 31.028 33.9451 23.8443 35.4242 72.6825
threshold=0.028991596773266796 0.064583335071802153 0.019433318637311462 0.030226245522499088 0.0063092110212892303 0.0080972984433174151 0.016001024283468727 0.016352030448615554 0.014389234129339458 0.012422839645296337 0.016001024283468727 0.0083683477714657801 0.0096620614640414732 0.020620748400688175
decision_type=2 2 2 2 2 2 2 2 2 2 2 2 2 2
left_child=11 2 -2 4 -4 7 -7 -3 -9 10 -10 -1 -13 -14
right_child=1 5 3 -5 -6 6 -8 8 9 -11 -12 12 13 -15
leaf_value=-0.0011693436669642141 -0.0005984344803487933 -0.0045392611312178475 0.0070625659124137529 0.00090452806236739124 0.0013895637491163489 0.0015017137351412378 0.0093278359133702419 0.011047546259729752 0.0058550086139832376 0.01005067163953581 -0.011746204372428772 -5.9949582875594251e-05 0.020645924116159595 0.00075519069265714419
leaf_weight=134394.79408519156 11876.316400844604 444.06729154102504 6049.0832116622478 20972.084104366601 5432.7991041075438 7128.7234605606645 2520.5481845363975 3642.4364125002176 622.64851871319115 1103.9458027817309 473.4154622592032 18282.753654360771 642.86812264844775 1551.5166509468108
leaf_count=126296 12650 785 8298 21770 7781 6405 1715 4487 1134 1253 78 21525 114 847
internal_value=2.10888e-06 0.00238996 0.00140327 0.00213574 0.00438186 0.00513214 0.00355357 0.00754562 0.00847034 0.00417273 -0.00178483 -0.000927182 0.00066196 0.00664961
internal_weight=215138 60266.1 44330.3 32454 11481.9 15935.8 9649.27 6286.51 5842.45 2200.01 1096.06 154872 20477.1 2194.38
internal_count=215138 66356 50499 37849 16079 15857 8120 7737 6952 2465 1212 148782 22486 961
is_linear=0
shrinkage=0.05


Tree=21
num_leaves=15
num_cat=0
split_feature=17 15 15 0 1 3 17 15 15 15 15 0 15 3
split_gain=173.301 41.7714 47.304 82.9153 35.0771 29.1144 81.3813 35.7854 30.342 24.8884 68.174 38.9155 38.6649 29.3813
threshold=0.046536797657608993 0.020048827864229683 0.01990279741585255 0.011299795936793091 0.016001024283468727 0.0098524559289217013 0.020204081200063232 0.024393817409873012 0.023729575797915462 0.03047825396060944 0.025712587870657447 0.016261236742138866 0.031619664281606681 0.015038444194942715
decision_type=2 2 2 2 2 2 2 2 2 2 2 2 2 2
left_child=1 2 -1 -4 9 -3 -7 8 -8 10 11 -2 -11 -14
right_child=4 5 3 -5 -6 6 7 -9 -10 12 -12 -13 13 -15
leaf_value=-0.00092460475372838416 0.0011909336027522994 -6.8245721433756235e-05 0.00035216508951069171 -0.036536688122735347 0.0086044893998427942 0.020111875671065892 0.0044619857391306741 0.00063270627830798378 0.01871470708041088 -0.0098554929929871825 0.012181438564315507 0.020463814562680462 0.0013196270298457434 0.0058811202144267594
leaf_weight=142842.41336060129 5221.9181663915515 27596.347332473844 374.34332091920078 246.62922323122621 2954.7414623126388 636.71581191010773 1593.7751595526934 9823.7696886938065 481.87832373008132 659.1432209443301 2450.7090317420661 265.86276970990002 15417.574570776895 4572.1790240313858
leaf_count=135715 7602 32553 575 75 1726 240 2097 10551 294 624 3239 204 16151 3492
internal_value=2.12068e-06 -0.000586131 -0.000985012 -0.0146457 0.00342523 0.000839657 0.00283672 0.00189625 0.00784473 0.00288709 0.00526528 0.00216016 0.00197069 0.00236538
internal_weight=215138 183596 143463 620.973 31542.1 40132.5 12536.1 11899.4 2075.65 28587.4 7938.49 5487.78 20648.9 19989.8
internal_count=215138 182100 136365 650 33038 45735 13182 12942 2391 31312 11045 7806 20267 19643
is_linear=0
shrinkage=0.05


Tree=22
num_leaves=15
num_cat=0
split_feature=17 17 15 15 4 1 4 2 16 2 15 17 3 15
split_gain=158.258 53.4071 25.2424 34.2744 35.9313 25.4251 23.8608 21.2794 29.1802 21.5969 20.835 21.9614 77.8254 20.7214
threshold=0.028991596773266796 0.069047622382640853 0.019433318637311462 0.030226245522499088 0.0063092110212892303 0.014185110572725536 0.013986697886139156 1.0000000180025095e-35 3.5000000000000004 0.0079052620567381399 0.00766294775530696 0.010152545757591726 0.0066445916891098031 0.03047825396060944
decision_type=2 2 2 2 2 2 2 2 2 2 2 2 2 2
left_child=10 2 -2 4 5 -4 -6 8 -3 -9 -1 12 -12 -11
right_child=1 7 3 -5 6 -7 -8 9 -10 13 11 -13 -14 -15
leaf_value=-0.0016631328386622546 -0.00059227299334994779 0.0041748527217760935 0.0058492129631415425 0.00092486683304534092 4.262064021290564e-05 0.017427947702897795 0.010000095202096538 0.013939408513185814 -0.0071404110614410668 0.014815158061724546 -0.0027966646962726467 -0.00051543350266872081 0.023003136938987045 0.0047620235117987741
leaf_weight=51687.839398868382 12101.351308643818 2081.3141520544887 5818.3399802837521 22763.437142508104 4826.7410022430122 510.18758093193173 677.30796747654676 779.18546522222459 773.30618732050061 535.2300902120769 849.44685300253332 101900.44892685115 434.19733442552388 9399.6670769769698
leaf_count=45814 13054 2934 8315 23681 6806 365 1245 1024 449 753 955 101919 94 7730
internal_value=2.12264e-06 0.00217583 0.00137292 0.0020603 0.00424201 0.00680868 0.00128386 0.00493606 0.00109536 0.00595739 -0.00084383 -0.000433297 0.00604057 0.00531798
internal_weight=215138 60266.1 46697.4 34596 11832.6 6328.53 5504.05 13568.7 2854.62 10714.1 154872 103184 1283.64 9934.9
internal_count=215138 66356 53466 40412 16731 8680 8051 12890 3383 9507 148782 102968 1049 8483
is_linear=0
shrinkage=0.05


Tree=23
num_leaves=15
num_cat=0
split_feature=17 17 1 4 15 15 2 0 1 1 3 2 0 4
split_gain=142.875 48.6484 27.2032 22.5614 33.527 29.4616 36.1569 28.1699 28.0144 25.7149 48.4987 35.0718 24 22.9172
threshold=0.028991596773266796 0.074175827205181136 0.015268065501004459 0.0099504948593676108 0.051552729681134231 0.049011643975973136 0.012422839645296337 0.013423423748463394 0.01197647722437978 0.012903762981295587 1.0000000180025095e-35 0.013986697886139156 0.0098524559289217013 0.0066445916891098031
decision_type=2 2 2 2 2 2 2 2 2 2 2 2 2 2
left_child=-1 2 3 4 9 6 -5 -7 -9 13 11 -11 -12 -2
right_child=1 -3 -4 5 -6 7 -8 8 -10 10 12 -13 -14 -15
leaf_value=-0.00080158056537000383 0.0017940908419647975 0.0051493036447032613 0.0078091111405822521 0.00047399161080140121 0.0079687053243136224 -0.0050525015914647895 0.0097245421431088677 0.0099782781777769426 -0.0016391583323325275 -0.00079963743417748386 0.015239967823844101 0.024548900533317167 0.00062359489410718206 -0.0019738652810961529
leaf_weight=154871.93251314759 17753.080649092793 10553.594681832939 1598.649530839175 10586.587576203048 2216.3037584759295 4538.3994556423277 1163.5622901208699 694.39999795332551 1962.8606144133955 2242.9731778036803 1244.6928366944194 135.26321361772716 362.97344543971121 5212.7267257440835
leaf_count=148782 22700 9886 1310 14906 1426 1977 1261 591 415 3150 2243 52 371 6068
internal_value=2.20773e-06 0.00206758 0.00141244 0.00119833 0.0020707 -0.000145121 0.00139752 -0.00266262 0.00142276 0.00158292 0.00528505 0.000738826 0.0119642 0.000938362
internal_weight=215138 60266.1 49712.5 48113.8 29168 18945.8 11750.1 7195.66 2657.26 26951.7 3985.9 2378.24 1607.67 22965.8
internal_count=215138 66356 56470 55160 36010 19150 16167 2983 1006 34584 5816 3202 2614 28768
is_linear=0
shrinkage=0.05


Tree=24
num_leaves=15
num_cat=0
split_feature=17 17 1 4 15 15 15 3 1 3 2 1 0 17
split_gain=129.003 43.8941 24.5649 20.3705 30.425 26.5919 33.4536 25.4499 21.3684 23.7986 33.9718 20.6036 20.3074 22.5963
threshold=0.028991596773266796 0.074175827205181136 0.015268065501004459 0.0099504948593676108 0.052494525909423835 0.049011643975973136 0.022943495772778991 0.014185110572725536 0.014185110572725536 1.0000000180025095e-35 0.013986697886139156 0.009756329935044052 0.013986697886139156 0.051315790042281158
decision_type=2 2 2 2 2 2 2 2 2 2 2 2 2 2
left_child=-1 2 3 4 8 6 -5 12 -2 10 -10 -6 -7 -14
right_child=1 -3 -4 5 11 7 -8 -9 9 -11 -12 -13 13 -15
leaf_value=-0.00076150425553271855 0.0011874470455189171 0.0048920820949003288 0.0074210827561338073 -0.0021251754515583987 0.015022852969885312 -0.0057269133041613187 0.0033857115904486431 0.0024287793648363303 -0.0034190551258943391 0.013231810164440666 0.024506942789751799 0.0041720306709175188 0.017552960282164944 -0.0015682021988015428
leaf_weight=154871.93251314759 25657.44787825644 10553.594681832939 1598.649530839175 4387.1028965003788 673.45904057845473 4374.5744620151818 7363.0469698235393 1898.3368202783167 677.68371298722923 791.42435033805668 119.41317293420434 1248.5856517739594 184.99776632525027 737.75101939029992
leaf_count=148782 32672 9886 1310 5175 347 1851 10992 565 823 1270 33 865 79 488
internal_value=2.26699e-06 0.00196481 0.00134251 0.00113904 0.00196798 -0.000137509 0.00132808 -0.00252926 0.0015374 0.00714697 0.00101635 0.00803209 -0.00430724 0.0024124
internal_weight=215138 60266.1 49712.5 48113.8 29168 18945.8 11750.1 7195.66 27246 1588.52 797.097 1922.04 5297.32 922.749
internal_count=215138 66356 56470 55160 36010 19150 16167 2983 34798 2126 856 1212 2418 567
is_linear=0
shrinkage=0.05


Tree=25
num_leaves=15
num_cat=0
split_feature=17 17 15 2 15 15 2 15 0 0 2 3 17 4
split_gain=116.672 33.6199 25.1406 21.0553 40.4923 35.4486 50.2282 33.8891 37.5824 32.0203 27.6199 36.8707 20.633 20.4528
threshold=0.037749288603663451 0.087121214717626586 0.0083683477714657801 0.0063898416701704272 0.03047825396060944 0.031619664281606681 0.010362972505390646 0.024920755065977577 0.013606071937829258 0.014815627597272398 0.015268065501004459 0.010582306887954475 0.048809524625539787 0.0098524559289217013
decision_type=2 2 2 2 2 2 2 2 2 2 2 2 2 2
left_child=2 3 -1 -2 7 -6 13 8 -5 -8 11 -11 -9 -7
right_child=1 -3 -4 4 5 6 9 12 -10 10 -12 -13 -14 -15
leaf_value=-0.0013327371617710977 0.00027817783646244819 0.0064854785104853973 -9.4851459244143829e-05 0.00027991073627601343 -0.0088543896118338274 0.010810735998338858 -0.00026850518210776853 0.0053220062015672141 0.017496874927916222 0.013747020800754593 0.0099615148279397978 -0.0032498223521861339 0.015930039815053205 0.0038333315003891652
leaf_weight=67500.632427532226 13658.396166382357 4361.012004096061 104517.92523493804 1981.0630427077413 742.85054749064147 1928.552854610607 12451.93822475709 752.95174749195576 367.41578318364918 410.32904315553606 1598.7590240798891 1314.8784956950694 1220.6634330395609 2330.6324378605932
leaf_count=59517 16290 3639 109379 2755 596 3395 10931 1043 366 674 709 983 1605 3256
internal_value=2.3401e-06 0.00232769 -0.000580651 0.00185831 0.00271771 0.00179988 0.00219913 0.0071157 0.00303624 0.000896511 0.0052485 0.000848689 0.0119302 0.00701061
internal_weight=215138 43119.4 172019 38758.4 25100 20777.9 20035.1 4322.09 2348.48 15775.9 3323.97 1725.21 1973.62 4259.19
internal_count=215138 46242 168896 42603 26313 20544 19948 5769 3121 13297 2366 1657 2648 6651
is_linear=0
shrinkage=0.05


Tree=26
num_leaves=15
num_cat=0
split_feature=17 17 15 4 1 0 15 15 4 1 0 3 2 17
split_gain=106.541 36.0909 30.7925 33.5911 26.84 35.2014 27.7296 35.5357 23.1247 26.0147 27.8704 28.7189 22.5066 22.3976
threshold=0.028991596773266796 0.087121214717626586 0.019433318637311462 0.0091326101683080214 0.013986697886139156 0.016001024283468727 0.052494525909423835 0.030226245522499088 0.016001024283468727 0.0075472774915397176 0.0072203108575195083 0.015038444194942715 0.0063898416701704272 0.060661764815449722
decision_type=2 2 2 2 2 2 2 2 2 2 2 2 2 2
left_child=-1 2 -2 4 6 -6 7 12 9 -5 -11 -12 13 -4
right_child=1 -3 3 8 5 -7 -8 -9 -10 10 11 -13 -14 -15
leaf_value=-0.00069171428294340651 -0.00074397047666205536 0.0061619462942473537 0.0030394934563958403 0.0032510351212952531 0.0087881387191593632 -0.014666771010986727 0.0088244790321826434 -0.00017433431252196073 0.0079517155712492647 0.0026677082718450638 -0.0031887735905916956 0.0038152500084943156 0.0068146902485322989 -0.0085492740812272063
leaf_weight=154871.93251314759 12488.742520416155 4361.012004096061 3168.9488971885294 5557.1931118089706 3144.4066822603345 159.67992391996086 1678.8754617981613 8455.3350021056831 1033.9605084098876 4295.0873903166503 9224.8772497046739 1730.4412638917565 4497.4095856305212 470.0983523260802
leaf_count=148782 13756 3639 3926 9381 3930 40 1006 11776 718 6156 4170 450 6904 504
internal_value=2.38663e-06 0.00178591 0.0014435 0.00207276 0.00347166 0.00761377 0.00271884 0.00209608 0.000689993 0.000325501 -0.000741985 -0.00207999 0.00445279 0.00152311
internal_weight=215138 60266.1 55905.1 43416.3 21574.8 3304.09 18270.7 16591.8 21841.6 20807.6 15250.4 10955.3 8136.46 3639.05
internal_count=215138 66356 62717 48961 28086 3970 24116 23110 20875 20157 10776 4620 11334 4430
is_linear=0
shrinkage=0.05


Tree=27
num_leaves=15
num_cat=0
split_feature=17 1 0 15 17 1 2 1 15 1 3 4 3 1
split_gain=96.1701 32.6296 22.033 26.1835 21.7987 21.1283 53.2978 30.7436 24.084 28.2772 25.711 21.6405 21.6441 19.3904
threshold=0.028991596773266796 0.015268065501004459 0.013606071937829258 0.058286182582378394 0.074175827205181136 0.0098524559289217013 0.0063898416701704272 0.010256679728627207 0.065891064703464522 0.013423423748463394 0.015038444194942715 0.013793759513646366 0.013245614245533945 0.0083683477714657801
decision_type=2 2 2 2 2 2 2 2 2 2 2 2 2 2
left_child=13 2 3 4 -2 6 -4 -7 11 -10 -11 12 -9 -1
right_child=1 -3 5 -5 -6 7 -8 8 9 10 -12 -13 -14 -15
leaf_value=-0.00087551284016665191 0.00089017028269514271 0.005099983397279571 -9.6078601861731904e-05 -0.0037622562873753924 0.0065871015269749842 -0.010168650713695802 0.0096068809503082955 -0.0010387399751791901 -0.0098590785407212684 -0.0032673723868609354 0.0097899175482893831 0.018164334191698332 0.011025845406296149 0.0007758743898111821
leaf_weight=134394.79408519156 39015.996666014194 6297.6562191639096 2502.8191460426897 2914.6988832056522 1745.0735446233302 548.12817524373531 3246.4484821222723 888.42192201130092 649.94972271844745 841.25883654132485 667.93032675050199 320.35443227924407 627.33159715682268 20477.13842795603
leaf_count=126296 47560 4287 2683 1280 3433 124 5420 746 126 261 138 98 200 22486
internal_value=2.32152e-06 0.00169681 0.00129882 0.000807979 0.00113562 0.00337885 0.00539008 0.000827553 0.0023578 -0.00122214 0.00253787 0.00655138 0.00399402 -0.000657131
internal_weight=215138 60266.1 53968.4 43675.8 40761.1 10292.6 5749.27 4543.38 3995.25 2159.14 1509.19 1836.11 1515.75 154872
internal_count=215138 66356 62069 52273 50993 9796 8103 1693 1569 525 399 1044 946 148782
is_linear=0
shrinkage=0.05


Tree=28
num_leaves=15
num_cat=0
split_feature=17 17 15 4 1 0 15 15 4 1 0 3 15 0
split_gain=86.8148 30.7532 26.9909 29.1362 23.5605 32.1135 24.5683 32.3465 20.1212 22.849 25.2244 29.1823 20.8337 19.8945
threshold=0.028991596773266796 0.087121214717626586 0.019433318637311462 0.0091326101683080214 0.013986697886139156 0.016001024283468727 0.052494525909423835 0.030226245522499088 0.016001024283468727 0.0075472774915397176 0.0093025267124176043 0.015038444194942715 0.024056473746895794 0.01183473411947489
decision_type=2 2 2 2 2 2 2 2 2 2 2 2 2 2
left_child=-1 2 -2 4 6 -6 7 -4 9 12 -11 13 -5 -12
right_child=1 -3 3 8 5 -7 -8 -9 -10 10 11 -13 -14 -15
leaf_value=-0.00062427480117057093 -0.00075177998285940644 0.0056517158995337729 0.0041452336759061851 -0.0025275375463494876 0.0081909395233832703 -0.014207561325995779 0.0082298107454514685 -0.00026927256241619638 0.0073712462607476749 0.0018768020077227464 -0.00693323912583682 0.003594076206380865 0.0046882166030070586 -0.0016940346551375504
leaf_weight=154871.93251314759 12488.742520416155 4361.012004096061 8136.4568351451308 1299.5326519757509 3144.4066822603345 159.67992391996086 1678.8754617981613 8455.3350021056831 1033.9605084098876 5728.5390402842313 2851.1743490062654 1704.2578133679926 4257.6604598332196 4966.4347012545913
leaf_count=148782 13756 3639 11334 1809 3930 40 1006 11776 718 7330 923 393 7572 2130
internal_value=2.2816e-06 0.00161224 0.00129618 0.00188532 0.00318815 0.00706886 0.00248287 0.00189675 0.000597529 0.000257553 -0.000742849 -0.0023192 0.00299933 -0.00361125
internal_weight=215138 60266.1 55905.1 43416.3 21574.8 3304.09 18270.7 16591.8 21841.6 20807.6 15250.4 9521.87 5557.19 7817.61
internal_count=215138 66356 62717 48961 28086 3970 24116 23110 20875 20157 10776 3446 9381 3053
is_linear=0
shrinkage=0.05


Tree=29
num_leaves=15
num_cat=0
split_feature=17 15 1 15 15 0 15 2 2 3 4 0 4 15
split_gain=78.6232 24.9841 20.7152 19.9962 44.5693 31.1677 30.8763 23.9814 31.5165 28.5163 54.1142 33.6759 28.176 26.2578
threshold=0.046536797657608993 0.00766294775530696 0.016001024283468727 0.03047825396060944 0.025712587870657447 0.016261236742138866 0.031619664281606681 0.012903762981295587 0.0063492704648524531 0.0075472774915397176 1.0000000180025095e-35 0.012739370577037336 0.0065147271379828462 0.048279957845807082
decision_type=2 2 2 2 2 2 2 2 2 2 2 2 2 2
left_child=1 -1 3 4 5 -2 -5 8 -8 10 -9 -12 -11 -10
right_child=2 -3 -4 6 -6 -7 7 9 13 12 11 -13 -14 -15
leaf_value=-0.0013256749076753819 0.00064903773435578125 -2.8872849241046142e-05 0.0062875191100972005 -0.0094929233199623885 0.0096176391366054118 0.01789539992240655 -0.00071962726792488673 -0.013799534478484324 0.0096428651751511493 0.0063823176937421776 -0.004517668263783331 0.0138363629054397 -0.00042467813500268731 0.002813958700235342
leaf_weight=51687.839398868382 5221.9181663915515 131908.03282224387 2954.7414623126388 659.1432209443301 2450.7090317420661 265.86276970990002 3153.8788445089012 989.35376491956413 2293.4416254796088 1937.7931938674301 649.68604962341487 392.80365942977369 6920.6217981278896 3652.174658851698
leaf_count=45814 7602 136286 1726 624 3239 204 2885 217 5463 2345 492 371 4886 2984
internal_value=2.20669e-06 -0.000394015 0.00230787 0.00189448 0.00402575 0.00151559 0.00107357 0.00142656 0.00331963 -0.000156819 -0.00548403 0.00246377 0.00106988 0.00545989
internal_weight=215138 183596 31542.1 28587.4 7938.49 5487.78 20648.9 19989.8 9099.5 10890.3 2031.84 1042.49 8858.41 5945.62
internal_count=215138 182100 33038 31312 11045 7806 20267 19643 11332 8311 1080 863 7231 8447
is_linear=0
shrinkage=0.05


Tree=30
num_leaves=15
num_cat=0
split_feature=17 4 4 1 15 0 3 15 0 0 3 1 2 3
split_gain=72.3956 26.0815 23.1382 34.7822 29.3934 17.3777 66.3953 41.0026 33.6141 61.5815 59.4495 22.4178 17.3705 15.9657
threshold=0.028991596773266796 0.016001024283468727 0.0090499590151011961 0.013986697886139156 0.052494525909423835 0.011173533275723459 0.0084389690309762972 0.020048827864229683 0.009569597430527212 0.0099504948593676108 0.0098524559289217013 0.010929288342595102 0.01197647722437978 0.0065147271379828462
decision_type=2 2 2 2 2 2 2 2 2 2 2 2 2 2
left_child=5 2 3 4 -2 8 -7 -8 -1 10 -10 -11 -6 -5
right_child=1 -3 -4 13 12 6 7 -9 9 11 -12 -13 -14 -15
leaf_value=-0.00068615945557949426 0.0010688399390598928 0.0064413669873188244 0.00012360355052951368 0.0026709675439705025 0.015624874591981136 0.0015867258404298435 -0.026172008257348695 -0.005365639567638511 0.0046954774451878241 -0.00093015266939735412 0.022415745432834699 0.012373516920713978 0.004607359602230951 0.0088624874558278274
leaf_weight=143429.07716744393 26243.824618803337 2520.5481845363975 25369.052408639342 1784.1221264339983 486.84836375899613 1600.2786101009697 434.78070171922445 520.50356793962419 2019.7697588186711 5931.5260946508497 611.50878696888685 324.48782550543547 1330.8911823313683 2530.7810693699867
leaf_count=138359 33467 1715 24697 1848 225 1911 7 493 2102 5653 176 81 952 3452
internal_value=2.18172e-06 0.00147238 0.00125441 0.00214015 0.00149626 -0.000569981 -0.00465092 -0.0150083 -0.00050121 0.00248105 0.00888294 -0.00022147 0.00762754 0.00631452
internal_weight=215138 60266.1 57745.5 32376.5 28061.6 154872 2555.56 955.284 152316 8887.29 2631.28 6256.01 1817.74 4314.9
internal_count=215138 66356 64641 39944 34644 148782 2411 500 146371 8012 2278 5734 1177 5300
is_linear=0
shrinkage=0.05


Tree=31
num_leaves=15
num_cat=0
split_feature=17 17 15 4 1 3 0 15 4 2 2 1 0 15
split_gain=65.3573 24.1666 22.884 24.0419 17.6696 29.9771 35.6251 20.5703 19.9527 18.0109 29.9725 17.4979 29.6277 19.5245
threshold=0.028991596773266796 0.087121214717626586 0.019433318637311462 0.0091326101683080214 0.00766294775530696 0.015038444194942715 0.0093898782506585139 0.024056473746895794 0.010582306887954475 0.012579114176332952 0.015038444194942715 0.013986697886139156 0.016001024283468727 0.052494525909423835
decision_type=2 2 2 2 2 2 2 2 2 2 2 2 2 2
left_child=-1 2 -2 11 7 6 -6 -5 -9 -7 -11 13 -13 -4
right_child=1 -3 3 4 5 9 -8 8 -10 10 -12 12 -14 -15
leaf_value=-0.00054145585066640086 -0.00076677486508381482 0.0049799220517168785 0.0017144422992486576 -0.0025277316156568901 0.0017311747628972586 0.013398694282455255 -0.0034202640004062598 -0.0032243699505731509 0.0059456515776950174 -0.0068062548136385561 0.0069127281520757096 0.0072683752427745163 -0.014234584160714079 0.0073601802988949808
leaf_weight=154871.93251314759 12488.742520416155 4361.012004096061 16591.791837250814 1352.5246436875314 5794.3525263797492 481.76348136924207 7950.1633545681834 698.04727558605373 3740.4109262917191 572.38212966732681 1251.9151865821332 3144.4066822603345 159.67992391996086 1678.8754617981613
leaf_count=148782 13756 3639 23110 1850 7373 262 3062 1372 6572 131 253 3930 40 1006
internal_value=2.1828e-06 0.00139909 0.00111891 0.00166138 0.00049161 -0.000362944 -0.00124886 0.00285668 0.00449945 0.00489988 0.00259469 0.00284485 0.00618936 0.00223697
internal_weight=215138 60266.1 55905.1 43416.3 21841.6 16050.6 13744.5 5790.98 4438.46 2306.06 1824.3 21574.8 3304.09 18270.7
internal_count=215138 66356 62717 48961 20875 11081 10435 9794 7944 646 384 28086 3970 24116
is_linear=0
shrinkage=0.05


Tree=32
num_leaves=15
num_cat=0
split_feature=17 4 4 1 15 1 2 15 15 15 1 1 1 4
split_gain=58.9948 22.1059 19.2972 28.7771 24.0941 16.1065 32.1999 67.0434 29.7504 15.801 26.0839 19.9252 24.3297 20.039
threshold=0.028991596773266796 0.016001024283468727 0.0090499590151011961 0.013986697886139156 0.052494525909423835 0.0083683477714657801 0.0066007319837808618 0.036218382418155677 0.036883806809782989 0.040608879178762443 0.013606071937829258 0.0088890646584332007 0.0080322581343352812 0.0063092110212892303
decision_type=2 2 2 2 2 2 2 2 2 2 2 2 2 2
left_child=5 2 3 4 9 -1 7 -7 -9 -2 11 12 13 -11
right_child=1 -3 -4 -5 -6 6 -8 8 -10 10 -12 -13 -14 -15
leaf_value=-0.00071342116779121029 0.0014863223995832744 0.0059038892331272092 9.5934495327439824e-05 0.0057344596942988926 0.0069029730991878565 0.0011055905090347721 -0.0026932579439940909 0.023927286224834528 0.0054452194403863535 0.0065281455422794886 0.02237293645109821 -0.0055585674004358168 0.012414054486375784 -0.0066155157492176243
leaf_weight=134394.79408519156 22228.594738224521 2520.5481845363975 25369.052408639342 4314.903195803985 1817.7395460903645 14597.790789891034 4999.87963690795 458.73179404623806 420.7362071108073 448.85367772355676 97.665459340438247 2301.2148223202676 388.13273837976158 779.3631828147918
leaf_count=126296 29345 1715 24697 5300 1177 18537 3730 39 180 781 193 1462 406 1280
internal_value=2.11482e-06 0.00132928 0.00112862 0.00193751 0.00135184 -0.000514385 0.000791632 0.00191843 0.0152461 0.000964863 -0.0019185 -0.00257951 0.00166991 -0.00179822
internal_weight=215138 60266.1 57745.5 32376.5 28061.6 154872 20477.1 15477.3 879.468 26243.8 4015.23 3917.56 1616.35 1228.22
internal_count=215138 66356 64641 39944 34644 148782 22486 18756 219 33467 4122 3929 2467 2061
is_linear=0
shrinkage=0.05


Tree=33
num_leaves=15
num_cat=0
split_feature=15 15 0 0 16 3 2 1 15 3 2 1 2 0
split_gain=53.7185 42.1033 69.4523 33.6621 28.7661 31.9363 26.688 23.485 42.8911 19.3656 19.5659 22.7145 21.8347 21.6667
threshold=0.020048827864229683 0.01990279741585255 0.011299795936793091 0.016261236742138866 2.5000000000000004 0.015268065501004459 0.01183473411947489 0.015504807699471714 0.068787995725870146 0.013793759513646366 0.014389234129339458 0.016001024283468727 1.0000000180025095e-35 0.0093025267124176043
decision_type=2 2 2 2 2 2 2 2 2 2 2 2 2 2
left_child=1 3 -3 -1 6 7 -2 -6 9 10 12 -12 -9 -14
right_child=4 2 -4 -5 5 -7 -8 8 -10 -11 11 -13 13 -15
leaf_value=-0.00051225748133986273 0.0020366676724940798 0.00030322192946252507 -0.033458730507464812 0.01721964349494021 2.4458020793522562e-05 0.0043960836193095562 0.0074352803718065914 -0.0051939015679553216 -0.010322615360076424 0.0164115467253752 -0.014079232167732101 0.0084170573253889696 7.27215403467945e-05 0.015464185597795752
leaf_weight=146177.77496668324 9829.7327176295221 374.34332091920078 246.62922323122621 258.15054210089147 47430.204473407939 5194.3420326504856 2979.6556759104133 249.06359362788498 387.86579472012818 472.08791969902813 241.22294975817204 193.83607228286564 321.686374604702 781.40480979532003
leaf_count=139705 14092 575 75 129 51400 3432 3504 436 322 242 153 169 527 377
internal_value=2.18643e-06 -0.000535391 -0.0134236 -0.000479824 0.00116328 0.000668204 0.00329729 0.000280725 0.00485497 0.00749459 0.00506099 -0.00409233 0.00801451 0.0110167
internal_weight=215138 147057 620.973 146436 68081.1 55271.7 12809.4 50077.4 2647.17 2259.3 1787.21 435.059 1352.15 1103.09
internal_count=215138 140484 650 139834 74654 57058 17596 53626 2226 1904 1662 322 1340 904
is_linear=0
shrinkage=0.05


Tree=34
num_leaves=15
num_cat=0
split_feature=15 15 0 0 16 3 2 1 15 3 15 3 2 1
split_gain=48.4952 38.1611 62.9373 30.496 25.9662 28.8272 24.0967 21.214 38.79 18.7068 25.0414 17.5288 17.6895 20.5934
threshold=0.020048827864229683 0.01990279741585255 0.011299795936793091 0.016261236742138866 2.5000000000000004 0.015268065501004459 0.01183473411947489 0.015504807699471714 0.068787995725870146 0.01197647722437978 0.023900603875517849 0.013793759513646366 0.014389234129339458 0.016001024283468727
decision_type=2 2 2 2 2 2 2 2 2 2 2 2 2 2
left_child=1 3 -3 -1 6 7 -2 -6 11 10 -8 12 -9 -14
right_child=4 2 -4 -5 5 -7 9 8 -10 -11 -12 -13 13 -15
leaf_value=-0.00048664625270684414 0.001934937821710868 0.00028845545148365956 -0.031850982018993682 0.016390769900178122 2.3235457668057576e-05 0.0041767017759468681 0.0024899849965403739 0.0076175793241491027 -0.0098194571723683906 -0.0029725667085960532 0.012577406539775945 0.015607991107349645 -0.013403291762459198 0.0080168507698279746
leaf_weight=146177.77496668324 9829.7327176295221 374.34332091920078 246.62922323122621 258.15054210089147 47430.204473407939 5194.3420326504856 1020.824047267437 1352.154778027907 387.86579472012818 397.33875574171543 1561.4928729012609 472.08791969902813 241.22294975817204 193.83607228286564
leaf_count=139705 14092 575 75 129 51400 3432 1369 1340 322 602 1533 242 153 169
internal_value=2.09629e-06 -0.000508677 -0.0127787 -0.000455776 0.00110529 0.000634932 0.00313279 0.000266796 0.00461425 0.00706476 0.0086147 0.00712451 0.00480924 -0.00389407
internal_weight=215138 147057 620.973 146436 68081.1 55271.7 12809.4 50077.4 2647.17 2979.66 2582.32 2259.3 1787.21 435.059
internal_count=215138 140484 650 139834 74654 57058 17596 53626 2226 3504 2902 1904 1662 322
is_linear=0
shrinkage=0.05


Tree=35
num_leaves=15
num_cat=0
split_feature=17 4 4 1 15 2 1 2 15 15 3 0 2 17
split_gain=43.9927 18.0307 16.1982 23.444 21.2936 15.4521 13.9903 29.4884 60.3647 26.9086 13.927 22.563 25.933 20.7142
threshold=0.028991596773266796 0.016001024283468727 0.0090499590151011961 0.013986697886139156 0.052494525909423835 0.01197647722437978 0.0083683477714657801 0.0066007319837808618 0.036218382418155677 0.036883806809782989 0.0065147271379828462 0.0063092110212892303 0.010582306887954475 0.069047622382640853
decision_type=2 2 2 2 2 2 2 2 2 2 2 2 2 2
left_child=6 2 3 4 -2 -6 -1 8 -8 -10 11 12 -5 -13
right_child=1 -3 -4 10 5 -7 7 -9 9 -11 -12 13 -14 -15
leaf_value=-0.00062950506180823858 0.00081560739136114194 0.0052795163630294352 2.0758137925346881e-05 0.00099628076314178587 0.013934560350166231 0.0035575170911690776 0.0010801786797922767 -0.0025617607727991612 0.022754110254472069 0.0051769501947301916 0.0075136784724129926 -0.012220765697397997 0.017470097845224249 0.0055850708276633278
leaf_weight=134394.79408519156 26243.824618803337 2520.5481845363975 25369.052408639342 774.44336759857833 486.84836375899613 1330.8911823313683 14597.790789891034 4999.87963690795 458.73179404623806 420.7362071108073 2530.7810693699867 416.05401367880404 336.31578540056944 257.30895975604653
leaf_count=126296 33467 1715 24697 1098 225 952 18537 3730 39 180 3452 411 85 254
internal_value=2.01602e-06 0.00114808 0.000966865 0.00170797 0.00117936 0.00639785 -0.000444003 0.000773187 0.00185149 0.014498 0.00513504 0.00173786 0.0060956 -0.00543454
internal_weight=215138 60266.1 57745.5 32376.5 28061.6 1817.74 154872 20477.1 15477.3 879.468 4314.9 1784.12 1110.76 673.363
internal_count=215138 66356 64641 39944 34644 1177 148782 22486 18756 219 5300 1848 1183 665
is_linear=0
shrinkage=0.05


Tree=36
num_leaves=15
num_cat=0
split_feature=15 15 0 0 16 3 2 1 15 3 15 0 3 0
split_gain=40.3711 34.632 56.9444 27.4261 23.3767 24.099 20.8925 17.6791 34.3962 16.6245 21.8834 15.895 15.8677 16.4476
threshold=0.020048827864229683 0.01990279741585255 0.011299795936793091 0.016261236742138866 2.5000000000000004 0.015268065501004459 0.01183473411947489 0.015504807699471714 0.068787995725870146 0.01197647722437978 0.023900603875517849 0.015038444194942715 0.013793759513646366 0.0094788861460983771
decision_type=2 2 2 2 2 2 2 2 2 2 2 2 2 2
left_child=1 3 -3 -1 6 7 11 -6 12 10 -8 -2 13 -9
right_child=4 2 -4 -5 5 -7 9 8 -10 -11 -12 -13 -14 -15
leaf_value=-0.00044283788454922181 0.0023253731814931078 0.00027655422562645229 -0.030294382689716345 0.015562535290047608 3.4212937121402109e-06 0.0038006603085681727 0.0023292895343621908 -0.0028489495601061892 -0.0093955966414547027 -0.0028673664328204662 0.011759241521663258 -0.0060981905222926569 0.01462826343848022 0.0075158777310278639
leaf_weight=146177.77496668324 9243.1014995090663 374.34332091920078 246.62922323122621 258.15054210089147 47430.204473407939 5194.3420326504856 1020.824047267437 544.87663651071489 387.86579472012818 397.33875574171543 1561.4928729012609 586.63121812045574 472.08791969902813 1242.3371635582298
leaf_count=139705 13440 575 75 129 51400 3432 1369 960 322 602 1533 652 242 702
internal_value=2.0751e-06 -0.000463956 -0.0121529 -0.000413561 0.00100863 0.000562352 0.00293237 0.000225762 0.00419451 0.00659362 0.00805482 0.00181697 0.00655872 0.00435763
internal_weight=215138 147057 620.973 146436 68081.1 55271.7 12809.4 50077.4 2647.17 2979.66 2582.32 9829.73 2259.3 1787.21
internal_count=215138 140484 650 139834 74654 57058 17596 53626 2226 3504 2902 14092 1904 1662
is_linear=0
shrinkage=0.05


Tree=37
num_leaves=15
num_cat=0
split_feature=15 15 0 17 17 17 3 16 3 2 1 2 15 15
split_gain=36.4457 31.3892 51.6026 25.1483 21.3162 15.9743 52.2775 17.5837 19.9815 18.8727 15.2647 32.6433 18.7054 16.1715
threshold=0.020048827864229683 0.01990279741585255 0.011299795936793091 0.087121214717626586 0.019419306889176372 0.020204081200063232 0.0098524559289217013 2.5000000000000004 0.015268065501004459 0.01183473411947489 0.015504807699471714 0.016001024283468727 0.068787995725870146 0.061578528955578811
decision_type=2 2 2 2 2 2 2 2 2 2 2 2 2 2
left_child=1 3 -3 -1 -2 6 -6 9 10 -7 -9 12 13 -12
right_child=4 2 -4 -5 5 7 -8 8 -10 -11 11 -13 -14 -15
leaf_value=-0.00042876011581632694 -0.0015190812426176098 0.00026308617684371252 -0.028838685670805456 0.011546823848412456 -0.002221249803195532 0.0017259340492725536 0.017009686286851233 6.7762011720659226e-05 0.0036109923622171776 0.0062658181795168331 0.0045210712148628781 -0.017790137882562031 -0.0062202811485293271 0.014561870861823287
leaf_weight=146006.20935514942 7692.6544624678791 374.34332091920078 246.62922323122621 429.7161536347121 774.70062500983477 9829.7327176295221 636.71581191010773 38326.133574020118 5194.3420326504856 2979.6556759104133 1672.2237378656864 152.15968119166791 297.95316018909216 524.83093524165452
leaf_count=139583 9183 575 75 251 787 14092 240 41190 3432 3504 1501 245 214 266
internal_value=1.98588e-06 -0.000440808 -0.011569 -0.000392832 0.000958357 0.00127415 0.00651281 0.0011477 0.000692624 0.00278604 0.000321861 0.00398665 0.00538044 0.00697472
internal_weight=215138 147057 620.973 146436 68081.1 60388.4 1411.42 58977 46167.6 12809.4 40973.3 2647.17 2495.01 2197.05
internal_count=215138 140484 650 139834 74654 65471 1027 64444 46848 17596 43416 2226 1981 1767
is_linear=0
shrinkage=0.05


Tree=38
num_leaves=15
num_cat=0
split_feature=15 0 4 4 3 3 1 3 4 2 17 15 15 0
split_gain=33.1462 23.2631 16.5009 14.1339 19.2461 33.3977 126.664 17.4451 18.2865 17.1261 13.9162 15.07 28.2593 21.4369
threshold=0.018076570704579357 0.016261236742138866 0.016001024283468727 0.0066007319837808618 0.0068260179832577714 0.0066445916891098031 1.0000000180025095e-35 0.0080972984433174151 0.0071175277698785075 0.0072203108575195083 0.019419306889176372 0.019112596288323406 0.020048827864229683 0.011050061322748663
decision_type=2 2 2 2 2 2 2 2 2 2 2 2 2 2
left_child=1 3 10 4 5 -1 9 -5 -9 -7 -2 -12 13 -13
right_child=2 -3 -4 7 -6 6 -8 8 -10 -11 11 12 -14 -15
leaf_value=-8.7075813821157642e-05 -0.0011751188010723191 0.014257615068692095 0.0048539308705432957 -0.0017076496278238343 -0.0015741783649795473 -0.0016022497111576998 0.026480291496862308 -0.0030008864340069922 0.01631636087869676 0.013671122110093276 0.0043463521623967796 -0.0017057929637944219 0.0010543280611023196 -0.011788923214018539
leaf_weight=88485.557834049687 8644.6475341543555 258.15054210089147 2471.6194255519658 25718.549147926271 21829.725085681304 1882.0830457285047 560.46353412047029 215.16452994197607 266.54247880913317 193.25650317594409 3117.0144576560706 2945.0336608141661 57916.828526066616 633.36416124366224
leaf_count=85471 10373 129 1642 25813 17989 1465 162 214 670 143 3626 3221 63829 391
internal_value=1.89253e-06 -0.000455517 0.000843892 -0.000483835 -0.000241076 7.84293e-05 0.00561387 -0.00152989 0.00780236 -0.000121249 0.000707953 0.000960037 0.000787716 -0.00351835
internal_weight=215138 139409 75728.5 139151 112951 91121.4 2635.8 26200.3 481.707 2075.34 73256.9 64612.2 61495.2 3578.4
internal_count=215138 132056 83082 131927 105230 87241 1770 26697 884 1608 81440 71067 67441 3612
is_linear=0
shrinkage=0.05


Tree=39
num_leaves=15
num_cat=0
split_feature=17 0 3 0 0 3 1 3 4 4 1 15 15 0
split_gain=30.1081 30.4574 49.5254 20.4591 54.34 45.7893 29.7846 16.179 13.7438 13.8745 19.6914 18.873 15.6359 14.2561
threshold=0.026671408675611023 0.011299795936793091 0.0085838492959737795 0.009569597430527212 0.0099504948593676108 0.0098524559289217013 0.010929288342595102 0.0066445916891098031 0.016001024283468727 0.0090499590151011961 0.013986697886139156 0.052494525909423835 0.030767546966671947 0.016001024283468727
decision_type=2 2 2 2 2 2 2 2 2 2 2 2 2 2
left_child=1 3 -3 -1 5 -5 7 -6 9 10 11 12 -2 -14
right_child=8 2 -4 4 6 -7 -8 -9 -10 -11 -12 -13 13 -15
leaf_value=-0.00049987367100108896 0.001407472791169301 0.0022381171309026624 -0.026195813294860284 0.004499489281038712 0.00063602221278067262 0.020564070998131071 0.016370361255586368 -0.0047014878044042089 0.0045000179297332724 -0.00011317189268509834 0.0045452333692406694 0.005889449917204667 -0.00054860283060890927 -0.0087492113009253955
leaf_weight=138723.61338519491 21307.274070441723 313.72457882016897 286.52025022171438 1980.8505137637258 4378.6306024398655 564.96882946230471 243.73358912393451 2089.6130636371672 2520.5481845363975 27223.26966840215 4314.903195803985 1817.7395460903645 8818.6165350880474 553.99445399455726
leaf_count=132940 26021 378 82 2039 4276 145 48 1570 1715 26981 5300 1177 12067 399
internal_value=1.93339e-06 -0.000393946 -0.0115414 -0.000347953 0.00192658 0.00813106 -0.000435337 -0.00109289 0.000885629 0.000742681 0.00137545 0.000953313 0.000659031 -0.00104213
internal_weight=215138 148582 600.245 147981 9257.8 2545.82 6711.98 6468.24 66556.3 64035.8 36812.5 32497.6 30679.9 9372.61
internal_count=215138 141478 460 141018 8078 2184 5894 5846 73660 71945 44964 39664 38487 12466
is_linear=0
shrinkage=0.05


Tree=40
num_leaves=15
num_cat=0
split_feature=0 15 1 17 3 17 15 17 2 15 3 1 15 0
split_gain=28.3998 19.6826 16.7237 17.1025 63.7464 16.1709 14.9998 15.8614 14.1618 16.6904 13.9207 13.1006 24.9079 19.5164
threshold=0.013606071937829258 0.00766294775530696 0.015504807699471714 0.010152545757591726 0.0066445916891098031 0.054093567654490478 0.058286182582378394 0.074175827205181136 0.0063492704648524531 0.023088296875357631 0.014185110572725536 0.010929288342595102 0.053412454202771194 0.013245614245533945
decision_type=2 2 2 2 2 2 2 2 2 2 2 2 2 2
left_child=1 -1 3 4 -3 8 7 11 -2 -10 -11 -5 13 -13
right_child=5 2 -4 6 -6 -7 -8 -9 9 10 -12 12 -14 -15
leaf_value=-0.00098981111117517166 0.0014708397271908887 -0.0022002156513109663 0.0044897986260683852 -0.00013115847850787005 0.021152339260507132 0.0013019321774314935 -0.0034734331060925563 0.0048227157412372972 0.021880964211380173 0.0050262740902655865 0.022223115061489444 0.0022742847356668622 -0.0046703614853181542 -0.010960260829871171
leaf_weight=51687.839398868382 1266.5225233715028 849.44685300253332 2169.3788979537785 125296.13124028407 434.19733442552388 10892.633917499334 2987.787120083347 1746.217552902177 196.13332451693714 1356.3167187217623 120.50905470922589 14331.722531929612 1528.842216456309 274.32178229652345
leaf_count=45814 1197 955 2470 130500 94 7949 1403 3469 116 1641 48 18784 602 96
internal_value=1.88289e-06 -0.000148747 0.000141858 7.75877e-05 0.00580132 0.0021926 2.69275e-05 0.00010021 0.00547749 0.00848398 0.00656957 4.15651e-05 0.00138211 0.00201839
internal_weight=215138 201306 149618 147449 1283.64 13832.1 146165 143177 2939.48 1672.96 1476.83 141431 16134.9 14606
internal_count=215138 204187 158373 155903 1049 10951 154854 153451 3002 1805 1689 149982 19482 18880
is_linear=0
shrinkage=0.05


Tree=41
num_leaves=15
num_cat=0
split_feature=15 0 17 15 15 3 0 3 15 1 17 15 16 3
split_gain=26.0842 20.5982 13.2813 12.8851 25.5965 18.3143 64.9873 16.477 23.3618 14.2658 13.1716 44.8009 15.3156 18.1011
threshold=0.018076570704579357 0.016261236742138866 0.019419306889176372 0.019112596288323406 0.020048827864229683 0.0082988981157541292 0.011299795936793091 1.0000000180025095e-35 0.018954408355057243 0.010582306887954475 0.020204081200063232 0.036218382418155677 2.5000000000000004 0.013072453904896976
decision_type=2 2 2 2 2 2 2 2 2 2 2 2 2 2
left_child=1 -1 -2 7 5 -5 -7 9 -9 -4 11 -6 13 -12
right_child=2 -3 3 4 10 6 -8 8 -10 -11 12 -13 -14 -15
leaf_value=-0.00043048250000193139 -0.0010947857623697748 0.013440900959598793 -0.0007093721007849404 0.00027306908795823452 -0.0011177710178370333 -0.003099819095673916 -0.031221115611690838 0.0051898207837483071 0.022935858104246948 0.010013191433131164 0.0031405753992447953 0.017149479050440977 0.00053738147136536858 -0.0029327773922340878
leaf_weight=139151.34215943329 8644.6475341543555 258.15054210089147 1607.8050804845989 1808.1089780274779 879.89387678541243 1542.7260038070381 227.56284022331238 908.90523810125887 226.2751623429358 374.02897672727704 11443.261025277898 531.52256013453007 46167.643121158704 1366.1273682620376
leaf_count=131927 10373 129 1714 2644 902 964 4 1169 204 539 15352 125 46848 2244
internal_value=1.93334e-06 -0.000403834 0.00074887 0.000986577 0.00083323 -0.00326989 -0.00686975 0.00412082 0.00889653 0.00135439 0.00107687 0.00583371 0.000962058 0.00249107
internal_weight=215138 139409 75728.5 67083.9 63966.8 3578.4 1770.29 3117.01 1135.18 1981.83 60388.4 1411.42 58977 12809.4
internal_count=215138 132056 83082 72709 69083 3612 968 3626 1373 2253 65471 1027 64444 17596
is_linear=0
shrinkage=0.05


Tree=42
num_leaves=15
num_cat=0
split_feature=0 15 17 3 17 4 3 0 2 2 3 3 17 4
split_gain=24.7407 17.1326 15.2439 57.6578 13.4652 15.4928 25.3939 19.7531 19.8775 18.8993 39.7311 21.3261 16.0182 22.1647
threshold=0.013793759513646366 0.00766294775530696 0.010152545757591726 0.0066445916891098031 0.054093567654490478 0.014185110572725536 0.0094788861460983771 0.016261236742138866 0.016261236742138866 0.0063898416701704272 0.010582306887954475 0.016001024283468727 0.064583335071802153 0.015504807699471714
decision_type=2 2 2 2 2 2 2 2 2 2 2 2 2 2
left_child=1 -1 3 -3 -2 7 -7 8 9 -6 -11 -12 -8 -14
right_child=4 2 -4 -5 5 6 12 -9 -10 10 11 -13 13 -15
leaf_value=-0.00091881005162438374 0.0055517007821634171 -0.0020696306722933966 8.932083899030089e-05 0.020139912704880511 -0.0056480191259665998 0.015980216490934649 0.012899297342678884 0.0069373365564104495 -0.010394212135877779 0.0082295232733191736 -0.0035059697527497847 0.012442055733370287 -0.0065044269785495094 0.0035961828593152815
leaf_weight=51687.839398868382 2336.6740087922662 849.44685300253332 149278.43562160432 434.19733442552388 1223.88773778826 379.73701778240502 325.91690219007432 857.26494672708213 518.83474386483431 1393.1497113760561 2452.7074425648898 219.34277103468776 683.66922853887081 2496.8967484608293
leaf_count=45814 2392 955 158164 94 1398 244 109 702 160 1998 1917 159 332 700
internal_value=1.91131e-06 -0.000133485 0.00013616 0.00554044 0.00212511 0.00136173 0.00386644 -0.000102284 -0.00115149 -0.000226917 0.00141504 -0.00215532 0.00251286 0.00141145
internal_weight=215138 202250 150562 1283.64 12888.1 10551.4 3886.22 6665.19 5807.92 5289.09 4065.2 2672.05 3506.48 3180.57
internal_count=215138 205027 159213 1049 10111 7719 1385 6334 5632 5472 4074 2076 1141 1032
is_linear=0
shrinkage=0.05


Tree=43
num_leaves=15
num_cat=0
split_feature=17 0 17 15 3 3 15 3 17 15 1 0 4 1
split_gain=22.4804 14.1489 37.5638 43.8034 23.5723 31.3578 38.0772 25.9412 22.2563 20.6089 21.2798 18.23 17.4023 24.6979
threshold=0.046536797657608993 0.009569597430527212 0.020204081200063232 0.03588362596929074 0.012270400300621988 0.0076046728063374766 0.020048827864229683 0.012739370577037336 0.033908046782016761 0.017778983339667324 0.011696306522935631 0.010050504934042694 0.0066445916891098031 0.010929288342595102
decision_type=2 2 2 2 2 2 2 2 2 2 2 2 2 2
left_child=1 -1 3 -3 5 9 -7 8 -6 -4 12 -8 -11 -14
right_child=-2 2 4 -5 7 6 11 -9 -10 10 -12 -13 13 -15
leaf_value=-0.00037326563726703961 0.001234831690179405 0.0035680384427537477 -0.0011101507052065029 0.020520905609259042 -0.0024665694683358758 -0.015087207882695478 0.0061280912283543142 0.00073062504644889046 0.015949396732335294 0.0068307306306807803 -0.0049586081238958846 -0.0029972856932991318 -0.00067422853167284271 0.01557366794425365
leaf_weight=161265.58835800365 31542.128245908767 2130.3667676523328 5362.8577918969095 455.80700875818729 212.04784686863422 606.49476256780326 607.47687910497189 1411.5261378288269 679.85400325246155 2905.9973583165556 705.78981122560799 4841.8987963348627 2157.9405334368348 252.22616586461663
leaf_count=160645 33038 2169 4708 62 196 146 578 1175 327 4294 447 4716 2569 68
internal_value=1.94775e-06 -0.00020992 0.000969375 0.00662348 0.000225798 -0.000403035 -0.00330699 0.00496824 0.0115922 0.0011432 0.00314843 -0.00197066 0.00423204 0.00108345
internal_weight=215138 183596 22330.3 2586.17 19744.1 17440.7 6055.87 2303.43 891.902 11384.8 6021.95 5449.38 5316.16 2410.17
internal_count=215138 182100 21455 2231 19224 17526 5440 1698 523 12086 7378 5294 6931 2637
is_linear=0
shrinkage=0.05


Tree=44
num_leaves=15
num_cat=0
split_feature=0 15 17 3 1 2 1 3 17 15 1 2 15 15
split_gain=21.0493 14.8557 13.9011 52.1522 12.3929 36.4222 35.6839 19.2019 13.106 12.908 18.6109 16.5282 11.8249 15.1926
threshold=0.013793759513646366 0.00766294775530696 0.010152545757591726 0.0066445916891098031 0.0098524559289217013 0.0063898416701704272 0.013072453904896976 0.010582306887954475 0.054093567654490478 0.02199993655085564 0.0063492704648524531 0.016261236742138866 0.021203560754656795 0.016352030448615554
decision_type=2 2 2 2 2 2 2 2 2 2 2 2 2 2
left_child=1 -1 3 -3 5 12 8 -8 -6 -7 11 -11 13 -2
right_child=4 2 -4 -5 6 9 7 -9 -10 10 -12 -13 -14 -15
leaf_value=-0.00085421888029448142 -0.00057577343387325082 -0.0019489070782079878 8.34224730062553e-05 0.019173831190341526 0.0028234427380355431 0.021787027590586972 0.0096778266437413177 0.0013673420132968878 -0.0079544546748961404 0.0043754140007257651 0.011557254842058409 -0.018923952130654884 -0.0047233095752049221 0.012811308444938619
leaf_weight=51687.839398868382 930.82329459488392 849.44685300253332 149278.43562160432 434.19733442552388 350.96549556031823 140.62440676987171 795.20792083628476 5120.5118482615799 1340.9979056436568 1649.2718971390277 1145.5414843447506 69.998227151110768 1080.0212942678481 264.11748455092311
leaf_count=45814 1079 955 158164 94 162 68 564 1463 464 3423 1518 25 1155 190
internal_value=1.94993e-06 -0.000122937 0.000128151 0.00528892 0.00196035 0.00381904 0.00066694 0.00249891 -0.00571533 0.0074227 0.00664426 0.00332286 -0.000953366 0.00246494
internal_weight=215138 202250 150562 1283.64 12888.1 5280.4 7607.68 5915.72 1691.96 3005.44 2864.81 1719.27 2274.96 1194.94
internal_count=215138 205027 159213 1049 10111 7458 2653 2027 626 5034 4966 3448 2424 1269
is_linear=0
shrinkage=0.05


Tree=45
num_leaves=15
num_cat=0
split_feature=15 17 4 3 3 4 15 3 15 2 17 1 2 2
split_gain=19.288 16.387 12.7907 17.741 15.7278 16.5661 15.6097 41.9097 60.073 21.4259 17.356 14.9506 13.6875 17.4841
threshold=0.018076570704579357 0.087121214717626586 0.0066007319837808618 0.007272823480889202 0.0080972984433174151 0.0071175277698785075 0.00766294775530696 0.0066445916891098031 0.014235776849091055 0.0080322581343352812 0.057189542800188072 0.0063092110212892303 0.0081634009256958979 0.0089687905274331587
decision_type=2 2 2 2 2 2 2 2 2 2 2 2 2 2
left_child=1 2 3 6 -4 -6 -1 9 11 10 -8 -9 -10 -14
right_child=-2 -3 4 -5 5 -7 7 8 12 -11 -12 -13 13 -15
leaf_value=-0.000566493526237125 0.0006442658432840681 0.0092903362016232144 -0.001542032711009891 -0.001604917709786614 -0.0027972065759399732 0.015590864402377903 0.0011316428065859293 0.0093558204729436815 -0.0029763449987114418 -0.001438490223427596 -0.0078797960216607232 0.021595406994626018 0.023531393764416715 -0.00075046931258086899
leaf_weight=44066.206021299586 75728.507765486836 429.7161536347121 25690.412639163435 17586.026848351583 215.16452994197607 266.54247880913317 36400.179689981043 488.70354801230133 967.61322550661862 11908.231629705057 532.40496714226902 562.47979017719626 114.91938913427293 180.89179067499936
leaf_count=39599 83082 251 25767 14300 214 670 39223 616 889 9297 798 160 114 158
internal_value=1.96562e-06 -0.000346959 -0.000377423 -0.000146331 -0.00137304 0.0074876 0.000123188 0.000717287 0.00727661 0.000405009 0.00099964 0.0160469 -8.90868e-05 0.00914378
internal_weight=215138 139409 138980 112808 26172.1 481.707 95221.6 51155.4 2314.61 48840.8 36932.6 1051.18 1263.42 295.811
internal_count=215138 132056 131805 105154 26651 884 90854 51255 1937 49318 40021 776 1161 272
is_linear=0
shrinkage=0.05


Tree=46
num_leaves=15
num_cat=0
split_feature=0 1 2 17 4 3 4 2 2 3 2 17 4 17
split_gain=18.4123 12.8153 13.4421 11.8022 13.7755 22.0301 16.7352 17.0338 17.5036 16.8257 19.5202 14.5225 20.1001 12.679
threshold=0.013793759513646366 0.015268065501004459 0.015504807699471714 0.054093567654490478 0.014185110572725536 0.0094788861460983771 0.012739370577037336 0.016261236742138866 0.0063898416701704272 0.010582306887954475 0.015038444194942715 0.064583335071802153 0.015504807699471714 0.087121214717626586
decision_type=2 2 2 2 2 2 2 2 2 2 2 2 2 2
left_child=1 -1 -3 -2 6 -6 7 8 -5 -10 13 -7 -13 -11
right_child=3 2 -4 4 5 11 -8 -9 9 10 -12 12 -14 -15
leaf_value=-0.00016247111696529354 0.0050414542027907199 0.0040646552030560029 -0.010308838677465194 -0.0027567498951969289 0.01476339916920477 0.012109696590179252 -0.006556009690148701 -0.0071918711824967467 0.0079694426797588848 -0.0044962029517907334 0.0075966419900596206 -0.0063648105694718285 0.0032534565304320031 0.0069277994063778464
leaf_weight=199397.32921815105 2336.6740087922662 2688.9356560539454 163.65433369576931 1557.4348511081189 379.73701778240502 325.91690219007432 901.73488852381706 597.08729122206569 1348.233516799286 1238.8680599592626 729.70015828125179 683.66922853887081 2496.8967484608293 292.128587462008
leaf_count=201837 2392 2860 330 1581 244 109 463 176 2084 1197 619 332 700 214
internal_value=2.01047e-06 -0.000114792 0.00320691 0.00183364 0.00111915 0.00348099 -0.000261107 0.000733427 0.00166149 0.00357054 0.000923575 0.00222064 0.00117252 -0.00228558
internal_weight=215138 202250 2852.59 12888.1 10551.4 3886.22 6665.19 5763.45 5166.37 3608.93 2260.7 3506.48 3180.57 1531
internal_count=215138 205027 3190 10111 7719 1385 6334 5871 5695 4114 2030 1141 1032 1411
is_linear=0
shrinkage=0.05


Tree=47
num_leaves=15
num_cat=0
split_feature=15 17 1 15 15 4 15 3 4 4 17 3 3 1
split_gain=16.859 12.3435 12.6606 25.1353 32.2231 16.3985 15.6257 12.4847 10.4178 21.7709 10.4125 42.8387 10.3037 8.73389
threshold=0.0083683477714657801 0.087121214717626586 0.0096620614640414732 0.051552729681134231 0.065891064703464522 0.016261236742138866 0.023088296875357631 0.016001024283468727 0.010362972505390646 0.0090499590151011961 0.010152545757591726 0.0066445916891098031 0.0074350468348711738 0.013986697886139156
decision_type=2 2 2 2 2 2 2 2 2 2 2 2 2 2
left_child=12 10 8 6 -5 7 -4 -6 9 -3 11 -2 -1 -12
right_child=1 2 3 4 5 -7 -8 -9 -10 -11 13 -13 -14 -15
leaf_value=-0.00049138236679091584 -0.0018717564004091395 0.0064737622936460338 0.0079622341426544459 0.012976980353450938 0.0022387340349464039 0.0041168954688097382 -0.01060632720384916 -0.01132729875959388 0.013026090342541059 -0.017696939622997863 7.2977166422399898e-05 0.017271315735674007 -0.0030210743954387984 0.0016083694701861083
leaf_weight=63210.875202719122 849.44685300253332 799.24514717794955 132.66983656957746 650.41911713592708 278.27190480567515 962.24421554990113 575.76406955160201 413.18161020241678 453.6337070800364 95.582396022975445 132041.8190861959 434.19733442552388 4289.7572248131037 9950.8927617687732
leaf_count=56359 955 932 73 609 339 169 586 129 727 75 143057 94 3158 7876
internal_value=1.96544e-06 0.000301247 0.00291869 0.00110764 0.00364058 -8.74634e-05 -0.00706653 -0.00591364 0.00692674 0.00372488 0.00022138 0.00468691 -0.000652571 0.000180684
internal_weight=215138 147637 4361.01 3012.55 2304.12 1653.7 708.434 691.454 1348.46 894.828 143276 1283.64 67500.6 141993
internal_count=215138 155621 3639 1905 1246 637 659 468 1734 1007 151982 1049 59517 150933
is_linear=0
shrinkage=0.05


Tree=48
num_leaves=15
num_cat=0
split_feature=0 1 2 1 17 3 15 4 2 2 1 0 1 2
split_gain=15.7974 14.2664 31.3699 20.3982 16.8293 15.3048 14.7555 13.3486 19.758 16.6791 13.0724 14.6319 14.2751 13.0049
threshold=0.013423423748463394 0.0098524559289217013 0.0063898416701704272 0.013072453904896976 0.051315790042281158 0.0094788861460983771 0.021515546366572384 0.010811126790940763 0.0088890646584332007 0.010362972505390646 0.015504807699471714 0.013072453904896976 0.0090499590151011961 0.015038444194942715
decision_type=2 2 2 2 2 2 2 2 2 2 2 2 2 2
left_child=10 2 6 4 -3 13 -2 8 -4 -9 11 -1 -13 -5
right_child=1 3 7 5 -6 -7 -8 9 -10 -11 -12 12 -14 -15
leaf_value=-0.00011333978881137706 0.0026180881534348058 0.0044197215089730119 0.012943407888345325 0.0040304687941382774 -0.0065537358601059029 0.00079057271114249127 -0.0047090236000014336 -0.0083706174451650198 0.0023419331966081335 0.013871871628587161 0.0037729885623170875 -7.887428209238674e-05 -0.0085602846463132144 0.01933238761945618
leaf_weight=196222.55881558545 1562.0708189290017 440.74373583868146 553.40645032376051 457.46555338613689 1572.3896558713168 5873.6320485249162 1210.8158284407109 87.078556429594755 2028.5849427878857 829.63454866036773 2129.3077267222106 968.08304280042648 1008.0249126087874 194.20383011177182
leaf_count=199309 1604 200 893 377 545 1792 1324 249 3596 1102 2445 1270 323 109
internal_value=1.91534e-06 0.00157714 0.00338581 0.000246231 -0.0041413 0.0016041 -0.000586812 0.006527 0.00465535 0.0116915 -0.000114612 -0.000156566 -0.00442661 0.00881385
internal_weight=215138 14810 6271.59 8538.43 2013.13 6525.3 2772.89 3498.7 2581.99 916.713 200328 198199 1976.11 651.669
internal_count=215138 11791 8768 3023 745 2278 2928 5840 4489 1351 203347 200902 1593 486
is_linear=0
shrinkage=0.05


Tree=49
num_leaves=15
num_cat=0
split_feature=15 0 0 1 3 3 1 15 0 17 15 17 2 2
split_gain=15.1618 13.8174 12.8109 45.6341 25.1614 23.2838 27.7841 30.2548 21.0966 25.9759 37.3952 19.7022 21.1716 16.9113
threshold=0.018076570704579357 0.016261236742138866 0.0072203108575195083 0.012903762981295587 0.012422839645296337 0.0087337908335030096 0.0090499590151011961 0.043982923030853278 0.009569597430527212 0.020620748400688175 0.03588362596929074 0.057189542800188072 0.0079052620567381399 1.0000000180025095e-35
decision_type=2 2 2 2 2 2 2 2 2 2 2 2 2 2
left_child=1 -1 3 4 5 11 7 -7 -4 10 -10 12 -2 -11
right_child=2 -3 8 -5 -6 6 -8 -9 9 13 -12 -13 -14 -15
leaf_value=-0.00032928406629600926 0.0015374063123769581 0.011031734909205365 -0.0017480037123320594 0.0061874911459969218 -0.0031362258549650322 0.0046841084296775082 -0.0018955132499644707 0.026582508827485574 -8.899541239158396e-05 -0.001532290705614665 0.017939327185475955 0.0086899809497378022 -0.0023550587237549953 0.0010859838697603443
leaf_weight=139151.34215943329 7426.2108153402805 258.15054210089147 12057.945288354531 4222.261864034459 3853.3601314909756 5236.377139326185 1743.7285713106394 153.25164793990552 638.20926289632916 8238.1932323351502 513.4920591711998 628.43008068390191 6578.7174894567579 24438.330183146521
leaf_count=131927 11420 129 15139 6005 4505 7324 1483 110 852 6515 91 1526 6022 22090
internal_value=1.90265e-06 -0.000307457 0.000571371 0.00137759 0.000582802 0.00124232 0.00358235 0.00535486 4.68548e-05 0.000686953 0.00803426 9.99502e-05 -0.000291428 0.000425615
internal_weight=215138 139409 75728.5 29842.3 25620.1 21766.7 7133.36 5389.63 45886.2 33828.2 1151.7 14633.4 14004.9 32676.5
internal_count=215138 132056 83082 38395 32390 27885 8917 7434 44687 29548 943 18968 17442 28605
is_linear=0
shrinkage=0.05


Tree=50
num_leaves=15
num_cat=0
split_feature=15 2 4 15 0 4 4 2 2 17 3 1 2 2
split_gain=14.1981 10.7267 10.4107 9.92961 16.6052 26.688 23.4423 14.1184 24.0183 14.0156 18.8036 13.7652 30.2499 13.5238
threshold=0.0079052620567381399 0.0070672258734703073 0.016001024283468727 0.065891064703464522 0.013606071937829258 0.011050061322748663 0.0083683477714657801 0.0063898416701704272 0.0066007319837808618 0.054093567654490478 0.0098524559289217013 0.015504807699471714 0.015038444194942715 0.016261236742138866
decision_type=2 2 2 2 2 2 2 2 2 2 2 2 2 2
left_child=1 -1 3 4 -2 6 7 -6 -9 -7 -11 12 -5 -10
right_child=2 -3 -4 11 5 9 -8 8 13 10 -12 -13 -14 -15
leaf_value=-0.00087464583097205003 0.00013325933203290499 0.0015482961350138562 0.0034299892452482224 -0.0046475882019292071 -0.00092755918330850195 0.014949101106398991 -0.0064901919570826971 0.020218731309475178 0.0041599254455507396 0.011819581461055922 -0.00092148617564735257 -0.0070972136986530614 0.0053771532295977826 -0.0051977163092085318
leaf_weight=53059.068916497752 141735.99484917894 4989.0691496971995 2520.5481845363975 1815.6008349619806 2328.247740438208 505.33684217557311 893.24022753164172 205.9376157540828 3169.8521351683885 526.7248551081866 625.98926258273423 1061.2584856934845 1270.3112986646593 430.8200690317899
leaf_count=47323 151383 3771 1715 443 2444 337 1113 65 4170 540 616 641 483 94
internal_value=1.9624e-06 -0.00066617 0.000248879 0.000196786 0.000263389 0.00238419 0.00103318 0.00213737 0.00400949 0.00807028 0.00495204 -0.0022138 -0.000516879 0.00302899
internal_weight=215138 58048.1 157090 154569 150422 8686.15 7028.1 6134.86 3806.61 1658.05 1152.71 4147.17 3085.91 3600.67
internal_count=215138 51094 164044 162329 160762 9379 7886 6773 4329 1493 1156 1567 926 4264
is_linear=0
shrinkage=0.05


Tree=51
num_leaves=15
num_cat=0
split_feature=15 17 1 15 15 4 15 3 17 3 1 3 3 15
split_gain=12.8785 9.6274 10.8512 21.1147 27.5161 14.0271 13.5684 11.2418 9.56288 38.7509 9.45722 17.4186 9.32561 7.14723
threshold=0.0083683477714657801 0.087121214717626586 0.0096620614640414732 0.051552729681134231 0.065891064703464522 0.016261236742138866 0.023088296875357631 0.016001024283468727 0.010152545757591726 0.0066445916891098031 1.0000000180025095e-35 0.015504807699471714 0.0074350468348711738 0.032516051083803184
decision_type=2 2 2 2 2 2 2 2 2 2 2 2 2 2
left_child=12 8 10 6 -5 7 -4 -6 9 -2 11 -3 -1 -13
right_child=1 2 3 4 5 -7 -8 -9 -10 -11 -12 13 -14 -15
leaf_value=-0.00041678563324967473 -0.0017656000339479083 0.0075329267121819928 0.0074123426761062141 0.011848438479792472 0.0021249468994008858 0.0036660440206468404 -0.0098909216972318872 -0.010748121619467492 0.00015398761034921181 0.016441351693281678 0.010828048839973028 -0.020229625851186896 -0.0028233917113784802 -0.0020911211160544339
leaf_weight=63210.875202719122 849.44685300253332 507.70181755162776 132.66983656957746 650.41911713592708 278.27190480567515 962.24421554990113 575.76406955160201 413.18161020241678 141992.71184796467 434.19733442552388 612.39728443883359 77.168158918619156 4289.7572248131037 151.19398937188089
leaf_count=56359 955 871 73 609 339 169 586 129 150933 94 558 35 3158 270
internal_value=1.94669e-06 0.000263522 0.00257511 0.00089896 0.00322083 -0.000223331 -0.00659243 -0.00561098 0.000192987 0.00447245 0.00628557 0.0024118 -0.000570124 -0.00881203
internal_weight=215138 147637 4361.01 3012.55 2304.12 1653.7 708.434 691.454 143276 1283.64 1348.46 736.064 67500.6 228.362
internal_count=215138 155621 3639 1905 1246 637 659 468 151982 1049 1734 1176 59517 305
is_linear=0
shrinkage=0.05


Tree=52
num_leaves=15
num_cat=0
split_feature=15 4 3 3 4 15 3 15 2 2 2 0 1 3
split_gain=12.132 12.5531 15.8956 14.1322 15.0094 13.2205 33.721 49.8668 21.256 13.1188 16.0533 12.0767 41.3588 22.7979
threshold=0.018076570704579357 0.0066007319837808618 0.007272823480889202 0.0080972984433174151 0.0071175277698785075 0.00766294775530696 0.0066445916891098031 0.014418996870517732 0.0080322581343352812 0.0082305916585028189 0.0089687905274331587 0.0072203108575195083 0.012903762981295587 0.012422839645296337
decision_type=2 2 2 2 2 2 2 2 2 2 2 2 2 2
left_child=1 2 5 -3 -5 -1 8 -8 -7 -9 -11 12 13 -2
right_child=11 3 -4 4 -6 6 7 9 -10 10 -12 -13 -14 -15
leaf_value=-0.00042828859227872826 0.0011652037564755724 -0.0014209070894391045 -0.0014275672833719095 -0.0026518581354775645 0.014851311191239436 0.0010602973786768926 0.014402811833879545 -0.0031719967241063507 -0.0013639801930614088 0.022619581149974231 -0.00070330939911466812 2.0258807355715703e-06 0.005873103420921743 -0.0030026182141471721
leaf_weight=44066.206021299586 21766.71574405767 25718.549147926271 17588.037578793243 215.16452994197607 266.54247880913317 37317.550190169364 1084.0109460595995 935.77490454539657 11922.835011089221 113.93010222539306 180.89179067499936 45886.170025903732 4222.261864034459 3853.3601314909756
leaf_count=39599 27885 25813 14307 214 670 40202 873 803 9314 103 158 44687 6005 4505
internal_value=1.87735e-06 -0.000274852 -4.65622e-05 -0.00126088 0.00713822 0.000207575 0.000751052 0.00663589 0.000473136 -0.00026681 0.0087559 0.00051128 0.00129406 0.00053742
internal_weight=215138 139409 113209 26200.3 481.707 95621.2 51555 2314.61 49240.4 1230.6 294.822 75728.5 29842.3 25620.1
internal_count=215138 132056 105359 26697 884 91052 51453 1937 49516 1064 261 83082 38395 32390
is_linear=0
shrinkage=0.05


Tree=53
num_leaves=15
num_cat=0
split_feature=0 17 2 15 3 2 1 4 17 0 1 2 1 2
split_gain=11.8807 10.2576 11.1594 24.4305 23.1035 19.405 17.25 20.2577 15.0092 12.7395 8.54724 8.42587 8.1897 11.9328
threshold=0.013793759513646366 0.054093567654490478 0.015038444194942715 0.056850064545869834 0.010582306887954475 0.0063898416701704272 0.015504807699471714 0.016001024283468727 0.087121214717626586 0.014815627597272398 0.016261236742138866 0.016001024283468727 0.015268065501004459 0.015504807699471714
decision_type=2 2 2 2 2 2 2 2 2 2 2 2 2 2
left_child=12 -2 4 11 5 8 -5 -8 9 -3 -6 -4 -1 -14
right_child=1 2 3 6 10 -7 7 -9 -10 -11 -12 -13 13 -15
leaf_value=-0.0001300507061683195 0.0044635066635173599 0.0056517530871418023 0.0015804635563581443 0.0074031615610150054 -0.0040130818951623582 0.0068928874665924421 -0.0066859712585995868 0.0044988388066353659 0.0081138454507450244 -0.0077399849392946326 0.0057270738977209393 -0.0099219600497511603 0.0033728739893867476 -0.010163897194382786
leaf_weight=199397.32921815105 2336.6740087922662 224.21127877570689 240.83288935013115 2026.8704089894891 3157.7020046096295 1409.078316455707 607.13836375437677 1167.0503830108792 293.50197772309184 745.14144772849977 233.82336906716228 446.05681086331606 2688.9356560539454 163.65433369576931
leaf_count=201837 2392 254 316 894 2260 2120 384 114 213 947 97 120 2860 330
internal_value=1.88989e-06 0.0014732 0.000807384 0.00269455 -0.00059156 0.00287965 0.00426351 0.000655307 -0.00161724 -0.0046164 -0.0033267 -0.00592424 -9.19357e-05 0.00256347
internal_weight=215138 12888.1 10551.4 4487.95 6063.46 2671.93 3801.06 1774.19 1262.85 969.353 3391.53 686.89 202250 2852.59
internal_count=215138 10111 7719 1828 5891 3534 1392 498 1414 1201 2357 436 205027 3190
is_linear=0
shrinkage=0.05


Tree=54
num_leaves=15
num_cat=0
split_feature=0 17 2 15 15 1 4 2 3 3 2 0 2 15
split_gain=10.7315 9.25968 10.0613 22.079 21.0159 15.58 18.3078 14.9396 10.2693 13.5532 10.8543 14.5635 14.5033 8.13964
threshold=0.013793759513646366 0.054093567654490478 0.015038444194942715 0.056850064545869834 0.063645914196968092 0.015504807699471714 0.016001024283468727 0.0063898416701704272 0.013793759513646366 0.016001024283468727 0.014389234129339458 0.015749008394777778 0.012579114176332952 0.031619664281606681
decision_type=2 2 2 2 2 2 2 2 2 2 2 2 2 2
left_child=-1 -2 4 -4 7 -5 -7 -3 10 -10 12 -12 13 -9
right_child=1 2 3 5 -6 6 -8 8 9 -11 11 -13 -14 -15
leaf_value=-8.7355916123526357e-05 0.00424128220664688 -0.0020362891434521808 -0.0056340177132624333 0.0070348207244356796 -0.0049325728440073671 -0.0063570897593979107 0.0042758078368709922 -0.0035044290153281306 -0.0079316092520304061 0.012702852001910306 0.0054579791953529508 -0.014135512169210647 0.012878507897123496 0.0064101473967750127
leaf_weight=202249.91920790076 2336.6740087922662 1787.7248468138278 686.88970021344721 2026.8704089894891 1882.9157216716558 607.13836375437677 1167.0503830108792 299.41364813782275 323.60453760810196 94.880394427105784 240.66958838514984 142.82247615046799 666.44108802080154 624.98609314486384
leaf_count=205027 2392 1765 436 894 658 384 114 508 436 107 223 78 667 1449
internal_value=1.81649e-06 0.00140016 0.000767559 0.00255947 -0.000560778 0.00405101 0.000621928 0.00141535 0.00399189 -0.00306601 0.00549581 -0.00201294 0.00730715 0.00319567
internal_weight=215138 12888.1 10551.4 4487.95 6063.46 3801.06 1774.19 4180.54 2392.82 418.485 1974.33 383.492 1590.84 924.4
internal_count=215138 10111 7719 1828 5891 1392 498 5233 3468 543 2925 301 2624 1957
is_linear=0
shrinkage=0.05


Tree=55
num_leaves=15
num_cat=0
split_feature=15 17 1 15 15 1 4 15 1 3 17 3 2 15
split_gain=10.4596 7.99491 9.8475 17.0439 24.1118 12.0477 11.5776 11.4701 8.15283 14.7922 7.8404 32.4811 6.98155 6.72613
threshold=0.00766294775530696 0.087121214717626586 0.0096620614640414732 0.051552729681134231 0.065891064703464522 0.016001024283468727 0.016261236742138866 0.023088296875357631 1.0000000180025095e-35 0.015504807699471714 0.010152545757591726 0.0066445916891098031 0.016261236742138866 0.0066445916891098031
decision_type=2 2 2 2 2 2 2 2 2 2 2 2 2 2
left_child=13 10 8 7 -5 12 -7 -4 9 -3 11 -2 -6 -1
right_child=1 2 3 4 5 6 -8 -9 -10 -11 -12 -13 -14 -15
leaf_value=0.00019375523891640575 -0.0016938236425572074 0.0069641428166859823 0.006855767073606682 0.010873967396179213 -0.011845776479252782 -0.0048340291780005033 0.0058636958919153458 -0.0090520120073324089 0.010059555963110874 -0.0080984062971576672 0.00010804254730912588 0.014974623511579677 -0.00020445726302105945 -0.0010187181456891867
leaf_weight=17077.988142179325 849.44685300253332 507.70181755162776 132.66983656957746 650.41911713592708 282.3613717854023 363.89108952134848 776.60790715552866 575.76406955160201 612.39728443883359 228.36214829050004 157805.50487662852 434.19733442552388 230.83736209571362 34609.851256689057
leaf_count=16301 955 871 73 609 151 276 74 586 558 305 164636 94 136 29513
internal_value=1.74514e-06 0.0001978 0.00230741 0.000711215 0.00279758 -0.000425233 0.0024381 -0.00601897 0.00584193 0.00224511 0.000139829 0.00401651 -0.00671349 -0.000618149
internal_weight=215138 163450 4361.01 3012.55 2304.12 1653.7 1140.5 708.434 1348.46 736.064 159089 1283.64 513.199 51687.8
internal_count=215138 169324 3639 1905 1246 637 350 659 1734 1176 165685 1049 287 45814
is_linear=0
shrinkage=0.05


Tree=56
num_leaves=15
num_cat=0
split_feature=15 0 1 15 2 0 17 15 3 17 3 1 15 3
split_gain=9.72773 11.7394 36.9477 21.5805 23.624 17.4917 24.207 33.8177 15.7189 23.0163 15.7199 23.1774 31.2886 15.0191
threshold=0.018076570704579357 0.0072203108575195083 0.012903762981295587 0.019112596288323406 0.0086581707000732439 0.009569597430527212 0.020620748400688175 0.03588362596929074 0.012422839645296337 0.057189542800188072 0.0088107436895370501 0.0090499590151011961 0.043982923030853278 1.0000000180025095e-35
decision_type=2 2 2 2 2 2 2 2 2 2 2 2 2 2
left_child=-1 2 3 4 -2 -3 7 -7 9 10 -5 12 -12 -4
right_child=1 5 13 8 -6 6 -8 -9 -10 -11 11 -13 -14 -15
leaf_value=-0.00024609332549483412 0.0078203208453024829 -0.0016785518424873491 0.0022536547255140346 -0.00081859707086329473 -0.0029145100483819394 -9.3470739652488954e-05 0.00028638764384462278 0.017050671497922866 -0.0028805279039562817 0.0077281165422464692 0.0034166736139089808 -0.0029264651926681137 0.027365460209233767 0.008256115780753066
leaf_weight=139409.49270153418 1849.6202641874552 12057.945288354531 1906.4529891014099 12313.602272057906 701.40831561945379 638.20926289632916 32676.523415481672 513.4920591711998 3850.5841156207025 1063.9173355773091 4171.8461265843362 1537.7876323722303 131.30981352925301 2315.8088749330491
leaf_count=132056 2327 15139 1995 15451 696 852 28605 91 4493 2177 5886 1301 59 4010
internal_value=1.70241e-06 0.000457845 0.00122961 0.00051446 0.00486891 -4.4238e-05 0.000538631 0.00763131 3.10341e-05 0.000615585 0.000194742 0.00232876 0.00420922 0.00555759
internal_weight=215138 75728.5 29842.3 25620.1 2551.03 45886.2 33828.2 1151.7 23069 19218.5 18154.5 5840.94 4303.16 4222.26
internal_count=215138 83082 38395 32390 3023 44687 29548 943 29367 24874 22697 7246 5945 6005
is_linear=0
shrinkage=0.05


Tree=57
num_leaves=15
num_cat=0
split_feature=3 3 0 0 15 4 17 15 2 0 4 2 1 16
split_gain=9.18472 9.67674 16.8241 17.6755 12.4802 31.8626 22.8322 16.5108 16.2002 20.7097 15.5311 20.18 14.6784 24.9529
threshold=0.015268065501004459 0.014599318150430919 0.013986697886139156 0.014185110572725536 0.049011643975973136 0.0099504948593676108 0.051315790042281158 0.051552729681134231 0.014185110572725536 0.01183473411947489 0.0081634009256958979 0.013072453904896976 0.015504807699471714 4.5000000000000009
decision_type=2 2 2 2 2 2 2 2 2 2 2 2 2 2
left_child=1 2 4 -4 6 7 8 -6 -1 -10 -9 -12 -7 -14
right_child=-2 -3 3 -5 5 12 -8 10 9 -11 11 -13 13 -15
leaf_value=-9.2329731256332197e-05 0.0019835084322159294 -0.002749248860371038 0.0087064933713885736 0.0013952200647974239 -0.0038572495216108917 -0.0047399694688980568 0.0027215941608096528 -0.0004099034596647714 0.0049551631472597463 -0.013562410492328128 0.0032202944125958714 0.017356184268406284 -0.012422967032028619 0.0092939669770754282
leaf_weight=182670.65266922489 5682.0134016089141 3263.519169786945 945.41160750389099 6182.7246653810143 634.99401206709445 5409.6933822147548 7335.7192175183445 665.91465789265931 214.44229356199503 467.89367002807558 589.42242269031703 439.34011293761432 174.1830514781177 462.07613312639296
leaf_count=184189 4244 2446 760 7185 621 2671 10926 733 379 75 271 227 109 302
internal_value=1.76282e-06 -5.20891e-05 -9.26841e-06 0.00237576 -9.4787e-05 -0.00198264 -1.17674e-05 0.00297657 -0.000121268 -0.00775525 0.0055448 0.00936609 -0.00389531 0.00324848
internal_weight=215138 209456 206192 7128.14 199064 8375.62 190689 2329.67 183353 682.336 1694.68 1028.76 6045.95 636.259
internal_count=215138 210894 208448 7945 200503 4934 195569 1852 184643 454 1231 498 3082 411
is_linear=0
shrinkage=0.05


Tree=58
num_leaves=15
num_cat=0
split_feature=15 17 3 3 3 0 0 15 4 17 2 0 15 4
split_gain=8.90679 6.96926 29.3785 7.07071 9.76884 13.3263 15.9726 13.2294 28.7924 18.2249 15.2447 18.7444 14.9307 14.0476
threshold=0.00766294775530696 0.010152545757591726 0.0066445916891098031 0.015268065501004459 0.014599318150430919 0.013986697886139156 0.014185110572725536 0.049011643975973136 0.0099504948593676108 0.051315790042281158 0.014185110572725536 0.01183473411947489 0.051552729681134231 0.0081634009256958979
decision_type=2 2 2 2 2 2 2 2 2 2 2 2 2 2
left_child=-1 2 -2 4 5 7 -7 9 12 10 -3 -12 -9 -14
right_child=1 3 -4 -5 -6 6 -8 8 -10 -11 11 -13 13 -15
leaf_value=-0.00057033165163102647 -0.0015929436107853701 6.5502984426791451e-05 0.014259583759987402 0.0018845071374189956 -0.0026122063548028578 0.0082757253850228984 0.0013255716823335276 -0.0036673772740866261 -0.0037011955024872745 0.0025856996708530054 0.0047184436864723955 -0.012898479639414602 -0.00038971186318436225 0.0089076927687833079
leaf_weight=51687.839398868382 849.44685300253332 129699.16908292845 434.19733442552388 5682.0134016089141 3263.519169786945 945.41160750389099 6182.7246653810143 634.99401206709445 6045.9525668192655 7335.7192175183445 214.44229356199503 467.89367002807558 665.91465789265931 1028.7625356279314
leaf_count=45814 955 137326 94 4244 2446 760 7185 621 3082 10926 379 75 733 498
internal_value=1.7021e-06 0.00018262 0.00383801 0.000153451 9.0479e-05 0.000148211 0.00225768 4.5139e-05 -0.001883 0.000162532 2.60082e-05 -0.00737371 0.00283122 0.00527347
internal_weight=215138 163450 1283.64 162167 156485 153221 7128.14 146093 8375.62 137717 130382 682.336 2329.67 1694.68
internal_count=215138 169324 1049 168275 164031 161585 7945 153640 4934 148706 137780 454 1852 1231
is_linear=0
shrinkage=0.05


Tree=59
num_leaves=15
num_cat=0
split_feature=15 4 3 3 4 0 1 3 3 1 15 15 4 0
split_gain=8.29054 11.4434 14.4366 12.7605 13.5987 10.2641 33.1303 21.4063 26.8131 25.699 30.2936 17.0508 26.2968 16.425
threshold=0.018076570704579357 0.0066007319837808618 0.007272823480889202 0.0080972984433174151 0.0071175277698785075 0.0072203108575195083 0.012121656909585001 0.01183473411947489 0.0087337908335030096 0.0087337908335030096 0.043982923030853278 0.019112596288323406 0.009756329935044052 0.0073801742400974044
decision_type=2 2 2 2 2 2 2 2 2 2 2 2 2 2
left_child=1 2 -1 -3 -5 6 7 8 -2 10 11 12 -10 -7
right_child=5 3 -4 4 -6 13 -8 -9 9 -11 -12 -13 -14 -15
leaf_value=0.00023304929750269881 -0.00019126074182368287 -0.0013206149683301989 -0.0013252472531924877 -0.0025068884507145972 0.014154020299851753 -0.0064737733491266455 0.0046135021917020676 -0.002801088782963158 0.0069338653428065809 -0.0018623571414692641 0.027786034673463817 0.0036760592385319452 0.032491953469405734 9.2469069294666032e-05
leaf_weight=95621.198966063559 13666.467944331467 25718.549147926271 17588.037578793243 215.16452994197607 266.54247880913317 963.00883397087455 5582.9291897751391 4413.6773138828576 452.93416563980281 1519.3628909625113 139.58492856658995 3944.6974567584693 122.68384966626763 44923.161191932857
leaf_count=91052 17299 25813 14307 214 670 1102 8041 5386 685 1282 80 5601 21 43585
internal_value=1.65552e-06 -0.000227104 -9.14127e-06 -0.00116854 0.00681244 0.000422756 0.0011444 0.000344469 0.0010451 0.0037754 0.00561364 0.00486915 0.012843 -4.67166e-05
internal_weight=215138 139409 113209 26200.3 481.707 75728.5 29842.3 24259.4 19845.7 6179.26 4659.9 4520.32 575.618 45886.2
internal_count=215138 132056 105359 26697 884 83082 38395 30354 24968 7669 6387 6307 706 44687
is_linear=0
shrinkage=0.05


Tree=60
num_leaves=15
num_cat=0
split_feature=15 17 3 3 3 0 0 15 4 17 3 15 4 2
split_gain=8.04782 6.3084 26.5238 6.39446 8.64431 11.9722 14.4335 12.1356 26.0676 15.7117 14.3069 14.2086 14.7397 14.717
threshold=0.00766294775530696 0.010152545757591726 0.0066445916891098031 0.015268065501004459 0.014599318150430919 0.013986697886139156 0.014185110572725536 0.049011643975973136 0.009756329935044052 0.051315790042281158 0.013793759513646366 0.051552729681134231 0.0081634009256958979 0.012579114176332952
decision_type=2 2 2 2 2 2 2 2 2 2 2 2 2 2
left_child=-1 2 -2 4 5 7 -7 9 11 -3 -10 -9 -13 -14
right_child=1 3 -4 -5 -6 6 -8 8 10 -11 -12 12 13 -15
leaf_value=-0.00054200771480431942 -0.001508919563028675 2.8365755873086609e-05 0.013553773713809371 0.0017921611876091281 -0.0024562929991466462 0.0078605593175513078 0.001253762086055108 -0.0034964601019301621 -0.0044557355801385428 0.0024050267987127806 0.0024811817311702223 -0.00038090162129865971 0.0025348351031565046 0.015119140504083625
leaf_weight=51687.839398868382 849.44685300253332 130381.50504651852 434.19733442552388 5682.0134016089141 3263.519169786945 945.41160750389099 6182.7246653810143 631.79839263856411 5284.9076933860779 7335.7192175183445 858.06782357022166 665.91465789265931 437.00587961263955 497.92932530678809
leaf_count=45814 955 137780 94 4244 2446 760 7185 603 2725 10926 434 733 205 234
internal_value=1.74361e-06 0.000173717 0.00365148 0.000145965 8.608e-05 0.000140388 0.00213981 4.26925e-05 -0.00180402 0.000155128 -0.00348431 0.00281411 0.00531091 0.00932608
internal_weight=215138 163450 1283.64 162167 156485 153221 7128.14 146093 8375.62 137717 6142.98 2232.65 1600.85 934.935
internal_count=215138 169324 1049 168275 164031 161585 7945 153640 4934 148706 3159 1775 1172 439
is_linear=0
shrinkage=0.05


Tree=61
num_leaves=15
num_cat=0
split_feature=15 2 15 2 17 4 3 2 17 15 15 2 0 4
split_gain=7.27675 9.22383 8.45014 8.90779 5.72137 32.2511 20.0679 11.6302 10.4807 7.97612 6.47359 6.92656 5.90255 5.75676
threshold=0.0079052620567381399 0.0070672258734703073 0.0066445916891098031 0.0062696540262550124 0.011428944766521456 1.0000000180025095e-35 0.0066445916891098031 0.0067340831737965354 0.011696306522935631 0.013513822108507158 0.014051921665668489 0.0070672258734703073 0.0066007319837808618 0.016001024283468727
decision_type=2 2 2 2 2 2 2 2 2 2 2 2 2 2
left_child=1 2 3 -1 5 6 10 -7 -6 -8 -2 -12 -11 -10
right_child=4 -3 -4 -5 8 7 9 -9 13 12 11 -13 -14 -15
leaf_value=0.00083863584813593226 0.00087305970716624031 0.0015768094623164074 -0.0011045383829096662 -0.0019510762863108489 -0.0049743755738196711 -0.0047114696063662925 0.015422041119174088 0.0069571473296746143 0.00012452586862277167 0.00015106646695640669 0.02559080614566361 -0.0017047835725704352 0.01357357215176833 0.0025294057367596188
leaf_weight=13454.107967795804 1107.242460148409 4989.0691496971995 35981.080774318427 3623.8801743835211 988.70291061513126 1453.3757671415806 566.23803062178195 240.94570147432387 149795.76834724285 207.36693204939365 46.625264430418611 37.426161324605346 125.62264124117792 2520.5481845363975
leaf_count=13520 1707 3771 31022 2781 776 1232 227 187 157403 394 187 54 162 1715
internal_value=1.73586e-06 -0.000476582 -0.00066992 0.000245875 0.000178504 0.00209636 0.00623852 -0.00302102 0.000131021 0.0118348 0.00195094 0.0145477 0.00546291 0.000164486
internal_weight=215138 58048.1 53059.1 17078 157090 3784.84 2090.52 1694.32 153305 899.228 1191.29 84.0514 332.99 152316
internal_count=215138 51094 47323 16301 164044 4150 2731 1419 159894 783 1948 241 556 159118
is_linear=0
shrinkage=0.05


Tree=62
num_leaves=15
num_cat=0
split_feature=17 0 3 0 0 17 1 15 3 2 15 2 3 1
split_gain=6.91107 24.6302 38.9761 11.6229 40.0915 29.4327 25.1707 16.1039 13.2232 11.7185 9.51335 11.608 9.43709 13.1951
threshold=0.026671408675611023 0.011299795936793091 0.0085838492959737795 0.009569597430527212 0.0099504948593676108 0.019419306889176372 0.010929288342595102 0.026299252174794677 0.0066445916891098031 0.0063092110212892303 0.025125068612396721 0.0084389690309762972 0.0077221228275448093 0.0064309346489608296
decision_type=2 2 2 2 2 2 2 2 2 2 2 2 2 2
left_child=1 3 -3 7 5 -5 8 10 -6 -7 -1 -12 -9 -14
right_child=-2 2 -4 4 6 9 -8 12 -10 -11 11 -13 13 -15
leaf_value=-0.00017519598809346903 0.00042515601656643051 0.0020110642473477477 -0.023212721897051394 0.0015309013564032776 0.00049795385206223314 0.014781321175061292 0.014988595498682759 -0.0043968796817806296 -0.0043275449101138523 0.0029676573919423495 0.0081600814706904723 -0.0015196239892037357 0.003504927127607374 -0.0027802133948053817
leaf_weight=130063.83846539631 66556.345654357225 313.72457882016897 286.52025022171438 1280.818531986326 4378.6306024398655 992.08295239694417 243.73358912393451 3526.1677570417523 2089.6130636371672 272.91785884276032 739.49754775688052 523.21941663324833 1204.0643822960556 2666.8258160706609
leaf_count=124158 73660 378 82 1346 4276 458 48 2714 1570 380 1141 553 2150 2224
internal_value=1.77267e-06 -0.000187895 -0.0102123 -0.000146547 0.00156781 0.00689713 -0.000460835 -0.00026106 -0.00106523 0.0122758 -0.000133114 0.00416877 -0.00252935 -0.000821188
internal_weight=215138 148582 600.245 147981 9257.8 2545.82 6711.98 138724 6468.24 1265 131327 1262.72 7397.06 3870.89
internal_count=215138 141478 460 141018 8078 2184 5894 132940 5846 838 125852 1694 7088 4374
is_linear=0
shrinkage=0.05


Tree=63
num_leaves=15
num_cat=0
split_feature=15 4 3 3 1 3 15 2 2 4 17 17 17 17
split_gain=6.59617 10.1582 12.9625 15.9836 60.3101 12.9006 17.1907 11.6859 12.0169 59.8996 12.0228 20.8706 25.3864 15.9565
threshold=0.018076570704579357 0.0066007319837808618 0.0068260179832577714 0.0066445916891098031 1.0000000180025095e-35 0.0067797389347106227 0.013158179819583895 0.0080322581343352812 0.0070672258734703073 0.0063492704648524531 0.014389234129339458 0.019803921692073349 0.018693221732974056 0.016001024283468727
decision_type=2 2 2 2 2 2 2 2 2 2 2 2 2 2
left_child=1 2 3 7 5 -5 -7 8 10 -10 -1 12 13 -12
right_child=-2 -3 -4 4 -6 6 -8 -9 9 -11 11 -13 -14 -15
leaf_value=-0.00029615517877400069 0.00037732571421964043 -0.001089332563164621 -0.0010913356386303055 -0.0022114907707424707 0.018492611166381435 0.0011727168772407467 0.020872987842632362 -0.0013053956741816706 0.0016396026300138254 0.032373782445347991 0.0036485202584468808 -0.00035833211991382046 0.0076812142117425033 -0.00039220402772116027
leaf_weight=45804.048562956974 75728.507765486836 26200.25615667738 21829.725085681304 1533.2835793737322 560.46353412047029 397.911337191239 144.14463233947754 11922.835011089221 6772.3433498963714 152.38945499062538 4645.2494547404349 12293.682819688693 2015.0883228331804 5138.071399955079
leaf_count=43601 83082 26697 17989 1219 162 289 100 9314 5622 39 4474 15016 1793 5741
internal_value=1.71295e-06 -0.000202336 3.02189e-06 0.000264545 0.00409412 0.000135645 0.00669465 0.000150353 0.00037643 0.00236166 0.00017944 0.00108339 0.00258467 0.00152815
internal_weight=215138 139409 113209 91379.5 2635.8 2075.34 542.056 88743.7 76820.9 6924.73 69896.1 24092.1 11798.4 9783.32
internal_count=215138 132056 105359 87370 1770 1608 389 85600 76286 5661 70625 27024 12008 10215
is_linear=0
shrinkage=0.05


Tree=64
num_leaves=15
num_cat=0
split_feature=3 2 2 0 15 0 0 1 2 15 3 0 0 0
split_gain=6.15445 8.11049 23.0411 19.7922 13.191 9.20976 10.8129 11.8536 9.13601 7.39574 7.27972 11.7747 13.0582 10.6563
threshold=0.015268065501004459 1.0000000180025095e-35 0.010471491608768703 0.014815627597272398 0.072753287851810469 0.014185110572725536 0.013245614245533945 0.0087337908335030096 0.015504807699471714 0.039823984727263458 0.014599318150430919 0.013986697886139156 0.014185110572725536 0.013986697886139156
decision_type=2 2 2 2 2 2 2 2 2 2 2 2 2 2
left_child=10 9 -3 4 5 6 7 -4 -9 -2 11 -1 -13 -12
right_child=1 2 3 -5 -6 -7 -8 8 -10 -11 13 12 -14 -15
leaf_value=-7.6673397057294069e-05 -0.0066604657038054835 0.0097528419396536656 0.0040250624840004346 0.0030708032988332294 -0.015793937613438735 -0.012999282437424625 0.0085773371803742875 -0.013253820800812924 0.0034247320244225306 0.0059325505860414506 -0.00019716683555994049 0.0074314336547999507 0.0011474509013795402 -0.0061088074415279192
leaf_weight=199064.33162274025 481.15682118199766 848.9035814832896 303.78254140540957 2895.0621087718755 200.48605516180396 155.67123162560165 247.03252282366157 298.48424153029919 107.08343191817403 144.35086570680141 2064.2182131148875 945.41160750389099 6182.7246653810143 1199.3009566720575
leaf_count=200503 630 893 1031 648 94 101 151 332 224 140 2089 760 7185 357
internal_value=1.81213e-06 0.00162403 0.00228948 0.000764154 -0.00430836 -0.00211538 -0.000227618 -0.00337057 -0.00887368 -0.0037067 -4.227e-05 -5.12981e-06 0.00199014 -0.00238164
internal_weight=215138 5682.01 5056.51 4207.6 1312.54 1112.05 956.383 709.35 405.568 625.508 209456 206192 7128.14 3263.52
internal_count=215138 4244 3474 2581 1933 1839 1738 1587 556 770 210894 208448 7945 2446
is_linear=0
shrinkage=0.05


Tree=65
num_leaves=15
num_cat=0
split_feature=15 15 2 2 2 17 4 3 2 17 15 15 2 3
split_gain=5.81098 5.31625 8.04512 6.27754 5.95976 4.92858 27.8661 16.5962 10.4145 9.09321 6.30164 5.92072 6.397 5.52721
threshold=0.00766294775530696 0.0066445916891098031 0.0062696540262550124 0.0070672258734703073 0.0074350468348711738 0.011428944766521456 1.0000000180025095e-35 0.0066445916891098031 0.0067340831737965354 0.011696306522935631 0.013513822108507158 0.014051921665668489 0.0070672258734703073 0.0069204980973154315
decision_type=2 2 2 2 2 2 2 2 2 2 2 2 2 2
left_child=1 2 -1 -3 -5 6 7 11 -8 13 -9 -2 -13 -7
right_child=5 3 -4 4 -6 9 8 10 -10 -11 -12 12 -14 -15
leaf_value=0.00082473220142395001 0.00084790256116580207 -0.0010405657641119135 -0.001826465022748566 0.0027301524171651067 -0.0016103250288556433 0.00045378595608541966 -0.0044277777606309228 0.014060470847313001 0.0066137499328227977 0.00013541881315381999 0.005188863744459103 0.024538969524852471 -0.0016822513372609779 -0.0073546541038539042
leaf_weight=13454.107967795804 1107.242460148409 31160.251112936065 3623.8801743835211 2237.5691284555942 1212.031015297398 345.26928232237697 1453.3757671415806 566.23803062178195 240.94570147432387 158676.61519910581 332.98957329057157 46.625264430418611 37.426161324605346 643.43362829275429
leaf_count=13520 1707 26670 2781 1841 1002 517 1232 227 187 164398 556 187 54 259
internal_value=1.69424e-06 -0.000460352 0.000261419 -0.000816478 0.00120486 0.000147826 0.00192871 0.00577902 -0.00282799 0.000105493 0.0108685 0.00187885 0.0139258 -0.00465059
internal_weight=215138 51687.8 17078 34609.9 3449.6 163450 3784.84 2090.52 1694.32 159665 899.228 1191.29 84.0514 988.703
internal_count=215138 45814 16301 29513 2843 169324 4150 2731 1419 165174 783 1948 241 776
is_linear=0
shrinkage=0.05


Tree=66
num_leaves=15
num_cat=0
split_feature=17 0 3 0 0 3 1 15 3 15 15 3 1 15
split_gain=5.58147 22.4098 35.3639 9.83226 34.6188 27.1516 22.7426 14.8416 11.9932 11.5253 16.5933 8.49373 12.257 18.7378
threshold=0.026671408675611023 0.011299795936793091 0.0085107926279306429 0.009569597430527212 0.0099504948593676108 0.0098524559289217013 0.010929288342595102 0.026299252174794677 0.0066445916891098031 0.016126951202750209 0.0098524559289217013 0.0088890646584332007 0.0085838492959737795 0.045109391212463386
decision_type=2 2 2 2 2 2 2 2 2 2 2 2 2 2
left_child=1 3 -3 7 5 9 8 -1 -6 10 -5 -9 13 -13
right_child=-2 2 -4 4 6 -7 -8 11 -10 -11 -12 12 -14 -15
leaf_value=-0.00011180902370119967 0.00038217971330438297 0.001959161931239922 -0.022063415310865378 0.0023236697328551871 0.00047657261663027432 0.015974366281865517 0.014247758000834507 -0.0037075449062637942 -0.004119019017699504 -0.00063663242260156121 0.015092764883655003 0.0013479065108272033 -0.0041255707338734042 0.025550086419243064
leaf_weight=131326.55542978644 66556.345654357225 312.4736019000411 287.77122714184225 700.72073739022017 4378.6306024398655 564.96882946230471 243.73358912393451 4662.4026602357626 2089.6130636371672 886.55571377649903 393.57406259700656 1516.1059080772102 1144.0212731752545 74.528113920241594
leaf_count=125852 73660 377 83 659 4276 145 48 4174 1570 1150 230 2125 762 27
internal_value=1.69668e-06 -0.000168753 -0.00973064 -0.000129313 0.00144746 0.00639971 -0.000437626 -0.000234637 -0.00101213 0.00360236 0.00701129 -0.00241221 -0.000198294 0.00263442
internal_weight=215138 148582 600.245 147981 9257.8 2545.82 6711.98 138724 6468.24 1980.85 1094.29 7397.06 2734.66 1590.63
internal_count=215138 141478 460 141018 8078 2184 5894 132940 5846 2039 889 7088 2914 2152
is_linear=0
shrinkage=0.05


Tree=67
num_leaves=15
num_cat=0
split_feature=15 15 15 3 0 16 2 4 0 1 4 3 1 15
split_gain=5.54504 9.8836 12.0415 16.2107 48.2593 14.1553 14.3172 13.164 12.9051 12.6715 10.8326 28.1029 13.3944 12.6715
threshold=0.018076570704579357 0.019112596288323406 0.020048827864229683 0.0082988981157541292 0.011299795936793091 2.5000000000000004 0.01183473411947489 0.0087337908335030096 0.015038444194942715 0.013986697886139156 1.0000000180025095e-35 0.0087337908335030096 0.010362972505390646 0.018795092590153221
decision_type=2 2 2 2 2 2 2 2 2 2 2 2 2 2
left_child=-1 10 3 -3 -5 6 8 9 -4 -8 -2 12 -12 -14
right_child=1 2 5 4 -6 -7 7 -9 -10 -11 11 -13 13 -15
leaf_value=-0.00018537480224817252 0.00046929102704850069 0.00060947154927760419 0.0013987337859912982 -0.0027583583384077092 -0.026956494677748223 1.8527760476327097e-05 0.0024764823934930497 0.014473392736650834 -0.0061892512188250143 0.013296501733894335 0.0007862623513748019 0.020635680135923404 0.022943967077847117 -4.5410876491395753e-05
leaf_weight=139409.49270153418 2183.8612681012601 1966.1697107665241 9243.1014995090663 1577.6287058517337 227.56284022331238 55271.714020546526 2371.5109499376267 311.36531505361199 586.63121812045574 296.77941091917455 1195.2675603888929 258.85999638587236 136.83866735175252 101.21660233102739
leaf_count=132056 2533 2885 13440 1010 4 57058 3138 323 652 43 1391 282 218 105
internal_value=1.71075e-06 0.000346098 0.000213235 -0.00253313 -0.00594048 0.00036572 0.00186265 0.00489291 0.000940059 0.00372509 0.00280216 0.00579243 0.00298732 0.0135615
internal_weight=215138 75728.5 71852.5 3771.36 1805.19 68081.1 12809.4 2979.66 9829.73 2668.29 3876.04 1692.18 1433.32 238.055
internal_count=215138 83082 78553 3899 1014 74654 17596 3504 14092 3181 4529 1996 1714 323
is_linear=0
shrinkage=0.05


Tree=68
num_leaves=15
num_cat=0
split_feature=17 1 15 15 1 15 4 3 4 4 1 3 15 4
split_gain=5.38214 9.3184 14.9909 21.6244 10.391 10.3557 10.0132 10.9652 7.44289 16.9548 6.6126 5.82192 19.8184 9.55708
threshold=0.087121214717626586 0.0096620614640414732 0.051552729681134231 0.065891064703464522 0.016001024283468727 0.023088296875357631 0.016261236742138866 0.016001024283468727 0.010362972505390646 0.0090499590151011961 0.015504807699471714 0.015038444194942715 0.068787995725870146 0.015504807699471714
decision_type=2 2 2 2 2 2 2 2 2 2 2 2 2 2
left_child=11 8 5 -4 10 -3 7 -6 9 -2 -5 12 -1 -13
right_child=1 2 3 4 6 -7 -8 -9 -10 -11 -12 13 -14 -15
leaf_value=-3.5621158433817304e-05 0.0049134152747199004 0.006127317531309075 0.0097944956820676873 -0.0022745789046772192 0.0026235473215227025 -0.0090015625368000864 0.0049477787054392156 -0.014484724611845171 0.010326443609447393 -0.016405339145921554 -0.013950974793971532 0.00044521022030093052 -0.0064821073477179126 0.0058348136213892563
leaf_weight=205098.15911287814 799.24514717794955 132.66983656957746 650.41911713592708 325.00242346338928 205.81597930192947 575.76406955160201 776.60790715552866 158.075110219419 453.6337070800364 95.582396022975445 188.19631041772664 3415.3441956862807 1189.2115718908608 1074.273582469672
leaf_count=207242 932 73 609 196 243 586 74 33 727 75 91 3435 425 397
internal_value=1.7204e-06 0.00173832 0.00018742 0.00214557 -0.000903636 -0.0061225 0.00175893 -0.00499696 0.00517625 0.00248008 -0.00674126 -3.42909e-05 -7.30965e-05 0.00174493
internal_weight=215138 4361.01 3012.55 2304.12 1653.7 708.434 1140.5 363.891 1348.46 894.828 513.199 210777 206287 4489.62
internal_count=215138 3639 1905 1246 637 659 350 276 1734 1007 287 211499 207667 3832
is_linear=0
shrinkage=0.05


Tree=69
num_leaves=15
num_cat=0
split_feature=0 1 2 1 1 3 15 15 4 2 4 15 4 3
split_gain=5.15281 10.1959 23.6027 14.7864 11.5461 12.0201 11.4003 11.1471 13.7847 14.2311 10.7775 10.7383 15.8792 16.3114
threshold=0.013423423748463394 0.0098524559289217013 0.0063898416701704272 0.013793759513646366 0.014185110572725536 0.010582306887954475 0.021515546366572384 0.02199993655085564 0.010811126790940763 0.010362972505390646 0.015504807699471714 0.065891064703464522 0.01197647722437978 0.012903762981295587
decision_type=2 2 2 2 2 2 2 2 2 2 2 2 2 2
left_child=-1 2 6 11 -5 -6 -2 -4 -9 -10 -7 12 13 -3
right_child=1 3 7 4 5 10 -8 8 9 -11 -12 -13 -14 -15
leaf_value=-6.4957829212789628e-05 0.0018051906573129689 -0.0070782908046099161 0.018465530370510335 0.0076732943722704955 0.0069089001252828535 -0.0029199311807532203 -0.0046360911605218018 0.0025566801690408893 -0.0087289928977087507 0.011756043718658285 0.0020649445266849439 -0.0072471084847623842 0.0065764051436649059 0.0042814139601544217
leaf_weight=200327.97449771687 1562.0708189290017 1008.8753888234496 141.61647678725421 619.96396737545729 624.82129361666739 2185.4749693889171 1210.8158284407109 2440.374916324392 87.078556429594755 829.63454866036773 2132.7224588245153 1003.1837769001722 513.24554515443742 450.14742364920676
leaf_count=203347 1604 506 100 186 502 974 1324 4389 249 1102 371 194 144 146
internal_value=1.59346e-06 0.000901237 0.00243027 -0.000223387 0.00129801 0.00048453 -0.00101403 0.00515515 0.00454048 0.00973698 -0.000458859 -0.00306265 -0.000908424 -0.00356823
internal_weight=215138 14810 6271.59 8538.43 5562.98 4943.02 2772.89 3498.7 3357.09 916.713 4318.2 2975.45 1972.27 1459.02
internal_count=215138 11791 8768 3023 2033 1847 2928 5840 5740 1351 1345 990 796 652
is_linear=0
shrinkage=0.05


Tree=70
num_leaves=15
num_cat=0
split_feature=1 0 0 1 0 15 1 2 3 4 4 1 17 17
split_gain=4.8429 18.7567 16.0209 18.9598 18.0137 14.3414 14.2248 11.7091 9.22567 11.4828 11.3936 10.5333 19.9524 9.88871
threshold=0.013986697886139156 0.0072203108575195083 0.013793759513646366 0.015268065501004459 0.0082305916585028189 0.024920755065977577 0.014185110572725536 0.015504807699471714 0.010582306887954475 0.015504807699471714 0.011299795936793091 0.015504807699471714 0.087121214717626586 0.069047622382640853
decision_type=2 2 2 2 2 2 2 2 2 2 2 2 2 2
left_child=-1 5 3 -3 -5 -2 -4 -6 -8 10 11 -10 -13 -12
right_child=1 2 6 4 7 -7 8 -9 9 -11 13 12 -14 -15
leaf_value=-5.6530720934974604e-05 -0.0016148308217691647 -0.0057178862412134712 0.010508178841280977 -0.013364107748020479 0.0049475060163496603 0.0059305295723713998 0.0065682148868178858 -0.010488314559445662 0.0082207959496107437 0.0025506260386013967 -0.00022252089021762428 -0.011936903041446324 0.0073521123166308579 -0.0097831907202873426
leaf_weight=202964.65830585361 826.1971376799047 2188.3177237901837 400.10040263831615 170.25421268492937 1240.0537674725056 2589.9904090669006 591.30188346095383 126.85889228060842 343.32296913862228 2049.9103770330548 443.99372331053019 275.96536802686751 243.19431145116687 683.88098313286901
leaf_count=205758 1183 1667 102 301 970 3261 429 233 236 352 109 136 160 241
internal_value=1.58675e-06 0.000969823 -0.000257018 -0.00273845 0.00151263 0.00410631 0.00158204 0.00344919 0.000789973 -6.98136e-05 -0.00276792 0.00155025 -0.002933 -0.00605461
internal_weight=215138 12173.3 8757.15 3725.48 1537.17 3416.19 5031.67 1366.91 4631.57 4040.27 1990.36 862.483 519.16 1127.87
internal_count=215138 9380 4936 3171 1504 4444 1765 1203 1663 1234 882 532 296 350
is_linear=0
shrinkage=0.05


Tree=71
num_leaves=15
num_cat=0
split_feature=15 15 2 2 2 17 4 3 2 17 15 1 0 2
split_gain=4.71329 4.79765 7.27733 5.66625 5.38201 4.63295 25.2097 14.9805 9.42345 7.95403 5.69459 5.4765 5.41635 4.99844
threshold=0.00766294775530696 0.0066445916891098031 1.0000000180025095e-35 0.0070672258734703073 0.0074350468348711738 0.011428944766521456 1.0000000180025095e-35 0.0066445916891098031 0.0067340831737965354 0.011696306522935631 0.013513822108507158 0.0067797389347106227 0.0066007319837808618 0.0063898416701704272
decision_type=2 2 2 2 2 2 2 2 2 2 2 2 2 2
left_child=1 2 -1 -3 -5 6 7 11 -8 13 -9 -2 -12 -7
right_child=5 3 -4 4 -6 9 8 10 -10 -11 12 -13 -14 -15
leaf_value=0.00082431983964149436 0.00027225842483854867 -0.00096584655809837732 -0.0016517861511800146 0.002616865062854315 -0.0015079392934915382 -0.0059525613619950419 -0.0041865312247352064 0.013391966963205501 0.0063162161818855166 0.00012004468579363501 -0.00011861436034251348 0.0092118191286848609 0.012726465716128982 0.0033563058743243737
leaf_weight=13266.256001539528 994.13460934907198 31160.251112936065 3811.7321406397969 2237.5691284555942 1212.031015297398 821.03686407208443 1453.3757671415806 566.23803062178195 240.94570147432387 158676.61519910581 207.36693204939365 197.15927655436099 125.62264124117792 167.66604654304683
leaf_count=13259 1511 26670 3042 1841 1002 476 1232 227 187 164398 394 437 162 300
internal_value=1.49095e-06 -0.000414633 0.000271021 -0.000752945 0.00116743 0.000133099 0.00185974 0.0055219 -0.00266466 9.20555e-05 0.0103573 0.00181612 0.00495704 -0.00435615
internal_weight=215138 51687.8 17078 34609.9 3449.6 163450 3784.84 2090.52 1694.32 159665 899.228 1191.29 332.99 988.703
internal_count=215138 45814 16301 29513 2843 169324 4150 2731 1419 165174 783 1948 556 776
is_linear=0
shrinkage=0.05


Tree=72
num_leaves=15
num_cat=0
split_feature=15 15 15 3 0 16 17 15 4 2 3 15 1 3
split_gain=4.50448 9.1084 10.7325 14.7065 45.0811 12.8023 13.2275 14.6389 13.3108 12.5708 9.95225 20.5814 11.4649 9.83639
threshold=0.018076570704579357 0.019112596288323406 0.020048827864229683 0.0083683477714657801 0.011299795936793091 2.5000000000000004 0.087121214717626586 0.027411146089434627 0.012121656909585001 0.015038444194942715 1.0000000180025095e-35 0.018954408355057243 0.010582306887954475 1.0000000180025095e-35
decision_type=2 2 2 2 2 2 2 2 2 2 2 2 2 2
left_child=-1 10 3 -3 -5 6 7 8 -4 -9 12 -12 -2 -7
right_child=1 2 5 4 -6 13 -8 9 -10 -11 11 -13 -14 -15
leaf_value=-0.00016712398123397445 -0.00075658886195659224 0.00056920757271274026 0.0021406561033394974 -0.0026439992637487426 -0.026423439885267953 -0.0013090844014284392 -0.0095780359411154516 0.0081864741535989678 -0.0024820145102081607 -0.0083346046240052405 0.0031475792170140727 0.018762523095843642 0.0086494725431680401 0.00033835769750112848
leaf_weight=139409.49270153418 2063.6324244514108 1976.0706045273691 9291.6774317733943 1576.6046069059521 218.6860454082489 11408.745348053053 242.82888098433614 1294.9486407153308 1861.651055617258 118.28238444961607 1190.2117087207735 248.17098465934396 374.02897672727704 43862.968672493473
leaf_count=132056 2250 2901 12491 995 3 10140 532 1220 3169 184 1502 238 539 46918
internal_value=1.49654e-06 0.000311893 0.00018435 -0.00240844 -0.00567092 0.000328311 0.00175191 0.00197828 0.00136753 0.00675487 0.00266967 0.00595264 0.000716096 -1.86942e-06
internal_weight=215138 75728.5 71852.5 3771.36 1795.29 68081.1 12809.4 12566.6 11153.3 1413.23 3876.04 1438.38 2437.66 55271.7
internal_count=215138 83082 78553 3899 998 74654 17596 17064 15660 1404 4529 1740 2789 57058
is_linear=0
shrinkage=0.05


Tree=73
num_leaves=15
num_cat=0
split_feature=17 1 15 15 15 1 4 3 2 4 4 3 15 4
split_gain=4.50332 8.42471 12.2851 19.1713 9.19945 8.74144 8.8065 9.88055 6.2963 6.22295 15.4784 4.92722 17.3794 8.89635
threshold=0.087121214717626586 0.0096620614640414732 0.051552729681134231 0.065891064703464522 0.023088296875357631 0.016001024283468727 0.016261236742138866 0.016001024283468727 0.016261236742138866 0.010362972505390646 0.0090499590151011961 0.015038444194942715 0.068787995725870146 0.0077221228275448093
decision_type=2 2 2 2 2 2 2 2 2 2 2 2 2 2
left_child=11 9 4 -4 -3 8 7 -7 -5 10 -2 12 -1 -13
right_child=1 2 3 5 -6 6 -8 -9 -10 -11 -12 13 -14 -15
leaf_value=-3.2147601576614582e-05 0.004716402788129786 0.0059420265682396077 0.009090490603493746 -0.011209619525372742 -0.0083112883589313326 0.0023667113860085746 0.0044528797953753254 -0.013877331337852553 -0.00015605780782852708 0.0095689284781594278 -0.015653278080623539 -0.001488999341248856 -0.0060689307299383998 0.0031992641753654364
leaf_weight=205098.15911287814 799.24514717794955 132.66983656957746 650.41911713592708 282.3613717854023 575.76406955160201 205.81597930192947 776.60790715552866 158.075110219419 230.83736209571362 453.6337070800364 95.582396022975445 1526.6804896816611 1189.2115718908608 2962.9372884742916
leaf_count=207242 932 73 609 151 586 243 74 33 136 727 75 2457 425 1375
internal_value=1.39864e-06 0.0015899 0.000115463 0.00188828 -0.00559649 -0.00098205 0.00146111 -0.00487217 -0.00633573 0.0048588 0.00239163 -3.15417e-05 -6.72411e-05 0.00160527
internal_weight=215138 4361.01 3012.55 2304.12 708.434 1653.7 1140.5 363.891 513.199 1348.46 894.828 210777 206287 4489.62
internal_count=215138 3639 1905 1246 659 637 350 276 287 1734 1007 211499 207667 3832
is_linear=0
shrinkage=0.05


Tree=74
num_leaves=15
num_cat=0
split_feature=3 1 2 4 1 2 1 2 4 2 15 1 3 0
split_gain=4.26954 5.23922 16.2216 7.53015 6.90932 6.14051 3.84654 7.58452 11.7269 6.22192 3.51815 14.1126 19.5344 20.1
threshold=0.016261236742138866 0.0093025267124176043 0.016261236742138866 0.010582306887954475 1.0000000180025095e-35 0.016261236742138866 0.016261236742138866 0.012739370577037336 0.0080972984433174151 0.015038444194942715 0.053412454202771194 0.014185110572725536 1.0000000180025095e-35 0.0063092110212892303
decision_type=2 2 2 2 2 2 2 2 2 2 2 2 2 2
left_child=6 4 3 -3 5 -2 10 8 -8 -9 11 -1 13 -13
right_child=1 2 -4 -5 -6 -7 7 9 -10 -11 -12 12 -14 -15
leaf_value=-4.1602577266499182e-05 0.0057257939683353701 -0.00039883419146106422 0.0051201125229712353 -0.013961875471556466 0.010024775034282353 -0.01351037024123352 0.0044583649900010805 0.011082438572076771 -0.013924156291978549 0.0012259819299713457 -0.00084401355288078912 0.0036090917639125548 0.0066107238099497138 -0.0064039337327524764
leaf_weight=195987.19547690079 90.302192959934473 200.09309712797403 699.04010270349681 200.77152979001403 385.20734999142587 61.176631199195981 211.77368116565049 320.9269462376833 133.13133802637458 315.60415926761925 12563.681334726512 1242.5524640250951 1900.9838623739779 825.56030052527785
leaf_count=202355 243 201 156 83 168 18 305 113 169 198 6116 1144 3196 673
internal_value=1.28809e-06 0.00253758 0.000544017 -0.00736631 0.00653858 -0.00239854 -1.82718e-05 0.00308888 -0.00282959 0.00628997 -3.27655e-05 1.82466e-05 0.00296617 -0.000399543
internal_weight=215138 1636.59 1099.9 400.865 536.686 151.479 213501 981.436 344.905 636.531 212520 199956 3969.1 2068.11
internal_count=215138 869 440 284 429 261 214269 785 474 311 213484 207368 5013 1817
is_linear=0
shrinkage=0.05


Tree=75
num_leaves=15
num_cat=0
split_feature=0 1 2 1 1 1 15 15 1 2 0 0 4 2
split_gain=4.14273 9.01136 21.0783 12.4084 11.599 14.7439 10.3695 10.1246 12.0558 9.13393 8.51042 8.436 10.5224 10.914
threshold=0.013423423748463394 0.0098524559289217013 0.0063898416701704272 0.013072453904896976 0.012121656909585001 0.010256679728627207 0.021515546366572384 0.02199993655085564 0.0063492704648524531 0.015268065501004459 0.015038444194942715 0.013072453904896976 1.0000000180025095e-35 0.012903762981295587
decision_type=2 2 2 2 2 2 2 2 2 2 2 2 2 2
left_child=11 2 6 4 5 -3 -2 -4 9 -9 -8 -1 13 -13
right_child=1 3 7 -5 -6 -7 10 8 -10 -11 -12 12 -14 -15
leaf_value=-2.478649514287021e-05 0.0016795462385211638 -0.0070460572151538753 0.017503684528158547 0.00081022658712048563 -0.0088803242873316379 0.0035626135399345546 -0.00075557005978973274 0.0029956402137042162 0.007848323516524109 -0.0072757368218577326 -0.0091788883778108152 -0.0019103688593099717 0.00083955063895809292 -0.011472589677635269
leaf_weight=198204.23641795851 1562.0708189290017 555.91528804600239 141.61647678725421 6525.3014320228249 689.3483729083091 767.86973075568676 684.28088572248816 1759.7680646628141 1360.3461382798851 236.97381847165525 526.53494271822274 665.97262093611062 919.81439432874322 537.95106449350715
leaf_count=201663 1604 133 100 2278 217 395 803 3703 1728 309 521 719 826 139
internal_value=1.22083e-06 0.000807883 0.00224536 -0.000249354 -0.00367087 -0.000911858 -0.00100939 0.00482042 0.00423499 0.00174645 -0.00446371 -5.84521e-05 -0.00318556 -0.00624238
internal_weight=215138 14810 6271.59 8538.43 2013.13 1323.79 2772.89 3498.7 3357.09 1996.74 1210.82 200328 2123.74 1203.92
internal_count=215138 11791 8768 3023 745 528 2928 5840 5740 4012 1324 203347 1684 858
is_linear=0
shrinkage=0.05


Tree=76
num_leaves=15
num_cat=0
split_feature=15 0 0 2 2 4 17 3 3 2 1 4 1 3
split_gain=3.96699 4.7243 16.9431 4.6411 4.86024 4.42284 14.3476 20.3634 25.8378 22.4914 20.4931 13.8008 20.6582 12.2769
threshold=0.00766294775530696 1.0000000180025095e-35 0.0063492704648524531 0.0070672258734703073 0.0074350468348711738 0.0065147271379828462 0.012579114176332952 0.007272823480889202 0.0066445916891098031 0.0073261056095361718 0.0074350468348711738 0.0070672258734703073 0.0085838492959737795 0.0066007319837808618
decision_type=2 2 2 2 2 2 2 2 2 2 2 2 2 2
left_child=1 3 -3 -1 -5 6 7 8 9 -2 -10 12 -7 -13
right_child=5 2 -4 4 -6 11 -8 -9 10 -11 -12 13 -14 -15
leaf_value=-0.00079244075580845678 -0.00010345834819554284 0.0084755106981960725 5.3383721464397881e-05 0.0024998286985569661 -0.0014199847510243703 -0.0041068170721545172 0.00017856555499482462 -0.0034329723385928589 0.0081466465887469995 0.0084650692832814092 0.030381879045107016 -0.00063223711810920299 0.0020937570590167801 0.00076168382273827549
leaf_weight=37199.811468796805 3072.3820457234979 623.48967561498284 10414.938110703602 2237.5691284555942 1212.031015297398 4734.558557331562 87241.867833454162 1132.3558534439653 1083.8855788577348 1010.0348945595324 107.11323996633291 32359.959652142599 1866.5983148720115 30841.405097801238
leaf_count=32753 3820 881 9337 1841 1002 4585 90160 944 1115 587 48 35422 2995 29648
internal_value=1.13361e-06 -0.000380628 0.000536336 -0.000629702 0.00112246 0.000121874 0.000346409 0.00262848 0.00393408 0.00203199 0.0103827 -0.000179371 -0.00235298 4.79902e-05
internal_weight=215138 51687.8 11038.4 40649.4 3449.6 163450 93647.6 6405.77 5273.42 4082.42 1191 69802.5 6601.16 63201.4
internal_count=215138 45814 10218 35596 2843 169324 96674 6514 5570 4407 1163 72650 7580 65070
is_linear=0
shrinkage=0.05


Tree=77
num_leaves=15
num_cat=0
split_feature=0 3 2 3 15 1 1 2 0 3 15 3 2 2
split_gain=3.84165 7.89767 16.1703 12.0273 11.3559 9.93356 9.6489 7.55455 14.6554 5.16231 20.3539 8.56326 8.17756 12.9649
threshold=0.015749008394777778 0.015749008394777778 0.014389234129339458 0.011299795936793091 0.051552729681134231 0.010152545757591726 0.014599318150430919 0.0064725596457719812 0.016261236742138866 0.015749008394777778 0.072753287851810469 0.015268065501004459 1.0000000180025095e-35 0.010471491608768703
decision_type=2 2 2 2 2 2 2 2 2 2 2 2 2 2
left_child=9 2 3 7 -5 -4 -3 8 -2 11 12 -1 -11 -14
right_child=1 6 5 4 -6 -7 -8 -9 -10 10 -12 -13 13 -15
leaf_value=-3.6764625739882899e-05 -0.011243354290178595 0.0091729406582784865 0.00443802560997319 -0.013516833245284916 0.0040143232197443444 -0.0074544596789834607 0.0015694992191154342 0.0097080488739014516 0.0073348158306585313 -0.0089905683465333983 -0.014634644629217351 0.003511550827927284 0.0087001891153016316 -0.0023759814424485406
leaf_weight=207289.46106784604 151.0382932741195 572.51886042952538 213.09670354798436 173.40121908485889 179.0258399695158 855.77048595435917 1490.6025897711515 559.04199228063226 301.71826607175171 212.43345368467271 288.3691759519279 1704.3985737692565 394.71670478396118 752.40724060125649
leaf_count=208777 263 172 358 221 183 261 197 695 221 357 122 1602 470 1239
internal_value=1.19439e-06 0.00144572 -0.000484575 0.00311439 -0.00474631 -0.00506433 0.00371353 0.00587207 0.00102816 -2.97067e-05 -0.00280874 -7.66057e-06 -0.000211862 0.0014775
internal_weight=215138 4496.21 2433.09 1364.23 352.427 1068.87 2063.12 1011.8 452.757 210642 1647.93 208994 1359.56 1147.12
internal_count=215138 2571 2202 1583 404 619 369 1179 484 212567 2188 210379 2066 1709
is_linear=0
shrinkage=0.05


Tree=78
num_leaves=15
num_cat=0
split_feature=15 15 4 3 1 4 1 15 3 0 1 4 4 15
split_gain=3.63936 8.44136 9.92777 24.0132 11.4396 10.4659 10.2794 9.38216 13.1733 41.07 12.2319 13.5312 16.5552 14.3204
threshold=0.018076570704579357 0.019112596288323406 1.0000000180025095e-35 0.0087337908335030096 0.010582306887954475 0.009756329935044052 0.011173533275723459 0.020048827864229683 0.0083683477714657801 0.011299795936793091 0.0062696540262550124 0.013793759513646366 0.0065147271379828462 0.038640202954411514
decision_type=2 2 2 2 2 2 2 2 2 2 2 2 2 2
left_child=-1 2 -2 4 -4 -5 -6 8 -3 -10 11 12 -9 -13
right_child=1 7 3 5 6 -7 -8 10 9 -11 -12 13 -14 -15
leaf_value=-0.00015045376597904049 0.0003172449305286454 0.00055123310845441541 0.00090822520183571689 0.0086161096263173333 0.025712041010495418 0.029278628732395118 0.003661901943106294 0.0024911868219611769 -0.0024658858087410421 -0.025162108279529628 -0.00014537644095590182 0.010344590851996648 -0.00046910204640096889 0.00027907194138666137
leaf_weight=139409.49270153418 2183.8612681012601 1976.0706045273691 1220.2748115137219 136.17614671960473 85.148763220757246 122.68384966626763 127.89925533719361 9132.7608243133873 1576.6046069059521 218.6860454082489 47753.526109144092 807.21322127617896 9764.0394211728126 623.56283817999065
leaf_count=132056 2533 2901 1416 261 74 21 224 15661 995 3 40077 1691 15705 1520
internal_value=1.11189e-06 0.000280114 0.00254991 0.00541251 0.00281906 0.0191336 0.0132323 0.000157333 -0.00226686 -0.0053546 0.000291935 0.00131883 0.000962157 0.00599021
internal_weight=215138 75728.5 3876.04 1692.18 1433.32 258.86 213.048 71852.5 3771.36 1795.29 68081.1 20327.6 18896.8 1430.78
internal_count=215138 83082 4529 1996 1714 282 298 78553 3899 998 74654 34577 31366 3211
is_linear=0
shrinkage=0.05


Tree=79
num_leaves=15
num_cat=0
split_feature=0 3 2 3 15 1 15 1 2 0 2 16 0 0
split_gain=3.43369 7.21731 14.4629 10.9142 10.4234 9.24198 9.97597 8.70067 6.78151 13.3267 4.71783 10.5845 20.6784 10.1456
threshold=0.015749008394777778 0.015749008394777778 0.014389234129339458 0.011299795936793091 0.051552729681134231 0.014389234129339458 0.049011643975973136 0.014599318150430919 0.0064725596457719812 0.016261236742138866 0.016001024283468727 4.5000000000000009 0.014185110572725536 0.015038444194942715
decision_type=2 2 2 2 2 2 2 2 2 2 2 2 2 2
left_child=10 2 3 8 -5 6 -4 -3 9 -2 -1 12 -12 -13
right_child=1 7 5 4 -6 -7 -8 -9 -10 -11 11 13 -14 -15
leaf_value=-1.0663576457903323e-05 -0.010738210603526383 0.008719040989688889 -0.0066173421744025991 -0.012964655269384376 0.0038317278960692883 -0.01067164607668911 0.0055111826377720417 0.0014987674811926463 0.0091869385114755273 0.0069777368548139236 0.0086322860993896765 -0.009921565343267302 -0.015422788852094596 0.0063547937780341268
leaf_weight=209522.86947013997 151.0382932741195 572.51886042952538 364.27610811032355 173.40121908485889 179.0258399695158 404.35771596990526 300.23336542211473 1490.6025897711515 559.04199228063226 301.71826607175171 343.85630093701184 557.34028521552682 109.71896065957844 108.00119968503714
leaf_count=211144 263 172 103 221 183 198 318 197 695 221 612 598 87 126
internal_value=1.18128e-06 0.00136686 -0.000478368 0.00292539 -0.00456213 -0.00480953 -0.00113706 0.0035348 0.00555254 0.000963411 -2.8033e-05 -0.00325165 0.00260624 -0.00722454
internal_weight=215138 4496.21 2433.09 1364.23 352.427 1068.87 664.509 2063.12 1011.8 452.757 210642 1118.92 453.575 665.341
internal_count=215138 2571 2202 1583 404 619 421 369 1179 484 212567 1423 699 724
is_linear=0
shrinkage=0.05


Tree=80
num_leaves=15
num_cat=0
split_feature=15 3 2 0 0 4 17 17 2 4 3 3 1 3
split_gain=3.41904 6.38031 5.00026 4.83983 15.2962 4.47961 13.9984 13.9175 18.398 40.754 13.3977 32.2721 18.69 11.1166
threshold=0.0079052620567381399 0.0074350468348711738 0.0070672258734703073 1.0000000180025095e-35 0.0063492704648524531 0.0065147271379828462 0.013423423748463394 0.012739370577037336 0.0073261056095361718 0.0063492704648524531 0.007272823480889202 0.0066445916891098031 0.0074350468348711738 0.012270400300621988
decision_type=2 2 2 2 2 2 2 2 2 2 2 2 2 2
left_child=1 2 3 -1 -5 7 -7 8 10 -10 11 -2 -13 -9
right_child=5 -3 -4 4 -6 6 -8 13 9 -11 -12 12 -14 -15
leaf_value=-0.00063922979757434929 -7.8178170828045051e-05 -0.0026994139168555488 0.0012973808402178789 0.008068161885238425 9.070613086319846e-05 -0.0029346908798961483 4.4636170161937476e-06 2.8540077494382071e-05 0.0032316178561705706 0.032399474680761618 -0.0038385061199337589 0.0077458724075269124 0.02900151275606512 0.0021423734976014791
leaf_weight=38061.911512210965 2563.6541006490588 2691.7073042374104 4989.0691496971995 623.48967561498284 11681.960424434394 4312.5402881931514 64511.466460306197 76309.443314841017 459.28978860378265 153.29112920723855 857.31575166061521 1053.9844437725842 107.21998737566173 6761.6571362167597
leaf_count=34105 3327 1879 3771 881 10458 3877 67864 77956 615 37 682 1040 51 8595
internal_value=1.08584e-06 -0.000326783 -0.000210947 -0.00036058 0.000501129 0.000122254 -0.000180105 0.000358007 0.00286618 0.0109337 0.00176619 0.00306299 0.00993938 0.000200835
internal_weight=215138 58048.1 55356.4 50367.4 12305.5 157090 68824 88265.9 5194.76 612.581 4582.17 3724.86 1161.2 83071.1
internal_count=215138 51094 49215 45444 11339 164044 71741 92303 5752 652 5100 4418 1091 86551
is_linear=0
shrinkage=0.05


Tree=81
num_leaves=15
num_cat=0
split_feature=1 0 0 1 2 3 4 0 2 1 15 0 3 3
split_gain=3.29534 15.4767 16.9109 17.6858 17.9746 13.4885 26.7454 15.5185 19.6698 13.1856 12.6209 8.43527 10.1762 14.4752
threshold=0.013986697886139156 0.0085107926279306429 0.013793759513646366 0.015268065501004459 1.0000000180025095e-35 1.0000000180025095e-35 0.015038444194942715 0.0063092110212892303 0.012422839645296337 0.014185110572725536 0.065891064703464522 0.0068729333579540261 0.011050061322748663 0.012422839645296337
decision_type=2 2 2 2 2 2 2 2 2 2 2 2 2 2
left_child=-1 5 3 -3 -5 6 7 8 -2 -4 -6 12 -7 -14
right_child=1 2 9 4 10 11 -8 -9 -10 -11 -12 -13 13 -15
leaf_value=-4.6737576554554651e-05 0.00071385993571449163 -0.0060752674491571217 0.0099750240340233214 -0.011873159831507779 0.0074275180983660594 0.0090793625244336689 -0.018726977683899054 -0.010862525974029032 0.013978135206513604 0.00061913190117549358 -0.0056923717694498258 0.011594174164161851 -0.008693856966901314 0.0050011847790829358
leaf_weight=202964.65830585361 1179.580720635131 2032.5974232461303 400.10040263831615 196.38540513254702 761.19729739055037 622.67842479981482 157.88058754429221 192.55326431430876 356.7709282245487 4631.5696155540645 232.31771820783615 528.11597385071218 269.82841577753425 611.76598385162652
leaf_count=205758 1347 1265 102 205 687 1734 112 278 51 1663 254 797 216 669
internal_value=1.2031e-06 0.000799895 -0.000429148 -0.00325168 0.00158202 0.00338288 0.000333106 0.00217132 0.00386456 0.00138139 0.00433349 0.00619868 0.00424038 0.000759065
internal_weight=215138 12173.3 8254.17 3222.5 1189.9 3919.17 1886.79 1728.9 1536.35 5031.67 993.515 2032.39 1504.27 881.594
internal_count=215138 9380 4176 2411 1146 5204 1788 1676 1398 1765 941 3416 2619 885
is_linear=0
shrinkage=0.05


Tree=82
num_leaves=15
num_cat=0
split_feature=15 4 17 4 3 2 17 15 2 15 0 3 3 17
split_gain=3.04891 4.41668 3.9376 19.7777 11.0246 8.51263 6.33533 5.33011 5.80042 5.18106 4.96155 4.44304 3.64045 3.15722
threshold=0.00766294775530696 0.0072203108575195083 0.011428944766521456 1.0000000180025095e-35 0.0066445916891098031 0.0067340831737965354 0.011696306522935631 0.014051921665668489 0.0070672258734703073 0.013513822108507158 0.0066007319837808618 0.0069204980973154315 0.0074350468348711738 0.012121656909585001
decision_type=2 2 2 2 2 2 2 2 2 2 2 2 2 2
left_child=1 12 3 4 7 -5 11 -2 -9 -6 -11 -4 -1 -8
right_child=2 -3 6 5 9 -7 13 8 -10 10 -12 -13 -14 -15
leaf_value=-0.00016423577365409106 0.00078328371460230817 -0.0025762177586773835 0.00066876755477779761 -0.0037562326834941389 0.011978224587925223 0.0062235290947669055 0.0024398945069309627 0.023298388957441501 -0.0016573976151293497 -0.00084843028507421028 0.011413774991091032 -0.0063254264165277276 -0.0027181764413343203 7.2919082271931236e-05
leaf_weight=48164.778063558042 1107.242460148409 2096.0320274587721 345.26928232237697 1453.3757671415806 566.23803062178195 240.94570147432387 1411.5766195785254 46.625264430418611 37.426161324605346 207.36693204939365 125.62264124117792 643.43362829275429 1427.0293078515679 157265.03857952729
leaf_count=43076 1707 1789 517 1232 227 187 1341 187 54 394 162 259 949 163057
internal_value=1.13461e-06 -0.000333548 0.000106985 0.00169879 0.00494241 -0.00230884 6.91478e-05 0.00176126 0.0131914 0.00909107 0.00397547 -0.00390071 -0.00023826 9.4128e-05
internal_weight=215138 51687.8 163450 3784.84 2090.52 1694.32 159665 1191.29 84.0514 899.228 332.99 988.703 49591.8 158677
internal_count=215138 45814 169324 4150 2731 1419 165174 1948 241 783 556 776 44025 164398
is_linear=0
shrinkage=0.05


Tree=83
num_leaves=15
num_cat=0
split_feature=3 1 2 4 1 2 1 2 4 2 15 1 3 4
split_gain=2.9739 4.42436 14.4604 6.70955 5.34774 4.88389 2.98887 6.52397 10.4613 5.03326 3.69404 11.8718 16.2824 13.2921
threshold=0.016261236742138866 0.0093025267124176043 0.016261236742138866 0.010582306887954475 1.0000000180025095e-35 0.016261236742138866 0.016261236742138866 0.012739370577037336 0.0080972984433174151 0.015038444194942715 0.053412454202771194 0.014185110572725536 0.012739370577037336 0.015038444194942715
decision_type=2 2 2 2 2 2 2 2 2 2 2 2 2 2
left_child=6 4 3 -3 5 -2 10 8 -8 -9 11 -1 13 -13
right_child=1 2 -4 -5 -6 -7 7 9 -10 -11 -12 12 -14 -15
leaf_value=-3.0553883841822183e-05 0.0051703820276384612 -0.00059035907533390507 0.0046104573348325411 -0.013404587660469392 0.00886120553924509 -0.011983040212046693 0.004123921692389728 0.010003906502288469 -0.013239912587683509 0.0011374281531948971 -0.00085921165006849244 0.0021082992769111699 0.010199113999106004 -0.011615390620774586
leaf_weight=195987.19547690079 90.302192959934473 200.09309712797403 699.04010270349681 200.77152979001403 385.20734999142587 61.176631199195981 211.77368116565049 320.9269462376833 133.13133802637458 315.60415926761925 12563.681334726512 3185.6740338671952 606.56550033949316 176.85709271766245
leaf_count=202355 243 201 156 83 168 18 305 113 169 198 6116 4175 606 232
internal_value=1.16813e-06 0.00211793 0.00028801 -0.00717836 0.00579437 -0.00207031 -1.51563e-05 0.00272377 -0.00276262 0.00569333 -2.79325e-05 2.43389e-05 0.00272812 0.00135418
internal_weight=215138 1636.59 1099.9 400.865 536.686 151.479 213501 981.436 344.905 636.531 212520 199956 3969.1 3362.53
internal_count=215138 869 440 284 429 261 214269 785 474 311 213484 207368 5013 4407
is_linear=0
shrinkage=0.05


Tree=84
num_leaves=15
num_cat=0
split_feature=0 0 4 2 1 2 1 15 4 3 15 4 2 17
split_gain=2.94499 7.61408 9.75946 9.65892 7.60438 17.6361 10.7444 9.96208 13.0081 13.0768 9.38501 11.5669 12.4385 10.8465
threshold=0.013423423748463394 0.013072453904896976 1.0000000180025095e-35 0.012903762981295587 0.0098524559289217013 0.0063898416701704272 0.013793759513646366 0.065891064703464522 0.01197647722437978 0.013423423748463394 0.02199993655085564 0.010811126790940763 0.010362972505390646 0.054093567654490478
decision_type=2 2 2 2 2 2 2 2 2 2 2 2 2 2
left_child=1 -1 3 -3 5 -2 7 8 9 -6 -7 -12 -13 -14
right_child=4 2 -4 -5 6 10 -8 -9 -10 -11 11 12 13 -15
leaf_value=-1.7232364822648274e-05 -0.00097525850762187791 -0.0018871000136521663 0.00085590607338730744 -0.010884677242422229 -0.0059525337962287803 0.016562666588610758 0.0010071021592032163 -0.0067401846352103823 0.0061366732211010147 0.0045452283352148291 0.0019794076667043431 -0.0086786111285626476 0.02156432326615685 0.0073696302871673535
leaf_weight=198204.23641795851 2772.8866473697126 665.97262093611062 919.81439432874322 537.95106449350715 1056.4472106434405 141.61647678725421 5562.9826892055571 1003.1837769001722 513.24554515443742 402.57560182921588 2440.374916324392 87.078556429594755 166.66112318821251 662.97342547215521
leaf_count=201663 2928 719 826 139 521 100 2033 194 144 131 4389 249 188 914
internal_value=1.09689e-06 -4.92157e-05 -0.00302008 -0.00596405 0.000681224 0.00200173 -0.000289914 -0.0027101 -0.000636557 -0.00304475 0.00435719 0.00379465 0.00855349 0.010444
internal_weight=215138 200328 2123.74 1203.92 14810 6271.59 8538.43 2975.45 1972.27 1459.02 3498.7 3357.09 916.713 829.635
internal_count=215138 203347 1684 858 11791 8768 3023 990 796 652 5840 5740 1351 1102
is_linear=0
shrinkage=0.05


Tree=85
num_leaves=15
num_cat=0
split_feature=15 15 4 3 1 15 15 0 0 1 4 4 3 15
split_gain=2.83378 7.81665 9.04119 22.1128 12.4802 11.1672 8.42386 12.4672 38.6929 10.9517 12.0255 14.4051 14.8669 13.3448
threshold=0.018076570704579357 0.019112596288323406 1.0000000180025095e-35 0.0066890381276607522 0.010362972505390646 0.018795092590153221 0.020048827864229683 0.011428944766521456 0.011299795936793091 0.0062696540262550124 0.013793759513646366 0.0063898416701704272 0.012739370577037336 0.038640202954411514
decision_type=2 2 2 2 2 2 2 2 2 2 2 2 2 2
left_child=-1 2 -2 4 -4 -6 7 8 -3 10 11 -8 -13 -12
right_child=1 6 3 -5 5 -7 9 -9 -10 -11 13 12 -14 -15
leaf_value=-0.00013264301082253834 0.00030085095162272568 -0.0014324679879552217 -0.00041798509325508248 0.015319371475170891 0.02084977060624461 -0.00067164802205053528 0.0023747082425745079 0.010673052995593662 -0.022405790526042951 -0.00015709815301339074 0.0098355497816299334 0.00040160387626048642 -0.0050072401166013723 0.00012139542343674907
leaf_weight=139409.49270153418 2183.8612681012601 3375.5180641599 1056.2988253235817 397.82873145118356 136.83866735175252 101.21660233102739 8767.8349707238376 170.45718925073743 225.38600343093276 47753.526109144092 807.21322127617896 8650.0469548404217 1478.9183199219406 623.56283817999065
leaf_count=132056 2533 3550 1229 444 218 105 15173 324 25 40077 1691 13986 2207 1520
internal_value=1.09989e-06 0.000247294 0.00243149 0.00516327 0.00194821 0.0120411 0.000129147 -0.0021679 -0.00280363 0.000256692 0.00122837 0.000892131 -0.000392295 0.00563214
internal_weight=215138 75728.5 3876.04 1692.18 1294.35 238.055 71852.5 3771.36 3600.9 68081.1 20327.6 18896.8 10129 1430.78
internal_count=215138 83082 4529 1996 1552 323 78553 3899 3575 74654 34577 31366 16193 3211
is_linear=0
shrinkage=0.05


Tree=86
num_leaves=15
num_cat=0
split_feature=1 0 17 3 15 15 3 1 17 0 0 4 16 15
split_gain=2.81898 20.1892 34.262 16.2175 17.486 17.612 16.9779 16.5739 14.9133 14.1321 12.5779 10.0002 15.0549 14.187
threshold=0.010929288342595102 0.0085107926279306429 0.025978407822549347 0.0062696540262550124 0.042441550642251975 0.040608879178762443 0.0089687905274331587 0.012903762981295587 0.057189542800188072 0.0067340831737965354 0.010362972505390646 0.0070672258734703073 2.5000000000000004 0.027870323508977893
decision_type=2 2 2 2 2 2 2 2 2 2 2 2 2 2
left_child=-1 3 -3 4 5 11 7 -5 -8 -10 -4 12 13 -2
right_child=1 2 10 6 -6 -7 8 -9 9 -11 -12 -13 -14 -15
leaf_value=-6.9488517889609421e-05 -0.00046023131318718145 0.016985786546748923 -0.0045808829221412554 0.0034912646524379366 -0.017098884173063555 0.018899074468869504 -0.00098086637537288484 0.013714061981006923 0.0024209345272349081 0.013022180378955318 -0.00047731987312370775 0.0031082260746404123 -0.0088201237025213874 0.011485652225652317
leaf_weight=186729.57428592443 4567.4286283608526 257.50539478100836 2170.1541772726923 834.73386602476239 127.78161096200347 123.16420088335872 1755.5431492738426 761.505789142102 975.99426659010351 458.1068415902555 13037.839669946581 2582.7995300479233 503.05743714049459 252.81161908060312
leaf_count=188921 7249 106 1775 1965 72 44 1779 2482 1120 539 5231 3353 460 42
internal_value=1.11387e-06 0.000465047 -0.000754175 0.00192135 0.000564027 0.000866043 0.00422877 0.00842319 0.00210993 0.0058741 -0.00106552 0.000561598 -0.000677506 0.000188787
internal_weight=215138 28408.4 15465.5 12942.9 8157.04 8029.26 4785.88 1596.24 3189.64 1434.1 15208 7906.1 5323.3 4820.24
internal_count=215138 26217 7112 19105 11220 11148 7885 4447 3438 1659 7006 11104 7751 7291
is_linear=0
shrinkage=0.05


Tree=87
num_leaves=15
num_cat=0
split_feature=0 15 16 1 1 1 3 3 4 1 3 15 15 15
split_gain=2.76251 6.40366 12.9228 7.14673 11.7589 10.4837 15.3205 6.59815 7.95416 6.76752 4.93234 17.8193 7.6335 9.19491
threshold=0.015749008394777778 0.022627523168921474 2.5000000000000004 0.0098524559289217013 0.016001024283468727 0.014599318150430919 0.011428944766521456 0.012739370577037336 0.0078432578593492525 0.0080972984433174151 0.015749008394777778 0.072753287851810469 0.072753287851810469 0.068787995725870146
decision_type=2 2 2 2 2 2 2 2 2 2 2 2 2 2
left_child=10 -2 -3 7 5 6 -5 -4 9 -9 12 -12 13 -1
right_child=1 2 3 4 -6 -7 -8 8 -10 -11 11 -13 -14 -15
leaf_value=2.1990708497484172e-07 0.0073309407022349926 -0.0091953323971356703 0.01124310480587664 -0.006226164475680359 0.0032990591972019648 -0.0076168837081330588 0.0074348963861179812 -0.011100083610404352 0.008961639204226584 0.004208716066838954 -0.00031079618769932343 -0.013806643547159478 0.0044745354867431779 -0.0046104183700973033
leaf_weight=206979.46252048947 382.26781984977424 298.99659824930131 307.42999407276511 384.18971895612776 1577.3107732832432 644.81365447863936 418.32484609633684 138.26731385104358 211.73943091742694 132.87410062924027 1359.5573990698904 288.3691759519279 937.37084169499576 1077.0262794308364
leaf_count=209747 282 426 747 77 253 226 138 203 197 22 2066 122 240 392
internal_value=1.17589e-06 0.00122613 0.00064247 0.00143553 0.000322692 -0.00292136 0.000898766 0.00563729 0.0019126 -0.00371508 -2.50281e-05 -0.00274145 -3.4788e-06 -2.3868e-05
internal_weight=215138 4496.21 4113.95 3814.95 3024.64 1447.33 802.515 790.311 482.881 271.141 210642 1647.93 208994 208056
internal_count=215138 2571 2289 1863 694 441 215 1169 422 225 212567 2188 210379 210139
is_linear=0
shrinkage=0.05


Tree=88
num_leaves=15
num_cat=0
split_feature=0 0 3 1 4 1 17 3 4 4 2 1 3 3
split_gain=2.70075 6.85425 9.42885 9.84584 13.3854 8.04142 6.33713 11.919 9.70365 21.8675 9.09811 8.43314 9.35438 10.9047
threshold=0.013423423748463394 0.013072453904896976 0.013245614245533945 0.0079682543873786944 0.0078432578593492525 0.010582306887954475 0.054093567654490478 0.014185110572725536 0.01197647722437978 0.0074350468348711738 0.013986697886139156 0.013245614245533945 0.01183473411947489 0.009569597430527212
decision_type=2 2 2 2 2 2 2 2 2 2 2 2 2 2
left_child=1 -1 3 4 -3 -5 7 8 9 10 -2 12 13 -10
right_child=6 2 -4 5 -6 -7 -8 -9 11 -11 -12 -13 -14 -15
leaf_value=-1.6732358750166887e-05 0.004053795217172299 -0.0032105539572790977 0.0051442607626499973 -0.012505426746956885 0.01290677026605461 -0.0034625969575755875 6.8149129234662374e-05 0.016093335236977282 0.017698013800089177 -0.0065189588674044192 -0.010590153441279965 0.00039356066988666051 0.021423892796438075 -0.0068560772318291803
leaf_weight=198204.23641795851 2026.270321989432 663.48568184114993 305.46377774514258 441.23858564160764 149.28896214067936 564.26107238978148 11233.552310347557 144.10953870601952 71.748353160917759 761.11254349537194 102.45758195780218 222.39979464933276 155.74994336627424 92.625581631436944
leaf_count=201663 2429 794 268 133 268 221 8139 59 159 704 104 48 77 72
internal_value=1.10326e-06 -4.70779e-05 -0.00286581 -0.00423225 -0.000129265 -0.00751489 0.000652418 0.00248227 0.00186572 0.000702393 0.00330275 0.00793748 0.0130078 0.00426196
internal_weight=215138 200328 2123.74 1818.27 812.775 1005.5 14810 3576.47 3432.36 2889.84 2128.73 542.524 320.124 164.374
internal_count=215138 203347 1684 1416 1062 354 11791 3652 3593 3237 2533 356 308 231
is_linear=0
shrinkage=0.05


Tree=89
num_leaves=15
num_cat=0
split_feature=1 0 17 3 1 3 15 15 0 0 0 15 2 3
split_gain=2.5873 18.1875 31.0232 14.665 15.9008 16.1845 15.899 16.0238 11.3697 9.43776 27.7611 18.615 16.4584 15.2412
threshold=0.010929288342595102 0.0085107926279306429 0.025978407822549347 0.0062696540262550124 0.012121656909585001 0.0088890646584332007 0.042441550642251975 0.040608879178762443 0.010362972505390646 0.009569597430527212 0.0099504948593676108 0.036218382418155677 0.0086581707000732439 0.0065574476029723891
decision_type=2 2 2 2 2 2 2 2 2 2 2 2 2 2
left_child=9 3 -3 6 -5 -6 7 -2 -4 -1 11 -11 13 -12
right_child=1 2 8 4 5 -7 -8 -9 -10 10 12 -13 -14 -15
leaf_value=-0.00021559495513547548 0.0005346780082389344 0.016169039895191108 -0.0043501409561999514 -0.00040044580916444913 0.011270409363719886 0.0036386123786196533 -0.016305225262384461 0.018025845462506414 -0.00044865052052691983 0.002811184687074328 0.00040386226723138795 0.011422392662036488 0.0018413120334714065 -0.0028765038266703995
leaf_weight=158800.31237738207 7906.0972146298736 257.50539478100836 2170.1541772726923 1426.2877769749612 981.54065714776516 2378.0554784983397 127.78161096200347 123.16420088335872 13037.839669946581 2280.2008882332593 9616.6166077274829 861.39982987567782 9578.3812070097774 5592.6633756961673
leaf_count=157845 11104 106 1775 1919 3121 2845 72 44 5231 2502 10163 540 13083 4788
internal_value=1.12863e-06 0.000445589 -0.000711615 0.00182781 0.00402202 0.00589515 0.000537085 0.000825071 -0.00100788 -6.65103e-05 0.00078093 0.00520106 0.000218849 -0.000803471
internal_weight=215138 28408.4 15465.5 12942.9 4785.88 3359.6 8157.04 8029.26 15208 186730 27929.3 3141.6 24787.7 15209.3
internal_count=215138 26217 7112 19105 7885 5966 11220 11148 7006 188921 31076 3042 28034 14951
is_linear=0
shrinkage=0.05


Tree=90
num_leaves=15
num_cat=0
split_feature=3 1 2 4 1 2 1 2 4 2 15 15 4 1
split_gain=2.4662 3.80276 12.8484 5.75044 4.52714 4.52687 2.55802 5.56483 8.9657 4.49891 3.2779 9.31553 13.6583 9.6069
threshold=0.016261236742138866 0.0093025267124176043 0.016261236742138866 0.010582306887954475 1.0000000180025095e-35 0.016261236742138866 0.016261236742138866 0.012739370577037336 0.0080972984433174151 0.015038444194942715 0.053412454202771194 0.052494525909423835 0.009756329935044052 0.014185110572725536
decision_type=2 2 2 2 2 2 2 2 2 2 2 2 2 2
left_child=6 4 3 -3 5 -2 10 8 -8 -9 11 13 -13 -1
right_child=1 2 -4 -5 -6 -7 7 9 -10 -11 -12 12 -14 -15
leaf_value=-4.8676329583368687e-05 0.0050652289139417987 -0.00069796451827730229 0.0043073562168366086 -0.012569394841662883 0.0081588849759603402 -0.011446828126384406 0.0038279269483780121 0.0093376185028219132 -0.01224667187698948 0.00095956446775893704 -0.00080857562164996985 0.010324978289006905 -0.0018693383955875242 0.0024585231383413247
leaf_weight=195150.31944359094 90.302192959934473 200.09309712797403 699.04010270349681 200.77152979001403 385.20734999142587 61.176631199195981 211.77368116565049 320.9269462376833 133.13133802637458 315.60415926761925 12563.681334726512 516.28732203505933 402.66827876679599 3887.0170594323426
leaf_count=201898 243 201 156 83 168 18 305 113 169 198 6116 309 298 4863
internal_value=1.16865e-06 0.0019288 0.000232615 -0.00680494 0.00533717 -0.00189928 -1.36972e-05 0.00252014 -0.00254702 0.00526271 -2.55167e-05 2.37225e-05 0.00501906 4.08037e-07
internal_weight=215138 1636.59 1099.9 400.865 536.686 151.479 213501 981.436 344.905 636.531 212520 199956 918.956 199037
internal_count=215138 869 440 284 429 261 214269 785 474 311 213484 207368 607 206761
is_linear=0
shrinkage=0.05


Tree=91
num_leaves=15
num_cat=0
split_feature=0 0 3 1 4 1 4 17 3 4 4 2 2 1
split_gain=2.43159 6.28485 8.61928 8.94887 12.1481 7.40367 6.23413 5.80397 10.7841 8.94613 19.6537 8.40318 11.2043 7.63378
threshold=0.013423423748463394 0.013072453904896976 0.013245614245533945 0.0079682543873786944 0.0078432578593492525 0.010582306887954475 0.010695492848753931 0.054093567654490478 0.014185110572725536 0.01197647722437978 0.0074350468348711738 0.0096620614640414732 0.0063492704648524531 0.013245614245533945
decision_type=2 2 2 2 2 2 2 2 2 2 2 2 2 2
left_child=1 -1 3 4 -3 -5 -4 8 9 10 11 12 -2 -11
right_child=7 2 6 5 -6 -7 -8 -9 -10 13 -12 -13 -14 -15
leaf_value=-1.5538271915982077e-05 0.0022775025486856462 -0.003073586827429337 0.011066216941469136 -0.011968001400625273 0.012280768456431735 -0.0032921710025204083 -0.0029484596823496998 5.9982785311460442e-05 0.015317281818426374 0.012437847081842882 -0.0061792180778184698 -0.0021277805847285834 0.011572875479269763 0.00043351907180550408
leaf_weight=198204.23641795851 1123.7977330517024 663.48568184114993 169.10260635055602 441.23858564160764 149.28896214067936 564.26107238978148 136.36117139458656 11233.552310347557 144.10953870601952 320.12387815862894 761.11254349537194 555.2996583301574 449.63051256537437 222.39979464933276
leaf_count=201663 1168 794 155 133 268 221 113 8139 59 308 704 850 515 48
internal_value=1.12124e-06 -4.4596e-05 -0.00274371 -0.00405017 -0.000138344 -0.00717971 0.00491482 0.000619129 0.00237032 0.00178382 0.000666853 0.00313207 0.00499011 0.00761376
internal_weight=215138 200328 2123.74 1818.27 812.775 1005.5 305.464 14810 3576.47 3432.36 2889.84 2128.73 1573.43 542.524
internal_count=215138 203347 1684 1416 1062 354 268 11791 3652 3593 3237 2533 1683 356
is_linear=0
shrinkage=0.05


Tree=92
num_leaves=15
num_cat=0
split_feature=4 3 3 1 4 4 4 3 15 3 1 0 3 0
split_gain=2.43081 11.0473 16.4567 13.5362 18.0965 12.9947 16.3515 12.9512 14.6924 12.8551 12.4609 15.0739 23.325 19.5007
threshold=0.0066007319837808618 0.0066007319837808618 0.011050061322748663 0.010050504934042694 0.014599318150430919 0.0077221228275448093 0.0090499590151011961 0.011428944766521456 0.061578528955578811 0.013793759513646366 0.013986697886139156 0.010471491608768703 0.0067797389347106227 0.009756329935044052
decision_type=2 2 2 2 2 2 2 2 2 2 2 2 2 2
left_child=-1 3 10 -2 -5 7 -7 -4 -9 -8 11 13 -13 -3
right_child=1 2 5 4 -6 6 9 8 -10 -11 -12 12 -14 -15
leaf_value=0.00012302549975277586 -0.0011825426140433663 0.0014215000334292481 0.0092139095196890827 0.0023775050485350499 -0.0054286520184680482 0.0042705471432420601 -0.002299636984181965 -0.0070641008572313538 0.0066860835245121757 0.00075905287079978349 0.0068788735193723236 0.015524432121382698 -0.0028917501155737964 0.0086533587876615938
leaf_weight=140993.12159177102 34091.405059205368 10858.764219984412 153.39371795207262 5509.0639869701117 848.22166010178626 1854.2764186467975 6638.4428680930287 1678.9878266137093 211.55907911993563 7099.8383972793818 1034.0054072439671 172.52153556793928 2983.8347237091511 1010.5639747623354
leaf_count=139317 36096 14876 226 5812 785 1950 4683 1834 234 3349 2195 96 3039 646
internal_value=1.14844e-06 -0.000230597 0.000438016 -0.000787563 0.00132908 -0.000616275 -0.000123748 -0.00435471 -0.00549832 -0.000719527 0.00159549 0.00122757 -0.0018393 0.00204399
internal_weight=215138 74144.9 33696.2 40448.7 6357.29 17636.5 15592.6 2043.94 1890.55 13738.3 16059.7 15025.7 3156.36 11869.3
internal_count=215138 75821 33128 42693 6597 12276 9982 2294 2068 8032 20852 18657 3135 15522
is_linear=0
shrinkage=0.05


Tree=93
num_leaves=15
num_cat=0
split_feature=0 15 16 1 3 2 1 3 4 1 3 15 2 2
split_gain=2.30236 5.82978 11.4971 6.27564 10.744 14.3894 7.62064 6.19665 6.95869 6.16994 4.8206 15.774 7.23035 11.1175
threshold=0.015749008394777778 0.022627523168921474 2.5000000000000004 0.0098524559289217013 0.015504807699471714 0.014389234129339458 0.015038444194942715 0.012739370577037336 0.0078432578593492525 0.0080972984433174151 0.015749008394777778 0.072753287851810469 0.0063492704648524531 0.010471491608768703
decision_type=2 2 2 2 2 2 2 2 2 2 2 2 2 2
left_child=10 -2 -3 7 5 -5 -7 -4 9 -9 -1 12 -12 -14
right_child=1 2 3 4 -6 6 -8 8 -10 -11 11 -13 13 -15
leaf_value=-1.4413929324160163e-06 0.0069441937643301855 -0.0087163854065226681 0.010679457351458577 0.0040504846822783155 0.0027345902592185792 -0.0030666177349914937 -0.012962422297168527 -0.010666483674308988 0.008238967522851982 0.0039530582386176827 -0.008520856940779099 -0.013119170786346649 0.007968700910411311 -0.0023465133514397434
leaf_weight=208993.8596416153 382.26781984977424 298.99659824930131 307.42999407276511 427.04537077993155 1791.5267463009804 477.56704387813807 328.49983185529709 138.26731385104358 211.73943091742694 132.87410062924027 219.49423083476722 288.3691759519279 387.65592763386667 752.40724060125649
leaf_count=210379 282 426 747 181 256 99 158 203 197 22 375 122 452 1239
internal_value=1.17714e-06 0.00111947 0.000562707 0.00131084 0.000268145 -0.0033084 -0.00720892 0.00524819 0.00164381 -0.00361633 -2.27451e-05 -0.00270823 -0.000420344 0.00119976
internal_weight=215138 4496.21 4113.95 3814.95 3024.64 1233.11 806.067 790.311 482.881 271.141 210642 1647.93 1359.56 1140.06
internal_count=215138 2571 2289 1863 694 438 257 1169 422 225 212567 2188 2066 1691
is_linear=0
shrinkage=0.05


Tree=94
num_leaves=15
num_cat=0
split_feature=15 15 2 2 2 17 4 3 2 17 15 2 15 0
split_gain=2.29159 4.01965 6.26575 4.14345 4.59696 3.78421 17.7751 9.95407 7.73271 5.66819 4.91975 5.35006 4.66544 4.5107
threshold=0.00766294775530696 0.0066445916891098031 0.0062696540262550124 0.0070672258734703073 0.0071685509756207475 0.011428944766521456 1.0000000180025095e-35 0.0066445916891098031 0.0066890381276607522 0.011696306522935631 0.014051921665668489 0.0070672258734703073 0.013513822108507158 0.0066007319837808618
decision_type=2 2 2 2 2 2 2 2 2 2 2 2 2 2
left_child=1 2 -1 -3 -5 6 7 10 -8 -7 -2 -12 -9 -14
right_child=5 3 -4 4 -6 9 8 12 -10 -11 11 -13 13 -15
leaf_value=0.00083557234438497239 0.00076551280587297381 -0.0007808145793936084 -0.001504185146557438 0.0048420760132571964 0.00016827045769018468 -0.0036992632592574184 -0.0035690270723664286 0.011410571059628725 0.0057410769108402872 7.938794301356092e-05 0.022393127234671295 -0.0015775480598033413 -0.00078633909947060292 0.01090637780733688
leaf_weight=13454.107967795804 1107.242460148409 31160.251112936065 3623.8801743835211 637.397112833336 2812.2030309196562 988.70291061513126 1440.0134157929569 566.23803062178195 254.3080528229475 158676.61519910581 46.625264430418611 37.426161324605346 207.36693204939365 125.62264124117792
leaf_count=13520 1707 26670 2781 542 2301 776 1214 227 205 164398 187 54 394 162
internal_value=1.08377e-06 -0.000289071 0.000338496 -0.000598747 0.00104337 9.28514e-05 0.00165334 0.0047283 -0.00214615 5.5759e-05 0.00170521 0.0126867 0.00867047 0.00381419
internal_weight=215138 51687.8 17078 34609.9 3449.6 163450 3784.84 2090.52 1694.32 159665 1191.29 84.0514 899.228 332.99
internal_count=215138 45814 16301 29513 2843 169324 4150 2731 1419 165174 1948 241 783 556
is_linear=0
shrinkage=0.05


Tree=95
num_leaves=15
num_cat=0
split_feature=4 3 3 1 4 4 4 3 15 3 1 4 4 0
split_gain=2.17562 9.85697 14.9529 12.1319 16.3168 11.6664 14.7347 11.7115 13.3003 11.6171 12.3039 23.5798 16.3549 14.4219
threshold=0.0066007319837808618 0.0066007319837808618 0.011050061322748663 0.010050504934042694 0.014599318150430919 0.0077221228275448093 0.0090499590151011961 0.011428944766521456 0.061578528955578811 0.013793759513646366 0.0065147271379828462 0.0093025267124176043 0.0094788861460983771 0.0062696540262550124
decision_type=2 2 2 2 2 2 2 2 2 2 2 2 2 2
left_child=-1 3 -3 -2 -5 7 -7 -4 -9 10 12 -12 -8 -14
right_child=1 2 5 4 -6 6 9 8 -10 -11 11 -13 13 -15
leaf_value=0.00011643693996089315 -0.0011181438056024854 0.0015167751460282482 0.0087690051483135228 0.0022551694011664772 -0.0051572004280099025 0.0040465789328300158 -0.0087826162274465581 -0.0067110374895456813 0.0063712990772036267 0.00071520274715511259 0.012268483488142893 -0.0041923469843023267 -0.0019053790617855196 0.0083510934528050959
leaf_weight=140993.12159177102 34091.405059205368 16059.689861267805 153.39371795207262 5509.0639869701117 848.22166010178626 1854.2764186467975 305.6915643401444 1678.9878266137093 211.55907911993563 7099.8383972793818 218.48154652677476 4739.797633131966 608.11137232556939 766.36075176857412
leaf_count=139317 36096 20852 226 5812 785 1950 203 1834 234 3349 87 2219 785 1389
internal_value=1.13472e-06 -0.000218109 0.000413456 -0.000744213 0.00125963 -0.00059151 -0.000124828 -0.00413373 -0.00522126 -0.000690383 -0.00219248 -0.00344378 0.00149875 0.00383231
internal_weight=215138 74144.9 33696.2 40448.7 6357.29 17636.5 15592.6 2043.94 1890.55 13738.3 6638.44 4958.28 1680.16 1374.47
internal_count=215138 75821 33128 42693 6597 12276 9982 2294 2068 8032 4683 2306 2377 2174
is_linear=0
shrinkage=0.05


Tree=96
num_leaves=15
num_cat=0
split_feature=4 15 15 17 1 1 3 1 1 0 2 0 3 0
split_gain=2.14281 5.31743 9.77999 14.7373 9.40531 17.1532 17.0514 8.36822 10.2446 7.2599 10.1408 7.07869 6.56207 8.50919
threshold=0.016001024283468727 0.065891064703464522 0.063645914196968092 0.054093567654490478 0.015504807699471714 0.013793759513646366 0.015038444194942715 0.012422839645296337 0.010256679728627207 0.012903762981295587 0.013986697886139156 0.014599318150430919 0.014185110572725536 0.015038444194942715
decision_type=2 2 2 2 2 2 2 2 2 2 2 2 2 2
left_child=1 2 -1 -4 5 7 11 8 -3 -5 -11 -7 -6 -14
right_child=-2 4 3 9 12 6 -8 -9 -10 10 -12 -13 13 -15
leaf_value=-6.3904687093514483e-06 0.0014475076526360919 0.0093123242269320429 0.012404479725723163 -0.0053422521990293499 0.0010319612767116413 -0.0051590991585676272 0.0080700366859335609 -0.007469622502234795 -0.0071119482683026135 -0.0018680948150810034 0.012975387138907472 0.0031411571001407979 -0.015253101958983368 -0.0042903662326426676
leaf_weight=207321.60824691691 2520.5481845363975 188.98623717576265 387.43840166553855 305.65210294350982 261.14287015981972 585.35343213193119 808.76971018128097 887.99915311485529 171.88273177295923 265.17785019986331 190.4050614386797 442.92086924985051 263.6117663513869 536.50384918227792
leaf_count=211268 1715 156 52 169 275 197 206 139 62 137 230 166 212 154
internal_value=1.11643e-06 -1.60976e-05 1.92107e-05 0.00460009 -0.00178675 -0.000384223 0.00268467 -0.00488394 0.00150858 0.000518625 0.004481 -0.00158801 -0.00582336 -0.00804593
internal_weight=215138 212617 208470 1148.67 4147.17 3085.91 1837.04 1248.87 360.869 761.235 455.583 1028.27 1061.26 800.116
internal_count=215138 213423 211856 588 1567 926 569 357 218 536 367 363 641 366
is_linear=0
shrinkage=0.05


Tree=97
num_leaves=15
num_cat=0
split_feature=15 0 0 17 4 3 1 15 4 17 15 15 3 2
split_gain=2.05674 3.65009 13.6413 3.46369 16.0506 9.95459 8.527 8.70513 6.45791 5.17334 4.44632 4.33259 4.16602 3.30789
threshold=0.00766294775530696 1.0000000180025095e-35 0.0063492704648524531 0.011428944766521456 0.0063492704648524531 0.0070176301524043092 1.0000000180025095e-35 0.013158179819583895 0.0071175277698785075 0.011696306522935631 0.013333629816770555 0.013513822108507158 0.0069204980973154315 0.0070672258734703073
decision_type=2 2 2 2 2 2 2 2 2 2 2 2 2 2
left_child=1 13 -3 4 5 6 -2 -8 -6 12 -9 -7 -5 -1
right_child=3 2 -4 9 8 11 7 10 -10 -11 -12 -13 -14 -15
leaf_value=-0.00063015733912437008 -0.00065473303776402249 0.0076558671109654324 9.8756398936096805e-05 0.00088383491149961885 -0.0036892198517595159 0.021168394271126455 0.010173056933944899 -0.0071233892889542641 0.0058158541763298714 7.509052002202429e-05 0.0036370107921986426 0.0075115524109039544 -0.0058831768121440408 0.00098643821998707854
leaf_weight=37199.811468796805 893.86412481404841 623.48967561498284 10414.938110703602 345.26928232237697 1309.2773912530392 98.231970371678472 566.87794015184045 112.25123734399676 197.55274699628353 158676.61519910581 440.57715678215027 166.2103907186538 643.43362829275429 3449.6001437529922
leaf_count=32753 1391 881 9337 517 1031 31 328 152 215 164398 721 281 259 2843
internal_value=1.06493e-06 -0.00027382 0.000532152 8.80033e-05 0.00158094 0.00422176 0.00298716 0.00587456 -0.00241293 5.25165e-05 0.00136438 0.0131711 -0.00353485 -0.000492761
internal_weight=215138 51687.8 11038.4 163450 3784.84 2278.01 2013.57 1119.71 1506.83 159665 552.828 264.442 988.703 40649.4
internal_count=215138 45814 10218 169324 4150 2904 2592 1201 1246 165174 873 312 776 35596
is_linear=0
shrinkage=0.05


Tree=98
num_leaves=15
num_cat=0
split_feature=0 0 3 1 4 1 17 17 3 4 4 2 1 3
split_gain=1.99989 5.77826 7.8669 8.13521 11.0369 6.63303 5.55406 5.42378 9.60549 8.10351 17.585 7.97612 6.9104 8.62736
threshold=0.013423423748463394 0.013072453904896976 0.013245614245533945 0.0079682543873786944 0.0078432578593492525 0.010582306887954475 0.039230769500136382 0.054093567654490478 0.014185110572725536 0.01197647722437978 0.0074350468348711738 0.013986697886139156 0.013245614245533945 0.01183473411947489
decision_type=2 2 2 2 2 2 2 2 2 2 2 2 2 2
left_child=1 -1 3 4 6 -5 -3 8 9 10 11 -2 13 -11
right_child=7 2 -4 5 -6 -7 -8 -9 -10 12 -12 -13 -14 -15
leaf_value=-1.2494158997019502e-05 0.0036732808582937075 -0.0071091751624875778 0.0046883420421048603 -0.01139318766253206 0.011691097245984161 -0.0031791857689720615 0.0019562700063486221 2.1084863550418005e-05 0.014473559531267336 0.0034862584686728665 -0.0058380100241033073 -0.010035477545701953 0.00041764582784718232 0.019912660635136265
leaf_weight=198204.23641795851 2026.270321989432 356.22020395845175 305.46377774514258 441.23858564160764 149.28896214067936 564.26107238978148 307.26547788269818 11233.552310347557 144.10953870601952 164.3739347923547 761.11254349537194 102.45758195780218 222.39979464933276 155.74994336627424
leaf_count=201663 2429 344 268 133 268 221 450 8139 59 231 704 104 48 77
internal_value=1.10478e-06 -4.03561e-05 -0.00262841 -0.00387651 -0.000146582 -0.00686039 -0.00294419 0.000561574 0.00225444 0.00170085 0.000637781 0.00296963 0.00724946 0.0118393
internal_weight=215138 200328 2123.74 1818.27 812.775 1005.5 663.486 14810 3576.47 3432.36 2889.84 2128.73 542.524 320.124
internal_count=215138 203347 1684 1416 1062 354 794 11791 3652 3593 3237 2533 356 308
is_linear=0
shrinkage=0.05


Tree=99
num_leaves=15
num_cat=0
split_feature=4 3 3 0 4 3 3 15 2 15 17 1 1 0
split_gain=1.96191 8.74456 13.7704 11.1331 19.643 24.7866 22.8583 19.0964 16.1148 22.0657 15.7814 15.674 14.5977 13.8738
threshold=0.0066007319837808618 0.0066007319837808618 0.011050061322748663 0.0072203108575195083 0.00766294775530696 0.0067797389347106227 0.0069687257055193194 0.043982923030853278 0.0089687905274331587 0.042929289862513549 0.025978407822549347 0.013986697886139156 0.010471491608768703 0.013072453904896976
decision_type=2 2 2 2 2 2 2 2 2 2 2 2 2 2
left_child=-1 -2 3 7 6 -6 -5 -3 9 -8 -10 -7 -9 -13
right_child=1 2 -4 4 5 11 8 12 10 -11 -12 13 -14 -15
leaf_value=0.00011059538269845709 -0.00070262323559037738 0.0021068606880592033 -0.00057664092608046709 -0.0060941135047697789 0.015813851569425323 -0.0030663033672806276 0.013381962297854186 0.023432841690380929 -0.0069263891058868009 -0.0068163884573935159 0.010782967364117864 -0.0014363817892918266 0.0052904540428980393 0.013466469602610196
leaf_weight=140993.12159177102 40448.690706277266 7990.7753449622542 17636.498307704926 411.64028479345143 190.32327825948596 4791.4745405949652 919.81519072316587 174.96327617205679 323.65516206435859 151.8915416393429 191.94292218610644 340.1221369355917 297.01159907877445 276.07458385825157
leaf_count=139317 42693 12087 12276 154 219 5247 676 136 177 169 557 542 625 263
internal_value=1.10246e-06 -0.000207095 0.000387766 0.00144656 5.6638e-05 -0.00146316 0.00429889 0.00269275 0.00701541 0.0104827 -0.000253961 -0.00209929 0.0123626 0.00534897
internal_weight=215138 74144.9 33696.2 16059.7 7596.94 5597.99 1998.95 8462.75 1587.3 1071.71 515.598 5407.67 471.975 616.197
internal_count=215138 75821 33128 20852 8004 6271 1733 12848 1579 845 734 6052 761 805
is_linear=0
shrinkage=0.05


Tree=100
num_leaves=15
num_cat=0
split_feature=4 15 1 1 3 3 15 0 17 1 1 1 4 3
split_gain=1.97741 4.7983 8.74615 10.7981 8.96575 14.2361 8.58801 13.2686 15.4277 7.61067 9.29428 7.04228 6.52424 6.36842
threshold=0.016001024283468727 0.065891064703464522 0.016001024283468727 0.013793759513646366 0.015038444194942715 0.015504807699471714 0.063645914196968092 0.01183473411947489 0.054093567654490478 0.012422839645296337 0.010256679728627207 0.014599318150430919 0.012739370577037336 0.014599318150430919
decision_type=2 2 2 2 2 2 2 2 2 2 2 2 2 2
left_child=1 6 3 9 -5 -6 -1 -8 -9 10 -3 12 -10 -4
right_child=-2 2 13 4 5 -7 7 8 11 -11 -12 -13 -14 -15
leaf_value=-5.8022642590152834e-06 0.0013906321711095206 0.008892887120522908 0.0013256897962779478 -0.0018176047910671797 0.010451397625288933 -0.00065582964365031829 -0.0061953101621524355 0.015643719400852237 -0.0079995724010586775 -0.0071013041413850696 -0.0067512757558734898 0.0093259796421246918 0.0046827393825236282 -0.011652122031957222
leaf_weight=207321.60824691691 2520.5481845363975 188.98623717576265 127.74366796016693 1278.1473200917244 504.82276370562613 653.66039223782718 231.45053880661726 321.87337063997984 198.51403780467808 887.99915311485529 171.88273177295923 208.61275361478329 188.22271538153291 333.92835326120257
leaf_count=211268 1715 156 199 524 93 224 114 43 123 139 62 192 116 170
internal_value=1.18391e-06 -1.53524e-05 -0.00169736 -0.000874393 0.00106433 0.0042323 1.81881e-05 0.00431084 0.00700017 -0.00463539 0.00146041 0.00214584 -0.00186471 -0.00810921
internal_weight=215138 212617 4147.17 3685.5 2436.63 1158.48 208470 1148.67 917.223 1248.87 360.869 595.35 386.737 461.672
internal_count=215138 213423 1567 1198 841 317 211856 588 474 357 218 431 239 369
is_linear=0
shrinkage=0.05


Tree=101
num_leaves=15
num_cat=0
split_feature=1 0 17 3 1 3 15 15 0 1 3 3 4 16
split_gain=1.96571 14.9068 25.5799 13.0183 13.7753 13.9308 13.7256 14.3831 10.2552 8.77327 8.51196 13.0839 8.49853 13.8104
threshold=0.010929288342595102 0.0085107926279306429 0.025978407822549347 0.0062696540262550124 0.012121656909585001 0.0088890646584332007 0.042441550642251975 0.040608879178762443 0.010362972505390646 0.011428944766521456 0.012739370577037336 0.011050061322748663 0.0070672258734703073 2.5000000000000004
decision_type=2 2 2 2 2 2 2 2 2 2 2 2 2 2
left_child=-1 3 -3 6 -5 -6 7 12 9 -4 11 -7 13 -2
right_child=1 2 8 4 5 10 -8 -9 -10 -11 -12 -13 -14 -15
leaf_value=-5.7809862182029447e-05 0.00010433930925471836 0.014669273039028938 0.0058945907128587173 -0.00040880325548048021 0.010437587130264554 0.0051905095696252327 -0.015224666179509967 0.016987817700527767 -0.00039700972286818857 -0.0050948869499782244 0.0062617132010800037 -0.0053596484136865475 0.0027643172632917656 -0.0085243353949882601
leaf_weight=186729.57428592443 4820.2402474414557 257.50539478100836 191.54769559763372 1426.2877769749612 981.54065714776516 621.93791595473886 127.78161096200347 123.16420088335872 13037.839669946581 1978.6064816750586 1216.7628794480115 539.35468309558928 2582.7995300479233 503.05743714049459
leaf_count=188921 7291 106 106 1919 3121 994 72 44 5231 1669 1280 571 3353 460
internal_value=1.14684e-06 0.000388555 -0.000659087 0.00163992 0.00370724 0.0054507 0.000423938 0.000691606 -0.000928099 -0.00410232 0.00335728 0.000286634 0.000416598 -0.000725534
internal_weight=215138 28408.4 15465.5 12942.9 4785.88 3359.6 8157.04 8029.26 15208 2170.15 2378.06 1161.29 7906.1 5323.3
internal_count=215138 26217 7112 19105 7885 5966 11220 11148 7006 1775 2845 1565 11104 7751
is_linear=0
shrinkage=0.05


Tree=102
num_leaves=15
num_cat=0
split_feature=0 15 16 1 3 2 1 3 15 3 15 2 2 2
split_gain=1.94543 5.31307 10.3112 5.37144 9.58122 13.2239 7.0832 5.71679 5.18119 4.36437 14.0066 6.57389 9.80621 9.64953
threshold=0.015749008394777778 0.022627523168921474 2.5000000000000004 0.0098524559289217013 0.015504807699471714 0.014389234129339458 0.015038444194942715 0.012270400300621988 0.050598848611116416 0.015749008394777778 0.072753287851810469 0.0063492704648524531 0.010471491608768703 0.01197647722437978
decision_type=2 2 2 2 2 2 2 2 2 2 2 2 2 2
left_child=9 -2 -3 7 5 -5 -7 -4 -9 -1 11 -11 -13 -14
right_child=1 2 3 4 -6 6 -8 8 -10 10 -12 12 13 -15
leaf_value=-5.6650786500962689e-07 0.0065896296701640142 -0.0082896568837817122 0.010427898294016361 0.0039182464826684879 0.0025708323626787814 -0.0028835826275142146 -0.01242137653850835 -0.0073596589594839036 0.0043285031695037652 -0.0081439284600884603 -0.012386482982019113 0.0074822024748100518 -0.014275132201600716 0.00040965795596469717
leaf_weight=208993.8596416153 382.26781984977424 298.99659824930131 282.11882280744612 427.04537077993155 1791.5267463009804 477.56704387813807 328.49983185529709 114.21105489507318 393.98096176795661 219.49423083476722 288.3691759519279 387.65592763386667 126.05841545946896 626.34882514178753
leaf_count=210379 282 426 687 181 256 99 158 179 303 375 122 452 158 1081
internal_value=1.15286e-06 0.00102911 0.000497701 0.00120628 0.000241644 -0.00313578 -0.00687514 0.00484895 0.00161037 -2.0837e-05 -0.00257608 -0.000419996 0.00112496 -0.0022056
internal_weight=215138 4496.21 4113.95 3814.95 3024.64 1233.11 806.067 790.311 508.192 210642 1647.93 1359.56 1140.06 752.407
internal_count=215138 2571 2289 1863 694 438 257 1169 482 212567 2188 2066 1691 1239
is_linear=0
shrinkage=0.05


Tree=103
num_leaves=15
num_cat=0
split_feature=0 0 3 1 4 1 15 4 17 15 3 4 4 17
split_gain=1.8787 5.23022 7.16532 7.36054 10.1312 5.98043 5.42642 5.28847 4.99035 5.13531 4.93231 18.1981 13.7288 7.64094
threshold=0.013423423748463394 0.013072453904896976 0.013245614245533945 0.0079682543873786944 0.0078432578593492525 0.010582306887954475 0.039436522871255882 0.010695492848753931 0.039230769500136382 0.022319905459880832 0.0093898782506585139 0.011561079882085325 0.0083683477714657801 0.057189542800188072
decision_type=2 2 2 2 2 2 2 2 2 2 2 2 2 2
left_child=1 -1 3 4 8 -5 -6 -4 9 -3 11 12 13 -2
right_child=10 2 7 5 6 -7 -8 -9 -10 -11 -12 -13 -14 -15
leaf_value=-1.2651854727064197e-05 0.0039290749459641242 -0.010568365691809458 0.010147550006467184 -0.010835037349745572 0.018577935484110766 -0.0030350231788522954 -0.00029506745540123006 -0.0027585834733577712 0.0018210133279294321 0.0022891308601780441 -0.000113385805605109 0.0090051281497059467 -0.0069193098037669126 -0.00055290480981440391
leaf_weight=198204.23641795851 1832.3542766720057 249.88919688202441 169.10260635055602 441.23858564160764 87.15014198794961 564.26107238978148 62.13882015272975 136.36117139458656 307.26547788269818 106.33100707642734 9750.2367685325444 738.87919285707176 527.67789988219738 1960.8778313603252
leaf_count=201663 2375 163 155 133 126 221 142 113 450 181 5881 738 657 2140
internal_value=1.02536e-06 -3.91596e-05 -0.00250142 -0.0036926 -0.000144632 -0.00653086 0.011197 0.00448135 -0.00282495 -0.00677272 0.000544247 0.00180923 0.000560778 0.00161679
internal_weight=215138 200328 2123.74 1818.27 812.775 1005.5 149.289 305.464 663.486 356.22 14810 5059.79 4320.91 3793.23
internal_count=215138 203347 1684 1416 1062 354 268 268 794 344 11791 5910 5172 4515
is_linear=0
shrinkage=0.05


Tree=104
num_leaves=15
num_cat=0
split_feature=4 3 17 0 15 3 15 15 15 3 16 15 15 2
split_gain=1.87871 8.49237 25.1969 19.252 16.8854 20.0982 16.6156 16.4213 15.3896 13.6554 12.0101 17.1587 22.509 15.3135
threshold=0.0066007319837808618 0.007272823480889202 0.029857398010790352 0.011173533275723459 0.025914725847542289 0.0082988981157541292 0.023407606407999996 0.033695921301841743 0.02422361355274916 0.0075472774915397176 3.5000000000000004 0.031045448966324333 0.025320834480226043 0.0073801742400974044
decision_type=2 2 2 2 2 2 2 2 2 2 2 2 2 2
left_child=1 10 3 -3 5 -4 -7 -6 -8 -9 11 12 -1 -12
right_child=-2 2 4 -5 7 6 8 9 -10 -11 13 -13 -14 -15
leaf_value=0.00025121929828380169 -0.00020273588987770375 -0.001222325994163701 0.017693104209565592 -0.0082084366461325393 -0.0033250306848940587 0.00084426215351869431 0.014256602258136046 -0.0076211023816377069 0.0025663479964499985 0.0022247864564803057 -0.0037451151063349741 -0.005434410948287274 0.0053755285395982897 0.01212806059228563
leaf_weight=101955.89849403873 74144.878875249997 21934.732972351834 239.0689770206809 1023.0884212441742 2571.466064395383 2664.0020372141153 523.89631353877485 369.23863314278424 607.06214074976742 4969.0500811971724 220.64272555150092 1284.0006759539247 2179.0723759364337 451.90167943574488
leaf_count=99960 75821 19556 369 500 3329 3275 463 106 774 6624 495 666 2514 686
internal_value=9.98958e-07 0.000108145 -0.000568307 -0.00153709 0.00129358 0.00392171 0.00300994 -5.00454e-05 0.00805914 0.00153079 0.000330714 0.000287882 0.000358954 0.00694195
internal_weight=215138 140993 34901.6 22957.8 11943.8 4034.03 3794.96 7909.75 1130.96 5338.29 106092 105419 104135 672.544
internal_count=215138 139317 34996 20056 14940 4881 4512 10059 1237 6730 104321 103140 102474 1181
is_linear=0
shrinkage=0.05


Tree=105
num_leaves=15
num_cat=0
split_feature=15 15 2 2 2 4 1 0 0 15 1 15 0 1
split_gain=1.90954 3.40964 5.52908 3.34306 3.48725 3.31904 3.83145 5.7093 9.32156 3.19174 25.4285 10.9928 9.77414 9.56773
threshold=0.00766294775530696 0.0066445916891098031 0.0062696540262550124 0.0069687257055193194 0.0074350468348711738 0.0064309346489608296 0.0064309346489608296 1.0000000180025095e-35 0.0063092110212892303 0.010362972505390646 0.009569597430527212 0.010582306887954475 0.0083683477714657801 0.0098524559289217013
decision_type=2 2 2 2 2 2 2 2 2 2 2 2 2 2
left_child=1 2 5 -3 -5 6 7 -1 -9 10 12 -11 -2 -12
right_child=9 3 -4 4 -6 -7 -8 8 -10 11 13 -13 -14 -15
leaf_value=-0.00063896160977267079 -0.00015823091523911386 -0.0007288922226454022 -0.0014168358893461544 0.0017392472030175491 -0.0014488035758153397 0.0034416562253118659 0.0026684734797632042 0.009400358820966034 0.00095021923361893494 -0.0036595443363012467 0.0097625982476550743 1.756989626510004e-05 0.0019577096333549251 0.0027453438106556697
leaf_weight=7041.2243561893702 33436.042207980528 30523.160218566656 3623.8801743835211 2874.6600228250027 1212.031015297398 1068.6759351771325 1809.2628722414374 354.12193332985044 3180.8228708580136 2057.6909216120839 901.88680156879127 119479.11462057941 6512.0909855850041 1063.3355308268219
leaf_count=6565 31221 26095 2781 2416 1002 882 2408 492 3173 1949 922 128567 5110 1555
internal_value=1.00846e-06 -0.000263857 0.000314131 -0.00054907 0.000792506 0.000781075 0.000548916 0.000184146 0.00182086 8.4778e-05 0.000460966 -4.49818e-05 0.0001871 0.00599885
internal_weight=215138 51687.8 17078 34609.9 4086.69 13454.1 12385.4 10576.2 3534.94 163450 41913.4 121537 39948.1 1965.22
internal_count=215138 45814 16301 29513 3418 13520 12638 10230 3665 169324 38808 130516 36331 2477
is_linear=0
shrinkage=0.05


Tree=106
num_leaves=15
num_cat=0
split_feature=0 15 2 2 3 1 15 15 15 3 15 3 4 0
split_gain=1.79287 4.81692 9.24884 6.34796 12.9622 11.4184 6.12248 6.00204 5.30117 4.05404 12.548 6.54121 15.3723 10.3446
threshold=0.015749008394777778 0.022627523168921474 0.0092167854309082049 0.014389234129339458 0.015504807699471714 0.014599318150430919 0.032516051083803184 0.049011643975973136 0.056850064545869834 0.015749008394777778 0.072753287851810469 0.015038444194942715 0.015038444194942715 0.013986697886139156
decision_type=2 2 2 2 2 2 2 2 2 2 2 2 2 2
left_child=9 -2 6 8 5 7 -3 -5 -4 11 -11 -1 13 -13
right_child=1 2 3 4 -6 -7 -8 -9 -10 10 -12 12 -14 -15
leaf_value=-3.3487326323660767e-05 0.0062823907564207738 -0.011729538475618707 0.0079127965038701901 -0.0048822083390223543 0.0025732536326695324 -0.011768549652977358 0.00061653095136888808 0.0045479744687843271 -0.0011633232625255063 -0.00044174706761231861 -0.011768420469319689 0.0024455261452368524 0.0082323212501783632 -0.0051930595205818501
leaf_weight=206146.70756710134 382.26781984977424 232.29852754063904 543.60635048896074 356.01664216443896 1949.6183933448046 335.88483376055956 169.85766107775271 303.15745624527335 223.50656591169536 1359.5573990698904 288.3691759519279 1420.0932105798274 794.76558167301118 632.29328226111829
leaf_count=207978 282 282 660 100 278 178 263 319 209 2066 122 1905 284 212
internal_value=1.01524e-06 0.000987845 0.000481835 0.00126773 0.000206214 -0.00441099 -0.00662652 -0.000542067 0.00528743 -2.00949e-05 -0.00248282 -5.58291e-07 0.00237543 7.84834e-05
internal_weight=215138 4496.21 4113.95 3711.79 2944.68 995.059 402.156 659.174 767.113 210642 1647.93 208994 2847.15 2052.39
internal_count=215138 2571 2289 1744 875 597 545 419 869 212567 2188 210379 2401 2117
is_linear=0
shrinkage=0.05


Tree=107
num_leaves=15
num_cat=0
split_feature=0 17 15 15 1 15 4 15 1 2 2 0 3 3
split_gain=1.7252 22.3854 21.9765 10.886 10.7845 12.1691 18.402 15.9633 13.6818 13.1495 13.3284 11.2387 20.1278 15.5232
threshold=0.009569597430527212 0.020204081200063232 0.03588362596929074 0.016126951202750209 0.012121656909585001 0.026299252174794677 0.014815627597272398 0.025320834480226043 0.0064725596457719812 0.014599318150430919 0.0091326101683080214 0.0085107926279306429 0.0063092110212892303 0.0094788861460983771
decision_type=2 2 2 2 2 2 2 2 2 2 2 2 2 2
left_child=4 2 3 -2 5 7 8 -1 -7 10 -8 12 -6 -13
right_child=1 -3 -4 -5 11 6 9 -9 -10 -11 -12 13 -14 -15
leaf_value=-7.0880976525133148e-05 0.0054814722843365919 -7.847756831056477e-06 0.014629648411084118 -0.0018077656636167859 0.00015424369424689674 0.00028357762262859302 0.0017032182648753645 0.0050109225676790749 -0.0028493137275346315 -0.011185805469337845 0.014696884331514538 0.0045833934497187569 0.0051900579799185843 -0.0081978357067614381
leaf_weight=145619.41214895435 1292.8370521441102 39415.240907674655 455.80700875818729 837.52971550822258 4876.9473066236824 5160.5844496376812 434.27655647136271 1551.922439256683 10711.65613678284 95.61523962020874 356.40288671292365 372.89683902822435 3336.1039629299194 620.76781691797078
leaf_count=142495 1080 34765 62 1089 6678 8948 1110 2121 9320 124 526 533 5896 391
internal_value=9.31081e-07 0.000288363 0.00478547 0.00262073 -6.88099e-05 -0.000162367 -0.00143858 -1.69565e-05 -0.00183117 0.00553422 0.00767059 0.00159539 0.00220359 -0.00340349
internal_weight=215138 42001.4 2586.17 2130.37 173137 163930 16758.5 147171 15872.2 886.295 790.679 9206.72 8213.05 993.665
internal_count=215138 36996 2231 2169 178142 164644 20028 144616 18268 1760 1636 13498 12574 924
is_linear=0
shrinkage=0.05


Tree=108
num_leaves=15
num_cat=0
split_feature=4 4 1 17 3 15 3 3 1 1 15 4 15 2
split_gain=1.67371 7.76872 10.8302 10.2179 8.17406 21.0399 20.6529 13.0477 9.23796 15.4062 23.6485 15.2786 10.4348 8.86185
threshold=0.0066007319837808618 0.0070176301524043092 0.0085838492959737795 0.016261236742138866 0.0066007319837808618 0.020385629497468475 0.0087337908335030096 0.009756329935044052 0.010050504934042694 0.0064309346489608296 0.034630179405212409 0.014599318150430919 0.038640202954411514 0.011561079882085325
decision_type=2 2 2 2 2 2 2 2 2 2 2 2 2 2
left_child=-1 2 -2 -4 8 6 -6 -8 9 10 -3 -10 -13 -7
right_child=1 4 3 -5 5 13 7 -9 11 -11 -12 12 -14 -15
leaf_value=0.00010208032687981222 -0.002657934478576502 -0.00047127141344430515 0.01968557854984291 0.0011424407172921757 0.0022180372902529211 0.00095835897405897267 0.020420415413907263 0.0053939421841452439 0.0023277126310528059 -0.0030469639763099476 0.013967838018042467 0.005470685539101159 -0.0077780292012416194 -0.0008148287373216513
leaf_weight=140993.12159177102 5997.8219563104212 22986.070980414748 68.647329520434141 1376.227979902178 1437.6722126193345 17087.685385350138 301.11662122048438 287.80495250783861 5010.8947281446308 6489.4670308213681 277.11588576063514 182.76748150400817 665.45417859777808 11976.132152575999
leaf_count=139317 5287 25115 74 2150 1684 19448 480 421 5104 6533 777 508 277 7963
internal_value=9.48706e-07 -0.00019135 -0.0017224 0.00215269 -2.02817e-05 0.000572003 0.00548488 0.0132897 -0.000537384 -0.000894767 -0.000293342 0.00127584 -0.00489283 0.000227664
internal_weight=215138 74144.9 7442.7 1444.88 66702.2 31090.4 2026.59 588.922 35611.8 29752.7 23263.2 5859.12 848.222 29063.8
internal_count=215138 75821 7511 2224 68310 29996 2585 901 38314 32425 25892 5889 785 27411
is_linear=0
shrinkage=0.05


Tree=109
num_leaves=15
num_cat=0
split_feature=17 1 15 15 15 4 3 4 4 4 4 3 15 4
split_gain=1.68072 4.26318 6.53361 13.9267 5.79997 5.28525 6.86437 4.42265 3.55509 10.3986 3.4913 3.44962 11.7331 8.15152
threshold=0.087121214717626586 0.0096620614640414732 0.051552729681134231 0.065891064703464522 0.023088296875357631 0.016261236742138866 0.016001024283468727 0.013423423748463394 0.010362972505390646 0.0090499590151011961 0.015749008394777778 0.015038444194942715 0.068787995725870146 0.0077221228275448093
decision_type=2 2 2 2 2 2 2 2 2 2 2 2 2 2
left_child=11 8 4 -4 -3 6 7 -5 9 -2 -10 12 -1 -13
right_child=1 2 3 5 -6 -7 -8 -9 10 -11 -12 13 -14 -15
leaf_value=-2.0126991361809423e-05 0.0033480011101718085 0.0049118290047704483 0.007355767935362344 -0.0068893767071734439 -0.0063989372499123542 0.0011674740122922828 -0.0085439322074131983 0.0059124579662724564 0.011757331545413315 -0.01334218319691753 0.002866466070948751 -0.0016106294122489916 -0.0049802662921135978 0.0028764963070051627
leaf_weight=205098.15911287814 799.24514717794955 132.66983656957746 650.41911713592708 93.550503538921475 575.76406955160201 962.24421554990113 413.18161020241678 184.72140126675367 194.74034303240478 95.582396022975445 258.89336404763162 1526.6804896816611 1189.2115718908608 2962.9372884742916
leaf_count=207242 932 73 609 132 586 169 129 207 261 75 466 2457 425 1375
internal_value=1.0335e-06 0.000971477 -7.68521e-05 0.00121654 -0.00424186 -0.0012278 -0.00453024 0.001519 0.00329684 0.00143746 0.00685449 -1.90903e-05 -4.89614e-05 0.00135047
internal_weight=215138 4361.01 3012.55 2304.12 708.434 1653.7 691.454 278.272 1348.46 894.828 453.634 210777 206287 4489.62
internal_count=215138 3639 1905 1246 659 637 468 339 1734 1007 727 211499 207667 3832
is_linear=0
shrinkage=0.05


Tree=110
num_leaves=15
num_cat=0
split_feature=0 3 3 1 2 15 2 2 0 3 15 2 2 2
split_gain=1.64577 4.42741 10.0187 6.4686 4.65182 4.13532 15.4752 6.44303 7.43028 3.8563 11.2189 5.73885 8.17921 8.61971
threshold=0.015749008394777778 0.015749008394777778 0.014185110572725536 0.014599318150430919 0.016261236742138866 0.056850064545869834 0.014815627597272398 0.0064725596457719812 0.016261236742138866 0.015749008394777778 0.072753287851810469 1.0000000180025095e-35 0.010471491608768703 0.01197647722437978
decision_type=2 2 2 2 2 2 2 2 2 2 2 2 2 2
left_child=9 2 4 -3 5 7 -7 8 -2 -1 11 -11 -13 -14
right_child=1 3 -4 -5 -6 6 -8 -9 -10 10 -12 12 13 -15
leaf_value=-1.9322362344968444e-07 -0.0082424873933265603 0.007113380903622778 -0.0063033617733592884 0.00089213835193989184 -0.0038230142454433514 -0.010666638225034922 0.0090571521266807689 0.0072952010382852086 0.0041933543832445852 -0.0078430380479900634 -0.011201326573132761 0.0066651291139936397 -0.013538512960867147 0.00034119958090250225
leaf_weight=208993.8596416153 176.95895344950259 572.51886042952538 560.16435692459345 1490.6025897711515 354.56997565366328 214.86067588441074 168.62435999326408 631.93108263239264 325.98339564539492 212.43345368467271 288.3691759519279 394.71670478396118 126.05841545946896 626.34882514178753
leaf_count=210379 294 172 263 197 40 147 242 971 245 357 122 470 158 1081
internal_value=9.78192e-07 0.000946458 -0.000498336 0.00264453 0.00126211 0.00246685 -0.00198401 0.00397503 -0.000257552 -1.92473e-05 -0.00242116 -0.000490649 0.000926938 -0.00213128
internal_weight=215138 4496.21 2433.09 2063.12 1872.93 1518.36 383.485 1134.87 502.942 210642 1647.93 1359.56 1147.12 752.407
internal_count=215138 2571 2202 369 1939 1899 389 1510 539 212567 2188 2066 1709 1239
is_linear=0
shrinkage=0.05


Tree=111
num_leaves=15
num_cat=0
split_feature=15 17 4 3 1 15 2 17 15 15 0 2 0 15
split_gain=1.60312 3.2924 14.0655 9.08312 7.70439 7.879 6.06305 4.30213 4.03875 3.95811 5.75206 3.77152 3.62255 3.162
threshold=0.00766294775530696 0.011428944766521456 0.0063492704648524531 0.0070176301524043092 1.0000000180025095e-35 0.013158179819583895 0.0066890381276607522 0.011696306522935631 0.013333629816770555 0.013513822108507158 0.0065147271379828462 0.0063898416701704272 1.0000000180025095e-35 0.010362972505390646
decision_type=2 2 2 2 2 2 2 2 2 2 2 2 2 2
left_child=-1 2 3 4 -2 -6 12 11 -7 -5 -11 -3 -4 -9
right_child=1 7 6 9 5 8 -8 13 -10 10 -12 -13 -14 -15
leaf_value=-0.00024181726519159936 -0.00063556335765328764 -0.0046177102180036079 -0.0048668157460830426 0.020195630294787895 0.0096600801503747558 -0.0068086329699548398 0.0056029122402996741 0.00043609559787043204 0.0034464801091293792 -0.0008448036795434754 0.017254870580778809 0.00345205439313853 0.0014322935982557493 -7.0121053420729444e-05
leaf_weight=51687.839398868382 893.86412481404841 821.03686407208443 1012.9846026580781 98.231970371678472 566.87794015184045 112.25123734399676 205.04793599247932 41913.355525961146 440.57715678215027 97.936599725857377 68.273790992796421 167.66604654304683 288.79759959876537 116763.25967314467
leaf_count=45814 1391 476 802 31 328 152 180 38808 721 205 76 300 264 125590
internal_value=8.68716e-07 7.76234e-05 0.00153318 0.00400522 0.00282608 0.00557068 -0.0022058 4.30258e-05 0.00128022 0.0125536 0.00714725 -0.00322836 -0.00346911 6.36117e-05
internal_weight=215138 163450 3784.84 2278.01 2013.57 1119.71 1506.83 159665 552.828 264.442 166.21 988.703 1301.78 158677
internal_count=215138 169324 4150 2904 2592 1201 1246 165174 873 312 281 776 1066 164398
is_linear=0
shrinkage=0.05


Tree=112
num_leaves=15
num_cat=0
split_feature=0 2 2 1 1 1 3 2 4 17 0 2 2 2
split_gain=1.61429 5.0537 12.9741 10.0506 10.731 8.90223 7.20922 6.9272 8.78063 6.54892 8.17106 6.45047 15.0014 8.11456
threshold=0.013423423748463394 0.0063898416701704272 0.0066007319837808618 0.0098524559289217013 0.013245614245533945 0.0063492704648524531 0.0090499590151011961 0.014815627597272398 0.010811126790940763 0.057189542800188072 0.016001024283468727 0.0070672258734703073 0.0088890646584332007 0.012422839645296337
decision_type=2 2 2 2 2 2 2 2 2 2 2 2 2 2
left_child=-1 9 -3 5 -5 7 -6 8 11 -2 -11 -4 -13 -14
right_child=1 2 3 4 6 -7 -8 -9 -10 10 -12 12 13 -15
leaf_value=-3.6323809451766477e-05 0.00094325309475544288 0.011720247371191581 -0.013281771586797546 -0.0033945794287209732 0.0064173976002855973 0.0061674699309340036 0.00029492583539321351 -0.0052697169921524182 0.011781333691444507 -0.0057252615221995541 0.0018197305761298182 0.013362405987122308 -0.0047353234395368284 0.0037626374481124318
leaf_weight=200327.97449771687 1771.9354307521135 266.07505862601101 66.387120964005589 1988.6854733098298 518.96953259035945 1345.9525818862021 5294.6429842114449 361.35933721065521 202.38927204720676 1156.1636656820774 512.58697191253304 217.30370983481407 585.72554352134466 521.84928675554693
leaf_count=203347 1711 99 97 655 311 1694 1691 489 686 1157 406 465 1368 962
internal_value=9.26092e-07 0.000504472 0.00101246 0.000745544 -0.000233684 0.0030538 0.000851548 0.000889684 0.00231047 -0.00117218 -0.00341065 0.000858489 0.00166122 -0.00073355
internal_weight=215138 14810 11369.3 11103.3 7802.3 3300.97 5813.61 1955.01 1593.65 3440.69 1668.75 1391.27 1324.88 1107.57
internal_count=215138 11791 8517 8418 2657 5761 2002 4067 3578 3274 1563 2892 2795 2330
is_linear=0
shrinkage=0.05


Tree=113
num_leaves=15
num_cat=0
split_feature=4 16 3 17 15 3 0 15 15 3 15 3 15 15
split_gain=1.48843 7.56032 8.87096 18.6225 18.3059 18.1732 17.9108 14.8212 14.0006 11.9686 12.68 15.2717 12.3539 10.6299
threshold=0.0066007319837808618 4.5000000000000009 0.007272823480889202 0.029857398010790352 0.025914725847542289 0.0082988981157541292 0.011173533275723459 0.023407606407999996 0.02422361355274916 0.0075472774915397176 0.033695921301841743 0.010050504934042694 0.032211896032094962 0.021203560754656795
decision_type=2 2 2 2 2 2 2 2 2 2 2 2 2 2
left_child=1 2 -1 6 5 -5 -4 -7 -9 -6 11 12 -11 -8
right_child=-2 -3 3 4 9 7 13 8 -10 10 -12 -13 -14 -15
leaf_value=0.00029635093367729555 -0.00018040750843480668 0.0052178726037876251 -0.0011504363018989016 0.01681709147979794 -0.0079573150356011275 0.00080945778573274685 -0.012463631484112454 0.013534615436034632 0.0023858873727493671 0.010352851903692881 0.0016526873545136267 -0.0047357682791683972 -0.0069154458917613029 -0.0021454601831149165
leaf_weight=105978.4328332413 74144.878875249997 706.90490327961743 21819.98813884519 239.0689770206809 486.45141376182437 2664.0020372141153 560.58171295002103 523.89631353877485 607.06214074976742 332.33667148649693 4502.9719957876951 1978.587035804987 140.32636831328273 452.51104977726936
leaf_count=104198 75821 965 19409 369 194 3275 71 463 774 613 5958 2409 203 416
internal_value=9.35185e-07 9.6305e-05 7.01272e-05 -0.000628572 0.0010141 0.00372189 -0.00145417 0.00285491 0.0076237 -0.000456977 7.83478e-05 -0.00280869 0.0051891 -0.0079209
internal_weight=215138 140993 140286 34307.8 11474.7 4034.03 22833.1 3794.96 1130.96 7440.67 6954.22 2451.25 472.663 1013.09
internal_count=215138 139317 138352 34154 14258 4881 19896 4512 1237 9377 9183 3225 816 487
is_linear=0
shrinkage=0.05


Tree=114
num_leaves=15
num_cat=0
split_feature=15 4 17 4 3 1 15 4 15 17 15 0 3 17
split_gain=1.54064 3.03976 2.95923 12.6585 8.31543 6.96083 7.13184 5.65526 3.93495 3.83924 3.59864 5.26123 3.46489 3.06309
threshold=0.00766294775530696 0.0072203108575195083 0.011428944766521456 0.0063492704648524531 0.0070176301524043092 1.0000000180025095e-35 0.013158179819583895 0.0071175277698785075 0.014235776849091055 0.011696306522935631 0.013513822108507158 0.0065147271379828462 0.0069204980973154315 0.012121656909585001
decision_type=2 2 2 2 2 2 2 2 2 2 2 2 2 2
left_child=1 -1 3 4 5 -2 -7 -5 -8 12 -6 -12 -4 -11
right_child=2 -3 9 7 10 6 8 -9 -10 13 11 -13 -14 -15
leaf_value=-0.00015794163616670803 -0.00061699422201703393 -0.0020974997906271059 0.00097847174631573259 -0.0032860583964650345 0.019267347108917386 0.0091726734250674371 -0.00051964481619812361 0.0056064751574618557 0.011301129448725713 0.0023733427744186547 -0.00081827396820814908 0.01649100664327928 -0.0051890302043035973 4.1926188606854653e-05
leaf_weight=49591.80737140961 893.86412481404841 2096.0320274587721 345.26928232237697 1309.2773912530392 98.231970371678472 566.87794015184045 480.48920272104442 197.55274699628353 72.339191405102611 1411.5766195785254 97.936599725857377 68.273790992796421 643.43362829275429 157265.03857952729
leaf_count=44025 1391 1789 517 1031 31 328 703 215 170 1341 205 76 259 163057
internal_value=9.24501e-07 -0.000236985 7.61684e-05 0.00145612 0.00380125 0.00267324 0.00528204 -0.00209093 0.00120045 4.33678e-05 0.0119801 0.00682418 -0.00304702 6.28146e-05
internal_weight=215138 51687.8 163450 3784.84 2278.01 2013.57 1119.71 1506.83 552.828 159665 264.442 166.21 988.703 158677
internal_count=215138 45814 169324 4150 2904 2592 1201 1246 873 165174 312 281 776 164398
is_linear=0
shrinkage=0.05


Tree=115
num_leaves=15
num_cat=0
split_feature=4 15 15 17 17 1 1 3 0 1 1 3 3 0
split_gain=1.49265 3.58031 7.8197 12.2079 8.3607 7.76708 14.3728 13.5914 6.29538 5.91167 7.66879 5.25043 7.99316 7.22046
threshold=0.016001024283468727 0.065891064703464522 0.063645914196968092 0.057189542800188072 0.069047622382640853 0.015504807699471714 0.013793759513646366 0.015038444194942715 0.014599318150430919 0.012422839645296337 0.010256679728627207 0.014185110572725536 0.012270400300621988 0.015038444194942715
decision_type=2 2 2 2 2 2 2 2 2 2 2 2 2 2
left_child=1 2 -1 -4 -5 6 9 8 -8 10 -3 12 -7 -13
right_child=-2 5 3 4 -6 11 7 -9 -10 -11 -12 13 -14 -15
leaf_value=-7.28623097127475e-06 0.0012081801328552707 0.0078230640030759902 0.010353879703469935 -0.0059401249325380804 0.0049307669530099241 -0.0099226777383925897 -0.0045697708889296295 0.0074239573801110808 0.0032558107746679847 -0.006484574949239659 -0.0063851379874244095 -0.013757662099949997 0.0074942631811923581 -0.0036704278311079572
leaf_weight=207321.60824691691 2520.5481845363975 188.98623717576265 457.34697088226676 319.5106850694865 371.81576029583812 95.479470724239945 585.35343213193119 808.76971018128097 442.92086924985051 887.99915311485529 171.88273177295923 263.6117663513869 165.66339943557978 536.50384918227792
leaf_count=211268 1715 156 70 131 387 123 197 206 166 139 62 212 152 154
internal_value=1.00035e-06 -1.33667e-05 1.56058e-05 0.00411174 -0.000106498 -0.00146629 -0.000192286 0.00261635 -0.00120007 -0.00431166 0.00106597 -0.00513446 0.000995154 -0.00712264
internal_weight=215138 212617 208470 1148.67 691.326 4147.17 3085.91 1837.04 1028.27 1248.87 360.869 1061.26 261.143 800.116
internal_count=215138 213423 211856 588 518 1567 926 569 363 357 218 641 275 366
is_linear=0
shrinkage=0.05


Tree=116
num_leaves=15
num_cat=0
split_feature=15 1 4 15 1 4 4 3 3 3 16 1 3 15
split_gain=1.45293 7.44397 10.865 13.1263 10.1575 19.2241 11.5743 10.1383 9.68815 18.344 14.5065 12.9941 20.7049 19.3883
threshold=0.018076570704579357 0.0062696540262550124 0.013793759513646366 0.038640202954411514 0.0067797389347106227 0.010582306887954475 0.0099504948593676108 0.010152545757591726 1.0000000180025095e-35 0.0070672258734703073 4.5000000000000009 0.012903762981295587 0.0096620614640414732 0.051552729681134231
decision_type=2 2 2 2 2 2 2 2 2 2 2 2 2 2
left_child=-1 2 -2 -4 5 -3 8 -7 -6 10 -10 13 -13 -11
right_child=1 4 3 -5 6 7 -8 -9 9 11 -12 12 -14 -15
leaf_value=-9.4834678802116181e-05 0.00062413891474345383 -0.0045543015849873079 0.0092657769876598826 -0.00036094755386100559 -0.0005676798601366883 -8.162339867506677e-05 -0.00090719932928396872 0.012841783393789536 0.0088720114804664938 -0.00086406929068840268 -0.0013862121967847881 0.011187257388235878 0.0016395276027669108 0.0044953243828008875
leaf_weight=139409.49270153418 23674.769577972591 2809.039484500885 807.21322127617896 623.56283817999065 9929.6171608008444 377.81867514178157 19656.972184853628 243.4942971393466 1307.9289693776518 10018.425294119865 463.34022823534906 685.96354217454791 3111.4217673558742 2018.9405243583024
leaf_count=132056 36364 1931 1691 1520 9022 274 14405 118 2616 8822 495 1687 2924 1213
internal_value=9.31183e-07 0.000177217 0.000880969 0.00509686 -0.000171901 -0.0027948 1.93044e-05 0.00510628 0.0006808 0.00138485 0.00619588 0.000843123 0.00338909 3.78084e-05
internal_weight=215138 75728.5 25105.5 1430.78 50623 3430.35 47192.6 621.313 27535.6 17606 1771.27 15834.8 3797.39 12037.4
internal_count=215138 83082 39575 3211 43507 2323 41184 392 26779 17757 3111 14646 4611 10035
is_linear=0
shrinkage=0.05


Tree=117
num_leaves=15
num_cat=0
split_feature=4 15 1 1 15 17 17 2 2 1 1 1 3 2
split_gain=1.42383 3.08862 7.23887 9.11923 7.11369 11.1624 7.44498 6.84448 9.14416 9.52371 5.28609 6.93033 4.82888 3.92224
threshold=0.016001024283468727 0.065891064703464522 0.016001024283468727 0.013793759513646366 0.063645914196968092 0.057189542800188072 0.069047622382640853 0.012422839645296337 0.015038444194942715 0.015504807699471714 0.012422839645296337 0.010256679728627207 0.014815627597272398 0.014389234129339458
decision_type=2 2 2 2 2 2 2 2 2 2 2 2 2 2
left_child=1 4 3 10 -1 -6 -7 -5 13 -10 11 -3 -4 -9
right_child=-2 2 12 7 5 6 -8 8 9 -11 -12 -13 -14 -15
leaf_value=-7.9785990101876285e-06 0.0011800016736554122 0.0074375442432619418 0.00054156479371540722 0.0081536201675036103 0.0098895716017425514 -0.0056174355571152537 0.0046408798953191631 -0.00049866228397149983 0.0060728909962945044 -0.0037358446235356067 -0.0061257054336739045 -0.0060692710772438574 -0.010487892886797264 -0.0068364638757595604
leaf_weight=207321.60824691691 2520.5481845363975 188.98623717576265 140.3129586353898 296.59388911910355 457.34697088226676 319.5106850694865 371.81576029583812 539.80624542571604 816.69542433321476 345.2853643707931 887.99915311485529 171.88273177295923 321.3590625859797 438.24955278635025
leaf_count=211268 1715 156 216 100 70 131 387 171 277 172 139 62 153 121
internal_value=9.77813e-07 -1.30542e-05 -0.00136253 -0.000614376 1.38555e-05 0.00392071 -0.000112706 0.00116666 0.000164895 0.0031512 -0.00407096 0.00101403 -0.00719537 -0.00337897
internal_weight=215138 212617 4147.17 3685.5 208470 1148.67 691.326 2436.63 2140.04 1161.98 1248.87 360.869 461.672 978.056
internal_count=215138 213423 1567 1198 211856 588 518 841 741 449 357 218 369 292
is_linear=0
shrinkage=0.05


Tree=118
num_leaves=15
num_cat=0
split_feature=1 0 17 15 4 3 2 3 1 3 0 3 1 3
split_gain=1.35471 11.435 22.5926 10.1808 10.3264 17.6509 14.4229 12.726 9.69026 9.39347 9.20245 9.87102 9.383 12.2588
threshold=0.010929288342595102 0.0085107926279306429 0.025978407822549347 0.035579234361648567 0.013606071937829258 0.013793759513646366 0.011173533275723459 0.0063092110212892303 0.015749008394777778 0.013423423748463394 0.013986697886139156 0.012579114176332952 0.015268065501004459 0.0079052620567381399
decision_type=2 2 2 2 2 2 2 2 2 2 2 2 2 2
left_child=-1 3 -3 9 6 8 7 -5 -6 -2 11 12 -4 -14
right_child=1 2 10 4 5 -7 -8 -9 -10 -11 -12 -13 13 -15
leaf_value=-4.801806881305029e-05 0.00071782022863727045 0.01381047727888883 -0.0038034647107708743 0.021534144533044017 -0.0022660874051671264 0.0098560397655584227 0.00091093267200198285 0.0067508356422981385 -0.017906758612594505 -0.013702188025282253 0.00060457134728307202 0.00038276711241611375 0.0084827226826537198 -0.0058348142521415253
leaf_weight=186729.57428592443 9209.7143868785352 257.50539478100836 5150.4017132017761 156.45334485545754 588.71663785539567 271.30444313958287 1112.4006730206311 1389.9107667058706 110.07493602484465 104.3517506159842 6348.7053080480546 3106.0747340526432 361.69071045704186 241.12138145975769
leaf_count=188921 13746 106 2682 130 1082 190 1035 2628 142 152 2208 1431 341 344
internal_value=9.25551e-07 0.000322537 -0.000595025 0.00141854 0.00366133 -0.000749263 0.00526739 0.00837529 -0.00494771 0.000541741 -0.000847857 -0.0018882 -0.0031128 0.00275403
internal_weight=215138 28408.4 15465.5 12942.9 3628.86 970.096 2658.76 1546.36 698.792 9314.07 15208 8859.29 5753.21 602.812
internal_count=215138 26217 7112 19105 5207 1414 3793 2758 1224 13898 7006 4798 3367 685
is_linear=0
shrinkage=0.05


Tree=119
num_leaves=15
num_cat=0
split_feature=0 17 15 15 2 1 3 0 0 15 15 2 1 2
split_gain=1.40114 20.3224 19.9561 9.66601 9.14334 13.4904 13.1386 26.7029 27.1156 17.0384 12.3734 12.3333 11.4619 17.9452
threshold=0.009569597430527212 0.020204081200063232 0.03588362596929074 0.016126951202750209 1.0000000180025095e-35 0.013423423748463394 0.012579114176332952 0.010929288342595102 0.011299795936793091 0.048279957845807082 0.043444510549306876 0.0066007319837808618 0.0098524559289217013 0.0077221228275448093
decision_type=2 2 2 2 2 2 2 2 2 2 2 2 2 2
left_child=-1 2 3 -2 5 6 10 -8 -9 -10 -3 -6 13 -13
right_child=1 4 -4 -5 11 -7 7 8 9 -11 -12 12 -14 -15
leaf_value=-6.1926129844164449e-05 0.005177746386766869 -0.00078242979532722407 0.013925528899423559 -0.0016910029828615275 0.0069938501783514467 -0.0059409111593940111 -0.0081238122319027724 0.022042849171960095 -0.00086096875739738183 0.018036715332899612 -0.010632156055820775 -0.0039079027454464984 -0.00061061980720318728 0.0023479530759085636
leaf_weight=173136.58578293584 1292.8370521441102 11889.762253785506 455.80700875818729 837.52971550822258 714.38683444820344 1256.8253459259868 316.20611332543194 255.94429272226989 551.95447635650635 141.87012809887528 317.74254907853901 1296.000589447096 13264.090471796691 9410.4578526895493
leaf_count=178142 1080 10818 62 1089 609 568 273 71 486 33 99 1592 5492 14724
internal_value=9.24508e-07 0.000259958 0.00454484 0.00248209 -2.22697e-05 -0.00100771 -0.000543465 0.00428499 0.00845785 0.00320451 -0.0010473 0.000565942 0.000371536 0.00158775
internal_weight=215138 42001.4 2586.17 2130.37 39415.2 14730.3 13473.5 1265.98 949.769 693.825 12207.5 24684.9 23970.5 10706.5
internal_count=215138 36996 2231 2169 34765 12348 11780 863 590 519 10917 22417 21808 16316
is_linear=0
shrinkage=0.05


end of trees

feature_importances:
Column_15=368
Column_3=263
Column_1=245
Column_4=208
Column_2=198
Column_17=189
Column_0=181
Column_16=28

parameters:
[boosting: gbdt]
[objective: regression]
[metric: l2]
[tree_learner: serial]
[device_type: cpu]
[data_sample_strategy: bagging]
[data: ]
[valid: ]
[num_iterations: 120]
[learning_rate: 0.05]
[num_leaves: 15]
[num_threads: 2]
[seed: 20260928]
[deterministic: 1]
[force_col_wise: 1]
[force_row_wise: 0]
[histogram_pool_size: -1]
[max_depth: -1]
[min_data_in_leaf: 100]
[min_sum_hessian_in_leaf: 0.001]
[bagging_fraction: 1]
[pos_bagging_fraction: 1]
[neg_bagging_fraction: 1]
[bagging_freq: 0]
[bagging_seed: 8287]
[bagging_by_query: 0]
[feature_fraction: 1]
[feature_fraction_bynode: 1]
[feature_fraction_seed: 24490]
[extra_trees: 0]
[extra_seed: 6370]
[early_stopping_round: 0]
[early_stopping_min_delta: 0]
[first_metric_only: 0]
[max_delta_step: 0]
[lambda_l1: 0]
[lambda_l2: 10]
[linear_lambda: 0]
[min_gain_to_split: 0]
[drop_rate: 0.1]
[max_drop: 50]
[skip_drop: 0.5]
[xgboost_dart_mode: 0]
[uniform_drop: 0]
[drop_seed: 1862]
[top_rate: 0.2]
[other_rate: 0.1]
[min_data_per_group: 100]
[max_cat_threshold: 32]
[cat_l2: 10]
[cat_smooth: 10]
[max_cat_to_onehot: 4]
[top_k: 20]
[monotone_constraints: ]
[monotone_constraints_method: basic]
[monotone_penalty: 0]
[feature_contri: ]
[forcedsplits_filename: ]
[refit_decay_rate: 0.9]
[cegb_tradeoff: 1]
[cegb_penalty_split: 0]
[cegb_penalty_feature_lazy: ]
[cegb_penalty_feature_coupled: ]
[path_smooth: 0]
[interaction_constraints: ]
[verbosity: -1]
[saved_feature_importance_type: 0]
[use_quantized_grad: 0]
[num_grad_quant_bins: 4]
[quant_train_renew_leaf: 0]
[stochastic_rounding: 1]
[linear_tree: 0]
[max_bin: 255]
[max_bin_by_feature: ]
[min_data_in_bin: 3]
[bin_construct_sample_cnt: 233571]
[data_random_seed: 5112]
[is_enable_sparse: 1]
[enable_bundle: 1]
[use_missing: 1]
[zero_as_missing: 0]
[feature_pre_filter: 1]
[pre_partition: 0]
[two_round: 0]
[header: 0]
[label_column: ]
[weight_column: ]
[group_column: ]
[ignore_column: ]
[categorical_feature: ]
[forcedbins_filename: ]
[precise_float_parser: 0]
[parser_config_file: ]
[objective_seed: 23271]
[num_class: 1]
[is_unbalance: 0]
[scale_pos_weight: 1]
[sigmoid: 1]
[boost_from_average: 1]
[reg_sqrt: 0]
[alpha: 0.9]
[fair_c: 1]
[poisson_max_delta_step: 0.7]
[tweedie_variance_power: 1.5]
[lambdarank_truncation_level: 30]
[lambdarank_norm: 1]
[label_gain: ]
[lambdarank_position_bias_regularization: 0]
[eval_at: ]
[multi_error_top_k: 1]
[auc_mu_weights: ]
[num_machines: 1]
[local_listen_port: 12400]
[time_out: 120]
[machine_list_filename: ]
[machines: ]
[gpu_platform_id: -1]
[gpu_device_id: -1]
[gpu_device_id_list: ]
[gpu_use_dp: 0]
[num_gpu: 1]

end of parameters

pandas_categorical:null
