tree
version=v4
num_class=1
num_tree_per_iteration=1
label_index=0
max_feature_idx=56
objective=regression
feature_names=Column_0 Column_1 Column_2 Column_3 Column_4 Column_5 Column_6 Column_7 Column_8 Column_9 Column_10 Column_11 Column_12 Column_13 Column_14 Column_15 Column_16 Column_17 Column_18 Column_19 Column_20 Column_21 Column_22 Column_23 Column_24 Column_25 Column_26 Column_27 Column_28 Column_29 Column_30 Column_31 Column_32 Column_33 Column_34 Column_35 Column_36 Column_37 Column_38 Column_39 Column_40 Column_41 Column_42 Column_43 Column_44 Column_45 Column_46 Column_47 Column_48 Column_49 Column_50 Column_51 Column_52 Column_53 Column_54 Column_55 Column_56
feature_infos=[0:0.016393441706895828] [0:0.016393441706895828] [0:0.016393441706895828] [0:0.016393441706895828] [0:0.016393441706895828] [0:1] [0:1] [0:1] [0:1] [0:1] [0:1] [0:1] [0:1] [0:1] [0:1] [0:0.081967204809188843] [0:5] [0.00099009904079139233:0.090909093618392944] [2.7080502510070801:6.7638850212097168] [1.1257341611781158e-05:0.91591298580169678] [9.5932373156415451e-09:0.040433794260025024] [0.01666666753590107:0.96222221851348877] [6.3297209739685059:6.8023948669433594] [0:6.6174030303955078] [1.2969720046385191e-05:0.99161362648010254] [2.6631193250636898e-08:0.13249146938323975] [0.024000000208616257:0.99072849750518799] [2.4849066734313965:6.6253924369812012] [0:6.5971455574035645] [3.0856979719828814e-05:0.99668043851852417] [2.9583818061951206e-08:0.14538861811161041] [0.008310249075293541:0.99727892875671387] [0:6.5985088348388672] [0:2.8903717994689941] [0.000375822011847049:0.91682577133178711] [5.9892062154176529e-07:0.13249146938323975] [0.090909093618392944:0.94736844301223755] [0:2.8903717994689941] [0:1.9459100961685181] [0.00077403441537171602:0.90576612949371338] [6.9874073460596264e-07:0.12721249461174011] [0.20000000298023224:0.875] [0:1.9459100961685181] [0:6.6106958389282227] [1.3591493370768148e-05:0.99270373582839966] [2.919414754387617e-08:0.20236794650554657] [0.0095238098874688148:0.99331551790237427] [0:6.6160650253295898] [0:1.0000005960464478] [0:1.0000004768371582] [0:0.22664757072925568] [0:1] [0:1] [0:1] [0:1] [0:1] [0:1]
tree_sizes=1711 1775 1771 1773 1775 1779 1781 1773 1772 1772 1786 1775 1786 1787 1773 1777 1787 1778 1780 1784 1791 1796 1778 1771 1792 1772 1782 1787 1793 1784 1782 1784 1785 1783 1795 1781 1794 1797 1803 1783 1788 1788 1773 1785 1786 1792 1803 1790 1794 1805 1781 1798 1797 1797 1779 1797 1789 1798 1794 1805 1798 1788 1790 1807 1790 1791 1788 1815 1800 1798 1795 1801 1792 1793 1801 1785 1775 1803 1790 1792 1799 1799 1806 1794 1776 1796 1796 1805 1798 1793 1788 1797 1789 1798 1806 1766 1798 1815 1808 1791 1786 1793 1790 1787 1793 1790 1781 1797 1798 1772 1793 1786 1796 1785 1808 1803 1789 1800 1793 1782

Tree=0
num_leaves=15
num_cat=0
split_feature=24 17 27 34 31 42 44 47 49 29 43 47 33 44
split_gain=11698 1172.37 843.227 774.195 772.935 787.91 715.072 395.628 302.855 294.551 260.672 222.374 206.021 197.375
threshold=0.67426916956901561 0.064583335071802153 6.6220710277557382 0.73199650645256054 0.80322581529617321 1.2424533367156985 0.65781784057617199 3.8815106153488164 0.17906330525875094 0.81042510271072399 6.6086750030517587 3.9219243526458745 0.89587974548339855 0.44979013502597814
decision_type=2 2 2 2 2 2 2 2 2 2 2 2 2 2
left_child=1 4 6 12 5 10 -2 -6 11 -5 -1 -9 -4 -7
right_child=2 -3 3 9 7 13 -8 8 -10 -11 -12 -13 -14 -15
leaf_value=0.21924653135484418 0.23932454177979476 0.23818669550857346 0.23242367001538439 0.25179160060907835 0.22407798346903487 0.23048457104382958 0.25996595372882436 0.2371879802790326 0.2405138081135654 0.2295666651294751 0.24819352998978306 0.22182119056502428 0.25651949444560079 0.25111207413640207
leaf_weight=144614.64752874523 5171.2333151493222 11986.895839203149 1010.9435329437256 1788.3201897144318 29084.424974441528 10734.143800258636 22576.878076966852 3763.9621515274048 8299.8218000493944 8728.7570643424988 772.80189323425293 6248.4263285435736 7483.0587782859802 1290.6845054626465
leaf_count=30553 3536 2154 173 201 8468 1319 184928 336 18543 1778 14 10529 984 39
internal_value=0.227886 0.222994 0.250566 0.242442 0.222104 0.220419 0.256125 0.227702 0.233458 0.233365 0.219402 0.227602 0.25366 0.232716
internal_weight=263555 216796 46759.2 19011.1 204809 157412 27748.1 47396.6 18312.2 10517.1 145387 10012.4 8494 12024.8
internal_count=263555 71955 191600 3136 69801 31925 188464 37876 29408 1979 30567 10865 1157 1358
is_linear=0
shrinkage=1


Tree=1
num_leaves=15
num_cat=0
split_feature=24 17 27 34 44 28 42 49 0 24 29 31 43 23
split_gain=10558.2 1064.12 760.923 698.764 645.326 624.111 546.618 355.138 345.89 302.326 265.997 255.741 243.576 196.771
threshold=0.67426916956901561 0.039230769500136382 6.6220710277557382 0.73199650645256054 0.65781784057617199 3.2384861707687382 1.2424533367156985 0.28682646155357366 0.015268065501004459 0.33432225883007055 0.81042510271072399 0.83602148294448864 6.6086750030517587 3.9019216299057011
decision_type=2 2 2 2 2 2 2 2 2 2 2 2 2 2
left_child=1 5 4 -4 -2 6 11 -7 9 -3 -5 12 -1 -8
right_child=2 8 3 10 -6 7 13 -9 -10 -11 -12 -13 -14 -15
leaf_value=-0.0086847624954206858 0.010867257046460013 -0.00041131340677975128 0.02448712487574331 0.022716506830931474 0.030476205575567655 -0.0025823859430230559 -0.00546455453874602 0.014702279496219939 0.014842497831543476 0.017928106220166103 0.0015962666569680709 -0.0032298633728331375 0.019304663888740792 0.0083619131738541779
leaf_weight=133074.12024915963 5171.2333151493222 23577.820257753134 8494.0023112297058 1788.3201897144318 22576.878076966852 6884.75561664626 3884.4139096736908 5215.4252798464149 5785.6155669018626 2473.9164014104754 8728.7570643424988 27545.817684292793 772.80189323425293 7581.1219625473022
leaf_count=27406 3536 4806 1157 201 184928 14443 922 14257 787 1639 1778 7284 14 397
internal_value=3.07382e-07 -0.0046476 0.0215464 0.0138288 0.026827 -0.00610092 -0.00686938 0.00487365 0.00379471 0.00133644 0.00520571 -0.00761879 -0.00852173 0.00367696
internal_weight=263555 216796 46759.2 19011.1 27748.1 184958 172858 12100.2 31837.4 26051.7 10517.1 161393 133847 11465.5
internal_count=263555 71955 191600 3136 188464 64723 36023 28700 7232 6445 1979 34704 27420 1319
is_linear=0
shrinkage=0.05


Tree=2
num_leaves=15
num_cat=0
split_feature=24 17 27 31 42 34 44 47 22 29 43 33 44 1
split_gain=9529.42 969.165 686.673 638.43 649.678 630.654 582.383 330.045 280.348 240.212 213.083 185.991 174.674 168.054
threshold=0.67426916956901561 0.064583335071802153 6.6220710277557382 0.80322581529617321 1.2424533367156985 0.73199650645256054 0.65781784057617199 3.8815106153488164 6.8018388748168954 0.81042510271072399 6.6086750030517587 0.89587974548339855 0.44979013502597814 0.016001024283468727
decision_type=2 2 2 2 2 2 2 2 2 2 2 2 2 2
left_child=1 3 6 4 10 11 -2 -5 -9 -7 -1 -4 -6 -3
right_child=2 13 5 7 12 9 -8 8 -10 -11 -12 -13 -14 -15
leaf_value=-0.0078198542134977102 0.010324943085967942 0.0065287576201548958 0.0031001834800393792 -0.0034468096098068906 0.0023114482182135347 0.021586996616443754 0.028953069588287944 0.0094599343179491945 -0.0036898553548024419 0.0015165453008244055 0.018351759884495455 0.025980547229574193 0.021716230407368389 0.021643777156428221
leaf_weight=144614.64752874523 5171.2333151493222 9723.7020614743233 1010.9435329437256 29084.424974441528 10734.143800258636 1788.3201897144318 22576.878076966852 12268.233198821545 6043.9770812988281 8728.7570643424988 772.80189323425293 7483.0587782859802 1290.6845054626465 2263.1937777288258
leaf_count=30553 3536 1866 173 8468 1319 201 184928 29122 286 1778 14 984 39 288
internal_value=5.67113e-07 -0.00441509 0.02047 -0.00522397 -0.0067557 0.0131387 0.0254864 -0.000136478 0.00512018 0.00494658 -0.00767949 0.0232642 0.00441057 0.00939822
internal_weight=263555 216796 46759.2 204809 157412 19011.1 27748.1 47396.6 18312.2 10517.1 145387 8494 12024.8 11986.9
internal_count=263555 71955 191600 69801 31925 3136 188464 37876 29408 1979 30567 1157 1358 2154
is_linear=0
shrinkage=0.05


Tree=3
num_leaves=15
num_cat=0
split_feature=24 17 27 34 43 49 42 31 0 49 29 43 42 48
split_gain=8600.91 908.266 619.652 569.205 525.948 524.419 346.584 338.757 317.8 253.534 217.627 200.409 192.607 174.371
threshold=0.67426916956901561 0.033908046782016761 6.6220710277557382 0.73199650645256054 5.8985257148742685 0.54562899470329296 1.2424533367156985 0.83602148294448864 0.015268065501004459 0.17273864895105365 0.82647204399108898 6.6086750030517587 1.2424533367156985 0.75105631351470958
decision_type=2 2 2 2 2 2 2 2 2 2 2 2 2 2
left_child=1 5 4 -4 -2 6 7 11 9 12 -5 -1 -3 -8
right_child=2 8 3 10 -6 -7 13 -9 -10 -11 -12 -13 -14 -15
leaf_value=-0.0079446693855347219 0.0099902724903837229 -0.0021867815596432532 0.022102707888292508 0.020047811696960353 0.027550342866052499 0.014402134624923433 -0.0054845902211993237 -0.0021635997279861284 0.01354844864207313 0.010675628766608797 0.0013311934140832417 0.017445895298328525 0.015225418792974272 0.0075467758144175823
leaf_weight=129713.59430727363 5281.4782213866711 25720.787326391786 8494.0023112297058 1884.2557451725006 22466.633170729503 3176.753810973838 4139.9123597145081 33618.842259179801 5785.6155669018626 5461.8586419466883 8632.8215088844299 772.80189323425293 1682.7213337421417 6722.9213221073151
leaf_count=27958 5574 5658 1157 219 182890 6933 883 26248 787 2885 1760 14 198 391
internal_value=8.35443e-07 -0.00419419 0.0194475 0.0124831 0.0242128 -0.00570159 -0.0060674 -0.00663993 0.00275321 0.000849278 0.00470035 -0.00779297 -0.00111242 0.00257994
internal_weight=263555 216796 46759.2 19011.1 27748.1 178145 174968 164105 38651 32865.4 10517.1 130486 27403.5 10862.8
internal_count=263555 71955 191600 3136 188464 62427 55494 54220 9528 8741 1979 27972 5856 1274
is_linear=0
shrinkage=0.05


Tree=4
num_leaves=15
num_cat=0
split_feature=24 17 27 34 43 49 43 42 1 29 31 31 33 31
split_gain=7763.78 823.185 555.828 508.776 487.6 484.407 419.895 318.931 275.63 196.524 180.65 266.494 179.121 176.68
threshold=0.65759992599487316 0.037749288603663451 6.6220710277557382 0.73199650645256054 5.8985257148742685 0.35035352408885961 3.6242519617080693 1.2424533367156985 0.016001024283468727 0.82647204399108898 0.83602148294448864 0.90238094329833995 0.89587974548339855 0.80322581529617321
decision_type=2 2 2 2 2 2 2 2 2 2 2 2 2 2
left_child=1 5 4 12 -2 7 -7 13 10 -5 -3 -12 -4 -1
right_child=2 8 3 9 -6 6 -8 -9 -10 -11 11 -13 -14 -15
leaf_value=-0.007397054121193198 0.0093247803628297137 -1.3752050414382053e-05 0.0015448476968744919 0.019050713799404703 0.026147787621558713 -0.0037663198991839545 0.014858453695235902 0.0023334140082051395 0.020011567343626496 0.0012647104826855138 0.020619280989800783 0.00057703621997194827 0.023576278051290294 -0.0032377573952741159
leaf_weight=128022.29715116136 5342.7737445067614 24560.821540197358 1053.0036523342133 1884.2557451725006 22536.41162471287 7021.8646372724324 5304.0678482353687 10735.57469701767 2263.1937777288258 8632.8215088844299 2904.8087014947087 3849.7247146256268 7522.389698266983 31920.990737257525
leaf_count=27174 5595 4006 182 219 183887 1976 11531 1269 288 1760 242 3158 989 21279
internal_value=1.06334e-06 -0.00399559 0.0184263 0.0118438 0.0229283 -0.00531595 0.0042538 -0.00600726 0.00319992 0.00446635 0.00197893 0.00921401 0.0208759 -0.00656721
internal_weight=263555 216583 46971.7 19092.5 27879.2 183005 12325.9 170679 33578.5 10517.1 31315.4 6754.53 8575.39 159943
internal_count=263555 70923 192632 3150 189482 63229 13507 49722 7694 1979 7406 3400 1171 48453
is_linear=0
shrinkage=0.05


Tree=5
num_leaves=15
num_cat=0
split_feature=24 17 27 34 49 44 43 0 42 49 36 48 42 31
split_gain=7007.98 745.41 504.78 463.785 440.156 428.839 378.643 271.161 233.984 218.05 181.388 237.447 172.609 164.478
threshold=0.67426916956901561 0.033908046782016761 6.6220710277557382 0.73199650645256054 0.35035352408885961 0.65781784057617199 3.6242519617080693 0.015268065501004459 1.2424533367156985 0.17273864895105365 0.65151515603065502 0.96079471707344066 1.2424533367156985 0.80322581529617321
decision_type=2 2 2 2 2 2 2 2 2 2 2 2 2 2
left_child=1 4 5 -4 8 -2 -6 9 13 12 11 -5 -3 -1
right_child=2 7 3 10 6 -7 -8 -9 -10 -11 -12 -13 -14 -15
leaf_value=-0.0071156116995519927 0.0088458045629611487 -0.0020865994390818474 0.019952398138906202 0.00011257465130794014 -0.0036281714766749173 0.024830730361806795 0.014162960633389796 0.012480054665672952 0.0015088718625698122 0.0098625209735756138 -0.0035758129688491236 0.019715836828253827 0.014396910149101709 -0.0030464570532240456
leaf_weight=124718.86129444651 5171.2333151493222 25720.787326391786 8494.0023112297058 3142.7846245765686 6952.8324020784348 22576.878076966852 5233.8033201564103 5785.6155669018626 10204.677350521088 5461.8586419466883 4346.1844918727875 3028.1081376075745 1682.7213337421417 31034.651585280895
leaf_count=26486 3536 5658 1157 502 1963 184928 11998 787 1230 2885 1066 411 198 20750
internal_value=1.24721e-06 -0.00378543 0.017555 0.0112692 -0.00515103 0.021856 0.00401795 0.00250837 -0.00582452 0.000749693 0.004244 0.00974839 -0.00106954 -0.00630506
internal_weight=263555 216796 46759.2 19011.1 178145 27748.1 12186.6 38651 165958 32865.4 10517.1 6170.89 27403.5 155754
internal_count=263555 71955 191600 3136 62427 188464 13961 9528 48466 8741 1979 913 5856 47236
is_linear=0
shrinkage=0.05


Tree=6
num_leaves=15
num_cat=0
split_feature=49 17 22 46 28 34 27 49 43 38 36 26 38 49
split_gain=6329.97 678.457 493.019 332.969 295.647 333.832 288.077 271.917 236.68 223.892 211.567 202.824 189.127 180.775
threshold=0.46868057548999792 0.042572464793920524 6.7996129989624032 0.77032968401908886 1.0000000180025095e-35 0.73924660682678234 6.6234009265899667 0.085109576582908644 5.8957784175872812 0.89587974548339855 0.5894736945629121 0.84313055872917186 1.2424533367156985 0.21209606528282168
decision_type=2 2 2 2 2 2 2 2 2 2 2 2 2 2
left_child=1 3 6 -1 -4 -6 8 -5 -2 13 -7 12 -9 -3
right_child=2 9 4 7 5 10 -8 11 -10 -11 -12 -13 -14 -15
leaf_value=-0.0062373182085187643 0.010229425913184086 0.001038468401798282 -0.011273719702548476 -0.0051113356359585816 0.017873337830563902 0.011704735249094397 -0.0016345560893649817 -0.0028635297236408565 0.023645442351850884 0.021360935106247564 -0.0042332280878650706 0.006960054878634294 0.016276880098117012 0.014632916384020334
leaf_weight=126336.37999081425 3863.4081391561776 23544.162984184921 1457.5960268974304 29969.224338792264 10722.745234489441 4631.8374600410461 1388.1103549003601 18047.392882406712 22917.264437157661 1654.8733768463135 3768.6890530586243 11154.170651160181 1380.0088586807251 2719.1359902825207
leaf_count=27961 3387 4883 123 12808 1351 632 477 4982 191276 77 805 13663 45 1085
internal_value=1.38691e-06 -0.00369023 0.0162651 -0.0047763 0.0103745 0.0120296 0.0205638 -0.00172741 0.0217146 0.00357914 0.00455803 0.00158934 -0.00149623 0.00245099
internal_weight=263555 214805 48749.7 186887 20580.9 19123.3 28168.8 60550.8 26780.7 27918.2 8400.53 30581.6 19427.4 26263.3
internal_count=263555 65504 198051 59459 2911 2788 195140 31498 194663 6045 1437 18690 5027 5968
is_linear=0
shrinkage=0.05


Tree=7
num_leaves=15
num_cat=0
split_feature=24 17 28 31 42 32 34 47 22 44 43 49 24 43
split_gain=5750.24 639.276 437.682 406.028 425.597 392.408 465.608 227.802 239.622 224.759 168.292 149.803 147.004 125.595
threshold=0.67426916956901561 0.064583335071802153 1.0000000180025095e-35 0.80322581529617321 1.2424533367156985 6.5950968265533456 0.73199650645256054 3.8815106153488164 6.8018388748168954 0.80619436502456676 6.6086750030517587 0.025946100242435936 0.87988409399986278 3.5114340782165532
decision_type=2 2 2 2 2 2 2 2 2 2 2 2 2 2
left_child=1 3 -2 4 10 9 12 -5 -9 -4 -1 -6 -7 -3
right_child=2 13 5 7 11 6 -8 8 -10 -11 -12 -13 -14 -15
leaf_value=-0.0061795511341855933 -0.012038926583810687 0.0019155623195807614 0.013458156703472 -0.002778589442966389 -0.003671629328219322 0.0079290000045227852 0.0011760777735944571 0.008351062670955485 -0.0038057792998775044 0.02293493113095588 0.017076589345511494 0.0079312815658406609 0.022812360490844945 0.012248632337743618
leaf_weight=144614.64752874523 1354.1622148752213 5178.3318074941635 9010.4449477735907 29084.424974441528 4353.9294905662537 2347.2034826278687 7379.4621233940125 12268.233198821545 6043.9770812988281 20895.615793149918 772.80189323425293 7670.8988151550293 5772.3023955821991 6808.5640317089856
leaf_count=30553 240 1031 16666 8468 688 349 1526 29122 286 172057 14 670 762 1123
internal_value=1.4926e-06 -0.0034286 0.0159022 -0.00408554 -0.00530707 0.016738 0.0102708 -2.83772e-05 0.00433879 0.0200851 -0.00605477 0.00373056 0.0185249 0.00779007
internal_weight=263555 216796 46759.2 204809 157412 45405 15499 47396.6 18312.2 29906.1 145387 12024.8 8119.51 11986.9
internal_count=263555 71955 191600 69801 31925 191360 2637 37876 29408 188723 30567 1358 1111 2154
is_linear=0
shrinkage=0.05


Tree=8
num_leaves=15
num_cat=0
split_feature=49 17 27 24 34 42 31 36 24 0 38 28 43 43
split_gain=5206.07 578.777 450.702 417.03 357.706 220.988 208.232 193.439 183.371 233.824 189.187 159.694 158.105 157.225
threshold=0.54562899470329296 0.033908046782016761 6.6220710277557382 0.67426916956901561 0.73199650645256054 1.2424533367156985 0.83602148294448864 0.74342104792594921 0.33432225883007055 0.015268065501004459 1.2424533367156985 1.0000000180025095e-35 3.6242519617080693 6.6086750030517587
decision_type=2 2 2 2 2 2 2 2 2 2 2 2 2 2
left_child=1 3 12 5 7 6 13 -4 9 10 -3 -5 -2 -1
right_child=2 8 4 11 -6 -7 -8 -9 -10 -11 -12 -13 -14 -15
leaf_value=-0.006252620963916421 0.010126094844749585 -0.0012683224793488038 -0.0040283760424974164 -0.011932735719261036 0.0028545997973430156 0.0021479015984932149 -0.0017046419305874032 0.019612081410826668 0.012502278005378091 0.010808911807998008 0.02024675680998551 0.01175020144430294 0.021670517702870953 0.016233666655142521
leaf_weight=129713.59430727363 3458.1944955475628 28673.560812368989 970.1785147190094 814.69611823558807 9187.1654107570648 10862.833681821823 33618.842259179801 7766.9241733551025 4016.5766561999917 5388.8511610813439 1049.5010380744934 5260.0157969072461 22001.263460112736 772.80189323425293
leaf_count=27958 2037 6211 178 127 1764 1274 26248 951 2962 660 41 4535 188595 14
internal_value=1.58382e-06 -0.003118 0.0158304 -0.00430976 0.00974823 -0.00475703 -0.0052142 0.0169854 0.00239581 0.00123647 -0.000502086 0.00855963 0.020107 -0.00611821
internal_weight=263555 220171 43383.7 181043 17924.3 174968 164105 8737.1 39128.5 35111.9 29723.1 6074.71 25459.5 130486
internal_count=263555 70030 193525 60156 2893 55494 54220 1129 9874 6912 6252 4662 190632 27972
is_linear=0
shrinkage=0.05


Tree=9
num_leaves=15
num_cat=0
split_feature=49 17 27 23 34 34 42 36 3 24 38 32 43 43
split_gain=4698.72 522.43 406.767 381.829 322.865 306.424 184.312 174.63 167.858 211.945 171.264 162.456 142.664 142.511
threshold=0.54562899470329296 0.033908046782016761 6.6220710277557382 4.1971738338470468 0.73199650645256054 0.081532169133424773 1.2424533367156985 0.74342104792594921 0.015268065501004459 0.33432225883007055 0.89587974548339855 2.1383330821990971 3.6242519617080693 3.5408543348312382
decision_type=2 2 2 2 2 2 2 2 2 2 2 2 2 2
left_child=1 3 12 6 7 -5 -1 -4 9 10 -3 -7 -2 -10
right_child=2 8 4 5 -6 11 -8 -9 13 -11 -12 -13 -14 -15
leaf_value=-0.0053935245021196551 0.009621249226147946 -0.0014520135709046424 -0.0038290124605055392 -0.006159575246814061 0.0027120249404691734 -0.0076758097300253713 0.0014881699546088615 0.018632738296427604 0.0020295327270255636 0.012116639355720452 0.011804045323595204 0.0083607941846809818 0.020587483838393428 0.019738480921946619
leaf_weight=148838.59833050333 3458.1944955475628 28062.586001148447 970.1785147190094 7391.58679067716 9187.1654107570648 1797.2164387702942 10406.179455518723 7766.9241733551025 2175.0345420241356 3858.5784675460309 2658.1526294946671 12609.203041182831 22001.263460112736 2374.1380275115371
leaf_count=33011 2037 6050 178 6681 1764 230 1258 951 437 2866 130 18976 188595 391
internal_value=1.69949e-06 -0.00296198 0.0150395 -0.00409424 0.00926133 0.00211134 -0.00494376 0.016137 0.00227656 0.00108725 -0.000301548 0.00635627 0.0191023 0.0112946
internal_weight=263555 220171 43383.7 181043 17924.3 21798 159245 8737.1 39128.5 34579.3 30720.7 14406.4 25459.5 4549.17
internal_count=263555 70030 193525 60156 2893 25887 34269 1129 9874 9046 6180 19206 190632 828
is_linear=0
shrinkage=0.05


Tree=10
num_leaves=15
num_cat=0
split_feature=24 17 28 31 42 32 34 37 36 22 43 1 43 49
split_gain=4259.44 489.049 340.555 317.147 320.047 300.107 354.592 214.173 210.657 204.814 171.805 133.093 286.319 132.468
threshold=0.67426916956901561 0.064583335071802153 1.0000000180025095e-35 0.80322581529617321 1.2424533367156985 6.5950968265533456 0.73199650645256054 2.0126758217811589 0.5894736945629121 6.7962646484375009 3.5408543348312382 0.0089687905274331587 6.5950968265533456 0.025946100242435936
decision_type=2 2 2 2 2 2 2 2 2 2 2 2 2 2
left_child=1 3 -2 4 11 10 -7 9 -9 -5 -4 -1 -13 -6
right_child=2 -3 5 7 13 6 -8 8 -10 -11 -12 12 -14 -15
leaf_value=-0.0058609132089914619 -0.010958310423348591 0.0068619625427508244 0.0088712488627149862 0.0067111873406078566 -0.0037276295397942073 0.015971949640241602 0.00083230874546523764 0.017405009441015414 0.0019583368423141284 -0.0034837301273600409 0.019050978833504532 -0.0027661483990557637 0.026168178447956866 0.0071829686584796298
leaf_weight=125169.84924081527 1354.1622148752213 11986.895839203149 5003.8580513000488 5876.6459434069693 4353.9294905662537 8119.5058782100677 7379.4621233940125 2995.659558236599 8320.739958640188 30203.589794278145 24902.20268962346 19333.035178722814 884.56500244140625 7670.8988151550293
leaf_count=26776 240 2154 3029 29573 688 1111 1526 180 1615 6508 185694 3780 11 670
internal_value=1.77109e-06 -0.00295038 0.0136869 -0.00352498 -0.00460456 0.0144242 0.00876876 6.07155e-05 0.00605911 -0.00182181 0.0173512 -0.00525294 -0.0014879 0.00323266
internal_weight=263555 216796 46759.2 204809 157412 45405 15499 47396.6 11316.4 36080.2 29906.1 145387 20217.6 12024.8
internal_count=263555 71955 191600 69801 31925 191360 2637 37876 1795 36081 188723 30567 3791 1358
is_linear=0
shrinkage=0.05


Tree=11
num_leaves=15
num_cat=0
split_feature=49 17 27 23 48 49 33 1 24 38 47 31 43 38
split_gain=3870.85 440.557 331.839 314.737 270.725 256.439 167.362 148.244 144.588 143.432 137.715 142.534 136.526 131.623
threshold=0.54562899470329296 0.033908046782016761 6.6220710277557382 4.1666352748870858 0.86319395899772655 0.26772449910640722 2.7403194904327397 0.016001024283468727 0.33432225883007055 1.2424533367156985 3.9219243526458745 0.98364007472991954 6.6086750030517587 1.2424533367156985
decision_type=2 2 2 2 2 2 2 2 2 2 2 2 2 2
left_child=1 3 -2 13 -4 12 10 8 9 -3 -6 -12 -5 -1
right_child=2 7 4 5 6 -7 -8 -9 -10 -11 11 -13 -14 -15
leaf_value=-0.0048549771787383209 0.017320332966326665 -0.00028525232858031042 0.018978044624994361 -0.0028552665611561437 0.016278088980614933 0.0082050902918240892 0.016695304153141296 0.015181681954966459 0.010511821937680389 0.017945109478183893 -0.003203332546760319 0.011777368404212913 0.020324241134333631 0.0047568609286473794
leaf_weight=149083.85684707575 25459.457955660298 32089.066204216331 4534.6716198921204 18888.565048828721 1491.5963706970215 8781.6105297263712 2428.8938255310059 2048.9083507750183 3884.0458999630064 1106.469212770462 7462.9319581985474 2006.1743245124817 647.43320751190186 3641.3184235095978
leaf_count=33232 190632 6605 781 15710 163 11063 220 283 2938 48 1412 317 11 140
internal_value=1.84219e-06 -0.00268811 0.0136507 -0.00372787 0.00843174 0.00111331 0.00484851 0.00212246 0.00139695 0.000327621 0.00221044 -2.03667e-05 -0.00207708 -0.00462551
internal_weight=263555 220171 43383.7 181043 17924.3 28317.6 13389.6 39128.5 37079.6 33195.5 10960.7 9469.11 19536 152725
internal_count=263555 70030 193525 60156 2893 26784 2112 9874 9591 6653 1892 1729 15721 33372
is_linear=0
shrinkage=0.05


Tree=12
num_leaves=15
num_cat=0
split_feature=49 15 28 38 32 43 34 33 46 31 31 38 31 37
split_gain=3498.41 422.658 323.447 233.63 214.18 275.954 264.298 184.93 170.348 152.111 218.558 149.026 165.457 146.596
threshold=0.43037205934524542 0.022160338237881664 1.0000000180025095e-35 0.89587974548339855 6.5950968265533456 3.5694335699081425 0.73199650645256054 0.89587974548339855 0.98792755603790294 0.83602148294448864 0.90238094329833995 1.2424533367156985 0.83602148294448864 1.8688347935676577
decision_type=2 2 2 2 2 2 2 2 2 2 2 2 2 2
left_child=1 11 -2 8 5 -4 7 -6 9 -3 -11 12 -1 -14
right_child=2 3 4 -5 6 -7 -8 -9 -10 10 -12 -13 13 -15
leaf_value=-0.0051042447475498909 -0.010080809299804212 -0.0013128734432999616 0.0059285896064614242 0.016090192365483598 -0.0067429481196613177 0.017252721613397474 0.00076160512063278615 0.015502576120063753 0.025794148450290419 0.015506941594067706 -0.00063898607853492208 0.0051236427564097008 -0.0031759228067782409 0.0043700127670749196
leaf_weight=127227.72621647269 1640.8698229789734 36759.759244805202 6843.0809056274593 2509.93328332901 1035.8796057701111 25391.125287596136 7364.1651442050934 9062.4386937618256 643.82565754652023 3573.0131474528462 5048.2512330505997 4305.8716564178467 23261.748896170408 8887.3109836839139
leaf_count=29037 217 7005 3103 157 206 193831 1523 1110 16 344 3148 156 22162 1540
internal_value=2.02853e-06 -0.0028314 0.011713 0.00126618 0.0124345 0.0148513 0.00796739 0.0132162 0.000454444 8.93433e-05 0.00606278 -0.00404641 -0.00429446 -0.00108921
internal_weight=263555 212217 51337.6 48534.8 49696.7 32234.2 17462.5 10098.3 46024.8 45381 8621.26 163683 159377 32149.1
internal_count=263555 63565 199990 10670 199773 196934 2839 1316 10513 10497 3492 52895 52739 23702
is_linear=0
shrinkage=0.05


Tree=13
num_leaves=15
num_cat=0
split_feature=24 17 28 49 26 38 32 34 3 37 36 48 47 29
split_gain=3176.3 393.945 278.683 264.944 323.516 252.48 226.979 263.356 169.206 132.605 143.39 192.576 143.292 132.471
threshold=0.65759992599487316 0.064583335071802153 1.8688347935676577 0.085109576582908644 0.83664041757583629 1.2424533367156985 6.5950968265533456 0.73199650645256054 0.0065574476029723891 2.0126758217811589 0.36931818723678594 0.60484176874160778 3.9019216299057011 0.86060526967048656
decision_type=2 2 2 2 2 2 2 2 2 2 2 2 2 2
left_child=1 3 -2 -1 5 9 13 -8 -6 10 11 -5 -11 -4
right_child=2 -3 6 4 8 -7 7 -9 -10 12 -12 -13 -14 -15
leaf_value=-0.0045770351595642222 -0.0096832116223892917 0.0062527139231339825 0.010094972446836343 0.027024850082666287 0.0023252251458826963 0.014487785594786024 0.013741467588952814 0.00071841004159309274 0.014135587571812838 -0.00095206639832610919 -0.0043103219527223045 -0.0017534430845639712 0.013017122482894734 0.017277592251098796
leaf_weight=120267.70318901539 1457.424250125885 11985.50223471038 9420.4332035873085 851.23274954222143 9957.1924255732447 2155.0602171421051 8183.6066358089447 7379.4621233940125 4354.2166708186269 7408.370957672596 55388.887386232615 1785.1704080104828 2430.0075662732124 20530.729760961607
leaf_count=31564 273 2111 23083 76 17774 80 1121 1526 3577 2643 12723 225 150 166629
internal_value=2.07775e-06 -0.00255427 0.0117873 -0.00307047 -0.000921594 -0.00232182 0.0124768 0.00757082 0.00592586 -0.00285768 -0.00376771 0.0076054 0.00250794 0.0150226
internal_weight=263555 216583 46971.7 204598 84330.1 70018.7 45514.2 15563.1 14311.4 67863.7 58025.3 2636.4 9838.38 29951.2
internal_count=263555 70923 192632 68812 37248 15897 192359 2647 21351 15817 13024 301 2793 189712
is_linear=0
shrinkage=0.05


Tree=14
num_leaves=15
num_cat=0
split_feature=49 17 27 23 48 49 48 48 47 37 3 38 0 26
split_gain=2878.63 348.212 243.903 241.4 221.051 196.261 132.556 144.483 125.57 195.787 171.632 151.834 118.136 118.879
threshold=0.54562899470329296 0.033908046782016761 6.6220710277557382 4.1666352748870858 0.86319395899772655 0.26772449910640722 0.96012336015701305 1.0000001788139345 3.8815106153488164 1.4978661537170412 0.015268065501004459 1.0000000180025095e-35 0.015749008394777778 0.83664041757583629
decision_type=2 2 2 2 2 2 2 2 2 2 2 2 2 2
left_child=1 3 -2 -1 -4 -5 -6 -8 12 10 11 -10 13 -3
right_child=2 8 4 5 6 -7 7 -9 9 -11 -12 -13 -14 -15
leaf_value=-0.0040280788079367592 0.014918500364624103 -0.004185605421295961 0.016827542543771199 -0.0017932137247370986 -0.0028340874143966371 0.0072019740511666645 0.0098175905672898169 -0.011152405934847344 -0.0017830699050289034 0.01374800536478798 0.016351693661834667 0.013972823578348673 0.010530967126455728 0.0075887776618513815
leaf_weight=152725.17527058534 25459.457955660298 14083.29171282053 4534.6716198921204 19535.998256340623 4580.9997136592865 8781.6105297263712 7900.3525369167328 908.24422836303711 12400.433136591688 4583.42453160882 1840.5537513811141 1733.9209463596344 1967.9790495038033 2518.8865394592285
leaf_count=33372 190632 3477 781 15721 608 11063 1244 260 4534 534 333 100 278 618
internal_value=2.15924e-06 -0.00231755 0.0117724 -0.00324194 0.007298 0.000997853 0.00406047 0.0076452 0.00195923 0.0046503 0.00203308 0.000158284 -0.00102086 -0.0023957
internal_weight=263555 220171 43383.7 181043 17924.3 28317.6 13389.6 8808.6 39128.5 20558.3 15974.9 14134.4 18570.2 16602.2
internal_count=263555 70030 193525 60156 2893 26784 2112 1504 9874 5501 4967 4634 4373 4095
is_linear=0
shrinkage=0.05


Tree=15
num_leaves=15
num_cat=0
split_feature=49 15 49 27 48 38 46 31 52 43 33 22 48 3
split_gain=2598.03 320.29 223.391 220.119 199.565 150.596 151.221 154.744 179.744 139.754 124.657 109.429 238.901 98.95
threshold=0.54562899470329296 0.020220141857862476 0.35035352408885961 6.6220710277557382 0.86319395899772655 0.89587974548339855 0.98772162199020397 0.83602148294448864 1.0000000180025095e-35 3.6242519617080693 2.7403194904327397 6.8007264137268075 0.96079471707344066 0.015268065501004459
decision_type=2 2 2 2 2 2 2 2 2 2 2 2 2 2
left_child=1 2 -1 -2 -5 6 7 13 -9 -4 11 -6 -13 -3
right_child=3 5 9 4 10 -7 -8 8 -10 -11 -12 12 -14 -15
leaf_value=-0.0038126729038059832 0.014172868024638833 -0.001962176870319536 -0.00091099466996242065 0.015988016397288002 -0.0056991309896186094 0.011449070710542825 0.023577790279183872 0.012085748788095305 -0.0013001370533368022 0.0100640281169247 0.01408132116308667 -0.0041734763526611951 0.013709550458241916 0.0073716270889175005
leaf_weight=153571.88408509828 25459.457955660298 37073.628682808951 7823.8621844165027 4534.6716198921204 3502.4499335289001 3312.9891922473907 687.84150618314743 5238.2056596782058 4799.5005062818527 4598.2301941346377 2428.8938255310059 3633.8050546646118 3824.4476652145386 3065.1317135281861
leaf_count=47488 190632 7483 2272 781 1049 210 22 3091 1760 7225 220 376 467 479
internal_value=2.21288e-06 -0.00220154 -0.00329099 0.0111841 0.00693345 0.0011364 0.000462574 0.000141065 0.0056904 0.00315641 0.00385729 0.00158087 0.00500267 -0.00124776
internal_weight=263555 220171 165994 43383.7 17924.3 54177.3 50864.3 50176.5 10037.7 12422.1 13389.6 10960.7 7458.25 40138.8
internal_count=263555 70030 56985 193525 2893 13045 12835 12813 4851 9497 2112 1892 843 7962
is_linear=0
shrinkage=0.05


Tree=16
num_leaves=15
num_cat=0
split_feature=24 0 43 49 28 32 34 22 36 29 1 47 43 38
split_gain=2361.85 321.346 224.974 242.03 220.534 172.999 198.388 169.022 139.392 121.884 116.317 114.957 114.787 112.481
threshold=0.67426916956901561 0.013606071937829258 3.5408543348312382 0.13772676140069964 1.0000000180025095e-35 6.5950968265533456 0.73199650645256054 6.8018388748168954 0.47222222387790685 0.15003100782632831 0.0082988981157541292 3.65057384967804 3.65057384967804 0.89587974548339855
decision_type=2 2 2 2 2 2 2 2 2 2 2 2 2 2
left_child=1 2 -1 10 -2 11 -7 8 -5 -9 13 -6 -10 -4
right_child=4 -3 3 7 5 6 -8 9 12 -11 -12 -13 -14 -15
leaf_value=-0.004101049594493286 -0.0096362617835248892 0.0058464291680234851 -0.0042149791282946698 0.031011307701197973 0.0058227562300935155 0.011880495413088775 0.00055635616282544837 0.0092830774527245582 0.00056842558810865206 -0.0040785095625916895 0.0020555331461765513 0.014349351823360801 0.00961326506077732 0.0038121656160279289
leaf_weight=116461.94339734688 1354.1622148752213 11738.443060845137 46325.199012594298 560.87008347921073 4711.0293159484863 8119.5058782100677 7379.4621233940125 2115.8481588363647 6063.5579721853137 8650.6215023994446 11752.785250229761 25195.031424975023 8316.3774565178901 4810.162927031517
leaf_count=29003 240 2042 15394 382 2997 1111 1526 152 1427 768 3040 185726 19497 250
internal_value=2.30079e-06 -0.00219601 -0.00265666 -0.000757701 0.0101929 0.0107863 0.00649261 0.00332895 0.00676883 -0.00144649 -0.0024285 0.0130086 0.00580239 -0.00345929
internal_weight=263555 216796 205057 88595.4 46759.2 45405 15499 25707.3 14940.8 10766.5 62888.1 29906.1 14379.9 51135.4
internal_count=263555 71955 69913 40910 191600 191360 2637 22226 21306 920 18684 188723 20924 15644
is_linear=0
shrinkage=0.05


Tree=17
num_leaves=15
num_cat=0
split_feature=24 0 31 42 28 37 36 22 32 34 36 24 37 47
split_gain=2131.62 291.043 212.351 199.44 199.112 190.623 181.592 167.309 156.128 179.068 130.775 137.529 231.383 103.74
threshold=0.67426916956901561 0.013793759513646366 0.80322581529617321 1.2424533367156985 1.0000000180025095e-35 2.0126758217811589 0.5894736945629121 6.7951462268829355 6.5950968265533456 0.73199650645256054 0.34848485887050634 0.12610819935798648 0.89587974548339855 3.65057384967804
decision_type=2 2 2 2 2 2 2 2 2 2 2 2 2 2
left_child=1 2 3 10 -2 7 -7 -4 13 -10 11 -1 -13 -6
right_child=4 -3 5 -5 8 6 -8 -9 9 -11 -12 12 -14 -15
leaf_value=-0.0023016289374979404 -0.009157980586410196 0.0058441554208505378 0.0067738837002204056 0.0028019269842029671 0.0055322350373565483 0.016342892870627648 0.0022175199956051637 -0.0027993967960539524 0.011287200727722203 0.00052857630598563397 -0.0042302157451332744 0.031678792038685642 -0.00046190146255227385 0.013632169238559914
leaf_weight=4319.2198775541037 1354.1622148752213 10974.493900658563 5344.6657167505473 11993.176424026489 4711.0293159484863 3083.6402870416641 8616.7943703010678 30905.068221211433 8119.5058782100677 7379.4621233940125 139259.425048545 943.73786522634327 1355.5871101506054 25195.031424975023
leaf_count=413 240 1893 29248 1356 2997 179 1663 6939 1111 1526 29422 551 291 185726
internal_value=2.32385e-06 -0.00208609 -0.0025092 -0.00339426 0.0096835 0.000404866 0.00595103 -0.00138643 0.0102473 0.00616838 -0.00390383 0.00295966 0.01281 0.0123585
internal_weight=263555 216796 205821 157871 46759.2 47950.2 11700.4 36249.7 45405 15499 145878 6618.54 2299.32 29906.1
internal_count=263555 71955 70062 32033 191600 38029 1842 36187 191360 2637 30677 1255 842 188723
is_linear=0
shrinkage=0.05


Tree=18
num_leaves=15
num_cat=0
split_feature=49 15 49 27 48 47 37 3 46 31 43 48 48 1
split_gain=1943.66 263.529 170.183 162.284 165.081 134.719 186.044 129.89 122.8 106.099 105.382 103.296 115.202 88.1252
threshold=0.54562899470329296 0.020220141857862476 0.35035352408885961 6.6220710277557382 0.89924585819244396 3.8815106153488164 1.0000000180025095e-35 0.0096620614640414732 0.75716626644134533 0.83602148294448864 3.6242519617080693 0.96012336015701305 1.0000001788139345 0.012422839645296337
decision_type=2 2 2 2 2 2 2 2 2 2 2 2 2 2
left_child=1 2 -1 -2 -5 -3 -7 13 9 -9 -4 -6 -13 -8
right_child=3 5 10 4 11 6 7 8 -10 -11 -12 12 -14 -15
leaf_value=-0.0033473136983769563 0.0122403423094865 -0.0013488922017591192 -0.00079652979894252241 0.014084840929695695 -0.0030530822379243685 -0.0019148048694590345 -0.00025253100632203812 0.0028830432739131717 0.018939863202384791 0.019537475553696376 0.0087337798588903431 0.0082371858635634267 -0.010485458226538276 0.012265374883529951
leaf_weight=153571.88408509828 25459.457955660298 27309.470796525478 7823.8621844165027 4681.4125199317932 4434.2588136196136 9660.1279475986958 6743.6015175953507 4339.9820180330426 3139.6199903246015 1218.3057601451874 4598.2301941346377 7900.3525369167328 908.24422836303711 1766.1892305053771
leaf_count=47488 190632 6502 2272 819 570 3425 1603 709 443 46 7225 1244 260 317
internal_value=2.35503e-06 -0.00190377 -0.00289198 0.00967409 0.00602422 0.00112398 0.00363706 0.00675309 0.0110466 0.00656201 0.00273545 0.00316627 0.00629701 0.00235688
internal_weight=263555 220171 165994 43383.7 17924.3 54177.3 26867.8 17207.7 8697.91 5558.29 12422.1 13242.9 8808.6 8509.79
internal_count=263555 70030 56985 193525 2893 13045 6543 3118 1198 755 9497 2074 1504 1920
is_linear=0
shrinkage=0.05


Tree=19
num_leaves=15
num_cat=0
split_feature=49 15 49 43 27 48 47 37 3 40 19 33 22 48
split_gain=1755.52 240.083 156.023 147.717 144.509 150.693 123.661 170.102 115.731 114.606 104.951 94.7121 95.6845 187.654
threshold=0.55573964118957531 0.020220141857862476 0.30744813382625585 3.6242519617080693 6.6220710277557382 0.89924585819244396 3.8815106153488164 1.0000000180025095e-35 0.0096620614640414732 2.2283497855823957e-06 0.011886610649526121 2.7403194904327397 6.8007264137268075 0.96079471707344066
decision_type=2 2 2 2 2 2 2 2 2 2 2 2 2 2
left_child=1 2 -1 -4 -2 -6 -3 -8 -9 -10 -11 12 -7 -14
right_child=4 6 3 -5 5 11 7 8 9 10 -12 -13 13 -15
leaf_value=-0.0032550615935833869 0.011690433560603231 -0.0012808829284492267 -0.0015400991558554337 0.0083073411545321538 0.013593799390850267 -0.0059129345590456526 -0.0018194531482306473 0.0023138900669353252 0.022429288327563981 -0.003752438731378083 0.010930522596809102 0.012051973232355517 -0.0039937929495322657 0.011964973453666275
leaf_weight=149382.83129936084 25195.203786218539 27337.109298408031 11208.600141081959 5756.0962539687753 4573.6611306667328 3371.7783374786377 9674.9087961930782 8552.1468977294862 1628.3763377666473 1550.1030668672174 5582.0927692912519 2383.590295791626 3561.5063967704773 3796.9949712753296
leaf_count=45229 190018 6515 3264 9036 804 1012 3469 1951 57 110 1045 216 365 464
internal_value=2.38092e-06 -0.00179661 -0.00273904 0.00180405 0.00925814 0.00578879 0.00108918 0.00348951 0.00645567 0.0104917 0.00773856 0.0030584 0.00105123 0.00424601
internal_weight=263555 220672 166348 16964.7 42882.7 17687.5 54324.7 26987.6 17312.7 8760.57 7132.2 13113.9 10730.3 7358.5
internal_count=263555 70676 57529 12300 192879 2861 13147 6632 3163 1212 1155 2057 1841 829
is_linear=0
shrinkage=0.05


Tree=20
num_leaves=15
num_cat=0
split_feature=24 0 49 26 38 28 3 31 37 23 36 48 32 34
split_gain=1599.17 237.986 190.456 191.548 171.342 158.447 127.829 116.456 160.085 127.279 121.071 152.965 116.433 147.613
threshold=0.72039577364921581 0.013793759513646366 0.085109576582908644 0.83664041757583629 1.2424533367156985 1.0000000180025095e-35 0.0065574476029723891 0.83602148294448864 1.4978661537170412 2.9700856208801274 0.34848485887050634 0.54724109172821056 6.5950968265533456 0.73199650645256054
decision_type=2 2 2 2 2 2 2 2 2 2 2 2 2 2
left_child=1 2 -1 4 7 -2 -5 10 -9 -10 11 -4 -7 -14
right_child=5 -3 3 6 -6 12 -8 8 9 -11 -12 -13 13 -15
leaf_value=-0.0034419711823215032 -0.008420276486092608 0.0053939701132571559 0.025328379829632881 0.0016658560876008741 0.012515989810388102 0.0108976527360021 0.011510991623527415 -0.0024041096473557326 0.016882643012136891 0.0025884070768775248 -0.0036010050696031999 -0.00070475383706125421 0.010306049800964329 0.00041940507644896448
leaf_weight=120476.58194956928 1330.5164325237274 10981.240408547223 809.6864903550595 10926.363278400153 2113.9794840812683 29029.267971105874 4714.5986519642174 9540.2274062633514 2394.2153882980347 4433.8918136358261 49893.534700077027 1809.1065279245377 7722.3271527290344 7379.4621233940125
leaf_count=32546 230 2019 125 22042 81 183333 4667 3404 61 1080 11171 225 1045 1526
internal_value=2.39796e-06 -0.0017759 -0.00215629 -0.000368216 -0.00147184 0.00853195 0.0046389 -0.00190289 0.00177871 0.00761791 -0.00305058 0.00740998 0.00904484 0.00547843
internal_weight=263555 218093 207112 86635.6 70994.6 45461.6 15641 68880.7 16368.3 6828.11 52512.3 2618.79 44131.1 15101.8
internal_count=263555 77421 75402 42856 16147 186134 26709 16066 4545 1141 11521 350 185904 2571
is_linear=0
shrinkage=0.05


Tree=21
num_leaves=15
num_cat=0
split_feature=24 0 43 22 34 28 39 32 34 1 36 35 43 21
split_gain=1443.25 214.982 171.271 194.53 171.247 143.057 131.703 105.074 133.239 101.019 96.3213 151.996 107.689 90.5312
threshold=0.72039577364921581 0.013606071937829258 3.5408543348312382 6.8018388748168954 0.081532169133424773 1.0000000180025095e-35 0.62306818366050731 6.5950968265533456 0.73199650645256054 0.016001024283468727 0.47222222387790685 2.2270627368925493e-06 3.7012257575988774 0.95761293172836315
decision_type=2 2 2 2 2 2 2 2 2 2 2 2 2 2
left_child=1 2 13 4 -4 -2 10 -7 -9 -3 11 -6 -12 -1
right_child=5 9 3 -5 6 7 -8 8 -10 -11 12 -13 -14 -15
leaf_value=-0.003213589607072537 -0.0080024033218577036 0.0028424231230107541 -0.0016037367196311909 -0.0028376793086485937 -0.0047486646527307129 0.010352958152292913 -0.0024856809672717537 0.0097914135446910203 0.00039846302981523757 0.015401130029478256 0.001230871714211356 0.026471371670024557 0.0087887193830284826 -0.020757773867254185
leaf_weight=115874.78756446019 1330.5164325237274 9846.3104560635984 20461.335160616785 43157.496427536011 551.82236278057098 29029.267971105874 5353.0709475278854 7722.3271527290344 7379.4621233940125 1903.983385162428 8900.6349643170834 1296.3941105213016 10017.218923164532 730.37179696559906
leaf_count=28991 230 1981 9860 3204 80 183333 1680 1045 1526 198 2191 1352 27781 103
internal_value=2.42778e-06 -0.00168695 -0.00206163 -0.000419493 0.00182112 0.0081055 0.00450369 0.00859284 0.00520487 0.00488876 0.00630574 0.0171746 0.00523537 -0.00332525
internal_weight=263555 218093 206343 89738 46580.5 45461.6 26119.1 44131.1 15101.8 11750.3 20766.1 1848.22 18917.9 116605
internal_count=263555 77421 75242 46148 42944 186134 33084 185904 2571 2179 31404 1432 29972 29094
is_linear=0
shrinkage=0.05


Tree=22
num_leaves=15
num_cat=0
split_feature=49 1 31 38 37 43 22 3 24 22 22 36 43 22
split_gain=1311.49 199.441 135.568 148.422 134.979 127.983 120.858 115.115 110.673 106.973 105.684 101.075 87.6777 87.5386
threshold=0.55573964118957531 0.0083683477714657801 0.83602148294448864 1.2424533367156985 1.8688347935676577 2.5249279737472539 6.7951462268829355 0.015038444194942715 0.80591171979904186 6.8018388748168954 6.7996129989624032 0.5894736945629121 3.6242519617080693 6.8007264137268075
decision_type=2 2 2 2 2 2 2 2 2 2 2 2 2 2
left_child=1 2 3 -1 6 -3 -4 -7 -8 12 -9 -6 -2 -14
right_child=9 5 4 -5 11 7 8 10 -10 -11 -12 -13 13 -15
leaf_value=-0.003306553913169607 0.0019750842317351547 -0.0073859369903612401 0.0062808547299710062 0.005674319411844219 0.013519615302353436 0.0014227475115367286 -0.003860051305229257 -0.0067398063058104699 0.01050205595031789 0.0025381309007589249 0.014164897389452702 0.0022975493087219446 0.0089946430546934703 0.01688161759326379
leaf_weight=135758.42954676971 3812.3999496586621 3693.5465199947357 4203.8684845212847 4753.010130405426 2702.1069923341274 35327.914039228112 21054.865553498268 734.00627779774368 1423.0585148334503 7418.6227912902832 3287.1616685390472 7734.2971327453852 27608.795764898881 4042.9164123535156
leaf_count=30920 2073 922 20414 172 371 10697 4804 288 336 633 282 1470 189433 740
internal_value=2.36637e-06 -0.00155256 -0.00229247 -0.00300238 0.000394979 0.00150077 -0.0014909 0.0023366 -0.00294653 0.00800241 0.0103418 0.00521323 0.00914443 0.0100071
internal_weight=263555 220672 177630 140511 37118.2 43042.6 26681.8 39349.1 22477.9 42882.7 4021.17 10436.4 35464.1 31651.7
internal_count=263555 70676 58487 31092 27395 12189 25554 11267 5140 192879 570 1841 192246 190173
is_linear=0
shrinkage=0.05


Tree=23
num_leaves=15
num_cat=0
split_feature=49 43 1 22 38 24 32 43 22 47 32 2 22 32
split_gain=1191.45 198.333 195.941 195.18 125.533 105.217 104.855 103.986 90.8401 147.056 98.7188 142.406 135.624 88.3455
threshold=0.35035352408885961 3.6242519617080693 0.0089687905274331587 6.8018388748168954 0.89587974548339855 0.098506215959787383 3.3842465877532963 2.5249279737472539 6.8018388748168954 6.6153953075408944 3.4498615264892583 0.013072453904896976 6.7996129989624032 2.1383330821990971
decision_type=2 2 2 2 2 2 2 2 2 2 2 2 2 2
left_child=2 13 4 -3 -1 6 -6 -4 9 10 11 -9 -13 -2
right_child=1 3 7 -5 5 -7 -8 8 -10 -11 -12 12 -14 -15
leaf_value=-0.002833690888919784 -0.00630960183484353 0.009474895506905558 -0.0070782118173205377 0.00038862644334643117 -0.0063929873124244536 0.011570807139846854 0.0063831316118558596 0.0016128100032071352 -0.00084687653125076862 0.022269964289400403 -0.0087328281801568354 0.00038242786911686053 0.017521266297238724 0.0032610702892726471
leaf_weight=159657.66287783161 3022.972207903862 36510.963408935815 3190.0398098826408 7052.3973255157471 3332.6076548099518 2651.0833197832108 3081.0506782531738 12328.68609893322 13283.985583305359 1088.888632774353 1519.5830719266087 1770.9958006739616 3307.1680178642273 11756.915290474892
leaf_count=49472 618 199123 764 583 255 193 191 3343 1115 10 2559 617 332 4380
internal_value=2.36752e-06 0.00630664 -0.0017902 0.00800436 -0.00250869 0.00321246 -0.000255098 0.00153175 0.00235845 0.00448515 0.00345073 0.00451873 0.0115566 0.00130061
internal_weight=263555 58343.2 205212 43563.4 168722 9064.74 6413.66 36489.3 33299.3 20015.3 18926.4 17406.8 5078.16 14779.9
internal_count=263555 204704 58851 199706 50111 639 446 8740 7976 6861 6851 4292 949 4998
is_linear=0
shrinkage=0.05


Tree=24
num_leaves=15
num_cat=0
split_feature=24 43 3 49 31 37 36 0 28 28 38 0 21 37
split_gain=1080.89 191.55 187.672 163.924 122.045 126.038 156.852 118.869 117.326 99.2481 97.4305 79.278 82.7183 78.2391
threshold=0.83874276280403148 3.5114340782165532 0.015268065501004459 0.13772676140069964 0.98421898484230053 1.4978661537170412 0.38750000298023229 0.013986697886139156 0.89587974548339855 2.9700856208801274 1.0000000180025095e-35 0.015749008394777778 0.95761293172836315 1.8688347935676577
decision_type=2 2 2 2 2 2 2 2 2 2 2 2 2 2
left_child=1 11 3 7 5 6 -5 10 -2 -7 13 12 -1 -3
right_child=8 2 -4 4 -6 9 -8 -9 -10 -11 -12 -13 -14 -15
leaf_value=-0.0029422005225987471 -0.0072679634007843169 -0.0032561650641739974 0.013084274815938502 0.021847383951834939 0.016552436731741223 0.015636324832147056 -0.00056463092566204722 0.0095126561486947592 0.0079334804003305705 0.0037524047320756427 0.0029070945933688972 0.0072958064299152321 -0.019898305871298465 0.0020209398827042003
leaf_weight=105872.32775024325 1303.6618092060089 56570.900964612141 2689.1355413012207 796.52028580568731 1482.7347626425326 2457.3842616081238 24346.010193387046 2337.4716519732028 39805.750605368987 6135.2139300256968 9158.5677585601807 1872.3450761437416 714.51457607746124 8012.4606119133532
leaf_count=27056 224 20372 463 511 384 89 37378 414 172375 2029 712 240 96 1212
internal_value=2.32629e-06 -0.00137428 5.69643e-05 -0.000258945 0.00256095 0.00194127 0.00015379 -0.00156447 0.00744976 0.00716529 -0.00191683 -0.00287833 -0.00305772 -0.00260126
internal_weight=263555 222446 113986 111297 35217.9 33735.1 25142.5 76079.4 41109.4 8592.6 73741.9 108459 106587 64583.4
internal_count=263555 90956 63564 63101 40391 40007 37889 22710 172599 2118 22296 27392 27152 21584
is_linear=0
shrinkage=0.05


Tree=25
num_leaves=15
num_cat=0
split_feature=49 15 43 22 38 43 27 1 47 27 49 32 28 22
split_gain=976.152 172.784 165.864 176.469 157.315 89.2362 79.9441 75.0731 86.8115 143.774 109.915 84.7184 73.294 67.346
threshold=0.35035352408885961 0.022160338237881664 3.6242519617080693 6.8018388748168954 0.89587974548339855 6.6046209335327157 6.6247289180755624 0.0091326101683080214 3.8815106153488164 2.9174053668975835 0.13151671737432483 3.4498615264892583 2.7403194904327397 6.8007264137268075
decision_type=2 2 2 2 2 2 2 2 2 2 2 2 2 2
left_child=1 -1 6 13 5 7 -2 -3 9 10 -9 12 -10 -4
right_child=2 4 3 -5 -6 -7 -8 8 11 -11 -12 -13 -14 -15
leaf_value=-0.0024180218608431427 -0.00046309427422114519 -0.0021524070447006376 0.0078020936828743356 2.0202901733507332e-05 0.013342212337855739 0.019822463502241632 0.0096073524989830576 0.0027133430414385531 0.0032114046331616648 -0.0033817800257413206 0.026278972928187334 -0.0014189811742694046 0.012662408233995909 0.014071491505143308
leaf_weight=157563.10646774992 12448.657277584076 20272.738225992769 31538.941623676568 7052.3973255157471 2445.903531908989 570.69385719299316 2331.2302207946777 1479.4793089032173 4204.8312762379646 10395.809448242188 735.50620430707932 3530.9238330032676 4012.7593924999237 4972.0217852592468
leaf_count=48791 4734 5286 198262 583 141 5 264 621 783 2139 129 646 310 861
internal_value=2.33637e-06 -0.00162021 0.00570865 0.0072612 0.00101792 0.000348251 0.00113074 9.48564e-05 0.00196523 -0.000915755 0.0106215 0.00505581 0.00783624 0.00865947
internal_weight=263555 205212 58343.2 43563.4 47648.6 45202.7 14779.9 44632 24359.3 12610.8 2214.99 11748.5 8217.59 36511
internal_count=263555 58851 204704 199706 10060 9919 4998 9914 4628 2889 750 1739 1093 199123
is_linear=0
shrinkage=0.05


Tree=26
num_leaves=15
num_cat=0
split_feature=24 43 3 33 0 38 22 49 28 36 48 27 32 34
split_gain=891.662 163.54 163.389 146.204 174.331 153.699 122.728 105.257 100.796 90.3092 108.839 84.4053 76.3221 156.106
threshold=0.83874276280403148 3.5114340782165532 0.015268065501004459 1.4978661537170412 0.0080972984433174151 0.89587974548339855 6.7951462268829355 0.1493552848696709 0.89587974548339855 0.38750000298023229 0.49545609951019293 4.3372693061828622 6.5950968265533456 0.73924660682678234
decision_type=2 2 2 2 2 2 2 2 2 2 2 2 2 2
left_child=1 -1 3 5 7 6 -3 -5 -2 10 -8 -6 -10 -14
right_child=8 2 -4 4 11 -7 9 -9 12 -11 -12 -13 13 -15
leaf_value=-0.0026376475598302775 -0.0068744467794705586 0.0060229327087899277 0.012229875294482495 -0.0020562662573843419 0.021092782868443023 0.0055394445542841578 -0.0050911228373824073 0.0061184507035471972 0.0087831273853869584 -0.0026507890120302142 0.0088557766617579636 0.0055334421783166093 0.009924229910755698 -0.00085328380112728
leaf_weight=108459.18740246445 1303.6618092060089 4848.296425184235 2689.1355413012207 9063.5561941936612 1852.5900536775589 8048.3029878139496 2204.8347425460815 6947.839764950797 26311.255766415969 72883.565299153328 3792.1418648958206 1656.1370881125331 6264.0141773223877 7230.4806616306305
leaf_count=27392 224 47629 463 1196 71 439 244 1349 170051 11612 232 329 841 1483
internal_value=2.40863e-06 -0.00124791 7.45594e-05 -0.000220207 0.00370813 -0.00105604 -0.00169061 0.0014926 0.0067666 -0.00216541 0.00372815 0.0137853 0.00721497 0.00415318
internal_weight=263555 222446 113986 111297 19520.1 91777.1 83728.8 16011.4 41109.4 78880.5 5996.98 3508.73 39805.8 13494.5
internal_count=263555 90956 63564 63101 2945 60156 59717 2545 172599 12088 476 400 172375 2324
is_linear=0
shrinkage=0.05


Tree=27
num_leaves=15
num_cat=0
split_feature=24 43 3 33 0 38 22 49 28 36 48 27 34 0
split_gain=804.728 147.624 147.51 131.991 157.433 141.872 115.912 95.0076 91.0072 87.5122 98.2617 76.217 70.2015 68.686
threshold=0.83874276280403148 3.5114340782165532 0.015268065501004459 1.4978661537170412 0.0080972984433174151 1.0000000180025095e-35 6.7951462268829355 0.1493552848696709 0.89587974548339855 0.38750000298023229 0.49545609951019293 4.3372693061828622 0.87828767299652111 0.015749008394777778
decision_type=2 2 2 2 2 2 2 2 2 2 2 2 2 2
left_child=1 13 3 5 7 6 -3 -5 -2 10 -8 -6 -10 -1
right_child=8 2 -4 4 11 -7 9 -9 12 -11 -12 -13 -14 -15
leaf_value=-0.0026727661006979114 -0.0065333410132954357 0.0057224059412573454 0.011620647308841211 -0.0019535662756943292 0.020043806127750214 0.0040829556310252296 -0.0048377161332296831 0.0058129678974658764 0.0074700413722037316 -0.0027507893123912951 0.0084141527006869662 0.0052584304570445087 -0.00030501859266710295 0.0069640779350760816
leaf_weight=106586.84232632071 1303.6618092060089 4848.296425184235 2689.1355413012207 9063.5561941936612 1852.5900536775589 11919.825496912003 2204.8347425460815 6947.839764950797 36653.712503712624 69012.042790055275 3792.1418648958206 1656.1370881125331 3152.0381016563624 1872.3450761437416
leaf_count=27152 224 47629 463 1196 71 890 244 1349 171581 11161 232 329 794 240
internal_value=2.40951e-06 -0.00118539 7.10753e-05 -0.000209001 0.00352351 -0.00100317 -0.00176276 0.0014181 0.00642841 -0.00224727 0.00354206 0.0130998 0.00685445 -0.00250578
internal_weight=263555 222446 113986 111297 19520.1 91777.1 79857.3 16011.4 41109.4 75009 5996.98 3508.73 39805.8 108459
internal_count=263555 90956 63564 63101 2945 60156 59266 2545 172599 11637 476 400 172375 27392
is_linear=0
shrinkage=0.05


Tree=28
num_leaves=15
num_cat=0
split_feature=49 32 0 49 44 22 28 23 22 36 37 43 22 27
split_gain=733.029 145.976 150.243 119.749 90.3561 108.316 94.9008 84.3644 81.2647 83.8613 88.2071 74.8718 78.1203 157.267
threshold=0.55573964118957531 2.1383330821990971 0.009569597430527212 0.14339531958103183 0.083885576575994505 6.8018388748168954 6.5799453258514413 2.8617925643920903 6.7951462268829355 0.38750000298023229 1.4978661537170412 5.8985257148742685 6.8007264137268075 6.6220710277557382
decision_type=2 2 2 2 2 2 2 2 2 2 2 2 2 2
left_child=1 -1 3 -3 -2 11 -7 -5 -9 -10 -11 -6 13 -13
right_child=4 2 -4 7 5 6 -8 8 9 10 -12 12 -14 -15
leaf_value=-0.0039220599123151534 0.024261278636329139 -0.0020686099777037503 0.0028554317856982567 -0.0028375906928972739 0.00016021785554863979 0.0041989989158064999 -0.0080520045147801211 0.010379993539013683 0.013593331740732609 -0.00078791786540865257 0.0051511143789634995 0.0086417792516543419 0.014138208709521186 -0.00057629417162387449
leaf_weight=39306.511866390705 656.59768089838326 108636.57348735631 27317.55087470077 10929.240513682365 3765.9525012914091 4622.0948219299316 2389.6847991943359 2782.0399043876678 1357.4986953735352 21546.569383025169 8796.2801357507706 21549.115098712966 4009.4412169456482 5889.8487992286682
leaf_count=9444 67 31333 6005 2490 3016 499 132 14356 342 5056 1650 187043 733 1389
internal_value=2.39591e-06 -0.00116009 -0.000561315 -0.00116736 0.00598335 0.00569346 1.82131e-05 0.000988659 0.00220186 0.0014811 0.000934916 0.00682317 0.00762075 0.00666361
internal_weight=263555 220672 181366 154048 42882.7 42226.1 7011.78 45411.6 34482.4 31700.3 30342.8 35214.4 31448.4 27439
internal_count=263555 70676 61232 55227 192879 192812 631 23894 21404 7048 6706 192181 189165 188432
is_linear=0
shrinkage=0.05


Tree=29
num_leaves=15
num_cat=0
split_feature=24 1 32 38 22 37 1 31 36 26 46 44 34 27
split_gain=663.576 128.21 128.854 141.505 131.133 121.98 86.4707 81.1012 150.508 78.6148 67.7425 67.6388 65.7589 58.6726
threshold=0.83874276280403148 0.016001024283468727 2.1383330821990971 0.89587974548339855 6.7929053306579599 2.0126758217811589 0.0089687905274331587 0.80322581529617321 0.5894736945629121 0.97342190146446239 0.97859531641006481 0.014510770794004204 0.80132681131362926 2.9174053668975835
decision_type=2 2 2 2 2 2 2 2 2 2 2 2 2 2
left_child=1 2 -1 4 -4 6 -6 -7 -9 -2 13 -5 -11 -8
right_child=9 -3 3 11 5 7 10 8 -10 12 -12 -13 -14 -15
leaf_value=-0.0038415199655020267 0.0077679483420884203 0.010737509315004097 0.0080547734606142007 -0.0041470878656135711 -0.0022606985006282201 -0.001218776944823374 0.0081764310990701129 0.014055846314292148 0.0016822695059056118 0.0069719930395762061 0.012827059102980307 0.0072390472912047428 0.00083237205402292833 -0.00039478980375663524
leaf_weight=38110.601577579975 23102.542439157143 2263.255784407258 3924.2813004478812 1558.9796702861786 121234.96304267645 9799.3719347715378 2192.1674700379372 3275.8006107807159 9763.8959822654724 7400.833938319236 1141.2449109554291 7800.1722213029861 10606.036037098616 21380.852858781815
leaf_count=9321 163668 290 46987 96 25408 2041 583 122 1638 5760 53 597 3171 3820
internal_value=2.3997e-06 -0.00107621 -0.00119813 -0.000644641 -0.000969236 -0.00117951 -0.00171123 0.00221767 0.00479912 0.00583768 0.000983975 0.00534003 0.00335823 0.000405418
internal_weight=263555 222446 220182 182072 172713 168788 145949 22839.1 13039.7 41109.4 24714.3 9359.15 18006.9 23573
internal_count=263555 90956 90666 81345 80652 33665 29864 3801 1760 172599 4456 693 8931 4403
is_linear=0
shrinkage=0.05


Tree=30
num_leaves=15
num_cat=0
split_feature=49 15 38 43 22 43 15 26 38 29 1 43 27 27
split_gain=605.744 128.082 144.997 112.099 135.487 77.3225 62.7753 110.185 65.4692 65.8005 62.5835 69.421 62.1712 61.1979
threshold=0.35035352408885961 0.020220141857862476 0.89587974548339855 3.6242519617080693 6.8018388748168954 6.6046209335327157 0.01990279741585255 0.60785150527954113 0.89587974548339855 0.076455574482679381 0.0091326101683080214 2.5249279737472539 6.6247289180755624 2.9174053668975835
decision_type=2 2 2 2 2 2 2 2 2 2 2 2 2 2
left_child=1 6 5 12 -5 10 8 -8 -1 -10 -3 -12 -2 -13
right_child=3 2 -4 4 -6 -7 7 -9 9 -11 11 13 -14 -15
leaf_value=-0.0021642966881386563 -0.00067115918505767627 -0.0018489522701929774 0.011948097541560652 0.006999071214093178 -0.00057005056840802703 0.018380719586727604 -0.037392367575423122 -0.00041686351337569196 -0.0013822375125770439 0.0079521016137385128 -0.0065177832494889305 0.010678918509533987 0.0082094692434216653 0.0017587481691744775
leaf_weight=145025.65221876465 12448.657277584076 23151.955777557567 2787.8932400941849 36510.963408935815 7052.3973255157471 570.69385719299316 333.58525716885924 487.69923505932093 4468.9247678518295 3256.022606253624 2295.0075919628143 2110.3431175351143 2331.2302207946777 20723.97387659736
leaf_count=46612 4734 6228 163 199123 583 5 50 198 338 290 448 613 264 3906
internal_value=2.40583e-06 -0.00127575 0.000878279 0.00449753 0.00577387 0.000244229 -0.00200007 -0.0157045 -0.00192536 0.00255733 2.609e-05 0.00175364 0.000734185 0.00258746
internal_weight=263555 205212 51639.9 58343.2 43563.4 48852 153572 821.284 152751 7724.95 48281.3 25129.3 14779.9 22834.3
internal_count=263555 58851 11363 204704 199706 11200 47488 248 47240 628 11195 4967 4998 4519
is_linear=0
shrinkage=0.05


Tree=31
num_leaves=15
num_cat=0
split_feature=49 15 32 38 16 46 40 28 38 22 37 36 22 43
split_gain=546.707 115.862 103.336 97.1602 83.8332 66.3769 64.2082 62.2531 117.5 63.6639 73.9834 73.2125 61.7235 86.4019
threshold=0.35035352408885961 0.027870323508977893 2.1383330821990971 0.89587974548339855 2.5000000000000004 0.99045014381408703 0.0035069130826741461 2.1383330821990971 0.89587974548339855 6.7951462268829355 1.7005987167358401 0.38750000298023229 6.8018388748168954 3.65057384967804
decision_type=2 2 2 2 2 2 2 2 2 2 2 2 2 2
left_child=1 7 -2 4 -3 6 -6 -1 9 -9 11 -11 13 -4
right_child=2 3 12 -5 5 -7 -8 8 -10 10 -12 -13 -14 -15
leaf_value=-0.0033738607286458444 -0.004429607143808482 0.015272501640116828 0.00095979210131328383 0.013947431382793755 -0.00034128091918891185 0.017720119389623028 0.010584068662556534 0.0045095519511575699 0.0056951333711737799 0.0048861937035891588 0.00067400154338600473 -0.0026943918478606887 0.0013560423778772902 0.0066450632276453094
leaf_weight=44188.405251324177 3215.545471072197 965.69934344664216 8194.5366481542587 1460.2892923355103 31767.09603012912 534.57421708106995 1394.2351418547332 4197.5722264796495 5893.7595756053925 3297.3966509103775 24654.181848049164 86858.541968822479 10627.769181251526 36305.396932352334
leaf_count=12637 637 204 3988 88 6212 6 404 19801 451 176 2869 16003 978 199101
internal_value=2.3139e-06 -0.00121196 0.00427277 0.00135824 0.000823985 0.000405493 0.000121117 -0.00176107 -0.00119026 -0.0015317 -0.00175295 -0.00241663 0.00478108 0.00559859
internal_weight=263555 205212 58343.2 36121.9 34661.6 33695.9 33161.3 169090 124901 119008 114810 90155.9 55127.7 44499.9
internal_count=263555 58851 204704 6914 6826 6622 6616 51937 39300 38849 19048 16179 204067 203089
is_linear=0
shrinkage=0.05


Tree=32
num_leaves=15
num_cat=0
split_feature=24 1 32 38 22 37 0 31 36 26 1 34 36 44
split_gain=498.867 109.199 104.019 103.986 103.531 104.151 72.9132 70.6252 127.137 67.4136 65.2182 58.4143 60.6569 57.7422
threshold=0.83874276280403148 0.016001024283468727 2.1383330821990971 0.89587974548339855 6.7929053306579599 2.0126758217811589 0.011299795936793091 0.80322581529617321 0.5894736945629121 0.97342190146446239 0.0089687905274331587 0.80132681131362926 0.74342104792594921 0.014510770794004204
decision_type=2 2 2 2 2 2 2 2 2 2 2 2 2 2
left_child=1 2 -1 4 -4 10 7 -7 -9 -2 -6 -11 -13 -5
right_child=9 -3 3 13 5 6 -8 8 -10 11 -12 12 -14 -15
leaf_value=-0.0034204327714947242 0.0068492115128899597 0.0099698083334685619 0.0071918497838228956 -0.0041820371372255499 -0.001981721945091673 -0.0020631923140697838 0.011665066685099297 0.012867841483695984 0.0008815994668822405 0.0061720738444459595 0.00083615300942551762 0.0028403668870009345 -0.0054279308674189553 0.0063369684404158411
leaf_weight=38110.601577579975 23102.542439157143 2263.255784407258 3924.2813004478812 1558.9796702861786 121234.96304267645 8985.3757449388504 1831.8877314329147 2912.6839733123779 9109.1210781335831 7400.833938319236 24714.265239775181 7461.2460796311498 3144.7899574674666 7800.1722213029861
leaf_count=9321 163668 290 46987 96 25408 1892 257 109 1543 5760 4456 2460 711 597
internal_value=2.3337e-06 -0.000932882 -0.0010454 -0.000548105 -0.000826361 -0.0010132 0.00212589 0.00128889 0.00379395 0.00506184 -0.00150453 0.00276615 0.000385935 0.0045822
internal_weight=263555 222446 220182 182072 172713 168788 22839.1 21007.2 12021.8 41109.4 145949 18006.9 10606 9359.15
internal_count=263555 90956 90666 81345 80652 33665 3801 3544 1652 172599 29864 8931 3171 693
is_linear=0
shrinkage=0.05


Tree=33
num_leaves=15
num_cat=0
split_feature=49 15 38 32 24 47 0 43 43 15 26 22 27 33
split_gain=451.634 100.082 117.53 88.3437 63.5751 86.9159 88.4559 63.3209 57.077 56.2787 99.0009 53.5294 140.905 190.628
threshold=0.35035352408885961 0.020220141857862476 0.89587974548339855 2.1383330821990971 0.069090832024812712 6.6153953075408944 0.0085838492959737795 6.6046209335327157 3.5694335699081425 0.01990279741585255 0.60785150527954113 6.8007264137268075 6.6220710277557382 2.7403194904327397
decision_type=2 2 2 2 2 2 2 2 2 2 2 2 2 2
left_child=1 9 7 -2 -5 8 -7 -3 -6 -1 -11 12 -10 -14
right_child=3 2 -4 4 5 6 -8 -9 11 10 -12 -13 13 -15
leaf_value=-0.0016708908360798637 -0.0041625505238014997 3.4481047240919175e-05 0.010769091410694735 0.020055570015262477 0.0014997914043205088 -0.0028913518879393591 0.01228033009183376 0.016644355140366007 0.0068107261950280419 -0.035275018231987358 -0.00022970482689580536 0.010316184964690242 -0.0075903441954001845 0.0097122526275867233
leaf_weight=152750.5995928701 3215.545471072197 48281.280363652855 2787.8932400941849 627.8917619548738 9394.6392855904996 6687.7925682067871 1111.6381888389587 570.69385719299316 24739.830492880195 333.58525716885924 487.69923505932093 5712.0093789100647 4359.6842551231384 2494.2168302536011
leaf_count=47240 637 11195 163 178 4043 684 143 5 196645 50 198 835 1322 217
internal_value=2.30908e-06 -0.00110134 0.000802735 0.00388373 0.00435373 0.00416918 -0.000716005 0.000231886 0.00498503 -0.00174162 -0.0147173 0.00586208 0.00505379 -0.00128875
internal_weight=263555 205212 51639.9 58343.2 55127.7 54499.8 7799.43 48852 46700.4 153572 821.284 37305.7 31593.7 6853.9
internal_count=263555 58851 11363 204704 204067 203889 827 11200 203062 47488 248 199019 198184 1539
is_linear=0
shrinkage=0.05


Tree=34
num_leaves=15
num_cat=0
split_feature=24 1 32 49 3 39 26 40 29 28 22 37 36 48
split_gain=415.481 97.1445 90.6114 93.3463 97.8905 86.8189 80.6819 65.1305 65.5141 61.4342 57.0826 61.3802 64.4094 102.527
threshold=0.83874276280403148 0.016001024283468727 2.1383330821990971 0.057153545320034034 0.0066445916891098031 0.49097748100757604 0.83664041757583629 0.0035358263412490491 0.12460341304540636 0.89587974548339855 6.7951462268829355 2.0126758217811589 0.36931818723678594 0.56266838312149059
decision_type=2 2 2 2 2 2 2 2 2 2 2 2 2 2
left_child=1 2 -1 -4 10 6 -6 8 -8 -2 -5 12 13 -12
right_child=9 -3 3 4 5 -7 7 -9 -10 -11 11 -13 -14 -15
leaf_value=-0.0031740328071407139 -0.0060275067690961611 0.0094320850486035758 -0.0017214527754774716 0.0043481190112335862 0.003271681741908305 -0.00097182293855711083 0.0147417988915315 0.031539860522518441 0.0017892067349015329 0.0049697286571978375 0.017724474990248776 0.0026860026969434837 -0.0017514861271609517 -0.001713913777319965
leaf_weight=38110.601577579975 1303.6618092060089 2263.255784407258 83627.231156373397 6008.7089994642884 11093.727253226563 7617.7321847919375 2368.2127985171974 355.71790219843388 1661.2952663302422 39805.750605368987 1112.0679318904877 11055.325828313828 55460.224763631821 1711.4859175682068
leaf_count=9321 224 290 24476 33572 2187 5751 463 212 2467 172375 86 1362 10533 236
internal_value=2.26252e-06 -0.000851222 -0.000957348 -0.00049321 0.000550234 0.00339725 0.00554666 0.0112814 0.00941932 0.0046196 -0.000322809 -0.000728146 -0.00137609 0.00597751
internal_weight=263555 222446 220182 182072 98444.5 23096.7 15479 4385.23 4029.51 41109.4 75347.8 69339.1 58283.8 2823.55
internal_count=263555 90956 90666 81345 56869 11080 5329 3142 2930 172599 45789 12217 10855 322
is_linear=0
shrinkage=0.05


Tree=35
num_leaves=15
num_cat=0
split_feature=29 31 32 38 2 27 37 40 49 22 22 37 36 49
split_gain=374.985 98.0781 119.791 102.165 84.441 139.88 79.334 80.2024 68.1412 62.1866 58.9316 64.7964 58.7309 88.0124
threshold=0.87986949086189281 0.83602148294448864 2.9174053668975835 0.89587974548339855 0.0063898416701704272 4.3241107463836679 2.0126758217811589 0.0035069130826741461 0.053735107183456428 6.8018388748168954 6.7951462268829355 1.4978661537170412 0.34848485887050634 0.16697645187377932
decision_type=2 2 2 2 2 2 2 2 2 2 2 2 2 2
left_child=1 3 6 12 5 -5 7 -3 -4 -2 -10 -12 13 -1
right_child=9 2 8 4 -6 -7 -8 -9 10 -11 11 -13 -14 -15
leaf_value=0.0002790563039300489 0.0059401256121491058 0.0018478770337217233 -0.0040467536250872113 -0.010035435777946848 0.0089968599920775393 0.0041331929887219523 0.011725903205126877 0.01786274459196285 0.0069226405022553925 -8.5645438317908171e-05 -0.0019345787814934281 0.0032801048462778441 -0.0018342252657189955 0.014267059885947656
leaf_weight=7810.3921189252287 27682.607166212052 10849.28736948967 9250.9121677484363 2385.4991713762283 4042.7265746593475 6375.2347936630249 3350.6790337562561 832.82835483551025 3532.605917615816 5064.39195728302 15743.964339852333 9569.3933988809586 155760.71851036698 1303.7589042037725
leaf_count=2074 162965 3146 8124 361 247 331 147 175 43443 457 4229 1919 35697 240
internal_value=2.29191e-06 -0.000708172 0.00117653 -0.00127177 0.00302911 0.000268111 0.00495446 0.00300389 -0.000315122 0.00500849 0.000882601 3.7283e-05 -0.00160593 0.00229345
internal_weight=263555 230808 53129.7 177678 12803.5 8760.73 15032.8 11682.1 38096.9 32747 28846 25313.4 164875 9114.15
internal_count=263555 100133 61183 38950 939 692 3468 3321 57715 163422 49591 6148 38011 2314
is_linear=0
shrinkage=0.05


Tree=36
num_leaves=15
num_cat=0
split_feature=24 0 49 38 26 29 47 34 45 41 32 26 44 35
split_gain=341.873 86.0902 88.6492 100.762 82.284 72.7612 87.9938 81.337 65.8398 61.2215 55.1451 54.0727 53.1181 57.0812
threshold=0.83874276280403148 0.013606071937829258 0.046489788219332702 1.2424533367156985 0.83664041757583629 0.11180720850825311 6.6153953075408944 0.15429052710533145 0.042150923982262618 0.55000001192092907 2.8029010295867924 0.97342190146446239 0.061437902972102172 0.0019483608193695547
decision_type=2 2 2 2 2 2 2 2 2 2 2 2 2 2
left_child=1 2 8 4 -4 7 -7 -6 -1 10 -3 -2 -12 -14
right_child=11 9 3 -5 5 6 -8 -9 -10 -11 12 -13 13 -15
leaf_value=-0.0020396632103718637 0.0057913684461344287 -0.0038235856516057342 -0.0010326431137363196 0.0079049006183785301 0.0038342363524491913 0.0022742080049803349 -0.0076795195487640057 0.018309357466528783 -0.015873815743192753 0.010501593222183928 0.0096558065886481834 0.0021349706159158243 -0.0028867920060084481 0.012397147986744315
leaf_weight=91069.152453670278 23102.542439157143 3156.0521596670151 92118.734541054815 3793.1049606800079 3718.095474364236 15160.237549005076 2591.1311931610107 1307.0779894795269 858.49860894680023 2393.4116742610931 2638.4654260594398 18006.869975417852 2876.7515446469188 764.87378929741681
leaf_count=25966 163668 756 21064 126 2565 38377 224 202 170 106 332 8931 799 269
internal_value=2.28608e-06 -0.000771912 -0.00100508 -0.000102266 -0.000367277 0.00232304 0.000817777 0.00762819 -0.00217057 0.0033768 0.00156044 0.00419069 0.00426796 0.00034855
internal_weight=263555 222446 210616 118688 114895 22776.5 17751.4 5025.17 91927.7 11829.6 9436.14 41109.4 6280.09 3641.63
internal_count=263555 90956 88694 62558 62432 41368 38601 2767 26136 2262 2156 172599 1400 1068
is_linear=0
shrinkage=0.05


Tree=37
num_leaves=15
num_cat=0
split_feature=49 17 44 44 32 23 27 0 24 35 41 4 37 56
split_gain=309.928 81.0066 77.3651 65.5052 56.2984 60.5318 74.5341 58.5485 57.5871 55.5159 62.6977 78.1912 56.6329 59.0562
threshold=0.55573964118957531 0.030776515603065494 0.083885576575994505 0.27151009440422064 2.1383330821990971 4.1666352748870858 4.3372693061828622 0.011299795936793091 0.11379214748740198 0.0023861151421442632 0.55000001192092907 0.0099504948593676108 2.0126758217811589 1.0000000180025095e-35
decision_type=2 2 2 2 2 2 2 2 2 2 2 2 2 2
left_child=1 4 -2 -4 7 -6 -7 -1 -8 10 12 -12 -3 -14
right_child=2 9 3 -5 5 6 8 -9 -10 -11 11 -13 13 -15
leaf_value=-0.0028076034431578235 0.020797892787500355 -0.00070754714757913229 -0.008084544849953126 0.0039540332888560242 -0.0012623975580099093 0.012606774885355816 -0.002251481255300866 -0.016987416778927525 0.0029577975103954866 0.0091849688208002524 0.011341355755056813 -0.00070279846760406607 0.00013575183454382498 0.011619491759195664
leaf_weight=30930.56083804369 656.59768089838326 32215.885334234685 1152.882004680112 41073.255232622847 121559.04023850709 1413.614271402359 9052.6112275980413 736.02753162384033 12787.702627098188 2045.2808992024511 2912.3286242485046 2498.6165287494659 2508.0219537727535 2012.5747861862183
leaf_count=7650 67 9114 328 192484 25441 96 7688 92 18048 1045 179 158 1030 135
internal_value=2.24665e-06 -0.00075364 0.00389127 0.00362351 -0.00123302 -0.000815289 0.00152149 -0.00314244 0.000798557 0.00116055 0.000769067 0.00578868 2.83506e-05 0.00526269
internal_weight=263555 220672 42882.7 42226.1 176480 144813 23253.9 31666.6 21840.3 44192.7 42147.4 5410.95 36736.5 4520.6
internal_count=263555 70676 192879 192812 59015 51273 25832 7742 25736 11661 10616 337 10279 1165
is_linear=0
shrinkage=0.05


Tree=38
num_leaves=15
num_cat=0
split_feature=29 31 38 0 45 34 27 20 28 17 52 43 34 40
split_gain=283.527 81.2503 74.5303 109.553 69.3289 57.1656 63.7514 55.7199 88.0198 64.7306 63.1837 47.9222 44.2503 45.9176
threshold=0.87986949086189281 0.77171215415000927 1.0000000180025095e-35 0.013793759513646366 0.0023170341737568383 0.86934939026832592 6.6220710277557382 2.6244775241934807e-08 6.5841002464294442 0.037749288603663451 1.0000000180025095e-35 6.5950968265533456 0.040300579741597183 2.2424327426051609e-06
decision_type=2 2 2 2 2 2 2 2 2 2 2 2 2 2
left_child=1 2 -1 4 -4 -2 -7 -3 9 11 -11 12 -9 -14
right_child=5 7 3 -5 -6 6 -8 8 -10 10 -12 -13 13 -15
leaf_value=-0.0017898755406756566 0.0052912754089504055 -0.0013982384460494528 0.0010518026272501094 0.012527878693658526 -0.01145499720679748 0.0048587020727397356 -0.0059193235925472333 -0.0020890014795445474 0.015575869481116967 0.0077173306994775693 -0.0011005762082742095 -0.014183379009638239 0.010304279254480639 0.0011005530740525538
leaf_weight=125239.21588196047 27269.388771114871 24503.882263422012 17375.570611953735 2005.9290494918823 1173.489143371582 2853.7792769502848 2623.8310754299164 11569.676112554967 1069.7226724624634 6494.1222206950188 2950.8940045833588 543.11225652694702 1397.6923662424088 36484.694072108716
leaf_count=30236 161610 3505 1485 88 133 1294 518 5522 66 5816 847 22 203 52210
internal_value=2.20979e-06 -0.000615568 -0.00133189 0.00145804 0.000254826 0.0043553 -0.00030546 0.000612908 0.00142743 0.00117023 0.00496411 0.000452646 0.000616223 0.00144276
internal_weight=263555 230808 145794 20555 18549.1 32747 5477.61 85013.8 60509.9 59440.2 9445.02 49995.2 49452.1 37882.4
internal_count=263555 100133 31942 1706 1618 163422 1812 68191 64686 64620 6663 57957 57935 52413
is_linear=0
shrinkage=0.05


Tree=39
num_leaves=15
num_cat=0
split_feature=29 43 3 49 36 28 37 46 28 1 30 23 27 56
split_gain=255.886 75.9797 96.7292 72.7415 68.8081 70.7052 72.9257 84.5861 72.0434 68.693 65.1215 63.2009 70.5859 74.3305
threshold=0.87986949086189281 3.5114340782165532 0.015268065501004459 0.13772676140069964 0.38750000298023229 6.5841002464294442 1.4978661537170412 0.68990385532379161 6.5799453258514413 0.015268065501004459 0.00048998257261700939 4.1666352748870858 4.3372693061828622 1.0000000180025095e-35
decision_type=2 2 2 2 2 2 2 2 2 2 2 2 2 2
left_child=1 -1 3 9 10 6 8 -8 11 -3 -5 -6 -13 -14
right_child=-2 2 -4 4 5 -7 7 -9 -10 -11 -12 12 13 -15
leaf_value=-0.0015101629067394563 0.0041375981551053011 -0.00099821752404077413 0.0095908436859571018 0.019594481117617829 -0.001827523341479672 0.012678388057337312 0.017799704395439663 0.0031585223798107488 -0.0093167126375899769 0.011493894735910906 -0.01717684411829121 0.021972373077490101 0.0043079150490855488 -0.0057074830248362365
leaf_weight=113101.03941372782 32746.999123495072 75022.633866207674 2728.9459958970547 876.07903458364308 13484.379037614912 1353.274855017662 1124.9327300842851 7601.9123716969043 1989.4506807923317 1106.9009671341628 131.4562319945544 467.77786207199097 9529.3339899573475 2289.8836185932159
leaf_count=29865 163422 22585 545 726 2100 99 74 2040 342 129 47 33 41314 234
internal_value=2.13815e-06 -0.000584754 0.000304496 8.32742e-05 0.00184353 0.0014981 0.00108008 0.00506405 -0.000173693 -0.0008151 0.0146752 0.000535453 0.00312808 0.00236432
internal_weight=263555 230808 117707 114978 38848.5 37840.9 36487.7 8726.85 27760.8 76129.5 1007.54 25771.4 12287 11819.2
internal_count=263555 100133 70268 69723 47009 46236 46137 2114 44023 22714 773 43681 41581 41548
is_linear=0
shrinkage=0.05


Tree=40
num_leaves=15
num_cat=0
split_feature=24 1 32 38 37 22 0 31 36 1 35 44 26 26
split_gain=231.62 71.0579 64.3691 66.7098 63.2822 66.1538 57.9393 49.3783 101.226 47.7292 58.6839 46.7962 46.5596 47.7862
threshold=0.83874276280403148 0.016001024283468727 2.1383330821990971 0.89587974548339855 2.0126758217811589 6.7940263748168954 0.011299795936793091 0.80322581529617321 0.5894736945629121 0.0083683477714657801 0.003458701074123383 0.014510770794004204 0.97342190146446239 0.97345718741416942
decision_type=2 2 2 2 2 2 2 2 2 2 2 2 2 2
left_child=1 2 -1 4 5 -4 7 -6 -9 -7 -11 -5 -2 -14
right_child=12 -3 3 11 6 9 -8 8 -10 10 -12 -13 13 -15
leaf_value=-0.0025941719455969399 0.0049348810772162233 0.0081597545404262645 0.00553955401585823 -0.0041141696832542778 -0.0016609694148003987 -0.0015425679285612924 0.010388567219043307 0.011328008524901187 0.00064822430330820817 0.00032949966888227397 0.013087425919755117 0.0053543480174982928 -0.0072454095884983034 0.0022959475961016967
leaf_weight=38110.601577579975 23102.542439157143 2263.255784407258 3837.7745059095323 1558.9796702861786 8990.5729885399342 117999.02486044168 1833.7155826538801 2915.9358892738819 9185.3508618883789 27027.719293892384 922.48412811756134 7800.1722213029861 1415.2050716876984 16591.664903730154
leaf_count=9321 163668 290 46579 96 1911 24725 273 209 1816 5028 111 597 394 8537
internal_value=2.16064e-06 -0.000635086 -0.000725855 -0.000334665 -0.00055754 -0.00093199 0.00188831 0.00114473 0.00322886 -0.00110253 0.0007551 0.00377444 0.00344966 0.00154246
internal_weight=263555 222446 220182 182072 172713 149787 22925.6 21091.9 12101.3 145949 27950.2 9359.15 41109.4 18006.9
internal_count=263555 90956 90666 81345 80652 76443 4209 3936 2025 29864 5139 693 172599 8931
is_linear=0
shrinkage=0.05


Tree=41
num_leaves=15
num_cat=0
split_feature=23 0 27 20 36 41 21 1 32 39 38 1 22 20
split_gain=211.869 108.664 80.9474 103.495 64.7053 57.3494 56.9709 49.8919 49.7003 45.7341 51.1403 47.5201 75.6759 70.3746
threshold=4.1666352748870858 0.015749008394777778 4.3372693061828622 2.6640623040918857e-08 0.32456140220165258 0.55000001192092907 0.95761293172836315 0.016001024283468727 2.1383330821990971 0.020796238444745544 1.2424533367156985 0.0090499590151011961 6.8018388748168954 0.0023749961983412509
decision_type=2 2 2 2 2 2 2 2 2 2 2 2 2 2
left_child=1 6 -2 4 -4 7 9 -3 -5 -1 11 -11 13 -13
right_child=2 5 3 8 -6 -7 -8 -9 -10 10 -12 12 -14 -15
leaf_value=-0.002151719828704097 0.011327493111393201 -0.0022602373087618234 0.010853515930348822 -0.0036155143169485718 -0.0011063547866040464 0.018884132224822686 -0.012807772244459104 0.012860620387742808 0.0036355599044142701 -0.0010307621098014214 0.0057168058491149885 0.0026137440943327975 -0.0025639321414561368 0.013665071001008623
leaf_weight=59273.641987025738 2336.6620801687241 1319.909706229344 1172.5791195631027 2481.8079242706299 25884.910796582699 899.5618908405304 1019.6861876249313 916.90948390960693 46538.34492568858 101980.43400052376 3253.2286338806152 8674.3442776687443 6083.6260557174683 1719.3527091741562
leaf_count=11546 171 231 74 375 4240 28 112 108 219361 23923 119 2449 548 270
internal_value=2.1378e-06 -0.000920465 0.00218029 0.00189789 -0.000584237 0.00829239 -0.00107967 0.00396771 0.00326779 -0.00101289 -0.000458145 -0.000628197 0.00186245 0.00445326
internal_weight=263555 185141 78414.3 76077.6 27057.5 3136.38 182004 2236.82 49020.2 180985 121711 118458 16477.3 10393.7
internal_count=263555 39334 224221 224050 4314 367 38967 339 219736 38855 27309 27190 3267 2719
is_linear=0
shrinkage=0.05


Tree=42
num_leaves=15
num_cat=0
split_feature=29 32 0 49 28 4 47 48 28 22 22 27 33 38
split_gain=196.101 62.7412 72.9515 65.6522 64.7895 57.8674 57.2715 64.3008 57.9408 51.65 54.2779 81.5795 89.3386 44.2674
threshold=0.87986949086189281 2.1383330821990971 0.009569597430527212 0.14339531958103183 6.5841002464294442 0.016001024283468727 6.6153953075408944 0.51418229937553417 3.0201274156570439 6.8018388748168954 6.8007264137268075 6.6220710277557382 2.7403194904327397 1.6661022305488589
decision_type=2 2 2 2 2 2 2 2 2 2 2 2 2 2
left_child=1 5 3 -3 6 -1 7 8 -5 10 11 -2 -13 -9
right_child=9 2 -4 4 -6 -7 -8 13 -10 -11 -12 12 -14 -15
leaf_value=-0.0025721077266333131 0.0050633276497718885 -0.0012483773095691216 0.0022224223205264213 -0.00047807869099684823 0.0119046006594382 0.011398681424267724 -0.0049403017032113462 0.00066777161601691917 0.029546743150661487 -0.0010184856752016621 0.010417927840929313 -0.006420475442665473 0.0090960829325399794 0.011442103644064299
leaf_weight=39343.020779728889 19612.568695228547 108596.60023711249 28017.266699457541 281.10828352347016 1291.4317823648453 745.70575106143951 4259.8963432312012 46945.720518330112 364.0942966658622 5064.39195728302 3363.3410630226135 3448.6347601413727 1258.062647819519 963.15596389770508
leaf_count=9534 161179 31315 7688 84 95 62 383 50766 177 457 634 1043 109 29
internal_value=2.13339e-06 -0.000511644 -0.000133647 -0.000539474 0.000883356 -0.00230945 0.000611657 0.00109968 0.0166576 0.0036224 0.00447148 0.00364515 -0.00226253 0.00088672
internal_weight=263555 230808 190719 162702 54105.4 40088.7 52814 48554.1 645.203 32747 27682.6 24319.3 4706.7 47908.9
internal_count=263555 100133 90537 82849 51534 9596 51439 51056 261 163422 162965 162331 1152 50795
is_linear=0
shrinkage=0.05


Tree=43
num_leaves=15
num_cat=0
split_feature=23 0 27 20 36 21 41 34 24 44 1 35 26 49
split_gain=177.46 93.8578 74.3854 88.0854 58.3759 50.9132 50.8421 45.3907 67.9904 53.1029 44.6066 42.0301 103.998 35.137
threshold=4.1666352748870858 0.015749008394777778 4.3372693061828622 2.6640623040918857e-08 0.32456140220165258 0.95761293172836315 0.55000001192092907 0.099605768918991103 0.12610819935798648 0.23496537655591967 0.016001024283468727 0.003458701074123383 0.806623935699463 0.30744813382625585
decision_type=2 2 2 2 2 2 2 2 2 2 2 2 2 2
left_child=1 5 -2 4 -4 11 10 -5 -9 -10 -3 -1 -13 -6
right_child=2 6 3 7 13 -7 -8 8 9 -11 -12 12 -14 -15
leaf_value=-0.0010660261939637137 0.010764139964032785 -0.0022395863836872829 0.01029897017711782 -0.0021666372906602935 -0.0026903126678279859 -0.012077196814362708 0.017692528022480686 0.015040494835403265 -0.0029308756628857948 0.0036118967683837649 0.012057447585303589 0.00097148194549652196 0.022839997988145379 0.0010203453994367803
leaf_weight=175161.06026929244 2336.6620801687241 1319.909706229344 1172.5791195631027 3921.3505888544023 14516.760831356049 1019.6861876249313 899.5618908405304 1218.8245248757303 3350.7789374440908 40529.198798784986 916.90948390960693 5226.6522748116404 596.91511988639832 11368.14996522665
leaf_count=36787 171 231 74 7837 1838 112 28 513 3663 207723 108 2052 16 2402
internal_value=2.16914e-06 -0.000842196 0.00199562 0.00172492 -0.000564978 -0.000990161 0.00772003 0.00298873 0.00343737 0.00311172 0.00364859 -0.000927031 0.00324831 -0.0010609
internal_weight=263555 185141 78414.3 76077.6 27057.5 182004 3136.38 49020.2 45098.8 43880 2236.82 180985 5823.57 25884.9
internal_count=263555 39334 224221 224050 4314 38967 367 219736 211899 211386 339 38855 2068 4240
is_linear=0
shrinkage=0.05


Tree=44
num_leaves=15
num_cat=0
split_feature=29 15 15 18 34 27 26 36 4 17 24 15 35 21
split_gain=161.207 57.8245 62.2106 87.7768 47.0693 49.5631 45.5916 57.4143 47.014 83.6554 52.5631 48.0168 45.5463 48.0915
threshold=0.87986949086189281 0.020048827864229683 0.01990279741585255 6.7575132846832284 0.86934939026832592 6.6220710277557382 0.81881311535835277 0.38750000298023229 0.0089687905274331587 0.064583335071802153 0.15024073421955111 0.052494525909423835 0.003458701074123383 0.94769057631492626
decision_type=2 2 2 2 2 2 2 2 2 2 2 2 2 2
left_child=1 2 12 -4 -2 -6 8 -8 9 11 -11 -3 -1 -14
right_child=4 6 3 -5 5 -7 7 -9 -10 10 -12 -13 13 -15
leaf_value=-0.0010151126733105144 0.0041339426569411168 -0.00012391756606596496 0.00089925725686270178 -0.037787116212485282 0.0036112362161386012 -0.0058923601661489949 0.01615205253944451 0.0025507861862470579 -0.0018128867807515776 0.01206221730718071 -0.0031083325417347639 0.013869147291041601 0.0020384244316391585 0.018360071805209498
leaf_weight=167672.88240266591 27269.388771114871 19010.402539087459 313.62122431024909 264.61346435546875 2853.7792769502848 2623.8310754299164 811.80931130982935 14067.927792740986 18323.040708560497 2662.89286904037 721.54967457428575 623.49068033695221 5856.3609278537333 479.40906053781509
leaf_count=72142 161610 4304 256 1 1294 518 149 9846 3882 292 185 122 8933 21
internal_value=2.19563e-06 -0.000463634 -0.000912726 -0.0171459 0.0032846 -0.000943525 0.000930874 0.00330319 7.6428e-05 0.00158049 0.00882829 0.000327278 -0.000857801 0.00330042
internal_weight=263555 230808 174587 578.235 32747 5477.61 56221.1 14879.7 41341.4 23018.3 3384.44 19633.9 174009 6335.77
internal_count=263555 100133 81353 257 163422 1812 18780 9995 8785 4903 477 4426 81096 8954
is_linear=0
shrinkage=0.05


Tree=45
num_leaves=15
num_cat=0
split_feature=31 48 49 47 33 26 22 48 28 32 48 43 33 45
split_gain=149.706 103.49 97.9988 89.4185 86.2534 71.0027 68.8245 94.2787 61.2602 106.116 59.1336 80.5192 54.2197 53.2006
threshold=0.83602148294448864 0.84394642710685741 0.10248650237917901 6.6127126216888437 2.7403194904327397 0.83664041757583629 6.8007264137268075 0.99999985098838817 3.0201274156570439 3.4175922870635991 0.5375996232032777 3.5972183942794804 1.2424533367156985 0.00077469300595112156
decision_type=2 2 2 2 2 2 2 2 2 2 2 2 2 2
left_child=8 -2 -3 5 6 -4 -5 12 -1 -10 11 -11 -8 -7
right_child=1 2 3 4 -6 13 7 -9 9 10 -12 -13 -14 -15
leaf_value=-0.0012409386769193633 0.004801968238629121 -0.0026793006467990313 -0.0004973492825036546 -0.0090852386683089245 0.0050382834037051979 0.0042062015444200565 -0.00068892670256440278 0.01243825036330487 0.0095359941596743839 0.024461678014936386 -0.00037786222083837262 0.00039946470878773416 -0.012817451200258626 0.018186442833455715
leaf_weight=147982.91680529341 20716.530817575753 15803.254766592756 9386.3653388023376 3923.9942710399628 3659.4015703201294 24495.304482964799 3967.1868462562561 1119.4638428688049 3396.0526880025864 568.46699584275484 25781.971279673278 872.25049119256437 1190.760498046875 691.0790843963623
leaf_count=33116 14339 10817 2989 1171 330 193719 555 135 404 745 2662 2517 3 53
internal_value=2.13126e-06 0.00172986 0.000738507 0.00185402 -0.00153819 0.00321406 -0.00389989 -0.000649254 -0.000819729 0.00121575 0.000174676 0.00999692 -0.00350829 0.00459687
internal_weight=263555 84953.3 64236.8 48433.6 13860.8 34572.7 10201.4 6277.41 178602 30618.7 27222.7 1440.72 5157.95 25186.4
internal_count=263555 224111 209772 198955 2194 196761 1864 693 39444 6328 5924 3262 558 193772
is_linear=0
shrinkage=0.05


Tree=46
num_leaves=15
num_cat=0
split_feature=23 0 39 27 20 36 53 21 34 24 18 2 19 38
split_gain=136.077 80.7695 94.1639 64.4632 73.2693 49.9422 48.9872 40.137 38.3918 61.9272 46.3423 38.1914 38.0636 45.9947
threshold=4.1666352748870858 0.015268065501004459 0.25448337197303778 4.3372693061828622 2.6758550930594541e-08 0.32456140220165258 1.0000000180025095e-35 0.95761293172836315 0.099605768918991103 0.12610819935798648 6.7434699535369882 0.014185110572725536 0.013199592940509321 1.0000000180025095e-35
decision_type=2 2 2 2 2 2 2 2 2 2 2 2 2 2
left_child=1 7 6 -2 5 -5 11 12 -6 -10 -11 -3 -1 -14
right_child=3 2 -4 4 8 -7 -8 -9 9 10 -12 -13 13 -15
leaf_value=-0.0020251964923207262 0.0099104376791078648 -0.007830249604535041 -0.0090294038928786773 0.0093747987444797384 -0.0022242024094179052 -0.00086008803862172144 0.014736230371579579 -0.010791688835232315 0.014337072496409956 0.0032808293580773602 -0.0034290885617447443 0.0079775924721653436 -0.0007383564757081014 0.0022004714263965776
leaf_weight=49654.342141747475 2336.6620801687241 535.22173589468002 861.80900497920811 1233.6778848171234 3581.5388297997415 28632.606677293777 1934.4144742488861 1010.6522778272629 1195.0277167521417 38686.180735105649 2748.6109223365784 1271.7612078785896 114822.52155178599 15049.972538232803
leaf_count=9490 171 129 181 103 7681 5334 91 110 501 210129 302 212 27389 1732
internal_value=2.12274e-06 -0.000737266 0.00579588 0.00174773 0.00149575 -0.000434322 0.00922576 -0.000904155 0.00274298 0.00316072 0.002835 0.00327804 -0.000847895 -0.000397654
internal_weight=263555 185141 4603.21 78414.3 76077.6 29866.3 3741.4 180537 46211.4 42629.8 41434.8 1806.98 179527 129872
internal_count=263555 39334 613 224221 224050 5437 432 38721 218613 210932 210431 341 38611 29121
is_linear=0
shrinkage=0.05


Tree=47
num_leaves=15
num_cat=0
split_feature=31 48 49 47 33 22 48 26 38 23 24 28 15 0
split_gain=127.705 92.9132 83.4777 80.2497 78.3605 62.1744 82.4861 60.2192 55.5735 62.003 60.2648 102.396 60.755 50.2922
threshold=0.83602148294448864 0.84394642710685741 0.10248650237917901 6.6127126216888437 2.7403194904327397 6.8007264137268075 0.99999985098838817 0.83664041757583629 0.89587974548339855 2.9174053668975835 0.058780351653695113 2.9174053668975835 0.013333629816770555 0.0083683477714657801
decision_type=2 2 2 2 2 2 2 2 2 2 2 2 2 2
left_child=8 13 -3 7 5 -5 -7 -4 -1 -10 11 -11 -12 -2
right_child=1 2 3 4 -6 6 -8 -9 9 10 12 -13 -14 -15
leaf_value=-0.0010021401456650843 0.0032577360048837048 -0.0024959613020882759 -0.00044152666968416601 -0.0087050284857778711 0.0047429001403037187 -0.0033609634412801979 0.011554991111468724 0.0042499419224976973 -0.0059931396230825757 -0.0084126682094458321 0.0032228056355256204 0.0060506216040900947 0.013579430452158476 0.0093697011620829159
leaf_weight=165798.19772030599 16489.706629889086 15803.254766592756 9386.3653388023376 3923.9942710399628 3659.4015703201294 5157.9473443031311 1119.4638428688049 25186.383567361161 1863.496102809906 2150.707260966301 3674.2128894329071 2812.0116662979126 2303.0326201915741 4226.8241876866668
leaf_count=38505 11385 10817 2989 1171 330 558 135 193772 31 160 402 164 182 2954
internal_value=2.06383e-06 0.0015978 0.000658474 0.00168803 -0.00152553 -0.00377655 -0.000686823 0.00297647 -0.000757008 0.00241564 0.00385214 -0.000221687 0.00722923 0.00450869
internal_weight=263555 84953.3 64236.8 48433.6 13860.8 10201.4 6277.41 34572.7 178602 12803.5 10940 4962.72 5977.25 20716.5
internal_count=263555 224111 209772 198955 2194 1864 693 196761 39444 939 908 324 584 14339
is_linear=0
shrinkage=0.05


Tree=48
num_leaves=15
num_cat=0
split_feature=31 48 49 47 33 27 22 48 22 30 28 32 48 43
split_gain=115.263 83.8662 75.3448 72.4221 70.7321 56.8959 56.1383 74.5008 51.9315 64.4968 50.7596 90.2329 54.1119 73.1574
threshold=0.83602148294448864 0.84394642710685741 0.10248650237917901 6.6127126216888437 2.7403194904327397 6.620739459991456 6.8007264137268075 0.99999985098838817 6.7951462268829355 0.0012409046175889673 3.0201274156570439 3.4175922870635991 0.5375996232032777 3.5972183942794804
decision_type=2 2 2 2 2 2 2 2 2 2 2 2 2 2
left_child=10 -2 -3 5 6 8 -5 -8 -4 -10 -1 -12 13 -13
right_child=1 2 3 4 -6 -7 7 -9 9 -11 11 12 -14 -15
leaf_value=-0.0011025518230433021 0.0042835584144662545 -0.0023712421270483098 0.0038446361305409177 -0.0082708835043371256 0.0045064015674271853 0.0067122114279848924 -0.0031932406474594528 0.010982356770861561 -0.0014384822422818825 0.013223666694613421 0.0088060415480778111 0.023357299653705574 -0.00035487562208393416 0.00042094878162594304
leaf_weight=147982.91680529341 20716.530817575753 15803.254766592756 14275.30425122194 3923.9942710399628 3659.4015703201294 7398.6457703113556 5157.9473443031311 1119.4638428688049 12109.265879154205 789.53300547599792 3396.0526880025864 568.46699584275484 25781.971279673278 872.25049119256437
leaf_count=33116 14339 10817 190295 1171 330 2135 558 135 4226 105 404 745 2662 2517
internal_value=2.00924e-06 0.00151802 0.000625594 0.00160371 -0.0014491 0.0028277 -0.00358775 -0.00065183 0.00176799 -0.000531466 -0.000719136 0.0011337 0.000173683 0.00956962
internal_weight=263555 84953.3 64236.8 48433.6 13860.8 34572.7 10201.4 6277.41 27174.1 12898.8 178602 30618.7 27222.7 1440.72
internal_count=263555 224111 209772 198955 2194 196761 1864 693 194626 4331 39444 6328 5924 3262
is_linear=0
shrinkage=0.05


Tree=49
num_leaves=15
num_cat=0
split_feature=29 15 35 46 22 22 27 33 15 4 19 44 31 38
split_gain=106.362 49.2991 52.8313 39.6765 38.6933 49.3586 41.4224 61.4849 33.7353 33.6141 41.8193 35.3023 42.3332 39.4545
threshold=0.89188596606254589 0.0083683477714657801 0.0024265680694952611 0.98174977302551281 6.8018388748168954 6.8007264137268075 6.6220710277557382 2.7403194904327397 0.020723533816635612 0.016001024283468727 0.022387782111763958 0.0045831711031496533 0.98421898484230053 1.0000000180025095e-35
decision_type=2 2 2 2 2 2 2 2 2 2 2 2 2 2
left_child=1 -1 3 9 5 6 -2 -8 -6 11 -11 -3 13 -13
right_child=4 2 -4 -5 8 -7 7 -9 -10 10 -12 12 -14 -15
leaf_value=-0.0011691859420912476 0.0036689441618432597 -0.0023114001560126068 0.0052355336588412729 0.0084441883930322734 -0.0036804183377824751 0.0091553442216979423 -0.0050879876006473821 0.0079023900814158467 0.0060971005460652497 0.012388305812955374 -0.001759276200175201 -0.00021468368564265869 0.015461070030807218 0.0028354186498404286
leaf_weight=105432.22779682837 19157.806139694527 15969.395830601454 5179.9006138890982 1392.6478540245444 3746.6183881759644 3310.589750289917 3382.7992951869965 1235.4784555435181 1143.3022651672363 1187.8171591255814 922.33298924006522 89024.941924609244 443.39156254008412 12025.749753952026
leaf_count=45346 157782 3044 6960 517 318 624 1023 107 120 115 176 46258 18 1147
internal_value=2.02146e-06 -0.00037126 0.000295681 8.37362e-05 0.00270464 0.00344347 0.00264463 -0.00160325 -0.00138658 -1.43341e-05 0.00622536 -0.000126946 0.000216956 0.000148545
internal_weight=263555 231578 126146 120966 31976.6 27086.7 23776.1 4618.28 4889.92 119574 2110.15 117463 101494 101051
internal_count=263555 103581 58235 51275 159974 159536 158912 1130 438 50758 291 50467 47423 47405
is_linear=0
shrinkage=0.05


Tree=50
num_leaves=15
num_cat=0
split_feature=31 48 49 47 33 27 22 48 33 38 23 24 28 49
split_gain=98.0726 74.9635 64.6291 63.5882 61.5193 51.6357 46.8611 63.3589 46.9408 46.6332 56.5999 54.058 90.267 53.1766
threshold=0.83602148294448864 0.84394642710685741 0.10248650237917901 6.6127126216888437 2.7403194904327397 6.620739459991456 6.8007264137268075 0.99999985098838817 1.2424533367156985 0.89587974548339855 2.9174053668975835 0.058780351653695113 2.9174053668975835 0.073500707745552077
decision_type=2 2 2 2 2 2 2 2 2 2 2 2 2 2
left_child=9 -2 -3 5 6 -4 -5 8 -8 -1 -11 12 -12 -13
right_child=1 2 3 4 -6 -7 7 -9 -10 10 11 13 -14 -15
leaf_value=-0.00088772449254357092 0.0040150631070986938 -0.0022188479488268608 0.0016000271656169845 -0.0076711748062024592 0.0041562335858017245 0.0063100747563374776 -0.00043062218210354304 0.010019366055041452 -0.011715061459056609 -0.0057908229401300304 -0.0079331890224157812 0.015218866519043799 0.0056465318280618628 0.0041596519929309765
leaf_weight=165798.19772030599 20716.530817575753 15803.254766592756 27174.103135852143 3923.9942710399628 3659.4015703201294 7398.6457703113556 3967.1868462562561 1119.4638428688049 1190.760498046875 1863.496102809906 2150.707260966301 1423.2891656160355 2812.0116662979126 4553.9563440084457
leaf_count=38505 14339 10817 194626 1171 330 2135 555 135 3 31 160 88 164 496
internal_value=2.02847e-06 0.00140043 0.000556706 0.00146261 -0.00139794 0.00260952 -0.00339243 -0.000709853 -0.00305337 -0.000663172 0.00224309 0.00361561 -0.000242668 0.00681407
internal_weight=263555 84953.3 64236.8 48433.6 13860.8 34572.7 10201.4 6277.41 5157.95 178602 12803.5 10940 4962.72 5977.25
internal_count=263555 224111 209772 198955 2194 196761 1864 693 558 39444 939 908 324 584
is_linear=0
shrinkage=0.05


Tree=51
num_leaves=15
num_cat=0
split_feature=24 37 0 47 1 22 37 39 20 35 20 0 41 46
split_gain=90.9867 42.7019 53.5257 47.3691 41.501 43.7256 76.3739 55.6992 38.5508 37.0277 33.6017 33.0871 32.5083 32.7901
threshold=0.90190887451171886 2.0126758217811589 0.01197647722437978 3.6242519617080693 0.0083683477714657801 6.7951462268829355 0.89587974548339855 0.76312369108200084 2.6093117000414171e-08 0.003458701074123383 2.6692962507013366e-08 0.0080972984433174151 0.55000001192092907 0.99185881018638622
decision_type=2 2 2 2 2 2 2 2 2 2 2 2 2 2
left_child=1 4 3 -3 5 6 -1 -8 -4 12 11 -5 13 -6
right_child=-2 2 8 10 9 -7 7 -9 -10 -11 -12 -13 -14 -15
leaf_value=-6.4204300294393085e-06 0.0023055137387654723 -0.0025335402569947041 -0.001921370925561116 -0.00078133723433894203 -0.0001246375207632266 -0.001193952081020667 0.0071910597767493563 0.029846528388523176 0.013798722327047494 0.009725185031976424 0.0046747073333544371 0.0074476214498509835 0.0050109799071393329 0.011652931600664575
leaf_weight=7975.102794315666 36860.208918349817 7309.5508382320404 535.74878537654877 8909.6620881557465 33111.43850306049 150636.0118265152 1743.3185894694179 314.11540508270264 1401.8907127827406 1129.4067943040282 7921.6658448427916 1405.4015038609505 3709.7630492448807 591.71412527561188
leaf_count=53341 151015 3507 168 1183 19705 26099 3912 259 217 1909 1662 178 391 9
internal_value=1.95449e-06 -0.000372686 0.0014745 0.000864991 -0.000627591 -0.000981048 0.00221365 0.0107776 0.00946464 0.000845712 0.00222781 0.000345965 0.000575135 8.55322e-05
internal_weight=263555 226695 27483.9 25546.3 199211 160669 10032.5 2057.43 1937.64 38542.3 18236.7 10315.1 37412.9 33703.2
internal_count=263555 112540 6915 6530 105625 83611 57512 4171 385 22014 3023 1361 20105 19714
is_linear=0
shrinkage=0.05


Tree=52
num_leaves=15
num_cat=0
split_feature=23 1 27 20 36 37 0 31 36 38 2 24 45 30
split_gain=83.9846 66.5357 56.6822 52.2861 46.6107 34.0738 56.9549 43.9652 66.9647 31.5054 45.0567 68.2736 50.7195 40.9272
threshold=4.1666352748870858 0.016261236742138866 4.3372693061828622 2.6640623040918857e-08 0.32456140220165258 2.0126758217811589 0.01197647722437978 0.83602148294448864 0.5894736945629121 1.0000000180025095e-35 0.0063898416701704272 0.058780351653695113 0.0023170341737568383 1.1811555964413858e-06
decision_type=2 2 2 2 2 2 2 2 2 2 2 2 2 2
left_child=1 5 -2 4 -4 9 7 -7 -9 -1 12 -12 -11 -13
right_child=2 -3 3 -5 -6 6 -8 8 -10 10 11 13 -14 -15
leaf_value=-0.0011727841337688099 0.0090274351532871194 0.011636094242932514 0.0090807073074534294 0.0021108450855883798 -0.0010701300869411074 -0.0015204847505753405 0.0095330376679989698 0.0094744825454685655 0.0001246039090141826 0.0003597139709406862 -0.0013750059256145571 0.0032846788450158859 -0.010171174007146429 0.014659215833612278
leaf_weight=141045.76503493637 2336.6620801687241 1098.1929405927658 1172.5791195631027 49020.15284995921 25884.910796582699 12305.673218518496 1851.5364472493529 2800.6895616054535 6010.3700013160706 12996.817745447159 2588.4351513385773 1448.9600602388382 1243.59543800354 1750.6593333482742
leaf_count=31106 171 116 74 219736 4240 4238 360 109 1055 1578 263 267 130 112
internal_value=2.01822e-06 -0.000578854 0.00137339 0.00113715 -0.000627035 -0.000652369 0.00114892 0.000409633 0.00310393 -0.000909279 0.000946052 0.00466178 -0.000566426 0.0095345
internal_weight=263555 185141 78414.3 76077.6 27057.5 184043 22968.3 21116.7 8811.06 161074 20028.5 5788.05 14240.4 3199.62
internal_count=263555 39334 224221 224050 4314 39218 5762 5402 1164 33456 2350 642 1708 379
is_linear=0
shrinkage=0.05


Tree=53
num_leaves=15
num_cat=0
split_feature=29 47 2 38 44 22 37 34 33 27 0 26 27 48
split_gain=77.2187 44.2752 49.3836 45.7198 51.915 45.571 47.9369 50.0848 40.5875 49.5832 51.6503 57.3648 40.3187 51.9992
threshold=0.89188596606254589 3.4498615264892583 0.012422839645296337 1.0000000180025095e-35 0.083885576575994505 6.7951462268829355 1.0000000180025095e-35 0.79508960247039806 1.4978661537170412 2.9700856208801274 0.0080972984433174151 0.63423421978950512 3.3497501611709599 0.67052912712097179
decision_type=2 2 2 2 2 2 2 2 2 2 2 2 2 2
left_child=1 -1 3 5 -5 6 -3 -8 -7 -10 12 -12 13 -11
right_child=-2 2 -4 4 -6 8 7 -9 9 10 11 -13 -14 -15
leaf_value=-0.0021431520131754509 0.0023048058009665228 -0.00074917968813125021 0.0026449034390235004 -0.0006427420842688422 0.0053091341358288812 -0.0010854283165597411 0.0051428072843310709 0.025458729767562166 -0.0026793731567584483 -0.0017045395352731033 0.019980786216177226 0.0042845055266968824 -0.00047157447052441196 0.0074042843891525536
leaf_weight=28994.026527285576 31976.594294058159 4295.448552235961 15625.981247505173 7162.4050728082657 7486.2325268983841 131445.30800843239 4100.7756938766688 318.79356345161796 7441.2215466499329 2416.6080946922302 727.00241470336914 2812.4728133678436 14323.361665487289 4428.7677574157715
leaf_count=9097 159974 36549 3293 689 904 25532 22792 268 927 299 22 454 2370 385
internal_value=2.01969e-06 -0.000316037 -5.44464e-05 -0.000280187 0.00240053 -0.00050821 0.00301272 0.00666241 -0.00069595 0.000896303 0.00197382 0.00755571 0.00103738 0.00419082
internal_weight=263555 231578 202584 186958 14648.6 172310 8715.02 4419.57 163595 32149.4 24708.2 3539.48 21168.7 6845.38
internal_count=263555 103581 94484 91191 1593 89598 59609 23060 29989 4457 3530 476 3054 684
is_linear=0
shrinkage=0.05


Tree=54
num_leaves=15
num_cat=0
split_feature=23 0 27 21 32 46 36 22 27 33 23 47 35 26
split_gain=71.5244 60.566 51.3041 46.0249 36.4649 45.6179 47.2146 46.3525 49.962 83.7341 45.8338 37.6371 29.9334 78.3671
threshold=4.1666352748870858 0.016261236742138866 4.3372693061828622 0.93209898471832286 6.5978271961212167 0.89987772703170787 0.38750000298023229 6.8007264137268075 6.6220710277557382 2.7403194904327397 4.2121002674102792 6.5957767963409433 0.003458701074123383 0.806623935699463
decision_type=2 2 2 2 2 2 2 2 2 2 2 2 2 2
left_child=1 12 -2 -4 5 6 -5 8 11 -10 -9 -7 -1 -14
right_child=2 -3 3 4 -6 7 -8 10 9 -11 -12 -13 13 -15
leaf_value=-0.00072436592735550102 0.0085494542887673535 0.010437098205503733 0.0029297777616796379 0.0078600561323244281 -0.0026561939558777522 -0.003201662700113721 -0.0018562638482238518 -0.0037777121045891302 -0.0079382640531008349 0.003914184344144052 0.0082319211019895224 0.0037028547946739046 0.00093382211862933515 0.019852869481882848
leaf_weight=178035.94718271121 2336.6620801687241 1239.5031608343124 22672.540685186163 1342.7208902835846 9014.2401509284973 2333.5748815312982 16525.983255147934 951.952068567276 3404.7506728172302 2635.5932703018188 4641.1801552772522 12555.106736063957 5264.2056231088936 601.03896594047546
leaf_count=37127 171 118 207707 42 742 2821 3881 65 1034 229 610 6919 2072 17
internal_value=2.03832e-06 -0.000534015 0.0012676 0.00104285 0.000241372 0.000830233 -0.00112216 0.00214554 0.00106364 -0.00276874 0.00618479 0.00261925 -0.000608524 0.00290304
internal_weight=263555 185141 78414.3 76077.6 53405.1 44390.9 17868.7 26522.2 20929 6040.34 5593.13 14888.7 183901 5865.24
internal_count=263555 39334 224221 224050 16343 15601 3923 11678 11003 1263 675 9740 39216 2089
is_linear=0
shrinkage=0.05


Tree=55
num_leaves=15
num_cat=0
split_feature=24 35 15 15 18 47 37 3 2 21 40 19 37 1
split_gain=64.6625 35.7388 34.6948 52.4303 70.8689 36.9814 53.6824 53.9884 51.824 130.547 48.9809 49.7719 45.9571 39.9707
threshold=0.90190887451171886 0.003458701074123383 0.020048827864229683 0.01990279741585255 6.7575132846832284 3.8815106153488164 1.0000000180025095e-35 0.0085107926279306429 0.012422839645296337 0.94991651177406322 2.2283497855823957e-06 0.011886610649526121 0.89587974548339855 0.0080322581343352812
decision_type=2 2 2 2 2 2 2 2 2 2 2 2 2 2
left_child=1 2 3 -1 -5 -4 -7 8 -8 -10 -9 -12 13 -13
right_child=-2 -3 5 4 -6 6 7 10 9 -11 11 12 -14 -15
leaf_value=-0.00073785786940272794 0.0019439679478814587 0.0030849925647781166 -0.00067717334707445337 0.00099037403163875588 -0.034216865213822605 -0.0009352022763469682 -0.0021223312692707848 0.013444418684998469 0.014789765072880382 -0.010524412643747613 -0.0034654971088728184 -0.00018612482088642399 0.0040792643675420393 0.019171379469197645
leaf_weight=164408.38426710293 36860.208918349817 7469.4405104257166 26331.638971269131 296.94111952744424 264.61346435546875 10289.316451583058 5519.3977311905473 1828.8382439613342 1591.1544348020107 738.40307867527008 1607.4329692777246 355.91890519671142 4942.0320159420371 1051.2786972094327
leaf_count=78674 151015 11827 6199 247 1 9077 3525 70 314 8 117 1064 949 468
internal_value=2.02417e-06 -0.000313805 -0.000429744 -0.000790459 -0.0159082 0.000666996 0.00193431 0.00360819 0.000517751 0.00675521 0.00608398 0.00437743 0.00636535 0.0143086
internal_weight=263555 226695 219225 164970 561.555 54255.4 27923.8 17634.5 7848.96 2329.56 9785.5 7956.66 6349.23 1407.2
internal_count=263555 112540 100713 78922 248 21791 15592 6515 3847 322 2668 2598 2481 1532
is_linear=0
shrinkage=0.05


Tree=56
num_leaves=15
num_cat=0
split_feature=31 48 48 22 36 30 48 0 26 22 28 32 48 43
split_gain=59.8974 59.0406 47.8467 67.0356 53.6897 43.6335 41.5351 39.7798 50.0292 42.1932 37.9706 70.8298 49.7202 66.9494
threshold=0.83602148294448864 0.84394642710685741 0.97162586450576793 6.7951462268829355 0.74342104792594921 0.001400245586410165 1.0000001788139345 0.0083683477714657801 0.63423421978950512 6.8018388748168954 3.0201274156570439 3.4175922870635991 0.5375996232032777 3.5972183942794804
decision_type=2 2 2 2 2 2 2 2 2 2 2 2 2 2
left_child=10 7 3 -3 -4 -5 -6 9 -9 -2 -1 -12 13 -13
right_child=1 2 4 5 6 -7 -8 8 -10 -11 11 12 -14 -15
leaf_value=-0.00084954300165714666 0.003693255098296681 0.0040625582006784669 0.0032097385352014111 -0.0026278893988087742 1.7069030457870047e-05 0.011887501402159491 -0.010151674394365017 0.017748446776849777 0.0047688823574431119 -0.002292095620539141 0.0078821452470523943 0.022430296615644107 -0.00027269631774888103 0.00048765959164202567
leaf_weight=147982.91680529341 12661.444401877001 5012.1832287013531 20762.642799993977 22972.08366394043 13897.564475087449 519.92470324039459 1072.4118303246796 955.4219434261322 3271.4022442605346 3828.262228012085 3396.0526880025864 568.46699584275484 25781.971279673278 872.25049119256437
leaf_count=33116 11111 30733 167495 5196 5373 46 929 62 2892 274 404 745 2662 2517
internal_value=1.93176e-06 0.00109478 0.000346038 -0.00118159 0.00156463 -0.00230171 -0.000717685 0.00341517 0.00773772 0.00230314 -0.000517924 0.00108457 0.000233985 0.00924055
internal_weight=263555 84953.3 64236.8 28504.2 35732.6 23492 14970 20716.5 4226.82 16489.7 178602 30618.7 27222.7 1440.72
internal_count=263555 224111 209772 35975 173797 5242 6302 14339 2954 11385 39444 6328 5924 3262
is_linear=0
shrinkage=0.05


Tree=57
num_leaves=15
num_cat=0
split_feature=23 1 27 18 15 47 31 22 36 56 26 15 20 48
split_gain=55.8414 54.8587 43.0725 39.3542 34.2762 42.8538 51.4883 43.8799 34.221 30.5872 30.5982 29.844 35.1376 29.1185
threshold=4.1666352748870858 0.016261236742138866 4.3372693061828622 6.2275238037109384 0.020048827864229683 6.6153953075408944 0.79057019948959362 6.8007264137268075 0.32456140220165258 1.0000000180025095e-35 0.84313055872917186 0.016437465324997905 2.6601681746285525e-08 0.96327629685401928
decision_type=2 2 2 2 2 2 2 2 2 2 2 2 2 2
left_child=1 -1 -2 -4 5 6 -5 -8 -6 -10 -11 12 -7 -14
right_child=2 -3 3 4 8 11 7 -9 9 10 -12 -13 13 -15
leaf_value=-0.00053845863694755971 0.0077923164574902242 0.010619685440583712 0.0054577158872463468 -0.0029284024835686214 0.011917860549953405 -0.0046385901790659337 0.00071019105810231429 0.0056557848256097469 0.0028467978673166429 0.0023982481913393614 -0.0067331374598677846 -0.010100452072985107 -0.0011754378762001865 0.0087958801128247034
leaf_weight=184042.50199200213 2336.6620801687241 1098.1929405927658 4475.2694877609611 8136.3981989622116 883.72249525040388 4964.5249361991882 27804.702460277826 5338.628696680069 16147.879375858232 1809.328994512558 1842.9563939571381 1295.1703224182129 2320.7555365562439 1058.3058676719666
leaf_count=39218 171 116 86368 1017 138 334 97380 760 37359 121 142 61 252 118
internal_value=1.94898e-06 -0.000471702 0.00112018 0.000914258 0.000629562 -6.77823e-05 0.000633293 0.00150828 0.00234545 0.00191241 -0.00221529 -0.00306781 -0.00196535 0.00196427
internal_weight=263555 185141 78414.3 76077.6 71602.4 50918.5 41279.7 33143.3 20683.9 19800.2 3652.29 9638.76 8343.59 3379.06
internal_count=263555 39334 224221 224050 137682 99922 99157 98140 37760 37622 263 765 704 370
is_linear=0
shrinkage=0.05


Tree=58
num_leaves=15
num_cat=0
split_feature=29 15 35 34 43 3 33 46 35 22 38 48 49 36
split_gain=52.649 37.8166 50.7379 33.3064 28.7993 46.7153 41.7053 104.145 49.2902 44.0196 41.4512 51.3351 44.5247 36.8593
threshold=0.9653451442718507 0.00766294775530696 0.0024265680694952611 0.86934939026832592 3.5114340782165532 0.015268065501004459 1.4978661537170412 0.71103236079216015 1.6069823800535234e-06 6.8018388748168954 1.0000000180025095e-35 0.7840634584426881 0.033807665109634406 0.27525253593921667
decision_type=2 2 2 2 2 2 2 2 2 2 2 2 2 2
left_child=1 -1 4 -2 -3 6 10 8 -8 -9 13 12 -12 -6
right_child=3 2 -4 -5 5 -7 7 9 -10 -11 11 -13 -14 -15
leaf_value=-0.0010000959175879617 0.0034448049008574903 -0.00072068148827148047 0.004624877691811761 -0.0011248856844942017 0.0057672809197823801 0.007105385336901953 0.01733989054015166 0.0031854220789585583 0.0048673402120041898 -0.0036521634817107853 0.0008981024930925321 -0.0021079665048573501 0.010391846116171168 -0.00077063534272852241
leaf_weight=93201.775753205642 16634.597398702055 62020.537833711132 6431.9295280147344 5238.1899865698069 2235.1959200315177 2750.9806371163577 1533.2291870117188 6033.476603737101 1650.0107153616846 3845.706470489502 2147.2586481571198 2757.3802617788315 2903.4476406574249 54171.283194324002
leaf_count=54015 92138 16523 16790 1761 512 1018 82 1698 156 317 154 164 238 77989
internal_value=1.9086e-06 -0.000210726 0.000284799 0.00235042 8.79697e-05 0.000714675 0.000486282 0.00306054 0.0109103 0.000522728 -3.77635e-05 0.00337423 0.00636542 -0.000510584
internal_weight=263555 241682 148480 21872.8 142049 80028 77277 13062.4 3183.24 9879.18 64214.6 7808.09 5050.71 56406.5
internal_count=263555 169656 115641 93899 98851 82328 81310 2253 238 2015 79057 556 392 78501
is_linear=0
shrinkage=0.05


Tree=59
num_leaves=15
num_cat=0
split_feature=31 20 0 47 34 40 38 0 45 32 27 27 47 33
split_gain=49.386 37.4309 40.9045 36.5755 44.2049 59.4822 34.5558 56.0741 38.3257 32.233 31.3787 31.1097 39.9681 64.4489
threshold=0.77171215415000927 2.6244775241934807e-08 0.0083683477714657801 6.6127126216888437 0.11339909210801126 2.2414126306102848e-06 1.0000000180025095e-35 0.013793759513646366 0.0023170341737568383 4.7223107814788827 6.620739459991456 2.9174053668975835 3.8815106153488164 1.4978661537170412
decision_type=2 2 2 2 2 2 2 2 2 2 2 2 2 2
left_child=6 -2 3 4 -3 -6 9 8 -8 -1 -7 -4 -13 -14
right_child=1 2 11 -5 5 10 7 -9 -10 -11 -12 12 13 -15
leaf_value=-0.0010057303764153436 -0.00092948375789188634 -0.0011403903889288581 0.010749746847437793 -0.0014755405529214638 0.015233414953103031 0.0012454481357479193 0.0010206677410681071 0.0092089722703509614 -0.0082783634236490503 0.0067016604372567776 0.0050318014664481551 -0.00038930417121104885 0.0026191225298576107 0.012177078516504488
leaf_weight=124353.4107323885 25468.880487561226 14264.927158180624 1314.9069002866745 15139.708234786987 830.65921294689178 37143.570334272459 17375.570611953735 2005.9290494918823 1173.489143371582 1361.6237010527402 6409.9929285049438 6224.7219280004501 8251.3199787717313 2236.2893772982061
leaf_count=26542 3672 10197 106 2301 124 169708 1485 88 133 3905 1976 2008 40703 607
internal_value=1.9047e-06 0.00076622 0.00123664 0.000714782 0.00128035 0.00205845 -0.000610963 0.00128919 0.00042823 -0.000921725 0.00180373 0.00337113 0.00278451 0.00466684
internal_weight=263555 117285 91816.1 73788.9 58649.1 44384.2 146270 20555 18549.1 125715 43553.6 18027.2 16712.3 10487.6
internal_count=263555 231402 227730 184306 182005 171808 32153 1706 1618 30447 171684 43424 43318 41310
is_linear=0
shrinkage=0.05


Tree=60
num_leaves=15
num_cat=0
split_feature=26 0 40 36 15 47 36 20 15 20 31 32 48 43
split_gain=45.0655 46.6944 37.8322 44.4089 34.7713 41.6433 29.457 41.8195 28.9075 30.1291 27.7977 26.1173 25.9475 22.6239
threshold=0.82097071409225475 0.016261236742138866 0.0035069130826741461 0.7947368621826173 0.020220141857862476 6.6153953075408944 0.32456140220165258 2.6048565082703593e-08 0.016437465324997905 2.6601681746285525e-08 0.70294117927551281 4.7223107814788827 0.96327629685401928 2.9174053668975835
decision_type=2 2 2 2 2 2 2 2 2 2 2 2 2 2
left_child=1 11 4 -4 5 10 7 -6 9 -7 -2 13 -11 -1
right_child=2 -3 3 -5 6 8 -8 -9 -10 12 -12 -13 -14 -15
leaf_value=-0.002012737373018231 -0.0027606109653083126 0.011541444615105758 0.0032365514111427083 0.016778835336336666 0.020460445652098095 -0.0043268752549622778 0.001940371011823345 -0.0014373063027472994 -0.0098994051966795303 -0.0011897812776923188 0.0010630414061969776 0.0063690204032617621 0.0084910143365791464 -0.00033697252141830973
leaf_weight=23182.051895320415 5358.089409828186 798.2412873506546 3906.6518175788224 708.23099689558148 505.17113494873047 4964.5249361991882 23262.653697919101 375.87120490334928 1303.0612688064575 2158.2618970870972 41511.493108546361 1361.6237010527402 1007.5812420845032 153151.49218034744
leaf_count=6050 823 102 41532 609 14 334 53900 239 63 234 124769 3905 108 30873
internal_value=1.90578e-06 -0.00044944 0.000948952 0.00534663 0.000696043 1.52314e-05 0.00228303 0.0112071 -0.00301396 -0.00189962 0.000625429 -0.000503952 0.00190832 -0.000557382
internal_weight=263555 178493 85061.6 4614.88 80446.7 56303 24143.7 881.042 9433.43 8130.37 46869.6 177695 3165.84 176334
internal_count=263555 40930 222625 42141 180484 126331 54153 253 739 676 125592 40828 342 36923
is_linear=0
shrinkage=0.05


Tree=61
num_leaves=15
num_cat=0
split_feature=29 47 35 0 21 1 21 27 56 32 43 48 17 34
split_gain=42.3604 32.7868 36.9359 33.1754 63.1287 33.0973 33.0645 31.6572 37.7628 50.872 47.2108 33.9153 43.5741 29.2401
threshold=0.9653451442718507 3.4498615264892583 0.0024265680694952611 0.015268065501004459 0.95761293172836315 0.010929288342595102 0.94769057631492626 2.9174053668975835 1.0000000180025095e-35 3.4498615264892583 3.5114340782165532 0.6574884057044984 0.064583335071802153 0.86284092068672191
decision_type=2 2 2 2 2 2 2 2 2 2 2 2 2 2
left_child=1 3 5 4 -1 -3 -4 -7 -9 10 -10 -12 -13 -2
right_child=13 2 6 -5 -6 7 -8 8 9 -11 11 12 -14 -15
leaf_value=-0.0018072102030073868 0.0034263375055221673 -0.0003545607474226751 0.0021427027329113842 0.0067513527354007077 -0.021408838267985314 0.010389237606234036 0.014850241837509718 -0.00079472784078536251 -0.0017552556729445842 -0.0017861810892957622 0.016363443717301144 0.0017184531825510812 0.012245309499978138 -0.00042583712825463031
leaf_weight=27503.950499475002 14387.637048525736 179712.58046516217 11586.704005330801 1090.5858674645424 407.09818923473358 999.13690161705017 526.02847081422806 10280.841944655403 1494.1616965532303 3029.3228788375854 1040.8438444137573 2297.8181606531143 1713.1394693851471 7485.1503367461264
leaf_count=8929 91127 121841 24588 135 35 187 37 12761 418 198 142 255 130 2772
internal_value=1.90138e-06 -0.000188828 2.62556e-05 -0.00176559 -0.00210068 -0.000135728 0.00270636 0.00174924 0.00130948 0.00356721 0.00604358 0.00834914 0.0062339 0.00210848
internal_weight=263555 241682 212681 29001.6 27911 200568 12112.7 20855.3 19856.1 9575.29 6545.96 5051.8 4010.96 21872.8
internal_count=263555 169656 160557 9099 8964 135932 24625 14091 13904 1143 945 527 385 93899
is_linear=0
shrinkage=0.05


Tree=62
num_leaves=15
num_cat=0
split_feature=34 0 22 47 1 22 24 47 33 19 18 48 32 24
split_gain=40.0192 52.0084 46.2457 52.4674 70.8027 59.2238 102.417 60.1818 98.6733 42.3592 41.5235 36.4376 76.7561 35.3557
threshold=0.034833800047636039 0.016001024283468727 6.8018388748168954 6.5957767963409433 0.010929288342595102 6.8007264137268075 0.11379214748740198 6.6127126216888437 1.2424533367156985 0.035509755834937103 6.2490091323852548 0.80375570058822643 3.3842465877532963 0.15024073421955111
decision_type=2 2 2 2 2 2 2 2 2 2 2 2 2 2
left_child=1 -1 3 4 10 7 -7 -5 -9 -6 -2 12 -11 -8
right_child=2 -3 -4 5 9 6 13 8 -10 11 -12 -13 -14 -15
leaf_value=-0.0010892138426551335 0.0034772936396591648 0.0075175699637139689 -0.00068058434293670478 0.0030836079234125395 0.016511968911442038 -0.0049846455675715915 0.015721906378968496 -0.006268288980276409 0.0043448973917322251 0.0034162304558865396 -0.00056588443427862142 0.0001149948153246328 0.021317801616352116 0.0069858807813416371
leaf_weight=81553.36968226172 7007.55850822106 1783.937034342438 62330.790949344635 18563.908996403217 693.40608543716371 1647.1976442337036 1473.3670916557312 5300.7596151828766 3717.8162536621094 2835.3663492202759 66767.878495804965 3635.4719414170831 750.97947461530566 5493.1916570663452
leaf_count=17507 124807 153 5487 10313 158 62 19 1453 332 830 79889 20751 921 873
internal_value=1.88135e-06 -0.000904095 0.000420855 0.00100323 0.000300979 0.00258761 0.00620443 0.00145628 -0.00189314 0.00479187 -0.000181424 0.00364529 0.00721367 0.00885336
internal_weight=263555 83337.3 180218 117887 81690.7 36196.2 8613.76 27582.5 9018.58 7915.22 73775.4 7221.82 3586.35 6966.56
internal_count=263555 17660 245895 240408 227356 13052 954 12098 1785 22660 204696 22502 1751 892
is_linear=0
shrinkage=0.05


Tree=63
num_leaves=15
num_cat=0
split_feature=31 34 24 47 22 0 53 29 0 29 20 0 45 25
split_gain=37.6064 32.8289 44.2849 71.5345 91.1828 42.4044 40.4596 37.3207 38.8784 32.0516 29.9496 33.852 31.8792 28.8361
threshold=0.77171215415000927 0.62783992290496837 0.11379214748740198 4.9715464115142831 6.8018388748168954 0.015038444194942715 1.0000000180025095e-35 0.19293587654829028 0.0099504948593676108 0.029834040440618995 2.6244775241934807e-08 0.0080322581343352812 3.0644327964068914e-08 0.01466258615255356
decision_type=2 2 2 2 2 2 2 2 2 2 2 2 2 2
left_child=1 2 5 -4 -5 7 9 -1 -9 -7 -2 12 -12 -13
right_child=10 -3 3 4 -6 6 -8 8 -10 -11 11 13 -14 -15
leaf_value=-0.0008758139454986733 -0.00084792355021369578 -0.0020271906119955353 0.00046728780692245961 0.011822084386964611 -0.0042994430580567877 0.0086865285193096116 0.014494998269287988 -0.0030038009793518154 -0.020123853401296361 -0.0062307867133445183 -0.003172931649956497 0.0033719342748415263 0.00088364138466720012 -0.0055610242622027304
leaf_weight=75305.981785334647 25468.880487561226 29364.511151254177 33537.600578844547 3108.6702181492001 1214.2231197357178 664.77496755123138 844.10689949989319 970.73389005661011 497.18670284748077 762.23392498493195 5210.0505641698837 18555.275145918131 67109.952327623963 940.81801533699036
leaf_count=14296 3672 7222 6151 3797 85 128 39 257 52 126 855 46836 179783 256
internal_value=1.91801e-06 -0.000532888 -0.000157405 0.00124852 0.00729436 -0.000830879 0.00588752 -0.00103036 -0.00889931 0.000730564 0.000668881 0.00108967 0.000591001 0.00293823
internal_weight=263555 146270 116906 37860.5 4322.89 79045 2271.12 76773.9 1467.92 1427.01 117285 91816.1 72320 19496.1
internal_count=263555 32153 24931 10033 3882 14898 293 14605 309 254 231402 227730 180638 47092
is_linear=0
shrinkage=0.05


Tree=64
num_leaves=15
num_cat=0
split_feature=19 0 43 22 43 23 43 1 46 29 48 44 27 33
split_gain=35.5658 61.9352 38.6416 42.0302 37.4869 46.2895 36.4154 36.5921 53.4263 34.1195 37.6044 30.6202 29.6097 42.2638
threshold=0.013199592940509321 0.016001024283468727 3.2769666910171513 6.8018388748168954 6.5854814052581796 6.5868608951568612 6.5923593044281015 0.010929288342595102 0.86664298176765453 0.05181431025266648 0.78560954332351696 0.44979013502597814 4.2765698432922372 0.89587974548339855
decision_type=2 2 2 2 2 2 2 2 2 2 2 2 2 2
left_child=1 -1 -2 6 5 -5 7 11 -9 -8 -11 -4 13 -13
right_child=2 -3 3 4 -6 -7 9 8 -10 10 -12 12 -14 -15
leaf_value=-0.0013075587765695195 -0.0015421429623320854 0.011489198558363771 -0.00013607066882569279 -0.00018494146807511818 -0.0028534987102708364 0.0064390229533505252 -0.0035073640219476909 0.0072999004526033973 0.00046248847332748077 0.013247682887301169 0.0039084537150123879 -0.00095245641137354847 0.0015125208772788609 0.023262684741255212
leaf_weight=56787.508612703532 24775.044631328434 951.61852774396539 57029.898119648919 52642.325889110565 12808.450588226318 2766.5540904998779 1115.1805438995361 5235.5212296377867 6277.6099033597857 1373.133455991745 4957.6575283408165 342.45008873939514 36123.51438074559 368.5321888923645
leaf_count=11334 8238 86 31259 4866 877 302 54 1105 22649 28 705 264 181528 260
internal_value=1.80992e-06 -0.0010947 0.00030946 0.000562919 -0.000416794 0.000146894 0.00115527 0.000916246 0.00357539 0.00453231 0.00595181 0.000589737 0.00171322 0.0117478
internal_weight=263555 57739.1 205816 181041 68217.3 55408.9 112823 105378 11513.1 7445.97 6330.79 93864.4 36834.5 710.982
internal_count=263555 11420 252135 243897 6045 5168 237852 237065 23754 787 733 213311 182052 524
is_linear=0
shrinkage=0.05


Tree=65
num_leaves=15
num_cat=0
split_feature=32 49 29 27 18 22 28 38 34 18 48 44 48 2
split_gain=32.8651 37.2808 36.1269 61.3359 42.2197 38.5598 45.8074 38.012 35.0957 34.1968 33.6729 33.1681 31.9703 32.9638
threshold=2.1383330821990971 0.12558453530073169 0.11180720850825311 2.9174053668975835 6.7528541088104257 6.8018388748168954 6.5799453258514413 1.2424533367156985 0.200362503528595 6.2294962406158456 0.96012336015701305 0.090817842632532134 0.51418229937553417 0.012422839645296337
decision_type=2 2 2 2 2 2 2 2 2 2 2 2 2 2
left_child=-1 -2 3 -3 5 7 10 9 -5 -4 11 -7 -11 -14
right_child=1 2 4 8 -6 6 -8 -9 -10 12 -12 -13 13 -15
leaf_value=-0.0013157173900927874 -0.0003463698101436849 0.024065640911676366 0.0053057356597978021 0.0013065476785569343 -0.0087526828369431289 0.007465545176852194 -0.0066513839696868337 0.009117159148227149 0.012048616418286699 0.01196849303443448 0.0047397346841751113 -0.0011409367885819419 0.00052180495113082011 0.0049503970193426009
leaf_weight=40115.399831473827 122777.08174897172 381.51722061634064 4971.4146282412112 3801.8786817956716 1149.1498552560806 1170.9409260749817 2876.1593914031982 1595.7247340679169 941.43456807173789 645.97703432291746 3251.20920753479 21517.592404842377 53811.342116612941 4548.1774295829237
leaf_count=9607 33803 45 88680 1524 151 67 185 55 136 133 362 2040 118891 7876
internal_value=1.82783e-06 0.000238423 0.000951652 0.00503736 0.000731982 0.00084837 -0.000675953 0.00151823 0.00345945 0.00132731 -1.10979e-05 -0.000693668 0.000991267 0.000867731
internal_weight=263555 223440 100663 5124.83 95537.7 94388.5 28815.9 65572.6 4743.31 63976.9 25939.7 22688.5 59005.5 58359.5
internal_count=263555 253948 220145 1705 218440 218289 2654 215635 1660 215580 2469 2107 126900 126767
is_linear=0
shrinkage=0.05


Tree=66
num_leaves=15
num_cat=0
split_feature=31 35 29 24 38 48 33 32 48 35 46 28 32 27
split_gain=31.4682 32.9794 32.5564 30.3658 27.3605 34.3107 28.6051 51.2247 71.326 42.7168 35.7899 30.5201 32.208 37.8923
threshold=0.6348484754562379 0.003458701074123383 0.15003100782632831 0.96962669491767894 0.89587974548339855 0.7840634584426881 1.4978661537170412 2.9174053668975835 0.66902577877044689 1.8921770106317128e-06 0.7228132188320161 6.5841002464294442 6.5950968265533456 6.620739459991456
decision_type=2 2 2 2 2 2 2 2 2 2 2 2 2 2
left_child=-1 3 -3 4 6 -6 9 8 -8 -2 -10 12 13 -11
right_child=1 2 -4 -5 5 -7 7 -9 10 11 -12 -13 -14 -15
leaf_value=-0.001007322863944708 -0.0018348371623680842 0.011103308541781624 0.002112004876767928 0.0023567872976582374 0.0083267974258618965 0.00060339429281876028 -0.00251372178107494 -9.8928198529471683e-05 0.0099598318752942023 -2.6483510778656554e-05 0.0030413829050943346 0.0074652064911859689 -0.003506743416908078 0.0041778196446137861
leaf_weight=59728.333889799193 39664.308439075947 1171.7265765797347 6857.2780395578593 14658.73607156612 2150.7648124694824 4304.0326085090637 2940.1362372636795 24454.750153847039 3923.184149980545 86905.913637818769 3586.2270122766495 1378.4873172044754 6129.691618680954 5701.4292142391205
leaf_count=19430 8482 710 38383 17083 120 677 396 4360 271 170055 711 119 1174 1584
internal_value=1.85648e-06 0.000297616 0.00343635 0.000168739 -8.45049e-06 0.00318576 -0.000126656 0.00115355 0.00408197 -0.000446394 0.00666427 0.000103815 2.95295e-07 0.00023278
internal_weight=263555 203827 8029 195798 181139 6454.8 174684 34904.3 10449.5 139780 7509.41 100116 98737 92607.3
internal_count=263555 244125 39093 205032 187949 797 187152 5738 1378 181414 982 172932 172813 171639
is_linear=0
shrinkage=0.05


Tree=67
num_leaves=15
num_cat=0
split_feature=15 35 44 28 38 0 30 4 41 37 28 25 36 33
split_gain=30.4098 35.4536 24.2203 25.6725 26.2409 31.2221 41.2889 33.2701 25.4188 23.8685 21.1891 22.4813 22.0681 45.2141
threshold=0.0083683477714657801 0.0024265680694952611 0.0045831711031496533 6.5841002464294442 1.0000000180025095e-35 0.013793759513646366 0.00081266148481518041 0.0065147271379828462 0.70833334326744091 1.2424533367156985 1.7005987167358401 0.013931716326624157 0.70714285969734203 1.4978661537170412
decision_type=2 2 2 2 2 2 2 2 2 2 2 2 2 2
left_child=-1 2 -2 4 10 6 7 8 -6 -9 -4 12 13 -12
right_child=1 -3 3 -5 5 -7 -8 9 -10 -11 11 -13 -14 -15
leaf_value=-0.00059955740377159582 -0.0015103074123461362 0.0039111898725055329 -0.0016170178639353314 0.0077408804007578595 0.0022520218926477828 0.0084443324505778065 -0.0076112711210859054 0.0018259892020765689 0.0092197882531724219 -0.0064286358651878366 0.00096809737055332263 -0.0028575548861381785 -0.0002764328152289081 0.0074835653472071165
leaf_weight=116930.13698326796 16223.514122396708 7156.7109701298177 13656.539489865303 1216.9403096437454 3100.1891875267029 1948.6390155553818 1088.4142934083939 2736.6014522314072 2266.6871840953827 1275.8509101867676 51273.44713812694 4763.9898543357849 37118.367095606402 2798.9717724919319
leaf_count=107934 3085 26419 3736 150 362 105 74 326 180 118 109063 1037 10629 337
internal_value=1.83984e-06 0.000481449 0.000305187 0.000544275 0.000471878 0.00264943 0.00156364 0.00263531 0.00520652 -0.000808214 0.000224993 0.000487294 0.00066233 0.00130668
internal_weight=263555 146625 139468 123245 122028 12416.4 10467.7 9379.33 5366.88 4012.45 109611 95954.8 91190.8 54072.4
internal_count=263555 155621 129202 126117 125967 1165 1060 986 542 444 124802 121066 120029 109400
is_linear=0
shrinkage=0.05


Tree=68
num_leaves=15
num_cat=0
split_feature=19 0 15 35 47 46 23 39 28 21 21 38 24 49
split_gain=28.5468 53.787 32.1988 28.4432 25.2975 30.1714 32.6642 24.6237 22.3448 20.8878 26.6938 21.3457 26.3617 29.8305
threshold=0.013199592940509321 0.016001024283468727 0.0082988981157541292 0.0031448826193809514 6.6153953075408944 0.89812970161437999 2.9174053668975835 0.01161785749718547 6.5841002464294442 0.95875135064125072 0.95429202914237987 1.0000000180025095e-35 0.062777362763881697 0.20394252240657809
decision_type=2 2 2 2 2 2 2 2 2 2 2 2 2 2
left_child=1 -1 4 7 5 -2 -7 -4 9 10 11 -9 -13 -14
right_child=2 -3 3 -5 -6 6 -8 8 -10 -11 -12 12 13 -15
leaf_value=-0.0011789514924957236 -0.00064977324122803535 0.010746320939845455 0.024405977160019559 0.0044348908256612064 -0.0031359119881366193 0.02179924819182906 0.0013767115637989432 0.00040022817511421754 0.0073576502086871694 0.0068383448355884089 -0.0050921000096014468 -0.001126086196174486 0.0076055950682953613 -0.0006288182728612984
leaf_weight=56787.508612703532 68072.729583920911 951.61852774396539 99.23004150390625 5280.8696616739035 7733.6565656661987 187.86963558197021 19192.551799740642 92947.2364112176 1218.2863721847534 1303.8924750685692 2085.3603670597076 2460.8183113336563 3666.0081195831299 1567.3632938861847
leaf_count=11334 18230 86 1 25918 557 12 83514 122624 151 75 192 258 403 200
internal_value=1.78758e-06 -0.00098058 0.000277413 0.00085748 -0.000396778 -0.00015422 0.00158582 0.000677748 0.00065306 0.000573844 0.000493672 0.000609908 0.00313907 0.00514294
internal_weight=263555 57739.1 205816 110629 95186.8 87453.2 19380.4 105348 105249 104031 102727 100641 7694.19 5233.37
internal_count=263555 11420 252135 149822 102313 101756 83526 123904 123903 123752 123677 123485 861 603
is_linear=0
shrinkage=0.05


Tree=69
num_leaves=15
num_cat=0
split_feature=43 37 2 19 1 39 30 36 46 1 34 22 37 41
split_gain=27.0648 31.8442 37.2075 29.0214 37.7486 29.4324 28.9898 28.5326 60.2188 34.2723 42.326 26.8377 42.5337 31.1269
threshold=3.2769666910171513 2.0126758217811589 0.011561079882085325 0.035509755834937103 0.015268065501004459 0.01281449291855097 1.6463432075397581e-05 0.36931818723678594 0.70820432901382457 0.0083683477714657801 0.045007567852735526 6.7951462268829355 0.89587974548339855 0.63333335518836986
decision_type=2 2 2 2 2 2 2 2 2 2 2 2 2 2
left_child=-1 3 6 4 -2 -6 -3 8 -5 10 -10 12 -9 -13
right_child=1 2 -4 7 5 -7 -8 11 9 -11 -12 13 -14 -15
leaf_value=-0.0012772573117834632 -0.0010727344838955359 0.00010826416792084396 0.0074946785534246371 0.019850644159514985 0.011202679870847136 -0.0006697099864471644 0.004145013302844845 0.00085666786701521437 0.026933247102004922 0.0099952983138233888 -0.002176246121883199 -0.00017715319558579855 0.0069886786496553875 0.00369533587700635
leaf_weight=35737.222082640976 64646.567312018946 16107.879682313651 2637.1411700844765 541.93297216296196 1123.9974219799042 965.33437164500356 6134.285795416683 13743.603530813009 121.17575565353036 1002.1641557253897 2593.1477786358446 109210.79210722446 3551.7707693781704 5437.984873175621
leaf_count=11220 13180 3407 450 1130 129 116 1520 193331 22 692 3017 23742 11066 533
internal_value=1.83699e-06 0.000202533 0.00189047 -4.4841e-06 -0.00085861 0.00574022 0.00122294 0.000414049 0.00443747 0.00214271 -0.000782617 0.000283869 0.00211925 6.83176e-06
internal_weight=263555 227818 24879.3 202938 66735.9 2089.33 22242.2 136203 4258.42 3716.49 2714.32 131944 17295.4 114649
internal_count=263555 252335 5377 246958 13425 245 4927 233533 4861 3731 3039 228672 204397 24275
is_linear=0
shrinkage=0.05


Tree=70
num_leaves=15
num_cat=0
split_feature=31 24 38 25 25 33 27 17 44 27 48 35 1 0
split_gain=25.9204 26.7459 24.623 33.0903 28.1282 24.8799 44.6482 45.4664 71.4416 42.6827 70.1317 41.2131 28.5238 36.398
threshold=0.6348484754562379 0.96962669491767894 0.89587974548339855 3.1132778133269317e-07 3.2190439469559356e-07 1.4978661537170412 2.9700856208801274 0.064583335071802153 0.090817842632532134 3.3497501611709599 0.67052912712097179 1.8921770106317128e-06 0.010929288342595102 0.0085107926279306429
decision_type=2 2 2 2 2 2 2 2 2 2 2 2 2 2
left_child=-1 2 5 -4 -5 11 -7 9 -9 10 -8 -2 13 -11
right_child=1 -3 3 4 -6 6 7 8 -10 12 -12 -13 -14 -15
leaf_value=-0.00091400250794332122 -0.0016741572311871691 0.0022372781267065863 -0.00053009895604224451 0.013109653183753955 0.0033745564417745465 -0.0025319701688310044 -0.0022046079123506559 0.01657621646153359 -0.001019103073472702 -7.7281763133159754e-05 0.0073763694395916268 0.00021792038738902036 -0.0065177917454227758 0.0077738640133429432
leaf_weight=59728.333889799193 39664.308439075947 15921.976865014061 3229.1738344430923 1091.6671161651611 2305.3614468574524 6707.4319097995758 2807.5488662719727 1275.7925229333341 1044.3775597717613 15916.833335846663 5939.2291793823242 104809.030420525 1496.8247004952282 1617.1096924878657
leaf_count=19430 8482 21378 495 69 243 856 349 67 200 3455 474 207237 340 480
internal_value=1.90809e-06 0.000270334 0.000103556 0.00309495 0.00653232 -5.95228e-06 0.00115441 0.00197651 0.00868566 0.00141319 0.00430205 -0.000301618 8.38677e-05 0.000650827
internal_weight=263555 203827 187905 6626.2 3397.03 181278 36805.1 30097.7 2320.17 27777.5 8746.78 144473 19030.8 17533.9
internal_count=263555 244125 222747 807 312 221940 6221 5365 267 5098 823 215719 4275 3935
is_linear=0
shrinkage=0.05


Tree=71
num_leaves=15
num_cat=0
split_feature=15 35 45 3 44 38 49 24 39 31 15 17 28 48
split_gain=23.6679 27.555 19.0825 26.0912 20.1387 29.6571 29.2415 33.2296 35.4268 30.5115 26.18 21.9295 21.6164 19.0319
threshold=0.0083683477714657801 0.0024265680694952611 0.00088552493252791475 0.0085838492959737795 0.0045831711031496533 1.0000000180025095e-35 0.27593736350536352 0.11379214748740198 0.085188873112201705 0.68990385532379161 0.013698951341211798 0.023532669059932235 6.5841002464294442 0.78080222010612499
decision_type=2 2 2 2 2 2 2 2 2 2 2 2 2 2
left_child=-1 2 4 -4 -2 12 7 8 9 -7 -9 -11 -6 -10
right_child=1 -3 3 -5 5 6 -8 10 13 11 -12 -13 -14 -15
leaf_value=-0.0005286802135299303 -0.0012986312103472472 0.0034486446083332972 -0.00026499739875373072 -0.010059610915997171 0.00025057131580558621 0.0088335594764862649 -0.004941417192968001 0.00097079813939442367 0.0013069061881365162 -0.0021880118436198525 0.011866280861489458 0.0060291619810741289 0.0069249836163805881 -0.0080922999392476439
leaf_weight=116930.13698326796 16193.011663109064 7156.7109701298177 1952.5040785074234 1033.6578305363655 107738.15109284036 2188.4120733737946 1040.6871498823166 785.06923389434814 1094.1271716356277 1941.2261389493942 1856.9901576042175 1381.2517997026443 1216.9403096437454 1046.1231257915497
leaf_count=107934 3080 26419 417 169 124260 125 132 89 102 171 190 117 150 200
internal_value=1.87945e-06 0.000424996 0.000269604 -0.00367766 0.000356231 0.000579094 0.00301213 0.00382029 0.00214526 0.00426355 0.00864463 0.00123595 0.000325748 -0.00330356
internal_weight=263555 146625 139468 2986.16 136482 120289 11333.9 10293.2 7651.14 5510.89 2642.06 3322.48 108955 2140.25
internal_count=263555 155621 129202 586 128616 125536 1126 994 715 413 279 288 124410 302
is_linear=0
shrinkage=0.05


Tree=72
num_leaves=15
num_cat=0
split_feature=31 24 35 29 32 32 46 27 33 27 17 44 27 48
split_gain=23.3462 23.9141 21.989 28.3669 21.8586 21.6615 21.0276 21.2139 23.3245 39.7913 34.9983 45.8904 35.8844 62.1498
threshold=0.6348484754562379 0.96962669491767894 0.003458701074123383 0.15003100782632831 6.5978271961212167 4.7223107814788827 0.98788693547248851 6.6247289180755624 1.4978661537170412 2.9700856208801274 0.064583335071802153 0.06820999458432199 3.3497501611709599 0.67052912712097179
decision_type=2 2 2 2 2 2 2 2 2 2 2 2 2 2
left_child=5 2 4 -4 6 -1 7 8 -2 -10 12 -12 13 -11
right_child=1 -3 3 -5 -6 -7 -8 -9 9 10 11 -13 -14 -15
leaf_value=-0.0010132296442353092 -0.00031092964327375066 0.0021164579881794562 0.0099352082370602265 0.0014057277333080534 -0.0026404559478288743 0.0053440360480955795 0.0052658839474197024 0.0047560240880682248 -0.0023291156725103106 -0.002077963657085301 0.015217296266771633 0.00067707219581064116 0.00010507196861076333 0.0069518179036785329
leaf_weight=58366.710188746452 135102.88466006517 15921.976865014061 1171.7265765797347 5594.0372461099178 7534.4076924324036 1361.6237010527402 1944.3161341566592 2351.7807807922363 6617.2964165210724 2798.825345993042 1095.4958660267293 1067.7433982416987 16690.893158841878 5935.2817482948303
leaf_count=15525 180868 21378 710 34088 608 3905 225 257 839 348 54 175 4101 474
internal_value=1.80873e-06 0.000256557 9.88553e-05 0.00289539 -5.75265e-06 -0.000867433 0.000108739 5.00226e-05 -1.56232e-05 0.00115051 0.00198567 0.00807659 0.00146447 0.00405918
internal_weight=263555 203827 187905 6765.76 181139 59728.3 173605 171660 169308 34205.5 27588.2 2163.24 25425 8734.11
internal_count=263555 244125 222747 34798 187949 19430 187341 187116 186859 5991 5152 229 4923 822
is_linear=0
shrinkage=0.05


Tree=73
num_leaves=15
num_cat=0
split_feature=47 49 18 29 29 34 26 37 38 46 47 33 48 0
split_gain=22.295 23.9881 32.0859 27.2085 55.1339 42.5144 46.365 33.0115 32.7698 29.8124 28.4969 51.4174 28.0272 26.9309
threshold=3.4498615264892583 0.13772676140069964 6.239300251007081 0.11180720850825311 0.12460341304540636 0.023835757747292522 0.78429695963859569 1.0000000180025095e-35 1.2424533367156985 0.8019607961177827 3.496048212051392 0.89587974548339855 0.51418229937553417 1.0000000180025095e-35
decision_type=2 2 2 2 2 2 2 2 2 2 2 2 2 2
left_child=-1 -2 -3 5 -5 -4 -7 -8 10 -9 11 -6 -12 -14
right_child=1 2 3 4 8 6 7 9 -10 -11 12 -13 13 -15
leaf_value=-0.0013057705993578929 -0.0002622173605635582 0.004102939000830883 -0.0048941403608038069 -0.010260531130002744 -0.003173986723277344 -0.0037005802116037347 0.0010950959713227604 0.023420419508928592 0.0075564957731296531 0.00948063575649046 0.0091772715365191059 0.016829057589344353 -0.00042173087587144497 0.0016536297178895562
leaf_weight=29001.634556174278 137250.88250996172 6690.0465484391898 990.80730776488781 1204.7979003153741 586.61371803283691 816.90666007995605 789.58424961194396 519.53872787952423 1589.4623868465424 1505.4105239510536 853.14559309929609 693.03372502326965 59926.358285626397 21136.777086062357
leaf_count=9099 35818 106046 181 146 450 160 434 23 54 403 137 545 79440 30619
internal_value=1.80063e-06 0.000163526 0.000764026 0.000517084 0.000315963 0.0042499 0.00675136 0.00978735 0.000467447 0.0131547 0.000331118 0.00770579 0.000214989 0.000119545
internal_weight=263555 234553 97302.5 90612.4 85990.2 4622.25 3631.44 2814.53 84785.4 2024.95 83195.9 1279.65 81916.3 81063.1
internal_count=263555 254456 218638 112592 111391 1201 1020 860 111245 426 111191 995 110196 110059
is_linear=0
shrinkage=0.05


Tree=74
num_leaves=15
num_cat=0
split_feature=2 43 38 37 27 33 30 29 17 15 3 45 3 34
split_gain=21.4487 32.8609 23.8521 28.4805 31.9647 27.3755 45.1635 43.0091 26.7873 31.9794 21.4765 21.2368 37.3265 21.1853
threshold=0.007272823480889202 2.5249279737472539 1.0000000180025095e-35 1.0000000180025095e-35 5.1924936771392831 1.0000000180025095e-35 7.1898827513905427e-07 0.12460341304540636 0.016807910054922107 0.023900603875517849 0.0099504948593676108 0.0023170341737568383 0.0085838492959737795 0.089280914515256896
decision_type=2 2 2 2 2 2 2 2 2 2 2 2 2 2
left_child=11 -2 3 4 -3 6 10 -8 -4 -10 -5 13 -13 -1
right_child=1 2 8 5 -6 -7 7 -9 9 -11 -12 12 -14 -15
leaf_value=-0.00081296577592172088 -0.0035016077042455043 -0.0022679280074354934 0.011600291508094355 0.0066995843036765481 0.0018616969083796 0.0013005718149959151 -0.0027502598915375362 0.015142359194555151 -0.0046571219466993502 0.0055547742961625903 0.027216417373605681 -0.0020083315997533675 -0.016266374971764253 0.00025375450228325565
leaf_weight=77406.103647148237 4153.4735978841782 12414.396033167839 1030.4600706100464 216.82422102987766 7514.0287137180567 33570.628960693255 1082.337540699169 475.46268045902252 1087.5711894035339 2539.302922129631 331.56488531827927 4517.4523254092783 501.54500308446586 116713.84798811376
leaf_count=19999 1189 2033 107 230 33600 25725 59 741 96 257 134 1164 99 178122
internal_value=1.80412e-06 0.000794811 0.00109146 0.000803134 -0.000710697 0.00164869 0.00716507 0.00277257 0.00452484 0.0024882 0.0193696 -0.000254739 -0.00346264 -0.000171624
internal_weight=263555 64416.1 60262.6 55605.2 19928.4 35676.8 2106.19 1557.8 4657.33 3626.87 548.389 199139 5019 194120
internal_count=263555 64171 62982 62522 35633 26889 1164 800 460 353 364 199384 1263 198121
is_linear=0
shrinkage=0.05


Tree=75
num_leaves=15
num_cat=0
split_feature=15 26 0 44 36 27 41 49 2 20 25 19 38 37
split_gain=20.0563 22.938 30.2799 26.2159 32.5411 33.0037 34.8639 33.2075 29.6377 56.2368 35.0049 22.9742 20.7966 20.6852
threshold=0.0083683477714657801 0.78063601255416881 0.016261236742138866 0.014510770794004204 0.38750000298023229 2.9174053668975835 0.70833334326744091 0.098145086318254485 0.0085838492959737795 2.643577357019922e-08 0.00023369405244011435 0.0083241225220263022 1.2424533367156985 2.0126758217811589
decision_type=2 2 2 2 2 2 2 2 2 2 2 2 2 2
left_child=-1 2 -2 12 8 7 -7 -6 10 -10 11 -5 13 -3
right_child=1 3 -4 4 5 6 -8 -9 9 -11 -12 -13 -14 -15
leaf_value=-0.00048661980198836784 -0.00034093235035585409 -0.0017743679899802026 0.010466830143165181 0.020134268030363389 0.0015296405225852119 0.0006086616115617944 0.0073791891362082786 0.012209385029978101 0.02043775032977628 -0.0020802154229307471 0.015530084924860044 -0.0028064027369242603 -0.012424485613280547 0.010168284229465764
leaf_weight=116930.13698326796 71611.341544274241 6752.7668838649988 643.99528527259827 108.25095748901367 1657.2250508069992 58808.101660458371 1955.0692561864853 1292.6080175638199 769.78459930419922 427.59708763659 392.54825282096863 1409.3746917955577 422.98321151733398 373.21629660949111
leaf_count=107934 17576 1918 78 3 186 133409 89 97 15 675 17 1487 14 57
internal_value=1.7848e-06 0.000391283 -0.00024317 0.00100765 0.00132321 0.00107897 0.000827683 0.00623491 0.00631133 0.0124457 0.00242122 -0.00104897 -0.00178365 -0.00113551
internal_weight=263555 146625 72255.3 74369.5 66820.6 63713 60763.2 2949.83 3107.56 1197.38 1910.17 1517.63 7548.97 7125.98
internal_count=263555 155621 17654 137967 135978 133781 133498 283 2197 690 1507 1490 1989 1975
is_linear=0
shrinkage=0.05


Tree=76
num_leaves=15
num_cat=0
split_feature=22 33 27 17 44 27 48 49 44 38 0 27 22 43
split_gain=19.7798 20.2216 39.0643 34.4906 53.8839 35.2734 53.4826 27.2217 42.2242 40.2787 23.4226 27.9889 22.9041 31.0728
threshold=6.3437817096710214 1.4978661537170412 2.9700856208801274 0.064583335071802153 0.072409849613904967 3.3497501611709599 0.67052912712097179 0.12019312381744386 0.090817842632532134 1.6661022305488589 0.0089687905274331587 4.3372693061828622 6.7996129989624032 3.65057384967804
decision_type=2 2 2 2 2 2 2 2 2 2 2 2 2 2
left_child=-1 -2 -3 5 -5 6 -4 12 -9 10 11 -10 13 -7
right_child=1 2 3 4 -6 7 -8 8 9 -11 -12 -13 -14 -15
leaf_value=0.0039180103418382023 -0.00025819470578119 -0.0017385892973440802 -0.0015969032998552478 0.014072783002337981 -0.00015241688434779402 -0.0040413019486700936 0.0066586424372721432 0.011710165769491951 -0.0056701734696311783 0.012736051050147161 0.0069656720260772333 0.00080687539760153316 -0.0023379415622289896 0.010448261783913579
leaf_weight=3175.361445819959 211388.25009639189 11098.820803642273 2919.0057601928711 1351.8241914510727 1301.9113573376089 638.77914488315582 5952.1719689369202 979.86429108679295 2001.6279383897781 685.58939743041992 1214.7377547826618 9752.0324445702136 10239.230256080627 855.79292787238955
leaf_count=97850 155129 4291 359 76 198 189 476 147 349 19 354 2673 1265 180
internal_value=1.84457e-06 -4.60622e-05 0.000869114 0.00163317 0.00711959 0.0012181 0.00394347 0.000300032 0.00173808 0.00101439 0.000385378 -0.000300037 -0.00149338 0.00426973
internal_weight=263555 260380 48991.4 37892.6 2653.74 35238.8 8871.18 26367.7 14633.9 13654 12968.4 11753.7 11733.8 1494.57
internal_count=263555 165705 10576 6285 274 6011 835 5176 3542 3395 3376 3022 1634 369
is_linear=0
shrinkage=0.05


Tree=77
num_leaves=15
num_cat=0
split_feature=29 34 22 15 35 37 37 40 38 49 48 17 26 20
split_gain=19.2324 25.0422 19.4405 17.3298 18.7369 20.7789 32.833 28.0441 22.1102 22.9883 50.1781 41.9763 29.3399 22.6657
threshold=0.9653451442718507 0.86284092068672191 6.8018388748168954 0.00766294775530696 0.0024265680694952611 2.8617925643920903 2.0126758217811589 2.2208422478797733e-06 1.0000000180025095e-35 0.033807665109634406 0.78560954332351696 0.039230769500136382 0.76645019650459301 2.6461354885043423e-08
decision_type=2 2 2 2 2 2 2 2 2 2 2 2 2 2
left_child=3 -2 -3 -1 5 6 8 -8 -5 11 12 13 -11 -10
right_child=1 2 -4 4 -6 -7 7 -9 9 10 -12 -13 -14 -15
leaf_value=-0.00066102876527707264 0.0026409420071490824 6.3874834660818263e-05 -0.0074901480841822812 -0.00028675510226044949 0.0028462040737506464 -0.0035421173336966129 -0.0010436559432208711 0.0041592457283858991 -0.0003483424530374452 0.0042656777801963692 -0.0010592934625311037 0.0067816871876904316 0.013176852363532013 -0.0076512530816171785
leaf_weight=93201.775753205642 14387.637048525736 6515.3897089995444 969.76062774658203 111849.42315744981 6431.9295280147344 3823.231517791748 3659.3089037537575 8824.1508253179491 3771.7897173166275 2591.6708472967148 3001.7184013128281 1618.420289516449 1439.1010546684265 1469.6923979520798
leaf_count=54015 91127 2750 22 93162 16790 627 1512 2137 318 211 527 75 127 155
internal_value=1.85009e-06 0.00142128 -0.000923496 -0.000126665 0.000208779 8.91651e-05 0.000189853 0.00263449 -5.3037e-05 0.00182751 0.00383418 -0.000232234 0.00747196 -0.00240672
internal_weight=263555 21872.8 7485.15 241682 148480 142049 138225 12483.5 125742 13892.4 7032.49 6859.9 4030.77 5241.48
internal_count=263555 93899 2772 169656 115641 98851 98224 3649 94575 1413 865 548 338 473
is_linear=0
shrinkage=0.05


Tree=78
num_leaves=15
num_cat=0
split_feature=19 0 22 43 19 46 48 43 23 1 27 4 43 29
split_gain=18.268 39.2439 20.3581 33.6086 46.6124 34.2626 44.8495 27.6796 34.5813 26.039 28.3218 28.8948 21.4949 23.603
threshold=0.013199592940509321 0.016001024283468727 6.8018388748168954 3.5694335699081425 0.015467416960746052 0.70429253578186046 0.51418229937553417 6.5854814052581796 6.5868608951568612 0.010929288342595102 4.2765698432922372 0.015268065501004459 6.5923593044281015 0.05181431025266648
decision_type=2 2 2 2 2 2 2 2 2 2 2 2 2 2
left_child=1 -1 3 9 -5 6 -6 8 -4 -2 -11 -12 -7 -14
right_child=2 -3 7 4 5 12 -8 -9 -10 10 11 -13 13 -15
leaf_value=-0.00095352424230099066 -0.00046050968468712151 0.0092327132327503312 -0.00025586308336045873 0.012962958118743765 0.019854768622975732 0.0007191089950222356 0.0025587737269333875 -0.0025523499754772365 0.005454274383799613 0.0058307631565770335 0.0011683145241924446 -0.013436895854552339 -0.0031441072145748715 0.0047678895805259355
leaf_weight=56787.508612703532 63442.612819841132 951.61852774396539 58852.322904586792 856.57453579641879 551.14186345599592 51610.830208815634 1139.6285725720227 12808.450588226318 2766.5540904998779 3575.6885269880295 2397.0803776979446 384.13769686222076 1100.0594687461853 6330.7909843325615
leaf_count=11334 22910 86 5339 362 2743 216333 530 877 302 959 903 92 52 733
internal_value=1.78007e-06 -0.000784072 0.000222269 0.000596524 0.00144774 0.00128322 0.00828035 -0.000438406 1.35314e-06 -0.000154664 0.00289364 -0.000889848 0.00108148 0.00359395
internal_weight=263555 57739.1 205816 131389 61589 60732.5 1690.77 74427.3 61618.9 69799.5 6356.91 2781.22 59041.7 7430.85
internal_count=263555 11420 252135 245617 220753 220391 3273 6518 5641 24864 1954 995 217118 785
is_linear=0
shrinkage=0.05


Tree=79
num_leaves=15
num_cat=0
split_feature=29 22 33 27 17 44 27 48 38 49 1 0 15 35
split_gain=18.0005 17.6397 18.4221 32.79 30.3232 49.4204 32.8218 47.2379 22.5027 22.1848 22.0494 25.235 39.1799 21.6315
threshold=0.98698467016220104 6.3437817096710214 1.4978661537170412 2.9700856208801274 0.064583335071802153 0.072409849613904967 3.3497501611709599 0.67052912712097179 1.0000000180025095e-35 0.82636931538581859 0.012739370577037336 0.0081634009256958979 0.0099504948593676108 0.044004702940583236
decision_type=2 2 2 2 2 2 2 2 2 2 2 2 2 2
left_child=1 -1 8 -4 6 -6 7 -5 -3 10 11 13 -13 -8
right_child=-2 2 3 4 5 -7 9 -9 -10 -11 -12 12 -14 -15
leaf_value=0.0036426639932604144 0.003000924529694457 -0.00048286891771790147 -0.0016052550711272238 -0.0014901295130080245 0.013279139958227071 -0.00045028190302985512 -0.00078010860996055294 0.0062685224411351791 0.0012297737532732458 0.0080201059922323462 -0.0074206176305443216 0.014457841530318663 0.0012546505069787285 0.0065760655041310762
leaf_weight=3175.361445819959 4899.7649864647537 185848.99365671165 11098.820803642273 2919.0057601928711 1351.8241914510727 1262.4357289019972 19729.881431944668 5952.1719689369202 21377.046092271805 863.88445385731757 973.92009999975562 731.64333962649107 2327.5576805658638 1042.6881384812295
leaf_count=97850 6023 147374 4291 359 76 184 3570 476 1946 481 143 131 444 207
internal_value=1.77025e-06 -5.51572e-05 -0.000101258 0.000778509 0.00149082 0.0066727 0.0010968 0.00371678 -0.000306145 0.000190269 -8.55354e-05 0.00021721 0.00444916 -0.000407876
internal_weight=263555 258655 255480 48253.8 37155 2614.26 34540.8 8871.18 207226 25669.6 24805.7 23831.8 3059.2 20772.6
internal_count=263555 257532 159682 10362 6071 260 5811 835 149320 4976 4495 4352 575 3777
is_linear=0
shrinkage=0.05


Tree=80
num_leaves=15
num_cat=0
split_feature=31 24 34 38 25 25 39 35 22 36 34 33 33 27
split_gain=16.9417 18.2726 18.4417 17.6942 25.8217 24.1984 22.509 19.3346 16.6184 39.9449 24.3461 21.6156 37.5372 35.9954
threshold=0.6348484754562379 0.96962669491767894 0.87828767299652111 0.89587974548339855 3.1132778133269317e-07 3.2190439469559356e-07 0.078011259436607375 0.00099279772257432363 6.7951462268829355 0.74342104792594921 0.87371510267257702 1.4978661537170412 0.89587974548339855 2.9174053668975835
decision_type=2 2 2 2 2 2 2 2 2 2 2 2 2 2
left_child=-1 3 -3 8 6 -6 -5 -7 9 -2 -11 12 -10 -14
right_child=1 2 -4 4 5 7 -8 -9 11 10 -12 -13 13 -15
leaf_value=-0.000738707249272733 0.00030378721334362805 0.0026218788921366911 -0.0018743204596647343 0.0038366933104634579 0.01175264319760717 -0.0025267267096409892 -0.0045018816723497819 0.0066866672001731457 0.00035413774794529096 0.0057162897800899946 0.025023979211864333 0.00092631985992995569 0.0017650578751156492 -0.0018090838542968496
leaf_weight=59728.333889799193 11395.397742217407 13171.79225615412 2750.1846088599414 1516.8710763454437 1091.6671161651611 992.41782081127167 1712.3027580976486 1312.9436260461807 68621.00377202034 2671.6075803227723 165.31048977375031 36367.403661251068 8093.6459722518921 53964.117408752441
leaf_count=19430 184446 20590 788 200 69 127 295 116 12474 7293 141 4144 1118 12324
internal_value=1.76806e-06 0.000218779 0.00184457 8.09279e-05 0.00261675 0.00565324 -0.00058517 0.00272668 -1.19022e-05 0.00162759 0.00692532 -0.000151676 -0.000451726 -0.00134273
internal_weight=263555 203827 15922 187905 6626.2 3397.03 3229.17 2305.36 181278 14232.3 2836.92 167046 130679 62057.8
internal_count=263555 244125 21378 222747 807 312 495 243 221940 191880 7434 30060 25916 13442
is_linear=0
shrinkage=0.05


Tree=81
num_leaves=15
num_cat=0
split_feature=19 0 22 43 19 46 48 43 23 1 27 4 32 48
split_gain=16.2145 34.3757 18.1028 27.9342 40.5983 31.7443 40.3727 25.0285 27.6562 23.1569 24.9504 26.5854 23.2667 22.0543
threshold=0.013199592940509321 0.016001024283468727 6.8018388748168954 3.5694335699081425 0.015467416960746052 0.70429253578186046 0.51418229937553417 3.7256208658218388 6.5923593044281015 0.010929288342595102 4.2765698432922372 0.012903762981295587 3.4175922870635991 0.84394642710685741
decision_type=2 2 2 2 2 2 2 2 2 2 2 2 2 2
left_child=1 -1 3 9 -5 6 -6 8 -4 -2 -11 12 -12 -7
right_child=2 -3 7 4 5 13 -8 -9 -10 10 11 -13 -14 -15
leaf_value=-0.00089719043988340181 -0.00041085902221414569 0.0086363423061110705 -0.00016605197175615966 0.012085137840457304 0.018901687995920929 0.0021848071447849089 0.0024907981487900135 -0.0021567546573841852 0.0051188226184186846 0.0055089762607811212 0.00014472884335336203 -0.0083312617678858725 0.015691654873158861 0.0002087336464438833
leaf_weight=56787.508612703532 63442.612819841132 951.61852774396539 55728.071518421173 856.57453579641879 551.14186345599592 23357.735059257597 1139.6285725720227 16118.702834606171 2580.5532302856445 3575.6885269880295 1695.0609657764435 815.65098452568054 270.50612425804138 35683.945602636784
leaf_count=11334 22910 86 5136 362 2743 14811 530 1100 282 959 713 236 46 202307
internal_value=1.76984e-06 -0.000738597 0.000209496 0.000562413 0.00133845 0.00118491 0.00791995 -0.000413509 6.86773e-05 -0.000122432 0.00275222 -0.000799055 0.00235293 0.000990734
internal_weight=263555 57739.1 205816 131389 61589 60732.5 1690.77 74427.3 58308.6 69799.5 6356.91 2781.22 1965.57 59041.7
internal_count=263555 11420 252135 245617 220753 220391 3273 6518 5418 24864 1954 995 759 217118
is_linear=0
shrinkage=0.05


Tree=82
num_leaves=15
num_cat=0
split_feature=45 18 35 40 0 21 34 4 15 1 39 29 38 31
split_gain=15.5877 23.9414 18.2041 17.1205 17.3658 18.051 14.0499 20.7493 29.1306 23.3925 20.3329 43.3248 27.51 25.5646
threshold=0.0023170341737568383 6.7540209293365487 0.0024265680694952611 0.063231967389583602 0.011696306522935631 0.94657760858535778 0.018415989354252819 0.016001024283468727 0.065891064703464522 0.015268065501004459 0.55288517475128185 0.56455361843109142 0.89587974548339855 0.77951389551162731
decision_type=2 2 2 2 2 2 2 2 2 2 2 2 2 2
left_child=2 -2 6 4 5 -4 7 8 9 -1 11 -8 -13 -12
right_child=1 -3 3 -5 -6 -7 10 -9 -10 -11 13 12 -14 -15
leaf_value=-0.00071597298753221805 -0.0016807556075399931 -0.014372287506144063 0.00041854497501492456 0.011079342964825184 0.0067031538660652845 0.0086683045116626011 0.00056397489652075126 0.0072041502581954957 -0.0079748450202114657 0.0080808351091971511 -0.0014546622109236052 0.0059378765778403206 0.023815207219839388 0.0003194198996233851
leaf_weight=63064.046650944278 5462.4245319478214 389.11981999874115 12069.315100075677 468.15253067016602 1409.4916352685541 691.70435535907745 89809.791834194213 817.08967036008835 1361.8636240363121 754.94427862763405 33034.070957362652 1300.770294515416 251.04353332519531 52671.170962182805
leaf_count=12818 1486 13 41759 19 4277 70 35084 90 226 104 7883 7476 4 152246
internal_value=1.79329e-06 -0.00254781 5.97824e-05 0.00177156 0.00145646 0.000872156 -4.33788e-05 -0.000665978 -0.000765726 -0.000610662 0.000188707 0.000707617 0.00896394 -0.000364469
internal_weight=263555 5851.54 257703 14638.7 14170.5 12761 243065 65997.9 65180.9 63819 177067 91361.6 1551.81 85705.2
internal_count=263555 1499 262056 46125 46106 41829 215931 13238 13148 12922 202693 42564 7480 160129
is_linear=0
shrinkage=0.05


Tree=83
num_leaves=15
num_cat=0
split_feature=2 43 38 17 15 37 27 47 34 15 15 1 32 15
split_gain=14.8839 25.0639 17.1583 25.0222 26.1682 21.5045 25.9779 23.1734 46.8694 49.4485 42.6212 66.4053 33.8902 32.3212
threshold=0.007272823480889202 2.5249279737472539 1.0000000180025095e-35 0.016807910054922107 0.023900603875517849 1.0000000180025095e-35 5.1924936771392831 3.8815106153488164 0.47797736525535589 0.043982923030853278 0.040608879178762443 0.012422839645296337 2.9174053668975835 0.053412454202771194
decision_type=2 2 2 2 2 2 2 2 2 2 2 2 2 2
left_child=-1 -2 5 -4 -5 6 -3 12 9 10 11 -9 -7 -11
right_child=1 2 3 4 -6 7 -8 8 -10 13 -12 -13 -14 -15
leaf_value=-0.00021191471007116333 -0.0030898381051591237 -0.0020423504569547662 0.01067060938783481 -0.0045948207598274175 0.0046416433985964761 0.0022915258276802958 0.0016805160199343341 0.002414072758399484 -0.00034112703614706352 0.015691349634063659 -0.0088160043068019282 0.022434065507555407 -0.0026733024284860789 0.0057637354947102752
leaf_weight=199138.94896375574 4153.4735978841782 12414.396033167839 1030.4600706100464 1087.5711894035339 2539.302922129631 6841.0019683241844 7514.0287137180567 8121.1275105327368 9042.948441432789 1277.4462854061276 764.12748177535832 426.76428100652993 6888.0315967798233 2315.3707229420543
leaf_count=199384 1189 2033 107 96 257 1984 33600 2529 20192 142 79 44 1742 177
internal_value=1.79202e-06 0.000662386 0.00092147 0.00383348 0.00186694 0.000676923 -0.000638502 0.00141167 0.00241915 0.00435216 0.00242467 0.00343864 -0.000199525 0.00932731
internal_weight=263555 64416.1 60262.6 4657.33 3626.87 55605.2 19928.4 35676.8 21947.8 12904.8 9312.02 8547.89 13729 3592.82
internal_count=263555 64171 62982 460 353 62522 35633 26889 23163 2971 2652 2573 3726 319
is_linear=0
shrinkage=0.05


Tree=84
num_leaves=15
num_cat=0
split_feature=29 22 33 27 27 48 17 15 49 44 19 38 49 23
split_gain=14.9048 15.1195 15.0564 27.5726 26.0866 48.6738 27.269 34.8011 20.0008 40.8503 99.1454 35.9644 25.1206 18.4061
threshold=0.98698467016220104 6.3437817096710214 1.4978661537170412 2.9700856208801274 3.3497501611709599 0.66902577877044689 0.064583335071802153 0.039033297449350364 0.12019312381744386 0.1282993480563164 0.06111575290560723 1.6661022305488589 0.32763376832008367 6.6019089221954355
decision_type=2 2 2 2 2 2 2 2 2 2 2 2 2 2
left_child=1 -1 -3 -4 5 -5 8 -8 -6 10 -10 12 -11 -14
right_child=-2 2 3 4 6 -7 7 -9 9 11 -12 -13 13 -15
leaf_value=0.0033734776408273813 0.0027308838824401083 -0.00027792456409666795 -0.0014832477960734333 -0.0016324796350200973 -0.0013772307852198866 0.006034513150550716 0.013497519936267464 8.5049500742368081e-05 -0.0017622298123317363 -0.0040796239634463757 0.021739735568746026 0.01141148976086688 0.0019074970229376988 -0.0061797303251192263
leaf_weight=3175.361445819959 4899.7649864647537 207226.03974898346 11098.820803642273 3024.580620765686 11731.340808402747 6524.8755593299866 889.11948596313596 1046.8619834240526 1035.8873800300062 3164.5171547047794 779.88749592378736 685.58939743041992 7505.8795252721757 766.47338271141052
leaf_count=97850 6023 149320 4291 374 1633 496 90 135 144 492 119 19 2477 92
internal_value=1.78554e-06 -5.0016e-05 -9.2697e-05 0.000702656 0.00135584 0.00360699 0.000576091 0.00628257 0.000143434 0.0014234 0.00839581 0.000372966 -0.000298135 0.00115162
internal_weight=263555 258655 255480 48253.8 37155 9549.46 27605.6 1935.98 25669.6 13938.2 1815.77 12122.5 11436.9 8272.35
internal_count=263555 257532 159682 10362 6071 870 5201 225 4976 3343 263 3080 3061 2569
is_linear=0
shrinkage=0.05


Tree=85
num_leaves=15
num_cat=0
split_feature=29 22 33 27 27 48 17 44 49 1 38 26 48 45
split_gain=13.7801 13.5447 13.776 25.1956 23.1688 43.9369 24.316 33.9607 19.753 18.6791 17.7326 17.8093 18.1264 17.7365
threshold=0.98967257142066967 6.3437817096710214 1.4978661537170412 2.9700856208801274 3.3497501611709599 0.66902577877044689 0.064583335071802153 0.06820999458432199 0.83699476718902599 0.0091326101683080214 1.0000000180025095e-35 0.66877639293670665 0.77161052823066723 4.8245809125546668e-07
decision_type=2 2 2 2 2 2 2 2 2 2 2 2 2 2
left_child=1 -1 10 -4 5 -5 8 -8 9 -6 -3 12 -12 -13
right_child=-2 2 3 4 6 -7 7 -9 -10 -11 11 13 -14 -15
leaf_value=0.003205333289963642 0.0035428462268431628 -0.00040694604871829572 -0.0014091521696857471 -0.0015511246234260717 0.00048430133319961186 0.0057332491662101456 0.012623836544036555 -0.00051846672781728157 0.0076191417642251548 -0.0033442074830174447 0.00073251005706921135 -0.00033739439672075664 -0.0043399464818768795 0.0038183367825234656
leaf_weight=3175.361445819959 2709.0667765140533 187670.16673505679 11098.820803642273 3024.580620765686 21437.448394194245 6524.8755593299866 955.91698133945465 999.39025020040572 850.56852589733899 3731.7575938366354 7516.7985923290253 3839.2985237836838 2289.3741805553436 7731.5747956037521
leaf_count=97850 1875 151407 4291 374 3984 496 59 173 492 608 635 227 130 954
internal_value=1.77971e-06 -3.51311e-05 -7.51873e-05 0.00068278 0.00130173 0.00342687 0.000575337 0.00593813 0.000170213 -8.44421e-05 -0.000251511 0.00111261 -0.000454933 0.00244033
internal_weight=263555 260846 257671 48623.4 37524.5 9549.46 27975.1 1955.31 26019.8 25169.2 209047 21377 9806.17 11570.9
internal_count=263555 261680 163830 10477 6186 870 5316 232 5084 4592 153353 1946 765 1181
is_linear=0
shrinkage=0.05


Tree=86
num_leaves=15
num_cat=0
split_feature=15 50 49 38 27 0 19 36 40 37 27 44 48 19
split_gain=13.4619 16.8227 16.3728 22.1614 21.3649 47.8113 28.3779 24.316 32.9565 20.9602 19.9701 40.7558 28.752 32.1972
threshold=0.0083683477714657801 0.12144960090517999 0.046489788219332702 1.2424533367156985 2.9174053668975835 0.010582306887954475 0.070778686553239836 0.38750000298023229 2.2390057665688805e-06 0.89587974548339855 6.6180710792541513 0.050073413178324706 0.88331687450408947 0.53052240610122692
decision_type=2 2 2 2 2 2 2 2 2 2 2 2 2 2
left_child=-1 2 -2 4 5 -4 -7 8 -6 -10 -9 -12 13 -13
right_child=1 -3 3 -5 7 6 -8 10 9 -11 11 12 -14 -15
leaf_value=-0.00039839653558015561 -0.00028421806182476897 -0.018951272069591726 0.00031577914829854399 0.0059951893144633726 0.011668622701022247 0.019765548628522488 0.005411084783984302 -0.00025945380259266972 0.011130772679521821 -0.0017179017095786111 0.01166161658054469 0.014846594315130657 -4.0330263100817054e-05 0.0027431762946049827
leaf_weight=116930.13698326796 61673.060000579804 103.14933359622955 2783.7741171717644 1984.1167979240417 1111.1189937591553 598.70806127786636 817.74998933076859 51409.406148081645 388.37160374596715 1552.9742822684348 935.00208151340485 595.7768771648407 16651.082028985023 6020.5724802017212
leaf_count=107934 16148 21 1362 59 28 92 299 128751 1131 1203 118 141 4635 1633
internal_value=1.73977e-06 0.000320845 0.000335705 0.000786282 0.000660851 0.00413105 0.0115745 0.000475061 0.00484285 0.00089638 0.000298115 0.00148209 0.00106819 0.0038538
internal_weight=263555 146625 146522 84848.7 82864.5 4200.23 1416.46 78664.3 3052.46 1941.35 75611.8 24202.4 23267.4 6616.35
internal_count=263555 155621 155600 139452 139393 1753 391 137640 2362 2334 135278 6527 6409 1774
is_linear=0
shrinkage=0.05


Tree=87
num_leaves=15
num_cat=0
split_feature=45 18 34 39 29 4 4 1 3 41 39 20 48 49
split_gain=13.3069 21.0099 15.8444 26.2962 34.1633 25.8448 29.8137 26.7606 25.5757 31.9547 37.954 30.2426 27.8834 23.8204
threshold=0.0023170341737568383 6.7540209293365487 0.057724904268980033 0.55288517475128185 0.56455361843109142 0.016001024283468727 0.015268065501004459 0.015268065501004459 0.0066007319837808618 0.63333335518836986 0.055779127404093749 2.5789598012693208e-08 0.8732953965663911 0.040111357346177108
decision_type=2 2 2 2 2 2 2 2 2 2 2 2 2 2
left_child=2 -2 5 4 8 6 7 -1 11 10 12 -4 -10 -6
right_child=1 -3 3 -5 13 -7 -8 -9 9 -11 -12 -13 -14 -15
leaf_value=-0.00054268178558661577 -0.0015417538235722138 -0.01343073933102624 -0.0034615737369682441 -0.00018269316621008006 0.021491531833463726 0.0070260364848624525 -0.0076236470725109641 0.006778112741362168 0.0030673051461693954 0.0090533175789084853 0.0010044834729200057 0.00071325131567046463 0.014918678930467933 0.0054256410204546433
leaf_weight=89922.368994150311 5462.4245319478214 389.11981999874115 4830.0482055544853 95729.854472842067 266.40634958259761 1128.0873013231903 1458.0953877754509 1255.9106882214546 1142.6562640666962 1655.7053205966949 16148.895748184994 41808.069958949462 876.60912364535034 1480.747612029314
leaf_count=21109 1486 13 1501 200096 2056 124 200 192 293 113 6036 22150 85 8101
internal_value=1.77019e-06 -0.00235392 5.53489e-05 0.000351843 0.00110197 -0.000463028 -0.000554975 -0.000441111 0.000919887 0.00242384 0.00181503 0.000280239 0.00826042 0.00798374
internal_weight=263555 5851.54 257703 163939 68209.1 93764.5 92636.4 91178.3 66462 19823.9 18168.2 46638.1 2019.27 1747.15
internal_count=263555 1499 262056 240431 40335 21625 21501 21301 30178 6527 6414 23651 378 10157
is_linear=0
shrinkage=0.05


Tree=88
num_leaves=15
num_cat=0
split_feature=24 32 27 34 24 43 38 27 21 21 44 27 27 18
split_gain=12.9613 14.9371 15.7864 14.5705 22.0259 32.6388 24.665 23.778 20.8203 32.6614 69.7243 19.04 17.7821 16.5864
threshold=0.96842613816261303 6.5978271961212167 6.6247289180755624 0.77324184775352489 0.11379214748740198 6.5923593044281015 1.6661022305488589 4.3502571582794198 0.93550211191177379 0.9344167709350587 0.1469623148441315 6.6220710277557382 6.620739459991456 6.2314648628234872
decision_type=2 2 2 2 2 2 2 2 2 2 2 2 2 2
left_child=1 2 3 4 6 8 -1 -7 9 13 -11 12 -5 -6
right_child=-2 -3 -4 11 5 7 -8 -9 -10 10 -12 -13 -14 -15
leaf_value=-0.00028976306558088031 0.0012941441604465897 -0.0021898216191226418 0.0032566466775154432 -0.0010923124235850802 0.0028301139248208275 0.0090108910858022872 -0.0063770113176785789 0.0018717694794835437 -0.00027606237856791908 0.013282417445506949 0.0012868133473819111 -0.0063107319839109657 0.0042529054469756583 7.903872309954942e-05
leaf_weight=111823.85587175377 18060.239141901955 8202.1727538108826 3608.069874048233 27431.478102941066 6978.8849412109703 1888.5307083129883 1679.2776908874512 3042.5113564133644 46257.924148520455 1684.5277034044266 4257.5645323991776 1640.4835197925568 1639.7084126472473 25359.77102082409
leaf_count=28837 27689 682 574 47323 77644 47 51 364 10744 188 1376 490 649 66897
internal_value=1.76266e-06 -9.33624e-05 -2.08077e-05 -7.15485e-05 8.20457e-05 0.000668663 -0.000380378 0.00461867 0.000437744 0.00130014 0.00470406 -0.00108635 -0.000789466 0.000673429
internal_weight=263555 245495 237293 233685 202973 89469.7 113503 4931.04 84538.7 38280.7 5942.09 30711.7 29071.2 32338.7
internal_count=263555 235866 235184 234610 186148 157260 28888 411 156849 146105 1564 48462 47972 144541
is_linear=0
shrinkage=0.05


Tree=89
num_leaves=15
num_cat=0
split_feature=31 37 22 37 48 27 4 48 28 26 49 31 27 39
split_gain=12.6728 15.7386 47.5019 44.7869 33.7583 28.4171 34.1159 25.6394 63.9757 27.5311 29.8025 25.5861 22.7084 35.1567
threshold=0.6348484754562379 0.89587974548339855 6.7951462268829355 1.4978661537170412 1.0000001788139345 2.9174053668975835 0.0082305916585028189 0.84394642710685741 3.2384861707687382 0.97743862867355358 0.40888415277004247 0.83602148294448864 2.9700856208801274 0.28570264577865606
decision_type=2 2 2 2 2 2 2 2 2 2 2 2 2 2
left_child=-1 12 -3 4 5 6 -4 8 11 -9 -11 -7 13 -2
right_child=1 2 3 -5 -6 7 -8 9 -10 10 -12 -13 -14 -15
leaf_value=-0.00063871287602036339 0.0010514408009294465 0.0048721691001529822 -0.00038960869692964263 0.00075760161393967525 -0.010179573156078134 -0.0011960542907312652 0.0081649314791133881 -0.0037393552183390293 0.0046522856554148768 -0.00406297416239785 0.0080228731128215262 -0.0082540835227711048 0.00050352054134195328 0.010017082172237908
leaf_weight=59728.333889799193 3346.7289481759071 4459.2004250790924 3559.8625502586365 49007.200230002403 1030.5078744888306 34827.104457616806 1722.1633915901184 15447.403322219849 4852.0656694173813 940.43321514129639 1092.8222597837448 1323.6343822479248 80601.547783488408 1615.9913795590401
leaf_count=19430 452 14459 367 8537 295 5523 137 4032 1301 47 184 258 208233 300
internal_value=1.71367e-06 0.000189403 -0.000184315 -0.000382856 -0.0012454 -0.00109944 0.00240969 -0.00141674 -0.000732827 -0.00301958 0.00244033 -0.00145669 0.000705897 0.00398516
internal_weight=263555 203827 118262 113803 64796 63765.5 5282.03 58483.5 41002.8 17480.7 2033.26 36150.7 85564.3 4962.72
internal_count=263555 244125 35140 20681 12144 11849 504 11345 7082 4263 231 5781 208985 752
is_linear=0
shrinkage=0.05


Tree=90
num_leaves=15
num_cat=0
split_feature=24 45 18 35 40 24 21 0 49 27 47 48 48 22
split_gain=12.2531 11.3638 18.9926 13.3554 14.651 15.6468 13.7898 15.6139 14.2997 18.0872 13.7693 31.373 28.3463 26.9602
threshold=0.98617529869079601 0.0023170341737568383 6.7540209293365487 0.0024265680694952611 0.0060050738975405702 0.12610819935798648 0.94657760858535778 0.010929288342595102 0.12558453530073169 3.1457846164703374 6.6127126216888437 1.000000059604645 1.0000001788139345 6.8018388748168954
decision_type=2 2 2 2 2 2 2 2 2 2 2 2 2 2
left_child=1 3 -3 10 6 -6 7 -5 -9 -10 11 -1 13 -12
right_child=-2 2 -4 4 5 -7 -8 8 9 -11 12 -13 -14 -15
leaf_value=-2.5786500509758276e-05 0.005532165218262889 -0.0014240837587040688 -0.012727674586832955 6.8551484426087909e-05 -0.0053564939969326176 0.010621174101508479 0.0077934113217616625 -0.0035934562393955139 0.015805162438339741 0.0029840841239848156 0.00064809819142848586 0.003359236897918116 -0.0095401810803652821 -0.0023247733373682219
leaf_weight=203696.50013585761 987.7162863612175 5462.4245319478214 389.11981999874115 11314.289936259389 184.52246530912817 762.66540588252246 714.40636456012726 328.298171043396 452.81025278568268 693.00100316479802 16003.815170526505 7073.003228450194 939.68345165252686 14552.74355506897
leaf_count=167673 466 1486 13 38321 42 2980 74 48 32 4564 2315 44300 269 972
internal_value=1.64616e-06 -1.93682e-05 -0.00219619 3.03335e-05 0.00150647 0.00748511 0.00108185 0.000701122 0.00552314 0.00814372 -5.77693e-05 8.79621e-05 -0.00103271 -0.000768047
internal_weight=263555 262567 5851.54 256716 14450 947.188 13502.8 12788.4 1474.11 1145.81 242266 210770 31496.2 30556.6
internal_count=263555 263089 1499 261590 46061 3022 43039 42965 4644 4596 215529 211973 3556 3287
is_linear=0
shrinkage=0.05


Tree=91
num_leaves=15
num_cat=0
split_feature=29 32 0 24 34 23 27 1 4 0 18 1 15 27
split_gain=11.4288 11.2715 24.3049 14.9807 15.5684 13.8087 32.9934 20.3161 22.2757 18.5289 14.9328 14.5264 18.5457 20.6973
threshold=0.98967257142066967 6.5978271961212167 0.0085838492959737795 0.12610819935798648 0.34719766676425939 4.1666352748870858 4.3372693061828622 0.016261236742138866 0.012579114176332952 0.016261236742138866 6.2275238037109384 0.010929288342595102 0.018076570704579357 2.9174053668975835
decision_type=2 2 2 2 2 2 2 2 2 2 2 2 2 2
left_child=1 5 3 -3 -5 7 -7 8 11 10 -8 -1 -13 -14
right_child=-2 2 -4 4 -6 6 9 -9 -10 -11 -12 12 13 -15
leaf_value=-0.00021322831775131949 0.0032264359270280461 0.0010164988322898174 0.0051041453739949644 -0.0093042341585295087 -0.0026544331986311925 0.0064820179416071114 0.0033700290790173782 0.0065645355104090508 -0.002441646054837706 -0.011787864071249939 0.00029556865481864431 -0.0026470100496794012 0.0098489915107380088 0.0017925496154577985
leaf_weight=161513.68490853906 2709.0667765140533 2288.4463362693787 1177.1751708984375 1025.3184103965759 5999.0532126426697 2336.6620801687241 4226.4986726231873 1098.1929405927658 10673.183420524001 298.12321062944829 58353.96097613126 2105.7024917006493 866.87796413898468 8883.0532070994377
leaf_count=34934 1875 98 148 76 602 171 85917 116 2014 715 134619 441 365 1464
internal_value=1.58628e-06 -3.20284e-05 -0.00163691 -0.00249357 -0.00363692 3.52795e-05 0.000660889 -0.000185113 -0.000225744 0.000443571 0.000503714 -8.91923e-05 0.00159935 0.00251821
internal_weight=263555 260846 10490 9312.82 7024.37 250356 65215.2 185141 184043 62878.6 62580.5 173369 11855.6 9749.93
internal_count=263555 261680 924 776 678 260756 221422 39334 39218 221251 220536 37204 2270 1829
is_linear=0
shrinkage=0.05


Tree=92
num_leaves=15
num_cat=0
split_feature=15 50 21 21 3 30 22 39 39 25 36 20 35 19
split_gain=11.0066 15.5567 13.2372 16.915 14.2516 12.1206 18.3296 18.5119 18.8783 16.266 15.4384 29.7873 24.0615 25.1414
threshold=0.0083683477714657801 0.12144960090517999 0.95875135064125072 0.95429202914237987 0.0082305916585028189 0.0018469790811650457 6.8018388748168954 0.25448337197303778 0.093688156455755248 0.01466258615255356 0.27525253593921667 2.6000781971902146e-08 0.0011636714334599676 0.06111575290560723
decision_type=2 2 2 2 2 2 2 2 2 2 2 2 2 2
left_child=-1 2 3 5 -5 9 7 8 -7 10 11 -2 -13 -14
right_child=1 -3 -4 4 -6 6 -8 -9 -10 -11 -12 12 13 -15
leaf_value=-0.00036028767849352042 0.011707074494754251 -0.018242710703786167 0.0052676416250050633 -0.00048379989699006277 -0.0082867820904086974 0.0034029620023111624 -0.0023150967693488836 0.00039962115783941598 0.014694998262521347 -0.0025467428548863421 0.00027730746702596761 -0.0016280275019785327 0.024378411044757721 -0.0021935727234686365
leaf_weight=116930.13698326796 858.9416708946228 103.14933359622955 1321.1979395747185 1329.0122744441032 1037.3794677257538 749.24005579948425 1060.3614816665649 1050.4127328246832 736.98882759176195 4987.2595631480217 131251.20677218959 1792.2279878091067 189.48448818922043 158.00020014680922
leaf_count=107934 30 21 78 133 104 154 98 411 364 1160 152136 633 8 291
internal_value=1.52338e-06 0.000290065 0.000304356 0.000258834 -0.00392495 0.000328419 0.00319003 0.00549132 0.00906323 0.000254269 0.000358506 0.00389984 0.000725919 0.0125728
internal_weight=263555 146625 146522 145201 2366.39 142834 3597 2536.64 1486.23 139237 134250 2998.65 2139.71 347.485
internal_count=263555 155621 155600 155522 237 155285 1027 929 518 154258 153098 962 932 299
is_linear=0
shrinkage=0.05


Tree=93
num_leaves=15
num_cat=0
split_feature=19 0 39 24 1 38 42 17 39 29 49 46 47 37
split_gain=11.0701 24.9414 16.1353 14.6215 16.254 14.6107 15.1764 23.1569 12.5482 34.9669 21.5376 20.345 31.2924 43.274
threshold=0.013199592940509321 0.016001024283468727 0.01161785749718547 0.080984935164451613 0.015268065501004459 1.6661022305488589 1.2424533367156985 0.015504807699471714 0.55288517475128185 0.56455361843109142 0.040111357346177108 0.73842105269432079 3.496048212051392 0.89587974548339855
decision_type=2 2 2 2 2 2 2 2 2 2 2 2 2 2
left_child=1 3 -2 4 5 6 -1 -8 9 -4 -11 -10 13 -13
right_child=2 -3 8 -5 -6 -7 7 -9 11 10 -12 12 -14 -15
leaf_value=-0.00074493498879515713 0.019385166235943288 0.0073752464112893787 0.00042061477215713552 -0.0037586354597325643 0.0061395062922326672 -0.0079793053008632066 -0.0016984121194014764 0.0078978348116258146 -0.0012283137779489821 0.020376089392142575 0.0051006492221168818 -0.0008081868532971838 0.00012067077720054544 0.017323522136359369
leaf_weight=48988.610015939921 99.23004150390625 951.61852774396539 105467.81063071638 3749.5957216620445 887.69839650392532 660.60841369628906 1216.8266468048096 1284.1694180965424 34258.583848178387 266.40634958259761 1480.747612029314 683.09472101926804 62936.572178211063 623.42725718021393
leaf_count=10304 1 86 41120 572 158 20 135 145 8313 2056 8101 544 191524 476
internal_value=1.49287e-06 -0.000610254 0.000173132 -0.000745346 -0.000531649 -0.00064636 -0.000550748 0.00324074 0.000162923 0.000537201 0.00753256 -0.000244476 0.00028028 0.00790951
internal_weight=263555 57739.1 205816 56787.5 53037.9 52150.2 51489.6 2501 205717 107215 1747.15 98501.7 64243.1 1306.52
internal_count=263555 11420 252135 11334 10762 10604 10584 280 252134 51277 10157 200857 192544 1020
is_linear=0
shrinkage=0.05


Tree=94
num_leaves=15
num_cat=0
split_feature=20 17 46 31 31 49 23 27 1 4 50 1 40 1
split_gain=10.674 21.1965 13.4221 11.9086 25.047 22.4685 16.9535 30.8636 18.0415 20.2431 16.1989 14.2819 16.6785 41.0704
threshold=2.5523097413326926e-08 0.087121214717626586 0.98660412430763256 0.98091343045234691 0.98356160521507274 0.65210789442062389 4.1666352748870858 4.3372693061828622 0.016261236742138866 0.012579114176332952 0.015564528293907644 0.010929288342595102 2.0233495661159399e-06 0.0064309346489608296
decision_type=2 2 2 2 2 2 2 2 2 2 2 2 2 2
left_child=1 -1 3 6 -5 -6 8 -8 9 11 -9 12 13 -2
right_child=2 -3 -4 4 5 -7 7 10 -10 -11 -12 -13 -14 -15
leaf_value=-0.0010418354951777363 0.0040049722439697375 -0.012670127219232108 0.004114998060206705 -0.0044617842076772668 -0.0024339285896760867 0.0020946083380390785 0.0068464610052912092 0.00076316133277540277 0.0063044782335574326 -0.0023181977599325853 -0.005803530108684533 0.0016890970799448486 -0.0002698881773648655 -0.0045209035906953509
leaf_weight=12267.226067841053 6208.0582988262177 394.9775498509407 2027.221444459632 4455.6992448084056 5129.9423343986273 5853.8178031593561 2075.4139692783356 54376.346371568739 1077.9404029846191 10169.114795193076 945.75006529316306 11361.68012046814 145393.13519915938 1818.6761115789413
leaf_count=5216 398 36 318 2572 1523 5257 138 214038 101 1750 212 1956 29945 95
internal_value=1.54709e-06 -0.00141427 7.30551e-05 3.9966e-05 -0.00130444 -2.07255e-05 0.000128941 0.000875087 -0.00011439 -0.000154298 0.000649873 -2.0625e-05 -0.000147342 0.00206998
internal_weight=263555 12662.2 250893 248866 15439.5 10983.8 233426 57397.5 176029 174951 55322.1 164782 153420 8026.73
internal_count=263555 5252 258303 257985 9352 6780 248633 214388 34245 34144 214250 32394 30438 493
is_linear=0
shrinkage=0.05


Tree=95
num_leaves=15
num_cat=0
split_feature=33 27 27 48 17 44 49 49 44 38 49 23 22 43
split_gain=10.5837 21.9143 21.1579 39.3386 19.4572 48.1398 28.2593 17.1373 36.1055 26.2626 17.7662 21.5906 16.952 25.1204
threshold=1.4978661537170412 2.9700856208801274 3.3497501611709599 0.66902577877044689 0.064583335071802153 0.072409849613904967 0.21209606528282168 0.12019312381744386 0.090817842632532134 1.6661022305488589 0.83699476718902599 6.6032657623291025 6.7996129989624032 3.65057384967804
decision_type=2 2 2 2 2 2 2 2 2 2 2 2 2 2
left_child=-1 -2 3 -3 7 -6 -7 12 -9 10 11 -10 13 -4
right_child=1 2 4 -5 5 6 -8 8 9 -11 -12 -13 -14 -15
leaf_value=-0.00015001561502967327 -0.0012891324474444276 -0.0014398650432434683 -0.003749921533904041 0.0054528544164375156 0.012373616648630396 -0.011402463704326387 0.0062165400248191845 0.010550610562225851 0.00016372454917276411 0.010128183569276999 0.0070562768979627755 -0.0091827723747393997 -0.0019591981319284873 0.0092725918085086977
leaf_weight=214531.2625713367 11098.820803642273 3024.580620765686 638.86820751428604 6524.8755593299866 1081.6811721585691 479.57881339080632 416.4384382031858 980.18195430189371 11493.42645984143 685.58939743041992 860.43021085299551 642.97068667411804 10239.230256080627 857.06462734565139
leaf_count=251940 4291 374 192 496 63 39 209 157 3438 19 774 76 1265 222
internal_value=1.45512e-06 0.000664197 0.00123603 0.00327051 0.000550439 0.00532103 -0.00323552 0.00019115 0.00133047 0.000662729 0.000156019 -0.000338593 -0.0012323 0.0037231
internal_weight=263555 49023.7 37924.9 9549.46 28375.5 1977.7 896.017 26397.8 14662.6 13682.4 12996.8 12136.4 11735.2 1495.93
internal_count=263555 11615 7324 870 6454 311 248 6143 4464 4307 4288 3514 1679 414
is_linear=0
shrinkage=0.05


Tree=96
num_leaves=15
num_cat=0
split_feature=24 34 29 27 39 29 49 49 36 44 22 22 39 37
split_gain=10.4351 9.70801 21.6746 14.9839 11.2225 35.6171 23.1663 22.5312 28.582 39.0533 20.2758 22.9617 31.208 36.7775
threshold=0.98617529869079601 0.86934939026832592 0.9653451442718507 6.6220710277557382 0.55288517475128185 0.52668070793151867 0.031519489362835891 0.046489788219332702 0.47222222387790685 0.1392072215676308 6.8007264137268075 6.7996129989624032 0.34913572669029241 1.2424533367156985
decision_type=2 2 2 2 2 2 2 2 2 2 2 2 2 2
left_child=1 2 4 -3 5 7 -7 -1 9 -9 11 -10 13 -13
right_child=-2 3 -4 -5 -6 6 -8 8 10 -11 -12 12 -14 -15
leaf_value=-0.00049121803956249843 0.0051052182567257864 -0.00037212461736651256 0.0017964880830582258 -0.0049902056778666631 -0.00060199030591018146 0.019105301260120784 0.0040687473881330059 0.0012220755168777118 0.00040073927595210296 0.010687407676729746 -0.00017777017429744201 0.003154059228202442 -0.0037898735258588461 0.012047814645789877
leaf_weight=88927.136715585366 987.7162863612175 6330.9696342777461 16390.963326696306 2421.8899664878845 72370.138790765777 273.32993701286614 2810.6294356156141 3273.4719112664461 13930.552379947156 1625.8760014139116 45618.244075298309 5961.8734822273254 1194.2158377170563 1437.9919981956482
leaf_count=23194 466 2357 92051 469 105514 2028 9833 261 20635 386 5073 927 223 138
internal_value=1.44315e-06 -1.79497e-05 3.85387e-05 -0.00165417 -8.28951e-05 0.000144733 0.00545887 4.32187e-05 0.000693861 0.00437857 0.000428333 0.00165538 0.00368627 0.00489628
internal_weight=263555 262567 253814 8752.86 237423 165053 3083.96 161969 73042.2 4899.35 68142.9 22524.6 8594.08 7399.87
internal_count=263555 263089 260263 2826 168212 62698 11861 50837 27643 647 26996 21923 1288 1065
is_linear=0
shrinkage=0.05


Tree=97
num_leaves=15
num_cat=0
split_feature=45 18 34 4 4 39 29 3 3 39 20 4 2 49
split_gain=9.85724 16.3823 11.5964 21.6303 26.2048 20.6584 24.8114 20.5532 29.5501 37.8716 26.1354 20.3581 36.3252 22.5049
threshold=0.0023170341737568383 6.7540209293365487 0.057724904268980033 0.016001024283468727 0.015038444194942715 0.55288517475128185 0.56455361843109142 0.0066007319837808618 0.0068260179832577714 0.18783860653638842 2.5789598012693208e-08 0.0094788861460983771 0.013423423748463394 0.12558453530073169
decision_type=2 2 2 2 2 2 2 2 2 2 2 2 2 2
left_child=2 -2 3 4 -1 6 7 10 9 -9 -4 12 13 -12
right_child=1 -3 5 -5 -6 -7 -8 8 -10 -11 11 -13 -14 -15
leaf_value=-0.00035913424171956016 -0.0013089675370400362 -0.011807033712294839 -0.0032409477535919281 0.0064553771632187926 -0.0063314842785052649 -0.00017255342723301132 0.0068308168120756463 0.01335121070590293 0.0015264972218392478 -0.0012444418484846194 -0.00026954811968415336 -0.0028168530871407731 0.012724535783508803 0.0022133071484379241
leaf_weight=90771.718412371352 5462.4245319478214 389.11981999874115 4830.0482055544853 1128.0873013231903 1864.656657775864 95729.854472842067 1747.1539616119117 1213.8490603640676 17914.658605605364 695.35879052430391 21427.800039229915 3855.9613613653928 638.49307110160589 15885.815487252548
leaf_count=21233 1486 13 1501 124 268 200096 10157 244 5988 295 7452 2743 121 11834
internal_value=1.46047e-06 -0.00202603 4.75744e-05 -0.000395901 -0.000480021 0.000301228 0.000966096 0.000810919 0.00215914 0.0080565 0.00023751 0.000640052 0.000991925 0.000787807
internal_weight=263555 5851.54 257703 93764.5 92636.4 163939 68209.1 66462 19823.9 1909.21 46638.1 41808.1 37952.1 37313.6
internal_count=263555 1499 262056 21625 21501 240431 40335 30178 6527 539 23651 22150 19407 19286
is_linear=0
shrinkage=0.05


Tree=98
num_leaves=15
num_cat=0
split_feature=29 32 0 24 27 34 46 33 27 40 50 45 38 55
split_gain=9.83754 11.7846 18.0949 15.3353 12.9255 12.4091 12.2708 12.2094 20.7571 19.7798 16.6292 15.04 14.5484 14.7732
threshold=0.98698467016220104 6.5978271961212167 0.0074907417874783286 0.12610819935798648 6.6247289180755624 0.46622106432914739 0.98654103279113781 1.4978661537170412 2.9700856208801274 2.0233495661159399e-06 0.039087479934096343 0.0013109003775753083 1.0000000180025095e-35 1.0000000180025095e-35
decision_type=2 2 2 2 2 2 2 2 2 2 2 2 2 2
left_child=1 4 3 -3 6 -5 7 12 -9 -10 11 -11 13 -1
right_child=-2 2 -4 5 -6 -7 -8 8 9 10 -12 -13 -14 -15
leaf_value=-0.00053668340723911584 0.0022185912938113513 0.00092806631307453381 0.0035147972594988214 -0.0065700222953490525 0.0026040205294729918 -0.0020437588655003009 0.0034014613671244499 -0.0012004184983312239 -0.0038265477802210848 0.0015194023834725462 0.0075874151744327982 -0.0058929484334343356 0.00099956145939982563 0.00098727528991210899
leaf_weight=156785.79925916158 4899.7649864647537 2288.4463362693787 1410.0175232887268 2509.0237908363342 4763.0423157215118 3831.9369049072266 2577.813634486869 11098.820803642273 1783.7727971076965 30752.309020344168 1098.6133447140455 690.26598918065429 21377.046092271805 17688.326980471611
leaf_count=237822 6023 98 177 193 758 399 373 4291 457 6093 153 107 1946 4665
internal_value=1.41694e-06 -4.06676e-05 -0.00171929 -0.0025776 2.71836e-05 -0.00384226 -2.32531e-05 -5.99826e-05 0.000678482 0.00128619 0.00156754 0.00135486 -0.000231281 -0.000382136
internal_weight=263555 258655 10039.4 8629.41 248616 6340.96 243853 241275 45423.8 34325 32541.2 31442.6 195851 174474
internal_count=263555 257532 867 690 256665 592 255907 255534 11101 6810 6353 6200 244433 242487
is_linear=0
shrinkage=0.05


Tree=99
num_leaves=15
num_cat=0
split_feature=2 43 2 36 30 44 3 25 17 38 17 48 37 26
split_gain=9.17095 18.3755 16.1088 12.8797 34.2907 21.845 34.559 20.2087 20.4671 15.736 23.9885 22.9926 16.8649 32.9383
threshold=0.007272823480889202 2.5249279737472539 0.012579114176332952 0.38750000298023229 7.1898827513905427e-07 0.061437902972102172 0.0099504948593676108 0.0047883875668048867 0.064583335071802153 1.0000000180025095e-35 0.016807910054922107 0.77413076162338268 1.4978661537170412 0.62115561962127697
decision_type=2 2 2 2 2 2 2 2 2 2 2 2 2 2
left_child=-1 2 -2 4 5 -3 -7 8 -6 12 -11 -12 -5 -14
right_child=1 3 -4 9 7 6 -8 -9 -10 10 11 -13 13 -15
leaf_value=-0.00016639863948243787 -0.00068297658994404236 0.028352537752664692 -0.0075115203295696127 -0.00015296060909419441 2.9459818644751369e-06 -0.0073983931856968464 0.020242004986517334 -0.012791817052406729 0.011315469831315716 0.010116659680983818 0.0054308045534584284 -0.0026008338554002319 0.0080283282662500996 0.00083564702941870544
leaf_weight=199138.94896375574 2939.0008483529091 183.38450710475445 1214.4727495312691 40853.818515527993 1699.3310570474714 198.22672916017473 241.35705947875977 223.78845525719225 512.85375893302262 1016.8513789176941 1778.8618255853653 1766.7964704036713 1887.3496550135314 9899.9578047990799
leaf_count=199384 892 18 297 58333 919 302 163 43 148 104 147 191 298 2316
internal_value=1.35309e-06 0.000519894 -0.00269288 0.000741739 0.00389749 0.0142667 0.00789047 0.00119821 0.00266466 0.000572334 0.00338591 0.00143259 0.000327879 0.00199315
internal_weight=263555 64416.1 4153.47 60262.6 3058.94 622.968 439.584 2435.97 2212.18 57203.6 4562.51 3545.66 52641.1 11787.3
internal_count=263555 64171 1189 62982 1593 483 465 1110 1067 61389 442 338 60947 2614
is_linear=0
shrinkage=0.05


Tree=100
num_leaves=15
num_cat=0
split_feature=31 37 22 37 48 27 4 27 22 31 25 55 39 4
split_gain=9.22088 13.231 39.7349 35.9882 27.885 22.2897 26.8871 22.6459 47.6684 26.2772 21.5893 21.2268 31.5223 27.9558
threshold=0.6348484754562379 0.89587974548339855 6.7951462268829355 1.4978661537170412 1.0000001788139345 2.9174053668975835 0.0082305916585028189 6.6234009265899667 6.8018388748168954 0.82480818033218395 2.9778691157389408e-07 1.0000000180025095e-35 0.28570264577865606 0.0068260179832577714
decision_type=2 2 2 2 2 2 2 2 2 2 2 2 2 2
left_child=-1 11 -3 4 5 6 -4 9 -9 10 -7 -2 -13 -14
right_child=1 2 3 -5 -6 7 -8 8 -10 -11 -12 12 13 -15
leaf_value=-0.000544898273808782 0.00043939281013528241 0.0044434874405402487 -0.00038040470108382195 0.00065956128311403755 -0.009255813256729516 0.0056421359815270068 0.0072138561584906271 0.0060394877224902678 -0.0027106586125925868 -0.0032976198188962719 -0.0011017779534252062 0.0010274661617849423 0.0048221177024151858 0.018790728815120686
leaf_weight=59728.333889799193 80601.547783488408 4459.2004250790924 3559.8625502586365 49007.200230002403 1030.5078744888306 1218.7047007083893 1722.1633915901184 3034.9531917572021 3175.361328125 16174.301733255386 34880.142352581024 3346.7289481759071 1082.922901570797 533.0684779882431
leaf_count=19430 208233 14459 367 8537 295 62 137 561 8 5385 5329 452 228 72
internal_value=1.38603e-06 0.000161485 -0.000181169 -0.000362753 -0.00113594 -0.00100329 0.0021046 -0.00128429 0.00156833 -0.00162344 -0.000872603 0.00063505 0.00380552 0.00951718
internal_weight=263555 203827 118262 113803 64796 63765.5 5282.03 58483.5 6210.31 52273.1 36098.8 85564.3 4962.72 1615.99
internal_count=263555 244125 35140 20681 12144 11849 504 11345 569 10776 5391 208985 752 300
is_linear=0
shrinkage=0.05


Tree=101
num_leaves=15
num_cat=0
split_feature=24 22 22 22 28 34 49 36 24 31 22 48 31 46
split_gain=9.17871 8.99262 12.3915 19.1555 17.3173 9.24798 18.523 13.5746 13.2237 13.166 12.4074 14.7211 27.7146 21.1078
threshold=0.98617529869079601 6.3437817096710214 6.7855851650238046 6.7900948524475107 5.9851942062377939 0.86934939026832592 0.92200061678886425 0.74342104792594921 0.27775478363037115 0.85357144474983226 6.7929053306579599 0.84394642710685741 0.83602148294448864 0.70820432901382457
decision_type=2 2 2 2 2 2 2 2 2 2 2 2 2 2
left_child=1 -1 4 -4 -3 6 10 -8 9 -7 -5 12 -12 -14
right_child=-2 2 3 5 -6 8 7 -9 -10 -11 11 -13 13 -15
leaf_value=0.0026236739746983138 0.0047880501328627229 0.00020375151173623822 0.0038894066112075856 0.005417863592055744 -0.0050479735885596497 -0.0001304443978639603 0.0038778056056386354 -0.0021055046199200149 -0.0024090575672176978 0.012133906862079602 -5.4081217038354973e-05 -0.00067520577654666997 0.0049432152621939288 0.0010385347912831022
leaf_weight=3175.361445819959 987.7162863612175 3374.7103677298874 3125.043917953968 1020.2641925811768 2923.5600046273321 709.02681481838226 4931.2885893583298 1166.1601008176804 7386.870868563652 306.38059341907501 143394.00304889679 72179.625536441803 4558.0268689393997 14316.961142539978
leaf_count=97850 466 75660 4359 33 33387 225 1802 263 1924 172 26063 16825 321 4205
internal_value=1.37702e-06 -1.6811e-05 -4.92345e-05 5.32336e-06 -0.00223816 -4.33881e-05 1.33633e-05 0.0027319 -0.00167307 0.00365234 -5.71461e-05 -8.12021e-05 0.000183045 0.00198357
internal_weight=263555 262567 259392 253094 6298.27 249969 241566 6097.45 8402.28 1015.41 235469 234449 162269 18875
internal_count=263555 263089 165239 56192 109047 51833 49512 2065 2321 397 47447 47414 30589 4526
is_linear=0
shrinkage=0.05


Tree=102
num_leaves=15
num_cat=0
split_feature=24 23 39 49 31 27 31 49 34 31 20 48 22 48
split_gain=8.74097 11.6503 11.7691 9.5503 9.48779 17.8586 15.6959 12.6313 22.147 14.4273 23.8992 19.185 14.3308 14.0184
threshold=0.96962669491767894 6.6005504131317148 0.8571361005306245 0.81503012776374828 0.97952219843864452 6.620739459991456 0.9795500934123994 0.74791130423545849 0.81730151176452648 0.98421898484230053 0.0011749556288123133 0.86619299650192272 6.7855851650238046 0.83968260884284984
decision_type=2 2 2 2 2 2 2 2 2 2 2 2 2 2
left_child=4 3 -3 -2 5 -1 -6 9 12 11 -11 13 -9 -8
right_child=1 2 -4 -5 6 -7 7 8 -10 10 -12 -13 -14 -15
leaf_value=-7.9847256903048988e-05 0.0031591073142275116 0.0007697178201081144 -0.0058286950684867007 0.00054609081116887149 -0.0079829935619505406 0.0020492650475621779 -0.0015206814041569881 -0.0069501422030919515 -0.0031298504463053651 -0.0027108740873696417 0.0076204993694396249 -0.0038119369390710017 0.003913878073568868 0.0061705637091429184
leaf_weight=216499.12022691779 6153.1911352034658 1704.2060832977295 1107.6672716140747 8094.7029190510511 791.00031781196594 10308.359099626541 1693.547390460968 320.00244364328682 2166.4402550738305 1258.6404684130102 992.8236626163125 7661.4120102636516 3905.0247514247894 898.86174345016479
leaf_count=229436 3395 177 117 17910 224 2261 429 4125 743 267 533 2733 1014 191
internal_value=1.36223e-06 0.00109556 -0.00184101 0.00167599 -7.4408e-05 1.70066e-05 -0.001127 -0.000835943 0.000971251 -0.00175964 0.00185848 -0.00255512 0.00307657 0.00115955
internal_weight=263555 17059.8 2811.87 14247.9 246495 226807 19687.8 18896.8 6391.47 12505.3 2251.46 10253.8 4225.03 2592.41
internal_count=263555 21599 294 21305 241956 231697 10259 10035 5882 4153 800 3353 5139 620
is_linear=0
shrinkage=0.05


Tree=103
num_leaves=15
num_cat=0
split_feature=19 0 39 24 49 3 0 24 18 0 48 30 49 31
split_gain=8.4853 19.763 14.4017 13.5591 13.8107 25.4619 11.9357 20.6563 27.6964 13.05 45.1637 38.5314 30.1426 26.1824
threshold=0.013199592940509321 0.016001024283468727 0.01161785749718547 0.080984935164451613 0.085109576582908644 0.010256679728627207 0.016001024283468727 0.01621407084167004 6.7339966297149667 0.013606071937829258 0.79081574082374584 2.1226643411864647e-06 0.085109576582908644 0.83602148294448864
decision_type=2 2 2 2 2 2 2 2 2 2 2 2 2 2
left_child=1 3 -2 4 -1 -6 9 -8 -9 -4 11 -11 -13 -12
right_child=2 -3 6 -5 5 -7 7 8 -10 10 13 12 -14 -15
leaf_value=-0.0006596831387586955 0.018302208912481667 0.0065740296073384073 0.00010136072359200754 -0.0035562888835019217 -1.4176325863594383e-05 0.0097072216318125487 0.0092894667161859384 0.0030380192640222276 -0.0090597590967217215 0.0013911822807153337 -0.0060569721447906368 0.016534142799214443 0.0033086333083500539 0.0018905359137653414
leaf_weight=49651.114372909069 99.23004150390625 951.61852774396539 195172.28083487228 3749.5957216620445 2470.8334205709398 915.96509756147861 275.64166556112468 702.59765707328916 1413.099878013134 2100.71758986637 1769.2109643220901 1092.1505584008992 717.2133220564574 2473.7301267515868
leaf_count=10116 1 86 241654 572 534 112 14 1500 117 557 297 200 272 7523
internal_value=1.27934e-06 -0.000534306 0.00015155 -0.000654561 -0.000448787 0.00263583 0.000141906 -0.00336254 -0.00504684 0.000183285 0.00214192 0.00601151 0.0113387 -0.00142985
internal_weight=263555 57739.1 205816 56787.5 53037.9 3386.8 205717 2391.34 2115.7 203325 8153.02 3910.08 1809.36 4242.94
internal_count=263555 11420 252135 11334 10762 646 252134 1631 1617 250503 8849 1029 472 7820
is_linear=0
shrinkage=0.05


Tree=104
num_leaves=15
num_cat=0
split_feature=29 35 32 0 24 49 49 45 3 2 27 43 1 46
split_gain=8.26914 8.61276 11.5561 17.3575 17.6418 18.3953 12.7002 12.2536 16.4882 11.0416 10.644 10.7046 12.0393 9.92322
threshold=0.98967257142066967 0.005820546532049776 6.5978271961212167 0.0062696540262550124 0.12610819935798648 0.74791130423545849 0.56462043523788463 0.0013109003775753083 0.0085838492959737795 0.0063898416701704272 6.6247289180755624 3.5694335699081425 0.0074907417874783286 0.98660412430763256
decision_type=2 2 2 2 2 2 2 2 2 2 2 2 2 2
left_child=1 2 7 4 -4 6 -6 10 9 -9 13 12 -12 -1
right_child=-2 -3 3 -5 5 -7 -8 8 -10 -11 11 -13 -14 -15
leaf_value=-2.081929707808786e-05 0.0027443922115829083 0.0022363645975542416 0.00099113094747371993 0.002773160283967898 -0.0038757843190778394 -0.0012362426987807718 -0.010448504852489507 -0.0018927001741265246 -0.00792753072129424 0.0050532808047225241 -0.0011090694471548009 0.0051257185400746556 0.0079320258844004943 0.0031801202606377976
leaf_weight=233562.12375205196 2709.0667765140533 4125.4824662655592 2258.6773238182068 1727.6262073516846 1608.1677703857422 2708.7660698890686 1374.1964077949524 4611.7380564473569 1030.1073142886162 643.26695498265326 2290.1179101467133 2040.6502494812012 428.41118597984314 2436.6013334710151
leaf_count=252259 1875 6109 95 227 146 259 115 1043 161 184 445 223 89 325
internal_value=1.31173e-06 -2.72812e-05 -6.37435e-05 -0.00175777 -0.00274466 -0.00422644 -0.00692912 2.68496e-06 -0.00217501 -0.00103446 5.96227e-05 0.00239822 0.00033956 1.23626e-05
internal_weight=263555 260846 256720 9677.43 7949.81 5691.13 2982.36 247043 6285.11 5255.01 240758 4759.18 2718.53 235999
internal_count=263555 261680 255571 842 615 520 261 254729 1388 1227 253341 757 534 252584
is_linear=0
shrinkage=0.05


Tree=105
num_leaves=15
num_cat=0
split_feature=31 37 22 37 48 27 17 27 22 31 27 39 4 37
split_gain=8.1432 11.4745 34.2594 31.1849 24.2984 20.2974 24.7339 20.2692 38.837 23.6253 19.6477 28.5333 25.4103 22.1553
threshold=0.6348484754562379 0.89587974548339855 6.7951462268829355 1.4978661537170412 1.0000001788139345 2.9174053668975835 0.020620748400688175 6.6234009265899667 6.8018388748168954 0.82480818033218395 2.9700856208801274 0.28570264577865606 0.0068260179832577714 1.0000000180025095e-35
decision_type=2 2 2 2 2 2 2 2 2 2 2 2 2 2
left_child=-1 10 -3 4 5 6 -4 9 -9 -7 11 -2 -13 -12
right_child=1 2 3 -5 -6 7 -8 8 -10 -11 13 12 -14 -15
leaf_value=-0.00051211666820809027 0.00099984074954469443 0.0041268152286310124 -0.0011284952902605237 0.00061564449325063352 -0.0086354611959066994 -0.00080899708585505711 0.005724893343330581 0.0055343971403970724 -0.0023638044988346196 -0.0031083844435767626 -0.00014711042331311781 0.0046008534194086218 0.017918417957980617 0.0016500966325397081
leaf_weight=59728.333889799193 3346.7289481759071 4459.2004250790924 2848.5291495323181 49007.200230002403 1030.5078744888306 36098.847053289413 2433.4967923164368 3034.9531917572021 3175.361328125 16174.301733255386 55869.739724885672 1082.922901570797 533.0684779882431 24731.808058602735
leaf_count=19430 452 14459 296 8537 295 5391 208 561 8 5385 138329 228 72 69904
internal_value=1.25283e-06 0.000151706 -0.000167395 -0.000336005 -0.00105575 -0.00093192 0.0020338 -0.00120008 0.0014987 -0.00152093 0.000592718 0.00364298 0.00907711 0.000404482
internal_weight=263555 203827 118262 113803 64796 63765.5 5282.03 58483.5 6210.31 52273.1 85564.3 4962.72 1615.99 80601.5
internal_count=263555 244125 35140 20681 12144 11849 504 11345 569 10776 208985 752 300 208233
is_linear=0
shrinkage=0.05


Tree=106
num_leaves=15
num_cat=0
split_feature=15 50 21 21 3 30 22 39 39 25 36 36 37 2
split_gain=7.75857 14.2723 10.6478 14.0179 12.6754 10.4682 15.6368 15.3771 16.0603 13.8344 12.8614 12.8507 24.6223 18.6985
threshold=0.0083683477714657801 0.12144960090517999 0.95875135064125072 0.95429202914237987 0.0082305916585028189 0.0018469790811650457 6.8018388748168954 0.25448337197303778 0.12049327418208124 0.01466258615255356 0.70714285969734203 0.27525253593921667 1.2424533367156985 0.0085838492959737795
decision_type=2 2 2 2 2 2 2 2 2 2 2 2 2 2
left_child=-1 2 3 5 -5 9 7 8 -7 11 -10 12 13 -2
right_child=1 -3 -4 4 -6 6 -8 -9 10 -11 -12 -13 -14 -15
leaf_value=-0.00030253399168892652 0.002801212939203259 -0.017507665160917243 0.0047086335500388854 -0.00034789686482416865 -0.007705824085335199 0.0036496651088512772 -0.0021455587355801386 0.00042345772243924354 0.0092342292838770174 -0.002372382970990137 0.024733340480495043 0.00023284706114309428 -0.0025187773002720701 0.012833286063356517
leaf_weight=116930.13698326796 1146.6059429645538 103.14933359622955 1321.1979395747185 1329.0122744441032 1037.3794677257538 833.53895312547684 1060.3614816665649 1050.4127328246832 458.91084984503686 4987.2595631480217 193.7790804207325 131251.20677218959 1072.604758605361 779.44364546984434
leaf_count=107934 220 21 78 133 104 175 98 411 324 1160 19 152136 649 93
internal_value=1.23659e-06 0.000243491 0.000257182 0.000216356 -0.00359232 0.000279703 0.00293909 0.00506465 0.00832012 0.000210795 0.0141396 0.000306927 0.00353787 0.00690636
internal_weight=263555 146625 146522 145201 2366.39 142834 3597 2536.64 1486.23 139237 652.69 134250 2998.65 1926.05
internal_count=263555 155621 155600 155522 237 155285 1027 929 518 154258 343 153098 962 313
is_linear=0
shrinkage=0.05


Tree=107
num_leaves=15
num_cat=0
split_feature=19 0 39 15 1 38 0 24 21 2 34 47 2 37
split_gain=7.71227 17.5439 12.9956 12.9642 20.0588 12.8517 10.8333 18.74 25.0506 11.6823 22.7205 28.9392 33.6968 25.1159
threshold=0.013199592940509321 0.016001024283468727 0.01161785749718547 0.065891064703464522 0.015268065501004459 1.6661022305488589 0.016001024283468727 0.01621407084167004 0.93404135107994091 0.00766294775530696 0.47797736525535589 3.8815106153488164 0.014185110572725536 1.0000000180025095e-35
decision_type=2 2 2 2 2 2 2 2 2 2 2 2 2 2
left_child=1 3 -2 4 5 -1 9 -8 -9 -4 11 -11 -13 -14
right_child=2 -3 6 -5 -6 -7 7 8 -10 10 -12 12 13 -15
leaf_value=-0.00053221735765466779 0.017386294265558429 0.0061879951538525947 -2.2851907367817406e-05 -0.0057577892947265905 0.007997589446855604 -0.0074970075963970324 0.0088474986017395823 0.0033306169435861283 -0.0084115794332445312 -5.7547721594395479e-05 -0.00042243938391207611 0.0022731021127874915 0.0017769126825430135 0.012542305020696826
leaf_weight=54259.610803734511 99.23004150390625 951.61852774396539 159874.52173628844 1193.1572038531303 674.13219141960144 660.60841369628906 275.64166556112468 649.58744530752301 1466.1100897789001 10809.776138186455 18558.376699374989 11698.725657947361 836.51971612870693 1547.383448343724
leaf_count=11023 1 86 195865 201 90 20 14 1456 161 2684 46910 4610 233 201
internal_value=1.22357e-06 -0.000509383 0.000144486 -0.000622684 -0.00051146 -0.000617343 0.000135324 -0.00320337 -0.00480764 0.000174747 0.000901637 0.00188857 0.00338138 0.0087879
internal_weight=263555 57739.1 205816 56787.5 55594.4 54920.2 205717 2391.34 2115.7 203325 43450.8 24892.4 14082.6 2383.9
internal_count=263555 11420 252135 11334 11133 11043 252134 1631 1617 250503 54638 7728 5044 434
is_linear=0
shrinkage=0.05


Tree=108
num_leaves=15
num_cat=0
split_feature=22 22 22 28 49 36 48 48 40 48 32 29 39 39
split_gain=7.72443 11.1798 16.6416 14.837 7.81642 27.0325 11.852 22.0906 24.7126 18.8737 16.8845 19.3785 12.7127 28.2721
threshold=6.3437817096710214 6.7855851650238046 6.7900948524475107 5.9851942062377939 0.94496622681617748 0.74342104792594921 0.88009402155876171 0.9706694781780244 0.0040578488260507592 0.97026908397674572 6.5916728973388681 0.70618021488189708 0.47254881262779241 0.41556431353092199
decision_type=2 2 2 2 2 2 2 2 2 2 2 2 2 2
left_child=-1 3 -3 -2 6 -6 10 8 9 -8 12 -12 13 -4
right_child=1 2 4 -5 5 -7 7 -9 -10 -11 11 -13 -14 -15
leaf_value=0.0024485129363212431 0.00017187139547342829 0.003614413661412639 0.00015908557256765138 -0.0046663768065166285 0.0037706361865612382 -0.0026324785171917085 -0.0015596117770199606 0.00043180092053035093 0.007409851872574591 -0.011219894870863008 0.0082422416699035259 0.001327967411332987 -0.00066145102655043098 0.0048674080997029448
leaf_weight=3175.361445819959 3374.7103677298874 3175.3614518642426 119937.28892326355 2976.0125319119543 4820.3339359760284 2493.6063240766525 33211.591166734695 25612.025957107544 750.30616998672485 503.74753630161285 1129.7744369506836 9202.1845662593842 49927.246603012085 3265.4483618736267
leaf_count=97850 75660 4429 20593 33471 1731 567 6973 7036 86 206 331 2506 11563 553
internal_value=1.23379e-06 -2.8704e-05 2.31378e-05 -0.00209915 -2.24636e-05 0.00158695 -7.08605e-05 -0.000680333 -0.00150666 -0.00170723 0.000128748 0.00209127 1.15154e-05 0.000284263
internal_weight=263555 260380 254029 6350.72 250854 7313.94 243540 60077.7 34465.6 33715.3 183462 10332 173130 123203
internal_count=263555 165705 56574 109131 52145 2298 49847 14301 7265 7179 35546 2837 32709 21146
is_linear=0
shrinkage=0.05


Tree=109
num_leaves=15
num_cat=0
split_feature=24 37 0 49 37 31 24 45 46 49 4 35 18 4
split_gain=7.57753 7.40581 16.9554 15.1031 14.7878 15.8639 31.412 35.78 49.4511 31.3803 16.5265 14.2646 13.4701 13.2688
threshold=0.98617529869079601 2.0126758217811589 0.011299795936793091 0.83699476718902599 2.8617925643920903 0.80322581529617321 0.23648241907358172 5.3147931566854833e-07 0.86664298176765453 0.17273864895105365 0.0078432578593492525 0.003862370853312314 6.7422907352447519 0.0064309346489608296
decision_type=2 2 2 2 2 2 2 2 2 2 2 2 2 2
left_child=1 -1 3 4 5 11 7 -7 -9 -8 13 -3 -4 -11
right_child=-2 2 12 -5 -6 6 9 8 -10 10 -12 -13 -14 -15
leaf_value=-0.00011354805172994886 0.0043503690978319394 -0.00086077723226780879 0.0063124260570351547 0.0067755519124150336 -0.0017115935090537837 0.0023492705680244618 -0.010815863179620895 0.021222320299456109 0.0026800190063148975 0.0004461521237335429 0.0073057626171904744 0.0071227836509772163 -0.0025892431472416527 -0.010761120853095012
leaf_weight=230974.8302499 987.7162863612175 10407.211009055376 2109.9974833875895 877.15338485315442 7726.4409847259521 3337.347130227834 634.64495866373181 697.66244971752167 737.76494816690683 2846.3639429099858 829.94522750750184 581.295843064785 525.58289241790771 281.042987909168
leaf_count=254564 466 3760 617 531 1251 610 79 45 179 1000 247 42 48 116
internal_value=1.1943e-06 -1.53313e-05 0.000702547 0.000352356 0.000149368 0.000856313 0.00236726 0.00520327 0.0117766 -0.000585295 0.00107852 -0.000432352 0.00453419 -0.000592074
internal_weight=263555 262567 31592.5 28956.9 28079.7 20353.3 9364.77 4772.77 1435.43 4592 3957.35 10988.5 2635.58 3127.41
internal_count=263555 263089 8525 7860 7329 6078 2276 834 224 1442 1363 3802 665 1116
is_linear=0
shrinkage=0.05


Tree=110
num_leaves=15
num_cat=0
split_feature=21 0 44 36 34 0 23 15 39 0 15 40 4 0
split_gain=7.23486 18.6863 21.358 20.3282 16.11 12.7314 30.2352 24.6543 23.6512 14.2517 20.7554 27.8122 12.0455 14.0807
threshold=0.93851312994956981 0.014815627597272398 0.090817842632532134 0.80909091234207164 0.051240673288702972 0.014815627597272398 2.8617925643920903 0.049011643975973136 0.031636441126465804 0.013606071937829258 0.065891064703464522 2.2283497855823957e-06 0.011050061322748663 0.0096620614640414732
decision_type=2 2 2 2 2 2 2 2 2 2 2 2 2 2
left_child=1 12 -3 4 -4 9 -7 -8 -9 -2 11 -11 13 -1
right_child=5 2 3 -5 -6 6 7 8 -10 10 -12 -13 -14 -15
leaf_value=0.00011141252215544098 -0.00028894408331185212 0.0074326633002606227 -0.015043011179836136 -0.011126056793738542 0.0037009893988976328 0.0039262266404286048 -0.011727261028878838 0.0029794166710408153 -0.0077144604100977321 0.013958172127139451 -0.0029221852155114584 0.0017337311514849783 -0.0013716416123491855 0.001877162854419758
leaf_weight=120736.59627163224 107211.69551736489 1894.7037031315267 114.11944997310638 330.13589932955801 1516.0843742154539 1148.6639882326126 1051.9572553634644 1035.4304885864258 1014.8082659840584 709.30080592632294 937.11511993408203 1327.2040864825249 12081.958732493222 12445.225820219144
leaf_count=191027 21173 241 22 78 5032 119 100 138 195 62 148 232 21585 23403
internal_value=1.19474e-06 0.000230679 0.00366194 -1.76595e-06 0.00230514 -0.000297834 -0.00297962 -0.00554108 -0.00232549 -0.000194112 0.00321449 0.00603882 0.000139374 0.000276542
internal_weight=263555 149119 3855.04 1960.34 1630.2 114436 4250.86 3102.2 2050.24 110185 2973.62 2036.5 145264 133182
internal_count=263555 241388 5373 5132 5054 22167 552 433 333 21615 442 294 236015 214430
is_linear=0
shrinkage=0.05


Tree=111
num_leaves=15
num_cat=0
split_feature=29 32 0 24 49 24 27 43 1 37 37 31 24 45
split_gain=7.15602 8.20678 13.1566 13.3288 10.2331 11.1349 10.0084 9.55342 10.8075 8.90309 12.7333 15.7375 24.6848 35.7367
threshold=0.98698467016220104 6.5978271961212167 0.0074907417874783286 0.12610819935798648 0.74791130423545849 0.96199029684066784 6.6247289180755624 3.5694335699081425 0.0074907417874783286 2.0126758217811589 2.8617925643920903 0.80322581529617321 0.23648241907358172 5.3147931566854833e-07
decision_type=2 2 2 2 2 2 2 2 2 2 2 2 2 2
left_child=1 6 3 -3 -5 -6 9 8 -8 -1 11 -11 13 -13
right_child=-2 2 -4 4 5 -7 7 -9 -10 10 -12 12 -14 -15
leaf_value=-0.00013197768241316691 0.0018921108942431333 0.0010999818857605427 0.0030273814929228492 -0.0051767511664686221 0.0027581996619596635 -0.0036001610978020171 -0.0010239257249652512 0.0048667946399125646 0.0075410755052926484 8.6680114081919181e-05 -0.0013563465055658136 0.0025572497276702324 0.00026806862262221572 0.011555828741162212
leaf_weight=215575.02965889871 4899.7649864647537 2288.4463362693787 1410.0175232887268 3458.4290719032288 1114.6007828712463 1767.9308409690857 2293.9808802604675 2040.6502494812012 428.41118597984314 12032.850868932903 5457.6525020599365 3996.7653824575245 5271.859787452966 1518.6097215786576
leaf_count=247810 6023 98 177 313 144 135 446 223 89 4117 1055 672 2022 231
internal_value=1.10755e-06 -3.47859e-05 -0.0014356 -0.0021675 -0.00334661 -0.00114051 2.18363e-05 0.00228933 0.000346578 -2.25455e-05 0.000811461 0.00133028 0.00271612 0.00505136
internal_weight=263555 258655 10039.4 8629.41 6340.96 2882.53 248616 4763.04 2722.39 243853 28277.7 22820.1 10787.2 5515.38
internal_count=263555 257532 867 690 592 279 256665 758 535 255907 8097 7042 2925 903
is_linear=0
shrinkage=0.05


Tree=112
num_leaves=15
num_cat=0
split_feature=22 22 22 28 49 36 48 48 40 48 32 29 34 39
split_gain=6.96722 10.1259 14.9044 13.4472 6.8323 24.6477 10.9467 19.3276 21.4675 17.0588 15.554 17.5867 12.168 11.1079
threshold=6.3437817096710214 6.7855851650238046 6.7900948524475107 5.9851942062377939 0.94496622681617748 0.74342104792594921 0.88009402155876171 0.9706694781780244 0.0040578488260507592 0.97026908397674572 6.5916728973388681 0.70618021488189708 0.23051875829696658 0.47254881262779241
decision_type=2 2 2 2 2 2 2 2 2 2 2 2 2 2
left_child=-1 3 -3 -2 6 -6 10 8 9 -8 13 12 -12 -4
right_child=1 2 4 -5 5 -7 7 -9 -10 -11 11 -13 -14 -15
leaf_value=0.0023253331286892972 0.00016426436377459789 0.003420669424864747 0.00026786663297293905 -0.00444180715383215 0.0035687030138391975 -0.0025453949573626261 -0.0014716523096574442 0.00038813302155080013 0.0068854860641998491 -0.010655703181951914 0.00060323224706998295 0.0012818653789934402 0.011550635250918392 -0.00061614341596452702
leaf_weight=3175.361445819959 3374.7103677298874 3175.3614518642426 123202.73728513718 2976.0125319119543 4820.3339359760284 2493.6063240766525 33211.591166734695 25612.025957107544 750.30616998672485 503.74753630161285 383.88272023200989 9202.1845662593842 745.89171671867371 49927.246603012085
leaf_count=97850 75660 4429 21146 33471 1731 567 6973 7036 86 206 104 2506 227 11563
internal_value=1.09839e-06 -2.73341e-05 2.20036e-05 -0.00199778 -2.11521e-05 0.00148354 -6.63998e-05 -0.000652133 -0.00142506 -0.00161199 0.000125433 0.00200904 0.00786878 1.29148e-05
internal_weight=263555 260380 254029 6350.72 250854 7313.94 243540 60077.7 34465.6 33715.3 183462 10332 1129.77 173130
internal_count=263555 165705 56574 109131 52145 2298 49847 14301 7265 7179 35546 2837 331 32709
is_linear=0
shrinkage=0.05


Tree=113
num_leaves=15
num_cat=0
split_feature=19 0 24 38 49 0 39 3 0 24 27 49 27 20
split_gain=7.04588 14.6358 12.2325 12.2595 14.6321 27.4143 11.8487 11.4241 9.51592 16.2698 21.174 17.714 16.5705 12.3299
threshold=0.013199592940509321 0.016001024283468727 0.080984935164451613 1.6661022305488589 0.085109576582908644 0.0075472774915397176 0.01161785749718547 0.0063492704648524531 0.016001024283468727 0.01621407084167004 3.3497501611709599 0.13772676140069964 4.3502571582794198 2.747048988283041e-08
decision_type=2 2 2 2 2 2 2 2 2 2 2 2 2 2
left_child=1 2 3 4 -1 -6 -2 -4 -8 -10 -11 -12 -13 -14
right_child=6 -3 7 -5 5 -7 8 -9 9 10 11 12 13 -15
leaf_value=-0.0005265761297666157 0.016601449325976111 0.0056301976719720691 -0.0014051465109452006 -0.007112643592027239 -0.0005038091980206328 0.0089435049214317084 0.0001661965727822895 -0.0072734912845212997 0.0082288809567606109 0.002927479811125613 -0.014502356667637781 -0.010211163375436125 0.014889445360122849 -0.0023790402146797694
leaf_weight=49057.12193363905 99.23004150390625 951.61852774396539 2518.1996881961823 660.60841369628906 2130.3772071171552 1189.8053365889937 203325.30339626968 1231.3960334658623 275.64166556112468 657.07230466604233 584.45746988989413 426.17658042907715 145.26689797639847 302.72428212501109
leaf_count=10098 1 86 372 20 444 200 250503 200 14 72 86 25 23 1411
internal_value=1.06382e-06 -0.000486984 -0.000590466 -0.000395025 -0.000308958 0.00289838 0.000137997 -0.00334658 0.000129249 -0.00299987 -0.00449462 -0.00783525 -0.0032641 0.00342333
internal_weight=263555 57739.1 56787.5 53037.9 52377.3 3320.18 205816 3749.6 205717 2391.34 2115.7 1458.63 874.168 447.991
internal_count=263555 11420 11334 10762 10742 644 252135 572 252134 1631 1617 1545 1459 1434
is_linear=0
shrinkage=0.05


Tree=114
num_leaves=15
num_cat=0
split_feature=20 56 49 18 1 31 42 21 45 3 15 21 21 43
split_gain=6.73193 11.0337 13.7879 19.3589 17.1845 17.0444 12.6019 10.8478 10.5814 25.718 10.1209 11.8618 11.6221 9.27167
threshold=0.0011931781773455443 1.0000000180025095e-35 0.26772449910640722 6.6976511478424081 0.01183473411947489 0.71651786565780651 1.2424533367156985 0.95214244723320018 0.00039500657294411218 0.0085838492959737795 0.0083683477714657801 0.95761293172836315 0.95669069886207592 6.5950968265533456
decision_type=2 2 2 2 2 2 2 2 2 2 2 2 2 2
left_child=8 7 3 5 6 -3 -5 13 10 -10 12 -12 -1 -2
right_child=1 2 -4 4 -6 -7 -8 -9 9 -11 11 -13 -14 -15
leaf_value=-0.00043170658325946125 0.00092964964473294081 0.00019611896492759497 -0.0067440813621789455 -0.0024666252325167728 0.0057336976021902224 0.010297387475082263 0.0046296384839959338 0.0075252005325611897 -0.00053809567318002652 -0.011494198757775919 0.00016199037279481605 0.0045120205774772616 -0.0068186891303121666 -0.0044265343921878952
leaf_weight=88724.541259268299 37795.273244174197 964.70134103298187 897.44140005111694 7763.5330609083176 798.74088537693024 726.91651654243469 671.23222661018372 602.09621953964233 2332.0133021473885 685.76240837574005 118490.66972862743 1578.166051864624 708.07172793149948 815.84040641784668
leaf_count=67714 98337 161 126 1210 116 78 137 65 418 88 94815 107 113 70
internal_value=1.03619e-06 0.000516641 -0.000821787 -0.000329579 -0.00123151 0.00457181 -0.0018971 0.000920276 -0.000122803 -0.00305751 -8.0386e-05 0.000219537 -0.000483031 0.000815358
internal_weight=263555 51035.8 11822.6 10925.1 9233.51 1691.62 8434.77 39213.2 212519 3017.78 209501 120069 89432.6 38611.1
internal_count=263555 100300 1828 1702 1463 239 1347 98472 163255 506 162749 94922 67827 98407
is_linear=0
shrinkage=0.05


Tree=115
num_leaves=15
num_cat=0
split_feature=34 39 29 24 18 17 15 49 48 39 3 4 2 28
split_gain=6.4833 16.0638 22.432 16.1712 15.6709 22.1156 20.8828 20.7581 48.266 26.3112 19.7835 17.7842 18.2775 21.1418
threshold=0.057724904268980033 0.55288517475128185 0.56455361843109142 0.31881622970104223 6.7493455410003671 0.020620748400688175 0.0083683477714657801 0.12558453530073169 0.54724109172821056 0.18783860653638842 0.015268065501004459 0.012579114176332952 0.0077822189778089532 1.0000000180025095e-35
decision_type=2 2 2 2 2 2 2 2 2 2 2 2 2 2
left_child=-1 2 4 -4 7 6 -6 10 -9 -10 11 12 -2 -14
right_child=1 -3 3 -5 5 -7 -8 8 9 -11 -12 -13 13 -15
leaf_value=-0.00033020681444217379 -0.00044162991635342811 -0.00022553289213493068 0.016601746453328653 0.0040621529086128224 -0.0023710139871873795 -0.0047902599658073983 0.0045097294761792832 0.014774582518674785 0.0038305729816198414 0.00037662647934991189 0.0070869815755157358 -0.0048183004641262775 0.01213290813700639 0.001626353016599988
leaf_weight=94673.879262210801 25888.958105195314 98501.678004588932 306.24600791931152 1440.9079536926001 2443.2156335711479 3068.8416969776154 1993.4354652166367 708.80933397263288 8616.5181449614465 15287.619172049686 983.72788685932755 1855.2123298458755 503.0103839635849 7282.9403978437185
leaf_count=21821 9665 200857 9 10148 316 223 150 154 3537 13852 127 548 126 2022
internal_value=9.86404e-07 0.00018666 0.000763508 0.0063421 0.000620592 -0.00153418 0.000723768 0.000885374 0.00200732 0.00162272 0.00012876 -6.58328e-05 0.000197342 0.00231982
internal_weight=263555 168881 70379.4 1747.15 68632.3 7505.49 4436.65 61126.8 24612.9 23904.1 36513.8 35530.1 33674.9 7785.95
internal_count=263555 241734 40877 10157 30720 689 466 30031 17543 17389 12488 12361 11813 2148
is_linear=0
shrinkage=0.05


Tree=116
num_leaves=15
num_cat=0
split_feature=29 40 33 27 27 48 49 15 17 15 1 0 15 49
split_gain=6.47459 7.29824 6.49719 14.6801 17.8468 32.6781 14.1518 13.0373 12.9061 24.6698 15.8656 16.0912 31.844 12.72
threshold=0.98967257142066967 2.2479198378277947e-06 1.4978661537170412 2.9700856208801274 3.3497501611709599 0.66902577877044689 0.83699476718902599 0.065891064703464522 0.064583335071802153 0.039033297449350364 0.012739370577037336 0.0081634009256958979 0.0099504948593676108 0.028386595658957962
decision_type=2 2 2 2 2 2 2 2 2 2 2 2 2 2
left_child=2 -2 -1 7 5 -5 8 -4 10 -10 11 13 -13 -6
right_child=1 -3 3 4 6 -7 -8 -9 9 -11 -12 12 -14 -15
leaf_value=-0.00014376273630434223 0.011641668927253612 0.0016921085678739012 -0.0008124065803559173 -0.0014584679467833034 -0.0027972741578729285 0.0048233724723673078 0.0060909371029280457 -0.011325577078604016 0.010604980171062392 -0.0011146915676494124 -0.0063588281272590995 0.012446336127943533 0.00059366640302206588 0.0002131404354968064
leaf_weight=212190.22530227341 189.48572897911072 2519.5810475349426 10805.550347864628 3024.580620765686 4434.7040755096823 6524.8755593299866 1017.6626878175884 293.27045577764511 810.02537121251225 988.74171362631023 987.82102777995169 734.92171654850245 2372.8861780706793 16660.667945777997
leaf_count=250164 37 1838 4245 374 591 496 847 46 92 136 172 139 563 3815
internal_value=1.03577e-06 0.00242829 -2.4265e-05 0.000496793 0.000968889 0.00283429 0.000332073 -0.00110015 0.000112757 0.00419239 -0.000180098 7.46008e-05 0.00342747 -0.000420739
internal_weight=263555 2709.07 260846 48655.7 37556.9 9549.46 28007.4 11098.8 26989.8 1798.77 25191 24203.2 3107.81 21095.4
internal_count=263555 1875 261680 11516 7225 870 6355 4291 5508 228 5280 5108 702 4406
is_linear=0
shrinkage=0.05


Tree=117
num_leaves=15
num_cat=0
split_feature=24 22 22 22 34 24 36 39 28 22 34 49 33 22
split_gain=6.2333 6.23442 9.26349 14.2292 16.5514 16.8422 30.5122 28.2478 12.5385 11.9085 11.8959 16.8897 16.0383 10.1718
threshold=0.98617529869079601 6.3437817096710214 6.7855851650238046 6.7951462268829355 0.15429052710533145 0.30666543543338781 0.74342104792594921 0.75413778424263012 5.9851942062377939 6.7962646484375009 0.86934939026832592 0.92200061678886425 0.89587974548339855 6.7996129989624032
decision_type=2 2 2 2 2 2 2 2 2 2 2 2 2 2
left_child=1 -1 8 4 -4 6 -6 -8 -3 -5 11 13 -13 -11
right_child=-2 2 3 9 5 -7 7 -9 -10 10 -12 12 -14 -15
leaf_value=0.0021846030225613836 0.0039456208323192478 0.00014437504913733802 -0.00094222161360650407 -0.0031518828907182439 0.00090013809407605931 0.0014294885593236289 0.0066712769346621084 0.02315527036206548 -0.0043244345655795175 -0.00081902372280665513 -0.0022053277449709439 0.0045007395438793748 -0.0026483931988789647 9.5664885634096683e-05
leaf_weight=3175.361445819959 987.7162863612175 3374.7103677298874 4938.5976873040199 3124.8924269676208 1390.099164545536 8248.1270930767059 883.17175167798996 366.49406886100769 2923.5600046273321 36283.880335450172 6219.5645654201508 3677.8221637010574 989.28156471252441 186971.72085261345
leaf_count=97850 466 75660 4486 2171 1070 6579 738 291 33387 14415 1547 1460 238 23197
internal_value=1.02969e-06 -1.39586e-05 -4.09556e-05 6.21623e-06 0.00145733 0.00254559 0.00601438 0.011651 -0.00193354 -9.06348e-05 -4.96462e-05 9.27235e-06 0.00298292 -5.30219e-05
internal_weight=263555 262567 259392 253094 15826.5 10887.9 2639.76 1249.67 6298.27 237267 234142 227923 4667.1 223256
internal_count=263555 263089 165239 56192 13164 8678 2099 1029 109047 43028 40857 39310 1698 37612
is_linear=0
shrinkage=0.05


Tree=118
num_leaves=15
num_cat=0
split_feature=22 43 18 15 43 17 18 22 44 29 1 40 17 0
split_gain=6.12293 16.3211 15.3796 14.5577 37.5285 25.7704 13.4836 14.4655 14.1937 21.5971 17.9811 15.155 14.9585 18.2641
threshold=6.8018388748168954 6.5950968265533456 6.7633073329925546 0.056850064545869834 3.5114340782165532 0.064583335071802153 6.2490091323852548 6.7855851650238046 0.44979013502597814 0.30821521580219274 0.010695492848753931 0.0035069130826741461 0.057189542800188072 0.013793759513646366
decision_type=2 2 2 2 2 2 2 2 2 2 2 2 2 2
left_child=2 3 6 5 -5 -2 -1 -8 10 -10 12 -12 13 -9
right_child=1 -3 -4 4 -6 -7 7 8 9 -11 11 -13 -14 -15
leaf_value=0.0018534691184935725 -0.0002068195762702554 -0.004145634843592455 0.010321653187597429 -0.00784361101431502 0.0017625757747133178 0.0050063971860309 -0.0025845092120267052 -0.00034619354502622083 0.010636752215647865 0.00080529056658842208 0.0012515151206144389 0.010154974048798828 -0.0035239288487237427 0.0069696730343050562
leaf_weight=11050.147430814803 92455.915340423584 2680.4559745788574 363.843505859375 2060.7114844322205 1991.5560073852539 2422.9273018836975 5045.878252113238 88936.824831843376 556.85367131233215 38783.972746431828 12185.740775108337 487.79095482826233 3680.9923521280289 851.38914972543716
leaf_count=139739 8259 141 2 167 131 174 69126 25455 14 16497 3019 75 586 170
internal_value=1.03311e-06 -0.000303195 0.000191928 -0.000198679 -0.00312977 -7.31757e-05 0.000168481 4.46736e-05 0.000136034 0.000947119 -0.000164648 0.00160194 -0.000404325 -0.000276055
internal_weight=263555 101612 161943 98931.1 4052.27 94878.8 161580 150529 145484 39340.8 106143 12673.5 93469.2 89788.2
internal_count=263555 8872 254683 8731 298 8433 254681 114942 45816 16511 29305 3094 26211 25625
is_linear=0
shrinkage=0.05


Tree=119
num_leaves=15
num_cat=0
split_feature=20 17 40 48 21 24 48 31 0 17 0 18 27 26
split_gain=5.95261 13.1214 8.52454 19.4248 13.9697 17.2892 15.1988 8.7523 10.7045 22.1774 13.3136 24.9805 21.2809 13.491
threshold=2.5523097413326926e-08 0.087121214717626586 2.0233495661159399e-06 0.82340422272682201 0.93559134006500255 0.058780351653695113 0.77161052823066723 0.6348484754562379 0.010152545757591726 0.057189542800188072 0.015268065501004459 6.751685857772828 3.3497501611709599 0.53896763920784008
decision_type=2 2 2 2 2 2 2 2 2 2 2 2 2 2
left_child=1 -1 3 4 -2 6 -6 8 9 -4 11 13 -12 -10
right_child=2 -3 7 -5 5 -7 -8 -9 10 -11 12 -13 -14 -15
leaf_value=-0.00076328217856583302 -0.0015818927441522566 -0.0099121019681101073 -0.00046817925803448635 -0.003016687594373223 0.0044775696543166033 0.0064958341905345914 -0.001599588840370548 0.00014574219839015438 0.0051778828036336596 0.0073705411903095585 0.0085195730007059222 -0.015020838121035808 -0.0046763865780513796 -0.0032237356517291456
leaf_weight=12267.226067841053 1699.48040163517 394.9775498509407 40694.19606372714 1975.4575278759003 2018.4339151382446 2795.7079193592072 2079.9606733322144 191455.47638837993 517.92981472983956 912.79043569788337 647.47780972719193 415.30498790740967 561.89491896517575 5118.6853047013283
leaf_count=5216 166 36 14309 85 99 158 106 241323 649 291 69 5 153 890
internal_value=1.03857e-06 -0.00105626 5.4439e-05 0.00144352 0.00247113 0.00347109 0.00139699 -6.70805e-06 -0.000603883 -0.000294481 -0.00237391 -0.00333036 0.00240044 -0.00244394
internal_weight=263555 12662.2 250893 10569 8593.58 6894.1 4098.39 240324 48868.3 41607 7261.29 6051.92 1209.37 5636.62
internal_count=263555 5252 258303 614 529 363 205 257689 16366 14600 1766 1544 222 1539
is_linear=0
shrinkage=0.05


end of trees

feature_importances:
Column_27=97
Column_49=96
Column_22=94
Column_48=81
Column_0=76
Column_24=75
Column_43=70
Column_38=65
Column_31=61
Column_34=58
Column_37=54
Column_1=51
Column_36=51
Column_15=50
Column_29=48
Column_32=48
Column_28=41
Column_17=40
Column_33=40
Column_47=39
Column_44=37
Column_39=36
Column_3=29
Column_26=29
Column_35=28
Column_23=27
Column_21=26
Column_46=25
Column_4=23
Column_20=23
Column_18=21
Column_19=21
Column_40=20
Column_2=19
Column_45=18
Column_42=15
Column_25=11
Column_30=11
Column_41=9
Column_50=5
Column_56=5
Column_52=2
Column_53=2
Column_55=2
Column_16=1

parameters:
[boosting: gbdt]
[objective: regression]
[metric: l2]
[tree_learner: serial]
[device_type: cpu]
[data_sample_strategy: bagging]
[data: ]
[valid: ]
[num_iterations: 120]
[learning_rate: 0.05]
[num_leaves: 15]
[num_threads: 2]
[seed: 20260928]
[deterministic: 1]
[force_col_wise: 1]
[force_row_wise: 0]
[histogram_pool_size: -1]
[max_depth: -1]
[min_data_in_leaf: 100]
[min_sum_hessian_in_leaf: 0.001]
[bagging_fraction: 1]
[pos_bagging_fraction: 1]
[neg_bagging_fraction: 1]
[bagging_freq: 0]
[bagging_seed: 8287]
[bagging_by_query: 0]
[feature_fraction: 1]
[feature_fraction_bynode: 1]
[feature_fraction_seed: 24490]
[extra_trees: 0]
[extra_seed: 6370]
[early_stopping_round: 0]
[early_stopping_min_delta: 0]
[first_metric_only: 0]
[max_delta_step: 0]
[lambda_l1: 0]
[lambda_l2: 10]
[linear_lambda: 0]
[min_gain_to_split: 0]
[drop_rate: 0.1]
[max_drop: 50]
[skip_drop: 0.5]
[xgboost_dart_mode: 0]
[uniform_drop: 0]
[drop_seed: 1862]
[top_rate: 0.2]
[other_rate: 0.1]
[min_data_per_group: 100]
[max_cat_threshold: 32]
[cat_l2: 10]
[cat_smooth: 10]
[max_cat_to_onehot: 4]
[top_k: 20]
[monotone_constraints: ]
[monotone_constraints_method: basic]
[monotone_penalty: 0]
[feature_contri: ]
[forcedsplits_filename: ]
[refit_decay_rate: 0.9]
[cegb_tradeoff: 1]
[cegb_penalty_split: 0]
[cegb_penalty_feature_lazy: ]
[cegb_penalty_feature_coupled: ]
[path_smooth: 0]
[interaction_constraints: ]
[verbosity: -1]
[saved_feature_importance_type: 0]
[use_quantized_grad: 0]
[num_grad_quant_bins: 4]
[quant_train_renew_leaf: 0]
[stochastic_rounding: 1]
[linear_tree: 0]
[max_bin: 255]
[max_bin_by_feature: ]
[min_data_in_bin: 3]
[bin_construct_sample_cnt: 286813]
[data_random_seed: 5112]
[is_enable_sparse: 1]
[enable_bundle: 1]
[use_missing: 1]
[zero_as_missing: 0]
[feature_pre_filter: 1]
[pre_partition: 0]
[two_round: 0]
[header: 0]
[label_column: ]
[weight_column: ]
[group_column: ]
[ignore_column: ]
[categorical_feature: ]
[forcedbins_filename: ]
[precise_float_parser: 0]
[parser_config_file: ]
[objective_seed: 23271]
[num_class: 1]
[is_unbalance: 0]
[scale_pos_weight: 1]
[sigmoid: 1]
[boost_from_average: 1]
[reg_sqrt: 0]
[alpha: 0.9]
[fair_c: 1]
[poisson_max_delta_step: 0.7]
[tweedie_variance_power: 1.5]
[lambdarank_truncation_level: 30]
[lambdarank_norm: 1]
[label_gain: ]
[lambdarank_position_bias_regularization: 0]
[eval_at: ]
[multi_error_top_k: 1]
[auc_mu_weights: ]
[num_machines: 1]
[local_listen_port: 12400]
[time_out: 120]
[machine_list_filename: ]
[machines: ]
[gpu_platform_id: -1]
[gpu_device_id: -1]
[gpu_device_id_list: ]
[gpu_use_dp: 0]
[num_gpu: 1]

end of parameters

pandas_categorical:null
