tree
version=v4
num_class=1
num_tree_per_iteration=1
label_index=0
max_feature_idx=56
objective=binary sigmoid:1
feature_names=Column_0 Column_1 Column_2 Column_3 Column_4 Column_5 Column_6 Column_7 Column_8 Column_9 Column_10 Column_11 Column_12 Column_13 Column_14 Column_15 Column_16 Column_17 Column_18 Column_19 Column_20 Column_21 Column_22 Column_23 Column_24 Column_25 Column_26 Column_27 Column_28 Column_29 Column_30 Column_31 Column_32 Column_33 Column_34 Column_35 Column_36 Column_37 Column_38 Column_39 Column_40 Column_41 Column_42 Column_43 Column_44 Column_45 Column_46 Column_47 Column_48 Column_49 Column_50 Column_51 Column_52 Column_53 Column_54 Column_55 Column_56
feature_infos=[0:0.016393441706895828] [0:0.016393441706895828] [0:0.016393441706895828] [0:0.016393441706895828] [0:0.016393441706895828] [0:1] [0:1] [0:1] [0:1] [0:1] [0:1] [0:1] [0:1] [0:1] [0:1] [0:0.081967204809188843] [0:5] [0.00099009904079139233:0.090909093618392944] [0:6.7650389671325684] [0:0.91591298580169678] [0:0.040433794260025024] [0:0.96655517816543579] [0:6.8023948669433594] [0:6.618739128112793] [0:0.99161362648010254] [0:0.13249146938323975] [0:0.99733686447143555] [0:6.6253924369812012] [0:6.5985088348388672] [0:0.99668043851852417] [0:0.14538861811161041] [0:0.99863946437835693] [0:6.5985088348388672] [0:2.8903717994689941] [0:0.92067760229110718] [0:0.13249146938323975] [0:0.94736844301223755] [0:2.8903717994689941] [0:1.9459100961685181] [0:0.90576612949371338] [0:0.12721249461174011] [0:0.875] [0:1.9459100961685181] [0:6.6120409965515137] [0:0.99270373582839966] [0:0.20236794650554657] [0:0.99598395824432373] [0:6.6160650253295898] [0:1.0000005960464478] [0:1.0000004768371582] [0:0.2514532208442688] [0:1] [0:1] [0:1] [0:1] [0:1] [0:1]
tree_sizes=1700 1764 1767 1764 1761 1769 1774 1772 1772 1784 1778 1765 1792 1763 1779 1780 1781 1778 1796 1777 1782 1783 1775 1792 1780 1779 1779 1790 1779 1781 1772 1785 1784 1789 1788 1791 1775 1774 1775 1787 1777 1780 1776 1788 1770 1788 1779 1785 1786 1788 1781 1775 1787 1774 1799 1781 1778 1801 1780 1795 1784 1795 1780 1803 1779 1788 1794 1779 1796 1782 1780 1789 1776 1790 1785 1796 1783 1780 1791 1788 1777 1782 1796 1788 1782 1764 1796 1785 1790 1776 1798 1788 1773 1801 1786 1791 1790 1788 1795 1803 1801 1779 1783 1783 1800 1797 1793 1786 1786 1776 1791 1780 1789 1786 1768 1797 1776 1795 1803 1789

Tree=0
num_leaves=15
num_cat=0
split_feature=41 26 36 37 32 23 37 37 22 22 41 27 36 43
split_gain=19225.6 11876.5 8920.96 7238.12 6659.67 10362.2 6766.95 16022.4 6553.38 5033.21 4074.61 3957.67 9728.79 3676.73
threshold=0.70833334326744091 0.97870925068855297 0.42016807198524481 1.4978661537170412 1.2424533367156985 3.5972183942794804 2.0126758217811589 2.8029010295867924 6.7973818778991708 6.7984981536865243 0.29166667163372045 2.9174053668975835 0.74342104792594921 3.5408543348312382
decision_type=2 2 2 2 2 2 2 2 2 2 2 2 2 2
left_child=1 2 3 -1 5 8 11 9 -4 -8 -11 12 -6 -13
right_child=-2 -3 4 -5 6 -7 7 -9 -10 10 -12 13 -14 -15
leaf_value=0.99226085148597043 0.95941205977114485 0.99187771103471734 1.1769013874723884 1.157658152811549 1.1704318854947573 1.1635057019932149 1.1755534955311207 1.1757644406876631 0.96125824663932435 1.1753926711612472 0.95236812578041352 1.1625013794217611 0.96395477340825775 1.1301357475070373
leaf_weight=2195.5648744846694 1955.5048997104168 1770.8427889537998 424.44855080544949 938.59538974845782 1272.8740031272173 1639.8689355999231 345.77899573557079 2372.2452079057693 1932.3380761444569 220.70224499702454 2179.4419000148773 17348.978597850539 1018.2786755859852 17777.351682454813
leaf_count=6474 3077 6582 2352 2366 3536 2896 2360 2193 2392 246 2573 22344 2287 225134
internal_value=1.11288 1.11875 1.1233 1.04178 1.1288 1.06717 1.1346 1.08072 1.0002 0.998685 0.97305 1.14198 1.07842 1.14613
internal_weight=53392.8 51437.3 49666.5 3134.16 46532.3 3996.66 42535.7 5118.17 2356.79 2745.92 2400.14 37417.5 2291.15 35126.3
internal_count=286812 283735 277153 8840 268313 7640 260673 7372 4744 5179 2819 253301 5823 247478
is_linear=0
shrinkage=1


Tree=1
num_leaves=15
num_cat=0
split_feature=41 26 36 22 32 23 37 37 37 27 22 43 27 37
split_gain=16141.1 10182.1 7868.63 6171.73 7790.09 10304.3 6082.86 5787.34 16799.8 5707.07 6000.55 4429.37 4419.67 4570.92
threshold=0.70833334326744091 0.97870925068855297 0.42016807198524481 6.7973818778991708 1.2424533367156985 3.5972183942794804 1.4978661537170412 2.0126758217811589 2.8029010295867924 2.9174053668975835 6.8007264137268075 3.5972183942794804 4.3502571582794198 1.2424533367156985
decision_type=2 2 2 2 2 2 2 2 2 2 2 2 2 2
left_child=1 2 6 -4 5 -5 -1 9 -9 10 -6 -11 -13 -14
right_child=-2 -3 3 4 7 -7 -8 8 -10 11 -12 12 13 -15
leaf_value=-0.10799734878107539 -0.13534062556265333 -0.10833387565303594 0.057685500987748953 -0.13382646136849904 -0.13281559309396437 0.045941595818833475 0.043563380084978967 -0.12404913124176004 0.061765900484589555 0.041547159140630896 0.06193566976271575 -0.062299895637621817 0.031280458402016736 -0.096896072123510091
leaf_weight=2327.1197871798649 2103.7180629372597 1877.2790984343737 7230.6866308767349 2077.0828635394573 1133.4004391133785 1283.1886815130711 917.25789189897478 2565.668038547039 2296.3787770867348 19189.566579967737 597.3408767580986 2184.8987649977207 6822.0230347812176 764.63607129454613
leaf_count=6474 3077 6582 227572 2392 2382 1660 2366 2819 2193 18029 660 2728 7244 634
internal_value=6.64361e-05 0.00564817 0.0100017 0.0152981 0.00740928 -0.0652457 -0.0651456 0.0142925 -0.0363407 0.0223227 -0.0656303 0.0275997 0.000195026 0.0182514
internal_weight=53370.2 51266.5 49389.2 46144.9 38914.2 3360.27 3244.38 35553.9 4862.05 30691.9 1730.74 28961.1 9771.56 7586.66
internal_count=286812 283735 277153 268313 40741 4052 8840 36689 5012 31677 3042 28635 10606 7878
is_linear=0
shrinkage=0.05


Tree=2
num_leaves=15
num_cat=0
split_feature=41 26 36 22 32 23 33 37 37 27 22 43 27 37
split_gain=13781.3 8823.05 6981.85 5806.9 6902.03 8718.52 5313.68 5223.7 14554.5 5118.5 5116.78 4146.09 3902.04 4032.16
threshold=0.70833334326744091 0.97870925068855297 0.42016807198524481 6.7973818778991708 1.2424533367156985 3.7494349479675297 1.0000000180025095e-35 2.0126758217811589 2.8029010295867924 2.9174053668975835 6.8007264137268075 3.5972183942794804 4.3502571582794198 1.2424533367156985
decision_type=2 2 2 2 2 2 2 2 2 2 2 2 2 2
left_child=1 2 6 -4 5 -5 -1 9 -9 10 -6 -11 -13 -14
right_child=-2 -3 3 4 7 -7 -8 8 -10 11 -12 12 13 -15
leaf_value=-0.11758890495270354 -0.12136986932831989 -0.098082124444276747 0.056547487289986015 -0.11984379080071261 -0.11919862256230883 0.045237923752922675 0.0089057503821047112 -0.11167732225979317 0.060722342228353911 0.040369193015428947 0.060899946124738348 -0.05734340673698677 0.030215694626231238 -0.087753043782734727
leaf_weight=1816.1531205107458 2226.2718769013882 1968.3303823857568 7013.1349582257681 2203.7077913284302 1199.0258882939816 1245.4963122308254 1519.8708283188753 2704.6091612577438 2221.1345734000206 18773.036781251431 577.79132306575775 2254.0447850227356 6712.4861416518688 802.09206730127335
leaf_count=6052 3077 6582 227572 2400 2382 1652 2788 2819 2193 18029 660 2728 7244 634
internal_value=0.000119493 0.00544441 0.00961861 0.0147196 0.00712566 -0.0602749 -0.0601044 0.0137371 -0.0339727 0.021497 -0.0606205 0.0266285 0.000207902 0.017524
internal_weight=53237.2 51010.9 49042.6 45706.6 38693.4 3449.2 3336.02 35244.2 4925.74 30318.5 1776.82 28541.7 9768.62 7514.58
internal_count=286812 283735 277153 268313 40741 4052 8840 36689 5012 31677 3042 28635 10606 7878
is_linear=0
shrinkage=0.05


Tree=3
num_leaves=15
num_cat=0
split_feature=41 26 36 48 37 22 48 22 43 48 31 23 33 28
split_gain=12003.9 8178.22 6850.26 6821.31 5037.66 4599.91 3642.35 5311.99 4448.55 4801.2 4175.45 3727.84 6890.28 6110.84
threshold=0.63333335518836986 0.97870925068855297 0.42016807198524481 0.70764020085334789 1.8688347935676577 6.7973818778991708 0.97732356190681469 6.8007264137268075 3.5408543348312382 0.86822202801704418 0.78867626190185558 3.979637980461121 1.4978661537170412 2.5249279737472539
decision_type=2 2 2 2 2 2 2 2 2 2 2 2 2 2
left_child=1 2 4 -2 -1 -4 7 -7 9 -9 -11 12 13 -10
right_child=3 -3 5 -5 -6 6 -8 8 11 10 -12 -13 -14 -15
leaf_value=-0.08982217165493972 0.036639087541983001 -0.089588511203199273 0.055462745554841979 -0.10255334127552117 0.053883807296526615 -0.033106630182287891 0.059818670724004111 0.048248943797312559 -0.11046948881112946 -0.097145391523729155 0.052289249537690458 0.012255989603333798 -0.14333241537200414 0.05939108253262098
leaf_weight=2584.1643875124864 1119.6533872187138 2045.993588832207 6798.4464872586541 4031.6093932688236 789.87046146718785 6997.2877481579781 3391.1047320365906 11407.491740524769 790.30150574445724 1148.9907062649727 775.15575665235519 8330.0119739174843 1242.3114953041077 1554.7381252646446
leaf_count=7289 694 6582 227572 4663 1528 13083 4880 9490 398 1247 693 6261 1077 1355
internal_value=0.000159694 0.00797139 0.0123473 -0.0722868 -0.0561204 0.017803 0.0106052 0.00541289 0.0160967 0.0359286 -0.0369855 -0.00610019 -0.0486397 0.00192039
internal_weight=53007.1 47855.9 45809.9 5151.26 3374.03 42435.8 35637.4 32246.3 25249 13331.6 1924.15 11917.4 3587.35 2345.04
internal_count=286812 281455 274873 5357 8817 266056 38484 33604 20521 11430 1940 9091 2830 1753
is_linear=0
shrinkage=0.05


Tree=4
num_leaves=15
num_cat=0
split_feature=41 26 36 48 37 22 48 46 43 33 31 22 36 49
split_gain=10616.3 7210.73 6144.03 5869.63 4399.78 4351.64 3424.96 4870.09 4369.73 4574.5 4340 7399.77 4143.05 6510.3
threshold=0.63333335518836986 0.9779600501060487 0.42016807198524481 0.70764020085334789 1.8688347935676577 6.7973818778991708 0.97732356190681469 0.71834936738014232 3.5408543348312382 1.4978661537170412 0.90383726358413707 6.8018388748168954 0.7947368621826173 0.60934543609619152
decision_type=2 2 2 2 2 2 2 2 2 2 2 2 2 2
left_child=1 2 4 -2 -1 -4 7 8 -7 -10 11 -9 -12 -14
right_child=3 -3 5 -5 -6 6 -8 10 9 -11 12 -13 13 -15
leaf_value=-0.08252497879139209 0.035512326185000671 -0.082017098075750555 0.054491781711307447 -0.094108200074794299 0.052780650713702887 0.043307890237934785 0.058793906546443814 -0.07057452705491829 0.010696222406564598 -0.10835366417754022 0.052989776320668258 0.012409993717677287 0.052327428223830998 -0.1284505169933555
leaf_weight=2670.5387176144868 1098.2875891625881 2130.4010556587018 6574.2524416167289 4170.771684139967 766.85632171388716 10635.562828540802 3280.6813715398312 5817.5044954717159 3981.3326094448566 1001.5746659636497 3681.7997643053532 4978.9963271617889 1005.1849164366722 969.19190144538879
leaf_count=7289 694 6663 227506 4663 1528 10817 4880 8369 3579 910 4987 2819 1205 903
internal_value=0.000192295 0.00766748 0.0118965 -0.0670739 -0.0522738 0.0171688 0.0102146 0.0052284 0.0252182 -0.0134021 -0.0137516 -0.0323287 0.0217028 -0.0366139
internal_weight=52762.9 47493.9 45363.5 5269.06 3437.4 41926.1 35351.8 32071.1 15618.5 4982.91 16452.7 10796.5 5656.18 1974.38
internal_count=286812 281455 274792 5357 8817 265975 38469 33589 15306 4489 18283 11188 7095 2108
is_linear=0
shrinkage=0.05


Tree=5
num_leaves=15
num_cat=0
split_feature=28 43 56 33 32 37 27 33 27 37 27 36 27 23
split_gain=9504.01 8438.46 7050.97 9745.12 11972.2 7698.59 6880.25 5509.98 5183.24 5403.62 3838.34 6632.19 3048.5 5663.55
threshold=1.0000000180025095e-35 6.5896136760711679 1.0000000180025095e-35 1.4978661537170412 3.3842465877532963 1.0000000180025095e-35 4.3372693061828622 1.2424533367156985 6.6234009265899667 1.4978661537170412 6.6153936386108407 0.7947368621826173 2.9174053668975835 2.6735538244247441
decision_type=2 2 2 2 2 2 2 2 2 2 2 2 2 2
left_child=8 2 12 4 -4 -6 -5 -7 9 -1 -3 -12 13 -2
right_child=1 10 3 6 5 7 -8 -9 -10 -11 11 -13 -14 -15
leaf_value=-0.11815816387811068 0.054999272339565398 -0.092332336097110057 0.057347210644751526 -0.12678915196549712 0.020762902958159909 -0.099210691401750234 0.063940920152516054 0.061675847600328015 0.062538976737112714 0.061191735006877634 0.061377844631351409 -0.09034186187140146 0.037315150605207202 -0.091602477205435004
leaf_weight=3136.2829322083853 1285.0099859535694 2795.7057743966579 6532.8763455599546 2490.599985897541 3608.106438934803 3875.430554330349 576.52766346931458 609.7173758149147 609.02569633722305 478.3461599200964 1520.5830116271973 1350.7639488279819 22258.884795459919 1331.7161951065063
leaf_count=4573 4561 4324 8781 1853 2634 3950 729 470 748 2808 1854 1110 246010 2407
internal_value=0.000221348 0.00652443 0.0141578 -0.00996779 0.00704308 -0.0335831 -0.0908464 -0.077251 -0.0716079 -0.0943203 -0.0507389 -0.0100613 0.0313148 -0.0196747
internal_weight=52459.6 48235.9 42568.9 17693.3 14626.1 8093.25 3067.13 4485.15 4223.65 3614.63 5667.05 2871.35 24875.6 2616.73
internal_count=286812 278683 271395 18417 15835 7054 2582 4420 8129 7381 7288 2964 252978 6968
is_linear=0
shrinkage=0.05


Tree=6
num_leaves=15
num_cat=0
split_feature=40 43 32 23 56 33 32 27 37 33 27 36 30 43
split_gain=8645.04 4963.78 4277.39 4717.98 3353.5 5437.41 6508.46 4967.81 3790.96 3763.8 3111.14 4561.39 3045.92 3175.18
threshold=2.2361613218890857e-06 6.5896136760711679 1.2424533367156985 3.5972183942794804 1.0000000180025095e-35 1.4978661537170412 3.3842465877532963 4.3372693061828622 1.0000000180025095e-35 1.2424533367156985 2.9174053668975835 0.74342104792594921 1.9105551700704386e-06 3.5972183942794804
decision_type=2 2 2 2 2 2 2 2 2 2 2 2 2 2
left_child=12 2 3 -2 10 6 -6 -7 -8 -10 11 -4 13 -1
right_child=1 -3 4 -5 5 7 8 -9 9 -11 -12 -13 -14 -15
leaf_value=0.0016166493034077566 -0.094434017630305567 -0.03971796315541519 0.050632649110998178 0.033734113364737882 0.056527598031284189 -0.11764034704966438 0.024765975131251953 0.062492455832632826 -0.088707070691957629 0.05976303155531848 0.042207088635384436 -0.090432700658528126 -0.091940038221053677 -0.054087257309393871
leaf_weight=5310.9844350144267 1684.9935290664434 4208.5668593943119 1139.829666942358 1238.6744663715363 5163.9088353812695 1514.9666137099266 2295.0586864352226 503.89881509542465 2315.313458442688 515.41458404064178 18090.376815344673 1133.191747546196 2047.0143389552832 4924.6175743937492
leaf_count=8954 2083 5724 3782 1987 7929 1265 1823 669 2388 418 240357 2106 2863 4464
internal_value=0.000255063 0.0115714 0.017645 -0.040203 0.0228323 0.00222441 0.0169601 -0.0725937 -0.022934 -0.0615586 0.0352814 -0.0197821 -0.0363974 -0.0252106
internal_weight=52086.8 39804.2 35595.6 2923.67 32672 12308.6 10289.7 2018.87 5125.79 2830.73 20363.4 2273.02 12282.6 10235.6
internal_count=286812 270531 264807 4070 260737 14492 12558 1934 4629 2806 246245 5888 16281 13418
is_linear=0
shrinkage=0.05


Tree=7
num_leaves=15
num_cat=0
split_feature=41 26 47 26 36 26 48 47 23 31 37 36 27 31
split_gain=7937.47 5610.33 4838.61 5231.11 6828.63 4490.24 4211.31 3855.66 5206.71 8776.09 3167.19 5162.07 3631.14 3577.98
threshold=0.63333335518836986 0.9779600501060487 3.8815106153488164 0.90918803215026867 0.7947368621826173 0.58797526359558117 0.70764020085334789 3.6242519617080693 3.7494349479675297 0.69848483800888073 1.0000000180025095e-35 0.72474747896194469 3.3140207529067998 0.79057019948959362
decision_type=2 2 2 2 2 2 2 2 2 2 2 2 2 2
left_child=1 2 7 5 -5 -4 -2 8 9 -1 12 -12 -7 -13
right_child=6 -3 3 4 -6 10 -8 -9 -10 -11 11 13 -14 -15
leaf_value=0.043903868307220782 0.033141104815679369 -0.070139486770443918 0.035907579577772901 0.052970619272623858 -0.061268284750123296 -0.099732773395307339 -0.078203736466645135 0.055246952909840399 0.050761732844224729 -0.077956296227304184 -0.07977094273885918 0.045160402997016034 0.013212772947559209 -0.068352262663699523
leaf_weight=2767.2161862570792 1045.897765815258 2233.6019554082304 3064.7387707214803 6445.0012779738754 1631.6530201528221 817.8527672290802 4397.0698164999485 8423.3445314615965 4404.213288679719 3148.2967504709959 5361.3993396796286 1841.7450989484787 5058.4191864975728 1100.5582492058165
leaf_count=8533 694 6663 7956 211251 4610 375 4663 9611 12165 4508 6273 2009 6706 795
internal_value=0.000272063 0.00699091 0.0109156 -0.00334016 0.0298447 -0.0188908 -0.0567866 0.0301663 0.00966091 -0.0209735 -0.0307514 -0.050611 -0.00264959 0.00261368
internal_weight=51741 46298 44064.4 25321.4 8076.65 17244.7 5442.97 18743.1 10319.7 5915.51 14180 8303.7 5876.27 2942.3
internal_count=286812 281455 274792 239975 215861 24114 5357 34817 25206 13041 16158 9077 7081 2804
is_linear=0
shrinkage=0.05


Tree=8
num_leaves=15
num_cat=0
split_feature=41 28 43 56 33 32 27 37 37 27 37 27 23 37
split_gain=7161.17 4856.69 4863.28 4792.4 8261.17 8207.44 4959.19 4649.49 3822.65 3539.29 3404.41 2492.75 4264.29 2444.27
threshold=0.70833334326744091 1.0000000180025095e-35 6.5896136760711679 1.0000000180025095e-35 1.4978661537170412 3.3842465877532963 4.3372693061828622 1.0000000180025095e-35 1.2424533367156985 6.6234009265899667 1.4978661537170412 2.9174053668975835 2.6735538244247441 1.0000000180025095e-35
decision_type=2 2 2 2 2 2 2 2 2 2 2 2 2 2
left_child=1 9 3 11 5 -5 -6 -7 -9 10 -1 12 -3 -4
right_child=-2 2 13 4 6 7 -8 8 -10 -11 -12 -13 -14 -15
leaf_value=-0.095988725720928439 -0.081038336915063527 0.052958705696423941 0.014202949973896449 0.055088588427643526 -0.10522508416774808 0.0194776407494648 0.061766218314297572 -0.092929926576979738 0.0085359200525150034 0.061088141036048975 0.058116668352356564 0.035531484613350151 -0.074884425303294269 -0.059511480332415628
leaf_weight=2517.8856561989523 2560.8214126229286 1195.1512022614479 1633.4786684066057 6038.103541970253 2668.7181776762009 3508.3401818275452 526.1675860285759 2738.6283872425556 1399.2046824097633 570.2095901966095 410.72806127369404 20517.440480209421 1412.5977435112 3576.212290123105
leaf_count=3572 3077 4561 1177 8731 1852 2622 729 2908 895 748 2673 245337 2407 5523
internal_value=0.000293554 0.0045849 0.00898069 0.0149002 -0.00535502 0.0115603 -0.0776163 -0.0228407 -0.0586815 -0.0520839 -0.0742517 0.0296805 -0.0163145 -0.0364157
internal_weight=51273.7 48712.9 45214 40004.4 16879.2 13684.3 3194.89 7646.17 4137.83 3498.82 2928.61 23125.2 2607.75 5209.69
internal_count=286812 283735 276742 270042 17737 15156 2581 6425 3803 6993 6245 252305 6968 6700
is_linear=0
shrinkage=0.05


Tree=9
num_leaves=15
num_cat=0
split_feature=40 43 31 46 28 48 37 28 27 27 36 35 22 37
split_gain=6603.93 3819.78 3485.08 3327.89 3966.01 6392.43 3178.34 3085.57 2565.71 2353.36 4435.68 2297.89 3408.38 2584.34
threshold=2.2361613218890857e-06 6.5896136760711679 0.33854167163372045 0.84159052371978771 2.7403194904327397 0.84631755948066723 1.0000000180025095e-35 1.0000000180025095e-35 3.3497501611709599 6.6153936386108407 0.7947368621826173 1.1368903187758408e-06 6.8018388748168954 2.1383330821990971
decision_type=2 2 2 2 2 2 2 2 2 2 2 2 2 2
left_child=11 2 -2 4 5 7 -6 -4 -7 -3 -11 -1 -13 -14
right_child=1 9 3 -5 6 8 -8 -9 -10 10 -12 12 13 -15
leaf_value=0.034297619371357772 -0.07062238500106964 -0.077527807949159311 -0.049185289481367057 0.042851403794555432 0.027707819890638419 -0.0841537204838535 -0.037322399667384293 0.048300686435817045 0.02505168912352872 0.060650091900937488 -0.070997447348031942 -0.064396767697006238 0.0044626151931861924 -0.098507386083598311
leaf_weight=1195.6730832522735 1108.4992378386669 1782.0880930274725 871.28316679596901 10198.532913506031 2688.5725726000965 1630.113448575139 6184.0887826015241 10557.303116254508 794.62831343710423 1319.7479321360588 1223.2769527435303 5929.7447236478329 4594.4600981473923 692.39752292633057
leaf_count=4868 6116 3052 1193 228699 3263 2296 7523 14410 1307 1685 987 8680 2503 230
internal_value=0.000307417 0.0105661 0.0161927 0.0191362 0.00847954 0.0251886 -0.0176081 0.0408321 -0.0484094 -0.0336431 -0.00270666 -0.0313785 -0.0384038 -0.00918345
internal_weight=50770.4 38358.1 34033 32924.5 22726 13853.3 8872.66 11428.6 2424.74 4325.11 2543.02 12412.3 11216.6 5286.86
internal_count=286812 270531 264807 258691 29992 19206 10786 15603 3603 5724 2672 16281 11413 2733
is_linear=0
shrinkage=0.05


Tree=10
num_leaves=15
num_cat=0
split_feature=28 43 56 28 37 27 37 27 36 36 27 33 23 48
split_gain=6006.65 5353.26 4774.46 6426.96 5890.8 3491.79 3555.37 2715.12 4841.06 2440.88 3384.08 2844.13 2242.34 8021.52
threshold=1.0000000180025095e-35 6.5896136760711679 1.0000000180025095e-35 2.7403194904327397 1.0000000180025095e-35 6.6234009265899667 1.4978661537170412 6.6153936386108407 0.7947368621826173 0.74342104792594921 4.3372693061828622 1.4978661537170412 3.979637980461121 0.79942595958709728
decision_type=2 2 2 2 2 2 2 2 2 2 2 2 2 2
left_child=5 2 12 -4 -5 6 -1 -3 -9 -6 11 -11 13 -2
right_child=1 7 3 4 9 -7 -8 8 -10 10 -12 -13 -14 -15
leaf_value=-0.090137780050139116 0.045400281037638768 -0.071824500165557179 0.042918745543644166 0.024861112213797429 -0.064344186074365678 0.060513769038767685 0.059929370725176484 0.060429364725695905 -0.067732091682389889 0.031866425187071078 0.062109158444147106 -0.11893332524672676 0.041801747178577542 -0.044397352375553235
leaf_weight=3372.7372232163325 6341.5831004097126 3014.9416142255068 4625.8413642644882 3949.9685792922974 6472.7080965340137 556.72314816713333 439.82544821500778 1450.0747314244509 1477.5338733196259 516.00375854969025 1040.1936122179031 770.13379454612732 12262.149287684821 4077.691654458642
leaf_count=4573 10762 4324 5921 3662 6632 748 2808 1854 1110 667 1134 401 236237 5979
internal_value=0.000316101 0.00564206 0.0122141 -0.0075069 -0.0258226 -0.0556392 -0.0727142 -0.0386032 -0.00426278 -0.0485774 -0.00462067 -0.0586528 0.0273177 0.0102482
internal_weight=50368.1 45998.8 40056.3 17374.8 12749 4369.29 3812.56 5942.55 2927.61 8799.04 2326.33 1286.14 22681.4 10419.3
internal_count=286812 278683 271395 18417 12496 8129 7381 7288 2964 8834 2202 1068 252978 16741
is_linear=0
shrinkage=0.05


Tree=11
num_leaves=15
num_cat=0
split_feature=31 43 46 28 48 37 28 46 36 27 37 37 48 47
split_gain=5535.36 4537.9 4722.03 5500.89 7688.46 5040.12 3394.42 3221.04 2449.37 2571.21 2414.53 2277.68 1749.98 1608.67
threshold=0.33854167163372045 6.5896136760711679 0.84159052371978771 2.7403194904327397 0.84631755948066723 1.0000000180025095e-35 1.0000000180025095e-35 0.72111111879348766 0.72474747896194469 4.3241107463836679 1.0000000180025095e-35 2.8617925643920903 0.737686187028885 3.9219243526458745
decision_type=2 2 2 2 2 2 2 2 2 2 2 2 2 2
left_child=-1 2 3 4 6 -5 13 -6 -7 -10 12 -12 -3 -2
right_child=1 10 -4 5 7 8 -8 -9 9 -11 11 -13 -14 -15
leaf_value=-0.071027459065828344 0.024649983846797424 -0.041428093870524214 0.038522273829352832 0.022847460362633999 0.048069770107483437 -0.060220227488048811 0.04550696321300296 -0.068840118638750711 -0.043174382706431307 0.053071597350694624 -0.066847089676452642 0.064884417564599395 0.061699890795834648 -0.081942352222468123
leaf_weight=2567.228660186287 617.05664735287428 742.50235652923584 10790.818249151576 4078.4070384847 730.85898297280073 6637.3644890910946 11844.10595407337 2903.3276589363813 1738.4796357452869 1140.61669353256 3974.5165457129478 349.730444252491 898.41401371359825 808.71151733398438
leaf_count=8561 2704 375 230674 4303 1298 7139 17270 4382 1487 1343 5886 225 802 363
internal_value=0.00032976 0.00422061 0.010112 5.08934e-05 0.019089 -0.0236181 0.0367333 -0.0452614 -0.0435346 -0.00499272 -0.0365075 -0.056068 0.015067 -0.03596
internal_weight=49822.1 47254.9 41289.7 30498.9 16904.1 13594.9 13269.9 3634.19 9516.46 2879.1 5965.16 4324.25 1640.92 1425.77
internal_count=286812 278251 270963 40289 26017 14272 20337 5680 9969 2830 7288 6111 1177 3067
is_linear=0
shrinkage=0.05


Tree=12
num_leaves=15
num_cat=0
split_feature=40 43 48 31 36 27 54 33 37 32 37 22 35 22
split_gain=5142.01 2855.67 2844.46 2280.08 1836.92 4560.34 2162.2 2769.15 2347.38 2110.18 2709.33 1921.63 1834.1 2624.04
threshold=2.2361613218890857e-06 6.5896136760711679 0.95818233489990245 0.33854167163372045 0.70714285969734203 2.9174053668975835 1.0000000180025095e-35 1.4978661537170412 1.2424533367156985 3.3842465877532963 1.0000000180025095e-35 6.7996129989624032 1.1368903187758408e-06 6.8018388748168954
decision_type=2 2 2 2 2 2 2 2 2 2 2 2 2 2
left_child=12 2 3 -2 6 -6 7 9 -8 -5 -11 -12 -1 -14
right_child=1 -3 -4 4 5 -7 8 -9 -10 10 11 -13 13 -15
leaf_value=0.032671503895459572 -0.060706494206403394 -0.028243526630964813 0.047971096427281881 0.029096206812661063 -0.063699251976805385 0.039118523556531046 -0.10751958097574353 -0.07267522479471028 0.051626843745561424 0.027674167203084622 0.010805915988140364 -0.070194281857351812 -0.056149425077791665 -0.0077177032921102069
leaf_weight=1140.5678550330922 1139.9103794470429 4363.8287616223097 5379.6853910565842 7554.1325828135014 1209.6785704046488 9356.5881130313501 852.67292216420174 1037.2101941211149 309.88732317090034 2506.5483329370618 1127.4123214432038 2066.2699451446533 6015.4520639628172 5226.0947855710983
leaf_count=4868 6116 5724 189105 15403 2326 15131 583 1002 815 16022 16716 1588 8680 2733
internal_value=0.000339023 0.00969442 0.0147893 0.00820164 0.0112426 0.0272983 0.000254379 0.0056059 -0.0650197 0.0117819 -0.0111744 -0.0416557 -0.0275292 -0.0336608
internal_weight=49285.9 36903.8 32540 27160.3 26020.4 10566.3 15454.1 14291.6 1162.56 13254.4 5700.23 3193.68 12382.1 11241.5
internal_count=286812 270531 264807 75702 69586 17457 52129 50731 1398 49729 34326 18304 16281 11413
is_linear=0
shrinkage=0.05


Tree=13
num_leaves=15
num_cat=0
split_feature=41 26 48 43 18 27 47 23 31 47 33 53 27 27
split_gain=4800.22 3555.35 4069.54 2543.39 3167.47 3003.02 2465.81 3530.2 5243.78 3061.15 2365.1 3698.98 2837.78 2413.3
threshold=0.70833334326744091 0.9779600501060487 0.97732356190681469 3.5972183942794804 6.0879099369049081 4.3502571582794198 3.6242519617080693 3.5114340782165532 0.69848483800888073 3.8815106153488164 1.4978661537170412 1.0000000180025095e-35 4.3372693061828622 4.3372693061828622
decision_type=2 2 2 2 2 2 2 2 2 2 2 2 2 2
left_child=1 2 3 4 -1 -5 7 8 -6 -8 11 12 -11 -12
right_child=-2 -3 -4 5 6 -7 9 -9 -10 10 13 -13 -14 -15
leaf_value=-0.089187527214143095 -0.065700657219451952 -0.05642746272810846 0.051495116592550988 -0.047246148481103006 0.032310577300912524 0.0018789109316348493 0.053122658317338395 0.043198740010973694 -0.05534171317569591 -0.11065550501865716 -0.086999201264585879 0.059122663996342806 0.0054555964985778154 0.058368820074152963
leaf_weight=751.91214944561943 2594.9989029765129 2298.5138772204518 4634.2508919953834 4799.5261736735702 2696.6678135991096 8806.5901547274552 6453.8297278285027 2768.60023021698 4611.8098789900541 621.78105172514915 1101.7904635071754 3190.5054486989975 3144.7220872044563 376.27221339941025
leaf_count=2690 3077 6663 175153 6498 8585 53397 8561 8134 4929 540 872 4256 2848 609
internal_value=0.000338732 0.00405693 0.00723169 0.00200357 0.0112514 -0.0154718 0.0143109 -0.0047876 -0.023 0.0272316 0.00738237 0.0195957 -0.0139545 -0.0498491
internal_weight=48851.8 46256.8 43958.3 39324 25717.9 13606.1 24966 10077.1 7308.48 14888.9 8435.07 6957.01 3766.5 1478.06
internal_count=286812 283735 277072 101919 42024 59895 39334 21648 13514 17686 9125 7644 3388 1481
is_linear=0
shrinkage=0.05


Tree=14
num_leaves=15
num_cat=0
split_feature=41 26 48 36 22 22 36 49 54 33 37 53 33 23
split_gain=4342.38 3199.55 3824.97 2432.97 2744.82 3184.73 2807.75 4069.37 3929.29 4697.4 2287.52 2258.79 5876.08 1853.34
threshold=0.70833334326744091 0.9779600501060487 0.97732356190681469 0.36931818723678594 6.7973818778991708 6.8007264137268075 0.74342104792594921 0.78706032037734996 1.0000000180025095e-35 1.4978661537170412 1.8688347935676577 1.0000000180025095e-35 1.4978661537170412 6.6059741973876962
decision_type=2 2 2 2 2 2 2 2 2 2 2 2 2 2
left_child=1 2 3 10 -5 -6 8 11 9 -7 -1 -8 -13 -3
right_child=-2 13 -4 4 5 6 7 -9 -10 -11 -12 12 -14 -15
leaf_value=-0.066701136930152352 -0.062468267078665499 -0.075128650728871302 0.050696769496892072 0.048755009544464482 -0.026654682268541154 0.014976691878462199 0.055510478362515506 -0.12320527578815187 -0.08591534540502864 -0.071729321375011326 0.043869259494872442 0.059870276760591951 -0.10625166086279875 0.037220345368501877
leaf_weight=2179.8473735633306 2593.3492192625999 1865.075817247387 4476.0516377752647 3306.3546824422665 7886.362860172987 13151.666233539581 6158.7282561659813 391.11889779567719 1290.935363471508 1762.4606956839561 587.27960953535512 1395.1509721875191 846.98175430297852 449.89025297760963
leaf_count=6275 3077 6092 175153 58287 14481 11412 6361 169 825 1150 1116 1421 422 571
internal_value=0.000345149 0.00391878 0.00697627 0.00194117 0.00540071 0.00102804 0.00976887 0.0325018 -0.0025772 0.00468911 -0.0431608 0.0398889 -0.00307662 -0.0532286
internal_weight=48341.3 45747.9 43432.9 38956.9 36189.8 32883.4 24997 8791.98 16205.1 14914.1 2767.13 8400.86 2242.13 2314.97
internal_count=286812 283735 277072 101919 94528 36241 21760 8373 13387 12562 7391 8204 1843 6663
is_linear=0
shrinkage=0.05


Tree=15
num_leaves=15
num_cat=0
split_feature=31 43 46 28 48 37 28 46 27 36 36 27 21 33
split_gain=4120.45 3384.37 3702.54 4259.27 6131.33 3866.69 2595 2544.48 1987.07 3982.86 1676.31 2057.12 1335.43 1327.44
threshold=0.33854167163372045 6.5896136760711679 0.84159052371978771 2.7403194904327397 0.84631755948066723 1.0000000180025095e-35 1.0000000180025095e-35 0.72111111879348766 6.6153936386108407 0.7947368621826173 0.72474747896194469 4.3241107463836679 0.92218375205993663 2.8617925643920903
decision_type=2 2 2 2 2 2 2 2 2 2 2 2 2 2
left_child=-1 2 3 4 6 -5 -2 -6 -3 -10 -7 -12 -8 -11
right_child=1 8 -4 5 7 10 12 -9 9 13 11 -13 -14 -15
leaf_value=-0.060797286220982086 -0.029542374544805884 -0.058967848767478952 0.035629661160349643 0.021055502755652079 0.047023786888357955 -0.051288002289329684 0.0014033644207687098 -0.059090153958494041 0.059626346443502426 -0.075174235962391645 -0.038141539474982236 0.050513173097736487 0.050418736711944148 0.064161068102053104
leaf_weight=2595.0550581407733 1382.8383584618568 3087.0022084116936 9904.7073812934104 3954.3635139889084 689.60839019715786 6696.2704390338622 1637.2264001742005 2961.2858209013939 1385.6343706697226 1317.5333080291748 1743.4697275012732 1033.9400250758044 9200.3414887189865 188.42515406012535
leaf_count=8561 3067 4324 230674 4303 1298 7139 2650 4382 1854 981 1487 1343 14620 129
internal_value=0.000348219 0.00387277 0.00921846 0.00028098 0.017811 -0.0204365 0.0347934 -0.0389729 -0.0311379 -0.00132636 -0.0377594 -0.00507543 0.0430221 -0.0574324
internal_weight=47777.7 45182.6 39204.1 29299.3 15871.3 13428 12220.4 3650.89 5978.6 2891.59 9473.68 2777.41 10837.6 1505.96
internal_count=286812 278251 270963 40289 26017 14272 20337 5680 7288 2964 9969 2830 17270 1110
is_linear=0
shrinkage=0.05


Tree=16
num_leaves=15
num_cat=0
split_feature=40 46 48 22 22 47 36 36 48 28 36 32 35 22
split_gain=3769.17 2163.84 2510.62 1882.73 2473.38 2678.38 2647.27 2116.5 2094.57 2650.1 2075.17 1648.95 1460.84 1979.22
threshold=2.2361613218890857e-06 0.97856664657592785 0.97732356190681469 6.7973818778991708 6.8007264137268075 3.9219243526458745 0.74342104792594921 0.80909091234207164 0.86822202801704418 2.6735538244247441 0.38750000298023229 2.5249279737472539 1.1368903187758408e-06 6.8018388748168954
decision_type=2 2 2 2 2 2 2 2 2 2 2 2 2 2
left_child=12 2 3 -2 11 6 8 10 9 -6 -7 -5 -1 -14
right_child=1 -3 -4 4 5 7 -8 -9 -10 -11 -12 -13 13 -15
leaf_value=0.031945549722844316 0.04618986925240455 -0.049527531945214053 0.047820642998811641 -0.070746472241479536 0.047254012090095304 -0.073575706097225593 0.057232745084949771 -0.089994197378489987 -0.055451966102267804 -0.021967170039958055 0.0069014828828620539 -0.010876380779447902 -0.04832349479666484 -0.006095733850192752
leaf_weight=1074.7236618893221 2667.0700251043309 1515.5610514944419 4129.2058818074875 1465.7092095315456 3460.6871327161789 893.58887225389481 4418.3880977928638 742.15326368808746 1095.3052660226822 2290.5513535141945 7047.8866124749184 5235.2939401268959 6017.3023532927036 5148.2716697454453
leaf_count=4868 58348 5667 174442 2621 4503 521 5444 389 1067 2428 4998 10103 8680 2733
internal_value=0.000353642 0.0087142 0.0113674 0.00621843 0.00220229 0.011031 0.0271066 -0.00983039 0.00760966 0.0196949 -0.0022351 -0.0240577 -0.0235139 -0.0288758
internal_weight=47201.7 34961.4 33445.8 29316.6 26649.6 19948.6 11264.9 8683.63 6846.54 5751.24 7941.48 6701 12240.3 11165.6
internal_count=286812 270531 264864 90422 32074 19350 13442 5908 7998 6931 5519 12724 16281 11413
is_linear=0
shrinkage=0.05


Tree=17
num_leaves=15
num_cat=0
split_feature=31 43 46 28 48 37 28 46 37 37 48 36 27 21
split_gain=3553.37 2908.52 3266.3 3653.15 5276.36 3425.05 2406.25 2178.84 1788.09 1635.31 1495.92 1454.01 1791.11 1306.35
threshold=0.33854167163372045 6.5896136760711679 0.84159052371978771 2.7403194904327397 0.84631755948066723 1.0000000180025095e-35 1.0000000180025095e-35 0.72111111879348766 1.0000000180025095e-35 2.8617925643920903 0.737686187028885 0.72474747896194469 4.3241107463836679 0.92218375205993663
decision_type=2 2 2 2 2 2 2 2 2 2 2 2 2 2
left_child=-1 2 3 4 6 -5 -2 -6 10 -10 -3 -7 -13 -8
right_child=1 8 -4 5 7 11 13 -9 9 -11 -12 12 -14 -15
leaf_value=-0.056553834269454664 -0.028461343402725048 -0.03433230065564357 0.03413487908760799 0.020511596141613225 0.045767490936270472 -0.047557853817291378 0.00023156611644566954 -0.053663017945846207 -0.054380434941558586 0.062387619545482879 0.060895938953310261 -0.034521098950313446 0.049340328514255863 0.04927458557761491
leaf_weight=2581.1980420392938 1381.6530357450247 777.97341978549957 9507.9610912841745 3918.256987918634 667.07864401489496 6711.5420805830508 1608.3199551701546 2984.986771851778 3991.4885351210833 315.91570135951042 856.41483284533024 1758.7104305177927 984.88909430801868 8711.5467283502221
leaf_count=8561 3067 375 230674 4303 1298 7139 2650 4382 5886 225 802 1487 1343 14620
internal_value=0.000353215 0.00369028 0.00874946 0.000338526 0.0169742 -0.0187588 0.0333447 -0.0354259 -0.0288252 -0.0456917 0.0156339 -0.0350372 -0.00434692 0.041639
internal_weight=46757.9 44176.7 38234.9 28727 15353.6 13373.4 11701.5 3652.07 5941.79 4307.4 1634.39 9455.14 2743.6 10319.9
internal_count=286812 278251 270963 40289 26017 14272 20337 5680 7288 6111 1177 9969 2830 17270
is_linear=0
shrinkage=0.05


Tree=18
num_leaves=15
num_cat=0
split_feature=41 26 48 22 22 36 49 33 54 52 37 47 37 37
split_gain=3231.49 2431.06 3140.74 1984.19 1814.6 3027.77 3396.88 2574.04 2501.82 3072.13 2333.22 2216.59 2200.16 1924.8
threshold=0.70833334326744091 0.9779600501060487 0.97732356190681469 6.7973818778991708 6.8007264137268075 0.70714285969734203 0.78706032037734996 1.4978661537170412 1.0000000180025095e-35 1.0000000180025095e-35 1.0000000180025095e-35 3.6242519617080693 0.89587974548339855 1.0000000180025095e-35
decision_type=2 2 2 2 2 2 2 2 2 2 2 2 2 2
left_child=1 2 3 -1 -5 7 -7 8 9 11 -11 13 -12 -6
right_child=-2 -3 -4 4 5 6 -8 -9 -10 10 12 -13 -14 -15
leaf_value=0.038566224139870958 -0.054417354076806014 -0.046419570602137805 0.048362706341921968 -0.022318722554883767 -0.044680291159902429 0.037606712491306836 -0.10985316077166318 -0.064914855266962987 -0.062702224251815541 0.0080852445462983522 -0.096207637227545537 0.054386845712939003 -0.014189380285321169 0.045797855873706023
leaf_weight=3334.181033647852 2534.4903969168663 2295.8167658257298 4003.5315372722689 8171.6224329471588 1379.8808813095093 7650.4798782169819 401.98960369825363 1711.9335233569145 1463.0944994688034 4786.3401503562927 1321.7395397424698 3997.4517021775246 2129.1745655536652 1008.7507678866386
leaf_count=63234 3077 6663 175153 15124 1536 8242 169 1144 1139 3649 1095 4485 1121 981
internal_value=0.000356448 0.00354813 0.00633228 0.00181612 -0.00179564 0.00469796 0.0301182 -0.00681331 -0.000593599 0.0056591 -0.0145136 0.0316614 -0.0457905 -0.00643854
internal_weight=46190.5 43656 41360.2 37356.6 34022.5 25850.8 8052.47 17798.4 16086.4 14623.3 8237.25 6386.08 3450.91 2388.63
internal_count=286812 283735 277072 101919 38685 23561 8411 15150 14006 12867 5865 7002 2216 2517
is_linear=0
shrinkage=0.05


Tree=19
num_leaves=15
num_cat=0
split_feature=31 43 27 36 32 32 36 43 54 27 27 22 56 33
split_gain=3113.98 2587.56 3493.79 2484.96 3324.82 3480.31 2320.87 4268.07 2496.82 2117.68 1813.04 2320.34 1910.45 2176.9
threshold=0.33854167163372045 3.5972183942794804 4.3502571582794198 0.7947368621826173 6.5882363319396982 6.5847904682159433 0.5634920895099641 3.113268375396729 1.0000000180025095e-35 6.6220710277557382 2.9174053668975835 6.7973818778991708 1.0000000180025095e-35 1.4978661537170412
decision_type=2 2 2 2 2 2 2 2 2 2 2 2 2 2
left_child=-1 6 -3 4 5 -4 7 -2 -9 -5 11 -8 -12 -14
right_child=1 2 3 9 -6 -7 10 8 -10 -11 12 -13 13 -15
leaf_value=-0.053091682913650587 -0.079501379007300074 -0.04370191389216755 0.0059654504414115173 0.060902001487134899 0.05066877352032792 -0.10638972257094192 0.056182155077436825 0.017639822183487676 -0.065715610957279111 -0.067161563476308223 0.05387207441797455 -0.051362777700807077 0.030587213255742009 -0.047232785215364427
leaf_weight=2561.8538033347577 1552.2048865258694 5598.7603208124638 5426.9473002445884 384.94087964901701 3877.029942497611 779.37245190888643 760.97286161035299 9019.6293502375484 987.7913658618927 1793.9800143241882 6406.986978083849 1426.5456866323948 3910.0118685662746 1156.4102278351784
leaf_count=8561 2107 6272 209424 3679 8702 3101 6094 14520 946 1368 11798 2373 6804 1063
internal_value=0.000354621 0.0035444 -0.0110131 0.00393557 0.0144059 -0.00829225 0.0138542 -0.00263508 0.00935476 -0.0443622 0.0277988 -0.0138657 0.0357477 0.0127668
internal_weight=45643.4 43081.6 17861 12262.3 10083.3 6206.32 25220.6 11559.6 10007.4 2178.92 13660.9 2187.52 11473.4 5066.42
internal_count=286812 278251 232546 226274 221227 212525 45705 17573 15466 5047 28132 8467 19665 7867
is_linear=0
shrinkage=0.05


Tree=20
num_leaves=15
num_cat=0
split_feature=40 43 48 18 26 22 22 36 47 36 48 28 35 43
split_gain=2840.76 1586.58 1935.87 1501.54 1392.52 1432.78 1516.82 1927.38 1801.81 3029.22 1477.43 1300.47 1131.62 1582.62
threshold=2.2361613218890857e-06 6.5896136760711679 0.95818233489990245 6.1685636043548593 0.58797526359558117 6.7973818778991708 6.8007264137268075 0.70714285969734203 3.9219243526458745 0.80909091234207164 0.86619299650192272 6.5687797069549569 1.1368903187758408e-06 1.2424533367156985
decision_type=2 2 2 2 2 2 2 2 2 2 2 2 2 2
left_child=12 2 3 -2 -5 -6 11 -8 -9 10 -10 -7 13 -1
right_child=1 -3 -4 4 5 6 7 8 9 -11 -12 -13 -14 -15
leaf_value=-0.10074516157203182 -0.059315047828317494 -0.020659922976257669 0.042830539173804999 0.041303806536111445 0.046218058142218972 -0.034178979667300366 -0.0054533749399990434 0.055917252775788656 0.055115199215198675 -0.09213882717837367 -0.13127430082828814 0.038176037506525082 -0.025206885830506738 0.059212583761133877
leaf_weight=180.12851426983252 824.02109806798398 4234.6509445756674 4338.3965087258257 2906.7436323389411 1856.1935537003446 4204.8559291064739 8887.3423971235752 3210.4002974331379 1201.0615230798721 651.62824821472168 107.07053911685944 719.78176891803741 10944.090685635805 828.36478675156832
leaf_count=539 5855 5724 189105 6912 39195 7766 8331 4147 1196 329 58 1913 11413 4329
internal_value=0.000353558 0.00789024 0.0120782 0.00663281 0.00894539 0.00441406 0.00030402 0.00867057 0.0329128 -0.00486461 0.0389791 -0.0235477 -0.0205333 0.0299336
internal_weight=45094.7 33142.1 28907.5 24569.1 23745.1 20838.3 18982.1 14057.5 5170.16 1959.76 1308.13 4924.64 11952.6 1008.49
internal_count=286812 270531 264807 75702 69847 62935 23740 14061 5730 1583 1254 9679 16281 4868
is_linear=0
shrinkage=0.05


Tree=21
num_leaves=15
num_cat=0
split_feature=41 26 48 22 46 23 22 36 47 36 48 33 31 26
split_gain=2682.92 1916.56 2735.86 1661.37 1484.82 1443.22 1435.62 2482.75 2979.49 2726.78 4094.52 2111.21 2324.15 1852.85
threshold=0.70833334326744091 0.9779600501060487 0.97732356190681469 6.7973818778991708 0.086797066032886519 6.6059741973876962 6.8007264137268075 0.74342104792594921 3.9219243526458745 0.82085561752319347 0.88800454139709484 1.4978661537170412 0.78867626190185558 0.74521261453628551
decision_type=2 2 2 2 2 2 2 2 2 2 2 2 2 2
left_child=1 2 3 4 -1 -3 -5 11 -9 10 -10 12 13 -8
right_child=-2 5 -4 6 -6 -7 7 8 9 -11 -12 -13 -14 -15
leaf_value=-0.092696886486893559 -0.050063141638167323 -0.060855828491604064 0.046809024477303361 -0.019828234632112248 0.04576847131133701 0.039069953106446578 0.014542954175667207 0.055545672556658987 0.056286851422005402 -0.082498226811445391 -0.10341068498955673 -0.058249230357640791 0.046014584401367437 -0.023177066101220452
leaf_weight=198.21128006046638 2481.8642050921917 1826.0770470499992 3692.5264433934353 8129.8897379934788 2900.3782562401611 442.51396027207375 5414.8273978531361 4298.3178136348724 1778.9806337356567 881.56965816020966 507.74379140138626 1726.9498158097267 2313.9203664660454 8134.7711489200592
leaf_count=1672 3077 6092 175153 15124 61562 571 5851 5985 1743 423 222 1182 2365 5790
internal_value=0.000353138 0.00332609 0.00586689 0.00168875 0.0366414 -0.0412783 -0.00158475 0.00433998 0.028477 -0.00830542 0.0205318 -0.00591579 -0.000185507 -0.0081034
internal_weight=44728.5 42246.7 39978.1 36285.6 3098.59 2268.59 33187 25057.1 7466.61 3168.29 2286.72 17590.5 15863.5 13549.6
internal_count=286812 283735 277072 101919 63234 6663 38685 23561 8373 2388 1965 15188 14006 11641
is_linear=0
shrinkage=0.05


Tree=22
num_leaves=15
num_cat=0
split_feature=31 43 27 36 32 32 36 43 54 27 37 27 22 56
split_gain=2567.08 2126.25 2890.68 2094.58 2915.96 3064.1 1979.42 3574.56 2173.09 1763.89 1613.43 1612.74 1932.15 1742.46
threshold=0.33854167163372045 3.5972183942794804 4.3502571582794198 0.7947368621826173 6.5882363319396982 6.5847904682159433 0.5634920895099641 3.113268375396729 1.0000000180025095e-35 6.6220710277557382 1.8688347935676577 2.9174053668975835 6.7973818778991708 1.0000000180025095e-35
decision_type=2 2 2 2 2 2 2 2 2 2 2 2 2 2
left_child=-1 6 -3 4 5 -4 7 -2 -9 -5 -10 12 -8 -13
right_child=1 2 3 9 -6 -7 11 8 10 -11 -12 13 -14 -15
leaf_value=-0.048497223414953557 -0.072935801051433491 -0.039711478979713138 0.0061282913208744955 0.059777978817725765 0.049235724653465672 -0.10035202252981219 0.054992829166635428 0.01675601904698178 -0.094168222634262111 -0.060589136855698 0.05721772568969833 0.052620216671648401 -0.04686835412362847 0.012089652093864315
leaf_weight=2525.1772505533881 1535.811360552907 5555.3379761725664 5384.6844478829298 357.34373902785592 3630.5637072473764 762.41217850148678 681.83849626779556 8845.3475295677781 779.4554129242897 1804.3671891093254 219.14233747124672 5847.2684388905764 1414.9753264188766 4859.3811650574207
leaf_count=8561 2107 6272 209424 3679 8702 3101 6094 14520 569 1368 377 11798 2373 7867
internal_value=0.000353033 0.00332369 -0.00995085 0.00391828 0.0137717 -0.00721979 0.0129269 -0.00224721 0.00884415 -0.0405081 -0.0607087 0.026405 -0.0136415 0.0342532
internal_weight=44203.1 41677.9 17494.7 11939.4 9777.66 6147.1 24183.2 11379.8 9843.95 2161.71 998.598 12803.5 2096.81 10706.6
internal_count=286812 278251 232546 226274 221227 212525 45705 17573 15466 5047 946 28132 8467 19665
is_linear=0
shrinkage=0.05


Tree=23
num_leaves=15
num_cat=0
split_feature=31 43 27 22 22 36 27 33 36 32 32 54 32 37
split_gain=2329.08 1946.84 2606.36 1919.58 2897.17 2349.79 2108.45 2083.82 1904.05 2735.29 2803.21 1831.18 1669.45 1920.67
threshold=0.33854167163372045 3.5972183942794804 4.3502571582794198 6.7973818778991708 6.7984981536865243 0.74342104792594921 2.9174053668975835 1.4978661537170412 0.7947368621826173 6.5882363319396982 6.5847904682159433 1.0000000180025095e-35 3.3842465877532963 1.0000000180025095e-35
decision_type=2 2 2 2 2 2 2 2 2 2 2 2 2 2
left_child=-1 3 -3 -2 -5 7 -7 11 9 10 -4 12 -6 -14
right_child=1 2 8 4 5 6 -8 -9 -10 -11 -12 -13 13 -15
leaf_value=-0.046253359850345802 0.053814687003304489 -0.037732708838536702 0.0058394806710118487 -0.059017014006636115 0.027233904447076813 -0.060096649755366521 0.042429262088790914 -0.056566662589383726 -0.038612497950933904 0.048396875132119571 -0.096546082593393659 -0.056949748093684076 0.023310517889166646 -0.055163937778989508
leaf_weight=2516.0121385431848 2503.8102151080966 5554.8589567691088 5369.3484867427032 1505.8942619860172 6828.4148325920105 532.25586485862732 6866.7280679643154 1457.0774065852165 2153.6756527330726 3512.0128209739923 753.45862597227097 1009.1442824602127 1512.8302661776543 1589.7863995432854
leaf_count=8561 16816 6272 209424 3209 9423 636 10749 976 5047 8702 3101 941 1443 1512
internal_value=0.000349374 0.00320937 -0.00952923 0.0124899 0.00760974 0.0127053 0.0349828 -0.000607991 0.00378126 0.0132878 -0.00689673 0.00688977 0.0134276 -0.016948
internal_weight=43665.3 41149.3 17343.4 23805.9 21302.1 19796.2 7398.98 12397.3 11788.5 9634.82 6122.81 10940.2 9931.03 3102.62
internal_count=286812 278251 232546 45705 28889 25680 11385 14295 226274 221227 212525 13319 12378 2955
is_linear=0
shrinkage=0.05


Tree=24
num_leaves=15
num_cat=0
split_feature=41 32 47 37 23 47 28 23 27 43 27 36 47 33
split_gain=2167.55 1673.35 1801.01 2676.2 2421.34 2066.45 2444.27 2608.62 1707.12 1753.29 1495.8 3426.52 1875.14 1479.14
threshold=0.70833334326744091 1.2424533367156985 3.8815106153488164 1.0000000180025095e-35 2.8617925643920903 3.6242519617080693 2.2499048709869389 3.5408543348312382 6.6234009265899667 2.3502402305603032 6.6153936386108407 0.7947368621826173 6.6012263298034677 1.4978661537170412
decision_type=2 2 2 2 2 2 2 2 2 2 2 2 2 2
left_child=1 8 5 -4 -5 6 -3 -8 9 -1 12 -12 -6 -13
right_child=-2 2 3 4 10 -7 7 -9 -10 -11 11 13 -14 -15
leaf_value=0.024137383800191422 -0.045631049102948545 0.044712701393264012 0.022790071586141721 0.045850792540839604 -0.021519982239149405 0.043560148609915944 -0.035029093213253863 0.051652779255699957 0.059695974095882204 -0.054344371545542607 0.043579328233820006 -0.096010034408456152 -0.081111626385218683 -0.008645473940919959
leaf_weight=915.65136586967856 2409.652770370245 2454.7110716626048 7415.7168134006206 1524.7839289009571 7861.6923164378386 5832.5747802108526 3942.3607464060187 1102.7509472444654 511.97377946972847 3108.6342972591519 2420.1397042423487 816.67763890326023 1580.1219647973776 1175.7778195589781
leaf_count=4697 3077 10314 140235 2760 88800 10072 4629 4767 748 3967 6732 353 4018 1643
internal_value=0.000344866 0.00307987 0.00667584 -0.00186317 -0.0137578 0.0212658 0.00389263 -0.0160176 -0.0255106 -0.0364717 -0.0203466 0.00368175 -0.0315681 -0.0447555
internal_weight=43073.2 40663.6 36127.3 22794.9 15379.2 13332.4 7499.82 5045.11 4536.26 4024.29 13854.4 4412.6 9441.81 1992.46
internal_count=286812 283735 274323 244541 104306 29782 19710 9396 9412 8664 101546 8728 92818 1996
is_linear=0
shrinkage=0.05


Tree=25
num_leaves=15
num_cat=0
split_feature=31 43 27 22 22 36 27 33 54 36 27 27 22 22
split_gain=2010.52 1674.06 2172.29 1768.42 2483.14 2120.68 1869.17 1827.65 1594.68 1542.81 2476.36 1545.83 1505.55 1908.42
threshold=0.33854167163372045 3.5972183942794804 4.3502571582794198 6.7973818778991708 6.7984981536865243 0.74342104792594921 2.9174053668975835 1.4978661537170412 1.0000000180025095e-35 0.7947368621826173 6.620739459991456 6.6220710277557382 6.7900948524475107 6.7951462268829355
decision_type=2 2 2 2 2 2 2 2 2 2 2 2 2 2
left_child=-1 3 -3 -2 -5 7 -7 8 -6 10 12 -11 -4 -14
right_child=1 2 9 4 5 6 -8 -9 -10 11 -12 -13 13 -15
leaf_value=-0.043292475415986104 0.052949166623083868 -0.034612030020228814 0.044226120508567703 -0.054974000821762306 0.012670960032331792 -0.056265409447844764 0.041104837700761246 -0.053571361374372753 -0.053197938431737951 0.059687865443613368 0.051872275654823691 -0.053165512945516871 -0.090539300500425343 -0.0040416782886408117
leaf_weight=2475.3925770861097 2340.4421243742108 5511.125663138926 1273.5378396408632 1481.6849553287029 9681.3454448133707 524.49863797426224 6523.3014731258154 1429.9448071718216 1005.2329326272011 355.58721682522446 2773.6611731648445 1807.5166481733322 731.21588543057442 4573.2468385696411
leaf_count=8561 16816 6272 206967 3209 12378 636 10749 976 941 3679 5664 1368 3101 5495
internal_value=0.000343558 0.00305328 -0.00882712 0.011853 0.00717095 0.0120018 0.0337891 -0.000688528 0.00643106 0.00353322 0.0123405 -0.0344245 -0.0043818 -0.0161132
internal_weight=42487.7 40012.3 17025.9 22986.5 20646 19164.3 7047.8 12116.5 10686.6 11514.8 9351.66 2163.1 6578 5304.46
internal_count=286812 278251 232546 45705 28889 25680 11385 14295 13319 226274 221227 5047 215563 8596
is_linear=0
shrinkage=0.05


Tree=26
num_leaves=15
num_cat=0
split_feature=32 47 37 23 47 28 23 37 27 27 37 31 47 37
split_gain=1882.75 2142.02 2887.81 2380.77 1906.5 2134.45 2262.56 1889.27 2038.88 1660.07 1366.47 1350.99 1190.59 1296.93
threshold=1.2424533367156985 3.8815106153488164 1.0000000180025095e-35 2.8617925643920903 3.6242519617080693 2.2499048709869389 3.5408543348312382 1.4978661537170412 6.6234009265899667 4.3502571582794198 1.0000000180025095e-35 0.73030304908752453 3.5972183942794804 0.89587974548339855
decision_type=2 2 2 2 2 2 2 2 2 2 2 2 2 2
left_child=7 4 11 -4 5 -2 10 8 -1 -5 -7 -3 13 -12
right_child=1 2 3 9 -6 6 -8 -9 -10 -11 12 -13 -14 -15
leaf_value=-0.048646425991083105 0.043419403670244418 0.0044728996438827568 0.044783193143759864 -0.038774132539156438 0.042707894594749163 -0.093924845707460528 0.050735715087375767 0.060921603490675436 0.058501665268735709 -0.0055544496369201272 0.039953170784537168 0.048618883901277853 0.05566067374046977 -0.047016766562168313
leaf_weight=4264.8499252577312 2316.9491251930594 4450.2422985765152 1454.2415582835674 7447.4363374710083 5593.4499766305089 716.30059386789799 1037.6100810244679 533.3670047596097 486.96270680427551 7594.6180927632377 522.32448504120111 2830.7887994535267 461.19624716043472 2223.8296323344111
leaf_count=6116 10314 7503 2763 8304 10245 750 4773 4006 748 94667 314 132744 735 2830
internal_value=0.000338828 0.00436433 -0.00452995 -0.0161043 0.0207852 0.00390165 -0.0146037 -0.0275307 -0.0375662 -0.0220166 -0.0319677 0.0216795 -0.0178819 -0.03039
internal_weight=41934.2 36649 23777.3 16496.3 12871.7 7278.21 4961.26 5285.18 4751.81 15042.1 3923.65 7281.03 3207.35 2746.15
internal_count=286812 275942 245981 105734 29961 19716 9402 10870 6864 102971 4629 140247 3879 3144
is_linear=0
shrinkage=0.05


Tree=27
num_leaves=15
num_cat=0
split_feature=41 18 23 41 37 37 36 32 27 31 48 46 28 43
split_gain=1761.21 1570.87 1582.31 1533.07 1492.03 2633.51 1587.12 1762.23 1618.59 1416.59 1981.29 1497.59 1268.24 1237.49
threshold=0.70833334326744091 6.1685636043548593 2.6735538244247441 0.36666667461395269 2.8029010295867924 2.0126758217811589 0.36931818723678594 1.2424533367156985 6.6234009265899667 0.98500338196754467 0.95818233489990245 0.71834936738014232 2.7403194904327397 0.89587974548339855
decision_type=2 2 2 2 2 2 2 2 2 2 2 2 2 2
left_child=1 -1 -3 -4 5 6 -5 8 13 10 11 12 -9 -8
right_child=-2 2 3 4 -6 -7 7 9 -10 -11 -12 -13 -14 -15
leaf_value=-0.058891906786935212 -0.041799833435157918 0.047892149931150166 0.053479746847587231 -0.044155498300944354 0.057219865017570176 -0.048161381277075567 0.052932245446771636 0.042033300139781488 0.059763102985392703 -0.046529454831646139 0.045276093799393131 -0.0059602779709707239 0.0045232741725745847 -0.049460697150939759
leaf_weight=993.35289155645296 2329.2792467474937 1980.2377715855837 1385.5598661601543 1719.6148455450311 1094.2624371051788 2802.5954726634081 319.59642222523689 4054.6110902875662 462.48760178685188 1057.2894961072598 3833.2560909173917 11365.160501091741 5063.3382355310023 2947.7947117686272
leaf_count=9427 3077 8267 3993 4709 1858 4393 718 6769 740 7792 180340 44838 6155 3736
internal_value=0.000342109 0.00286399 0.00448975 0.0020967 3.13705e-05 -0.00184614 0.00237933 0.00514311 -0.0269022 0.00986246 0.0123325 0.00614831 0.0212312 -0.0393143
internal_weight=41408.4 39079.2 38085.8 36105.6 34720 33625.7 30823.1 29103.5 3729.88 25373.7 24316.4 20483.1 9117.95 3267.39
internal_count=286812 283735 274308 266041 262048 260190 255797 251088 5194 245894 238102 57762 12924 4454
is_linear=0
shrinkage=0.05


Tree=28
num_leaves=15
num_cat=0
split_feature=40 18 47 22 22 48 52 27 32 36 53 27 48 36
split_gain=1626.99 1145.72 1072.79 1678.12 1348.14 1641.55 2575.11 1283.43 1057.12 1047.79 2453.92 858.677 1748.59 851.273
threshold=2.2361613218890857e-06 6.1685636043548593 3.9219243526458745 6.8018388748168954 6.7973818778991708 0.70764020085334789 1.0000000180025095e-35 4.3502571582794198 3.3842465877532963 0.80909091234207164 1.0000000180025095e-35 4.3372693061828622 0.86992868781089794 0.7947368621826173
decision_type=2 2 2 2 2 2 2 2 2 2 2 2 2 2
left_child=-1 -2 3 4 -3 8 -7 9 -6 10 -4 12 -8 -9
right_child=1 2 7 -5 5 6 11 13 -10 -11 -12 -13 -14 -15
leaf_value=-0.015912450462619961 -0.050144347610593804 0.051369572766296612 -0.050669264211713708 0.048753630572688764 0.047179137254180888 -0.036534603694906791 -0.06568637333458642 0.01337519254446214 -0.016623004585226316 -0.081749736132159259 0.057489486664021074 0.048838303493416682 0.051061626292757303 -0.02216822033744377
leaf_weight=11176.257285153959 858.0795216599945 1583.6619211882353 1526.4238454699516 3297.4574741721153 2497.116791009903 4210.362963527441 617.88823994994164 8358.3615194952581 870.29546198248863 744.19743973016739 786.54231607913971 1611.9504103660583 645.71001590788364 2099.6341067284811
leaf_count=16281 8911 12310 2903 3705 5724 6280 1024 216491 1342 415 723 3356 2206 5141
internal_value=0.000341081 0.00645908 0.00815944 0.0172068 0.00853144 0.00199864 -0.01166 -0.00211092 0.0306893 -0.0305533 -0.0137999 0.0247617 -0.00609461 0.00622484
internal_weight=40883.9 29707.7 28849.6 15334.4 12037 10453.3 7085.91 13515.2 3367.41 3057.16 2312.97 2875.55 1263.6 10458
internal_count=286812 270531 261620 35947 32242 19932 12866 225673 7066 4041 3626 6586 3230 221632
is_linear=0
shrinkage=0.05


Tree=29
num_leaves=15
num_cat=0
split_feature=41 25 22 41 48 23 27 48 31 27 48 28 36 33
split_gain=1539.43 1297.09 1212.81 1116.55 1972.55 1331.48 1184.84 2441.72 1712.31 1591.79 1433.66 1692.71 1073.42 1470.69
threshold=0.70833334326744091 2.7183422623977552e-08 6.7996129989624032 0.36666667461395269 0.5288667380809785 2.6735538244247441 4.3372693061828622 0.70764020085334789 0.90383726358413707 4.3241107463836679 0.6479126811027528 6.5799453258514413 0.84523808956146251 1.4978661537170412
decision_type=2 2 2 2 2 2 2 2 2 2 2 2 2 2
left_child=1 -1 -2 -3 -5 -6 7 9 12 -7 -8 -12 13 -9
right_child=2 3 -4 4 5 6 10 8 -10 -11 11 -13 -14 -15
leaf_value=-0.070602858125904652 0.078608735904561619 0.047701223506139798 -0.050444785212990631 -0.051350419606169886 0.045594313341812256 0.039978555076120789 -0.021866551921555257 -0.016833317121288504 0.043301913385343477 -0.10191980124363967 0.024744869867714209 -0.020154979260976414 0.05400491034266363 -0.060789102952078115
leaf_weight=583.66463570017368 190.37793102860451 1389.9211838617921 2097.3150727152824 1632.2967252924573 1875.0151928812265 2991.6156402155757 2773.9418090186082 7816.1031617596745 1013.6042696833611 202.10353979468346 12483.68943617912 2515.1093129217625 410.60870921611786 2511.1949877142906
leaf_count=1495 573 4138 2504 6091 8290 6286 3513 11571 4377 282 231016 4312 429 1935
internal_value=0.000339102 0.00272932 -0.0394098 0.00388565 0.0021918 0.00473234 0.00237739 -0.00799578 -0.0185318 0.0307089 0.0110999 0.0172073 -0.0244034 -0.0275701
internal_weight=40486.6 38198.9 2287.69 37615.2 36225.3 34593 32718 14945.2 11751.5 3193.72 17772.7 14998.8 10737.9 10327.3
internal_count=286812 283735 3077 282240 278102 272011 263721 24880 18312 6568 238841 235328 13935 13506
is_linear=0
shrinkage=0.05


Tree=30
num_leaves=15
num_cat=0
split_feature=32 47 37 23 47 28 23 37 27 37 47 27 37 22
split_gain=1434.96 1643.05 2321.64 1836.83 1634.58 1824.16 1861.15 1557.34 1672.24 1340.62 2009.25 1989.92 1344.56 1304.05
threshold=1.2424533367156985 3.8815106153488164 1.0000000180025095e-35 2.8617925643920903 3.6242519617080693 2.2499048709869389 3.5408543348312382 1.4978661537170412 6.6234009265899667 2.8617925643920903 6.6153953075408944 6.6153936386108407 2.5375869274139409 6.7900948524475107
decision_type=2 2 2 2 2 2 2 2 2 2 2 2 2 2
left_child=7 4 -3 -4 5 -2 -7 8 -1 10 11 13 -13 -5
right_child=1 2 3 9 -6 6 -8 -9 -10 -11 -12 12 -14 -15
leaf_value=-0.043773281672516318 0.041555451886896418 0.020075409495993447 0.042476602427375248 0.052306207103215721 0.04052857442265239 -0.029641695491721784 0.049155284656977605 0.059665007724359398 0.056951093032926295 0.059871019863729828 -0.08427810327152227 0.041279641560209475 -0.034327485590842408 -0.030956361788125428
leaf_weight=4097.9795270571485 2114.9156776592135 7034.7331816246733 1297.1148803830147 485.38687780336477 5058.68553596735 3807.3507111147046 922.92215462774038 485.82723776996136 449.39403480291367 505.76447010040283 1185.970130443573 2078.6303764134645 809.79841214418411 9683.312388330698
leaf_count=6116 10314 140247 2763 81642 10245 4629 4773 4006 748 640 674 6811 936 12268
internal_value=0.000332566 0.0039259 -0.00385647 -0.0143544 0.0190059 0.00306441 -0.0141964 -0.0246021 -0.0337161 -0.0193779 -0.0222321 -0.0165363 0.0200372 -0.0269345
internal_weight=40017.8 34984.6 23080.7 16046 11903.9 6845.19 4730.27 5033.2 4547.37 14748.9 14243.1 13057.1 2888.43 10168.7
internal_count=286812 275942 245981 105734 29961 19716 9402 10870 6864 102971 102331 101657 7747 93910
is_linear=0
shrinkage=0.05


Tree=31
num_leaves=15
num_cat=0
split_feature=41 18 23 41 37 37 36 32 27 31 48 46 22 28
split_gain=1335.08 1230.14 1300.73 1254.04 1295.28 2045.11 1245.75 1310.67 1325.6 1181.9 1697.06 1318.63 1058.27 1050.42
threshold=0.70833334326744091 6.1685636043548593 2.6735538244247441 0.36666667461395269 2.8029010295867924 2.0126758217811589 0.36931818723678594 1.2424533367156985 6.6234009265899667 0.98500338196754467 0.95818233489990245 0.71834936738014232 6.7996129989624032 2.7403194904327397
decision_type=2 2 2 2 2 2 2 2 2 2 2 2 2 2
left_child=1 -1 -3 -4 5 6 -5 8 -8 10 11 13 -2 -9
right_child=12 2 3 4 -6 -7 7 9 -10 -11 -12 -13 -14 -15
leaf_value=-0.05156082094885394 0.074741795656614915 0.04599936589525442 0.051376069683500794 -0.039548328894136404 0.056405755745226063 -0.043194759579286167 -0.034735283671922648 0.040179266599119759 0.058389059196592631 -0.043345165471831884 0.043410844782642927 -0.0058756540783273699 -0.047720267264541566 0.0050914221953996495
leaf_weight=1010.3378672040999 184.18361061811447 1752.856191791594 1227.9975529462099 1674.8915867609903 981.81336736679077 2697.8868079972453 3147.3898193836212 3718.4076353088021 425.58486080169678 1027.4919939034153 3469.4883329758886 11105.865261988016 2033.8885663747787 4992.6024487316608
leaf_count=9427 573 8267 3993 4709 1858 4393 4454 6769 740 7792 180340 44838 2504 6155
internal_value=0.000334654 0.00258379 0.00410784 0.00196483 0.000124587 -0.00160527 0.00220363 0.00472455 -0.023511 0.00888179 0.0112039 0.00554611 -0.0372615 0.020098
internal_weight=39450.7 37232.6 36222.3 34469.4 33241.4 32259.6 29561.7 27886.8 3572.97 24313.9 23286.4 19816.9 2218.07 8711.01
internal_count=286812 283735 274308 266041 262048 260190 255797 251088 5194 245894 238102 57762 3077 12924
is_linear=0
shrinkage=0.05


Tree=32
num_leaves=15
num_cat=0
split_feature=41 25 22 41 48 23 37 37 47 37 27 32 48 43
split_gain=1228.14 1113.29 977.768 940.954 1644.43 1133.01 1037.15 2128.36 1032.84 1980.96 1675.47 1645.24 1624.86 1146.54
threshold=0.70833334326744091 2.7183422623977552e-08 6.7996129989624032 0.36666667461395269 0.5288667380809785 2.6735538244247441 2.8029010295867924 2.0126758217811589 6.6153953075408944 1.0000000180025095e-35 6.620739459991456 1.2424533367156985 0.70322379469871532 6.5896136760711679
decision_type=2 2 2 2 2 2 2 2 2 2 2 2 2 2
left_child=1 -1 -2 -3 -5 -6 7 8 10 12 11 -7 -10 -13
right_child=2 3 -4 4 5 6 -8 -9 9 -11 -12 13 -14 -15
leaf_value=-0.066972942481215422 0.07275558172819184 0.045737577508877691 -0.046194485903717539 -0.047034899032225685 0.04399918104007014 -0.031576370851594447 0.053225811575719408 -0.041861106209849994 -0.045617686149333987 -0.083506399623036673 0.049885113499479598 0.011389346727650747 0.048461194756119493 -0.049621871049566939
leaf_weight=557.85347960237414 180.12692701816559 1267.1929062381387 1997.2841035723686 1617.4582129516639 1706.6145715788007 2842.8692306578159 958.80299955606461 2673.0633304791991 828.31138908863068 924.257084608078 2164.7576594501734 19458.591733989771 1004.4052753448486 791.98290671408176
leaf_count=1495 573 4138 2504 6091 8290 3675 1878 4427 416 466 5404 243700 880 2875
internal_value=0.000332661 0.0024958 -0.0360667 0.00358339 0.00204328 0.00443667 0.00228997 0.000681747 0.00475446 -0.02425 0.00792868 0.00397583 0.00592466 0.00897994
internal_weight=38973.6 36796.2 2177.41 36238.3 34971.1 33353.7 31647 30688.2 28015.2 2756.97 25258.2 23093.4 1832.72 20250.6
internal_count=286812 283735 3077 282240 278102 272011 263721 261843 257416 1762 255654 250250 1296 246575
is_linear=0
shrinkage=0.05


Tree=33
num_leaves=15
num_cat=0
split_feature=40 15 43 22 22 26 36 33 47 33 53 47 23 37
split_gain=1159.99 970.779 921.994 768.222 1681.24 1147.34 1592.75 859.165 689.793 664.095 1341.25 647.965 1240.49 1147.97
threshold=2.2361613218890857e-06 1.0000000180025095e-35 3.5408543348312382 6.7900948524475107 6.7951462268829355 0.96673318743705761 0.7947368621826173 1.4978661537170412 3.8815106153488164 1.4978661537170412 1.0000000180025095e-35 3.6242519617080693 3.8393944501876835 1.0000000180025095e-35
decision_type=2 2 2 2 2 2 2 2 2 2 2 2 2 2
left_child=-1 -2 11 -4 -5 8 -7 -8 -6 10 -10 12 13 -3
right_child=1 2 3 4 5 6 7 -9 9 -11 -12 -13 -14 -15
leaf_value=-0.013667123571924792 -0.010413190952047307 -0.057469017388255231 0.041711083028773181 -0.091648055078078425 0.038861660748937696 0.052044231896958983 -0.074827162941321856 0.011860848251777764 -0.016628106210269541 -0.045801889691652331 0.054363796600496166 0.037252695900610727 0.04595847659626278 0.011303699716351383
leaf_weight=10691.239002055023 6989.2803740398958 860.83954805880785 1106.6445484452415 487.30336794257164 672.9913407638669 2165.0886789858341 433.29997386038303 798.38673339784145 4393.5071610510349 1298.6737401038408 773.83564677834511 4315.2966090473346 1541.1300692632794 1993.275218617171
leaf_count=16281 50542 941 177248 2269 1848 6452 201 1182 4454 1410 1228 8991 7760 6005
internal_value=0.000324028 0.00570197 0.011109 0.00219201 -0.00180965 0.00242854 0.0263058 -0.0189925 -0.00895331 -0.0139823 -0.00591224 0.0235094 0.00996215 -0.00956731
internal_weight=38520.8 27829.6 20840.3 12129.7 11023.1 10535.8 3396.78 1231.69 7139.01 6466.02 5167.34 8710.54 4395.24 2854.11
internal_count=286812 270531 219989 196292 19044 16775 7835 1383 8940 7092 5682 23697 14706 6946
is_linear=0
shrinkage=0.05


Tree=34
num_leaves=15
num_cat=0
split_feature=31 23 41 48 37 37 26 48 46 43 43 33 53 23
split_gain=1093.36 1078.2 1098.17 1342.53 1016.55 1906.04 966.159 1437.2 1190.69 1227.71 942.737 863.038 1151.72 811.683
threshold=0.33854167163372045 2.6735538244247441 0.36666667461395269 0.5288667380809785 2.8029010295867924 2.0126758217811589 0.9779600501060487 0.95818233489990245 0.71834936738014232 3.5408543348312382 3.3497501611709599 1.4978661537170412 1.0000000180025095e-35 6.6059741973876962
decision_type=2 2 2 2 2 2 2 2 2 2 2 2 2 2
left_child=-1 -2 -3 -4 5 6 7 8 9 -5 -10 12 -11 -8
right_child=1 2 3 4 -6 -7 13 -9 10 11 -12 -13 -14 -15
leaf_value=-0.033185685565796541 0.040841521345098455 0.049223638598230805 -0.053736693795887018 0.030735018841059288 0.052636893158607735 -0.038784739096701812 -0.047140092747553319 0.037397948322868253 -0.041136759424705648 -0.010284123815689349 -0.002920321885456057 -0.060842997738085706 0.056598507695858058 0.037740237486719543
leaf_weight=2279.2761182375252 1730.4560706578195 1108.604827016592 1160.6792934068944 5354.8235003352165 907.89867022633553 2968.5325974747539 1513.1089484095573 3145.652223701356 1869.7582651153207 3039.6061093844473 11416.218712616246 585.32343080639839 805.92219486832619 337.61947903037071
leaf_count=8561 8462 3756 1515 10270 1878 4784 6020 186832 3104 3025 46550 406 1131 518
internal_value=0.000318626 0.00245182 0.000498791 -0.00114725 0.00077977 -0.000753649 0.00328098 0.00574987 0.00142055 0.0146477 -0.00832548 -0.00481975 0.00384317 -0.0315362
internal_weight=38223.5 35944.2 34213.7 33105.1 31944.5 31036.6 28068 26217.3 23071.7 9785.68 13286 4430.85 3845.53 1850.73
internal_count=286812 278251 269789 266033 264518 262640 257856 251318 64486 14832 49654 4562 4156 6538
is_linear=0
shrinkage=0.05


Tree=35
num_leaves=15
num_cat=0
split_feature=41 18 23 41 37 37 36 32 27 43 27 43 33 47
split_gain=1047.15 1031.11 1081.16 1026.85 1074.85 1529.5 1005.17 995.718 1083.19 965.627 903.322 1420.62 1000.11 1796.48
threshold=0.70833334326744091 6.1685636043548593 2.6735538244247441 0.36666667461395269 2.8029010295867924 2.0126758217811589 0.36931818723678594 1.2424533367156985 6.6234009265899667 0.89587974548339855 2.9174053668975835 3.5408543348312382 1.0000000180025095e-35 6.6153953075408944
decision_type=2 2 2 2 2 2 2 2 2 2 2 2 2 2
left_child=1 -1 -3 -4 5 6 -5 8 9 -8 -9 -12 -13 -14
right_child=-2 2 3 4 -6 -7 7 10 -10 -11 11 12 13 -15
leaf_value=-0.047177125589594145 -0.033854755994380897 0.044185862736456263 0.049299166763374508 -0.035873789040365228 0.055235374281432673 -0.037945678360529568 0.052534941037259024 -0.031634069127603463 0.057088831882041668 -0.040055361849363647 0.02781101125397157 0.016464302466547686 -0.0024422435406592303 -0.080709539473599712
leaf_weight=1011.3099673078395 2106.7727588862181 1571.4217028543353 1093.0616298615932 1636.3792678001337 854.27891105413437 2598.0058787297457 304.87747848033905 1341.7236789166927 387.60281237959862 2755.0443530082703 7696.0929205864668 6162.3135574369226 7480.6509775463492 802.91481685638428
leaf_count=9427 3077 8267 3993 4709 1858 4393 718 2392 740 3736 19677 134810 88638 377
internal_value=0.000314289 0.00233988 0.00379685 0.00186737 0.000233308 -0.00129158 0.00205394 0.00437094 -0.0206836 -0.030689 0.00805631 0.0104746 0.00122572 -0.0101168
internal_weight=37802.5 35695.7 34684.4 33112.9 32019.9 31165.6 28567.6 26931.2 3447.52 3059.92 23483.7 22142 14445.9 8283.57
internal_count=286812 283735 274308 266041 262048 260190 255797 251088 5194 4454 245894 243502 223825 89015
is_linear=0
shrinkage=0.05


Tree=36
num_leaves=15
num_cat=0
split_feature=22 32 22 41 43 48 36 31 36 27 22 46 48 37
split_gain=992.65 1918.1 1377.26 1302.01 1040.5 947.578 1021.17 1770.23 1259.72 1065.65 1048.72 928.764 917.597 1583.55
threshold=6.7973818778991708 6.5820243358612069 6.7951462268829355 0.70833334326744091 1.2424533367156985 0.95818233489990245 0.70714285969734203 0.78867626190185558 0.7947368621826173 6.6220710277557382 6.8007264137268075 0.97093021869659435 0.79942595958709728 1.0000000180025095e-35
decision_type=2 2 2 2 2 2 2 2 2 2 2 2 2 2
left_child=1 4 11 5 -1 6 9 10 -9 12 -8 -3 13 -2
right_child=3 2 -4 -5 -6 -7 7 8 -10 -11 -12 -13 -14 -15
leaf_value=-0.0762623360162894 0.012592746274092468 -0.1904878038714255 0.053348804327942589 -0.04268013486505394 0.049803781115534927 0.025094659016531906 -0.0026590444452569018 0.016646942146401347 -0.035357824153005861 0.042872662090834637 0.049496760292375978 -0.042907950668430256 -0.032855194429196259 -0.021739317085729098
leaf_weight=164.40647752629593 6122.3901194036007 117.44760571420193 332.8233635649085 1903.4363937675953 2994.3926127899904 3302.2614217102528 1406.9441952705383 2181.9302044808865 2476.2404175847769 900.93355333805084 3043.3463717997074 722.4320375174284 4239.8300596773624 7417.4724176973104
leaf_count=557 6382 1109 2225 2504 229070 8121 3049 5008 2222 1623 5199 5786 5686 8271
internal_value=0.000307829 0.0227834 -0.0316353 -0.00264874 0.0430224 -0.000185053 -0.00319706 0.0105219 -0.0110148 -0.00988835 0.0330389 -0.0655438 -0.0125845 -0.00621737
internal_weight=37326.3 4331.5 1172.7 32994.8 3158.8 31091.3 27789.1 9108.46 4658.17 18680.6 4450.29 839.88 17779.7 13539.9
internal_count=286812 238747 9120 48065 229627 45561 37440 15478 7230 21962 8248 6895 20339 14653
is_linear=0
shrinkage=0.05


Tree=37
num_leaves=15
num_cat=0
split_feature=28 27 37 43 22 32 36 22 33 46 36 33 46 32
split_gain=941.328 1060.52 999.26 924.113 1134 1479.34 2456.56 1290.95 1094.58 979.876 917.933 1228.53 1407.03 1970.34
threshold=1.0000000180025095e-35 6.6234009265899667 1.4978661537170412 3.5972183942794804 6.7900948524475107 6.5882363319396982 0.7947368621826173 6.7984981536865243 1.4978661537170412 0.87010797858238231 0.84523808956146251 1.4978661537170412 0.71834936738014232 2.9700856208801274
decision_type=2 2 2 2 2 2 2 2 2 2 2 2 2 2
left_child=1 2 -1 9 -5 7 -7 -6 -8 10 11 12 13 -2
right_child=3 -3 -4 4 5 6 8 -9 -10 -11 -12 -13 -14 -15
leaf_value=-0.044293652495258969 0.041021702623679011 0.053802510640050351 0.056920570335526603 0.039319135537574566 -0.082670657465121325 0.043050306007847899 -0.077892548868591996 -0.016006909372767796 9.647834804587884e-05 0.042613270221112942 0.052250025456350296 -0.031596781399288495 -0.01461904193636719 -0.0065775754262320241
leaf_weight=2676.5275153620169 4988.3822370693088 368.79989078640938 259.65915467590094 1243.3440108296927 783.64408326148987 2733.3519830480218 742.40400041639805 8686.0103417336941 1118.9802705198526 2078.7097517475486 1005.9359207032248 2169.7453452921472 4264.7709389254451 3843.4078096067533
leaf_count=4573 12264 748 2808 214124 3401 8702 353 7632 1643 9786 2147 2764 8209 7658
internal_value=0.000303741 -0.0251182 -0.03518 0.00280667 -0.00626219 -0.0103168 0.0129442 -0.0216049 -0.0312591 0.0103709 0.00622843 0.00316373 0.00894232 0.0203235
internal_weight=36963.7 3304.99 2936.19 33658.7 15307.7 14064.4 4594.74 9469.65 1861.38 18351 16272.2 15266.3 13096.6 8831.79
internal_count=286812 8129 7381 278683 235855 21731 10698 11033 1996 42828 33042 30895 28131 19922
is_linear=0
shrinkage=0.05


Tree=38
num_leaves=15
num_cat=0
split_feature=22 32 22 41 18 26 31 36 49 36 43 27 46 33
split_gain=899.129 1698.27 1187.86 1149.58 962.234 984.897 1160.94 1636.52 1207.92 1201.65 942.055 875.973 881.17 1264.67
threshold=6.7973818778991708 6.5820243358612069 6.7951462268829355 0.70833334326744091 6.7208228111267099 0.58797526359558117 0.95220059156417858 0.7947368621826173 0.59315389394760143 0.84523808956146251 1.2424533367156985 6.6234009265899667 0.71834936738014232 1.4978661537170412
decision_type=2 2 2 2 2 2 2 2 2 2 2 2 2 2
left_child=1 10 -3 4 -2 -6 9 -8 -9 11 -1 12 13 -7
right_child=3 2 -4 -5 5 6 7 8 -10 -11 -12 -13 -14 -15
leaf_value=-0.073576671390991152 -0.02294847972754295 -0.060805723627932823 0.052386853797205826 -0.040702096398240378 0.041851680286235565 0.012530525787456849 0.0497261573526524 0.03787226305361284 -0.043433511832723509 0.05296501482939997 0.048826737921080443 0.055894650084345958 -0.018450329051594494 -0.034750601444674421
leaf_weight=157.76538803195581 4016.9423638433218 824.17957859486341 312.24605986475945 1846.1076903939247 1547.969448313117 7067.1724007427692 2582.6801259964705 745.34940372407436 1147.0338067114353 871.05394199490547 2818.3298993066419 533.21886450052261 10270.81290179491 1757.5831046402454
leaf_count=557 5605 6895 2225 2504 3285 9745 8035 1573 1001 1469 229070 979 12153 1716
internal_value=0.00030222 0.0222954 -0.0295191 -0.00249659 -0.000174535 0.00328197 0.000875591 0.0239187 -0.011379 -0.00416386 0.0421134 -0.00672471 -0.00850162 0.0030851
internal_weight=36498.4 4112.52 1136.43 32385.9 30539.8 26522.9 24974.9 4475.06 1892.38 20499.8 2976.1 19628.8 19095.6 8824.76
internal_count=286812 238747 9120 48065 45561 39956 36671 10609 2574 26062 229627 24593 23614 11461
is_linear=0
shrinkage=0.05


Tree=39
num_leaves=15
num_cat=0
split_feature=32 52 27 32 37 47 36 48 37 42 33 31 53 48
split_gain=867.555 1073.37 1043.8 988.205 785.769 829.151 1044.88 1488.55 866.406 1190.32 1130.09 1492.1 1276.06 1222.31
threshold=1.2424533367156985 1.0000000180025095e-35 6.6234009265899667 2.2975599765777592 2.8029010295867924 6.6140549182891855 0.76388889551162731 0.70322379469871532 2.0126758217811589 1.2424533367156985 0.89587974548339855 0.78867626190185558 1.0000000180025095e-35 0.89284488558769237
decision_type=2 2 2 2 2 2 2 2 2 2 2 2 2 2
left_child=1 2 -1 -2 5 8 7 -7 10 -10 12 -12 13 -5
right_child=3 -3 -4 4 -6 6 -8 -9 9 -11 11 -13 -14 -15
leaf_value=-0.037698082482448651 0.038386843839340733 0.043733407748140475 0.052695386222507461 -0.015123090292340425 0.046763956919983168 -0.04371414236401383 -0.056647948849303423 0.025789653169671245 -0.035486243173551459 0.061697228461401521 0.04453675169086016 0.001957917917268679 0.046554350630334349 0.025063088052914032
leaf_weight=3554.9715530574322 1868.3484777659178 562.17163074761629 342.08141216635704 9769.559719387209 899.09214130043983 1345.1358922123909 1357.3113058805466 1775.3343053162098 2432.9715055231936 352.46947821974754 3715.6135837077163 4597.6618753632065 1197.2146044671535 2336.6625991245965
leaf_count=7682 7978 2440 748 35534 2226 894 1079 2606 5184 715 7187 19622 1434 191483
internal_value=0.000301453 -0.0203204 -0.0296488 0.00321265 0.000993657 -0.000446961 -0.0201995 -0.00421517 0.0031844 -0.0230119 0.00656904 0.0210191 -0.0024698 -0.00735234
internal_weight=36106.6 4459.22 3897.05 31647.4 29779 28879.9 4477.78 3120.47 24402.2 2785.44 21616.7 8313.28 13303.4 12106.2
internal_count=286812 10870 8430 275942 267964 265738 4579 3500 261159 5899 255260 26809 228451 227017
is_linear=0
shrinkage=0.05


Tree=40
num_leaves=15
num_cat=0
split_feature=18 23 41 37 37 31 33 36 47 27 46 27 47 27
split_gain=846.495 965.039 957.975 975.479 1085.57 930.756 1558.23 899.933 1573.64 1345.12 1054.58 1601.67 836.493 767.059
threshold=6.1213951110839853 2.6735538244247441 0.36666667461395269 2.8029010295867924 2.0126758217811589 0.72048610448837291 1.2424533367156985 0.7947368621826173 3.9219243526458745 2.9174053668975835 0.73273155093193065 6.620739459991456 6.6140549182891855 6.6220710277557382
decision_type=2 2 2 2 2 2 2 2 2 2 2 2 2 2
left_child=-1 -2 -3 4 5 6 13 10 9 -9 -7 -12 -8 -4
right_child=1 2 3 -5 -6 7 12 8 -10 -11 11 -13 -14 -15
leaf_value=-0.047896092315754125 0.04167459355605211 0.048000821160410476 -0.018556395789604298 0.054412882189828163 -0.032526513120183224 0.042669514503037159 0.056433392597654224 -0.04457867593220189 -0.04429263391063059 0.056396557445238221 -0.0030966548880892817 0.048296188988410885 -0.035856782919229467 0.052402463631674237
leaf_weight=878.39917164621875 1425.2794502899051 990.16711429879069 11222.515626810491 746.95786073803902 2828.2444080058485 2589.0396819859743 1199.9901361688972 478.14564007520676 1929.7770887482911 1012.1665631756186 7862.8816991125932 1867.855522736907 300.65619522333145 384.77304041385651
leaf_count=6020 8320 4011 16081 1864 4836 4869 2201 626 3331 2600 225661 5223 331 838
internal_value=0.00030008 0.00152867 -0.00019576 -0.00168198 -0.00302152 -0.000118575 -0.00995608 0.00807508 -0.0145862 0.0239189 0.0143728 0.00680787 0.037828 -0.0161611
internal_weight=35716.8 34838.5 33413.2 32423 31676 28847.8 13107.9 15739.9 3420.09 1490.31 12319.8 9730.74 1500.65 11607.3
internal_count=286812 280792 272472 268461 266597 261761 19451 242310 6557 3226 235753 230884 2532 16919
is_linear=0
shrinkage=0.05


Tree=41
num_leaves=15
num_cat=0
split_feature=22 32 22 41 18 31 36 26 33 53 32 49 22 47
split_gain=803.931 1588.59 1110.4 939.589 854.264 846.422 1390.66 1076.85 2011.43 1971.94 1806.73 1038.04 948.082 1145.99
threshold=6.7973818778991708 6.5820243358612069 6.7951462268829355 0.70833334326744091 6.7208228111267099 0.95220059156417858 0.7947368621826173 0.74521261453628551 1.4978661537170412 1.0000000180025095e-35 1.2424533367156985 0.60084503889083873 6.8018388748168954 3.9219243526458745
decision_type=2 2 2 2 2 2 2 2 2 2 2 2 2 2
left_child=1 -1 -3 4 -2 7 -7 8 10 -10 -6 -8 -9 -14
right_child=3 2 -4 -5 5 6 11 12 9 -11 -12 -13 13 -15
leaf_value=0.041453450406080609 -0.02177206745736145 -0.058653213246781181 0.052022625135041113 -0.037767877589026451 -0.021596386513338395 0.048579904814135717 0.037306064208815388 -0.023009361254272036 0.050389063999000533 -0.050795021624517801 0.044322623771436302 -0.039911028856906644 0.054188450793163492 -0.0049701272484442491
leaf_weight=2829.7475420564879 3983.7577108293772 820.34094592928886 302.9577978104353 1759.6113332211971 1344.4325133860111 2386.0939993560314 708.95653726160526 6692.688532397151 642.08637867867947 1839.3628953695297 4496.3344823569059 1093.879607245326 952.14898627996445 5479.8772830963135
leaf_count=229627 5605 6895 2225 2504 1917 8035 1580 11735 1531 1350 8261 994 1276 3277
internal_value=0.000302879 0.0215229 -0.0286079 -0.00237634 -0.000261805 0.00308803 0.0236171 -0.000930762 0.0131299 -0.024516 0.0291384 -0.0095075 -0.00984967 0.00385779
internal_weight=35332.3 3953.05 1123.3 31379.2 29619.6 25635.9 4188.93 21446.9 8322.22 2481.45 5840.77 1802.84 13124.7 6432.03
internal_count=286812 238747 9120 48065 45561 39956 10609 29347 13059 2881 10178 2574 16288 4553
is_linear=0
shrinkage=0.05


Tree=42
num_leaves=15
num_cat=0
split_feature=18 37 22 32 22 41 22 43 37 41 37 36 48 31
split_gain=749.794 890.388 989.908 1726.12 1022.05 815.455 735.605 1389.4 774.488 964.518 906.714 1004.13 747.335 650.67
threshold=6.0879099369049081 2.8029010295867924 6.7973818778991708 6.5820243358612069 6.7951462268829355 0.70833334326744091 6.7984981536865243 6.5799453258514413 2.0126758217811589 0.29166667163372045 1.7005987167358401 0.38750000298023229 0.61922281980514537 0.93250370025634777
decision_type=2 2 2 2 2 2 2 2 2 2 2 2 2 2
left_child=-1 2 3 -2 -5 6 7 13 10 -10 11 12 -8 -4
right_child=1 -3 5 4 -6 -7 8 -9 9 -11 -12 -13 -14 -15
leaf_value=-0.046353758369883806 0.047598849913506963 0.054002976457247588 -0.037701333703001369 -0.055822498202553889 0.052092516590933162 -0.036246557637887498 -0.059730176859687435 0.056584064027767181 0.060896983143208121 -0.034935780900788922 0.052347935975542194 0.0050870831611996258 0.019876254354173211 -0.12972949145498622
leaf_weight=830.34024527808651 2521.8044573095394 777.49067620933056 1299.9377847611904 811.98846952989697 290.46323322504759 1707.5675237774849 1052.3816898465157 358.21058294177055 286.44061067700386 2336.8817273378372 933.11863216757774 21051.589658051729 402.34906151890755 219.39751487970352
leaf_count=5499 224753 2188 3170 6870 2222 2480 799 1263 674 2628 1713 31751 283 519
internal_value=0.00030377 0.00145484 0.000211062 0.0248407 -0.0271774 -0.00280711 -0.000751223 -0.0308926 0.00143116 -0.0242803 0.00431789 0.00230418 -0.0377273 -0.0517519
internal_weight=34880 34049.6 33272.1 3624.26 1102.45 29647.9 27940.3 1877.55 26062.8 2623.32 23439.4 22506.3 1454.73 1519.34
internal_count=286812 281313 279125 233845 9092 45280 42800 4952 37848 3302 34546 32833 1082 3689
is_linear=0
shrinkage=0.05


Tree=43
num_leaves=15
num_cat=0
split_feature=32 52 27 32 15 43 37 37 47 27 27 43 31 31
split_gain=736.992 891.769 913.685 853.004 613.653 708.994 958.143 884.292 1199.66 833.239 800.389 788.48 995.373 768.31
threshold=1.2424533367156985 1.0000000180025095e-35 6.6234009265899667 1.4978661537170412 1.0000000180025095e-35 3.5408543348312382 1.0000000180025095e-35 2.8029010295867924 6.6153953075408944 6.6153936386108407 6.6120400428771982 3.4175922870635991 0.71198156476020824 0.95220059156417858
decision_type=2 2 2 2 2 2 2 2 2 2 2 2 2 2
left_child=1 2 -1 -2 -5 11 -7 8 9 10 13 12 -6 -8
right_child=3 -3 -4 4 5 6 7 -9 -10 -11 -12 -13 -14 -15
leaf_value=-0.0352680169364466 0.050515727955186635 0.04150986495090972 0.051868423824055147 -0.011726472804236509 0.038348475540076893 0.017728360842419109 -0.016436482583006277 0.053758296082898054 -0.069948543061468541 0.019974727964441691 -0.076015721423263904 0.035758903091946397 -0.013337988599496451 0.044674049617863913
leaf_weight=3423.9339818083681 907.4697417318821 522.59483458101749 320.93723711371422 6700.4817986894632 1369.1987661151215 4751.7953887794865 5767.4019342515385 516.31010371446609 829.25379157066345 2111.4767670035362 502.48867012560368 3404.2428772561252 2859.8189544379711 554.9870322861243
leaf_count=7682 1420 2440 748 50377 6303 114855 17708 1350 532 6651 2649 10409 6542 57146
internal_value=0.000296078 -0.0191316 -0.0276821 0.00303996 0.00155624 0.00548613 -0.000817179 -0.00939691 -0.0127875 -0.00741097 -0.0159004 0.0178853 0.00344716 -0.01101
internal_weight=34542.4 4267.47 3744.87 30274.9 29367.5 22667 15033.7 10281.9 9765.61 8936.35 6824.88 7633.26 4229.02 6322.39
internal_count=286812 10870 8430 275942 274522 224145 200891 86036 84686 84154 77503 23254 12845 74854
is_linear=0
shrinkage=0.05


Tree=44
num_leaves=15
num_cat=0
split_feature=22 32 22 15 43 40 22 36 28 18 18 47 46 31
split_gain=698.815 1310.04 1183.66 776.723 776.636 668.966 536.763 544.592 534.592 499.414 494.346 466.297 462.203 452.118
threshold=6.7973818778991708 6.5847904682159433 6.7951462268829355 1.0000000180025095e-35 1.2424533367156985 2.2361613218890857e-06 6.8007264137268075 0.70714285969734203 2.8617925643920903 6.7446477413177499 6.7256336212158212 3.9219243526458745 0.64785373210906994 0.90383726358413707
decision_type=2 2 2 2 2 2 2 2 2 2 2 2 2 2
left_child=1 4 -3 6 -1 9 8 -8 -2 -5 -7 -9 -12 -14
right_child=3 2 -4 5 -6 10 7 11 -10 -11 12 -13 13 -15
leaf_value=-0.070956635078530214 -0.05886115905623604 -0.073322448388802128 0.05068313699951954 -0.021404590865690767 0.043339589009160469 -0.011609960702529494 -0.017362458029303824 0.047489819833667395 -0.0071723945845022221 0.0044575655053208018 0.043083255948704074 -0.011401659499247443 0.0037281204203685903 0.026333648751312458
leaf_weight=148.46293334942311 1227.0505475103855 579.98840296268463 277.1374329328537 4206.8933275640011 2689.6920309099369 2628.609357625246 3851.1155135929585 698.88615271449089 845.04562599956989 3344.104582130909 1094.4028421938419 633.20076948404312 9051.9554957151413 2919.031251385808
leaf_count=557 2605 3108 2225 5145 232857 4106 3700 1578 2266 3735 2881 610 13147 8292
internal_value=0.000290965 0.0207955 -0.0331052 -0.00219928 0.0371327 0.00225988 -0.0164693 -0.00783854 -0.0379171 -0.00996029 0.00814208 0.0196197 0.0121218 0.00925768
internal_weight=34195.6 3695.28 857.126 30500.3 2838.15 23245 7255.3 5183.2 2072.1 7551 15694 1332.09 13065.4 11971
internal_count=286812 238747 5333 48065 233414 37306 10759 5888 4871 8880 28426 2188 24320 21439
is_linear=0
shrinkage=0.05


Tree=45
num_leaves=15
num_cat=0
split_feature=18 23 41 37 37 43 32 27 36 32 37 27 27 33
split_gain=660.718 800.579 804.009 791.293 812.791 815.004 1007.71 903.412 760.512 623.895 606.975 932.448 1058.9 1191.51
threshold=6.1685636043548593 2.6735538244247441 0.36666667461395269 2.8029010295867924 2.0126758217811589 2.3502402305603032 1.2424533367156985 6.6234009265899667 0.36931818723678594 1.4978661537170412 1.7005987167358401 3.1457846164703374 3.3497501611709599 1.0000000180025095e-35
decision_type=2 2 2 2 2 2 2 2 2 2 2 2 2 2
left_child=-1 -2 -3 4 5 -4 7 -7 -8 -10 11 -11 -13 -14
right_child=1 2 3 -5 -6 6 8 -9 9 10 -12 12 13 -15
leaf_value=-0.039144766319509097 0.040582487572094546 0.046520419075947818 0.044479843234549898 0.05342540908966599 -0.028775691822961427 -0.035398743293602229 -0.031923613464014934 0.054119127677515526 0.051798169284486467 -0.027714403110373428 0.051705797119127664 0.056732467871948369 0.018131571533290796 -0.0086856113763184549
leaf_weight=1020.4127162271179 1251.1170060671866 890.88035150617361 982.62621665000916 634.39964836835861 2684.7348180832341 3055.9595171809196 1528.2085835975595 301.49269944429398 664.43418934941292 2405.3235785961151 609.21462750388309 940.57394851744175 7097.354589902563 9918.0438719437225
leaf_count=9462 8269 3993 1771 1858 4800 4792 4720 740 1127 3674 2339 2864 140858 95545
internal_value=0.000282045 0.001514 -3.9591e-05 -0.0014 -0.00256946 -1.80801e-06 -0.00166606 -0.0272234 0.00204857 0.00446187 0.00293808 0.00145428 0.00537487 0.00250428
internal_weight=33984.8 32964.4 31713.2 30822.4 30188 27503.2 26520.6 3357.45 23163.2 21634.9 20970.5 20361.3 17956 17015.4
internal_count=286812 277350 269081 265088 263230 258430 256659 5532 251127 246407 245280 242941 239267 236403
is_linear=0
shrinkage=0.05


Tree=46
num_leaves=15
num_cat=0
split_feature=22 32 22 43 48 22 47 36 36 53 27 48 23 36
split_gain=639.213 1230.39 860.615 747.559 741.163 799.223 782.66 1820.84 1206.32 1543.94 1108.2 806.958 784.403 693.163
threshold=6.7973818778991708 6.5820243358612069 6.7951462268829355 1.2424533367156985 0.95818233489990245 6.8007264137268075 3.9219243526458745 0.74342104792594921 0.80909091234207164 1.0000000180025095e-35 4.3502571582794198 0.94061625003814708 6.5757725238800058 0.53588518500328075
decision_type=2 2 2 2 2 2 2 2 2 2 2 2 2 2
left_child=1 3 -3 -1 5 13 7 -7 9 10 -8 12 -12 -2
right_child=4 2 -4 -5 -6 6 8 -9 -10 -11 11 -13 -14 -15
leaf_value=-0.069075626742442719 -0.042265489350825684 -0.052151336524844896 0.050306579053565476 0.046008274268189486 0.022180543949110926 -0.0010152999432818119 -0.046698099536290921 0.051606628744875399 -0.058538974237719657 0.056842704743009155 -0.0025310950682781671 -0.066889300967815396 0.054155251402082549 -0.0086233016022137354
leaf_weight=141.34275280684233 2190.3272636383772 767.24929571524262 269.46932916343212 2362.9180741030723 2838.719768114388 7039.7277528345585 1628.0784060955048 2134.5968251824379 1076.8271531462669 960.81500318646431 6038.4538698792458 427.4959409236908 668.79377382993698 5058.1702952682972
leaf_count=557 5332 6895 2225 229070 8133 9868 1458 5203 787 992 3789 210 1257 11036
internal_value=0.000282633 0.0203449 -0.0252938 0.0392639 -0.00208647 -0.00462413 0.000539006 0.0112711 -0.00857927 -0.00299211 -0.00961012 -0.0010935 0.00319343 -0.0188334
internal_weight=33603 3540.98 1036.72 2504.26 30062 27223.3 19974.8 9174.32 10800.5 9723.64 8762.82 7134.74 6707.25 7248.5
internal_count=286812 238747 9120 229627 48065 39932 23564 15071 8493 7706 6714 5256 5046 16368
is_linear=0
shrinkage=0.05


Tree=47
num_leaves=15
num_cat=0
split_feature=15 40 47 27 36 33 46 48 27 28 22 43 22 28
split_gain=616.729 629.481 546.458 1177.29 1012.31 738.208 485.107 489.849 851.131 481.932 459.368 458.308 429.582 476.512
threshold=1.0000000180025095e-35 2.2361613218890857e-06 6.6012263298034677 6.6153936386108407 0.7947368621826173 1.4978661537170412 0.87010797858238231 0.78192275762557995 4.3372693061828622 6.5673751831054696 6.7973818778991708 3.5114340782165532 6.8007264137268075 2.8617925643920903
decision_type=2 2 2 2 2 2 2 2 2 2 2 2 2 2
left_child=10 -2 6 -4 9 -6 7 11 -9 -5 -1 -3 13 -12
right_child=1 2 3 4 5 -7 -8 8 -10 -11 12 -13 -14 -15
leaf_value=0.027412680445527748 -0.0076697422579765327 0.034551957769194501 -0.04155298866499324 -0.01176367775254842 -0.072541231478578799 0.0055288474295260032 0.037808369512388806 -0.018095176928523683 0.031916124664367516 0.049415505346446759 -0.05520412806349731 0.0082235774992247598 -0.0079266739443991253 -0.0061902235834850909
leaf_weight=664.72783888643607 7911.6070950315334 2725.9750422341749 1507.2568206936121 409.70935079455376 449.78292746841908 883.10742382705212 1911.1815429442795 2854.0447096079588 1200.325324869249 1436.4167545810342 1199.1789459884167 4197.5159968747757 5051.6022708117962 845.34989137947559
leaf_count=42483 13581 10220 3160 1194 238 1383 179829 4944 3752 6119 2605 9150 5888 2266
internal_value=0.000277283 0.00403554 0.00930609 -0.00530715 0.0119544 -0.0211599 0.0146193 0.0105514 -0.00324688 0.0358478 -0.0120543 0.0186247 -0.0157847 -0.0350672
internal_weight=33247.8 25486.9 17575.3 4686.27 3179.02 1332.89 12889 10977.9 4054.37 1846.13 7760.86 6923.49 7096.13 2044.53
internal_count=286812 233570 219989 12094 8934 1621 207895 28066 8696 7313 53242 19370 10759 4871
is_linear=0
shrinkage=0.05


Tree=48
num_leaves=15
num_cat=0
split_feature=18 37 22 32 22 41 37 37 32 27 33 22 28 37
split_gain=594.155 720.74 739.701 1332.51 777.318 673.836 814.381 960.409 825.356 937.402 884.988 853.28 774.341 868.1
threshold=6.0879099369049081 2.8029010295867924 6.7973818778991708 6.5820243358612069 6.7951462268829355 0.36666667461395269 2.0126758217811589 1.7005987167358401 2.8029010295867924 6.6234009265899667 0.89587974548339855 6.8018388748168954 2.6735538244247441 1.0000000180025095e-35
decision_type=2 2 2 2 2 2 2 2 2 2 2 2 2 2
left_child=-1 2 3 -2 -5 -4 7 8 9 10 11 -7 -10 -14
right_child=1 -3 5 4 -6 6 -8 -9 12 -11 -12 -13 13 -15
leaf_value=-0.041634626464540803 0.045217972357910245 0.052977636201336734 0.044266305217581202 -0.049820610125227031 0.05020413140394147 -0.049126442027367087 -0.030325096593397095 0.050076028374307115 0.042414430374520792 0.050817310026508217 0.0051949264947475093 -0.0084258009515873825 0.018643590168071145 -0.0073918169170395873
leaf_weight=814.78124028281309 2158.2205311295111 651.93651062250137 746.37423062324524 748.25284706428647 252.18458604812622 2962.2674488723278 2568.7392271459103 883.98650941252708 1195.271779358387 488.42347799241543 2392.8130262196064 2280.8082084059715 4647.2793050184846 10234.307206138968
leaf_count=5499 224753 2188 2131 6870 2222 4921 3034 2040 3493 1090 5081 1454 6304 15732
internal_value=0.000270107 0.00134269 0.000259584 0.0231734 -0.0243596 -0.00229614 -0.0035684 -0.000817499 -0.00269638 -0.0156753 -0.0199894 -0.0314709 0.00386808 0.00074568
internal_weight=33025.6 32210.9 31558.9 3158.66 1000.44 28400.3 27653.9 25085.2 24201.2 8124.31 7635.89 5243.08 16076.9 14881.6
internal_count=286812 281313 279125 233845 9092 45280 43149 40115 38075 12546 11456 6375 25529 22036
is_linear=0
shrinkage=0.05


Tree=49
num_leaves=15
num_cat=0
split_feature=15 33 48 31 52 47 53 32 48 46 27 22 27 36
split_gain=562.418 676.146 1079.36 569.568 712.609 594.284 538.552 1107.97 473.163 444.345 409.608 344.61 565.602 389.117
threshold=0.010362972505390646 0.89587974548339855 0.91022777557373058 0.78867626190185558 1.0000000180025095e-35 6.6059722900390634 1.0000000180025095e-35 1.2424533367156985 0.73694837093353283 0.81165540218353283 6.6247289180755624 6.7973818778991708 4.3372693061828622 0.38750000298023229
decision_type=2 2 2 2 2 2 2 2 2 2 2 2 2 2
left_child=1 2 6 5 8 -3 11 -8 -5 -10 -11 -1 -13 -14
right_child=-2 3 -4 4 -6 -7 7 -9 9 10 -12 12 13 -15
leaf_value=0.012962734575891064 0.0082197980130121959 0.030098329511855943 0.026396165850036971 0.039103334863432669 0.034934607431282946 -0.028244261058358602 -0.039400440835232496 0.042327253800588292 -0.038883162527961923 0.010576380532603569 -0.045907281011294529 -0.049495875975152093 -0.047629597556256523 -0.012696612495124139
leaf_weight=572.48577724711504 13226.800757514779 2908.1461634091102 1500.3955081198364 358.14117917465046 876.49629375338554 505.10362599790096 723.35890507698059 944.72631625831127 1679.2817595005035 1336.4998582060216 411.47036957740784 2049.0435739308596 957.03701417148113 4623.0277352780104
leaf_count=16909 140002 9178 93872 671 3624 711 1084 1313 1909 8437 226 2936 877 5063
internal_value=0.00026918 -0.00514034 -0.0129931 0.00591894 -0.00544258 0.0214073 -0.0190017 0.00686275 -0.0148592 -0.0205955 -0.00290532 -0.0242641 -0.0270709 -0.0187625
internal_weight=32672 19445.2 11370.1 8075.14 4661.89 3413.25 9869.68 1668.09 3785.39 3427.25 1747.97 8201.59 7629.11 5580.06
internal_count=286812 146810 122054 24756 14867 9889 28182 2397 11243 10572 8663 25785 8876 5940
is_linear=0
shrinkage=0.05


Tree=50
num_leaves=15
num_cat=0
split_feature=26 23 41 31 27 46 48 0 22 36 27 37 31 41
split_gain=539.631 686.245 715.336 638.123 808.7 870.679 838.909 721.076 628.491 613.089 781.92 1152.18 658.936 933.314
threshold=0.50033289194107067 2.6735538244247441 0.36666667461395269 0.9338383972644807 6.6093482971191415 0.96893978118896495 0.92078551650047313 0.0081634009256958979 6.7984981536865243 0.74342104792594921 3.3140207529067998 1.0000000180025095e-35 0.78867626190185558 0.63333335518836986
decision_type=2 2 2 2 2 2 2 2 2 2 2 2 2 2
left_child=-1 -2 -3 7 -5 8 -7 9 -6 10 -4 -12 13 -11
right_child=1 2 3 4 5 6 -8 -9 -10 12 11 -13 -14 -15
leaf_value=-0.044981243003599014 0.039305807144275173 0.045062612952734123 -0.0456184829432131 0.0445585319549089 -0.12181536445330313 0.049219716657005835 -0.003296955414965537 0.013447668769512434 -0.015703222307166989 0.040445987835457817 0.004431161567855264 -0.02598484633162583 -0.014543119156509575 -0.017382575675291469
leaf_weight=636.06235176185146 1127.8749157004058 837.46777876466513 1774.1293963193893 1514.7916339741787 204.57224388048053 1042.9801605790854 2733.0486327968538 4272.8983642561361 409.38981102406979 1999.1591568030417 6464.6245405080263 5991.9872675058432 2398.3265264099464 1061.8445361405611
leaf_count=5106 8205 4039 2125 196550 1205 3841 11160 12490 790 4523 18437 11774 4560 2007
internal_value=0.000258543 0.00117633 -0.000236598 -0.00152141 0.0131877 0.0022863 0.0113004 -0.0051499 -0.0524454 -0.0091905 -0.0146523 -0.0102089 0.0050475 0.0203943
internal_weight=32469.2 31833.1 30705.2 29867.8 5904.78 4389.99 3776.03 23963 613.962 19690.1 14230.7 12456.6 5459.33 3061
internal_count=286812 281706 273501 269462 213546 16996 15001 55916 1995 43426 32336 30211 11090 6530
is_linear=0
shrinkage=0.05


Tree=51
num_leaves=15
num_cat=0
split_feature=15 40 47 27 36 33 28 49 31 46 48 27 43 22
split_gain=527.617 522.59 472.179 991.317 891.575 678.151 436.409 419.398 407.035 406.904 414.42 716.743 389.014 360.792
threshold=1.0000000180025095e-35 2.2361613218890857e-06 6.6012263298034677 6.6153936386108407 0.7947368621826173 1.4978661537170412 6.5673751831054696 0.65277835726737987 0.50034013390541088 0.87010797858238231 0.78192275762557995 4.3372693061828622 3.5408543348312382 6.7973818778991708
decision_type=2 2 2 2 2 2 2 2 2 2 2 2 2 2
left_child=13 -2 9 8 6 -6 -5 -7 -4 10 12 -12 -3 -1
right_child=1 2 3 4 5 7 -8 -9 -10 -11 11 -13 -14 -15
leaf_value=0.025031464086083772 -0.0069524440633386142 0.029731230903188417 0.014269766055125503 -0.0098915664541990144 -0.070156090151875544 0.052838782394705186 0.048473784769844541 -0.019263423360245755 -0.051037859713760618 0.035996832265141783 -0.016313503379002066 0.030409834732807652 0.005542407882706644 -0.014587373860752484
leaf_weight=617.55333120247815 7751.2583774132654 3330.9073140183464 292.2970170378685 416.88785090297461 434.22271704673767 297.99797061085701 1330.237593896687 574.79579911381006 1203.1390800625086 1758.3387558249524 2812.8425357155502 1147.3746876940131 3319.1454235715792 6921.0422758311033
leaf_count=42483 13581 11827 175 1194 238 534 6119 849 2985 179829 4944 3752 7543 10759
internal_value=0.000254803 0.00379289 0.00871718 -0.00504748 0.011288 -0.0198599 0.03457 0.00567411 -0.0382629 0.0137803 0.0100681 -0.00273408 0.0176847 -0.011313
internal_weight=32208 24669.4 16918.2 4549.58 3054.14 1307.02 1747.13 872.794 1495.44 12368.6 10610.3 3960.22 6650.05 7538.6
internal_count=286812 233570 219989 12094 8934 1621 7313 1383 3160 207895 28066 8696 19370 53242
is_linear=0
shrinkage=0.05


Tree=52
num_leaves=15
num_cat=0
split_feature=18 37 46 43 43 37 47 49 47 23 48 48 27 46
split_gain=506.549 641.935 620.643 880.928 706.848 789.126 1083.16 810.782 782.435 1683.89 1218.46 726.612 658.908 628.227
threshold=6.1685636043548593 2.8029010295867924 0.51106575131416332 2.6735538244247441 3.5408543348312382 1.0000000180025095e-35 6.6153953075408944 0.048648951575160033 3.6242519617080693 3.8176519870758061 0.7908523976802827 0.80116140842437755 6.6153936386108407 0.68990385532379161
decision_type=2 2 2 2 2 2 2 2 2 2 2 2 2 2
left_child=-1 2 -2 -4 8 7 12 -6 9 10 -5 -12 -7 -10
right_child=1 -3 3 4 5 6 -8 -9 13 -11 11 -13 -14 -15
leaf_value=-0.034581972558443475 0.035323260975327231 0.052630884269782255 -0.034034423514267026 0.039722007779108878 -0.014284565417020305 -0.014368183726354573 -0.064379184251406665 0.022586301246796225 0.01216397326146912 0.04928004492193469 -0.13073710846216466 -0.026909358767728056 0.016178100664006215 0.050002714882438182
leaf_weight=1000.8659094315954 1209.454699985683 589.28375788033009 1886.7491003014147 698.28433465212584 2317.1776881754631 8346.9850529804826 914.20214062929153 4144.6098927401472 2815.8706967271864 1192.7160984799266 170.87704517319798 2696.3198721632361 2229.3326434344053 1796.4991367794573
leaf_count=9462 5485 2181 3949 4984 6574 91845 669 129190 7320 9298 279 4063 7600 3913
internal_value=0.000249458 0.00138451 0.000374785 -0.00108389 0.00120309 -0.00460695 -0.0124643 0.00936288 0.0123271 -0.00190183 -0.019113 -0.0335301 -0.00792028 0.0269783
internal_weight=32009.2 31008.4 30419.1 29209.6 27322.9 17952.3 11490.5 6461.79 9370.57 4758.2 3565.48 2867.2 10576.3 4612.37
internal_count=286812 277350 275169 269684 265735 235878 100114 135764 29857 18624 9326 4342 99445 11233
is_linear=0
shrinkage=0.05


Tree=53
num_leaves=15
num_cat=0
split_feature=21 26 23 31 28 22 22 47 37 33 36 48 48 46
split_gain=496.303 740.438 619.283 674.968 879.545 696.212 629.996 703.165 1093.13 1003.92 862.509 854.319 2249.24 677.79
threshold=0.92218375205993663 0.58797526359558117 2.6735538244247441 0.94028520584106456 6.5771653652191171 6.7973818778991708 6.8018388748168954 3.9219243526458745 2.1383330821990971 1.4978661537170412 0.74342104792594921 0.80116140842437755 0.81279689073562633 0.71834936738014232
decision_type=2 2 2 2 2 2 2 2 2 2 2 2 2 2
left_child=-1 -2 -3 5 -5 -4 13 8 -8 10 11 -9 -13 -7
right_child=1 2 3 4 -6 6 7 9 -10 -11 -12 12 -14 -15
leaf_value=-0.014304417989422427 0.038963757106020139 0.048241190084162104 0.042543367339555771 0.041030312677933722 -0.0022939019405143423 0.0040062159447753409 0.051028088266397424 0.002707900961330275 -0.036804353295105542 -0.062646852813998413 0.057457571760323969 -0.20261434347431617 0.0065546914889806039 -0.02332760779085892
leaf_weight=4936.0481106353691 1343.9611906297505 665.70671242661774 752.97240437939763 2071.2336151264608 2677.7302820384502 3342.9443165957928 1477.626858741045 5074.0182688236237 456.9911405146122 646.69859659671783 627.49573248624802 179.75165224075317 396.45774048566818 7025.6637311726809
leaf_count=215328 7220 3338 8784 18710 6921 7760 2527 3014 282 345 742 113 247 11481
internal_value=0.000245988 0.00293633 0.00101511 -0.000275177 0.0166482 -0.00430382 -0.00615956 0.00363028 0.0301979 -0.00382531 0.00232418 -0.00388945 -0.06104 -0.0145195
internal_weight=31675.3 26739.3 25395.3 24729.6 4748.96 19980.6 19227.6 8859.04 1934.62 6924.42 6277.72 5650.23 576.209 10368.6
internal_count=286812 71484 64264 60926 25631 35295 26511 7270 2809 4461 4116 3374 360 19241
is_linear=0
shrinkage=0.05


Tree=54
num_leaves=15
num_cat=0
split_feature=15 25 43 47 23 37 49 36 37 47 31 27 27 31
split_gain=490.408 464.233 466.371 667.37 926.582 703.615 534.279 910.838 540.574 745.339 474.575 437.274 470.35 454.122
threshold=1.0000000180025095e-35 2.7183422623977552e-08 3.5408543348312382 3.6242519617080693 3.9415346384048466 1.0000000180025095e-35 0.048648951575160033 0.65151515603065502 2.8029010295867924 6.6153953075408944 0.74596774578094494 6.6153936386108407 6.6120400428771982 0.95220059156417858
decision_type=2 2 2 2 2 2 2 2 2 2 2 2 2 2
left_child=-1 -2 3 4 5 -3 -4 -8 9 11 -7 12 13 -9
right_child=1 2 6 -5 -6 10 7 8 -10 -11 -12 -13 -14 -15
leaf_value=-0.010991533705557454 -0.049682020008395333 -0.037074695282804916 -0.012819362169183154 0.030758475340686917 0.038654754224054198 0.032022489658347239 0.024002140234875794 -0.019538939168005604 0.053481762699980798 -0.067445290593492344 -0.010453082261019719 0.014377522436289862 -0.067142834427402251 0.04598707309368729
leaf_weight=7407.2269579626154 390.28889760747552 1435.9906730726361 5710.8262534062378 3460.8146714814939 1350.1846691519022 1061.9418283235282 4108.9708219041349 1542.7344165630639 322.46948193758726 534.46584957838058 1692.644438881427 1666.638359002769 409.04594196379185 308.92125732591376
leaf_count=53242 1383 1850 17135 9658 9441 6759 115247 10562 1033 307 2674 5577 2486 49458
internal_value=0.000245853 0.00371782 0.00462138 0.0135662 0.00279174 -0.00882767 -0.000897518 0.00676393 -0.00806027 -0.0126178 0.0059786 -0.00500403 -0.0192929 -0.0084186
internal_weight=31403.2 23995.9 23605.6 9001.58 5540.76 4190.58 14604.1 8893.25 4784.28 4461.81 2754.59 3927.34 2260.7 1851.66
internal_count=286812 233570 232187 30382 20724 11283 201805 184670 69423 68390 9433 68083 62506 60020
is_linear=0
shrinkage=0.05


Tree=55
num_leaves=15
num_cat=0
split_feature=15 33 48 48 53 37 26 22 48 48 53 28 31 22
split_gain=464.647 613.34 992.437 640.171 767.59 1162.23 974.009 576.887 950.319 1654.72 694.019 494.746 494.576 477.597
threshold=0.019421433098614219 0.89587974548339855 0.9006139636039735 0.70322379469871532 1.0000000180025095e-35 1.4978661537170412 0.78526219725608837 6.8018388748168954 0.80893719196319591 0.81279689073562633 1.0000000180025095e-35 2.4414010047912602 0.6348484754562379 6.7996129989624032
decision_type=2 2 2 2 2 2 2 2 2 2 2 2 2 2
left_child=1 2 7 -3 6 11 -5 13 10 -10 12 -6 -9 -1
right_child=-2 3 -4 4 5 -7 -8 8 9 -11 -12 -13 -14 -15
leaf_value=-0.0068555848396304638 0.011586056445200202 0.033320977933229287 0.021507387828003179 0.038266892964772363 -0.014114845120702466 -0.052725751253935173 -0.0044363375518025284 -0.023878774674747916 -0.19254723411189292 0.0009446095212438312 0.042516059431115097 0.059486272513465804 0.0092078156249802597 -0.036186627127679789
leaf_weight=2127.4108281669905 6987.0030555381672 1800.2363419202156 2144.2566369666019 2001.5537028633989 488.19690635800362 1383.8655730485916 3966.7681026546052 2085.8977277874947 167.8493447303772 291.50027012825012 867.6833188533783 413.98094907402992 2440.9914373159409 4012.3648872226477
leaf_count=25130 82225 7440 135661 7448 997 1170 15850 1284 93 194 991 563 1538 6228
internal_value=0.0002378 -0.0030431 -0.00975404 0.00639359 0.000487647 -0.0240865 0.0099248 -0.0153563 -0.00411383 -0.0723546 0.00182002 0.0199403 -0.00605684 -0.0260512
internal_weight=31179.6 24192.6 14138 10054.6 8254.37 2286.04 5968.32 11993.7 5853.92 459.35 5394.57 902.178 4526.89 6139.78
internal_count=286812 204587 171119 33468 26028 2730 23298 35458 4100 287 3813 1560 2822 31358
is_linear=0
shrinkage=0.05


Tree=56
num_leaves=15
num_cat=0
split_feature=18 23 26 31 28 22 0 36 49 33 27 28 46 28
split_gain=466.507 648.303 554.594 654.975 1034.76 647.133 593.069 549.741 557.796 481.99 478.918 728.427 422.61 888.878
threshold=6.7208228111267099 2.6735538244247441 0.58797526359558117 0.94028520584106456 6.5771653652191171 6.7973818778991708 0.0066007319837808618 0.65151515603065502 0.81989526748657238 1.4978661537170412 6.6234009265899667 1.0000000180025095e-35 0.72638148069381725 2.7403194904327397
decision_type=2 2 2 2 2 2 2 2 2 2 2 2 2 2
left_child=-1 -2 9 5 -5 -4 10 -6 -9 -3 11 -7 13 -13
right_child=1 2 3 4 7 6 -8 8 -10 -11 -12 12 -14 -15
leaf_value=-0.013303249912864586 0.047824624439318932 0.045607849012053232 0.0458000985283692 0.047989628768230042 0.053456392562167276 -0.046832125106358174 0.0091027739796350465 0.012326813540665969 -0.037240669299488466 -0.07476611644019826 0.05280656118098899 0.040681746340618531 -0.016911823398922696 -0.0084312064035302111
leaf_weight=5271.5794218294322 772.51737377233803 1020.7792764008045 623.61673107370734 1689.9336402136832 371.74462966620922 1360.6756127476692 5038.8554546311498 1179.2348455786705 1077.6924284622073 81.513947129249573 279.07459193468094 1152.1703781187534 6621.3009464815259 4434.9208514392376
leaf_count=221825 7100 3196 7616 13624 1111 2720 6978 2696 3112 53 729 2974 7978 5100
internal_value=0.000231631 0.00301156 0.00160439 -6.44634e-06 0.0175897 -0.00390831 -0.00557297 -0.00206173 -0.0114017 0.0361141 -0.0109157 -0.0122642 -0.00837625 0.00175146
internal_weight=30975.6 25704 24931.5 23829.2 4318.61 19510.6 18887 2628.67 2256.93 1102.29 13848.1 13569.1 12208.4 5587.09
internal_count=286812 64987 57887 54638 20543 34095 26479 6919 5808 3249 19501 18772 16052 8074
is_linear=0
shrinkage=0.05


Tree=57
num_leaves=15
num_cat=0
split_feature=15 25 43 47 23 37 37 37 47 49 37 22 27 33
split_gain=423.881 418.266 398.201 601.469 810.183 598.052 510.069 545.326 824.712 523.49 487.644 915.021 751.09 641.423
threshold=1.0000000180025095e-35 2.7183422623977552e-08 3.5408543348312382 3.6242519617080693 3.9415346384048466 1.0000000180025095e-35 1.0000000180025095e-35 2.8029010295867924 6.6153953075408944 0.051458330824971206 0.89587974548339855 6.7996129989624032 6.6120400428771982 1.4978661537170412
decision_type=2 2 2 2 2 2 2 2 2 2 2 2 2 2
left_child=-1 -2 3 4 5 -3 9 8 10 -4 11 12 -8 -12
right_child=1 2 6 -5 -6 -7 7 -9 -10 -11 13 -13 -14 -15
leaf_value=-0.010275994842589613 -0.048114809739502371 -0.034533964322613735 -0.0057432518221189654 0.029533535844986414 0.037201208016026763 0.0055164180396841591 0.060153039294448755 0.051849448772987507 -0.061664806736740733 0.026929990900884104 0.014090813517740962 -0.052991339958760875 -0.026532666500474041 -0.019661664827240077
leaf_weight=7304.4950084640877 375.93095361068845 1415.0672074109316 2220.6585375675932 3314.4134987811558 1270.2696795687079 2688.1883497461677 426.16923123714514 361.27805560827255 701.58070188760757 2718.6718741325894 3868.2917129786219 1283.9364991635084 575.88157364353538 2199.5627131592482
leaf_count=53242 1383 1850 8549 9658 9441 9433 56581 1350 532 106889 18274 1620 3170 4840
internal_value=0.000231653 0.0035119 0.00437462 0.0128169 0.00247026 -0.00834592 -0.000739799 -0.00756361 -0.00998855 0.0122586 -0.00558008 -0.0252072 0.0105646 0.00184351
internal_weight=30724.4 23419.9 23044 8687.94 5373.53 4103.26 14356 9416.7 9055.42 4939.33 8353.84 2285.99 1002.05 6067.85
internal_count=286812 233570 232187 30382 20724 11283 201805 86367 85017 115438 84485 61371 59751 23114
is_linear=0
shrinkage=0.05


Tree=58
num_leaves=15
num_cat=0
split_feature=18 23 41 31 28 22 27 22 33 56 31 33 36 48
split_gain=429.658 609.564 528.448 570.281 936.367 508.505 505.756 541.826 647.599 1155.25 980.978 642.737 536.711 728.925
threshold=6.7208228111267099 2.6735538244247441 0.36666667461395269 0.94028520584106456 6.5771653652191171 6.7973818778991708 6.6234009265899667 6.8018388748168954 1.4978661537170412 1.0000000180025095e-35 0.74596774578094494 0.89587974548339855 0.74342104792594921 0.80116140842437755
decision_type=2 2 2 2 2 2 2 2 2 2 2 2 2 2
left_child=-1 -2 -3 5 -5 -4 7 11 10 -10 12 -7 13 -9
right_child=1 2 3 4 -6 6 -8 8 9 -11 -12 -13 -14 -15
leaf_value=-0.012761422289926442 0.047442246068899345 0.047318415937765285 0.044341458066287566 0.047391753202382328 -0.0014335221490987112 -0.024937739665750237 0.053178038495656443 0.00056104367548059865 0.049807754823189915 -0.052632589790959708 0.040754976546013219 0.00060352042866161247 0.053569878036457907 -0.063124403354876735
leaf_weight=5260.5870222469093 736.53534039482474 605.57278083637357 538.2369944639504 1579.4573406819254 2567.7702812626958 5551.4636042714119 362.83183042705059 4682.3596707582474 358.30219720304012 1089.8946303129196 1851.0447836518288 4420.4818404167891 404.65185794234276 486.97658133506775
leaf_count=221825 7100 3470 6522 13116 6919 9358 979 3004 958 599 1955 9969 752 286
internal_value=0.000223284 0.00293405 0.00157715 0.00039854 0.0172307 -0.00314358 -0.00449657 -0.00563461 0.00335182 -0.0271198 0.00932356 -0.0136262 -0.00116868 -0.00554873
internal_weight=30496.2 25235.6 24499 23893.5 4147.23 19746.2 19208 18845.2 8873.23 1448.2 7425.03 9971.95 5573.99 5169.34
internal_count=286812 64987 57887 54417 20035 34382 27860 26881 7554 1557 5997 19327 4042 3290
is_linear=0
shrinkage=0.05


Tree=59
num_leaves=15
num_cat=0
split_feature=18 37 41 48 37 37 32 43 27 37 27 33 33 22
split_gain=407.921 541.094 498.014 458.884 503.781 642.615 523.087 648.698 662.089 624.367 975.566 783.364 695.006 1496.13
threshold=6.0879099369049081 2.8029010295867924 0.36666667461395269 0.5288667380809785 2.0126758217811589 1.7005987167358401 2.7058230638504033 2.3502402305603032 6.6234009265899667 1.0000000180025095e-35 6.6247289180755624 0.89587974548339855 1.4978661537170412 6.8018388748168954
decision_type=2 2 2 2 2 2 2 2 2 2 2 2 2 2
left_child=-1 2 -2 -4 5 6 7 -5 -9 -8 11 -11 -13 -14
right_child=1 -3 3 4 -6 -7 9 8 -10 10 -12 12 13 -15
leaf_value=-0.034868695455730611 0.041068603246570405 0.051973239385964654 -0.032614405754051688 0.04966445843744504 -0.020380848325910292 0.049437408110041658 0.020765126891534716 -0.016411753433714038 0.048957729757374252 -0.010938478961720309 -0.062731685388634301 0.025986312753899315 0.05785890119279137 -0.061400778606455209
leaf_weight=795.96252695075236 719.56678351573646 505.27629880607128 1077.8500599244144 430.71679435670376 2600.2730295027141 704.76396567816846 5173.146525935852 6970.6046634651721 400.53846146166325 4991.7295715535292 582.13683331012726 4182.5409848541021 403.26701079693157 714.91811192035675
leaf_count=5499 4048 2188 1912 1482 8128 3303 137596 17877 1090 81450 340 20130 1364 405
internal_value=0.000226046 0.00118585 0.000281858 -0.000771855 0.000503614 0.00272265 0.00132207 -0.00929061 -0.0127981 0.00648416 -0.000322266 0.00326505 0.016636 -0.0182588
internal_weight=30253.3 29457.3 28952.1 28232.5 27154.6 24554.4 23849.6 7801.86 7371.14 16047.7 10874.6 10292.5 5300.73 1118.19
internal_count=286812 281313 279125 275077 273165 265037 261734 20449 18967 241285 103689 103349 21899 1769
is_linear=0
shrinkage=0.05


Tree=60
num_leaves=15
num_cat=0
split_feature=0 28 27 37 31 31 36 31 43 36 49 47 22 53
split_gain=397.489 633.981 462.234 492.027 347.557 461.786 415.857 715.508 665.808 378.051 615.196 341.785 341.175 397.708
threshold=0.0063492704648524531 1.0000000180025095e-35 6.6234009265899667 1.4978661537170412 0.9338383972644807 0.98500338196754467 0.74342104792594921 0.78867626190185558 5.9255909919738778 0.7947368621826173 0.60934543609619152 6.6012263298034677 6.7973818778991708 1.0000000180025095e-35
decision_type=2 2 2 2 2 2 2 2 2 2 2 2 2 2
left_child=1 2 3 -1 6 9 12 8 -8 -6 -11 -2 -3 -14
right_child=11 4 -4 -5 5 -7 7 -9 -10 10 -12 -13 13 -15
leaf_value=-0.046962077999818302 0.015253818556172308 0.025627893946789205 0.04567187601745893 0.050771043213796697 0.03339171156485294 -0.031672732283414877 0.043327352474705566 -0.012130768634277568 -0.022528863067690565 0.044024227745592545 -0.031086988553220642 -0.0086769863468678619 -0.015720248481869602 0.0065418150490340046
leaf_weight=1558.7581756371073 6275.836797732627 678.88463244459126 169.38088354468346 132.18362001702189 1995.4469753883313 484.9126439091051 1749.9061087607406 1987.4809547804762 483.99616680294275 428.8409653196577 709.77164458145853 1949.1663112044334 8751.6143516749144 2595.8155342638493
leaf_count=3473 82288 19516 554 2168 140148 5264 5555 4093 703 1774 2320 4936 10087 3933
internal_value=0.000224132 -0.00332005 -0.0311501 -0.0390686 -0.000699676 0.0132914 -0.00382228 0.00966396 0.0290222 0.020327 -0.00266051 0.00957903 -0.00856021 -0.0106263
internal_weight=29952 21727 1860.32 1690.94 19866.7 3618.97 16247.7 4221.38 2233.9 3134.06 1138.61 8225 12026.3 11347.4
internal_count=286812 199588 6195 5641 193393 149506 43887 10351 6258 144242 4094 87224 33536 14020
is_linear=0
shrinkage=0.05


Tree=61
num_leaves=15
num_cat=0
split_feature=18 23 26 31 28 22 0 36 49 33 27 28 20 22
split_gain=379.324 553.719 466.128 546.049 839.631 527.487 479.273 467.547 498.986 421.995 383.744 599.133 350.594 354.861
threshold=6.7208228111267099 2.6735538244247441 0.58797526359558117 0.94028520584106456 6.5771653652191171 6.7973818778991708 0.0067340831737965354 0.65151515603065502 0.87237897515296947 1.4978661537170412 6.6234009265899667 1.0000000180025095e-35 2.740417315294508e-08 6.5705838203430185
decision_type=2 2 2 2 2 2 2 2 2 2 2 2 2 2
left_child=12 -2 9 5 -5 -4 10 -6 -9 -3 11 -7 -1 -14
right_child=1 2 3 4 7 6 -8 8 -10 -11 -12 -13 13 -15
leaf_value=-0.057009767140134483 0.046869389285722311 0.044455315027895452 0.044051035335431803 0.046570334686808865 0.052769415590797578 -0.043366602465648066 0.0086900230820949765 0.0096921091633954282 -0.039362453139624221 -0.068470486790784435 0.051733210960990567 -0.0074183348380779286 0.038378204155190228 -0.012178209360181134
leaf_weight=390.06545798340812 683.38835997693241 924.15150088071823 556.18863064795732 1480.8474478516728 340.35298354178667 1273.5503259003162 4756.5440847352147 1320.5319665670395 840.31830152869225 81.89355194568634 239.47937728464603 12038.882075630128 366.63702476979233 4458.5530774686486
leaf_count=1453 7100 3196 7616 13624 1111 2750 6764 3082 2726 53 735 16230 205512 14860
internal_value=0.000219346 0.00282326 0.00154221 6.8484e-05 0.0168691 -0.00348494 -0.00495228 -0.000831088 -0.00947783 0.0346796 -0.00974343 -0.0108873 -0.0120132 -0.00826531
internal_weight=29751.4 24536.1 23852.7 22846.7 3982.05 18864.6 18308.5 2501.2 2160.85 1006.05 13551.9 13312.4 5215.26 4825.19
internal_count=286812 64987 57887 54638 20543 34095 26479 6919 5808 3249 19715 18980 221825 220372
is_linear=0
shrinkage=0.05


Tree=62
num_leaves=15
num_cat=0
split_feature=15 36 48 27 47 28 48 36 48 27 0 53 48 43
split_gain=363.547 414.812 592.869 514.092 630.644 275.568 256.772 295.045 270.895 247.785 244.784 234.449 548.011 396.764
threshold=0.010152545757591726 0.73205742239952099 0.91022777557373058 2.9174053668975835 3.9219243526458745 0.89587974548339855 0.77664893865585338 0.82085561752319347 0.78488075733184826 6.6247289180755624 1.0000000180025095e-35 1.0000000180025095e-35 0.74072885513305675 3.2384861707687382
decision_type=2 2 2 2 2 2 2 2 2 2 2 2 2 2
left_child=1 2 11 -3 5 10 7 -6 -8 -10 -5 -1 13 -13
right_child=-2 3 -4 4 6 -7 8 -9 9 -11 -12 12 -14 -15
leaf_value=-0.017106344376565632 0.0068448268875901958 -0.032486181242916204 0.022731754482941346 -0.028130183956361205 0.045226447865449299 0.041300926177431703 -0.056126737383818195 -0.070888748668217746 0.0057758469128367206 -0.040510639348102874 0.06839826485506427 -0.021204947416155844 -0.021142921998018344 0.046791556082611235
leaf_weight=8545.3607112381142 12163.131776132621 694.98390373587608 1267.2203298158711 282.77882477641106 392.99398301076144 1767.9518815986812 282.06784254312515 54.172535439021885 1361.1603194492636 356.52372282743454 74.74660636484623 292.64491468667984 1267.5407249927521 746.55627126991749
leaf_count=29262 142280 2297 93193 677 903 7124 194 35 6675 228 150 250 1790 1754
internal_value=0.000217268 -0.00442041 -0.00950965 0.00728486 0.0133876 0.0332439 -0.00392542 0.0299166 -0.0116041 -0.00401028 -0.00663737 -0.013292 0.000851166 0.0276238
internal_weight=29549.8 17386.7 12119.3 5267.38 4572.4 2125.48 2446.92 447.167 1999.75 1717.68 357.525 10852.1 2306.74 1039.2
internal_count=286812 144532 126249 18283 15986 7951 8035 938 7097 6903 827 33056 3794 2004
is_linear=0
shrinkage=0.05


Tree=63
num_leaves=15
num_cat=0
split_feature=15 25 35 43 37 47 23 37 49 39 47 33 31 37
split_gain=346.014 332.469 322.947 338.723 545.349 542.594 622.709 459.508 450.613 422.897 393.797 433.106 389.94 368.99
threshold=1.0000000180025095e-35 2.7183422623977552e-08 9.0119687001788417e-07 3.5408543348312382 1.0000000180025095e-35 3.6242519617080693 3.979637980461121 1.0000000180025095e-35 0.051458330824971206 0.52375259995460521 6.6153953075408944 2.6020033359527592 0.74596774578094494 0.89587974548339855
decision_type=2 2 2 2 2 2 2 2 2 2 2 2 2 2
left_child=-1 -2 -3 5 8 6 7 -4 9 -5 13 -12 -9 -6
right_child=1 2 3 4 10 -7 -8 12 -10 -11 11 -13 -14 -15
leaf_value=-0.009438752315038948 -0.04481026235515153 0.04340166431336747 -0.031068951765300806 0.0035690313322770187 -0.023228990163257669 0.027716429255916199 0.035041705165167282 0.030357169064322301 0.025755085938073987 -0.0610669780739303 -0.058728353141685036 0.049535677870878557 -0.0099868336767025053 0.00079889945915918642
leaf_weight=7052.7406148998998 344.13983826525509 498.78454837948084 1391.863749936223 1914.3607047814876 2215.2917585739633 3063.8953310279176 1053.7778002340347 922.69668053649366 2602.1555951460032 281.45624266564846 645.74299347400665 99.718065440654755 1664.6789408288896 5664.1721663852222
leaf_count=53242 1383 2555 1994 8055 61371 9517 8140 6518 106889 494 532 214 2855 23053
internal_value=0.000209699 0.00325548 0.00402672 0.00309436 -0.00177831 0.0111644 0.00105323 -0.00801284 0.0117193 -0.00495519 -0.00929179 -0.0437822 0.00446192 -0.00597736
internal_weight=29415.5 22362.7 22018.6 21519.8 13422.9 8096.91 5033.02 3979.24 4797.97 2195.82 8624.92 745.461 2587.38 7879.46
internal_count=286812 233570 232187 229632 200608 29024 19507 11367 115438 8549 85170 746 9373 84424
is_linear=0
shrinkage=0.05


Tree=64
num_leaves=15
num_cat=0
split_feature=21 23 31 28 26 22 49 0 26 33 43 36 46 27
split_gain=343.535 532.971 435.262 715.794 482.887 464.438 432.548 417.979 399.752 390.066 363.306 351.044 346.482 355.708
threshold=0.92749580740928661 2.6735538244247441 0.94028520584106456 6.5771653652191171 0.58797526359558117 6.7973818778991708 0.65277835726737987 0.0067340831737965354 0.96078228950500499 1.4978661537170412 3.2384861707687382 0.65151515603065502 0.5294511914253236 6.6234009265899667
decision_type=2 2 2 2 2 2 2 2 2 2 2 2 2 2
left_child=8 -2 4 -4 9 -6 -5 12 10 -3 -1 -8 -7 -14
right_child=1 2 3 6 5 7 11 -9 -10 -11 -12 -13 13 -15
leaf_value=-0.032191856125266309 0.047618844095984263 0.043545641806863385 0.043066124716382069 0.030586133027401 0.040002621635745798 0.040743697428077666 0.049317313289089025 0.0080381361677768336 -0.059333291639732083 -0.065466855339280636 0.00019254832499193943 -0.022781241865999266 -0.011739312595536532 0.051308532859077105
leaf_weight=1121.949439723976 633.39084859192371 848.6091243326664 1542.7257725000381 760.41158906370401 587.53969198092818 326.99265897274017 180.89460261166096 4672.5583785101771 392.2370070690522 81.864374160766602 3686.2365058110445 1482.1068098396063 12710.052833706141 218.0140001475811
leaf_count=3536 7114 3145 17670 2022 8419 806 643 6715 10819 53 202992 4218 17945 715
internal_value=0.000202399 0.00272354 0.00148911 0.0165628 -0.00159226 -0.00336586 -0.000416586 -0.00480868 -0.0114374 0.0333604 -0.00741521 -0.0146907 -0.00933997 -0.0106373
internal_weight=29245.6 24045.2 23411.8 3966.14 19445.6 18515.2 2423.41 17927.6 5200.42 930.473 4808.19 1663 13255.1 12928.1
internal_count=286812 69465 62351 24553 37798 34600 6883 26181 217347 3198 206528 4861 19466 18660
is_linear=0
shrinkage=0.05


Tree=65
num_leaves=15
num_cat=0
split_feature=25 41 48 37 37 37 43 54 37 43 41 22 34 35
split_gain=322.447 336.167 517.894 363.48 487.259 515.129 451.258 503.84 442.785 512.501 430.242 391.703 390.177 326.012
threshold=2.9897332609607481e-08 0.36666667461395269 0.5288667380809785 2.8029010295867924 2.0126758217811589 1.7005987167358401 2.3502402305603032 1.0000000180025095e-35 1.2424533367156985 3.65057384967804 0.70833334326744091 6.7984981536865243 0.8646453619003297 1.6126608102240427e-06
decision_type=2 2 2 2 2 2 2 2 2 2 2 2 2 2
left_child=-1 -2 -3 4 5 6 -4 10 9 -9 12 -6 13 -8
right_child=1 2 3 -5 11 -7 7 8 -10 -11 -12 -13 -14 -15
leaf_value=-0.031770006312711617 0.034554521139360909 -0.028867914832867325 0.039572554259301035 0.045978257533678013 0.047318408877421059 0.047170914669463757 -0.028136121379753951 -0.047054009235807305 0.054174914518142672 0.048052260016499794 -0.026892346903899241 -0.025371507855786291 -0.022939588702727689 0.0077125774519224352
leaf_weight=757.75952689303085 720.20860087126493 1443.3908465690911 762.82205665111542 447.38457258045673 191.97947391821072 640.16483129828703 648.6864927560091 1201.5630523264408 142.02577638626099 152.23863661289215 1143.6429292857647 2351.3395560383797 1199.758236637339 17283.737173270725
leaf_count=2462 4138 6091 1768 2186 5124 3309 657 1756 292 94 2282 3016 5410 248227
internal_value=0.000202964 0.00106911 0.000183401 0.00179641 0.00101026 0.00329293 0.00202606 0.000692964 -0.0272123 -0.0360851 0.00276404 -0.0197208 0.0045499 0.00640083
internal_weight=29086.7 28328.9 27608.7 26165.3 25718 23174.6 22534.5 21771.7 1495.83 1353.8 20275.8 2543.32 19132.2 17932.4
internal_count=286812 284350 280212 274121 271935 263795 260486 258718 2142 1850 256576 8140 254294 248884
is_linear=0
shrinkage=0.05


Tree=66
num_leaves=15
num_cat=0
split_feature=15 33 27 48 53 37 26 32 53 22 48 22 48 48
split_gain=320.88 386.182 644.917 433.8 507.071 944.431 719.267 424.354 959.118 406.824 639.82 869.653 851.095 1011.44
threshold=0.019259123131632808 0.89587974548339855 6.620739459991456 0.70322379469871532 1.0000000180025095e-35 1.4978661537170412 0.78526219725608837 1.2424533367156985 1.0000000180025095e-35 6.7996129989624032 0.8773849904537202 6.8018388748168954 0.80375570058822643 0.81279689073562633
decision_type=2 2 2 2 2 2 2 2 2 2 2 2 2 2
left_child=1 2 7 -3 6 -6 -5 -1 9 -9 11 -11 -13 -14
right_child=-2 3 -4 4 5 -7 -8 8 -10 10 -12 12 13 -15
leaf_value=-0.033913768382563686 0.0099254076276251643 0.029531237283053027 0.033139857325708073 0.035422332019119561 0.02117354976237339 -0.047552738323279803 -0.0039554042777097884 0.0063491547034002201 0.039836237721159108 -0.044321628433381062 0.04073027202419581 -0.00082007325187392866 -0.15339057292176228 0.00043556388366924751
leaf_weight=1724.0586232386995 6544.2706493366277 1529.6344781331718 878.59667897224426 1686.7053572959267 816.94038444757462 1259.5870645046234 3658.3520902646706 2312.1785986437462 973.46293589472771 2579.2067696899176 433.30150780826807 4057.8334806859493 199.65377843379974 217.83562839031219
leaf_count=3432 82917 7427 3327 7439 1558 1169 15791 154585 1696 3635 1079 2515 98 144
internal_value=0.000197796 -0.00265659 -0.00803345 0.00537825 0.000367131 -0.0205428 0.00851372 -0.0109522 -0.00724964 -0.0119627 -0.0176181 -0.0212546 -0.00789143 -0.0749953
internal_weight=28871.6 22327.3 13376.1 8951.22 7421.58 2076.53 5345.06 12497.5 10773.5 9800.01 7487.83 7054.53 4475.32 417.489
internal_count=286812 203895 170511 33384 25957 2727 23230 167184 163752 162056 7471 6392 2757 242
is_linear=0
shrinkage=0.05


Tree=67
num_leaves=15
num_cat=0
split_feature=18 23 41 31 28 49 22 22 33 31 53 46 36 48
split_gain=325.996 461.132 393.82 402.97 714.084 400.966 373.16 393.147 555.635 862.99 862.949 514.738 421.801 597.319
threshold=6.7208228111267099 2.6735538244247441 0.36666667461395269 0.94028520584106456 6.5771653652191171 0.72004491090774547 6.7973818778991708 6.8018388748168954 1.4978661537170412 0.74596774578094494 1.0000000180025095e-35 0.71834936738014232 0.74342104792594921 0.80116140842437755
decision_type=2 2 2 2 2 2 2 2 2 2 2 2 2 2
left_child=-1 -2 -3 6 -5 -6 -4 11 9 12 -10 -8 13 -9
right_child=1 2 3 4 5 -7 7 8 10 -11 -12 -13 -14 -15
leaf_value=-0.011238386712772303 0.045776165363610927 0.044703768900333812 0.041621011349741777 0.045265182084824968 0.025355173456079783 -0.016570728459398037 0.0062470222608517062 0.001750303908446935 0.048791502181341775 0.039461870883925047 -0.047666499529803855 -0.018357607459519958 0.052730640977828272 -0.055147496756117888
leaf_weight=5114.2332455574651 594.70664494857192 506.58251955918968 458.78011351451278 1301.7051084861159 910.76092904806137 1488.1688918694854 3129.4547399654984 4619.6129956543446 291.65911471843719 1808.8330230712891 1005.6592922210693 6589.819034062326 340.96321330964565 502.37281501293182
leaf_count=221825 7100 3470 6522 13116 2451 4468 8592 3005 958 2246 599 11422 752 286
internal_value=0.000191162 0.00267707 0.00154101 0.000547473 0.0156024 -0.000614255 -0.00243106 -0.00355829 0.0042468 0.00963064 -0.0257738 -0.010437 -0.000300813 -0.00392691
internal_weight=28663.3 23549.1 22954.4 22447.8 3700.63 2398.93 18747.2 18288.4 8569.1 7271.78 1297.32 9719.27 5462.95 5121.99
internal_count=286812 64987 57887 54417 20035 6919 34382 27860 7846 6289 1557 20014 4043 3291
is_linear=0
shrinkage=0.05


Tree=68
num_leaves=15
num_cat=0
split_feature=26 41 48 37 37 37 43 32 37 27 33 49 27 24
split_gain=298.935 383.417 394.788 422.684 382.631 476.356 391.874 495.428 574.541 758.63 730.864 572.089 577.863 670.263
threshold=0.50033289194107067 0.36666667461395269 0.5288667380809785 2.8029010295867924 2.0126758217811589 1.7005987167358401 2.3502402305603032 2.7058230638504033 1.0000000180025095e-35 6.6247289180755624 0.89587974548339855 0.02967963740229607 4.3502571582794198 0.13981626182794574
decision_type=2 2 2 2 2 2 2 2 2 2 2 2 2 2
left_child=-1 -2 -3 4 5 6 -4 -8 11 10 -10 12 -9 -14
right_child=1 2 3 -5 -6 -7 7 8 9 -11 -12 -13 13 -15
leaf_value=-0.034513830061850576 0.039649112406634317 -0.02904488712506248 0.037587010826691414 0.050839333797519828 -0.018173744486646472 0.046486580764071313 -0.010810150482622146 0.028420204624505969 -0.012829542372478984 -0.05947019017654212 0.01506236297300481 0.030825556572561665 -0.016539063326847264 -0.15535227728771969
leaf_weight=597.1825923838187 615.65459586493671 1107.3190496754833 710.96613436192274 413.68450957536697 2471.7183828102425 589.12202276289463 7028.8009586185217 707.43953359499574 4523.4998524197144 527.21096414327621 4863.5722114176024 3367.4885345457587 825.96282813872676 87.688174805371091
leaf_count=5106 4039 1944 1769 2188 8132 3308 18949 1700 81337 340 21902 132269 3525 304
internal_value=0.000193084 0.000949688 6.03016e-05 0.00130495 0.00048826 0.00248075 0.00131578 0.000123367 0.00528385 -0.00168307 0.00162229 0.0191056 -0.00528011 -0.0313994
internal_weight=28437.3 27840.1 27224.5 26117.2 25703.5 23231.8 22642.6 21931.7 14902.9 9914.28 9387.07 4988.58 1621.09 913.651
internal_count=286812 281706 277667 275723 273535 265403 262095 260326 241377 103579 103239 137798 5529 3829
is_linear=0
shrinkage=0.05


Tree=69
num_leaves=15
num_cat=0
split_feature=15 21 47 46 40 49 36 28 27 36 33 22 47 36
split_gain=300.669 278.263 483.11 361.762 326.244 308.835 292.209 301.596 256.977 387.948 247.936 363.35 243.754 318.653
threshold=1.0000000180025095e-35 0.92869076132774364 6.3213891983032235 0.64785373210906994 2.2672566046821889e-06 0.048648951575160033 0.65151515603065502 3.0201274156570439 6.620739459991456 0.7947368621826173 0.89587974548339855 6.8007264137268075 3.9219243526458745 0.82085561752319347
decision_type=2 2 2 2 2 2 2 2 2 2 2 2 2 2
left_child=-1 2 4 -3 -2 12 7 -7 -4 -10 11 -8 13 -5
right_child=1 3 8 5 -6 6 10 -9 9 -11 -12 -13 -14 -15
leaf_value=-0.0089496127226034641 -0.042976371895722849 0.03118656646174929 -0.059195238767440608 0.00055242785898351862 0.010710567426813318 0.0088052395047848262 0.00010541853707233617 0.0365565021729281 0.024154775561922803 -0.057618742388461625 0.0085419806851475821 -0.060112756628302934 -0.01337172769277176 0.05168902611918063
leaf_weight=6815.7378150173463 318.64442016230896 1274.7379762642086 583.04720169305801 4397.7925558593124 2028.1475231440272 2454.146600401029 823.09226804226637 1628.6829071014654 321.13731798529625 248.74237556755543 3213.5144745488651 350.06988739967346 3450.3436912912875 317.337542463094
leaf_count=53242 1180 7271 2804 12135 173616 6471 4874 7120 900 220 10824 370 4292 1493
internal_value=0.000188889 0.00310097 -0.00977562 0.00562122 0.0032696 0.00364459 0.0103284 0.0199378 -0.036129 -0.011916 0.00135972 -0.0182198 -0.00329229 0.00409613
internal_weight=28225.2 21409.4 3499.72 17909.7 2346.79 16635 8469.51 4082.83 1152.93 569.88 4386.68 1173.16 8165.47 4715.13
internal_count=286812 233570 178720 54850 174796 47579 29659 13591 3924 1120 16068 5244 17920 13628
is_linear=0
shrinkage=0.05


Tree=70
num_leaves=15
num_cat=0
split_feature=43 36 37 41 48 37 43 27 48 43 47 48 37 47
split_gain=289.425 972.294 365.343 367.681 323.089 321.732 288.864 497.987 1274.06 583.441 477.868 468.158 394.81 629.349
threshold=3.2384861707687382 0.5634920895099641 2.8029010295867924 0.36666667461395269 0.5288667380809785 1.0000000180025095e-35 3.5408543348312382 3.3497501611709599 0.79311037063598644 3.4175922870635991 3.65057384967804 0.80116140842437755 1.0000000180025095e-35 6.6153953075408944
decision_type=2 2 2 2 2 2 2 2 2 2 2 2 2 2
left_child=1 -1 3 -2 5 -5 7 8 -6 11 -9 -10 -8 -14
right_child=2 -3 -4 4 6 -7 12 10 9 -11 -12 -13 13 -15
leaf_value=-0.040996919198634789 0.041569677285905847 0.013036042449887125 0.049098410479777303 0.017792172592338684 0.037995388437074423 -0.04295069104946328 0.00794396412788256 0.047398536544455638 -0.10695155461286301 0.022670476269853933 0.0068229236991359261 -0.024697420628879335 -0.0051335272707437518 -0.057589199784618197
leaf_weight=1635.4018399508204 542.73387250676751 1677.9706190312281 395.626942679286 294.37408130569384 1400.9987499192357 781.74981944449246 5913.164685597585 1353.9625636767596 180.29338508099318 622.69993260875344 1558.9990246887319 2087.4676151759923 9106.9386173214298 600.35950791835785
leaf_count=4337 2812 9999 2180 2794 5563 2263 137603 10310 200 806 4345 3379 99755 466
internal_value=0.000181339 -0.0136765 0.00203462 0.00125311 0.00032062 -0.0263236 0.00158779 0.009863 -0.000976217 -0.0199315 0.0257804 -0.0316777 -0.00223274 -0.00843364
internal_weight=28152.7 3313.37 24839.4 24443.7 23901 1076.12 22824.9 7204.42 4291.46 2890.46 2912.96 2267.76 15620.5 9707.3
internal_count=286812 14336 272476 270296 267484 5057 262427 24603 9948 4385 14655 3579 237824 100221
is_linear=0
shrinkage=0.05


Tree=71
num_leaves=15
num_cat=0
split_feature=15 33 27 28 43 53 32 22 36 48 27 37 48 53
split_gain=282.35 316.762 560.085 362.362 393.867 388.509 416.644 350.959 579.95 475.894 425.011 643.59 349.919 433.656
threshold=0.019259123131632808 0.89587974548339855 6.620739459991456 1.0000000180025095e-35 3.65057384967804 1.0000000180025095e-35 1.2424533367156985 6.7996129989624032 0.65151515603065502 0.90209272503852855 6.6093482971191415 0.89587974548339855 0.70322379469871532 1.0000000180025095e-35
decision_type=2 2 2 2 2 2 2 2 2 2 2 2 2 2
left_child=1 2 3 4 -1 7 -7 10 -9 -10 11 -5 -3 -14
right_child=-2 12 -4 5 -6 6 -8 8 9 -11 -12 -13 13 -15
leaf_value=-0.048274866113267409 0.009440102621581568 0.027444772646343207 0.031907719342796979 0.036469048417543615 0.046259416306210444 -0.016293408188955756 0.037633662772101312 -0.010149519525726529 -0.05770640782966973 0.048505862653297573 -0.024452770945081446 -0.048130626634290845 0.0081112505559609548 -0.019276763564790276
leaf_weight=960.79159470414743 6344.2617698300164 1425.8209899482317 835.76401961222291 1241.5146844757837 116.30110061168671 585.95326587557793 893.41661591827869 6169.5284755080938 1105.0335262417793 108.94158748537302 749.86437821760774 264.97436689748429 5113.117636033101 2003.316072627902
leaf_count=2718 82917 7427 3327 143356 71 643 1692 5300 1444 741 7808 3411 23230 2727
internal_value=0.00017616 -0.00255115 -0.00745398 -0.0101752 -0.0377357 -0.00747398 0.0163081 -0.0111368 -0.0164055 -0.0478565 0.00610058 0.0213697 0.00492858 0.00038514
internal_weight=27918.6 21574.3 13032.1 12196.3 1077.09 11119.2 1479.37 9639.86 7383.5 1213.98 2256.35 1506.49 8542.25 7116.43
internal_count=286812 203895 170511 167184 2789 164395 2335 162060 7485 2185 154575 146767 33384 25957
is_linear=0
shrinkage=0.05


Tree=72
num_leaves=15
num_cat=0
split_feature=0 28 27 37 21 26 33 53 31 32 27 31 28 47
split_gain=269.026 318.783 335.036 336.331 250.776 342.9 994.547 678.23 556.444 399.126 412.043 396.551 384.802 398.145
threshold=0.0081634009256958979 1.0000000180025095e-35 6.6234009265899667 1.4978661537170412 0.92218375205993663 0.74521261453628551 1.4978661537170412 1.0000000180025095e-35 0.79057019948959362 1.2424533367156985 4.2765698432922372 0.98500338196754467 2.0126758217811589 3.6242519617080693
decision_type=2 2 2 2 2 2 2 2 2 2 2 2 2 2
left_child=1 2 3 -1 -3 6 9 -8 12 -6 -11 -10 -7 -14
right_child=-2 4 -4 -5 5 8 7 -9 11 10 -12 -13 13 -15
leaf_value=-0.035090427161694193 0.010695222820306542 -0.012322051643306534 0.044721077601573261 0.049013697051134814 -0.009864082570555769 0.042762703370518414 0.045614130120275431 -0.03812201583488526 0.016745460948605576 0.049314572835220553 0.007654909878848701 -0.029277926669887877 -0.044009961955322675 -0.0083691831931421885
leaf_weight=1549.0839189724065 4971.4791827286826 3623.1579117371584 161.87287738919258 120.0467328839004 557.89585333876312 318.45445904508233 295.93109323084354 1158.1291547119617 4110.9773987980443 1899.1202269233763 867.37516491301358 518.80526937963441 878.45056938007474 6718.698834143579
leaf_count=3882 55800 171194 624 2390 998 1934 2184 1114 23041 8270 2843 2781 1264 8493
internal_value=0.000169433 -0.00213159 -0.0220795 -0.0287856 -0.000378211 0.00212543 0.0135086 -0.0208848 -0.00221765 0.0285695 0.0363277 0.0115362 -0.0102666 -0.0125427
internal_weight=27749.5 22778 1831 1669.13 20947 17323.8 4778.45 1454.06 12545.4 3324.39 2766.5 4629.78 7915.6 7597.15
internal_count=286812 231012 6896 6272 224116 52922 15409 3298 37513 12111 11113 25822 11691 9757
is_linear=0
shrinkage=0.05


Tree=73
num_leaves=15
num_cat=0
split_feature=15 21 47 46 40 49 36 28 44 37 47 27 32 33
split_gain=261.837 242.864 437.778 302.027 282.884 269.087 267.136 278.495 224.481 217.547 380.616 339.196 383.977 234.756
threshold=1.0000000180025095e-35 0.92869076132774364 6.3213891983032235 0.64785373210906994 2.2672566046821889e-06 0.048648951575160033 0.65151515603065502 3.0201274156570439 0.65976649522781383 2.8029010295867924 6.6153953075408944 6.6153936386108407 3.3842465877532963 2.7403194904327397
decision_type=2 2 2 2 2 2 2 2 2 2 2 2 2 2
left_child=-1 2 4 -3 -2 8 7 -7 -5 10 11 12 -8 -13
right_child=1 3 -4 5 -6 6 9 -9 -10 -11 -12 13 -14 -15
leaf_value=-0.0084535212753070656 -0.040700795688814892 0.02947971791385607 -0.034243922488443539 -0.0018395117973317083 0.010357966660835778 0.0083207220095130093 0.0088112533009614604 0.035339863742665144 -0.062337114673967402 0.051365119127797815 -0.052164468923306499 0.043854517889337558 -0.030439224178287285 -0.00074774417873238821
leaf_weight=6666.1589688602835 303.91400860040449 1194.200835056603 1149.1029376182705 7831.5335022150539 1989.5709425202804 2390.9961407184601 1537.178510133177 1586.0039198885206 146.41998922452331 195.64789809659123 328.00746476650238 689.8928489908576 1034.138172600884 509.40384435653687
leaf_count=53242 1180 7271 3924 17651 173616 6471 5483 7120 269 1094 260 4119 4469 643
internal_value=0.000166766 0.00292082 -0.00919811 0.00531648 0.00344475 0.00352362 0.00983746 0.0191574 -0.00302648 0.00118163 -0.00133307 0.00321506 -0.00703136 0.0250601
internal_weight=27552.2 20886 3442.59 17443.4 2293.48 16249.2 8271.27 3977 7977.95 4294.27 4098.62 3770.61 2571.32 1199.3
internal_count=286812 233570 178720 54850 174796 47579 29659 13591 17920 16068 14974 14714 9952 4762
is_linear=0
shrinkage=0.05


Tree=74
num_leaves=15
num_cat=0
split_feature=43 36 37 41 48 48 48 23 43 37 23 26 27 48
split_gain=257.908 807.889 328.351 324.259 289.791 503.269 461.676 558.968 1163.32 440.432 395.371 384.345 524.754 379.097
threshold=3.2384861707687382 0.5634920895099641 2.8029010295867924 0.36666667461395269 0.6479126811027528 0.6460915505886079 0.78192275762557995 3.1567740440368657 3.5694335699081425 2.0126758217811589 3.113268375396729 0.75162336230278026 4.3372693061828622 0.81279689073562633
decision_type=2 2 2 2 2 2 2 2 2 2 2 2 2 2
left_child=1 -1 3 -2 5 10 9 -8 -9 11 -5 -6 -13 -10
right_child=2 -3 -4 4 6 -7 7 8 13 -11 -12 12 -14 -15
leaf_value=-0.03859841511226364 0.040330536703976703 0.011688024230125221 0.048429150815732569 0.041316940441238792 0.030646482288435747 -0.11731189463767944 -0.018501537607695986 0.044228998306663742 -0.030168534769454605 -0.031620722533837804 -0.013561309213694986 -0.022756176155598912 0.017730297919769378 0.0010158583068988678
leaf_weight=1570.8040189070161 507.6647248826921 1607.2074096933939 363.58934859931469 350.21663049794734 2752.9019323317334 99.734334731008857 3937.1566894873977 1488.0839341925457 1176.0293973586522 506.01942917751148 3715.412799693062 1106.8562538139522 2817.0996343709994 5463.033803936909
leaf_count=4337 2812 9999 2180 1696 7576 365 5641 11384 2886 1137 9519 2582 8332 216366
internal_value=0.000160884 -0.0132103 0.00191548 0.00118853 0.000322938 -0.0116185 0.00291193 -0.00306359 0.0044288 0.0129387 -0.00874428 0.0163579 0.00628119 -0.00454514
internal_weight=27461.8 3178.01 24283.8 23920.2 23412.5 4165.36 19247.2 12064.3 8127.15 7182.88 4065.63 6676.86 3923.96 6639.06
internal_count=286812 14336 272476 270296 267484 11580 255904 236277 230636 19627 11215 18490 10914 219252
is_linear=0
shrinkage=0.05


Tree=75
num_leaves=15
num_cat=0
split_feature=34 49 22 30 27 36 22 27 26 26 46 26 0 36
split_gain=250.481 294.573 270.117 341.859 246.223 374.492 512.739 418.506 428.859 383.44 250.332 243.658 232.672 295.135
threshold=0.76350387930870067 0.063009638339281096 6.7973818778991708 3.0920933369316124e-08 4.3502571582794198 0.7947368621826173 6.7984981536865243 6.6093482971191415 0.96923065185546886 0.97734841704368602 0.50033468008041393 0.63423421978950512 0.0081634009256958979 0.74342104792594921
decision_type=2 2 2 2 2 2 2 2 2 2 2 2 2 2
left_child=2 -2 3 -1 10 6 7 -6 -9 -10 -3 -12 13 -4
right_child=1 4 12 -5 5 -7 -8 8 9 -11 11 -13 -14 -15
leaf_value=-0.045703640479796054 -0.040272710026107952 0.036364922893183015 -0.0062757137507708548 0.032048309737324011 0.044290586397595977 -0.047425940915369232 0.028132007400228521 -0.10091449661314007 0.024735820551349624 -0.044074399080824014 0.0065152280996957322 -0.037961224792474532 0.012036368607951486 0.0079058612980127084
leaf_weight=150.07839597272687 666.88257591426373 168.78091102279723 10929.896938487887 1270.0565648290794 229.15281511616195 313.80239817104302 1568.1035851947963 163.60432698950171 351.96731763519347 451.53021464124322 414.79305583238602 1156.5400200095028 3908.8898231089115 5510.0079410821199
leaf_count=1066 1424 883 16805 143754 82651 716 3813 1008 5520 2692 1438 3461 7213 14368
internal_value=0.000158111 -0.00938111 0.00256493 0.0235694 -0.00503095 0.00347246 0.00940042 -0.0151834 -0.0295847 -0.0139989 -0.0200069 -0.0262536 0.00108818 -0.00152069
internal_weight=27254.1 5485.16 21768.9 1420.13 4818.27 3078.16 2764.36 1196.25 967.102 803.498 1740.11 1571.33 20348.8 16439.9
internal_count=286812 103606 183206 144820 102182 96400 95684 91871 9220 8212 5782 4899 38386 31173
is_linear=0
shrinkage=0.05


Tree=76
num_leaves=15
num_cat=0
split_feature=43 36 37 41 48 36 47 36 48 22 37 27 48 48
split_gain=234.308 721.313 308.284 305.398 268.94 298.513 257.383 366.795 719.207 427.176 293.72 675.439 542.927 576.075
threshold=3.2384861707687382 0.5634920895099641 2.8029010295867924 0.36666667461395269 0.5288667380809785 0.34848485887050634 6.6140549182891855 0.76388889551162731 0.70322379469871532 6.8007264137268075 2.0126758217811589 6.620739459991456 0.78192275762557995 0.81279689073562633
decision_type=2 2 2 2 2 2 2 2 2 2 2 2 2 2
left_child=1 -1 3 -2 5 -5 10 8 -8 -10 11 12 -6 -14
right_child=2 -3 -4 4 6 -7 7 -9 9 -11 -12 -13 13 -15
leaf_value=-0.03697498500185268 0.039654045742430984 0.010909968085599724 0.048027902565206358 -0.048699234920664344 0.012597423821461421 0.0043653605922755823 -0.032499761681030991 -0.037077754372718076 -0.017580020235175377 0.041509113901875623 -0.017379441215005485 0.050688987127499967 -0.028291449284238646 0.0020497446500872254
leaf_weight=1539.9106596130878 493.60965701565146 1589.4303502864204 345.74636095389724 564.66918793832883 8159.204863200197 489.05482108402066 1016.5204376280308 965.96208798885345 443.49097672104836 943.47013357281685 1501.36124115251 782.83434728905559 2076.2219280939316 6250.0543870409019
leaf_count=4337 2812 9999 2180 1901 23752 3156 600 1078 1117 1488 4561 4168 4341 221322
internal_value=0.00015049 -0.0126964 0.00182792 0.00113357 0.000297004 -0.0242614 0.0014763 -0.0112275 -0.000727725 0.0226243 0.0037616 0.00560866 0.00343853 -0.00554093
internal_weight=27161.5 3129.34 24032.2 23686.5 23192.8 1053.72 22139.1 3369.44 2403.48 1386.96 18769.7 17268.3 16485.5 8326.28
internal_count=286812 14336 272476 270296 267484 5057 262427 4283 3205 2605 258144 253583 249415 225663
is_linear=0
shrinkage=0.05


Tree=77
num_leaves=15
num_cat=0
split_feature=34 22 30 27 33 37 0 36 27 47 36 47 43 28
split_gain=232.72 312.735 336.238 243.707 682.374 378.702 216.965 245.063 416.555 472.699 430.94 501.503 448.898 304.424
threshold=0.79817554354667675 6.7973818778991708 3.1045928494677362e-08 6.620739459991456 1.2424533367156985 1.2424533367156985 0.0081634009256958979 0.74342104792594921 2.9174053668975835 3.9219243526458745 0.80909091234207164 6.6140549182891855 6.5715825557708749 0.89587974548339855
decision_type=2 2 2 2 2 2 2 2 2 2 2 2 2 2
left_child=1 2 -1 5 -5 -2 7 -3 -9 13 11 -11 -12 -10
right_child=3 6 -4 4 -6 -7 -8 8 9 10 12 -13 -14 -15
leaf_value=-0.043786112164053204 -0.022187813927638522 -0.0061350982898639109 0.031230628774364635 0.043369876971447743 -0.055229087101384494 0.025613738037826812 0.011068249034620312 -0.025674398752544198 -0.012461898532604931 0.049488506792041878 -0.050668165970666493 -0.011579691984152344 0.0048676831952357488 0.039022403422731833
leaf_weight=157.89875736064278 3135.4974752825219 11315.794455476105 1428.5257462470327 579.51346764713526 240.25885361433029 468.66176718485076 3982.5044929012656 841.86354696750641 339.89779105782509 670.44861238449812 644.94500625133514 658.40956032276154 815.1618055999279 1704.862139120698
leaf_count=1176 22916 17612 217311 2923 195 2201 7467 1830 732 1785 489 1126 1259 7790
internal_value=0.000146198 0.00220344 0.0235366 -0.0103262 0.0141552 -0.0159183 0.000579393 -0.00188409 0.00658731 0.0122476 -0.00115537 0.0193705 -0.0198409 0.0304452
internal_weight=26984.2 22560.3 1586.42 4423.93 819.772 3604.16 20973.9 16991.4 5675.59 4833.72 2788.96 1328.86 1460.11 2044.76
internal_count=286812 258577 218487 28235 3118 25117 40090 32623 15011 13181 4659 2911 1748 8522
is_linear=0
shrinkage=0.05


Tree=78
num_leaves=15
num_cat=0
split_feature=18 23 35 41 31 28 49 31 27 22 33 29 36 48
split_gain=224.565 355.497 289.339 271.213 292.211 579.576 353.775 306.294 285.941 285.996 261.786 258.134 246.73 536.529
threshold=6.7208228111267099 2.6735538244247441 2.2795416043663867e-06 0.36666667461395269 0.94028520584106456 6.5771653652191171 0.65277835726737987 0.93250370025634777 6.6234009265899667 6.7973818778991708 1.0000000180025095e-35 0.8103143870830537 0.36931818723678594 0.61922281980514537
decision_type=2 2 2 2 2 2 2 2 2 2 2 2 2 2
left_child=2 -2 -1 -3 7 -6 -7 8 9 -5 -8 12 13 -11
right_child=1 3 -4 4 5 6 10 -9 -10 11 -12 -13 -14 -15
leaf_value=-0.030053202230336258 0.044077121900723049 0.041112133844568001 -0.0023531477150508621 0.039186225090102278 0.043544455693917933 0.029030133731827498 0.048408175520900744 -0.070737972087850196 0.051119379259646693 -0.05123652165986331 -0.020988404041786899 -0.048452877215579983 -0.00076295171461471158 0.027522832084560401
leaf_weight=1260.8640687644947 487.94183589890599 410.24464151076972 3658.7952863314422 398.75298405811191 1104.6950519513339 676.71748089790344 141.2816496193409 150.59591600298882 245.70276367664337 673.95170721411705 1367.7557588294148 298.60025599598885 15638.496307365596 308.60554870963097
leaf_count=4642 7100 3470 217183 6522 13116 2028 639 293 973 654 4252 880 24880 180
internal_value=0.000143165 0.00231221 -0.00949898 0.00134049 0.000544526 0.0142043 -0.000755151 -0.00199932 -0.00137003 -0.00214379 -0.0142153 -0.00314041 -0.00229772 -0.0264714
internal_weight=26823 21903.3 4919.66 21415.4 21005.2 3290.45 2185.75 17714.7 17564.1 17318.4 1509.04 16919.7 16621.1 982.557
internal_count=286812 64987 221825 57887 54417 20035 6919 34382 34089 33116 4891 26594 25714 834
is_linear=0
shrinkage=0.05


Tree=79
num_leaves=15
num_cat=0
split_feature=17 33 48 22 48 48 27 37 22 37 32 37 53 48
split_gain=218.161 222.78 425.314 305.725 544.866 743.43 318.611 615.566 981.005 548.93 520.74 315.071 307.337 276.832
threshold=0.020620748400688175 0.89587974548339855 0.9006139636039735 6.8018388748168954 0.80116140842437755 0.81279689073562633 3.3140207529067998 1.0000000180025095e-35 6.7996129989624032 1.0000000180025095e-35 2.7058230638504033 0.89587974548339855 1.0000000180025095e-35 0.50972241163253795
decision_type=2 2 2 2 2 2 2 2 2 2 2 2 2 2
left_child=1 2 3 6 12 -6 9 10 11 -1 -8 -9 -5 -12
right_child=-2 -3 -4 4 5 -7 7 8 -10 -11 13 -13 -14 -15
leaf_value=-0.069164312677864964 0.0069857854921318357 0.0040561532045521025 0.01816257043421492 -0.0023347582237291608 -0.11817108645085705 0.005508008682140169 -0.015704064600623641 0.033445994315025977 -0.056331252844887603 0.025821186531228175 -0.031394859174654809 -0.029295625947897131 0.034314431709631874 0.051892438294782212
leaf_weight=653.67069711722434 8098.8644434181042 7179.0028203190304 1437.4673250035266 4012.1604754924774 219.31792241334915 256.62925416231155 960.36373009160161 554.45491900458001 1414.6867430359125 191.52625164575875 110.76535603124648 300.75198949524201 656.96864002943039 645.76924811804201
leaf_count=1517 106083 29484 119925 2538 106 173 3375 6107 2004 2479 1738 2680 975 7628
internal_value=0.000141686 -0.00284158 -0.00717956 -0.0108453 -0.00235385 -0.0527427 -0.0198634 -0.0138811 -0.0309134 -0.0475898 0.00868575 0.011298 0.00288427 0.0394477
internal_weight=26692.4 18593.5 11414.5 9977.07 5145.08 475.947 4831.99 3986.79 2269.89 845.197 1716.9 855.207 4669.13 756.535
internal_count=286812 180729 151245 31320 3792 279 27528 23532 10791 3996 12741 8787 3513 9366
is_linear=0
shrinkage=0.05


Tree=80
num_leaves=15
num_cat=0
split_feature=34 31 21 22 37 37 36 32 22 41 33 27 26 28
split_gain=214.933 242.537 231.709 294.507 288.822 283.26 250.173 242.065 231.538 227.288 284.887 855.368 618.245 482.738
threshold=0.73274889588356029 0.6348484754562379 0.20242214947938922 6.7973818778991708 2.8029010295867924 2.1383330821990971 0.84523808956146251 6.5820243358612069 6.7951462268829355 0.22500000149011615 1.4978661537170412 4.3372693061828622 0.74521261453628551 2.1383330821990971
decision_type=2 2 2 2 2 2 2 2 2 2 2 2 2 2
left_child=2 -2 -1 7 5 6 9 -4 -9 -5 12 -12 13 -11
right_child=1 -3 3 4 -6 -7 -8 8 -10 10 11 -13 -14 -15
leaf_value=-0.027930727095483845 -0.022475762966446912 -0.0010808070300929026 0.042743442347895774 0.056816951692047063 0.048402867742307593 -0.020528905092042072 0.046817159707604812 -0.047225145951521601 0.044586447393991743 -0.0019906839305364929 -0.036755233599679762 0.055754273450687675 -0.0027160732726215844 0.032599506936151594
leaf_weight=595.47707367315888 1980.7521940022707 3962.0238268693211 792.5350130808074 177.84869554638863 319.86505491286516 1378.0155808925629 309.0093462318182 165.85593345575035 103.0865652449429 1610.5654967725277 1265.6107632815838 301.37323181331158 10930.59402763471 2684.0445530489087
leaf_count=1702 5247 149636 90365 875 2183 1565 1307 1826 1206 3160 1621 924 18068 7127
internal_value=0.000132791 -0.00823761 0.00254638 0.00346554 0.00202445 0.00120382 0.00294789 0.0289697 -0.0116967 0.00212196 0.00150921 -0.0187224 0.00360238 0.019653
internal_weight=26576.7 5942.78 20633.9 20038.4 18976.9 18657.1 17279 1061.48 268.942 16970 16792.2 1566.98 15225.2 4294.61
internal_count=286812 154883 131929 130227 36830 34647 33082 93397 3032 31775 30900 2545 28355 10287
is_linear=0
shrinkage=0.05


Tree=81
num_leaves=15
num_cat=0
split_feature=18 23 35 41 32 36 33 39 26 48 0 27 37 37
split_gain=206.913 320.123 263.987 241.574 256.448 707.805 339.24 439.991 335.218 365.314 254.822 366.726 668.975 400.235
threshold=6.7208228111267099 2.6735538244247441 2.2795416043663867e-06 0.29166667163372045 6.5882363319396982 0.7947368621826173 1.4978661537170412 0.81608319282531749 0.98001331090927135 0.94575724005699169 0.0066007319837808618 3.3140207529067998 1.4978661537170412 1.0000000180025095e-35
decision_type=2 2 2 2 2 2 2 2 2 2 2 2 2 2
left_child=2 -2 -1 -3 8 -6 -7 -8 9 10 11 12 -5 -13
right_child=1 3 -4 4 5 6 7 -9 -10 -11 -12 13 -14 -15
leaf_value=-0.028861364445317495 0.043359891200477015 0.055046404484138667 -0.0022950732161213208 -0.030376460385042239 0.04418901011793594 -0.049469098824133702 0.045938979259543371 -0.028180158367720549 -0.033013417842782271 0.033408943558186195 0.0087525457570004368 0.01114797312129088 0.056037477908920032 -0.0092093649414259245
leaf_weight=1250.9433924087789 453.18247671239078 197.30518476013094 3626.5082561926683 2281.5626216605306 1145.8563650399446 375.2449893578887 378.07532330229878 404.11256221309304 780.346863579005 784.2919634077698 4604.2111789993942 4152.0394287053496 239.0194261521101 5740.1277723424137
leaf_count=4642 7100 2463 217183 4700 7336 313 688 737 4508 8276 9037 6639 781 12409
internal_value=0.000134408 0.00224132 -0.00915377 0.0013373 0.000803789 0.0165031 -0.0110496 0.00777344 -0.00115006 0.000264478 -0.00128184 -0.0050079 -0.021993 -0.00066215
internal_weight=26412.8 21535.4 4877.45 21082.2 20884.9 2303.29 1157.43 782.188 18581.6 17801.3 17017 12412.7 2520.58 9892.17
internal_count=286812 64987 221825 57887 55424 9074 1738 1425 46350 41842 33566 24529 5481 19048
is_linear=0
shrinkage=0.05


Tree=82
num_leaves=15
num_cat=0
split_feature=15 21 47 46 40 49 36 28 27 36 33 22 34 27
split_gain=193.204 195.703 376.983 234.691 221.386 218.162 244.414 237.792 190.103 289.513 187.673 294.931 183.423 195.549
threshold=1.0000000180025095e-35 0.92869076132774364 6.3213891983032235 0.64785373210906994 2.2672566046821889e-06 0.048648951575160033 0.65151515603065502 3.0201274156570439 6.620739459991456 0.7947368621826173 0.89587974548339855 6.8007264137268075 0.52623453736305248 4.3502571582794198
decision_type=2 2 2 2 2 2 2 2 2 2 2 2 2 2
left_child=-1 2 4 -3 -2 12 7 -7 -4 -10 11 -8 -5 -14
right_child=1 3 8 5 -6 6 10 -9 9 -11 -12 -13 13 -15
leaf_value=-0.0074285017330477654 -0.037266692935903116 0.027170462230144233 -0.050968668828014076 -0.00045241528221012448 0.0097751145144958015 0.0079422796729869665 0.00011899341456340974 0.033522128894932376 0.022369454285720996 -0.0498992111448993 0.0070188444229203773 -0.05636245784199663 -0.0094904957650857897 -0.069378195257281325
leaf_weight=6381.6716448350344 277.60730844805948 1084.1722819842398 595.66001492924988 7040.9643349735998 1911.6246077358373 2286.7341769896448 747.47201813291758 1506.9597975853831 301.76199393346906 240.08718181401491 2924.0745105980895 324.55456477403641 438.27145122736692 190.48095038533211
leaf_count=53242 1180 7271 2804 16603 173616 6471 4874 7120 900 220 10824 370 1213 104
internal_value=0.000133539 0.00256471 -0.00848402 0.00479027 0.00366761 0.0032042 0.00909263 0.0181647 -0.031699 -0.00997593 0.000456211 -0.0173436 -0.00278048 -0.0284356
internal_weight=26252.1 19870.4 3326.74 16543.7 2189.23 15459.5 7789.8 3793.69 1137.51 541.849 3996.1 1072.03 7669.72 628.752
internal_count=286812 233570 178720 54850 174796 47579 29659 13591 3924 1120 16068 5244 17920 1317
is_linear=0
shrinkage=0.05


Tree=83
num_leaves=15
num_cat=0
split_feature=43 36 37 41 47 27 48 37 32 49 27 34 47 48
split_gain=195.029 578.209 259.606 247.06 238.475 999.042 955.96 530.502 546.177 552.658 681.842 601.355 529.344 525.399
threshold=3.2384861707687382 0.5634920895099641 2.8029010295867924 0.29166667163372045 3.65057384967804 3.3497501611709599 0.79311037063598644 1.0000000180025095e-35 2.8617925643920903 0.02967963740229607 4.3502571582794198 0.41177950799465185 6.6153953075408944 0.80893719196319591
decision_type=2 2 2 2 2 2 2 2 2 2 2 2 2 2
left_child=1 -1 3 -2 5 6 -5 8 -6 10 -10 13 -9 -12
right_child=2 -3 -4 4 7 -7 -8 12 9 -11 11 -13 -14 -15
leaf_value=-0.034076516271876571 0.052570429297543124 0.0097220481279253548 0.047061981687213289 0.045035805466019013 -0.0096846526675276722 0.046575466003809692 -0.017382280466945312 -0.0062074842568089145 0.049565424471682468 0.031916053403355057 0.012610220666741443 -0.13451688994369462 -0.052926190693088397 -0.069156423325920952
leaf_weight=1473.9673419350293 220.45243443921208 1523.9331198558211 300.87994287163019 776.14387167803943 2508.7961991876364 1358.6515275109559 2782.6975785251707 10340.915676964796 379.69391885399818 2915.6123920241371 597.10450478980783 107.970344950445 634.45156732201576 281.09119580022525
leaf_count=4337 1681 9999 2180 3487 4137 11321 4338 106202 1301 131745 2061 72 673 3278
internal_value=0.000125397 -0.0118539 0.00167751 0.00106102 0.000537467 0.0102703 -0.00368154 -0.00216082 0.00881606 0.0196541 -0.00656227 -0.0284532 -0.00895387 -0.0140454
internal_weight=26202.4 2997.9 23204.5 22903.6 22683.1 4917.49 3558.84 17765.6 6790.27 4281.47 1365.86 986.166 10975.4 878.196
internal_count=286812 14336 272476 270296 268615 19146 7825 249469 142594 138457 6712 5411 106875 5339
is_linear=0
shrinkage=0.05


Tree=84
num_leaves=15
num_cat=0
split_feature=15 34 31 27 22 36 31 34 22 22 36 27 32 27
split_gain=187.845 181.943 216.522 308.333 419.997 391.838 292.737 256.829 227.865 330.034 368.772 722.409 467.767 352.698
threshold=0.042438035830855377 0.86698052287101757 0.95220059156417858 6.6093482971191415 6.7951462268829355 0.7947368621826173 0.97648683190345775 0.35063721239566809 6.7973818778991708 6.8007264137268075 0.53588518500328075 4.3372693061828622 3.3842465877532963 2.9700856208801274
decision_type=2 2 2 2 2 2 2 2 2 2 2 2 2 2
left_child=1 2 8 -4 6 -6 -5 -7 -1 10 -10 12 13 -12
right_child=-2 -3 3 4 5 7 -8 -9 9 -11 11 -13 -14 -15
leaf_value=0.021602554450146146 0.015675544122210325 -0.020396200536766843 0.040949572367470148 -0.15955069530929056 0.033407328488580301 0.033427498416037718 -0.026765033837246061 -0.022329698618778274 -0.03643095284942844 0.00055868576929341885 -0.024696004893626777 0.055208519380931291 -0.04780210344258301 0.016051917513909667
leaf_weight=959.36055960180238 1797.3562126719044 1145.4746871643001 701.80658808030421 38.279903952032328 1089.0592213273048 263.81057056039572 349.0131355356425 834.56923290342093 1373.3165589421988 14120.649079687893 961.00653019547462 415.39464934170246 765.70568659901619 1162.203468259424
leaf_count=45004 18441 5015 172015 330 6586 371 4797 1341 4326 20776 2117 702 1371 3620
internal_value=0.000126657 -0.00103515 -6.39018e-05 0.0118199 0.00375218 0.0122918 -0.0435751 -0.00875708 -0.00203965 -0.00325706 -0.0147525 -0.00565995 -0.0145724 -0.0024207
internal_weight=25977 24179.6 23034.2 3276.54 2574.73 2187.44 387.293 1098.38 19757.6 18798.3 4677.63 3304.31 2888.92 2123.21
internal_count=286812 268371 263356 185440 13425 8298 5127 1712 77916 32912 12136 7810 7108 5737
is_linear=0
shrinkage=0.05


Tree=85
num_leaves=15
num_cat=0
split_feature=34 49 27 27 22 36 48 28 22 46 31 22 26 37
split_gain=177.675 221.38 232.836 298.229 378.552 446.544 320.648 280.736 278.717 229.171 204.9 206.501 199.761 205.206
threshold=0.73274889588356029 0.063009638339281096 4.3502571582794198 6.6093482971191415 6.7951462268829355 0.7947368621826173 0.9047093689441682 6.5673751831054696 6.7984981536865243 0.50033468008041393 0.97648683190345775 6.7900948524475107 0.63423421978950512 1.2424533367156985
decision_type=2 2 2 2 2 2 2 2 2 2 2 2 2 2
left_child=-1 -2 9 -4 10 6 7 8 -6 -3 -5 -12 -11 -14
right_child=1 2 3 4 5 -7 -8 -9 -10 12 11 -13 13 -15
leaf_value=0.0023496843129915223 -0.032078940286139605 0.03539691417558162 0.023730715617898902 -0.12459041985870399 -0.068318038574068846 -0.053194646140425995 0.043817722050412247 0.031400686830825378 0.031487812462456861 0.0048767215768722805 0.02797966233552875 -0.0531700925770636 -0.041390340471701439 0.013869349298677228
leaf_weight=20057.905686084821 785.8658271767199 178.31955995690078 1237.8140573952114 63.665358684957027 224.55285845324397 258.34326195716858 588.81272277422249 239.09874014183879 92.725668668746948 473.99752909317613 99.95720424875617 282.15252306312323 1085.4503012169152 193.38660016842186
leaf_count=131929 1697 992 133031 440 892 251 5572 1522 281 1647 2447 2156 3381 574
internal_value=0.000119879 -0.00757665 -0.00368341 0.00483442 -0.00787322 0.00494963 0.0184133 -0.00877103 -0.0390786 -0.0172547 -0.047469 -0.0317697 -0.0227814 -0.0329912
internal_weight=25862 5804.14 5018.28 3087.12 1849.31 1403.53 1145.19 556.377 317.279 1931.15 445.775 382.11 1752.83 1278.84
internal_count=286812 154883 153186 146592 13561 8518 8267 2695 1173 6594 5043 4603 5602 3955
is_linear=0
shrinkage=0.05


Tree=86
num_leaves=15
num_cat=0
split_feature=33 15 37 33 27 33 53 22 37 48 42 27 37 27
split_gain=175.735 176.821 209.129 181.375 331.603 346.498 765.264 761.592 461.813 331.151 286.839 281.112 469.513 509.76
threshold=2.8029010295867924 0.019259123131632808 2.1383330821990971 0.89587974548339855 6.6247289180755624 1.4978661537170412 1.0000000180025095e-35 6.8007264137268075 2.0126758217811589 0.89284488558769237 1.6661022305488589 3.3140207529067998 1.0000000180025095e-35 4.3502571582794198
decision_type=2 2 2 2 2 2 2 2 2 2 2 2 2 2
left_child=1 3 -3 9 5 7 8 -5 -7 11 -9 -1 13 -13
right_child=-2 2 -4 4 -6 6 -8 10 -10 -11 -12 12 -14 -15
leaf_value=-0.029938578552944285 0.050534616856159856 0.010200961258060902 -0.024263774528859489 -0.0042491723969558803 -0.042541281745995585 0.050766887962463418 -0.038483105001712412 0.043881217167507675 -0.0045472100673677705 0.014675540599370547 -0.017507549587652962 0.0266504915366448 -0.019583307687655052 -0.0069531858611589885
leaf_weight=1443.9564405335113 161.65164083242416 5385.2230251249857 469.79674409516156 2408.1107856766321 361.26416999846697 556.66529992164578 1172.4908975958824 1788.5840986222029 1125.1098696514964 1624.1560768965865 207.43724471330643 1622.7991650793701 3813.5741698544007 3645.7266575570684
leaf_count=5027 1121 80799 1892 16051 418 3226 1230 5472 5791 136446 301 5353 12579 11106
internal_value=0.000111959 -0.000225715 0.00739891 -0.00248641 0.00355829 0.00590813 -0.00764582 0.0146897 0.0139535 -0.00627699 0.0374459 -0.0095208 -0.00624523 0.00342822
internal_weight=25786.5 25624.9 5855.02 19769.9 7619.66 7258.4 2854.27 4404.13 1681.78 12150.2 1996.02 10526.1 9082.1 5268.53
internal_count=286812 285691 82691 203000 32489 32071 10247 21824 9017 170511 5773 34065 29038 16459
is_linear=0
shrinkage=0.05


Tree=87
num_leaves=15
num_cat=0
split_feature=18 23 27 28 32 36 26 22 34 26 33 27 48 32
split_gain=173.728 283.634 220.509 368.053 217.368 581.484 284.988 340.644 280.534 223.666 291.126 233.138 624.73 599.015
threshold=6.7208228111267099 2.6735538244247441 6.6093482971191415 5.9414854049682626 6.5882363319396982 0.7947368621826173 0.98001331090927135 6.7973818778991708 0.35063721239566809 0.58797526359558117 1.4978661537170412 4.3372693061828622 0.6479126811027528 3.3842465877532963
decision_type=2 2 2 2 2 2 2 2 2 2 2 2 2 2
left_child=2 -2 3 -1 6 -6 7 -3 -7 10 -9 13 -13 -11
right_child=1 4 -4 -5 5 8 -8 9 -10 11 -12 12 -14 -15
leaf_value=-0.0073959734629696142 0.042495364193258049 0.040289602595719141 -0.028209057570160862 0.049290937363470386 0.042834223628095393 0.037709194785397623 -0.030753442823110756 0.039042987075719716 -0.022384744258108942 -0.0029086712601103376 -0.058051830887107914 -0.016050651145400316 0.013719033309188326 -0.046528533929904602
leaf_weight=3395.6697659923811 415.34603523463011 518.56234388798475 1082.8303248863667 302.65223970200168 1043.1313588283956 240.26772803068161 738.04873757436872 610.24588066712022 861.4786937572062 7310.8409648053348 79.189741492271423 2564.6776737272739 5577.5713645070791 872.25402900576591
leaf_count=40012 7100 12652 6039 175774 7336 348 4508 3196 1390 15642 53 2027 9154 1581
internal_value=0.000110287 0.00208385 -0.008475 -0.00263659 0.00124133 0.0162606 -0.000529717 0.000759326 -0.00905821 -0.000468403 0.02722 -0.00165366 0.00433387 -0.00760932
internal_weight=25612.8 20831.6 4781.15 3698.32 20416.3 2144.88 18271.4 17533.3 1101.75 17014.8 689.436 16325.3 8142.25 8183.09
internal_count=286812 64987 221825 215786 57887 9074 48813 44305 1738 31653 3249 28404 11181 17223
is_linear=0
shrinkage=0.05


Tree=88
num_leaves=15
num_cat=0
split_feature=33 15 46 22 18 32 43 47 41 43 43 48 32 34
split_gain=166.615 165.102 161.622 277.453 319.488 304.836 252.023 389.232 223.284 199.695 189.553 188.444 268.059 223.336
threshold=2.8029010295867924 0.042438035830855377 0.97856664657592785 6.7973818778991708 6.7184090614318857 6.5820243358612069 3.2384861707687382 1.0000000180025095e-35 0.29166667163372045 1.2424533367156985 6.5991897583007821 0.97732356190681469 6.5978271961212167 0.2450925409793854
decision_type=2 2 2 2 2 2 2 2 2 2 2 2 2 2
left_child=1 2 3 4 5 9 7 -5 -8 -1 -4 13 -13 -10
right_child=-2 -3 10 6 -6 -7 8 -9 11 -11 -12 12 -14 -15
leaf_value=-0.060833584625670838 0.050303843460616254 0.014493318502384054 -0.026576686997332129 0.043535218312597435 0.043224458020190308 -0.044618158261169744 0.054924431311461547 -0.024007459972991942 0.0037184421718087233 0.027168696271344356 0.028239086859014325 0.042326056699671211 -0.048552473579343461 -0.0076100064669617903
leaf_weight=62.782108990941197 154.26697921007872 1764.2448359497357 1077.733568382333 227.81909476965666 748.9587810318917 267.19949297420681 173.58389640972018 2122.0809095427394 9580.174400255084 586.7787297196337 176.03831397742033 480.06131080910563 88.546758532524109 7953.8504756614566
leaf_count=557 1121 18378 5996 1035 19751 3130 939 4439 16460 195181 262 4015 60 15488
internal_value=0.000110341 -0.000215342 -0.00132313 -0.000336847 0.0192297 -0.000628024 -0.00192555 -0.0173026 5.99616e-05 0.0178696 -0.0187176 -0.00049616 0.0275794 -0.00142182
internal_weight=25464.1 25309.9 23545.6 22291.8 1665.72 916.76 20626.1 2349.9 18276.2 649.561 1253.77 18102.6 568.608 17534
internal_count=286812 285691 267313 261055 218619 198868 42436 5474 36962 195738 6258 36023 4075 31948
is_linear=0
shrinkage=0.05


Tree=89
num_leaves=15
num_cat=0
split_feature=34 49 27 36 27 22 22 46 46 20 37 26 21 22
split_gain=158.469 191.51 207.78 269.236 219.186 207.831 328.709 196.824 190.68 187.03 177.1 177.285 176.536 238.322
threshold=0.73274889588356029 0.063009638339281096 4.3502571582794198 0.65151515603065502 6.6120400428771982 6.7951462268829355 6.8018388748168954 0.50033468008041393 0.96893978118896495 2.5879389298211212e-08 1.2424533367156985 0.63423421978950512 0.20242214947938922 6.7973818778991708
decision_type=2 2 2 2 2 2 2 2 2 2 2 2 2 2
left_child=12 -2 7 9 -5 -6 8 -3 -7 -4 11 -9 -1 -14
right_child=1 2 3 4 5 6 -8 10 -10 -11 -12 -13 13 -15
leaf_value=-0.024748463348696754 -0.030111950600326249 0.033922312731889108 -0.056031516286482369 0.043164179382074071 -0.056544211021571561 -0.042151431410889617 -0.053493438045870548 0.0025620747894683077 0.035815460803573604 0.019778797221393748 0.011656040360237921 -0.039034298725743315 0.027373721722632999 0.0017687634710028093
leaf_weight=578.84714731457643 780.25849885493517 167.46013273019344 75.761586062610149 133.99627047317335 304.58635801076889 91.903419688344002 235.12685519456863 334.53660662751645 341.12622459977865 1770.9372541468474 321.65488278865814 1067.0143950153142 946.62449641915737 18214.553830076009
leaf_count=1702 1697 992 281 47864 2298 361 226 1337 2668 92894 884 3381 93397 36830
internal_value=0.000110129 -0.00728632 -0.00355525 0.00472916 -0.01469 -0.0230176 -0.00712565 -0.0164532 0.0186903 0.0163836 -0.0215162 -0.0291578 0.00222016 0.00304735
internal_weight=25364.4 5624.36 4844.1 2953.44 1106.74 972.743 668.156 1890.67 433.03 1846.7 1723.21 1401.55 19740 19161.2
internal_count=286812 154883 153186 146592 53417 5553 3255 6594 3029 93175 5602 4718 131929 130227
is_linear=0
shrinkage=0.05


Tree=90
num_leaves=15
num_cat=0
split_feature=33 0 32 32 52 27 26 43 23 47 37 27 49 24
split_gain=157.775 154.898 175.53 416.981 233.595 241.262 174.904 159.244 542.871 362.112 375.5 519.676 708.216 550.246
threshold=2.8029010295867924 0.0081634009256958979 1.2424533367156985 1.4978661537170412 1.0000000180025095e-35 6.6234009265899667 0.83997154235839855 3.4175922870635991 2.8617925643920903 3.65057384967804 1.0000000180025095e-35 4.3502571582794198 0.051458330824971206 0.085394743829965605
decision_type=2 2 2 2 2 2 2 2 2 2 2 2 2 2
left_child=1 2 4 -4 5 -1 -3 -5 -9 -10 11 -11 13 -13
right_child=-2 6 3 7 -6 -7 -8 8 9 10 -12 12 -14 -15
leaf_value=-0.024583545980840876 0.050009830405805172 0.014474711087267231 0.045739838683546599 -0.011002200187861418 0.034465559924925858 0.04265893926725188 -0.0069139134291316649 0.040014384779407483 0.04059714693567764 0.044322223031818458 -0.0097894547682771584 -0.0052205404897281878 0.016900592956999611 -0.069455659836301406
leaf_weight=1958.2465667452198 147.37964711710811 3203.6500404595863 466.59740155935287 3615.7141770534217 207.3220130763948 134.11642408370972 1353.3542794365785 818.49416708573699 477.81188476271927 801.51177243515849 8158.7601017425768 1002.629493642482 2451.4500691468129 490.83702993293991
leaf_count=6477 1121 8911 1173 14519 2062 624 46685 3188 5666 3141 83741 3593 103389 2522
internal_value=0.000102954 -0.000209381 -0.00205679 -0.000415882 -0.0150447 -0.020091 0.00812142 -0.00164959 0.000737662 -0.00169256 -0.00328854 0.00788313 0.000386235 -0.0266534
internal_weight=25287.9 25140.5 20583.5 18283.8 2299.69 2092.36 4557 17817.2 14201.5 13383 12905.2 4746.43 3944.92 1493.47
internal_count=286812 285691 230095 220932 9163 7101 55596 219759 205240 202052 196386 112645 109504 6115
is_linear=0
shrinkage=0.05


Tree=91
num_leaves=15
num_cat=0
split_feature=18 23 20 32 36 33 39 46 48 48 37 36 22 37
split_gain=152.627 263.73 206.533 203.357 517.275 263.645 366.954 250.964 299.428 331.077 443.934 568.246 609.338 494.502
threshold=6.7208228111267099 2.6735538244247441 2.740417315294508e-08 6.5882363319396982 0.7947368621826173 1.4978661537170412 0.81608319282531749 0.92460268735885631 0.88940283656120311 0.78192275762557995 1.0000000180025095e-35 0.70714285969734203 6.7996129989624032 1.2424533367156985
decision_type=2 2 2 2 2 2 2 2 2 2 2 2 2 2
left_child=2 -2 -1 7 -5 -6 -7 8 9 10 -3 12 -12 -14
right_child=1 3 -4 4 5 6 -8 -9 -10 -11 11 -13 13 -15
leaf_value=-0.046568691302597463 0.041962518256515931 0.022718457200264209 -0.0051414630703086259 0.041977278200670654 -0.045397658089229707 0.04366764541247501 -0.025218754878667454 -0.014295557804951273 0.022655362541792869 -0.0099611104731790363 0.037691206618090632 0.026069491217548514 -0.035519192651233621 0.0013304577294139797
leaf_weight=313.23205822473392 394.32269585039467 2655.8293269034475 4414.4976496235467 985.87427438236773 318.57687943428755 364.42873176559806 390.28460978344083 2787.8927739234641 1562.8934557288885 5421.5764706181362 545.13558040838689 1343.9932108037174 1966.0973896980286 1686.9028340317309
leaf_count=1453 7100 4449 220372 7336 313 688 737 9250 10003 12058 3590 5007 2030 2426
internal_value=0.000107095 0.00198179 -0.00797869 0.00117414 0.0160177 -0.00799498 0.00818051 -0.000534699 0.0019999 -0.000385273 0.00595196 -0.00210912 -0.0111707 -0.0185454
internal_weight=25151.5 20423.8 4727.73 20029.5 2059.16 1073.29 754.713 17970.3 15182.4 13619.5 8197.96 5542.13 4198.14 3653
internal_count=286812 64987 221825 57887 9074 1738 1425 48813 39563 29560 17502 13053 8046 4456
is_linear=0
shrinkage=0.05


Tree=92
num_leaves=15
num_cat=0
split_feature=17 36 27 47 48 36 36 47 43 24 47 29 48 27
split_gain=150.842 192.198 319.401 386.587 272.982 261.727 202.784 515.06 317.105 206.008 192.063 170.003 151.786 148.182
threshold=0.020620748400688175 0.73205742239952099 2.9174053668975835 3.9219243526458745 0.9006139636039735 0.78362575173378002 0.82085561752319347 6.6012263298034677 3.7726949453353886 0.95460146665573131 3.9019216299057011 0.76109215617179882 0.9449591636657716 2.9174053668975835
decision_type=2 2 2 2 2 2 2 2 2 2 2 2 2 2
left_child=1 4 12 5 13 10 7 -5 -8 -10 11 -4 -3 -1
right_child=-2 2 3 6 -6 -7 8 -9 9 -11 -12 -13 -14 -15
leaf_value=0.024607313440092433 0.0059659038930690508 -0.032164669352589395 0.024134875051116521 0.053693725152120668 0.015593378677333817 0.050119959503956125 -0.054087180131200022 -0.010910041514005139 0.020131219109032837 -0.036970977080831649 -0.069965541790450905 -0.039739629237038172 0.038685281448997078 -0.0094347231260313268
leaf_weight=320.18432664847933 7622.8437428587349 664.40034163556993 942.65648655965924 452.18532265536487 1316.7327905570855 770.44118339940906 384.14100659824908 920.36581840179861 483.39229628653266 222.3458179756999 57.315692275762558 107.87207857891917 76.628283778205514 10670.21772244561
leaf_count=4245 106083 2622 4869 4113 121117 4210 272 3615 1388 608 92 327 130 33121
internal_value=0.000105873 -0.00246497 0.00570807 0.0108958 -0.00584159 0.0279163 -0.00214741 0.010608 -0.0181615 0.00187574 0.0121647 0.0172631 -0.0244207 -0.00842151
internal_weight=25011.7 17388.9 5081.74 4340.72 12307.1 1878.29 2462.43 1372.55 1089.88 705.738 1107.84 1050.53 741.029 10990.4
internal_count=286812 180729 22246 19494 158483 9498 9996 7728 2268 1996 5288 5196 2752 37366
is_linear=0
shrinkage=0.05


Tree=93
num_leaves=15
num_cat=0
split_feature=25 35 35 47 43 22 41 36 0 47 27 48 37 37
split_gain=144.885 192.056 175.703 178.07 214.169 277.26 211.156 190.034 179.816 169.661 835.54 819.307 418.041 412.594
threshold=2.9897332609607481e-08 2.1633455844494169e-06 9.0119687001788417e-07 1.0000000180025095e-35 3.2384861707687382 6.7973818778991708 0.29166667163372045 0.5634920895099641 1.0000000180025095e-35 3.65057384967804 3.3497501611709599 0.79311037063598644 1.0000000180025095e-35 1.4978661537170412
decision_type=2 2 2 2 2 2 2 2 2 2 2 2 2 2
left_child=1 -1 -2 -4 5 -5 -6 -7 -9 10 11 -8 -11 -13
right_child=2 -3 3 4 6 7 9 8 -10 12 -12 13 -14 -15
leaf_value=-0.03538753687944609 0.033838042103273874 0.048779519519012049 0.043196987639942369 0.038140080140015312 0.052904352315856065 -0.035121225448149655 0.044122628456315136 -0.018003594386684356 0.027072758463356501 0.0085006787723390636 0.045250323629724407 -0.020692215898499684 -0.0078099315112085503 0.059914056020116874
leaf_weight=503.05737074650824 383.35325772035867 69.205775074660778 227.83138858526945 216.25337961316109 186.32349728606641 1053.6126995757222 712.08357570134103 765.80650158971548 299.7667198330164 6365.2037313078763 1186.7584024500102 2562.8014216050506 10226.337910630275 159.62703924067318
leaf_count=2289 2936 173 1107 6639 1244 1883 3644 1402 514 142250 11547 3963 106787 434
internal_value=0.000102672 -0.024546 0.000691895 0.000147725 -0.000283529 -0.0146272 0.00128799 -0.0201657 -0.00518892 0.000809906 0.00927176 -0.00325552 -0.00155115 -0.015764
internal_weight=24918 572.263 24345.8 23962.4 23734.6 2335.44 21399.1 2119.19 1065.57 21212.8 4621.27 3434.51 16591.5 2722.43
internal_count=286812 2462 284350 281414 280307 10438 269869 3799 1916 268625 19588 8041 249037 4397
is_linear=0
shrinkage=0.05


Tree=94
num_leaves=15
num_cat=0
split_feature=17 34 49 27 27 22 36 48 46 22 46 36 48 48
split_gain=144.684 145.038 192.361 181.605 256.673 306.655 307.338 259.725 191.635 239.208 179.446 171.361 277.283 349.406
threshold=0.069047622382640853 0.72282221913337719 0.063009638339281096 4.3502571582794198 6.6093482971191415 6.7951462268829355 0.7947368621826173 0.9047093689441682 0.96893978118896495 6.7984981536865243 0.50033468008041393 0.74342104792594921 0.78192275762557995 0.7834768295288087
decision_type=2 2 2 2 2 2 2 2 2 2 2 2 2 2
left_child=1 11 -3 10 -5 -6 7 8 9 -7 -4 -1 -13 -14
right_child=-2 2 3 4 5 6 -8 -9 -10 -11 -12 12 13 -15
leaf_value=-0.0017877789248046964 0.020087111706625527 -0.030254832520437442 0.03301799966732779 0.021982938215552816 -0.046926402457449196 -0.061446619370801474 -0.049576949924950098 0.041892970195504739 0.028424062999308386 0.030050399069990463 -0.020565693910041125 0.026658158617791163 -0.042591969267919146 0.0065458826560218369
leaf_weight=12603.918652790482 864.17516649339814 801.34078695625067 162.8080543037504 1170.6676875156118 386.01938640698791 216.1385548170656 211.01834864914417 473.8647183701396 199.43013978376985 97.139025755226612 1719.3634259318933 1544.9533112215577 388.61557858064771 3906.3538849331089
leaf_count=96272 13513 1756 1107 130083 4774 883 238 5378 1435 297 5761 6968 351 17996
internal_value=0.000107984 -0.000623081 -0.0077914 -0.00385217 0.00432694 -0.00878112 0.00380103 0.015601 -0.00903569 -0.0330239 -0.0157807 0.00149343 0.00856599 0.0020112
internal_weight=24745.8 23881.6 5437.79 4636.45 2754.28 1583.61 1197.59 986.572 512.708 313.278 1882.17 18443.8 5839.92 4294.97
internal_count=286812 273299 151712 149956 143088 13005 8231 7993 2615 1180 6868 121587 25315 18347
is_linear=0
shrinkage=0.05


Tree=95
num_leaves=15
num_cat=0
split_feature=18 40 20 18 40 18 40 18 40 18 40 20 20 22
split_gain=140.833 265.974 239.1 269.809 293.314 296.598 420.492 348.02 447.196 184.147 200.691 187.8 243.25 180.004
threshold=6.7458243370056161 2.2361613218890857e-06 2.7200515617664681e-08 6.7411100864410409 2.2493107962873186e-06 6.7375597953796396 2.2444980913860495e-06 6.7387444972991952 2.2426651185014639e-06 6.7363736629486093 2.253319735245896e-06 2.6466124403157213e-08 2.6441910883079348e-08 6.8018388748168954
decision_type=2 2 2 2 2 2 2 2 2 2 2 2 2 2
left_child=1 -1 3 4 5 -3 7 -7 -9 10 11 12 -6 -2
right_child=13 2 -4 -5 9 6 -8 8 -10 -11 -12 -13 -14 -15
leaf_value=-0.011682722098533348 -0.0015200416963714553 -0.035853340979180977 -0.0038184692095958525 0.031641071664889851 -0.032968825530722452 -0.053312698699698291 0.035946986932545805 -0.0164572050236029 0.045415784670565694 0.04089298541057701 0.016613431385709716 -0.050528410070358555 0.051936287654587521 0.021313128169991188
leaf_weight=4856.8227118023206 1792.2336110193282 663.81337736546993 9025.7350830242503 1051.8730162531137 166.94716139137745 370.2134613469243 645.06951891072094 1060.8959718160331 391.53531891852617 559.29301192145795 2048.8937051454559 230.85216742008924 151.51409116387367 1652.8532532081008
leaf_count=12719 3905 963 241984 3133 362 529 1845 1574 895 3821 12867 403 394 1418
internal_value=0.000102961 -0.00142041 0.00163022 0.00832554 0.00438185 -0.00645189 0.00156986 -0.0107266 0.000418541 0.0151129 0.00942798 -0.017191 0.00777779 0.00946463
internal_weight=24668.5 21223.5 16366.6 7340.9 6289.03 3131.53 2467.71 1822.64 1452.43 3157.5 2598.21 549.313 318.461 3445.09
internal_count=286812 281489 268770 26786 23653 5806 4843 2998 2469 17847 14026 1159 756 5323
is_linear=0
shrinkage=0.05


Tree=96
num_leaves=15
num_cat=0
split_feature=33 15 37 33 27 33 22 53 37 27 37 37 43 22
split_gain=138.331 134.039 183.899 142.086 243.562 289.117 632.774 603.666 399.267 241.541 418.91 286.794 301.069 282.925
threshold=2.8029010295867924 0.019259123131632808 2.1383330821990971 0.89587974548339855 6.6247289180755624 1.4978661537170412 6.8007264137268075 1.0000000180025095e-35 2.0126758217811589 3.3140207529067998 1.0000000180025095e-35 1.0000000180025095e-35 3.65057384967804 6.7996129989624032
decision_type=2 2 2 2 2 2 2 2 2 2 2 2 2 2
left_child=1 3 -3 9 5 6 -5 8 -7 11 -11 12 -1 -12
right_child=-2 2 -4 4 -6 7 -8 -9 -10 10 13 -13 -14 -15
leaf_value=-0.040122927812112602 0.04939927052257264 0.0092794324408834849 -0.02350027817031114 -0.0036338068656769831 -0.038564061575064056 0.049655675640372855 0.035805155492589995 -0.035727824676245155 -0.0044043662052989834 0.0056417200489542497 0.0050307983449879787 0.026449870744218076 0.045561652541373544 -0.023455863749886063
leaf_weight=1204.9360445420025 131.47688191197813 5169.0631182621 456.87674629432149 2310.9217583566206 320.49903876334429 484.83565964188892 1804.1580841913819 1096.1218236386776 1097.9965149160707 6016.9788126133499 1236.8789257218596 231.65015324484557 103.72822523117065 2916.8574504815042
leaf_count=2432 1121 80799 1892 16051 418 3226 5773 1230 5791 105976 55585 2714 68 3736
internal_value=0.000100631 -0.000184537 0.00658045 -0.00220865 0.0033615 0.00539305 0.0137021 -0.00737385 0.0123625 -0.00559253 -0.00278729 -0.0239781 -0.0330373 -0.0149815
internal_weight=24583 24451.5 5625.94 18825.6 7114.53 6794.03 4115.08 2678.95 1582.83 11711 10170.7 1540.31 1308.66 4153.74
internal_count=286812 285691 82691 203000 32489 32071 21824 10247 9017 170511 165297 5214 2500 59321
is_linear=0
shrinkage=0.05


Tree=97
num_leaves=15
num_cat=0
split_feature=15 31 31 26 23 22 26 21 47 46 49 27 43 34
split_gain=134.614 154.567 198.794 168.133 204.514 208.711 188.906 143.442 278.31 180.537 175.146 184.734 226.896 182.039
threshold=1.0000000180025095e-35 0.22401433438062671 0.59687501192092907 0.73647660017013561 3.979637980461121 6.8018388748168954 0.50033289194107067 0.92869076132774364 6.3213891983032235 0.64785373210906994 0.048648951575160033 4.3502571582794198 6.5868608951568612 0.35063721239566809
decision_type=2 2 2 2 2 2 2 2 2 2 2 2 2 2
left_child=1 -1 -3 6 5 -5 -4 8 -2 -9 -11 -12 -13 -14
right_child=7 2 3 4 -6 -7 -8 9 -10 10 11 12 13 -15
leaf_value=0.048772500978429029 0.0034767373609311579 -0.024263182746100044 -0.067811956395027392 -0.051049987952128444 -0.0034498620362038053 0.03855251144802968 0.014495857289280954 0.024963794509313735 -0.027461543225733204 -0.0027141410347027591 -0.00053524134202330236 0.028225318229943883 0.030052292602646538 -0.0043007354073811713
leaf_weight=114.24607241898775 2048.9440122474334 1361.5739685650915 63.29063419252634 433.24598298594356 2397.3386424170458 68.626483276486397 1491.8449123427272 970.13856747094542 1114.9702395033091 7214.980411327444 3231.3826765436679 1858.1679794020019 501.21942902170122 1562.176393577829
leaf_count=123 174796 4718 89 836 43163 127 4186 7271 3924 17920 10089 13026 933 5611
internal_value=9.81917e-05 -0.00645097 -0.00761762 -0.00248657 -0.00959072 -0.0382839 0.0107342 0.00219965 -0.00747815 0.00419954 0.00278113 0.00832011 0.0155998 0.00414865
internal_weight=24432.1 5930.17 5815.92 4454.35 2899.21 501.872 1555.14 18502 3163.91 15338.1 14367.9 7152.95 3921.56 2063.4
internal_count=286812 53242 53119 48401 44126 963 4275 233570 178720 54850 47579 29659 19570 6544
is_linear=0
shrinkage=0.05


Tree=98
num_leaves=15
num_cat=0
split_feature=33 25 35 47 43 22 41 36 0 36 47 27 48 46
split_gain=131.133 134.735 177.389 151.804 154.47 320.87 195.343 166.427 158.357 172.087 156.926 777.817 725.983 378.688
threshold=2.8029010295867924 2.9897332609607481e-08 2.1633455844494169e-06 1.0000000180025095e-35 3.2384861707687382 6.7973818778991708 0.29166667163372045 0.5634920895099641 1.0000000180025095e-35 0.67543861269950878 3.65057384967804 3.3497501611709599 0.79311037063598644 0.79795917868614208
decision_type=2 2 2 2 2 2 2 2 2 2 2 2 2 2
left_child=1 2 -1 -3 5 -5 -6 -7 9 -9 11 12 -8 -14
right_child=-2 3 -4 4 6 7 10 8 -10 -11 -12 -13 13 -15
leaf_value=-0.035058648611987452 0.049122585714135983 0.042051160919368426 0.048040849064741514 0.03846604896949167 0.051057686447661822 -0.033049146277485446 0.043351529547133075 0.01332171388387535 0.025693085550933217 -0.035017315694079891 -0.0013596249522559933 0.044791324624168516 -0.030617721097712221 0.0073174817635884154
leaf_weight=481.70646372903138 125.62808042578399 206.67427711188793 64.998906455934048 267.87701188679785 185.91163310781121 1023.8662263005972 666.22946194838732 289.59177258610725 296.11204610392451 475.77586960792542 16484.042366936163 1133.2242113994434 1546.5484646633267 1133.8808731138706
leaf_count=2279 1121 1107 173 7921 1681 1883 3644 249 514 1153 249177 11570 1943 2397
internal_value=9.49371e-05 -0.000179123 -0.0244933 0.000391609 7.54723e-06 -0.0121165 0.00136162 -0.0187668 -0.00481066 -0.0167914 0.000896769 0.00918386 -0.00297083 -0.0146027
internal_weight=24382.1 24256.4 546.705 23709.7 23503.1 2353.22 21149.8 2085.35 1061.48 765.368 20963.9 4479.88 3346.66 2680.43
internal_count=286812 285691 2452 283239 282132 11720 270412 3799 1916 1402 268731 19554 7984 4340
is_linear=0
shrinkage=0.05


Tree=99
num_leaves=15
num_cat=0
split_feature=17 45 25 26 28 49 47 31 22 46 36 33 33 22
split_gain=126.923 126.864 126.321 153.577 264.308 287.149 257.011 326.97 307.432 275.389 207.487 390.546 460.677 802.979
threshold=0.069047622382640853 0.0044309766963124284 2.9897332609607481e-08 0.97263401746749889 6.5771653652191171 0.65277835726737987 6.3213891983032235 0.51539888978004467 6.7973818778991708 0.97093021869659435 0.84523808956146251 1.4978661537170412 0.89587974548339855 6.8007264137268075
decision_type=2 2 2 2 2 2 2 2 2 2 2 2 2 2
left_child=1 2 -1 6 -5 -6 8 9 -4 -8 11 12 -10 -14
right_child=-2 -3 3 4 5 -7 7 -9 10 -11 -12 -13 13 -15
leaf_value=-0.024320399526915108 0.018961503283132144 -0.026488005480966845 0.032494772339804051 0.036375120583388591 0.033368038352911543 -0.01348567519688865 -0.0054509523152263721 -0.021949039002242581 -0.0033328488403466605 0.057543499733824978 0.043744335014891195 -0.022556876385914831 -0.0036609975452324959 0.042494793338086922
leaf_weight=514.78232870937791 850.18841216946021 453.66921414807439 760.06389004230732 770.76760110130999 457.99181916564703 1075.5160008855164 537.69599789008498 2603.5745698269457 10141.5187734887 245.09183061867952 258.36359456554055 1783.3942268453538 2096.025903750211 1699.7954163104296
leaf_count=2378 13513 2111 203905 17549 1677 4273 1042 6176 14901 1284 2162 3168 6482 6191
internal_value=9.86973e-05 -0.000594501 -7.1208e-05 0.000495921 0.0126941 0.000633008 -0.000906319 -0.0134473 0.00163727 0.0147497 0.000150089 -0.000593717 0.0022308 0.0170652
internal_weight=24248.4 23398.3 22944.6 22429.8 2304.28 1533.51 20125.5 3386.36 16739.2 782.788 15979.1 15720.7 13937.3 3795.82
internal_count=286812 273299 271188 268810 23499 5950 245311 8502 236809 2326 32904 30742 27574 12673
is_linear=0
shrinkage=0.05


Tree=100
num_leaves=15
num_cat=0
split_feature=18 25 1 38 35 40 47 22 27 32 43 37 36 53
split_gain=126.593 232.831 177.583 152.025 131.933 124.914 172.208 337.199 427.843 536.485 463.739 306.808 242.292 365.462
threshold=6.7458243370056161 2.9897332609607481e-08 0.0094788861460983771 1.6661022305488589 9.0119687001788417e-07 2.2361613218890857e-06 3.9219243526458745 6.8018388748168954 4.3372693061828622 3.3842465877532963 3.4175922870635991 1.4978661537170412 0.82085561752319347 1.0000000180025095e-35
decision_type=2 2 2 2 2 2 2 2 2 2 2 2 2 2
left_child=1 -1 4 -2 -3 -6 7 8 9 10 11 -7 13 -8
right_child=3 2 -4 -5 5 6 12 -9 -10 -11 -12 -13 -14 -15
leaf_value=-0.040495523046718489 0.010934815163088078 0.030761312864871122 0.011767672357067124 -0.04967988632704725 -0.01112308041935782 -0.022954710302257968 -0.0053334033832907485 0.032524410452641449 0.02274022088253724 -0.058622481288774092 0.019391599347475232 0.033172149818731587 -0.029885163613790851 0.051105756758199977
leaf_weight=363.26753169798758 3286.043282312341 285.06362925190479 2514.5542582767084 97.031116127967834 3686.4282926972955 1972.0476679950953 5917.8606858298881 942.2178478166461 1558.0809540180489 453.02232019603252 1546.0010386845097 268.64647527970374 927.28584217902971 291.43546599149704
leaf_count=1897 5160 2361 39431 163 7809 8712 196243 3076 7946 833 8157 2060 2346 618
internal_value=0.000102027 -0.00136302 -0.00064537 0.00905501 -0.00239981 -0.00295524 -0.000778945 0.00494882 0.000419145 -0.00781798 -0.00160157 -0.0161079 -0.00618779 -0.0026065
internal_weight=24109 20725.9 20362.6 3383.07 17848.1 17563 13876.6 6740.02 5797.8 4239.72 3786.7 2240.69 7136.58 6209.3
internal_count=286812 281489 279592 5323 240161 237800 229991 30784 27708 19762 18929 10772 199207 196861
is_linear=0
shrinkage=0.05


Tree=101
num_leaves=15
num_cat=0
split_feature=18 23 35 32 36 32 22 49 27 26 33 18 36 48
split_gain=122.02 197.192 194.502 174.426 455.222 220.675 300.615 219.252 213.835 293.469 212.463 160.094 239.622 243.446
threshold=6.7208228111267099 2.6735538244247441 2.249514864161029e-06 6.5882363319396982 0.7947368621826173 6.5847904682159433 6.7973818778991708 0.70762974023818981 6.6234009265899667 0.85796958208084118 1.4978661537170412 6.7458243370056161 0.36931818723678594 0.59166762232780468
decision_type=2 2 2 2 2 2 2 2 2 2 2 2 2 2
left_child=2 -2 -1 5 -5 6 -3 10 9 11 -6 12 -8 -14
right_child=1 3 -4 4 7 -7 8 -9 -10 -11 -12 -13 13 -15
leaf_value=-0.024747452390551594 0.039826634069072692 0.039855569960550903 -0.0011919347237456844 0.040827919756982411 -0.03334413757862794 -0.044180159881825942 -0.03136444345309522 -0.025374219084275024 0.050112325832557272 -0.03022410837640005 0.045525017333614241 0.011109886711875162 0.024989172618845812 -0.0026094681839712273
leaf_weight=1167.8880170760676 325.62749134190381 456.80481296591461 3427.6490571969771 912.56581967882812 114.20452144742012 273.6607973575592 659.87807754799724 638.25169061124325 193.41404475271702 831.53144021332264 271.09737811051309 2708.7747825942934 850.5496380738914 11169.314144331962
leaf_count=4638 7100 13064 217187 7336 89 2625 999 975 979 2226 674 3624 1955 23341
internal_value=9.794e-05 0.00183351 -0.00721896 0.00116458 0.0153501 -0.000445444 0.000289751 -0.0075404 -0.000835007 -0.00147302 0.0218958 9.91839e-05 -0.00225994 -0.000637384
internal_weight=24001.2 19405.7 4595.54 19080 1936.12 17143.9 16870.3 1023.55 16413.5 16220 385.302 15388.5 12679.7 12019.9
internal_count=286812 64987 221825 57887 9074 48813 46188 1738 33124 32145 763 29919 26295 25296
is_linear=0
shrinkage=0.05


Tree=102
num_leaves=15
num_cat=0
split_feature=33 34 49 47 22 22 22 48 22 36 50 23 38 49
split_gain=120.908 120.205 195.236 315.151 211.983 178.089 269.564 377.551 362.443 169.234 340.615 295.728 262.424 234.51
threshold=2.8029010295867924 0.40061734616756445 0.085014130920171752 6.6113684177398691 6.8007264137268075 6.7900948524475107 6.7929053306579599 0.97732356190681469 6.7973818778991708 0.7947368621826173 0.015564528293907644 4.1510088443756112 0.89587974548339855 0.25634309649467474
decision_type=2 2 2 2 2 2 2 2 2 2 2 2 2 2
left_child=1 -1 3 -3 5 -4 -7 8 -8 10 12 -11 13 -6
right_child=-2 2 4 -5 9 6 7 -9 -10 11 -12 -13 -14 -15
leaf_value=0.0027699632455525629 0.048811905766759894 -0.0085896224128858972 0.018680247194112605 -0.057737646846289827 0.014136764378255907 -0.054703521499521263 0.033107217023116219 0.038439643207062474 -0.022736052738740152 0.013681027357231996 -0.027307042727164346 -0.051377843800369444 -0.043560502751825186 0.04890792869799989
leaf_weight=14146.07710731274 116.69617331027985 1803.8019386264496 490.78368261706783 389.5740020275116 1806.5098253153265 342.17292597144842 326.49586194381118 366.42536102607846 2159.3202612698078 399.43855656683445 442.58709835261106 296.08946920931339 145.48719081282616 660.06409906223416
leaf_count=61113 1121 5347 190170 244 2454 2773 6926 5758 6533 1046 671 328 144 2184
internal_value=9.69882e-05 -0.000162545 -0.00446924 -0.0175414 -0.000594677 -0.00909884 -0.0134117 -0.00828431 -0.0152981 0.00776411 0.0128299 -0.0143505 0.0197089 0.0236016
internal_weight=23891.5 23774.8 9628.75 2193.38 7435.37 3685.2 3194.41 2852.24 2485.82 3750.18 3054.65 695.528 2612.06 2466.57
internal_count=286812 285691 224578 5591 218987 212160 21990 19217 13459 6827 5453 1374 4782 4638
is_linear=0
shrinkage=0.05


Tree=103
num_leaves=15
num_cat=0
split_feature=15 31 31 27 45 36 44 53 46 28 21 46 37 31
split_gain=120.331 145.272 174.274 141.09 142.904 140.83 165.198 169.014 172.222 179.643 162.179 171.887 139.172 126.413
threshold=1.0000000180025095e-35 0.22401433438062671 0.59687501192092907 2.9174053668975835 3.0740274326035439e-08 0.73205742239952099 0.80769780278205883 1.0000000180025095e-35 0.58898946642875682 2.2499048709869389 0.94447526335716259 0.79795917868614208 1.4978661537170412 0.79057019948959362
decision_type=2 2 2 2 2 2 2 2 2 2 2 2 2 2
left_child=1 -1 -3 12 -5 6 7 8 -6 -10 -11 -12 -4 -7
right_child=-2 2 3 4 5 13 -8 -9 9 10 11 -13 -14 -15
leaf_value=0.047428602196571051 0.0021040439736193721 -0.023112762794857952 -0.052262246222128196 -0.031953885612433307 -0.07860423653421153 0.041644835649821604 0.028895705502338966 0.014761240723706149 0.042298192302397099 -0.024643434257300971 0.034671969933825333 -0.039146006228068464 0.035692796791107477 0.0043390282209614132
leaf_weight=113.83234839513898 18039.458275322977 1328.6273055449128 229.14944126922637 313.40902805328369 91.475666103884578 370.44497390836477 346.10443337628385 624.18947158008814 133.65619479678571 1244.0205662082881 257.31320567429066 102.48357874900103 47.915378320962191 569.92872271384113
leaf_count=123 233570 4718 863 621 211 1481 36822 935 912 2392 323 126 204 3511
internal_value=9.31064e-05 -0.00618393 -0.00734418 -0.0024637 -6.43284e-05 0.00268636 -0.00294994 -0.00754199 -0.0151926 -0.0114233 -0.0161347 0.0131559 -0.0363379 0.0193186
internal_weight=23812 5772.55 5658.72 4330.09 4053.03 3739.62 2799.24 2453.14 1828.95 1737.47 1603.82 359.797 277.065 940.374
internal_count=286812 53242 53119 48401 47334 46713 41721 4899 3964 3753 2841 449 1067 4992
is_linear=0
shrinkage=0.05


Tree=104
num_leaves=15
num_cat=0
split_feature=0 31 48 33 28 48 53 22 22 36 27 32 32 48
split_gain=114.616 152.253 224.086 170.158 167.781 268.694 229.708 159.858 252.845 249.933 661.94 248.978 301.614 230.559
threshold=0.0081634009256958979 0.97655168175697338 0.92078551650047313 1.0000000180025095e-35 6.5532207489013681 0.94607356190681469 1.0000000180025095e-35 6.7973818778991708 6.8007264137268075 0.53588518500328075 4.3372693061828622 2.8617925643920903 2.5249279737472539 0.86966595053672802
decision_type=2 2 2 2 2 2 2 2 2 2 2 2 2 2
left_child=1 4 -3 -4 5 7 -7 -1 9 -9 11 12 13 -11
right_child=-2 2 3 -5 -6 6 -8 8 -10 10 -12 -13 -14 -15
leaf_value=0.019297232311581314 0.0074108040997371257 0.040061255183364446 0.043121588523116566 -0.0052192463766471252 -0.037934416589366853 0.037487408019427668 -0.051739874786625131 -0.035113194382734761 -0.0010263598153668857 -0.023731699957484295 0.053449171034728175 -0.032779740003556282 0.052941897719010422 0.037133428567787445
leaf_weight=715.25837283761939 4355.0311191296205 502.00777314300649 202.17414058285067 1272.2648854375584 327.98904473986477 630.65035802504281 72.490433573722839 1153.7497636377811 11741.057716956362 813.67115285992622 375.08157406747341 1233.0095906890929 204.80287327617407 182.44505845010281
leaf_count=37033 55800 4360 6978 7563 1511 143733 74 3983 18532 2120 634 2872 1068 551
internal_value=8.92458e-05 -0.00155506 0.0115626 0.00165506 -0.00304656 -0.00235651 0.027692 -0.00365939 -0.00471661 -0.0156202 -0.00751758 -0.0170931 -0.000849685 -0.0123256
internal_weight=23781.7 19426.7 1976.45 1474.44 17450.2 17122.2 703.141 16419.1 15703.8 3962.76 2809.01 2433.93 1200.92 996.116
internal_count=286812 231012 18901 14541 212111 210600 143807 66793 29760 11228 7245 6611 3739 2671
is_linear=0
shrinkage=0.05


Tree=105
num_leaves=15
num_cat=0
split_feature=33 48 19 0 22 49 32 48 48 31 48 48 36 37
split_gain=113.96 110.671 126.159 158.716 133.249 165.542 157.444 118.97 248.911 264.906 362.502 766.627 222.337 414.748
threshold=2.8029010295867924 1.0000001788139345 0.78574118018150341 0.015504807699471714 6.8007264137268075 0.063009638339281096 3.4498615264892583 0.89324215054512035 0.78192275762557995 0.66145834326744091 0.81279689073562633 0.81171429157257091 0.73205742239952099 1.0000000180025095e-35
decision_type=2 2 2 2 2 2 2 2 2 2 2 2 2 2
left_child=1 2 3 7 -4 6 -6 8 12 -10 11 -11 13 -1
right_child=-2 -3 4 -5 5 -7 -8 -9 9 10 -12 -13 -14 -15
leaf_value=0.013854548740511639 0.048528331568810652 0.041915146706789898 -0.01499070567796729 0.041111713318460134 -0.010313479020838486 0.0063688092549690697 -0.077558455129808274 0.011816675122824999 0.012403106794348936 -0.018842592779977171 -0.0041994461466179226 -0.11697395949383421 0.022872985649863092 -0.0084364739412652202
leaf_weight=3676.2883261587122 110.80181754380465 145.26490670017665 2689.0564793693484 240.53886154573411 418.79049246385694 2289.2649510968477 101.29743713140488 2225.1525485751336 1152.1783680096269 1285.6955280243419 2965.1352616117219 226.83427634288091 1371.178215932101 4799.1318966830149
leaf_count=10181 1121 20674 54547 2162 829 4525 61 148148 4143 2864 13449 155 6214 17739
internal_value=8.8805e-05 -0.000159225 -0.00043773 0.00159349 -0.00705677 0.000563676 -0.0246268 0.00103359 -0.000523399 -0.00890043 -0.0143976 -0.034231 0.00427038 0.00123739
internal_weight=23696.6 23585.8 23440.5 17942.1 5498.41 2809.35 520.088 17701.6 15476.4 5629.84 4477.67 1512.53 9846.6 8475.42
internal_count=286812 285691 265017 205055 59962 5415 890 202893 54745 20611 16468 3019 34134 27920
is_linear=0
shrinkage=0.05


Tree=106
num_leaves=15
num_cat=0
split_feature=33 18 23 35 41 32 36 49 27 23 22 22 33 53
split_gain=108.181 106.288 178.356 174.828 167.642 132.814 448.463 207.355 195.191 297.085 191.799 184.694 159.743 557.941
threshold=2.8029010295867924 6.7208228111267099 2.6735538244247441 2.249514864161029e-06 0.29166667163372045 6.5882363319396982 0.7947368621826173 0.70762974023818981 6.6234009265899667 6.5978271961212167 6.7973818778991708 6.8018388748168954 1.4978661537170412 1.0000000180025095e-35
decision_type=2 2 2 2 2 2 2 2 2 2 2 2 2 2
left_child=1 3 -3 -1 -4 8 -7 11 9 10 -6 -8 -12 -14
right_child=-2 2 4 -5 5 6 7 -9 -10 -11 12 -13 13 -15
leaf_value=-0.023739821719360336 0.048235870033291099 0.038932525623315652 0.053291164820214371 -0.0012677726857413636 0.034756775940548268 0.039574625608504319 0.042910412851483726 -0.028717495760665453 0.049717149785201031 -0.034737918133341671 0.00090806820688750414 -0.032501131032737038 0.018513866235867354 -0.035466617241669197
leaf_weight=1153.3003934893059 106.08010659553111 302.83687672484666 141.24717223830521 3385.7333182041766 373.62571108248085 844.73398698121309 245.38865773007274 579.09391850978136 178.01193302124739 636.75140424817801 13606.612514581531 110.40632939338684 781.86368710361421 1204.8130302727222
leaf_count=4574 1121 6937 2463 217165 11155 7336 580 894 979 4498 24838 84 2870 1318
internal_value=8.56057e-05 -0.000151723 0.00149078 -0.00701722 0.000864034 0.000436595 0.0133849 -0.0104476 -0.000943671 -0.00151642 -0.000170649 0.0192608 -0.00102927 -0.0142361
internal_weight=23650.5 23544.4 19005.4 4539.03 18702.5 18561.3 1779.62 934.889 16781.7 16603.7 15966.9 355.795 15593.3 1986.68
internal_count=286812 285691 63952 221739 57015 54552 8894 1558 45658 44679 40181 664 29026 4188
is_linear=0
shrinkage=0.05


Tree=107
num_leaves=15
num_cat=0
split_feature=21 37 34 31 48 37 36 22 48 48 23 32 23 33
split_gain=106.627 183.571 148.994 151.284 147.644 380.301 362.153 399.11 334.115 357.845 285.612 279.029 226.022 243.808
threshold=0.20242214947938922 2.8029010295867924 0.2450925409793854 0.62019231915473949 0.78192275762557995 1.0000000180025095e-35 0.70714285969734203 6.7996129989624032 0.81279689073562633 0.81171429157257091 4.135134458541871 2.9174053668975835 3.9219243526458745 1.2424533367156985
decision_type=2 2 2 2 2 2 2 2 2 2 2 2 2 2
left_child=-1 2 4 -4 5 -2 7 -7 9 -6 -11 -10 13 -9
right_child=1 -3 3 -5 8 6 -8 12 11 10 -12 -13 -14 -15
leaf_value=-0.021397986846349182 0.025292733213306391 0.045656026488370888 -0.013291948110032245 -0.00029851443444638788 -0.010414291667036524 0.036326245714566906 0.026586722904691724 0.029554772446968965 -0.0052445649911041026 -0.0059009519949810678 -0.1124637406098092 0.02244932301549896 -0.025480166631334594 -0.019807851733921009
leaf_weight=553.67230288835708 2320.170541331172 214.00029400736094 3137.918115625158 7770.3942332569859 1343.0342181357555 428.81349635054357 976.81508251698688 477.97299711406231 2218.2590027879924 100.86817270517349 162.20325861591846 1528.2342099099769 1797.4113962948322 503.55931121855974
leaf_count=1702 4676 2191 12780 225566 2950 5031 4370 1533 7290 184 74 16048 1714 703
internal_value=8.68441e-05 0.000613583 0.000170317 -0.004045 0.00404839 0.00910386 8.89022e-05 -0.00803767 -0.00210079 -0.0211074 -0.0733173 0.00608175 -0.0149891 0.00428571
internal_weight=23533.3 22979.7 22765.7 10908.3 11857.3 6504.74 4184.57 3207.76 5352.6 1606.11 263.071 3746.49 2778.94 981.532
internal_count=286812 285110 282919 238346 44573 18027 13351 8981 26546 3208 258 23338 3950 2236
is_linear=0
shrinkage=0.05


Tree=108
num_leaves=15
num_cat=0
split_feature=17 18 25 22 48 48 37 46 22 32 22 31 48 45
split_gain=101.728 102.685 183.092 138.246 142.138 354.461 179.854 137.262 187.626 253.382 278.475 276.672 193.707 151.114
threshold=0.069047622382640853 6.7458243370056161 2.9897332609607481e-08 6.8018388748168954 0.80375570058822643 0.81746658682823192 0.89587974548339855 0.97859531641006481 6.7973818778991708 6.5820243358612069 6.7951462268829355 0.97925308346748363 0.97732356190681469 0.045987756922841079
decision_type=2 2 2 2 2 2 2 2 2 2 2 2 2 2
left_child=1 2 -1 -3 6 -6 -5 8 9 -4 11 -11 13 -10
right_child=-2 3 7 4 5 -7 -8 -9 12 10 -12 -13 -14 -15
leaf_value=-0.03870614069966536 0.017236991384739241 -0.0022712521472130188 0.030215870665608935 0.04624957058027767 -0.08754617629318702 0.01779757048958645 0.0049129096555974288 -0.024222739173344041 -0.0022347993635923858 -0.087986037974262091 0.041006932839077706 0.016361943136322912 0.030085112133881309 -0.042721768667575988
leaf_weight=322.2946047532605 823.69041281443788 1647.1542271273211 1004.3925585200195 603.7368985414505 91.449984222650528 365.53074449673295 465.24510513991117 619.88681573770009 16449.49144273065 150.95616934075952 126.62684882618487 100.44446516223252 450.09016560949385 223.79243165999651
leaf_count=1847 13513 3736 215067 476 51 457 384 5146 34984 1190 2014 2699 4467 781
internal_value=8.43207e-05 -0.000547591 -0.00190928 0.00777793 0.0185694 -0.00470688 0.0284712 -0.00126929 -0.000487758 0.0171634 -0.0174012 -0.0472639 -0.00192197 -0.00280351
internal_weight=23444.8 22621.1 19448 3173.12 1525.96 456.981 1068.98 19125.7 18505.8 1382.42 378.027 251.401 17123.4 16673.3
internal_count=286812 273299 268195 5104 1368 508 860 266348 261202 220970 5903 3889 40232 35765
is_linear=0
shrinkage=0.05


Tree=109
num_leaves=15
num_cat=0
split_feature=0 28 27 47 33 53 22 46 31 48 23 48 31 38
split_gain=98.4783 250.938 180.161 169.409 164.953 207 164.414 144.765 134.077 130.16 410.642 282.896 264.18 213.019
threshold=0.0063492704648524531 1.0000000180025095e-35 3.3497501611709599 6.6012263298034677 1.4978661537170412 1.0000000180025095e-35 6.8018388748168954 0.73842105269432079 0.6348484754562379 0.6479126811027528 3.2769666910171513 0.6460915505886079 0.66145834326744091 0.89587974548339855
decision_type=2 2 2 2 2 2 2 2 2 2 2 2 2 2
left_child=1 2 -1 4 6 -6 -2 8 -8 10 -3 -12 13 -11
right_child=3 9 -4 -5 5 -7 7 -9 -10 12 11 -13 -14 -15
leaf_value=-0.035290729425345509 0.0058375096988398881 0.028999042040911357 0.0079608230261471145 -0.0089923994425263783 0.025771217508933221 -0.033620422085466416 -0.010903031605858749 0.045741406556310288 0.027246378665190602 0.024025346706087022 -0.013182855877627242 -0.10090318622748314 -0.0014744471450102604 -0.013576216673352282
leaf_weight=888.68839570158161 2742.2999919310096 599.71709004649892 324.4838189072907 1570.8558281436563 212.31634401663905 426.00711557269096 341.89123590290546 581.07416989654303 668.50080299377441 1979.6794160609134 2957.0633092932403 85.200564880855381 9544.254128439643 457.6899219751358
leaf_count=4213 77265 3667 1982 4936 2700 392 438 589 904 6521 8981 303 173318 603
internal_value=8.04763e-05 -0.00194255 -0.0237518 0.0052813 0.00979986 -0.013773 0.0132956 0.0260303 0.0143572 -0.000234953 -0.00849928 -0.0159621 0.0022821 0.0169379
internal_weight=23379.7 16836.8 1213.17 6542.95 4972.09 638.323 4333.77 1591.47 1010.39 15623.6 3641.98 3042.26 11981.6 2437.37
internal_count=286812 199588 6195 87224 82288 3092 79196 1931 1342 193393 12951 9284 180442 7124
is_linear=0
shrinkage=0.05


Tree=110
num_leaves=15
num_cat=0
split_feature=21 37 41 34 27 26 33 53 31 48 48 31 56 37
split_gain=96.6216 172.523 134.677 130.042 145.471 197.886 225.818 490.826 398.906 253.268 473.382 426.885 329.368 185.556
threshold=0.20242214947938922 2.8029010295867924 0.29166667163372045 0.2450925409793854 6.620739459991456 0.83997154235839855 1.4978661537170412 1.0000000180025095e-35 0.79057019948959362 0.79942595958709728 0.81279689073562633 0.66145834326744091 1.0000000180025095e-35 1.0000000180025095e-35
decision_type=2 2 2 2 2 2 2 2 2 2 2 2 2 2
left_child=-1 2 -2 4 5 6 8 -8 9 13 11 -11 -12 -4
right_child=1 -3 3 -5 -6 -7 7 -9 -10 10 12 -13 -14 -15
leaf_value=-0.020469787521324612 0.040267670497716672 0.045240653493733116 0.020370930874873256 -0.004176951964819966 0.036715424926263854 -0.014471353677897598 0.026598192649329055 -0.035292085253872535 0.039289450070340654 0.025732311223101059 -0.013784104167978581 -0.079287007232513987 0.035033228546554079 0.0018807987409835151
leaf_weight=548.49486053921282 197.34267868474126 204.2122058365494 2380.6114180982113 10746.460537405161 309.71068317070603 1480.3644053968601 485.62409282661974 899.6655305325985 907.33410459570587 124.43617404066026 986.94290830520913 369.12551618367434 518.88303000852466 3143.063187896274
leaf_count=1702 2926 2191 4807 236978 1104 16298 3495 932 4213 361 1615 313 798 9079
internal_value=7.65778e-05 0.000580636 0.000156314 -0.000215669 0.00345276 0.00250911 0.00508216 -0.0135608 0.00815802 0.00435618 -0.010856 -0.0528245 0.00315769 0.00987215
internal_weight=23302.3 22753.8 22549.6 22352.2 11605.8 11296.1 9815.69 1385.29 8430.4 7523.06 1999.39 493.562 1505.83 5523.67
internal_count=286812 285110 282919 279993 43015 41911 25613 4427 21186 16973 3087 674 2413 13886
is_linear=0
shrinkage=0.05


Tree=111
num_leaves=15
num_cat=0
split_feature=33 27 22 48 48 31 22 48 23 27 27 32 31 28
split_gain=98.3394 253.535 276.839 429.295 681.05 399.633 256.49 660.479 613.043 420.641 466.939 265.629 254.648 218.36
threshold=0.89587974548339855 6.620739459991456 6.8018388748168954 0.80116140842437755 0.81279689073562633 0.6348484754562379 6.7996129989624032 0.80116140842437755 3.8393944501876835 6.6093482971191415 4.3372693061828622 2.9174053668975835 0.73030304908752453 2.0126758217811589
decision_type=2 2 2 2 2 2 2 2 2 2 2 2 2 2
left_child=1 2 6 5 -5 13 9 11 12 10 -1 -8 -9 -4
right_child=-2 -3 3 4 -6 -7 7 8 -10 -11 -12 -13 -14 -15
leaf_value=-0.0063681388145515553 0.0042567958186371371 0.025821410798005425 0.010497327498883406 -0.093888805739170147 0.0066109072784175955 0.018991476361631923 -0.011592855772979225 -0.053946928699454312 0.042840977113106526 -0.023096828491268456 0.046942924482340997 -0.047518331633299549 -0.0034251574286147364 -0.018853213749615159
leaf_weight=939.36423826962709 8753.7194430813543 741.69152019359171 1053.7188330888748 271.57903698086739 417.03201106190681 3364.1460889577866 764.75407184660435 328.14749417454004 640.82738040015101 1079.8462163042277 717.04512094950769 1614.4275169819593 956.32803958654404 1561.0264348089695
leaf_count=10581 44185 4464 1174 126 303 2640 2718 503 2044 12210 201399 2379 1063 1023
internal_value=7.74915e-05 -0.00245551 -0.00400315 0.00329663 -0.0338014 0.00761866 -0.0109108 -0.0185054 0.00327093 0.00106033 0.016853 -0.0360675 -0.0166491 -0.00703028
internal_weight=23203.7 14449.9 13708.2 6667.5 688.611 5978.89 7040.74 4304.48 1925.3 2736.26 1656.41 2379.18 1284.48 2614.75
internal_count=286812 242627 238163 5266 429 4837 232897 8707 3610 224190 211980 5097 1566 2197
is_linear=0
shrinkage=0.05


Tree=112
num_leaves=15
num_cat=0
split_feature=48 34 0 49 31 22 27 33 50 37 22 36 48 49
split_gain=94.0255 100.678 128.283 108.735 133.569 130.164 230.563 202.443 200.639 184.101 131.956 108.235 214.485 134.239
threshold=1.0000001788139345 0.76350387930870067 0.015504807699471714 0.063009638339281096 0.73030304908752453 6.8018388748168954 6.620739459991456 1.2424533367156985 0.028386387042701248 1.2424533367156985 6.7900948524475107 0.74342104792594921 0.70322379469871532 0.87237897515296947
decision_type=2 2 2 2 2 2 2 2 2 2 2 2 2 2
left_child=1 2 11 4 -3 6 9 8 -7 10 -5 -1 -13 -14
right_child=-2 3 -4 5 -6 7 -8 -9 -10 -11 -12 12 13 -15
leaf_value=-0.0016328526784335916 0.040667789528993623 -0.038021397800963211 0.036611955080655685 0.0099968828212654067 0.017004917283668271 0.027022463837350859 0.030331139491807026 -0.032551777251786117 -0.025921626240743168 0.022760568292114449 -0.027442186500924629 0.038513996274107135 0.0055449458214219104 -0.031047981249570717
leaf_weight=12627.617592035327 131.76238453463884 491.40823664143682 245.66132123291027 270.66970381140709 135.0323134213686 939.27149157971144 290.3854958023876 239.42210339009762 212.09240460395813 254.03874623315642 1589.8120262529701 473.95921407872811 4956.7912281237659 254.05764965742128
leaf_count=142236 20674 1048 1618 77451 376 1170 2014 330 221 2824 9941 3464 21526 1919
internal_value=7.23608e-05 -0.00017799 0.00143829 -0.00694886 -0.0260794 -0.00373133 -0.0107564 0.00840637 0.0171304 -0.0165152 -0.0219711 0.000946707 0.00666947 0.00370479
internal_weight=23112 22980.2 18558.1 4422.13 626.441 3795.69 2404.91 1390.79 1151.36 2114.52 1860.48 18312.4 5684.81 5210.85
internal_count=286812 266138 170763 95375 1424 93951 92230 1721 1391 90216 87392 169145 26909 23445
is_linear=0
shrinkage=0.05


Tree=113
num_leaves=15
num_cat=0
split_feature=18 40 23 41 32 36 33 39 27 23 31 47 48 27
split_gain=93.826 161.226 160.615 146.227 136.048 359.301 183.761 246.508 172.495 237.867 172.69 136.89 135.38 256.62
threshold=6.7208228111267099 2.3101398483049711e-06 2.6735538244247441 0.29166667163372045 6.5882363319396982 0.7947368621826173 1.4978661537170412 0.81608319282531749 6.6234009265899667 6.5978271961212167 0.90383726358413707 1.0000000180025095e-35 0.78192275762557995 4.3241107463836679
decision_type=2 2 2 2 2 2 2 2 2 2 2 2 2 2
left_child=1 -1 -2 -4 8 -6 -7 -8 9 10 11 -5 -13 -14
right_child=2 -3 3 4 5 6 7 -9 -10 -11 -12 12 13 -15
leaf_value=-0.024944085927094385 0.038157491299222884 -0.0015648408594536038 0.052391667676705556 0.047700845383584149 0.038544527722910261 -0.041275567467436228 0.036756938883765432 -0.021791951818358093 0.049218383745543305 -0.031931294135054245 0.028985973787928904 0.0024916611221547434 -0.015160164543315821 0.0056451836319964758
leaf_weight=920.7613646137761 286.28671273775399 3557.4702233141288 127.62277716305107 132.70084778219461 793.26760599575937 265.42290575057268 341.22980766184628 358.84967079013586 160.83441018313169 599.53229563310742 484.42246929276735 8795.8996494412422 3828.8192509151995 2407.3029723530635
leaf_count=2741 7100 219084 2463 976 7336 313 688 737 979 4498 8831 16707 7484 6875
internal_value=7.17565e-05 -0.00641667 0.00163805 0.00104608 0.00065678 0.0138319 -0.00665919 0.00686145 -0.000762897 -0.00128759 -9.3966e-05 -0.00104139 -0.0015031 -0.00713259
internal_weight=23060.4 4478.23 18582.2 18295.9 18168.3 1758.77 965.502 700.079 16409.5 16248.7 15649.1 15164.7 15032 6236.12
internal_count=286812 221825 64987 57887 55424 9074 1738 1425 46350 45371 40873 32042 31066 14359
is_linear=0
shrinkage=0.05


Tree=114
num_leaves=15
num_cat=0
split_feature=33 47 31 48 36 23 43 32 15 0 37 27 37 28
split_gain=89.7792 103.747 169.777 210.83 228.038 201.346 188.347 161.394 130.83 158.63 124.688 283.396 322.212 330.247
threshold=2.8029010295867924 6.6140549182891855 0.51539888978004467 0.6479126811027528 0.7947368621826173 4.135134458541871 6.588238239288331 6.5978271961212167 0.018074123188853267 1.0000000180025095e-35 2.0126758217811589 6.620739459991456 1.2424533367156985 2.6735538244247441
decision_type=2 2 2 2 2 2 2 2 2 2 2 2 2 2
left_child=1 10 6 -4 7 -6 -3 8 9 -5 11 12 -1 -14
right_child=-2 2 3 4 5 -7 -8 -9 -10 -11 -12 -13 13 -15
leaf_value=-0.0022403898924369743 0.047226571209391076 -0.002683322482203231 -0.041903711869542198 -0.00094678147961725135 0.012120351379244316 -0.045565935733019543 0.060185873809475612 0.04901890521043873 0.024350420216960118 -0.054269708564683453 -0.010576178402189189 0.03772945680605598 0.040859206957051135 0.0060796099360353453
leaf_weight=13348.954654009198 90.507753285579383 387.91995176672935 523.31251129508018 685.92562109977007 207.14457115530968 516.98776987195015 161.42519152164459 173.72278465330601 342.67637867480516 165.19336111098528 2002.5478341518901 544.79774754680693 882.72831963887438 2919.3756914544501
leaf_count=250219 1121 358 476 1139 320 683 86 871 627 244 9143 4244 5942 11339
internal_value=7.39579e-05 -0.000133273 -0.00852212 -0.0138293 -0.0066394 -0.0291239 0.0165365 0.00539167 -0.00131149 -0.0118062 0.00121793 0.00255783 0.00141928 0.0142403
internal_weight=22953.2 22862.7 3164.31 2614.96 2091.65 724.132 549.345 1367.52 1193.8 851.119 19698.4 17695.9 17151.1 3802.1
internal_count=286812 285691 4804 4360 3884 1003 444 2881 2010 1383 280887 271744 267500 17281
is_linear=0
shrinkage=0.05


Tree=115
num_leaves=15
num_cat=0
split_feature=26 47 27 43 26 33 23 32 53 48 27 46 28 48
split_gain=89.8948 125.352 114.459 159.435 153.454 445.868 428.336 724.215 323.431 206.661 190.984 659.201 501.634 256.93
threshold=0.099047366529703154 1.0000000180025095e-35 2.6876392364501958 3.2384861707687382 0.74521261453628551 1.4978661537170412 3.7726949453353886 1.2424533367156985 1.0000000180025095e-35 0.74644151329994213 4.3372693061828622 0.76393190026283275 2.0126758217811589 0.5288667380809785
decision_type=2 2 2 2 2 2 2 2 2 2 2 2 2 2
left_child=-1 -2 -3 -4 5 6 7 -5 -7 -8 11 -6 -12 -14
right_child=1 2 3 4 10 8 9 -9 -10 -11 12 -13 13 -15
leaf_value=-0.046779612524617417 0.040589240434327913 0.044049892554601545 -0.013095588871384815 -0.0073711379644107984 -0.031784028017744256 0.027195822327285263 -0.012340453444029335 0.048015450259979053 -0.031732428459490272 0.024281748676362413 0.054438315502621251 0.0076531937744264179 -0.040116530019370621 0.0013047720895374036
leaf_weight=91.912211278220639 181.29524254053831 136.14276720397174 2199.9857384343632 905.46405597031116 1962.4032238293439 295.56383626209572 1418.4723099078983 1672.3494219472632 985.10099741816521 517.548399197869 426.54648576676846 2283.0118993446231 379.85639265307691 9418.5596864239778
leaf_count=1510 1107 6243 6507 1447 4857 2191 6277 7334 1227 2873 1375 8842 683 234339
internal_value=7.53578e-05 0.000284829 -5.62829e-05 -0.000343058 0.00104715 0.00791552 0.0152995 0.0286075 -0.0180271 -0.00247592 -0.00170678 -0.0106081 0.00199583 -0.000340276
internal_weight=22874.2 22782.3 22601 22464.9 20264.9 5794.5 4513.83 2577.81 1280.66 1936.02 14470.4 4245.42 10225 9798.42
internal_count=286812 285302 284195 277952 271445 21349 17931 8781 3418 9150 250096 13699 236397 235022
is_linear=0
shrinkage=0.05


Tree=116
num_leaves=15
num_cat=0
split_feature=18 20 26 33 32 53 23 31 27 48 48 37 27 28
split_gain=89.3511 150.894 145.788 509.5 526.017 386.193 320.32 217.251 285.088 280.921 361.063 257.404 243.544 277.779
threshold=6.7208228111267099 2.740417315294508e-08 0.74521261453628551 1.4978661537170412 1.2424533367156985 1.0000000180025095e-35 3.9219243526458745 0.79057019948959362 4.3372693061828622 0.6479126811027528 0.64130195975303661 1.4978661537170412 4.3502571582794198 3.0201274156570439
decision_type=2 2 2 2 2 2 2 2 2 2 2 2 2 2
left_child=1 -1 3 4 -2 -5 -6 8 11 10 12 -4 -10 -14
right_child=2 -3 7 5 6 -7 -8 -9 9 -11 -12 -13 13 -15
leaf_value=-0.041281396695170558 -0.0074212313322015687 -0.0038435544830183613 -0.024583594373606486 0.04364558657260853 0.046199230898822795 -0.028411576307993399 0.007858089219244014 0.0085936031158199873 -0.043600287766697304 0.00750364212154457 -0.088040960180650357 0.021577954459205202 -0.02395354309338801 0.018246592477930479
leaf_weight=278.00026744150091 1257.9478504089639 4167.9598296572804 2399.8473118916154 211.97963403724134 1518.9056846783496 1156.8933808803558 853.6574722956866 4010.5513387070969 390.07025477290154 4430.4992066584527 145.34376679360867 337.42752812383696 674.25606437027454 896.64027464389801
leaf_count=1453 3227 220372 6182 4492 9504 1351 3221 26780 672 6775 103 1802 382 496
internal_value=7.72676e-05 -0.00627189 0.00162372 0.00889259 0.0186818 -0.0170174 0.0324948 -0.00111639 -0.00532019 0.000359391 -0.0146326 -0.0188354 -0.00877257 9.66151e-05
internal_weight=22730 4445.96 18284 4999.38 3630.51 1368.87 2372.56 13284.6 9274.08 6536.81 2106.31 2737.27 1960.97 1570.9
internal_count=286812 221825 64987 21795 15952 5843 12725 43192 16412 8428 1653 7984 1550 878
is_linear=0
shrinkage=0.05


Tree=117
num_leaves=15
num_cat=0
split_feature=0 26 28 0 27 21 36 27 45 18 26 33 28 37
split_gain=90.2666 114.857 108.956 191.755 157.581 106.361 103.97 129.273 102.587 97.5363 179.162 481.515 274.92 248.382
threshold=0.0084389690309762972 0.83997154235839855 1.0000000180025095e-35 1.0000000180025095e-35 3.3497501611709599 0.94441354274749767 0.7947368621826173 6.620739459991456 8.1011361885430244e-07 6.7171998023986825 0.74521261453628551 1.4978661537170412 2.0126758217811589 1.4978661537170412
decision_type=2 2 2 2 2 2 2 2 2 2 2 2 2 2
left_child=2 5 3 4 -1 -2 7 -3 -6 -4 11 -11 -12 -14
right_child=1 6 9 -5 8 -7 -8 -9 -10 10 12 -13 13 -15
leaf_value=-0.034202014509583559 0.007497724264271948 -0.0075674928704909748 -0.0080651675189219833 0.027947380608889596 0.052837277784091197 0.031841738823121302 -0.031173430454966636 0.038382612307426484 -0.010299991782855539 0.022720229921598029 0.034128696073724145 -0.017226306683364719 -0.0067141655781147672 0.016522625766017988
leaf_weight=834.87336049310397 2168.8136981903808 677.20882531750249 3273.5669514274923 209.66949835559353 80.14979830943048 559.26830594521016 296.36248242889997 186.98311806097627 216.56083283014596 2570.7271391819231 496.37006059335545 1057.5132259475067 8663.315588911064 1316.1472758175805
leaf_count=4197 7415 41499 176830 816 637 1067 1057 1162 1329 12005 2696 3377 27764 4961
internal_value=7.37062e-05 0.00699541 -0.00136717 -0.0150434 -0.0231842 0.0125864 -0.00614247 0.00269995 0.00792178 -0.000303549 0.00150237 0.0110618 -0.00181587 -0.0036361
internal_weight=22607.5 3888.64 18718.9 1341.25 1131.58 2728.08 1160.55 864.192 296.711 17377.6 14104.1 3628.24 10475.8 9979.46
internal_count=286812 52200 234612 6979 6163 8482 43718 42661 1966 227633 50803 15382 35421 32725
is_linear=0
shrinkage=0.05


Tree=118
num_leaves=15
num_cat=0
split_feature=17 18 40 20 18 40 21 18 45 40 18 40 18 40
split_gain=86.8852 86.7989 147.078 150.219 221.728 146.517 321.75 205.146 164.87 163.231 384.628 337.072 217.635 248.956
threshold=0.069047622382640853 6.7458243370056161 2.2361613218890857e-06 2.7287912374163173e-08 6.7422907352447519 2.2518692048834059e-06 0.93559134006500255 6.7351858615875253 5.3621289453076326e-07 2.2480394363810778e-06 6.7387444972991952 2.2426651185014639e-06 6.7399280071258554 2.2405301933758896e-06
decision_type=2 2 2 2 2 2 2 2 2 2 2 2 2 2
left_child=1 2 -1 4 5 6 -4 8 -7 10 -8 12 -12 -14
right_child=-2 -3 3 -5 -6 7 9 -9 -10 -11 11 -13 13 -15
leaf_value=-0.009893027554403697 0.016242446885768456 0.0072706463037666815 -0.05480786621711712 -0.0039145587458075115 0.049681355094538561 -0.0072434991837542241 -0.028490863329397376 0.041449858984517411 0.023856034179911081 0.026888534256116189 -0.036308106745260714 0.044526429975975119 -0.0051993371496950117 0.046272624978498551
leaf_weight=4308.4593395185657 791.34313686506357 3059.7677611559629 254.64393156394362 8028.7114931576652 272.46473853895441 993.94431033544242 948.65266689844429 526.5476353559643 731.60465147579089 558.96314273960888 345.12597347050905 512.861442649737 898.96495634317398 307.25215213745832
leaf_count=12313 13513 5104 308 229181 1270 4800 1637 4863 7050 1940 523 1905 1542 863
internal_value=7.35945e-05 -0.000521936 -0.001801 0.000628724 0.00636928 0.00434946 -0.00161022 0.0144377 0.00600368 0.0023248 -0.00230628 0.00980678 -0.00188292 0.00818446
internal_weight=22539.3 21748 18688.2 14379.7 6351.03 6078.56 3826.46 2252.1 1725.55 3571.82 3012.86 2064.2 1551.34 1206.22
internal_count=286812 273299 268195 255882 26701 25431 8718 16713 11850 8410 6470 4833 2928 2405
is_linear=0
shrinkage=0.05


Tree=119
num_leaves=15
num_cat=0
split_feature=15 31 49 36 27 37 24 26 29 47 48 36 44 49
split_gain=84.0355 140.228 136.372 128.049 193.078 172.366 162.661 159.406 125.69 114.532 238.238 308.41 132.067 144.838
threshold=1.0000000180025095e-35 0.22401433438062671 0.02967963740229607 0.42016807198524481 3.3140207529067998 1.4978661537170412 0.33889430761337286 0.97449660301208507 0.20105930417776111 6.6140549182891855 0.68201711773872387 0.5894736945629121 0.96996253728866588 0.038265578448772437
decision_type=2 2 2 2 2 2 2 2 2 2 2 2 2 2
left_child=1 -1 8 6 5 -5 -4 -6 -3 12 -11 -12 13 -2
right_child=9 2 3 4 7 -7 -8 -9 -10 10 11 -13 -14 -15
leaf_value=0.047463691823877899 -0.00076539215932269072 0.01520497368508039 -0.040048589336664282 -0.033218571707127074 0.005879503409392816 0.028774184997970822 0.032909365663832207 -0.03328183519558163 -0.059515093447125467 -0.032784026714530241 0.027761033970506256 -0.015399386302149876 -0.021235088417401845 0.0093697250618348781
leaf_weight=113.18802881613374 6934.0186485140584 71.707857143133879 436.76697161793709 701.97073938045651 3461.3282859309111 125.11040370166302 84.245751390699297 270.94643818557961 203.27477726805955 693.19609469175339 677.50507384538651 1030.1545364484191 511.78980088222306 7157.2219640787225
leaf_count=123 30955 100 454 2578 43765 1476 898 3479 369 582 1022 2292 11584 187135
internal_value=7.45476e-05 -0.00531132 -0.00651313 -0.00461548 -0.00190479 -0.0236094 -0.027854 0.00295523 -0.0401804 0.00180877 -0.00828979 0.00178622 0.00347359 0.00438543
internal_weight=22472.4 5468.54 5355.35 5080.37 4559.36 827.081 521.013 3732.27 274.983 17003.9 2400.86 1707.66 14603 14091.2
internal_count=286812 53242 53119 52650 51298 4054 1352 47244 469 233570 3896 3314 229674 218090
is_linear=0
shrinkage=0.05


end of trees

feature_importances:
Column_27=159
Column_37=154
Column_22=140
Column_48=133
Column_36=126
Column_33=89
Column_31=77
Column_43=76
Column_47=75
Column_32=74
Column_23=61
Column_28=60
Column_41=53
Column_26=50
Column_46=48
Column_18=43
Column_49=37
Column_53=30
Column_40=25
Column_15=24
Column_0=20
Column_34=18
Column_21=16
Column_35=14
Column_25=11
Column_20=8
Column_54=8
Column_56=8
Column_17=6
Column_52=6
Column_45=5
Column_24=4
Column_39=4
Column_29=3
Column_30=3
Column_38=3
Column_44=3
Column_42=2
Column_50=2
Column_1=1
Column_19=1

parameters:
[boosting: gbdt]
[objective: binary]
[metric: binary_logloss]
[tree_learner: serial]
[device_type: cpu]
[data_sample_strategy: bagging]
[data: ]
[valid: ]
[num_iterations: 120]
[learning_rate: 0.05]
[num_leaves: 15]
[num_threads: 2]
[seed: 20260928]
[deterministic: 1]
[force_col_wise: 1]
[force_row_wise: 0]
[histogram_pool_size: -1]
[max_depth: -1]
[min_data_in_leaf: 100]
[min_sum_hessian_in_leaf: 0.001]
[bagging_fraction: 1]
[pos_bagging_fraction: 1]
[neg_bagging_fraction: 1]
[bagging_freq: 0]
[bagging_seed: 8287]
[bagging_by_query: 0]
[feature_fraction: 1]
[feature_fraction_bynode: 1]
[feature_fraction_seed: 24490]
[extra_trees: 0]
[extra_seed: 6370]
[early_stopping_round: 0]
[early_stopping_min_delta: 0]
[first_metric_only: 0]
[max_delta_step: 0]
[lambda_l1: 0]
[lambda_l2: 10]
[linear_lambda: 0]
[min_gain_to_split: 0]
[drop_rate: 0.1]
[max_drop: 50]
[skip_drop: 0.5]
[xgboost_dart_mode: 0]
[uniform_drop: 0]
[drop_seed: 1862]
[top_rate: 0.2]
[other_rate: 0.1]
[min_data_per_group: 100]
[max_cat_threshold: 32]
[cat_l2: 10]
[cat_smooth: 10]
[max_cat_to_onehot: 4]
[top_k: 20]
[monotone_constraints: ]
[monotone_constraints_method: basic]
[monotone_penalty: 0]
[feature_contri: ]
[forcedsplits_filename: ]
[refit_decay_rate: 0.9]
[cegb_tradeoff: 1]
[cegb_penalty_split: 0]
[cegb_penalty_feature_lazy: ]
[cegb_penalty_feature_coupled: ]
[path_smooth: 0]
[interaction_constraints: ]
[verbosity: -1]
[saved_feature_importance_type: 0]
[use_quantized_grad: 0]
[num_grad_quant_bins: 4]
[quant_train_renew_leaf: 0]
[stochastic_rounding: 1]
[linear_tree: 0]
[max_bin: 255]
[max_bin_by_feature: ]
[min_data_in_bin: 3]
[bin_construct_sample_cnt: 286813]
[data_random_seed: 5112]
[is_enable_sparse: 1]
[enable_bundle: 1]
[use_missing: 1]
[zero_as_missing: 0]
[feature_pre_filter: 1]
[pre_partition: 0]
[two_round: 0]
[header: 0]
[label_column: ]
[weight_column: ]
[group_column: ]
[ignore_column: ]
[categorical_feature: ]
[forcedbins_filename: ]
[precise_float_parser: 0]
[parser_config_file: ]
[objective_seed: 23271]
[num_class: 1]
[is_unbalance: 0]
[scale_pos_weight: 1]
[sigmoid: 1]
[boost_from_average: 1]
[reg_sqrt: 0]
[alpha: 0.9]
[fair_c: 1]
[poisson_max_delta_step: 0.7]
[tweedie_variance_power: 1.5]
[lambdarank_truncation_level: 30]
[lambdarank_norm: 1]
[label_gain: ]
[lambdarank_position_bias_regularization: 0]
[eval_at: ]
[multi_error_top_k: 1]
[auc_mu_weights: ]
[num_machines: 1]
[local_listen_port: 12400]
[time_out: 120]
[machine_list_filename: ]
[machines: ]
[gpu_platform_id: -1]
[gpu_device_id: -1]
[gpu_device_id_list: ]
[gpu_use_dp: 0]
[num_gpu: 1]

end of parameters

pandas_categorical:null
