sgRNA	Gene	D31_DMSO_1	D31_DMSO_2	D31_DMSO_3	D31_GEF_1	D31_GEF_2	D31_GEF_3
PBK_PKc_E5_170.12	PBK	6236	6531	8896	4221	9130	6818
PRKG1_PKc_E10_72	PRKG1	5691	3443	4852	5258	7318	5359
LRRK1_PKc_E26_198.6	LRRK1	3195	5310	5031	3814	5569	6635
PDK1_PKc_E2_142.3	PDK1	4000	4226	2904	2488	3723	5640
BMPR1B_PKc_E10_131.6	BMPR1B	2257	3614	3264	1157	2604	3070
NEK7_PKc_E6_109.1	NEK7	3622	3307	4158	4177	3679	6695
FLT3_PKc_E17_154.5	FLT3	4563	5605	4671	3687	5687	4581
MAP3K7_PKc_E6_125.6	MAP3K7	5506	6712	4598	3251	6147	4430
SCYL3_PKc_E6_103.3	SCYL3	3960	3158	4759	1850	2591	3558
NRBP1_PKc_E7_95.4	NRBP1	803	2083	1433	1631	1769	2974
STK17A_PKc_E4_127	STK17A	5470	3152	3862	4056	3566	3764
JAK1_PKc_E16_136.9	JAK1	4969	3978	4697	3012	3091	4364
MAP4K1_PKc_E6_48.2	MAP4K1	4902	5221	4629	4464	4710	4999
TSSK1B_PKc_E1_789.43	TSSK1B	7730	4616	5288	5771	4831	5934
AK1_PKc_E4_164.27	AK1	5545	3091	4144	5898	3782	3987
NRBP1_PKc_E4_102	NRBP1	2659	3718	4166	2678	4728	3895
CAMK1D_PKc_E1_59	CAMK1D	3979	4767	4343	4732	6558	4746
VRK2_PKc_E6_106.3	VRK2	4453	2187	2657	4218	6294	3121
FASTK_PKc_E5_201.19	FASTK	5813	4734	4297	5709	3728	6698
TNNI3K_PKc_E14_28	TNNI3K	4661	4174	3376	3575	5105	3358
EPHA7_PKc_E11_186.8	EPHA7	6650	5520	3970	6121	5654	5349
MLKL_PKc_E5_98.1	MLKL	2305	3993	4073	3095	4744	4572
JAK1_PKc2_E21_125.7	JAK1	3009	2574	3171	2558	2258	3180
STK39_PKc_E6_110.5	STK39	1711	2609	3346	3118	3608	6255
PRKCA_PKc_E12_63	PRKCA	4825	4095	3178	3680	3707	4669
STRADA_PKc_E6_122.3	STRADA	2659	2821	3105	3488	4462	4415
SIK3_PKc_E1_81	SIK3	5992	5856	5779	7340	6161	6412
EPHA5_PKc_E12_186.6	EPHA5	5681	4531	5631	5490	4867	5385
PRKAA2_PKc_E5_88.3	PRKAA2	5915	4782	4278	3107	4080	4304
MAPK7_PKc_E2_88	MAPK7	2939	3563	4324	3542	5328	4537
CDKL3_PKc_E6_140.5	CDKL3	4316	1655	5699	3072	3538	4603
CLK4_PKc_E6_117.3	CLK4	5756	4368	6227	6252	5197	4509
HCK_PKc_E12_132.7	HCK	4018	2171	2421	3451	3112	3832
SPEG_PKc1_E26_27	SPEG	5173	5286	3139	4694	5977	4569
ROR2_PKc_E9_852.135	ROR2	2295	3219	2747	3605	3598	3165
HIPK1_PKc_E6_177.4	HIPK1	2905	3428	4509	3866	3331	4460
EPHA10_PKc_E12_62.1	EPHA10	4868	5614	4311	4126	8243	5297
PIM1_PKc_E3_51.2	PIM1	3299	7430	3766	3221	4283	4143
RPS6KA5_PKc2_E10_126.7	RPS6KA5	1726	4104	3356	1809	3189	3871
LTK_PKc_E12_91.7	LTK	6043	4696	5653	5722	5614	6953
ALK_PKc_E25_93.7	ALK	2111	6099	2804	1275	3628	2735
MARK4_PKc_E4_49	MARK4	5253	5631	4338	3145	4037	4905
NEK3_PKc_E5_84.2	NEK3	5208	4004	4482	3502	4626	4770
PAK1_PKc_E11_118.9	PAK1	1590	2096	3626	1710	2908	4455
NPR1_PKc_E11_105.4	NPR1	2750	2517	2983	3571	3616	4546
DDR2_PKc_E14_60.8	DDR2	1068	3267	3789	2155	3535	3105
DCLK2_PKc_E11_147.9	DCLK2	3131	3386	2880	2082	4842	2587
OXSR1_PKc_E3_109.5	OXSR1	2205	4039	3692	1766	5013	4009
NPR2_PKc_E11_105	NPR2	8826	6958	5729	7075	5915	6385
POMK_PKc_E5_705.7	POMK	2957	2230	2233	2852	3077	2269
PRKACB_PKc_E3_117.2	PRKACB	2418	2630	4198	2557	3548	3369
CAMK2B_PKc_E6_73.6	CAMK2B	3177	3740	4428	4038	3895	5388
TAOK3_PKc_E5_102.2	TAOK3	4321	7510	3670	3281	5056	3230
ACVR1B_PKc_E6_168.13	ACVR1B	2463	1682	3736	3265	3772	3956
SBK1_PKc_E3_203.6	SBK1	4279	4825	3434	3243	3045	3941
PRKD3_PKc_E16_268	PRKD3	5287	3489	3969	4228	4022	4526
MELK_PKc_E7_93.3	MELK	4245	4045	2938	2562	2483	3459
EIF2AK2_PKc_E15_102.3	EIF2AK2	2830	3053	3362	2949	2206	2536
STK4_PKc_E3_129.8	STK4	4306	4328	2995	5696	1919	3411
NEK3_PKc_E7_87.1	NEK3	2509	4207	3983	3262	2378	3720
TRIB1_PKc_E2_293.37	TRIB1	5114	2324	2937	3502	6247	3331
MAPK14_PKc_E6_48	MAPK14	3225	2290	2026	2805	6161	3109
EPHA6_PKc_E10_43	EPHA6	2139	5249	3225	2360	4085	3208
CDK14_PKc_E7_63.2	CDK14	2907	4573	3090	3342	4486	4339
neg03	CONTROL	5126	6520	2933	5017	5001	3553
HCK_PKc_E10_77.2	HCK	2597	2914	2833	2452	3075	3320
CAMK1G_PKc_E3_129.2	CAMK1G	2793	4911	4399	4533	5251	4614
CDKL5_PKc_E2_34	CDKL5	2778	4261	3267	3330	4158	3043
CAMK1D_PKc_E3_75.1	CAMK1D	6829	4769	3648	5396	5189	4652
MAK_PKc_E7_172.11	MAK	2308	4306	3513	3672	4172	3886
MAPKAPK5_PKc_E7_96.2	MAPKAPK5	1297	2778	1876	1060	1939	1350
BRAF_PKc_E14_47.1	BRAF	6520	6316	3689	5300	4114	4894
MLKL_PKc_E6_136.11	MLKL	4837	3651	3281	4768	5381	4342
TAOK3_PKc_E4_72.5	TAOK3	2694	3313	3698	3040	4057	4348
CAMK1G_PKc_E10_82	CAMK1G	4957	4047	3719	5977	3027	3926
MYO3B_PKc_E7_146.16	MYO3B	2910	3772	3404	2163	2059	3278
POMK_PKc_E5_705.3	POMK	3133	4095	4644	2936	6045	6426
CDK13_PKc_E6_190.2	CDK13	1363	476	1095	1463	807	1044
TTBK2_PKc_E6_105.4	TTBK2	8364	6249	10155	6457	7785	8748
STK17B_PKc_E7_180.1	STK17B	2667	2329	2554	2883	2759	3633
EPHA2_PKc_E11_189.15	EPHA2	3567	4617	2908	3043	4779	3781
MAST2_PKc_E15_209.13	MAST2	1933	1822	2036	2348	2701	1685
JAK1_PKc2_E22_173.3	JAK1	4191	4489	2312	3671	2165	2674
TSSK4_PKc_E1_156.3	TSSK4	3515	2241	3307	2610	2459	2741
STK38_PKc_E8_103.1	STK38	4675	3900	3403	2631	3976	4244
MLKL_PKc_E9_50	MLKL	3912	3992	2295	2788	4083	2233
EPHA2_PKc_E12_62.7	EPHA2	3212	4262	6212	3773	5120	7119
TRIB1_PKc_E3_361.1	TRIB1	2918	3516	3348	2577	3922	3176
MAP3K14_PKc_E12_23	MAP3K14	1223	3262	1703	2003	2925	1880
FGFR2_PKc_E11_122.16	FGFR2	4392	4097	3137	3194	4765	3173
MARK3_PKc_E5_66.2	MARK3	2840	2776	4475	3089	3276	3507
MAP4K5_PKc_E6_56	MAP4K5	6733	3608	2484	5112	6958	3020
CASK_PKc_E3_106	CASK	5521	3065	5037	4479	3988	8182
FLT3_PKc_E19_128.4	FLT3	2641	4573	3749	2309	6238	5178
GSK3B_PKc_E4_111.3	GSK3B	893	1009	2463	932	573	1356
SCYL3_PKc_E3_186.3	SCYL3	1763	1640	4092	1920	3284	4680
ERBB3_PKc_E22_76.7	ERBB3	1310	1012	2813	2512	3365	1855
GUCY2F_PKc_E7_69	GUCY2F	4068	5136	2329	2276	4628	3212
MAP3K7_PKc_E4_46.1	MAP3K7	3106	3944	2205	3075	2257	3109
TTBK1_PKc_E6_105.8	TTBK1	2486	3533	3347	2597	4202	3238
CDK9_PKc_E4_167.13	CDK9	1160	565	773	1087	1598	1230
MAPK8_PKc_E5_139.8	MAPK8	1181	2008	3118	1791	1734	3899
MAPK9_PKc_E7_72.1	MAPK9	2763	3128	3107	2912	2780	3598
KIT_PKc_E11_118.5	KIT	5165	4804	3321	5515	3964	3057
MAP3K3_PKc_E13_132.14	MAP3K3	1907	2779	1409	1971	522	1747
TSSK3_PKc_E1_121	TSSK3	3395	2167	2590	3402	3080	2175
TEC_PKc_E13_161.15	TEC	3960	4564	4215	3120	4326	3662
MAP2K1_PKc_E8_65	MAP2K1	2186	3013	2048	1532	2855	2859
HCK_PKc_E8_76.11	HCK	2258	2433	1704	1768	3538	1642
ICK_PKc_E8_172.2	ICK	4326	3170	2406	3656	2007	1797
RPS6KA5_PKc_E4_116.1	RPS6KA5	1923	1884	4307	3696	2887	3969
GRK4_PKc_E11_90.8	GRK4	3247	3249	2598	3415	3529	2226
KIT_PKc_E16_128	KIT	2939	2632	3782	3274	3773	2304
RPL9_e4.2	RPL9	0	0	63	33	180	0
CLK2_PKc_E10_83.3	CLK2	1550	1276	1138	1118	1894	1220
MAP3K1_PKc_E18_143.13	MAP3K1	3383	2489	2822	2773	3702	2493
STK31_PKc_E20_84	STK31	1675	3039	3053	1838	4489	3948
PDIK1L_PKc_E3_708.64	PDIK1L	2568	2799	2802	1784	3468	3516
PKN1_PKc_E16_177.11	PKN1	3803	2446	2943	2679	1970	3036
NPR1_PKc_E13_157.19	NPR1	1584	2980	1852	1399	4489	1379
DAPK2_PKc_E6_49.1	DAPK2	4141	5787	3711	2941	4883	3462
MAPK6_PKc_E5_200.14	MAPK6	1133	3313	3506	1856	2692	3812
TRIB1_PKc_E3_361.38	TRIB1	1966	3571	2742	2725	2894	3377
RIPK4_PKc_E1_110.1	RIPK4	2110	2922	2145	1769	2767	1513
PLK4_PKc_E2_96.3	PLK4	180	766	649	201	679	794
STK33_PKc_E10_76.4	STK33	4193	3383	4499	3001	2576	3953
NEK8_PKc_E3_233.4	NEK8	2828	4877	3929	4371	4338	3878
TNK1_PKc_E7_271.2	TNK1	3554	4293	2571	3006	3126	3541
MAP4K5_PKc_E4_91.1	MAP4K5	3487	3908	4421	4846	4802	4155
MASTL_PKc1_E3_140.4	MASTL	555	348	598	119	642	417
IRAK4_PKc_E6_144	IRAK4	2991	3186	3567	1809	1968	3006
EEF2K_PKc_E4_48	EEF2K	2308	2823	1913	1887	3974	2600
CDK4_PKc_E4_168.12	CDK4	2283	2025	3527	2178	2359	3807
TRPM7_PKc_E37_52.1	TRPM7	4176	3600	3764	4232	1948	3792
TSSK4_PKc_E3_394.12	TSSK4	1261	2264	1636	1407	2398	1638
IRAK4_PKc_E7_65	IRAK4	2698	3422	3692	1957	2827	4136
CDK16_PKc_E6_115.13	CDK16	676	3540	2152	1202	1744	2233
WNK4_PKc_E4_158.14	WNK4	1379	1391	2429	1135	2756	3657
ROCK2_PKc_E5_261.9	ROCK2	2616	2611	2094	2877	2530	1513
ERBB2_PKc_E19_99.8	ERBB2	5287	3847	5456	4572	3446	4623
EPHA4_PKc_E16_150.16	EPHA4	1605	4631	2052	1335	4890	1797
BUB1_PKc_E22_158.8	BUB1	2886	2857	2972	3450	4399	2980
MAP3K5_PKc_E20_135.2	MAP3K5	2768	3324	3718	2850	4738	5084
OBSCN_PKc2_E102_224.21	OBSCN	3434	2054	3594	3066	1564	4384
RPS6KA5_PKc2_E11_134.2	RPS6KA5	2649	1860	2616	1593	1610	2276
PRKACB_PKc_E8_123	PRKACB	2710	3612	3480	2603	4606	4310
RIPK1_PKc_E4_229.14	RIPK1	1425	1596	2589	1081	1416	3557
SLK_PKc_E4_150.6	SLK	1832	2928	2013	2191	4134	2407
IKBKB_PKc_E4_118.23	IKBKB	1841	7142	4433	1502	7696	4081
CDK14_PKc_E6_95.1	CDK14	1986	2067	3514	1959	3304	2958
FER_PKc_E18_155.1	FER	3399	3019	2542	2801	2155	1914
IRAK3_PKc_E6_65	IRAK3	4458	2665	3409	4011	4990	5083
CLK1_PKc_E8_95	CLK1	2633	3810	3332	2735	5441	2447
RPS6KA5_PKc_E3_219.7	RPS6KA5	3242	6022	5251	2201	5342	4394
SGK3_PKc_E11_113.3	SGK3	2545	3375	2952	1373	3190	3135
CDKL5_PKc_E6_121.2	CDKL5	1959	3515	2944	1647	1846	3930
ACVR2A_PKc_E9_139.9	ACVR2A	1326	2380	2548	2496	3449	1898
PAK3_PKc_E10_49	PAK3	3345	3966	3847	2127	1873	4343
MAP4K3_PKc_E4_65.4	MAP4K3	3911	2237	3903	2777	3306	2602
FYN_PKc_E11_77.4	FYN	2811	4244	3644	1677	5319	5081
PDK2_PKc_E5_62.1	PDK2	2182	3585	4694	1319	3237	4186
MAPKAPK2_PKc_E6_76.6	MAPKAPK2	2828	4598	2059	2216	4870	1737
CDK15_PKc_E8_121	CDK15	1703	1816	1720	1916	1381	1855
LMTK3_PKc_E5_42.1	LMTK3	2779	4233	1709	3812	3231	2792
MAPK1_PKc_E5_115	MAPK1	2561	2301	1734	1588	2742	1755
ULK2_PKc_E7_74.2	ULK2	2205	2016	3792	3307	3963	5073
SGK2_PKc_E8_87	SGK2	1654	3120	4698	1845	2082	3509
RAF1_PKc_E10_103.1	RAF1	2804	4095	4430	3319	7172	3568
PSKH2_PKc_E3_108	PSKH2	3606	4758	5115	4046	3773	4696
AURKA_PKc_E7_188.1	AURKA	572	0	281	821	75	36
GCK_PKc_E4_120.4	GCK	4235	5784	3973	3178	7292	4718
CAMKK2_PKc_E4_54	CAMKK2	2735	4156	4932	3274	4863	5601
TNNI3K_PKc_E17_105.2	TNNI3K	3958	2665	5685	3257	3049	6959
MAP3K3_PKc_E17_211.2	MAP3K3	2755	2519	1930	2225	2447	1381
TSSK4_PKc_E1_156.11	TSSK4	3993	2839	3201	2833	2930	2788
MAPK9_PKc_E3_130.3	MAPK9	2054	1322	2060	3075	1763	2513
PRKCD_PKc_E16_139.5	PRKCD	4804	3957	4723	3883	2732	3246
NEK3_PKc_E3_94.5	NEK3	2786	3635	2575	2224	2511	2502
STK32A_PKc_E4_152.7	STK32A	1490	4258	2912	1463	3126	3748
PAK4_PKc_E7_127.12	PAK4	1674	1621	1270	1535	1517	1577
TSSK2_PKc_E1_789.12	TSSK2	2624	2509	3697	2154	2694	2499
TRIO_PKc_E54_50	TRIO	4067	2603	3916	4559	4256	3609
MINK1_PKc_E4_126.7	MINK1	5674	3955	4068	4701	4283	3363
ATM_PKc_E61_64.1	ATM	1902	1609	1392	1111	815	1271
LTK_PKc_E15_98.15	LTK	3905	5401	2645	3264	3282	2079
MAPKAPK3_PKc_E7_80.1	MAPKAPK3	3462	3480	5870	2915	4042	4513
MAPK8_PKc_E3_130.3	MAPK8	2130	3510	1687	2169	2906	2885
MAP2K2_PKc_E3_147.4	MAP2K2	544	864	120	610	755	425
CSNK1G1_PKc_E3_41	CSNK1G1	2653	2565	3496	3204	3912	4688
PDIK1L_PKc_E2_267.24	PDIK1L	2226	3134	5107	1935	2542	6001
PAK1_PKc_E10_113.1	PAK1	4383	3048	3804	3539	3179	4433
ADCK5_PKc_E10_82.1	ADCK5	3579	2198	4365	3241	1819	3129
RAF1_PKc_E13_47	RAF1	4020	3209	3386	3295	4762	2729
EIF2AK4_PKc2_E14_84.1	EIF2AK4	1934	5007	2225	1863	3912	2984
TBCK_PKc_E5_74.2	TBCK	976	1783	1565	1322	3130	1846
ALK_PKc_E24_98.8	ALK	3293	3584	2711	4481	4292	3918
PNCK_PKc_E7_76.11	PNCK	2465	2771	2725	3933	2348	4447
CIT_PKc_E6_143.9	CIT	2847	2460	1336	2908	1296	1189
ZAK_PKc_E8_87.3	ZAK	2045	2469	2356	2117	4200	2072
EPHB3_PKc_E13_150.1	EPHB3	3837	2181	3740	3074	5545	5124
SRPK3_PKc_E7_166.5	SRPK3	3146	3111	1244	2804	3113	2324
STK38_PKc_E7_155.1	STK38	2723	3767	5999	1957	5627	5037
NEK1_PKc_E4_97.3	NEK1	3328	2917	2382	2842	4150	2866
MAP4K5_PKc_E7_48	MAP4K5	2991	2853	2937	3035	3748	3643
EGFR_PKc_E21_156	EGFR	167	2947	480	578	182	1115
NTRK3_PKc_E17_244.33	NTRK3	2673	1830	2816	2700	2220	2002
MAST2_PKc_E19_102.15	MAST2	1039	3079	1932	1103	1714	1772
MAPK13_PKc_E4_109.9	MAPK13	3814	4658	4021	3107	3806	5675
LYN_PKc_E8_76.13	LYN	3220	3379	2977	3387	4206	3259
PIM1_PKc_E6_86.6	PIM1	2660	2591	2565	2233	2217	2784
PAK2_PKc_E12_100	PAK2	3260	2649	5822	3502	3761	5078
FER_PKc_E14_27	FER	2045	3109	2886	3504	4061	2292
ROR1_PKc_E9_849.67	ROR1	1519	1526	1184	1174	1617	1733
SNRK_PKc_E4_142	SNRK	4908	5586	3474	4029	3342	2221
KALRN_PKc_E57_26	KALRN	3234	2959	3190	1905	2775	3554
TRPM6_PKc_E38_88.1	TRPM6	2650	3674	2771	3510	4627	2266
CAMK2G_PKc_E6_73.1	CAMK2G	2972	1177	3069	3053	1642	2022
HIPK3_PKc_E2_512.3	HIPK3	1709	2198	1121	2019	2440	1765
PRKCE_PKc_E12_139.1	PRKCE	3450	3082	4740	2978	3475	6116
DYRK3_PKc_E3_1140.22	DYRK3	4199	1947	2300	3051	1255	2957
CAMKK2_PKc_E7_37.3	CAMKK2	4253	3081	2016	3783	3907	2129
PLK2_PKc_E6_96.4	PLK2	1419	1807	2410	2976	3563	2746
CSF1R_PKc_E17_98.1	CSF1R	2753	2883	2309	3093	2946	2644
MELK_PKc_E6_69	MELK	4332	3216	2506	3673	2199	3686
MAPK7_PKc_E2_88.7	MAPK7	2196	2202	2026	1841	3455	2210
MAST3_PKc_E15_133.2	MAST3	3345	3432	1611	4264	1960	1189
CDK18_PKc_E10_121.12	CDK18	2090	3639	2747	2824	3495	2809
RIOK1_PKc_E8_81.1	RIOK1	0	211	0	136	439	167
EPHB1_PKc_E11_248.3	EPHB1	5981	2743	3502	4264	4385	3736
EPHB2_PKc_E10_43.2	EPHB2	5087	3838	3461	4729	3580	2700
PAK1_PKc_E13_197.8	PAK1	3649	3357	5153	3111	3346	6559
RPS6KA5_PKc2_E13_171.6	RPS6KA5	1216	2696	2667	1994	3398	1843
PRKG1_PKc_E11_140	PRKG1	3655	2082	3485	3216	3367	4360
LRRK2_PKc_E40_191.4	LRRK2	1823	4174	1964	1894	3091	2787
RIPK1_PKc_E1_101.1	RIPK1	2900	3788	2957	3809	5189	2749
MOS_PKc_E1_849.127	MOS	2366	3843	3469	1174	2607	3095
CIT_PKc_E8_204	CIT	2304	1309	2301	2850	1847	2320
NEK5_PKc_E8_87	NEK5	3279	3887	4106	2267	4352	3026
MAP3K13_PKc_E6_159.2	MAP3K13	884	1386	1304	1293	2490	1845
neg27	CONTROL	3794	2783	3533	3057	4129	3930
EPHA8_PKc_E13_210.35	EPHA8	3813	2570	2512	3158	3916	3640
TRPM7_PKc_E35_83	TRPM7	920	501	1281	802	1138	1909
RIPK4_PKc_E6_38	RIPK4	1705	3291	2744	1702	2483	2466
BMPR1B_PKc_E7_187.4	BMPR1B	986	2385	2306	1368	2565	2057
MUSK_PKc_E13_74.3	MUSK	1160	2506	2703	2207	3011	3437
STK11_PKc_E1_146.16	STK11	1026	1560	1233	3093	4793	3216
MYLK4_PKc_E5_94.2	MYLK4	4234	2935	4590	4644	4452	4530
ZAK_PKc_E3_88.1	ZAK	2951	3055	4445	4157	2328	2977
VRK2_PKc_E7_93.1	VRK2	3089	3017	2274	1731	3788	4353
TAOK2_PKc_E5_46	TAOK2	3029	1879	2315	3305	2055	2667
MYLK2_PKc_E9_71.2	MYLK2	1465	1609	2871	2130	1943	3007
GCK_PKc_E2_163.12	GCK	1269	2308	2551	1427	2517	3289
CDC7_PKc_E3_34	CDC7	523	0	433	183	1275	510
CDKL4_PKc_E1_165.9	CDKL4	2644	2273	3349	3739	1759	2172
RPS6KL1_PKc_E7_606.2	RPS6KL1	3217	2771	3548	2813	2510	3402
ACVR2A_PKc_E8_115.6	ACVR2A	3200	1634	1417	2591	2165	2176
PCNA_e3.2	PCNA	71	0	129	202	76	641
CDK9_PKc_E7_192.9	CDK9	1642	3235	4209	2604	4206	4815
FGFR2_PKc_E12_111.5	FGFR2	2655	1079	2236	1840	1237	2055
ADCK4_PKc_E9_82.4	ADCK4	2457	2058	2713	4238	4105	3107
ABL1_PKc_E7_185.15	ABL1	2705	3527	4705	2434	5236	4119
MUSK_PKc_E14_149.4	MUSK	689	2882	2728	1635	1939	2459
SIK2_PKc_E1_81.1	SIK2	2056	2934	3992	3148	3267	3327
CHUK_PKc_E6_90.5	CHUK	2461	3175	2951	4110	2974	2188
EPHB6_PKc_E11_43.3	EPHB6	7303	3656	3021	9068	2687	3488
MAP2K7_PKc_E9_81.3	MAP2K7	2124	1774	2037	3641	1540	1962
LTK_PKc_E16_93.11	LTK	5138	5468	3267	4178	4079	3613
STK10_PKc_E2_165.13	STK10	1473	2582	1773	909	2084	2998
ZAP70_PKc_E9_86.5	ZAP70	2013	923	2651	1379	2414	3539
IRAK1_PKc_E8_119.2	IRAK1	6797	2885	5680	4477	3378	4169
RIPK2_PKc_E2_154.5	RIPK2	1705	1826	2515	1533	1294	2299
MAP2K6_PKc_E5_120.1	MAP2K6	3663	2734	4063	3123	3749	3605
RPS6KB1_PKc_E3_42.1	RPS6KB1	1219	1687	977	1623	2503	1184
EPHA6_PKc_E11_186.1	EPHA6	3241	3078	3735	2325	2873	3080
CDK4_PKc_E5_110.4	CDK4	4713	3060	1917	3732	2658	2196
EIF2AK1_PKc_E8_61.1	EIF2AK1	3683	4236	3576	3579	4042	3033
MERTK_PKc_E15_119.9	MERTK	1400	3160	2018	1248	2044	1172
CSNK1E_PKc_E2_55.4	CSNK1E	1058	2574	2263	1996	1673	2020
TGFBR2_PKc_E8_102.12	TGFBR2	6768	1713	3987	5338	5636	3992
CDKL5_PKc_E3_35	CDKL5	3081	2619	3786	4804	5691	3834
ULK2_PKc_E6_174.7	ULK2	1338	1252	3169	1257	2508	3703
LCK_PKc_E10_77.5	LCK	2417	1924	4321	2383	4061	3442
SGK494_PKc_E6_105.2	SGK494	3259	2424	4499	2172	3497	3200
UHMK1_PKc_E3_192.2	UHMK1	1833	2714	1300	1817	3087	1512
JAK3_PKc2_E18_140.11	JAK3	3591	1472	2038	1979	1570	1836
LIMK1_PKc_E11_60.2	LIMK1	2327	2541	3202	2541	2671	5771
CDK20_PKc_E2_114.2	CDK20	3131	3690	2737	2366	4517	2371
TXK_PKc_E12_65	TXK	2817	2929	1907	1699	2759	1256
JAK2_PKc_E15_128.4	JAK2	4884	3425	2240	3138	2534	3562
FGR_PKc_E10_77.7	FGR	4113	4661	4288	1747	2914	4064
TEX14_PKc_E9_124.2	TEX14	1441	3446	2003	1610	2977	2160
GUCY2D_PKc_E7_63.1	GUCY2D	5398	2408	3891	5472	3237	3497
MARK2_PKc_E2_81.9	MARK2	2601	5004	2013	3935	5754	4031
MAPKAPK3_PKc_E8_124.1	MAPKAPK3	3002	2805	2642	3243	4422	2599
PDPK1_PKc_E2_48.1	PDPK1	1199	3073	3197	2731	2928	2692
MYLK4_PKc_E8_71.4	MYLK4	1939	2137	2687	1240	2558	2631
STK35_PKc_E3_695.12	STK35	6886	4437	3430	4577	2966	5782
NTRK2_PKc_E17_123.4	NTRK2	3561	3378	2540	2478	2368	3438
MELK_PKc_E3_86	MELK	2263	4195	2446	2470	2933	3244
PHKG1_PKc_E3_179.3	PHKG1	3945	1737	2949	3250	3222	3183
TSSK4_PKc_E4_75.6	TSSK4	3347	2562	2366	3644	3666	2202
SRPK3_PKc_E9_133.19	SRPK3	4142	6543	1949	1422	2200	3247
FGFR2_PKc_E10_74.6	FGFR2	3135	2092	2273	4054	1019	2348
MKNK2_PKc_E9_56.2	MKNK2	4283	2875	1423	2054	2343	1835
CDKL5_PKc_E7_60	CDKL5	2466	4484	3357	3184	2965	2839
CDK20_PKc_E5_63.6	CDK20	4314	2304	1841	2721	2223	3044
SCYL2_PKc_E3_158.2	SCYL2	1556	3365	1608	1357	2083	1528
DDR1_PKc_E16_150.1	DDR1	1678	998	3025	2589	1482	2812
SBK1_PKc_E4_522.11	SBK1	1265	2456	2073	947	3137	2259
CDC42BPG_PKc_E3_84.3	CDC42BPG	2041	1845	1861	1662	2607	2219
PINK1_PKc_E3_101.11	PINK1	2864	2073	2714	2412	3493	3814
CSF1R_PKc_E15_163.13	CSF1R	3619	2067	2409	2490	3389	5387
MAPKAPK2_PKc_E5_127.3	MAPKAPK2	2662	4396	2492	2475	4784	2211
EPHB4_PKc_E11_43.2	EPHB4	3467	2744	2046	2010	1987	2502
PLK1_PKc_E3_145.19	PLK1	623	1503	688	488	1166	480
AKT2_PKc_E8_69.8	AKT2	6070	3290	1770	2687	2415	2649
KDR_PKc_E18_105.7	KDR	4357	1215	2585	2804	852	1865
neg04	CONTROL	2573	4751	2046	1981	2387	3744
neg40	CONTROL	4086	3219	3748	1736	2515	3445
SMG1_PKc_E42_249.7	SMG1	440	673	135	330	237	342
TTN_PKc_E358_736.3	TTN	2182	2484	3255	3574	4046	1859
RIPK1_PKc_E3_138.6	RIPK1	1159	2389	1483	1885	2303	2208
PDGFRA_PKc_E14_111.9	PDGFRA	2000	3427	4964	1775	2744	3825
ACVR1B_PKc_E7_157.5	ACVR1B	1351	1240	1991	983	2346	1399
DDR2_PKc_E16_192.4	DDR2	2754	1652	1645	2887	2705	2164
CAMK2G_PKc_E4_55.3	CAMK2G	1348	3214	2707	1621	2358	1461
MARK1_PKc_E2_81.6	MARK1	1458	2462	4847	3201	2077	4156
ROCK1_PKc_E1_90.5	ROCK1	4049	2648	2061	3289	4080	2277
MYLK2_PKc_E10_129.17	MYLK2	1958	2121	2516	1226	1639	3652
GCK_PKc_E7_184.12	GCK	2263	2849	1917	2115	3165	2484
VRK2_PKc_E10_59.1	VRK2	2258	2447	2966	1397	3338	2822
RIPK1_PKc_E1_101.8	RIPK1	3070	2987	3205	2891	1630	3006
CDK3_PKc_E2_116.4	CDK3	1386	872	1158	949	1906	825
GCK_PKc_E3_155.17	GCK	3311	4375	3649	2470	2899	3634
CAMKK1_PKc_E9_89.4	CAMKK1	3063	1763	3689	2399	2721	4390
PKN1_PKc_E18_77.6	PKN1	2610	1803	3168	3065	1621	2689
NEK5_PKc_E5_98	NEK5	1474	1960	1126	1922	1701	1906
AK3_PKc_E2_120.3	AK3	1959	1822	1617	2376	2546	2425
PRKCI_PKc_E9_177.5	PRKCI	2570	3398	1718	2228	1835	1573
KIAA1804_PKc_E4_68.2	KIAA1804	1938	3883	3520	1943	3905	3263
RPL9_e3.2	RPL9	422	1524	1111	217	1149	1072
TTK_PKc_E19_177.8	TTK	454	357	426	652	942	399
DYRK4_PKc_E6_141.7	DYRK4	2891	2497	2503	3670	2212	3971
TYK2_PKc_E16_136.3	TYK2	3487	2783	1309	3307	1878	2687
CAMK2A_PKc_E4_55.3	CAMK2A	3356	3036	4399	2087	2777	4851
RPS6KA3_PKc_E3_42.4	RPS6KA3	5761	4300	3895	5647	2636	4508
PRKCE_PKc_E9_42.1	PRKCE	3286	3074	2002	2816	2510	2960
CDC42BPA_PKc_E6_94.3	CDC42BPA	2709	3508	3111	1422	2958	3828
MAPK6_PKc_E5_200.9	MAPK6	2873	3885	2504	2167	3488	2522
ABL1_PKc_E5_85	ABL1	1886	1944	1100	2087	2222	1760
TESK2_PKc_E6_83.2	TESK2	1980	2460	3835	2632	3341	3990
PLK1_PKc_E4_94.3	PLK1	798	1883	1886	1176	679	1509
neg45	CONTROL	1740	2233	1790	2738	3793	2020
ERBB4_PKc_E21_156.2	ERBB4	2169	2798	2019	3153	2280	2300
MAP4K1_PKc_E1_54.5	MAP4K1	1827	3557	2428	1844	2405	2752
KSR1_PKc_E21_111.4	KSR1	1543	2017	3607	1700	2915	4431
RIOK3_PKc_E7_128.4	RIOK3	1834	2342	1101	1435	1953	1005
CIT_PKc_E7_94	CIT	1060	1024	2017	1059	757	1573
MKNK1_PKc_E6_74.1	MKNK1	2569	2499	3538	2013	2585	3932
SIK2_PKc_E3_64.2	SIK2	3048	2999	2415	2782	2987	2411
JAK1_PKc_E15_128.13	JAK1	2759	2864	2464	2862	4185	3155
EIF2AK1_PKc_E9_328.3	EIF2AK1	3260	2725	2457	4862	3245	3704
NEK3_PKc_E7_87.6	NEK3	1563	2551	1757	1830	1664	2276
CLK1_PKc_E9_130.1	CLK1	3099	1436	3720	2249	1784	3349
IRAK1_PKc_E6_65.2	IRAK1	1997	2056	1510	1060	1844	2011
CDK20_PKc_E4_122.2	CDK20	1726	2394	2426	3008	3461	3278
ULK3_PKc_E1_63.4	ULK3	3102	2799	1854	2407	2030	1950
PSKH2_PKc_E3_108.12	PSKH2	4521	4055	1559	2692	3004	2408
PRKAA1_PKc_E1_58.5	PRKAA1	1457	642	2345	874	2065	2943
RPS6KB2_PKc_E3_42	RPS6KB2	3281	1446	2749	3540	1786	3870
SMG1_PKc_E41_230.18	SMG1	158	500	1102	148	1446	675
MAP2K7_PKc_E5_114.12	MAP2K7	2065	765	1483	828	928	2101
LRRK2_PKc_E41_161.2	LRRK2	2776	3660	2567	2607	3069	2420
ROS1_PKc_E39_98	ROS1	1449	2096	2192	1638	2246	2139
MAP2K1_PKc_E7_202.7	MAP2K1	2116	2285	2002	1530	1467	1806
NTRK1_PKc_E13_123.9	NTRK1	1312	2127	1705	1511	1202	1200
PAK7_PKc_E9_126.4	PAK7	1640	3829	1983	1964	3961	3081
STK38_PKc_E6_124.9	STK38	1034	3701	3093	1355	4153	3284
CLK3_PKc_E4_43.1	CLK3	1352	4071	4162	2580	4224	3767
MAP4K1_PKc_E4_65.2	MAP4K1	1530	1782	2673	1364	793	1632
TYK2_PKc2_E21_119.1	TYK2	3137	1933	4494	3152	2014	4009
OXSR1_PKc_E7_102.3	OXSR1	2291	2195	1944	1793	4054	2669
NRK_PKc_E8_131.1	NRK	2680	1999	1129	1824	2004	1192
GSK3B_PKc_E7_98.9	GSK3B	733	749	1582	1016	542	1919
MAK_PKc_E2_92.4	MAK	2101	2202	1855	1900	2666	2613
CDK11A_PKc_E13_122.13	CDK11A	1745	3596	2301	1800	2779	2404
SRC_PKc_E13_132.14	SRC	3746	1289	2055	3084	601	2826
KALRN_PKc_E58_201	KALRN	2200	2146	2411	3720	2703	1667
NEK4_PKc_E5_117.1	NEK4	3199	5421	2317	2824	2819	1569
neg19	CONTROL	3735	1993	2843	3781	2126	3748
MARK1_PKc_E6_71.2	MARK1	692	1982	1143	941	2162	962
MAP4K4_PKc_E1_36	MAP4K4	3800	3053	6221	3127	2596	5598
EPHB3_PKc_E11_248.16	EPHB3	2281	2490	1644	2098	3027	1705
TSSK6_PKc_E1_771.44	TSSK6	2506	2403	3054	2393	4112	2352
MAPK3_PKc_E5_115	MAPK3	1819	2276	2367	764	2639	2318
MAP4K3_PKc_E5_56	MAP4K3	1842	2639	2952	2802	2709	2824
PRKDC_PKc_E79_221.1	PRKDC	1007	323	436	621	476	764
JAK2_PKc_E17_152.15	JAK2	1595	1836	2963	1685	2781	2782
NRBP1_PKc_E2_33.1	NRBP1	0	598	565	627	824	733
MAPK1_PKc_E2_183.3	MAPK1	1676	1544	1793	812	1329	3159
MAP3K1_PKc_E15_96.4	MAP3K1	2509	4533	2035	2623	3249	2643
PAK7_PKc_E7_134.9	PAK7	3237	2013	3015	3088	2554	3432
PRKY_PKc_E2_169.9	PRKY	3658	4021	2501	2354	2924	3041
RPS6KB1_PKc_E8_91.1	RPS6KB1	1182	462	817	950	824	721
FES_PKc_E13_27	FES	3424	1971	1908	2103	1897	2408
CLK4_PKc_E7_167.8	CLK4	4880	2883	1457	4257	2217	1950
ZAP70_PKc_E12_141.17	ZAP70	2311	1078	2818	1501	2698	3056
PRPF4B_PKc_E9_119.4	PRPF4B	1900	918	1098	2029	499	2417
ICK_PKc_E7_133.9	ICK	2037	4049	1604	2508	3013	1480
CDK12_PKc_E4_94.7	CDK12	305	665	761	518	427	612
PRKY_PKc_E2_169.3	PRKY	4647	4197	5208	1881	4155	5203
SCYL2_PKc_E2_84	SCYL2	1360	3486	1523	1337	1802	1946
MAP2K3_PKc_E8_128.12	MAP2K3	2241	1973	3438	1198	1671	2232
OBSCN_PKc2_E101_240.9	OBSCN	1494	2617	1809	1000	953	2326
PHKG1_PKc_E5_96.16	PHKG1	2282	3468	2302	2842	3453	1313
DYRK1A_PKc_E9_213.21	DYRK1A	1438	928	1104	405	867	864
MAP3K5_PKc_E16_128.5	MAP3K5	1940	2680	1538	2192	4783	3070
CDK6_PKc_E7_136.3	CDK6	2681	2605	3466	2229	2451	4294
PRKCD_PKc_E17_189.1	PRKCD	2767	2150	2315	2485	2350	2061
CASK_PKc_E5_73	CASK	3210	3525	4101	3018	4456	2680
STK33_PKc_E8_89	STK33	4262	3379	3914	2405	3762	4013
KSR2_PKc_E16_134.1	KSR2	1903	2285	2400	2102	3322	3088
DCLK1_PKc_E10_120.4	DCLK1	596	1471	2438	1374	1759	2301
PAK4_PKc_E6_134.18	PAK4	2842	445	2662	3192	1484	2775
MOK_PKc_E2_113.1	MOK	3137	3509	2300	2816	3001	1288
INSRR_PKc_E20_130.3	INSRR	1242	1211	1603	1225	2118	1386
FLT3_PKc_E18_83.1	FLT3	2259	1999	3204	1574	2339	2254
STK25_PKc_E7_186.24	STK25	3588	3197	3553	3494	3437	3475
LIMK2_PKc_E8_87.3	LIMK2	3432	1693	4411	1477	992	3782
PASK_PKc_E16_134.9	PASK	2293	3124	4158	2874	3147	3592
IRAK4_PKc_E9_110	IRAK4	1914	3633	2477	540	2460	3170
ROR1_PKc_E9_849.29	ROR1	1850	3076	3667	2621	2804	2974
SBK3_PKc_E3_203.12	SBK3	1126	3829	3247	2430	1961	3574
CAMK1_PKc_E6_127.1	CAMK1	5354	2223	2567	4461	1138	1609
IKBKB_PKc_E7_90.7	IKBKB	2888	2456	3306	2564	3146	2937
TBCK_PKc_E7_61.1	TBCK	4386	1745	2001	2456	1430	1736
CDKL3_PKc_E4_179.6	CDKL3	715	2879	1334	898	2930	1686
RPS6KA3_PKc_E4_82.4	RPS6KA3	1650	2225	1559	1424	2684	1965
PKN3_PKc_E19_143.19	PKN3	3143	1590	3503	3135	1809	3334
STK3_PKc_E7_165.7	STK3	3504	2558	976	1808	1867	2532
PRKCZ_PKc_E10_98.3	PRKCZ	2860	3384	1607	2996	1948	2215
PKN2_PKc_E16_177.5	PKN2	169	280	292	416	154	693
neg30	CONTROL	5003	2902	2957	3455	2675	4574
FRK_PKc_E8_176.6	FRK	2287	1269	4410	2740	2474	4382
CDK3_PKc_E4_121	CDK3	908	2760	1428	1812	2065	2489
MAP3K5_PKc_E19_158.19	MAP3K5	2900	2533	2650	3293	2124	3052
LMTK3_PKc_E7_88.3	LMTK3	1712	1764	2023	726	2269	2276
MAST1_PKc_E13_139.1	MAST1	2293	1348	2536	2476	2914	3651
RPS6KB1_PKc_E9_91.7	RPS6KB1	1226	518	1050	1105	894	1503
TNIK_PKc_E3_57.2	TNIK	784	3411	1729	1484	3757	3973
CDC7_PKc_E4_136.1	CDC7	556	196	716	602	310	435
CDKL3_PKc_E2_162.7	CDKL3	6403	3326	2176	4338	3142	3137
NTRK2_PKc_E21_174.13	NTRK2	1539	2292	3076	1710	2662	2841
PRPF4B_PKc_E10_138.1	PRPF4B	0	240	353	0	37	266
MAPK12_PKc_E4_112.3	MAPK12	2698	1997	3373	1885	1903	3758
EIF2AK4_PKc2_E16_105.6	EIF2AK4	1200	2705	5314	4937	3203	3795
MAP2K4_PKc_E8_78	MAP2K4	2781	2875	2503	4506	5754	2860
CDK10_PKc_E4_103.11	CDK10	2138	1584	1536	1299	1553	3845
PIM3_PKc_E4_370.28	PIM3	1611	2736	1621	2545	2909	1532
STK38_PKc_E4_48.2	STK38	2979	4156	3324	2733	6520	3566
CDK2_PKc_E5_102.12	CDK2	215	123	271	129	2	465
PRKAA1_PKc_E5_145.2	PRKAA1	4336	3786	2562	2329	2584	3303
PRKCB_PKc_E9_45.1	PRKCB	2402	4272	3321	1930	3365	2535
ILK_PKc_E12_131.6	ILK	1131	717	420	253	195	142
PAK1_PKc_E9_49	PAK1	2594	1940	3116	2876	3239	3279
NPR2_PKc_E14_156.4	NPR2	1531	2233	2509	3426	2515	2120
CDC42BPG_PKc_E4_96.3	CDC42BPG	2094	2103	1522	1744	1801	1107
EIF2AK4_PKc_E8_123.3	EIF2AK4	2886	2210	2227	2932	3013	2091
SRPK3_PKc_E3_98.1	SRPK3	3231	1869	4230	2154	2431	2854
NEK8_PKc_E1_41.4	NEK8	1556	2051	2892	897	2904	2362
HIPK2_PKc_E6_177.13	HIPK2	2620	2875	1533	2369	2381	2502
PRKCA_PKc_E13_139.7	PRKCA	3770	4520	2238	2455	2291	3882
RPS6KA1_PKc_E6_80.9	RPS6KA1	1503	1574	1172	1054	847	1016
MAPK7_PKc_E4_754.43	MAPK7	3814	4207	2588	2843	4805	2743
CAMK4_PKc_E6_91.4	CAMK4	2217	2728	2261	1452	2971	2272
SGK3_PKc_E10_132.1	SGK3	3224	3235	2850	1851	1412	3730
SCYL3_PKc_E4_114.1	SCYL3	2766	2781	2397	2367	3420	3179
TESK2_PKc_E8_84.3	TESK2	1564	2645	1615	1027	1223	1041
PLK4_PKc_E3_96.6	PLK4	1790	3036	4724	1170	1664	2970
KSR2_PKc_E19_90.3	KSR2	2321	2213	4445	2874	1999	3670
JAK3_PKc2_E23_111.18	JAK3	3240	2798	3647	3127	909	3974
EPHA5_PKc_E15_150.7	EPHA5	1651	3121	2323	2359	3134	3827
CAMKK2_PKc_E3_36	CAMKK2	2451	1620	2020	1859	2630	2901
ADRBK2_PKc_E11_131.8	ADRBK2	1640	1922	2322	1633	2663	3179
RYK_PKc_E9_87.1	RYK	1575	3548	3704	2799	3069	4176
CSNK1A1_PKc_E2_107.7	CSNK1A1	1173	318	565	1493	632	1662
TYK2_PKc_E13_186.34	TYK2	3167	2573	1865	1740	1808	1960
AK2_PKc_E6_159	AK2	1676	2345	1817	2792	1450	1471
RPS6KA1_PKc_E5_81	RPS6KA1	1578	2129	4209	1027	2501	3090
NEK11_PKc_E7_127.7	NEK11	1115	807	2277	1325	1513	1282
PRKACA_PKc_E7_96.1	PRKACA	1412	3305	1348	1143	2020	1281
OXSR1_PKc_E2_113.8	OXSR1	3057	1956	3699	3392	2709	3652
EGFR_PKc_E18_75.5	EGFR	0	377	55	443	0	140
CDK4_PKc_E2_206.14	CDK4	2139	1555	2137	2532	1456	2837
TGFBR2_PKc_E7_128.5	TGFBR2	2404	2625	3879	3202	2119	3379
TRPM6_PKc_E35_83.1	TRPM6	1960	1236	3491	1258	2676	4012
STK17B_PKc_E4_145.4	STK17B	3171	3073	2712	3158	2781	3847
MAP4K4_PKc_E6_91.2	MAP4K4	2330	1887	2855	3314	2650	3123
EPHB1_PKc_E14_150.11	EPHB1	1300	2791	1748	1277	2300	1438
PSKH1_PKc_E2_672.3	PSKH1	1992	1726	2713	2279	2534	2707
NRK_PKc_E2_66.2	NRK	2907	2687	2567	3516	2925	3091
PDK2_PKc_E1_34.4	PDK2	1273	4040	1477	1908	2539	2431
PAK3_PKc_E12_118.1	PAK3	4290	3775	2005	2196	3099	2782
RPS6KA5_PKc2_E12_94.4	RPS6KA5	967	1997	1964	1088	1872	1870
CDK11A_PKc_E18_149.14	CDK11A	2668	3261	3042	2735	3336	2802
TXK_PKc_E13_119.8	TXK	2547	2600	3812	2455	1546	3263
TBCK_PKc_E4_115.7	TBCK	1756	2413	2728	1652	3834	2553
PNCK_PKc_E6_124.8	PNCK	2058	2350	4006	1934	2329	2553
CAMK1D_PKc_E2_132.3	CAMK1D	3957	3431	1605	4372	3620	2897
MYO3B_PKc_E5_100.7	MYO3B	2656	3611	5244	2747	5079	4091
PRKCB_PKc_E7_135.4	PRKCB	967	1491	570	900	702	587
MUSK_PKc_E15_647.2	MUSK	2455	2983	2310	1063	3124	1770
CDK9_PKc_E6_149.13	CDK9	420	46	641	184	397	442
RPS6KA3_PKc2_E16_90.2	RPS6KA3	1903	1589	1849	1003	1569	1732
STK32B_PKc_E8_117.15	STK32B	1708	3382	2302	2026	3489	2395
EPHB1_PKc_E10_43.1	EPHB1	2723	3014	2379	2330	1780	2611
NLK_PKc_E7_102.5	NLK	2006	1509	2226	2414	2264	1577
AKT1_PKc_E9_126.3	AKT1	941	2382	876	809	1813	1146
RPS6KA4_PKc2_E10_129.2	RPS6KA4	3226	5066	2348	3251	3969	1717
AKT3_PKc_E7_69.7	AKT3	3288	2861	4207	2293	1917	3188
PTK7_PKc_E18_152.4	PTK7	2767	425	2523	2392	3453	2129
PLK3_PKc_E4_130.12	PLK3	1164	1834	2644	1630	2053	2017
ROR2_PKc_E9_852.88	ROR2	2645	3142	1929	1580	1896	3014
TRPM7_PKc_E36_206.12	TRPM7	1013	1094	1271	1012	2335	2993
WNK2_PKc_E3_221.1	WNK2	1623	1177	3903	1898	2604	3408
DMPK_PKc_E5_94.11	DMPK	3199	3936	2400	1952	4898	2312
ADCK4_PKc_E13_66.2	ADCK4	3250	3705	3207	3127	2394	3393
BMPR2_PKc_E7_115.6	BMPR2	2213	1929	2243	2026	1585	2881
RNASEL_PKc_E4_195.22	RNASEL	1031	1254	2829	1759	1653	3455
ACVR1B_PKc_E4_193.4	ACVR1B	954	2150	1385	1939	2004	1441
SPEG_PKc2_E30_1975.217	SPEG	3909	2766	4349	3782	3680	4303
TAOK2_PKc_E7_114.8	TAOK2	1001	2125	1331	1664	2216	2253
CAMKK1_PKc_E7_37	CAMKK1	2761	2072	3330	2122	4147	5587
TTBK1_PKc_E3_148.2	TTBK1	1172	2937	1892	1127	1499	1742
FER_PKc_E16_95.3	FER	3281	1684	1935	2977	1707	1469
TXK_PKc_E10_161.16	TXK	1161	2607	2165	1017	2901	2996
MAST1_PKc_E15_166.27	MAST1	1028	3314	2993	2401	2222	1654
FES_PKc_E14_119.13	FES	2448	2531	999	878	2503	1815
TRIO_PKc_E56_139.3	TRIO	3479	1687	2875	2838	1907	2876
STK31_PKc_E21_150.8	STK31	1152	1328	1923	1398	1734	1977
PRKAA1_PKc_E3_94.7	PRKAA1	2306	1090	3935	1394	2914	3349
FYN_PKc_E12_154.5	FYN	2568	2011	2583	1045	2589	3916
OBSCN_PKc_E87_61.1	OBSCN	2763	1970	2949	3025	3727	2412
BUB1B_PKc_E20_143.5	BUB1B	454	1317	2323	1074	733	1598
PAK3_PKc_E14_197.8	PAK3	1627	2502	1451	686	2445	2401
ATR_PKc_E46_46.1	ATR	663	769	981	1435	945	1430
CAMK1_PKc_E4_75.9	CAMK1	3256	1095	2954	2228	4017	2208
PRKCD_PKc_E15_63	PRKCD	2986	2106	1204	2219	4084	1761
PRKCA_PKc_E9_75.1	PRKCA	3185	1345	2468	2125	1573	3105
PDK3_PKc_E2_142.11	PDK3	2688	4002	1619	1695	2156	2463
ACVR2A_PKc_E10_131.1	ACVR2A	1234	1327	1623	2188	1025	1636
WEE2_PKc_E5_122.8	WEE2	2831	3069	3552	5517	3848	3358
SLK_PKc_E6_195.7	SLK	1024	1770	2529	1119	2059	1887
SYK_PKc_E11_190.1	SYK	1967	3667	3631	1761	1895	3895
TLK1_PKc_E18_136.6	TLK1	3574	1514	2387	1595	1730	2041
PRKY_PKc_E5_96.2	PRKY	1761	2324	1904	1927	3399	2391
EPHA3_PKc_E14_150.14	EPHA3	2377	2428	2971	2413	3052	3235
TRIB3_PKc_E4_361.35	TRIB3	1238	3580	4529	1367	3905	3093
SIK3_PKc_E2_117.3	SIK3	631	2895	1547	1426	3113	1862
MAPK6_PKc_E2_516.1	MAPK6	2581	2595	1782	1433	1878	1404
HIPK4_PKc_E1_435.67	HIPK4	1531	1879	1664	1506	3192	2433
HIPK1_PKc_E2_557.19	HIPK1	802	301	1052	537	1588	1824
RPS6KA4_PKc_E4_116.4	RPS6KA4	1780	1643	2224	1457	2288	2613
TGFBR2_PKc_E6_142.7	TGFBR2	3463	2522	2680	2274	2437	3189
AURKA_PKc_E9_149.6	AURKA	2346	2385	2273	2187	2308	3192
CAMK2B_PKc_E1_32	CAMK2B	1353	2619	1874	1810	2868	2129
RIOK2_PKc_E2_139.6	RIOK2	636	713	1807	826	1259	1169
TRRAP_PKc_E70_204.18	TRRAP	0	0	45	9	0	34
EPHA3_PKc_E11_186.8	EPHA3	1665	1768	1760	2398	1608	2279
MAP3K2_PKc_E12_138.13	MAP3K2	813	2839	2589	1099	2293	1730
FGFR4_PKc_E11_122.18	FGFR4	1643	3513	2478	1877	2475	2285
MAP4K5_PKc_E5_65.2	MAP4K5	1454	3945	2394	1387	1752	1910
MAP2K3_PKc_E7_52	MAP2K3	505	2319	1573	507	2522	2465
TTBK2_PKc_E7_66.3	TTBK2	6293	4629	8175	3423	6660	7639
TAOK1_PKc_E7_114.6	TAOK1	4581	2755	2470	2470	3941	2738
PBK_PKc_E6_130.3	PBK	2281	1769	1650	1644	1486	1768
MET_PKc_E18_110.2	MET	1584	1186	2901	1759	3412	2608
WEE1_PKc_E7_96.4	WEE1	349	498	328	79	1220	31
EGFR_PKc_E20_186.28	EGFR	255	169	791	105	362	332
FLT1_PKc_E22_98	FLT1	1729	1662	1703	2463	2527	2953
ACVR1C_PKc_E7_125.7	ACVR1C	2114	2069	3303	2718	4130	2646
NTRK3_PKc_E18_42.1	NTRK3	2882	1111	1861	2627	1756	1762
PRKCD_PKc_E12_42.4	PRKCD	2336	2879	2752	2642	3154	2869
PRKCH_PKc_E8_42	PRKCH	4539	3836	2619	3739	3782	3179
STK10_PKc_E5_73	STK10	1881	3743	2456	1602	2808	2532
PAK4_PKc_E8_126.5	PAK4	1223	2137	1773	1595	667	2494
PRKCB_PKc_E8_46.2	PRKCB	3823	2377	4861	2624	2175	3513
ANKK1_PKc_E1_113.4	ANKK1	2895	1608	781	2269	1258	1655
NEK1_PKc_E3_111.2	NEK1	1522	1765	2547	1722	2034	2823
EPHA4_PKc_E13_62.3	EPHA4	1102	1026	1208	1307	468	2022
STK32A_PKc_E7_90.4	STK32A	1980	1706	2275	1737	1942	1719
ROCK1_PKc_E2_82	ROCK1	1302	3547	2192	1427	5514	2753
BMPR1A_PKc_E13_99.3	BMPR1A	3360	2171	3459	3158	2406	2088
MAP4K3_PKc_E3_91	MAP4K3	1929	1399	1695	2852	2880	2964
CDK13_PKc_E7_57	CDK13	560	572	786	309	996	686
TESK1_PKc_E5_83	TESK1	3641	2525	3296	2678	4426	4256
SRC_PKc_E9_82.15	SRC	2393	4174	2622	965	3534	2790
RPS6KA2_PKc_E7_38	RPS6KA2	2172	1126	2325	2866	1400	2608
STKLD1_PKc_E2_87	STKLD1	1033	2490	1575	1213	2576	2132
INSRR_PKc_E22_82.7	INSRR	2816	3188	1521	2124	2915	1660
SPEG_PKc1_E22_201.6	SPEG	2791	2099	3251	3280	1809	2075
BMPR1B_PKc_E9_176	BMPR1B	1565	1931	1741	977	1408	1429
MYO3B_PKc_E2_177.13	MYO3B	1361	2123	2507	1416	945	2434
CIT_PKc_E5_102.1	CIT	2243	1619	1734	1658	770	1468
LIMK2_PKc_E11_66.3	LIMK2	2470	2420	1937	1238	2000	1095
TEX14_PKc_E7_149.6	TEX14	2597	1679	4713	2273	1967	3127
FGR_PKc_E12_132.2	FGR	3258	1766	3988	2619	2348	4214
ATM_PKc_E62_36	ATM	672	1568	1083	989	1566	1214
ROR2_PKc_E9_852.54	ROR2	2102	1364	3234	2735	1762	2261
PKN3_PKc_E17_63	PKN3	2419	3143	1612	1111	1712	1858
BUB1_PKc_E20_108.7	BUB1	3043	1053	2416	2064	3982	2476
ADRBK2_PKc_E12_95.1	ADRBK2	4342	2525	3084	3069	2211	2460
TNK2_PKc_E4_81.1	TNK2	1885	2709	3471	868	3998	3642
MAP3K10_PKc_E3_149.5	MAP3K10	2947	2861	2823	3124	5799	3841
STYK1_PKc_E8_209.8	STYK1	1652	1598	1878	1718	1784	1851
PINK1_PKc_E5_164.22	PINK1	2233	3884	3469	1760	2409	2678
MAP2K4_PKc_E4_120.2	MAP2K4	4409	4963	2337	3348	4721	3089
DAPK1_PKc_E6_49.3	DAPK1	1534	1870	1363	1653	2192	874
MAPK15_PKc_E2_99.9	MAPK15	2380	2766	3477	2557	3279	2641
MAP2K6_PKc_E8_128.6	MAP2K6	3398	2523	1126	2062	2289	2898
STK17B_PKc_E3_213.8	STK17B	1304	739	1723	2215	1304	658
GSG2_PKc_E1_1371.55	GSG2	311	173	716	162	643	588
ALK_PKc_E23_130	ALK	1899	3130	3997	2050	3408	3343
SIK2_PKc_E6_124.11	SIK2	3298	1406	2516	3418	2761	2550
ZAK_PKc_E5_66.2	ZAK	2141	2476	2388	2557	2290	3362
CHUK_PKc_E4_70.2	CHUK	2861	2134	1895	2409	2159	2987
RPS6KA1_PKc2_E16_90.1	RPS6KA1	1293	1372	1287	684	1931	773
SBK3_PKc_E2_52.3	SBK3	2539	2316	1750	2886	1510	1539
PDGFRA_PKc_E15_154.7	PDGFRA	2928	3158	2364	1684	2493	2375
MATK_PKc_E12_196.14	MATK	1855	2886	2466	959	1583	2081
CDK17_PKc_E7_115.3	CDK17	2620	2864	2839	2575	2225	2223
CDK10_PKc_E5_82.4	CDK10	312	1205	482	1493	2070	1676
MARK3_PKc_E9_120.4	MARK3	2490	2338	2036	1850	1711	2331
MAK_PKc_E4_122	MAK	4437	2868	3056	3159	3468	3649
SCYL1_PKc_E3_123.21	SCYL1	452	906	581	911	1323	1368
MASTL_PKc1_E6_151.1	MASTL	536	475	1180	386	2172	415
PDGFRA_PKc_E12_124.3	PDGFRA	2784	2129	2969	2282	3504	3790
CDK14_PKc_E5_80.5	CDK14	3305	2103	3064	2032	2066	2774
RNASEL_PKc_E2_358.35	RNASEL	1994	1903	2481	1670	2510	2461
CDKL5_PKc_E4_46	CDKL5	2836	2673	3511	1709	2051	2835
AATK_PKc_E4_36	AATK	1869	2282	2137	1193	1137	1945
EPHA6_PKc_E13_62.4	EPHA6	2210	2392	2899	1425	3003	2118
PAK4_PKc_E9_135.16	PAK4	382	1313	1534	1319	2473	1372
MAPK9_PKc_E5_139.1	MAPK9	3006	1032	2760	2656	1502	3299
RIPK3_PKc_E3_310.3	RIPK3	1881	2625	2615	2000	1850	3281
CDK18_PKc_E9_124.19	CDK18	2200	1665	986	2154	1353	1580
PDGFRB_PKc_E17_119.2	PDGFRB	2791	1993	3455	2284	3773	4214
RPL23A_e2.2	RPL23A	142	231	579	94	470	457
PNCK_PKc_E3_132.27	PNCK	1956	1929	906	1663	1341	1510
CDK12_PKc_E8_102.1	CDK12	79	178	254	171	0	90
ARAF_PKc_E11_177.1	ARAF	1377	2878	2058	1574	2839	2086
neg08	CONTROL	1288	3634	3759	1068	4728	2655
MAPK10_PKc_E9_72	MAPK10	2310	3410	3404	2110	2709	3547
PKMYT1_PKc_E4_494.8	PKMYT1	23	0	107	21	182	123
LMTK2_PKc_E4_42.3	LMTK2	2738	3169	2254	2014	1879	2230
BLK_PKc_E9_180.11	BLK	1457	2824	2269	1657	2212	1696
ULK4_PKc_E3_100.4	ULK4	2418	3418	1880	1947	2103	1833
RET_PKc_E13_108	RET	1850	2646	2562	1648	2426	1618
PKN2_PKc_E14_42	PKN2	1581	2126	1335	1931	2307	2331
NLK_PKc_E2_130.9	NLK	1296	2418	3367	723	2577	3196
EPHB3_PKc_E10_43.2	EPHB3	1225	3813	2010	2170	1706	2010
JAK2_PKc_E16_139.4	JAK2	3066	2552	703	1858	2846	1287
NEK11_PKc_E3_89	NEK11	2034	3832	2427	2038	3972	3500
LATS1_PKc_E8_369.2	LATS1	7632	5593	2667	5214	3516	2989
CDK10_PKc_E2_70.1	CDK10	423	1799	917	1170	896	1343
AKT1_PKc_E5_66.5	AKT1	4499	1962	2630	3560	2483	2733
FGFR3_PKc_E14_123.8	FGFR3	4534	2890	2525	2232	1273	2713
SRMS_PKc_E7_157.14	SRMS	2568	632	1683	3679	2177	2519
MYLK3_PKc_E6_94	MYLK3	3127	3642	5356	1534	3961	3494
MAP2K4_PKc_E6_52	MAP2K4	2240	3833	1254	2344	4504	1367
CDK17_PKc_E6_48.2	CDK17	2515	2886	2707	3352	3146	2557
NEK10_PKc_E24_76.1	NEK10	3210	1952	2939	1940	4885	3499
NEK3_PKc_E5_84.1	NEK3	2797	1304	1349	2316	1626	1438
DCLK2_PKc_E12_134.4	DCLK2	2355	2423	1743	3763	4496	2076
CDK5_PKc_E3_68	CDK5	4878	1889	1870	3236	4889	3302
AKT3_PKc_E5_132.2	AKT3	3365	2946	3177	3376	2461	3743
NEK9_PKc_E3_56	NEK9	2209	1092	1902	1770	2305	1827
JAK3_PKc_E13_85.6	JAK3	2697	5756	2274	1760	6892	3612
LRRK2_PKc_E42_171	LRRK2	1763	1894	1802	3278	1786	1981
CSNK1G1_PKc_E4_70.2	CSNK1G1	1657	3830	2682	1688	5531	2317
MYO3A_PKc_E6_100.4	MYO3A	2158	1978	2558	2192	2705	1282
GSK3A_PKc_E6_107.2	GSK3A	2136	1999	3129	2316	3361	2383
NEK6_PKc_E7_109.4	NEK6	2059	1698	1329	1944	3968	1371
IKBKB_PKc_E3_95.11	IKBKB	1344	3523	2189	1095	3145	1959
CDK11B_PKc_E17_117.11	CDK11B	1577	1059	1392	1754	1543	2242
MASTL_PKc2_E12_128.1	MASTL	2217	2091	2260	1560	2373	2930
GRK4_PKc_E8_141.7	GRK4	2397	3648	2138	2394	4163	3251
BRSK2_PKc_E2_95.4	BRSK2	3522	2484	1407	1840	2676	2243
SCYL3_PKc_E2_141.1	SCYL3	1220	4095	2644	1551	2957	2174
SCYL1_PKc_E2_141.8	SCYL1	1482	1861	2305	679	3239	1039
ADRBK2_PKc_E9_100.2	ADRBK2	1002	1394	1681	892	1801	2071
ROCK1_PKc_E5_176	ROCK1	2357	2274	2182	2063	2577	2522
CSNK1G3_PKc_E7_86.3	CSNK1G3	555	1389	794	1248	1929	982
NRBP1_PKc_E5_90.1	NRBP1	963	2064	2391	882	1644	2466
TAOK3_PKc_E6_46	TAOK3	1598	1690	4350	2212	1755	3002
STK10_PKc_E6_195.19	STK10	1672	2628	1197	1349	2891	1285
RNASEL_PKc_E4_195.14	RNASEL	1947	2901	3649	2546	3058	3019
HIPK1_PKc_E4_120.6	HIPK1	941	2636	2064	685	2701	1579
PRKCB_PKc_E5_55.3	PRKCB	2142	3223	3451	1673	2982	3358
KDR_PKc_E20_89.4	KDR	3603	2820	1155	2958	5070	2119
EPHB4_PKc_E14_150.2	EPHB4	1326	2434	711	2409	1098	1774
CLK3_PKc_E8_95.3	CLK3	1037	3566	3422	1719	3475	3147
CHEK1_PKc_E4_65.6	CHEK1	0	93	153	254	233	307
PRKCI_PKc_E10_98.3	PRKCI	2507	2204	1869	1270	1932	2823
PAK2_PKc_E9_49.2	PAK2	1802	3361	3078	1929	2236	3135
STK24_PKc_E3_57.3	STK24	1698	985	594	1629	553	608
PHKG1_PKc_E2_38.1	PHKG1	1769	4320	5226	2791	3075	4157
RPS6KA1_PKc_E3_42	RPS6KA1	1404	1955	1656	1816	1842	1786
ERBB2_PKc_E23_147.4	ERBB2	897	1233	840	1472	1110	1136
EIF2AK3_PKc_E15_102.3	EIF2AK3	2053	3577	1833	1292	2377	787
MAP4K3_PKc_E1_54	MAP4K3	3500	3770	3323	2217	4193	3846
DAPK3_PKc_E7_153.1	DAPK3	1454	2177	792	2501	1328	681
SBK3_PKc_E2_52.6	SBK3	4020	2164	2330	3569	2924	1751
CSNK1A1_PKc_E6_140.6	CSNK1A1	0	230	86	361	295	96
WEE2_PKc_E7_108.2	WEE2	1877	2453	1177	2135	2441	1882
PRKACA_PKc_E8_123.9	PRKACA	3512	1460	3695	4175	1967	2812
PRKAA1_PKc_E4_45.1	PRKAA1	1551	2291	2141	972	1738	1308
PRKCH_PKc_E12_189.8	PRKCH	1025	1341	3027	646	704	2419
MAPK11_PKc_E5_30	MAPK11	1057	1114	1216	1139	1572	1823
PHKG1_PKc_E4_55	PHKG1	2864	3423	1776	3416	2122	2507
PRKDC_PKc_E83_202.13	PRKDC	173	625	179	326	316	84
HIPK2_PKc_E4_120.8	HIPK2	2343	2613	3401	1497	4633	4322
POLR2A_e2.2	POLR2A	73	315	130	172	872	278
MARK4_PKc_E7_57	MARK4	1623	2655	1043	832	1832	1245
LRRK2_PKc_E43_101	LRRK2	2333	1662	1417	1981	2471	2252
PINK1_PKc_E6_128.9	PINK1	2405	3281	2430	2377	2456	4167
CAMK1_PKc_E7_76.4	CAMK1	2158	1630	1171	2322	2716	1743
ERN1_PKc_E16_100.1	ERN1	1833	1989	2217	2511	2536	1755
MAP4K4_PKc_E4_126.4	MAP4K4	1676	2059	2470	1841	1878	2645
ULK2_PKc_E2_93.1	ULK2	874	1900	1781	1088	1529	1324
EPHA3_PKc_E15_150.1	EPHA3	3439	4218	2770	2058	4333	2721
CDK9_e5.1	CDK9	269	388	401	470	634	652
PRKCZ_PKc_E11_87.3	PRKCZ	3541	2830	2635	3114	341	1791
BTK_PKc_E18_158.4	BTK	4093	2490	3238	2457	2462	2989
TLK2_PKc_E23_144.8	TLK2	999	1529	1087	1209	2897	2352
NPR1_PKc_E9_75.7	NPR1	1587	1209	1866	2203	1359	1690
EPHA6_PKc_E15_150.1	EPHA6	4127	2738	3515	2381	1201	3711
SBK2_PKc_E2_52	SBK2	3881	2436	3195	3302	4197	3630
CDK1_PKc_E4_124.1	CDK1	106	0	260	370	141	558
SIK1_PKc_E5_162.19	SIK1	1824	1948	1696	826	2206	2435
CSNK1A1_PKc_E5_84.1	CSNK1A1	4125	1762	3870	2093	1865	3899
RAF1_PKc_E12_177.12	RAF1	2105	1758	2577	2190	1254	1480
HIPK3_PKc_E3_124.5	HIPK3	1108	1852	438	1320	1284	981
TAOK1_PKc_E3_72.1	TAOK1	2914	2412	2745	3220	3615	3822
HUNK_PKc_E4_136.17	HUNK	2554	1022	2809	2243	1042	2555
MOK_PKc_E4_71	MOK	2951	1808	3237	1762	2286	2721
IRAK4_PKc_E8_115.3	IRAK4	2004	1132	4285	2627	3100	5888
CDK4_PKc_E6_51	CDK4	2030	1142	1022	1460	1401	1894
ULK1_PKc_E6_174.25	ULK1	800	2071	1443	1700	1634	1937
MAP3K14_PKc_E6_114.1	MAP3K14	2418	1357	2397	3192	2443	1969
KIAA1804_PKc_E2_181.17	KIAA1804	409	1186	2038	1038	2556	1318
SGK1_PKc_E9_96.8	SGK1	2631	5342	2146	1949	3977	3634
STK10_PKc_E1_90	STK10	801	1294	3064	1519	2037	4840
PRKG1_PKc_E13_142.5	PRKG1	3019	1312	1336	2563	2511	2583
NEK4_PKc_E1_81.1	NEK4	2291	2006	2388	1299	3503	2161
MAP2K5_PKc_E8_56	MAP2K5	2501	1677	2879	2267	1933	3527
EIF2AK4_PKc_E9_536.1	EIF2AK4	3742	1643	1857	3243	2196	2208
JAK2_PKc_E13_135.1	JAK2	2218	1392	2581	2346	3168	2837
MOS_PKc_E1_849.57	MOS	923	1989	1267	620	1307	1342
PTK2B_PKc_E24_101.9	PTK2B	1513	4840	3722	2719	3486	4452
MAP3K8_PKc_E7_153.15	MAP3K8	2307	2038	1383	1776	3688	2345
EIF2AK4_PKc_E8_123.1	EIF2AK4	1953	1940	2563	1656	2530	2100
VRK3_PKc_E7_67.3	VRK3	2731	2704	4266	2469	3018	2311
PRKD3_PKc_E17_83	PRKD3	1496	1252	2441	2268	1728	3152
STK25_PKc_E5_109.5	STK25	2278	2142	3391	1789	1268	3015
PSKH2_PKc_E2_667.73	PSKH2	877	2222	2007	1572	1444	1676
EPHA5_PKc_E13_62.2	EPHA5	4042	1175	6439	3468	1974	4971
NTRK1_PKc_E17_144	NTRK1	3968	2022	3197	2868	1347	1968
POMK_PKc_E5_705.23	POMK	2338	1915	1714	2289	2842	2230
FLT3_PKc_E15_105.1	FLT3	3029	830	2955	2864	1170	2472
PRKCZ_PKc_E9_171.8	PRKCZ	1691	1688	1666	580	1515	1057
RPS6KA5_PKc_E2_34.2	RPS6KA5	2675	1659	928	1225	1590	1671
NEK5_PKc_E3_111.8	NEK5	3297	3340	2264	3102	2478	1974
CDK3_PKc_E5_171.11	CDK3	3196	1885	4255	4274	2948	4202
MAST4_PKc_E16_139.4	MAST4	1936	2185	1883	1719	1618	1522
HIPK4_PKc_E2_357.2	HIPK4	1584	1799	823	1782	1266	1945
STK40_PKc_E4_144.11	STK40	1192	865	2382	2629	2398	4316
CDK17_PKc_E8_95.2	CDK17	1486	1964	2655	1469	2671	2362
TNK1_PKc_E4_81.3	TNK1	1976	2224	2015	2204	2292	2097
PRKAA2_PKc_E1_58.1	PRKAA2	3270	2218	2748	1975	1790	3056
MAPK12_PKc_E3_59.2	MAPK12	2748	1416	1812	1128	2815	1641
SCYL1_PKc_E6_156.28	SCYL1	2142	2691	2169	1060	1442	2457
PTK7_PKc_E15_40.3	PTK7	1653	1394	2936	1613	2208	2741
ADCK3_PKc_E11_142.6	ADCK3	1154	1712	3235	1274	1548	3031
CDKL2_PKc_E2_165.1	CDKL2	3273	1916	1491	2911	1900	2766
LATS2_PKc_E5_487.68	LATS2	2902	4342	4449	3410	2348	4679
RIPK1_PKc_E2_157.18	RIPK1	2313	757	1905	3243	2407	1770
CLK1_PKc_E5_67	CLK1	1603	2298	2145	1582	2946	1478
STK26_PKc_E7_186.1	STK26	3188	1819	2663	1575	2974	2605
MTOR_PKc_E52_75	MTOR	434	266	415	536	1226	560
DCLK2_PKc_E8_68.1	DCLK2	1680	1288	4014	1757	1373	2445
TRPM6_PKc_E34_228.4	TRPM6	771	3373	2414	1500	1620	2823
AATK_PKc_E6_88.9	AATK	1708	1350	1768	944	2552	2091
LIMK1_PKc_E12_66.1	LIMK1	602	1744	3398	1271	1461	3898
MYO3A_PKc_E8_146.14	MYO3A	1149	2247	1709	1563	2351	1979
MAP2K6_PKc_E6_117.6	MAP2K6	1746	2500	1334	2159	2371	2770
EIF2AK4_PKc_E9_536.41	EIF2AK4	3807	2100	1694	3008	2240	3390
PNCK_PKc_E5_139	PNCK	1535	1439	1248	1924	809	758
PDK1_PKc_E1_34.4	PDK1	1380	691	1702	1057	1279	1686
STK38L_PKc_E4_51.1	STK38L	2467	3218	1629	2233	2563	1929
EPHB4_PKc_E15_150.34	EPHB4	1480	2173	1282	977	680	1361
STK31_PKc_E22_123.5	STK31	1205	2643	1574	918	1625	1173
RPS6KB2_PKc_E6_58	RPS6KB2	3068	4400	1258	2331	3818	2092
RPL9_e3.1	RPL9	298	698	341	189	553	447
CSNK2A2_PKc_E1_41	CSNK2A2	2705	1749	1306	2570	2449	1466
MAPK14_PKc_E1_101.14	MAPK14	1421	2723	1276	997	2585	1018
NEK3_PKc_E3_94.3	NEK3	2310	1460	1647	1149	1672	2705
FGFR4_PKc_E14_123.9	FGFR4	1989	1527	1657	1897	824	2148
LRRK1_PKc_E27_278.2	LRRK1	841	763	1289	1215	1516	1212
ARAF_PKc_E10_152.4	ARAF	2240	2322	2608	2073	3543	3357
SRPK3_PKc_E4_88.4	SRPK3	974	1788	2430	620	1310	2124
CDK7_PKc_E6_111.3	CDK7	1	149	39	188	101	345
LMTK3_PKc_E8_149.33	LMTK3	2395	1189	1402	1650	1546	962
FGFR1_PKc_E11_122.18	FGFR1	2731	1564	778	1505	1890	1514
CDK17_PKc_E10_124.1	CDK17	2691	2928	2287	2165	2050	2483
MAPK3_PKc_E6_132.17	MAPK3	1987	2716	2865	2404	1451	2732
NRBP2_PKc_E6_95.1	NRBP2	2164	3138	1070	2549	2062	1004
PRKG1_PKc_E14_164.6	PRKG1	2065	3444	2311	3153	3771	3435
CDC42BPA_PKc_E1_169.4	CDC42BPA	1986	2033	4417	1618	1908	2347
ZAP70_PKc_E10_207.28	ZAP70	1296	2140	1150	1508	1120	1405
RPS6KA6_PKc_E9_143.7	RPS6KA6	1812	1005	1426	1831	891	1625
NEK11_PKc_E8_150	NEK11	2906	2908	1781	3313	2304	2565
RPS6KL1_PKc_E6_133.12	RPS6KL1	929	844	1172	929	760	1237
TTK_PKc_E16_152	TTK	44	328	170	13	99	361
CLK4_PKc_E5_67	CLK4	1960	4352	2528	4116	3000	2773
STK19_PKc_E3_129.13	STK19	1373	3129	3724	3562	2783	3659
NLK_PKc_E8_87.5	NLK	858	1391	2346	1334	1389	3666
MAP4K4_PKc_E3_57	MAP4K4	2015	4639	4949	2034	2253	5215
GRK6_PKc_E11_90.3	GRK6	775	1688	1950	1244	1860	3390
LATS2_PKc_E8_366.32	LATS2	2240	2268	1012	1763	1297	1151
JAK3_PKc2_E19_190.1	JAK3	1581	3352	1316	1547	4600	1283
ARAF_PKc_E12_47	ARAF	2283	1947	1855	1572	1692	1554
NEK6_PKc_E8_108.8	NEK6	2190	1844	1904	1976	1155	2487
LMTK2_PKc_E9_122.4	LMTK2	1471	2187	1148	1825	963	1374
FES_PKc_E15_95.7	FES	2538	2175	1595	2813	3786	1759
BMP2K_PKc_E4_143.5	BMP2K	2472	1767	1995	1770	908	3515
TSSK6_PKc_E1_771.45	TSSK6	1559	1671	2491	964	1085	2461
RIOK3_PKc_E6_48	RIOK3	1457	2438	2194	1035	4497	2247
ERBB4_PKc_E18_123.8	ERBB4	2016	1122	3862	2434	1952	2906
ADCK5_PKc_E9_84.2	ADCK5	1101	1890	1163	1470	1139	1867
PCNA_e3.1	PCNA	2994	3380	1974	3299	4374	1587
STK11_PKc_E5_137.3	STK11	2931	1555	1036	3255	1910	2759
CHUK_PKc_E2_95.2	CHUK	3340	2297	2795	3434	2108	2837
BMPR1A_PKc_E11_176.4	BMPR1A	1338	2293	2526	1626	2369	2811
RNASEL_PKc_E2_358.13	RNASEL	1933	4357	2503	3466	4213	2305
TESK1_PKc_E4_147.1	TESK1	2987	3209	4001	2660	3959	5449
TESK1_PKc_E2_122.1	TESK1	1819	1588	2438	1285	2504	2943
ALK_PKc_E21_91.12	ALK	2838	2409	1463	1755	2095	1786
CDK6_PKc_E4_168.11	CDK6	2340	2303	1449	1542	3394	1745
MAP4K1_PKc_E3_91.2	MAP4K1	1812	1437	2682	1261	1932	3331
GUCY2F_PKc_E11_150.7	GUCY2F	3247	2245	1719	1947	2400	2335
RPS6KA6_PKc2_E20_118	RPS6KA6	2385	2402	3057	2234	2845	1801
CSNK1D_PKc_E1_55.2	CSNK1D	992	2988	953	1157	1645	1776
SRC_PKc_E10_180.27	SRC	3529	2019	3029	3023	2691	2902
WNK3_PKc_E2_132	WNK3	2122	3381	2203	1449	2101	1678
MAP3K10_PKc_E1_391.74	MAP3K10	1415	2105	2561	782	2291	2281
CSK_PKc_E8_100.1	CSK	2754	1913	939	1450	3862	1312
AK2_PKc_E6_159.16	AK2	2108	2455	3028	2749	4000	2542
MYO3A_PKc_E7_77.9	MYO3A	694	865	1887	856	1129	913
RNASEL_PKc_E3_86.4	RNASEL	449	1207	2045	845	2614	1659
TBK1_PKc_E7_111.1	TBK1	1493	1632	2161	2199	1554	3367
MELK_PKc_E4_117.9	MELK	3202	2927	2576	3348	4114	2254
MAPK9_PKc_E6_166.16	MAPK9	481	2388	1733	955	2439	1766
KIT_PKc_E12_105.6	KIT	1661	2511	1402	2067	1906	2226
JAK1_PKc_E14_88.2	JAK1	2397	2523	3360	1650	3502	2756
SGK494_PKc_E5_70.9	SGK494	454	1319	866	230	1107	1154
RPS6KA6_PKc2_E15_123.7	RPS6KA6	1748	1473	3012	1360	1668	2555
GAK_PKc_E2_62.2	GAK	1207	688	1090	719	1097	838
TAOK3_PKc_E8_114.8	TAOK3	2456	2285	1952	1866	1853	3322
SNRK_PKc_E3_556.41	SNRK	1423	2938	4684	2293	6167	5545
FLT3_PKc_E16_111.8	FLT3	2958	1695	1495	2474	1044	1429
FGFR4_PKc_E15_71.5	FGFR4	2572	2543	2254	1433	3255	2560
PRKDC_PKc_E80_93.5	PRKDC	215	208	1130	148	236	933
NTRK3_PKc_E20_162.26	NTRK3	2474	1055	1130	1479	842	1344
IKBKE_PKc_E6_182.18	IKBKE	4017	2339	1975	2542	2049	2159
PKN1_PKc_E19_143.6	PKN1	892	1583	1787	1410	1418	1917
CSNK1G3_PKc_E2_55.2	CSNK1G3	2955	1715	1593	3677	1868	2361
STK31_PKc_E20_84.3	STK31	4557	1377	2443	3290	2280	4778
NUAK2_PKc_E5_120.3	NUAK2	1922	1711	2501	1525	2549	1981
ROCK1_PKc_E6_85.3	ROCK1	1796	3835	1786	831	3168	1864
MYO3B_PKc_E6_77.5	MYO3B	2541	3087	1523	1861	2708	1723
MELK_PKc_E2_40	MELK	2679	2535	2336	2633	1261	1443
MAST2_PKc_E14_41.1	MAST2	2110	1663	1329	1959	2119	2668
FGFR1_PKc_E12_111.7	FGFR1	1130	1297	1279	608	598	935
PRKACB_PKc_E6_127.6	PRKACB	4614	3919	1929	4439	5934	2441
NEK10_PKc_E20_138.3	NEK10	2102	1215	2441	1804	2059	1887
TAOK1_PKc_E5_46.1	TAOK1	1421	2706	1948	908	3615	1710
RIPK3_PKc_E6_168.22	RIPK3	552	2132	2189	881	1765	2040
PLK1_PKc_E1_276.2	PLK1	1849	1338	1286	897	747	1704
PRKCH_PKc_E11_139.2	PRKCH	2052	1518	3042	1465	1465	2343
SIK1_PKc_E2_81	SIK1	845	3565	2025	857	2773	2406
EIF2AK1_PKc_E6_81.2	EIF2AK1	4327	1188	2887	2591	3686	3055
PRKCE_PKc_E14_147.1	PRKCE	551	2402	1328	816	2106	782
ERBB2_PKc_E21_156.2	ERBB2	377	821	1546	583	93	567
PSKH1_PKc_E3_108.19	PSKH1	2768	2431	1313	1730	1375	1321
MAPK10_PKc_E7_139.9	MAPK10	2725	704	2026	2217	942	1621
ULK3_PKc_E7_114.7	ULK3	2579	2046	2309	2353	1306	1972
ITK_PKc_E14_65	ITK	1376	1744	1315	1505	1777	1663
PDK3_PKc_E1_34.1	PDK3	3296	2867	3210	2017	2790	2592
MASTL_PKc2_E10_114.7	MASTL	388	146	138	403	278	116
TEK_PKc_E18_114.4	TEK	2638	3972	2462	2498	5063	2750
RPA3_e2.1	RPA3	759	1177	1716	1228	755	1753
PRKCB_PKc_E10_174.3	PRKCB	1411	2693	2406	1820	1116	3542
RIOK2_PKc_E4_176.2	RIOK2	1438	686	863	1235	954	996
SNRK_PKc_E5_76.5	SNRK	6106	5837	4719	5656	5521	3605
NEK2_PKc_E2_218.1	NEK2	2200	782	1967	1366	2365	1934
MARK3_PKc_E6_71	MARK3	3172	2056	1840	1300	2103	2700
CDK1_e6.1	CDK1	247	118	419	156	768	319
MAP4K1_PKc_E2_58.4	MAP4K1	2933	2076	3554	4268	3762	3432
MET_PKc_E19_166.6	MET	1231	1196	1765	1609	695	2002
CDKL1_PKc_E2_122	CDKL1	1657	2149	2771	2376	1820	2411
TSSK1B_PKc_E1_789.21	TSSK1B	3485	2612	3670	3125	3488	3266
MERTK_PKc_E12_52	MERTK	932	1848	1170	1422	1033	913
MAP2K6_PKc_E10_140.12	MAP2K6	434	708	1641	868	1555	1012
MAP2K7_PKc_E8_180.14	MAP2K7	1716	1112	974	1538	965	1047
CAMKK1_PKc_E4_54.2	CAMKK1	2811	2712	2156	1147	1002	3245
CLK4_PKc_E8_95.2	CLK4	1836	4131	4110	2403	5247	6647
RPS6KA2_PKc_E3_82.4	RPS6KA2	2415	2562	1988	2142	3215	3226
RPS6KA6_PKc2_E19_77	RPS6KA6	4295	4389	2781	3139	2994	2459
RPS6KA2_PKc_E4_81	RPS6KA2	981	1467	1676	1941	1079	1262
MAP2K3_PKc_E4_96.12	MAP2K3	1776	1775	2015	1394	2116	1815
ADRBK1_PKc_E11_131.9	ADRBK1	961	2794	2845	2362	1654	2263
ABL2_PKc_E9_153.7	ABL2	1989	1997	2443	2360	1931	3804
STK32C_PKc_E5_38	STK32C	2704	2672	2261	1824	2254	4340
PTK2B_PKc_E23_116.1	PTK2B	971	2992	1321	697	3924	1212
FGFR3_PKc_E11_122.16	FGFR3	1659	2770	2365	2178	2907	2118
TSSK3_PKc_E2_650.5	TSSK3	718	2215	1541	876	4198	2223
SMG1_PKc_E40_106.7	SMG1	99	244	0	0	7	205
GUCY2D_PKc_E11_150.8	GUCY2D	2725	1973	1875	3628	943	1433
TRIB3_PKc_E4_361.12	TRIB3	2027	4058	2066	1045	4559	2789
neg36	CONTROL	2768	2329	3018	2150	2263	3133
ATM_PKc_E61_64	ATM	627	650	323	1120	260	177
RIPK3_PKc_E2_101.4	RIPK3	1130	1463	1214	910	2126	1457
MAPKAPK3_PKc_E9_76.1	MAPKAPK3	3779	2453	2449	3432	3405	2908
FLT3_PKc_E14_124.1	FLT3	1737	1653	1746	676	1826	1472
CSNK1D_PKc_E2_111.8	CSNK1D	2222	943	1698	2663	2200	1684
CAMKK1_PKc_E3_30	CAMKK1	3511	4874	1363	2616	3164	3698
ANKK1_PKc_E2_295.2	ANKK1	1931	2091	1470	1905	1443	1121
EPHA10_PKc_E14_150.23	EPHA10	2660	1690	1734	2084	2025	1903
ROCK2_PKc_E1_27.3	ROCK2	1606	1484	1343	1018	2076	1832
NEK7_PKc_E4_63	NEK7	2686	2390	1425	1425	3811	980
PINK1_PKc_E4_183.23	PINK1	4000	1893	1562	2940	1736	2839
STK36_PKc_E7_78.5	STK36	4214	2384	2510	2602	2035	2312
SGK1_PKc_E10_156.8	SGK1	2294	2185	1958	1748	2119	1159
JAK2_PKc2_E23_118.2	JAK2	1828	3233	2899	1333	1834	1445
BRSK1_PKc_E4_141.5	BRSK1	1902	2771	1414	1432	1237	1824
VRK1_PKc_E6_109	VRK1	1225	638	1985	752	580	1522
HUNK_PKc_E5_128.3	HUNK	2158	2594	1395	1906	1843	2061
NPR1_PKc_E14_156.6	NPR1	2061	1096	1619	2253	1862	2287
GAK_PKc_E6_126.13	GAK	346	1933	365	853	920	946
RPS6KA1_PKc_E8_38	RPS6KA1	683	777	2365	1800	1107	3572
MAST4_PKc_E15_209.16	MAST4	1746	1347	2372	475	2458	2161
MAP2K5_PKc_E12_62	MAP2K5	2138	1895	1500	1036	1228	2147
DCLK3_PKc_E5_86.5	DCLK3	1325	1598	3351	1429	2173	2634
NTRK3_PKc_E19_159	NTRK3	2666	2337	2639	3458	1591	2539
KSR1_PKc_E17_97	KSR1	1360	1630	2613	1534	1254	1912
NEK1_PKc_E5_98	NEK1	998	1075	2444	842	1365	1943
IRAK2_PKc_E10_63.2	IRAK2	2206	1715	1339	1242	856	1307
CSNK1E_PKc_E4_149.4	CSNK1E	811	1410	616	1392	695	877
ADCK1_PKc_E8_150.18	ADCK1	1385	1054	1513	1668	1759	1951
STK35_PKc_E2_292.43	STK35	2711	2615	1877	2257	1500	2303
RPS6KA4_PKc_E5_108.1	RPS6KA4	1388	3150	1446	1786	2032	2881
POLR2A_e28.1	POLR2A	347	642	1087	329	701	1290
NEK10_PKc_E22_122.2	NEK10	2618	3727	1516	919	1515	2053
PRKCQ_PKc_E12_174.3	PRKCQ	2003	5683	1921	1757	4826	2553
GSK3B_PKc_E2_132.6	GSK3B	3146	1013	1507	1336	1700	1700
ULK1_PKc_E3_42	ULK1	1458	1794	2609	2458	2162	2493
RPS6KA3_PKc2_E18_162.2	RPS6KA3	1257	1500	1191	2058	1850	1858
MAP2K5_PKc_E10_69	MAP2K5	1395	2662	2132	1651	3565	2723
CDKL4_PKc_E6_83.2	CDKL4	1023	1367	751	703	929	1173
DCLK2_PKc_E9_58.3	DCLK2	4384	2098	1968	2615	2036	1904
TRIO_PKc_E54_50.1	TRIO	3451	2551	2323	4617	3899	2565
FES_PKc_E17_158.5	FES	4769	3738	3479	3519	3671	4084
TYK2_PKc2_E20_193.1	TYK2	1100	838	658	989	1797	680
MST1R_PKc_E18_166.4	MST1R	2174	852	2407	1864	2321	3460
ITK_PKc_E15_119.5	ITK	1579	3328	1736	1521	1568	1689
CSK_PKc_E9_91	CSK	977	1531	1098	1371	1001	1329
AK2_PKc_E6_159.17	AK2	901	1525	798	842	1028	775
SGK3_PKc_E13_87.5	SGK3	2427	789	1172	1617	1323	915
ROCK2_PKc_E2_82.3	ROCK2	2089	1569	2009	1721	1650	2154
SRMS_PKc_E4_121	SRMS	3840	3258	14999	4302	2634	10865
MARK1_PKc_E2_81.5	MARK1	1644	2137	2082	978	2323	3480
STK32A_PKc_E8_98.9	STK32A	4648	2790	1852	3492	3355	3453
NRBP2_PKc_E5_41	NRBP2	1965	1733	576	1280	1208	1217
MOS_PKc_E1_849.9	MOS	2623	1975	1986	1800	1440	1793
GRK6_PKc_E12_209.29	GRK6	1803	2358	2160	1882	1255	2566
MET_PKc_E15_28	MET	3897	3343	2981	3525	3499	2630
TESK2_PKc_E5_147.14	TESK2	2451	1458	2482	1929	1529	3536
RPS6KA2_PKc2_E16_159.19	RPS6KA2	67	1141	699	431	1854	651
PRKCZ_PKc_E12_136.12	PRKCZ	1240	2022	2319	1099	953	1855
CAMK2A_PKc_E3_60	CAMK2A	1218	1520	1529	1240	923	827
SIK1_PKc_E7_124.16	SIK1	2724	528	2042	1264	1640	1151
IRAK3_PKc_E5_96.6	IRAK3	1542	2194	2749	1265	1514	2299
GSG2_PKc_E1_1371.166	GSG2	1967	1424	843	1407	1011	955
ACVR2A_PKc_E7_146.12	ACVR2A	970	1489	1713	1276	1386	2458
RPS6KB2_PKc_E8_91	RPS6KB2	4123	3919	4974	3154	5057	5035
GRK6_PKc_E9_191.22	GRK6	2259	1317	1568	1893	1983	1218
TTBK2_PKc_E8_93.9	TTBK2	6647	3121	3854	4677	5758	3332
KSR2_PKc_E18_130	KSR2	975	2896	1937	950	2762	2688
AXL_PKc_E15_93.5	AXL	4010	3465	4236	5908	3603	3227
ADCK1_PKc_E9_99.4	ADCK1	2014	1198	1349	2393	1021	2109
TAOK3_PKc_E7_97.1	TAOK3	2629	2771	1897	2626	1800	1700
RYK_PKc_E13_160.9	RYK	1362	6238	802	859	6103	1079
STYK1_PKc_E5_103.12	STYK1	1753	1361	2813	1018	1086	2644
GRK6_PKc_E10_38	GRK6	873	1573	695	1956	1045	1619
DYRK3_PKc_E3_1140.128	DYRK3	1045	2311	1133	1192	1341	1407
SBK1_PKc_E3_203.12	SBK1	2032	3548	1696	1174	1562	1633
PDGFRB_PKc_E13_105.1	PDGFRB	2006	1281	1803	2384	1199	1431
EPHA5_PKc_E11_43	EPHA5	1481	2088	2592	1761	4138	3137
DSTYK_PKc_E13_134.19	DSTYK	2432	1626	2509	1042	1619	2998
CDK6_PKc_E6_51.2	CDK6	2493	1914	1995	1045	1950	2725
WNK2_PKc_E6_52	WNK2	1670	1814	895	809	2074	1528
RPS6KA3_PKc2_E19_77.2	RPS6KA3	2204	1720	1554	1985	2251	2067
PTK6_PKc_E7_154.3	PTK6	2017	1588	1681	1176	1019	1484
neg48	CONTROL	1756	3122	1153	2460	1578	2228
CAMKV_PKc_E4_75.2	CAMKV	1180	2782	1185	568	1551	986
MAPK14_PKc_E2_130.3	MAPK14	816	649	680	556	1568	630
TTN_PKc_E358_736.55	TTN	1294	2015	1552	1340	1362	1987
MAST1_PKc_E11_41.1	MAST1	2717	1020	1774	1643	3092	2121
NEK11_PKc_E4_166.8	NEK11	1278	2653	1344	1224	2599	1821
LRRK1_PKc_E28_195.13	LRRK1	2312	4051	3573	1754	3699	3989
ADRBK1_PKc_E13_108.17	ADRBK1	2128	1853	2145	1525	1834	2177
MOK_PKc_E5_79	MOK	1495	2128	1885	967	2246	1390
CSNK1E_PKc_E5_229.35	CSNK1E	2113	574	1266	1257	3393	1046
CDK15_PKc_E4_80.2	CDK15	1152	3611	1328	822	2632	1340
ATM_PKc_E62_36.1	ATM	1251	1729	1198	439	1495	855
PRKCQ_PKc_E11_60.3	PRKCQ	1719	2175	1967	1584	2683	2260
TRIB2_PKc_E3_361.22	TRIB2	2070	961	2109	2149	2106	2378
IKBKE_PKc_E8_111.2	IKBKE	1818	2833	1751	1187	1260	1278
PDK4_PKc_E4_185.8	PDK4	1434	2165	1382	1048	1275	1437
MAPK12_PKc_E5_30	MAPK12	567	1029	1317	207	1950	1765
KDR_PKc_E22_98	KDR	1058	2257	1429	1052	2021	2483
SIK3_PKc_E6_124.11	SIK3	1032	2185	1418	1142	2197	1679
RPS6KA2_PKc2_E18_77.1	RPS6KA2	1765	2001	1095	1225	1555	2727
EPHB6_PKc_E13_174.1	EPHB6	1313	2306	1431	890	1799	1425
SYK_PKc_E10_210.16	SYK	1700	2440	2167	2973	2669	1641
STK35_PKc_E3_695.6	STK35	2059	1626	1710	1921	3611	1918
PTK2B_PKc_E22_101.1	PTK2B	2196	4963	1319	2843	4170	2530
MAP2K2_PKc_E8_65	MAP2K2	1453	1548	1829	969	3059	1985
SBK3_PKc_E4_525.13	SBK3	2290	845	2573	2697	1375	3836
PKN3_PKc_E16_177.26	PKN3	1292	1437	2064	1213	2308	1990
MAP3K12_PKc_E4_192.1	MAP3K12	1956	3564	1787	2114	1464	1977
NUAK2_PKc_E4_66.6	NUAK2	1447	1413	1557	1720	1243	2088
EEF2K_PKc_E7_150.5	EEF2K	4501	3586	1759	5250	2148	2162
DYRK1A_PKc_E4_75.3	DYRK1A	630	1214	924	1452	2018	851
STRADA_PKc_E8_124.12	STRADA	1631	1873	3004	2169	1581	5637
TYRO3_PKc_E12_58.3	TYRO3	1997	4895	1922	1276	5195	2416
TEX14_PKc_E5_32.1	TEX14	1813	3001	1222	1960	1977	1485
NIM1K_PKc_E4_414.1	NIM1K	3375	2739	1878	1992	1887	2041
MAP3K7_PKc_E5_139.1	MAP3K7	1337	1321	2719	1647	1709	2604
BTK_PKc_E15_217.14	BTK	2039	2395	2039	1741	2638	2022
RPS6KA1_PKc2_E19_77	RPS6KA1	1355	1055	2147	2279	1680	3520
NLK_PKc_E9_199.16	NLK	889	1689	1864	1837	2064	2199
CAMK1G_PKc_E10_82.8	CAMK1G	1867	1736	1583	1561	1144	2240
FASTK_PKc_E6_143.9	FASTK	1340	1764	1738	801	2085	1660
DYRK1A_PKc_E5_148	DYRK1A	851	1589	844	712	1726	1005
TBK1_PKc_E3_141	TBK1	1578	1413	2068	903	2062	2240
RPS6KA5_PKc_E7_104	RPS6KA5	1575	1355	1199	1122	1242	1277
TLK1_PKc_E19_112.4	TLK1	1936	2276	2257	1758	2733	1849
RIOK1_PKc_E6_93.2	RIOK1	865	422	242	1381	654	122
LTK_PKc_E14_130.1	LTK	1670	1133	1709	1550	1530	2323
DCLK1_PKc_E13_78.4	DCLK1	1734	1279	2778	2760	1545	3006
DDR2_PKc_E17_235.9	DDR2	1157	1010	2302	1837	790	2092
AKT1_PKc_E10_129.13	AKT1	3012	1589	1642	2083	2122	1729
PTK2B_PKc_E21_85.2	PTK2B	1029	5266	1907	1140	4116	1408
MATK_PKc_E10_85.2	MATK	1996	2524	2526	1731	1219	2306
MAP3K10_PKc_E1_391.2	MAP3K10	2879	2261	4920	3228	1880	3837
ITK_PKc_E17_48.4	ITK	1703	695	2786	2677	1818	2417
CDKL4_PKc_E5_198.19	CDKL4	1745	934	2333	633	1522	1375
HIPK2_PKc_E3_124.7	HIPK2	2739	2478	512	3022	1056	1324
AATK_PKc_E9_122.1	AATK	887	544	650	886	1140	1020
HIPK1_PKc_E2_557.27	HIPK1	1932	2879	1741	2692	2537	1843
FLT1_PKc_E17_34	FLT1	3498	4321	3018	2930	3587	2455
EPHA1_PKc_E11_43.2	EPHA1	1109	1095	1548	795	1496	1967
NTRK1_PKc_E13_123.1	NTRK1	863	941	909	1558	2541	1063
EPHB2_PKc_E11_248.3	EPHB2	1385	2295	2828	876	2438	2136
CSNK1G1_PKc_E2_55.3	CSNK1G1	2090	3832	1561	2144	4389	1914
CDK5_PKc_E6_96.4	CDK5	1229	1690	2747	855	2268	4789
DCLK1_PKc_E12_134.16	DCLK1	385	1385	964	641	609	719
MYLK4_PKc_E4_41	MYLK4	2479	2114	1598	2799	1798	1633
JAK2_PKc2_E20_190.1	JAK2	1773	3825	2287	1269	2537	1341
YES1_PKc_E7_91	YES1	2471	1793	2104	1820	2780	2733
DSTYK_PKc_E11_115.6	DSTYK	1547	3083	2706	1631	4527	2221
TTBK1_PKc_E4_74	TTBK1	868	652	2126	1362	1464	3828
PSKH1_PKc_E2_672.53	PSKH1	1675	3489	3752	2672	2788	2826
HUNK_PKc_E1_90	HUNK	991	2275	2107	1681	2597	1989
NEK1_PKc_E8_87.1	NEK1	885	1532	1534	1739	2516	2567
MAP3K11_PKc_E2_181.2	MAP3K11	2524	706	2820	1695	1360	2054
CDK3_PKc_E6_102	CDK3	3485	1012	1532	4050	2470	2857
CDK11B_PKc_E18_149.2	CDK11B	984	1528	565	847	1105	544
GRK5_PKc_E7_51	GRK5	2959	2384	3620	3382	3050	4308
EPHA8_PKc_E15_150.4	EPHA8	4480	1968	2202	1242	3095	2947
EPHB3_PKc_E10_43.3	EPHB3	1405	4037	3301	1729	3641	3058
WEE2_PKc_E6_147.4	WEE2	2729	3279	2590	2319	4164	4452
STK31_PKc_E22_123.1	STK31	1514	2471	1332	1031	1369	1918
CDK9_e4.2	CDK9	481	571	74	323	747	247
ADCK3_PKc_E9_82.2	ADCK3	925	1420	2694	918	2603	2976
ACVR1B_PKc_E5_123.4	ACVR1B	1529	3886	1899	523	2671	2062
STRADA_PKc_E7_109.6	STRADA	3379	965	2781	3535	2006	2922
STK17B_PKc_E2_53.1	STK17B	1780	2426	1609	1043	2864	1763
AURKC_PKc_E3_191.2	AURKC	1909	2893	2151	1851	1190	1863
OBSCN_PKc_E90_27.0	OBSCN	1201	818	522	1392	423	606
neg35	CONTROL	3163	1527	1313	1952	1954	1625
DMPK_PKc_E2_84.9	DMPK	2031	516	2530	1332	949	1991
CHEK2_PKc_E9_100.2	CHEK2	1483	3265	1317	1280	2347	672
ERN1_PKc_E15_190	ERN1	1925	1451	1934	1709	1615	1467
ROR1_PKc_E9_849.47	ROR1	2041	1502	1637	1177	1443	1249
INSR_PKc_E22_115.16	INSR	2891	950	2329	1638	683	1471
AK2_PKc_E6_159.6	AK2	678	547	867	603	505	985
MAP3K2_PKc_E16_214.1	MAP3K2	1743	2526	1878	1590	1651	1307
BRAF_PKc_E13_177.6	BRAF	2109	1152	687	2248	1518	1444
RPS6KA6_PKc_E6_80	RPS6KA6	3182	1967	2437	3073	2608	2120
neg42	CONTROL	3930	3955	1426	4043	2831	1600
ACVRL1_PKc_E9_131	ACVRL1	2593	2369	2760	2826	1493	3392
MOK_PKc_E7_179.23	MOK	2527	2489	2946	4574	3278	2851
JAK2_PKc_E14_88	JAK2	2467	3702	2460	2611	5487	2077
ERN1_PKc_E14_62	ERN1	1763	1162	906	1312	1084	3198
MAP3K4_PKc_E25_107.6	MAP3K4	1517	1356	1715	1251	1900	2496
MAP3K2_PKc_E13_132.3	MAP3K2	1769	2391	2088	1288	1699	1881
BTK_PKc_E17_119.1	BTK	2494	1612	1310	1380	1245	1444
ROS1_PKc_E40_201.18	ROS1	1368	2035	1813	1605	1818	2328
PRPF4B_PKc_E12_115.3	PRPF4B	539	199	2490	255	611	1802
PTK7_PKc_E15_40.1	PTK7	1541	1440	1577	1583	1785	1741
MAP3K4_PKc_E22_117.4	MAP3K4	1375	2929	1105	1114	3575	1155
HIPK4_PKc_E3_219.28	HIPK4	3521	3098	4259	2453	5705	4134
neg10	CONTROL	2423	2574	3254	2770	2801	2640
MAP3K8_PKc_E4_108.6	MAP3K8	2415	3652	2164	2455	6220	2618
TEX14_PKc_E6_82.5	TEX14	1064	1004	1479	1321	598	756
PLK2_PKc_E4_130.5	PLK2	204	2282	1227	312	2005	1532
RPS6KL1_PKc_E8_90.9	RPS6KL1	886	1756	771	535	622	1088
EIF2AK1_PKc_E7_100.3	EIF2AK1	2220	3256	2629	1278	1624	3751
IKBKB_PKc_E2_63.1	IKBKB	1423	1935	1402	1394	1446	765
MAP3K12_PKc_E3_140.5	MAP3K12	487	886	767	950	1082	744
CASK_PKc_E5_73.1	CASK	1411	869	1833	925	555	871
MASTL_PKc1_E4_89.3	MASTL	1480	1363	2132	1018	1262	1550
LRRK2_PKc_E39_101	LRRK2	2044	1072	1529	2369	2022	906
EIF2AK3_PKc_E14_168.13	EIF2AK3	1313	1923	914	1150	2505	1619
RPS6KA3_PKc2_E15_126.4	RPS6KA3	1640	1643	1877	1395	2190	2918
MKNK1_PKc_E9_56	MKNK1	1422	1204	2014	668	1196	1100
MAPK8_PKc_E6_166.1	MAPK8	731	2043	1126	760	1108	1025
MAP3K11_PKc_E1_403.17	MAP3K11	1269	991	985	930	1829	1642
CAMK2D_PKc_E4_55.2	CAMK2D	1812	2138	1925	2387	2528	1907
MYO3B_PKc_E4_105.6	MYO3B	1017	1824	2547	1226	542	3188
MYLK2_PKc_E5_41.3	MYLK2	1096	2805	2362	1126	1461	1644
TNK1_PKc_E5_156.19	TNK1	2106	2202	2590	1527	2039	2113
RPS6KA4_PKc2_E12_94	RPS6KA4	1336	502	367	648	1044	531
PDPK1_PKc_E2_48.2	PDPK1	3131	1069	1786	1659	1995	1617
neg16	CONTROL	3259	2962	6378	3962	2829	5787
ACVR1_PKc_E11_102.2	ACVR1	1396	1542	2876	1153	1691	2736
PDGFRA_PKc_E13_105.11	PDGFRA	3534	4402	2742	3446	4149	2605
ZAK_PKc_E7_138.15	ZAK	1948	3486	1877	1123	1206	2238
NIM1K_PKc_E3_269.24	NIM1K	2049	1227	579	1019	752	834
MAPKAPK5_PKc_E6_90.2	MAPKAPK5	3864	4017	2215	1803	1926	1795
IRAK2_PKc_E7_115.4	IRAK2	3894	2904	2594	4160	3592	2812
CSNK1G1_PKc_E6_235.8	CSNK1G1	3328	1348	2530	1924	1745	3443
CDK16_PKc_E7_95.4	CDK16	1074	2904	1651	1233	2422	1115
ROCK1_PKc_E4_138.9	ROCK1	2065	1238	1559	2085	2544	1243
PRKG2_PKc_E15_164.13	PRKG2	2098	1938	1671	1065	1612	2618
PIK3R4_PKc_E2_661.16	PIK3R4	0	230	155	125	537	717
TRPM7_PKc_E38_88.3	TRPM7	579	853	1520	934	1112	1584
RIPK1_PKc_E5_150.8	RIPK1	1146	2149	1271	1680	1766	1536
PRKX_PKc_E2_169.1	PRKX	1428	1950	1506	953	1972	3450
PRKX_PKc_E1_52.2	PRKX	1926	1759	2219	1243	4421	2622
MET_PKc_E16_81.3	MET	1010	1610	2173	1467	1254	2438
MASTL_PKc1_E2_138.1	MASTL	20	328	67	0	0	325
CDK11B_PKc_E13_122.7	CDK11B	2249	1569	2225	1731	1869	2069
YES1_PKc_E12_203.2	YES1	2380	906	1095	2024	2032	488
PRKAA2_PKc_E3_94.7	PRKAA2	2311	1651	2775	2184	1958	3457
OBSCN_PKc_E91_153.22	OBSCN	1508	5321	856	1518	2828	1626
TNNI3K_PKc_E16_195.12	TNNI3K	812	2429	2290	2366	4485	2746
SYK_PKc_E13_113.7	SYK	940	2518	1007	1155	2065	1259
MAP2K5_PKc_E11_82	MAP2K5	3157	1025	2479	2259	2864	1665
GUCY2D_PKc_E8_81.5	GUCY2D	1593	939	1418	1572	2254	3414
GRK4_PKc_E7_45.3	GRK4	444	3860	1276	475	2296	906
PSKH1_PKc_E2_672.73	PSKH1	1130	1710	1286	716	1526	1856
FRK_PKc_E7_166.2	FRK	4080	2350	3727	2785	1910	3366
RIOK1_PKc_E7_113.4	RIOK1	3	193	792	323	335	221
INSR_PKc_E17_213.25	INSR	1199	2289	821	365	1355	705
GSK3A_PKc_E7_98.2	GSK3A	1583	1877	1320	1652	1717	1841
CSF1R_PKc_E16_89.3	CSF1R	567	1325	1202	1250	1375	726
CDC42BPB_PKc_E4_96.3	CDC42BPB	1667	1057	2153	1115	718	1941
ACVRL1_PKc_E8_198.28	ACVRL1	650	1224	1073	1041	732	2005
TRIB3_PKc_E3_293.33	TRIB3	2036	1394	2416	1462	1225	2997
ERN1_PKc_E18_148.14	ERN1	1852	3133	1647	1663	1033	2749
TNK2_PKc_E5_153.8	TNK2	1393	2195	611	730	2419	900
EIF2AK1_PKc_E5_72.4	EIF2AK1	1612	1351	2476	1329	1694	3145
ROS1_PKc_E36_108.6	ROS1	1201	2265	1686	1755	895	2304
STK38L_PKc_E6_124.11	STK38L	2161	3417	4249	1867	4444	3001
STK24_PKc_E6_186.15	STK24	1714	943	901	628	1564	730
MAST4_PKc_E19_102.3	MAST4	1074	1769	1713	1778	1942	1978
HIPK1_PKc_E5_87.3	HIPK1	885	2760	1241	1659	2240	1559
SCYL2_PKc_E4_145	SCYL2	1569	3160	1596	2113	1291	1479
PLK3_PKc_E6_96.1	PLK3	1026	1179	2711	1442	1401	3177
MAST2_PKc_E16_139.11	MAST2	2110	1196	1291	2017	964	1305
CSNK1G2_PKc_E2_55.5	CSNK1G2	2095	2032	2128	1842	2381	1688
CDK11B_PKc_E15_122.1	CDK11B	1465	615	810	979	456	1389
CASK_PKc_E6_103.2	CASK	1686	2404	1740	1294	2440	2649
CAMK2A_PKc_E6_73.3	CAMK2A	1697	2464	1313	878	3735	788
BUB1B_PKc_E22_107.9	BUB1B	143	462	58	466	550	185
RPS6KA2_PKc2_E15_90.7	RPS6KA2	1319	2603	983	1079	1763	1677
CSNK2A2_PKc_E3_102.5	CSNK2A2	2591	3236	2902	1641	2957	2971
CAMKK1_PKc_E5_52	CAMKK1	905	1929	1431	1357	2830	2182
RPS6KA3_PKc2_E21_141.1	RPS6KA3	2447	624	2245	2224	631	1754
TSSK1B_PKc_E1_789.59	TSSK1B	1016	2278	1104	249	2230	1649
SIK1_PKc_E3_117.1	SIK1	3035	1253	1470	1903	855	872
RET_PKc_E12_118.2	RET	2949	1255	1675	2729	1435	1350
MAP2K4_PKc_E7_128.3	MAP2K4	1455	2216	1343	1808	1605	2524
EIF2AK4_PKc2_E17_55	EIF2AK4	2338	1986	1364	1309	1546	2027
TRRAP_PKc_E68_218.2	TRRAP	793	2	360	795	222	885
NEK1_PKc_E6_84	NEK1	1189	2685	1242	1376	2636	1184
AK1_PKc_E5_117.13	AK1	1236	1587	1150	1340	1783	1155
RIPK4_PKc_E1_110.8	RIPK4	2307	1993	1575	2558	1580	1574
CDK2_PKc_E2_78.3	CDK2	484	448	225	405	429	126
ERBB4_PKc_E17_54	ERBB4	1924	987	3098	1484	1142	2351
CDK9_PKc_E1_77.4	CDK9	80	485	231	38	199	842
RPS6KA1_PKc_E4_82.9	RPS6KA1	2215	3972	1974	2349	692	2113
MAST1_PKc_E14_133.6	MAST1	1653	779	604	1234	2629	755
EIF2AK3_PKc_E16_63.2	EIF2AK3	2743	2628	2669	2249	1348	1974
ERBB3_PKc_E19_99.4	ERBB3	591	1061	848	634	1076	994
NEK2_PKc_E5_127.4	NEK2	602	1175	335	317	803	620
JAK3_PKc2_E20_125.11	JAK3	2031	805	1581	1526	2950	2778
CLK3_PKc_E6_117	CLK3	1622	2242	1514	1722	3830	2357
PRKCQ_PKc_E14_63.1	PRKCQ	1639	1282	1427	621	1012	1306
NIM1K_PKc_E3_269.33	NIM1K	773	2128	857	1036	1266	476
WNK1_PKc_E1_177.4	WNK1	336	0	607	283	212	855
STK24_PKc_E7_102.2	STK24	1868	963	1720	1211	2472	2269
PKN3_PKc_E18_77.5	PKN3	2998	2578	1477	2552	1789	1041
ATR_PKc_E42_151.4	ATR	122	32	518	347	91	362
PAK7_PKc_E10_135.21	PAK7	2328	1633	824	2167	1396	1634
MAP2K2_PKc_E7_214.15	MAP2K2	680	3959	2201	966	4500	1638
DSTYK_PKc_E9_133	DSTYK	2179	2179	1142	1538	1193	1556
CDK15_PKc_E6_63.4	CDK15	987	1839	1986	1099	2163	2246
IRAK2_PKc_E5_78	IRAK2	3684	2288	3969	2321	2283	2602
EPHA1_PKc_E12_186.1	EPHA1	288	621	965	154	985	518
LIMK1_PKc_E13_157.8	LIMK1	1775	3620	854	2168	2013	1280
INSR_PKc_E21_135.15	INSR	2638	3146	2875	1788	4304	2362
TRRAP_PKc_E72_54.3	TRRAP	484	615	823	635	175	506
DAPK3_PKc_E8_43	DAPK3	1097	2022	1080	920	2658	1468
MASTL_PKc2_E9_142.23	MASTL	1828	1114	1975	471	395	1219
MAPK11_PKc_E3_59	MAPK11	1456	667	780	1910	2611	713
ARAF_PKc_E14_132.7	ARAF	4942	1298	3007	3977	2309	2497
ROR1_PKc_E9_849.12	ROR1	1121	1551	2399	3598	2741	1965
CDK10_PKc_E7_53.1	CDK10	1461	1512	1538	2364	2140	1458
CDK12_PKc_E9_78.1	CDK12	2769	2149	1367	4252	2304	1936
SLK_PKc_E2_165.3	SLK	1416	1736	1269	1951	2103	1627
INSR_PKc_E19_160.7	INSR	933	850	1440	493	379	977
ERBB4_PKc_E22_76.2	ERBB4	849	815	1576	624	1051	2279
CAMK2G_PKc_E5_66.2	CAMK2G	1330	2260	730	1261	2057	680
TTN_PKc_E358_736.25	TTN	1572	2989	1767	1159	2678	3126
PLK3_PKc_E2_108.3	PLK3	4379	3364	1409	2369	1786	3446
CSF1R_PKc_E12_127.12	CSF1R	1875	1658	2056	1745	2160	1522
AXL_PKc_E14_78.7	AXL	3626	2176	1630	1939	2778	3210
VRK2_PKc_E2_91.4	VRK2	402	3254	1579	818	2072	1642
STK33_PKc_E6_105	STK33	1198	3154	3598	1239	2263	2825
CSK_PKc_E7_61.3	CSK	3108	5174	3744	2365	4720	2274
CHUK_PKc_E1_63.6	CHUK	2681	2684	1109	1977	3003	1753
PIM2_PKc_E5_177.23	PIM2	1385	3300	4052	683	2614	4815
CDK9_e5.2	CDK9	271	155	432	512	354	165
CHEK1_PKc_E2_65.4	CHEK1	0	0	453	59	257	57
UHMK1_PKc_E4_95.4	UHMK1	1036	1078	1724	1571	1006	1032
STYK1_PKc_E9_41.1	STYK1	1159	1524	2156	2485	1174	2492
STK26_PKc_E6_158.7	STK26	892	575	2149	1065	935	1568
CAMK2D_PKc_E3_60	CAMK2D	2415	2231	1324	2012	2639	2732
CLK2_PKc_E6_117.1	CLK2	1470	2093	1244	712	1952	824
RIPK2_PKc_E4_158.7	RIPK2	1936	2023	1047	1366	1791	1991
MAP2K1_PKc_E6_125.2	MAP2K1	1794	2460	2382	2441	2081	1530
TYK2_PKc2_E24_111.8	TYK2	1482	4037	549	946	2111	983
PRKD2_PKc_E15_99.1	PRKD2	962	2012	1499	1440	1733	2588
MAP3K12_PKc_E6_159.21	MAP3K12	2382	881	2545	1799	1855	3129
AURKB_PKc_E5_191.1	AURKB	611	378	517	131	203	316
SBK1_PKc_E4_522.84	SBK1	3183	1623	1019	2584	2274	1038
GRK5_PKc_E12_209.8	GRK5	2198	1500	1887	563	1980	1703
CDC42BPB_PKc_E1_169.12	CDC42BPB	1477	2421	2631	1499	3436	4495
CAMK1D_PKc_E5_127.8	CAMK1D	5017	2194	2799	3676	2685	2551
STK33_PKc_E7_139	STK33	953	1463	2531	1950	2444	1772
SCYL2_PKc_E6_222.9	SCYL2	256	1277	804	776	672	1094
neg31	CONTROL	851	1459	1211	694	651	1845
CDK11A_PKc_E15_122.4	CDK11A	1320	1027	851	1608	3044	1238
TSSK3_PKc_E2_650.2	TSSK3	574	904	1103	509	453	973
ITK_PKc_E16_158.15	ITK	3888	1725	1925	1946	747	2037
STK10_PKc_E3_49.5	STK10	2069	1312	1407	1015	1186	1360
PBK_PKc_E8_191	PBK	1472	3172	2577	2064	1632	2044
neg13	CONTROL	1073	1713	1686	1826	1289	1186
MTOR_PKc_E48_148.19	MTOR	318	442	177	274	648	363
CDK3_PKc_E7_204.1	CDK3	982	1498	1399	894	2125	2720
ROCK2_PKc_E4_138	ROCK2	3796	2062	1640	1308	2474	1173
RET_PKc_E16_71	RET	3219	2858	1207	2158	1457	1610
NEK10_PKc_E23_103	NEK10	2032	882	1354	953	1346	618
MAP2K6_PKc_E9_78.5	MAP2K6	1743	3726	1155	1573	2559	1683
CDC42BPB_PKc_E3_84.2	CDC42BPB	4947	2979	2261	4042	3870	3771
EPHB2_PKc_E13_150.22	EPHB2	1984	1155	2015	2016	2155	2060
IRAK3_PKc_E7_115.3	IRAK3	4757	2057	1861	3334	1844	3518
IRAK1_PKc_E9_208.4	IRAK1	1348	1891	2743	1523	1332	2996
TIE1_PKc_E20_41.2	TIE1	924	1252	1308	391	893	1094
NPR2_PKc_E13_160.8	NPR2	1333	2637	2625	2210	4349	2039
TRPM7_PKc_E34_228.12	TRPM7	1319	505	888	932	1246	1073
MAP3K6_PKc_E17_137.9	MAP3K6	1232	2395	1553	1168	2635	2071
EPHB4_PKc_E13_216.23	EPHB4	3101	738	1577	3130	1389	2027
GRK6_PKc_E8_141.5	GRK6	1566	736	1199	1694	1034	1079
CDK1_PKc_E6_164	CDK1	67	8	1178	236	78	1672
CASK_PKc_E8_123.4	CASK	1548	2527	3638	1570	3690	4676
STK32B_PKc_E2_45.2	STK32B	1998	3937	2488	1354	1730	2307
MARK3_PKc_E8_237.3	MARK3	1873	1892	2542	1383	1489	1154
MAPK3_PKc_E2_183	MAPK3	2184	2562	3494	954	3268	2483
PRKD1_PKc_E16_268.7	PRKD1	1360	990	833	1539	975	1240
OXSR1_PKc_E5_56	OXSR1	994	877	1932	792	835	2040
MAPK14_PKc_E4_112.4	MAPK14	1635	2874	1471	2095	1966	1870
KIT_PKc_E14_151.6	KIT	1899	2451	2905	2423	3446	3480
PKN1_PKc_E14_42.4	PKN1	2416	1261	1409	1477	1270	1824
PDK3_PKc_E1_34	PDK3	1779	1303	906	1320	566	792
SPEG_PKc2_E35_168.25	SPEG	1113	3162	2923	899	1898	2345
MAPK6_PKc_E2_516.38	MAPK6	3445	2385	1760	2035	2489	2379
FRK_PKc_E5_159.6	FRK	2043	2128	1035	1540	1937	1949
MAPK15_PKc_E4_91.8	MAPK15	1489	1703	1325	1920	761	1672
JAK1_PKc_E17_152.6	JAK1	537	1111	495	579	938	926
EPHB2_PKc_E14_150.11	EPHB2	2334	1746	2877	1841	1361	2166
ADCK5_PKc_E12_52.5	ADCK5	1783	1353	1310	1008	1085	1933
PDK3_PKc_E3_72.1	PDK3	3067	4100	1724	2248	3748	2029
neg32	CONTROL	1611	2413	2829	1675	2566	2487
RPS6KA4_PKc_E2_34	RPS6KA4	2594	2050	1689	2961	1408	1267
AK1_PKc_E4_164.19	AK1	2918	3252	1989	3696	1039	2192
ADCK5_PKc_E8_132.7	ADCK5	2143	2122	1597	2668	1732	1137
FGFR3_PKc_E12_111.1	FGFR3	2331	2412	1612	1536	1127	2035
NRBP1_PKc_E3_123	NRBP1	846	1178	1438	1180	394	1064
LCK_PKc_E12_132.1	LCK	986	1102	894	671	861	864
MAP3K14_PKc_E8_132.6	MAP3K14	1253	903	1162	621	872	913
SGK494_PKc_E3_84	SGK494	3152	989	2537	1625	1373	2011
TNK1_PKc_E5_156.5	TNK1	1163	1563	1815	888	3129	1618
LATS1_PKc_E7_107.6	LATS1	3163	3135	2084	2452	1346	3546
ACVR1_PKc_E6_40	ACVR1	2098	1681	1661	1514	2253	1326
SGK2_PKc_E4_84.4	SGK2	1777	3277	1399	1232	3183	2044
FYN_PKc_E9_82.12	FYN	2064	1945	3633	2395	3326	2651
TSSK4_PKc_E2_215.28	TSSK4	2339	1933	1696	2533	4473	2206
NTRK1_PKc_E14_173.1	NTRK1	1928	2003	2385	1139	1194	1038
PKN2_PKc_E17_63	PKN2	993	1218	1117	643	1517	511
CHEK1_PKc_E3_224.1	CHEK1	197	386	425	277	424	470
CDK15_PKc_E5_95.2	CDK15	3307	2375	3171	2704	1454	1912
MKNK1_PKc_E7_105.6	MKNK1	1578	2496	1792	1138	1647	1518
CSK_PKc_E12_87	CSK	2976	808	1756	1017	415	2821
EPHA7_PKc_E13_210.13	EPHA7	1034	1453	745	729	1771	1138
NRBP1_PKc_E8_84.1	NRBP1	410	1487	1290	482	2496	1666
TSSK3_PKc_E1_121.13	TSSK3	1217	1645	1077	1001	1532	1210
ERBB2_PKc_E22_76.9	ERBB2	1001	876	318	750	685	467
AKT1_PKc_E8_69.2	AKT1	1441	3790	1818	1851	2957	2123
DYRK2_PKc_E3_1140.32	DYRK2	1422	1074	1193	1253	2044	1113
WNK2_PKc_E2_173.6	WNK2	887	1282	798	845	1303	938
MLKL_PKc_E7_82.3	MLKL	2165	4868	3036	2050	2675	2711
CDK9_e4.1	CDK9	1891	645	318	2262	849	599
EPHA3_PKc_E12_62.2	EPHA3	682	805	1379	769	1914	1532
CSNK1E_PKc_E3_111.11	CSNK1E	1567	1579	1099	1651	1941	1164
RPS6KA1_PKc2_E18_162.1	RPS6KA1	1932	1576	1081	2262	1091	1652
NEK9_PKc_E4_71	NEK9	275	1984	729	685	1613	838
RPS6KA6_PKc_E3_42.4	RPS6KA6	703	1657	710	773	803	1857
CDKL2_PKc_E3_195.7	CDKL2	2134	3549	1644	2467	2348	1569
RPS6KB1_PKc_E4_69	RPS6KB1	2451	2410	2376	1470	1138	3305
NUAK1_PKc_E5_120.6	NUAK1	1257	704	682	782	1157	1099
MKNK2_PKc_E8_105.12	MKNK2	1684	1889	2072	1636	3694	1723
WNK3_PKc_E4_221.16	WNK3	1747	1506	1946	1612	3085	2069
TRIB2_PKc_E3_361.52	TRIB2	903	2383	2150	616	1292	2708
MAPK1_PKc_E1_65.1	MAPK1	1087	834	1742	921	977	963
EEF2K_PKc_E8_133	EEF2K	2145	2201	3146	2115	1392	2308
CDK7_PKc_E5_69.2	CDK7	508	647	97	907	130	344
CDK13_PKc_E8_102.1	CDK13	265	1311	1515	259	1918	1095
PAK1_PKc_E8_53.2	PAK1	1881	1612	1099	1236	1130	1801
OBSCN_PKc_E89_173.11	OBSCN	2441	332	1371	1518	955	2660
RAF1_PKc_E11_85.12	RAF1	1682	1714	1998	2106	1518	1840
FRK_PKc_E6_182.11	FRK	1235	2079	366	1278	1006	654
EEF2K_PKc_E6_172.2	EEF2K	2226	1257	1150	1891	1165	1707
CDKL2_PKc_E4_179.16	CDKL2	1304	2181	1726	1592	2207	1415
IRAK3_PKc_E8_119.1	IRAK3	1089	1285	1609	1711	2495	2238
IGF1R_PKc_E17_111.7	IGF1R	413	850	585	231	487	512
PRKX_PKc_E7_78.2	PRKX	1855	2824	2040	1087	2087	1697
FLT4_PKc_E22_95	FLT4	1840	2752	1665	2317	2340	2319
AK1_PKc_E5_117.2	AK1	1007	1948	858	1570	1699	1419
MAP3K6_PKc_E15_134.22	MAP3K6	1083	1847	881	1590	1311	1542
ATR_PKc_E41_144.3	ATR	128	174	84	87	229	82
SBK2_PKc_E3_203.21	SBK2	907	2939	1419	1192	3426	3306
CSNK1D_PKc_E1_55.3	CSNK1D	1381	1488	1198	717	2191	2090
BRSK1_PKc_E2_95.4	BRSK1	1845	1918	1453	1606	1187	822
PRKG1_PKc_E12_90.2	PRKG1	1682	2410	2756	1682	2100	2737
MARK3_PKc_E2_81.3	MARK3	2912	1947	2055	2972	1026	3457
PHKG2_PKc_E5_66.2	PHKG2	953	1321	555	366	1497	192
PAK1_PKc_E12_100	PAK1	1950	3217	1659	2414	2734	1774
MARK4_PKc_E6_71.4	MARK4	1476	1802	2167	1293	1650	3501
AK2_PKc_E6_159.21	AK2	1514	999	1188	1240	1407	1888
AAK1_PKc_E6_122	AAK1	1836	678	1264	1752	1432	2134
JAK2_PKc2_E24_114.2	JAK2	1048	3254	979	928	1368	973
SRC_PKc_E14_206	SRC	2115	2176	1737	2294	1366	1804
NPR2_PKc_E9_75.6	NPR2	980	1171	1722	1153	1099	2439
VRK3_PKc_E6_65.2	VRK3	1808	3597	1696	1313	2331	1160
SIK2_PKc_E2_117	SIK2	1388	2195	1913	1849	1694	1460
ABL2_PKc_E7_178.9	ABL2	3808	3013	1748	2290	2316	1575
MARK4_PKc_E8_237.22	MARK4	1400	624	1785	1447	1381	2062
CDK1_PKc_E2_37.1	CDK1	3608	2767	1605	2255	1632	1778
FRK_PKc_E4_127.1	FRK	1274	1913	742	595	1217	1190
PTK2_PKc_E16_90.1	PTK2	417	961	683	578	32	222
PAK6_PKc_E6_204.1	PAK6	1162	1285	1603	1473	809	3515
LIMK2_PKc_E10_57.4	LIMK2	2408	934	2453	1651	2299	1726
CDC42BPA_PKc_E4_96	CDC42BPA	1067	1761	2758	993	2126	1536
ERBB3_PKc_E18_75.4	ERBB3	2508	1965	1329	1799	1681	1650
BRSK1_PKc_E3_86	BRSK1	1534	3298	1418	876	2545	2729
MINK1_PKc_E2_66.6	MINK1	1275	1522	511	1482	1475	756
ICK_PKc_E5_122.2	ICK	2702	3597	2558	2078	3014	2829
MAPK11_PKc_E4_112.3	MAPK11	1980	2325	2250	1628	3129	2846
KDR_PKc_E21_154.5	KDR	3315	1035	2387	3514	1617	2180
MATK_PKc_E11_74.3	MATK	1439	844	1153	1301	1089	1053
CDK1_e4.1	CDK1	0	226	10	2	157	44
EIF2AK2_PKc_E11_123.3	EIF2AK2	1786	3241	1626	3200	2054	3219
DYRK4_PKc_E8_82.5	DYRK4	1226	2018	2049	1452	3271	2762
CDC7_PKc_E7_250.6	CDC7	524	124	325	278	320	160
PLK4_PKc_E3_96.2	PLK4	255	866	0	318	453	85
ROS1_PKc_E37_65	ROS1	631	1987	1636	477	775	1928
MAPK6_PKc_E4_165.6	MAPK6	1143	934	2534	1236	591	3038
VRK3_PKc_E8_85.5	VRK3	1813	1058	1690	1507	1489	937
PRKCE_PKc_E11_155.2	PRKCE	1628	575	1791	1913	1257	1344
TAOK2_PKc_E6_97.9	TAOK2	1132	2188	776	878	2072	976
CSNK1G3_PKc_E3_41	CSNK1G3	1890	722	1409	2136	1766	1617
ATM_PKc_E60_115.5	ATM	1048	994	356	774	2044	1185
KSR1_PKc_E19_132.13	KSR1	1627	3303	1751	1365	3913	2273
JAK1_PKc2_E19_95.2	JAK1	766	1296	2528	902	710	2061
CDK16_PKc_E5_36	CDK16	2948	2075	2347	2242	4038	2262
TEC_PKc_E14_217	TEC	1145	1891	1665	1605	1647	1643
MYLK3_PKc_E8_142	MYLK3	806	2869	823	1089	3417	1304
MARK1_PKc_E8_237.15	MARK1	454	1195	1670	827	3103	753
ALK_PKc_E22_65.1	ALK	1448	1255	1083	1651	477	1162
BUB1_PKc_E25_157.4	BUB1	440	772	494	380	367	307
WEE2_PKc_E9_171.7	WEE2	3243	2390	2151	1420	1554	1768
ULK4_PKc_E7_84.1	ULK4	795	2404	1022	744	655	1347
TLK2_PKc_E22_108.1	TLK2	1149	1010	1294	1318	1780	1711
RPA3_e1.1	RPA3	1410	252	91	185	79	137
VRK1_PKc_E7_93	VRK1	183	675	191	221	62	40
PSKH2_PKc_E3_108.5	PSKH2	3331	1649	2324	2555	1644	2093
MAP3K3_PKc_E14_132	MAP3K3	1687	2378	1027	927	1880	1437
MAPKAPK5_PKc_E2_68.2	MAPKAPK5	1640	3001	799	1223	1783	1337
STK32B_PKc_E5_38	STK32B	1084	2452	2843	1041	2009	3035
SPEG_PKc2_E33_168.1	SPEG	1377	2865	1018	1130	2995	1293
neg07	CONTROL	3831	4164	3884	3421	2833	4631
KIAA1804_PKc_E2_181.12	KIAA1804	1856	1023	2569	1224	1625	3473
SMG1_PKc_E44_110.2	SMG1	298	929	246	335	233	321
EPHA5_PKc_E14_210.8	EPHA5	926	3583	1269	1252	1789	869
TXK_PKc_E14_158.4	TXK	1863	1724	646	1228	866	1621
PCNA_e2.2	PCNA	273	0	274	100	0	0
MYLK3_PKc_E10_129.9	MYLK3	2071	536	1036	1678	829	2088
ADCK5_PKc_E11_79.1	ADCK5	565	2370	622	1134	1663	1021
EPHA1_PKc_E15_150.26	EPHA1	2033	2882	1681	1859	2713	2103
RPS6KL1_PKc_E9_83	RPS6KL1	1203	1754	995	1007	586	387
TNK2_PKc_E6_278.3	TNK2	2354	612	1878	1699	2101	1611
EPHB2_PKc_E10_43.1	EPHB2	1419	1695	2276	1251	1464	1622
DAPK3_PKc_E3_361.58	DAPK3	1938	981	1197	1126	688	1187
SBK3_PKc_E4_525.38	SBK3	1594	1977	1330	2154	1034	1460
MAP3K9_PKc_E5_68.2	MAP3K9	1677	925	1155	1169	1322	1963
DAPK3_PKc_E2_44	DAPK3	1325	770	1191	387	1005	799
NRK_PKc_E4_72.4	NRK	3090	2794	2037	1422	1243	900
DDR2_PKc_E19_120.5	DDR2	1883	1232	1714	900	1949	997
PDGFRB_PKc_E12_124.1	PDGFRB	1839	2387	1598	1469	649	2226
PRKCH_PKc_E10_155.8	PRKCH	3624	2729	2932	3709	4607	2588
PIM2_PKc_E2_81	PIM2	2288	1732	1597	1652	2404	2155
CHEK2_PKc_E8_62.1	CHEK2	1537	1226	1139	1487	1715	1203
CDK20_PKc_E1_75.1	CDK20	1267	1739	1849	1379	1119	1472
STK17A_PKc_E2_213.9	STK17A	1664	431	1844	1385	1276	1400
MARK2_PKc_E5_66.1	MARK2	972	1771	445	908	1441	1410
CDKL3_PKc_E3_195.2	CDKL3	953	1072	925	1523	608	1791
BMP2K_PKc_E5_122.2	BMP2K	1197	1742	1697	1011	1950	1189
CLK1_PKc_E6_117.1	CLK1	539	863	569	876	1223	1171
ADRBK2_PKc_E8_92.2	ADRBK2	984	1362	1211	983	882	828
TNIK_PKc_E2_66.8	TNIK	333	447	843	410	531	324
ZAK_PKc_E4_102.3	ZAK	2814	1649	3570	2535	718	2722
TNIK_PKc_E4_126.7	TNIK	2310	3227	2748	1094	3350	2107
STK39_PKc_E4_142	STK39	2342	1273	1032	1570	1051	374
LRRK1_PKc_E25_124.6	LRRK1	2201	2540	1466	1155	1619	1371
STK17B_PKc_E5_127.2	STK17B	1053	913	1716	659	1368	1271
MAP3K14_PKc_E9_105.1	MAP3K14	1006	2575	1138	996	754	1019
MAP3K2_PKc_E12_138.9	MAP3K2	1274	99	1383	1139	795	1125
MINK1_PKc_E5_111.5	MINK1	1304	2527	1756	1261	1826	1468
HIPK4_PKc_E1_435.51	HIPK4	2563	1984	3657	1269	997	4307
PRKAA1_PKc_E2_142.3	PRKAA1	2891	2252	1772	3085	2796	2212
MAP3K13_PKc_E5_159.6	MAP3K13	1049	1240	1421	1348	931	1774
neg21	CONTROL	1913	2184	1980	2937	3139	1872
YES1_PKc_E9_77.4	YES1	2198	924	1655	1992	510	996
DDR2_PKc_E18_150.9	DDR2	624	860	570	702	1048	678
PLK3_PKc_E5_88.1	PLK3	2616	1919	2288	2068	2209	2192
MARK2_PKc_E4_49.1	MARK2	3616	2561	1746	2176	2043	2546
CAMKK2_PKc_E9_89.6	CAMKK2	1764	4937	1214	1232	4919	2081
STK3_PKc_E4_41	STK3	1411	3619	2418	1200	3860	3590
EPHA7_PKc_E15_150.1	EPHA7	3068	1740	2080	3031	1193	3202
STK25_PKc_E3_219	STK25	2192	2194	1503	2044	4837	2129
GCK_PKc_E6_100.5	GCK	6306	624	1224	2667	1411	1757
FGFR2_PKc_E15_71.1	FGFR2	487	1430	712	298	1382	454
ERBB3_PKc_E20_186.13	ERBB3	725	842	977	1112	857	996
PRKD1_PKc_E13_107.1	PRKD1	1100	963	1318	1494	1470	1368
NEK6_PKc_E5_63	NEK6	1687	595	2136	2145	1509	1636
IRAK1_PKc_E10_66.4	IRAK1	939	1069	1552	865	965	3083
HUNK_PKc_E6_86.5	HUNK	1467	2180	2127	921	2391	2020
BLK_PKc_E10_77.4	BLK	2494	1840	2598	1988	2414	2459
OXSR1_PKc_E6_110.9	OXSR1	746	259	757	298	3286	1026
EIF2AK2_PKc_E16_54.1	EIF2AK2	1169	1719	1258	2502	1639	1602
LCK_PKc_E11_154.1	LCK	639	1753	1885	1032	2412	1870
PAK7_PKc_E11_147.8	PAK7	1585	2114	1760	1507	831	2858
MAP2K5_PKc_E13_49	MAP2K5	1959	2267	2232	1602	1304	1478
FGR_PKc_E8_52	FGR	2169	615	2681	1224	2252	2924
PRKD2_PKc_E14_162.19	PRKD2	1515	985	2891	1444	2390	3216
CSNK1D_PKc_E3_149.8	CSNK1D	607	1461	1031	736	759	831
ULK3_PKc_E2_141.11	ULK3	642	2668	716	461	1517	1365
STK35_PKc_E3_695.58	STK35	1047	2421	2210	745	1813	2217
KSR2_PKc_E15_97.1	KSR2	345	888	301	658	1191	590
STK38L_PKc_E9_62	STK38L	1560	2233	2634	1369	2527	2037
FYN_PKc_E14_197.11	FYN	1507	1313	1600	1608	957	1594
AMHR2_PKc_E8_173.31	AMHR2	1603	1223	1095	1199	851	1367
STK17A_PKc_E3_145	STK17A	1055	1311	1068	1959	2443	956
PRKDC_PKc_E81_90.5	PRKDC	776	0	897	460	377	1001
PKN1_PKc_E17_63	PKN1	664	1750	2598	468	1689	2237
MINK1_PKc_E3_57	MINK1	1694	2690	971	751	2761	1192
EPHA6_PKc_E12_126.26	EPHA6	948	1349	439	660	1276	963
MARK3_PKc_E7_57.1	MARK3	1851	1458	739	1169	1804	2124
HCK_PKc_E11_154.1	HCK	1184	1841	2227	961	1718	1626
SGK2_PKc_E5_132.5	SGK2	785	1406	1154	477	492	1290
IKBKE_PKc_E5_130.2	IKBKE	983	2809	1219	529	1523	1587
MARK4_PKc_E3_54.2	MARK4	3434	1170	1034	1729	2132	922
PRKCQ_PKc_E15_139.2	PRKCQ	2648	3542	2470	2597	3331	2841
BMPR2_PKc_E6_231	BMPR2	644	0	592	841	1303	1478
CDKL3_PKc_E7_66.1	CDKL3	1041	2916	1681	1403	1235	1425
HIPK4_PKc_E3_219.24	HIPK4	2987	2769	2407	1649	2631	2336
TIE1_PKc_E15_115.16	TIE1	1494	3158	2099	1594	1069	2674
PRKACG_PKc_E1_948.146	PRKACG	739	1286	1985	1103	1122	1386
PIM3_PKc_E2_81.9	PIM3	1222	2132	1284	1728	1678	1230
AMHR2_PKc_E10_137.5	AMHR2	1108	3858	3075	2085	2422	3233
ULK1_PKc_E7_74.4	ULK1	3195	3035	791	3223	2280	1761
RPS6KB2_PKc_E5_148.5	RPS6KB2	2263	1730	1893	1622	1221	2453
STK24_PKc_E5_158.6	STK24	740	1101	1706	753	1597	1668
LYN_PKc_E9_183.5	LYN	1396	2111	2666	1601	2128	2287
MOK_PKc_E8_102.4	MOK	1701	1775	1288	1723	3438	1387
TYK2_PKc2_E19_42.1	TYK2	2652	2070	2710	1700	2159	3304
STK19_PKc_E4_108.2	STK19	2485	1577	1290	3445	2203	1934
PDK1_PKc_E6_68.2	PDK1	2300	2560	5323	1612	2882	5305
MAP2K6_PKc_E4_96.5	MAP2K6	2292	1872	2535	1894	1693	2875
EPHA10_PKc_E10_46	EPHA10	1518	214	1098	1236	1299	1236
PHKG1_PKc_E6_66.1	PHKG1	2523	2280	1079	2112	869	2092
MAP2K7_PKc_E10_143.8	MAP2K7	924	1181	1351	519	618	844
NEK4_PKc_E3_198.17	NEK4	609	1014	714	454	1211	686
CLK2_PKc_E5_67	CLK2	440	1690	2080	40	1539	1517
TBK1_PKc_E6_161.8	TBK1	1487	583	1077	995	1405	1222
PRKACA_PKc_E3_114.2	PRKACA	1641	2102	1077	1822	1213	1461
PRKD1_PKc_E17_83	PRKD1	2079	918	685	1605	1290	536
DYRK3_PKc_E3_1140.11	DYRK3	3416	3189	2559	1626	1803	2488
CDC7_PKc_E6_143.7	CDC7	105	0	119	215	67	334
DYRK4_PKc_E7_139.3	DYRK4	2072	1597	1023	1064	561	1379
MAP2K2_PKc_E9_62	MAP2K2	1244	1468	1399	671	929	1158
MAP2K2_PKc_E2_108.5	MAP2K2	2898	1666	2104	1340	2537	2225
ADCK4_PKc_E8_141.12	ADCK4	1508	2249	2700	1810	1667	2641
IRAK4_PKc_E10_184.6	IRAK4	983	1916	1923	509	1858	1877
PRKCA_PKc_E10_174.1	PRKCA	2384	1626	1217	1351	2312	1847
BCR_PKc_E1_1278.242	BCR	1209	3309	1266	813	1236	1307
ACVR1C_PKc_E8_131.1	ACVR1C	1414	1191	2030	1003	1809	1969
GSG2_PKc_E1_1371.87	GSG2	396	752	382	136	236	780
PRKACB_PKc_E4_99.2	PRKACB	1832	3539	1640	1640	2954	1486
TEK_PKc_E16_111	TEK	1115	3816	2658	1685	3609	3595
RIPK2_PKc_E1_116.3	RIPK2	887	1370	1073	1002	789	1439
AKT3_PKc_E8_123.3	AKT3	856	2889	1656	1902	1148	1292
AKT1_PKc_E7_66.3	AKT1	2082	2501	1018	1739	1881	1296
ZAP70_PKc_E11_193.18	ZAP70	68	1654	812	502	979	872
TESK1_PKc_E3_49.2	TESK1	1064	760	2824	930	1587	3717
FLT4_PKc_E21_151.21	FLT4	1574	1169	1761	764	2726	1225
CDK4_PKc_E7_136.28	CDK4	744	2461	772	782	2213	919
RPS6KA4_PKc_E3_219.13	RPS6KA4	1512	1712	1296	1354	1680	2393
MAK_PKc_E3_55.1	MAK	2226	3873	2034	1537	1715	1865
SIK3_PKc_E4_162.3	SIK3	3772	440	2842	1771	678	3313
DDR2_PKc_E15_128.5	DDR2	1956	1260	1222	1149	1574	613
ABL1_PKc_E8_153.18	ABL1	724	904	1012	621	1512	1018
VRK3_PKc_E9_106.14	VRK3	921	1169	1683	1129	1719	2028
MYLK4_PKc_E6_110.3	MYLK4	1825	3399	2093	1578	1765	1745
AATK_PKc_E7_134.11	AATK	614	1151	804	383	2296	1615
MTOR_PKc_E49_123.6	MTOR	180	0	70	141	105	212
EPHA3_PKc_E13_210.12	EPHA3	3439	4892	3274	3044	4370	3891
CDK17_PKc_E11_121.4	CDK17	4898	1497	1639	3596	1902	682
TNNI3K_PKc_E19_53	TNNI3K	2089	1774	2006	2314	2105	2078
MAPKAPK3_PKc_E5_140.4	MAPKAPK3	2322	4339	595	1535	2275	870
MAP3K2_PKc_E14_130.2	MAP3K2	2788	2516	1442	1232	1523	1751
LMTK2_PKc_E7_134.1	LMTK2	436	2322	1900	602	2225	1125
WNK3_PKc_E7_52.1	WNK3	1811	1174	1304	1295	1298	1563
LATS1_PKc_E5_487.26	LATS1	1054	1067	1332	1986	2153	1904
PRKCD_PKc_E14_92.12	PRKCD	1066	1685	750	1517	1423	1315
ACVRL1_PKc_E8_198.4	ACVRL1	787	839	1744	1082	1636	1264
WNK1_PKc_E4_158.11	WNK1	66	417	385	326	319	516
FGFR4_PKc_E13_191.1	FGFR4	843	2143	1534	1622	2693	2700
EPHA1_PKc_E14_207.8	EPHA1	2814	1972	2171	2246	1829	2264
CDKL5_PKc_E5_137.5	CDKL5	1874	2480	1804	2014	4891	1852
RAF1_PKc_E14_119.3	RAF1	1939	2050	1860	2023	978	2016
PTK7_PKc_E18_152.17	PTK7	1341	1431	2324	1091	1737	1579
PASK_PKc_E13_126.11	PASK	972	905	2832	1727	1225	2823
AK2_PKc_E6_159.19	AK2	1103	631	993	1837	1594	1099
EIF2AK3_PKc_E12_103.6	EIF2AK3	1067	1240	1114	770	736	1110
DCLK3_PKc_E2_390.6	DCLK3	803	1144	999	848	1330	1438
TEK_PKc_E20_41	TEK	5268	3258	1604	4117	2151	1297
STK36_PKc_E2_81.8	STK36	1006	1667	482	1724	1665	903
MKNK2_PKc_E10_96.5	MKNK2	1697	1932	1207	972	1602	2008
MAST4_PKc_E14_41.1	MAST4	1424	1625	1090	1231	3150	1655
ADCK1_PKc_E7_117.13	ADCK1	767	1865	1265	1284	1183	1920
PRKD3_PKc_E12_64.4	PRKD3	2079	3364	995	1498	2071	1341
ULK2_PKc_E8_102.3	ULK2	1005	1525	1775	1100	1626	1837
RPS6KB1_PKc_E5_148.2	RPS6KB1	202	258	182	569	697	377
INSR_PKc_E18_111.11	INSR	862	496	1008	763	522	1206
DCLK2_PKc_E10_120.6	DCLK2	1757	1474	2120	878	2544	3030
TTK_PKc_E15_158.2	TTK	531	97	1055	320	517	976
PDPK1_PKc_E2_48.4	PDPK1	1498	742	1171	696	1274	1094
MASTL_PKc2_E10_114.6	MASTL	0	36	9	6	233	70
CAMK2B_PKc_E4_55	CAMK2B	2172	806	1755	1717	2891	1837
STK25_PKc_E6_158.1	STK25	527	969	1362	1112	701	1428
CDKL3_PKc_E5_113.2	CDKL3	1417	1026	991	929	1411	1109
CAMK2A_PKc_E2_95	CAMK2A	1930	1699	1342	1795	1579	1966
TTBK2_PKc_E3_148.2	TTBK2	2119	3219	1021	1529	4266	1835
MYO3B_PKc_E3_135.4	MYO3B	1937	3066	2283	1132	1468	1792
LMTK2_PKc_E5_119.2	LMTK2	1111	3170	1708	1668	2186	751
PRKCI_PKc_E15_80	PRKCI	1186	670	975	1385	1523	1098
MAP3K10_PKc_E2_181.22	MAP3K10	852	956	787	1088	1461	1178
LATS2_PKc_E6_183.4	LATS2	934	3147	1478	1572	3565	1976
PTK6_PKc_E8_164.19	PTK6	2871	1763	1054	2540	1455	2142
RPS6KB2_PKc_E7_101	RPS6KB2	4038	1294	1230	3677	2396	1761
PTK6_PKc_E4_121.6	PTK6	615	764	2078	1181	1707	1173
LATS1_PKc_E6_183.19	LATS1	1331	2391	2404	1444	1964	3293
MAST2_PKc_E17_133.14	MAST2	716	904	1062	565	1250	716
MAPKAPK3_PKc_E4_105.8	MAPKAPK3	2187	1146	1947	1385	799	1828
POLR2A_e27.1	POLR2A	440	1067	135	638	395	366
MAP3K14_PKc_E11_151.18	MAP3K14	1867	1449	1822	2048	2509	2048
BUB1_PKc_E21_162.7	BUB1	248	604	312	526	305	354
SGK2_PKc_E6_113.1	SGK2	4217	1733	1166	3430	2891	1202
GRK4_PKc_E9_191.15	GRK4	1022	2614	1269	1061	1390	824
BMP2K_PKc_E3_106.5	BMP2K	712	1002	1617	516	1231	2153
DCLK3_PKc_E3_133.3	DCLK3	2003	3383	1360	1992	1840	1381
EIF2AK3_PKc_E11_123.1	EIF2AK3	1770	2698	2468	1810	3119	2471
CIT_PKc_E9_154.9	CIT	999	1680	1582	1334	1215	1200
POMK_PKc_E4_39	POMK	1585	1194	3022	916	3143	2289
MAP3K7_PKc_E3_66.4	MAP3K7	901	3768	1510	1308	1508	2478
LYN_PKc_E11_154	LYN	3072	1497	1609	2489	1570	1428
TTBK1_PKc_E7_66.4	TTBK1	1914	964	1299	1489	1063	1501
PDPK1_PKc_E2_48.3	PDPK1	593	1408	390	769	923	522
CDK9_PKc_E1_77.1	CDK9	1	0	0	51	0	85
ULK2_PKc_E4_33.1	ULK2	2529	2467	1859	1958	2847	2269
TRIB3_PKc_E4_361.24	TRIB3	1628	2578	908	1760	1664	836
JAK3_PKc_E16_152.11	JAK3	595	743	1731	628	2278	1973
FYN_PKc_E13_132.11	FYN	2690	1757	2466	3998	1682	1577
TIE1_PKc_E18_114.6	TIE1	1649	1780	1336	688	1040	1082
PTK2_PKc_E20_101.3	PTK2	175	301	243	480	1073	173
MAPK12_PKc_E1_95.4	MAPK12	1884	1835	1562	1068	2137	716
ACVR1B_PKc_E10_102.5	ACVR1B	1184	372	401	1542	875	736
neg01	CONTROL	2479	2347	1397	1966	1456	2463
STK25_PKc_E4_57.7	STK25	1516	1357	905	802	2553	2249
EIF2AK2_PKc_E14_129.3	EIF2AK2	1351	1785	687	1836	758	1859
NEK11_PKc_E5_119.7	NEK11	1898	2414	1183	717	1491	1350
SIK1_PKc_E4_64	SIK1	1356	2852	1113	1267	2281	931
CDK12_PKc_E7_57	CDK12	585	3514	931	887	2194	1494
SGK2_PKc_E7_37.1	SGK2	1564	1280	2521	1594	273	2917
SBK2_PKc_E4_531.4	SBK2	1647	750	834	1506	1613	1018
EIF2AK2_PKc_E12_159.6	EIF2AK2	935	1192	1216	991	391	838
CDKL1_PKc_E6_83.1	CDKL1	1263	2140	1317	1413	718	1757
TEX14_PKc_E10_179.19	TEX14	2232	1485	1761	1133	360	1190
PDIK1L_PKc_E3_708.65	PDIK1L	1107	2003	2561	1179	2724	2277
BRSK2_PKc_E3_86.2	BRSK2	1692	1815	1889	2534	882	1575
CAMK2B_PKc_E3_60.2	CAMK2B	336	1921	875	888	2187	735
PLK2_PKc_E1_33	PLK2	2172	1565	1209	1525	659	1188
DYRK1B_PKc_E8_141	DYRK1B	2342	871	958	1756	1424	878
CDK17_PKc_E9_63.2	CDK17	2392	4069	1519	2348	3033	2003
DAPK2_PKc_E2_44.1	DAPK2	1496	1562	1220	866	1170	917
TSSK1B_PKc_E1_789.71	TSSK1B	1093	1737	2487	1807	2485	2643
PRKCG_PKc_E14_139.17	PRKCG	3317	1374	525	2502	1031	798
STKLD1_PKc_E7_116.3	STKLD1	846	202	643	834	239	815
PAK6_PKc_E7_134	PAK6	988	1629	1482	675	2372	688
YES1_PKc_E8_180.6	YES1	1620	1725	1801	2067	1428	2056
PRKCA_PKc_E14_81	PRKCA	1666	1404	1445	1001	1215	1239
DYRK1B_PKc_E5_148.7	DYRK1B	2667	835	2295	1470	1173	1835
CSNK2A2_PKc_E6_84.4	CSNK2A2	1107	1818	2476	838	2060	3175
MAP3K4_PKc_E21_71.2	MAP3K4	799	675	1211	914	1219	588
CLK3_PKc_E5_67.7	CLK3	2120	1146	2156	1483	843	2754
VRK3_PKc_E5_85.7	VRK3	3768	3356	3821	2874	2741	3412
STK39_PKc_E5_56	STK39	2321	1778	1521	1676	1969	743
ATR_PKc_E43_157.9	ATR	14	140	0	105	428	215
TNIK_PKc_E7_131.1	TNIK	1143	747	2941	1145	601	2301
NEK5_PKc_E7_71.2	NEK5	2069	2997	1049	1104	2435	817
GUCY2F_PKc_E8_90	GUCY2F	1032	3089	1264	1540	2163	1179
STK16_PKc_E7_122.16	STK16	3237	1660	1406	4022	2468	1442
PDK4_PKc_E1_34.4	PDK4	868	687	1021	1067	375	1087
TGFBR2_PKc_E6_142.2	TGFBR2	2075	2256	1733	1459	2391	1518
PTK2_PKc_E18_101.4	PTK2	471	104	713	161	127	710
POLR2A_e27.2	POLR2A	1214	749	1659	1533	784	2362
TTN_PKc_E358_736.16	TTN	1021	775	1393	1457	1281	1927
MAP3K6_PKc_E16_128	MAP3K6	2245	1757	1623	1511	1048	1578
CDKL1_PKc_E4_91.3	CDKL1	3223	3755	1818	2302	833	2677
RIOK3_PKc_E9_160.7	RIOK3	1265	1060	2430	519	3043	2264
KDR_PKc_E17_34.1	KDR	2874	1763	1496	1806	1125	1015
BUB1_PKc_E23_172.2	BUB1	64	752	194	350	1302	780
TEC_PKc_E18_60	TEC	6398	2961	2017	5958	3534	1837
CAMK1D_PKc_E4_139.1	CAMK1D	744	1887	2342	678	1908	1419
PHKG2_PKc_E4_55.3	PHKG2	94	857	1777	178	1147	1287
EEF2K_PKc_E5_38.5	EEF2K	2370	1372	806	1847	1988	1945
PRKACA_PKc_E4_99	PRKACA	3938	2501	1448	2814	1198	1446
VRK1_PKc_E2_85.4	VRK1	0	211	31	161	234	160
GRK5_PKc_E9_191	GRK5	1416	3249	1237	1059	1605	1694
TAOK1_PKc_E2_129.8	TAOK1	1908	1508	2555	1230	1610	2588
MINK1_PKc_E6_91.7	MINK1	2215	1885	2674	1567	2084	1624
neg24	CONTROL	1670	2548	2033	1638	1590	2057
FGR_PKc_E13_161.22	FGR	1987	3031	2280	1765	4542	1371
neg11	CONTROL	4201	2656	3995	3545	1046	1969
NEK7_PKc_E7_108.4	NEK7	1959	2688	1150	1609	717	859
MET_PKc_E17_182.12	MET	1477	2268	2176	1746	2545	1673
STK3_PKc_E13_135.6	STK3	852	1852	1692	1699	1611	1925
MST1R_PKc_E15_81.3	MST1R	1026	2225	2316	1261	1356	2302
GSK3A_PKc_E2_132.5	GSK3A	1015	1277	1363	1050	1725	1233
NTRK3_PKc_E15_123	NTRK3	2479	2012	2611	1875	1144	2973
MAPK1_PKc_E3_190.8	MAPK1	896	720	1152	430	829	901
CAMK2D_PKc_E6_73.1	CAMK2D	1124	1562	838	1907	1122	1996
MAP4K3_PKc_E6_48	MAP4K3	517	1612	1290	965	1423	1351
CDK18_PKc_E8_63.3	CDK18	1249	194	1047	1179	723	933
STKLD1_PKc_E4_75.2	STKLD1	1824	2287	2421	1135	2973	1797
FGFR3_PKc_E15_71.4	FGFR3	2774	731	861	853	975	752
MAP2K3_PKc_E9_78.2	MAP2K3	1414	1407	1950	1353	1374	2141
TRIB2_PKc_E2_293.11	TRIB2	745	289	507	1332	1286	1220
NEK6_PKc_E9_95.1	NEK6	1375	1259	762	2183	1097	1128
CDK14_PKc_E9_121.7	CDK14	519	1088	674	175	1563	1147
PHKG1_PKc_E7_164.2	PHKG1	690	2231	1634	953	1569	2338
WNK1_PKc_E3_221.3	WNK1	514	1	853	878	776	564
MAP3K10_PKc_E4_68.8	MAP3K10	2476	1299	2246	1828	632	1479
JAK3_PKc_E15_133.15	JAK3	1383	1256	2167	1429	2610	1716
neg46	CONTROL	947	1901	864	944	2638	1593
STK16_PKc_E5_121	STK16	730	685	816	682	1477	916
CDKL1_PKc_E5_201.9	CDKL1	414	1327	1333	1021	1306	2122
TEC_PKc_E17_158.5	TEC	1187	434	1445	1504	1387	1371
RPS6KA6_PKc_E4_82.2	RPS6KA6	1591	1143	1889	1538	2087	1284
BMPR2_PKc_E10_137.6	BMPR2	1293	524	1131	1847	1394	1098
neg06	CONTROL	2463	3280	1284	2267	3174	2800
MAP4K4_PKc_E2_66.5	MAP4K4	2455	1311	688	2532	1499	960
AATK_PKc_E8_85.7	AATK	1355	998	1009	1228	1262	1501
CDK5_PKc_E5_57.1	CDK5	1864	3425	1834	1582	1992	2493
CDK3_PKc_E3_78.3	CDK3	1993	1255	1322	1433	865	1515
ZAK_PKc_E2_96	ZAK	2001	3002	668	1821	848	677
SCYL3_PKc_E2_141	SCYL3	682	540	1342	543	635	885
MAP3K4_PKc_E26_177.8	MAP3K4	1360	2623	2644	963	1341	2932
MARK2_PKc_E6_71.2	MARK2	1656	2253	1180	599	1309	1927
TESK2_PKc_E3_122	TESK2	576	1152	1136	640	514	1361
MAP2K1_PKc_E10_46.2	MAP2K1	1813	1519	1228	1542	1549	1099
PRKD2_PKc_E12_64	PRKD2	1448	1433	2639	1759	2454	1555
DAPK3_PKc_E5_49	DAPK3	1176	769	314	286	1425	418
IGF1R_PKc_E21_82	IGF1R	1748	569	2178	253	772	1873
CSNK1E_PKc_E6_171.15	CSNK1E	2056	1378	1522	692	1470	2212
WNK4_PKc_E3_221.12	WNK4	1695	2420	2101	1211	1956	1713
RIOK3_PKc_E11_90.4	RIOK3	1216	733	1403	900	1650	1577
DYRK1A_PKc_E7_147.1	DYRK1A	1340	8	434	562	1034	651
PDK2_PKc_E2_142.9	PDK2	3191	1218	3084	2041	951	1294
CIT_PKc_E4_132.1	CIT	581	789	995	712	1250	621
MAPK13_PKc_E5_30	MAPK13	1202	1313	226	1832	559	693
CASK_PKc_E3_106.2	CASK	2416	1499	1389	2650	925	1142
SGK1_PKc_E4_42.1	SGK1	1793	2579	1855	1524	1904	1366
DYRK4_PKc_E5_137	DYRK4	1683	2543	1279	1453	2228	2127
MASTL_PKc2_E9_142.2	MASTL	40	802	778	116	111	619
CDK2_PKc_E6_204.3	CDK2	1339	1571	2743	1340	1181	1837
CDK13_PKc_E9_78.2	CDK13	443	17	1024	369	589	406
CAMK1_PKc_E3_132.17	CAMK1	1088	749	1947	1701	1240	1096
PIM2_PKc_E4_373.24	PIM2	1405	2849	336	1790	1913	1457
PAK4_PKc_E10_153.1	PAK4	802	906	991	823	1136	939
neg18	CONTROL	2614	4227	4229	2771	4452	5120
MASTL_PKc1_E5_107.2	MASTL	1717	499	1377	895	923	1245
KSR1_PKc_E20_136.7	KSR1	474	1518	842	593	2308	960
STK11_PKc_E4_133.16	STK11	1294	317	760	2826	2968	2837
SGK3_PKc_E8_42.2	SGK3	795	1844	655	858	806	1234
NEK9_PKc_E6_132.8	NEK9	2081	1875	1038	1252	1241	1236
RPS6KA3_PKc_E5_81.4	RPS6KA3	3690	2760	1939	1984	3266	1714
STK38L_PKc_E7_155.8	STK38L	1186	2186	1955	1050	1605	2659
MUSK_PKc_E13_74.1	MUSK	502	1456	698	519	489	343
EPHA5_PKc_E16_150	EPHA5	1405	1939	1463	837	1317	1036
BRSK2_PKc_E6_34.3	BRSK2	953	1631	1033	1233	1565	1976
STK11_PKc_E3_90.3	STK11	445	1246	210	927	3604	2547
RPA3_e1.2	RPA3	40	171	96	0	0	41
MKNK2_PKc_E5_98.7	MKNK2	2174	2106	3193	2340	1255	2456
CAMK4_PKc_E2_79.4	CAMK4	3270	1013	867	1708	1354	1341
CHUK_PKc_E3_115	CHUK	882	994	1556	788	1628	985
BLK_PKc_E8_76.7	BLK	1399	1822	1587	1954	1634	1351
AKT2_PKc_E7_66.3	AKT2	707	930	758	1121	343	450
OXSR1_PKc_E4_142.5	OXSR1	2064	1662	1348	1908	457	1343
MAPK10_PKc_E5_130.2	MAPK10	2415	1383	2066	1535	1463	3293
AMHR2_PKc_E6_231.14	AMHR2	305	1549	1204	237	1233	859
SGK1_PKc_E8_124.5	SGK1	1641	308	1800	1852	2767	1571
PKN3_PKc_E20_108.6	PKN3	1670	2072	2230	1993	1362	2104
POLR2D_e2.1	POLR2D	45	678	685	198	930	785
NPR2_PKc_E12_72.1	NPR2	2286	1286	1663	3280	1630	1937
TNK1_PKc_E4_81.5	TNK1	1216	1459	625	1061	3587	1417
MAP4K3_PKc_E2_58	MAP4K3	2083	2816	1512	1529	1159	957
KIT_PKc_E15_92.5	KIT	1873	2270	1210	1811	1172	1692
WEE1_PKc_E9_171.1	WEE1	711	162	154	663	258	300
EIF2AK3_PKc_E13_201.3	EIF2AK3	975	1335	1485	948	969	1633
DCLK3_PKc_E3_133.7	DCLK3	1200	1431	1740	1023	1935	1209
BMP2K_PKc_E1_40.1	BMP2K	829	915	1358	1257	724	2602
TXK_PKc_E15_48.6	TXK	1243	1941	1305	1047	1202	1595
PAK6_PKc_E11_165.9	PAK6	198	563	770	142	473	1607
LATS1_PKc_E5_487.28	LATS1	2928	1093	2810	2927	1944	1889
ILK_PKc_E11_100	ILK	662	744	656	662	837	293
GRK6_PKc_E7_45	GRK6	1049	1362	1180	1215	1222	1629
DCLK2_PKc_E13_78.2	DCLK2	763	835	811	649	1008	331
RIOK1_PKc_E10_138.3	RIOK1	142	292	106	5	94	100
EPHB2_PKc_E12_216.6	EPHB2	493	1294	1104	1208	1907	1197
RYK_PKc_E11_133.6	RYK	1285	1259	1589	3348	1716	844
PHKG2_PKc_E8_154.13	PHKG2	2000	1341	1052	855	1762	1927
PDK4_PKc_E1_34	PDK4	1392	354	1582	1841	505	1829
AK1_PKc_E3_28.1	AK1	1171	1736	1486	1289	1381	1974
ABL1_PKc_E4_120.11	ABL1	1622	1543	2278	706	731	2079
PRKDC_PKc_E84_189.21	PRKDC	547	446	476	562	534	657
LYN_PKc_E12_132.9	LYN	657	527	810	826	1381	842
RIOK2_PKc_E1_45	RIOK2	0	337	526	247	0	376
CSNK2A1_PKc_E10_102.3	CSNK2A1	528	194	378	1538	369	716
AURKA_PKc_E10_175.19	AURKA	540	93	418	581	427	520
MAPK3_PKc_E3_190.9	MAPK3	714	649	938	416	604	1049
STRADA_PKc_E10_105.1	STRADA	1699	1171	504	1739	1196	1113
PLK3_PKc_E1_33	PLK3	1672	3182	2028	1304	2622	1369
IRAK2_PKc_E6_65.2	IRAK2	2328	2426	1582	2277	406	1312
CDC42BPB_PKc_E6_94.2	CDC42BPB	510	980	471	488	1265	365
GSK3A_PKc_E3_84	GSK3A	1618	1006	1248	782	1021	1196
RET_PKc_E15_123.8	RET	1377	1042	1232	509	1210	1210
MATK_PKc_E8_61.3	MATK	1750	969	1412	599	1148	2011
FGFR2_PKc_E13_191.1	FGFR2	950	1026	1593	448	3065	1336
PRKG1_PKc_E15_123.9	PRKG1	1172	1625	649	981	2700	783
JAK3_PKc_E12_132.19	JAK3	1820	2277	1212	1198	2661	883
IRAK3_PKc_E10_63	IRAK3	721	1215	1091	571	1533	1004
SPEG_PKc2_E36_604.32	SPEG	1076	2812	1450	813	2013	1860
EPHA4_PKc_E15_150.7	EPHA4	2532	979	2166	1930	2043	1036
neg39	CONTROL	1717	3091	1910	2218	3576	1950
TSSK1B_PKc_E1_789.35	TSSK1B	2287	423	1803	2366	1348	909
RIPK2_PKc_E6_162.6	RIPK2	473	798	1185	881	2173	1802
PRKD1_PKc_E15_99.1	PRKD1	578	1496	1565	1050	1463	1427
ABL1_PKc_E9_68	ABL1	828	1069	1025	1229	340	653
ROR1_PKc_E9_849.93	ROR1	708	688	637	1020	1223	793
PCNA_e2.1	PCNA	518	493	370	695	1213	174
PASK_PKc_E15_200.2	PASK	1859	2529	1026	1507	2398	1732
MAST4_PKc_E17_133.8	MAST4	1723	2304	2162	913	1473	1365
STK10_PKc_E4_150.17	STK10	2302	1069	798	2090	2098	421
LRRK1_PKc_E29_48.1	LRRK1	1476	2056	1798	742	1700	1099
STK32A_PKc_E3_45	STK32A	1636	1391	334	1596	1615	1321
SBK3_PKc_E3_203.1	SBK3	947	2136	1264	1753	2131	1111
VRK1_PKc_E4_70	VRK1	298	502	114	9	268	168
FRK_PKc_E4_127.4	FRK	2222	2484	792	1932	619	1279
NUAK1_PKc_E2_121	NUAK1	1793	588	2367	650	565	1773
GRK5_PKc_E8_141.16	GRK5	1405	1920	1822	1121	2094	1336
DSTYK_PKc_E12_135	DSTYK	1180	1852	1671	885	1204	2218
PRKX_PKc_E5_96.9	PRKX	1878	1035	1350	1310	802	1212
neg26	CONTROL	1043	2387	1773	1074	1996	2955
CDK14_PKc_E4_80.5	CDK14	1141	2961	1928	825	2187	3683
DAPK2_PKc_E4_139	DAPK2	969	4546	969	1356	2264	1279
ADCK4_PKc_E14_87.6	ADCK4	1774	5158	2422	2441	5348	1973
MARK2_PKc_E8_237.18	MARK2	2739	2227	1065	2176	2795	2701
WEE2_PKc_E4_128.4	WEE2	1378	2086	858	782	1619	608
NEK6_PKc_E4_108.12	NEK6	1112	1207	656	864	516	948
CDK20_PKc_E6_124.5	CDK20	2493	3001	1932	1581	3458	2382
SCYL2_PKc_E7_117	SCYL2	2011	2960	1407	2323	2058	1338
CAMKV_PKc_E3_132.8	CAMKV	771	1591	2541	1299	1484	1402
FER_PKc_E19_123.7	FER	1110	2541	1046	2032	2024	1264
TTK_PKc_E14_48.3	TTK	0	0	88	260	3	350
GSK3A_PKc_E4_111.4	GSK3A	1259	1141	1457	830	374	536
FLT4_PKc_E17_34	FLT4	568	768	266	648	1262	306
CAMK2A_PKc_E7_103.16	CAMK2A	2405	2216	1139	899	1420	1829
WEE2_PKc_E8_86.7	WEE2	2449	1652	1979	2233	1490	2519
NTRK3_PKc_E16_173.8	NTRK3	436	1905	2474	808	2200	2155
ERBB4_PKc_E20_186.2	ERBB4	1200	897	2015	1393	1942	1605
TYRO3_PKc_E16_110.11	TYRO3	1152	1458	785	1107	961	798
SBK1_PKc_E2_70.8	SBK1	1329	1485	1795	1026	1021	1226
PTK2_PKc_E19_116.3	PTK2	463	235	334	276	922	105
KSR2_PKc_E14_227.6	KSR2	1136	690	1023	1513	822	1863
FLT1_PKc_E18_105.4	FLT1	1972	2707	1684	1289	3151	1942
FASTK_PKc_E7_92.8	FASTK	29	1341	270	405	857	455
BRAF_PKc_E15_119.2	BRAF	1726	2408	1102	2111	1715	1783
MASTL_PKc1_E1_87.13	MASTL	90	0	0	77	0	68
DDR1_PKc_E12_60.4	DDR1	2205	2016	967	1675	3198	1378
MAPK15_PKc_E7_140.25	MAPK15	1090	2087	780	1024	2005	1183
NRK_PKc_E7_91.6	NRK	1111	1509	886	484	643	1323
MAPK1_PKc_E4_117.4	MAPK1	243	1048	352	105	624	559
ILK_PKc_E13_138.3	ILK	1261	1315	3197	976	887	2467
CSK_PKc_E10_74.8	CSK	1627	1017	878	582	1813	1693
VRK1_PKc_E5_88	VRK1	1368	164	1131	989	389	776
TTBK2_PKc_E5_141.2	TTBK2	948	2631	1359	632	1269	1341
PRKD1_PKc_E12_64.5	PRKD1	2589	568	922	2573	1777	1312
BMPR2_PKc_E11_99.2	BMPR2	516	740	1251	1267	279	856
NUAK2_PKc_E1_87	NUAK2	1798	1853	1126	1161	1390	673
SBK1_PKc_E2_70	SBK1	2213	606	1612	1887	1313	1153
CDK7_PKc_E2_60.3	CDK7	0	0	425	504	98	415
CDC42BPG_PKc_E5_149.5	CDC42BPG	659	737	453	554	616	674
CHEK1_PKc_E5_70.1	CHEK1	0	0	133	100	0	81
CDK2_PKc_E4_171.1	CDK2	522	769	442	278	624	296
TSSK6_PKc_E1_771.89	TSSK6	1272	1463	2071	1835	1836	2050
NEK2_PKc_E4_83.1	NEK2	660	260	163	741	186	635
GUCY2F_PKc_E10_157.3	GUCY2F	1004	1738	900	1466	1102	777
WNK3_PKc_E5_158.6	WNK3	1175	1027	1225	1505	1265	727
ULK4_PKc_E4_140.4	ULK4	1633	1458	988	1245	1088	1019
TRIB1_PKc_E1_72.3	TRIB1	1352	2087	1138	547	1145	1096
MYLK3_PKc_E5_41.1	MYLK3	1677	1261	1170	1415	1615	2368
DAPK2_PKc_E8_153.1	DAPK2	665	1075	1893	749	1506	1480
PRKACG_PKc_E1_948.76	PRKACG	774	2406	1574	1286	930	1938
MAP2K1_PKc_E3_147.13	MAP2K1	1451	1917	684	1137	1056	1142
ACVR1_PKc_E8_276.19	ACVR1	1579	3586	1293	1495	1388	1883
PIM2_PKc_E2_81.8	PIM2	2992	3257	835	2602	1236	624
LIMK1_PKc_E8_42.1	LIMK1	882	1866	924	607	689	1381
IGF1R_PKc_E18_160.13	IGF1R	444	698	822	704	1575	339
DMPK_PKc_E1_48.3	DMPK	1026	415	1149	1606	1099	1330
ADRBK1_PKc_E9_100.8	ADRBK1	1591	1186	1283	572	1895	1024
MAP3K12_PKc_E5_159	MAP3K12	1320	844	258	1064	2430	552
AK3_PKc_E4_119.7	AK3	419	859	1016	682	128	648
PRKY_PKc_E1_28	PRKY	1006	1777	2096	988	1428	1651
MAPK15_PKc_E6_164.17	MAPK15	771	790	1855	585	461	871
EPHB6_PKc_E15_150.12	EPHB6	740	1268	1130	1044	965	1339
MST1R_PKc_E20_94.12	MST1R	514	826	590	482	3085	1910
SCYL3_PKc_E5_57	SCYL3	1639	815	2876	1234	3910	3141
PINK1_PKc_E7_237.32	PINK1	939	1962	1605	1545	1702	1639
LIMK2_PKc_E13_56	LIMK2	2757	872	605	1072	692	1365
PSKH1_PKc_E3_108.4	PSKH1	1455	1803	1164	1695	2145	1011
CDK14_PKc_E8_124.5	CDK14	1086	1857	1968	1397	1313	2261
ARAF_PKc_E11_177.9	ARAF	3104	2383	3258	2157	1669	2147
MAP2K2_PKc_E4_78.8	MAP2K2	2645	541	558	1128	1035	1233
EPHB3_PKc_E14_150.8	EPHB3	702	940	1404	387	1392	864
AXL_PKc_E13_31	AXL	1179	1511	1175	871	906	1318
SPEG_PKc1_E25_179.16	SPEG	1131	786	472	1159	636	1096
CSNK1G2_PKc_E6_235.22	CSNK1G2	1257	1165	886	1211	773	664
TBCK_PKc_E2_73	TBCK	78	196	267	406	1237	609
DYRK4_PKc_E4_105.4	DYRK4	1868	2523	1241	806	2518	1444
PLK1_PKc_E5_111.2	PLK1	1110	142	74	93	1234	75
NRBP2_PKc_E3_102.11	NRBP2	937	1865	805	918	949	537
JAK2_PKc2_E19_137.11	JAK2	482	1642	1731	513	5152	1024
RIOK1_PKc_E11_104.8	RIOK1	743	315	883	399	1189	676
YES1_PKc_E11_132.7	YES1	1272	1148	1786	1315	1546	1283
RET_PKc_E17_138.11	RET	643	1273	1364	944	931	928
ERBB4_PKc_E19_99.2	ERBB4	965	1632	1737	1824	1187	2036
DMPK_PKc_E4_149.4	DMPK	620	1166	1287	397	1283	898
RPS6KA2_PKc2_E14_126.11	RPS6KA2	555	2194	2765	1513	2033	1821
PIM3_PKc_E5_177.8	PIM3	918	1567	2418	350	1092	1198
FLT4_PKc_E18_105	FLT4	1474	1165	1610	1400	1993	1030
ATR_PKc_E44_154.6	ATR	2	0	0	2	233	132
DAPK1_PKc_E8_153.1	DAPK1	1548	1946	663	1829	1365	2137
SYK_PKc_E14_58.3	SYK	861	1160	1745	1234	1800	2333
KIAA1804_PKc_E3_149.3	KIAA1804	584	967	719	390	1301	1372
CDK5_PKc_E7_75.5	CDK5	1079	4070	1189	2145	2040	1498
STK16_PKc_E3_220.26	STK16	2089	1737	1620	1774	1359	1692
neg33	CONTROL	1641	1443	1396	1314	1623	1369
ACVRL1_PKc_E9_131.6	ACVRL1	2058	1432	1176	1439	1712	814
STKLD1_PKc_E5_102.8	STKLD1	1507	517	1473	766	1516	1176
BTK_PKc_E16_65	BTK	621	2600	915	518	695	1255
STK33_PKc_E9_85.4	STK33	1390	1660	868	864	336	781
RAF1_PKc_E15_132.9	RAF1	398	2503	1877	1005	1101	2155
CDK15_PKc_E3_65.5	CDK15	2213	2755	2272	2211	2081	3552
GAK_PKc_E4_115.1	GAK	76	521	395	41	1175	459
RPS6KA4_PKc_E7_104.3	RPS6KA4	843	1124	919	1093	1215	1022
MAP3K12_PKc_E3_140.1	MAP3K12	1685	389	776	1738	959	1334
CDC42BPA_PKc_E2_92.2	CDC42BPA	782	1127	1302	537	742	792
ANKK1_PKc_E6_41	ANKK1	527	1035	1886	1256	2856	1086
NEK9_PKc_E2_178.5	NEK9	1015	897	1268	757	869	1924
MLKL_PKc_E10_141	MLKL	1660	1401	475	820	605	716
DYRK2_PKc_E3_1140.113	DYRK2	885	987	1252	592	3172	1693
NRBP2_PKc_E8_84.6	NRBP2	1843	1198	2257	1072	948	1643
ADCK3_PKc_E13_66.1	ADCK3	1594	680	1830	1938	1010	1453
MAP3K9_PKc_E3_181.23	MAP3K9	381	1426	1010	597	1172	681
PLK2_PKc_E3_117	PLK2	2285	2159	1422	2199	1156	1578
SYK_PKc_E9_62	SYK	1064	1295	795	1866	1554	779
SPEG_PKc2_E32_117.1	SPEG	1388	2191	2282	2013	1402	2675
CHEK2_PKc_E10_87.3	CHEK2	1159	1805	1735	1162	1682	840
RPS6KB2_PKc_E4_69.5	RPS6KB2	1064	1601	2359	1218	857	3381
NUAK1_PKc_E6_133.7	NUAK1	563	868	788	545	639	1411
CDK4_PKc_E3_136.21	CDK4	1464	1230	743	896	873	1079
CDK11A_PKc_E13_122.15	CDK11A	1317	1225	967	1219	508	1265
PIK3R4_PKc_E4_93	PIK3R4	807	0	50	228	297	327
MAP3K13_PKc_E3_158.9	MAP3K13	842	1099	1203	577	1677	487
OBSCN_PKc2_E104_150.1	OBSCN	1418	2270	798	1504	2190	1186
MELK_PKc_E5_144.14	MELK	2261	1301	1128	967	2345	1777
NEK7_PKc_E8_95.4	NEK7	394	1086	1645	709	1318	913
MAPKAPK2_PKc_E3_65.1	MAPKAPK2	1859	1581	2253	1097	1045	2337
FGR_PKc_E11_154.11	FGR	2658	1469	1550	2161	2952	1208
MAPK8_PKc_E7_72	MAPK8	1269	1186	1327	833	2937	1795
MAP3K3_PKc_E13_132.7	MAP3K3	1421	1358	1348	637	759	1153
CLK3_PKc_E9_130.3	CLK3	842	595	934	1243	781	1080
MAPK15_PKc_E5_131.11	MAPK15	673	1032	997	812	1357	1173
DYRK1A_PKc_E6_287.15	DYRK1A	1092	1790	995	549	398	772
STK19_PKc_E3_129.7	STK19	905	376	1442	2270	1612	732
NEK8_PKc_E2_206.9	NEK8	661	615	768	310	434	1102
MYLK2_PKc_E6_94	MYLK2	413	766	1344	550	1294	1420
TRIB2_PKc_E2_293.31	TRIB2	1534	2017	766	1839	2276	742
EPHA10_PKc_E13_204.12	EPHA10	1005	1292	2921	1975	649	1751
ROCK2_PKc_E6_145.2	ROCK2	915	2067	1914	1014	1320	1592
BRSK1_PKc_E5_117.2	BRSK1	1118	2780	951	930	1715	1495
ULK2_PKc_E1_87.11	ULK2	697	1029	664	858	1195	1285
STK35_PKc_E2_292.47	STK35	431	2174	1084	375	2568	1205
STKLD1_PKc_E3_45	STKLD1	3336	2003	1761	2824	1509	2468
PKMYT1_PKc_E5_107.4	PKMYT1	94	0	30	0	800	63
INSRR_PKc_E19_160.12	INSRR	832	1538	972	848	1932	1629
CSNK2A2_PKc_E5_60.2	CSNK2A2	1434	3182	3142	1873	2177	2292
JAK1_PKc_E13_144.11	JAK1	1258	1767	854	1446	831	991
TESK1_PKc_E1_39	TESK1	657	507	763	649	897	377
RPS6KA4_PKc2_E14_195.2	RPS6KA4	366	1166	465	131	1177	947
NEK2_PKc_E3_241.5	NEK2	578	329	1263	147	927	1187
PRKACB_PKc_E7_96.2	PRKACB	2248	1706	1704	3022	1139	1509
PIK3R4_PKc_E2_661.6	PIK3R4	248	1551	376	412	1132	628
ICK_PKc_E4_55.5	ICK	1546	2528	1821	1260	640	1944
TSSK2_PKc_E1_789.51	TSSK2	1217	1396	2238	2556	2641	2589
ERBB2_PKc_E18_75.5	ERBB2	724	1210	499	1103	294	226
CAMK1D_PKc_E6_76.2	CAMK1D	418	2105	858	345	624	915
PAK3_PKc_E11_113.2	PAK3	2928	1151	1764	2265	809	1376
PINK1_PKc_E2_192.4	PINK1	972	2390	792	1401	2628	803
NEK9_PKc_E5_106.5	NEK9	1865	1263	1176	1421	1764	1715
MAPK3_PKc_E1_65.3	MAPK3	432	910	270	392	183	168
EPHA7_PKc_E14_150.12	EPHA7	430	1310	1552	611	1292	3684
SGK494_PKc_E7_41	SGK494	1417	1392	983	957	1234	445
ERBB3_PKc_E21_156.15	ERBB3	647	956	1074	550	654	778
EPHA2_PKc_E13_210.12	EPHA2	1890	1591	1444	924	1192	2645
FLT4_PKc_E19_114.12	FLT4	1273	1462	371	1232	1078	834
CDK7_PKc_E7_119.11	CDK7	1179	0	0	647	178	98
HIPK2_PKc_E2_557.57	HIPK2	1117	2933	835	2567	3104	1306
STK40_PKc_E6_53.1	STK40	869	1734	1136	1570	1332	1334
MAP3K1_PKc_E17_132.1	MAP3K1	1372	1790	1935	1649	1982	2097
CDKL2_PKc_E7_66.4	CDKL2	171	222	815	311	365	1217
SRMS_PKc_E4_121.2	SRMS	1823	606	921	1591	2517	987
SGK494_PKc_E9_90.3	SGK494	622	691	1004	303	1186	1061
DDR1_PKc_E14_237.4	DDR1	1368	2068	1549	2074	1803	1025
MARK4_PKc_E5_66	MARK4	2741	1767	1680	2009	734	2877
ERBB2_PKc_E20_186.2	ERBB2	355	2531	397	280	1572	412
AURKA_PKc_E8_139	AURKA	865	628	602	1420	395	606
WEE1_PKc_E8_86.4	WEE1	107	161	526	242	493	498
RIOK3_PKc_E8_198.5	RIOK3	1679	832	854	561	306	1240
NEK6_PKc_E6_111.4	NEK6	750	2168	1035	1012	995	647
KSR2_PKc_E17_132.13	KSR2	1061	1937	961	726	878	1602
HIPK3_PKc_E4_120.1	HIPK3	256	457	496	347	862	402
BMPR1B_PKc_E11_123.7	BMPR1B	1310	843	617	728	699	699
NUAK2_PKc_E2_121	NUAK2	1948	1975	1011	1409	1952	783
EPHA8_PKc_E12_62.2	EPHA8	623	1154	1412	883	2238	1607
VRK1_PKc_E3_56	VRK1	403	300	329	229	860	251
MLKL_PKc_E8_152.5	MLKL	1750	1205	1857	1565	1812	2086
MKNK1_PKc_E8_123.18	MKNK1	664	323	722	495	1012	377
IKBKE_PKc_E3_63.7	IKBKE	1058	2436	1866	1191	1733	1990
IGF1R_PKc_E16_213.16	IGF1R	1066	657	1400	311	84	835
ALK_PKc_E20_35	ALK	807	704	1445	980	738	1615
PSKH1_PKc_E3_108.1	PSKH1	3100	489	616	2224	1371	680
MAP3K9_PKc_E2_412.34	MAP3K9	1076	577	1034	621	381	953
IKBKE_PKc_E4_141.9	IKBKE	2638	1113	3135	5419	2019	2655
CSNK1D_PKc_E4_229.12	CSNK1D	488	1482	483	825	1361	676
PBK_PKc_E3_59	PBK	1381	1176	1188	829	510	1548
MAP4K4_PKc_E5_111.8	MAP4K4	487	1032	735	1211	624	545
TLK1_PKc_E14_72.3	TLK1	2151	2240	2039	1953	1002	1927
RIPK3_PKc_E5_47	RIPK3	411	914	885	439	545	1024
ADRBK1_PKc_E8_80.4	ADRBK1	2222	668	1428	1122	1463	2099
TNK2_PKc_E8_147.18	TNK2	1567	815	1954	1138	1455	1541
MAP3K8_PKc_E4_108.4	MAP3K8	669	998	1790	1010	1357	635
AATK_PKc_E5_119.11	AATK	1366	1017	2802	1827	1739	1106
TYRO3_PKc_E17_160.6	TYRO3	435	1746	1204	1508	867	891
DAPK2_PKc_E3_222.18	DAPK2	863	961	577	1080	896	790
ILK_PKc_E9_128.2	ILK	874	764	894	640	1072	899
STK32B_PKc_E4_174.18	STK32B	2256	2065	3063	3957	1842	2535
SNRK_PKc_E5_76.4	SNRK	3185	3609	4478	2121	2316	3988
RPS6KA6_PKc_E5_81.4	RPS6KA6	1439	906	1722	1003	476	1321
RPS6KA4_PKc2_E13_174.17	RPS6KA4	727	793	989	486	2041	1618
SPEG_PKc1_E23_58	SPEG	911	1781	1310	787	1795	1239
EPHB1_PKc_E10_43	EPHB1	1121	1810	1073	1443	1430	1100
GSK3B_PKc_E6_107.2	GSK3B	134	54	0	219	164	884
EPHB4_PKc_E11_43	EPHB4	883	1569	3825	1140	2390	2419
EIF2AK4_PKc_E10_107.3	EIF2AK4	1700	2571	1482	1718	2690	1398
SBK2_PKc_E3_203.22	SBK2	4884	1841	1096	1390	2403	1277
RPS6KA4_PKc_E6_81.11	RPS6KA4	1933	3411	2259	2177	2755	2162
RPS6KA6_PKc2_E16_90	RPS6KA6	1249	1505	644	433	2112	660
TSSK2_PKc_E1_789.95	TSSK2	894	1829	1331	1214	1832	1800
SIK2_PKc_E5_125.1	SIK2	1139	1239	775	626	1286	1371
PRKCG_PKc_E15_81.2	PRKCG	1091	824	1693	493	1491	2314
OBSCN_PKc2_E102_224.7	OBSCN	2415	1783	1103	922	1122	1754
IKBKE_PKc_E7_161.24	IKBKE	2108	1414	1386	1222	2889	1828
EIF2AK2_PKc_E13_181.3	EIF2AK2	669	639	1457	683	728	1474
RIPK4_PKc_E2_292.16	RIPK4	1478	2317	1212	1843	2301	1415
MARK1_PKc_E5_66.2	MARK1	1285	221	1828	1479	1183	704
MAPK11_PKc_E6_48.3	MAPK11	738	321	779	685	1714	1100
RPS6KA4_PKc2_E15_160.12	RPS6KA4	957	1527	1123	786	1114	286
PDGFRA_PKc_E17_116.3	PDGFRA	1757	1262	965	962	2190	1713
NRK_PKc_E5_126.4	NRK	735	2094	1498	518	1965	1509
TRPM6_PKc_E34_228.24	TRPM6	926	773	1048	600	895	1650
RYK_PKc_E10_70	RYK	977	1191	1663	1222	1595	1438
MAP3K4_PKc_E23_160.12	MAP3K4	2429	4139	2182	1651	1946	1654
BUB1B_PKc_E19_150.8	BUB1B	14	166	4	85	280	20
BRAF_PKc_E16_132.5	BRAF	896	1645	1513	1481	2014	2538
RPS6KA2_PKc_E5_80.12	RPS6KA2	1810	1179	1411	1047	533	1451
PAK7_PKc_E6_207.22	PAK7	1499	925	3250	1952	301	3809
ADRBK2_PKc_E13_108.5	ADRBK2	1427	339	971	1745	613	847
TRPM6_PKc_E37_52	TRPM6	552	1172	721	499	1016	988
neg38	CONTROL	1826	2798	3279	1181	3762	3059
MAP3K1_PKc_E19_132	MAP3K1	1281	1084	1981	1057	1376	1887
UHMK1_PKc_E5_76.1	UHMK1	1532	2697	1478	2685	847	1801
TRRAP_PKc_E69_185.6	TRRAP	125	0	600	67	1276	821
CDKL1_PKc_E1_165.12	CDKL1	1006	912	920	787	175	404
neg09	CONTROL	976	1565	1925	549	1246	1006
MAP3K3_PKc_E15_130.2	MAP3K3	2827	1645	1348	2178	841	785
RYK_PKc_E12_110	RYK	1978	323	748	958	1595	346
PRKD2_PKc_E16_268.1	PRKD2	1468	2143	1453	949	1821	1221
TAOK2_PKc_E3_72	TAOK2	786	1116	1482	636	858	1310
MAPKAPK2_PKc_E1_99.9	MAPKAPK2	746	714	862	1273	1405	804
STK4_PKc_E2_41.2	STK4	2056	2050	909	1297	1964	700
PRKCG_PKc_E13_63	PRKCG	2837	1667	900	1377	1597	1547
GUCY2F_PKc_E12_149.12	GUCY2F	1499	1763	1293	1724	1987	1417
CDK16_PKc_E10_121.7	CDK16	1651	2601	1937	1324	1264	1060
AURKB_PKc_E6_139.5	AURKB	136	1006	65	4	101	384
JAK2_PKc2_E22_173.5	JAK2	2134	1096	2042	1812	2526	1585
AURKC_PKc_E7_156.13	AURKC	1525	2652	1108	1167	1464	898
MUSK_PKc_E14_149.11	MUSK	1527	811	877	1943	2951	1234
STK19_PKc_E6_98	STK19	647	1894	1461	251	1784	1194
STK16_PKc_E6_96.9	STK16	666	543	1126	353	1427	983
PIK3R4_PKc_E3_134	PIK3R4	599	3700	1879	1022	1848	1268
MYLK4_PKc_E7_142.8	MYLK4	880	1075	2797	1471	1027	1447
TSSK4_PKc_E2_215.1	TSSK4	331	207	1082	450	765	1475
UHMK1_PKc_E1_205.38	UHMK1	763	853	1209	553	1285	1051
CSNK1A1_PKc_E3_127.1	CSNK1A1	104	0	0	155	139	11
CHEK1_PKc_E6_189.6	CHEK1	74	275	1258	285	789	1447
STK32C_PKc_E4_174.15	STK32C	1013	843	2036	371	1078	2147
RPS6KA3_PKc2_E20_118.2	RPS6KA3	217	996	705	465	726	767
LIMK1_PKc_E10_132.9	LIMK1	971	1506	489	894	1022	2311
neg50	CONTROL	3558	1611	1612	2936	1590	1823
EIF2AK1_PKc_E10_112.5	EIF2AK1	1741	895	1072	1280	1147	1163
CSNK1G1_PKc_E5_152.1	CSNK1G1	795	758	407	813	1385	583
TTBK2_PKc_E4_74.4	TTBK2	3981	3596	2581	4910	7249	2163
MAP3K11_PKc_E1_403.77	MAP3K11	1500	1398	1134	972	1462	2015
SGK2_PKc_E3_42.2	SGK2	1539	1527	1598	1447	1428	733
PTK6_PKc_E5_162.4	PTK6	1085	1549	1447	1042	1378	829
PKMYT1_PKc_E6_92.9	PKMYT1	6	0	17	0	432	341
AURKA_PKc_E8_139.6	AURKA	78	0	28	307	144	28
AKT2_PKc_E10_129.1	AKT2	2834	691	212	1747	710	794
ADCK3_PKc_E8_141.23	ADCK3	1682	956	670	1081	582	976
IRAK1_PKc_E7_115.13	IRAK1	4910	4412	3427	9304	3091	2572
SIK2_PKc_E4_162	SIK2	525	1565	1420	930	657	1008
LIMK2_PKc_E12_175.19	LIMK2	2349	1452	1484	841	1253	1058
BRSK2_PKc_E4_141.11	BRSK2	1048	1339	1850	2373	3866	1271
BMPR1A_PKc_E10_298.1	BMPR1A	3599	1454	1016	4153	845	1051
FLT1_PKc_E19_114.1	FLT1	891	1704	1391	1052	993	1409
ADCK2_PKc_E6_129.2	ADCK2	1328	373	795	1396	864	477
TIE1_PKc_E16_111.15	TIE1	1738	1162	1199	1958	1252	1909
IGF1R_PKc_E20_135.11	IGF1R	1101	457	715	225	525	784
CHEK2_PKc_E6_109.1	CHEK2	1059	1099	656	527	194	1124
ADCK1_PKc_E6_159.6	ADCK1	763	1888	1700	1017	1599	1183
ACVR1C_PKc_E4_193.16	ACVR1C	1777	1601	1685	1313	2306	1556
OBSCN_PKc_E89_173.14	OBSCN	583	1269	1509	432	1083	1480
DCLK3_PKc_E2_390.28	DCLK3	1490	1463	1880	1357	1495	2334
CDK6_PKc_E3_136.2	CDK6	2135	954	1418	1354	708	1094
CAMK1G_PKc_E2_38.1	CAMK1G	249	417	1028	420	1315	1058
TTK_PKc_E18_81.4	TTK	1814	1792	1037	1962	910	1085
SRMS_PKc_E6_182.12	SRMS	461	775	666	651	1667	681
MARK2_PKc_E7_57	MARK2	2433	1788	518	1558	2279	1418
TEC_PKc_E15_65.2	TEC	622	828	1691	1813	1873	792
PRKCG_PKc_E10_42.4	PRKCG	1141	1303	2082	1553	2406	1453
PIM3_PKc_E3_51.5	PIM3	646	863	697	904	236	462
NRK_PKc_E6_111	NRK	1318	2588	1283	891	1746	1241
PAK3_PKc_E9_64.1	PAK3	1849	1140	1481	805	1268	714
NEK10_PKc_E21_46.1	NEK10	1579	1011	976	1353	978	834
MAPK10_PKc_E6_59.2	MAPK10	60	1464	612	80	530	445
PRKAA1_PKc_E6_88.3	PRKAA1	2365	399	1202	1831	748	1729
PDIK1L_PKc_E2_267.2	PDIK1L	488	331	1462	675	38	1082
EGFR_PKc_E19_99	EGFR	142	403	311	83	354	358
CSNK1G1_PKc_E7_86.9	CSNK1G1	990	1985	970	1507	760	998
neg47	CONTROL	844	2316	1601	1158	1392	1448
DCLK3_PKc_E4_168.9	DCLK3	3380	2503	1954	1962	1496	2213
CAMK1_PKc_E2_38	CAMK1	3118	1076	1439	1728	1589	833
RPS6KA6_PKc2_E18_162.4	RPS6KA6	989	1537	483	978	418	572
PHKG2_PKc_E2_59.2	PHKG2	1347	602	377	2007	598	786
MAP2K3_PKc_E6_117.3	MAP2K3	1526	2261	499	1425	2457	433
LATS2_PKc_E5_487.64	LATS2	923	1191	923	1047	2233	1361
PRKAA2_PKc_E2_142	PRKAA2	1353	283	1594	938	1635	2122
MAPKAPK2_PKc_E2_140.8	MAPKAPK2	1539	1047	1879	1126	883	1645
SLK_PKc_E5_73	SLK	741	883	582	710	1072	1402
CLK2_PKc_E7_167.4	CLK2	513	779	1098	465	1863	1001
TLK2_PKc_E18_90.4	TLK2	452	246	389	602	576	385
STK3_PKc_E5_129.4	STK3	1190	1246	1629	1474	591	1311
MKNK2_PKc_E6_80.9	MKNK2	2402	1780	1542	1358	1775	1595
AURKB_PKc_E8_175.4	AURKB	80	0	14	89	0	0
TLK2_PKc_E20_139	TLK2	656	950	1126	655	1435	955
ROR2_PKc_E9_852.36	ROR2	1854	1304	1235	571	1069	1757
TRPM7_PKc_E34_228.6	TRPM7	541	1145	828	381	719	929
EPHA10_PKc_E15_150.3	EPHA10	1050	579	857	1177	1993	985
CSNK2A2_PKc_E2_112.4	CSNK2A2	1575	1248	1536	1598	2023	1022
CLK2_PKc_E9_130.3	CLK2	965	1343	934	918	2311	471
AMHR2_PKc_E7_115.1	AMHR2	1035	881	1125	602	1284	1019
NUAK1_PKc_E1_84.1	NUAK1	589	1142	1462	1249	1562	897
MAP3K11_PKc_E4_68.1	MAP3K11	1318	521	1130	2106	1722	1156
PDGFRB_PKc_E16_161.11	PDGFRB	1190	1884	1996	832	1607	1586
HIPK3_PKc_E5_87.1	HIPK3	145	1240	253	623	683	283
BLK_PKc_E11_151.13	BLK	292	2067	2001	181	1374	1076
PLK4_PKc_E2_96.2	PLK4	448	577	975	238	800	752
EPHB1_PKc_E12_216.9	EPHB1	2695	605	1220	3356	992	1311
NLK_PKc_E5_86.1	NLK	2899	2398	1467	1456	1891	1776
TTN_PKc_E358_736.24	TTN	1635	493	1674	1891	517	2044
RPS6KA3_PKc_E9_143.8	RPS6KA3	2242	1906	2521	1510	1896	2600
STK39_PKc_E7_102.2	STK39	5826	1263	1624	6112	915	2253
ACVR1_PKc_E7_147.15	ACVR1	745	119	508	1215	604	234
RPS6KA5_PKc_E6_84.3	RPS6KA5	1599	1880	829	1260	1570	793
PRKD2_PKc_E13_107.8	PRKD2	1109	906	1287	1514	286	1871
PRKCG_PKc_E12_92.3	PRKCG	296	293	1206	957	564	1825
TYRO3_PKc_E14_93.6	TYRO3	1236	1153	1725	1571	1310	1034
TAOK1_PKc_E4_102.1	TAOK1	1189	2070	1611	1455	2261	2907
STK36_PKc_E4_78	STK36	704	889	1012	363	1912	1122
PRKG2_PKc_E11_75.4	PRKG2	1385	2243	2531	1847	2357	1532
MKNK2_PKc_E7_74.1	MKNK2	771	1010	382	565	1477	517
CDKL4_PKc_E3_73	CDKL4	1049	2592	1075	752	1778	1345
BTK_PKc_E14_161.16	BTK	1810	1426	1602	1089	3951	1533
UHMK1_PKc_E1_205.24	UHMK1	570	1549	1226	612	1160	1012
TSSK2_PKc_E1_789.46	TSSK2	763	1421	1355	815	493	2132
STK32A_PKc_E6_38	STK32A	536	1282	856	806	2068	1503
MUSK_PKc_E15_647.33	MUSK	764	851	347	1082	1002	902
CSNK2A1_PKc_E10_102.7	CSNK2A1	1830	1576	2234	1041	1969	2689
PTK6_PKc_E6_182.14	PTK6	1390	2105	1151	1132	925	810
EPHA8_PKc_E14_150.21	EPHA8	858	714	3186	417	1235	1645
ATR_PKc_E45_152	ATR	3	175	87	63	172	21
TTBK1_PKc_E5_141.14	TTBK1	1387	841	755	980	2432	329
NRBP2_PKc_E4_90	NRBP2	694	1063	1424	939	682	747
PRKG2_PKc_E16_123.3	PRKG2	1607	950	1270	939	1740	1028
WNK4_PKc_E5_89.1	WNK4	2862	353	1499	1780	699	2003
ULK4_PKc_E5_163.14	ULK4	373	388	470	323	1135	895
DDR1_PKc_E12_60.9	DDR1	1786	176	566	1756	550	754
TNIK_PKc_E5_111.4	TNIK	1506	1584	1374	1322	1904	1459
BRSK1_PKc_E6_34	BRSK1	588	1366	1221	496	1563	1508
TYRO3_PKc_E13_81	TYRO3	925	1003	1262	1049	1032	1848
PRKCZ_PKc_E13_88.11	PRKCZ	1023	1293	1159	1556	1081	1272
PAK6_PKc_E10_135.21	PAK6	1102	1880	615	784	1704	846
JAK3_PKc2_E22_118.14	JAK3	744	2205	1042	419	1830	812
CDC42BPA_PKc_E3_84	CDC42BPA	767	1860	1267	776	1353	1220
RIPK3_PKc_E2_101.1	RIPK3	1196	1094	1115	1632	1759	1247
MAST3_PKc_E12_41.1	MAST3	1798	1065	2016	1139	868	1842
MERTK_PKc_E16_110.2	MERTK	1889	1347	963	768	1287	1488
EEF2K_PKc_E9_53.1	EEF2K	1278	809	811	1399	1432	1036
AMHR2_PKc_E11_108.5	AMHR2	2271	1346	964	1249	4040	1086
STK39_PKc_E3_109.6	STK39	1752	1312	555	834	1389	403
FYN_PKc_E10_180.5	FYN	1635	780	581	1379	466	1069
SPEG_PKc1_E22_201.35	SPEG	922	374	695	336	971	786
MYO3A_PKc_E4_135	MYO3A	416	552	572	737	989	549
HIPK3_PKc_E6_147.2	HIPK3	134	1047	563	73	814	792
CAMK4_PKc_E3_63	CAMK4	2051	1841	711	2085	648	958
ULK1_PKc_E1_75.8	ULK1	393	979	949	470	472	899
STK32B_PKc_E7_104.18	STK32B	656	1831	1930	1393	2021	1037
NRBP2_PKc_E2_117.11	NRBP2	1355	774	1413	679	1210	1047
BMPR2_PKc_E6_231.14	BMPR2	1924	731	765	1370	1184	450
GRK4_PKc_E12_209.1	GRK4	2529	2622	1356	1156	3202	1717
ULK3_PKc_E3_121.5	ULK3	900	1563	895	170	845	815
RPS6KA3_PKc_E6_80.4	RPS6KA3	150	674	279	357	320	218
MAPK3_PKc_E4_117.4	MAPK3	1016	1671	942	589	1969	718
MAP4K1_PKc_E5_56.2	MAP4K1	1464	2393	1582	1231	1749	1000
MAP3K4_PKc_E24_123.1	MAP3K4	827	724	535	1491	929	1382
PRKCI_PKc_E14_126.11	PRKCI	691	431	449	579	772	314
CDK7_PKc_E4_68.3	CDK7	160	3	280	6	498	153
BMPR1B_PKc_E7_187.11	BMPR1B	937	735	1517	985	1195	1113
RPS6KA1_PKc_E7_107	RPS6KA1	1098	1484	1474	420	929	1061
PLK1_PKc_E1_276.9	PLK1	1866	88	136	1437	264	219
NEK10_PKc_E19_54	NEK10	609	1996	831	1377	1725	1580
STYK1_PKc_E10_97.1	STYK1	758	846	477	885	454	859
SNRK_PKc_E3_556.3	SNRK	1630	458	878	1344	190	320
BCR_PKc_E1_1278.96	BCR	748	675	742	526	1079	1815
SCYL1_PKc_E4_227.2	SCYL1	652	1227	546	863	1010	113
MTOR_PKc_E47_136.3	MTOR	130	0	162	199	114	435
ADRBK1_PKc_E12_95.3	ADRBK1	1164	710	2378	2030	1185	1300
EPHA4_PKc_E14_210.8	EPHA4	968	2526	941	867	833	1253
PDK4_PKc_E3_72.2	PDK4	1167	837	2307	567	799	4333
STK38_PKc_E5_84.1	STK38	1076	1262	1319	1098	980	1239
LMTK2_PKc_E6_88.1	LMTK2	1432	2625	1588	864	2063	1011
UHMK1_PKc_E2_293.15	UHMK1	1025	709	513	457	1437	1785
LTK_PKc_E13_65	LTK	1054	1011	949	1293	929	1526
PDGFRB_PKc_E14_111.1	PDGFRB	1825	1493	733	1395	2222	601
CLK2_PKc_E4_40	CLK2	497	626	1030	683	1538	1112
STK32C_PKc_E7_104.4	STK32C	710	2292	1514	1767	1641	1827
CDK12_PKc_E6_190.11	CDK12	185	266	178	100	0	519
MAPK1_PKc_E6_132.9	MAPK1	430	1708	853	673	828	594
MAPKAPK3_PKc_E6_65.3	MAPKAPK3	1994	1519	1223	1699	1934	1430
EPHB6_PKc_E14_150	EPHB6	640	3267	872	756	2258	621
EPHA7_PKc_E10_43	EPHA7	1540	838	1417	1517	1482	1294
NEK7_PKc_E5_111.1	NEK7	969	1860	945	1270	1216	873
SBK2_PKc_E2_52.3	SBK2	1562	1485	2299	1588	1862	2299
ADCK5_PKc_E7_114.17	ADCK5	566	869	912	598	1158	1043
neg37	CONTROL	1442	1718	753	1130	1775	1682
FGFR1_PKc_E14_123.7	FGFR1	188	1416	1369	196	945	955
STK17A_PKc_E5_49	STK17A	1614	1230	1189	1105	1744	1602
MAP3K9_PKc_E2_412.14	MAP3K9	807	1164	1960	921	942	1844
STK17A_PKc_E6_180.4	STK17A	745	1832	1346	1253	1441	1359
MAPK6_PKc_E4_165.1	MAPK6	1920	1913	1492	1301	3728	2513
ITK_PKc_E12_161.14	ITK	1033	1314	273	729	816	157
TESK2_PKc_E4_49	TESK2	945	1778	1764	1241	3835	1543
PRKACA_PKc_E6_127.16	PRKACA	636	621	436	79	1602	116
CAMK2G_PKc_E3_60.2	CAMK2G	2299	2197	1255	980	907	1307
TBCK_PKc_E3_73	TBCK	1185	1304	971	866	1005	1198
MAP2K7_PKc_E7_108.1	MAP2K7	822	1128	815	296	1549	1431
PRKACG_PKc_E1_948.157	PRKACG	952	987	1023	534	509	2152
PHKG2_PKc_E6_164	PHKG2	1178	744	1252	582	379	1964
CDC42BPG_PKc_E6_94.3	CDC42BPG	997	2291	1882	730	176	1528
KALRN_PKc_E59_139.1	KALRN	540	986	944	771	389	1484
FER_PKc_E17_124.2	FER	985	1084	1457	738	2004	2738
TNNI3K_PKc_E18_53.3	TNNI3K	807	84	867	1310	975	1176
PIM2_PKc_E3_51.1	PIM2	1403	291	981	1104	385	479
STRADA_PKc_E11_242.41	STRADA	621	1439	269	1144	1441	1118
DAPK2_PKc_E5_130.5	DAPK2	899	1513	990	1017	1666	491
AURKC_PKc_E6_175.14	AURKC	1384	987	1464	1099	868	1269
STK40_PKc_E5_228.1	STK40	3112	1445	1172	2368	3601	2029
IKBKB_PKc_E6_89.7	IKBKB	271	2399	558	352	1628	420
DMPK_PKc_E6_207.24	DMPK	1622	801	2163	1557	2151	1810
CDK16_PKc_E8_63.4	CDK16	1812	1014	1285	1755	1713	1890
TBK1_PKc_E4_130.7	TBK1	742	1142	766	723	267	430
PRKX_PKc_E6_58.2	PRKX	594	2266	1745	1000	758	877
CDK16_PKc_E9_124.3	CDK16	871	2474	1339	1079	873	1356
BLK_PKc_E12_132.4	BLK	817	1272	1867	1077	771	2240
DSTYK_PKc_E8_155.7	DSTYK	2684	1310	884	2486	1285	1497
STK3_PKc_E9_138.5	STK3	1790	896	2039	1199	2711	1962
CAMKV_PKc_E4_75.5	CAMKV	1116	689	646	1076	817	759
CAMK2G_PKc_E1_32.1	CAMK2G	336	2709	735	904	2077	750
RPS6KB1_PKc_E7_101.9	RPS6KB1	420	400	765	667	456	571
DDR1_PKc_E15_235.2	DDR1	755	1217	1158	577	145	679
CAMK2D_PKc_E1_32	CAMK2D	1207	741	872	1140	1022	1284
AAK1_PKc_E2_40.1	AAK1	246	1711	1222	98	1402	1360
TNK2_PKc_E7_127.11	TNK2	1647	1889	1812	1512	1355	1341
CDC42BPB_PKc_E5_149.5	CDC42BPB	139	534	391	119	376	318
BRSK2_PKc_E5_117.9	BRSK2	2732	2205	1139	1626	1898	1743
WNK3_PKc_E3_173.12	WNK3	458	1334	900	646	364	1088
TSSK6_PKc_E1_771.109	TSSK6	1051	606	906	564	1336	665
RPS6KA3_PKc_E7_107.1	RPS6KA3	1314	621	1103	1352	1533	1844
BMP2K_PKc_E6_82.7	BMP2K	565	2267	841	438	453	1282
CSF1R_PKc_E13_105.8	CSF1R	677	1245	1360	580	843	1950
MST1R_PKc_E19_137.25	MST1R	1731	600	1990	1149	1351	2162
GUCY2D_PKc_E9_207.18	GUCY2D	1172	1322	2491	329	1701	2052
MERTK_PKc_E13_81.4	MERTK	2017	1664	1484	1709	1083	1033
MAST3_PKc_E17_102.5	MAST3	1589	1808	382	1236	785	761
GRK5_PKc_E11_90.14	GRK5	287	1560	1372	309	947	1125
DDR1_PKc_E13_128.2	DDR1	244	793	955	514	490	1313
BRAF_PKc_E12_85.2	BRAF	1515	1870	1514	604	1531	1756
ROR2_PKc_E9_852.38	ROR2	1432	1592	523	1545	754	1190
STK32C_PKc_E3_152.1	STK32C	1657	956	1205	1292	1970	1578
AXL_PKc_E16_122.7	AXL	680	1613	1294	489	629	862
RPS6KA2_PKc_E6_107.6	RPS6KA2	1294	1510	577	651	867	844
PRKCH_PKc_E13_144.1	PRKCH	962	734	1083	932	2167	951
PDPK1_PKc_E2_48	PDPK1	1286	955	1078	1481	289	1025
CDK10_PKc_E6_68.2	CDK10	117	1490	1100	964	477	1128
DYRK1B_PKc_E9_213.48	DYRK1B	439	36	466	321	187	456
WNK2_PKc_E1_105	WNK2	550	1716	1409	621	1113	2447
TBK1_PKc_E2_63.2	TBK1	816	2107	1476	1057	618	759
GSK3B_PKc_E5_131.8	GSK3B	273	151	226	215	259	346
TEX14_PKc_E8_114.4	TEX14	1448	668	466	551	534	643
PSKH2_PKc_E2_667.27	PSKH2	1635	1153	1927	1018	776	1188
CDK9_e3.1	CDK9	356	1611	545	312	1282	486
CDK5_PKc_E2_89.3	CDK5	821	1558	780	1382	692	1536
STYK1_PKc_E7_84.1	STYK1	980	3365	1011	841	2456	1877
PDK2_PKc_E3_72.3	PDK2	1555	771	1093	1203	1500	806
DYRK4_PKc_E9_173.37	DYRK4	1506	1780	925	1086	2334	1134
CAMK2A_PKc_E5_66.6	CAMK2A	651	1160	680	599	1380	1006
MAST1_PKc_E12_209.17	MAST1	2414	1135	771	1063	612	994
MAPK7_PKc_E4_754.37	MAPK7	744	711	1289	662	938	1634
ULK4_PKc_E2_132.5	ULK4	1572	2288	1077	2691	1444	1453
MAP3K8_PKc_E6_107.4	MAP3K8	742	447	1060	923	1453	1027
PAK6_PKc_E9_126.5	PAK6	12	697	230	143	938	338
CDK7_PKc_E1_48	CDK7	191	505	493	850	267	639
STK4_PKc_E5_165.3	STK4	451	2069	875	573	719	1398
neg05	CONTROL	1245	1157	998	1067	1204	1039
GSK3A_PKc_E5_131.14	GSK3A	2622	1448	1653	883	572	1458
Rosa26	Rosa26	2096	1850	3297	1517	1606	2546
WNK1_PKc_E5_89.4	WNK1	1193	284	655	557	726	1181
STKLD1_PKc_E6_71.5	STKLD1	1165	1317	981	1414	2014	1266
PAK3_PKc_E13_100.3	PAK3	2508	1105	698	1195	625	383
LATS2_PKc_E7_107.3	LATS2	696	708	934	528	298	1784
CDKL2_PKc_E6_140	CDKL2	1760	841	669	1201	708	685
RIOK2_PKc_E3_117.8	RIOK2	207	0	155	25	341	314
TYK2_PKc_E15_128.2	TYK2	1087	2238	1630	421	736	643
MAPKAPK5_PKc_E5_109.8	MAPKAPK5	998	1030	1518	868	1153	1342
BLK_PKc_E13_176.19	BLK	2064	770	1299	1673	730	1550
CDKL4_PKc_E4_91.2	CDKL4	1197	1331	2417	2710	1738	1806
ABL2_PKc_E10_68.4	ABL2	359	650	466	477	261	392
GCK_PKc_E5_96.1	GCK	1717	1382	1657	705	1411	1347
STK26_PKc_E4_57.4	STK26	396	1137	219	142	190	234
LATS1_PKc_E6_183.6	LATS1	2955	3305	704	1540	1210	1692
DYRK1B_PKc_E6_287.28	DYRK1B	797	476	2404	1258	1093	2384
BUB1B_PKc_E21_172.12	BUB1B	0	320	326	91	78	521
STK26_PKc_E3_219.1	STK26	1382	4376	3471	2267	3563	3006
RPL9_e4.1	RPL9	2	0	0	1	147	33
AK3_PKc_E5_40	AK3	379	162	228	131	134	181
SRMS_PKc_E8_164.21	SRMS	675	843	1012	855	892	913
JAK3_PKc2_E21_173.5	JAK3	1849	978	1317	1603	1718	1299
TSSK2_PKc_E1_789.39	TSSK2	616	447	1274	190	203	1225
EIF2AK4_PKc2_E12_431.72	EIF2AK4	1290	2121	1207	1011	2426	1439
FASTK_PKc_E6_143.1	FASTK	733	788	833	763	1148	1504
STK24_PKc_E2_210.9	STK24	2002	894	947	2311	1576	745
PASK_PKc_E17_86.7	PASK	434	1007	861	491	637	938
MERTK_PKc_E14_93	MERTK	1295	792	1100	701	1354	842
KSR1_PKc_E16_227.2	KSR1	206	926	639	1086	1898	1167
STK4_PKc_E4_115.2	STK4	1737	1079	2030	1012	1411	1419
DAPK1_PKc_E4_139.3	DAPK1	1003	1329	1530	743	1825	1211
CDK18_PKc_E5_45	CDK18	1349	136	621	1543	783	460
CSNK1A1_PKc_E4_99.5	CSNK1A1	0	26	212	20	686	505
ULK4_PKc_E6_102.1	ULK4	709	1235	1842	778	1550	2141
neg28	CONTROL	798	2214	261	1651	1587	327
STK35_PKc_E2_292.3	STK35	833	1099	1327	469	1564	1751
PIM1_PKc_E5_177.26	PIM1	366	813	770	71	71	674
INSRR_PKc_E21_135.9	INSRR	595	864	1491	1185	583	1253
TLK2_PKc_E19_170.4	TLK2	1596	1758	890	1102	1194	1414
MAPK14_PKc_E3_59	MAPK14	1599	2876	2375	1006	1364	1731
VRK3_PKc_E10_93.5	VRK3	872	1109	992	778	929	803
MARK1_PKc_E9_120	MARK1	782	295	846	933	1298	612
RPL23A_e2.1	RPL23A	1391	1973	1960	1800	2031	1805
PHKG2_PKc_E3_176	PHKG2	829	189	553	959	996	1052
ADRBK1_PKc_E10_79.2	ADRBK1	1825	1259	1321	842	1080	1280
MAST3_PKc_E14_139.4	MAST3	703	780	1067	1084	359	1113
ICK_PKc_E3_92.5	ICK	1101	1908	1175	693	1139	1397
STK16_PKc_E2_32	STK16	363	1686	1490	289	797	1799
PRKCA_PKc_E11_92.1	PRKCA	858	1107	339	889	759	487
PKN3_PKc_E15_92.2	PKN3	1098	1401	1398	566	1206	1354
TBCK_PKc_E6_142.17	TBCK	174	342	274	155	856	311
CSNK1G2_PKc_E5_149.15	CSNK1G2	3224	2552	2388	1690	2089	2042
WNK3_PKc_E6_89.3	WNK3	676	1262	1083	623	1710	1151
MAP2K5_PKc_E9_40.1	MAP2K5	886	1997	1178	893	953	869
MAST1_PKc_E16_102.2	MAST1	97	481	506	117	483	982
MAPK14_PKc_E5_30	MAPK14	497	632	813	873	1578	1515
NUAK2_PKc_E6_133.8	NUAK2	579	2394	2163	1401	813	1217
KALRN_PKc_E58_201.9	KALRN	1175	2601	2039	1135	2083	1300
CSNK1E_PKc_E7_110.8	CSNK1E	744	1061	1299	340	857	1307
PDGFRA_PKc_E16_167.7	PDGFRA	233	499	1212	873	936	1166
LMTK3_PKc_E10_122.12	LMTK3	593	1258	616	661	1462	860
NEK5_PKc_E4_97.2	NEK5	1276	972	1244	1554	2549	1333
CDK10_PKc_E3_72.5	CDK10	1284	1348	615	1323	596	821
KIAA1804_PKc_E1_436.71	KIAA1804	929	1614	652	1010	616	574
DCLK1_PKc_E11_147.4	DCLK1	916	1184	1083	393	801	1424
PTK7_PKc_E18_152.5	PTK7	940	1644	988	938	2877	1315
TNK2_PKc_E4_81.4	TNK2	567	1820	702	614	2399	1714
ITK_PKc_E13_217.11	ITK	718	1144	1285	1567	805	1245
WEE1_PKc_E4_143.9	WEE1	1	0	0	10	0	164
MAPKAPK2_PKc_E4_80.1	MAPKAPK2	1529	2035	1761	1824	297	2249
AURKB_PKc_E7_149.8	AURKB	1823	563	375	614	1120	764
STK4_PKc_E7_138.8	STK4	776	624	2335	536	1263	1283
EPHA3_PKc_E10_43.1	EPHA3	1393	1586	780	561	1727	1472
CDK6_PKc_E5_110.8	CDK6	2561	1433	1654	2454	2369	1310
STK36_PKc_E3_141.8	STK36	1920	1390	973	785	453	911
RIPK2_PKc_E3_156.1	RIPK2	718	1985	1610	547	494	1700
MAPK15_PKc_E1_54.1	MAPK15	974	539	446	812	1270	934
PRPF4B_PKc_E13_152.11	PRPF4B	212	1	126	130	0	20
ADCK3_PKc_E10_94.9	ADCK3	98	713	1029	230	1203	1535
WNK4_PKc_E2_173.7	WNK4	1090	229	1421	490	1084	1299
DYRK1B_PKc_E4_84	DYRK1B	1168	562	925	127	213	1422
LYN_PKc_E10_77	LYN	942	1834	798	275	789	758
FGFR2_PKc_E14_123.2	FGFR2	1127	479	865	523	718	789
TAOK2_PKc_E4_102.11	TAOK2	449	258	180	464	516	519
STK26_PKc_E5_109.4	STK26	1279	1000	1843	1393	2491	1008
BMPR1A_PKc_E11_176.18	BMPR1A	728	1952	597	948	462	984
NEK1_PKc_E7_68.1	NEK1	784	1064	2102	1168	2207	1270
MAP3K13_PKc_E4_192.3	MAP3K13	715	600	435	1036	669	788
MOK_PKc_E3_90.5	MOK	497	647	483	330	309	1329
EIF2AK4_PKc_E10_107.8	EIF2AK4	1706	2105	1425	2227	3929	1512
CAMK2D_PKc_E2_95.4	CAMK2D	240	236	614	482	288	740
MAPK9_PKc_E2_50.1	MAPK9	1895	175	450	1045	982	469
HIPK1_PKc_E3_124.1	HIPK1	1143	995	262	1052	669	981
GSG2_PKc_E1_1371.11	GSG2	93	479	11	92	577	53
MAP3K5_PKc_E18_106	MAP3K5	692	1118	698	980	601	1106
NEK2_PKc_E6_48	NEK2	918	994	1333	707	890	1035
TRRAP_PKc_E68_218.23	TRRAP	719	132	408	219	103	256
ARAF_PKc_E10_152.5	ARAF	892	776	1861	1154	1613	1543
SRC_PKc_E12_154	SRC	686	3012	1235	790	1163	1120
MATK_PKc_E13_87	MATK	1533	937	1065	1177	1682	1125
MAP3K1_PKc_E16_163.5	MAP3K1	1134	850	1362	698	504	678
CAMK4_PKc_E5_73.1	CAMK4	2121	1052	1043	1148	1245	1527
MAST2_PKc_E18_166	MAST2	1079	743	1143	552	976	814
LMTK2_PKc_E8_85.7	LMTK2	1726	937	1201	1426	726	1005
PRKG2_PKc_E12_137.1	PRKG2	1343	1421	900	1943	1758	1058
neg34	CONTROL	1428	1446	1723	1139	2208	1730
IKBKB_PKc_E5_70.3	IKBKB	120	2096	789	61	1835	892
TRRAP_PKc_E71_195	TRRAP	343	266	460	67	247	1727
TRIB2_PKc_E2_293.17	TRIB2	1080	791	907	1177	254	1142
CDKL1_PKc_E3_73.1	CDKL1	1615	227	670	1251	1599	935
CHEK2_PKc_E7_54.1	CHEK2	2090	673	1470	1535	516	908
PDIK1L_PKc_E3_708.73	PDIK1L	595	385	928	612	547	1541
TYK2_PKc2_E23_118.7	TYK2	1672	1552	3366	2378	1268	1913
RPS6KA5_PKc_E5_108.3	RPS6KA5	999	1598	1207	412	912	831
ACVRL1_PKc_E6_147.8	ACVRL1	711	973	1505	445	1109	682
MTOR_PKc_E50_83.9	MTOR	112	373	154	161	166	253
NIM1K_PKc_E4_414.46	NIM1K	600	1573	1031	1056	841	1786
MAP3K9_PKc_E4_149.4	MAP3K9	614	1044	1101	435	750	911
PRKCH_PKc_E9_174.15	PRKCH	741	1715	751	563	3042	991
CSNK1G3_PKc_E6_235.1	CSNK1G3	325	1043	891	279	685	847
TTN_PKc_E358_736.2	TTN	1576	1319	1954	589	441	1696
MYLK3_PKc_E9_71	MYLK3	1198	3539	2195	1592	1257	1746
LMTK3_PKc_E9_85.4	LMTK3	362	308	904	908	889	1322
KDR_PKc_E19_114.3	KDR	469	1317	909	725	1643	930
TRIB3_PKc_E3_293.37	TRIB3	811	1981	677	819	429	834
PRKCG_PKc_E11_189.3	PRKCG	1385	927	2009	965	2540	1809
LCK_PKc_E9_180.18	LCK	1902	1502	1336	1279	1387	1330
TNNI3K_PKc_E15_58	TNNI3K	1216	129	797	948	535	737
STK3_PKc_E6_115.4	STK3	351	1035	522	301	1125	945
RPL23A_e3.1	RPL23A	0	124	0	0	86	27
MAPKAPK5_PKc_E4_98.3	MAPKAPK5	995	511	2763	895	1128	1849
NEK8_PKc_E5_156.19	NEK8	1191	662	1164	1794	1064	618
NEK9_PKc_E1_69.6	NEK9	230	167	426	263	529	331
GAK_PKc_E3_60	GAK	64	12	5	11	79	277
CDK6_PKc_E2_203.31	CDK6	54	480	396	593	296	1478
PBK_PKc_E3_59.2	PBK	1364	1528	1159	1500	835	911
LIMK1_PKc_E9_87.4	LIMK1	1461	1883	699	500	1541	362
CAMKK2_PKc_E6_134.7	CAMKK2	898	1456	879	726	1778	2737
TNK1_PKc_E6_284.41	TNK1	493	749	618	463	8	555
NEK4_PKc_E1_81.9	NEK4	871	463	1091	1193	594	468
HCK_PKc_E9_180.11	HCK	1635	1107	700	481	867	543
neg43	CONTROL	1440	1485	3353	1623	2715	2496
PNCK_PKc_E2_38	PNCK	429	1459	675	609	805	642
EPHB6_PKc_E12_248.1	EPHB6	1391	949	2038	1027	1403	1542
ADCK2_PKc_E8_114.6	ADCK2	664	1586	1358	458	1813	1344
CLK4_PKc_E9_130.3	CLK4	379	1453	1471	242	1897	894
CAMK4_PKc_E1_38.2	CAMK4	1488	2223	2106	1839	922	2248
MYO3A_PKc_E5_105	MYO3A	372	2054	1999	768	1679	1408
CAMK2G_PKc_E2_95.4	CAMK2G	1905	2222	1258	2116	2069	1345
PIM1_PKc_E2_81	PIM1	1309	1762	1094	429	837	1482
CSNK1A1_PKc_E1_78.2	CSNK1A1	1	370	165	11	223	74
neg02	CONTROL	713	1522	1535	1357	1738	994
MAP2K4_PKc_E5_120.2	MAP2K4	906	309	969	1589	464	412
JAK2_PKc2_E21_125.3	JAK2	2013	1025	1143	901	848	907
MYO3A_PKc_E3_165.9	MYO3A	717	2119	902	1092	2553	891
STK19_PKc_E5_140	STK19	1071	1209	1708	1221	937	1368
SIK1_PKc_E6_125.19	SIK1	802	1286	591	959	1642	800
STK4_PKc_E6_168.2	STK4	1514	1368	1807	1767	1396	1746
RPS6KA6_PKc_E7_107	RPS6KA6	1406	1655	1453	1208	1355	640
CSNK2A1_PKc_E11_101	CSNK2A1	408	12	367	418	194	348
INSRR_PKc_E17_213	INSRR	554	935	1124	560	1168	791
RPS6KA1_PKc2_E17_159	RPS6KA1	1301	1775	1192	1829	2258	1269
CSK_PKc_E11_196.3	CSK	1502	1274	1300	1287	1991	779
BMPR1A_PKc_E13_99.2	BMPR1A	1453	745	1507	621	1477	528
RPS6KL1_PKc_E4_42.3	RPS6KL1	165	1675	712	739	1346	414
INSR_PKc_E20_130.4	INSR	955	127	953	1018	57	570
TLK1_PKc_E15_92	TLK1	623	275	1198	449	1951	876
neg15	CONTROL	691	1682	1200	2441	1104	1274
GRK4_PKc_E10_38	GRK4	1075	794	871	1435	2134	895
MAP3K13_PKc_E7_61.3	MAP3K13	659	1126	987	664	873	684
MAK_PKc_E5_80.2	MAK	878	551	621	580	353	451
JAK1_PKc2_E20_193.4	JAK1	1865	718	536	979	240	215
MOS_PKc_E1_849.26	MOS	230	759	1204	726	684	949
ROCK1_PKc_E7_145.1	ROCK1	399	211	930	892	803	1088
PNCK_PKc_E4_75	PNCK	438	1746	1017	899	706	1114
WNK2_PKc_E4_158	WNK2	942	1619	766	1249	1244	1236
STK17B_PKc_E6_49.2	STK17B	2235	607	553	5731	1199	798
BCR_PKc_E1_1278.203	BCR	914	314	757	564	2	285
NEK4_PKc_E4_108.2	NEK4	1929	1081	2153	580	561	1875
ACVR1C_PKc_E6_157.1	ACVR1C	2103	1736	741	821	3069	796
neg20	CONTROL	406	236	1792	175	261	1747
BMPR1B_PKc_E8_298.19	BMPR1B	1382	1728	608	680	1755	1052
PAK2_PKc_E10_113.1	PAK2	1390	771	1011	610	136	1264
PKN2_PKc_E18_77	PKN2	64	888	590	564	1116	468
GUCY2D_PKc_E12_149.8	GUCY2D	1762	1113	1771	1073	1498	1348
ERN1_PKc_E19_98.5	ERN1	335	419	789	432	1265	725
VRK2_PKc_E4_70.1	VRK2	1179	645	694	422	955	530
TTBK1_PKc_E8_93.14	TTBK1	1613	1473	1186	871	1101	1520
TAOK2_PKc_E8_92.7	TAOK2	681	1274	753	865	1017	1513
PAK2_PKc_E13_197.21	PAK2	1462	334	9	320	256	358
KALRN_PKc_E60_399.58	KALRN	1509	2185	1625	1298	1309	2292
CSNK1G2_PKc_E3_41	CSNK1G2	192	227	480	211	2692	567
PRKCD_PKc_E13_174.16	PRKCD	855	1111	1163	872	941	621
PKN1_PKc_E15_92.8	PKN1	1076	2398	1081	1703	1874	1027
LYN_PKc_E13_194.6	LYN	953	460	1486	2030	1499	783
CDC42BPA_PKc_E5_149.8	CDC42BPA	1357	1104	1332	1031	959	1481
AKT2_PKc_E9_123.8	AKT2	1002	711	1198	1181	872	979
SPEG_PKc2_E34_123.9	SPEG	1639	2126	2387	846	2604	2113
neg23	CONTROL	3697	875	1420	1995	2603	1006
FGFR1_PKc_E13_191.13	FGFR1	460	1436	1307	280	3244	853
CDK20_PKc_E3_189.5	CDK20	2045	483	2035	2092	830	1334
ANKK1_PKc_E3_152.22	ANKK1	758	325	978	978	1796	958
FGFR1_PKc_E15_71.2	FGFR1	527	1175	970	101	983	674
ACVR1_PKc_E9_198.4	ACVR1	2015	847	596	747	988	582
MAP3K13_PKc_E3_158.16	MAP3K13	551	1222	198	2013	652	458
ADCK2_PKc_E3_129.17	ADCK2	1739	450	2001	837	1882	2076
ROS1_PKc_E38_130.7	ROS1	619	917	593	869	2094	1260
AAK1_PKc_E4_109.3	AAK1	3673	586	1053	3700	1166	2051
SRMS_PKc_E5_159.12	SRMS	40	1055	645	387	776	509
INSRR_PKc_E18_111.8	INSRR	1003	503	1098	463	1106	1250
STYK1_PKc_E6_182.18	STYK1	487	1114	849	136	572	859
CAMK2D_PKc_E5_66	CAMK2D	869	1247	1023	906	846	1319
ABL2_PKc_E6_85.1	ABL2	430	848	606	879	863	467
neg29	CONTROL	605	549	1763	1451	1906	1498
STK40_PKc_E3_87.9	STK40	704	750	570	999	871	609
GSK3B_PKc_E3_84.2	GSK3B	525	25	854	635	548	988
ULK1_PKc_E4_33	ULK1	1416	783	1797	1266	2487	1691
EPHA1_PKc_E13_62.2	EPHA1	1277	446	1057	2062	1020	1182
ABL2_PKc_E8_185	ABL2	843	507	583	136	107	716
TRPM6_PKc_E36_206.12	TRPM6	1337	794	572	665	781	1170
AAK1_PKc_E7_82.6	AAK1	1505	1778	1649	725	1786	1566
MAP3K14_PKc_E6_114.9	MAP3K14	1877	1953	836	457	892	505
EPHA2_PKc_E12_62	EPHA2	2322	1645	721	1689	2119	1471
WNK2_PKc_E5_89.7	WNK2	342	1200	949	669	1663	580
PRKCZ_PKc_E14_120.12	PRKCZ	843	815	1006	1357	2048	1013
JAK1_PKc2_E24_111.9	JAK1	1951	1336	1230	5561	334	985
ILK_PKc_E8_110.1	ILK	248	1096	165	220	1175	399
EIF2AK4_PKc2_E15_123.2	EIF2AK4	1579	1891	1354	1019	1510	877
CAMK1_PKc_E5_139	CAMK1	2232	3612	1398	1264	2337	1533
SGK1_PKc_E7_113.8	SGK1	1248	1395	743	1044	674	765
PLK2_PKc_E5_88.5	PLK2	476	731	868	573	849	1093
CSNK1G3_PKc_E5_149.1	CSNK1G3	667	678	798	717	533	939
PRKACG_PKc_E1_948.1	PRKACG	605	955	702	314	1101	747
MAP3K3_PKc_E16_178.27	MAP3K3	564	700	511	518	597	956
CDKL4_PKc_E2_122	CDKL4	1167	796	1189	1753	1285	691
RIOK2_PKc_E5_89	RIOK2	133	103	187	91	288	134
TRIB1_PKc_E1_72.9	TRIB1	591	1655	384	650	3100	1512
ADRBK2_PKc_E10_79.5	ADRBK2	605	582	1215	651	1010	708
TLK1_PKc_E17_170.6	TLK1	387	1643	357	498	466	615
MAP3K7_PKc_E2_111.1	MAP3K7	467	1750	271	868	751	880
GSG2_PKc_E1_1371.119	GSG2	603	167	433	375	207	868
MAP3K2_PKc_E15_178.2	MAP3K2	1571	1800	699	775	2026	1094
ADCK4_PKc_E10_94.6	ADCK4	1878	1690	1188	594	1755	1054
TGFBR2_PKc_E5_525.64	TGFBR2	1365	3759	1881	1036	1434	1762
SCYL2_PKc_E5_150.1	SCYL2	1802	748	1197	3101	712	804
EPHA6_PKc_E16_150.9	EPHA6	342	175	1057	1086	627	1651
ACVR1_PKc_E10_131	ACVR1	2449	479	458	1627	1495	1185
HIPK2_PKc_E5_87.4	HIPK2	1450	2307	2448	1142	2647	1748
PRKCI_PKc_E13_88.2	PRKCI	563	1507	588	794	1462	772
DYRK2_PKc_E3_1140.73	DYRK2	803	1318	850	1042	2809	924
TSSK6_PKc_E1_771.48	TSSK6	640	1094	328	392	2134	971
STK16_PKc_E4_134.16	STK16	625	882	94	464	237	154
LATS2_PKc_E6_183.17	LATS2	441	1769	575	842	625	1212
EPHA10_PKc_E11_186.3	EPHA10	2400	1285	655	2600	3122	1191
STK38L_PKc_E5_84	STK38L	845	1424	1125	717	2087	1182
RPA3_e1.3	RPA3	0	159	276	1	89	98
PTK2B_PKc_E25_90.3	PTK2B	866	868	557	1219	1472	1222
MTOR_PKc_E47_136.1	MTOR	728	0	87	1224	222	370
DYRK2_PKc_E3_1140.126	DYRK2	319	269	284	758	438	662
SLK_PKc_E3_49.1	SLK	998	2531	872	864	1018	486
PRKD3_PKc_E15_99	PRKD3	395	477	427	371	511	365
PAK2_PKc_E8_64.3	PAK2	862	86	880	537	1018	507
IRAK4_PKc_E11_63.2	IRAK4	0	2007	245	788	740	465
FER_PKc_E15_116.2	FER	613	1063	2001	663	1549	924
SIK3_PKc_E5_125.12	SIK3	78	490	485	164	502	333
ACVR1B_PKc_E9_131.14	ACVR1B	1574	1677	720	1622	1014	595
PIK3R4_PKc_E4_93.1	PIK3R4	1808	727	1050	1139	698	948
MAPK12_PKc_E2_130.1	MAPK12	218	1131	404	378	1224	497
MAPK13_PKc_E1_95.9	MAPK13	831	551	397	390	214	633
TTK_PKc_E17_125.3	TTK	236	1194	900	421	331	1549
TSSK6_PKc_E1_771.7	TSSK6	805	793	1003	789	339	279
RPS6KA2_PKc2_E17_162.12	RPS6KA2	1352	1032	1426	1293	731	1825
FGFR3_PKc_E13_191.41	FGFR3	1475	1456	1447	1644	1674	2548
STK32C_PKc_E2_45.7	STK32C	965	1011	1104	338	328	531
FGFR1_PKc_E10_41	FGFR1	817	846	502	631	1122	912
NEK5_PKc_E6_84.4	NEK5	706	1022	1348	946	770	913
PDK3_PKc_E5_62.2	PDK3	302	2169	696	1588	1343	1063
MINK1_PKc_E1_36.1	MINK1	2329	1267	751	1911	3870	1215
ILK_PKc_E10_122.7	ILK	731	386	1187	486	588	1189
MYLK2_PKc_E8_142.4	MYLK2	318	1511	792	706	462	601
TIE1_PKc_E17_191.24	TIE1	1616	1876	1437	714	2174	1508
TEK_PKc_E15_130.7	TEK	1522	1319	854	1141	951	703
GUCY2F_PKc_E9_177.5	GUCY2F	1343	1374	383	554	1704	512
BUB1B_PKc_E18_101.2	BUB1B	123	0	114	15	81	0
DCLK1_PKc_E8_83.4	DCLK1	668	1777	1778	1206	1339	1185
CLK1_PKc_E7_167.7	CLK1	229	574	860	323	539	1097
POLR2D_e3.1	POLR2D	0	0	1	183	0	27
CDK5_PKc_E1_37.2	CDK5	1297	1543	956	1646	444	1445
ADCK3_PKc_E12_108.8	ADCK3	490	1315	665	904	1665	783
MAP3K9_PKc_E3_181.9	MAP3K9	299	805	2055	362	302	1247
MAP3K7_PKc_E1_120.13	MAP3K7	1003	2376	1377	734	3314	1406
ERBB3_PKc_E23_147.5	ERBB3	56	41	723	161	62	251
STK11_PKc_E6_128.2	STK11	1019	208	93	2407	548	974
TAOK1_PKc_E6_97.2	TAOK1	446	1443	1873	368	494	1301
PTK2B_PKc_E20_90.1	PTK2B	1500	1074	664	1151	1809	1160
PRKD1_PKc_E14_162.7	PRKD1	291	840	154	51	608	150
PDK3_PKc_E4_185.1	PDK3	1056	426	809	660	450	1006
BUB1B_PKc_E17_37	BUB1B	126	1156	272	85	674	278
AXL_PKc_E17_110.5	AXL	1242	1024	733	1052	318	1117
ACVRL1_PKc_E6_147.3	ACVRL1	1501	599	1129	938	367	268
GUCY2D_PKc_E10_157.1	GUCY2D	2425	1208	1158	2048	1375	1183
ACVR2A_PKc_E5_87.3	ACVR2A	1155	1591	364	1202	1149	1302
CAMKV_PKc_E6_121.12	CAMKV	2050	2269	1699	1065	1067	1847
EPHA8_PKc_E11_186.28	EPHA8	1057	778	1156	598	425	1042
CAMK2B_PKc_E2_95.3	CAMK2B	648	818	1026	228	1537	1044
RPS6KA5_PKc2_E14_192.21	RPS6KA5	776	1007	887	592	816	683
IRAK3_PKc_E9_199.15	IRAK3	246	586	683	527	954	703
PLK4_PKc_E4_115	PLK4	374	225	305	173	0	471
MAK_PKc_E6_133.7	MAK	1405	2855	1804	774	2365	2341
RET_PKc_E14_215.42	RET	455	2660	373	431	793	559
PLK2_PKc_E2_108	PLK2	1086	1409	410	705	1442	500
EPHA2_PKc_E11_189.12	EPHA2	107	750	966	284	0	1143
AURKC_PKc_E5_149.13	AURKC	563	1410	2408	916	869	1157
PRKCE_PKc_E10_174.13	PRKCE	1053	690	1173	568	1184	478
OBSCN_PKc2_E103_76.7	OBSCN	1090	1791	1080	1456	400	769
FGFR4_PKc_E10_38.3	FGFR4	547	36	345	801	290	315
AURKB_PKc_E9_156.14	AURKB	0	0	0	106	0	12
AAK1_PKc_E3_119.6	AAK1	745	407	1255	523	735	941
MASTL_PKc2_E11_102.1	MASTL	912	1378	851	689	1055	531
CAMK1G_PKc_E2_38	CAMK1G	773	1003	842	694	1963	1202
LCK_PKc_E8_76.1	LCK	1023	466	606	919	527	1215
MAPK8_PKc_E4_59	MAPK8	554	431	484	522	131	328
POLR2A_e10.1	POLR2A	0	0	0	111	223	0
AXL_PKc_E18_160.14	AXL	1039	944	803	1037	1485	865
PAK6_PKc_E8_127.8	PAK6	654	691	1289	683	858	722
NUAK2_PKc_E3_152.1	NUAK2	392	886	225	147	1381	1061
GAK_PKc_E1_31	GAK	93	329	30	72	546	145
FLT1_PKc_E20_89.2	FLT1	166	614	2116	938	2180	1260
PDGFRB_PKc_E15_160.7	PDGFRB	904	759	1946	1009	1044	542
ERN1_PKc_E17_200.6	ERN1	1152	691	1584	1379	1438	1223
AURKB_PKc_E5_191.2	AURKB	0	250	158	2	268	83
CSNK2A1_PKc_E11_101.1	CSNK2A1	373	373	779	920	313	546
HUNK_PKc_E2_293.25	HUNK	1476	1321	608	1589	574	489
NTRK2_PKc_E19_235.8	NTRK2	950	818	1038	744	1136	820
TESK1_PKc_E6_91.9	TESK1	1362	1538	1344	583	1466	1792
MKNK1_PKc_E4_98.4	MKNK1	268	311	1184	208	191	822
PDK4_PKc_E5_59	PDK4	1161	1624	967	912	1343	788
MAPK13_PKc_E6_48.2	MAPK13	909	475	693	1329	454	396
MAP3K6_PKc_E20_135.17	MAP3K6	2509	918	508	807	1545	467
NUAK1_PKc_E4_66.2	NUAK1	275	278	445	180	365	137
PRPF4B_PKc_E11_154.2	PRPF4B	0	79	56	57	160	152
PLK1_PKc_E2_169.19	PLK1	177	0	187	415	85	522
MAP3K11_PKc_E3_149.4	MAP3K11	389	40	660	502	607	578
HCK_PKc_E13_194.6	HCK	241	0	160	254	205	356
MAP4K5_PKc_E3_58.2	MAP4K5	1215	764	4809	1394	933	2141
SRC_PKc_E11_77.4	SRC	197	1167	593	572	690	1375
RYK_PKc_E8_49	RYK	927	817	2021	584	737	1285
PIM1_PKc_E4_367.38	PIM1	1266	1824	877	920	1341	1037
SCYL1_PKc_E5_91.8	SCYL1	325	439	590	708	858	453
MAST3_PKc_E16_166.17	MAST3	758	1623	1044	675	734	1260
BUB1_PKc_E24_107	BUB1	6	771	0	130	647	189
LTK_PKc_E11_35	LTK	1642	751	364	737	844	474
PDIK1L_PKc_E2_267.1	PDIK1L	1173	404	1083	487	678	1002
PRKD3_PKc_E13_107.3	PRKD3	2285	603	880	1244	922	1769
IRAK2_PKc_E8_110.3	IRAK2	1210	1242	1110	1264	1303	1775
STK38L_PKc_E8_103.3	STK38L	263	604	577	160	316	264
PRKACB_PKc_E5_83.3	PRKACB	842	340	1009	400	675	393
DYRK3_PKc_E3_1140.67	DYRK3	1198	1523	1006	1117	3319	1728
PDK4_PKc_E2_142.7	PDK4	390	1708	812	896	807	674
PDK2_PKc_E1_34	PDK2	786	433	648	498	263	610
NEK7_PKc_E3_102.5	NEK7	1299	1150	1703	489	1328	1065
CDC7_PKc_E8_96.2	CDC7	92	201	707	1009	656	819
FLT1_PKc_E21_157.4	FLT1	1287	1892	968	1505	1466	1492
TRIO_PKc_E57_399.42	TRIO	277	447	521	693	600	656
STK36_PKc_E6_250.25	STK36	789	1846	1739	763	1965	2227
MOS_PKc_E1_849.125	MOS	498	1615	1652	531	398	571
JAK2_PKc_E18_151.5	JAK2	584	1566	804	871	929	891
DYRK3_PKc_E3_1140.115	DYRK3	143	636	754	628	1337	973
STK25_PKc_E8_102.1	STK25	883	1117	779	630	1552	1392
AK3_PKc_E3_173.2	AK3	910	766	1030	1079	1111	1008
ADCK4_PKc_E12_108.1	ADCK4	1793	769	1353	1302	1245	541
RIOK3_PKc_E10_81.1	RIOK3	1450	1949	194	1008	1370	1059
RIPK4_PKc_E5_159.15	RIPK4	656	1104	720	774	549	193
MKNK1_PKc_E5_80.3	MKNK1	416	292	273	542	1272	187
MAPK8_PKc_E2_50.1	MAPK8	495	158	421	105	21	236
neg25	CONTROL	1376	1275	1285	1478	1895	1887
CAMK1G_PKc_E3_129.8	CAMK1G	760	1347	342	717	959	432
TSSK2_PKc_E1_789.87	TSSK2	494	1089	743	555	744	441
RPS6KA6_PKc2_E17_159.6	RPS6KA6	976	2051	708	662	682	802
PKMYT1_PKc_E3_57	PKMYT1	136	359	267	135	309	964
CDK18_PKc_E7_95.9	CDK18	544	751	1706	816	840	2767
CDK12_PKc_E5_171.8	CDK12	1720	3049	1266	844	2436	870
STK32B_PKc_E3_152	STK32B	750	2282	1044	197	1312	1038
PBK_PKc_E4_143.6	PBK	375	1880	692	1102	1598	598
LRRK2_PKc_E39_101.2	LRRK2	196	238	653	431	593	717
MAPK7_PKc_E4_754.65	MAPK7	780	1472	1466	269	1686	1035
MAP3K8_PKc_E5_262.23	MAP3K8	1544	758	753	1375	907	885
BMPR2_PKc_E7_115.4	BMPR2	1143	2152	1020	1062	463	942
CDC42BPG_PKc_E2_48.1	CDC42BPG	907	183	308	573	463	864
POLR2A_e2.1	POLR2A	9	62	68	9	10	108
PLK4_PKc_E5_458.19	PLK4	366	696	657	335	381	761
ULK1_PKc_E2_93.5	ULK1	1380	684	2524	1036	911	1658
neg12	CONTROL	1122	1591	1549	1751	998	1685
YES1_PKc_E10_154.1	YES1	1073	917	2300	859	724	884
SPEG_PKc1_E24_78.6	SPEG	681	1320	767	823	1338	517
RPS6KA2_PKc_E2_42.2	RPS6KA2	321	613	1232	663	783	429
ADCK1_PKc_E5_159.11	ADCK1	325	1619	578	582	1324	1176
PRKCE_PKc_E13_189.18	PRKCE	211	598	1516	311	461	1078
EPHA1_PKc_E16_150.6	EPHA1	442	590	490	300	2133	494
neg17	CONTROL	1902	964	953	1493	1282	1769
SRPK3_PKc_E5_88.11	SRPK3	831	558	1288	591	481	1098
CSNK1G3_PKc_E4_70.2	CSNK1G3	446	128	480	1518	133	601
TBK1_PKc_E5_182.1	TBK1	626	37	824	1194	1257	827
CSNK1D_PKc_E5_171.15	CSNK1D	2019	1159	1175	3663	1755	1122
BMP2K_PKc_E2_119.7	BMP2K	684	2204	1349	709	1888	1903
STK26_PKc_E8_102	STK26	1889	1386	1703	1038	1926	1147
PAK2_PKc_E11_118.2	PAK2	1926	180	719	853	303	789
WEE1_PKc_E6_147.2	WEE1	609	429	915	457	721	503
PLK3_PKc_E3_117.4	PLK3	612	1256	1244	524	752	1213
PRKCQ_PKc_E13_92.2	PRKCQ	446	1245	1003	223	2153	936
DYRK2_PKc_E3_1140.134	DYRK2	1031	439	520	1216	698	839
RPS6KL1_PKc_E5_48.2	RPS6KL1	490	1171	491	158	1230	655
FASTK_PKc_E5_201.31	FASTK	360	2870	1620	647	1688	833
PIM1_PKc_E2_81.6	PIM1	361	390	412	178	383	791
TYK2_PKc_E18_135.4	TYK2	1705	1406	1507	1188	1540	2140
STK32A_PKc_E5_174.15	STK32A	2741	1252	1372	3449	1546	1464
MAP3K10_PKc_E2_181.9	MAP3K10	641	1455	838	782	994	728
KSR1_PKc_E18_134.12	KSR1	350	518	535	225	551	1402
MERTK_PKc_E17_160.3	MERTK	390	856	292	660	693	690
DSTYK_PKc_E10_114.7	DSTYK	817	2254	1694	1252	1759	1670
ABL1_PKc_E6_178.11	ABL1	2287	1302	1234	1435	1123	2371
STK31_PKc_E21_150.5	STK31	1023	0	294	1025	568	591
neg49	CONTROL	860	1728	1217	865	406	2437
TRIO_PKc_E55_201.2	TRIO	1227	1004	481	845	1305	749
CDC7_PKc_E5_94.1	CDC7	0	0	0	0	0	0
MST1R_PKc_E15_81.6	MST1R	1062	0	555	280	359	216
MST1R_PKc_E17_110.17	MST1R	455	721	1423	376	453	1584
CDC42BPG_PKc_E7_201.27	CDC42BPG	856	209	275	376	236	677
MAPKAPK5_PKc_E3_76	MAPKAPK5	1749	426	1076	1606	567	492
TNIK_PKc_E6_91.2	TNIK	697	578	320	377	738	363
STK33_PKc_E5_114.5	STK33	1682	1239	603	1400	1515	1186
JAK3_PKc_E14_128.4	JAK3	859	1075	1755	1425	1167	1224
FGFR4_PKc_E12_111.3	FGFR4	863	778	578	670	965	419
MAP3K5_PKc_E17_137.11	MAP3K5	408	652	1017	420	1353	754
PRPF4B_PKc_E14_87	PRPF4B	67	142	237	132	199	284
LIMK2_PKc_E9_132.8	LIMK2	1605	1713	1448	925	229	1009
EGFR_PKc_E22_76.2	EGFR	1086	365	64	2199	230	170
CAMKK2_PKc_E5_52.1	CAMKK2	687	247	578	683	107	615
SNRK_PKc_E4_142.6	SNRK	1364	988	1928	1251	1278	1778
EPHA7_PKc_E12_62.2	EPHA7	1449	1051	921	699	1044	1136
TGFBR2_PKc_E5_525.62	TGFBR2	590	253	989	392	50	820
PRKD3_PKc_E14_162.8	PRKD3	1141	309	570	407	421	817
STK32C_PKc_E6_90.7	STK32C	1586	1097	1047	506	1521	1185
SMG1_PKc_E45_84	SMG1	303	629	442	876	878	602
POLR2A_e28.2	POLR2A	438	27	759	373	290	1149
DCLK1_PKc_E9_58	DCLK1	446	965	902	668	1272	816
MAST4_PKc_E18_166.6	MAST4	509	692	1026	177	778	680
AMHR2_PKc_E9_148.14	AMHR2	518	514	716	770	558	736
CSF1R_PKc_E14_111.8	CSF1R	77	2066	1169	680	2924	731
CDK18_PKc_E6_115.5	CDK18	1264	575	197	304	363	450
CLK3_PKc_E7_167.21	CLK3	1214	967	286	1020	1388	725
ADCK2_PKc_E4_96.5	ADCK2	765	1362	674	1189	199	434
AURKC_PKc_E4_139.1	AURKC	647	703	394	296	276	213
NLK_PKc_E2_130.5	NLK	531	962	1011	756	1829	575
NTRK1_PKc_E15_241.18	NTRK1	583	356	850	331	193	182
CDK2_PKc_E3_121.2	CDK2	966	644	1041	645	1033	1015
NEK8_PKc_E1_41.1	NEK8	897	557	539	590	2251	743
CSNK2A2_PKc_E4_51	CSNK2A2	182	527	386	408	623	220
STK40_PKc_E7_116.11	STK40	209	389	108	61	348	33
MAP2K3_PKc_E5_120.9	MAP2K3	2502	555	652	1783	914	740
PRKD2_PKc_E17_83.1	PRKD2	1435	1780	1162	730	1859	480
NEK11_PKc_E9_64	NEK11	1432	722	1052	490	1571	1391
GSG2_PKc_E1_1371.9	GSG2	172	281	596	356	379	312
ADCK2_PKc_E1_534.7	ADCK2	1014	819	1288	1032	469	681
PRKACA_PKc_E5_83.8	PRKACA	9	461	617	197	722	528
MAST3_PKc_E13_209.5	MAST3	1318	475	876	1177	959	839
ROR2_PKc_E9_852.43	ROR2	1402	1105	854	248	1528	1121
STK11_PKc_E2_84.3	STK11	472	1053	553	742	1712	1889
NIM1K_PKc_E2_82.4	NIM1K	1600	1846	342	770	656	930
PRKG2_PKc_E13_90.7	PRKG2	927	876	571	609	1216	275
ULK3_PKc_E6_83.5	ULK3	775	1768	932	506	1735	952
PRKDC_PKc_E79_221.2	PRKDC	0	380	133	84	215	294
SIK3_PKc_E3_64.1	SIK3	879	707	681	1024	553	697
TSSK1B_PKc_E1_789.93	TSSK1B	1156	19	810	409	1550	503
TRIB3_PKc_E3_293.48	TRIB3	1342	451	766	696	387	92
CHEK1_PKc_E7_105.1	CHEK1	40	0	16	454	9	146
KIAA1804_PKc_E1_436.31	KIAA1804	142	619	370	241	733	319
PRKACG_PKc_E1_948.136	PRKACG	801	1085	769	347	945	633
MAPK9_PKc_E4_59	MAPK9	312	387	458	321	466	510
ANKK1_PKc_E1_113.15	ANKK1	1572	1435	696	1159	579	1009
TESK2_PKc_E7_85.7	TESK2	640	1302	690	38	427	1189
PRKG2_PKc_E14_142.4	PRKG2	876	1866	1734	2510	2821	1231
STK19_PKc_E7_148.22	STK19	367	328	248	462	374	158
PRKCB_PKc_E6_157.15	PRKCB	260	1447	1340	335	591	2222
EPHA8_PKc_E11_186.31	EPHA8	321	487	572	496	908	890
AKT3_PKc_E4_36	AKT3	613	691	607	529	467	839
PRKACG_PKc_E1_948.164	PRKACG	533	215	263	408	292	601
BCR_PKc_E1_1278.57	BCR	48	617	671	139	684	746
AK1_PKc_E3_28	AK1	123	244	254	440	383	597
SGK494_PKc_E4_69.2	SGK494	729	927	477	383	1965	1235
DAPK1_PKc_E5_130.11	DAPK1	1940	880	1178	1449	340	440
PIK3R4_PKc_E3_134.5	PIK3R4	463	590	178	428	631	263
NPR2_PKc_E10_78.1	NPR2	1050	1390	1199	567	1140	638
neg22	CONTROL	1210	576	843	1442	474	536
CDK13_PKc_E4_94.2	CDK13	143	791	335	0	0	135
TYRO3_PKc_E15_122.1	TYRO3	441	448	267	159	374	206
SGK3_PKc_E12_37.1	SGK3	1543	653	799	766	567	463
DAPK1_PKc_E2_44.1	DAPK1	475	982	912	265	201	484
WNK1_PKc_E2_173.6	WNK1	535	431	648	437	1096	587
IRAK2_PKc_E9_196.14	IRAK2	1881	1070	1187	1723	1117	1179
FGFR3_PKc_E10_38.6	FGFR3	189	421	99	217	413	101
DYRK1B_PKc_E7_147.3	DYRK1B	2050	283	887	871	746	1536
DMPK_PKc_E3_96.8	DMPK	1647	1347	944	1392	494	754
PDK1_PKc_E3_72.2	PDK1	1157	606	1298	603	242	990
KIT_PKc_E13_111.6	KIT	1405	1991	532	623	1439	974
TSSK3_PKc_E1_121.8	TSSK3	78	246	0	117	388	348
STRADA_PKc_E9_172.18	STRADA	889	608	977	976	542	891
CSNK1G2_PKc_E4_70.3	CSNK1G2	482	825	416	601	612	449
CAMKK1_PKc_E6_134.7	CAMKK1	250	0	827	187	380	332
GAK_PKc_E5_143.15	GAK	433	79	66	13	225	108
EPHB1_PKc_E13_150.12	EPHB1	234	0	955	114	422	1242
ACVR1C_PKc_E9_102.6	ACVR1C	582	0	1159	1122	975	636
PASK_PKc_E12_81	PASK	110	729	1640	246	1858	1473
MYLK2_PKc_E7_110.3	MYLK2	598	491	964	407	1118	516
JAK1_PKc_E13_144.4	JAK1	945	209	509	882	488	709
RPS6KA4_PKc2_E11_134	RPS6KA4	182	458	403	257	355	480
MAPK11_PKc_E1_95.11	MAPK11	34	1342	217	116	688	128
TEC_PKc_E16_119.4	TEC	288	482	1009	322	810	469
RNASEL_PKc_E3_86.3	RNASEL	519	184	742	616	471	631
LMTK3_PKc_E6_119.1	LMTK3	512	1728	1097	1067	2295	882
ZAP70_PKc_E13_113.12	ZAP70	1698	1526	833	1001	933	800
NIM1K_PKc_E2_82.1	NIM1K	1078	1441	799	1105	811	810
AK3_PKc_E1_127.18	AK3	153	1577	830	1223	599	834
ACVR2A_PKc_E6_144	ACVR2A	898	1013	786	1194	1158	1646
DYRK3_PKc_E3_1140.119	DYRK3	82	83	227	263	385	855
WNK1_PKc_E6_49.2	WNK1	185	908	1321	426	1319	1846
TAOK3_PKc_E3_117.7	TAOK3	472	232	305	960	1080	576
NEK4_PKc_E2_267.27	NEK4	1146	676	698	1347	661	678
ROR1_PKc_E9_849	ROR1	1770	1233	958	1054	1358	2010
NPR1_PKc_E10_78	NPR1	318	1343	202	721	869	669
neg41	CONTROL	3914	687	378	3418	1828	255
SLK_PKc_E1_69.3	SLK	203	496	81	614	216	135
MAP3K6_PKc_E19_158.22	MAP3K6	537	521	316	877	326	358
EPHA4_PKc_E11_43.1	EPHA4	1940	822	1091	841	561	1012
NUAK1_PKc_E3_152.6	NUAK1	22	1137	511	7	333	497
EPHA4_PKc_E12_186.13	EPHA4	548	1533	286	937	569	700
CDKL2_PKc_E5_113.6	CDKL2	218	1316	1051	328	754	292
MAP2K7_PKc_E6_120	MAP2K7	315	0	558	178	0	489
TYK2_PKc_E13_186.14	TYK2	491	831	136	268	842	272
ZAP70_PKc_E14_67.3	ZAP70	275	1842	582	405	1029	570
CAMKV_PKc_E3_132.12	CAMKV	58	536	228	336	172	312
PTK2_PKc_E17_85.1	PTK2	914	1524	1017	496	497	747
PRKCI_PKc_E12_136.1	PRKCI	143	1759	938	214	555	994
GRK5_PKc_E10_38	GRK5	740	1441	837	1861	2918	1428
BMPR1A_PKc_E10_298	BMPR1A	2276	1105	520	1639	642	584
PKMYT1_PKc_E3_57.4	PKMYT1	0	0	0	0	0	105
SGK3_PKc_E9_84	SGK3	985	664	854	336	324	326
RPS6KA5_PKc2_E15_160.1	RPS6KA5	597	1083	71	322	448	178
FASTK_PKc_E8_41.2	FASTK	101	756	1039	427	1300	1478
NTRK2_PKc_E17_123.3	NTRK2	746	942	673	380	791	859
ATM_PKc_E60_115.6	ATM	139	176	82	378	372	18
WNK4_PKc_E6_37	WNK4	1161	501	404	765	273	913
OBSCN_PKc_E87_61.4	OBSCN	492	537	74	786	655	231
NEK2_PKc_E1_78.8	NEK2	229	0	160	80	21	137
ROS1_PKc_E41_135.2	ROS1	260	1082	436	255	706	400
PIM3_PKc_E2_81.7	PIM3	486	830	1200	772	821	832
TYK2_PKc_E17_155.3	TYK2	1544	535	1196	2331	451	929
PRKAA2_PKc_E4_145.8	PRKAA2	485	655	425	349	626	408
MAPK13_PKc_E3_59	MAPK13	183	216	381	417	104	258
STK40_PKc_E8_145.22	STK40	530	620	399	1094	407	395
RPS6KA1_PKc2_E20_118.3	RPS6KA1	278	331	280	439	84	128
PASK_PKc_E14_156.1	PASK	889	1016	308	414	533	618
PTK2_PKc_E21_90.2	PTK2	433	1495	249	342	256	265
PTK7_PKc_E15_40.2	PTK7	1623	844	849	864	1944	615
BCR_PKc_E1_1278.9	BCR	1085	1585	787	344	1979	1085
STK36_PKc_E5_131.13	STK36	1983	1307	778	1509	768	753
CHEK2_PKc_E5_47.1	CHEK2	1075	2155	907	1466	1871	1525
SYK_PKc_E12_141.1	SYK	162	1006	90	376	18	763
PKN2_PKc_E15_92	PKN2	552	587	375	464	117	51
CDK13_PKc_E5_171	CDK13	65	169	265	85	426	458
ADCK1_PKc_E5_159.31	ADCK1	72	1221	421	500	1553	248
MAP4K5_PKc_E2_81.2	MAP4K5	101	1131	507	182	186	221
RIOK1_PKc_E9_87.2	RIOK1	1745	203	730	1271	509	381
MYLK3_PKc_E7_110.2	MYLK3	1016	185	276	205	201	744
TRIB1_PKc_E2_293.41	TRIB1	336	594	659	797	539	542
LCK_PKc_E13_173.24	LCK	395	522	59	400	220	100
BTK_PKc_E19_48	BTK	582	103	108	350	329	268
MAPK13_PKc_E2_130.6	MAPK13	552	159	494	238	452	644
TRIO_PKc_E55_201.12	TRIO	241	435	863	401	131	577
TSSK3_PKc_E2_650.61	TSSK3	270	525	392	622	317	596
IGF1R_PKc_E19_130.1	IGF1R	112	45	221	109	306	216
EIF2AK4_PKc2_E13_70	EIF2AK4	280	435	972	341	605	342
WEE1_PKc_E5_122.1	WEE1	0	4	0	0	1	3
NEK8_PKc_E4_132.6	NEK8	549	629	321	381	343	415
EGFR_PKc_E23_147.18	EGFR	0	228	42	79	249	162
MAPK11_PKc_E2_130.4	MAPK11	249	1700	961	290	1166	1165
IRAK1_PKc_E5_81.5	IRAK1	2013	662	1019	1350	991	1208
ULK3_PKc_E5_144.15	ULK3	28	223	434	19	130	553
MAP2K4_PKc_E3_111.2	MAP2K4	252	430	886	617	171	485
DAPK3_PKc_E4_130.4	DAPK3	425	490	491	956	254	679
MAP3K8_PKc_E8_138.7	MAP3K8	3886	462	1142	1669	1817	1084
STK39_PKc_E2_113.5	STK39	1191	412	431	619	270	521
FES_PKc_E16_124.2	FES	980	331	1262	277	700	1743
RIPK2_PKc_E7_56	RIPK2	611	470	867	60	266	606
VRK2_PKc_E9_121.15	VRK2	569	1652	477	496	621	798
BCR_PKc_E1_1278.13	BCR	821	1720	379	695	372	278
TLK1_PKc_E16_90.5	TLK1	477	739	382	289	832	729
PRKY_PKc_E3_264.32	PRKY	411	31	94	180	755	290
NPR1_PKc_E12_72.4	NPR1	726	721	1481	320	239	935
RPS6KA1_PKc2_E15_126.1	RPS6KA1	295	745	545	382	590	213
MAP3K1_PKc_E20_138.6	MAP3K1	611	775	933	636	720	546
STK24_PKc_E4_109.3	STK24	284	90	537	446	915	293
STK17A_PKc_E1_56.8	STK17A	672	178	1237	669	1494	1367
EPHB6_PKc_E11_43.4	EPHB6	892	919	261	835	1904	324
BRAF_PKc_E17_135	BRAF	103	2	276	156	294	215
EPHB4_PKc_E12_248.35	EPHB4	1668	756	1102	941	1142	1002
SMG1_PKc_E43_139.5	SMG1	328	546	316	266	422	236
POLR2A_e10.2	POLR2A	0	0	39	40	54	0
PKMYT1_PKc_E4_494.118	PKMYT1	0	55	121	127	0	89
TEK_PKc_E17_191.28	TEK	630	1018	365	1409	1113	1286
CDK15_PKc_E7_124.3	CDK15	247	1005	53	348	754	32
CAMK2B_PKc_E5_66.1	CAMK2B	123	649	200	106	369	76
ADCK2_PKc_E7_54	ADCK2	534	889	305	790	320	510
CAMK4_PKc_E4_83.1	CAMK4	1808	1828	1643	453	1118	1977
AKT2_PKc_E11_215.3	AKT2	523	1272	696	917	151	344
HIPK4_PKc_E2_357.17	HIPK4	1434	397	348	988	1467	816
MAPK7_PKc_E2_88.4	MAPK7	2	385	569	283	413	575
PSKH2_PKc_E2_667.2	PSKH2	192	1025	509	287	877	537
OBSCN_PKc2_E101_240.47	OBSCN	151	321	655	328	569	465
PIM2_PKc_E6_89.18	PIM2	234	528	160	160	113	99
DAPK1_PKc_E3_222.6	DAPK1	83	514	100	252	415	328
CAMKV_PKc_E5_139.14	CAMKV	166	59	328	403	847	486
STK38_PKc_E9_62.4	STK38	494	883	781	628	378	769
AURKC_PKc_E3_191.21	AURKC	509	106	982	175	513	502
AK3_PKc_E1_127.14	AK3	255	1304	500	424	134	638
MATK_PKc_E9_100.8	MATK	197	317	486	214	0	684
PAK7_PKc_E8_127.4	PAK7	89	207	89	123	555	0
MET_PKc_E20_137.9	MET	132	66	240	48	310	428
MOS_PKc_E1_849.53	MOS	741	164	249	164	380	259
JAK1_PKc2_E23_118	JAK1	1128	1302	1333	1306	584	1274
MYLK4_PKc_E9_129.12	MYLK4	297	1008	490	231	424	436
AAK1_PKc_E5_143.1	AAK1	278	675	507	727	706	503
RIPK3_PKc_E4_146.18	RIPK3	0	647	463	111	258	281
PDK2_PKc_E4_185.26	PDK2	188	201	461	0	75	302
CSNK2A1_PKc_E12_149.5	CSNK2A1	45	1704	1187	1000	613	1226
DYRK1A_PKc_E8_141.1	DYRK1A	84	428	686	170	434	523
HUNK_PKc_E1_90.6	HUNK	267	139	701	113	81	965
ACVR1C_PKc_E5_168.6	ACVR1C	571	1042	730	273	771	650
SCYL1_PKc_E1_54.5	SCYL1	385	541	232	491	536	332
AKT3_PKc_E10_215.1	AKT3	69	183	355	13	201	149
CHUK_PKc_E5_89	CHUK	668	1861	752	510	786	651
neg44	CONTROL	115	433	1068	591	199	436
FGR_PKc_E9_180.14	FGR	81	454	268	522	229	327
MAPK10_PKc_E8_166.6	MAPK10	828	1596	1245	1163	1529	869
SGK1_PKc_E6_132	SGK1	471	516	159	128	895	399
DYRK2_PKc_E3_1140.135	DYRK2	138	430	756	309	330	1446
NTRK2_PKc_E20_159.3	NTRK2	1606	309	895	437	510	1073
PIM3_PKc_E6_86.6	PIM3	192	77	311	491	98	566
NTRK2_PKc_E18_173.3	NTRK2	886	0	562	352	384	352
ICK_PKc_E6_80.2	ICK	743	802	2534	1084	281	2054
PRKAA2_PKc_E6_225.3	PRKAA2	1172	105	981	874	303	733
PKN2_PKc_E19_143.9	PKN2	434	124	470	173	340	151
PAK4_PKc_E5_201.2	PAK4	163	307	320	253	49	514
CSNK1G2_PKc_E7_86.13	CSNK1G2	1601	0	354	1273	479	302
HIPK2_PKc_E2_557.17	HIPK2	333	798	656	218	673	286
CLK1_PKc_E4_40	CLK1	33	40	143	355	25	178
RPS6KA2_PKc2_E13_131.14	RPS6KA2	862	546	1223	1134	752	742
MAP3K5_PKc_E15_134.6	MAP3K5	311	623	496	291	416	296
MAP3K11_PKc_E2_181.6	MAP3K11	549	456	208	476	310	244
MAPK10_PKc_E4_50.1	MAPK10	327	30	408	103	77	311
TYK2_PKc2_E22_173.14	TYK2	212	329	233	68	125	197
SRPK3_PKc_E6_107.7	SRPK3	233	1059	920	478	807	1183
ABL2_PKc_E5_120.8	ABL2	269	143	445	100	382	337
PTK6_PKc_E4_121.15	PTK6	331	1	3	268	159	147
WNK4_PKc_E1_105.3	WNK4	287	1028	19	127	100	193
AKT3_PKc_E9_129.5	AKT3	608	598	261	109	251	141
TXK_PKc_E11_217.18	TXK	1036	20	81	605	266	462
CDK11B_PKc_E14_106.1	CDK11B	0	173	6	92	122	1
FLT4_PKc_E20_89.4	FLT4	641	378	301	300	0	365
RIOK2_PKc_E6_192.9	RIOK2	530	845	409	14	954	212
MAP3K12_PKc_E7_61.4	MAP3K12	125	522	188	128	318	312
MAP3K6_PKc_E18_106.4	MAP3K6	221	454	141	296	696	263
RIPK4_PKc_E3_149.14	RIPK4	2625	522	994	1712	1437	1369
FES_PKc_E18_123.23	FES	27	50	46	45	40	168
LRRK1_PKc_E25_124.17	LRRK1	0	386	642	176	862	316
EPHA2_PKc_E13_210.8	EPHA2	59	0	251	95	175	20
BRSK1_PKc_E1_43.4	BRSK1	247	153	66	166	212	194
SBK2_PKc_E4_531.64	SBK2	95	0	189	37	32	76
CLK4_PKc_E4_40	CLK4	35	65	32	51	30	227
CDK2_PKc_E1_116.9	CDK2	98	0	131	63	76	22
CDK11A_PKc_E16_108.16	CDK11A	1	0	0	17	87	22
EPHB3_PKc_E12_216.7	EPHB3	39	59	127	2	87	43
ANKK1_PKc_E5_156.2	ANKK1	113	426	100	173	216	39
AKT2_PKc_E6_120.14	AKT2	93	155	11	11	15	14
JAK3_PKc_E17_151.1	JAK3	70	446	9	17	337	293
TRIB2_PKc_E3_361.2	TRIB2	787	263	496	324	71	251
MAP2K1_PKc_E2_108.8	MAP2K1	177	108	98	215	16	2
neg14	CONTROL	10	30	103	4	14	21
TIE1_PKc_E19_71.4	TIE1	138	106	293	360	112	364
CDC42BPB_PKc_E2_92.2	CDC42BPB	55	79	70	57	197	79
ROCK2_PKc_E3_101.4	ROCK2	16	40	29	59	31	38
CDK11A_PKc_E14_106.1	CDK11A	41	44	82	44	71	79
TEK_PKc_E19_71.2	TEK	31	57	51	81	59	76
PRKCQ_PKc_E16_189.9	PRKCQ	34	10	50	4	38	16
PRKX_PKc_E3_264.3	PRKX	23	15	19	16	48	21
NTRK1_PKc_E16_159.13	NTRK1	39	19	176	54	40	77
CDK11B_PKc_E16_108.16	CDK11B	2	0	0	0	0	0
AKT1_PKc_E6_132.15	AKT1	10	29	25	14	71	36
MAPK12_PKc_E6_48.2	MAPK12	27	35	42	46	73	56
BRSK2_PKc_E1_43.7	BRSK2	23	27	60	22	26	43
