tree
version=v4
num_class=1
num_tree_per_iteration=1
label_index=0
max_feature_idx=17
objective=regression
feature_names=Column_0 Column_1 Column_2 Column_3 Column_4 Column_5 Column_6 Column_7 Column_8 Column_9 Column_10 Column_11 Column_12 Column_13 Column_14 Column_15 Column_16 Column_17
feature_infos=[0:0.016393441706895828] [0:0.016393441706895828] [0:0.016393441706895828] [0:0.016393441706895828] [0:0.016393441706895828] [0:1] [0:1] [0:1] [0:1] [0:1] [0:1] [0:1] [0:1] [0:1] [0:1] [0.0062500000931322575:0.081967204809188843] [1:5] [0.0090909088030457497:0.090909093618392944]
tree_sizes=1736 1795 1803 1802 1798 1799 1800 1810 1793 1802 1805 1805 1821 1806 1825 1804 1812 1812 1802 1819 1809 1819 1800 1829 1817 1790 1812 1823 1804 1778 1818 1801 1810 1798 1806 1813 1800 1811 1805 1804 1812 1809 1795 1807 1812 1808 1819 1804 1808 1811 1816 1799 1791 1793 1796 1790 1802 1808 1798 1791 1784 1792 1798 1793 1784 1792 1793 1805 1808 1804 1784 1810 1802 1808 1773 1789 1806 1797 1814 1793 1775 1800 1802 1776 1788 1818 1782 1798 1791 1783 1797 1822 1786 1803 1777 1781 1793 1792 1784 1786 1807 1826 1780 1802 1808 1779 1777 1806 1782 1816 1794 1809 1780 1779 1777 1783 1769 1771 1777 1794

Tree=0
num_leaves=15
num_cat=0
split_feature=17 17 15 17 4 1 15 4 15 15 2 1 1 16
split_gain=665.601 147.76 100.728 55.8963 59.7432 59.1302 28.9755 23.4918 23.0627 20.7632 18.222 17.0976 25.8321 15.7138
threshold=0.028991596773266796 0.080128207802772536 0.0090499590151011961 0.048809524625539787 0.010152545757591726 0.0079052620567381399 0.022463430650532249 0.0088107436895370501 0.052432721480727203 0.019434911198914055 0.011428944766521456 0.0094788861460983771 0.016001024283468727 4.5000000000000009
decision_type=2 2 2 2 2 2 2 2 2 2 2 2 2 2
left_child=2 3 -1 7 6 13 -5 9 -9 -2 -7 -3 -13 -6
right_child=1 11 -4 4 5 10 -8 8 -10 -11 -12 12 -14 -15
leaf_value=0.2124824014347059 0.2174396785590009 0.23455037060161107 0.21525952259292491 0.21998319594577478 0.22488801107723116 0.21997521407339771 0.22747448460967545 0.21768231686406561 0.21107396738958809 0.22124227553346026 0.2142753407352708 0.22254472932460545 0.23222055884070048 0.24046060577629541
leaf_weight=67169.566297663376 5868.8534982129931 1353.1690554618835 63533.364171987399 1710.8457895517349 2145.6898565161973 2415.7929266802967 5456.4068622291088 8376.2203672453761 1557.2968743797392 9288.2997797001153 3314.8830702193081 1359.6066543199122 1442.7110582366586 170.46665835753083
leaf_count=69173 7742 3504 78743 3188 3981 3394 11193 12681 617 14838 1351 1754 1725 230
internal_value=0.21563 0.220914 0.213832 0.219986 0.222377 0.219413 0.225695 0.218534 0.216643 0.219772 0.216682 0.229881 0.227567 0.226136
internal_weight=175163 44460.2 130703 40304.8 15214.1 8046.83 7167.25 25090.7 9933.52 15157.2 5730.68 4155.49 2802.32 2316.16
internal_count=214114 66198 147916 59215 23337 8956 14381 35878 13298 22580 4745 6983 3479 4211
is_linear=0
shrinkage=1


Tree=1
num_leaves=15
num_cat=0
split_feature=17 17 15 17 4 15 17 4 1 15 15 1 1 3
split_gain=600.91 135.352 90.9083 39.2881 38.5471 31.8067 30.9051 29.5964 27.4326 17.3446 16.6288 15.4435 23.3296 15.0497
threshold=0.028991596773266796 0.060661764815449722 0.0090499590151011961 0.080128207802772536 0.011050061322748663 0.053359376266598708 0.048809524625539787 0.0088107436895370501 0.0082988981157541292 0.022463430650532249 0.018074123188853267 0.0094788861460983771 0.016001024283468727 0.0063898416701704272
decision_type=2 2 2 2 2 2 2 2 2 2 2 2 2 2
left_child=2 5 -1 4 9 6 10 -7 -6 -3 -2 -5 -13 -14
right_child=1 3 -4 11 8 7 -8 -9 -10 -11 -12 12 13 -15
leaf_value=-0.0029901049221144702 0.0010814809863131684 0.003118095498949086 -0.00035181942806941966 0.017981429937166789 0.010986574392945009 0.011304945991787291 0.0071813134685247597 -0.0028478702926138799 0.001467249605817871 0.012633536224973081 0.0039761172349004892 0.0065716546122663692 0.0044749741075401145 0.01810990809643816
leaf_weight=67169.566297663376 7129.7595202811062 575.94909851811826 63533.364171987399 1353.1690554618835 1020.006832042709 409.93032374978065 5778.6722459290177 3064.2570413462818 2868.5289240218699 3081.5694617070258 16376.082235496491 1359.6066543199122 252.91603071987629 1189.7950275167823
leaf_count=69173 9330 1231 78743 3504 2041 384 10468 1298 2354 6221 25888 1754 352 1373
internal_value=2.77032e-07 0.00502085 -0.00170779 0.00963505 0.00746742 0.0033702 0.0039067 -0.00115028 0.00398605 0.0111477 0.00309895 0.0135439 0.0113448 0.0157669
internal_weight=175163 44460.2 130703 11701.5 7546.05 32758.7 29284.5 3474.19 3888.54 3657.52 23505.8 4155.49 2802.32 1442.71
internal_count=214114 66198 147916 18830 11847 47368 45686 1682 4395 7452 35218 6983 3479 1725
is_linear=0
shrinkage=0.05


Tree=2
num_leaves=15
num_cat=0
split_feature=17 17 15 17 4 4 15 15 1 15 1 2 4 0
split_gain=542.507 122.274 82.046 35.5043 34.7943 28.9373 29.0427 28.2419 24.7857 22.8353 42.0868 16.2528 15.3769 15.4815
threshold=0.028991596773266796 0.060661764815449722 0.0090499590151011961 0.080128207802772536 0.011050061322748663 0.0089687905274331587 0.052432721480727203 0.019434911198914055 0.0082988981157541292 0.023400356993079189 0.0074350468348711738 1.0000000180025095e-35 0.011561079882085325 0.0090499590151011961
decision_type=2 2 2 2 2 2 2 2 2 2 2 2 2 2
left_child=2 5 -1 4 11 7 9 -2 -6 -7 12 -3 -11 -14
right_child=1 3 -4 -5 8 6 -8 -9 -10 10 -12 -13 13 -15
leaf_value=-0.0028406219946199595 0.0019109064778637854 0.0053395237949672315 -0.0003342310411483382 0.012872384342805519 0.010442579397121472 -0.00050559118188866158 -0.0026081000665599476 0.0059447742167567635 0.0013941425224727249 0.0034709733298891004 0.0012186875837527198 0.012736860357329294 0.007404266264277419 0.016394224116330725
leaf_weight=67169.566297663376 6822.0453730728477 1070.3736763019115 63533.364171987399 4155.4867680184543 1020.006832042709 3580.4155692961067 3311.2414614595473 11974.019496662542 2868.5289240218699 866.65788943320513 4223.1673357672989 2587.1448839232326 1091.6676476374269 889.48659347370267
leaf_count=69173 9121 2070 78743 6983 2041 5259 1454 20457 2354 1819 5364 5382 2149 1745
internal_value=5.27798e-07 0.00477088 -0.00162241 0.00915652 0.00709592 0.003202 0.0014763 0.00448247 0.00378835 0.00274729 0.00439278 0.0105925 0.00907907 0.0115026
internal_weight=175163 44460.2 130703 11701.5 7546.05 32758.7 13962.6 18796.1 3888.54 10651.4 7070.98 3657.52 2847.81 1981.15
internal_count=214114 66198 147916 18830 11847 47368 17790 29578 4395 16336 11077 7452 5713 3894
is_linear=0
shrinkage=0.05


Tree=3
num_leaves=15
num_cat=0
split_feature=17 17 15 17 4 4 1 15 4 1 0 15 15 4
split_gain=489.752 110.404 74.0477 32.0374 31.4212 26.1529 27.449 44.6646 26.5893 23.7232 20.4371 16.778 15.9416 15.0007
threshold=0.028991596773266796 0.060661764815449722 0.0090499590151011961 0.080128207802772536 0.010152545757591726 0.0088107436895370501 0.00766294775530696 0.023400356993079189 0.0079682543873786944 0.0082988981157541292 0.0075472774915397176 0.013875579927116634 0.022463430650532249 0.011428944766521456
decision_type=2 2 2 2 2 2 2 2 2 2 2 2 2 2
left_child=2 5 -1 4 12 8 7 -7 11 -6 -8 -2 -3 -9
right_child=1 3 -4 -5 9 6 10 13 -10 -11 -12 -13 -14 -15
leaf_value=-0.0026986118409251924 0.0012044693536182106 0.0026349828837923563 -0.00031752173624237877 0.012230310468766326 0.010082106791763641 -0.00026874725791348127 0.0024943073660006871 0.0029571479528743873 0.010989602883325459 0.0014996657612699918 -0.0027193683246770402 0.0046985953220411766 0.011806423602977489 0.010422453916983491
leaf_weight=67169.566297663376 4746.5503066834062 575.94909851811826 63533.364171987399 4155.4867680184543 1088.7199731077999 3251.2753136213869 3177.6756139453501 992.09773572720587 1358.310917371884 3031.1475563403219 4571.3300711680204 12510.744049390778 2850.2376883234829 2150.7173588946462
leaf_count=69173 6095 1231 78743 6983 2186 4560 5015 1944 1784 2546 2391 21402 5884 4177
internal_value=7.09556e-07 0.00453319 -0.0015413 0.00870052 0.0067431 0.00304241 0.00142015 0.00384237 0.00427348 0.00378659 -0.00058091 0.0037388 0.0102768 0.00808272
internal_weight=175163 44460.2 130703 11701.5 7546.05 32758.7 14143.1 6394.09 18615.6 4119.87 7749.01 17257.3 3426.19 3142.82
internal_count=214114 66198 147916 18830 11847 47368 18087 10681 29281 4732 7406 27497 7115 6121
is_linear=0
shrinkage=0.05


Tree=4
num_leaves=15
num_cat=0
split_feature=17 15 17 4 1 15 15 17 0 3 17 2 4 1
split_gain=442.243 101.646 72.2507 43.9582 38.3981 35.0587 31.8456 18.7699 17.0771 23.992 17.0228 14.8255 14.6109 14.088
threshold=0.037749288603663451 0.0093025267124176043 0.080128207802772536 0.010152545757591726 0.0077221228275448093 0.02307621389627457 0.020887336693704132 0.028991596773266796 0.0072203108575195083 0.014389234129339458 0.048809524625539787 0.012579114176332952 0.011050061322748663 0.0094788861460983771
decision_type=2 2 2 2 2 2 2 2 2 2 2 2 2 2
left_child=1 -1 3 6 5 -5 -2 -3 12 -10 -8 -11 -6 -4
right_child=2 7 13 4 8 -7 10 -9 9 11 -12 -13 -14 -15
leaf_value=-0.0025113752982956197 0.0024367954701157778 -0.00024694729980803839 0.01584302594826895 0.00034357406771411473 0.017772863793125666 0.0096916902325295366 0.0055407466833711869 0.0017700693317286168 -0.0031814475356864804 0.012172442756490818 0.0096963979092505072 0.0011120521357145673 0.0027287309300835605 0.0095321120646603384
leaf_weight=70256.925104871392 3638.7027030084282 60446.005364779383 1353.1690554618835 1610.2146787177771 164.75988395512104 2652.8671104870737 4415.338085571304 14243.496809864417 4113.3245651237667 409.06332476995885 5738.1481988094747 1102.295609800145 2216.5447129849344 2802.3177125565708
leaf_count=72530 5695 75386 3504 2232 273 5086 7265 20047 2488 190 11961 312 3666 3479
internal_value=8.59712e-07 -0.00114632 0.00550231 0.00452272 0.00234267 0.00616987 0.00645891 0.000137889 0.000299581 -0.00120329 0.0078965 0.00416598 0.00383959 0.0116203
internal_weight=175163 144946 30216.7 26061.3 12269.1 4263.08 13792.2 74689.5 8005.99 5624.68 10153.5 1511.36 2381.3 4155.49
internal_count=214114 167963 46151 39168 14247 7318 24921 95433 6929 2990 19226 502 3939 6983
is_linear=0
shrinkage=0.05


Tree=5
num_leaves=15
num_cat=0
split_feature=17 15 17 4 1 15 15 17 2 2 0 0 3 2
split_gain=399.3 91.7374 65.2435 39.6516 34.6451 31.6527 28.8617 16.941 15.8098 16.3753 15.833 15.4339 21.6823 13.4157
threshold=0.037749288603663451 0.0093025267124176043 0.080128207802772536 0.010152545757591726 0.0077221228275448093 0.02307621389627457 0.025098381564021114 0.028991596773266796 0.0063492704648524531 0.012270400300621988 0.0071685509756207475 0.0072203108575195083 0.014389234129339458 0.012579114176332952
decision_type=2 2 2 2 2 2 2 2 2 2 2 2 2 2
left_child=1 -1 3 6 5 -5 -2 -3 -8 10 -10 -6 -13 -14
right_child=2 7 -4 4 11 -7 8 -9 9 -11 -12 12 13 -15
leaf_value=-0.0023858246714299528 0.0033439298237738398 -0.00023460220046987598 0.011042295297868307 0.0003265016323140081 0.0036518954533626379 0.0092089254166859685 0.0037408295213501187 0.0016816279785555816 0.017931118938859299 0.0070178798939475179 0.0094930529075947147 -0.0030227609671939475 0.011578343677662147 0.0010569492025441628
leaf_weight=70256.925104871392 5558.3675353601575 60446.005364779383 4155.4867680184543 1610.2146787177771 2381.3045969400555 2652.8671104870737 1732.0903356000781 14243.496809864417 826.74539409391582 3830.1543798670173 1844.8313424680382 4113.3245651237667 409.06332476995885 1102.295609800145
leaf_count=72530 9345 75386 6983 2232 3939 5086 2506 20047 2044 6808 4218 2488 190 312
internal_value=1.05258e-06 -0.00108901 0.00522858 0.0042977 0.00222719 0.00586255 0.00613661 0.000131004 0.00801551 0.00914681 0.0121614 0.000286511 -0.00114223 0.00396205
internal_weight=175163 144946 30216.7 26061.3 12269.1 4263.08 13792.2 74689.5 8233.82 6501.73 2671.58 8005.99 5624.68 1511.36
internal_count=214114 167963 46151 39168 14247 7318 24921 95433 15576 13070 6262 6929 2990 502
is_linear=0
shrinkage=0.05


Tree=6
num_leaves=15
num_cat=0
split_feature=17 15 17 4 1 15 15 17 17 2 3 1 1 3
split_gain=360.518 82.7948 58.8839 35.7967 31.2706 28.5776 26.7028 15.2903 15.2391 14.2728 14.3126 12.7889 21.3262 12.3396
threshold=0.037749288603663451 0.0093025267124176043 0.080128207802772536 0.010152545757591726 0.0077221228275448093 0.02307621389627457 0.020887336693704132 0.028991596773266796 0.048809524625539787 0.011428944766521456 0.015038444194942715 0.0094788861460983771 0.015749008394777778 0.015268065501004459
decision_type=2 2 2 2 2 2 2 2 2 2 2 2 2 2
left_child=1 -1 3 6 5 -5 -2 -3 -8 13 -11 -4 -13 -6
right_child=2 7 11 4 9 -7 8 -9 -10 10 -12 12 -14 -15
leaf_value=-0.0022665502021789979 0.0021485512571455022 -0.0002228739424068491 0.014508621268404034 0.00031027717616873289 0.0019713402657837941 0.0087502084585070871 0.0049204082213559616 0.0015976055617149981 0.0088499053266813746 -0.0030692286023977448 0.0046144176954888783 0.0033139371677520847 0.012185268697242797 0.018356251662244388
leaf_weight=70256.925104871392 3638.7027030084282 60446.005364779383 1353.1690554618835 1610.2146787177771 3698.7558875773102 2652.8671104870737 4415.338085571304 14243.496809864417 5738.1481988094747 3473.9517956059426 724.45351877622306 1169.774798611179 1632.5429139453918 108.82689467445016
leaf_count=72530 5695 75386 3504 2232 5137 5086 7265 20047 11961 1470 227 1562 1917 95
internal_value=1.21252e-06 -0.00103456 0.0049684 0.00408405 0.00211676 0.00557054 0.00583128 0.000124464 0.00714765 0.000273013 -0.00173557 0.0104915 0.00850705 0.0024865
internal_weight=175163 144946 30216.7 26061.3 12269.1 4263.08 13792.2 74689.5 10153.5 8005.99 4198.41 4155.49 2802.32 3807.58
internal_count=214114 167963 46151 39168 14247 7318 24921 95433 19226 6929 1697 6983 3479 5232
is_linear=0
shrinkage=0.05


Tree=7
num_leaves=15
num_cat=0
split_feature=17 15 17 4 1 15 15 15 16 17 0 3 4 1
split_gain=325.513 74.8767 53.19 32.294 28.2183 25.8012 24.1032 15.4426 23.5177 13.7548 13.6468 18.6851 13.3561 12.6464
threshold=0.037749288603663451 0.0090499590151011961 0.080128207802772536 0.010152545757591726 0.0077221228275448093 0.02307621389627457 0.020887336693704132 0.017497354187071327 3.5000000000000004 0.048809524625539787 0.0072203108575195083 0.014389234129339458 0.011050061322748663 0.0083683477714657801
decision_type=2 2 2 2 2 2 2 2 2 2 2 2 2 2
left_child=1 -1 3 6 5 -5 -2 13 -9 -8 12 -12 -6 -3
right_child=2 7 -4 4 10 -7 9 8 -10 -11 11 -13 -14 -15
leaf_value=-0.0022055670240797268 0.0020414182540900972 -0.00094254144772909921 0.0099705326716451464 0.00029485887541582252 0.016744364003957495 0.0083143410342896365 0.0046749437225089138 0.0016545327145455616 -0.0013145417678078718 0.0084081797847664393 -0.0028284373674786261 0.0036557050270722828 0.0023644987888140293 0.0013026971324649542
leaf_weight=67169.566297663376 3638.7027030084282 35965.47840279527 4155.4867680184543 1610.2146787177771 164.75988395512104 2652.8671104870737 4415.338085571304 25159.095674624667 9065.544830519706 5738.1481988094747 4113.3245651237667 1511.3589345701039 2216.5447129849344 7586.7420739121735
leaf_count=69173 5695 40061 6983 2232 273 5086 7265 36461 9965 11961 2488 502 3666 12303
internal_value=1.36875e-06 -0.000982835 0.00472125 0.00388074 0.00201218 0.00529307 0.00554029 7.32872e-05 0.000867919 0.00679094 0.000260726 -0.00108275 0.00342529 -0.000551214
internal_weight=175163 144946 30216.7 26061.3 12269.1 4263.08 13792.2 77776.9 34224.6 10153.5 8005.99 5624.68 2381.3 43552.2
internal_count=214114 167963 46151 39168 14247 7318 24921 98790 46426 19226 6929 2990 3939 52364
is_linear=0
shrinkage=0.05


Tree=8
num_leaves=15
num_cat=0
split_feature=17 17 15 4 4 1 15 1 4 0 2 2 1 1
split_gain=296.841 71.7369 46.0285 20.3503 25.5833 19.4123 28.2672 17.7686 28.6516 29.016 23.3222 20.811 17.1748 16.6897
threshold=0.028991596773266796 0.064583335071802153 0.0082988981157541292 0.0088107436895370501 0.0079682543873786944 0.00766294775530696 0.024045621976256374 0.0086581707000732439 0.010152545757591726 0.015504807699471714 0.0099504948593676108 0.0084389690309762972 0.016001024283468727 0.014389234129339458
decision_type=2 2 2 2 2 2 2 2 2 2 2 2 2 2
left_child=2 3 -1 4 -2 6 -5 11 13 10 -10 -3 -11 -9
right_child=1 7 -4 5 -6 -7 -8 8 9 12 -12 -13 -14 -15
leaf_value=-0.0022798251989083261 0.0030222782385904614 0.0052601854443308496 -0.000384446051286242 -4.1304952681332859e-05 0.0099660691729031321 -0.00048196420616749517 0.0064560222033732744 0.0043073247591260497 0.0073102616792361285 0.004663396646349789 -0.0024062022404691599 0.013441726212645638 0.015672834626214122 0.013871763090100986
leaf_weight=56166.158374248073 18029.688458004966 1286.8933865912259 74536.772095402703 3450.297352693975 1424.7882227730006 8559.1403094064444 3241.3300662580878 704.4731735046953 877.54580001160502 892.12608374655247 2020.7043062001467 2031.2147088292986 592.0453982707113 1349.9951848201454
leaf_count=57916 29064 2858 90000 4923 1898 8098 6377 1133 1826 395 1389 5227 193 2817
internal_value=1.44897e-06 0.00353011 -0.00119905 0.00246399 0.00353568 0.00109547 0.00311085 0.00731664 0.00576831 0.00347067 0.000550815 0.0102939 0.00913063 0.0106289
internal_weight=175163 44460.2 130703 34705.2 19454.5 15250.8 6691.63 9755 6436.89 4382.42 2898.25 3318.11 1484.17 2054.47
internal_count=214114 66198 147916 50360 30962 19398 11300 15838 7753 3803 3215 8085 588 3950
is_linear=0
shrinkage=0.05


Tree=9
num_leaves=15
num_cat=0
split_feature=17 15 17 4 1 15 15 2 2 0 2 3 17 0
split_gain=268.54 61.2207 43.998 26.6668 23.1818 21.3295 21.2898 13.881 15.1341 14.2645 12.4927 23.2818 12.3284 11.8074
threshold=0.037749288603663451 0.0093025267124176043 0.080128207802772536 0.010152545757591726 0.0077221228275448093 0.02307621389627457 0.025098381564021114 0.0063492704648524531 0.012270400300621988 0.0071685509756207475 0.012579114176332952 0.015038444194942715 0.024099883623421196 0.0072203108575195083
decision_type=2 2 2 2 2 2 2 2 2 2 2 2 2 2
left_child=1 -1 3 6 5 -5 -2 -8 9 -9 11 13 -3 -6
right_child=2 12 -4 4 10 -7 7 8 -10 -11 -12 -13 -14 -15
leaf_value=-0.0019517209618696994 0.0026343766063192196 -0.00037947374082697276 0.0090627766639564834 0.0002554799691276428 0.0040538655825068338 0.0075468849693191391 0.0026482536086303221 0.016062361447707559 0.0056646919268260243 0.0080757544921198649 -0.0019845168395101706 0.01758017675972819 0.00095706685801847681 -0.0012243053823668367
leaf_weight=70256.925104871392 5558.3675353601575 47657.809024199843 4155.4867680184543 1610.2146787177771 1918.0610894151032 2652.8671104870737 1732.0903356000781 826.74539409391582 3830.1543798670173 1844.8313424680382 3525.9856947734952 217.36788730882108 27031.693150443956 2344.5734251365066
leaf_count=72530 9345 58894 6983 2232 3678 5086 2506 2044 6808 4218 1350 153 36539 1748
internal_value=1.60024e-06 -0.000892333 0.00428858 0.00352414 0.00182617 0.00479988 0.00503219 0.00664571 0.00770495 0.010598 0.000238689 0.00198899 0.000104312 0.00115465
internal_weight=175163 144946 30216.7 26061.3 12269.1 4263.08 13792.2 8233.82 6501.73 2671.58 8005.99 4480 74689.5 4262.63
internal_count=214114 167963 46151 39168 14247 7318 24921 15576 13070 6262 6929 5579 95433 5426
is_linear=0
shrinkage=0.05


Tree=10
num_leaves=15
num_cat=0
split_feature=17 17 15 4 4 17 15 4 1 2 3 2 15 1
split_gain=242.979 60.9703 38.1442 16.764 25.0375 16.12 16.112 14.0317 23.8729 16.6455 13.2452 15.4654 12.645 19.5255
threshold=0.028991596773266796 0.060661764815449722 0.0082988981157541292 0.0086581707000732439 0.0079682543873786944 0.087121214717626586 0.051517894491553314 0.011050061322748663 0.0082988981157541292 1.0000000180025095e-35 0.015038444194942715 0.012579114176332952 0.023400356993079189 0.0074350468348711738
decision_type=2 2 2 2 2 2 2 2 2 2 2 2 2 2
left_child=2 3 -1 4 -2 7 12 9 -9 -3 -10 -12 -5 -14
right_child=1 5 -4 6 -6 -7 -8 8 10 -11 11 -13 13 -15
leaf_value=-0.002068285518297948 0.0026027734038885351 0.0026226883440102797 -0.00034285979070072738 -0.00060618865801936362 0.010169014704329925 0.010203347225902116 -0.0020413743028055097 0.0093749419817947578 -0.00052509033473098011 0.0093901188664176054 0.016383098571338593 0.0028349183214663818 0.0061746169493419358 0.0008203118782609761
leaf_weight=56166.158374248073 17257.294356074184 1285.6643156576902 74536.772095402703 3629.3434645291418 1159.1844567563385 2152.3350933678448 3686.7991469465196 1313.4810975603759 2523.5762228686363 3171.702569289133 259.31978514231741 995.4620004221797 2886.9175817798823 4139.1623607166111
leaf_count=57916 27497 2462 90000 5358 1486 3637 1712 2690 2667 6845 206 323 5867 5448
internal_value=1.71721e-06 0.00319423 -0.00108442 0.00208646 0.00308427 0.00629103 0.000803937 0.00539946 0.00359476 0.00744839 0.00156594 0.00574225 0.00178941 0.00302597
internal_weight=175163 44460.2 130703 32758.7 18416.5 11701.5 14342.2 9549.21 5091.84 4457.37 3778.36 1254.78 10655.4 7026.08
internal_count=214114 66198 147916 47368 28983 18830 18385 15193 5886 9307 3196 529 16673 11315
is_linear=0
shrinkage=0.05


Tree=11
num_leaves=15
num_cat=0
split_feature=17 15 17 4 1 16 15 15 16 2 15 3 1 1
split_gain=221.442 50.0888 36.1339 22.1814 19.1096 18.8976 18.6847 12.2651 21.3294 12.1409 11.5462 12.26 11.1139 11.0607
threshold=0.037749288603663451 0.0090499590151011961 0.080128207802772536 0.010152545757591726 0.0079052620567381399 4.5000000000000009 0.020887336693704132 0.017497354187071327 3.5000000000000004 0.011428944766521456 0.02307621389627457 0.010256679728627207 0.0083683477714657801 0.015038444194942715
decision_type=2 2 2 2 2 2 2 2 2 2 2 2 2 2
left_child=1 -1 3 6 5 10 -2 12 -9 -6 -5 -12 -3 -8
right_child=2 7 -4 4 9 -7 13 8 -10 -11 11 -13 -14 -15
leaf_value=-0.001810013534298579 0.0014979161211041469 -0.00086955925455759061 0.0082213045891747043 0.00019935425387916143 0.002252326882448094 0.017767460370646332 0.0051721117086041225 0.0015111610596277108 -0.0013163788108447644 -0.001665660613264915 0.0094443372188224503 0.0024049194880915621 0.0012352420236986308 0.011164584963532995
leaf_weight=67169.566297663376 3638.7027030084282 35965.47840279527 4155.4867680184543 1618.3690391629934 3741.9794333428144 236.71193074993789 9313.4578046668321 25159.095674624667 9065.544830519706 4170.298855189234 1132.3956818971783 1369.3149454966187 7586.7420739121735 840.02847971394658
leaf_count=69173 5695 40061 6983 2248 5160 305 17584 36461 9965 1657 2563 2314 12303 1642
internal_value=1.81679e-06 -0.000809948 0.00389475 0.00320198 0.00165339 0.00430851 0.00457736 5.38485e-05 0.000762026 0.00018779 0.00349411 0.00561622 -0.000502706 0.00567838
internal_weight=175163 144946 30216.7 26061.3 12269.1 4356.79 13792.2 77776.9 34224.6 7912.28 4120.08 2501.71 43552.2 10153.5
internal_count=214114 167963 46151 39168 14247 7430 24921 98790 46426 6817 7125 4877 52364 19226
is_linear=0
shrinkage=0.05


Tree=12
num_leaves=15
num_cat=0
split_feature=17 15 17 17 15 0 2 4 4 4 0 1 15 2
split_gain=203.069 59.942 19.2726 16.9368 16.0669 22.3616 15.3903 12.5456 15.0176 12.3901 11.8661 12.3831 11.3203 11.2819
threshold=0.048809524625539787 0.009569597430527212 0.087121214717626586 0.028991596773266796 0.059829590842127807 0.015504807699471714 1.0000000180025095e-35 0.0086581707000732439 0.0080322581343352812 0.015749008394777778 1.0000000180025095e-35 0.0082305916585028189 0.051517894491553314 0.014185110572725536
decision_type=2 2 2 2 2 2 2 2 2 2 2 2 2 2
left_child=1 10 4 -3 6 -6 9 8 -5 -2 11 -1 -9 -8
right_child=2 3 -4 7 5 -7 13 12 -10 -11 -12 -13 -14 -15
leaf_value=-0.0021588234702971201 0.0026181516219902687 -0.00014862615033508933 0.0092863748419226757 0.0019481117446822267 -0.00016947896478978109 0.0081413482441268833 0.0083085512167305215 0.00082960409106733624 0.0089848676247891064 0.013997521531050378 -0.00041873764112888005 0.00092577717274269767 -0.0035210871879342766 0.0042566709716090256
leaf_weight=54041.443945622072 5146.0411890279502 57589.112377457321 2152.3350933678448 14182.077267611399 3547.0440052375197 1038.5284443534911 4339.095689708367 8303.3570176102221 792.23192615061998 241.689418643713 15615.695732008666 3456.6784145627171 1813.0043081659824 2904.8380912337452
leaf_count=54107 8143 72049 3637 21315 1955 572 10212 12791 1018 568 16393 5367 754 5233
internal_value=1.88353e-06 -0.0005985 0.00482871 0.000323774 0.00426639 0.00172636 0.00518638 0.00140767 0.00232615 0.00315361 -0.00164134 -0.00197325 4.71875e-05 0.00669184
internal_weight=175163 155794 19369.6 82679.8 17217.2 4585.57 12631.7 25090.7 14974.3 5387.73 73113.8 57498.1 10116.4 7243.93
internal_count=214114 183794 30320 107927 26683 2527 24156 35878 22333 8711 75867 59474 13545 15445
is_linear=0
shrinkage=0.05


Tree=13
num_leaves=15
num_cat=0
split_feature=17 15 17 17 4 1 3 3 15 3 0 15 2 4
split_gain=183.353 54.2031 17.4013 15.9891 15.2687 25.2789 20.9098 24.1357 14.6977 13.0212 16.9267 11.7262 11.4829 11.3276
threshold=0.048809524625539787 0.0093025267124176043 0.087121214717626586 0.028991596773266796 0.010152545757591726 0.0080972984433174151 1.0000000180025095e-35 0.0096620614640414732 0.041914345696568496 0.015038444194942715 0.0094788861460983771 0.063611559569835677 0.012579114176332952 0.0086581707000732439
decision_type=2 2 2 2 2 2 2 2 2 2 2 2 2 2
left_child=1 -1 4 -3 6 11 8 -8 -2 10 -7 -6 -11 -5
right_child=2 3 -4 13 5 9 7 -9 -10 12 -12 -13 -14 -15
leaf_value=-0.0015975060388578495 0.0010230383363929142 -0.00016378701211683462 0.008824203381466094 0.0022102040785902904 0.0059283199430042177 0.0037565599131607758 0.014478672115799224 0.0058293801812204704 0.015840030621032349 0.014240350721835824 -0.0021556221793532417 0.020453340042217327 0.002938428256800582 4.4695115838519601e-05
leaf_weight=70256.925104871392 2475.3448035847396 60446.005364779383 2152.3350933678448 14974.309193762019 2548.8047517798841 1849.5000338815153 994.75466236285865 4278.61140239425 169.66623635217547 281.24242030642927 3459.4820532556623 139.34197981469333 1020.4884944725782 10116.361325776204
leaf_count=72530 4443 75386 3637 22333 4862 3210 2893 8589 214 231 1790 105 346 13545
internal_value=1.94035e-06 -0.000568554 0.00458847 0.00027668 0.00405415 0.00267549 0.00566774 0.00748528 0.00202957 0.00100923 -9.27939e-05 0.00675425 0.00547018 0.00133745
internal_weight=175163 155794 19369.6 85536.7 17217.2 9298.86 7918.38 5273.37 2645.01 6610.71 5308.98 2688.15 1301.73 25090.7
internal_count=214114 183794 30320 111264 26683 10544 16139 11482 4657 5577 5000 4967 577 35878
is_linear=0
shrinkage=0.05


Tree=14
num_leaves=15
num_cat=0
split_feature=17 15 1 1 0 17 15 2 3 0 1 3 1 0
split_gain=165.635 50.758 23.5209 22.8483 20.8129 15.9401 15.9454 13.6928 12.5686 12.0726 11.2772 11.3669 14.3129 12.5036
threshold=0.048809524625539787 0.017497354187071327 0.0062696540262550124 0.0082988981157541292 1.0000000180025095e-35 0.080128207802772536 0.053359376266598708 1.0000000180025095e-35 0.0082988981157541292 0.0092167854309082049 0.0067340831737965354 1.0000000180025095e-35 0.012422839645296337 0.013606071937829258
decision_type=2 2 2 2 2 2 2 2 2 2 2 2 2 2
left_child=1 3 -3 4 -1 6 7 9 10 -2 -4 13 -13 -12
right_child=5 2 8 -5 -6 -7 -8 -9 -10 -11 11 12 -14 -15
leaf_value=-0.0017407697396034567 0.0047094015807519294 0.0023509854312630703 -0.0034784428477936387 0.0011444709511802562 -0.00012373119379631835 0.007106396939861967 0.0013294415491265548 0.0065203348981600967 -0.0014324723547672804 -0.00048368824335034554 0.0001854815218247052 0.0023598970305140007 0.011198631553345023 0.015775203917714122
leaf_weight=76029.279157644138 3074.7025004215539 17328.983953325078 1356.6421601679176 10364.52985733375 26954.545543400571 4155.4867680184543 5114.7987282201648 5270.9171100631356 9871.0549859926105 1753.6668248493224 9877.6377832051367 3368.5751462969929 522.03433177620173 120.31807004660368
leaf_count=79027 5492 30581 1304 16664 29301 6983 3447 11987 8110 2411 11905 5549 1168 185
internal_value=2.10485e-06 -0.000540125 0.000934549 -0.00109238 -0.00131759 0.0043614 0.00360747 0.00475873 -4.32699e-05 0.00282617 0.000856568 0.00128221 0.00357153 0.000388668
internal_weight=175163 155794 42445.2 113348 102984 19369.6 15214.1 10099.3 25116.3 4828.37 15245.2 13888.6 3890.61 9997.96
internal_count=214114 183794 58802 124992 108328 30320 23337 19890 28221 7903 20111 18807 6717 12090
is_linear=0
shrinkage=0.05


Tree=15
num_leaves=15
num_cat=0
split_feature=17 17 17 0 15 4 3 1 1 15 3 15 4 0
split_gain=149.868 34.9554 25.464 16.9238 14.3902 16.228 16.8084 13.5757 19.6697 16.6042 14.1958 13.3044 12.5278 11.0395
threshold=0.037749288603663451 0.014389234129339458 0.069047622382640853 1.0000000180025095e-35 0.053359376266598708 0.0088107436895370501 0.014185110572725536 0.0093025267124176043 0.015749008394777778 0.033391216769814498 0.011299795936793091 0.020887336693704132 0.011050061322748663 0.013793759513646366
decision_type=2 2 2 2 2 2 2 2 2 2 2 2 2 2
left_child=1 3 4 -1 11 -6 -7 9 10 -4 -9 -2 13 -12
right_child=2 -3 7 -5 5 6 -8 8 -10 -11 12 -13 -14 -15
leaf_value=-0.0019439469150401099 0.0007002969231734203 6.2599783844581678e-05 0.0036604790119617991 -0.0001090608284067028 0.0076698755265600382 -0.0034527559436583299 0.0039324254704165311 0.0074441596303169467 0.0077972793722180791 0.011677444964047295 -0.001047885518022932 0.0037857231541030857 -0.0027397239480417509 0.011446064171309797
leaf_weight=51177.235905366018 4770.2172778788954 77111.834037093446 1085.8252143915743 16657.357337055728 555.69572031870484 2761.8612530697137 1057.729622265324 764.36831968277693 2149.0647892616689 1631.0033143963665 349.89247378334403 13101.684499925002 1645.1462670601904 344.25688921287656
leaf_count=53779 6883 95022 2549 19162 629 1437 388 1690 2581 4147 675 23933 919 320
internal_value=2.12925e-06 -0.000665684 0.00320472 -0.00149346 0.00233416 -0.000235555 -0.00140271 0.00562893 0.0041314 0.00849851 0.00157615 0.00296304 -0.000364757 0.00522293
internal_weight=175163 144946 30216.7 67834.6 22247.2 4375.29 3819.59 7969.56 5252.73 2716.83 3103.66 17871.9 2339.3 694.149
internal_count=214114 167963 46151 72941 33270 2454 1825 12881 6185 6696 3604 30816 1914 995
is_linear=0
shrinkage=0.05


Tree=16
num_leaves=15
num_cat=0
split_feature=17 17 15 4 4 1 15 4 3 0 15 2 4 2
split_gain=136.962 35.3688 21.8386 13.0894 17.6368 15.2562 19.1633 11.8358 13.9723 16.5901 12.6195 11.6192 11.0236 22.5998
threshold=0.028991596773266796 0.057189542800188072 0.0082988981157541292 0.0086581707000732439 0.0079682543873786944 0.00766294775530696 0.024045621976256374 0.011561079882085325 0.013072453904896976 0.0090499590151011961 0.029390712268650535 0.010582306887954475 0.011050061322748663 0.0063492704648524531
decision_type=2 2 2 2 2 2 2 2 2 2 2 2 2 2
left_child=2 3 -1 4 -2 6 -5 -8 9 -9 -11 -7 13 -3
right_child=1 12 -4 5 -6 11 7 8 -10 10 -12 -13 -14 -15
leaf_value=-0.0015577424618175512 0.0019417953583643771 0.0015202228612188524 -0.00025218905541366031 -0.00048573287972262271 0.0084415859597988859 0.00050415611002254887 0.00074005347198978369 0.0042463781044072687 -0.0026609334579417599 0.00031856199706382785 0.017598487739121871 -0.0035541030560137044 0.0032118311492090879 0.0080788070077531179
leaf_weight=56166.158374248073 16536.765841795132 1896.0072424057871 74536.772095402703 3285.6240203715861 1105.4186817090958 3972.2520871516317 995.95641645230353 787.36441817507148 280.27090117521584 127.43579884245992 619.00672798790038 3159.2309837937355 7389.6964334938675 4305.2128977570683
leaf_count=57916 25915 3684 90000 4645 1397 5546 1929 1684 392 225 1268 1361 8545 9607
internal_value=2.1625e-06 0.00239906 -0.000813293 0.00146249 0.00235361 0.000273053 0.00210797 0.00513161 0.00752537 0.00939189 0.0146916 -0.0012961 0.00452366 0.00607921
internal_weight=175163 44460.2 130703 30869.3 17642.2 13227.1 6095.66 2810.03 1814.08 1533.81 746.443 7131.48 13590.9 6201.22
internal_count=214114 66198 147916 44362 27312 17050 10143 5498 3569 3177 1493 6907 21836 13291
is_linear=0
shrinkage=0.05


Tree=17
num_leaves=15
num_cat=0
split_feature=17 15 1 1 0 0 15 2 3 3 1 1 3 1
split_gain=124.927 39.4973 20.5071 18.9271 17.0157 13.6066 27.789 19.6218 15.0957 29.8969 12.2992 20.2546 11.2488 10.7007
threshold=0.048809524625539787 0.017497354187071327 0.0062696540262550124 0.0082988981157541292 1.0000000180025095e-35 0.015268065501004459 0.059829590842127807 0.0070176301524043092 1.0000000180025095e-35 0.010695492848753931 0.012121656909585001 0.016001024283468727 0.0082988981157541292 0.015749008394777778
decision_type=2 2 2 2 2 2 2 2 2 2 2 2 2 2
left_child=1 3 -3 4 -1 6 8 -7 -2 -10 -9 -12 -4 -11
right_child=5 2 12 -5 -6 7 -8 10 9 13 11 -13 -14 -15
leaf_value=-0.0015435151450259642 0.0019707360764409793 0.0021546859510924539 0.00077039134590505085 0.0010799565010856929 -8.1423841745997119e-05 -0.0014923881591657113 -0.00069685459297752982 0.012637797580175129 0.010122890784894437 0.0030332850860477216 0.0018545097608635326 0.012571201320194542 -0.0013951295347015818 0.015166017224945903
leaf_weight=76029.279157644138 4458.4670828711241 17328.983953325078 15245.207491492853 10364.52985733375 26954.545543400571 617.98348972760141 3608.6079244632274 1043.8045206479728 2497.7853555977345 5074.9009403605014 1196.5358761884272 692.13558192923665 9871.0549859926105 179.35115978680551
leaf_count=79027 7248 30581 20111 16664 29301 1059 2507 2241 6444 9451 628 326 8110 416
internal_value=2.16307e-06 -0.000468745 0.000832104 -0.0009559 -0.00116088 0.00378806 0.0031566 0.00658477 0.00429507 0.00562761 0.00828621 0.00582735 -8.09063e-05 0.00347545
internal_weight=175163 155794 42445.2 113348 102984 19369.6 15819.1 3550.46 12210.5 7752.04 2932.48 1888.67 25116.3 5254.25
internal_count=214114 183794 58802 124992 108328 30320 26066 4254 23559 16311 3195 954 28221 9867
is_linear=0
shrinkage=0.05


Tree=18
num_leaves=15
num_cat=0
split_feature=17 17 15 1 4 0 2 15 4 1 4 4 1 15
split_gain=114.017 28.9036 18.0241 11.3877 19.0545 15.6734 17.6233 15.6622 13.3665 12.8421 10.9429 16.7648 11.5222 15.3872
threshold=0.028991596773266796 0.064583335071802153 0.0082988981157541292 0.0082988981157541292 0.011050061322748663 0.015268065501004459 0.014389234129339458 0.033391216769814498 0.015504807699471714 0.014389234129339458 0.0088107436895370501 0.0079682543873786944 0.00766294775530696 0.024045621976256374
decision_type=2 2 2 2 2 2 2 2 2 2 2 2 2 2
left_child=2 10 -1 7 9 6 -6 -3 -7 -5 11 -2 13 -12
right_child=1 3 -4 4 5 8 -8 -9 -10 -11 12 -13 -14 -15
leaf_value=-0.0014181197155239884 0.0018830844902540797 0.0032549046228939511 -0.00023205532150796863 0.0019469484218524848 0.0024051987139086703 -0.00044900417809031336 -0.0061329296152079042 0.010274488853219556 0.0084895287881481141 0.0097139645454716213 -0.00026304590056821359 0.0075021843377906091 -0.00070581057496694121 0.0045300468710288821
leaf_weight=56166.158374248073 18029.688458004966 1495.0217198207974 74536.772095402703 826.83693218976259 1421.2419859599322 687.38090921193361 1036.7017309628427 1719.043332260102 1054.362517863512 1514.408913705498 3450.297352693975 1424.7882227730006 8559.1403094064444 3241.3300662580878
leaf_count=57916 29064 3435 90000 1367 2251 349 730 4346 359 3001 4923 1898 8098 6377
internal_value=2.21515e-06 0.00218914 -0.000741805 0.00459262 0.00338627 0.00136492 -0.00120624 0.00702955 0.0049795 0.0069909 0.00151244 0.00229825 0.000509166 0.00206196
internal_weight=175163 44460.2 130703 9755 6540.93 4199.69 2457.94 3214.07 1741.74 2341.25 34705.2 19454.5 15250.8 6691.63
internal_count=214114 66198 147916 15838 8057 3689 2981 7781 708 4368 50360 30962 19398 11300
is_linear=0
shrinkage=0.05


Tree=19
num_leaves=15
num_cat=0
split_feature=17 15 1 0 17 1 2 3 4 3 3 1 0 2
split_gain=104.33 29.2241 16.5431 19.4653 13.6007 10.7218 14.2393 12.8351 10.7029 19.3399 26.7755 19.1826 12.8206 13.5024
threshold=0.04446640424430371 0.016126951202750209 0.0082988981157541292 1.0000000180025095e-35 0.087121214717626586 0.0062696540262550124 0.0070672258734703073 0.0092167854309082049 0.010152545757591726 1.0000000180025095e-35 0.0088890646584332007 0.0079052620567381399 0.015504807699471714 0.011561079882085325
decision_type=2 2 2 2 2 2 2 2 2 2 2 2 2 2
left_child=1 2 3 -1 8 -3 7 -7 9 -2 -11 -10 13 -13
right_child=4 5 -4 -5 -6 6 -8 -9 11 10 -12 12 -14 -15
leaf_value=-0.0015208512563088892 0.00097284833334579282 0.0014629062415753588 0.0011252168136365078 0.00010340711707828357 0.0069183760311487394 0.0018232689585175 -0.0013614286422863756 -0.001886133431115559 0.004883207054147235 0.013252618345024628 0.0041993068132587892 0.0019477718425462863 0.0060181981342124699 -0.0025281242398907666
leaf_weight=73243.233500139788 3580.0753070339561 19853.357723945752 9017.974090045318 24651.686899360269 2152.3350933678448 10648.074389826506 11766.333360765129 2976.3892661277205 3218.9633083511144 954.2536061797291 5492.0293416064233 3136.8407103028148 854.07004423439503 3617.5562794748694
leaf_count=75487 6063 32582 14817 26852 3637 16463 9862 2344 5924 2763 10819 4507 383 1611
internal_value=2.22092e-06 -0.000472331 -0.000923082 -0.00111187 0.00313964 0.000592772 -8.79039e-05 0.00101213 0.0027465 0.00392335 0.00555793 0.00165411 0.000283333 -0.000449646
internal_weight=175163 152157 106913 97894.9 23006.1 45244.2 25390.8 13624.5 20853.8 10026.4 6446.28 10827.4 7608.47 6754.4
internal_count=214114 178407 117156 102339 35707 61251 28669 18807 32070 19645 13582 12425 6501 6118
is_linear=0
shrinkage=0.05


Tree=20
num_leaves=15
num_cat=0
split_feature=17 17 15 4 4 1 15 4 3 0 15 15 2 15
split_gain=94.9313 24.1404 14.7413 10.5659 14.2908 11.8615 14.6943 10.4793 12.6787 15.0199 11.437 9.79192 10.0953 9.63621
threshold=0.028991596773266796 0.057189542800188072 0.0082988981157541292 0.0086581707000732439 0.0079682543873786944 0.00766294775530696 0.024045621976256374 0.011561079882085325 0.013072453904896976 0.0090499590151011961 0.029390712268650535 0.055575011298060424 0.010811126790940763 0.034918328747153289
decision_type=2 2 2 2 2 2 2 2 2 2 2 2 2 2
left_child=2 3 -1 4 -2 6 -5 -8 9 -9 -11 12 -6 -4
right_child=1 -3 13 5 11 -7 7 8 -10 10 -12 -13 -14 -15
leaf_value=-0.0012883190335894015 0.0016539560777037512 0.0037529741284197081 -8.6027964157087009e-05 -0.00049765015432133813 0.0091708331936661957 -0.0012281469979990428 0.00029323221794234049 0.003564570638116403 -0.0030170051097517005 -0.0001546355433325135 0.016259667244066363 0.023189531991159782 -0.0016955780135471952 -0.0027082810364714447
leaf_weight=56166.158374248073 16536.765841795132 13590.916573656723 70861.041519204155 3285.6240203715861 725.40955076180398 7131.4830709453672 995.95641645230353 787.36441817507148 280.27090117521584 127.43579884245992 619.00672798790038 82.608032012358308 297.40109893493354 3675.7305761985481
leaf_count=57916 25915 21836 86528 4645 886 6907 1929 1684 392 225 1268 53 458 3472
internal_value=2.21076e-06 0.00199772 -0.000676687 0.00122396 0.00202458 0.000155383 0.00177337 0.00442111 0.00667334 0.00845213 0.0134924 0.00750448 0.0060254 -0.000215689
internal_weight=175163 44460.2 130703 30869.3 17642.2 13227.1 6095.66 2810.03 1814.08 1533.81 746.443 1105.42 1022.81 74536.8
internal_count=214114 66198 147916 44362 27312 17050 10143 5498 3569 3177 1493 1397 1344 90000
is_linear=0
shrinkage=0.05


Tree=21
num_leaves=15
num_cat=0
split_feature=17 15 1 1 0 1 4 0 2 15 1 3 3 4
split_gain=86.3642 28.4425 16.0556 14.0784 13.1375 10.778 17.9855 15.6938 18.403 13.9056 12.4321 16.6071 13.1108 12.3505
threshold=0.048809524625539787 0.017497354187071327 0.0062696540262550124 0.0082988981157541292 1.0000000180025095e-35 0.0093898782506585139 0.010152545757591726 0.015504807699471714 0.010050504934042694 0.026083997450768951 0.013245614245533945 0.0063092110212892303 0.0096620614640414732 0.015504807699471714
decision_type=2 2 2 2 2 2 2 2 2 2 2 2 2 2
left_child=1 3 -3 4 -1 9 10 8 -8 -2 -7 -12 -13 -9
right_child=5 2 -4 -5 -6 6 7 13 -10 -11 11 12 -14 -15
leaf_value=-0.0013157023665778794 0.0018244414415732784 0.0018848533166530266 -9.3263412687157401e-05 0.00095311795169741159 -3.1002985559365854e-05 -9.8241342145756697e-05 0.0033547371797560213 -0.00068603124306057192 -0.0025549030651907259 0.0060948572762327298 0.0011748810939459864 0.015966775913201017 0.006613318831088605 0.0087561561263653481
leaf_weight=76029.279157644138 3029.0496503580362 17328.983953325078 25116.262477485463 10364.52985733375 26954.545543400571 949.32290113158524 2006.0349426753819 548.42699067667127 3791.9062628354877 5185.8829967416823 985.99877612106502 513.08654560893774 1436.4223557412624 923.44050968252122
leaf_count=79027 5944 30581 28221 16664 29301 1177 3400 273 1973 11642 1624 1561 2443 283
internal_value=2.23513e-06 -0.000389303 0.00071459 -0.000802701 -0.000979486 0.00315004 0.00213474 0.000664855 -0.000507966 0.00452438 0.00487662 0.00648032 0.00914395 0.00525705
internal_weight=175163 155794 42445.2 113348 102984 19369.6 11154.6 7269.81 5797.94 8214.93 3884.83 2935.51 1949.51 1471.87
internal_count=214114 183794 58802 124992 108328 30320 12734 5929 5373 17586 6805 5628 4004 556
is_linear=0
shrinkage=0.05


Tree=22
num_leaves=15
num_cat=0
split_feature=17 17 15 15 0 2 4 0 0 4 1 4 4 15
split_gain=78.8172 20.0872 12.1521 10.2955 25.32 12.3127 14.264 12.2654 13.7859 12.8892 10.6745 9.89174 16.0552 10.5092
threshold=0.028991596773266796 0.069047622382640853 0.0082988981157541292 0.068754713982343688 0.015504807699471714 1.0000000180025095e-35 0.015749008394777778 0.012903762981295587 0.011561079882085325 0.011050061322748663 0.016001024283468727 0.0086581707000732439 0.0079682543873786944 0.048977166414260871
decision_type=2 2 2 2 2 2 2 2 2 2 2 2 2 2
left_child=2 11 -1 5 -5 6 -3 8 9 -7 -6 12 -2 -13
right_child=1 3 -4 4 10 7 -8 -9 -10 -11 -12 13 -14 -15
leaf_value=-0.0011716831524507209 0.0017025545571950904 -0.00076388751583187199 -0.00019779759096568702 -0.005001621278113811 0.0017718155752338809 0.0098065605510932116 0.010744250199214211 0.0097968820127343152 -0.0039905784832357421 0.0012467732367149719 0.010635908243135875 0.0013183173017733596 0.0075159527705642437 -0.0013426103534153243
leaf_weight=56166.158374248073 18655.637101894245 1313.4777767527848 74536.772095402703 942.65675906278193 799.81981084495783 1006.8640286270529 328.32918523438275 1800.8823424652219 410.0679495036602 780.74061110801995 586.71880418993533 10983.579070687294 1259.8267308976501 5591.6422798428684
leaf_count=57916 30585 2499 90000 614 305 2711 890 3413 660 1582 207 17788 1675 3269
internal_value=2.24275e-06 0.00182051 -0.000616357 0.00409337 0.00128962 0.00524685 0.00158863 0.00674121 0.0042042 0.00609579 0.00557199 0.00132314 0.00207389 0.000420386
internal_weight=175163 44460.2 130703 7969.56 2329.2 5640.36 1641.81 3998.55 2197.67 1787.6 1386.54 36490.7 19915.5 16575.2
internal_count=214114 66198 147916 12881 1126 11755 3389 8366 4953 4293 512 53317 32260 21057
is_linear=0
shrinkage=0.05


Tree=23
num_leaves=15
num_cat=0
split_feature=17 15 1 1 0 1 4 0 2 4 0 2 1 4
split_gain=72.4113 23.8511 16.5514 14.8332 11.9685 10.4311 10.7884 24.2121 10.5755 9.92628 9.26932 10.3338 9.22299 15.1034
threshold=0.048809524625539787 0.018074123188853267 0.0062696540262550124 0.0082988981157541292 1.0000000180025095e-35 0.010811126790940763 0.0075472774915397176 0.011428944766521456 0.010471491608768703 0.0071175277698785075 0.0070672258734703073 0.0063492704648524531 0.0093898782506585139 0.010152545757591726
decision_type=2 2 2 2 2 2 2 2 2 2 2 2 2 2
left_child=1 3 -3 4 -1 6 7 -4 -7 -9 11 -8 -2 -14
right_child=12 2 5 -5 -6 8 10 9 -10 -11 -12 -13 13 -15
leaf_value=-0.0012254140027009848 0.0041558911175907341 0.0019291374916289535 -0.00062882314596895104 0.0010386551371385881 -1.0438826291650501e-05 0.0023423858780952833 0.0017238827360973503 0.0090898468733733757 -0.0017646081433314469 -0.008844890828186576 -0.0041173185866997348 -0.0033323867411564467 0.0044580228375483075 0.00059847081663559837
leaf_weight=76957.391372336075 8214.9326470997185 16132.939970545471 7514.7060169391334 10820.068713994697 27516.255712799728 6193.3705381564796 2178.9795189127326 917.45694729313254 2089.2311233598739 76.291373137384653 3529.430009316653 1867.4796923976392 3884.8305786028504 7269.8087058700621
leaf_count=80152 17586 28942 7834 17311 30125 8681 3483 1319 1167 103 2988 1689 6805 5929
internal_value=2.25077e-06 -0.000356267 0.000687435 -0.000722922 -0.000905446 -0.000135129 -0.000877352 0.000344604 0.00130555 0.00763857 -0.00224837 -0.000612096 0.00288458 0.00194543
internal_weight=175163 155794 40499.9 115294 104474 24366.9 16084.3 8508.45 8282.6 993.748 7575.89 4046.46 19369.6 11154.6
internal_count=214114 183794 56206 127588 110277 27264 17416 9256 9848 1422 8160 5172 30320 12734
is_linear=0
shrinkage=0.05


Tree=24
num_leaves=15
num_cat=0
split_feature=17 15 1 1 2 1 17 0 0 3 4 2 17 1
split_gain=65.6481 19.0332 11.0843 10.9443 10.906 10.9108 10.4541 10.4265 7.7034 14.7323 8.42887 9.27247 9.37404 9.07746
threshold=0.04446640424430371 0.017497354187071327 0.0082988981157541292 0.0062696540262550124 0.0096620614640414732 0.0068729333579540261 0.087121214717626586 1.0000000180025095e-35 0.0064725596457719812 0.012579114176332952 0.00766294775530696 0.0079052620567381399 0.022991543635725979 0.0094788861460983771
decision_type=2 2 2 2 2 2 2 2 2 2 2 2 2 2
left_child=1 2 7 -3 5 -5 -2 -1 -7 10 -10 -12 -13 -14
right_child=6 3 -4 4 -6 8 -8 -9 9 -11 11 12 13 -15
leaf_value=-0.0011635861059978568 0.0021464234470500456 0.0015561072767858036 0.00086568982309670527 -0.0030893082564546282 -0.0019230685069627001 0.0020315461389434925 0.0058030559995854575 -1.5194532065931031e-05 0.0007850768638677009 0.010141446436771416 -0.0042571468961037284 -0.0049529581375640534 0.018195760892766612 0.0020704769471423814
leaf_weight=75519.050478130579 20853.788597183302 16399.082117535174 10188.357943015173 1853.2973617687821 6206.5259483586997 8002.729976547882 2152.3350933678448 26770.969176772982 3980.6294199563563 317.53811277262866 2265.3145009130239 252.64632106386125 118.31468204595149 282.59319132938981
leaf_count=78477 32070 28436 16362 1834 4166 11991 3637 29085 5272 297 1966 196 137 188
internal_value=2.15363e-06 -0.000374282 -0.00070641 0.00056715 -0.00012988 0.000522738 0.00249089 -0.000863064 0.000964313 -0.00022028 -0.000711149 -0.00274735 0.00247111 0.00715633
internal_weight=175163 152157 112478 39678.7 23279.6 17073.1 23006.1 102290 15219.8 7217.04 6899.5 2918.87 653.554 400.908
internal_count=214114 178407 123924 54483 26047 21881 35707 107562 20047 8056 7759 2487 521 325
is_linear=0
shrinkage=0.05


Tree=25
num_leaves=15
num_cat=0
split_feature=17 17 1 4 3 1 2 0 4 0 2 2 15 1
split_gain=59.7455 19.8742 6.90739 10.8859 18.2598 9.19652 17.5284 14.3431 9.13141 9.07523 10.0276 9.31457 7.5446 10.245
threshold=0.024099883623421196 0.057189542800188072 0.016261236742138866 0.0080322581343352812 0.015749008394777778 0.0094788861460983771 0.0084389690309762972 0.0071685509756207475 0.015038444194942715 0.015268065501004459 0.010152545757591726 1.0000000180025095e-35 0.022463430650532249 0.012270400300621988
decision_type=2 2 2 2 2 2 2 2 2 2 2 2 2 2
left_child=-1 -2 5 -4 -5 6 8 12 -3 10 11 -9 -7 -14
right_child=1 2 3 4 -6 7 -8 9 -10 -11 -12 -13 13 -15
leaf_value=-0.0006412923428627818 0.0008071035459133488 -0.0012100462912681051 0.017186764557524003 -0.0067421539643517832 0.011634905925276245 -0.0031742334042949094 0.0066471791464589383 -0.0014524419275036349 0.0058236437234646674 0.0033140206435422447 -0.0025007205516752729 0.0076997478233233416 -0.00037273386444936993 0.0092970921182504145
leaf_weight=117914.73412907124 43657.522218033671 1564.7132036741823 205.41115876659751 228.79475266486406 303.68638052046299 206.40172499790788 3201.8248411044478 554.46668026410043 642.98884597420692 1814.6437783762813 2864.9914997629821 542.2392224278301 362.88211262971163 1097.8723724931479
leaf_count=131424 60854 3261 453 283 128 357 7623 725 1427 1018 2410 954 796 2401
internal_value=2.12646e-06 0.00132726 0.00299631 0.0076775 0.00375998 0.0027218 0.00428947 0.00157828 0.000855525 0.000395691 -0.000946019 0.00310132 0.00564891 0.0069087
internal_weight=175163 57248.4 13590.9 737.892 532.481 12853 5409.53 7443.5 2207.7 5776.34 3961.7 1096.71 1667.16 1460.75
internal_count=214114 82690 21836 864 411 20972 12311 8661 4688 5107 4089 1679 3554 3197
is_linear=0
shrinkage=0.05


Tree=26
num_leaves=15
num_cat=0
split_feature=17 17 0 2 15 17 15 3 1 2 3 0 0 2
split_gain=54.2723 12.7023 11.699 15.311 12.8794 11.3404 10.0627 15.7449 25.7509 20.8608 14.3609 15.9823 13.7506 24.1152
threshold=0.03637566231191159 0.014389234129339458 0.015268065501004459 0.0070176301524043092 0.072719890624284758 0.087121214717626586 0.048239050433039672 1.0000000180025095e-35 0.012903762981295587 0.0073801742400974044 0.011299795936793091 0.0075472774915397176 0.0085838492959737795 1.0000000180025095e-35
decision_type=2 2 2 2 2 2 2 2 2 2 2 2 2 2
left_child=1 -1 4 -4 5 6 7 12 -9 10 11 -10 -2 -14
right_child=2 -3 3 -5 -6 -7 -8 8 9 -11 -12 -13 13 -15
leaf_value=-0.00091000948014050259 -0.00074671119740235027 3.3086896655610941e-05 -0.002552018634185086 0.0060714177297740719 -0.0060789687640695617 0.0072629263918261551 -3.1995459860357111e-05 0.0022969532527548058 0.014368708314105742 0.016728363336201878 -0.0013841774463509179 -0.0021382604990920332 -0.00046334406635150868 0.0078127383661647631
leaf_weight=67834.593242421746 6155.3450828455389 75362.511514909565 617.98348972760141 2932.4759787656367 536.58241458237171 869.6561033744365 7736.7236382961273 7777.1891537550837 502.63247138634324 574.49873251654208 494.89928311109543 202.09244865365326 2013.7843319773674 1552.2050344385207
leaf_count=72941 9349 92446 1059 3195 248 2333 6957 15622 1647 1475 573 466 2576 3227
internal_value=2.15226e-06 -0.000413704 0.00186459 0.00456749 0.00152539 0.00167387 0.00149129 0.00210249 0.00354324 0.00896306 0.00513671 0.00967135 0.000684763 0.00315085
internal_weight=175163 143197 31966.1 3550.46 28415.6 27879 27009.4 19272.6 9551.31 1774.12 1199.62 704.725 9721.33 3565.99
internal_count=214114 165387 48727 4254 44473 44225 41892 34935 19783 4161 2686 2113 15152 5803
is_linear=0
shrinkage=0.05


Tree=27
num_leaves=15
num_cat=0
split_feature=17 15 1 1 0 3 3 1 0 15 1 1 3 3
split_gain=49.8417 16.968 13.6673 11.6231 9.69448 8.44585 8.58863 12.5135 11.0298 8.73316 7.93563 12.8498 14.0058 34.017
threshold=0.048809524625539787 0.018074123188853267 0.0062696540262550124 0.0082988981157541292 1.0000000180025095e-35 0.0082988981157541292 1.0000000180025095e-35 0.012422839645296337 0.013606071937829258 0.044521810486912734 0.0093898782506585139 0.013986697886139156 1.0000000180025095e-35 0.0096620614640414732
decision_type=2 2 2 2 2 2 2 2 2 2 2 2 2 2
left_child=1 3 -3 4 -1 6 8 -8 -4 -9 -2 -12 -13 -14
right_child=10 2 5 -5 -6 -7 7 9 -10 -11 11 12 13 -15
leaf_value=-0.0010540846903065817 0.003572447659060383 0.0017133752406329726 -0.00037673703125255136 0.00095479889567922055 3.9375400986115089e-05 -0.0013018276829969537 0.0014557032306317821 0.013055340783225775 0.013953893349138217 -0.002238731826398885 -0.00074429575616071582 -0.0014943652368474803 0.013333947259405394 0.0023266613403180431
leaf_weight=76957.391372336075 8214.9326470997185 16132.939970545471 10173.074999127537 10820.068713994697 27516.255712799728 9746.3361417520791 3799.4345263466239 405.02804941311479 126.0652205105871 117.00628236308694 4003.2853154651821 1500.9229888133705 812.46706717275083 4837.9639130216092
leaf_count=80152 17586 28942 11892 17311 30125 8030 5966 1003 208 165 3945 2068 2497 4224
internal_value=2.15956e-06 -0.000295283 0.000585031 -0.00060454 -0.000766113 -0.000162423 0.000597494 0.00246554 -0.00018796 0.00964975 0.00239347 0.00152279 0.00279115 0.00393014
internal_weight=175163 155794 40499.9 115294 104474 24366.9 14620.6 4321.47 10299.1 522.034 19369.6 11154.6 7151.35 5650.43
internal_count=214114 183794 56206 127588 110277 27264 19234 7134 12100 1168 30320 12734 8789 6721
is_linear=0
shrinkage=0.05


Tree=28
num_leaves=15
num_cat=0
split_feature=17 17 15 0 3 3 1 3 3 0 1 0 0 2
split_gain=45.5898 15.2237 7.86321 19.2558 9.87668 10.6429 9.74186 6.69352 11.8324 19.6871 28.7945 13.7019 13.4435 25.5459
threshold=0.024099883623421196 0.064583335071802153 0.068754713982343688 0.015268065501004459 1.0000000180025095e-35 0.010929288342595102 0.016001024283468727 0.010256679728627207 1.0000000180025095e-35 0.0072203108575195083 0.012903762981295587 0.014599318150430919 0.0080972984433174151 0.0062696540262550124
decision_type=2 2 2 2 2 2 2 2 2 2 2 2 2 2
left_child=-1 7 4 -4 -3 -6 -5 8 12 10 -10 -11 -2 -14
right_child=1 2 3 6 5 -7 -8 -9 9 11 -12 -13 13 -15
leaf_value=-0.00055987530684670119 -0.00027931444173353914 0.00070769326631381628 -0.0052346149328363666 0.00081749225986796543 0.0088335798469194749 0.0036171633352026647 0.008776236635480248 -4.251490387310226e-05 0.0035751149074800012 0.0002377148458348084 0.01549124894018763 0.014623105271191284 -2.6660492087174003e-05 0.0056880766121300171
leaf_weight=117914.73412907124 14773.626872882247 1905.4313323106617 908.98331152461469 1029.7153151482344 1297.867903707549 4007.1437281835824 605.85645109973848 16011.153866287321 3027.1943684089929 4768.142714317888 601.7055844552815 161.49865442700684 4910.5220364946872 3239.5966524425894
leaf_count=131424 21157 3795 573 373 3850 7012 235 19711 5602 6567 1815 390 5909 5701
internal_value=2.17489e-06 0.00115973 0.00295788 0.000565397 0.00380023 0.00490758 0.00380103 0.000789847 0.00121305 0.00279839 0.00558806 0.00073764 0.000620199 0.00224908
internal_weight=175163 57248.4 9755 2544.56 7210.44 5305.01 1635.57 47493.4 31482.3 8558.54 3628.9 4929.64 22923.7 8150.12
internal_count=214114 82690 15838 1181 14657 10862 608 66852 47141 14374 7417 6957 32767 11610
is_linear=0
shrinkage=0.05


Tree=29
num_leaves=15
num_cat=0
split_feature=17 17 15 0 2 4 0 0 4 4 4 1 0 1
split_gain=41.1699 13.8656 7.80901 18.0358 9.84079 12.3533 10.5577 11.8064 10.6635 9.64456 8.83476 6.8961 6.88059 12.1211
threshold=0.024099883623421196 0.069047622382640853 0.068754713982343688 0.015504807699471714 1.0000000180025095e-35 0.015749008394777778 0.012903762981295587 0.011561079882085325 0.011050061322748663 0.011561079882085325 0.015504807699471714 0.014599318150430919 0.015504807699471714 0.012121656909585001
decision_type=2 2 2 2 2 2 2 2 2 2 2 2 2 2
left_child=-1 -2 4 -4 5 -3 7 8 -6 11 -5 -8 -11 -14
right_child=1 2 3 10 6 -7 9 -9 -10 12 -12 -13 13 -15
leaf_value=-0.00053188386193033638 0.00078895133024832118 -0.0014097585038831994 -0.004710157734624282 -0.0010826013113347771 0.0081558857977715258 0.0092971816686391855 0.0033498176812330818 -0.0045434429367596256 0.00038147455900350676 0.019204911313324077 0.0071890120693107011 0.012110400235126209 0.01339356930527744 -0.0084286702756211935
leaf_weight=117914.73412907124 49278.881523901597 1313.4777767527848 942.65675906278193 501.14371012337506 1006.8640286270529 328.32918523438275 913.30978909693658 410.0679495036602 780.74061110801995 272.35936006717384 885.3949049115181 293.88731797225773 244.06130803748965 77.264567291364074
leaf_count=131424 69809 2499 614 238 2711 890 2016 660 1582 443 274 515 390 49
internal_value=2.22666e-06 0.00110224 0.00303598 0.00059699 0.00404033 0.000774742 0.0053759 0.00302876 0.0047814 0.00820764 0.00421302 0.00556452 0.0134009 0.00805027
internal_weight=175163 57248.4 7969.56 2329.2 5640.36 1641.81 3998.55 2197.67 1787.6 1800.88 1386.54 1207.2 593.685 321.326
internal_count=214114 82690 12881 1126 11755 3389 8366 4953 4293 3413 512 2531 882 439
is_linear=0
shrinkage=0.05


Tree=30
num_leaves=15
num_cat=0
split_feature=17 15 1 1 0 2 3 0 1 4 15 15 1 1
split_gain=37.8735 13.1344 12.27 10.314 8.7274 7.72438 13.2729 9.75301 14.3019 14.1067 9.96881 16.8797 9.65311 24.4289
threshold=0.048809524625539787 0.018074123188853267 0.0062696540262550124 0.0082988981157541292 1.0000000180025095e-35 0.0069204980973154315 0.0092167854309082049 0.009569597430527212 0.012121656909585001 0.0086581707000732439 0.051517894491553314 0.033391216769814498 0.0073261056095361718 0.0070176301524043092
decision_type=2 2 2 2 2 2 2 2 2 2 2 2 2 2
left_child=1 3 -3 4 -1 6 -4 8 -7 -9 11 -10 13 -8
right_child=-2 2 5 -5 -6 7 12 9 10 -11 -12 -13 -14 -15
leaf_value=-0.00095454002585318746 0.0020867977073591262 0.0015866068882803522 0.0017424030413449771 0.00093978013052771134 8.293253989462232e-05 -0.0026975255711458551 -0.0035702987241922157 0.0038968456910536162 -0.0021408570751294208 -0.0020120862129822735 -0.0078519581922482703 0.011617354278840419 -0.0033864104506520637 0.020509905988107525
leaf_weight=76957.391372336075 19369.571931572631 16132.939970545471 8576.4041401445866 10820.068713994697 27516.255712799728 7792.5488256644458 311.12080802023411 2053.7899040021002 394.63093440420926 1969.3749483730644 154.86850554682314 494.54733087681234 2472.1920252498239 147.46779723092914
leaf_count=80152 30320 28942 13742 17311 30125 6615 248 2059 417 1014 103 976 1966 124
internal_value=2.2671e-06 -0.000257017 0.000517494 -0.000529105 -0.000681309 -0.000190707 0.000750045 -0.00103244 -0.00196085 0.00100655 0.00351095 0.00555535 -0.00214996 0.00444559
internal_weight=175163 155794 40499.9 115294 104474 24366.9 11507.2 12859.8 8836.6 4023.16 1044.05 889.178 2930.78 458.589
internal_count=214114 183794 56206 127588 110277 27264 16080 11184 8111 3073 1496 1393 2338 372
is_linear=0
shrinkage=0.05


Tree=31
num_leaves=15
num_cat=0
split_feature=17 15 1 1 3 3 3 2 0 2 1 16 0 1
split_gain=34.1808 11.9707 6.97866 12.6183 12.1238 28.4227 10.0981 9.6453 15.1019 13.2685 9.57528 9.47345 8.97605 7.64727
threshold=0.048809524625539787 0.0093025267124176043 0.0098524559289217013 0.013986697886139156 1.0000000180025095e-35 0.0096620614640414732 0.0096620614640414732 0.0092167854309082049 0.013423423748463394 0.011050061322748663 0.016001024283468727 4.5000000000000009 0.0084389690309762972 1.0000000180025095e-35
decision_type=2 2 2 2 2 2 2 2 2 2 2 2 2 2
left_child=1 -1 7 6 -5 -6 -4 -2 9 -9 12 -10 -7 -11
right_child=2 -3 3 4 5 10 -8 8 11 13 -12 -13 -14 -15
leaf_value=-0.00072766190552612847 0.0012523218463318651 0.00015310392135779252 0.003386664108849761 -0.0016292920273553058 0.012012036636782878 0.0054289868230444887 -0.002729640329237309 0.014553515324950786 0.0057652757844956649 0.0031814002092853664 0.0060733186320645364 0.013758456083185353 -0.00052100096114669769 -0.0026304653137044715
leaf_weight=70256.925104871392 4001.623844768852 85536.675884317607 881.30592783540487 1500.9229888133705 812.46706717275083 796.09931873902678 2775.8153917100281 192.56056439317763 1315.6031916942447 1686.3616107236594 1081.8554496634752 524.50977344997227 2960.0091446191072 840.43765798956156
leaf_count=72530 7976 111264 1696 2068 2497 1256 1790 812 3026 4161 935 840 2033 1230
internal_value=2.21036e-06 -0.000244109 0.00198251 0.00113622 0.0023568 0.00341663 -0.0012505 0.00304839 0.00461852 0.00223779 0.00195136 0.00810572 0.000751153 0.00124557
internal_weight=175163 155794 19369.6 10808.5 7151.35 5650.43 3657.12 8561.1 4559.47 2719.36 4837.96 1840.11 3756.11 2526.8
internal_count=214114 183794 30320 12275 8789 6721 3486 18045 10069 6203 4224 3866 3289 5391
is_linear=0
shrinkage=0.05


Tree=32
num_leaves=15
num_cat=0
split_feature=15 17 1 3 1 3 1 4 2 3 2 0 15 1
split_gain=31.5844 13.3533 14.2164 8.78173 10.3854 9.03381 20.5908 19.1476 14.7203 10.9508 10.2921 9.87459 9.48706 7.97163
threshold=0.018074123188853267 0.057189542800188072 0.0062696540262550124 0.0089687905274331587 0.0067340831737965354 1.0000000180025095e-35 0.012422839645296337 0.0083683477714657801 0.0067797389347106227 0.0064725596457719812 0.011173533275723459 0.013606071937829258 0.038997204974293716 0.0082988981157541292
decision_type=2 2 2 2 2 2 2 2 2 2 2 2 2 2
left_child=13 2 -2 4 -4 11 8 -8 9 -7 12 -6 -9 -1
right_child=1 -3 3 -5 5 6 7 10 -10 -11 -12 -13 -14 -15
leaf_value=-0.00060151212443195065 0.0016806089289493984 0.0024119429626911384 -0.0035305398971081912 -0.001293057987847031 -0.00023973323964645283 0.017830377986688409 0.016508590461796136 -0.0014715633793254766 -0.0013583314848318836 0.003248754594315582 -0.0055130816395205021 0.0095125401688399922 0.015171324518749944 0.00080135220437321493
leaf_weight=106336.10924547352 17430.023542504758 12425.227096917108 1425.3095090258867 10356.576821390539 9957.1098693050444 128.59630805440247 449.4256725050509 146.68724697269499 2670.7886835839599 1984.1272431146353 222.81025166064501 256.50605299696326 190.36312076076865 11183.512256495655
leaf_count=113325 32126 19673 1399 8086 11979 525 1308 313 3161 3383 96 404 481 17855
internal_value=2.26354e-06 0.000960826 0.000561639 -0.00014058 0.000544482 0.000909325 0.00248474 0.00893779 0.00110738 0.00421612 0.00267732 1.42515e-05 0.0080945 -0.000467955
internal_weight=175163 57643.6 45218.3 27788.3 17431.7 16006.4 5792.8 1009.29 4783.51 2112.72 559.861 10213.6 337.05 117520
internal_count=214114 82934 63261 31135 23049 21650 9267 2198 7069 3908 890 12383 794 131180
is_linear=0
shrinkage=0.05


Tree=33
num_leaves=15
num_cat=0
split_feature=17 0 2 15 17 1 1 17 4 4 4 15 2 0
split_gain=29.0044 10.0774 12.4505 9.15531 9.8024 8.47202 11.913 7.60635 8.76458 7.21213 6.96247 6.44259 11.6809 26.6623
threshold=0.024099883623421196 0.015268065501004459 0.0070176301524043092 0.072719890624284758 0.087121214717626586 0.012121656909585001 0.016001024283468727 0.087121214717626586 0.015504807699471714 0.0067797389347106227 0.011428944766521456 0.048239050433039672 0.0077822189778089532 0.0093025267124176043
decision_type=2 2 2 2 2 2 2 2 2 2 2 2 2 2
left_child=-1 3 -3 4 11 9 7 8 10 -4 -7 12 -2 -14
right_child=1 2 5 -5 -6 6 -8 -9 -10 -11 -12 -13 13 -15
leaf_value=-0.00044600246526056112 0.00036404434336777459 -0.0029116711447074268 0.0036806679085858302 -0.0056844159424880424 0.0060555342479993446 0.0056904478457976233 0.008006142799585057 -0.0075657937654298665 0.0092963965551168763 0.012127969306025554 -0.0049014629471221113 -0.00050826639318883354 0.00073344810853218513 0.0052367391654194141
leaf_weight=117914.73412907124 27814.102038327605 617.98348972760141 462.26390099525452 536.58241458237171 869.6561033744365 229.13935801945627 692.13558192923665 261.80237119086087 272.7977506890893 581.54061965271831 432.79639628902078 8712.8147841766477 11103.411740617827 4661.4122421182692
leaf_count=131424 41443 1059 1089 248 2333 259 326 133 89 1152 147 7446 16799 10167
internal_value=2.30197e-06 0.000925592 0.00350191 0.000754628 0.000820677 0.0048588 0.00283591 -0.000196381 0.0019259 0.00845739 -0.00120479 0.000732476 0.0009806 0.00206748
internal_weight=175163 57248.4 3550.46 53698 53161.4 2932.48 1888.67 1196.54 934.734 1043.8 661.936 52291.7 43578.9 15764.8
internal_count=214114 82690 4254 78436 78188 3195 954 628 495 2241 406 75855 68409 26966
is_linear=0
shrinkage=0.05


Tree=34
num_leaves=15
num_cat=0
split_feature=17 17 0 1 4 4 1 15 0 0 3 2 4 4
split_gain=26.6932 8.71588 7.86782 6.78651 12.8183 19.717 12.5499 9.33262 8.18876 10.4488 7.90072 12.8364 7.94024 7.1326
threshold=0.04446640424430371 0.014389234129339458 1.0000000180025095e-35 0.0080972984433174151 0.010152545757591726 0.0067340831737965354 0.016261236742138866 0.026083997450768951 0.015504807699471714 0.0071685509756207475 0.013606071937829258 0.0076046728063374766 0.0089687905274331587 0.015504807699471714
decision_type=2 2 2 2 2 2 2 2 2 2 2 2 2 2
left_child=1 2 -1 7 5 6 -5 -2 9 -6 11 -7 -13 -10
right_child=3 -3 -4 4 8 10 -8 -9 13 -11 -12 12 -14 -15
leaf_value=-0.0009668036783942593 0.00085687047118665938 0.00010165170621170869 0.00028409032917350532 -0.00038076717728983625 0.0022360833655299078 0.0019991706216799274 0.013263581148954118 0.0040837796376235695 -0.0014051631266622285 -0.002139750132036588 0.0020772936442155485 0.014615138914458784 0.0035962627115245817 0.0056601765637040316
leaf_weight=51177.235905366018 4036.2926350962371 84322.455987788737 16657.357337055728 3059.0216533150524 1830.7004886828363 480.54004961997271 168.32916215993464 5045.0138528514653 564.34252470359206 5268.0831061545759 668.67874250747263 716.12408194877207 221.23859027400613 947.75880323722959
leaf_count=53779 7280 105466 19162 4983 3472 1055 353 11940 327 3355 963 1242 421 316
internal_value=2.27023e-06 -0.000237768 -0.000659639 0.00158924 0.000894695 0.00282332 0.000369654 0.00265206 -0.000297392 -0.00100971 0.00659859 0.00870134 0.0120799 0.00303136
internal_weight=175163 152157 67834.6 23006.1 13924.8 5313.93 3227.35 9081.31 8610.88 7098.78 2086.58 1417.9 937.363 1512.1
internal_count=214114 178407 72941 35707 16487 9017 5336 19220 7470 6827 3681 2718 1663 643
is_linear=0
shrinkage=0.05


Tree=35
num_leaves=15
num_cat=0
split_feature=15 17 1 3 1 3 1 15 2 3 0 0 1 0
split_gain=24.5009 10.4945 12.2402 7.80006 9.27984 8.2238 18.2799 17.4817 13.4732 9.99682 8.70952 7.2228 8.98767 11.6226
threshold=0.018074123188853267 0.057189542800188072 0.0062696540262550124 0.0089687905274331587 0.0067340831737965354 1.0000000180025095e-35 0.012422839645296337 0.054364804178476341 0.0067797389347106227 0.0064725596457719812 0.013606071937829258 0.0071685509756207475 0.0094788861460983771 0.015268065501004459
decision_type=2 2 2 2 2 2 2 2 2 2 2 2 2 2
left_child=-1 2 -2 4 -4 10 8 -8 9 -7 -6 -3 -13 -14
right_child=1 11 3 -5 5 6 7 -9 -10 -11 -12 12 13 -15
leaf_value=-0.00041186509150069008 0.0015309451412581507 0.0043357796196513082 -0.0033652543677895547 -0.0012450664612660822 -0.00026084336344193667 0.017018655099790985 0.011577611421697743 -0.004963977782762031 -0.0013218946843146387 0.0030869945699358347 0.0088980605502065099 0.0036285843483631081 -0.0011673649090435491 0.0033173270321271635
leaf_weight=117519.62150196917 17430.023542504758 2856.8205256536603 1425.3095090258867 10356.576821390539 9957.1098693050444 128.59630805440247 817.40178587473929 191.88450602442026 2670.7886835839599 1984.1272431146353 256.50605299696326 3200.4570788200945 4170.0424051135778 2197.9070873297751
leaf_count=131180 32126 6683 1399 8086 11979 525 2143 55 3161 3383 404 7340 4431 1219
internal_value=2.28188e-06 0.000846541 0.000492657 -0.000158919 0.000486729 0.000831621 0.00233474 0.00841489 0.001037 0.00401116 -2.2347e-05 0.00213298 0.00147145 0.000383307
internal_weight=175163 57643.6 45218.3 27788.3 17431.7 16006.4 5792.8 1009.29 4783.51 2112.72 10213.6 12425.2 9568.41 6367.95
internal_count=214114 82934 63261 31135 23049 21650 9267 2198 7069 3908 12383 19673 12990 5650
is_linear=0
shrinkage=0.05


Tree=36
num_leaves=15
num_cat=0
split_feature=17 2 2 0 1 0 4 0 15 0 15 4 4 4
split_gain=22.3828 8.10781 24.2038 14.7211 26.4962 14.9212 12.449 10.5824 14.3911 10.5252 9.73579 9.73431 8.99986 8.94537
threshold=0.024099883623421196 0.0077822189778089532 0.009569597430527212 0.009569597430527212 0.0098524559289217013 0.0098524559289217013 0.0086581707000732439 0.013423423748463394 0.040199246257543571 0.015268065501004459 0.052432721480727203 0.010695492848753931 0.010811126790940763 0.015749008394777778
decision_type=2 2 2 2 2 2 2 2 2 2 2 2 2 2
left_child=-1 13 -3 -4 5 -5 10 8 11 -8 -6 -7 -9 -2
right_child=1 2 3 4 6 7 9 12 -10 -11 -12 -13 -14 -15
leaf_value=-0.00039153705629579432 0.00013387377813469566 0.0051616439971287056 -0.00048664336547961254 0.018012894627630234 -0.00065531409884068612 0.0045380560071470706 -0.0025527323195860107 0.0043386911806239043 -0.00088948799761062475 0.0021641596587496956 0.0070428407591933868 0.019204105756723877 0.011156848567271475 0.0076728831856140364
leaf_weight=117914.73412907124 29098.139213537797 3741.632901949808 11153.152810009196 190.07981030829251 710.97775899618864 1455.2166127301753 3909.5586995407939 1371.185279879719 1714.0615132972598 1684.878965806216 957.42084757052362 114.38633846864104 758.8779772631824 388.87006233260036
leaf_count=131424 43127 7449 15426 440 684 3363 1777 3289 2726 654 1214 266 1186 1089
internal_value=2.28393e-06 0.000813365 0.00142645 0.000842708 0.00199451 0.0045743 4.57676e-07 0.00407012 0.00227844 -0.00113082 0.00377796 0.00572167 0.00680858 0.000235865
internal_weight=175163 57248.4 27761.4 24019.8 12866.6 5603.81 7262.84 5413.73 3283.66 5594.44 1668.4 1569.6 2130.06 29487
internal_count=214114 82690 38474 31025 15599 11270 4329 10830 6355 2431 1898 3629 4475 44216
is_linear=0
shrinkage=0.05


Tree=37
num_leaves=15
num_cat=0
split_feature=17 0 2 3 1 16 1 16 15 15 15 3 15 2
split_gain=20.4588 8.62202 11.4026 15.471 18.417 12.9868 11.1157 11.2997 17.151 8.53186 8.03081 7.18706 6.51917 5.998
threshold=0.048809524625539787 0.009569597430527212 0.0077221228275448093 0.007272823480889202 0.011428944766521456 3.5000000000000004 0.011561079882085325 3.5000000000000004 0.051517894491553314 0.034918328747153289 0.010050504934042694 0.0083683477714657801 0.024206145666539673 0.011561079882085325
decision_type=2 2 2 2 2 2 2 2 2 2 2 2 2 2
left_child=1 6 5 4 -4 10 9 12 -9 -1 -3 -5 -8 -13
right_child=-2 2 3 11 -6 -7 7 8 -10 -11 -12 13 -14 -15
leaf_value=-0.00034574948756249945 0.0015344598158684396 0.0049244976958309275 0.0076491947347930526 -0.0043636914984729186 -0.0048595486720369261 -0.0043804675264370102 0.002104822936827106 0.010075132574896423 -0.0060045440196514251 -0.0026535966540126152 0.0001156599653450328 0.0036332022207115422 -0.0017289251409524998 -0.00059784455365375472
leaf_weight=127688.05150599219 19369.571931572631 947.15967250987887 1971.9062215536833 595.12437425926328 338.52686863765121 1515.586971566081 3295.3657580129802 770.17472448572516 203.37031838670373 4124.7033814042807 9347.0142598934472 1696.9424422178417 1659.7283888664097 1639.9461014028639
leaf_count=146907 30320 1020 3939 640 204 1309 5920 1676 134 4518 10603 2696 2308 1920
internal_value=2.38228e-06 -0.000188185 0.000838987 0.00256555 0.00580336 -7.50457e-05 -0.000322856 0.00179326 0.00668924 -0.000418163 0.000562467 0.000653138 0.000819798 0.00155824
internal_weight=175163 155794 18052.2 6242.45 2310.43 11809.8 137741 5928.64 973.545 131813 10294.2 3932.01 4955.09 3336.89
internal_count=214114 183794 22331 9399 4143 12932 161463 10038 1810 151425 11623 5256 8228 4616
is_linear=0
shrinkage=0.05


Tree=38
num_leaves=15
num_cat=0
split_feature=15 1 1 4 2 15 0 1 2 1 0 16 2 2
split_gain=19.2 9.53568 11.5231 8.08157 8.00237 7.72072 7.56247 22.3415 10.3249 11.7922 12.2278 14.6408 10.2777 8.89386
threshold=0.018074123188853267 0.015749008394777778 0.0062696540262550124 0.016001024283468727 0.0068260179832577714 0.040578963235020644 0.013986697886139156 0.0098524559289217013 0.010471491608768703 0.010582306887954475 0.0091326101683080214 3.5000000000000004 0.010582306887954475 0.0079052620567381399
decision_type=2 2 2 2 2 2 2 2 2 2 2 2 2 2
left_child=-1 2 3 4 -2 -3 8 12 9 -4 11 -11 -8 -12
right_child=1 5 6 -5 -6 -7 7 -9 -10 10 13 -13 -14 -15
leaf_value=-0.00036434041958508813 0.00018560994657223159 0.012654375130222745 -0.00055984673532087073 0.013974334781321899 0.0022515255555333024 0.0029771343496684459 0.00068535091486462561 -5.5607542990966438e-05 -0.0015670780992497581 0.0016481513412659244 -0.0030146415973485948 0.0072942343972596281 0.011785423482915834 0.0035244609140015998
leaf_weight=117519.62150196917 7403.9488640222698 224.63933689519763 12872.575862703845 120.71233013831079 12774.690279310569 1813.9034654945135 295.98296719416976 2964.7697809580714 9389.3232458606362 5065.831581722945 1814.5583090372384 1478.3331645131111 706.42318966239691 717.85904127918184
leaf_count=131180 10351 679 15787 478 28716 1769 781 1752 7568 8241 1344 3781 991 696
internal_value=2.27781e-06 0.000749647 0.0006261 0.00157503 0.00149397 0.00410009 8.02139e-05 0.00213409 -0.000180386 0.000413251 0.00179241 0.00293279 0.00854702 -0.00115444
internal_weight=175163 57643.6 55605 20299.4 20178.6 2038.54 35305.7 3967.18 31338.5 21949.2 9076.58 6544.16 1002.41 2532.42
internal_count=214114 82934 80486 39545 39067 2448 40941 3524 37417 29849 14062 12022 1772 2040
is_linear=0
shrinkage=0.05


Tree=39
num_leaves=15
num_cat=0
split_feature=15 1 1 4 2 15 0 1 2 1 0 16 2 4
split_gain=17.3428 8.62416 10.4014 7.35953 7.2227 7.00787 6.8341 20.1936 9.32107 10.6476 11.0389 13.2246 9.28811 8.49619
threshold=0.018074123188853267 0.015749008394777778 0.0062696540262550124 0.016001024283468727 0.0068260179832577714 0.040578963235020644 0.013986697886139156 0.0098524559289217013 0.010471491608768703 0.010582306887954475 0.0091326101683080214 3.5000000000000004 0.010582306887954475 0.0081634009256958979
decision_type=2 2 2 2 2 2 2 2 2 2 2 2 2 2
left_child=-1 2 3 4 -2 -3 8 12 9 -4 11 -11 -8 -10
right_child=1 5 6 -5 -6 -7 7 -9 13 10 -12 -13 -14 -15
leaf_value=-0.00034612519193066648 0.00017634200512088474 0.012048621760492088 -0.00053187614697280071 0.013329072152320829 0.0021390373852629096 0.0028290937722412102 0.00065220334926295478 -5.28364111206536e-05 0.0003013545427326843 0.0015659060844132309 -0.0010966216455683831 0.0069319731932553684 0.011204377420337371 -0.0027506522215253559
leaf_weight=117519.62150196917 7403.9488640222698 224.63933689519763 12872.575862703845 120.71233013831079 12774.690279310569 1813.9034654945135 295.98296719416976 2964.7697809580714 3885.1396055985242 5065.831581722945 2532.4173503164202 1478.3331645131111 706.42318966239691 5504.183640262112
leaf_count=131180 10351 679 15787 478 28716 1769 781 1752 4142 8241 2040 3781 991 3426
internal_value=2.31053e-06 0.000712614 0.00059512 0.00149668 0.00141933 0.00389891 7.64827e-05 0.00202894 -0.00017125 0.000392791 0.00170331 0.00278683 0.00812583 -0.00148881
internal_weight=175163 57643.6 55605 20299.4 20178.6 2038.54 35305.7 3967.18 31338.5 21949.2 9076.58 6544.16 1002.41 9389.32
internal_count=214114 82934 80486 39545 39067 2448 40941 3524 37417 29849 14062 12022 1772 7568
is_linear=0
shrinkage=0.05


Tree=40
num_leaves=15
num_cat=0
split_feature=17 3 3 1 4 0 2 1 4 1 1 0 15 15
split_gain=16.1066 9.12071 24.2753 14.7256 9.12514 8.86666 16.8543 11.3807 8.69027 8.54065 8.58939 8.26686 7.1441 7.47081
threshold=0.029857398010790352 1.0000000180025095e-35 0.0088890646584332007 0.013606071937829258 0.0079682543873786944 0.010152545757591726 1.0000000180025095e-35 0.011428944766521456 0.0071685509756207475 0.016001024283468727 0.00766294775530696 0.010582306887954475 0.034918328747153289 0.018074123188853267
decision_type=2 2 2 2 2 2 2 2 2 2 2 2 2 2
left_child=12 5 3 8 -5 -2 -7 11 -3 10 -4 -8 13 -1
right_child=1 2 9 4 -6 6 7 -9 -10 -11 -12 -13 -14 -15
leaf_value=-0.00036788850736386606 -0.00088852415233664636 0.0067968553811196507 0.001719805114020898 0.017025514850480136 0.0064076973621201077 -0.00080202354261685966 0.021175787250773431 -0.0018822499387969975 0.0013929600381326511 0.0050316262513677486 -0.00032956632571237541 0.0057776985465754407 -0.0023677119857938344 0.00068782398705879348
leaf_weight=108815.12467627041 11033.890578269958 1170.900515049696 8907.073052469641 340.503184389323 529.16372484527528 3187.9168645851314 83.714194918051362 499.78461278788745 2029.6215521208942 1107.6676024273038 11978.234729787335 1754.3550426941365 3926.7230005059391 19798.499589640647
leaf_count=119072 16540 2766 17535 1333 1330 4227 171 494 4014 987 10276 4046 3780 27543
internal_value=2.32745e-06 0.000847692 0.00143052 0.00497276 0.0107112 -6.99306e-05 0.00156329 0.00477834 0.00338497 0.000773004 0.000544845 0.00658979 -0.000269571 -0.000205334
internal_weight=175163 42622.8 26063.2 4070.19 869.667 16559.7 5525.77 2337.85 3200.52 21993 20885.3 1838.07 132540 128614
internal_count=214114 63719 38241 9443 2663 25478 8938 4711 6780 28798 27811 4217 150395 146615
is_linear=0
shrinkage=0.05


Tree=41
num_leaves=15
num_cat=0
split_feature=17 17 0 1 4 4 1 1 3 2 0 0 1 4
split_gain=14.6927 5.78388 7.0051 4.9498 9.66362 16.9393 9.92663 8.08054 6.77944 11.3965 6.60148 6.68502 7.80728 7.39395
threshold=0.04446640424430371 0.014389234129339458 1.0000000180025095e-35 0.00766294775530696 0.010152545757591726 0.0067340831737965354 0.016261236742138866 0.0073261056095361718 0.013606071937829258 0.0076046728063374766 0.015504807699471714 0.0071685509756207475 0.0094788861460983771 0.011561079882085325
decision_type=2 2 2 2 2 2 2 2 2 2 2 2 2 2
left_child=1 2 -1 7 5 6 -5 -2 9 -7 11 12 -6 -13
right_child=3 -3 -4 4 10 8 -8 -9 -10 -11 -12 13 -14 -15
leaf_value=-0.00080921104413965894 0.0018120278505421431 0.00010078942579982858 0.00037107165235586328 -0.00060140104606248043 -0.0054253735465302419 0.0013839146905208391 0.011520007240869891 0.0097022754839567963 0.0016525863733371318 0.010843933382024518 0.0025234397027987876 -0.0062705610096036694 0.002958901388816959 -0.0011509003013895516
leaf_weight=51177.235905366018 8352.1656218823045 84322.455987788737 16657.357337055728 3185.2068373765796 327.12671719305217 481.25536418706179 168.32916215993464 328.36977132968605 694.79483404196799 949.76956990174949 1563.8020920660347 826.11385828815401 1574.2345764022321 4554.9552857223898
leaf_count=53779 17941 105466 19162 5213 565 1076 353 572 1002 1761 671 535 3046 2972
internal_value=2.38061e-06 -0.000175706 -0.000519371 0.00117977 0.000608155 0.00225619 3.94681e-05 0.00212132 0.00573656 0.0076942 -0.000414032 -0.00104741 0.00149556 -0.00194706
internal_weight=175163 152157 67834.6 23006.1 14325.6 5479.36 3353.54 8680.54 2125.82 1431.02 8846.23 7282.43 1901.36 5381.07
internal_count=214114 178407 72941 35707 17194 9405 5566 18513 3839 2837 7789 7118 3611 3507
is_linear=0
shrinkage=0.05


Tree=42
num_leaves=15
num_cat=0
split_feature=17 3 2 15 15 2 1 4 4 1 15 0 1 3
split_gain=13.4704 5.8812 7.58689 6.42571 10.0417 5.07971 6.96287 7.2313 9.40252 11.5417 12.5568 6.1977 5.89785 7.18523
threshold=0.024099883623421196 0.016261236742138866 0.016261236742138866 0.065854530781507506 0.046242719516158111 0.0090499590151011961 0.0085838492959737795 0.0081634009256958979 0.0064309346489608296 0.010256679728627207 0.017632445320487026 0.0070672258734703073 0.0085838492959737795 0.009756329935044052
decision_type=2 2 2 2 2 2 2 2 2 2 2 2 2 2
left_child=5 -2 3 4 -3 6 -1 8 -8 -10 -11 -9 13 -7
right_child=1 2 -4 -5 -6 12 7 11 9 10 -12 -13 -14 -15
leaf_value=-0.00034007517821806873 0.00057343887049576261 -0.0043127036791726827 0.010673108033489696 -0.0069833481109008227 0.015230668738621077 -0.0014380989267157454 0.00075096067640015784 0.00018727614706893735 0.0028728156641057347 -0.0056670352134633069 0.018231974640320062 -0.006871513548306226 -0.0053997230872932563 0.0051646096807803432
leaf_weight=99781.520541092381 56517.793663460761 125.26991792023182 322.01778052188456 162.5914638414979 120.7659659460187 6825.4876943305135 6973.8058644756675 856.36439197137952 1393.5603651311249 64.434928143396974 252.44640837609768 477.80514480546117 860.55985792726278 428.74893281795084
leaf_count=108547 81822 185 214 99 370 7236 10709 1547 1420 101 390 301 537 636
internal_value=2.34326e-06 0.000631556 0.00505866 0.000484937 0.0055003 -0.000303172 -0.000213883 0.00104205 0.00156883 0.00487971 0.0133476 -0.002373 -0.00150957 -0.00104128
internal_weight=175163 57248.4 730.645 408.627 246.036 117915 109800 10018.4 8684.25 1710.44 316.881 1334.17 8114.8 7254.24
internal_count=214114 82690 868 654 555 131424 123015 14468 12620 1911 491 1848 8409 7872
is_linear=0
shrinkage=0.05


Tree=43
num_leaves=15
num_cat=0
split_feature=17 0 2 3 1 16 1 16 15 15 15 3 4 15
split_gain=12.5335 6.63796 9.08319 12.829 15.5389 11.249 8.25376 9.12744 14.6148 7.683 7.58879 6.72378 6.5674 6.21796
threshold=0.048809524625539787 0.009569597430527212 0.0077221228275448093 0.007272823480889202 0.011696306522935631 3.5000000000000004 0.011561079882085325 3.5000000000000004 0.051517894491553314 0.009756329935044052 0.034918328747153289 0.0083683477714657801 0.012121656909585001 0.024206145666539673
decision_type=2 2 2 2 2 2 2 2 2 2 2 2 2 2
left_child=1 6 5 4 12 9 10 13 -9 -3 -1 -5 -4 -8
right_child=-2 2 3 11 -6 -7 7 8 -10 -11 -12 -13 -14 -15
leaf_value=-0.00027886888179053234 0.0012014498374456255 0.0071134646162374464 0.0059484876476501164 -0.0042980914429025163 -0.0050937366579750032 -0.004068413570027055 0.0019387921898681986 0.0090852400639391331 -0.0057528007425577165 0.00024844304108643389 -0.0024554123207882039 0.0014296384374730866 0.016449537653997561 -0.0018051325537651272
leaf_weight=127688.05150599219 19369.571931572631 415.13981898128986 1845.9660786837339 595.12437425926328 307.57442599907517 1515.586971566081 3295.3657580129802 770.17472448572516 203.37031838670373 9879.0341134220362 4124.7033814042807 3336.8885436207056 156.89258550852537 1659.7283888664097
leaf_count=146907 30320 426 3678 640 189 1309 5920 1676 134 11197 4518 4616 276 2308
internal_value=2.29076e-06 -0.000146866 0.000754403 0.00229539 0.00524379 -6.13921e-05 -0.000265032 0.00155843 0.00595865 0.000531928 -0.000347159 0.000554022 0.00684872 0.00068364
internal_weight=175163 155794 18052.2 6242.45 2310.43 11809.8 137741 5928.64 973.545 10294.2 131813 3932.01 2002.86 4955.09
internal_count=214114 183794 22331 9399 4143 12932 161463 10038 1810 11623 151425 5256 3954 8228
is_linear=0
shrinkage=0.05


Tree=44
num_leaves=15
num_cat=0
split_feature=15 0 0 1 3 2 3 15 3 1 2 4 0 1
split_gain=11.5261 6.66141 10.3286 12.3128 11.893 11.751 11.2683 10.6194 10.2493 8.67651 13.4942 8.54576 11.193 7.58203
threshold=0.016234917566180233 0.013423423748463394 0.0065574476029723891 0.012422839645296337 0.0063092110212892303 0.010256679728627207 0.0072203108575195083 0.029390712268650535 0.010362972505390646 0.0098524559289217013 0.0070176301524043092 0.00766294775530696 0.011696306522935631 0.012579114176332952
decision_type=2 2 2 2 2 2 2 2 2 2 2 2 2 2
left_child=-1 2 3 5 13 -2 -7 -8 -6 10 -3 12 -4 -5
right_child=1 9 11 4 8 6 7 -9 -10 -11 -12 -13 -14 -15
leaf_value=-0.00030898097847464195 0.0012706436800209947 -0.00064653431940866243 -0.00012702122590157829 0.013838930507512637 0.010451077115607513 -0.0040558169581307686 0.0039554693231121226 -0.0019976896548673704 0.0030601763405841793 0.00048317013549359009 0.0058375306885817806 -0.0012424051283783182 0.003311060624672096 -0.00027000117012859499
leaf_weight=110249.71500988118 17133.751681683585 1197.4737626202404 14129.077350497246 91.656779190525413 870.07900553196669 2290.5840170793235 1311.964316662401 1719.1941415779293 1030.1464236527681 5067.4700716324151 2410.7925085481256 13328.484246252105 2833.6007142737508 1499.1828916780651
leaf_count=122088 26486 1864 21360 204 2601 2143 2382 2297 1373 3004 5602 15727 4656 2327
internal_value=2.23246e-06 0.000530767 0.000331661 0.00106361 0.00382174 0.000633302 -0.0014172 0.000583526 0.00648133 0.00181954 0.00368983 -0.000295448 0.00044892 0.00062426
internal_weight=175163 64913.5 56237.7 25946.6 3491.07 22455.5 5321.74 3031.16 1900.23 8675.74 3608.27 30291.2 16962.7 1590.84
internal_count=214114 92026 81556 39813 6505 33308 6822 4679 3974 10470 7466 41743 26016 2531
is_linear=0
shrinkage=0.05


Tree=45
num_leaves=15
num_cat=0
split_feature=15 1 1 4 17 15 2 2 17 0 17 0 2 17
split_gain=10.4807 6.25718 8.23562 6.49369 6.29224 6.27212 5.88809 6.51613 6.38364 16.4553 9.34371 7.07717 6.79069 6.55333
threshold=0.018074123188853267 0.015749008394777778 0.0062696540262550124 0.016001024283468727 0.010929288342595102 0.040578963235020644 0.0068260179832577714 0.0066445916891098031 0.014599318150430919 0.0076046728063374766 0.024099883623421196 0.0065147271379828462 0.012903762981295587 0.021054964512586597
decision_type=2 2 2 2 2 2 2 2 2 2 2 2 2 2
left_child=-1 2 3 6 -4 -3 7 -2 9 -8 11 13 -12 -10
right_child=1 5 4 -5 -6 -7 8 -9 10 -11 12 -13 -14 -15
leaf_value=-0.00026865216163414523 0.00038078264730661334 0.010973363310547194 0.012548042603538298 0.012369848731547353 -4.2611007264674575e-05 0.0022592541296165536 0.0017552117312140049 -0.0068161462208053032 0.0054992714100246766 0.024504285354834732 0.0035184540546353486 -0.0023136471870476342 0.00058864786006364539 -0.0011913389508937334
leaf_weight=117519.62150196917 7084.8486731275916 224.63933689519763 89.51171507127583 120.71233013831079 35216.14542786032 1813.9034654945135 291.37575733289123 319.10019089467824 728.49260887689888 100.23134335689247 5751.4435790311545 2164.7377448249608 3018.6330663412809 719.77617954649031
leaf_count=131180 9788 679 136 478 40805 1769 708 563 1727 148 15220 3310 6559 1044
internal_value=2.21656e-06 0.000554395 0.000454327 0.00125655 -7.14539e-06 0.00326839 0.00118398 6.18294e-05 0.00183379 0.00804298 0.0016311 -0.000507815 0.00251184 0.00218873
internal_weight=175163 57643.6 55605 20299.4 35305.7 2038.54 20178.6 7403.95 12774.7 391.607 12383.1 3613.01 8770.08 1448.27
internal_count=214114 82934 80486 39545 40941 2448 39067 10351 28716 856 27860 6081 21779 2771
is_linear=0
shrinkage=0.05


Tree=46
num_leaves=15
num_cat=0
split_feature=17 0 2 3 1 15 15 1 16 15 15 3 15 2
split_gain=9.89251 5.62537 7.68638 11.3111 13.8188 10.1255 7.97854 6.95666 8.22641 13.0196 6.69908 6.27944 5.78792 5.72445
threshold=0.048809524625539787 0.009569597430527212 0.0078432578593492525 0.007272823480889202 0.011428944766521456 0.043940646573901183 0.010050504934042694 0.011561079882085325 3.5000000000000004 0.051517894491553314 0.034918328747153289 0.0083683477714657801 0.024206145666539673 0.011561079882085325
decision_type=2 2 2 2 2 2 2 2 2 2 2 2 2 2
left_child=1 7 5 4 -4 6 -3 10 12 -10 -1 -5 -9 -13
right_child=-2 2 3 11 -6 -7 -8 8 9 -11 -12 13 -14 -15
leaf_value=-0.0002502435987546499 0.0010676411241430075 0.0046134513424436882 0.006523417227921333 -0.0042158080796086709 -0.0043314198845178899 -0.0074172689435936428 -0.00015519540626161547 0.0018157160271554983 0.0085634741242745522 -0.0054411244409362843 -0.0022952178317328831 0.0033978180538769055 -0.001796335449526389 -0.00075701172460733391
leaf_weight=127688.05150599219 19369.571931572631 947.15967250987887 1950.2027826812118 591.72349557094276 337.58778319135308 438.22682652622461 10486.953057523817 3295.3657580129802 770.17472448572516 203.37031838670373 4124.7033814042807 1660.4071926344186 1659.7283888664097 1639.9461014028639
leaf_count=146907 30320 1020 3847 624 200 260 11827 5920 1676 134 4518 2633 2308 1920
internal_value=2.28775e-06 -0.000130226 0.000699457 0.00212793 0.00490979 -4.52679e-05 0.000243508 -0.000239006 0.00143505 0.00561238 -0.000314404 0.000484347 0.000604664 0.00133723
internal_weight=175163 155794 18052.2 6179.87 2287.79 11872.3 11434.1 137741 5928.64 973.545 131813 3892.08 4955.09 3300.35
internal_count=214114 183794 22331 9224 4047 13107 12847 161463 10038 1810 151425 5177 8228 4553
is_linear=0
shrinkage=0.05


Tree=47
num_leaves=15
num_cat=0
split_feature=15 1 15 0 0 1 15 16 15 1 0 17 4 3
split_gain=9.0078 5.7898 5.43351 5.54509 5.12566 6.87695 7.82287 8.33685 6.40736 7.85582 5.45409 13.4168 5.87595 4.91241
threshold=0.016234917566180233 0.015749008394777778 0.040578963235020644 0.016261236742138866 1.0000000180025095e-35 0.0082305916585028189 0.015873516909778122 1.5000000000000002 0.0150555232539773 0.0085107926279306429 0.0064309346489608296 0.013072453904896976 0.0065147271379828462 0.012422839645296337
decision_type=2 2 2 2 2 2 2 2 2 2 2 2 2 2
left_child=4 -2 -3 -4 5 13 7 -7 -9 -10 11 -6 -12 -1
right_child=1 2 3 -5 10 6 -8 8 9 -11 12 -13 -14 -15
leaf_value=-0.00067269751079209752 0.00038364036619849788 0.0098870136415933133 0.00077689048274572157 0.0078907762442894987 0.0014896184728315279 0.00075290606085900611 -0.0061542691422691118 0.019231726953494486 -0.0060052690611256771 0.0099539653404304498 0.0002675744904668701 0.015356235182763786 -0.0048057968344752114 0.0026807713316286184
leaf_weight=73786.550738932565 62852.62386068888 246.93058469705284 1487.3523743599653 326.55109113454819 1660.0142552405596 8966.7369827944785 379.84849474579096 88.069182422012091 110.99619242735207 208.27284039184451 23189.932763708755 185.3508916143328 575.12474935129285 1098.8179182521999
leaf_count=76403 89526 731 1665 104 2079 14986 335 104 121 306 25445 197 622 1490
internal_value=2.17126e-06 0.000469412 0.00307084 0.00209382 -0.000272951 -0.000460474 0.000787748 0.00107531 0.00798418 0.00439174 0.000346726 0.00295766 0.000142827 -0.00062314
internal_weight=175163 64913.5 2060.83 1813.9 110250 84639.3 9753.92 9374.08 407.338 319.269 25610.4 1845.37 23765.1 74885.4
internal_count=214114 92026 2500 1769 122088 93745 15852 15517 531 427 28343 2276 26067 77893
is_linear=0
shrinkage=0.05


Tree=48
num_leaves=15
num_cat=0
split_feature=17 0 2 3 1 16 15 4 1 15 15 2 15 1
split_gain=8.36672 4.80122 6.9374 10.2535 12.4967 9.4685 6.55194 6.09293 6.0729 7.1672 6.39603 10.6942 10.0462 8.12344
threshold=0.048809524625539787 0.009569597430527212 0.0077221228275448093 0.007272823480889202 0.011696306522935631 3.5000000000000004 0.009756329935044052 0.012121656909585001 0.011050061322748663 0.034918328747153289 0.033102544024586684 0.010471491608768703 0.051517894491553314 0.012422839645296337
decision_type=2 2 2 2 2 2 2 2 2 2 2 2 2 2
left_child=1 8 5 4 7 6 -3 -4 9 -1 11 -10 13 -12
right_child=-2 2 3 -5 -6 -7 -8 -9 10 -11 12 -13 -14 -15
leaf_value=-0.00023801390606723789 0.00098196466584733679 0.0065560488656831398 0.0052061254495482032 0.0004369449054038124 -0.0046398188524656879 -0.0037423445565525587 0.00021647872262083655 0.015299239269889759 0.00073157982496122953 -0.0024517688716387633 0.002155915610521955 -0.011633698576859024 -0.0046705100764663282 0.0097632573087526198
leaf_weight=126054.78861727193 19369.571931572631 415.13981898128986 1845.9660786837339 3932.0129178799689 307.57442599907517 1515.586971566081 9879.0341134220362 156.89258550852537 6051.2125115245581 3755.6105409115553 803.81091605313122 170.05992484465241 282.57449227198958 623.33707427047193
leaf_count=144412 30320 426 3678 5256 189 1309 11197 276 10280 4249 938 111 151 1322
internal_value=2.20838e-06 -0.000119658 0.000646843 0.00199357 0.00462941 -6.60986e-05 0.000478253 0.00606884 -0.000220155 -0.000302245 0.00112215 0.000375445 0.00382124 0.0055234
internal_weight=175163 155794 18052.2 6242.45 2310.43 11809.8 10294.2 2002.86 137741 129810 7930.99 6221.27 1709.72 1427.15
internal_count=214114 183794 22331 9399 4143 12932 11623 3954 161463 148661 12802 10391 2411 2260
is_linear=0
shrinkage=0.05


Tree=49
num_leaves=15
num_cat=0
split_feature=15 0 0 1 2 3 3 15 3 3 16 4 0 1
split_gain=7.67514 5.13325 9.42378 9.95666 10.7461 10.1694 10.0201 9.36415 9.22702 8.40393 9.02305 7.32965 9.35218 6.93312
threshold=0.016234917566180233 0.013423423748463394 0.0065574476029723891 0.012422839645296337 0.010256679728627207 0.0063092110212892303 0.0072203108575195083 0.029390712268650535 0.010362972505390646 0.0093898782506585139 4.5000000000000009 0.00766294775530696 0.011696306522935631 0.012579114176332952
decision_type=2 2 2 2 2 2 2 2 2 2 2 2 2 2
left_child=-1 2 3 4 -2 13 -6 -8 -7 10 -3 12 -4 -5
right_child=1 9 11 5 6 8 7 -9 -10 -11 -12 -13 -14 -15
leaf_value=-0.0002518186639606535 0.0011803572020664818 0.0030323458061913846 -0.00017735246829979074 0.013118806603304695 -0.0038781365257609911 0.009662769765203123 0.003663369724581725 -0.0019268336324611954 0.0026546519077664879 0.00065489450076035597 0.012918040012473431 -0.0012173210663098621 0.0029652978320283238 -0.00037238905359357835
leaf_weight=110249.71500988118 17133.751681683585 1946.6411050967872 14129.077350497246 91.656779190525413 2290.5840170793235 870.07900553196669 1311.964316662401 1719.1941415779293 1030.1464236527681 6475.0587106551975 254.03652704879642 13328.484246252105 2833.6007142737508 1499.1828916780651
leaf_count=122088 26486 4130 21360 204 2143 2601 2382 2297 1373 5869 471 15727 4656 2327
internal_value=2.13796e-06 0.000433433 0.000258657 0.000957815 0.000570864 0.00343805 -0.00138998 0.000496842 0.00589733 0.00156476 0.00422678 -0.00034034 0.000349062 0.000482005
internal_weight=175163 64913.5 56237.7 25946.6 22455.5 3491.07 5321.74 3031.16 1900.23 8675.74 2200.68 30291.2 16962.7 1590.84
internal_count=214114 92026 81556 39813 33308 6505 6822 4679 3974 10470 4601 41743 26016 2531
is_linear=0
shrinkage=0.05


Tree=50
num_leaves=15
num_cat=0
split_feature=17 0 2 3 1 16 15 15 1 15 16 2 15 2
split_gain=6.99044 4.2374 6.19722 9.17737 11.1122 8.4314 6.04835 5.20117 5.14207 6.25032 5.95538 10.658 5.82112 4.88349
threshold=0.048809524625539787 0.009569597430527212 0.0077221228275448093 0.0067340831737965354 0.011428944766521456 3.5000000000000004 0.010050504934042694 0.028330656699836258 0.011050061322748663 0.034918328747153289 3.5000000000000004 0.011173533275723459 0.051517894491553314 0.0090499590151011961
decision_type=2 2 2 2 2 2 2 2 2 2 2 2 2 2
left_child=1 8 5 4 -4 6 -3 -5 9 -1 13 12 -12 -10
right_child=-2 2 3 7 -6 -7 -8 -9 10 -11 11 -13 -14 -15
leaf_value=-0.00021920974319300046 0.00089770657733325614 0.0042362181204771273 0.0060213910200997874 -0.0093242434592209437 -0.0039453707323885909 -0.0035320632328188942 6.2971119046934749e-05 0.00081034179377438445 0.00086210425725740357 -0.0022865191186202251 0.0086130608536729939 -0.0021828649867756508 -0.0042372103427484736 -0.0036937027205723896
leaf_weight=126054.78861727193 19369.571931572631 947.15967250987887 1831.0877595786005 120.78485741838813 322.59527870081365 1515.586971566081 9347.0142598934472 3967.9781123735011 5957.1157183554024 3755.6105409115553 790.35165625065565 447.87710866890848 93.002911332994699 642.64752435684204
leaf_count=144412 30320 1020 3710 133 174 1309 10603 5382 10248 4249 1771 309 67 407
internal_value=2.15088e-06 -0.000109243 0.000610847 0.0018837 0.00451716 -6.29887e-05 0.000450687 0.000488941 -0.000203654 -0.000279192 0.0010315 0.00406906 0.00722785 0.000413569
internal_weight=175163 155794 18052.2 6242.45 2153.68 11809.8 10294.2 4088.76 137741 129810 7930.99 1331.23 883.355 6599.76
internal_count=214114 183794 22331 9399 3884 12932 11623 5515 161463 148661 12802 2147 1838 10655
is_linear=0
shrinkage=0.05


Tree=51
num_leaves=15
num_cat=0
split_feature=15 1 2 4 0 3 2 2 1 17 4 4 0 1
split_gain=6.57759 4.8659 5.10506 7.19186 13.5752 6.90143 5.30174 4.86213 4.81679 7.14685 6.97812 22.1613 7.63764 7.69652
threshold=0.016234917566180233 0.015749008394777778 0.0098524559289217013 0.010256679728627207 0.015749008394777778 0.013793759513646366 0.015749008394777778 0.012903762981295587 0.0076046728063374766 0.080128207802772536 0.0082988981157541292 0.0063092110212892303 0.0075472774915397176 0.010929288342595102
decision_type=2 2 2 2 2 2 2 2 2 2 2 2 2 2
left_child=-1 8 5 6 7 -3 -4 -5 9 -2 11 -10 13 -12
right_child=1 2 3 4 -6 -7 -8 -9 10 -11 12 -13 -14 -15
leaf_value=-0.00023307770822435646 0.00062302323878325055 0.003005436070794806 0.010910927384126586 -0.012764342513187019 0.00397655901985029 0.015498419312969783 -0.0015246437743816593 -0.0026597953247349104 -0.0009728586717941553 0.004842104800525146 -0.0012093894738706232 0.0028711869789612506 -0.0017398791270920218 0.0021578853226916377
leaf_weight=110249.71500988118 30150.806009629741 348.4591694958508 269.77803305350244 196.2822365090251 671.34721270389855 156.55853673629463 120.3446766640991 298.06418502889574 8853.0958850551397 1028.638397237286 3427.0433851387352 6489.258890317753 9561.1206369940192 3342.6606563162059
leaf_count=122088 50136 1015 447 115 200 197 217 309 10570 2770 5344 9129 6098 5479
internal_value=2.02078e-06 0.000401289 0.00278612 0.0013481 -0.000631991 0.00710407 0.00713258 -0.00684538 0.000322663 0.000763722 -0.000111624 0.000653844 -0.000830721 0.000453992
internal_weight=175163 64913.5 2060.83 1555.82 1165.69 505.018 390.123 494.346 62852.6 31179.4 31673.2 15342.4 16330.8 6769.7
internal_count=214114 92026 2500 1288 624 1212 664 424 89526 52906 36620 19699 16921 10823
is_linear=0
shrinkage=0.05


Tree=52
num_leaves=15
num_cat=0
split_feature=17 1 4 4 1 1 3 2 4 4 3 2 2 0
split_gain=6.07908 4.29012 7.23646 14.6449 7.62668 7.19105 5.52811 10.0376 5.93623 5.78579 5.20038 11.4818 5.14839 5.1208
threshold=0.04446640424430371 0.00766294775530696 0.010152545757591726 0.0067340831737965354 0.016261236742138866 0.0073261056095361718 0.013606071937829258 0.0076046728063374766 0.0091326101683080214 0.0089687905274331587 0.015038444194942715 0.014185110572725536 0.011173533275723459 0.013072453904896976
decision_type=2 2 2 2 2 2 2 2 2 2 2 2 2 2
left_child=-1 5 3 4 13 -2 7 -5 -8 -9 -4 -12 -11 -3
right_child=1 2 10 6 -6 -7 8 9 -10 12 11 -13 -14 -15
leaf_value=-0.00011256625593779692 0.0013445282447758691 -0.0022081254933437248 -0.0013372386401814384 0.00074781087337564439 0.0096586246755986267 0.0087851027953432283 -0.0011332075785598968 0.011745339100337026 0.01013468472730741 0.012102387291096467 0.007714451191593483 -0.00066582143677561658 -0.0031493021241278799 0.0022480762948149675
leaf_weight=152157.04923021048 8352.1656218823045 2300.0521101560444 6725.696134287864 481.25536418706179 168.32916215993464 328.36977132968605 557.40219405479729 727.94485409930348 137.3926399871707 76.541223950684071 540.74779807589948 1579.7885973080993 145.28349185176194 885.15472722053528
leaf_count=178407 17941 4006 6817 1076 353 572 828 1323 174 181 399 573 257 1207
internal_value=1.98474e-06 0.000759318 0.00022746 0.00165371 -0.000406148 0.00163578 0.00488988 0.00665714 0.00120715 0.00961245 -0.000656829 0.00149737 0.00240837 -0.000966607
internal_weight=175163 23006.1 14325.6 5479.36 3353.54 8680.54 2125.82 1431.02 694.795 949.77 8846.23 2120.54 221.825 3185.21
internal_count=214114 35707 17194 9405 5566 18513 3839 2837 1002 1761 7789 972 438 5213
is_linear=0
shrinkage=0.05


Tree=53
num_leaves=15
num_cat=0
split_feature=15 1 0 2 1 15 4 15 1 0 4 2 16 4
split_gain=5.75674 4.99389 6.92286 7.29646 10.0929 9.77807 10.7416 9.96818 7.76706 7.0009 7.71287 6.53828 6.0681 5.60509
threshold=0.018074123188853267 0.0062696540262550124 0.015268065501004459 0.011561079882085325 0.014815627597272398 0.056784031912684448 0.0098524559289217013 0.048977166414260871 0.0067340831737965354 0.0066007319837808618 0.010929288342595102 0.0063492704648524531 3.5000000000000004 0.016001024283468727
decision_type=2 2 2 2 2 2 2 2 2 2 2 2 2 2
left_child=-1 13 3 4 8 6 7 11 -3 10 -8 -6 -12 -2
right_child=1 2 -4 -5 5 -7 9 -9 -10 -11 12 -13 -14 -15
leaf_value=-0.00019870322275756912 0.00097493720135212252 -0.0032001386846608306 0.0025299450456943932 -0.0013669749958873029 0.0033167493413806381 0.012212816090436476 0.018732840688763658 -0.0069024775458822116 0.00028585723457173171 -0.0070985636048255729 -0.0055337876430331251 0.013394713393215359 0.011462452323948895 0.01136629986820965
leaf_weight=117519.62150196917 20178.639143332839 1709.8297809902579 2642.8372862469405 8759.0259183980525 318.39644530415535 290.05556293018162 53.21378636918962 115.08965524099767 22523.938472894952 355.31114142015576 179.32286220416427 334.45869625359774 62.720337068662047 120.71233013831079
leaf_count=131180 39067 1710 1932 7401 968 364 77 217 29059 381 301 745 234 478
internal_value=2.04509e-06 0.00041128 6.80884e-05 -0.00012008 0.000301279 0.00400397 0.0022517 0.00622114 3.86819e-05 -0.00245717 0.00317783 0.00860389 -0.000849533 0.0010423
internal_weight=175163 57643.6 37344.2 34701.4 25942.3 1708.57 1418.51 767.945 24233.8 650.568 295.257 652.855 242.043 20299.4
internal_count=214114 82934 43389 41457 34056 3287 2923 1930 30769 993 612 1713 535 39545
is_linear=0
shrinkage=0.05


Tree=54
num_leaves=15
num_cat=0
split_feature=17 0 1 17 0 3 2 15 15 3 0 4 15 4
split_gain=5.32407 5.7027 4.86391 6.37676 5.87605 4.44021 6.75245 5.79358 9.21522 4.33893 4.35917 3.5901 3.4495 3.31924
threshold=0.014389234129339458 1.0000000180025095e-35 0.0066890381276607522 0.013072453904896976 0.0066445916891098031 0.016261236742138866 0.016261236742138866 0.065854530781507506 0.046242719516158111 0.00766294775530696 0.007272823480889202 0.0066890381276607522 0.0063092110212892303 0.0079682543873786944
decision_type=2 2 2 2 2 2 2 2 2 2 2 2 2 2
left_child=1 -1 9 4 -4 -2 7 8 -7 12 -11 -6 -3 -14
right_child=5 2 3 -5 11 6 -8 -9 -10 10 -12 -13 13 -15
leaf_value=-0.00060614571660020018 0.00019440304443883703 0.004776004126881392 -0.00084324050194988691 -0.00036352592553697439 0.013196453223966535 -0.0048014961053893558 0.009375754577081355 -0.0072940058350166957 0.013893366292689297 -0.00027975047968983711 0.0096051342398119233 -0.0010517595265430704 -7.9571966985029986e-05 0.0085698981938649877
leaf_weight=51177.235905366018 106597.93455011025 375.45008612982929 139.20669091492891 452.35820557922125 300.4926257263869 125.26991792023182 322.01778052188456 162.5914638414979 120.7659659460187 204.30328869633377 234.16926829703152 49.905078947544098 14799.717755287886 101.75433747656643
leaf_count=53779 140305 513 257 649 679 185 214 99 370 237 241 58 16380 148
internal_value=2.08549e-06 -0.000344624 0.000458742 0.00392925 0.00782335 0.000221227 0.0040793 -0.000218814 0.00455905 0.000248358 0.0050958 0.0111943 0.000105986 -1.48017e-05
internal_weight=175163 67834.6 16657.4 941.963 489.604 107329 730.645 408.627 246.036 15715.4 438.473 350.398 15276.9 14901.5
internal_count=214114 72941 19162 1643 994 141173 868 654 555 17519 478 737 17041 16528
is_linear=0
shrinkage=0.05


Tree=55
num_leaves=15
num_cat=0
split_feature=17 1 1 4 4 1 3 2 4 0 16 3 2 0
split_gain=4.90338 3.84371 6.50713 6.38808 13.2947 6.65244 4.9726 12.0643 4.73728 4.56021 4.58929 4.35482 10.607 4.49181
threshold=0.04446640424430371 0.00766294775530696 0.0073261056095361718 0.010152545757591726 0.0067340831737965354 0.016261236742138866 0.01183473411947489 0.0076046728063374766 0.0077822189778089532 0.013072453904896976 4.5000000000000009 0.015038444194942715 0.014185110572725536 0.0093898782506585139
decision_type=2 2 2 2 2 2 2 2 2 2 2 2 2 2
left_child=-1 2 -2 4 5 9 7 8 -6 -3 -11 13 -13 -5
right_child=1 3 -4 11 6 -7 -8 -9 -10 10 -12 12 -14 -15
leaf_value=-0.00010077164695317296 0.001234885616370886 -0.0021382519383557875 0.008312501602542606 0.00043511278782613861 0.0089858474540270954 0.0089567944261887446 0.0020720634790593359 0.011218329399243049 -0.0024510455665583885 0.00052048821516402 0.010393094643046052 0.0072952462857185877 -0.00075898596974549766 -0.0022488361710587203
leaf_weight=152157.04923021048 8352.1656218823045 2300.0521101560444 328.36977132968605 2443.5064738765359 112.91792471520603 168.32916215993464 1027.4610417820513 651.32842916995287 334.11237246356905 755.44483653083444 129.70989068970084 540.74779807589948 1579.7885973080993 4282.1896604113281
leaf_count=178407 17941 4006 572 4324 486 353 1447 1408 498 943 264 399 573 2493
internal_value=2.10767e-06 0.000682275 0.00151188 0.000178877 0.00151894 -0.000443519 0.00460234 0.00692924 0.000571268 -0.000966776 0.00206715 -0.000651932 0.00131949 -0.00127453
internal_weight=175163 23006.1 8680.54 14325.6 5479.36 3353.54 2125.82 1098.36 447.03 3185.21 885.155 8846.23 2120.54 6725.7
internal_count=214114 35707 18513 17194 9405 5566 3839 2392 984 5213 1207 7789 972 6817
is_linear=0
shrinkage=0.05


Tree=56
num_leaves=15
num_cat=0
split_feature=17 0 1 17 0 3 0 3 2 15 15 4 15 4
split_gain=4.65699 5.15699 4.40216 5.77222 5.32138 3.93217 3.95103 3.91251 6.17377 5.30447 8.30064 3.25498 3.12109 3.02331
threshold=0.014389234129339458 1.0000000180025095e-35 0.0066890381276607522 0.013072453904896976 0.0066445916891098031 0.00766294775530696 0.007272823480889202 0.016261236742138866 0.016261236742138866 0.065854530781507506 0.046242719516158111 0.0066890381276607522 0.0063092110212892303 0.0079682543873786944
decision_type=2 2 2 2 2 2 2 2 2 2 2 2 2 2
left_child=1 -1 5 4 -4 12 -7 -2 9 10 -9 -6 -3 -14
right_child=7 2 3 -5 11 6 -8 8 -10 -11 -12 -13 13 -15
leaf_value=-0.00057080700922137767 0.00018192382977222883 0.0045483076687067876 -0.00079920352542695722 -0.00034081309444420439 0.012562757902639858 -0.00026161196854568406 0.0091493795697278873 -0.0045881495172675462 0.0088931484084928732 -0.0070478760084085428 0.013153621462888267 -0.0010037527370826247 -7.0560574653755667e-05 0.008184334066985403
leaf_weight=51177.235905366018 106597.93455011025 375.45008612982929 139.20669091492891 452.35820557922125 300.4926257263869 204.30328869633377 234.16926829703152 125.26991792023182 322.01778052188456 162.5914638414979 120.7659659460187 49.905078947544098 14799.717755287886 101.75433747656643
leaf_count=53779 140305 513 257 649 679 237 241 185 214 99 370 58 16380 148
internal_value=2.14987e-06 -0.000322113 0.000441847 0.00374352 0.00744843 0.000241694 0.00485634 0.000207104 0.00382867 -0.000279475 0.00429396 0.0106563 0.000106156 -8.74141e-06
internal_weight=175163 67834.6 16657.4 941.963 489.604 15715.4 438.473 107329 730.645 408.627 246.036 350.398 15276.9 14901.5
internal_count=214114 72941 19162 1643 994 17519 478 141173 868 654 555 737 17041 16528
is_linear=0
shrinkage=0.05


Tree=57
num_leaves=15
num_cat=0
split_feature=15 1 3 3 1 0 2 1 15 0 4 4 1 16
split_gain=4.33787 4.60134 6.13009 5.53719 4.48606 5.89466 6.73214 9.01427 8.87367 9.63283 7.67149 7.32021 6.99507 5.45331
threshold=0.018074123188853267 0.0080972984433174151 0.0065147271379828462 0.0067340831737965354 0.0062696540262550124 0.015268065501004459 0.011561079882085325 0.014815627597272398 0.056784031912684448 0.0063092110212892303 0.010929288342595102 0.0084389690309762972 0.0067340831737965354 3.5000000000000004
decision_type=2 2 2 2 2 2 2 2 2 2 2 2 2 2
left_child=1 -1 -3 -4 -2 6 7 12 9 10 -9 -11 -6 -12
right_child=4 2 3 -5 5 -7 -8 8 -10 11 13 -13 -14 -15
leaf_value=-0.00027858273791827058 0.00095547464228871093 0.00053220344430545774 0.01586210783456499 0.0030130343458094062 -0.0030585437456989231 0.0023038344216276484 -0.001339188814940228 0.010048600553427498 0.011582123562089515 0.0037904609630974536 -0.0053454824242092185 -0.0062205130327617937 0.00024967725290369919 0.010810673437920306
leaf_weight=105322.97057055868 20299.35147347115 11776.178835714236 108.09244409576058 312.37965160049498 1709.8297809902579 2642.8372862469405 8759.0259183980525 451.39969618432224 290.05556293018162 312.02588667348027 179.16192157939076 413.71324602887034 22523.938472894952 62.212173394858837
leaf_count=111963 39545 18585 142 490 1710 1932 7401 1011 364 886 296 511 29059 219
internal_value=2.16228e-06 -0.000172099 0.000746903 0.00660795 0.000357403 3.21375e-05 -0.000141488 0.000263258 0.0037625 0.00209367 0.00626933 -0.00192335 1.50982e-05 -0.000916958
internal_weight=175163 117520 12196.7 420.472 57643.6 37344.2 34701.4 25942.3 1708.57 1418.51 692.774 725.739 24233.8 241.374
internal_count=214114 131180 19217 632 82934 43389 41457 34056 3287 2923 1526 1397 30769 515
is_linear=0
shrinkage=0.05


Tree=58
num_leaves=15
num_cat=0
split_feature=17 3 3 4 1 4 0 2 0 1 1 2 4 4
split_gain=4.02841 4.40668 19.6317 10.9158 9.5552 7.24919 6.76497 10.9537 8.43099 6.69157 6.13142 6.02623 8.75353 5.86651
threshold=0.03637566231191159 1.0000000180025095e-35 0.0088890646584332007 0.0072203108575195083 0.01183473411947489 1.0000000180025095e-35 0.0085838492959737795 1.0000000180025095e-35 0.0063092110212892303 0.013793759513646366 0.0079682543873786944 0.015504807699471714 0.0072203108575195083 0.012270400300621988
decision_type=2 2 2 2 2 2 2 2 2 2 2 2 2 2
left_child=-1 6 3 4 5 10 8 -8 -2 -5 -3 -9 -13 -11
right_child=1 2 -4 9 -6 -7 7 11 -10 13 -12 12 -14 -15
leaf_value=-0.00011112123772823945 -0.00065081761073786017 0.0057119950005113601 0.00032395473774156244 0.00078874676406784697 0.015248845723775743 0.018997320030823134 -0.0011911755677628524 0.0045965629988820892 -0.0060603995638503797 0.0037633628062813083 -0.0069728430084309463 -0.015432227395279144 0.0060285948231777768 0.015157639078860126
leaf_weight=143197.10475733131 5557.0600423626602 361.7173282764852 18316.46526251547 1411.9227945357561 377.2635993976146 68.167268363758922 2297.7017994709313 1929.0240078307688 818.12284571118653 380.74184433184564 118.78025765530765 86.061332082375884 86.025750806555152 157.01403008960187
leaf_count=165387 8456 1003 24120 3042 1445 284 3255 4002 1261 762 171 107 106 713
internal_value=2.17659e-06 0.000509588 0.000928027 0.00476127 0.00920538 0.0048513 -0.000313564 0.00119316 -0.00135343 0.0026145 0.00249804 0.00379388 -0.00496213 0.00730625
internal_weight=175163 31966.1 21192.1 2875.61 925.928 548.665 10774 4398.81 6375.18 1949.68 480.498 2101.11 172.087 537.756
internal_count=214114 48727 31540 7420 2903 1458 17187 7470 9717 4517 1174 4215 213 1475
is_linear=0
shrinkage=0.05


Tree=59
num_leaves=15
num_cat=0
split_feature=3 2 1 4 15 15 17 0 4 15 1 15 0 3
split_gain=3.76497 5.56902 4.94021 3.73582 3.69978 3.67213 3.34341 5.10633 5.17186 10.1389 3.59975 4.7304 10.119 3.6353
threshold=0.016261236742138866 0.016261236742138866 0.0096620614640414732 0.010362972505390646 0.046242719516158111 0.046242719516158111 0.014185110572725536 1.0000000180025095e-35 0.0071685509756207475 0.021832264959812168 0.0066890381276607522 0.0150555232539773 0.0069204980973154315 0.00766294775530696
decision_type=2 2 2 2 2 2 2 2 2 2 2 2 2 2
left_child=6 2 5 4 -4 -2 7 -1 9 10 13 12 -12 -9
right_child=1 -3 3 -5 -6 -7 -8 8 -10 -11 11 -13 -14 -15
leaf_value=-0.00054295656665411321 -0.0022470343576699264 0.0083696451102259883 -0.006827215962985498 -0.010092664752258743 0.010420100144494593 0.012045708896310162 0.00015812803246550457 0.00018596399917970426 -0.0042378472173888 0.0092156997288207459 0.0016439508882188467 -0.00014716440111339562 0.021229895110887704 0.0054433021103043669
leaf_weight=49961.459266716614 73.896858280524611 322.01778052188456 51.339532652869821 134.85248263180256 53.636307921260595 94.902166221290827 108302.44824046269 14393.980464098975 551.14625307172537 327.88041718490422 181.63903399184346 292.20191291160882 95.243097854778171 326.52910623885691
leaf_count=52486 143 214 41 80 159 231 142164 15971 645 538 339 506 319 278
internal_value=2.18254e-06 0.00355952 -0.000340463 -0.00487386 0.00212495 0.00601291 -1.29213e-05 -0.000293033 0.000479094 0.000648162 0.00045853 0.00432558 0.00888639 0.000306198
internal_weight=175163 730.645 408.627 239.828 104.976 168.799 174433 66130.1 16168.6 15617.5 15289.6 569.084 276.882 14720.5
internal_count=214114 868 654 280 200 374 213246 71082 18596 17951 17413 1164 658 16249
is_linear=0
shrinkage=0.05


Tree=60
num_leaves=15
num_cat=0
split_feature=0 2 1 1 2 2 4 0 4 4 2 15 3 0
split_gain=3.58999 6.0377 13.3843 6.3859 7.66809 5.11016 11.3904 7.42272 12.2871 7.074 4.5355 4.40736 7.3165 8.93643
threshold=0.013423423748463394 0.0070176301524043092 0.0098524559289217013 0.0063492704648524531 0.0085838492959737795 0.011561079882085325 0.010582306887954475 0.015268065501004459 0.011428944766521456 0.015504807699471714 0.015268065501004459 0.059829590842127807 0.013606071937829258 0.010811126790940763
decision_type=2 2 2 2 2 2 2 2 2 2 2 2 2 2
left_child=11 -2 3 4 -3 6 -4 -7 -9 10 -10 -1 -13 -14
right_child=1 2 5 -5 -6 7 -8 8 9 -11 -12 12 13 -15
leaf_value=-2.4418058219856198e-05 -0.0010806270748693338 0.015911749868151769 -0.0035860737369023468 0.007878075409997215 0.0016081817363765496 -0.0025750363299977155 0.01074969191506194 0.0099017976470994855 -0.0090782770522036798 0.0023617665210422471 -0.00021175287292329802 -0.0055390010463751077 0.0076802458636340892 -0.0026065977101815694
leaf_weight=163668.46098956652 2658.9421474151313 90.935281869024038 237.04792153462768 955.61738294176757 1364.239843737334 2077.2461331542581 310.80345940589905 361.37735511176288 276.82052818313241 967.92000720091164 291.1058725938201 943.97182834893465 298.25252790376544 660.43164179474115
leaf_count=200945 3560 422 368 1624 3556 1095 219 408 95 292 127 586 343 474
internal_value=2.20071e-06 0.000942127 0.00171832 0.00471882 0.00260452 0.000111907 0.00459371 -0.000515855 0.0017404 -0.000231574 -0.00461581 -5.23058e-05 -0.00243857 0.00063995
internal_weight=175163 9592.06 6933.11 2410.79 1455.18 4522.32 547.851 3974.47 1897.22 1535.85 567.926 165571 1902.66 958.684
internal_count=214114 11766 8206 5602 3978 2604 587 2017 922 514 222 202348 1403 817
is_linear=0
shrinkage=0.05


Tree=61
num_leaves=15
num_cat=0
split_feature=17 2 1 3 4 2 6 1 4 4 1 15 4 8
split_gain=3.47303 5.14924 4.91214 6.18191 7.78667 7.17853 5.80684 4.87925 5.92173 7.72693 10.3804 11.5576 5.22366 4.86952
threshold=0.024099883623421196 0.0090499590151011961 0.0085838492959737795 0.009756329935044052 0.0072203108575195083 0.0099504948593676108 1.0000000180025095e-35 0.0085838492959737795 0.0081634009256958979 0.0064309346489608296 0.010256679728627207 0.017934733070433143 0.0070672258734703073 1.0000000180025095e-35
decision_type=2 2 2 2 2 2 2 2 2 2 2 2 2 2
left_child=1 7 3 -3 5 -5 -6 -1 9 -9 12 -12 -11 -13
right_child=-2 2 -4 4 6 -7 -8 8 -10 10 11 13 -14 -15
leaf_value=-0.00016871349640702375 0.00032167263744832498 -0.0013083056849476293 -0.0049177485202158491 -0.0068250017864235311 0.0043783235423875333 0.0077761726157890218 0.02709283491543317 0.00072343835408556563 -0.0021022614076441366 0.006762436826211614 -0.002734185933596406 0.02263566117871103 0.000344190001745385 0.0055405863922900027
leaf_weight=99781.520541092381 57248.438791690394 6825.4876943305135 860.55985792726278 154.55130696482956 63.732336532324553 162.42671760171652 48.03857171908021 6973.8058644756675 1334.1695367768407 475.0256930757314 87.761082693934441 163.8299799002707 918.53467205539346 65.290273925289512
leaf_count=108547 82690 7236 537 201 198 202 35 10709 1848 618 139 172 802 180
internal_value=2.18026e-06 -0.00015295 -0.00136755 -0.000940208 0.00481599 0.000665968 0.0155641 -6.30677e-05 0.000988263 0.00146494 0.00446639 0.0124957 0.00256458 0.0181997
internal_weight=175163 117915 8114.8 7254.24 428.749 316.978 111.771 109800 10018.4 8684.25 1710.44 316.881 1393.56 229.12
internal_count=214114 131424 8409 7872 636 403 233 123015 14468 12620 1911 491 1420 352
is_linear=0
shrinkage=0.05


Tree=62
num_leaves=15
num_cat=0
split_feature=3 2 15 15 17 4 15 3 17 1 15 3 15 17
split_gain=3.20905 4.93672 4.46347 6.93758 2.81175 4.44239 5.76393 10.8095 3.6543 3.47666 3.07772 2.66459 2.22467 2.08165
threshold=0.016261236742138866 0.016261236742138866 0.065854530781507506 0.046242719516158111 0.012270400300621988 0.0066445916891098031 0.013333629816770555 0.007272823480889202 0.012121656909585001 0.0063492704648524531 0.013158179819583895 0.0074350468348711738 0.020220892503857616 0.010256679728627207
decision_type=2 2 2 2 2 2 2 2 2 2 2 2 2 2
left_child=4 2 3 -2 5 6 10 8 12 -7 11 -1 13 -8
right_child=1 -3 -4 -5 -6 9 7 -9 -10 -11 -12 -13 -14 -15
leaf_value=-0.0002095578105213724 -0.0042996835014630355 0.0078153747942497666 -0.006589925179502739 0.011916262086235202 0.00011116928584081818 -0.0012358183526728376 0.011911485284533037 -0.0041260070898875628 -0.0028308353640220038 -0.00528683442320856 -0.0047564876110306161 -0.0030895203834863743 0.013014106349731125 0.0036916348305186517
leaf_weight=38342.054934846237 125.26991792023182 322.01778052188456 162.5914638414979 120.7659659460187 126890.59177141264 4883.9495436511934 73.400074558332562 534.82261587493122 181.26933008804917 586.06193748302758 376.06517849490047 810.42094891704619 65.598011076450348 1688.2934461291879
leaf_count=40450 185 214 99 370 162315 5146 125 529 188 537 433 697 307 2519
internal_value=2.23543e-06 0.00328646 -0.000383972 0.0038144 -1.17088e-05 -0.000339628 -0.000165169 0.0021373 0.00381722 -0.0016787 -0.00031382 -0.000269944 0.00448853 0.00409941
internal_weight=175163 730.645 408.627 246.036 174433 47541.9 42071.9 2543.38 2008.56 5470.01 39528.5 39152.5 1827.29 1761.69
internal_count=214114 868 654 555 213246 50931 45248 3668 3139 5683 41580 41147 2951 2644
is_linear=0
shrinkage=0.05


Tree=63
num_leaves=15
num_cat=0
split_feature=17 3 3 4 0 3 1 1 3 3 15 15 0 0
split_gain=3.06899 3.38644 17.2042 7.33718 6.49544 7.49235 5.40803 7.13076 5.03082 7.64994 4.8041 18.144 5.29845 5.25456
threshold=0.048809524625539787 0.010695492848753931 1.0000000180025095e-35 0.0064309346489608296 0.0071685509756207475 0.0096620614640414732 0.0098524559289217013 0.0070176301524043092 0.0078432578593492525 0.009569597430527212 0.046863062307238586 0.042401300743222244 0.0087337908335030096 0.015504807699471714
decision_type=2 2 2 2 2 2 2 2 2 2 2 2 2 2
left_child=-1 2 -2 -3 8 10 7 -7 -4 -10 11 12 -6 -14
right_child=1 3 4 -5 5 6 -8 -9 9 -11 -12 -13 13 -15
leaf_value=-7.1638845085047372e-05 -0.00040567014382215922 0.0022531305503635289 0.012890905549489268 -0.00069203842050652475 -0.0021772105844422083 -0.0021118432748499123 -0.0061357123940149159 0.014519164791948307 0.0012201142022128649 0.011208748079036409 0.0074863054308722705 -0.0088305836118073456 0.015153945892047584 -0.0036084063282924121
leaf_weight=155793.600989189 5044.0613980777562 2801.6087252907455 299.90313291363418 8521.5655779149383 81.398897429928184 200.74183159135282 335.01568341441453 83.549067698419094 482.08126166649163 311.33105682767928 707.41247111745179 244.29845090210438 215.9714539386332 40.632922789081931
leaf_count=183794 8684 5713 1641 8389 259 538 434 198 1213 501 1457 476 663 154
internal_value=2.16948e-06 0.000595556 0.00137914 3.80079e-05 0.00436909 0.00258679 -0.00191277 0.00310305 0.00742947 0.00523033 0.00474552 0.00134569 0.00874319 0.012159
internal_weight=175163 19369.6 8046.4 11323.2 3002.34 1909.02 619.307 284.291 1093.32 793.412 1289.71 582.302 338.003 256.604
internal_count=214114 30320 16218 14102 7534 4179 1170 736 3355 1714 3009 1552 1076 817
is_linear=0
shrinkage=0.05


Tree=64
num_leaves=15
num_cat=0
split_feature=0 2 1 4 2 2 4 0 4 4 1 15 17 0
split_gain=3.00488 5.39014 11.8775 6.22475 7.23414 4.59703 10.4231 6.65219 11.031 6.24967 4.52639 6.91835 11.5549 4.46574
threshold=0.013423423748463394 0.0070176301524043092 0.0098524559289217013 0.010811126790940763 0.0085838492959737795 0.011561079882085325 0.010582306887954475 0.015268065501004459 0.011428944766521456 0.015504807699471714 0.0087337908335030096 0.053359376266598708 0.069047622382640853 0.015749008394777778
decision_type=2 2 2 2 2 2 2 2 2 2 2 2 2 2
left_child=-1 -2 3 4 -3 6 -4 -7 -9 13 11 -5 -13 -10
right_child=1 2 5 10 -6 7 -8 8 9 -11 -12 12 -14 -15
leaf_value=-4.7690113266230385e-05 -0.0010490383800691361 0.013879347494643755 -0.0034897526776411303 0.013196665880356926 0.0016509114006533828 -0.00246241014064924 0.010222428280307998 0.0093559351265522211 -6.1884090804308092e-06 0.0021923922698527509 0.018788801174885156 -0.0082045169156243804 0.0083565558345042607 -0.0087971279614932809
leaf_weight=165571.11698761396 2658.9421474151313 121.93268101289868 237.04792153462768 244.74322216026485 1511.9540915358812 2077.2461331542581 310.80345940589905 361.37735511176288 291.30951489694417 967.92000720091164 80.759829122573137 149.72366946749389 301.6790152490139 276.61688588000834
leaf_count=202348 3560 547 368 580 3720 1095 219 408 93 292 124 169 462 129
internal_value=2.17715e-06 0.000862103 0.00159551 0.00442206 0.00264237 8.22746e-05 0.00433315 -0.000513082 0.00162293 -0.000245358 0.00808373 0.00659335 0.00280472 -0.00436608
internal_weight=175163 9592.06 6933.11 2410.79 1633.89 4522.32 547.851 3974.47 1897.22 1535.85 776.906 696.146 451.403 567.926
internal_count=214114 11766 8206 5602 4267 2604 587 2017 922 514 1335 1211 631 222
is_linear=0
shrinkage=0.05


Tree=65
num_leaves=15
num_cat=0
split_feature=3 2 1 4 15 15 17 0 4 15 3 4 3 3
split_gain=2.7634 4.42715 4.10732 3.07489 3.15037 2.94443 2.47784 4.06566 3.95564 10.1973 5.74632 3.75701 3.74681 3.50746
threshold=0.016261236742138866 0.016261236742138866 0.0096620614640414732 0.010362972505390646 0.046242719516158111 0.046242719516158111 0.014389234129339458 1.0000000180025095e-35 0.0067797389347106227 0.021832264959812168 0.0071685509756207475 0.0080972984433174151 0.00766294775530696 1.0000000180025095e-35
decision_type=2 2 2 2 2 2 2 2 2 2 2 2 2 2
left_child=6 2 5 4 -4 -2 7 -1 9 12 13 -10 -9 -11
right_child=1 -3 3 -5 -6 -7 -8 8 11 10 -12 -13 -14 -15
leaf_value=-0.00046775262672876171 -0.0020236318124057691 0.0073387859694027018 -0.006441789819604503 -0.0092888135646091736 0.009468001960162566 0.010773706507926365 0.00013960698957045554 0.00031807980832721877 -0.00421976164744166 0.0073082587477240543 -1.4760431709029093e-05 0.0050373749595705522 0.0055033718511138139 0.022017961753429495
leaf_weight=51177.235905366018 73.896858280524611 322.01778052188456 51.339532652869821 134.85248263180256 53.636307921260595 94.902166221290827 106597.93455011025 15181.398683454841 730.50354665145278 97.597647372633219 96.774363627657294 119.95742016099393 346.63256713934243 84.49310864880681
leaf_count=53779 143 214 41 80 159 231 140305 17343 851 116 244 124 305 179
internal_value=2.22126e-06 0.00304988 -0.000424546 -0.00455567 0.00180362 0.00537144 -1.07186e-05 -0.000246932 0.000431381 0.000610744 0.00991924 -0.00287068 0.000437299 0.0149247
internal_weight=175163 730.645 408.627 239.828 104.976 168.799 174433 67834.6 16657.4 15806.9 278.865 850.461 15528 182.091
internal_count=214114 868 654 280 200 374 213246 72941 19162 18187 539 975 17648 295
is_linear=0
shrinkage=0.05


Tree=66
num_leaves=15
num_cat=0
split_feature=0 2 1 4 2 4 1 2 4 4 15 0 4 1
split_gain=2.62181 4.82278 10.7516 5.62671 6.57342 4.22337 4.48622 4.19618 9.4544 5.93643 7.87884 5.39305 6.04841 4.15484
threshold=0.013423423748463394 0.0070176301524043092 0.0098524559289217013 0.010811126790940763 0.0085838492959737795 0.0065574476029723891 0.0065574476029723891 0.011561079882085325 0.010582306887954475 0.0073261056095361718 0.055575011298060424 0.015268065501004459 0.012422839645296337 0.0087337908335030096
decision_type=2 2 2 2 2 2 2 2 2 2 2 2 2 2
left_child=-1 5 3 4 -3 6 -2 8 -4 10 -9 12 -11 -5
right_child=1 2 7 13 -6 -7 -8 9 -10 11 -12 -13 -14 -15
leaf_value=-4.4340418205494966e-05 -0.00053371774252806547 0.013207895204235218 -0.0033294631772924363 0.0062434534484867603 0.0015516513644059158 -0.003451594036208528 0.0066524482381628801 -0.0046963370741967513 0.009729885310995388 -0.0078666724369048247 0.0081632548921664935 0.00075921248271697685 -0.0013619001128851952 0.017921558598696232
leaf_weight=165571.11698761396 1359.9282921813428 121.93268101289868 237.04792153462768 696.14590687677264 1511.9540915358812 1050.8112415745854 248.20261365920305 163.45916507579386 310.80345940589905 489.45227658003569 381.51673643290997 1663.5878744591027 1276.4538436960429 80.759829122573137
leaf_count=202348 2033 547 368 1211 3720 1028 499 176 219 325 405 674 437 124
internal_value=2.23991e-06 0.000805485 0.00149922 0.00418848 0.00249658 -0.00100226 0.000609669 5.9535e-05 0.00412089 -0.00050923 0.00429105 -0.00128229 -0.00319896 0.00766972
internal_weight=175163 9592.06 6933.11 2410.79 1633.89 2658.94 1608.13 4522.32 547.851 3974.47 544.976 3429.49 1765.91 776.906
internal_count=214114 11766 8206 5602 4267 3560 2532 2604 587 2017 581 1436 762 1335
is_linear=0
shrinkage=0.05


Tree=67
num_leaves=15
num_cat=0
split_feature=17 2 1 3 4 2 6 2 4 0 17 0 1 4
split_gain=2.48713 4.8016 4.44475 5.65065 7.15546 6.51914 5.34176 4.56975 9.04385 5.50683 5.0206 4.78011 4.22482 5.35281
threshold=0.024099883623421196 0.0090499590151011961 0.0085838492959737795 0.009756329935044052 0.0072203108575195083 0.0099504948593676108 1.0000000180025095e-35 0.0094788861460983771 0.009756329935044052 0.0088890646584332007 0.018693221732974056 0.0078432578593492525 0.0085838492959737795 0.0081634009256958979
decision_type=2 2 2 2 2 2 2 2 2 2 2 2 2 2
left_child=1 12 3 7 5 -5 -6 10 9 11 -3 -9 -1 -14
right_child=-2 2 -4 4 6 -7 -8 8 -10 -11 -12 -13 13 -15
leaf_value=-0.00014054138501393943 0.00027261840519607138 -0.002233149906731494 -0.0046789907858524292 -0.0065085805792393526 0.004185333586642621 0.007405810787853977 0.025967991312034391 -0.00073661697067273441 0.0099732390630555973 0.0060315761496541991 -0.009576463885775835 -0.0064823357673155033 0.0013892520358669053 -0.0020022532407317191
leaf_weight=99781.520541092381 57248.438791690394 1865.8833376150578 860.55985792726278 154.55130696482956 63.732336532324553 162.42671760171652 48.03857171908021 3854.9569709282368 192.12125375121832 264.38541029021144 258.1491994895041 389.99152225628495 8684.247566126287 1334.1695367768407
leaf_count=108547 82690 1935 537 201 198 202 35 3855 217 660 218 351 12620 1848
internal_value=2.25045e-06 -0.000129027 -0.00130191 -0.000895406 0.00460788 0.000629902 0.0149111 -0.00124733 -0.000375487 -0.00083749 -0.00316633 -0.00127848 -4.22339e-05 0.000936053
internal_weight=175163 117915 8114.8 7254.24 428.749 316.978 111.771 6825.49 4701.46 4509.33 2124.03 4244.95 109800 10018.4
internal_count=214114 131424 8409 7872 636 403 233 7236 5083 4866 2153 4206 123015 14468
is_linear=0
shrinkage=0.05


Tree=68
num_leaves=15
num_cat=0
split_feature=3 2 1 4 15 15 17 4 15 3 17 1 15 3
split_gain=2.35901 3.99949 3.70106 2.78384 2.89117 2.60526 2.08554 3.90466 5.13518 9.74754 3.34621 3.14654 2.78826 2.39233
threshold=0.016261236742138866 0.016261236742138866 0.0096620614640414732 0.010362972505390646 0.046242719516158111 0.046242719516158111 0.012270400300621988 0.0066445916891098031 0.013333629816770555 0.007272823480889202 0.012121656909585001 0.0063492704648524531 0.013158179819583895 0.0074350468348711738
decision_type=2 2 2 2 2 2 2 2 2 2 2 2 2 2
left_child=6 2 5 4 -4 -2 7 8 12 10 -10 -9 13 -1
right_child=1 -3 3 -5 -6 -7 -8 11 9 -11 -12 -13 -14 -15
leaf_value=-0.00016996620212782795 -0.0019315427904932016 0.0068946908602751898 -0.0062382365818407408 -0.0089051040085837939 0.0090005830010530929 0.010103533729502791 9.6074408513543443e-05 -0.0011263780950599984 0.0042822789795560539 -0.0039031816633816937 -0.0027213679514931015 -0.0049798888145525522 -0.0044974841827149356 -0.0028987994097004663
leaf_weight=38342.054934846237 73.896858280524611 322.01778052188456 51.339532652869821 134.85248263180256 53.636307921260595 94.902166221290827 126890.59177141264 4883.9495436511934 1827.2915317639709 534.82261587493122 181.26933008804917 586.06193748302758 376.06517849490047 810.42094891704619
leaf_count=40450 143 214 41 80 159 231 162315 5146 2951 529 188 537 433 697
internal_value=2.20323e-06 0.00281806 -0.000482484 -0.00440228 0.00165351 0.00502146 -9.75239e-06 -0.000292168 -0.000128615 0.00204464 0.00363986 -0.00154758 -0.00026893 -0.000227176
internal_weight=175163 730.645 408.627 239.828 104.976 168.799 174433 47541.9 42071.9 2543.38 2008.56 5470.01 39528.5 39152.5
internal_count=214114 868 654 280 200 374 213246 50931 45248 3668 3139 5683 41580 41147
is_linear=0
shrinkage=0.05


Tree=69
num_leaves=15
num_cat=0
split_feature=15 1 17 1 0 4 1 0 17 1 2 4 4 1
split_gain=2.23782 4.49618 5.55773 4.8871 9.17597 5.68205 9.23789 4.70783 6.59678 8.79889 5.41911 4.89053 4.66675 14.5985
threshold=0.018206372857093815 0.0062696540262550124 0.010929288342595102 0.0067797389347106227 0.013423423748463394 0.011050061322748663 0.014815627597272398 0.0063092110212892303 0.069047622382640853 0.015504807699471714 0.011173533275723459 0.0066445916891098031 0.0063092110212892303 0.0076046728063374766
decision_type=2 2 2 2 2 2 2 2 2 2 2 2 2 2
left_child=-1 -2 -3 4 -4 6 12 10 -9 -10 11 -8 13 -5
right_child=1 2 3 5 -6 -7 7 8 9 -11 -12 -13 -14 -15
leaf_value=-0.00012239254459678442 0.00086230501955222166 0.011733779824151426 -0.003379974477503927 0.0043876306230062881 0.0077879041550129773 -0.00084813756135701632 0.0042435305764329679 -0.0031888097944021429 0.018745647098506991 0.0027700172821448674 -0.0011889504867771197 0.015234855503606008 0.00081282200981837847 -0.0015415232512049279
leaf_weight=117950.97789138742 20032.547832110897 89.51171507127583 2015.4337079059333 1200.9538957551122 192.84420142509043 11758.520274158567 192.88668667525053 381.0703579634428 88.583391351625323 733.54798987321556 127.85046174749732 230.36687874421477 12896.061996873468 7272.015639718622
leaf_count=131826 39149 136 1945 1781 278 11444 454 736 194 1366 245 541 15798 8221
internal_value=2.07312e-06 0.000258653 -6.67414e-05 -9.83754e-05 -0.002374 4.63272e-05 0.000501344 0.00397868 0.00219304 0.00469595 0.00776864 0.0104394 0.000214142 -0.000696947
internal_weight=175163 57212.2 37179.6 37090.1 2208.28 34881.9 23123.3 1754.31 1203.2 822.131 551.104 423.254 21369 8472.97
internal_count=214114 82288 43139 43003 2223 40780 29336 3536 2296 1560 1240 995 25800 10002
is_linear=0
shrinkage=0.05


Tree=70
num_leaves=15
num_cat=0
split_feature=0 2 1 1 2 2 4 15 3 0 17 4 15 4
split_gain=2.1444 4.35188 9.41648 5.45642 6.11664 4.20043 9.01024 4.0354 6.60865 7.9817 6.4716 3.98489 3.9638 3.83171
threshold=0.013423423748463394 0.0070176301524043092 0.0098524559289217013 0.0063492704648524531 0.0085838492959737795 0.014815627597272398 0.010811126790940763 0.059829590842127807 0.013606071937829258 0.010811126790940763 0.064583335071802153 0.0079052620567381399 0.048239050433039672 0.0065574476029723891
decision_type=2 2 2 2 2 2 2 2 2 2 2 2 2 2
left_child=7 13 3 4 -3 6 -6 -1 -9 10 -10 -5 -7 -2
right_child=1 2 -4 11 5 12 -8 8 9 -11 -12 -13 -14 -15
leaf_value=-1.3311818984342093e-05 0.0005469750494213031 0.01383590733470285 4.029148679463471e-05 0.0029875732954251261 -1.6668827753969894e-05 0.0020569112413541383 0.01077900297211809 -0.0052699762383411784 0.016785663089371582 -0.0024656820707983193 0.0016538874096228787 0.0095901318425292616 -0.0086370887077018895 -0.003321523776064358
leaf_weight=163668.46098956652 1608.1309058405459 90.935281869024038 4522.3212771844119 409.28647368215024 784.99927781894803 154.9806637018919 246.39215723238885 943.97182834893465 103.03164324350655 660.43164179474115 195.22088466025889 546.33090925961733 177.86774498410523 1050.8112415745854
leaf_count=200945 2532 422 2604 842 2425 238 640 586 48 474 295 782 253 1028
internal_value=2.1302e-06 0.00072857 0.00138759 0.00390434 0.00195448 0.00106759 0.00264108 -3.99962e-05 -0.00232334 0.00060252 0.00725614 0.00682251 -0.00374299 -0.000988569
internal_weight=175163 9592.06 6933.11 2410.79 1455.18 1364.24 1031.39 165571 1902.66 958.684 298.253 955.617 332.848 2658.94
internal_count=214114 11766 8206 5602 3978 3556 3065 202348 1403 817 343 1624 491 3560
is_linear=0
shrinkage=0.05


Tree=71
num_leaves=15
num_cat=0
split_feature=3 2 15 15 17 15 4 3 17 3 4 2 15 2
split_gain=2.12547 3.65901 3.39227 5.27482 1.81379 2.81724 5.55818 5.09991 2.47615 7.46172 2.03849 6.33372 5.52137 1.98443
threshold=0.016261236742138866 0.016261236742138866 0.065854530781507506 0.046242719516158111 0.011299795936793091 0.014286078978329899 1.0000000180025095e-35 0.0063898416701704272 0.011428944766521456 0.0063092110212892303 1.0000000180025095e-35 0.0066007319837808618 0.0071175277698785075 1.0000000180025095e-35
decision_type=2 2 2 2 2 2 2 2 2 2 2 2 2 2
left_child=4 2 3 -2 5 10 7 -7 9 -6 13 12 -12 -1
right_child=1 -3 -4 -5 8 6 -8 -9 -10 -11 11 -13 -14 -15
leaf_value=5.3599114451982356e-05 -0.0038851987725724208 0.0065742662924879866 -0.0058886969982748054 0.010249775118717759 0.00020413757733169299 0.027314469226556306 -0.00031458510994834089 0.0015531804796075997 4.9154735519802681e-05 0.0081970344875299233 -0.00055920387136644089 0.0095176357727580763 -0.0041191425530962616 -0.00086934242545094991
leaf_weight=21705.126364823431 125.26991792023182 322.01778052188456 162.5914638414979 120.7659659460187 1322.6781406141818 33.820776330307126 159.04034460894763 36.490587200969458 136974.8494531624 364.90913810580969 4312.5089122094214 124.58047495409846 1449.0941087156534 7949.4294918067753
leaf_count=24921 185 214 99 370 1392 80 226 134 173143 436 3787 125 1331 7671
internal_value=2.13374e-06 0.00267497 -0.000481497 0.00318225 -9.21468e-06 -0.000326608 0.00508027 0.0158029 7.26795e-05 0.00197056 -0.000362919 -0.00121205 -0.00146015 -0.000194021
internal_weight=175163 730.645 408.627 246.036 174433 35770.1 229.352 70.3114 138662 1687.59 35540.7 5886.18 5761.6 29654.6
internal_count=214114 868 654 555 213246 38275 440 214 174971 1828 37835 5243 5118 32592
is_linear=0
shrinkage=0.05


Tree=72
num_leaves=15
num_cat=0
split_feature=0 4 4 15 3 2 16 2 4 1 3 3 4 1
split_gain=1.98128 7.11736 10.4007 14.1717 16.1916 8.11587 14.4726 10.3806 8.37318 6.48433 12.3759 11.5209 8.66236 6.8186
threshold=0.009569597430527212 0.007272823480889202 0.0070176301524043092 0.038242558017373092 0.012121656909585001 0.0079052620567381399 3.5000000000000004 0.0099504948593676108 0.0086581707000732439 0.012121656909585001 0.0063092110212892303 0.0088890646584332007 0.0082988981157541292 0.013245614245533945
decision_type=2 2 2 2 2 2 2 2 2 2 2 2 2 2
left_child=9 2 -2 -4 -5 -3 8 -8 -7 -1 13 12 -12 -11
right_child=1 5 3 4 -6 6 7 -9 -10 10 11 -13 -14 -15
leaf_value=-0.00015050783000521904 0.00086777259117079065 -0.0023286973497190478 -0.00099851768186963474 0.026698254380803921 0.0017431839269623573 -0.0041491457578659227 0.0046688524378233004 -0.00067413904891336146 0.012713018723085237 0.0018105927641857444 0.012782483258599748 0.0017106371667776395 0.0032102874126537133 -0.0022064165150709907
leaf_weight=138226.57007614709 15353.252757303417 4065.1398801896721 223.66224517300725 142.66450585052371 115.78191979415715 88.048957869410515 1010.9306654538959 8286.5779133308679 339.01038625091314 1931.8952411189675 501.97406305372715 2115.0760488715023 455.46567392535508 2307.1225864291191
leaf_count=163871 22948 3967 285 239 176 195 1507 6480 976 3336 1766 3277 1534 3557
internal_value=2.16424e-06 0.000374811 0.00109771 0.00825391 0.016 -0.000455523 0.000329104 -8.87963e-05 0.00922107 -7.37105e-05 0.00137639 0.00378711 0.00830913 -0.000375747
internal_weight=175163 29625.1 15835.4 482.109 258.446 13789.7 9724.57 9297.51 427.059 145538 7311.53 3072.52 957.44 4239.02
internal_count=214114 36773 23648 700 415 13125 9158 7987 1171 177341 13470 6577 3300 6893
is_linear=0
shrinkage=0.05


Tree=73
num_leaves=15
num_cat=0
split_feature=3 2 1 4 15 15 17 4 15 3 17 1 15 3
split_gain=1.93312 3.33218 3.17167 2.30019 2.50704 2.14968 1.5961 3.35077 4.43395 8.69932 2.98533 2.73814 2.46821 2.17718
threshold=0.016261236742138866 0.016261236742138866 0.0096620614640414732 0.010362972505390646 0.046242719516158111 0.046242719516158111 0.012270400300621988 0.0066445916891098031 0.013333629816770555 0.007272823480889202 0.012121656909585001 0.0063492704648524531 0.013158179819583895 0.0074350468348711738
decision_type=2 2 2 2 2 2 2 2 2 2 2 2 2 2
left_child=6 2 5 4 -4 -2 7 8 12 10 -10 -9 13 -1
right_child=1 -3 3 -5 -6 -7 -8 11 9 -11 -12 -13 -14 -15
leaf_value=-0.00014070242338146347 -0.0016886713794311723 0.0062723212218205125 -0.0059156741572432142 -0.0081813777252377328 0.0082711207714767296 0.009249855498831271 8.3972148560004022e-05 -0.0010257836722757777 0.0040291272131269366 -0.0037035264649096424 -0.0025856142666216887 -0.0046203422378226734 -0.0042129952914051177 -0.0027439175730893991
leaf_weight=38342.054934846237 73.896858280524611 322.01778052188456 51.339532652869821 134.85248263180256 53.636307921260595 94.902166221290827 126890.59177141264 4883.9495436511934 1827.2915317639709 534.82261587493122 181.26933008804917 586.06193748302758 376.06517849490047 810.42094891704619
leaf_count=40450 143 214 41 80 159 231 162315 5146 2951 529 188 537 433 697
internal_value=2.21505e-06 0.00255124 -0.000460931 -0.00408926 0.00142185 0.00463456 -8.60768e-06 -0.000255671 -0.000104166 0.00191525 0.00342231 -0.00141864 -0.000234553 -0.000195274
internal_weight=175163 730.645 408.627 239.828 104.976 168.799 174433 47541.9 42071.9 2543.38 2008.56 5470.01 39528.5 39152.5
internal_count=214114 868 654 280 200 374 213246 50931 45248 3668 3139 5683 41580 41147
is_linear=0
shrinkage=0.05


Tree=74
num_leaves=15
num_cat=0
split_feature=1 4 4 4 0 0 17 3 2 2 4 3 2 15
split_gain=1.84732 5.99632 5.14737 8.0273 8.55975 8.59288 6.35698 4.89788 10.7884 8.9362 8.79018 4.73949 8.42612 5.52534
threshold=0.014389234129339458 0.011428944766521456 0.0068729333579540261 0.0080322581343352812 0.015268065501004459 0.010811126790940763 0.087121214717626586 1.0000000180025095e-35 0.012422839645296337 0.0067797389347106227 0.012121656909585001 0.015504807699471714 0.011696306522935631 0.061509916558861739
decision_type=2 2 2 2 2 2 2 2 2 2 2 2 2 2
left_child=-1 2 6 -4 5 -5 -2 -3 9 -9 -11 12 13 -12
right_child=1 7 3 4 -6 -7 -8 8 -10 10 11 -13 -14 -15
leaf_value=-2.9085905977769121e-05 -0.00070208446253006943 -0.005659885329607062 0.013090410400628331 0.0051677463591923503 0.016109872315603013 -0.0049481915957480674 0.0081796021504098922 -0.001962164653851631 -0.001868956278966412 -0.0051207624108232175 0.018976438482294317 0.020969498439748588 -0.0035075433071327755 0.0058454954137938473
leaf_weight=168946.33842137456 1302.7416069936007 400.22051325254142 237.12539383582771 530.97331369668245 99.538171777501702 333.45134907774627 228.06697682850063 347.97829290106893 2100.1440006420016 102.11072582751513 147.55629521422088 83.947269067168236 112.71898609027267 190.26160418242216
leaf_count=206445 2437 354 887 798 96 363 500 564 962 58 403 45 63 139
internal_value=2.08454e-06 0.000847847 0.00259726 0.0050333 0.00293727 0.00125357 0.000665649 -0.000527049 0.000155038 0.0044477 0.00792765 0.0104688 0.00809934 0.0119617
internal_weight=175163 6216.83 2731.9 1201.09 963.963 864.425 1530.81 3484.94 3084.72 984.573 636.595 534.484 450.537 337.818
internal_count=214114 7669 5081 2144 1257 1161 2937 2588 2234 1272 708 650 605 542
is_linear=0
shrinkage=0.05


Tree=75
num_leaves=15
num_cat=0
split_feature=0 2 1 1 2 16 3 0 3 1 15 3 0 17
split_gain=1.79804 3.74919 8.37513 5.63951 3.96305 4.01434 6.09321 3.75714 4.23972 5.00484 3.68537 5.92806 6.99037 5.93811
threshold=0.013423423748463394 0.0070176301524043092 0.01197647722437978 0.013245614245533945 0.0083683477714657801 4.5000000000000009 0.0093898782506585139 0.014815627597272398 0.0096620614640414732 0.013986697886139156 0.059829590842127807 0.013606071937829258 0.010811126790940763 0.064583335071802153
decision_type=2 2 2 2 2 2 2 2 2 2 2 2 2 2
left_child=10 7 4 -4 -3 -6 -7 8 -2 -10 -1 -12 13 -13
right_child=1 2 3 -5 5 6 -8 -9 9 -11 11 12 -14 -15
leaf_value=-1.090932632258034e-05 0.0021393483274771107 0.01195438083326604 -0.0049990201055176275 0.00052644024160030279 0.0015168305272196443 0.016110222281955612 0.0039685186462819618 -0.0034568763542986792 -0.0058940164616303583 0.0049428058768194736 -0.0050092459698833271 0.015906342334023226 -0.0023184302618353006 0.0014224413595005322
leaf_weight=163668.46098956652 1180.1579810064286 118.02190738171339 521.82228598371148 3497.5786678064615 1828.6484594233334 109.93397390283644 857.10849123448133 936.76538574323058 407.45231273770332 134.56646792776883 943.97182834893465 103.03164324350655 660.43164179474115 195.22088466025889
leaf_count=200945 1635 556 231 1972 4192 201 1054 1526 340 59 586 48 474 295
internal_value=2.16454e-06 0.000667356 0.00127905 -0.000201534 0.00331518 0.00290916 0.00549956 -0.000926433 0.000461994 -0.00316277 -3.641e-05 -0.00221848 0.000552797 0.00677962
internal_weight=175163 9592.06 6933.11 4019.4 2913.71 2795.69 967.042 2658.94 1722.18 542.019 165571 1902.66 958.684 298.253
internal_count=214114 11766 8206 2203 6003 5447 1255 3560 2034 399 202348 1403 817 343
is_linear=0
shrinkage=0.05


Tree=76
num_leaves=15
num_cat=0
split_feature=0 3 2 2 1 17 4 16 17 2 1 16 0 0
split_gain=1.72536 6.68576 10.2033 6.59583 6.13312 6.29947 6.08801 9.93777 7.8382 6.04799 7.56571 14.066 5.95652 5.67364
threshold=0.009569597430527212 0.0076046728063374766 0.0086581707000732439 0.0084389690309762972 0.011428944766521456 0.074175827205181136 0.0086581707000732439 4.5000000000000009 0.087121214717626586 0.010256679728627207 0.011050061322748663 3.5000000000000004 0.0099504948593676108 0.0098524559289217013
decision_type=2 2 2 2 2 2 2 2 2 2 2 2 2 2
left_child=9 2 -2 -3 13 -6 7 8 -5 10 -1 -12 -8 -4
right_child=1 3 4 6 5 -7 12 -9 -10 -11 11 -13 -14 -15
leaf_value=-7.2539755650005437e-05 0.00038680197547705562 -0.0018620104238720589 0.01456953806465764 -0.00053529476303572549 -0.0029079850716187596 0.0084625687976283195 0.0070904080947372149 0.0056450382697386531 0.010696766768128632 -0.0011123966646206769 0.0005628151746027314 0.00589530032266114 -0.00078329836468340173 0.0041220966424474056
leaf_weight=123598.11234243587 10333.995659934357 4934.6025240458548 129.38115018978715 2415.7781855929643 569.93250308930874 144.23105919733644 238.75713649392128 1223.1401028838009 155.95249442197382 12660.70298958756 7819.6875408291817 1459.600816693157 7009.3498956952244 2469.9485196713358
leaf_count=143783 13306 5031 313 4962 460 154 235 1779 363 16250 13429 3879 5266 4904
internal_value=2.16135e-06 0.000349908 0.00116223 -0.000344241 0.00357216 -0.000526461 0.000335051 0.0019548 0.000184624 -6.86436e-05 3.08826e-05 0.00140704 -0.000514522 0.00469596
internal_weight=175163 29625.1 13647.5 15977.6 3313.49 714.164 11043 3794.87 2571.73 145538 132877 9279.29 7248.11 2599.33
internal_count=214114 36773 19137 17636 5831 614 12605 7104 5325 177341 161091 17308 5501 5217
is_linear=0
shrinkage=0.05


Tree=77
num_leaves=15
num_cat=0
split_feature=17 3 3 4 0 3 1 1 4 4 1 15 0 15
split_gain=1.6175 2.85455 14.7144 6.19479 5.45512 6.30294 4.52986 5.84443 4.39811 6.06957 8.01534 10.1586 7.70512 6.30366
threshold=0.048809524625539787 0.010695492848753931 1.0000000180025095e-35 0.0064309346489608296 0.0071685509756207475 0.0096620614640414732 0.0098524559289217013 0.0070176301524043092 0.0079052620567381399 0.0088107436895370501 0.0062696540262550124 0.027391514740884308 0.012121656909585001 0.031600331887602813
decision_type=2 2 2 2 2 2 2 2 2 2 2 2 2 2
left_child=-1 2 8 -3 -4 -6 7 -7 -2 13 11 12 -11 -10
right_child=1 3 4 -5 5 6 -8 -9 9 10 -12 -13 -14 -15
leaf_value=-5.1386886548873836e-05 -0.002022969747648659 0.0019566764226376853 0.0067217948804700993 -0.00074952223243203149 0.004265114899459339 -0.0019672342404551762 -0.005705097313551788 0.013087595499912405 -0.00093642338812782938 0.002078295509886943 -0.0024206819204819824 0.011345189189606711 -0.013898421573472814 0.015962007230854468
leaf_weight=155793.600989189 2433.7917672246695 2801.6087252907455 1093.3154514078051 8521.5655779149383 1289.7141961771995 200.74183159135282 335.01568341441453 83.549067698419094 94.320519383996725 723.49520776234567 1316.7410232704133 282.05386569537222 74.128645217046142 119.53036952391267
leaf_count=183794 4621 5713 3355 8389 3009 538 434 198 95 1312 1776 681 72 127
internal_value=2.19644e-06 0.000432983 0.0011524 -7.8812e-05 0.00391759 0.00228493 -0.00184106 0.00275154 -0.000497993 0.000926175 0.000189889 0.00336666 0.000439765 0.00879995
internal_weight=175163 19369.6 8046.4 11323.2 3002.34 1909.02 619.307 284.291 5044.06 2610.27 2396.42 1079.68 797.624 213.851
internal_count=214114 30320 16218 14102 7534 4179 1170 736 8684 4063 3841 2065 1384 222
is_linear=0
shrinkage=0.05


Tree=78
num_leaves=15
num_cat=0
split_feature=3 4 15 2 1 15 3 2 4 2 3 3 2 4
split_gain=1.61849 3.11676 4.01915 5.36491 1.57205 1.41147 2.09621 1.67946 1.64213 1.58994 6.65116 4.86723 8.50111 5.77367
threshold=0.016261236742138866 0.016261236742138866 0.072719890624284758 0.014389234129339458 0.0074350468348711738 0.0072203108575195083 0.0068729333579540261 0.0062696540262550124 0.0071175277698785075 0.011561079882085325 0.012422839645296337 0.011050061322748663 0.0074907417874783286 0.0093898782506585139
decision_type=2 2 2 2 2 2 2 2 2 2 2 2 2 2
left_child=5 2 3 4 -2 6 7 8 -1 10 11 -7 -13 -14
right_child=1 -3 -4 -5 -6 9 -8 -9 -10 -11 -12 12 13 -15
leaf_value=5.9394180612884086e-05 0.0021103837911826771 0.0069298520738084665 -0.0070001837444390522 0.0084717174691878432 -0.0071927182533157597 0.00010448475184165316 -0.001790397460315411 -0.00087953477407285764 -0.0031156395180496313 -0.00039185341638023536 0.0017034360413954439 -0.0027518251562187062 0.0045309785227063953 -0.0026145838998389154
leaf_weight=23392.017764817923 70.521048994734883 236.28928642719984 135.31202696077526 187.18044635653496 101.34231949038804 113347.05106707476 2198.6526914276183 6936.2439860440791 404.45374678075314 17045.76532907784 6308.4647598508745 3571.3559464272112 803.27031421661377 425.25218681432307
leaf_count=26091 169 114 37 378 170 142255 1810 6185 411 21036 9535 3344 1822 757
internal_value=2.16564e-06 0.00233455 4.42595e-05 0.00281683 -0.00346922 -7.73727e-06 -0.000302512 -0.00019552 4.14405e-06 6.08819e-05 0.000122916 3.83873e-05 -0.00151945 0.00205641
internal_weight=175163 730.645 494.356 359.044 171.863 174433 32931.4 30732.7 23796.5 141501 124455 118147 4799.88 1228.52
internal_count=214114 868 754 717 339 213246 34497 32687 26502 178749 157713 148178 5923 2579
is_linear=0
shrinkage=0.05


Tree=79
num_leaves=15
num_cat=0
split_feature=0 15 3 0 17 2 1 4 2 17 17 2 2 2
split_gain=1.58303 3.18358 5.31456 6.24802 5.44025 3.12393 6.94706 4.76834 5.27308 4.07389 7.1963 6.69873 3.66153 3.34867
threshold=0.013423423748463394 0.059829590842127807 0.013606071937829258 0.010811126790940763 0.064583335071802153 0.0070176301524043092 0.0098524559289217013 0.010811126790940763 0.0085838492959737795 0.054093567654490478 0.069047622382640853 0.013423423748463394 0.0066445916891098031 0.011561079882085325
decision_type=2 2 2 2 2 2 2 2 2 2 2 2 2 2
left_child=1 -1 -3 4 -4 12 7 8 -7 -9 11 -11 -2 -8
right_child=5 2 3 -5 -6 6 13 9 -10 10 -12 -13 -14 -15
leaf_value=-1.0441492975538286e-05 -0.00046093559538758021 -0.004704683356417807 0.015183368666712271 -0.0021535478434681551 0.0013224881378219827 0.011382966489163688 0.0036554970603069684 0.013852706842503226 0.00095009193925682566 0.0083828986706977714 0.0087893608782914686 -0.0081845744083221417 -0.010203537362958743 -0.00048069321604656668
leaf_weight=163668.46098956652 2568.6784729864448 943.97182834893465 103.03164324350655 660.43164179474115 195.22088466025889 121.93268101289868 547.85138094052672 146.28968313708901 1511.9540915358812 87.641564160585403 389.25702417269349 153.71746452897787 90.2636744286865 3974.4698962438852
leaf_count=200945 3390 586 48 474 295 547 587 263 3720 215 723 134 170 2017
internal_value=2.05211e-06 -3.41427e-05 -0.00206223 0.000561377 0.00644797 0.000626205 0.00118456 0.00334626 0.00179318 0.00654819 0.00466391 -0.00207448 -0.000828661 2.73406e-05
internal_weight=175163 165571 1902.66 958.684 298.253 9592.06 6933.11 2410.79 1633.89 776.906 630.616 241.359 2658.94 4522.32
internal_count=214114 202348 1403 817 343 11766 8206 5602 4267 1335 1072 349 3560 2604
is_linear=0
shrinkage=0.05


Tree=80
num_leaves=15
num_cat=0
split_feature=1 4 4 4 0 0 17 3 2 2 4 3 2 15
split_gain=1.6222 4.92557 4.54126 6.82142 8.08532 6.37402 5.45829 4.45754 9.33128 8.00563 8.00706 4.40129 7.38652 4.77465
threshold=0.014389234129339458 0.011428944766521456 0.0068729333579540261 0.0080322581343352812 0.015504807699471714 0.010811126790940763 0.087121214717626586 1.0000000180025095e-35 0.012422839645296337 0.0067797389347106227 0.012121656909585001 0.015504807699471714 0.011696306522935631 0.061509916558861739
decision_type=2 2 2 2 2 2 2 2 2 2 2 2 2 2
left_child=-1 2 6 -4 5 -5 -2 -3 9 -9 -11 12 13 -12
right_child=1 7 3 4 -6 -7 -8 8 -10 10 11 -13 -14 -15
leaf_value=-2.7153446029139339e-05 -0.00070076498137132707 -0.0053482747973328075 0.012095845538680121 0.0047308626474912019 0.017303137747419959 -0.0038161760219464522 0.0075290261016249379 -0.001875450058882857 -0.001683553300815684 -0.0049638401610317701 0.017774091736970529 0.020018058725319018 -0.0032368541807920206 0.005554576085625298
leaf_weight=168946.33842137456 1302.7416069936007 400.22051325254142 237.12539383582771 530.97331369668245 76.831324646249413 356.15819620899856 228.06697682850063 347.97829290106893 2100.1440006420016 102.11072582751513 147.55629521422088 83.947269067168236 112.71898609027267 190.26160418242216
leaf_count=206445 2437 354 887 798 75 384 500 564 962 58 403 45 63 139
internal_value=2.05601e-06 0.00079461 0.00238013 0.00466819 0.00273563 0.00129518 0.000566254 -0.00045156 0.000198983 0.00419108 0.00748491 0.00991068 0.00763362 0.0112495
internal_weight=175163 6216.83 2731.9 1201.09 963.963 887.132 1530.81 3484.94 3084.72 984.573 636.595 534.484 450.537 337.818
internal_count=214114 7669 5081 2144 1257 1182 2937 2588 2234 1272 708 650 605 542
is_linear=0
shrinkage=0.05


Tree=81
num_leaves=15
num_cat=0
split_feature=0 3 2 2 15 2 1 16 0 17 17 17 1 17
split_gain=1.54301 6.02236 8.89188 5.95055 5.63161 5.57316 6.58029 11.9866 5.44663 7.41169 10.4032 7.6273 5.33388 5.70279
threshold=0.009569597430527212 0.0076046728063374766 0.0086581707000732439 0.0084389690309762972 0.009756329935044052 0.010256679728627207 0.011050061322748663 3.5000000000000004 0.0099504948593676108 0.024099883623421196 0.031754031777381904 0.048809524625539787 0.011428944766521456 0.074175827205181136
decision_type=2 2 2 2 2 2 2 2 2 2 2 2 2 2
left_child=5 2 4 -3 -2 6 -1 -8 9 -5 -11 -12 -4 -14
right_child=1 3 12 8 -6 -7 7 -9 -10 10 11 -13 13 -15
leaf_value=-6.5737937743567907e-05 0.0060132689628517822 -0.0017694340469961618 0.0043997074472675859 -0.0073561970396336957 0.00013638756788114515 -0.0010667671586860883 0.00053477440177482024 0.0054573832537053689 7.8393766153859315e-05 0.022743138996976289 -0.0027367376471363935 0.01280099962468784 -0.002737122353914902 0.0080814169384755986
leaf_weight=123598.11234243587 415.13981898128986 4934.6025240458548 2599.329669861123 84.355139546096325 9918.8558409530669 12660.70298958756 7819.6875408291817 1459.600816693157 10563.498892253265 86.008090732619166 184.57267668284476 124.54301587305963 569.93250308930874 144.23105919733644
leaf_count=143783 426 5031 5217 108 12880 16250 13429 3879 11912 107 205 273 460 154
internal_value=2.13405e-06 0.000330992 0.00110196 -0.000327819 0.00037806 -6.48249e-05 3.07143e-05 0.00131413 0.000317391 0.00547362 0.00832663 0.0037284 0.0033517 -0.000470806
internal_weight=175163 29625.1 13647.5 15977.6 10334 145538 132877 9279.29 11043 479.479 395.124 309.116 3313.49 714.164
internal_count=214114 36773 19137 17636 13306 177341 161091 17308 12605 693 585 478 5831 614
is_linear=0
shrinkage=0.05


Tree=82
num_leaves=15
num_cat=0
split_feature=0 4 4 15 3 2 16 2 4 3 17 2 3 0
split_gain=1.3974 5.76513 8.74015 11.9923 15.1332 6.38471 10.9756 8.61373 7.25849 5.60937 6.16292 5.03039 6.42825 9.29162
threshold=0.009569597430527212 0.007272823480889202 0.0070176301524043092 0.038242558017373092 0.012121656909585001 0.0079052620567381399 3.5000000000000004 0.0099504948593676108 0.0086581707000732439 0.012579114176332952 0.051315790042281158 0.010256679728627207 0.012422839645296337 0.0069687257055193194
decision_type=2 2 2 2 2 2 2 2 2 2 2 2 2 2
left_child=11 2 -2 -4 -5 -3 8 9 -7 -8 -11 12 -1 -14
right_child=1 5 3 4 -6 6 7 -9 -10 10 -12 -13 13 -15
leaf_value=-2.7590673112760891e-05 0.00075497341940767302 -0.0020936009529555718 -0.00098289230056479177 0.02499133966120928 0.00093700001456506151 -0.0043977512124784663 0.0014740580675777692 -0.00063331255031851084 0.011262887490312179 0.017457875058736947 0.0038135678774267909 -0.0010134708851877725 0.00096329853395543663 0.0078062216059656469
leaf_weight=129435.14044128917 15353.252757303417 4065.1398801896721 223.66224517300725 142.66450585052371 115.78191979415715 88.048957869410515 660.93408243358135 8286.5779133308679 339.01038625091314 130.8929316084832 219.10365141183138 12660.70298958756 2850.6578732002527 591.60238546878099
leaf_count=154898 22948 3967 285 239 176 195 1180 6480 976 121 206 16250 4743 1450
internal_value=2.15437e-06 0.000315111 0.000965729 0.00752574 0.0146515 -0.000432182 0.000263775 -0.000100128 0.00800731 0.00423377 0.00925951 -6.1567e-05 2.92009e-05 0.00215856
internal_weight=175163 29625.1 15835.4 482.109 258.446 13789.7 9724.57 9297.51 427.059 1010.93 349.997 145538 132877 3442.26
internal_count=214114 36773 23648 700 415 13125 9158 7987 1171 1507 327 177341 161091 6193
is_linear=0
shrinkage=0.05


Tree=83
num_leaves=15
num_cat=0
split_feature=1 4 4 4 0 0 17 3 2 15 15 3 3 4
split_gain=1.44923 4.33207 4.14385 6.04861 7.56955 7.22003 4.92174 4.88337 4.57303 4.72603 8.97918 4.13871 8.63951 5.68647
threshold=0.014389234129339458 0.011428944766521456 0.0068729333579540261 0.0080322581343352812 0.015268065501004459 0.014389234129339458 0.087121214717626586 0.015038444194942715 0.013606071937829258 0.043404377996921546 0.046863062307238586 1.0000000180025095e-35 0.0096620614640414732 0.012270400300621988
decision_type=2 2 2 2 2 2 2 2 2 2 2 2 2 2
left_child=-1 2 6 -4 5 7 -2 8 9 -5 -11 -3 13 -13
right_child=1 11 3 4 -6 -7 -8 -9 -10 10 -12 12 -14 -15
leaf_value=-2.5389573320879466e-05 -0.00069708790533747609 -0.0051357282276416122 0.011418472663418361 0.0072680118336771573 0.014989835376028146 -0.010568076066064549 0.0071176472156725002 -0.0084391111080930163 0.014754274958707118 -0.013828461432653134 0.0037635362896564373 -0.003884085604502048 -0.0004804985549213858 0.01514277341400997
leaf_weight=168946.33842137456 1302.7416069936007 400.22051325254142 237.12539383582771 273.64594617113471 99.538171777501702 106.90336171537638 228.06697682850063 77.282776450738311 79.088930310681462 93.333804035559297 234.16984409093857 48.44751893542707 2896.2591601125896 140.01049487665296
leaf_count=206445 2437 354 887 436 96 90 500 107 132 97 299 60 1538 636
internal_value=2.21881e-06 0.00075133 0.00223826 0.00442387 0.0026037 0.00102233 0.000505826 0.00277437 0.00415216 0.00253872 -0.00151111 -0.000417368 0.000209423 0.0103022
internal_weight=175163 6216.83 2731.9 1201.09 963.963 864.425 1530.81 757.521 680.239 601.15 327.504 3484.94 3084.72 188.458
internal_count=214114 7669 5081 2144 1257 1161 2937 1071 964 832 396 2588 2234 696
is_linear=0
shrinkage=0.05


Tree=84
num_leaves=15
num_cat=0
split_feature=0 15 15 2 3 17 2 15 4 2 0 3 1 0
split_gain=1.37381 3.29773 10.2597 6.39222 9.79788 6.70725 5.44537 5.40505 5.08857 5.33085 4.754 4.2712 5.31726 4.15682
threshold=0.013423423748463394 0.048239050433039672 0.046242719516158111 0.0099504948593676108 0.012270400300621988 0.046536797657608993 0.0085107926279306429 0.051517894491553314 0.013793759513646366 0.012903762981295587 0.010582306887954475 0.0090499590151011961 0.013986697886139156 0.0083683477714657801
decision_type=2 2 2 2 2 2 2 2 2 2 2 2 2 2
left_child=1 2 -1 4 7 -6 10 -3 9 -5 -4 12 -11 -7
right_child=-2 3 6 8 5 13 -8 -9 -10 11 -12 -13 -14 -15
leaf_value=-1.5498722034642612e-05 0.0005836453023369062 -0.0064647501398797762 0.007778655507164639 -0.0028992309167515037 0.015247564556803034 0.011341868027837775 0.0074816636808586398 0.0024539878731643212 -0.0046204758135493431 0.00064045539155450058 -0.0092980562647780058 3.5748839500162831e-05 0.01734920052749666 0.00079964767267256924
leaf_weight=158257.81097204238 9592.0559331476688 351.67607815377414 57.111852589994669 1897.0678618270904 149.32090764306486 113.90609905123711 668.16977921873331 312.65898251533508 1300.352511908859 112.27722195535898 95.462184600532055 1793.3086353000253 73.715071571990848 388.27882923558354
leaf_count=194426 11766 476 353 1204 119 326 1100 434 1341 210 105 1744 135 375
internal_value=2.19747e-06 -3.15208e-05 1.3592e-05 -0.00113518 0.00196609 0.0062782 0.00555561 -0.00229314 -0.00192575 -0.00101222 -0.00282058 0.000801874 0.00781001 0.0033656
internal_weight=175163 165571 159079 6492.56 1315.84 651.506 820.744 664.335 5176.72 3876.37 152.574 1979.3 185.992 502.185
internal_count=214114 202348 195984 6364 1730 820 1558 910 4634 3293 458 2089 345 701
is_linear=0
shrinkage=0.05


Tree=85
num_leaves=15
num_cat=0
split_feature=3 4 15 2 1 15 3 2 4 0 0 0 2 2
split_gain=1.34252 2.97998 3.50547 4.69103 1.4697 1.2024 1.89279 1.51576 1.48592 1.4544 1.77556 1.59905 1.43335 1.32566
threshold=0.016261236742138866 0.016261236742138866 0.072719890624284758 0.014389234129339458 0.0074350468348711738 0.0072203108575195083 0.0068729333579540261 0.0062696540262550124 0.0071175277698785075 0.0067797389347106227 0.0068729333579540261 0.0066007319837808618 0.0065147271379828462 0.012903762981295587
decision_type=2 2 2 2 2 2 2 2 2 2 2 2 2 2
left_child=5 2 3 4 -2 6 7 8 9 11 -11 -1 -9 -7
right_child=1 -3 -4 -5 -6 13 -8 12 -10 10 -12 -13 -14 -15
leaf_value=0.00010095333023156447 0.0020085312343599985 0.0066198223201739655 -0.0066859189565164319 0.0077724740535354128 -0.0069893232733037941 0.00010126146186786384 -0.0016927314152404246 -0.0019033587558504065 -0.0029552330826484439 -0.0032327139339931119 -0.00030159132486864152 0.0019494056642381686 -0.00034686703764609181 -0.00046682300132591204
leaf_weight=19261.975766921416 70.521048994734883 236.28928642719984 135.31202696077526 187.18044635653496 101.34231949038804 130363.51751285233 2198.6526914276183 2130.6809807661921 404.45374678075314 663.37382417917252 2230.8965440932661 1235.7716296240687 4805.563005277887 11137.642090609297
leaf_count=21632 169 114 37 378 170 165107 1810 1851 411 714 2302 1443 4334 13642
internal_value=2.20298e-06 0.00212645 -0.000109928 0.00248237 -0.00338979 -6.81626e-06 -0.000278886 -0.00017722 1.24595e-05 6.50125e-05 -0.000982229 0.000213289 -0.000827043 5.65174e-05
internal_weight=175163 730.645 494.356 359.044 171.863 174433 32931.4 30732.7 23796.5 23392 2894.27 20497.7 6936.24 141501
internal_count=214114 868 754 717 339 213246 34497 32687 26502 26091 3016 23075 6185 178749
is_linear=0
shrinkage=0.05


Tree=86
num_leaves=15
num_cat=0
split_feature=1 4 4 4 0 0 3 17 2 15 15 3 2 2
split_gain=1.28543 3.85101 3.72173 5.43656 6.95089 6.55392 4.38538 4.35546 4.09497 4.32394 8.15339 3.65446 8.12279 7.04969
threshold=0.014389234129339458 0.011428944766521456 0.0068729333579540261 0.0080322581343352812 0.015268065501004459 0.014389234129339458 0.015038444194942715 0.087121214717626586 0.013606071937829258 0.043404377996921546 0.046863062307238586 1.0000000180025095e-35 0.012422839645296337 0.0067797389347106227
decision_type=2 2 2 2 2 2 2 2 2 2 2 2 2 2
left_child=-1 2 7 -4 5 6 8 -2 9 -5 -11 -3 13 -13
right_child=1 11 3 4 -6 -7 -8 -9 -10 10 -12 12 -14 -15
leaf_value=-2.3925678036485399e-05 -0.00066375658617581898 -0.0048280494100684749 0.010811932176691647 0.0069132827062317439 0.014324297817602916 -0.010101740216339602 -0.008015542299056393 0.0066876469625333007 0.013948278136283042 -0.013219766567964645 0.0035442864216172678 -0.0017732387618808955 -0.0015617662118573329 0.007010247027256937
leaf_weight=168946.33842137456 1302.7416069936007 400.22051325254142 237.12539383582771 273.64594617113471 99.538171777501702 106.90336171537638 77.282776450738311 228.06697682850063 79.088930310681462 93.333804035559297 234.16984409093857 347.97829290106893 2100.1440006420016 636.59488038159907
leaf_count=206445 2437 354 887 436 96 90 107 500 132 97 299 564 962 708
internal_value=2.07566e-06 0.000707582 0.00210953 0.00418081 0.00245536 0.000940475 0.00261009 0.000467785 0.00391592 0.0023894 -0.00148336 -0.000394315 0.000194673 0.00391928
internal_weight=175163 6216.83 2731.9 1201.09 963.963 864.425 757.521 1530.81 680.239 601.15 327.504 3484.94 3084.72 984.573
internal_count=214114 7669 5081 2144 1257 1161 1071 2937 964 832 396 2588 2234 1272
is_linear=0
shrinkage=0.05


Tree=87
num_leaves=15
num_cat=0
split_feature=0 3 2 15 2 15 2 1 4 2 2 4 1 0
split_gain=1.25594 5.26839 7.74805 5.808 5.70382 8.95765 5.69968 5.63368 6.47733 5.18307 5.17334 5.89383 5.34818 4.80921
threshold=0.009569597430527212 0.0076046728063374766 1.0000000180025095e-35 0.010050504934042694 0.0066007319837808618 0.019114224240183834 0.0074350468348711738 0.010695492848753931 0.011561079882085325 0.0084389690309762972 0.015504807699471714 0.009756329935044052 0.0065574476029723891 0.0099504948593676108
decision_type=2 2 2 2 2 2 2 2 2 2 2 2 2 2
left_child=-1 2 3 -2 5 -4 -6 8 10 -3 11 12 -8 -11
right_child=1 9 4 -5 6 -7 7 -9 -10 13 -12 -13 -14 -15
leaf_value=-5.837228140046405e-05 0.0038247370891979372 -0.0016628921948457762 -0.0036308768596739205 -0.00029827013943035415 -0.0022187488422600416 0.015084503112126875 0.0026430001694971754 -0.00045344086934528483 0.0095743965822701095 0.0051298402262475095 -0.0090844151008454121 -0.006267014446769182 0.0083414946830963413 6.0154229778425806e-05
leaf_weight=145538.10368954577 947.15967250987887 4934.6025240458548 87.69391804933548 7928.4867782052606 622.54184027016163 197.00159509293735 1737.58781542629 940.75795559957623 433.05417202599347 479.47892283461988 76.511325033381581 139.5326518304646 537.16116803884506 10563.498892253265
leaf_count=177341 1020 5031 111 9483 1043 391 4153 804 738 693 128 399 867 11912
internal_value=2.03768e-06 0.000298731 0.00101983 0.000145524 0.00264233 0.00939207 0.00219415 0.0029089 0.00398861 -0.000317456 0.00298305 0.00340138 0.00401927 0.000284719
internal_weight=175163 29625.1 13647.5 8875.65 4771.84 284.696 4487.15 3864.61 2923.85 15977.6 2490.79 2414.28 2274.75 11043
internal_count=214114 36773 19137 10503 8634 502 8132 7089 6285 17636 5547 5419 5020 12605
is_linear=0
shrinkage=0.05


Tree=88
num_leaves=15
num_cat=0
split_feature=0 2 2 4 17 3 3 2 3 0 15 15 2 3
split_gain=1.20348 3.64195 5.1423 7.0896 6.91883 13.6395 4.479 3.90579 3.81416 3.80512 3.63802 8.97244 6.15132 9.6382
threshold=0.013072453904896976 0.0070176301524043092 0.011561079882085325 0.011299795936793091 0.051315790042281158 0.014389234129339458 0.0080972984433174151 0.0066445916891098031 0.01197647722437978 0.015268065501004459 0.048239050433039672 0.046242719516158111 0.0099504948593676108 0.012270400300621988
decision_type=2 2 2 2 2 2 2 2 2 2 2 2 2 2
left_child=10 7 3 -3 -5 8 -4 -2 -6 -8 11 -1 13 -12
right_child=1 2 6 4 5 -7 9 -9 -10 -11 12 -13 -14 -15
leaf_value=-1.293245138646468e-05 -0.00055863815501230201 0.0013334636948309684 0.003884454207426267 0.019774914297926681 0.0048646101381680171 0.017617498087469482 -0.0012509043726344753 -0.0093894295145600451 -0.0070095964808175515 0.0014046795463092377 -0.0024126804453473375 0.0053164085641085636 -0.0020772283546968843 0.0062940799458278216
leaf_weight=157505.00990877301 3014.7399075571448 1055.1309993974864 813.72805457189679 99.634476598352194 115.16787672787905 133.35689010098577 3026.9784570354968 120.74009424634278 137.97439545206726 2416.8840972725302 641.70009126886725 783.75554590113461 4686.1864028386772 612.18572301976383
leaf_count=193268 3974 2757 1350 147 285 89 2719 200 96 1824 863 1512 4247 783
internal_value=1.99563e-06 0.000509672 0.00108791 0.00366512 0.00859699 0.0052894 0.0004483 -0.000927461 -0.00162782 -7.15044e-05 -3.18343e-05 1.37896e-05 -0.00124558 0.00185439
internal_weight=175163 10934.3 7798.86 1541.26 486.134 386.499 6257.59 3135.48 253.142 5443.86 164229 158289 5940.07 1253.89
internal_count=214114 13441 9267 3374 617 470 5893 4174 381 4543 200673 194780 5893 1646
is_linear=0
shrinkage=0.05


Tree=89
num_leaves=15
num_cat=0
split_feature=3 2 1 4 15 15 15 17 1 17 15 1 2 0
split_gain=1.16683 2.74914 2.5676 1.71704 1.85881 1.67528 1.1452 3.74172 3.49597 3.29961 2.91734 5.66865 4.02034 4.18495
threshold=0.016261236742138866 0.016261236742138866 0.0096620614640414732 0.010362972505390646 0.046242719516158111 0.046242719516158111 0.072719890624284758 0.087121214717626586 0.016001024283468727 0.087121214717626586 0.051517894491553314 0.0077822189778089532 0.016261236742138866 0.016001024283468727
decision_type=2 2 2 2 2 2 2 2 2 2 2 2 2 2
left_child=6 2 5 4 -4 -2 9 -8 -9 -1 11 -11 -12 -14
right_child=1 -3 3 -5 -6 -7 7 8 -10 10 12 -13 13 -15
leaf_value=-1.1368707440763438e-05 -0.0017104693448657428 0.0053632411256367574 -0.0054849133983065866 -0.0075357408593808425 0.0067203815824263954 0.0079255585349528798 0.00016327869004624537 -0.0097217451034625549 -0.00049338556843078426 0.0049898909553323682 0.0087864001792610502 -0.0049804305941741683 0.0041276099058075921 -0.01323035037649526
leaf_weight=171929.62649733201 73.896858280524611 322.01778052188456 51.339532652869821 134.85248263180256 53.636307921260595 94.902166221290827 1081.2113300617784 210.92817099951208 193.75323605909944 296.45642044208944 317.84256149828434 256.60995896719396 106.56286820210516 39.53674896992743
leaf_count=210145 143 214 41 80 159 231 332 75 133 885 602 703 345 26
internal_value=2.00369e-06 0.00198239 -0.000746361 -0.00400416 0.000793369 0.00384737 -6.40469e-06 -0.0013839 -0.00542184 5.50955e-06 0.00283118 0.000357599 0.00571018 -0.00111635
internal_weight=175163 730.645 408.627 239.828 104.976 168.799 174433 1485.89 404.681 172947 1017.01 553.066 463.942 146.1
internal_count=214114 868 654 280 200 374 213246 540 208 212706 2561 1588 973 371
is_linear=0
shrinkage=0.05


Tree=90
num_leaves=15
num_cat=0
split_feature=1 3 3 1 3 4 1 2 4 15 17 2 17 3
split_gain=1.16118 5.17804 7.58321 10.3501 12.1019 10.9832 8.55683 7.60094 7.01921 6.3008 5.99117 6.63506 6.20918 5.6135
threshold=0.0067797389347106227 0.0089687905274331587 1.0000000180025095e-35 0.012903762981295587 0.0070672258734703073 0.0079682543873786944 0.0069687257055193194 0.0085107926279306429 0.012579114176332952 0.037870651111006744 0.014815627597272398 0.0067797389347106227 0.054093567654490478 0.0064309346489608296
decision_type=2 2 2 2 2 2 2 2 2 2 2 2 2 2
left_child=-1 2 7 4 9 13 -6 -2 -7 -4 -8 -12 -13 -5
right_child=1 -3 3 5 6 8 10 -9 -10 -11 11 12 -14 -15
leaf_value=-8.7925771089329523e-05 0.0004628130583511894 -0.0005364477484193661 0.0059901129742360674 -0.001800875850161856 0.0090759268547528846 -0.0010399556183114259 -0.0059253617156104846 -0.0018168879235632388 0.0091695221107320028 -0.00025775036474321236 0.00222269280205096 -0.0028791911721231041 0.0089126239431344453 0.01407099337462403
leaf_weight=117815.94839073718 28428.209160512313 17294.270479172468 1461.9891804680228 61.748644048348069 214.43052806705236 510.53382865153253 516.96216931566596 4185.9309206921607 239.92872883193195 554.8236153293401 1549.5962027050555 1807.8847865760326 109.32302308082581 411.59326257370412
leaf_count=141273 41604 14985 3081 173 230 785 594 3194 905 763 2573 2000 386 1568
internal_value=1.889e-06 0.00018639 0.000498557 0.00193798 0.00110558 0.00612206 -0.00042526 0.000169753 0.00230175 0.00427854 -0.000958117 -0.0002025 -0.00216404 0.012006
internal_weight=175163 57347.2 40053 7438.81 6215.01 1223.8 4198.2 32614.1 750.463 2016.81 3983.77 3466.8 1917.21 473.342
internal_count=214114 72841 57856 13058 9627 3431 5783 44798 1690 3844 5553 4959 2386 1741
is_linear=0
shrinkage=0.05


Tree=91
num_leaves=15
num_cat=0
split_feature=15 0 2 17 1 17 0 4 4 15 3 3 1 17
split_gain=1.16802 5.15222 8.00155 7.23263 7.36343 6.89294 10.7495 6.84153 11.0222 7.859 9.37204 15.3715 10.0122 7.26893
threshold=0.016234917566180233 0.0065574476029723891 0.011050061322748663 0.027402402833104137 0.0084389690309762972 0.014599318150430919 0.0085838492959737795 0.0070176301524043092 0.0090499590151011961 0.046863062307238586 0.011173533275723459 0.0088107436895370501 0.00766294775530696 0.012422839645296337
decision_type=2 2 2 2 2 2 2 2 2 2 2 2 2 2
left_child=-1 2 7 5 -5 -3 -7 -2 13 10 11 -10 -13 -9
right_child=1 3 -4 4 -6 6 -8 8 9 -11 -12 12 -14 -15
leaf_value=-9.7173967124556071e-05 -3.3505611632660479e-05 0.0026404022998461861 -0.0011581990100772808 0.0013010258162427118 -0.00043072892277829227 -0.0031762583414760371 -0.00023253492815977458 -0.0061109419976591028 0.00018399125944575719 0.012325682746852364 -0.0037178461916055959 0.010229269611705205 0.0006880905632341989 0.0040924987483058929
leaf_weight=110249.71500988118 7956.1214580181986 1120.3237233553082 4663.0540658384562 10774.434740671888 14239.734742524102 5229.8745563756675 7602.5308908969164 172.72848832607269 6082.7706986553967 133.65936962328851 1114.6873587127775 690.10224650241435 455.29989008791745 4678.1356812920421
leaf_count=122088 11772 1780 5945 22467 12711 5887 9368 187 10924 318 1368 1257 607 7435
internal_value=1.89601e-06 0.000170147 0.000715901 -0.00019334 0.000315417 -0.001105 -0.00143379 0.00112685 0.00181906 0.000729628 0.000529316 0.00118852 0.00647541 0.00371735
internal_weight=175163 64913.5 25946.6 38966.9 25014.2 13952.7 12832.4 21283.5 13327.4 8476.52 8342.86 7228.17 1145.4 4850.86
internal_count=214114 92026 39813 52213 35178 17035 15255 33868 22096 14474 14156 12788 1864 7622
is_linear=0
shrinkage=0.05


Tree=92
num_leaves=15
num_cat=0
split_feature=1 3 3 4 4 4 4 4 2 0 0 0 15 3
split_gain=1.13655 3.71682 8.60642 5.36018 5.15354 6.44255 4.67275 6.28146 3.53837 3.78722 3.11824 5.28074 2.702 3.85183
threshold=0.013986697886139156 1.0000000180025095e-35 0.0096620614640414732 0.015268065501004459 0.012270400300621988 0.0077822189778089532 0.0066890381276607522 0.0080972984433174151 0.0074907417874783286 0.00766294775530696 0.010929288342595102 0.0067340831737965354 0.048239050433039672 0.012422839645296337
decision_type=2 2 2 2 2 2 2 2 2 2 2 2 2 2
left_child=-1 3 4 6 5 8 -2 -8 9 -3 11 -7 13 -4
right_child=1 2 12 -5 -6 10 7 -9 -10 -11 -12 -13 -14 -15
leaf_value=-2.5218256187666853e-05 -0.0027244370735330296 0.0080542387637635125 -0.00017514585837350813 -0.0087012435002459722 0.013210484228606262 -0.0014798272110204585 0.014667562341206428 0.00079360637728393421 0.012997678090633161 -0.0080387446864184486 -0.0069827583199754059 0.014720353288026441 -8.4779436039960997e-05 0.0073082856634596174
leaf_weight=167602.49732024409 875.6889673601836 92.393865993246436 371.07485927268863 211.31954722106457 173.84640556573868 206.78361034393311 86.048493459820747 550.78105829097331 190.82873361557722 47.376568911597133 122.13500093109906 55.855703286826611 4266.8365975804627 309.70618868432939
leaf_count=204751 1352 564 538 136 763 337 227 641 520 173 147 184 3255 526
internal_value=1.84835e-06 0.000601093 0.00120332 -0.00143319 0.0057032 0.00372184 -0.000367265 0.00286604 0.00873101 0.00242684 -0.000694194 0.00237903 0.000384695 0.00328579
internal_weight=175163 7560.68 5836.84 1723.84 889.22 715.373 1512.52 636.83 330.599 139.77 384.774 262.639 4947.62 680.781
internal_count=214114 9363 7007 2356 2688 1925 2220 868 1257 737 668 521 4319 1064
is_linear=0
shrinkage=0.05


Tree=93
num_leaves=15
num_cat=0
split_feature=17 0 4 15 3 2 3 3 3 1 4 15 3 15
split_gain=1.09306 3.1727 3.57542 9.00693 4.97534 3.38763 3.35322 3.15071 2.81622 5.97307 9.2231 3.91888 2.68024 2.49363
threshold=0.014389234129339458 1.0000000180025095e-35 0.0067797389347106227 0.021832264959812168 0.0071685509756207475 0.0069204980973154315 0.00766294775530696 1.0000000180025095e-35 0.0073261056095361718 1.0000000180025095e-35 0.0072203108575195083 0.015994147397577766 0.007272823480889202 0.0063092110212892303
decision_type=2 2 2 2 2 2 2 2 2 2 2 2 2 2
left_child=1 8 3 6 7 -4 12 -5 -1 10 -10 -12 13 -3
right_child=-2 2 5 4 -6 -7 -8 -9 9 -11 11 -13 -14 -15
leaf_value=-0.00021908429553638335 0.00010117485756167165 0.0044060874652782521 -0.0042431110360877473 0.0068190992724564779 0.00010678919083251399 0.0035510006239758344 0.0052441278089409953 0.020736812854474408 -0.0013301442527504977 -0.0065492631957207491 0.0037498319160756306 0.017938049460941945 -0.0041538575609949557 0.00033073809133021728
leaf_weight=45497.240273784846 107328.57967833988 375.45008612982929 684.15685025602579 97.597647372633219 96.774363627657294 166.30411655642092 346.63256713934243 84.49310864880681 4966.0665581990033 502.5323391277343 140.5320381205529 70.864696133881807 314.99044193327427 14490.958155391738
leaf_count=48211 141173 513 810 116 244 165 305 179 4665 449 237 217 257 16573
internal_value=1.8802e-06 -0.000155217 0.000443975 0.000614483 0.00936287 -0.00269545 0.000451448 0.0140205 -0.000350292 -0.00139905 -0.000887498 0.00910142 0.000338638 0.000436553
internal_weight=175163 67834.6 16657.4 15806.9 278.865 850.461 15528 182.091 51177.2 5680 5177.46 211.397 15181.4 14866.4
internal_count=214114 72941 19162 18187 539 975 17648 295 53779 5568 5119 454 17343 17086
is_linear=0
shrinkage=0.05


Tree=94
num_leaves=15
num_cat=0
split_feature=3 4 15 2 1 3 4 1 4 0 3 2 1 0
split_gain=1.07467 2.62993 2.97997 3.95043 1.33569 1.01813 2.426 3.67707 3.64032 3.2829 1.20078 6.24202 4.20835 5.629
threshold=0.016261236742138866 0.016261236742138866 0.072719890624284758 0.014389234129339458 0.0074350468348711738 0.016001024283468727 0.0071685509756207475 0.016001024283468727 0.012903762981295587 0.0074350468348711738 0.015038444194942715 0.015749008394777778 0.015504807699471714 0.015268065501004459
decision_type=2 2 2 2 2 2 2 2 2 2 2 2 2 2
left_child=5 2 3 4 -2 10 9 8 -8 -7 -1 -12 13 -13
right_child=1 -3 -4 -5 -6 6 7 -9 -10 -11 11 12 -14 -15
leaf_value=-1.4833628084809929e-05 0.0019521703609209754 0.0061237985069420376 -0.0062579537723166717 0.0070512771942692204 -0.0066225239512428813 -0.0042949724524528367 0.00047765897925813015 0.00087970028213903986 -0.011599543731088046 0.0076369811069883281 0.0021296289550154844 -0.007277128837705202 -0.0094979595775624478 0.0072291542353338598
leaf_weight=171032.85032817535 70.521048994734883 236.28928642719984 135.31202696077526 187.18044635653496 101.34231949038804 93.827947668731213 92.214764893054962 230.62095754034817 178.10897852107882 121.72044972516596 2236.0692610628903 121.13195184618235 199.50849536806345 126.47465773113072
leaf_count=209043 169 114 37 378 170 207 203 58 173 216 3048 175 73 50
internal_value=1.91886e-06 0.00190249 -0.000196604 0.0021954 -0.00319018 -6.15065e-06 -0.00187403 -0.00376064 -0.00760961 0.00248287 1.66087e-06 0.00104921 -0.00428245 0.00012551
internal_weight=175163 730.645 494.356 359.044 171.863 174433 716.493 500.945 270.324 215.548 173716 2683.18 447.115 247.607
internal_count=214114 868 754 717 339 213246 857 434 376 423 212389 3346 298 225
is_linear=0
shrinkage=0.05


Tree=95
num_leaves=15
num_cat=0
split_feature=1 4 4 4 0 0 15 2 0 17 2 2 3 2
split_gain=1.04363 3.13005 3.27564 4.16433 6.27615 4.25357 3.88261 5.2629 4.88066 3.81514 3.13385 3.12783 2.92575 6.72206
threshold=0.014389234129339458 0.011428944766521456 0.0068729333579540261 0.0080322581343352812 0.015504807699471714 0.010811126790940763 0.056784031912684448 0.011173533275723459 0.0066445916891098031 0.087121214717626586 0.015749008394777778 0.0062696540262550124 1.0000000180025095e-35 0.012422839645296337
decision_type=2 2 2 2 2 2 2 2 2 2 2 2 2 2
left_child=-1 2 9 -4 5 6 7 8 -5 10 -2 -11 -3 -14
right_child=1 12 3 4 -6 -7 -8 -9 -10 11 -12 -13 13 -15
leaf_value=-2.1640078861227759e-05 -9.9509956033640639e-05 -0.0043230579071826354 0.0096504190886282093 0.0076400621559254978 0.015165835757828598 -0.0031118117815664937 0.014190236701329803 -0.0092158282519919314 -0.004920909621240234 -0.0021749424639300164 -0.010703171113471235 0.010003774448417378 0.0035593830678067317 -0.0014267252730490452
leaf_weight=168946.33842137456 1238.896351037547 400.22051325254142 237.12539383582771 290.55357451178133 76.831324646249413 356.15819620899856 68.302889922633767 75.741864077746868 96.374985184520483 72.89500324241817 63.845255956053734 155.17197358608246 984.57317328266799 2100.1440006420016
leaf_count=206445 2360 354 887 433 75 384 97 77 191 212 77 288 1272 962
internal_value=1.78845e-06 0.000637486 0.0019014 0.00384452 0.00233191 0.00106375 0.00387032 0.00207884 0.00446626 0.000361755 -0.000696753 0.00618335 -0.000355925 0.000171089
internal_weight=175163 6216.83 2731.9 1201.09 963.963 887.132 530.973 462.67 386.929 1530.81 1302.74 228.067 3484.94 3084.72
internal_count=214114 7669 5081 2144 1257 1182 798 701 624 2937 2437 500 2588 2234
is_linear=0
shrinkage=0.05


Tree=96
num_leaves=15
num_cat=0
split_feature=0 15 2 3 4 4 3 15 1 4 2 4 1 2
split_gain=1.02686 4.72368 4.79362 7.01259 6.31245 6.36469 18.1136 4.87814 4.67363 5.73218 4.72122 5.08405 5.18024 5.22649
threshold=0.009569597430527212 0.009756329935044052 0.0078432578593492525 0.0076046728063374766 0.0068260179832577714 0.0063092110212892303 0.0085107926279306429 0.023238540627062324 0.010695492848753931 0.011561079882085325 0.015504807699471714 0.009756329935044052 0.0065574476029723891 0.0081634009256958979
decision_type=2 2 2 2 2 2 2 2 2 2 2 2 2 2
left_child=-1 -2 4 8 5 -3 7 -7 9 10 11 12 13 -4
right_child=1 2 3 -5 -6 6 -8 -9 -10 -11 -12 -13 -14 -15
leaf_value=-5.2855348981166442e-05 0.0055025939564202 -4.3005562722962939e-05 0.016734878525979609 0.00020236294317918708 -0.0020289321849064584 0.023031679861450976 -0.0049976234715495317 0.0083040695526653309 -0.00040872087284233774 0.0090316756918417933 -0.0087735713987172285 -0.0059731798920089289 0.0082721008566774713 0.0018365046070182159
leaf_weight=145538.10368954577 415.13981898128986 9189.7330646403134 51.390494229272008 11460.99632393755 4434.5547405779362 97.269238438457251 206.53646652400494 159.06615474447608 901.77511871419847 422.67480724491179 76.511325033381581 134.14516096748412 482.97428185865283 1592.3022353239357
leaf_count=177341 426 11415 193 13240 4366 142 215 317 755 717 128 381 769 3709
internal_value=1.76814e-06 0.000270042 0.000193818 0.00081177 -0.000469668 0.000248041 0.00590511 0.0145476 0.00271341 0.0037313 0.0027384 0.00316491 0.00376658 0.00240069
internal_weight=175163 29625.1 29209.9 15122.8 14087.2 9652.6 462.872 256.335 3661.77 2760 2337.32 2260.81 2126.67 1643.69
internal_count=214114 36773 36347 19892 16455 12089 674 459 6652 5897 5180 5052 4671 3902
is_linear=0
shrinkage=0.05


Tree=97
num_leaves=15
num_cat=0
split_feature=1 3 3 1 3 4 1 2 4 16 1 15 1 0
split_gain=0.989364 4.75187 6.59312 8.43484 10.6273 9.44633 7.68432 6.78848 5.87767 5.6329 6.0621 13.222 5.38984 5.12914
threshold=0.0067797389347106227 0.0089687905274331587 1.0000000180025095e-35 0.012903762981295587 0.0070672258734703073 0.0079682543873786944 0.0069687257055193194 0.0085107926279306429 0.012579114176332952 3.5000000000000004 0.010050504934042694 0.016126951202750209 0.014815627597272398 0.0075472774915397176
decision_type=2 2 2 2 2 2 2 2 2 2 2 2 2 2
left_child=-1 2 7 4 9 12 -6 -2 -7 10 11 -4 -5 -10
right_child=1 -3 3 5 6 8 -8 -9 13 -11 -12 -13 -14 -15
leaf_value=-8.1079815300484962e-05 0.00044153805024178838 -0.00052032221915386989 0.0011626477100766905 0.01509857524189342 0.0086308099823349162 -0.0010078680335212063 -0.00087785695959832549 -0.0017128821972382966 0.018389675987671869 0.0013265460523455492 0.0002530204805640115 0.014556831200666654 0.0038679872398040744 0.0030113859014717836
leaf_weight=117815.94839073718 28428.209160512313 17294.270479172468 320.62191417068243 295.52706833183765 214.43052806705236 510.53382865153253 3983.7661816775799 4185.9309206921607 74.542928878217936 991.50014393590391 275.49530449137092 429.19543319940567 177.81483829021454 165.38579995371401
leaf_count=141273 41604 14985 449 1020 230 785 5553 3194 598 1665 830 900 721 307
internal_value=1.8243e-06 0.00017213 0.000471175 0.00181334 0.00106177 0.00559062 -0.000372829 0.000164584 0.00204907 0.00403513 0.00661629 0.00892016 0.011047 0.00833386
internal_weight=175163 57347.2 40053 7438.81 6215.01 1223.8 4198.2 32614.1 750.463 2016.81 1025.31 749.817 473.342 239.929
internal_count=214114 72841 57856 13058 9627 3431 5783 44798 1690 3844 2179 1349 1741 905
is_linear=0
shrinkage=0.05


Tree=98
num_leaves=15
num_cat=0
split_feature=0 15 15 4 2 2 3 4 4 4 17 3 0 2
split_gain=1.048 2.75365 8.0032 5.46416 4.91513 5.97674 6.38157 16.3554 5.03241 4.95644 7.21723 4.87334 4.94107 6.9913
threshold=0.013423423748463394 0.048239050433039672 0.046242719516158111 0.010811126790940763 0.010362972505390646 0.013606071937829258 0.012121656909585001 0.0077822189778089532 0.0087337908335030096 0.0081634009256958979 0.048809524625539787 0.013793759513646366 0.011428944766521456 0.015749008394777778
decision_type=2 2 2 2 2 2 2 2 2 2 2 2 2 2
left_child=1 2 -1 4 9 6 7 -6 -7 -3 -11 -5 13 -13
right_child=-2 3 -4 11 5 8 -8 -9 -10 10 -12 12 -14 -15
leaf_value=-1.2007993822154948e-05 0.00050975215902883083 -0.0026761868410597319 0.004908444548893158 -0.0032436012141476909 0.012641280923641066 0.00055024949315775373 -0.006443798477949317 -0.0035289384796396445 0.010348596172182693 0.012564315496399645 -0.00074990581510870193 0.0061043721440562793 -0.0030893262172042263 -0.0080142346351659583
leaf_weight=158257.81097204238 9592.0559331476688 156.8950230460614 820.74381640926003 2911.3648689370602 198.90489036403596 406.71615695953369 535.93241712264717 612.07886588387191 184.19388289563358 260.06028140708804 161.62459603138268 497.2486237436533 470.54356334730983 96.99902942404151
leaf_count=194426 11766 320 1558 2292 197 952 439 303 351 205 187 620 380 118
internal_value=1.91153e-06 -2.75383e-05 1.36853e-05 -0.00103605 0.000785455 -0.000427861 -0.0022642 0.000542699 0.0037259 0.00478742 0.00756204 -0.00218792 0.00070187 0.0037053
internal_weight=175163 165571 159079 6492.56 2516.41 1937.83 1346.92 810.984 590.91 578.58 421.685 3976.16 1064.79 594.248
internal_count=214114 202348 195984 6364 2954 2242 939 500 1303 712 392 3410 1118 738
is_linear=0
shrinkage=0.05


Tree=99
num_leaves=15
num_cat=0
split_feature=1 4 2 3 2 3 0 2 2 2 3 15 17 4
split_gain=0.981243 3.95138 4.36629 7.75393 4.57446 3.63614 4.86203 4.05388 3.20626 7.4174 5.17802 5.24199 4.4034 3.84211
threshold=0.014815627597272398 0.011428944766521456 0.012579114176332952 0.015038444194942715 0.015268065501004459 1.0000000180025095e-35 0.015268065501004459 0.0087337908335030096 0.0063492704648524531 0.0069687257055193194 0.012579114176332952 0.03940397500991822 0.080128207802772536 0.0067797389347106227
decision_type=2 2 2 2 2 2 2 2 2 2 2 2 2 2
left_child=-1 8 3 5 -4 7 -7 -3 10 -10 11 12 -2 -11
right_child=1 2 4 -5 -6 6 -8 -9 9 13 -12 -13 -14 -15
leaf_value=-1.8175073845733627e-05 0.0030073459888659598 0.0015782015381504259 -0.0053567760476655943 0.011243468739070948 -0.00012130506739197495 0.0041404887274903599 -0.0078664229022407817 -0.010742487553866904 0.017799742849461286 -9.368241738466794e-05 0.010616739007661151 -0.010974966961545839 -0.0075041403529683129 0.0054274648555487186
leaf_weight=170285.44372411631 379.69487985782325 124.35184986144304 635.84217029437423 179.15481334552169 1179.9919708985835 500.67907898500562 91.453960875049233 128.77007048390806 78.856482097879052 601.57535184361041 83.857491470873356 118.7067835945636 123.87140637077391 650.92288666591048
leaf_count=208135 794 158 330 98 532 847 38 50 192 1187 184 118 337 1114
internal_value=1.87272e-06 0.000700362 -0.000505061 0.00209244 -0.00197388 4.40567e-05 0.0021862 -0.00485973 0.00237498 0.00381067 -0.000347331 -0.00196939 0.000325873 0.00279592
internal_weight=175163 4877.73 2840.24 1024.41 1815.83 845.255 592.133 253.122 2037.49 1331.35 706.131 622.273 503.566 1252.5
internal_count=214114 5979 2053 1191 862 1093 885 208 3926 2493 1433 1249 1131 2301
is_linear=0
shrinkage=0.05


Tree=100
num_leaves=15
num_cat=0
split_feature=0 15 2 3 4 4 3 15 3 2 2 3 0 0
split_gain=0.977298 4.27154 4.4867 6.35649 5.69437 5.81211 16.4394 4.47371 4.4312 5.25045 4.19605 5.1543 7.61687 12.227
threshold=0.009569597430527212 0.009756329935044052 0.0078432578593492525 0.0076046728063374766 0.0068260179832577714 0.0063092110212892303 0.0085107926279306429 0.023238540627062324 0.0082305916585028189 0.012903762981295587 0.010256679728627207 0.012422839645296337 0.0069687257055193194 0.0085838492959737795
decision_type=2 2 2 2 2 2 2 2 2 2 2 2 2 2
left_child=10 -2 4 -4 5 -3 7 -7 9 -5 11 -1 -13 -14
right_child=1 2 3 8 -6 6 -8 -9 -10 -11 -12 12 13 -15
leaf_value=-1.9433188550435754e-05 0.0052393686693363974 -4.7299241565384106e-05 0.0025993864163618464 -0.0068152457299591879 -0.0019318111290385937 0.021991593033906132 -0.0047503019871198947 0.0078966029995904928 0.0004229674282857735 0.0053831116101369803 -0.00092086386073783133 0.00085601319200425503 0.012589603997509228 -0.0020458240171962456
leaf_weight=129435.14044128917 415.13981898128986 9189.7330646403134 3661.7734233718365 408.70691701211035 4434.5547405779362 97.269238438457251 206.53646652400494 159.06615474447608 10948.575308574364 103.71409835107625 12660.70298958756 2850.6578732002527 365.35243456065655 226.24995090812445
leaf_count=154898 426 11415 6652 428 4366 142 215 317 12610 202 16250 4743 969 481
internal_value=1.81085e-06 0.000263531 0.000191044 0.000788886 -0.000450851 0.000230819 0.00563674 0.01387 0.000208671 -0.00429051 -5.14782e-05 3.14209e-05 0.00193814 0.00705152
internal_weight=175163 29625.1 29209.9 15122.8 14087.2 9652.6 462.872 256.335 11461 512.421 145538 132877 3442.26 591.602
internal_count=214114 36773 36347 19892 16455 12089 674 459 13240 630 177341 161091 6193 1450
is_linear=0
shrinkage=0.05


Tree=101
num_leaves=15
num_cat=0
split_feature=15 3 2 4 0 0 0 2 0 17 0 17 3 2
split_gain=0.949307 1.67705 1.30851 1.32844 1.33946 1.60533 1.42529 1.29471 1.28516 1.24837 2.65574 1.91507 7.78477 5.7375
threshold=0.0072203108575195083 0.0068729333579540261 0.0062696540262550124 0.0071175277698785075 0.0067797389347106227 0.0068729333579540261 0.0066007319837808618 0.0065147271379828462 0.0070672258734703073 0.010050504934042694 0.0063092110212892303 0.011428944766521456 1.0000000180025095e-35 0.0071175277698785075
decision_type=2 2 2 2 2 2 2 2 2 2 2 2 2 2
left_child=1 2 3 4 6 -6 -1 -4 -7 10 -2 12 13 -11
right_child=9 -3 7 -5 5 8 -8 -9 -10 11 -12 -13 -14 -15
leaf_value=0.00011779011854533912 -0.0038419470968283974 -0.001570847570766999 -0.0017710108582950118 -0.0027741468771312334 -0.003063321621143322 0.00078569076141152012 0.0018629453544407992 -0.00029183660312035847 -0.0016210060530467024 -0.0013812988982525637 0.0027744811924275757 3.7976044755660505e-05 0.0044807684728047264 0.0050554660701017462
leaf_weight=19261.975766921416 527.32419009692967 2198.6526914276183 2130.6809807661921 404.45374678075314 663.37382417917252 1248.7892315257341 1235.7716296240687 4805.563005277887 982.10731256753206 2191.8611477743834 203.04092368297279 137705.49458139203 1203.2485034801066 400.8353852648288
leaf_count=21632 590 1810 1851 411 714 1338 1443 4334 964 2481 308 174011 1801 426
internal_value=1.83577e-06 -0.000240028 -0.000144339 3.18881e-05 8.15699e-05 -0.000923452 0.000223859 -0.000748106 -0.000276315 5.78481e-05 -0.00198995 6.85578e-05 0.00117496 -0.000370563
internal_weight=175163 32931.4 30732.7 23796.5 23392 2894.27 20497.7 6936.24 2230.9 142232 730.365 141501 3795.95 2592.7
internal_count=214114 34497 32687 26502 26091 3016 23075 6185 2302 179617 898 178719 4708 2907
is_linear=0
shrinkage=0.05


Tree=102
num_leaves=15
num_cat=0
split_feature=0 15 15 2 3 17 2 15 0 3 0 4 3 15
split_gain=0.895657 3.11755 6.98923 5.11441 8.05707 6.12696 4.41103 4.34683 4.33455 3.73195 4.71789 3.60534 3.72745 8.14525
threshold=0.013072453904896976 0.048239050433039672 0.046242719516158111 0.0099504948593676108 0.012270400300621988 0.046536797657608993 0.0085107926279306429 0.051517894491553314 0.010582306887954475 0.0093898782506585139 0.010362972505390646 0.015749008394777778 0.0093025267124176043 0.039796574041247375
decision_type=2 2 2 2 2 2 2 2 2 2 2 2 2 2
left_child=1 2 11 4 7 -6 8 -3 -4 -8 -11 -1 13 -13
right_child=-2 3 6 -5 5 -7 9 -9 -10 10 -12 12 -14 -15
leaf_value=-2.1061266522069216e-05 0.00043970388174837646 -0.0060658747717275106 0.006741764005795201 -0.0019093237181442577 0.014383294567365075 0.0028131530328058913 0.011729272469823901 0.002066426057873346 -0.010014256762412539 0.00074985314024184936 0.01301463325206988 0.0066901516710591137 0.010959517157649928 -0.011627227063840595
leaf_weight=157101.8004836645 10934.335248960182 336.48318226821721 57.111852589994669 4686.1864028386772 144.69160589016974 467.49411712959409 212.21530493348837 305.21690900065005 82.725282164290547 339.17083486542106 92.532271347939968 185.40406226366758 139.70899607427418 78.09636677056551
leaf_count=192204 13441 456 353 4247 114 669 346 407 95 489 229 659 219 186
internal_value=1.74053e-06 -2.7444e-05 1.47903e-05 -0.00115102 0.0016757 0.00573501 0.00469483 -0.00222549 -0.0031776 0.0064269 0.00361385 -8.79452e-06 0.00465552 0.00103461
internal_weight=175163 164229 158289 5940.07 1253.89 612.186 783.756 641.7 139.837 643.918 431.703 157505 403.209 263.5
internal_count=214114 200673 194780 5893 1646 783 1512 863 448 1064 718 193268 1064 845
is_linear=0
shrinkage=0.05


Tree=103
num_leaves=15
num_cat=0
split_feature=1 3 3 1 3 1 4 2 16 4 1 15 1 17
split_gain=0.870826 4.43168 5.94963 7.56293 8.9978 6.95183 6.20981 6.1017 6.05332 5.52558 7.69971 10.3972 4.94888 4.94589
threshold=0.0067797389347106227 0.0089687905274331587 1.0000000180025095e-35 0.012422839645296337 0.0070672258734703073 0.0069687257055193194 0.0078432578593492525 0.0085107926279306429 3.5000000000000004 0.009756329935044052 0.010050504934042694 0.016126951202750209 0.00766294775530696 0.014815627597272398
decision_type=2 2 2 2 2 2 2 2 2 2 2 2 2 2
left_child=-1 2 7 4 8 -6 -5 -2 9 10 11 12 -4 -7
right_child=1 -3 3 6 5 13 -8 -9 -10 -11 -12 -13 -14 -15
leaf_value=-7.6011624153053041e-05 0.00042166414435947959 -0.00050716889348785619 0.009143381522624271 0.008889605424479011 0.0081346443552262771 -0.0054182749562446389 0.0022744664732611513 -0.0016208731855185733 0.00084328583965212185 0.020251156037590836 -0.0029947224851244476 0.013167676884745794 -0.0034505503826283293 -0.00020107835975062625
leaf_weight=117815.94839073718 28428.209160512313 17294.270479172468 111.19887147471309 581.85277368873358 214.43052806705236 516.96216931566596 910.32015196606517 4185.9309206921607 936.54360869899392 59.00937182456255 207.57262150011957 392.26330152526498 209.42304269596934 3299.2375288903713
leaf_count=141273 41604 14985 191 1968 230 594 1965 3194 1569 337 534 753 258 4659
internal_value=1.76759e-06 0.000161545 0.00045034 0.00172533 0.00092285 -0.000419484 0.00489596 0.000159094 0.00373418 0.00646192 0.00536977 0.00781301 0.00106175 -0.000920141
internal_weight=175163 57347.2 40053 7438.81 5946.64 4030.63 1492.17 32614.1 1916.01 979.467 920.458 712.885 320.622 3816.2
internal_count=214114 72841 57856 13058 9125 5483 3933 44798 3642 2073 1736 1202 449 5253
is_linear=0
shrinkage=0.05


Tree=104
num_leaves=15
num_cat=0
split_feature=0 15 2 1 0 2 16 3 2 1 0 0 2 17
split_gain=0.903227 3.97184 4.76983 5.96569 6.25413 11.1838 4.79004 4.6321 5.38369 4.69155 4.75877 4.10087 4.06993 3.83432
threshold=0.009569597430527212 0.010050504934042694 0.0078432578593492525 0.011696306522935631 0.0098524559289217013 0.010929288342595102 3.5000000000000004 0.0073801742400974044 0.0080972984433174151 0.010362972505390646 0.013423423748463394 0.010050504934042694 0.009756329935044052 0.03637566231191159
decision_type=2 2 2 2 2 2 2 2 2 2 2 2 2 2
left_child=-1 -2 6 4 5 -4 -3 8 -6 10 -9 -10 -5 -14
right_child=1 2 3 12 7 -7 -8 9 11 -11 -12 -13 13 -15
leaf_value=-4.9411192134886992e-05 0.0034218936684099529 -9.1213657779192303e-05 0.00026339056154115126 0.0036973217118523105 0.01648934632903061 0.015838969595580676 -0.0025306430375647646 -0.0013934683784642069 -0.0074149477759050605 0.0038512013653239328 0.0018729868738889552 0.0029903323168879534 -0.0066906154319013467 -0.00050775522188716948
leaf_weight=145538.10368954577 947.15967250987887 11107.320504568517 257.73456069454551 544.30950942263007 62.263079030439258 198.97716789133847 2447.8193068280816 2930.3733553364873 89.032431973144412 854.57831452414393 1786.1822246368974 2531.0869761165231 252.62981644645333 5615.6023112367839
leaf_count=177341 1020 13545 427 560 196 408 2316 5442 234 463 3586 5038 79 3459
internal_value=1.81863e-06 0.000253425 0.000147623 0.000757885 0.00160925 0.00724323 -0.000533272 0.0012891 0.00299213 0.000465241 -0.000155101 0.00260991 -0.000399238 -0.000784859
internal_weight=175163 29625.1 28677.9 15122.8 8710.23 456.712 13555.1 8253.52 2682.38 5571.13 4716.56 2620.12 6412.54 5868.23
internal_count=214114 36773 35753 19892 15794 835 15861 14959 5468 9491 9028 5272 4098 3538
is_linear=0
shrinkage=0.05


Tree=105
num_leaves=15
num_cat=0
split_feature=1 4 2 3 2 3 0 2 2 2 2 2 3 15
split_gain=0.912797 3.46695 4.00603 6.9874 4.10663 3.1949 4.41503 3.50697 3.02031 4.88922 2.93163 6.76753 4.68143 4.595
threshold=0.014815627597272398 0.011428944766521456 0.012579114176332952 0.015038444194942715 0.015268065501004459 1.0000000180025095e-35 0.015268065501004459 0.0087337908335030096 1.0000000180025095e-35 0.011561079882085325 0.0063492704648524531 0.0069687257055193194 0.012579114176332952 0.03940397500991822
decision_type=2 2 2 2 2 2 2 2 2 2 2 2 2 2
left_child=-1 10 3 5 -4 7 8 -3 -7 -10 12 -12 13 -2
right_child=1 2 4 -5 -6 6 -8 -9 9 -11 11 -13 -14 -15
leaf_value=-1.7523348087585572e-05 0.00024941393327851451 0.0014791073904808344 -0.005065923507565317 0.010721174868631949 -0.00010547047569390369 -0.0013844201714494691 -0.0074832565560142908 -0.0099797164832706158 0.010348965778705822 -0.002908773146777812 0.016978668316064288 0.0026478756891417793 0.010066874841884914 -0.010332022034611676
leaf_weight=170285.44372411631 503.56628622859716 124.35184986144304 635.84217029437423 179.15481334552169 1179.9919708985835 171.11455177888274 91.453960875049233 128.77007048390806 238.09413774497807 91.470389461144805 78.856482097879052 1252.4982385095209 83.857491470873356 118.7067835945636
leaf_count=208135 1131 158 330 98 532 276 38 50 510 61 192 2301 184 118
internal_value=1.81259e-06 0.0006755 -0.000453674 0.00203422 -0.00186068 8.91589e-05 0.00209658 -0.00450804 0.0039587 0.00669199 0.00224409 0.00361694 -0.000358676 -0.00190062
internal_weight=175163 4877.73 2840.24 1024.41 1815.83 845.255 592.133 253.122 500.679 329.565 2037.49 1331.35 706.131 622.273
internal_count=214114 5979 2053 1191 862 1093 885 208 847 571 3926 2493 1433 1249
is_linear=0
shrinkage=0.05


Tree=106
num_leaves=15
num_cat=0
split_feature=0 3 4 4 15 2 3 4 2 0 3 15 3 4
split_gain=0.863409 3.86823 10.2151 1.62195 2.22668 3.59856 1.25227 1.00962 3.46232 3.44251 4.50849 2.72407 1.73819 3.53969
threshold=0.016261236742138866 0.015749008394777778 0.015038444194942715 0.010152545757591726 0.024907909333705906 0.0087337908335030096 0.0093025267124176043 0.016261236742138866 0.009756329935044052 0.015749008394777778 0.015268065501004459 0.042401300743222244 0.016001024283468727 0.0090499590151011961
decision_type=2 2 2 2 2 2 2 2 2 2 2 2 2 2
left_child=7 2 3 4 -2 -6 -7 12 11 10 -10 -9 -1 -14
right_child=1 -3 -4 -5 5 6 -8 8 9 -11 -12 -13 13 -15
leaf_value=-1.3418529355016324e-07 0.0092308994526121221 0.0050233079732247485 -0.016515214365488383 0.0084913966368540227 -0.011213685476753766 -0.0036569362473846396 0.0077700503558868848 0.0010011442573821872 0.0025588413133760253 0.0062344210805112352 -0.010906568708789517 0.015464959506605501 0.0013111052825155239 -0.0048043627522440218
leaf_weight=173000.79808536172 40.977292584255338 394.01622059196234 81.882291609421372 75.370815373957157 60.766847714781761 30.527492612600327 54.841981837525964 60.326032334938645 125.77339168079197 120.437270546332 107.33783903904259 64.681620515882969 414.32640353031456 531.1093354281038
leaf_count=210948 171 135 43 120 106 141 144 275 194 48 95 190 989 515
internal_value=1.76539e-06 0.00169644 -0.00214442 0.00278014 0.000165529 -0.00280484 0.00372886 -5.50544e-06 0.00226427 -0.000327686 -0.003835 0.00907619 -1.18798e-05 -0.00213866
internal_weight=175163 738.383 344.367 262.484 187.114 146.136 85.3695 174425 478.556 353.549 233.111 125.008 173946 945.436
internal_count=214114 860 725 682 562 391 285 213254 802 337 289 465 212452 1504
is_linear=0
shrinkage=0.05


Tree=107
num_leaves=15
num_cat=0
split_feature=17 15 4 3 17 3 4 2 15 2 4 17 2 0
split_gain=0.833906 2.25024 4.70791 4.67561 2.21598 6.3916 1.68592 5.68033 4.44613 1.67712 1.64991 2.06979 1.53047 1.3728
threshold=0.011299795936793091 0.014286078978329899 1.0000000180025095e-35 0.0063898416701704272 0.011428944766521456 0.0063092110212892303 1.0000000180025095e-35 0.0066007319837808618 0.0071175277698785075 0.0071685509756207475 0.0065574476029723891 0.010256679728627207 0.0063492704648524531 0.0064725596457719812
decision_type=2 2 2 2 2 2 2 2 2 2 2 2 2 2
left_child=1 6 3 -3 5 9 -1 8 -8 13 -10 -12 -4 -2
right_child=4 2 12 -5 -6 -7 7 -9 10 -11 11 -13 -14 -15
leaf_value=-9.2527361291417902e-05 -0.0021493676649793933 0.025501935863708983 0.0042183600027482218 0.00098849888140236405 3.483625519529851e-05 0.0076151783424102289 -0.00044511403749393404 0.0091416794113374552 -0.0059828755159263523 0.0032030843984151938 0.0038514562925735457 -0.0032264145234039924 -0.0050300567862743145 0.0017562788375155608
leaf_weight=29654.555856630206 653.03830520622432 33.820776330307126 81.101228184998035 36.490587200969458 137705.49458139203 364.90913810580969 4312.5089122094214 124.58047495409846 490.41661366075277 338.0671825800091 108.85453434661031 849.82296070829034 77.939116423949599 331.57265282794833
leaf_count=32592 676 80 132 134 174011 436 3787 125 342 330 103 886 94 386
internal_value=1.70563e-06 -0.000213621 0.00461843 0.014487 5.69727e-05 0.00185244 -0.000246094 -0.00101829 -0.00125343 0.000217361 -0.00363946 -0.00239128 -0.000343356 -0.000829687
internal_weight=175163 35770.1 229.352 70.3114 139393 1687.59 35540.7 5886.18 5761.6 1322.68 1449.09 958.677 159.04 984.611
internal_count=214114 38275 440 214 175839 1828 37835 5243 5118 1392 1331 989 226 1062
is_linear=0
shrinkage=0.05


Tree=108
num_leaves=15
num_cat=0
split_feature=1 4 2 3 2 3 0 2 2 2 4 3 2 2
split_gain=0.819812 3.11234 3.55226 6.32586 3.73842 2.90359 4.02283 3.19709 2.72952 4.42909 2.77347 2.88526 2.64291 6.19012
threshold=0.014815627597272398 0.011428944766521456 0.012579114176332952 0.015038444194942715 0.015268065501004459 1.0000000180025095e-35 0.015268065501004459 0.0087337908335030096 1.0000000180025095e-35 0.011561079882085325 0.015038444194942715 0.012422839645296337 0.0063492704648524531 0.0069687257055193194
decision_type=2 2 2 2 2 2 2 2 2 2 2 2 2 2
left_child=-1 12 3 5 -4 7 8 -3 -7 10 11 -10 -2 -14
right_child=1 2 4 -5 -6 6 -8 -9 9 -11 -12 -13 13 -15
leaf_value=-1.6591866436861881e-05 -0.00034483617128140855 0.0013978291383947234 -0.0048127676354095261 0.010178586321422926 -8.010469889439535e-05 -0.0013245677793636303 -0.0071669784197590904 -0.0095438940973329219 0.0056651347749570296 -0.0027837112850834637 0.0010188389548188206 0.019276198359077054 0.016208290332192909 0.0025033627478347198
leaf_weight=170285.44372411631 706.13056129403412 124.35184986144304 635.84217029437423 179.15481334552169 1179.9919708985835 171.11455177888274 91.453960875049233 128.77007048390806 86.619557876139879 91.470389461144805 67.397315422073007 84.077264446765184 78.856482097879052 1252.4982385095209
leaf_count=208135 1433 158 330 98 532 276 38 50 262 61 155 93 192 2301
internal_value=1.73277e-06 0.000640186 -0.000429683 0.00191308 -0.0017546 6.26517e-05 0.00197662 -0.00431969 0.00375443 0.00635286 0.00983365 0.0130651 0.00212639 0.00342989
internal_weight=175163 4877.73 2840.24 1024.41 1815.83 845.255 592.133 253.122 500.679 329.565 238.094 170.697 2037.49 1331.35
internal_count=214114 5979 2053 1191 862 1093 885 208 847 571 510 355 3926 2493
is_linear=0
shrinkage=0.05


Tree=109
num_leaves=15
num_cat=0
split_feature=0 2 17 15 2 1 0 2 4 4 3 3 2 1
split_gain=0.802179 3.84336 3.93688 3.61975 3.75399 5.41134 5.67783 10.1434 4.80467 5.45679 14.7185 4.20727 4.94158 4.23036
threshold=0.009569597430527212 0.012739370577037336 0.048809524625539787 0.009756329935044052 0.0078432578593492525 0.011696306522935631 0.0098524559289217013 0.010929288342595102 0.0068260179832577714 0.0063092110212892303 0.0085107926279306429 0.0073801742400974044 0.0080972984433174151 0.010362972505390646
decision_type=2 2 2 2 2 2 2 2 2 2 2 2 2 2
left_child=1 2 -1 -2 8 6 7 -6 9 -5 -11 12 -8 -13
right_child=3 -3 -4 4 5 -7 11 -9 -10 10 -12 13 -14 -15
leaf_value=-5.5496912573475593e-05 0.0048193484056989911 -0.001522420695519254 0.0012958972258394397 -5.8337094301027247e-05 0.00025069241352230549 -0.00038307493985800746 0.015778489383843491 0.015084085241700402 -0.0017753800246960935 0.013238524119573925 -0.0043831413853909658 -0.00014943988574171277 0.0024817291229596306 0.0036548520515680099
leaf_weight=135664.52784296125 415.13981898128986 4271.4059672877192 5602.1698792967945 9189.7330646403134 257.73456069454551 6412.5416371058673 62.263079030439258 198.97716789133847 4434.5547405779362 256.33539318293333 206.53646652400494 4716.5555799733847 2620.1194080896676 854.57831452414393
leaf_count=158810 426 6548 11983 11415 427 4098 196 408 4366 459 215 9028 5272 463
internal_value=1.73224e-06 -4.6547e-05 -1.81716e-06 0.000238848 0.000172121 0.000718973 0.00152982 0.00689794 -0.000415026 0.000211133 0.00544921 0.00122478 0.00284783 0.000439619
internal_weight=175163 145538 141267 29625.1 29209.9 15122.8 8710.23 456.712 14087.2 9652.6 462.872 8253.52 2682.38 5571.13
internal_count=214114 177341 170793 36773 36347 19892 15794 835 16455 12089 674 14959 5468 9491
is_linear=0
shrinkage=0.05


Tree=110
num_leaves=15
num_cat=0
split_feature=0 15 15 4 2 2 2 3 4 4 4 2 1 0
split_gain=0.810173 2.29217 6.42252 4.73084 5.69042 6.00344 4.98143 7.49593 5.96421 4.55221 14.966 4.18767 3.79998 5.35982
threshold=0.013423423748463394 0.048239050433039672 0.046242719516158111 0.013793759513646366 0.010362972505390646 0.012903762981295587 0.00766294775530696 0.012121656909585001 0.0081634009256958979 0.0079682543873786944 0.0070176301524043092 0.0090499590151011961 0.011173533275723459 0.013072453904896976
decision_type=2 2 2 2 2 2 2 2 2 2 2 2 2 2
left_child=1 2 -1 4 6 9 7 -3 -8 10 -6 -4 -7 -14
right_child=-2 3 11 -5 5 12 8 -9 -10 -11 -12 -13 13 -15
leaf_value=-9.515766228293626e-06 0.00044829814886890068 -0.0082278547110464471 -0.0015948117039893787 -0.0031040064489323699 -0.0055790434042835508 -0.0016281167385392193 -0.00381306358289647 0.0083383794351005926 0.0077807415874149438 -0.0044435977978032389 0.015101126622393789 0.0064803353941543579 0.0015771991738160044 0.012722127660919631
leaf_weight=158257.81097204238 9592.0559331476688 179.27103426121175 212.21504564769566 1814.2239086646587 236.55854191817343 849.41804311610758 131.35710229538381 97.284088227897882 557.94439403526485 1370.8411853797734 125.78101555258036 608.52877076156437 1018.5956403836608 111.2872453276068
leaf_count=194426 11766 136 540 2030 223 909 223 214 600 726 123 1018 1087 93
internal_value=1.78345e-06 -2.41101e-05 1.35009e-05 -0.000944246 -0.000101872 -0.000992595 0.0032969 -0.00231271 0.00554843 -0.00313279 0.00181255 0.00439833 0.000887799 0.00277689
internal_weight=175163 165571 159079 6492.56 4678.34 3712.48 965.857 276.555 689.301 1733.18 362.34 820.744 1979.3 1129.88
internal_count=214114 202348 195984 6364 4334 3161 1173 350 823 1072 346 1558 2089 1180
is_linear=0
shrinkage=0.05


Tree=111
num_leaves=15
num_cat=0
split_feature=1 3 3 1 3 4 17 1 2 4 1 2 17 15
split_gain=0.78417 4.09009 5.33343 6.70353 8.53555 7.59796 6.46666 10.8443 5.5769 5.35919 5.15418 5.00736 5.20002 4.99876
threshold=0.0067797389347106227 0.0089687905274331587 1.0000000180025095e-35 0.012903762981295587 0.0070672258734703073 0.0079682543873786944 0.014815627597272398 0.0073261056095361718 0.0085107926279306429 0.012579114176332952 0.014815627597272398 0.0067797389347106227 0.054093567654490478 0.037870651111006744
decision_type=2 2 2 2 2 2 2 2 2 2 2 2 2 2
left_child=-1 2 8 4 13 10 -6 -8 -2 -7 -5 -9 -13 -4
right_child=1 -3 3 5 6 9 7 11 -10 -11 -12 12 -14 -15
leaf_value=-7.2045041283405289e-05 0.00040609506276381187 -0.0004890423193435275 0.0051572143160238731 0.013851815768959634 -0.0052317282278216137 -0.0010875063928811541 0.0096519230172330776 0.0017860175193948257 -0.0015466294493341095 0.0078311084498143748 0.0029414782647852545 -0.002766285852965442 0.0081292765979161987 -0.00040487216614373302
leaf_weight=117815.94839073718 28428.209160512313 17294.270479172468 1461.9891804680228 295.52706833183765 567.68427767418325 510.53382865153253 285.05848049372435 1505.0291392169893 4185.9309206921607 239.92872883193195 177.81483829021454 1733.1592294275761 107.2655829321593 554.8236153293401
leaf_count=141273 41604 14985 3081 1020 680 785 372 2461 3194 905 721 1902 368 763
internal_value=1.76292e-06 0.000153382 0.000430825 0.00163799 0.000967927 0.00500541 -0.000317792 0.000462835 0.000155071 0.00182933 0.00989891 -0.000346577 -0.00209076 0.00363264
internal_weight=175163 57347.2 40053 7438.81 6215.01 1223.8 4198.2 3630.51 32614.1 750.463 473.342 3345.45 1840.42 2016.81
internal_count=214114 72841 57856 13058 9627 3431 5783 5103 44798 1690 1741 4731 2270 3844
is_linear=0
shrinkage=0.05


Tree=112
num_leaves=15
num_cat=0
split_feature=2 2 4 1 3 0 15 15 1 3 2 0 15 3
split_gain=0.788558 3.53712 3.40837 3.92552 3.62402 5.3192 3.65253 3.06906 4.12431 3.01298 2.58866 4.06663 8.19281 7.55421
threshold=0.015504807699471714 0.015749008394777778 0.015749008394777778 0.0082988981157541292 0.011561079882085325 0.0084389690309762972 0.023555526509881023 0.032192854210734374 0.0078432578593492525 0.012270400300621988 0.014599318150430919 0.015038444194942715 0.072719890624284758 0.015268065501004459
decision_type=2 2 2 2 2 2 2 2 2 2 2 2 2 2
left_child=2 7 10 4 6 -6 -4 -2 9 -9 -1 -12 13 -13
right_child=1 -3 3 -5 5 -7 -8 8 -10 -11 11 12 -14 -15
leaf_value=-6.1684210494692356e-06 -0.0045393300706597153 -0.00017976997892646076 0.0018224981406679997 0.00065865511462547335 -0.0089605202849827575 0.0097794006258036387 0.015113980472109424 0.0012639587640546649 0.0030641917973751745 0.018711318335208508 -0.0026547665964542109 0.010937126528171215 -0.0065257386508787282 -0.0049442441183897108
leaf_weight=168697.89576333202 86.142844958230853 2149.0723414104432 81.717793995514512 758.14767704904079 67.031681863591075 64.48328267224133 146.49714285321534 37.234063552692533 495.3800900913775 74.072512309998274 1982.4295758828521 256.19184335507452 169.46298574656248 97.413321688771248
leaf_count=205449 123 2567 149 1204 140 259 395 139 426 157 2588 384 61 73
internal_value=1.78369e-06 0.000826407 -1.18631e-05 0.00272774 0.00695267 0.000269639 0.0106309 0.00390559 0.00515885 0.0134602 -2.99096e-05 -0.00162205 0.00226832 0.00654638
internal_weight=175163 2841.9 172321 1117.88 359.73 131.515 228.215 692.83 606.687 111.307 171203 2505.5 523.068 353.605
internal_count=214114 3412 210702 2147 943 399 544 845 722 296 208555 3106 518 457
is_linear=0
shrinkage=0.05


Tree=113
num_leaves=15
num_cat=0
split_feature=3 4 15 2 1 3 1 4 15 2 0 3 2 1
split_gain=0.790947 2.39988 2.4068 3.61876 1.36013 0.910388 1.92444 6.27303 3.13447 3.16622 0.982437 0.932355 5.22699 3.65395
threshold=0.016261236742138866 0.016261236742138866 0.072719890624284758 0.014389234129339458 0.0074350468348711738 0.016001024283468727 0.016001024283468727 0.012903762981295587 0.03046728111803532 0.013606071937829258 0.014599318150430919 0.015038444194942715 0.015749008394777778 0.015504807699471714
decision_type=2 2 2 2 2 2 2 2 2 2 2 2 2 2
left_child=5 2 3 4 -2 11 7 8 -7 -10 -11 -1 -13 -14
right_child=1 -3 -4 -5 -6 6 -8 -9 9 10 -12 12 13 -15
leaf_value=-1.2280464202941473e-05 0.0018440789876031684 0.0056650844695626326 -0.0058134434843309562 0.0064370451344077 -0.0068194323627392313 -0.0085785334286349931 0.0016597232467323302 -0.010751580908920623 0.010367940869287164 0.002812130357015585 -0.0052037038572070541 0.0019141053560546625 0.00015257625567073876 -0.0088132326263241131
leaf_weight=171032.85032817535 70.521048994734883 236.28928642719984 135.31202696077526 187.18044635653496 101.34231949038804 56.95552865229547 256.29949505999684 178.10897852107882 91.293468553572893 67.128860017284751 66.706767544150352 2236.0692610628903 247.60660957731307 199.50849536806345
leaf_count=209043 169 114 37 378 170 96 77 173 288 195 28 3048 225 73
internal_value=1.79024e-06 0.00163228 -0.000369398 0.00178422 -0.00335859 -5.13257e-06 -0.00177142 -0.00367701 0.00100506 0.00369134 -0.00126716 2.25404e-06 0.000925325 -0.00395336
internal_weight=175163 730.645 494.356 359.044 171.863 174433 716.493 460.194 282.085 225.129 133.836 173716 2683.18 447.115
internal_count=214114 868 754 717 339 213246 857 780 607 511 223 212389 3346 298
is_linear=0
shrinkage=0.05


Tree=114
num_leaves=15
num_cat=0
split_feature=1 4 2 0 4 3 1 2 4 3 4 15 0 17
split_gain=0.780176 2.61727 3.11262 5.70056 5.88628 7.44612 4.23257 3.37182 2.58341 3.5093 2.97322 2.07211 3.72094 5.96166
threshold=0.014815627597272398 0.011428944766521456 0.012579114176332952 0.010582306887954475 0.013793759513646366 0.014389234129339458 0.015038444194942715 0.015268065501004459 0.010471491608768703 0.010811126790940763 0.010256679728627207 0.022463430650532249 0.0063092110212892303 0.069047622382640853
decision_type=2 2 2 2 2 2 2 2 2 2 2 2 2 2
left_child=-1 8 3 6 -5 -6 -3 -4 10 -10 11 -2 -13 -14
right_child=1 2 7 4 5 -7 -8 -9 9 -11 -12 12 13 -15
leaf_value=-1.6218683676267644e-05 -0.0026139774012359611 0.0078156230970916254 -0.004501419486175203 -0.0017465601956124814 0.0011811029717432124 0.015367234638799777 -0.0044153365947244474 -7.3848613234452172e-06 -0.00048022155197536762 0.012474832626232391 -0.0091491843710913481 0.005938078428688983 -0.0044548658428636102 0.0033909637934755317
leaf_weight=170285.44372411631 228.75477518700063 76.676640588790178 635.84217029437423 197.06173400394619 173.73289817385375 192.30670278705657 384.63179799728096 1179.9919708985835 87.408478315919638 117.4450313821435 55.059305097907782 493.92096353881061 358.5962207429111 696.3005076367408
leaf_count=208135 411 149 330 117 168 74 683 532 132 111 52 1089 669 1462
internal_value=1.65749e-06 0.000624485 -0.00035672 0.00183608 0.00517231 0.00884455 -0.00225967 -0.00159708 0.00198734 0.007182 0.00137085 0.00174606 0.00240266 0.000707104
internal_weight=175163 4877.73 2840.24 1024.41 563.101 366.04 461.308 1815.83 2037.49 204.854 1832.63 1777.57 1548.82 1054.9
internal_count=214114 5979 2053 1191 359 242 832 862 3926 243 3683 3631 3220 2131
is_linear=0
shrinkage=0.05


Tree=115
num_leaves=15
num_cat=0
split_feature=0 3 4 2 4 2 15 3 2 2 2 2 1 4
split_gain=0.737283 3.38864 9.04912 1.50753 3.54612 2.12417 3.91601 0.956025 3.10595 4.33753 2.91148 5.57942 2.81991 6.72151
threshold=0.016261236742138866 0.015749008394777778 0.015038444194942715 0.014815627597272398 0.0099504948593676108 0.012121656909585001 0.024907909333705906 0.015749008394777778 1.0000000180025095e-35 0.010471491608768703 0.01197647722437978 0.012903762981295587 0.016001024283468727 0.015268065501004459
decision_type=2 2 2 2 2 2 2 2 2 2 2 2 2 2
left_child=7 2 3 4 5 6 -2 -1 -9 -10 -11 -12 13 -13
right_child=1 -3 -4 -5 -6 -7 -8 8 9 10 11 12 -14 -15
leaf_value=6.6121235981788731e-06 0.0088448987443654741 0.0046815982793304827 -0.015552530449669736 -0.0048202924875734871 0.014841323444414535 0.0096413476353760449 -0.0083157880605584187 -0.0067449900649679739 0.0068228658994757985 -0.008336240137094211 0.010424138010308302 0.0006277587240888985 0.0025004530606097136 -0.0085430039219939035
leaf_weight=172708.4160571862 40.977292584255338 394.01622059196234 81.882291609421372 46.89391241595149 49.506697438657284 37.759844664484262 87.346683019772172 208.68292382918298 174.63049509935081 124.32103042118251 95.592259630560875 487.56603793986142 298.52455196343362 327.05662236735225
leaf_count=210834 171 135 43 99 89 82 241 373 484 170 118 821 174 280
internal_value=1.62827e-06 0.00156764 -0.00202684 0.00260843 0.00436633 0.000578383 -0.00259265 -5.09054e-06 -0.00117588 -0.000365679 -0.00135117 -0.000570233 -0.00159879 -0.00311309
internal_weight=175163 738.383 344.367 262.484 215.591 166.084 128.324 174425 1716.37 1507.69 1333.06 1208.74 1113.15 814.623
internal_count=214114 860 725 682 583 494 412 213254 2420 2047 1563 1393 1275 1101
is_linear=0
shrinkage=0.05


Tree=116
num_leaves=15
num_cat=0
split_feature=2 2 4 1 3 0 15 15 1 3 3 1 1 1
split_gain=0.743821 3.15754 3.07653 3.60155 3.27759 4.805 3.31603 2.7922 3.76184 2.7326 2.52637 4.33536 8.52303 4.60712
threshold=0.015504807699471714 0.015749008394777778 0.015749008394777778 0.0082988981157541292 0.011561079882085325 0.0084389690309762972 0.023555526509881023 0.032192854210734374 0.0078432578593492525 0.012270400300621988 0.014185110572725536 0.015749008394777778 0.013793759513646366 0.010050504934042694
decision_type=2 2 2 2 2 2 2 2 2 2 2 2 2 2
left_child=2 7 -1 4 6 -6 -4 -2 9 -9 11 12 13 -3
right_child=1 10 3 -5 5 -7 -8 8 -10 -11 -12 -13 -14 -15
leaf_value=-2.8835318381319292e-05 -0.0043425388817541124 0.0041710187833809975 0.0017422841000202896 0.00060957696313690456 -0.0084938837337103848 0.0093173380631011212 0.014407593867833505 0.0012162981943098384 0.0029072268349125 0.017835884838402986 -0.0014406760578971113 -0.0070654948400429539 0.017575926966642293 -0.0052435148895117363
leaf_weight=171203.39349000528 86.142844958230853 418.45652984268963 81.717793995514512 758.14767704904079 67.031681863591075 64.48328267224133 146.49714285321534 37.234063552692533 495.3800900913775 74.072512309998274 1367.8933852985501 101.97054192051291 83.826235318556428 176.92564903013408
leaf_count=208555 123 955 149 1204 140 259 395 139 426 157 1041 216 230 125
internal_value=1.5642e-06 0.000802454 -1.16898e-05 0.00259113 0.00663791 0.000280449 0.010136 0.00371172 0.00490721 0.0128349 -0.0001483 0.00210434 0.00356356 0.00133296
internal_weight=175163 2841.9 172321 1117.88 359.73 131.515 228.215 692.83 606.687 111.307 2149.07 781.179 679.208 595.382
internal_count=214114 3412 210702 2147 943 399 544 845 722 296 2567 1526 1310 1080
is_linear=0
shrinkage=0.05


Tree=117
num_leaves=15
num_cat=0
split_feature=1 4 4 0 2 17 1 0 2 3 3 4 2 2
split_gain=0.700824 2.3541 2.88233 7.08622 3.23038 2.84859 3.70875 4.27081 8.61917 3.43164 3.40097 3.26807 3.26231 3.09872
threshold=0.014815627597272398 0.011428944766521456 0.012739370577037336 0.015038444194942715 0.011561079882085325 0.064583335071802153 0.015749008394777778 0.0088107436895370501 0.012579114176332952 0.013986697886139156 0.015504807699471714 0.015749008394777778 0.009569597430527212 0.0098524559289217013
decision_type=2 2 2 2 2 2 2 2 2 2 2 2 2 2
left_child=-1 -2 3 4 -3 9 -7 12 -9 13 11 -10 -8 -4
right_child=1 2 5 -5 -6 6 7 8 10 -11 -12 -13 -14 -15
leaf_value=-1.5333516052174135e-05 0.0018844392853894117 0.0088801318640576721 0.0069065540899202879 -0.012574674362489142 -0.0038179544319958086 -0.0026068073182747694 0.0023339694534988127 0.012340467355963908 0.0012427515445653365 0.010443420111733909 0.0024121703468470211 -0.010546413520530842 -0.011767555309073134 -0.0052773909142716201
leaf_weight=170285.44372411631 2037.4852819014341 79.828104568645358 84.28602141328156 144.46770505420864 104.25887199118733 1016.4491034690291 65.320921534672379 178.74899019300938 114.07525498978794 131.89814061671495 618.00040254928172 107.29716129601002 88.734289571642876 106.87894749641418
leaf_count=208135 3926 162 175 36 81 662 191 178 155 42 181 61 61 68
internal_value=1.60918e-06 0.000591914 -0.000338654 -0.00466965 0.00186231 0.000244155 -0.000409617 0.0015016 0.0026857 0.00455252 0.00050858 -0.0046802 -0.00601056 0.000170883
internal_weight=175163 4877.73 2840.24 328.555 184.087 2511.69 2188.63 1172.18 1018.12 323.063 839.373 221.372 154.055 191.165
internal_count=214114 5979 2053 279 243 1774 1489 827 575 285 397 216 252 243
is_linear=0
shrinkage=0.05


Tree=118
num_leaves=15
num_cat=0
split_feature=2 15 3 3 4 0 4 1 4 15 1 4 15 3
split_gain=0.700185 3.02824 5.20084 6.7063 6.11919 4.1841 7.41457 4.68674 4.11405 4.06117 6.3556 2.76291 3.46698 3.35716
threshold=0.015504807699471714 0.026929967105388645 0.0066445916891098031 0.011299795936793091 0.010256679728627207 0.015038444194942715 0.0081634009256958979 0.0093898782506585139 0.01183473411947489 0.032498545944690711 0.015749008394777778 0.015749008394777778 0.038611378520727165 0.0093898782506585139
decision_type=2 2 2 2 2 2 2 2 2 2 2 2 2 2
left_child=11 -2 4 -4 -3 6 9 8 -8 -5 -11 -1 -13 -14
right_child=1 2 3 5 -6 -7 7 -9 -10 10 -12 12 13 -15
leaf_value=-2.7579199113604116e-05 0.009228790952150968 -0.01451258575817448 0.0083555954826420135 -0.0049276827542766135 0.0018158359833723649 0.001912137308639992 -0.0085787970102147726 -0.0079644438736598232 0.0080966268978866201 0.012191435397618838 -0.0087021681490712394 0.007689166240920248 -0.0044126447114359625 0.0026989170107680708
leaf_weight=171203.39349000528 92.249551897868514 110.55596403777599 273.54642100632191 79.716188987717032 105.70706826448441 1378.6135523580015 47.872013853862882 461.58072248660028 93.839765006676316 159.64556303247809 38.575041390955448 237.30103232339025 209.7671805806458 670.809365529567
leaf_count=208555 210 178 845 91 107 652 135 362 213 523 96 712 463 972
internal_value=1.52827e-06 0.000778571 0.000462656 0.00110728 -0.00680391 0.000196949 -0.00247768 -0.00556276 0.0022693 0.00417947 0.00790275 -1.13311e-05 0.00245526 0.000974305
internal_weight=175163 2841.9 2749.65 2533.39 216.263 2259.84 881.229 603.293 141.712 277.937 198.221 172321 1117.88 880.577
internal_count=214114 3412 3202 2917 285 2072 1420 710 348 710 619 210702 2147 1435
is_linear=0
shrinkage=0.05


Tree=119
num_leaves=15
num_cat=0
split_feature=17 4 15 3 3 4 2 3 17 0 0 3 1 0
split_gain=0.678113 2.7564 2.7786 5.68225 3.31651 4.06592 3.46609 3.19622 2.9419 3.0222 6.32222 4.11574 2.67627 2.52705
threshold=0.012270400300621988 0.0064309346489608296 0.013333629816770555 0.007272823480889202 1.0000000180025095e-35 0.0062696540262550124 0.0063898416701704272 0.0063492704648524531 0.010582306887954475 0.0071685509756207475 0.0066007319837808618 0.0070672258734703073 0.0063092110212892303 0.0069687257055193194
decision_type=2 2 2 2 2 2 2 2 2 2 2 2 2 2
left_child=1 2 -1 4 5 6 13 -6 -9 10 11 -10 -3 -4
right_child=-2 12 3 -5 7 -7 -8 8 9 -11 -12 -13 -14 -15
leaf_value=-0.00010451148407007217 6.1505437306694317e-05 -0.00074102417400366462 -0.00058145892885301119 -0.0030090532797596818 0.016178900035771424 0.0084651710602674374 -0.0024135281259342937 -0.0024724361344755945 0.0080206037130088528 -0.0020393973338226246 0.017472469103390922 -0.0026433577288505171 -0.0039350320061180485 0.0079406159597814503
leaf_weight=38257.767995020375 127621.23689964227 6223.301324037835 164.71812604740262 501.08933882787824 55.331948610022664 151.97284012287855 591.06510690972209 122.37467207200825 234.5218331515789 96.09253279492259 110.63149404898286 137.31780963018537 724.38220753148198 171.36879231408238
leaf_count=40558 163183 6263 249 499 120 125 773 233 435 173 194 238 719 352
internal_value=1.46003e-06 -0.000159704 -2.10353e-06 0.00166803 0.00295433 0.001156 -0.000119617 0.0054718 0.0044109 0.00588409 0.00747156 0.00411639 -0.00107922 0.00386778
internal_weight=175163 47541.9 40594.3 2336.48 1835.4 1079.12 927.152 756.27 700.938 578.564 482.471 371.84 6947.68 336.087
internal_count=214114 50931 43949 3391 2892 1499 1374 1393 1273 1040 867 673 6982 601
is_linear=0
shrinkage=0.05


end of trees

feature_importances:
Column_1=265
Column_4=260
Column_2=257
Column_15=252
Column_3=229
Column_0=216
Column_17=169
Column_16=29
Column_6=2
Column_8=1

parameters:
[boosting: gbdt]
[objective: regression]
[metric: l2]
[tree_learner: serial]
[device_type: cpu]
[data_sample_strategy: bagging]
[data: ]
[valid: ]
[num_iterations: 120]
[learning_rate: 0.05]
[num_leaves: 15]
[num_threads: 2]
[seed: 20260928]
[deterministic: 1]
[force_col_wise: 1]
[force_row_wise: 0]
[histogram_pool_size: -1]
[max_depth: -1]
[min_data_in_leaf: 100]
[min_sum_hessian_in_leaf: 0.001]
[bagging_fraction: 1]
[pos_bagging_fraction: 1]
[neg_bagging_fraction: 1]
[bagging_freq: 0]
[bagging_seed: 8287]
[bagging_by_query: 0]
[feature_fraction: 1]
[feature_fraction_bynode: 1]
[feature_fraction_seed: 24490]
[extra_trees: 0]
[extra_seed: 6370]
[early_stopping_round: 0]
[early_stopping_min_delta: 0]
[first_metric_only: 0]
[max_delta_step: 0]
[lambda_l1: 0]
[lambda_l2: 10]
[linear_lambda: 0]
[min_gain_to_split: 0]
[drop_rate: 0.1]
[max_drop: 50]
[skip_drop: 0.5]
[xgboost_dart_mode: 0]
[uniform_drop: 0]
[drop_seed: 1862]
[top_rate: 0.2]
[other_rate: 0.1]
[min_data_per_group: 100]
[max_cat_threshold: 32]
[cat_l2: 10]
[cat_smooth: 10]
[max_cat_to_onehot: 4]
[top_k: 20]
[monotone_constraints: ]
[monotone_constraints_method: basic]
[monotone_penalty: 0]
[feature_contri: ]
[forcedsplits_filename: ]
[refit_decay_rate: 0.9]
[cegb_tradeoff: 1]
[cegb_penalty_split: 0]
[cegb_penalty_feature_lazy: ]
[cegb_penalty_feature_coupled: ]
[path_smooth: 0]
[interaction_constraints: ]
[verbosity: -1]
[saved_feature_importance_type: 0]
[use_quantized_grad: 0]
[num_grad_quant_bins: 4]
[quant_train_renew_leaf: 0]
[stochastic_rounding: 1]
[linear_tree: 0]
[max_bin: 255]
[max_bin_by_feature: ]
[min_data_in_bin: 3]
[bin_construct_sample_cnt: 234419]
[data_random_seed: 5112]
[is_enable_sparse: 1]
[enable_bundle: 1]
[use_missing: 1]
[zero_as_missing: 0]
[feature_pre_filter: 1]
[pre_partition: 0]
[two_round: 0]
[header: 0]
[label_column: ]
[weight_column: ]
[group_column: ]
[ignore_column: ]
[categorical_feature: ]
[forcedbins_filename: ]
[precise_float_parser: 0]
[parser_config_file: ]
[objective_seed: 23271]
[num_class: 1]
[is_unbalance: 0]
[scale_pos_weight: 1]
[sigmoid: 1]
[boost_from_average: 1]
[reg_sqrt: 0]
[alpha: 0.9]
[fair_c: 1]
[poisson_max_delta_step: 0.7]
[tweedie_variance_power: 1.5]
[lambdarank_truncation_level: 30]
[lambdarank_norm: 1]
[label_gain: ]
[lambdarank_position_bias_regularization: 0]
[eval_at: ]
[multi_error_top_k: 1]
[auc_mu_weights: ]
[num_machines: 1]
[local_listen_port: 12400]
[time_out: 120]
[machine_list_filename: ]
[machines: ]
[gpu_platform_id: -1]
[gpu_device_id: -1]
[gpu_device_id_list: ]
[gpu_use_dp: 0]
[num_gpu: 1]

end of parameters

pandas_categorical:null
