tree
version=v4
num_class=1
num_tree_per_iteration=1
label_index=0
max_feature_idx=56
objective=lambdarank
feature_names=Column_0 Column_1 Column_2 Column_3 Column_4 Column_5 Column_6 Column_7 Column_8 Column_9 Column_10 Column_11 Column_12 Column_13 Column_14 Column_15 Column_16 Column_17 Column_18 Column_19 Column_20 Column_21 Column_22 Column_23 Column_24 Column_25 Column_26 Column_27 Column_28 Column_29 Column_30 Column_31 Column_32 Column_33 Column_34 Column_35 Column_36 Column_37 Column_38 Column_39 Column_40 Column_41 Column_42 Column_43 Column_44 Column_45 Column_46 Column_47 Column_48 Column_49 Column_50 Column_51 Column_52 Column_53 Column_54 Column_55 Column_56
feature_infos=[0:0.016393441706895828] [0:0.016393441706895828] [0:0.016393441706895828] [0:0.016393441706895828] [0:0.016393441706895828] [0:1] [0:1] [0:1] [0:1] [0:1] [0:1] [0:1] [0:1] [0:1] [0:1] [0.0062500000931322575:0.081967204809188843] [1:5] [0.0090909088030457497:0.090909093618392944] [2.7080502510070801:6.7638850212097168] [1.1257341611781158e-05:0.89373320341110229] [9.5932373156415451e-09:0.018556466326117516] [0.01666666753590107:0.96222221851348877] [6.3297209739685059:6.8023948669433594] [0:6.6174030303955078] [1.2969720046385191e-05:0.99161362648010254] [2.6631193250636898e-08:0.13196848332881927] [0.024000000208616257:0.99072849750518799] [2.4849066734313965:6.6253924369812012] [0:6.5971455574035645] [3.0856979719828814e-05:0.99558615684509277] [2.9583818061951206e-08:0.14454133808612823] [0.008310249075293541:0.99727892875671387] [0:6.5985088348388672] [0:2.8903717994689941] [0.000375822011847049:0.90878158807754517] [5.9892062154176529e-07:0.1319631040096283] [0.090909093618392944:0.94736844301223755] [0:2.8903717994689941] [0:1.9459100961685181] [0.00077403441537171602:0.89357852935791016] [6.9874073460596264e-07:0.12721249461174011] [0.20000000298023224:0.875] [0:1.9459100961685181] [0:6.6106958389282227] [1.3591493370768148e-05:0.99270373582839966] [2.919414754387617e-08:0.18394508957862854] [0.0095238098874688148:0.99331551790237427] [0:6.6160650253295898] [0:1.0000005960464478] [0:1.0000004768371582] [0:0.22664757072925568] [0:1] [0:1] [0:1] [0:1] [0:1] [0:1]
tree_sizes=1789 1778 1793 1793 1795 1782 1798 1784 1788 1788 1787 1779 1784 1787 1782 1789 1790 1791 1789 1790 1782 1790 1789 1781 1785 1787 1783 1777 1789 1780 1805 1784 1793 1801 1787 1801 1780 1777 1785 1774 1793 1789 1781 1794 1779 1797 1781 1787 1797 1797 1784 1787 1787 1796 1794 1790 1787 1803 1800 1801 1802 1786 1787 1789 1790 1788 1782 1805 1781 1791 1797 1778 1796 1799 1793 1791 1795 1790 1786 1804 1802 1805 1797 1802 1806 1784 1788 1785 1783 1793 1787 1792 1798 1798 1792 1817 1806 1798 1808 1781 1812 1781 1801 1795 1797 1814 1796 1799 1804 1792 1807 1796 1790 1775 1780 1775 1790 1810 1799 1818

Tree=0
num_leaves=15
num_cat=0
split_feature=15 24 44 0 0 43 1 26 31 26 1 49 34 30
split_gain=679.917 245.539 90.3711 85.2482 50.9948 39.5295 39.2301 33.6629 33.7775 31.1205 29.2004 29.0396 24.5842 19.4783
threshold=0.031600331887602813 0.83773332834243786 0.057414935901761062 0.0087337908335030096 0.014815627597272398 2.6020033359527592 0.012739370577037336 0.84313055872917186 0.58854165673255932 0.70064935088157665 0.010811126790940763 0.46430180966854101 0.26329767704010015 8.0734091056910994e-07
decision_type=2 2 2 2 2 2 2 2 2 2 2 2 2 2
left_child=1 2 3 6 10 -5 12 8 -4 -10 -2 -9 -1 -7
right_child=4 -3 7 5 -6 13 -8 11 9 -11 -12 -13 -14 -15
leaf_value=-0.056437445267939174 0.017499546753579707 0.036605570675890771 -0.036618646091257895 0.049786849631545491 0.076804371646142844 0.016654343278022329 0.021372162951555897 -0.048075563239216065 -0.019254970492829742 0.010482178006342649 0.050049263092349673 -0.0073215906519774575 0.023703893574163259 -0.040778894647702985
leaf_weight=394.54230482198182 126.58903098840165 162.73842109372436 67.363072306679896 23.000224005594646 138.74639107995608 17.181234509393107 12.584052300182519 104.64449656447687 127.3744302848645 234.69767227351258 197.0005919016694 77.373135834484856 4.6708863744715918 27.479559492698172
leaf_count=15693 21001 102965 6363 254 4218 494 390 16081 3307 5523 11963 24869 56 937
internal_value=-2.92778e-10 -0.019131 -0.0277025 -0.0437905 0.0511815 0.00730467 -0.0521599 -0.0145858 -0.00662921 -0.000215485 0.038222 -0.0320351 -0.0549434 -0.0196794
internal_weight=1715.99 1253.65 1090.91 479.458 462.336 67.661 411.797 611.453 429.435 362.072 323.59 182.018 399.213 44.6608
internal_count=214114 176932 73967 17824 37182 1685 16139 56143 15193 8830 32964 40950 15749 1431
is_linear=0
shrinkage=0.05


Tree=1
num_leaves=15
num_cat=0
split_feature=17 15 49 34 49 0 47 21 2 43 48 24 39 48
split_gain=1440.61 414.605 266.421 119.839 118.67 83.1338 76.2563 63.8419 62.2009 58.9051 45.8662 41.4459 55.9786 41.3658
threshold=0.069047622382640853 0.021832264959812168 0.033825969323515899 0.0051866155117750177 0.62136349081993114 0.016261236742138866 3.7461014986038212 0.93878683447837841 0.0093025267124176043 1.7776740193367007 0.63902088999748241 0.18808082491159442 0.014025075826793911 0.737686187028885
decision_type=2 2 2 2 2 2 2 2 2 2 2 2 2 2
left_child=1 2 -1 -3 6 9 10 8 -5 -2 -4 12 -10 -11
right_child=5 3 4 7 -6 -7 -8 -9 11 13 -12 -13 -14 -15
leaf_value=-0.061888339926101536 -0.026298205758771294 -0.051770506532915275 0.031919862237627189 0.0020577441520913077 0.0073392056613364983 0.079884628936140109 -0.0428828912026257 -0.0036832305460911528 -0.0079837805534664578 0.061773919167101593 -0.018547204601660868 0.0078205252494759694 0.05529147407176415 0.032989013408193497
leaf_weight=530.55003984862265 22.288955336320441 73.47338500840101 41.635463405487826 259.92894065889908 307.13699579198021 262.64284537280969 443.87376973031667 457.09205669842777 38.943029423509898 278.94716407712366 385.3563842982694 110.72599473800759 205.47036499199112 308.69154884151732
leaf_count=18667 43 605 915 30173 92723 860 25723 3829 261 898 7704 19659 974 11080
internal_value=5.53553e-10 -0.0172103 -0.0327451 0.00604053 -0.0192091 0.0558523 -0.0285492 0.010444 0.0208337 0.0443819 -0.0130084 0.0341433 0.0452921 0.047458
internal_weight=3726.76 2854.19 1708.55 1145.63 1178 872.571 870.866 1072.16 615.068 609.928 426.992 355.139 244.413 587.639
internal_count=214114 201233 145732 55501 127065 12881 34342 54896 51067 12021 8619 20894 1235 11978
is_linear=0
shrinkage=0.05


Tree=2
num_leaves=15
num_cat=0
split_feature=17 15 49 49 0 39 17 21 47 48 2 3 42 24
split_gain=1354.79 388.319 235.638 110.618 82.8081 82.344 63.3609 62.5621 56.7531 48.841 46.6962 45.4192 44.1026 43.9189
threshold=0.064583335071802153 0.021832264959812168 0.033825969323515899 0.62136349081993114 0.015038444194942715 0.016219548881053928 0.024695121683180336 0.93767386674880993 3.7461014986038212 0.63902088999748241 0.0078432578593492525 0.015268065501004459 1.0000000180025095e-35 0.18808082491159442
decision_type=2 2 2 2 2 2 2 2 2 2 2 2 2 2
left_child=1 2 -1 8 -2 -3 -7 10 9 -4 -8 -6 -10 -12
right_child=4 5 3 -5 11 6 7 -9 12 -11 13 -13 -14 -15
leaf_value=-0.063528889500453933 0.027870882907651575 -0.022633460454123171 0.025870126905155839 0.0043607343290586595 0.038894498935744377 -0.015636739873546475 0.00010778043888274295 -0.00046287763278703582 -0.052985235947792891 -0.023803359079183881 0.053777236224655051 0.07126285416998572 -0.008284944250936576 0.013063178430395582
leaf_weight=469.93864700881409 288.63775515511315 196.00356211071266 48.602589229121747 304.4533749333068 203.67385134414053 150.68090834477266 92.365577145466887 244.35754108562833 304.02263231326293 365.90321902395226 202.44504856453796 432.74182557885069 71.966251043602824 107.89526717346143
leaf_count=18645 11371 2013 913 92387 3777 13686 13994 2426 25168 7685 819 690 513 20027
internal_value=-4.37161e-11 -0.018759 -0.0342044 -0.0211576 0.0515319 0.00566177 0.012808 0.019569 -0.0309176 -0.0175067 0.0314409 0.0616659 -0.0448657 0.0404719
internal_weight=3483.69 2558.63 1564.89 1094.95 925.053 993.748 797.744 647.063 790.495 414.506 402.706 636.416 375.989 310.34
internal_count=214114 198276 145311 126666 15838 52965 50952 37266 34279 8598 34840 4467 25681 20846
is_linear=0
shrinkage=0.05


Tree=3
num_leaves=15
num_cat=0
split_feature=17 0 44 0 49 1 34 19 39 19 28 2 15 3
split_gain=1150.18 243.24 197.453 134.169 105.568 69.5844 62.4365 61.4459 54.3374 53.3184 46.0199 47.6503 62.2755 37.7647
threshold=0.037749288603663451 0.015268065501004459 0.37595736980438238 0.009569597430527212 0.033825969323515899 0.011050061322748663 0.059924498200416572 0.029015605337917808 0.026246787980198864 0.71794432401657116 6.5841002464294442 0.0082305916585028189 0.0084389690309762972 0.0096620614640414732
decision_type=2 2 2 2 2 2 2 2 2 2 2 2 2 2
left_child=2 6 3 4 -1 9 -2 8 -5 -4 11 -6 -13 -9
right_child=1 -3 5 7 10 -7 -8 13 -10 -11 -12 12 -14 -15
leaf_value=-0.059816063683931567 -0.0025524590273209042 0.059260020374488902 -0.03870498593275154 -0.00050203088315601966 -0.037318009689630373 0.043683693426993186 0.026430908000080668 -0.048665262326237482 0.065329393776298761 0.00183200559441438 0.044250790522830818 0.054869609187675007 -0.020220489269245766 0.011151927577070488
leaf_weight=471.21366191862512 277.15970520487656 573.46612141380274 92.117571938300898 88.010640489561411 534.61736138198376 70.218287096880431 543.83869574987136 62.157004605725433 38.555219540336111 390.54284639560547 12.769786505203227 24.844234542808408 124.00548158847437 36.620762156681849
leaf_count=16843 2683 4254 39234 993 17688 7741 39214 1315 61 81427 41 109 2245 266
internal_value=2.22783e-10 0.0345197 -0.0247903 -0.0347644 -0.0415292 0.000507336 0.0167335 0.000557697 0.0228672 -0.00653323 -0.0284808 -0.0304583 -0.00502215 -0.0275022
internal_weight=3340.14 1394.46 1945.67 1392.79 1167.45 552.879 820.998 225.344 126.566 482.66 696.237 683.467 148.85 98.7778
internal_count=214114 46151 167963 39561 36926 128402 41897 2635 1054 120661 20083 20042 2354 1581
is_linear=0
shrinkage=0.05


Tree=4
num_leaves=15
num_cat=0
split_feature=17 3 49 44 0 15 21 15 15 17 36 44 19 24
split_gain=1052.83 263.233 187.156 74.7156 64.1234 63.3683 51.9502 45.173 43.0164 56.3025 54.3761 37.1214 32.978 31.6982
threshold=0.028991596773266796 0.015268065501004459 0.033825969323515899 0.44988374412059789 0.0077221228275448093 0.03752135485410691 0.9388549029827119 0.025487095117568973 0.0082305916585028189 0.014185110572725536 0.74342104792594921 0.0811784863471985 0.71952438354492199 0.19811160862445834
decision_type=2 2 2 2 2 2 2 2 2 2 2 2 2 2
left_child=2 4 -1 8 7 12 -6 11 -4 10 -10 -2 -5 -8
right_child=1 -3 3 5 6 -7 13 -9 9 -11 -12 -13 -14 -15
leaf_value=-0.05589423192761659 -0.049767685812961066 0.058157090977678842 -0.043707137914789376 -0.038292559893325771 0.032441897832152865 0.056552916081445519 -0.0047104663122409345 0.01299389576669085 -0.027372336519670856 -0.026546926581759125 0.043033616364609478 -0.0030833240638945825 0.00066226403033287236 0.031540626293365535
leaf_weight=466.74849398606102 57.205278073642376 484.67159091810208 252.63276025329139 57.456661392763635 493.0852639046625 34.35638755208879 209.82300446752924 222.81852704610651 37.276769365553207 350.99006363996108 57.862365864594267 120.1720514983981 277.53474226752724 73.512968541064765
leaf_count=18362 1674 4239 11162 33820 27622 1703 1476 13879 1387 10337 446 16699 70699 609
internal_value=6.36722e-10 0.0275042 -0.0297551 -0.0179203 0.014494 0.00030531 0.0227863 -0.0017572 -0.0274222 -0.0174444 0.015468 -0.0199918 -0.00693543 0.00544966
internal_weight=3196.15 1661.29 1534.86 1068.11 1176.62 369.348 776.421 400.196 698.762 446.129 95.1391 177.377 334.991 283.336
internal_count=214114 66198 147916 129554 61959 106222 29707 32252 23332 12170 1833 18373 104519 2085
is_linear=0
shrinkage=0.05


Tree=5
num_leaves=15
num_cat=0
split_feature=15 0 0 49 49 43 48 24 34 1 46 1 26 31
split_gain=944.315 182.513 180.564 164.388 79.9257 77.3398 58.8652 44.6095 42.8256 46.0795 37.6913 36.542 35.8226 33.7714
threshold=0.031600331887602813 0.011173533275723459 0.015504807699471714 0.033825969323515899 0.64047148823738109 2.5249279737472539 0.63902088999748241 0.031019673682749275 0.059924498200416572 0.010811126790940763 0.88071423768997203 0.011428944766521456 0.84313055872917186 0.75378787517547619
decision_type=2 2 2 2 2 2 2 2 2 2 2 2 2 2
left_child=1 3 8 -1 6 -3 7 -5 -2 12 -7 13 -10 -11
right_child=2 5 -4 4 -6 10 -8 -9 9 11 -12 -13 -14 -15
leaf_value=-0.054060275441343779 0.0026060295178572113 0.065177119106618484 0.055865621122153132 0.04934012102931308 0.0047598270204865824 -0.025275781142071182 -0.03231851333868753 -0.012165009301277474 -0.010651074573614354 0.071697705780912571 0.027901881022385812 0.024713576575435828 0.028281455057065898 -0.0062216470651186582
leaf_weight=474.29515720206768 316.9369610329378 58.900170066161024 468.39593358919956 28.963686470328071 269.40783141739712 64.72917434887745 689.07000892748715 111.5044469118144 123.48563645831018 86.746801452245563 50.165497994417194 263.23957787791005 96.995047387150521 14.468449959998905
leaf_count=20133 2281 166 2467 118 108542 1091 34899 3422 1397 92 8561 10484 19594 867
internal_value=-7.98956e-10 -0.0243132 0.0309499 -0.0296858 -0.0187733 0.0232901 -0.0263818 0.00295325 0.0175389 0.0254502 -0.00168228 0.0361513 0.00696028 0.0610014
internal_weight=3117.3 1747.04 1370.27 1573.24 1098.95 173.795 829.538 140.468 901.872 584.936 114.895 364.455 220.481 101.215
internal_count=214114 176932 37182 167114 146981 9818 38439 3540 34715 32434 9652 11443 20991 959
is_linear=0
shrinkage=0.05


Tree=6
num_leaves=15
num_cat=0
split_feature=17 17 44 1 34 49 0 46 15 17 29 24 3 19
split_gain=858.566 234.941 152.682 73.4009 64.6344 56.9364 50.7669 40.9189 39.843 46.8262 44.7021 35.7166 35.1497 30.1899
threshold=0.028991596773266796 0.080128207802772536 0.37595736980438238 0.011050061322748663 0.0091624571941792982 0.033825969323515899 0.0093898782506585139 0.72638148069381725 0.0082305916585028189 0.014185110572725536 0.052833313122391708 0.94180285930633556 0.014185110572725536 0.74263298511505138
decision_type=2 2 2 2 2 2 2 2 2 2 2 2 2 2
left_child=2 4 5 13 -2 -1 12 -8 -7 10 -10 -9 -6 -4
right_child=1 -3 3 -5 6 8 7 11 9 -11 -12 -13 -14 -15
leaf_value=-0.052129462417474876 -0.021617441476563248 0.051735295860835397 -0.034035691704947975 0.050376731388232211 -0.005642263386279915 -0.044643333136360756 0.037555983213701433 0.00042406287300792876 0.046523686386113865 -0.026497993561282331 -0.017643544815882425 0.039640786365086458 0.034387702878729075 -0.0010393215072402669
leaf_weight=426.90523642400854 122.86917755854415 534.99149989787838 85.091238401272335 48.825420748081797 314.39178793473053 213.56801938936655 296.71065182733656 219.86826504802337 40.967759938170275 311.45757294582177 49.813138465123984 68.998619419478928 56.00778793972853 258.26545789694148
leaf_count=16627 1462 6983 46331 3120 31966 9558 1742 7494 265 8690 1245 12993 3558 62080
internal_value=1.31297e-10 0.0249473 -0.028037 -0.00137221 0.0113103 -0.0379577 0.0157223 0.0247623 -0.0274572 -0.0174707 0.013057 0.0108043 0.0011555 -0.00994833
internal_weight=3048.73 1613.84 1434.89 392.182 1078.85 1042.71 955.977 585.578 615.806 402.238 90.7809 288.867 370.4 343.357
internal_count=214114 66198 147916 111531 59215 36385 57753 22229 19758 10200 1510 20487 35524 108411
is_linear=0
shrinkage=0.05


Tree=7
num_leaves=15
num_cat=0
split_feature=15 0 0 24 49 43 34 48 24 1 26 15 44 1
split_gain=774.416 153.999 150.783 135.196 65.039 60.9354 46.7367 42.5736 41.2034 40.8891 33.6637 31.0026 29.4562 29.4411
threshold=0.031600331887602813 0.011173533275723459 0.015268065501004459 0.83773332834243786 0.033825969323515899 0.89587974548339855 0.07294540107250215 0.63902088999748241 0.031019673682749275 0.010811126790940763 0.84313055872917186 0.011561079882085325 0.37595736980438238 0.011428944766521456
decision_type=2 2 2 2 2 2 2 2 2 2 2 2 2 2
left_child=1 3 6 4 -1 -3 -2 8 -6 10 -8 -9 -7 -11
right_child=2 5 -4 -5 7 12 9 11 -10 13 -12 -13 -14 -15
leaf_value=-0.049837996542069281 -0.00073686077686259356 0.062923571567044242 0.050403795754635307 0.0038087282342413511 0.044219407446453245 -0.017286202875946188 -0.012851477138536566 -0.040403377789367756 -0.015077636754667882 0.05744336506865725 0.026740513767166865 -0.017527628892456817 0.029523793492192307 0.023222827311944638
leaf_weight=448.92757509111107 293.3564063723494 49.756986888125653 491.99112782557495 278.6331280821646 29.978292613173835 75.837467550500605 106.24053830656339 354.51435333935996 99.663461245520921 95.9678573947931 90.473749778149454 293.4141837780333 45.247388339272788 224.16314775181672
leaf_count=20132 2359 30 3070 95453 118 1186 1336 32173 2685 943 19233 16553 8602 10241
internal_value=-4.36677e-10 -0.0224183 0.0288042 -0.0275251 -0.0346167 0.0216069 0.0152333 -0.0253074 0.000818885 0.0241398 0.00577056 -0.030468 0.00112377 0.0349106
internal_weight=2978.17 1675.97 1302.19 1505.13 1226.5 170.842 810.202 777.57 129.642 516.845 196.714 647.929 121.085 320.131
internal_count=214114 176932 37182 167114 71661 9818 34112 51529 2803 31753 20569 48726 9788 11184
is_linear=0
shrinkage=0.05


Tree=8
num_leaves=15
num_cat=0
split_feature=15 0 3 49 49 43 21 48 24 46 15 1 43 24
split_gain=685.894 142.346 136.062 121.579 60.007 55.3072 49.2612 41.0461 40.1737 27.1041 25.6232 25.3557 50.1175 25.9237
threshold=0.031600331887602813 0.011173533275723459 0.015268065501004459 0.64047148823738109 0.033825969323515899 0.89587974548339855 0.9388549029827119 0.63902088999748241 0.031019673682749275 0.88071423768997203 0.011696306522935631 0.0091326101683080214 2.5249279737472539 0.96002545952796947
decision_type=2 2 2 2 2 2 2 2 2 2 2 2 2 2
left_child=1 3 6 4 -1 -3 11 8 -6 -7 -9 13 -13 -2
right_child=2 5 -4 -5 7 9 -8 10 -10 -11 -12 12 -14 -15
leaf_value=-0.047900895582422325 -0.0070537658143559022 0.060246390384104655 0.049517353873982373 0.0048805194441824797 0.042502136604522581 -0.018322025640245827 -0.00095012137790449758 -0.038542828762828468 -0.014630260021152303 0.026180086026575223 -0.01753027409285908 -0.039089706850964773 0.034772483169382126 0.034576757862302444
leaf_weight=434.73694370938381 109.63124684491663 49.96699894964695 439.34960651575238 253.89815170100837 32.017297418686155 68.158320169738545 304.08539304338046 348.32270155115941 104.95924400841017 50.877828305441199 293.43073346380254 16.358243693131953 372.24215813658225 44.872708500202862
leaf_count=20133 12756 30 3364 108542 118 1227 2651 23481 3422 8561 11418 140 13491 4780
internal_value=-3.29927e-10 -0.021421 0.0272007 -0.0264264 -0.0329632 0.0210866 0.0151848 -0.0241224 0.000707196 0.00125366 -0.0293516 0.0240726 0.0307606 0.00640392
internal_weight=2922.91 1636.37 1286.54 1467.37 1213.47 169.003 847.19 778.73 136.977 119.036 641.753 543.104 388.6 154.504
internal_count=214114 176932 37182 167114 58572 9818 33818 38439 3540 9788 34899 31167 13631 17536
is_linear=0
shrinkage=0.05


Tree=9
num_leaves=15
num_cat=0
split_feature=15 0 0 49 49 43 34 48 24 1 44 26 31 15
split_gain=619.474 131.047 128.584 111.841 52.6694 49.2369 42.7361 39.2206 36.1342 32.8116 31.877 29.5541 27.0235 26.9522
threshold=0.031600331887602813 0.011173533275723459 0.015268065501004459 0.64047148823738109 0.033825969323515899 2.5249279737472539 0.07294540107250215 0.63902088999748241 0.031019673682749275 0.010811126790940763 0.37595736980438238 0.84313055872917186 0.75378787517547619 0.045665033161640174
decision_type=2 2 2 2 2 2 2 2 2 2 2 2 2 2
left_child=1 3 6 4 -1 -3 -2 8 -6 11 -7 -8 -11 -4
right_child=2 5 13 -5 7 10 9 -9 -10 12 -12 -13 -14 -15
leaf_value=-0.046178394828141844 -0.0020602360727126905 0.053923914823996104 -0.0017662443901085895 0.0043194938120516141 0.039943759260332841 -0.021153695999456032 -0.013035995601342124 -0.028792671897589824 -0.014036893013424307 0.041865515153122909 0.028923951578420218 0.024607174280466864 0.010484443206341967 0.049180284088210555
leaf_weight=422.55616095839969 285.94085590851307 57.414215261233039 26.799254228040809 255.79639473360635 32.636909922293853 66.089307617759914 100.18186912058081 619.69058996352487 103.62573731180805 207.46108264129725 44.569160565729362 89.610979934120792 112.53172812344383 447.82698161204462
leaf_count=20133 2359 166 941 108542 118 1066 1336 34899 3422 635 8586 19233 10549 2129
internal_value=1.59673e-10 -0.0206186 0.0259655 -0.0255133 -0.0319704 0.0202391 0.0133965 -0.0235293 0.00073926 0.0219391 -0.0002587 0.00507933 0.0314819 0.0463266
internal_weight=2872.73 1602.38 1270.35 1434.31 1178.51 168.073 795.727 755.953 136.263 509.786 110.658 189.793 319.993 474.626
internal_count=214114 176932 37182 167114 58572 9818 34112 38439 3540 31753 9652 20569 11184 3070
is_linear=0
shrinkage=0.05


Tree=10
num_leaves=15
num_cat=0
split_feature=17 0 49 15 34 44 49 48 24 39 21 17 40 15
split_gain=561.33 182.83 82.0632 58.0896 42.6434 40.0054 37.2236 35.2749 38.277 27.556 24.6322 26.9902 23.8225 24.1218
threshold=0.024695121683180336 0.015268065501004459 0.64047148823738109 0.022921787574887279 0.021216884255409244 0.10768338665366174 0.033825969323515899 0.63902088999748241 0.031019673682749275 0.25448337197303778 0.93778029084205639 0.037749288603663451 2.2191804873727965e-06 0.0087337908335030096
decision_type=2 2 2 2 2 2 2 2 2 2 2 2 2 2
left_child=2 3 6 5 -5 -2 -1 8 -8 -3 -6 -12 13 -9
right_child=1 9 -4 4 10 -7 7 12 -10 -11 11 -13 -14 -15
leaf_value=-0.045170813417614059 -0.03456191815629206 0.050055239266313445 0.0038455730259477684 -0.0058181650575884411 0.026938077198930096 0.0035054614851841334 0.039881468016677121 -0.034163994459132228 -0.017471496497366405 0.017962640929556677 -0.021187042645879745 0.015573081029610171 -0.034449716725725853 0.013964974888198534
leaf_weight=356.90088190359768 106.79140238160426 388.99664999611559 186.24268462023326 207.13498698524199 434.17248891300085 164.73366265296966 32.952712099329915 33.077578571624997 80.181747767553247 98.595867660449585 55.740098140959162 204.22268218567478 423.09831756383466 56.547289884765632
leaf_count=17032 3364 544 84309 1966 41666 26552 102 831 2739 3710 861 1830 27801 807
internal_value=-2.6014e-10 0.0186445 -0.0264153 0.00779601 0.0138763 -0.0121624 -0.032131 -0.0241014 0.00111591 0.0440572 0.0197525 0.00719828 -0.0295806 -0.00544413
internal_weight=2829.39 1660.39 1169 1172.8 901.27 271.525 982.759 625.858 113.134 487.593 694.135 259.963 512.723 89.6249
internal_count=214114 80493 133621 76239 46323 29916 49312 32280 2841 4254 44357 2691 29439 1638
is_linear=0
shrinkage=0.05


Tree=11
num_leaves=15
num_cat=0
split_feature=15 17 0 24 43 49 24 34 29 43 21 24 36 46
split_gain=504.846 108.27 106.294 92.6283 45.4655 43.2175 36.8975 40.7135 51.5811 33.6111 29.2165 24.8247 24.1039 22.37
threshold=0.031600331887602813 0.080128207802772536 0.011173533275723459 0.83773332834243786 0.89587974548339855 0.033825969323515899 0.23682122677564624 0.10730400681495668 0.052833313122391708 2.5249279737472539 0.93878683447837841 0.18808082491159442 0.72077924013137828 0.88071423768997203
decision_type=2 2 2 2 2 2 2 2 2 2 2 2 2 2
left_child=2 9 3 5 -4 -1 7 -7 -9 -2 -11 -12 -10 -6
right_child=1 -3 4 -5 13 6 -8 8 12 10 11 -13 -14 -15
leaf_value=-0.042706744010602614 -0.026328417888200409 0.042882757926409935 0.054303986068940373 0.0032112826822864749 -0.018123623706914494 -0.028651214167557528 -0.040712204729467225 0.046112221654432267 -0.024929695592750892 0.022492770948557381 -0.0089410177157551313 0.02162588365082016 0.0055330104603756028 0.022834386095827122
leaf_weight=404.5173320797935 44.236350242048616 458.27633076043276 48.483466839417815 263.89036132316005 64.804078084495359 256.87255229756443 182.62447993758451 38.191709195047679 124.03169484727277 450.70973017393374 180.6666459805565 92.011376027949154 120.17995068213077 50.138868573970285
leaf_count=20132 471 5609 30 95453 1227 7548 36616 376 4728 28679 1551 872 2261 8561
internal_value=3.00497e-10 0.023883 -0.018876 -0.0233594 0.0184136 -0.0295577 -0.0217068 -0.0146467 -0.00136406 0.0121344 0.0148134 0.00177351 -0.0103106 0.000140169
internal_weight=2779.63 1225.9 1553.73 1390.31 163.426 1126.42 721.9 539.276 282.403 767.624 723.388 272.678 244.212 114.943
internal_count=214114 37182 176932 167114 9818 71661 51529 14913 7365 31573 31102 2423 6989 9788
is_linear=0
shrinkage=0.05


Tree=12
num_leaves=15
num_cat=0
split_feature=17 0 49 15 49 48 34 24 43 19 17 40 15 17
split_gain=448.48 154.607 70.9064 57.7263 33.3094 33.8838 31.7481 31.1802 29.9144 27.7776 25.5834 24.0568 23.1 22.429
threshold=0.024695121683180336 0.014389234129339458 0.62706193327903759 0.022921787574887279 0.033825969323515899 0.63902088999748241 0.021216884255409244 0.031019673682749275 6.59372901916504 0.72814324498176586 0.025320513173937801 2.2191804873727965e-06 0.0087337908335030096 0.028991596773266796
decision_type=2 2 2 2 2 2 2 2 2 2 2 2 2 2
left_child=2 3 4 9 -1 7 -5 -6 -3 -2 -8 12 -7 -12
right_child=1 8 -4 6 5 11 10 -9 -10 -11 13 -13 -14 -15
leaf_value=-0.042116229576717845 -0.027764391331402623 0.039366757383822254 0.0040133396153358971 -0.0063604128642257467 0.037603863091153322 -0.032624346865799597 0.052250282062315162 -0.014355445322405179 -0.031949750448885768 0.0057482600307579308 -0.020739165333998125 -0.03243378475323027 0.014984085704147164 0.016592964073386226
leaf_weight=341.13558853976883 153.24964909950097 554.94383712339663 186.14617517658166 178.08492375645619 33.003675250540255 31.030453883926384 39.628247191041282 78.13649602393906 8.0240835305303317 94.786386765178577 35.003319968554024 403.37792080443506 57.530994102591649 543.6162368147933
leaf_count=17032 12990 7547 85103 1813 102 829 685 2724 28 16365 3778 27024 807 37287
internal_value=-1.01964e-09 0.0169313 -0.024013 0.00542448 -0.0295224 -0.0218279 0.0119673 0.00290462 0.0378104 -0.0152312 0.0172637 -0.0273621 -0.0033147 0.0140206
internal_weight=2737.7 1607.34 1130.36 1044.37 944.215 603.08 796.333 111.14 562.968 248.036 618.248 491.939 88.5614 578.62
internal_count=214114 80493 133621 72918 48518 31486 43563 2826 7575 29355 41750 28660 1636 41065
is_linear=0
shrinkage=0.05


Tree=13
num_leaves=15
num_cat=0
split_feature=17 2 49 17 1 21 1 20 26 15 43 48 22 49
split_gain=407.318 127.404 82.5674 68.3758 44.6736 45.4682 44.2707 39.5783 35.0894 29.1706 24.1277 21.4615 35.1275 21.3876
threshold=0.048809524625539787 0.0082305916585028189 0.64047148823738109 0.087121214717626586 0.010695492848753931 0.93404135107994091 0.011299795936793091 2.6619652260251317e-08 0.58797526359558117 0.016826760955154899 3.5114340782165532 0.81791740655899059 6.8018388748168954 0.10237624868750574
decision_type=2 2 2 2 2 2 2 2 2 2 2 2 2 2
left_child=1 2 9 8 5 7 -6 -3 -2 13 -10 -5 -13 -1
right_child=3 4 -4 11 6 -7 -8 -9 10 -11 -12 12 -14 -15
leaf_value=-0.040061410325534494 0.039503012471385407 0.048793624838581781 0.0045941791014348383 0.053181437656009092 0.053178988906396378 -0.016890074369051239 0.00048604104431296269 -0.0032029941591307045 -0.0033535733794469794 -0.014603849317862475 0.018814042504309215 0.03523543151748721 -0.033079236020058307 -0.02039790820646321
leaf_weight=492.51035374299664 121.44826705110142 53.035749540838765 225.53112754832409 229.75687431330834 76.350535627824684 216.49353407171975 74.385487915528302 84.544779925944226 198.74691404262558 295.32156555377492 300.22032341838087 70.619834371917023 15.957167278975247 241.69741675118752
leaf_count=22565 1057 213 96988 401 473 4451 1968 26201 1621 8605 24005 3210 26 22330
internal_value=-3.60602e-11 -0.0141602 -0.022641 0.0264713 0.00695494 -0.0028911 0.028824 0.0187892 0.0163845 -0.0285939 0.0100919 0.0451459 0.0205228 -0.0339494
internal_weight=2696.62 1759.87 1255.06 936.749 504.81 354.074 150.736 137.581 620.416 1029.53 498.967 316.334 86.577 734.208
internal_count=214114 183794 150488 30320 33306 30865 2441 26414 26683 53500 25626 3637 3236 44895
is_linear=0
shrinkage=0.05


Tree=14
num_leaves=15
num_cat=0
split_feature=17 15 34 39 49 45 25 0 24 0 39 22 21 24
split_gain=385.271 116.97 74.3835 52.1402 49.7771 45.2816 44.9983 38.7585 38.7474 30.8551 24.9586 24.2804 23.4417 22.534
threshold=0.060661764815449722 0.020220892503857616 0.086664777249097838 0.076985150575637831 0.047250956296920783 2.239334321529896e-06 0.00019229188183089721 0.015504807699471714 0.83773332834243786 0.014389234129339458 0.25448337197303778 6.8018388748168954 0.93878683447837841 0.23682122677564624
decision_type=2 2 2 2 2 2 2 2 2 2 2 2 2 2
left_child=1 2 -1 11 5 -3 12 -2 9 -5 -9 -4 13 -6
right_child=7 4 3 8 6 -7 -8 10 -10 -11 -12 -13 -14 -15
leaf_value=-0.037845696577832912 0.016808039385822583 -0.027861459988182714 -0.013354556514391653 -0.026768133513311823 0.037060858788173855 0.014801372978352118 -0.020016557586191322 0.046631987644241354 0.001687440109369455 0.036561851683036148 0.013505446630895358 0.050722391475764732 0.0012026378675177303 0.0088044361871044193
leaf_weight=441.5720531258554 325.03496232199882 182.4818913551851 16.4446010289779 411.41076860123553 174.37003254379374 84.285202090006806 84.517383671031212 331.79188955384598 214.84758917662703 11.726655533465417 80.509799216786632 37.196981407701969 141.85897725096584 127.13785237424077
leaf_count=19157 15416 3282 741 44217 1247 1456 1269 446 74230 56 2968 74 2071 47484
internal_value=-2.211e-11 -0.0117615 -0.0220048 -0.0114959 0.00293764 -0.0143343 0.0117703 0.0304978 -0.015597 -0.0242094 0.0406364 0.0320669 0.0181376 0.025811
internal_weight=2665.19 1927.85 1133.2 691.627 794.651 266.767 527.884 737.337 637.985 423.137 412.302 53.6416 443.367 301.508
internal_count=214114 195284 138475 119318 56809 4738 52071 18830 118503 44273 3414 815 50802 48731
is_linear=0
shrinkage=0.05


Tree=15
num_leaves=15
num_cat=0
split_feature=17 2 49 3 1 21 1 20 21 24 49 15 0 24
split_gain=346.539 109.385 74.2 60.0703 38.8424 42.3922 41.0603 35.5201 24.1908 26.7069 24.0726 25.109 19.6941 19.2337
threshold=0.048809524625539787 0.0082305916585028189 0.64047148823738109 0.015268065501004459 0.010695492848753931 0.93404135107994091 0.011299795936793091 2.6619652260251317e-08 0.93778029084205639 0.19811160862445834 0.033825969323515899 0.021511214785277847 0.015749008394777778 0.10970358178019525
decision_type=2 2 2 2 2 2 2 2 2 2 2 2 2 2
left_child=1 2 10 8 5 7 -6 -3 -2 -10 -1 -12 -5 -9
right_child=3 4 -4 12 6 -7 -8 13 9 -11 11 -13 -14 -15
leaf_value=-0.037429664074655845 0.021174042659409739 0.046225831063177826 0.0045402138386464791 0.020576940830158243 0.050298046375741236 -0.016673692521091577 -0.00090236529252645979 -0.037534249395053294 -0.013663307167862963 0.023166297501154103 -0.025675753416842903 -0.0012108358026272133 0.04686549830134458 0.010786757076643554
leaf_weight=367.17815578855209 327.35770220048789 53.61930149840191 224.04122576068232 129.13612969948917 76.254846592889407 208.23879578898323 71.079210875999024 18.828376874382229 131.03892485197866 65.624036720430013 493.05783084552979 133.79172812068884 268.37286115324241 62.601157665472556
leaf_count=18167 24194 213 96988 3786 473 4451 1968 991 1095 792 32223 3110 453 25210
internal_value=-9.51262e-11 -0.0133108 -0.02129 0.0245587 0.00652863 -0.00282181 0.0271098 0.0182141 0.0130484 -0.000847415 -0.027099 -0.0205551 0.0390398 -0.00326941
internal_weight=2630.22 1708.69 1218.07 921.53 490.622 343.288 147.334 135.049 524.021 196.663 994.028 626.85 397.509 81.4295
internal_count=214114 183794 150488 30320 33306 30865 2441 26414 26081 1887 53500 35333 4239 26201
is_linear=0
shrinkage=0.05


Tree=16
num_leaves=15
num_cat=0
split_feature=17 2 49 19 0 39 21 1 24 2 24 2 44 15
split_gain=315.334 107.276 65.2865 58.6403 42.616 37.5141 38.4505 32.3503 34.2931 30.658 29.2576 27.752 22.8743 18.399
threshold=0.064583335071802153 0.0082305916585028189 0.64047148823738109 0.024976628832519058 0.01183473411947489 0.072596948593854918 0.93396753072738659 0.011050061322748663 0.95154169201850902 0.016261236742138866 0.015119064599275591 0.0098524559289217013 0.0811784863471985 0.021199596114456657
decision_type=2 2 2 2 2 2 2 2 2 2 2 2 2 2
left_child=1 2 4 -3 12 6 -5 8 -7 10 -2 -9 13 -1
right_child=9 3 -4 5 -6 7 -8 11 -10 -11 -12 -13 -14 -15
leaf_value=-0.039831022326334377 0.046173164138925159 -0.020277108362863193 0.0047975501259031978 0.055461364531515137 0.0078182180795848474 -0.015024079800648245 0.0015009665594560644 0.049261812014409927 0.029496883160831107 0.048815603631757409 0.016115578059106642 0.0034943299984677395 -0.018527181990017651 -0.014023463771297387
leaf_weight=377.99286642940348 99.031525650996628 147.78729899935718 241.7908303004665 82.99486761590731 92.766649442129847 185.37679986103603 52.066468165372498 53.799988379161732 45.780172087338087 155.07799248992296 410.31171851946647 72.337197337881662 478.29460684358986 101.86590251665734
leaf_count=17313 292 2471 102634 462 1459 21679 636 1315 11866 851 14695 2308 34325 1808
internal_value=-1.38981e-10 -0.0102253 -0.0184678 0.00644768 -0.0238153 0.0147135 0.036197 0.00582803 -0.00534928 0.0294568 0.0227362 0.0251997 -0.0269272 -0.0347506
internal_weight=2597.27 1932.85 1292.71 640.143 1050.92 492.355 135.061 357.294 231.157 664.421 509.343 126.137 958.153 479.859
internal_count=214114 198276 157539 40737 54905 38266 1098 37168 33545 15838 14987 3623 53446 19121
is_linear=0
shrinkage=0.05


Tree=17
num_leaves=15
num_cat=0
split_feature=15 0 0 34 29 24 43 34 36 34 1 24 1 44
split_gain=290.043 73.1669 68.5089 66.9232 47.6709 41.2299 38.1294 29.9529 28.4978 26.9433 30.1511 31.2282 26.5049 22.3268
threshold=0.031600331887602813 0.015268065501004459 0.010929288342595102 0.09367780759930612 0.052833313122391708 0.90403249859809887 0.89587974548339855 0.07294540107250215 0.80909091234207164 0.11899429932236673 0.011050061322748663 0.94205787777900707 0.011428944766521456 0.37595736980438238
decision_type=2 2 2 2 2 2 2 2 2 2 2 2 2 2
left_child=2 7 3 -1 -5 -6 -4 -2 -3 -9 11 -11 -12 -8
right_child=1 8 6 4 5 -7 13 9 -10 10 12 -13 -14 -15
leaf_value=-0.033003752444992325 -0.0043469044720916396 0.03954672420996666 0.049889951048825355 0.034636654242645497 -0.020341570639900587 0.005359485684584938 -0.016853677804521652 0.041906899801629822 -0.0051563473381267717 -0.019579634187963296 0.049758651542558076 0.024976732408789885 0.011016876236753712 0.024940661050966331
leaf_weight=494.43612718361783 262.58973178317683 371.73009150094003 44.131939120590573 47.639182369799755 514.31741844949761 217.11465821116371 73.416035668354994 77.091174392407993 36.944299582391977 113.92429141156367 54.042987358101527 47.936866442745668 170.35070850666671 41.807691001962212
leaf_count=21880 2359 2964 32 630 67950 75703 1343 322 106 8360 536 12443 10092 9394
internal_value=2.9461e-10 0.0187952 -0.0149101 -0.0187767 -0.00944375 -0.0127432 0.0152749 0.00904845 0.0354789 0.0165714 0.0105848 -0.00569831 0.0220722 -0.000908366
internal_weight=2567.47 1134.61 1432.86 1273.51 779.071 731.432 159.356 725.936 408.674 463.346 386.255 161.861 224.394 115.224
internal_count=214114 37182 176932 166163 144283 143653 10769 34112 3070 31753 31431 20803 10628 10737
is_linear=0
shrinkage=0.05


Tree=18
num_leaves=15
num_cat=0
split_feature=17 17 49 19 2 21 24 24 24 48 49 29 39 36
split_gain=268.329 90.4129 50.4964 42.9352 33.6824 29.6224 33.5745 28.3158 32.2288 27.1706 25.4921 21.8312 21.4202 20.4292
threshold=0.024695121683180336 0.080128207802772536 0.050201235339045532 0.013105242513120176 0.0092167854309082049 0.93878683447837841 0.18808082491159442 0.031019673682749275 0.95478740334510814 0.6349395513534547 0.2535188645124436 0.15327017754316333 0.56752648949623119 0.80909091234207164
decision_type=2 2 2 2 2 2 2 2 2 2 2 2 2 2
left_child=2 3 -1 -2 11 6 -6 9 -9 -4 12 -5 -8 -3
right_child=1 13 7 4 5 -7 10 8 -10 -11 -12 -13 -14 -15
leaf_value=-0.033664820073988182 -0.015420769647728233 0.036017469783638983 0.047211324323446241 -0.018368085903208625 0.037620436274338226 0.00099580823687183523 0.014781707586384805 -0.018415536431018141 0.013693080289512955 -0.019336477285895583 0.021878902357132288 0.0068615895888264099 -0.044653677256398176 -0.00042423983305137438
leaf_weight=385.60406459306751 190.85096571059921 388.36437610545454 29.734473684104159 115.74888744476897 224.45736824386574 166.80741743757972 19.111664170055064 515.26099178021173 84.31280993196583 17.855442223471528 73.174720202684284 259.7195629689158 27.038736813410651 42.312143942486728
leaf_count=19808 2793 6820 72 2895 1285 1719 745 93656 19267 818 22278 41444 351 163
internal_value=-7.71845e-10 0.0134175 -0.0195271 0.00555363 0.0101931 0.0184265 0.0266168 -0.0107192 -0.0137498 0.0232209 0.0046099 -0.00119092 -0.0217914 0.0325088
internal_weight=2540.35 1507.59 1032.77 1076.91 886.058 510.59 343.782 647.164 599.574 47.5899 119.325 375.468 46.1504 430.677
internal_count=214114 80493 133621 73510 70717 26378 24659 113813 112923 890 23374 44339 1096 6983
is_linear=0
shrinkage=0.05


Tree=19
num_leaves=15
num_cat=0
split_feature=2 17 0 24 36 34 40 40 22 49 15 39 43 29
split_gain=249.034 65.8815 62.8914 60.7365 48.815 48.0692 32.4152 42.4282 27.2397 24.7659 26.2278 21.708 19.4462 16.6132
threshold=0.0082305916585028189 0.051315790042281158 0.015268065501004459 0.95478740334510814 0.84523808956146251 0.021216884255409244 2.2465902702606404e-06 2.2580368295166413e-06 6.8018388748168954 0.033825969323515899 0.012121656909585001 0.25448337197303778 3.3140207529067998 0.96184346079826366
decision_type=2 2 2 2 2 2 2 2 2 2 2 2 2 2
left_child=1 3 5 9 11 -2 -7 8 -8 -1 -11 -4 -3 -9
right_child=2 12 4 -5 -6 6 7 13 -10 10 -12 -13 -14 -15
leaf_value=-0.034043529584350543 -0.014998132820030327 0.035651270110111481 0.043942153010873106 0.014299641028104102 -0.024492215301600402 -0.0063680471489607413 0.0050111523036305543 0.0033144814348586363 0.050598810367189641 -0.026178192882813558 -0.0065061095672015708 0.011091857261457356 0.0014177868065320687 0.031316659649463202
leaf_weight=343.52477607950368 164.98536215706906 52.789875792295788 286.66302862943849 114.97182582978598 27.503937290864997 138.6725635730545 45.880453002668219 261.76977664870822 129.91503582149744 364.7647111112579 325.10146444616674 70.431692544327234 124.84877183442813 57.395435148849174
leaf_count=18309 2497 306 358 23004 73 1457 637 21849 143 67180 43445 2596 11238 21022
internal_value=-1.88898e-10 -0.0148273 0.0166016 -0.0191987 0.0329692 0.00840907 0.0146422 0.0205381 0.0396111 -0.0230269 -0.0171331 0.0379416 0.012949 0.00914852
internal_weight=2509.22 1326 1183.22 1148.36 384.599 798.619 633.633 494.961 175.795 1033.39 689.866 357.095 177.639 319.165
internal_count=214114 163482 50632 151938 3027 47605 45108 43651 780 128934 110625 2954 11544 42871
is_linear=0
shrinkage=0.05


Tree=20
num_leaves=15
num_cat=0
split_feature=2 0 17 24 34 39 21 44 39 35 20 34 22 15
split_gain=239.914 68.8046 61.0678 55.1746 45.0378 30.8943 40.161 28.0621 27.7161 23.6341 23.1212 22.2778 21.9421 21.7374
threshold=0.0082305916585028189 0.015268065501004459 0.051315790042281158 0.95478740334510814 0.021216884255409244 0.072596948593854918 0.93396753072738659 0.76804643869400036 0.25448337197303778 1.87463001566357e-06 2.6619652260251317e-08 0.69880446791648876 6.8018388748168954 0.012121656909585001
decision_type=2 2 2 2 2 2 2 2 2 2 2 2 2 2
left_child=2 4 3 13 -2 6 10 12 -3 -10 -6 -9 -7 -1
right_child=1 8 -4 -5 5 7 -8 11 9 -11 -12 -13 -14 -15
leaf_value=-0.029434888183903538 -0.014831431231409559 0.04050775807238139 0.012017758848697222 0.012779867798275963 0.061166931854595499 0.0078641432227367185 0.0035971981764598214 0.048593767401028776 -0.040883275404652676 0.018631834357654115 0.003169215574661266 0.0080591725406476168 -0.018597792662646589 -0.014199080656328748
leaf_weight=553.11071940607007 165.04281054730689 295.72616363526322 177.48118117108743 116.09889251744369 80.49475762876682 205.39716296328697 83.047768744276254 48.526433555748895 11.489658185280858 66.549187830212759 22.611325546824901 92.583799630106341 113.22783308289945 459.86265316969514
leaf_count=80299 2497 402 11544 23004 47 6374 921 3434 42 2583 539 33223 570 48635
internal_value=5.6626e-10 0.0162234 -0.0147218 -0.0189937 0.00785708 0.0137924 0.0304524 0.00654179 0.0336976 0.00622094 0.0498527 0.0242919 -0.00181925 -0.0227247
internal_weight=2491.25 1184.7 1306.55 1129.07 810.932 645.889 186.154 459.735 373.765 78.0388 103.106 141.11 318.625 1012.97
internal_count=214114 50632 163482 151938 47605 45108 1507 43601 3027 2625 586 36657 6944 128934
is_linear=0
shrinkage=0.05


Tree=21
num_leaves=15
num_cat=0
split_feature=15 1 24 0 43 49 48 24 49 26 31 20 45 39
split_gain=226.193 61.2799 58.1536 43.9959 47.8797 32.5037 29.3498 26.8789 24.2598 34.4805 27.6899 29.224 21.8581 17.1561
threshold=0.031600331887602813 0.016001024283468727 0.95478740334510814 0.011173533275723459 2.5249279737472539 0.033825969323515899 0.6349395513534547 0.031019673682749275 0.047250956296920783 0.58797526359558117 0.63961037993431102 2.6767898120283465e-08 1.027409723519668e-06 0.69769287109375011
decision_type=2 2 2 2 2 2 2 2 2 2 2 2 2 2
left_child=2 8 3 5 -5 -1 7 -7 9 -2 -11 -12 13 -10
right_child=1 -3 -4 4 -6 6 -8 -9 12 10 11 -13 -14 -15
leaf_value=-0.033154505435473013 0.028521006103732011 0.04285609757030831 0.014605668494844917 0.04547156711108892 -0.013572022146244353 0.038338637182026444 -0.018714535313491244 -0.0082454214919964932 0.029093355852352051 0.013143404858655471 -0.036913309790458454 0.0061827308858042381 0.0038981122245858226 0.0041376448157039751
leaf_weight=345.64106148850044 68.790776650912449 177.77187022293219 153.71572395871954 46.495401716092488 79.293392207235115 36.596736717241583 610.00891564762628 84.584616194799878 311.89458276335881 81.238196500577033 97.187462908681482 58.142938069106094 219.09803729949567 92.291944620545564
leaf_count=20133 659 1407 29836 166 6449 111 117263 2974 3579 654 788 506 15446 14143
internal_value=9.2124e-10 0.0166958 -0.013642 -0.0173432 0.00999377 -0.0205991 -0.0142968 0.00767308 0.0112847 -0.000282097 -0.00947466 -0.0213835 0.0168665 0.0236324
internal_weight=2462.75 1106.42 1356.34 1202.62 125.789 1076.83 731.19 121.181 928.644 305.359 236.569 155.33 623.285 404.187
internal_count=214114 37182 176932 147096 6615 140481 120348 3085 35775 2607 1948 1294 33168 17722
is_linear=0
shrinkage=0.05


Tree=22
num_leaves=15
num_cat=0
split_feature=2 0 17 24 34 43 39 21 44 20 46 34 49 15
split_gain=209.56 62.2867 52.5016 46.4947 40.8502 30.4304 28.928 40.2012 26.8895 22.2255 21.1215 21.0541 19.9711 21.7934
threshold=0.0082305916585028189 0.015268065501004459 0.051315790042281158 0.95478740334510814 0.021216884255409244 1.7776740193367007 0.072596948593854918 0.93396753072738659 0.76804643869400036 2.6619652260251317e-08 0.97564569115638744 0.69880446791648876 0.033825969323515899 0.012121656909585001
decision_type=2 2 2 2 2 2 2 2 2 2 2 2 2 2
left_child=2 4 3 12 -2 -3 7 9 -8 -6 -7 -10 -1 -14
right_child=1 5 -4 -5 6 10 8 -9 11 -11 -12 -13 13 -15
leaf_value=-0.031738673505538023 -0.014420546352135119 -0.02604488281178477 0.010760946301996154 0.010488264297336458 0.060339593261266915 0.037618696782439461 -0.0022891704983361281 0.002711578266164685 0.046804344996937142 0.0030398466196935388 -0.018588810906648996 0.0074994634747386525 -0.024799663853615057 -0.0063053878948198796
leaf_weight=328.33378236738349 163.1598978381935 14.501811053603886 177.99449441042088 121.14921219274947 77.996216594707221 336.64276780976797 315.20724525639275 83.606119218507956 48.862036685094495 22.314354002847722 11.832660746469626 92.323144427728153 335.40411641952977 312.45021437061888
leaf_count=18309 2497 19 11544 23004 47 2913 6944 921 3434 539 95 33223 67180 43445
internal_value=-7.02857e-11 0.0152483 -0.0139566 -0.0180269 0.00730521 0.0321635 0.0129779 0.0291966 0.00595617 0.0490242 0.0352448 0.0232984 -0.0216362 -0.0161116
internal_weight=2441.78 1166.45 1275.33 1097.34 803.469 362.977 640.309 183.917 456.392 100.311 348.475 141.185 976.188 647.854
internal_count=214114 50632 163482 151938 47605 3027 45108 1507 43601 586 3008 36657 128934 110625
is_linear=0
shrinkage=0.05


Tree=23
num_leaves=15
num_cat=0
split_feature=2 0 17 49 34 39 21 44 34 20 29 17 43 22
split_gain=204.154 68.2696 49.4575 43.4811 37.4615 28.188 36.7116 24.9287 20.6456 19.9936 19.4021 19.175 18.7261 18.389
threshold=0.0082305916585028189 0.015268065501004459 0.051315790042281158 0.10237624868750574 0.021216884255409244 0.072596948593854918 0.93396753072738659 0.76804643869400036 0.69880446791648876 2.6619652260251317e-08 0.90502735972404491 0.087121214717626586 3.3497501611709599 6.8018388748168954
decision_type=2 2 2 2 2 2 2 2 2 2 2 2 2 2
left_child=2 4 3 -1 11 6 9 13 -9 -6 -10 -2 -4 -7
right_child=1 -3 12 -5 5 7 -8 8 10 -11 -12 -13 -14 -15
leaf_value=-0.026844929109448398 -0.019255943817952936 0.033205067013372509 0.030144022804231951 -0.0066439860447878229 0.057256189907783618 0.0063780069775605259 0.0028940184863190162 0.045173850670746668 -0.030791337168235785 0.0028057454550062845 0.017785222743306531 0.030297323704296636 -0.0021420660229753094 -0.018011640160139123
leaf_weight=593.69840544629687 151.4661651254612 350.69862639361236 62.1608753187611 492.05014866577699 80.681849371641761 203.05413590333814 84.41159549101576 49.321687002765643 17.427382608806511 22.018936667141816 74.69255368716945 13.159641209029358 115.73793567716189 111.53822756931186
leaf_count=27024 2461 3027 354 124914 47 6374 921 3434 1127 539 32096 36 11190 570
internal_value=-3.96972e-10 0.0150932 -0.0138468 -0.0178343 0.00691996 0.0123502 0.0281827 0.00538866 0.0220649 0.0468669 0.00648013 -0.0137867 0.0101431 -0.0025578
internal_weight=2422.12 1158.47 1263.65 1085.75 807.772 643.146 187.112 456.034 141.442 102.701 92.1199 164.626 177.899 314.592
internal_count=214114 50632 163482 151938 47605 45108 1507 43601 36657 586 33223 2497 11544 6944
is_linear=0
shrinkage=0.05


Tree=24
num_leaves=15
num_cat=0
split_feature=2 0 17 49 34 39 25 44 21 34 28 43 48 22
split_gain=192.657 63.5306 44.7882 40.4048 34.6596 26.665 36.3341 24.9721 19.5063 19.1858 18.6351 17.315 17.1676 16.7936
threshold=0.0082305916585028189 0.015268065501004459 0.051315790042281158 0.64047148823738109 0.021216884255409244 0.072596948593854918 8.6730523207734233e-07 0.76804643869400036 0.93396753072738659 0.74053984880447399 5.8957784175872812 3.3497501611709599 0.69174396991729747 6.8018388748168954
decision_type=2 2 2 2 2 2 2 2 2 2 2 2 2 2
left_child=2 4 3 -1 12 6 -6 13 -8 -9 -11 -4 -2 -7
right_child=1 -3 11 -5 5 7 8 9 -10 10 -12 -13 -14 -15
leaf_value=-0.021518809342658842 0.008127439698900004 0.032464127488047827 0.028655890682309088 0.0046504293503442911 -0.0070251469829326826 0.0057752694731305005 0.051769768904337855 0.040534254824174748 0.0084107432223347548 -0.039686844006756337 0.014667129259288654 -0.0024881311747914506 -0.024362720390112124 -0.017629354941822311
leaf_weight=903.57675589269923 56.528785609029001 342.13254216997302 62.036128441191977 172.11216374929461 52.454897858791583 204.00271479623348 95.166088789628702 62.624100845295288 40.320040794256784 9.697110503359907 70.607778895927822 113.55498044588285 105.56638637810556 109.72537206113338
leaf_count=53866 913 3027 354 98072 937 6374 178 8594 392 437 27626 11190 1584 570
internal_value=-5.12369e-11 0.0147178 -0.0135223 -0.0173274 0.0068859 0.0120661 0.0274268 0.00529205 0.0403314 0.0218685 0.00443574 0.00946618 -0.0132183 -0.00270214
internal_weight=2400.11 1148.83 1251.28 1075.69 806.693 644.598 187.941 456.657 135.486 142.929 80.3049 175.591 162.095 313.728
internal_count=214114 50632 163482 151938 47605 45108 1507 43601 570 36657 28063 11544 2497 6944
is_linear=0
shrinkage=0.05


Tree=25
num_leaves=15
num_cat=0
split_feature=2 0 15 34 24 39 25 44 25 47 39 21 17 49
split_gain=181.964 58.5764 39.4132 30.7019 30.565 24.1949 34.4014 25.5911 20.9839 19.9671 17.3859 21.5964 17.2246 22.9283
threshold=0.0082305916585028189 0.015504807699471714 0.012270400300621988 0.021216884255409244 0.90403249859809887 0.072596948593854918 9.3732535333401767e-07 0.76804643869400036 9.4884691748120542e-07 3.7461014986038212 0.25448337197303778 0.93670180439949047 0.051315790042281158 0.033825969323515899
decision_type=2 2 2 2 2 2 2 2 2 2 2 2 2 2
left_child=2 3 4 9 -1 6 -5 -7 -8 -2 -3 -12 13 -4
right_child=1 10 12 5 -6 7 8 -9 -10 -11 11 -13 -14 -15
leaf_value=-0.027311615759165044 -0.026010307699801449 0.038699459669065017 -0.027039858515220633 -0.0021537177462986894 0.0057755131614408714 -0.0021291301743518527 0.055988204557722389 0.022394599671766144 0.011540842596365732 0.006460873934463241 0.022329371434096905 -0.036281952750209422 0.008270023850666405 -0.003005969916190147
leaf_weight=490.96353888504359 90.216589053103462 241.89813638915075 127.42774245306475 67.211480123528588 77.457293778873122 322.18417217140478 77.802808849490248 147.71927352885609 47.106275061414635 83.64374093670267 48.498882340587443 11.749276659451423 175.3137774586927 368.18264048103299
leaf_count=57152 1554 331 5120 1008 34056 7001 19 37118 489 987 2046 79 11544 55610
internal_value=1.7813e-11 0.0143701 -0.0132048 0.00736724 -0.022781 0.0122518 0.0267597 0.00588618 0.0413239 -0.0108868 0.0328867 0.00736157 -0.00487614 -0.00959797
internal_weight=2377.38 1138.03 1239.34 835.884 568.421 662.024 192.121 469.903 124.909 173.86 302.146 60.2482 670.924 495.61
internal_count=214114 50632 163482 48176 91208 45635 1516 44119 508 2541 2456 2125 72274 60730
is_linear=0
shrinkage=0.05


Tree=26
num_leaves=15
num_cat=0
split_feature=15 3 44 21 29 34 24 43 0 3 30 48 31 22
split_gain=169.563 67.4174 40.0879 26.8886 26.2545 34.0977 27.2153 22.6077 21.1324 21.0543 20.3277 18.263 20.0103 17.6716
threshold=0.021832264959812168 0.015268065501004459 0.049077048897743232 0.93878683447837841 0.052833313122391708 0.07294540107250215 0.95478740334510814 6.5909874439239511 0.01183473411947489 0.01197647722437978 1.4244650401451511e-06 0.759984850883484 0.54006412625312816 6.8018388748168954
decision_type=2 2 2 2 2 2 2 2 2 2 2 2 2 2
left_child=2 3 8 7 5 -4 -6 9 -1 11 -11 12 -2 -12
right_child=1 -3 4 -5 6 -7 -8 -9 -10 10 13 -13 -14 -15
leaf_value=-0.033644255009977302 0.017312777067815543 0.031383604073786327 -0.015114457311778618 -0.0056618532487748398 -0.016584667584522862 0.046011332196496189 0.0097162640073757169 0.040649393392473504 0.014047031643544334 0.029723946730250469 0.012852657631159595 0.010604849182631652 -0.019798521923084702 -0.036128177519045582
leaf_weight=284.52884454603736 40.143196828466614 319.45056840323014 36.280765183064659 357.29131799048628 529.1298327760062 38.092088795446216 113.32060167492637 50.111855883529643 19.858756782110504 152.31194765099235 48.809976704080327 213.10996900015272 132.81223791280809 16.872131690382957
leaf_count=14601 1141 4052 1392 4496 108914 190 21366 123 226 5012 6295 43683 2533 90
internal_value=-5.3159e-10 0.011723 -0.0152438 0.00526718 -0.00857127 0.0179355 -0.0118677 0.0112317 -0.030185 0.00816903 0.020218 0.00102684 -0.0107095 -0.00284052
internal_weight=2352.12 1330.91 1021.21 1011.46 716.823 74.3729 642.45 654.171 304.388 604.059 217.994 386.065 172.955 65.6821
internal_count=214114 67425 146689 63373 131862 1582 130280 58877 14827 58754 11397 47357 3674 6385
is_linear=0
shrinkage=0.05


Tree=27
num_leaves=15
num_cat=0
split_feature=2 17 17 49 21 20 24 22 26 1 39 17 43 0
split_gain=153.685 54.5344 35.0685 35.4186 24.9516 30.3484 21.9546 21.7857 20.0919 19.4049 18.8614 22.5739 17.2629 16.7555
threshold=0.0082305916585028189 0.087121214717626586 0.051315790042281158 0.10237624868750574 0.93767386674880993 2.6619652260251317e-08 0.18808082491159442 6.8018388748168954 0.82097071409225475 0.010152545757591726 0.020933249033987526 0.060661764815449722 3.3497501611709599 0.0094788861460983771
decision_type=2 2 2 2 2 2 2 2 2 2 2 2 2 2
left_child=2 4 3 -1 5 6 10 -7 -6 13 11 -2 -4 -9
right_child=1 -3 12 -5 8 7 -8 9 -10 -11 -12 -13 -14 -15
leaf_value=-0.024196541531644009 -0.023499551970239976 0.035254961891534563 0.027063419122814882 -0.0055239106297822454 -0.011060103272956482 0.011598190219937134 -0.0070143165248703551 -0.023391132767608333 0.012393792486840742 -0.046261437904074332 0.041692946644916642 0.031084023794674037 -0.0040035425471964545 0.024618340534657307
leaf_weight=561.38050719628677 25.362894287172708 216.69794352144527 62.721091052037082 470.68786762775767 232.78583977987 207.34000192709084 36.884313483082224 25.718039071187377 136.5967760704807 25.808934338390827 153.17790871910984 31.430216614622623 110.56307517309369 27.022054759785533
leaf_count=27024 380 2475 354 124914 2922 41748 376 213 1875 99 381 78 11190 85
internal_value=1.49481e-11 0.013284 -0.0123382 -0.0158154 0.00767775 0.014503 0.0269853 0.00317725 -0.00228884 -0.0178504 0.0330051 0.00683911 0.00810437 0.00121033
internal_weight=2324.18 1118.82 1205.35 1032.07 902.127 532.744 246.855 285.889 369.383 78.549 209.971 56.7931 173.284 52.7401
internal_count=214114 50632 163482 151938 48157 43360 1215 42145 4797 397 839 458 11544 298
is_linear=0
shrinkage=0.05


Tree=28
num_leaves=15
num_cat=0
split_feature=15 3 34 39 24 21 46 3 48 15 28 26 30 24
split_gain=143.357 60.6043 37.5966 38.2466 25.3546 24.8165 21.7274 19.3943 18.1697 17.7665 20.8739 20.7371 17.5379 16.7002
threshold=0.021832264959812168 0.015268065501004459 0.086664777249097838 0.076985150575637831 0.95478740334510814 0.93878683447837841 0.97588747739791881 0.01197647722437978 0.77588433027267467 0.023238540627062324 2.7403194904327397 0.57417583465576183 1.4244650401451511e-06 0.19811160862445834
decision_type=2 2 2 2 2 2 2 2 2 2 2 2 2 2
left_child=2 5 -1 -4 -5 6 7 9 -3 -2 11 -11 -9 -7
right_child=1 8 3 4 -6 13 -8 12 -10 10 -12 -13 -14 -15
leaf_value=-0.026375699684582306 0.026602232504305229 0.038494855309561156 0.030410630435150444 -0.015658038317565341 0.010137782635643425 -0.012656592464153592 0.03902294339692703 0.027863211812685848 0.011942398468332418 0.0092085205436276754 0.0082446403755221595 -0.027432558009572464 -0.0028093416101091007 0.010525949800994343
leaf_weight=380.22386895415855 46.02468108934022 201.01199846716918 54.088407245410508 449.97684017032645 112.69110498748887 250.4879031284072 51.131481164217121 150.8738666654167 110.26793673482098 50.605004653130891 170.25174121220516 111.59608396445401 63.202777661326763 101.95956046811625
leaf_count=19790 4821 466 844 104689 21366 2955 1167 4933 3586 676 39633 1588 6059 1541
internal_value=8.77655e-10 0.0108561 -0.0142028 -0.0063973 -0.0104048 0.00471391 0.0104962 0.00742787 0.0297534 0.000511955 -0.00377132 -0.01613 0.0190864 -0.00584473
internal_weight=2304.39 1307.41 996.98 616.756 562.668 996.133 643.686 592.554 311.28 378.478 332.453 162.201 214.077 352.447
internal_count=214114 67425 146689 126899 126055 63373 58877 57710 4052 46718 41897 2264 10992 4496
is_linear=0
shrinkage=0.05


Tree=29
num_leaves=15
num_cat=0
split_feature=2 0 19 0 34 39 25 1 24 2 32 31 48 25
split_gain=135.013 49.311 30.7068 36.5828 28.8363 21.5992 30.6572 23.318 34.0817 26.5545 21.1169 16.6054 17.2209 16.5653
threshold=0.0082305916585028189 0.015268065501004459 0.74642232060432445 0.01183473411947489 0.021216884255409244 0.072596948593854918 8.6730523207734233e-07 0.011050061322748663 0.95154169201850902 0.010152545757591726 3.3315663337707524 0.75378787517547619 0.6479126811027528 9.4884691748120542e-07
decision_type=2 2 2 2 2 2 2 2 2 2 2 2 2 2
left_child=2 4 3 -1 -2 6 -6 8 -7 -9 -11 12 -4 -8
right_child=1 -3 11 -5 5 7 13 9 -10 10 -12 -13 -14 -15
leaf_value=-0.020653135708650662 -0.012808119551038763 0.029078979536527369 0.010151263345688274 0.0086065524125649648 -0.0070184172376894661 -0.015219943437157532 0.048464931796542418 0.040886290209450317 0.022900693418960092 -0.013125034947097767 0.02809150948726202 0.0081788223149853265 -0.032954396716904331 0.008498908880838256
leaf_weight=742.2391716655261 158.12145446983504 311.11198960403271 31.84709366971947 118.83228110947641 51.602376591249595 201.01543834698919 86.645006907172501 65.762194514358271 71.482824564207476 73.53751178830862 39.564438365116075 238.16606715801902 49.311452471691155 42.197200714559585
leaf_count=89246 2497 3027 784 2498 937 23356 85 1984 14017 584 3660 69740 1214 485
internal_value=5.92771e-10 0.0125354 -0.0116998 -0.0165627 0.00573771 0.0105064 0.0246537 0.00443884 -0.00476332 0.0179682 0.00240376 0.00151806 -0.0167814 0.0369305
internal_weight=2281.44 1101.04 1180.4 861.071 789.928 631.807 180.445 451.362 272.498 178.864 113.102 319.325 81.1585 128.842
internal_count=214114 50632 163482 91744 47605 45108 1507 43601 37373 6228 4244 71738 1998 570
is_linear=0
shrinkage=0.05


Tree=30
num_leaves=15
num_cat=0
split_feature=15 39 3 56 0 0 1 48 2 24 24 34 52 31
split_gain=126.443 51.8296 34.5284 30.6432 30.8652 22.4255 20.7213 20.5901 29.2493 19.5909 26.577 27.0519 19.1727 18.4121
threshold=0.043940646573901183 0.026246787980198864 0.015038444194942715 1.0000000180025095e-35 0.011050061322748663 0.009569597430527212 0.012903762981295587 0.65756514668464672 0.0082305916585028189 0.95478740334510814 0.23682122677564624 0.25184962153434759 1.0000000180025095e-35 0.66145834326744091
decision_type=2 2 2 2 2 2 2 2 2 2 2 2 2 2
left_child=1 5 12 4 7 -1 -5 8 -3 10 11 -9 -2 -13
right_child=2 3 -4 6 -6 -7 -8 9 -10 -11 -12 13 -14 -15
leaf_value=-0.028768396115245704 0.01521129567618432 -0.013536081507793589 0.029947672312833486 -0.020744173929690541 0.02314316002363416 -0.00068855788030683027 0.022153698194657026 -0.013937536176875646 0.036491122028511826 0.0098525200585692571 -0.023491428639996096 -0.020563624409103393 -0.0072766109779097577 0.025439929852785266
leaf_weight=326.0788793688555 263.9753740219021 41.185569057264956 302.42198470282892 254.2938894694671 137.97307500625334 90.816107573171394 23.307437216863036 144.53012875861199 64.535006869526683 149.69502667056895 204.76873758507111 19.105193645518739 137.48290427960455 100.23672907150709
leaf_count=13619 11386 5196 2764 5338 15362 1296 126 11495 1427 30706 111903 351 1231 1914
internal_value=8.92026e-10 -0.00794794 0.0174408 -0.0023597 0.00233007 -0.0228109 -0.0164974 -0.00189723 0.0175165 -0.00544245 -0.0104318 0.00019037 0.00752043 0.0170548
internal_weight=2260.41 1556.53 703.88 1139.63 862.029 416.895 277.601 724.056 105.721 618.336 468.641 263.872 401.458 119.342
internal_count=214114 198733 15381 183818 178354 14915 5464 162992 6623 156369 125663 13760 12617 2265
is_linear=0
shrinkage=0.05


Tree=31
num_leaves=15
num_cat=0
split_feature=2 1 19 0 34 19 46 45 44 34 49 21 34 19
split_gain=115.556 45.072 28.0018 29.4804 24.7483 30.0267 35.8211 27.7949 25.0106 23.183 22.9865 20.016 18.6502 16.7918
threshold=0.0082305916585028189 0.016001024283468727 0.74642232060432445 0.01183473411947489 0.018858416005969051 0.15104504674673083 0.84777185320854198 5.6848372764761745e-07 0.76804643869400036 0.74053984880447399 0.69203969836235057 0.93550211191177379 0.10730400681495668 0.029015605337917808
decision_type=2 2 2 2 2 2 2 2 2 2 2 2 2 2
left_child=2 4 3 -1 7 6 12 -2 11 -10 -11 -7 13 -6
right_child=1 -3 -4 -5 5 8 -8 -9 9 10 -12 -13 -14 -15
leaf_value=-0.019355871016606695 0.0093753205691791824 0.037100200066431221 0.0017483136551105912 0.0069480427321723676 0.032042702245380437 0.0063131716851131808 -0.01668309230479904 -0.027088018758376416 0.038523153041442021 -0.038878874842263732 0.013822767074636803 -0.020612074044800675 0.043444346720378162 0.00095511061022409229
leaf_weight=725.40412064328495 102.16187347185041 141.53922434765263 316.89078554110756 119.3443134254959 76.944300391594936 134.42635203847976 43.492435728209671 89.547371080225275 64.307729640474577 17.559785746039324 73.035819640159559 124.56519409094108 121.72898919566069 88.073245646454779
leaf_count=89246 1212 985 71738 2498 352 4233 1295 1267 8872 957 28504 1762 345 848
internal_value=-4.8076e-11 0.0117385 -0.0108943 -0.0156019 0.00755099 0.0116518 0.0226607 -0.00815524 0.00254068 0.0178217 0.000758396 -0.0069217 0.0289893 0.0164532
internal_weight=2239.02 1077.38 1161.64 844.748 935.843 744.134 330.239 191.709 413.895 154.903 90.5956 258.992 286.747 165.018
internal_count=214114 50632 163482 91744 49647 47168 2840 2479 44328 38333 29461 5995 1545 1200
is_linear=0
shrinkage=0.05


Tree=32
num_leaves=15
num_cat=0
split_feature=17 15 34 39 44 1 43 46 22 47 15 28 17 46
split_gain=112.133 53.3901 38.1503 34.9459 22.8326 18.2077 23.0152 29.8151 28.2312 18.7557 19.9777 17.4329 16.8599 16.1822
threshold=0.080128207802772536 0.019748401828110222 0.086664777249097838 0.076985150575637831 0.76804643869400036 0.0089687905274331587 2.5249279737472539 0.72638148069381725 6.8018388748168954 3.5549397468566899 0.023238540627062324 3.0677825212478642 0.046536797657608993 0.71291208267211925
decision_type=2 2 2 2 2 2 2 2 2 2 2 2 2 2
left_child=1 2 -1 13 5 9 -7 -8 -9 10 -3 -10 -5 -4
right_child=-2 4 3 12 -6 6 7 8 11 -11 -12 -13 -14 -15
leaf_value=-0.026666290286496721 0.026188716779339379 0.034948825874995613 -0.013256011803448748 -0.011913260476743175 0.019329430101877466 -0.031436746824670861 0.020146383767364884 0.0075411126181464273 -0.051701441464183553 -0.016196597498982303 -0.0095981170155886083 -0.0024289861243285043 0.021883020169031542 0.04297064831142846
leaf_weight=333.23038117898182 335.70883043687354 34.223639499628803 11.896797445797345 488.29564459463381 171.38445230980096 28.704698942485265 248.37495958121212 141.23266382828012 31.536438495852053 241.67577228700679 50.971076356596313 33.439277369529009 30.766761003882266 40.437911762508293
leaf_count=19090 6983 480 458 114627 55085 418 1744 3418 205 6355 1408 106 3385 352
internal_value=-1.74939e-10 -0.00477471 -0.0134698 -0.00544746 0.00329401 -0.000292514 0.00583032 0.00880956 -0.00514571 -0.00924965 0.0100883 -0.0300498 -0.00953427 0.030113
internal_weight=2221.88 1886.17 904.627 571.397 981.543 810.159 483.288 454.583 206.208 326.87 85.1947 64.9757 519.062 52.3347
internal_count=214114 207131 137912 118822 69219 14134 5891 5473 3729 8243 1888 311 118012 810
is_linear=0
shrinkage=0.05


Tree=33
num_leaves=15
num_cat=0
split_feature=15 39 3 56 0 0 24 24 34 39 1 1 52 47
split_gain=103.132 42.3976 30.8491 29.0534 23.3353 19.1518 18.5437 43.394 34.8367 19.7057 32.5812 17.6315 17.037 16.4873
threshold=0.043940646573901183 0.026246787980198864 0.015038444194942715 1.0000000180025095e-35 0.011050061322748663 0.009569597430527212 0.23682122677564624 0.83773332834243786 0.09367780759930612 0.072596948593854918 0.0074350468348711738 0.012903762981295587 1.0000000180025095e-35 3.5972183942794804
decision_type=2 2 2 2 2 2 2 2 2 2 2 2 2 2
left_child=1 5 12 4 6 -1 8 -8 -3 -10 -11 -5 -2 -4
right_child=2 3 13 11 -6 -7 7 -9 9 10 -12 -13 -14 -15
leaf_value=-0.026731347472088954 0.014000300383028873 -0.020869936519399088 -0.0021272141212272449 -0.020062490650859303 0.020680505017800319 -0.00047705643168164107 -0.029955851970644862 0.0046040625874787201 0.043199486771030082 -0.0073899675315571402 0.029897646042927512 0.019918161206380489 -0.0073411209028975029 0.032640454809349878
leaf_weight=310.38587031791644 257.13150758936536 77.157492699270449 37.871433204971254 248.56823896849528 135.26579809489931 89.1608170254367 139.36235715755294 226.14288267058788 42.71204970159215 131.28030159999952 91.568606374674346 22.84576070914045 136.11846815701574 250.77009347686544
leaf_count=13619 11386 7440 251 5338 15362 1296 39768 107687 399 6290 1408 126 1231 2513
internal_value=8.67562e-11 -0.00726627 0.0160098 -0.00219167 0.00242285 -0.0210273 -0.00130362 -0.00902001 0.00694823 0.0154947 0.0085575 -0.016109 0.00661438 0.0281603
internal_weight=2196.34 1514.45 681.892 1114.9 843.489 399.547 708.224 365.505 342.718 265.561 222.849 271.414 393.25 288.642
internal_count=214114 198733 15381 183818 178354 14915 162992 147455 15537 8097 7698 5464 12617 2764
is_linear=0
shrinkage=0.05


Tree=34
num_leaves=15
num_cat=0
split_feature=2 0 44 34 39 25 1 44 45 34 26 39 24 1
split_gain=92.7928 39.036 25.61 25.4757 25.3311 31.2719 23.6991 18.5854 18.2284 17.736 17.0795 15.0399 22.2185 19.3484
threshold=0.0082305916585028189 0.015749008394777778 0.37595736980438238 0.021216884255409244 0.072596948593854918 8.6730523207734233e-07 0.011696306522935631 0.76804643869400036 5.2439420983319007e-07 0.69880446791648876 0.63423421978950512 0.36516535282135015 0.13230565935373309 0.0088107436895370501
decision_type=2 2 2 2 2 2 2 2 2 2 2 2 2 2
left_child=2 3 6 8 5 -5 -1 11 -2 -9 -8 12 -6 -14
right_child=1 -3 -4 4 7 -7 10 9 -10 -11 -12 -13 13 -15
leaf_value=-0.017626214405579776 0.00857262764619637 0.028987035118939804 0.0023504909636111043 -0.0071624360815819733 -0.0096803348344722817 0.036118507264380206 0.030097291677685625 0.039676179896992111 -0.023220526912240441 0.0040534132337375116 -0.0084061742089238077 -0.013614204970450496 -0.010688290311252785 0.040624946353930179
leaf_weight=720.36059542757118 66.984371739440576 218.48630635526206 307.81660592067533 53.354087445423602 83.541852336888383 143.12914867157815 38.415094143274473 47.738262036398538 105.78218257076514 95.186537374370317 63.273870976306057 162.48861141727639 21.241946021681429 51.149379600674138
leaf_count=35652 795 1866 125997 953 1097 586 368 3465 1780 34122 1465 3892 1865 211
internal_value=-4.99556e-10 0.0106557 -0.00990051 0.0055462 0.0100185 0.0245881 -0.014461 0.0034235 -0.0110992 0.0177682 0.00753172 -0.00336014 0.00750152 0.0260982
internal_weight=2178.95 1049.08 1129.87 830.596 657.83 196.483 822.05 461.347 172.767 142.925 101.689 318.422 155.933 72.3913
internal_count=214114 50632 163482 48766 46191 1539 37485 44652 2575 37587 1833 7065 3173 2076
is_linear=0
shrinkage=0.05


Tree=35
num_leaves=15
num_cat=0
split_feature=15 1 44 34 29 34 26 24 2 26 21 40 17 25
split_gain=88.9985 40.8043 28.2549 20.4985 18.6883 21.1817 18.5474 17.1105 15.6623 16.9156 16.4511 18.3395 16.9517 20.182
threshold=0.021832264959812168 0.016001024283468727 0.049077048897743232 0.0051866155117750177 0.052833313122391708 0.07294540107250215 0.58797526359558117 0.95031264424324047 0.016261236742138866 0.68626111745834362 0.93878683447837841 2.2191804873727965e-06 0.039230769500136382 0.00018622248899191621
decision_type=2 2 2 2 2 2 2 2 2 2 2 2 2 2
left_child=2 3 -1 -2 5 -4 -5 -6 9 -8 12 -12 13 -11
right_child=1 -3 4 6 7 -7 8 -9 -10 10 11 -13 -14 -15
leaf_value=-0.024998517387402497 -0.022504723849075824 0.033412120467690397 -0.010320344463842751 0.022985785812783297 -0.012734280202719156 0.040487357913978027 -0.017268501621708336 0.0081982881886319258 0.031769148389684608 0.025512838691515133 0.018586512494692054 -0.0097256639583908205 0.0013748020582275658 -0.020159901704641506
leaf_weight=267.09912712589301 52.586426883790637 138.9553524540388 32.327620132602988 145.73810779876339 489.15465971194681 34.013430899326522 85.904484618920833 114.00258660845395 38.795250660834427 199.60994312159011 63.363097255234607 252.95540648619863 228.51705442115298 19.879460204939051
leaf_count=14827 680 1641 1392 2144 102880 190 915 27400 661 27532 486 3435 29412 519
internal_value=6.24202e-10 0.00883414 -0.0115378 0.00541739 -0.00587877 0.0176203 0.00703821 -0.00870864 0.00419732 0.00258456 0.00501009 -0.00365855 0.0110769 0.020678
internal_weight=2162.9 1226.3 936.597 1087.35 669.498 66.3411 1034.76 603.157 889.025 850.229 764.325 316.319 448.006 219.489
internal_count=214114 67425 146689 65784 131862 1582 65104 130280 62960 62299 61384 3921 57463 28051
is_linear=0
shrinkage=0.05


Tree=36
num_leaves=15
num_cat=0
split_feature=2 0 29 39 34 29 40 33 44 21 47 39 44 34
split_gain=83.9216 34.6645 23.9633 18.7254 17.8956 17.1484 28.0721 19.4673 16.2475 16.1617 15.9641 15.759 19.5436 16.2662
threshold=0.0080972984433174151 0.015504807699471714 0.14306104928255084 0.25448337197303778 0.021216884255409244 0.073789108544588103 2.2526078282680832e-06 0.89587974548339855 0.76804643869400036 0.93670180439949047 3.7461014986038212 0.5120370388031007 0.0811784863471985 0.84689712524414074
decision_type=2 2 2 2 2 2 2 2 2 2 2 2 2 2
left_child=2 4 -1 -3 10 6 -6 -8 11 -5 -2 12 -7 -13
right_child=1 3 -4 9 5 8 7 -9 -10 -11 -12 13 -14 -15
leaf_value=-0.017272541077867267 -0.0232826936630562 0.032922594828326233 -0.0025238160434769485 0.01436082714666715 -0.0099891313981344543 -0.023941110345484476 -0.010284099927965648 0.043327672434237893 0.017595087990194994 -0.038557986355003196 0.0062120929227726307 -0.025386396941933155 0.012438610648286393 0.015193080118518108
leaf_weight=520.36973128099373 85.006905845744541 194.48262484426959 581.31271260104938 40.681982982860063 42.751471454102955 35.919349868851668 16.190352273143162 94.094946058667119 139.89996106341601 10.174049645662306 82.261588381385991 92.325595575311127 184.66794236746364 25.163586146663874
leaf_count=23832 1597 332 137985 2064 533 499 666 245 38313 79 1021 2583 3952 413
internal_value=-4.02985e-10 0.010111 -0.00958295 0.0261694 0.00491306 0.00875179 0.0227796 0.0352566 0.00388565 -0.000822195 -0.00924518 -0.00212998 0.00573335 -0.0161852
internal_weight=2145.3 1043.62 1101.68 245.339 798.282 631.013 153.037 110.285 477.976 50.856 167.268 338.076 220.587 117.489
internal_count=214114 52297 161817 2475 49822 47204 1444 911 45760 2143 2618 7447 4451 2996
is_linear=0
shrinkage=0.05


Tree=37
num_leaves=15
num_cat=0
split_feature=0 1 24 1 28 47 19 24 26 22 24 48 4 3
split_gain=81.0219 47.8544 39.8629 28.347 27.9777 21.9036 36.5935 34.4466 18.1963 22.7877 23.8104 17.7243 16.9041 15.9053
threshold=0.013986697886139156 0.010695492848753931 0.95154169201850902 0.011299795936793091 2.7403194904327397 3.7461014986038212 0.024976628832519058 0.23682122677564624 0.63423421978950512 6.8018388748168954 0.19811160862445834 0.77588433027267467 0.013793759513646366 0.015268065501004459
decision_type=2 2 2 2 2 2 2 2 2 2 2 2 2 2
left_child=1 2 5 4 -3 6 -1 -8 -5 12 -11 13 -10 -2
right_child=11 3 -4 8 -6 -7 7 -9 9 10 -12 -13 -14 -15
leaf_value=-0.023768311799882227 0.011490331004679392 0.041619671286825484 0.012354445615563123 0.020603479668055317 -0.0153302165610304 -0.0200827533480494 0.011683004062423327 -0.020556099492779752 0.012935218593060266 -0.046233441302628193 0.0065598274624282457 0.0055359995294810517 -0.026981358629593194 0.037448712637399635
leaf_weight=184.37270920394758 112.77796294248492 89.75236091658013 171.47578320702701 80.533846085811547 21.865267227898698 548.04524962303412 285.96748341881903 105.20197148187435 128.87134823038429 44.97418480925262 31.304490268230438 154.55365481868103 23.066770381832612 150.5296685139765
leaf_count=7409 934 398 39562 870 3694 122120 6464 3719 17801 312 128 8095 2377 231
internal_value=5.08634e-10 -0.00482972 -0.00957446 0.0096706 0.0301203 -0.0130006 -0.00602899 0.00271627 0.00156474 -0.00573658 -0.0263182 0.0194768 0.00558327 0.0271576
internal_weight=2133.29 1715.43 1295.06 420.368 111.618 1123.59 575.542 391.169 308.751 228.217 76.2787 417.861 151.938 263.308
internal_count=214114 204854 179274 25580 4092 139712 17592 10183 21488 20618 440 9260 20178 1165
is_linear=0
shrinkage=0.05


Tree=38
num_leaves=15
num_cat=0
split_feature=17 19 2 29 40 0 44 39 44 46 34 24 43 29
split_gain=75.003 41.3845 32.6988 20.147 28.454 17.9272 17.0226 20.2643 17.2246 16.741 14.813 13.8744 13.797 13.6236
threshold=0.080128207802772536 0.01507658511400223 0.0082305916585028189 0.073789108544588103 2.2519501499118637e-06 0.009569597430527212 0.76804643869400036 0.5120370388031007 0.0811784863471985 0.81605800986289989 0.74053984880447399 0.97101664543151867 3.5408543348312382 0.96184346079826366
decision_type=2 2 2 2 2 2 2 2 2 2 2 2 2 2
left_child=1 5 11 4 12 -1 7 8 -5 -2 -8 -3 -4 -12
right_child=9 2 3 6 -6 -7 10 -9 -10 -11 13 -13 -14 -15
leaf_value=-0.026840081195589484 0.030024651056392078 -0.0085027854908186259 -0.033493297256455209 -0.021241274881670772 0.033930256907601396 -0.0031465711074830671 0.034328532789307642 -0.020798577070854599 0.012043311250073919 0.004225779160054512 -0.024618200887365171 0.013572395034187543 0.012451387003774969 0.015711640694469481
leaf_weight=232.2919483718124 211.76471580660473 767.33792477675604 19.954277801007322 39.615374889074019 128.06460564086092 123.43664680143229 56.566230593395517 102.82310551568673 174.57724711883424 92.888318819936103 22.79767715879251 69.402465987204778 27.674435557797551 47.988898365998182
leaf_count=10099 458 146306 346 535 1100 1459 8417 2813 3768 6525 7941 5441 212 18694
internal_value=1.76364e-10 -0.00389195 -0.000116026 0.00850975 0.0223508 -0.0189293 0.00266583 -0.00360084 0.00521439 0.0225429 0.0173917 -0.00653312 -0.00926914 0.00128339
internal_weight=2117.18 1812.53 1456.8 620.062 175.693 355.729 444.369 317.016 214.193 304.653 127.353 836.74 47.6287 70.7866
internal_count=214114 207131 195573 43826 1658 11558 42168 7116 4303 6983 35052 151747 558 26635
is_linear=0
shrinkage=0.05


Tree=39
num_leaves=15
num_cat=0
split_feature=3 1 24 1 22 26 28 47 19 24 17 4 43 48
split_gain=71.4384 37.1021 36.8895 23.9623 24.7734 34.0508 24.3739 23.8353 35.2802 30.8733 23.5195 17.614 16.4033 16.8939
threshold=0.015038444194942715 0.010695492848753931 0.96002545952796947 0.011299795936793091 6.8018388748168954 0.64379698038101207 2.7403194904327397 3.7461014986038212 0.024976628832519058 0.23682122677564624 0.080128207802772536 0.0098524559289217013 1.7776740193367007 0.81791740655899059
decision_type=2 2 2 2 2 2 2 2 2 2 2 2 2 2
left_child=1 2 7 6 -5 -6 -3 8 10 -10 -1 -7 -2 -14
right_child=12 3 -4 4 5 11 -8 -9 9 -11 -12 -13 13 -15
leaf_value=-0.026491687170292579 -0.027373461558703124 0.038433769553396502 0.013462421837308607 0.011461647541062211 0.017102654165049785 -0.0084740440539124631 -0.014200372260973846 -0.018274930915084631 0.011980014565438001 -0.017897703272534825 0.030379752972240315 -0.054737929488096186 0.032658588720700793 0.0051495222939212729
leaf_weight=174.94544627881248 7.7871563290245822 89.058214940945618 167.9544493756257 226.51352356523944 45.358292745426297 44.35115925502032 22.580539526746861 571.51252860455872 312.675083288108 108.44631792398286 11.851378978230057 37.056296717375517 197.22458030067355 82.199572965892003
leaf_count=7441 30 409 23029 21337 138 297 3709 142071 6561 3848 18 185 690 4351
internal_value=-3.7978e-10 -0.00370715 -0.00789853 0.00835048 0.00171017 -0.0152784 0.0274956 -0.011028 -0.00402957 0.00404929 -0.0215231 -0.0332176 0.0227298 0.0250236
internal_weight=2099.51 1812.3 1347.39 464.918 353.279 126.766 111.639 1179.43 607.918 421.121 186.797 81.4075 287.211 279.424
internal_count=214114 209043 182968 26075 21957 620 4118 159939 17868 10409 7459 482 5071 5041
is_linear=0
shrinkage=0.05


Tree=40
num_leaves=15
num_cat=0
split_feature=15 1 44 29 34 40 34 26 44 26 30 15 43 20
split_gain=67.1511 32.0788 22.745 17.8594 19.4996 14.3601 13.7858 15.7088 15.1438 14.146 13.6722 12.0566 26.3755 18.3761
threshold=0.021832264959812168 0.016001024283468727 0.049077048897743232 0.052833313122391708 0.07294540107250215 2.2267503254624903e-06 0.0051866155117750177 0.58797526359558117 0.12734182924032214 0.68626111745834362 0.00089632999151945125 0.023238540627062324 2.5249279737472539 2.5717544538395035e-08
decision_type=2 2 2 2 2 2 2 2 2 2 2 2 2 2
left_child=2 6 5 4 -4 -1 -2 8 -8 -9 -7 -11 -13 -14
right_child=1 -3 3 -5 -6 10 7 9 -10 11 -12 12 13 -15
leaf_value=-0.0023626212539209893 -0.019012746511702743 0.03073276761588389 -0.0094469137275989424 -0.0079090408569616032 0.039766931265249085 -0.033274525650587729 0.030234895859965163 -0.014595869792307549 -0.0049280170767120567 0.02642834549285147 0.01215207087789214 -0.042065219952729632 0.028885623448337058 0.0028328316276393889
leaf_weight=67.188080874912174 47.87009228224656 126.089439236006 31.393741927623068 590.42608856932884 33.912522178367908 171.02746686858589 103.48193031171104 86.865461971261539 38.48004744206537 54.630015875945446 13.231673522885101 20.225768746808171 66.25237525862758 631.59054561113885
leaf_count=2478 680 1641 1392 130280 190 12011 846 922 1298 5408 338 434 288 55908
internal_value=1.13954e-09 0.00785942 -0.0101586 -0.0050975 0.0179962 -0.0226572 0.00484694 0.00616405 0.0210066 0.00349933 -0.0295548 0.00569405 0.00377528 0.00567939
internal_weight=2082.67 1175.49 907.18 655.732 65.3063 251.447 1049.4 1001.53 141.962 859.564 184.259 772.699 718.069 697.843
internal_count=214114 67425 146689 131862 1582 14827 65784 65104 2144 62960 12349 62038 56630 56196
is_linear=0
shrinkage=0.05


Tree=41
num_leaves=15
num_cat=0
split_feature=2 17 48 19 24 39 15 35 29 45 3 40 46 48
split_gain=63.6566 29.9222 17.5286 24.7267 17.7503 20.6306 17.3187 17.0326 16.7184 16.4447 15.712 17.5418 16.2145 15.1273
threshold=0.0080972984433174151 0.087121214717626586 0.6646488904953004 0.78906682133674633 0.95154169201850902 0.56752648949623119 0.012121656909585001 2.2519702724821404e-06 0.83184385299682628 1.6535668692085895e-05 0.011428944766521456 2.2489406319436971e-06 0.74754902720451366 0.759984850883484
decision_type=2 2 2 2 2 2 2 2 2 2 2 2 2 2
left_child=6 2 3 7 5 10 8 -2 -1 -9 13 -12 -13 -4
right_child=1 -3 4 -5 -6 -7 -8 9 -10 -11 11 12 -14 -15
leaf_value=-0.019069305749622584 0.030678574748867416 0.027619082247385265 -0.025347773248549862 -0.033005489381425474 0.020430650873401235 -0.022784029935130613 -0.0026820285023579937 -0.034543440014026809 0.0077825124849322455 0.015144861708457589 -0.0078566981958027148 0.031630198291209402 -0.0037375790520688917 0.0015350206268407128
leaf_weight=412.07580084145206 141.51754102144338 168.49021022477609 67.215227284653395 13.8019568488653 86.329929130648452 94.917833446362806 592.74834316579711 14.89553909859478 61.616006104421217 40.357534825673781 73.232381439767778 97.089672560745385 43.67740658578532 159.15454998291767
leaf_count=45193 1137 2488 985 416 16918 22592 71685 748 44939 1220 439 282 662 4410
internal_value=4.38001e-10 0.00901169 0.00496111 0.0170711 0.000653507 -0.00285229 -0.00846116 0.02201 -0.0154878 -0.00149142 0.00185433 0.0113068 0.0211362 -0.00718188
internal_weight=2067.12 1000.68 832.19 210.573 621.617 535.287 1066.44 196.771 473.692 55.2531 440.369 213.999 140.767 226.37
internal_count=214114 52297 49809 3521 46288 29370 161817 3105 90132 1968 6778 1383 944 5395
is_linear=0
shrinkage=0.05


Tree=42
num_leaves=15
num_cat=0
split_feature=2 17 48 44 1 48 19 24 0 23 0 23 2 15
split_gain=59.1392 26.2866 16.998 16.8693 18.6973 16.7065 24.8055 16.7291 19.1876 26.9429 16.837 16.8224 14.8953 14.2865
threshold=0.0080972984433174151 0.087121214717626586 0.81791740655899059 0.37595736980438238 0.011173533275723459 0.6646488904953004 0.78906682133674633 0.95154169201850902 0.009569597430527212 2.8617925643920903 0.011299795936793091 2.9174053668975835 0.010256679728627207 0.043940646573901183
decision_type=2 2 2 2 2 2 2 2 2 2 2 2 2 2
left_child=3 5 -3 4 -1 6 12 8 11 10 -10 -7 -2 -13
right_child=1 2 -4 -5 -6 7 -8 -9 9 -11 -12 13 -14 -15
leaf_value=-0.015207329110601084 0.035764847146975254 0.035642423111022253 0.00055457816114325685 0.0020720614891726052 0.0064185554417389079 -0.031922823028723714 -0.03330373242377959 0.019793423495516372 0.03863329478678644 -0.0082829661978506552 0.0043296825796876959 -0.011863263442762721 0.0079185125790690921 0.020103165823283607
leaf_weight=657.259279258834 89.322553552985937 119.25552383359172 47.528000689828332 288.2355378288828 111.7992054850107 70.750777929817559 13.866619598773466 86.898515909676235 60.829200923442841 159.38395379289864 78.089460500050336 123.93084616379542 107.4085047181286 37.526564855252218
leaf_count=34909 1330 297 2191 124610 2298 1230 416 16918 126 8377 359 17519 1775 1759
internal_value=8.26074e-11 0.00870579 0.0262405 -0.00819596 -0.0120215 0.00490284 0.0167142 0.000671812 -0.00276859 0.00556195 0.020936 -0.0132581 0.0216801 -0.00369434
internal_weight=2052.08 994.791 166.784 1057.29 769.058 828.007 210.598 617.409 530.511 298.303 138.919 232.208 196.731 161.457
internal_count=214114 52297 2488 161817 37207 49809 3521 46288 29370 8862 485 20508 3105 19278
is_linear=0
shrinkage=0.05


Tree=43
num_leaves=15
num_cat=0
split_feature=2 0 39 29 34 40 40 21 31 21 29 21 53 26
split_gain=56.9127 25.8005 16.4205 15.864 15.8606 15.2431 25.335 18.4214 21.871 16.6894 15.0151 12.623 12.5268 12.0878
threshold=0.0080972984433174151 0.015504807699471714 0.25448337197303778 0.14306104928255084 0.09367780759930612 2.2465902702606404e-06 2.2580368295166413e-06 0.93433499336242687 0.62019231915473949 0.94789975881576549 0.96184346079826366 0.93670180439949047 1.0000000180025095e-35 0.97481775283813488
decision_type=2 2 2 2 2 2 2 2 2 2 2 2 2 2
left_child=3 5 -3 -1 -5 9 7 -7 -9 -2 -8 -4 13 -6
right_child=1 2 11 4 12 6 10 8 -10 -11 -12 -13 -14 -15
leaf_value=-0.014541565007538207 -0.014118488703795616 0.030176689656365288 0.011625308155323949 0.028339843898899743 0.0022360139549398445 0.041007802384859321 -0.0042912599343651438 0.032113021097982059 -0.0076640884698934222 0.018277945226598202 0.021140946858736537 -0.036512315010949155 -0.023161126058984616 -0.018891372156298353
leaf_weight=489.85388211260431 168.17868133541901 171.38866939031868 37.626058257854311 29.637378319334857 394.43450724616241 71.88146121613687 302.11339552813143 49.755509929265827 74.944777293341758 41.938997285556979 61.297913419559677 9.1189863686449808 66.786840260960162 71.368608884072387
leaf_count=23832 2146 332 2064 434 130625 86 24182 203 1006 265 21934 79 1467 5459
internal_value=-2.19207e-10 0.0085717 0.0233604 -0.0080565 -0.00225085 0.00413705 0.00840998 0.0223915 0.00941279 -0.00711563 0.000449761 -0.00254491 -0.00444408 -0.00133005
internal_weight=2040.33 988.244 218.134 1052.08 562.227 770.111 559.993 196.582 124.7 210.118 363.411 46.745 532.59 465.803
internal_count=214114 52297 2475 161817 137985 49822 47411 1295 1209 2411 46116 2143 137551 136084
is_linear=0
shrinkage=0.05


Tree=44
num_leaves=15
num_cat=0
split_feature=3 1 24 31 47 19 24 17 43 36 22 1 47 33
split_gain=53.2174 25.9083 27.6777 26.6313 23.4403 26.6894 26.7645 25.449 23.2501 17.4308 16.877 16.4626 14.4625 13.3344
threshold=0.014185110572725536 0.010811126790940763 0.95154169201850902 0.54006412625312816 3.7461014986038212 0.024976628832519058 0.23682122677564624 0.080128207802772536 1.0000000180025095e-35 0.84523808956146251 6.7996129989624032 0.010929288342595102 3.7461014986038212 1.7005987167358401
decision_type=2 2 2 2 2 2 2 2 2 2 2 2 2 2
left_child=1 2 4 -3 5 7 -7 -1 -2 10 -10 13 -13 -5
right_child=8 3 -4 11 -6 6 -8 -9 9 -11 -12 12 -14 -15
leaf_value=-0.024390389046851833 -0.0429434515992358 0.032679158414557152 0.010639238714418285 -0.017141148749568538 -0.017659052426268151 0.011373533518377197 -0.017486516280393258 0.033268114746044547 0.00041542610667666922 -0.016641043165865146 0.028402101082729631 -0.016756572497843333 0.0055147394758873654 0.044710301253975043
leaf_weight=164.71184771636013 6.3068898972124989 72.751245100257165 179.31242859505596 5.815523994809328 525.82537158784703 304.31102295880555 98.269640115642687 12.758015980012713 67.974642689339476 23.658031743110769 255.21367245394504 109.49812523275614 178.25828206127341 23.482993010365135
leaf_count=7422 37 886 40492 763 123216 6557 3702 18 7509 172 627 1561 21133 19
internal_value=7.33435e-10 -0.00374164 -0.00715775 0.00741858 -0.0101129 -0.0030889 0.00407573 -0.0186919 0.0173608 0.0196301 0.0227049 0.000800339 -0.00323816 0.0311955
internal_weight=2028.15 1674.99 1285.19 389.806 1105.88 580.051 402.581 177.47 353.153 346.846 323.188 317.055 287.756 29.2985
internal_count=214114 205769 181407 24362 140915 17699 10259 7440 8345 8308 8136 23476 22694 782
is_linear=0
shrinkage=0.05


Tree=45
num_leaves=15
num_cat=0
split_feature=2 1 34 19 34 19 34 35 45 49 17 43 18 15
split_gain=49.5246 22.9355 14.5424 19.4156 30.5174 20.5825 17.6601 15.7821 15.4656 14.3246 17.1359 13.5781 14.8749 12.6679
threshold=0.0080972984433174151 0.016001024283468727 0.018858416005969051 0.15104504674673083 0.10730400681495668 0.029015605337917808 0.22021820396184924 1.87463001566357e-06 5.2439420983319007e-07 0.033825969323515899 0.064583335071802153 6.5923593044281015 6.7339966297149667 0.0082988981157541292
decision_type=2 2 2 2 2 2 2 2 2 2 2 2 2 2
left_child=9 2 8 4 5 7 -5 -4 -2 10 -1 12 -8 -11
right_child=1 -3 3 6 -6 -7 11 -9 -10 13 -12 -13 -14 -15
leaf_value=-0.020550717791597051 0.009946489070903744 0.028751346517497257 -0.014039474965378341 -0.033247936952016187 0.036595453421771014 -0.0091274916077778365 0.0088825827812588024 0.033802376022457364 -0.018860412438438539 -0.014220027964971405 0.016002283879484221 0.026751978404704932 -0.012611779146222989 0.00026947970572528516
leaf_weight=269.23550600625299 70.248166454454008 108.63759125761862 16.68272547994269 24.711358988392305 117.09237199664517 109.85640344858632 184.70398465675453 59.747349369972198 104.70048423598928 198.10042873506711 28.796416955179666 45.920828565605916 127.21604221639427 546.98687191583861
leaf_count=18496 778 994 215 771 772 1630 43023 327 1776 48457 229 210 1801 94635
internal_value=2.01323e-10 0.00809251 0.00518529 0.00845037 0.0176784 0.00452923 0.000868286 0.0229436 -0.00738103 -0.00752693 -0.0166141 0.00406406 -3.30566e-06 -0.00372023
internal_weight=2012.64 969.517 860.88 685.931 303.379 186.286 382.552 76.4301 174.949 1043.12 298.032 357.841 311.92 745.087
internal_count=214114 52297 51303 48749 2944 2172 45805 542 2554 161817 18725 45034 44824 143092
is_linear=0
shrinkage=0.05


Tree=46
num_leaves=15
num_cat=0
split_feature=17 19 2 46 3 49 19 34 44 29 24 26 39 31
split_gain=46.8671 28.8237 21.0291 16.3776 13.4434 14.5276 13.2699 25.6603 21.0772 13.4722 18.2169 12.1167 19.5848 12.1059
threshold=0.080128207802772536 0.013105242513120176 0.0082305916585028189 0.71103236079216015 0.015268065501004459 0.54592889547348034 0.15104504674673083 0.10730400681495668 0.76804643869400036 0.44239671528339392 0.83773332834243786 0.74521261453628551 0.63170915842056286 0.84292763471603405
decision_type=2 2 2 2 2 2 2 2 2 2 2 2 2 2
left_child=1 -1 -3 -2 5 -5 7 13 11 -10 -11 12 -8 -4
right_child=3 2 6 4 -6 -7 8 -9 9 10 -12 -13 -14 -15
leaf_value=-0.016574070904516919 0.030928724211489018 -0.0052125977283189063 0.0079795285962543944 -0.034265356776382039 0.01705548293535902 0.01227542419571491 0.01473916001902769 0.03460489921720477 0.040789615946876072 -0.036281620029594487 0.014423772899812119 -0.022092565553774566 -0.026910097968817128 -0.028046105994887122
leaf_weight=312.08279562245866 131.84841809300269 814.0446183245997 164.93993886455439 25.09498003115732 91.428605821234669 24.653683767552138 79.139641976754206 94.703252508355945 28.495419837534428 12.121060744303234 81.144450063476654 91.917512067133657 31.336399818421341 17.013670872187788
leaf_count=10736 326 152406 1547 278 2028 4351 1484 693 7 1269 33776 3724 594 895
internal_value=1.33261e-10 -0.00307435 -1.21258e-06 0.0188674 0.00630227 -0.013007 0.00702948 0.0148664 9.61528e-05 0.0158034 0.00495866 -0.00965256 0.00167234 0.00332533
internal_weight=1999.96 1726.94 1414.86 273.026 141.177 49.7487 600.811 276.657 324.154 121.761 93.2655 202.394 110.476 181.954
internal_count=214114 207131 196395 6983 6657 4629 43989 3135 40854 35052 35045 5802 2078 2442
is_linear=0
shrinkage=0.05


Tree=47
num_leaves=15
num_cat=0
split_feature=3 1 31 49 47 19 24 17 43 36 22 1 56 22
split_gain=45.4088 22.0213 24.3592 24.3325 24.3345 23.4521 25.3859 21.124 20.4818 16.0083 15.7773 15.2032 12.2951 15.2646
threshold=0.014185110572725536 0.010811126790940763 0.54006412625312816 0.50697344541549694 3.7461014986038212 0.024976628832519058 0.23682122677564624 0.080128207802772536 1.0000000180025095e-35 0.84523808956146251 6.7996129989624032 0.010929288342595102 1.0000000180025095e-35 6.8018388748168954
decision_type=2 2 2 2 2 2 2 2 2 2 2 2 2 2
left_child=1 3 -3 4 5 7 -7 -1 -2 10 -10 -4 13 -13
right_child=8 2 11 -5 -6 6 -8 -9 9 -11 -12 12 -14 -15
leaf_value=-0.023308928790147745 -0.041057799390574197 0.031309063440050355 0.030226453197629101 0.0074367217840207462 -0.0185928001572335 0.010678528534807019 -0.017225368228054434 0.030255223069599765 -5.4678342981338786e-05 -0.016540670389240033 0.027252204785334168 -0.0017499852831852408 0.0078218516953775918 -0.034347251629707275
leaf_weight=158.75925023190234 5.8448208328336468 71.235746587892436 28.172463746176163 241.03509880615024 447.66266309884168 304.78919089050032 100.27105573541485 12.028344845399259 66.753876475953575 22.921055778610025 244.08565694798017 112.15822900751823 128.29247729247436 43.652554697357118
leaf_count=7421 37 886 782 130077 33930 6509 3452 18 7509 172 627 21493 869 332
internal_value=8.31067e-11 -0.0034529 0.00691808 -0.00662781 -0.0099799 -0.00308117 0.00352244 -0.0180716 0.0163759 0.0185468 0.021569 0.000555203 -0.00331479 -0.0124033
internal_weight=1987.66 1648.06 383.511 1264.55 1023.51 575.848 405.06 170.788 339.605 333.761 310.84 312.276 284.103 155.811
internal_count=214114 205769 24362 181407 51330 17400 9961 7439 8345 8308 8136 23476 22694 21825
is_linear=0
shrinkage=0.05


Tree=48
num_leaves=15
num_cat=0
split_feature=0 34 15 24 24 25 1 46 0 25 48 40 46 40
split_gain=42.1059 23.8362 24.5166 23.4144 32.3149 20.2477 17.6615 15.138 17.29 17.8235 13.7035 15.1116 12.0617 28.1663
threshold=0.0093025267124176043 0.059924498200416572 0.043404377996921546 0.23682122677564624 0.83773332834243786 0.014249553903937342 0.016001024283468727 0.70820432901382457 0.0064309346489608296 3.1066120698142191e-07 0.54993104934692394 2.2191804873727965e-06 0.72638148069381725 2.2439611484514903e-06
decision_type=2 2 2 2 2 2 2 2 2 2 2 2 2 2
left_child=1 2 -1 7 -5 6 12 10 9 -9 -3 -12 13 -2
right_child=5 3 -4 4 -6 -7 -8 8 -10 -11 11 -13 -14 -15
leaf_value=-0.020957890856316871 -0.010703709255189169 0.023219346572570548 0.019469778505426302 -0.026235027745821572 0.0028148178109470611 -0.023035954352155261 0.030069959070921054 -0.013538107400614882 -0.010307210710238247 0.024171475269874208 0.013093893427450388 -0.02258824380890213 0.00056577763991118779 0.021602645874160206
leaf_weight=321.97098580368765 82.488966736651491 23.19326807588169 34.38249566295417 164.19206191437286 208.70352122724654 38.248674848000519 92.370934679129277 30.129852668408319 56.971274892622432 202.50537386519278 34.063956391415559 93.047848867963694 326.9835528186793 265.75673482616003
leaf_count=17755 904 447 284 39556 102809 461 901 4112 1894 4033 1162 2786 34608 2402
internal_value=-2.62785e-11 -0.00604209 -0.0166323 -0.00125339 -0.0103274 0.00873274 0.0105916 0.00649689 0.0130271 0.0189308 -0.00611319 -0.0127684 0.00752705 0.0138651
internal_weight=1975.01 1169.16 356.353 812.807 372.896 805.849 767.6 439.912 289.607 232.635 150.305 127.112 675.229 348.246
internal_count=214114 174838 18039 156799 142365 39276 38815 14434 10039 8145 4395 3948 37914 3306
is_linear=0
shrinkage=0.05


Tree=49
num_leaves=15
num_cat=0
split_feature=0 49 49 1 45 48 20 48 40 49 0 36 48 0
split_gain=39.3043 28.5474 20.9162 16.3905 18.6342 15.8584 29.6601 20.2855 16.3961 21.3475 15.2003 13.6029 13.1684 13.1007
threshold=0.013986697886139156 0.047250956296920783 0.050201235339045532 0.0090499590151011961 2.239334321529896e-06 0.66050714254379284 2.6811321163222604e-08 0.75390785932540905 2.0685610024884231e-06 0.20768228173255923 0.010582306887954475 0.36931818723678594 0.77588433027267467 0.010811126790940763
decision_type=2 2 2 2 2 2 2 2 2 2 2 2 2 2
left_child=1 3 -3 4 -1 6 11 8 -7 -10 -5 -4 -2 -6
right_child=12 2 5 10 13 7 -8 -9 9 -11 -12 -13 -14 -15
leaf_value=-0.025003849403726398 0.021953234055618723 0.032829462444024252 -0.020744127018900348 0.0094053403652830988 -0.011000658105972181 0.01638395062643664 -0.015130948037636652 0.00087585819108010592 -0.034425611934570395 0.0055316503164152073 -0.02248140988975976 0.028499518239900396 0.0021567627095438516 0.024979086005520446
leaf_weight=270.14105614966218 222.95059131932067 40.322296533446888 8.4453095170902071 122.43176659142659 70.344391284980816 23.041424445458688 61.824009128818034 654.87221696287236 110.65159033726286 42.788032683793631 42.072255419654539 131.0293448677985 135.08886158768473 26.930375560296625
leaf_count=15777 1165 522 182 3053 6089 305 3186 167303 2299 3777 501 1559 8095 301
internal_value=-8.20261e-10 -0.00336056 0.00135193 -0.012716 -0.018457 -0.000180258 0.0120676 -0.00325406 -0.0178042 -0.0236265 0.000429263 0.0243295 0.0147455 0.000360251
internal_weight=1962.93 1604.89 1072.97 531.92 367.416 1032.65 201.299 831.353 176.481 153.44 164.504 139.475 358.039 97.2748
internal_count=214114 204854 179133 25721 22167 178611 4927 173684 6381 6076 3554 1741 9260 6390
is_linear=0
shrinkage=0.05


Tree=50
num_leaves=15
num_cat=0
split_feature=17 19 2 46 26 19 46 34 4 0 34 2 40 44
split_gain=36.9648 22.8426 17.1517 14.7366 11.6955 27.9411 14.2895 12.4144 16.1373 12.9491 12.1776 13.7811 11.3116 11.2024
threshold=0.080128207802772536 0.013105242513120176 0.0082305916585028189 0.71103236079216015 0.76069921255111705 0.69749942421913158 0.70820432901382457 0.10730400681495668 0.011050061322748663 0.0096620614640414732 0.11899429932236673 0.0099504948593676108 2.2311224938675882e-06 0.049077048897743232
decision_type=2 2 2 2 2 2 2 2 2 2 2 2 2 2
left_child=1 -1 -3 -2 5 7 -6 8 9 -4 -9 -12 -5 -8
right_child=3 2 4 12 6 -7 13 10 -10 -11 11 -13 -14 -15
leaf_value=-0.014983757961954589 0.029019486869283392 -0.0046817390172937045 -0.011146154714915509 0.02584655012210952 -0.032257428675897135 -0.025317683309913082 0.025868337413502886 0.046840786625905705 -0.028301780106792098 0.02748596108228156 0.031660175065650525 -1.4579976288398544e-05 -0.0040324252179951116 -0.0015218242795836047
leaf_weight=300.27189952755953 124.14087575474332 808.32951481186979 26.944014756008926 35.281462462618947 22.320500784204341 32.835809073643759 34.484015832160139 44.946263991296291 19.969637322705239 50.368284200550988 60.08684370615731 67.310015695908987 98.499808136042702 226.43960871842131
leaf_count=10736 326 152406 605 87 527 661 626 32 182 210 723 1322 6570 39101
internal_value=-5.33182e-10 -0.00271404 1.67278e-05 0.0172645 0.00647081 0.013142 -0.000858221 0.0185637 0.00372199 0.0142878 0.0262777 0.0161418 0.00509699 0.0029193
internal_weight=1952.23 1694.31 1394.03 257.922 585.705 302.461 283.244 269.625 97.2819 77.3123 172.343 127.397 133.781 260.924
internal_count=214114 207131 196395 6983 43989 3735 40254 3074 997 815 2077 2045 6657 39727
is_linear=0
shrinkage=0.05


Tree=51
num_leaves=15
num_cat=0
split_feature=2 0 39 49 1 4 22 28 47 43 55 4 4 26
split_gain=34.5267 18.4635 13.516 12.3903 13.4163 12.387 17.211 14.2302 12.0705 13.1845 14.3581 16.1226 11.4711 11.3271
threshold=0.0080972984433174151 0.015504807699471714 0.25448337197303778 0.86112257838249218 0.012121656909585001 0.013793759513646366 6.8018388748168954 1.2424533367156985 3.5972183942794804 3.3140207529067998 1.0000000180025095e-35 0.0065574476029723891 0.0066445916891098031 0.63423421978950512
decision_type=2 2 2 2 2 2 2 2 2 2 2 2 2 2
left_child=3 5 -3 4 8 7 -7 -2 -1 -10 12 -12 -11 -6
right_child=1 2 -4 -5 13 6 -8 -9 9 10 11 -13 -14 -15
leaf_value=0.0011587033118941176 -0.020840610643927941 0.02695475578469634 -0.0040005580271202656 0.011178114023802683 0.028507696872418737 0.0035158495615241051 -0.035917055548606677 0.0078267606457344194 -0.035748375235787798 -0.0079240922584753268 -0.01379746466980622 0.033267068540298116 -0.023660578832628735 -0.003451549430713228
leaf_weight=182.46465182630357 37.102245066838691 150.48768841454876 42.164026252765325 83.680576231881446 33.186231950373895 66.489010924618924 35.553745172917843 594.63175129445301 51.528682040696026 365.00651971491493 26.574221100658178 28.485155057162046 172.67749595984185 72.352329202726196
leaf_count=10130 1146 332 2143 81611 422 3903 155 44618 1655 45371 463 233 18165 3767
internal_value=2.08496e-10 0.00694197 0.0203167 -0.0063362 -0.00801022 0.0032045 -0.0122028 0.00584458 -0.0101522 -0.0133243 -0.0108142 0.0119223 -0.0133176 0.00819551
internal_weight=1942.38 926.428 192.652 1015.96 932.275 733.777 102.043 631.734 826.737 644.272 592.743 55.0594 537.684 105.539
internal_count=214114 52297 2475 161817 80206 49822 4058 45764 76017 65887 64232 696 63536 4189
is_linear=0
shrinkage=0.05


Tree=52
num_leaves=15
num_cat=0
split_feature=3 43 1 24 31 43 18 49 24 22 0 48 36 15
split_gain=33.3059 18.8527 18.3097 23.2276 23.0047 21.9215 20.2597 16.2327 20.7129 14.8975 13.7487 14.0148 11.2431 11.8714
threshold=0.014185110572725536 1.0000000180025095e-35 0.0083683477714657801 0.96655097603797924 0.54006412625312816 1.7776740193367007 6.7387444972991952 0.047250956296920783 0.061863407492637641 6.8018388748168954 0.016261236742138866 0.70210877060890209 0.7947368621826173 0.046863062307238586
decision_type=2 2 2 2 2 2 2 2 2 2 2 2 2 2
left_child=2 -2 3 5 -4 6 -1 -7 9 -9 11 -3 -6 -14
right_child=1 10 4 -5 12 7 -8 8 -10 -11 -12 -13 13 -15
leaf_value=0.028701916118969772 -0.040477456801562783 0.023171527429056107 0.026143295057856827 0.013171960616784346 -0.0050836063190179389 -0.020968176731884221 -0.022697057746632714 -0.0079467536126226184 -0.011185702375552949 0.02786225362320742 0.034411733093022458 -0.00041625169795984381 -0.0043257228259839268 0.024094786034667491
leaf_weight=56.774446810304767 5.8099208492785683 103.6174958169679 89.106509764319242 118.88597074761674 345.15761778871723 304.64703349892773 18.40348099404946 44.699181596258256 441.94040383597832 57.611949878744781 73.326561727182707 140.49916476761609 62.170071485385392 71.483708027226385
leaf_count=654 37 730 1768 14068 42804 20691 391 2457 120856 365 212 7366 1403 312
internal_value=1.94287e-10 0.014396 -0.00295982 -0.00687028 0.00421623 -0.0095622 0.014932 -0.01188 -0.00650631 0.0129029 0.0166058 0.0101136 -0.000315739 0.0114939
internal_weight=1934.13 323.253 1610.88 1042.96 567.918 924.076 75.1779 848.899 544.252 102.311 317.443 244.117 478.811 133.654
internal_count=214114 8345 205769 159482 46287 145414 1045 144369 123678 2822 8308 8096 44519 1715
is_linear=0
shrinkage=0.05


Tree=53
num_leaves=15
num_cat=0
split_feature=15 1 44 29 34 26 49 25 4 20 26 35 40 49
split_gain=30.3355 18.1113 15.6556 15.1297 14.6132 10.2904 17.5345 17.3152 15.7762 16.8184 15.6877 12.4875 12.3464 11.937
threshold=0.019748401828110222 0.016001024283468727 0.049077048897743232 0.052833313122391708 0.07294540107250215 0.58797526359558117 0.047250956296920783 0.00019229188183089721 1.0000000180025095e-35 2.81581380434659e-08 0.85431426763534557 0.001167737413197756 2.2338136886901343e-06 0.050201235339045532
decision_type=2 2 2 2 2 2 2 2 2 2 2 2 2 2
left_child=2 5 -1 4 -4 -2 8 13 12 10 -10 -9 -7 -8
right_child=1 -3 3 -5 -6 6 7 11 9 -11 -12 -13 -14 -15
leaf_value=-0.018810652663908432 0.014916279030543496 0.024371408958426419 -0.0072080241626044199 -0.0058256305597412872 0.038321216459062848 -0.027076131503525225 0.037094911576496636 -0.037075794370418608 -0.032066489273192299 0.007651649900784885 0.016810010774933114 -0.0008749465405045525 0.014150301824406249 0.0072233172529929572
leaf_weight=209.68667639076864 147.45030790534656 102.11368627878255 26.308553827290098 530.20160905129239 30.754705252084932 12.95292109728325 27.062689379361416 24.9370570005849 117.73296081909211 43.42803862885944 12.542342915781772 76.460254327385314 82.476281817507015 476.71599486543408
leaf_count=14326 2681 1641 1347 122441 183 212 84 365 1880 764 117 912 1112 66049
internal_value=2.26795e-10 0.00527344 -0.00740987 -0.00309236 0.0193855 0.00314709 0.00101601 0.00572125 -0.00939019 -0.0180084 -0.026498 -0.012307 0.00651708 0.00951877
internal_weight=1920.82 1123.87 796.952 587.265 57.0633 1021.76 874.309 605.176 269.133 173.703 130.275 101.397 95.4292 503.779
internal_count=214114 75817 138297 123971 1530 74176 71495 67410 4085 2761 1997 1277 1324 66133
is_linear=0
shrinkage=0.05


Tree=54
num_leaves=15
num_cat=0
split_feature=0 49 49 47 48 20 48 40 49 36 48 48 17 1
split_gain=30.0073 21.8584 18.0697 15.1144 13.5563 25.4522 16.5935 14.9095 18.9386 12.2295 11.6193 10.8109 10.5056 10.0925
threshold=0.013986697886139156 0.047250956296920783 0.050201235339045532 3.9219243526458745 0.66050714254379284 2.6811321163222604e-08 0.75390785932540905 2.0685610024884231e-06 0.20768228173255923 0.36931818723678594 0.5288667380809785 0.77588433027267467 0.022474748082458976 0.0066890381276607522
decision_type=2 2 2 2 2 2 2 2 2 2 2 2 2 2
left_child=1 3 12 13 5 9 7 -6 -9 -4 -7 -2 -3 -1
right_child=11 2 4 -5 6 10 -8 8 -10 -11 -12 -13 -14 -15
leaf_value=-0.013809133110966008 0.019892674304091515 -0.011503817295512329 -0.020396539886003345 -0.027695656809010573 0.015749842106809298 0.014371322599057386 0.00062259929930210149 -0.032821353904617101 0.0052144112280069869 0.02653401799495338 -0.027021417958171503 0.001633006289322129 0.041073094924581409 0.0016470200857546064
leaf_weight=218.05057443637645 212.30172769094042 7.5104425068897163 8.1349453659496458 101.89990543160263 23.391953552374616 17.600430586222615 649.04285581380918 105.22145380969573 42.261884377225556 129.27381929988042 41.945070361057333 130.60623036338984 31.820736074119623 193.15904289233731
leaf_count=10186 1165 383 182 11363 305 825 167303 2299 3777 1559 2361 8095 139 4172
internal_value=-3.38227e-10 -0.00294545 0.00118357 -0.0113049 -0.000247686 0.0112036 -0.00310027 -0.0164936 -0.0222831 0.0225604 -0.0144794 0.0131813 0.0307365 -0.00668212
internal_weight=1912.22 1569.31 1056.2 513.11 1016.87 196.954 819.918 170.875 147.483 137.409 59.5455 342.908 39.3312 411.21
internal_count=214114 204854 179133 25721 178611 4927 173684 6381 6076 1741 3186 9260 522 14358
is_linear=0
shrinkage=0.05


Tree=55
num_leaves=15
num_cat=0
split_feature=0 1 24 31 3 4 0 15 15 34 19 35 36 36
split_gain=27.1366 20.0026 19.0735 15.8604 14.7696 15.7385 14.8339 12.9607 11.7012 10.964 11.109 10.4525 10.3217 11.6826
threshold=0.013986697886139156 0.0083683477714657801 0.95478740334510814 0.54006412625312816 0.01197647722437978 0.0078432578593492525 0.0092167854309082049 0.038997204974293716 0.031600331887602813 0.018858416005969051 0.36603587865829473 0.00097652775002643477 0.80909091234207164 0.88749998807907116
decision_type=2 2 2 2 2 2 2 2 2 2 2 2 2 2
left_child=1 2 -1 7 5 -5 11 8 -3 -6 -11 -7 -2 -14
right_child=12 3 -4 4 9 6 -8 -9 -10 10 -12 -13 13 -15
leaf_value=-0.0099340308670822011 0.015350210921029471 -0.0032690881995135488 0.0091956051107388165 0.0042955197614073818 -0.013645994357892348 -0.014430047636695404 -0.036964640335188891 -0.005110195657682436 0.045212543314589682 0.028632033874122654 -0.00050101887622955722 0.01862007736817 -0.031433891285805537 0.017407777572995855
leaf_weight=847.19377936017167 309.74789841775691 14.442766675398614 145.5441244550866 186.56021996734069 24.797504939459031 64.255446144259849 48.599926207590215 25.860937743913382 44.801204459370638 84.044656036057859 49.663086595914933 25.597680881432098 18.487298285268484 12.996553309996669
leaf_count=129063 8993 1099 29310 27576 272 7841 1893 473 163 359 3920 2885 126 141
internal_value=-7.1986e-10 -0.00280843 -0.00706572 0.00461788 0.000926968 -0.00516539 -0.0173442 0.0232852 0.0346282 0.0129845 0.0185293 -0.00409279 0.0125645 -0.0119359
internal_weight=1902.59 1561.36 992.738 568.623 483.519 325.013 138.453 85.1049 59.244 158.505 133.708 89.8531 341.232 31.4839
internal_count=214114 204854 158373 46481 44746 40195 12619 1735 1262 4551 4279 10726 9260 267
is_linear=0
shrinkage=0.05


Tree=56
num_leaves=15
num_cat=0
split_feature=3 24 1 43 18 31 48 49 29 15 18 43 39 46
split_gain=26.4709 16.709 21.1288 20.092 19.339 17.2257 14.9396 13.3973 16.9269 17.3554 12.9099 12.7375 11.09 12.3268
threshold=0.015038444194942715 0.97101664543151867 0.0083683477714657801 1.7776740193367007 6.7387444972991952 0.54006412625312816 0.77588433027267467 0.047250956296920783 0.052833313122391708 0.0082305916585028189 6.7220277786254892 2.9700856208801274 0.4423572719097138 0.76157894730567943
decision_type=2 2 2 2 2 2 2 2 2 2 2 2 2 2
left_child=1 2 3 4 -1 10 -2 -5 9 -9 -4 -7 13 -13
right_child=6 -3 5 7 -6 11 -8 8 -10 -11 -12 12 -14 -15
leaf_value=0.028428581948695592 0.02441320600183149 0.014707057259878193 -0.017206418037797797 -0.018876349175253007 -0.022452804163195728 -0.027990578404622164 -0.0014563068866523885 -0.025049765996871327 -0.009427679706958441 0.023975858144075969 0.029075596444786012 0.013523715283951469 -0.0099183678812080501 -0.0058213835655641071
leaf_weight=56.884749947668638 149.22546906150455 124.08484970447898 11.182474718450122 300.93940109626749 17.475907507352531 28.110552329220809 84.27050964710088 14.529560939785368 482.16053888268391 69.869049520221211 81.203183987468947 221.51628652971704 129.98940426581396 120.66423420110351
leaf_count=657 593 9499 754 20952 392 476 4478 985 130198 1158 1083 1950 35667 5272
internal_value=-8.73326e-10 -0.00224733 -0.00370464 -0.00832511 0.0152266 0.00365447 0.0154003 -0.0104944 -0.00579206 0.0137764 0.0223402 -0.000166358 0.00203631 0.00673039
internal_weight=1892.11 1658.61 1534.53 941.859 74.3607 592.666 233.496 867.499 566.559 84.3986 92.3857 500.28 472.17 342.181
internal_count=214114 209043 199544 154342 1049 45202 5071 153293 132341 2143 1837 43365 42889 7222
is_linear=0
shrinkage=0.05


Tree=57
num_leaves=15
num_cat=0
split_feature=0 34 24 24 25 15 46 40 26 34 4 34 45 29
split_gain=24.7159 19.8256 20.7687 27.4475 17.8559 16.2012 14.1824 21.6837 18.3505 16.5457 13.9311 13.2455 16.0245 22.4323
threshold=0.009569597430527212 0.059924498200416572 0.23682122677564624 0.83773332834243786 0.014249553903937342 0.043404377996921546 0.72638148069381725 2.2439611484514903e-06 0.73647660017013561 0.34886841475963598 0.0086581707000732439 0.62100389599800121 6.005693364841137e-07 0.052833313122391708
decision_type=2 2 2 2 2 2 2 2 2 2 2 2 2 2
left_child=1 5 11 -4 6 -1 7 10 -8 -9 -2 12 -3 -14
right_child=4 2 3 -5 -6 -7 8 9 -10 -11 -12 -13 13 -15
leaf_value=-0.018203608393603379 0.010948291940610765 -0.0090234072963771891 -0.024154391650078402 0.0030552253287714401 -0.024422493674100883 0.014522275867825452 -0.029070762229527747 0.026723566327661874 0.0055394442779228168 -0.0051459468624955968 -0.025946448415669468 0.022161881429692692 0.038407188638264117 0.00066092252533915487
leaf_weight=306.14989693618111 47.277834521024658 161.73162908323675 155.47847846850854 206.24137476221708 33.144145785481669 35.434340571184293 33.780627910746261 244.36652081583156 296.65801152928117 45.022375633343472 37.11155052902177 99.240444108378142 46.661717068088365 130.09383940213505
leaf_count=17928 568 8213 39884 104625 432 306 441 1694 32723 605 310 1374 689 4322
internal_value=-2.40945e-10 -0.00459713 -0.000242373 -0.00897548 0.00708017 -0.0144923 0.00888404 0.0154234 0.00125126 0.0217591 -0.00630667 0.00701359 0.00206379 0.0121485
internal_weight=1878.39 1141.03 799.447 361.72 737.361 341.584 704.217 373.778 330.439 289.389 84.3894 437.728 338.487 176.756
internal_count=214114 177341 159107 144509 36773 18234 36341 3177 33164 2299 878 14598 13224 5011
is_linear=0
shrinkage=0.05


Tree=58
num_leaves=15
num_cat=0
split_feature=17 24 1 43 28 2 48 43 21 46 48 34 39 48
split_gain=24.3561 15.2799 17.7685 16.0369 18.0064 13.8658 13.4244 13.0769 16.2866 12.2386 13.1251 12.3987 14.4332 11.0485
threshold=0.087121214717626586 0.97101664543151867 0.0083683477714657801 2.5249279737472539 2.0126758217811589 0.015038444194942715 0.81791740655899059 2.4414010047912602 0.93781483173370372 0.70820432901382457 0.6349395513534547 0.059924498200416572 0.057361811399459846 0.54571080207824718
decision_type=2 2 2 2 2 2 2 2 2 2 2 2 2 2
left_child=1 2 5 -4 -5 7 -2 8 -1 13 -11 -12 -13 -9
right_child=6 -3 3 4 -6 -7 -8 9 -10 10 11 12 -14 -15
leaf_value=0.020592777064390406 0.027675842015104458 0.014517776880352017 -0.024643389355098307 0.02227268716600676 0.0010666471711132397 0.020844459574060531 -0.0040130614901447608 0.0053602650371372997 -0.019274777751062008 0.013651066861402647 -0.021323708141322541 0.025914420679394076 -0.0071577408042173014 -0.024205534612832716
leaf_weight=68.477488563643305 105.47042466524726 123.90034035179997 37.982154486875629 115.99344378092792 492.6532438787043 32.419667024211321 43.800923951275763 33.251911031394457 28.865203446650412 62.349074478956936 141.33004238826226 26.522730825624137 348.6592853535119 205.103729705006
leaf_count=1903 401 9675 873 1279 43154 1832 3236 4201 1627 2216 9075 369 125702 8571
internal_value=1.18979e-10 -0.00172493 -0.00307043 0.00328941 0.00540271 -0.00740214 0.0187092 -0.00861806 0.00807648 -0.0106802 -0.00655503 -0.00920709 -0.00420769 -0.0200312
internal_weight=1866.78 1717.51 1593.61 646.629 608.647 946.979 149.271 914.559 97.3427 817.217 578.861 516.512 375.182 238.356
internal_count=214114 210477 200802 45306 44433 155496 3637 153664 3530 150134 137362 135146 126071 12772
is_linear=0
shrinkage=0.05


Tree=59
num_leaves=15
num_cat=0
split_feature=0 34 24 24 25 15 46 44 24 48 40 25 39 34
split_gain=21.8805 17.6992 18.2402 24.7915 14.3854 13.5657 13.046 19.5135 17.7774 16.4321 14.6141 14.1998 13.9791 12.8301
threshold=0.009569597430527212 0.059924498200416572 0.23682122677564624 0.83773332834243786 0.014249553903937342 0.043404377996921546 0.72638148069381725 0.16886923462152484 0.18808082491159442 0.86323732137680065 2.2387999933926044e-06 0.00073743404936976742 0.057361811399459846 0.62100389599800121
decision_type=2 2 2 2 2 2 2 2 2 2 2 2 2 2
left_child=1 5 13 -4 6 -1 7 10 9 -8 -2 -9 -11 -3
right_child=4 2 3 -5 -6 -7 8 11 -10 12 -12 -13 -14 -15
leaf_value=-0.017266575828706176 -0.0028226375459835962 0.0016460429494792675 -0.023157604545553916 0.0029331003539855489 -0.021874875082726647 0.012902128877826999 -0.023017051620429468 -0.027470490241664442 0.013028473723603429 0.019765123365379549 0.024251540460595706 0.01902047762381413 -0.018502982839459052 0.021379631649961664
leaf_weight=299.30093259816931 58.882937627495153 335.49851817055401 151.54588081511591 204.15941013819926 32.371379490476102 35.023332750148256 92.96225051849737 35.706470450599681 153.00306752243486 55.298668268789243 257.07966032193508 17.021747256079493 28.208870624253507 100.02050165133551
leaf_count=17928 568 13224 39884 104625 432 306 1041 607 30922 712 1494 508 489 1374
internal_value=-1.43091e-10 -0.00436056 -0.000239585 -0.00851195 0.00668656 -0.0138232 0.00830105 0.0146321 0.000994047 -0.00957919 0.0192742 -0.0118226 0.00624183 0.00655618
internal_weight=1856.08 1125.55 791.224 355.705 730.535 334.324 698.164 368.691 329.473 176.47 315.963 52.7282 83.5075 435.519
internal_count=214114 177341 159107 144509 36773 18234 36341 3177 33164 2242 2062 1115 1201 14598
is_linear=0
shrinkage=0.05


Tree=60
num_leaves=15
num_cat=0
split_feature=3 15 34 19 46 48 49 26 24 22 27 24 17 24
split_gain=20.6277 14.2561 12.6403 28.8013 17.9766 18.1272 13.5346 13.2147 19.4721 12.5137 12.369 11.6003 20.3066 16.7482
threshold=0.016261236742138866 0.0082305916585028189 0.059924498200416572 0.15104504674673083 0.87689393758773815 0.54571080207824718 0.01933056861162186 0.78526219725608837 0.83773332834243786 6.7973818778991708 2.9700856208801274 0.016403277404606346 0.057189542800188072 0.0082472558133304136
decision_type=2 2 2 2 2 2 2 2 2 2 2 2 2 2
left_child=1 -1 11 6 5 -5 -4 -6 -9 -8 -7 12 13 -3
right_child=-2 2 3 4 7 10 9 8 -10 -11 -12 -13 -14 -15
leaf_value=-0.01155897797669196 0.026009018300885735 -0.020999197672501302 -0.011816420181251388 0.022421328072857672 0.020561927602827757 0.0029865575331915525 -0.011764074772865481 -0.023364105409372924 0.0072949089622191656 0.025360291150970854 -0.018326208084911946 -0.011325954648696132 0.024143416315099954 0.013722554634026702
leaf_weight=264.08410646735342 63.240908491170558 79.26966514606039 27.538357552813238 32.40758984266688 106.68913222395349 90.335189603210893 19.474044245313905 56.537929960449077 223.69529750113728 213.68023182323668 238.11051047255273 314.90931734510451 68.059651330138877 48.129233466952655
leaf_count=56796 868 3125 1429 2636 1334 1646 2377 22699 105000 1333 4927 7814 413 1717
internal_value=-3.88949e-10 -0.00106247 0.000826254 0.00406041 -0.000985639 -0.00888878 0.0180363 0.00642327 0.000517469 0.0219032 -0.0125493 -0.00551954 0.00393129 -0.00783783
internal_weight=1846.16 1782.92 1518.84 1008.47 747.776 360.853 260.693 386.922 280.233 233.154 328.446 510.368 195.459 127.399
internal_count=214114 213246 156450 143381 138242 9209 5139 129033 127699 3710 6573 13069 5255 4842
is_linear=0
shrinkage=0.05


Tree=61
num_leaves=15
num_cat=0
split_feature=1 46 44 19 46 34 20 39 15 4 18 26 30 25
split_gain=19.4591 15.1179 14.3155 14.8697 34.9635 17.1422 15.4001 14.7946 12.6358 13.5931 20.1281 18.649 13.912 13.1508
threshold=0.015749008394777778 0.71103236079216015 0.06726893782615663 0.15104504674673083 0.84159052371978771 0.22021820396184924 2.6767898120283465e-08 0.020933249033987526 0.012270400300621988 0.0064309346489608296 6.7339966297149667 0.78291752934455883 9.1178765160293562e-07 0.00017948580352822321
decision_type=2 2 2 2 2 2 2 2 2 2 2 2 2 2
left_child=2 -2 8 4 6 -5 7 -4 -1 10 -10 -11 -12 -14
right_child=1 -3 3 5 -6 -7 -8 -9 9 11 12 -13 13 -15
leaf_value=-0.019334266432862145 0.032045307702927149 -0.0016785079091485345 -0.0057364563091334376 -0.027664506305150119 -0.01804302308346117 0.0002769425904780803 0.0014170290198600648 0.034917460340953492 -0.024864494248559996 -0.021182193782523076 -0.0085262429102163778 0.0075561344981224139 0.029489486229893808 -0.01749500353689399
leaf_weight=159.96456768621817 70.540334039367735 54.958037813117699 23.484445872018256 48.955629868041569 70.180152442608744 793.6830501380482 75.621211129043132 132.74277001939481 30.424286156039784 144.9301147061924 40.742615265335189 82.272736905779539 96.419230515661184 10.581392803112974
leaf_count=13358 167 2414 445 4416 5844 177191 1243 920 2007 2723 873 1386 912 215
internal_value=4.82681e-11 0.0182431 -0.00143715 0.00178265 0.0111104 -0.00165182 0.0203163 0.0288288 -0.00787415 -0.00299523 0.00712346 -0.0108959 0.0148693 0.023745
internal_weight=1835.5 125.498 1710 1144.67 302.029 842.639 231.848 156.227 565.335 405.37 178.168 227.203 147.743 107.001
internal_count=214114 2581 211533 190059 8452 181607 2608 1365 21474 8116 4007 4109 2000 1127
is_linear=0
shrinkage=0.05


Tree=62
num_leaves=15
num_cat=0
split_feature=1 46 44 19 46 34 20 39 15 24 17 0 49 48
split_gain=19.089 15.396 13.8357 14.4811 33.6557 15.8129 13.5681 13.3839 11.0936 11.6335 19.2267 14.5969 12.8203 10.2203
threshold=0.015749008394777778 0.71103236079216015 0.06726893782615663 0.15104504674673083 0.84159052371978771 0.22021820396184924 2.6767898120283465e-08 0.020933249033987526 0.012270400300621988 0.016403277404606346 0.039230769500136382 0.009569597430527212 0.047250956296920783 0.9020964801311494
decision_type=2 2 2 2 2 2 2 2 2 2 2 2 2 2
left_child=2 -2 8 4 6 -5 7 -4 -1 11 12 -10 -11 -3
right_child=1 13 3 5 -6 -7 -8 -9 9 10 -12 -13 -14 -15
leaf_value=-0.018675312483817832 0.032122948770009763 -0.017117266262383839 -0.0051392646121331195 -0.026912364355294829 -0.017726229125371921 0.00017638184238487508 0.0020724978038184354 0.033694193117845078 -0.010563408954115021 -0.013341855905469975 -0.024423900013562642 0.017914647612284212 0.016621778463175214 0.020299978195897045
leaf_weight=156.43659419079603 69.943045865744352 34.121445511729689 23.381856628111791 47.789657793127162 69.91060198652616 793.15188586577517 75.394868027907194 133.11371888965368 67.097824487882917 55.296772838266918 111.07275500144374 101.04453435507639 69.313144995137691 21.186586463098138
leaf_count=13358 167 383 445 4416 5844 177191 1243 920 2408 2164 1619 792 1133 2031
internal_value=-5.20127e-10 0.0180838 -0.00142782 0.00173275 0.0109397 -0.00166121 0.0199575 0.0279319 -0.00779164 -0.00322604 -0.0102161 0.00659533 0.00332179 -0.00187039
internal_weight=1828.26 125.251 1703 1142.74 301.801 840.942 231.89 156.496 560.262 403.825 235.683 168.142 124.61 55.308
internal_count=214114 2581 211533 190059 8452 181607 2608 1365 21474 8116 4916 3200 3297 2414
is_linear=0
shrinkage=0.05


Tree=63
num_leaves=15
num_cat=0
split_feature=3 34 19 34 24 19 20 46 48 34 26 24 29 46
split_gain=19.1967 12.7139 23.2574 16.5621 12.8503 23.3902 17.9747 12.1879 21.1628 14.633 12.4246 16.4676 12.8078 11.7293
threshold=0.016261236742138866 0.059924498200416572 0.15104504674673083 0.23781262338161471 0.13230565935373309 0.070778686553239836 2.6586173262899141e-08 0.87689393758773815 0.54993104934692394 0.35748870670795446 0.7919372320175172 0.83773332834243786 0.47672134637832647 0.73842105269432079
decision_type=2 2 2 2 2 2 2 2 2 2 2 2 2 2
left_child=1 -1 4 -4 5 6 -3 8 -5 13 12 -12 -9 -10
right_child=-2 2 3 7 -6 -7 -8 10 9 -11 11 -13 -14 -15
leaf_value=-0.0069803069185719662 0.025373170038645001 -0.0031265156593430462 -0.023342215408962433 0.025031502808329744 0.030846576564936719 -0.0086422225497191762 0.036925083510535583 0.025184661581638918 0.019505471749572435 -0.015896141026589965 -0.02061706060152959 0.0061784933977329448 -0.015381533803583919 -0.020325092560405319
leaf_weight=585.7786130305858 61.64697986498868 41.532654130249568 73.251022419236506 37.73684895646835 72.934812960869692 110.82944456595214 67.670980270116615 102.31556177220773 53.881289830471928 265.06707714589538 63.26281409495985 253.83348156877244 16.511572680203244 16.851814494235441
leaf_count=20998 868 993 5434 3126 1880 4742 1084 1259 915 6858 34234 130949 513 261
internal_value=-3.1309e-10 -0.00102622 0.00197423 -0.00210606 0.0139319 0.00722789 0.0227081 7.70744e-05 -0.00645912 -0.0106195 0.0056971 0.000365732 0.0187914 0.00867388
internal_weight=1823.1 1761.46 1175.68 882.711 292.968 220.033 109.204 809.46 373.537 335.8 435.923 317.096 118.827 70.7331
internal_count=214114 213246 192248 183549 8699 6819 2077 178115 11160 8034 166955 165183 1772 1176
is_linear=0
shrinkage=0.05


Tree=64
num_leaves=15
num_cat=0
split_feature=1 46 44 48 24 21 0 21 1 48 15 4 20 18
split_gain=16.5451 13.5795 13.099 13.1246 25.2876 16.171 16.7813 12.711 13.507 11.9027 11.1026 17.4789 16.496 14.2296
threshold=0.015749008394777778 0.71103236079216015 0.06726893782615663 0.68148171901702892 0.23682122677564624 0.93956348299980175 0.0096620614640414732 0.93337032198905956 0.014389234129339458 0.72827139496803295 0.012121656909585001 0.0064309346489608296 2.6658733887074962e-08 6.7434699535369882
decision_type=2 2 2 2 2 2 2 2 2 2 2 2 2 2
left_child=2 -2 7 4 -4 6 9 8 -1 -5 -9 -12 13 -13
right_child=1 -3 3 5 -6 -7 -8 10 -10 -11 11 12 -14 -15
leaf_value=-0.029506034652311854 0.030432384500254064 -0.0017968722031493621 0.019215525658289156 -0.025213184094511759 -0.013937327128405109 -0.01154046058002451 0.014466809559226272 -0.016031663209384216 0.016585494723943588 0.00041631810721900537 0.012937427689094318 -0.028392983118707468 0.013522875798846819 0.0059218941268032654
leaf_weight=87.636368078594614 67.868364619556814 54.499213178658465 213.53603342206907 42.032029475135346 69.349195794504794 259.31417549181606 203.77077973575706 122.21676751578798 12.289173463780569 347.82149682787565 154.60003993435203 90.328486143611372 48.813700984494062 38.923295860178769
leaf_count=8005 167 2414 3166 2917 7140 7266 29353 7775 83 140217 2606 1711 924 370
internal_value=6.0042e-10 0.017027 -0.00132529 0.00175515 0.0108897 -0.00136551 0.00319678 -0.00755109 -0.0228444 -0.00290838 -0.00377242 0.00106788 -0.00937746 -0.0183761
internal_weight=1813 122.368 1690.63 1135.82 282.885 852.938 593.624 554.808 99.9255 389.854 454.882 332.666 178.065 129.252
internal_count=214114 2581 211533 190059 10306 179753 172487 21474 8088 143134 13386 5611 3005 2081
is_linear=0
shrinkage=0.05


Tree=65
num_leaves=15
num_cat=0
split_feature=3 24 1 31 1 43 45 18 2 47 18 49 24 22
split_gain=17.1884 11.613 14.6335 13.7295 14.2923 12.1873 17.4431 13.236 12.4956 11.6037 11.1791 9.7683 14.5362 10.5852
threshold=0.016261236742138866 0.97101664543151867 0.0083683477714657801 0.59687501192092907 0.011050061322748663 1.7776740193367007 2.2753334860681211e-06 6.7387444972991952 0.014185110572725536 3.496048212051392 6.7244331836700448 0.047250956296920783 0.061863407492637641 6.8018388748168954
decision_type=2 2 2 2 2 2 2 2 2 2 2 2 2 2
left_child=1 2 5 4 -4 6 7 -1 11 -5 -6 -7 13 -13
right_child=-2 -3 3 9 10 8 -8 -9 -10 -11 -12 12 -14 -15
leaf_value=0.032459351439873739 0.024382448370191948 0.012822778529497664 -0.0091605251717977818 -0.021425838097218999 -0.011829670240645282 -0.017012306333958217 -0.031884458222685395 -0.014141217311216517 0.013812685679663409 0.0020676980380163273 0.030254802882926948 -0.0063652101559126028 -0.0092181004006844716 0.024782442616147496
leaf_weight=51.151153019455023 59.531561278494337 130.74451027122268 35.925386250704378 48.748542100656778 13.021520016663542 274.4839696729141 9.5432612554286589 13.917222907301037 53.207427534119461 489.05385514935438 97.872004720731638 42.5708785949152 436.11090425354638 52.389024148695171
leaf_count=485 868 10099 1259 1058 495 20843 262 314 4048 43077 723 2474 127743 366
internal_value=1.28627e-10 -0.000963957 -0.00214994 0.00337416 0.0163922 -0.00619463 0.0120974 0.0219361 -0.00790485 -0.000414098 0.0247433 -0.00949108 -0.00536116 0.0115428
internal_weight=1808.27 1748.74 1618 684.621 146.819 933.374 74.6116 65.0684 858.762 537.802 110.894 805.555 531.071 94.9599
internal_count=214114 213246 203147 46612 2477 156535 1061 799 155474 44135 1218 151426 130583 2840
is_linear=0
shrinkage=0.05


Tree=66
num_leaves=15
num_cat=0
split_feature=1 24 1 43 2 43 18 31 49 49 22 1 34 35
split_gain=16.9792 10.7253 9.52902 13.3473 12.5426 14.8701 13.9141 11.2966 10.1592 17.7421 10.5867 25.1453 21.1011 17.0631
threshold=0.016001024283468727 0.97101664543151867 0.0083683477714657801 2.5249279737472539 0.015038444194942715 1.7776740193367007 6.7387444972991952 0.97952219843864452 0.14166607707738879 0.16102209687232974 6.8018388748168954 0.011299795936793091 0.0091624571941792982 2.2282184772848272e-06
decision_type=2 2 2 2 2 2 2 2 2 2 2 2 2 2
left_child=1 2 4 -4 5 6 -1 8 10 -10 -5 13 -13 -12
right_child=-2 -3 3 7 -6 -7 -8 -9 9 -11 11 12 -14 -15
leaf_value=0.024769802008081532 0.019772642883022672 0.012095598306309963 -0.02319878750439992 0.0081716695104114313 0.018553801853097768 -0.0088301855563559881 -0.018900021415239939 -0.021488173220657006 0.03674326054934942 0.0037113539133417023 0.025020892920216684 0.012449986656240844 -0.04092832298820448 -0.015651805805735702
leaf_weight=55.756089951726949 92.455989348465664 129.9963303036966 37.767236919083985 237.38951345131557 41.780424528502408 818.16164004111693 16.916832178365439 30.316632882261729 55.076378269333674 115.28106537231187 56.327056288719177 20.225494626909494 57.033239951357245 33.612194934859872
leaf_count=660 1725 9746 874 5536 2243 153589 392 2251 271 35833 234 126 322 312
internal_value=-4.32389e-10 -0.0011808 -0.00234552 0.00231674 -0.00555058 -0.0068745 0.0135478 0.00426004 0.00596187 0.0158357 0.00152269 -0.00784602 -0.0271291 0.00977546
internal_weight=1798.1 1705.64 1575.64 643.029 932.615 890.835 72.6729 605.262 574.945 170.357 404.587 167.198 77.2587 89.9393
internal_count=214114 212389 202643 45759 156884 154641 1052 44885 42634 36104 6530 994 448 546
is_linear=0
shrinkage=0.05


Tree=67
num_leaves=15
num_cat=0
split_feature=1 34 0 23 24 46 15 2 19 39 48 40 0 25
split_gain=15.2763 10.0073 9.70258 17.1249 16.8315 15.6182 15.0841 14.8511 14.0709 12.9403 12.6939 12.7921 12.6051 26.4815
threshold=0.016001024283468727 0.0051866155117750177 0.009569597430527212 2.8617925643920903 0.13230565935373309 0.70429253578186046 0.059829590842127807 0.0065147271379828462 0.16404617577791217 0.0097885341383516806 0.54993104934692394 2.2191804873727965e-06 0.0064725596457719812 3.2504367197816469e-07
decision_type=2 2 2 2 2 2 2 2 2 2 2 2 2 2
left_child=1 -1 5 6 9 10 7 -4 -6 -5 -3 -12 13 -7
right_child=-2 2 3 4 8 12 -8 -9 -10 -11 11 -13 -14 -15
leaf_value=-0.016900259581364121 0.018876329544035713 0.011561058242901984 -0.0021679860468449773 0.011951977685621984 0.028264289805555554 -0.0097062694927875139 -0.0062038412793495902 0.03096511438198284 -0.00024011477843256771 -0.019584829905374797 0.0026159428651210503 -0.022450982557235179 -0.010593485703612484 0.012813909711152994
leaf_weight=84.863886386680178 91.191569791626534 40.283323928399227 43.64541844633635 34.465194857184571 50.321160107323863 196.68702024251218 55.846448709722608 123.2941506751813 152.79940018845022 136.62445402308134 64.765172512736171 198.50630873101443 169.79399555211012 347.41049544831094
leaf_count=3357 1725 4190 756 355 274 74150 302 572 31165 2047 2564 8415 37558 46684
internal_value=9.26197e-10 -0.00111748 -0.000188926 0.00482432 -0.00175509 -0.00314882 0.0154763 0.0226697 0.00781644 -0.0129227 -0.0124516 -0.0164144 0.0009242 0.00464479
internal_weight=1790.5 1699.31 1614.44 596.996 374.21 1017.45 222.786 166.94 203.121 171.09 303.555 263.271 713.892 544.098
internal_count=214114 212389 209032 35471 33841 173561 1630 1328 31439 2402 15169 10979 158392 120834
is_linear=0
shrinkage=0.05


Tree=68
num_leaves=15
num_cat=0
split_feature=3 48 24 1 31 43 18 18 43 39 31 46 44 3
split_gain=14.3535 14.255 11.2992 12.6508 14.6401 13.9571 12.5845 10.3162 8.83203 8.4395 10.0155 9.75755 12.5374 11.9582
threshold=0.015038444194942715 0.77588433027267467 0.97101664543151867 0.0083683477714657801 0.54006412625312816 1.7776740193367007 6.7387444972991952 6.7220277786254892 2.9700856208801274 0.4423572719097138 0.7379862666130067 0.75255101919174205 0.15786053240299228 0.0092167854309082049
decision_type=2 2 2 2 2 2 2 2 2 2 2 2 2 2
left_child=2 -2 3 5 7 6 -1 -5 -6 11 -11 13 -13 -10
right_child=1 -3 -4 4 8 -7 -8 -9 9 10 -12 12 -14 -15
leaf_value=0.023843607920021305 0.021331324083372398 -0.0045617272994001755 0.012325009587082674 -0.015798763695493327 -0.024456600071910514 -0.0085528875432568166 -0.018182733157632466 0.026533607800982285 -0.0030524265303376553 -0.0307416207913358 -0.00067724335624596481 -0.01533665600255908 0.016320604517570305 0.020999166736021625
leaf_weight=55.369667388149537 133.33818855898699 79.686255811377123 122.48693434356028 10.339382111191865 26.323502416955307 810.17463080154653 16.194694986566901 77.738912506087217 80.393928579520434 29.184102926636143 96.137059067861259 87.32950418989725 36.685476918636198 124.09790491266176
leaf_count=657 593 4478 9499 754 476 153293 392 1083 1318 438 35229 2771 2566 567
internal_value=-1.37413e-09 0.0118752 -0.00167365 -0.00293251 0.00285549 -0.00665274 0.01327 0.0204601 -0.000725415 0.00114867 -0.00943284 0.00534479 -0.00545293 0.0118421
internal_weight=1785.48 213.024 1572.46 1449.97 568.23 881.739 71.5644 88.0783 480.151 453.828 125.321 328.507 124.015 204.492
internal_count=214114 5071 209043 199544 45202 154342 1049 1837 43365 42889 35667 7222 5337 1885
is_linear=0
shrinkage=0.05


Tree=69
num_leaves=15
num_cat=0
split_feature=2 23 15 21 0 43 49 48 15 26 31 34 4 1
split_gain=14.4976 10.9191 9.55008 10.5581 9.89519 12.5431 12.2465 9.58818 11.8192 13.9498 9.47671 8.71453 8.63873 10.3482
threshold=0.016261236742138866 2.8617925643920903 0.0082305916585028189 0.93878683447837841 0.014389234129339458 6.5909874439239511 0.087934382259845748 0.74508249759674083 0.0084389690309762972 0.58797526359558117 0.83602148294448864 0.86147409677505504 0.011696306522935631 0.0069687257055193194
decision_type=2 2 2 2 2 2 2 2 2 2 2 2 2 2
left_child=2 -2 -1 4 5 7 -6 8 -4 -10 11 -11 13 -9
right_child=1 -3 3 -5 6 -7 -8 12 9 10 -12 -13 -14 -15
leaf_value=-0.0097594757941624581 -0.017543890813457277 0.02959808645280353 0.02357893422039142 -0.0048244047646347011 0.025640775778074977 0.0237802752786536 -0.0025378819717062316 -0.00071840744192776989 0.0042658014679582334 -0.025542400485560904 0.0074214671570151077 0.014599409019052682 -0.010725327361325455 0.016254816379779088
leaf_weight=249.68741871595603 8.1723466203547996 54.476295346687039 19.801933941652635 544.84523507157155 92.246331877597186 48.474606096024218 59.227833793547688 177.63919585878 108.00691817364907 143.59990157233551 26.4994872473236 8.4742720290087146 67.237743167255701 169.94358045567071
leaf_count=56796 40 811 398 12170 451 289 6243 66566 5047 3576 3473 97 16111 42046
internal_value=-5.80154e-10 0.0218801 -0.00092112 0.000640144 0.00388943 0.00150789 0.0151478 -0.000293867 -0.00687973 -0.0097084 -0.0179384 -0.0225427 0.00461783 0.0078028
internal_weight=1778.33 62.6486 1715.68 1466 921.152 769.678 151.474 721.203 306.383 286.581 178.574 152.074 414.821 347.583
internal_count=214114 851 213263 156467 144297 137603 6694 137314 12591 12193 7146 3673 124723 108612
is_linear=0
shrinkage=0.05


Tree=70
num_leaves=15
num_cat=0
split_feature=1 34 19 20 24 34 44 33 34 34 31 31 27 29
split_gain=12.5763 8.74375 20.8093 14.8859 12.0892 18.4587 11.4374 10.8527 10.9471 10.4301 14.4134 10.7577 9.89456 9.49173
threshold=0.016001024283468727 0.059924498200416572 0.074900619685649886 2.6586173262899141e-08 0.10356467217206956 0.15429052710533145 0.37595736980438238 1.2424533367156985 0.25184962153434759 0.35748870670795446 0.75378787517547619 0.83602148294448864 4.3241107463836679 0.44239671528339392
decision_type=2 2 2 2 2 2 2 2 2 2 2 2 2 2
left_child=1 -1 3 -3 7 -6 9 12 -9 10 -7 -11 -4 -8
right_child=-2 2 4 -5 5 6 13 8 -10 11 -12 -13 -14 -15
leaf_value=-0.0060802773409742231 0.017371078774600486 -0.0012186839103467849 -0.0068696400449893245 0.032885120214803353 0.022491132456438787 0.015585339207402408 0.020536748569463248 -0.01288071224258729 0.026773264739373005 -0.018680760160718554 -0.017761528831166634 0.0071805003722815106 -0.041600134735568069 0.00091933380477946219
leaf_weight=556.46749899632709 88.465481081897451 50.548423473373191 46.347064815578449 74.045628022483584 81.812590080290533 81.207619625732207 64.489545067097652 34.522098728858282 18.716882996677214 190.00236206123373 40.577434646024273 44.609842784322012 35.249340882532408 364.20503338184
leaf_count=20962 1725 1124 1483 1802 3140 1577 2894 723 262 4920 6636 961 1868 164037
internal_value=-3.11269e-10 -0.00101043 0.00152581 0.0199865 -0.000945138 0.00127478 -0.00119119 -0.0143204 0.00308937 -0.00769902 0.00396987 -0.0136709 -0.0247768 0.00427129
internal_weight=1771.27 1682.8 1126.33 124.594 1001.74 866.904 785.092 134.835 53.239 356.397 121.785 234.612 81.5964 428.695
internal_count=214114 212389 191427 2926 188501 184165 181025 4336 985 14094 8213 5881 3351 166931
is_linear=0
shrinkage=0.05


Tree=71
num_leaves=15
num_cat=0
split_feature=3 48 24 1 1 4 22 26 31 4 4 47 19 29
split_gain=12.97 13.9585 10.4896 11.2095 16.7557 16.7355 15.2856 24.2978 11.8248 10.157 9.7382 9.25153 15.0103 14.6654
threshold=0.015038444194942715 0.77588433027267467 0.97101664543151867 0.010811126790940763 0.011299795936793091 0.010152545757591726 6.8018388748168954 0.64379698038101207 0.7379862666130067 0.009756329935044052 0.0068729333579540261 3.7461014986038212 0.024976628832519058 0.29042614996433264
decision_type=2 2 2 2 2 2 2 2 2 2 2 2 2 2
left_child=2 -2 3 11 5 -5 8 -8 -6 10 -9 12 -1 -14
right_child=1 -3 -4 4 6 -7 7 9 -10 -11 -12 -13 13 -15
leaf_value=-0.013832970217293988 0.021000179459544018 -0.0048747129099166132 0.011870933417983467 -0.0060728545470236537 0.017809465390180908 0.038127261242979438 0.014333031401679262 -0.026707977184513867 -0.006117274945030054 -0.050320990153074188 0.015798321448833537 -0.010178144123214191 0.011340652652261016 -0.0081877046480957581
leaf_weight=149.60831432969997 128.94372178672802 78.31222746091089 122.91487907869669 29.056837050747674 103.57425315268711 51.728604183625521 36.761084366589785 22.327863856218755 87.541041963296436 29.591121476143599 14.524170935619621 514.00840457863922 252.9561682085041 142.70880649937317
leaf_count=7483 593 4478 9499 2556 1441 659 138 209 18485 186 74 157487 5553 5273
internal_value=-6.51491e-11 0.0114489 -0.00158702 -0.00281446 0.00452957 0.0233116 -0.00122239 -0.0158829 0.00709052 -0.0322885 -0.010159 -0.00543311 -0.00085741 0.00426894
internal_weight=1764.56 207.256 1557.3 1434.39 375.105 80.7854 294.32 103.204 191.115 66.4432 36.852 1059.28 545.273 395.665
internal_count=214114 5071 209043 199544 23748 3215 20533 607 19926 469 283 175796 18309 10826
is_linear=0
shrinkage=0.05


Tree=72
num_leaves=15
num_cat=0
split_feature=1 15 25 30 34 19 25 49 19 36 0 17 49 49
split_gain=13.1309 8.23628 8.06229 10.7723 7.94685 21.4761 13.9338 12.1103 11.3364 12.4967 9.97817 12.85 14.913 10.02
threshold=0.016261236742138866 0.0082305916585028189 0.014249553903937342 0.001589565887115896 0.059924498200416572 0.070778686553239836 8.0332495144830329e-07 0.026997104287147525 0.029015605337917808 0.80909091234207164 0.009569597430527212 0.032795699313282974 0.030408745631575588 0.084594573825597777
decision_type=2 2 2 2 2 2 2 2 2 2 2 2 2 2
left_child=1 -1 4 -4 8 6 -6 -7 9 10 -3 -12 -13 -14
right_child=-2 2 3 -5 5 7 -8 -9 -10 -11 11 12 13 -15
leaf_value=-0.0090833637875115166 0.022508064840921892 -0.0058160006080192886 -0.023345960674553252 0.015069600754788279 -0.0095238084145376645 -0.014956283485207096 0.033377527446945908 0.0036305030495497204 -0.019038749102907704 -0.023755992220653069 0.029261807079906568 0.014134443425334847 -0.032947009303521173 0.0073103085147595533
leaf_weight=246.52533002413793 52.517985000544286 154.21135220139422 60.112324300454929 16.943418456823565 19.13988834440579 89.580176408999705 80.520690726347311 724.78164371134881 86.239068848591387 38.073773032475174 54.35297490668745 84.712834120444313 28.979358413838781 20.570047166896984
leaf_count=56796 864 6603 1294 219 508 4495 791 136539 3069 1106 702 653 312 163
internal_value=2.66916e-10 -0.000820624 0.000628622 -0.0141382 0.00154818 0.00424461 0.0250212 0.00142932 -0.00370614 0.000163538 0.00341802 0.0108804 0.00192661 -0.0178134
internal_weight=1757.26 1704.74 1458.22 77.0557 1381.16 914.022 99.6606 814.362 467.139 380.9 342.827 188.615 134.262 49.5494
internal_count=214114 213250 156454 1513 154941 142333 1299 141034 12608 9539 8433 1830 1128 475
is_linear=0
shrinkage=0.05


Tree=73
num_leaves=15
num_cat=0
split_feature=1 31 0 31 19 44 1 33 43 49 24 20 19 19
split_gain=11.8205 19.4271 11.9282 12.9992 13.1807 13.493 11.4328 17.7536 14.2607 11.8076 11.0536 14.6124 10.7991 10.7669
threshold=0.010695492848753931 0.59687501192092907 0.013793759513646366 0.77171215415000927 0.7587389647960664 0.71226155757904064 0.011299795936793091 1.7005987167358401 1.0000000180025095e-35 0.053735107183456428 0.18808082491159442 2.6339173508915795e-08 0.020067837089300159 0.28875453770160681
decision_type=2 2 2 2 2 2 2 2 2 2 2 2 2 2
left_child=2 -2 3 4 5 -1 9 8 -8 -3 11 12 -10 -12
right_child=1 6 -4 -5 -6 -7 7 -9 10 -11 13 -13 -14 -15
leaf_value=-0.0083542533044986683 0.022447383486961719 0.032675089292030217 0.01110110443391024 0.001251290525314972 -0.029895597077028505 0.028841080236854395 -0.037891006585714537 -0.031535566725721643 -0.00048627918032016288 -0.0054580057477177958 0.037758540412681424 0.0059786334007157632 -0.042026305199371894 0.0053441618023592295
leaf_weight=488.95212117834524 126.57725182612933 40.003056296194274 129.15111995401048 519.8658274359193 61.282053885854111 15.980494669960875 11.811469985172151 37.911020556236508 28.460022261017002 29.975416052825807 27.095004272400274 112.59838110018723 25.402758471202105 96.874420106336629
leaf_count=19093 1370 331 7678 156473 2240 811 107 510 316 3666 163 1520 279 19557
internal_value=8.06294e-13 0.00611356 -0.00272792 -0.00445868 -0.00963198 -0.00663983 0.000658216 -0.00325324 0.00119065 0.0177006 0.00398837 -0.00438385 -0.0235904 0.0147183
internal_weight=1751.94 536.709 1215.23 1086.08 566.215 504.933 410.132 340.153 302.242 69.9785 290.431 166.461 53.8628 123.969
internal_count=214114 27819 186295 178617 22144 19904 26449 22452 21942 3997 21835 2115 595 19720
is_linear=0
shrinkage=0.05


Tree=74
num_leaves=15
num_cat=0
split_feature=1 31 0 19 4 21 46 1 36 43 49 18 46 31
split_gain=10.9457 17.6114 11.2795 13.2723 10.4204 12.3623 11.4085 10.2412 16.4602 13.5122 10.8175 10.0223 9.89716 11.0774
threshold=0.010695492848753931 0.59687501192092907 0.009569597430527212 0.024976628832519058 0.0085838492959737795 0.94074901938438427 0.74754902720451366 0.011299795936793091 0.84523808956146251 1.0000000180025095e-35 0.053735107183456428 6.7220277786254892 0.71834936738014232 0.60791924595832836
decision_type=2 2 2 2 2 2 2 2 2 2 2 2 2 2
left_child=2 11 3 -1 5 12 -6 10 9 -9 -3 -2 13 -4
right_child=1 7 4 -5 6 -7 -8 8 -10 -11 -12 -13 -14 -15
leaf_value=-0.016729355246603905 -0.015412208239634627 0.031262372955366415 -0.006723702189443459 -0.0022006622880823908 -0.029490389322642654 -0.0098632595150325662 0.0043442792645797951 -0.037190317404386657 -0.033364283799627283 0.003512521877643269 -0.005282559816516319 0.025709928925968295 0.0019210513091946378 0.03037064185635683
leaf_weight=197.8696650063946 10.148409718008791 39.711749585601865 20.725789320867662 661.19383469168258 31.103478491704664 55.774924298770202 57.843637884780833 11.8384922016412 29.592617488109681 298.35585730018067 29.924319106852636 115.58303291787161 86.709803002544376 99.6530237296829
leaf_count=12860 430 331 1009 142739 440 1011 6829 107 361 21984 3666 940 20808 599
internal_value=-2.13836e-10 0.00589072 -0.00263037 -0.00570108 0.00481811 0.00975092 -0.00927188 0.00069894 -0.00300198 0.000846131 0.0168668 0.0214998 0.0152446 0.0239582
internal_weight=1746.03 535.154 1210.87 859.063 351.811 262.864 88.9471 409.423 339.787 310.194 69.6361 125.731 207.089 120.379
internal_count=214114 27819 186295 155599 30696 23427 7269 26449 22452 22091 3997 1370 22416 1608
is_linear=0
shrinkage=0.05


Tree=75
num_leaves=15
num_cat=0
split_feature=1 31 1 36 43 28 0 31 19 19 18 24 20 19
split_gain=10.7928 16.6765 11.6633 14.6627 13.6739 12.2775 11.2094 13.3165 11.5166 11.8322 10.0167 9.87817 12.7203 12.5686
threshold=0.010811126790940763 0.59687501192092907 0.011299795936793091 0.84523808956146251 1.0000000180025095e-35 2.7403194904327397 0.013793759513646366 0.77171215415000927 0.7587389647960664 0.73680594563484203 6.7244331836700448 0.18808082491159442 2.6339173508915795e-08 0.28875453770160681
decision_type=2 2 2 2 2 2 2 2 2 2 2 2 2 2
left_child=6 10 5 4 -4 -3 7 8 9 -1 -2 12 -6 -13
right_child=1 2 3 -5 11 -7 -8 -9 -10 -11 -12 13 -14 -15
leaf_value=-0.0082956505994909429 -0.012475268170611703 0.031831344389141335 -0.037529099511909386 -0.031957264522812362 -0.022342924700039266 -0.011798411488526193 0.010824568435676351 0.0014879510066606808 -0.02871996154501575 0.027068531570780083 0.026073487811011587 0.038238590767096417 0.0050387507546910482 0.0037778087133587901
leaf_weight=490.22705426338234 13.530754427706027 42.631848786608373 11.916968530975224 28.719020897053269 54.568202366586803 17.045118101927187 129.23140864163611 523.90707920800878 59.649434106537228 15.217654933294396 110.07223964761943 27.176741290310702 115.80475115165859 101.04826818646299
leaf_count=19736 540 218 107 361 605 2970 7705 157217 2245 238 793 163 1549 19667
internal_value=3.70475e-10 0.00594517 0.000803932 -0.0029422 0.000654689 0.0194649 -0.00257759 -0.00425205 -0.00950702 -0.00672643 0.0212357 0.00334533 -0.00448373 0.0133196
internal_weight=1740.75 522.514 398.911 339.234 310.515 59.677 1218.23 1089 565.094 505.445 123.603 298.598 170.373 128.225
internal_count=214114 26973 25640 22452 22091 3188 187141 179436 22219 19974 1333 21984 2154 19830
is_linear=0
shrinkage=0.05


Tree=76
num_leaves=15
num_cat=0
split_feature=1 24 31 1 43 2 43 21 46 23 44 45 49 48
split_gain=10.8993 7.93506 8.30963 7.99477 11.1442 10.0518 11.522 13.1784 10.9444 9.7023 13.4159 9.58433 9.22188 8.91559
threshold=0.016001024283468727 0.97101664543151867 0.97952219843864452 0.0082305916585028189 2.5249279737472539 0.015038444194942715 2.4414010047912602 0.93781483173370372 0.70820432901382457 2.7403194904327397 0.033066941425204284 2.2753334860681211e-06 0.11161940544843675 0.62858596444129955
decision_type=2 2 2 2 2 2 2 2 2 2 2 2 2 2
left_child=1 2 3 5 -5 6 7 11 -8 10 -10 -1 -12 -11
right_child=-2 -3 -4 4 -6 -7 8 -9 9 13 12 -13 -14 -15
leaf_value=0.02707984543047437 0.016401686908400308 0.010472555158008726 -0.015748544469927826 -0.020143289862484173 0.0052551237074354188 0.01830459435728005 -0.016795403074760448 -0.015997621195936704 -0.018846559574109113 0.0147918008488379 0.028873915741051012 -0.016603762260690533 -0.013407443960787342 -0.0090885462333113176
leaf_weight=62.440923925460083 85.759397934154549 129.59149260436243 92.350418345394473 36.92503475933313 561.35941696429245 37.569502719628417 215.83551519453033 26.85227467524237 19.642277300008573 34.684063479527708 55.143967530922964 8.1796047998031991 9.8068554766941798 357.90291195200803
leaf_count=1487 1725 9746 7885 906 44155 2066 12668 1619 716 1845 580 402 301 128013
internal_value=-1.61027e-10 -0.000947133 -0.00198372 -0.000989058 0.0033822 -0.00415003 -0.00543257 0.00995871 -0.00770822 -0.00333757 0.0111715 0.0205883 0.0215528 -0.00666376
internal_weight=1734.04 1648.28 1518.69 1426.34 598.284 828.058 790.488 97.4728 693.016 477.18 84.5931 70.6205 64.9508 392.587
internal_count=214114 212389 202643 194758 45061 149697 147631 3508 144123 131455 1597 1889 881 129858
is_linear=0
shrinkage=0.05


Tree=77
num_leaves=15
num_cat=0
split_feature=1 31 34 19 20 24 34 44 33 34 27 26 15 31
split_gain=10.3015 8.45432 7.51096 17.5283 11.593 10.2028 16.6158 10.4561 10.186 9.82141 9.18212 8.5176 10.8772 8.09467
threshold=0.016001024283468727 0.62019231915473949 0.059924498200416572 0.074900619685649886 2.6586173262899141e-08 0.10356467217206956 0.15429052710533145 0.37595736980438238 1.2424533367156985 0.25184962153434759 4.3241107463836679 0.58797526359558117 0.055575011298060424 0.63961037993431102
decision_type=2 2 2 2 2 2 2 2 2 2 2 2 2 2
left_child=2 -2 11 4 -4 8 -7 -8 10 -10 -5 12 -1 -6
right_child=1 -3 3 5 13 6 7 -9 9 -11 -12 -13 -14 -15
leaf_value=0.013914526653980883 0.032784125213820202 0.0023804537855643239 -0.00019920268486679416 -0.006279491780401672 -0.012542047612892524 0.021657828092333912 -0.0074260454213978203 0.0041480018913641944 -0.011802902357090752 0.025983539423038944 -0.040141281125234345 -0.0084738516517311631 -0.029375931601896554 0.035050639727639242
leaf_weight=82.828682503114806 31.97205987200141 54.005626720529108 49.856416857626414 45.275624071597406 5.1046334972370451 79.20960644840045 348.04818003288091 419.3278034909136 33.808989445288034 18.520593557206666 33.64624974234863 451.94255412454527 7.6054541533812872 65.148389036163849
leaf_count=3472 78 1647 1124 1483 275 3140 14094 166931 723 262 1868 17374 116 1527
internal_value=2.61491e-10 0.0159243 -0.000926109 0.00145455 0.0186968 -0.000831179 0.00123053 -0.00112948 -0.0132751 0.00359368 -0.0236063 -0.00568442 0.00771143 0.0304606
internal_weight=1726.3 85.9777 1640.32 1097.95 120.109 977.837 846.586 767.376 131.251 52.3296 78.9219 542.377 90.4341 70.253
internal_count=214114 1725 212389 191427 2926 188501 184165 181025 4336 985 3351 20962 3588 1802
is_linear=0
shrinkage=0.05


Tree=78
num_leaves=15
num_cat=0
split_feature=1 31 0 31 19 19 1 43 32 19 28 1 24 0
split_gain=8.65969 15.6725 10.432 11.9917 10.7494 11.2203 9.60024 14.0743 22.9272 11.9895 11.1647 10.0981 9.92535 11.135
threshold=0.010811126790940763 0.59687501192092907 0.013793759513646366 0.77171215415000927 0.7587389647960664 0.73680594563484203 0.011299795936793091 3.5114340782165532 2.9174053668975835 0.044709153473377235 2.7403194904327397 0.012422839645296337 0.18808082491159442 0.0063898416701704272
decision_type=2 2 2 2 2 2 2 2 2 2 2 2 2 2
left_child=2 -2 3 4 5 -1 10 8 9 -8 -3 -10 -9 -14
right_child=1 6 -4 -5 -6 -7 7 12 11 -11 -12 -13 13 -15
leaf_value=-0.0078417923974982134 0.020292186107794603 0.029519493369530178 0.010699651784291261 0.001511280294605114 -0.027770705377546407 0.026482410140308311 0.014675372345056692 -0.0050510876108163724 -0.0017652748932555163 -0.016190492523710177 -0.012031129309319058 -0.057107184112994272 -0.0059957367604605658 0.028016153195522017
leaf_weight=484.22173244885767 121.75307203484675 41.471173687139526 127.36269996043666 521.17589703391627 57.921927483461332 15.377463852055369 50.688358012936078 99.887344095135404 11.640599381178616 55.417377991368994 16.991065848794619 24.973777127452195 32.063354616145887 59.969372274701982
leaf_count=19736 1333 218 7705 157217 2245 238 483 1306 94 825 2970 233 12054 7457
internal_value=-4.11405e-10 0.00536772 -0.00231673 -0.00393775 -0.00896842 -0.00628637 0.000356536 -0.00304941 -0.0144314 -0.0014514 0.0174501 -0.0436658 0.00571029 0.0167404
internal_weight=1720.92 514.855 1206.06 1078.7 557.521 499.599 393.102 334.64 142.72 106.106 58.4622 36.6144 191.92 92.0327
internal_count=214114 26973 187141 179436 22219 19974 25640 22452 1635 1308 3188 327 20817 19511
is_linear=0
shrinkage=0.05


Tree=79
num_leaves=15
num_cat=0
split_feature=1 31 0 46 0 26 25 19 40 48 4 21 33 49
split_gain=7.46565 14.7837 9.21828 11.6874 11.8492 13.1184 12.966 12.1653 10.6719 13.5387 9.62744 11.8759 10.2132 9.4253
threshold=0.010811126790940763 0.59687501192092907 0.009569597430527212 0.70429253578186046 0.0064725596457719812 0.82826679944992077 3.332950768708543e-07 0.01507658511400223 2.2191804873727965e-06 0.54993104934692394 0.0085838492959737795 0.94074901938438427 1.7005987167358401 0.12153589352965356
decision_type=2 2 2 2 2 2 2 2 2 2 2 2 2 2
left_child=2 -2 3 8 6 -6 -5 -8 -1 -10 11 -4 13 -12
right_child=1 -3 10 4 5 -7 7 -9 9 -11 12 -13 -14 -15
leaf_value=0.0032160435324109001 0.019556010773932937 0.00012112553728916204 0.014852084661568468 -0.0071750154779990655 -0.027856134449655758 0.00175469852318533 -0.017042663442232698 0.013438224800501695 0.0092623621655134099 -0.024657829858548433 -0.033901655556512721 -0.00987291237879496 0.017410311727072941 0.00033052962479580524
leaf_weight=67.969396517612154 120.77845918568244 389.11244884905761 204.08824108875831 180.70277566835188 65.557168187806369 71.872425318608478 28.88392442452826 243.72371828943992 29.922180934196149 164.30278215206829 31.693972143628798 55.177057899149077 19.598111210434581 38.469597968506491
leaf_count=2859 1333 25640 22467 64826 2315 31686 1883 39958 3991 8826 548 1017 197 6568
internal_value=-1.52327e-10 0.0050123 -0.00215011 -0.00493648 -0.000969561 -0.0133017 0.00297558 0.00971987 -0.0135102 -0.0192344 0.00460692 0.00941885 -0.00884269 -0.0174328
internal_weight=1711.85 509.891 1201.96 852.934 590.74 137.43 453.31 272.608 262.194 194.225 349.027 259.265 89.7617 70.1636
internal_count=214114 26973 187141 156344 140668 34001 106667 41841 15676 12817 30797 23484 7313 7116
is_linear=0
shrinkage=0.05


Tree=80
num_leaves=15
num_cat=0
split_feature=35 21 21 1 25 48 49 45 31 4 40 15 0 31
split_gain=6.31324 7.50385 10.5263 17.8727 11.3514 10.7786 10.6371 14.6666 11.2355 9.95755 13.8025 11.3581 9.82108 10.0703
threshold=0.0051657482981681832 0.92700672149658214 0.93878683447837841 0.015749008394777778 0.001167470414657146 0.68595564365386974 0.028679296374320987 2.239334321529896e-06 0.97952219843864452 1.0000000180025095e-35 2.2605545382248242e-06 0.029390712268650535 0.014185110572725536 0.63961037993431102
decision_type=2 2 2 2 2 2 2 2 2 2 2 2 2 2
left_child=1 -1 3 4 6 -4 7 9 -8 11 -11 -3 -7 -14
right_child=-2 2 5 -5 -6 12 8 -9 -10 10 -12 -13 13 -15
leaf_value=-0.0093283036210060847 0.018977891436890892 -0.013615747198957579 0.0072527950855995104 0.028455936822625046 -0.019237346626323124 -0.0043672767594691879 0.010378728478033771 0.015373106456473438 -0.0099622839608003218 -0.042542995474006057 0.0044433047391936797 0.022356671791556662 0.0039405966399613662 -0.034283769890519726
leaf_weight=199.88684275683568 32.737266118500656 56.191398040242348 154.49121946026571 61.289331601175945 47.307421991987212 424.04581736983391 456.6630466096849 49.005688479429864 71.277103788909017 38.941977961920202 20.397494209762954 22.879909845534712 21.629551698453724 49.180464423494413
leaf_count=161858 9443 3563 3903 216 1424 13420 13562 746 3187 1151 913 142 149 437
internal_value=5.49502e-10 -0.000481861 0.000773158 0.00450108 0.00223265 -0.00395371 0.00389813 -0.00610958 0.00749835 -0.0142391 -0.0280803 -0.00186547 -0.00752668 -0.023565
internal_weight=1705.92 1673.19 1473.3 823.953 762.664 649.347 715.357 187.416 527.94 138.411 59.3395 79.0713 494.856 70.81
internal_count=214114 204671 42813 24904 24688 17909 23264 6515 16749 5769 2064 3705 14006 586
is_linear=0
shrinkage=0.05


Tree=81
num_leaves=15
num_cat=0
split_feature=0 25 4 43 46 49 39 3 46 17 0 25 3 26
split_gain=6.44054 15.5959 10.3008 18.0963 10.6967 11.0381 9.86835 9.69675 9.66224 14.202 10.2258 13.5898 14.2999 12.4779
threshold=0.009569597430527212 0.014249553903937342 0.0083683477714657801 1.0000000180025095e-35 0.69309264421463024 0.072603259235620513 0.25448337197303778 0.01197647722437978 0.70820432901382457 0.057189542800188072 0.0067340831737965354 3.2504367197816469e-07 0.0073261056095361718 0.82826679944992077
decision_type=2 2 2 2 2 2 2 2 2 2 2 2 2 2
left_child=8 2 4 -4 6 -6 -2 -5 9 -1 11 -10 -13 -12
right_child=1 -3 3 7 5 -7 -8 -9 10 -11 13 12 -14 -15
leaf_value=-0.013145948771024766 0.027140022346085615 -0.026830586059949271 -0.042611273740122441 -0.010052153598353463 -0.012688328870181384 0.011692380526554044 -0.0058465678270363279 0.0086815433647702295 -0.0061162041533465265 0.015884169975050606 -0.023552535052604275 0.015790135998395474 -0.0060106297604359564 0.0037504311456408122
leaf_weight=294.73301445525613 117.47129530427191 29.345717552467249 14.144551701843737 94.845565070995349 61.176958787385445 125.07513097725939 23.749889813781806 193.82640008553426 202.95323395841683 40.237104839465246 74.434192181681254 259.08985984826467 98.229189275372448 78.284141885132414
leaf_count=16780 1054 432 85 6852 1219 22696 761 3674 77066 453 2201 38406 11081 31354
internal_value=4.65512e-11 0.0038373 0.0056619 -0.00100131 0.0116705 0.00344574 0.0215727 0.00239595 -0.00242882 -0.00929944 0.000883053 0.0040261 0.0097965 -0.0101865
internal_weight=1707.6 659.636 630.29 302.817 327.473 186.252 141.221 288.672 1047.96 334.97 712.991 560.272 357.319 152.718
internal_count=214114 36773 36341 10611 25730 23915 1815 10526 177341 17233 160108 126553 49487 33555
is_linear=0
shrinkage=0.05


Tree=82
num_leaves=15
num_cat=0
split_feature=1 29 24 34 39 20 24 40 4 2 19 2 2 44
split_gain=8.27486 6.9592 9.54715 12.119 11.2242 17.6505 17.2372 8.46026 9.17028 15.0713 8.37224 17.1031 14.9852 14.6514
threshold=0.016261236742138866 0.9653451442718507 0.23682122677564624 0.086664777249097838 0.076985150575637831 2.6586173262899141e-08 0.08193234354257585 2.2548379092768305e-06 1.0000000180025095e-35 0.010929288342595102 0.15104504674673083 0.010256679728627207 0.0094788861460983771 0.15786053240299228
decision_type=2 2 2 2 2 2 2 2 2 2 2 2 2 2
left_child=1 2 3 7 5 -5 -6 8 9 -1 -8 12 13 -12
right_child=-2 -3 -4 4 6 -7 10 -9 -10 -11 11 -13 -14 -15
leaf_value=-0.0015195999389969626 0.018553707680860704 0.0091482929292965361 -0.0090979680546922886 -0.0081182722437282799 -0.020605951625291798 0.036576617808943244 0.019821857603988583 -0.011723437865484595 -0.0078360734738025916 0.026600480338963242 -0.014855830596981255 -0.017904345415466684 0.033971482596302609 0.011440261919805276
leaf_weight=153.04964648833277 48.069440900209884 153.75768061027338 328.76967142204421 29.075923283700831 59.246103691953977 53.672051288020612 80.589021158762762 229.58823782584363 181.13051306386478 58.551860862062313 69.249014352157246 69.541032156497977 37.652332282690963 150.79664824026895
leaf_count=5393 864 60274 115263 644 1655 471 3108 15709 3115 355 1768 839 213 4443
internal_value=-6.6289e-10 -0.000647218 -0.0017046 0.000428551 0.00578287 0.0216897 0.0025692 -0.00431865 0.00019375 0.0071107 0.00634849 0.00254103 0.00852104 0.00287876
internal_weight=1702.74 1654.67 1500.91 1172.14 549.822 82.748 467.074 622.32 392.732 211.602 407.828 327.239 257.698 220.046
internal_count=214114 213250 152976 37713 13141 1115 12026 24572 8863 5748 10371 7263 6424 6211
is_linear=0
shrinkage=0.05


Tree=83
num_leaves=15
num_cat=0
split_feature=0 49 47 49 48 45 20 4 44 25 48 2 26 3
split_gain=6.96973 9.64672 11.0037 10.8951 9.14385 8.39586 8.20596 7.93429 9.90406 9.29002 12.0184 12.4097 7.93295 7.37667
threshold=0.013986697886139156 0.047250956296920783 3.9219243526458745 0.050201235339045532 0.77588433027267467 4.6584756319134618e-07 2.6435179378836441e-08 0.010929288342595102 0.011961738578975202 0.00018622248899191621 0.66050714254379284 1.0000000180025095e-35 0.97263401746749889 0.014389234129339458
decision_type=2 2 2 2 2 2 2 2 2 2 2 2 2 2
left_child=1 2 -1 -3 6 -6 -2 9 -9 10 11 -5 13 -10
right_child=4 3 -4 7 5 -7 -8 8 12 -11 -12 -13 -14 -15
leaf_value=-0.0033302511796369687 0.024278761048878713 0.026231199971057568 -0.022421595032404273 -0.0025443113235499885 0.019047573630171719 -0.010319442211175551 0.0024555742747403228 0.022765018903775684 -0.026250433145052956 -0.0099841388690780491 0.0013028897331855667 0.029038144359371326 0.0057915675238818416 0.0046818372037275881
leaf_weight=371.77376698979077 84.270428979303688 32.315170417944159 86.326591069331414 45.652063046471426 22.049801700670287 93.671377045238842 83.92968866242154 11.8511981569045 84.477901510546076 118.45107408506396 527.27170809308973 78.447999671270964 34.087162987407282 20.792709565525001
leaf_count=14358 277 522 11363 2220 3303 4792 888 63 18028 5083 148918 1276 2118 905
internal_value=-3.2904e-10 -0.00144927 -0.00733005 0.00142331 0.00700889 -0.0036538 0.0141382 0.000280505 -0.00982044 0.00236503 0.00472771 0.0180967 -0.0139302 -0.0202647
internal_weight=1695.37 1411.45 458.1 953.347 283.921 115.721 168.2 921.032 151.209 769.823 651.372 124.1 139.358 105.271
internal_count=214114 204854 25721 179133 9260 8095 1165 178611 21114 157497 152414 3496 21051 18933
is_linear=0
shrinkage=0.05


Tree=84
num_leaves=15
num_cat=0
split_feature=0 26 29 30 1 2 3 22 3 47 15 25 21 18
split_gain=7.06995 10.5132 7.68052 9.53693 7.04096 8.03456 10.5026 9.5599 9.11417 11.3774 10.1744 8.94437 7.79493 8.94573
threshold=0.016261236742138866 0.85888531804084789 0.9653451442718507 2.3473589294553679e-07 0.0067797389347106227 0.015038444194942715 0.0068260179832577714 6.8007264137268075 0.0064309346489608296 1.0000000180025095e-35 0.014085204340517523 8.0332495144830329e-07 0.92881768941879284 6.7074732780456552
decision_type=2 2 2 2 2 2 2 2 2 2 2 2 2 2
left_child=2 -2 3 -1 5 6 8 -8 9 10 -5 -9 13 -6
right_child=1 -3 -4 4 12 -7 7 11 -10 -11 -12 -13 -14 -15
leaf_value=-0.017930840461704567 0.024005676358779367 -0.021744618636235544 0.0096672061314901671 -0.013664857891917036 0.0023386929187244553 0.017861476766731218 0.00021554543407230933 -0.0060551445951233631 0.021163700139763802 -0.0059671387041255342 0.034802602164492498 -0.032498110889068864 0.0044007424426360164 -0.031030380918413859
leaf_weight=76.109293570175851 50.683972543571144 7.5180819611996403 152.65123063331203 9.4640445681287115 43.749049025007139 28.952534815747185 72.198356708620452 59.946502955630422 31.598073612626479 383.67483846329213 23.893882018048316 75.453439837001497 650.23873876646485 25.229507277945231
leaf_count=72656 123 737 60688 303 14046 588 13091 1028 1778 36328 69 1590 10612 477
internal_value=-4.14426e-10 0.0157742 -0.000654737 -0.00177672 -0.00078069 -0.00437622 -0.00561071 -0.0146274 -0.00121039 -0.00336155 0.0210716 -0.0220125 0.00265772 -0.0122499
internal_weight=1691.36 58.2021 1633.16 1480.51 1404.4 685.182 656.229 207.598 448.631 417.033 33.3579 135.4 719.217 68.9786
internal_count=214114 860 213254 152566 79910 54775 54187 15709 38478 36700 372 2618 25135 14523
is_linear=0
shrinkage=0.05


Tree=85
num_leaves=15
num_cat=0
split_feature=1 49 49 29 24 34 26 18 24 18 44 35 19 39
split_gain=6.66242 6.12356 5.97021 5.92639 8.43166 11.3006 9.86872 12.7336 14.6538 12.533 12.4094 10.9618 9.67601 14.633
threshold=0.016261236742138866 0.087934382259845748 0.22480325400829318 0.9653451442718507 0.23682122677564624 0.059924498200416572 0.76645019650459301 6.7469995021820077 0.19811160862445834 6.7422907352447519 0.052461618557572372 2.2519702724821404e-06 0.029015605337917808 0.026246787980198864
decision_type=2 2 2 2 2 2 2 2 2 2 2 2 2 2
left_child=3 -2 -3 4 5 12 9 10 -9 11 -8 -7 13 -1
right_child=1 2 -4 -5 -6 6 7 8 -10 -11 -12 -13 -14 -15
leaf_value=-0.0045016392261922906 0.026936961860226968 -0.026850542795245586 0.015285047183450685 0.008454222605235864 -0.0085688233353870304 0.018436618747361574 0.015333346171787887 -0.0063976840537187489 0.037109398416264087 -0.016884688079839023 -0.015243738412390859 -0.001200544824199833 -0.017576365917760042 0.023518968568102164
leaf_weight=397.45068799333762 31.648059513419867 6.5635218956158479 7.8984013107838109 153.92511147209234 323.5943588082423 242.54714623972535 33.17838553615502 34.714561832020991 27.684472886081494 30.549306800297927 151.02448439598675 97.267928936431701 106.31105686574233 42.636545616442845
leaf_count=15140 80 41 743 60274 115263 3667 767 567 107 512 8773 2300 5106 774
internal_value=-2.40033e-11 0.0169437 -0.00699706 -0.00057588 -0.00156088 0.000444824 0.00504414 -0.00265067 0.0153645 0.0101026 -0.00923028 0.0129421 -0.00474582 -0.00132472
internal_weight=1686.99 46.11 14.4619 1640.88 1486.96 1163.36 616.966 246.602 62.399 370.364 184.203 339.815 546.398 440.087
internal_count=214114 864 784 213250 152976 37713 16693 10214 674 6479 9540 5967 21020 15914
is_linear=0
shrinkage=0.05


Tree=86
num_leaves=15
num_cat=0
split_feature=1 31 18 29 47 19 17 3 32 27 15 29 49 48
split_gain=6.54456 10.0202 7.88826 7.36323 8.52684 11.1339 10.1253 9.78353 10.4028 10.9276 9.17689 11.1094 9.04415 7.76835
threshold=0.010695492848753931 0.59687501192092907 6.7220277786254892 0.9653451442718507 3.7461014986038212 0.024976628832519058 0.080128207802772536 0.0092167854309082049 2.5249279737472539 4.3241107463836679 0.044521810486912734 0.18270415812730792 0.15392159670591357 0.62421053647995006
decision_type=2 2 2 2 2 2 2 2 2 2 2 2 2 2
left_child=3 2 -2 4 5 6 -1 8 9 -7 13 -12 -11 -6
right_child=1 -3 -4 -5 10 7 -8 -9 -10 12 11 -13 -14 -15
leaf_value=-0.014875788216875227 -0.015545953003540801 0.00074533648139073335 0.021106011819984342 0.0087080572756784158 0.0023415595292588672 -0.018643540335869613 0.023417240880123365 -0.0084057692921598644 0.015419928460405539 0.025270553470127258 0.022225652927034836 -0.025243340511522428 -0.0056117612989009845 -0.014187347636199414
leaf_weight=137.52152426342946 9.5150806735293809 389.16871433623578 105.06699610076612 131.38687038565786 86.548365774864578 50.327256820281036 10.523608850780873 101.88471907941857 205.47166276955977 33.82668855029624 37.689072450200911 7.4913484437147408 45.354941036202945 331.06164270142472
leaf_count=7476 430 26449 940 51001 6875 3008 34 1801 3775 637 222 2116 2352 106998
internal_value=-3.9554e-10 0.00471579 0.0170588 -0.00203748 -0.00345461 0.00057212 -0.0108443 0.00459703 0.00868087 -0.00234987 -0.00844836 0.0112065 0.00893554 -0.0107871
internal_weight=1682.84 503.751 114.582 1179.09 1047.7 584.91 148.045 436.865 334.981 129.509 462.79 45.1804 79.1816 417.61
internal_count=214114 27819 1370 186295 135294 19083 7510 11573 9772 5997 116211 2338 2989 113873
is_linear=0
shrinkage=0.05


Tree=87
num_leaves=15
num_cat=0
split_feature=1 31 20 53 24 29 19 34 19 34 26 31 0 29
split_gain=5.93923 9.43721 7.47272 7.2335 8.32989 13.1856 9.16013 8.87663 8.68436 12.2267 20.7426 7.44026 7.30889 6.84461
threshold=0.010695492848753931 0.59687501192092907 2.7200515617664681e-08 1.0000000180025095e-35 0.18808082491159442 0.11933146417140962 0.15104504674673083 0.46482273936271673 0.070778686553239836 0.07294540107250215 0.76975053548812877 0.83602148294448864 0.012422839645296337 0.98726460337638866
decision_type=2 2 2 2 2 2 2 2 2 2 2 2 2 2
left_child=13 2 -2 4 5 8 -6 -8 9 10 -3 -7 -5 -1
right_child=1 3 -4 12 6 11 7 -9 -10 -11 -12 -13 -14 -15
leaf_value=-0.0026795367921884214 0.023173843256240129 -0.031632687495488081 -0.0049719185384737253 0.02125874945763101 0.032667696844774434 -0.044852443759527738 -0.028736459575425456 0.0069569463362266076 -0.02732703056053587 0.028093228223587192 0.011113157466813121 -0.0035845392711765173 -0.0061485929272824856 0.017199644615002018
leaf_weight=1139.037198780544 85.992310152738298 34.891397097497247 27.153336465064967 60.441637208685279 17.720711825881153 23.848666966427118 11.806464646371806 76.575475326441108 17.14015327353809 27.589606237427688 68.057366878083542 18.896465245364197 31.524686988443136 35.098566396984097
leaf_count=184170 675 471 695 408 35 230 1289 21975 458 111 1024 305 143 2125
internal_value=2.68561e-11 0.00450163 0.016564 0.000661043 -0.00319308 -0.00928031 0.00759011 -0.0002474 -0.00151078 0.00358224 -0.00489223 -0.0307474 0.0121823 -0.00194505
internal_weight=1675.77 501.638 113.146 388.493 296.526 190.424 106.103 88.3819 147.679 130.538 102.949 42.7451 91.9663 1174.14
internal_count=214114 27819 1370 26449 25898 2599 23299 23264 2064 1606 1495 535 551 186295
is_linear=0
shrinkage=0.05


Tree=88
num_leaves=15
num_cat=0
split_feature=1 49 49 35 21 21 32 3 19 19 25 31 48 44
split_gain=5.561 5.59907 5.40087 5.2388 6.00741 8.52095 9.35173 6.22564 6.10448 8.6165 7.42701 6.80084 6.69461 9.21889
threshold=0.016261236742138866 0.087934382259845748 0.22480325400829318 0.003509899135679007 0.92700672149658214 0.9136343002319337 6.59372901916504 0.0064309346489608296 0.85993957519531261 0.80599522590637218 0.00030858059471938765 0.7379862666130067 0.66248878836631786 0.62465503811836254
decision_type=2 2 2 2 2 2 2 2 2 2 2 2 2 2
left_child=3 -2 -3 4 5 7 -7 -1 9 12 -10 -11 13 -6
right_child=1 2 -4 -5 8 6 -8 -9 10 11 -12 -13 -14 -15
leaf_value=-0.011427772776941424 0.02554763167096807 -0.025967749935075175 0.014403347501899916 0.013063160112284903 0.0035708493932407868 -0.032990088864083847 0.0064845448988140285 0.0093569440701462281 0.014238363973579067 -0.030406015639910244 -0.022376683454596397 -0.0052770096070063532 -0.0015971357752518343 0.030956272161908049
leaf_weight=63.05458131422256 30.179347347235307 6.4172714741725922 7.6514399749794393 58.084224698008484 226.92854118240223 45.395245840298173 16.618872498183919 61.215219604472452 109.70824283667025 29.290771316329483 6.6506237230496472 104.37302646504759 880.77310115561215 26.263522484106943
leaf_count=82633 80 41 743 31013 7183 4920 316 52406 3163 1022 262 5514 24595 223
internal_value=-1.00013e-10 0.01575 -0.00714952 -0.000521503 -0.00110348 -0.00928949 -0.02298 -0.00125489 5.7084e-05 -0.000980167 0.0105403 -0.0125169 0.00047723 0.00747978
internal_weight=1672.6 44.2481 14.0687 1628.36 1570.27 186.284 62.0141 124.27 1383.99 1267.63 116.359 133.664 1133.97 253.192
internal_count=214114 864 784 213250 182237 140275 5236 135039 41962 38537 3425 6536 32001 7406
is_linear=0
shrinkage=0.05


Tree=89
num_leaves=15
num_cat=0
split_feature=1 48 21 40 45 0 24 48 31 40 20 40 32 31
split_gain=5.18809 8.93329 17.0234 12.9781 8.44286 6.73049 9.664 7.87966 6.98448 6.62132 6.57539 6.56042 6.2641 6.15235
threshold=0.010695492848753931 0.75390785932540905 0.92905992269516002 2.2469075702247214e-06 4.6584756319134618e-07 0.013793759513646366 0.0082472558133304136 0.80899077653884899 0.80322581529617321 2.2526078282680832e-06 2.641489338373049e-08 2.294215846632142e-06 2.9174053668975835 0.77171215415000927
decision_type=2 2 2 2 2 2 2 2 2 2 2 2 2 2
left_child=5 2 12 4 -3 6 -1 10 -9 -5 -7 -12 -2 -8
right_child=1 3 -4 9 -6 7 13 8 -10 -11 11 -13 -14 -15
leaf_value=-0.018482050034826471 0.0017710912771784994 0.0044438553819265841 0.014953719373956044 0.022308732319063811 -0.028626486993919998 0.029648048852497468 -0.0056460753800091903 -0.030277916414544068 0.0055190481197501268 -0.0003308094052882911 -0.022517310402142436 0.013079953890055144 -0.039155445563826441 0.002262104419092267
leaf_weight=83.560274222897306 14.934530990663918 24.73781873878761 232.84684447973268 32.923767092899652 50.881961822276935 39.607699264306461 472.65751957838478 10.586554127745329 33.367666025675021 129.29506541771093 9.2777628512121719 29.566336870135274 11.782057664812326 493.20203356043004
leaf_count=5305 178 199 1760 262 689 125 18461 172 6681 23924 111 589 807 154851
internal_value=-1.36827e-11 0.00422893 0.0104715 -0.0027315 -0.0185526 -0.00181564 -0.00313003 0.0088383 -0.00711658 0.00529265 0.0175713 0.00170834 -0.0220261 -0.00162608
internal_weight=1669.23 497.402 259.563 237.839 75.6198 1171.83 1049.42 122.406 43.9542 162.219 78.4518 38.8441 26.7166 965.86
internal_count=214114 27819 2745 25074 888 186295 178617 7678 6853 24186 825 700 985 173312
is_linear=0
shrinkage=0.05


Tree=90
num_leaves=15
num_cat=0
split_feature=1 43 49 24 21 36 45 19 40 4 39 26 18 25
split_gain=5.07583 9.28309 7.57402 7.7221 8.02097 7.52629 10.2115 10.5587 10.0542 8.87633 7.26402 7.26176 6.96739 6.90045
threshold=0.0083683477714657801 0.89587974548339855 0.50697344541549694 0.23682122677564624 0.91179752349853527 0.55050507187843334 6.005693364841137e-07 0.024976628832519058 2.2416382989831622e-06 0.0085838492959737795 0.72866007685661327 0.58797526359558117 6.7399280071258554 0.014249553903937342
decision_type=2 2 2 2 2 2 2 2 2 2 2 2 2 2
left_child=2 12 3 5 -5 10 11 8 -8 13 -1 -7 -2 -9
right_child=1 -3 -4 4 -6 6 7 9 -10 -11 -12 -13 -14 -15
leaf_value=-0.012185324880803127 -0.040017049704577305 0.0045271121143243822 0.006049779746029057 0.012111605550345482 -0.019650270603860435 0.012753047307030391 0.011468800455696516 0.02329664784868913 -0.022939877656443897 -0.013797768638943449 0.015127921219128629 -0.010698027623788433 0.003969381054837416 -0.008199431027673525
leaf_weight=206.08133756041696 11.224398075137403 660.32251717421161 205.04945467193875 16.637912804624449 115.95651465505759 31.930367007731547 31.970805465593003 126.38740788054906 34.511930929449363 15.615473072836378 18.868647126713768 162.26730524485833 12.793229695409535 14.882544541498644
leaf_count=12836 130 49284 118030 10960 5805 1011 967 2684 2618 501 321 8408 104 455
internal_value=1.79804e-10 0.00327759 -0.00229838 -0.00455575 -0.0150949 -0.0021828 0.00180554 0.00891367 -0.00705706 0.0156989 -0.00934794 -0.00640644 -0.0223079 0.0196559
internal_weight=1664.5 684.34 980.16 775.11 132.594 642.516 417.566 223.368 66.4827 156.885 224.95 194.198 24.0176 141.27
internal_count=214114 49518 164596 46566 16765 29801 16644 7225 3585 3640 13157 9419 234 3139
is_linear=0
shrinkage=0.05


Tree=91
num_leaves=15
num_cat=0
split_feature=35 21 21 1 4 48 1 43 43 43 48 17 44 56
split_gain=4.78028 6.55207 7.35758 11.7703 10.2568 10.1573 10.1176 14.131 11.6283 10.6688 9.40695 10.5652 7.83718 8.21333
threshold=0.003509899135679007 0.92700672149658214 0.93878683447837841 0.015749008394777778 0.01183473411947489 0.68595564365386974 0.0090499590151011961 2.5249279737472539 3.3140207529067998 2.9700856208801274 0.65413400530815136 0.039230769500136382 0.011961738578975202 1.0000000180025095e-35
decision_type=2 2 2 2 2 2 2 2 2 2 2 2 2 2
left_child=1 -1 3 4 6 -4 7 -3 -9 -8 -11 -12 13 -6
right_child=-2 2 5 -5 12 -7 9 8 -10 10 11 -13 -14 -15
leaf_value=-0.0090895863664442588 0.012899289144650728 0.020456300585325701 0.0076102769682493193 0.024139320715707884 -0.015319427590886767 -0.0069459966045926609 -0.023886127664788162 -0.028215798873863024 -0.00055704095903803461 -0.010246730110863156 0.028862360997196353 0.0010143526739365969 -0.019244593121586311 0.028625050260139215
leaf_weight=187.23686376206479 58.878407945286199 62.34923885832518 150.10890694125555 55.540308087307494 11.071377438958734 475.08856785799708 8.9538221419206803 32.737743580946699 346.80912245388799 22.134325162041932 110.0562194092488 48.592456714301079 77.512986618901778 13.134590440429747
leaf_count=140977 31020 1696 3865 211 226 13890 311 2170 14938 515 1845 696 1690 64
internal_value=-1.58907e-10 -0.000551398 0.000635015 0.00382438 0.00198179 -0.00338627 0.00439176 0.000166766 -0.00360582 0.0137307 0.0167482 0.0208987 -0.0120367 0.00992305
internal_weight=1660.2 1601.33 1414.09 788.892 733.352 625.197 631.633 441.896 379.547 189.737 180.783 158.649 101.719 24.206
internal_count=214114 183094 42117 24362 24151 17755 22171 18804 17108 3367 3056 2541 1980 290
is_linear=0
shrinkage=0.05


Tree=92
num_leaves=15
num_cat=0
split_feature=24 39 19 34 48 44 45 26 0 24 26 24 21 21
split_gain=5.27739 6.31061 6.5375 8.44612 7.63898 5.96982 11.7489 9.50838 6.5673 5.82969 11.8344 5.55433 5.43703 7.03343
threshold=0.98315450549125682 0.86185401678085338 0.85993957519531261 0.81791338324546825 0.82930389046669017 0.77928286790847789 3.20991002666915e-08 0.78526219725608837 0.016261236742138866 0.23682122677564624 0.9693945348262788 0.83773332834243786 0.92861121892929088 0.91346216201782238
decision_type=2 2 2 2 2 2 2 2 2 2 2 2 2 2
left_child=1 2 3 5 -5 6 -1 -7 12 -4 -11 -9 13 -8
right_child=-2 -3 9 4 -6 7 8 11 -10 10 -12 -13 -14 -15
leaf_value=-0.021818652667128832 0.017754412961136151 -0.019793606318626381 0.032504811871934207 -0.035501628911121033 -0.0039477121932875656 0.029873989805176873 -0.0026811127497753081 -0.02140326480347492 0.016537194109140764 -0.020691364579095629 0.014749859963030562 0.0067200702519928865 0.00055988738846590063 -0.028383983095091173
leaf_weight=53.926538026215894 30.835920617202646 31.075654883446987 15.789563673082737 21.949208821497962 55.450052839819307 32.109375914630505 97.678582570306986 12.514871586327954 48.377541209280025 23.357703419223981 72.248806520816288 69.801955213592294 1064.3288899206516 27.921181856990955
leaf_count=2343 1161 912 66 835 3951 790 37622 7608 161 775 2373 123569 28494 3454
internal_value=5.19154e-10 -0.000443021 5.48246e-05 -0.000852181 -0.0159341 8.42958e-05 -0.000916073 0.0105473 0.0001617 0.0112131 0.0049518 0.000589091 -0.000636329 -0.0100668
internal_weight=1657.37 1626.53 1595.45 1484.06 77.3993 1406.66 1292.23 114.426 1238.31 111.396 95.6065 82.3168 1189.93 125.6
internal_count=214114 212953 212041 208827 4786 204041 72074 131967 69731 3214 3148 131177 69570 41076
is_linear=0
shrinkage=0.05


Tree=93
num_leaves=15
num_cat=0
split_feature=25 30 0 46 48 31 0 25 23 3 1 46 36 22
split_gain=4.76572 10.738 7.03755 9.9817 11.6378 11.4022 10.8677 16.2968 13.6509 13.3843 10.4121 10.2729 12.8355 8.89562
threshold=0.014249553903937342 0.0007637247326783837 0.009569597430527212 0.70429253578186046 0.54993104934692394 0.80322581529617321 0.0064725596457719812 3.2504367197816469e-07 4.135134458541871 0.0073261056095361718 0.0088890646584332007 0.74413529038429271 0.58571431040763866 6.7996129989624032
decision_type=2 2 2 2 2 2 2 2 2 2 2 2 2 2
left_child=2 -2 3 4 -1 -6 7 -5 -8 10 11 12 -9 -12
right_child=1 -3 -4 6 5 -7 8 9 -10 -11 13 -13 -14 -15
leaf_value=0.013795397680193805 -0.026942994260600733 0.0050840437614549077 0.0048878312760581993 -0.0065788631062221204 -0.016609063274120116 0.01607126971989024 -0.026054901559182671 -0.0054774660804889873 0.0027329752616224463 -0.0049982087429589102 -0.0031910218084749854 -0.00053558227683026362 0.037139878297459114 0.039565200094325223
leaf_weight=38.130167569900095 40.314904030645266 49.066620711702853 598.25998669931278 188.84936339760145 234.7656717147745 21.986908195540309 62.556887934566532 22.993000375223346 91.33239184571147 86.080103730959024 13.068866657758575 104.12212093690101 43.25414256809745 58.471906378486892
leaf_count=4239 1124 1041 36341 74636 11406 450 2172 598 35713 10597 7274 27426 659 438
internal_value=5.79522e-10 -0.010619 0.000670536 -0.00196567 -0.00947014 -0.0133129 0.00142428 0.00490296 -0.00984521 0.011513 0.0173534 0.00962477 0.0235699 0.0323211
internal_weight=1653.25 89.3815 1563.87 965.612 294.883 256.753 670.729 516.84 153.889 327.99 241.91 170.369 66.2471 71.5408
internal_count=214114 2165 211949 175608 16095 11856 159513 121628 37885 46992 36395 28683 1257 7712
is_linear=0
shrinkage=0.05


Tree=94
num_leaves=15
num_cat=0
split_feature=35 21 21 1 48 4 1 43 43 43 48 17 26 44
split_gain=4.79421 4.96681 6.85998 10.6266 9.56625 9.51862 9.23906 11.7208 10.6534 10.3439 8.57249 8.83696 7.74777 7.37789
threshold=0.003509899135679007 0.92700672149658214 0.93878683447837841 0.015749008394777778 0.68595564365386974 0.01183473411947489 0.0090499590151011961 2.5249279737472539 3.3140207529067998 2.9700856208801274 0.65413400530815136 0.039230769500136382 0.63423421978950512 0.0811784863471985
decision_type=2 2 2 2 2 2 2 2 2 2 2 2 2 2
left_child=1 -1 3 5 13 6 7 -3 -9 -8 -11 -12 -7 -4
right_child=-2 2 4 -5 -6 12 9 8 -10 10 11 -13 -14 -15
leaf_value=-0.0080936696550844827 0.012831141655405552 0.018547962455263394 -0.0040472988724956117 0.023049509338627719 -0.0068886311777033409 0.0071038028314836868 -0.02389748098082135 -0.027224571264422456 -0.00047251022038397191 -0.0098814950479900864 0.027336803978847898 0.0017871161601759754 -0.02035639782583069 0.017073114403680648
leaf_weight=182.46624959010023 59.756283956418656 62.404682207066799 72.466651045368053 54.348260977305472 472.55413128252258 32.006120449688751 8.9371629673696571 31.758085467270575 345.54426443900002 21.817628930788487 109.49825077529454 49.268801568669005 68.551540498221584 77.521094222960528
leaf_count=140977 31020 1696 2599 211 13890 369 311 2170 14938 515 1845 696 1611 1266
internal_value=-3.0393e-10 -0.000559708 0.000467788 0.00355903 -0.00342056 0.0018156 0.00413589 8.47553e-05 -0.00336906 0.0130595 0.0160465 0.0199839 -0.0117642 0.00725362
internal_weight=1648.9 1589.14 1406.68 784.135 622.542 729.787 629.229 439.707 377.302 189.522 180.585 158.767 100.558 149.988
internal_count=214114 183094 42117 24362 17755 24151 22171 18804 17108 3367 3056 2541 1980 3865
is_linear=0
shrinkage=0.05


Tree=95
num_leaves=15
num_cat=0
split_feature=24 39 19 31 29 39 39 31 24 39 39 34 24 46
split_gain=4.9665 5.6129 6.29786 7.69162 7.12531 7.62524 10.6331 7.74007 7.66932 7.44271 7.81326 6.77099 13.6243 11.3863
threshold=0.98315450549125682 0.86185401678085338 0.85993957519531261 0.97952219843864452 0.96475589275360119 0.76637110114097606 0.72866007685661327 0.73030304908752453 0.23682122677564624 0.69417446851730358 0.68937835097312938 0.35748870670795446 0.19811160862445834 0.72638148069381725
decision_type=2 2 2 2 2 2 2 2 2 2 2 2 2 2
left_child=1 2 3 4 5 6 9 -7 -8 10 11 12 13 -1
right_child=-2 -3 -4 -5 -6 7 8 -9 -10 -11 -12 -13 -14 -15
leaf_value=0.0042470140250888229 0.017113810427619752 -0.018991472326292294 0.010981525187520871 -0.014752585311850556 0.019861191466690284 -0.028917106907041773 0.036628383740875341 -0.0028180785631165954 -0.00095671932924701873 -0.022149695726105756 0.026678772075915715 -0.0091687774352995736 0.021345908188021005 -0.0070261314473587955
leaf_weight=536.4398181426759 31.341286199894967 29.755776387712103 111.34129635427598 83.4386126949546 34.041013067344238 34.990416438707939 24.329163948539644 83.908212757033766 21.626425696512797 27.982597157999408 17.497303623241123 171.24493543868664 68.388620115416757 369.62374629570968
leaf_count=13850 1161 912 3214 8266 56358 1310 209 5444 36746 16697 2565 38394 11499 17489
internal_value=-1.56044e-10 -0.000435494 2.97918e-05 -0.000866188 6.67552e-05 -0.000571908 0.000628954 -0.0121462 0.021931 -0.000368618 0.000339694 -0.000289926 0.00134768 -0.000378302
internal_weight=1645.95 1614.61 1584.85 1473.51 1390.07 1356.03 1237.13 118.899 45.9556 1191.18 1163.19 1145.7 974.452 906.064
internal_count=214114 212953 212041 208827 200561 144203 137449 6754 36955 100494 83797 81232 42838 31339
is_linear=0
shrinkage=0.05


Tree=96
num_leaves=15
num_cat=0
split_feature=25 30 0 46 48 17 0 26 23 40 39 53 48 0
split_gain=4.29378 9.95272 5.64048 9.1519 10.4823 10.9648 10.0426 14.7409 12.338 10.0216 9.73751 8.30552 8.79267 7.16129
threshold=0.014249553903937342 0.0007637247326783837 0.009569597430527212 0.70429253578186046 0.54993104934692394 0.057189542800188072 0.0064725596457719812 0.7919372320175172 4.135134458541871 2.2191804873727965e-06 0.020933249033987526 1.0000000180025095e-35 0.79639455676078807 0.0099504948593676108
decision_type=2 2 2 2 2 2 2 2 2 2 2 2 2 2
left_child=2 -2 3 4 -1 9 7 10 -8 -6 -5 12 -12 -4
right_child=1 -3 13 6 5 -7 8 -9 -10 -11 11 -13 -14 -15
leaf_value=0.013071075816388745 -0.02603779301712953 0.0049569584267165666 0.022070274476729428 -0.0050986533721493355 -5.165976064467824e-05 0.013101507194002982 -0.025039056834548153 -0.0030208439706333155 0.002529916165885833 -0.022893998388548761 0.031526874015383836 -0.0078975145127140444 0.0074596586812870416 0.0026878617180467437
leaf_weight=38.276698808752258 39.465302421012893 48.828802041476592 42.672732010386426 50.179255082330258 67.318984044104582 28.874260542565025 60.929865428712176 274.64096410269798 91.041649138487671 157.8633877857045 96.361011556233279 21.057888734852895 71.274447711766697 553.05762147028713
leaf_count=4239 1124 1041 3291 2382 2916 308 2172 115837 35713 8632 1244 467 1698 33050
internal_value=-4.38766e-10 -0.0101365 0.000637239 -0.00173542 -0.00895276 -0.0126403 0.00152061 0.00486624 -0.00938677 -0.0163578 0.0136913 0.0186933 0.0222901 0.00441768
internal_weight=1641.84 88.2941 1553.55 957.818 292.333 254.057 665.485 513.514 151.972 225.182 238.873 188.693 167.635 595.73
internal_count=214114 2165 211949 175608 16095 11856 159513 121628 37885 11548 5791 3409 2942 36341
is_linear=0
shrinkage=0.05


Tree=97
num_leaves=15
num_cat=0
split_feature=35 21 21 25 40 15 48 49 24 0 24 45 2 34
split_gain=4.25027 4.26369 6.05368 7.03574 5.87844 6.88306 8.82202 6.33926 14.5189 10.4498 14.0302 8.60998 14.0481 8.95504
threshold=0.00353740924037993 0.92700672149658214 0.93076103925704967 3.860333919192272e-07 0.0011732071288861336 0.0082305916585028189 0.61636748909950267 0.033825969323515899 0.015119064599275591 0.014815627597272398 0.0082472558133304136 6.0657174572043015e-07 0.013245614245533945 0.35748870670795446
decision_type=2 2 2 2 2 2 2 2 2 2 2 2 2 2
left_child=1 -1 3 -3 5 6 -4 8 9 10 -7 -9 13 -13
right_child=-2 2 4 -5 -6 7 -8 11 -10 -11 -12 12 -14 -15
leaf_value=-0.0075495978513654173 0.012264576448156513 -0.01044833028489275 0.017636327303025362 0.019524953221770447 -0.0075383773732481361 -0.011309916728523953 -0.013052597069109365 0.001695740863166486 -0.013198755404695088 0.03047917279485482 0.023622283635054815 0.026275545998332723 -0.014163454009630478 -0.0016724596866426464
leaf_weight=180.09419889123365 57.74983529742417 19.108518408647342 18.979116147151331 67.458542048767413 230.03880790597941 76.430783928750316 133.94793417311701 448.06688873986013 157.9804848949716 29.091258264612406 33.069076553278137 119.69099140370963 28.803227555239573 35.319015910819871
leaf_count=141581 30320 1150 1048 1767 8260 2433 8947 10995 4494 89 602 1325 248 855
internal_value=-1.09298e-09 -0.000523226 0.000429131 0.0125119 -0.000457107 0.00110454 -0.00839522 0.00274205 -0.00321556 0.00828673 0.000333598 0.00554478 0.0143557 0.0201922
internal_weight=1635.83 1578.08 1397.98 86.5671 1311.42 1081.38 152.927 928.452 296.572 138.591 109.5 631.88 183.813 155.01
internal_count=214114 183794 42213 2917 39296 31036 9995 21041 7618 3124 3035 13423 2428 2180
is_linear=0
shrinkage=0.05


Tree=98
num_leaves=15
num_cat=0
split_feature=35 25 30 1 46 34 24 43 44 19 48 34 45 21
split_gain=3.97271 4.05864 6.96828 5.43671 7.90348 6.95628 7.27313 6.49478 5.31799 10.5444 19.3671 11.9863 10.5353 9.54073
threshold=0.0051657482981681832 0.014249553903937342 0.0007637247326783837 0.015749008394777778 0.71103236079216015 0.0051866155117750177 0.0020450812298804526 3.5114340782165532 0.06726893782615663 0.15104504674673083 0.80120506882667553 0.25184962153434759 8.3358688129919766e-07 0.93544796109199535
decision_type=2 2 2 2 2 2 2 2 2 2 2 2 2 2
left_child=1 3 -3 5 -5 -1 -7 -6 12 10 -10 -11 13 -8
right_child=-2 2 -4 4 7 6 8 -9 9 11 -12 -13 -14 -15
leaf_value=-0.014651103821134222 0.015132281656104647 -0.023905439439889261 0.0029343059666906363 0.023524237300485629 -0.025361452762342158 0.026001923253283016 -0.025475622832194053 0.0085383264400273554 0.019324277832519377 -0.021589010665869768 -0.010148522354837456 0.00074383382391960328 0.0067290735388566073 -0.0045337423557558877
leaf_weight=72.615496162603677 32.263317000425104 37.721318540163338 45.117285886313766 48.011075294809416 12.004316302016376 16.964747001612523 66.780434105701488 30.43196774399803 172.48691604640197 56.274977521169262 72.818449241981 637.00894756990397 124.13054503706428 207.47377674844847
leaf_count=3300 9443 1105 1002 150 122 459 5930 2014 2224 5313 5696 166120 4439 6797
internal_value=-3.87367e-10 -0.00039727 -0.0105459 0.000222349 0.011467 -0.00056545 0.000291882 -0.00405902 -0.000224968 0.00183051 0.0105205 -0.00135016 -0.00499388 -0.0103499
internal_weight=1632.1 1599.84 82.8386 1517 90.4474 1426.55 1353.94 42.4363 1336.97 938.589 245.305 693.284 398.385 274.254
internal_count=214114 204671 2107 202564 2286 200278 196978 2136 196519 179353 7920 171433 17166 12727
is_linear=0
shrinkage=0.05


Tree=99
num_leaves=15
num_cat=0
split_feature=2 23 15 19 22 3 40 22 46 24 4 26 26 1
split_gain=4.34464 7.49913 6.43598 10.3821 6.84312 6.02487 6.86834 6.36101 5.02119 4.6016 4.96431 8.71166 7.10842 5.71202
threshold=0.016261236742138866 2.8617925643920903 0.072719890624284758 0.0082749319262802618 6.7973818778991708 0.014185110572725536 2.1553420310738151e-06 6.7996129989624032 0.87689393758773815 0.98315450549125682 0.013245614245533945 0.6012820601463319 0.81881311535835277 0.0067797389347106227
decision_type=2 2 2 2 2 2 2 2 2 2 2 2 2 2
left_child=2 -2 5 -4 -5 9 -7 -8 -3 10 13 -12 -13 -1
right_child=1 8 3 4 -6 6 7 -9 -10 -11 11 12 -14 -15
leaf_value=-0.0034052590304692893 -0.019236926531505188 0.029548127676572819 0.015140087459063074 0.0067939916832906377 -0.035149794096850338 -0.021420896541379644 -0.006348154663760046 0.017228202386738282 -0.0061850159842271706 0.016649044346998779 0.011801096633416781 -0.02993039919876227 0.00017669938030497726 0.0033659134105695227
leaf_weight=707.40902222489092 6.0693815425038329 30.229348159125948 13.281611069105564 8.8606255127524474 33.109401319175959 7.7989463725242549 31.335463343748074 115.43595143023413 9.0131876801315212 26.429616890382022 22.981006527639295 45.385997000150383 30.167042687556602 540.57303094516794
leaf_count=130694 40 72 47 305 166 132 6925 507 739 1045 320 819 9476 62827
internal_value=3.72149e-10 0.013776 -0.000478399 -0.0158565 -0.0266913 0.000177353 0.00922015 0.0121108 0.0217516 -0.000900021 -0.00136467 -0.0116223 -0.0192936 -0.000468832
internal_weight=1628.08 45.3119 1582.77 55.2516 41.97 1527.52 154.57 146.771 39.2425 1372.95 1346.52 98.534 75.553 1247.98
internal_count=214114 851 213263 518 471 212745 7564 7432 811 205181 204136 10615 10295 193521
is_linear=0
shrinkage=0.05


Tree=100
num_leaves=15
num_cat=0
split_feature=49 31 21 21 21 20 27 19 34 21 40 25 35 45
split_gain=3.8446 6.76441 4.9859 7.28103 6.11055 10.4315 14.9775 12.4637 9.45711 8.99084 8.62227 13.1011 10.177 9.45753
threshold=0.86112257838249218 0.97957792878150951 0.92861121892929088 0.91346216201782238 0.93878683447837841 2.6435179378836441e-08 3.3497501611709599 0.77451229095458995 0.0067004745360463866 0.93234089016914379 2.2191804873727965e-06 8.3119428495592739e-07 1.8042795772998945e-06 5.4069039379101024e-07
decision_type=2 2 2 2 2 2 2 2 2 2 2 2 2 2
left_child=1 2 3 -1 5 6 -4 -8 -7 -10 12 -12 -6 -13
right_child=-2 -3 4 -5 10 8 7 -9 9 -11 11 13 -14 -15
leaf_value=-0.00033956365063205287 0.0078922210872556086 -0.015278152546278982 -0.0074215121775658395 -0.021523368634674023 -0.013564490652737111 -0.019110390038133373 0.024811655257317933 -0.018586059499978529 0.012113038777276978 -0.0027995221687716794 -0.015863534040425245 0.025116019245851606 0.015539748243834577 -0.0023041021715946419
leaf_weight=115.95474427338996 131.0926988642052 65.968518727535866 59.425665450689849 52.658813190537956 32.423594604479149 47.015460277325474 146.4614281875547 11.252229543475549 147.16932712389826 275.44668075827394 183.06593101024191 26.186455924762413 101.78580300346948 231.40568628266192
leaf_count=55942 115527 4862 1909 4590 1736 2003 1875 225 3204 9570 6229 572 962 4908
internal_value=-3.10016e-10 -0.000739291 3.27188e-05 -0.00778999 0.00113124 0.00428681 0.0130837 0.0207918 3.14745e-05 0.0025535 -0.00264744 -0.00601359 0.00805543 0.00131781
internal_weight=1627.31 1496.22 1430.25 168.614 1261.64 686.771 217.139 157.714 469.631 422.616 574.867 440.658 134.209 257.592
internal_count=214114 98587 93725 60532 33193 18786 4009 2100 14777 12774 14407 11709 2698 5480
is_linear=0
shrinkage=0.05


Tree=101
num_leaves=15
num_cat=0
split_feature=29 24 24 33 29 31 23 36 15 15 48 44 44 16
split_gain=3.62739 11.1079 10.3771 9.05091 6.70688 7.24392 8.1832 8.09191 6.64163 6.40929 6.13121 8.0254 10.2272 11.1604
threshold=0.85021218657493602 0.23682122677564624 0.20850392431020739 1.2424533367156985 0.29042614996433264 0.73030304908752453 2.0126758217811589 0.5634920895099641 0.015507561154663565 0.0074350468348711738 0.66248878836631786 0.06726893782615663 0.024575021117925647 2.5000000000000004
decision_type=2 2 2 2 2 2 2 2 2 2 2 2 2 2
left_child=1 2 10 8 -3 6 -6 -7 9 -4 11 12 13 -1
right_child=-2 4 3 -5 5 7 -8 -9 -10 -11 -12 -13 -14 -15
leaf_value=-0.013432945409567382 0.0057469846318976454 0.0087604665852090546 0.01762169864783536 -0.011192959673215401 0.0090030497261505641 0.0025325974976862847 -0.035424123685155601 -0.019376054390517108 0.02929628397730967 -0.023676879817081845 -0.0025361730343993801 0.013931892221320685 -0.01703749119368209 0.026234363653104543
leaf_weight=21.924140098032922 225.27559883216873 32.154524382504633 9.5409459794018137 18.767647866725838 8.443934618146157 90.200080545528891 45.245664997130831 65.947386146932843 62.859793632666651 8.2537021512180484 806.80175554859284 138.31806060369468 56.90243963444982 33.32323834032286
leaf_count=2503 131652 2287 478 270 522 23468 4727 13621 415 529 28228 2434 2479 501
internal_value=2.66645e-11 -0.00095985 0.00110342 0.0157617 -0.0104745 -0.0136864 -0.0281204 -0.0073296 0.0225767 -0.00316054 -0.000409762 0.00627419 -0.00353768 0.0108468
internal_weight=1623.96 1398.68 1156.69 99.4221 241.992 209.837 53.6896 156.147 80.6544 17.7946 1057.27 250.468 112.15 55.2474
internal_count=214114 82462 37837 1692 44625 42338 5249 37089 1422 1007 36145 7917 5483 3004
is_linear=0
shrinkage=0.05


Tree=102
num_leaves=15
num_cat=0
split_feature=25 30 1 19 0 34 24 1 29 1 18 37 29 24
split_gain=3.62411 8.18608 5.00552 8.99778 7.69779 6.59237 6.03912 10.5247 5.75145 8.43524 11.6574 5.87468 5.83035 9.91867
threshold=0.014249553903937342 0.0007637247326783837 0.015749008394777778 0.029015605337917808 0.016001024283468727 0.0051866155117750177 0.0028292079223319892 0.0090499590151011961 0.014724332839250566 0.011050061322748663 6.7387444972991952 0.89587974548339855 0.018617410212755207 0.024320630356669429
decision_type=2 2 2 2 2 2 2 2 2 2 2 2 2 2
left_child=2 -2 5 -4 -5 -1 7 -7 9 10 -8 -12 -10 -14
right_child=1 -3 3 4 -6 6 8 -9 12 -11 11 -13 13 -15
leaf_value=-0.013973072025170914 -0.023995811406522686 0.0043373326063099338 0.024550486794430709 0.0071362019484507936 -0.031262326829350942 -0.013467806737379942 -0.017198150025692593 0.0360361019822781 0.021002635557062062 -0.028374786547245658 -0.0088676924929510289 0.021881583088348797 -0.022729114807091839 0.0014914929722514303
leaf_weight=71.600563416947807 38.438465373008512 48.446128210867755 46.982257275813026 35.831306004649377 8.488879265234571 10.289921343745165 51.420831019805746 19.499631256232533 26.14671315487999 31.424476003247037 16.001257598109078 39.991447340347804 33.886075307605779 1141.8469710298234
leaf_count=3300 1124 1041 185 2222 140 818 5064 133 813 579 664 920 1458 195653
internal_value=2.78853e-10 -0.00938044 0.000588839 0.0113324 -0.00461972 -0.000164711 0.000652682 0.0198492 8.23575e-05 -0.00919399 -0.0016438 0.0130821 0.00122096 0.000607624
internal_weight=1620.29 86.8846 1533.41 91.3024 44.3202 1442.11 1370.51 29.7896 1340.72 138.838 107.414 55.9927 1201.88 1175.73
internal_count=214114 2165 211949 2547 2362 209402 206102 951 205151 7227 6648 1584 197924 197111
is_linear=0
shrinkage=0.05


Tree=103
num_leaves=15
num_cat=0
split_feature=35 21 48 21 25 45 1 48 15 46 37 15 47 40
split_gain=3.64569 3.75913 5.94007 5.42415 5.82161 5.81769 5.6451 8.66413 8.53122 13.2741 10.3669 10.3476 9.57785 10.0619
threshold=0.0051657482981681832 0.92700672149658214 0.7341398596763612 0.93076103925704967 3.860333919192272e-07 0.00030910430359654134 0.0090499590151011961 0.9763152301311494 0.037870651111006744 0.68990385532379161 1.8688347935676577 0.043404377996921546 3.65057384967804 2.2494104996440005e-06
decision_type=2 2 2 2 2 2 2 2 2 2 2 2 2 2
left_child=1 2 -1 4 -3 6 -5 8 9 -8 -11 -10 13 -13
right_child=-2 3 -4 5 -6 -7 7 -9 11 10 -12 12 -14 -15
leaf_value=-0.018864351035285446 0.014540432369910134 -0.0097229233987001298 -0.0004846829575156758 -0.0018883694967552168 0.017369636144776823 -0.0092107823313789788 -0.009200099535226965 -0.014809228124131943 -0.02420678304796841 0.028805443843518869 -0.016237364361640336 -0.020389660745205054 0.013459411993410065 0.0086284718016917863
leaf_weight=57.63896851830998 32.003875594871488 18.755545709724629 127.13698130249747 707.97771209192751 74.892107856094299 152.54653080744902 32.528627926105401 39.44181499574097 23.615340714575723 103.72125453468834 7.9638966925958803 49.120755761163309 139.56450506835245 52.025870480109006
leaf_count=7379 9443 1150 154479 29124 1891 3602 975 1974 417 1511 241 520 1009 399
internal_value=-3.43659e-11 -0.000382455 -0.00689219 0.00051813 0.011529 -0.000351366 0.000886739 0.00521791 0.00745903 0.0168133 0.0245232 0.0019286 0.00535591 -0.00603045
internal_weight=1618.93 1586.93 184.776 1402.15 93.6477 1308.51 1155.96 447.982 408.54 144.214 111.685 264.326 240.711 101.147
internal_count=214114 204671 161858 42813 3041 39772 36170 7046 5072 2727 1752 2345 1928 919
is_linear=0
shrinkage=0.05


Tree=104
num_leaves=15
num_cat=0
split_feature=21 2 32 27 25 24 4 25 39 1 44 22 26 39
split_gain=3.54004 14.0632 6.56483 5.28529 4.87749 8.21716 6.41801 14.9387 7.86643 7.58081 7.4483 9.38536 7.11047 6.71299
threshold=0.94891726970672619 0.012422839645296337 2.9174053668975835 4.3372693061828622 3.1066120698142191e-07 0.97344085574150097 0.011050061322748663 3.6310657947069563e-07 0.0080817230045795458 0.012422839645296337 0.10768338665366174 6.8018388748168954 0.71525096893310558 0.0091944942250847834
decision_type=2 2 2 2 2 2 2 2 2 2 2 2 2 2
left_child=4 2 3 -2 5 -1 9 8 -8 13 12 -12 -9 -6
right_child=1 -3 -4 -5 6 -7 7 10 -10 -11 11 -13 -14 -15
leaf_value=-0.010341358739041871 -0.011631931560810599 0.028827100949925022 -0.024219858898679229 0.022028099795751883 -0.010812189602577014 0.010694575323937847 0.0036505039166704677 -0.0029999240446713401 -0.034881008986484101 0.014354362104471644 0.0027283996367636369 -0.025312120230847241 0.020274047953513341 0.0026510306409856825
leaf_weight=231.13087666161323 13.30738493712852 37.712186007760465 21.101976385687522 14.859564628917722 95.377522782004348 48.882529843918746 15.178518069209558 60.470114229618048 44.398025913047604 112.50491430589159 72.029875093646382 38.983766458928585 56.394409999295021 756.90924160425129
leaf_count=105058 492 126 695 211 4659 3523 233 823 734 5300 10189 215 394 81462
internal_value=2.37232e-10 0.0092659 -0.00804446 0.00724446 -0.000582663 -0.00642693 0.000764732 -0.00567124 -0.0259505 0.0027208 0.000498599 -0.00839635 0.00894402 0.00103647
internal_weight=1619.24 86.9811 49.2689 28.1669 1532.26 280.013 1252.25 287.455 59.5765 964.792 227.878 111.014 116.865 852.287
internal_count=214114 1524 1398 703 212590 108581 104009 12588 967 91421 11621 10404 1217 86121
is_linear=0
shrinkage=0.05


Tree=105
num_leaves=15
num_cat=0
split_feature=24 39 19 34 31 44 48 45 34 34 0 39 44 34
split_gain=3.55213 4.89171 4.61813 6.81414 6.25211 5.13337 9.08789 8.57943 5.04064 11.3308 8.89978 7.5773 7.17913 7.14759
threshold=0.98315450549125682 0.86185401678085338 0.85993957519531261 0.81791338324546825 0.79057019948959362 0.71226155757904064 0.65756514668464672 3.20991002666915e-08 0.35748870670795446 0.26329767704010015 0.0072203108575195083 0.25448337197303778 0.26104706525802618 0.059924498200416572
decision_type=2 2 2 2 2 2 2 2 2 2 2 2 2 2
left_child=1 2 3 5 -5 7 -7 -1 9 11 -10 13 -12 -9
right_child=-2 -3 -4 4 -6 6 -8 8 10 -11 12 -13 -14 -15
leaf_value=-0.019635806597031236 0.014294564606972827 -0.018078516063658377 0.0095253382675688433 -0.035922676502509285 -0.0048669235606229773 0.029548952759698922 0.00069061264866105494 -0.0025661218889392423 0.0013794677119199519 0.018351449936279487 -0.02743818767986125 -0.023519800603010156 -0.001069069381629919 0.0069062083934294388
leaf_weight=47.953558166911534 32.337330975948134 28.105568537088402 108.97838884405792 14.608020351151934 59.394711624644515 29.658010568395866 89.010742869692194 537.10708714829616 163.24219516613533 82.976500640697736 55.651383026190615 23.016513916804684 43.920987439005728 303.35547789536838
leaf_count=2182 1161 912 3214 544 4242 1994 136150 20536 15965 7533 1040 1154 3546 13941
internal_value=2.83993e-10 -0.000378961 5.33497e-05 -0.000718963 -0.0145439 0.00012419 0.00963894 -0.000842879 5.7287e-05 0.0017668 -0.00593817 -1.87607e-05 -0.016966 0.000893813
internal_weight=1619.32 1586.98 1558.87 1449.9 74.0027 1375.89 118.669 1257.22 1209.27 946.456 262.815 863.479 99.5724 840.463
internal_count=214114 212953 212041 208827 4786 204041 138144 65897 63715 43164 20551 35631 4586 34477
is_linear=0
shrinkage=0.05


Tree=106
num_leaves=15
num_cat=0
split_feature=1 19 0 18 34 39 20 29 19 40 47 48 19 39
split_gain=3.66026 15.0195 14.9374 6.84897 5.45476 10.3806 8.94723 8.61796 11.4182 8.41414 7.77785 7.60751 7.53037 12.9884
threshold=0.015749008394777778 0.029015605337917808 0.016001024283468727 6.726832628250123 0.059924498200416572 0.076985150575637831 2.6586173262899141e-08 0.14306104928255084 0.15104504674673083 2.2545112869920563e-06 3.496048212051392 0.86619299650192272 0.029015605337917808 0.026246787980198864
decision_type=2 2 2 2 2 2 2 2 2 2 2 2 2 2
left_child=4 -2 3 -3 12 6 11 -7 9 -9 -8 -6 13 -1
right_child=1 2 -4 -5 5 7 10 8 -10 -11 -12 -13 -14 -15
leaf_value=-0.004927035586745853 0.026035852768531632 -0.019211825553025471 -0.042506377278460045 0.01790009497727028 -0.011990337767418839 -0.011428596827814153 -0.016930449309517901 0.033764281297515762 -6.50944105433361e-05 -0.0054004524267147903 0.030937097339780437 0.021850943894762241 -0.016631821008990577 0.021862322850543448
leaf_weight=358.38859140506753 49.780859093603794 8.6755643998167198 12.25648940366227 30.309428540524095 38.479816519713609 138.79063945173459 3.3128856910916502 34.805155861657596 712.70996830710419 16.222922198793043 58.928216423692561 15.263370815897359 97.522720966837426 41.629396591308819
leaf_count=15036 200 2037 150 194 973 5460 218 143 180676 1302 1646 227 5086 766
internal_value=3.52009e-10 0.00876539 -0.00952446 0.00740535 -0.000637693 0.00145985 0.0149049 -0.000412386 0.00171137 0.0224683 0.0263983 -0.000459043 -0.00487571 -0.00167389
internal_weight=1617.08 101.022 51.2415 38.985 1516.05 1018.51 115.984 902.529 763.738 51.0281 62.2411 53.7432 497.541 400.018
internal_count=214114 2581 2381 2231 211533 190645 3064 187581 182121 1445 1864 1200 20888 15802
is_linear=0
shrinkage=0.05


Tree=107
num_leaves=15
num_cat=0
split_feature=24 31 1 2 15 48 33 49 39 39 48 18 18 21
split_gain=3.64469 6.46499 4.31136 8.44442 9.53428 8.65605 7.55483 6.9021 6.77351 10.1272 9.64608 6.56708 6.31494 8.67765
threshold=0.97101664543151867 0.97952219843864452 0.0067797389347106227 0.014185110572725536 0.023238540627062324 0.6349395513534547 0.89587974548339855 0.036011314019560821 0.023335064761340622 0.12723933160305026 0.79077067971229564 6.7411100864410409 6.7469995021820077 0.93878683447837841
decision_type=2 2 2 2 2 2 2 2 2 2 2 2 2 2
left_child=1 2 3 4 5 7 11 -1 -8 10 -10 -7 13 -4
right_child=-2 -3 12 -5 -6 6 8 -9 9 -11 -12 -13 -14 -15
leaf_value=-0.0088852318622077726 0.0077158459583477864 -0.013667834383562019 0.0051134907152421685 0.015964391420779055 -0.016939640437930135 -0.0050788439532400845 -0.01290455637919204 0.019762466864530617 0.029687901600665225 -0.0034325434085646224 -0.0057083537175180027 -0.025838075185131804 0.015319768041213936 -0.006832302951723792
leaf_weight=22.582507731460169 129.92256546396675 80.606356216826498 433.90534831657692 45.694839530558966 112.03476354798897 126.02524072407488 54.162023463120249 64.451303639148364 50.704782935598814 118.53579074208108 24.055368937198466 49.22841427513049 78.025990328402258 221.37589893620498
leaf_count=4229 10183 8052 61415 3426 22033 83504 3412 2309 785 7185 1042 1813 522 4204
internal_value=2.341e-10 -0.000723903 0.000112542 -0.0027733 -0.00438123 -0.00134826 -0.00435068 0.0121797 0.00131521 0.0057384 0.0189688 -0.01199 0.00274128 0.00103577
internal_weight=1611.31 1481.39 1400.78 667.475 621.78 509.745 422.712 87.0338 247.458 193.296 74.7602 175.254 733.307 655.281
internal_count=214114 203931 195879 129738 126312 104279 97741 6538 12424 9012 1827 85317 66141 65619
is_linear=0
shrinkage=0.05


Tree=108
num_leaves=15
num_cat=0
split_feature=29 24 24 33 0 48 2 35 35 9 2 18 20 35
split_gain=3.21556 9.47518 9.51238 7.9467 6.93543 6.04536 7.30191 8.79117 8.83136 7.00501 9.03888 8.83169 9.21084 7.57707
threshold=0.85021218657493602 0.23682122677564624 0.20850392431020739 1.2424533367156985 0.01183473411947489 0.66248878836631786 1.0000000180025095e-35 2.2519702724821404e-06 0.0010690548224374654 1.0000000180025095e-35 0.015038444194942715 6.7458243370056161 2.6339173508915795e-08 1.495174274168676e-06
decision_type=2 2 2 2 2 2 2 2 2 2 2 2 2 2
left_child=1 2 5 -4 -3 6 -1 -8 -9 10 -7 12 13 -11
right_child=-2 4 3 -5 -6 9 7 8 -10 11 -12 -13 -14 -15
leaf_value=-0.0041060251376732236 0.0054314934675305047 -0.014360311766006578 0.021651421841454355 -0.010271045716939297 0.0049821716810162404 -0.00019461996665086847 0.019651741245725836 -0.025421596372036115 0.013694859587293051 0.0020044505069028765 0.026336729103311935 0.0086345628796738669 -0.0043628521653474297 -0.028560348543987969
leaf_weight=98.361963560285176 223.4112431868175 181.10618095149994 78.675145432191698 18.494424654340378 55.555210692762557 382.24737184828439 110.14865577200544 18.52373361217019 20.132320718177652 24.409642263577553 25.031510028164121 65.264952954952605 224.09288376965776 81.905679913819768
leaf_count=5240 131652 42911 1422 270 1714 19154 1671 719 287 705 156 576 6200 1437
internal_value=1.1332e-10 -0.000909482 0.000993673 0.0151841 -0.00980185 -0.000450242 0.00623616 0.0129006 -0.00642183 -0.00255986 0.00202808 -0.00721595 -0.0105086 -0.0219738
internal_weight=1607.36 1383.95 1147.29 97.1696 236.661 1050.12 247.167 148.805 38.6561 802.952 407.279 395.673 330.408 106.315
internal_count=214114 82462 37837 1692 44625 36145 7917 2677 1006 28228 19310 8918 8342 2142
is_linear=0
shrinkage=0.05


Tree=109
num_leaves=15
num_cat=0
split_feature=35 21 21 32 21 25 49 45 20 43 35 46 1 15
split_gain=3.23147 3.4984 5.58667 6.39113 4.89216 5.505 5.26194 4.78551 5.48228 5.696 5.693 6.60021 5.12967 9.93484
threshold=0.0051657482981681832 0.92700672149658214 0.9136343002319337 6.59372901916504 0.93076103925704967 3.860333919192272e-07 0.6142714023590089 0.00030910430359654134 0.001191756397020072 3.4811217784881596 0.001929827965795994 0.73842105269432079 0.0090499590151011961 0.052432721480727203
decision_type=2 2 2 2 2 2 2 2 2 2 2 2 2 2
left_child=1 2 -1 -4 5 6 -3 12 -9 10 -10 -12 13 -6
right_child=-2 4 3 -5 7 -7 -8 8 9 -11 11 -13 -14 -15
leaf_value=-0.00049692051566945416 0.013665349404453395 -0.02471158434325375 -0.027318484912576348 0.006151355635011858 -0.00068062326016989105 0.016667687743954409 0.013476431177861223 -0.023685557640975706 0.02205654755845194 -0.014644958800977312 -0.022391773646585469 0.0094933952971527867 0.0049499249662246295 -0.031860311446589677
leaf_weight=126.36973506932361 32.138469473343321 10.789676397150858 40.30478805374571 15.487279993372793 685.36167113394731 74.565485517559864 7.5206658297173581 33.170614416711032 23.406051680241944 46.209001010749489 17.730511317728087 29.996997023117729 443.96880280254118 16.560045663267374
leaf_count=156503 9443 535 5029 326 28895 1891 615 825 732 854 506 685 7046 229
internal_value=2.76605e-10 -0.000364121 -0.00668829 -0.0185048 0.000506974 0.0110024 -0.00980666 -0.000323394 -0.00841118 -0.00257247 0.00610837 -0.00417874 0.000802516 -0.00185342
internal_weight=1603.58 1571.44 182.162 55.7921 1389.28 92.8758 18.3103 1296.4 150.513 117.343 71.1336 47.7275 1145.89 701.922
internal_count=214114 204671 161858 5355 42813 3041 1150 39772 3602 2777 1923 1191 36170 29124
is_linear=0
shrinkage=0.05


Tree=110
num_leaves=15
num_cat=0
split_feature=24 39 19 34 48 24 26 44 48 45 20 23 34 34
split_gain=3.63844 3.95311 3.5471 6.29529 6.06877 5.27187 9.36475 4.73849 8.59476 7.36675 4.69389 4.38106 4.33846 10.7379
threshold=0.98315450549125682 0.86185401678085338 0.85993957519531261 0.81791338324546825 0.82930389046669017 0.23682122677564624 0.9693945348262788 0.71226155757904064 0.65756514668464672 3.20991002666915e-08 0.0018951875390484931 5.949338674545289 0.35748870670795446 0.26329767704010015
decision_type=2 2 2 2 2 2 2 2 2 2 2 2 2 2
left_child=1 2 3 7 -5 -4 -7 9 -9 -1 11 -10 13 -11
right_child=-2 -3 5 4 -6 6 -8 8 10 12 -12 -13 -14 -15
leaf_value=-0.018446958866635766 0.014408376011704031 -0.016643693048079385 0.029301200733090893 -0.032112238576016153 -0.0032132018434362858 -0.020520180438251819 0.011336773810638152 0.028766075911668909 -0.026466954002517518 -0.00014672165922901593 0.01651240681322946 0.00074633388713973782 -0.0055604259180619588 0.017664047782502079
leaf_weight=46.537367580100863 32.664030838684994 26.538917988214962 13.984861178323625 19.990027747450767 52.689071226323904 22.053946688938595 73.144089272042038 29.273774718999022 9.8322915930284562 854.11433999734334 22.241420283175387 56.137255609028131 260.74030381841317 83.910891770265948
leaf_count=2182 1161 912 66 835 3951 775 2373 1994 4049 35631 58716 73385 20551 7533
internal_value=-1.57572e-10 -0.000388771 -4.23061e-06 -0.000687802 -0.0140843 0.00828658 0.00270759 0.000124043 0.00930775 -0.000809615 0.00057879 -0.00625961 2.20314e-05 0.00161606
internal_weight=1603.85 1571.19 1544.65 1435.47 72.6791 109.183 95.198 1362.79 117.485 1245.3 88.211 65.9695 1198.77 938.025
internal_count=214114 212953 212041 208827 4786 3214 3148 204041 138144 65897 136150 77434 63715 43164
is_linear=0
shrinkage=0.05


Tree=111
num_leaves=15
num_cat=0
split_feature=24 39 3 47 36 25 35 50 17 24 1 25 30 28
split_gain=3.09218 3.46954 3.24525 7.25098 5.82866 5.65726 4.25713 3.94702 3.45384 6.93254 5.4031 5.23844 6.26409 5.09093
threshold=0.98315450549125682 0.86185401678085338 0.015038444194942715 3.5972183942794804 0.80909091234207164 1.586442886036821e-05 1.8635370793163022e-06 0.019181806594133381 0.010050504934042694 0.045789485797286041 0.0067797389347106227 3.0560801178580737e-07 0.00043137873581144964 2.0126758217811589
decision_type=2 2 2 2 2 2 2 2 2 2 2 2 2 2
left_child=1 2 8 5 7 6 -4 -5 9 -1 -10 -11 -13 -12
right_child=-2 -3 3 4 -6 -7 -8 -9 10 11 13 12 -14 -15
leaf_value=-0.013916587581840882 0.013228850677998153 -0.015738221963956953 0.0027130685746240765 0.016228358153148985 -0.01387667678848486 0.011567610978883355 -0.036441671655011804 -0.015506217248348412 -0.0047324972621970362 -0.009966742747778647 0.010580093990028299 0.029157622783046906 -0.0065654815184436818 -0.00045057178546641975
leaf_weight=17.991286952261433 33.001567873856402 25.846586916613887 8.2717117457650655 123.99371625297545 12.894943452057303 9.298116348218171 11.855926491320131 2.8506390880793324 635.27059180304366 10.320094550595384 119.77085410157474 42.253085217587625 11.860240233140074 535.52633496089277
leaf_count=2275 1161 912 87 4547 97 65 170 16 118614 9208 2871 6688 643 66760
internal_value=-9.80615e-10 -0.000360495 -3.02892e-06 0.00632861 0.0110694 -0.0132822 -0.024791 0.0144342 -0.000823264 0.00852569 -0.00148132 0.0158199 0.0215252 0.00169426
internal_weight=1601.01 1568 1542.16 169.165 139.739 29.4258 20.1276 126.844 1372.99 82.4247 1290.57 64.4334 54.1133 655.297
internal_count=214114 212953 212041 4982 4660 322 257 4563 207059 18814 188245 16539 7331 69631
is_linear=0
shrinkage=0.05


Tree=112
num_leaves=15
num_cat=0
split_feature=29 44 16 31 19 49 19 24 24 33 52 49 49 37
split_gain=3.33135 5.04308 3.88632 3.45047 4.86915 4.35765 3.86938 3.59527 9.74775 6.90961 6.45446 5.67411 14.1937 7.31811
threshold=0.98954257369041454 0.98124685883522045 3.5000000000000004 0.97952219843864452 0.86166924238204967 0.96764853596687328 0.86785638332366954 0.23682122677564624 0.20850392431020739 1.2424533367156985 1.0000000180025095e-35 0.16102209687232974 0.13498403131961825 1.2424533367156985
decision_type=2 2 2 2 2 2 2 2 2 2 2 2 2 2
left_child=3 -2 -3 5 -5 7 -6 8 11 -10 -9 12 -1 -13
right_child=1 2 -4 4 6 -7 -8 10 9 -11 -12 13 -14 -15
leaf_value=-0.0010220553493336597 0.030412198040446793 0.010841832074504176 -0.021728569594757888 -0.014592942774184459 0.016700206079754271 0.015926381940722729 -0.011422172967531627 -0.0024631656036715674 0.021424494013351957 -0.0088739564932931499 -0.026840171379958911 -0.021874442286258389 0.020157414262461103 0.002958028712203296
leaf_weight=849.34761813415275 12.036545148832376 12.412062634655742 5.7348919908981761 79.513643351452174 21.15732503223262 33.366295382040107 11.339117606868966 272.58970043980071 78.804803729332093 17.873789868098015 20.540370435104705 55.330277290782305 77.149044984197644 50.487920903761051
leaf_count=29842 899 402 108 8343 409 70925 224 95738 1340 263 833 2555 1181 1052
internal_value=-2.21459e-10 0.0142166 -0.00351402 -0.000362137 -0.00843924 0.000312798 0.00650865 -0.000162183 0.00112688 0.0155162 -0.00500041 -0.000356648 0.000937962 -0.010794
internal_weight=1597.68 30.1835 18.147 1567.5 112.01 1455.49 32.4964 1422.12 1128.99 96.6786 293.13 1032.31 926.497 105.818
internal_count=214114 1409 510 212705 8976 203729 633 132804 36233 1603 96571 34630 31023 3607
is_linear=0
shrinkage=0.05


Tree=113
num_leaves=15
num_cat=0
split_feature=29 44 16 3 19 49 44 24 21 17 48 21 30 22
split_gain=3.21898 5.59664 4.0784 3.21129 6.77815 4.94992 3.60932 8.6356 12.0146 9.53234 13.2637 8.53749 10.6551 8.36236
threshold=0.98954257369041454 0.98124685883522045 3.5000000000000004 0.016261236742138866 0.029015605337917808 0.4053542315959931 0.06726893782615663 0.016403277404606346 0.9348675310611726 0.054093567654490478 0.7482166886329652 0.93559134006500255 1.9487347344693266e-06 6.8018388748168954
decision_type=2 2 2 2 2 2 2 2 2 2 2 2 2 2
left_child=3 -2 -3 6 -5 -6 7 9 -9 10 -1 -10 -13 -12
right_child=1 2 -4 4 5 -7 -8 8 11 -11 13 12 -14 -15
leaf_value=-0.018075194298381045 0.030694274017043444 0.01061820287286094 -0.022571585159777377 0.025989307484689996 -0.022976786461904149 0.013979363257178613 0.0009736962994145135 -0.026490198578588531 0.02276883198720597 0.018501297029417562 -0.007212409587815609 -0.013173365038940885 0.010060089346736361 0.023100303123781751
leaf_weight=69.338435800352926 12.592667952078047 12.468936337972993 6.1166610908694556 22.853490864283231 11.010180134118857 7.2053744432450904 1006.8806257921115 67.502283492639151 17.784546877403045 62.439895783778866 33.801822817352871 161.25773305283201 60.882509724780903 42.082164779305458
leaf_count=3846 899 402 108 97 75 686 190271 5354 499 499 4045 5341 1379 613
internal_value=-7.15211e-10 0.0138002 -0.00437979 -0.000361255 0.0119762 -0.00858485 -0.000770172 -0.00413266 -0.00933564 0.00364496 -0.00352308 -0.00364243 -0.00664666 0.0103302
internal_weight=1594.22 31.1783 18.5856 1563.04 41.069 18.2156 1521.97 515.089 307.427 207.662 145.222 239.925 222.14 75.884
internal_count=214114 1409 510 212705 858 761 211847 21576 12573 9003 8504 7219 6720 4658
is_linear=0
shrinkage=0.05


Tree=114
num_leaves=15
num_cat=0
split_feature=29 44 16 3 19 49 31 44 26 24 27 1 0 36
split_gain=3.74916 5.31274 3.79072 3.34263 5.53321 4.45922 3.54924 4.71866 9.23288 9.3922 9.83503 8.01859 9.07082 8.84805
threshold=0.98954257369041454 0.98124685883522045 3.5000000000000004 0.016261236742138866 0.029015605337917808 0.4053542315959931 0.97952219843864452 0.06726893782615663 0.84313055872917186 0.016403277404606346 2.9700856208801274 0.0090499590151011961 0.0093025267124176043 0.65151515603065502
decision_type=2 2 2 2 2 2 2 2 2 2 2 2 2 2
left_child=3 -2 -3 6 -5 -6 7 8 9 10 -1 12 -12 -13
right_child=1 2 -4 4 5 -7 -8 -9 -10 -11 11 13 -14 -15
leaf_value=-0.015320665421731862 0.030871155663489108 0.010480221732606671 -0.02177239170733223 0.024968452030821292 -0.020591279298766942 0.01412211820748324 -0.0091558635828188645 0.0020385529470634089 0.015321063413388895 -0.011854545891629917 -0.014893446210470486 0.036258239164173318 0.016354218977660259 0.00027390458099115444
leaf_weight=46.440824593329808 13.142746898272891 12.626394190767316 5.5061632585711768 22.393631777820701 11.029575164019663 7.389091952760281 107.5433269911116 906.96497504011882 46.305817474284254 275.31655919409297 44.868290146350773 31.431156850070693 30.364280303008854 29.329244280001149
leaf_count=2791 899 402 108 97 75 686 8618 182319 5442 9040 2740 233 313 351
internal_value=-7.10149e-10 0.0148749 -0.00357154 -0.000391218 0.0122286 -0.00659619 -0.000808165 -0.000111977 -0.00394588 -0.00618079 0.00255273 0.00928772 -0.00184262 0.0213819
internal_weight=1590.65 31.2753 18.1326 1559.38 40.8123 18.4187 1518.56 1411.02 504.056 457.75 182.434 135.993 75.2326 60.7604
internal_count=214114 1409 510 212705 858 761 211847 203229 20910 15468 6428 3637 3053 584
is_linear=0
shrinkage=0.05


Tree=115
num_leaves=15
num_cat=0
split_feature=29 44 16 2 23 15 36 4 31 49 3 48 28 34
split_gain=3.85631 4.94524 4.06516 3.39928 6.01946 3.76407 11.4451 6.21256 4.07116 3.99369 3.86124 5.58782 4.13587 3.63388
threshold=0.98954257369041454 0.98124685883522045 3.5000000000000004 0.016261236742138866 2.8617925643920903 0.072719890624284758 0.74342104792594921 0.015504807699471714 0.97952219843864452 0.50697344541549694 0.015038444194942715 0.80899077653884899 3.113268375396729 0.80093777179718029
decision_type=2 2 2 2 2 2 2 2 2 2 2 2 2 2
left_child=3 -2 -3 5 -5 8 7 -7 10 -10 -1 -12 -13 -11
right_child=1 2 -4 4 -6 6 -8 -9 9 13 11 12 -14 -15
leaf_value=-0.00024102099237627249 0.030398940953999629 0.011172418596634646 -0.022121604338987313 -0.017376552988279319 0.020215758348505319 -0.019788688981508974 -0.039111934762578515 0.0146208623088365 -0.024643515031079852 0.0067209017430497038 0.01780916385489811 -0.020004524393184456 0.011573531217057523 -0.01188274649084833
leaf_weight=1272.1380460219682 13.285608267848149 13.087042939383538 5.3598625883460036 5.6642236793413749 34.164510888083896 10.037871592096051 15.052658401313236 28.699813934814301 21.210875966313722 40.970632212920975 58.656548187767839 14.530817086342724 9.4339447785234807 45.323286559510507
leaf_count=198739 899 402 108 40 796 156 110 250 2509 4415 462 188 3236 1804
internal_value=-3.7279e-10 0.0150006 -0.00287717 -0.000399782 0.0124552 -0.000816904 -0.0127066 0.00347373 -0.0002962 -0.0092249 0.000474725 0.0103314 -0.00782599 -0.00326941
internal_weight=1587.62 31.7325 18.4469 1555.88 39.8287 1516.05 53.7903 38.7377 1462.26 107.505 1354.76 82.6213 23.9648 86.2939
internal_count=214114 1409 510 212705 836 211869 516 406 211353 8728 202625 3886 3424 6219
is_linear=0
shrinkage=0.05


Tree=116
num_leaves=15
num_cat=0
split_feature=29 44 16 31 19 19 49 20 21 27 19 24 40 23
split_gain=3.99273 4.85798 4.14977 3.24997 4.1451 3.92629 3.88739 3.73341 10.7415 12.2899 10.2725 7.41637 7.12511 10.5944
threshold=0.98954257369041454 0.98124685883522045 3.5000000000000004 0.97952219843864452 0.86166924238204967 0.86785638332366954 0.96764853596687328 2.6435179378836441e-08 0.93878683447837841 3.3497501611709599 0.77451229095458995 0.054098449647426612 2.2191804873727965e-06 2.8617925643920903
decision_type=2 2 2 2 2 2 2 2 2 2 2 2 2 2
left_child=3 -2 -3 6 -5 -6 7 8 9 11 -11 -1 -10 -14
right_child=1 2 -4 4 5 -7 -8 -9 12 10 -12 -13 13 -15
leaf_value=-0.023386234785071871 0.030245960237093535 0.011283534313055316 -0.022354559142785297 -0.014091948591007592 0.016188830039538412 -0.012396695844038337 0.014998052556920256 -0.0023739910789507736 0.0068051202328696441 0.022197059016420051 -0.017614222622409813 0.0076458464226726143 0.0062808815339065252 -0.014693394992551659
leaf_weight=25.3722146283543 13.683670502359744 13.425373215635775 5.187346914317458 77.149885114844437 20.491077040402164 10.721869602566583 33.299282455102684 822.86524630815768 129.80260319291847 144.34465813601855 10.697589587187393 34.443702406977536 86.949485340621322 157.16866632482561
leaf_count=955 899 402 108 8343 409 224 70925 119977 2587 1990 220 1116 1698 4261
internal_value=-3.35707e-10 0.0151585 -0.00262769 -0.000410125 -0.00837577 0.00574412 0.000240717 -0.000210444 0.00280243 0.0114473 0.0185493 -0.00698141 -0.00233375 -0.00726964
internal_weight=1585.6 32.2964 18.6127 1553.31 108.363 31.2129 1444.94 1411.64 588.779 214.858 155.042 59.8159 373.921 244.118
internal_count=214114 1409 510 212705 8976 633 203729 132804 12827 4281 2210 2071 8546 5959
is_linear=0
shrinkage=0.05


Tree=117
num_leaves=15
num_cat=0
split_feature=29 44 17 24 24 15 40 30 15 46 20 21 19 35
split_gain=4.75069 3.99177 3.30465 6.80799 6.2422 4.91852 7.546 7.55769 5.87449 7.8336 5.19586 10.4964 8.75633 7.56315
threshold=0.98954257369041454 0.98124685883522045 0.010152545757591726 0.045789485797286041 0.23682122677564624 0.0082305916585028189 0.0023414202732965354 9.1178765160293562e-07 0.0084389690309762972 0.71291208267211925 2.6435179378836441e-08 0.93781483173370372 0.77451229095458995 1.7323837937510691e-06
decision_type=2 2 2 2 2 2 2 2 2 2 2 2 2 2
left_child=2 -2 3 -1 -5 6 7 -4 9 -7 11 12 13 -10
right_child=1 -3 5 4 -6 8 -8 -9 10 -11 -12 -13 -14 -15
leaf_value=-0.013771124930960048 0.030065350199571433 -0.00068997327786674554 0.00073289029571509926 0.023167804574603445 -0.0061081076784496157 -0.014228769745696812 0.014305765767102402 -0.023296030614353123 0.00085725950795964177 0.030432662465954413 -0.0032212825596925859 -0.001639328506198935 -0.015665686472369916 0.024750685724769884
leaf_weight=18.757562014811938 13.820335114782212 18.152614442165941 52.724088283453824 51.458432428965679 20.872735263176764 7.1348023899645936 20.089186389036342 73.776627607551603 49.138193229853869 22.709477292497638 767.25419749178241 355.47152183917206 15.289413708596838 96.501136803955887
leaf_count=2478 899 510 20207 3091 14977 495 6691 10263 1338 2967 142525 6553 375 745
internal_value=-2.42319e-11 0.0165998 -0.000446293 0.0083022 0.0150038 -0.00104484 -0.00942107 -0.013961 -4.59064e-05 0.0188642 -0.000627978 0.00321309 0.0134003 0.0172622
internal_weight=1583.15 31.9729 1551.18 91.0887 72.3312 1460.09 146.59 126.501 1313.5 29.8443 1283.65 516.4 160.929 145.639
internal_count=214114 1409 212705 20546 18068 192159 37161 30470 154998 3462 151536 9011 2458 2083
is_linear=0
shrinkage=0.05


Tree=118
num_leaves=15
num_cat=0
split_feature=29 44 31 49 29 24 24 21 22 17 17 48 36 25
split_gain=4.61465 3.91732 3.19217 3.81449 3.21372 6.13684 8.48177 5.67179 6.95248 5.6158 11.6417 8.95206 10.3861 7.92928
threshold=0.98954257369041454 0.98124685883522045 0.97952219843864452 0.50697344541549694 0.86718383431434642 0.23682122677564624 0.22131891548633578 0.92861121892929088 6.8018388748168954 0.039230769500136382 0.037749288603663451 0.77414649724960338 0.7947368621826173 2.967557435340496e-07
decision_type=2 2 2 2 2 2 2 2 2 2 2 2 2 2
left_child=2 -2 4 -4 5 6 7 8 -1 10 -9 12 -11 -13
right_child=1 -3 3 -5 -6 -7 -8 9 -10 11 -12 13 -14 -15
leaf_value=-0.00011901545584410388 0.029562026249089587 -0.00079043492501134629 -0.023666843006824468 -0.002698125728699487 0.0083789268935044701 -0.0078490043369863552 0.017843474675891671 0.0020912150873650072 -0.027009429881798233 0.0084046299008168398 0.029526479579422529 0.011030759446621253 -0.018970649204971088 -0.017225471417072025
leaf_weight=57.022090005509654 14.039571762652484 18.149840390658937 20.452923795832362 86.705511646040463 101.00698064277617 223.36602342147239 60.560681103185971 585.73157295929286 31.666497131343931 165.09145447632181 31.58352215756895 22.967191413867113 33.387011310376693 130.29467829136411
leaf_count=11173 899 510 2511 6465 121872 45624 807 19953 486 1560 240 213 291 1510
internal_value=-6.44481e-10 0.0163171 -0.000441334 -0.00837881 0.000201861 -0.00047118 0.00105894 -6.01613e-05 -0.0114843 0.001092 0.00394318 -0.00388259 0.00311063 -0.0125748
internal_weight=1582.03 32.1894 1549.84 107.158 1442.68 1341.67 1118.3 1057.74 88.6886 969.055 617.315 351.74 198.478 153.262
internal_count=214114 1409 212705 8976 203729 81857 36233 35426 11659 23767 20193 3574 1851 1723
is_linear=0
shrinkage=0.05


Tree=119
num_leaves=15
num_cat=0
split_feature=29 44 17 24 35 15 40 30 15 46 46 20 21 32
split_gain=4.56702 3.53475 3.09639 6.32526 6.12229 4.27335 7.16277 7.00692 5.74939 7.34507 4.71543 4.34522 9.44863 9.83102
threshold=0.98954257369041454 0.98124685883522045 0.010152545757591726 0.045789485797286041 2.0412949197634593e-06 0.0082305916585028189 0.0023414202732965354 9.1178765160293562e-07 0.0084389690309762972 0.71291208267211925 0.81605800986289989 2.6435179378836441e-08 0.93878683447837841 3.4498615264892583
decision_type=2 2 2 2 2 2 2 2 2 2 2 2 2 2
left_child=2 -2 3 -1 -5 6 7 -4 9 -7 -11 12 13 -10
right_child=1 -3 5 4 -6 8 -8 -9 11 10 -12 -13 -14 -15
leaf_value=-0.013419759448814496 0.028809761565171201 -0.00027262854987717186 0.00069198101866676121 0.027883948921473712 0.00061837425201031451 -0.013743935469547464 0.014036647079443154 -0.022512783320568719 0.015591678805020052 0.038870064952331994 -0.0040121547408027824 -0.0030461099579059633 -0.0023479639481804116 -0.01498897733944282
leaf_weight=18.502896264512515 14.037779623817185 18.152716554992367 52.927982639346965 31.769411248207689 41.518252869369348 7.0179053150851614 20.428052694922911 72.084999891756667 167.94569134427024 16.794113474083137 6.1515992640348705 764.92058613597123 325.89666052168832 22.669946545400308
leaf_count=2478 899 510 20207 1084 16984 495 6691 10263 2610 115 2852 142525 6093 308
internal_value=-1.44455e-10 0.0162323 -0.000439391 0.00799732 0.0143665 -0.00102186 -0.00886065 -0.0133648 -9.20166e-05 0.0185867 0.0296453 -0.000669321 0.00284155 0.0113889
internal_weight=1580.82 32.1905 1548.63 91.7906 73.2877 1456.84 145.441 125.013 1311.4 29.9636 22.9457 1281.43 516.512 190.616
internal_count=214114 1409 212705 20546 18068 192159 37161 30470 154998 3462 2967 151536 9011 2918
is_linear=0
shrinkage=0.05


end of trees

feature_importances:
Column_24=127
Column_1=103
Column_34=95
Column_0=92
Column_49=86
Column_48=78
Column_15=76
Column_19=74
Column_21=66
Column_44=64
Column_39=61
Column_17=60
Column_43=55
Column_31=54
Column_2=51
Column_46=47
Column_29=46
Column_26=45
Column_3=40
Column_25=40
Column_40=36
Column_20=31
Column_4=27
Column_22=27
Column_18=23
Column_35=23
Column_36=22
Column_45=22
Column_47=21
Column_30=15
Column_23=12
Column_28=12
Column_33=10
Column_27=8
Column_32=8
Column_16=6
Column_56=4
Column_37=3
Column_52=3
Column_53=3
Column_9=1
Column_42=1
Column_50=1
Column_55=1

parameters:
[boosting: gbdt]
[objective: lambdarank]
[metric: ndcg]
[tree_learner: serial]
[device_type: cpu]
[data_sample_strategy: bagging]
[data: ]
[valid: ]
[num_iterations: 120]
[learning_rate: 0.05]
[num_leaves: 15]
[num_threads: 2]
[seed: 20260928]
[deterministic: 1]
[force_col_wise: 1]
[force_row_wise: 0]
[histogram_pool_size: -1]
[max_depth: -1]
[min_data_in_leaf: 100]
[min_sum_hessian_in_leaf: 0.001]
[bagging_fraction: 1]
[pos_bagging_fraction: 1]
[neg_bagging_fraction: 1]
[bagging_freq: 0]
[bagging_seed: 8287]
[bagging_by_query: 0]
[feature_fraction: 1]
[feature_fraction_bynode: 1]
[feature_fraction_seed: 24490]
[extra_trees: 0]
[extra_seed: 6370]
[early_stopping_round: 0]
[early_stopping_min_delta: 0]
[first_metric_only: 0]
[max_delta_step: 0]
[lambda_l1: 0]
[lambda_l2: 10]
[linear_lambda: 0]
[min_gain_to_split: 0]
[drop_rate: 0.1]
[max_drop: 50]
[skip_drop: 0.5]
[xgboost_dart_mode: 0]
[uniform_drop: 0]
[drop_seed: 1862]
[top_rate: 0.2]
[other_rate: 0.1]
[min_data_per_group: 100]
[max_cat_threshold: 32]
[cat_l2: 10]
[cat_smooth: 10]
[max_cat_to_onehot: 4]
[top_k: 20]
[monotone_constraints: ]
[monotone_constraints_method: basic]
[monotone_penalty: 0]
[feature_contri: ]
[forcedsplits_filename: ]
[refit_decay_rate: 0.9]
[cegb_tradeoff: 1]
[cegb_penalty_split: 0]
[cegb_penalty_feature_lazy: ]
[cegb_penalty_feature_coupled: ]
[path_smooth: 0]
[interaction_constraints: ]
[verbosity: -1]
[saved_feature_importance_type: 0]
[use_quantized_grad: 0]
[num_grad_quant_bins: 4]
[quant_train_renew_leaf: 0]
[stochastic_rounding: 1]
[linear_tree: 0]
[max_bin: 255]
[max_bin_by_feature: ]
[min_data_in_bin: 3]
[bin_construct_sample_cnt: 234419]
[data_random_seed: 5112]
[is_enable_sparse: 1]
[enable_bundle: 1]
[use_missing: 1]
[zero_as_missing: 0]
[feature_pre_filter: 1]
[pre_partition: 0]
[two_round: 0]
[header: 0]
[label_column: ]
[weight_column: ]
[group_column: ]
[ignore_column: ]
[categorical_feature: ]
[forcedbins_filename: ]
[precise_float_parser: 0]
[parser_config_file: ]
[objective_seed: 23271]
[num_class: 1]
[is_unbalance: 0]
[scale_pos_weight: 1]
[sigmoid: 1]
[boost_from_average: 1]
[reg_sqrt: 0]
[alpha: 0.9]
[fair_c: 1]
[poisson_max_delta_step: 0.7]
[tweedie_variance_power: 1.5]
[lambdarank_truncation_level: 110]
[lambdarank_norm: 1]
[label_gain: 0,1,2,3,4,5,6,7,8,9,10]
[lambdarank_position_bias_regularization: 0]
[eval_at: 1,2,3,4,5]
[multi_error_top_k: 1]
[auc_mu_weights: ]
[num_machines: 1]
[local_listen_port: 12400]
[time_out: 120]
[machine_list_filename: ]
[machines: ]
[gpu_platform_id: -1]
[gpu_device_id: -1]
[gpu_device_id_list: ]
[gpu_use_dp: 0]
[num_gpu: 1]

end of parameters

pandas_categorical:null
