guide_id	sequence	gene
AAK1_PKc_E2_40.1	GGTCACAGTGGACGAGGTGT	AAK1
AAK1_PKc_E3_119.6	GTTGACAAACATGCGTTTCA	AAK1
AAK1_PKc_E4_109.3	ACGTGAGTAGCGGTGATGTA	AAK1
AAK1_PKc_E5_143.1	TAAAGCCTGTTTGCAGGCGC	AAK1
AAK1_PKc_E6_122	AACATCCTCTTGCATGACCG	AAK1
AAK1_PKc_E7_82.6	GACCATTTCTGGTGCTCGAT	AAK1
AATK_PKc_E4_36	TACCTGAAGGAAATCGGCCG	AATK
AATK_PKc_E5_119.11	CTGCATCTGCTCCTGCACGC	AATK
AATK_PKc_E6_88.9	GGGCGTCACCTCGGCGCACT	AATK
AATK_PKc_E7_134.11	GCACGAAATTGTTGCGATGA	AATK
AATK_PKc_E8_85.7	CCGTGAGCAGGCAGTTCCGC	AATK
AATK_PKc_E9_122.1	TGGTCTGGTCCACGACGAGC	AATK
ABL1_PKc_E4_120.11	CAGTACGGGGAGGTGTACGA	ABL1
ABL1_PKc_E5_85	AGAGATCAAACACCCTAACC	ABL1
ABL1_PKc_E6_178.11	CTCGTCAGCCATGGAGTACC	ABL1
ABL1_PKc_E7_185.15	CTCCATCAAGTCCGACGTCT	ABL1
ABL1_PKc_E8_153.18	GACAGGTCAATTCCCGGGTA	ABL1
ABL1_PKc_E9_68	GGCAGTGGAATCCCTCTGAC	ABL1
ABL2_PKc_E10_68.4	GCAAAAGAGGGCCTATCGGC	ABL2
ABL2_PKc_E5_120.8	GAGAGGTTTACGTTGGCGTC	ABL2
ABL2_PKc_E6_85.1	GGAAATCAAGCATCCTAATC	ABL2
ABL2_PKc_E7_178.9	CTTCTCGGTTGCATTCTCGG	ABL2
ABL2_PKc_E8_185	TGCAGCTCGTAACTGCCTAG	ABL2
ABL2_PKc_E9_153.7	GCCTGAGGGATGCCCCCCTA	ABL2
ACVR1_PKc_E10_131	CAAGCCACCGTTCTACGATG	ACVR1
ACVR1_PKc_E11_102.2	AGTGCTGTGAGTCTTGCGGA	ACVR1
ACVR1_PKc_E6_40	GGCTCGCCAGATTACACTGT	ACVR1
ACVR1_PKc_E7_147.15	CCATGACTTCTCATCACGGG	ACVR1
ACVR1_PKc_E8_276.19	CTATGGACAGCACTATTCGA	ACVR1
ACVR1_PKc_E9_198.4	GTGGGGAACAATCCCCGTGT	ACVR1
ACVR1B_PKc_E10_102.5	TCTTGATGCGCAGGGCCGTC	ACVR1B
ACVR1B_PKc_E4_193.4	ATTATTGGCAAGGGTCGGTT	ACVR1B
ACVR1B_PKc_E5_123.4	GAGCCTTAGACTCCAATACA	ACVR1B
ACVR1B_PKc_E6_168.13	CACCTGCACATGGAGATCGT	ACVR1B
ACVR1B_PKc_E7_157.5	TTGACATTGCCCCGAATCAG	ACVR1B
ACVR1B_PKc_E9_131.14	GAGGGCACTAAGTCGTAATA	ACVR1B
ACVR1C_PKc_E4_193.16	CATGTCGCAGCATGACCGTC	ACVR1C
ACVR1C_PKc_E5_168.6	CGTGGCTGGAATGATCAAGC	ACVR1C
ACVR1C_PKc_E6_157.1	ACTTGTGCCATAGCGGACTT	ACVR1C
ACVR1C_PKc_E7_125.7	ATAGATGTCAGCTCGTTTGA	ACVR1C
ACVR1C_PKc_E8_131.1	GCCTTCAGATCCCTCGATAG	ACVR1C
ACVR1C_PKc_E9_102.6	AGTTAGGCGGGCCGCTCCGT	ACVR1C
ACVR2A_PKc_E10_131.1	GGCAACATGTATTCATCTAC	ACVR2A
ACVR2A_PKc_E5_87.3	CCACATATTCGTTAAGCAAC	ACVR2A
ACVR2A_PKc_E6_144	TACGAAGTCTACAGTTTGCC	ACVR2A
ACVR2A_PKc_E7_146.12	ATATGCCAATCCTCTAGCCA	ACVR2A
ACVR2A_PKc_E8_115.6	AAGTCTGCAGGCGATACCCA	ACVR2A
ACVR2A_PKc_E9_139.9	TGCCATGGGATTAGTCCTAT	ACVR2A
ACVRL1_PKc_E6_147.3	CGCTATGGCGAAGTGTGGCG	ACVRL1
ACVRL1_PKc_E6_147.8	CGTCAAGATCTTCTCCTCGA	ACVRL1
ACVRL1_PKc_E8_198.28	TCGGGTTGTTGCCGATGTCC	ACVRL1
ACVRL1_PKc_E8_198.4	CATCGGCAACAACCCGAGAG	ACVRL1
ACVRL1_PKc_E9_131	TAGACCACCCTTCTATGATG	ACVRL1
ACVRL1_PKc_E9_131.6	CCCCACCATCCCTAACCGGC	ACVRL1
ADCK1_PKc_E5_159.11	GCTGCATGATGGGCGGACGG	ADCK1
ADCK1_PKc_E5_159.31	GAGGGGTGTCATCGAAGCTC	ADCK1
ADCK1_PKc_E6_159.6	TGGATTTCCTCAATGAAGGG	ADCK1
ADCK1_PKc_E7_117.13	CATCAGGAGGACCCGCTCCG	ADCK1
ADCK1_PKc_E8_150.18	TCCGCACCAGTACATTGCCG	ADCK1
ADCK1_PKc_E9_99.4	AAGGAGTACAGCCAGCGACT	ADCK1
ADCK2_PKc_E1_534.7	CCGGCGCGATCTGTTTTCGG	ADCK2
ADCK2_PKc_E3_129.17	GATTCTGAGCTTCGTAACGC	ADCK2
ADCK2_PKc_E4_96.5	GAAAAGGAAGATTGCACGGC	ADCK2
ADCK2_PKc_E6_129.2	ATGCCCGGGCCAGCGAGTGC	ADCK2
ADCK2_PKc_E7_54	ACTTAAAGACACTAGAGAGA	ADCK2
ADCK2_PKc_E8_114.6	GGAGGGGCTTGGCCGCTCAC	ADCK2
ADCK3_PKc_E10_94.9	CCCGCCTCAGCACGTCGATC	ADCK3
ADCK3_PKc_E11_142.6	TCCCCCTGGACCAGGCCGAA	ADCK3
ADCK3_PKc_E12_108.8	GGAACTCGAACAGCTCCCTC	ADCK3
ADCK3_PKc_E13_66.1	TTTGGATTTTGGGGCAACGC	ADCK3
ADCK3_PKc_E8_141.23	CCAATGGATGCGGCGGCGAA	ADCK3
ADCK3_PKc_E9_82.2	TCATGTTCAACACGGCCATG	ADCK3
ADCK4_PKc_E10_94.6	GTGTGACTACCGTCGTGAGG	ADCK4
ADCK4_PKc_E12_108.1	GCTCCCGCAGACACAGCGTC	ADCK4
ADCK4_PKc_E13_66.2	TTTGGTGCAAGCCGGGAGTT	ADCK4
ADCK4_PKc_E14_87.6	TGAGGTCCCTGGACTTCTGC	ADCK4
ADCK4_PKc_E8_141.12	TGCCGCTGCCTCAATTGGGC	ADCK4
ADCK4_PKc_E9_82.4	TCATCTTGAGTACCGCCAGC	ADCK4
ADCK5_PKc_E10_82.1	TTACACCGGCTTCATCCACT	ADCK5
ADCK5_PKc_E11_79.1	TGGTGCGGAAAGGCCCGGAC	ADCK5
ADCK5_PKc_E12_52.5	GGATGATGGCCCGCCACAGC	ADCK5
ADCK5_PKc_E7_114.17	CCCCATCAAAGCGGTCCCGC	ADCK5
ADCK5_PKc_E8_132.7	GGCGCACTTCCCCTACGTCG	ADCK5
ADCK5_PKc_E9_84.2	CGGCTGCAAGGTCAACGATG	ADCK5
ADRBK1_PKc_E10_79.2	AGCTGAGCTTGTCTGGCGTG	ADRBK1
ADRBK1_PKc_E11_131.9	ACAACCGCTTCGTGGTCTAC	ADRBK1
ADRBK1_PKc_E12_95.3	CCACGTGCGGATCTCGGACC	ADRBK1
ADRBK1_PKc_E13_108.17	CTCCGGAGCCATGTACCCGT	ADRBK1
ADRBK1_PKc_E8_80.4	GCATCGCATCATTGGGCGCG	ADRBK1
ADRBK1_PKc_E9_100.8	GAGCATGATGCGCTCGTTCA	ADRBK1
ADRBK2_PKc_E10_79.5	GAGTTTATCTGGGGTATGGA	ADRBK2
ADRBK2_PKc_E11_131.8	AGAACACACCGTGTTGTGAA	ADRBK2
ADRBK2_PKc_E12_95.1	CACGCAAGAATATCAGATCT	ADRBK2
ADRBK2_PKc_E13_108.5	CCTATGACAGCAGTGCCGAC	ADRBK2
ADRBK2_PKc_E8_92.2	GTGCATAGGATTATTGGACG	ADRBK2
ADRBK2_PKc_E9_100.2	ATGTTGTCTCTTGTCAGCAC	ADRBK2
AK1_PKc_E3_28	GAAAACCAAGATCATCTTTG	AK1
AK1_PKc_E3_28.1	AACCAAGATCATCTTTGTGG	AK1
AK1_PKc_E4_164.19	CTGAGCTGACCTCGGACCGC	AK1
AK1_PKc_E4_164.27	CTGCACGATCTTCTCACACT	AK1
AK1_PKc_E5_117.13	CCCGCGGGTAGCCATCAATC	AK1
AK1_PKc_E5_117.2	GGACATGCTCCGGGATGCCA	AK1
AK2_PKc_E6_159	TCGATCAGATGATAATGAAA	AK2
AK2_PKc_E6_159.16	GAGTGTGGTAGGCTTGCAGG	AK2
AK2_PKc_E6_159.17	GGCTTGCAGGCGGATTTTCA	AK2
AK2_PKc_E6_159.19	ATCATCTGATCGACGGATCA	AK2
AK2_PKc_E6_159.21	TCGACGGATCAAGGGTTCCC	AK2
AK2_PKc_E6_159.6	GGGGGTCTGGGATGCATCGA	AK2
AK3_PKc_E1_127.14	TGCCCCGCAGCATGTTGTCC	AK3
AK3_PKc_E1_127.18	TGTAGTGATGCGCGACGACA	AK3
AK3_PKc_E2_120.3	AGATGATGTCATGACTCGGC	AK3
AK3_PKc_E3_173.2	AACAACGCCTTACTGCTCGC	AK3
AK3_PKc_E4_119.7	GAATGAGAGGCTCCCCAGTC	AK3
AK3_PKc_E5_40	GGGGTGCTGGAAACATTCTC	AK3
AKT1_PKc_E10_129.13	GTACTCAGGTGTGCCGCAAA	AKT1
AKT1_PKc_E5_66.5	TTCAGCCCCTGAGTTGTCAC	AKT1
AKT1_PKc_E6_132.15	CATGGCGTAGTAGCGGCCTG	AKT1
AKT1_PKc_E7_66.3	GTTCTGCAGGACGCGGTTCT	AKT1
AKT1_PKc_E8_69.2	TTGTCATGGAGTACGCCAAC	AKT1
AKT1_PKc_E9_126.3	GAGGACCGGGCCCGCTTCTA	AKT1
AKT2_PKc_E10_129.1	CTGTGGGACCCCGGAGTACC	AKT2
AKT2_PKc_E11_215.3	TGAGCTCGAAGAGGCGCTCG	AKT2
AKT2_PKc_E6_120.14	CATGGCGTAGTAGCGGCCAG	AKT2
AKT2_PKc_E7_66.3	GGAACGGGTGCCTGGTGTTC	AKT2
AKT2_PKc_E8_69.8	CACAAAGCACAGGCGGTCGT	AKT2
AKT2_PKc_E9_123.8	GTACTTGCACTCGCGGGACG	AKT2
AKT3_PKc_E10_215.1	ACTATGGCCGAGCAGTAGAC	AKT3
AKT3_PKc_E4_36	TCTTTTATGATGGGTTGTAG	AKT3
AKT3_PKc_E5_132.2	CTACTAGGTAAAGGCACTTT	AKT3
AKT3_PKc_E7_69.7	CAAACGGTCTTTTGTCTGGA	AKT3
AKT3_PKc_E8_123.3	GAGGACCGCACACGTTTCTA	AKT3
AKT3_PKc_E9_129.5	CTGTGGCACTCCAGAATATC	AKT3
ALK_PKc_E20_35	ATGAGGGTGATGTTTTTCCG	ALK
ALK_PKc_E21_91.12	GCTTGGGTCGTTGGGCATTC	ALK
ALK_PKc_E22_65.1	GTGCTCTGAACAGGACGAAC	ALK
ALK_PKc_E23_130	CAGAACATTGTTCGCTGCAT	ALK
ALK_PKc_E24_98.8	TGTCCCGAGCCACGTGCAGA	ALK
ALK_PKc_E25_93.7	CATCCCGAAGTCTCCAATCT	ALK
AMHR2_PKc_E10_137.5	CCCTACCTCTGATGAGCTAT	AMHR2
AMHR2_PKc_E11_108.5	TCAGCTGTCAGCCGTGCTTC	AMHR2
AMHR2_PKc_E6_231.14	GATTTATCACTGCCAGCCGG	AMHR2
AMHR2_PKc_E7_115.1	CATTTCTCCATGAGGAGCGC	AMHR2
AMHR2_PKc_E8_173.31	AGATCTCGGTGGGCAATACC	AMHR2
AMHR2_PKc_E9_148.14	AGTAAATATCAGCTCGTCGG	AMHR2
ANKK1_PKc_E1_113.15	CACCTGGCTGAAGCCGCCGC	ANKK1
ANKK1_PKc_E1_113.4	AGGTGTTCCAGGCGCGGCAC	ANKK1
ANKK1_PKc_E2_295.2	GCACATCGTGTCTATCTACG	ANKK1
ANKK1_PKc_E3_152.22	CTCGATGTACTGCATCCGGG	ANKK1
ANKK1_PKc_E5_156.2	ATTATTATCCGAGTGGCGGC	ANKK1
ANKK1_PKc_E6_41	CAGCAGTATGTCTGTCTCGA	ANKK1
ARAF_PKc_E10_152.4	AGGATCGGGACGGGCTCGTT	ARAF
ARAF_PKc_E10_152.5	TCGTTTGGCACCGTGTTTCG	ARAF
ARAF_PKc_E11_177.1	CATGGTCCAGCTCATCGACG	ARAF
ARAF_PKc_E11_177.9	GGCCGACACACGCTTCGACA	ARAF
ARAF_PKc_E12_47	TGTTAGACTTGAGATCTCGG	ARAF
ARAF_PKc_E14_132.7	CTCGTAGAGCACAACCCCGT	ARAF
ATM_PKc_E60_115.5	GTGGATGGCATGGGCATTAC	ATM
ATM_PKc_E60_115.6	ATGGGCATTACGGGTGTTGA	ATM
ATM_PKc_E61_64	GGAAGTGATGAGAAACTCTC	ATM
ATM_PKc_E61_64.1	AGAGTTTCTCATCACTTCCA	ATM
ATM_PKc_E62_36	TATATGATCCACTCTTTGAC	ATM
ATM_PKc_E62_36.1	CAAAGAGTGGATCATATAGA	ATM
ATR_PKc_E41_144.3	GAGAAAGGATTGTAGACTAA	ATR
ATR_PKc_E42_151.4	GAATGGGTGAACAACACTGC	ATR
ATR_PKc_E43_157.9	CTGACTTTGGTAGCATACAC	ATR
ATR_PKc_E44_154.6	CTGGGGCTTGGAGACCGTCA	ATR
ATR_PKc_E45_152	ATTTCGCCTGACTCATAATA	ATR
ATR_PKc_E46_46.1	TACATGATCCTCTTGTGGAA	ATR
AURKA_PKc_E10_175.19	CTTCAATCATTTCAGGGGGC	AURKA
AURKA_PKc_E7_188.1__sequence_1	CTTTGAAATTGGTCGCCCTC	AURKA
AURKA_PKc_E7_188.1__sequence_2	TCTGAGCTGATGCTCCACTC	AURKA
AURKA_PKc_E8_139	CCTAATATTCTTAGACTGTA	AURKA
AURKA_PKc_E8_139.6	GGTAGACTCTGGTAGCATCA	AURKA
AURKA_PKc_E9_149.6	TCTTCGAATGACAGTAAGAC	AURKA
AURKB_PKc_E5_191.1	CCATTTCATCGTGGCGCTCA	AURKB
AURKB_PKc_E5_191.2	CTTTGAGATTGGGCGTCCTC	AURKB
AURKB_PKc_E6_139.5	TCTAGAGTATGCCCCCCGCG	AURKB
AURKB_PKc_E7_149.8	TGAAGATTGCTGACTTCGGC	AURKB
AURKB_PKc_E8_175.4	GGGGCGCATGCACAATGAGA	AURKB
AURKB_PKc_E9_156.14	GGTCCGGGCCAACTCTCGGA	AURKB
AURKC_PKc_E3_191.2	CTTTGAAATCGGGCGTCCCC	AURKC
AURKC_PKc_E3_191.21	TCTCAATTTCCCGGCGCAGC	AURKC
AURKC_PKc_E4_139.1	GGTACACCCGGCGTGCATCA	AURKC
AURKC_PKc_E5_149.13	TCTTGTCATGGCAGTAGGTC	AURKC
AURKC_PKc_E6_175.14	ACTGTGGGAGGCGCTCTCAA	AURKC
AURKC_PKc_E7_156.13	GGTTCAGGCCCACTCCCGAA	AURKC
AXL_PKc_E13_31	GGTGGCCCTGGGGAAGACTC	AXL
AXL_PKc_E14_78.7	TGGAGTCGTCCTGGTTGAGC	AXL
AXL_PKc_E15_93.5	TGAGCCTCATGACGTTGGGA	AXL
AXL_PKc_E16_122.7	GGTCCCCGAGCCGGGAATAG	AXL
AXL_PKc_E17_110.5	GAGATTCATACACCGGGACC	AXL
AXL_PKc_E18_160.14	GCATCTTGGCGATACGTCCC	AXL
BCR_PKc_E1_1278.13	ATCTGGCCCAACGATGGCGA	BCR
BCR_PKc_E1_1278.203	TACCGCCATTGGCGTCGATC	BCR
BCR_PKc_E1_1278.242	GTCGTCCCGTTCCCCCGACG	BCR
BCR_PKc_E1_1278.57	AACTTCGAGCGGATCCGCAA	BCR
BCR_PKc_E1_1278.9	TCGACGCCAATGGCGGTAGC	BCR
BCR_PKc_E1_1278.96	TACCAGAGCATCTACGTCGG	BCR
BLK_PKc_E10_77.4	GCCGACATGTCAATCAGCCT	BLK
BLK_PKc_E11_151.13	TGTTGGCCGCCCGCAGGTCG	BLK
BLK_PKc_E12_132.4	CCCGGAAGCCATCCACTTCG	BLK
BLK_PKc_E13_176.19	AGCACTCGGCGATGACGCCG	BLK
BLK_PKc_E8_76.7	CTGGACAATTCGGCGAAGTC	BLK
BLK_PKc_E9_180.11	GCTGGTCCGACTCTACGCAG	BLK
BMP2K_PKc_E1_40.1	CTTCGGCCAGCGACTCTTCC	BMP2K
BMP2K_PKc_E2_119.7	TTCCACCGTGAGTACGCACG	BMP2K
BMP2K_PKc_E3_106.5	ATGGGAAGTCCTTATCTTAA	BMP2K
BMP2K_PKc_E4_143.5	TTCAGATCCCGGTGAATTAT	BMP2K
BMP2K_PKc_E5_122.2	ATATTTTGTTGAATGATGGT	BMP2K
BMP2K_PKc_E6_82.7	TGATGGGTTTCCCTCCATAA	BMP2K
BMPR1A_PKc_E10_298	TTCATAGCGGCAGACATTAA	BMPR1A
BMPR1A_PKc_E10_298.1	GCGGCAGACATTAAAGGTAC	BMPR1A
BMPR1A_PKc_E11_176.18	CAGGCTTTCGTCCAGCACTT	BMPR1A
BMPR1A_PKc_E11_176.4	GGTGGGCACCAAACGCTACA	BMPR1A
BMPR1A_PKc_E13_99.2	AATTCTCAATGCTGTGAGTC	BMPR1A
BMPR1A_PKc_E13_99.3	TCTCAATGCTGTGAGTCTGG	BMPR1A
BMPR1B_PKc_E10_131.6	CATCACTGCTCCACCGGTTT	BMPR1B
BMPR1B_PKc_E11_123.7	CAAGTGTTTTCTTAACCCGC	BMPR1B
BMPR1B_PKc_E7_187.11	GGGAAAGTGGCGTGGCGAAA	BMPR1B
BMPR1B_PKc_E7_187.4	AGATTGGAAAAGGTCGCTAT	BMPR1B
BMPR1B_PKc_E8_298.19	CAGCATTGATTTAGCGTCTA	BMPR1B
BMPR1B_PKc_E9_176	ATACCACCTAACACTCGAGT	BMPR1B
BMPR2_PKc_E10_137.6	TATGCAGGTTCTCGTGTCTA	BMPR2
BMPR2_PKc_E11_99.2	AATCGAAGACTGTTGGGACC	BMPR2
BMPR2_PKc_E6_231	CTGATTGGCCGAGGTCGATA	BMPR2
BMPR2_PKc_E6_231.14	AGCAACTGGACGCTCATCCA	BMPR2
BMPR2_PKc_E7_115.4	CTTCACACAGAATTACCACG	BMPR2
BMPR2_PKc_E7_115.6	AGCTTACCCAGTCACTTGTG	BMPR2
BRAF_PKc_E12_85.2	TTGAAGGCTTGTAACTGCTG	BRAF
BRAF_PKc_E13_177.6	TATTGCACGACAGACTGCAC	BRAF
BRAF_PKc_E14_47.1	GTCTCTGTGGATGATTGACT	BRAF
BRAF_PKc_E15_119.2	TAGCTACAGTGAAATCTCGA	BRAF
BRAF_PKc_E16_132.5	ACATCTGACTGAAAGCTGTA	BRAF
BRAF_PKc_E17_135	ATAATTTTTATGGTGGGACG	BRAF
BRSK1_PKc_E1_43.4	AGCGTCTTCTCCAGCCGATA	BRSK1
BRSK1_PKc_E2_95.4	CGCCATCAAGATCGTGAACC	BRSK1
BRSK1_PKc_E3_86	TCTTGTTCTCGTAGACGTCG	BRSK1
BRSK1_PKc_E4_141.5	GGGTGAGCTATTCGACTACC	BRSK1
BRSK1_PKc_E5_117.2	CCGCATTGCAGACTTCGGCA	BRSK1
BRSK1_PKc_E6_34	CCCCCATTATGCGTGTCCAG	BRSK1
BRSK2_PKc_E1_43.7	AGCGTCTTCTCCAGCCGGTA	BRSK2
BRSK2_PKc_E2_95.4	CTCACGGTTGACGATCTTGA	BRSK2
BRSK2_PKc_E3_86.2	GTCGTGCAGCTTTAGGACGT	BRSK2
BRSK2_PKc_E4_141.11	CCGGCAGATCATCTCTGCGC	BRSK2
BRSK2_PKc_E5_117.9	CCATGCCAAAGTCTGCGATG	BRSK2
BRSK2_PKc_E6_34.3	CACCTCGGGGCAGGCGTAGT	BRSK2
BTK_PKc_E14_161.16	TCTTGATGGCCACGTCGTAC	BTK
BTK_PKc_E15_217.14	AGCGGTGGCGCATCTCCCTC	BTK
BTK_PKc_E16_65	AACTGTTTGGTAAACGATCA	BTK
BTK_PKc_E17_119.1	ATACATCAGGACTTCCGGTG	BTK
BTK_PKc_E18_158.4	CCCAAGGCCTACGTCTCTAC	BTK
BTK_PKc_E19_48	GCTCAGAAGAATTTTGAAAG	BTK
BUB1_PKc_E20_108.7	CCTGGGTAGCTTCGTACACC	BUB1
BUB1_PKc_E21_162.7	GTAGGAGAGCTCTACAGCTA	BUB1
BUB1_PKc_E22_158.8	TTGAGGCATCACTTTTTCAG	BUB1
BUB1_PKc_E23_172.2	TGGCTTGGCACTGATTGACC	BUB1
BUB1_PKc_E24_107	ACAGTATATTGCATGCTCTT	BUB1
BUB1_PKc_E25_157.4	AGATTAGGGCCCTACGTAAT	BUB1
BUB1B_PKc_E17_37	GCCTAAGTTGGAAATTGAGA	BUB1B
BUB1B_PKc_E18_101.2	AGATTACAAGTTATTCTGGG	BUB1B
BUB1B_PKc_E19_150.8	GGTTGATATAAAAGTCCCAT	BUB1B
BUB1B_PKc_E20_143.5	GCATCTCCACTATTGTCAAA	BUB1B
BUB1B_PKc_E21_172.12	TACAGTCCGAAAGCCGCTGA	BUB1B
BUB1B_PKc_E22_107.9	CTAAATCTGCTATACCAAAC	BUB1B
CAMK1_PKc_E2_38	CTACGACTTCCGAGATGTTC	CAMK1
CAMK1_PKc_E3_132.17	TGCCAGGATCACCTCCGAGA	CAMK1
CAMK1_PKc_E4_75.9	TCATCCAGGGCTACAATGTT	CAMK1
CAMK1_PKc_E5_139	GGAGCTCTTTGACCGTATTG	CAMK1
CAMK1_PKc_E6_127.1	CACGTATCCCGGAGTTCCAC	CAMK1
CAMK1_PKc_E7_76.4	GATGTAGGCGATGACACCTA	CAMK1
CAMK1D_PKc_E1_59	TTCGAGTTCAAAGAGACCCT	CAMK1D
CAMK1D_PKc_E2_132.3	TATCCCTAAGAAGGCGCTGA	CAMK1D
CAMK1D_PKc_E3_75.1	AAGCCCAAATCACCTGTACT	CAMK1D
CAMK1D_PKc_E4_139.1	AGAGCTGTTTGACCGGATAG	CAMK1D
CAMK1D_PKc_E5_127.8	GACATAGCCTGGAGTTCCAC	CAMK1D
CAMK1D_PKc_E6_76.2	GATGTAGGCAATCACTCCGA	CAMK1D
CAMK1G_PKc_E10_82	ACGGAAACACAGCCCTCCAC	CAMK1G
CAMK1G_PKc_E10_82.8	CTGATGGGTAGATGTCCCGG	CAMK1G
CAMK1G_PKc_E2_38	CCGGAAAACCTTCATTTTTA	CAMK1G
CAMK1G_PKc_E2_38.1	CTTCATTTTTATGGAAGTGC	CAMK1G
CAMK1G_PKc_E3_129.2	TGGTGAAGCAAAGACTGACT	CAMK1G
CAMK1G_PKc_E3_129.8	CTCCAGGCTGCTGTCCCGGA	CAMK1G
CAMK2A_PKc_E2_95	GAGCCTTCTCGGTGGTGCGA	CAMK2A
CAMK2A_PKc_E3_60	CGATGTTGGGGTGCTTCAGC	CAMK2A
CAMK2A_PKc_E4_55.3	CTGAGATGCTGTCATGTAGT	CAMK2A
CAMK2A_PKc_E5_66.6	CGCCTCACTGTAATACTCCC	CAMK2A
CAMK2A_PKc_E6_73.3	GTGCTGCACTGCCACCAGAT	CAMK2A
CAMK2A_PKc_E7_103.16	CACTGCGGCACCCTTGAGCT	CAMK2A
CAMK2B_PKc_E1_32	TACCAGCTCTACGAGGATAT	CAMK2B
CAMK2B_PKc_E2_95.3	CTTGGCTGCATACTCATGGC	CAMK2B
CAMK2B_PKc_E3_60.2	CGATGTTGGAATGCTTCAGA	CAMK2B
CAMK2B_PKc_E4_55	TCTCCACGACAGCATCTCCG	CAMK2B
CAMK2B_PKc_E5_66.1	GGCGAGAGAGTACTACAGCG	CAMK2B
CAMK2B_PKc_E6_73.6	CTCTGTGGACGACCCCCATT	CAMK2B
CAMK2D_PKc_E1_32	TATCAGCTTTTCGAGGAGCT	CAMK2D
CAMK2D_PKc_E2_95.4	GCAGCATATTCTTGTCCAGT	CAMK2D
CAMK2D_PKc_E3_60	TATTAGGGTGCTTCAAAAGA	CAMK2D
CAMK2D_PKc_E4_55.2	AGAAGAGGGCTTTCACTACT	CAMK2D
CAMK2D_PKc_E5_66	TGAACTGTTTGAAGACATAG	CAMK2D
CAMK2D_PKc_E6_73.1	ACCTAAATGGCATAGTTCAC	CAMK2D
CAMK2G_PKc_E1_32.1	TGCCAAGCTCCTCGAAGAGC	CAMK2G
CAMK2G_PKc_E2_95.4	TTTTGCTGCGTACTCCTGCG	CAMK2G
CAMK2G_PKc_E3_60.2	GAGCCTCACGTTCTAGTTTC	CAMK2G
CAMK2G_PKc_E4_55.3	CTTCAGAAATACTGTCATGG	CAMK2G
CAMK2G_PKc_E5_66.2	GTCTTCAAACAGCTCCCCGC	CAMK2G
CAMK2G_PKc_E6_73.1	ACCAGCATGACATCGTCCAC	CAMK2G
CAMK4_PKc_E1_38.2	TTCGAGGTGGAGTCGGAGCT	CAMK4
CAMK4_PKc_E2_79.4	CTTTGAGAGCATAAGGCTTC	CAMK4
CAMK4_PKc_E3_63	AAAATCGTAAGAACTGAGAT	CAMK4
CAMK4_PKc_E4_83.1	CTGGTCCTAGAACTCGTCAC	CAMK4
CAMK4_PKc_E5_73.1	TGCCGTTAAACAAATCCTGG	CAMK4
CAMK4_PKc_E6_91.4	TCTCTGGTTTGAGATCACGA	CAMK4
CAMKK1_PKc_E3_30	TACAAGCTGCAGAGTGAGAT	CAMKK1
CAMKK1_PKc_E4_54.2	GGCCAGCCTCACCACACCGT	CAMKK1
CAMKK1_PKc_E5_52	AAGAAGTTACTGAAGCAGTA	CAMKK1
CAMKK1_PKc_E6_134.7	GCCCCTGGAGCGGGTGTACC	CAMKK1
CAMKK1_PKc_E7_37	AGCTGAGGACAACCTCTATT	CAMKK1
CAMKK1_PKc_E9_89.4	CTACCTGCGGGACGTCATCC	CAMKK1
CAMKK2_PKc_E3_36	TATACCCTGAAGGATGAAAT	CAMKK2
CAMKK2_PKc_E4_54	CTCCTATGGTGTCGTCAAGT	CAMKK2
CAMKK2_PKc_E5_52.1	CAAAAAGAAGCTGATCCGGC	CAMKK2
CAMKK2_PKc_E6_134.7	CCCCATTGAGCAGGTGTACC	CAMKK2
CAMKK2_PKc_E7_37.3	TGTACAGATGGTCCTCATTG	CAMKK2
CAMKK2_PKc_E9_89.6	CCTGGAAGTAGAAACGGGCC	CAMKK2
CAMKV_PKc_E3_132.12	CCTTGCGGCCGTCCCGCTTC	CAMKV
CAMKV_PKc_E3_132.8	AGCGGGACGGCCGCAAGGTG	CAMKV
CAMKV_PKc_E4_75.2	GGATGTGTTTGTGACCCGCA	CAMKV
CAMKV_PKc_E4_75.5	GAAGATAAAGTACTCCTTGC	CAMKV
CAMKV_PKc_E5_139.14	CTCGCTCCGAGTAGTAGCCC	CAMKV
CAMKV_PKc_E6_121.12	TCAGCCGGTTGTAGTAAACC	CAMKV
CASK_PKc_E3_106	TCCACACATTGTAGAGTTAT	CASK
CASK_PKc_E3_106.2	CTCAGATGGAATGCTTTACA	CASK
CASK_PKc_E5_73	CCATTATATGAGACAGATAC	CASK
CASK_PKc_E5_73.1	ATGATAATAACATAATTCAC	CASK
CASK_PKc_E6_103.2	TCGGCACCTGTTAAACTTGG	CASK
CASK_PKc_E8_123.4	GCATCAGCATGCGACGTACT	CASK
CDC42BPA_PKc_E1_169.4	ACGGGCCCGCTCAGACCAAT	CDC42BPA
CDC42BPA_PKc_E2_92.2	ATATTAAAGGTGATTGGTCG	CDC42BPA
CDC42BPA_PKc_E3_84	CCATGAAAATATTGAATAAA	CDC42BPA
CDC42BPA_PKc_E4_96	CAGCATGTTTTCGTGAAGAA	CDC42BPA
CDC42BPA_PKc_E5_149.8	CAACATAATAATCCATAACC	CDC42BPA
CDC42BPA_PKc_E6_94.3	CATATTCGGTTAGCAGATTT	CDC42BPA
CDC42BPB_PKc_E1_169.12	CACGTACTTGTCGCGGCGCA	CDC42BPB
CDC42BPB_PKc_E2_92.2	GTAATTGGAAGAGGTGCTTT	CDC42BPB
CDC42BPB_PKc_E3_84.2	TCAGCATCTCCCACTTGTTG	CDC42BPB
CDC42BPB_PKc_E4_96.3	CGCGCTGCACTACGCCTTTC	CDC42BPB
CDC42BPB_PKc_E5_149.5	AGCTTCCGGAAGATATGGCG	CDC42BPB
CDC42BPB_PKc_E6_94.2	CGTGAATGGTCATATCCGCC	CDC42BPB
CDC42BPG_PKc_E2_48.1	ATCTTGAAGGTGATCGGCCG	CDC42BPG
CDC42BPG_PKc_E3_84.3	CATGAAAATGCTGCACAAGT	CDC42BPG
CDC42BPG_PKc_E4_96.3	AGCGGGATGTGCTCGTGAAA	CDC42BPG
CDC42BPG_PKc_E5_149.5	GGACCGTCTCCCGCCCGAGC	CDC42BPG
CDC42BPG_PKc_E6_94.3	TGTGAACGGGCACATTCGCC	CDC42BPG
CDC42BPG_PKc_E7_201.27	AGTCACACTGTGGGCCGTAG	CDC42BPG
CDC7_PKc_E3_34	TTTAAGATTGAGGACAAAAT	CDC7
CDC7_PKc_E4_136.1	GCCACAGCACAGTTACAAGT	CDC7
CDC7_PKc_E5_94.1	AGTTATTGCTATGCCATATC	CDC7
CDC7_PKc_E6_143.7	ATATTCCCGTACTTCTTGAA	CDC7
CDC7_PKc_E7_250.6	ACTGAGTGGCCCAGTACCTA	CDC7
CDC7_PKc_E8_96.2	TTTCTCCAAAAACAGAGCGC	CDC7
CDK1_e3.1	GGGTTCCTAGTACTGCAATT	CDK1
CDK1_e4.1	AATCCATGTACTGACCAGGA	CDK1
CDK1_e5.1	ACACAATCCCCTGTAGGATT	CDK1
CDK1_e6.1	ACTCAACTCCAGTTGACATT	CDK1
CDK1_e7.1	ACATGGGATGCTAGGCTTCC	CDK1
CDK1_PKc_E2_37.1	TTCTCCAATTTTCTCTATTT	CDK1
CDK1_PKc_E4_124.1	ATGTGCTTATGCAGGATTCC	CDK1
CDK1_PKc_E6_164	CAGATCTCCAGAAGTATTGC	CDK1
CDK10_PKc_E2_70.1	GAAGCTGAACCGCATTGGAG	CDK10
CDK10_PKc_E3_72.5	GTGCGACAATCTCATCTGTC	CDK10
CDK10_PKc_E4_103.11	CCACGATGTTCGGATGACGC	CDK10
CDK10_PKc_E5_82.4	TATGCCAACACCCTTCTCGG	CDK10
CDK10_PKc_E6_68.2	ATCGTGCTGCAGGTGCTCCG	CDK10
CDK10_PKc_E7_53.1	AACTTGCTCATGACCGACAA	CDK10
CDK11A_PKc_E13_122.13	GGATGGTGTTGATCTCCCTC	CDK11A
CDK11A_PKc_E13_122.15	ATCTCCCTCAGGGACGTGAT	CDK11A
CDK11A_PKc_E14_106.1	CTACATCGTGATGAACTACG	CDK11A
CDK11A_PKc_E15_122.4	GATGATCCAGCTGCTGCGGG	CDK11A
CDK11A_PKc_E16_108.16	CCACTGGGTCACCACGACCG	CDK11A
CDK11A_PKc_E18_149.14	AAGGTCATCTTTTTGACTAC	CDK11A
CDK11B_PKc_E13_122.7	CTTCCCGATCACGTCGCTGA	CDK11B
CDK11B_PKc_E14_106.1	CTACATCGTGATGAACTATG	CDK11B
CDK11B_PKc_E15_122.1	TGATGATCCAGCTGCTGCGT	CDK11B
CDK11B_PKc_E16_108.16	CCACAGGGTCACCACGACCG	CDK11B
CDK11B_PKc_E17_117.11	GATCGATTTCTGACTTCCCG	CDK11B
CDK11B_PKc_E18_149.2	GGGCCAGATTTTCTCACTAG	CDK11B
CDK12_PKc_E4_94.7	GGCTTTATATACTTGGCCAT	CDK12
CDK12_PKc_E5_171.8	TTCGGTGGATTAACTGACGA	CDK12
CDK12_PKc_E6_190.11	AACACTTAATATCCCGATGC	CDK12
CDK12_PKc_E7_57	CAAATCAAACTAGCAGATTT	CDK12
CDK12_PKc_E8_102.1	CGACCTCCAGAACTACTGCT	CDK12
CDK12_PKc_E9_78.1	TTTTCAAGCCAATCTGGAAC	CDK12
CDK13_PKc_E4_94.2	ATCATCGGAATTATTGGAGA	CDK13
CDK13_PKc_E5_171	AGCCTTAAAAAAAGTACGTC	CDK13
CDK13_PKc_E6_190.2	TATATGGACCATGATCTGAT	CDK13
CDK13_PKc_E7_57	CAGATAAAACTTGCAGACTT	CDK13
CDK13_PKc_E8_102.1	CCGTCCACCTGAACTGCTAC	CDK13
CDK13_PKc_E9_78.2	TTTTAGTGAAGAGTTCGCCA	CDK13
CDK14_PKc_E4_80.5	TCTTATGCTACAGTATACAA	CDK14
CDK14_PKc_E5_80.5	GGACACCTTTCACAGCTATC	CDK14
CDK14_PKc_E6_95.1	CACAAGTGTCAGCGTCTCCT	CDK14
CDK14_PKc_E7_63.2	AGTACATGGACAAGCACCCT	CDK14
CDK14_PKc_E8_124.5	TGACACGGGGGAGTTAAAGC	CDK14
CDK14_PKc_E9_121.7	CCACAAGGTAACCACTTCGT	CDK14
CDK15_PKc_E3_65.5	CTTATGCGACAGTTTACAAG	CDK15
CDK15_PKc_E4_80.2	CTTCTCGGATAGCTGTAAAT	CDK15
CDK15_PKc_E5_95.2	TGGTGTGGATTATGTCATGC	CDK15
CDK15_PKc_E6_63.4	CTGGATGCTGAGACATATAC	CDK15
CDK15_PKc_E7_124.3	GTTTCAACTTTTGCGGGGCC	CDK15
CDK15_PKc_E8_121	CTTCAGAAGTCGTGACCCTC	CDK15
CDK16_PKc_E10_121.7	AATCTGAGTGGAGTAGTCCG	CDK16
CDK16_PKc_E5_36	CTACATTAAGCTGGACAAAC	CDK16
CDK16_PKc_E6_115.13	GCCTTTGTAGACGGTGGCAT	CDK16
CDK16_PKc_E7_95.4	GTCATGTAGCGTAACGATGT	CDK16
CDK16_PKc_E8_63.4	AGTCATCCAGGTACTGCTTC	CDK16
CDK16_PKc_E9_124.3	GGCCTACTGCCACCGGCAGA	CDK16
CDK17_PKc_E10_124.1	GTACCAAATTCTACGTGGTT	CDK17
CDK17_PKc_E11_121.4	AATCTGTGTTGAGTACTCCG	CDK17
CDK17_PKc_E6_48.2	AAGCTTTTCCAATTTGATGT	CDK17
CDK17_PKc_E7_115.3	GGCATTAAAAGAGATCCGAT	CDK17
CDK17_PKc_E8_95.2	TGTGTGAACAATGTCATGTA	CDK17
CDK17_PKc_E9_63.2	AGTCATCCATGTACTGTTTC	CDK17
CDK18_PKc_E10_121.12	CATCGGGGGGCCTGTACCAC	CDK18
CDK18_PKc_E5_45	ACTGGAAACATACGTGAAAC	CDK18
CDK18_PKc_E6_115.5	GGCCCTGAAAGAGATCCGGC	CDK18
CDK18_PKc_E7_95.9	TCACAATATTGGCGTGCTTC	CDK18
CDK18_PKc_E8_63.3	TGACGTTGTGCATGCTCATG	CDK18
CDK18_PKc_E9_124.19	CCCGGTGCAGGATCTTGCGG	CDK18
CDK2_PKc_E1_116.9	GGCGCTTAAGAAAATCCGCC	CDK2
CDK2_PKc_E2_78.3	GATCTCTCGGATGGCAGTAC	CDK2
CDK2_PKc_E3_121.2	ATGGATGCCTCTGCTCTCAC	CDK2
CDK2_PKc_E4_171.1	TCATGGGTGTAAGTACGAAC	CDK2
CDK2_PKc_E5_102.12	TTTCAGGAGCTCGGTACCAC	CDK2
CDK2_PKc_E6_204.3	CTTCCGGATCTTTCGGACTC	CDK2
CDK20_PKc_E1_75.1	GGCCTTGAAGACGATGCCGT	CDK20
CDK20_PKc_E2_114.2	GCCGTCCTCCAACCGCCTTA	CDK20
CDK20_PKc_E3_189.5	TGAGTTCATGCTGTCGGATC	CDK20
CDK20_PKc_E4_122.2	CAGCTCAAGATAGCGGACTT	CDK20
CDK20_PKc_E5_63.6	CATACTGGCGGGCACCATAC	CDK20
CDK20_PKc_E6_124.5	TTGCTATGTGCTTCGCATCT	CDK20
CDK3_PKc_E2_116.4	AGATCGGAGAGGGCACCTAT	CDK3
CDK3_PKc_E3_78.3	GAGCAGCGAGATCTCCCTGA	CDK3
CDK3_PKc_E4_121	TGGACGTGGTGCACAACGAG	CDK3
CDK3_PKc_E5_171.11	TTCGGCCTGGCTCGCGCCTT	CDK3
CDK3_PKc_E6_102	TCGCGCCCCCGAGATTCTCT	CDK3
CDK3_PKc_E7_204.1	CTTTCGTATCTTTCGTATGC	CDK3
CDK4_PKc_E2_206.14	TCCCATCAGCACAGTTCGTG	CDK4
CDK4_PKc_E3_136.21	CTCCCGGTCAGTTCGGGATG	CDK4
CDK4_PKc_E4_168.12	ATCTCGGTGAACGATGCAAT	CDK4
CDK4_PKc_E5_110.4	GTCCACAGGTGTTGCATATG	CDK4
CDK4_PKc_E6_51	AAACTCTGAAGCCGACCAGT	CDK4
CDK4_PKc_E7_136.28	CGGGGCAGGGATACATCTCG	CDK4
CDK5_PKc_E1_37.2	CGAGAAACTGGAAAAGATTG	CDK5
CDK5_PKc_E2_89.3	CCGGGAGACTCATGAGATCG	CDK5
CDK5_PKc_E3_68	GTGTGCCGAGTTCCGCCCTC	CDK5
CDK5_PKc_E5_57.1	AACTGTCAAAATACTTCTTC	CDK5
CDK5_PKc_E6_96.4	ATAGCCGCAATGTGCTACAC	CDK5
CDK5_PKc_E7_75.5	TCAGCTGAGTAACAGCGGAC	CDK5
CDK6_PKc_E2_203.31	CGCGCTTCAACGCCACGAAA	CDK6
CDK6_PKc_E3_136.2	ATGGTTTCAGTGGGCACTCC	CDK6
CDK6_PKc_E4_168.11	TTAGATCGCGATGCACTACT	CDK6
CDK6_PKc_E5_110.8	ATCCACGGGGGTGGCGTAGC	CDK6
CDK6_PKc_E6_51.2	TCTGAACTTCCACGAAAAAG	CDK6
CDK6_PKc_E7_136.3	GTAACAGATATCGATGAACT	CDK6
CDK7_PKc_E1_48	GGCAAAGCGTTATGAGAAGC	CDK7
CDK7_PKc_E2_60.3	ATCTCTGGCCTTGTAAACGG	CDK7
CDK7_PKc_E4_68.3	TAATTTTATCTCTCTTAAGG	CDK7
CDK7_PKc_E5_69.2	ATTTATGTCCAAAAGCATCA	CDK7
CDK7_PKc_E6_111.3	TTGAAGAGTCATCAACATGT	CDK7
CDK7_PKc_E7_119.11	GGCTCCCAAAAGATTTGGCC	CDK7
CDK9_e2.1	CTGGCCGGTCTTGCGGTGCC	CDK9
CDK9_e3.1	GATCTCCCGCAAGGCTGTAA	CDK9
CDK9_e4.1	TTCCCCCTATAACCGCTGCA	CDK9
CDK9_e4.2	GCTCGCAGAAGTCGAACACC	CDK9
CDK9_e5.1	ATGTGCTTATCACTCGTGAT	CDK9
CDK9_e5.2	CAACCGCTACACCAACCGTG	CDK9
CDK9_PKc_E1_77.1	AAGCTCGCCAAGATCGGCCA	CDK9
CDK9_PKc_E1_77.4	CTTGGCGAGCTTCTCGTATT	CDK9
CDK9_PKc_E4_167.13	ACTACCCTTGCAGCGGTTAT	CDK9
CDK9_PKc_E6_149.13	GCTGACTGATGAGGGCGAGT	CDK9
CDK9_PKc_E7_192.9	TGTGCGTGACCCATACGCAC	CDK9
CDKL1_PKc_E1_165.12	GAGCATTCGGATTTCCCGAA	CDKL1
CDKL1_PKc_E2_122	TCCCAACCTTGTTAACCTCC	CDKL1
CDKL1_PKc_E3_73.1	ATGCTCTTCACGAGATGTTC	CDKL1
CDKL1_PKc_E4_91.3	TCACGGAATGTTTCGTGATG	CDKL1
CDKL1_PKc_E5_201.9	GGACACGCAGTACGGCCCCC	CDKL1
CDKL1_PKc_E6_83.1	GATTCGTGCTAAACACTTGC	CDKL1
CDKL2_PKc_E2_165.1	TATGAAAACCTGGGTTTGGT	CDKL2
CDKL2_PKc_E3_195.7	ACTTGGTAGTCTAGTCCATT	CDKL2
CDKL2_PKc_E4_179.16	ATAGCTTGACAACGCCAGAC	CDKL2
CDKL2_PKc_E5_113.6	ATGGGGGAACCCCTATTTCC	CDKL2
CDKL2_PKc_E6_140	TAATCTAATTCCAAGGCATC	CDKL2
CDKL2_PKc_E7_66.4	CACAGAAGGGTCTTTTGTCG	CDKL2
CDKL3_PKc_E2_162.7	TAAGAATACTGGGCAGATAG	CDKL3
CDKL3_PKc_E3_195.2	GAAGATAGTCAATTGCTCGA	CDKL3
CDKL3_PKc_E4_179.6	GGACATTTATACGGACTATG	CDKL3
CDKL3_PKc_E5_113.2	GGGCTGTATGATCATTGAGA	CDKL3
CDKL3_PKc_E6_140.5	GCCAACAATCCATTAAGCTT	CDKL3
CDKL3_PKc_E7_66.1	CTAGATGATATCCTGTCAGC	CDKL3
CDKL4_PKc_E1_165.9	AACAGCTACTACTTGTCCAG	CDKL4
CDKL4_PKc_E2_122	AAATCTTGTGAACCTCATCG	CDKL4
CDKL4_PKc_E3_73	GAGTGATCAAAAGCGTATTA	CDKL4
CDKL4_PKc_E4_91.2	TAATCAAGATTTGTGACTTC	CDKL4
CDKL4_PKc_E5_198.19	CGTAGCTACATAATCGGTGT	CDKL4
CDKL4_PKc_E6_83.2	AAAAGTAACGGGTTTTTCCA	CDKL4
CDKL5_PKc_E2_34	TTTGAGATCCTTGGGGTTGT	CDKL5
CDKL5_PKc_E3_35	GCATTTAAGTACAACTCCAT	CDKL5
CDKL5_PKc_E4_46	TGTGGCGATCAAGAAATTCA	CDKL5
CDKL5_PKc_E5_137.5	TGAAGGAAGCATTTCGTCGG	CDKL5
CDKL5_PKc_E6_121.2	AGCTAATCAAGGCTATTCAC	CDKL5
CDKL5_PKc_E7_60	ACAGTTTTAGGACATCATTG	CDKL5
CHEK1_PKc_E2_65.4	TGGGACTTGGTGCAAACCCT	CHEK1
CHEK1_PKc_E3_224.1	TAGTAAAATTCTATGGTCAC	CHEK1
CHEK1_PKc_E4_65.6	GGTTCAGGCATGCCTATGTC	CHEK1
CHEK1_PKc_E5_70.1	TGGTATTGGAATAACTCACA	CHEK1
CHEK1_PKc_E6_189.6	GTACTTACTGCAATGCTCGC	CHEK1
CHEK1_PKc_E7_105.1	GCTGTCAGGAGTATTCTGAC	CHEK1
CHEK2_PKc_E10_87.3	GTATAATACCGTTTTCATGA	CHEK2
CHEK2_PKc_E5_47.1	TATTCATCTCTTAATGCCTT	CHEK2
CHEK2_PKc_E6_109.1	AGGTAAAGCTGGCTTTCGAG	CHEK2
CHEK2_PKc_E7_54.1	CTGTTTCAACATTGAGAGCT	CHEK2
CHEK2_PKc_E8_62.1	TTTTTAATCTTGATGATGCA	CHEK2
CHEK2_PKc_E9_100.2	GAGCTGTTTGACAAAGTGGT	CHEK2
CHUK_PKc_E1_63.6	ACAGACGTTCCCGAAGCCGC	CHUK
CHUK_PKc_E2_95.2	GCACCATCGTTCTCTGTTTT	CHUK
CHUK_PKc_E3_115	GAACCATGCCAATGTTGTAA	CHUK
CHUK_PKc_E4_70.2	TTAAGTCCACAACAATTTTC	CHUK
CHUK_PKc_E5_89	ACCTGAAAACATAGTTCTTC	CHUK
CHUK_PKc_E6_90.5	ACTTCCTTGATCAACATCTT	CHUK
CIT_PKc_E4_132.1	TTTCATAGCATAGATGTCCC	CIT
CIT_PKc_E5_102.1	TATCTCGAAGCACAAGCCCG	CIT
CIT_PKc_E6_143.9	GTATCAGGTTTTCATCTAAC	CIT
CIT_PKc_E7_94	AACATTCTCGTTGACCGCAC	CIT
CIT_PKc_E8_204	GTGAATGCCAAACTCCCGAT	CIT
CIT_PKc_E9_154.9	CTGCTCACTTTGGGGTCATC	CIT
CLK1_PKc_E4_40	CGTCTCCACTCTGACAGATC	CLK1
CLK1_PKc_E5_67	ATTGTTGATACTTTAGGTGA	CLK1
CLK1_PKc_E6_117.1	TCGCTCAGAAATACAAGTTC	CLK1
CLK1_PKc_E7_167.7	CTGATATGATCCAGTCGAAA	CLK1
CLK1_PKc_E8_95	TGTGCAGTCTGACTACACAG	CLK1
CLK1_PKc_E9_130.1	TGACGAACATCACAGTACAT	CLK1
CLK2_PKc_E10_83.3	ATCATCTTTGAATACTATGT	CLK2
CLK2_PKc_E4_40	TCATCTACCACGTCGGGGAC	CLK2
CLK2_PKc_E5_67	AATCGTTAGCACCTTAGGAG	CLK2
CLK2_PKc_E6_117.1	TAAGAATGTGGAGAAGTACA	CLK2
CLK2_PKc_E7_167.4	CATCCACCAAGTGCGCCACA	CLK2
CLK2_PKc_E9_130.3	GCTGTGCGGGTGGTAGACTT	CLK2
CLK3_PKc_E4_43.1	TGGTGTGCCGGATCGGCGAT	CLK3
CLK3_PKc_E5_67.7	TGCCAAAGGTGCCTTCACCC	CLK3
CLK3_PKc_E6_117	CCTGAAGATCATCCGCAACG	CLK3
CLK3_PKc_E7_167.21	AGGCGATGCACATGTGACCG	CLK3
CLK3_PKc_E8_95.3	CTCTGGTTTCAAGTCTGTAT	CLK3
CLK3_PKc_E9_130.3	CCGTCACTATCGCCCGCCTG	CLK3
CLK4_PKc_E4_40	CGTCTCCACTTTGACAGATC	CLK4
CLK4_PKc_E5_67	ATCGTGGACACTTTGGGTGA	CLK4
CLK4_PKc_E6_117.3	AACGAGCTGCTTCACGGTAA	CLK4
CLK4_PKc_E7_167.8	GATCAAACCATTCTAGCATC	CLK4
CLK4_PKc_E8_95.2	TTCAGGCTTCAGATCTGTAT	CLK4
CLK4_PKc_E9_130.3	CCGGCACTACAGAGCTCCCG	CLK4
CSF1R_PKc_E12_127.12	CGATGATCTTCCAGCGGACC	CSF1R
CSF1R_PKc_E13_105.8	GGAGGCCACGGCCTTTGGTC	CSF1R
CSF1R_PKc_E14_111.8	GGTTGACGATGTTCTCGTGC	CSF1R
CSF1R_PKc_E15_163.13	CTTATAGTCGACGCCTCCCT	CSF1R
CSF1R_PKc_E16_89.3	CCAGGGTGTGGACACCTATG	CSF1R
CSF1R_PKc_E17_98.1	CAAGGAGGATGGACGGCCCC	CSF1R
CSK_PKc_E10_74.8	CTGACCGACCCCTAGACCGC	CSK
CSK_PKc_E11_196.3	CAATTTCGTGCATCGAGACC	CSK
CSK_PKc_E12_87	TCTCCACTAAGTCTGACGTG	CSK
CSK_PKc_E7_61.3	CTGCTGCAGACCATCGGGAA	CSK
CSK_PKc_E8_100.1	TGATGCTGGGCGATTACCGA	CSK
CSK_PKc_E9_91	GCAACTGCGGCATAGCAACC	CSK
CSNK1A1_PKc_E1_78.2	CTGGTACGGAAGATCGGGTC	CSNK1A1
CSNK1A1_PKc_E2_107.7	GCTTGCTCTCGTACAGCAAC	CSNK1A1
CSNK1A1_PKc_E3_127.1	TGTACTAGTCATGGATCTTC	CSNK1A1
CSNK1A1_PKc_E4_99.5	ATACCCATTAGGAAGTTATC	CSNK1A1
CSNK1A1_PKc_E5_84.1	CATGACTGTTAGTACTTCTC	CSNK1A1
CSNK1A1_PKc_E6_140.6	TGCATTGATGCTAGCATATC	CSNK1A1
CSNK1D_PKc_E1_55.2	AAGATCGGCAGCGGCTCCTT	CSNK1D
CSNK1D_PKc_E1_55.3	AGGAGCCGCTGCCGATCTTC	CSNK1D
CSNK1D_PKc_E2_111.8	TTTGACACATTCAAGCTTGA	CSNK1D
CSNK1D_PKc_E3_149.8	AGAGGGGGACTACAACGTCA	CSNK1D
CSNK1D_PKc_E4_229.12	GTACATCATCGACTTCGGGC	CSNK1D
CSNK1D_PKc_E5_171.15	TTTACACAACACTTCGATGG	CSNK1D
CSNK1E_PKc_E2_55.4	AAGATCGGGAGCGGGTCCTT	CSNK1E
CSNK1E_PKc_E3_111.11	TTCCTCACCAGAGGCGATGT	CSNK1E
CSNK1E_PKc_E4_149.4	TGAGGGCGACTACAACGTGA	CSNK1E
CSNK1E_PKc_E5_229.35	GCGGGCGTCCCGGTACTTCT	CSNK1E
CSNK1E_PKc_E6_171.15	CCGTTCATACTTCTGGCGCT	CSNK1E
CSNK1E_PKc_E7_110.8	CGGGCTTGTCGTCAAACCGC	CSNK1E
CSNK1G1_PKc_E2_55.3	AAGATAGGATGTGGGAACTT	CSNK1G1
CSNK1G1_PKc_E3_41	TTTGATTGCTACATATTCAT	CSNK1G1
CSNK1G1_PKc_E4_70.2	TGTGGAGCACGTGATTTTAT	CSNK1G1
CSNK1G1_PKc_E5_152.1	AAGTAAATGTTCGGTCACAG	CSNK1G1
CSNK1G1_PKc_E6_235.8	ATGTCTATCAACACGCATCT	CSNK1G1
CSNK1G1_PKc_E7_86.9	GGGCTTCCAAATCATCTCTC	CSNK1G1
CSNK1G2_PKc_E2_55.5	AGCCGATCTTCTTGCCGACG	CSNK1G2
CSNK1G2_PKc_E3_41	TCTCTATACAAATGAATACG	CSNK1G2
CSNK1G2_PKc_E4_70.3	GCTTGTAGAACCGGTACTCC	CSNK1G2
CSNK1G2_PKc_E5_149.15	TCCGGTCGCACAGGTCGAAC	CSNK1G2
CSNK1G2_PKc_E6_235.22	GGCTCTTGTGCTCGCGGTAC	CSNK1G2
CSNK1G2_PKc_E7_86.13	GCGCCTCCAGGTCGTCGCGG	CSNK1G2
CSNK1G3_PKc_E2_55.2	AAAATTGGATGTGGCAATTT	CSNK1G3
CSNK1G3_PKc_E3_41	TTTATACACAAATGAATATG	CSNK1G3
CSNK1G3_PKc_E4_70.2	TTCTATAAGCAGTTAGGATC	CSNK1G3
CSNK1G3_PKc_E5_149.1	GTTTACTATTTCGGCCCTTG	CSNK1G3
CSNK1G3_PKc_E6_235.1	AACTTCTTAATAGGACGACC	CSNK1G3
CSNK1G3_PKc_E7_86.3	AGAGGCAGTCTTCCTTGGCA	CSNK1G3
CSNK2A1_PKc_E10_102.3	GTGGAGTTTGGGTTGTATGC	CSNK2A1
CSNK2A1_PKc_E10_102.7	GATCATAATTGTCATGTCCA	CSNK2A1
CSNK2A1_PKc_E11_101	GGTGAGGATAGCCAAGGTTC	CSNK2A1
CSNK2A1_PKc_E11_101.1	GTGAGGATAGCCAAGGTTCT	CSNK2A1
CSNK2A1_PKc_E12_149.5	GCTTACTGCAAGAGAGGCAA	CSNK2A1
CSNK2A2_PKc_E1_41	ACGAGGCTCACGTCCCGAGC	CSNK2A2
CSNK2A2_PKc_E2_112.4	CTGGTTCGAAAACTTGGTCG	CSNK2A2
CSNK2A2_PKc_E3_102.5	TGATATTTGTTCCACCACGA	CSNK2A2
CSNK2A2_PKc_E4_51	ATATATTCAAATACCAAAGC	CSNK2A2
CSNK2A2_PKc_E5_60.2	ACCGGATATCAAAGTCTGTC	CSNK2A2
CSNK2A2_PKc_E6_84.4	TGATCTATCATGACATTGTG	CSNK2A2
DAPK1_PKc_E2_44.1	TGATTACTACGACACCGGCG	DAPK1
DAPK1_PKc_E3_222.6	AGGACTAAGTCCAGCCGGCG	DAPK1
DAPK1_PKc_E4_139.3	GATCAAAGTGGGCGATTTGA	DAPK1
DAPK1_PKc_E5_130.11	ATGATCTTGATCCGAGGTTT	DAPK1
DAPK1_PKc_E6_49.3	GGTTCATAGTTGACTATCTC	DAPK1
DAPK1_PKc_E8_153.1	CGCTGTCAACTACGAATTTG	DAPK1
DAPK2_PKc_E2_44.1	GGACTTTTATGACATCGGAG	DAPK2
DAPK2_PKc_E3_222.18	CTATGAGAACCGCACCGACG	DAPK2
DAPK2_PKc_E4_139	AGGAGAGCTCTTCGATTTCC	DAPK2
DAPK2_PKc_E5_130.5	TAAGAATATTTTTGGGACGC	DAPK2
DAPK2_PKc_E6_49.1	ATTGTGAACTACGAGCCCCT	DAPK2
DAPK2_PKc_E8_153.1	CCTTGGCCAGCTCGCTCGTC	DAPK2
DAPK3_PKc_E2_44	CGTGGAGGACCATTATGAGA	DAPK3
DAPK3_PKc_E3_361.58	ACTTCCGCACGATCGCAAAC	DAPK3
DAPK3_PKc_E4_130.4	TCGCGCACAAGATCGAGGCG	DAPK3
DAPK3_PKc_E5_49	GATTGTGAACTATGAGCCGC	DAPK3
DAPK3_PKc_E7_153.1	CTCGTCGAAGTCGTAGTTCA	DAPK3
DAPK3_PKc_E8_43	AATGACCATTGCCCAGAGCC	DAPK3
DCLK1_PKc_E10_120.4	CTCAATCAGAAGAACGATAT	DCLK1
DCLK1_PKc_E11_147.4	TATCACGGTGGACGATGTTC	DCLK1
DCLK1_PKc_E12_134.16	GTACAGGGGGCCGTCTACAA	DCLK1
DCLK1_PKc_E13_78.4	TGTGGTTTCCCTCCATTCCG	DCLK1
DCLK1_PKc_E8_83.4	TATCGTTCTGTTATTGTAGC	DCLK1
DCLK1_PKc_E9_58	ATCAAGAAAAGCAAATGTCG	DCLK1
DCLK2_PKc_E10_120.6	CTCGACCAGCATAATGATAT	DCLK2
DCLK2_PKc_E11_147.9	ATTGGCTAAGTTGTACACCA	DCLK2
DCLK2_PKc_E12_134.4	AGACTTTGGGCTTGCGACTG	DCLK2
DCLK2_PKc_E13_78.2	AAGGTGGACATTTGGGCAGC	DCLK2
DCLK2_PKc_E8_68.1	ATTGGAAAGGTCATTGGTGA	DCLK2
DCLK2_PKc_E9_58.3	TAGGGCAAACTCCTTTCCAG	DCLK2
DCLK3_PKc_E2_390.28	CTTGTCGTGCATGTGGACGA	DCLK3
DCLK3_PKc_E2_390.6	AGTGCAGACACCGCGAGACC	DCLK3
DCLK3_PKc_E3_133.3	AGACCTATATTTACTGTGTG	DCLK3
DCLK3_PKc_E3_133.7	TTCGGGAGCTACGTAAGTTG	DCLK3
DCLK3_PKc_E4_168.9	TTGAGTTCCTCCCCCCTTAC	DCLK3
DCLK3_PKc_E5_86.5	ATGAGCTGTGTAGCGCTTTT	DCLK3
DDR1_PKc_E12_60.4	AAGCTTGGCGAGGGCCAGTT	DDR1
DDR1_PKc_E12_60.9	TGAAGCGGAGTCGAGATCGA	DDR1
DDR1_PKc_E13_128.2	TTCCCCCTTAATGTGCGTAA	DDR1
DDR1_PKc_E14_237.4	CCCAAACATCATTCGGCTGC	DDR1
DDR1_PKc_E15_235.2	CGCCTCCGGCATGCGCTATC	DDR1
DDR1_PKc_E16_150.1	CACGACTGCGAGTGACGTGT	DDR1
DDR2_PKc_E14_60.8	TTGAAAGTTAGGAGTTTCCT	DDR2
DDR2_PKc_E15_128.5	GGAGCATTTTCACAGCCACC	DDR2
DDR2_PKc_E16_192.4	GACAGTGCGTACATCGCTGG	DDR2
DDR2_PKc_E17_235.9	TGGTGACTATTACCGGATCC	DDR2
DDR2_PKc_E18_150.9	GGAGAGTTCTTCCGAGACCA	DDR2
DDR2_PKc_E19_120.5	ATCAGCTTATACACAGAGTC	DDR2
DMPK_PKc_E1_48.3	TCTGAAGGTGATCGGACGCG	DMPK
DMPK_PKc_E2_84.9	TGATCTTCATGGCATACACC	DMPK
DMPK_PKc_E3_96.8	TGGTGAATGGGGACCGGCGG	DMPK
DMPK_PKc_E4_149.4	CATGGAGTATTACGTGGGCG	DMPK
DMPK_PKc_E5_94.11	CGAAGTCGGCCAGGCGGATG	DMPK
DMPK_PKc_E6_207.24	CTTGCCATAGGTCTCCGCCG	DMPK
DSTYK_PKc_E10_114.7	TATCACGATGGACAAGTCCC	DSTYK
DSTYK_PKc_E11_115.6	TGTGGGGACACCAATCCATA	DSTYK
DSTYK_PKc_E12_135	TCCGTGGATGTCTACGCTTT	DSTYK
DSTYK_PKc_E13_134.19	CAAGGGGTCGCCATCCCAAC	DSTYK
DSTYK_PKc_E8_155.7	TGGTATACCTGTGTGACAAC	DSTYK
DSTYK_PKc_E9_133	TCTGCCGAAGCATGAGCGAT	DSTYK
DYRK1A_PKc_E4_75.3	ATTGACTCCTTGATAGGCAA	DYRK1A
DYRK1A_PKc_E5_148	TGTAAAGGCATATGATCGTG	DYRK1A
DYRK1A_PKc_E6_287.15	GTTGCGCAAACTTTCGTGTT	DYRK1A
DYRK1A_PKc_E7_147.1	TCGCTTTTATCGGTCTCCAG	DYRK1A
DYRK1A_PKc_E8_141.1	GCTTGGTCAAGAATATGAGC	DYRK1A
DYRK1A_PKc_E9_213.21	TTATGAAGTTTACGGGTTCC	DYRK1A
DYRK1B_PKc_E4_84	CATGACTACATCGTGCGCAG	DYRK1B
DYRK1B_PKc_E5_148.7	ACTTCATCTCCGTGTCATGC	DYRK1B
DYRK1B_PKc_E6_287.28	TGTTGCGCAGGAGGTCGTAC	DYRK1B
DYRK1B_PKc_E7_147.3	CCTGGGCACACCCTACGACC	DYRK1B
DYRK1B_PKc_E8_141	CGACCAGATGAACCGCATTG	DYRK1B
DYRK1B_PKc_E9_213.48	GGAAGCGGAGGTAGTCGGCG	DYRK1B
DYRK2_PKc_E3_1140.113	GTCGTGACAGTGCAGTAACG	DYRK2
DYRK2_PKc_E3_1140.126	GCAAGAGGGGGTAACCCGTC	DYRK2
DYRK2_PKc_E3_1140.134	GAGCCCGGTAAAAACGCGAC	DYRK2
DYRK2_PKc_E3_1140.135	ACGCTGATGCTCGTAACAAC	DYRK2
DYRK2_PKc_E3_1140.32	AGCGGAGGAGATCCGAATCC	DYRK2
DYRK2_PKc_E3_1140.73	TCCTAAACGGAGGCCGTTCC	DYRK2
DYRK3_PKc_E3_1140.11	CCATCTAGCTTATCGATATG	DYRK3
DYRK3_PKc_E3_1140.115	GAGCTCTGTAGAACCGAGAC	DYRK3
DYRK3_PKc_E3_1140.119	CCTTGGTTGAACTGCGCCCG	DYRK3
DYRK3_PKc_E3_1140.128	GGGCAAACTTGCGTACCAAC	DYRK3
DYRK3_PKc_E3_1140.22	TCACAAACTTCGACAGTACG	DYRK3
DYRK3_PKc_E3_1140.67	TGTGGGGGGTCGCTCACGTA	DYRK3
DYRK4_PKc_E4_105.4	AGGAGCCGTGTCGAGCTTCT	DYRK4
DYRK4_PKc_E5_137	TGCCTACCGCTATGAAGTTC	DYRK4
DYRK4_PKc_E6_141.7	CTTCATATGCACCACATTGT	DYRK4
DYRK4_PKc_E7_139.3	GAGAGTGAAGCGCCGAACTA	DYRK4
DYRK4_PKc_E8_82.5	TAACAGAGGCTTGGCCCTTT	DYRK4
DYRK4_PKc_E9_173.37	GGGATCGGTAGAACCGGCTT	DYRK4
EEF2K_PKc_E4_48	TGATGAAGTTCTGATCAAGA	EEF2K
EEF2K_PKc_E5_38.5	CTCATTGCTCCTCGGCCGAA	EEF2K
EEF2K_PKc_E6_172.2	GTAGCGCTTCGCCACGTAGT	EEF2K
EEF2K_PKc_E7_150.5	CACCTGGAGCACTACATCGA	EEF2K
EEF2K_PKc_E8_133	CACTTCACTTTTGAGCGTTC	EEF2K
EEF2K_PKc_E9_53.1	AGAAGAAGAGCGCCATCCCG	EEF2K
EGFR_PKc_E18_75.5	ATACACCGTGCCGAACGCAC	EGFR
EGFR_PKc_E19_99	TAAAATTCCCGTCGCTATCA	EGFR
EGFR_PKc_E20_186.28	GTCCACGCTGGCCATCACGT	EGFR
EGFR_PKc_E21_156	CTACTTGGAGGACCGTCGCT	EGFR
EGFR_PKc_E22_76.2	CGTAGCTCCAGACATCACTC	EGFR
EGFR_PKc_E23_147.18	CTGGCAGGGATTCCGTCATA	EGFR
EIF2AK1_PKc_E10_112.5	ATAGTCGAGAGAAACAAGCG	EIF2AK1
EIF2AK1_PKc_E5_72.4	GTATCCACCTTTTCCTAAGA	EIF2AK1
EIF2AK1_PKc_E6_81.2	TTTTAGTTGCACCCTTAATC	EIF2AK1
EIF2AK1_PKc_E7_100.3	TTGTTGGCTATCACACCGCG	EIF2AK1
EIF2AK1_PKc_E8_61.1	TCTGGAAGTGCTCTCCGACC	EIF2AK1
EIF2AK1_PKc_E9_328.3	TGGTGAACTTGAGTCGACCC	EIF2AK1
EIF2AK2_PKc_E11_123.3	TTAATTGGCTCAGGTGGATT	EIF2AK2
EIF2AK2_PKc_E12_159.6	GCTCTCAAGAGAATCATCAC	EIF2AK2
EIF2AK2_PKc_E13_181.3	ATTCTGTGATAAAGGGACCT	EIF2AK2
EIF2AK2_PKc_E14_129.3	AAAATGATGGAAAGCGAACA	EIF2AK2
EIF2AK2_PKc_E15_102.3	GAAGTGGACCTCTACGCTTT	EIF2AK2
EIF2AK2_PKc_E16_54.1	CTGAGATGATGCCATCCCGT	EIF2AK2
EIF2AK3_PKc_E11_123.1	TTTGAGCCAATTCAATGCCT	EIF2AK3
EIF2AK3_PKc_E12_103.6	CGGGTGTTCAAGCTTGGCTA	EIF2AK3
EIF2AK3_PKc_E13_201.3	GAATGGACGATGTACCATAG	EIF2AK3
EIF2AK3_PKc_E14_168.13	CTCTGGGCTCATATACAGTT	EIF2AK3
EIF2AK3_PKc_E15_102.3	GCACTCAGATGGAGAGAGTC	EIF2AK3
EIF2AK3_PKc_E16_63.2	GAGATTTCTTACATCAGTTA	EIF2AK3
EIF2AK4_PKc_E10_107.3	TCAGGACTTTGTTCCACTAG	EIF2AK4
EIF2AK4_PKc_E10_107.8	AGCTGTGTTTCAACAACTGC	EIF2AK4
EIF2AK4_PKc_E8_123.1	GCTTTGTCTTGTTGTATGAG	EIF2AK4
EIF2AK4_PKc_E8_123.3	TGTATGAGTGGGTCCTTCAG	EIF2AK4
EIF2AK4_PKc_E9_536.1	AGAGCAAGACGACTCCATCG	EIF2AK4
EIF2AK4_PKc_E9_536.41	GCTATAGTCCGTAATCTTGA	EIF2AK4
EIF2AK4_PKc2_E12_431.72	CCGCTCGTGCCGCTCGATCC	EIF2AK4
EIF2AK4_PKc2_E13_70	TCACTTTCAGAATCTGAAGC	EIF2AK4
EIF2AK4_PKc2_E14_84.1	TGAGCCATCAGTGACGACTG	EIF2AK4
EIF2AK4_PKc2_E15_123.2	ATCGAGACACCGTCAGACTC	EIF2AK4
EIF2AK4_PKc2_E16_105.6	TGTTGACAGGCTTCAAATCC	EIF2AK4
EIF2AK4_PKc2_E17_55	AGCAAACAAGACGATCAGAC	EIF2AK4
EPHA1_PKc_E11_43.2	GTGTCCACCATCAGCCACGC	EPHA1
EPHA1_PKc_E12_186.1	AGTTTGGGGAAGTGTATCGA	EPHA1
EPHA1_PKc_E13_62.2	ATTTATGGAGAATGGAGCCC	EPHA1
EPHA1_PKc_E14_207.8	CAATTATGTCCACCGGGACC	EPHA1
EPHA1_PKc_E15_150.26	CAGGGGCTGTCCAACGGATA	EPHA1
EPHA1_PKc_E16_150.6	GGGCATATGACCGTGCCCGC	EPHA1
EPHA10_PKc_E10_46	GGATGCGAAAAGCGTCACGC	EPHA10
EPHA10_PKc_E11_186.3	TCGTAGCCGTGCATATGCTG	EPHA10
EPHA10_PKc_E12_62.1	TCACCGAGTACATGAGCCAT	EPHA10
EPHA10_PKc_E13_204.12	GAGATGGGCTACGTTCACCG	EPHA10
EPHA10_PKc_E14_150.23	TCGGGAGCGGCCCATAGCGC	EPHA10
EPHA10_PKc_E15_150.3	ACCGACTAATGCTCGACTGC	EPHA10
EPHA2_PKc_E11_189.12	GCGAGTGGACTTCCTCGGCG	EPHA2
EPHA2_PKc_E11_189.15	CTCGGCGAGGCCGGCATCAT	EPHA2
EPHA2_PKc_E12_62	GATGATCATCACTGAGTACA	EPHA2
EPHA2_PKc_E12_62.7	TACTCAGTGATGATCATCAT	EPHA2
EPHA2_PKc_E13_210.12	CTTTGGCCTGTCCCGCGTGC	EPHA2
EPHA2_PKc_E13_210.8	GAACTATGTGCACCGTGACC	EPHA2
EPHA3_PKc_E10_43.1	TGCTCCAACAACTTTATCAA	EPHA3
EPHA3_PKc_E11_186.8	CCACCCCAATATCATTCGAC	EPHA3
EPHA3_PKc_E12_62.2	ATACATGGAGAATGGTTCCT	EPHA3
EPHA3_PKc_E13_210.12	TTTCGGACTTTCGCGTGTCC	EPHA3
EPHA3_PKc_E14_150.14	GGCTGACGTGAACTTGCGGT	EPHA3
EPHA3_PKc_E15_150.1	CTATCGACTGCCACCCCCCA	EPHA3
EPHA4_PKc_E11_43.1	AACTTTTTCAATCTTAATGC	EPHA4
EPHA4_PKc_E12_186.13	CCAAGTGAATGATGTTCGGA	EPHA4
EPHA4_PKc_E13_62.3	GCTCCTTGGATGCATTCCTC	EPHA4
EPHA4_PKc_E14_210.8	GAGCTATGTGCATCGTGATC	EPHA4
EPHA4_PKc_E15_150.7	GTGGGAAGTGATGTCGTACG	EPHA4
EPHA4_PKc_E16_150.16	AGCGCAATGGGGCAGTCCAT	EPHA4
EPHA5_PKc_E11_43	ATCACCATTGAGAGAGTTAT	EPHA5
EPHA5_PKc_E12_186.6	CTAGGTGAAGCAAGTATCAT	EPHA5
EPHA5_PKc_E13_62.2	TACTCTGTCACGATCATCAC	EPHA5
EPHA5_PKc_E14_210.8	CTTTGGACTTTCCCGGGTAC	EPHA5
EPHA5_PKc_E15_150.7	TTATGGAGAGAGACCCTACT	EPHA5
EPHA5_PKc_E16_150	GTGATTAAAGCGGTAGAGGA	EPHA5
EPHA6_PKc_E10_43	ATTCGTATTGAGAGAGTCAT	EPHA6
EPHA6_PKc_E11_186.1	CCAAACATCATTCGCCTAGA	EPHA6
EPHA6_PKc_E12_126.26	CTCCACCCCAATGGCCGGGA	EPHA6
EPHA6_PKc_E13_62.4	TATTCCACCACAATCATTAC	EPHA6
EPHA6_PKc_E15_150.1	TCTCCTCAGCAAGCGATGCA	EPHA6
EPHA6_PKc_E16_150.9	ATCAGCTGGTGTAGAGATGC	EPHA6
EPHA7_PKc_E10_43	ATTAAAATTGAGCGTGTGAT	EPHA7
EPHA7_PKc_E11_186.8	CCACCCGAATGTTGTCCATT	EPHA7
EPHA7_PKc_E12_62.2	GAGCCCTAGATGCATTTCTC	EPHA7
EPHA7_PKc_E13_210.13	CATCCTCTATAACTCGGGAC	EPHA7
EPHA7_PKc_E14_150.12	CTGATGTGAATTTCCGGTAC	EPHA7
EPHA7_PKc_E15_150.1	TTATCGTTTACCAGCACCCA	EPHA7
EPHA8_PKc_E11_186.28	CCATGATGGACGCCTCGCTC	EPHA8
EPHA8_PKc_E11_186.31	CTCCGTGTAGCCGGCTTTGA	EPHA8
EPHA8_PKc_E12_62.2	GTACATGGAGAACGGCTCTC	EPHA8
EPHA8_PKc_E13_210.35	GATGGTGAACTGCCCGTCGT	EPHA8
EPHA8_PKc_E14_150.21	GCCGAAGCTCCACACGTCGC	EPHA8
EPHA8_PKc_E15_150.4	ACCAGCTCATGCTCGACTGT	EPHA8
EPHB1_PKc_E10_43	ATCTTTTGTGAAAATTGAAG	EPHB1
EPHB1_PKc_E10_43.1	GTGAAAATTGAAGAGGTCAT	EPHB1
EPHB1_PKc_E11_248.3	TGATGTTAGGATGGTCGAAC	EPHB1
EPHB1_PKc_E12_216.9	GAATTATGTGCATCGGGACC	EPHB1
EPHB1_PKc_E13_150.12	CCCATAGCTCCAAACGTCGC	EPHB1
EPHB1_PKc_E14_150.11	TTGACAATCTCCGCAAACCG	EPHB1
EPHB2_PKc_E10_43.1	GTCAAAATTGAGCAGGTGAT	EPHB2
EPHB2_PKc_E10_43.2	CACCTGCTCAATTTTGACAC	EPHB2
EPHB2_PKc_E11_248.3	GCCCGACTTGAGCGTCTTGA	EPHB2
EPHB2_PKc_E12_216.6	ATGCTTCGGGGCATCGCAGC	EPHB2
EPHB2_PKc_E13_150.22	CCGAGGTGAACTTCCGGTAC	EPHB2
EPHB2_PKc_E14_150.11	TTTGGCCGAACTTGGGCCGG	EPHB2
EPHB3_PKc_E10_43.2	GTCAAGATCGAGGAGGTGAT	EPHB3
EPHB3_PKc_E10_43.3	CACCTCCTCGATCTTGACGC	EPHB3
EPHB3_PKc_E11_248.16	CCCAATATAATCCGGCTCGA	EPHB3
EPHB3_PKc_E12_216.7	GAACTATGTGCACCGCGACC	EPHB3
EPHB3_PKc_E13_150.1	CTATGGAGAGCGACCCTACT	EPHB3
EPHB3_PKc_E14_150.8	GGGTGCGGGACCGGAACCTC	EPHB3
EPHB4_PKc_E11_43	CTCCTACGTCAAGATTGAAG	EPHB4
EPHB4_PKc_E11_43.2	CACCTCTTCAATCTTGACGT	EPHB4
EPHB4_PKc_E12_248.35	TGATATTGGGGTGCTCGAAC	EPHB4
EPHB4_PKc_E13_216.23	GGACGTAGCTCATCTCGGCA	EPHB4
EPHB4_PKc_E14_150.2	CATCCGATGGACTGCCCCGG	EPHB4
EPHB4_PKc_E15_150.34	CAGCCGGTAGTCCTGTTCAA	EPHB4
EPHB6_PKc_E11_43.3	TCAAGATTGAGGAGGTCATT	EPHB6
EPHB6_PKc_E11_43.4	TCCTCAATCTTGATATAAGC	EPHB6
EPHB6_PKc_E12_248.1	TCTTTTGGAGAAGTGCGCCA	EPHB6
EPHB6_PKc_E13_174.1	GTGTGCAAGGTGGCCCGTCT	EPHB6
EPHB6_PKc_E14_150	GCCCAAGTTGTTTGCTTCGC	EPHB6
EPHB6_PKc_E15_150.12	GCTGGTCAAAATGAGGCCGC	EPHB6
ERBB2_PKc_E18_75.5	GTGCTTGGATCTGGCGCTTT	ERBB2
ERBB2_PKc_E19_99.8	CTCAACACTTTGATGGCCAC	ERBB2
ERBB2_PKc_E20_186.2	GTCCGCGGTTTTCCCGGACA	ERBB2
ERBB2_PKc_E21_156.2	GGATGTGCGGCTCGTACACA	ERBB2
ERBB2_PKc_E22_76.9	GGTGAACCGCCGGCGGAGAA	ERBB2
ERBB2_PKc_E23_147.4	TTGGGGCCAAACCTTACGAT	ERBB2
ERBB3_PKc_E18_75.4	GTGCTTGGCTCGGGTGTCTT	ERBB3
ERBB3_PKc_E19_99.4	ATCTTGATTGATTCACCCTC	ERBB3
ERBB3_PKc_E20_186.13	TCATGTGAGACAACACCGGG	ERBB3
ERBB3_PKc_E21_156.15	TGACTTGAGTAGCACGTTTC	ERBB3
ERBB3_PKc_E22_76.7	TCAAGGGCCATCCACTTAAT	ERBB3
ERBB3_PKc_E23_147.5	GCCCTATGCAGGGCTACGAT	ERBB3
ERBB4_PKc_E17_54	AAGAGCCTTGAGAAGATTCT	ERBB4
ERBB4_PKc_E18_123.8	AATACGAAGTTGAGCTTGAT	ERBB4
ERBB4_PKc_E19_99.2	TAATGAGACAACTGGTCCCA	ERBB4
ERBB4_PKc_E20_186.2	TCCACACCTAGTCCGGTTGC	ERBB4
ERBB4_PKc_E21_156.2	ACGACTCGTTCATCGGGATT	ERBB4
ERBB4_PKc_E22_76.2	TCACCCATCAGAGTGACGTT	ERBB4
ERN1_PKc_E14_62	CTTCTGTCCCAAGGATGTCC	ERN1
ERN1_PKc_E15_190	CATGTTTGACAACCGCGACG	ERN1
ERN1_PKc_E16_100.1	GGACTTTGCGCATCTCGGCC	ERN1
ERN1_PKc_E17_200.6	CACAGTTTCAGCCGCCGATC	ERN1
ERN1_PKc_E18_148.14	GATGTTGGCCTGCCGCTGCA	ERN1
ERN1_PKc_E19_98.5	TTCGCTGAGGGGCGTTTCTG	ERN1
FASTK_PKc_E5_201.19	TGAAGGGCAGGCACCGCAGT	FASTK
FASTK_PKc_E5_201.31	CAGGTAGTTCAGTCGCCCAA	FASTK
FASTK_PKc_E6_143.1	CGGGCACGGTCGGTGATGAG	FASTK
FASTK_PKc_E6_143.9	GTACTTGCAGCGGGCACGGT	FASTK
FASTK_PKc_E7_92.8	GGGGGAGGAGAAATACCGCC	FASTK
FASTK_PKc_E8_41.2	CAGAGCTGCTGGCGCACAGC	FASTK
FER_PKc_E14_27	GTCATATTGGGAGAATTACT	FER
FER_PKc_E15_116.2	AGTATATAAGGGCACATTAA	FER
FER_PKc_E16_95.3	AGTTCCATAATGATGTAGAC	FER
FER_PKc_E17_124.2	TTTTCATTAGACGCTGCTGC	FER
FER_PKc_E18_155.1	TCCGGTGCTGTCCATTTAAT	FER
FER_PKc_E19_123.7	TTAGGGGTTTGTCCGTACCC	FER
FES_PKc_E13_27	CTGGTGTTGGGTGAGCAGAT	FES
FES_PKc_E14_119.13	CCAGGGTGTTGTCGGCTCGC	FES
FES_PKc_E15_95.7	ACCAATGAGACGCACGATGT	FES
FES_PKc_E16_124.2	CTGACCTTCCTCCGCACGGA	FES
FES_PKc_E17_158.5	TGTCCCGAGAGGAAGCCGAT	FES
FES_PKc_E18_123.23	GCTCCACACGTCGCTTTCGG	FES
FGFR1_PKc_E10_41	AGCTTCCCGAAGACCCTCGC	FGFR1
FGFR1_PKc_E11_122.18	GCCACTTTGGTCACACGGTT	FGFR1
FGFR1_PKc_E12_111.7	CCTGCTGGGGGCCTGCACGC	FGFR1
FGFR1_PKc_E13_191.13	CCTGGTGTCCTGCGCCTACC	FGFR1
FGFR1_PKc_E14_123.7	TGTGGTGAATGTCCCGTGCG	FGFR1
FGFR1_PKc_E15_71.2	CACCCGAGGCATTATTTGAC	FGFR1
FGFR2_PKc_E10_74.6	GTCCTCTGGAAGTTCATACT	FGFR2
FGFR2_PKc_E11_122.16	GCCACGGTGACCGCCTCCTT	FGFR2
FGFR2_PKc_E12_111.5	TCTTCTTGGAGCCTGCACAC	FGFR2
FGFR2_PKc_E13_191.1	TCCGAGAATACCTCCGAGCC	FGFR2
FGFR2_PKc_E14_123.2	GTCTATATTGTTGATATCTC	FGFR2
FGFR2_PKc_E15_71.1	GAGTGTATACTCTATCAAAC	FGFR2
FGFR3_PKc_E10_38.6	AGCTCCCATTTGGGGTCGGC	FGFR3
FGFR3_PKc_E11_122.16	ATCTTCACGGCTACGGTGAC	FGFR3
FGFR3_PKc_E12_111.1	TGACAAGGACCTGTCGGACC	FGFR3
FGFR3_PKc_E13_191.41	CGTACTCCACCAGCACGTAC	FGFR3
FGFR3_PKc_E14_123.8	AGTCGAGGTTGTGCACGTCC	FGFR3
FGFR3_PKc_E15_71.4	ACTCGGTCAAACAAGGCCTC	FGFR3
FGFR4_PKc_E10_38.3	CCCGGGGGAACTCCCATAGT	FGFR4
FGFR4_PKc_E11_122.18	AGGCCTCTGCACGTACTACC	FGFR4
FGFR4_PKc_E12_111.3	GGCCGACCTGGTCTCGGAGA	FGFR4
FGFR4_PKc_E13_191.1	ATCGTGGAGTGCGCCGCCAA	FGFR4
FGFR4_PKc_E14_123.9	GTCAATGTGGTGGACGCCGC	FGFR4
FGFR4_PKc_E15_71.5	TGTGTACACCCGGTCAAACA	FGFR4
FGR_PKc_E10_77.7	GGGCTGCCATGTCCACCAAT	FGR
FGR_PKc_E11_154.11	TGGCTTGGCGCGTCTCATCA	FGR
FGR_PKc_E12_132.2	TCACCATCAAGTCAGACGTG	FGR
FGR_PKc_E13_161.22	CTGTTCCATGGCCTCGTACA	FGR
FGR_PKc_E8_52	ATCACGCTGGAGCGCCGGCT	FGR
FGR_PKc_E9_180.14	GCTGTACGCCGTGGTGTCGG	FGR
FLT1_PKc_E17_34	TGCCCGGGAGAGACTTAAAC	FLT1
FLT1_PKc_E18_105.4	ATCACCTACGTGCCGGACTG	FLT1
FLT1_PKc_E19_114.1	CATCAGAGCTTTGTACTCGC	FLT1
FLT1_PKc_E20_89.2	ACGTTTGCTCTTGAGGTAGT	FLT1
FLT1_PKc_E21_157.4	AGCGAAAGCTTTGCGAGCTC	FLT1
FLT1_PKc_E22_98	CTACAAGGAGCCCATCACTA	FLT1
FLT3_PKc_E14_124.1	CTACAGATGGTACAGGTGAC	FLT3
FLT3_PKc_E15_105.1	GTGATGAACGCAACAGCTTA	FLT3
FLT3_PKc_E16_111.8	GCAGGTTCACAATATTCTCG	FLT3
FLT3_PKc_E17_154.5	TTTGGATGTGATTGGAAAGT	FLT3
FLT3_PKc_E18_83.1	AGTTCAGATACACCCGGACT	FLT3
FLT3_PKc_E19_128.4	TTTGCATATCAAGTTGCCAA	FLT3
FLT4_PKc_E17_34	AGTGGGAATTCCCCCGAGAG	FLT4
FLT4_PKc_E18_105	GTGCTCGGCTACGGCGCCTT	FLT4
FLT4_PKc_E19_114.12	TGAGCTCCGACATCAGCGCG	FLT4
FLT4_PKc_E20_89.4	AGGCGTCCCGCTTGGCGCGC	FLT4
FLT4_PKc_E21_151.21	TCTTCGAGAACCGCGCGAAG	FLT4
FLT4_PKc_E22_95	GTGGCTGAGCCCGCTGACCA	FLT4
FRK_PKc_E4_127.1	ATACAGCTTCTGAAGCGATT	FRK
FRK_PKc_E4_127.4	CTGGTCAGTTTGGCGAAGTA	FRK
FRK_PKc_E5_159.6	GCATAAAGCTGGATAAGCTT	FRK
FRK_PKc_E6_182.11	AGATATTATGTTCACCAACG	FRK
FRK_PKc_E7_166.2	TCAGCATTAAGTCCGATGTA	FRK
FRK_PKc_E8_176.6	TCAAATGTAGGTCGTTCCTT	FRK
FYN_PKc_E10_180.5	ATACTCGGTGACGATGTAGA	FYN
FYN_PKc_E11_77.4	GCTGCCATGTCCACAAGATT	FYN
FYN_PKc_E12_154.5	CAAGATTGCTGACTTCGGAT	FYN
FYN_PKc_E13_132.11	TGATTGTGAACCTCCCGTAC	FYN
FYN_PKc_E14_197.11	TCGCGGTAAAGTAGTCTTCC	FYN
FYN_PKc_E9_82.12	TCAACTGCAGGGATTCTCGA	FYN
GAK_PKc_E1_31	GCTGCGGGTGCGGCGGGTCC	GAK
GAK_PKc_E2_62.2	TGTATGAAGCTCAAGATGTG	GAK
GAK_PKc_E3_60	GAAGCAAACTTCTTGAATGA	GAK
GAK_PKc_E4_115.1	AAAACTGGACAATGTTCGGG	GAK
GAK_PKc_E5_143.15	AGAACCGTGTCGCACGAAAG	GAK
GAK_PKc_E6_126.13	AGGGTAGTGCGAGATGGTCG	GAK
GCK_PKc_E2_163.12	TTCTGGGGTGGAGCGCACGT	GCK
GCK_PKc_E3_155.17	ATCCCCGAGGACGCCATGAC	GCK
GCK_PKc_E4_120.4	TCGATGTCTTCGTGCCTCAC	GCK
GCK_PKc_E5_96.1	CGAGACGCTATCAAACGGAG	GCK
GCK_PKc_E6_100.5	GTGCGAGGTCGGCATGATCG	GCK
GCK_PKc_E7_184.12	CATGTGCGTCAATACCGAGT	GCK
GRK4_PKc_E10_38	TCATCAAGGAGAATATTCTC	GRK4
GRK4_PKc_E11_90.8	AGTTGGAACAGTCGGCTACA	GRK4
GRK4_PKc_E12_209.1	ATACGTTTAGTCCCGATTGG	GRK4
GRK4_PKc_E7_45.3	GTTCTAGGAAAAGGCGGATT	GRK4
GRK4_PKc_E8_141.7	TCCTGTGGCTCGCACTTGAC	GRK4
GRK4_PKc_E9_191.15	CATCAAAGCCGGGATTGCCC	GRK4
GRK5_PKc_E10_38	TCATCTAACAGGATGTTTTC	GRK5
GRK5_PKc_E11_90.14	TGCCCACCCGGCCGCGGATC	GRK5
GRK5_PKc_E12_209.8	GAGGGCCAGTCGCCGTTCCG	GRK5
GRK5_PKc_E7_51	TTCAGGCAGTATCGAGTGCT	GRK5
GRK5_PKc_E8_141.16	TTTTACCCGTGGCCCGAACC	GRK5
GRK5_PKc_E9_191	GGCCTATGCCTACGAGACCA	GRK5
GRK6_PKc_E10_38	GAAGCCCGAGAACATCTTGC	GRK6
GRK6_PKc_E11_90.3	CTAGCTGTGCATGTGCCCGA	GRK6
GRK6_PKc_E12_209.29	GGCCTGCGATCATCTCGTAC	GRK6
GRK6_PKc_E7_45	CTTCAGGCAATACCGAGTCC	GRK6
GRK6_PKc_E8_141.5	GCGGATCAAGAAGCGGAAAG	GRK6
GRK6_PKc_E9_191.22	GTAGAAGACGGCCCGCGCTT	GRK6
GSG2_PKc_E1_1371.11	GGTTGAATTATAGTGATCCC	GSG2
GSG2_PKc_E1_1371.119	TGCACACTTCACCGGATAAG	GSG2
GSG2_PKc_E1_1371.166	TTGGCCCTTTTTAAAGCGGT	GSG2
GSG2_PKc_E1_1371.55	GAGCACCGAGACTTACACTG	GSG2
GSG2_PKc_E1_1371.87	AGTCACCGTCACCGGTAAAC	GSG2
GSG2_PKc_E1_1371.9	ATCCCGTTCCAAGCGCGACA	GSG2
GSK3A_PKc_E2_132.5	CTCATTTGGGGTCGTGTACC	GSK3A
GSK3A_PKc_E3_84	GCTGCAGATCATGCGTAAGC	GSK3A
GSK3A_PKc_E4_111.4	GCCCGAGACAGTGTACCGGG	GSK3A
GSK3A_PKc_E5_131.14	TGTCGCGGTGACACACGCCC	GSK3A
GSK3A_PKc_E6_107.2	CATCTGTTCTCGCTACTACC	GSK3A
GSK3A_PKc_E7_98.2	GTACTGGCAGAGCTCCTCTT	GSK3A
GSK3B_PKc_E2_132.6	CGCCATCAAGAAAGTATTGC	GSK3B
GSK3B_PKc_E3_84.2	GATCTAGCTTTCTCATGATC	GSK3B
GSK3B_PKc_E4_111.3	AATCACAGGGAGCGTCTGTT	GSK3B
GSK3B_PKc_E5_131.8	TCTGCGGTTTAATATCCCGA	GSK3B
GSK3B_PKc_E6_107.2	TATCTGTTCTCGGTACTATA	GSK3B
GSK3B_PKc_E7_98.9	CCACTATCCCCTGGAAATAT	GSK3B
GUCY2D_PKc_E10_157.1	GTATCTGCACCATCGAGGCG	GUCY2D
GUCY2D_PKc_E11_150.8	GGCCGGCGACGTCTTTAGCT	GUCY2D
GUCY2D_PKc_E12_149.8	GCCGGAACTTCGGCCCTCCA	GUCY2D
GUCY2D_PKc_E7_63.1	CACTTGGACAGCCCCAACAT	GUCY2D
GUCY2D_PKc_E8_81.5	AGAAGGCCGTCTTGGTTGCT	GUCY2D
GUCY2D_PKc_E9_207.18	GTCTCAGAGCACTGCACGCG	GUCY2D
GUCY2F_PKc_E10_157.3	GCTAAAGTCTCGAAACTGTG	GUCY2F
GUCY2F_PKc_E11_150.7	ATGCAAGAAGTGATGGTCCG	GUCY2F
GUCY2F_PKc_E12_149.12	GGAACTACTGGTCTGTACAC	GUCY2F
GUCY2F_PKc_E7_69	CGCTATGTTGGAGTTTTCAT	GUCY2F
GUCY2F_PKc_E8_90	TGGCTGAAAAAGTTCTCCCT	GUCY2F
GUCY2F_PKc_E9_177.5	GTGACAGAATTCTGTTCCCG	GUCY2F
HCK_PKc_E10_77.2	GCTGAGAAGTCAATGAGTTT	HCK
HCK_PKc_E11_154.1	GGACAACGAGTACACGGCTC	HCK
HCK_PKc_E12_132.7	TGGGTAAGGGATCCGGCCGT	HCK
HCK_PKc_E13_194.6	CTGCTGGAAAAACCGTCCGG	HCK
HCK_PKc_E8_76.11	TCCAGCTTGAGGGATTCCCG	HCK
HCK_PKc_E9_180.11	GCTGGTCAAACTTCATGCGG	HCK
HIPK1_PKc_E2_557.19	TCGCCAGCCCTACCGAGTGA	HIPK1
HIPK1_PKc_E2_557.27	ACTCGGTAGGGCTGGCGAAC	HIPK1
HIPK1_PKc_E3_124.1	AGCTATTGATATGTGGTCAC	HIPK1
HIPK1_PKc_E4_120.6	CTAATTTGGGGTACCCACTG	HIPK1
HIPK1_PKc_E5_87.3	GTCTCCAGTTCATGTTCTTC	HIPK1
HIPK1_PKc_E6_177.4	TGTGACAATGACTCACCTTT	HIPK1
HIPK2_PKc_E2_557.17	CCGATGACTATAACTTCGTC	HIPK2
HIPK2_PKc_E2_557.57	CGGCACTCTCCGTGCTCAAC	HIPK2
HIPK2_PKc_E3_124.7	CTGGGTTGGCCGTTATATCC	HIPK2
HIPK2_PKc_E4_120.8	GATATGGTGAGTCCGTGTCA	HIPK2
HIPK2_PKc_E5_87.4	GTCTCTGCTTCATGGTCATC	HIPK2
HIPK2_PKc_E6_177.13	GGATGGTTCAGGGTTTCGAT	HIPK2
HIPK3_PKc_E2_512.3__sequence_1	GCCGAATCACTTTTAGTGGC	HIPK3
HIPK3_PKc_E2_512.3__sequence_2	TGGTCGAGGCACGTTTGGCC	HIPK3
HIPK3_PKc_E3_124.5	CTTGGATGGCCGCTCTACCC	HIPK3
HIPK3_PKc_E4_120.1	TCTCAGACTCAAGGTTTGCC	HIPK3
HIPK3_PKc_E5_87.1	AAAATACATTTTCAACAGTC	HIPK3
HIPK3_PKc_E6_147.2	GGATGGTTCAGGGTCTCAGC	HIPK3
HIPK4_PKc_E1_435.51	GCGCGAAGTTGTTCTCCTTC	HIPK4
HIPK4_PKc_E1_435.67	TGCGGTAGGCGTCATTCTTG	HIPK4
HIPK4_PKc_E2_357.17	CGGCAACAACGAGTACGACC	HIPK4
HIPK4_PKc_E2_357.2	ACATCCAGTCGCGCTTCTAC	HIPK4
HIPK4_PKc_E3_219.24	GTCAGGGAAGGTTAGCCGAC	HIPK4
HIPK4_PKc_E3_219.28	TATACTTGCGGCGCTCCAAT	HIPK4
HUNK_PKc_E1_90	GCAACTACCTCATCGGCAGC	HUNK
HUNK_PKc_E1_90.6	CTCCTTTGCCAAGGTGCGCG	HUNK
HUNK_PKc_E2_293.25	TCGGATGTATCTGCGGGCTT	HUNK
HUNK_PKc_E4_136.17	TGAACGGATCCGAGTAACCC	HUNK
HUNK_PKc_E5_128.3	CGGGACGCTGCCTTTCACGG	HUNK
HUNK_PKc_E6_86.5	AGCAGGCACTGGCGAATCGC	HUNK
ICK_PKc_E3_92.5	AACCTACGGTTCCGTCCTGC	ICK
ICK_PKc_E4_55.5	GGAATGCATGAACCTTCGGG	ICK
ICK_PKc_E5_122.2	TTTTATCTTCGAGTACATGA	ICK
ICK_PKc_E6_80.2	ATATTCCTTATAGCAGACTC	ICK
ICK_PKc_E7_133.9	CAAGTTCTGGTCCCATGCAG	ICK
ICK_PKc_E8_172.2	CCCACCGCCCAGACGTCAAT	ICK
IGF1R_PKc_E16_213.16	AGGCCGCAAGCATGCGTGAG	IGF1R
IGF1R_PKc_E17_111.7	AAAGTTATCTCCGGTCTCTG	IGF1R
IGF1R_PKc_E18_160.13	GGACGAACTTATTGGCGTTG	IGF1R
IGF1R_PKc_E19_130.1	GAGACAGACTATTACCGGAA	IGF1R
IGF1R_PKc_E20_135.11	CGCCCTCCATGACGAAGCGA	IGF1R
IGF1R_PKc_E21_82	TTGAACTGATGCGCATGTGC	IGF1R
IKBKB_PKc_E2_63.1	GGGAAATGAAAGAGCGCCTT	IKBKB
IKBKB_PKc_E3_95.11	ACCACCGCTCTCGGTTCCGG	IKBKB
IKBKB_PKc_E4_118.23	CTCGGGCAGCCACCACATTG	IKBKB
IKBKB_PKc_E5_70.3	AACTGCTGTGGTCTGCGGGA	IKBKB
IKBKB_PKc_E6_89.7	ATGAAGGTATCTAAGCGCAG	IKBKB
IKBKB_PKc_E7_90.7	GTCTTTGCACATCATTCGTG	IKBKB
IKBKE_PKc_E3_63.7	GTTGCGGGCCTTGTACACAC	IKBKE
IKBKE_PKc_E4_141.9	CATTGTCAAGCTCTTTGCGG	IKBKE
IKBKE_PKc_E5_130.2	GTGATGGAGTACTGCTCCAG	IKBKE
IKBKE_PKc_E6_182.18	GAGAAGTTCGTCTCGGTCTA	IKBKE
IKBKE_PKc_E7_161.24	TCACCCCGAACGCTTTTTGC	IKBKE
IKBKE_PKc_E8_111.2	TCACCACGGAGAAGCCGGCT	IKBKE
ILK_PKc_E10_122.7	CGGCTATTGAGTGCATGTCG	ILK
ILK_PKc_E11_100	CATGACTGCCCGAATTAGCA	ILK
ILK_PKc_E12_131.6	GTGGGAACTGGTGACACGGG	ILK
ILK_PKc_E13_138.3	TCAAATTTGGGTCGCTTTGC	ILK
ILK_PKc_E8_110.1	GGGCAATGACATTGTCGTGA	ILK
ILK_PKc_E9_128.2	ATCACACACTGGATGCCGTA	ILK
INSR_PKc_E17_213.25	CTCAATCCGCTCTCGGAGAC	INSR
INSR_PKc_E18_111.11	GAGAACGGAGGTAGCTCTTC	INSR
INSR_PKc_E19_160.7	GAAGTTTGTGCATCGGGACC	INSR
INSR_PKc_E20_130.4	AACGGATTACTACCGGAAAG	INSR
INSR_PKc_E21_135.15	TTCCCAAAGGACCACGCCAA	INSR
INSR_PKc_E22_115.16	ATTGCCAGCACATGCGCATG	INSR
INSRR_PKc_E17_213	GGGAGCAGATCTCGATAATC	INSRR
INSRR_PKc_E18_111.8	TCTTCGATCTTTGCGGCCTG	INSRR
INSRR_PKc_E19_160.12	GGACTTCACCGTCAAGATCG	INSRR
INSRR_PKc_E20_130.3	CAGACTATTACCGCAAGGGT	INSRR
INSRR_PKc_E21_135.9	GAAGTTCGTCATGGATGGCG	INSRR
INSRR_PKc_E22_82.7	TGAAAGATGGGCGCAGGCGT	INSRR
IRAK1_PKc_E10_66.4	CTGTGAAGACGCACGGTGCC	IRAK1
IRAK1_PKc_E5_81.5	GCGTGTACCGGGCGGTGATG	IRAK1
IRAK1_PKc_E6_65.2	ACAGCTGCTCCACCTCGGTC	IRAK1
IRAK1_PKc_E7_115.13	TGGGCAGGAAGCCGTACACC	IRAK1
IRAK1_PKc_E8_119.2	TCAGCGACTGGACATCCTTC	IRAK1
IRAK1_PKc_E9_208.4	ACCCGGCAAAGCGGCTGAAC	IRAK1
IRAK2_PKc_E10_63.2	AATGGATAACAACCGAAGCC	IRAK2
IRAK2_PKc_E5_78	ACCTTTGCTGACGTCTACAG	IRAK2
IRAK2_PKc_E6_65.2	AAGAATCTTTCGATTGATCC	IRAK2
IRAK2_PKc_E7_115.4	CATGGCAAATGGTTCCCTAC	IRAK2
IRAK2_PKc_E8_110.3	TGTGCCGTCGAGTACCTGCA	IRAK2
IRAK2_PKc_E9_196.14	GCAGATACGCGGCTGACGTC	IRAK2
IRAK3_PKc_E10_63	GTAATAATGGAAGTTCTAAC	IRAK3
IRAK3_PKc_E5_96.6	CTCCAATTAGGAAGTCTTTG	IRAK3
IRAK3_PKc_E6_65	AAATGCAGTGTAAGAAGCAT	IRAK3
IRAK3_PKc_E7_115.3	GCAGCCAACTCTAGTATGTT	IRAK3
IRAK3_PKc_E8_119.1	CTCCCTTGGCACATTCGAAT	IRAK3
IRAK3_PKc_E9_199.15	GTGGGACCGGAAGTGTGCCA	IRAK3
IRAK4_PKc_E10_184.6	ATGGCACCAGAAGCTTTGCG	IRAK4
IRAK4_PKc_E11_63.2	TCACGGTGTTCATCCACAGC	IRAK4
IRAK4_PKc_E6_144	GATGAACGACCCATTTCTGT	IRAK4
IRAK4_PKc_E7_65	TGATCAAGAAATAAAAGTAA	IRAK4
IRAK4_PKc_E8_115.3	CTGTCTAGCAATGAACCATT	IRAK4
IRAK4_PKc_E9_110	ATGGTACTCCACCACTTTCT	IRAK4
ITK_PKc_E12_161.14	GCTATCAAAACCATTCGGGA	ITK
ITK_PKc_E13_217.11	GATTATCTACGCACCCAGCG	ITK
ITK_PKc_E14_65	GCTGCCAGAAATTGTTTGGT	ITK
ITK_PKc_E15_119.5	ATAGCAGCAAGTCCGATGTG	ITK
ITK_PKc_E16_158.15	GGGCTTGTACAACCGAAATC	ITK
ITK_PKc_E17_48.4	GAGAAGGCTGGCCGATCTTC	ITK
JAK1_PKc_E13_144.11	CGTCATCCTTGTAATCCATC	JAK1
JAK1_PKc_E13_144.4	ATGGATTACAAGGATGACGA	JAK1
JAK1_PKc_E14_88.2	TGGCGTCTGTGTCCGCGACG	JAK1
JAK1_PKc_E15_128.13	TGGTAAGGACATCGCTTTTC	JAK1
JAK1_PKc_E16_136.9	TGCCTAGACAGCACCGTAAT	JAK1
JAK1_PKc_E17_152.6	GAGCTTTGGAACCACGCTCT	JAK1
JAK1_PKc2_E19_95.2	CCTAAAGAGGATCCGTGACT	JAK1
JAK1_PKc2_E20_193.4	GACCCCGAAGGGGACAATAC	JAK1
JAK1_PKc2_E21_125.7	TATTCCTTAAGGCTTCCCGA	JAK1
JAK1_PKc2_E22_173.3	GCAATACGTTCACCGGGACT	JAK1
JAK1_PKc2_E23_118	TTTATATTGCCTCTGACGTC	JAK1
JAK1_PKc2_E24_111.9	GGGTTGGGCCTATCATTTTC	JAK1
JAK2_PKc_E13_135.1	AAAGGCGTACGAAGAGAAGT	JAK2
JAK2_PKc_E14_88	CAAGCTTTCTCACAAGCATT	JAK2
JAK2_PKc_E15_128.4	AGTTGCTAAACAGTTGGCAT	JAK2
JAK2_PKc_E16_139.4	TTCATCAAACTTAGTGATCC	JAK2
JAK2_PKc_E17_152.15	ATGCATTCAGGTGGTACCCA	JAK2
JAK2_PKc_E18_151.5	ACTGTTAAGATCTCGTATGA	JAK2
JAK2_PKc2_E19_137.11	TGTAGGATCCCGGTCTTCAA	JAK2
JAK2_PKc2_E20_190.1	GTGCCGGTATGACCCTCTAC	JAK2
JAK2_PKc2_E21_125.3	TAGTCTCGTAAACTTCCATA	JAK2
JAK2_PKc2_E22_173.5	GGCAACGAGAAATATATTGG	JAK2
JAK2_PKc2_E23_118.2	GCCTCAGATGTTTGGAGCTT	JAK2
JAK2_PKc2_E24_114.2	GGAAGATTACCAAGACCAGA	JAK2
JAK3_PKc_E12_132.19	GCGACAGCCCCGGTAAATCT	JAK3
JAK3_PKc_E13_85.6	CGAGATGCCGGTACGACACT	JAK3
JAK3_PKc_E14_128.4	GACATGTATCTGCGAAAACG	JAK3
JAK3_PKc_E15_133.15	CAGCCCCGCTGTGTTAAGCC	JAK3
JAK3_PKc_E16_152.11	CAAGTGGGGCTTCGGCGCCA	JAK3
JAK3_PKc_E17_151.1	GTCACGAATGACGGCTCGGA	JAK3
JAK3_PKc2_E18_140.11	TGTCTCTCCTCGAAGATCGT	JAK3
JAK3_PKc2_E19_190.1	GACCCGCTAGGCGACAATAC	JAK3
JAK3_PKc2_E20_125.11	AAGTCGCGCAAGCAGCCGCT	JAK3
JAK3_PKc2_E21_173.5	TACTACGTGGTCCGCGAGCC	JAK3
JAK3_PKc2_E22_118.14	GTTGTCCGAGAGGGATTCGG	JAK3
JAK3_PKc2_E23_111.18	GCTCACATCCCATCATCCGC	JAK3
KALRN_PKc_E57_26	TACACTGAGCTGAATGAAAT	KALRN
KALRN_PKc_E58_201	CAAAGCTACCCGCAAAGATG	KALRN
KALRN_PKc_E58_201.9	TGGGGGACTCATAGGTGTCA	KALRN
KALRN_PKc_E59_139.1	TCATAAGGTAGTCTAAGAGC	KALRN
KALRN_PKc_E60_399.58	CTCGAGGCACTGGAATCCGT	KALRN
KDR_PKc_E17_34.1	CTAGCTTCAGCCGGTCTCTG	KDR
KDR_PKc_E18_105.7	CCAAAGGCACCACGGCCAAG	KDR
KDR_PKc_E19_114.3	CTAGGTGCCTGTACCAAGCC	KDR
KDR_PKc_E20_89.4	TGCTCCTCAGGTAAGTGGAC	KDR
KDR_PKc_E21_154.5	TGTGGATCTGAAACGGCGCT	KDR
KDR_PKc_E22_98	GTATAAGGACTTCCTGACCT	KDR
KIAA1804_PKc_E1_436.31	CGGAGCGCTCAACCGAGCGC	KIAA1804
KIAA1804_PKc_E1_436.71	CTCGGTTGAGCGCTCCGCCG	KIAA1804
KIAA1804_PKc_E2_181.12	TTTCTAAGGGAAGCGACATC	KIAA1804
KIAA1804_PKc_E2_181.17	GGAAGACTTGATCACTTCGG	KIAA1804
KIAA1804_PKc_E3_149.3	ACCGGAGAAGTCCCCTATCG	KIAA1804
KIAA1804_PKc_E4_68.2	GCAAACGATGGACGAATATG	KIAA1804
KIT_PKc_E11_118.5	AACTCCCATTTGTGATCATA	KIT
KIT_PKc_E12_105.6	CATCTTTACAGCGACAGTCA	KIT
KIT_PKc_E13_111.6	TGTGATTACCAAGGTAACTC	KIT
KIT_PKc_E14_151.6	TATTCTGTAATGACCAGGGT	KIT
KIT_PKc_E15_92.5	AGATCTCCTTTTGTCGGCCT	KIT
KIT_PKc_E16_128	AGATGTGACTCCCGCCATCA	KIT
KSR1_PKc_E16_227.2	TGATGAACTACCGGCAGACG	KSR1
KSR1_PKc_E17_97	GGACGTTGCACTCGTTTGTG	KSR1
KSR1_PKc_E18_134.12	ATCTCAGGCGTGGTCCGAGA	KSR1
KSR1_PKc_E19_132.13	GTCATCTCGCGTACAATCTC	KSR1
KSR1_PKc_E20_136.7	CATCTGGCAGATTGGAAGCG	KSR1
KSR1_PKc_E21_111.4	AACTTCCCAAGCTGAACCGG	KSR1
KSR2_PKc_E14_227.6	GGCAAGTGTACCACGGCCGC	KSR2
KSR2_PKc_E15_97.1	GACGCTCTATTCCGTTGTGA	KSR2
KSR2_PKc_E16_134.1	ATGGGCTACCTCCACGCCAA	KSR2
KSR2_PKc_E17_132.13	CTTATCCTCCTCTGTGTCGG	KSR2
KSR2_PKc_E18_130	TCTGGTATGAACTCCACGCC	KSR2
KSR2_PKc_E19_90.3	CATGTCCATGAGCTTGGTGA	KSR2
LATS1_PKc_E5_487.26	TAGAATCGTGCCAGACTTTC	LATS1
LATS1_PKc_E5_487.28	AGGCTCATCATATCACCCCC	LATS1
LATS1_PKc_E6_183.19	CCATGCTATCTTGCCGTGGA	LATS1
LATS1_PKc_E6_183.6	GATCCCTCAAGCTGTCGATG	LATS1
LATS1_PKc_E7_107.6	GGTGGGACAACCTCCTTTCT	LATS1
LATS1_PKc_E8_369.2	CTAAGCGATCTTCGGGTCCT	LATS1
LATS2_PKc_E5_487.64	GGGCCACCTGATTCCGGTTC	LATS2
LATS2_PKc_E5_487.68	TTAGGGTCTTCATGGCGTAC	LATS2
LATS2_PKc_E6_183.17	TCCAAACTACATCGCACCCG	LATS2
LATS2_PKc_E6_183.4	GATGTGTCTAACTGTCGGTG	LATS2
LATS2_PKc_E7_107.3	AGTGATTCTCTTCGAGATGC	LATS2
LATS2_PKc_E8_366.32	ATCTACGGGGTCGAAATTCG	LATS2
LCK_PKc_E10_77.5	TGGTCAACTTGATGCCTGAA	LCK
LCK_PKc_E11_154.1	TGTCCTCAATGAGGCGTGCT	LCK
LCK_PKc_E12_132.1	GGGTGACAATTTCCGTCAGC	LCK
LCK_PKc_E13_173.24	CCATGCGGTAGCCTCGCTCC	LCK
LCK_PKc_E8_76.1	GCTGGGGGCTGGACAGTTCG	LCK
LCK_PKc_E9_180.18	CGTAGAGCCGAACCAGCCGC	LCK
LIMK1_PKc_E10_132.9	CATCAAGGGCGGCACGCTCC	LIMK1
LIMK1_PKc_E11_60.2	TTGCCAAGGACATCGCATCA	LIMK1
LIMK1_PKc_E12_66.1	CTCGCGGACCAGGCAGTTGT	LIMK1
LIMK1_PKc_E13_157.8	CCGCAAGAAGCGCTACACCG	LIMK1
LIMK1_PKc_E8_42.1	GGGCAAGGGCTGCTTCGGCC	LIMK1
LIMK1_PKc_E9_87.4	GGAGCTGATCCGGTTCGACG	LIMK1
LIMK2_PKc_E10_57.4	CATTCCGGAGGCGATTCCTT	LIMK2
LIMK2_PKc_E11_66.3	TGTGCGAGTTCAGATCCCGG	LIMK2
LIMK2_PKc_E12_175.19	CTTGCGGTCGTTCTTGCGCA	LIMK2
LIMK2_PKc_E13_56	AAAGAGCTATGATGAGACGG	LIMK2
LIMK2_PKc_E8_87.3	CATGACCATCACTTTGCCCG	LIMK2
LIMK2_PKc_E9_132.8	CCCCCTCAATGTACTCTGTC	LIMK2
LMTK2_PKc_E4_42.3	GAAATTGGAAATGGCTGGTT	LMTK2
LMTK2_PKc_E5_119.2	CGTAGCAAGAGTCATCGTGA	LMTK2
LMTK2_PKc_E6_88.1	AGAAGCGATTCCCTACCTCC	LMTK2
LMTK2_PKc_E7_134.1	ATGGCGTGCGAGGTCGCCGC	LMTK2
LMTK2_PKc_E8_85.7	AGGTGAGAAAACAATTCCGC	LMTK2
LMTK2_PKc_E9_122.4	CTGGAGCAGTCCATCGCAGA	LMTK2
LMTK3_PKc_E10_122.12	AGATGTTGCTCTCGCGGCTC	LMTK3
LMTK3_PKc_E5_42.1	TGAGCTACCTGCAGGAGATT	LMTK3
LMTK3_PKc_E6_119.1	GATGAACTTGCGTTGCTCCA	LMTK3
LMTK3_PKc_E7_88.3	GCTGCCGTTTCTGCTGATTA	LMTK3
LMTK3_PKc_E8_149.33	GGGCTCGGAGGTAACGCTTC	LMTK3
LMTK3_PKc_E9_85.4	CCCGTAGTCTCCGATGCGCA	LMTK3
LRRK1_PKc_E25_124.17	GTACCGGGCCCGGTAGATGA	LRRK1
LRRK1_PKc_E25_124.6	ATCTACCGGGCCCGGTACCA	LRRK1
LRRK1_PKc_E26_198.6	CCCTGCATCGTGGCGCTCAT	LRRK1
LRRK1_PKc_E27_278.2	CTACCAGATCGCCTCGGGCC	LRRK1
LRRK1_PKc_E28_195.13	AGTGCAGTTCCGGCGACTGC	LRRK1
LRRK1_PKc_E29_48.1	TCATCTGGCTCACCACCGAC	LRRK1
LRRK2_PKc_E39_101	GTTTACCGAGCAGCCTATGA	LRRK2
LRRK2_PKc_E39_101.2	TTAATAAACATACATCACTC	LRRK2
LRRK2_PKc_E40_191.4	TGGGATTCGTCCCCGGATGT	LRRK2
LRRK2_PKc_E41_161.2	GCTCAGTACTGCTGTAGAAT	LRRK2
LRRK2_PKc_E42_171	CGTGCACCTGAAGTTGCCAG	LRRK2
LRRK2_PKc_E43_101	AAGAATATGGTTGTGCCCCA	LRRK2
LTK_PKc_E11_35	CTGAGCAGAGTAACATTGGC	LTK
LTK_PKc_E12_91.7	GTGTATGAGGGACTGGTAAT	LTK
LTK_PKc_E13_65	GCCAGAACTCTGCTCGCCTC	LTK
LTK_PKc_E14_130.1	TCAGAACATTGTGCGGTGTG	LTK
LTK_PKc_E15_98.15	AGCAGGTCCCGCATGACCAG	LTK
LTK_PKc_E16_93.11	CCAATCTTGGCCACTCGGCT	LTK
LYN_PKc_E10_77	GATTTCCTGAAGAGCGATGA	LYN
LYN_PKc_E11_154	AGGGAATGGCATACATCGAG	LYN
LYN_PKc_E12_132.9	AGGTGACAATTTCGTATAGG	LYN
LYN_PKc_E13_194.6	TGACTACTTACAGAGCGTCC	LYN
LYN_PKc_E8_76.13	ACCAACTTGATGGACTCCCG	LYN
LYN_PKc_E9_183.5	GCTCGTGAGGCTCTACGCTG	LYN
MAK_PKc_E2_92.4	CAGTTGGGGGACGGCACGTA	MAK
MAK_PKc_E3_55.1	GAAGAGAAAGTTCTATTCTT	MAK
MAK_PKc_E4_122	TGTCTTTCATTAATTGATAG	MAK
MAK_PKc_E5_80.2	GTATCAAATATTGCAAGGGC	MAK
MAK_PKc_E6_133.7	CCCATACAAAGCAAGTTTTC	MAK
MAK_PKc_E7_172.11	TCATCGACCTCACTTGTCCC	MAK
MAP2K1_PKc_E10_46.2	TCAAATCTGCTCTCTCTGCG	MAP2K1
MAP2K1_PKc_E2_108.8	CAATGGCGGTGTGGTGTTCA	MAP2K1
MAP2K1_PKc_E3_147.13	ATGATCTGGTTCCGGATTGC	MAP2K1
MAP2K1_PKc_E6_125.2	CATCCTAGTCAACTCCCGTG	MAP2K1
MAP2K1_PKc_E7_202.7	CTCTGGTAGAGATGGCGGTT	MAP2K1
MAP2K1_PKc_E8_65	AATGGACAGCCGACCTCCCA	MAP2K1
MAP2K2_PKc_E2_108.5	TCAGAGCTGGGCGCGGGCAA	MAP2K2
MAP2K2_PKc_E3_147.4	TGCAACTCGCCGTACATCGT	MAP2K2
MAP2K2_PKc_E4_78.8	GATCTCCTCGGGAATCCTCT	MAP2K2
MAP2K2_PKc_E7_214.15	TTTGGCCGGCCCGTGGTCGA	MAP2K2
MAP2K2_PKc_E8_65	GATGGATAGCCGGCCTGCCA	MAP2K2
MAP2K2_PKc_E9_62	CCACCTCCTAAGCTGCCCAA	MAP2K2
MAP2K3_PKc_E4_96.12	GGCCATGATGGTGCCGCTCT	MAP2K3
MAP2K3_PKc_E5_120.9	CCGTGCGCATGTTGATGTCC	MAP2K3
MAP2K3_PKc_E6_117.3	CTTGGACAAGTTCTACCGGA	MAP2K3
MAP2K3_PKc_E7_52	GCATCTGCACAGCAAGCTGT	MAP2K3
MAP2K3_PKc_E8_128.12	GCAGCCGGCATCCATCGTCT	MAP2K3
MAP2K3_PKc_E9_78.2	ACAATGTCAAGTCCGACGTC	MAP2K3
MAP2K4_PKc_E3_111.2	GACCTTGGAGAAATTGGACG	MAP2K4
MAP2K4_PKc_E4_120.2	TGGATTTGGATGTAGTAATG	MAP2K4
MAP2K4_PKc_E5_120.2	TTTGTAAAACTTATCAAACG	MAP2K4
MAP2K4_PKc_E6_52	TTTTCAAGTTTTCTTTTAAG	MAP2K4
MAP2K4_PKc_E7_128.3	CTCTGTGACTTCGGCATCAG	MAP2K4
MAP2K4_PKc_E8_78	GACCCAAGCGCATCACGACA	MAP2K4
MAP2K5_PKc_E10_69	CATACTACTAGATATTACAC	MAP2K5
MAP2K5_PKc_E11_82	TGCGATTCATCATATATCAT	MAP2K5
MAP2K5_PKc_E12_62	GGGGATCTTTGGATGTATAT	MAP2K5
MAP2K5_PKc_E13_49	TTAAAGGCCTTACTTATTTG	MAP2K5
MAP2K5_PKc_E8_56	ATACGATATCGGGACACTCT	MAP2K5
MAP2K5_PKc_E9_40.1	CAGCTAATATTTTCCCACTC	MAP2K5
MAP2K6_PKc_E10_140.12	GGAGTTCCCCATGAATCATA	MAP2K6
MAP2K6_PKc_E4_96.5	ACTGGGACGAGGTGCGTACG	MAP2K6
MAP2K6_PKc_E5_120.1	CCGAAACAGTGCGCCATAAA	MAP2K6
MAP2K6_PKc_E6_117.6	AGATGTCCTCTGGAATTGTC	MAP2K6
MAP2K6_PKc_E8_128.6	TGCAGGTTGCAAACCATACA	MAP2K6
MAP2K6_PKc_E9_78.5	ACTTCACACTGTATCCCTTC	MAP2K6
MAP2K7_PKc_E10_143.8	CCGGACACATGGGCTTCTCG	MAP2K7
MAP2K7_PKc_E5_114.12	CAATGACGTGGCCGGTCTTC	MAP2K7
MAP2K7_PKc_E6_120	AATGCGGCGCTCCGGGAACA	MAP2K7
MAP2K7_PKc_E7_108.1	TCTTGCCCAGAATGCGCTCG	MAP2K7
MAP2K7_PKc_E8_180.14	ACAGCCGGCGCTCCGCGTCT	MAP2K7
MAP2K7_PKc_E9_81.3	ATGACATCCGGGCCGACGTA	MAP2K7
MAP3K1_PKc_E15_96.4	TGTTATCAGGCTCAAGATGT	MAP3K1
MAP3K1_PKc_E16_163.5	GTAATTGCTCTTCTCACACG	MAP3K1
MAP3K1_PKc_E17_132.1	TACACTGAACAGTTACTCCG	MAP3K1
MAP3K1_PKc_E18_143.13	AGTTCCTTTTGATGCCAACC	MAP3K1
MAP3K1_PKc_E19_132	GTACTAAGAGGTCAACAGTA	MAP3K1
MAP3K1_PKc_E20_138.6	AGAGCCACATCTCGTAAACC	MAP3K1
MAP3K10_PKc_E1_391.2	CTAGAGGAGATCATCGGTGT	MAP3K10
MAP3K10_PKc_E1_391.74	GTTGAGGCAGGCGCCCCTAA	MAP3K10
MAP3K10_PKc_E2_181.22	TCTTGTGCCACTCGCGGGCG	MAP3K10
MAP3K10_PKc_E2_181.9	GACCTACGCCTGGATGGCGC	MAP3K10
MAP3K10_PKc_E3_149.5	CTACCGTGAGATCGACGCCT	MAP3K10
MAP3K10_PKc_E4_68.8	CCGAAATCTGGCCGCCCGTG	MAP3K10
MAP3K11_PKc_E1_403.17	GACAGCCGAGAGCGTTCGCC	MAP3K11
MAP3K11_PKc_E1_403.77	TGATGTCCTCATCGGGGTCC	MAP3K11
MAP3K11_PKc_E2_181.2	GCCCGCGGCACTCATTTGTG	MAP3K11
MAP3K11_PKc_E2_181.6	GTGCCGCGGGCACCTACGCC	MAP3K11
MAP3K11_PKc_E3_149.4	ACCGGGGAGGTGCCATACCG	MAP3K11
MAP3K11_PKc_E4_68.1	GCGAAGTCGGGCCTGCGGTG	MAP3K11
MAP3K12_PKc_E3_140.1	CTTTCGCAAGTGCTTGATGT	MAP3K12
MAP3K12_PKc_E3_140.5	CTTCCTGGGGCGCTTCCACG	MAP3K12
MAP3K12_PKc_E4_192.1	CCTCATGGAGTTCTGCGCCC	MAP3K12
MAP3K12_PKc_E5_159	GCTAATCACCTACGACGATG	MAP3K12
MAP3K12_PKc_E6_159.21	TTCCCATAGCACCACGCCAA	MAP3K12
MAP3K12_PKc_E7_61.4	CGGAATGATGGGCGATTTCG	MAP3K12
MAP3K13_PKc_E3_158.16	GCCCAAGAAGACCGCTCCTT	MAP3K13
MAP3K13_PKc_E3_158.9	GGGCAAGTTCCGGGCGGAAG	MAP3K13
MAP3K13_PKc_E4_192.3	CTCTACGAGGTCTTACGAGC	MAP3K13
MAP3K13_PKc_E5_159.6	TGCTGGCACGGTCGCATGGA	MAP3K13
MAP3K13_PKc_E6_159.2	TAGATTCTTCAGCCATTATC	MAP3K13
MAP3K13_PKc_E7_61.3	CGAAAAGAAGGTCGGTTTCG	MAP3K13
MAP3K14_PKc_E11_151.18	GCTGCAGACACGCGGTGGAT	MAP3K14
MAP3K14_PKc_E12_23	TGGGAGGTCTGAAGAGCCCT	MAP3K14
MAP3K14_PKc_E6_114.1	GCCACGCACCAGCTCCGCCT	MAP3K14
MAP3K14_PKc_E6_114.9	CATCCTGTGCACCTCTCCGA	MAP3K14
MAP3K14_PKc_E8_132.6	GGACCGGGCCCTGTACTACC	MAP3K14
MAP3K14_PKc_E9_105.1	ACGTGCTCCTGTCCAGCGAT	MAP3K14
MAP3K2_PKc_E12_138.13	CAGTTTGCCCAATCTCCAGT	MAP3K2
MAP3K2_PKc_E12_138.9	TGCTGGTCTCAGGACTATCG	MAP3K2
MAP3K2_PKc_E13_132.3	TGGCTGTTTGAGGGATCCCC	MAP3K2
MAP3K2_PKc_E14_130.2	GAAATACACCCGTCAGATTC	MAP3K2
MAP3K2_PKc_E15_178.2	CGTTGCCTGTTGAATCTCGC	MAP3K2
MAP3K2_PKc_E16_214.1	GCTAACTGAAAAGCCGCCTT	MAP3K2
MAP3K3_PKc_E13_132.14	GCACAAATAGACCCTGCCGA	MAP3K3
MAP3K3_PKc_E13_132.7	GGTCTATTTGTGCTATGACG	MAP3K3
MAP3K3_PKc_E14_132	GAGCGCATCGTGCAGTACTA	MAP3K3
MAP3K3_PKc_E15_130.2	GCGTGACCCGAAAGTACACG	MAP3K3
MAP3K3_PKc_E16_178.27	CCGACATACAGATCGTCTGC	MAP3K3
MAP3K3_PKc_E17_211.2	GCTGACAGAGAAACCACCGT	MAP3K3
MAP3K4_PKc_E21_71.2	CTGCATCAGCGTCGACACCG	MAP3K4
MAP3K4_PKc_E22_117.4	CCCAATCTGGTTCGGTATTT	MAP3K4
MAP3K4_PKc_E23_160.12	ATGGAGGACGTTGATCGCAA	MAP3K4
MAP3K4_PKc_E24_123.1	TCACTTCACCAGGCATGGTC	MAP3K4
MAP3K4_PKc_E25_107.6	ATGGGCGTGCGGCCGACATC	MAP3K4
MAP3K4_PKc_E26_177.8	CAAACGAATGGTCGAGGAGC	MAP3K4
MAP3K5_PKc_E15_134.6	ATGGGATAGTCTACGCAGGT	MAP3K5
MAP3K5_PKc_E16_128.5	ATCTTCATGGAGCAGGTCCC	MAP3K5
MAP3K5_PKc_E17_137.11	ATGGACCCCATTTGGAACGA	MAP3K5
MAP3K5_PKc_E18_106	GTGTTGATTAATACCTACAG	MAP3K5
MAP3K5_PKc_E19_158.19	TTCTGGTGCCATATACTGGA	MAP3K5
MAP3K5_PKc_E20_135.2	AACAAGCAAGTCGTTAGCAC	MAP3K5
MAP3K6_PKc_E15_134.22	GCACCCTCGTGTGGCGATCG	MAP3K6
MAP3K6_PKc_E16_128	CAAGAACATAGTGCGCTATC	MAP3K6
MAP3K6_PKc_E17_137.9	ACGACAACCACATCGTGCAC	MAP3K6
MAP3K6_PKc_E18_106.4	CTTCGGCACCTCCAAGCGGC	MAP3K6
MAP3K6_PKc_E19_158.22	GCTGCTTTCCCATACCCGCG	MAP3K6
MAP3K6_PKc_E20_135.17	GGTCTGGCTCAAAAGTTCGG	MAP3K6
MAP3K7_PKc_E1_120.13	CATCTCACCGGCCGAAGACG	MAP3K7
MAP3K7_PKc_E2_111.1	GAGTTGTTTGCAAAGCTAAG	MAP3K7
MAP3K7_PKc_E3_66.4	AATATTAGGATGGTTCACAC	MAP3K7
MAP3K7_PKc_E4_46.1	TTGTGATGGAATATGCTGAA	MAP3K7
MAP3K7_PKc_E5_139.1	TAAACACCAACTCATTGCGT	MAP3K7
MAP3K7_PKc_E6_125.6	AGCAGCACTCCCCTTGTTAT	MAP3K7
MAP3K8_PKc_E4_108.4	TTTATTCCTCGGGGCGCCTT	MAP3K8
MAP3K8_PKc_E4_108.6	CGCCTTTGGAAAGGTATACT	MAP3K8
MAP3K8_PKc_E5_262.23	GCTCTGCGATGTTCTCGTGC	MAP3K8
MAP3K8_PKc_E6_107.4	TATTTTCCTAAGGACCTCCG	MAP3K8
MAP3K8_PKc_E7_153.15	CGAGGGTAGCGCTTCACCCA	MAP3K8
MAP3K8_PKc_E8_138.7	TTAGTAGGTCTGCGGCTCTT	MAP3K8
MAP3K9_PKc_E2_412.14	AGCTCGCCACGACCCTGATG	MAP3K9
MAP3K9_PKc_E2_412.34	TGCTGGACTTAAGGTCGCGG	MAP3K9
MAP3K9_PKc_E3_181.23	TTCGGTGCCATTCCCGAGCC	MAP3K9
MAP3K9_PKc_E3_181.9	GTGCGGCAGGGACGTATGCT	MAP3K9
MAP3K9_PKc_E4_149.4	GATGGCTTAGCAGTCGCTTA	MAP3K9
MAP3K9_PKc_E5_68.2	TCGTGAAAGATGGTCGTGAG	MAP3K9
MAP4K1_PKc_E1_54.5	GGCTGGGTGGCGGCACGTAT	MAP4K1
MAP4K1_PKc_E2_58.4	TCACCATCTTCAGTGCCACC	MAP4K1
MAP4K1_PKc_E3_91.2	TTGCCGGCACGCCAACATCG	MAP4K1
MAP4K1_PKc_E4_65.2	GGATCTGCATGGAATTCTGT	MAP4K1
MAP4K1_PKc_E5_56.2	CCCGGCAGACATAGCTAATC	MAP4K1
MAP4K1_PKc_E6_48.2	CTTCTTCTGTGAGTGCAAAT	MAP4K1
MAP4K3_PKc_E1_54	TTCGAGCTGATTCAGCGCAT	MAP4K3
MAP4K3_PKc_E2_58	AGCAATTAAAGTAATAAAAT	MAP4K3
MAP4K3_PKc_E3_91	CCAAATATTGTTGCTTATTT	MAP4K3
MAP4K3_PKc_E4_65.4	TTGTGGAGGTGGTTCTTTAC	MAP4K3
MAP4K3_PKc_E5_56	GCAATTTGCAGTTCTGACAG	MAP4K3
MAP4K3_PKc_E6_48	TTATATTATCTTCACAGTAA	MAP4K3
MAP4K4_PKc_E1_36	ACATCGACCTCTCCTCCCTG	MAP4K4
MAP4K4_PKc_E2_66.5	GTGGTTGGAAATGGCACCTA	MAP4K4
MAP4K4_PKc_E3_57	ACATGTTAAAACGGGTCAGT	MAP4K4
MAP4K4_PKc_E4_126.4	CAGAGTTGGTCATCATGTCC	MAP4K4
MAP4K4_PKc_E5_111.8	GTTCTTCACAAGGTCTGTAA	MAP4K4
MAP4K4_PKc_E6_91.2	TGTGATTCACCGGGATATCA	MAP4K4
MAP4K5_PKc_E2_81.2	GGACTACGAACTCGTCCAGA	MAP4K5
MAP4K5_PKc_E3_58.2	CTCTCCTGTGTGTACATTTC	MAP4K5
MAP4K5_PKc_E4_91.1	TGTAACATCGTTGCCTACTT	MAP4K5
MAP4K5_PKc_E5_65.2	ATTTGTATGGAATACTGTGG	MAP4K5
MAP4K5_PKc_E6_56	TAAGGTTTCTCTGCATACAT	MAP4K5
MAP4K5_PKc_E7_48	CTTGCCTATTTGCATACTAA	MAP4K5
MAPK1_PKc_E1_65.1	CAACCTCTCGTACATCGGCG	MAPK1
MAPK1_PKc_E2_183.3	TCTTTCATTTGCTCGATGGT	MAPK1
MAPK1_PKc_E3_190.8	GGTGCAGAACGTTAGCTGAA	MAPK1
MAPK1_PKc_E4_117.4	ATGTGGCCACACGTTGGTAC	MAPK1
MAPK1_PKc_E5_115	ACACCAAGTCCATTGATATT	MAPK1
MAPK1_PKc_E6_132.9	ATTCAGGTCTTCTTGTGATG	MAPK1
MAPK10_PKc_E4_50.1	AATCTAAAGCCTATTGGCTC	MAPK10
MAPK10_PKc_E5_130.2	ACATGCCAAGAGAGCGTACC	MAPK10
MAPK10_PKc_E6_59.2	GGAACTCCTCCAGCGTTTTC	MAPK10
MAPK10_PKc_E7_139.9	GCAGGTAAGACATTCGCTCA	MAPK10
MAPK10_PKc_E8_166.6	ACGTTATTACAGAGCCCCTG	MAPK10
MAPK10_PKc_E9_72	ATGGTCTGTGGGATGCATTA	MAPK10
MAPK11_PKc_E1_95.11	CCGGTGGGCTCCGGCGCCTA	MAPK11
MAPK11_PKc_E2_130.4	CCACGCGCGCAGAACGTACC	MAPK11
MAPK11_PKc_E3_59	GCTTCTGGACGTCTTCACGC	MAPK11
MAPK11_PKc_E4_112.3	CGACGAGCACGTTCAATTCC	MAPK11
MAPK11_PKc_E5_30	ACTCGGCCGGGATCATCCAC	MAPK11
MAPK11_PKc_E6_48.3	TCGTTCACAGCCACGTTGCT	MAPK11
MAPK12_PKc_E1_95.4	GGGAGGTGCGCGCCGTGTAC	MAPK12
MAPK12_PKc_E2_130.1	GGACGGCCGCACCGGCGCTA	MAPK12
MAPK12_PKc_E3_59.2	AAGTCATCCAGGGTCTCATC	MAPK12
MAPK12_PKc_E4_112.3	CCGTTCATGGGCACCGACCT	MAPK12
MAPK12_PKc_E5_30	TGTGGATGATGCCGGCAGCG	MAPK12
MAPK12_PKc_E6_48.2	TCGTTCACAGCCAGGTTGCC	MAPK12
MAPK13_PKc_E1_95.9	CCCGCTGCCGACGTGCGTCG	MAPK13
MAPK13_PKc_E2_130.6	CTTCGCCAAGCGCGCCTACC	MAPK13
MAPK13_PKc_E3_59	GTCATAGAAGTTGCGCAGGG	MAPK13
MAPK13_PKc_E4_109.9	GCATCTGATACACCAGGTAC	MAPK13
MAPK13_PKc_E5_30	ACTCTGCTGGGGTCGTGCAC	MAPK13
MAPK13_PKc_E6_48.2	TCATTCACAGCCAGGTTGCC	MAPK13
MAPK14_PKc_E1_101.14	AGCTCCTGCCGGTAGAACGT	MAPK14
MAPK14_PKc_E2_130.3	CACAAAAACGGGGTTACGTG	MAPK14
MAPK14_PKc_E3_59	TGGACGTTTTTACACCTGCA	MAPK14
MAPK14_PKc_E4_112.4	CTTATCTACCAAATTCTCCG	MAPK14
MAPK14_PKc_E5_30	ATTCAGCTGACATAATTCAC	MAPK14
MAPK14_PKc_E6_48	TCATTCACAGCTAGATTACT	MAPK14
MAPK15_PKc_E1_54.1	GGTATCTCCGGACAATGCGA	MAPK15
MAPK15_PKc_E2_99.9	CCACGACCTCACCAGTCCTC	MAPK15
MAPK15_PKc_E4_91.8	CTGCCCGGATCACGTCAAGG	MAPK15
MAPK15_PKc_E5_131.11	ACTCGGGGCACGTTGTGCAC	MAPK15
MAPK15_PKc_E6_164.17	CCACGTACTCTGTCACGGCC	MAPK15
MAPK15_PKc_E7_140.25	GGTGGAGGGTGGACGTGCCG	MAPK15
MAPK3_PKc_E1_65.3	TACATCGGCGAGGGCGCGTA	MAPK3
MAPK3_PKc_E2_183	CCACGTGCGCAAGACTCGCG	MAPK3
MAPK3_PKc_E3_190.9	TGGAGGGCTTTAGATCTCGG	MAPK3
MAPK3_PKc_E4_117.4	CGGAGTATGTGGCTACGCGC	MAPK3
MAPK3_PKc_E5_115	ATACCAAGTCCATCGACATC	MAPK3
MAPK3_PKc_E6_132.17	GATACAATTCAGGTCCTCCT	MAPK3
MAPK6_PKc_E2_516.1	AGCCAATTAACAGACGATGT	MAPK6
MAPK6_PKc_E2_516.38	GTAGAGCATGTTTGACACTC	MAPK6
MAPK6_PKc_E4_165.1	TGTACATGAGGAAGATCGTC	MAPK6
MAPK6_PKc_E4_165.6	CGATCTTCCTCATGTACAAC	MAPK6
MAPK6_PKc_E5_200.14	TCTGCTGTTAACCGATCCAT	MAPK6
MAPK6_PKc_E5_200.9	CTTGAAATTGGCTCATCCAT	MAPK6
MAPK7_PKc_E2_88	TACGAGATCATCGAGACCAT	MAPK7
MAPK7_PKc_E2_88.4	ACCATAGGCAACGGGGCCTA	MAPK7
MAPK7_PKc_E2_88.7	GGCGGAGGACACCACTCCAT	MAPK7
MAPK7_PKc_E4_754.37	GTACCCAGGTGCCGACCGCC	MAPK7
MAPK7_PKc_E4_754.43	CCTCACTCGGGAGCGCATTA	MAPK7
MAPK7_PKc_E4_754.65	AGCTGCTGAGATGCGAGCGC	MAPK7
MAPK8_PKc_E2_50.1	AATTTAAAACCTATAGGCTC	MAPK8
MAPK8_PKc_E3_130.3	TAGCTCTCTGTAGGCCCGCT	MAPK8
MAPK8_PKc_E4_59	AATTCTTCTAGGGATTTCTG	MAPK8
MAPK8_PKc_E5_139.8	CTAGCTCCATCTGAATCACT	MAPK8
MAPK8_PKc_E6_166.1	GAAGATTCTTGACTTCGGTC	MAPK8
MAPK8_PKc_E7_72	TTGGTCAGTTGGGTGCATCA	MAPK8
MAPK9_PKc_E2_50.1	CAGCTGAAACCAATTGGCTC	MAPK9
MAPK9_PKc_E3_130.3	AAGCTCTCTTTGCATGAGTT	MAPK9
MAPK9_PKc_E4_59	AATTCTTCTAGAGTTTTTTG	MAPK9
MAPK9_PKc_E5_139.1	AATGGATGCTAACTTATGTC	MAPK9
MAPK9_PKc_E6_166.16	AGTACCGTGTCACCACGTAA	MAPK9
MAPK9_PKc_E7_72.1	TGGTCAGTGGGTTGCATCAT	MAPK9
MAPKAPK2_PKc_E1_99.9	TTTGAGGGCGAATTTCTCCT	MAPKAPK2
MAPKAPK2_PKc_E2_140.8	CCCGCACATCGTACGGATCG	MAPKAPK2
MAPKAPK2_PKc_E3_65.1	TTTAGCCGAATCCAGGATCG	MAPKAPK2
MAPKAPK2_PKc_E4_80.1	AATCATGAAGAGCATCGGTG	MAPKAPK2
MAPKAPK2_PKc_E5_127.3	TTGTTATACACCGTACTATG	MAPKAPK2
MAPKAPK2_PKc_E6_76.6	CAGGACTTGTCATACTTCTC	MAPKAPK2
MAPKAPK3_PKc_E4_105.8	GAGTGCTTCCATCGGCGCAC	MAPKAPK3
MAPKAPK3_PKc_E5_140.4	GGAGGTAGACCATCACTGGC	MAPKAPK3
MAPKAPK3_PKc_E6_65.3	GATTCAGGAGCGTGGCGACC	MAPKAPK3
MAPKAPK3_PKc_E7_80.1	CATCTCGGTGGGCAATGTTA	MAPKAPK3
MAPKAPK3_PKc_E8_124.1	GTGCTTAAGCTCACCGATTT	MAPKAPK3
MAPKAPK3_PKc_E9_76.1	GTCATGTGACATGTGGTCCC	MAPKAPK3
MAPKAPK5_PKc_E2_68.2	ATCAATTGGACTCAGAAGCT	MAPKAPK5
MAPKAPK5_PKc_E3_76	TAAAGAAATCTACTCAAGAA	MAPKAPK5
MAPKAPK5_PKc_E4_98.3	CTGAACTATGTTTGGGTGTG	MAPKAPK5
MAPKAPK5_PKc_E5_109.8	TCTCTGTAAAGTGCCGGTGC	MAPKAPK5
MAPKAPK5_PKc_E6_90.2	AAAGCAGATTTTCAGGCTTG	MAPKAPK5
MAPKAPK5_PKc_E7_96.2	CTGGGGTGCTACATAATAAG	MAPKAPK5
MARK1_PKc_E2_81.5	TTGGCAAGACACGTTCTAAC	MARK1
MARK1_PKc_E2_81.6	GTGTCTTGCCAATTTGACTT	MARK1
MARK1_PKc_E5_66.2	TAGTCATGGAATACGCGAGT	MARK1
MARK1_PKc_E6_71.2	AAGAGGCCCGTGCAAAATTT	MARK1
MARK1_PKc_E8_237.15	TTTAAATTCTGGCCATCGAA	MARK1
MARK1_PKc_E9_120	CTGCGAGAGCGAGTTTTACG	MARK1
MARK2_PKc_E2_81.9	GTGTCGGGCCAACTTCACCT	MARK2
MARK2_PKc_E4_49.1	CCTTCATTATTCTTACTTCG	MARK2
MARK2_PKc_E5_66.1	CTTGTCATGGAGTACGCTAG	MARK2
MARK2_PKc_E6_71.2	ATTACCTAGTGGCTCATGGC	MARK2
MARK2_PKc_E7_57	CTCTATGGACAATAAACTTC	MARK2
MARK2_PKc_E8_237.18	ATCCGCTGACCAGTGTATAG	MARK2
MARK3_PKc_E2_81.3	TGTTGAAAACAATCGGCAAG	MARK3
MARK3_PKc_E5_66.2	CACTTGCATATTCCATGATT	MARK3
MARK3_PKc_E6_71	TTTGACTATTTGGTTGCACA	MARK3
MARK3_PKc_E7_57.1	GATGTACGATCCGTTTCTGA	MARK3
MARK3_PKc_E8_237.3	GGTAAACTCGACACGTTTTG	MARK3
MARK3_PKc_E9_120.4	TCTAGAGTGCCGCGTTTAAT	MARK3
MARK4_PKc_E3_54.2	GGTTTTGTCGATAATCTTGA	MARK4
MARK4_PKc_E4_49	CCGAGAAGTCCGCATCATGA	MARK4
MARK4_PKc_E5_66	GACTGAGAAGACGCTGTACC	MARK4
MARK4_PKc_E6_71.4	TCATGCGGCCATGCGACACG	MARK4
MARK4_PKc_E7_57	ACCAGAAAAATATTGTACAC	MARK4
MARK4_PKc_E8_237.22	TTGAGGTTGTGCCCGTCGAA	MARK4
MAST1_PKc_E11_41.1	CTCATAAGCAACGGTGCCTA	MAST1
MAST1_PKc_E12_209.17	GAGGATATCGCGCTCCACAA	MAST1
MAST1_PKc_E13_139.1	TACATGCGGGCCATCTCTAC	MAST1
MAST1_PKc_E14_133.6	GAAGGACGCCCGAGAGTTCC	MAST1
MAST1_PKc_E15_166.27	CCTCGGGCGCGATGTACTCT	MAST1
MAST1_PKc_E16_102.2	GAGTTGGGCCTCCGTAGGTA	MAST1
MAST2_PKc_E14_41.1	CTCATCAGCAATGGCGCCTA	MAST2
MAST2_PKc_E15_209.13	CAGTATGTCACGCTCCACGA	MAST2
MAST2_PKc_E16_139.11	TATAGACGCACCATGTCCAC	MAST2
MAST2_PKc_E17_133.14	GCCCCATGGATGTAATTAGG	MAST2
MAST2_PKc_E18_166	CCCAGAATACATTGCGCCTG	MAST2
MAST2_PKc_E19_102.15	GTGAGGTCCTGGGCGTCTGG	MAST2
MAST3_PKc_E12_41.1	CTCATTAGCAACGGAGCCTA	MAST3
MAST3_PKc_E13_209.5	GACCCGGCGCCACCTATGTA	MAST3
MAST3_PKc_E14_139.4	CCGCCTGTACTTCGCCGAGA	MAST3
MAST3_PKc_E15_133.2	GACTTCGGCCTGTCCAAGAT	MAST3
MAST3_PKc_E16_166.17	CCCCGAGGAACTCTTCGGTC	MAST3
MAST3_PKc_E17_102.5	GCAGAGCCCGCTGGACCGTC	MAST3
MAST4_PKc_E14_41.1	TTGATTAGCAATGGAGCCTA	MAST4
MAST4_PKc_E15_209.16	CAGGATATCCCGCTCCACAA	MAST4
MAST4_PKc_E16_139.4	GTACTTTGCTGAGACGGTCT	MAST4
MAST4_PKc_E17_133.8	TCTCAATATGACCCTCGTAA	MAST4
MAST4_PKc_E18_166.6	GTTATGGAAAGCCGGTGGAC	MAST4
MAST4_PKc_E19_102.3	ATCTGATTACCTTACTCCTC	MAST4
MASTL_PKc1_E1_87.13	CCGAAGGCGCCCCGGCTAAT	MASTL
MASTL_PKc1_E2_138.1	CCAAGCTGAGAGAGATGCAC	MASTL
MASTL_PKc1_E3_140.4	CTAGACTACCTTCACAGACA	MASTL
MASTL_PKc1_E4_89.3	CATATTAAACTGACGGATTT	MASTL
MASTL_PKc1_E5_107.2	GTTATCGCTTATCAGCTCGT	MASTL
MASTL_PKc1_E6_151.1	CCCTATGTCTGTAGATCAAA	MASTL
MASTL_PKc2_E10_114.6	GGTGTTTCATCATTGAAAGG	MASTL
MASTL_PKc2_E10_114.7	AGTGCCCACCAGTCTACCGC	MASTL
MASTL_PKc2_E11_102.1	AGCTCTCTTTGTATCATCAA	MASTL
MASTL_PKc2_E12_128.1	CTCTCTTCAGTGATGTGGAC	MASTL
MASTL_PKc2_E9_142.2	AATTCGCCCATCATCAACGG	MASTL
MASTL_PKc2_E9_142.23	ACACTCTTCGGAGTTCGGTA	MASTL
MATK_PKc_E10_85.2	GAGAACCTGGTGCGTCTCCT	MATK
MATK_PKc_E11_74.3	GTGAACTTTCTGCGGACCCG	MATK
MATK_PKc_E12_196.14	CAAGCCGGCTGCCCGTCAAG	MATK
MATK_PKc_E13_87	TCACCAGCAAGTCGGATGTC	MATK
MATK_PKc_E8_61.3	ATTGGGAGCACAGATCGGAG	MATK
MATK_PKc_E9_100.8	TCATGACGGCCGTCTCGTCC	MATK
MELK_PKc_E2_40	TATGAATTACATGAAACTAT	MELK
MELK_PKc_E3_86	CTTGCCTGCCATATCCTTAC	MELK
MELK_PKc_E4_117.9	TCAATCTCCGTTTTGATCCG	MELK
MELK_PKc_E5_144.14	CTCTTCTGACAGGCGATCCT	MELK
MELK_PKc_E6_69	AAATTAAAGCTGATTGACTT	MELK
MELK_PKc_E7_93.3	GCAGCACCTGAGTTAATACA	MELK
MERTK_PKc_E12_52	GACAGGAATCTTCTAATTCT	MERTK
MERTK_PKc_E13_81.4	AGATGGGACCTCTCTGAAAG	MERTK
MERTK_PKc_E14_93	CTCTTCACAGCGGGAGATCG	MERTK
MERTK_PKc_E15_119.9	CAGGTCCCCGTATTTCATGA	MERTK
MERTK_PKc_E16_110.2	GTTCATGGTGGATATTGCCC	MERTK
MERTK_PKc_E17_160.3	AGTGGCGATTATTACCGCCA	MERTK
MET_PKc_E15_28	GTGCATTTCAATGAAGTCAT	MET
MET_PKc_E16_81.3	GGGACTTTGTTGGACAATGA	MET
MET_PKc_E17_182.12	GCGGAGACCCTTCACTTCGC	MET
MET_PKc_E18_110.2	TTTGGTCTTCAAGTAGCCAA	MET
MET_PKc_E19_166.6	TCCAAAGCCATCCACTTCAC	MET
MET_PKc_E20_137.9	AAGGTGTTTACGTCAGGATA	MET
MINK1_PKc_E1_36.1	CGGACAGGTCGATGTCGTCC	MINK1
MINK1_PKc_E2_66.6	CGGCAATGGAACCTACGGAC	MINK1
MINK1_PKc_E3_57	GCATGTCAAGACGGGGCAGC	MINK1
MINK1_PKc_E4_126.7	GAGCTGGTCATCGTTTCCCG	MINK1
MINK1_PKc_E5_111.5	ACTGTATCGCCTATATCTGC	MINK1
MINK1_PKc_E6_91.7	GTCTCGATGGATCACCTTGT	MINK1
MKNK1_PKc_E4_98.4	GGTGCCGTGAGCCTACAGAA	MKNK1
MKNK1_PKc_E5_80.3	TCGGAGTAGGGTGTTTCGAG	MKNK1
MKNK1_PKc_E6_74.1	AGATGACACAAGGTTTTACT	MKNK1
MKNK1_PKc_E7_105.6	AACGTCCCGCACCACTCGGC	MKNK1
MKNK1_PKc_E8_123.18	TCACTGGAGCCCAGGGAGGT	MKNK1
MKNK1_PKc_E9_56	GATTCACACAATATATTTTC	MKNK1
MKNK2_PKc_E10_96.5	CAGCGGCATCAAACTCAACG	MKNK2
MKNK2_PKc_E5_98.7	CTTGACGGCGTACTCCTGGC	MKNK2
MKNK2_PKc_E6_80.9	TGAAAACCCTGCTCCGAATG	MKNK2
MKNK2_PKc_E7_74.1	GCTGATTGAGTTCTTCGAGG	MKNK2
MKNK2_PKc_E8_105.12	CGTTGAAGTGCCGGCGCTTG	MKNK2
MKNK2_PKc_E9_56.2	AGAGGATGTTTTCCGGCTTT	MKNK2
MLKL_PKc_E10_141	TTCTGAGAAGATCCGCAAGC	MLKL
MLKL_PKc_E5_98.1	CCCAACATCCTGCGTATATT	MLKL
MLKL_PKc_E6_136.11	AAGCGCATGGTCCTAGTCCT	MLKL
MLKL_PKc_E7_82.3	CTTGGTAGCCTTGAGTTACC	MLKL
MLKL_PKc_E8_152.5	TCTCGTAGTTCCCAAACTCA	MLKL
MLKL_PKc_E9_50	GTCCTCTGGGAAATCGCCAC	MLKL
MOK_PKc_E2_113.1	AGCAATTGGCAAAATAGGAG	MOK
MOK_PKc_E3_90.5	GAATGTTTGGGTGCGGATTC	MOK
MOK_PKc_E4_71	TGCACTAATATGTGAACTTA	MOK
MOK_PKc_E5_79	GTACCAGTTATGTAAGTCCC	MOK
MOK_PKc_E7_179.23	GTATTCCGTGTACGGCTGCT	MOK
MOK_PKc_E8_102.4	CGGGTGTGCCGATGACATCG	MOK
MOS_PKc_E1_849.125	CCACGCGCACGATGTTATCG	MOS
MOS_PKc_E1_849.127	CCGAGATGCTAGTCGGTTCT	MOS
MOS_PKc_E1_849.26	CAAGTCATCTATGGCGCCGC	MOS
MOS_PKc_E1_849.53	CCAAGCAGGCGCCGTATTCG	MOS
MOS_PKc_E1_849.57	GCAGCACATACTGTACGCGG	MOS
MOS_PKc_E1_849.9	GTGTACAAGGCGACTTACCG	MOS
MST1R_PKc_E15_81.3	TGGCACATTGGATTCGATTC	MST1R
MST1R_PKc_E15_81.6	CCTGGTCTATGTATTCTCCG	MST1R
MST1R_PKc_E17_110.17	TGATGAGGTCCTTCACGGTG	MST1R
MST1R_PKc_E18_166.4	TGGTTTGGCCCGCGACATCC	MST1R
MST1R_PKc_E19_137.25	GGGTCAATGTGGCGGTATGG	MST1R
MST1R_PKc_E20_94.12	CTGAAGGTGGGTCGCACTGC	MST1R
MTOR_PKc_E47_136.1	AGGCCATGAAGATCTGCGCC	MTOR
MTOR_PKc_E47_136.3	TGTGATGCAGCTCTTCGGCC	MTOR
MTOR_PKc_E48_148.19	AGGCCCGAGTTGGTCGATAA	MTOR
MTOR_PKc_E49_123.6	TAATACAGCTGGGGACGACC	MTOR
MTOR_PKc_E50_83.9	CGCTAAAGAACGGGTATAAT	MTOR
MTOR_PKc_E52_75	AAGAATGTTGACCAATGCTA	MTOR
MUSK_PKc_E13_74.1	ATATGTGAGAGACATCGGAG	MUSK
MUSK_PKc_E13_74.3	GACATCGGAGAGGGAGCGTT	MUSK
MUSK_PKc_E14_149.11	GTCCGCTTGCATATCTGCCG	MUSK
MUSK_PKc_E14_149.4	ATATGCAAGCGGACTTTCAG	MUSK
MUSK_PKc_E15_647.2	ACGACGCTATCCCTATCCGT	MUSK
MUSK_PKc_E15_647.33	GTCATTTACTACGTGCGAGA	MUSK
MYLK2_PKc_E10_129.17	GTTCACCTTCAGCTTCTCGT	MYLK2
MYLK2_PKc_E5_41.3	AACTCCAAGGAGGCGCTCGG	MYLK2
MYLK2_PKc_E6_94	TGGGGCAGTCTGTACCTGCA	MYLK2
MYLK2_PKc_E7_110.3	GATCTCATGCGGAGTCTCGA	MYLK2
MYLK2_PKc_E8_142.4	GGACTACCATCTGACCGAGG	MYLK2
MYLK2_PKc_E9_71.2	TGTCAACACCACCGGGCATT	MYLK2
MYLK3_PKc_E10_129.9	AACTCATAATTGACGACTTC	MYLK3
MYLK3_PKc_E5_41.1	GTGTGCCAGCACGAAGTCTT	MYLK3
MYLK3_PKc_E6_94	GTCGGTTTGGCCAGGTCCAC	MYLK3
MYLK3_PKc_E7_110.2	TCTCGAAGGCGTCATAGAGC	MYLK3
MYLK3_PKc_E8_142	ACGGGGGTGAGCTCTTCGAC	MYLK3
MYLK3_PKc_E9_71	ATATTGTGCGTCAATCAGAC	MYLK3
MYLK4_PKc_E4_41	GTGAGCAAGACAGAAATCCT	MYLK4
MYLK4_PKc_E5_94.2	AAGTGTGAGGAGACGGCCAC	MYLK4
MYLK4_PKc_E6_110.3	AATGTCGTTCTTAGACTCGA	MYLK4
MYLK4_PKc_E7_142.8	TGTAGCTCTCATCGATGATG	MYLK4
MYLK4_PKc_E8_71.4	TAGCATCCCGATTCACACAC	MYLK4
MYLK4_PKc_E9_129.12	ACTTCAGGGGCGAGAAATTC	MYLK4
MYO3A_PKc_E3_165.9	TCCCATGTATCAGAAGGATC	MYO3A
MYO3A_PKc_E4_135	ACTTTCTGACCACCCTAATG	MYO3A
MYO3A_PKc_E5_105	TCAGTGACTGACCTTGTGAA	MYO3A
MYO3A_PKc_E6_100.4	TAGTTTCACTCCACCTTCCG	MYO3A
MYO3A_PKc_E7_77.9	GTTCCGACGGTGCCGGGTAC	MYO3A
MYO3A_PKc_E8_146.14	GCTCAATGGCCGTGATACCC	MYO3A
MYO3B_PKc_E2_177.13	GCCATAGGTGCCTTTACCAA	MYO3B
MYO3B_PKc_E3_135.4	ACAAAGCGGATCACTGTGTA	MYO3B
MYO3B_PKc_E4_105.6	GATCTCATACATCTTGTACG	MYO3B
MYO3B_PKc_E5_100.7	TCACATCACGGTGGATGATT	MYO3B
MYO3B_PKc_E6_77.5	GTTTCTCCGCAGACGTGTAC	MYO3B
MYO3B_PKc_E7_146.16	GACGTCACAGCGAGCGTCAT	MYO3B
neg01	GTAGCGAACGTGTCCGGCGT	
neg02	GACCGGAACGATCTCGCGTA	
neg03	GGCAGTCGTTCGGTTGATAT	
neg04	GCTTGAGCACATACGCGAAT	
neg05	GTGGTAGAATAACGTATTAC	
neg06	GTCATACATGGATAAGGCTA	
neg07	GATACACGAAGCATCACTAG	
neg08	GAACGTTGGCACTACTTCAC	
neg09	GATCCATGTAATGCGTTCGA	
neg10	GTCGTGAAGTGCATTCGATC	
neg11	GTTCGACTCGCGTGACCGTA	
neg12	GAATCTACCGCAGCGGTTCG	
neg13	GAAGTGACGTCGATTCGATA	
neg14	GCGGTGTATGACAACCGCCG	
neg15	GTACCGCGCCTGAAGTTCGC	
neg16	GCAGCTCGTGTGTCGTACTC	
neg17	GCGCCTTAAGAGTACTCATC	
neg18	GAGTGTCGTCGTTGCTCCTA	
neg19	GCAGCTCGACCTCAAGCCGT	
neg20	GTATCCTGACCTACGCGCTG	
neg21	GTGTATCTCAGCACGCTAAC	
neg22	GTCGTCATACAACGGCAACG	
neg23	GTCGTGCGCTTCCGGCGGTA	
neg24	GCGGTCCTCAGTAAGCGCGT	
neg25	GCTCTGCTGCGGAAGGATTC	
neg26	GTCTTCCGCCGCTCAAGTTA	
neg27	GCATGGAGGAGCGTCGCAGA	
neg28	GTAGCGCGCGTAGGAGTGGC	
neg29	GATCACCTGCATTCGTACAC	
neg30	GCACACCTAGATATCGAATG	
neg31	GTTGATCAACGCGCTTCGCG	
neg32	GCGTCTCACTCACTCCATCG	
neg33	GCCGACCAACGTCAGCGGTA	
neg34	GGATACGGTGCGTCAATCTA	
neg35	GAATCCAGTGGCGGCGACAA	
neg36	GCACTGTCAGTGCAACGATA	
neg37	GCGATCCTCAAGTATGCTCA	
neg38	GCTAATATCGACACGGCCGC	
neg39	GGAGATGCATCGAAGTCGAT	
neg40	GGATGCACTCCATCTCGTCT	
neg41	GTGCCGAGTAATAACGCGAG	
neg42	GAGATTCCGATGTAACGTAC	
neg43	GTCGTCACGAGCAGGATTGC	
neg44	GCGTTAGTCACTTAGCTCGA	
neg45	GTTCACACGGTGTCGGATAG	
neg46	GGATAGGTGACCTTAGTACG	
neg47	GTATGAGTCAAGCTAATGCG	
neg48	GCAACTATTGGAATACGTGA	
neg49	GTTACCTTCGCTCGTCTATA	
neg50	GTACCGAGCACCACAGGCCG	
NEK1_PKc_E3_111.2	AAGATTGGAGAAGGTTCATT	NEK1
NEK1_PKc_E4_97.3	TCTCTATACTGGACAATATT	NEK1
NEK1_PKc_E5_98	TGGCTCTCTCTACATAGTAA	NEK1
NEK1_PKc_E6_84	CTGGTTTGTACAGATATGTT	NEK1
NEK1_PKc_E7_68.1	AAAGATGGAACAGTACAACT	NEK1
NEK1_PKc_E8_87.1	AGCTGGCTCGAACTTGCATA	NEK1
NEK10_PKc_E19_54	TATGCAATTTTGGATCATCT	NEK10
NEK10_PKc_E20_138.3	AAGATCGAGACAGCAGCGTA	NEK10
NEK10_PKc_E21_46.1	TTTGTAATAACGTACAATGT	NEK10
NEK10_PKc_E22_122.2	CTGATAGAAGGAGCCCCGCT	NEK10
NEK10_PKc_E23_103	AGCTCTTCGATACTTACACA	NEK10
NEK10_PKc_E24_76.1	AGTAAACTCACCTCTGTGGT	NEK10
NEK11_PKc_E3_89	TACGTGCTTCAACAAAAACT	NEK11
NEK11_PKc_E4_166.8	GCATGGAACTTGACAATGGC	NEK11
NEK11_PKc_E5_119.7	GAATTTTATCGTCCAGATCT	NEK11
NEK11_PKc_E7_127.7	CCGACTTTGTGTCATAGCCT	NEK11
NEK11_PKc_E8_150	TGCATGAATCATGCATTCGC	NEK11
NEK11_PKc_E9_64	TTTAAAATTTCGATAGCAGA	NEK11
NEK2_PKc_E1_78.8	GATCTTCTGGCAGCGGCCGT	NEK2
NEK2_PKc_E2_218.1	ACATCGTTCGTTACTATGAT	NEK2
NEK2_PKc_E3_241.5	TGGTCATACCGTATTGCATC	NEK2
NEK2_PKc_E4_83.1	GAAATCAGATATCTGGTCAT	NEK2
NEK2_PKc_E5_127.4	AATTGAATGAAATTATTACG	NEK2
NEK2_PKc_E6_48	TCAAGAATTTCTTCAACAGA	NEK2
NEK3_PKc_E3_94.3	TCTTTGAAGGCAACAATATT	NEK3
NEK3_PKc_E3_94.5	AATATTAGGGTGTTTCATTT	NEK3
NEK3_PKc_E5_84.1	TGTGAATGTGATTTACTCCA	NEK3
NEK3_PKc_E5_84.2	GATTTACTCCAAGGCACATT	NEK3
NEK3_PKc_E7_87.1	GCATTTGCTTGTACCTATGT	NEK3
NEK3_PKc_E7_87.6	ATTTCTGGAGGCACATAATA	NEK3
NEK4_PKc_E1_81.1	TACTGCTACCTGCGGGTCGT	NEK4
NEK4_PKc_E1_81.9	GACGCTTGTGAAGCACCGGC	NEK4
NEK4_PKc_E2_267.27	AGCTCGCCGCTCTCGGCTAG	NEK4
NEK4_PKc_E3_198.17	GAGTTTTCAGATCTCGATGA	NEK4
NEK4_PKc_E4_108.2	TTAGTTTATCGGATTATTGA	NEK4
NEK4_PKc_E5_117.1	GGGCTGTAATCTCTTGGCAT	NEK4
NEK5_PKc_E3_111.8	CCCGAAGGCACCTTGCCCGA	NEK5
NEK5_PKc_E4_97.2	TTGAAGAAGGCTACAATGTT	NEK5
NEK5_PKc_E5_98	TGGCAGGCTGTTTATTGTAA	NEK5
NEK5_PKc_E6_84.4	AAATCTGTACAAACCAACCG	NEK5
NEK5_PKc_E7_71.2	TCTTAGCAAGAACGGAATGG	NEK5
NEK5_PKc_E8_87	GAACTTGCTCGAACTTGTAT	NEK5
NEK6_PKc_E4_108.12	GGCCTATCTTCTTTTCGATC	NEK6
NEK6_PKc_E5_63	CTTTGAGATGATGGACGCCA	NEK6
NEK6_PKc_E6_111.4	TGCTGGAGTTGGCTGACGCA	NEK6
NEK6_PKc_E7_109.4	TGGAGCACATGCATTCACGC	NEK6
NEK6_PKc_E8_108.8	ACCGAGCTTCACGACGCCCG	NEK6
NEK6_PKc_E9_95.1	CCTACTACATGTCACCGGAG	NEK6
NEK7_PKc_E3_102.5	TGGTACTCCATCCAAGAGAC	NEK7
NEK7_PKc_E4_63	GATGCAATCAGCACGTGCTT	NEK7
NEK7_PKc_E5_111.1	GTTTTGGAACTAGCAGATGC	NEK7
NEK7_PKc_E6_109.1	TGTTCAGCTTTGCAGTGCAT	NEK7
NEK7_PKc_E7_108.4	GCCACTGGGGTGGTAAAACT	NEK7
NEK7_PKc_E8_95.4	CTCTCTGGAGACATGTAATA	NEK7
NEK8_PKc_E1_41.1	TACGAGCGGATCCGAGTGGT	NEK8
NEK8_PKc_E1_41.4	GTGGTGGGGAGAGGTGCCTT	NEK8
NEK8_PKc_E2_206.9	CATATTCCATGGCGATCATA	NEK8
NEK8_PKc_E3_233.4	CACCGCATGGTCGTCAAGAT	NEK8
NEK8_PKc_E4_132.6	GGGCTGTGTCCTCTACGAGC	NEK8
NEK8_PKc_E5_156.19	CCGGTCAGAGATAGGTGCAA	NEK8
NEK9_PKc_E1_69.6	CTCGGTGCGGCGGTACAGCG	NEK9
NEK9_PKc_E2_178.5	TACCACGCTGCTGATTGAGC	NEK9
NEK9_PKc_E3_56	TGACAAAATCCTTCGTCAGA	NEK9
NEK9_PKc_E4_71	GTGAGCTGCATCCATAAAGC	NEK9
NEK9_PKc_E5_106.5	CATAATCTCCAAGTTTTATC	NEK9
NEK9_PKc_E6_132.8	GCTCTGGAGACATGTAATAT	NEK9
NIM1K_PKc_E2_82.1	TAGGCTTCTACCGAATTCGA	NIM1K
NIM1K_PKc_E2_82.4	ATTCGAGGGGAAATCGGAAG	NIM1K
NIM1K_PKc_E3_269.24	GGGTCTCCACCACTTCGTAA	NIM1K
NIM1K_PKc_E3_269.33	TTCTCGGGATAGTAGCCTCT	NIM1K
NIM1K_PKc_E4_414.1	GCACTACATCGGCATTTACG	NIM1K
NIM1K_PKc_E4_414.46	TGCCGATGTAGTGCTCGTCC	NIM1K
NLK_PKc_E2_130.5	CTCTTGCAAAAGGGTCTTCC	NLK
NLK_PKc_E2_130.9	ACCAGATTCTGGAAGACGTT	NLK
NLK_PKc_E5_86.1	TTACATCGAGACATTAAGCC	NLK
NLK_PKc_E7_102.5	GACAGCTTGTGAAGGCGCTA	NLK
NLK_PKc_E8_87.5	CATGTGTAGCCTGGCTAGAC	NLK
NLK_PKc_E9_199.16	GTCGCCCTTCATCTAGGTAG	NLK
NPR1_PKc_E10_78	GTGTCAGCTCAATGCGTTTA	NPR1
NPR1_PKc_E11_105.4	TCACAGAGTACTGTCCCCGT	NPR1
NPR1_PKc_E12_72.4	AGTACCGGAACATCCAGTCC	NPR1
NPR1_PKc_E13_157.19	GCGCCCATCTACCACGCAGT	NPR1
NPR1_PKc_E14_156.6	GCTGGTGACGTATACAGCTT	NPR1
NPR1_PKc_E9_75.7	GGTTAGCAGGGAGCCGTAAT	NPR1
NPR2_PKc_E10_78.1	GCGCATTGAGCTGACCCGGC	NPR2
NPR2_PKc_E11_105	AACCATCTCACTCGCTTCAT	NPR2
NPR2_PKc_E12_72.1	ATGACAGCATCAACTTGGAC	NPR2
NPR2_PKc_E13_160.8	TTCAGCAGTTGATCGGAAGC	NPR2
NPR2_PKc_E14_156.4	AAGGCTGACGTCTATAGCTT	NPR2
NPR2_PKc_E9_75.6	TGTCATGAGCGAGCCGTAAC	NPR2
NRBP1_PKc_E2_33.1	CCTCTTCTGCCAGCGCCCAC	NRBP1
NRBP1_PKc_E3_123	GTGAATCAACGGAATGTACC	NRBP1
NRBP1_PKc_E4_102	GTTTGATAATCTGATTCAAT	NRBP1
NRBP1_PKc_E5_90.1	TCACAGAATACATGTCATCT	NRBP1
NRBP1_PKc_E7_95.4	TCTTGATGAGTCCGTTGTGC	NRBP1
NRBP1_PKc_E8_84.1	ACATGATTGTTGATAGTGTC	NRBP1
NRBP2_PKc_E2_117.11	ACGAGCTCCACTTCGGAGAC	NRBP2
NRBP2_PKc_E3_102.11	CCAGCTGCTCGAACACGGTC	NRBP2
NRBP2_PKc_E4_90	ATCACAGAGTACGTGTCATC	NRBP2
NRBP2_PKc_E5_41	CTGCGTGCACCAGCGCTTCC	NRBP2
NRBP2_PKc_E6_95.1	CAGGTTCCCGTGGATGATTG	NRBP2
NRBP2_PKc_E8_84.6	TCCTCTCGCTCAGCGCGGAT	NRBP2
NRK_PKc_E2_66.2	ACCATTGGCCTTGGTACTTA	NRK
NRK_PKc_E4_72.4	CTCACTCGCCTTCCTATTTC	NRK
NRK_PKc_E5_126.4	CTGGTCAGCGGCACCAACTT	NRK
NRK_PKc_E6_111	GTGATGGAGTTATGTGCAGC	NRK
NRK_PKc_E7_91.6	GAATTACTCGGTGTGCGTGA	NRK
NRK_PKc_E8_131.1	TGTAATCATAGGAGCGTCTT	NRK
NTRK1_PKc_E13_123.1	CCGGGACATCGTGCTCAAGT	NTRK1
NTRK1_PKc_E13_123.9	AGCTGGGGGAGGGCGCCTTT	NTRK1
NTRK1_PKc_E14_173.1	CTTTGAGTATATGCGGCACG	NTRK1
NTRK1_PKc_E15_241.18	TGGCTAGCCAGGTCGCTGCG	NTRK1
NTRK1_PKc_E16_159.13	GCTCCACACGTCGCTCTCGG	NTRK1
NTRK1_PKc_E17_144	GCAATCGACTGCATCACGCA	NTRK1
NTRK2_PKc_E17_123.3	CTGAAAAGGGAGCTAGGCGA	NTRK2
NTRK2_PKc_E17_123.4	GAGCTAGGCGAAGGAGCCTT	NTRK2
NTRK2_PKc_E18_173.3	CAAGTTCTATGGCGTCTGCG	NTRK2
NTRK2_PKc_E19_235.8	GCACTTCGTGCACCGCGATT	NTRK2
NTRK2_PKc_E20_159.3	TCACGACGGAAAGCGACGTC	NTRK2
NTRK2_PKc_E21_174.13	CAAGGCATCTCCGGTCTACC	NTRK2
NTRK3_PKc_E15_123	CATCGTGCTGAAGCGAGAAC	NTRK3
NTRK3_PKc_E16_173.8	TCTATGGAGTGTGCGGCGAT	NTRK3
NTRK3_PKc_E17_244.33	CATACCCGAGGCGATCTGAC	NTRK3
NTRK3_PKc_E18_42.1	ATACAAAAATCATTTCCAGA	NTRK3
NTRK3_PKc_E19_159	ACACCATGCTCCCCATTCGC	NTRK3
NTRK3_PKc_E20_162.26	CCGCTCCAAAACACGACCTT	NTRK3
NUAK1_PKc_E1_84.1	GGCCCGCTTGACTTTGCCGT	NUAK1
NUAK1_PKc_E2_121	TGCTATAAAATCCATTCGTA	NUAK1
NUAK1_PKc_E3_152.6	GCGGCGACGCCTCAGTGAGA	NUAK1
NUAK1_PKc_E4_66.2	TTTCCAGCTTCAAGTCCCGG	NUAK1
NUAK1_PKc_E5_120.6	TCAATGGGAGACCTTACCGA	NUAK1
NUAK1_PKc_E6_133.7	CGCTGCTGATTTGCCGAATG	NUAK1
NUAK2_PKc_E1_87	GCGGCACCGCTACGAGTTCC	NUAK2
NUAK2_PKc_E2_121	GGCCATCAAGTCAATCCGGA	NUAK2
NUAK2_PKc_E3_152.1	GTCATAAAGGTCGCCCCGGC	NUAK2
NUAK2_PKc_E4_66.6	TCTCCAGCTTGAGATCTCGG	NUAK2
NUAK2_PKc_E5_120.3	GCCTCGCCAGAGATTGTCAA	NUAK2
NUAK2_PKc_E6_133.8	GATCAGCAACGGGGCCTACC	NUAK2
OBSCN_PKc_E87_61.1	AGCTGCTGGACCGCCTGTAC	OBSCN
OBSCN_PKc_E87_61.4	CCGCCTGTACAGGAAGGGCG	OBSCN
OBSCN_PKc_E89_173.11	ATCTCGGGGGAGACGAACTC	OBSCN
OBSCN_PKc_E89_173.14	CGAACTCAGGGGAGCCGTAC	OBSCN
OBSCN_PKc_E90_27.0	GAGGTAGGAGATGACACCCA	OBSCN
OBSCN_PKc_E91_153.22	CGGTCACTCTCGCCGGCAAA	OBSCN
OBSCN_PKc2_E101_240.47	ATTGCCGCACCACGCTGAAG	OBSCN
OBSCN_PKc2_E101_240.9	AGCAGTGCTGCGCGAATACG	OBSCN
OBSCN_PKc2_E102_224.21	TGATCATGTTCTCGGACCTC	OBSCN
OBSCN_PKc2_E102_224.7	CCTGCTCAAGGTCGTGGACC	OBSCN
OBSCN_PKc2_E103_76.7	GATGAAGGCTGTCACACCGA	OBSCN
OBSCN_PKc2_E104_150.1	GGCTGAGCCGCTGCTACGCG	OBSCN
OXSR1_PKc_E2_113.8	TAGGGGCACAATAAGCTGCT	OXSR1
OXSR1_PKc_E3_109.5	AGGATGATGGCATTGACTCA	OXSR1
OXSR1_PKc_E4_142.5	TACGATACTCCGAGAAGTAC	OXSR1
OXSR1_PKc_E5_56	AAAGCTGGAAACATTCTTCT	OXSR1
OXSR1_PKc_E6_110.9	CCAACAAGGGGTGCCAACAA	OXSR1
OXSR1_PKc_E7_102.3	ACAGCAATTGAATTGGCTAC	OXSR1
PAK1_PKc_E10_113.1	TTAATGAGATCCTGGTCATG	PAK1
PAK1_PKc_E11_118.9	CACGGCACACAGCTGCAATT	PAK1
PAK1_PKc_E12_100	GGAGTTCTTGCATTCGAACC	PAK1
PAK1_PKc_E13_197.8	TTGTGACACGAAAGGCCTAT	PAK1
PAK1_PKc_E8_53.2	CGGTTTGAGAAGATTGGACA	PAK1
PAK1_PKc_E9_49	AGGCACCGTGTACACAGCAA	PAK1
PAK2_PKc_E10_113.1	ACTGATCATTAACGAGATTC	PAK2
PAK2_PKc_E11_118.2	GTGGTCATGGAATACCTTGC	PAK2
PAK2_PKc_E12_100	CAAAAGTGACAATGTACTTT	PAK2
PAK2_PKc_E13_197.21	CCAGTATGGCGTTCCGACCA	PAK2
PAK2_PKc_E8_64.3	ATCTTGTATATTTTTTCTTA	PAK2
PAK2_PKc_E9_49.2	TACTGACGTTGCACTGGGAC	PAK2
PAK3_PKc_E10_49	ACAGCACTAGACATTGCAAC	PAK3
PAK3_PKc_E11_113.2	TTAATGAAATTCTGGTCATG	PAK3
PAK3_PKc_E12_118.1	CTTGGTGGGTGATGAACTAT	PAK3
PAK3_PKc_E13_100.3	TGACAATATTCTTCTCGGGA	PAK3
PAK3_PKc_E14_197.8	ATGGTCCGAAAGTTGATATC	PAK3
PAK3_PKc_E9_64.1	AGATTTGAAAAAATTGGTCA	PAK3
PAK4_PKc_E10_153.1	GGTGCGGTTCTGGCGCATGA	PAK4
PAK4_PKc_E5_201.2	GGCGATGCACACGATGCCCG	PAK4
PAK4_PKc_E6_134.18	TCTCCACCACATTCTCGTGC	PAK4
PAK4_PKc_E7_127.12	GTCCCGGTGGATGACGCCCT	PAK4
PAK4_PKc_E8_126.5	CGCTGGTCGGCACGCCCTAC	PAK4
PAK4_PKc_E9_135.16	AGGGGTGGCTCGTTGAAGTA	PAK4
PAK6_PKc_E10_135.21	GGGGAGTCACTGAAGTACGG	PAK6
PAK6_PKc_E11_165.9	AGGTCTGCTTTCGGTAGAGC	PAK6
PAK6_PKc_E6_204.1	AGCTACGTGAAGATTGGCGA	PAK6
PAK6_PKc_E7_134	GGACTACCAGCACTTCAACG	PAK6
PAK6_PKc_E8_127.8	TCCTGCTGACCCTCGATGGC	PAK6
PAK6_PKc_E9_126.5	GGTGGGAACCCCCTACTGGA	PAK6
PAK7_PKc_E10_135.21	TTTCTATCACCATGATCCCG	PAK7
PAK7_PKc_E11_147.8	AGGGGGACGATGCAAGACGG	PAK7
PAK7_PKc_E6_207.22	GGTGGCGATGCATACGATGC	PAK7
PAK7_PKc_E7_134.9	CCCAGAGCTCATCGCCGACA	PAK7
PAK7_PKc_E8_127.4	TCCTCCTGACAAGCGATGGC	PAK7
PAK7_PKc_E9_126.4	CATTGGTTGGCACTCCCTAC	PAK7
PASK_PKc_E12_81	GTACAGTACCATGAGCCCGC	PASK
PASK_PKc_E13_126.11	GATATTGGCGTGCTCCACCC	PASK
PASK_PKc_E14_156.1	GTCGGAAGATGTAGCTCGCC	PASK
PASK_PKc_E15_200.2	TGAGAACATCGTGATCGCCG	PASK
PASK_PKc_E16_134.9	TGCCATACACCCGCCATACC	PASK
PASK_PKc_E17_86.7	TCCAAGGTGGTGCGTCTCTC	PASK
PBK_PKc_E3_59	TCTCCGTTTATGCAGAAGCT	PBK
PBK_PKc_E3_59.2	CAGAAGCTTGGCTTTGGTAC	PBK
PBK_PKc_E4_143.6	GGAGAATGAGACAAACCTCT	PBK
PBK_PKc_E5_170.12	AAGACACAGACTGCCATCAT	PBK
PBK_PKc_E6_130.3	TGTAGGAGTCTCTCTACCAC	PBK
PBK_PKc_E8_191	TGAAGCATACTATGCAGCGT	PBK
PCNA_e2.1	GGACTCGTCCCACGTCTCTT	PCNA
PCNA_e2.2	CTACCGCTGCGACCGCAACC	PCNA
PCNA_e3.1	GCCGGCGCATTTTAGTATTT	PCNA
PCNA_e3.2	CGAAGATAACGCGGATACCT	PCNA
PDGFRA_PKc_E12_124.3	GCTGCCTTATGACTCAAGAT	PDGFRA
PDGFRA_PKc_E13_105.11	TTGGGACCGGCTTAATCCAT	PDGFRA
PDGFRA_PKc_E14_111.9	TTTTTCACTGGATCTGGCCG	PDGFRA
PDGFRA_PKc_E15_154.7	CTCCGTGTGCTTTCATCAGC	PDGFRA
PDGFRA_PKc_E16_167.7	GACGATCATAGAGTGATCTC	PDGFRA
PDGFRA_PKc_E17_116.3	CTATCAAGTTGCCCGAGGAA	PDGFRA
PDGFRB_PKc_E12_124.1	CGGCCATGAGTACATCTACG	PDGFRB
PDGFRB_PKc_E13_105.1	CTTGACGGCCACTTTCATCG	PDGFRB
PDGFRB_PKc_E14_111.1	CCAACAGGTTGACCACGTTC	PDGFRB
PDGFRB_PKc_E15_160.7	ATTGCTGTAGAGCTCCGCGC	PDGFRB
PDGFRB_PKc_E16_161.11	GGGAACGTAGTTATCGTAAG	PDGFRB
PDGFRB_PKc_E17_119.2	CTAAGCTACATGGACCTCGT	PDGFRB
PDIK1L_PKc_E2_267.1	CTAATACGGGAGGTAGGCCG	PDIK1L
PDIK1L_PKc_E2_267.2	TTAGTGCCCAGAACTCACGA	PDIK1L
PDIK1L_PKc_E2_267.24	ACACAACACCGTAACTACCT	PDIK1L
PDIK1L_PKc_E3_708.64	TATCAGGCTTAAGATCTCGG	PDIK1L
PDIK1L_PKc_E3_708.65	TAAGATCTCGGTGGATGATC	PDIK1L
PDIK1L_PKc_E3_708.73	CCACAAATAATAGGCGCTTC	PDIK1L
PDK1_PKc_E1_34.4	GAACTGCTTCATGGAGAGCG	PDK1
PDK1_PKc_E2_142.3	CAGGACACCATCCGTTCAAT	PDK1
PDK1_PKc_E3_72.2	CAAGAAGCTCCTGAAGACTC	PDK1
PDK1_PKc_E5_185.12	CCTTGTATTCAATCACACCC	PDK1
PDK1_PKc_E6_68.2	CCAATGTGTTTTCGATGAGA	PDK1
PDK2_PKc_E1_34	GCTGTCCATGAAGCAGTTTC	PDK2
PDK2_PKc_E1_34.4	AAACTGCTTCATGGACAGCG	PDK2
PDK2_PKc_E2_142.9	TCAGCACTCGGTCGGGAAGC	PDK2
PDK2_PKc_E3_72.3	GTTCCTGGACAAGGATCCCG	PDK2
PDK2_PKc_E4_185.26	GTCGTTGTGCCGGTTCCGGA	PDK2
PDK2_PKc_E5_62.1	GTCGATGCTGCCGATGTGTT	PDK2
PDK3_PKc_E1_34	GCTCTCCATCAAACAATTCC	PDK3
PDK3_PKc_E1_34.1	GAAGTCCAGGAATTGTTTGA	PDK3
PDK3_PKc_E2_142.11	ATTGTGTTAGCCAGCCGCAC	PDK3
PDK3_PKc_E3_72.1	TAAGAGCCCTGAGGATCCAC	PDK3
PDK3_PKc_E4_185.1	CATGCGGAAAGAGATGCGGT	PDK3
PDK3_PKc_E5_62.2	CCTATGTGTTTAGGATGAAC	PDK3
PDK4_PKc_E1_34	GCTGTCCATGAAGCAGCTAC	PDK4
PDK4_PKc_E1_34.4	TAGCTGCTTCATGGACAGCG	PDK4
PDK4_PKc_E2_142.7	TATTTACTAATTGGGTCGGG	PDK4
PDK4_PKc_E3_72.2	GATAATGCTTTCTGGTCATC	PDK4
PDK4_PKc_E4_185.8	GGTGACTGGGTCAACTGTAC	PDK4
PDK4_PKc_E5_59	ATATTTAGTGACTCACAGAC	PDK4
PDPK1_PKc_E2_48	TTCAAGTTTGGGAAAATCCT	PDPK1
PDPK1_PKc_E2_48.1	TCAAGTTTGGGAAAATCCTT	PDPK1
PDPK1_PKc_E2_48.2	CAAGTTTGGGAAAATCCTTG	PDPK1
PDPK1_PKc_E2_48.3	TTTGGGAAAATCCTTGGGGA	PDPK1
PDPK1_PKc_E2_48.4	TGGAAAAAGAGCCTTCCCCA	PDPK1
PHKG1_PKc_E2_38.1	TATGAGCCCAAAGAGATCCT	PHKG1
PHKG1_PKc_E3_179.3	AAGGTCATCGACGTCACCGG	PHKG1
PHKG1_PKc_E4_55	GACCAACACTTTCTTCTTCT	PHKG1
PHKG1_PKc_E5_96.16	GCCCTGAAGTTGGTGGACTT	PHKG1
PHKG1_PKc_E6_66.1	GAAGGTCACCTTGAGTGAGA	PHKG1
PHKG1_PKc_E7_164.2	ACAAACTCAACATCGTGCAC	PHKG1
PHKG2_PKc_E2_59.2	CGTCCTTAGGGTCGTACTTC	PHKG2
PHKG2_PKc_E3_176	CGTTGTGTTCATCGAGCTAC	PHKG2
PHKG2_PKc_E4_55.3	AGACTCGTAGGAATCGATGA	PHKG2
PHKG2_PKc_E5_66.2	GAAGGTGGCCCTCTCTGAAA	PHKG2
PHKG2_PKc_E6_164	GTCCATCATGCGGTCTCTGC	PHKG2
PHKG2_PKc_E8_154.13	TGGAACGGTCATCCCACTCG	PHKG2
PIK3R4_PKc_E2_661.16	ACAAATCTGGAGTTCGTCAT	PIK3R4
PIK3R4_PKc_E2_661.6	AGAAGGCCTGGTCGTTGTGA	PIK3R4
PIK3R4_PKc_E3_134	ATAGCTGAGCTTTTTACAGA	PIK3R4
PIK3R4_PKc_E3_134.5	AGTTGAGAGAGATCAAATAA	PIK3R4
PIK3R4_PKc_E4_93	TGAGCCAGATAAACGTTTAG	PIK3R4
PIK3R4_PKc_E4_93.1	GATTACTTAAAACAGCAGCG	PIK3R4
PIM1_PKc_E2_81	GTACCAGGTGGGCCCGCTAC	PIM1
PIM1_PKc_E2_81.6	GGCTTCGGCTCGGTCTACTC	PIM1
PIM1_PKc_E3_51.2	AGAAGGACCGGATTTCCGAC	PIM1
PIM1_PKc_E4_367.38	CGCCGCGATTGAGGTCGATA	PIM1
PIM1_PKc_E5_177.26	CGATGGTAGCGGATCCACTC	PIM1
PIM1_PKc_E6_86.6	TCGAAGGTTGGCCTATCTGA	PIM1
PIM2_PKc_E2_81	GTATCGACTCGGCCCCCTCC	PIM2
PIM2_PKc_E2_81.8	GGCTTTGGCACCGTCTTCGC	PIM2
PIM2_PKc_E3_51.1	GATTCCCCGGAATCGTGTGC	PIM2
PIM2_PKc_E4_373.24	ATCCTGATAGACCTACGCCG	PIM2
PIM2_PKc_E5_177.23	TGGCCGGGAGTGCATGGTAC	PIM2
PIM2_PKc_E6_89.18	GGCCAGGCACCGGCGGATTA	PIM2
PIM3_PKc_E2_81.7	GGCTTCGGCACGGTCTACGC	PIM3
PIM3_PKc_E2_81.9	CGGGTAGCCGCATCGCCGAC	PIM3
PIM3_PKc_E3_51.5	AAGGAGCGGGTGACCGAGTG	PIM3
PIM3_PKc_E4_370.28	GGTCGTGCACCGCGACATTA	PIM3
PIM3_PKc_E5_177.8	GGGCGTGCTTCTCTACGATA	PIM3
PIM3_PKc_E6_86.6	GCCGCAATCTGATCCAGCGA	PIM3
PINK1_PKc_E2_192.4	AAGAGCACCGGGTTGCTTCC	PINK1
PINK1_PKc_E3_101.11	CCAAGGCCACTCGGCTCGCT	PINK1
PINK1_PKc_E4_183.23	CACATCAGGGTAGTCGACCA	PINK1
PINK1_PKc_E5_164.22	TCACACAAAGGTACTGGCGC	PINK1
PINK1_PKc_E6_128.9	TACGTGGATCGGGGCGGAAA	PINK1
PINK1_PKc_E7_237.32	CCCGAAGATTTCATAGGCGA	PINK1
PKMYT1_PKc_E3_57	CTTCCAGAGGCTCAGCCGCC	PKMYT1
PKMYT1_PKc_E3_57.4	GGGCCATGGCTCCTACGGAG	PKMYT1
PKMYT1_PKc_E4_494.118	AACGCTTTACCGCATAGAGC	PKMYT1
PKMYT1_PKc_E4_494.8	CAAGGACCGGGCCCGCAAGT	PKMYT1
PKMYT1_PKc_E5_107.4	ACATGGAGCTGCCCCACGGT	PKMYT1
PKMYT1_PKc_E6_92.9	TCGGCCGTGGCCCGCAGCTT	PKMYT1
PKN1_PKc_E14_42.4	GTGCTGGGCCGGGGTCATTT	PKN1
PKN1_PKc_E15_92.8	GGACATTGTGGCCCGAGACG	PKN1
PKN1_PKc_E16_177.11	TGATGGAGTACTCGGCCGGT	PKN1
PKN1_PKc_E17_63	TTATTCCGCCTGCGTGGTGC	PKN1
PKN1_PKc_E18_77.6	TGCGATCTTGACGTAGCCCT	PKN1
PKN1_PKc_E19_143.6	CACGTCGTACACGCGAGCTG	PKN1
PKN2_PKc_E14_42	TTCAGGTGTTGTGCTGTCTT	PKN2
PKN2_PKc_E15_92	GCTATAAAAGCCTTAAAGAA	PKN2
PKN2_PKc_E16_177.5	TAATGGAATATGCTGCCGGT	PKN2
PKN2_PKc_E17_63	TATGCTGCTTGTGTAGTTCT	PKN2
PKN2_PKc_E18_77	TAACTTATTGCTAGATACAG	PKN2
PKN2_PKc_E19_143.9	TTTCATATATAAGCACGCCA	PKN2
PKN3_PKc_E15_92.2	CTGGTCCAGTTCAAGGGGAC	PKN3
PKN3_PKc_E16_177.26	GGATCCGCTTCTCGCAGTAC	PKN3
PKN3_PKc_E17_63	CTACGTGGCTTGTGTTGTCC	PKN3
PKN3_PKc_E18_77.5	GTCCAAAGTCTGCGATCTTC	PKN3
PKN3_PKc_E19_143.19	CAGCCCGTGTGTATGCCTCC	PKN3
PKN3_PKc_E20_108.6	CCGGCTTTCTGTCGGTGCAA	PKN3
PLK1_PKc_E1_276.2	GGACAACGACTTCGTGTTCG	PLK1
PLK1_PKc_E1_276.9	GTGCTTCGAGATCTCGGACG	PLK1
PLK1_PKc_E2_169.19	CGTAGGTAGTATCGGGCCTC	PLK1
PLK1_PKc_E3_145.19	CTCCCCGTCATATTCGACTT	PLK1
PLK1_PKc_E4_94.3	ATTCTTCTTGATCCGGAGGT	PLK1
PLK1_PKc_E5_111.2	TTAAGCAGCTCGTTAATGGT	PLK1
PLK2_PKc_E1_33	CTACTGCCGGGGCAAAGTGC	PLK2
PLK2_PKc_E2_108	GAGTAGCTAAACCTCATCAA	PLK2
PLK2_PKc_E3_117	GCAGTTTTACCACTACTTCG	PLK2
PLK2_PKc_E4_130.5	CTGAGGTAGTATCGAACTTC	PLK2
PLK2_PKc_E5_88.5	AAAAGTTGGGGACTTCGGTC	PLK2
PLK2_PKc_E6_96.4	TGAATCAGACATTTGGGCCC	PLK2
PLK3_PKc_E1_33	CTACCTCAAAGGCCGCTTGT	PLK3
PLK3_PKc_E2_108.3	GCTGATGCGGCTTGGCGACG	PLK3
PLK3_PKc_E3_117.4	GCGAAAAACGCACGATGTGG	PLK3
PLK3_PKc_E4_130.12	CGCAGGTAGTAGCGCACTTC	PLK3
PLK3_PKc_E5_88.1	TTTTGGGCTGGCAGCCCGGT	PLK3
PLK3_PKc_E6_96.1	GTGACCATACATCCGCCTCA	PLK3
PLK4_PKc_E2_96.2	CTTGGTAAAGGATCATTTGC	PLK4
PLK4_PKc_E2_96.3	AGAGCTGAGTCCATTCACAC	PLK4
PLK4_PKc_E3_96.2	GGTACAGAGAGTCCAAAATG	PLK4
PLK4_PKc_E3_96.6	TACCATTCCTGCTTTGTACA	PLK4
PLK4_PKc_E4_115	AGATAGCAATTATGTGTATC	PLK4
PLK4_PKc_E5_458.19	GACAGACTTAAACGATCTGC	PLK4
PNCK_PKc_E2_38	GCGTCTACGAGATCCGCGAG	PNCK
PNCK_PKc_E3_132.27	GTGTGCGGAGCCCCGCTCCT	PNCK
PNCK_PKc_E4_75	TCACCCCAACATCGTCGCTC	PNCK
PNCK_PKc_E5_139	CGAGCTGTTTGACCGCATCA	PNCK
PNCK_PKc_E6_124.8	ACATGCTAGGCACCGCCTGT	PNCK
PNCK_PKc_E7_76.11	ACATCTACGGCCTTCCCGTA	PNCK
POLR2A_e10.1	GTACAATGCAGACTTTGACG	POLR2A
POLR2A_e10.2	TGGGGGGTGACAATCATGCG	POLR2A
POLR2A_e2.1	AAGCGAATGTCTGTGACGGA	POLR2A
POLR2A_e2.2	CAGGGGGTGATTGAGCGGAC	POLR2A
POLR2A_e27.1	AGAGATTCCACCCATGGGAC	POLR2A
POLR2A_e27.2	CAACCCCTGCCTATGGCGCC	POLR2A
POLR2A_e28.1	GCTGGCATCTGACGCAGCAC	POLR2A
POLR2A_e28.2	GTAACCTGGGCTGAAGCCGC	POLR2A
POLR2D_e2.1	TGAGAGTGCAGAGGACGAAC	POLR2D
POLR2D_e3.1	TGGGCAAAGGTTGGCCAAAC	POLR2D
POMK_PKc_E4_39	CAGCTGAAGCGTGTTGGGGA	POMK
POMK_PKc_E5_705.23	TGCTGGTGAAGTGCGGCCAC	POMK
POMK_PKc_E5_705.3	ACACATGTTGTCACGCTGCT	POMK
POMK_PKc_E5_705.7	CAGTGTCTTCGGCAGGTCGT	POMK
PRKAA1_PKc_E1_58.5	ACGCTGGGGGTCGGCACCTT	PRKAA1
PRKAA1_PKc_E2_142.3	ATTCGGAGCCTTGATGTGGT	PRKAA1
PRKAA1_PKc_E3_94.7	CAGATGGTGTACTGATGACC	PRKAA1
PRKAA1_PKc_E4_45.1	AGTAAAAACAGGCTCCACGA	PRKAA1
PRKAA1_PKc_E5_145.2	CTGGTGTGGATTATTGTCAC	PRKAA1
PRKAA1_PKc_E6_88.3	TACTTCTGGTGCAGCATAGT	PRKAA1
PRKAA2_PKc_E1_58.1	TACGTGCTGGGCGACACGCT	PRKAA2
PRKAA2_PKc_E2_142	TCAATTAACAGGCCATAAAG	PRKAA2
PRKAA2_PKc_E3_94.7	CTGTTGGAGTGCTGATCACC	PRKAA2
PRKAA2_PKc_E4_145.8	AATCTGCTGAAAGAGCCGCC	PRKAA2
PRKAA2_PKc_E5_88.3	ACTTCAGGTGCTGCATAATT	PRKAA2
PRKAA2_PKc_E6_225.3	ACGTTATTTAAGAAGATCCG	PRKAA2
PRKACA_PKc_E3_114.2	CGAATCAAGACCCTCGGCAC	PRKACA
PRKACA_PKc_E4_99	AGGAGAACTCGAGTTTGACG	PRKACA
PRKACA_PKc_E5_83.8	CACACCTACGGCGGATCGGA	PRKACA
PRKACA_PKc_E6_127.16	GGCCGCGTAGAAACGGGCAT	PRKACA
PRKACA_PKc_E7_96.1	GTACTCAGGGGTGCCGCACA	PRKACA
PRKACA_PKc_E8_123.9	ATCTATGAGAAGATCGTCTC	PRKACA
PRKACB_PKc_E3_117.2	ACCCTTGGAACAGGTTCATT	PRKACB
PRKACB_PKc_E4_99.2	AAGCATACTCCAGTCGAACA	PRKACB
PRKACB_PKc_E5_83.3	GGTTATGGAATATGTCCCTG	PRKACB
PRKACB_PKc_E6_127.6	AGCTGCATAGAACCGTGCAT	PRKACB
PRKACB_PKc_E7_96.2	GGCAGAACTTGGACATTATG	PRKACB
PRKACB_PKc_E8_123	GCTACAATAAGGCAGTGGAT	PRKACB
PRKACG_PKc_E1_948.1	CGGATCAGTTCGAACGGCTC	PRKACG
PRKACG_PKc_E1_948.136	GGTCGAGCGAGTGTAGGTAC	PRKACG
PRKACG_PKc_E1_948.146	TAAACCTTCCGACGCGCTGT	PRKACG
PRKACG_PKc_E1_948.157	ACGGAAAGTCGATCGCCTGC	PRKACG
PRKACG_PKc_E1_948.164	CCGTTCGAACTGATCCGAGC	PRKACG
PRKACG_PKc_E1_948.76	CAGTAACTTTGACGACTACG	PRKACG
PRKCA_PKc_E10_174.1	TGCAGCTGCGTCAAGAACGG	PRKCA
PRKCA_PKc_E11_92.1	GTCATGGAATATGTCAACGG	PRKCA
PRKCA_PKc_E12_63	TATGCGGCAGAGATTTCCAT	PRKCA
PRKCA_PKc_E13_139.7	TGATGGATGGAGTCACGACC	PRKCA
PRKCA_PKc_E14_81	ATAATCGCTTATCAGCCGTA	PRKCA
PRKCA_PKc_E9_75.1	CCGTGAGTTTCACTCGGTCA	PRKCA
PRKCB_PKc_E10_174.3	TGATGACGTGGAGTGCACTA	PRKCB
PRKCB_PKc_E5_55.3	GAGGACGTCCCTGTCGATGT	PRKCB
PRKCB_PKc_E6_157.15	GTTTTACGTAGGGATCTGAC	PRKCB
PRKCB_PKc_E7_135.4	GGGATTGGGATTTGACCAGC	PRKCB
PRKCB_PKc_E8_46.2	TGAAGTACTCGCCTTCCTCC	PRKCB
PRKCB_PKc_E9_45.1	TTTAACTTCCTAATGGTGCT	PRKCB
PRKCD_PKc_E12_42.4	TCCCGAAGCTGCCTTTGCCC	PRKCD
PRKCD_PKc_E13_174.16	ACTCCACGTCGTCGTCGATC	PRKCD
PRKCD_PKc_E14_92.12	ACATCAGGTCCCCCCCGTTG	PRKCD
PRKCD_PKc_E15_63	TATGCCGCTGAGATAATGTG	PRKCD
PRKCD_PKc_E16_139.5	ACATCAAGATTGCCGACTTT	PRKCD
PRKCD_PKc_E17_189.1	ACACGCCACATTATCCCCGC	PRKCD
PRKCE_PKc_E10_174.13	AGTAGAGTTGGGTAAGGTAC	PRKCE
PRKCE_PKc_E11_155.2	AATTCGACGAGCCTCGTTCA	PRKCE
PRKCE_PKc_E12_139.1	TGACGACCACCACGTTCTGT	PRKCE
PRKCE_PKc_E13_189.18	CTGGGTACAGCACGTCGTCA	PRKCE
PRKCE_PKc_E14_147.1	AAGAATCCCCACAAGCGCCT	PRKCE
PRKCE_PKc_E9_42.1	TTCATCAAGGTGTTGGGCAA	PRKCE
PRKCG_PKc_E10_42.4	TGCCTTTTCCTAGAACCATG	PRKCG
PRKCG_PKc_E11_189.3	GATCGTCCAGGACGACGATG	PRKCG
PRKCG_PKc_E12_92.3	GTGATGGAGTACGTCACCGG	PRKCG
PRKCG_PKc_E13_63	TACGCGGCAGAAATCGCTAT	PRKCG
PRKCG_PKc_E14_139.17	AGGTGCGGGTTGTCGTCCCG	PRKCG
PRKCG_PKc_E15_81.2	CCTATGGGAAGTCTGTCGAT	PRKCG
PRKCH_PKc_E10_155.8	AACGACGAGACTTCTGAATG	PRKCH
PRKCH_PKc_E11_139.2	AATGTCCTGTTGGACCACGA	PRKCH
PRKCH_PKc_E12_189.8	CTGTGGTCACGCGCCTTTTG	PRKCH
PRKCH_PKc_E13_144.1	AAGAACCCCACCATGCGCTT	PRKCH
PRKCH_PKc_E8_42	TTTGAGTTCATCCGAGTGTT	PRKCH
PRKCH_PKc_E9_174.15	CAGGATCCTTTTCTCGGTCA	PRKCH
PRKCI_PKc_E10_98.3	AGCAAGAATGCAGCCCAACA	PRKCI
PRKCI_PKc_E12_136.1	TAAATTATCTTCATGAGCGA	PRKCI
PRKCI_PKc_E13_88.2	TCTTCTCCTCTTAAAATTTC	PRKCI
PRKCI_PKc_E14_126.11	GAGCTCCCAACAATATCAAA	PRKCI
PRKCI_PKc_E15_80	GCTTTTACAGACAGAGAACG	PRKCI
PRKCI_PKc_E9_177.5	TTTGATTTGCTCCGGGTAAT	PRKCI
PRKCQ_PKc_E11_60.3	TTGCACAAAATGTTGGGGAA	PRKCQ
PRKCQ_PKc_E12_174.3	CGATGATGTTGAGTGCACGA	PRKCQ
PRKCQ_PKc_E13_92.2	TGATGGAGTACCTCAACGGA	PRKCQ
PRKCQ_PKc_E14_63.1	CTGCAGTTCCTTCATTCCAA	PRKCQ
PRKCQ_PKc_E15_139.2	CATATCAAGATCGCGGATTT	PRKCQ
PRKCQ_PKc_E16_189.9	TCAGTCGCCTTTCCACGGGC	PRKCQ
PRKCZ_PKc_E10_98.3	AGCAGGAGTGTAATCCGACC	PRKCZ
PRKCZ_PKc_E11_87.3	CATTGAGTACGTCAACGGCG	PRKCZ
PRKCZ_PKc_E12_136.12	TGATGTGCCCGTCCGCATCC	PRKCZ
PRKCZ_PKc_E13_88.11	TTCGGGGGCGATGTAATTCG	PRKCZ
PRKCZ_PKc_E14_120.12	GTCGGTGATGATGTCGAACG	PRKCZ
PRKCZ_PKc_E9_171.8	CTAATCAGAGTCATCGGGCG	PRKCZ
PRKD1_PKc_E12_64.5	CCAGAACCCAGTACTTCATC	PRKD1
PRKD1_PKc_E13_107.1	TTGCAACCTCATTACGAAGC	PRKD1
PRKD1_PKc_E14_162.7	AAAAACTTCGTTATGTGCTC	PRKD1
PRKD1_PKc_E15_99.1	GAGGCTAGCAACACATTTTC	PRKD1
PRKD1_PKc_E16_268.7	GGTGGGTACCCCCGCTTACC	PRKD1
PRKD1_PKc_E17_83	AATGAGAAAGCGCTACAGTG	PRKD1
PRKD2_PKc_E12_64	GATCTTCCCTGACGAAGTGC	PRKD2
PRKD2_PKc_E13_107.8	TGGCCACTTCATTCCGGAGC	PRKD2
PRKD2_PKc_E14_162.19	TCACGATCCCGGGATGCCGC	PRKD2
PRKD2_PKc_E15_99.1	GATGCCAGCAACACGTTTTC	PRKD2
PRKD2_PKc_E16_268.1	GAAGTCGTTCCGCCGCTCAG	PRKD2
PRKD2_PKc_E17_83.1	GATGCGCAAACGCTACAGCG	PRKD2
PRKD3_PKc_E12_64.4	GGCCAGTTTGGCATCGTTTA	PRKD3
PRKD3_PKc_E13_107.3	AAGTCAACTCCGTAATGAAG	PRKD3
PRKD3_PKc_E14_162.8	ATTACTACAAAGACTCGTTC	PRKD3
PRKD3_PKc_E15_99	GATGCAAGCAGCACATTTTC	PRKD3
PRKD3_PKc_E16_268	TTTGGATTTGCACGCATCAT	PRKD3
PRKD3_PKc_E17_83	ACAAATCTCTTAGTCATCCC	PRKD3
PRKDC_PKc_E79_221.1	CCCAAGCGCATCATCATCCG	PRKDC
PRKDC_PKc_E79_221.2	TCATCCGTGGCCATGACGAG	PRKDC
PRKDC_PKc_E80_93.5	GTAAGCCGCCTTCTCCTCTT	PRKDC
PRKDC_PKc_E81_90.5	ATATTCACACGGCGGTGCCC	PRKDC
PRKDC_PKc_E83_202.13	GGCGTGATCGGGATCGACTT	PRKDC
PRKDC_PKc_E84_189.21	AACTGGCGAGTTAGCCGAAA	PRKDC
PRKG1_PKc_E10_72	TTCAACATCATTGATACCCT	PRKG1
PRKG1_PKc_E11_140	TCTCAAGAAACGTCACATTG	PRKG1
PRKG1_PKc_E12_90.2	TTGATGGAAGCTTGTCTAGG	PRKG1
PRKG1_PKc_E13_142.5	TGGCATAACCTCGGTGATCT	PRKG1
PRKG1_PKc_E14_164.6	ATGACATTTCAGCCGACTAC	PRKG1
PRKG1_PKc_E15_123.9	TATAGGTTTTCATAGGATCT	PRKG1
PRKG2_PKc_E11_75.4	TTGCAACACTGGGCGTTGGT	PRKG2
PRKG2_PKc_E12_137.1	CATAGTTGACACCAAGCAGC	PRKG2
PRKG2_PKc_E13_90.7	GGGAGCTCTGGAGTATATTA	PRKG2
PRKG2_PKc_E14_142.4	AGATAATACCTAGTCGATGC	PRKG2
PRKG2_PKc_E15_164.13	CTAGTGTATGAGCTCCTAAC	PRKG2
PRKG2_PKc_E16_123.3	GAAGATAACACGACGACCTG	PRKG2
PRKX_PKc_E1_52.2	CTTTGACACGCTGGCCACCG	PRKX
PRKX_PKc_E2_169.1	TGCTTTAGGCGGATGACGTC	PRKX
PRKX_PKc_E3_264.3	AGAAGCGCCCCCGGTTGCGC	PRKX
PRKX_PKc_E5_96.9	GGGTTGTCATCAAAAAACGG	PRKX
PRKX_PKc_E6_58.2	GTTGACAGAACAAGGCGATT	PRKX
PRKX_PKc_E7_78.2	TCATCGGTGGTTCCGCTCCG	PRKX
PRKY_PKc_E1_28	CTGCGACGCGCTGGTCACCA	PRKY
PRKY_PKc_E2_169.3	GCATTCCCGACGTCATCCGC	PRKY
PRKY_PKc_E2_169.9	CGTGCTGCTCCTGCTTCCGG	PRKY
PRKY_PKc_E3_264.32	AGAAGTGCCCCCGGTTGCGC	PRKY
PRKY_PKc_E5_96.2	ACTATATTTCCCCAGACATT	PRKY
PRPF4B_PKc_E10_138.1	TCACAAGCAGCATCTTTGTC	PRPF4B
PRPF4B_PKc_E11_154.2	CTATAGTCAGCAGTTGTTCC	PRPF4B
PRPF4B_PKc_E12_115.3	TGGGTCGGCTTCACATGTTG	PRPF4B
PRPF4B_PKc_E13_152.11	TCCAGTATAGAGTTCGTATA	PRPF4B
PRPF4B_PKc_E14_87	AAGTTGATAAAGTAACAGAG	PRPF4B
PRPF4B_PKc_E9_119.4	TGATCTTTACAGCCACTTCT	PRPF4B
PSKH1_PKc_E2_672.3	TCACCGAGCGTGACGCCACG	PSKH1
PSKH1_PKc_E2_672.53	TTGAGGATGACAACCGTACC	PSKH1
PSKH1_PKc_E2_672.73	TGGTGTATGGCTTGCGGACC	PSKH1
PSKH1_PKc_E3_108.1	AGTGCAGTCATACGGGCTCC	PSKH1
PSKH1_PKc_E3_108.19	AGGTTGGACACACTAGGCCA	PSKH1
PSKH1_PKc_E3_108.4	AGCCCGTATGACTGCACTGC	PSKH1
PSKH2_PKc_E2_667.2	GTAATGGAGCTGGCTACCGG	PSKH2
PSKH2_PKc_E2_667.27	TTACAGAGCGGGATGCCGTC	PSKH2
PSKH2_PKc_E2_667.73	AACGATGGCTAACCCGCCGC	PSKH2
PSKH2_PKc_E3_108	TTGGCCAAGCATTTCCCACT	PSKH2
PSKH2_PKc_E3_108.12	TATAAAGTCCTTCGCCAAGT	PSKH2
PSKH2_PKc_E3_108.5	GCTGGTCATCGCATGTCAGC	PSKH2
PTK2_PKc_E16_90.1	ATAGAACTTGGACGATGTAT	PTK2
PTK2_PKc_E17_85.1	TTAATTGCAACCGCCAAAGC	PTK2
PTK2_PKc_E18_101.4	AGCTCCATGATTATCCAGAC	PTK2
PTK2_PKc_E19_116.3	TACTAAGCTGATAGGCATAC	PTK2
PTK2_PKc_E20_101.3	CTTTGGATTATCCCGATATA	PTK2
PTK2_PKc_E21_90.2	TTACCTCAGCTAGTGACGTA	PTK2
PTK2B_PKc_E20_90.1	CTTCCCCAAGAATACGATTC	PTK2B
PTK2B_PKc_E21_85.2	CAAGGAGAAGTTCATGAGCG	PTK2B
PTK2B_PKc_E22_101.1	CCGATCAGCTTCACGATGTG	PTK2B
PTK2B_PKc_E23_116.1	GGGAGTTCTTGTTCCGCTCC	PTK2B
PTK2B_PKc_E24_101.9	TTCCCGGTACATTGAGGACG	PTK2B
PTK2B_PKc_E25_90.3	CGTGAAGCGTCGGAAGTTAA	PTK2B
PTK6_PKc_E4_121.15	GCTCTGGAAAGACCGGGTCC	PTK6
PTK6_PKc_E4_121.6	AGCTGGGGTCCGGCTACTTT	PTK6
PTK6_PKc_E5_162.4	CATCCTGGCGCTGTACGCCG	PTK6
PTK6_PKc_E6_182.14	CGCCAGGAACATCCTCGTCG	PTK6
PTK6_PKc_E7_154.3	ACTCCACCAAATCCGACGTC	PTK6
PTK6_PKc_E8_164.19	CAGCATCAGCTTGTGCACGC	PTK6
PTK7_PKc_E15_40.1	CCAGCGTGGTGATGGGCTGC	PTK7
PTK7_PKc_E15_40.2	ATGGGCTGCAGGCTAGACCG	PTK7
PTK7_PKc_E15_40.3	TGGGCTGCAGGCTAGACCGT	PTK7
PTK7_PKc_E18_152.17	CTTATGCACAAAGCGGTTGT	PTK7
PTK7_PKc_E18_152.4	CCGCTTTGTGCATAAGGACT	PTK7
PTK7_PKc_E18_152.5	CTTGGCTGCGCGTAACTGCC	PTK7
RAF1_PKc_E10_103.1	GTGATGCTGTCCACTCGGAT	RAF1
RAF1_PKc_E11_85.12	GGGTTGGGTCGACAACCTTT	RAF1
RAF1_PKc_E12_177.12	ATTGCCCGGCAGACGGCTCA	RAF1
RAF1_PKc_E13_47	TGTTGGATTTCATGTCTCTA	RAF1
RAF1_PKc_E14_119.3	TGGCAACAGTAAAGTCACGC	RAF1
RAF1_PKc_E15_132.9	CATAGGAGTAGACATCCGAC	RAF1
RET_PKc_E12_118.2	ACTCTAGGAGAAGGCGAATT	RET
RET_PKc_E13_108	AGAGTTCAACGTCCTGAAGC	RET
RET_PKc_E14_215.42	GCCCCGCAGGGAGCCGTATT	RET
RET_PKc_E15_123.8	AAGAGGATTCCTACGTGAAG	RET
RET_PKc_E16_71	TCGGATTCCAGTTAAATGGA	RET
RET_PKc_E17_138.11	TCTGAAGACCGGCCACCGGA	RET
RIOK1_PKc_E10_138.3	GGCTCGGGAGTTGTACCTGC	RIOK1
RIOK1_PKc_E11_104.8	TGATATACACGCCTCCACCG	RIOK1
RIOK1_PKc_E6_93.2	ATAAATGGCTGCATTAGCAC	RIOK1
RIOK1_PKc_E7_113.4	GATCGGGATAAATATGTAAG	RIOK1
RIOK1_PKc_E8_81.1	GCTATTGTAAAGGAAACCCT	RIOK1
RIOK1_PKc_E9_87.2	CTTCTTAGCATTATTGGTTC	RIOK1
RIOK2_PKc_E1_45	ACATGAGCCGAGATGACTTC	RIOK2
RIOK2_PKc_E2_139.6	ACAGCCACCATGTTTAAGGC	RIOK2
RIOK2_PKc_E3_117.8	CATTTGTCAACCGATAGCCC	RIOK2
RIOK2_PKc_E4_176.2	AACGCGATTATCATAAACAT	RIOK2
RIOK2_PKc_E5_89	TGATTACAATCGTCATGCAG	RIOK2
RIOK2_PKc_E6_192.9	GCTTCATCATATACTGATGC	RIOK2
RIOK3_PKc_E10_81.1	TATAACATGCTGTGGCATGC	RIOK3
RIOK3_PKc_E11_90.4	AGTTCTTGTTCCGGGACTGC	RIOK3
RIOK3_PKc_E6_48	TGCCCGCCTACATGAGAAAA	RIOK3
RIOK3_PKc_E7_128.4	ATCACTGGCTGTATTAGTAC	RIOK3
RIOK3_PKc_E8_198.5	CACATGCGGATGATCTTACG	RIOK3
RIOK3_PKc_E9_160.7	AGTAGTACAACTGTTGGACA	RIOK3
RIPK1_PKc_E1_101.1	AACTGGACAGCGGAGGCTTT	RIPK1
RIPK1_PKc_E1_101.8	TTTTCATGATCATGAGTCCC	RIPK1
RIPK1_PKc_E2_157.18	CTTCCTCTATGATGACGCCC	RIPK1
RIPK1_PKc_E3_138.6	TGGAAAAGGCGTGATACACA	RIPK1
RIPK1_PKc_E4_229.14	GCTTTGCGTTGACGTCATTC	RIPK1
RIPK1_PKc_E5_150.8	GGAAATGTCGGCCGAGCTTC	RIPK1
RIPK2_PKc_E1_116.3	CCACGCAGACTGGCGCGTCC	RIPK2
RIPK2_PKc_E2_154.5	CATTAAATGAACTCCTACAT	RIPK2
RIPK2_PKc_E3_156.1	CTCAATGGCCAAGCAACATC	RIPK2
RIPK2_PKc_E4_158.7	ATATATATCGTGCTTGATAC	RIPK2
RIPK2_PKc_E6_162.6	GAGATCATACGTGCTCGGTG	RIPK2
RIPK2_PKc_E7_56	TCTTCAAATGTTCTCAAAAC	RIPK2
RIPK3_PKc_E2_101.1	AACCAGGAGCTCGTCGGCAA	RIPK3
RIPK3_PKc_E2_101.4	CTCGTCGGCAAAGGCGGGTT	RIPK3
RIPK3_PKc_E3_310.3	GAATTCGTGCTGCGCCTAGA	RIPK3
RIPK3_PKc_E4_146.18	GTTTGTTAACGTAAACCGGA	RIPK3
RIPK3_PKc_E5_47	CTAATGTGGGCAGTGCTTGC	RIPK3
RIPK3_PKc_E6_168.22	ACTGCTTCGTACACGAGTGA	RIPK3
RIPK4_PKc_E1_110.1	AAGGTGGGCTCGGGCGGCTT	RIPK4
RIPK4_PKc_E1_110.8	CTGTCGTCGACGTGCAGGCT	RIPK4
RIPK4_PKc_E2_292.16	CCGAATCATCCACGAGACGG	RIPK4
RIPK4_PKc_E3_149.14	GGTAGGCGATTGTGCCAAAC	RIPK4
RIPK4_PKc_E5_159.15	ACCGCTGCATGAGGCGTATC	RIPK4
RIPK4_PKc_E6_38	AGGCTTTTCACACAGGTCCT	RIPK4
RNASEL_PKc_E2_358.13	GCAGACTCTGGAAGCGTGTT	RNASEL
RNASEL_PKc_E2_358.35	AGACTTCCCGCTGTGCACGT	RNASEL
RNASEL_PKc_E3_86.3	GATAAGAGCATCAAGTGGGC	RNASEL
RNASEL_PKc_E3_86.4	CAAGTGGGCTGGAGATCCAC	RNASEL
RNASEL_PKc_E4_195.14	GACTGTCTGAGTGACCTGCT	RNASEL
RNASEL_PKc_E4_195.22	CATAGAGGACCAGCCGTCCA	RNASEL
ROCK1_PKc_E1_90.5	ATCCGAATTCACTTCCGATT	ROCK1
ROCK1_PKc_E2_82	GGATGCTTTGGTATATGATT	ROCK1
ROCK1_PKc_E4_138.9	CTTCATAGCATATACCTTCC	ROCK1
ROCK1_PKc_E5_176	AGATGATCGTTATCTCTACA	ROCK1
ROCK1_PKc_E6_85.3	TTATCCAGCAGCATGTTATC	ROCK1
ROCK1_PKc_E7_145.1	GTACGATGTGATACAGCGGT	ROCK1
ROCK2_PKc_E1_27.3	CAAGCTCTCCACGTTGATGG	ROCK2
ROCK2_PKc_E2_82.3	AAAATCTAAATCAAGGACCA	ROCK2
ROCK2_PKc_E3_101.4	GTTATTGGAAGAGGTGCTTT	ROCK2
ROCK2_PKc_E4_138	TCGTCACAAGGCATCGCAGA	ROCK2
ROCK2_PKc_E5_261.9	CTGGATGCAATACACTCCAT	ROCK2
ROCK2_PKc_E6_145.2	ACCGGATTATATATCACCTG	ROCK2
ROR1_PKc_E9_849	TCTTTCTGCTGTACGCTTTA	ROR1
ROR1_PKc_E9_849.12	CCTTCTAGGTGCCGTCACTC	ROR1
ROR1_PKc_E9_849.29	TTTACTCCGCTGATTACTAC	ROR1
ROR1_PKc_E9_849.47	AAGATATTCACGTCCGGCTT	ROR1
ROR1_PKc_E9_849.67	TCAGGGGGCATCCAGCGAAT	ROR1
ROR1_PKc_E9_849.93	GTTGAAATTCCGTCCATTGC	ROR1
ROR2_PKc_E9_852.135	CTTCACCGTGCGGTCATCAT	ROR2
ROR2_PKc_E9_852.36	CGCTCGCCGCACTCGGACGT	ROR2
ROR2_PKc_E9_852.38	CCGCACGGTGAAGTCCGCCC	ROR2
ROR2_PKc_E9_852.43	TTGTGGCACAGATCGCGGCG	ROR2
ROR2_PKc_E9_852.54	ACTCGCTGCTGCCTATCCGC	ROR2
ROR2_PKc_E9_852.88	CGTTCCAGCACTCGATCATG	ROR2
ROS1_PKc_E36_108.6	GCAGTGGACATCTTAGGAGT	ROS1
ROS1_PKc_E37_65	GAAGAAGGGTTCCACAGACC	ROS1
ROS1_PKc_E38_130.7	TTATTTGCGTAAAGCCCGGA	ROS1
ROS1_PKc_E39_98	TTATGGTCCTTTACTCACCT	ROS1
ROS1_PKc_E40_201.18	AATCTTCACTATCCGTGGAC	ROS1
ROS1_PKc_E41_135.2	GTGTTAAACTATGTGCAAAC	ROS1
Rosa26	GAAGATGGGCGGGAGTCTTC	Rosa26
RPA3_e1.1	CCGGCGTTGATGCGCGACCT	RPA3
RPA3_e1.2	GCCGGCGTTGATGCGCGACC	RPA3
RPA3_e1.3	GATGAATTGAGCTAGCATGC	RPA3
RPA3_e2.1	AAATGGAACCATCGAGTTGA	RPA3
RPL23A_e2.1	TGCGGATCTTCTTCTTTTTG	RPL23A
RPL23A_e2.2	GTCGCAGTGTCTTCGGCCGC	RPL23A
RPL23A_e3.1	GAAGCTGTATGACATTGATG	RPL23A
RPL9_e3.1	GGACGCACAGTTATCGTGAA	RPL9
RPL9_e3.2	AATGTAGAACTCAGCCTTCT	RPL9
RPL9_e4.1	CTCCGGGTTGACAAATGGTG	RPL9
RPL9_e4.2	GAAAGGAACTGGCTACCGTT	RPL9
RPS6KA1_PKc_E3_42	TTCGAGCTCCTCAAGGTTCT	RPS6KA1
RPS6KA1_PKc_E4_82.9	GCCGGGTGACTTTCCGCACC	RPS6KA1
RPS6KA1_PKc_E5_81	TGACCGCGTCCGGACCAAGA	RPS6KA1
RPS6KA1_PKc_E6_80.9	GATAGAGCTTGCCCTCGGTC	RPS6KA1
RPS6KA1_PKc_E7_107	GGAGGATGTGAAGTTTTACC	RPS6KA1
RPS6KA1_PKc_E8_38	TGTGGCCCTCCTCATCCAGA	RPS6KA1
RPS6KA1_PKc2_E15_126.1	GGTTTTTAGTGACGGCTACG	RPS6KA1
RPS6KA1_PKc2_E16_90.1	ATTGAGATTCTTCTGCGGTA	RPS6KA1
RPS6KA1_PKc2_E17_159	TGATGGCAAACACGTGTACC	RPS6KA1
RPS6KA1_PKc2_E18_162.1	ATCCTGTATGTGGACGAGTC	RPS6KA1
RPS6KA1_PKc2_E19_77	AAGCGCCAGGGCTACGATGA	RPS6KA1
RPS6KA1_PKc2_E20_118.3	ATCCTAACCCGGATCGGCAG	RPS6KA1
RPS6KA2_PKc_E2_42.2	GTTTTAGGACAAGGATCCTA	RPS6KA2
RPS6KA2_PKc_E3_82.4	AGGTGAAGGGGTCCGACGCT	RPS6KA2
RPS6KA2_PKc_E4_81	GGACCGAGTGAGATCGAAGA	RPS6KA2
RPS6KA2_PKc_E5_80.12	GAGCTTTCCTTCCGTCTGAA	RPS6KA2
RPS6KA2_PKc_E6_107.6	GATCTCTGTAGATGATCCCC	RPS6KA2
RPS6KA2_PKc_E7_38	TAATGTGCCCCTCTTCATCC	RPS6KA2
RPS6KA2_PKc2_E13_131.14	TTTGCACTCGGGGGGACGCC	RPS6KA2
RPS6KA2_PKc2_E14_126.11	TCTCGTAGCCATCGGTGAAG	RPS6KA2
RPS6KA2_PKc2_E15_90.7	TCGGGTGCTGGCCGTACCGC	RPS6KA2
RPS6KA2_PKc2_E16_159.19	CCGAGAAGTATCTCTGCCGG	RPS6KA2
RPS6KA2_PKc2_E17_162.12	CTGCTACACGGCCAATTTCG	RPS6KA2
RPS6KA2_PKc2_E18_77.1	ATGATGCGGCGTGTGACATC	RPS6KA2
RPS6KA3_PKc_E3_42.4	GTATTAGGGCAGGGATCATT	RPS6KA3
RPS6KA3_PKc_E4_82.4	GGCCTTCTTCAATACCTTCA	RPS6KA3
RPS6KA3_PKc_E5_81.4	GTTCCATTTTTGTCCGAACT	RPS6KA3
RPS6KA3_PKc_E6_80.4	ATTTTGGATTTTCTCAGGGG	RPS6KA3
RPS6KA3_PKc_E7_107.1	TTTAGACCATCTACATAGCC	RPS6KA3
RPS6KA3_PKc_E9_143.8	CCTCGACGATTAACTACTTC	RPS6KA3
RPS6KA3_PKc2_E15_126.4	ACATCTCTTGCAAACAGAGT	RPS6KA3
RPS6KA3_PKc2_E16_90.2	TCCTTTAGAGTGATAATGTT	RPS6KA3
RPS6KA3_PKc2_E18_162.2	TGTGGATGAATCTGGTAATC	RPS6KA3
RPS6KA3_PKc2_E19_77.2	CTACTCTATACAATGCTTAC	RPS6KA3
RPS6KA3_PKc2_E20_118.2	GAGGAAATATTGGCACGAAT	RPS6KA3
RPS6KA3_PKc2_E21_141.1	GACATCCTTGGATCGTCCAC	RPS6KA3
RPS6KA4_PKc_E2_34	CTTCGAGCTGCTCAAGGTGC	RPS6KA4
RPS6KA4_PKc_E3_219.13	GCACACGCGCACCGAGCGCT	RPS6KA4
RPS6KA4_PKc_E4_116.4	AGGCTGAGGTGCGCGTGTAT	RPS6KA4
RPS6KA4_PKc_E5_108.1	TGCTCAGCCCGAAGTCCGTG	RPS6KA4
RPS6KA4_PKc_E6_81.11	TTCGGGGGCCATGTACTCGA	RPS6KA4
RPS6KA4_PKc_E7_104.3	TGCTCTTCGAGCTGCTGACG	RPS6KA4
RPS6KA4_PKc2_E10_129.2	ACAACGCGGTGATGACCGAT	RPS6KA4
RPS6KA4_PKc2_E11_134	CTTCTTCCAGCAGTACGAGC	RPS6KA4
RPS6KA4_PKc2_E12_94	GGCGAACACGCAGCGCGAAG	RPS6KA4
RPS6KA4_PKc2_E13_174.17	TGAAGCTCACGGCCGACACG	RPS6KA4
RPS6KA4_PKc2_E14_195.2	GTACGCCGACGACACGCCCG	RPS6KA4
RPS6KA4_PKc2_E15_160.12	ATCATGTGCAAAATCCGCGA	RPS6KA4
RPS6KA5_PKc_E2_34.2	CTCCAGTTCCTAGGACCTTC	RPS6KA5
RPS6KA5_PKc_E3_219.7	CATTAGGCAGTCGCCATTTT	RPS6KA5
RPS6KA5_PKc_E4_116.1	CATGAGGTGCAGATTTATGT	RPS6KA5
RPS6KA5_PKc_E5_108.3	GACAGATTTTGGTCTGAGTA	RPS6KA5
RPS6KA5_PKc_E6_84.3	TGGCACCAGATATTGTCAGA	RPS6KA5
RPS6KA5_PKc_E7_104	GCAGTTGACTGGTGGAGTTT	RPS6KA5
RPS6KA5_PKc2_E10_126.7	CAGCTGCATTACGCTTGAAT	RPS6KA5
RPS6KA5_PKc2_E11_134.2	GATTTGAAGGACAAACCCCT	RPS6KA5
RPS6KA5_PKc2_E12_94.4	CATGCAACTTCACAATATTG	RPS6KA5
RPS6KA5_PKc2_E13_171.6	ATGATGTTGGAGTGGTGCAC	RPS6KA5
RPS6KA5_PKc2_E14_192.21	TTCAGGGGCTGATTATCCGG	RPS6KA5
RPS6KA5_PKc2_E15_160.1	TTTGACGTGTACCAGCGCGG	RPS6KA5
RPS6KA6_PKc_E3_42.4	GTTCTTGGTCAGGGGTCATT	RPS6KA6
RPS6KA6_PKc_E4_82.2	AGAAGACCGGTCCTGATGCT	RPS6KA6
RPS6KA6_PKc_E5_81.4	GATGGAGAGGGATATACTGG	RPS6KA6
RPS6KA6_PKc_E6_80	AGGGAAACTGTACTTAATAC	RPS6KA6
RPS6KA6_PKc_E7_107	GAAATTCTACCTCGCAGAAC	RPS6KA6
RPS6KA6_PKc_E9_143.7	AGTGCTGATTGGTGGTCATA	RPS6KA6
RPS6KA6_PKc2_E15_123.7	GCATCGCTTGCAAACAGAGT	RPS6KA6
RPS6KA6_PKc2_E16_90	ATTGAAATATTGATGCGCTA	RPS6KA6
RPS6KA6_PKc2_E17_159.6	AAAATGTTTCTCGGAACGGG	RPS6KA6
RPS6KA6_PKc2_E18_162.4	GGGTTTGCAAAACAACTTCG	RPS6KA6
RPS6KA6_PKc2_E19_77	ATGATGCTGCTTGTGATATC	RPS6KA6
RPS6KA6_PKc2_E20_118	GAAGAGATACTGCTGCGTAT	RPS6KA6
RPS6KB1_PKc_E3_42.1	CTACTTCGGGTACTTGGTAA	RPS6KB1
RPS6KB1_PKc_E4_69	TTTCAAGTACGAAAAGTAAC	RPS6KB1
RPS6KB1_PKc_E5_148.2	AGCAGAACGGAATATTCTGG	RPS6KB1
RPS6KB1_PKc_E7_101.9	GCATGATATTCTCCGGCTTC	RPS6KB1
RPS6KB1_PKc_E8_91.1	TGCAAAGAATCTATTCATGA	RPS6KB1
RPS6KB1_PKc_E9_91.7	ACCAATCCACAGCACGATTG	RPS6KB1
RPS6KB2_PKc_E3_42	TTTGAGCTGCTGCGTGTGCT	RPS6KB2
RPS6KB2_PKc_E4_69.5	TGCCTTGCACCTTTCGCACC	RPS6KB2
RPS6KB2_PKc_E5_148.5	GCACCCCTTTATTGTGGAAC	RPS6KB2
RPS6KB2_PKc_E6_58	TGGCGAGCTCTTCACGCATC	RPS6KB2
RPS6KB2_PKc_E7_101	CTACCTGGCTGAGATCACGC	RPS6KB2
RPS6KB2_PKc_E8_91	CACATCAAACTGACCGACTT	RPS6KB2
RPS6KL1_PKc_E4_42.3	GAGGGGCTGCAGGGTGGTCG	RPS6KL1
RPS6KL1_PKc_E5_48.2	TCCAGGACCCGGCAACCGGA	RPS6KL1
RPS6KL1_PKc_E6_133.12	GTCATGTAGGGGACTCCGTG	RPS6KL1
RPS6KL1_PKc_E7_606.2	AGGCGCACTCCCGACATTCT	RPS6KL1
RPS6KL1_PKc_E8_90.9	GGCGCTGTAGAGATTGTCCA	RPS6KL1
RPS6KL1_PKc_E9_83	GGGTGGGATTTCCGAGCTGA	RPS6KL1
RYK_PKc_E10_70	ACTGAAAGTTGTAAGCTGCG	RYK
RYK_PKc_E11_133.6	ACGACAGTGCAAGTTAGTAG	RYK
RYK_PKc_E12_110	TCAGCAAGACCTGGTACACA	RYK
RYK_PKc_E13_160.9	TCAAGAGCCATCCAACGAAC	RYK
RYK_PKc_E8_49	TTTTAGAGTTATCCTCTCTC	RYK
RYK_PKc_E9_87.1	CTTTTGGGCGTATTTTCCAT	RYK
SBK1_PKc_E2_70	TACGAACTAGTCCGGGAGCT	SBK1
SBK1_PKc_E2_70.8	GTTGACCTGGTGGTCTACAA	SBK1
SBK1_PKc_E3_203.12	CCCCAGCAGGTGCGTACTCC	SBK1
SBK1_PKc_E3_203.6	GGACTGCTACGTCTTTGCCC	SBK1
SBK1_PKc_E4_522.11	TTCGGCATGACGCGCCGCGT	SBK1
SBK1_PKc_E4_522.84	AGTCGGCCAGCTTTACGCGG	SBK1
SBK2_PKc_E2_52	TTGCTATGGCCGCGTCCTTC	SBK2
SBK2_PKc_E2_52.3	GGACGCGGCCATAGCAACCC	SBK2
SBK2_PKc_E3_203.21	CGACTCGATGCCAATGCCGT	SBK2
SBK2_PKc_E3_203.22	AATGCCGTAGGCCGTCACGA	SBK2
SBK2_PKc_E4_531.4	ACGCCCGCGGCCTGGTGTAC	SBK2
SBK2_PKc_E4_531.64	CCGCAGAAGCGCGTCGGCCG	SBK2
SBK3_PKc_E2_52.3	CCTTGCCCAGCCTCACCAGG	SBK3
SBK3_PKc_E2_52.6	GGCAAGGAGCACGCGGCCGT	SBK3
SBK3_PKc_E3_203.1	CCGCTATTTTGCCTTCGCCC	SBK3
SBK3_PKc_E3_203.12	CCCAGGAGTACGCGCCCTGT	SBK3
SBK3_PKc_E4_525.13	TCGAAGACCAGCACGTTGTC	SBK3
SBK3_PKc_E4_525.38	AGTTCGAGGCCTTCGCTGGC	SBK3
SCYL1_PKc_E1_54.5	CTTCTTGCGGCCGCGGTGCA	SCYL1
SCYL1_PKc_E2_141.8	CCAGTCCATCGATGTAAGCC	SCYL1
SCYL1_PKc_E3_123.21	CAGCCTCTGTCACGACGTGG	SCYL1
SCYL1_PKc_E4_227.2	GCCGTGTTCGTGGACCGAGC	SCYL1
SCYL1_PKc_E5_91.8	GCAGCAGCCCTACGCAACCC	SCYL1
SCYL1_PKc_E6_156.28	TAATGGGGCACCAGCGTTTT	SCYL1
SCYL2_PKc_E2_84	GTTGGTCGACACATTGCCAG	SCYL2
SCYL2_PKc_E3_158.2	GAGGAGTCCAACAGTTAACT	SCYL2
SCYL2_PKc_E4_145	GCCAGTTTAGCCAATGTTCT	SCYL2
SCYL2_PKc_E5_150.1	AGCAGTGTGAAAATGGTGCA	SCYL2
SCYL2_PKc_E6_222.9	TCCTAAAGAATACATATCAC	SCYL2
SCYL2_PKc_E7_117	TTCACTTACAAATATACCTG	SCYL2
SCYL3_PKc_E2_141	CCACCATTTACCTTACCCTC	SCYL3
SCYL3_PKc_E2_141.1	TATCCCGCTGTACTGCAAGA	SCYL3
SCYL3_PKc_E3_186.3	CACTGAGCGAGTACAGCCCC	SCYL3
SCYL3_PKc_E4_114.1	TTGTGAGTGAAGATGGACAC	SCYL3
SCYL3_PKc_E5_57	TCTTCAGGAGGGATAGATGC	SCYL3
SCYL3_PKc_E6_103.3	GCCCGGGATGCCTTTTCATT	SCYL3
SGK1_PKc_E10_156.8	GGACAGGACAAAGCGGCTCG	SGK1
SGK1_PKc_E4_42.1	CTTCTTGAAAGTGATCGGAA	SGK1
SGK1_PKc_E6_132	AGAAGCATATTATGTCGGAG	SGK1
SGK1_PKc_E7_113.8	GCAGCATAGAAACGAGCCCG	SGK1
SGK1_PKc_E8_124.5	ATCCACCTTCTGTGGCACGC	SGK1
SGK1_PKc_E9_96.8	CAGTCCACAGTCCTGTCATA	SGK1
SGK2_PKc_E3_42.2	TCCTCAAAGTCATCGGCAAA	SGK2
SGK2_PKc_E4_84.4	CGCCCCATCAGACTTGCGCT	SGK2
SGK2_PKc_E5_132.5	CGTGCTCGACTATGTCAACG	SGK2
SGK2_PKc_E6_113.1	GTGCAGGTAGCCAATGGCGC	SGK2
SGK2_PKc_E7_37.1	CAGTCCAAGAGAATGTTCTC	SGK2
SGK2_PKc_E8_87	CACGTGGTGCTGACGGATTT	SGK2
SGK3_PKc_E10_132.1	GTGAAACATCCGTTTTTGGT	SGK3
SGK3_PKc_E11_113.3	GCTGAAATTGCTAGTGCATT	SGK3
SGK3_PKc_E12_37.1	GAATCCAAAAGAATATTTTC	SGK3
SGK3_PKc_E13_87.5	CTCTGGTGTCCCACAAAATG	SGK3
SGK3_PKc_E8_42.2	GTTATTGGAAAAGGCAGCTT	SGK3
SGK3_PKc_E9_84	TCTTCTTGCAAAACGGAAAC	SGK3
SGK494_PKc_E3_84	ATTTTAGGCCTCGTGGCTAA	SGK494
SGK494_PKc_E4_69.2	TCCTACAGAGGGATACCGTG	SGK494
SGK494_PKc_E5_70.9	TCCCCCAAGCTGTGTACAAA	SGK494
SGK494_PKc_E6_105.2	TACTCCCTTTGGTCGGCTGT	SGK494
SGK494_PKc_E7_41	GATGCATGATGCCCAAGTCA	SGK494
SGK494_PKc_E9_90.3	GCTCAAGCCTACACTATCTG	SGK494
SIK1_PKc_E2_81	TTACGACATCGAGCGGACCC	SIK1
SIK1_PKc_E3_117.1	TTTGGAGAAAATCTATCGTG	SIK1
SIK1_PKc_E4_64	GTCACTGAATTTGCTAAAAA	SIK1
SIK1_PKc_E5_162.19	GACAGTACTCCACGGCCGAC	SIK1
SIK1_PKc_E6_125.19	ACTTCCGGGGCGGCATACGG	SIK1
SIK1_PKc_E7_124.16	GCAGGTTAGGCCCATCGAAG	SIK1
SIK2_PKc_E1_81.1	TACGACATCGAGGGCACGCT	SIK2
SIK2_PKc_E2_117	AATAATCGATAAGTCTCAGC	SIK2
SIK2_PKc_E3_64.2	CACAAGGTACAACATACTTT	SIK2
SIK2_PKc_E4_162	ACTATCTTGCTAATCATGGC	SIK2
SIK2_PKc_E5_125.1	CTTTAAAAGTGGTGAACTGC	SIK2
SIK2_PKc_E6_124.11	TGGAAGAGTCGGTCCATCAA	SIK2
SIK3_PKc_E1_81	TACGAGATCGACCGCACCAT	SIK3
SIK3_PKc_E2_117.3	TTTGCCACCCCCATATCATC	SIK3
SIK3_PKc_E3_64.1	CTGGTGACAGAATATGCTAG	SIK3
SIK3_PKc_E4_162.3	TGGCAGAAAAGGAGGCACGT	SIK3
SIK3_PKc_E5_125.12	AGTTCAGGTGCAGCATAGGG	SIK3
SIK3_PKc_E6_124.11	CACCGCACACAAGCACGTAG	SIK3
SLK_PKc_E1_69.3	ATTATAGGAGAACTGGGCGA	SLK
SLK_PKc_E2_165.3	TCTAGAAGCTTGACTATATT	SLK
SLK_PKc_E3_49.1	CTCATTGAATTTTGTGCAGG	SLK
SLK_PKc_E4_150.6	GCTTGCAAACTACTTGTATT	SLK
SLK_PKc_E5_73	GAGTATCAGCTAAAAACACG	SLK
SLK_PKc_E6_195.7	ATTTTTAGCAGCACTCGCAT	SLK
SMG1_PKc_E40_106.7	TGATGGTTCCGCCCACACTA	SMG1
SMG1_PKc_E41_230.18	TAGTGTCGAGCATGGAACCG	SMG1
SMG1_PKc_E42_249.7	TGGATGTGTCCCGTCGGGAT	SMG1
SMG1_PKc_E43_139.5	GTTCTTATAGATATGACGAC	SMG1
SMG1_PKc_E44_110.2	GAAACAGCACTGGGTGTAAC	SMG1
SMG1_PKc_E45_84	GTTTTACACATTATGCGGCG	SMG1
SNRK_PKc_E3_556.3	GGGTCGAGGCCATTTTGCCG	SNRK
SNRK_PKc_E3_556.41	TCATAAAGGCGGACGATGTT	SNRK
SNRK_PKc_E4_142	GGGAGTGATCCTTTTCATGT	SNRK
SNRK_PKc_E4_142.6	CACTCTTTAGACACATGGGA	SNRK
SNRK_PKc_E5_76.4	TCTAAAGAAGCCCTTCTCTT	SNRK
SNRK_PKc_E5_76.5	TCTGTAGCATCCGTGTGATT	SNRK
SPEG_PKc1_E22_201.35	CTCCACTATGCGCCGCAAGT	SPEG
SPEG_PKc1_E22_201.6	AGCCAAAGGCATCAGCGCGT	SPEG
SPEG_PKc1_E23_58	AGCTGCTGGAGCGAATCGCC	SPEG
SPEG_PKc1_E24_78.6	GCACCTGCCGCATATAGGCC	SPEG
SPEG_PKc1_E25_179.16	ATCTCGGGTGCTACAAACTC	SPEG
SPEG_PKc1_E26_27	AGGAAGGCAACAACACCCAC	SPEG
SPEG_PKc2_E30_1975.217	CGCTGTTCGGACGGCTTCGC	SPEG
SPEG_PKc2_E32_117.1	ATCCAGGAGATGTGCGGTGC	SPEG
SPEG_PKc2_E33_168.1	GTGCTCGGCCACCAACGTAC	SPEG
SPEG_PKc2_E34_123.9	GGCACCTTGCACGTATACGC	SPEG
SPEG_PKc2_E35_168.25	TCACGTTGTAGTAACAGTCG	SPEG
SPEG_PKc2_E36_604.32	TGAGGGTACCACTCTTCGAC	SPEG
SRC_PKc_E10_180.27	CACCCTGGTGGTACCGTTCC	SRC
SRC_PKc_E11_77.4	GACTTTCTCAAGGGGGAGAC	SRC
SRC_PKc_E12_154	CGCCTCAGGCATGGCGTACG	SRC
SRC_PKc_E13_132.14	GGACCACACGTCCGACTTGA	SRC
SRC_PKc_E14_206	GATGGTGAACCGCGAGGTGC	SRC
SRC_PKc_E9_82.15	CCAGCCGCAGCGACTCCCGA	SRC
SRMS_PKc_E4_121	CCACACTCCGAATTCGCCCT	SRMS
SRMS_PKc_E4_121.2	TGACCTTGATCGCCACGGGC	SRMS
SRMS_PKc_E5_159.12	CGTCACGGAACTCATGCGCA	SRMS
SRMS_PKc_E6_182.12	GGCCGCCCGGAACGTGCTCG	SRMS
SRMS_PKc_E7_157.14	ACACGATAATTGGCCGCCTC	SRMS
SRMS_PKc_E8_164.21	ATGAGCACGTAGACCTCCGC	SRMS
SRPK3_PKc_E3_98.1	AGATCGGCGACGTGTTCAAT	SRPK3
SRPK3_PKc_E4_88.4	GAAGAGTGCGGGGCATTACA	SRPK3
SRPK3_PKc_E5_88.11	GGTCACTGGGGTCGCTGTCC	SRPK3
SRPK3_PKc_E6_107.7	CTCACGATGCTCTTCACGCA	SRPK3
SRPK3_PKc_E7_166.5	GTGTGGGGGACGCTTACATC	SRPK3
SRPK3_PKc_E9_133.19	CTTGTTTTTGGACAGCTTAC	SRPK3
STK10_PKc_E1_90	TGAGCACGTCCGCCGCGACC	STK10
STK10_PKc_E2_165.13	CAGCTTCCCGTCGTGATAGT	STK10
STK10_PKc_E3_49.5	AGCCGTGGACGCCATCATGC	STK10
STK10_PKc_E4_150.17	GGCGGCAAACCACCTGTATC	STK10
STK10_PKc_E5_73	CAGAAACGAGATTCCTTCAT	STK10
STK10_PKc_E6_195.19	CGTGGTGTGGCGGCTCGATC	STK10
STK11_PKc_E1_146.16	GTTGCGAAGGATCCCCAACG	STK11
STK11_PKc_E2_84.3	TGTATAACACATCCACCAGC	STK11
STK11_PKc_E3_90.3	GGAAATGCTGGACAGCGTGC	STK11
STK11_PKc_E4_133.16	GATTTTGAGGGTGCCACCGG	STK11
STK11_PKc_E5_137.3	AGGTGTCGTCCGCCGCGAAC	STK11
STK11_PKc_E6_128.2	GGGTCTGTACCCCTTCGAAG	STK11
STK16_PKc_E2_32	CTACCTCTTCATCCAGAAAC	STK16
STK16_PKc_E3_220.26	ATGCATGTCGGCTTCTCGCT	STK16
STK16_PKc_E4_134.16	AAAGGATTTGATCCTCGGTC	STK16
STK16_PKc_E5_121	AAGCCCACCAATATATTGCT	STK16
STK16_PKc_E6_96.9	GTAGGAGATGGTGCACCGCT	STK16
STK16_PKc_E7_122.16	GGCATATAGCACGCAGCCTA	STK16
STK17A_PKc_E1_56.8	GGCACAGGCTGTAGCCGTCC	STK17A
STK17A_PKc_E2_213.9	TTATTTCCATCCGACAATCT	STK17A
STK17A_PKc_E3_145	CTTATGCGACAGATTTTAGA	STK17A
STK17A_PKc_E4_127	GTTGACAAGTGAATCTCCAT	STK17A
STK17A_PKc_E5_49	TAGTTATGATCCTATAAGCA	STK17A
STK17A_PKc_E6_180.4	AGTCGGCTGTTGATTTCATC	STK17A
STK17B_PKc_E2_53.1	TACTTACATCTAAAGAGCTA	STK17B
STK17B_PKc_E3_213.8	TCATGAAGATTAATAACACG	STK17B
STK17B_PKc_E4_145.4	CAGCCAACTCAGGTAAACAC	STK17B
STK17B_PKc_E5_127.2	GAGCAGCATATACCCTCTCG	STK17B
STK17B_PKc_E6_49.2	TGGTAATGGGATCATAGTTC	STK17B
STK17B_PKc_E7_180.1	ACTCACACATCACCATTTGT	STK17B
STK19_PKc_E3_129.13	GCGGCAGCGCGTCCTCAAAC	STK19
STK19_PKc_E3_129.7	CGGTCGGCCACGGTCCTGTC	STK19
STK19_PKc_E4_108.2	CGTCCAGCTGGGCTTCGACT	STK19
STK19_PKc_E5_140	TGTGATGGCCGACCGTATGC	STK19
STK19_PKc_E6_98	GTCCTCACCGTCCGAGATGC	STK19
STK19_PKc_E7_148.22	GCACCACGACAGGCGCCCGC	STK19
STK24_PKc_E2_210.9	TGCCATAAAGATCATTGATC	STK24
STK24_PKc_E3_57.3	ATAATGGAATATCTTGGTGG	STK24
STK24_PKc_E4_109.3	CTCTTAATATAGTAGCGATC	STK24
STK24_PKc_E5_158.6	CTGGCGGACTTTGGCGTGGC	STK24
STK24_PKc_E6_186.15	AGTTTCCTTCCAACGTCGGT	STK24
STK24_PKc_E7_102.2	CTTGTACCTGTCGATGAGCT	STK24
STK25_PKc_E3_219	TTCACCAAGCTCGACCGCAT	STK25
STK25_PKc_E4_57.7	CTCCATGATGATCCATAGCT	STK25
STK25_PKc_E5_109.5	GTCTCGGTGGATCTTGCGTT	STK25
STK25_PKc_E6_158.1	AACGTGCTACTCTCGGAGCA	STK25
STK25_PKc_E7_186.24	ATCAGGAACAGGACGCGCAT	STK25
STK25_PKc_E8_102.1	TCATCGACCGCTATAAGCGC	STK25
STK26_PKc_E3_219.1	TCACAAAATTAGAGCGCATT	STK26
STK26_PKc_E4_57.4	ATAATGGAATACCTGGGCGG	STK26
STK26_PKc_E5_109.4	CCTTTAGCATGGTAGCAATC	STK26
STK26_PKc_E6_158.7	GCTGACTGTTGAATAACTTC	STK26
STK26_PKc_E7_186.1	ATTGGATGCATATCGGAGTT	STK26
STK26_PKc_E8_102	TGATAGATCGTTTTAAGAGA	STK26
STK3_PKc_E13_135.6	ACAGCCCATTCTGGATGCGA	STK3
STK3_PKc_E4_41	TTTGATGTATTAGAGAAGCT	STK3
STK3_PKc_E5_129.4	TTTAATTGCGACAACTTGAC	STK3
STK3_PKc_E6_115.4	GTTATGGAGTACTGTGGCGC	STK3
STK3_PKc_E7_165.7	TTGCATGTCCTTCTGTATTG	STK3
STK3_PKc_E9_138.5	AAATCATCGGACCAAAGTTC	STK3
STK31_PKc_E20_84	TGATGGTCCCATACTACCCT	STK31
STK31_PKc_E20_84.3	TGTTGGCTTGAACAGCATTC	STK31
STK31_PKc_E21_150.5	TTTGCTTTAAACCGTGAACA	STK31
STK31_PKc_E21_150.8	TATGCAATGTATGCAGACCC	STK31
STK31_PKc_E22_123.1	ACCAACCATCATGTTCACCG	STK31
STK31_PKc_E22_123.5	GGTTCAGACTTATATGCTTA	STK31
STK32A_PKc_E3_45	TTTGAAATTTTGCGAGCCAT	STK32A
STK32A_PKc_E4_152.7	CTTCATTGCGTACATCTTCT	STK32A
STK32A_PKc_E5_174.15	TCTGTTGCAGGTGATAACGC	STK32A
STK32A_PKc_E6_38	TCGTCAAGTAAAATATTGTC	STK32A
STK32A_PKc_E7_90.4	GGCTGGCACCAAGCCTTACA	STK32A
STK32A_PKc_E8_98.9	GTTCATATGCCGTCACTCCC	STK32A
STK32B_PKc_E2_45.2	TTCTGCGGGCCATTGGTAAA	STK32B
STK32B_PKc_E3_152	ACAAGCAGAAGTGCATCGAG	STK32B
STK32B_PKc_E4_174.18	GGTAGCGCAGGTCGCCTCCC	STK32B
STK32B_PKc_E5_38	CAAGCCAGACAATATCCTGC	STK32B
STK32B_PKc_E7_104.18	CGACAGGGTACGAGTATCCG	STK32B
STK32B_PKc_E8_117.15	CATCGATGGGCGTGACCGAG	STK32B
STK32C_PKc_E2_45.7	TCCCAATGGCCCGAAGGATC	STK32C
STK32C_PKc_E3_152.1	GCAGTGCATCGAGCGCGACG	STK32C
STK32C_PKc_E4_174.15	GGATGATGTGCTGGCCGCGC	STK32C
STK32C_PKc_E5_38	CAAGCCTGACAACATTCTCC	STK32C
STK32C_PKc_E6_90.7	GAGCGGGCGACGGCATTAGC	STK32C
STK32C_PKc_E7_104.4	CGGGACCGGCTACTCCTTCG	STK32C
STK33_PKc_E10_76.4	ACACTGCTGGCTATAGTCGT	STK33
STK33_PKc_E5_114.5	AGTCATTGAAGCGACAGACA	STK33
STK33_PKc_E6_105	TGTGAAGTTACTTGAACGAG	STK33
STK33_PKc_E7_139	CCTTGTGATGGAGCTTTGTG	STK33
STK33_PKc_E8_89	TGTACATAGAGATCTGAAAC	STK33
STK33_PKc_E9_85.4	ATGTGGGACTCCTATCTATA	STK33
STK35_PKc_E2_292.3	TGTTGCCGTGACTCATGCGC	STK35
STK35_PKc_E2_292.43	CGTTCTCGGGGGCGTCGCAG	STK35
STK35_PKc_E2_292.47	CGCGCCCGATCTCCGCCAAC	STK35
STK35_PKc_E3_695.12	ATCCTCAAAGTGGCCGACTT	STK35
STK35_PKc_E3_695.58	CATGGAAGTCCTGCGTTTTT	STK35
STK35_PKc_E3_695.6	ATCAGTATGTCCTGTCCCGG	STK35
STK36_PKc_E2_81.8	CTCCAATCATCTCCAACACG	STK36
STK36_PKc_E3_141.8	TTGAAATAATGCGGGGTCTG	STK36
STK36_PKc_E4_78	GGTGGTGACAGACTATGCTG	STK36
STK36_PKc_E5_131.13	TATCTCGGTGTAGGATGCGG	STK36
STK36_PKc_E6_250.25	AGGTCCGCTGTGTGGTCGTA	STK36
STK36_PKc_E7_78.5	GCCAGGACAGTCGCTGCCGT	STK36
STK38_PKc_E4_48.2	GTAATAGGCAGAGGAGCATT	STK38
STK38_PKc_E5_84.1	CTTGTTCAGAAGAAAGATAC	STK38
STK38_PKc_E6_124.9	TGTCACGCTCCGCACGAATG	STK38
STK38_PKc_E7_155.1	ATAGACTCTATTCACCAACT	STK38
STK38_PKc_E8_103.1	TCTGACTTTGGTCTTTGCAC	STK38
STK38_PKc_E9_62.4	TCCTTTTGGAATTCATGTTC	STK38
STK38L_PKc_E4_51.1	TCTCTGAAAGTTATAGGAAG	STK38L
STK38L_PKc_E5_84	TTGGTCCAGAAGAAAGATAC	STK38L
STK38L_PKc_E6_124.11	TATCTCTTTCTGCTCGGATA	STK38L
STK38L_PKc_E7_155.8	TGTCTGGCTTAATATCCCGA	STK38L
STK38L_PKc_E8_103.3	CGGGATTAAAGAAAGCTCAC	STK38L
STK38L_PKc_E9_62	TTCAGAACATGAACTCAAAG	STK38L
STK39_PKc_E2_113.5	ATAGTTCATCCATACTGGTC	STK39
STK39_PKc_E3_109.6	GGTGTAATAGGTCACTACGT	STK39
STK39_PKc_E4_142	ATAAAATACATTGTCAACCG	STK39
STK39_PKc_E5_56	GAAAGCTGGTAATATTCTTC	STK39
STK39_PKc_E6_110.5	CATTCGTTGGCACCCCATGT	STK39
STK39_PKc_E7_102.2	ACTGCCATTGAATTAGCAAC	STK39
STK4_PKc_E2_41.2	AAGACATCAAATACTTCTTC	STK4
STK4_PKc_E3_129.8	AGCTTTGTATACGCTGCCAT	STK4
STK4_PKc_E4_115.2	CACAGACTTATGGATCGTTA	STK4
STK4_PKc_E5_165.3	ATACACCGAGATATCAAGGC	STK4
STK4_PKc_E6_168.2	TCCTATCACTGTATTCCGCT	STK4
STK4_PKc_E7_138.8	TAGCTCTGGTTTTCGGAATG	STK4
STK40_PKc_E3_87.9	ACCGGTGAGTTGCCCAGACG	STK40
STK40_PKc_E4_144.11	GATGGCGTGGTGCACCACCA	STK40
STK40_PKc_E5_228.1	CTTCTACGACGTGGTCCGCG	STK40
STK40_PKc_E6_53.1	GTGCACAGAGACCTGAAGCT	STK40
STK40_PKc_E7_116.11	ACGTCGGGACTGATGTAGGC	STK40
STK40_PKc_E8_145.22	TGGGCTTGCCACGGTACGGC	STK40
STKLD1_PKc_E2_87	GTTTTGTACCAGCTGAATCC	STKLD1
STKLD1_PKc_E3_45	GGATGACCATTACGCCAGTC	STKLD1
STKLD1_PKc_E4_75.2	ACCAGGAGCTGTTCATCACG	STKLD1
STKLD1_PKc_E5_102.8	GCTCATTGAACTCCATCACC	STKLD1
STKLD1_PKc_E6_71.5	ATTCCAGCGCGTCCAGCACC	STKLD1
STKLD1_PKc_E7_116.3	CAAATGGAATATTCGTGCGG	STKLD1
STRADA_PKc_E10_105.1	ATGGCCGTTGGCCAGTTCAC	STRADA
STRADA_PKc_E11_242.41	AGTTGGCCACTGAGCGCGAA	STRADA
STRADA_PKc_E6_122.3	GAGAGTACGTGACTGTACGG	STRADA
STRADA_PKc_E7_109.6	GCTCGATATGGCACGATATT	STRADA
STRADA_PKc_E8_124.12	CATGTGGTGGATGTAGTCGA	STRADA
STRADA_PKc_E9_172.18	GGTTGCTGCGCAAACCAGAC	STRADA
STYK1_PKc_E10_97.1	GGAGGGACTTCAGGATACGG	STYK1
STYK1_PKc_E5_103.12	TTCATATTGGCTCGAAAGAT	STYK1
STYK1_PKc_E6_182.18	GCTTTCTCTGGACCTGTCGG	STYK1
STYK1_PKc_E7_84.1	AGTATATCACATCGGAAAGC	STYK1
STYK1_PKc_E8_209.8	GCTTATGAAGTTTACACCCG	STYK1
STYK1_PKc_E9_41.1	GAGTCACCATCTCATAGAGC	STYK1
SYK_PKc_E10_210.16	CCGATCATCCGCACGATGTA	SYK
SYK_PKc_E11_190.1	CACTGATCTTGGCGTAATGT	SYK
SYK_PKc_E12_141.1	GCCTGTCAAGTGGTACGCTC	SYK
SYK_PKc_E13_113.7	ACGATCTCATGAATCTGTGC	SYK
SYK_PKc_E14_58.3	AGTTCCACTGCTGCGAATCC	SYK
SYK_PKc_E9_62	GAACTGGGCTCTGGTAATTT	SYK
TAOK1_PKc_E2_129.8	CTGCAATTTCAGGGTCCTTC	TAOK1
TAOK1_PKc_E3_72.1	TGTGCGTACCAATGAAGTGG	TAOK1
TAOK1_PKc_E4_102.1	ATTTACGTGAACACACAGCA	TAOK1
TAOK1_PKc_E5_46.1	ATATTGTTTAGGATCTGCTT	TAOK1
TAOK1_PKc_E6_97.2	AATTACACATGGTGCTCTTC	TAOK1
TAOK1_PKc_E7_114.6	CGGCGTTCCCACAAAGGAAT	TAOK1
TAOK2_PKc_E3_72	CCGGGATGTCCGGAATAGTG	TAOK2
TAOK2_PKc_E4_102.11	GTAACAGCCCCGGTACTGAA	TAOK2
TAOK2_PKc_E5_46	CTGGTAATGGAGTATTGCCT	TAOK2
TAOK2_PKc_E6_97.9	CAGGCCCTGAAGCGCCCCGT	TAOK2
TAOK2_PKc_E7_114.8	GCACCTGCCAACTCCTTCGT	TAOK2
TAOK2_PKc_E8_92.7	ACGATGGCAAAGTGGACGTC	TAOK2
TAOK3_PKc_E3_117.7	TAGAATAGATCGGCAATCTC	TAOK3
TAOK3_PKc_E4_72.5	ATGGGTCTGCTTCCCACTAT	TAOK3
TAOK3_PKc_E5_102.2	CCTTTGTACTCAATAGTATT	TAOK3
TAOK3_PKc_E6_46	TTGGTGATGGAATATTGCTT	TAOK3
TAOK3_PKc_E7_97.1	GAGATCGCTGCCATTACTCA	TAOK3
TAOK3_PKc_E8_114.8	TCAGCTAGTTTTACCTGACC	TAOK3
TBCK_PKc_E2_73	TCCCAGACTCTGCCAGTATG	TBCK
TBCK_PKc_E3_73	TGAACATTGTGAACGTAGTC	TBCK
TBCK_PKc_E4_115.7	CGGTCCAACAGGATATTATG	TBCK
TBCK_PKc_E5_74.2	GATGATGTTGATTTCCCAAT	TBCK
TBCK_PKc_E6_142.17	ACCTCAGGGGCCAAGTACGA	TBCK
TBCK_PKc_E7_61.1	ACTAAAATTTTTGCTTACTT	TBCK
TBK1_PKc_E2_63.2	GCTACTGCAAATGTCTTTCG	TBK1
TBK1_PKc_E3_141	CATAAGCTTCCTTCGTCCAG	TBK1
TBK1_PKc_E4_130.7	GGTAGTCCATAGGCATTAGA	TBK1
TBK1_PKc_E5_182.1	GTGCACCGTGATATCAAGCC	TBK1
TBK1_PKc_E6_161.8	GACCCTTTGAAGGGCCTCGT	TBK1
TBK1_PKc_E7_111.1	AAGCCTTCTGGTGCAATATC	TBK1
TEC_PKc_E13_161.15	CTTTGATTGCGACTTTGTAC	TEC
TEC_PKc_E14_217	CCGAAGTTAGTGCAGCTTTA	TEC
TEC_PKc_E15_65.2	AATTGTCTAGTAAGTGAGGC	TEC
TEC_PKc_E16_119.4	CGGCTGTAATTAAACACTTC	TEC
TEC_PKc_E17_158.5	CCGACTCTACCAGCCGAAGT	TEC
TEC_PKc_E18_60	CGCAGCAGATCTTCGAAAGA	TEC
TEK_PKc_E15_130.7	TCTTAAGGCGCGCATCAAGA	TEK
TEK_PKc_E16_111	ATGCCTCCAAAGATGATCAC	TEK
TEK_PKc_E17_191.28	TCCATGGGGCGCGTACTCAA	TEK
TEK_PKc_E18_114.4	TGGATTGTCCCGAGGTCAAG	TEK
TEK_PKc_E19_71.2	TCGATGGCCATCCAGCGCAC	TEK
TEK_PKc_E20_41	GGTCCTATGGTGTGTTACTA	TEK
TESK1_PKc_E1_39	CGGGGCCGGCTTCTTCTCTG	TESK1
TESK1_PKc_E2_122.1	TAGTGTGTTGCCCCGGTTAC	TESK1
TESK1_PKc_E3_49.2	TAAGAGCGTGCAGCTGTCCC	TESK1
TESK1_PKc_E4_147.1	CTTTGGAGTGCAGGTACCGC	TESK1
TESK1_PKc_E5_83	CTAGTCCGACGGGAAGATCG	TESK1
TESK1_PKc_E6_91.9	ATGGCTCCAGAGGTGTTACG	TESK1
TESK2_PKc_E3_122	ACGACACCGAGCTTCTGGTC	TESK2
TESK2_PKc_E4_49	ATGGGTGTATGTGTTCATCA	TESK2
TESK2_PKc_E5_147.14	TACTGTCTAGCAACTGTTCC	TESK2
TESK2_PKc_E6_83.2	TCTGCAGTGGTAGCTGACTT	TESK2
TESK2_PKc_E7_85.7	GGCTCATCTCGGAGAACCTC	TESK2
TESK2_PKc_E8_84.3	GCGGGGAAGATAGTCCGGAT	TESK2
TEX14_PKc_E10_179.19	GGGAGCGGTGGATAAACCCC	TEX14
TEX14_PKc_E5_32.1	TGGTGTGGGGGCCTCGTGCA	TEX14
TEX14_PKc_E6_82.5	CCAGCTTTAAGCAGTCGGTT	TEX14
TEX14_PKc_E7_149.6	CTAGGATCTCTTCCGGTCAT	TEX14
TEX14_PKc_E8_114.4	CGACTTGTTAATTGCCGAGC	TEX14
TEX14_PKc_E9_124.2	GTGTACGAGCGCATCACTAT	TEX14
TGFBR2_PKc_E5_525.62	GTGAGCAATCCCCCGGGCGA	TGFBR2
TGFBR2_PKc_E5_525.64	AGCTGATGACATGCCGCGTC	TGFBR2
TGFBR2_PKc_E6_142.2	GCAGACCGATGTCTACTCCA	TGFBR2
TGFBR2_PKc_E6_142.7	ACATCTCGCTGTAATGCAGT	TGFBR2
TGFBR2_PKc_E7_128.5	GACAACGTGTTGAGAGATCG	TGFBR2
TGFBR2_PKc_E8_102.12	TCAACGTCTCACACACCATC	TGFBR2
TIE1_PKc_E15_115.16	CGAAGTTCCCCTCCCCGATG	TIE1
TIE1_PKc_E16_111.15	GTTCTCCCGCAAAGTCACGA	TIE1
TIE1_PKc_E17_191.24	AATCTAGCAGGTTCCCGTAG	TIE1
TIE1_PKc_E18_114.6	GCAGACTTCGGCCTTTCTCG	TIE1
TIE1_PKc_E19_71.4	TCAATGGCCATCCAGCGCAC	TIE1
TIE1_PKc_E20_41.2	GGCTCACTATCTCCCAAAGA	TIE1
TLK1_PKc_E14_72.3	AAATATCTTTCATTTAATGT	TLK1
TLK1_PKc_E15_92	TACATCAGCTTAATAAAAGC	TLK1
TLK1_PKc_E16_90.5	GTGTATTCTATACTCTCTGC	TLK1
TLK1_PKc_E17_170.6	AGATCATAATGTATAATAGG	TLK1
TLK1_PKc_E18_136.6	TGGAATGGATCTAACTTCCC	TLK1
TLK1_PKc_E19_112.4	AAGGTTGATGTATGGTCGGT	TLK1
TLK2_PKc_E18_90.4	GATCCAGCTCTTTATGAATC	TLK2
TLK2_PKc_E19_170.4	CAAATTAATGTCGGAGAAAG	TLK2
TLK2_PKc_E20_139	TTAGTAAATGGTACAGCGTG	TLK2
TLK2_PKc_E22_108.1	TCAGGTGTTACTACTGGCTT	TLK2
TLK2_PKc_E23_144.8	TCGGATGTGAGGCAACAAGT	TLK2
TNIK_PKc_E2_66.8	CCAATTCAAAGATCCCTGCG	TNIK
TNIK_PKc_E3_57.2	ATCAAGGTTATGGATGTCAC	TNIK
TNIK_PKc_E4_126.7	GTTGGTCATCCATGCCTGGT	TNIK
TNIK_PKc_E5_111.4	AGTGGATTGCATACATCTGC	TNIK
TNIK_PKc_E6_91.2	CTCGATGAATCACTTTATGC	TNIK
TNIK_PKc_E7_131.1	GCTCAGCTTGATCGAACAGT	TNIK
TNK1_PKc_E4_81.3	GGGTTCAGGCTGCTTCGGTG	TNK1
TNK1_PKc_E4_81.5	GCTTCGGTGTGGTGCACCGA	TNK1
TNK1_PKc_E5_156.19	TCATGACCGATACCTCTCGC	TNK1
TNK1_PKc_E5_156.5	GTAGGTCCCGAAGGCCCGAT	TNK1
TNK1_PKc_E6_284.41	GCAGTAGGTTGCGCGTAGCG	TNK1
TNK1_PKc_E7_271.2	TCTCGTCTGCCTCGGACGTG	TNK1
TNK2_PKc_E4_81.1	GCGAGTGGGACGCGCCCTCA	TNK2
TNK2_PKc_E4_81.4	GTTCCTTTGGCGTGGTGCGC	TNK2
TNK2_PKc_E5_153.8	GCGTGAGCACCACCCCGTAG	TNK2
TNK2_PKc_E6_278.3	GGACCGGCTACGTAAGCACC	TNK2
TNK2_PKc_E7_127.11	ACTGCCGTTGAGGCCGATCC	TNK2
TNK2_PKc_E8_147.18	TCCCGCAGGGCCACAAACGT	TNK2
TNNI3K_PKc_E14_28	ATTGAGTTCCATGAGATTAT	TNNI3K
TNNI3K_PKc_E15_58	TCTTTTGGGAAAGTATATAA	TNNI3K
TNNI3K_PKc_E16_195.12	ACCCACAAACTGAATTACGC	TNNI3K
TNNI3K_PKc_E17_105.2	TTCAAGTCACGATGTATAAT	TNNI3K
TNNI3K_PKc_E18_53.3	CTATGAGGATGGGCATGCTG	TNNI3K
TNNI3K_PKc_E19_53	ATCAAGATTTCTACAGTCTC	TNNI3K
TRIB1_PKc_E1_72.3	AGCGCAGCTCGCGTCCAGTG	TRIB1
TRIB1_PKc_E1_72.9	ACATGCTCGCGCTCGGCTAG	TRIB1
TRIB1_PKc_E2_293.37	CCTCTTCCGGCTTCGCACAT	TRIB1
TRIB1_PKc_E2_293.41	CCAGTAATGTTGCTGTGCGA	TRIB1
TRIB1_PKc_E3_361.1	CCGGAAAGGCTGCGGACGTT	TRIB1
TRIB1_PKc_E3_361.38	GAACTGTCCACGCCGAATTT	TRIB1
TRIB2_PKc_E2_293.11	CTACCAGATTGCCTCGGCAG	TRIB2
TRIB2_PKc_E2_293.17	CCACTGCCATGACGGGGGGC	TRIB2
TRIB2_PKc_E2_293.31	CTTCTTGCAGGTGCGGACGA	TRIB2
TRIB2_PKc_E3_361.2	CTCTTCAGCAAGATCCGGCG	TRIB2
TRIB2_PKc_E3_361.22	TCATCCGAAGCATTCTGCGT	TRIB2
TRIB2_PKc_E3_361.52	ATCTCTGGGCTTACGTAAGC	TRIB2
TRIB3_PKc_E3_293.33	TACGGTGGCGGCTTCGCACC	TRIB3
TRIB3_PKc_E3_293.37	TCCGAGTGAAAAAGGCGTAG	TRIB3
TRIB3_PKc_E3_293.48	TGCGGGGGCAGCCGCGCATA	TRIB3
TRIB3_PKc_E4_361.12	ACGGGCCTCATACTCGGGCA	TRIB3
TRIB3_PKc_E4_361.24	CTTCGGCAAGATCCGCCGCG	TRIB3
TRIB3_PKc_E4_361.35	GTTCAGCTGGCTCCCGACGA	TRIB3
TRIO_PKc_E54_50	TGACTCCTTCTACAGTGAAG	TRIO
TRIO_PKc_E54_50.1	TACAGTGAAGTGGCTGAGCT	TRIO
TRIO_PKc_E55_201.12	TGGGGGTCTCAAAGGTGTCG	TRIO
TRIO_PKc_E55_201.2	GAAGTTGATGAAGCGCGACC	TRIO
TRIO_PKc_E56_139.3	CCTGGACTGCGTGGTGCGAT	TRIO
TRIO_PKc_E57_399.42	TCCAACACTCCACGTATCCG	TRIO
TRPM6_PKc_E34_228.24	CGACTCTCATAGCTTTACGG	TRPM6
TRPM6_PKc_E34_228.4	GATCCAGGTATTGTCCCGAG	TRPM6
TRPM6_PKc_E35_83.1	GTATGGTTTGTGGTTTCACT	TRPM6
TRPM6_PKc_E36_206.12	TGGACCTATGAGTACACTCG	TRPM6
TRPM6_PKc_E37_52	ACTTCAGGTTTTATAACAGA	TRPM6
TRPM6_PKc_E38_88.1	GGTGTTTGGACCGGCCAATT	TRPM6
TRPM7_PKc_E34_228.12	GACCATGTATTAACCACCTC	TRPM7
TRPM7_PKc_E34_228.6	CTGTCAAAGTACAGTGTACC	TRPM7
TRPM7_PKc_E35_83	TGGAGAATATGGTATGGATT	TRPM7
TRPM7_PKc_E36_206.12	TTCGTAAGTCCAGTGGCTAA	TRPM7
TRPM7_PKc_E37_52.1	CTTCTGCTTTTATCACAGAT	TRPM7
TRPM7_PKc_E38_88.3	TGGGCCAAAAACCATATCAC	TRPM7
TRRAP_PKc_E68_218.2	CGTCGTTCATGACGAGGTAT	TRRAP
TRRAP_PKc_E68_218.23	TCCCCGGATGTACAGCCGCC	TRRAP
TRRAP_PKc_E69_185.6	CTCCCGTTACTATGACCGGC	TRRAP
TRRAP_PKc_E70_204.18	CCGGAACGTCCAGTAGTCCG	TRRAP
TRRAP_PKc_E71_195	TTTGACATAAACGACGCGAC	TRRAP
TRRAP_PKc_E72_54.3	GCCAAGCAATGATCTCGTCC	TRRAP
TSSK1B_PKc_E1_789.21	ACGACCTGGACGTCGTCCAC	TSSK1B
TSSK1B_PKc_E1_789.35	AGCCCAAGGTGTACGACATC	TSSK1B
TSSK1B_PKc_E1_789.43	TGCAGCCCGACGTCAACCGG	TSSK1B
TSSK1B_PKc_E1_789.59	TTGATGTTGGAGTCGTCGTA	TSSK1B
TSSK1B_PKc_E1_789.71	ACCTCTGGGGCCGCATACGC	TSSK1B
TSSK1B_PKc_E1_789.93	TTAACTCGAGGAGGTCGCCC	TSSK1B
TSSK2_PKc_E1_789.12	CGGACGGATCTACATCATCA	TSSK2
TSSK2_PKc_E1_789.39	CCTATGACGACTCCGACATC	TSSK2
TSSK2_PKc_E1_789.46	TCTCATCGATGTGGAGCCGC	TSSK2
TSSK2_PKc_E1_789.51	GATGAGGTCCTTGCACTCGC	TSSK2
TSSK2_PKc_E1_789.87	GTGGCAGTACTTGACGGCGG	TSSK2
TSSK2_PKc_E1_789.95	GATGTAGATCCGTCCGTCAG	TSSK2
TSSK3_PKc_E1_121	TACCAGCTGGGCAAGACCAT	TSSK3
TSSK3_PKc_E1_121.13	TGAGTAGGTCCCTTCCCCAA	TSSK3
TSSK3_PKc_E1_121.8	AAAGTTATAGACAAGATGGG	TSSK3
TSSK3_PKc_E2_650.2	GCTCCAAATCGTCCGTACCC	TSSK3
TSSK3_PKc_E2_650.5	GAGCATCTCGGCCGATTGCC	TSSK3
TSSK3_PKc_E2_650.61	GGAGGATCATATCGGGTTCC	TSSK3
TSSK4_PKc_E1_156.11	AGCCTCATATACCGACCCAT	TSSK4
TSSK4_PKc_E1_156.3	CCATTGGCCATGGCTCCTAT	TSSK4
TSSK4_PKc_E2_215.1	TGAATGGATCCAGCGCTACG	TSSK4
TSSK4_PKc_E2_215.28	TGGCCCGATAGAAGTTGATG	TSSK4
TSSK4_PKc_E3_394.12	GCTTGCCCAGAGATCTTACG	TSSK4
TSSK4_PKc_E4_75.6	CAGAATGGTGGCACGCTTAG	TSSK4
TSSK6_PKc_E1_771.109	CGCCGGCGATCTGCGCAAAG	TSSK6
TSSK6_PKc_E1_771.44	GTGCATGCCCTTCGACGACT	TSSK6
TSSK6_PKc_E1_771.45	TTCGACGACTCGGACATCGC	TSSK6
TSSK6_PKc_E1_771.48	CGCGGCGTGCTCTATCCCGA	TSSK6
TSSK6_PKc_E1_771.7	GATAGAGCACGCCGCGTTTC	TSSK6
TSSK6_PKc_E1_771.89	CACCTCGGGTGACGCGTAGG	TSSK6
TTBK1_PKc_E3_148.2	GGGCTTTGGTGAGATCTACG	TTBK1
TTBK1_PKc_E4_74	GACCATGTGTGCAGGTTCAT	TTBK1
TTBK1_PKc_E5_141.14	GCGTGAAGGTGCCTCGCGGC	TTBK1
TTBK1_PKc_E6_105.8	GGCAGTACACCAACACCACG	TTBK1
TTBK1_PKc_E7_66.4	GCGAACCGTTCCTCGAAACC	TTBK1
TTBK1_PKc_E8_93.14	AGAGGGACCACAGGTCGTCG	TTBK1
TTBK2_PKc_E3_148.2	TGGAGAAATTTACGATGCCT	TTBK2
TTBK2_PKc_E4_74.4	GAATGATCGATTCAACTATG	TTBK2
TTBK2_PKc_E5_141.2	CATTAGTACCACTCTCCGGC	TTBK2
TTBK2_PKc_E6_105.4	TCTGACGTCACCACAGGAAT	TTBK2
TTBK2_PKc_E7_66.3	CAATCAACGCACATCGGAAC	TTBK2
TTBK2_PKc_E8_93.9	CTCCACCAACATGTAGAATA	TTBK2
TTK_PKc_E14_48.3	ACTTCCTATCTGCTTTAATA	TTK
TTK_PKc_E15_158.2	TCCGGTAACTATCAAGAGTT	TTK
TTK_PKc_E16_152	CACGGACCAGTACATCTACA	TTK
TTK_PKc_E17_125.3	TTAACAACACTTGTTGTATC	TTK
TTK_PKc_E18_81.4	GACATATCTTTGATTGCTTC	TTK
TTK_PKc_E19_177.8	TTCATGATTAGGATCAATTA	TTK
TTN_PKc_E358_736.16	CAAGCCCGTCAGCTGAAACC	TTN
TTN_PKc_E358_736.2	ATTGCTGAAGATCTTGGGCG	TTN
TTN_PKc_E358_736.24	GAGTGGTATCAACCCATTCC	TTN
TTN_PKc_E358_736.25	TGCTGAATATACTTTCGATG	TTN
TTN_PKc_E358_736.3	GATCTTGGGCGTGGTGAGTT	TTN
TTN_PKc_E358_736.55	AGGATGTTTCAACACAACGA	TTN
TXK_PKc_E10_161.16	GTGACCGCCATTCACCTAAA	TXK
TXK_PKc_E11_217.18	TCTCCCTGAGATAGTTAAGC	TXK
TXK_PKc_E12_65	ATAGTAAAAATTTCAGACTT	TXK
TXK_PKc_E13_119.8	CAGGAGGGGACCACTTGATT	TXK
TXK_PKc_E14_158.4	CAGGCTATATCGCCCTCACC	TXK
TXK_PKc_E15_48.6	GCAAATGTAGGGCGGCCTTC	TXK
TYK2_PKc_E13_186.14	GACGAGGACCCCCTCGTGCC	TYK2
TYK2_PKc_E13_186.34	CAGGCGGCCCTCATACACGT	TYK2
TYK2_PKc_E15_128.2	GTACGTGGAGCACGGACCCC	TYK2
TYK2_PKc_E16_136.3	GTGTGGCCGGAACATCCTGC	TYK2
TYK2_PKc_E17_155.3	CCCCACCTGGTAGGCATTCG	TYK2
TYK2_PKc_E18_135.4	CGCAGGATGGTGCGGAATGA	TYK2
TYK2_PKc2_E19_42.1	TTGAAAAAGATCCGAGATCT	TYK2
TYK2_PKc2_E20_193.1	GATCCGACCAACGACGGCAC	TYK2
TYK2_PKc2_E21_119.1	GGTCATGGAGTACGTGCCCC	TYK2
TYK2_PKc2_E22_173.14	CGCGCACGCGGTAGTACTCG	TYK2
TYK2_PKc2_E23_118.7	CTCATACAGGGTCACCCCGA	TYK2
TYK2_PKc2_E24_111.8	CAGGGACATTTGTCGGGCCG	TYK2
TYRO3_PKc_E12_58.3	GTTCACCCTGGGCCGGATGT	TYRO3
TYRO3_PKc_E13_81	AGAGTTTGGTTCAGTGCGGG	TYRO3
TYRO3_PKc_E14_93.6	GAACTCTTCAATGTCGCTTG	TYRO3
TYRO3_PKc_E15_122.1	GGGGTTCTCCCCAATCCGGG	TYRO3
TYRO3_PKc_E16_110.11	GCTCAGGTACTCCATGCCGC	TYRO3
TYRO3_PKc_E17_160.6	AGTGGGGACTACTATCGTCA	TYRO3
UHMK1_PKc_E1_205.24	GAAACCATACTCGGCGGCAG	UHMK1
UHMK1_PKc_E1_205.38	GCAGCGAACCCGATACACCG	UHMK1
UHMK1_PKc_E2_293.15	TACGTGGTTTGAGGTCCGCA	UHMK1
UHMK1_PKc_E3_192.2	ATATTCAGACAGACGGGTAT	UHMK1
UHMK1_PKc_E4_95.4	GGCATTCACCACTGCTTTAC	UHMK1
UHMK1_PKc_E5_76.1	CTGCACAATGCCATTTCAGC	UHMK1
ULK1_PKc_E1_75.8	CGAAGGCGCCGTGGCCGATC	ULK1
ULK1_PKc_E2_93.5	GCAGCGTCTGAGACTTGGCG	ULK1
ULK1_PKc_E3_42	ACTGAAACATGAAAACATCG	ULK1
ULK1_PKc_E4_33	AATGGCTAATTCTGTCTACC	ULK1
ULK1_PKc_E6_174.25	GTCCTCGCTCAGCGTGCGCA	ULK1
ULK1_PKc_E7_74.4	TGGCCGCCATCATGTTGCTC	ULK1
ULK2_PKc_E1_87.11	CCTTCGCCGTGGTCTTCCGG	ULK2
ULK2_PKc_E2_93.1	ATCACAAATACTGCTTGGAA	ULK2
ULK2_PKc_E4_33.1	CAACTCTGTCTTTTTGGTGA	ULK2
ULK2_PKc_E6_174.7	TTTGCTGTGCAGGATTCGCA	ULK2
ULK2_PKc_E7_74.2	CAGCCATCATGTTACTATGT	ULK2
ULK2_PKc_E8_102.3	GTGATATACCAATGCCTAGT	ULK2
ULK3_PKc_E1_63.4	GGCGTAGGCCTTGTACACCG	ULK3
ULK3_PKc_E2_141.11	GGATCTCAATCTCCGTGAGG	ULK3
ULK3_PKc_E3_121.5	CTCGCTTCATCCATACCCGC	ULK3
ULK3_PKc_E5_144.15	CGCGGGCGTCATACTGCCGC	ULK3
ULK3_PKc_E6_83.5	TTCCAGCTCCGAGAACGACC	ULK3
ULK3_PKc_E7_114.7	AGGACTTTTTTGCGCACCCC	ULK3
ULK4_PKc_E2_132.5	TGTCTATAAAGGGCGACGGA	ULK4
ULK4_PKc_E3_100.4	AGAGTTCCACCACTAGCCAG	ULK4
ULK4_PKc_E4_140.4	GATGATGTAATCCACTAATC	ULK4
ULK4_PKc_E5_163.14	TTGCTAAACTTCAGTGTGCC	ULK4
ULK4_PKc_E6_102.1	ACTTCTGGTGCTGTATATAC	ULK4
ULK4_PKc_E7_84.1	ATACTTTCTGAGAAGAATGG	ULK4
VRK1_PKc_E2_85.4	GTAGGATTACCCATTGGCCA	VRK1
VRK1_PKc_E3_56	ATGAATTCTTCAGAGTCAGT	VRK1
VRK1_PKc_E4_70	GCTCTGGTTTTGCAGCTCGT	VRK1
VRK1_PKc_E5_88	TACCCGTAAGCTGAAGTACC	VRK1
VRK1_PKc_E6_109	TTTATGATAATGGATCGCTT	VRK1
VRK1_PKc_E7_93	CACGAGCATGAGTATGTGCA	VRK1
VRK2_PKc_E10_59.1	CCCCCAGTCAGTGCTTAAAT	VRK2
VRK2_PKc_E2_91.4	GGAAGGCAATCAGTGGGTAC	VRK2
VRK2_PKc_E4_70.1	ATTTAAGTTCTGAAAATAAC	VRK2
VRK2_PKc_E6_106.3	AAGTCAACTGTCCTGCAATT	VRK2
VRK2_PKc_E7_93.1	AAAAGCAGCAAATCTACTTT	VRK2
VRK2_PKc_E9_121.15	GATCTCAACGTCACTTCGTC	VRK2
VRK3_PKc_E10_93.5	CATTCTCATGGAGGAACTCC	VRK3
VRK3_PKc_E5_85.7	GAGAATGCCCTGGTTGTCCC	VRK3
VRK3_PKc_E6_65.2	CTTCTGTGGTCCTGAGTCAC	VRK3
VRK3_PKc_E7_67.3	ATTGAACAAGCGCCCATCCT	VRK3
VRK3_PKc_E8_85.5	GTGAACACCGAAACCCATGC	VRK3
VRK3_PKc_E9_106.14	TGACATCCAGGGCCGACTGA	VRK3
WEE1_PKc_E4_143.9	TCATCAACAGAGCCCGCCAA	WEE1
WEE1_PKc_E5_122.1	TAGTTCGATATTTCTCTGCG	WEE1
WEE1_PKc_E6_147.2	CTCCTTTTGCAAGTTGGCCG	WEE1
WEE1_PKc_E7_96.4	ATCTTCGTCTCCTTCTTCAG	WEE1
WEE1_PKc_E8_86.4	CTATCGCCCTCTTCAACTTG	WEE1
WEE1_PKc_E9_171.1	GAAAGCACTTGTGGTATCCG	WEE1
WEE2_PKc_E4_128.4	AAAATTGGGGTTGGCGAATT	WEE2
WEE2_PKc_E5_122.8	GGAATAGTAACGTACCACAT	WEE2
WEE2_PKc_E6_147.4	CAACTCTAGCATGGTACACC	WEE2
WEE2_PKc_E7_108.2	AACTTCTTCTATGACTCCAG	WEE2
WEE2_PKc_E8_86.7	TTATTGATGTTGCGTGGCCC	WEE2
WEE2_PKc_E9_171.7	GCATGGCACCATATCCGCAA	WEE2
WNK1_PKc_E1_177.4	GCCGTGGGAATGTCTAACGA	WNK1
WNK1_PKc_E2_173.6	GTGACTGAACTTATGACGTC	WNK1
WNK1_PKc_E3_221.3	ATCTTTATCACCGGCCCTAC	WNK1
WNK1_PKc_E4_158.11	ATCTCAGGGGCCATGAACTC	WNK1
WNK1_PKc_E5_89.4	GCTACTTTGTCAAAACTGGC	WNK1
WNK1_PKc_E6_49.2	GGAAGAAGGCATGGTTCAAA	WNK1
WNK2_PKc_E1_105	CCTCAAGTTCGACATCGAGC	WNK2
WNK2_PKc_E2_173.6	CGTGCGCTTCTACGACTTCT	WNK2
WNK2_PKc_E3_221.1	GTCTGTGAAGATTGGCGACT	WNK2
WNK2_PKc_E4_158	CATGGCGCCCGAGATGTACG	WNK2
WNK2_PKc_E5_89.7	ATCGTGCACTTTCTCAAAGC	WNK2
WNK2_PKc_E6_52	GAGCCACGCCTTCTTCGCAG	WNK2
WNK3_PKc_E2_132	GCTGTAGCTACTTCTCCTAG	WNK3
WNK3_PKc_E3_173.12	ATCGAACTATATTGGGGTGC	WNK3
WNK3_PKc_E4_221.16	AGCAAATGAGGTACGCATTA	WNK3
WNK3_PKc_E5_158.6	AGAATAAGGATACTCCGATG	WNK3
WNK3_PKc_E6_89.3	GTGACTTTATTGAAGCTGGC	WNK3
WNK3_PKc_E7_52.1	GCATTTTTTGCTGAGGATAC	WNK3
WNK4_PKc_E1_105.3	TCCTTCAAGACGGTGTATCG	WNK4
WNK4_PKc_E2_173.7	TCGTCCGCTTCTATGATTCG	WNK4
WNK4_PKc_E3_221.12	GTCTTTATCACGGGACCTAC	WNK4
WNK4_PKc_E4_158.14	GCCGAACGCGTACACGTCCA	WNK4
WNK4_PKc_E5_89.1	CCACAAGGTGAAGATACCCG	WNK4
WNK4_PKc_E6_37	GTTCACCATCCAGGACCTCC	WNK4
YES1_PKc_E10_154.1	CTATATTCACCGAGATCTTC	YES1
YES1_PKc_E11_132.7	CGACCATACAGTGCAGCTTC	YES1
YES1_PKc_E12_203.2	AACAAGTGGAGCGAGGATAC	YES1
YES1_PKc_E7_91	TCGAGAATCTTTGCGACTAG	YES1
YES1_PKc_E8_180.6	TGTTTTGATTGCTACTTTCG	YES1
YES1_PKc_E9_77.4	GCTTCCACAGCTGGTTGATA	YES1
ZAK_PKc_E2_96	GGAGTGTTTATCGAGCCAAA	ZAK
ZAK_PKc_E3_88.1	ATTCTTGAACCTCCCAACTA	ZAK
ZAK_PKc_E4_102.3	ATATGGATCACATTATGACC	ZAK
ZAK_PKc_E5_66.2	TCTCTGTGAATCACCTTGAC	ZAK
ZAK_PKc_E7_138.15	TGTATGGTTATGGAACCGAG	ZAK
ZAK_PKc_E8_87.3	ACAAGGGAGGTCCCCTTTAA	ZAK
ZAP70_PKc_E10_207.28	GCCAATGAGCCGCACGATGT	ZAP70
ZAP70_PKc_E11_193.18	CGTAGTGCCGGTTAACCAGC	ZAP70
ZAP70_PKc_E12_141.17	TCGGGTGCGTACCACTTGAG	ZAP70
ZAP70_PKc_E13_113.12	CCGCTTGCCCTGCTCGATGA	ZAP70
ZAP70_PKc_E14_67.3	GCATGCGCTGCTCCACGGTC	ZAP70
ZAP70_PKc_E9_86.5	TGCGCATGCGGTACACGCCC	ZAP70
