tree
version=v4
num_class=1
num_tree_per_iteration=1
label_index=0
max_feature_idx=17
objective=regression
feature_names=Column_0 Column_1 Column_2 Column_3 Column_4 Column_5 Column_6 Column_7 Column_8 Column_9 Column_10 Column_11 Column_12 Column_13 Column_14 Column_15 Column_16 Column_17
feature_infos=[0:0.016393441706895828] [0:0.016393441706895828] [0:0.016393441706895828] [0:0.016393441706895828] [0:0.016393441706895828] [0:1] [0:1] [0:1] [0:1] [0:1] [0:1] [0:1] [0:1] [0:1] [0:1] [0.0062500000931322575:0.081967204809188843] [1:5] [0.0090909088030457497:0.090909093618392944]
tree_sizes=1731 1793 1802 1794 1795 1803 1797 1800 1807 1810 1795 1804 1798 1798 1790 1791 1806 1801 1801 1813 1800 1815 1809 1795 1825 1794 1795 1809 1798 1796 1793 1803 1786 1781 1805 1802 1794 1789 1821 1799 1792 1809 1809 1796 1805 1794 1801 1777 1795 1820 1783 1802 1792 1820 1810 1793 1799 1792 1782 1797 1826 1811 1791 1790 1794 1803 1797 1818 1798 1794 1823 1813 1809 1803 1775 1826 1791 1786 1792 1831 1779 1816 1799 1801 1813 1793 1775 1805 1807 1822 1820 1787 1792 1807 1783 1780 1808 1794 1835 1789 1810 1782 1778 1829 1778 1784 1787 1813 1833 1782 1796 1779 1824 1781 1777 1828 1789 1807 1782 1826

Tree=0
num_leaves=15
num_cat=0
split_feature=17 1 15 17 0 2 17 1 1 4 15 1 17 3
split_gain=1129.61 358.826 183.877 85.4501 73.8584 54.909 50.2021 46.0105 46.7146 38.7895 36.0767 199.769 35.6361 126.341
threshold=0.042572464793920524 0.016001024283468727 0.0085107926279306429 0.064583335071802153 0.015268065501004459 1.0000000180025095e-35 0.033908046782016761 0.010152545757591726 0.010256679728627207 0.0073261056095361718 0.0088107436895370501 0.0087337908335030096 0.010050504934042694 0.0066445916891098031
decision_type=2 2 2 2 2 2 2 2 2 2 2 2 2 2
left_child=2 3 -1 9 -3 -5 10 -7 -9 -2 11 -4 13 -12
right_child=1 4 6 5 -6 7 -8 8 -10 -11 12 -13 -14 -15
leaf_value=0.2323329301520691 0.24344654999967102 0.24913794837478898 0.23532338381404463 0.24039532244669987 0.26637981615933187 0.25293741531659941 0.23872578940915246 0.22633917689971414 0.24654095095626211 0.23890934186076079 0.23195616108077571 0.26332249489379689 0.2350018962610099 0.26911777921821756
leaf_weight=62190.739953512326 8283.1332450453192 922.79063401184976 4297.9144629240036 2943.3766037020832 2048.2278597000986 3327.1755274999887 12706.801860352978 295.87205184064806 4988.18758524023 10951.460621805862 679.17994156107306 737.80364404059947 82267.934777036309 333.40225878916681
leaf_count=58491 9303 1152 4106 3245 481 4878 13638 31 3843 9978 750 279 86770 29
internal_value=0.236194 0.244518 0.234472 0.242912 0.261086 0.24631 0.235789 0.248324 0.245393 0.240866 0.235366 0.239471 0.235117 0.244394
internal_weight=196974 33760.2 163214 30789.2 2971.02 11554.6 101023 8611.24 5284.06 19234.6 88316.2 5035.72 83280.5 1012.58
internal_count=196974 32911 164063 31278 1633 11997 105572 8752 3874 19281 91934 4385 87549 779
is_linear=0
shrinkage=1


Tree=1
num_leaves=15
num_cat=0
split_feature=17 1 15 17 0 2 0 3 17 3 15 15 1 1
split_gain=1019.68 324.093 165.98 77.1386 66.9967 49.5591 47.407 61.5345 105.12 57.9038 78.0737 54.5682 41.5532 42.2359
threshold=0.042572464793920524 0.016001024283468727 0.0085107926279306429 0.064583335071802153 0.015749008394777778 1.0000000180025095e-35 0.009569597430527212 0.0098524559289217013 0.020620748400688175 0.0080322581343352812 0.020032791420817379 0.024501320905983451 0.010152545757591726 0.010256679728627207
decision_type=2 2 2 2 2 2 2 2 2 2 2 2 2 2
left_child=2 3 -1 -2 -3 -5 -4 9 -9 -8 -11 -10 -7 -14
right_child=1 4 6 5 -6 12 7 8 11 10 -12 -13 13 -15
leaf_value=-0.0036679124514211073 0.0044387806461028204 0.013613810887105943 -0.00089823171800615614 0.0039921028569182343 0.02938407071981863 0.01590888741423575 0.0017402121661529012 0.031401182630502615 0.019876382653597049 -0.024251246341345081 -0.0020136253906919816 0.0022175916466466087 -0.0093780561758462257 0.009830772979506977
leaf_weight=62190.739953512326 19234.593866851181 1091.6440663561225 82488.238490860909 2943.3766037020832 1879.3744273558259 3327.1755274999887 12126.587152363732 397.61482680775225 497.04042444564402 496.21131528168917 1801.7065437138081 3215.6381912305951 295.87205184064806 4988.18758524023
leaf_count=58491 19281 1251 87564 3245 382 4878 12190 36 394 153 1818 3417 31 3843
internal_value=3.22143e-07 0.00790892 -0.00163593 0.00638234 0.0236547 0.00961109 -0.000384783 0.00189955 0.00728853 0.000359963 -0.00689988 0.00462873 0.0115248 0.00873952
internal_weight=196974 33760.2 163214 30789.2 2971.02 11554.6 101023 18534.8 4110.29 14424.5 2297.92 3712.68 8611.24 5284.06
internal_count=196974 32911 164063 31278 1633 11997 105572 18008 3847 14161 1971 3811 8752 3874
is_linear=0
shrinkage=0.05


Tree=2
num_leaves=15
num_cat=0
split_feature=17 1 15 17 0 2 1 1 4 15 1 15 2 0
split_gain=925.41 332.278 112.479 99.5471 60.9202 44.7305 37.5278 38.1865 37.4301 36.577 35.5432 189.897 37.1276 53.2202
threshold=0.035098522901535041 0.016001024283468727 0.0085107926279306429 0.064583335071802153 0.015268065501004459 1.0000000180025095e-35 0.010152545757591726 0.010256679728627207 0.0091326101683080214 0.055497840046882636 0.0087337908335030096 0.0088107436895370501 0.0088107436895370501 0.0096620614640414732
decision_type=2 2 2 2 2 2 2 2 2 2 2 2 2 2
left_child=2 3 -1 8 -3 -5 -7 -8 9 -2 -4 -12 13 -13
right_child=1 4 10 5 -6 6 7 -9 -10 -11 11 12 -14 -15
leaf_value=-0.0034845462708621372 0.0046837029837738476 0.011630431031076865 -0.0012619387760452352 0.0037931731629804524 0.027286615095713587 0.01511582788242768 -0.0089244829516025147 0.0093402174621533239 0.0016636876214044319 0.015273499380171855 0.025834652540686356 0.00010907833914013087 -0.0043465179603218579 0.0087035591859451703
leaf_weight=62190.739953512326 15891.561173204333 922.79063401184976 69707.318074906245 2943.3766037020832 2048.2278597000986 3327.1755274999887 295.87205184064806 4988.18758524023 13122.393519455567 852.18558178655803 737.80364404059947 14198.048137251288 3695.2875888403505 2053.0330920703709
leaf_count=58491 17581 1152 72026 3245 481 4878 31 3843 12715 394 279 18023 2688 1147
internal_value=5.40064e-07 0.00635351 -0.00184807 0.0051917 0.0224792 0.00913141 0.0109495 0.00830259 0.00366496 0.00523147 -0.000721883 0.00109788 0.000170393 0.00119952
internal_weight=196974 44391.8 152582 41420.8 2971.02 11554.6 8611.24 5284.06 29866.1 16743.7 90391.5 20684.2 19946.4 16251.1
internal_count=196974 44320 152654 42687 1633 11997 8752 3874 30690 17975 94163 22137 21858 19170
is_linear=0
shrinkage=0.05


Tree=3
num_leaves=15
num_cat=0
split_feature=17 1 15 17 0 2 1 1 4 15 1 15 17 3
split_gain=835.358 300.101 101.527 89.8576 55.2807 40.3723 33.8924 34.5255 33.7913 33.068 32.0989 171.623 34.4465 114.336
threshold=0.035098522901535041 0.016001024283468727 0.0085107926279306429 0.064583335071802153 0.015749008394777778 1.0000000180025095e-35 0.010152545757591726 0.010256679728627207 0.0091326101683080214 0.055497840046882636 0.0087337908335030096 0.0088107436895370501 0.010050504934042694 0.0066445916891098031
decision_type=2 2 2 2 2 2 2 2 2 2 2 2 2 2
left_child=2 3 -1 8 -3 -5 -7 -8 9 -2 12 -12 13 -4
right_child=1 4 10 5 -6 6 7 -9 -10 -11 11 -13 -14 -15
leaf_value=-0.0033103469263638385 0.0044496654464067443 0.012243071813558805 -0.0039224451270828851 0.0036041563240414038 0.026565534315593317 0.014362300522913513 -0.0084928473634592379 0.0088741413231962218 0.0015805666498314838 0.014518681099568886 0.024560194642914302 0.0001619851910664966 -0.0013342707653419637 0.031430526877359873
leaf_weight=62190.739953512326 15891.561173204333 1091.6440663561225 679.17994156107306 2943.3766037020832 1879.3744273558259 3327.1755274999887 295.87205184064806 4988.18758524023 13122.393519455567 852.18558178655803 737.80364404059947 19946.368818162009 68694.735874556005 333.40225878916681
leaf_count=58491 17581 1251 750 3245 382 4878 31 3843 12715 394 279 21858 71247 29
internal_value=7.8066e-07 0.00603673 -0.00175558 0.00493261 0.0213617 0.00867568 0.010403 0.0078875 0.00348208 0.0049705 -0.000685628 0.00104372 -0.00119885 0.00791139
internal_weight=196974 44391.8 152582 41420.8 2971.02 11554.6 8611.24 5284.06 29866.1 16743.7 90391.5 20684.2 69707.3 1012.58
internal_count=196974 44320 152654 42687 1633 11997 8752 3874 30690 17975 94163 22137 72026 779
is_linear=0
shrinkage=0.05


Tree=4
num_leaves=15
num_cat=0
split_feature=17 1 15 3 0 4 17 3 0 17 15 1 17 15
split_gain=757.98 237.546 121.033 59.9733 51.1367 49.9406 55.7012 41.5176 47.2933 83.9372 51.2764 33.2209 38.6285 29.4019
threshold=0.042572464793920524 0.016001024283468727 0.0085107926279306429 0.015038444194942715 0.016261236742138866 0.0091326101683080214 0.080128207802772536 0.0096620614640414732 0.009569597430527212 0.020620748400688175 0.024501320905983451 0.015038444194942715 0.080128207802772536 0.0088107436895370501
decision_type=2 2 2 2 2 2 2 2 2 2 2 2 2 2
left_child=2 3 -1 5 -3 11 -7 13 -9 -10 -11 -2 -13 -4
right_child=1 4 7 -5 -6 6 -8 8 9 10 -12 12 -14 -15
leaf_value=-0.0031448561343512212 0.0059448509247705386 0.014886022898825206 0.0029031043009393733 0.010759225527103088 0.02848384592166216 0.0014069961635160965 0.012895546124390471 0.00038234111293275155 0.027319714874201602 0.018846911466339239 0.0018368522126825286 0.017556327541652861 -0.0098083655656969297 -0.0010338730492830052
leaf_weight=62190.739953512326 11705.613280097023 1805.0366305150092 5035.7181069646031 4623.9447794407606 1165.9818631969392 12052.848346300423 1146.7045727539808 12746.094290852547 423.60658391565084 501.15632143802941 3347.667900942266 1120.9831900075078 139.11146653443575 78968.793740591034
leaf_count=58491 13038 1460 4385 4190 173 11204 1540 12266 63 409 3585 1236 70 84864
internal_value=1.05973e-06 0.00681969 -0.00140968 0.00551272 0.0203002 0.00458179 0.00241406 -0.000341288 0.00191 0.00645597 0.00409484 0.00678506 0.0144819 -0.00079755
internal_weight=196974 33760.2 163214 30789.2 2971.02 26165.3 13199.6 101023 17018.5 4272.43 3848.82 12965.7 1260.09 84004.5
internal_count=196974 32911 164063 31278 1633 27088 12744 105572 16323 4057 3994 14344 1306 89249
is_linear=0
shrinkage=0.05


Tree=5
num_leaves=15
num_cat=0
split_feature=17 1 15 17 0 2 1 15 2 0 17 17 3 3
split_gain=687.483 243.888 82.0683 72.8681 47.6024 36.0415 32.0539 153.001 33.3693 45.1209 72.2937 32 103.479 33.9377
threshold=0.035098522901535041 0.016001024283468727 0.0079682543873786944 0.064583335071802153 0.015268065501004459 1.0000000180025095e-35 0.0087337908335030096 0.0088107436895370501 0.0088107436895370501 0.0094788861460983771 0.020204081200063232 0.010050504934042694 0.0066445916891098031 0.0093898782506585139
decision_type=2 2 2 2 2 2 2 2 2 2 2 2 2 2
left_child=2 3 -1 -2 -3 -5 11 -8 9 -9 -11 12 -4 -13
right_child=1 4 6 5 -6 -7 7 8 -10 10 -12 13 -14 -15
leaf_value=-0.0031915087599274474 0.0031754276432932362 0.0097132307745503438 -0.0036782250863815489 0.0030623561923806852 0.023539998709243715 0.0094842059276565669 0.023205391361993545 0.00010942263924641901 -0.0041133595420618325 0.024628780412486159 0.002876294491024241 -0.0017499082639230289 0.029954951455760149 0.0012126677396359614
leaf_weight=52558.630720769987 29866.140274446458 922.79063401184976 679.17994156107306 2943.3766037020832 2048.2278597000986 8611.2351645808667 737.80364404059947 14085.942909890786 3695.2875888403505 485.71732222847641 1679.4209972023964 67038.781490519643 333.40225878916681 11288.063616778702
leaf_count=49298 30690 1152 750 3245 481 8752 279 17913 2688 118 1139 68350 29 12090
internal_value=1.33486e-06 0.00547704 -0.001592 0.00448168 0.0192924 0.00785239 -0.00075129 0.00100137 0.000168839 0.00114449 0.00784694 -0.00120829 0.00758046 -0.00132286
internal_weight=196974 44391.8 152582 41420.8 2971.02 11554.6 100024 20684.2 19946.4 16251.1 2165.14 79339.4 1012.58 78326.8
internal_count=196974 44320 152654 42687 1633 11997 103356 22137 21858 19170 1257 81219 779 80440
is_linear=0
shrinkage=0.05


Tree=6
num_leaves=15
num_cat=0
split_feature=17 1 15 17 0 4 2 0 3 17 3 15 15 17
split_gain=620.513 220.277 74.0917 65.778 43.8195 34.6816 40.4641 30.3426 58.2545 67.2091 48.2166 66.8087 28.9567 28.4013
threshold=0.035098522901535041 0.016001024283468727 0.0079682543873786944 0.064583335071802153 0.016261236742138866 0.0090499590151011961 0.014599318150430919 0.009569597430527212 0.0098524559289217013 0.020204081200063232 0.0080322581343352812 0.020032791420817379 0.024132234975695614 0.010050504934042694
decision_type=2 2 2 2 2 2 2 2 2 2 2 2 2 2
left_child=2 3 -1 -2 -3 -5 -7 13 10 -10 -9 -12 -11 -4
right_child=1 4 7 5 -6 6 -8 8 9 12 11 -13 -14 -15
leaf_value=-0.0030319638087308587 0.003016709283203882 0.013326794512022434 0.0072142820500589334 0.010409724216889944 0.025904773900689022 0.001315097523279256 0.0094462612162683497 0.0013919625024512499 0.027716044955833099 0.017084466595619067 -0.022839336959254247 -0.0016607125388841638 0.0018022726226382072 -0.0011693287374821757
leaf_weight=52558.630720769987 29866.140274446458 1805.0366305150092 1012.5822003502399 5351.272059880197 1165.9818631969392 3473.0213063079864 2730.3184020947665 10093.656242104247 376.13615862652659 377.28769657574594 496.21131528168917 1415.2212381158024 1567.9749645274132 84684.529954269528
leaf_count=49298 30690 1460 779 5908 173 3982 2107 10047 18 325 153 1411 1897 88726
internal_value=1.56818e-06 0.00520374 -0.00151218 0.00425779 0.0183334 0.00746031 0.00490337 -0.000713364 0.00141584 0.00864833 1.12772e-05 -0.00724897 0.0048385 -0.00106944
internal_weight=196974 44391.8 152582 41420.8 2971.02 11554.6 6203.34 100024 14326.5 2321.4 12005.1 1911.43 1945.26 85697.1
internal_count=196974 44320 152654 42687 1633 11997 6089 103356 13851 2240 11611 1564 2222 89505
is_linear=0
shrinkage=0.05


Tree=7
num_leaves=15
num_cat=0
split_feature=17 1 15 3 4 17 0 0 17 3 15 3 4 2
split_gain=562.736 174.272 89.0392 47.8999 43.5261 47.6526 40.6973 32.7107 39.8889 64.4296 41.8228 141.289 49.8848 28.41
threshold=0.042572464793920524 0.016001024283468727 0.0085107926279306429 0.015038444194942715 0.0091326101683080214 0.080128207802772536 0.015268065501004459 0.009569597430527212 0.020204081200063232 0.0098524559289217013 0.020032791420817379 0.0085838492959737795 0.0090499590151011961 0.016261236742138866
decision_type=2 2 2 2 2 2 2 2 2 2 2 2 2 2
left_child=2 3 -1 4 13 -6 -3 -4 9 -9 11 -10 -12 -2
right_child=1 6 7 -5 5 -7 -8 8 10 -11 12 -13 -14 -15
leaf_value=-0.0027020990928484367 0.006402644937227496 0.0085735800744653878 -0.00072396045098946891 0.009445919212153887 0.0009710703617493478 0.011596624247072678 0.021349344479514636 0.003995050428974755 -0.0010281092179638771 0.026366132029288381 0.0049381951945472388 -0.039475308635302596 -0.0025407219811663475 -0.0069592157849249318
leaf_weight=62190.739953512326 12562.76100987941 922.79063401184976 82488.238490860909 4623.9447794407606 12052.848346300423 1146.7045727539808 2048.2278597000986 1966.3140493892133 5563.4907990079373 376.13615862652659 7160.8918646350503 239.7128230817616 3228.2527591027319 402.94692675955594
leaf_count=58491 14130 1152 87564 4190 11204 1540 481 1988 5295 18 7585 61 3061 214
internal_value=1.71791e-06 0.00587689 -0.00121383 0.00475742 0.00392557 0.00190224 0.0174233 -0.000297457 0.00160004 0.00768407 0.000715706 -0.00268142 0.00261404 0.00598234
internal_weight=196974 33760.2 163214 30789.2 26165.3 13199.6 2971.02 101023 18534.8 2342.45 16192.3 5803.2 10389.1 12965.7
internal_count=196974 32911 164063 31278 27088 12744 1633 105572 18008 2006 16002 5356 10646 14344
is_linear=0
shrinkage=0.05


Tree=8
num_leaves=15
num_cat=0
split_feature=17 1 15 17 2 0 4 0 0 1 15 2 0 17
split_gain=510.445 179.042 60.5685 54.763 38.4768 37.5481 31.4814 27.4719 31.0894 27.2315 139.314 29.6144 33.55 54.4703
threshold=0.035098522901535041 0.016001024283468727 0.0079682543873786944 0.060661764815449722 1.0000000180025095e-35 0.016261236742138866 0.010152545757591726 0.0096620614640414732 0.0075472774915397176 0.0087337908335030096 0.0088107436895370501 0.0088107436895370501 0.0094788861460983771 0.020204081200063232
decision_type=2 2 2 2 2 2 2 2 2 2 2 2 2 2
left_child=2 3 -1 6 7 -3 -2 8 -5 -4 -11 12 -12 -14
right_child=1 5 9 4 -6 -7 -8 -9 -10 10 11 -13 13 -15
leaf_value=-0.0027453151320849631 0.0039314909722854858 0.011927309536833663 -0.0010701831249680274 0.0033394707884657122 0.0079653280077552641 0.02356215696836832 0.00045940538854092737 -0.0022154542814715118 0.020279499736706133 0.022154036748244375 0.00019855287765806751 -0.0038620420026920042 0.021437823509928067 0.0025556714196534446
leaf_weight=52558.630720769987 16499.953504314646 1805.0366305150092 79339.427307648584 1555.9547125976533 10362.218354279175 1165.9818631969392 10803.423582008108 1879.687483984977 319.51440554484725 737.80364404059947 14085.942909890786 3695.2875888403505 485.71732222847641 1679.4209972023964
leaf_count=49298 17686 1460 81219 2274 10470 173 10395 1573 289 279 17913 2688 118 1139
internal_value=1.73424e-06 0.00472002 -0.00137121 0.00386717 0.00639492 0.0165572 0.00255832 0.0020518 0.00631771 -0.000648962 0.000966474 0.000172051 0.00109116 0.00687069
internal_weight=196974 44391.8 152582 41420.8 14117.4 2971.02 27303.4 3755.16 1875.47 100024 20684.2 19946.4 16251.1 2165.14
internal_count=196974 44320 152654 42687 14606 1633 28081 4136 2563 103356 22137 21858 19170 1257
is_linear=0
shrinkage=0.05


Tree=9
num_leaves=15
num_cat=0
split_feature=17 1 15 3 4 17 3 15 17 1 1 2 15 17
split_gain=460.811 142.163 72.6883 50.3321 37.9472 35.8987 28.8801 34.0995 41.9538 44.5655 39.7886 26.167 25.6026 23.8929
threshold=0.042572464793920524 0.016261236742138866 0.0085107926279306429 0.015268065501004459 0.0073261056095361718 0.080128207802772536 0.0096620614640414732 0.012422839645296337 0.021054964512586597 1.0000000180025095e-35 0.0087337908335030096 0.016261236742138866 0.012820776086300613 0.010050504934042694
decision_type=2 2 2 2 2 2 2 2 2 2 2 2 2 2
left_child=2 3 -1 4 11 -6 13 -8 10 12 -9 -2 -10 -4
right_child=1 -3 6 -5 5 -7 7 8 9 -11 -12 -13 -14 -15
leaf_value=-0.0024427419808944932 0.0063885813450567167 0.018725961535955845 0.0069459250092400275 0.0095432720504691759 0.0013960506647177527 0.0093714685979711162 -0.0031197405059925562 0.0047112054314673796 0.012724891739101947 -0.0016719879713312348 0.020787441695389972 -0.0065190860354391233 0.0032233043531994959 -0.00074412963780633775
leaf_weight=62190.739953512326 11099.180860869586 1858.7764216586947 1012.5822003502399 4324.2478971909732 14525.169443145394 1553.5491730477661 3108.662848610431 1232.0656046289951 801.54841884411871 5584.0152808558196 555.48617302067578 399.30033293366432 5736.7467711884528 82991.929647205397
leaf_count=58491 12643 820 779 3654 13527 2080 2510 1370 221 4385 143 187 7694 88470
internal_value=1.9213e-06 0.00531847 -0.00109805 0.00453164 0.00374261 0.00217199 -0.000270079 0.00160757 0.00266554 0.00160705 0.00979479 0.00593507 0.00440578 -0.000650619
internal_weight=196974 33760.2 163214 31901.4 27577.2 16078.7 101023 17018.5 13909.9 12122.3 1787.55 11498.5 6538.3 84004.5
internal_count=196974 32911 164063 32091 28437 15607 105572 16323 13813 12300 1513 12830 7915 89249
is_linear=0
shrinkage=0.05


Tree=10
num_leaves=15
num_cat=0
split_feature=17 1 15 3 4 17 0 1 17 15 4 1 15 2
split_gain=419.004 146.676 49.6484 46.3474 37.9069 41.7864 34.2814 31.2801 35.4457 25.9164 29.5866 24.1121 126.2 26.8064
threshold=0.035098522901535041 0.016001024283468727 0.0079682543873786944 0.015038444194942715 0.0091326101683080214 0.087121214717626586 0.015268065501004459 0.015038444194942715 0.080128207802772536 0.055497840046882636 0.0089687905274331587 0.0087337908335030096 0.0088107436895370501 0.0066890381276607522
decision_type=2 2 2 2 2 2 2 2 2 2 2 2 2 2
left_child=2 3 -1 4 7 -6 -3 9 -9 -2 -11 -4 -13 -14
right_child=1 6 11 -5 5 -7 -8 8 -10 10 -12 12 13 -15
leaf_value=-0.0024859620857192841 0.0034033762683977095 0.0068860187223818321 -0.00098433664832813894 0.008219151764520892 0.00075996432718523888 0.015414637310507956 0.018591040743286841 0.0149552283692444 -0.011188334174749407 0.0072681632052740532 0.028299207792222936 0.02109785823280437 0.001367955738598595 -0.0026398111093674432
leaf_weight=52558.630720769987 17313.278329277411 922.79063401184976 79339.427307648584 4623.9447794407606 16630.355421697721 491.15033028647304 2048.2278597000986 1120.9831900075078 139.11146653443575 902.89992129988968 199.02860418520868 737.80364404059947 14017.724407736212 5928.6444104257971
leaf_count=49298 19498 1152 81219 4190 16374 719 481 1236 70 561 39 279 16717 5141
internal_value=2.02662e-06 0.00427685 -0.00124188 0.00350494 0.00291047 0.0011891 0.0149908 0.00440704 0.0120037 0.00388099 0.0112871 -0.000587973 0.00093212 0.000176004
internal_weight=196974 44391.8 152582 41420.8 36796.8 17121.5 2971.02 19675.3 1260.09 18415.2 1101.93 100024 20684.2 19946.4
internal_count=196974 44320 152654 42687 38497 17093 1633 21404 1306 20098 600 103356 22137 21858
is_linear=0
shrinkage=0.05


Tree=11
num_leaves=15
num_cat=0
split_feature=17 1 17 15 15 0 3 4 0 4 3 15 1 0
split_gain=380.579 105.873 74.6369 32.3808 47.9697 100.358 36.4404 34.1366 57.2967 35.2284 32.3459 30.0028 20.9584 20.7139
threshold=0.048809524625539787 0.016261236742138866 0.01835016813129187 0.020032791420817379 0.019880400970578197 0.011299795936793091 0.012739370577037336 0.00766294775530696 0.0093025267124176043 0.0075472774915397176 0.015268065501004459 0.012820776086300613 0.0067340831737965354 0.0094788861460983771
decision_type=2 2 2 2 2 2 2 2 2 2 2 2 2 2
left_child=2 10 -1 4 6 -6 -4 8 12 -10 13 -8 -5 -2
right_child=1 -3 3 7 5 -7 11 -9 9 -11 -12 -13 -14 -15
leaf_value=-0.001746214066113696 0.0057365211249835648 0.017014644484957216 -0.00072875254858954016 0.003343890130389428 0.00065395434127266594 -0.041799713575521619 0.015756703590509097 -2.8318452731287351e-05 0.0051898404639401409 0.018260879396632221 0.0086014459313555492 4.5211305898882659e-05 -0.0018880024828228517 0.0025190699907130542
leaf_weight=100203.03521648049 8515.0037683453411 1858.7764216586947 34100.769965266809 3117.8566385935992 385.71072977408767 207.55415986292064 611.85362576134503 17742.534187704325 7663.9939103201032 545.08434003964067 4324.2478971909732 594.309071470052 4923.1786454748362 12180.092449119315
leaf_count=97826 10501 820 35194 4025 486 57 75 19069 8435 155 3654 513 5056 11108
internal_value=2.20184e-06 0.00552991 -0.000871547 0.000382505 -0.000664645 -0.0146452 -0.000425649 0.00148829 0.00314318 0.00607892 0.00467021 0.00807925 0.000142262 0.00384502
internal_weight=196974 26878.1 170096 69892.8 35900.2 593.265 35306.9 33992.6 16250.1 8209.08 25019.3 1206.16 8041.04 20695.1
internal_count=196974 26083 170891 73065 36325 543 35782 36740 17671 8590 25263 588 9081 21609
is_linear=0
shrinkage=0.05


Tree=12
num_leaves=15
num_cat=0
split_feature=17 1 15 4 15 15 2 0 1 3 0 0 2 3
split_gain=344.248 112.281 49.6604 35.5302 44.5817 39.9511 30.8746 30.458 28.8144 27.5346 27.3042 26.678 26.1388 23.538
threshold=0.039230769500136382 0.016001024283468727 0.0085107926279306429 0.0091326101683080214 0.044465281069278724 0.041350034996867187 0.014815627597272398 0.015749008394777778 0.014185110572725536 0.012903762981295587 0.013793759513646366 0.011428944766521456 0.012579114176332952 0.012579114176332952
decision_type=2 2 2 2 2 2 2 2 2 2 2 2 2 2
left_child=2 3 -1 4 5 8 -5 -3 -2 12 -8 -7 -10 -4
right_child=1 7 13 6 -6 11 10 -9 9 -11 -12 -13 -14 -15
leaf_value=-0.0021206767744977296 0.0037367720322101119 0.0068677485864488443 -0.00043597311612379247 0.00084739696460244896 0.0097950615276414851 0.0073038461616619409 -0.00066761778309918415 0.017454068317076708 0.0047468900296185898 0.026331237080065645 0.0094614850313982281 -0.0075360760451804861 0.022332931348017435 0.0045197157625673718
leaf_weight=62190.739953512326 10799.454611340538 1091.6440663561225 94435.970750061795 13947.738299816847 3864.9947235994041 397.94411349669099 958.95128000155091 1879.3744273558259 1141.2844516281039 236.66453481465578 2153.5369696356356 1175.2768286168575 251.92935065180063 2448.496666174382
leaf_count=58491 13073 1251 99232 13870 3722 575 1160 382 1589 111 1174 531 82 1731
internal_value=2.17027e-06 0.00428395 -0.00101815 0.00348781 0.00504572 0.00372875 0.00185417 0.0136004 0.00467888 0.0108604 0.00634859 -0.00375991 0.0080634 -0.000310278
internal_weight=196974 37898.8 159075 34927.8 17867.5 14002.6 17060.2 2971.02 12429.3 1629.88 3112.49 1573.22 1393.21 96884.5
internal_count=196974 37520 159454 35887 19683 15961 16204 1633 14855 1782 2334 1106 1671 100963
is_linear=0
shrinkage=0.05


Tree=13
num_leaves=15
num_cat=0
split_feature=17 1 17 4 17 0 3 15 0 0 2 1 0 1
split_gain=312.636 87.5977 61.6966 29.4401 29.2156 27.3376 52.8842 46.1275 27.0581 32.1687 34.1295 32.2174 28.2735 30.7928
threshold=0.048809524625539787 0.016261236742138866 0.01835016813129187 0.009569597430527212 0.028991596773266796 0.011173533275723459 0.0084389690309762972 0.020032791420817379 0.015504807699471714 0.010471491608768703 0.014815627597272398 0.014185110572725536 0.0074350468348711738 0.011299795936793091
decision_type=2 2 2 2 2 2 2 2 2 2 2 2 2 2
left_child=2 8 -1 4 5 -4 -7 -8 9 11 -11 12 -2 -14
right_child=1 -3 3 -5 -6 6 7 -9 -10 10 -12 -13 13 -15
leaf_value=-0.001584840324643699 0.0018621256063750707 0.015458928114839135 0.00046263779892107763 -0.0012560120184245507 0.0025354807121432069 0.00028811093451652065 -0.028729932833059975 -0.0039761412024010073 0.0079729526124687443 -7.8220622718340536e-05 0.0065830587640580071 0.0093540382619946624 0.013847122131424359 -0.0030530271376900957
leaf_weight=100203.03521648049 5564.0249248035252 1858.7764216586947 28289.202796170488 20245.25569274649 19156.725466167554 1450.7371707353741 357.54812598414719 393.37602246366441 4044.5249922052026 7923.0184617508203 2529.0314116589725 3519.3473223876208 1086.2027829103172 353.19421893917024
leaf_count=97826 6854 820 28913 21887 20251 1627 6 381 2990 6884 2258 4057 1843 377
internal_value=2.32233e-06 0.00501238 -0.000789602 0.000350567 0.00100582 4.42487e-05 -0.00530943 -0.0159852 0.0042304 0.00350528 0.00153833 0.0054557 0.00348617 0.00970777
internal_weight=196974 26878.1 170096 69892.8 49647.6 30490.9 2201.66 750.924 25019.3 20974.8 10452 10522.8 7003.42 1439.4
internal_count=196974 26083 170891 73065 51178 30927 2014 387 25263 22273 9142 13131 9074 2220
is_linear=0
shrinkage=0.05


Tree=14
num_leaves=15
num_cat=0
split_feature=17 0 15 3 4 15 15 2 0 15 1 0 15 1
split_gain=282.286 92.7775 43.1432 42.2707 36.4387 36.1991 33.1599 32.3499 27.2347 23.906 23.901 33.6244 27.8171 23.6058
threshold=0.039230769500136382 0.015504807699471714 0.00766294775530696 0.016261236742138866 0.0091326101683080214 0.044465281069278724 0.043302627280354507 0.016261236742138866 0.012121656909585001 0.014235776849091055 0.014185110572725536 0.0084389690309762972 0.027242750860750679 0.00766294775530696
decision_type=2 2 2 2 2 2 2 2 2 2 2 2 2 2
left_child=2 4 -1 7 5 6 10 -3 -7 -6 -2 12 -12 -11
right_child=1 3 -4 -5 9 8 -8 -9 -10 13 11 -13 -14 -15
leaf_value=-0.0022156690629412412 0.0029061252351433803 0.0090898049184562745 -0.0003976863169721276 0.017717217818670136 -0.0064609041934203569 0.014157657928381962 -0.008280603399307012 -0.0043226851030039983 0.0049104999958353348 0.0049890942893434584 0.0037773788482725517 -0.0026899947163625138 0.017152791480044154 0.00051758461514695374
leaf_weight=45840.872567093 10287.245511056855 3540.8050243463367 113234.3348026555 1319.9744145423174 948.56586572155356 1513.687933312729 574.39051782339811 508.72092644311488 1702.579372247681 3977.5648835618049 633.88113709352911 495.73917804844677 1024.3562225736678 11371.282670542598
leaf_count=43030 12560 2848 116424 279 587 1732 355 126 1720 5905 941 380 969 9118
internal_value=2.25617e-06 0.00387959 -0.000921683 0.00996325 0.00287263 0.00454881 0.00337027 0.00739837 0.00929293 0.00120141 0.00391439 0.00869411 0.0120932 0.00167884
internal_weight=196974 37898.8 159075 5369.5 32529.3 16231.9 13015.6 4049.53 3216.27 16297.4 12441.2 2153.98 1658.24 15348.8
internal_count=196974 37520 159454 3253 34267 18657 15205 2974 3452 15610 14850 2290 1910 15023
is_linear=0
shrinkage=0.05


Tree=15
num_leaves=15
num_cat=0
split_feature=17 17 1 2 15 4 0 0 17 3 15 2 15 2
split_gain=257.752 79.104 56.7169 33.9388 26.8954 26.0141 24.9881 39.402 23.172 93.7113 23.1563 29.9979 20.4943 39.0246
threshold=0.060661764815449722 0.028991596773266796 0.016261236742138866 1.0000000180025095e-35 0.00766294775530696 0.0092167854309082049 0.0085838492959737795 0.0075472774915397176 0.010050504934042694 0.0066445916891098031 0.055497840046882636 0.013245614245533945 0.022181705571711067 0.0067797389347106227
decision_type=2 2 2 2 2 2 2 2 2 2 2 2 2 2
left_child=1 4 3 6 -1 10 7 -2 9 -6 -3 -12 -5 -14
right_child=2 5 -4 12 8 -7 -8 -9 -10 -11 11 -13 13 -15
leaf_value=-0.0021049101591483336 0.002219990905232355 0.0021720740274530363 0.01409639638364352 -0.0079375594083088436 -0.0038525971106293162 -0.0001515573793691784 -0.0029991602575245263 0.024044788014531058 -0.00071096651663414556 0.0281504756501821 -0.0032163689693515277 0.017210957876438383 0.023791602439944194 0.0060366088463132041
leaf_weight=45840.872567093 1634.1505815722048 22879.127555033192 1858.7764216586947 241.3967555668205 679.17994156107306 15760.743071781471 2033.110586155206 227.2412236854434 93579.701739583164 333.40225878916681 260.00589769147336 552.57454541139305 310.06200958415866 10783.655871896073
leaf_count=43030 2406 24993 820 201 750 15953 1750 195 95653 29 159 168 405 10462
internal_value=2.27231e-06 -0.000555314 0.00586875 0.00485597 -0.00111105 0.00142264 0.00082643 0.00499864 -0.000629238 0.00685696 0.00246948 0.0107151 0.00623849 0.00655383
internal_weight=196974 179886 17088.4 15229.6 140433 39452.5 3894.5 1861.39 94592.3 1012.58 23691.7 812.58 11335.1 11093.7
internal_count=196974 180735 16239 15419 139462 41273 4351 2601 96432 779 25320 327 11068 10867
is_linear=0
shrinkage=0.05


Tree=16
num_leaves=15
num_cat=0
split_feature=17 0 0 17 15 15 3 4 3 15 1 15 0 15
split_gain=232.93 68.0666 52.7737 29.7323 44.2419 30.9642 112.77 38.4916 27.3516 36.4246 27.3973 120.939 24.6781 20.1835
threshold=0.048809524625539787 0.016261236742138866 0.009569597430527212 0.020204081200063232 0.036243349313735969 0.020032791420817379 0.0085838492959737795 0.0073261056095361718 0.012739370577037336 0.012820776086300613 0.0087337908335030096 0.0088107436895370501 0.0064309346489608296 0.044465281069278724
decision_type=2 2 2 2 2 2 2 2 2 2 2 2 2 2
left_child=2 -2 8 4 -4 6 -5 -7 10 -10 13 -12 -13 -1
right_child=1 -3 3 5 -6 7 -8 -9 9 -11 11 12 -14 -15
leaf_value=-0.001424979746660688 0.0036519177370141196 0.013730623175402384 0.0036581508081503285 -0.00055734522386715246 0.021391789093446328 0.0050723778129883991 -0.034862378194421263 -0.00033685146168338948 0.014547157809953387 0.00083143741059143583 0.020297595551920435 0.00069537113644218152 -0.0036306405829778449 0.012130874271869463
leaf_weight=124127.67893389426 25091.018316054717 1787.1022202596068 1920.0995308030397 5902.8648879919201 422.35067721270025 6516.9316530674696 239.7128230817616 6626.6515899691731 611.85362576134503 2190.7050726469606 737.80364404059947 16419.690640259534 4114.2340987809002 265.30331323854625
leaf_count=122432 25260 823 1929 5588 77 7411 61 5746 75 2386 279 20715 3970 222
internal_value=2.40438e-06 0.0043269 -0.000681156 0.00162579 0.00693292 0.000977936 -0.00195058 0.002347 -0.00101732 0.00386692 -0.00111155 0.000546466 -0.000172746 -0.0013951
internal_weight=196974 26878.1 170096 21628.6 2342.45 19286.2 6142.58 13143.6 148467 2802.56 145665 21271.7 20533.9 124393
internal_count=196974 26083 170891 20812 2006 18806 5649 13157 150079 2461 147618 24964 24685 122654
is_linear=0
shrinkage=0.05


Tree=17
num_leaves=15
num_cat=0
split_feature=17 15 2 16 3 1 15 0 1 15 2 0 0 3
split_gain=213.522 64.902 48.599 45.5657 40.7 39.8564 34.9678 77.9775 29.6684 103.349 26.5442 24.8725 36.1433 21.2926
threshold=0.060661764815449722 0.020032791420817379 0.0063898416701704272 2.5000000000000004 0.012739370577037336 0.016261236742138866 0.019880400970578197 0.011299795936793091 0.0087337908335030096 0.0088107436895370501 0.0067340831737965354 0.0085838492959737795 0.0075472774915397176 0.014599318150430919
decision_type=2 2 2 2 2 2 2 2 2 2 2 2 2 2
left_child=1 4 11 -3 6 10 8 -8 -1 -10 -4 12 -2 -5
right_child=2 3 5 13 -6 -7 7 -9 9 -11 -12 -13 -14 -15
leaf_value=-0.0013516675654315063 0.0021001837545310369 0.0040879950369279126 0.021531689676995751 0.00048081743550839451 0.0071816577699399687 0.013895593948432157 -0.00042644954235766027 -0.037160605181020899 0.0192962862800371 5.6827108693784838e-05 0.0053673881799382039 -0.0030873536381042926 0.022516047202784162 -0.0066602535026790326
leaf_weight=118003.19473893195 1742.116176687181 9865.9709198661149 251.31711059808731 37629.840594373643 1463.2944967430085 1732.1372648477554 430.73064767196774 207.55415986292064 737.80364404059947 10483.569420017302 10968.477341664955 2156.2747623827308 238.07079393789172 1063.6489554364234
leaf_count=112481 2663 12037 257 40077 966 599 517 57 279 13743 10662 1837 221 578
internal_value=2.42431e-06 -0.000505071 0.00534189 0.00105663 -0.00108257 0.00684777 -0.00117623 -0.0127604 -0.00111803 0.00133787 0.00574831 0.000621562 0.00465551 0.000282846
internal_weight=196974 179886 17088.4 48559.5 131326 12951.9 129863 638.285 129225 11221.4 11219.8 4136.46 1980.19 38693.5
internal_count=196974 180735 16239 52692 128043 11518 127077 574 126503 14022 10919 4721 2884 40655
is_linear=0
shrinkage=0.05


Tree=18
num_leaves=15
num_cat=0
split_feature=17 0 4 15 4 15 15 0 17 3 3 1 15 15
split_gain=193.558 67.9564 33.5654 31.0773 30.9352 30.4076 29.6727 24.2069 20.1173 84.7996 19.7987 33.6232 34.0089 25.443
threshold=0.039230769500136382 0.015504807699471714 0.016001024283468727 0.00766294775530696 0.0091326101683080214 0.044465281069278724 0.043302627280354507 0.012121656909585001 0.010050504934042694 0.0066445916891098031 0.0093898782506585139 0.0093898782506585139 0.012658481486141683 0.012820776086300613
decision_type=2 2 2 2 2 2 2 2 2 2 2 2 2 2
left_child=3 4 -3 -1 5 6 -2 -7 9 -5 -10 12 -12 -14
right_child=1 2 -4 8 -6 7 -8 -9 10 -11 11 -13 13 -15
leaf_value=-0.0018608853643457875 0.0033307862852202906 0.0056808145567823929 0.014169673791266379 -0.0035259441331456053 0.00081172093238264054 0.012827971239164543 -0.008203440313012263 0.0041162094998926776 -0.00066383605233146122 0.026918728542271283 -0.0018128155878547707 -0.0037369057233998236 0.013478188335374772 0.0030376556078354536
leaf_weight=45840.872567093 12441.222048772499 3650.5496217068285 1718.9507436249405 679.17994156107306 16297.413419825956 1513.687933312729 574.39051782339811 1702.579372247681 95046.35849176161 333.40225878916681 3887.4371346291155 2882.8763832487166 611.85362576134503 9793.2269669044763
leaf_count=43030 14850 2836 417 750 15610 1732 355 1720 99180 29 3090 2154 75 11146
internal_value=2.42447e-06 0.00321308 0.00841966 -0.000762651 0.00235133 0.0038957 0.00281586 0.00824332 -0.000317926 0.00666347 -0.000381508 0.00118034 0.00217409 0.00366395
internal_weight=196974 37898.8 5369.5 159075 32529.3 16231.9 13015.6 3216.27 113234 1012.58 112222 17175.4 14292.5 10405.1
internal_count=196974 37520 3253 159454 34267 18657 15205 3452 116424 779 115645 16465 14311 11221
is_linear=0
shrinkage=0.05


Tree=19
num_leaves=15
num_cat=0
split_feature=17 15 2 16 1 3 15 0 1 15 0 0 1 3
split_gain=177.02 54.2434 42.3451 40.3483 33.2943 32.9724 31.9877 70.5418 26.2464 93.5235 21.1597 21.0005 20.182 25.8052
threshold=0.060661764815449722 0.020032791420817379 1.0000000180025095e-35 2.5000000000000004 0.016261236742138866 0.012739370577037336 0.019880400970578197 0.011299795936793091 0.0087337908335030096 0.0088107436895370501 0.0096620614640414732 0.0071685509756207475 0.0064725596457719812 0.014599318150430919
decision_type=2 2 2 2 2 2 2 2 2 2 2 2 2 2
left_child=1 5 10 -3 -4 6 8 -8 -1 -10 11 -2 -5 -14
right_child=2 3 4 12 -6 -7 7 -9 9 -11 -12 -13 13 -15
leaf_value=-0.0012359632787861917 0.0014877492620183658 0.0038206367222278488 0.0052460134557273143 0.0019999728776796352 0.012677052433926342 0.0064508636351816575 -0.00041984634885307867 -0.035359058203532599 0.018377122312078487 7.5054074919344996e-05 -0.0033628605158975452 0.014468722817691786 -0.0002047040048945102 -0.0085044411962268748
leaf_weight=118003.19473893195 1697.5181908756495 9865.9709198661149 11335.114637047052 11454.191615652293 1737.6780634820461 1463.2944967430085 430.73064767196774 207.55415986292064 737.80364404059947 10483.569420017302 1945.6404166184366 372.44214209541678 26278.140721732751 961.15721242502332
leaf_count=112481 2486 12037 11068 16431 607 966 517 57 279 13743 1649 429 23862 362
internal_value=2.46714e-06 -0.000459618 0.00486416 0.000968101 0.00624271 -0.000987568 -0.00107187 -0.0121514 -0.00101621 0.0012937 0.000371935 0.00388171 0.000239969 -0.000500579
internal_weight=196974 179886 17088.4 48559.5 13072.8 131326 129863 638.285 129225 11221.4 4015.6 2069.96 38693.5 27239.3
internal_count=196974 180735 16239 52692 11675 128043 127077 574 126503 14022 4564 2915 40655 24224
is_linear=0
shrinkage=0.05


Tree=20
num_leaves=15
num_cat=0
split_feature=17 0 0 17 15 15 3 4 1 3 3 15 0 2
split_gain=161.921 49.0218 43.5991 27.7477 38.8349 22.6142 87.2842 32.8697 21.6131 18.1597 17.4051 29.0878 17.1007 18.6133
threshold=0.048809524625539787 0.016261236742138866 0.009569597430527212 0.020204081200063232 0.036243349313735969 0.020032791420817379 0.0085838492959737795 0.0073261056095361718 0.012121656909585001 0.0066445916891098031 0.012739370577037336 0.012820776086300613 0.013245614245533945 0.0062696540262550124
decision_type=2 2 2 2 2 2 2 2 2 2 2 2 2 2
left_child=2 -2 8 4 -4 6 12 9 10 -7 -1 -12 13 -5
right_child=1 -3 3 5 -6 7 -8 -9 -10 -11 11 -13 -14 -15
leaf_value=-0.0010507501431162344 0.0030351741653070561 0.011588286060289372 0.0035870726933430923 -0.0022339001057798454 0.020203553534262952 0.0079351942131518065 -0.03055416497654851 -0.00040654736875659123 0.0026763445972832816 0.002502326598362305 0.012497759994798499 0.00014341974207162766 0.0070303587153670178 0.0086479222368283145
leaf_weight=141657.71639037691 25091.018316054717 1787.1022202596068 1920.0995308030397 4805.5599143281579 422.35067721270025 2495.8225798793137 239.7128230817616 6626.6515899691731 4159.1359666455537 4021.1090731881559 611.85362576134503 2038.5633458383381 679.23440414108336 418.07056952267885
leaf_count=141788 25260 823 1929 4496 77 2882 61 5746 6018 4529 75 2198 522 570
internal_value=2.38316e-06 0.00360796 -0.00056754 0.0015293 0.00665622 0.000903468 -0.00159929 0.00207344 -0.000873088 0.00459195 -0.000975565 0.0030317 -0.00037376 -0.00134812
internal_weight=196974 26878.1 170096 21628.6 2342.45 19286.2 6142.58 13143.6 148467 6516.93 144308 2650.42 5902.86 5223.63
internal_count=196974 26083 170891 20812 2006 18806 5649 13157 150079 7411 144061 2273 5588 5066
is_linear=0
shrinkage=0.05


Tree=21
num_leaves=15
num_cat=0
split_feature=17 15 2 3 1 2 1 1 15 1 17 3 17 0
split_gain=146.521 45.1152 37.7628 28.941 28.0161 30.9622 27.9458 24.8307 62.5671 23.1718 22.649 20.8805 21.0967 19.7269
threshold=0.060661764815449722 0.018266744911670688 1.0000000180025095e-35 0.012739370577037336 0.0063092110212892303 0.0064309346489608296 0.016261236742138866 0.0085838492959737795 0.0088107436895370501 0.0087337908335030096 0.042572464793920524 0.014599318150430919 0.039230769500136382 0.0085838492959737795
decision_type=2 2 2 2 2 2 2 2 2 2 2 2 2 2
left_child=1 3 13 7 10 -6 -4 -1 9 -9 -3 12 -7 -2
right_child=2 4 6 -5 5 11 -8 8 -10 -11 -12 -13 -14 -15
leaf_value=-0.0012416332518081418 0.0037706178049487955 0.00141079664288749 0.0048141461550292829 0.0061363579258426702 0.00174926930820427 -0.0022598140688654574 0.011622245089288184 0.0024313343036977998 -4.3402088073580454e-05 0.017522387884649666 0.0055792458327009742 -0.0089615417554551585 0.0011100115619847042 -0.0032233202504944264
leaf_weight=112961.48230017535 1955.6395530067384 16674.464498246089 11335.114637047052 1417.3880663830787 13591.424124704674 12331.009334586561 1737.6780634820461 390.98059714585543 9449.7614976167679 737.80364404059947 4044.0117881763726 847.78918389603496 7439.4925419725478 2059.9611965827644
leaf_count=107443 2778 21556 11068 914 14580 11051 607 524 12405 279 5739 262 5982 1786
internal_value=2.37972e-06 -0.000418019 0.00442547 -0.000942986 0.000776196 -0.000102687 0.00572729 -0.0010247 0.0012908 0.0123625 0.00222673 -0.00132374 -0.000991854 0.000183706
internal_weight=196974 179886 17088.4 124957 54928.2 34209.7 13072.8 123540 10578.5 1128.78 20718.5 20618.3 19770.5 4015.6
internal_count=196974 180735 16239 121565 59170 31875 11675 120651 13208 803 27295 17295 17033 4564
is_linear=0
shrinkage=0.05


Tree=22
num_leaves=15
num_cat=0
split_feature=17 15 0 17 15 15 3 4 4 15 2 15 1 1
split_gain=132.684 42.5109 37.7431 25.4469 34.7091 19.4984 79.7067 29.3874 19.3582 40.5016 31.6533 26.2288 18.833 17.6957
threshold=0.048809524625539787 0.076583709567785277 0.009569597430527212 0.020204081200063232 0.036243349313735969 0.020032791420817379 0.0085838492959737795 0.0073261056095361718 0.0091326101683080214 0.045055609196424491 0.016001024283468727 0.043870748952031142 0.012121656909585001 0.010695492848753931
decision_type=2 2 2 2 2 2 2 2 2 2 2 2 2 2
left_child=2 8 12 4 -4 6 -5 -7 9 10 11 -2 -1 -10
right_child=1 -3 3 5 -6 7 -8 -9 13 -11 -12 -13 -14 -15
leaf_value=-0.00089349529571643388 0.0036483269530009702 0.0098444919979703907 0.0034452597919273284 -0.00031481225577527198 0.019154920727115235 0.0043058473055318123 -0.029155351975157642 -0.00042041499732462483 0.0038486260717384433 0.0087706058549606915 -0.0099214015492030509 -0.0094858751861662625 0.0025154531692291918 -0.0001176227352046106
leaf_weight=144308.13336197659 8060.788562040776 2241.7648015879095 1920.0995308030397 5902.8648879919201 422.35067721270025 6516.9316530674696 239.7128230817616 6626.6515899691731 4309.3216122817248 3328.8547579105943 489.78164900094271 389.48469933122396 4159.1359666455537 8058.1244541611522
leaf_count=144061 9795 577 1929 5588 77 7411 61 5746 6031 3234 288 283 6018 5875
internal_value=2.36336e-06 0.00326622 -0.000513545 0.0014374 0.00634714 0.00083809 -0.00148587 0.00192448 0.00266389 0.00407045 0.00231249 0.00303246 -0.000797835 0.00126637
internal_weight=196974 26878.1 170096 21628.6 2342.45 19286.2 6142.58 13143.6 24636.4 12268.9 8940.05 8450.27 148467 12367.4
internal_count=196974 26083 170891 20812 2006 18806 5649 13157 25506 13600 10366 10078 150079 11906
is_linear=0
shrinkage=0.05


Tree=23
num_leaves=15
num_cat=0
split_feature=17 17 0 4 2 2 16 15 0 3 1 4 4 3
split_gain=121.341 41.7171 27.5815 21.1745 32.5569 31.7145 22.2729 22.1772 20.735 19.9132 30.7405 50.632 24.6236 24.7606
threshold=0.064583335071802153 0.028991596773266796 0.016261236742138866 0.0091326101683080214 0.013986697886139156 0.016001024283468727 3.5000000000000004 0.025699087418615821 0.0087337908335030096 0.0093898782506585139 0.0093898782506585139 0.0063492704648524531 0.0081634009256958979 0.010152545757591726
decision_type=2 2 2 2 2 2 2 2 2 2 2 2 2 2
left_child=1 9 3 5 8 7 -7 -2 -5 -1 11 -11 13 -13
right_child=2 -3 -4 4 -6 6 -8 -9 -10 10 -12 12 -14 -15
leaf_value=-0.00092925408426179244 0.0012218608076243864 0.0010340969802240109 0.01020295240141569 0.0035870734849326618 0.0049546628007444389 -0.0098741571107163664 0.0061137914623359607 0.0093819509802150723 -0.0046205735206343969 -0.00017817352918315097 -0.0062711222606492969 0.017087879210268046 0.0025028105963985706 0.0044741689566683441
leaf_weight=130111.27617179975 1085.038773925975 42015.214258041233 1787.1022202596068 1167.3336880467832 3788.5916168745607 486.35094754397869 379.23462504148483 3616.6804708093405 2215.2979194931686 6305.3014878276736 1163.2875686138868 941.78404586017132 1237.8049327675253 673.70230015739799
leaf_count=129224 1464 43882 823 2146 2708 261 413 4067 1748 6055 854 668 1780 881
internal_value=2.25833e-06 -0.000347995 0.00439881 0.00357718 0.0017771 0.0058885 -0.00287961 0.0075054 -0.00178592 -0.000761538 0.00135144 0.00232541 0.00783923 0.0118875
internal_weight=196974 182448 14525.6 12738.5 7171.22 5567.3 865.586 4701.72 3382.63 140433 10321.9 9158.59 2853.29 1615.49
internal_count=196974 183344 13630 12807 6602 6205 674 5531 3894 139462 10238 9384 3329 1549
is_linear=0
shrinkage=0.05


Tree=24
num_leaves=15
num_cat=0
split_feature=17 15 2 1 2 3 1 15 1 1 3 17 17 4
split_gain=109.702 34.8064 31.4246 25.7427 27.2875 25.2096 22.0118 56.9421 21.9832 20.9324 19.4874 18.8057 17.5166 17.2942
threshold=0.060661764815449722 0.018266744911670688 1.0000000180025095e-35 0.0063092110212892303 0.0064309346489608296 0.012739370577037336 0.0085838492959737795 0.0088107436895370501 0.016261236742138866 0.0087337908335030096 0.014599318150430919 0.042572464793920524 0.039230769500136382 0.0078432578593492525
decision_type=2 2 2 2 2 2 2 2 2 2 2 2 2 2
left_child=1 5 -2 11 13 6 -1 9 -4 -8 12 -3 -6 -5
right_child=2 3 8 4 10 -7 7 -9 -10 -11 -12 -13 -14 -15
leaf_value=-0.0011031454247799209 -3.9469863135706176e-05 0.0013343292002038374 0.0042072193991861987 0.0034659542095972886 -0.0021360459422333461 0.0057845398079553268 0.0024016637407024972 8.3192317137101339e-06 0.010245143329911303 0.016747904719865592 -0.0086799626245046644 0.005132755802604764 0.00093461991094958771 -0.00010496830160775723
leaf_weight=112961.48230017535 4015.6007495895028 16674.464498246089 11335.114637047052 6421.8510676603764 12331.009334586561 1417.3880663830787 390.98059714585543 9449.7614976167679 1737.6780634820461 737.80364404059947 847.78918389603496 4044.0117881763726 7439.4925419725478 7169.5730570442975
leaf_count=107443 4564 21556 11068 6849 11051 914 524 12405 607 279 262 5739 5982 7731
internal_value=2.24373e-06 -0.000361519 0.00382947 0.00068742 -0.000155034 -0.000822625 -0.000898892 0.00128118 0.00501702 0.0118435 -0.00130132 0.00207786 -0.000980689 0.00158357
internal_weight=196974 179886 17088.4 54928.2 34209.7 124957 123540 10578.5 13072.8 1128.78 20618.3 20718.5 19770.5 13591.4
internal_count=196974 180735 16239 59170 31875 121565 120651 13208 11675 803 17295 27295 17033 14580
is_linear=0
shrinkage=0.05


Tree=25
num_leaves=15
num_cat=0
split_feature=17 15 3 0 1 15 4 15 4 2 2 16 15 1
split_gain=99.3303 34.8229 24.2154 23.3528 20.0358 51.4867 19.3196 21.1963 19.2844 29.0075 28.2378 20.112 19.3307 18.9141
threshold=0.064583335071802153 0.018564978614449505 0.012739370577037336 0.016261236742138866 0.0085838492959737795 0.0088107436895370501 0.015038444194942715 0.070536628365516676 0.0091326101683080214 0.016001024283468727 0.013986697886139156 3.5000000000000004 0.025699087418615821 0.0087337908335030096
decision_type=2 2 2 2 2 2 2 2 2 2 2 2 2 2
left_child=1 2 4 8 -1 13 -3 -8 9 12 -10 -11 -2 -6
right_child=3 6 -4 -5 5 -7 7 -9 10 11 -12 -13 -14 -15
leaf_value=-0.0010462289983735049 0.0011101201484842048 0.00062760176725985795 0.0054780130449573333 0.0093205960639269718 0.0022845754435520428 2.3345135451000382e-05 0.0040102305005163151 0.025790985460556082 -0.0018113070218910305 -0.0095991150210281446 0.0044660514940686475 0.0055953352497656594 0.008728200428968113 0.01592170497377236
leaf_weight=114070.58743020892 1085.038773925975 55419.341196332127 1520.07190124318 1787.1022202596068 390.98059714585543 9732.6324882246554 434.19189290888608 142.76161496341228 3382.6316075399518 486.35094754397869 3788.5916168745607 379.23462504148483 3616.6804708093405 737.80364404059947
leaf_count=108550 1464 59711 1029 823 524 12740 490 21 3894 261 2708 413 4067 279
internal_value=2.22837e-06 -0.00031467 -0.000774326 0.00398009 -0.000850832 0.00120038 0.000723289 0.00974725 0.00322414 0.00542975 0.00150665 -0.00295417 0.00697623 0.0112597
internal_weight=196974 182448 126452 14525.6 124932 10861.4 55996.3 576.954 12738.5 5567.3 7171.22 865.586 4701.72 1128.78
internal_count=196974 183344 123122 13630 122093 13543 60222 511 12807 6205 6602 674 5531 803
is_linear=0
shrinkage=0.05


Tree=26
num_leaves=15
num_cat=0
split_feature=0 15 2 15 16 3 1 3 3 15 0 15 3 4
split_gain=90.9396 36.1954 29.7951 28.8584 28.0504 29.3539 29.6629 29.8888 27.6068 26.4852 58.7685 25.538 25.2496 21.4291
threshold=0.013423423748463394 0.020032791420817379 0.0063898416701704272 0.03150173835456372 2.5000000000000004 0.0062696540262550124 0.015038444194942715 0.014599318150430919 0.016261236742138866 0.019880400970578197 0.011299795936793091 0.027242750860750679 0.013606071937829258 0.0096620614640414732
decision_type=2 2 2 2 2 2 2 2 2 2 2 2 2 2
left_child=1 9 -2 -4 11 -6 -7 -8 -5 -1 -11 -3 -13 -9
right_child=2 4 3 8 5 6 7 13 -10 10 -12 12 -14 -15
leaf_value=-0.00068314706265572951 -0.00034003342583479711 0.0022921646396280499 0.014330609411453322 0.0033574371109564198 -0.0021539232415609434 0.00059828554438101189 0.010807855997794283 0.010302899640944434 0.01096261978630811 -0.00023440070461798958 -0.032196603748578086 0.015306411667783293 -0.0016451705035350395 -0.012044020884968157
leaf_weight=130728.79712115601 3148.2635196894407 9599.4460612442344 791.97460682876408 8384.1865209490061 9793.8970615379512 29627.615873454139 1369.1647799424827 158.91726426780224 1385.6398348007351 435.37846604734659 204.86714127101004 753.64034066163003 305.84354323148727 286.36889198049903
leaf_count=127757 3097 12119 878 6730 9245 33162 1556 247 383 533 47 578 392 250
internal_value=2.29704e-06 -0.000291636 0.00392868 0.00520021 0.000826261 0.000234971 0.000979536 0.00716746 0.00444618 -0.000733269 -0.0107996 0.00311141 0.0104433 -0.00401755
internal_weight=196974 183264 13710.1 10561.8 51894.9 41236 31442.1 1814.45 9769.83 131369 640.246 10658.9 1059.48 445.286
internal_count=196974 185886 11088 7991 57549 44460 35215 2053 7113 128337 580 13089 970 497
is_linear=0
shrinkage=0.05


Tree=27
num_leaves=15
num_cat=0
split_feature=0 15 3 1 2 15 0 17 1 2 1 15 3 3
split_gain=82.1163 33.1114 27.4079 19.1371 20.6284 19.5309 23.0115 21.4473 18.8714 35.0351 18.7188 45.784 18.9701 17.9849
threshold=0.013423423748463394 0.018266744911670688 0.016001024283468727 0.015038444194942715 0.016001024283468727 0.059242632240056999 0.013072453904896976 0.019419306889176372 0.009756329935044052 0.0063898416701704272 0.0085838492959737795 0.0088107436895370501 0.012739370577037336 0.012903762981295587
decision_type=2 2 2 2 2 2 2 2 2 2 2 2 2 2
left_child=1 10 8 5 -5 6 7 -3 9 -2 12 -12 -1 -14
right_child=2 3 -4 4 -6 -7 -8 -9 -10 -11 11 -13 13 -15
leaf_value=-0.0010046642427977838 0.00029428403267094225 -0.0014435785553028331 0.0087075611478067746 0.0059488229401955771 -0.014365601715821963 -0.0043317267337500869 -0.0060070595963553431 0.0012978297742273089 0.00080577807933860908 0.0084284956578239336 0.010738576298164958 0.00013568171772529791 0.011053655497272823 0.00052132740472647166
leaf_weight=112482.98723731004 2349.9049965459853 8507.9487554989755 2296.2228470742702 2437.5895223934203 122.34187735244632 1995.9460230190307 1241.6836406756192 43955.376152522862 6040.2328850626945 3023.7037535849959 1128.7842411864549 9612.34878487885 611.85362576134503 1167.0766841955483
leaf_count=107222 2569 10022 741 2708 177 1241 1065 48802 3567 4211 803 12652 75 1119
internal_value=2.22953e-06 -0.00027708 0.00373327 0.000707286 0.00492585 0.000512558 0.000693369 0.000853067 0.00272581 0.00487852 -0.000735889 0.00125889 -0.000923501 0.00418541
internal_weight=196974 183264 13710.1 58260.9 2559.93 55701 53705 52463.3 11413.8 5373.61 125003 10741.1 114262 1778.93
internal_count=196974 185886 11088 64015 2885 61130 59889 58824 10347 6780 121871 13455 108416 1194
is_linear=0
shrinkage=0.05


Tree=28
num_leaves=15
num_cat=0
split_feature=17 17 2 2 0 0 1 1 1 1 15 17 4 15
split_gain=74.2774 26.7871 19.7339 24.491 19.2263 20.2523 17.0358 21.009 25.8407 19.4055 16.9175 15.8651 15.4527 26.4939
threshold=0.064583335071802153 0.01835016813129187 1.0000000180025095e-35 0.0067797389347106227 0.0086581707000732439 0.0076046728063374766 0.016261236742138866 0.010152545757591726 0.012739370577037336 0.0092167854309082049 0.073233645409345641 0.074175827205181136 0.0091326101683080214 0.052358970046043403
decision_type=2 2 2 2 2 2 2 2 2 2 2 2 2 2
left_child=1 -1 4 -4 5 -2 7 9 -9 11 12 -5 13 -3
right_child=2 10 3 6 -6 -7 -8 8 -10 -11 -12 -13 -14 -15
leaf_value=-0.0008207100667597827 0.0017228794913462357 0.00068850945807446065 0.018538264384459224 0.00034535262502327239 -0.0035301447332733993 0.018180157684968789 0.0085933302541626316 -0.0056014509417343763 0.002951388841558648 0.01549462792250357 0.019631690088253453 0.008084634155503095 -0.00059200656667026536 0.0080044290582388846
leaf_weight=100203.03521648049 1236.6650008875877 53213.803071795031 289.90761257894337 1161.6777707487345 1756.3337316252291 210.82201865129173 1721.7253507860005 1059.7473039422184 5061.9129202738404 493.90479617752135 104.15875147283077 1532.9337563235313 27670.262741105631 1257.1109842136502
leaf_count=97826 2044 55962 365 1740 1449 180 592 669 3612 244 16 2735 28770 770
internal_value=2.17081e-06 -0.000271865 0.003442 0.00442159 -2.27085e-05 0.00422812 0.00403416 0.00318273 0.00146405 0.00646753 0.000396835 0.00476175 0.000370058 0.000858789
internal_weight=196974 182448 14525.6 11321.8 3203.82 1447.49 11031.9 9310.18 6121.66 3188.52 82245.3 2694.61 82141.2 54470.9
internal_count=196974 183344 13630 9957 3673 2224 9592 9000 4281 4719 85518 4475 85502 56732
is_linear=0
shrinkage=0.05


Tree=29
num_leaves=15
num_cat=0
split_feature=0 15 15 0 16 3 1 3 15 3 15 3 0 2
split_gain=69.3245 27.6597 24.654 53.437 24.4806 25.9706 24.0285 28.2477 23.3256 23.0328 22.7175 22.8486 21.6561 19.7426
threshold=0.013423423748463394 0.020032791420817379 0.019880400970578197 0.011299795936793091 2.5000000000000004 0.0062696540262550124 0.015504807699471714 0.014599318150430919 0.059242632240056999 0.016001024283468727 0.027242750860750679 0.013606071937829258 0.013072453904896976 0.013245614245533945
decision_type=2 2 2 2 2 2 2 2 2 2 2 2 2 2
left_child=1 2 -1 -4 10 -6 8 -8 12 -2 -3 -12 13 -7
right_child=9 4 3 -5 5 6 7 -9 -10 -11 11 -13 -14 -15
leaf_value=-0.0005920499246616324 0.0025068684696509438 0.002085107519281548 -0.00027663713741120968 -0.030755791392587779 -0.002076474536463879 0.00074111674723363185 0.01268503742274427 -0.0041485634628401829 -0.0044061088810332443 0.0079904661715555735 0.014398985420314613 -0.0017221223734752546 -0.0072216246617985581 0.0050302639986941613
leaf_weight=130728.79712115601 11413.841635193676 9599.4460612442344 435.37846604734659 204.86714127101004 9793.8970615379512 24316.490503758192 845.74756534211338 345.86682713031769 2154.8806010074914 2296.2228470742702 753.64034066163003 305.84354323148727 772.61251566372812 3006.46879674308
leaf_count=127757 10347 12119 533 47 9245 28470 941 373 1413 741 578 392 610 3408
internal_value=2.29504e-06 -0.000254339 -0.000640403 -0.0103524 0.000722894 0.00017052 0.000870875 0.00780521 0.000595231 0.00343044 0.00285769 0.00977268 0.000980257 0.00121474
internal_weight=196974 183264 131369 640.246 51894.9 41236 31442.1 1191.61 30250.5 13710.1 10658.9 1059.48 28095.6 27323
internal_count=196974 185886 128337 580 57549 44460 35215 1314 33901 11088 13089 970 32488 31878
is_linear=0
shrinkage=0.05


Tree=30
num_leaves=15
num_cat=0
split_feature=0 1 0 3 0 4 0 2 15 0 2 15 1 3
split_gain=62.5807 25.5306 43.5859 23.8795 24.9543 36.6397 23.938 34.82 37.6453 25.1025 22.5665 25.5548 20.9434 20.1615
threshold=0.013423423748463394 0.012121656909585001 0.0084389690309762972 0.0096620614640414732 0.009569597430527212 0.0091326101683080214 0.010152545757591726 0.013245614245533945 0.024132234975695614 0.013072453904896976 0.0063898416701704272 0.03150173835456372 0.014185110572725536 0.016261236742138866
decision_type=2 2 2 2 2 2 2 2 2 2 2 2 2 2
left_child=1 3 12 -1 -5 6 -6 8 -8 -9 -2 -12 -3 -13
right_child=10 2 -4 4 5 -7 7 9 -10 -11 11 13 -14 -15
leaf_value=-0.00063305995050117435 -0.00045521185437418996 0.0020430551903548515 -0.0015873257653740134 0.00016043912170201957 0.013461820222196545 -0.0018936019368302047 0.014852756600332485 0.018517723285430512 -0.0022007297700020801 -0.0055605293318428343 0.012955046673166713 0.0027269355842912432 0.0073281126588854205 0.0092254982650009157
leaf_weight=148224.06586280465 3148.2635196894407 4399.5823410805315 5305.3738142065704 16568.052988423035 993.31387564912438 1760.6263100430369 391.48942560143769 562.70037970505655 1659.4744657464325 128.59339343383908 791.97460682876408 8384.1865209490061 3270.6636881008744 1385.6398348007351
leaf_count=149086 3097 6368 3911 16932 703 2006 290 540 2276 87 878 6730 3687 383
internal_value=2.16559e-06 -0.000241667 0.00189539 -0.000404608 0.00112969 0.00404584 0.00684276 0.00440497 0.00111072 0.0140233 0.0032593 0.00436591 0.00430326 0.00365711
internal_weight=196974 183264 12975.6 170288 22064.3 5496.2 3735.57 2742.26 2050.96 691.294 13710.1 10561.8 7670.25 9769.83
internal_count=196974 185886 13966 171920 22834 5902 3896 3193 2566 627 11088 7991 10055 7113
is_linear=0
shrinkage=0.05


Tree=31
num_leaves=15
num_cat=0
split_feature=0 15 2 1 1 2 15 1 15 1 3 3 17 0
split_gain=56.5052 23.5445 20.3774 24.5864 29.2844 17.6644 16.6031 15.994 42.0069 17.111 16.3912 16.2976 14.5085 15.0868
threshold=0.013423423748463394 0.018266744911670688 0.0063898416701704272 0.009756329935044052 0.013423423748463394 0.016261236742138866 0.014613108243793251 0.0085838492959737795 0.0088107436895370501 0.0087337908335030096 0.012739370577037336 0.012903762981295587 0.019419306889176372 0.011299795936793091
decision_type=2 2 2 2 2 2 2 2 2 2 2 2 2 2
left_child=1 7 6 -4 -5 -6 -2 10 9 -9 -1 -12 -3 -14
right_child=2 12 3 4 5 -7 -8 8 -10 -11 11 -13 13 -15
leaf_value=-0.0008652261050578078 0.006592652087344707 -0.0013063871047847239 0.0077833194963954251 -0.0032461108199719176 0.0026641801810280688 0.009163229171035972 -0.0022964814516165236 0.0017827023113501886 0.00015160452825610667 0.014741140869618391 0.010497222353763422 0.00047137363081768973 0.0013661844799269412 -0.00079799269491473554
leaf_weight=112482.98723731004 654.83821931481361 8507.9487554989755 3223.3428797479719 1676.7214418537915 4281.971559420228 1379.7650815565139 2493.4253003746271 390.98059714585543 9612.34878487885 737.80364404059947 611.85362576134503 1167.0766841955483 39655.857265552506 10097.079950410873
leaf_count=107222 563 10022 4399 965 2340 287 2534 524 12652 279 75 1119 44955 9038
internal_value=2.2323e-06 -0.000229462 0.00309723 0.00414879 0.00254394 0.00426136 -0.000432523 -0.000616353 0.00122751 0.0103078 -0.000789777 0.00395911 0.000600605 0.000926905
internal_weight=196974 183264 13710.1 10561.8 7338.46 5661.74 3148.26 125003 10741.1 1128.78 114262 1778.93 58260.9 49752.9
internal_count=196974 185886 11088 7991 3592 2627 3097 121871 13455 803 108416 1194 64015 53993
is_linear=0
shrinkage=0.05


Tree=32
num_leaves=15
num_cat=0
split_feature=17 15 17 3 4 15 2 2 0 0 0 1 1 1
split_gain=51.0713 21.5543 19.3187 76.7045 16.0849 19.5245 15.091 22.3222 15.9361 17.407 14.6574 12.3131 18.2214 21.3412
threshold=0.064583335071802153 0.00766294775530696 0.010050504934042694 0.0066445916891098031 0.015038444194942715 0.070536628365516676 1.0000000180025095e-35 0.0067797389347106227 0.0086581707000732439 0.0076046728063374766 0.01183473411947489 0.016261236742138866 0.010152545757591726 0.012739370577037336
decision_type=2 2 2 2 2 2 2 2 2 2 2 2 2 2
left_child=1 -1 3 -3 -4 -6 8 -8 9 -2 -10 12 -9 -14
right_child=6 2 4 -5 5 -7 7 11 10 -11 -12 -13 13 -15
leaf_value=-0.0011630267476507572 0.0013751091977734998 -0.0027621358574600745 -1.3208757867614711e-08 0.026198868745418352 0.0030519339669080967 0.023499560243298676 0.017183890406253646 0.0056770379774023078 -0.0094920702453252445 0.016629640140490728 1.955179982785548e-05 0.007217642453644646 -0.0054017259231078155 0.002370368835010175
leaf_weight=45840.872567093 1236.6650008875877 679.17994156107306 134940.18131796643 333.40225878916681 511.97306469455361 142.76161496341228 289.90761257894337 3188.5163232497871 619.02222744561732 210.82201865129173 1137.3115041796118 1721.7253507860005 1059.7473039422184 5061.9129202738404
leaf_count=43030 2044 750 138940 29 574 21 365 4719 270 180 1179 592 669 3612
internal_value=2.23928e-06 -0.000224991 8.98437e-05 0.0069365 3.82071e-05 0.00779688 0.00285455 0.00371119 -0.000174807 0.00369574 -0.00336759 0.0033419 0.00261818 0.00101829
internal_weight=196974 182448 136607 1012.58 135595 654.735 14525.6 11321.8 3203.82 1447.49 1756.33 11031.9 9310.18 6121.66
internal_count=196974 183344 140314 779 139535 595 13630 9957 3673 2224 1449 9592 9000 4281
is_linear=0
shrinkage=0.05


Tree=33
num_leaves=15
num_cat=0
split_feature=17 0 4 16 0 1 3 0 0 2 17 15 4 4
split_gain=47.4195 24.2124 22.1343 25.3022 26.4989 19.2609 23.6089 18.3956 15.8521 19.3801 14.5544 20.0805 13.941 13.008
threshold=0.030776515603065494 0.015504807699471714 0.0091326101683080214 4.5000000000000009 0.012121656909585001 0.013606071937829258 1.0000000180025095e-35 0.011173533275723459 0.0066890381276607522 0.011696306522935631 0.054093567654490478 0.04626759514212609 0.016001024283468727 0.0066890381276607522
decision_type=2 2 2 2 2 2 2 2 2 2 2 2 2 2
left_child=-1 2 3 5 7 13 8 10 9 -7 11 -5 -3 -2
right_child=1 12 -4 4 -6 6 -8 -9 -10 -11 -12 -13 -14 -15
leaf_value=-0.00046484414855886899 0.0013448978478146313 0.002707407196585898 -0.0002587619434395965 0.017866803649471266 0.0011407978652999498 0.00061752136299581656 0.0094663254399498676 0.019262725078727852 -0.0048575563966873278 0.01430099670092367 0.013784409724860348 -0.0049743618037284242 0.0081708279954873075 -0.0021750544606270483
leaf_weight=144552.6398176048 16480.650185637176 3650.5496217068285 21431.919844603166 120.28056833520532 1181.0188028104603 916.51906610094011 1522.2963046412915 473.165193811059 693.62695672176778 351.09665949270129 410.71212228015065 358.36511120386422 1718.9507436249405 3112.210028488189
leaf_count=143826 18743 2836 21314 165 1053 1307 2075 233 550 77 528 463 417 3387
internal_value=2.34151e-06 0.00129046 0.000926924 0.0019185 0.0066419 0.00139523 0.0048156 0.0113671 0.00117605 0.00448976 0.00699898 0.00101365 0.00446836 0.00078495
internal_weight=196974 52421.4 47051.9 25619.9 2543.54 23076.4 3483.54 1362.52 1961.24 1267.62 889.358 478.646 5369.5 19592.9
internal_count=196974 53148 49895 28581 2442 26139 4009 1389 1934 1384 1156 628 3253 22130
is_linear=0
shrinkage=0.05


Tree=34
num_leaves=15
num_cat=0
split_feature=0 1 0 0 0 1 2 15 3 4 2 1 3 2
split_gain=44.0689 19.4466 37.0439 18.2925 34.4809 17.1219 20.1557 17.7289 17.0464 21.9042 16.8026 22.6565 23.9865 16.6992
threshold=0.013423423748463394 0.012121656909585001 0.0084389690309762972 0.009569597430527212 0.010256679728627207 0.014185110572725536 0.015504807699471714 0.027242750860750679 0.0090499590151011961 0.0080322581343352812 0.0063898416701704272 0.009756329935044052 0.015038444194942715 0.014389234129339458
decision_type=2 2 2 2 2 2 2 2 2 2 2 2 2 2
left_child=1 3 5 -1 8 -3 7 -7 -5 -10 -2 -12 -13 -6
right_child=10 2 -4 4 13 6 -8 -9 9 -11 11 12 -14 -15
leaf_value=-0.00053453205208215998 -0.000469322197888892 0.0018391855959364702 -0.0015476870482577308 0.0027303036093445187 -0.00044804900686379307 0.000709747925661154 -0.014362894354458059 0.0094423318601441781 0.012648752798216319 -0.0010405314586881503 0.0071791328608936727 -0.00062648077489654754 0.0050875156754516954 0.0078476754410372294
leaf_weight=150088.43246074766 3148.2635196894407 4399.5823410805315 5305.3738142065704 3407.9789583683014 14658.276314970106 768.11183735541999 101.75655338726938 2400.7952973581851 1118.4333209358156 392.38775730133057 3223.3428797479719 3775.9459280017763 3562.512154828757 622.80788908340037
leaf_count=151681 3097 6368 3911 3580 14348 1050 141 2496 867 501 4399 2374 1218 943
internal_value=2.41711e-06 -0.000202198 0.00166293 -0.000344406 0.00106783 0.00388278 0.00661776 0.00733453 0.00470433 0.00910993 0.00273568 0.00369057 0.00215057 -0.000105031
internal_weight=196974 183264 12975.6 170288 20199.9 7670.25 3270.66 3168.91 4918.8 1510.82 13710.1 10561.8 7338.46 15281.1
internal_count=196974 185886 13966 171920 20239 10055 3687 3546 4948 1368 11088 7991 3592 15291
is_linear=0
shrinkage=0.05


Tree=35
num_leaves=15
num_cat=0
split_feature=0 15 17 3 2 15 15 1 2 15 3 0 4 0
split_gain=39.7824 18.212 17.7058 69.4216 15.1692 21.4332 14.9696 14.8853 15.5348 15.1265 15.5648 21.6915 39.8003 22.9099
threshold=0.013423423748463394 0.00766294775530696 0.010050504934042694 0.0066445916891098031 0.0063898416701704272 0.03150173835456372 0.014613108243793251 0.015268065501004459 0.016001024283468727 0.059242632240056999 0.009756329935044052 0.009569597430527212 0.0091326101683080214 0.012121656909585001
decision_type=2 2 2 2 2 2 2 2 2 2 2 2 2 2
left_child=1 -1 3 -3 6 -6 -2 9 -9 10 -4 -12 13 -13
right_child=4 2 7 -5 5 -7 -8 8 -10 -11 11 12 -14 -15
leaf_value=-0.0010549304944909544 0.0062248577093360893 -0.0025767889293533347 -0.00020827037198809461 0.024975583451700874 0.011370413129648716 0.002858151431984873 -0.0022157199231649023 0.0051002930439909104 -0.013159411195687143 -0.0042463547719915904 0.00032323306436678894 0.0086314123229373398 -0.0021352301097188674 -0.00015899590316316361
leaf_weight=45840.872567093 654.83821931481361 679.17994156107306 108316.22533806227 333.40225878916681 791.97460682876408 9769.8263557497412 2493.4253003746271 2098.29827446118 113.8577407412231 2074.7230968456715 17772.256038941443 3141.5559261087328 1924.8782692961395 968.68709289468825
leaf_count=43030 563 750 114275 29 878 7113 2534 2408 162 1311 17951 2969 1830 1171
internal_value=2.36851e-06 -0.000192041 9.58532e-05 0.00665062 0.00259931 0.00350659 -0.00044593 4.67129e-05 0.00410549 -2.04938e-05 4.61808e-05 0.00120346 0.00379072 0.00656436
internal_weight=196974 183264 137423 1012.58 13710.1 10561.8 3148.26 136410 2212.16 134198 132124 23807.4 6035.12 4110.24
internal_count=196974 185886 142856 779 11088 7991 3097 142077 2570 139507 138196 23921 5970 4140
is_linear=0
shrinkage=0.05


Tree=36
num_leaves=15
num_cat=0
split_feature=17 4 4 15 0 1 3 4 2 4 1 0 2 1
split_gain=36.1323 19.0359 21.6018 28.4811 24.6168 19.8302 26.7171 19.6474 17.9705 14.5679 15.4178 13.2249 16.9054 12.8815
threshold=0.030776515603065494 0.016001024283468727 0.0091326101683080214 0.052358970046043403 0.012121656909585001 0.013606071937829258 1.0000000180025095e-35 0.0088890646584332007 0.016261236742138866 0.0066890381276607522 0.011050061322748663 0.0066890381276607522 0.011696306522935631 0.010152545757591726
decision_type=2 2 2 2 2 2 2 2 2 2 2 2 2 2
left_child=-1 2 3 5 7 8 11 -5 9 -2 -11 12 -7 -4
right_child=1 -3 13 4 -6 6 -8 -9 -10 10 -12 -13 -14 -15
leaf_value=-0.0004054755159502461 0.0015030027684445565 0.0051932100152614841 0.0010973785857542676 0.0086072134040077897 0.0034516826275388227 0.00043801729265216825 0.0099365939969881609 0.025379425999201451 -0.0097718417878224599 -0.0036706087779514252 0.0040139898730992682 -0.0044188174158655931 0.013216314171499039 -0.0013550111312997431
leaf_weight=144552.6398176048 17369.126448012888 2718.6148818433285 9528.4849622584879 659.71376919001341 2176.3822458963841 916.51906610094011 1443.4744252916425 237.6773545909673 392.42687285318971 2885.0942969415337 833.75958231464028 710.74937997385859 351.09665949270129 12198.241264697164
leaf_count=143826 19913 1639 12000 614 1400 1307 2129 58 171 2994 1105 579 77 9162
internal_value=2.33568e-06 0.00112674 0.000903318 0.00182167 0.00635487 0.0012598 0.00478925 0.0132801 0.00069559 0.000894918 -0.00194159 0.0010025 0.00405302 -0.00027948
internal_weight=196974 52421.4 49702.7 27976 3073.77 24902.2 3421.84 897.391 21480.4 21088 3718.85 1978.37 1267.62 21726.7
internal_count=196974 53148 51509 30347 2072 28275 4092 672 24183 24012 4099 1963 1384 21162
is_linear=0
shrinkage=0.05


Tree=37
num_leaves=15
num_cat=0
split_feature=0 15 17 3 2 1 1 15 2 1 2 15 0 4
split_gain=34.5317 15.7778 16.1488 62.8336 13.5652 19.4729 22.2787 13.3599 12.8114 12.3972 14.2364 13.507 13.5233 14.7216
threshold=0.013423423748463394 0.00766294775530696 0.010050504934042694 0.0066445916891098031 0.0063898416701704272 0.009756329935044052 0.013423423748463394 0.014613108243793251 0.016261236742138866 0.015268065501004459 0.016001024283468727 0.059242632240056999 0.012579114176332952 0.011173533275723459
decision_type=2 2 2 2 2 2 2 2 2 2 2 2 2 2
left_child=1 -1 3 -3 7 -6 -7 -2 -8 11 -11 -4 -13 -14
right_child=4 2 9 -5 5 6 8 -9 -10 10 -12 12 13 -15
leaf_value=-0.00098192599096940791 0.0058442765689345061 -0.0024298394645935585 4.3933751981683053e-05 0.023782853310507144 0.0065138356691097909 -0.0031966331816990125 0.0019913600996811303 -0.0021296061351416943 0.0075244584127295957 0.0046992739594547833 -0.012777296024772969 -0.0068162333457711683 0.012910935627921394 -0.0029768689447793178
leaf_weight=45840.872567093 654.83821931481361 679.17994156107306 132123.60266530327 333.40225878916681 3223.3428797479719 1676.7214418537915 4281.971559420228 2493.4253003746271 1379.7650815565139 2098.29827446118 113.8577407412231 1394.470768770203 197.27830849029124 482.9740195851773
leaf_count=43030 563 750 138196 29 4399 965 2340 2534 287 2408 162 867 112 332
internal_value=2.35403e-06 -0.000178772 8.91922e-05 0.00634911 0.00242185 0.00327983 0.0018524 -0.000457787 0.00335067 4.22625e-05 0.00374632 -1.90706e-05 -0.00401231 0.00175101
internal_weight=196974 183264 137423 1012.58 13710.1 10561.8 7338.46 3148.26 5661.74 136410 2212.16 134198 2074.72 680.252
internal_count=196974 185886 142856 779 11088 7991 3592 3097 2627 142077 2570 139507 1311 444
is_linear=0
shrinkage=0.05


Tree=38
num_leaves=15
num_cat=0
split_feature=0 15 1 4 4 3 15 17 3 15 2 4 15 3
split_gain=31.2473 17.5836 16.3468 14.8909 103.489 33.2978 17.8496 14.4018 56.5711 12.7279 12.3652 24.0267 23.3981 21.8695
threshold=0.015268065501004459 0.018266744911670688 0.0063092110212892303 0.0067797389347106227 0.0067340831737965354 0.0077221228275448093 0.00766294775530696 0.010050504934042694 0.0066445916891098031 0.015936885960400108 0.0068260179832577714 0.0078432578593492525 0.044465281069278724 0.0079682543873786944
decision_type=2 2 2 2 2 2 2 2 2 2 2 2 2 2
left_child=1 3 -3 4 6 -5 -1 8 -8 -9 11 -4 -12 -13
right_child=-2 2 10 5 -6 -7 7 9 -10 -11 12 13 -14 -15
leaf_value=-0.0011563721561675894 0.0034857489406602393 0.0016376417906536834 0.0030659221107975296 -0.0019799319134015704 0.016212437047136468 0.0083327678541402547 -0.0023308444954533636 0.00034399751819110978 0.022622394643364067 -0.0020012459101558049 -0.0022519975303707316 0.0012088309204775795 0.00079287127694380264 -0.0038240283554048051
leaf_weight=41249.451423227787 6224.0732951536775 22731.853637836874 7752.4714542869478 21961.181663773954 941.57317580282688 801.90582603216171 668.1752567384392 53497.392834013328 332.85502997599542 6476.5957155153155 12585.215592693537 5629.293040541932 12634.438732553273 3487.5243489164859
leaf_count=39240 4059 30608 8501 22405 380 974 720 52570 27 6408 11259 7348 9961 2514
internal_value=2.3176e-06 -0.000111522 0.000557536 -0.000455929 -0.000200467 -0.00161313 -0.000353214 0.000190221 0.00610811 9.04431e-05 -2.60702e-05 0.00102146 -0.000726882 -0.000718507
internal_weight=196974 190750 64820.8 125929 103166 22763.1 102224 60975 1001.03 59974 42088.9 16869.3 25219.7 9116.82
internal_count=196974 192915 70191 122724 99345 23379 98965 59725 747 58978 39583 18363 21220 9862
is_linear=0
shrinkage=0.05


Tree=39
num_leaves=15
num_cat=0
split_feature=17 4 4 15 0 4 1 3 2 4 1 0 2 1
split_gain=28.6191 15.2741 18.3819 24.8228 23.0967 17.867 17.7963 23.7199 16.1196 13.0006 14.1558 12.0926 15.5815 11.993
threshold=0.030776515603065494 0.016001024283468727 0.0091326101683080214 0.052358970046043403 0.012121656909585001 0.0088890646584332007 0.013606071937829258 1.0000000180025095e-35 0.016261236742138866 0.0066890381276607522 0.011050061322748663 0.0066890381276607522 0.011696306522935631 1.0000000180025095e-35
decision_type=2 2 2 2 2 2 2 2 2 2 2 2 2 2
left_child=-1 2 3 6 5 -5 8 11 9 13 -11 12 -8 -2
right_child=1 -3 -4 4 -6 -7 7 -9 -10 10 -12 -13 -14 -15
leaf_value=-0.00036062995794244136 0.002262624981191114 0.0046455840418980618 -0.00028819759499941797 0.0081345970769250899 0.0030715953589272962 0.024125584708297083 0.00034873246489661392 0.0093190255103926777 -0.0093225461297838721 -0.0035563098833306592 0.0038072313021796987 -0.0042824175973259701 0.012615590218007625 -0.00054428425407062123
leaf_weight=144552.6398176048 11747.318423930556 2718.6148818433285 21726.726226955652 659.71376919001341 2176.3822458963841 237.6773545909673 916.51906610094011 1443.4744252916425 392.42687285318971 2885.0942969415337 833.75958231464028 710.74937997385859 351.09665949270129 5621.8080240823328
leaf_count=143826 13657 1639 21162 614 1400 58 1307 2129 171 2994 1105 579 77 6256
internal_value=2.31376e-06 0.00100301 0.00080288 0.00165003 0.00588205 0.0125891 0.00112551 0.00446902 0.000591054 0.000779868 -0.00189964 0.000901245 0.00381848 0.00135433
internal_weight=196974 52421.4 49702.7 27976 3073.77 897.391 24902.2 3421.84 21480.4 21088 3718.85 1978.37 1267.62 17369.1
internal_count=196974 53148 51509 30347 2072 672 28275 4092 24183 24012 4099 1963 1384 19913
is_linear=0
shrinkage=0.05


Tree=40
num_leaves=15
num_cat=0
split_feature=0 1 0 2 1 15 3 1 0 1 15 15 3 3
split_gain=27.1238 13.397 30.663 13.0648 16.1038 14.6514 12.9409 22.671 25.9402 24.6213 21.6865 14.9164 12.1751 11.9038
threshold=0.013423423748463394 0.012121656909585001 0.0084389690309762972 0.016001024283468727 0.014185110572725536 0.027242750860750679 0.0096620614640414732 0.009756329935044052 0.009569597430527212 0.0089687905274331587 0.024132234975695614 0.023610469885170463 0.014185110572725536 0.010362972505390646
decision_type=2 2 2 2 2 2 2 2 2 2 2 2 2 2
left_child=1 6 3 4 13 -6 -1 8 -8 10 11 -10 -7 -3
right_child=-2 2 -4 -5 5 12 7 -9 9 -11 -12 -13 -14 -15
leaf_value=-0.00044441275956033557 0.0021466531487308567 0.0028963289824929395 -0.0015310090810317502 -0.015850596772332269 0.00029433149185522484 0.0095916011485553242 0.0005130609030002866 -0.0031745388492699939 0.005041295029354291 0.01177815556918959 0.00095685622044566201 0.022497809729859854 -0.0008306141895503288 -0.0037708794226494046
leaf_weight=148224.06586280465 13710.064482267946 3580.7953356541693 5305.3738142065704 77.397861732169986 768.11183735541999 2108.9357664007694 14890.227630008012 3007.2921414449811 314.93836578726768 999.12687987834215 2653.9515142925084 198.71430719085038 321.16763702593744 813.83759101293981
leaf_count=149086 11088 5518 3911 110 1050 2246 15514 2267 363 272 4366 52 319 812
internal_value=2.32504e-06 -0.000158202 0.00138987 0.00340955 0.00362647 0.00632063 -0.000276236 0.000853239 0.00149018 0.0049724 0.00279542 0.0120953 0.00821642 0.00165588
internal_weight=196974 183264 12975.6 7670.25 7592.85 3198.22 170288 22064.3 19057 4166.73 3167.6 513.653 2430.1 4394.63
internal_count=196974 185886 13966 10055 9945 3615 171920 22834 20567 5053 4781 415 2565 6330
is_linear=0
shrinkage=0.05


Tree=41
num_leaves=15
num_cat=0
split_feature=0 15 1 1 15 1 3 3 4 4 17 0 17 3
split_gain=25.0954 13.6514 14.276 12.6251 38.288 15.4569 11.7715 14.7653 11.2303 17.66 18.4244 74.8558 14.9442 21.2618
threshold=0.015268065501004459 0.018564978614449505 0.0063092110212892303 0.0085838492959737795 0.0088107436895370501 0.0087337908335030096 0.012739370577037336 0.012903762981295587 0.011696306522935631 0.0062696540262550124 0.026671408675611023 0.011299795936793091 0.032795699313282974 0.0087337908335030096
decision_type=2 2 2 2 2 2 2 2 2 2 2 2 2 2
left_child=1 3 8 6 5 -5 -1 -8 9 10 11 -3 13 -11
right_child=-2 2 -4 4 -6 -7 7 -9 -10 12 -12 -13 -14 -15
leaf_value=-0.00061531058512711526 0.0031240331719121889 0.0015931030449235989 -4.7639637094584258e-05 0.0017947713399689052 0.00021758981775619611 0.014114096063000684 0.0096954552823464608 0.00015528149352316123 0.0041689320941163772 -0.0013292842366351084 0.0040779645114459783 -0.027184666370898582 -0.0036618705357285772 0.0048087752916379997
leaf_weight=114338.55890237726 6224.0732951536775 3091.2722255326807 41566.014348294586 390.98059714585543 9873.6741121411324 737.80364404059947 611.85362576134503 1167.0766841955483 3390.7363719884306 4088.8649429343641 6417.5919706039131 233.73286589980125 2700.0515050776303 2141.7159359157085
leaf_count=108954 4059 3853 39113 524 12950 279 75 1119 5303 4803 9134 90 3289 3429
internal_value=2.28522e-06 -9.97343e-05 0.00049808 -0.000398986 0.00121906 0.00990024 -0.000552392 0.00347243 0.00152571 0.00104377 0.00251485 -0.000505292 -0.000562074 0.000784953
internal_weight=196974 190750 63630 127120 11002.5 1128.78 116117 1778.93 22064 18673.2 9742.6 3325.01 8930.63 6230.58
internal_count=196974 192915 69014 123901 13753 803 110148 1194 29901 24598 13077 3943 11521 8232
is_linear=0
shrinkage=0.05


Tree=42
num_leaves=15
num_cat=0
split_feature=0 15 17 3 1 2 4 4 4 1 4 1 0 0
split_gain=22.652 12.5269 13.3145 51.4948 9.6048 10.0936 9.17875 36.7048 111.779 8.92368 7.82911 23.1241 19.7214 18.6693
threshold=0.015268065501004459 0.00766294775530696 0.010050504934042694 0.0066445916891098031 0.016001024283468727 0.016261236742138866 0.0071685509756207475 0.0067340831737965354 0.0067797389347106227 0.015749008394777778 0.0091326101683080214 0.011561079882085325 0.011696306522935631 0.009569597430527212
decision_type=2 2 2 2 2 2 2 2 2 2 2 2 2 2
left_child=1 6 3 -3 5 9 7 -1 -9 -2 11 13 -13 -4
right_child=4 2 10 -5 -6 -7 -8 8 -10 -11 -12 12 -14 -15
leaf_value=-0.0010275673031766596 0.0033292707661343695 -0.0021300059620716289 -0.00024515656335213882 0.021600714763247323 0.0057650118386633926 -0.0048922026723082698 -0.0041284615994088931 0.021040738364525361 -0.0016122721337941317 -0.0048723755628289189 -0.00056362802407270785 0.0038554552665855039 -0.0024085192878911983 0.0014868333201559667
leaf_weight=41249.451423227787 3299.1453579310328 679.17994156107306 81426.444893673062 333.40225878916681 2048.2278597000986 516.95167863368988 1989.3627246022224 762.88506715558469 1839.1733521074057 359.74839888885617 34518.899741986766 7213.5707405451685 1514.0029831398278 19223.554605120793
leaf_count=39240 3329 750 82585 29 481 109 1867 222 1701 140 35993 9799 1340 19389
internal_value=2.19857e-06 -9.47272e-05 0.00013318 0.00581838 0.00296808 0.00158571 -0.000815043 -0.00066382 0.00508438 0.00251179 9.27722e-05 0.000299961 0.00276731 8.57581e-05
internal_weight=196974 190750 144909 1012.58 6224.07 4175.85 45840.9 43851.5 2602.06 3658.89 143896 109378 8727.57 100650
internal_count=196974 192915 149885 779 4059 3578 43030 41163 1923 3469 149106 113113 11139 101974
is_linear=0
shrinkage=0.05


Tree=43
num_leaves=15
num_cat=0
split_feature=0 2 15 15 1 0 2 1 15 17 1 4 1 15
split_gain=20.9138 11.5207 17.8289 12.2954 10.8757 26.4778 11.8105 14.6584 13.5134 11.1243 12.8552 10.9286 18.4665 18.2412
threshold=0.013423423748463394 0.0063898416701704272 0.03150173835456372 0.014613108243793251 0.012121656909585001 0.0084389690309762972 0.016001024283468727 0.014185110572725536 0.027242750860750679 0.051315790042281158 0.014389234129339458 0.0094788861460983771 0.012422839645296337 0.060679655522108085
decision_type=2 2 2 2 2 2 2 2 2 2 2 2 2 2
left_child=4 3 -3 -2 -1 6 7 -6 -9 -10 -11 12 -7 -14
right_child=1 2 -4 -5 5 11 -8 8 9 10 -12 -13 13 -15
leaf_value=-0.00024512827715406614 0.0052794483235407575 0.0098460588657462988 0.0020851276306764585 -0.0023706691460966241 0.0014594913425476129 0.012030081978645683 -0.015177174554407752 0.0001240639147153972 0.017830100006299875 -0.0097092329937285334 0.0074317289825234197 -0.0031937398711134784 -0.0025724232625858085 0.014173257914676125
leaf_weight=170288.31670140661 654.83821931481361 791.97460682876408 9769.8263557497412 2493.4253003746271 4394.6329266671091 333.73839097283781 77.397861732169986 768.11183735541999 238.64894049055874 107.03106087818742 2084.4234020579606 3342.3941955175251 1456.3060949519277 172.93513276427984
leaf_count=171920 563 878 7113 2534 6330 158 110 1050 221 73 2271 1943 1657 153
internal_value=2.17799e-06 0.0018851 0.00267584 -0.000767768 -0.000138779 0.00125603 0.00313284 0.0033392 0.00590948 0.00773014 0.00655426 -0.00145816 0.00149826 -0.000719341
internal_weight=196974 13710.1 10561.8 3148.26 183264 12975.6 7670.25 7592.85 3198.22 2430.1 2191.45 5305.37 1962.98 1629.24
internal_count=196974 11088 7991 3097 185886 13966 10055 9945 3615 2565 2344 3911 1968 1810
is_linear=0
shrinkage=0.05


Tree=44
num_leaves=15
num_cat=0
split_feature=3 15 1 3 2 15 15 15 17 3 0 1 2 17
split_gain=19.3126 11.1624 16.6576 13.4699 12.3055 24.511 41.1792 22.3462 22.149 20.8125 19.5256 21.9469 22.3293 18.5656
threshold=0.015268065501004459 0.018266744911670688 0.0063092110212892303 0.012739370577037336 0.0066445916891098031 0.038441019132733352 0.036243349313735969 0.044465281069278724 0.087121214717626586 0.014389234129339458 0.013072453904896976 0.013986697886139156 0.015504807699471714 0.069047622382640853
decision_type=2 2 2 2 2 2 2 2 2 2 2 2 2 2
left_child=1 3 -3 -1 5 6 -4 10 -9 -10 11 12 -6 -13
right_child=-2 2 4 -5 7 -7 -8 8 9 -11 -12 13 -14 -15
leaf_value=-0.00041568227113653999 0.0028760987669248597 0.0015273192654821758 0.00091476561862332032 0.0043044960379144681 -0.0026476170010465631 -0.0033593022827271024 0.010313798502951091 0.00012616570574061731 0.01179859546533172 -0.010335701722151362 -0.0091016474773232235 0.0077728537423477143 0.015773219349250477 -0.010058496928950313
leaf_weight=124390.64891400933 5667.1052457671613 23071.362132912502 12278.825599810109 1520.07190124318 11048.568016672507 2753.0867099948227 1277.8739469591528 11940.89815823175 704.77872052416205 116.78150815144181 955.96923555806279 926.83904857560992 157.16695598140359 164.02493267133832
leaf_count=121965 3993 30678 14786 1029 10166 2037 771 9194 604 124 449 784 128 266
internal_value=2.163e-06 -8.31178e-05 0.000446794 -0.00035836 -0.000142424 0.000933972 0.00180768 -0.000817356 0.000675735 0.00856584 -0.00225466 -0.00171539 -0.00237542 0.00502467
internal_weight=196974 191307 65396.2 125911 42324.8 16309.8 13556.7 26015 12762.5 821.56 13252.6 12296.6 11205.7 1090.86
internal_count=196974 192981 69987 122994 39309 17594 15557 21715 9922 728 11793 11344 10294 1050
is_linear=0
shrinkage=0.05


Tree=45
num_leaves=15
num_cat=0
split_feature=0 15 17 3 4 4 4 1 1 3 15 2 0 0
split_gain=17.9854 10.4163 12.2145 46.611 8.29108 33.1674 101.009 8.09671 8.84038 14.709 16.6726 13.4939 12.6657 12.3245
threshold=0.015268065501004459 0.00766294775530696 0.010050504934042694 0.0066445916891098031 0.0071685509756207475 0.0067340831737965354 0.0067797389347106227 0.016001024283468727 0.0099504948593676108 0.011428944766521456 0.065976146608591094 0.0094788861460983771 0.015749008394777778 0.016001024283468727
decision_type=2 2 2 2 2 2 2 2 2 2 2 2 2 2
left_child=1 4 3 -3 5 -1 -7 8 11 13 -11 12 -2 -10
right_child=7 2 -4 -5 -6 6 -8 -9 9 10 -12 -13 -14 -15
leaf_value=-0.00094316846436215689 -0.007761043863497733 -0.0019936731930296453 8.4858296112822528e-05 0.020584054610950184 -0.0038901960017824139 0.020034925724130105 -0.0014992326500205047 0.0052127238180139004 0.0016107863163040356 0.014001141733546716 -0.000215644928975037 0.0079579114965073611 0.0040914644430687193 -0.011656566613897664
leaf_weight=41249.451423227787 353.79861612059176 679.17994156107306 143896.47296446562 333.40225878916681 1989.3627246022224 762.88506715558469 1839.1733521074057 2048.2278597000986 281.33704593777657 234.8770530950278 1304.6860407032073 974.63903680630028 582.55576919019222 443.95187360048294
leaf_count=39240 470 750 149106 29 1867 222 1701 481 231 169 655 1276 691 86
internal_value=2.10433e-06 -8.42625e-05 0.00012356 0.00556885 -0.000741102 -0.000597386 0.0048668 0.00264489 0.00137593 -0.000737272 0.00202964 0.00387124 -0.000421656 -0.00655829
internal_weight=196974 190750 144909 1012.58 45840.9 43851.5 2602.06 6224.07 4175.85 2264.85 1539.56 1910.99 936.354 725.289
internal_count=196974 192915 149885 779 43030 41163 1923 4059 3578 1141 824 2437 1161 317
is_linear=0
shrinkage=0.05


Tree=46
num_leaves=15
num_cat=0
split_feature=15 15 0 17 1 17 3 3 3 1 0 1 3 2
split_gain=16.6824 22.175 42.053 14.7608 16.3653 20.4435 18.5939 16.376 21.1975 13.2948 35.6003 18.5704 11.7239 23.8769
threshold=0.020032791420817379 0.019880400970578197 0.011299795936793091 0.019419306889176372 0.0065147271379828462 0.020204081200063232 0.0098524559289217013 0.015038444194942715 0.014599318150430919 0.014185110572725536 0.0084389690309762972 0.016001024283468727 1.0000000180025095e-35 0.012579114176332952
decision_type=2 2 2 2 2 2 2 2 2 2 2 2 2 2
left_child=1 -1 -3 -2 -5 6 -6 8 9 -7 12 -12 13 -11
right_child=3 2 -4 4 5 7 -8 -9 -10 10 11 -13 -14 -15
leaf_value=-0.00027319721775912815 -0.0013887205898473107 -0.00052837515535364074 -0.02746152224088514 0.0022084811968810457 0.0011544458724230483 -0.00044678490471282981 0.015452819043277924 0.0028001513221971555 -0.005844132341069311 -0.0027647907523681249 -0.0027177254262290645 0.0066207207520470107 0.0091795397734081904 0.013224509408190286
leaf_weight=131895.37759996206 7714.898824987933 435.37846604734659 207.55415986292064 17569.341453589499 496.14570524357259 25135.700605008751 412.48362394981086 5200.1285058576614 1582.3367899712175 720.29488895088434 3026.5235816072673 635.7434994187206 1608.4051923435181 333.6881302613765
leaf_count=129047 9143 533 57 24714 501 23542 89 2852 783 856 2308 491 1961 97
internal_value=2.11481e-06 -0.000318721 -0.00951047 0.000661991 0.000941115 0.000371961 0.00774293 0.000194853 -0.000215882 6.89646e-05 0.00211615 -0.00108302 0.00650437 0.00237409
internal_weight=196974 132538 642.933 64435.7 56720.8 39151.5 908.629 38242.8 33042.7 31460.4 6324.66 3662.27 2662.39 1053.98
internal_count=196974 129637 590 67337 58194 33480 590 32890 30038 29255 5713 2799 2914 953
is_linear=0
shrinkage=0.05


Tree=47
num_leaves=15
num_cat=0
split_feature=0 2 2 1 15 2 4 0 15 1 15 3 2 4
split_gain=15.8146 9.40585 17.0481 14.6481 18.9814 17.0192 14.5873 12.0993 11.3421 15.1951 11.3364 10.3842 11.114 13.6319
threshold=0.013423423748463394 0.0063898416701704272 0.0066445916891098031 0.009756329935044052 0.045055609196424491 0.014815627597272398 0.007272823480889202 0.013793759513646366 0.065976146608591094 0.013423423748463394 0.014613108243793251 0.015038444194942715 0.015749008394777778 0.016001024283468727
decision_type=2 2 2 2 2 2 2 2 2 2 2 2 2 2
left_child=-1 10 -3 -4 -5 6 -6 -8 -7 -10 -2 -11 -13 -14
right_child=1 2 3 4 5 8 7 -9 9 11 -12 12 13 -15
leaf_value=-0.00012054219554422891 0.0050491934327997678 0.014591888630549697 0.0049191610132978481 -0.0097566870173800297 0.0047489296809079245 0.010019576771381152 0.0029587398285450539 -0.0059235524019874567 -0.0086818944776581222 -0.0026337756650414955 -0.00229655408403587 0.00982936311965661 -0.0044279475163502445 0.0050632239034747424
leaf_weight=183263.93654479459 654.83821931481361 267.37361805327237 3055.7824290897697 392.76342410780489 660.70556219480932 554.74158153124154 501.74774062819779 1547.1516398377717 276.4564849846065 592.26966542564332 2493.4253003746271 738.97425910271704 499.07308646291494 1474.7614711597562
leaf_count=185886 563 100 4324 127 357 313 234 1238 162 423 2534 251 220 242
internal_value=2.03242e-06 0.00163939 0.0023539 0.00202219 0.000794144 0.00141282 -0.0016637 -0.00374459 0.00342734 0.00238122 -0.000757491 0.00333 0.00463693 0.00265321
internal_weight=196974 13710.1 10561.8 10294.4 7238.64 6845.88 2709.6 2048.9 4136.28 3581.53 3148.26 3305.08 2712.81 1973.83
internal_count=196974 11088 7991 7891 3567 3440 1829 1472 1611 1298 3097 1136 713 462
is_linear=0
shrinkage=0.05


Tree=48
num_leaves=15
num_cat=0
split_feature=15 15 0 16 15 15 3 15 0 4 1 3 15 1
split_gain=14.5577 20.1053 38.1354 13.8741 16.9009 22.2404 16.476 19.8408 12.9792 11.4557 21.9714 26.1969 16.6951 15.631
threshold=0.020032791420817379 0.019880400970578197 0.011299795936793091 2.5000000000000004 0.02632063161581755 0.030918220989406112 0.0062696540262550124 0.057853225618600852 0.015749008394777778 0.0087337908335030096 0.010929288342595102 0.0080972984433174151 0.03553042188286782 0.009756329935044052
decision_type=2 2 2 2 2 2 2 2 2 2 2 2 2 2
left_child=1 -1 -3 4 -2 -6 7 -5 9 10 13 12 -12 -8
right_child=3 2 -4 6 5 -7 8 -9 -10 -11 11 -13 -14 -15
leaf_value=-0.00025437270298248651 0.0012757530636704163 -0.00049665781767004188 -0.026144466432982356 -0.0017112644059437911 0.0077233069018152484 -0.01025006197100827 0.00095260780153274464 0.014295248147036902 0.0036260690627671851 -0.00046644215247737607 0.0038720895906889548 0.0026016178520035411 0.018958154937713256 -0.004407982976175266
leaf_weight=131895.37759996206 10070.608890892938 435.37846604734659 207.55415986292064 11046.070276346058 1954.4983885493129 180.05313191749156 14233.491436017677 187.1337759681046 3521.93952716887 17745.374035306275 316.10715961642563 3238.4812131356448 448.42972560971975 1493.5032406616956
leaf_count=129047 12568 533 57 10346 1961 165 17033 52 1636 17187 828 3441 679 1441
internal_value=1.9902e-06 -0.000297719 -0.00905 0.000618415 0.00213544 0.0061665 0.000263578 -0.00143213 0.000728437 0.000455223 0.00128399 0.00458632 0.0128512 0.000441065
internal_weight=196974 132538 642.933 64435.7 12205.2 2134.55 52230.5 11233.2 40997.3 37475.4 19730 4003.02 764.537 15727
internal_count=196974 129637 590 67337 14694 2126 52643 10398 42245 40609 23422 4948 1507 18474
is_linear=0
shrinkage=0.05


Tree=49
num_leaves=15
num_cat=0
split_feature=15 1 15 17 17 3 1 2 4 1 15 0 0 2
split_gain=13.2529 10.6286 48.4299 9.76446 10.9075 19.4453 11.9479 12.3712 13.6767 24.0079 27.6177 23.5665 22.0798 17.1123
threshold=0.018564978614449505 0.0087337908335030096 0.0088107436895370501 0.019419306889176372 0.020204081200063232 0.0098524559289217013 1.0000000180025095e-35 0.014815627597272398 0.0098524559289217013 0.011696306522935631 0.051507720723748214 0.013072453904896976 0.0085107926279306429 0.014389234129339458
decision_type=2 2 2 2 2 2 2 2 2 2 2 2 2 2
left_child=1 -1 -3 -2 5 -5 -6 8 9 10 -8 -12 -10 -11
right_child=3 2 -4 4 6 -7 7 -9 12 13 11 -13 -14 -15
leaf_value=-0.00043715566579979675 -0.0010621306904232402 0.013490307133963207 0.00027991305519990618 0.00029414830284921721 0.0016878023147192498 0.011890125817216223 -0.0013883046756891818 0.0021905082144395866 0.00070665358004599692 0.0034426358191863011 0.012090311813464339 -0.003528568251473295 -0.0031993095250654685 -0.0096988703915309206
leaf_weight=117012.31394962966 8208.4154979232699 737.80364404059947 9610.2782708778977 895.26818372309208 19392.573713334277 597.00007229670882 11386.185031915084 6420.5018463619053 6822.0735134128481 6881.027159884572 721.5063153449446 354.94253122061491 7686.6053575146943 247.50593958236277
leaf_count=111381 9717 279 12676 1015 26218 297 9970 3757 8411 7449 315 312 4991 186
internal_value=1.91495e-06 -0.000301295 0.00123391 0.000556611 0.000773136 0.00498153 0.000667502 0.000178902 -0.000200385 0.000661227 -0.000662648 0.00695515 -0.00136348 0.00297341
internal_weight=196974 127360 10348.1 69613.6 61405.2 1492.27 59912.9 40520.3 34099.8 19591.2 12462.6 1076.45 14508.7 7128.53
internal_count=196974 124336 12955 72638 62921 1312 61609 35391 31634 18232 10597 627 13402 7635
is_linear=0
shrinkage=0.05


Tree=50
num_leaves=15
num_cat=0
split_feature=0 2 2 1 15 2 4 0 15 3 15 1 2 4
split_gain=12.6918 7.93315 15.5705 13.2465 16.8591 13.5732 12.1797 10.96 10.4199 9.94444 9.76853 13.6531 9.5875 9.55475
threshold=0.013423423748463394 0.0063898416701704272 0.0066445916891098031 0.009756329935044052 0.045055609196424491 0.014815627597272398 0.007272823480889202 0.013793759513646366 0.014613108243793251 0.010582306887954475 0.065976146608591094 0.013423423748463394 0.0074350468348711738 0.0067797389347106227
decision_type=2 2 2 2 2 2 2 2 2 2 2 2 2 2
left_child=-1 8 -3 12 -5 6 9 -8 -2 -6 13 -12 -4 -7
right_child=1 2 3 4 5 10 7 -9 -10 -11 11 -13 -14 -15
leaf_value=-0.00010792067256211099 0.0048345871313913288 0.013819834931991022 -0.0083960917751901825 -0.0093027847325192134 0.013826256408300567 0.0019801656823837332 0.0029529850485717339 -0.0054993188938798803 -0.0022079856745741296 0.00042096914203834093 -0.0084324182137896359 0.002952229253963505 0.0051552662584915471 0.015121545650459922
leaf_weight=183263.93654479459 654.83821931481361 267.37361805327237 127.82690822519362 392.76342410780489 185.55936705879867 258.57143014669418 501.74774062819779 1547.1516398377717 2493.4253003746271 475.14619513601065 276.4564849846065 3305.0784821510315 2927.9555208645761 296.17015138454735
leaf_count=185886 563 100 225 127 144 153 234 1238 2534 213 162 1136 4099 160
internal_value=1.88718e-06 0.00146871 0.00212491 0.00180804 0.00064041 0.00122361 -0.00152375 -0.00342517 -0.000732462 0.00433586 0.0030227 0.00205242 0.00456286 0.00913972
internal_weight=196974 13710.1 10561.8 10294.4 7238.64 6845.88 2709.6 2048.9 3148.26 660.706 4136.28 3581.53 3055.78 554.742
internal_count=196974 11088 7991 7891 3567 3440 1829 1472 3097 357 1611 1298 4324 313
is_linear=0
shrinkage=0.05


Tree=51
num_leaves=15
num_cat=0
split_feature=15 15 0 1 1 4 4 3 3 15 17 4 2 2
split_gain=11.6031 18.6259 34.5673 11.8302 14.3149 10.7827 73.518 26.2475 42.6568 13.5127 14.0709 15.0246 12.0599 11.8962
threshold=0.020032791420817379 0.019880400970578197 0.011299795936793091 0.0065147271379828462 0.0066445916891098031 0.0067797389347106227 0.0067340831737965354 0.007272823480889202 0.01183473411947489 0.00766294775530696 0.011428944766521456 0.0064725596457719812 0.01197647722437978 0.010582306887954475
decision_type=2 2 2 2 2 2 2 2 2 2 2 2 2 2
left_child=1 5 -3 -2 -5 6 9 13 -9 -1 11 -11 -12 -7
right_child=3 2 -4 4 -6 7 -8 8 -10 10 12 -13 -14 -15
leaf_value=-0.00083637685221770147 0.0015363033021891157 -0.00054478140077844639 -0.024965019893695636 -0.0061164878144869313 0.000217718342850512 -0.0016937476432100568 0.013745343370941477 0.0082757535564232324 -0.010879032334362167 0.0057216771293447689 0.00028395074841989831 -0.0042027800880374703 -0.0041568639185650879 0.013313940888297834
leaf_weight=41249.451423227787 20709.740712253377 435.37846604734659 207.55415986292064 900.93015791289508 42825.01993102394 23200.124082762748 953.39582893066108 1488.787024570629 351.45253353007138 2108.5487126670778 60404.755091369152 457.41330434940755 1558.5331173054874 122.9164812490344
leaf_count=39240 29023 533 57 571 37743 23930 399 1692 35 2562 59334 307 1452 96
internal_value=1.86158e-06 -0.00026571 -0.00868984 0.000552187 8.58396e-05 -0.00022399 -4.44427e-06 -0.00115484 0.00457851 -0.00012966 0.000322158 0.00394308 0.0001716 -0.00160898
internal_weight=196974 132538 642.933 64435.7 43726 131895 106732 25163.3 1840.24 105779 64529.3 2565.96 61963.3 23323
internal_count=196974 129637 590 67337 38314 129047 103294 25753 1727 102895 63655 2869 60786 24026
is_linear=0
shrinkage=0.05


Tree=52
num_leaves=15
num_cat=0
split_feature=4 0 15 17 3 4 0 0 2 17 4 2 3 1
split_gain=11.4483 8.739 7.73301 10.5199 41.5688 8.39276 10.599 12.2268 11.4038 9.73382 13.6993 16.8008 9.3219 9.81819
threshold=0.016001024283468727 0.0070672258734703073 0.00766294775530696 0.010050504934042694 0.0066445916891098031 0.015504807699471714 0.0088890646584332007 0.014815627597272398 0.015749008394777778 0.064583335071802153 0.015038444194942715 0.012739370577037336 0.014599318150430919 0.0062696540262550124
decision_type=2 2 2 2 2 2 2 2 2 2 2 2 2 2
left_child=2 -2 -1 4 -4 9 -7 -8 -9 10 12 -12 -5 -14
right_child=1 -3 3 5 -6 6 7 8 -10 -11 11 -13 13 -15
leaf_value=-0.00061099311683810624 -0.0054171823797773775 0.0041356600345987798 -0.0019550275558035666 4.6396582753675639e-05 0.019365804188203176 0.0031834461227846543 -0.0085904822424991336 0.005251535331653308 -0.0097380330954338554 0.001664091892353976 0.00047985131951310954 0.016623648627356571 0.0014879849908062161 -0.0060093882122842415
leaf_weight=45840.872567093 256.46396036632359 2462.1509214770049 679.17994156107306 133015.34338998049 333.40225878916681 499.84041924774647 953.83620675466955 399.71745891869068 173.84360327012837 9779.7776919603348 388.66197349689901 266.07270616106689 658.69026773609221 1266.1476602498442
leaf_count=43030 503 1136 750 137337 29 751 478 264 107 10391 496 99 969 634
internal_value=1.74228e-06 0.00321793 -4.34318e-05 0.000131901 0.00518579 9.68333e-05 -0.00309016 -0.00515055 0.000619251 0.000141485 3.15526e-05 0.00719179 -3.71948e-06 -0.00344932
internal_weight=196974 2718.61 194255 148415 1012.58 147402 2027.24 1527.4 573.561 145375 135595 654.735 134940 1924.84
internal_count=196974 1639 195335 152305 779 151526 1600 849 371 149926 139535 595 138940 1603
is_linear=0
shrinkage=0.05


Tree=53
num_leaves=15
num_cat=0
split_feature=4 0 15 4 4 3 1 15 1 1 2 15 4 1
split_gain=10.3302 7.90617 7.25388 10.6179 68.1339 26.7716 11.0629 29.9728 12.3652 9.85589 10.7823 23.7519 20.9394 18.8585
threshold=0.016001024283468727 0.0070672258734703073 0.018266744911670688 0.0067797389347106227 0.0067340831737965354 0.0077221228275448093 0.0085838492959737795 0.0088107436895370501 0.0087337908335030096 0.0063092110212892303 0.0068260179832577714 0.044465281069278724 0.015504807699471714 0.010152545757591726
decision_type=2 2 2 2 2 2 2 2 2 2 2 2 2 2
left_child=2 -2 3 4 6 -5 -1 8 -8 -4 12 -12 -11 -13
right_child=1 -3 9 5 -6 -7 7 -9 -10 10 11 13 -14 -15
leaf_value=-0.00034438077301137261 -0.00515648805775493 0.0039297134922040983 0.0011985427333677369 -0.0015736202338694266 0.013266883014998466 0.0076733089383950077 0.0017893679979476219 0.00042240837420236396 0.012813839568535669 0.0012699270002002692 -0.002239728776009052 0.0038599805326454215 -0.0079523220346350166 -0.00031964788700619223
leaf_weight=92551.979704942554 256.46396036632359 2462.1509214770049 23666.868540085852 21922.834316285327 941.57317580282688 801.90582603216171 390.98059714585543 8784.1546122282743 737.80364404059947 16385.936065327376 12888.282227342948 3567.094116345048 629.61850387230515 10986.354815768078
leaf_count=86710 503 1136 31686 22343 380 974 524 11887 279 17900 11319 3042 379 7912
internal_value=1.70578e-06 0.0030568 -4.12056e-05 -0.000265747 -5.06466e-05 -0.00124408 -0.000174307 0.00141233 0.0090445 0.000374509 -6.43375e-05 -0.000677411 0.00092421 0.000706739
internal_weight=196974 2718.61 194255 126131 103406 22724.7 102465 9912.94 1128.78 68124.2 44457.3 27441.7 17015.6 14553.4
internal_count=196974 1639 195335 123097 99780 23317 99400 12690 803 72238 40552 22273 18279 10954
is_linear=0
shrinkage=0.05


Tree=54
num_leaves=15
num_cat=0
split_feature=17 0 15 0 2 15 3 4 3 2 17 4 0 3
split_gain=9.59444 10.1407 12.4498 18.3577 12.2187 10.6452 33.2206 24.0976 15.3677 12.245 12.0154 21.3977 14.2096 12.8883
threshold=0.048809524625539787 0.0092167854309082049 0.0099504948593676108 0.0098524559289217013 0.012270400300621988 0.020202526822686199 0.0085838492959737795 0.00766294775530696 0.012903762981295587 1.0000000180025095e-35 0.028991596773266796 0.0075472774915397176 0.01183473411947489 0.007272823480889202
decision_type=2 2 2 2 2 2 2 2 2 2 2 2 2 2
left_child=1 4 3 -3 -1 6 9 8 10 -4 11 -7 -12 -14
right_child=-2 2 5 -5 -6 7 -8 -9 -10 -11 12 -13 13 -15
leaf_value=-0.00022421593192226892 0.00087936634822395891 0.0027419660279136907 -0.00094496681376923504 0.017236828343717207 -0.0032670104964888976 0.00012135812972074937 -0.015026315417326139 -0.00099236424079094331 -0.0045691428902418672 0.0062481256280597607 0.0092419289954066269 0.011511187789695669 0.0065299321223906415 -0.00057009916746294717
leaf_weight=142410.4462657962 26878.120536314324 1582.6593662891537 6273.7968222647905 244.6064357496798 3367.6189632192254 3276.3963968958706 393.58282333426178 6730.1627607159317 610.92963256686926 643.16901588253677 1550.2029238324612 461.76250351965427 1337.1663887221366 1213.3801919594407
leaf_count=144091 26083 1362 5846 186 3277 3320 167 6070 720 1023 1544 87 1633 1565
internal_value=1.69319e-06 -0.000137038 0.000807992 0.00476557 -0.000294727 0.000484479 -0.00108206 0.00123912 0.00301554 -0.000268068 0.00361173 0.00155526 0.00547801 0.00316318
internal_weight=196974 170096 24317.8 1827.27 145778 22490.5 7310.55 15180 8449.84 6916.97 7838.91 3738.16 4100.75 2550.55
internal_count=196974 170891 23523 1548 147368 21975 7036 14939 8869 6869 8149 3407 4742 3198
is_linear=0
shrinkage=0.05


Tree=55
num_leaves=15
num_cat=0
split_feature=4 0 4 17 4 15 0 0 2 15 3 15 15 16
split_gain=9.04188 7.15129 6.55649 9.60103 12.6341 15.4906 9.56625 10.4157 10.3722 8.5772 8.08536 9.16118 9.30271 9.92279
threshold=0.016001024283468727 0.0070672258734703073 0.015504807699471714 0.064583335071802153 0.015038444194942715 0.070536628365516676 0.0085838492959737795 0.014815627597272398 0.015749008394777778 0.038835126906633384 0.014599318150430919 0.022657839581370357 0.030918220989406112 3.5000000000000004
decision_type=2 2 2 2 2 2 2 2 2 2 2 2 2 2
left_child=2 -2 3 4 10 9 -4 -8 -9 -6 -1 -12 -13 -14
right_child=1 -3 6 -5 5 -7 7 8 -10 -11 11 12 13 -15
leaf_value=-8.0972385485359193e-05 -0.0049506578260811434 0.00369023209515656 0.0032155307802855062 0.0015168732010946723 0.0089010132774219805 0.020775522822400375 -0.0079158944594051595 0.0049789768555288426 -0.0093164438954837937 -0.0038159908329908144 0.0051472773352949095 -0.0097655545959880151 0.0088477968667896832 -0.0040147375784049723
leaf_weight=179868.79815742373 256.46396036632359 2462.1509214770049 485.14148499444127 9779.7776919603348 254.99824224598706 142.76161496341228 968.53514100797474 399.71745891869068 173.84360327012837 256.97482244856656 265.88643591292202 579.79065252840519 169.4676014110446 909.69323813356459
leaf_count=181146 503 1136 733 10391 331 21 496 264 107 243 367 352 291 593
internal_value=1.68197e-06 0.00285993 -3.84645e-05 -8.56066e-06 -9.04071e-05 0.0067902 -0.00286007 -0.00477984 0.000560704 0.00256714 -0.00011556 -0.00333051 -0.00471198 -0.00193216
internal_weight=196974 2718.61 194255 192228 182448 654.735 2027.24 1542.1 573.561 511.973 181794 1924.84 1658.95 1079.16
internal_count=196974 1639 195335 193735 183344 595 1600 867 371 574 182749 1603 1236 884
is_linear=0
shrinkage=0.05


Tree=56
num_leaves=15
num_cat=0
split_feature=15 4 17 17 3 15 3 3 4 3 15 3 0 15
split_gain=8.3746 8.61251 8.07199 9.56009 16.3045 10.0913 14.0087 21.277 8.57418 9.06816 7.86202 19.7119 31.8971 14.9456
threshold=0.018564978614449505 0.0091326101683080214 0.019419306889176372 0.020204081200063232 0.0098524559289217013 0.019054085016250614 0.0087337908335030096 0.010256679728627207 0.0068729333579540261 0.0085107926279306429 0.020032791420817379 0.0082988981157541292 0.011173533275723459 0.019548471085727218
decision_type=2 2 2 2 2 2 2 2 2 2 2 2 2 2
left_child=1 -1 8 4 -4 6 -5 -8 -2 -10 11 -7 13 -13
right_child=2 -3 3 5 -6 10 7 -9 9 -11 -12 12 -14 -15
leaf_value=-0.00012118144524630999 0.00065664654660809417 -0.0016696024248091122 0.00028691488811166476 0.001655999131410257 0.010905375373047307 0.0015815544732651642 0.028099421098471446 0.0028755238676367637 -0.0037257065838022228 0.0020035329983335961 0.00058609625311764493 -0.0066692029901420109 -0.018983881276552039 0.0051675926662260417
leaf_weight=117647.73370809667 3929.3197751678526 9712.6621564514935 895.26818372309208 885.32670257799327 597.00007229670882 1775.1865950096399 135.70305424369872 202.25737181119621 3421.2148103192449 857.88091243617237 55464.637596130371 656.18209805898368 358.19810223765671 435.42988850176334
leaf_count=114486 4791 9850 1015 1117 297 2232 39 231 3766 1160 57196 356 7 431
internal_value=1.64151e-06 -0.000239388 0.000442584 0.000639457 0.00457927 0.000540579 0.00501682 0.0135203 -0.00102917 -0.0025751 0.000446441 -0.00194979 -0.00625488 -0.00194361
internal_weight=196974 127360 69613.6 61405.2 1492.27 59912.9 1223.29 337.96 8208.42 4279.1 58689.6 3225 1449.81 1091.61
internal_count=196974 124336 72638 62921 1312 61609 1387 270 9717 4926 60222 3026 794 787
is_linear=0
shrinkage=0.05


Tree=57
num_leaves=15
num_cat=0
split_feature=4 0 15 17 3 4 15 0 4 1 2 0 17 17
split_gain=7.99369 6.44331 6.29261 9.6874 37.6284 7.93088 21.6357 19.9396 17.5774 14.8153 10.2757 10.0106 25.4676 7.95691
threshold=0.016001024283468727 0.0070672258734703073 0.00766294775530696 0.010050504934042694 0.0066445916891098031 0.0091326101683080214 0.052358970046043403 0.012121656909585001 0.0088890646584332007 0.01183473411947489 0.016261236742138866 0.011428944766521456 0.060661764815449722 0.060661764815449722
decision_type=2 2 2 2 2 2 2 2 2 2 2 2 2 2
left_child=2 -2 -1 4 -4 6 9 8 13 10 -5 -11 -13 -8
right_child=1 -3 3 5 -6 -7 7 -9 -10 11 -12 12 -14 -15
leaf_value=-0.00054811200154544889 -0.0047243882435069884 0.0034772805311045294 -0.0018226109892631758 5.5716659088656258e-05 0.018462939591144565 -0.00056480080715885566 3.9607961519654745e-05 0.0017912959785577984 0.021951962466127711 0.0031346590438192027 -0.0079538721930472803 -0.0079987834179802413 0.0096656559324366266 0.010934934810480945
leaf_weight=45840.872567093 256.46396036632359 2462.1509214770049 679.17994156107306 101584.72719868273 333.40225878916681 35324.447115095332 293.60413453355432 2176.3822458963841 239.72617913968861 6086.5825432483107 392.01935971155763 634.96026393212378 288.87563487701118 380.60670265927911
leaf_count=43030 503 1136 750 103939 29 36192 249 1400 59 8328 164 526 293 376
internal_value=1.617e-06 0.00268909 -3.61308e-05 0.000122031 0.00497183 8.83805e-05 0.000294281 0.004413 0.0105692 0.000177101 2.41493e-05 0.00239881 -0.00243091 0.00626018
internal_weight=196974 2718.61 194255 148415 1012.58 147402 112077 3090.32 913.937 108987 101977 7010.42 923.836 674.211
internal_count=196974 1639 195335 152305 779 151526 115334 2084 684 113250 104103 9147 819 625
is_linear=0
shrinkage=0.05


Tree=58
num_leaves=15
num_cat=0
split_feature=0 0 1 0 2 15 17 1 15 16 15 1 15 15
split_gain=7.5478 12.5639 8.72991 20.2702 14.0384 11.635 9.38576 10.6619 8.71831 7.52767 9.3827 7.34004 11.488 11.3181
threshold=0.013245614245533945 0.013072453904896976 0.014185110572725536 0.0085107926279306429 0.015038444194942715 0.027242750860750679 0.051315790042281158 0.014389234129339458 0.070536628365516676 4.5000000000000009 0.053300453349947936 0.009756329935044052 0.04626759514212609 0.064001988619565978
decision_type=2 2 2 2 2 2 2 2 2 2 2 2 2 2
left_child=1 2 -1 4 5 -4 -7 -8 -5 10 -9 13 -13 -2
right_child=11 -3 3 8 -6 6 7 9 -10 -11 -12 12 -14 -15
leaf_value=-0.00011344297941093923 0.0020051110640916972 -0.0054522592921624922 -0.0003145843886226502 -0.0034082231745279725 -0.010643754077808711 0.016013001131477762 -0.0093139939004172872 0.0063142248084927174 0.0067631366423420713 0.014023662998222806 -0.0064839323499050697 -0.0047249799648068106 0.00083721373022695124 0.01374687741033025
leaf_weight=176113.73811854981 5889.821017505601 1074.229359805584 768.11183735541999 1668.0428388100117 140.36473521031439 238.64894049055874 104.42151465080678 1611.4331973325461 231.49891978874803 277.12492130696774 149.06140531413257 1050.1656156331301 7454.255006313324 203.08359899558127
leaf_count=178883 7363 788 1050 1560 199 221 65 1770 161 311 90 515 3798 200
internal_value=1.65268e-06 -8.5935e-05 -5.38402e-05 0.00196551 0.00433563 0.00503495 0.00675503 0.00565397 -0.0021397 0.00646277 0.0052001 0.00109527 0.000145625 0.00241836
internal_weight=196974 182377 181302 5188.71 3289.17 3148.8 2380.69 2142.04 1899.54 2037.62 1760.49 14597.3 8504.42 6092.9
internal_count=196974 185098 184310 5427 3706 3507 2457 2236 1721 2171 1860 11876 4313 7563
is_linear=0
shrinkage=0.05


Tree=59
num_leaves=15
num_cat=0
split_feature=4 4 0 0 2 15 17 4 2 3 1 4 1 0
split_gain=6.95382 6.04293 8.6105 9.39604 9.42484 8.53688 7.48023 11.4472 14.4991 7.41007 8.32362 9.6764 7.89913 19.2241
threshold=0.016001024283468727 0.015504807699471714 0.0088890646584332007 0.014815627597272398 0.015749008394777778 0.045055609196424491 0.064583335071802153 0.015038444194942715 0.012739370577037336 0.014599318150430919 0.0062696540262550124 0.0075472774915397176 0.014185110572725536 0.0096620614640414732
decision_type=2 2 2 2 2 2 2 2 2 2 2 2 2 2
left_child=1 6 5 -4 -5 -3 7 9 -9 12 11 -11 -1 -14
right_child=-2 2 3 4 -6 -7 -8 8 -10 10 -12 -13 13 -15
leaf_value=-0.00011076769338894821 0.0025082005990007643 -0.0021778251030992435 -0.0076151077161905308 0.0046725816754073016 -0.0089541681083208837 0.011043898142736061 0.0013415760318259368 0.00024240869917072926 0.015234142107561181 0.0050822498886478364 -0.0055360099644029825 -0.0082028663445864892 0.0054660561620405411 -0.0029619718984297896
leaf_weight=176924.03569395468 2718.6148818433285 311.93998966366053 953.83620675466955 399.71745891869068 173.84360327012837 187.90042958408594 9779.7776919603348 388.66197349689901 266.07270616106689 477.87249633483589 1266.1476602498442 180.81777140125632 1906.9968827236444 1037.7655807454139
leaf_count=178270 1639 574 478 264 107 177 10391 496 99 795 634 174 2002 874
internal_value=1.61886e-06 -3.35882e-05 -0.00274243 -0.00459962 0.000459715 0.00291162 -4.87959e-06 -7.71232e-05 0.00647231 -0.000101066 -0.00317883 0.00136721 -6.79547e-05 0.00249596
internal_weight=196974 194255 2027.24 1527.4 573.561 499.84 192228 182448 654.735 181794 1924.84 658.69 179869 2944.76
internal_count=196974 195335 1600 849 371 751 193735 183344 595 182749 1603 969 181146 2876
is_linear=0
shrinkage=0.05


Tree=60
num_leaves=15
num_cat=0
split_feature=15 4 4 3 3 3 1 3 3 2 17 15 1 2
split_gain=6.58 8.89799 61.7869 24.0011 10.2403 18.0716 61.7309 13.8684 13.8506 10.7293 10.7064 10.6786 8.78341 8.96905
threshold=0.018266744911670688 0.0067797389347106227 0.0067340831737965354 0.0077221228275448093 0.0068260179832577714 0.0066445916891098031 0.0062696540262550124 0.012739370577037336 0.012903762981295587 1.0000000180025095e-35 0.011050061322748663 0.015045642387121918 0.0063092110212892303 0.0085107926279306429
decision_type=2 2 2 2 2 2 2 2 2 2 2 2 2 2
left_child=1 2 4 -3 5 10 9 -6 -9 -7 -1 -12 13 -2
right_child=12 3 -4 -5 7 6 -8 8 -10 -11 11 -13 -14 -15
leaf_value=-0.00079808268228737122 0.00020387727473247447 -0.0014211435553755606 0.012664189874717041 0.0073338762695849651 -0.0015163889931457193 -0.0015299258867466565 0.018649317969564216 0.0091153138367169647 -0.00012228622707431873 0.010135421771237725 0.00066452682633975403 -0.0016952694522479267 -9.3545692958613583e-06 0.0021438721383046401
leaf_weight=28004.692591127008 11978.546040154994 21961.181663773954 941.57317580282688 801.90582603216171 19113.496520055458 1612.4203738365322 566.75709078833461 611.85362576134503 1167.0766841955483 214.37521741725504 45829.841096648946 5344.4053585268557 46978.019124289975 11847.856638651341
leaf_count=27022 14029 22405 380 974 17127 1407 161 75 1119 188 46386 5915 41806 17980
internal_value=1.56338e-06 -0.000214919 -1.78755e-05 -0.00110963 -0.000135638 0.000117362 0.00438854 -0.00112304 0.00308813 -0.000113265 -1.22921e-05 0.000417797 0.000387299 0.00116905
internal_weight=196974 126170 103406 22763.1 102465 81572.5 2393.55 20892.4 1778.93 1826.8 79178.9 51174.2 70804.4 23826.4
internal_count=196974 123159 99780 23379 99400 81079 1756 18321 1194 1595 79323 52301 73815 32009
is_linear=0
shrinkage=0.05


Tree=61
num_leaves=15
num_cat=0
split_feature=0 15 17 3 4 4 4 4 3 2 15 15 15 4
split_gain=6.28765 5.11274 7.81342 30.8836 6.68097 24.7554 72.7668 5.46349 17.1842 18.4657 12.7021 16.6004 11.8561 15.0965
threshold=0.016261236742138866 0.00766294775530696 0.010050504934042694 0.0066445916891098031 0.0071685509756207475 0.0067340831737965354 0.0067797389347106227 0.0066445916891098031 0.0063492704648524531 0.016001024283468727 0.019054085016250614 0.018882909789681438 0.019377133809030059 0.0079052620567381399
decision_type=2 2 2 2 2 2 2 2 2 2 2 2 2 2
left_child=1 4 3 -3 5 -1 -7 -4 9 -9 11 -10 -12 -14
right_child=-2 2 7 -5 -6 6 -8 8 10 -11 12 -13 13 -15
leaf_value=-0.00065711931182947355 0.0029456218570564872 -0.0016831039360508044 0.00034685579820582682 0.016694324024399101 -0.0033140132453473082 0.017236188547502588 -0.0010421873802736528 -0.0011537100340782943 0.0032472356332215405 0.018002299254827468 -0.0082120999045523103 0.022125303038096577 0.0026439362732897896 -0.0001665615364375262
leaf_weight=41249.451423227787 1787.1022202596068 679.17994156107306 85368.285816719756 333.40225878916681 1989.3627246022224 762.88506715558469 1839.1733521074057 31917.737841391936 1840.1864167489111 116.3341011274606 392.5211926009506 114.90640364587307 6053.7535104323179 22529.718756692484
leaf_count=39240 823 750 87719 29 1867 222 1701 33584 2180 66 92 46 6375 22280
internal_value=1.62183e-06 -2.54825e-05 0.000116298 0.00447192 -0.000487317 -0.000358355 0.00436223 8.62652e-05 -0.000267043 -0.00107855 0.000573476 0.0044637 0.000309542 0.000429396
internal_weight=196974 195187 149346 1012.58 45840.9 43851.5 2602.06 148333 62965.2 32034.1 30931.1 1955.09 28976 28583.5
internal_count=196974 196151 153121 779 43030 41163 1923 152342 64623 33650 30973 2226 28747 28655
is_linear=0
shrinkage=0.05


Tree=62
num_leaves=15
num_cat=0
split_feature=4 0 15 4 0 0 1 1 15 0 1 2 15 0
split_gain=6.0081 5.49468 6.00024 5.42625 7.8555 8.45209 8.8067 13.4892 7.69203 6.43035 16.7108 13.6015 11.8629 16.6512
threshold=0.016001024283468727 0.0070672258734703073 0.059242632240056999 0.015504807699471714 0.0088890646584332007 0.014815627597272398 0.015504807699471714 0.015038444194942715 0.045055609196424491 0.0092167854309082049 0.014185110572725536 0.014389234129339458 0.0099504948593676108 0.0098524559289217013
decision_type=2 2 2 2 2 2 2 2 2 2 2 2 2 2
left_child=3 2 -2 9 8 -6 7 -7 -5 10 -1 -12 13 -11
right_child=1 -3 -4 4 5 6 -8 -9 -10 12 11 -13 -14 -15
leaf_value=-0.00022140908797353625 0.00016699191511438359 0.0030598399918727254 -0.01652122676659638 -0.0020297477985196728 -0.0072318763909217281 -0.0037452112970495126 -0.0057707384413358161 0.017209931460205465 0.010521380072817126 0.0025738928973643872 0.0043590861944283648 -0.0083968462425867245 0.0003811088988053611 0.016378056764096545
leaf_weight=151468.72670056485 191.65270157158375 2462.1509214770049 64.811258794739842 311.93998966366053 953.83620675466955 153.62097739055753 281.96312732063234 137.97695747762918 187.90042958408594 1582.6593662891537 2923.8264465965331 215.85617328807712 35792.473334539682 244.6064357496798
leaf_count=154410 471 1136 32 574 478 165 157 49 177 1362 3398 293 34086 186
internal_value=1.71078e-06 0.00233162 -0.00451205 -3.10147e-05 -0.00259792 -0.00437188 0.000426751 0.00641211 0.00280231 -3.81043e-06 -0.000146467 0.00345823 0.000582357 0.00450087
internal_weight=196974 2718.61 256.464 194255 2027.24 1527.4 573.561 291.598 499.84 192228 154608 3139.68 37619.7 1827.27
internal_count=196974 1639 503 195335 1600 849 371 214 751 193735 158101 3691 35634 1548
is_linear=0
shrinkage=0.05


Tree=63
num_leaves=15
num_cat=0
split_feature=0 0 15 2 2 1 15 3 3 1 17 0 1 2
split_gain=5.58575 11.5365 7.32285 8.44286 14.5382 10.1949 19.6598 10.4528 9.83231 12.6638 12.1709 24.11 13.087 10.5652
threshold=0.013245614245533945 0.013072453904896976 0.013698309659957887 0.0063898416701704272 0.0066445916891098031 0.009756329935044052 0.045055609196424491 0.0070176301524043092 0.013793759513646366 0.016001024283468727 0.069047622382640853 0.014815627597272398 0.013793759513646366 0.015038444194942715
decision_type=2 2 2 2 2 2 2 2 2 2 2 2 2 2
left_child=1 -1 -2 -4 -5 -6 -7 -8 9 -9 12 -12 -10 -13
right_child=2 -3 3 4 5 6 7 8 10 -11 11 13 -14 -15
leaf_value=-4.294171663301322e-05 0.0081195035423236705 -0.0052159308406589978 -0.0015275763578809971 0.012698705657114616 0.0034656433084742735 -0.0093241793506531577 0.0080980576969664399 -0.0048304996153733723 -0.00093106752489729788 0.0067506315045193326 -0.0092780828824078152 -0.0052206437340882681 0.010033888602885777 0.0029055935969989188
leaf_weight=181302.44642880931 337.07553088478744 1074.229359805584 3121.4979292787611 268.24227515049279 3241.3359285965562 503.84763896279037 449.311045370996 1439.6541373133659 433.5529509242624 272.88568264618516 575.24691549316049 457.45105941966176 713.76036020740867 2783.463784199208
leaf_count=184310 215 788 3164 108 4638 139 257 1229 218 151 381 322 293 761
internal_value=1.65249e-06 -7.36958e-05 0.000942448 0.00076723 0.00141111 0.00112117 0.000121856 0.000801938 0.000299515 -0.00295662 0.00142666 6.43741e-05 0.00591815 0.00174605
internal_weight=196974 182377 14597.3 14260.2 11138.8 10870.5 7629.17 7125.33 6676.01 1712.54 4963.48 3816.16 1147.31 3240.91
internal_count=196974 185098 11876 11661 8497 8389 3751 3612 3355 1380 1975 1464 511 1083
is_linear=0
shrinkage=0.05


Tree=64
num_leaves=15
num_cat=0
split_feature=17 1 1 15 1 15 2 15 15 1 2 2 0 0
split_gain=5.26535 16.2985 13.0255 12.1867 11.2717 10.4399 9.75358 9.60208 16.4198 6.60135 15.6238 11.1828 9.33953 12.2413
threshold=0.074175827205181136 0.010152545757591726 0.013423423748463394 0.073233645409345641 0.013986697886139156 0.022010941058397297 0.015038444194942715 0.065976146608591094 0.056641615927219398 0.016001024283468727 0.016001024283468727 0.014599318150430919 0.012739370577037336 0.015038444194942715
decision_type=2 2 2 2 2 2 2 2 2 2 2 2 2 2
left_child=3 5 7 6 -4 -2 -1 8 -3 10 11 -6 -13 -14
right_child=1 2 4 -5 9 -7 -8 -9 -10 -11 -12 12 13 -15
leaf_value=-4.6501282792222379e-05 -0.0027426794132284584 -0.0062756159861109056 0.0094242418282794883 0.0075160338104219293 -0.0038584614883847377 0.0057175749276766807 -0.0042206669821326535 -0.012205197976759227 0.008648247959436247 0.0017999960049934136 -0.011726547543443308 0.012972791912585772 -0.0090703244215324889 0.0051091891148521947
leaf_weight=185579.04347249679 426.34343035891652 653.44339205697179 349.2793153654784 519.80158862657845 939.28988041728735 2312.583118416369 1400.1105771698058 315.44179343059659 245.59872092120349 2971.0184937119484 326.45948531106114 205.48852919600904 202.43360768631101 527.66562189720571
leaf_count=186763 500 433 172 186 980 3545 1539 161 172 1633 328 171 128 263
internal_value=1.60967e-06 0.00115095 -0.000172838 -5.65292e-05 0.000860348 0.00439546 -7.79817e-05 -0.00483887 -0.00214845 0.000264975 -0.00180553 -2.49974e-05 0.00382374 0.00110822
internal_weight=196974 9475.05 6736.12 187499 5521.63 2738.93 186979 1214.48 899.042 5172.36 2201.34 1874.88 935.588 730.099
internal_count=196974 8486 4441 188488 3675 4045 188302 766 605 3503 1870 1542 562 391
is_linear=0
shrinkage=0.05


Tree=65
num_leaves=15
num_cat=0
split_feature=15 1 4 4 3 3 17 17 3 15 17 15 0 0
split_gain=5.0846 7.85182 9.05504 13.7585 18.8643 29.485 15.1961 12.8213 17.6712 16.4231 15.1284 11.5981 15.2575 21.5473
threshold=0.018266744911670688 0.0063092110212892303 0.011561079882085325 0.0062696540262550124 0.0065574476029723891 0.011173533275723459 0.03637566231191159 0.032795699313282974 0.0087337908335030096 0.019054085016250614 0.080128207802772536 0.034875065088272102 0.010582306887954475 0.012121656909585001
decision_type=2 2 2 2 2 2 2 2 2 2 2 2 2 2
left_child=-1 2 3 4 -2 11 -7 8 -5 -10 -9 12 -6 -14
right_child=1 -3 -4 7 5 6 -8 10 9 -11 -12 -13 13 -15
leaf_value=-0.0001887679987727371 0.0056566343706605272 -3.4409275848177629e-05 0.0033263637982100022 -0.001420457821879251 -0.00013102409828701314 0.0088588707731124174 0.0018316120944850596 -0.0044817060459997468 0.016936038349533937 0.0026361982350769685 0.010938121479893467 0.013434087361786055 -0.01037536503854611 0.0016242440038995829
leaf_weight=126169.57922396623 2507.0682939141989 46978.019124289975 3765.4244798459113 4211.0108784828335 3251.0581434443593 1184.8474557586014 2180.1177482549101 2653.7900945153087 214.40149023942649 1974.6963401250541 159.77089829184115 113.21019585616887 1030.7226625252515 580.28399755246937
leaf_count=123159 3682 41806 5855 4866 3746 1590 3446 3205 194 3268 407 370 680 700
internal_value=1.5319e-06 0.000340615 0.00107975 0.000656611 0.00186265 0.000716778 0.00432492 -0.000763752 0.000473745 0.00410738 -0.00357044 -0.00172732 -0.00210719 -0.00606975
internal_weight=196974 70804.4 23826.4 20061 10847.3 8340.24 3364.97 9213.67 6400.11 2189.1 2813.56 4975.27 4862.06 1611.01
internal_count=196974 73815 32009 26154 14214 10532 5036 11940 8328 3462 3612 5496 5126 1380
is_linear=0
shrinkage=0.05


Tree=66
num_leaves=15
num_cat=0
split_feature=4 4 4 2 2 0 3 17 3 15 15 16 0 1
split_gain=4.66885 5.03351 11.4387 10.9253 12.3614 12.5464 6.3215 5.88629 6.98196 7.68354 8.47307 8.55128 6.94887 7.36323
threshold=0.016001024283468727 0.015268065501004459 0.015038444194942715 0.015749008394777778 0.014185110572725536 0.0091326101683080214 0.015038444194942715 0.064583335071802153 0.014599318150430919 0.022657839581370357 0.030918220989406112 3.5000000000000004 0.014815627597272398 0.014185110572725536
decision_type=2 2 2 2 2 2 2 2 2 2 2 2 2 2
left_child=1 2 7 4 5 -3 -4 8 12 -10 -11 -12 13 -1
right_child=-2 3 6 -5 -6 -7 -8 -9 9 10 11 -13 -14 -15
leaf_value=-7.090493471467511e-05 0.0020554574524686005 0.0018932900140221087 0.0033052187789278605 -0.010505834412019925 0.0039726938051307462 -0.0070185510949645567 0.013374871682164492 0.0012424070351116706 0.0046925113370756832 -0.0091593221170413342 0.0083195790912444622 -0.0036199567781700368 -0.0043956279362092308 0.0024837031781460976
leaf_weight=176105.99161160737 2718.6148818433285 649.78004089556634 720.3870161511004 331.96956657059491 830.6961501725018 983.33089566417038 193.03178590908647 8752.5546044465154 265.88643591292202 579.79065252840519 169.4676014110446 909.69323813356459 906.17239019274712 2856.6341556236148
leaf_count=177312 1639 1148 699 247 458 538 95 9401 367 352 291 593 1029 2805
internal_value=1.57867e-06 -2.72698e-05 3.54029e-06 -0.00212969 -0.000963196 -0.00348278 0.00555502 -2.33619e-05 -8.4368e-05 -0.0030719 -0.004337 -0.00168584 -5.22284e-05 -2.99913e-05
internal_weight=196974 194255 191460 2795.78 2463.81 1633.11 913.419 190546 181794 1924.84 1658.95 1079.16 179869 178963
internal_count=196974 195335 192944 2391 2144 1686 794 192150 182749 1603 1236 884 181146 180117
is_linear=0
shrinkage=0.05


Tree=67
num_leaves=15
num_cat=0
split_feature=15 17 3 4 4 4 15 1 0 4 3 2 15 15
split_gain=4.54019 7.09063 27.9554 6.03459 22.37 65.7559 4.6373 5.12055 4.77183 4.54523 16.055 14.7671 12.0619 16.1371
threshold=0.00766294775530696 0.010050504934042694 0.0066445916891098031 0.0071685509756207475 0.0067340831737965354 0.0067797389347106227 0.0063092110212892303 1.0000000180025095e-35 0.0074350468348711738 0.0066445916891098031 0.0063492704648524531 0.016001024283468727 0.044465281069278724 0.040904609486460693
decision_type=2 2 2 2 2 2 2 2 2 2 2 2 2 2
left_child=3 2 -2 4 6 -6 7 -1 -8 12 11 -11 13 -3
right_child=1 9 -4 -5 5 -7 8 -9 -10 10 -12 -13 -14 -15
leaf_value=0.003211140668463501 -0.0015731722314712056 0.00034318159804263659 0.01591165487435919 -0.0031207577475379678 0.016413685199682542 -0.00096198730088310985 -0.00083288949047148587 -0.0013768527754568728 0.0023238649878160491 -0.0010731216675979208 0.00057561142970478875 0.01562276388454846 0.0041113184387907157 -0.0049338759252194843
leaf_weight=1582.5171364732087 679.17994156107306 82286.149470401928 333.40225878916681 1989.3627246022224 762.88506715558469 1839.1733521074057 37463.199958039448 976.51965512521565 1227.214673589915 31949.107417182997 32234.624571170658 123.02665974386036 2062.9464066009969 1464.6917345188558
leaf_count=1720 750 85159 29 1867 222 1701 35608 795 1117 33646 31326 73 1883 1078
internal_value=1.51638e-06 0.000133725 0.00428318 -0.000434298 -0.00031174 0.00417564 -0.000595752 0.00146183 -0.000732186 0.000105453 -0.000212346 -0.00100423 0.000343601 0.000250315
internal_weight=196974 151133 1012.58 45840.9 43851.5 2602.06 41249.5 2559.04 38690.4 150121 64306.8 32072.1 85813.8 83750.8
internal_count=196974 153944 779 43030 41163 1923 39240 2515 36725 153165 65045 33719 88120 86237
is_linear=0
shrinkage=0.05


Tree=68
num_leaves=15
num_cat=0
split_feature=15 2 1 1 2 0 17 15 15 15 0 0 0 17
split_gain=4.21169 7.37311 6.95635 9.22224 8.9301 9.83861 38.1383 9.41107 12.1797 8.96003 9.65852 8.78548 8.43044 8.93357
threshold=0.018564978614449505 0.01197647722437978 0.0065147271379828462 0.0066445916891098031 0.0085107926279306429 0.011299795936793091 0.026671408675611023 0.01922461669892073 0.019377133809030059 0.020728447474539283 0.01197647722437978 0.0063092110212892303 0.0070672258734703073 0.028174603357911113
decision_type=2 2 2 2 2 2 2 2 2 2 2 2 2 2
left_child=1 -1 4 11 5 7 -7 12 -9 10 -8 -4 13 -2
right_child=2 -3 3 -5 -6 6 9 8 -10 -11 -12 -13 -14 -15
leaf_value=-0.00012843211199562137 0.015644192525381198 -0.0037049118840132688 -0.0091346708405629605 5.3150514578866853e-05 0.0019611869451418222 -0.021093527353641672 -0.0041569395292141665 -0.0075113312521760582 0.00084796659352429223 -0.0020113260251227306 0.01059910466656187 0.000720912543551917 0.00039709189680236948 -0.0006365233967169856
leaf_weight=125912.63980070502 286.03690527193248 1447.756063843146 526.86155667342246 44615.245513591915 12070.746197717264 240.81556695699692 163.85052134096622 451.64560241997242 7764.2673116214573 2340.3827121444046 306.76938902959228 388.2990052383393 341.96399810351431 116.72088240459561
leaf_count=123034 268 1302 209 39842 18064 92 143 196 9992 2614 332 401 342 143
internal_value=1.5539e-06 -0.000169375 0.000314254 -4.92982e-05 0.0010013 3.59261e-05 -0.00241137 0.000871188 0.000379866 -0.000741793 0.00548206 -0.00499039 0.00621469 0.0110249
internal_weight=196974 127360 69613.6 45530.4 24083.2 12012.5 3051.82 8960.63 8215.91 2811 470.62 915.161 744.722 402.758
internal_count=196974 124336 72638 40452 32186 14122 3181 10941 10188 3089 475 610 753 411
is_linear=0
shrinkage=0.05


Tree=69
num_leaves=15
num_cat=0
split_feature=4 0 15 4 4 2 2 0 3 15 1 17 15 3
split_gain=4.07914 4.91032 5.48447 4.65187 10.3079 9.94601 11.0979 11.4256 5.70888 5.3005 5.11413 4.88583 6.36496 5.95891
threshold=0.016001024283468727 0.0070672258734703073 0.059242632240056999 0.015268065501004459 0.015038444194942715 0.015749008394777778 0.014185110572725536 0.0091326101683080214 0.015038444194942715 0.076583709567785277 0.014599318150430919 0.064583335071802153 0.065976146608591094 0.014815627597272398
decision_type=2 2 2 2 2 2 2 2 2 2 2 2 2 2
left_child=3 2 -2 4 11 6 7 -5 -6 -7 -8 12 13 -1
right_child=1 -3 -4 5 8 9 10 -9 -10 -11 -12 -13 -14 -15
leaf_value=-3.3856677127416342e-05 -5.9406649354394779e-05 0.0026103373153365727 -0.016025572676302786 0.0018093751551731469 0.0031361035366371439 -0.0029274558621027805 -0.0029694018048641571 -0.006695057745023306 0.012705228179926975 -0.015676495147606401 0.0059774204435692211 0.0011317406172817739 -0.0043357832811855733 -0.0036961853541013856
leaf_weight=179822.90774053335 191.65270157158375 2462.1509214770049 64.811258794739842 649.78004089556634 720.3870161511004 153.52088180184364 206.610142942518 983.33089566417038 193.03178590908647 178.44868476875126 624.08600722998381 8752.5546044465154 863.13514088466763 1107.5932039916515
leaf_count=181316 471 1136 32 1148 699 155 214 538 95 92 244 9401 445 988
internal_value=1.43012e-06 0.00192122 -0.00454423 -2.5535e-05 4.08405e-06 -0.00204668 -0.000933631 -0.00332091 0.00527403 -0.0100387 0.00374332 -2.14538e-05 -7.70342e-05 -5.64792e-05
internal_weight=196974 2718.61 256.464 194255 191460 2795.78 2463.81 1633.11 913.419 331.97 830.696 190546 181794 180931
internal_count=196974 1639 503 195335 192944 2391 2144 1686 794 247 458 192150 182749 182304
is_linear=0
shrinkage=0.05


Tree=70
num_leaves=15
num_cat=0
split_feature=15 17 3 4 4 4 4 3 2 15 3 15 15 3
split_gain=3.93238 6.45789 25.3031 5.45046 20.2147 59.4223 4.27863 14.3126 13.3291 10.6868 14.8743 10.6449 14.7504 12.4098
threshold=0.00766294775530696 0.010050504934042694 0.0066445916891098031 0.0071685509756207475 0.0067340831737965354 0.0067797389347106227 0.0066445916891098031 0.0063492704648524531 0.016001024283468727 0.019054085016250614 0.0077221228275448093 0.044465281069278724 0.040904609486460693 0.0068260179832577714
decision_type=2 2 2 2 2 2 2 2 2 2 2 2 2 2
left_child=3 2 -2 4 -1 -6 11 8 -8 10 -9 12 13 -3
right_child=1 6 -4 -5 5 -7 7 9 -10 -11 -12 -13 -14 -15
leaf_value=-0.00055781166421714717 -0.0014874108550855289 0.00079415278235767735 0.015147385957511778 -0.0029574268403940798 0.015611629614404097 -0.00090607745483558188 -0.0010241120437450419 -0.00089907605868000818 0.01483804083934453 0.0003010005770591741 0.0078796284314358242 0.0038679242460974254 -0.0047156686470112156 -0.00048177554148298208
leaf_weight=41249.451423227787 679.17994156107306 52324.391072928905 333.40225878916681 1989.3627246022224 762.88506715558469 1839.1733521074057 31949.107417182997 843.6546730697155 123.02665974386036 30279.531750775874 1111.4381473250687 2062.9464066009969 1464.6917345188558 29961.758397473022
leaf_count=39240 750 54957 29 1867 222 1701 33646 950 73 29100 1276 1883 1078 30202
internal_value=1.29501e-06 0.000124336 0.00408432 -0.000404299 -0.000287826 0.0039779 9.73554e-05 -0.000210982 -0.00095866 0.000532994 0.00410618 0.000328413 0.000240777 0.000329564
internal_weight=196974 151133 1012.58 45840.9 43851.5 2602.06 150121 64306.8 32072.1 32234.6 1955.09 85813.8 83750.8 82286.1
internal_count=196974 153944 779 43030 41163 1923 153165 65045 33719 31326 2226 88120 86237 85159
is_linear=0
shrinkage=0.05


Tree=71
num_leaves=15
num_cat=0
split_feature=15 3 3 3 4 3 1 3 15 1 1 1 2 0
split_gain=3.74411 7.00016 12.5919 7.2955 17.5382 15.2984 47.3025 12.3825 10.8598 10.3528 24.5293 11.1748 9.23326 7.86553
threshold=0.018564978614449505 0.012739370577037336 0.012903762981295587 0.0068260179832577714 0.0064309346489608296 0.0066445916891098031 0.0062696540262550124 0.0083683477714657801 0.014835740905255081 0.0085838492959737795 0.0088107436895370501 0.0087337908335030096 1.0000000180025095e-35 0.013245614245533945
decision_type=2 2 2 2 2 2 2 2 2 2 2 2 2 2
left_child=1 3 -3 5 -5 8 12 -6 9 13 11 -11 -7 -1
right_child=-2 2 -4 4 7 6 -8 -9 -10 10 -12 -13 -14 -15
leaf_value=-0.00016572208689360688 0.00029617711265437775 0.0086926831700057886 -0.0001151803035584669 -0.0014925693752729668 0.00013490942975814856 -0.0012028589570957685 0.016390384475777051 0.0085953019480346383 -0.0015995262907716708 0.0016621026210469321 0.00064814963919120235 0.01214121092183371 0.0095783002533550987 0.0045454779247415715
leaf_weight=81892.769308950752 69613.605162514374 611.85362576134503 1167.0766841955483 19229.991262232885 1025.7790190763772 1695.9652624782175 566.78198060207069 738.14596816711128 11151.928534815088 390.98059714585543 7050.9268099237233 737.80364404059947 214.75767932273448 885.63548783585429
leaf_count=78739 72638 75 1119 17229 1036 1546 162 842 11934 524 9887 279 189 775
internal_value=1.34558e-06 -0.000159816 0.00294589 -0.000204041 -0.00105441 -3.32619e-05 0.00384097 0.00370381 -0.00012763 5.29883e-05 0.00174881 0.008558 5.24599e-05 -0.000114775
internal_weight=196974 127360 1778.93 125581 20993.9 104588 2477.5 1763.92 102110 90958.1 8179.71 1128.78 1910.72 82778.4
internal_count=196974 124336 1194 123142 19107 104035 1897 1878 102138 90204 10690 803 1735 79514
is_linear=0
shrinkage=0.05


Tree=72
num_leaves=15
num_cat=0
split_feature=0 4 4 15 3 2 15 3 16 15 4 1 3 2
split_gain=3.58322 3.3083 26.683 43.8328 11.6737 12.8105 11.082 13.6883 10.5116 9.15281 12.7286 18.8246 13.2278 17.406
threshold=0.016261236742138866 0.0067797389347106227 0.0067340831737965354 0.012987286783754827 0.0063492704648524531 0.016001024283468727 0.019054085016250614 0.0077221228275448093 4.5000000000000009 0.019377133809030059 0.0079052620567381399 0.0078432578593492525 0.00766294775530696 0.0066007319837808618
decision_type=2 2 2 2 2 2 2 2 2 2 2 2 2 2
left_child=1 2 8 -4 5 -3 7 -6 -1 -8 11 -11 13 -12
right_child=-2 4 3 -5 6 -7 9 -9 -10 10 12 -13 -14 -15
leaf_value=2.4692416770166809e-05 0.0022238672734158885 -0.00098727767922483778 0.014849327768388069 -0.0037368243185577918 -0.00068055088204180237 0.014966887070970448 -0.0073681691920096104 0.0079037435767679229 0.0068604990690198254 -0.00070964289661705699 0.0078930555583266084 0.0051709007637723873 -0.00068248120116022159 -0.00050053144914766624
leaf_weight=128032.05508252047 1787.1022202596068 34943.360170790926 762.88506715558469 532.40472591854632 827.23449954017997 116.31161140277982 387.69907145760953 1044.4526248797774 554.86297910660505 2541.4601441025734 1087.104216394946 2914.4540732353926 20031.818430557847 1410.796109739691
leaf_count=127904 823 36451 222 546 924 65 91 1199 920 2902 1760 2647 18761 1759
internal_value=1.42575e-06 -1.90355e-05 0.000126927 0.00723974 -0.000309311 -0.000930097 0.000410367 0.00412627 5.47207e-05 0.000163875 0.000270814 0.00243535 -0.00025421 0.00316933
internal_weight=196974 195187 129882 1295.29 65304.7 35059.7 30245 1871.69 128587 28373.3 27985.6 5455.91 22529.7 2497.9
internal_count=196974 196151 129592 768 66559 36516 30043 2123 128824 27920 27829 5549 22280 3519
is_linear=0
shrinkage=0.05


Tree=73
num_leaves=15
num_cat=0
split_feature=17 2 3 15 4 15 0 1 1 0 15 3 3 1
split_gain=3.49506 7.18107 7.42153 7.88486 10.222 6.85042 11.1591 7.94171 9.25281 7.02371 6.96598 8.55726 11.3834 7.91224
threshold=0.01835016813129187 0.0089687905274331587 0.0093898782506585139 0.0094788861460983771 0.0065147271379828462 0.010050504934042694 0.0096620614640414732 0.009569597430527212 0.0098524559289217013 0.0099504948593676108 0.018107223324477676 0.012739370577037336 0.012903762981295587 0.0066007319837808618
decision_type=2 2 2 2 2 2 2 2 2 2 2 2 2 2
left_child=1 2 -1 -4 -5 6 7 -2 -9 -8 11 -7 -13 -12
right_child=5 -3 3 4 -6 10 9 8 -10 -11 13 12 -14 -15
leaf_value=-0.00017535004310381287 -0.00062691540758804895 -0.0027538752524419534 0.01131441452076647 -0.0035596400066144566 0.011112647466071653 -0.0007766490017341673 0.0096030558727179666 0.0076165312773404069 -0.001708968607511136 -0.00083941473060471564 0.0011641765471844809 0.0082638241135514403 -0.00011069467228589582 1.6943571649714044e-06
leaf_weight=96712.000114426017 2618.7508417610079 2680.2245106510818 275.32699713110924 373.45281150005758 162.03078277222812 25753.494377665222 668.2032813038677 744.62638701871037 405.93243538960814 209.16857387684286 22404.593329923227 611.85362576134503 1167.0766841955483 42187.266273686662
leaf_count=94470 2642 2628 147 388 193 27095 574 793 488 199 29530 75 1119 36633
internal_value=1.46931e-06 -0.000205499 -0.000135187 0.0045992 0.00100235 0.000215777 0.00208682 0.000896676 0.00434 0.00713213 0.000121187 -0.000544636 0.00279977 0.000405035
internal_weight=196974 100203 97522.8 810.811 535.484 96771 4646.68 3769.31 1150.56 877.372 92124.3 27532.4 1778.93 64591.9
internal_count=196974 97826 95198 728 581 99148 4696 3923 1281 773 94452 28289 1194 66163
is_linear=0
shrinkage=0.05


Tree=74
num_leaves=15
num_cat=0
split_feature=4 0 15 4 4 2 2 0 3 3 1 15 1 15
split_gain=3.44667 4.37508 5.02666 4.22686 9.44057 9.10765 10.0111 10.4815 5.13509 4.94156 4.64845 4.62629 6.53907 5.367
threshold=0.016001024283468727 0.0070672258734703073 0.059242632240056999 0.015268065501004459 0.015038444194942715 0.015749008394777778 0.014185110572725536 0.0091326101683080214 0.015038444194942715 0.015268065501004459 0.014599318150430919 0.038835126906633384 0.014185110572725536 0.022795150987803939
decision_type=2 2 2 2 2 2 2 2 2 2 2 2 2 2
left_child=3 2 -2 4 -1 6 7 -5 11 -7 -8 13 -13 -6
right_child=1 -3 -4 5 8 9 10 -9 -10 -11 -12 12 -14 -15
leaf_value=-1.949944687170343e-05 -4.3233815166621728e-05 0.0024167855014914155 -0.015327782378792277 0.0017612129812939669 -0.0012568046270248474 -0.0020339977771977684 -0.002842251077137824 -0.0063840100937671554 0.012096917836325027 -0.014487795148085953 0.0056872146172273798 -0.0060011850033827273 0.0056492938108498461 0.013442027304385982
leaf_weight=190546.19068985619 191.65270157158375 2462.1509214770049 64.811258794739842 649.78004089556634 94.02458711899817 135.91318465583026 206.610142942518 983.33089566417038 193.03178590908647 196.05638191476464 624.08600722998381 224.26141222193837 237.88105185888708 164.21996495127678
leaf_count=192150 471 1136 32 1148 113 131 214 538 95 116 244 228 133 225
internal_value=1.49361e-06 0.00176619 -0.00433608 -2.3293e-05 4.9405e-06 -0.0019499 -0.00088483 -0.0031522 0.0050483 -0.00959761 0.0035572 0.00301982 -1.16346e-05 0.00824297
internal_weight=196974 2718.61 256.464 194255 191460 2795.78 2463.81 1633.11 913.419 331.97 830.696 720.387 462.142 258.245
internal_count=196974 1639 503 195335 192944 2391 2144 1686 794 247 458 699 361 338
is_linear=0
shrinkage=0.05


Tree=75
num_leaves=15
num_cat=0
split_feature=15 17 3 4 4 4 15 1 0 4 3 2 4 4
split_gain=3.24396 5.12164 20.6906 4.72146 16.6921 48.4825 4.14663 4.62475 4.27933 3.78966 10.7598 10.953 9.63239 9.14911
threshold=0.00766294775530696 0.010050504934042694 0.0066445916891098031 0.0071685509756207475 0.0067340831737965354 0.0067797389347106227 0.0063092110212892303 1.0000000180025095e-35 0.0074350468348711738 0.0066445916891098031 0.0063492704648524531 0.016001024283468727 0.0070672258734703073 0.0087337908335030096
decision_type=2 2 2 2 2 2 2 2 2 2 2 2 2 2
left_child=3 2 -2 4 6 -6 7 -1 -8 -3 11 12 -11 -12
right_child=1 9 -4 -5 5 -7 8 -9 -10 10 13 -13 -14 -15
leaf_value=0.0031040592172614408 -0.0013979377703584363 0.00030658044648284097 0.013643907657711205 -0.0027432390165568533 0.014126083299442075 -0.00079399071826663872 -0.00072832091761256717 -0.0012564441085677596 0.0022609836532181465 -0.0041050875416342135 0.0016414921178065569 0.013470225744099135 -0.00067266675422224308 -0.0001482970206913284
leaf_weight=1582.5171364732087 679.17994156107306 85813.78761152178 333.40225878916681 1989.3627246022224 762.88506715558469 1839.1733521074057 37463.199958039448 976.51965512521565 1227.214673589915 2185.4322757031769 10661.725489808246 123.02665974386036 29763.67514147982 21572.899081362411
leaf_count=1720 750 88120 29 1867 222 1701 35608 795 1117 2136 11534 73 31510 19792
internal_value=1.40028e-06 0.000113154 0.00363973 -0.000366984 -0.000258583 0.00361769 -0.000503919 0.00144169 -0.000632944 8.91255e-05 -0.000201058 -0.00084933 -0.000908668 0.000444008
internal_weight=196974 151133 1012.58 45840.9 43851.5 2602.06 41249.5 2559.04 38690.4 150121 64306.8 32072.1 31949.1 32234.6
internal_count=196974 153944 779 43030 41163 1923 39240 2515 36725 153165 65045 33719 33646 31326
is_linear=0
shrinkage=0.05


Tree=76
num_leaves=15
num_cat=0
split_feature=1 0 2 15 15 15 15 4 4 2 2 3 0 3
split_gain=3.15915 9.69475 14.7576 12.1223 9.08342 12.0418 8.65061 8.56386 14.5443 9.20211 19.4708 17.1416 13.1423 10.2506
threshold=0.013606071937829258 0.0096620614640414732 0.015038444194942715 0.025480107404291633 0.029284377582371238 0.032717466354370124 0.023128522560000423 0.012739370577037336 0.0088890646584332007 0.014389234129339458 0.013606071937829258 0.012422839645296337 0.014599318150430919 1.0000000180025095e-35
decision_type=2 2 2 2 2 2 2 2 2 2 2 2 2 2
left_child=-1 2 3 6 -5 -6 -2 8 9 10 12 -11 13 -3
right_child=1 7 -4 4 5 -7 -8 -9 -10 11 -12 -13 -14 -15
leaf_value=-5.2074821399225028e-05 0.00073120039095002061 -0.0092789887578416698 -0.011219897753422943 0.0092041164406925016 -0.0065409578722245539 0.0042607365785797702 -0.010415687461001695 0.00090746264170948855 -0.0067054233927839827 -0.015688285585066849 0.014832729747648724 0.0023810747454571434 0.0088725789789558928 0.0025220316904546007
leaf_weight=183858.12424205989 814.27300851233304 393.68794015608728 176.92613540962338 793.46117462962866 279.58440409786999 2429.0268332511187 210.98799778148532 5457.5149072688073 1180.4115130417049 212.10515356995165 254.43673903308809 315.47152255475521 266.13642927818 331.85302641801536
leaf_count=186591 1269 232 301 483 497 2894 258 2323 827 186 125 268 198 522
internal_value=1.42347e-06 0.00075083 0.00256598 0.00312827 0.00452526 0.00312582 -0.00164116 -0.00026615 -0.00243007 0.000436865 0.00277738 -0.00504017 -0.000432883 -0.00392045
internal_weight=196974 13115.9 4704.26 4527.33 3502.07 2708.61 1025.26 8411.62 2954.1 1773.69 1246.11 527.577 991.677 725.541
internal_count=196974 10383 5702 5401 3874 3391 1527 4681 2358 1531 1077 454 952 754
is_linear=0
shrinkage=0.05


Tree=77
num_leaves=15
num_cat=0
split_feature=3 0 15 0 0 2 0 4 16 1 1 2 2 4
split_gain=3.04237 6.79275 10.7321 6.45183 5.22025 22.1798 6.37714 8.60249 7.59108 5.53836 4.24469 10.8042 9.0348 9.79987
threshold=0.016001024283468727 0.016001024283468727 0.062296507880091674 0.0088107436895370501 0.016001024283468727 0.014389234129339458 0.015749008394777778 0.0070176301524043092 2.5000000000000004 0.013072453904896976 0.013606071937829258 0.016001024283468727 0.016261236742138866 0.0062696540262550124
decision_type=2 2 2 2 2 2 2 2 2 2 2 2 2 2
left_child=4 2 3 -2 6 -6 10 8 -8 -7 12 -12 -1 -14
right_child=1 -3 -4 -5 5 9 7 -9 -10 -11 11 -13 13 -15
leaf_value=-8.9503198114766495e-05 -0.00027239764131674332 0.0034320335145130161 -0.0068007273883497312 0.011055199293937324 0.0045813197514670643 -0.003769915279579151 3.1643054178181603e-05 -0.0012574998323050157 0.012816561366020197 -0.011878439165643611 0.0012075705078650654 -0.010211091325049125 -0.0047081481500601038 0.016007859338665848
leaf_weight=181231.55601666681 434.60273702815175 1854.8342927973717 505.97326240316033 166.59401188790798 570.38189385831356 417.16954995319247 176.65617609582841 407.23019188083708 329.00334422290325 444.97857377491891 9989.6624406147748 201.61605030484498 79.253485906869173 164.48899966664612
leaf_count=183852 509 406 348 363 872 194 174 401 163 170 8904 328 104 186
internal_value=1.31118e-06 0.00158895 -0.00150185 0.00299605 -2.30081e-05 -0.00301963 -5.61603e-07 0.00414578 0.00843728 -0.00804316 -2.05255e-05 0.000971885 -7.63077e-05 0.00935191
internal_weight=196974 2962 1107.17 601.197 194012 1432.53 192579 912.89 505.66 862.148 191667 10191.3 181475 243.742
internal_count=196974 1626 1220 872 195348 1236 194112 738 337 364 193374 9232 184142 290
is_linear=0
shrinkage=0.05


Tree=78
num_leaves=15
num_cat=0
split_feature=4 4 4 2 2 0 3 3 15 1 15 15 17 16
split_gain=2.92187 3.92341 8.48978 7.94017 9.00369 9.58805 4.62487 4.60781 4.26586 5.81383 4.85945 4.12161 7.79977 11.861
threshold=0.016001024283468727 0.015268065501004459 0.015038444194942715 0.015749008394777778 0.014185110572725536 0.0091326101683080214 0.015038444194942715 0.015268065501004459 0.038835126906633384 0.014185110572725536 0.022795150987803939 0.065976146608591094 0.074175827205181136 3.5000000000000004
decision_type=2 2 2 2 2 2 2 2 2 2 2 2 2 2
left_child=1 2 11 4 5 -3 8 -5 10 -10 -4 12 -1 -14
right_child=-2 3 6 7 -6 -7 -8 -9 9 -11 -12 -13 13 -15
leaf_value=-4.0189002255435291e-05 0.0016260748019241208 0.0016664371818705431 -0.0011636857269611634 -0.001734609352625229 0.0033298680947082613 -0.0061240799555207469 0.011477546760142275 -0.013738918050689606 -0.0056938210701820251 0.0052916135347247754 0.012825798256150489 -0.00206192941214214 -0.00034208529055344957 0.0049331822671739127
leaf_weight=183853.47526599467 2718.6148818433285 649.78004089556634 94.02458711899817 135.91318465583026 830.6961501725018 983.33089566417038 193.03178590908647 196.05638191476464 224.26141222193837 237.88105185888708 164.21996495127678 2423.8369987457991 2281.7875345237553 1987.0908905919641
leaf_count=185802 1639 1148 113 131 458 538 95 116 228 133 225 1450 2593 2305
internal_value=1.27137e-06 -2.15504e-05 5.65077e-06 -0.00187771 -0.000882991 -0.00303312 0.00478831 -0.00901862 0.00286329 -4.69177e-05 0.00787885 -1.75259e-05 8.92317e-06 0.00211925
internal_weight=196974 194255 191460 2795.78 2463.81 1633.11 913.419 331.97 720.387 462.142 258.245 190546 188122 4268.88
internal_count=196974 195335 192944 2391 2144 1686 794 247 699 361 338 192150 190700 4898
is_linear=0
shrinkage=0.05


Tree=79
num_leaves=15
num_cat=0
split_feature=15 17 3 4 4 4 15 1 0 4 3 3 3 4
split_gain=2.77357 4.67185 18.7273 4.26446 15.0837 43.8126 3.74353 4.17706 3.86446 3.46302 9.60366 9.24131 17.2256 16.0012
threshold=0.00766294775530696 0.010050504934042694 0.0066445916891098031 0.0071685509756207475 0.0067340831737965354 0.0067797389347106227 0.0063092110212892303 1.0000000180025095e-35 0.0074350468348711738 0.0066445916891098031 0.0063492704648524531 0.007272823480889202 0.011428944766521456 1.0000000180025095e-35
decision_type=2 2 2 2 2 2 2 2 2 2 2 2 2 2
left_child=3 2 -2 4 6 -6 7 -1 -8 11 -11 -3 13 -13
right_child=1 9 -4 -5 5 -7 8 -9 -10 10 -12 12 -14 -15
leaf_value=0.0029588618894599312 -0.0013200987273281322 0.00068140366300194742 0.012990402268886729 -0.002597720936779829 0.013437890304762366 -0.00074546687264905531 -0.00068282886713191783 -0.0011852621606737303 0.0021578627460213805 -0.00080822831987484463 0.00041364867161470837 -0.0014830355372417543 0.0013700077348320064 0.0048786253771650181
leaf_weight=1582.5171364732087 679.17994156107306 54636.236839938909 333.40225878916681 1989.3627246022224 762.88506715558469 1839.1733521074057 37463.199958039448 976.51965512521565 1227.214673589915 32072.134076926857 32234.624571170658 20595.931116612628 9552.9942603744566 1028.6253945957869
leaf_count=1720 750 57549 29 1867 222 1701 35608 795 1117 33719 31326 19241 9658 1672
internal_value=1.23378e-06 0.000104568 0.00347273 -0.000339397 -0.000236377 0.00344841 -0.000469596 0.00137902 -0.000592191 8.16191e-05 -0.000195777 0.000289492 -0.000397302 -0.00117831
internal_weight=196974 151133 1012.58 45840.9 43851.5 2602.06 41249.5 2559.04 38690.4 150121 64306.8 85813.8 31177.6 21624.6
internal_count=196974 153944 779 43030 41163 1923 39240 2515 36725 153165 65045 88120 30571 20913
is_linear=0
shrinkage=0.05


Tree=80
num_leaves=15
num_cat=0
split_feature=4 0 2 4 4 2 2 0 15 3 1 3 15 1
split_gain=2.58519 3.72012 4.44269 3.59113 7.71143 7.22682 8.09632 8.71853 4.30896 4.16503 4.09044 4.0491 3.90032 5.26472
threshold=0.016001024283468727 0.0070672258734703073 0.010256679728627207 0.015268065501004459 0.015038444194942715 0.015749008394777778 0.014185110572725536 0.0091326101683080214 0.076583709567785277 0.015038444194942715 0.014599318150430919 0.0064309346489608296 0.038835126906633384 0.014185110572725536
decision_type=2 2 2 2 2 2 2 2 2 2 2 2 2 2
left_child=3 2 -2 4 -1 6 7 11 -7 12 -8 -5 -6 -14
right_child=1 -3 -4 5 9 8 10 -9 -10 -11 -12 -13 13 -15
leaf_value=-1.6283088244148781e-05 0.0012461886412365485 0.0021297614482951072 -0.011795089002200323 -0.0021045228565978072 0.0075326324805577152 -0.0022297893967613614 -0.0028493938040668513 -0.0058333997711720606 -0.013686904294543115 0.010912271573666634 0.0051470736056240616 0.005693052226258555 -0.0054195206917915292 0.0050342618303841615
leaf_weight=190546.19068985619 156.35244185477495 2462.1509214770049 100.11151851154864 344.016790503636 258.24455207027495 153.52088180184364 206.610142942518 983.33089566417038 178.44868476875126 193.03178590908647 624.08600722998381 305.76325039193034 224.26141222193837 237.88105185888708
leaf_count=192150 382 1136 121 624 338 155 214 538 92 95 244 524 228 133
internal_value=1.24846e-06 0.00152958 -0.00409612 -2.02182e-05 5.8056e-06 -0.00179604 -0.000847033 -0.00288591 -0.00860865 0.00456395 0.00314796 0.00159541 0.00273677 -4.5932e-05
internal_weight=196974 2718.61 256.464 194255 191460 2795.78 2463.81 1633.11 331.97 913.419 830.696 649.78 720.387 462.142
internal_count=196974 1639 503 195335 192944 2391 2144 1686 247 794 458 1148 699 361
is_linear=0
shrinkage=0.05


Tree=81
num_leaves=15
num_cat=0
split_feature=0 1 1 0 2 15 2 1 2 2 1 2 16 1
split_gain=2.53114 16.9181 34.1835 11.4125 10.4402 10.3779 11.5357 9.669 11.8946 10.2407 9.03594 23.3263 10.9167 12.8405
threshold=1.0000000180025095e-35 0.0087337908335030096 0.0088107436895370501 0.0063898416701704272 0.015038444194942715 0.051507720723748214 0.015504807699471714 0.014185110572725536 0.010695492848753931 0.0098524559289217013 0.0063492704648524531 0.0072203108575195083 1.5000000000000002 0.0063092110212892303
decision_type=2 2 2 2 2 2 2 2 2 2 2 2 2 2
left_child=1 4 -3 -2 10 6 7 9 -9 -4 12 -12 -1 -14
right_child=3 2 5 -5 -6 -7 -8 8 -10 -11 11 -13 13 -15
leaf_value=-0.00041466878087992868 0.0043174930690627724 0.010254982633756919 0.00079675181890665251 0.00013367959429669483 -0.0068728084237405012 -0.0076323087332838564 0.013828677742259552 0.0015731646926868525 0.0096807169748157271 -0.0028616451315983033 -0.00058282237889259307 -0.0050992335133824181 0.00083340320118868542 0.00934581126575036
leaf_weight=60154.144423555583 1655.7423139754683 971.22174497693777 15127.957018053159 75914.446114543825 612.66762480698526 357.25179348327219 159.8036893773824 1661.0848478805274 614.42712001129985 2179.6671758610755 19243.042589416727 3348.5139945335686 14526.91663733311 447.11393925361335
leaf_count=54006 2271 536 20300 74133 662 263 78 2191 340 1536 20833 2540 17144 141
internal_value=1.17018e-06 -0.000143291 0.00114207 0.000223528 -0.000418816 0.000696867 0.000851372 0.00073847 0.00379512 0.000334639 -0.000377653 -0.0012542 -0.000113936 0.00109365
internal_weight=196974 119404 21071.4 77570.2 98332.4 20100.2 19742.9 19583.1 2275.51 17307.6 97719.7 22591.6 75128.2 14974
internal_count=196974 120570 25244 76404 95326 24708 24445 24367 2531 21836 94664 23373 71291 17285
is_linear=0
shrinkage=0.05


Tree=82
num_leaves=15
num_cat=0
split_feature=0 1 1 2 1 1 0 15 2 3 15 0 2 15
split_gain=2.43349 12.3209 11.7917 19.1069 22.2609 21.4085 15.1849 15.3588 11.5601 11.3027 9.80904 14.3316 9.23368 8.82164
threshold=0.0092167854309082049 0.012121656909585001 0.009756329935044052 0.0087337908335030096 0.0091326101683080214 0.0079682543873786944 0.010050504934042694 0.033920345827937133 0.013793759513646366 0.015749008394777778 0.0099504948593676108 0.0098524559289217013 0.012579114176332952 0.046927440911531455
decision_type=2 2 2 2 2 2 2 2 2 2 2 2 2 2
left_child=1 -1 3 6 5 -5 7 10 9 -4 11 -2 -6 -10
right_child=2 -3 8 4 12 -7 -8 -9 13 -11 -12 -13 -14 -15
leaf_value=-0.00019395571485723615 0.0022585644701635268 0.0018077442014136844 -0.0016197230510026448 0.0033493781974668585 0.0053930233458343892 -0.0036939519580965726 -0.00081399463169932399 0.0098971511969788064 -0.0068439527241758447 -0.012762361182241836 -0.00098916713685133495 0.01506330137612334 0.015835426558237397 0.001194799050425909
leaf_weight=147405.7477265466 1582.6593662891537 8100.4733020011336 8735.4029797650874 6023.8993053175509 452.18548676744103 1305.0862242132425 12754.871946083382 606.9005275759846 349.57516928389668 223.9762342646718 2037.1812997609377 244.6064357496798 416.20675828494132 6735.2282651588321
leaf_count=148869 1362 10684 6063 9754 267 956 12620 355 96 192 2231 186 184 3155
internal_value=1.18097e-06 -8.95756e-05 0.000341462 0.00101111 0.00299653 0.00209183 6.5116e-05 0.00256907 -0.000719622 -0.0019122 0.00139564 0.00404533 0.0105212 0.000789067
internal_weight=196974 155506 41467.8 25423.6 8197.38 7328.99 17226.2 4471.35 16044.2 8959.38 3864.45 1827.27 868.392 7084.8
internal_count=196974 159553 37421 27915 11161 10710 16754 4134 9506 6255 3779 1548 451 3251
is_linear=0
shrinkage=0.05


Tree=83
num_leaves=15
num_cat=0
split_feature=4 4 15 16 17 3 17 3 15 3 4 1 2 2
split_gain=2.39091 19.0409 33.6817 9.18279 8.41561 11.0861 10.8624 30.1653 9.05317 9.11723 9.06801 8.47697 7.70309 7.05478
threshold=0.0067797389347106227 0.0067340831737965354 0.012987286783754827 4.5000000000000009 0.019419306889176372 0.0084389690309762972 0.021054964512586597 0.0085107926279306429 0.016850576736032966 0.007272823480889202 0.0077221228275448093 0.0088107436895370501 0.011173533275723459 0.012739370577037336
decision_type=2 2 2 2 2 2 2 2 2 2 2 2 2 2
left_child=1 3 -3 -1 5 8 7 -6 9 -2 -11 -7 -5 -14
right_child=4 2 -4 12 6 11 -8 -9 -10 10 -12 -13 13 -15
leaf_value=3.5434807891243372e-05 -0.00099634654970914209 0.012805529212065542 -0.0034839592081910963 -0.00046061806470889117 -0.00025046605738396436 0.0045492905167317998 -8.9138430317302217e-05 0.009873727489432535 -0.0032649297824507008 -0.0015830427954110526 0.012650190534352635 -0.0073454065966361967 0.022142181839100519 0.0062166328465423247
leaf_weight=128418.02939702384 13510.382267737761 762.88506715558469 532.45677625387907 261.23019761033356 2430.1290071979165 1256.3209142144769 42918.152330644429 1044.9259288180619 4882.211850034073 200.35831447690725 237.88059602677822 160.78221753798425 90.877494184300303 267.37866814620793
leaf_count=128292 13909 222 548 482 2430 1684 42662 702 4973 245 255 115 119 336
internal_value=1.19274e-06 0.000125755 0.00613426 6.49675e-05 -0.0002424 -0.00109264 0.000128834 0.00281341 -0.001414 -0.000764277 0.00625276 0.00315772 0.00608921 0.010748
internal_weight=196974 130333 1295.34 129038 66641.1 20247.9 46393.2 3475.05 18830.8 13948.6 438.239 1417.1 619.486 358.256
internal_count=196974 129999 770 129229 66975 21181 45794 3132 19382 14409 500 1799 937 455
is_linear=0
shrinkage=0.05


Tree=84
num_leaves=15
num_cat=0
split_feature=15 17 4 4 17 17 4 4 4 4 17 1 3 1
split_gain=2.28251 4.21449 15.2653 5.99295 5.12088 3.96343 3.61787 12.6202 35.6891 3.56271 2.98095 12.1559 27.2566 4.54162
threshold=0.00766294775530696 0.011428944766521456 0.0064725596457719812 0.0071685509756207475 0.0093898782506585139 0.011561079882085325 0.0071685509756207475 0.0067340831737965354 0.0067797389347106227 0.0063092110212892303 0.012121656909585001 0.0067340831737965354 0.0066890381276607522 0.0074907417874783286
decision_type=2 2 2 2 2 2 2 2 2 2 2 2 2 2
left_child=6 2 4 -4 -2 -3 7 9 -9 -1 11 -7 13 -13
right_child=1 5 3 -5 -6 10 -8 8 -10 -11 -12 12 -14 -15
leaf_value=-0.00031485587511082382 -0.0057015340081657236 -0.0048551999911226034 -0.003979664581031289 0.0075990045921500542 0.0048976621365656369 -0.0010792406929930139 -0.0023878268698156175 0.012173536887034824 -0.00062777077707160274 -0.0023668402579040803 4.5206427248216705e-05 0.0041957927492099574 0.024105524873467843 -0.0068599575018399974
leaf_weight=39022.466449359432 112.47506344132125 399.77653848566115 1041.7848080638796 115.74886253662407 2053.3912046644837 1033.4472199957818 1989.3627246022224 762.88506715558469 1839.1733521074057 2226.9849738683552 145788.35104341805 293.73739611543715 170.4860634021461 123.93025984615088
leaf_count=37329 108 335 934 121 2613 1160 1867 222 1701 1911 148140 355 105 73
internal_value=1.26203e-06 9.50029e-05 0.00185316 -0.00276667 0.00432356 5.53493e-05 -0.000307746 -0.000212859 0.00315762 -0.000426186 6.89952e-05 0.00219431 0.00786817 0.000831635
internal_weight=196974 151133 3323.4 1157.53 2165.87 147810 45840.9 43851.5 2602.06 41249.5 147410 1621.6 588.154 417.668
internal_count=196974 153944 3776 1055 2721 150168 43030 41163 1923 39240 149833 1693 533 428
is_linear=0
shrinkage=0.05


Tree=85
num_leaves=15
num_cat=0
split_feature=4 0 15 4 4 2 2 0 15 0 4 3 4 17
split_gain=2.24238 3.28768 3.97041 3.25357 6.8812 6.70936 7.08993 7.70345 3.98571 7.37428 7.68381 11.4982 11.6232 7.04212
threshold=0.016001024283468727 0.0070672258734703073 0.054355580359697349 0.015268065501004459 0.015038444194942715 0.015749008394777778 0.014185110572725536 0.0091326101683080214 0.065976146608591094 0.013423423748463394 0.014815627597272398 0.014815627597272398 0.0094788861460983771 0.080128207802772536
decision_type=2 2 2 2 2 2 2 2 2 2 2 2 2 2
left_child=3 2 -2 4 8 6 7 -5 -1 -10 11 -11 -13 -14
right_child=1 -3 -4 5 -6 -7 -8 -9 9 10 -12 12 13 -15
leaf_value=1.1183143609662923e-05 0.0004518168691672614 0.001988915459852871 -0.012446559978454954 0.001509576766976106 0.0043118296684593665 -0.0082731430073995898 0.0029437508787878257 -0.0054732957626448557 -0.0079513500012236837 -0.0058052532544241985 0.0086798675566104114 -0.0063348366862661489 0.010101070320247936 -0.00029950159570715399
leaf_weight=188122.35369111039 176.95854637026787 2462.1509214770049 79.505413996055722 649.78004089556634 913.41880206018686 331.96956657059491 830.6961501725018 983.33089566417038 421.92223306931555 883.45257494412363 185.62540107406676 276.53597503341734 375.71758001111448 280.58323461376131
leaf_count=190700 450 1136 53 1148 794 247 458 538 320 553 105 123 199 150
internal_value=1.262e-06 0.00142466 -0.0038638 -1.87308e-05 6.03974e-06 -0.00170903 -0.000794729 -0.00270268 -1.48261e-05 -0.00202524 -0.000742946 -0.00174822 0.00211486 0.00571683
internal_weight=196974 2718.61 256.464 194255 191460 2795.78 2463.81 1633.11 190546 2423.84 2001.91 1816.29 932.837 656.301
internal_count=196974 1639 503 195335 192944 2391 2144 1686 192150 1450 1130 1025 472 349
is_linear=0
shrinkage=0.05


Tree=86
num_leaves=15
num_cat=0
split_feature=3 0 15 15 0 2 0 4 16 1 1 4 2 15
split_gain=2.21021 5.42025 9.12188 6.13907 4.83161 19.8472 5.62806 7.35809 6.58463 5.31361 4.40657 4.32837 4.31223 6.89761
threshold=0.016001024283468727 0.016001024283468727 0.062296507880091674 0.025699087418615821 0.016001024283468727 0.014389234129339458 0.015749008394777778 0.0070176301524043092 2.5000000000000004 0.013072453904896976 0.015749008394777778 0.012422839645296337 0.0098524559289217013 0.043302627280354507
decision_type=2 2 2 2 2 2 2 2 2 2 2 2 2 2
left_child=4 2 3 -2 6 -6 -1 8 -8 -7 -4 -9 -5 -14
right_child=1 -3 10 12 5 9 7 11 -10 -11 -12 -13 13 -15
leaf_value=-1.6731640934349441e-05 -0.0063685931555530042 0.0030008516053973192 -0.011714216475980475 0.011127056985102622 0.0042881713640655073 -0.0034763011410252984 3.7036314439416795e-05 -0.0086129925762576005 0.011944724235395174 -0.011408765778877169 -0.0022595627067288305 0.0022884506715674566 -0.0080907279475702955 0.0074323681205375712
leaf_weight=191666.57699315995 134.11991991102695 1854.8342927973717 207.63506375066936 186.25166188366711 570.38189385831356 417.16954995319247 176.65617609582841 121.83465600945055 329.00334422290325 444.97857377491891 298.33819865249097 285.39553587138653 107.6647169906646 173.16045013070107
leaf_count=193374 95 406 204 258 872 194 174 175 163 170 144 226 114 405
internal_value=1.15676e-06 0.00135435 -0.00140619 0.00274083 -1.95714e-05 -0.0029025 2.02326e-06 0.00389724 0.00786607 -0.00765434 -0.00629128 -0.00110129 0.00543524 0.00140745
internal_weight=196974 2962 1107.17 601.197 194012 1432.53 192579 912.89 505.66 862.148 505.973 407.23 467.077 280.825
internal_count=196974 1626 1220 872 195348 1236 194112 738 337 364 348 401 777 519
is_linear=0
shrinkage=0.05


Tree=87
num_leaves=15
num_cat=0
split_feature=0 17 1 2 3 2 15 3 15 15 0 2 1 2
split_gain=2.13359 16.3048 12.739 10.8359 10.8105 21.0778 10.5097 10.4346 9.53206 8.90621 8.65274 7.33043 21.7995 15.1993
threshold=0.009569597430527212 0.020204081200063232 0.014185110572725536 0.015038444194942715 1.0000000180025095e-35 0.012579114176332952 0.051507720723748214 0.014389234129339458 0.036243349313735969 0.0099504948593676108 0.0098524559289217013 0.0077822189778089532 0.010152545757591726 0.013793759513646366
decision_type=2 2 2 2 2 2 2 2 2 2 2 2 2 2
left_child=2 8 6 4 5 -4 -1 -6 9 10 -2 -3 -13 -14
right_child=1 11 3 -5 7 -7 -8 -9 -10 -11 -12 12 13 -15
leaf_value=-0.00011858475811605241 0.0033273944635606187 -0.00073226675183305282 -0.0029852167841551373 -0.0095054113291484256 0.0075291051994136994 0.011224549542138239 -0.0058987906850396319 -0.0024917141703820079 0.011086925009743839 -0.00027456905849715493 0.014336110821705243 0.0025794147885827017 -0.0029442517229099161 0.00075244542359817295
leaf_weight=154075.76873939857 628.00626183487475 15880.225294703618 1138.4513836298138 159.0282977335155 1619.2874212823808 327.71520956791937 780.43968358822167 304.02296460792422 422.35067721270025 1047.4868332184851 244.6064357496798 8771.2992045395076 4618.5812174212188 6956.7314025741071
leaf_count=157778 577 14049 1423 254 2072 86 746 288 77 1166 186 11763 3398 3111
internal_value=1.06891e-06 0.00033451 -8.01352e-05 0.00287769 0.00348493 0.00024545 -0.000148095 0.00594039 0.00436823 0.00284058 0.00654077 7.25534e-05 0.000700755 -0.000723815
internal_weight=196974 38569.3 158405 3548.51 3389.48 1466.17 154856 1923.31 2342.45 1920.1 872.613 36226.8 20346.6 11575.3
internal_count=196974 34327 162647 4123 3869 1509 158524 2360 2006 1929 763 32321 18272 6509
is_linear=0
shrinkage=0.05


Tree=88
num_leaves=15
num_cat=0
split_feature=4 4 15 16 17 3 17 3 15 3 4 1 2 3
split_gain=2.08195 15.2 28.094 8.2831 7.3087 9.87828 9.39157 26.1291 8.41508 8.21676 8.19378 7.7033 7.06543 7.01413
threshold=0.0067797389347106227 0.0067340831737965354 0.012987286783754827 4.5000000000000009 0.019419306889176372 0.0084389690309762972 0.021054964512586597 0.0085107926279306429 0.016850576736032966 0.007272823480889202 0.0077221228275448093 0.0088107436895370501 0.011173533275723459 0.0068260179832577714
decision_type=2 2 2 2 2 2 2 2 2 2 2 2 2 2
left_child=1 3 -3 13 5 8 7 -6 9 -2 -11 -7 -5 -1
right_child=4 2 -4 12 6 11 -8 -9 -10 10 -12 -13 -14 -15
leaf_value=0.00027221999014591494 -0.00091589695486002137 0.011578861668459811 -0.0032968449874518561 -0.00048668408833470753 -0.00023558629700507535 0.0043201657682563508 -8.2947490210188188e-05 0.0091869668225817384 -0.0031064198044409887 -0.0014835971185376154 0.012046985533333002 -0.0070184528801903699 0.010246356416214677 -0.00054046513059182973
leaf_weight=90930.061845958233 13510.382267737761 762.88506715558469 532.45677625387907 261.23019761033356 2430.1290071979165 1256.3209142144769 42918.152330644429 1044.9259288180619 4882.211850034073 200.35831447690725 237.88059602677822 160.78221753798425 358.25616233050823 37487.967551065609
leaf_count=91472 13909 222 548 482 2430 1684 42662 702 4973 245 255 115 455 36820
internal_value=1.08118e-06 0.000117317 0.00548572 6.3005e-05 -0.000226229 -0.00101858 0.000119732 0.00261594 -0.00132194 -0.000695567 0.00596585 0.00299354 0.00578453 3.49562e-05
internal_weight=196974 130333 1295.34 129038 66641.1 20247.9 46393.2 3475.05 18830.8 13948.6 438.239 1417.1 619.486 128418
internal_count=196974 129999 770 129229 66975 21181 45794 3132 19382 14409 500 1799 937 128292
is_linear=0
shrinkage=0.05


Tree=89
num_leaves=15
num_cat=0
split_feature=15 17 4 4 17 17 4 4 4 15 1 0 15 1
split_gain=2.16667 3.86193 13.5868 5.46223 4.65003 3.54828 3.07385 10.5645 29.0638 3.27192 3.68814 3.41055 3.05938 33.4207
threshold=0.00766294775530696 0.011428944766521456 0.0064725596457719812 0.0071685509756207475 0.0093898782506585139 0.011561079882085325 0.0071685509756207475 0.0067340831737965354 0.0067797389347106227 0.0063092110212892303 1.0000000180025095e-35 0.0074350468348711738 0.0088107436895370501 0.0087337908335030096
decision_type=2 2 2 2 2 2 2 2 2 2 2 2 2 2
left_child=6 2 4 -4 -2 -3 7 9 -9 10 -1 -11 13 -7
right_child=1 5 3 -5 -6 12 -8 8 -10 11 -12 -13 -14 -15
leaf_value=0.0028050102247637095 -0.0054465335026288838 -0.0045917831602235526 -0.0037415496072710115 0.0073113349604475054 0.0046531387920217783 0.0002440021517044613 -0.0022172909767561415 0.011007409411358578 -0.00054483178720581211 -0.00060744404061546797 -0.0010891712415618422 0.0020611525272575767 -2.6461772019180365e-05 0.011004085565933094
leaf_weight=1582.5171364732087 112.47506344132125 399.77653848566115 1041.7848080638796 115.74886253662407 2053.3912046644837 20647.78184934333 1989.3627246022224 762.88506715558469 1839.1733521074057 37463.199958039448 976.51965512521565 1227.214673589915 126024.36648939364 737.80364404059947
leaf_count=1720 108 335 934 121 2613 19567 1867 222 1701 35608 795 1117 129987 279
internal_value=1.1045e-06 9.24356e-05 0.00177544 -0.00258315 0.00410603 5.44768e-05 -0.00029996 -0.000212493 0.00287129 -0.00040767 0.00132055 -0.000522289 6.73881e-05 0.000620195
internal_weight=196974 151133 3323.4 1157.53 2165.87 147810 45840.9 43851.5 2602.06 41249.5 2559.04 38690.4 147410 21385.6
internal_count=196974 153944 3776 1055 2721 150168 43030 41163 1923 39240 2515 36725 149833 19846
is_linear=0
shrinkage=0.05


Tree=90
num_leaves=15
num_cat=0
split_feature=0 1 1 0 2 4 15 2 1 2 15 1 3 17
split_gain=1.97583 13.9325 28.3165 10.3401 9.93079 9.97239 9.10842 10.6321 8.21543 20.4 12.8685 14.5985 16.7785 15.6198
threshold=1.0000000180025095e-35 0.0087337908335030096 0.0088107436895370501 0.0063898416701704272 0.012903762981295587 0.012739370577037336 0.051507720723748214 0.015504807699471714 0.0063492704648524531 0.0072203108575195083 0.012658481486141683 0.0063092110212892303 0.0083683477714657801 0.021054964512586597
decision_type=2 2 2 2 2 2 2 2 2 2 2 2 2 2
left_child=1 4 -3 -2 8 -6 7 -4 10 -10 -1 12 -12 -14
right_child=3 2 6 -5 5 -7 -8 -9 9 -11 11 -13 13 -15
leaf_value=-0.00041458436802464831 0.0040944368071627393 0.0093340025907403725 0.00067109394283891956 0.00011203875636136927 -0.0043315994787821695 0.0086349749010963435 -0.0071683591786270706 0.013238053541862312 -0.00052294320513189888 -0.0048605203598542533 -0.00047681995641216243 0.010400785045583852 0.0062944738010966943 0.0012570118883108421
leaf_weight=55687.760512864217 1655.7423139754683 971.22174497693777 19583.136161806062 75914.446114543825 2304.5326563473791 149.26607072912157 357.25179348327219 159.8036893773824 19243.042589416727 3145.7642225567251 9691.5985751766711 404.78151396103203 2117.4259888194501 5588.2270790282637
leaf_count=50268 2271 536 24367 74133 2288 210 263 78 20833 2357 10688 132 2571 5979
internal_value=1.10214e-06 -0.000126532 0.00103991 0.00019756 -0.000376567 -0.00351099 0.000634709 0.000779464 -0.000295991 -0.0011343 -4.04793e-05 0.00112936 0.000907791 0.00264761
internal_weight=196974 119404 21071.4 77570.2 98332.4 2453.8 20100.2 19742.9 95878.6 22388.8 73489.8 17802 17397.3 7705.65
internal_count=196974 120570 25244 76404 95326 2498 24708 24445 92828 23190 69638 19370 19238 8550
is_linear=0
shrinkage=0.05


Tree=91
num_leaves=15
num_cat=0
split_feature=3 2 3 4 15 0 4 1 1 17 1 0 3 15
split_gain=1.94669 5.8556 12.9901 14.2392 14.3959 4.23804 10.9125 10.8064 3.94856 5.70294 3.511 9.75391 8.071 16.8065
threshold=0.015749008394777778 0.016001024283468727 0.014815627597272398 1.0000000180025095e-35 0.064001988619565978 0.015749008394777778 0.0085838492959737795 0.0077221228275448093 0.0067797389347106227 0.080128207802772536 0.013606071937829258 0.016001024283468727 1.0000000180025095e-35 0.04980053752660752
decision_type=2 2 2 2 2 2 2 2 2 2 2 2 2 2
left_child=1 10 3 -3 -5 6 8 -8 -2 -10 -1 12 -12 -14
right_child=5 2 -4 4 -6 -7 7 -9 9 -11 11 -13 13 -15
leaf_value=-5.1048967233299066e-05 -0.00028405647976866108 -0.0066629619749391661 -0.01513062827569335 0.013631458215375883 -0.0045448529578943726 0.0024151913011671881 0.0093516285978152928 -0.008431804900096037 -0.0038204845727634468 0.010306491975743938 -0.00092791419324928014 -0.0071060746854754693 0.0062275889980285149 0.00065532908792074454
leaf_weight=181603.99516726471 444.84531887806952 511.97517807036638 191.08525460772216 234.64738162606955 189.40657594613731 2371.3487953804433 92.110601164400578 554.61996157094836 90.414984285831451 266.19263622164726 3118.2536364067346 357.94963204115629 1831.2208051029593 5115.9350984953344
leaf_count=184464 517 265 153 401 256 626 271 510 96 386 2898 160 2675 3296
internal_value=1.13905e-06 -2.0992e-05 -0.00359842 -0.00110913 0.00559522 0.00111744 -0.00100956 -0.00579517 0.002876 0.0067182 1.92178e-07 0.000892149 0.00118336 0.00213098
internal_weight=196974 193154 1127.11 936.029 424.054 3819.53 1448.18 646.731 801.453 356.608 192027 10423.4 10065.4 6947.16
internal_count=196974 194568 1075 922 657 2406 1780 781 999 482 193493 9029 8869 5971
is_linear=0
shrinkage=0.05


Tree=92
num_leaves=15
num_cat=0
split_feature=0 0 15 2 2 1 16 1 2 2 2 17 0 4
split_gain=1.87989 10.2591 6.91665 5.26349 12.9605 7.08352 12.2737 9.89791 7.50452 7.88116 17.0947 12.9701 10.4558 6.66521
threshold=0.013245614245533945 0.013072453904896976 0.013698309659957887 0.0063898416701704272 0.0066445916891098031 0.0077221228275448093 3.5000000000000004 0.0072203108575195083 0.0074907417874783286 0.013606071937829258 0.012579114176332952 0.048809524625539787 0.015749008394777778 0.015268065501004459
decision_type=2 2 2 2 2 2 2 2 2 2 2 2 2 2
left_child=1 -1 -2 -4 -5 7 -7 8 -6 10 11 -10 -13 -11
right_child=2 -3 3 4 5 6 -8 -9 9 13 -12 12 -14 -15
leaf_value=-1.364077326782639e-05 0.0075211744900698062 -0.0048918415254287553 -0.0014347559783555192 0.011541635251994283 -0.010242174779652367 -0.0075011918170377534 0.00040783151857146555 0.012990679319936358 0.0096923479537281455 -0.002933478332914775 0.014099873329665183 -0.0057597109265312019 0.0081875947968659459 0.011625224725857464
leaf_weight=181302.44642880931 337.07553088478744 1074.229359805584 3121.4979292787611 268.24227515049279 109.98902459070086 513.11405967921019 7866.4374144598842 213.71460215374827 320.60048998892307 710.57355779595673 359.4677612464875 528.75557590648532 169.50542478635907 78.351592525839806
leaf_count=184310 215 788 3164 108 194 146 4336 230 577 990 483 936 380 117
internal_value=1.07101e-06 -4.26408e-05 0.000546855 0.000376845 0.000885356 0.000612034 -8.4834e-05 0.00294726 0.00195203 0.00261508 0.00488385 0.00152687 -0.00230615 -0.00136018
internal_weight=196974 182377 14597.3 14260.2 11138.8 10870.5 8379.55 2490.96 2277.24 2167.25 1378.33 1018.86 698.261 788.925
internal_count=196974 185098 11876 11661 8497 8389 4482 3907 3677 3483 2376 1893 1316 1107
is_linear=0
shrinkage=0.05


Tree=93
num_leaves=15
num_cat=0
split_feature=4 4 15 0 15 15 3 15 17 1 2 4 3 1
split_gain=1.86753 12.1302 23.5656 7.9194 7.43309 27.5624 15.9168 14.5257 8.33736 8.07176 19.1074 14.9789 11.9454 10.2559
threshold=0.0067797389347106227 0.0067340831737965354 0.012987286783754827 0.0073261056095361718 0.020202526822686199 0.019880400970578197 0.0081634009256958979 0.024501320905983451 0.057189542800188072 0.0086581707000732439 0.0089687905274331587 0.0063492704648524531 0.013793759513646366 0.016001024283468727
decision_type=2 2 2 2 2 2 2 2 2 2 2 2 2 2
left_child=1 3 -3 -1 5 -5 -7 8 -6 10 -9 12 13 -11
right_child=-2 2 -4 4 7 6 -8 9 -10 11 -12 -13 -14 -15
leaf_value=-0.00017705713178614081 -0.00021415914145044717 0.010487813644025278 -0.0031350175569430992 0.00035540095605032362 0.0052729275668723964 0.0010626828891724005 -0.020230920713211208 -0.0014225377820259021 -0.0037478512676814876 -0.0037747682242374454 0.0042778342880954124 0.0070088032888680181 0.0040756620403210415 0.0060003959521373381
leaf_weight=93871.83229537867 66641.143426688388 762.88506715558469 532.45677625387907 20661.340070124716 2990.6197118572891 131.1836390029639 249.39541651308537 2498.6536851674318 273.02803361974657 3287.4833496697247 3547.4770588129759 532.95081673003733 710.35328547656536 283.19839461147785
leaf_count=92725 66975 222 548 19623 3840 238 70 3065 269 2553 5650 640 442 114
internal_value=1.12736e-06 0.000111215 0.00490696 6.2696e-05 0.000702565 0.000106823 -0.0130518 0.00158941 0.00450913 0.000708646 0.00192361 -0.000818115 -0.00180656 -0.00298489
internal_weight=196974 130333 1295.34 129038 35165.7 21041.9 380.579 14123.8 3263.65 10860.1 6046.13 4813.99 4281.04 3570.68
internal_count=196974 129999 770 129229 36504 19931 308 16573 4109 12464 8715 3749 3109 2667
is_linear=0
shrinkage=0.05


Tree=94
num_leaves=15
num_cat=0
split_feature=4 4 4 2 2 17 1 3 0 0 0 3 3 2
split_gain=1.81354 2.90093 6.30166 5.92688 6.48963 5.66473 5.33664 5.56593 4.29797 4.14858 4.90889 4.0094 3.8107 3.65035
threshold=0.016001024283468727 0.015268065501004459 0.015038444194942715 0.015749008394777778 0.015504807699471714 0.080128207802772536 0.014815627597272398 0.0093025267124176043 0.012270400300621988 0.0066445916891098031 0.013793759513646366 0.015268065501004459 0.015038444194942715 0.012270400300621988
decision_type=2 2 2 2 2 2 2 2 2 2 2 2 2 2
left_child=1 2 -1 4 5 6 7 13 -7 -9 -11 -5 -4 -3
right_child=-2 3 12 11 -6 8 -8 9 -10 10 -12 -13 -14 -15
leaf_value=-1.3472127108747504e-05 0.0012811545993503337 -0.0018148034319404088 0.0023835588648784423 -0.0010361894362127808 0.0079621281254951531 0.013558093299435515 -0.0052497440131338731 0.010456897113795239 -0.00098150090828909666 -0.0044681307635528666 0.0059389570779374437 -0.012181963051551777 0.010195502060029955 -0.012926027678428598
leaf_weight=190546.19068985619 2718.6148818433285 569.33951459266245 720.3870161511004 135.91318465583026 186.85462602041662 94.526985520496964 862.99617491662502 143.95652163028717 96.487730471417308 211.46459571458399 222.30983440577984 196.05638191476464 193.03178590908647 75.871103459969163
leaf_count=192150 1639 893 699 131 103 97 336 180 123 208 149 116 95 55
internal_value=1.08579e-06 -1.68939e-05 6.49573e-06 -0.00161297 -0.000753601 -0.00150053 -0.00226358 -0.000130831 0.00653021 0.00340301 0.000879152 -0.00778246 0.00412698 -0.00329872
internal_weight=196974 194255 191460 2795.78 2463.81 2276.95 2085.94 1222.94 191.015 577.731 433.774 331.97 913.419 645.211
internal_count=196974 195335 192944 2391 2144 2041 1821 1485 220 537 357 247 794 948
is_linear=0
shrinkage=0.05


Tree=95
num_leaves=15
num_cat=0
split_feature=15 17 4 1 3 1 15 3 1 2 15 4 4 1
split_gain=1.75535 3.57684 12.2085 11.3035 18.0561 8.86655 7.55347 6.33825 7.0275 12.854 4.92545 4.6921 4.89931 4.11154
threshold=0.00766294775530696 0.012121656909585001 0.0064725596457719812 0.0068729333579540261 0.0066890381276607522 0.0071175277698785075 0.013738202862441541 0.007272823480889202 0.0063492704648524531 1.0000000180025095e-35 0.013889223802834751 0.0071175277698785075 0.0073261056095361718 0.0063092110212892303
decision_type=2 2 2 2 2 2 2 2 2 2 2 2 2 2
left_child=-1 2 3 7 5 6 -5 8 9 13 -7 -4 -13 -2
right_child=1 -3 11 4 -6 10 -8 -9 -10 -11 -12 12 -14 -15
leaf_value=-0.0002699207717602289 0.0057454019829174573 3.6652460053609466e-05 -0.003504784748471425 0.0008314449788904203 0.024526091799804313 0.0085265306705395363 0.019647417922364702 -0.0036419358352967448 -0.0017330800682255642 0.00039403927615547311 -0.0045860067194496684 0.0067388404836637682 -0.0023108450725033611 0.013294449273814835
leaf_weight=45840.872567093 439.70804228447378 145788.35104341805 1316.4517848286778 89.580069756135345 135.82644645869732 91.843769343569875 125.2583402749151 455.23725540749729 628.92592173814774 912.11099621467292 231.62599422223866 265.79695223644376 318.70416805706918 333.70767572894692
leaf_count=43030 644 148140 1159 156 133 150 148 347 777 1312 231 336 372 39
internal_value=1.06474e-06 8.3271e-05 0.00135243 0.00312463 0.0088829 0.00456048 0.0121877 0.00169617 0.00275729 0.00443314 -0.000718879 -0.00185769 0.00184855 0.00913073
internal_weight=196974 151133 5344.78 3443.82 674.135 538.308 214.838 2769.69 2314.45 1685.53 323.47 1900.95 584.501 773.416
internal_count=196974 153944 5804 3937 818 685 304 3119 2772 1995 381 1867 708 683
is_linear=0
shrinkage=0.05


Tree=96
num_leaves=15
num_cat=0
split_feature=4 4 15 0 2 3 15 3 15 17 3 3 3 17
split_gain=1.71008 11.0413 21.2719 7.10291 6.87938 8.26768 10.9233 7.47851 8.5387 13.7224 8.04999 7.68995 14.6095 31.4576
threshold=0.0067797389347106227 0.0067340831737965354 0.012987286783754827 0.0073261056095361718 0.0084389690309762972 0.014815627597272398 0.029827825725078586 0.012739370577037336 0.012820776086300613 0.042572464793920524 0.013606071937829258 0.0068260179832577714 0.0066445916891098031 0.01197647722437978
decision_type=2 2 2 2 2 2 2 2 2 2 2 2 2 2
left_child=1 3 -3 4 7 -6 -7 11 -9 -10 -11 12 -1 -14
right_child=-2 2 -4 -5 5 6 -8 8 9 10 -12 -13 13 -15
leaf_value=7.2924494732407529e-05 -0.00020483835762437723 0.0099841939841757432 -0.0029589294831304153 0.00066621446519854867 -0.00087240768705704609 0.0053567735681423513 -0.0094485475254501988 0.0077943831463106947 -0.0054625119712141609 0.017081350427393494 0.0026431933680346313 -0.00091116031841737542 0.0016046876965252728 0.018026840815165795
leaf_weight=53966.924714311957 66641.143426688388 762.88506715558469 532.45677625387907 35165.683461586013 14718.532285019755 151.47912510111928 571.38716743700206 611.85362576134503 560.55698470957577 95.597580766305327 1217.6793754827231 19840.52834706381 1798.6654115356505 338.62767818942666
leaf_count=56563 66975 222 548 36504 13246 221 322 75 464 31 1485 18575 1443 300
internal_value=1.17319e-06 0.000106518 0.00468195 6.02279e-05 -0.00016683 -0.00113113 -0.00631528 2.31419e-05 0.0027163 0.0010256 0.00381533 -6.53517e-05 0.000233867 0.00427841
internal_weight=196974 130333 1295.34 129038 93871.8 15441.4 722.866 78430.4 2485.69 1873.83 1313.28 75944.7 56104.2 2137.29
internal_count=196974 129999 770 129229 92725 13789 543 78936 2055 1980 1516 76881 58306 1743
is_linear=0
shrinkage=0.05


Tree=97
num_leaves=15
num_cat=0
split_feature=17 17 1 3 15 0 15 0 1 1 1 4 2 15
split_gain=1.789 6.40059 26.7216 7.93915 9.12936 7.1233 6.00981 7.86238 6.49495 8.36529 6.01631 5.45743 8.21623 7.04141
threshold=0.01835016813129187 0.015749008394777778 0.0087337908335030096 0.0093898782506585139 0.0094788861460983771 0.0074350468348711738 0.010050504934042694 0.0096620614640414732 0.009569597430527212 0.0098524559289217013 0.009756329935044052 0.0067340831737965354 0.0067797389347106227 0.017390321940183643
decision_type=2 2 2 2 2 2 2 2 2 2 2 2 2 2
left_child=1 2 5 -3 -5 -1 7 8 -2 10 -10 13 -13 -7
right_child=6 3 -4 4 -6 11 -8 -9 9 -11 -12 12 -14 -15
leaf_value=-0.00022320104181501778 -0.00047059932395710651 -0.0012681214428414431 0.0087245254875906505 0.010969104629623711 4.4725844078653282e-05 0.0012414920021410595 6.5958891471743601e-05 0.0061422775079065777 0.0026395488003793863 -0.001728096597483195 0.011659396123573125 -0.005601060862602994 0.0061241036600644524 0.0071438370850557022
leaf_weight=72831.754939761013 2618.7508417610079 16404.894788395613 865.48830588720739 275.32699713110924 580.2350361533463 7931.9840028695762 92124.284291232005 877.37185518071055 381.27499254606664 405.93243538960814 363.35139447264373 593.33151507377625 189.52664081566036 530.49299039319158
leaf_count=71090 2642 16603 439 147 621 7286 94452 773 536 488 257 634 201 805
internal_value=1.22464e-06 -0.00014685 3.54853e-05 -0.00102255 0.00364639 -5.71908e-05 0.00015455 0.00190704 0.000907568 0.0040214 0.0071371 0.00124941 -0.00272101 0.00161949
internal_weight=196974 100203 82942.6 17260.5 855.562 82077.1 96771 4646.68 3769.31 1150.56 744.626 9245.34 782.858 8462.48
internal_count=196974 97826 80455 17371 768 80016 99148 4696 3923 1281 793 8926 835 8091
is_linear=0
shrinkage=0.05


Tree=98
num_leaves=15
num_cat=0
split_feature=15 17 1 17 4 4 15 1 15 4 3 3 0 17
split_gain=1.71024 4.05433 3.25533 2.08392 24.6183 4.7826 7.33382 13.8994 3.36247 2.97846 8.57967 14.8433 20.0222 20.4152
threshold=0.0063092110212892303 0.0096620614640414732 1.0000000180025095e-35 0.010256679728627207 0.0067340831737965354 0.0065574476029723891 0.012987286783754827 0.0063492704648524531 0.0070672258734703073 0.0066445916891098031 0.007272823480889202 0.0092167854309082049 0.0099504948593676108 0.022991543635725979
decision_type=2 2 2 2 2 2 2 2 2 2 2 2 2 2
left_child=2 -2 -1 4 5 6 -3 -8 -5 10 -10 12 13 -12
right_child=1 3 -4 8 -6 -7 7 -9 9 -11 11 -13 -14 -15
leaf_value=0.0026774801109013583 -0.0011086032900451215 5.2946803473962586e-05 -0.00098131717482649182 -0.00091637474098931859 0.0092262260509468046 -0.002927645272649956 0.010165031235726239 -0.0053740819555445898 0.00054896079266474258 -0.00021582694356811502 -0.0014923118424104388 0.00051759515955859391 -0.0061798605509896347 0.0055797763721979893
leaf_weight=1582.5171364732087 8120.3633889071643 9003.2284934408963 976.51965512521565 9678.7838983591646 775.74221114255488 1181.9196708183736 462.15824799798429 199.53333904407918 65312.237691562623 66699.613721312955 11649.854596752673 18166.112113486975 2056.8913897424936 1108.5254728961736
leaf_count=1720 8199 8424 795 8705 240 934 274 222 67935 67280 10916 18291 1488 1551
internal_value=1.27877e-06 -1.56561e-05 0.00128291 3.20411e-05 0.000680038 6.08978e-05 0.000429014 0.00546896 -1.11127e-05 4.20438e-05 0.000217033 -0.000440244 -0.00161428 -0.000873957
internal_weight=196974 194415 2559.04 186295 11622.6 10846.8 9664.92 661.692 174672 164993 98293.6 32981.4 14815.3 12758.4
internal_count=196974 194459 2515 186260 10094 9854 8920 496 176166 167461 100181 32246 13955 12467
is_linear=0
shrinkage=0.05


Tree=99
num_leaves=15
num_cat=0
split_feature=4 0 15 0 0 15 1 1 4 4 2 2 17 1
split_gain=1.67972 2.64907 3.36692 3.29704 4.53032 6.56196 4.12845 4.81769 2.56405 5.75365 5.38496 5.88113 5.15252 4.82037
threshold=0.016001024283468727 0.0070672258734703073 0.026768612675368789 0.012739370577037336 0.015504807699471714 0.070536628365516676 0.015504807699471714 0.0080972984433174151 0.015268065501004459 0.015038444194942715 0.015749008394777778 0.015504807699471714 0.080128207802772536 0.014815627597272398
decision_type=2 2 2 2 2 2 2 2 2 2 2 2 2 2
left_child=8 2 -2 6 5 -5 7 -3 9 -1 11 12 13 -10
right_child=1 3 -4 4 -6 -7 -8 -9 10 -11 -12 -13 -14 -15
leaf_value=-1.3154700552262669e-05 0.0047418560697683612 0.012175316334848979 -0.0071850247612921013 0.0037486628023171119 0.002071058409480245 -0.0092019885803407819 0.012548605711513073 -0.003173137055924766 -0.00010965643938140528 0.0039431731253262055 -0.0073972271576165363 0.0075993402158490353 0.0062500963664131664 -0.0049745430010826822
leaf_weight=190546.19068985619 78.054232150316238 64.334605848416686 178.40972821600735 159.98366356082261 1718.9507436249405 225.24879356473684 138.71070522256196 154.92240965552628 1222.9415698032826 913.41880206018686 331.96956657059491 186.85462602041662 191.01471599191427 862.99617491662502
leaf_count=192150 138 155 365 164 417 124 79 197 1485 794 247 103 220 336
internal_value=1.23917e-06 0.00123318 -0.00351338 0.0017398 0.000971161 -0.00386493 0.00610879 0.00166506 -1.60644e-05 5.92517e-06 -0.00151661 -0.000697561 -0.00140869 -0.00213649
internal_weight=196974 2718.61 256.464 2462.15 2104.18 385.232 357.968 219.257 194255 191460 2795.78 2463.81 2276.95 2085.94
internal_count=196974 1639 503 1136 705 288 431 352 195335 192944 2391 2144 2041 1821
is_linear=0
shrinkage=0.05


Tree=100
num_leaves=15
num_cat=0
split_feature=15 1 2 15 3 3 3 0 1 4 4 1 1 1
split_gain=1.65843 5.72137 8.78606 15.9199 15.8897 25.1237 13.223 12.3328 10.905 10.7065 20.1397 11.8295 10.549 15.6859
threshold=0.018266744911670688 0.0063092110212892303 0.0068260179832577714 0.044465281069278724 0.0079682543873786944 0.0063492704648524531 0.0067797389347106227 0.007272823480889202 0.010152545757591726 0.0079052620567381399 0.0075472774915397176 0.012422839645296337 0.0082305916585028189 0.0079682543873786944
decision_type=2 2 2 2 2 2 2 2 2 2 2 2 2 2
left_child=-1 -2 4 -4 5 -3 7 -7 -5 10 11 12 13 -6
right_child=1 2 3 8 9 6 -8 -9 -10 -11 -12 -13 -14 -15
leaf_value=-0.00010745166993997376 0.00082582503437694495 0.0006023626419096828 -0.0019666169967096354 0.0027813657425764249 -0.0016152133285826096 0.0055327592582042721 0.0040917518068460937 0.018922126377847518 -0.00030180212955037465 -0.0029717125002155058 0.0096456378672579862 0.0048262860808257098 -0.004836823300976522 0.013610964782432889
leaf_weight=126169.57922396623 23826.402678806335 7346.1505914404988 12897.327987482771 3649.624739671126 741.88125204853714 362.59320932626724 1819.2414997592568 338.73802956752479 13250.494463570416 3521.4640182591975 546.00527303852141 747.62629298679531 1548.3864409122616 208.48532622680068
leaf_count=123159 32009 9153 11351 3175 735 810 2620 435 8647 2548 194 754 1269 115
internal_value=1.23053e-06 0.000194884 -0.000125225 -0.000644371 0.000775016 0.0020833 0.00638003 0.0121748 0.000365267 -0.000990359 0.000852427 -0.000651574 -0.00230325 0.00183195
internal_weight=196974 70804.4 46978 29797.4 17180.6 9866.72 2520.57 701.331 16900.1 7313.85 3792.38 3246.38 2498.75 950.367
internal_count=196974 73815 41806 23173 18633 13018 3865 1245 11822 5615 3067 2873 2119 850
is_linear=0
shrinkage=0.05


Tree=101
num_leaves=15
num_cat=0
split_feature=1 4 1 3 3 0 4 4 3 2 3 3 0 4
split_gain=1.7259 11.0688 8.55906 9.42285 11.1956 7.90624 7.46077 7.98414 6.71727 13.5815 11.897 9.01692 6.60182 7.29793
threshold=0.012121656909585001 0.0092167854309082049 0.012579114176332952 1.0000000180025095e-35 0.0080972984433174151 0.0066890381276607522 0.0063898416701704272 0.0071175277698785075 0.012903762981295587 0.014389234129339458 0.013986697886139156 0.011299795936793091 0.014599318150430919 0.0064725596457719812
decision_type=2 2 2 2 2 2 2 2 2 2 2 2 2 2
left_child=-1 2 6 5 -5 -4 -2 -8 9 11 -10 -6 13 -7
right_child=1 -3 3 4 8 12 7 -9 10 -11 -12 -13 -14 -15
leaf_value=-4.824058036769917e-05 0.0018456612959551818 -0.00051793086793361191 0.0008434549163429542 0.0093166563411872395 0.0048785355100397602 -0.0090973451239415842 0.01718834320731627 0.0050791907230098255 0.009920772401629507 -0.011156155375167235 0.0005716794560590427 -0.0035890228944531703 0.0061859704427068242 0.0011996342782082537
leaf_weight=177139.29403482005 614.21488826721907 11930.312955318019 2219.6240539792925 570.23202883265913 772.38740910775959 590.82701030187309 216.12211257964373 375.05242346972227 542.99084547907114 244.11809172108769 888.0834178738296 516.4692020136863 116.1317350436002 238.14081825502217
leaf_count=179611 1026 7855 2881 1234 1107 575 162 291 361 261 860 434 83 233
internal_value=1.29349e-06 0.000443473 0.00189337 0.00119099 0.00296188 -0.000789807 0.00575495 0.00971834 0.00171212 -0.000588205 0.00416322 0.00148392 -0.00459429 -0.00616025
internal_weight=196974 19834.7 7904.39 6699 3534.28 3164.72 1205.39 591.175 2964.05 1532.97 1431.07 1288.86 945.1 828.968
internal_count=196974 17363 9508 8029 4257 3772 1479 453 3023 1802 1221 1541 891 808
is_linear=0
shrinkage=0.05


Tree=102
num_leaves=15
num_cat=0
split_feature=3 2 3 4 15 2 15 0 1 15 2 4 1 3
split_gain=1.64073 4.85392 11.8193 12.2901 12.8977 3.94658 14.6164 3.76941 3.93861 9.61968 3.40165 3.1933 7.98409 7.7429
threshold=0.015749008394777778 0.016001024283468727 0.014815627597272398 1.0000000180025095e-35 0.064001988619565978 0.013986697886139156 0.059242632240056999 0.015749008394777778 0.011696306522935631 0.044465281069278724 0.015504807699471714 0.016001024283468727 0.015749008394777778 0.013793759513646366
decision_type=2 2 2 2 2 2 2 2 2 2 2 2 2 2
left_child=1 11 3 -3 -5 6 -2 8 9 -7 -10 -1 13 -13
right_child=5 2 -4 4 -6 7 -8 -9 10 -11 -12 12 -14 -15
leaf_value=-1.385470675768154e-05 0.0016502020127849794 -0.0060642891490245258 -0.014275769146213963 0.0129299139696092 -0.0042753452484169761 -0.008742898883390712 -0.012865528616873021 0.0029732011535464741 0.0025030602702210561 0.010948090271570026 -0.0067791394521360395 0.00094626740742530756 -0.0066107371415112751 0.011310373484324412
leaf_weight=191118.57320804149 734.21744404733181 511.97517807036638 191.08525460772216 234.64738162606955 189.40657594613731 89.458701079711318 216.35588847286999 2172.0619693361223 135.60033695213497 157.27754342928529 314.56041418388486 444.88437167182565 168.64000510051847 295.25675449706614
leaf_count=192400 887 265 153 401 256 93 202 477 146 303 298 759 144 190
internal_value=1.31162e-06 -1.9006e-05 -0.00327611 -0.00090343 0.00532362 0.00102614 -0.0017532 0.00194992 -0.00123636 0.00374631 -0.00398946 2.81392e-07 0.00294093 0.00517637
internal_weight=196974 193154 1127.11 936.029 424.054 3819.53 950.573 2868.96 696.897 246.736 450.161 192027 908.781 740.141
internal_count=196974 194568 1075 922 657 2406 1089 1317 840 396 444 193493 1093 949
is_linear=0
shrinkage=0.05


Tree=103
num_leaves=15
num_cat=0
split_feature=15 17 1 17 4 4 15 1 15 4 3 3 0 17
split_gain=1.56752 3.59464 2.94017 1.94214 22.2451 4.32061 6.62222 12.5946 2.96253 2.85981 8.00568 13.2461 18.2942 15.7652
threshold=0.0063092110212892303 0.0096620614640414732 1.0000000180025095e-35 0.010256679728627207 0.0067340831737965354 0.0065574476029723891 0.012987286783754827 0.0063492704648524531 0.0070672258734703073 0.0066445916891098031 0.007272823480889202 0.0092167854309082049 0.011173533275723459 0.022474748082458976
decision_type=2 2 2 2 2 2 2 2 2 2 2 2 2 2
left_child=2 -2 -1 4 5 6 -3 -8 -5 10 -10 12 13 -12
right_child=1 3 -4 8 -6 -7 7 -9 9 -11 11 -13 -14 -15
leaf_value=0.002553524526843918 -0.0010441311885638724 5.9427312681862917e-05 -0.00092370607384400149 -0.00086147734647093173 0.008779301036958299 -0.0027736256402202059 0.00967619720479314 -0.0051155369662452882 0.00053023975315988098 -0.0002145431167552489 -0.0015412997934565258 0.00047953810833990861 -0.0067542224194132002 0.003988869016524562
leaf_weight=1582.5171364732087 8120.3633889071643 9003.2284934408963 976.51965512521565 9678.7838983591646 775.74221114255488 1181.9196708183736 462.15824799798429 199.53333904407918 65312.237691562623 66699.613721312955 11881.428208164871 18166.112113486975 1498.1033749822527 1435.7398762442172
leaf_count=1720 8199 8424 795 8705 240 934 274 222 67935 67280 11052 18291 991 1912
internal_value=1.2045e-06 -1.50084e-05 0.00122819 2.99035e-05 0.000655468 6.69176e-05 0.000416794 0.00520599 -1.17564e-05 3.81389e-05 0.000209607 -0.000425302 -0.00153437 -0.00094254
internal_weight=196974 194415 2559.04 186295 11622.6 10846.8 9664.92 661.692 174672 164993 98293.6 32981.4 14815.3 13317.2
internal_count=196974 194459 2515 186260 10094 9854 8920 496 176166 167461 100181 32246 13955 12964
is_linear=0
shrinkage=0.05


Tree=104
num_leaves=15
num_cat=0
split_feature=1 4 1 3 15 15 4 16 15 0 2 3 4 0
split_gain=1.52905 9.90164 7.82815 7.85525 11.2265 8.05118 9.34641 7.83192 8.07632 7.56777 7.21359 19.141 12.0079 7.00835
threshold=0.012121656909585001 0.0092167854309082049 0.012422839645296337 1.0000000180025095e-35 0.04980053752660752 0.055497840046882636 0.0076046728063374766 4.5000000000000009 0.030918220989406112 0.0066890381276607522 0.014389234129339458 0.012739370577037336 0.007272823480889202 0.014815627597272398
decision_type=2 2 2 2 2 2 2 2 2 2 2 2 2 2
left_child=-1 2 7 9 -5 6 -6 8 -2 -4 12 -12 -7 -11
right_child=1 -3 3 4 5 10 -8 -9 -10 13 11 -13 -14 -15
leaf_value=-4.5462216961485039e-05 0.0067835142456083132 -0.00049194096524389692 0.0010199332439675419 0.0053505701436403572 -0.011265628899374892 0.010709623882189767 0.0082162111173292932 0.01475205347196664 -0.005583715637371014 -0.0056155977419341599 -0.014735953015627239 0.0032054817997101241 -0.0038394179791841464 0.0075573757047679921
leaf_weight=177139.29403482005 488.39702550321817 11930.312955318019 2398.2178469598293 2000.1150371376425 264.3786098472774 387.66329904645681 71.472334614023566 198.25525168702006 171.07147229276597 884.61541846953332 196.02400101535022 525.19362066872418 213.92210718616843 105.0680124964565
leaf_count=179611 733 7855 3153 2899 424 180 139 77 184 875 171 357 245 71
internal_value=1.16164e-06 0.000417362 0.00178868 0.00123491 0.00283809 -0.000205535 -0.00700202 0.00627161 0.00353987 -0.00049971 0.00155964 -0.00180576 0.00555784 -0.0041555
internal_weight=196974 19834.7 7904.39 7046.67 3658.77 1658.65 335.851 857.724 659.468 3387.9 1322.8 721.218 601.585 989.683
internal_count=196974 17363 9508 8514 4415 1516 563 994 917 4099 953 528 425 946
is_linear=0
shrinkage=0.05


Tree=105
num_leaves=15
num_cat=0
split_feature=0 0 15 2 2 2 1 1 2 2 17 0 15 16
split_gain=1.53481 8.50741 6.13125 4.6297 11.3446 5.72348 7.69827 7.40179 7.42562 15.0142 11.8691 9.77084 6.95294 6.71662
threshold=0.013245614245533945 0.013072453904896976 0.013698309659957887 0.0063898416701704272 0.0066445916891098031 0.0076046728063374766 0.0077221228275448093 0.0072203108575195083 0.013606071937829258 0.012579114176332952 0.048809524625539787 0.015749008394777778 0.033920345827937133 4.5000000000000009
decision_type=2 2 2 2 2 2 2 2 2 2 2 2 2 2
left_child=1 -1 -2 -4 -5 13 7 8 9 10 -7 12 -12 -6
right_child=2 -3 3 4 5 6 -8 -9 -10 -11 11 -13 -14 -15
leaf_value=-1.1944057477543131e-05 0.0070606875793129582 -0.004454193197375134 -0.0013647647724421876 0.010781001634589116 -0.01079593792992526 0.0091746533886006565 2.2984708187772228e-05 0.012001254032006895 -0.001493451247289319 0.013194396468159675 -0.012463229370067655 0.0078375663599177161 -0.0007527675833901952 0.0061809994091010824
leaf_weight=181302.44642880931 337.07553088478744 1074.229359805584 3121.4979292787611 268.24227515049279 208.31769515015185 318.61772635765374 8237.288476318121 210.28279610350728 788.92515032179654 359.4677612464875 213.54275444336236 166.101313598454 295.94396620057523 72.021863393485546
leaf_count=184310 215 788 3164 108 314 563 4325 209 1107 483 278 376 641 93
internal_value=1.14422e-06 -3.83524e-05 0.000494298 0.000334246 0.00081117 0.000555471 0.000744683 0.00326051 0.0023509 0.00458592 0.00137302 -0.00238651 -0.00580644 -0.00637174
internal_weight=196974 182377 14597.3 14260.2 11138.8 10870.5 10590.2 2352.88 2142.6 1353.67 994.206 675.588 509.487 280.34
internal_count=196974 185098 11876 11661 8497 8389 7982 3657 3448 2341 1858 1295 919 407
is_linear=0
shrinkage=0.05


Tree=106
num_leaves=15
num_cat=0
split_feature=3 3 2 0 1 0 15 4 0 17 15 3 15 1
split_gain=1.48148 4.41292 7.32037 8.47624 9.1833 8.67859 8.22742 7.37129 6.63086 4.30143 18.774 5.17376 4.03775 4.01154
threshold=0.015268065501004459 0.014599318150430919 0.015504807699471714 0.013606071937829258 1.0000000180025095e-35 0.013986697886139156 0.032717466354370124 0.0075472774915397176 0.015038444194942715 0.087121214717626586 0.052358970046043403 0.010362972505390646 0.026547408662736419 0.0066445916891098031
decision_type=2 2 2 2 2 2 2 2 2 2 2 2 2 2
left_child=1 9 3 4 6 -5 7 -3 -7 -1 11 12 -11 -6
right_child=-2 2 -4 5 13 8 -8 -9 -10 10 -12 -13 -14 -15
leaf_value=-1.4288704763763375e-05 0.00079716076160764099 0.002518353073424134 -0.0097827323576628027 0.011684697860820201 -0.010634212561393866 -0.0046024923555855165 0.014076110040833482 -0.010982167643604211 0.0050340112317255195 0.0026240103259661217 0.0088367554883708316 0.0080559348995972203 -0.0056686088121765416 -0.0039210309690649861
leaf_weight=186852.2252372466 5667.1052457671613 391.1358979921788 260.85339480638504 200.63709731400013 305.91915862821043 356.16542522422969 101.19957878813148 125.25801333598793 338.33667742088437 188.68422253988683 672.66818509437144 98.336002793163061 580.74375082924962 834.73313928209245
leaf_count=188933 3993 614 182 70 31 219 265 69 216 404 586 220 559 613
internal_value=1.17562e-06 -2.24444e-05 -0.00194989 -0.00114601 -0.00315666 0.00279458 0.00173685 -0.000902792 9.68871e-05 7.47311e-06 0.00263022 -0.00222679 -0.00362746 -0.00579826
internal_weight=196974 191307 2914.24 2653.38 1758.25 895.139 617.593 516.394 694.502 188393 1540.43 867.764 769.428 1140.65
internal_count=196974 192981 2279 2097 1592 505 948 683 435 190702 1769 1183 963 644
is_linear=0
shrinkage=0.05


Tree=107
num_leaves=15
num_cat=0
split_feature=15 15 1 1 1 3 3 3 3 3 15 1 17 4
split_gain=1.44353 5.59699 6.08462 8.79216 13.9539 6.04196 7.9769 5.86472 5.34483 12.9562 27.8721 10.9134 5.3387 6.33806
threshold=0.018266744911670688 0.015747070312500003 0.0082988981157541292 0.0088107436895370501 0.0087337908335030096 0.012739370577037336 0.012903762981295587 0.013606071937829258 0.0068260179832577714 0.0066445916891098031 0.014085202012211086 0.0062696540262550124 0.057189542800188072 0.014599318150430919
decision_type=2 2 2 2 2 2 2 2 2 2 2 2 2 2
left_child=1 2 5 4 -4 8 -7 -8 9 12 11 -11 13 -1
right_child=-2 -3 3 -5 -6 6 7 -9 -10 10 -12 -13 -14 -15
leaf_value=-7.1415036515745634e-05 0.00018180858832637356 -0.0011413752337441016 0.0011434033344158384 0.00036645108321628028 0.0094414695246439438 0.0073711460228284981 -0.0052160775133254008 0.0028427880537529094 -0.00097721164660142189 -0.00065958234316879387 0.017166385938404919 0.0087932251043951731 -0.004297979567384657 0.010834606442100346
leaf_weight=83803.838734092191 70804.421803096309 11700.98846675083 1520.3363262023777 7347.6524006482214 752.31476266309619 611.85362576134503 329.14706541411579 665.25811337679625 16467.938306037337 1407.3865581825376 322.25948328152299 379.52084786631167 737.65400917828083 123.43052451126277
leaf_count=80514 73815 11741 1965 10207 315 75 272 754 14644 1384 246 50 892 100
internal_value=1.13721e-06 -0.000100259 6.25423e-06 0.00120904 0.00391964 -0.000104211 0.00292922 0.000149938 -0.000151685 5.07758e-06 0.00386659 0.00138586 -9.15655e-05 -5.40868e-05
internal_weight=196974 126170 114469 9620.3 2272.65 104848 1606.26 994.405 103242 86774.1 2109.17 1786.91 84664.9 83927.3
internal_count=196974 123159 111418 12487 2280 98931 1101 1026 97830 83186 1680 1434 81506 80614
is_linear=0
shrinkage=0.05


Tree=108
num_leaves=15
num_cat=0
split_feature=15 17 1 17 4 4 15 1 15 4 3 3 4 17
split_gain=1.43269 3.19705 2.65552 1.73595 20.1587 3.86785 5.4249 11.0953 2.56833 2.56807 7.08035 11.6293 12.5663 9.37859
threshold=0.0063092110212892303 0.0096620614640414732 1.0000000180025095e-35 0.010256679728627207 0.0067340831737965354 0.0065574476029723891 0.012987286783754827 0.0063492704648524531 0.0070672258734703073 0.0066445916891098031 0.007272823480889202 0.011428944766521456 1.0000000180025095e-35 0.054093567654490478
decision_type=2 2 2 2 2 2 2 2 2 2 2 2 2 2
left_child=2 -2 -1 4 5 6 -3 -8 -5 10 -10 12 13 -12
right_child=1 3 -4 8 -6 -7 7 -9 9 -11 11 -13 -14 -15
leaf_value=0.002433760663435165 -0.00098484548641676172 6.6788176700992798e-05 -0.0008709063191708503 -0.00080250510894850518 0.0083529602769257996 -0.0026283751091209385 0.0089218453372900321 -0.0049577940126037754 0.00049914367235995793 -0.00020432417795814185 -0.0014733386178705518 0.0010701080900592319 0.0043789620792547617 0.0033796073159904935
leaf_weight=1582.5171364732087 8120.3633889071643 9003.2284934408963 976.51965512521565 9678.7838983591646 775.74221114255488 1181.9196708183736 462.15824799798429 199.53333904407918 65312.237691562623 66699.613721312955 21364.844381079078 9552.9942603744566 1028.6253945957869 1034.9195368289948
leaf_count=1720 8199 8424 795 8705 240 934 274 222 67935 67280 19822 9658 1672 1094
internal_value=1.19652e-06 -1.43034e-05 0.00117423 2.80519e-05 0.000619479 5.92129e-05 0.000390254 0.00472494 -1.13345e-05 3.51228e-05 0.00019761 -0.000399481 -0.000998911 -0.00124771
internal_weight=196974 194415 2559.04 186295 11622.6 10846.8 9664.92 661.692 174672 164993 98293.6 32981.4 23428.4 22399.8
internal_count=196974 194459 2515 186260 10094 9854 8920 496 176166 167461 100181 32246 22588 20916
is_linear=0
shrinkage=0.05


Tree=109
num_leaves=15
num_cat=0
split_feature=4 0 2 0 0 15 1 1 4 4 2 2 0 2
split_gain=1.36075 2.24188 3.11688 2.88879 3.92747 5.54774 3.67113 4.37346 2.0691 5.21548 4.75225 5.36239 4.85344 4.38989
threshold=0.016001024283468727 0.0070672258734703073 0.010256679728627207 0.012739370577037336 0.015504807699471714 0.070536628365516676 0.015504807699471714 0.0080972984433174151 0.015268065501004459 0.015038444194942715 0.015749008394777778 0.015504807699471714 0.0085838492959737795 0.013606071937829258
decision_type=2 2 2 2 2 2 2 2 2 2 2 2 2 2
left_child=8 2 -2 6 5 -5 7 -3 9 -1 11 12 -10 -14
right_child=1 3 -4 4 -6 -7 -8 -9 10 -11 -12 -13 13 -15
leaf_value=-1.2806028076575935e-05 0.0012090658761400995 0.011496796656139749 -0.0097065454303497788 0.0033589034753370127 0.0018812255254999786 -0.0085516781730021335 0.011737147829963442 -0.0031248327254784799 0.002132678485051504 0.0037539498507474338 -0.0068865243732342089 0.0073287793449442022 -0.0048566031894089149 0.00059270455582223567
leaf_weight=190546.19068985619 156.35244185477495 64.334605848416686 100.11151851154864 159.98366356082261 1718.9507436249405 225.24879356473684 138.71070522256196 154.92240965552628 711.17574497871101 913.41880206018686 331.96956657059491 186.85462602041662 978.76831363141537 587.00840210169554
leaf_count=192150 382 155 121 164 417 124 79 197 1159 794 247 103 507 375
internal_value=1.18034e-06 0.00111 -0.00325624 0.00157613 0.000856942 -0.00364548 0.00566543 0.0014798 -1.4394e-05 5.3596e-06 -0.00136235 -0.000593201 -0.00127251 -0.00282287
internal_weight=196974 2718.61 256.464 2462.15 2104.18 385.232 357.968 219.257 194255 191460 2795.78 2463.81 2276.95 1565.78
internal_count=196974 1639 503 1136 705 288 431 352 195335 192944 2391 2144 2041 882
is_linear=0
shrinkage=0.05


Tree=110
num_leaves=15
num_cat=0
split_feature=0 17 1 15 2 15 17 1 15 3 4 3 2 3
split_gain=1.30971 12.8792 8.98274 9.32959 8.60303 7.62986 8.45662 7.70847 7.48278 7.59408 7.16135 6.01463 21.3413 6.26923
threshold=0.009569597430527212 0.020204081200063232 0.014185110572725536 0.051507720723748214 0.015038444194942715 0.027242750860750679 0.051315790042281158 0.014389234129339458 0.036243349313735969 0.0076046728063374766 0.0067797389347106227 1.0000000180025095e-35 0.012579114176332952 0.0085107926279306429
decision_type=2 2 2 2 2 2 2 2 2 2 2 2 2 2
left_child=2 8 3 -1 5 -4 -7 -8 9 10 -2 12 -9 -13
right_child=1 -3 4 -5 -6 6 7 11 -10 -11 -12 13 -14 -15
leaf_value=-9.1739946511169162e-05 0.0046830940222434472 2.9586789815146039e-05 -0.0013666381792702151 -0.005537762447599918 -0.0086102455795869139 0.012741337367748604 -0.0091816661151354843 -0.0076599630563806455 0.0098000690032187966 -0.0073184589626153936 -0.0048845464524706443 0.010807276024270333 0.010841040445491574 0.0036601076788753623
leaf_weight=154075.76873939857 1534.4905470348895 36226.837119238451 778.95703268423676 780.43968358822167 159.0282977335155 255.19072266481817 108.71329088136554 377.69818167947233 422.35067721270025 169.94198050908744 215.66700325906277 410.92312774434686 250.68094737268984 1207.3136760611087
leaf_count=157778 1510 32321 1063 746 254 246 73 465 77 231 188 841 67 1114
internal_value=1.14761e-06 0.000262395 -6.2475e-05 -0.000119542 0.00242128 0.00296266 0.00425478 0.00328531 0.00384743 0.00249408 0.00348305 0.0039266 -0.000225103 0.00553023
internal_weight=196974 38569.3 158405 154856 3548.51 3389.48 2610.52 2355.33 2342.45 1920.1 1750.16 2246.62 628.379 1618.24
internal_count=196974 34327 162647 158524 4123 3869 2806 2560 2006 1929 1698 2487 532 1955
is_linear=0
shrinkage=0.05


Tree=111
num_leaves=15
num_cat=0
split_feature=3 2 3 4 1 2 15 0 4 15 2 0 3 15
split_gain=1.32247 4.24306 10.2704 9.79341 16.7038 3.63634 13.0298 3.11728 3.51518 9.84426 5.40628 3.02006 5.41381 5.19937
threshold=0.015749008394777778 0.016001024283468727 0.015038444194942715 1.0000000180025095e-35 0.014185110572725536 0.013986697886139156 0.059242632240056999 0.015749008394777778 0.0082305916585028189 0.044465281069278724 0.015504807699471714 0.0067340831737965354 0.016001024283468727 0.022657839581370357
decision_type=2 2 2 2 2 2 2 2 2 2 2 2 2 2
left_child=1 -1 3 -3 -5 6 11 8 9 -7 -10 13 -13 -2
right_child=5 2 -4 4 -6 7 -8 -9 10 -11 -12 12 -14 -15
leaf_value=9.0227786487666712e-07 -0.0019856245693888252 -0.0059599821969271854 -0.015842182191825819 0.010655835509709399 -0.0084846182091439428 -0.00911753663333968 -0.012237804114158696 0.0027385428488472057 0.0039532674495356126 0.010423800997674953 -0.007609399530104294 -0.011150452215263337 0.0023912245526939266 0.0089936639371394102
leaf_weight=192027.3543393109 187.42485891282558 522.02476144768298 128.19308998249471 308.37382121384144 168.52271760627627 91.780697353184223 216.35588847286999 2172.0619693361223 144.07038731873035 167.94551160745323 293.10039936564863 101.48303771391511 210.69423844106495 234.61530897952616
leaf_count=193493 105 271 114 435 255 88 202 477 206 261 285 124 340 318
internal_value=1.11031e-06 -1.71306e-05 -0.0030624 -0.00128158 0.00385676 0.000921193 -0.00174633 0.00180802 -0.00108991 0.00343637 -0.00379571 0.00146815 -0.00222038 0.00418474
internal_weight=196974 193154 1127.11 998.921 476.897 3819.53 950.573 2868.96 696.897 259.726 437.171 734.217 312.177 422.04
internal_count=196974 194568 1075 961 690 2406 1089 1317 840 349 491 887 464 423
is_linear=0
shrinkage=0.05


Tree=112
num_leaves=15
num_cat=0
split_feature=15 17 1 1 17 4 4 15 1 15 4 3 4 1
split_gain=1.3061 2.85192 2.39844 1.67251 1.60074 18.2172 3.49401 4.90233 10.046 2.28097 2.33249 6.76081 8.00943 8.30513
threshold=0.0063092110212892303 0.0096620614640414732 1.0000000180025095e-35 0.0062696540262550124 0.010256679728627207 0.0067340831737965354 0.0065574476029723891 0.012987286783754827 0.0063492704648524531 0.0070672258734703073 0.0066445916891098031 0.0064309346489608296 0.00766294775530696 0.013606071937829258
decision_type=2 2 2 2 2 2 2 2 2 2 2 2 2 2
left_child=2 -2 -1 -4 5 6 7 -3 -9 -6 -11 12 13 -12
right_child=1 4 3 -5 9 -7 -8 8 -10 10 11 -13 -14 -15
leaf_value=0.0023179861013829738 -0.0009304880899193848 6.8629193417325989e-05 -0.0025775166448132915 0.0015692200759108476 -0.00075724438124125798 0.0079457435435918745 -0.0024929202690839873 0.0084902735956065688 -0.0047168001182480929 0.00018698987792606527 -0.0023300237409140901 0.00032825230834351409 -0.00027936877705522062 0.010959155672660474
leaf_weight=1582.5171364732087 8120.3633889071643 9003.2284934408963 562.82188479788601 413.69777032732964 9678.7838983591646 775.74221114255488 1181.9196708183736 462.15824799798429 199.53333904407918 98293.621264440939 7413.669474568218 31989.240647470579 27186.980638055131 109.72296121902764
leaf_count=1720 8199 8424 372 423 8705 240 934 274 222 100181 6966 30968 29136 210
internal_value=9.70455e-07 -1.38289e-05 0.00112098 -0.000822673 2.6175e-05 0.000594102 6.14945e-05 0.000376127 0.00449675 -1.16464e-05 3.21349e-05 -0.000196065 -0.000679234 -0.00212192
internal_weight=196974 194415 2559.04 976.52 186295 11622.6 10846.8 9664.92 661.692 174672 164993 66699.6 34710.4 7523.39
internal_count=196974 194459 2515 795 186260 10094 9854 8920 496 176166 167461 67280 36312 7176
is_linear=0
shrinkage=0.05


Tree=113
num_leaves=15
num_cat=0
split_feature=4 15 0 4 1 2 15 0 15 17 16 15 15 2
split_gain=1.18489 10.8462 19.0087 16.642 6.68529 8.41873 9.26001 12.1598 8.19789 7.55374 10.3378 7.20048 11.3153 6.61384
threshold=0.0091326101683080214 0.052358970046043403 0.012121656909585001 0.0088890646584332007 0.01183473411947489 0.0072203108575195083 0.025699087418615821 0.009569597430527212 0.03553042188286782 0.060661764815449722 3.5000000000000004 0.029559536837041381 0.027242750860750679 0.0063492704648524531
decision_type=2 2 2 2 2 2 2 2 2 2 2 2 2 2
left_child=1 4 3 -3 -1 8 -7 -8 11 -9 -11 12 -6 -10
right_child=-2 2 -4 -5 5 6 7 9 13 10 -12 -13 -14 -15
leaf_value=-6.8408592442193434e-05 -0.00024964752570500636 0.0048310428798560671 0.00043637711310119676 0.02005561687687343 0.001789983559247612 -0.0095976466195808949 0.0026437586281997582 -0.0080108770750591668 0.0044819274681870917 -0.00856726188859523 0.015156357546618138 -0.0038038839404543495 0.011854209990631803 0.0153042911496324
leaf_weight=148830.20132583752 38043.061996938661 674.21083719283342 2176.3822458963841 239.72617913968861 2991.1809337195009 256.06540939956903 1612.0722764600068 539.9817038718611 474.07220190577209 78.736203126609325 86.332581182941794 473.30612367391586 298.83632154390216 199.83468717336655
leaf_count=147912 37831 625 1400 59 4672 244 1664 479 462 75 139 679 446 287
internal_value=9.67019e-07 6.09682e-05 0.00298935 0.0089983 2.71021e-06 0.0015105 -0.000763106 0.000250247 0.00282773 -0.00518287 0.00399743 0.00190671 0.00273728 0.00786795
internal_weight=196974 158931 3090.32 913.937 155841 7010.42 2573.19 2317.12 4437.23 705.05 165.069 3763.32 3290.02 673.907
internal_count=196974 159143 2084 684 157059 9147 2601 2357 6546 693 214 5797 5118 749
is_linear=0
shrinkage=0.05


Tree=114
num_leaves=15
num_cat=0
split_feature=4 3 3 3 0 15 2 4 15 3 15 17 17 3
split_gain=1.18798 1.9846 4.74058 11.9239 6.3116 3.77773 2.65519 4.11495 2.15239 2.05726 1.95143 5.82746 10.3191 16.7379
threshold=0.016001024283468727 1.0000000180025095e-35 0.014185110572725536 0.013793759513646366 0.015504807699471714 0.060679655522108085 0.015749008394777778 0.016261236742138866 0.038441019132733352 0.0080322581343352812 0.065976146608591094 0.057189542800188072 0.069047622382640853 0.013986697886139156
decision_type=2 2 2 2 2 2 2 2 2 2 2 2 2 2
left_child=10 8 3 5 6 9 7 -4 -2 -3 -1 -12 13 -13
right_child=1 2 4 -5 -6 -7 -8 -9 -10 -11 11 12 -14 -15
leaf_value=9.3424699231849659e-06 0.0011388388232749438 0.013324309783397471 -0.0079660380940865163 0.018477978311292245 0.0016981922893749579 -0.0047083732473575286 -0.011159834252643948 0.0047035190728296665 -0.0083570949820385206 0.002017858835736866 -0.0062821619075895596 -0.0062573789506858643 -0.0021401983586648711 0.0078466171353998131
leaf_weight=190305.67490073666 122.42785862646997 49.960994653403759 130.23538396507502 125.58466785028577 1664.3061414752156 154.2076717428863 123.71041228808463 109.04801645502448 102.67438736185431 136.45934742502868 469.14393473416567 286.15846867859364 2469.538358239457 724.87048283033073
leaf_count=193057 244 201 145 64 341 175 81 113 83 192 196 189 1556 337
internal_value=1.0361e-06 0.00103707 0.0014462 0.00593569 0.000389698 0.000916419 -0.00549436 -0.00223511 -0.00336371 0.0055721 -1.35159e-05 -0.00111212 -0.000399257 0.00383248
internal_weight=196974 2718.61 2493.51 466.213 2027.3 340.628 362.994 239.283 225.102 186.42 194255 3949.71 3480.57 1011.03
internal_count=196974 1639 1312 632 680 568 339 258 327 393 195335 2278 2082 526
is_linear=0
shrinkage=0.05


Tree=115
num_leaves=15
num_cat=0
split_feature=15 17 1 1 2 17 4 4 15 1 15 4 3 3
split_gain=1.1857 2.55694 2.16638 1.51259 1.49634 1.4632 16.4628 3.15628 4.43016 9.09598 2.03979 2.10002 6.42739 10.3003
threshold=0.0063092110212892303 0.0096620614640414732 1.0000000180025095e-35 0.0062696540262550124 1.0000000180025095e-35 0.010256679728627207 0.0067340831737965354 0.0065574476029723891 0.012987286783754827 0.0063492704648524531 0.0070672258734703073 0.0066445916891098031 0.007272823480889202 0.0092167854309082049
decision_type=2 2 2 2 2 2 2 2 2 2 2 2 2 2
left_child=2 -2 4 -4 -1 6 7 8 -3 -10 -7 12 -12 -14
right_child=1 5 3 -5 -6 10 -8 -9 9 -11 11 -13 13 -15
leaf_value=0.0033208830571126932 -0.00088107113258717971 6.8151239448322517e-05 -0.0024479883774291 0.0014954951263763151 9.7435435600709317e-05 -0.00071647100961287125 0.0075564291325161785 -0.0023663915225555069 0.0080776421749510618 -0.0044894033646923548 0.00046424009010178062 -0.00018651890192721888 -0.0013699455712127872 0.00040597284972645028
leaf_weight=1031.2924522869289 8120.3633889071643 9003.2284934408963 562.82188479788601 413.69777032732964 551.22468418627977 9678.7838983591646 775.74221114255488 1181.9196708183736 462.15824799798429 199.53333904407918 65312.237691562623 66699.613721312955 14815.271459391341 18166.112113486975
leaf_count=1248 8199 8424 372 423 472 8705 240 934 274 222 67935 67280 13955 18291
internal_value=9.90257e-07 -1.31105e-05 0.00106813 -0.000779126 0.00220575 2.47682e-05 0.000567747 6.14322e-05 0.000360469 0.00427763 -1.13918e-05 3.00103e-05 0.000176946 -0.000391945
internal_weight=196974 194415 2559.04 976.52 1582.52 186295 11622.6 10846.8 9664.92 661.692 174672 164993 98293.6 32981.4
internal_count=196974 194459 2515 795 1720 186260 10094 9854 8920 496 176166 167461 100181 32246
is_linear=0
shrinkage=0.05


Tree=116
num_leaves=15
num_cat=0
split_feature=0 0 15 2 2 2 1 1 2 2 17 0 16 15
split_gain=1.16633 7.59623 5.76112 6.71289 9.87384 5.06723 6.94311 6.7323 6.82573 13.7858 11.1145 8.40381 6.11814 5.99462
threshold=0.013245614245533945 0.013072453904896976 0.014613108243793251 0.0063898416701704272 0.0066445916891098031 0.0076046728063374766 0.0077221228275448093 0.0072203108575195083 0.013606071937829258 0.013245614245533945 0.048809524625539787 0.015749008394777778 4.5000000000000009 0.033920345827937133
decision_type=2 2 2 2 2 2 2 2 2 2 2 2 2 2
left_child=1 -1 -2 -4 -5 12 7 8 9 10 -7 13 -6 -12
right_child=2 -3 3 4 5 6 -8 -9 -10 -11 11 -13 -14 -15
leaf_value=-8.5129099198899872e-06 0.004476206618141864 -0.0042061333177014337 -0.0020759716047799252 0.010025490251217435 -0.010255298528588773 0.0088941535599515609 -2.1390998607589008e-05 0.011388649943450284 -0.0014991412015599517 0.0144324217730888 -0.010927872712352463 0.0075565209839901911 0.005944658016269061 -0.00046192922372143919
leaf_weight=181302.44642880931 820.11205202899873 1074.229359805584 2638.4614081345499 268.24227515049279 208.31769515015185 358.78367378376424 8237.288476318121 210.28279610350728 788.92515032179654 260.82977890409529 220.90124467760324 175.08696481585503 72.021863393485546 338.07185966521502
leaf_count=184310 678 788 2701 108 314 661 4325 209 1107 179 304 427 93 770
internal_value=9.63676e-07 -3.34669e-05 0.000430862 0.000186984 0.000724396 0.000485878 0.000663944 0.0030532 0.00218602 0.00432898 0.00180859 -0.00172759 -0.00603198 -0.00471735
internal_weight=196974 182377 14597.3 13777.2 11138.8 10870.5 10590.2 2352.88 2142.6 1353.67 1092.84 734.06 280.34 558.973
internal_count=196974 185098 11876 11198 8497 8389 7982 3657 3448 2341 2162 1501 407 1074
is_linear=0
shrinkage=0.05


Tree=117
num_leaves=15
num_cat=0
split_feature=15 1 4 4 3 3 17 17 3 3 17 15 0 0
split_gain=1.17422 5.55659 8.33654 10.6112 12.1132 22.1539 13.8184 11.201 11.8937 13.31 11.0345 9.39841 11.5204 16.4347
threshold=0.018266744911670688 0.0063092110212892303 0.011561079882085325 0.0062696540262550124 0.0065574476029723891 0.011173533275723459 0.03637566231191159 0.032795699313282974 0.0087337908335030096 0.0088107436895370501 0.080128207802772536 0.034875065088272102 0.010582306887954475 0.012121656909585001
decision_type=2 2 2 2 2 2 2 2 2 2 2 2 2 2
left_child=-1 2 3 4 -2 11 -7 8 -5 -10 -9 12 -6 -14
right_child=1 -3 -4 7 5 6 -8 10 9 -11 -12 -13 13 -15
leaf_value=-9.0450491885006796e-05 0.0044792839041444743 -0.00015151171114762793 0.0029412537409033604 -0.0012642953243611347 -0.00022182362945031864 0.0079712824600956782 0.0012736780815794455 -0.0042677604582175418 0.01838288146243738 0.0022569401512150355 0.0089082864205869659 0.012051120406036751 -0.0091427843589912648 0.001338096953475599
leaf_weight=126169.57922396623 2507.0682939141989 46978.019124289975 3765.4244798459113 4211.0108784828335 3251.0581434443593 1184.8474557586014 2180.1177482549101 2653.7900945153087 126.84462207555771 2062.2532082889229 159.77089829184115 113.21019585616887 1030.7226625252515 580.28399755246937
leaf_count=123159 3682 41806 5855 4866 3746 1590 3446 3205 104 3358 407 370 680 700
internal_value=9.99914e-07 0.000163949 0.00078574 0.000379888 0.00143911 0.000520963 0.00364862 -0.000867345 0.000289534 0.00327068 -0.00349065 -0.00159747 -0.00193935 -0.00538261
internal_weight=196974 70804.4 23826.4 20061 10847.3 8340.24 3364.97 9213.67 6400.11 2189.1 2813.56 4975.27 4862.06 1611.01
internal_count=196974 73815 32009 26154 14214 10532 5036 11940 8328 3462 3612 5496 5126 1380
is_linear=0
shrinkage=0.05


Tree=118
num_leaves=15
num_cat=0
split_feature=3 2 3 4 15 2 15 3 0 4 4 1 1 0
split_gain=1.14778 3.89342 9.27697 9.74289 10.836 3.3856 11.6035 2.85196 2.81209 7.35527 3.57515 2.90528 10.4965 2.72179
threshold=0.015749008394777778 0.016001024283468727 0.014815627597272398 1.0000000180025095e-35 0.064001988619565978 0.013986697886139156 0.059242632240056999 0.013606071937829258 0.0090499590151011961 0.0064309346489608296 0.0062696540262550124 0.015749008394777778 0.010929288342595102 0.0067340831737965354
decision_type=2 2 2 2 2 2 2 2 2 2 2 2 2 2
left_child=1 -1 3 -3 -5 6 13 -6 10 -10 -7 12 -11 -2
right_child=5 2 -4 4 7 8 -8 -9 9 11 -12 -13 -14 -15
leaf_value=1.3431347364285024e-06 0.0038982997602430638 -0.0054254061081516897 -0.012678231929155074 0.011687664033392721 -0.0090857839475252181 -0.010179302732062211 -0.011615815765355473 0.0028067003368506542 0.0089429952229533819 0.0084484326059565597 0.0023617854655235255 0.0021476405983548242 -0.0061808333559134664 -0.0021814128306983007
leaf_weight=192027.3543393109 422.04016789235175 511.97517807036638 191.08525460772216 234.64738162606955 107.80189303122461 99.21654898673296 216.35588847286999 81.604682914912701 337.65860847756267 163.62813925556839 112.18658049218357 1746.9634364955127 409.30565127357841 312.17727615498006
leaf_count=193493 423 265 153 401 156 108 202 100 153 217 181 411 247 464
internal_value=1.06275e-06 -1.59308e-05 -0.00293303 -0.000830616 0.00471402 0.000858226 -0.00171553 -0.00407818 0.00171399 0.0021584 -0.00371797 0.00113677 -0.0019295 0.00131873
internal_weight=196974 193154 1127.11 936.029 424.054 3819.53 950.573 189.407 2868.96 2657.56 211.403 2319.9 572.934 734.217
internal_count=196974 194568 1075 922 657 2406 1089 256 1317 1028 289 875 464 887
is_linear=0
shrinkage=0.05


Tree=119
num_leaves=15
num_cat=0
split_feature=15 17 3 0 15 4 2 0 17 4 4 15 1 15
split_gain=1.08135 2.28076 1.99753 1.54823 1.55701 1.43858 1.81147 1.44232 1.34892 14.8772 2.87326 4.19413 6.59844 1.81102
threshold=0.0063092110212892303 0.0096620614640414732 0.0062696540262550124 1.0000000180025095e-35 0.0062696540262550124 1.0000000180025095e-35 1.0000000180025095e-35 0.0064725596457719812 0.010256679728627207 0.0067340831737965354 0.0066007319837808618 0.012987286783754827 0.0063492704648524531 0.0070672258734703073
decision_type=2 2 2 2 2 2 2 2 2 2 2 2 2 2
left_child=2 5 3 4 -1 6 7 -2 9 10 11 -3 -13 -10
right_child=1 8 -4 -5 -6 -7 -8 -9 13 -11 -12 12 -14 -15
leaf_value=-0.0012591975465880293 0.00016448571181501385 2.5901560791392285e-05 0.0050943361793464566 0.0038347875207577196 0.0015240204489489621 -0.0024972129555781287 -0.0018892665192752169 -0.0029654232786534285 -0.00067580854639755184 0.0071882412165091454 -0.0026142662506931629 0.007295441409347056 -0.0029953235015887513 2.7567149520614093e-05
leaf_weight=1073.7256999276578 4742.6300369761884 9241.2450033985078 259.44433453679085 298.9227751083672 926.94398202560842 1109.6936590895057 1879.0559810791165 388.98371176235378 9678.7838983591646 775.74221114255488 907.38578600995243 475.59617686085403 222.61278503201902 164993.23498575389
leaf_count=959 5174 8630 274 423 859 1000 1646 379 8705 240 706 285 233 167461
internal_value=9.66373e-07 -1.24996e-05 0.00102007 0.000540334 3.14806e-05 -0.000832246 -0.000565522 -7.8072e-05 2.32749e-05 0.000544619 6.32982e-05 0.000310118 0.00401843 -1.14442e-05
internal_weight=196974 194415 2559.04 2299.59 2000.67 8120.36 7010.67 5131.61 186295 11622.6 10846.8 9939.45 698.209 174672
internal_count=196974 194459 2515 2241 1818 8199 7199 5553 186260 10094 9854 9148 518 176166
is_linear=0
shrinkage=0.05


end of trees

feature_importances:
Column_15=326
Column_1=258
Column_0=238
Column_4=235
Column_3=233
Column_2=195
Column_17=172
Column_16=23

parameters:
[boosting: gbdt]
[objective: regression]
[metric: l2]
[tree_learner: serial]
[device_type: cpu]
[data_sample_strategy: bagging]
[data: ]
[valid: ]
[num_iterations: 120]
[learning_rate: 0.05]
[num_leaves: 15]
[num_threads: 2]
[seed: 20260928]
[deterministic: 1]
[force_col_wise: 1]
[force_row_wise: 0]
[histogram_pool_size: -1]
[max_depth: -1]
[min_data_in_leaf: 100]
[min_sum_hessian_in_leaf: 0.001]
[bagging_fraction: 1]
[pos_bagging_fraction: 1]
[neg_bagging_fraction: 1]
[bagging_freq: 0]
[bagging_seed: 8287]
[bagging_by_query: 0]
[feature_fraction: 1]
[feature_fraction_bynode: 1]
[feature_fraction_seed: 24490]
[extra_trees: 0]
[extra_seed: 6370]
[early_stopping_round: 0]
[early_stopping_min_delta: 0]
[first_metric_only: 0]
[max_delta_step: 0]
[lambda_l1: 0]
[lambda_l2: 10]
[linear_lambda: 0]
[min_gain_to_split: 0]
[drop_rate: 0.1]
[max_drop: 50]
[skip_drop: 0.5]
[xgboost_dart_mode: 0]
[uniform_drop: 0]
[drop_seed: 1862]
[top_rate: 0.2]
[other_rate: 0.1]
[min_data_per_group: 100]
[max_cat_threshold: 32]
[cat_l2: 10]
[cat_smooth: 10]
[max_cat_to_onehot: 4]
[top_k: 20]
[monotone_constraints: ]
[monotone_constraints_method: basic]
[monotone_penalty: 0]
[feature_contri: ]
[forcedsplits_filename: ]
[refit_decay_rate: 0.9]
[cegb_tradeoff: 1]
[cegb_penalty_split: 0]
[cegb_penalty_feature_lazy: ]
[cegb_penalty_feature_coupled: ]
[path_smooth: 0]
[interaction_constraints: ]
[verbosity: -1]
[saved_feature_importance_type: 0]
[use_quantized_grad: 0]
[num_grad_quant_bins: 4]
[quant_train_renew_leaf: 0]
[stochastic_rounding: 1]
[linear_tree: 0]
[max_bin: 255]
[max_bin_by_feature: ]
[min_data_in_bin: 3]
[bin_construct_sample_cnt: 232756]
[data_random_seed: 5112]
[is_enable_sparse: 1]
[enable_bundle: 1]
[use_missing: 1]
[zero_as_missing: 0]
[feature_pre_filter: 1]
[pre_partition: 0]
[two_round: 0]
[header: 0]
[label_column: ]
[weight_column: ]
[group_column: ]
[ignore_column: ]
[categorical_feature: ]
[forcedbins_filename: ]
[precise_float_parser: 0]
[parser_config_file: ]
[objective_seed: 23271]
[num_class: 1]
[is_unbalance: 0]
[scale_pos_weight: 1]
[sigmoid: 1]
[boost_from_average: 1]
[reg_sqrt: 0]
[alpha: 0.9]
[fair_c: 1]
[poisson_max_delta_step: 0.7]
[tweedie_variance_power: 1.5]
[lambdarank_truncation_level: 30]
[lambdarank_norm: 1]
[label_gain: ]
[lambdarank_position_bias_regularization: 0]
[eval_at: ]
[multi_error_top_k: 1]
[auc_mu_weights: ]
[num_machines: 1]
[local_listen_port: 12400]
[time_out: 120]
[machine_list_filename: ]
[machines: ]
[gpu_platform_id: -1]
[gpu_device_id: -1]
[gpu_device_id_list: ]
[gpu_use_dp: 0]
[num_gpu: 1]

end of parameters

pandas_categorical:null
