tree
version=v4
num_class=1
num_tree_per_iteration=1
label_index=0
max_feature_idx=56
objective=binary sigmoid:1
feature_names=Column_0 Column_1 Column_2 Column_3 Column_4 Column_5 Column_6 Column_7 Column_8 Column_9 Column_10 Column_11 Column_12 Column_13 Column_14 Column_15 Column_16 Column_17 Column_18 Column_19 Column_20 Column_21 Column_22 Column_23 Column_24 Column_25 Column_26 Column_27 Column_28 Column_29 Column_30 Column_31 Column_32 Column_33 Column_34 Column_35 Column_36 Column_37 Column_38 Column_39 Column_40 Column_41 Column_42 Column_43 Column_44 Column_45 Column_46 Column_47 Column_48 Column_49 Column_50 Column_51 Column_52 Column_53 Column_54 Column_55 Column_56
feature_infos=[0:0.016393441706895828] [0:0.016393441706895828] [0:0.016393441706895828] [0:0.016393441706895828] [0:0.016393441706895828] [0:1] [0:1] [0:1] [0:1] [0:1] [0:1] [0:1] [0:1] [0:1] [0:1] [0:0.081967204809188843] [0:5] [0.00099009904079139233:0.090909093618392944] [0:6.6895990371704102] [0:0.81786376237869263] [0:0.22863689064979553] [0:0.93925231695175171] [0:6.8012828826904297] [0:6.3189682960510254] [0:0.96773183345794678] [0:0.15015152096748352] [0:0.9943925142288208] [0:6.3595738410949707] [0:6.1737861633300781] [0:0.98961734771728516] [0:0.34936872124671936] [0:0.99781179428100586] [0:6.2146081924438477] [0:4.2904596328735352] [0:0.80281984806060791] [0:0.23415222764015198] [0:0.9838709831237793] [0:4.3438053131103516] [0:3.0910425186157227] [0:0.80281984806060791] [0:0.22467887401580811] [0:0.95652174949645996] [0:3.0910425186157227] [0:6.1841487884521484] [0:0.97844058275222778] [0:0.29898670315742493] [0:0.99568033218383789] [0:6.226536750793457] [0:1.0000004768371582] [0:1.0000003576278687] [0:0.44779112935066223] [0:1] [0:1] [0:1] [0:1] [0:1] [0:1]
tree_sizes=1695 1768 1775 1778 1779 1780 1780 1769 1780 1783 1793 1787 1793 1787 1790 1783 1774 1784 1790 1773 1790 1784 1792 1778 1787 1784 1794 1787 1796 1792 1792 1770 1783 1794 1787 1787 1788 1779 1787 1812 1788 1784 1790 1788 1803 1788 1796 1797 1788 1785 1787 1787 1793 1798 1783 1793 1778 1791 1788 1784 1793 1794 1796 1805 1785 1788 1799 1793 1788 1764 1791 1788 1779 1812 1793 1785 1774 1791 1800 1767 1781 1810 1792 1769 1793 1781 1766 1780 1796 1795 1763 1805 1785 1771 1794 1796 1797 1780 1773 1797 1809 1789 1791 1797 1806 1774 1778 1761 1792 1776 1770 1779 1800 1789 1793 1804 1788 1774 1793 1788

Tree=0
num_leaves=15
num_cat=0
split_feature=27 33 56 28 27 31 48 28 37 27 36 43 22 37
split_gain=19432.2 9271.38 13501.1 11085.6 10709.6 16923.7 9956.56 6621.73 7521.11 10108 6338.17 5154.24 4571.29 4020.54
threshold=3.113268375396729 1.2424533367156985 1.0000000180025095e-35 3.8606742620468144 5.349008560180665 0.80981242656707775 0.41052861511707311 1.0000000180025095e-35 1.2424533367156985 6.3587081432342538 0.7379862666130067 6.0969495773315439 6.7984981536865243 1.8688347935676577
decision_type=2 2 2 2 2 2 2 2 2 2 2 2 2 2
left_child=-1 2 7 6 5 12 -4 11 -9 -10 -5 -2 -3 -7
right_child=1 4 3 10 -6 13 -8 8 9 -11 -12 -13 -14 -15
leaf_value=1.1036895596116512 1.0424886868661849 1.181414239244297 1.0694115486113192 1.0925230959754078 1.3076030929472797 1.291952213047513 1.282961213522932 1.2755138908205226 1.246143711535221 1.0346692849672769 1.3122106009332879 1.3055088616865116 1.3029714316337102 1.1063769244026387
leaf_weight=2175.181024084799 600.26890313997865 911.56279602274299 669.66646283119917 3191.0541339069605 13618.718480249867 330.21862137317657 2762.1461770907044 17027.094242264982 2030.3135524108075 773.13293899595737 360.49854385852814 262.91086184978485 4831.7792699337006 2267.5685511343181
leaf_count=13651 1468 16446 609 5630 40991 390 5495 182419 12880 483 217 366 4122 14080
internal_value=1.24962 1.25604 1.23679 1.17673 1.28029 1.23568 1.24089 1.25709 1.26301 1.18727 1.11494 1.12232 1.28359 1.13004
internal_weight=51812.1 49636.9 27677.1 6983.37 21959.8 8341.13 3431.81 20693.7 19830.5 2803.45 3551.55 863.18 5743.34 2597.79
internal_count=299247 285596 209567 11951 76029 35038 6104 197616 195782 13363 5847 1834 20568 14470
is_linear=0
shrinkage=1


Tree=1
num_leaves=15
num_cat=0
split_feature=27 33 56 27 31 28 48 47 47 22 33 22 36 22
split_gain=16258.8 8480.41 11640.8 10066.7 14461.1 8882.94 8278.28 5812.32 15389.7 8319.8 7502.25 8252.36 5075.53 4176.83
threshold=3.113268375396729 1.2424533367156985 1.0000000180025095e-35 5.349008560180665 0.80981242656707775 3.8606742620468144 0.41052861511707311 4.388237953186036 4.9927642345428476 6.7804884910583505 0.89587974548339855 6.8007264137268075 0.7379862666130067 6.7984981536865243
decision_type=2 2 2 2 2 2 2 2 2 2 2 2 2 2
left_child=-1 2 7 4 13 6 -4 -2 9 -9 -10 -12 -7 -3
right_child=1 3 5 -5 -6 12 -8 8 10 -11 11 -13 -14 -15
leaf_value=-0.1281441718542948 0.046591028903976324 -0.062437283903632713 -0.15574409427400182 0.056969260999509032 -0.10640257991888791 -0.13713660652357174 0.032294662795086353 0.0499230749632417 0.038689752090336905 -0.13375287031061342 0.044183558553469192 -0.18569145217818295 0.061688399215860439 0.052277895856799012
leaf_weight=2349.581709284801 6422.563433829695 945.9225415494293 735.74856120347977 13180.223019153345 2768.5299503803253 3466.1963558644056 2711.0281257480383 767.45303297042847 8823.5610363804735 3033.9526430517435 717.47840248001739 838.29621291160583 347.96811604499817 4688.6422137022018
leaf_count=13651 24145 16446 609 40991 14470 5630 5495 14248 142381 11548 4826 468 217 4122
internal_value=8.1841e-05 0.00619939 -0.0120232 0.0297196 -0.0130383 -0.0664154 -0.0081785 0.00716841 -0.0107066 -0.0966375 0.020828 -0.0800746 -0.118884 0.0329432
internal_weight=51797.1 49447.6 27864.2 21583.3 8403.09 7260.94 3446.78 20603.3 14180.7 3801.41 10379.3 1555.77 3814.16 5634.56
internal_count=299247 285596 209567 76029 35038 11951 6104 197616 173471 25796 147675 5294 5847 20568
is_linear=0
shrinkage=0.05


Tree=2
num_leaves=15
num_cat=0
split_feature=27 37 36 28 22 22 31 32 48 22 22 36 37 36
split_gain=13829.6 7779.93 15607.3 11131.7 7214.53 7190.56 6662.57 8252.82 7010.07 6382.8 4841.21 6483.9 4164.87 3913.21
threshold=3.113268375396729 3.1984648704528813 0.40129870176315313 1.0000000180025095e-35 6.7996129989624032 6.7804884910583505 0.75882840156555187 6.1354806423187265 0.61715480685234081 6.8007264137268075 6.7996129989624032 0.70900535583496105 1.8688347935676577 0.93276837468147289
decision_type=2 2 2 2 2 2 2 2 2 2 2 2 2 2
left_child=-1 2 4 -4 -2 -3 13 10 9 -9 -8 -12 -13 -5
right_child=1 5 3 6 -6 -7 7 8 -10 -11 11 12 -14 -15
leaf_value=-0.11437607575591649 -0.01098975837105029 -0.1102861444842189 -0.12163828911972817 0.044510989939539031 -0.15382503621091864 0.058082209304895896 0.004302270336482378 0.05347084881353445 0.050988478946623464 -0.16270772772505879 -0.094669201431284544 0.035154178376447048 -0.15110079313597899 -0.12782261494970101
leaf_weight=2497.8159197974019 1413.7019110312685 673.17255807667971 1611.1473390460014 12937.701475692447 2356.9338934421539 8972.9345798715949 5227.9394922424108 585.70246186852455 7406.4487457610667 795.95759439468384 4500.7239356637001 2016.5981575846672 342.34284454584122 328.57737124152482
leaf_count=13651 14310 12970 2022 145728 1918 18972 50315 3049 28610 410 3957 1839 277 1219
internal_value=0.000155908 0.00599617 -0.0038325 0.00638162 -0.100443 0.0462302 0.0124567 -0.00515265 0.0316967 -0.0713413 -0.0319474 -0.0595404 0.00760007 0.0401496
internal_weight=51667.7 49169.9 39523.8 35753.1 3770.64 9646.11 34142 20875.7 8788.11 1381.66 12087.6 6859.66 2358.94 13266.3
internal_count=299247 285596 253654 237426 16228 31942 235404 88457 32069 3459 56388 6073 2116 146947
is_linear=0
shrinkage=0.05


Tree=3
num_leaves=15
num_cat=0
split_feature=27 37 36 28 22 31 32 48 22 22 22 36 37 43
split_gain=11906.8 7232.95 13452.4 9614.98 6515.26 6156.24 7437.72 6403.97 5824.61 5391.47 4174.18 5431.81 3590.79 3562.05
threshold=3.113268375396729 3.1984648704528813 0.41885964572429663 1.0000000180025095e-35 6.7804884910583505 0.75882840156555187 6.1354806423187265 0.61715480685234081 6.7996129989624032 6.8007264137268075 6.7996129989624032 0.70900535583496105 1.8688347935676577 6.0969495773315439
decision_type=2 2 2 2 2 2 2 2 2 2 2 2 2 2
left_child=-1 2 8 13 -3 -5 10 9 -2 -8 -7 -12 -13 -4
right_child=1 4 3 5 -6 6 7 -9 -10 -11 11 12 -14 -15
leaf_value=-0.10335429530752788 -0.01004470293091749 -0.099673788901814969 -0.14074296457079988 0.039074333663331927 0.057178959861931423 0.0040986735186079142 0.052475437774612034 0.049951478392451593 -0.13628877296488698 -0.14558442803663435 -0.08584926015751064 0.034113349150783789 -0.13432732425454327 0.056391577335086901
leaf_weight=2623.5295117078349 1429.1449102130719 707.70565071329474 1430.5116446837783 12950.252789740916 8666.8797840848565 5215.3306151130237 567.62244651466608 7186.9948101900518 2531.3999606966972 844.87663602828979 4698.0995445847511 1975.5821219682693 366.40145480632782 266.85068321228027
leaf_count=13651 14360 12970 1656 146916 18972 50312 3049 28594 1927 410 3948 1839 277 366
internal_value=0.000206601 0.00578985 -0.00359176 0.00616802 0.0452442 0.0120115 -0.0048043 0.0308212 -0.0908742 -0.0661833 -0.0298071 -0.0548948 0.00730186 -0.109602
internal_weight=51461.2 48837.7 39463.1 35502.5 9374.59 33805.2 20854.9 8599.49 3960.54 1412.5 12255.4 7040.08 2341.98 1697.36
internal_count=299247 285596 253654 237367 31942 235345 88429 32053 16287 3459 56376 6064 2116 2022
is_linear=0
shrinkage=0.05


Tree=4
num_leaves=15
num_cat=0
split_feature=27 37 36 32 22 31 32 48 22 22 22 36 44 36
split_gain=10349.6 6731.42 11712 8417.5 5940.69 5682.46 6737.58 5874.81 4788.46 4640.74 3637.97 4616.05 3563.64 3539.64
threshold=3.113268375396729 3.1984648704528813 0.41885964572429663 1.0000000180025095e-35 6.7804884910583505 0.75882840156555187 6.1354806423187265 0.61715480685234081 6.7996129989624032 6.8007264137268075 6.7996129989624032 0.68210527300834667 0.8831363618373872 0.93276837468147289
decision_type=2 2 2 2 2 2 2 2 2 2 2 2 2 2
left_child=-1 2 8 -4 -3 13 10 9 -2 -8 12 -12 -7 -5
right_child=1 4 3 5 -6 6 7 -9 -10 -11 11 -13 -14 -15
leaf_value=-0.094298146776116198 -0.0094930456205309655 -0.090905790062316139 -0.1007423064538252 0.04237118942081472 0.056318601858883988 0.012024879700423312 0.051515394156513142 0.048947055536642539 -0.12270264226193234 -0.13242017430938055 -0.079822253233834642 0.0044801631348999294 -0.20592570514028857 -0.11826455773686076
leaf_weight=2729.7262626513839 1436.9596345489845 737.31164078041911 1746.7772172689438 12324.414864521008 8367.0865647494793 5018.5575684620999 549.9279320538044 6973.4104015119374 2668.3463703989983 882.35794162750244 4730.1793318986893 2468.3209612965584 184.82000386714935 343.33442541956902
leaf_count=13651 14360 12970 1841 145878 18972 45152 3049 28594 1927 410 3777 2287 5160 1219
internal_value=0.000245362 0.00559241 -0.00337959 0.00594435 0.0443091 0.0115398 -0.00453574 0.030003 -0.0831958 -0.0619304 -0.0279506 -0.0509494 0.0039033 0.0379276
internal_weight=51161.5 48431.8 39327.4 35222.1 9104.4 33475.3 20807.6 8405.7 4105.31 1432.29 12401.9 7198.5 5203.38 12667.7
internal_count=299247 285596 253654 237367 31942 235526 88429 32053 16287 3459 56376 6064 50312 147097
is_linear=0
shrinkage=0.05


Tree=5
num_leaves=15
num_cat=0
split_feature=27 37 36 28 22 31 32 48 32 22 22 36 47 36
split_gain=9064.24 6270.49 10277.9 7400.38 5443.63 5286.53 6112.68 5406.25 4210.05 4052.16 3182.26 4058.12 3395.91 3161.06
threshold=3.113268375396729 3.1984648704528813 0.41885964572429663 1.0000000180025095e-35 6.7804884910583505 0.75882840156555187 6.1354806423187265 0.61715480685234081 4.5950689315795907 6.8007264137268075 6.7996129989624032 0.78817948698997509 4.770540952682496 0.93276837468147289
decision_type=2 2 2 2 2 2 2 2 2 2 2 2 2 2
left_child=-1 2 8 -4 -3 13 10 9 -2 -8 12 -12 -7 -5
right_child=1 4 3 5 -6 6 7 -9 -10 -11 11 -13 -14 -15
leaf_value=-0.086699345442835377 -0.098228646118242516 -0.08351683350576071 -0.092166765899375724 0.041429539948533767 0.055496428355337191 0.027475068021186669 0.050586633724972074 0.047970210147247158 0.038663323346687317 -0.12197594834054049 -0.067412771717822603 0.021421552293199329 -0.064845963833907574 -0.10663062794367506
leaf_weight=2818.9397696806118 3562.411723293364 762.60465396568179 1819.5743417367339 11996.906621923205 8074.0847789235413 3860.3167508039623 532.64727055281401 6765.1644255593419 660.85650071501732 910.08850359916687 5690.6157828569412 1654.6820228099823 1331.3068271321245 362.3146844599396
leaf_count=13651 9844 12970 2022 145697 18972 24969 3049 28594 6443 410 4482 1582 25343 1219
internal_value=0.000274278 0.00540081 -0.00318995 0.00572707 0.0434188 0.011134 -0.00429044 0.0292323 -0.0767671 -0.0583575 -0.0262435 -0.0473991 0.0037217 0.0370064
internal_weight=50802.5 47983.6 39146.9 34923.6 8836.69 33104 20744.8 8207.9 4223.27 1442.74 12536.9 7345.3 5191.62 12359.2
internal_count=299247 285596 253654 237367 31942 235345 88429 32053 16287 3459 56376 6064 50312 146916
is_linear=0
shrinkage=0.05


Tree=6
num_leaves=15
num_cat=0
split_feature=27 37 36 32 22 31 32 48 22 22 43 36 22 37
split_gain=7988.04 5844.21 9055.54 6541.92 5007.95 4898.2 5567.18 4987.33 3654.69 3578.14 2899.06 2835.99 2805.09 3647.67
threshold=3.113268375396729 3.1984648704528813 0.40129870176315313 1.0000000180025095e-35 6.7804884910583505 0.75882840156555187 6.1354806423187265 0.61715480685234081 6.7996129989624032 6.8007264137268075 6.0969495773315439 0.93276837468147289 6.7996129989624032 1.8688347935676577
decision_type=2 2 2 2 2 2 2 2 2 2 2 2 2 2
left_child=-1 2 8 10 -3 11 12 9 -2 -8 -4 -5 -7 -14
right_child=1 4 3 5 -6 6 7 -9 -10 -11 -12 -13 13 -15
leaf_value=-0.080212153456059532 -0.0070472435083603971 -0.077187163397920075 -0.11223255699230868 0.040330978723042539 0.054708220069713979 0.0035624978297398207 0.049685518145480084 0.047019474347698265 -0.10419706913645908 -0.11348468520508559 0.05902484012983325 -0.097108806572034301 -0.025868528163876144 -0.11056850846891023
leaf_weight=2893.3396587595344 1466.8183749937452 784.11448436975479 1567.9423568248749 11712.381377181038 7788.2969177737832 5178.7247020099312 515.80291080474854 6563.2742548249662 2845.849725484848 929.47430086135864 286.50013840198517 378.48071265406907 5867.8040661215782 1616.317624270916
leaf_count=13651 14310 12970 1475 145909 18972 50315 3049 28610 1918 410 366 1219 4872 1201
internal_value=0.000300053 0.00521991 -0.0030131 0.00550588 0.0425679 0.0106873 -0.0041005 0.0285065 -0.0712474 -0.0553098 -0.0855997 0.035952 -0.0247288 -0.044284
internal_weight=50395.1 47501.8 38929.4 34616.7 8572.41 32762.3 20671.4 8008.55 4312.67 1445.28 1854.44 12090.9 12662.8 7484.12
internal_count=299247 285596 253654 237426 31942 235585 88457 32069 16228 3459 1841 147128 56388 6073
is_linear=0
shrinkage=0.05


Tree=7
num_leaves=15
num_cat=0
split_feature=27 33 27 31 22 32 28 31 36 49 22 47 22 43
split_gain=7074.62 5561.8 7683.82 7198.09 5794.76 7846.96 7595.92 5446.56 4808.79 4423.83 3415.96 5455.79 3211.45 2550.26
threshold=3.113268375396729 1.2424533367156985 5.349008560180665 0.80981242656707775 6.7984981536865243 4.1026091575622567 1.0000000180025095e-35 0.86493459343910228 0.7379862666130067 0.62712392210960399 6.7929053306579599 4.2696731090545663 6.7984981536865243 6.0969495773315439
decision_type=2 2 2 2 2 2 2 2 2 2 2 2 2 2
left_child=-1 4 3 12 10 6 13 -8 9 -7 11 -2 -3 -6
right_child=1 2 -4 -5 5 8 7 -9 -10 -11 -12 -13 -14 -15
leaf_value=-0.074592927584840471 -0.14902149468842893 -0.052925637412841779 0.052674213105657001 -0.068103362216026156 -0.10439653263049838 -0.083615482729409829 0.053269976199031357 -0.064137942144185972 0.053915856384346109 0.021877019403038045 0.054274787493667445 0.012811247621126757 0.047207514739833228 0.05786112591415761
leaf_weight=2954.8028890788555 577.74617101624608 993.73043667525053 11122.913076087832 3298.1257467977703 1611.3380638360977 7323.7253242731094 5624.0349577069283 1188.9439658224583 865.47336763143539 1145.3481435775757 4417.967879191041 4562.675217110198 3967.0951172709465 278.06494724750519
leaf_count=13651 4376 16446 40991 14470 1483 6207 5910 1348 958 1143 17065 170711 4122 366
internal_value=0.000316657 0.00504324 0.0255648 -0.010965 -0.00937431 -0.0260489 0.00810717 0.032717 -0.0578664 -0.0693398 0.0220854 -0.0056316 0.0270832 -0.080338
internal_weight=49932 46977.2 19381.9 8258.95 27595.3 18036.9 8702.38 6812.98 9334.55 8469.07 9558.39 5140.42 4960.83 1889.4
internal_count=299247 285596 76029 35038 209567 17415 9107 7258 8308 7350 192152 175087 20568 1849
is_linear=0
shrinkage=0.05


Tree=8
num_leaves=15
num_cat=0
split_feature=27 37 36 28 22 31 32 48 32 22 36 43 22 36
split_gain=6294.42 5132.83 7469.12 5264.26 4335.05 4273.28 4765 4282.45 3225.07 2999.93 2424.75 2240.74 2227.69 3101.41
threshold=3.113268375396729 3.1984648704528813 0.40129870176315313 1.0000000180025095e-35 6.7804884910583505 0.75882840156555187 6.1354806423187265 0.61715480685234081 4.8531885147094735 6.8007264137268075 0.93276837468147289 6.0969495773315439 6.7996129989624032 0.78817948698997509
decision_type=2 2 2 2 2 2 2 2 2 2 2 2 2 2
left_child=-1 2 8 11 -3 10 12 9 -2 -8 -5 -4 -7 -14
right_child=1 4 3 5 -6 6 7 -9 -10 -11 -12 -13 13 -15
leaf_value=-0.069664911087985268 -0.081489965079503804 -0.06776084655485759 -0.097039355882216405 0.038676046366262491 0.053334317170448765 0.0031082866010947747 0.048800036130581627 0.045443834624212961 0.038794641297211746 -0.10173455894019477 -0.085502829897782517 0.056758014555544425 -0.056030049319322643 0.021424324369880617
leaf_weight=3004.9644771213643 3771.2602784838527 813.99958211556077 1642.0332363322377 11162.512147677829 7269.3650795705616 5136.6984722875059 498.49119734764099 6225.628710206598 647.44911457411945 946.95380258560181 398.26442583743483 269.70290279388428 6016.7116072773933 1639.4559032917023
leaf_count=13651 9876 12970 1656 145728 18972 50315 3049 28610 6352 410 1219 366 4491 1582
internal_value=0.000343585 0.00488775 -0.00274667 0.00522154 0.0410713 0.0100419 -0.00368815 0.027448 -0.0638175 -0.049841 0.0343279 -0.0751596 -0.0223654 -0.039438
internal_weight=49443.5 46438.5 38355.2 33936.5 8083.36 32024.7 20463.9 7671.07 4418.71 1445.44 11560.8 1911.74 12792.9 7656.17
internal_count=299247 285596 253654 237426 31942 235404 88457 32069 16228 3459 146947 2022 56388 6073
is_linear=0
shrinkage=0.05


Tree=9
num_leaves=15
num_cat=0
split_feature=27 37 36 47 47 37 36 22 22 41 22 32 31 46
split_gain=5618.27 4791.07 6695.41 7467.31 11720.1 6893.76 6596.81 4018.98 3536.49 2704.15 3029.16 2233.22 3900.01 2460.04
threshold=3.113268375396729 3.1984648704528813 0.63397127389907848 4.3502571582794198 4.9927642345428476 3.0129330158233647 0.56832298636436474 6.7804884910583505 6.7929053306579599 0.82971012592315685 6.7996129989624032 4.0251922607421884 0.82113638520240795 0.98164147138595592
decision_type=2 2 2 2 2 2 2 2 2 2 2 2 2 2
left_child=-1 2 3 5 -5 8 -6 -3 -2 11 -11 12 -4 -13
right_child=1 7 9 4 6 -7 -8 -9 -10 10 -12 13 -14 -15
leaf_value=-0.065296704247250426 -0.052210011112083815 -0.063379987696954118 0.030720816468965711 -0.077784698089924942 0.030862667862839917 -0.086733461267780865 -0.10302693223154423 0.052622837575995708 0.057729418771449742 0.052882925638905787 -0.11725386036916717 0.050216821719490927 -0.060583524344978004 -0.14747225423487514
leaf_weight=3045.2557676644064 838.10225291363895 827.08502605184913 4273.8008680529892 8694.8928938973695 5776.9542773112189 1218.1964947581291 1083.9577982118353 7006.0916602499783 5391.1208738386631 416.89913516119123 671.98230254650116 7914.7331300722435 1598.8676212020218 151.12767189182341
leaf_count=13651 10092 12970 20255 24490 132173 956 880 18972 12654 1375 625 38889 7420 3845
internal_value=0.000355146 0.00472757 -0.00260986 -0.0195633 -0.0392664 0.021589 0.00959025 0.0403092 0.0428778 0.0233374 -0.0522253 0.0292736 0.00580196 0.0463348
internal_weight=48909.1 45863.8 38030.6 23003.2 15555.8 7447.42 6860.91 7833.18 6229.22 15027.4 1088.88 13938.5 5872.67 8065.86
internal_count=299247 285596 253654 181245 157543 23702 133053 31942 22746 72409 2000 70409 27675 42734
is_linear=0
shrinkage=0.05


Tree=10
num_leaves=15
num_cat=0
split_feature=27 37 36 28 22 31 32 48 32 22 32 46 48 44
split_gain=5031.04 4471.31 6145.64 4364.63 3733.18 3653.61 3999.79 3660.22 2584.55 2468.94 2309.2 4569.86 1940.99 2175.82
threshold=3.113268375396729 3.1984648704528813 0.40129870176315313 1.0000000180025095e-35 6.7804884910583505 0.75882840156555187 6.1354806423187265 0.61715480685234081 4.8531885147094735 6.8007264137268075 3.4334666728973393 0.49166435003280645 0.71992215514183056 0.93849658966064464
decision_type=2 2 2 2 2 2 2 2 2 2 2 2 2 2
left_child=-1 2 8 -4 -3 10 12 9 -2 -8 -5 -12 -7 -14
right_child=1 4 3 5 -6 6 7 -9 -10 -11 11 -13 13 -15
leaf_value=-0.061388588414032913 -0.07243327159110817 -0.059461711464078949 -0.067979125002713511 0.054849762773584457 0.051932542311492337 -0.059642224454556206 0.047330702488822339 0.04378143063971969 0.036805544640648884 -0.091775769127794518 -0.089728392122652448 0.030445312095435734 -0.0071742171632808343 -0.17051041676852324
leaf_weight=3076.9340183706954 3874.3474901206791 837.87220457941294 1921.4216537475586 5659.0309150479734 6750.8748500272632 2472.4386344403028 471.15244618803263 5876.5285697244108 622.87461119005457 945.75714778900146 951.74264804949053 4450.0357404062524 10235.630178494379 198.07301105931401
leaf_count=13651 9876 12970 2022 16643 18972 5466 3049 28610 6352 410 8655 121649 46267 4655
internal_value=0.000372371 0.00458301 -0.00247247 0.00496742 0.0395715 0.00947139 -0.00317981 0.0263956 -0.0572554 -0.0455124 0.0325574 0.00914516 -0.0199008 -0.0104353
internal_weight=48344.7 45267.8 37679 33181.8 7588.75 31260.4 20199.6 7293.44 4497.22 1416.91 11060.8 5401.78 12906.1 10433.7
internal_count=299247 285596 253654 237426 31942 235404 88457 32069 16228 3459 146947 130304 56388 50922
is_linear=0
shrinkage=0.05


Tree=11
num_leaves=15
num_cat=0
split_feature=37 36 47 32 48 27 31 22 32 27 36 22 47 37
split_gain=4708.15 6072.56 4253.67 3977.55 3721.46 3672.92 4810.39 3155.34 2453.76 2208.56 2092.38 1799.9 2756.69 2611.83
threshold=3.1984648704528813 0.40129870176315313 6.148386001586915 1.0000000180025095e-35 0.61715480685234081 3.113268375396729 0.75882840156555187 6.7804884910583505 4.8531885147094735 6.3587081432342538 0.93276837468147289 6.7996129989624032 4.770540952682496 1.8688347935676577
decision_type=2 2 2 2 2 2 2 2 2 2 2 2 2 2
left_child=1 8 3 -3 9 -5 10 -2 -1 -4 -7 12 -8 -13
right_child=7 2 4 5 -6 6 11 -9 -10 -11 -12 13 -14 -15
leaf_value=-0.07070759293000714 -0.055929334737162675 -0.085091532896906505 0.037005724772469474 -0.07351450657967061 0.045258904870543987 0.033490067498413462 0.026447541355516798 0.045575556672512285 0.035747667862122114 -0.083449806610829735 -0.08274659363362373 -0.018167427802254998 -0.055274215082355672 -0.087510899658963456
leaf_weight=4450.9115524934605 846.64341159909964 1625.4010547399521 600.68551704287529 1774.2353711798787 7400.1810370758176 8898.3144594596233 3766.111719045788 7301.6834908649325 609.87253695400432 1006.9075756669044 395.40955852810293 5980.1674274206161 1410.0411483296193 1749.990680873394
leaf_count=11001 12970 1449 3655 10397 30303 144039 24969 21101 6352 460 1202 4810 25338 1201
internal_value=0.000380056 -0.00673281 0.000754404 -0.00964477 0.0302863 -0.0044963 0.00105028 0.0349732 -0.0578335 -0.0384904 0.0284611 -0.0186947 0.00412198 -0.0339585
internal_weight=47816.6 39668.2 34607.4 25599.7 9007.77 23974.3 22200 8148.33 5060.78 1607.59 9293.72 12906.3 5176.15 7730.16
internal_count=299247 265176 247823 213405 34418 211956 201559 34071 17353 4115 145241 56318 50307 6011
is_linear=0
shrinkage=0.05


Tree=12
num_leaves=15
num_cat=0
split_feature=37 36 47 32 48 27 31 22 32 27 36 36 22 22
split_gain=4354.06 5439.84 3932.55 3598.06 3463.61 3291.83 4394.18 2915.95 2182.52 2009.08 1897.62 1754.33 2355.44 2196.89
threshold=3.1984648704528813 0.40129870176315313 6.148386001586915 1.0000000180025095e-35 0.61715480685234081 3.113268375396729 0.75882840156555187 6.7804884910583505 4.8531885147094735 6.3587081432342538 0.93276837468147289 0.76278772950172435 6.7996129989624032 6.7929053306579599
decision_type=2 2 2 2 2 2 2 2 2 2 2 2 2 2
left_child=1 8 3 -3 9 -5 10 -2 -1 -4 -7 12 13 -8
right_child=7 2 4 5 -6 6 11 -9 -10 -11 -12 -13 -14 -15
leaf_value=-0.066541530745020394 -0.052722620270023314 -0.08101982073718321 0.03609571182020932 -0.069366742743254509 0.044398935368913879 0.032567361886373103 -0.039313631245210388 0.044660400324980525 0.034713988559884702 -0.079829355124878487 -0.077177509380002576 0.024240068562740382 -0.046003198291798345 0.029888919761872329
leaf_weight=4492.5737624797039 853.64837209507823 1622.2910064458847 585.67553384974599 1786.5597307235003 7172.3541358411312 8698.3349180633668 1960.4845993672498 7084.4996498338878 597.25377722270787 1000.5506623387337 403.25132100842893 2085.341400153935 6176.9159715175629 2733.7361715584993
leaf_count=11001 12970 1449 3655 10397 30303 144039 36829 21101 6352 460 1202 7494 4429 7566
internal_value=0.000382073 -0.0064399 0.000738318 -0.00920213 0.0296192 -0.00428403 0.00101629 0.0341349 -0.0546152 -0.0370689 0.0276257 -0.017683 -0.0257397 0.000965177
internal_weight=47253.5 39315.3 34225.5 25466.9 8758.58 23844.6 22058.1 7938.15 5089.83 1586.23 9101.59 12956.5 10871.1 4694.22
internal_count=299247 265176 247823 213405 34418 211956 201559 34071 17353 4115 145241 56318 48824 44395
is_linear=0
shrinkage=0.05


Tree=13
num_leaves=15
num_cat=0
split_feature=37 36 47 32 48 27 31 22 32 27 32 46 27 36
split_gain=4027.01 4885.33 3636.95 3267.49 3224.43 2959.6 4015.48 2697 1948.23 1832.77 1759.18 1990.04 2424.68 1607.39
threshold=3.1984648704528813 0.40129870176315313 6.148386001586915 1.0000000180025095e-35 0.61715480685234081 3.113268375396729 0.75882840156555187 6.7804884910583505 4.8531885147094735 6.3587081432342538 3.3140207529067998 0.49166435003280645 3.4652473926544194 0.70900535583496105
decision_type=2 2 2 2 2 2 2 2 2 2 2 2 2 2
left_child=1 8 3 -3 9 -5 10 -2 -1 -4 -7 12 -12 -8
right_child=7 2 4 5 -6 6 13 -9 -10 -11 11 -13 -14 -15
leaf_value=-0.062789060801266214 -0.049793605093069848 -0.077400403459602987 0.035198388771848263 -0.065643836225434266 0.043551235074952642 0.055267517442835173 -0.026464111130114095 0.043756598475021502 0.033703160401450757 -0.076571971255548724 0.056086515697998413 0.025274506950886129 -0.09486452883884855 0.015040676452744329
leaf_weight=4522.7692640288733 859.10823061317205 1613.9093883037567 571.20272681489587 1793.8440082371235 6952.18247949332 3366.5764868557453 9947.9308122005314 6874.8594793826342 585.02330020722002 991.60515610128641 382.28276193141937 4340.49803304323 825.91005474003032 3039.1526031675749
leaf_count=11001 12970 1449 3655 10397 30303 12928 46450 21101 6352 460 2239 121940 8134 9868
internal_value=0.000383666 -0.00616476 0.000723523 -0.00878723 0.0289706 -0.00408342 0.000986146 0.0333139 -0.051693 -0.0357561 0.0268087 0.0094735 -0.047034 -0.0167473
internal_weight=46666.9 38932.9 33825.1 25310.1 8514.99 23696.2 21902.4 7733.97 5107.79 1562.81 8915.27 5548.69 1208.19 12987.1
internal_count=299247 265176 247823 213405 34418 211956 201559 34071 17353 4115 145241 132313 10373 56318
is_linear=0
shrinkage=0.05


Tree=14
num_leaves=15
num_cat=0
split_feature=37 36 47 47 36 36 37 41 22 22 52 22 48 22
split_gain=3723.63 4397.84 3362.63 3101.93 6979.87 4509.24 3494.69 3835.99 4495.12 3144.29 3081.99 3059.98 3002.24 2496.18
threshold=3.1984648704528813 0.40129870176315313 6.148386001586915 4.3502571582794198 0.63397127389907848 0.85599079728126537 3.0129330158233647 0.70496895909309398 6.7929053306579599 6.7804884910583505 1.0000000180025095e-35 6.7804884910583505 0.61715480685234081 6.7804884910583505
decision_type=2 2 2 2 2 2 2 2 2 2 2 2 2 2
left_child=1 -1 3 5 9 6 7 8 11 -5 -6 -3 -4 -2
right_child=13 2 12 4 10 -7 -8 -9 -10 -11 -12 -13 -14 -15
leaf_value=-0.049021784329964846 -0.047103643852086978 0.054638125355951708 -0.034536456922120637 0.019130950045202922 -0.03638894673923794 -0.060980373656744261 -0.075148212163394804 -0.067735832949991179 0.055827737333594474 -0.071788572636422257 0.049180861302215127 -0.074925622781025131 0.042714219806168588 0.042862884890720272
leaf_weight=5116.2326766559854 863.21900801360607 698.50613793358207 1537.7695146948099 1121.5993809052743 1574.1551680404227 1987.0396684985608 870.46489652991295 930.86087920889258 7489.184828042984 6107.2291838638484 3129.2048931661993 1271.1365154646337 6739.6235586851835 6672.6760054528713
leaf_count=17353 12970 14219 4115 112807 18394 12888 650 2174 19233 8740 16031 8269 30303 21101
internal_value=0.000386246 -0.00589622 0.000711253 -0.00837841 -0.026859 0.00827539 0.02054 0.0286214 0.0381657 -0.0576749 0.0205253 -0.0289338 0.0283383 0.0325087
internal_weight=46108.9 38573 33456.8 25179.4 11932.2 13247.2 11260.2 10389.7 9458.83 7228.83 4703.36 1969.64 8277.39 7535.9
internal_count=299247 265176 247823 213405 155972 57433 44545 43895 41721 121547 34425 22488 34418 34071
is_linear=0
shrinkage=0.05


Tree=15
num_leaves=15
num_cat=0
split_feature=37 36 47 47 36 36 37 41 22 52 48 22 22 22
split_gain=3441.53 3944.73 3099.31 2802.82 6237.16 4090.58 3184.21 3507.18 4227.1 2847.9 2790.11 2775.4 2737.29 2311.55
threshold=3.1984648704528813 0.40129870176315313 6.148386001586915 4.3502571582794198 0.63397127389907848 0.85599079728126537 3.0129330158233647 0.70496895909309398 6.7929053306579599 1.0000000180025095e-35 0.61715480685234081 6.7804884910583505 6.7804884910583505 6.7804884910583505
decision_type=2 2 2 2 2 2 2 2 2 2 2 2 2 2
left_child=1 -1 3 5 11 6 7 8 12 -6 -4 -5 -3 -2
right_child=13 2 10 4 9 -7 -8 -9 -10 -11 -12 -13 -14 -15
leaf_value=-0.046320790012416589 -0.04462126188800003 0.053877016107626588 -0.032649587001959718 0.018398775362210799 -0.03396134553251922 -0.057596469414462198 -0.07094091569745152 -0.063253208907806821 0.055056972292792744 0.04825683970367297 0.041886490874083776 -0.067357499105834884 -0.069615760601703144 0.041978164437681674
leaf_weight=5143.6707966844551 866.1544947065413 673.7260809596628 1545.6751714423299 1108.6560309457127 1602.303794387728 1998.8538212422282 876.41028729081154 947.25155193731189 7221.275456994772 3032.330360557884 6534.6056420989335 6182.1500991135836 1299.6721560582519 6477.8402337655425
leaf_count=17353 12970 14219 4115 112807 18394 12888 650 2174 19233 16031 30303 8740 8269 21101
internal_value=0.0003972 -0.00563622 0.000712936 -0.00800669 -0.0255079 0.00803401 0.0199816 0.0279007 0.0373501 0.0198201 0.0276058 -0.0543099 -0.0273958 0.0317178
internal_weight=45510.6 38166.6 33022.9 24942.6 11925.4 13017.2 11018.3 10141.9 9194.67 4634.63 8080.28 7290.81 1973.4 7343.99
internal_count=299247 265176 247823 213405 155972 57433 44545 43895 41721 34425 34418 121547 22488 34071
is_linear=0
shrinkage=0.05


Tree=16
num_leaves=15
num_cat=0
split_feature=27 33 27 22 32 28 31 31 36 22 47 22 27 46
split_gain=3225.23 3132.22 5213.98 3384.64 5287 3855.58 3740.27 3242.41 2892.01 2252.13 3488.8 2126.43 1782.77 1730.6
threshold=3.113268375396729 1.2424533367156985 5.349008560180665 6.7984981536865243 4.1026091575622567 1.0000000180025095e-35 0.86493459343910228 0.80981242656707775 0.7379862666130067 6.7929053306579599 4.2696731090545663 6.7984981536865243 5.4574534893035898 0.98380130529403698
decision_type=2 2 2 2 2 2 2 2 2 2 2 2 2 2
left_child=-1 3 7 9 5 -5 -7 11 -6 10 -2 -3 -8 -12
right_child=1 2 -4 4 8 6 12 -9 -10 -11 13 -13 -14 -15
leaf_value=-0.048750802166130001 -0.10609287150794876 -0.041813931505570917 0.047773975871962436 -0.052786465805028063 -0.053745587094022176 0.050515849375188618 0.042273785520918164 -0.044767947538884779 0.050156745421025599 0.049463654413330276 0.021144330891044054 0.041356931551137045 -0.084484189452272332 -0.11975102182757945
leaf_weight=3096.1339453523979 691.71199432387948 1011.1931139398366 8638.1659979110118 1835.6390357613564 8441.1214600801468 4698.2005000710487 393.84405460953712 3446.6316508688033 719.61682564020157 3507.2634195685387 4206.3832725412212 3106.1330799162388 889.0240393280983 219.93118027038872
leaf_count=13651 4376 16446 40991 1849 7350 5910 631 14470 958 17065 165970 4122 717 4741
internal_value=0.000405772 0.00405717 0.0212547 -0.00682998 -0.0197842 0.0104172 0.0298707 -0.00905375 -0.0455378 0.0186616 -0.00250165 0.0208788 -0.0455432 0.0138895
internal_weight=44901 41804.9 16202.1 25602.7 16977.4 7816.71 5981.07 7563.96 9160.74 8625.29 5118.03 4117.33 1282.87 4426.31
internal_count=299247 285596 76029 209567 17415 9107 7258 35038 8308 192152 175087 20568 1348 170711
is_linear=0
shrinkage=0.05


Tree=17
num_leaves=15
num_cat=0
split_feature=37 47 47 36 27 37 41 22 22 52 22 36 22 27
split_gain=3019.81 3478.3 2580.23 5875.34 3979.29 4265.88 3167.01 2980.62 3156.73 2550.25 2136.97 2115.02 2016.65 1439.54
threshold=3.1984648704528813 6.148386001586915 4.3502571582794198 0.63397127389907848 3.113268375396729 3.0129330158233647 0.70496895909309398 6.7929053306579599 6.7804884910583505 1.0000000180025095e-35 6.7804884910583505 0.93276837468147289 6.7804884910583505 6.3587081432342538
decision_type=2 2 2 2 2 2 2 2 2 2 2 2 2 2
left_child=1 2 4 10 -1 6 7 8 -6 -5 -4 -9 -2 -3
right_child=12 13 3 9 5 -7 -8 11 -10 -11 -12 -13 -14 -15
leaf_value=-0.058586547738843468 -0.040421526727085016 0.036472494472524153 0.012679963006997672 -0.031494744224368813 0.054650174127399899 -0.063077300724178234 -0.055661487809907532 0.054041951206177379 -0.078692634411715132 0.04677674331302803 -0.05933598454458483 -0.059890570732336425 0.040686846966365077 -0.0067671277134447004
leaf_weight=2319.9634618167765 867.80690982192755 5883.2838971242309 1167.7224531460088 1622.1887651088182 747.18304544873536 1597.6735616326332 1096.5086391307414 7142.9215905964375 1064.4301832765341 2865.8277170229703 8533.9540489688516 423.90030506253242 6115.9924933239818 2854.4086766652763
leaf_count=11522 12970 34802 117391 18394 17211 1209 3158 20003 7733 16031 14004 976 21101 2742
internal_value=0.000413181 -0.00523589 -0.0136755 -0.0287974 0.00124281 0.012779 0.024398 0.0338077 -0.0236985 0.0184785 -0.0506638 0.0475887 0.0305649 0.0223555
internal_weight=44303.8 37320 28582.3 14189.7 14392.6 12072.6 10474.9 9378.44 1811.61 4488.02 9701.68 7566.82 6983.8 8737.69
internal_count=299247 265176 227632 165820 61812 50290 49081 45923 24944 34425 131395 20979 34071 37544
is_linear=0
shrinkage=0.05


Tree=18
num_leaves=15
num_cat=0
split_feature=37 47 28 32 36 37 27 32 22 22 32 56 42 31
split_gain=2791.24 3180.47 2342.28 3020.6 3930.47 3793.19 3719.81 2162.31 1924.97 1869.47 1539.59 2275.13 2007.6 1658.58
threshold=3.1984648704528813 6.148386001586915 1.0000000180025095e-35 4.1190040111541757 0.63397127389907848 1.7005987167358401 3.5549397468566899 3.3497501611709599 6.5354087352752694 6.7804884910583505 3.5259279012680058 1.0000000180025095e-35 1.4978661537170412 0.85332429409027111
decision_type=2 2 2 2 2 2 2 2 2 2 2 2 2 2
left_child=1 2 -1 5 8 7 -7 -4 -5 -2 -9 -12 13 -13
right_child=9 -3 3 4 -6 6 -8 10 -10 -11 11 12 -14 -15
leaf_value=-0.068392857562098272 -0.03840929742694249 0.021592246959697293 0.047721717684459319 0.049081785501507269 0.024895394636916209 -0.045808515696977387 0.033348662415568234 -0.037660795293947009 -0.064500495169186281 0.039816073931363424 0.052918921538395641 0.048049926184973439 -0.075953943311523997 -0.056434438709959636
leaf_weight=1784.9339572871104 868.11964827403426 8600.9367799591273 4338.1911842059344 393.84528976073489 1984.1304201390594 5736.4333976730704 1992.8217965755612 1755.0168392658234 5341.8707485981286 5941.9396363794804 2305.3117812387645 1224.0853377208114 883.93232437223196 539.1698439233005
leaf_count=2588 12970 37544 22741 100550 26202 13248 11787 8641 16851 21101 10354 10311 1421 2938
internal_value=0.000416705 -0.00501603 -0.0131134 -0.00936484 -0.0356711 0.00146494 -0.0253828 0.0202577 -0.0566295 0.0298025 0.00245028 0.0167117 -0.0149 0.0159625
internal_weight=43690.7 36880.7 28279.7 26494.8 7719.85 18775 7729.26 11045.7 5735.72 6810.06 6707.52 4952.5 2647.19 1763.26
internal_count=299247 265176 227632 225044 143603 81441 25035 56406 117401 34071 33665 25024 14670 13249
is_linear=0
shrinkage=0.05


Tree=19
num_leaves=15
num_cat=0
split_feature=27 33 27 22 32 28 31 31 36 22 47 22 27 46
split_gain=2668.97 2631.17 4429.28 2795.8 4150.81 3016.09 3378.65 2530.66 2289.83 1931.07 2643.05 1830.98 1497.98 1482.95
threshold=3.113268375396729 1.2424533367156985 5.349008560180665 6.7984981536865243 4.1026091575622567 1.0000000180025095e-35 0.86493459343910228 0.80981242656707775 0.7379862666130067 6.7929053306579599 4.2696731090545663 6.7984981536865243 5.4574534893035898 0.98380130529403698
decision_type=2 2 2 2 2 2 2 2 2 2 2 2 2 2
left_child=-1 3 7 9 5 -5 -7 11 -6 10 -2 -3 -8 -12
right_child=1 2 -4 4 8 6 12 -9 -10 -11 13 -13 -14 -15
leaf_value=-0.044479593532574073 -0.088352095538374711 -0.037881427408304968 0.04610697080285333 -0.046952210196930765 -0.047555697328085629 0.048729365728088427 0.040267909390541305 -0.039069981207058783 0.048392539331982759 0.04773837891229437 0.020295123292855165 0.039864037830209018 -0.077848054658409604 -0.10732724863547777
leaf_weight=3064.7421860694885 740.77915613353252 1014.7403220962733 7917.6375940947328 1770.1651567220688 8485.1988675296307 4343.7233300805092 372.1310903429985 3430.4690164886415 663.01712775230408 3217.279367312789 4099.0338566210121 2901.2293945252895 907.49097871780396 231.09109603613615
leaf_count=13651 4376 16446 40991 1849 7350 5910 631 14470 958 17065 165970 4122 717 4741
internal_value=0.000415341 0.0038573 0.0201868 -0.00618529 -0.018058 0.00979727 0.027713 -0.00777337 -0.0405566 0.0175038 -0.00173497 0.0196728 -0.0434525 0.0132525
internal_weight=43158.7 40094 15264.1 24829.9 16541.7 7393.51 5623.35 7346.44 9148.22 8288.18 5070.9 3915.97 1279.62 4330.12
internal_count=299247 285596 76029 209567 17415 9107 7258 35038 8308 192152 175087 20568 1348 170711
is_linear=0
shrinkage=0.05


Tree=20
num_leaves=15
num_cat=0
split_feature=37 47 47 36 27 37 41 22 22 52 36 22 22 48
split_gain=2449.33 2825.64 2046.79 4500.22 3222.25 3493.97 2625.52 2635.07 2531.98 2166.29 1801.96 1733.11 1695.03 1343.43
threshold=3.1984648704528813 6.148386001586915 4.3502571582794198 0.63397127389907848 3.113268375396729 3.0129330158233647 0.70496895909309398 6.7929053306579599 6.7804884910583505 1.0000000180025095e-35 0.93276837468147289 6.7973818778991708 6.7804884910583505 0.61715480685234081
decision_type=2 2 2 2 2 2 2 2 2 2 2 2 2 2
left_child=1 2 4 12 -1 6 7 8 -6 -5 -9 -2 -4 -3
right_child=11 13 3 9 5 -7 -8 10 -10 -11 -12 -13 -14 -15
leaf_value=-0.052736627816690543 -0.0067281398168004165 -0.015117938364759505 0.012142258485539679 -0.028164972130924611 0.053245200945572939 -0.056660844361456603 -0.049405142794604534 0.052604350119720325 -0.068116860602339402 0.044701208978515823 -0.052641560067486028 0.047512566504460937 -0.052510265902992986 0.031905118648894469
leaf_weight=2287.9233453460038 2252.6214279346168 1984.6823752857745 1147.1986476292368 1648.8846951771993 688.29958013817668 1581.3203922510147 1098.5960475243628 6571.5225432217121 1109.7206193730235 2642.0667512118816 425.66850531101227 4231.3501111119986 8493.615360185504 6392.4287810530514
leaf_count=11522 24683 6155 117391 18394 17211 1209 3158 20003 7733 16031 976 9388 14004 31389
internal_value=0.000418929 -0.00466888 -0.0123652 -0.0258682 0.00131206 0.0121249 0.023165 0.0322754 -0.0216207 0.0167005 0.0461358 0.0286873 -0.0448124 0.0207598
internal_weight=42555.9 36071.9 27694.8 13931.8 13763.1 11475.1 9893.81 8795.21 1798.02 4290.95 6997.19 6483.97 9640.81 8377.11
internal_count=299247 265176 227632 165820 61812 50290 49081 45923 24944 34425 20979 34071 131395 37544
is_linear=0
shrinkage=0.05


Tree=21
num_leaves=15
num_cat=0
split_feature=37 47 28 32 37 22 36 32 42 27 22 22 22 24
split_gain=2263.98 2587.03 1917.59 2403.51 3207.84 3354.91 2984.14 2917.53 2818.57 2653.35 1849.07 1677.19 1549.86 1385.76
threshold=3.1984648704528813 6.148386001586915 1.0000000180025095e-35 4.1190040111541757 1.8688347935676577 6.7929053306579599 0.63397127389907848 2.9174053668975835 1.4978661537170412 6.3569750785827646 6.7996129989624032 6.7996129989624032 6.5354087352752694 0.64090386033058178
decision_type=2 2 2 2 2 2 2 2 2 2 2 2 2 2
left_child=1 2 -1 4 5 13 12 -6 9 -7 -10 -2 -5 -4
right_child=11 -3 3 6 7 8 -8 -9 10 -11 -12 -13 -14 -15
leaf_value=-0.062993300213621442 -0.00037013700176580022 0.020065291351174425 -0.039598518361956679 0.047825495307900652 -0.061058653933561191 0.053297514094116531 0.022565846624017075 0.012452657560777186 0.037414249761242607 -0.049032627645853151 -0.083387978887590364 0.051304043242105225 -0.056768402091868009 0.03818865746908412
leaf_weight=1709.7006248026155 2864.9300554022193 8239.821281099692 2965.4169317372143 371.80530261760578 3203.6697053909302 6855.1673187538981 1880.7849883348681 2322.1185412630439 518.23389345407486 690.0957955121994 786.65361815690994 3464.4672516584396 5357.62452176027 700.51109385117888
leaf_count=2588 27379 37544 32746 100550 2901 19818 26202 12159 1226 597 700 6692 16851 11294
internal_value=0.000420646 -0.00448022 -0.0118766 -0.00844644 0.00149741 0.0155046 -0.0319918 -0.0302001 0.0321553 0.0438858 -0.0354919 0.0279506 -0.0499094 -0.024671
internal_weight=41931 35601.6 27361.8 25652.1 18041.9 12516.1 7610.21 5525.79 8850.15 7545.26 1304.89 6329.4 5729.43 3665.93
internal_count=299247 265176 227632 225044 81441 66381 143603 15060 22341 20415 1926 34071 117401 44040
is_linear=0
shrinkage=0.05


Tree=22
num_leaves=15
num_cat=0
split_feature=37 36 48 47 46 22 47 36 22 49 29 37 52 22
split_gain=2090.42 2373.16 2194.6 2561.28 1641.95 1617 1285.81 1962.41 1402.19 1214.82 1204.35 1035.59 2041.29 1427.68
threshold=3.1984648704528813 0.49675324559211737 0.6540973186492921 6.148386001586915 0.75732576847076427 6.7996129989624032 4.3502571582794198 0.85599079728126537 6.7996129989624032 0.20864654332399371 0.95228558778762828 0.89587974548339855 1.0000000180025095e-35 6.7804884910583505
decision_type=2 2 2 2 2 2 2 2 2 2 2 2 2 2
left_child=1 9 6 4 -4 -2 7 -3 -8 -1 11 13 -13 -6
right_child=5 2 3 -5 10 -7 8 -9 -10 -11 -12 12 -14 -15
leaf_value=-0.045116238457986201 -0.00035164318671444112 0.022583893400052797 0.022424950019055138 0.038469258175837455 0.042629646194192169 0.050868995230811488 0.010876662499772448 -0.050256136683854771 -0.058351454295937105 0.017086833400961086 -0.12197538610510505 -0.030502410217824995 0.04481003171820002 -0.028932392203689816
leaf_weight=4555.3550552972592 2865.3459636755288 2787.4504419378936 5179.8892679652199 5663.5247644633055 778.41488265851513 3323.0610257685184 966.11440881201997 1371.242357423529 2965.5856965780258 942.36416128510609 232.64415496215224 1577.5428010155447 2068.0616310629994 6060.7957431897521
leaf_count=11764 27379 14859 110407 29920 24130 6692 18132 7024 1688 8180 4599 6189 11955 16329
internal_value=0.000418216 -0.00430178 0.00129639 0.00962891 -0.000663359 0.0271906 -0.0208942 -0.00149653 -0.041356 -0.0344423 -0.0118327 -0.00927493 0.0122262 -0.0207371
internal_weight=41337.4 35149 29651.3 21560.9 15897.3 6188.41 8090.39 4158.69 3931.7 5497.72 10717.5 10484.8 3645.6 6839.21
internal_count=299247 265176 245232 203529 173609 34071 41703 21883 19820 19944 63202 58603 18144 40459
is_linear=0
shrinkage=0.05


Tree=23
num_leaves=15
num_cat=0
split_feature=27 33 27 22 32 28 31 31 36 22 47 22 27 46
split_gain=1939.85 2008.19 3802.58 2226.72 3268.24 2300.76 2934.74 1821.86 1748.69 1591 2034.24 1425.31 1249.75 1192.43
threshold=3.113268375396729 1.2424533367156985 5.349008560180665 6.7984981536865243 4.1026091575622567 1.0000000180025095e-35 0.86493459343910228 0.81517440080642711 0.7379862666130067 6.7929053306579599 4.2696731090545663 6.7984981536865243 5.4574534893035898 0.98164147138595592
decision_type=2 2 2 2 2 2 2 2 2 2 2 2 2 2
left_child=-1 3 7 9 5 -5 -7 11 -6 10 -2 -3 -8 -12
right_child=1 2 -4 4 8 6 12 -9 -10 -11 13 -13 -14 -15
leaf_value=-0.038146775449372422 -0.07489658876972044 -0.035560343707285558 0.044126791387055483 -0.041325753210168979 -0.041982402940183905 0.047025206688443809 0.039111438330821244 -0.036264831020695394 0.046168500356956646 0.045751279552713554 0.01988930522997287 0.033290265190303994 -0.070396991089585303 -0.087230338506640581
leaf_weight=3010.6889192378148 771.55669101327658 1012.2474534120411 7115.1816894635558 1669.8262615203857 8362.1976070404053 3977.7007458806038 354.3527744114399 3105.8574986774474 595.05169099569321 2894.5825739353895 3956.1417894607875 2836.9144108444452 920.80256199836731 268.17409161664546
leaf_count=13651 4376 16556 40991 1849 7350 5910 631 14068 958 17065 165331 4414 717 5380
internal_value=0.000412525 0.00348966 0.0184542 -0.00537218 -0.0161564 0.00963942 0.0258884 -0.00783529 -0.0360814 0.0163245 -0.00078255 0.0151388 -0.0398982 0.012899
internal_weight=40851.3 37840.6 14070.2 23770.4 15879.9 6922.68 5252.86 6955.02 8957.25 7890.46 4995.87 3849.16 1275.16 4224.32
internal_count=299247 285596 76029 209567 17415 9107 7258 35038 8308 192152 175087 20970 1348 170711
is_linear=0
shrinkage=0.05


Tree=24
num_leaves=15
num_cat=0
split_feature=18 37 47 47 36 37 52 22 22 47 36 37 48 27
split_gain=1869.6 1799.89 1932.06 1671.7 3090.03 3089.56 1837.18 1604.9 1527.22 1248.82 2178.43 3545.87 1455.32 1236
threshold=5.6039605140686044 3.1984648704528813 6.148386001586915 4.3502571582794198 0.63397127389907848 1.0000000180025095e-35 1.0000000180025095e-35 6.7804884910583505 6.7996129989624032 6.2255475521087655 0.64611005783081066 1.0000000180025095e-35 0.91759410500526439 3.5549397468566899
decision_type=2 2 2 2 2 2 2 2 2 2 2 2 2 2
left_child=-1 2 3 5 7 -2 -6 -5 -3 -4 11 12 -11 -7
right_child=1 8 9 4 6 13 -8 -9 -10 10 -12 -13 -14 -15
leaf_value=-0.083628597406538607 0.049349337569639759 0.00064093079041967942 0.041377907078248476 0.020532243231002504 -0.025634886711791111 -0.024969520452412273 0.042822711700233315 -0.044873059867694215 0.051693493377493585 0.052063640355366751 0.049044350733179608 -0.081954653194704741 -0.083737390549436005 0.010953835888409107
leaf_weight=641.07119741057977 2867.8405913002789 2801.3008658736944 3482.2769185025245 1052.5894361229148 1646.8623536019586 5582.734576292336 2392.0564367584884 8227.7952563017607 3061.2017550766468 1202.9589365124702 1528.1286145225167 1376.2298673763871 226.30294859409332 4179.2773431502283
leaf_count=3945 15316 27171 32721 115232 18376 17503 15979 13860 6628 1390 2159 818 365 27784
internal_value=0.00041267 0.001793 -0.00264968 -0.00921403 -0.0215652 0.0038181 0.0149149 -0.0374406 0.0273415 0.0191282 0.00119536 -0.0249492 0.0301291 -0.00959467
internal_weight=40268.6 39627.6 33765.1 25949.2 13319.3 12629.9 4038.92 9280.38 5862.5 7815.9 4333.62 2805.49 1429.26 9762.01
internal_count=299247 295302 261503 224050 163447 60603 34355 129092 33799 37453 4732 2573 1755 45287
is_linear=0
shrinkage=0.05


Tree=25
num_leaves=15
num_cat=0
split_feature=37 47 28 32 37 22 42 32 27 36 22 22 28 42
split_gain=1694.89 1952.43 1515.49 1879.24 2599.64 2870.6 2536.57 2351.05 2210.19 2196.56 1556.53 1451.36 1386.95 1160.87
threshold=3.1984648704528813 6.148386001586915 1.0000000180025095e-35 4.1190040111541757 1.8688347935676577 6.7929053306579599 1.4978661537170412 2.9174053668975835 6.3569750785827646 0.66894978284835827 6.7996129989624032 6.7996129989624032 3.8815106153488164 0.89587974548339855
decision_type=2 2 2 2 2 2 2 2 2 2 2 2 2 2
left_child=1 2 -1 4 5 -4 8 -6 -7 12 -8 -2 -5 -14
right_child=11 -3 3 9 7 6 10 -9 -10 -11 -12 -13 13 -15
leaf_value=-0.057272259030656816 -0.00027518488569849299 0.018368973299678786 -0.022324294765940701 -0.079783811191403931 -0.055005061146634462 0.052118233294614541 0.035518165160034809 0.011842360535414291 -0.040838522708231774 0.036446262270110379 -0.07753199658778781 0.049757582964144925 -0.040192088611069945 0.017248991706571327
leaf_weight=1603.6045955289155 2825.7262821905315 7645.1454902142286 3614.8347663991153 1602.3862321821507 3129.3177176713943 6319.2754884287715 489.00609338283539 2258.6661022622138 703.93140780925751 1105.0457980844658 776.95499551296234 2965.7787169516087 3524.1526728412136 1164.6409487947822
leaf_count=2588 27379 37544 44040 4883 2901 19818 1226 12159 597 14776 700 6692 118226 5718
internal_value=0.000412532 -0.00385583 -0.0103229 -0.00725138 0.00177381 0.0148147 0.0310181 -0.0270123 0.0427564 -0.0283257 -0.0339277 0.0253878 -0.0397427 -0.0259181
internal_weight=39728.5 33937 26291.8 24688.2 17292 11904 8289.17 5387.98 7023.21 7396.23 1265.96 5791.5 6291.18 4688.79
internal_count=299247 265176 227632 225044 81441 66381 22341 15060 20415 143603 1926 34071 128827 123944
is_linear=0
shrinkage=0.05


Tree=26
num_leaves=15
num_cat=0
split_feature=18 37 47 22 47 37 36 52 22 47 36 37 48 27
split_gain=1624.9 1538.17 1623.04 1427.39 1394.51 2712.03 2533.77 1647.13 1455.8 1188.73 2055.03 3241.02 1333.59 1063.6
threshold=5.6039605140686044 3.1984648704528813 6.148386001586915 6.7973818778991708 4.3502571582794198 1.0000000180025095e-35 0.63397127389907848 1.0000000180025095e-35 6.7804884910583505 6.2255475521087655 0.64611005783081066 1.0000000180025095e-35 0.91759410500526439 3.5549397468566899
decision_type=2 2 2 2 2 2 2 2 2 2 2 2 2 2
left_child=-1 2 4 -3 5 -2 8 -8 -6 -4 11 12 -11 -7
right_child=1 3 9 -5 6 13 7 -9 -10 10 -12 -13 -14 -15
leaf_value=-0.077911113075705654 0.047936189213297564 -0.0052638821257334836 0.040268877095033115 0.046250641682846622 0.020899686146326313 -0.023077419819318976 -0.023960947934330214 0.041497830175555278 -0.041290317378378363 0.051177731945124566 0.048221246554198988 -0.079584227908309435 -0.07690288871899266 0.010528253004413563
leaf_weight=641.29310311074369 2689.9378950968385 2220.3479090593755 3325.9519847519696 3392.4061557799578 1057.8221911438741 5519.4055872187018 1655.6701434119605 2264.1836521383375 8133.2057293429971 1143.2427514791489 1450.3035294488072 1362.8021112903953 237.44985687732697 4092.5760443247855
leaf_count=3945 15316 24499 32721 9300 115232 17503 18376 15979 13860 1390 2159 818 365 27784
internal_value=0.000406356 0.00172922 -0.00239667 0.0258989 -0.00843504 0.00365607 -0.0197743 0.0138587 -0.0341178 0.017994 0.000274752 -0.0251545 0.028756 -0.00877277
internal_weight=39186.6 38545.3 32932.6 5612.75 25412.8 12301.9 13110.9 3919.85 9191.03 7519.75 4193.8 2743.49 1380.69 9611.98
internal_count=299247 295302 261503 33799 224050 60603 163447 34355 129092 37453 4732 2573 1755 45287
is_linear=0
shrinkage=0.05


Tree=27
num_leaves=15
num_cat=0
split_feature=27 33 27 22 32 28 31 31 22 22 36 22 46 22
split_gain=1461.17 1580.69 3198.16 1663.14 2628.59 1799.88 2450.53 1394.34 1320.25 1784.85 1317.09 1267.24 1041.24 976.611
threshold=3.113268375396729 1.2424533367156985 5.349008560180665 6.7984981536865243 4.1026091575622567 1.0000000180025095e-35 0.86493459343910228 0.81517440080642711 6.7929053306579599 6.787281036376954 0.7379862666130067 6.7984981536865243 0.98164147138595592 6.7804884910583505
decision_type=2 2 2 2 2 2 2 2 2 2 2 2 2 2
left_child=-1 3 7 8 5 -5 -7 11 9 12 -6 -3 13 -2
right_child=1 2 -4 4 10 6 -8 -9 -10 -11 -12 -13 -14 -15
leaf_value=-0.033369436454612371 0.043066186467952537 -0.033914361608560255 0.042216095916792519 -0.036843095907945093 -0.037231786787972551 0.045480840189970388 -0.035344614936426294 -0.032148679998131431 0.043481564528196015 -0.06668371970633373 0.043754687208878811 0.031756379980770466 -0.07938100890616534 -0.0077619063090935613
leaf_weight=2947.4437922057696 2059.4743265041616 1006.0764240976423 6412.3725452309009 1556.0963855981827 8158.2200655639172 3638.4064767062664 1253.9231921732426 3037.583181951195 2564.2353251352906 839.00669918954372 526.70938202738762 2647.4322687387466 274.18160097301006 1734.5030199997127
leaf_count=13651 147620 16556 40991 1849 7350 5910 1348 14068 17065 5217 958 4414 5380 16870
internal_value=0.000405069 0.00320146 0.0170117 -0.00480801 -0.0143346 0.00984139 0.0247351 -0.00716972 0.0144815 -0.000730065 -0.0322756 0.0136292 0.0130022 0.0198696
internal_weight=38655.7 35708.2 13103.5 22604.8 15133.4 6448.43 4892.33 6691.09 7471.4 4907.17 8684.93 3653.51 4068.16 3793.98
internal_count=299247 285596 76029 209567 17415 9107 7258 35038 192152 175087 8308 20970 169870 164490
is_linear=0
shrinkage=0.05


Tree=28
num_leaves=15
num_cat=0
split_feature=18 37 47 22 47 37 36 52 22 47 36 37 48 37
split_gain=1463.66 1355.32 1448.91 1347.59 1225.56 2451.69 2146.57 1498.18 1215.62 1055.97 1835.84 2915.66 1188.98 929.718
threshold=5.6039605140686044 3.1984648704528813 6.148386001586915 6.7996129989624032 4.3502571582794198 1.0000000180025095e-35 0.63397127389907848 1.0000000180025095e-35 6.7804884910583505 6.2255475521087655 0.64611005783081066 1.0000000180025095e-35 0.91759410500526439 3.0129330158233647
decision_type=2 2 2 2 2 2 2 2 2 2 2 2 2 2
left_child=-1 2 4 -3 5 -2 8 -8 -6 -4 11 12 -11 -7
right_child=1 3 9 -5 6 13 7 -9 -10 10 -12 -13 -14 -15
leaf_value=-0.07406480827580493 0.047000613833376607 0.00039752624327112529 0.039128197830724694 0.050461872543351861 0.019332520007327301 -0.0013804711889452447 -0.022832540679666655 0.040297781249047954 -0.038391793623202504 0.050715217092325363 0.047476719388598231 -0.075653118881581771 -0.067435671752545986 -0.044325601784964273
leaf_weight=638.59637946123257 2547.6281609516591 2744.3189372606575 3160.5468562636524 2624.7256987094879 1022.4978130043019 7977.9189976323396 1654.8215819431935 2150.1147667691112 8038.086635466665 1099.5902382135391 1371.7013693451881 1332.2492925673723 254.36379444599152 1486.8601645231247
leaf_count=3945 15316 27171 32721 6628 115232 44087 18376 15979 13860 1390 2159 818 365 1200
internal_value=0.000404481 0.00169323 -0.00219874 0.0249204 -0.00792152 0.00356283 -0.0186388 0.0128536 -0.0318634 0.0175081 0.000614287 -0.0234032 0.0281868 -0.00816656
internal_weight=38104 37465.4 32096.4 5369.04 24877.9 12012.4 12865.5 3804.94 9060.58 7218.45 4057.9 2686.2 1353.95 9464.78
internal_count=299247 295302 261503 33799 224050 60603 163447 34355 129092 37453 4732 2573 1755 45287
is_linear=0
shrinkage=0.05


Tree=29
num_leaves=15
num_cat=0
split_feature=18 37 47 22 47 37 36 52 22 47 36 37 48 27
split_gain=1317.2 1251 1336.14 1300.87 1114.98 2285.88 1948.34 1387.13 1101.43 986.28 1713.36 2681.78 1087.07 885.217
threshold=5.6039605140686044 3.1984648704528813 6.148386001586915 6.7996129989624032 4.3502571582794198 1.0000000180025095e-35 0.63397127389907848 1.0000000180025095e-35 6.7804884910583505 6.2255475521087655 0.64611005783081066 1.0000000180025095e-35 0.91759410500526439 3.113268375396729
decision_type=2 2 2 2 2 2 2 2 2 2 2 2 2 2
left_child=-1 2 4 -3 5 -2 8 -8 -6 -4 11 12 -11 -7
right_child=1 3 9 -5 6 13 7 -9 -10 10 -12 -13 -14 -15
leaf_value=-0.07005490575637173 0.04620656638530566 0.00037777820374793243 0.038368779601734355 0.050118499137757656 0.018596383808224027 -0.037716610242416931 -0.021509275754401574 0.039495209360552369 -0.036649863442076901 0.050081922128789938 0.046888686500987105 -0.073135998772026894 -0.061287122625162255 3.7901991157816542e-05
leaf_weight=641.87455970956944 2464.1401935145259 2743.9230578653514 3064.6001446601003 2513.4587732851505 1010.531663001515 1947.5610421001911 1669.0333689206745 2085.9613606445491 8000.5630251280963 1058.9786513447762 1320.8766290210187 1310.1031631082296 266.55741208791733 7504.4737569317222
leaf_count=3945 15316 27171 32721 6628 115232 10799 18376 15979 13860 1390 2159 818 365 34488
internal_value=0.000401159 0.00164334 -0.002105 0.0242079 -0.00758004 0.00341885 -0.0178413 0.0123946 -0.0304406 0.0171256 0.000615929 -0.0226637 0.0273951 -0.00777293
internal_weight=37602.6 36960.8 31703.4 5257.38 24682.3 11916.2 12766.1 3754.99 9011.09 7021.12 3956.52 2635.64 1325.54 9452.03
internal_count=299247 295302 261503 33799 224050 60603 163447 34355 129092 37453 4732 2573 1755 45287
is_linear=0
shrinkage=0.05


Tree=30
num_leaves=15
num_cat=0
split_feature=36 37 22 47 47 37 36 29 36 36 36 22 16 36
split_gain=1233.75 1272.4 1284.89 1259.19 1093.91 2075.16 1820.1 1325.11 928.286 2734.67 1056.66 915.576 940.416 851.439
threshold=0.093841642141342177 3.1984648704528813 6.7804884910583505 6.148386001586915 4.3502571582794198 1.0000000180025095e-35 0.63397127389907848 0.53609409928321849 0.64611005783081066 0.59870129823684703 0.34336403012275701 6.7984981536865243 2.5000000000000004 0.85599079728126537
decision_type=2 2 2 2 2 2 2 2 2 2 2 2 2 2
left_child=-1 3 -3 4 5 -2 11 -8 9 10 -5 -6 -13 -7
right_child=1 2 -4 8 6 13 7 -9 -10 -11 -12 12 -14 -15
leaf_value=-0.090580096129408844 0.044520834241396703 -0.031452996692644862 0.035338743403183159 -0.04020235769154365 0.00012933339908510776 7.6113492097666253e-05 0.020946480360756584 -0.083179388148616432 0.041071565884933325 -0.076470994272019352 0.033982964271465868 -0.046532112746752161 0.0015281672174758607 -0.037597931582968765
leaf_weight=358.94507511984557 2410.647550387308 855.50693432614207 4321.3167280517519 562.50596843659878 1988.2428990711924 7605.5761631671339 3390.4418110649567 325.85851073893718 2450.6142118014395 864.913867527619 2994.9372297730297 5888.8116390109062 1229.3661614954472 1858.0637975893915
leaf_count=1720 15405 12915 20970 1551 124574 32762 26663 7762 11396 647 23939 5031 1024 12888
internal_value=0.000397414 0.00131049 0.0242616 -0.0024595 -0.00772766 0.00320705 -0.0178482 0.0116176 0.0164546 0.00275137 0.0221729 -0.0298727 -0.0382412 -0.00735258
internal_weight=37105.7 36746.8 5176.82 31570 24697 11874.3 12822.7 3716.3 6872.97 4422.36 3557.44 9106.42 7118.18 9463.64
internal_count=299247 297527 33885 263642 226109 61055 165054 34425 37533 26137 25490 130629 6055 45650
is_linear=0
shrinkage=0.05


Tree=31
num_leaves=15
num_cat=0
split_feature=27 33 27 36 47 22 47 32 31 31 27 22 36 37
split_gain=1166.84 1222.3 2746.69 1355.62 1218.01 1551.64 1482.09 1192.9 1245.45 2012.71 1158.1 1144.69 1065.34 1315.03
threshold=3.113268375396729 1.2424533367156985 5.349008560180665 0.093841642141342177 4.1785123348236093 6.7984981536865243 4.2696731090545663 4.1026091575622567 0.67200306057930004 0.82820391654968273 3.1984648704528813 6.7951462268829355 0.17424242943525317 1.8688347935676577
decision_type=2 2 2 2 2 2 2 2 2 2 2 2 2 2
left_child=-1 4 10 -4 11 6 -6 8 -7 -10 -3 -2 -12 -14
right_child=1 2 3 -5 5 7 -8 -9 9 -11 12 -13 13 -15
leaf_value=-0.030134765771497471 -0.056581042790019548 0.051986895108674949 -0.324582903479953 0.041995308800898253 -0.069650695455931388 -0.03389780009622325 0.01979083192864493 -0.029181380916347446 0.050328401168230667 -0.029762621309696331 0.04949872381775855 0.048741525427168905 0.028700677810782938 -0.034219644048398848
leaf_weight=2875.0810373723507 295.25246537476778 731.29795300960541 15.452642500400541 5801.2618064794224 494.12143900990486 1620.5974110513926 5720.9203312641475 8342.4719411730766 2025.9846438467503 1267.6419392824173 576.45635503530502 1697.2727989777923 1030.3541461229324 4134.2193308323622
leaf_count=13651 1426 1576 57 40934 2950 2200 183190 8307 4041 1411 1045 6042 1698 30719
internal_value=0.000385857 0.00299374 0.0155619 0.0404661 -0.00420585 -0.00802091 0.0125794 -0.017681 0.00186186 0.0195064 -0.00684757 0.0329302 -0.0144193 -0.0216356
internal_weight=36628.4 33753.3 12289 5816.71 21464.3 19471.7 6215.04 13256.7 4914.22 3293.63 6472.33 1992.53 5741.03 5164.57
internal_count=299247 285596 76029 40991 209567 202099 186140 15959 7652 5452 35038 7468 33462 32417
is_linear=0
shrinkage=0.05


Tree=32
num_leaves=15
num_cat=0
split_feature=18 26 47 37 22 32 36 37 32 32 22 42 27 22
split_gain=1127.72 1069.55 1100.7 1109.63 1076.75 958.212 1995.83 1325.68 1810.59 1587.4 2284.57 2154.65 1615.73 1383.55
threshold=5.6039605140686044 0.9569157361984254 4.9927642345428476 3.1984648704528813 6.7996129989624032 4.1190040111541757 0.68457102775573742 1.8688347935676577 2.9174053668975835 1.0000000180025095e-35 6.7929053306579599 1.4978661537170412 6.3569750785827646 6.7996129989624032
decision_type=2 2 2 2 2 2 2 2 2 2 2 2 2 2
left_child=-1 2 3 5 -5 7 -7 9 -9 -2 -11 12 -12 -13
right_child=1 -3 -4 4 -6 6 -8 8 -10 10 11 13 -14 -15
leaf_value=-0.065343168394249959 -0.046188328047344483 -0.085767521693088947 0.019100049905420906 -0.00095265933271764653 0.048763777915468209 -0.035686836154064913 0.047978755718032839 -0.047187519786354992 0.013000260151964288 -0.018801829445618132 0.051343330234502438 0.038309944372694492 -0.029353969341764319 -0.072169425786497432
leaf_weight=631.09554813476279 1189.682276070118 337.14906892552972 7716.5250052653719 2505.2684905845672 1916.0621816664934 5087.0040872916579 819.80545764043927 2970.1401728987694 2145.6365586537868 3495.0081771537662 5449.4461099356413 444.44300696253777 693.27088612318039 748.38147282600403
leaf_count=3945 1441 6657 152493 25509 5526 12893 9939 2885 12019 43818 19649 1202 584 687
internal_value=0.00038113 0.00156701 0.0024281 -0.00226141 0.0206543 -0.0066654 -0.0240134 -0.00067499 -0.0219677 0.00839786 0.014431 0.0302687 0.0422029 -0.0310289
internal_weight=36148.9 35517.8 35180.7 27464.1 4421.33 23042.8 5906.81 17136 5115.78 12020.2 10830.5 7335.54 6142.72 1192.82
internal_count=299247 295302 288645 136152 31035 105117 22832 82285 14904 67381 65940 22122 20233 1889
is_linear=0
shrinkage=0.05


Tree=33
num_leaves=15
num_cat=0
split_feature=36 37 22 47 47 37 36 52 43 15 36 31 27 46
split_gain=1045.78 1047.91 1113.65 1024.53 891.959 1757 1411.43 1199.12 867.043 860.966 699.76 1225.62 803.043 706.9
threshold=0.093841642141342177 3.1984648704528813 6.7996129989624032 6.148386001586915 4.3502571582794198 1.0000000180025095e-35 0.63397127389907848 1.0000000180025095e-35 6.1279597282409677 0.013158179819583895 0.85599079728126537 0.77388921380043041 3.5549397468566899 0.43481916189193731
decision_type=2 2 2 2 2 2 2 2 2 2 2 2 2 2
left_child=-1 3 -3 4 5 -2 9 -8 -5 -6 11 13 -12 -7
right_child=1 2 -4 8 6 10 7 -9 -10 -11 12 -13 -14 -15
leaf_value=-0.084377991379022355 0.04291371280881081 0.0010157565701813375 0.049010698402714881 0.02298158791049339 -0.037786430706023867 -0.0062373801167989072 -0.020964660474298843 0.036956067814478917 -0.027501350834130123 -0.0046911692006522468 -0.046521637671886974 -0.020903738668039049 0.053713289033827695 0.037496806132584395
leaf_weight=350.30076807970181 2219.1736434306949 2669.4873200729489 2199.295671954751 5559.1916372012347 5967.8946487200446 1543.009258326143 1649.7490334764589 1927.2281951233745 995.11737531609833 2932.192903162213 1602.7367536202073 3529.402528129518 219.59134206920862 2283.7414416726679
leaf_count=1720 15405 27218 6667 35171 75629 4457 18394 16031 2362 55000 9505 11370 3383 16935
internal_value=0.000374624 0.00123938 0.0227517 -0.00220904 -0.00701653 0.00309455 -0.016248 0.0102583 0.0152867 -0.0269005 -0.00656915 0.000316926 -0.0342161 0.0198922
internal_weight=35648.1 35297.8 4868.78 30429 23874.7 11397.7 12477.1 3576.98 6554.31 8900.09 9178.48 7356.15 1822.33 3826.75
internal_count=299247 297527 33885 263642 226109 61055 165054 34425 37533 130629 45650 32762 12888 21392
is_linear=0
shrinkage=0.05


Tree=34
num_leaves=15
num_cat=0
split_feature=18 46 37 47 32 33 32 42 22 22 54 37 47 37
split_gain=986.001 943.183 966.31 789.375 919.611 1467.33 1124.48 1173.98 1471.06 1418.07 1143.73 1136.6 1999.9 1146.9
threshold=5.6039605140686044 0.98812097311019909 4.3036997318267831 4.9927642345428476 4.1190040111541757 0.89587974548339855 3.5259279012680058 1.4978661537170412 6.7996129989624032 6.7929053306579599 1.0000000180025095e-35 1.8688347935676577 4.388237953186036 3.1984648704528813
decision_type=2 2 2 2 2 2 2 2 2 2 2 2 2 2
left_child=-1 2 3 4 6 -6 10 9 -9 -8 11 12 -2 -13
right_child=1 -3 -4 -5 5 -7 7 8 -10 -11 -12 13 -14 -15
leaf_value=-0.061489935749022132 0.035963794388061202 -0.092403722306653155 0.048983422271281302 0.015363883349230601 -0.035728696030553522 0.011880475401335739 -0.0066746278164621546 0.030137528484792078 -0.06909971291806874 0.05054240577978656 -0.040106696841513301 -0.033492999575201444 -0.025355923935907416 0.020149403672157364
leaf_weight=622.64447878859937 3893.3847189042717 255.37213363870978 1060.4278504997492 7201.2999155549332 4527.5191169045866 2509.4171129558235 1622.8109328318387 741.17037228122354 734.14258170127869 3232.0415219292045 2069.0264367312193 3368.3109426721931 2008.0416251905262 1405.4748423546553
leaf_count=3945 19251 4891 4771 151968 8856 29852 24770 4664 687 13299 11031 4728 12330 4204
internal_value=0.000368578 0.00149827 0.00222258 0.000719808 -0.00332325 -0.0187582 0.00237786 0.0195863 -0.0193775 0.0314423 -0.00617837 0.000428856 0.0150913 -0.0176908
internal_weight=35251.1 34628.4 34373.1 33312.6 26111.3 7036.94 19074.4 6330.17 1475.31 4854.85 12744.2 10675.2 5901.43 4773.79
internal_count=299247 295302 290411 285640 133672 38708 94964 43420 5351 38069 51544 40513 31581 8932
is_linear=0
shrinkage=0.05


Tree=35
num_leaves=15
num_cat=0
split_feature=36 37 22 47 36 36 36 15 32 36 37 32 32 22
split_gain=924.093 872.905 1070.12 846.136 873.746 2432.11 963.827 847.574 918.188 954.985 933.921 1311.32 1083.56 1413.66
threshold=0.093841642141342177 3.1984648704528813 6.7996129989624032 6.148386001586915 0.64611005783081066 0.59870129823684703 0.34336403012275701 0.017094626091420654 4.1190040111541757 0.7379862666130067 1.8688347935676577 2.9174053668975835 1.0000000180025095e-35 6.7929053306579599
decision_type=2 2 2 2 2 2 2 2 2 2 2 2 2 2
left_child=-1 3 -3 7 5 6 -5 8 10 -10 12 -12 -2 -14
right_child=1 2 -4 4 -6 -7 -8 -9 9 -11 11 -13 13 -15
leaf_value=-0.080597716670000999 -0.04889654319234181 0.00026320748082555369 0.048415587726175442 -0.039676362860510711 0.039262703846312946 -0.074648372166685725 0.031806219651697741 0.0098848587515147739 -0.038291446609956412 0.026604973822608919 -0.050235090477544403 0.0096341594813849039 -0.019626616959221663 0.025395131174653241
leaf_weight=338.95756619377062 849.00018763542175 2651.4313296880573 2032.9069795012474 558.3341125883162 2233.5685599241406 845.66920480132103 2786.0055624078959 5951.9176760402042 4386.4106221406255 643.604351967806 2195.5876326858997 1557.8620011284947 2617.4665780309588 5177.5334378927946
leaf_count=1720 1102 27218 6667 1551 11396 647 23939 69366 85706 9689 2193 8666 32821 16566
internal_value=0.000359705 0.00117853 0.021219 -0.00197743 0.0140816 0.000596814 0.0197896 -0.00639385 -0.0119559 -0.0299515 -0.00463634 -0.0254269 0.00441041 0.0102716
internal_weight=34826.3 34487.3 4684.34 29803 6423.58 4190.01 3344.34 23379.4 17427.5 5030.01 12397.4 3753.45 8644 7795
internal_count=299247 297527 33885 263642 37533 26137 25490 226109 156743 95395 61348 10859 50489 49387
is_linear=0
shrinkage=0.05


Tree=36
num_leaves=15
num_cat=0
split_feature=18 46 37 49 36 36 36 47 22 22 32 31 31 42
split_gain=860.912 845.869 877.848 745.922 756.735 709.094 1796.03 1135.63 1383.62 1173.94 763.317 997.568 1093.03 1327.41
threshold=5.6039605140686044 0.98380130529403698 4.3036997318267831 0.76331442594528209 0.95080643892288219 0.84680575132370006 0.76278772950172435 4.3372693061828622 6.7929053306579599 6.7984981536865243 4.1190040111541757 0.82157495617866527 0.67573529481887828 1.4978661537170412
decision_type=2 2 2 2 2 2 2 2 2 2 2 2 2 2
left_child=-1 2 3 4 5 6 7 8 -2 -9 11 12 -11 -14
right_child=1 -3 -4 -5 -6 -7 -8 9 -10 10 -12 -13 13 -15
leaf_value=-0.05785882286678079 -0.024463042963972663 -0.078897485426845049 0.048731599841657723 0.029315991844866919 0.0414373852203231 -0.024038754646914365 0.044775148638595053 0.012640438657845072 0.030883150809910803 -0.02894751544601791 -0.02989181704233709 -0.030982536437507896 0.039553752321508123 -0.033341320480904497
leaf_weight=613.74907213822007 1544.7229726538062 314.65201358497143 973.83343808352947 2131.0276975661982 995.36304819956422 3421.4027693420649 2064.3236935019959 4406.611113622319 4126.9984370283782 1469.0777219980955 6249.759457141161 2644.060248658061 2640.0936184972525 808.69341957569122
leaf_count=3945 14369 6094 4708 81355 3765 34575 14402 102158 15425 2115 6256 2879 5913 1288
internal_value=0.000348108 0.00142214 0.00220043 0.000791697 -0.00121874 -0.0026777 0.000146372 -0.0037271 0.0157928 -0.00980936 -0.0169759 -0.00627586 0.00704346 0.0224139
internal_weight=34404.4 33790.6 33476 32502.1 30371.1 29375.7 25954.3 23890 5671.72 18218.3 13811.7 7561.93 4917.86 3448.79
internal_count=299247 295302 289208 284500 203145 199380 164805 150403 29794 120609 18451 12195 9316 7201
is_linear=0
shrinkage=0.05


Tree=37
num_leaves=15
num_cat=0
split_feature=36 26 28 27 36 32 33 31 27 24 28 42 22 22
split_gain=828.427 771.312 853.006 990.175 1688.19 918.623 1164.5 919.097 1414.52 1327.21 875.606 931.439 1075.03 1046.6
threshold=0.093841642141342177 0.9569157361984254 4.5695295333862314 6.3587081432342538 0.60656467080116283 4.1190040111541757 0.89587974548339855 0.82157495617866527 3.113268375396729 0.069616038352251067 1.0000000180025095e-35 1.4978661537170412 6.7996129989624032 6.7973818778991708
decision_type=2 2 2 2 2 2 2 2 2 2 2 2 2 2
left_child=-1 2 5 -4 -5 7 -7 8 -2 -9 -10 13 -13 -12
right_child=1 -3 3 4 -6 6 -8 9 10 -11 11 12 -14 -15
leaf_value=-0.077565686966825212 -0.023087443720011716 -0.072420607621225638 0.036342008784509959 -0.03918544849994688 0.051296709840530801 -0.031930605071834976 0.0098492679101119269 -0.048988184278063979 -0.017147269785815208 0.0024175475950049164 0.0037231664574500379 0.026907500929384733 -0.069083111854041451 0.04001024242807559
leaf_weight=327.82833918184042 2557.0942548438907 342.7872260697186 3437.7961612155195 1415.3732100725174 797.70634659565985 4654.4077968676575 2590.0620084295515 1765.032607646659 1545.950022764504 4287.9715781658888 2918.5678367987275 600.89538734778762 549.63866567611694 6230.8646842837334
leaf_count=1720 12386 6650 142669 1402 1583 14024 30934 6731 3348 18957 37597 3847 526 16873
internal_value=0.000342682 0.00112348 0.00190085 0.0195868 -0.00648704 -0.00171284 -0.0170004 0.00370688 0.0105759 -0.0126282 0.0178559 0.0231211 -0.0191497 0.0284518
internal_weight=34022 33694.1 33351.4 5650.88 2213.08 27700.5 7244.47 20456 14403 6053 11845.9 10300 1150.53 9149.43
internal_count=299247 297527 290877 145654 2985 145223 44958 100265 74577 25688 62191 58843 4373 54470
is_linear=0
shrinkage=0.05


Tree=38
num_leaves=15
num_cat=0
split_feature=15 46 48 44 47 27 43 33 43 22 43 23 37 46
split_gain=773.516 800.496 773.78 640.446 549.625 1165.25 676.563 502.342 1061.15 821.993 746.058 503.781 498.965 486.224
threshold=0.015385060105472805 0.98380130529403698 0.71992215514183056 0.72148624062538158 4.3502571582794198 3.5549397468566899 4.1190040111541757 1.2424533367156985 3.7012257575988774 6.7804884910583505 3.6242519617080693 2.9700856208801274 1.4978661537170412 0.19139194488525393
decision_type=2 2 2 2 2 2 2 2 2 2 2 2 2 2
left_child=1 2 4 7 5 12 -6 9 -9 -4 -11 -12 13 -1
right_child=-2 -3 3 -5 6 -7 -8 8 -10 10 11 -13 -14 -15
leaf_value=-0.057700219443770011 0.012169859888211149 -0.08902680747475572 0.044401439554774026 0.030197379432682938 -0.049882180427597782 0.033997325529064142 -0.010962427003647301 -0.02821831491355592 0.028274359520590178 0.051317206480061162 0.037552754395723163 -0.020524692967452633 -0.027155470001459438 0.049143367382319135
leaf_weight=130.83052611304447 9777.5751236591022 267.01587048918009 673.68900193809532 1985.3476509328466 1879.1740504312329 1487.4449177887291 2749.1327721336856 1120.4350703898817 3138.8381423822138 414.31508956849575 387.96937337517738 6271.6096103675663 2895.8933308273554 434.9587764814496
leaf_count=663 100061 5154 35079 50553 5063 12001 23698 10071 22127 1340 757 19784 9839 3057
internal_value=0.000334359 -0.00452352 -0.00352885 0.00396615 -0.0144714 -0.0028757 -0.026838 -0.000392733 0.0133822 -0.00797308 -0.0130167 -0.01709 -0.0187719 0.0238643
internal_weight=33614.2 23836.7 23569.6 13992.2 9577.43 4949.13 4628.31 12006.9 4259.27 7747.58 7073.89 6659.58 3461.68 565.789
internal_count=299247 199186 194032 139711 54321 25560 28761 89158 32198 56960 21881 20541 13559 3720
is_linear=0
shrinkage=0.05


Tree=39
num_leaves=15
num_cat=0
split_feature=36 37 15 31 49 37 36 43 28 29 43 54 32 36
split_gain=746.388 707.305 667.515 685.707 863.983 606.694 594.771 602.87 504.278 472.673 458.017 752.716 484.626 1090.45
threshold=0.093841642141342177 4.3036997318267831 0.015385060105472805 0.90427875518798839 0.33864712715148931 3.1984648704528813 0.41885964572429663 6.0461888313293466 1.0000000180025095e-35 0.53609409928321849 2.8617925643920903 1.0000000180025095e-35 4.1190040111541757 0.63397127389907848
decision_type=2 2 2 2 2 2 2 2 2 2 2 2 2 2
left_child=-1 2 3 4 5 6 -2 8 -8 -5 -10 12 -12 -14
right_child=1 -3 -4 9 -6 -7 7 -9 10 -11 11 -13 13 -15
leaf_value=-0.074913956677658919 -0.032688104498178605 0.043896326678592439 0.011002157145581963 -0.012885724417733621 0.020940999849731735 0.018977733385578212 -0.047304637091984424 0.031824648670163221 0.039842080042924048 -0.059599524684598754 0.0033342677066419239 -0.049837414112276143 -0.041186188347657325 0.031663883137833075
leaf_weight=316.40136788599193 2416.1592856803909 926.69566906616092 9417.9486193035264 1438.6886246204376 3433.0086561974604 2040.658474393189 783.63208898901939 979.95006058178842 509.08648793399334 865.71779096312821 6623.7340662553906 976.07514756172895 1936.4664250037167 689.50747938128188
leaf_count=1720 6038 5030 98540 15112 82288 14008 1188 3069 3529 7116 32368 6374 14183 8684
internal_value=0.000325037 0.00106806 -0.000181224 -0.00482537 -0.00189668 -0.00653035 -0.0100308 -0.00562814 -0.00883933 -0.0306168 -0.00598999 -0.00830842 -0.00387699 -0.0220102
internal_weight=33353.7 33037.3 32110.6 22692.7 20388.3 16955.3 14914.6 12498.5 11518.5 2304.41 10734.9 10225.8 9249.71 2625.97
internal_count=299247 297527 292497 193957 171729 89441 75433 69395 66326 22228 65138 61609 55235 22867
is_linear=0
shrinkage=0.05


Tree=40
num_leaves=15
num_cat=0
split_feature=18 37 36 36 36 47 22 22 32 46 49 27 37 32
split_gain=709.586 710.533 614.525 726.243 1336.4 758.561 1227.52 1169.06 673.798 634.5 743.821 683.971 617.177 624.268
threshold=5.6039605140686044 4.3036997318267831 0.95080643892288219 0.84680575132370006 0.76278772950172435 4.3372693061828622 6.7984981536865243 6.7929053306579599 3.4334666728973393 0.97948163747787487 0.26005999743938452 6.3270399570465097 2.3502402305603032 2.9174053668975835
decision_type=2 2 2 2 2 2 2 2 2 2 2 2 2 2
left_child=-1 2 3 4 5 7 9 8 -2 10 11 -7 -9 -14
right_child=1 -3 -4 -5 -6 6 -8 12 -10 -11 -12 -13 13 -15
leaf_value=-0.053621160154424599 0.021933823078851986 0.045374957446355307 0.040128451816368135 -0.0229579505716326 0.041333348294910331 0.013477039907041844 -0.013961152719463904 0.049347655902115414 -0.046381442777092136 -0.054648021754536105 0.035085084861738738 -0.044127635070727686 -0.013503693109654666 0.043771626546594666
leaf_weight=588.85722365812398 558.11468444764614 879.56736093014479 919.05531373620033 3384.7914293590002 1950.75397789618 1932.1294797409791 14147.856463730335 1951.9518678858876 987.35997623950243 314.19820894673467 2836.5835464398842 691.42409301549196 1171.956303820014 787.02611447870731
leaf_count=3945 6822 5000 3771 35066 15780 38969 19703 11714 7836 6559 133579 6792 1509 2202
internal_value=0.000311223 0.00130421 6.48621e-05 -0.00114663 0.00156216 -0.00150998 -0.00603457 0.0149908 -0.0217285 0.0133771 0.0173843 -0.00181429 0.0295195 0.00961225
internal_weight=33101.6 32512.8 31633.2 30714.1 27329.4 25378.6 19922.2 5456.41 1545.47 5774.34 5460.14 2623.55 3910.93 1958.98
internal_count=299247 295302 290302 286531 251465 235685 205602 30083 14658 185899 179340 45761 15425 3711
is_linear=0
shrinkage=0.05


Tree=41
num_leaves=15
num_cat=0
split_feature=48 47 27 43 36 47 36 44 22 36 37 22 28 47
split_gain=692.005 716.325 987.316 866.769 746.187 710.821 1031.31 729.661 686.889 589.696 476.176 499.633 579.397 814.907
threshold=0.67124816775321972 4.3502571582794198 3.5549397468566899 4.1190040111541757 0.59870129823684703 6.148386001586915 0.33549784123897558 0.9558425545692445 6.8007264137268075 0.63397127389907848 4.0859410762786874 6.7469911575317392 2.6020033359527592 4.4005842208862314
decision_type=2 2 2 2 2 2 2 2 2 2 2 2 2 2
left_child=1 2 8 -3 -5 7 -7 10 -1 -6 11 -2 13 -13
right_child=5 3 -4 4 9 6 -8 -9 -10 -11 -12 12 -14 -15
leaf_value=-0.019993421108840576 0.044855121843245166 -0.049965733758229103 0.035356221742345643 0.0093493610119242624 -0.061775099051503073 -0.0527794778763662 0.030088607221453963 -0.085365747714569257 0.039870207993177677 0.02568339520555013 0.04146509476491006 0.02692547598454504 -0.0066294501293068979 -0.034452825391056006
leaf_weight=3284.0073987906799 593.88061633519828 1929.4837553356774 1597.4008552469313 2150.6504511348903 820.64651743136346 402.98577607423067 4214.2366819027811 232.67270733229816 551.24318525195122 244.78905558865517 719.93501587770879 3013.2660310082138 12409.214797109365 649.58110262453556
leaf_count=16027 103928 5147 12425 24599 633 1001 31576 4551 945 3469 10134 8644 71365 4803
internal_value=0.000309582 -0.010212 0.00245285 -0.0235622 -0.00761564 0.00531733 0.0227575 0.000736527 -0.0113079 -0.0416291 0.00193723 0.000205866 -0.00147084 0.0159763
internal_weight=32814 10578.2 5432.65 5145.57 3216.09 22235.8 4617.22 17618.6 3835.25 1065.44 17385.9 16665.9 16072.1 3662.85
internal_count=299247 63245 29397 33848 28701 236002 32577 203425 16972 4102 198874 188740 84812 13447
is_linear=0
shrinkage=0.05


Tree=42
num_leaves=15
num_cat=0
split_feature=36 15 46 47 32 36 32 42 22 22 22 54 27 37
split_gain=661.986 602.965 587.292 457.354 613.495 909.164 740.653 621.592 854.32 720.981 636.165 540.307 648.645 897.428
threshold=0.093841642141342177 0.010256679728627207 0.98380130529403698 4.9927642345428476 4.1190040111541757 0.5032467544078828 3.5259279012680058 1.4978661537170412 6.7929053306579599 6.7996129989624032 6.787281036376954 1.0000000180025095e-35 6.3569750785827646 1.8688347935676577
decision_type=2 2 2 2 2 2 2 2 2 2 2 2 2 2
left_child=-1 2 3 4 6 -6 11 8 10 -9 -8 12 13 -2
right_child=1 -3 -4 -5 5 -7 7 9 -10 -11 -12 -13 -14 -15
leaf_value=-0.072019242356810093 0.019251729606928249 0.0092872245456693224 -0.080941646395957231 0.012152606624510037 -0.039587279506486106 0.010347261819505205 0.017119126857489113 0.026424696731719217 0.047158248940984832 -0.064402616456701756 -0.069824910387998332 -0.041236219764315636 -0.064310559915450205 -0.020301052723480394
leaf_weight=303.38727525807917 2923.4917642641813 13051.031237350078 238.9630275927484 3682.5189286689274 2857.3573974519968 1331.2451563514769 650.82594252564013 417.41091271676123 1915.522437337786 439.06615054607391 298.98666156083345 1186.9275660738349 412.14283388853073 2795.8269172944129
leaf_count=1720 18426 136347 4744 74885 9365 14148 12912 2688 9060 430 1812 6778 337 5595
internal_value=0.000299685 0.00100319 -0.00464433 -0.00363797 -0.0074618 -0.02373 -0.00127384 0.0168592 0.0280114 -0.0203431 -0.0106919 -0.0105059 -0.00449969 -8.49054e-05
internal_weight=32504.7 32201.3 19150.3 18911.3 15228.8 4188.6 11040.2 3721.81 2865.34 856.477 949.813 7318.39 6131.46 5719.32
internal_count=299247 297527 161180 156436 81551 23513 58038 26902 23784 3118 14724 31136 24358 24021
is_linear=0
shrinkage=0.05


Tree=43
num_leaves=15
num_cat=0
split_feature=27 37 36 36 27 27 33 33 22 47 47 31 22 37
split_gain=622.331 751.316 616.444 1778.45 834.412 846.647 1490.53 829.335 793.058 682.535 1082.88 999.467 921.036 1238.05
threshold=3.113268375396729 4.1937699317932138 0.63397127389907848 0.57259953022003185 5.4617087841033944 5.4574534893035898 1.2424533367156985 2.6020033359527592 6.7996129989624032 4.3502571582794198 4.9927642345428476 0.76214051246643078 6.7929053306579599 2.6020033359527592
decision_type=2 2 2 2 2 2 2 2 2 2 2 2 2 2
left_child=-1 2 3 9 5 7 -7 -4 -5 12 11 -11 -2 -14
right_child=1 -3 4 8 -6 6 -8 -9 -10 10 -12 -13 13 -15
leaf_value=-0.022788194558592809 -0.026064938801803252 0.043848618843641024 0.020690502403922863 0.033113298994261138 0.029393894793215792 -0.076040497875589683 0.043552355324328627 -0.018910293474790812 -0.067713699037009439 -0.037784564431637635 0.015955712320551776 -0.001327848900990955 0.050161098046251955 -0.0091665700108551195
leaf_weight=2670.2750208503567 1009.282603604719 1042.9903074018657 4068.1626642886549 219.40439584688284 3713.4725956318434 810.20891100168228 374.0007621794939 1947.1656490396708 1430.8745211064816 3317.1879008337855 3627.7543127737008 4323.9013241212815 2300.7983643747866 1415.1776742562652
leaf_count=13651 12477 7009 36572 1687 34629 795 1288 15208 971 15936 132287 12797 11231 2709
internal_value=0.000283343 0.00237164 0.000841973 -0.00493465 0.0101777 0.000239086 -0.0382219 0.00786159 -0.0541901 0.000178236 -0.00651026 -0.0171833 0.0161091 0.027603
internal_weight=32270.7 29600.4 28557.4 17644.4 10913 7199.54 1184.21 6015.33 1650.28 15994.1 11268.8 7641.09 4725.26 3715.98
internal_count=299247 285596 278587 190095 88492 53863 2083 51780 2658 187437 161020 28733 26417 13940
is_linear=0
shrinkage=0.05


Tree=44
num_leaves=15
num_cat=0
split_feature=18 37 15 31 49 37 36 43 37 43 54 47 37 32
split_gain=607.886 594.388 561.365 573.368 653.589 427.853 566.754 484.754 441.107 434.806 572.668 455.881 505.21 1167.06
threshold=5.6039605140686044 4.3036997318267831 0.015504341572523119 0.90427875518798839 0.33864712715148931 3.1984648704528813 0.41885964572429663 6.0461888313293466 3.5869791507720952 2.8617925643920903 1.0000000180025095e-35 4.770540952682496 1.8688347935676577 2.9174053668975835
decision_type=2 2 2 2 2 2 2 2 2 2 2 2 2 2
left_child=-1 2 3 4 5 6 -2 9 -7 -8 11 12 -11 -14
right_child=1 -3 -4 -5 -6 8 7 -9 -10 10 -12 -13 13 -15
leaf_value=-0.050408374518243509 -0.031374127777383458 0.044074000224992305 0.010619438803751191 -0.028099446662474926 0.019054834798856734 0.050089440697287761 0.041370515435234456 0.030480214714641941 -0.00023269521845014531 0.0061780791244131252 -0.040453170193717664 -0.036186587624455958 -0.049718686309209462 0.030444722954231909
leaf_weight=570.78755382797681 2285.4282408975996 778.65771359577775 8964.3551610477734 2248.3790312819183 3220.1840196645353 636.22583490610123 433.12060099467635 917.89941645972431 1335.0383080560714 6189.9754597451538 1276.7367327585816 1020.201820831513 1330.0191713869572 678.50182878784835
leaf_count=3945 5795 5000 97469 22298 82434 1932 3354 3073 12080 30920 6627 12604 1372 10344
internal_value=0.000277144 0.00121681 0.000109897 -0.00426035 -0.00147344 -0.00558781 -0.00863345 -0.00422354 0.0161796 -0.00716354 -0.00920389 -0.0048369 -0.000896487 -0.0226219
internal_weight=31885.5 31314.7 30536.1 21571.7 19323.3 16103.1 14131.9 11846.5 1971.26 10928.6 10495.4 9218.7 8198.5 2008.52
internal_count=299247 295302 290302 192833 170535 88101 74089 68294 14012 65221 61867 55240 42636 11716
is_linear=0
shrinkage=0.05


Tree=45
num_leaves=15
num_cat=0
split_feature=36 37 22 15 31 49 27 22 23 31 36 37 27 42
split_gain=580.736 515.672 860.521 541.009 485.457 476.802 453.066 307.8 1152.35 1084.74 736.626 648.659 1527.5 626.28
threshold=0.093841642141342177 3.1984648704528813 6.7996129989624032 0.013684903271496298 0.98577681183815014 0.76331442594528209 5.3844845294952401 6.7996129989624032 5.0530509948730478 0.75882840156555187 0.78817948698997509 1.0000000180025095e-35 5.4617087841033944 1.4978661537170412
decision_type=2 2 2 2 2 2 2 2 2 2 2 2 2 2
left_child=-1 3 6 4 5 7 -3 8 -2 13 11 12 -11 -9
right_child=1 2 -4 -5 -6 -7 -8 9 -10 10 -12 -13 -14 -15
leaf_value=-0.06895815295494602 -0.023899350596204322 -0.01716500856996191 0.046452552616622865 0.0083505080509254734 -0.075641646910488025 0.026705482762360195 0.026194852592326852 0.020163922735455701 0.015746753654215587 0.060448358932133045 0.013684378134709888 -0.043047993826681917 -0.036829412787126654 -0.1042636796538641
leaf_weight=290.08742301748134 3056.261991366744 1567.3506875000894 1565.8629108071327 9144.1438652307261 240.86821909807622 1064.7754732235335 964.7620983608067 2331.8001986891031 4546.3391982645262 571.09990653395653 1081.0758637040854 3816.0571371912956 1311.301871329546 95.848024725914001
leaf_count=1720 27647 14076 6667 101737 4872 45008 13142 4475 72851 718 1942 3410 916 66
internal_value=0.000267739 0.000929925 0.0174444 -0.00155822 -0.0065617 -0.00558904 -0.000606381 -0.00764932 -0.000201524 -0.0137923 -0.0240531 -0.0312239 -0.00715294 0.0148437
internal_weight=31647.6 31357.5 4097.98 27259.6 18115.4 17874.6 2532.11 16809.8 7602.6 9207.18 6779.53 5698.46 1882.4 2427.65
internal_count=299247 297527 33885 263642 161905 157033 27218 112025 100498 11527 6986 5044 1634 4541
is_linear=0
shrinkage=0.05


Tree=46
num_leaves=15
num_cat=0
split_feature=36 31 24 37 22 36 43 47 54 43 37 32 31 22
split_gain=537.209 489.826 806.528 714.078 545.253 518.042 554.742 671.144 570.89 626.516 488.012 626.186 835.366 665.376
threshold=0.093841642141342177 0.90427875518798839 0.58974027633667003 3.1984648704528813 6.7996129989624032 0.40129870176315313 6.03906273841858 4.770540952682496 1.0000000180025095e-35 2.8617925643920903 3.0129330158233647 2.7403194904327397 0.61577314138412487 6.7804884910583505
decision_type=2 2 2 2 2 2 2 2 2 2 2 2 2 2
left_child=-1 2 3 5 -5 -2 7 8 10 -10 11 12 -7 -13
right_child=1 -3 -4 4 -6 6 -8 -9 9 -11 -12 13 -14 -15
leaf_value=-0.06700735900222618 -0.022643236717972484 -0.017621222382672042 0.022828214018065465 0.0033871589558745648 0.046057063413771658 -0.010874922794132083 0.029871623779112812 -0.035026226316360723 0.045221617120495265 -0.034582541245169289 -0.033874452296872748 0.037106582753121731 0.052271863507705574 -0.0039272105539639966
leaf_weight=284.05237617134117 3139.1165364643093 3194.3255113372579 4329.4070774926804 1724.1815814562142 1315.6232829615474 802.37027408927679 1365.3837295174599 1492.7632017787546 275.17988295480609 1825.6463109441102 779.97252410650253 1112.4516725493595 1482.2046195045114 8233.3453680537641
leaf_count=1720 8824 33118 105605 16434 5852 4741 5264 44855 1984 9485 652 34480 5144 21089
internal_value=0.000257028 0.000893303 0.00302032 -0.000629553 0.0219451 -0.00398468 -0.000601476 -0.00321833 7.56096e-05 -0.0239646 0.00416115 0.00673886 0.0301432 0.000991577
internal_weight=31356 31072 27877.6 23548.2 3039.8 20508.4 17369.3 16003.9 14511.2 2100.83 12410.3 11630.4 2284.57 9345.8
internal_count=299247 297527 264409 158804 22286 136518 127694 122430 77575 11469 66106 65454 9885 55569
is_linear=0
shrinkage=0.05


Tree=47
num_leaves=15
num_cat=0
split_feature=18 37 36 36 36 47 22 22 32 37 48 46 32 0
split_gain=511.831 503.607 484.418 581.301 1099.14 600.24 958.071 913.778 580.584 499.759 472.032 475.969 599.112 467.307
threshold=5.6039605140686044 4.3036997318267831 0.95080643892288219 0.84680575132370006 0.76278772950172435 4.3372693061828622 6.7929053306579599 6.7984981536865243 3.4334666728973393 2.3502402305603032 0.23504647612571719 0.97948163747787487 4.4642539024353036 0.0083683477714657801
decision_type=2 2 2 2 2 2 2 2 2 2 2 2 2 2
left_child=-1 2 3 4 5 6 8 10 -2 -8 -7 12 -12 -9
right_child=1 -3 -4 -5 -6 7 9 13 -10 -11 11 -13 -14 -15
leaf_value=-0.046891347335019679 0.022301260776205409 0.042816693297459199 0.038015864157619504 -0.020784815744138999 0.039669917905429328 -0.10301175560072909 0.047957179752495471 -0.016531947927207493 -0.041539459680156141 0.010232258466977499 -0.00059584634985280572 -0.046364492042195164 0.033674414821483888 0.0082118081705422306
leaf_weight=555.24651082116179 545.89480598457158 697.57015458494425 810.81339219212532 3262.3661698983051 1754.9059319198132 78.086927458643913 1689.6549718752503 11159.649003863335 987.74135096929967 1830.1625606566668 2431.8504484053701 301.23607971705496 2670.7594546410255 2294.8728726804256
leaf_count=3945 6822 5000 3771 35066 15780 2200 11714 16399 7836 3711 28134 6559 149006 3304
internal_value=0.000253172 0.00112607 0.000136722 -0.000934818 0.00158765 -0.0012135 0.0140796 -0.00529994 -0.0188182 0.0284263 0.0118927 0.0137403 0.0173723 -0.0123086
internal_weight=31070.8 30515.6 29818 29007.2 25744.8 23989.9 5053.45 18936.5 1533.64 3519.82 5481.93 5403.85 5102.61 13454.5
internal_count=299247 295302 290302 286531 251465 235685 30083 205602 14658 15425 185899 183699 177140 19703
is_linear=0
shrinkage=0.05


Tree=48
num_leaves=15
num_cat=0
split_feature=48 15 46 47 32 36 27 27 42 22 47 31 22 48
split_gain=480.407 466.173 479.993 347.159 468.623 724.572 590.885 724.766 533.78 668.367 421.953 752.173 839.448 851.805
threshold=1.0000000180025095e-35 0.010256679728627207 0.98380130529403698 4.9927642345428476 4.1190040111541757 0.5032467544078828 6.3569750785827646 5.4380698204040536 1.4978661537170412 6.7996129989624032 6.2255475521087655 0.79426440596580516 6.8007264137268075 0.64167010784149181
decision_type=2 2 2 2 2 2 2 2 2 2 2 2 2 2
left_child=-1 2 3 4 6 -6 7 -2 -9 -10 -5 -12 -13 -14
right_child=1 -3 -4 10 5 -7 -8 8 9 -11 11 12 13 -15
leaf_value=-0.079016610431904055 -0.008118751958007665 0.0081511879132222902 -0.074923294899224779 0.030227885829566082 -0.035728317295461345 0.0098387487529863586 -0.059654375968288778 0.031499159944417876 0.03632379303428647 -0.058310734941644737 0.043480463592923485 -0.092052005606192838 -0.058435343213027249 0.035228250651298879
leaf_weight=179.97003014781512 6797.2149962745607 12534.918983016862 228.03319019824266 1535.4376765468623 2746.5653779357672 1271.0332443248481 405.8404757976532 2513.0921502392739 325.06645521521568 412.56931072473526 554.48470039665699 338.77889791876078 391.91805279254913 602.92341873049736
leaf_count=1582 32772 136314 4750 71970 9498 14148 337 23387 1223 430 1049 514 269 1004
internal_value=0.000250258 0.000741189 -0.00438568 -0.00344548 -0.00683296 -0.0213238 -0.00124878 0.00116721 0.0205494 -0.0166785 0.0108516 -0.00498167 -0.0253046 -0.00188487
internal_weight=30837.8 30657.9 18123 17894.9 14471.4 4017.6 10453.8 10047.9 3250.73 737.636 3423.54 1888.11 1333.62 994.841
internal_count=299247 297665 161351 156601 81795 23646 58149 57812 25040 1653 74806 2836 1787 1273
is_linear=0
shrinkage=0.05


Tree=49
num_leaves=15
num_cat=0
split_feature=36 15 26 47 28 27 27 36 36 22 32 33 32 42
split_gain=465.357 436.874 517.968 490.385 494.792 1111.18 567.646 1177.53 699.436 1291.17 447.461 827.263 688.358 746.651
threshold=0.093841642141342177 0.034576654434204109 0.9569157361984254 4.9927642345428476 1.8688347935676577 5.4617087841033944 6.3587081432342538 0.60656467080116283 0.59870129823684703 6.8007264137268075 4.1190040111541757 0.89587974548339855 3.5259279012680058 1.4978661537170412
decision_type=2 2 2 2 2 2 2 2 2 2 2 2 2 2
left_child=-1 2 3 10 -5 -6 -7 8 9 -8 12 -12 -2 -14
right_child=1 -3 -4 4 5 6 7 -9 -10 -11 11 -13 13 -15
leaf_value=-0.064134205187519 -0.0069228129221160012 0.018286331881525019 -0.066922139767204 0.048855296215038875 -0.083462728600853964 0.027839363534729624 -0.10175270792002676 0.049613747230584905 -0.071134771800645383 0.051055406759821877 -0.030071329706966937 0.0087215861534988368 0.026192816529452607 -0.018702925261100609
leaf_weight=268.21993343462236 10302.710754593834 3194.5700988182798 286.8205359838903 797.85338910669088 310.29954525828362 2629.8924563238397 192.09909807890654 590.48743906058371 649.02739155292511 427.51964980363846 3697.2759052217007 2177.9778366005048 3884.0009284615517 1207.0984210763127
leaf_count=1720 46744 33075 6045 2186 290 129937 286 1460 431 619 8042 27752 35916 4744
internal_value=0.000236568 0.000826432 -0.00123371 -0.000507788 0.012647 0.00653857 0.0129315 -0.00819295 -0.0352765 0.00281696 -0.00397393 -0.0157003 0.000508873 0.0155323
internal_weight=30615.9 30347.6 27153.1 26866.2 5597.18 4799.33 4489.03 1859.13 1268.65 619.619 21269.1 5875.25 15393.8 5091.1
internal_count=299247 297527 264452 258407 135209 133023 132733 2796 1336 905 123198 35794 87404 40660
is_linear=0
shrinkage=0.05


Tree=50
num_leaves=15
num_cat=0
split_feature=27 37 31 31 47 47 37 24 32 31 46 31 47 47
split_gain=449.091 554.349 480.495 815.354 748.7 919.554 707.055 609.436 757.133 632.654 509.846 500.839 581.043 826.676
threshold=3.113268375396729 4.1937699317932138 0.75882840156555187 0.73097601532936107 4.3372693061828622 4.0342013835906991 1.4978661537170412 0.098826456815004363 4.0251922607421884 0.90409579873085033 0.77286839485168468 0.89756566286087047 6.2166042327880868 6.2195951938629159
decision_type=2 2 2 2 2 2 2 2 2 2 2 2 2 2
left_child=-1 2 3 4 5 6 -2 8 -4 11 -10 12 -9 -14
right_child=1 -3 7 -5 -6 -7 -8 9 10 -11 -12 -13 13 -15
leaf_value=-0.019658595336912273 0.047097110706343044 0.041409679186181991 -0.037051036684665938 0.035728027264210392 -0.013246267295860668 0.044573763907143904 -0.03590592888338532 0.010040809594013827 -0.026102091720539056 -0.016393521078541182 0.0064584046689057269 0.033558483449583704 -0.21737871586437138 -0.022098753432035843
leaf_weight=2586.4634841519874 350.03866569697857 858.21024534478784 2480.8499595820904 2316.2426403881982 3793.2209487512009 1666.2720281826332 885.37988176196814 4645.0263626587112 1748.9958850163966 2664.4835816258565 3789.8768738745712 1962.3303697453812 50.458643291145563 557.80548243224621
leaf_count=13651 3022 7009 10218 15373 127135 15742 3852 36383 8125 18612 19181 18934 527 1483
internal_value=0.000227279 0.00208589 0.000816909 0.0102269 0.00136417 0.0204435 -0.0121988 -0.00392336 -0.014155 0.00438764 -0.00385165 0.0120735 0.0039994 -0.0415522
internal_weight=30355.7 27769.2 26911 9011.15 6694.91 2901.69 1235.42 17899.8 8019.72 9880.1 5538.87 7215.62 5253.29 608.264
internal_count=299247 285596 278587 165124 149751 22616 6874 113463 37524 75939 27306 57327 38393 2010
is_linear=0
shrinkage=0.05


Tree=51
num_leaves=15
num_cat=0
split_feature=18 37 36 36 36 22 43 31 46 22 47 44 22 37
split_gain=443.849 422.915 424.843 497.47 977.994 546.745 625.291 592.917 670.384 418.32 407.417 395.475 605.631 707.903
threshold=5.6039605140686044 4.3036997318267831 0.95080643892288219 0.83780819177627575 0.76278772950172435 6.7804884910583505 4.0689902305603036 0.9807192087173463 0.50193798542022716 6.7469911575317392 4.3502571582794198 0.10520052537322046 6.7996129989624032 1.2424533367156985
decision_type=2 2 2 2 2 2 2 2 2 2 2 2 2 2
left_child=-1 2 3 4 5 7 10 8 -2 -5 -7 -8 -13 -14
right_child=1 -3 -4 9 -6 6 11 -9 -10 -11 -12 12 13 -15
leaf_value=-0.044491317478587665 -0.059391500841949843 0.041453252605966572 0.036819846366382698 0.03737107333999954 0.03897131785773799 0.016935253978665007 -0.015323298805477137 -0.041227126201723134 0.044766157841194254 -0.024792979860269182 -0.034624885807185903 0.014833073866557937 -0.0010282307904012247 -0.049023028141610185
leaf_weight=534.948069361737 162.50812235381454 623.70195592567325 759.41714507341385 288.82290471531451 1623.030940328259 4383.6029154099524 8743.8602804597467 292.312723999843 1576.4722317380365 2968.4234040537849 410.43625291995704 3688.9581917151809 3055.8792807459831 1016.5227989256382
leaf_count=3945 6225 5000 3771 12277 15757 18875 24576 6621 144134 22812 974 29415 3872 993
internal_value=0.000223359 0.00104639 0.000162464 -0.000837027 0.00156448 -0.00105337 -0.00342093 0.023667 0.0347487 -0.0191833 0.0124581 -0.00803785 0.00017902 -0.0130991
internal_weight=30128.9 29593.9 28970.2 28210.8 24953.6 23330.6 21299.3 2031.29 1738.98 3257.25 4794.04 16505.2 7761.36 4072.4
internal_count=299247 295302 290302 286531 251442 235685 78705 156980 150359 35089 19849 58856 34280 4865
is_linear=0
shrinkage=0.05


Tree=52
num_leaves=15
num_cat=0
split_feature=48 15 46 47 31 47 22 48 28 21 32 33 32 41
split_gain=423.184 406.386 450.199 419.343 469.159 790.343 1049.12 1070.43 518.636 511.433 413.915 688.009 583.236 597.394
threshold=1.0000000180025095e-35 0.023922377265989784 0.98380130529403698 4.9927642345428476 0.79426440596580516 6.2255475521087655 6.8007264137268075 0.64167010784149181 6.1452574729919442 0.73976159095764171 4.1190040111541757 0.89587974548339855 3.5259279012680058 0.84523808956146251
decision_type=2 2 2 2 2 2 2 2 2 2 2 2 2 2
left_child=-1 2 3 10 -5 9 -7 -8 -9 -6 12 -12 -2 -14
right_child=1 -3 -4 4 5 6 7 8 -10 -11 11 -13 13 -15
leaf_value=-0.077181671903407606 -0.0072225917580788744 0.013037722377857625 -0.068141647024540383 0.041211979110759474 -0.10637056224043795 -0.085245302970269443 -0.056138854047208378 0.050826915365068059 -0.055780701971347241 0.030818254152378502 -0.030257609358555388 0.0070154139267673823 0.019779515113439228 -0.048538233038472489
leaf_weight=165.561616206076 9446.7337723160163 5423.4100739184069 245.25175443664193 1049.8577174085658 60.893774746917188 451.04338948428631 495.44295758008957 749.68831692636013 125.72731384634972 1849.0119544875342 3353.3654360957444 1954.2235593181103 4184.9915166050196 336.94561377167702
leaf_count=1582 43090 60928 5371 77305 2349 756 371 1462 121 35811 7563 25324 36102 1112
internal_value=0.000218552 0.000675441 -0.00208751 -0.00138611 0.0118527 0.00350509 -0.0199984 0.00193116 0.0350588 0.025913 -0.00467457 -0.0165465 -0.000155047 0.014593
internal_weight=29892.1 29726.6 24303.2 24057.9 4781.67 3731.81 1821.9 1370.86 875.416 1909.91 19276.3 5307.59 13968.7 4521.94
internal_count=299247 297665 236737 231366 118175 40870 2710 1954 1583 38160 113191 32887 80304 37214
is_linear=0
shrinkage=0.05


Tree=53
num_leaves=15
num_cat=0
split_feature=36 36 36 36 37 22 22 47 37 47 47 19 26 27
split_gain=398.691 381.03 501.582 891.108 530.935 554.001 608.65 560.39 473.261 467.289 559.474 457.615 417.806 374.243
threshold=0.093841642141342177 0.95080643892288219 0.84680575132370006 0.76278772950172435 3.2755402326583867 6.7804884910583505 6.7580702304840097 4.1785123348236093 1.4978661537170412 4.2835628986358651 4.3372693061828622 0.54273086786270153 0.65022122859954845 3.1984648704528813
decision_type=2 2 2 2 2 2 2 2 2 2 2 2 2 2
left_child=-1 2 3 4 5 6 11 8 -7 -9 -11 12 -2 -12
right_child=1 -3 -4 -5 -6 7 -8 9 -10 10 13 -13 -14 -15
leaf_value=-0.061171843378123814 -0.087125138775495173 0.036125468878655899 -0.018626701311372579 0.037729666491450209 0.023248050063100652 0.047050483734368077 0.047377323457841597 -0.05660102294205574 0.0025828137594205995 0.039242878223349806 -0.051993292831423954 -0.06266896679518999 0.031612369399099248 -0.0077300162489082752
leaf_weight=252.238990054233 76.191907341475599 732.12945371493697 3250.1215324494988 1640.6536031959113 2171.7573660779744 810.18333945050836 1089.5529153030366 485.38227427005768 2216.9761370792985 611.62163222953677 483.6157540678978 260.84129106719047 526.02019155560993 15062.306237213314
leaf_count=1720 6067 3774 35340 16332 16840 5561 37386 2950 5947 5940 1076 6349 107834 46131
internal_value=0.000206271 0.000753166 -0.000161912 0.00220393 -0.00026043 -0.00263125 0.0227024 -0.00515632 0.0145998 -0.00875635 -0.00728494 -0.00863402 0.015412 -0.00913953
internal_weight=29669.6 29417.4 28685.2 25435.1 23794.4 21622.7 1952.61 19670.1 3027.16 16642.9 16157.5 863.053 602.212 15545.9
internal_count=299247 297527 293753 258413 242081 225241 157636 67605 11508 56097 53147 120250 113901 47207
is_linear=0
shrinkage=0.05


Tree=54
num_leaves=15
num_cat=0
split_feature=48 31 27 28 32 43 47 43 22 26 36 36 22 31
split_gain=394.858 471.065 709.811 710.961 632.741 626.845 446.799 614.81 614.4 590.427 547.083 417.081 339.185 478.991
threshold=0.67124816775321972 0.77388921380043041 3.1984648704528813 2.9700856208801274 6.1354806423187265 6.1191973686218271 4.3502571582794198 4.1190040111541757 6.8007264137268075 0.65022122859954845 0.59870129823684703 0.63397127389907848 6.8007264137268075 0.8981662690639497
decision_type=2 2 2 2 2 2 2 2 2 2 2 2 2 2
left_child=6 2 -2 -4 5 -3 8 -8 9 -1 12 -12 13 -9
right_child=1 4 3 -5 -6 -7 7 10 -10 -11 11 -13 -14 -15
leaf_value=-0.016019031280379039 -0.032158495652145631 -0.00366194369004082 0.041642773237673847 0.0057656266141885692 0.020485266239679292 -0.058810148623130581 -0.04281638257110796 -0.01676110054334352 0.04198453042293801 0.029545197762734416 -0.056675071511451028 0.022068813025221574 0.048332396591783386 0.046722749620559639
leaf_weight=3089.6993614563253 687.35574723780155 10431.958918612916 2433.8007071083412 3183.491081687971 2726.1912122443318 532.1683724950999 1726.0834350236692 1221.8768125177594 807.25718143582344 912.85014522541314 677.87536376342177 216.53599067847244 424.61685353517532 381.58121136203408
leaf_count=16920 2982 66314 14087 115460 30030 7129 5147 21115 2092 10385 633 3469 295 3189
internal_value=0.000201644 0.00418306 0.0154804 0.0213565 -0.00102708 -0.00638984 -0.00821058 -0.0192472 0.00247391 -0.00557959 -0.00522826 -0.037578 0.00915286 -0.00145765
internal_weight=29453.3 19995 6304.65 5617.29 13690.3 10964.1 9458.38 4648.57 4809.81 4002.55 2922.49 894.411 2028.07 1603.46
internal_count=299247 236002 132529 129547 103473 73443 63245 33848 29397 27305 28701 4102 24599 24304
is_linear=0
shrinkage=0.05


Tree=55
num_leaves=15
num_cat=0
split_feature=15 26 48 44 47 27 47 43 36 28 27 31 28 33
split_gain=391.803 375.116 416.463 422.51 326.003 715.549 412.623 364.033 421.19 342.821 323.683 509.455 618.415 303.976
threshold=0.040613722056150443 0.9569157361984254 0.71992215514183056 0.72148624062538158 4.3372693061828622 3.5549397468566899 4.0859410762786874 4.1190040111541757 0.57793521881103527 2.1383330821990971 3.1984648704528813 0.77388921380043041 2.9700856208801274 1.2424533367156985
decision_type=2 2 2 2 2 2 2 2 2 2 2 2 2 2
left_child=1 2 4 10 5 6 9 -6 -9 -1 -4 12 -12 -10
right_child=-2 -3 3 -5 7 -7 -8 8 13 -11 11 -13 -14 -15
leaf_value=-0.00055284651026673225 0.020257843471848596 -0.058900577518225521 -0.032877133969677085 0.024425035853491608 -0.028882556351659362 0.035461062974656565 0.026368206068767261 0.010348673314573852 -0.050106754800059876 -0.036719817313045189 0.040425110854014512 -0.0039809279494082478 0.0011328676392560152 -0.0043521118163174239
leaf_weight=1296.1405541654676 2236.7022013668902 271.40525352023542 662.1448739618063 2219.9345607212745 2873.0706791793928 1160.0459836144 615.76092247664928 1964.4890203124378 652.59407253866084 1315.6736771054566 1684.6419944874942 8996.3112394623458 2449.38323297631 807.48675431567244
leaf_count=7012 22503 6163 3755 78825 8672 13609 1330 27851 2316 7474 10882 56276 48127 4452
internal_value=0.000196488 -0.00147421 -0.000868584 0.004232 -0.00850888 0.00195348 -0.010162 -0.0157896 -0.00475311 -0.0188421 0.000966534 0.00269695 0.0172036 -0.0250042
internal_weight=29205.8 26969.1 26697.7 16012.4 10685.3 4387.62 3227.58 6297.64 3424.57 2611.81 13792.5 13130.3 4134.03 1460.08
internal_count=299247 276744 270581 197865 72716 29425 15816 43291 34619 14486 119040 115285 59009 6768
is_linear=0
shrinkage=0.05


Tree=56
num_leaves=15
num_cat=0
split_feature=48 0 47 47 31 22 48 28 44 42 21 46 37 22
split_gain=374.165 361.988 352.326 455.219 785.292 1019.17 863.538 567.51 372.546 352.124 283.204 320.702 276.679 473.783
threshold=1.0000000180025095e-35 0.0083683477714657801 6.148386001586915 6.2255475521087655 0.79426440596580516 6.8007264137268075 0.64167010784149181 6.1452574729919442 0.93192139267921459 2.79174816608429 0.73976159095764171 0.16631124168634417 3.1984648704528813 6.7996129989624032
decision_type=2 2 2 2 2 2 2 2 2 2 2 2 2 2
left_child=-1 2 8 10 -5 -6 -7 -8 12 -3 11 -4 -2 -14
right_child=1 9 3 4 5 6 7 -9 -10 -11 -12 -13 13 -15
leaf_value=-0.074733848238703493 -0.0064613977469862305 0.010642314433663782 0.034685544716888082 0.043205194106126013 -0.082262855053051268 -0.053207650276411868 0.051576389045387819 -0.052621801920183356 -0.072410522243301051 0.090524239710552248 0.036343325585985492 -0.11261958107066992 -0.0037970606364484609 0.039503164245078944
leaf_weight=155.68543799687177 16731.199122493388 4775.3000977600459 68.785384498536587 662.27101326733828 472.30593737401068 438.94651997089386 692.78801925480366 151.97023773193359 191.12702935189009 132.3297827616334 1621.0103750238195 61.830570654012263 1930.7250301539898 927.88390888273716
leaf_count=1582 181141 52849 477 1438 783 363 1472 151 4603 118 26580 1024 21963 4703
internal_value=0.000189487 0.00061943 -0.00191683 0.0112744 -0.00279768 -0.0202938 0.00296568 0.032435 -0.0047019 0.012976 0.0306078 -0.0380954 -0.00400469 0.0103466
internal_weight=29014.2 28858.5 23950.8 4169.91 2418.28 1756.01 1283.7 844.758 19780.9 4907.63 1751.63 130.616 19589.8 2858.61
internal_count=299247 297665 244698 32288 4207 2769 1986 1623 212410 52967 28081 1501 207807 26666
is_linear=0
shrinkage=0.05


Tree=57
num_leaves=15
num_cat=0
split_feature=36 15 31 26 37 22 29 22 33 37 37 32 31 36
split_gain=354.795 331.338 318.597 354.851 316.245 312.086 270.644 245.879 362.935 234.692 385.482 421.768 665.528 577.971
threshold=0.093841642141342177 0.010256679728627207 0.90427875518798839 0.84092986583709728 3.1984648704528813 6.7996129989624032 0.53609409928321849 6.7996129989624032 1.2424533367156985 3.0129330158233647 2.6735538244247441 2.7403194904327397 0.66060405969619762 0.39863014221191412
decision_type=2 2 2 2 2 2 2 2 2 2 2 2 2 2
left_child=-1 2 3 4 9 -6 -4 -5 -9 10 11 12 -2 -14
right_child=1 -3 6 7 5 -7 -8 8 -10 -11 -12 -13 13 -15
leaf_value=-0.05911121669922495 -0.020363102686121126 0.0071205892788606734 -0.0087788437581648917 0.023753042618741081 -0.0035583626639271492 0.042803557531267113 -0.048611249375526057 -0.017233571114962223 0.042706357758759729 -0.035535930465884588 0.035946773689223714 -0.015335965165317387 -0.047238325680233478 0.048363287509213808
leaf_weight=240.10369689879008 1002.3235622532666 11801.154797640978 1171.6625980902463 2034.8375965429004 859.8783495593816 616.39912762492895 665.68899313174188 1083.4103540331125 318.44675815105438 747.07371705514379 494.68826021533459 6603.7068883760367 177.50320214033127 1052.2010117322206
leaf_count=1720 3746 136347 12443 35672 7498 3237 6731 1433 1554 842 1940 82282 177 3625
internal_value=0.000182872 0.000700623 -0.00380318 -0.00138779 -0.005584 0.0159572 -0.0233955 0.0126946 -0.00341154 -0.0087523 -0.00657203 -0.00899048 0.00976801 0.0342938
internal_weight=28869.1 28629 16827.8 14990.5 11553.8 1476.28 1837.35 3436.69 1401.86 10077.5 9330.42 8835.73 2232.03 1229.7
internal_count=299247 297527 161180 142006 103347 10735 19174 38659 2987 92612 91770 89830 7548 3802
is_linear=0
shrinkage=0.05


Tree=58
num_leaves=15
num_cat=0
split_feature=18 37 2 36 36 36 22 43 46 31 47 47 22 32
split_gain=345.139 334.085 327.403 315.61 359.175 799.793 468.974 473.51 446.466 555.748 378.446 432.19 352.196 310.647
threshold=5.6039605140686044 4.3036997318267831 0.013072453904896976 0.95080643892288219 0.83780819177627575 0.76278772950172435 6.7804884910583505 4.0689902305603036 0.50193798542022716 0.9807192087173463 4.2835628986358651 4.3372693061828622 6.7469911575317392 4.1190040111541757
decision_type=2 2 2 2 2 2 2 2 2 2 2 2 2 2
left_child=-1 2 3 4 5 6 8 13 -2 -10 -9 -12 -6 -8
right_child=1 -3 -4 -5 12 -7 7 10 9 -11 11 -13 -14 -15
leaf_value=-0.040408666332530381 -0.054754643923167846 0.03970128129565105 0.024488869538117533 0.033554506393906218 0.03596916999062718 0.036764037043711242 0.012658748023049213 -0.054574558722592738 0.04278784719153661 -0.037630796213474114 0.050769835092539684 -0.0085112494065774334 -0.023424158385606419 -0.055380214396706408
leaf_weight=504.44370247377083 161.11730246478692 534.535678666085 1306.4230079480913 632.46559573337436 265.50756013859063 1395.5490781788249 4241.3514292016625 425.29646076261997 1367.2926133559085 246.52750700712204 304.314981918782 14399.180268345401 2753.1621907940134 164.88660298287868
leaf_count=3945 5929 5000 14127 3584 11515 15072 18820 2604 136950 6278 2918 50596 21712 197
internal_value=0.000177152 0.000917283 0.000153782 -0.00106127 -0.00192505 0.000232231 -0.00217629 -0.0044158 0.0223585 0.030347 -0.00861618 -0.00725065 -0.0180987 0.00999301
internal_weight=28702.1 28197.6 27663.1 26356.7 25724.2 22705.5 21310 19535 1774.94 1613.82 15128.8 14703.5 3018.67 4406.24
internal_count=299247 295302 290302 276175 272591 239364 224292 75135 149157 143228 56118 53514 33227 19017
is_linear=0
shrinkage=0.05


Tree=59
num_leaves=15
num_cat=0
split_feature=48 0 47 47 31 22 48 28 44 42 21 37 22 37
split_gain=328.319 306.549 316.332 403.053 723.699 887.464 788.378 519.754 328.96 314.228 262.494 231.244 415.147 402.12
threshold=1.0000000180025095e-35 0.0083683477714657801 6.148386001586915 6.2255475521087655 0.79426440596580516 6.8007264137268075 0.64167010784149181 6.1452574729919442 0.93192139267921459 2.79174816608429 0.75228843092918407 3.1984648704528813 6.7996129989624032 3.0129330158233647
decision_type=2 2 2 2 2 2 2 2 2 2 2 2 2 2
left_child=-1 2 8 10 -5 -6 -7 -8 11 -3 -4 13 -13 -2
right_child=1 9 3 4 5 6 7 -9 -10 -11 -12 12 -14 -15
leaf_value=-0.072135441938561418 -0.0039171381175756538 0.0097535777517042607 -0.026650542869721145 0.04255655010415945 -0.076988787754991808 -0.052104018818446111 0.051279818502969768 -0.048011108956701576 -0.069972091042108983 0.084668421483985734 0.036349565961614899 -0.0033733147223250826 0.038334080798457869 -0.034989920392737094
leaf_weight=146.12121348071378 15457.681404428789 4719.0043967339443 178.37105080764741 636.97544234618545 472.37340868264437 416.30701905488968 652.29660601913929 156.12458714842796 179.55608736164868 134.51604364812374 1503.9582373201847 1921.0873484294862 854.50706367194653 1106.7804115631152
leaf_count=1582 179517 52849 2451 1438 783 363 1472 151 4603 118 25630 21963 4703 1624
internal_value=0.00017437 0.000571819 -0.00178889 0.0109729 -0.00248711 -0.0195437 0.0030568 0.0317521 -0.00441907 0.0119997 0.0295519 -0.00377462 0.00955843 -0.00601317
internal_weight=28535.7 28389.5 23536 4016.41 2334.08 1697.1 1224.73 808.421 19519.6 4853.52 1682.33 19340.1 2775.59 16564.5
internal_count=299247 297665 244698 32288 4207 2769 1986 1623 212410 52967 28081 207807 26666 181141
is_linear=0
shrinkage=0.05


Tree=60
num_leaves=15
num_cat=0
split_feature=26 31 22 27 32 31 44 31 31 22 31 28 41 32
split_gain=314.868 765.606 604.065 569.974 540.903 476.242 406.63 459.498 391.877 357.136 519.661 327.171 274.765 442.015
threshold=0.65022122859954845 0.75599926710128795 6.7770755290985116 3.1984648704528813 3.3140207529067998 0.31414473056793218 0.10520052537322046 0.90427875518798839 0.59938272833824169 6.7804884910583505 0.73097601532936107 2.4414010047912602 0.65833333134651195 4.0251922607421884
decision_type=2 2 2 2 2 2 2 2 2 2 2 2 2 2
left_child=2 3 -1 8 -5 -4 11 -8 -2 -6 -11 -3 13 -13
right_child=1 6 5 4 9 -7 7 -9 -10 10 -12 12 -14 -15
leaf_value=-0.051711667554221068 -0.049615080054997644 -0.054997953129988501 0.018105600725510651 0.048483370572971723 0.041478159869488468 -0.014390034228358578 0.011192138372609709 -0.015239647636671187 0.03826596013284312 -0.022197564902942772 0.030650207669958469 -0.017693180563951322 -0.026098381481512202 0.0089712521297320973
leaf_weight=750.14668517489918 436.23730690777302 376.87341642379761 1651.755130469799 1703.6934855328873 738.30073096137494 3498.4543449655175 7174.9476321656257 2122.8477467587218 168.77880211547017 1067.5042110066861 808.53159817308187 2827.9942543264478 1629.1512480713427 3426.5095758959651
leaf_count=16275 1053 312 6945 14193 114317 10646 63672 20097 1582 6211 7139 10616 4591 21598
internal_value=0.000167589 0.00286627 -0.0101023 0.0202704 0.0266389 -0.00395327 -0.00202232 0.00514741 -0.0248757 0.0122729 0.000620452 -0.0100888 -0.007875 -0.00309416
internal_weight=28381.7 22481.4 5900.36 4923.05 4318.03 5150.21 17558.3 9297.8 605.016 2614.34 1876.04 8260.53 7883.66 6254.5
internal_count=299247 265381 33866 144495 141860 17591 120886 83769 2635 127667 13350 37117 36805 32214
is_linear=0
shrinkage=0.05


Tree=61
num_leaves=15
num_cat=0
split_feature=36 15 26 49 37 36 36 36 22 23 47 47 47 37
split_gain=304.558 291.09 292.88 286.581 280.047 271.26 251.064 769.448 434.437 554.763 401.097 420.195 435.085 418.488
threshold=0.093841642141342177 0.034576654434204109 0.9569157361984254 0.96291711926460277 4.3036997318267831 0.95080643892288219 0.85599079728126537 0.76278772950172435 6.7804884910583505 5.0530509948730478 4.1785123348236093 4.2835628986358651 4.3372693061828622 1.4978661537170412
decision_type=2 2 2 2 2 2 2 2 2 2 2 2 2 2
left_child=-1 2 3 4 5 6 7 8 9 -2 13 -12 -13 -10
right_child=1 -3 -4 -5 -6 -7 -8 -9 10 -11 11 12 -14 -15
leaf_value=-0.056726713321128608 -0.045666525938453363 0.015335982724251795 -0.054475214142071994 0.038183149218506157 0.037727375570827705 0.032030987720026986 -0.017193335372188864 0.036139060448541149 0.045644032040735479 0.038790694420216688 -0.057030839411247425 0.036912270435551668 -0.0091256235289668194 0.0010109462582739636
leaf_weight=223.31263349868823 227.18003369052894 2996.3563543977216 244.6967449337244 457.75281828071456 440.48425040021539 559.41812156140804 2704.0135406507179 1295.3242125280667 669.41151686757803 1094.0796764431288 430.5087192133069 522.98010623455048 14007.483096415177 2315.6025197729468
leaf_count=1720 9480 33075 6045 18441 4276 3346 29521 14123 5065 110924 2682 5384 48573 6592
internal_value=0.000162861 0.00063726 -0.00113207 -0.00058232 -0.001329 -0.00206658 -0.00289983 -0.00101277 -0.00352791 0.024035 -0.00556946 -0.0089084 -0.00744438 0.0111392
internal_weight=28188.6 27965.3 24968.9 24724.2 24266.5 23826 23266.6 20562.6 19267.2 1321.26 17946 14961 14530.5 2985.01
internal_count=299247 297527 264452 258407 239966 235690 232344 202823 188700 120404 68296 56639 53957 11657
is_linear=0
shrinkage=0.05


Tree=62
num_leaves=15
num_cat=0
split_feature=48 27 31 28 24 31 32 47 27 28 37 28 31 36
split_gain=294.309 369.738 451.11 566.415 342.202 465.254 464.238 279.878 619.751 363.833 359.578 351.139 531.433 485.111
threshold=0.71992215514183056 3.1984648704528813 0.77388921380043041 2.9700856208801274 0.10431477800011636 0.91861233115196239 4.0251922607421884 4.3372693061828622 3.5549397468566899 2.1383330821990971 1.4978661537170412 3.8815106153488164 0.75882840156555187 0.59870129823684703
decision_type=2 2 2 2 2 2 2 2 2 2 2 2 2 2
left_child=7 -2 3 -3 6 -6 -4 8 9 -1 -11 12 -9 -13
right_child=1 2 4 -5 5 -7 -8 11 -10 10 -12 13 -14 -15
leaf_value=0.0074637514903081615 -0.031576266773974272 0.040299978977527864 -0.035245579479713317 0.0045765656777817529 0.015342704610810394 -0.016311563033738243 -0.00048702892829712274 -0.0057014077892751282 0.03479343092122289 0.049458135005523381 -0.032835121818156933 0.018152537076473303 -0.04210258409763061 -0.029792612727507106
leaf_weight=1853.1233398327604 680.29439651593566 1855.4770039236173 1263.5332288853824 2745.8193274303339 5088.0549794679973 1494.1754088271409 3911.0281543422025 2267.9439723552205 1152.0571539821103 137.52949322387576 1413.740738812834 1591.7487309578573 1792.4910828638822 776.76450831163675
leaf_count=8342 3991 12421 7203 107323 50196 15298 24818 12508 14544 1229 7845 25630 3746 4153
internal_value=0.000161415 0.00427491 0.00578426 0.0190382 0.000585243 0.0081433 -0.00902604 -0.00621672 0.00325979 -0.00748194 -0.0252693 -0.0129277 -0.0218348 0.00236956
internal_weight=28023.8 17038.4 16358.1 4601.3 11756.8 6582.23 5174.56 10985.4 4556.45 3404.39 1551.27 6428.95 4060.44 2368.51
internal_count=299247 221250 217259 119744 97515 65494 32021 77997 31960 17416 9074 46037 16254 29783
is_linear=0
shrinkage=0.05


Tree=63
num_leaves=15
num_cat=0
split_feature=48 2 36 36 36 22 37 37 47 37 27 47 47 46
split_gain=294.854 277.839 246.361 293.804 681.023 320.636 484.561 425.634 371.495 443.41 363.28 349.311 425.173 339.93
threshold=1.0000000180025095e-35 0.013072453904896976 0.95080643892288219 0.84680575132370006 0.76278772950172435 6.7804884910583505 0.89587974548339855 3.1984648704528813 4.1785123348236093 1.4978661537170412 3.5549397468566899 4.2835628986358651 4.3372693061828622 0.95879089832305919
decision_type=2 2 2 2 2 2 2 2 2 2 2 2 2 2
left_child=-1 2 3 4 5 6 13 8 9 -7 -11 -10 -13 -2
right_child=1 -3 -4 -5 -6 7 -8 -9 11 10 -12 12 -14 -15
leaf_value=-0.070513765921452587 0.045668779827414095 0.02298420444753152 0.031495651507145332 -0.016104119371125384 0.034819321977908435 0.046093920129353864 -0.031601401574820394 0.019295638603078983 -0.051938648870612197 -0.0093922207238260631 0.046843911601793818 0.036710144312020458 -0.0091268714682259389 -0.013589818809324476
leaf_weight=136.81863580655772 1071.3242836096324 1302.4766503850697 575.18078162521124 2960.8596734455787 1357.8388802062254 671.30521083623171 366.08758174441755 1863.4452775847167 446.24737297743559 1769.7946653813124 332.43024718016386 514.92981510981917 14159.272112004459 306.75254165008664
leaf_count=1582 128959 14363 3587 33460 15631 5313 13751 14529 2819 4335 1390 5656 44992 8880
internal_value=0.000156284 0.000530694 -0.000585553 -0.00131212 0.000610012 -0.00156551 0.0189225 -0.00338283 -0.00575398 0.0110394 -0.000319782 -0.00883964 -0.00749451 0.0324753
internal_weight=27834.8 27697.9 26395.5 25820.3 22859.4 21501.6 1744.16 19757.4 17894 2773.53 2102.22 15120.4 14674.2 1378.08
internal_count=299247 297665 283302 279715 246255 230624 151590 79034 64505 11038 5725 53467 50648 137839
is_linear=0
shrinkage=0.05


Tree=64
num_leaves=15
num_cat=0
split_feature=18 37 16 42 26 48 31 22 26 22 31 24 23 33
split_gain=284.063 268.597 261.859 295.59 245.687 273.27 316.228 554.829 415.049 377.807 296.666 275.104 261.525 442.141
threshold=5.6039605140686044 4.3036997318267831 2.5000000000000004 2.79174816608429 0.91461247205734264 0.71992215514183056 0.75882840156555187 6.7996129989624032 0.65022122859954845 6.7770755290985116 0.31414473056793218 0.45983283221721655 2.9700856208801274 1.7005987167358401
decision_type=2 2 2 2 2 2 2 2 2 2 2 2 2 2
left_child=-1 2 4 -4 5 6 8 -8 9 -2 -11 12 13 -7
right_child=1 -3 3 -5 -6 11 7 -9 -10 10 -12 -13 -14 -15
leaf_value=-0.037474521873707194 -0.05385509984104947 0.038010038079950431 0.0084675415881589958 0.08106661008255435 -0.026400990609733884 0.045473820627468353 0.014716986420186762 -0.031868474124676173 0.026524242063663328 0.017411452870418755 -0.013032140514289723 0.018849625228541979 -0.0029300480010859701 -0.016342937582885988
leaf_weight=482.56775321427267 389.77375279041007 467.44053624942899 4744.4698213711381 134.69383983314037 988.14417483471334 742.78822150453925 853.54379156697541 2476.7884604409337 1126.510744494386 1210.5854675918818 2314.243505043909 2402.0971485292539 8863.4675389864715 463.03071415796876
leaf_count=3945 8363 5000 58899 123 14897 2640 9279 2661 26216 5454 7079 85417 67229 2045
internal_value=0.000156498 0.000838216 0.000173709 0.0106334 -0.0021678 -0.00100682 -0.00798954 -0.0199206 -8.36392e-05 -0.0077887 -0.00255676 0.003683 4.97812e-05 0.0217972
internal_weight=27660.1 27177.6 26710.1 4879.16 21831 20842.8 8371.45 3330.33 5041.11 3914.6 3524.83 12471.4 10069.3 1205.82
internal_count=299247 295302 290302 59022 231280 216383 59052 11940 47112 20896 12533 157331 71914 4685
is_linear=0
shrinkage=0.05


Tree=65
num_leaves=15
num_cat=0
split_feature=48 15 46 27 31 36 36 44 28 32 48 27 29 22
split_gain=268.451 251.678 230.622 199.934 277.273 245.607 701.063 208.324 207.8 385.687 282.088 332.471 252.695 219.89
threshold=1.0000000180025095e-35 0.010256679728627207 0.98380130529403698 5.4617087841033944 0.79277813434600841 0.63397127389907848 0.59870129823684703 0.10520052537322046 3.8815106153488164 3.4811217784881596 0.90834099054336559 6.3587081432342538 0.15679262578487399 6.8007264137268075
decision_type=2 2 2 2 2 2 2 2 2 2 2 2 2 2
left_child=-1 2 -2 4 -3 6 8 -6 9 -5 13 -12 -11 -10
right_child=1 3 -4 5 7 -7 -8 -9 10 12 11 -13 -14 -15
leaf_value=-0.06843861450808815 -0.0028815210371994663 0.0077697374679999466 -0.059629536488259229 0.027426840920724158 -0.025503556133746247 0.032268450003438268 -0.06922711230553201 0.0063039779250880701 0.014423841621666243 -0.050243024687658004 0.014830222644606011 -0.074827441111997101 0.017800829673936758 0.059888485295353761
leaf_weight=131.91635814716574 15867.658193252049 4525.1354918228462 171.11696669459343 554.62909441161901 1390.5031031873077 1327.9121589695569 267.77798865712248 808.67966524139047 477.31199880992062 431.99136847443879 645.06928330520168 112.78083282709122 191.24910339713097 614.62756718695164
leaf_count=1582 156601 32474 4750 4687 5821 16031 324 5258 21698 1756 45436 160 2110 559
internal_value=0.000151989 0.00050724 -0.00352374 0.00620271 0.000694939 0.0141946 0.00683601 -0.0138318 0.0137691 -0.0026422 0.0241771 0.000686915 -0.0294115 0.0403261
internal_weight=27518.4 27386.4 16038.8 11347.7 6724.32 4623.35 3295.44 2199.18 3027.66 1177.87 1849.79 757.85 623.24 1091.94
internal_count=299247 297665 161351 136314 43553 92761 76730 11079 76406 8553 67853 45596 3866 22257
is_linear=0
shrinkage=0.05


Tree=66
num_leaves=15
num_cat=0
split_feature=36 0 42 46 49 37 22 37 37 48 22 23 23 36
split_gain=259.408 238.056 243.988 227.948 252.315 230.771 470.901 243.249 561.904 306.992 390.583 613.261 482.779 404.652
threshold=0.093841642141342177 0.0083683477714657801 2.79174816608429 0.98380130529403698 0.96291711926460277 3.1984648704528813 6.7996129989624032 3.0129330158233647 2.6735538244247441 0.65831971168518078 6.7804884910583505 2.9700856208801274 4.610145330429078 0.76591458916664135
decision_type=2 2 2 2 2 2 2 2 2 2 2 2 2 2
left_child=-1 3 -3 4 5 7 -7 8 9 -2 12 -12 -11 -13
right_child=1 2 -4 -5 -6 6 -8 -9 -10 10 11 13 -14 -15
leaf_value=-0.054243764257650942 -0.014205059830257161 0.0087538348293679357 0.074266381774977339 -0.054934087873236059 0.038536308712320708 -0.002167821152532513 0.042191488866015925 -0.026639546773814044 0.037532904479825109 -0.053715714220711169 0.029335872271654653 -0.010653621200711257 0.037427882086120544 0.026066079889135736
leaf_weight=207.52030395949259 5374.325703302864 4543.4900736450218 136.99070865660906 188.23957223072648 384.83982329850551 1917.5996640045196 858.98073603585362 1083.7177831209265 831.98897372069769 157.43898882204667 1280.0988272204995 8538.636974491179 1136.2904108896619 812.95795556157827
leaf_count=1720 40980 52839 118 5220 16533 22573 5608 1996 3662 2236 4154 31249 107948 2411
internal_value=0.000142097 0.000576085 0.0108255 -0.00155372 -0.00108033 -0.00179079 0.0116576 -0.0037391 -0.00235643 -0.00429538 0.000178682 -0.00298604 0.0260093 -0.00743705
internal_weight=27453.1 27245.6 4680.48 22565.1 22376.9 21992 2776.58 19215.5 18131.7 17299.7 11925.4 10631.7 1293.73 9351.59
internal_count=299247 297527 52957 244570 239350 222817 28181 194636 192640 188978 147998 37814 110184 33660
is_linear=0
shrinkage=0.05


Tree=67
num_leaves=15
num_cat=0
split_feature=18 37 47 22 46 46 22 36 32 23 44 48 32 22
split_gain=245.303 238.909 239.868 511.43 443.066 432.488 426.653 345.716 567.006 427.164 445.942 395.096 397.526 391.669
threshold=5.6039605140686044 4.3036997318267831 3.9792884588241582 6.7804884910583505 0.97948163747787487 0.49166435003280645 6.7951462268829355 0.66894978284835827 3.5259279012680058 2.9700856208801274 0.14228545874357226 0.64499986171722423 2.9174053668975835 6.7996129989624032
decision_type=2 2 2 2 2 2 2 2 2 2 2 2 2 2
left_child=-1 2 6 4 5 -4 -2 9 -9 11 -11 12 -5 -12
right_child=1 -3 3 7 -6 -7 -8 8 -10 10 13 -13 -14 -15
leaf_value=-0.035164457588800463 -0.023127007228886824 0.037051888226957333 -0.059968362849974727 -0.010855959278137135 -0.032084199089033483 0.040410531661047078 0.040155081388715867 -0.0022116009005580793 0.033419578301194124 -0.014930166413541319 0.017033188344096173 0.036128639108123278 0.045469265142224005 -0.0093990892995408325
leaf_weight=473.28763398935553 2059.3254981376231 436.34880193322897 105.77202917821705 1691.909633025527 283.81864715926349 1708.7794536836445 296.43784527108073 2927.4657811447978 1793.7666288074106 8409.6090285759419 2681.8015057686716 1134.4968554116786 373.92244004458189 2914.4020659253001
leaf_count=3945 22940 5000 5336 3477 7636 165903 2050 7118 10010 30703 24652 3780 3175 3522
internal_value=0.000141022 0.000776977 0.000163179 0.00165831 0.0251793 0.0342627 -0.0150278 -0.000603006 0.011368 -0.00389245 -0.0076587 0.0125626 -0.000490979 0.00327552
internal_weight=27291.1 26817.9 26381.5 24025.7 2098.37 1814.55 2355.76 21927.4 4721.23 17206.1 14005.8 3200.33 2065.83 5596.2
internal_count=299247 295302 290302 265312 178875 171239 24990 86437 17128 69309 58877 10432 6652 28174
is_linear=0
shrinkage=0.05


Tree=68
num_leaves=15
num_cat=0
split_feature=48 34 24 46 33 2 37 31 31 31 28 31 32 32
split_gain=235.673 232.189 396.969 323.594 307.317 224.346 204.505 189.018 790.051 324.4 320.973 320.694 340.82 541.48
threshold=1.0000000180025095e-35 0.67861196398735057 0.86345845460891735 0.95879089832305919 0.89587974548339855 0.013072453904896976 1.4978661537170412 0.75882840156555187 0.70341435074806224 0.31414473056793218 3.0677825212478642 0.76214051246643078 4.0251922607421884 4.1026091575622567
decision_type=2 2 2 2 2 2 2 2 2 2 2 2 2 2
left_child=-1 2 5 -4 -3 7 -6 8 9 -2 -10 -9 -13 -14
right_child=1 4 3 -5 6 -7 -8 11 10 -11 -12 12 13 -15
leaf_value=-0.06569961721346447 0.015345654147376925 0.0023277418573807405 0.030828363135009057 -0.05637694973637717 -0.06148064988806367 0.021461922437256944 0.015265955564670844 -0.038652592775641564 0.049802259242076222 -0.010823176311324579 0.013711786383293473 -0.013186690934591447 0.041198640004543319 -0.001217406788597828
leaf_weight=125.23110781249125 1524.9575883504003 669.52175346575677 1560.3440505862236 105.05105624906719 460.64998866897076 1134.0300760313403 102.1525507774204 662.42992172390223 989.28580778557807 5180.2388060066151 1636.1960592927644 5156.5553461760283 833.81311448290944 6942.5876519000158
leaf_count=1582 8267 7443 21058 2910 1259 12722 785 824 4958 100252 51090 22602 6147 57348
internal_value=0.000142077 0.00047219 0.00149117 0.0250239 -0.0206403 -0.000147444 -0.0475273 -0.00122523 0.00425226 -0.00485763 0.0274481 -0.00498487 -0.00323187 0.00337766
internal_weight=27083 26957.8 25725.5 1665.4 1232.32 24060.1 562.803 22926.1 9330.68 6705.2 2625.48 13595.4 12933 7776.4
internal_count=299247 297665 288178 23968 9487 264210 2044 251488 164567 108519 56048 86921 86097 63495
is_linear=0
shrinkage=0.05


Tree=69
num_leaves=15
num_cat=0
split_feature=36 0 22 37 37 48 18 47 27 36 27 28 36 22
split_gain=227.961 215.593 216.577 311.657 428.449 214.437 251.836 208.15 307.943 707.075 386.271 429.184 361.251 691.103
threshold=0.093841642141342177 0.0067340831737965354 6.8007264137268075 1.2424533367156985 1.4978661537170412 0.87810423970222484 6.6073255538940439 6.148386001586915 6.3587081432342538 0.60656467080116283 5.4617087841033944 1.8688347935676577 0.59870129823684703 6.8007264137268075
decision_type=2 2 2 2 2 2 2 2 2 2 2 2 2 2
left_child=-1 7 -3 5 -5 -4 -7 -2 10 12 11 -9 13 -10
right_child=1 2 3 4 -6 6 -8 8 9 -11 -12 -13 -14 -15
leaf_value=-0.051970913116633058 -0.0043566697130206283 0.0024143390832829289 0.054750036523534801 -0.052915053587152532 0.021404719858530291 -0.038158274211866669 0.049471917670671356 0.031761795184304643 -0.073880922130527632 0.049225632393282745 0.031839262773654203 -0.06818651406308629 -0.067713123437888864 0.046732548349255359
leaf_weight=198.26472758105956 16635.814244570327 4791.379504240118 750.40850767493248 256.288345515728 703.63546574115753 156.64854198694229 151.51664993166924 193.30058832466602 194.29809153079987 346.02534690313041 1658.3734943252057 219.80397993326187 412.13946378231049 273.73371337354183
leaf_count=1720 189643 76247 916 264 1307 110 118 1089 233 1185 25304 246 370 495
internal_value=0.000137693 0.000543287 0.00821724 0.021912 0.00122124 0.0404875 0.00512789 -0.00208117 0.00937653 -0.0104295 0.0210944 -0.0217732 -0.0341715 -0.00383684
internal_weight=26941.6 26743.4 6809.88 2018.5 959.924 1058.57 308.165 19933.5 3297.67 1226.2 2071.48 413.105 880.171 468.032
internal_count=299247 297527 78962 2715 1571 1144 228 218565 28922 2283 26639 1335 1098 728
is_linear=0
shrinkage=0.05


Tree=70
num_leaves=15
num_cat=0
split_feature=26 31 27 32 22 32 31 22 31 43 44 41 22 37
split_gain=221.713 525.696 484.766 446.152 431.76 332.248 322.072 284.053 418.519 284.004 332.76 303.892 416.127 348.913
threshold=0.67924576997756969 0.75599926710128795 3.1984648704528813 3.3140207529067998 6.7770755290985116 1.0397207736968996 0.31414473056793218 6.7804884910583505 0.73097601532936107 6.1279597282409677 0.12783052772283557 0.65833333134651195 6.7996129989624032 1.0000000180025095e-35
decision_type=2 2 2 2 2 2 2 2 2 2 2 2 2 2
left_child=4 2 5 -4 -1 -2 -6 -5 -9 10 11 -3 -13 -14
right_child=1 9 3 7 6 -7 -8 8 -10 -11 -12 12 13 -15
leaf_value=-0.044524363174243797 -0.048018721740613168 -0.0015586838566039418 0.047863009295908088 0.040598214049106449 0.015638019330851006 0.039867308623634072 -0.011343318499692601 -0.019747641838063143 0.029461336579244643 -0.031494220069209863 0.007971823978663882 0.015021335401500541 0.0027598219647954549 -0.052422192441057835
leaf_weight=714.62610724871047 405.1444171667099 6777.4469323882367 1327.4515164103359 614.02563807507977 1561.4794376529753 136.64733223244548 3725.992152123712 1001.205054236576 744.47833005525172 740.50307620316744 7150.6018558554351 502.43149274587631 391.16494232416153 1050.3767645955086
leaf_count=21880 1048 35847 13723 108441 6945 1572 11759 5986 7107 5457 73841 4415 219 1007
internal_value=0.000131701 0.00257075 0.0182874 0.0247779 -0.00832775 -0.0255319 -0.0033608 0.0116442 0.00128669 -0.00143875 -1.75766e-05 -0.00656963 -0.0239424 -0.0375326
internal_weight=26843.6 20841.5 4228.95 3687.16 6002.1 541.792 5287.47 2359.71 1745.68 16612.5 15872 8721.42 1943.97 1441.54
internal_count=299247 258663 137877 135257 40584 2620 18704 121534 13093 120786 115329 41488 5641 1226
is_linear=0
shrinkage=0.05


Tree=71
num_leaves=15
num_cat=0
split_feature=48 36 36 36 36 47 22 22 37 37 32 37 22 37
split_gain=214.65 207.771 267.407 215.755 560.317 271.321 541.83 373.871 362.955 358.174 355.872 348.759 1217 814.152
threshold=1.0000000180025095e-35 0.95080643892288219 0.93569064140319835 0.84680575132370006 0.76278772950172435 4.3372693061828622 6.7929053306579599 6.7984981536865243 2.3502402305603032 3.1984648704528813 3.4334666728973393 1.2424533367156985 6.8007264137268075 3.0129330158233647
decision_type=2 2 2 2 2 2 2 2 2 2 2 2 2 2
left_child=-1 2 3 4 5 6 10 -7 -8 11 -2 -9 13 -13
right_child=1 -3 -4 -5 -6 7 8 9 -10 -11 -12 12 -14 -15
leaf_value=-0.06435138394372944 0.019109679668086355 0.030394456545255806 -0.18659032010378718 -0.012578796219106013 0.033439522818105118 0.0085939072247474945 0.042825238063677273 -0.0046079536501565932 0.0078499183551230187 0.034231462547342432 -0.032373522592271491 0.036647997834732819 -0.05602282214635982 -0.040824207477722502
leaf_weight=118.45177467388567 508.04096658248454 556.52833873033524 9.2311906612012518 3036.1434884872288 1292.0616299617104 4822.8542997415643 1272.2893710285425 8932.920864418149 1773.2299420572817 477.10510231554508 949.7542532607913 914.8653738796711 1488.4334996044636 525.73939627408981
leaf_count=1582 6847 3774 301 35039 16331 188581 11844 13914 4636 3577 8023 2742 1271 785
internal_value=0.000127612 0.000439295 -0.000213266 -7.53462e-05 0.00158301 -0.000331381 0.0105779 -0.00319849 0.0225535 -0.00781091 -0.0144237 -0.00952932 -0.0244717 0.00828849
internal_weight=26677.6 26559.2 26002.7 25993.4 22957.3 21665.2 4503.31 17161.9 3045.52 12339.1 1457.8 11862 2929.04 1440.6
internal_count=299247 297665 293891 293590 258551 242220 31350 210870 16480 22289 14870 18712 4798 3527
is_linear=0
shrinkage=0.05


Tree=72
num_leaves=15
num_cat=0
split_feature=15 26 26 22 47 23 37 36 47 37 32 22 22 22
split_gain=208.862 186.616 187.376 310.421 497.351 330.967 234.416 268.453 610.941 828.283 390.977 478.834 239.024 222.6
threshold=0.010256679728627207 0.91461247205734264 0.65022122859954845 6.7984981536865243 4.2696731090545663 2.9174053668975835 3.1984648704528813 0.64611005783081066 4.3502571582794198 2.7403194904327397 4.1190040111541757 6.7996129989624032 6.7996129989624032 6.7770755290985116
decision_type=2 2 2 2 2 2 2 2 2 2 2 2 2 2
left_child=1 2 13 4 -4 -5 7 8 9 -7 11 -9 -8 -1
right_child=-2 -3 3 5 -6 6 12 10 -10 -11 -12 -13 -14 -15
leaf_value=-0.048189172435460836 0.0054129567413262573 -0.02822842746114361 -0.017669960865427808 0.035753772793633544 0.024995720279203659 0.055480175825861601 -0.044990135797909718 0.045703860707130506 -0.026719063956833267 -0.030830323782990294 0.034236118300606695 -0.02191336599013629 0.043015515602047721 -0.0080425390467207449
leaf_weight=381.00747565657366 10931.069104882656 723.25300141144544 933.57629674393684 465.93351548165083 2476.4851869948907 593.7092535123229 86.976598881185055 312.60874736309052 3529.3627479076385 506.30900229513645 730.63849081099033 1384.8900634720922 389.46850001811981 3016.4371174965054
leaf_count=9380 136629 11135 14921 1800 98473 1688 525 1475 4536 589 2149 1913 3102 10932
internal_value=0.000120864 -0.003605 -0.00238405 0.000688013 0.0132976 -0.00469687 -0.00724259 -0.00954482 -0.0165954 0.0158339 0.00391049 -0.00926634 0.0263552 -0.012673
internal_weight=26461.7 15530.7 14807.4 11410 3410.06 7999.9 7533.96 7057.52 4629.38 1100.02 2428.14 1697.5 476.445 3397.44
internal_count=299247 162618 151483 131171 113394 17777 15977 12350 6813 2277 5537 3388 3627 20312
is_linear=0
shrinkage=0.05


Tree=73
num_leaves=15
num_cat=0
split_feature=18 2 37 36 36 34 24 46 36 36 18 18 46 36
split_gain=203.758 203.412 195.943 186.151 267.104 171.38 318.729 275.058 184.883 221.717 180.911 257.202 253.027 212.587
threshold=5.6039605140686044 0.013245614245533945 4.3036997318267831 0.95080643892288219 0.94319096207618724 0.68583089113235485 0.86345845460891735 0.95879089832305919 0.093841642141342177 0.17424242943525317 6.1257476806640634 6.4591214656829843 0.31222625076770788 0.40129870176315313
decision_type=2 2 2 2 2 2 2 2 2 2 2 2 2 2
left_child=-1 2 3 4 5 6 8 -8 -2 -10 -11 -12 -13 -14
right_child=1 -3 -4 -5 -6 -7 7 -9 9 10 11 12 13 -15
leaf_value=-0.032601893568490324 -0.075608768820957975 0.021120319229383181 0.035030448215698895 0.028735688724572064 -0.18930362295436126 -0.022909129978150096 0.027153519564952235 -0.057372547323633109 0.034702808460195737 0.017600567213415939 -0.053794593341019319 0.040582080271689039 -0.017225528330207206 -0.0016127749283103194
leaf_weight=457.32191344979219 75.094896663445979 1155.7698473576456 377.318583894521 511.52554251626134 8.9104735404252988 874.43111013993621 1424.1889360351488 93.91430326923728 398.98609050363302 1055.8343377696583 241.46979176928289 319.02885806187987 2495.8245223034173 16805.956708633341
leaf_count=3945 139 13452 4790 3597 36 6957 20191 2899 1984 103955 2369 2975 8356 123602
internal_value=0.000119331 0.000710866 -0.000252983 -0.000814913 -0.00146201 -0.00131211 -0.000478168 0.0215833 -0.00205312 -0.00175867 -0.00247037 -0.00354562 -0.00290013 -0.00363946
internal_weight=26295.6 25838.3 24682.5 24305.2 23793.6 23784.7 22910.3 1518.1 21392.2 21317.1 20918.1 19862.3 19620.8 19301.8
internal_count=299247 295302 281850 277060 273463 273427 266470 23090 243380 243241 241257 137302 134933 131958
is_linear=0
shrinkage=0.05


Tree=74
num_leaves=15
num_cat=0
split_feature=48 15 46 49 37 36 36 41 27 23 22 46 48 48
split_gain=191.704 186.014 190.638 222.224 185.39 170.492 219.715 157.442 150.172 309.776 248.024 759.335 398.055 375.545
threshold=1.0000000180025095e-35 0.041518574580550201 0.97948163747787487 0.96291711926460277 4.3036997318267831 0.95080643892288219 0.94319096207618724 0.65833333134651195 3.113268375396729 2.3502402305603032 6.7804884910583505 0.50193798542022716 0.9341852366924287 0.9441988766193391
decision_type=2 2 2 2 2 2 2 2 2 2 2 2 2 2
left_child=-1 2 3 4 5 6 8 -7 -2 -10 11 12 -11 -14
right_child=1 -3 -4 -5 -6 7 -8 -9 9 10 -12 -13 13 -15
leaf_value=-0.06197247221055522 -0.014729388331369676 0.015210654986789585 -0.042979012103028347 0.036340696124063952 0.034688170554680944 0.045455955445689172 -0.16761784634229163 -0.016470137642886566 0.037689740894305483 -0.047215924792172764 -0.003628639667169949 0.036950848153202674 0.11748808990601729 -0.010312306813888072
leaf_weight=113.75433840428013 2091.7052990794182 1952.1940895796288 254.9171840492636 396.13599266682286 349.10126004554331 342.44357036799192 10.044683292508124 138.72601849213243 502.48295036517084 559.33214204688556 17861.120560700074 1366.1945055160904 69.904878253582865 199.94032154977322
leaf_count=1582 11635 21172 7269 19509 4352 2474 35 999 3182 12697 71556 137810 1373 3602
internal_value=0.000111438 0.000405722 -0.000797249 -0.0003293 -0.000962878 -0.00151543 -0.00214622 0.0276302 -0.0019989 -0.000697147 -0.00167717 0.0141441 -0.0234261 0.0258103
internal_weight=26208 26094.2 24142 23887.1 23491 23141.9 22660.7 481.17 22650.7 20559 20056.5 2195.37 829.177 269.845
internal_count=299247 297665 276493 269224 249715 245363 241890 3473 241855 230220 227038 155482 17672 4975
is_linear=0
shrinkage=0.05


Tree=75
num_leaves=15
num_cat=0
split_feature=36 34 24 46 33 22 32 32 36 27 28 36 38 38
split_gain=183.767 183.214 313.112 261.098 251.421 218.26 481.929 470.107 823.533 591.915 469.114 597.558 543.75 465.582
threshold=0.093841642141342177 0.67861196398735057 0.86345845460891735 0.95879089832305919 0.89587974548339855 6.7929053306579599 4.4642539024353036 4.1190040111541757 0.62019231915473949 5.4617087841033944 3.8815106153488164 0.25487013161182409 0.89587974548339855 0.89587974548339855
decision_type=2 2 2 2 2 2 2 2 2 2 2 2 2 2
left_child=-1 2 5 -4 -3 6 -2 -7 10 13 -9 -12 -13 -10
right_child=1 4 3 -5 -6 7 -8 8 9 -11 11 12 -14 -15
leaf_value=-0.048671609763734171 -0.017450336750329868 0.0023457526772298815 0.028664941956826312 -0.053201543000415602 -0.044186459462203891 0.0085689564679124978 0.016572881297065547 -0.048830525125627584 -0.064218011133181374 0.044627406563821664 0.052500603452155396 -0.024662990608827567 0.034950988691036085 0.033003616068488499
leaf_weight=181.65743809565902 4076.3236825885251 634.79454809054732 1431.4823512020521 95.372170601971447 523.428782959003 11579.371363256127 1387.7142621135572 1011.4973975345492 271.85224080458283 1034.4275932572782 332.3063163459301 2907.5454520247877 431.28673827648163 210.27916421741247
leaf_count=1720 69046 7384 21017 2906 2044 40278 139983 1040 1178 4415 329 6902 241 764
internal_value=0.00010844 0.000468841 0.00138092 0.0232384 -0.0188815 -6.43194e-05 -0.00879489 0.00262236 -0.00848111 0.0234384 -0.0188468 -0.0104752 -0.0168811 -0.0220063
internal_weight=26109.3 25927.7 24769.5 1526.85 1158.22 23242.6 5464.04 17778.6 6199.19 1516.56 4682.64 3671.14 3338.83 482.131
internal_count=299247 297527 288099 23923 9428 264176 209029 55147 14869 6357 8512 7472 7143 1942
is_linear=0
shrinkage=0.05


Tree=76
num_leaves=15
num_cat=0
split_feature=0 42 26 44 34 33 32 36 22 22 43 32 42 22
split_gain=179.85 201.874 165.944 195.202 210.109 192.244 165.249 424.068 660.268 537.119 361.537 351.747 479.983 658.029
threshold=0.0083683477714657801 2.79174816608429 0.9569157361984254 0.92736425995826732 0.68136546015739452 0.89587974548339855 4.1190040111541757 0.6012820601463319 6.7962646484375009 6.8007264137268075 4.424828529357911 3.5259279012680058 1.4978661537170412 6.7996129989624032
decision_type=2 2 2 2 2 2 2 2 2 2 2 2 2 2
left_child=2 -2 3 6 -5 -6 11 8 10 -9 -8 -1 -13 -14
right_child=1 -3 -4 4 5 -7 7 9 -10 -11 -12 12 13 -15
leaf_value=-0.0048637707430291581 0.0072169216372876058 0.066639534379677928 -0.046700208056741827 0.02728591227458807 0.024323198491664935 -0.046389235508811202 -0.038303595499870613 -0.006869438849526544 -0.027403015551406392 0.050613987271603003 0.031674816480140165 0.022991189886953783 0.022019935888069719 -0.056161007203879509
leaf_weight=9188.4931647557532 4360.1842579477234 138.01548908278346 193.83791979216039 1085.3090261747129 161.7225080486387 210.85773380240425 225.21678206301294 1316.3118325711694 3618.6743679791689 576.61602535843849 859.88211947935633 2999.5393658159301 545.95911055244505 513.26981216669083
leaf_count=46100 52923 118 5731 16215 1361 718 7535 28514 5257 1582 95297 33427 3884 585
internal_value=0.000103716 0.00918392 -0.0017998 -0.0013695 0.016226 -0.0158622 -0.00266972 -0.00912906 -0.017161 0.0108149 0.0169334 0.000551272 0.012792 -0.0160351
internal_weight=25993.9 4498.2 21495.7 21301.9 1457.89 372.58 19844 6596.7 4703.77 1892.93 1085.1 13247.3 4058.77 1059.23
internal_count=299247 53041 246206 240475 18294 2079 222181 138185 108089 30096 102832 83996 37896 4469
is_linear=0
shrinkage=0.05


Tree=77
num_leaves=15
num_cat=0
split_feature=18 37 2 36 36 20 36 36 22 28 31 37 22 48
split_gain=178.117 180.146 171.168 161.599 201.586 143.57 236.856 233.405 257.957 607.191 510.833 387.02 525.51 579.055
threshold=5.4138731956481942 4.3036997318267831 0.013245614245533945 0.95080643892288219 0.94319096207618724 0.0041320084128528842 0.83780819177627575 0.76591458916664135 6.7996129989624032 2.6020033359527592 0.87309837341308605 1.2424533367156985 6.8007264137268075 0.92819499969482433
decision_type=2 2 2 2 2 2 2 2 2 2 2 2 2 2
left_child=-1 2 3 4 5 -2 7 8 -7 10 -10 12 -11 -14
right_child=1 -3 -4 -5 -6 6 -8 -9 9 11 -12 -13 13 -15
leaf_value=-0.040666321670328125 -0.0069254155769310557 0.034609653283261092 0.018992514991437868 0.027409574235514329 -0.15243305320082681 0.0090803524195431501 -0.015011131132441614 0.029554473307832448 0.026860208988399151 -0.024066514705429011 -0.054870030010860306 -0.038220446806098124 0.03306190765542958 -0.037122883575245652
leaf_weight=255.17695090011694 7716.9321526254062 371.84741150774062 1123.9053929121001 484.28248826041818 12.095857754349707 6531.8128979569301 1924.9979513599537 808.95706284593325 1776.7384730949998 1815.325721770525 204.71090805530548 1270.4233025312424 1160.1225687563419 383.31297159194946
leaf_count=2613 51166 5014 13255 3599 36 178966 23822 10981 3594 2607 210 1968 1225 191
internal_value=0.000101488 0.000523816 7.60018e-06 -0.000885654 -0.00147751 -0.00133557 0.00138409 0.00365542 0.00204 -0.00491962 0.0181832 -0.0148263 -0.00589049 0.0155047
internal_weight=25840.6 25585.5 25213.6 24089.7 23605.4 23593.3 15876.4 13951.4 13142.4 6610.63 1981.45 4629.18 3358.76 1543.44
internal_count=299247 296634 291620 278365 274766 274730 223564 199742 188761 9795 3804 5991 4023 1416
is_linear=0
shrinkage=0.05


Tree=78
num_leaves=15
num_cat=0
split_feature=26 31 27 32 22 32 31 22 31 28 43 44 41 22
split_gain=173.448 416.919 440.303 430.166 338.135 293.539 274.259 254.213 352.791 226.271 215.412 249.316 253.131 336.075
threshold=0.67924576997756969 0.75599926710128795 3.1984648704528813 3.3140207529067998 6.7770755290985116 1.0397207736968996 0.31414473056793218 6.7804884910583505 0.73097601532936107 3.6762205362319951 6.1279597282409677 0.12783052772283557 0.65833333134651195 6.7996129989624032
decision_type=2 2 2 2 2 2 2 2 2 2 2 2 2 2
left_child=4 2 5 -4 -1 -2 -6 -5 -9 -8 11 12 -3 -14
right_child=1 10 3 7 6 -7 9 8 -10 -11 -12 -13 13 -15
leaf_value=-0.040551533957205788 -0.047146669737711991 -0.0011733727680892263 0.047129181583162573 0.038963577407278127 0.014795108603436483 0.03874178424642126 -0.0060479048063071745 -0.018776142489820197 0.027592371679915628 -0.045411658405765609 -0.028211648290994637 0.0070688401614680792 0.012985703046884746 -0.034893522287569638
leaf_weight=672.30014606477926 388.99056705832481 6555.3419963954948 1211.4261844679713 561.24044591630809 1507.7928207274526 124.12567583844066 3273.3469601711258 985.62071627564728 687.66826944798231 401.63139424100518 699.99144581984729 6810.8014596380526 495.07212341576815 1354.4443753957748
leaf_count=21880 1048 35847 13723 108441 6945 1572 10381 5986 7107 1378 5457 73841 4415 1226
internal_value=9.44577e-05 0.00232309 0.0168211 0.0232581 -0.00746157 -0.0260264 -0.00309937 0.0101643 0.000330547 -0.0104615 -0.00129163 -3.54659e-05 -0.00579394 -0.0220765
internal_weight=25729.8 19874.7 3959.07 3445.96 5855.07 513.116 5182.77 2234.53 1673.29 3674.98 15915.7 15215.7 8404.86 1849.52
internal_count=299247 258663 137877 135257 40584 2620 18704 121534 13093 11759 120786 115329 41488 5641
is_linear=0
shrinkage=0.05


Tree=79
num_leaves=15
num_cat=0
split_feature=0 22 37 37 47 27 48 48 43 18 27 26 18 46
split_gain=165.803 216.763 262.992 369.369 198.345 204.417 186.985 176.385 241.736 239.36 156.637 155.411 203.758 154.252
threshold=1.0000000180025095e-35 6.8007264137268075 1.2424533367156985 1.4978661537170412 6.2255475521087655 5.4574534893035898 0.19440943747758868 0.87810423970222484 4.1510088443756112 6.6073255538940439 6.3569750785827646 0.27036644518375402 6.482342243194581 0.98380130529403698
decision_type=2 2 2 2 2 2 2 2 2 2 2 2 2 2
left_child=6 4 7 -4 10 -6 11 8 -3 -9 -2 12 -1 -8
right_child=1 2 3 -5 5 -7 13 9 -10 -11 -12 -13 -14 -15
leaf_value=-0.028967944500423289 0.00064331610069547236 0.024978043022050703 -0.050101743846969596 0.018774252640665165 0.038327111653162181 -0.069170070640364845 -0.00077662673021558016 -0.035050373914925687 0.081401834238851861 0.046922010382301538 0.036095896154559791 -0.037201136172603504 0.048127481792988126 -0.050197552245037108
leaf_weight=187.74553774535889 4612.9641657234752 464.83099693059921 251.70826153457165 749.76843065023422 51.148506663739681 173.02623868267983 17151.17078457016 169.90837043523788 327.51169753074646 166.53063756227493 324.1568252146244 663.729652778944 141.36679817736149 149.36045658867806
leaf_count=2360 84503 565 299 1468 192 296 198756 126 445 135 796 2960 1431 4915
internal_value=9.17756e-05 0.00646208 0.0198405 0.00113897 0.000912619 -0.0440538 -0.00244951 0.0362771 0.0490245 0.00570755 0.00303929 -0.0234403 0.00459028 -0.00123204
internal_weight=25584.9 7291.55 2130.26 1001.48 5161.3 224.175 18293.4 1128.78 792.343 336.439 4937.12 992.842 329.112 17300.5
internal_count=299247 88825 3038 1767 85787 488 210422 1271 1010 261 85299 6751 3791 203671
is_linear=0
shrinkage=0.05


Tree=80
num_leaves=15
num_cat=0
split_feature=36 34 24 46 22 32 22 32 36 27 32 42 22 37
split_gain=158.718 154.902 272.115 221.786 215.112 410.122 450.603 403.735 664.264 543.01 466.48 901.113 746.828 632.727
threshold=0.093841642141342177 0.67861196398735057 0.86345845460891735 0.96168524026870739 6.7929053306579599 4.4642539024353036 6.787281036376954 4.1190040111541757 0.62019231915473949 5.4617087841033944 3.5259279012680058 1.4978661537170412 6.7996129989624032 1.8688347935676577
decision_type=2 2 2 2 2 2 2 2 2 2 2 2 2 2
left_child=-1 2 4 -4 5 -2 -7 10 -9 -10 13 -12 -13 -6
right_child=1 -3 3 -5 7 6 -8 8 9 -11 11 12 -14 -15
leaf_value=-0.046152338405085848 -0.016758998089737218 -0.017624865190740368 0.027152369901288914 -0.051185554563769158 0.01604043934265318 0.019809539567598126 -0.15195239280234274 -0.017056485124293398 -0.021040689054406755 0.04358753565480461 0.043242463534172111 0.033796939619678827 -0.050243074249629031 -0.011715349146250269
leaf_weight=174.23674247250892 4039.9772170535289 1125.6451088637114 1370.8076607510448 87.584421369247139 4013.0943127609789 1321.1767521563452 29.39159513823688 4606.0221026353538 483.7321950532496 950.86253706738353 2110.1930654291064 463.99832083284855 588.96129214763641 4183.7802817225456
leaf_count=1720 69046 9428 21029 2894 13195 139197 786 8512 1942 4415 14859 1854 689 9681
internal_value=8.83661e-05 0.000423929 0.00126866 0.0221312 -7.54412e-05 -0.00879341 0.0149822 0.0026288 -0.00780746 0.0218007 0.00818019 0.0244578 -0.0132404 0.00187655
internal_weight=25549.5 25375.2 24249.6 1458.39 22791.2 5390.55 1350.57 17400.6 6040.62 1434.59 11360 3163.15 1052.96 8196.87
internal_count=299247 297527 288099 23923 264176 209029 139983 55147 14869 6357 40278 17402 2543 22876
is_linear=0
shrinkage=0.05


Tree=81
num_leaves=15
num_cat=0
split_feature=15 26 46 32 36 28 37 32 23 37 37 53 53 37
split_gain=155.871 163.47 168.92 168.312 282.581 313.136 251.125 811.897 245.172 225.033 211.509 466.752 370.043 300.238
threshold=0.014830446336418392 0.91461247205734264 0.85973232984542858 4.1190040111541757 0.5032467544078828 3.8815106153488164 1.0000000180025095e-35 1.0000000180025095e-35 6.0695817470550546 3.1984648704528813 1.8688347935676577 1.0000000180025095e-35 1.0000000180025095e-35 2.6735538244247441
decision_type=2 2 2 2 2 2 2 2 2 2 2 2 2 2
left_child=1 2 3 6 5 -5 7 -1 -7 10 12 13 -8 -12
right_child=-2 -3 -4 4 -6 8 9 -9 -10 -11 11 -13 -14 -15
leaf_value=-0.040544499980095454 0.0058417544361464534 -0.024559892197584254 0.0071414725699240709 -0.049140408691664972 0.0075575761708545526 -0.0074569190875262148 -0.010138042870935006 0.034405171762789184 -0.13254151661803215 0.014651111030438535 -0.013774365149715861 -0.041099027338143704 0.029808712573245213 0.037341752308042347
leaf_weight=475.75268016668269 8027.2747207829962 796.77049003262073 4199.0450999909081 779.16232792381197 1066.2742424889002 1581.5851316193584 2349.9737872220576 1407.0024662180804 30.238082234747708 1179.3421362712979 1021.406773718074 1286.3956619054079 758.52565804868937 388.17055644840002
leaf_count=1470 104240 13074 40022 3515 16599 65167 23831 12411 213 8642 5018 1242 2078 1725
internal_value=8.66016e-05 -0.00258262 -0.00150861 -0.00445931 -0.0137997 -0.023316 -0.000805846 0.015352 -0.0106063 -0.00517754 -0.00922456 -0.0194456 -0.00032604 0.000465922
internal_weight=25346.9 17319.6 16522.9 12323.8 3457.26 2390.99 8866.57 1882.76 1611.82 6983.81 5804.47 2695.97 3108.5 1409.58
internal_count=299247 195007 181933 141911 85494 68895 56417 13881 65380 42536 33894 7985 25909 6743
is_linear=0
shrinkage=0.05


Tree=82
num_leaves=15
num_cat=0
split_feature=18 37 2 36 36 41 20 36 36 22 28 31 23 37
split_gain=152.802 161.578 151.83 138.203 180.533 132.423 124.624 198.716 204.12 226.032 523.653 461.964 341.598 336.925
threshold=5.4138731956481942 4.3036997318267831 0.013072453904896976 0.95080643892288219 0.94319096207618724 0.65833333134651195 0.0041320084128528842 0.83780819177627575 0.76591458916664135 6.7996129989624032 2.6020033359527592 0.87309837341308605 5.0530509948730478 1.2424533367156985
decision_type=2 2 2 2 2 2 2 2 2 2 2 2 2 2
left_child=-1 2 3 4 6 -5 -2 8 9 12 11 -11 -8 -12
right_child=1 -3 -4 5 -6 -7 7 -9 -10 10 13 -13 -14 -15
leaf_value=-0.038436388853830813 -0.00657729228886048 0.033701087847304086 0.01743858794004717 0.04449536510166939 -0.14043211318486712 -0.011596047451021874 -0.010147845760631491 -0.013890941091210311 0.028335148217756508 0.025712669657190601 -0.0056796175495654909 -0.052934769264137427 0.015652087544049967 -0.036425009384776046
leaf_weight=244.90935670153704 7519.8183068766957 350.55981450527906 1176.0841733325506 305.98064227774739 13.341308459639547 152.52891949936748 1765.8902512139175 1886.8789748558775 763.20832941879053 1699.2405022233725 3280.3123008012772 200.21171468496323 4626.5063464215491 1215.9409980326891
leaf_count=2613 51041 5014 14140 2530 36 1056 15428 23728 10948 3586 4012 209 162942 1964
internal_value=7.91893e-05 0.000472404 -1.45024e-05 -0.000897643 -0.00144533 0.0259866 -0.00130345 0.00126799 0.0033874 0.00187751 -0.00476466 0.017189 0.00852018 -0.0140566
internal_weight=25201.4 24956.5 24605.9 23429.9 22971.3 458.51 22958 15438.2 13551.3 12788.1 6395.71 1899.45 6392.4 4496.25
internal_count=299247 296634 291620 277480 273894 3586 273858 222817 199089 188141 9771 3795 178370 5976
is_linear=0
shrinkage=0.05


Tree=83
num_leaves=15
num_cat=0
split_feature=48 0 22 37 37 47 27 47 47 22 37 33 31 27
split_gain=145.06 141.566 203.713 238.772 334.442 182.444 180.896 165.193 224.178 521.812 725.099 474.893 337.618 203.768
threshold=1.0000000180025095e-35 1.0000000180025095e-35 6.8007264137268075 1.2424533367156985 1.4978661537170412 6.2255475521087655 5.4574534893035898 6.148386001586915 6.2255475521087655 6.8007264137268075 1.2424533367156985 1.2424533367156985 0.81194058060646068 6.3569750785827646
decision_type=2 2 2 2 2 2 2 2 2 2 2 2 2 2
left_child=-1 7 5 -4 -5 -3 -7 13 -9 12 -11 -12 -10 -2
right_child=1 2 3 4 -6 6 -8 8 9 10 11 -13 -14 -15
leaf_value=-0.0564223289440626 -0.0030393660756264573 0.0029246984168956416 0.035127354874191705 -0.048875605771123376 0.018104738733218408 0.03732635909164423 -0.065525724835300378 0.026043718543251038 0.02249845294231656 0.053878685688679095 -0.058430984387969856 0.042736124840499198 -0.066659744535055729 -0.035535191278376795
leaf_weight=103.10498660593294 14581.216721358709 4838.6716242586263 1110.535986751318 239.30689303576946 728.23373616486788 48.515047930181026 173.76933210436255 1140.8570388974622 139.01112621743232 595.60958532989025 353.52575862407684 161.81275052577257 388.88938256166875 489.08045617118478
leaf_count=1582 180722 85134 1271 299 1468 192 296 23823 491 1239 368 857 663 842
internal_value=7.43735e-05 0.000329956 0.00627573 0.0194159 0.00120763 0.000852588 -0.0424371 -0.00205021 0.00912861 -0.00273309 0.0167099 -0.0264564 -0.0432001 -0.00411683
internal_weight=25092.1 24989 7139.03 2078.08 967.541 5060.96 222.284 17850 2779.71 1638.85 1110.95 515.339 527.901 15070.3
internal_count=299247 297665 88660 3038 1767 85622 488 209005 27441 3618 2464 1225 1154 181564
is_linear=0
shrinkage=0.05


Tree=84
num_leaves=15
num_cat=0
split_feature=18 37 47 22 22 48 46 46 48 22 19 22 47 37
split_gain=137.301 144.2 149.118 413.381 348.026 407.051 322.492 363.302 293.029 251.677 524.512 311.476 293.213 890.565
threshold=5.6039605140686044 4.3036997318267831 3.7810807228088383 6.7804884910583505 6.7951462268829355 0.93762746453285228 0.95879089832305919 0.49166435003280645 0.94130930304527294 6.7900948524475107 0.1397587060928345 6.787281036376954 4.3502571582794198 1.0000000180025095e-35
decision_type=2 2 2 2 2 2 2 2 2 2 2 2 2 2
left_child=-1 2 4 6 5 -2 7 -4 -7 10 -5 -12 13 -11
right_child=1 -3 3 9 -6 8 -8 -9 -10 12 11 -13 -14 -15
leaf_value=-0.027611084387785968 -0.042987854951366443 0.032697350941612746 -0.049169881741787436 -0.044125625221040299 0.037354605833746224 0.097094893294311077 -0.01375174908533928 0.042413558563744569 -0.0081255366969564553 0.051311671379121841 0.014131732921434735 -0.055707874978090779 -0.0036693078265780908 0.0014473299139541129
leaf_weight=430.07015793549363 910.06967518106103 334.29210086353123 109.64724400592968 973.43622950650752 250.3583315089345 84.068801254034042 436.39480822812766 1315.7467354638502 218.57412375882268 1055.4373602792621 1118.602093655616 176.00172008574009 11981.093639630824 5615.1166768819094
leaf_count=3945 14681 5000 5336 10461 2050 1360 13944 159595 3560 9058 16502 2335 30625 20795
internal_value=7.07044e-05 0.000566101 0.000109766 0.00110621 -0.0153081 -0.0263966 0.023618 0.0350751 0.0232736 -0.000907593 -0.0165965 0.00428279 0.00100804 0.00940203
internal_weight=25008.9 24578.8 24244.5 22781.5 1463.07 1212.71 1861.79 1425.39 302.643 20919.7 2268.04 1294.6 18651.6 6670.55
internal_count=299247 295302 290302 268651 21651 19601 178875 164931 4920 89776 29298 18837 60478 29853
is_linear=0
shrinkage=0.05


Tree=85
num_leaves=15
num_cat=0
split_feature=15 46 49 37 33 36 36 21 36 36 41 33 47 22
split_gain=136.187 147.09 176.525 130.924 155.215 128.096 138.808 157.15 128.298 147.314 129.484 124.755 117.339 177.099
threshold=0.041518574580550201 0.97948163747787487 0.96291711926460277 4.3036997318267831 3.7256208658218388 0.087121214717626586 0.20344828069210055 0.73084682226181041 0.95080643892288219 0.94319096207618724 0.65833333134651195 1.4978661537170412 4.4005842208862314 6.787281036376954
decision_type=2 2 2 2 2 2 2 2 2 2 2 2 2 2
left_child=1 2 3 5 -5 11 7 -7 9 -8 -10 -1 13 -2
right_child=12 -3 -4 4 -6 6 8 -9 10 -11 -12 -13 -14 -15
leaf_value=-0.014876565773625837 -0.022404846384934788 -0.039393628102357962 0.034136562435843676 -0.062791319659801809 0.043991967002714107 -0.029103397321172838 -0.002287068080374534 0.037815039822210711 0.043948616874459875 -0.12534167782363431 -0.012829845615413749 -0.1121891094576427 -0.002938660556852104 0.030957179631483658
leaf_weight=108.78263862198219 176.78837355505675 236.61610302794725 350.5798833797453 29.940665071830153 264.62126838974655 102.80007887026295 21022.548230709042 412.06826768722385 284.90309550240636 14.353447809815405 146.5867912620306 39.761895000934601 715.27545453992207 985.74354836158454
leaf_count=906 3322 7269 19509 390 3962 1160 239099 2209 2474 35 999 56 14657 3200
internal_value=7.22946e-05 -0.000986332 -0.000570229 -0.00112776 0.0314327 -0.00157512 -0.00125157 0.024154 -0.00187182 -0.00243054 0.024806 -0.0463581 0.0129828 0.0227204
internal_weight=24891.4 23013.6 22776.9 22426.4 294.562 22131.8 21983.3 514.868 21468.4 21036.9 431.49 148.545 1877.81 1162.53
internal_count=299247 278068 270799 251290 4352 246938 245976 3369 242607 239134 3473 962 21179 6522
is_linear=0
shrinkage=0.05


Tree=86
num_leaves=15
num_cat=0
split_feature=15 27 47 38 28 28 24 47 37 36 27 35 31 29
split_gain=130.84 134.805 232.677 186.059 184.422 146.444 401.69 252.421 274.664 165.097 181.009 145.133 141.568 199.645
threshold=0.010256679728627207 5.4617087841033944 4.8597824573516855 0.89587974548339855 2.7403194904327397 3.8815106153488164 0.3868329524993897 4.4005842208862314 1.2424533367156985 0.7379862666130067 6.3385925292968759 0.004618571838364006 0.79277813434600841 0.30185030400753027
decision_type=2 2 2 2 2 2 2 2 2 2 2 2 2 2
left_child=-1 2 12 -4 -3 6 9 8 11 10 -6 -7 -2 -14
right_child=1 4 3 -5 5 7 -8 -9 -10 -11 -12 -13 13 -15
leaf_value=-0.0030033669494643725 0.008631604295942898 0.050060375522702309 -0.038612924282469228 0.037681575622322251 -0.058162265978623853 0.028350649967086878 0.027738275982856248 0.0063802225712662171 -0.027453550894112461 0.023020452436408372 0.0029244366535765582 0.083015804877856092 -0.014146089270715301 0.036387866386112931
leaf_weight=14479.871474296087 3735.5990709703765 276.82675465987995 567.93721363320947 84.563431166112423 418.35536271240562 244.57525473833084 504.64648668002337 2023.5770439795451 108.86982659250498 114.77826640754938 167.86648315843195 265.94911974668503 1646.625169666484 211.92939947172999
leaf_count=162618 31297 3777 1373 375 1879 181 5585 79266 375 301 1342 168 10323 387
internal_value=6.63541e-05 0.00435057 -0.000284697 -0.0283057 0.0113529 0.00844621 -0.0059607 0.0150159 0.0426793 -0.0302693 -0.0409142 0.0578753 0.00302834 -0.00821985
internal_weight=24852 10372.1 6246.65 652.501 4125.44 3848.62 1205.65 2642.97 619.394 701 586.222 510.524 5594.15 1858.55
internal_count=299247 136629 43755 1748 92874 89097 9107 79990 724 3522 3221 349 42007 10710
is_linear=0
shrinkage=0.05


Tree=87
num_leaves=15
num_cat=0
split_feature=18 34 24 33 46 22 32 36 27 37 27 28 42 22
split_gain=127.694 130.886 221.219 190.991 190.167 161.8 349.908 583.318 476.942 426.813 858.465 590.932 794.006 547.408
threshold=4.686739683151246 0.67861196398735057 0.86345845460891735 0.89587974548339855 0.95879089832305919 6.7929053306579599 4.1190040111541757 0.62019231915473949 5.4617087841033944 1.8688347935676577 3.5549397468566899 1.0000000180025095e-35 1.4978661537170412 6.7996129989624032
decision_type=2 2 2 2 2 2 2 2 2 2 2 2 2 2
left_child=-1 2 5 -3 -4 -2 9 -8 -9 11 -11 -7 -13 -14
right_child=1 3 4 -5 -6 6 7 8 -10 10 -12 12 13 -15
leaf_value=-0.055144221637980086 -0.0077581939350288695 0.00192131316492001 0.025088325349963986 -0.039583103877294482 -0.0491917639467499 -0.020593423114364108 -0.016157228974974843 -0.018299348413575778 0.042704725818531283 -0.013940894505476795 0.036404347885305124 0.03247252764559886 0.029329214136256485 -0.048676110032450759
leaf_weight=94.287257097254042 5279.5291833122028 627.08429328352213 1310.5346065792255 485.51509270025417 83.032634790986776 902.02692270278931 4548.4104158803821 492.42059293761849 883.28812718391418 3961.2638215273619 1066.2568059265614 4156.8740908131003 359.1744125187397 569.18627569079399
leaf_count=1989 208588 7446 21059 2044 2910 1768 8542 1939 4415 7484 8982 20190 1206 685
internal_value=6.67615e-05 0.000299518 0.00109214 -0.0163816 0.0203436 -0.000123946 0.00225868 -0.00753231 0.0208945 0.00752665 -0.0032124 0.0165346 0.0231479 -0.0185056
internal_weight=24818.9 24724.6 23612 1112.6 1393.57 22218.4 16938.9 5924.12 1375.71 11014.8 5027.52 5987.26 5085.23 928.361
internal_count=299247 297258 287768 9490 23969 263799 55211 14896 6354 40315 16466 23849 22081 1891
is_linear=0
shrinkage=0.05


Tree=88
num_leaves=15
num_cat=0
split_feature=2 48 26 18 27 31 31 31 32 24 32 37 27 36
split_gain=125.464 122.322 167.425 183.356 149.355 129.34 458.332 234.557 247.714 449.773 376.603 325.787 261.439 239.236
threshold=0.013245614245533945 0.19440943747758868 0.27036644518375402 6.482342243194581 6.355238914489747 0.75882840156555187 0.73097601532936107 0.76214051246643078 4.0251922607421884 0.10431477800011636 4.1026091575622567 1.0000000180025095e-35 5.4574534893035898 0.3310502320528031
decision_type=2 2 2 2 2 2 2 2 2 2 2 2 2 2
left_child=1 2 3 4 -1 6 -3 -7 9 12 -10 -11 -9 -12
right_child=-2 5 -4 -5 -6 7 -8 8 10 11 13 -13 -14 -15
leaf_value=-0.042158794981576264 0.016507487560172153 -0.00087247829566256007 -0.028387733656078853 0.048030313275508218 0.047320125303072752 -0.034415379615575073 0.029095540660482269 -0.017668867624983674 0.037667716781304789 0.025108896324663749 0.033554856824777435 -0.0084392660938958815 -0.058982117692507323 -0.0016443169784634672
leaf_weight=166.63031492568552 1098.1892321445048 6123.5735537293367 844.3993820361793 172.62424080632627 54.175646305084229 548.22404568269849 1601.4781478235964 1642.4923350494355 747.42606763169169 1028.1658453643322 507.41647318215109 2379.0720656616613 495.93752938881516 7190.9715966815129
leaf_count=2589 13485 147175 3728 1978 64 826 15715 7785 6202 8447 2538 10797 2424 75494
internal_value=6.67422e-05 -0.000708167 -0.0159418 0.0108117 -0.0191058 0.000145539 0.00536977 -0.00263191 -0.00136286 -0.00956388 0.00402701 0.00172806 -0.02748 0.000716253
internal_weight=24600.8 23502.6 1237.83 393.43 220.806 22264.8 7725.05 14539.7 13991.5 5545.67 8445.81 3407.24 2138.43 7698.39
internal_count=299247 285762 8359 4631 2653 277403 162890 114513 113687 29453 84234 19244 10209 78032
is_linear=0
shrinkage=0.05


Tree=89
num_leaves=15
num_cat=0
split_feature=36 36 33 48 47 22 22 19 22 48 48 26 22 24
split_gain=122.396 143.764 121.771 157.979 133.678 391.901 330.27 281.559 254.532 389.451 258.173 221.09 216.944 447.358
threshold=0.95080643892288219 0.94319096207618724 3.7726949453353886 0.95716023445129406 3.7810807228088383 6.7804884910583505 6.7580702304840097 0.6206834912300111 6.7951462268829355 0.93762746453285228 0.94130930304527294 0.66295734047889721 6.7900948524475107 0.71177685260772716
decision_type=2 2 2 2 2 2 2 2 2 2 2 2 2 2
left_child=1 2 4 -4 8 6 7 11 9 -1 -11 -6 13 -7
right_child=-2 -3 3 -5 5 12 -8 -9 -10 10 -12 -13 -14 -15
leaf_value=-0.041261441643924167 0.025469550602047267 -0.11745211713126132 0.034690488830637987 -0.054775061286124894 -0.046907005356563253 -0.031643534411854031 0.044327591935566124 -0.044153146323888955 0.028151973460608177 0.092014202243964158 -0.0064111849169488661 0.027915768046225482 -2.7572106481740681e-05 0.016197354813145697
leaf_weight=909.23124861740507 455.16679478064179 16.214591071009636 418.90213623084128 46.717129083350301 106.41092840419151 1530.1668194867671 870.67860031733289 237.12834667507559 266.85449706017971 85.718312840908766 215.3793078660965 662.98194676754065 17978.500886017457 708.27206708490849
leaf_count=15485 3774 41 6007 852 8450 17501 45242 9086 2194 1359 3549 118593 56675 10439
internal_value=6.62139e-05 -0.000424888 -0.000297135 0.0247512 -0.000802216 0.000174401 0.0219654 0.00237558 -0.0153124 -0.0250476 0.0236662 0.0170983 -0.00185882 -0.0165013
internal_weight=24508.3 24053.2 24036.9 465.619 23571.3 22094.1 1877.2 1006.52 1477.18 1210.33 301.098 769.393 20216.9 2238.44
internal_count=299247 295473 295432 6859 288573 265986 181371 136129 22587 20393 4908 127043 84615 27940
is_linear=0
shrinkage=0.05


Tree=90
num_leaves=15
num_cat=0
split_feature=0 22 37 37 36 48 43 18 34 48 31 26 18 31
split_gain=121.352 187.129 208.238 298.178 165.533 154.291 227.619 214.286 146.565 142.692 135.976 126.239 147.75 124.746
threshold=1.0000000180025095e-35 6.8007264137268075 1.2424533367156985 1.4978661537170412 0.37602458894252783 0.87810423970222484 4.1510088443756112 6.6073255538940439 0.16781299561262134 0.19440943747758868 0.79426440596580516 0.27036644518375402 6.482342243194581 0.77628055214881908
decision_type=2 2 2 2 2 2 2 2 2 2 2 2 2 2
left_child=9 4 5 -4 -2 6 13 -7 10 11 -5 12 -1 -3
right_child=1 2 3 8 -6 7 -8 -9 -10 -11 -12 -13 -14 -15
leaf_value=-0.022845862020504894 -0.024061569940590333 -0.0016567895751704834 -0.047380011092900777 0.02245005133213861 0.0037908637630376645 -0.034301755355940045 0.078009753802975187 0.04407259857768444 0.043612556816742219 -0.0010849556596326151 -0.033979986872534555 -0.033463864675654729 0.046760678780445146 0.05058548172053582
leaf_weight=176.63340403861366 597.63736390019767 251.31043907999992 228.45289734005928 235.87108661979437 4359.8589943692205 167.23344051837921 307.75488717854023 161.82833461463451 292.70732036978006 16509.638651275309 178.71517012268305 636.96159192407504 119.07755685783923 198.61275750398636
leaf_count=2360 4217 432 299 683 81570 126 445 135 617 203671 168 2960 1431 133
internal_value=6.37033e-05 0.00563054 0.0184073 0.00106923 0.000391511 0.0331905 0.045472 0.00440481 0.0171605 -0.00216596 -0.00210257 -0.0210867 0.00579617 0.0220033
internal_weight=24422.3 6979.98 2022.49 935.746 4957.5 1086.74 757.678 329.062 707.294 17442.3 414.586 932.673 295.711 449.923
internal_count=299247 88825 3038 1767 85787 1271 1010 261 1468 210422 851 6751 3791 565
is_linear=0
shrinkage=0.05


Tree=91
num_leaves=15
num_cat=0
split_feature=1 26 49 21 31 47 22 37 23 23 44 37 37 22
split_gain=118.242 118.099 140.982 117.685 166.228 194.734 437.813 259.688 298.485 354.641 235.053 260.7 343.352 238.315
threshold=0.014185110572725536 0.9569157361984254 0.96291711926460277 0.7825840711593629 0.31414473056793218 4.0342013835906991 6.7804884910583505 3.1984648704528813 2.9174053668975835 2.6020033359527592 0.15906294435262683 3.0129330158233647 2.0126758217811589 6.7929053306579599
decision_type=2 2 2 2 2 2 2 2 2 2 2 2 2 2
left_child=1 2 3 -1 -5 -6 -7 8 9 -8 11 12 13 -10
right_child=-2 -3 -4 4 5 6 7 -9 10 -11 -12 -13 -14 -15
leaf_value=-0.0082858262148195645 0.019784846215375469 -0.037408500197971907 0.030589089356659105 0.021653521509475464 -0.014559699965264739 0.032997888147713234 -0.013872698124347585 0.018842964646859195 -0.029416173769698642 0.040686124392002809 0.0048525585601402015 -0.041272490397675859 0.040722153830025941 -0.0055185059708376255
leaf_weight=4176.6520466850488 727.05109783238731 205.36251550167799 355.71167608303949 914.6469835024327 2048.0066947191954 1039.4222711116308 468.32511012256145 1557.2377142682672 1258.6787448283285 789.25565155223012 3986.6680099181831 604.95289044082165 343.81815166026354 5913.6873225998133
leaf_count=121312 8984 6395 20556 4668 22845 49275 673 16267 10264 3892 18599 814 1712 12991
internal_value=6.29538e-05 -0.000551122 -0.000212639 -0.000699951 0.000977732 -8.37286e-05 0.00178156 -0.000413427 -0.00266945 0.0204192 -0.00508243 -0.00995949 -0.00738772 -0.00974743
internal_weight=24389.5 23662.4 23457.1 23101.4 18924.7 18010.1 15962 14922.6 13365.4 1257.58 12107.8 8121.14 7516.18 7172.37
internal_count=299247 290263 283868 263312 142000 137332 114487 65212 48945 4565 44380 25781 24967 23255
is_linear=0
shrinkage=0.05


Tree=92
num_leaves=15
num_cat=0
split_feature=34 24 33 37 46 26 36 36 18 22 32 22 22 46
split_gain=115.631 195.493 168.056 164.136 161.197 158.36 133.175 151.711 133.195 110.977 438.944 487.151 433.312 326.309
threshold=0.67861196398735057 0.86345845460891735 0.89587974548339855 1.4978661537170412 0.95879089832305919 0.85919356346130382 0.10257159546017648 0.17424242943525317 6.4899642467498788 6.7900948524475107 3.5831329822540288 6.787281036376954 6.7702026367187509 0.5795971453189851
decision_type=2 2 2 2 2 2 2 2 2 2 2 2 2 2
left_child=1 6 5 -4 -3 -2 -1 8 -8 10 12 13 -9 -12
right_child=2 4 3 -5 -6 -7 7 9 -10 -11 11 -13 -14 -15
leaf_value=-0.048443664376283661 -0.03353128206418076 0.02361090829195359 -0.052421116824176765 0.017789450033399098 -0.046893812244832106 0.019226809759251392 -0.025111652186325412 0.049972701004906951 0.044659977185243727 0.001267277466115366 -0.01626198683404782 -0.046294735973558446 -0.04649895243435611 0.019985899834912477
leaf_weight=132.86126018833602 203.91743301320821 1268.4074136512354 378.51456310041249 100.53986318456009 77.402503865770996 414.54580995859578 79.604773568687961 123.96368721034378 315.11821710411459 16864.785559089854 885.87028101552278 453.04233710095286 960.14912818279117 2019.0620116043719
leaf_count=1645 1352 21059 1259 785 2910 6094 335 6475 1781 56550 19268 3661 12892 163181
internal_value=6.34344e-05 0.000817191 -0.01572 -0.0376235 0.01924 0.00157485 -0.000326621 -9.86249e-06 0.0303162 -0.000585629 -0.0076074 0.00135024 -0.0351119 0.0089141
internal_weight=24277.8 23180.3 1097.52 479.054 1345.81 618.463 21834.5 21701.6 394.723 21306.9 4442.09 3357.97 1084.11 2904.93
internal_count=299247 289757 9490 2044 23969 7446 265788 264143 2116 262027 205477 186110 19367 182449
is_linear=0
shrinkage=0.05


Tree=93
num_leaves=15
num_cat=0
split_feature=15 22 37 37 47 31 53 29 24 43 48 31 43 19
split_gain=111.326 125.83 324.475 367.684 254.1 267.736 235.501 251.3 210.648 191.095 222.354 181.984 802.453 462.637
threshold=0.010256679728627207 6.8007264137268075 1.2424533367156985 1.4978661537170412 6.2255475521087655 0.87309837341308605 1.0000000180025095e-35 0.23508784919977191 0.45983283221721655 4.1026091575622567 0.92819499969482433 0.8981662690639497 6.1081352233886728 0.56475168466568004
decision_type=2 2 2 2 2 2 2 2 2 2 2 2 2 2
left_child=-1 4 9 -4 8 -6 -5 -8 -2 -3 -11 12 -10 -14
right_child=1 2 3 6 5 -7 7 -9 11 10 -12 -13 13 -15
leaf_value=-0.0028070337144488534 -0.0017441655343136396 -0.0070945871543339149 -0.048069830754156773 0.044057734559929194 0.040609364514870253 -0.066484385026745571 -0.025195599157201643 0.036032368810959663 0.020037992193885745 0.050124054347977988 -0.0019959675581070774 0.036689295086030659 0.030654386042966043 -0.24178175641080038
leaf_weight=14111.831257505342 5539.7312284666114 283.58773410320282 346.44410917162895 342.61907406151295 68.186950414441526 246.18079207930714 508.44523011147976 237.79958289861679 537.07174218358705 899.83882036805153 263.04855531454086 740.26872138539329 19.686173774302006 39.868336346000433
leaf_count=162618 61680 560 460 1508 272 443 497 223 58994 1080 138 10385 147 242
internal_value=5.82522e-05 0.00407128 0.0128795 -0.00396617 0.000528435 -0.0427197 0.010376 -0.00546613 0.0025647 0.0295075 0.0384179 0.0202999 -0.000305004 -0.160266
internal_weight=24184.6 10072.8 2881.78 1435.31 7190.99 314.368 1088.86 746.245 6876.63 1446.48 1162.89 1336.89 596.626 59.5545
internal_count=299247 136629 4466 2688 132163 715 2228 720 131448 1778 1218 69768 59383 389
is_linear=0
shrinkage=0.05


Tree=94
num_leaves=15
num_cat=0
split_feature=48 34 24 33 37 46 26 31 48 22 27 23 27 37
split_gain=107.123 109.396 169.948 150.751 149.687 149.601 143.293 122.926 213.068 148.285 124.68 260.596 274.548 250.531
threshold=1.0000000180025095e-35 0.67861196398735057 0.86345845460891735 0.89587974548339855 1.4978661537170412 0.96168524026870739 0.8884921967983247 0.31414473056793218 0.22497145086526874 6.7702026367187509 3.113268375396729 2.9174053668975835 3.2384861707687382 4.0859410762786874
decision_type=2 2 2 2 2 2 2 2 2 2 2 2 2 2
left_child=-1 2 7 6 -5 -4 -3 9 -9 -2 -10 12 -12 -13
right_child=1 3 5 4 -6 -7 -8 8 10 -11 11 13 -14 -15
leaf_value=-0.050239003813478005 -0.057585571804371086 -0.025578124778653556 0.022607178472444679 -0.050535068933027831 0.016918124196025997 -0.046409282729784521 0.022393685226661176 -0.025340094600305368 -0.014105487732459052 0.017553272135516846 0.040622199109538661 -0.001836724349293755 -0.0021890932718595826 0.031687139873657975
leaf_weight=95.407985682832077 59.322081466671079 268.58187628397718 1242.5139319314621 370.06502160616219 99.593105385545641 74.570796853862703 342.84100743196905 854.81707563321106 1434.5819626785815 1371.1358470637351 809.08738593012094 15870.513500914152 688.1364551782608 567.58001878857613
leaf_count=1582 1690 2343 21070 1259 785 2898 5100 3933 10387 6873 4545 221728 1777 13277
internal_value=5.6197e-05 0.000276489 0.00101078 -0.0151929 -0.0361768 0.0183793 0.00124844 -5.35883e-05 -0.00105821 0.0140591 2.59054e-05 0.00116346 0.0210618 -0.00066064
internal_weight=24148.7 24053.3 22972.3 1081.08 469.658 1317.08 611.423 21655.2 20224.7 1430.46 19369.9 17935.3 1497.22 16438.1
internal_count=299247 297665 288178 9487 2044 23968 7443 264210 255647 8563 251714 241327 6322 235005
is_linear=0
shrinkage=0.05


Tree=95
num_leaves=15
num_cat=0
split_feature=2 36 36 41 32 28 37 32 31 27 23 26 23 22
split_gain=106.462 99.5432 130.726 119.112 115.056 190.814 359.023 268.92 166.732 163.171 189.832 226.09 331.757 361.729
threshold=0.013072453904896976 0.95080643892288219 0.94319096207618724 0.65833333134651195 1.0000000180025095e-35 1.8688347935676577 1.7005987167358401 2.2924837470054631 0.59938272833824169 3.0177407264709477 2.3502402305603032 0.67085972428321849 2.9174053668975835 6.7996129989624032
decision_type=2 2 2 2 2 2 2 2 2 2 2 2 2 2
left_child=1 2 4 -3 -1 6 8 -7 -6 -9 -11 -12 -13 -14
right_child=-2 3 -4 -5 5 7 -8 9 -10 10 11 12 13 -15
leaf_value=-0.014772330186581143 0.014875892633832251 0.043160119815979892 -0.11094262476153852 -0.01135658678417939 0.011084274268382793 -0.048208098091305059 -0.0040202305266661877 -0.030421816817723088 0.051154652099491195 0.041907455606918304 -0.015019027997327803 0.046018191562298992 0.008112667904774145 -0.0075054821360832349
leaf_weight=1413.1502498557675 1143.273701117083 262.21835132315755 17.077565897256136 153.05303090438247 452.60265931114554 297.08910202980042 1360.9275396149606 450.29052083566785 621.23363411799073 252.8477571438998 2432.8565878354711 394.94209646433592 7258.8475190789904 7556.5455659329891
leaf_count=4125 14384 2531 39 1056 3326 344 4867 6542 3330 1637 19674 2234 221343 13815
internal_value=5.25566e-05 -0.000692892 -0.00114519 0.0232728 -0.00101255 -8.34839e-05 0.013051 -0.00180488 0.0345238 -0.0010276 -0.000271427 -0.000899297 0.0013675 0.000146989
internal_weight=24067 22923.7 22508.4 415.271 22491.3 21078.2 2434.76 18643.4 1073.84 18346.3 17896 17643.2 15210.3 14815.4
internal_count=299247 284863 281276 3587 281237 277112 11523 265589 6656 265245 258703 257066 237392 235158
is_linear=0
shrinkage=0.05


Tree=96
num_leaves=15
num_cat=0
split_feature=18 1 26 26 22 36 31 47 47 28 41 22 26 47
split_gain=104.997 105.408 109.008 187.077 212.361 166.936 166.01 349.598 237.561 252.613 215.903 608.906 259.842 327.293
threshold=4.686739683151246 0.014185110572725536 0.91461247205734264 0.90263178944587719 6.7996129989624032 0.60656467080116283 0.81983605027198803 6.2215831279754648 4.8597824573516855 4.4127798080444345 0.65833333134651195 6.7996129989624032 0.67924576997756969 4.3502571582794198
decision_type=2 2 2 2 2 2 2 2 2 2 2 2 2 2
left_child=-1 2 3 6 -5 -6 7 8 10 -10 12 -12 -2 -14
right_child=1 -3 -4 4 5 -7 -8 -9 9 -11 11 -13 13 -15
leaf_value=-0.052581950929798338 -0.0031293153138955546 0.019078410374409698 -0.015633524615278001 0.032280003043805371 -0.019534038481755604 0.02480280350719442 -0.0074903723296345986 0.039039626216337428 -0.030691655004621527 0.029247123663348841 0.017265395437026099 -0.039024176492775481 0.029407661997304116 0.0037490545344357386
leaf_weight=84.376779507758329 4627.3167490363121 711.67931259796023 1097.4183643092401 932.25684648705646 525.70414292067289 341.73273212090135 6529.575475417776 604.75239725783467 1012.9463555654511 203.95189298701007 894.23330306075513 1017.3957049548626 1936.4703856450506 3447.7199703771621
leaf_count=1989 25247 8979 19231 19302 911 1294 52490 2511 7343 92836 13295 1037 27167 25615
internal_value=5.2443e-05 0.000260324 -0.000325627 0.000442144 0.0158455 -0.00198363 -0.000932305 0.00218634 0.000461819 -0.0204894 0.00261552 -0.0127399 0.00555732 0.0130148
internal_weight=23967.5 23883.2 23171.5 22074.1 1799.69 867.437 20274.4 13744.8 13140 1216.9 11923.1 1911.63 10011.5 5384.19
internal_count=299247 297258 288279 269048 21507 2205 247541 195051 192540 100179 92361 14332 78029 52782
is_linear=0
shrinkage=0.05


Tree=97
num_leaves=15
num_cat=0
split_feature=21 46 28 27 22 32 22 22 26 23 27 36 32 33
split_gain=105.083 187.221 264.658 337.365 159.822 263.036 321.043 245.266 491.08 318.798 281.359 244.781 426.397 292.984
threshold=0.79331472516059887 0.89781975746154796 6.0833592414855966 6.3569750785827646 6.7900948524475107 3.2573564052581792 6.787281036376954 6.7984981536865243 0.54261502623558056 2.9700856208801274 3.113268375396729 0.68210527300834667 3.5259279012680058 3.7256208658218388
decision_type=2 2 2 2 2 2 2 2 2 2 2 2 2 2
left_child=1 2 -1 -4 5 -2 -7 8 -6 10 -9 -11 -13 -14
right_child=4 -3 3 -5 7 6 -8 9 -10 11 -12 12 13 -15
leaf_value=-0.006662440399533719 -0.039138548191810313 0.021611161088426867 -0.13159841240603332 -0.0058814789533270925 0.00038541425081540999 0.0037254177465543118 -0.043900480420864051 -0.026035750289196791 0.041737950838438759 -0.0072718116454069436 0.024374991871127738 -0.014847234167330839 0.045271333731341373 -0.023591151315943849
leaf_weight=4642.1939387876191 540.62591297971085 539.1441413522698 88.480731772258878 118.63773847278208 1782.5436502192169 3002.0569761138177 390.97029451653361 312.45148894190788 1192.3125010374933 7388.3368837721646 2006.2259059473872 784.1431510001421 884.35311900824308 180.1448609419167
leaf_count=142942 11014 5301 739 473 7435 82568 3618 542 16734 15202 6192 884 4214 1389
internal_value=5.279e-05 -0.00608393 -0.00920119 -0.0631751 0.00184601 -0.00708285 -0.00187528 0.00426641 0.0170437 0.000965177 0.0174993 -0.00319967 0.0130267 0.0335066
internal_weight=23852.6 5388.46 4849.31 207.118 18464.2 3933.65 3393.03 14530.5 2974.86 11555.7 2318.68 9236.98 1848.64 1064.5
internal_count=299247 149455 144154 1212 149792 97200 86186 52592 24169 28423 6734 21689 6487 5603
is_linear=0
shrinkage=0.05


Tree=98
num_leaves=15
num_cat=0
split_feature=0 22 37 37 47 48 43 18 34 32 37 43 32 27
split_gain=102.661 171.209 173.354 246.973 140.998 137.257 211.674 200.597 132.34 131.676 226.236 200.43 122.208 121.499
threshold=1.0000000180025095e-35 6.8007264137268075 1.2424533367156985 1.4978661537170412 6.2255475521087655 0.87810423970222484 4.1510088443756112 6.6073255538940439 0.18590754270553592 1.0000000180025095e-35 3.933552742004395 6.0075833797454843 1.5890269279479983 6.3569750785827646
decision_type=2 2 2 2 2 2 2 2 2 2 2 2 2 2
left_child=9 4 5 -4 13 6 -3 -7 -5 10 11 -1 -11 -2
right_child=1 2 3 8 -6 7 -8 -9 -10 12 -12 -13 -14 -15
leaf_value=-0.049249719516207692 -0.00012073637207290988 0.020492986868974751 -0.044455799342851411 -0.0011622101662813902 -0.038558590885191729 -0.033773965730103939 0.075300520260224726 0.042567318785703065 0.044019073169716691 0.046457231005439636 0.0074753066746801175 0.031288165842862925 -0.0012702068371020761 0.032128716852493508
leaf_weight=540.79737667134032 4307.0820375588373 445.43174035102129 212.39127476513386 420.83176440000534 213.94217041414231 164.82459017634392 293.80661407113075 159.55389954149723 253.08353035151958 125.27683908306062 468.07523918151855 82.867037430405617 15756.379423842125 303.29654293134809
leaf_count=1673 84503 565 299 924 488 126 445 135 544 1427 2101 274 204947 796
internal_value=5.20582e-05 0.00525128 0.0177131 0.00133146 0.000188174 0.0312243 0.0429903 0.00392649 0.0162008 -0.00202487 -0.0187406 -0.0382237 -0.000864729 0.00206576
internal_weight=23747.6 6774.24 1949.92 886.307 4824.32 1063.62 739.238 324.378 673.915 16973.4 1091.74 623.664 15881.7 4610.38
internal_count=299247 88825 3038 1767 85787 1271 1010 261 1468 210422 4048 1947 206374 85299
is_linear=0
shrinkage=0.05


Tree=99
num_leaves=15
num_cat=0
split_feature=34 24 48 21 33 22 32 22 22 37 32 37 41 23
split_gain=96.7452 150.585 182.837 213.527 142.748 137.384 395.06 387.535 310.267 275.597 272.14 509.058 516.173 381.768
threshold=0.67287281155586254 0.82228684425354015 0.94716280698776256 0.7433244287967683 0.89587974548339855 6.7900948524475107 3.5831329822540288 6.787281036376954 6.7702026367187509 1.8688347935676577 4.1190040111541757 0.89587974548339855 0.65833333134651195 5.0657496452331552
decision_type=2 2 2 2 2 2 2 2 2 2 2 2 2 2
left_child=1 5 3 -3 -2 6 8 9 -1 -8 13 -12 -13 -7
right_child=4 2 -4 -5 -6 10 7 -9 -10 -11 11 12 -14 -15
leaf_value=0.037867245505649863 0.00036528747373799507 -0.086781491236003983 -0.0031567121527586693 0.032015211638537079 -0.034087918755857698 -2.3809276420831983e-05 0.0290965045526505 -0.043388752214439531 -0.046163769117662651 -0.0042856062219028433 -0.020908885784690287 0.024606337018538177 -0.028837766642408696 0.020194026543020285
leaf_weight=117.79068860237021 747.45917340228334 29.837227488402277 845.05817993776873 1033.2882220000029 492.69402916030958 7720.3927340842783 927.62111514311982 431.23266903497279 874.41102282423526 1809.2451126199448 3066.9288722351193 1667.5590793415904 608.99330441653728 3337.2065933719277
leaf_count=6329 9376 497 18525 14758 2241 23554 133623 3369 12229 42912 4591 5123 2628 19492
internal_value=5.22764e-05 0.000805135 0.0142034 0.0279035 -0.0134856 -0.000444584 -0.00854813 0.000107106 -0.0359096 0.00709351 0.00161492 -0.00764119 0.0102461 0.00609071
internal_weight=23709.7 22469.6 1908.18 1063.13 1240.15 20561.4 4160.3 3168.1 992.202 2736.87 16401.1 5343.48 2276.55 11057.6
internal_count=299247 287630 33780 15255 11617 253850 198462 179904 18558 176535 55388 12342 7751 43046
is_linear=0
shrinkage=0.05


Tree=100
num_leaves=15
num_cat=0
split_feature=18 37 36 36 56 25 15 31 23 22 28 44 31 28
split_gain=96.7876 107.424 96.5801 113.709 106.402 96.1132 135.251 186.828 169.199 170.621 165.506 133.288 133.986 304.088
threshold=5.4138731956481942 4.3036997318267831 0.95080643892288219 0.94319096207618724 1.0000000180025095e-35 0.041526244953274734 1.0000000180025095e-35 0.90569904446601879 6.1495356559753427 6.7996129989624032 6.1081352233886728 0.030571789480745796 0.79373261332511913 3.8815106153488164
decision_type=2 2 2 2 2 2 2 2 2 2 2 2 2 2
left_child=-1 2 3 5 -4 6 7 8 -2 -10 -11 12 -8 -14
right_child=1 -3 4 -5 -6 -7 11 -9 9 10 -12 -13 13 -15
leaf_value=-0.031809366651449893 -0.009557035505284861 0.030207184955146654 -0.00075338478036633043 -0.10038407740674456 0.048876327056697345 0.012389599283385976 -0.00012139925564257569 -0.035769813497433023 0.035883235540081458 -0.072002959692859733 0.013381784784459887 0.0041073081368646755 -0.038399938202709843 0.0031377070403759439
leaf_weight=226.02363476084429 3372.1565715065226 287.83251046389341 221.32328938320279 18.435190841555595 200.35682514682412 1382.8674536261242 3847.0535340346396 552.04484331887215 438.13730539707467 76.406049430370331 158.35263390094042 11066.801562187145 835.47965039964765 917.21641210815869
leaf_count=2613 25124 5014 1634 36 2139 63854 25776 7108 10507 70 404 141373 3588 10007
internal_value=4.88621e-05 0.000370392 -1.45156e-05 -0.000460528 0.0234136 -0.000334915 -0.00116788 -0.00875077 -0.00498425 0.0177362 -0.0162145 0.000927683 -0.00535234 -0.0167681
internal_weight=23600.5 23374.5 23086.6 22665 421.68 22646.5 21263.6 4597.1 4045.05 672.896 234.759 16666.6 5599.75 1752.7
internal_count=299247 296634 291620 287847 3773 287811 223957 43213 36105 10981 474 180744 39371 13595
is_linear=0
shrinkage=0.05


Tree=101
num_leaves=15
num_cat=0
split_feature=21 46 28 27 26 22 47 22 34 22 32 22 32 22
split_gain=94.5527 169.342 236.787 260.242 153.367 242.316 259.055 140.147 136.086 151.685 235.925 263.325 200.4 190.529
threshold=0.79331472516059887 0.89738324284553539 6.0833592414855966 6.3569750785827646 0.67085972428321849 6.7804884910583505 4.388237953186036 6.7962646484375009 0.67861196398735057 6.7900948524475107 3.2573564052581792 6.787281036376954 6.1354806423187265 6.7984981536865243
decision_type=2 2 2 2 2 2 2 2 2 2 2 2 2 2
left_child=1 2 4 7 -1 -6 -7 -4 9 10 -2 12 -12 -11
right_child=8 -3 3 -5 5 6 -8 -9 -10 13 11 -13 -14 -15
leaf_value=-0.016270114951743141 -0.037525710930954942 0.020594430217840045 0.013883246795482107 -0.0059610317691100624 0.036156288887290854 0.0091960894591587069 -0.026681358408388197 -0.13897422861236861 -0.025534540091856763 0.016245669044274089 -4.2205238351198762e-06 -0.040317454608631266 0.049904541301251257 0.0018595755761490055
leaf_weight=2098.0097324155504 515.33199654659256 537.07009580451995 15.883677579462526 113.36368204466999 421.04225534072611 1263.39299011603 822.33010944444686 81.635536827147007 435.46073164325207 2896.2245949748904 2684.3941241274588 374.14193538576365 207.42454496305436 11077.509720211849
leaf_count=20687 10709 5354 246 461 112538 5221 4455 493 3637 23900 65887 3536 14310 27813
internal_value=4.41752e-05 -0.00579081 -0.00877002 -0.0593573 -0.0063297 0.00202141 -0.00500899 -0.115102 0.00176341 0.00244692 -0.00642577 -0.00141898 0.00373528 0.00485075
internal_weight=23543.2 5352.73 4815.66 210.883 4604.78 2506.77 2085.72 97.5192 18190.5 17755 3781.29 3265.96 2891.82 13973.7
internal_count=299247 149455 144101 1200 142901 122214 9676 739 149792 146155 94442 83733 80197 51713
is_linear=0
shrinkage=0.05


Tree=102
num_leaves=15
num_cat=0
split_feature=2 26 49 37 37 37 37 44 37 53 31 22 43 33
split_gain=92.0047 93.1527 112.268 95.1538 304.291 208.888 384.035 236.003 224.808 436.993 735.456 412.355 253.103 222.541
threshold=0.013245614245533945 0.9569157361984254 0.96291711926460277 3.1984648704528813 3.5869791507720952 3.0129330158233647 2.6735538244247441 0.15161155909299853 1.8688347935676577 1.0000000180025095e-35 0.59938272833824169 6.8007264137268075 6.0969495773315439 1.7005987167358401
decision_type=2 2 2 2 2 2 2 2 2 2 2 2 2 2
left_child=1 2 3 5 -5 6 8 -7 9 -1 12 -10 -11 -12
right_child=-2 -3 -4 4 -6 7 -8 -9 11 10 13 -13 -14 -15
leaf_value=-0.003224719544633776 0.014439274480838753 -0.034309664045124269 0.028823369531921217 0.046251670686734615 0.00077662953467931551 -0.041297780321347899 0.033095108190877423 0.0047337249009376681 -0.005811879882652058 -0.050366691691004217 0.05225580293115123 -0.054681316711532792 0.035031974915485389 0.009931308885960527
leaf_weight=12521.534386295185 1049.5724889549892 193.54035717528313 315.41771956015145 425.52723161876202 2370.003969038371 676.58741136710159 793.20576068933588 465.26228126324713 2212.2161575783975 373.04741097986698 1027.4758871868253 527.23564845323563 104.38892760872841 451.10344251990318
leaf_count=185389 13485 6342 20231 2534 29789 1212 4282 1155 27299 1120 5283 401 352 373
internal_value=4.12733e-05 -0.000637787 -0.000329792 -0.0007617 0.00783889 -0.00202052 -0.000699913 -0.0226634 -0.00227519 0.000213787 0.02213 -0.015382 -0.0313591 0.0394964
internal_weight=23506.1 22456.5 22263 21947.6 2795.53 19152.1 18010.2 1141.85 17217 14477.6 1956.02 2739.45 477.436 1478.58
internal_count=299247 285762 279420 259189 32323 226866 224499 2367 220217 192517 7128 27700 1472 5656
is_linear=0
shrinkage=0.05


Tree=103
num_leaves=15
num_cat=0
split_feature=0 42 46 49 37 37 32 37 32 37 36 22 23 31
split_gain=90.1494 143.5 105.691 110.022 92.1925 245.315 180.67 188.542 436.594 331.545 327.06 258.275 393.254 241.368
threshold=0.0083683477714657801 2.79174816608429 0.97948163747787487 0.96291711926460277 3.1984648704528813 3.5869791507720952 1.0000000180025095e-35 3.0129330158233647 2.7403194904327397 2.6735538244247441 0.34336403012275701 6.7804884910583505 4.9938225746154794 0.66060405969619762
decision_type=2 2 2 2 2 2 2 2 2 2 2 2 2 2
left_child=2 -2 3 4 6 -6 -1 8 10 11 -8 12 -10 -12
right_child=1 -3 -4 -5 5 -7 7 -9 9 -11 13 -13 -14 -15
leaf_value=-0.027695394490064352 0.0049809213865573063 0.055677684927969921 -0.03742940268147172 0.031464313761777427 0.045125865055459097 0.00090802116761153908 -0.030538660557880178 -0.022806555086957711 -0.017029700642458335 0.031484202527208134 0.0019911479600194372 -0.0077282761213171422 0.037042157608915903 0.045844869194956013
leaf_weight=687.34235537025961 3938.6362055050558 134.89041446149349 191.26522173080593 247.40797908359673 360.05569564923644 2061.3569614975713 232.90555753931403 980.29352533456404 557.97817196184769 638.67742792167701 455.20245558768511 11061.057529928163 818.91413156443741 1006.5849380008876
leaf_count=2176 52923 118 6726 16498 2228 26055 333 2001 20844 3447 3656 45782 111070 5390
internal_value=4.23886e-05 0.00679193 -0.00138504 -0.00100486 -0.00144723 0.00764161 -0.00278982 -0.00168616 -0.000270027 -0.00337022 0.0235312 -0.00518382 0.015165 0.0322951
internal_weight=23372.6 4073.53 19299 19107.8 18860.4 2421.41 16439 15751.6 14771.3 13076.6 1694.69 12437.9 1376.89 1461.79
internal_count=299247 53041 246206 239480 222982 28283 194699 192523 190522 181143 9379 177696 131914 9046
is_linear=0
shrinkage=0.05


Tree=104
num_leaves=15
num_cat=0
split_feature=18 1 26 37 49 33 44 36 36 56 25 31 43 37
split_gain=89.6925 88.9717 92.173 105.109 95.5979 86.8277 97.1837 81.0763 100.931 100.433 94.725 106.269 268.349 180.486
threshold=4.686739683151246 0.013986697886139156 0.9569157361984254 4.3036997318267831 0.96291711926460277 3.7256208658218388 0.054473828524351127 0.95080643892288219 0.94319096207618724 1.0000000180025095e-35 0.041526244953274734 0.80684027075767528 6.0879099369049081 2.6735538244247441
decision_type=2 2 2 2 2 2 2 2 2 2 2 2 2 2
left_child=-1 2 3 4 7 6 -5 8 10 -9 11 12 13 -2
right_child=1 -3 -4 5 -6 -7 -8 9 -10 -11 -12 -13 -14 -15
leaf_value=-0.049718307244799878 -0.0031270184918283659 0.01691991017272319 -0.034181452895997472 0.026009420463726032 0.02696302313866691 0.041101714904531808 -0.12221588992437504 -0.0017356305808173779 -0.093780677175374333 0.048425974648335576 0.011655872803014295 -0.0062638498079396815 0.045669148381750679 0.013401200285300478
leaf_weight=80.191210688964929 9213.9312354504946 762.83978029660648 189.35952996276319 19.459793346002701 304.32737004954834 232.95671213231981 9.3279907684773189 214.42674404755235 19.418708086013794 175.56703304126859 1352.1535510114627 8356.1284362263978 318.66639459133148 2001.9787481819512
leaf_count=1989 114434 9876 6371 309 20489 4175 88 1575 36 2071 55773 65331 1426 15304
internal_value=4.65686e-05 0.000240174 -0.000334959 -3.12488e-05 -0.000413564 0.0308745 -0.0411458 -0.000810617 -0.00122961 0.0214922 -0.00110092 -0.00197353 0.00113728 -0.000167512
internal_weight=23250.7 23170.5 22407.7 22218.3 21956.6 261.744 28.7878 21652.3 21262.3 389.994 21242.9 19890.7 11534.6 11215.9
internal_count=299247 297258 287382 281011 276439 4572 397 255950 252304 3646 252268 196495 131164 129738
is_linear=0
shrinkage=0.05


Tree=105
num_leaves=15
num_cat=0
split_feature=21 46 28 23 47 27 31 27 21 46 34 32 27 22
split_gain=87.3695 153.485 212.514 183.585 181.885 366.594 212.3 170.112 131.487 124.772 119.546 141.757 222.363 452.287
threshold=0.79331472516059887 0.89738324284553539 5.995206594467164 5.1789667606353769 6.2166042327880868 6.3569750785827646 0.87309837341308605 6.3569750785827646 0.77325883507728588 0.31222625076770788 0.67861196398735057 6.1354806423187265 6.3587081432342538 6.8007264137268075
decision_type=2 2 2 2 2 2 2 2 2 2 2 2 2 2
left_child=1 2 3 -1 6 8 -4 -5 -6 -2 11 -11 -13 -14
right_child=9 -3 4 7 5 -7 -8 -9 -10 10 -12 12 13 -15
leaf_value=-0.010922078585934055 0.040392697959537142 0.019791769939754456 -0.15145423299725863 0.020793462595327408 -0.15092375773952882 -0.0083891769409581447 0.040436655525581254 -0.044119694792082373 -0.0029495315471942895 0.00040062658202638061 -0.024599140390999117 0.032299342696957119 -0.065745496867463615 0.01830424146156932
leaf_weight=3439.3803455879388 196.08384884893894 525.80273157870397 7.0325105204246929 876.31744793063262 95.886167839169502 128.25191749725491 85.408959934022278 104.44367708265781 17.962780795991421 15570.263355584815 425.98804360534996 910.86955147283152 206.13810363598168 607.15904065966606
leaf_count=51595 2537 5354 207 85818 601 367 5301 98 114 119076 3618 22512 440 1609
internal_value=4.46861e-05 -0.00560141 -0.00844519 -0.0054838 -0.0462778 -0.068318 0.0124791 0.0135052 -0.1297 0.00171094 0.00126037 0.00191118 0.0154714 -0.00353879
internal_weight=23197 5280.49 4754.68 4420.14 334.542 242.101 92.4415 980.761 113.849 17916.5 17720.4 17294.4 1724.17 813.297
internal_count=299247 149455 144101 137511 6590 1082 5508 85916 715 149792 147255 143637 24561 2049
is_linear=0
shrinkage=0.05


Tree=106
num_leaves=15
num_cat=0
split_feature=48 43 37 36 27 47 47 43 32 29 22 47 48 27
split_gain=84.4502 84.8234 120.047 168.505 106.113 103.587 473.001 335.97 270.301 246.757 217.462 457.368 423.083 277.135
threshold=1.0000000180025095e-35 6.1279597282409677 1.0000000180025095e-35 0.62019231915473949 6.3534996509552011 6.2195951938629159 6.2166042327880868 6.112574815750123 6.1354806423187265 0.80030465126037609 6.8007264137268075 6.2255475521087655 0.62606945633888256 5.4574534893035898
decision_type=2 2 2 2 2 2 2 2 2 2 2 2 2 2
left_child=-1 5 -3 -4 -5 6 8 -8 -2 -9 11 -7 -12 -13
right_child=1 2 3 4 -6 10 7 9 -10 -11 12 13 -14 -15
leaf_value=-0.045659970720784801 -0.00058721779590232713 0.017103475524230905 -0.05253572882153177 -0.029274015473679332 0.041758968972660453 0.023473060793448089 -0.15677310772591113 -0.1611223670390142 0.037163413304391026 0.022721470513816469 -0.019189702519230786 0.025559259411452498 0.049475291986331493 -0.055246405185931706
leaf_weight=90.649590988439741 19458.309494318964 180.04316924326122 300.32953764218837 94.464992760680616 96.209191116504371 716.62365141324699 71.258573558181524 12.965359849855302 476.01376353902742 80.568064169958234 321.5107563585043 132.90043161436915 699.75635120272636 433.51411241944879
leaf_count=1582 254343 2049 941 2406 414 6356 633 265 23932 2065 361 566 2539 795
internal_value=4.04067e-05 0.000239645 -0.0171441 -0.0297928 0.00686225 0.000767754 -0.000385485 -0.0822781 0.000332415 -0.0158634 0.010785 -0.00293421 0.027882 -0.0361721
internal_weight=23165.1 23074.5 671.047 491.004 190.674 22403.4 20099.1 164.792 19934.3 93.5334 2304.31 1283.04 1021.27 566.415
internal_count=299247 297665 5810 3761 2820 291855 281238 2963 278275 2330 10617 7717 2900 1361
is_linear=0
shrinkage=0.05


Tree=107
num_leaves=15
num_cat=0
split_feature=0 22 37 37 36 48 43 18 34 32 37 43 31 26
split_gain=82.498 155.468 150.6 222.268 122.532 120.079 202.082 184.522 119.062 118.016 189.348 166.875 108.74 148.834
threshold=1.0000000180025095e-35 6.8007264137268075 1.2424533367156985 1.4978661537170412 0.37602458894252783 0.87810423970222484 4.1510088443756112 6.6073255538940439 0.18590754270553592 1.0000000180025095e-35 3.933552742004395 6.0075833797454843 0.77628055214881908 0.74597367644310009
decision_type=2 2 2 2 2 2 2 2 2 2 2 2 2 2
left_child=9 4 5 -4 -2 6 12 -7 -5 10 11 -1 13 -3
right_child=1 2 3 8 -6 7 -8 -9 -10 -11 -12 -13 -14 -15
leaf_value=-0.047546654455503976 -0.02152956660800466 0.02461028246032591 -0.043367042798574715 -0.0013073376215222855 0.0029074209324860289 -0.032773631499796688 0.073185757340244115 0.041090132702222545 0.042473198665162248 -0.00075784822729182467 0.0057316476705015244 0.02908573174900414 0.045530300335748425 -0.053484002439262206
leaf_weight=496.75102992670145 575.0605173886288 160.23532336205244 202.08898076415062 402.81715885177255 4153.3609204795794 161.70686286687851 279.96321502327919 156.67542371153831 242.13549036905169 15452.679239809455 459.71630888804793 75.7537652105093 197.3729512989521 85.136991754174232
leaf_count=1673 4217 356 299 924 81570 126 445 135 544 206374 2101 274 133 76
internal_value=3.63188e-05 0.00474841 0.0168361 0.00113371 -0.000103717 0.0294793 0.0406221 0.00371901 0.0155268 -0.00185671 -0.0181419 -0.0370814 0.0188693 -0.00351944
internal_weight=23101.5 6616.55 1888.13 847.042 4728.42 1041.09 722.708 318.382 644.953 16484.9 1032.22 572.505 442.745 245.372
internal_count=299247 88825 3038 1767 85787 1271 1010 261 1468 210422 4048 1947 565 432
is_linear=0
shrinkage=0.05


Tree=108
num_leaves=15
num_cat=0
split_feature=18 2 47 36 36 21 31 48 28 22 48 54 32 34
split_gain=79.979 80.5375 84.4249 78.1028 110.293 113.044 78.1673 174.873 154.792 100.351 97.6618 179.359 174.376 161.894
threshold=4.686739683151246 0.013423423748463394 4.4005842208862314 0.093841642141342177 0.20344828069210055 0.73084682226181041 0.31414473056793218 0.22497145086526874 4.3372693061828622 6.5354087352752694 0.29476569592952734 1.0000000180025095e-35 3.5259279012680058 0.37006276845932012
decision_type=2 2 2 2 2 2 2 2 2 2 2 2 2 2
left_child=-1 3 -3 -2 5 -5 8 -8 -6 -9 13 -12 -13 -11
right_child=1 2 -4 4 6 -7 7 9 -10 10 11 12 -14 -15
leaf_value=-0.047885244923352388 -0.039972479767832171 0.025497519815314063 -0.0050169991792100369 -0.024556024184095748 0.013480485523933839 0.036488130775391918 -0.0252810787623097 0.040718524773496939 -0.098907582381608683 0.050233506320659753 -0.00049757503098144592 -0.039108926526470911 0.048505973910491038 -0.024928607154499773
leaf_weight=76.743503783742199 114.0146898208186 606.35755004687235 354.00115887384163 87.994423030875623 1316.9306334191933 357.68668389727827 733.07909061992541 136.097628296935 21.460190512239933 212.8855966264382 18410.137294924818 486.64787238836288 55.537160649895668 98.212018594145775
leaf_count=1989 270 3574 8995 413 7725 2266 3500 98845 161 989 163818 6202 146 354
internal_value=3.53725e-05 0.000216079 0.0143137 -0.000404676 -0.000180701 0.0241613 -0.000696989 -0.00147687 0.0109583 -0.000564784 -0.00087743 -0.00134002 -0.0294184 0.0264678
internal_weight=23067.8 22991 960.359 22030.7 21916.7 445.681 21471 20132.6 1338.39 19399.5 19263.4 18952.3 542.185 311.098
internal_count=299247 297258 12569 284689 284419 2679 281740 273854 7886 270354 171509 170166 6348 1343
is_linear=0
shrinkage=0.05


Tree=109
num_leaves=15
num_cat=0
split_feature=21 36 22 32 22 22 26 26 27 27 37 36 32 33
split_gain=77.6558 132.012 117.573 181.716 228.232 180.45 444.226 200.836 216.58 205.028 225.138 202.312 363.363 199.863
threshold=0.7985137701034547 0.20344828069210055 6.7900948524475107 3.2573564052581792 6.787281036376954 6.7984981536865243 0.54261502623558056 0.73144507408142101 3.113268375396729 3.2384861707687382 3.0129330158233647 0.68210527300834667 3.5259279012680058 3.9981586933135991
decision_type=2 2 2 2 2 2 2 2 2 2 2 2 2 2
left_child=-1 -2 3 -3 -5 6 -4 8 -7 10 -10 -9 -13 -14
right_child=1 2 5 4 -6 7 -8 11 9 -11 -12 12 13 -15
leaf_value=-0.0046154125974357894 0.03651940592643655 -0.034500151148032884 -0.00080716221765768272 0.0027299735967212788 -0.038901362987489557 -0.025433164252244945 0.04107846983016597 -0.0070650060876048032 0.052902623714016134 0.0065680599402757368 -0.028692689296316406 -0.013289850612060207 0.044721421653477866 -0.015361924571150357
leaf_weight=6457.8944520312361 260.02163602784276 494.17508588824421 1672.3527787346393 2793.6816597456345 363.04556226637214 277.53255832195282 1008.1877231150866 6394.0967722311616 609.87268204241991 967.40825568698347 91.411978989839554 741.30517991259694 737.40031490847468 164.58027982711792
leaf_count=159399 1587 10596 6970 77096 3533 494 15492 13126 2864 1782 308 896 3853 1251
internal_value=3.15797e-05 0.00184381 0.00126913 -0.00662463 -0.00216564 0.00354823 0.0150407 0.0004506 0.0148193 0.0216256 0.0420129 -0.00304283 0.0125557 0.0337101
internal_weight=23033 16575.1 16315.1 3650.9 3156.73 12664.1 2680.54 9983.61 1946.23 1668.69 701.285 8037.38 1643.29 901.981
internal_count=299247 139848 138261 91225 80629 47036 22462 24574 5448 4954 3172 19126 6000 5104
is_linear=0
shrinkage=0.05


Tree=110
num_leaves=15
num_cat=0
split_feature=43 37 36 27 46 43 22 47 27 48 48 41 22 29
split_gain=77.5582 107.172 151.438 98.1401 98.0846 180.885 167.979 308.727 276.982 226.382 284.419 154.998 329.149 363.763
threshold=6.1279597282409677 1.0000000180025095e-35 0.62019231915473949 6.3534996509552011 0.85973232984542858 6.005120277404786 6.8007264137268075 6.2255475521087655 5.4574534893035898 0.62162959575653087 0.96579414606094371 0.65833333134651195 6.7996129989624032 0.2051055580377579
decision_type=2 2 2 2 2 2 2 2 2 2 2 2 2 2
left_child=4 -2 -3 -4 5 11 7 -6 -9 -8 -11 -1 -13 -14
right_child=1 2 3 -5 6 -7 9 8 -10 10 -12 12 13 -15
leaf_value=0.0010681446352612776 0.015922815923154653 -0.050795523527329439 -0.028049613897490052 0.041081104423070426 0.0061747847071566267 -0.085237469708381891 -0.022377779499616654 0.037400440556764884 -0.052473062628692752 0.045702723703707593 -0.015904129574810858 0.013294318794598664 -0.036093521328087422 0.015046149539932246
leaf_weight=13549.170002457744 175.78036376088858 292.00464043952525 94.483469220809639 91.235856299288571 4132.4115235047648 54.180894638411701 228.28569100797176 99.81604452803731 413.02459996007383 813.36828968301415 236.96490751951933 874.36059717275202 1420.8308889567852 453.10930389165878
leaf_count=204487 2049 941 2406 414 68915 230 296 524 756 2693 212 13588 1422 314
internal_value=3.47877e-05 -0.016811 -0.0289351 0.00627511 0.00053632 -0.00146111 0.006043 0.00160856 -0.0345999 0.0220159 0.0317847 -0.0011305 -0.0119344 -0.023714
internal_weight=22929 653.504 477.724 185.719 22275.5 16351.7 5923.87 4645.25 512.841 1278.62 1050.33 16297.5 2748.3 1873.94
internal_count=299247 5810 3761 2820 293437 220041 73396 70195 1280 3201 2905 219811 15324 1736
is_linear=0
shrinkage=0.05


Tree=111
num_leaves=15
num_cat=0
split_feature=15 22 37 37 53 29 28 48 43 47 31 27 45 31
split_gain=77.5831 110.377 268.782 283.79 179.142 208.293 170.925 286.575 194.797 169.564 167.249 165.379 118.189 102.238
threshold=0.010256679728627207 6.8007264137268075 1.2424533367156985 1.4978661537170412 1.0000000180025095e-35 0.23508784919977191 3.8815106153488164 0.92819499969482433 4.1510088443756112 6.2255475521087655 0.87309837341308605 6.3569750785827646 0.00023518285888712856 0.96463739871978771
decision_type=2 2 2 2 2 2 2 2 2 2 2 2 2 2
left_child=13 9 6 -4 -5 -6 8 -8 -3 11 -11 -2 -12 -1
right_child=1 2 3 4 5 -7 7 -9 -10 10 12 -13 -14 -15
leaf_value=-0.0016346831416256197 -0.00019411970390071297 -0.013525624657489922 -0.045476525519958344 0.04187433624742281 -0.023157253565088225 0.033534017171551293 0.060389020067707799 -0.0036290842957913683 0.051971870641692036 0.037707579561875204 -0.081221970800450016 0.032725013893773761 -0.012207736301409561 -0.02652253762386142
leaf_weight=12904.932819323556 6151.5969362609321 386.67962854355574 306.00976859033108 281.67383890599012 482.83340057730675 231.52548234164715 583.67524570226669 246.22869873046875 149.15825590491295 56.230990793555975 142.02378939371556 396.74347164854407 111.72872950322926 416.36866364721209
leaf_count=153166 130245 645 460 1508 497 223 593 111 429 272 218 1203 225 9452
internal_value=3.12975e-05 0.00347475 0.0120836 -0.00416963 0.00884693 -0.00457418 0.0274964 0.0415781 0.00532468 0.000113318 -0.0354277 0.0018472 -0.0524496 -0.00243189
internal_weight=22847.4 9526.11 2667.78 1302.04 996.033 714.359 1365.74 829.904 535.838 6858.32 309.984 6548.34 253.753 13321.3
internal_count=299247 136629 4466 2688 2228 720 1778 704 1074 132163 715 131448 443 162618
is_linear=0
shrinkage=0.05


Tree=112
num_leaves=15
num_cat=0
split_feature=0 36 36 21 33 18 37 18 18 23 28 46 36 37
split_gain=76.9729 73.1423 91.5086 114.45 86.6536 81.3889 78.3956 84.0034 254.548 142.863 176.492 134.501 87.8817 307.286
threshold=0.015504807699471714 0.087121214717626586 0.20344828069210055 0.73084682226181041 1.4978661537170412 4.686739683151246 4.3036997318267831 6.1257476806640634 6.4591214656829843 5.0466406345367441 4.3372693061828622 0.31222625076770788 0.40129870176315313 0.89587974548339855
decision_type=2 2 2 2 2 2 2 2 2 2 2 2 2 2
left_child=1 4 3 -3 -1 -4 7 9 -9 10 -7 -10 13 -13
right_child=-2 2 5 -5 -6 6 -8 8 11 -11 -12 12 -14 -15
leaf_value=-0.0059091257921326601 0.025753767304009762 -0.023502090732016232 -0.061881125564636534 0.035359745476072707 -0.087444795069635539 0.0042830137315089823 0.026151448698316301 -0.046131398317587904 0.03549982538266501 0.033304553625348281 -0.099260310015205439 -0.053233461670629215 1.1835147835807314e-05 -0.0028809770333835479
leaf_weight=91.504251047357684 277.19216943538049 99.624585960176773 43.924187037162483 348.54956025187857 42.025200545787811 743.05871221842244 264.98264174163342 304.36219199828338 242.16676370985806 469.26022897509392 33.53592164546717 343.24121436476707 17371.463510304224 2139.9960174849257
leaf_count=920 3596 1176 530 2323 56 6012 4968 3324 3190 100994 2682 623 158919 9934
internal_value=3.18102e-05 -0.000295827 -6.78625e-05 0.022048 -0.0358751 -0.000529131 -0.000377976 -0.000714648 -0.00148657 0.011837 -0.00139338 -0.000787828 -0.00124807 -0.0100265
internal_weight=22814.9 22537.7 22404.2 448.174 133.529 21956 21912.1 21647.1 20401.2 1245.85 776.595 20096.9 19854.7 2483.24
internal_count=299247 295651 294675 3499 976 291176 290646 285678 175990 109688 8694 172666 169476 10557
is_linear=0
shrinkage=0.05


Tree=113
num_leaves=15
num_cat=0
split_feature=1 26 53 46 43 41 22 31 37 29 15 47 37 22
split_gain=71.8375 80.1408 79.6568 74.088 149.233 152.63 316.825 284.767 228.239 249.264 210.219 161.68 347.839 620.7
threshold=0.013986697886139156 0.9691588580608369 1.0000000180025095e-35 0.85973232984542858 6.005120277404786 0.65833333134651195 6.7996129989624032 0.77628055214881908 1.0000000180025095e-35 0.2051055580377579 0.0074907417874783286 4.388237953186036 1.8688347935676577 6.7929053306579599
decision_type=2 2 2 2 2 2 2 2 2 2 2 2 2 2
left_child=1 3 -2 4 5 11 -7 -8 -9 -10 -11 12 13 -1
right_child=2 -3 -4 -5 -6 6 7 8 9 10 -12 -13 -14 -15
leaf_value=-0.014371409816626657 0.0077272617852994817 -0.038046071642113467 0.051223434143698079 0.0044077882961312083 -0.076570196065171681 0.012405118905679453 -0.055138954738302527 0.026024957160846875 -0.044196411617336048 -0.031401398088655719 0.040539931144446824 -0.0088726823472305687 -0.0073388695635262183 0.022380631112046606
leaf_weight=1603.0840781094739 628.11290617461782 131.16631412692368 117.78057479299605 6131.6638348257402 56.930091285146773 844.80070017883554 526.69568899273872 299.27414906024933 568.41456750035286 179.31913816928864 209.49848926067352 3414.4475253421697 4072.5965197496116 3994.3423251714557
leaf_count=23379 9596 5220 286 71189 230 13131 604 235 635 104 111 128963 27484 18080
internal_value=2.60256e-05 -0.000493741 0.0151823 -0.000251577 -0.00206494 -0.00174646 -0.0127181 -0.0246231 -0.0114973 -0.0233763 0.00740581 0.000465215 0.00376815 0.0118481
internal_weight=22778.1 22032.2 745.893 21901.1 15769.4 15712.5 2628 1783.2 1256.51 957.232 388.818 13084.5 9670.02 5597.43
internal_count=299247 289365 9882 284145 212956 212726 14820 1689 1085 850 215 197906 68943 41459
is_linear=0
shrinkage=0.05


Tree=114
num_leaves=15
num_cat=0
split_feature=32 32 42 22 22 21 28 36 42 27 22 42 38 48
split_gain=72.6162 264.671 442.998 443.641 436.915 259.942 247.226 460.229 304.943 271.026 286.233 223.624 219.822 222.6
threshold=4.1190040111541757 3.5259279012680058 1.4978661537170412 6.7929053306579599 6.7996129989624032 0.76655876636505138 3.8815106153488164 0.5032467544078828 0.89587974548339855 5.4617087841033944 6.7984981536865243 0.89587974548339855 1.0000000180025095e-35 0.9441988766193391
decision_type=2 2 2 2 2 2 2 2 2 2 2 2 2 2
left_child=1 11 3 -3 -4 -5 7 -2 9 10 -8 -1 13 -11
right_child=6 2 4 5 -6 -7 8 -9 -10 12 -12 -13 -14 -15
leaf_value=-0.0032299954402710811 -0.041745558534140435 -0.00037962664220009918 0.016301936969334529 -0.0072263148542855747 -0.046085826830634627 0.046267355975310231 0.0036887765571616822 0.020640928383547346 0.026258477100771033 0.013458926971368676 -0.037744752952901459 0.054298790290984639 -0.05041897655548077 -0.0091329850873176546
leaf_weight=9619.6511099992204 963.51532925479114 1238.4962199842557 567.90787517279387 263.240523096174 537.49103036522865 1537.5137911308557 702.51945619378239 417.29323829570785 958.49058709293604 2751.0230269066524 1009.107841335237 161.95441032201052 179.50497886538506 1793.0140569748473
leaf_count=54646 4208 25032 4710 1324 702 13825 16233 10676 5986 77173 2027 970 226 81509
internal_value=2.13821e-05 0.00226557 0.0128387 0.022678 -0.0141748 0.0384507 -0.00353896 -0.0228789 9.89104e-05 -0.00383214 -0.0208161 -0.00222301 0.00235318 0.00454399
internal_weight=22700.7 13926.3 4144.65 3039.25 1105.4 1800.75 8774.47 1380.81 7393.66 6435.17 1711.63 9781.61 4723.54 4544.04
internal_count=299247 101209 45593 40181 5412 15149 198038 14884 183154 177168 18260 55616 158908 158682
is_linear=0
shrinkage=0.05


Tree=115
num_leaves=15
num_cat=0
split_feature=36 56 36 28 28 23 32 37 15 23 26 46 28 22
split_gain=72.1667 96.4329 91.2123 81.2011 165.643 278.013 238.582 131.773 121.707 119.041 208.06 183.169 208.431 198.019
threshold=0.95080643892288219 1.0000000180025095e-35 0.94319096207618724 1.0000000180025095e-35 1.8688347935676577 3.0677825212478642 2.2924837470054631 1.7005987167358401 1.0000000180025095e-35 2.3502402305603032 0.67085972428321849 0.33514493703842169 2.5249279737472539 6.7996129989624032
decision_type=2 2 2 2 2 2 2 2 2 2 2 2 2 2
left_child=2 -2 3 -1 5 7 -6 -5 -9 -8 -11 -12 -13 -14
right_child=1 -3 -4 4 6 -7 9 8 -10 10 11 12 13 -15
leaf_value=-0.011783593932199604 -0.0010795625630790155 0.048279248814861626 -0.086543537284462957 0.023295334765616533 -0.046279303506495416 0.049031172464887973 0.027953522058756283 -0.039337474671285642 0.0023046670898407258 -0.013701308792365724 -0.10784265340448035 0.042761618659080812 0.0067680600518926527 -0.0047964553927918102
leaf_weight=1414.8964139782474 219.55853762850165 169.51100794412196 20.655724097043276 628.4970585834235 276.79723918437958 427.80137363635004 354.90790948830545 199.98356851469725 1061.7525675403886 2682.4873249070952 28.287832253612578 292.28060734923929 7186.3284315040801 7612.590455301106
leaf_count=4756 1634 2140 41 4951 360 3064 2162 751 2783 25458 391 6276 230028 14452
internal_value=2.22659e-05 0.0210962 -0.000356617 -0.000237316 0.00055523 0.0131225 -0.00103137 0.00478037 -0.00455298 -0.000316478 -0.000895459 0.0013841 0.00166012 0.000820031
internal_weight=22576.3 389.07 22187.3 22166.6 20751.7 2318.03 18433.7 1890.23 1261.74 18156.9 17802 15119.5 15091.2 14798.9
internal_count=299247 3774 295473 295432 290676 11549 279127 8485 3534 278767 276605 251147 250756 244480
is_linear=0
shrinkage=0.05


Tree=116
num_leaves=15
num_cat=0
split_feature=0 43 43 48 32 27 28 48 44 32 37 42 28 37
split_gain=69.417 70.9208 99.1202 202.431 151.234 419.579 292.354 257.118 536.891 152.605 437.883 390.56 406.646 299.132
threshold=0.015504807699471714 6.1279597282409677 6.1169946193695077 0.93293735384941112 6.2045557498931894 6.3534996509552011 4.5695295333862314 0.74651429057121288 0.79618346691131603 4.1190040111541757 0.89587974548339855 2.171902716159821 3.8815106153488164 1.2424533367156985
decision_type=2 2 2 2 2 2 2 2 2 2 2 2 2 2
left_child=1 2 4 -4 6 -6 9 8 -7 -1 11 -11 -13 -12
right_child=-2 -3 3 -5 5 7 -8 -9 -10 10 13 12 -14 -15
leaf_value=0.0018376053859190081 0.024636262582180237 -0.016841864454876808 0.026526110656212305 -0.010995009851622608 -0.10127241144866628 -0.00024610982620567316 0.032242760679226684 0.027707549151958701 -0.14822248819804731 -0.033885401491488873 0.033989601349122794 -0.052467712536537536 0.03375831828427469 -0.0037483567927048805
leaf_weight=13251.463889002742 272.81298414646881 619.04366688430309 947.34968886431307 568.42562714219093 128.55134126916528 260.27293247357011 673.42957349668723 302.60928080510348 70.194199323654175 1964.0224502342753 690.50621633674018 178.67229052633047 488.55303725041449 2090.7785326184239
leaf_count=98560 3596 5734 5184 7778 1722 1015 128551 1962 188 8141 842 247 2861 32866
internal_value=2.07083e-05 -0.000292268 0.000189278 0.0124756 -0.000743042 -0.0224498 0.000123066 -0.00511831 -0.0351079 -0.00105251 -0.00811871 -0.0227012 0.0102346 0.00570901
internal_weight=22506.7 22233.9 21614.8 1515.78 20099.1 761.628 19337.4 633.076 330.467 18664 5412.53 2631.25 667.225 2781.28
internal_count=299247 295651 289917 12962 276955 4887 272068 3165 1203 143517 44957 11249 3108 33708
is_linear=0
shrinkage=0.05


Tree=117
num_leaves=15
num_cat=0
split_feature=0 22 30 37 37 43 48 18 32 37 43 36 32 44
split_gain=68.2278 128.159 125.216 118.545 146.713 110.616 109.219 165.372 105.759 183.134 143.05 99.9801 97.1012 91.6903
threshold=1.0000000180025095e-35 6.8007264137268075 0.0080198189243674296 1.2424533367156985 1.4978661537170412 4.1026091575622567 0.87810423970222484 6.6073255538940439 1.0000000180025095e-35 3.933552742004395 6.0075833797454843 0.37602458894252783 1.5890269279479983 0.13896024972200396
decision_type=2 2 2 2 2 2 2 2 2 2 2 2 2 2
left_child=8 11 3 5 -5 -3 -7 -8 9 10 -1 -2 -10 -6
right_child=1 2 -4 4 13 6 7 -9 12 -11 -12 -13 -14 -15
leaf_value=-0.046551004375868357 -0.019717320175438452 -0.015316906869262251 0.056803435535574778 -0.041116015297264108 -0.0028122067387070463 0.045005827490017705 -0.031587783418087781 0.041317986881612812 0.04534936062645465 0.0059142541735886693 0.027157865738271177 0.0026750147740101093 -0.001026313598424661 0.043045993556395025
leaf_weight=472.66757338721072 558.01709921573638 150.49799617379904 158.00050806999207 184.0336035490036 406.36072666943073 483.92578142881393 141.07426434755325 150.62352333217859 103.73294259421527 456.33912879228592 69.517596378922462 4062.391387280717 14927.942420315929 138.41557927802205
leaf_count=1673 4217 355 269 299 893 520 112 124 1427 2101 274 81570 204947 466
internal_value=1.72744e-05 0.00436305 0.0155895 0.0113372 -0.00373585 0.0231121 0.0306687 0.00618016 -0.00172843 -0.0174027 -0.0367796 -6.60995e-05 -0.000676341 0.00940524
internal_weight=22463.5 6433.34 1812.93 1654.93 728.81 926.122 775.624 291.698 16030.2 998.524 542.185 4620.41 15031.7 544.776
internal_count=299247 88825 3038 2769 1658 1111 756 236 210422 4048 1947 85787 206374 1359
is_linear=0
shrinkage=0.05


Tree=118
num_leaves=15
num_cat=0
split_feature=36 56 36 30 34 46 28 27 33 22 25 22 22 43
split_gain=66.5709 93.2699 82.7022 71.7456 99.0117 137.665 406.104 316.128 231.047 133.636 106.054 177.57 274.511 323.892
threshold=0.95080643892288219 1.0000000180025095e-35 0.94319096207618724 0.095052417367696776 0.65230727195739757 0.89781975746154796 6.0969495773315439 6.3587081432342538 0.89587974548339855 6.7996129989624032 0.0106631419621408 6.7900948524475107 6.7804884910583505 3.5694335699081425
decision_type=2 2 2 2 2 2 2 2 2 2 2 2 2 2
left_child=2 -2 3 4 10 6 -6 -8 -7 -10 11 12 13 -1
right_child=1 -3 -4 -5 5 8 7 -9 9 -11 -12 -13 -14 -15
leaf_value=-0.022196333565528494 -0.0010674940059372208 0.048094040415188943 -0.081341129805304072 0.017110774324933294 -0.014911699616071573 0.023807674629547547 -0.21216865751025826 -0.011359517300184415 0.023570962386517007 -0.045475594874916016 0.0057616470047624491 0.00058605694905567915 -0.033454053817679213 0.023640610619313135
leaf_weight=798.68344407345285 219.54900820553303 161.52080217935145 21.47030833363533 570.88584990799427 728.76177216367796 488.54622308374383 39.620765157043934 34.364175437018275 86.512358596548438 269.45401833206415 6103.3617496919469 11131.188937904313 1053.2662596618757 726.3008921329747
leaf_count=15969 1634 2140 41 9501 8285 7540 165 65 1422 385 162748 37708 12721 38923
internal_value=1.8266e-05 0.0204672 -0.000344211 -0.000228407 -0.000697423 -0.0124376 -0.0271279 -0.131356 0.00168023 -0.0285093 0.000284452 -0.00215639 -0.013953 -0.000353883
internal_weight=22433.5 381.07 22052.4 22030.9 21460.1 1647.26 802.747 73.9849 844.513 355.966 19812.8 13709.4 2578.25 1524.98
internal_count=299247 3774 295473 295432 285931 17862 8515 230 9347 1807 268069 105321 67613 54892
is_linear=0
shrinkage=0.05


Tree=119
num_leaves=15
num_cat=0
split_feature=26 26 22 36 43 1 32 32 42 22 22 21 22 22
split_gain=66.9905 124.113 167.618 131.332 135.765 119.434 101.705 243.093 416.373 390.629 386.141 253.289 219.993 455.706
threshold=0.91461247205734264 0.90263178944587719 6.7996129989624032 0.60656467080116283 4.3502571582794198 1.0000000180025095e-35 4.1190040111541757 3.5259279012680058 1.4978661537170412 6.7996129989624032 6.7929053306579599 0.76655876636505138 6.7962646484375009 6.8007264137268075
decision_type=2 2 2 2 2 2 2 2 2 2 2 2 2 2
left_child=1 6 -3 -4 -5 -2 7 -1 10 -10 -9 -12 -8 -14
right_child=5 2 3 4 -6 -7 12 8 9 -11 11 -13 13 -15
leaf_value=-0.0023950505099909584 -0.024185233978993415 0.028939701538626617 -0.017751136185467635 -0.019950017235997462 0.047833871854111261 0.010143254169133996 0.0097955867950236062 -0.00058771420311649555 0.015574334528153103 -0.044611610443412358 -0.0076103747210889321 0.045582463696482313 -0.026692545285609728 0.0031646854817691953
leaf_weight=8868.0461077299842 702.46940653864294 859.01928557828069 516.69872752949595 109.71518565528095 190.87190254032612 386.1419775178656 1769.2407697903109 1088.5477770501748 542.98270209785551 518.10602974891663 261.25101472251117 1448.9522885363549 2361.7485356703401 2767.1468420214951
leaf_count=48036 13463 19857 931 169 1160 6580 154009 23166 4611 693 1306 13663 7858 3745
internal_value=1.33138e-05 0.000633967 0.013651 -0.00257389 0.0232468 -0.0120271 -0.000484238 0.00216535 0.0126221 -0.0139553 0.0227121 0.0374597 -0.0053691 -0.0106091
internal_weight=22390.9 21302.3 1676.31 817.286 300.587 1088.61 19626 12727.9 3859.84 1061.09 2798.75 1710.2 6898.14 5128.9
internal_count=299247 279204 22117 2260 1329 20043 257087 91475 43439 5304 38135 14969 165612 11603
is_linear=0
shrinkage=0.05


end of trees

feature_importances:
Column_22=244
Column_36=199
Column_37=181
Column_47=119
Column_32=116
Column_27=110
Column_31=99
Column_48=76
Column_28=60
Column_46=53
Column_43=46
Column_26=39
Column_18=38
Column_33=36
Column_42=26
Column_15=24
Column_23=24
Column_44=20
Column_24=18
Column_41=17
Column_34=16
Column_0=15
Column_21=15
Column_49=15
Column_29=11
Column_2=10
Column_52=10
Column_56=7
Column_53=6
Column_54=6
Column_1=5
Column_19=4
Column_38=4
Column_25=3
Column_16=2
Column_20=2
Column_30=2
Column_35=1
Column_45=1

parameters:
[boosting: gbdt]
[objective: binary]
[metric: binary_logloss]
[tree_learner: serial]
[device_type: cpu]
[data_sample_strategy: bagging]
[data: ]
[valid: ]
[num_iterations: 120]
[learning_rate: 0.05]
[num_leaves: 15]
[num_threads: 2]
[seed: 20260928]
[deterministic: 1]
[force_col_wise: 1]
[force_row_wise: 0]
[histogram_pool_size: -1]
[max_depth: -1]
[min_data_in_leaf: 100]
[min_sum_hessian_in_leaf: 0.001]
[bagging_fraction: 1]
[pos_bagging_fraction: 1]
[neg_bagging_fraction: 1]
[bagging_freq: 0]
[bagging_seed: 8287]
[bagging_by_query: 0]
[feature_fraction: 1]
[feature_fraction_bynode: 1]
[feature_fraction_seed: 24490]
[extra_trees: 0]
[extra_seed: 6370]
[early_stopping_round: 0]
[early_stopping_min_delta: 0]
[first_metric_only: 0]
[max_delta_step: 0]
[lambda_l1: 0]
[lambda_l2: 10]
[linear_lambda: 0]
[min_gain_to_split: 0]
[drop_rate: 0.1]
[max_drop: 50]
[skip_drop: 0.5]
[xgboost_dart_mode: 0]
[uniform_drop: 0]
[drop_seed: 1862]
[top_rate: 0.2]
[other_rate: 0.1]
[min_data_per_group: 100]
[max_cat_threshold: 32]
[cat_l2: 10]
[cat_smooth: 10]
[max_cat_to_onehot: 4]
[top_k: 20]
[monotone_constraints: ]
[monotone_constraints_method: basic]
[monotone_penalty: 0]
[feature_contri: ]
[forcedsplits_filename: ]
[refit_decay_rate: 0.9]
[cegb_tradeoff: 1]
[cegb_penalty_split: 0]
[cegb_penalty_feature_lazy: ]
[cegb_penalty_feature_coupled: ]
[path_smooth: 0]
[interaction_constraints: ]
[verbosity: -1]
[saved_feature_importance_type: 0]
[use_quantized_grad: 0]
[num_grad_quant_bins: 4]
[quant_train_renew_leaf: 0]
[stochastic_rounding: 1]
[linear_tree: 0]
[max_bin: 255]
[max_bin_by_feature: ]
[min_data_in_bin: 3]
[bin_construct_sample_cnt: 299248]
[data_random_seed: 5112]
[is_enable_sparse: 1]
[enable_bundle: 1]
[use_missing: 1]
[zero_as_missing: 0]
[feature_pre_filter: 1]
[pre_partition: 0]
[two_round: 0]
[header: 0]
[label_column: ]
[weight_column: ]
[group_column: ]
[ignore_column: ]
[categorical_feature: ]
[forcedbins_filename: ]
[precise_float_parser: 0]
[parser_config_file: ]
[objective_seed: 23271]
[num_class: 1]
[is_unbalance: 0]
[scale_pos_weight: 1]
[sigmoid: 1]
[boost_from_average: 1]
[reg_sqrt: 0]
[alpha: 0.9]
[fair_c: 1]
[poisson_max_delta_step: 0.7]
[tweedie_variance_power: 1.5]
[lambdarank_truncation_level: 30]
[lambdarank_norm: 1]
[label_gain: ]
[lambdarank_position_bias_regularization: 0]
[eval_at: ]
[multi_error_top_k: 1]
[auc_mu_weights: ]
[num_machines: 1]
[local_listen_port: 12400]
[time_out: 120]
[machine_list_filename: ]
[machines: ]
[gpu_platform_id: -1]
[gpu_device_id: -1]
[gpu_device_id_list: ]
[gpu_use_dp: 0]
[num_gpu: 1]

end of parameters

pandas_categorical:null
