sgRNA	Gene	D3_Rep_1	D3_Rep_2	D3_Rep_3	D31_DMSO_1	D31_DMSO_2	D31_DMSO_3
PBK_PKc_E5_170.12	PBK	5863	6553	6490	6236	6531	8896
PRKG1_PKc_E10_72	PRKG1	5674	5465	4408	5691	3443	4852
LRRK1_PKc_E26_198.6	LRRK1	5345	3757	3993	3195	5310	5031
PDK1_PKc_E2_142.3	PDK1	5232	5745	4157	4000	4226	2904
BMPR1B_PKc_E10_131.6	BMPR1B	4953	4193	3868	2257	3614	3264
NEK7_PKc_E6_109.1	NEK7	4952	5736	4370	3622	3307	4158
FLT3_PKc_E17_154.5	FLT3	4894	4546	4378	4563	5605	4671
MAP3K7_PKc_E6_125.6	MAP3K7	4844	5378	4166	5506	6712	4598
SCYL3_PKc_E6_103.3	SCYL3	4782	4327	3581	3960	3158	4759
NRBP1_PKc_E7_95.4	NRBP1	4744	4712	4139	803	2083	1433
STK17A_PKc_E4_127	STK17A	4711	4255	4113	5470	3152	3862
JAK1_PKc_E16_136.9	JAK1	4675	4822	4264	4969	3978	4697
MAP4K1_PKc_E6_48.2	MAP4K1	4639	3923	4260	4902	5221	4629
TSSK1B_PKc_E1_789.43	TSSK1B	4553	3692	3905	7730	4616	5288
AK1_PKc_E4_164.27	AK1	4528	3694	3587	5545	3091	4144
NRBP1_PKc_E4_102	NRBP1	4453	5699	4322	2659	3718	4166
CAMK1D_PKc_E1_59	CAMK1D	4453	4475	4406	3979	4767	4343
VRK2_PKc_E6_106.3	VRK2	4369	3880	3209	4453	2187	2657
FASTK_PKc_E5_201.19	FASTK	4347	4697	3758	5813	4734	4297
TNNI3K_PKc_E14_28	TNNI3K	4341	3945	4766	4661	4174	3376
EPHA7_PKc_E11_186.8	EPHA7	4332	4790	3467	6650	5520	3970
MLKL_PKc_E5_98.1	MLKL	4328	4202	3209	2305	3993	4073
JAK1_PKc2_E21_125.7	JAK1	4275	4019	2625	3009	2574	3171
STK39_PKc_E6_110.5	STK39	4244	4213	3481	1711	2609	3346
PRKCA_PKc_E12_63	PRKCA	4237	3687	5091	4825	4095	3178
STRADA_PKc_E6_122.3	STRADA	4227	4594	3360	2659	2821	3105
SIK3_PKc_E1_81	SIK3	4208	5976	5009	5992	5856	5779
EPHA5_PKc_E12_186.6	EPHA5	4200	4657	4194	5681	4531	5631
PRKAA2_PKc_E5_88.3	PRKAA2	4198	3685	3511	5915	4782	4278
MAPK7_PKc_E2_88	MAPK7	4189	4608	4318	2939	3563	4324
CDKL3_PKc_E6_140.5	CDKL3	4184	3907	4002	4316	1655	5699
CLK4_PKc_E6_117.3	CLK4	4178	4267	4405	5756	4368	6227
HCK_PKc_E12_132.7	HCK	4175	3343	3380	4018	2171	2421
SPEG_PKc1_E26_27	SPEG	4116	4608	4354	5173	5286	3139
ROR2_PKc_E9_852.135	ROR2	4111	2410	3242	2295	3219	2747
HIPK1_PKc_E6_177.4	HIPK1	4108	3178	3596	2905	3428	4509
EPHA10_PKc_E12_62.1	EPHA10	4082	4964	3849	4868	5614	4311
PIM1_PKc_E3_51.2	PIM1	4034	3405	3723	3299	7430	3766
RPS6KA5_PKc2_E10_126.7	RPS6KA5	4021	5219	3268	1726	4104	3356
LTK_PKc_E12_91.7	LTK	4014	5833	5037	6043	4696	5653
ALK_PKc_E25_93.7	ALK	3994	4374	3669	2111	6099	2804
MARK4_PKc_E4_49	MARK4	3988	5731	3622	5253	5631	4338
NEK3_PKc_E5_84.2	NEK3	3964	3390	3810	5208	4004	4482
PAK1_PKc_E11_118.9	PAK1	3939	5040	4143	1590	2096	3626
NPR1_PKc_E11_105.4	NPR1	3938	3552	3703	2750	2517	2983
DDR2_PKc_E14_60.8	DDR2	3933	4049	3507	1068	3267	3789
DCLK2_PKc_E11_147.9	DCLK2	3902	4171	3128	3131	3386	2880
OXSR1_PKc_E3_109.5	OXSR1	3883	4530	4053	2205	4039	3692
NPR2_PKc_E11_105	NPR2	3862	5134	4241	8826	6958	5729
POMK_PKc_E5_705.7	POMK	3857	3736	3177	2957	2230	2233
PRKACB_PKc_E3_117.2	PRKACB	3845	3988	2991	2418	2630	4198
CAMK2B_PKc_E6_73.6	CAMK2B	3840	3600	4477	3177	3740	4428
TAOK3_PKc_E5_102.2	TAOK3	3830	4112	3834	4321	7510	3670
ACVR1B_PKc_E6_168.13	ACVR1B	3820	3413	3533	2463	1682	3736
SBK1_PKc_E3_203.6	SBK1	3812	4116	3032	4279	4825	3434
PRKD3_PKc_E16_268	PRKD3	3810	3294	4178	5287	3489	3969
MELK_PKc_E7_93.3	MELK	3805	3509	3170	4245	4045	2938
EIF2AK2_PKc_E15_102.3	EIF2AK2	3800	2709	2757	2830	3053	3362
STK4_PKc_E3_129.8	STK4	3799	4686	4308	4306	4328	2995
NEK3_PKc_E7_87.1	NEK3	3785	3647	3165	2509	4207	3983
TRIB1_PKc_E2_293.37	TRIB1	3776	2718	3426	5114	2324	2937
MAPK14_PKc_E6_48	MAPK14	3770	4656	3728	3225	2290	2026
EPHA6_PKc_E10_43	EPHA6	3736	3518	2973	2139	5249	3225
CDK14_PKc_E7_63.2	CDK14	3725	3510	3363	2907	4573	3090
neg03	CONTROL	3722	4728	4167	5126	6520	2933
HCK_PKc_E10_77.2	HCK	3717	3932	2914	2597	2914	2833
CAMK1G_PKc_E3_129.2	CAMK1G	3715	3173	2987	2793	4911	4399
CDKL5_PKc_E2_34	CDKL5	3710	3125	2780	2778	4261	3267
CAMK1D_PKc_E3_75.1	CAMK1D	3708	4750	3159	6829	4769	3648
MAK_PKc_E7_172.11	MAK	3705	3868	3196	2308	4306	3513
MAPKAPK5_PKc_E7_96.2	MAPKAPK5	3699	2918	2446	1297	2778	1876
BRAF_PKc_E14_47.1	BRAF	3687	4944	3591	6520	6316	3689
MLKL_PKc_E6_136.11	MLKL	3662	3478	3003	4837	3651	3281
TAOK3_PKc_E4_72.5	TAOK3	3661	4484	3389	2694	3313	3698
CAMK1G_PKc_E10_82	CAMK1G	3659	4433	3338	4957	4047	3719
MYO3B_PKc_E7_146.16	MYO3B	3652	4120	3303	2910	3772	3404
POMK_PKc_E5_705.3	POMK	3644	5299	2901	3133	4095	4644
CDK13_PKc_E6_190.2	CDK13	3629	3814	3441	1363	476	1095
TTBK2_PKc_E6_105.4	TTBK2	3627	3102	3617	8364	6249	10155
STK17B_PKc_E7_180.1	STK17B	3626	3892	3704	2667	2329	2554
EPHA2_PKc_E11_189.15	EPHA2	3612	4320	3005	3567	4617	2908
MAST2_PKc_E15_209.13	MAST2	3604	4188	3455	1933	1822	2036
JAK1_PKc2_E22_173.3	JAK1	3590	3609	2978	4191	4489	2312
TSSK4_PKc_E1_156.3	TSSK4	3576	2477	2955	3515	2241	3307
STK38_PKc_E8_103.1	STK38	3576	4832	3983	4675	3900	3403
MLKL_PKc_E9_50	MLKL	3575	2626	2224	3912	3992	2295
EPHA2_PKc_E12_62.7	EPHA2	3572	4334	3602	3212	4262	6212
TRIB1_PKc_E3_361.1	TRIB1	3565	3195	2498	2918	3516	3348
MAP3K14_PKc_E12_23	MAP3K14	3559	2136	2588	1223	3262	1703
FGFR2_PKc_E11_122.16	FGFR2	3555	4329	3180	4392	4097	3137
MARK3_PKc_E5_66.2	MARK3	3522	3760	2941	2840	2776	4475
MAP4K5_PKc_E6_56	MAP4K5	3522	4360	4149	6733	3608	2484
CASK_PKc_E3_106	CASK	3512	3320	2868	5521	3065	5037
FLT3_PKc_E19_128.4	FLT3	3505	2858	3612	2641	4573	3749
GSK3B_PKc_E4_111.3	GSK3B	3500	3433	3017	893	1009	2463
SCYL3_PKc_E3_186.3	SCYL3	3499	4151	3626	1763	1640	4092
ERBB3_PKc_E22_76.7	ERBB3	3483	4478	4957	1310	1012	2813
GUCY2F_PKc_E7_69	GUCY2F	3480	4110	3888	4068	5136	2329
MAP3K7_PKc_E4_46.1	MAP3K7	3477	1801	2281	3106	3944	2205
TTBK1_PKc_E6_105.8	TTBK1	3475	4376	3168	2486	3533	3347
CDK9_PKc_E4_167.13	CDK9	3471	3843	3370	1160	565	773
MAPK8_PKc_E5_139.8	MAPK8	3468	3983	3333	1181	2008	3118
MAPK9_PKc_E7_72.1	MAPK9	3467	4458	3385	2763	3128	3107
KIT_PKc_E11_118.5	KIT	3457	4245	3369	5165	4804	3321
MAP3K3_PKc_E13_132.14	MAP3K3	3454	2373	2455	1907	2779	1409
TSSK3_PKc_E1_121	TSSK3	3436	3187	2382	3395	2167	2590
TEC_PKc_E13_161.15	TEC	3433	4710	3257	3960	4564	4215
MAP2K1_PKc_E8_65	MAP2K1	3427	3371	2437	2186	3013	2048
HCK_PKc_E8_76.11	HCK	3427	3976	3235	2258	2433	1704
ICK_PKc_E8_172.2	ICK	3422	4452	2726	4326	3170	2406
RPS6KA5_PKc_E4_116.1	RPS6KA5	3420	4277	3642	1923	1884	4307
GRK4_PKc_E11_90.8	GRK4	3417	2439	3040	3247	3249	2598
KIT_PKc_E16_128	KIT	3410	4194	3358	2939	2632	3782
RPL9_e4.2	RPL9	3409	3810	3012	0	0	63
CLK2_PKc_E10_83.3	CLK2	3409	3930	2962	1550	1276	1138
MAP3K1_PKc_E18_143.13	MAP3K1	3407	3582	3298	3383	2489	2822
STK31_PKc_E20_84	STK31	3399	4480	3107	1675	3039	3053
PDIK1L_PKc_E3_708.64	PDIK1L	3399	2432	3260	2568	2799	2802
PKN1_PKc_E16_177.11	PKN1	3388	3814	3072	3803	2446	2943
NPR1_PKc_E13_157.19	NPR1	3379	2865	2136	1584	2980	1852
DAPK2_PKc_E6_49.1	DAPK2	3376	3763	2799	4141	5787	3711
MAPK6_PKc_E5_200.14	MAPK6	3372	3344	2641	1133	3313	3506
TRIB1_PKc_E3_361.38	TRIB1	3370	3470	2355	1966	3571	2742
RIPK4_PKc_E1_110.1	RIPK4	3369	3133	2621	2110	2922	2145
PLK4_PKc_E2_96.3	PLK4	3362	4568	4157	180	766	649
STK33_PKc_E10_76.4	STK33	3353	3862	3335	4193	3383	4499
NEK8_PKc_E3_233.4	NEK8	3351	3163	2964	2828	4877	3929
TNK1_PKc_E7_271.2	TNK1	3344	4189	2463	3554	4293	2571
MAP4K5_PKc_E4_91.1	MAP4K5	3343	3775	3998	3487	3908	4421
MASTL_PKc1_E3_140.4	MASTL	3341	4094	2894	555	348	598
IRAK4_PKc_E6_144	IRAK4	3331	4832	2789	2991	3186	3567
EEF2K_PKc_E4_48	EEF2K	3331	3800	3290	2308	2823	1913
CDK4_PKc_E4_168.12	CDK4	3330	5286	3489	2283	2025	3527
TRPM7_PKc_E37_52.1	TRPM7	3324	3090	2707	4176	3600	3764
TSSK4_PKc_E3_394.12	TSSK4	3321	2412	1797	1261	2264	1636
IRAK4_PKc_E7_65	IRAK4	3320	1808	2706	2698	3422	3692
CDK16_PKc_E6_115.13	CDK16	3315	2619	2265	676	3540	2152
WNK4_PKc_E4_158.14	WNK4	3307	3202	2643	1379	1391	2429
ROCK2_PKc_E5_261.9	ROCK2	3300	2981	3133	2616	2611	2094
ERBB2_PKc_E19_99.8	ERBB2	3294	3062	2998	5287	3847	5456
EPHA4_PKc_E16_150.16	EPHA4	3293	3831	3110	1605	4631	2052
BUB1_PKc_E22_158.8	BUB1	3289	3027	3021	2886	2857	2972
MAP3K5_PKc_E20_135.2	MAP3K5	3287	5157	3306	2768	3324	3718
OBSCN_PKc2_E102_224.21	OBSCN	3286	2331	2333	3434	2054	3594
RPS6KA5_PKc2_E11_134.2	RPS6KA5	3282	2850	2798	2649	1860	2616
PRKACB_PKc_E8_123	PRKACB	3280	4466	3170	2710	3612	3480
RIPK1_PKc_E4_229.14	RIPK1	3279	2549	2907	1425	1596	2589
SLK_PKc_E4_150.6	SLK	3275	2174	2416	1832	2928	2013
IKBKB_PKc_E4_118.23	IKBKB	3274	2826	2971	1841	7142	4433
CDK14_PKc_E6_95.1	CDK14	3274	3686	3439	1986	2067	3514
FER_PKc_E18_155.1	FER	3273	4713	3627	3399	3019	2542
IRAK3_PKc_E6_65	IRAK3	3267	4571	4040	4458	2665	3409
CLK1_PKc_E8_95	CLK1	3263	2906	3129	2633	3810	3332
RPS6KA5_PKc_E3_219.7	RPS6KA5	3259	3976	3652	3242	6022	5251
SGK3_PKc_E11_113.3	SGK3	3256	2003	2739	2545	3375	2952
CDKL5_PKc_E6_121.2	CDKL5	3245	2912	2803	1959	3515	2944
ACVR2A_PKc_E9_139.9	ACVR2A	3245	3051	2695	1326	2380	2548
PAK3_PKc_E10_49	PAK3	3240	3404	3283	3345	3966	3847
MAP4K3_PKc_E4_65.4	MAP4K3	3240	2532	2130	3911	2237	3903
FYN_PKc_E11_77.4	FYN	3238	4630	3053	2811	4244	3644
PDK2_PKc_E5_62.1	PDK2	3233	3010	2560	2182	3585	4694
MAPKAPK2_PKc_E6_76.6	MAPKAPK2	3233	2276	2680	2828	4598	2059
CDK15_PKc_E8_121	CDK15	3229	2147	2056	1703	1816	1720
LMTK3_PKc_E5_42.1	LMTK3	3228	3554	2741	2779	4233	1709
MAPK1_PKc_E5_115	MAPK1	3227	2711	3463	2561	2301	1734
ULK2_PKc_E7_74.2	ULK2	3223	5216	3613	2205	2016	3792
SGK2_PKc_E8_87	SGK2	3223	3127	3111	1654	3120	4698
RAF1_PKc_E10_103.1	RAF1	3221	4148	3904	2804	4095	4430
PSKH2_PKc_E3_108	PSKH2	3217	4521	4077	3606	4758	5115
AURKA_PKc_E7_188.1	AURKA	3212	2264	2710	572	0	281
GCK_PKc_E4_120.4	GCK	3209	4291	4021	4235	5784	3973
CAMKK2_PKc_E4_54	CAMKK2	3205	4489	3437	2735	4156	4932
TNNI3K_PKc_E17_105.2	TNNI3K	3204	3406	2979	3958	2665	5685
MAP3K3_PKc_E17_211.2	MAP3K3	3204	2880	2402	2755	2519	1930
TSSK4_PKc_E1_156.11	TSSK4	3203	4084	3144	3993	2839	3201
MAPK9_PKc_E3_130.3	MAPK9	3203	2673	2446	2054	1322	2060
PRKCD_PKc_E16_139.5	PRKCD	3202	4090	3185	4804	3957	4723
NEK3_PKc_E3_94.5	NEK3	3201	3374	2677	2786	3635	2575
STK32A_PKc_E4_152.7	STK32A	3194	3445	2456	1490	4258	2912
PAK4_PKc_E7_127.12	PAK4	3187	2421	1932	1674	1621	1270
TSSK2_PKc_E1_789.12	TSSK2	3159	3087	2543	2624	2509	3697
TRIO_PKc_E54_50	TRIO	3153	3707	3104	4067	2603	3916
MINK1_PKc_E4_126.7	MINK1	3150	3639	3014	5674	3955	4068
ATM_PKc_E61_64.1	ATM	3149	2809	2895	1902	1609	1392
LTK_PKc_E15_98.15	LTK	3143	2551	2643	3905	5401	2645
MAPKAPK3_PKc_E7_80.1	MAPKAPK3	3142	3688	3117	3462	3480	5870
MAPK8_PKc_E3_130.3	MAPK8	3141	1971	2654	2130	3510	1687
MAP2K2_PKc_E3_147.4	MAP2K2	3141	3542	2631	544	864	120
CSNK1G1_PKc_E3_41	CSNK1G1	3140	2204	3018	2653	2565	3496
PDIK1L_PKc_E2_267.24	PDIK1L	3137	3945	2994	2226	3134	5107
PAK1_PKc_E10_113.1	PAK1	3137	3803	3441	4383	3048	3804
ADCK5_PKc_E10_82.1	ADCK5	3132	3532	3117	3579	2198	4365
RAF1_PKc_E13_47	RAF1	3125	3790	2588	4020	3209	3386
EIF2AK4_PKc2_E14_84.1	EIF2AK4	3125	2927	2398	1934	5007	2225
TBCK_PKc_E5_74.2	TBCK	3124	3463	2532	976	1783	1565
ALK_PKc_E24_98.8	ALK	3121	4028	2603	3293	3584	2711
PNCK_PKc_E7_76.11	PNCK	3117	4719	2647	2465	2771	2725
CIT_PKc_E6_143.9	CIT	3116	3413	2271	2847	2460	1336
ZAK_PKc_E8_87.3	ZAK	3114	1994	2100	2045	2469	2356
EPHB3_PKc_E13_150.1	EPHB3	3110	3839	3207	3837	2181	3740
SRPK3_PKc_E7_166.5	SRPK3	3106	1765	2461	3146	3111	1244
STK38_PKc_E7_155.1	STK38	3103	4071	3801	2723	3767	5999
NEK1_PKc_E4_97.3	NEK1	3103	3112	3521	3328	2917	2382
MAP4K5_PKc_E7_48	MAP4K5	3103	2956	2672	2991	2853	2937
EGFR_PKc_E21_156	EGFR	3102	2861	2276	167	2947	480
NTRK3_PKc_E17_244.33	NTRK3	3100	2326	2506	2673	1830	2816
MAST2_PKc_E19_102.15	MAST2	3095	2959	2015	1039	3079	1932
MAPK13_PKc_E4_109.9	MAPK13	3095	4882	3433	3814	4658	4021
LYN_PKc_E8_76.13	LYN	3094	2400	3289	3220	3379	2977
PIM1_PKc_E6_86.6	PIM1	3093	3037	2285	2660	2591	2565
PAK2_PKc_E12_100	PAK2	3093	2853	3386	3260	2649	5822
FER_PKc_E14_27	FER	3092	2087	2554	2045	3109	2886
ROR1_PKc_E9_849.67	ROR1	3091	2277	2787	1519	1526	1184
SNRK_PKc_E4_142	SNRK	3084	3106	2565	4908	5586	3474
KALRN_PKc_E57_26	KALRN	3081	2811	2580	3234	2959	3190
TRPM6_PKc_E38_88.1	TRPM6	3075	3787	3046	2650	3674	2771
CAMK2G_PKc_E6_73.1	CAMK2G	3075	2506	2349	2972	1177	3069
HIPK3_PKc_E2_512.3	HIPK3	3067	3624	3361	1709	2198	1121
PRKCE_PKc_E12_139.1	PRKCE	3064	3523	3502	3450	3082	4740
DYRK3_PKc_E3_1140.22	DYRK3	3061	1837	2123	4199	1947	2300
CAMKK2_PKc_E7_37.3	CAMKK2	3055	3241	2771	4253	3081	2016
PLK2_PKc_E6_96.4	PLK2	3052	2680	2425	1419	1807	2410
CSF1R_PKc_E17_98.1	CSF1R	3051	3694	2759	2753	2883	2309
MELK_PKc_E6_69	MELK	3045	2886	1973	4332	3216	2506
MAPK7_PKc_E2_88.7	MAPK7	3045	3297	3021	2196	2202	2026
MAST3_PKc_E15_133.2	MAST3	3034	3379	2265	3345	3432	1611
CDK18_PKc_E10_121.12	CDK18	3032	4128	2904	2090	3639	2747
RIOK1_PKc_E8_81.1	RIOK1	3031	3749	1985	0	211	0
EPHB1_PKc_E11_248.3	EPHB1	3026	2873	2604	5981	2743	3502
EPHB2_PKc_E10_43.2	EPHB2	3013	3872	2863	5087	3838	3461
PAK1_PKc_E13_197.8	PAK1	3012	3211	3059	3649	3357	5153
RPS6KA5_PKc2_E13_171.6	RPS6KA5	3011	4128	2456	1216	2696	2667
PRKG1_PKc_E11_140	PRKG1	3009	3709	3393	3655	2082	3485
LRRK2_PKc_E40_191.4	LRRK2	3008	2804	3683	1823	4174	1964
RIPK1_PKc_E1_101.1	RIPK1	3005	3555	3023	2900	3788	2957
MOS_PKc_E1_849.127	MOS	3003	3824	2889	2366	3843	3469
CIT_PKc_E8_204	CIT	3003	3379	2047	2304	1309	2301
NEK5_PKc_E8_87	NEK5	3001	3317	3569	3279	3887	4106
MAP3K13_PKc_E6_159.2	MAP3K13	2995	2281	1708	884	1386	1304
neg27	CONTROL	2990	3770	2644	3794	2783	3533
EPHA8_PKc_E13_210.35	EPHA8	2987	3870	3251	3813	2570	2512
TRPM7_PKc_E35_83	TRPM7	2983	2924	2356	920	501	1281
RIPK4_PKc_E6_38	RIPK4	2976	3382	2121	1705	3291	2744
BMPR1B_PKc_E7_187.4	BMPR1B	2975	3752	2879	986	2385	2306
MUSK_PKc_E13_74.3	MUSK	2972	2317	2545	1160	2506	2703
STK11_PKc_E1_146.16	STK11	2971	1922	2319	1026	1560	1233
MYLK4_PKc_E5_94.2	MYLK4	2963	4104	3387	4234	2935	4590
ZAK_PKc_E3_88.1	ZAK	2958	4313	2865	2951	3055	4445
VRK2_PKc_E7_93.1	VRK2	2957	3641	3330	3089	3017	2274
TAOK2_PKc_E5_46	TAOK2	2956	3202	2513	3029	1879	2315
MYLK2_PKc_E9_71.2	MYLK2	2954	4290	2851	1465	1609	2871
GCK_PKc_E2_163.12	GCK	2949	1660	2345	1269	2308	2551
CDC7_PKc_E3_34	CDC7	2943	2924	3161	523	0	433
CDKL4_PKc_E1_165.9	CDKL4	2939	3223	2501	2644	2273	3349
RPS6KL1_PKc_E7_606.2	RPS6KL1	2938	2363	3433	3217	2771	3548
ACVR2A_PKc_E8_115.6	ACVR2A	2936	2498	2874	3200	1634	1417
PCNA_e3.2	PCNA	2935	3375	2782	71	0	129
CDK9_PKc_E7_192.9	CDK9	2931	2677	2546	1642	3235	4209
FGFR2_PKc_E12_111.5	FGFR2	2930	2311	2210	2655	1079	2236
ADCK4_PKc_E9_82.4	ADCK4	2930	3313	3422	2457	2058	2713
ABL1_PKc_E7_185.15	ABL1	2929	4264	2939	2705	3527	4705
MUSK_PKc_E14_149.4	MUSK	2926	2500	2462	689	2882	2728
SIK2_PKc_E1_81.1	SIK2	2925	3378	3695	2056	2934	3992
CHUK_PKc_E6_90.5	CHUK	2925	3122	2707	2461	3175	2951
EPHB6_PKc_E11_43.3	EPHB6	2923	3929	3470	7303	3656	3021
MAP2K7_PKc_E9_81.3	MAP2K7	2922	2748	2809	2124	1774	2037
LTK_PKc_E16_93.11	LTK	2918	4461	3411	5138	5468	3267
STK10_PKc_E2_165.13	STK10	2917	2209	1848	1473	2582	1773
ZAP70_PKc_E9_86.5	ZAP70	2916	2310	2193	2013	923	2651
IRAK1_PKc_E8_119.2	IRAK1	2916	2578	3480	6797	2885	5680
RIPK2_PKc_E2_154.5	RIPK2	2912	3433	2078	1705	1826	2515
MAP2K6_PKc_E5_120.1	MAP2K6	2912	3517	2660	3663	2734	4063
RPS6KB1_PKc_E3_42.1	RPS6KB1	2909	1995	3289	1219	1687	977
EPHA6_PKc_E11_186.1	EPHA6	2909	3102	3696	3241	3078	3735
CDK4_PKc_E5_110.4	CDK4	2909	3944	2812	4713	3060	1917
EIF2AK1_PKc_E8_61.1	EIF2AK1	2902	3306	2330	3683	4236	3576
MERTK_PKc_E15_119.9	MERTK	2897	2733	2139	1400	3160	2018
CSNK1E_PKc_E2_55.4	CSNK1E	2897	3716	2395	1058	2574	2263
TGFBR2_PKc_E8_102.12	TGFBR2	2896	2353	2978	6768	1713	3987
CDKL5_PKc_E3_35	CDKL5	2896	4356	3217	3081	2619	3786
ULK2_PKc_E6_174.7	ULK2	2894	2804	2765	1338	1252	3169
LCK_PKc_E10_77.5	LCK	2889	3766	3033	2417	1924	4321
SGK494_PKc_E6_105.2	SGK494	2888	2683	3254	3259	2424	4499
UHMK1_PKc_E3_192.2	UHMK1	2887	2200	2161	1833	2714	1300
JAK3_PKc2_E18_140.11	JAK3	2883	2253	2101	3591	1472	2038
LIMK1_PKc_E11_60.2	LIMK1	2880	2793	2662	2327	2541	3202
CDK20_PKc_E2_114.2	CDK20	2880	3507	2962	3131	3690	2737
TXK_PKc_E12_65	TXK	2874	2881	1780	2817	2929	1907
JAK2_PKc_E15_128.4	JAK2	2874	2674	2370	4884	3425	2240
FGR_PKc_E10_77.7	FGR	2871	4176	2813	4113	4661	4288
TEX14_PKc_E9_124.2	TEX14	2864	2519	2327	1441	3446	2003
GUCY2D_PKc_E7_63.1	GUCY2D	2864	3222	3254	5398	2408	3891
MARK2_PKc_E2_81.9	MARK2	2860	3607	2923	2601	5004	2013
MAPKAPK3_PKc_E8_124.1	MAPKAPK3	2857	2249	2799	3002	2805	2642
PDPK1_PKc_E2_48.1	PDPK1	2856	2758	3074	1199	3073	3197
MYLK4_PKc_E8_71.4	MYLK4	2855	2193	1716	1939	2137	2687
STK35_PKc_E3_695.12	STK35	2853	4610	2949	6886	4437	3430
NTRK2_PKc_E17_123.4	NTRK2	2853	2042	2946	3561	3378	2540
MELK_PKc_E3_86	MELK	2852	3723	3395	2263	4195	2446
PHKG1_PKc_E3_179.3	PHKG1	2845	3627	3412	3945	1737	2949
TSSK4_PKc_E4_75.6	TSSK4	2844	2729	2069	3347	2562	2366
SRPK3_PKc_E9_133.19	SRPK3	2842	2282	2721	4142	6543	1949
FGFR2_PKc_E10_74.6	FGFR2	2840	2538	2505	3135	2092	2273
MKNK2_PKc_E9_56.2	MKNK2	2838	1762	1821	4283	2875	1423
CDKL5_PKc_E7_60	CDKL5	2837	2625	3021	2466	4484	3357
CDK20_PKc_E5_63.6	CDK20	2834	2081	1822	4314	2304	1841
SCYL2_PKc_E3_158.2	SCYL2	2830	2930	2409	1556	3365	1608
DDR1_PKc_E16_150.1	DDR1	2829	3075	2290	1678	998	3025
SBK1_PKc_E4_522.11	SBK1	2826	1590	1667	1265	2456	2073
CDC42BPG_PKc_E3_84.3	CDC42BPG	2826	2661	2534	2041	1845	1861
PINK1_PKc_E3_101.11	PINK1	2824	3450	3480	2864	2073	2714
CSF1R_PKc_E15_163.13	CSF1R	2824	5546	3300	3619	2067	2409
MAPKAPK2_PKc_E5_127.3	MAPKAPK2	2822	3290	2385	2662	4396	2492
EPHB4_PKc_E11_43.2	EPHB4	2821	2872	2618	3467	2744	2046
PLK1_PKc_E3_145.19	PLK1	2815	3393	2923	623	1503	688
AKT2_PKc_E8_69.8	AKT2	2814	3767	3511	6070	3290	1770
KDR_PKc_E18_105.7	KDR	2812	1986	1615	4357	1215	2585
neg04	CONTROL	2811	1980	2088	2573	4751	2046
neg40	CONTROL	2810	3154	2324	4086	3219	3748
SMG1_PKc_E42_249.7	SMG1	2809	4073	2869	440	673	135
TTN_PKc_E358_736.3	TTN	2805	3283	2781	2182	2484	3255
RIPK1_PKc_E3_138.6	RIPK1	2805	2396	1907	1159	2389	1483
PDGFRA_PKc_E14_111.9	PDGFRA	2803	3032	2443	2000	3427	4964
ACVR1B_PKc_E7_157.5	ACVR1B	2795	2916	2852	1351	1240	1991
DDR2_PKc_E16_192.4	DDR2	2792	2978	2142	2754	1652	1645
CAMK2G_PKc_E4_55.3	CAMK2G	2791	2920	2156	1348	3214	2707
MARK1_PKc_E2_81.6	MARK1	2789	2616	3337	1458	2462	4847
ROCK1_PKc_E1_90.5	ROCK1	2778	2736	3050	4049	2648	2061
MYLK2_PKc_E10_129.17	MYLK2	2777	3483	2895	1958	2121	2516
GCK_PKc_E7_184.12	GCK	2771	2513	2323	2263	2849	1917
VRK2_PKc_E10_59.1	VRK2	2769	2962	2191	2258	2447	2966
RIPK1_PKc_E1_101.8	RIPK1	2768	1754	2077	3070	2987	3205
CDK3_PKc_E2_116.4	CDK3	2768	2127	2138	1386	872	1158
GCK_PKc_E3_155.17	GCK	2765	2992	3046	3311	4375	3649
CAMKK1_PKc_E9_89.4	CAMKK1	2764	2757	2212	3063	1763	3689
PKN1_PKc_E18_77.6	PKN1	2763	3230	2781	2610	1803	3168
NEK5_PKc_E5_98	NEK5	2758	2780	1407	1474	1960	1126
AK3_PKc_E2_120.3	AK3	2758	2536	1891	1959	1822	1617
PRKCI_PKc_E9_177.5	PRKCI	2756	2647	2483	2570	3398	1718
KIAA1804_PKc_E4_68.2	KIAA1804	2755	3493	2410	1938	3883	3520
RPL9_e3.2	RPL9	2753	3210	2914	422	1524	1111
TTK_PKc_E19_177.8	TTK	2751	2240	2488	454	357	426
DYRK4_PKc_E6_141.7	DYRK4	2751	3597	3202	2891	2497	2503
TYK2_PKc_E16_136.3	TYK2	2750	3109	2743	3487	2783	1309
CAMK2A_PKc_E4_55.3	CAMK2A	2746	2599	2928	3356	3036	4399
RPS6KA3_PKc_E3_42.4	RPS6KA3	2744	3734	2906	5761	4300	3895
PRKCE_PKc_E9_42.1	PRKCE	2744	2877	2339	3286	3074	2002
CDC42BPA_PKc_E6_94.3	CDC42BPA	2744	3252	2405	2709	3508	3111
MAPK6_PKc_E5_200.9	MAPK6	2743	3114	3127	2873	3885	2504
ABL1_PKc_E5_85	ABL1	2742	2375	1922	1886	1944	1100
TESK2_PKc_E6_83.2	TESK2	2739	3000	2591	1980	2460	3835
PLK1_PKc_E4_94.3	PLK1	2739	2540	2759	798	1883	1886
neg45	CONTROL	2737	2250	1983	1740	2233	1790
ERBB4_PKc_E21_156.2	ERBB4	2735	3332	2483	2169	2798	2019
MAP4K1_PKc_E1_54.5	MAP4K1	2731	1700	1945	1827	3557	2428
KSR1_PKc_E21_111.4	KSR1	2731	3103	4134	1543	2017	3607
RIOK3_PKc_E7_128.4	RIOK3	2725	1845	2160	1834	2342	1101
CIT_PKc_E7_94	CIT	2724	2381	2502	1060	1024	2017
MKNK1_PKc_E6_74.1	MKNK1	2722	3529	2720	2569	2499	3538
SIK2_PKc_E3_64.2	SIK2	2721	2630	2671	3048	2999	2415
JAK1_PKc_E15_128.13	JAK1	2719	2794	2172	2759	2864	2464
EIF2AK1_PKc_E9_328.3	EIF2AK1	2716	2964	2364	3260	2725	2457
NEK3_PKc_E7_87.6	NEK3	2707	2005	2047	1563	2551	1757
CLK1_PKc_E9_130.1	CLK1	2707	2456	2315	3099	1436	3720
IRAK1_PKc_E6_65.2	IRAK1	2706	2594	1996	1997	2056	1510
CDK20_PKc_E4_122.2	CDK20	2705	3060	2621	1726	2394	2426
ULK3_PKc_E1_63.4	ULK3	2703	2940	2679	3102	2799	1854
PSKH2_PKc_E3_108.12	PSKH2	2701	3333	2993	4521	4055	1559
PRKAA1_PKc_E1_58.5	PRKAA1	2700	2624	2410	1457	642	2345
RPS6KB2_PKc_E3_42	RPS6KB2	2699	2749	2006	3281	1446	2749
SMG1_PKc_E41_230.18	SMG1	2695	2606	2385	158	500	1102
MAP2K7_PKc_E5_114.12	MAP2K7	2691	2974	2925	2065	765	1483
LRRK2_PKc_E41_161.2	LRRK2	2691	4280	2289	2776	3660	2567
ROS1_PKc_E39_98	ROS1	2687	1831	2206	1449	2096	2192
MAP2K1_PKc_E7_202.7	MAP2K1	2685	3394	2355	2116	2285	2002
NTRK1_PKc_E13_123.9	NTRK1	2682	2396	2481	1312	2127	1705
PAK7_PKc_E9_126.4	PAK7	2681	2720	2195	1640	3829	1983
STK38_PKc_E6_124.9	STK38	2675	2667	2588	1034	3701	3093
CLK3_PKc_E4_43.1	CLK3	2672	3516	3001	1352	4071	4162
MAP4K1_PKc_E4_65.2	MAP4K1	2665	3064	1956	1530	1782	2673
TYK2_PKc2_E21_119.1	TYK2	2663	2668	2676	3137	1933	4494
OXSR1_PKc_E7_102.3	OXSR1	2658	2732	2688	2291	2195	1944
NRK_PKc_E8_131.1	NRK	2658	3137	1973	2680	1999	1129
GSK3B_PKc_E7_98.9	GSK3B	2656	3775	3034	733	749	1582
MAK_PKc_E2_92.4	MAK	2655	2281	1923	2101	2202	1855
CDK11A_PKc_E13_122.13	CDK11A	2655	2920	2427	1745	3596	2301
SRC_PKc_E13_132.14	SRC	2653	2749	1767	3746	1289	2055
KALRN_PKc_E58_201	KALRN	2651	1921	2570	2200	2146	2411
NEK4_PKc_E5_117.1	NEK4	2650	3866	2300	3199	5421	2317
neg19	CONTROL	2650	1622	2533	3735	1993	2843
MARK1_PKc_E6_71.2	MARK1	2649	2407	2014	692	1982	1143
MAP4K4_PKc_E1_36	MAP4K4	2649	3027	2768	3800	3053	6221
EPHB3_PKc_E11_248.16	EPHB3	2649	2066	1842	2281	2490	1644
TSSK6_PKc_E1_771.44	TSSK6	2647	3229	2561	2506	2403	3054
MAPK3_PKc_E5_115	MAPK3	2647	2139	1413	1819	2276	2367
MAP4K3_PKc_E5_56	MAP4K3	2645	2231	2514	1842	2639	2952
PRKDC_PKc_E79_221.1	PRKDC	2643	3634	2386	1007	323	436
JAK2_PKc_E17_152.15	JAK2	2642	2490	2186	1595	1836	2963
NRBP1_PKc_E2_33.1	NRBP1	2639	3682	2369	0	598	565
MAPK1_PKc_E2_183.3	MAPK1	2638	2878	2439	1676	1544	1793
MAP3K1_PKc_E15_96.4	MAP3K1	2638	4339	2610	2509	4533	2035
PAK7_PKc_E7_134.9	PAK7	2635	2466	2602	3237	2013	3015
PRKY_PKc_E2_169.9	PRKY	2633	2556	2494	3658	4021	2501
RPS6KB1_PKc_E8_91.1	RPS6KB1	2632	2976	2751	1182	462	817
FES_PKc_E13_27	FES	2630	2578	2785	3424	1971	1908
CLK4_PKc_E7_167.8	CLK4	2630	3022	2490	4880	2883	1457
ZAP70_PKc_E12_141.17	ZAP70	2628	2806	2222	2311	1078	2818
PRPF4B_PKc_E9_119.4	PRPF4B	2627	4014	3246	1900	918	1098
ICK_PKc_E7_133.9	ICK	2626	3304	2433	2037	4049	1604
CDK12_PKc_E4_94.7	CDK12	2626	3144	2138	305	665	761
PRKY_PKc_E2_169.3	PRKY	2625	3133	2780	4647	4197	5208
SCYL2_PKc_E2_84	SCYL2	2624	2367	2120	1360	3486	1523
MAP2K3_PKc_E8_128.12	MAP2K3	2622	3479	2899	2241	1973	3438
OBSCN_PKc2_E101_240.9	OBSCN	2620	2242	1865	1494	2617	1809
PHKG1_PKc_E5_96.16	PHKG1	2615	3937	2595	2282	3468	2302
DYRK1A_PKc_E9_213.21	DYRK1A	2615	2098	1767	1438	928	1104
MAP3K5_PKc_E16_128.5	MAP3K5	2614	4915	2309	1940	2680	1538
CDK6_PKc_E7_136.3	CDK6	2614	2834	1786	2681	2605	3466
PRKCD_PKc_E17_189.1	PRKCD	2611	2263	1860	2767	2150	2315
CASK_PKc_E5_73	CASK	2610	1681	2606	3210	3525	4101
STK33_PKc_E8_89	STK33	2609	4256	3329	4262	3379	3914
KSR2_PKc_E16_134.1	KSR2	2609	3500	2810	1903	2285	2400
DCLK1_PKc_E10_120.4	DCLK1	2609	3555	2598	596	1471	2438
PAK4_PKc_E6_134.18	PAK4	2608	2409	2339	2842	445	2662
MOK_PKc_E2_113.1	MOK	2608	2465	2128	3137	3509	2300
INSRR_PKc_E20_130.3	INSRR	2608	3596	2685	1242	1211	1603
FLT3_PKc_E18_83.1	FLT3	2606	2535	2355	2259	1999	3204
STK25_PKc_E7_186.24	STK25	2604	4130	3766	3588	3197	3553
LIMK2_PKc_E8_87.3	LIMK2	2603	2932	2864	3432	1693	4411
PASK_PKc_E16_134.9	PASK	2602	3205	2567	2293	3124	4158
IRAK4_PKc_E9_110	IRAK4	2601	3095	2475	1914	3633	2477
ROR1_PKc_E9_849.29	ROR1	2595	1967	1888	1850	3076	3667
SBK3_PKc_E3_203.12	SBK3	2593	3292	2691	1126	3829	3247
CAMK1_PKc_E6_127.1	CAMK1	2593	4095	2340	5354	2223	2567
IKBKB_PKc_E7_90.7	IKBKB	2592	2839	2389	2888	2456	3306
TBCK_PKc_E7_61.1	TBCK	2590	3258	2215	4386	1745	2001
CDKL3_PKc_E4_179.6	CDKL3	2589	2232	1618	715	2879	1334
RPS6KA3_PKc_E4_82.4	RPS6KA3	2588	2471	1659	1650	2225	1559
PKN3_PKc_E19_143.19	PKN3	2587	4197	3256	3143	1590	3503
STK3_PKc_E7_165.7	STK3	2585	2884	1964	3504	2558	976
PRKCZ_PKc_E10_98.3	PRKCZ	2579	3142	2682	2860	3384	1607
PKN2_PKc_E16_177.5	PKN2	2578	1730	2105	169	280	292
neg30	CONTROL	2578	3693	2681	5003	2902	2957
FRK_PKc_E8_176.6	FRK	2578	2976	2933	2287	1269	4410
CDK3_PKc_E4_121	CDK3	2577	2665	2102	908	2760	1428
MAP3K5_PKc_E19_158.19	MAP3K5	2576	3895	2634	2900	2533	2650
LMTK3_PKc_E7_88.3	LMTK3	2576	2292	2282	1712	1764	2023
MAST1_PKc_E13_139.1	MAST1	2575	1951	2298	2293	1348	2536
RPS6KB1_PKc_E9_91.7	RPS6KB1	2574	2107	2788	1226	518	1050
TNIK_PKc_E3_57.2	TNIK	2568	3153	2960	784	3411	1729
CDC7_PKc_E4_136.1	CDC7	2568	3199	2581	556	196	716
CDKL3_PKc_E2_162.7	CDKL3	2565	2764	2554	6403	3326	2176
NTRK2_PKc_E21_174.13	NTRK2	2564	1835	2734	1539	2292	3076
PRPF4B_PKc_E10_138.1	PRPF4B	2562	2540	2343	0	240	353
MAPK12_PKc_E4_112.3	MAPK12	2561	2890	2132	2698	1997	3373
EIF2AK4_PKc2_E16_105.6	EIF2AK4	2561	2700	2427	1200	2705	5314
MAP2K4_PKc_E8_78	MAP2K4	2560	2505	2345	2781	2875	2503
CDK10_PKc_E4_103.11	CDK10	2560	2480	2475	2138	1584	1536
PIM3_PKc_E4_370.28	PIM3	2559	2840	2192	1611	2736	1621
STK38_PKc_E4_48.2	STK38	2558	3584	3272	2979	4156	3324
CDK2_PKc_E5_102.12	CDK2	2558	3118	2311	215	123	271
PRKAA1_PKc_E5_145.2	PRKAA1	2556	4347	3409	4336	3786	2562
PRKCB_PKc_E9_45.1	PRKCB	2553	3313	3014	2402	4272	3321
ILK_PKc_E12_131.6	ILK	2553	1928	1907	1131	717	420
PAK1_PKc_E9_49	PAK1	2550	2311	2846	2594	1940	3116
NPR2_PKc_E14_156.4	NPR2	2550	1758	2379	1531	2233	2509
CDC42BPG_PKc_E4_96.3	CDC42BPG	2550	3459	2231	2094	2103	1522
EIF2AK4_PKc_E8_123.3	EIF2AK4	2548	2498	2505	2886	2210	2227
SRPK3_PKc_E3_98.1	SRPK3	2547	3705	2692	3231	1869	4230
NEK8_PKc_E1_41.4	NEK8	2546	3582	2919	1556	2051	2892
HIPK2_PKc_E6_177.13	HIPK2	2542	2957	1683	2620	2875	1533
PRKCA_PKc_E13_139.7	PRKCA	2540	3275	2171	3770	4520	2238
RPS6KA1_PKc_E6_80.9	RPS6KA1	2539	1297	1746	1503	1574	1172
MAPK7_PKc_E4_754.43	MAPK7	2538	2887	2177	3814	4207	2588
CAMK4_PKc_E6_91.4	CAMK4	2537	2756	2696	2217	2728	2261
SGK3_PKc_E10_132.1	SGK3	2534	2397	2132	3224	3235	2850
SCYL3_PKc_E4_114.1	SCYL3	2531	2268	2732	2766	2781	2397
TESK2_PKc_E8_84.3	TESK2	2530	2259	1993	1564	2645	1615
PLK4_PKc_E3_96.6	PLK4	2529	2674	2450	1790	3036	4724
KSR2_PKc_E19_90.3	KSR2	2527	1784	2389	2321	2213	4445
JAK3_PKc2_E23_111.18	JAK3	2527	2238	1981	3240	2798	3647
EPHA5_PKc_E15_150.7	EPHA5	2527	2760	3035	1651	3121	2323
CAMKK2_PKc_E3_36	CAMKK2	2527	4373	3128	2451	1620	2020
ADRBK2_PKc_E11_131.8	ADRBK2	2520	2551	1200	1640	1922	2322
RYK_PKc_E9_87.1	RYK	2514	1981	2514	1575	3548	3704
CSNK1A1_PKc_E2_107.7	CSNK1A1	2508	2243	2383	1173	318	565
TYK2_PKc_E13_186.34	TYK2	2506	1810	1850	3167	2573	1865
AK2_PKc_E6_159	AK2	2506	2036	2314	1676	2345	1817
RPS6KA1_PKc_E5_81	RPS6KA1	2504	3585	2424	1578	2129	4209
NEK11_PKc_E7_127.7	NEK11	2503	2494	1195	1115	807	2277
PRKACA_PKc_E7_96.1	PRKACA	2502	1789	1824	1412	3305	1348
OXSR1_PKc_E2_113.8	OXSR1	2501	3430	2728	3057	1956	3699
EGFR_PKc_E18_75.5	EGFR	2501	1294	1741	0	377	55
CDK4_PKc_E2_206.14	CDK4	2501	3032	2730	2139	1555	2137
TGFBR2_PKc_E7_128.5	TGFBR2	2500	3268	2870	2404	2625	3879
TRPM6_PKc_E35_83.1	TRPM6	2499	2344	2741	1960	1236	3491
STK17B_PKc_E4_145.4	STK17B	2499	2094	2448	3171	3073	2712
MAP4K4_PKc_E6_91.2	MAP4K4	2497	3954	2462	2330	1887	2855
EPHB1_PKc_E14_150.11	EPHB1	2497	2531	2706	1300	2791	1748
PSKH1_PKc_E2_672.3	PSKH1	2495	1711	2125	1992	1726	2713
NRK_PKc_E2_66.2	NRK	2494	1955	2650	2907	2687	2567
PDK2_PKc_E1_34.4	PDK2	2493	2114	2510	1273	4040	1477
PAK3_PKc_E12_118.1	PAK3	2493	2354	2406	4290	3775	2005
RPS6KA5_PKc2_E12_94.4	RPS6KA5	2491	2540	1767	967	1997	1964
CDK11A_PKc_E18_149.14	CDK11A	2490	2391	1848	2668	3261	3042
TXK_PKc_E13_119.8	TXK	2489	4113	3508	2547	2600	3812
TBCK_PKc_E4_115.7	TBCK	2489	2257	2373	1756	2413	2728
PNCK_PKc_E6_124.8	PNCK	2489	3688	3203	2058	2350	4006
CAMK1D_PKc_E2_132.3	CAMK1D	2489	3884	2131	3957	3431	1605
MYO3B_PKc_E5_100.7	MYO3B	2488	3299	3278	2656	3611	5244
PRKCB_PKc_E7_135.4	PRKCB	2486	2619	1866	967	1491	570
MUSK_PKc_E15_647.2	MUSK	2486	3084	2642	2455	2983	2310
CDK9_PKc_E6_149.13	CDK9	2485	2293	1842	420	46	641
RPS6KA3_PKc2_E16_90.2	RPS6KA3	2484	1734	1320	1903	1589	1849
STK32B_PKc_E8_117.15	STK32B	2481	3038	1750	1708	3382	2302
EPHB1_PKc_E10_43.1	EPHB1	2480	3179	3077	2723	3014	2379
NLK_PKc_E7_102.5	NLK	2479	3449	2054	2006	1509	2226
AKT1_PKc_E9_126.3	AKT1	2479	2457	1924	941	2382	876
RPS6KA4_PKc2_E10_129.2	RPS6KA4	2478	3170	2205	3226	5066	2348
AKT3_PKc_E7_69.7	AKT3	2478	3189	2259	3288	2861	4207
PTK7_PKc_E18_152.4	PTK7	2475	1721	2301	2767	425	2523
PLK3_PKc_E4_130.12	PLK3	2475	1965	2495	1164	1834	2644
ROR2_PKc_E9_852.88	ROR2	2474	2900	2151	2645	3142	1929
TRPM7_PKc_E36_206.12	TRPM7	2473	3091	2740	1013	1094	1271
WNK2_PKc_E3_221.1	WNK2	2472	3241	2148	1623	1177	3903
DMPK_PKc_E5_94.11	DMPK	2472	2616	2473	3199	3936	2400
ADCK4_PKc_E13_66.2	ADCK4	2466	2471	3242	3250	3705	3207
BMPR2_PKc_E7_115.6	BMPR2	2465	2680	2385	2213	1929	2243
RNASEL_PKc_E4_195.22	RNASEL	2461	1638	1896	1031	1254	2829
ACVR1B_PKc_E4_193.4	ACVR1B	2460	3111	2524	954	2150	1385
SPEG_PKc2_E30_1975.217	SPEG	2458	4245	3202	3909	2766	4349
TAOK2_PKc_E7_114.8	TAOK2	2455	3721	2380	1001	2125	1331
CAMKK1_PKc_E7_37	CAMKK1	2455	3144	2994	2761	2072	3330
TTBK1_PKc_E3_148.2	TTBK1	2449	2163	1461	1172	2937	1892
FER_PKc_E16_95.3	FER	2448	3540	3031	3281	1684	1935
TXK_PKc_E10_161.16	TXK	2446	3101	1858	1161	2607	2165
MAST1_PKc_E15_166.27	MAST1	2446	2189	2059	1028	3314	2993
FES_PKc_E14_119.13	FES	2445	2414	2181	2448	2531	999
TRIO_PKc_E56_139.3	TRIO	2441	2842	2457	3479	1687	2875
STK31_PKc_E21_150.8	STK31	2440	1656	1818	1152	1328	1923
PRKAA1_PKc_E3_94.7	PRKAA1	2440	2976	2424	2306	1090	3935
FYN_PKc_E12_154.5	FYN	2440	2377	2089	2568	2011	2583
OBSCN_PKc_E87_61.1	OBSCN	2439	3163	2603	2763	1970	2949
BUB1B_PKc_E20_143.5	BUB1B	2436	3163	2643	454	1317	2323
PAK3_PKc_E14_197.8	PAK3	2430	2591	1733	1627	2502	1451
ATR_PKc_E46_46.1	ATR	2429	3247	2145	663	769	981
CAMK1_PKc_E4_75.9	CAMK1	2427	3614	1859	3256	1095	2954
PRKCD_PKc_E15_63	PRKCD	2422	2624	2133	2986	2106	1204
PRKCA_PKc_E9_75.1	PRKCA	2422	1659	1769	3185	1345	2468
PDK3_PKc_E2_142.11	PDK3	2422	2880	2896	2688	4002	1619
ACVR2A_PKc_E10_131.1	ACVR2A	2422	2801	1925	1234	1327	1623
WEE2_PKc_E5_122.8	WEE2	2421	3864	2815	2831	3069	3552
SLK_PKc_E6_195.7	SLK	2420	1929	2755	1024	1770	2529
SYK_PKc_E11_190.1	SYK	2419	2002	1940	1967	3667	3631
TLK1_PKc_E18_136.6	TLK1	2418	2021	1918	3574	1514	2387
PRKY_PKc_E5_96.2	PRKY	2418	2289	1789	1761	2324	1904
EPHA3_PKc_E14_150.14	EPHA3	2418	2111	2346	2377	2428	2971
TRIB3_PKc_E4_361.35	TRIB3	2413	3366	2152	1238	3580	4529
SIK3_PKc_E2_117.3	SIK3	2413	1749	1788	631	2895	1547
MAPK6_PKc_E2_516.1	MAPK6	2413	2961	2271	2581	2595	1782
HIPK4_PKc_E1_435.67	HIPK4	2412	2796	2465	1531	1879	1664
HIPK1_PKc_E2_557.19	HIPK1	2412	2212	1901	802	301	1052
RPS6KA4_PKc_E4_116.4	RPS6KA4	2410	3015	2296	1780	1643	2224
TGFBR2_PKc_E6_142.7	TGFBR2	2409	2868	2140	3463	2522	2680
AURKA_PKc_E9_149.6	AURKA	2409	1852	1798	2346	2385	2273
CAMK2B_PKc_E1_32	CAMK2B	2407	2824	2689	1353	2619	1874
RIOK2_PKc_E2_139.6	RIOK2	2405	2583	2373	636	713	1807
TRRAP_PKc_E70_204.18	TRRAP	2404	1760	1790	0	0	45
EPHA3_PKc_E11_186.8	EPHA3	2402	1623	1805	1665	1768	1760
MAP3K2_PKc_E12_138.13	MAP3K2	2399	2563	2562	813	2839	2589
FGFR4_PKc_E11_122.18	FGFR4	2395	2446	2215	1643	3513	2478
MAP4K5_PKc_E5_65.2	MAP4K5	2394	2275	2065	1454	3945	2394
MAP2K3_PKc_E7_52	MAP2K3	2394	1897	1794	505	2319	1573
TTBK2_PKc_E7_66.3	TTBK2	2392	1427	1905	6293	4629	8175
TAOK1_PKc_E7_114.6	TAOK1	2391	2070	2295	4581	2755	2470
PBK_PKc_E6_130.3	PBK	2390	2002	2289	2281	1769	1650
MET_PKc_E18_110.2	MET	2390	3999	1704	1584	1186	2901
WEE1_PKc_E7_96.4	WEE1	2389	2041	1793	349	498	328
EGFR_PKc_E20_186.28	EGFR	2385	2365	1321	255	169	791
FLT1_PKc_E22_98	FLT1	2383	3388	2890	1729	1662	1703
ACVR1C_PKc_E7_125.7	ACVR1C	2380	4139	2761	2114	2069	3303
NTRK3_PKc_E18_42.1	NTRK3	2377	3104	2716	2882	1111	1861
PRKCD_PKc_E12_42.4	PRKCD	2376	3513	2197	2336	2879	2752
PRKCH_PKc_E8_42	PRKCH	2375	2409	2983	4539	3836	2619
STK10_PKc_E5_73	STK10	2374	4079	3367	1881	3743	2456
PAK4_PKc_E8_126.5	PAK4	2372	2961	2600	1223	2137	1773
PRKCB_PKc_E8_46.2	PRKCB	2369	1977	2214	3823	2377	4861
ANKK1_PKc_E1_113.4	ANKK1	2369	2962	1516	2895	1608	781
NEK1_PKc_E3_111.2	NEK1	2366	1795	2489	1522	1765	2547
EPHA4_PKc_E13_62.3	EPHA4	2365	1698	1357	1102	1026	1208
STK32A_PKc_E7_90.4	STK32A	2364	2496	1579	1980	1706	2275
ROCK1_PKc_E2_82	ROCK1	2362	2257	2718	1302	3547	2192
BMPR1A_PKc_E13_99.3	BMPR1A	2362	2435	2711	3360	2171	3459
MAP4K3_PKc_E3_91	MAP4K3	2361	3410	1517	1929	1399	1695
CDK13_PKc_E7_57	CDK13	2361	2420	2164	560	572	786
TESK1_PKc_E5_83	TESK1	2360	2934	2772	3641	2525	3296
SRC_PKc_E9_82.15	SRC	2360	2866	2721	2393	4174	2622
RPS6KA2_PKc_E7_38	RPS6KA2	2360	1717	1612	2172	1126	2325
STKLD1_PKc_E2_87	STKLD1	2359	2422	1435	1033	2490	1575
INSRR_PKc_E22_82.7	INSRR	2359	2842	2373	2816	3188	1521
SPEG_PKc1_E22_201.6	SPEG	2358	1736	1482	2791	2099	3251
BMPR1B_PKc_E9_176	BMPR1B	2358	2983	2041	1565	1931	1741
MYO3B_PKc_E2_177.13	MYO3B	2357	2860	2363	1361	2123	2507
CIT_PKc_E5_102.1	CIT	2357	2980	2267	2243	1619	1734
LIMK2_PKc_E11_66.3	LIMK2	2355	2905	2521	2470	2420	1937
TEX14_PKc_E7_149.6	TEX14	2352	3747	2900	2597	1679	4713
FGR_PKc_E12_132.2	FGR	2352	3121	2615	3258	1766	3988
ATM_PKc_E62_36	ATM	2351	2618	2169	672	1568	1083
ROR2_PKc_E9_852.54	ROR2	2350	2159	2206	2102	1364	3234
PKN3_PKc_E17_63	PKN3	2349	2305	1798	2419	3143	1612
BUB1_PKc_E20_108.7	BUB1	2349	1841	2138	3043	1053	2416
ADRBK2_PKc_E12_95.1	ADRBK2	2348	1793	2333	4342	2525	3084
TNK2_PKc_E4_81.1	TNK2	2346	3141	2089	1885	2709	3471
MAP3K10_PKc_E3_149.5	MAP3K10	2346	2681	2813	2947	2861	2823
STYK1_PKc_E8_209.8	STYK1	2344	2564	2091	1652	1598	1878
PINK1_PKc_E5_164.22	PINK1	2344	3033	2026	2233	3884	3469
MAP2K4_PKc_E4_120.2	MAP2K4	2344	2278	3222	4409	4963	2337
DAPK1_PKc_E6_49.3	DAPK1	2344	2166	1455	1534	1870	1363
MAPK15_PKc_E2_99.9	MAPK15	2343	2743	2040	2380	2766	3477
MAP2K6_PKc_E8_128.6	MAP2K6	2343	2932	2490	3398	2523	1126
STK17B_PKc_E3_213.8	STK17B	2342	2844	1728	1304	739	1723
GSG2_PKc_E1_1371.55	GSG2	2342	2471	1892	311	173	716
ALK_PKc_E23_130	ALK	2340	2907	2127	1899	3130	3997
SIK2_PKc_E6_124.11	SIK2	2338	2967	2404	3298	1406	2516
ZAK_PKc_E5_66.2	ZAK	2337	2985	2486	2141	2476	2388
CHUK_PKc_E4_70.2	CHUK	2337	2678	2131	2861	2134	1895
RPS6KA1_PKc2_E16_90.1	RPS6KA1	2336	2933	1805	1293	1372	1287
SBK3_PKc_E2_52.3	SBK3	2335	1616	2216	2539	2316	1750
PDGFRA_PKc_E15_154.7	PDGFRA	2335	3292	2081	2928	3158	2364
MATK_PKc_E12_196.14	MATK	2335	1457	2171	1855	2886	2466
CDK17_PKc_E7_115.3	CDK17	2334	3306	2162	2620	2864	2839
CDK10_PKc_E5_82.4	CDK10	2334	1055	1404	312	1205	482
MARK3_PKc_E9_120.4	MARK3	2332	2981	2057	2490	2338	2036
MAK_PKc_E4_122	MAK	2332	3576	2373	4437	2868	3056
SCYL1_PKc_E3_123.21	SCYL1	2331	2144	2007	452	906	581
MASTL_PKc1_E6_151.1	MASTL	2328	2212	1949	536	475	1180
PDGFRA_PKc_E12_124.3	PDGFRA	2327	2955	2299	2784	2129	2969
CDK14_PKc_E5_80.5	CDK14	2324	2024	2307	3305	2103	3064
RNASEL_PKc_E2_358.35	RNASEL	2322	3234	2496	1994	1903	2481
CDKL5_PKc_E4_46	CDKL5	2321	3006	2143	2836	2673	3511
AATK_PKc_E4_36	AATK	2321	1427	1847	1869	2282	2137
EPHA6_PKc_E13_62.4	EPHA6	2320	2842	2186	2210	2392	2899
PAK4_PKc_E9_135.16	PAK4	2317	3480	2387	382	1313	1534
MAPK9_PKc_E5_139.1	MAPK9	2317	1755	1634	3006	1032	2760
RIPK3_PKc_E3_310.3	RIPK3	2316	3281	2292	1881	2625	2615
CDK18_PKc_E9_124.19	CDK18	2315	1643	2157	2200	1665	986
PDGFRB_PKc_E17_119.2	PDGFRB	2314	2263	2479	2791	1993	3455
RPL23A_e2.2	RPL23A	2313	1891	2056	142	231	579
PNCK_PKc_E3_132.27	PNCK	2312	2169	1789	1956	1929	906
CDK12_PKc_E8_102.1	CDK12	2312	3946	2882	79	178	254
ARAF_PKc_E11_177.1	ARAF	2311	1321	1913	1377	2878	2058
neg08	CONTROL	2309	2094	2434	1288	3634	3759
MAPK10_PKc_E9_72	MAPK10	2308	3689	3095	2310	3410	3404
PKMYT1_PKc_E4_494.8	PKMYT1	2304	2922	2075	23	0	107
LMTK2_PKc_E4_42.3	LMTK2	2303	1808	1621	2738	3169	2254
BLK_PKc_E9_180.11	BLK	2303	2509	2218	1457	2824	2269
ULK4_PKc_E3_100.4	ULK4	2300	2285	1957	2418	3418	1880
RET_PKc_E13_108	RET	2300	3204	1930	1850	2646	2562
PKN2_PKc_E14_42	PKN2	2300	2490	2410	1581	2126	1335
NLK_PKc_E2_130.9	NLK	2300	1793	2090	1296	2418	3367
EPHB3_PKc_E10_43.2	EPHB3	2300	2499	2228	1225	3813	2010
JAK2_PKc_E16_139.4	JAK2	2299	2013	1781	3066	2552	703
NEK11_PKc_E3_89	NEK11	2295	3378	2015	2034	3832	2427
LATS1_PKc_E8_369.2	LATS1	2294	2216	2386	7632	5593	2667
CDK10_PKc_E2_70.1	CDK10	2294	2032	1348	423	1799	917
AKT1_PKc_E5_66.5	AKT1	2293	3103	1914	4499	1962	2630
FGFR3_PKc_E14_123.8	FGFR3	2292	2161	1865	4534	2890	2525
SRMS_PKc_E7_157.14	SRMS	2290	1767	1405	2568	632	1683
MYLK3_PKc_E6_94	MYLK3	2290	3268	2482	3127	3642	5356
MAP2K4_PKc_E6_52	MAP2K4	2288	2133	2033	2240	3833	1254
CDK17_PKc_E6_48.2	CDK17	2288	2826	2507	2515	2886	2707
NEK10_PKc_E24_76.1	NEK10	2287	2739	2802	3210	1952	2939
NEK3_PKc_E5_84.1	NEK3	2286	2593	1234	2797	1304	1349
DCLK2_PKc_E12_134.4	DCLK2	2286	2057	1906	2355	2423	1743
CDK5_PKc_E3_68	CDK5	2286	1915	2287	4878	1889	1870
AKT3_PKc_E5_132.2	AKT3	2281	2941	2208	3365	2946	3177
NEK9_PKc_E3_56	NEK9	2280	2373	2083	2209	1092	1902
JAK3_PKc_E13_85.6	JAK3	2280	4112	2964	2697	5756	2274
LRRK2_PKc_E42_171	LRRK2	2279	2073	2692	1763	1894	1802
CSNK1G1_PKc_E4_70.2	CSNK1G1	2279	3783	3297	1657	3830	2682
MYO3A_PKc_E6_100.4	MYO3A	2276	2313	1336	2158	1978	2558
GSK3A_PKc_E6_107.2	GSK3A	2276	3445	2288	2136	1999	3129
NEK6_PKc_E7_109.4	NEK6	2275	2651	2345	2059	1698	1329
IKBKB_PKc_E3_95.11	IKBKB	2274	2847	1652	1344	3523	2189
CDK11B_PKc_E17_117.11	CDK11B	2274	1939	1565	1577	1059	1392
MASTL_PKc2_E12_128.1	MASTL	2273	1722	1615	2217	2091	2260
GRK4_PKc_E8_141.7	GRK4	2272	2744	2146	2397	3648	2138
BRSK2_PKc_E2_95.4	BRSK2	2272	2475	1613	3522	2484	1407
SCYL3_PKc_E2_141.1	SCYL3	2271	2482	2567	1220	4095	2644
SCYL1_PKc_E2_141.8	SCYL1	2270	2358	1899	1482	1861	2305
ADRBK2_PKc_E9_100.2	ADRBK2	2270	3305	2077	1002	1394	1681
ROCK1_PKc_E5_176	ROCK1	2269	2959	2470	2357	2274	2182
CSNK1G3_PKc_E7_86.3	CSNK1G3	2269	2235	2764	555	1389	794
NRBP1_PKc_E5_90.1	NRBP1	2268	2809	2266	963	2064	2391
TAOK3_PKc_E6_46	TAOK3	2266	2435	2556	1598	1690	4350
STK10_PKc_E6_195.19	STK10	2264	2307	2417	1672	2628	1197
RNASEL_PKc_E4_195.14	RNASEL	2264	2833	2623	1947	2901	3649
HIPK1_PKc_E4_120.6	HIPK1	2264	3011	2224	941	2636	2064
PRKCB_PKc_E5_55.3	PRKCB	2263	2099	1922	2142	3223	3451
KDR_PKc_E20_89.4	KDR	2262	1815	1589	3603	2820	1155
EPHB4_PKc_E14_150.2	EPHB4	2262	2324	1977	1326	2434	711
CLK3_PKc_E8_95.3	CLK3	2262	1998	2075	1037	3566	3422
CHEK1_PKc_E4_65.6	CHEK1	2262	2092	1483	0	93	153
PRKCI_PKc_E10_98.3	PRKCI	2260	3430	2313	2507	2204	1869
PAK2_PKc_E9_49.2	PAK2	2259	3025	2359	1802	3361	3078
STK24_PKc_E3_57.3	STK24	2257	1200	1467	1698	985	594
PHKG1_PKc_E2_38.1	PHKG1	2255	4020	3379	1769	4320	5226
RPS6KA1_PKc_E3_42	RPS6KA1	2253	2250	2401	1404	1955	1656
ERBB2_PKc_E23_147.4	ERBB2	2251	3118	2353	897	1233	840
EIF2AK3_PKc_E15_102.3	EIF2AK3	2250	2097	1825	2053	3577	1833
MAP4K3_PKc_E1_54	MAP4K3	2249	2985	2818	3500	3770	3323
DAPK3_PKc_E7_153.1	DAPK3	2249	1931	1312	1454	2177	792
SBK3_PKc_E2_52.6	SBK3	2246	1759	2074	4020	2164	2330
CSNK1A1_PKc_E6_140.6	CSNK1A1	2245	793	2294	0	230	86
WEE2_PKc_E7_108.2	WEE2	2244	1913	2170	1877	2453	1177
PRKACA_PKc_E8_123.9	PRKACA	2244	1289	1716	3512	1460	3695
PRKAA1_PKc_E4_45.1	PRKAA1	2244	2312	1661	1551	2291	2141
PRKCH_PKc_E12_189.8	PRKCH	2243	2511	2004	1025	1341	3027
MAPK11_PKc_E5_30	MAPK11	2242	1835	1534	1057	1114	1216
PHKG1_PKc_E4_55	PHKG1	2238	2900	2214	2864	3423	1776
PRKDC_PKc_E83_202.13	PRKDC	2235	2161	1991	173	625	179
HIPK2_PKc_E4_120.8	HIPK2	2234	2955	2679	2343	2613	3401
POLR2A_e2.2	POLR2A	2232	1258	764	73	315	130
MARK4_PKc_E7_57	MARK4	2232	2151	1351	1623	2655	1043
LRRK2_PKc_E43_101	LRRK2	2231	2283	2149	2333	1662	1417
PINK1_PKc_E6_128.9	PINK1	2230	1774	1976	2405	3281	2430
CAMK1_PKc_E7_76.4	CAMK1	2230	2221	1760	2158	1630	1171
ERN1_PKc_E16_100.1	ERN1	2225	2066	1876	1833	1989	2217
MAP4K4_PKc_E4_126.4	MAP4K4	2223	2033	2188	1676	2059	2470
ULK2_PKc_E2_93.1	ULK2	2220	2172	2357	874	1900	1781
EPHA3_PKc_E15_150.1	EPHA3	2219	2781	3050	3439	4218	2770
CDK9_e5.1	CDK9	2218	2262	2538	269	388	401
PRKCZ_PKc_E11_87.3	PRKCZ	2217	1606	1817	3541	2830	2635
BTK_PKc_E18_158.4	BTK	2216	3000	2365	4093	2490	3238
TLK2_PKc_E23_144.8	TLK2	2215	3034	3002	999	1529	1087
NPR1_PKc_E9_75.7	NPR1	2214	3253	2257	1587	1209	1866
EPHA6_PKc_E15_150.1	EPHA6	2214	2657	3058	4127	2738	3515
SBK2_PKc_E2_52	SBK2	2213	2462	2457	3881	2436	3195
CDK1_PKc_E4_124.1	CDK1	2213	1374	1600	106	0	260
SIK1_PKc_E5_162.19	SIK1	2212	2195	1945	1824	1948	1696
CSNK1A1_PKc_E5_84.1	CSNK1A1	2212	2816	2444	4125	1762	3870
RAF1_PKc_E12_177.12	RAF1	2211	3170	2008	2105	1758	2577
HIPK3_PKc_E3_124.5	HIPK3	2211	1752	1647	1108	1852	438
TAOK1_PKc_E3_72.1	TAOK1	2209	1489	1824	2914	2412	2745
HUNK_PKc_E4_136.17	HUNK	2208	3434	1621	2554	1022	2809
MOK_PKc_E4_71	MOK	2205	2853	2018	2951	1808	3237
IRAK4_PKc_E8_115.3	IRAK4	2205	3130	2273	2004	1132	4285
CDK4_PKc_E6_51	CDK4	2205	2252	1978	2030	1142	1022
ULK1_PKc_E6_174.25	ULK1	2204	1273	1782	800	2071	1443
MAP3K14_PKc_E6_114.1	MAP3K14	2204	2417	2207	2418	1357	2397
KIAA1804_PKc_E2_181.17	KIAA1804	2204	2787	1984	409	1186	2038
SGK1_PKc_E9_96.8	SGK1	2201	3140	3042	2631	5342	2146
STK10_PKc_E1_90	STK10	2198	1611	1171	801	1294	3064
PRKG1_PKc_E13_142.5	PRKG1	2198	3636	2598	3019	1312	1336
NEK4_PKc_E1_81.1	NEK4	2198	3228	2683	2291	2006	2388
MAP2K5_PKc_E8_56	MAP2K5	2197	2313	2677	2501	1677	2879
EIF2AK4_PKc_E9_536.1	EIF2AK4	2197	2472	2119	3742	1643	1857
JAK2_PKc_E13_135.1	JAK2	2196	2318	2273	2218	1392	2581
MOS_PKc_E1_849.57	MOS	2195	1356	1302	923	1989	1267
PTK2B_PKc_E24_101.9	PTK2B	2193	2104	2295	1513	4840	3722
MAP3K8_PKc_E7_153.15	MAP3K8	2193	2995	2828	2307	2038	1383
EIF2AK4_PKc_E8_123.1	EIF2AK4	2192	2282	1694	1953	1940	2563
VRK3_PKc_E7_67.3	VRK3	2191	3547	2492	2731	2704	4266
PRKD3_PKc_E17_83	PRKD3	2191	1921	2677	1496	1252	2441
STK25_PKc_E5_109.5	STK25	2190	2146	2041	2278	2142	3391
PSKH2_PKc_E2_667.73	PSKH2	2190	1612	1383	877	2222	2007
EPHA5_PKc_E13_62.2	EPHA5	2190	2607	3150	4042	1175	6439
NTRK1_PKc_E17_144	NTRK1	2189	1578	2171	3968	2022	3197
POMK_PKc_E5_705.23	POMK	2188	3312	2232	2338	1915	1714
FLT3_PKc_E15_105.1	FLT3	2188	2098	1890	3029	830	2955
PRKCZ_PKc_E9_171.8	PRKCZ	2186	1904	1894	1691	1688	1666
RPS6KA5_PKc_E2_34.2	RPS6KA5	2185	2720	1624	2675	1659	928
NEK5_PKc_E3_111.8	NEK5	2182	2438	2367	3297	3340	2264
CDK3_PKc_E5_171.11	CDK3	2182	3099	2937	3196	1885	4255
MAST4_PKc_E16_139.4	MAST4	2181	1770	1353	1936	2185	1883
HIPK4_PKc_E2_357.2	HIPK4	2181	1765	1776	1584	1799	823
STK40_PKc_E4_144.11	STK40	2180	2289	2187	1192	865	2382
CDK17_PKc_E8_95.2	CDK17	2180	2239	2577	1486	1964	2655
TNK1_PKc_E4_81.3	TNK1	2179	3470	1725	1976	2224	2015
PRKAA2_PKc_E1_58.1	PRKAA2	2179	3180	3444	3270	2218	2748
MAPK12_PKc_E3_59.2	MAPK12	2179	2190	2445	2748	1416	1812
SCYL1_PKc_E6_156.28	SCYL1	2178	2367	1919	2142	2691	2169
PTK7_PKc_E15_40.3	PTK7	2178	2594	3000	1653	1394	2936
ADCK3_PKc_E11_142.6	ADCK3	2177	2917	2447	1154	1712	3235
CDKL2_PKc_E2_165.1	CDKL2	2176	1271	1900	3273	1916	1491
LATS2_PKc_E5_487.68	LATS2	2174	1735	2171	2902	4342	4449
RIPK1_PKc_E2_157.18	RIPK1	2172	1867	2146	2313	757	1905
CLK1_PKc_E5_67	CLK1	2172	2106	2117	1603	2298	2145
STK26_PKc_E7_186.1	STK26	2171	3580	2133	3188	1819	2663
MTOR_PKc_E52_75	MTOR	2171	2955	2697	434	266	415
DCLK2_PKc_E8_68.1	DCLK2	2171	1616	2164	1680	1288	4014
TRPM6_PKc_E34_228.4	TRPM6	2166	1887	2329	771	3373	2414
AATK_PKc_E6_88.9	AATK	2165	2577	1712	1708	1350	1768
LIMK1_PKc_E12_66.1	LIMK1	2164	1613	1669	602	1744	3398
MYO3A_PKc_E8_146.14	MYO3A	2161	1470	1918	1149	2247	1709
MAP2K6_PKc_E6_117.6	MAP2K6	2161	2968	2670	1746	2500	1334
EIF2AK4_PKc_E9_536.41	EIF2AK4	2161	2239	1760	3807	2100	1694
PNCK_PKc_E5_139	PNCK	2159	2253	1578	1535	1439	1248
PDK1_PKc_E1_34.4	PDK1	2158	1603	1696	1380	691	1702
STK38L_PKc_E4_51.1	STK38L	2156	2249	2274	2467	3218	1629
EPHB4_PKc_E15_150.34	EPHB4	2156	1935	1987	1480	2173	1282
STK31_PKc_E22_123.5	STK31	2155	1938	1455	1205	2643	1574
RPS6KB2_PKc_E6_58	RPS6KB2	2155	2725	2460	3068	4400	1258
RPL9_e3.1	RPL9	2155	2371	2167	298	698	341
CSNK2A2_PKc_E1_41	CSNK2A2	2155	2392	2046	2705	1749	1306
MAPK14_PKc_E1_101.14	MAPK14	2154	3350	1851	1421	2723	1276
NEK3_PKc_E3_94.3	NEK3	2150	2491	1934	2310	1460	1647
FGFR4_PKc_E14_123.9	FGFR4	2150	1535	1988	1989	1527	1657
LRRK1_PKc_E27_278.2	LRRK1	2149	1338	1106	841	763	1289
ARAF_PKc_E10_152.4	ARAF	2149	2851	2250	2240	2322	2608
SRPK3_PKc_E4_88.4	SRPK3	2146	3484	2033	974	1788	2430
CDK7_PKc_E6_111.3	CDK7	2145	1357	1613	1	149	39
LMTK3_PKc_E8_149.33	LMTK3	2144	1461	1408	2395	1189	1402
FGFR1_PKc_E11_122.18	FGFR1	2144	3166	2483	2731	1564	778
CDK17_PKc_E10_124.1	CDK17	2144	1910	1867	2691	2928	2287
MAPK3_PKc_E6_132.17	MAPK3	2143	2869	2778	1987	2716	2865
NRBP2_PKc_E6_95.1	NRBP2	2141	3031	2285	2164	3138	1070
PRKG1_PKc_E14_164.6	PRKG1	2139	2633	2384	2065	3444	2311
CDC42BPA_PKc_E1_169.4	CDC42BPA	2139	2951	1977	1986	2033	4417
ZAP70_PKc_E10_207.28	ZAP70	2138	1679	2055	1296	2140	1150
RPS6KA6_PKc_E9_143.7	RPS6KA6	2138	1809	1542	1812	1005	1426
NEK11_PKc_E8_150	NEK11	2137	2154	2228	2906	2908	1781
RPS6KL1_PKc_E6_133.12	RPS6KL1	2136	1442	1507	929	844	1172
TTK_PKc_E16_152	TTK	2135	2783	2303	44	328	170
CLK4_PKc_E5_67	CLK4	2135	3762	2746	1960	4352	2528
STK19_PKc_E3_129.13	STK19	2134	3024	2812	1373	3129	3724
NLK_PKc_E8_87.5	NLK	2133	2298	2218	858	1391	2346
MAP4K4_PKc_E3_57	MAP4K4	2129	3607	2459	2015	4639	4949
GRK6_PKc_E11_90.3	GRK6	2129	2346	2015	775	1688	1950
LATS2_PKc_E8_366.32	LATS2	2128	2599	1185	2240	2268	1012
JAK3_PKc2_E19_190.1	JAK3	2128	3272	1567	1581	3352	1316
ARAF_PKc_E12_47	ARAF	2127	1333	1929	2283	1947	1855
NEK6_PKc_E8_108.8	NEK6	2126	2271	2258	2190	1844	1904
LMTK2_PKc_E9_122.4	LMTK2	2126	1908	1528	1471	2187	1148
FES_PKc_E15_95.7	FES	2126	1600	2174	2538	2175	1595
BMP2K_PKc_E4_143.5	BMP2K	2125	2772	2427	2472	1767	1995
TSSK6_PKc_E1_771.45	TSSK6	2124	2212	2086	1559	1671	2491
RIOK3_PKc_E6_48	RIOK3	2124	2292	1754	1457	2438	2194
ERBB4_PKc_E18_123.8	ERBB4	2124	1837	2060	2016	1122	3862
ADCK5_PKc_E9_84.2	ADCK5	2124	1663	1575	1101	1890	1163
PCNA_e3.1	PCNA	2123	3197	2434	2994	3380	1974
STK11_PKc_E5_137.3	STK11	2121	2059	1662	2931	1555	1036
CHUK_PKc_E2_95.2	CHUK	2121	2714	2172	3340	2297	2795
BMPR1A_PKc_E11_176.4	BMPR1A	2120	3334	2716	1338	2293	2526
RNASEL_PKc_E2_358.13	RNASEL	2119	2504	2179	1933	4357	2503
TESK1_PKc_E4_147.1	TESK1	2115	3554	2547	2987	3209	4001
TESK1_PKc_E2_122.1	TESK1	2114	2344	2107	1819	1588	2438
ALK_PKc_E21_91.12	ALK	2113	1520	1548	2838	2409	1463
CDK6_PKc_E4_168.11	CDK6	2111	2249	1787	2340	2303	1449
MAP4K1_PKc_E3_91.2	MAP4K1	2110	1408	1277	1812	1437	2682
GUCY2F_PKc_E11_150.7	GUCY2F	2109	1566	1851	3247	2245	1719
RPS6KA6_PKc2_E20_118	RPS6KA6	2108	3916	1935	2385	2402	3057
CSNK1D_PKc_E1_55.2	CSNK1D	2107	2631	1978	992	2988	953
SRC_PKc_E10_180.27	SRC	2104	2114	1599	3529	2019	3029
WNK3_PKc_E2_132	WNK3	2103	3164	2540	2122	3381	2203
MAP3K10_PKc_E1_391.74	MAP3K10	2103	2210	2284	1415	2105	2561
CSK_PKc_E8_100.1	CSK	2102	2080	1937	2754	1913	939
AK2_PKc_E6_159.16	AK2	2102	3109	3050	2108	2455	3028
MYO3A_PKc_E7_77.9	MYO3A	2100	895	1054	694	865	1887
RNASEL_PKc_E3_86.4	RNASEL	2099	2038	2430	449	1207	2045
TBK1_PKc_E7_111.1	TBK1	2098	2923	2869	1493	1632	2161
MELK_PKc_E4_117.9	MELK	2098	3457	2321	3202	2927	2576
MAPK9_PKc_E6_166.16	MAPK9	2098	1671	1823	481	2388	1733
KIT_PKc_E12_105.6	KIT	2098	1820	2161	1661	2511	1402
JAK1_PKc_E14_88.2	JAK1	2098	2480	2365	2397	2523	3360
SGK494_PKc_E5_70.9	SGK494	2097	1204	2307	454	1319	866
RPS6KA6_PKc2_E15_123.7	RPS6KA6	2097	2307	2207	1748	1473	3012
GAK_PKc_E2_62.2	GAK	2097	1533	1855	1207	688	1090
TAOK3_PKc_E8_114.8	TAOK3	2096	2234	1956	2456	2285	1952
SNRK_PKc_E3_556.41	SNRK	2096	1934	2613	1423	2938	4684
FLT3_PKc_E16_111.8	FLT3	2096	2381	2188	2958	1695	1495
FGFR4_PKc_E15_71.5	FGFR4	2096	2826	2287	2572	2543	2254
PRKDC_PKc_E80_93.5	PRKDC	2095	2612	2239	215	208	1130
NTRK3_PKc_E20_162.26	NTRK3	2095	2338	1786	2474	1055	1130
IKBKE_PKc_E6_182.18	IKBKE	2095	1986	1843	4017	2339	1975
PKN1_PKc_E19_143.6	PKN1	2094	2237	1566	892	1583	1787
CSNK1G3_PKc_E2_55.2	CSNK1G3	2094	1999	1971	2955	1715	1593
STK31_PKc_E20_84.3	STK31	2093	2900	1898	4557	1377	2443
NUAK2_PKc_E5_120.3	NUAK2	2093	3205	2007	1922	1711	2501
ROCK1_PKc_E6_85.3	ROCK1	2092	1945	1874	1796	3835	1786
MYO3B_PKc_E6_77.5	MYO3B	2092	2216	1620	2541	3087	1523
MELK_PKc_E2_40	MELK	2092	2014	1197	2679	2535	2336
MAST2_PKc_E14_41.1	MAST2	2092	1737	2518	2110	1663	1329
FGFR1_PKc_E12_111.7	FGFR1	2089	1388	1742	1130	1297	1279
PRKACB_PKc_E6_127.6	PRKACB	2088	3426	3070	4614	3919	1929
NEK10_PKc_E20_138.3	NEK10	2088	2611	2193	2102	1215	2441
TAOK1_PKc_E5_46.1	TAOK1	2084	3211	1973	1421	2706	1948
RIPK3_PKc_E6_168.22	RIPK3	2083	1985	1523	552	2132	2189
PLK1_PKc_E1_276.2	PLK1	2081	2143	1622	1849	1338	1286
PRKCH_PKc_E11_139.2	PRKCH	2080	2824	2706	2052	1518	3042
SIK1_PKc_E2_81	SIK1	2079	2199	2352	845	3565	2025
EIF2AK1_PKc_E6_81.2	EIF2AK1	2079	2109	1936	4327	1188	2887
PRKCE_PKc_E14_147.1	PRKCE	2078	2222	1567	551	2402	1328
ERBB2_PKc_E21_156.2	ERBB2	2078	913	1418	377	821	1546
PSKH1_PKc_E3_108.19	PSKH1	2077	2069	1804	2768	2431	1313
MAPK10_PKc_E7_139.9	MAPK10	2076	3414	2156	2725	704	2026
ULK3_PKc_E7_114.7	ULK3	2074	2617	1876	2579	2046	2309
ITK_PKc_E14_65	ITK	2074	2040	2149	1376	1744	1315
PDK3_PKc_E1_34.1	PDK3	2073	3320	2754	3296	2867	3210
MASTL_PKc2_E10_114.7	MASTL	2071	2507	2071	388	146	138
TEK_PKc_E18_114.4	TEK	2069	2893	2122	2638	3972	2462
RPA3_e2.1	RPA3	2067	2366	2003	759	1177	1716
PRKCB_PKc_E10_174.3	PRKCB	2067	1658	1617	1411	2693	2406
RIOK2_PKc_E4_176.2	RIOK2	2061	2544	1563	1438	686	863
SNRK_PKc_E5_76.5	SNRK	2060	2055	2196	6106	5837	4719
NEK2_PKc_E2_218.1	NEK2	2060	1687	1743	2200	782	1967
MARK3_PKc_E6_71	MARK3	2060	1822	1433	3172	2056	1840
CDK1_e6.1	CDK1	2059	2032	2233	247	118	419
MAP4K1_PKc_E2_58.4	MAP4K1	2058	2321	3469	2933	2076	3554
MET_PKc_E19_166.6	MET	2056	2497	2358	1231	1196	1765
CDKL1_PKc_E2_122	CDKL1	2052	1966	1823	1657	2149	2771
TSSK1B_PKc_E1_789.21	TSSK1B	2051	3254	1968	3485	2612	3670
MERTK_PKc_E12_52	MERTK	2051	1038	1739	932	1848	1170
MAP2K6_PKc_E10_140.12	MAP2K6	2051	1357	1718	434	708	1641
MAP2K7_PKc_E8_180.14	MAP2K7	2050	2424	1671	1716	1112	974
CAMKK1_PKc_E4_54.2	CAMKK1	2049	1653	2411	2811	2712	2156
CLK4_PKc_E8_95.2	CLK4	2048	3913	2869	1836	4131	4110
RPS6KA2_PKc_E3_82.4	RPS6KA2	2047	4116	2316	2415	2562	1988
RPS6KA6_PKc2_E19_77	RPS6KA6	2046	2225	1983	4295	4389	2781
RPS6KA2_PKc_E4_81	RPS6KA2	2044	2238	1585	981	1467	1676
MAP2K3_PKc_E4_96.12	MAP2K3	2044	1388	1358	1776	1775	2015
ADRBK1_PKc_E11_131.9	ADRBK1	2042	2044	1534	961	2794	2845
ABL2_PKc_E9_153.7	ABL2	2042	2315	2421	1989	1997	2443
STK32C_PKc_E5_38	STK32C	2041	1632	1840	2704	2672	2261
PTK2B_PKc_E23_116.1	PTK2B	2040	1256	1356	971	2992	1321
FGFR3_PKc_E11_122.16	FGFR3	2038	1907	2084	1659	2770	2365
TSSK3_PKc_E2_650.5	TSSK3	2037	2117	1450	718	2215	1541
SMG1_PKc_E40_106.7	SMG1	2037	2604	1964	99	244	0
GUCY2D_PKc_E11_150.8	GUCY2D	2036	2451	1966	2725	1973	1875
TRIB3_PKc_E4_361.12	TRIB3	2034	2415	1904	2027	4058	2066
neg36	CONTROL	2034	1166	1478	2768	2329	3018
ATM_PKc_E61_64	ATM	2034	1978	1648	627	650	323
RIPK3_PKc_E2_101.4	RIPK3	2033	2174	1567	1130	1463	1214
MAPKAPK3_PKc_E9_76.1	MAPKAPK3	2032	3023	2341	3779	2453	2449
FLT3_PKc_E14_124.1	FLT3	2031	1414	1584	1737	1653	1746
CSNK1D_PKc_E2_111.8	CSNK1D	2031	2163	2331	2222	943	1698
CAMKK1_PKc_E3_30	CAMKK1	2031	2949	2307	3511	4874	1363
ANKK1_PKc_E2_295.2	ANKK1	2031	911	1554	1931	2091	1470
EPHA10_PKc_E14_150.23	EPHA10	2029	2145	2521	2660	1690	1734
ROCK2_PKc_E1_27.3	ROCK2	2027	2832	1582	1606	1484	1343
NEK7_PKc_E4_63	NEK7	2027	2451	1833	2686	2390	1425
PINK1_PKc_E4_183.23	PINK1	2026	3233	2919	4000	1893	1562
STK36_PKc_E7_78.5	STK36	2025	2519	1722	4214	2384	2510
SGK1_PKc_E10_156.8	SGK1	2024	2162	2055	2294	2185	1958
JAK2_PKc2_E23_118.2	JAK2	2024	2789	1720	1828	3233	2899
BRSK1_PKc_E4_141.5	BRSK1	2024	2244	2118	1902	2771	1414
VRK1_PKc_E6_109	VRK1	2023	3511	2240	1225	638	1985
HUNK_PKc_E5_128.3	HUNK	2022	2166	1888	2158	2594	1395
NPR1_PKc_E14_156.6	NPR1	2020	3085	1670	2061	1096	1619
GAK_PKc_E6_126.13	GAK	2020	2016	1698	346	1933	365
RPS6KA1_PKc_E8_38	RPS6KA1	2018	2800	2140	683	777	2365
MAST4_PKc_E15_209.16	MAST4	2018	1949	1709	1746	1347	2372
MAP2K5_PKc_E12_62	MAP2K5	2018	2335	1700	2138	1895	1500
DCLK3_PKc_E5_86.5	DCLK3	2017	2593	2312	1325	1598	3351
NTRK3_PKc_E19_159	NTRK3	2016	2503	2217	2666	2337	2639
KSR1_PKc_E17_97	KSR1	2016	2036	2602	1360	1630	2613
NEK1_PKc_E5_98	NEK1	2015	1379	1496	998	1075	2444
IRAK2_PKc_E10_63.2	IRAK2	2015	1700	1369	2206	1715	1339
CSNK1E_PKc_E4_149.4	CSNK1E	2015	1779	1054	811	1410	616
ADCK1_PKc_E8_150.18	ADCK1	2015	896	1455	1385	1054	1513
STK35_PKc_E2_292.43	STK35	2014	1849	1650	2711	2615	1877
RPS6KA4_PKc_E5_108.1	RPS6KA4	2014	2657	2047	1388	3150	1446
POLR2A_e28.1	POLR2A	2013	2694	2863	347	642	1087
NEK10_PKc_E22_122.2	NEK10	2013	1564	1573	2618	3727	1516
PRKCQ_PKc_E12_174.3	PRKCQ	2010	2777	2191	2003	5683	1921
GSK3B_PKc_E2_132.6	GSK3B	2010	2316	2342	3146	1013	1507
ULK1_PKc_E3_42	ULK1	2009	2791	1497	1458	1794	2609
RPS6KA3_PKc2_E18_162.2	RPS6KA3	2009	2110	1435	1257	1500	1191
MAP2K5_PKc_E10_69	MAP2K5	2009	2696	1717	1395	2662	2132
CDKL4_PKc_E6_83.2	CDKL4	2008	1080	1299	1023	1367	751
DCLK2_PKc_E9_58.3	DCLK2	2007	2836	2791	4384	2098	1968
TRIO_PKc_E54_50.1	TRIO	2004	2560	2313	3451	2551	2323
FES_PKc_E17_158.5	FES	2004	2785	2382	4769	3738	3479
TYK2_PKc2_E20_193.1	TYK2	2003	1027	1205	1100	838	658
MST1R_PKc_E18_166.4	MST1R	2003	3386	1931	2174	852	2407
ITK_PKc_E15_119.5	ITK	2002	1724	1559	1579	3328	1736
CSK_PKc_E9_91	CSK	2002	1894	1518	977	1531	1098
AK2_PKc_E6_159.17	AK2	2001	2442	1284	901	1525	798
SGK3_PKc_E13_87.5	SGK3	1999	1841	1442	2427	789	1172
ROCK2_PKc_E2_82.3	ROCK2	1998	2221	1594	2089	1569	2009
SRMS_PKc_E4_121	SRMS	1997	3180	2568	3840	3258	14999
MARK1_PKc_E2_81.5	MARK1	1997	3436	2573	1644	2137	2082
STK32A_PKc_E8_98.9	STK32A	1996	2354	2643	4648	2790	1852
NRBP2_PKc_E5_41	NRBP2	1996	1503	2065	1965	1733	576
MOS_PKc_E1_849.9	MOS	1995	1303	1798	2623	1975	1986
GRK6_PKc_E12_209.29	GRK6	1995	1743	1411	1803	2358	2160
MET_PKc_E15_28	MET	1993	4460	2787	3897	3343	2981
TESK2_PKc_E5_147.14	TESK2	1992	1794	1898	2451	1458	2482
RPS6KA2_PKc2_E16_159.19	RPS6KA2	1992	1049	1131	67	1141	699
PRKCZ_PKc_E12_136.12	PRKCZ	1992	2257	1535	1240	2022	2319
CAMK2A_PKc_E3_60	CAMK2A	1990	720	1499	1218	1520	1529
SIK1_PKc_E7_124.16	SIK1	1989	1307	1749	2724	528	2042
IRAK3_PKc_E5_96.6	IRAK3	1989	2015	1766	1542	2194	2749
GSG2_PKc_E1_1371.166	GSG2	1989	2618	2424	1967	1424	843
ACVR2A_PKc_E7_146.12	ACVR2A	1989	1610	1642	970	1489	1713
RPS6KB2_PKc_E8_91	RPS6KB2	1988	3973	4004	4123	3919	4974
GRK6_PKc_E9_191.22	GRK6	1988	3068	1834	2259	1317	1568
TTBK2_PKc_E8_93.9	TTBK2	1986	2093	2036	6647	3121	3854
KSR2_PKc_E18_130	KSR2	1986	1864	1657	975	2896	1937
AXL_PKc_E15_93.5	AXL	1986	3685	2739	4010	3465	4236
ADCK1_PKc_E9_99.4	ADCK1	1986	1783	2168	2014	1198	1349
TAOK3_PKc_E7_97.1	TAOK3	1985	1877	2635	2629	2771	1897
RYK_PKc_E13_160.9	RYK	1984	2593	1694	1362	6238	802
STYK1_PKc_E5_103.12	STYK1	1981	1518	2072	1753	1361	2813
GRK6_PKc_E10_38	GRK6	1981	1782	1265	873	1573	695
DYRK3_PKc_E3_1140.128	DYRK3	1981	1811	1622	1045	2311	1133
SBK1_PKc_E3_203.12	SBK1	1980	1738	1636	2032	3548	1696
PDGFRB_PKc_E13_105.1	PDGFRB	1979	1558	1934	2006	1281	1803
EPHA5_PKc_E11_43	EPHA5	1978	3151	2132	1481	2088	2592
DSTYK_PKc_E13_134.19	DSTYK	1978	2221	1996	2432	1626	2509
CDK6_PKc_E6_51.2	CDK6	1978	2554	2194	2493	1914	1995
WNK2_PKc_E6_52	WNK2	1976	2565	2425	1670	1814	895
RPS6KA3_PKc2_E19_77.2	RPS6KA3	1974	2780	2223	2204	1720	1554
PTK6_PKc_E7_154.3	PTK6	1972	1286	1649	2017	1588	1681
neg48	CONTROL	1972	3176	2148	1756	3122	1153
CAMKV_PKc_E4_75.2	CAMKV	1972	1671	1580	1180	2782	1185
MAPK14_PKc_E2_130.3	MAPK14	1971	990	1557	816	649	680
TTN_PKc_E358_736.55	TTN	1969	1917	1371	1294	2015	1552
MAST1_PKc_E11_41.1	MAST1	1968	2356	1970	2717	1020	1774
NEK11_PKc_E4_166.8	NEK11	1967	2163	1407	1278	2653	1344
LRRK1_PKc_E28_195.13	LRRK1	1967	2837	2727	2312	4051	3573
ADRBK1_PKc_E13_108.17	ADRBK1	1967	1368	1634	2128	1853	2145
MOK_PKc_E5_79	MOK	1966	2490	2070	1495	2128	1885
CSNK1E_PKc_E5_229.35	CSNK1E	1966	1803	1695	2113	574	1266
CDK15_PKc_E4_80.2	CDK15	1966	3040	2024	1152	3611	1328
ATM_PKc_E62_36.1	ATM	1966	2436	1610	1251	1729	1198
PRKCQ_PKc_E11_60.3	PRKCQ	1965	1932	2234	1719	2175	1967
TRIB2_PKc_E3_361.22	TRIB2	1964	1411	2229	2070	961	2109
IKBKE_PKc_E8_111.2	IKBKE	1962	1810	1527	1818	2833	1751
PDK4_PKc_E4_185.8	PDK4	1961	2102	1944	1434	2165	1382
MAPK12_PKc_E5_30	MAPK12	1961	1393	1278	567	1029	1317
KDR_PKc_E22_98	KDR	1961	2506	2278	1058	2257	1429
SIK3_PKc_E6_124.11	SIK3	1960	2384	1945	1032	2185	1418
RPS6KA2_PKc2_E18_77.1	RPS6KA2	1960	2865	2228	1765	2001	1095
EPHB6_PKc_E13_174.1	EPHB6	1960	1996	1574	1313	2306	1431
SYK_PKc_E10_210.16	SYK	1959	2271	1905	1700	2440	2167
STK35_PKc_E3_695.6	STK35	1959	1763	2612	2059	1626	1710
PTK2B_PKc_E22_101.1	PTK2B	1959	2360	1873	2196	4963	1319
MAP2K2_PKc_E8_65	MAP2K2	1958	2116	1652	1453	1548	1829
SBK3_PKc_E4_525.13	SBK3	1957	1445	1610	2290	845	2573
PKN3_PKc_E16_177.26	PKN3	1956	2947	2014	1292	1437	2064
MAP3K12_PKc_E4_192.1	MAP3K12	1956	2491	2384	1956	3564	1787
NUAK2_PKc_E4_66.6	NUAK2	1955	1856	1734	1447	1413	1557
EEF2K_PKc_E7_150.5	EEF2K	1955	3852	2001	4501	3586	1759
DYRK1A_PKc_E4_75.3	DYRK1A	1955	3060	1499	630	1214	924
STRADA_PKc_E8_124.12	STRADA	1953	2703	1888	1631	1873	3004
TYRO3_PKc_E12_58.3	TYRO3	1951	2108	2017	1997	4895	1922
TEX14_PKc_E5_32.1	TEX14	1951	2069	1696	1813	3001	1222
NIM1K_PKc_E4_414.1	NIM1K	1951	1760	1947	3375	2739	1878
MAP3K7_PKc_E5_139.1	MAP3K7	1951	1904	1294	1337	1321	2719
BTK_PKc_E15_217.14	BTK	1951	2236	2537	2039	2395	2039
RPS6KA1_PKc2_E19_77	RPS6KA1	1950	1436	1177	1355	1055	2147
NLK_PKc_E9_199.16	NLK	1949	1683	2355	889	1689	1864
CAMK1G_PKc_E10_82.8	CAMK1G	1949	1675	2096	1867	1736	1583
FASTK_PKc_E6_143.9	FASTK	1948	2394	1732	1340	1764	1738
DYRK1A_PKc_E5_148	DYRK1A	1944	1663	1965	851	1589	844
TBK1_PKc_E3_141	TBK1	1942	2004	2234	1578	1413	2068
RPS6KA5_PKc_E7_104	RPS6KA5	1941	1741	1586	1575	1355	1199
TLK1_PKc_E19_112.4	TLK1	1940	2001	2155	1936	2276	2257
RIOK1_PKc_E6_93.2	RIOK1	1940	3475	1774	865	422	242
LTK_PKc_E14_130.1	LTK	1940	2188	1932	1670	1133	1709
DCLK1_PKc_E13_78.4	DCLK1	1940	3127	2291	1734	1279	2778
DDR2_PKc_E17_235.9	DDR2	1939	1449	1615	1157	1010	2302
AKT1_PKc_E10_129.13	AKT1	1939	2661	2008	3012	1589	1642
PTK2B_PKc_E21_85.2	PTK2B	1938	1981	1505	1029	5266	1907
MATK_PKc_E10_85.2	MATK	1936	2227	1996	1996	2524	2526
MAP3K10_PKc_E1_391.2	MAP3K10	1936	2219	2654	2879	2261	4920
ITK_PKc_E17_48.4	ITK	1936	1656	1301	1703	695	2786
CDKL4_PKc_E5_198.19	CDKL4	1935	1510	2097	1745	934	2333
HIPK2_PKc_E3_124.7	HIPK2	1934	1951	1424	2739	2478	512
AATK_PKc_E9_122.1	AATK	1934	1116	1259	887	544	650
HIPK1_PKc_E2_557.27	HIPK1	1930	2342	2182	1932	2879	1741
FLT1_PKc_E17_34	FLT1	1930	3482	2715	3498	4321	3018
EPHA1_PKc_E11_43.2	EPHA1	1929	1158	1690	1109	1095	1548
NTRK1_PKc_E13_123.1	NTRK1	1926	2583	1805	863	941	909
EPHB2_PKc_E11_248.3	EPHB2	1926	1554	2319	1385	2295	2828
CSNK1G1_PKc_E2_55.3	CSNK1G1	1926	2665	2391	2090	3832	1561
CDK5_PKc_E6_96.4	CDK5	1926	1574	1359	1229	1690	2747
DCLK1_PKc_E12_134.16	DCLK1	1925	1258	1200	385	1385	964
MYLK4_PKc_E4_41	MYLK4	1924	2739	2161	2479	2114	1598
JAK2_PKc2_E20_190.1	JAK2	1922	3104	1663	1773	3825	2287
YES1_PKc_E7_91	YES1	1921	988	1309	2471	1793	2104
DSTYK_PKc_E11_115.6	DSTYK	1921	2891	1986	1547	3083	2706
TTBK1_PKc_E4_74	TTBK1	1920	2323	1725	868	652	2126
PSKH1_PKc_E2_672.53	PSKH1	1920	1518	2180	1675	3489	3752
HUNK_PKc_E1_90	HUNK	1919	2268	2100	991	2275	2107
NEK1_PKc_E8_87.1	NEK1	1918	2556	1580	885	1532	1534
MAP3K11_PKc_E2_181.2	MAP3K11	1918	1983	1915	2524	706	2820
CDK3_PKc_E6_102	CDK3	1918	1887	2272	3485	1012	1532
CDK11B_PKc_E18_149.2	CDK11B	1918	1991	1381	984	1528	565
GRK5_PKc_E7_51	GRK5	1916	2562	1948	2959	2384	3620
EPHA8_PKc_E15_150.4	EPHA8	1915	2459	2654	4480	1968	2202
EPHB3_PKc_E10_43.3	EPHB3	1914	1650	2180	1405	4037	3301
WEE2_PKc_E6_147.4	WEE2	1913	2133	2111	2729	3279	2590
STK31_PKc_E22_123.1	STK31	1913	1667	1480	1514	2471	1332
CDK9_e4.2	CDK9	1910	1944	1672	481	571	74
ADCK3_PKc_E9_82.2	ADCK3	1909	1969	1678	925	1420	2694
ACVR1B_PKc_E5_123.4	ACVR1B	1909	2534	2052	1529	3886	1899
STRADA_PKc_E7_109.6	STRADA	1907	1952	1960	3379	965	2781
STK17B_PKc_E2_53.1	STK17B	1907	1941	2429	1780	2426	1609
AURKC_PKc_E3_191.2	AURKC	1907	2929	1756	1909	2893	2151
OBSCN_PKc_E90_27.0	OBSCN	1906	1820	1414	1201	818	522
neg35	CONTROL	1906	2529	1787	3163	1527	1313
DMPK_PKc_E2_84.9	DMPK	1906	2454	1253	2031	516	2530
CHEK2_PKc_E9_100.2	CHEK2	1906	2758	1546	1483	3265	1317
ERN1_PKc_E15_190	ERN1	1904	2176	1553	1925	1451	1934
ROR1_PKc_E9_849.47	ROR1	1903	2396	1831	2041	1502	1637
INSR_PKc_E22_115.16	INSR	1902	1487	1586	2891	950	2329
AK2_PKc_E6_159.6	AK2	1902	2359	1356	678	547	867
MAP3K2_PKc_E16_214.1	MAP3K2	1901	2096	1827	1743	2526	1878
BRAF_PKc_E13_177.6	BRAF	1900	1409	1322	2109	1152	687
RPS6KA6_PKc_E6_80	RPS6KA6	1899	2599	1869	3182	1967	2437
neg42	CONTROL	1899	2178	2143	3930	3955	1426
ACVRL1_PKc_E9_131	ACVRL1	1899	3550	2544	2593	2369	2760
MOK_PKc_E7_179.23	MOK	1898	2492	1924	2527	2489	2946
JAK2_PKc_E14_88	JAK2	1898	2446	2122	2467	3702	2460
ERN1_PKc_E14_62	ERN1	1897	1991	1554	1763	1162	906
MAP3K4_PKc_E25_107.6	MAP3K4	1896	2386	1768	1517	1356	1715
MAP3K2_PKc_E13_132.3	MAP3K2	1896	3519	2071	1769	2391	2088
BTK_PKc_E17_119.1	BTK	1895	931	1599	2494	1612	1310
ROS1_PKc_E40_201.18	ROS1	1894	1892	1377	1368	2035	1813
PRPF4B_PKc_E12_115.3	PRPF4B	1893	1602	1694	539	199	2490
PTK7_PKc_E15_40.1	PTK7	1891	2850	1927	1541	1440	1577
MAP3K4_PKc_E22_117.4	MAP3K4	1891	2542	1638	1375	2929	1105
HIPK4_PKc_E3_219.28	HIPK4	1891	2831	2185	3521	3098	4259
neg10	CONTROL	1890	1813	1527	2423	2574	3254
MAP3K8_PKc_E4_108.6	MAP3K8	1889	2328	2183	2415	3652	2164
TEX14_PKc_E6_82.5	TEX14	1888	2171	1498	1064	1004	1479
PLK2_PKc_E4_130.5	PLK2	1888	1120	1043	204	2282	1227
RPS6KL1_PKc_E8_90.9	RPS6KL1	1886	1736	1209	886	1756	771
EIF2AK1_PKc_E7_100.3	EIF2AK1	1886	2087	1554	2220	3256	2629
IKBKB_PKc_E2_63.1	IKBKB	1885	1080	1094	1423	1935	1402
MAP3K12_PKc_E3_140.5	MAP3K12	1884	2344	1794	487	886	767
CASK_PKc_E5_73.1	CASK	1883	1679	1456	1411	869	1833
MASTL_PKc1_E4_89.3	MASTL	1882	2084	1398	1480	1363	2132
LRRK2_PKc_E39_101	LRRK2	1882	1902	1611	2044	1072	1529
EIF2AK3_PKc_E14_168.13	EIF2AK3	1882	2176	1297	1313	1923	914
RPS6KA3_PKc2_E15_126.4	RPS6KA3	1881	1535	1613	1640	1643	1877
MKNK1_PKc_E9_56	MKNK1	1881	1939	1450	1422	1204	2014
MAPK8_PKc_E6_166.1	MAPK8	1881	2411	1923	731	2043	1126
MAP3K11_PKc_E1_403.17	MAP3K11	1881	2320	1972	1269	991	985
CAMK2D_PKc_E4_55.2	CAMK2D	1881	3427	1682	1812	2138	1925
MYO3B_PKc_E4_105.6	MYO3B	1880	1905	2223	1017	1824	2547
MYLK2_PKc_E5_41.3	MYLK2	1880	1929	1329	1096	2805	2362
TNK1_PKc_E5_156.19	TNK1	1879	2271	1461	2106	2202	2590
RPS6KA4_PKc2_E12_94	RPS6KA4	1879	1359	1404	1336	502	367
PDPK1_PKc_E2_48.2	PDPK1	1879	1999	1832	3131	1069	1786
neg16	CONTROL	1879	2604	2456	3259	2962	6378
ACVR1_PKc_E11_102.2	ACVR1	1879	3070	1954	1396	1542	2876
PDGFRA_PKc_E13_105.11	PDGFRA	1878	2369	3151	3534	4402	2742
ZAK_PKc_E7_138.15	ZAK	1877	1433	1995	1948	3486	1877
NIM1K_PKc_E3_269.24	NIM1K	1876	2347	1185	2049	1227	579
MAPKAPK5_PKc_E6_90.2	MAPKAPK5	1876	2534	1483	3864	4017	2215
IRAK2_PKc_E7_115.4	IRAK2	1876	3149	2596	3894	2904	2594
CSNK1G1_PKc_E6_235.8	CSNK1G1	1876	3370	2389	3328	1348	2530
CDK16_PKc_E7_95.4	CDK16	1876	2089	2035	1074	2904	1651
ROCK1_PKc_E4_138.9	ROCK1	1875	1732	1694	2065	1238	1559
PRKG2_PKc_E15_164.13	PRKG2	1875	1000	1567	2098	1938	1671
PIK3R4_PKc_E2_661.16	PIK3R4	1875	3341	2241	0	230	155
TRPM7_PKc_E38_88.3	TRPM7	1874	2771	1787	579	853	1520
RIPK1_PKc_E5_150.8	RIPK1	1874	1760	1755	1146	2149	1271
PRKX_PKc_E2_169.1	PRKX	1874	2529	1487	1428	1950	1506
PRKX_PKc_E1_52.2	PRKX	1874	2533	1986	1926	1759	2219
MET_PKc_E16_81.3	MET	1874	1174	1450	1010	1610	2173
MASTL_PKc1_E2_138.1	MASTL	1874	1543	1534	20	328	67
CDK11B_PKc_E13_122.7	CDK11B	1874	1604	1424	2249	1569	2225
YES1_PKc_E12_203.2	YES1	1872	1875	1429	2380	906	1095
PRKAA2_PKc_E3_94.7	PRKAA2	1871	3579	3041	2311	1651	2775
OBSCN_PKc_E91_153.22	OBSCN	1870	1647	2359	1508	5321	856
TNNI3K_PKc_E16_195.12	TNNI3K	1868	1865	2315	812	2429	2290
SYK_PKc_E13_113.7	SYK	1868	1158	1808	940	2518	1007
MAP2K5_PKc_E11_82	MAP2K5	1868	2541	1684	3157	1025	2479
GUCY2D_PKc_E8_81.5	GUCY2D	1868	2395	1576	1593	939	1418
GRK4_PKc_E7_45.3	GRK4	1868	1663	1895	444	3860	1276
PSKH1_PKc_E2_672.73	PSKH1	1866	2200	1836	1130	1710	1286
FRK_PKc_E7_166.2	FRK	1866	3820	2551	4080	2350	3727
RIOK1_PKc_E7_113.4	RIOK1	1865	2315	1973	3	193	792
INSR_PKc_E17_213.25	INSR	1865	3323	1405	1199	2289	821
GSK3A_PKc_E7_98.2	GSK3A	1865	1915	1764	1583	1877	1320
CSF1R_PKc_E16_89.3	CSF1R	1865	2560	1536	567	1325	1202
CDC42BPB_PKc_E4_96.3	CDC42BPB	1865	1480	1231	1667	1057	2153
ACVRL1_PKc_E8_198.28	ACVRL1	1865	735	1286	650	1224	1073
TRIB3_PKc_E3_293.33	TRIB3	1864	1743	1822	2036	1394	2416
ERN1_PKc_E18_148.14	ERN1	1864	2779	1405	1852	3133	1647
TNK2_PKc_E5_153.8	TNK2	1863	2413	1583	1393	2195	611
EIF2AK1_PKc_E5_72.4	EIF2AK1	1862	1945	1797	1612	1351	2476
ROS1_PKc_E36_108.6	ROS1	1860	2191	1781	1201	2265	1686
STK38L_PKc_E6_124.11	STK38L	1858	1945	1745	2161	3417	4249
STK24_PKc_E6_186.15	STK24	1858	2013	1283	1714	943	901
MAST4_PKc_E19_102.3	MAST4	1858	886	1404	1074	1769	1713
HIPK1_PKc_E5_87.3	HIPK1	1858	1820	1908	885	2760	1241
SCYL2_PKc_E4_145	SCYL2	1857	2381	2099	1569	3160	1596
PLK3_PKc_E6_96.1	PLK3	1856	1665	2418	1026	1179	2711
MAST2_PKc_E16_139.11	MAST2	1856	1989	1858	2110	1196	1291
CSNK1G2_PKc_E2_55.5	CSNK1G2	1855	2424	1747	2095	2032	2128
CDK11B_PKc_E15_122.1	CDK11B	1854	2923	2284	1465	615	810
CASK_PKc_E6_103.2	CASK	1854	1793	1746	1686	2404	1740
CAMK2A_PKc_E6_73.3	CAMK2A	1854	2552	1861	1697	2464	1313
BUB1B_PKc_E22_107.9	BUB1B	1854	2288	1497	143	462	58
RPS6KA2_PKc2_E15_90.7	RPS6KA2	1853	2072	2278	1319	2603	983
CSNK2A2_PKc_E3_102.5	CSNK2A2	1852	2241	2336	2591	3236	2902
CAMKK1_PKc_E5_52	CAMKK1	1852	2417	1564	905	1929	1431
RPS6KA3_PKc2_E21_141.1	RPS6KA3	1851	1972	1215	2447	624	2245
TSSK1B_PKc_E1_789.59	TSSK1B	1850	1992	1940	1016	2278	1104
SIK1_PKc_E3_117.1	SIK1	1850	1320	1256	3035	1253	1470
RET_PKc_E12_118.2	RET	1850	2731	1349	2949	1255	1675
MAP2K4_PKc_E7_128.3	MAP2K4	1850	1956	2050	1455	2216	1343
EIF2AK4_PKc2_E17_55	EIF2AK4	1849	1953	1871	2338	1986	1364
TRRAP_PKc_E68_218.2	TRRAP	1848	1963	2213	793	2	360
NEK1_PKc_E6_84	NEK1	1847	2005	1742	1189	2685	1242
AK1_PKc_E5_117.13	AK1	1847	1789	1452	1236	1587	1150
RIPK4_PKc_E1_110.8	RIPK4	1846	1557	1461	2307	1993	1575
CDK2_PKc_E2_78.3	CDK2	1846	2482	1541	484	448	225
ERBB4_PKc_E17_54	ERBB4	1845	2804	2244	1924	987	3098
CDK9_PKc_E1_77.4	CDK9	1845	1704	1675	80	485	231
RPS6KA1_PKc_E4_82.9	RPS6KA1	1844	2385	2226	2215	3972	1974
MAST1_PKc_E14_133.6	MAST1	1842	1450	1525	1653	779	604
EIF2AK3_PKc_E16_63.2	EIF2AK3	1842	2136	1953	2743	2628	2669
ERBB3_PKc_E19_99.4	ERBB3	1841	1586	1217	591	1061	848
NEK2_PKc_E5_127.4	NEK2	1840	1181	1191	602	1175	335
JAK3_PKc2_E20_125.11	JAK3	1840	2275	2527	2031	805	1581
CLK3_PKc_E6_117	CLK3	1840	2163	2031	1622	2242	1514
PRKCQ_PKc_E14_63.1	PRKCQ	1839	1372	1475	1639	1282	1427
NIM1K_PKc_E3_269.33	NIM1K	1839	1876	1314	773	2128	857
WNK1_PKc_E1_177.4	WNK1	1838	2425	2311	336	0	607
STK24_PKc_E7_102.2	STK24	1838	2262	2087	1868	963	1720
PKN3_PKc_E18_77.5	PKN3	1838	1784	1937	2998	2578	1477
ATR_PKc_E42_151.4	ATR	1838	1901	1670	122	32	518
PAK7_PKc_E10_135.21	PAK7	1837	1542	1798	2328	1633	824
MAP2K2_PKc_E7_214.15	MAP2K2	1836	2624	1993	680	3959	2201
DSTYK_PKc_E9_133	DSTYK	1835	2279	1584	2179	2179	1142
CDK15_PKc_E6_63.4	CDK15	1834	1448	1885	987	1839	1986
IRAK2_PKc_E5_78	IRAK2	1833	2500	2406	3684	2288	3969
EPHA1_PKc_E12_186.1	EPHA1	1832	877	1461	288	621	965
LIMK1_PKc_E13_157.8	LIMK1	1830	1634	1914	1775	3620	854
INSR_PKc_E21_135.15	INSR	1829	3304	3026	2638	3146	2875
TRRAP_PKc_E72_54.3	TRRAP	1824	2709	1498	484	615	823
DAPK3_PKc_E8_43	DAPK3	1823	1631	1591	1097	2022	1080
MASTL_PKc2_E9_142.23	MASTL	1822	2363	1520	1828	1114	1975
MAPK11_PKc_E3_59	MAPK11	1822	2094	1587	1456	667	780
ARAF_PKc_E14_132.7	ARAF	1822	2341	2240	4942	1298	3007
ROR1_PKc_E9_849.12	ROR1	1821	2833	1711	1121	1551	2399
CDK10_PKc_E7_53.1	CDK10	1821	2285	2140	1461	1512	1538
CDK12_PKc_E9_78.1	CDK12	1820	2126	2518	2769	2149	1367
SLK_PKc_E2_165.3	SLK	1819	2141	1747	1416	1736	1269
INSR_PKc_E19_160.7	INSR	1819	1644	1207	933	850	1440
ERBB4_PKc_E22_76.2	ERBB4	1819	1735	1961	849	815	1576
CAMK2G_PKc_E5_66.2	CAMK2G	1819	952	1178	1330	2260	730
TTN_PKc_E358_736.25	TTN	1818	1911	2009	1572	2989	1767
PLK3_PKc_E2_108.3	PLK3	1816	2503	1851	4379	3364	1409
CSF1R_PKc_E12_127.12	CSF1R	1816	1864	1768	1875	1658	2056
AXL_PKc_E14_78.7	AXL	1816	2650	2430	3626	2176	1630
VRK2_PKc_E2_91.4	VRK2	1815	2219	1652	402	3254	1579
STK33_PKc_E6_105	STK33	1815	2167	1161	1198	3154	3598
CSK_PKc_E7_61.3	CSK	1815	2998	2065	3108	5174	3744
CHUK_PKc_E1_63.6	CHUK	1815	2512	1618	2681	2684	1109
PIM2_PKc_E5_177.23	PIM2	1814	3042	2375	1385	3300	4052
CDK9_e5.2	CDK9	1813	1657	1476	271	155	432
CHEK1_PKc_E2_65.4	CHEK1	1812	3069	1945	0	0	453
UHMK1_PKc_E4_95.4	UHMK1	1811	2623	1772	1036	1078	1724
STYK1_PKc_E9_41.1	STYK1	1811	2408	1879	1159	1524	2156
STK26_PKc_E6_158.7	STK26	1810	2165	1849	892	575	2149
CAMK2D_PKc_E3_60	CAMK2D	1809	1999	1904	2415	2231	1324
CLK2_PKc_E6_117.1	CLK2	1808	2412	1433	1470	2093	1244
RIPK2_PKc_E4_158.7	RIPK2	1807	1799	1766	1936	2023	1047
MAP2K1_PKc_E6_125.2	MAP2K1	1807	2785	2090	1794	2460	2382
TYK2_PKc2_E24_111.8	TYK2	1804	1693	1717	1482	4037	549
PRKD2_PKc_E15_99.1	PRKD2	1804	1797	1737	962	2012	1499
MAP3K12_PKc_E6_159.21	MAP3K12	1804	1558	2064	2382	881	2545
AURKB_PKc_E5_191.1	AURKB	1804	2426	2520	611	378	517
SBK1_PKc_E4_522.84	SBK1	1803	2698	1719	3183	1623	1019
GRK5_PKc_E12_209.8	GRK5	1803	1606	1339	2198	1500	1887
CDC42BPB_PKc_E1_169.12	CDC42BPB	1803	1848	2274	1477	2421	2631
CAMK1D_PKc_E5_127.8	CAMK1D	1803	1888	2363	5017	2194	2799
STK33_PKc_E7_139	STK33	1802	2173	1886	953	1463	2531
SCYL2_PKc_E6_222.9	SCYL2	1802	1555	1677	256	1277	804
neg31	CONTROL	1801	1604	994	851	1459	1211
CDK11A_PKc_E15_122.4	CDK11A	1800	1975	1380	1320	1027	851
TSSK3_PKc_E2_650.2	TSSK3	1799	1789	1599	574	904	1103
ITK_PKc_E16_158.15	ITK	1799	2201	1656	3888	1725	1925
STK10_PKc_E3_49.5	STK10	1798	1549	1464	2069	1312	1407
PBK_PKc_E8_191	PBK	1797	1351	1736	1472	3172	2577
neg13	CONTROL	1797	1667	1645	1073	1713	1686
MTOR_PKc_E48_148.19	MTOR	1797	1752	1805	318	442	177
CDK3_PKc_E7_204.1	CDK3	1797	979	1453	982	1498	1399
ROCK2_PKc_E4_138	ROCK2	1796	1255	1939	3796	2062	1640
RET_PKc_E16_71	RET	1796	2236	1757	3219	2858	1207
NEK10_PKc_E23_103	NEK10	1796	1574	1552	2032	882	1354
MAP2K6_PKc_E9_78.5	MAP2K6	1796	2038	2347	1743	3726	1155
CDC42BPB_PKc_E3_84.2	CDC42BPB	1796	3302	2818	4947	2979	2261
EPHB2_PKc_E13_150.22	EPHB2	1791	1538	1457	1984	1155	2015
IRAK3_PKc_E7_115.3	IRAK3	1790	2777	1737	4757	2057	1861
IRAK1_PKc_E9_208.4	IRAK1	1790	1023	1781	1348	1891	2743
TIE1_PKc_E20_41.2	TIE1	1789	1714	993	924	1252	1308
NPR2_PKc_E13_160.8	NPR2	1788	2429	2007	1333	2637	2625
TRPM7_PKc_E34_228.12	TRPM7	1786	891	1392	1319	505	888
MAP3K6_PKc_E17_137.9	MAP3K6	1786	4175	1996	1232	2395	1553
EPHB4_PKc_E13_216.23	EPHB4	1786	1347	1201	3101	738	1577
GRK6_PKc_E8_141.5	GRK6	1785	2418	1500	1566	736	1199
CDK1_PKc_E6_164	CDK1	1785	2107	1686	67	8	1178
CASK_PKc_E8_123.4	CASK	1784	1930	1544	1548	2527	3638
STK32B_PKc_E2_45.2	STK32B	1783	1995	1918	1998	3937	2488
MARK3_PKc_E8_237.3	MARK3	1783	1917	1424	1873	1892	2542
MAPK3_PKc_E2_183	MAPK3	1783	1181	2308	2184	2562	3494
PRKD1_PKc_E16_268.7	PRKD1	1782	1907	1497	1360	990	833
OXSR1_PKc_E5_56	OXSR1	1782	2491	1464	994	877	1932
MAPK14_PKc_E4_112.4	MAPK14	1781	1674	1909	1635	2874	1471
KIT_PKc_E14_151.6	KIT	1781	2249	2487	1899	2451	2905
PKN1_PKc_E14_42.4	PKN1	1780	2126	1690	2416	1261	1409
PDK3_PKc_E1_34	PDK3	1779	1338	909	1779	1303	906
SPEG_PKc2_E35_168.25	SPEG	1778	1329	1403	1113	3162	2923
MAPK6_PKc_E2_516.38	MAPK6	1778	2130	2110	3445	2385	1760
FRK_PKc_E5_159.6	FRK	1777	2513	1841	2043	2128	1035
MAPK15_PKc_E4_91.8	MAPK15	1776	1044	1216	1489	1703	1325
JAK1_PKc_E17_152.6	JAK1	1776	2440	1005	537	1111	495
EPHB2_PKc_E14_150.11	EPHB2	1776	2190	2212	2334	1746	2877
ADCK5_PKc_E12_52.5	ADCK5	1776	3280	2234	1783	1353	1310
PDK3_PKc_E3_72.1	PDK3	1775	2623	2567	3067	4100	1724
neg32	CONTROL	1775	2201	1857	1611	2413	2829
RPS6KA4_PKc_E2_34	RPS6KA4	1773	2256	1699	2594	2050	1689
AK1_PKc_E4_164.19	AK1	1772	1708	1885	2918	3252	1989
ADCK5_PKc_E8_132.7	ADCK5	1772	1603	1872	2143	2122	1597
FGFR3_PKc_E12_111.1	FGFR3	1771	1530	2100	2331	2412	1612
NRBP1_PKc_E3_123	NRBP1	1768	1834	2050	846	1178	1438
LCK_PKc_E12_132.1	LCK	1767	999	1164	986	1102	894
MAP3K14_PKc_E8_132.6	MAP3K14	1766	1224	1431	1253	903	1162
SGK494_PKc_E3_84	SGK494	1765	2590	1893	3152	989	2537
TNK1_PKc_E5_156.5	TNK1	1764	1960	1815	1163	1563	1815
LATS1_PKc_E7_107.6	LATS1	1764	2577	1589	3163	3135	2084
ACVR1_PKc_E6_40	ACVR1	1764	1912	1781	2098	1681	1661
SGK2_PKc_E4_84.4	SGK2	1762	2207	1796	1777	3277	1399
FYN_PKc_E9_82.12	FYN	1762	989	2026	2064	1945	3633
TSSK4_PKc_E2_215.28	TSSK4	1761	1714	2101	2339	1933	1696
NTRK1_PKc_E14_173.1	NTRK1	1761	1339	1821	1928	2003	2385
PKN2_PKc_E17_63	PKN2	1759	2361	1799	993	1218	1117
CHEK1_PKc_E3_224.1	CHEK1	1759	2510	1798	197	386	425
CDK15_PKc_E5_95.2	CDK15	1759	2286	2095	3307	2375	3171
MKNK1_PKc_E7_105.6	MKNK1	1758	2273	1561	1578	2496	1792
CSK_PKc_E12_87	CSK	1758	2163	2244	2976	808	1756
EPHA7_PKc_E13_210.13	EPHA7	1755	1892	1494	1034	1453	745
NRBP1_PKc_E8_84.1	NRBP1	1754	1555	1436	410	1487	1290
TSSK3_PKc_E1_121.13	TSSK3	1753	1746	1749	1217	1645	1077
ERBB2_PKc_E22_76.9	ERBB2	1752	1681	1406	1001	876	318
AKT1_PKc_E8_69.2	AKT1	1752	2032	2348	1441	3790	1818
DYRK2_PKc_E3_1140.32	DYRK2	1751	1758	1239	1422	1074	1193
WNK2_PKc_E2_173.6	WNK2	1749	2321	1270	887	1282	798
MLKL_PKc_E7_82.3	MLKL	1749	1785	2344	2165	4868	3036
CDK9_e4.1	CDK9	1749	1883	1551	1891	645	318
EPHA3_PKc_E12_62.2	EPHA3	1748	1372	1587	682	805	1379
CSNK1E_PKc_E3_111.11	CSNK1E	1748	1470	1546	1567	1579	1099
RPS6KA1_PKc2_E18_162.1	RPS6KA1	1747	1521	1827	1932	1576	1081
NEK9_PKc_E4_71	NEK9	1747	2345	1850	275	1984	729
RPS6KA6_PKc_E3_42.4	RPS6KA6	1744	1604	1769	703	1657	710
CDKL2_PKc_E3_195.7	CDKL2	1744	2050	2085	2134	3549	1644
RPS6KB1_PKc_E4_69	RPS6KB1	1743	2363	1760	2451	2410	2376
NUAK1_PKc_E5_120.6	NUAK1	1743	1565	1341	1257	704	682
MKNK2_PKc_E8_105.12	MKNK2	1743	2031	2046	1684	1889	2072
WNK3_PKc_E4_221.16	WNK3	1742	1563	1496	1747	1506	1946
TRIB2_PKc_E3_361.52	TRIB2	1742	1535	1336	903	2383	2150
MAPK1_PKc_E1_65.1	MAPK1	1742	1734	2228	1087	834	1742
EEF2K_PKc_E8_133	EEF2K	1742	2762	2073	2145	2201	3146
CDK7_PKc_E5_69.2	CDK7	1742	1285	2005	508	647	97
CDK13_PKc_E8_102.1	CDK13	1742	2690	3194	265	1311	1515
PAK1_PKc_E8_53.2	PAK1	1741	3018	1820	1881	1612	1099
OBSCN_PKc_E89_173.11	OBSCN	1739	1898	1509	2441	332	1371
RAF1_PKc_E11_85.12	RAF1	1738	1769	1506	1682	1714	1998
FRK_PKc_E6_182.11	FRK	1737	984	916	1235	2079	366
EEF2K_PKc_E6_172.2	EEF2K	1737	2255	1579	2226	1257	1150
CDKL2_PKc_E4_179.16	CDKL2	1737	1856	1818	1304	2181	1726
IRAK3_PKc_E8_119.1	IRAK3	1736	1820	1982	1089	1285	1609
IGF1R_PKc_E17_111.7	IGF1R	1736	1544	1139	413	850	585
PRKX_PKc_E7_78.2	PRKX	1735	1147	1077	1855	2824	2040
FLT4_PKc_E22_95	FLT4	1735	2545	1769	1840	2752	1665
AK1_PKc_E5_117.2	AK1	1735	1866	1600	1007	1948	858
MAP3K6_PKc_E15_134.22	MAP3K6	1734	2103	1142	1083	1847	881
ATR_PKc_E41_144.3	ATR	1734	978	1574	128	174	84
SBK2_PKc_E3_203.21	SBK2	1733	2072	2783	907	2939	1419
CSNK1D_PKc_E1_55.3	CSNK1D	1733	2102	1810	1381	1488	1198
BRSK1_PKc_E2_95.4	BRSK1	1732	1436	1423	1845	1918	1453
PRKG1_PKc_E12_90.2	PRKG1	1731	3209	2656	1682	2410	2756
MARK3_PKc_E2_81.3	MARK3	1730	2058	1631	2912	1947	2055
PHKG2_PKc_E5_66.2	PHKG2	1729	2070	1438	953	1321	555
PAK1_PKc_E12_100	PAK1	1729	1886	1960	1950	3217	1659
MARK4_PKc_E6_71.4	MARK4	1729	2168	1871	1476	1802	2167
AK2_PKc_E6_159.21	AK2	1729	1455	1882	1514	999	1188
AAK1_PKc_E6_122	AAK1	1729	1512	1278	1836	678	1264
JAK2_PKc2_E24_114.2	JAK2	1728	1774	1434	1048	3254	979
SRC_PKc_E14_206	SRC	1727	2716	1910	2115	2176	1737
NPR2_PKc_E9_75.6	NPR2	1727	2299	1790	980	1171	1722
VRK3_PKc_E6_65.2	VRK3	1725	1951	1894	1808	3597	1696
SIK2_PKc_E2_117	SIK2	1725	1132	1152	1388	2195	1913
ABL2_PKc_E7_178.9	ABL2	1725	2525	2262	3808	3013	1748
MARK4_PKc_E8_237.22	MARK4	1723	2997	2432	1400	624	1785
CDK1_PKc_E2_37.1	CDK1	1723	3253	2525	3608	2767	1605
FRK_PKc_E4_127.1	FRK	1721	1529	1330	1274	1913	742
PTK2_PKc_E16_90.1	PTK2	1720	2250	1455	417	961	683
PAK6_PKc_E6_204.1	PAK6	1720	1412	1793	1162	1285	1603
LIMK2_PKc_E10_57.4	LIMK2	1719	2517	1998	2408	934	2453
CDC42BPA_PKc_E4_96	CDC42BPA	1719	1262	1888	1067	1761	2758
ERBB3_PKc_E18_75.4	ERBB3	1718	2941	2738	2508	1965	1329
BRSK1_PKc_E3_86	BRSK1	1718	2479	1730	1534	3298	1418
MINK1_PKc_E2_66.6	MINK1	1717	2505	1728	1275	1522	511
ICK_PKc_E5_122.2	ICK	1717	2993	2359	2702	3597	2558
MAPK11_PKc_E4_112.3	MAPK11	1715	2836	1832	1980	2325	2250
KDR_PKc_E21_154.5	KDR	1715	3064	2460	3315	1035	2387
MATK_PKc_E11_74.3	MATK	1714	1246	1898	1439	844	1153
CDK1_e4.1	CDK1	1713	2044	1606	0	226	10
EIF2AK2_PKc_E11_123.3	EIF2AK2	1712	2641	2285	1786	3241	1626
DYRK4_PKc_E8_82.5	DYRK4	1712	1898	1909	1226	2018	2049
CDC7_PKc_E7_250.6	CDC7	1709	1936	1407	524	124	325
PLK4_PKc_E3_96.2	PLK4	1707	2012	1159	255	866	0
ROS1_PKc_E37_65	ROS1	1706	2252	1986	631	1987	1636
MAPK6_PKc_E4_165.6	MAPK6	1705	2582	1509	1143	934	2534
VRK3_PKc_E8_85.5	VRK3	1704	1016	1305	1813	1058	1690
PRKCE_PKc_E11_155.2	PRKCE	1704	1851	1633	1628	575	1791
TAOK2_PKc_E6_97.9	TAOK2	1702	3160	1964	1132	2188	776
CSNK1G3_PKc_E3_41	CSNK1G3	1701	2615	2065	1890	722	1409
ATM_PKc_E60_115.5	ATM	1701	2319	1954	1048	994	356
KSR1_PKc_E19_132.13	KSR1	1700	1995	2340	1627	3303	1751
JAK1_PKc2_E19_95.2	JAK1	1699	1915	1448	766	1296	2528
CDK16_PKc_E5_36	CDK16	1699	2509	2069	2948	2075	2347
TEC_PKc_E14_217	TEC	1698	1480	1904	1145	1891	1665
MYLK3_PKc_E8_142	MYLK3	1698	2570	1953	806	2869	823
MARK1_PKc_E8_237.15	MARK1	1698	2012	1642	454	1195	1670
ALK_PKc_E22_65.1	ALK	1697	1933	1192	1448	1255	1083
BUB1_PKc_E25_157.4	BUB1	1696	1072	1953	440	772	494
WEE2_PKc_E9_171.7	WEE2	1695	2638	1696	3243	2390	2151
ULK4_PKc_E7_84.1	ULK4	1695	1364	1457	795	2404	1022
TLK2_PKc_E22_108.1	TLK2	1695	1678	2325	1149	1010	1294
RPA3_e1.1	RPA3	1692	1576	1401	1410	252	91
VRK1_PKc_E7_93	VRK1	1691	1417	1798	183	675	191
PSKH2_PKc_E3_108.5	PSKH2	1691	1491	1651	3331	1649	2324
MAP3K3_PKc_E14_132	MAP3K3	1691	2007	1867	1687	2378	1027
MAPKAPK5_PKc_E2_68.2	MAPKAPK5	1690	2803	1734	1640	3001	799
STK32B_PKc_E5_38	STK32B	1689	2546	1996	1084	2452	2843
SPEG_PKc2_E33_168.1	SPEG	1689	1476	1517	1377	2865	1018
neg07	CONTROL	1687	3605	2760	3831	4164	3884
KIAA1804_PKc_E2_181.12	KIAA1804	1687	2129	1820	1856	1023	2569
SMG1_PKc_E44_110.2	SMG1	1686	1337	1273	298	929	246
EPHA5_PKc_E14_210.8	EPHA5	1684	1764	1477	926	3583	1269
TXK_PKc_E14_158.4	TXK	1683	1646	1669	1863	1724	646
PCNA_e2.2	PCNA	1683	2332	1690	273	0	274
MYLK3_PKc_E10_129.9	MYLK3	1681	1355	945	2071	536	1036
ADCK5_PKc_E11_79.1	ADCK5	1681	2274	1410	565	2370	622
EPHA1_PKc_E15_150.26	EPHA1	1680	2768	2061	2033	2882	1681
RPS6KL1_PKc_E9_83	RPS6KL1	1679	1831	880	1203	1754	995
TNK2_PKc_E6_278.3	TNK2	1678	1915	1643	2354	612	1878
EPHB2_PKc_E10_43.1	EPHB2	1678	2102	2102	1419	1695	2276
DAPK3_PKc_E3_361.58	DAPK3	1678	2413	1405	1938	981	1197
SBK3_PKc_E4_525.38	SBK3	1676	1587	1105	1594	1977	1330
MAP3K9_PKc_E5_68.2	MAP3K9	1675	1128	1187	1677	925	1155
DAPK3_PKc_E2_44	DAPK3	1675	2369	1656	1325	770	1191
NRK_PKc_E4_72.4	NRK	1674	1552	1498	3090	2794	2037
DDR2_PKc_E19_120.5	DDR2	1674	975	958	1883	1232	1714
PDGFRB_PKc_E12_124.1	PDGFRB	1672	1368	1649	1839	2387	1598
PRKCH_PKc_E10_155.8	PRKCH	1671	2956	2097	3624	2729	2932
PIM2_PKc_E2_81	PIM2	1670	1553	1484	2288	1732	1597
CHEK2_PKc_E8_62.1	CHEK2	1669	2535	1243	1537	1226	1139
CDK20_PKc_E1_75.1	CDK20	1669	2078	1424	1267	1739	1849
STK17A_PKc_E2_213.9	STK17A	1667	2734	2198	1664	431	1844
MARK2_PKc_E5_66.1	MARK2	1667	2165	1319	972	1771	445
CDKL3_PKc_E3_195.2	CDKL3	1667	1319	935	953	1072	925
BMP2K_PKc_E5_122.2	BMP2K	1667	1847	1584	1197	1742	1697
CLK1_PKc_E6_117.1	CLK1	1666	1516	843	539	863	569
ADRBK2_PKc_E8_92.2	ADRBK2	1666	1084	927	984	1362	1211
TNIK_PKc_E2_66.8	TNIK	1665	1715	1009	333	447	843
ZAK_PKc_E4_102.3	ZAK	1664	1669	1764	2814	1649	3570
TNIK_PKc_E4_126.7	TNIK	1663	2541	1657	2310	3227	2748
STK39_PKc_E4_142	STK39	1662	1763	1788	2342	1273	1032
LRRK1_PKc_E25_124.6	LRRK1	1662	1247	1285	2201	2540	1466
STK17B_PKc_E5_127.2	STK17B	1660	2949	2111	1053	913	1716
MAP3K14_PKc_E9_105.1	MAP3K14	1659	1298	1410	1006	2575	1138
MAP3K2_PKc_E12_138.9	MAP3K2	1658	1904	1461	1274	99	1383
MINK1_PKc_E5_111.5	MINK1	1657	1705	1312	1304	2527	1756
HIPK4_PKc_E1_435.51	HIPK4	1657	1937	1686	2563	1984	3657
PRKAA1_PKc_E2_142.3	PRKAA1	1656	2260	2129	2891	2252	1772
MAP3K13_PKc_E5_159.6	MAP3K13	1654	2446	1414	1049	1240	1421
neg21	CONTROL	1653	1937	2311	1913	2184	1980
YES1_PKc_E9_77.4	YES1	1650	2131	1193	2198	924	1655
DDR2_PKc_E18_150.9	DDR2	1649	1926	1395	624	860	570
PLK3_PKc_E5_88.1	PLK3	1648	3166	2394	2616	1919	2288
MARK2_PKc_E4_49.1	MARK2	1648	2407	1423	3616	2561	1746
CAMKK2_PKc_E9_89.6	CAMKK2	1647	2286	1561	1764	4937	1214
STK3_PKc_E4_41	STK3	1645	1811	2531	1411	3619	2418
EPHA7_PKc_E15_150.1	EPHA7	1645	2344	2177	3068	1740	2080
STK25_PKc_E3_219	STK25	1644	2226	1628	2192	2194	1503
GCK_PKc_E6_100.5	GCK	1644	1805	1393	6306	624	1224
FGFR2_PKc_E15_71.1	FGFR2	1644	1411	609	487	1430	712
ERBB3_PKc_E20_186.13	ERBB3	1644	1829	1409	725	842	977
PRKD1_PKc_E13_107.1	PRKD1	1643	1168	1795	1100	963	1318
NEK6_PKc_E5_63	NEK6	1643	2190	1732	1687	595	2136
IRAK1_PKc_E10_66.4	IRAK1	1643	1908	1540	939	1069	1552
HUNK_PKc_E6_86.5	HUNK	1643	1582	1207	1467	2180	2127
BLK_PKc_E10_77.4	BLK	1642	3022	2039	2494	1840	2598
OXSR1_PKc_E6_110.9	OXSR1	1641	2289	1910	746	259	757
EIF2AK2_PKc_E16_54.1	EIF2AK2	1641	2264	1825	1169	1719	1258
LCK_PKc_E11_154.1	LCK	1640	1762	1422	639	1753	1885
PAK7_PKc_E11_147.8	PAK7	1637	2288	1643	1585	2114	1760
MAP2K5_PKc_E13_49	MAP2K5	1637	2513	1565	1959	2267	2232
FGR_PKc_E8_52	FGR	1637	1706	1660	2169	615	2681
PRKD2_PKc_E14_162.19	PRKD2	1636	1256	1408	1515	985	2891
CSNK1D_PKc_E3_149.8	CSNK1D	1636	1628	940	607	1461	1031
ULK3_PKc_E2_141.11	ULK3	1635	2433	1290	642	2668	716
STK35_PKc_E3_695.58	STK35	1635	1555	1857	1047	2421	2210
KSR2_PKc_E15_97.1	KSR2	1634	831	974	345	888	301
STK38L_PKc_E9_62	STK38L	1633	2685	1909	1560	2233	2634
FYN_PKc_E14_197.11	FYN	1633	1720	1130	1507	1313	1600
AMHR2_PKc_E8_173.31	AMHR2	1633	962	1386	1603	1223	1095
STK17A_PKc_E3_145	STK17A	1632	1834	1544	1055	1311	1068
PRKDC_PKc_E81_90.5	PRKDC	1630	447	989	776	0	897
PKN1_PKc_E17_63	PKN1	1630	1354	1348	664	1750	2598
MINK1_PKc_E3_57	MINK1	1630	1489	1378	1694	2690	971
EPHA6_PKc_E12_126.26	EPHA6	1630	1450	1455	948	1349	439
MARK3_PKc_E7_57.1	MARK3	1629	1014	1477	1851	1458	739
HCK_PKc_E11_154.1	HCK	1629	1688	1671	1184	1841	2227
SGK2_PKc_E5_132.5	SGK2	1627	2164	1504	785	1406	1154
IKBKE_PKc_E5_130.2	IKBKE	1626	1908	1592	983	2809	1219
MARK4_PKc_E3_54.2	MARK4	1625	2151	1191	3434	1170	1034
PRKCQ_PKc_E15_139.2	PRKCQ	1624	2955	2310	2648	3542	2470
BMPR2_PKc_E6_231	BMPR2	1624	852	713	644	0	592
CDKL3_PKc_E7_66.1	CDKL3	1622	2163	1533	1041	2916	1681
HIPK4_PKc_E3_219.24	HIPK4	1621	1860	2203	2987	2769	2407
TIE1_PKc_E15_115.16	TIE1	1620	2018	2146	1494	3158	2099
PRKACG_PKc_E1_948.146	PRKACG	1620	1971	1444	739	1286	1985
PIM3_PKc_E2_81.9	PIM3	1620	2212	1343	1222	2132	1284
AMHR2_PKc_E10_137.5	AMHR2	1620	2405	2026	1108	3858	3075
ULK1_PKc_E7_74.4	ULK1	1619	2305	1345	3195	3035	791
RPS6KB2_PKc_E5_148.5	RPS6KB2	1619	2429	1809	2263	1730	1893
STK24_PKc_E5_158.6	STK24	1618	1600	1269	740	1101	1706
LYN_PKc_E9_183.5	LYN	1617	2474	2083	1396	2111	2666
MOK_PKc_E8_102.4	MOK	1615	1913	1645	1701	1775	1288
TYK2_PKc2_E19_42.1	TYK2	1614	2408	2181	2652	2070	2710
STK19_PKc_E4_108.2	STK19	1613	1754	2233	2485	1577	1290
PDK1_PKc_E6_68.2	PDK1	1613	2004	1850	2300	2560	5323
MAP2K6_PKc_E4_96.5	MAP2K6	1613	2392	1974	2292	1872	2535
EPHA10_PKc_E10_46	EPHA10	1613	1109	1353	1518	214	1098
PHKG1_PKc_E6_66.1	PHKG1	1612	2120	1638	2523	2280	1079
MAP2K7_PKc_E10_143.8	MAP2K7	1612	2164	1558	924	1181	1351
NEK4_PKc_E3_198.17	NEK4	1611	1871	1314	609	1014	714
CLK2_PKc_E5_67	CLK2	1611	1728	1448	440	1690	2080
TBK1_PKc_E6_161.8	TBK1	1610	1983	1499	1487	583	1077
PRKACA_PKc_E3_114.2	PRKACA	1609	2050	1302	1641	2102	1077
PRKD1_PKc_E17_83	PRKD1	1608	1732	970	2079	918	685
DYRK3_PKc_E3_1140.11	DYRK3	1608	1526	2094	3416	3189	2559
CDC7_PKc_E6_143.7	CDC7	1608	2196	1235	105	0	119
DYRK4_PKc_E7_139.3	DYRK4	1606	2063	1154	2072	1597	1023
MAP2K2_PKc_E9_62	MAP2K2	1605	1368	1322	1244	1468	1399
MAP2K2_PKc_E2_108.5	MAP2K2	1605	2390	1879	2898	1666	2104
ADCK4_PKc_E8_141.12	ADCK4	1604	1553	1656	1508	2249	2700
IRAK4_PKc_E10_184.6	IRAK4	1603	2065	1391	983	1916	1923
PRKCA_PKc_E10_174.1	PRKCA	1602	1880	1647	2384	1626	1217
BCR_PKc_E1_1278.242	BCR	1602	1928	1473	1209	3309	1266
ACVR1C_PKc_E8_131.1	ACVR1C	1601	1697	1850	1414	1191	2030
GSG2_PKc_E1_1371.87	GSG2	1600	1133	897	396	752	382
PRKACB_PKc_E4_99.2	PRKACB	1597	2177	2065	1832	3539	1640
TEK_PKc_E16_111	TEK	1596	1430	2368	1115	3816	2658
RIPK2_PKc_E1_116.3	RIPK2	1596	1334	1555	887	1370	1073
AKT3_PKc_E8_123.3	AKT3	1596	2809	1942	856	2889	1656
AKT1_PKc_E7_66.3	AKT1	1595	1795	1558	2082	2501	1018
ZAP70_PKc_E11_193.18	ZAP70	1593	1610	1267	68	1654	812
TESK1_PKc_E3_49.2	TESK1	1593	1888	1590	1064	760	2824
FLT4_PKc_E21_151.21	FLT4	1593	1414	1423	1574	1169	1761
CDK4_PKc_E7_136.28	CDK4	1593	1510	1157	744	2461	772
RPS6KA4_PKc_E3_219.13	RPS6KA4	1592	2203	1492	1512	1712	1296
MAK_PKc_E3_55.1	MAK	1592	2530	1708	2226	3873	2034
SIK3_PKc_E4_162.3	SIK3	1591	2248	1556	3772	440	2842
DDR2_PKc_E15_128.5	DDR2	1591	1860	1295	1956	1260	1222
ABL1_PKc_E8_153.18	ABL1	1591	2081	1465	724	904	1012
VRK3_PKc_E9_106.14	VRK3	1590	1130	1446	921	1169	1683
MYLK4_PKc_E6_110.3	MYLK4	1589	2072	1783	1825	3399	2093
AATK_PKc_E7_134.11	AATK	1589	1975	970	614	1151	804
MTOR_PKc_E49_123.6	MTOR	1587	1833	1021	180	0	70
EPHA3_PKc_E13_210.12	EPHA3	1586	1814	2534	3439	4892	3274
CDK17_PKc_E11_121.4	CDK17	1586	1733	1167	4898	1497	1639
TNNI3K_PKc_E19_53	TNNI3K	1584	2310	2105	2089	1774	2006
MAPKAPK3_PKc_E5_140.4	MAPKAPK3	1583	1627	1474	2322	4339	595
MAP3K2_PKc_E14_130.2	MAP3K2	1583	1951	1443	2788	2516	1442
LMTK2_PKc_E7_134.1	LMTK2	1583	1440	1405	436	2322	1900
WNK3_PKc_E7_52.1	WNK3	1581	1266	1144	1811	1174	1304
LATS1_PKc_E5_487.26	LATS1	1581	1601	1218	1054	1067	1332
PRKCD_PKc_E14_92.12	PRKCD	1580	559	1661	1066	1685	750
ACVRL1_PKc_E8_198.4	ACVRL1	1579	1557	1106	787	839	1744
WNK1_PKc_E4_158.11	WNK1	1578	1129	1519	66	417	385
FGFR4_PKc_E13_191.1	FGFR4	1577	1560	1625	843	2143	1534
EPHA1_PKc_E14_207.8	EPHA1	1577	2134	2109	2814	1972	2171
CDKL5_PKc_E5_137.5	CDKL5	1577	2382	1996	1874	2480	1804
RAF1_PKc_E14_119.3	RAF1	1576	1680	1767	1939	2050	1860
PTK7_PKc_E18_152.17	PTK7	1576	926	1062	1341	1431	2324
PASK_PKc_E13_126.11	PASK	1576	1096	1484	972	905	2832
AK2_PKc_E6_159.19	AK2	1575	1383	1831	1103	631	993
EIF2AK3_PKc_E12_103.6	EIF2AK3	1574	1597	1126	1067	1240	1114
DCLK3_PKc_E2_390.6	DCLK3	1573	1492	1074	803	1144	999
TEK_PKc_E20_41	TEK	1572	2149	2157	5268	3258	1604
STK36_PKc_E2_81.8	STK36	1570	972	1299	1006	1667	482
MKNK2_PKc_E10_96.5	MKNK2	1570	2566	1333	1697	1932	1207
MAST4_PKc_E14_41.1	MAST4	1570	1194	1614	1424	1625	1090
ADCK1_PKc_E7_117.13	ADCK1	1569	1969	1227	767	1865	1265
PRKD3_PKc_E12_64.4	PRKD3	1568	2062	1523	2079	3364	995
ULK2_PKc_E8_102.3	ULK2	1567	2378	1645	1005	1525	1775
RPS6KB1_PKc_E5_148.2	RPS6KB1	1567	1734	1632	202	258	182
INSR_PKc_E18_111.11	INSR	1566	1638	1699	862	496	1008
DCLK2_PKc_E10_120.6	DCLK2	1566	2193	1769	1757	1474	2120
TTK_PKc_E15_158.2	TTK	1563	1498	1288	531	97	1055
PDPK1_PKc_E2_48.4	PDPK1	1563	1284	1163	1498	742	1171
MASTL_PKc2_E10_114.6	MASTL	1563	1437	927	0	36	9
CAMK2B_PKc_E4_55	CAMK2B	1563	1877	1350	2172	806	1755
STK25_PKc_E6_158.1	STK25	1562	1451	1175	527	969	1362
CDKL3_PKc_E5_113.2	CDKL3	1562	2512	1261	1417	1026	991
CAMK2A_PKc_E2_95	CAMK2A	1560	2326	1977	1930	1699	1342
TTBK2_PKc_E3_148.2	TTBK2	1559	1746	1409	2119	3219	1021
MYO3B_PKc_E3_135.4	MYO3B	1559	1382	1872	1937	3066	2283
LMTK2_PKc_E5_119.2	LMTK2	1559	2070	1679	1111	3170	1708
PRKCI_PKc_E15_80	PRKCI	1558	1777	1409	1186	670	975
MAP3K10_PKc_E2_181.22	MAP3K10	1556	988	1387	852	956	787
LATS2_PKc_E6_183.4	LATS2	1556	1426	1099	934	3147	1478
PTK6_PKc_E8_164.19	PTK6	1555	1642	1806	2871	1763	1054
RPS6KB2_PKc_E7_101	RPS6KB2	1554	1892	1248	4038	1294	1230
PTK6_PKc_E4_121.6	PTK6	1552	1697	2134	615	764	2078
LATS1_PKc_E6_183.19	LATS1	1552	1627	1090	1331	2391	2404
MAST2_PKc_E17_133.14	MAST2	1550	2449	1764	716	904	1062
MAPKAPK3_PKc_E4_105.8	MAPKAPK3	1550	2498	1497	2187	1146	1947
POLR2A_e27.1	POLR2A	1548	1587	899	440	1067	135
MAP3K14_PKc_E11_151.18	MAP3K14	1548	1709	1436	1867	1449	1822
BUB1_PKc_E21_162.7	BUB1	1548	1911	1730	248	604	312
SGK2_PKc_E6_113.1	SGK2	1546	2089	1240	4217	1733	1166
GRK4_PKc_E9_191.15	GRK4	1546	1058	1827	1022	2614	1269
BMP2K_PKc_E3_106.5	BMP2K	1546	2003	1924	712	1002	1617
DCLK3_PKc_E3_133.3	DCLK3	1545	3213	1918	2003	3383	1360
EIF2AK3_PKc_E11_123.1	EIF2AK3	1544	1777	1980	1770	2698	2468
CIT_PKc_E9_154.9	CIT	1543	1058	1318	999	1680	1582
POMK_PKc_E4_39	POMK	1542	1550	1489	1585	1194	3022
MAP3K7_PKc_E3_66.4	MAP3K7	1541	1470	1748	901	3768	1510
LYN_PKc_E11_154	LYN	1541	1976	1657	3072	1497	1609
TTBK1_PKc_E7_66.4	TTBK1	1540	1209	1377	1914	964	1299
PDPK1_PKc_E2_48.3	PDPK1	1540	1598	1258	593	1408	390
CDK9_PKc_E1_77.1	CDK9	1540	1504	1560	1	0	0
ULK2_PKc_E4_33.1	ULK2	1539	1557	1064	2529	2467	1859
TRIB3_PKc_E4_361.24	TRIB3	1538	2068	1675	1628	2578	908
JAK3_PKc_E16_152.11	JAK3	1538	1615	1513	595	743	1731
FYN_PKc_E13_132.11	FYN	1537	3054	1934	2690	1757	2466
TIE1_PKc_E18_114.6	TIE1	1535	1422	1631	1649	1780	1336
PTK2_PKc_E20_101.3	PTK2	1535	1115	1106	175	301	243
MAPK12_PKc_E1_95.4	MAPK12	1535	1838	1303	1884	1835	1562
ACVR1B_PKc_E10_102.5	ACVR1B	1535	678	995	1184	372	401
neg01	CONTROL	1533	1955	1804	2479	2347	1397
STK25_PKc_E4_57.7	STK25	1532	1954	1963	1516	1357	905
EIF2AK2_PKc_E14_129.3	EIF2AK2	1532	877	1907	1351	1785	687
NEK11_PKc_E5_119.7	NEK11	1531	2220	1466	1898	2414	1183
SIK1_PKc_E4_64	SIK1	1530	1882	1222	1356	2852	1113
CDK12_PKc_E7_57	CDK12	1530	1818	1626	585	3514	931
SGK2_PKc_E7_37.1	SGK2	1529	2186	1319	1564	1280	2521
SBK2_PKc_E4_531.4	SBK2	1528	1387	1295	1647	750	834
EIF2AK2_PKc_E12_159.6	EIF2AK2	1528	824	1703	935	1192	1216
CDKL1_PKc_E6_83.1	CDKL1	1528	912	1610	1263	2140	1317
TEX14_PKc_E10_179.19	TEX14	1527	1716	1098	2232	1485	1761
PDIK1L_PKc_E3_708.65	PDIK1L	1526	1560	1825	1107	2003	2561
BRSK2_PKc_E3_86.2	BRSK2	1526	2265	1583	1692	1815	1889
CAMK2B_PKc_E3_60.2	CAMK2B	1525	1263	1299	336	1921	875
PLK2_PKc_E1_33	PLK2	1524	849	1435	2172	1565	1209
DYRK1B_PKc_E8_141	DYRK1B	1524	1786	1445	2342	871	958
CDK17_PKc_E9_63.2	CDK17	1524	1982	1405	2392	4069	1519
DAPK2_PKc_E2_44.1	DAPK2	1523	2212	1553	1496	1562	1220
TSSK1B_PKc_E1_789.71	TSSK1B	1522	2034	2571	1093	1737	2487
PRKCG_PKc_E14_139.17	PRKCG	1522	1415	1444	3317	1374	525
STKLD1_PKc_E7_116.3	STKLD1	1521	727	830	846	202	643
PAK6_PKc_E7_134	PAK6	1520	1186	1210	988	1629	1482
YES1_PKc_E8_180.6	YES1	1519	2285	1495	1620	1725	1801
PRKCA_PKc_E14_81	PRKCA	1519	1390	1278	1666	1404	1445
DYRK1B_PKc_E5_148.7	DYRK1B	1519	1812	1389	2667	835	2295
CSNK2A2_PKc_E6_84.4	CSNK2A2	1519	1292	1712	1107	1818	2476
MAP3K4_PKc_E21_71.2	MAP3K4	1518	825	1273	799	675	1211
CLK3_PKc_E5_67.7	CLK3	1518	2156	2052	2120	1146	2156
VRK3_PKc_E5_85.7	VRK3	1517	2610	2314	3768	3356	3821
STK39_PKc_E5_56	STK39	1517	1763	1283	2321	1778	1521
ATR_PKc_E43_157.9	ATR	1517	2503	1707	14	140	0
TNIK_PKc_E7_131.1	TNIK	1516	1378	1410	1143	747	2941
NEK5_PKc_E7_71.2	NEK5	1516	2356	1688	2069	2997	1049
GUCY2F_PKc_E8_90	GUCY2F	1513	2094	1817	1032	3089	1264
STK16_PKc_E7_122.16	STK16	1512	1499	1418	3237	1660	1406
PDK4_PKc_E1_34.4	PDK4	1512	1065	732	868	687	1021
TGFBR2_PKc_E6_142.2	TGFBR2	1511	2249	1756	2075	2256	1733
PTK2_PKc_E18_101.4	PTK2	1511	1853	1257	471	104	713
POLR2A_e27.2	POLR2A	1511	1884	1663	1214	749	1659
TTN_PKc_E358_736.16	TTN	1510	2445	1974	1021	775	1393
MAP3K6_PKc_E16_128	MAP3K6	1510	2290	1859	2245	1757	1623
CDKL1_PKc_E4_91.3	CDKL1	1510	1961	1958	3223	3755	1818
RIOK3_PKc_E9_160.7	RIOK3	1509	3668	1889	1265	1060	2430
KDR_PKc_E17_34.1	KDR	1508	2340	1435	2874	1763	1496
BUB1_PKc_E23_172.2	BUB1	1508	1795	2077	64	752	194
TEC_PKc_E18_60	TEC	1506	1720	1478	6398	2961	2017
CAMK1D_PKc_E4_139.1	CAMK1D	1506	3101	1202	744	1887	2342
PHKG2_PKc_E4_55.3	PHKG2	1504	987	1649	94	857	1777
EEF2K_PKc_E5_38.5	EEF2K	1504	2074	1534	2370	1372	806
PRKACA_PKc_E4_99	PRKACA	1503	2493	1495	3938	2501	1448
VRK1_PKc_E2_85.4	VRK1	1502	1535	979	0	211	31
GRK5_PKc_E9_191	GRK5	1502	2127	1575	1416	3249	1237
TAOK1_PKc_E2_129.8	TAOK1	1500	1532	1565	1908	1508	2555
MINK1_PKc_E6_91.7	MINK1	1500	2404	1611	2215	1885	2674
neg24	CONTROL	1499	2263	1749	1670	2548	2033
FGR_PKc_E13_161.22	FGR	1498	2313	1414	1987	3031	2280
neg11	CONTROL	1497	1194	1519	4201	2656	3995
NEK7_PKc_E7_108.4	NEK7	1495	1176	1658	1959	2688	1150
MET_PKc_E17_182.12	MET	1495	3624	1751	1477	2268	2176
STK3_PKc_E13_135.6	STK3	1494	1762	1815	852	1852	1692
MST1R_PKc_E15_81.3	MST1R	1493	1676	1690	1026	2225	2316
GSK3A_PKc_E2_132.5	GSK3A	1493	1372	1389	1015	1277	1363
NTRK3_PKc_E15_123	NTRK3	1492	1698	1593	2479	2012	2611
MAPK1_PKc_E3_190.8	MAPK1	1491	2161	1768	896	720	1152
CAMK2D_PKc_E6_73.1	CAMK2D	1491	1123	1555	1124	1562	838
MAP4K3_PKc_E6_48	MAP4K3	1490	1104	1269	517	1612	1290
CDK18_PKc_E8_63.3	CDK18	1490	1452	1484	1249	194	1047
STKLD1_PKc_E4_75.2	STKLD1	1489	1364	1986	1824	2287	2421
FGFR3_PKc_E15_71.4	FGFR3	1487	1072	1290	2774	731	861
MAP2K3_PKc_E9_78.2	MAP2K3	1486	1984	1735	1414	1407	1950
TRIB2_PKc_E2_293.11	TRIB2	1485	1058	1022	745	289	507
NEK6_PKc_E9_95.1	NEK6	1484	2442	1439	1375	1259	762
CDK14_PKc_E9_121.7	CDK14	1484	638	824	519	1088	674
PHKG1_PKc_E7_164.2	PHKG1	1482	1760	1593	690	2231	1634
WNK1_PKc_E3_221.3	WNK1	1481	3029	1581	514	1	853
MAP3K10_PKc_E4_68.8	MAP3K10	1481	1753	2068	2476	1299	2246
JAK3_PKc_E15_133.15	JAK3	1481	1919	1731	1383	1256	2167
neg46	CONTROL	1480	1676	1517	947	1901	864
STK16_PKc_E5_121	STK16	1479	1403	949	730	685	816
CDKL1_PKc_E5_201.9	CDKL1	1478	1695	1656	414	1327	1333
TEC_PKc_E17_158.5	TEC	1477	1418	1251	1187	434	1445
RPS6KA6_PKc_E4_82.2	RPS6KA6	1477	1686	1477	1591	1143	1889
BMPR2_PKc_E10_137.6	BMPR2	1477	525	1460	1293	524	1131
neg06	CONTROL	1475	2088	1410	2463	3280	1284
MAP4K4_PKc_E2_66.5	MAP4K4	1475	2622	1218	2455	1311	688
AATK_PKc_E8_85.7	AATK	1475	1176	761	1355	998	1009
CDK5_PKc_E5_57.1	CDK5	1474	1328	1891	1864	3425	1834
CDK3_PKc_E3_78.3	CDK3	1474	1876	1407	1993	1255	1322
ZAK_PKc_E2_96	ZAK	1472	1004	965	2001	3002	668
SCYL3_PKc_E2_141	SCYL3	1472	1657	1297	682	540	1342
MAP3K4_PKc_E26_177.8	MAP3K4	1472	2192	1432	1360	2623	2644
MARK2_PKc_E6_71.2	MARK2	1471	1994	1585	1656	2253	1180
TESK2_PKc_E3_122	TESK2	1470	474	1197	576	1152	1136
MAP2K1_PKc_E10_46.2	MAP2K1	1469	2430	1420	1813	1519	1228
PRKD2_PKc_E12_64	PRKD2	1468	1018	1575	1448	1433	2639
DAPK3_PKc_E5_49	DAPK3	1468	1402	1071	1176	769	314
IGF1R_PKc_E21_82	IGF1R	1467	1285	1328	1748	569	2178
CSNK1E_PKc_E6_171.15	CSNK1E	1467	1466	1829	2056	1378	1522
WNK4_PKc_E3_221.12	WNK4	1465	1315	1468	1695	2420	2101
RIOK3_PKc_E11_90.4	RIOK3	1464	1739	1381	1216	733	1403
DYRK1A_PKc_E7_147.1	DYRK1A	1464	1886	1590	1340	8	434
PDK2_PKc_E2_142.9	PDK2	1462	1192	1536	3191	1218	3084
CIT_PKc_E4_132.1	CIT	1462	1605	1510	581	789	995
MAPK13_PKc_E5_30	MAPK13	1461	1486	1072	1202	1313	226
CASK_PKc_E3_106.2	CASK	1461	1529	1358	2416	1499	1389
SGK1_PKc_E4_42.1	SGK1	1460	2565	1923	1793	2579	1855
DYRK4_PKc_E5_137	DYRK4	1460	1951	1659	1683	2543	1279
MASTL_PKc2_E9_142.2	MASTL	1456	1440	1684	40	802	778
CDK2_PKc_E6_204.3	CDK2	1455	1276	1330	1339	1571	2743
CDK13_PKc_E9_78.2	CDK13	1454	1634	1872	443	17	1024
CAMK1_PKc_E3_132.17	CAMK1	1454	2675	1839	1088	749	1947
PIM2_PKc_E4_373.24	PIM2	1453	1593	2000	1405	2849	336
PAK4_PKc_E10_153.1	PAK4	1452	1375	1180	802	906	991
neg18	CONTROL	1452	2749	2481	2614	4227	4229
MASTL_PKc1_E5_107.2	MASTL	1452	1922	1405	1717	499	1377
KSR1_PKc_E20_136.7	KSR1	1452	1376	1045	474	1518	842
STK11_PKc_E4_133.16	STK11	1451	1908	1769	1294	317	760
SGK3_PKc_E8_42.2	SGK3	1451	781	1099	795	1844	655
NEK9_PKc_E6_132.8	NEK9	1450	1828	1445	2081	1875	1038
RPS6KA3_PKc_E5_81.4	RPS6KA3	1449	2414	1818	3690	2760	1939
STK38L_PKc_E7_155.8	STK38L	1447	1856	1464	1186	2186	1955
MUSK_PKc_E13_74.1	MUSK	1447	718	1282	502	1456	698
EPHA5_PKc_E16_150	EPHA5	1447	2005	1216	1405	1939	1463
BRSK2_PKc_E6_34.3	BRSK2	1447	1980	1351	953	1631	1033
STK11_PKc_E3_90.3	STK11	1446	1317	1425	445	1246	210
RPA3_e1.2	RPA3	1446	828	1178	40	171	96
MKNK2_PKc_E5_98.7	MKNK2	1446	2150	1736	2174	2106	3193
CAMK4_PKc_E2_79.4	CAMK4	1446	957	1263	3270	1013	867
CHUK_PKc_E3_115	CHUK	1445	1067	1209	882	994	1556
BLK_PKc_E8_76.7	BLK	1445	2026	1860	1399	1822	1587
AKT2_PKc_E7_66.3	AKT2	1445	832	892	707	930	758
OXSR1_PKc_E4_142.5	OXSR1	1444	888	1548	2064	1662	1348
MAPK10_PKc_E5_130.2	MAPK10	1444	2017	1599	2415	1383	2066
AMHR2_PKc_E6_231.14	AMHR2	1443	1842	1077	305	1549	1204
SGK1_PKc_E8_124.5	SGK1	1441	2194	1819	1641	308	1800
PKN3_PKc_E20_108.6	PKN3	1440	2946	1748	1670	2072	2230
POLR2D_e2.1	POLR2D	1439	855	1175	45	678	685
NPR2_PKc_E12_72.1	NPR2	1439	1741	1874	2286	1286	1663
TNK1_PKc_E4_81.5	TNK1	1437	2033	1954	1216	1459	625
MAP4K3_PKc_E2_58	MAP4K3	1437	2118	979	2083	2816	1512
KIT_PKc_E15_92.5	KIT	1437	2484	2029	1873	2270	1210
WEE1_PKc_E9_171.1	WEE1	1436	1314	1392	711	162	154
EIF2AK3_PKc_E13_201.3	EIF2AK3	1435	2459	1708	975	1335	1485
DCLK3_PKc_E3_133.7	DCLK3	1435	960	1413	1200	1431	1740
BMP2K_PKc_E1_40.1	BMP2K	1435	1812	1649	829	915	1358
TXK_PKc_E15_48.6	TXK	1433	2259	1116	1243	1941	1305
PAK6_PKc_E11_165.9	PAK6	1433	1296	973	198	563	770
LATS1_PKc_E5_487.28	LATS1	1433	1519	1304	2928	1093	2810
ILK_PKc_E11_100	ILK	1433	1736	2155	662	744	656
GRK6_PKc_E7_45	GRK6	1433	929	1100	1049	1362	1180
DCLK2_PKc_E13_78.2	DCLK2	1433	1139	795	763	835	811
RIOK1_PKc_E10_138.3	RIOK1	1431	2008	960	142	292	106
EPHB2_PKc_E12_216.6	EPHB2	1431	1257	1990	493	1294	1104
RYK_PKc_E11_133.6	RYK	1430	2137	1001	1285	1259	1589
PHKG2_PKc_E8_154.13	PHKG2	1430	2282	1838	2000	1341	1052
PDK4_PKc_E1_34	PDK4	1430	2227	1231	1392	354	1582
AK1_PKc_E3_28.1	AK1	1430	1800	1350	1171	1736	1486
ABL1_PKc_E4_120.11	ABL1	1429	1138	1113	1622	1543	2278
PRKDC_PKc_E84_189.21	PRKDC	1428	2003	1918	547	446	476
LYN_PKc_E12_132.9	LYN	1428	1659	1248	657	527	810
RIOK2_PKc_E1_45	RIOK2	1427	2077	1442	0	337	526
CSNK2A1_PKc_E10_102.3	CSNK2A1	1427	1046	1001	528	194	378
AURKA_PKc_E10_175.19	AURKA	1426	2504	1298	540	93	418
MAPK3_PKc_E3_190.9	MAPK3	1425	550	826	714	649	938
STRADA_PKc_E10_105.1	STRADA	1423	913	1016	1699	1171	504
PLK3_PKc_E1_33	PLK3	1421	1274	1386	1672	3182	2028
IRAK2_PKc_E6_65.2	IRAK2	1421	1282	1267	2328	2426	1582
CDC42BPB_PKc_E6_94.2	CDC42BPB	1421	2043	1150	510	980	471
GSK3A_PKc_E3_84	GSK3A	1419	1454	1006	1618	1006	1248
RET_PKc_E15_123.8	RET	1418	2018	1472	1377	1042	1232
MATK_PKc_E8_61.3	MATK	1418	1914	950	1750	969	1412
FGFR2_PKc_E13_191.1	FGFR2	1416	1817	1287	950	1026	1593
PRKG1_PKc_E15_123.9	PRKG1	1415	681	1120	1172	1625	649
JAK3_PKc_E12_132.19	JAK3	1415	2208	1243	1820	2277	1212
IRAK3_PKc_E10_63	IRAK3	1415	1540	1418	721	1215	1091
SPEG_PKc2_E36_604.32	SPEG	1414	1330	1322	1076	2812	1450
EPHA4_PKc_E15_150.7	EPHA4	1413	3119	1300	2532	979	2166
neg39	CONTROL	1412	2407	2087	1717	3091	1910
TSSK1B_PKc_E1_789.35	TSSK1B	1411	1555	914	2287	423	1803
RIPK2_PKc_E6_162.6	RIPK2	1411	1865	917	473	798	1185
PRKD1_PKc_E15_99.1	PRKD1	1411	1398	1308	578	1496	1565
ABL1_PKc_E9_68	ABL1	1409	1459	1101	828	1069	1025
ROR1_PKc_E9_849.93	ROR1	1407	626	768	708	688	637
PCNA_e2.1	PCNA	1407	2624	2075	518	493	370
PASK_PKc_E15_200.2	PASK	1407	2266	754	1859	2529	1026
MAST4_PKc_E17_133.8	MAST4	1407	1500	884	1723	2304	2162
STK10_PKc_E4_150.17	STK10	1401	933	897	2302	1069	798
LRRK1_PKc_E29_48.1	LRRK1	1401	1573	1659	1476	2056	1798
STK32A_PKc_E3_45	STK32A	1400	1475	1466	1636	1391	334
SBK3_PKc_E3_203.1	SBK3	1400	1111	1373	947	2136	1264
VRK1_PKc_E4_70	VRK1	1399	1302	818	298	502	114
FRK_PKc_E4_127.4	FRK	1399	2268	1361	2222	2484	792
NUAK1_PKc_E2_121	NUAK1	1398	1383	1107	1793	588	2367
GRK5_PKc_E8_141.16	GRK5	1398	2000	1177	1405	1920	1822
DSTYK_PKc_E12_135	DSTYK	1397	1911	1276	1180	1852	1671
PRKX_PKc_E5_96.9	PRKX	1396	1989	1197	1878	1035	1350
neg26	CONTROL	1396	1945	1321	1043	2387	1773
CDK14_PKc_E4_80.5	CDK14	1396	2207	2412	1141	2961	1928
DAPK2_PKc_E4_139	DAPK2	1395	1277	1215	969	4546	969
ADCK4_PKc_E14_87.6	ADCK4	1395	2916	2762	1774	5158	2422
MARK2_PKc_E8_237.18	MARK2	1394	2543	1580	2739	2227	1065
WEE2_PKc_E4_128.4	WEE2	1392	1634	1273	1378	2086	858
NEK6_PKc_E4_108.12	NEK6	1392	1286	899	1112	1207	656
CDK20_PKc_E6_124.5	CDK20	1392	2552	1518	2493	3001	1932
SCYL2_PKc_E7_117	SCYL2	1391	2254	1337	2011	2960	1407
CAMKV_PKc_E3_132.8	CAMKV	1391	976	1099	771	1591	2541
FER_PKc_E19_123.7	FER	1390	1852	1203	1110	2541	1046
TTK_PKc_E14_48.3	TTK	1389	945	1521	0	0	88
GSK3A_PKc_E4_111.4	GSK3A	1389	1545	1251	1259	1141	1457
FLT4_PKc_E17_34	FLT4	1388	1467	784	568	768	266
CAMK2A_PKc_E7_103.16	CAMK2A	1388	2854	1837	2405	2216	1139
WEE2_PKc_E8_86.7	WEE2	1387	2676	1481	2449	1652	1979
NTRK3_PKc_E16_173.8	NTRK3	1384	1151	2094	436	1905	2474
ERBB4_PKc_E20_186.2	ERBB4	1383	1639	1600	1200	897	2015
TYRO3_PKc_E16_110.11	TYRO3	1382	1524	1541	1152	1458	785
SBK1_PKc_E2_70.8	SBK1	1382	1755	1335	1329	1485	1795
PTK2_PKc_E19_116.3	PTK2	1382	1662	1412	463	235	334
KSR2_PKc_E14_227.6	KSR2	1382	1626	1329	1136	690	1023
FLT1_PKc_E18_105.4	FLT1	1382	1812	1383	1972	2707	1684
FASTK_PKc_E7_92.8	FASTK	1381	924	1097	29	1341	270
BRAF_PKc_E15_119.2	BRAF	1380	1764	1766	1726	2408	1102
MASTL_PKc1_E1_87.13	MASTL	1378	1878	1192	90	0	0
DDR1_PKc_E12_60.4	DDR1	1377	1478	1631	2205	2016	967
MAPK15_PKc_E7_140.25	MAPK15	1376	1387	1187	1090	2087	780
NRK_PKc_E7_91.6	NRK	1375	1351	787	1111	1509	886
MAPK1_PKc_E4_117.4	MAPK1	1375	1196	1174	243	1048	352
ILK_PKc_E13_138.3	ILK	1375	2307	2782	1261	1315	3197
CSK_PKc_E10_74.8	CSK	1375	2022	1302	1627	1017	878
VRK1_PKc_E5_88	VRK1	1374	1436	1728	1368	164	1131
TTBK2_PKc_E5_141.2	TTBK2	1373	840	830	948	2631	1359
PRKD1_PKc_E12_64.5	PRKD1	1373	1824	1307	2589	568	922
BMPR2_PKc_E11_99.2	BMPR2	1371	1294	1605	516	740	1251
NUAK2_PKc_E1_87	NUAK2	1370	1028	853	1798	1853	1126
SBK1_PKc_E2_70	SBK1	1369	693	1401	2213	606	1612
CDK7_PKc_E2_60.3	CDK7	1369	2445	2086	0	0	425
CDC42BPG_PKc_E5_149.5	CDC42BPG	1369	1220	968	659	737	453
CHEK1_PKc_E5_70.1	CHEK1	1367	1921	1388	0	0	133
CDK2_PKc_E4_171.1	CDK2	1366	1736	1560	522	769	442
TSSK6_PKc_E1_771.89	TSSK6	1365	1079	1232	1272	1463	2071
NEK2_PKc_E4_83.1	NEK2	1365	1963	1917	660	260	163
GUCY2F_PKc_E10_157.3	GUCY2F	1365	1551	1203	1004	1738	900
WNK3_PKc_E5_158.6	WNK3	1364	1042	1226	1175	1027	1225
ULK4_PKc_E4_140.4	ULK4	1364	1335	1272	1633	1458	988
TRIB1_PKc_E1_72.3	TRIB1	1364	2407	1223	1352	2087	1138
MYLK3_PKc_E5_41.1	MYLK3	1364	1728	1417	1677	1261	1170
DAPK2_PKc_E8_153.1	DAPK2	1364	1450	1468	665	1075	1893
PRKACG_PKc_E1_948.76	PRKACG	1363	2049	1708	774	2406	1574
MAP2K1_PKc_E3_147.13	MAP2K1	1363	1851	1709	1451	1917	684
ACVR1_PKc_E8_276.19	ACVR1	1363	1616	1691	1579	3586	1293
PIM2_PKc_E2_81.8	PIM2	1361	1956	1386	2992	3257	835
LIMK1_PKc_E8_42.1	LIMK1	1361	896	735	882	1866	924
IGF1R_PKc_E18_160.13	IGF1R	1359	1017	1346	444	698	822
DMPK_PKc_E1_48.3	DMPK	1358	1520	1528	1026	415	1149
ADRBK1_PKc_E9_100.8	ADRBK1	1358	1745	1036	1591	1186	1283
MAP3K12_PKc_E5_159	MAP3K12	1357	1393	1168	1320	844	258
AK3_PKc_E4_119.7	AK3	1357	1338	967	419	859	1016
PRKY_PKc_E1_28	PRKY	1356	1968	1399	1006	1777	2096
MAPK15_PKc_E6_164.17	MAPK15	1356	1990	1026	771	790	1855
EPHB6_PKc_E15_150.12	EPHB6	1356	1078	943	740	1268	1130
MST1R_PKc_E20_94.12	MST1R	1355	1960	1506	514	826	590
SCYL3_PKc_E5_57	SCYL3	1354	1614	1285	1639	815	2876
PINK1_PKc_E7_237.32	PINK1	1354	1466	1176	939	1962	1605
LIMK2_PKc_E13_56	LIMK2	1354	1755	1071	2757	872	605
PSKH1_PKc_E3_108.4	PSKH1	1353	1631	1551	1455	1803	1164
CDK14_PKc_E8_124.5	CDK14	1353	1551	1566	1086	1857	1968
ARAF_PKc_E11_177.9	ARAF	1352	1882	1906	3104	2383	3258
MAP2K2_PKc_E4_78.8	MAP2K2	1351	1214	1474	2645	541	558
EPHB3_PKc_E14_150.8	EPHB3	1351	1533	1227	702	940	1404
AXL_PKc_E13_31	AXL	1351	2676	1132	1179	1511	1175
SPEG_PKc1_E25_179.16	SPEG	1349	890	1224	1131	786	472
CSNK1G2_PKc_E6_235.22	CSNK1G2	1349	532	1087	1257	1165	886
TBCK_PKc_E2_73	TBCK	1347	1312	1082	78	196	267
DYRK4_PKc_E4_105.4	DYRK4	1347	2101	1494	1868	2523	1241
PLK1_PKc_E5_111.2	PLK1	1346	1541	883	1110	142	74
NRBP2_PKc_E3_102.11	NRBP2	1346	1383	1501	937	1865	805
JAK2_PKc2_E19_137.11	JAK2	1346	1536	1488	482	1642	1731
RIOK1_PKc_E11_104.8	RIOK1	1343	2597	1840	743	315	883
YES1_PKc_E11_132.7	YES1	1341	1387	1299	1272	1148	1786
RET_PKc_E17_138.11	RET	1341	983	1022	643	1273	1364
ERBB4_PKc_E19_99.2	ERBB4	1341	1360	1372	965	1632	1737
DMPK_PKc_E4_149.4	DMPK	1341	760	790	620	1166	1287
RPS6KA2_PKc2_E14_126.11	RPS6KA2	1340	1886	1595	555	2194	2765
PIM3_PKc_E5_177.8	PIM3	1340	2558	1525	918	1567	2418
FLT4_PKc_E18_105	FLT4	1340	2173	1439	1474	1165	1610
ATR_PKc_E44_154.6	ATR	1340	1955	1630	2	0	0
DAPK1_PKc_E8_153.1	DAPK1	1339	950	1510	1548	1946	663
SYK_PKc_E14_58.3	SYK	1338	1086	1805	861	1160	1745
KIAA1804_PKc_E3_149.3	KIAA1804	1338	1653	1230	584	967	719
CDK5_PKc_E7_75.5	CDK5	1338	1882	1424	1079	4070	1189
STK16_PKc_E3_220.26	STK16	1337	1342	1668	2089	1737	1620
neg33	CONTROL	1337	1311	1226	1641	1443	1396
ACVRL1_PKc_E9_131.6	ACVRL1	1337	1737	1307	2058	1432	1176
STKLD1_PKc_E5_102.8	STKLD1	1336	958	1385	1507	517	1473
BTK_PKc_E16_65	BTK	1334	962	1169	621	2600	915
STK33_PKc_E9_85.4	STK33	1333	1626	797	1390	1660	868
RAF1_PKc_E15_132.9	RAF1	1333	1482	1250	398	2503	1877
CDK15_PKc_E3_65.5	CDK15	1333	2083	2503	2213	2755	2272
GAK_PKc_E4_115.1	GAK	1331	767	850	76	521	395
RPS6KA4_PKc_E7_104.3	RPS6KA4	1330	1485	923	843	1124	919
MAP3K12_PKc_E3_140.1	MAP3K12	1330	2081	1724	1685	389	776
CDC42BPA_PKc_E2_92.2	CDC42BPA	1330	1676	1309	782	1127	1302
ANKK1_PKc_E6_41	ANKK1	1330	918	1276	527	1035	1886
NEK9_PKc_E2_178.5	NEK9	1328	2018	1321	1015	897	1268
MLKL_PKc_E10_141	MLKL	1328	1021	949	1660	1401	475
DYRK2_PKc_E3_1140.113	DYRK2	1328	1657	1117	885	987	1252
NRBP2_PKc_E8_84.6	NRBP2	1327	1338	1233	1843	1198	2257
ADCK3_PKc_E13_66.1	ADCK3	1326	523	1242	1594	680	1830
MAP3K9_PKc_E3_181.23	MAP3K9	1323	1475	1057	381	1426	1010
PLK2_PKc_E3_117	PLK2	1322	2321	2044	2285	2159	1422
SYK_PKc_E9_62	SYK	1321	1829	853	1064	1295	795
SPEG_PKc2_E32_117.1	SPEG	1321	1161	1138	1388	2191	2282
CHEK2_PKc_E10_87.3	CHEK2	1321	1409	1011	1159	1805	1735
RPS6KB2_PKc_E4_69.5	RPS6KB2	1320	1920	1015	1064	1601	2359
NUAK1_PKc_E6_133.7	NUAK1	1320	1128	781	563	868	788
CDK4_PKc_E3_136.21	CDK4	1320	1168	1361	1464	1230	743
CDK11A_PKc_E13_122.15	CDK11A	1320	1435	1510	1317	1225	967
PIK3R4_PKc_E4_93	PIK3R4	1318	2836	959	807	0	50
MAP3K13_PKc_E3_158.9	MAP3K13	1317	1944	1306	842	1099	1203
OBSCN_PKc2_E104_150.1	OBSCN	1316	1312	1102	1418	2270	798
MELK_PKc_E5_144.14	MELK	1316	1992	1684	2261	1301	1128
NEK7_PKc_E8_95.4	NEK7	1314	1988	927	394	1086	1645
MAPKAPK2_PKc_E3_65.1	MAPKAPK2	1314	1577	1614	1859	1581	2253
FGR_PKc_E11_154.11	FGR	1314	2530	1868	2658	1469	1550
MAPK8_PKc_E7_72	MAPK8	1313	2001	1427	1269	1186	1327
MAP3K3_PKc_E13_132.7	MAP3K3	1313	1229	1645	1421	1358	1348
CLK3_PKc_E9_130.3	CLK3	1312	948	870	842	595	934
MAPK15_PKc_E5_131.11	MAPK15	1310	666	953	673	1032	997
DYRK1A_PKc_E6_287.15	DYRK1A	1310	1868	1564	1092	1790	995
STK19_PKc_E3_129.7	STK19	1309	1847	900	905	376	1442
NEK8_PKc_E2_206.9	NEK8	1308	880	1014	661	615	768
MYLK2_PKc_E6_94	MYLK2	1308	1763	1140	413	766	1344
TRIB2_PKc_E2_293.31	TRIB2	1307	830	1309	1534	2017	766
EPHA10_PKc_E13_204.12	EPHA10	1306	1037	1601	1005	1292	2921
ROCK2_PKc_E6_145.2	ROCK2	1305	1549	1393	915	2067	1914
BRSK1_PKc_E5_117.2	BRSK1	1305	904	1250	1118	2780	951
ULK2_PKc_E1_87.11	ULK2	1304	1515	1064	697	1029	664
STK35_PKc_E2_292.47	STK35	1304	1858	1629	431	2174	1084
STKLD1_PKc_E3_45	STKLD1	1303	1355	1757	3336	2003	1761
PKMYT1_PKc_E5_107.4	PKMYT1	1303	1379	1688	94	0	30
INSRR_PKc_E19_160.12	INSRR	1303	820	1106	832	1538	972
CSNK2A2_PKc_E5_60.2	CSNK2A2	1302	1621	1546	1434	3182	3142
JAK1_PKc_E13_144.11	JAK1	1301	811	1430	1258	1767	854
TESK1_PKc_E1_39	TESK1	1300	1118	834	657	507	763
RPS6KA4_PKc2_E14_195.2	RPS6KA4	1300	1235	939	366	1166	465
NEK2_PKc_E3_241.5	NEK2	1300	1418	1402	578	329	1263
PRKACB_PKc_E7_96.2	PRKACB	1297	1575	1840	2248	1706	1704
PIK3R4_PKc_E2_661.6	PIK3R4	1296	2387	1742	248	1551	376
ICK_PKc_E4_55.5	ICK	1295	1826	1611	1546	2528	1821
TSSK2_PKc_E1_789.51	TSSK2	1294	1518	1903	1217	1396	2238
ERBB2_PKc_E18_75.5	ERBB2	1293	1963	1231	724	1210	499
CAMK1D_PKc_E6_76.2	CAMK1D	1293	893	1130	418	2105	858
PAK3_PKc_E11_113.2	PAK3	1292	1207	1178	2928	1151	1764
PINK1_PKc_E2_192.4	PINK1	1289	1608	1303	972	2390	792
NEK9_PKc_E5_106.5	NEK9	1288	776	951	1865	1263	1176
MAPK3_PKc_E1_65.3	MAPK3	1288	1028	1148	432	910	270
EPHA7_PKc_E14_150.12	EPHA7	1288	1284	1435	430	1310	1552
SGK494_PKc_E7_41	SGK494	1286	1551	1704	1417	1392	983
ERBB3_PKc_E21_156.15	ERBB3	1286	1693	1665	647	956	1074
EPHA2_PKc_E13_210.12	EPHA2	1286	1550	1794	1890	1591	1444
FLT4_PKc_E19_114.12	FLT4	1285	1797	1533	1273	1462	371
CDK7_PKc_E7_119.11	CDK7	1285	901	725	1179	0	0
HIPK2_PKc_E2_557.57	HIPK2	1284	2351	1207	1117	2933	835
STK40_PKc_E6_53.1	STK40	1283	1032	1505	869	1734	1136
MAP3K1_PKc_E17_132.1	MAP3K1	1282	2559	2112	1372	1790	1935
CDKL2_PKc_E7_66.4	CDKL2	1282	1606	1160	171	222	815
SRMS_PKc_E4_121.2	SRMS	1281	1088	1289	1823	606	921
SGK494_PKc_E9_90.3	SGK494	1281	1901	1284	622	691	1004
DDR1_PKc_E14_237.4	DDR1	1280	842	1386	1368	2068	1549
MARK4_PKc_E5_66	MARK4	1279	1173	1386	2741	1767	1680
ERBB2_PKc_E20_186.2	ERBB2	1279	1822	1442	355	2531	397
AURKA_PKc_E8_139	AURKA	1279	1645	1227	865	628	602
WEE1_PKc_E8_86.4	WEE1	1278	1124	1196	107	161	526
RIOK3_PKc_E8_198.5	RIOK3	1278	1267	1130	1679	832	854
NEK6_PKc_E6_111.4	NEK6	1277	1304	1478	750	2168	1035
KSR2_PKc_E17_132.13	KSR2	1275	1383	1374	1061	1937	961
HIPK3_PKc_E4_120.1	HIPK3	1274	1440	1642	256	457	496
BMPR1B_PKc_E11_123.7	BMPR1B	1274	1431	1220	1310	843	617
NUAK2_PKc_E2_121	NUAK2	1273	1079	980	1948	1975	1011
EPHA8_PKc_E12_62.2	EPHA8	1272	895	1099	623	1154	1412
VRK1_PKc_E3_56	VRK1	1271	1829	1240	403	300	329
MLKL_PKc_E8_152.5	MLKL	1271	1556	2155	1750	1205	1857
MKNK1_PKc_E8_123.18	MKNK1	1271	1794	1277	664	323	722
IKBKE_PKc_E3_63.7	IKBKE	1271	1420	1704	1058	2436	1866
IGF1R_PKc_E16_213.16	IGF1R	1271	1510	962	1066	657	1400
ALK_PKc_E20_35	ALK	1269	1583	1335	807	704	1445
PSKH1_PKc_E3_108.1	PSKH1	1268	1509	1206	3100	489	616
MAP3K9_PKc_E2_412.34	MAP3K9	1263	1142	1090	1076	577	1034
IKBKE_PKc_E4_141.9	IKBKE	1263	1286	1351	2638	1113	3135
CSNK1D_PKc_E4_229.12	CSNK1D	1263	1519	1064	488	1482	483
PBK_PKc_E3_59	PBK	1262	757	1062	1381	1176	1188
MAP4K4_PKc_E5_111.8	MAP4K4	1261	1375	1514	487	1032	735
TLK1_PKc_E14_72.3	TLK1	1260	1539	1513	2151	2240	2039
RIPK3_PKc_E5_47	RIPK3	1260	1602	773	411	914	885
ADRBK1_PKc_E8_80.4	ADRBK1	1260	1360	1187	2222	668	1428
TNK2_PKc_E8_147.18	TNK2	1259	1098	1597	1567	815	1954
MAP3K8_PKc_E4_108.4	MAP3K8	1258	989	1124	669	998	1790
AATK_PKc_E5_119.11	AATK	1257	1630	1421	1366	1017	2802
TYRO3_PKc_E17_160.6	TYRO3	1256	1309	1123	435	1746	1204
DAPK2_PKc_E3_222.18	DAPK2	1255	1305	1100	863	961	577
ILK_PKc_E9_128.2	ILK	1254	1643	1412	874	764	894
STK32B_PKc_E4_174.18	STK32B	1253	1882	1423	2256	2065	3063
SNRK_PKc_E5_76.4	SNRK	1253	2695	1866	3185	3609	4478
RPS6KA6_PKc_E5_81.4	RPS6KA6	1253	1098	1412	1439	906	1722
RPS6KA4_PKc2_E13_174.17	RPS6KA4	1253	835	1035	727	793	989
SPEG_PKc1_E23_58	SPEG	1251	1583	1390	911	1781	1310
EPHB1_PKc_E10_43	EPHB1	1251	1551	1044	1121	1810	1073
GSK3B_PKc_E6_107.2	GSK3B	1250	1485	1378	134	54	0
EPHB4_PKc_E11_43	EPHB4	1250	1325	1188	883	1569	3825
EIF2AK4_PKc_E10_107.3	EIF2AK4	1250	1422	1041	1700	2571	1482
SBK2_PKc_E3_203.22	SBK2	1249	1840	1212	4884	1841	1096
RPS6KA4_PKc_E6_81.11	RPS6KA4	1249	1877	2294	1933	3411	2259
RPS6KA6_PKc2_E16_90	RPS6KA6	1248	1040	1048	1249	1505	644
TSSK2_PKc_E1_789.95	TSSK2	1247	1287	1582	894	1829	1331
SIK2_PKc_E5_125.1	SIK2	1247	1010	811	1139	1239	775
PRKCG_PKc_E15_81.2	PRKCG	1247	1046	1851	1091	824	1693
OBSCN_PKc2_E102_224.7	OBSCN	1247	1616	1227	2415	1783	1103
IKBKE_PKc_E7_161.24	IKBKE	1247	1253	1426	2108	1414	1386
EIF2AK2_PKc_E13_181.3	EIF2AK2	1247	1311	1109	669	639	1457
RIPK4_PKc_E2_292.16	RIPK4	1245	826	1158	1478	2317	1212
MARK1_PKc_E5_66.2	MARK1	1245	1331	1601	1285	221	1828
MAPK11_PKc_E6_48.3	MAPK11	1245	1277	1306	738	321	779
RPS6KA4_PKc2_E15_160.12	RPS6KA4	1244	840	1094	957	1527	1123
PDGFRA_PKc_E17_116.3	PDGFRA	1244	1759	1181	1757	1262	965
NRK_PKc_E5_126.4	NRK	1243	2244	1408	735	2094	1498
TRPM6_PKc_E34_228.24	TRPM6	1242	1620	1503	926	773	1048
RYK_PKc_E10_70	RYK	1241	978	857	977	1191	1663
MAP3K4_PKc_E23_160.12	MAP3K4	1241	1188	1359	2429	4139	2182
BUB1B_PKc_E19_150.8	BUB1B	1241	1536	1249	14	166	4
BRAF_PKc_E16_132.5	BRAF	1241	2317	1720	896	1645	1513
RPS6KA2_PKc_E5_80.12	RPS6KA2	1240	1857	1407	1810	1179	1411
PAK7_PKc_E6_207.22	PAK7	1240	1285	1316	1499	925	3250
ADRBK2_PKc_E13_108.5	ADRBK2	1239	1649	998	1427	339	971
TRPM6_PKc_E37_52	TRPM6	1238	1853	1066	552	1172	721
neg38	CONTROL	1237	644	1644	1826	2798	3279
MAP3K1_PKc_E19_132	MAP3K1	1237	1195	1039	1281	1084	1981
UHMK1_PKc_E5_76.1	UHMK1	1235	1673	1727	1532	2697	1478
TRRAP_PKc_E69_185.6	TRRAP	1235	1283	1257	125	0	600
CDKL1_PKc_E1_165.12	CDKL1	1234	2065	1098	1006	912	920
neg09	CONTROL	1233	1119	1149	976	1565	1925
MAP3K3_PKc_E15_130.2	MAP3K3	1233	1230	1175	2827	1645	1348
RYK_PKc_E12_110	RYK	1232	1169	1046	1978	323	748
PRKD2_PKc_E16_268.1	PRKD2	1230	1474	1177	1468	2143	1453
TAOK2_PKc_E3_72	TAOK2	1229	844	978	786	1116	1482
MAPKAPK2_PKc_E1_99.9	MAPKAPK2	1229	1766	1782	746	714	862
STK4_PKc_E2_41.2	STK4	1227	1081	1005	2056	2050	909
PRKCG_PKc_E13_63	PRKCG	1227	2147	1676	2837	1667	900
GUCY2F_PKc_E12_149.12	GUCY2F	1227	2247	1142	1499	1763	1293
CDK16_PKc_E10_121.7	CDK16	1227	907	1157	1651	2601	1937
AURKB_PKc_E6_139.5	AURKB	1227	1533	1460	136	1006	65
JAK2_PKc2_E22_173.5	JAK2	1226	3457	1951	2134	1096	2042
AURKC_PKc_E7_156.13	AURKC	1226	976	1269	1525	2652	1108
MUSK_PKc_E14_149.11	MUSK	1225	1653	927	1527	811	877
STK19_PKc_E6_98	STK19	1224	961	1070	647	1894	1461
STK16_PKc_E6_96.9	STK16	1223	1553	1102	666	543	1126
PIK3R4_PKc_E3_134	PIK3R4	1223	2060	1500	599	3700	1879
MYLK4_PKc_E7_142.8	MYLK4	1223	1326	1462	880	1075	2797
TSSK4_PKc_E2_215.1	TSSK4	1222	700	1347	331	207	1082
UHMK1_PKc_E1_205.38	UHMK1	1221	1294	979	763	853	1209
CSNK1A1_PKc_E3_127.1	CSNK1A1	1221	1698	1247	104	0	0
CHEK1_PKc_E6_189.6	CHEK1	1221	581	741	74	275	1258
STK32C_PKc_E4_174.15	STK32C	1220	1425	951	1013	843	2036
RPS6KA3_PKc2_E20_118.2	RPS6KA3	1218	948	1294	217	996	705
LIMK1_PKc_E10_132.9	LIMK1	1217	403	829	971	1506	489
neg50	CONTROL	1216	2191	1327	3558	1611	1612
EIF2AK1_PKc_E10_112.5	EIF2AK1	1216	904	1032	1741	895	1072
CSNK1G1_PKc_E5_152.1	CSNK1G1	1216	1207	921	795	758	407
TTBK2_PKc_E4_74.4	TTBK2	1215	1400	1679	3981	3596	2581
MAP3K11_PKc_E1_403.77	MAP3K11	1213	1364	1334	1500	1398	1134
SGK2_PKc_E3_42.2	SGK2	1212	1138	1263	1539	1527	1598
PTK6_PKc_E5_162.4	PTK6	1212	1800	967	1085	1549	1447
PKMYT1_PKc_E6_92.9	PKMYT1	1212	1299	1518	6	0	17
AURKA_PKc_E8_139.6	AURKA	1210	1428	1247	78	0	28
AKT2_PKc_E10_129.1	AKT2	1210	2015	1347	2834	691	212
ADCK3_PKc_E8_141.23	ADCK3	1209	1908	1334	1682	956	670
IRAK1_PKc_E7_115.13	IRAK1	1208	1412	2094	4910	4412	3427
SIK2_PKc_E4_162	SIK2	1205	2264	1375	525	1565	1420
LIMK2_PKc_E12_175.19	LIMK2	1205	971	1183	2349	1452	1484
BRSK2_PKc_E4_141.11	BRSK2	1205	1684	1155	1048	1339	1850
BMPR1A_PKc_E10_298.1	BMPR1A	1205	3261	2052	3599	1454	1016
FLT1_PKc_E19_114.1	FLT1	1204	1908	985	891	1704	1391
ADCK2_PKc_E6_129.2	ADCK2	1204	1529	834	1328	373	795
TIE1_PKc_E16_111.15	TIE1	1201	1441	1319	1738	1162	1199
IGF1R_PKc_E20_135.11	IGF1R	1200	873	1384	1101	457	715
CHEK2_PKc_E6_109.1	CHEK2	1200	805	693	1059	1099	656
ADCK1_PKc_E6_159.6	ADCK1	1200	1457	1428	763	1888	1700
ACVR1C_PKc_E4_193.16	ACVR1C	1199	2303	2235	1777	1601	1685
OBSCN_PKc_E89_173.14	OBSCN	1198	1562	1443	583	1269	1509
DCLK3_PKc_E2_390.28	DCLK3	1198	2019	1617	1490	1463	1880
CDK6_PKc_E3_136.2	CDK6	1198	1342	1190	2135	954	1418
CAMK1G_PKc_E2_38.1	CAMK1G	1198	1234	737	249	417	1028
TTK_PKc_E18_81.4	TTK	1195	2504	1098	1814	1792	1037
SRMS_PKc_E6_182.12	SRMS	1195	1132	1105	461	775	666
MARK2_PKc_E7_57	MARK2	1195	1645	1230	2433	1788	518
TEC_PKc_E15_65.2	TEC	1194	1362	838	622	828	1691
PRKCG_PKc_E10_42.4	PRKCG	1194	2716	1990	1141	1303	2082
PIM3_PKc_E3_51.5	PIM3	1194	1079	1201	646	863	697
NRK_PKc_E6_111	NRK	1191	395	1033	1318	2588	1283
PAK3_PKc_E9_64.1	PAK3	1190	1149	1098	1849	1140	1481
NEK10_PKc_E21_46.1	NEK10	1190	1260	1302	1579	1011	976
MAPK10_PKc_E6_59.2	MAPK10	1189	1144	627	60	1464	612
PRKAA1_PKc_E6_88.3	PRKAA1	1188	1006	1376	2365	399	1202
PDIK1L_PKc_E2_267.2	PDIK1L	1188	1138	666	488	331	1462
EGFR_PKc_E19_99	EGFR	1188	1961	1210	142	403	311
CSNK1G1_PKc_E7_86.9	CSNK1G1	1188	2347	987	990	1985	970
neg47	CONTROL	1186	1581	837	844	2316	1601
DCLK3_PKc_E4_168.9	DCLK3	1185	1404	1874	3380	2503	1954
CAMK1_PKc_E2_38	CAMK1	1185	790	1217	3118	1076	1439
RPS6KA6_PKc2_E18_162.4	RPS6KA6	1184	1015	955	989	1537	483
PHKG2_PKc_E2_59.2	PHKG2	1184	1429	1467	1347	602	377
MAP2K3_PKc_E6_117.3	MAP2K3	1184	1412	1067	1526	2261	499
LATS2_PKc_E5_487.64	LATS2	1184	1232	792	923	1191	923
PRKAA2_PKc_E2_142	PRKAA2	1183	1488	1789	1353	283	1594
MAPKAPK2_PKc_E2_140.8	MAPKAPK2	1183	688	968	1539	1047	1879
SLK_PKc_E5_73	SLK	1182	2743	1303	741	883	582
CLK2_PKc_E7_167.4	CLK2	1182	1493	1817	513	779	1098
TLK2_PKc_E18_90.4	TLK2	1181	1002	1163	452	246	389
STK3_PKc_E5_129.4	STK3	1181	1980	1219	1190	1246	1629
MKNK2_PKc_E6_80.9	MKNK2	1181	1748	1679	2402	1780	1542
AURKB_PKc_E8_175.4	AURKB	1180	1644	1095	80	0	14
TLK2_PKc_E20_139	TLK2	1179	792	944	656	950	1126
ROR2_PKc_E9_852.36	ROR2	1179	1823	1778	1854	1304	1235
TRPM7_PKc_E34_228.6	TRPM7	1178	958	942	541	1145	828
EPHA10_PKc_E15_150.3	EPHA10	1178	1653	1219	1050	579	857
CSNK2A2_PKc_E2_112.4	CSNK2A2	1178	1498	1031	1575	1248	1536
CLK2_PKc_E9_130.3	CLK2	1178	1428	956	965	1343	934
AMHR2_PKc_E7_115.1	AMHR2	1178	1682	1044	1035	881	1125
NUAK1_PKc_E1_84.1	NUAK1	1177	1915	1329	589	1142	1462
MAP3K11_PKc_E4_68.1	MAP3K11	1177	2561	1667	1318	521	1130
PDGFRB_PKc_E16_161.11	PDGFRB	1175	1776	1334	1190	1884	1996
HIPK3_PKc_E5_87.1	HIPK3	1175	1066	834	145	1240	253
BLK_PKc_E11_151.13	BLK	1175	1495	1055	292	2067	2001
PLK4_PKc_E2_96.2	PLK4	1174	1890	1680	448	577	975
EPHB1_PKc_E12_216.9	EPHB1	1174	1857	1320	2695	605	1220
NLK_PKc_E5_86.1	NLK	1173	1649	1210	2899	2398	1467
TTN_PKc_E358_736.24	TTN	1172	1426	1042	1635	493	1674
RPS6KA3_PKc_E9_143.8	RPS6KA3	1171	1154	2203	2242	1906	2521
STK39_PKc_E7_102.2	STK39	1170	1933	1982	5826	1263	1624
ACVR1_PKc_E7_147.15	ACVR1	1170	1826	1098	745	119	508
RPS6KA5_PKc_E6_84.3	RPS6KA5	1169	1710	1126	1599	1880	829
PRKD2_PKc_E13_107.8	PRKD2	1169	362	1080	1109	906	1287
PRKCG_PKc_E12_92.3	PRKCG	1169	1155	1053	296	293	1206
TYRO3_PKc_E14_93.6	TYRO3	1168	2026	1365	1236	1153	1725
TAOK1_PKc_E4_102.1	TAOK1	1168	2063	1179	1189	2070	1611
STK36_PKc_E4_78	STK36	1168	1395	1201	704	889	1012
PRKG2_PKc_E11_75.4	PRKG2	1168	2018	2150	1385	2243	2531
MKNK2_PKc_E7_74.1	MKNK2	1168	1243	937	771	1010	382
CDKL4_PKc_E3_73	CDKL4	1168	1342	1209	1049	2592	1075
BTK_PKc_E14_161.16	BTK	1168	1276	1132	1810	1426	1602
UHMK1_PKc_E1_205.24	UHMK1	1167	1727	1468	570	1549	1226
TSSK2_PKc_E1_789.46	TSSK2	1167	1954	1479	763	1421	1355
STK32A_PKc_E6_38	STK32A	1167	1173	976	536	1282	856
MUSK_PKc_E15_647.33	MUSK	1167	2008	913	764	851	347
CSNK2A1_PKc_E10_102.7	CSNK2A1	1167	1094	1953	1830	1576	2234
PTK6_PKc_E6_182.14	PTK6	1165	1154	1364	1390	2105	1151
EPHA8_PKc_E14_150.21	EPHA8	1165	1281	1266	858	714	3186
ATR_PKc_E45_152	ATR	1165	986	1390	3	175	87
TTBK1_PKc_E5_141.14	TTBK1	1164	686	913	1387	841	755
NRBP2_PKc_E4_90	NRBP2	1164	1624	1421	694	1063	1424
PRKG2_PKc_E16_123.3	PRKG2	1162	2312	1180	1607	950	1270
WNK4_PKc_E5_89.1	WNK4	1161	1440	908	2862	353	1499
ULK4_PKc_E5_163.14	ULK4	1161	1288	929	373	388	470
DDR1_PKc_E12_60.9	DDR1	1161	1113	1085	1786	176	566
TNIK_PKc_E5_111.4	TNIK	1160	1711	1263	1506	1584	1374
BRSK1_PKc_E6_34	BRSK1	1160	2177	1193	588	1366	1221
TYRO3_PKc_E13_81	TYRO3	1159	2197	1420	925	1003	1262
PRKCZ_PKc_E13_88.11	PRKCZ	1158	1938	801	1023	1293	1159
PAK6_PKc_E10_135.21	PAK6	1158	1401	874	1102	1880	615
JAK3_PKc2_E22_118.14	JAK3	1158	1162	1182	744	2205	1042
CDC42BPA_PKc_E3_84	CDC42BPA	1158	1318	770	767	1860	1267
RIPK3_PKc_E2_101.1	RIPK3	1156	1636	1421	1196	1094	1115
MAST3_PKc_E12_41.1	MAST3	1156	1888	1493	1798	1065	2016
MERTK_PKc_E16_110.2	MERTK	1155	1338	982	1889	1347	963
EEF2K_PKc_E9_53.1	EEF2K	1155	1122	1257	1278	809	811
AMHR2_PKc_E11_108.5	AMHR2	1155	1567	1141	2271	1346	964
STK39_PKc_E3_109.6	STK39	1154	1223	1148	1752	1312	555
FYN_PKc_E10_180.5	FYN	1154	1615	788	1635	780	581
SPEG_PKc1_E22_201.35	SPEG	1153	1190	731	922	374	695
MYO3A_PKc_E4_135	MYO3A	1153	907	947	416	552	572
HIPK3_PKc_E6_147.2	HIPK3	1153	1725	1329	134	1047	563
CAMK4_PKc_E3_63	CAMK4	1153	769	1149	2051	1841	711
ULK1_PKc_E1_75.8	ULK1	1152	1052	866	393	979	949
STK32B_PKc_E7_104.18	STK32B	1152	2247	1138	656	1831	1930
NRBP2_PKc_E2_117.11	NRBP2	1152	2970	1517	1355	774	1413
BMPR2_PKc_E6_231.14	BMPR2	1152	1989	1359	1924	731	765
GRK4_PKc_E12_209.1	GRK4	1151	2284	2116	2529	2622	1356
ULK3_PKc_E3_121.5	ULK3	1150	1531	1282	900	1563	895
RPS6KA3_PKc_E6_80.4	RPS6KA3	1150	1760	793	150	674	279
MAPK3_PKc_E4_117.4	MAPK3	1147	1985	1158	1016	1671	942
MAP4K1_PKc_E5_56.2	MAP4K1	1147	962	1352	1464	2393	1582
MAP3K4_PKc_E24_123.1	MAP3K4	1147	1174	1084	827	724	535
PRKCI_PKc_E14_126.11	PRKCI	1145	1144	988	691	431	449
CDK7_PKc_E4_68.3	CDK7	1145	1480	927	160	3	280
BMPR1B_PKc_E7_187.11	BMPR1B	1145	1944	1148	937	735	1517
RPS6KA1_PKc_E7_107	RPS6KA1	1143	2732	2119	1098	1484	1474
PLK1_PKc_E1_276.9	PLK1	1143	1445	935	1866	88	136
NEK10_PKc_E19_54	NEK10	1143	1965	1424	609	1996	831
STYK1_PKc_E10_97.1	STYK1	1141	1924	1247	758	846	477
SNRK_PKc_E3_556.3	SNRK	1141	507	847	1630	458	878
BCR_PKc_E1_1278.96	BCR	1140	1029	1468	748	675	742
SCYL1_PKc_E4_227.2	SCYL1	1139	1167	852	652	1227	546
MTOR_PKc_E47_136.3	MTOR	1139	1400	1484	130	0	162
ADRBK1_PKc_E12_95.3	ADRBK1	1139	2147	1135	1164	710	2378
EPHA4_PKc_E14_210.8	EPHA4	1138	1528	824	968	2526	941
PDK4_PKc_E3_72.2	PDK4	1137	795	1038	1167	837	2307
STK38_PKc_E5_84.1	STK38	1136	1429	1083	1076	1262	1319
LMTK2_PKc_E6_88.1	LMTK2	1135	1590	1174	1432	2625	1588
UHMK1_PKc_E2_293.15	UHMK1	1134	1172	1235	1025	709	513
LTK_PKc_E13_65	LTK	1134	1466	999	1054	1011	949
PDGFRB_PKc_E14_111.1	PDGFRB	1133	2049	1376	1825	1493	733
CLK2_PKc_E4_40	CLK2	1132	1378	1270	497	626	1030
STK32C_PKc_E7_104.4	STK32C	1131	1275	1424	710	2292	1514
CDK12_PKc_E6_190.11	CDK12	1130	1245	1196	185	266	178
MAPK1_PKc_E6_132.9	MAPK1	1129	1306	1364	430	1708	853
MAPKAPK3_PKc_E6_65.3	MAPKAPK3	1128	1118	1554	1994	1519	1223
EPHB6_PKc_E14_150	EPHB6	1127	1086	1255	640	3267	872
EPHA7_PKc_E10_43	EPHA7	1127	1887	1076	1540	838	1417
NEK7_PKc_E5_111.1	NEK7	1126	1205	1654	969	1860	945
SBK2_PKc_E2_52.3	SBK2	1125	1642	1436	1562	1485	2299
ADCK5_PKc_E7_114.17	ADCK5	1124	985	882	566	869	912
neg37	CONTROL	1123	1189	1398	1442	1718	753
FGFR1_PKc_E14_123.7	FGFR1	1123	872	894	188	1416	1369
STK17A_PKc_E5_49	STK17A	1121	2558	1376	1614	1230	1189
MAP3K9_PKc_E2_412.14	MAP3K9	1121	1678	1194	807	1164	1960
STK17A_PKc_E6_180.4	STK17A	1120	2088	1981	745	1832	1346
MAPK6_PKc_E4_165.1	MAPK6	1120	1968	1288	1920	1913	1492
ITK_PKc_E12_161.14	ITK	1119	876	589	1033	1314	273
TESK2_PKc_E4_49	TESK2	1117	1406	1666	945	1778	1764
PRKACA_PKc_E6_127.16	PRKACA	1117	802	614	636	621	436
CAMK2G_PKc_E3_60.2	CAMK2G	1117	1822	1274	2299	2197	1255
TBCK_PKc_E3_73	TBCK	1115	1276	827	1185	1304	971
MAP2K7_PKc_E7_108.1	MAP2K7	1115	1383	1152	822	1128	815
PRKACG_PKc_E1_948.157	PRKACG	1114	855	1012	952	987	1023
PHKG2_PKc_E6_164	PHKG2	1114	773	958	1178	744	1252
CDC42BPG_PKc_E6_94.3	CDC42BPG	1114	1666	1473	997	2291	1882
KALRN_PKc_E59_139.1	KALRN	1113	844	1153	540	986	944
FER_PKc_E17_124.2	FER	1113	1812	1180	985	1084	1457
TNNI3K_PKc_E18_53.3	TNNI3K	1112	1343	899	807	84	867
PIM2_PKc_E3_51.1	PIM2	1112	961	801	1403	291	981
STRADA_PKc_E11_242.41	STRADA	1110	1477	1074	621	1439	269
DAPK2_PKc_E5_130.5	DAPK2	1110	1296	1169	899	1513	990
AURKC_PKc_E6_175.14	AURKC	1110	783	1380	1384	987	1464
STK40_PKc_E5_228.1	STK40	1108	1633	1319	3112	1445	1172
IKBKB_PKc_E6_89.7	IKBKB	1108	560	648	271	2399	558
DMPK_PKc_E6_207.24	DMPK	1108	1911	1527	1622	801	2163
CDK16_PKc_E8_63.4	CDK16	1107	1592	1958	1812	1014	1285
TBK1_PKc_E4_130.7	TBK1	1106	1368	1017	742	1142	766
PRKX_PKc_E6_58.2	PRKX	1106	1328	1275	594	2266	1745
CDK16_PKc_E9_124.3	CDK16	1106	835	1272	871	2474	1339
BLK_PKc_E12_132.4	BLK	1105	752	1114	817	1272	1867
DSTYK_PKc_E8_155.7	DSTYK	1104	916	1091	2684	1310	884
STK3_PKc_E9_138.5	STK3	1101	1724	1797	1790	896	2039
CAMKV_PKc_E4_75.5	CAMKV	1101	1636	1122	1116	689	646
CAMK2G_PKc_E1_32.1	CAMK2G	1101	796	948	336	2709	735
RPS6KB1_PKc_E7_101.9	RPS6KB1	1100	1232	817	420	400	765
DDR1_PKc_E15_235.2	DDR1	1100	1067	933	755	1217	1158
CAMK2D_PKc_E1_32	CAMK2D	1100	2253	1456	1207	741	872
AAK1_PKc_E2_40.1	AAK1	1099	1440	819	246	1711	1222
TNK2_PKc_E7_127.11	TNK2	1098	1865	2007	1647	1889	1812
CDC42BPB_PKc_E5_149.5	CDC42BPB	1098	880	462	139	534	391
BRSK2_PKc_E5_117.9	BRSK2	1098	2178	1471	2732	2205	1139
WNK3_PKc_E3_173.12	WNK3	1097	1340	1133	458	1334	900
TSSK6_PKc_E1_771.109	TSSK6	1097	1992	1318	1051	606	906
RPS6KA3_PKc_E7_107.1	RPS6KA3	1097	981	739	1314	621	1103
BMP2K_PKc_E6_82.7	BMP2K	1097	1405	1350	565	2267	841
CSF1R_PKc_E13_105.8	CSF1R	1096	587	1223	677	1245	1360
MST1R_PKc_E19_137.25	MST1R	1095	2443	1293	1731	600	1990
GUCY2D_PKc_E9_207.18	GUCY2D	1095	1592	1395	1172	1322	2491
MERTK_PKc_E13_81.4	MERTK	1094	1665	1237	2017	1664	1484
MAST3_PKc_E17_102.5	MAST3	1093	1573	836	1589	1808	382
GRK5_PKc_E11_90.14	GRK5	1093	1253	839	287	1560	1372
DDR1_PKc_E13_128.2	DDR1	1093	937	726	244	793	955
BRAF_PKc_E12_85.2	BRAF	1093	755	928	1515	1870	1514
ROR2_PKc_E9_852.38	ROR2	1092	2426	1486	1432	1592	523
STK32C_PKc_E3_152.1	STK32C	1090	881	1091	1657	956	1205
AXL_PKc_E16_122.7	AXL	1090	1097	855	680	1613	1294
RPS6KA2_PKc_E6_107.6	RPS6KA2	1089	761	721	1294	1510	577
PRKCH_PKc_E13_144.1	PRKCH	1089	1064	1194	962	734	1083
PDPK1_PKc_E2_48	PDPK1	1089	889	1741	1286	955	1078
CDK10_PKc_E6_68.2	CDK10	1089	1090	734	117	1490	1100
DYRK1B_PKc_E9_213.48	DYRK1B	1088	362	679	439	36	466
WNK2_PKc_E1_105	WNK2	1086	1550	1457	550	1716	1409
TBK1_PKc_E2_63.2	TBK1	1085	1222	1161	816	2107	1476
GSK3B_PKc_E5_131.8	GSK3B	1085	989	1009	273	151	226
TEX14_PKc_E8_114.4	TEX14	1084	1577	749	1448	668	466
PSKH2_PKc_E2_667.27	PSKH2	1084	2214	984	1635	1153	1927
CDK9_e3.1	CDK9	1083	1656	1910	356	1611	545
CDK5_PKc_E2_89.3	CDK5	1083	1513	994	821	1558	780
STYK1_PKc_E7_84.1	STYK1	1081	1471	1159	980	3365	1011
PDK2_PKc_E3_72.3	PDK2	1081	1655	1000	1555	771	1093
DYRK4_PKc_E9_173.37	DYRK4	1080	894	1022	1506	1780	925
CAMK2A_PKc_E5_66.6	CAMK2A	1080	1871	1368	651	1160	680
MAST1_PKc_E12_209.17	MAST1	1078	1984	980	2414	1135	771
MAPK7_PKc_E4_754.37	MAPK7	1078	1535	1679	744	711	1289
ULK4_PKc_E2_132.5	ULK4	1077	696	1457	1572	2288	1077
MAP3K8_PKc_E6_107.4	MAP3K8	1077	881	771	742	447	1060
PAK6_PKc_E9_126.5	PAK6	1075	1026	683	12	697	230
CDK7_PKc_E1_48	CDK7	1074	753	1196	191	505	493
STK4_PKc_E5_165.3	STK4	1073	1773	1495	451	2069	875
neg05	CONTROL	1072	993	857	1245	1157	998
GSK3A_PKc_E5_131.14	GSK3A	1072	1096	1222	2622	1448	1653
Rosa26	Rosa26	1071	931	1605	2096	1850	3297
WNK1_PKc_E5_89.4	WNK1	1070	1133	1407	1193	284	655
STKLD1_PKc_E6_71.5	STKLD1	1069	1340	1366	1165	1317	981
PAK3_PKc_E13_100.3	PAK3	1069	1131	958	2508	1105	698
LATS2_PKc_E7_107.3	LATS2	1069	1478	1271	696	708	934
CDKL2_PKc_E6_140	CDKL2	1069	1033	848	1760	841	669
RIOK2_PKc_E3_117.8	RIOK2	1068	1341	1545	207	0	155
TYK2_PKc_E15_128.2	TYK2	1067	1470	987	1087	2238	1630
MAPKAPK5_PKc_E5_109.8	MAPKAPK5	1066	1250	1276	998	1030	1518
BLK_PKc_E13_176.19	BLK	1065	1378	1080	2064	770	1299
CDKL4_PKc_E4_91.2	CDKL4	1064	1073	1431	1197	1331	2417
ABL2_PKc_E10_68.4	ABL2	1064	904	738	359	650	466
GCK_PKc_E5_96.1	GCK	1063	1241	834	1717	1382	1657
STK26_PKc_E4_57.4	STK26	1062	547	463	396	1137	219
LATS1_PKc_E6_183.6	LATS1	1062	1114	811	2955	3305	704
DYRK1B_PKc_E6_287.28	DYRK1B	1062	1421	1172	797	476	2404
BUB1B_PKc_E21_172.12	BUB1B	1061	2130	1578	0	320	326
STK26_PKc_E3_219.1	STK26	1060	1022	1881	1382	4376	3471
RPL9_e4.1	RPL9	1059	1228	957	2	0	0
AK3_PKc_E5_40	AK3	1059	1752	1066	379	162	228
SRMS_PKc_E8_164.21	SRMS	1058	1036	879	675	843	1012
JAK3_PKc2_E21_173.5	JAK3	1058	995	1385	1849	978	1317
TSSK2_PKc_E1_789.39	TSSK2	1057	1341	824	616	447	1274
EIF2AK4_PKc2_E12_431.72	EIF2AK4	1056	1265	893	1290	2121	1207
FASTK_PKc_E6_143.1	FASTK	1055	1811	1049	733	788	833
STK24_PKc_E2_210.9	STK24	1054	2136	1183	2002	894	947
PASK_PKc_E17_86.7	PASK	1054	715	634	434	1007	861
MERTK_PKc_E14_93	MERTK	1054	1084	843	1295	792	1100
KSR1_PKc_E16_227.2	KSR1	1052	1768	1306	206	926	639
STK4_PKc_E4_115.2	STK4	1051	1985	1567	1737	1079	2030
DAPK1_PKc_E4_139.3	DAPK1	1051	1433	1164	1003	1329	1530
CDK18_PKc_E5_45	CDK18	1051	377	772	1349	136	621
CSNK1A1_PKc_E4_99.5	CSNK1A1	1050	395	1012	0	26	212
ULK4_PKc_E6_102.1	ULK4	1048	1426	1300	709	1235	1842
neg28	CONTROL	1047	850	1097	798	2214	261
STK35_PKc_E2_292.3	STK35	1045	1281	1678	833	1099	1327
PIM1_PKc_E5_177.26	PIM1	1045	1187	1267	366	813	770
INSRR_PKc_E21_135.9	INSRR	1045	1520	630	595	864	1491
TLK2_PKc_E19_170.4	TLK2	1044	1552	1295	1596	1758	890
MAPK14_PKc_E3_59	MAPK14	1044	1949	1482	1599	2876	2375
VRK3_PKc_E10_93.5	VRK3	1043	1320	1013	872	1109	992
MARK1_PKc_E9_120	MARK1	1043	1420	936	782	295	846
RPL23A_e2.1	RPL23A	1042	1846	1394	1391	1973	1960
PHKG2_PKc_E3_176	PHKG2	1042	1240	928	829	189	553
ADRBK1_PKc_E10_79.2	ADRBK1	1041	714	766	1825	1259	1321
MAST3_PKc_E14_139.4	MAST3	1040	1880	954	703	780	1067
ICK_PKc_E3_92.5	ICK	1039	827	1056	1101	1908	1175
STK16_PKc_E2_32	STK16	1038	1771	1706	363	1686	1490
PRKCA_PKc_E11_92.1	PRKCA	1038	1455	1034	858	1107	339
PKN3_PKc_E15_92.2	PKN3	1038	1382	1083	1098	1401	1398
TBCK_PKc_E6_142.17	TBCK	1037	944	1294	174	342	274
CSNK1G2_PKc_E5_149.15	CSNK1G2	1037	1737	1280	3224	2552	2388
WNK3_PKc_E6_89.3	WNK3	1036	789	1175	676	1262	1083
MAP2K5_PKc_E9_40.1	MAP2K5	1035	753	768	886	1997	1178
MAST1_PKc_E16_102.2	MAST1	1033	384	759	97	481	506
MAPK14_PKc_E5_30	MAPK14	1033	1656	1529	497	632	813
NUAK2_PKc_E6_133.8	NUAK2	1032	1498	1237	579	2394	2163
KALRN_PKc_E58_201.9	KALRN	1032	1009	1378	1175	2601	2039
CSNK1E_PKc_E7_110.8	CSNK1E	1032	1404	950	744	1061	1299
PDGFRA_PKc_E16_167.7	PDGFRA	1031	1308	1116	233	499	1212
LMTK3_PKc_E10_122.12	LMTK3	1031	1138	718	593	1258	616
NEK5_PKc_E4_97.2	NEK5	1030	643	1365	1276	972	1244
CDK10_PKc_E3_72.5	CDK10	1030	1204	1384	1284	1348	615
KIAA1804_PKc_E1_436.71	KIAA1804	1029	376	1105	929	1614	652
DCLK1_PKc_E11_147.4	DCLK1	1029	1506	1010	916	1184	1083
PTK7_PKc_E18_152.5	PTK7	1028	2023	1158	940	1644	988
TNK2_PKc_E4_81.4	TNK2	1027	1805	921	567	1820	702
ITK_PKc_E13_217.11	ITK	1027	1206	1269	718	1144	1285
WEE1_PKc_E4_143.9	WEE1	1026	460	947	1	0	0
MAPKAPK2_PKc_E4_80.1	MAPKAPK2	1026	1227	829	1529	2035	1761
AURKB_PKc_E7_149.8	AURKB	1026	1124	745	1823	563	375
STK4_PKc_E7_138.8	STK4	1025	969	1307	776	624	2335
EPHA3_PKc_E10_43.1	EPHA3	1025	2029	1190	1393	1586	780
CDK6_PKc_E5_110.8	CDK6	1025	1138	1349	2561	1433	1654
STK36_PKc_E3_141.8	STK36	1024	853	799	1920	1390	973
RIPK2_PKc_E3_156.1	RIPK2	1023	959	765	718	1985	1610
MAPK15_PKc_E1_54.1	MAPK15	1023	975	899	974	539	446
PRPF4B_PKc_E13_152.11	PRPF4B	1022	1049	900	212	1	126
ADCK3_PKc_E10_94.9	ADCK3	1022	1499	1019	98	713	1029
WNK4_PKc_E2_173.7	WNK4	1021	1308	839	1090	229	1421
DYRK1B_PKc_E4_84	DYRK1B	1020	772	1238	1168	562	925
LYN_PKc_E10_77	LYN	1019	1490	979	942	1834	798
FGFR2_PKc_E14_123.2	FGFR2	1019	593	1369	1127	479	865
TAOK2_PKc_E4_102.11	TAOK2	1018	889	943	449	258	180
STK26_PKc_E5_109.4	STK26	1018	1037	1293	1279	1000	1843
BMPR1A_PKc_E11_176.18	BMPR1A	1018	1656	1150	728	1952	597
NEK1_PKc_E7_68.1	NEK1	1015	1705	1426	784	1064	2102
MAP3K13_PKc_E4_192.3	MAP3K13	1015	192	728	715	600	435
MOK_PKc_E3_90.5	MOK	1014	1146	795	497	647	483
EIF2AK4_PKc_E10_107.8	EIF2AK4	1014	1448	952	1706	2105	1425
CAMK2D_PKc_E2_95.4	CAMK2D	1014	1166	958	240	236	614
MAPK9_PKc_E2_50.1	MAPK9	1013	320	860	1895	175	450
HIPK1_PKc_E3_124.1	HIPK1	1013	1414	763	1143	995	262
GSG2_PKc_E1_1371.11	GSG2	1013	1134	567	93	479	11
MAP3K5_PKc_E18_106	MAP3K5	1011	1557	1059	692	1118	698
NEK2_PKc_E6_48	NEK2	1010	743	653	918	994	1333
TRRAP_PKc_E68_218.23	TRRAP	1009	854	737	719	132	408
ARAF_PKc_E10_152.5	ARAF	1008	1190	1053	892	776	1861
SRC_PKc_E12_154	SRC	1007	873	1020	686	3012	1235
MATK_PKc_E13_87	MATK	1007	1010	1305	1533	937	1065
MAP3K1_PKc_E16_163.5	MAP3K1	1007	850	613	1134	850	1362
CAMK4_PKc_E5_73.1	CAMK4	1006	1390	1406	2121	1052	1043
MAST2_PKc_E18_166	MAST2	1005	589	772	1079	743	1143
LMTK2_PKc_E8_85.7	LMTK2	1005	1921	1361	1726	937	1201
PRKG2_PKc_E12_137.1	PRKG2	1004	1235	1247	1343	1421	900
neg34	CONTROL	1004	1684	833	1428	1446	1723
IKBKB_PKc_E5_70.3	IKBKB	1004	1609	873	120	2096	789
TRRAP_PKc_E71_195	TRRAP	1003	950	1068	343	266	460
TRIB2_PKc_E2_293.17	TRIB2	1003	1172	1287	1080	791	907
CDKL1_PKc_E3_73.1	CDKL1	1003	1412	973	1615	227	670
CHEK2_PKc_E7_54.1	CHEK2	1002	1285	884	2090	673	1470
PDIK1L_PKc_E3_708.73	PDIK1L	1001	1046	867	595	385	928
TYK2_PKc2_E23_118.7	TYK2	998	1472	1278	1672	1552	3366
RPS6KA5_PKc_E5_108.3	RPS6KA5	998	1218	975	999	1598	1207
ACVRL1_PKc_E6_147.8	ACVRL1	997	1287	1257	711	973	1505
MTOR_PKc_E50_83.9	MTOR	996	1424	1383	112	373	154
NIM1K_PKc_E4_414.46	NIM1K	994	635	1287	600	1573	1031
MAP3K9_PKc_E4_149.4	MAP3K9	992	1796	712	614	1044	1101
PRKCH_PKc_E9_174.15	PRKCH	990	1772	1130	741	1715	751
CSNK1G3_PKc_E6_235.1	CSNK1G3	990	1195	874	325	1043	891
TTN_PKc_E358_736.2	TTN	989	1143	1274	1576	1319	1954
MYLK3_PKc_E9_71	MYLK3	989	1315	1235	1198	3539	2195
LMTK3_PKc_E9_85.4	LMTK3	989	376	909	362	308	904
KDR_PKc_E19_114.3	KDR	989	1649	1074	469	1317	909
TRIB3_PKc_E3_293.37	TRIB3	988	933	730	811	1981	677
PRKCG_PKc_E11_189.3	PRKCG	988	1526	1087	1385	927	2009
LCK_PKc_E9_180.18	LCK	988	2028	1122	1902	1502	1336
TNNI3K_PKc_E15_58	TNNI3K	987	829	579	1216	129	797
STK3_PKc_E6_115.4	STK3	986	1051	978	351	1035	522
RPL23A_e3.1	RPL23A	984	1126	1171	0	124	0
MAPKAPK5_PKc_E4_98.3	MAPKAPK5	984	880	1342	995	511	2763
NEK8_PKc_E5_156.19	NEK8	982	591	845	1191	662	1164
NEK9_PKc_E1_69.6	NEK9	980	955	758	230	167	426
GAK_PKc_E3_60	GAK	980	1318	588	64	12	5
CDK6_PKc_E2_203.31	CDK6	980	1646	845	54	480	396
PBK_PKc_E3_59.2	PBK	978	1457	956	1364	1528	1159
LIMK1_PKc_E9_87.4	LIMK1	977	1676	1125	1461	1883	699
CAMKK2_PKc_E6_134.7	CAMKK2	977	952	664	898	1456	879
TNK1_PKc_E6_284.41	TNK1	976	1374	800	493	749	618
NEK4_PKc_E1_81.9	NEK4	975	1549	650	871	463	1091
HCK_PKc_E9_180.11	HCK	975	1257	1052	1635	1107	700
neg43	CONTROL	974	1981	1047	1440	1485	3353
PNCK_PKc_E2_38	PNCK	973	764	868	429	1459	675
EPHB6_PKc_E12_248.1	EPHB6	973	1176	942	1391	949	2038
ADCK2_PKc_E8_114.6	ADCK2	973	1978	1210	664	1586	1358
CLK4_PKc_E9_130.3	CLK4	972	1023	1117	379	1453	1471
CAMK4_PKc_E1_38.2	CAMK4	972	1547	1403	1488	2223	2106
MYO3A_PKc_E5_105	MYO3A	971	1060	785	372	2054	1999
CAMK2G_PKc_E2_95.4	CAMK2G	971	1195	1127	1905	2222	1258
PIM1_PKc_E2_81	PIM1	970	1383	1280	1309	1762	1094
CSNK1A1_PKc_E1_78.2	CSNK1A1	970	774	790	1	370	165
neg02	CONTROL	967	1184	1406	713	1522	1535
MAP2K4_PKc_E5_120.2	MAP2K4	967	1390	979	906	309	969
JAK2_PKc2_E21_125.3	JAK2	967	1413	1182	2013	1025	1143
MYO3A_PKc_E3_165.9	MYO3A	966	1287	625	717	2119	902
STK19_PKc_E5_140	STK19	965	1732	1570	1071	1209	1708
SIK1_PKc_E6_125.19	SIK1	963	497	1334	802	1286	591
STK4_PKc_E6_168.2	STK4	962	1337	1286	1514	1368	1807
RPS6KA6_PKc_E7_107	RPS6KA6	962	1360	1361	1406	1655	1453
CSNK2A1_PKc_E11_101	CSNK2A1	962	903	862	408	12	367
INSRR_PKc_E17_213	INSRR	961	1008	1351	554	935	1124
RPS6KA1_PKc2_E17_159	RPS6KA1	959	2157	1876	1301	1775	1192
CSK_PKc_E11_196.3	CSK	959	1909	1742	1502	1274	1300
BMPR1A_PKc_E13_99.2	BMPR1A	959	705	919	1453	745	1507
RPS6KL1_PKc_E4_42.3	RPS6KL1	958	943	1088	165	1675	712
INSR_PKc_E20_130.4	INSR	958	1426	978	955	127	953
TLK1_PKc_E15_92	TLK1	957	1221	860	623	275	1198
neg15	CONTROL	957	923	1096	691	1682	1200
GRK4_PKc_E10_38	GRK4	957	2001	1018	1075	794	871
MAP3K13_PKc_E7_61.3	MAP3K13	956	889	904	659	1126	987
MAK_PKc_E5_80.2	MAK	956	595	854	878	551	621
JAK1_PKc2_E20_193.4	JAK1	956	879	773	1865	718	536
MOS_PKc_E1_849.26	MOS	954	702	983	230	759	1204
ROCK1_PKc_E7_145.1	ROCK1	952	1340	932	399	211	930
PNCK_PKc_E4_75	PNCK	952	1428	1127	438	1746	1017
WNK2_PKc_E4_158	WNK2	951	1699	1276	942	1619	766
STK17B_PKc_E6_49.2	STK17B	951	790	574	2235	607	553
BCR_PKc_E1_1278.203	BCR	951	567	595	914	314	757
NEK4_PKc_E4_108.2	NEK4	949	1544	1008	1929	1081	2153
ACVR1C_PKc_E6_157.1	ACVR1C	949	1036	1293	2103	1736	741
neg20	CONTROL	948	985	1055	406	236	1792
BMPR1B_PKc_E8_298.19	BMPR1B	948	1228	758	1382	1728	608
PAK2_PKc_E10_113.1	PAK2	947	966	946	1390	771	1011
PKN2_PKc_E18_77	PKN2	946	1905	2291	64	888	590
GUCY2D_PKc_E12_149.8	GUCY2D	946	1016	869	1762	1113	1771
ERN1_PKc_E19_98.5	ERN1	946	442	372	335	419	789
VRK2_PKc_E4_70.1	VRK2	944	783	701	1179	645	694
TTBK1_PKc_E8_93.14	TTBK1	944	1090	1016	1613	1473	1186
TAOK2_PKc_E8_92.7	TAOK2	944	799	1153	681	1274	753
PAK2_PKc_E13_197.21	PAK2	942	573	931	1462	334	9
KALRN_PKc_E60_399.58	KALRN	942	1408	1136	1509	2185	1625
CSNK1G2_PKc_E3_41	CSNK1G2	942	1285	857	192	227	480
PRKCD_PKc_E13_174.16	PRKCD	941	1394	857	855	1111	1163
PKN1_PKc_E15_92.8	PKN1	941	1515	1103	1076	2398	1081
LYN_PKc_E13_194.6	LYN	938	1085	897	953	460	1486
CDC42BPA_PKc_E5_149.8	CDC42BPA	938	806	1202	1357	1104	1332
AKT2_PKc_E9_123.8	AKT2	938	1931	1116	1002	711	1198
SPEG_PKc2_E34_123.9	SPEG	937	1374	1367	1639	2126	2387
neg23	CONTROL	937	1330	1203	3697	875	1420
FGFR1_PKc_E13_191.13	FGFR1	937	896	699	460	1436	1307
CDK20_PKc_E3_189.5	CDK20	936	462	1076	2045	483	2035
ANKK1_PKc_E3_152.22	ANKK1	936	899	876	758	325	978
FGFR1_PKc_E15_71.2	FGFR1	935	1648	998	527	1175	970
ACVR1_PKc_E9_198.4	ACVR1	935	716	878	2015	847	596
MAP3K13_PKc_E3_158.16	MAP3K13	934	1106	1104	551	1222	198
ADCK2_PKc_E3_129.17	ADCK2	934	951	985	1739	450	2001
ROS1_PKc_E38_130.7	ROS1	933	594	810	619	917	593
AAK1_PKc_E4_109.3	AAK1	933	1594	1264	3673	586	1053
SRMS_PKc_E5_159.12	SRMS	932	235	670	40	1055	645
INSRR_PKc_E18_111.8	INSRR	931	897	995	1003	503	1098
STYK1_PKc_E6_182.18	STYK1	930	1047	822	487	1114	849
CAMK2D_PKc_E5_66	CAMK2D	927	449	1003	869	1247	1023
ABL2_PKc_E6_85.1	ABL2	927	2245	576	430	848	606
neg29	CONTROL	926	730	1076	605	549	1763
STK40_PKc_E3_87.9	STK40	924	1364	950	704	750	570
GSK3B_PKc_E3_84.2	GSK3B	924	1792	1260	525	25	854
ULK1_PKc_E4_33	ULK1	923	1634	1376	1416	783	1797
EPHA1_PKc_E13_62.2	EPHA1	922	2286	1134	1277	446	1057
ABL2_PKc_E8_185	ABL2	922	753	796	843	507	583
TRPM6_PKc_E36_206.12	TRPM6	921	1226	1200	1337	794	572
AAK1_PKc_E7_82.6	AAK1	920	1403	1328	1505	1778	1649
MAP3K14_PKc_E6_114.9	MAP3K14	918	1842	898	1877	1953	836
EPHA2_PKc_E12_62	EPHA2	915	1560	1269	2322	1645	721
WNK2_PKc_E5_89.7	WNK2	913	248	1171	342	1200	949
PRKCZ_PKc_E14_120.12	PRKCZ	912	876	1255	843	815	1006
JAK1_PKc2_E24_111.9	JAK1	912	1608	1091	1951	1336	1230
ILK_PKc_E8_110.1	ILK	912	1423	1107	248	1096	165
EIF2AK4_PKc2_E15_123.2	EIF2AK4	912	1465	997	1579	1891	1354
CAMK1_PKc_E5_139	CAMK1	912	1730	684	2232	3612	1398
SGK1_PKc_E7_113.8	SGK1	910	708	708	1248	1395	743
PLK2_PKc_E5_88.5	PLK2	910	678	979	476	731	868
CSNK1G3_PKc_E5_149.1	CSNK1G3	910	696	752	667	678	798
PRKACG_PKc_E1_948.1	PRKACG	909	1012	787	605	955	702
MAP3K3_PKc_E16_178.27	MAP3K3	909	894	786	564	700	511
CDKL4_PKc_E2_122	CDKL4	909	1606	1240	1167	796	1189
RIOK2_PKc_E5_89	RIOK2	908	1056	1038	133	103	187
TRIB1_PKc_E1_72.9	TRIB1	907	1554	1073	591	1655	384
ADRBK2_PKc_E10_79.5	ADRBK2	905	915	634	605	582	1215
TLK1_PKc_E17_170.6	TLK1	904	1673	1329	387	1643	357
MAP3K7_PKc_E2_111.1	MAP3K7	904	1406	458	467	1750	271
GSG2_PKc_E1_1371.119	GSG2	904	522	1430	603	167	433
MAP3K2_PKc_E15_178.2	MAP3K2	903	686	939	1571	1800	699
ADCK4_PKc_E10_94.6	ADCK4	900	1391	1121	1878	1690	1188
TGFBR2_PKc_E5_525.64	TGFBR2	899	893	1382	1365	3759	1881
SCYL2_PKc_E5_150.1	SCYL2	899	1396	1444	1802	748	1197
EPHA6_PKc_E16_150.9	EPHA6	899	1393	1129	342	175	1057
ACVR1_PKc_E10_131	ACVR1	899	1160	1495	2449	479	458
HIPK2_PKc_E5_87.4	HIPK2	898	1462	1265	1450	2307	2448
PRKCI_PKc_E13_88.2	PRKCI	897	536	538	563	1507	588
DYRK2_PKc_E3_1140.73	DYRK2	897	1477	1209	803	1318	850
TSSK6_PKc_E1_771.48	TSSK6	896	1202	997	640	1094	328
STK16_PKc_E4_134.16	STK16	896	829	522	625	882	94
LATS2_PKc_E6_183.17	LATS2	896	859	771	441	1769	575
EPHA10_PKc_E11_186.3	EPHA10	896	964	1241	2400	1285	655
STK38L_PKc_E5_84	STK38L	895	665	1068	845	1424	1125
RPA3_e1.3	RPA3	894	516	833	0	159	276
PTK2B_PKc_E25_90.3	PTK2B	893	1250	1250	866	868	557
MTOR_PKc_E47_136.1	MTOR	893	918	758	728	0	87
DYRK2_PKc_E3_1140.126	DYRK2	893	1168	415	319	269	284
SLK_PKc_E3_49.1	SLK	891	1226	873	998	2531	872
PRKD3_PKc_E15_99	PRKD3	891	309	472	395	477	427
PAK2_PKc_E8_64.3	PAK2	891	1314	1211	862	86	880
IRAK4_PKc_E11_63.2	IRAK4	890	899	985	0	2007	245
FER_PKc_E15_116.2	FER	890	996	1130	613	1063	2001
SIK3_PKc_E5_125.12	SIK3	889	963	768	78	490	485
ACVR1B_PKc_E9_131.14	ACVR1B	889	956	1057	1574	1677	720
PIK3R4_PKc_E4_93.1	PIK3R4	887	1070	988	1808	727	1050
MAPK12_PKc_E2_130.1	MAPK12	887	613	736	218	1131	404
MAPK13_PKc_E1_95.9	MAPK13	884	751	592	831	551	397
TTK_PKc_E17_125.3	TTK	883	1376	1082	236	1194	900
TSSK6_PKc_E1_771.7	TSSK6	882	591	589	805	793	1003
RPS6KA2_PKc2_E17_162.12	RPS6KA2	882	540	1583	1352	1032	1426
FGFR3_PKc_E13_191.41	FGFR3	879	1810	1598	1475	1456	1447
STK32C_PKc_E2_45.7	STK32C	877	1345	751	965	1011	1104
FGFR1_PKc_E10_41	FGFR1	877	1065	1114	817	846	502
NEK5_PKc_E6_84.4	NEK5	876	1075	872	706	1022	1348
PDK3_PKc_E5_62.2	PDK3	872	1963	1567	302	2169	696
MINK1_PKc_E1_36.1	MINK1	872	1698	1180	2329	1267	751
ILK_PKc_E10_122.7	ILK	872	663	775	731	386	1187
MYLK2_PKc_E8_142.4	MYLK2	871	1266	1029	318	1511	792
TIE1_PKc_E17_191.24	TIE1	868	2225	1257	1616	1876	1437
TEK_PKc_E15_130.7	TEK	867	2501	1365	1522	1319	854
GUCY2F_PKc_E9_177.5	GUCY2F	863	1834	999	1343	1374	383
BUB1B_PKc_E18_101.2	BUB1B	863	2028	1154	123	0	114
DCLK1_PKc_E8_83.4	DCLK1	862	1147	1418	668	1777	1778
CLK1_PKc_E7_167.7	CLK1	862	1196	710	229	574	860
POLR2D_e3.1	POLR2D	860	1296	813	0	0	1
CDK5_PKc_E1_37.2	CDK5	860	1308	930	1297	1543	956
ADCK3_PKc_E12_108.8	ADCK3	859	1077	790	490	1315	665
MAP3K9_PKc_E3_181.9	MAP3K9	858	409	997	299	805	2055
MAP3K7_PKc_E1_120.13	MAP3K7	858	1239	986	1003	2376	1377
ERBB3_PKc_E23_147.5	ERBB3	856	930	755	56	41	723
STK11_PKc_E6_128.2	STK11	855	1314	948	1019	208	93
TAOK1_PKc_E6_97.2	TAOK1	853	810	813	446	1443	1873
PTK2B_PKc_E20_90.1	PTK2B	849	428	1284	1500	1074	664
PRKD1_PKc_E14_162.7	PRKD1	849	89	350	291	840	154
PDK3_PKc_E4_185.1	PDK3	849	967	1173	1056	426	809
BUB1B_PKc_E17_37	BUB1B	849	1106	1073	126	1156	272
AXL_PKc_E17_110.5	AXL	849	1494	904	1242	1024	733
ACVRL1_PKc_E6_147.3	ACVRL1	849	1034	810	1501	599	1129
GUCY2D_PKc_E10_157.1	GUCY2D	848	1112	986	2425	1208	1158
ACVR2A_PKc_E5_87.3	ACVR2A	847	1008	1076	1155	1591	364
CAMKV_PKc_E6_121.12	CAMKV	846	1544	1309	2050	2269	1699
EPHA8_PKc_E11_186.28	EPHA8	844	1541	943	1057	778	1156
CAMK2B_PKc_E2_95.3	CAMK2B	844	496	1004	648	818	1026
RPS6KA5_PKc2_E14_192.21	RPS6KA5	841	2063	932	776	1007	887
IRAK3_PKc_E9_199.15	IRAK3	841	583	1065	246	586	683
PLK4_PKc_E4_115	PLK4	840	789	696	374	225	305
MAK_PKc_E6_133.7	MAK	840	1372	1078	1405	2855	1804
RET_PKc_E14_215.42	RET	839	1199	529	455	2660	373
PLK2_PKc_E2_108	PLK2	839	1030	911	1086	1409	410
EPHA2_PKc_E11_189.12	EPHA2	838	632	1082	107	750	966
AURKC_PKc_E5_149.13	AURKC	838	1851	1634	563	1410	2408
PRKCE_PKc_E10_174.13	PRKCE	837	1124	942	1053	690	1173
OBSCN_PKc2_E103_76.7	OBSCN	837	1598	1428	1090	1791	1080
FGFR4_PKc_E10_38.3	FGFR4	837	1458	897	547	36	345
AURKB_PKc_E9_156.14	AURKB	837	869	1051	0	0	0
AAK1_PKc_E3_119.6	AAK1	836	708	1130	745	407	1255
MASTL_PKc2_E11_102.1	MASTL	834	1385	1160	912	1378	851
CAMK1G_PKc_E2_38	CAMK1G	833	1482	1139	773	1003	842
LCK_PKc_E8_76.1	LCK	832	271	669	1023	466	606
MAPK8_PKc_E4_59	MAPK8	831	855	664	554	431	484
POLR2A_e10.1	POLR2A	827	608	763	0	0	0
AXL_PKc_E18_160.14	AXL	827	1153	869	1039	944	803
PAK6_PKc_E8_127.8	PAK6	826	1122	751	654	691	1289
NUAK2_PKc_E3_152.1	NUAK2	826	738	694	392	886	225
GAK_PKc_E1_31	GAK	826	1766	808	93	329	30
FLT1_PKc_E20_89.2	FLT1	826	2617	1370	166	614	2116
PDGFRB_PKc_E15_160.7	PDGFRB	825	1615	831	904	759	1946
ERN1_PKc_E17_200.6	ERN1	824	1521	1349	1152	691	1584
AURKB_PKc_E5_191.2	AURKB	824	1031	986	0	250	158
CSNK2A1_PKc_E11_101.1	CSNK2A1	823	1264	1002	373	373	779
HUNK_PKc_E2_293.25	HUNK	821	1130	1006	1476	1321	608
NTRK2_PKc_E19_235.8	NTRK2	820	842	1513	950	818	1038
TESK1_PKc_E6_91.9	TESK1	819	796	1103	1362	1538	1344
MKNK1_PKc_E4_98.4	MKNK1	819	641	671	268	311	1184
PDK4_PKc_E5_59	PDK4	818	1006	1210	1161	1624	967
MAPK13_PKc_E6_48.2	MAPK13	818	539	294	909	475	693
MAP3K6_PKc_E20_135.17	MAP3K6	818	1514	996	2509	918	508
NUAK1_PKc_E4_66.2	NUAK1	817	367	770	275	278	445
PRPF4B_PKc_E11_154.2	PRPF4B	815	739	960	0	79	56
PLK1_PKc_E2_169.19	PLK1	815	838	783	177	0	187
MAP3K11_PKc_E3_149.4	MAP3K11	814	1014	1054	389	40	660
HCK_PKc_E13_194.6	HCK	814	913	751	241	0	160
MAP4K5_PKc_E3_58.2	MAP4K5	812	988	1804	1215	764	4809
SRC_PKc_E11_77.4	SRC	810	460	565	197	1167	593
RYK_PKc_E8_49	RYK	810	755	995	927	817	2021
PIM1_PKc_E4_367.38	PIM1	809	677	1378	1266	1824	877
SCYL1_PKc_E5_91.8	SCYL1	806	353	1083	325	439	590
MAST3_PKc_E16_166.17	MAST3	806	1241	912	758	1623	1044
BUB1_PKc_E24_107	BUB1	806	1047	915	6	771	0
LTK_PKc_E11_35	LTK	805	907	952	1642	751	364
PDIK1L_PKc_E2_267.1	PDIK1L	803	1130	631	1173	404	1083
PRKD3_PKc_E13_107.3	PRKD3	801	1163	946	2285	603	880
IRAK2_PKc_E8_110.3	IRAK2	801	820	948	1210	1242	1110
STK38L_PKc_E8_103.3	STK38L	799	688	501	263	604	577
PRKACB_PKc_E5_83.3	PRKACB	799	565	815	842	340	1009
DYRK3_PKc_E3_1140.67	DYRK3	799	1802	1248	1198	1523	1006
PDK4_PKc_E2_142.7	PDK4	796	1444	1155	390	1708	812
PDK2_PKc_E1_34	PDK2	796	843	841	786	433	648
NEK7_PKc_E3_102.5	NEK7	796	914	1249	1299	1150	1703
CDC7_PKc_E8_96.2	CDC7	796	780	643	92	201	707
FLT1_PKc_E21_157.4	FLT1	794	1210	996	1287	1892	968
TRIO_PKc_E57_399.42	TRIO	793	867	935	277	447	521
STK36_PKc_E6_250.25	STK36	793	2035	1079	789	1846	1739
MOS_PKc_E1_849.125	MOS	793	760	828	498	1615	1652
JAK2_PKc_E18_151.5	JAK2	792	1820	1412	584	1566	804
DYRK3_PKc_E3_1140.115	DYRK3	792	1118	901	143	636	754
STK25_PKc_E8_102.1	STK25	790	931	1034	883	1117	779
AK3_PKc_E3_173.2	AK3	790	1606	893	910	766	1030
ADCK4_PKc_E12_108.1	ADCK4	790	992	896	1793	769	1353
RIOK3_PKc_E10_81.1	RIOK3	789	761	842	1450	1949	194
RIPK4_PKc_E5_159.15	RIPK4	787	892	861	656	1104	720
MKNK1_PKc_E5_80.3	MKNK1	786	1453	655	416	292	273
MAPK8_PKc_E2_50.1	MAPK8	786	976	591	495	158	421
neg25	CONTROL	780	1278	674	1376	1275	1285
CAMK1G_PKc_E3_129.8	CAMK1G	780	1699	798	760	1347	342
TSSK2_PKc_E1_789.87	TSSK2	779	969	802	494	1089	743
RPS6KA6_PKc2_E17_159.6	RPS6KA6	779	1064	891	976	2051	708
PKMYT1_PKc_E3_57	PKMYT1	778	1187	1010	136	359	267
CDK18_PKc_E7_95.9	CDK18	778	527	684	544	751	1706
CDK12_PKc_E5_171.8	CDK12	778	1407	1595	1720	3049	1266
STK32B_PKc_E3_152	STK32B	776	1488	1256	750	2282	1044
PBK_PKc_E4_143.6	PBK	775	1221	1089	375	1880	692
LRRK2_PKc_E39_101.2	LRRK2	775	539	924	196	238	653
MAPK7_PKc_E4_754.65	MAPK7	774	964	718	780	1472	1466
MAP3K8_PKc_E5_262.23	MAP3K8	772	941	1162	1544	758	753
BMPR2_PKc_E7_115.4	BMPR2	772	601	1095	1143	2152	1020
CDC42BPG_PKc_E2_48.1	CDC42BPG	771	1102	710	907	183	308
POLR2A_e2.1	POLR2A	770	545	399	9	62	68
PLK4_PKc_E5_458.19	PLK4	769	609	440	366	696	657
ULK1_PKc_E2_93.5	ULK1	767	1518	1223	1380	684	2524
neg12	CONTROL	767	781	1078	1122	1591	1549
YES1_PKc_E10_154.1	YES1	766	1064	1131	1073	917	2300
SPEG_PKc1_E24_78.6	SPEG	766	889	979	681	1320	767
RPS6KA2_PKc_E2_42.2	RPS6KA2	766	1084	1497	321	613	1232
ADCK1_PKc_E5_159.11	ADCK1	766	1100	833	325	1619	578
PRKCE_PKc_E13_189.18	PRKCE	765	1070	869	211	598	1516
EPHA1_PKc_E16_150.6	EPHA1	765	824	884	442	590	490
neg17	CONTROL	764	1553	792	1902	964	953
SRPK3_PKc_E5_88.11	SRPK3	763	1966	845	831	558	1288
CSNK1G3_PKc_E4_70.2	CSNK1G3	763	429	720	446	128	480
TBK1_PKc_E5_182.1	TBK1	762	837	697	626	37	824
CSNK1D_PKc_E5_171.15	CSNK1D	762	923	1408	2019	1159	1175
BMP2K_PKc_E2_119.7	BMP2K	762	1875	1347	684	2204	1349
STK26_PKc_E8_102	STK26	761	1070	1383	1889	1386	1703
PAK2_PKc_E11_118.2	PAK2	761	689	940	1926	180	719
WEE1_PKc_E6_147.2	WEE1	760	1197	943	609	429	915
PLK3_PKc_E3_117.4	PLK3	759	972	676	612	1256	1244
PRKCQ_PKc_E13_92.2	PRKCQ	758	1453	976	446	1245	1003
DYRK2_PKc_E3_1140.134	DYRK2	757	672	699	1031	439	520
RPS6KL1_PKc_E5_48.2	RPS6KL1	756	1060	972	490	1171	491
FASTK_PKc_E5_201.31	FASTK	756	994	1346	360	2870	1620
PIM1_PKc_E2_81.6	PIM1	755	994	866	361	390	412
TYK2_PKc_E18_135.4	TYK2	754	1746	1588	1705	1406	1507
STK32A_PKc_E5_174.15	STK32A	754	698	670	2741	1252	1372
MAP3K10_PKc_E2_181.9	MAP3K10	754	1436	1030	641	1455	838
KSR1_PKc_E18_134.12	KSR1	753	750	756	350	518	535
MERTK_PKc_E17_160.3	MERTK	752	453	574	390	856	292
DSTYK_PKc_E10_114.7	DSTYK	749	2244	1436	817	2254	1694
ABL1_PKc_E6_178.11	ABL1	749	1112	1502	2287	1302	1234
STK31_PKc_E21_150.5	STK31	748	784	548	1023	0	294
neg49	CONTROL	744	563	930	860	1728	1217
TRIO_PKc_E55_201.2	TRIO	740	1429	1056	1227	1004	481
CDC7_PKc_E5_94.1	CDC7	740	887	1015	0	0	0
MST1R_PKc_E15_81.6	MST1R	735	696	609	1062	0	555
MST1R_PKc_E17_110.17	MST1R	734	1180	896	455	721	1423
CDC42BPG_PKc_E7_201.27	CDC42BPG	734	514	759	856	209	275
MAPKAPK5_PKc_E3_76	MAPKAPK5	731	911	1104	1749	426	1076
TNIK_PKc_E6_91.2	TNIK	730	499	470	697	578	320
STK33_PKc_E5_114.5	STK33	730	1341	1006	1682	1239	603
JAK3_PKc_E14_128.4	JAK3	729	1011	801	859	1075	1755
FGFR4_PKc_E12_111.3	FGFR4	727	633	601	863	778	578
MAP3K5_PKc_E17_137.11	MAP3K5	725	1072	637	408	652	1017
PRPF4B_PKc_E14_87	PRPF4B	724	921	570	67	142	237
LIMK2_PKc_E9_132.8	LIMK2	724	1178	910	1605	1713	1448
EGFR_PKc_E22_76.2	EGFR	722	1342	1103	1086	365	64
CAMKK2_PKc_E5_52.1	CAMKK2	720	937	628	687	247	578
SNRK_PKc_E4_142.6	SNRK	719	901	610	1364	988	1928
EPHA7_PKc_E12_62.2	EPHA7	719	862	810	1449	1051	921
TGFBR2_PKc_E5_525.62	TGFBR2	718	954	746	590	253	989
PRKD3_PKc_E14_162.8	PRKD3	717	1122	748	1141	309	570
STK32C_PKc_E6_90.7	STK32C	715	877	1319	1586	1097	1047
SMG1_PKc_E45_84	SMG1	715	752	751	303	629	442
POLR2A_e28.2	POLR2A	714	1209	981	438	27	759
DCLK1_PKc_E9_58	DCLK1	714	1538	904	446	965	902
MAST4_PKc_E18_166.6	MAST4	713	1534	770	509	692	1026
AMHR2_PKc_E9_148.14	AMHR2	713	1341	921	518	514	716
CSF1R_PKc_E14_111.8	CSF1R	710	810	934	77	2066	1169
CDK18_PKc_E6_115.5	CDK18	710	769	376	1264	575	197
CLK3_PKc_E7_167.21	CLK3	709	503	727	1214	967	286
ADCK2_PKc_E4_96.5	ADCK2	708	688	631	765	1362	674
AURKC_PKc_E4_139.1	AURKC	706	549	387	647	703	394
NLK_PKc_E2_130.5	NLK	699	1150	567	531	962	1011
NTRK1_PKc_E15_241.18	NTRK1	698	665	936	583	356	850
CDK2_PKc_E3_121.2	CDK2	698	657	989	966	644	1041
NEK8_PKc_E1_41.1	NEK8	697	1508	1195	897	557	539
CSNK2A2_PKc_E4_51	CSNK2A2	694	278	577	182	527	386
STK40_PKc_E7_116.11	STK40	693	877	430	209	389	108
MAP2K3_PKc_E5_120.9	MAP2K3	693	1070	604	2502	555	652
PRKD2_PKc_E17_83.1	PRKD2	692	1262	731	1435	1780	1162
NEK11_PKc_E9_64	NEK11	692	805	823	1432	722	1052
GSG2_PKc_E1_1371.9	GSG2	692	1462	1078	172	281	596
ADCK2_PKc_E1_534.7	ADCK2	692	799	711	1014	819	1288
PRKACA_PKc_E5_83.8	PRKACA	690	1153	715	9	461	617
MAST3_PKc_E13_209.5	MAST3	689	1275	1048	1318	475	876
ROR2_PKc_E9_852.43	ROR2	688	1454	1394	1402	1105	854
STK11_PKc_E2_84.3	STK11	686	875	927	472	1053	553
NIM1K_PKc_E2_82.4	NIM1K	686	1154	1047	1600	1846	342
PRKG2_PKc_E13_90.7	PRKG2	685	748	569	927	876	571
ULK3_PKc_E6_83.5	ULK3	682	946	934	775	1768	932
PRKDC_PKc_E79_221.2	PRKDC	682	822	1151	0	380	133
SIK3_PKc_E3_64.1	SIK3	678	1306	987	879	707	681
TSSK1B_PKc_E1_789.93	TSSK1B	677	896	805	1156	19	810
TRIB3_PKc_E3_293.48	TRIB3	677	535	822	1342	451	766
CHEK1_PKc_E7_105.1	CHEK1	677	2011	1491	40	0	16
KIAA1804_PKc_E1_436.31	KIAA1804	674	568	569	142	619	370
PRKACG_PKc_E1_948.136	PRKACG	671	1466	1024	801	1085	769
MAPK9_PKc_E4_59	MAPK9	669	424	525	312	387	458
ANKK1_PKc_E1_113.15	ANKK1	665	639	747	1572	1435	696
TESK2_PKc_E7_85.7	TESK2	664	1271	788	640	1302	690
PRKG2_PKc_E14_142.4	PRKG2	663	1114	948	876	1866	1734
STK19_PKc_E7_148.22	STK19	662	734	395	367	328	248
PRKCB_PKc_E6_157.15	PRKCB	662	826	1012	260	1447	1340
EPHA8_PKc_E11_186.31	EPHA8	662	631	749	321	487	572
AKT3_PKc_E4_36	AKT3	662	768	958	613	691	607
PRKACG_PKc_E1_948.164	PRKACG	660	657	636	533	215	263
BCR_PKc_E1_1278.57	BCR	659	1018	813	48	617	671
AK1_PKc_E3_28	AK1	657	817	423	123	244	254
SGK494_PKc_E4_69.2	SGK494	656	1278	982	729	927	477
DAPK1_PKc_E5_130.11	DAPK1	655	787	729	1940	880	1178
PIK3R4_PKc_E3_134.5	PIK3R4	654	829	772	463	590	178
NPR2_PKc_E10_78.1	NPR2	653	1642	1042	1050	1390	1199
neg22	CONTROL	652	483	829	1210	576	843
CDK13_PKc_E4_94.2	CDK13	650	1306	901	143	791	335
TYRO3_PKc_E15_122.1	TYRO3	648	700	638	441	448	267
SGK3_PKc_E12_37.1	SGK3	646	1327	622	1543	653	799
DAPK1_PKc_E2_44.1	DAPK1	646	488	544	475	982	912
WNK1_PKc_E2_173.6	WNK1	645	900	825	535	431	648
IRAK2_PKc_E9_196.14	IRAK2	645	903	1363	1881	1070	1187
FGFR3_PKc_E10_38.6	FGFR3	645	633	376	189	421	99
DYRK1B_PKc_E7_147.3	DYRK1B	645	10	658	2050	283	887
DMPK_PKc_E3_96.8	DMPK	644	1990	1220	1647	1347	944
PDK1_PKc_E3_72.2	PDK1	643	971	725	1157	606	1298
KIT_PKc_E13_111.6	KIT	643	1757	1033	1405	1991	532
TSSK3_PKc_E1_121.8	TSSK3	642	1254	463	78	246	0
STRADA_PKc_E9_172.18	STRADA	642	454	506	889	608	977
CSNK1G2_PKc_E4_70.3	CSNK1G2	642	788	678	482	825	416
CAMKK1_PKc_E6_134.7	CAMKK1	641	429	605	250	0	827
GAK_PKc_E5_143.15	GAK	640	1184	1125	433	79	66
EPHB1_PKc_E13_150.12	EPHB1	637	639	683	234	0	955
ACVR1C_PKc_E9_102.6	ACVR1C	637	868	1045	582	0	1159
PASK_PKc_E12_81	PASK	634	846	403	110	729	1640
MYLK2_PKc_E7_110.3	MYLK2	634	1315	917	598	491	964
JAK1_PKc_E13_144.4	JAK1	633	1753	1013	945	209	509
RPS6KA4_PKc2_E11_134	RPS6KA4	629	529	728	182	458	403
MAPK11_PKc_E1_95.11	MAPK11	627	808	427	34	1342	217
TEC_PKc_E16_119.4	TEC	626	693	677	288	482	1009
RNASEL_PKc_E3_86.3	RNASEL	626	594	551	519	184	742
LMTK3_PKc_E6_119.1	LMTK3	625	1071	1185	512	1728	1097
ZAP70_PKc_E13_113.12	ZAP70	623	745	1056	1698	1526	833
NIM1K_PKc_E2_82.1	NIM1K	620	1269	826	1078	1441	799
AK3_PKc_E1_127.18	AK3	620	980	1074	153	1577	830
ACVR2A_PKc_E6_144	ACVR2A	620	1304	1072	898	1013	786
DYRK3_PKc_E3_1140.119	DYRK3	619	281	334	82	83	227
WNK1_PKc_E6_49.2	WNK1	617	1612	1357	185	908	1321
TAOK3_PKc_E3_117.7	TAOK3	615	785	939	472	232	305
NEK4_PKc_E2_267.27	NEK4	615	724	435	1146	676	698
ROR1_PKc_E9_849	ROR1	611	1231	1743	1770	1233	958
NPR1_PKc_E10_78	NPR1	610	897	717	318	1343	202
neg41	CONTROL	610	1039	814	3914	687	378
SLK_PKc_E1_69.3	SLK	608	481	199	203	496	81
MAP3K6_PKc_E19_158.22	MAP3K6	607	505	381	537	521	316
EPHA4_PKc_E11_43.1	EPHA4	606	599	1136	1940	822	1091
NUAK1_PKc_E3_152.6	NUAK1	604	1111	682	22	1137	511
EPHA4_PKc_E12_186.13	EPHA4	600	679	638	548	1533	286
CDKL2_PKc_E5_113.6	CDKL2	598	1238	989	218	1316	1051
MAP2K7_PKc_E6_120	MAP2K7	596	160	860	315	0	558
TYK2_PKc_E13_186.14	TYK2	595	549	434	491	831	136
ZAP70_PKc_E14_67.3	ZAP70	594	2057	1201	275	1842	582
CAMKV_PKc_E3_132.12	CAMKV	594	805	421	58	536	228
PTK2_PKc_E17_85.1	PTK2	591	761	760	914	1524	1017
PRKCI_PKc_E12_136.1	PRKCI	590	484	619	143	1759	938
GRK5_PKc_E10_38	GRK5	582	1825	1165	740	1441	837
BMPR1A_PKc_E10_298	BMPR1A	581	1607	996	2276	1105	520
PKMYT1_PKc_E3_57.4	PKMYT1	578	437	264	0	0	0
SGK3_PKc_E9_84	SGK3	575	508	704	985	664	854
RPS6KA5_PKc2_E15_160.1	RPS6KA5	572	1152	931	597	1083	71
FASTK_PKc_E8_41.2	FASTK	568	722	786	101	756	1039
NTRK2_PKc_E17_123.3	NTRK2	566	967	918	746	942	673
ATM_PKc_E60_115.6	ATM	566	650	352	139	176	82
WNK4_PKc_E6_37	WNK4	565	795	524	1161	501	404
OBSCN_PKc_E87_61.4	OBSCN	565	382	591	492	537	74
NEK2_PKc_E1_78.8	NEK2	564	1515	643	229	0	160
ROS1_PKc_E41_135.2	ROS1	563	596	616	260	1082	436
PIM3_PKc_E2_81.7	PIM3	561	1500	924	486	830	1200
TYK2_PKc_E17_155.3	TYK2	560	648	674	1544	535	1196
PRKAA2_PKc_E4_145.8	PRKAA2	560	787	523	485	655	425
MAPK13_PKc_E3_59	MAPK13	559	1030	447	183	216	381
STK40_PKc_E8_145.22	STK40	557	978	534	530	620	399
RPS6KA1_PKc2_E20_118.3	RPS6KA1	556	357	490	278	331	280
PASK_PKc_E14_156.1	PASK	554	848	434	889	1016	308
PTK2_PKc_E21_90.2	PTK2	551	1353	937	433	1495	249
PTK7_PKc_E15_40.2	PTK7	547	1771	1227	1623	844	849
BCR_PKc_E1_1278.9	BCR	547	605	683	1085	1585	787
STK36_PKc_E5_131.13	STK36	546	1694	901	1983	1307	778
CHEK2_PKc_E5_47.1	CHEK2	544	1055	1025	1075	2155	907
SYK_PKc_E12_141.1	SYK	543	699	501	162	1006	90
PKN2_PKc_E15_92	PKN2	543	736	383	552	587	375
CDK13_PKc_E5_171	CDK13	539	615	309	65	169	265
ADCK1_PKc_E5_159.31	ADCK1	539	890	469	72	1221	421
MAP4K5_PKc_E2_81.2	MAP4K5	538	467	598	101	1131	507
RIOK1_PKc_E9_87.2	RIOK1	532	650	645	1745	203	730
MYLK3_PKc_E7_110.2	MYLK3	530	1357	629	1016	185	276
TRIB1_PKc_E2_293.41	TRIB1	529	1414	966	336	594	659
LCK_PKc_E13_173.24	LCK	529	445	368	395	522	59
BTK_PKc_E19_48	BTK	526	421	423	582	103	108
MAPK13_PKc_E2_130.6	MAPK13	523	864	732	552	159	494
TRIO_PKc_E55_201.12	TRIO	521	300	619	241	435	863
TSSK3_PKc_E2_650.61	TSSK3	520	1154	733	270	525	392
IGF1R_PKc_E19_130.1	IGF1R	519	502	645	112	45	221
EIF2AK4_PKc2_E13_70	EIF2AK4	517	457	917	280	435	972
WEE1_PKc_E5_122.1	WEE1	514	559	532	0	4	0
NEK8_PKc_E4_132.6	NEK8	514	913	663	549	629	321
EGFR_PKc_E23_147.18	EGFR	507	740	776	0	228	42
MAPK11_PKc_E2_130.4	MAPK11	504	812	689	249	1700	961
IRAK1_PKc_E5_81.5	IRAK1	504	585	688	2013	662	1019
ULK3_PKc_E5_144.15	ULK3	503	270	221	28	223	434
MAP2K4_PKc_E3_111.2	MAP2K4	501	1177	600	252	430	886
DAPK3_PKc_E4_130.4	DAPK3	498	683	708	425	490	491
MAP3K8_PKc_E8_138.7	MAP3K8	496	697	458	3886	462	1142
STK39_PKc_E2_113.5	STK39	492	538	783	1191	412	431
FES_PKc_E16_124.2	FES	490	453	657	980	331	1262
RIPK2_PKc_E7_56	RIPK2	489	508	670	611	470	867
VRK2_PKc_E9_121.15	VRK2	488	990	779	569	1652	477
BCR_PKc_E1_1278.13	BCR	487	1272	1115	821	1720	379
TLK1_PKc_E16_90.5	TLK1	486	823	666	477	739	382
PRKY_PKc_E3_264.32	PRKY	480	154	168	411	31	94
NPR1_PKc_E12_72.4	NPR1	480	829	957	726	721	1481
RPS6KA1_PKc2_E15_126.1	RPS6KA1	479	799	801	295	745	545
MAP3K1_PKc_E20_138.6	MAP3K1	478	706	1027	611	775	933
STK24_PKc_E4_109.3	STK24	476	322	295	284	90	537
STK17A_PKc_E1_56.8	STK17A	473	1394	850	672	178	1237
EPHB6_PKc_E11_43.4	EPHB6	471	450	742	892	919	261
BRAF_PKc_E17_135	BRAF	469	537	361	103	2	276
EPHB4_PKc_E12_248.35	EPHB4	468	1362	758	1668	756	1102
SMG1_PKc_E43_139.5	SMG1	467	609	625	328	546	316
POLR2A_e10.2	POLR2A	467	688	279	0	0	39
PKMYT1_PKc_E4_494.118	PKMYT1	467	1027	329	0	55	121
TEK_PKc_E17_191.28	TEK	463	886	807	630	1018	365
CDK15_PKc_E7_124.3	CDK15	463	327	359	247	1005	53
CAMK2B_PKc_E5_66.1	CAMK2B	462	765	509	123	649	200
ADCK2_PKc_E7_54	ADCK2	461	704	539	534	889	305
CAMK4_PKc_E4_83.1	CAMK4	460	1817	886	1808	1828	1643
AKT2_PKc_E11_215.3	AKT2	457	580	748	523	1272	696
HIPK4_PKc_E2_357.17	HIPK4	454	584	707	1434	397	348
MAPK7_PKc_E2_88.4	MAPK7	452	933	709	2	385	569
PSKH2_PKc_E2_667.2	PSKH2	450	1158	787	192	1025	509
OBSCN_PKc2_E101_240.47	OBSCN	449	810	669	151	321	655
PIM2_PKc_E6_89.18	PIM2	445	1026	462	234	528	160
DAPK1_PKc_E3_222.6	DAPK1	430	179	347	83	514	100
CAMKV_PKc_E5_139.14	CAMKV	429	591	692	166	59	328
STK38_PKc_E9_62.4	STK38	423	699	621	494	883	781
AURKC_PKc_E3_191.21	AURKC	421	721	546	509	106	982
AK3_PKc_E1_127.14	AK3	421	450	464	255	1304	500
MATK_PKc_E9_100.8	MATK	420	475	480	197	317	486
PAK7_PKc_E8_127.4	PAK7	405	388	225	89	207	89
MET_PKc_E20_137.9	MET	404	444	399	132	66	240
MOS_PKc_E1_849.53	MOS	393	831	416	741	164	249
JAK1_PKc2_E23_118	JAK1	389	412	549	1128	1302	1333
MYLK4_PKc_E9_129.12	MYLK4	386	716	614	297	1008	490
AAK1_PKc_E5_143.1	AAK1	383	7	561	278	675	507
RIPK3_PKc_E4_146.18	RIPK3	382	1137	286	0	647	463
PDK2_PKc_E4_185.26	PDK2	382	89	231	188	201	461
CSNK2A1_PKc_E12_149.5	CSNK2A1	382	611	873	45	1704	1187
DYRK1A_PKc_E8_141.1	DYRK1A	380	166	623	84	428	686
HUNK_PKc_E1_90.6	HUNK	379	311	448	267	139	701
ACVR1C_PKc_E5_168.6	ACVR1C	376	757	607	571	1042	730
SCYL1_PKc_E1_54.5	SCYL1	371	848	519	385	541	232
AKT3_PKc_E10_215.1	AKT3	371	282	515	69	183	355
CHUK_PKc_E5_89	CHUK	370	865	384	668	1861	752
neg44	CONTROL	361	371	510	115	433	1068
FGR_PKc_E9_180.14	FGR	361	641	265	81	454	268
MAPK10_PKc_E8_166.6	MAPK10	351	1225	682	828	1596	1245
SGK1_PKc_E6_132	SGK1	349	681	518	471	516	159
DYRK2_PKc_E3_1140.135	DYRK2	349	598	458	138	430	756
NTRK2_PKc_E20_159.3	NTRK2	339	1075	562	1606	309	895
PIM3_PKc_E6_86.6	PIM3	338	595	495	192	77	311
NTRK2_PKc_E18_173.3	NTRK2	328	335	336	886	0	562
ICK_PKc_E6_80.2	ICK	327	676	889	743	802	2534
PRKAA2_PKc_E6_225.3	PRKAA2	324	616	507	1172	105	981
PKN2_PKc_E19_143.9	PKN2	323	1147	858	434	124	470
PAK4_PKc_E5_201.2	PAK4	323	215	484	163	307	320
CSNK1G2_PKc_E7_86.13	CSNK1G2	318	807	520	1601	0	354
HIPK2_PKc_E2_557.17	HIPK2	313	316	351	333	798	656
CLK1_PKc_E4_40	CLK1	294	234	122	33	40	143
RPS6KA2_PKc2_E13_131.14	RPS6KA2	285	489	440	862	546	1223
MAP3K5_PKc_E15_134.6	MAP3K5	284	867	358	311	623	496
MAP3K11_PKc_E2_181.6	MAP3K11	279	568	643	549	456	208
MAPK10_PKc_E4_50.1	MAPK10	278	596	189	327	30	408
TYK2_PKc2_E22_173.14	TYK2	268	175	178	212	329	233
SRPK3_PKc_E6_107.7	SRPK3	267	888	663	233	1059	920
ABL2_PKc_E5_120.8	ABL2	254	826	310	269	143	445
PTK6_PKc_E4_121.15	PTK6	237	413	311	331	1	3
WNK4_PKc_E1_105.3	WNK4	225	202	176	287	1028	19
AKT3_PKc_E9_129.5	AKT3	214	496	293	608	598	261
TXK_PKc_E11_217.18	TXK	201	838	449	1036	20	81
CDK11B_PKc_E14_106.1	CDK11B	194	205	207	0	173	6
FLT4_PKc_E20_89.4	FLT4	193	313	349	641	378	301
RIOK2_PKc_E6_192.9	RIOK2	186	1079	773	530	845	409
MAP3K12_PKc_E7_61.4	MAP3K12	186	851	641	125	522	188
MAP3K6_PKc_E18_106.4	MAP3K6	185	349	458	221	454	141
RIPK4_PKc_E3_149.14	RIPK4	184	985	766	2625	522	994
FES_PKc_E18_123.23	FES	181	174	53	27	50	46
LRRK1_PKc_E25_124.17	LRRK1	163	717	278	0	386	642
EPHA2_PKc_E13_210.8	EPHA2	159	103	54	59	0	251
BRSK1_PKc_E1_43.4	BRSK1	147	262	131	247	153	66
SBK2_PKc_E4_531.64	SBK2	144	24	100	95	0	189
CLK4_PKc_E4_40	CLK4	140	93	100	35	65	32
CDK2_PKc_E1_116.9	CDK2	136	717	228	98	0	131
CDK11A_PKc_E16_108.16	CDK11A	130	144	175	1	0	0
EPHB3_PKc_E12_216.7	EPHB3	121	52	98	39	59	127
ANKK1_PKc_E5_156.2	ANKK1	111	250	197	113	426	100
AKT2_PKc_E6_120.14	AKT2	111	98	39	93	155	11
JAK3_PKc_E17_151.1	JAK3	98	149	255	70	446	9
TRIB2_PKc_E3_361.2	TRIB2	87	198	272	787	263	496
MAP2K1_PKc_E2_108.8	MAP2K1	75	122	106	177	108	98
neg14	CONTROL	74	140	55	10	30	103
TIE1_PKc_E19_71.4	TIE1	64	201	150	138	106	293
CDC42BPB_PKc_E2_92.2	CDC42BPB	63	72	63	55	79	70
ROCK2_PKc_E3_101.4	ROCK2	60	53	46	16	40	29
CDK11A_PKc_E14_106.1	CDK11A	60	86	93	41	44	82
TEK_PKc_E19_71.2	TEK	57	56	58	31	57	51
PRKCQ_PKc_E16_189.9	PRKCQ	44	18	59	34	10	50
PRKX_PKc_E3_264.3	PRKX	43	55	38	23	15	19
NTRK1_PKc_E16_159.13	NTRK1	42	58	38	39	19	176
CDK11B_PKc_E16_108.16	CDK11B	39	62	35	2	0	0
AKT1_PKc_E6_132.15	AKT1	39	32	50	10	29	25
MAPK12_PKc_E6_48.2	MAPK12	35	71	50	27	35	42
BRSK2_PKc_E1_43.7	BRSK2	33	269	50	23	27	60
