gene,published_rra_score,published_plot_order
SIX3,1.931e-05,1
HSF2,2.5176e-05,2
PITPNC1,6.0824e-05,3
C4orf51,7.5528e-05,4
OSGEPL1,8.1048e-05,5
SOX2,9.7168e-05,6
FCAMR,0.00012193,7
MRPL53,0.00012588,8
GSTM3,0.00013884,9
RBM6,0.00014086,10
TGFB2,0.00015225,11
HDHD2,0.00015757,12
PTGDR,0.00016759,13
PPIP5K1,0.00016809,14
SAC3D1,0.00017622,15
FEZ2,0.0001986,16
ERLEC1,0.00021308,17
ZNF510,0.00022657,18
DYRK4,0.00023063,19
TNFSF8,0.00024481,20
IAPP,0.0002513,21
RND2,0.00026226,22
RPGRIP1,0.00027276,23
FAIM3,0.00029423,24
OR5P3,0.00030112,25
RAC3,0.0003081,26
TEX101,0.00031715,27
LRRC4C,0.00032114,28
C10orf55,0.00032121,29
PCSK6,0.00032725,30
IGSF23,0.00033185,31
ARHGAP23,0.00035033,32
SLC24A1,0.00035501,33
ULBP1,0.00036674,34
AIFM2,0.00039497,35
TAGLN,0.00040786,36
IFNA5,0.00041575,37
DNAH2,0.00042636,38
CLCA2,0.00042793,39
TMEM31,0.00042975,40
CHD6,0.00044092,41
IGF2BP3,0.00044995,42
ZNF396,0.00046474,43
ZFHX3,0.00047827,44
CD59,0.00048227,45
CCDC87,0.00048887,46
ASXL1,0.00051642,47
ZCWPW1,0.0005286,48
RXFP2,0.00056153,49
IER3IP1,0.00057051,50
MOB3C,0.00057893,51
DTWD2,0.0005967,52
TREX1,0.00061143,53
ESPNL,0.00062783,54
XIRP1,0.00062926,55
NEIL2,0.00063019,56
SNRPA1,0.00063631,57
TCTN1,0.0006517,58
MTERF,0.00067464,59
RPL23,0.00067959,60
SCFD2,0.00068137,61
TYMP,0.000694,62
HPGDS,0.00070926,63
OR5P2,0.00071957,64
GPR84,0.00072956,65
PRPH2,0.00072991,66
TMC1,0.00073472,67
UBR7,0.00074502,68
RNF26,0.00077461,69
COL14A1,0.00078024,70
BST2,0.0007829,71
IRAK1BP1,0.0007952,72
C10orf25,0.00082187,73
DEFB129,0.0008363,74
MBOAT2,0.00084422,75
RNF224,0.00086109,76
PSMB10,0.00087658,77
CABIN1,0.00088088,78
REN,0.00088481,79
CDH26,0.0008903,80
RNF128,0.00089681,81
NDUFA4L2,0.00089743,82
CWF19L2,0.0008977,83
VPS33B,0.00091625,84
PRB1,0.00092907,85
AGBL4,0.00093519,86
DBX1,0.0009619,87
RSL1D1,0.00096651,88
GPR143,0.00098151,89
RAB40A,0.00099799,90
SMIM7,0.0010167,91
IDO2,0.0010287,92
GPR111,0.0010318,93
TOM1L1,0.0010854,94
FAIM2,0.0011085,95
CNEP1R1,0.0011123,96
GFPT2,0.0011278,97
SMIM13,0.0011291,98
LHFPL1,0.0011324,99
CCDC178,0.0011375,100
SMIM20,0.0011674,101
SMU1,0.0011827,102
IGSF9,0.0012027,103
DEFB104A,0.0012085,104
IL3RA,0.0012226,105
LOXL4,0.0012373,106
USP3,0.0012405,107
ECSCR,0.0012666,108
DHRS2,0.0012829,109
MTX3,0.0012834,110
MAFA,0.0012888,111
CCR1,0.0013046,112
URAD,0.0013145,113
FLJ25363,0.0013156,114
GNG11,0.0013238,115
C4orf40,0.0013298,116
KRTAP10-4,0.0013337,117
ZNF773,0.0013388,118
KIF21A,0.0013712,119
DOK2,0.001384,120
AKAP5,0.0013947,121
NENF,0.0013972,122
CAMKK2,0.001399,123
C14orf119,0.0014033,124
FAM72A,0.0014212,125
SLC45A3,0.0014245,126
CDCA2,0.0014343,127
LTBP3,0.0014488,128
OR13C8,0.0014815,129
FAM19A2,0.0014858,130
CCDC122,0.0014931,131
TUBD1,0.001499,132
KRT19,0.0014997,133
CCNB2,0.0015075,134
CCL21,0.0015348,135
ZFP37,0.0015411,136
FAM50B,0.0015415,137
TRIM49B,0.0015448,138
ZNF492,0.001566,139
IGFBP2,0.001572,140
HOGA1,0.001618,141
CLEC4M,0.0016231,142
FBXO30,0.0016243,143
ORAI1,0.0016354,144
SGPP2,0.0016355,145
HSP90AA1,0.0016556,146
SOX5,0.0016604,147
PTGFR,0.0016856,148
HDAC7,0.0016857,149
TLR10,0.0016912,150
ALDH1L1,0.0017237,151
ATXN2L,0.0017295,152
FAM178A,0.0017372,153
RALGAPA1,0.0017425,154
KLK15,0.0017425,155
RFT1,0.0017524,156
SCML4,0.0017563,157
DRG1,0.0017569,158
KIAA1324L,0.0018052,159
HADHB,0.001835,160
ZKSCAN5,0.0018366,161
TAS1R3,0.0018402,162
CLEC18B,0.001872,163
GOLGA2,0.0018868,164
C6orf118,0.0019012,165
IGFL1,0.001935,166
COASY,0.0019371,167
ZNF574,0.0019501,168
DDR1,0.0019502,169
ANGPTL5,0.0019996,170
ASIC5,0.0020183,171
LRRC16A,0.0020377,172
AGFG2,0.0020467,173
ZNF486,0.002072,174
ELF2,0.0020879,175
LONP2,0.0020997,176
FAM25E,0.0021132,177
TRIM52,0.0021366,178
PTBP3,0.0021603,179
GPNMB,0.0021631,180
CLEC19A,0.0021661,181
USP38,0.0021885,182
ESR1,0.0022298,183
VWA5B1,0.0022387,184
TNPO3,0.0022473,185
MYH6,0.0022573,186
NMD3,0.002289,187
GABRE,0.0022978,188
ZC3H14,0.002342,189
EYA1,0.0023448,190
TLE3,0.0023472,191
FEZF2,0.0023518,192
UGT1A8,0.0023734,193
MTHFD1L,0.0024014,194
HYAL4,0.0024061,195
OXCT1,0.0024223,196
SLC5A8,0.0024398,197
LILRB1,0.0024446,198
NRXN3,0.0024506,199
MAPK1,0.002462,200
PACSIN1,0.0024646,201
DCDC1,0.002486,202
SPHKAP,0.00249,203
TNFSF9,0.002498,204
KLRK1,0.0025027,205
SETD1B,0.002508,206
OR51B6,0.0025245,207
TMEM176A,0.0025334,208
GSK3B,0.0025359,209
CHCHD6,0.0025403,210
SLA,0.0025583,211
NFE2L3,0.0025653,212
RAET1L,0.0025712,213
UXT,0.002638,214
UBE2U,0.0026404,215
EIF1B,0.0026571,216
SIVA1,0.0026602,217
MTRNR2L2,0.0026765,218
PYGL,0.0026853,219
FBXO16,0.002691,220
HDHD1,0.0026948,221
FBXW7,0.0026952,222
F2RL3,0.0027265,223
APBB1,0.0027365,224
RGL1,0.0027377,225
CDCA7,0.0027413,226
SCEL,0.0027626,227
CGGBP1,0.0027761,228
ERMAP,0.0027905,229
NUP88,0.0027915,230
CDO1,0.0027927,231
LPPR4,0.0028102,232
MKI67,0.0028177,233
OR8B4,0.0028417,234
IFNL3,0.0028531,235
NDN,0.002875,236
CCNE1,0.0028759,237
STK25,0.002892,238
TMEM5,0.0029032,239
C14orf182,0.0029055,240
SYBU,0.0029261,241
TPM4,0.0029669,242
HYI,0.0030004,243
SYT9,0.0030235,244
MMP23B,0.0030427,245
MRPL49,0.0030702,246
OLIG2,0.0030929,247
NLRP9,0.0030997,248
CLDN12,0.0031051,249
DUSP2,0.0031082,250
PRDX5,0.0031431,251
CTNNA3,0.0031478,252
GLB1L,0.0031677,253
OTOGL,0.0031791,254
AMIGO2,0.0031839,255
IMPG1,0.0031882,256
PEX6,0.0031934,257
KRTAP9-6,0.0031947,258
AHNAK2,0.0032119,259
ACSBG1,0.0032188,260
HAVCR2,0.0032436,261
OSBPL5,0.0032474,262
PIGZ,0.0032481,263
KRTDAP,0.0032497,264
PPP1R3G,0.0032515,265
KHDRBS1,0.0032676,266
C9orf129,0.0032695,267
EPB41L4B,0.0032782,268
VPS37B,0.0032834,269
ST8SIA1,0.0032887,270
RRAGB,0.0032938,271
PABPC1,0.003294,272
ADAM19,0.0033015,273
CERS2,0.0033276,274
PUS7,0.0033488,275
FAM117A,0.0033524,276
VAPB,0.0033783,277
MST1R,0.0033934,278
C2orf49,0.0033942,279
PDZD3,0.0033951,280
NR1I2,0.0034417,281
MCF2,0.0034422,282
PLAC4,0.0034445,283
LRRC25,0.0034706,284
SPPL3,0.0034778,285
CPT2,0.0034923,286
TTC7B,0.0034947,287
ARL5A,0.003516,288
CDKN1B,0.0035322,289
WDR91,0.0035449,290
METTL16,0.0035529,291
C5AR2,0.0035567,292
ZNF586,0.0035614,293
NT5C3A,0.0035643,294
ALPL,0.0035694,295
KLHDC9,0.0035757,296
RD3L,0.0035804,297
IQCJ-SCHIP1,0.0035951,298
MDGA2,0.0035966,299
KLK11,0.0035998,300
EPHA10,0.0036028,301
POLR2L,0.0036331,302
HOMER3,0.0036453,303
MESP1,0.0036496,304
EIF2D,0.0036941,305
ZNF701,0.0036979,306
SPPL2A,0.00371,307
IFFO1,0.0037255,308
KRTAP26-1,0.0037521,309
EEF2K,0.0037528,310
CFHR4,0.0037856,311
ATF7,0.0037881,312
IGFBP1,0.0038028,313
ARHGAP24,0.0038031,314
RIN1,0.0038047,315
AQP6,0.0038215,316
PLEKHG4B,0.0038442,317
HIP1,0.0038461,318
IKZF3,0.0038475,319
TSHZ2,0.003859,320
DDAH2,0.0038926,321
APH1B,0.0038963,322
RNF31,0.0039002,323
TSPAN13,0.0039283,324
ITFG3,0.0039708,325
POU5F1,0.0039771,326
BBS10,0.0039798,327
IER5,0.0039967,328
NPBWR1,0.0040327,329
C6orf120,0.0040469,330
AGMAT,0.0040674,331
NWD1,0.0040791,332
XAGE3,0.0040896,333
RYBP,0.0040903,334
RAD52,0.0040918,335
MYT1L,0.0040971,336
SSB,0.0041025,337
RPA1,0.004116,338
CTRB2,0.0041165,339
ARGLU1,0.0041458,340
ERICH2,0.0041473,341
OR4A47,0.0041557,342
ZNF329,0.004159,343
TMPPE,0.0041975,344
SBDS,0.0042041,345
DDTL,0.0042132,346
PRSS1,0.0042353,347
TRPM6,0.0042485,348
LRIT1,0.0042526,349
SLCO5A1,0.0042718,350
CTSG,0.0042804,351
TEF,0.0042873,352
IL6R,0.0042978,353
TRHDE,0.0043244,354
SMC4,0.0043327,355
C6orf106,0.0043525,356
KLHL15,0.0043749,357
NUCB1,0.0043969,358
GPA33,0.0043982,359
GK5,0.0044001,360
CXADR,0.0044021,361
CPSF7,0.0044079,362
LPAR6,0.0044339,363
SNED1,0.0044688,364
FKBP1B,0.0044807,365
PIK3IP1,0.004494,366
C1orf134,0.0044985,367
BMP2,0.0045221,368
NABP2,0.0045337,369
ENTPD1,0.004545,370
SPCS1,0.0045469,371
PGF,0.0045487,372
OR4X1,0.0045713,373
ACOX2,0.0045732,374
POU3F4,0.0046013,375
UQCRFS1,0.0046087,376
LSS,0.0046096,377
SS18L2,0.0046377,378
SLMAP,0.004649,379
LZTS1,0.0046656,380
CDH17,0.004673,381
HTR1E,0.0046864,382
ANKRD13B,0.0046905,383
AARD,0.0046992,384
COL18A1,0.0047036,385
MPPED1,0.0047102,386
ARMCX5,0.0047303,387
ENPEP,0.0047494,388
DNAH14,0.0047533,389
KRTAP4-7,0.0047807,390
SLC14A1,0.0047836,391
GCK,0.0047891,392
LITAF,0.0047995,393
KLC1,0.0048497,394
LMAN2L,0.0048561,395
MKNK1,0.0048592,396
SIRT6,0.0048596,397
FAM71B,0.004861,398
NRARP,0.0048821,399
CREG2,0.004893,400
ESYT2,0.0048992,401
SOGA2,0.0049019,402
KLK8,0.0049097,403
CDK2AP2,0.0049215,404
RBMS3,0.004924,405
RAPGEF1,0.00495,406
CCDC18,0.0049613,407
TDRD5,0.0049862,408
CCNT1,0.004995,409
CSPG5,0.0050001,410
GDAP1,0.0050083,411
GGACT,0.0050179,412
FANCM,0.0050365,413
ARHGAP6,0.0050399,414
KCNJ3,0.0050485,415
KIAA0100,0.0050503,416
CENPJ,0.0050522,417
ACAT2,0.0050623,418
NOS3,0.0050656,419
CDH4,0.0050779,420
PLCD1,0.0050969,421
TTC9B,0.0051004,422
MLF1,0.0051651,423
PLAG1,0.0051986,424
CLCF1,0.0052007,425
RHOB,0.0052142,426
TNNC2,0.0052259,427
TGM2,0.0052509,428
ADAM15,0.0052716,429
LIPT1,0.0052726,430
PAX2,0.0052757,431
ANKLE2,0.005301,432
MMAA,0.0053293,433
NELFCD,0.0053337,434
XBP1,0.0053512,435
ACD,0.0053742,436
CHMP4B,0.0054211,437
PRRT2,0.0054228,438
FGFR3,0.0054317,439
CBFA2T3,0.0054514,440
ADCY4,0.0054514,441
FAM35A,0.0055016,442
TCN2,0.0055154,443
OSR2,0.0055233,444
CD6,0.0055984,445
MYH9,0.0056014,446
PPFIA4,0.0056018,447
SERGEF,0.0056212,448
TENM2,0.0056303,449
VTCN1,0.0056393,450
PEX16,0.0056411,451
PLCB2,0.0056433,452
TUBGCP4,0.0056519,453
TRIM2,0.005653,454
MKKS,0.0056604,455
RHBDD1,0.0057021,456
SULT1A1,0.0057522,457
RABEPK,0.0057583,458
CHRNA4,0.0057658,459
EPB41L1,0.0057699,460
SSC5D,0.0058023,461
MIDN,0.0058084,462
CHMP7,0.0058274,463
SLC7A9,0.0058524,464
ATPAF2,0.0058598,465
TJAP1,0.0058758,466
R3HCC1,0.0058911,467
EXOSC2,0.0058938,468
CREM,0.0059025,469
ADAMTS9,0.0059342,470
SPRR1B,0.005941,471
C2orf76,0.0059527,472
DNAJC17,0.0059552,473
ALB,0.0059759,474
CLDN15,0.0060028,475
TMEM139,0.0060914,476
CRTAC1,0.0060914,477
MFSD1,0.006103,478
DCAF4L1,0.0061305,479
LDHD,0.0061458,480
EXOSC10,0.0061531,481
TH,0.0061785,482
BTBD6,0.0061916,483
IPO7,0.0061933,484
SETD6,0.0062032,485
FAP,0.0062178,486
FAM161A,0.0062418,487
LRRC55,0.0062533,488
CD1C,0.0063017,489
DPYSL3,0.0063034,490
RBX1,0.0063305,491
RNASE6,0.0063535,492
SLITRK6,0.0063562,493
P2RX1,0.0063754,494
RGS8,0.0063921,495
ITGAM,0.0064075,496
ANXA6,0.0064118,497
NFIX,0.0064232,498
OR5L1,0.0064431,499
CDK12,0.0064537,500
BPY2,0.0065038,501
SLC14A2,0.0065405,502
FCGR2A,0.0065412,503
GSDMD,0.0065454,504
UFD1L,0.0065492,505
ALKBH6,0.0065502,506
NCF4,0.0065538,507
SOCS6,0.0065539,508
TNP2,0.0065734,509
CPXCR1,0.0065845,510
IQCH,0.0065943,511
CRYBA4,0.0066046,512
AP3M1,0.0066256,513
MYLPF,0.0066939,514
MTHFD2L,0.0067041,515
OSBPL8,0.0067729,516
EPM2AIP1,0.0067917,517
XPOT,0.0067967,518
MPP6,0.0068043,519
MAP4K3,0.0068116,520
MUT,0.0068387,521
SLC22A4,0.0068537,522
EPT1,0.0068544,523
MYL4,0.0068761,524
ERRFI1,0.0068974,525
COL1A1,0.0069545,526
C5orf38,0.0069617,527
FBXO42,0.0069843,528
ARID3B,0.0070046,529
SLC35A2,0.0070065,530
COL10A1,0.0070172,531
HM13,0.0070222,532
NOTUM,0.0070273,533
CYB561A3,0.0070547,534
MICU2,0.0071032,535
NUP107,0.0071047,536
BAIAP2L2,0.007142,537
DCLRE1A,0.0071548,538
USP22,0.0071796,539
TAF9,0.0072184,540
PEAR1,0.0072193,541
EDN3,0.0072336,542
TGM5,0.0072513,543
SEC61B,0.007266,544
PRR25,0.0072666,545
SERPINB7,0.0072942,546
DRD1,0.007305,547
COX6A2,0.0073244,548
GHRHR,0.0073286,549
ABCE1,0.0073539,550
GMPS,0.0073551,551
ZSCAN5A,0.0073774,552
NAA15,0.0073925,553
ERI2,0.0073988,554
KRT81,0.0074078,555
SLC18A3,0.0074265,556
PLA2G15,0.0074396,557
TTC12,0.0074481,558
ZFYVE26,0.0074552,559
RASSF6,0.007475,560
OR4D11,0.0075052,561
THY1,0.0075246,562
ELFN2,0.0075553,563
OR51A2,0.0075671,564
GUCY1A2,0.0075771,565
S100A12,0.0075774,566
RSPO1,0.0075775,567
CASP8AP2,0.0075828,568
CBR1,0.007588,569
THOC3,0.0076053,570
WHSC1L1,0.0076457,571
TRAF5,0.0076554,572
GRAP,0.007681,573
C19orf38,0.0077023,574
DDX51,0.0077054,575
APCDD1L,0.0077379,576
SRCAP,0.0077406,577
IFT43,0.0077501,578
KRT7,0.0077554,579
CXCL17,0.0077731,580
RNF41,0.0077736,581
CFC1,0.0077844,582
IMP3,0.0077909,583
BTBD10,0.0078186,584
SLC13A4,0.0078555,585
WFDC11,0.0078586,586
CMTM2,0.0078774,587
CACNG5,0.0078815,588
PNMAL1,0.0078873,589
SFTPB,0.0078965,590
VCPKMT,0.0079075,591
KIAA1522,0.0079342,592
CER1,0.007948,593
ATAD2,0.0079556,594
ATP5L,0.0080009,595
ETV3L,0.0080056,596
ITGA2B,0.0080393,597
ZNF615,0.0080557,598
BPHL,0.0080587,599
MILR1,0.0080662,600
RBBP5,0.0080715,601
SLC12A9,0.0080896,602
MAP2K6,0.0081259,603
ZNF778,0.008133,604
ZSWIM4,0.0081557,605
RBFOX2,0.0081709,606
TFEC,0.0081805,607
OR51A7,0.0081906,608
TEX12,0.0081947,609
TRIM16L,0.0081995,610
APAF1,0.0082057,611
OSBPL1A,0.0082557,612
COX14,0.0082559,613
ANP32D,0.0082592,614
SLC7A6,0.0082722,615
GPANK1,0.0082984,616
DNAH17,0.0083058,617
GPAM,0.0083071,618
CDH19,0.0083095,619
ZFC3H1,0.0083377,620
TESK1,0.0083542,621
LYSMD3,0.0083558,622
CHDC2,0.0083816,623
ADAM22,0.0083963,624
NLRC3,0.0084058,625
COCH,0.0084184,626
DDX19B,0.0084189,627
MEIOB,0.0084302,628
ZCCHC9,0.0084558,629
TMEM178A,0.0084593,630
IFITM10,0.008463,631
FGF12,0.008469,632
TMUB2,0.0085058,633
HSD17B7,0.0085095,634
LOC391322,0.0085411,635
SLC38A5,0.0085544,636
44994,0.0086058,637
TFF3,0.0086132,638
OR10S1,0.0086206,639
CDYL,0.0086346,640
KCNH1,0.0086581,641
L1CAM,0.0086771,642
LOC100130370,0.0086859,643
P2RY10,0.0086995,644
KCNG3,0.0087059,645
DENND4B,0.0087582,646
BPI,0.0088029,647
IAH1,0.0088059,648
KIF17,0.0088184,649
PLVAP,0.0088769,650
CXorf57,0.0089058,651
EVA1B,0.00895,652
ABHD14A,0.0089514,653
CD86,0.0089528,654
CCDC42B,0.0089558,655
ZBTB17,0.0089676,656
ABCG8,0.0089729,657
TRIM54,0.0089904,658
PCLO,0.0090058,659
NAF1,0.0090558,660
KRTAP13-2,0.0090784,661
PRKDC,0.0090854,662
TRADD,0.0090977,663
HESX1,0.0091235,664
KCNA3,0.0091378,665
FBXL17,0.0091877,666
DKK3,0.0092014,667
PIK3R5,0.0092058,668
GPR33,0.0092558,669
TNIK,0.0092874,670
ACTN4,0.00929,671
TMEM171,0.0093029,672
ATG14,0.0093057,673
HPSE2,0.0093127,674
KRT36,0.009321,675
BEND5,0.0093444,676
SNX4,0.0093557,677
ACADM,0.0093731,678
PPP1R3A,0.0093804,679
PPP1R35,0.0094012,680
KBTBD7,0.0094312,681
TCTEX1D2,0.0094557,682
TTYH3,0.0094858,683
LOC100505679,0.00949,684
GBX2,0.0094951,685
EFCAB9,0.0095056,686
ERVV-1,0.009538,687
CPM,0.0095556,688
GCNT7,0.0095591,689
ANPEP,0.0095767,690
VNN2,0.0095775,691
TIPIN,0.0095866,692
ARL6IP5,0.0096056,693
TNFRSF11A,0.0096555,694
ATP2B1,0.0096646,695
ITK,0.0097055,696
GANC,0.0097066,697
TDGF1,0.0097555,698
XIAP,0.0097636,699
LUZP1,0.0097795,700
FOXO6,0.0097928,701
TSHZ3,0.0098054,702
SOX6,0.0098142,703
ZNF710,0.0098196,704
CYBRD1,0.0098352,705
SART1,0.0098529,706
ENPP4,0.0098554,707
C10orf105,0.0098836,708
NONO,0.0099131,709
MRPL10,0.0099371,710
FAF2,0.0099453,711
GRIA3,0.0099478,712
ALDH8A1,0.009948,713
MIS18A,0.0099507,714
TMEM82,0.0099538,715
RAD23B,0.0099553,716
OR6V1,0.0099716,717
ZNF595,0.0099831,718
CD14,0.010005,719
NOLC1,0.010055,720
ZNF354A,0.010062,721
OR10H4,0.010076,722
SMOC1,0.010083,723
CABS1,0.010088,724
ISPD,0.010097,725
PHF10,0.010105,726
OR2K2,0.010106,727
CCDC97,0.010109,728
LMTK3,0.010155,729
ZBED3,0.010156,730
CDC42,0.010164,731
SNAPIN,0.010181,732
GATAD1,0.010205,733
OR52N4,0.01023,734
LECT1,0.010238,735
DOCK6,0.010259,736
ETS1,0.010294,737
FRMD3,0.01031,738
C12orf75,0.01037,739
SMARCAD1,0.010394,740
RASGRF2,0.010405,741
C4orf17,0.010505,742
OR11A1,0.010506,743
SLC35D2,0.01051,744
ANKRD7,0.010514,745
KDELR3,0.010555,746
MRPS10,0.010604,747
VWDE,0.010641,748
SFRP4,0.010644,749
OR52R1,0.010654,750
ATXN7,0.010656,751
HOXC8,0.010662,752
CCDC85B,0.010685,753
TXNRD2,0.010703,754
KISS1R,0.010704,755
CTNS,0.010716,756
MAEL,0.010754,757
MED7,0.010759,758
CRISP3,0.010772,759
HMGCR,0.010784,760
CYB5B,0.010827,761
SLC30A5,0.010845,762
USP51,0.010854,763
ATP11B,0.010865,764
FBXO41,0.01087,765
SAMD8,0.010874,766
S100A7L2,0.010878,767
ELF3,0.010924,768
PITPNA,0.010945,769
TEX11,0.010954,770
TMEM182,0.01096,771
ACSF2,0.010965,772
ZBTB25,0.010978,773
DCUN1D3,0.010988,774
GALNTL5,0.010994,775
THNSL2,0.011004,776
ATP2A3,0.011008,777
LDLRAD2,0.011054,778
REXO1L1,0.011068,779
PPP1R3E,0.011073,780
ZNF614,0.011104,781
GTPBP10,0.011105,782
GLT1D1,0.011114,783
KCTD6,0.011149,784
ZNHIT2,0.011154,785
TLR5,0.011168,786
GFRA1,0.011176,787
PGLS,0.011232,788
HCRTR1,0.01125,789
PIAS3,0.011253,790
PACS2,0.011267,791
TSPAN33,0.011295,792
ANO1,0.011303,793
TMPO,0.011325,794
VASN,0.011374,795
POLRMT,0.011403,796
DNAJC4,0.011439,797
TAB1,0.011489,798
CHMP6,0.011503,799
CDCP1,0.011504,800
SH2D4B,0.01151,801
PAPLN,0.011543,802
SGSM1,0.011552,803
ERMP1,0.011553,804
DLD,0.011575,805
GXYLT1,0.011603,806
ZNF189,0.011647,807
OR6N2,0.011651,808
STRN4,0.011652,809
CCDC155,0.011692,810
DHRS4,0.011702,811
DZIP3,0.011752,812
ANKS1B,0.011777,813
ABCF3,0.011798,814
C8B,0.011802,815
C5orf64,0.011805,816
COPG1,0.011839,817
KIAA1107,0.01185,818
KCNG4,0.011852,819
TTC21A,0.011852,820
INPP4B,0.011877,821
SPSB3,0.011879,822
GJB7,0.011883,823
EPB41L5,0.011939,824
ZNF772,0.011947,825
IFNAR2,0.011953,826
MRPL41,0.011985,827
NFE2L2,0.011996,828
SVIL,0.011998,829
NPAS4,0.012022,830
SMCR9,0.012051,831
HAPLN4,0.012069,832
TTC30B,0.012072,833
SAMD4B,0.012098,834
KIR2DL4,0.012101,835
C11orf24,0.012102,836
OR10A2,0.012123,837
NTSR2,0.012151,838
C18orf25,0.012188,839
SERPINI2,0.012197,840
CNOT6L,0.012201,841
APLP2,0.012223,842
CCDC6,0.012246,843
CD40LG,0.012264,844
C17orf50,0.012292,845
ZC3H6,0.012328,846
RORA,0.012351,847
SLC12A3,0.012401,848
MEI1,0.012417,849
SELO,0.012445,850
PTH1R,0.012469,851
GABRG3,0.012476,852
DCUN1D4,0.0125,853
TMEM170A,0.01262,854
EXOC6B,0.012628,855
GBP6,0.012629,856
LY6G6F,0.012644,857
AGO4,0.0127,858
RNF139,0.012749,859
PCDHGB4,0.012761,860
SOX18,0.012791,861
RASL11B,0.012808,862
TNXB,0.012825,863
DMTF1,0.012873,864
RCOR3,0.012887,865
NR4A3,0.012899,866
SEMA4G,0.012907,867
CNDP2,0.012918,868
STARD8,0.012935,869
SEC14L4,0.012949,870
WNT16,0.012949,871
LRRC27,0.01297,872
RLBP1,0.013021,873
BAZ1B,0.013049,874
RNF2,0.01307,875
HCN3,0.013081,876
MSX2,0.013081,877
MCCC1,0.013089,878
FAM114A2,0.013098,879
EIF4A3,0.01311,880
FGGY,0.013148,881
ESYT1,0.013164,882
FAM83A,0.013198,883
CEACAM16,0.0132,884
GPRC5C,0.013248,885
PRKCD,0.013337,886
LNPEP,0.013347,887
ACACB,0.013362,888
RBM28,0.013397,889
COLEC12,0.013402,890
ZNF12,0.013404,891
ZNF239,0.013429,892
MX1,0.013446,893
PGM1,0.013447,894
C1orf210,0.013447,895
HS6ST2,0.013463,896
TGM6,0.01347,897
AANAT,0.013497,898
PLEKHH2,0.013517,899
OXGR1,0.013547,900
MTRR,0.013594,901
IGF2BP1,0.013596,902
FAM153A,0.013597,903
ATP2B4,0.013621,904
SMIM11,0.013621,905
MEPCE,0.013646,906
USP31,0.013662,907
SMARCB1,0.013673,908
GBAS,0.013682,909
EXOSC7,0.013682,910
IRF6,0.013696,911
KRT35,0.013704,912
ASAP2,0.013796,913
OR10T2,0.013802,914
AFAP1L1,0.013827,915
MZB1,0.013845,916
ROBO4,0.013848,917
NCOA2,0.013895,918
HDDC2,0.013918,919
MAGEA1,0.013921,920
SUPT4H1,0.013922,921
MPHOSPH10,0.013926,922
DPAGT1,0.01393,923
FGF8,0.013957,924
RPL10A,0.013995,925
VPS13B,0.014006,926
DHODH,0.014024,927
ELOVL6,0.014047,928
TTK,0.014076,929
DDX6,0.014088,930
PLXND1,0.014127,931
GYPB,0.014127,932
ISYNA1,0.014134,933
PSMG3,0.014134,934
PEBP1,0.014144,935
GARS,0.014232,936
FAM220A,0.014244,937
MAP2K7,0.014253,938
ACOXL,0.01427,939
RAX,0.014293,940
C9orf66,0.014295,941
EFCAB3,0.014316,942
ETNK1,0.014334,943
PELI2,0.01434,944
FAM185A,0.014343,945
KRTAP5-6,0.014345,946
PLTP,0.014358,947
RAB8A,0.014404,948
TRAPPC9,0.014411,949
GRIN2D,0.014414,950
ZNF154,0.014419,951
FAHD2A,0.014443,952
TMEM219,0.014443,953
FGF9,0.014448,954
CREB3L2,0.014448,955
KRTAP6-3,0.014448,956
LHB,0.01445,957
H3F3B,0.014493,958
ZNF639,0.0145,959
TRIP4,0.014545,960
RIMKLB,0.014555,961
AR,0.014573,962
TNNT1,0.014605,963
HMGN2,0.01463,964
MCCC2,0.014642,965
HOXC12,0.014691,966
CHRNB1,0.014692,967
C12orf54,0.014791,968
LRRC38,0.014811,969
WBP2,0.014819,970
RFPL4A,0.014833,971
SIGLECL1,0.014841,972
DCLK1,0.014895,973
WDR33,0.014934,974
RSU1,0.014941,975
OR9G1,0.014948,976
ZNF473,0.014962,977
TACC1,0.014962,978
GTF3A,0.01499,979
EID3,0.01504,980
CLHC1,0.015057,981
ADAMTS19,0.01509,982
TMEM57,0.01509,983
KRTAP15-1,0.01512,984
ELOVL1,0.015139,985
C14orf166B,0.015198,986
SEC11C,0.015213,987
DUOXA2,0.015234,988
PAX4,0.015243,989
ZFPM1,0.015247,990
CD226,0.015251,991
SFTPC,0.01526,992
SPAG16,0.015283,993
SDS,0.015289,994
C14orf79,0.015291,995
CNKSR1,0.015316,996
LRFN1,0.015388,997
C22orf23,0.015403,998
KIF5A,0.015438,999
H2AFV,0.015505,1000
EDEM1,0.015513,1001
MTCP1,0.015519,1002
EPHB4,0.015527,1003
ACTL6B,0.015535,1004
CCDC124,0.015552,1005
DOCK1,0.015583,1006
RHO,0.015591,1007
DQX1,0.015604,1008
TNFRSF9,0.015623,1009
C10orf12,0.015637,1010
POTED,0.015638,1011
PIGK,0.015639,1012
NOD1,0.015643,1013
NRG3,0.015673,1014
MAGEE2,0.015686,1015
ERAS,0.015691,1016
CD4,0.015712,1017
FAM149A,0.015736,1018
ZNF20,0.015749,1019
RBMXL1,0.015759,1020
SPATA9,0.015761,1021
GNAO1,0.015764,1022
TAZ,0.015772,1023
CCDC153,0.015779,1024
C14orf93,0.015785,1025
SLC39A13,0.015786,1026
MXRA8,0.015791,1027
CDC23,0.015836,1028
BRD1,0.015849,1029
SBF2,0.015885,1030
DEK,0.015886,1031
BNIPL,0.015935,1032
BPNT1,0.015945,1033
INPP5B,0.015997,1034
ARSK,0.016018,1035
LYZL2,0.01604,1036
TMEM38B,0.016041,1037
CADPS2,0.016063,1038
WNT10B,0.016084,1039
IMMT,0.016134,1040
PEG10,0.016146,1041
R3HDM4,0.016155,1042
KIAA0930,0.016187,1043
LIN9,0.016192,1044
POU4F3,0.016233,1045
DEFA1,0.016263,1046
MYF6,0.016279,1047
IGSF21,0.016283,1048
IL37,0.016289,1049
PDZRN3,0.016348,1050
SCGB1D1,0.016382,1051
KCNC4,0.016384,1052
TGFBR2,0.01642,1053
SRP14,0.016436,1054
PURG,0.016494,1055
GNB2L1,0.016514,1056
OR1J1,0.016545,1057
SERF1A,0.01658,1058
KRTAP24-1,0.016581,1059
KIAA1737,0.016601,1060
SCRT2,0.016612,1061
VPS37C,0.016631,1062
VWCE,0.016631,1063
RAB3GAP1,0.016656,1064
GPR125,0.01668,1065
CCT8,0.016704,1066
PIAS1,0.016712,1067
BLZF1,0.01673,1068
ZNF14,0.016759,1069
RGL2,0.016801,1070
KHDRBS3,0.016829,1071
METTL17,0.01685,1072
SLC13A3,0.016872,1073
KLF12,0.016879,1074
SUPT16H,0.016887,1075
XRCC5,0.016948,1076
C2CD4A,0.016979,1077
C17orf98,0.016991,1078
C9orf156,0.016994,1079
PPP1R12C,0.017001,1080
INSL5,0.017005,1081
SH3RF1,0.017028,1082
SELP,0.017055,1083
EGR4,0.017081,1084
TRIM71,0.017128,1085
ULK4,0.017156,1086
LCE5A,0.017169,1087
TBL2,0.017171,1088
HABP4,0.017177,1089
PPP2R2D,0.017227,1090
CNOT7,0.017262,1091
SNF8,0.017268,1092
MS4A4A,0.017276,1093
NUDT7,0.017289,1094
MAP1S,0.017291,1095
PTPMT1,0.017326,1096
OR14J1,0.017356,1097
ABRACL,0.017364,1098
HIST1H2BM,0.017374,1099
CPEB4,0.017375,1100
IL36B,0.017376,1101
STX16,0.017398,1102
FOXE1,0.017425,1103
CCND3,0.017429,1104
CCNK,0.017435,1105
SERPINB9,0.01745,1106
UGT1A5,0.017463,1107
IL21,0.017475,1108
MAP3K6,0.017514,1109
RALA,0.017519,1110
ERVV-2,0.017525,1111
BEST1,0.017528,1112
TAC1,0.017529,1113
LOC388813,0.017533,1114
FASTKD1,0.017541,1115
CTCF,0.017545,1116
DAB2IP,0.01756,1117
SPACA3,0.017562,1118
GTF3C2,0.017574,1119
MARK1,0.017587,1120
AMBRA1,0.017602,1121
INO80E,0.017614,1122
SPINT4,0.017624,1123
ERGIC3,0.017636,1124
OR2B11,0.017669,1125
GOLGA6L4,0.017684,1126
KRT222,0.017696,1127
GTF3C5,0.017723,1128
C11orf85,0.017732,1129
CYP2A7,0.017738,1130
NIPA2,0.017753,1131
ACO1,0.017773,1132
PNKP,0.017797,1133
PPIC,0.0178,1134
AK8,0.017823,1135
RAVER1,0.017866,1136
GPR63,0.017872,1137
CORO1A,0.017875,1138
TUBB2B,0.017906,1139
LNP1,0.017925,1140
RREB1,0.01795,1141
POLR2C,0.017951,1142
KCNU1,0.017963,1143
EPOR,0.01797,1144
PDCD1LG2,0.017971,1145
C13orf45,0.018021,1146
HSPA13,0.018035,1147
SLC25A24,0.018047,1148
RALGPS2,0.018071,1149
AGAP10,0.018098,1150
LOC388849,0.01812,1151
RARS,0.01812,1152
DYNLT1,0.01817,1153
PHLPP2,0.01819,1154
NPPB,0.018195,1155
GPR174,0.01822,1156
HMOX2,0.018228,1157
TMSB4Y,0.018232,1158
NOC3L,0.018253,1159
ABCA2,0.018269,1160
SERTAD3,0.018295,1161
SLC25A26,0.018319,1162
CRIM1,0.018346,1163
MED8,0.018368,1164
CEP128,0.018375,1165
XCL2,0.018382,1166
F9,0.01841,1167
SEC62,0.018415,1168
LYPLA2,0.018434,1169
BCOR,0.018468,1170
ZNF449,0.018548,1171
KIAA0232,0.018588,1172
KIAA1462,0.018616,1173
SNX32,0.018619,1174
ERP27,0.018639,1175
DNAH10,0.018656,1176
FGF3,0.018666,1177
UNC5C,0.018758,1178
EFNB1,0.018765,1179
PELI3,0.018784,1180
OR5T2,0.018812,1181
DMRTC1,0.018815,1182
OSBP2,0.018854,1183
CS,0.01891,1184
DCX,0.018914,1185
TMEFF1,0.018916,1186
GSTA1,0.018957,1187
PARM1,0.018971,1188
PNMT,0.018981,1189
PRRX1,0.019013,1190
PPP2R5D,0.019015,1191
TNIP2,0.019021,1192
EPHX1,0.019024,1193
CHRNB3,0.019024,1194
GABRR2,0.019027,1195
QSOX1,0.019063,1196
MVB12B,0.019112,1197
ZNF599,0.019125,1198
KRTAP5-7,0.019149,1199
CYP4F3,0.01916,1200
CD34,0.019162,1201
ZNF597,0.019162,1202
TUBA8,0.019185,1203
PAK7,0.019212,1204
C2orf43,0.019311,1205
DPM3,0.019318,1206
PF4,0.019352,1207
GNG12,0.019354,1208
DPP9,0.019355,1209
ESPL1,0.01936,1210
RNFT1,0.019393,1211
PBX3,0.019401,1212
SLC16A4,0.01941,1213
MCOLN3,0.019423,1214
HNRNPL,0.019445,1215
OR1L4,0.019459,1216
GATA2,0.019461,1217
LOC100507003,0.019496,1218
YTHDC2,0.019528,1219
ACAD11,0.019547,1220
OLR1,0.019559,1221
CINP,0.019582,1222
PRSS54,0.019606,1223
TCTEX1D4,0.019608,1224
HLCS,0.019624,1225
AGPAT6,0.019625,1226
WNT4,0.019625,1227
TNFRSF1B,0.019629,1228
DSCAM,0.019658,1229
MAK,0.019707,1230
ITGA3,0.019723,1231
ITGA9,0.019729,1232
SEC14L1,0.019741,1233
CPNE9,0.019757,1234
CCDC144NL,0.019761,1235
TEX10,0.019806,1236
SKIV2L,0.01982,1237
ZNF501,0.019829,1238
ACTR8,0.019834,1239
HRH1,0.019837,1240
KCNV2,0.019856,1241
EIF5A,0.019868,1242
NUSAP1,0.019869,1243
LPCAT4,0.019924,1244
CYP2J2,0.019926,1245
TRIM39-RPP21,0.019955,1246
PAFAH1B3,0.019964,1247
FOLR1,0.019975,1248
YAF2,0.020005,1249
PTPN3,0.020015,1250
GADD45GIP1,0.020028,1251
CANX,0.020045,1252
NELL2,0.020062,1253
BHLHB9,0.020073,1254
ANK2,0.020087,1255
PRL,0.020094,1256
RPL5,0.020104,1257
ZDHHC14,0.020109,1258
FAM136A,0.02011,1259
UTP3,0.020153,1260
CD247,0.020156,1261
MAML1,0.020177,1262
YPEL1,0.02019,1263
QRFP,0.020203,1264
ADH4,0.020246,1265
WFDC13,0.020252,1266
RHBDF2,0.020265,1267
GABPB2,0.020295,1268
PCMT1,0.020302,1269
PTPN23,0.02032,1270
NEURL1B,0.020348,1271
SLC35A3,0.020351,1272
AGRP,0.020369,1273
JMJD7,0.020373,1274
KCNK1,0.020411,1275
ADAM12,0.020413,1276
SEMA3D,0.02044,1277
PPP2R4,0.020446,1278
CPED1,0.020493,1279
FAM84A,0.0205,1280
SCNN1G,0.020526,1281
LOR,0.020549,1282
GPR123,0.020579,1283
SPAG5,0.020599,1284
RUNX3,0.020602,1285
SLC44A5,0.020619,1286
UBE4A,0.020648,1287
CFD,0.020659,1288
GUCY1A3,0.020675,1289
AMOT,0.020692,1290
HAX1,0.020698,1291
DOCK7,0.020717,1292
RNASE7,0.020748,1293
ADAM8,0.020783,1294
FAM213A,0.020796,1295
DUOX1,0.020797,1296
RIMS2,0.0208,1297
NIP7,0.020808,1298
RPS4X,0.020835,1299
XPO7,0.020847,1300
POLR2J2,0.020874,1301
SLC35F3,0.020885,1302
COX8A,0.020891,1303
CYP3A4,0.020896,1304
GTF2A1L,0.020908,1305
S100A9,0.021013,1306
OR5T3,0.02105,1307
PRKRIP1,0.021083,1308
RAB3GAP2,0.021092,1309
DNAI1,0.021101,1310
PTX3,0.021104,1311
CCDC96,0.021131,1312
CD7,0.021243,1313
MOS,0.021342,1314
TNFSF4,0.021342,1315
RIC3,0.021342,1316
ZBTB26,0.021361,1317
VSIG2,0.021402,1318
ARMC9,0.021419,1319
AP4E1,0.021437,1320
MRO,0.021441,1321
KRT6A,0.021444,1322
C1RL,0.02145,1323
USE1,0.021482,1324
C10orf120,0.021529,1325
FBXW10,0.021551,1326
HIST1H4I,0.021555,1327
STAG2,0.021575,1328
UGT1A4,0.021614,1329
PTCH2,0.021674,1330
PEX2,0.021688,1331
TMEM174,0.02169,1332
CACNA1E,0.021707,1333
POTEJ,0.021743,1334
SLC4A3,0.021749,1335
SLC39A14,0.021785,1336
OR4N5,0.021787,1337
FABP9,0.021803,1338
OR10K2,0.021814,1339
SFXN3,0.021822,1340
UTP14A,0.021861,1341
DEFB118,0.021881,1342
SYNE1,0.0219,1343
CCNG1,0.021929,1344
CXCR3,0.021937,1345
PWP1,0.021971,1346
CA12,0.021971,1347
MEFV,0.021985,1348
FABP2,0.021999,1349
LTC4S,0.022025,1350
NAALADL2,0.022061,1351
GCSAML,0.022065,1352
AFAP1L2,0.022084,1353
PCSK4,0.022113,1354
RTCB,0.022133,1355
ZFY,0.022181,1356
ZNF260,0.022193,1357
LRRC47,0.022199,1358
PLXNA2,0.022247,1359
CRYBB3,0.022277,1360
FTL,0.022278,1361
LIME1,0.022285,1362
ECE1,0.022299,1363
FXYD5,0.022361,1364
MTUS1,0.02238,1365
TRMT6,0.022384,1366
KIAA1614,0.022422,1367
BMPR1A,0.022451,1368
DDHD2,0.022452,1369
PALM3,0.022475,1370
NIPBL,0.022486,1371
CNR1,0.02251,1372
ATG5,0.022529,1373
SLC22A15,0.022544,1374
OR4D10,0.022595,1375
ZP3,0.022599,1376
C5orf60,0.02261,1377
CHUK,0.022628,1378
KIAA1715,0.02265,1379
CD24,0.022677,1380
PLBD1,0.022714,1381
DHCR24,0.022727,1382
STYK1,0.022756,1383
AHCYL1,0.022775,1384
OR6C6,0.022814,1385
PID1,0.022825,1386
DRP2,0.022875,1387
SCIN,0.022879,1388
WNT8B,0.022883,1389
MASTL,0.022944,1390
GSC2,0.023008,1391
H1F0,0.023013,1392
VDAC1,0.023052,1393
DSEL,0.023101,1394
HECTD2,0.023122,1395
MGST1,0.023136,1396
CTPS1,0.023169,1397
ZNF655,0.023219,1398
LRIG3,0.023221,1399
KANSL3,0.023258,1400
EFCAB6,0.02327,1401
TEX36,0.023288,1402
B4GALNT2,0.02332,1403
SLC7A1,0.023321,1404
TMEM92,0.023369,1405
PNMA5,0.023369,1406
ZNF101,0.023403,1407
UNC13A,0.023418,1408
PLXNA4,0.023419,1409
PIK3R4,0.023436,1410
LIMD2,0.023442,1411
ELK3,0.023468,1412
SRPK1,0.023486,1413
SPAG4,0.023486,1414
UQCC1,0.023495,1415
GCSH,0.02351,1416
DCPS,0.023517,1417
MRPS6,0.023548,1418
RBAK,0.023563,1419
EPHA7,0.023567,1420
THYN1,0.023572,1421
ABHD8,0.023606,1422
ANGPTL2,0.023651,1423
NAT8B,0.023662,1424
ADCK3,0.023665,1425
NARG2,0.023683,1426
GATSL2,0.023715,1427
LCE3E,0.023715,1428
PDCD2L,0.023716,1429
CCM2L,0.023731,1430
TMEM115,0.023741,1431
CRYAB,0.023761,1432
ZNF557,0.023763,1433
TCEB3,0.023764,1434
UHRF1BP1,0.023777,1435
FXYD6-FXYD2,0.023799,1436
VCX3A,0.023812,1437
ZNF345,0.023814,1438
ACOT2,0.023816,1439
SERHL2,0.023827,1440
DDR2,0.023863,1441
MYOM2,0.023869,1442
OLFML1,0.023874,1443
MED17,0.023885,1444
PHOX2B,0.023899,1445
ANKRD45,0.023938,1446
GNPNAT1,0.023978,1447
DCBLD2,0.023987,1448
SNAP47,0.023988,1449
IRX1,0.024007,1450
FAM110A,0.024011,1451
XPC,0.024088,1452
COG7,0.024092,1453
TSC2,0.024109,1454
TIMP3,0.02411,1455
TBC1D3,0.024113,1456
OR5K3,0.024114,1457
TMEM54,0.024121,1458
NEFM,0.024149,1459
CST5,0.024176,1460
BICD1,0.024202,1461
NOL9,0.024209,1462
BCCIP,0.024237,1463
CBFB,0.024307,1464
THOC1,0.024336,1465
LRRC10B,0.024369,1466
ATRX,0.024406,1467
PIK3R3,0.024411,1468
LRP2,0.024418,1469
ZNF283,0.024456,1470
MRPL43,0.02446,1471
FNDC8,0.024488,1472
FFAR4,0.024497,1473
ENTPD3,0.024505,1474
DACT1,0.024524,1475
C2,0.024546,1476
KLHL32,0.024604,1477
GRID2,0.024627,1478
TNFRSF11B,0.024638,1479
FABP5,0.024653,1480
RWDD2B,0.024659,1481
PLA2G2D,0.024702,1482
MYPN,0.024746,1483
LLPH,0.024752,1484
ENPP2,0.024801,1485
LHX6,0.024835,1486
MLC1,0.024876,1487
ZC3H15,0.0249,1488
NACAD,0.02491,1489
SH3D19,0.024943,1490
SERPINB3,0.024949,1491
AZGP1,0.025018,1492
HMCN2,0.025054,1493
PCNXL4,0.025062,1494
CUL1,0.025097,1495
CLLU1,0.025109,1496
TTF2,0.025126,1497
KRTAP9-7,0.02515,1498
TOMM40,0.025172,1499
IGFL4,0.025194,1500
RELA,0.025196,1501
OSGEP,0.025211,1502
SNX11,0.025238,1503
HSPA2,0.025245,1504
FAM71E2,0.025295,1505
CSAD,0.025326,1506
ARL15,0.025353,1507
WASF3,0.025393,1508
ELMSAN1,0.025435,1509
CALB1,0.025442,1510
KIAA1407,0.025454,1511
WBP1L,0.02546,1512
ITGB3,0.025463,1513
UNC119B,0.025541,1514
TOR3A,0.025545,1515
MAP4K2,0.025558,1516
WARS2,0.02559,1517
FIGNL2,0.025599,1518
GPBAR1,0.025625,1519
TSR1,0.025639,1520
PIEZO1,0.025654,1521
TCHP,0.025664,1522
MYF5,0.025689,1523
BRE,0.025702,1524
FGA,0.025738,1525
MYO1D,0.025738,1526
PLEKHH3,0.025782,1527
TXNL1,0.025788,1528
SERPINA6,0.025818,1529
DMKN,0.025855,1530
MED12,0.025886,1531
NDUFA5,0.0259,1532
ZBTB16,0.025901,1533
ASTL,0.025901,1534
ZC3H7A,0.025908,1535
OR4F5,0.025991,1536
C5,0.026009,1537
PDHA2,0.026011,1538
ZNF674,0.026034,1539
PPP1R1C,0.026084,1540
BTBD16,0.026085,1541
UBE2B,0.026114,1542
SLC22A25,0.026133,1543
SEC16B,0.026137,1544
COPZ1,0.026205,1545
PDCL2,0.026209,1546
C10orf99,0.026214,1547
CKMT1B,0.026219,1548
ZNF880,0.026277,1549
ZNF350,0.026281,1550
TSC22D2,0.026289,1551
RDH12,0.026296,1552
TMEM104,0.02631,1553
ARFGAP3,0.02633,1554
KCNQ3,0.026379,1555
KIAA1024L,0.026385,1556
C4orf22,0.026429,1557
MRPS25,0.026472,1558
DACH2,0.026478,1559
OR2AE1,0.026498,1560
KDM5B,0.026537,1561
ATP11C,0.026576,1562
LOC100507462,0.026608,1563
KCNJ1,0.026612,1564
MAGEB6,0.026618,1565
TRIM50,0.026623,1566
TMEM230,0.026625,1567
SET,0.026628,1568
POP5,0.026675,1569
BORA,0.026704,1570
C7orf57,0.026709,1571
C12orf10,0.026724,1572
LRG1,0.026774,1573
PHIP,0.026823,1574
CMYA5,0.026825,1575
PKMYT1,0.026825,1576
SLC25A6,0.026838,1577
TMEM147,0.026849,1578
OR4B1,0.026872,1579
EWSR1,0.026897,1580
PCDHGB5,0.026916,1581
C20orf173,0.026921,1582
OR11H4,0.026936,1583
ARFRP1,0.026971,1584
MECOM,0.02702,1585
MDM2,0.027069,1586
IQCA1,0.027077,1587
MBD3L3,0.027115,1588
RBMX,0.027118,1589
PET100,0.027124,1590
ACOT1,0.027168,1591
NR2E3,0.027209,1592
SPDL1,0.027217,1593
RIOK2,0.027223,1594
ARHGEF6,0.027229,1595
C19orf55,0.027264,1596
OR5H2,0.027266,1597
LIPK,0.027279,1598
TIMM17B,0.027302,1599
DERL2,0.027315,1600
OR51Q1,0.027319,1601
SLC35G1,0.027321,1602
CD3G,0.027364,1603
CRHBP,0.027365,1604
OR2M4,0.027398,1605
KIAA0754,0.027414,1606
PIAS4,0.027463,1607
ZNHIT3,0.027512,1608
PRDX6,0.027537,1609
ZNF575,0.027549,1610
C8orf47,0.027556,1611
TMEM248,0.027562,1612
TARP,0.027567,1613
IFNA8,0.02757,1614
COMMD6,0.027595,1615
ZNF284,0.027644,1616
MYO19,0.027679,1617
PDE1C,0.027707,1618
SLC1A4,0.027725,1619
KLRF2,0.02774,1620
USP46,0.027745,1621
PRSS36,0.027747,1622
MORF4L2,0.027804,1623
TMPRSS11BNL,0.02783,1624
WDR1,0.027856,1625
ZNF223,0.027857,1626
ZNF131,0.027863,1627
AKAP14,0.027906,1628
VGLL1,0.027916,1629
PRSS22,0.027951,1630
RPS18,0.027956,1631
SWSAP1,0.028005,1632
MNS1,0.028013,1633
HES4,0.028018,1634
UBE3D,0.028024,1635
MRPL33,0.028045,1636
KIAA0586,0.028048,1637
UNC119,0.028053,1638
TMEM99,0.028054,1639
NCOA1,0.028086,1640
DEFB119,0.028103,1641
VAMP8,0.028106,1642
ARHGEF17,0.028121,1643
POU3F2,0.028121,1644
NFIB,0.028124,1645
HIST1H2AA,0.028143,1646
DCD,0.028152,1647
TUBA1C,0.028251,1648
NRSN2,0.0283,1649
HOXA1,0.02831,1650
QPRT,0.02834,1651
NRBF2,0.028343,1652
ADAM28,0.028349,1653
PDIA6,0.02836,1654
TEX26,0.028363,1655
KDM4A,0.028386,1656
RLN1,0.0284,1657
MRPL51,0.0284,1658
BRCC3,0.028424,1659
ABHD4,0.028441,1660
C11orf63,0.028445,1661
CTHRC1,0.02845,1662
CEP68,0.028472,1663
MYLK3,0.028509,1664
PRPF40B,0.028522,1665
IGF2BP2,0.028546,1666
COL4A1,0.028557,1667
CCR2,0.028586,1668
LCN15,0.028644,1669
ODF2L,0.028645,1670
PRY,0.028665,1671
STAB2,0.028694,1672
HSPB1,0.028712,1673
SLC12A8,0.028726,1674
CDC73,0.028743,1675
TMEM208,0.028764,1676
OTUD1,0.028769,1677
ZNF468,0.02883,1678
PON1,0.028841,1679
KCP,0.028873,1680
GPATCH2,0.028917,1681
HIST1H3A,0.028947,1682
BARX1,0.028959,1683
DEFB125,0.028965,1684
STX8,0.028971,1685
TRA2A,0.028971,1686
CHPF,0.028987,1687
AKAP8L,0.029026,1688
PSRC1,0.029038,1689
GRN,0.02914,1690
ZNF195,0.029198,1691
FAM219A,0.029208,1692
CDKL5,0.029233,1693
NPY,0.029265,1694
GPR22,0.029275,1695
OR4Q3,0.029275,1696
RBM38,0.029333,1697
TSPAN8,0.029431,1698
TP53I3,0.02944,1699
RYR1,0.029481,1700
C19orf68,0.029499,1701
GIGYF2,0.029501,1702
SUMF2,0.029527,1703
OSTC,0.029532,1704
OR2V1,0.029548,1705
CD93,0.02959,1706
MUTYH,0.029628,1707
NR1H3,0.029658,1708
PLOD1,0.02966,1709
IFNL4,0.029666,1710
ONECUT1,0.029672,1711
LRAT,0.029692,1712
CD3D,0.029726,1713
LOC100130301,0.029761,1714
SULT1A2,0.029771,1715
ZNF90,0.029772,1716
ST14,0.029775,1717
CHRNA6,0.029776,1718
IL15RA,0.029792,1719
SLC25A25,0.02982,1720
SLTM,0.029825,1721
B3GALT5,0.029868,1722
ATP6V0A1,0.029874,1723
45181,0.029897,1724
ATAD3A,0.029917,1725
SLFN12,0.029923,1726
OCRL,0.029966,1727
ZNF793,0.029975,1728
CLEC11A,0.029975,1729
LEUTX,0.029996,1730
RNF6,0.030019,1731
GAS2L2,0.030021,1732
USF1,0.030044,1733
OXSR1,0.030044,1734
SKP2,0.030047,1735
CNRIP1,0.030074,1736
LRP12,0.030142,1737
LRRC14B,0.030169,1738
GABBR2,0.030214,1739
FBL,0.030218,1740
TTC38,0.03024,1741
SERPINB1,0.030267,1742
CABP1,0.030269,1743
DDX1,0.03027,1744
HSD17B3,0.030296,1745
NUP160,0.030311,1746
OR9I1,0.030333,1747
VPS4B,0.030409,1748
TLR3,0.030427,1749
PROS1,0.030436,1750
SMARCD2,0.030443,1751
ZNF446,0.030446,1752
KIF13A,0.030501,1753
GJD2,0.030512,1754
TIPARP,0.030515,1755
ERCC6L2,0.030562,1756
CRISP2,0.030564,1757
ZBBX,0.030579,1758
CFDP1,0.030596,1759
CATSPERD,0.030597,1760
SARDH,0.030611,1761
AMBP,0.030635,1762
PNP,0.030643,1763
JPH4,0.030653,1764
LGALS7,0.03066,1765
S100A1,0.030661,1766
CYP1A1,0.030663,1767
DDX10,0.030683,1768
MRPS2,0.030689,1769
KCNV1,0.030699,1770
CD9,0.030708,1771
LGI1,0.030709,1772
SLC9A3R2,0.030709,1773
C6orf62,0.030717,1774
CTAGE5,0.03072,1775
LRRC2,0.030723,1776
LILRB4,0.030735,1777
PSMC3,0.030758,1778
PLAA,0.030758,1779
RBCK1,0.030769,1780
SFT2D2,0.030807,1781
DNAJC9,0.030822,1782
TMEM109,0.030838,1783
ZNF267,0.030845,1784
TWF1,0.030856,1785
NME8,0.03089,1786
ZNF366,0.030892,1787
PGBD5,0.030905,1788
PLEKHG5,0.030931,1789
OR9K2,0.030933,1790
ADAD2,0.030954,1791
PSMD12,0.030983,1792
BLOC1S6,0.031004,1793
TMEM242,0.031053,1794
GLYATL3,0.031059,1795
JMJD8,0.031102,1796
KANSL1L,0.03113,1797
RIMBP3,0.031151,1798
TLDC1,0.031161,1799
TRAF3IP3,0.031178,1800
CYGB,0.031178,1801
RSRC1,0.0312,1802
CDKN2B,0.031298,1803
LOC100144595,0.031347,1804
LRRC72,0.031415,1805
IKZF4,0.031494,1806
RHCE,0.031513,1807
ARFIP1,0.031517,1808
FMO3,0.031544,1809
PDS5A,0.031568,1810
CUL5,0.031577,1811
ZNF33A,0.031589,1812
YARS,0.031592,1813
TMIE,0.031593,1814
GLRB,0.031607,1815
CXXC5,0.031618,1816
SSPN,0.031624,1817
C11orf21,0.031642,1818
OR4C46,0.031655,1819
NUPL2,0.031667,1820
GPD2,0.031677,1821
RBPMS,0.031717,1822
C2orf68,0.03173,1823
GLRX,0.031741,1824
EPYC,0.031789,1825
SLC25A17,0.031834,1826
MBOAT7,0.031838,1827
MRPL47,0.031898,1828
RCCD1,0.031917,1829
SUMO4,0.031944,1830
TTLL5,0.03197,1831
CCDC154,0.03207,1832
CXCL14,0.032083,1833
PRMT3,0.032109,1834
RNH1,0.032119,1835
BEND7,0.032125,1836
OR2T4,0.032132,1837
C11orf91,0.032149,1838
KIAA1804,0.032174,1839
MAPK14,0.032181,1840
ZNF208,0.032213,1841
CDC42BPB,0.032302,1842
SLC22A18,0.032303,1843
ILDR1,0.032328,1844
GJB6,0.032345,1845
PPM1J,0.032364,1846
TMEM114,0.032378,1847
BTG2,0.032411,1848
LOC730159,0.032411,1849
ADAMTS5,0.032427,1850
LY86,0.032476,1851
ANO4,0.032488,1852
KRTAP19-4,0.032522,1853
CXCR2,0.032525,1854
GALNT12,0.032574,1855
RASA4,0.032574,1856
BRF2,0.032594,1857
CTXN3,0.032605,1858
XAGE5,0.032735,1859
GATAD2B,0.032745,1860
TBC1D8,0.032746,1861
GJC3,0.032769,1862
ANKRD1,0.032773,1863
ZDHHC11,0.032797,1864
SGCG,0.032855,1865
CDC25A,0.032871,1866
RPTOR,0.032884,1867
SPRR2B,0.032914,1868
TASP1,0.032929,1869
SYNGR4,0.032958,1870
RB1,0.032966,1871
PYDC1,0.032988,1872
ACAD8,0.033021,1873
C20orf202,0.033033,1874
KIF5C,0.033064,1875
FAAH,0.033071,1876
APEH,0.033112,1877
RNF149,0.033133,1878
ATPIF1,0.033152,1879
TUBB8,0.03318,1880
PRRT3,0.033199,1881
MPST,0.033214,1882
SEC31A,0.033228,1883
TCF3,0.033236,1884
SLC22A31,0.03326,1885
TMEM201,0.033296,1886
ZBTB40,0.033306,1887
IRF2BPL,0.033349,1888
TIGD3,0.033358,1889
SNTN,0.033358,1890
GHSR,0.033385,1891
RPP25,0.033386,1892
SRSF8,0.033407,1893
KLK4,0.033426,1894
SPAG1,0.033436,1895
CHRNA1,0.03345,1896
SLC6A4,0.033456,1897
NXT1,0.033486,1898
ATP5J,0.033499,1899
SH3KBP1,0.033516,1900
NUDT9,0.033516,1901
PRELID1,0.033522,1902
FRMPD4,0.033554,1903
CLCNKA,0.033571,1904
NUP62CL,0.033603,1905
FGF21,0.033606,1906
FXR2,0.033644,1907
SMARCA4,0.033652,1908
ZNF529,0.033696,1909
FRG2C,0.033705,1910
FAM60A,0.033708,1911
WDR36,0.033721,1912
C9orf169,0.033722,1913
SHMT1,0.033742,1914
IDH2,0.033758,1915
TMPRSS11A,0.033768,1916
ZNF623,0.03382,1917
ACADL,0.033855,1918
ERG,0.033864,1919
PTPLA,0.033894,1920
TRAIP,0.033897,1921
C16orf78,0.03392,1922
TAOK1,0.033928,1923
LAMP2,0.033937,1924
ERAP1,0.033946,1925
CES1,0.033951,1926
PSTPIP2,0.034006,1927
ANKRD46,0.034052,1928
ADAMTS17,0.034102,1929
DISP2,0.034105,1930
C15orf43,0.034118,1931
PEF1,0.03413,1932
NMNAT2,0.034161,1933
PLAC9,0.034166,1934
RNASE8,0.034201,1935
FUK,0.03424,1936
PER1,0.034251,1937
KRTAP10-5,0.034253,1938
SUPT6H,0.034269,1939
CPN1,0.034281,1940
FAM211B,0.034284,1941
RBM25,0.034289,1942
GNGT2,0.034335,1943
RRH,0.034341,1944
LRIG2,0.034382,1945
FAM107B,0.034453,1946
ZCCHC12,0.034456,1947
PCM1,0.034485,1948
NCAM1,0.034525,1949
OR9Q2,0.034534,1950
ANKRD2,0.034535,1951
GPR27,0.034543,1952
SCAND1,0.034554,1953
EXOSC3,0.034559,1954
TLE2,0.034582,1955
LONRF1,0.034591,1956
SFSWAP,0.034596,1957
NUDC,0.034632,1958
EXD3,0.034658,1959
TPT1,0.034684,1960
CARD8,0.034695,1961
MBOAT1,0.03472,1962
NPY5R,0.03473,1963
SLC10A6,0.034737,1964
FCN3,0.034778,1965
CASP10,0.034793,1966
ASPM,0.034812,1967
RBM3,0.034823,1968
ST8SIA4,0.034845,1969
KCNA5,0.034853,1970
NDUFS5,0.034856,1971
PPP3R1,0.034876,1972
FLJ44635,0.034887,1973
ERAP2,0.03491,1974
DDX20,0.034925,1975
PNLIPRP1,0.034951,1976
C14orf159,0.034953,1977
CDT1,0.034966,1978
SSX4B,0.035023,1979
PARG,0.035023,1980
TELO2,0.035044,1981
KRTAP10-12,0.035045,1982
TSKU,0.035072,1983
LAMTOR3,0.035075,1984
BEST3,0.03512,1985
CLEC18C,0.035164,1986
ARHGAP9,0.03517,1987
KCNT1,0.035182,1988
SLFN13,0.035292,1989
TBC1D24,0.035342,1990
CELA3B,0.035362,1991
SLC35A1,0.035366,1992
PSMD2,0.03539,1993
OR51I1,0.035396,1994
LRRC45,0.035413,1995
DPCD,0.035449,1996
POTEG,0.035463,1997
TSG101,0.035464,1998
PPM1H,0.035512,1999
GNMT,0.035561,2000
SELV,0.035592,2001
ADHFE1,0.03561,2002
MAL,0.035631,2003
C3orf79,0.03565,2004
RAB1A,0.035659,2005
MSR1,0.0357,2006
KCNIP4,0.035708,2007
CRYZL1,0.035769,2008
TMPRSS12,0.035773,2009
RMDN2,0.035775,2010
AAED1,0.0358,2011
TAGLN3,0.035826,2012
DNTT,0.035842,2013
ASB13,0.035843,2014
CYB5R4,0.035855,2015
C10orf90,0.035872,2016
DDX23,0.035915,2017
SUCO,0.035944,2018
ALG10,0.036001,2019
NTHL1,0.036002,2020
P4HA3,0.036004,2021
TMEM106C,0.03605,2022
PNLIPRP2,0.036075,2023
LRRC3B,0.036078,2024
DLEU7,0.036093,2025
COL27A1,0.036096,2026
AMY2B,0.036186,2027
RAD54L,0.036197,2028
PPT1,0.036208,2029
OPA3,0.036208,2030
C11orf52,0.036229,2031
PPM1M,0.036234,2032
SSX2IP,0.036246,2033
HABP2,0.036332,2034
EXOSC4,0.03634,2035
CX3CL1,0.036344,2036
PPIF,0.036393,2037
TRAPPC3L,0.036393,2038
USP6NL,0.036404,2039
TIPRL,0.036438,2040
CSN2,0.036442,2041
NUP210L,0.036477,2042
TM9SF4,0.036496,2043
SASH1,0.036539,2044
C19orf60,0.036539,2045
LRRCC1,0.036552,2046
N4BP3,0.036563,2047
TNS4,0.036581,2048
PPP2R3A,0.036606,2049
C9orf50,0.03661,2050
DYNLL2,0.036636,2051
PROK2,0.036686,2052
AQP3,0.036692,2053
ATP6V0A4,0.036729,2054
C4orf45,0.036735,2055
TMED5,0.036776,2056
VPS39,0.036784,2057
MUC6,0.036789,2058
FRZB,0.036808,2059
MTFMT,0.036818,2060
C10orf54,0.036824,2061
NOXRED1,0.036832,2062
DNAJC1,0.036869,2063
CENPE,0.036881,2064
HS3ST2,0.036948,2065
KIAA1549,0.036956,2066
HNRNPA3,0.036969,2067
SOX1,0.036979,2068
TRAM2,0.036979,2069
BOLL,0.036985,2070
C2orf82,0.037027,2071
TMEM150C,0.037033,2072
SLC9A8,0.037057,2073
RNF34,0.037077,2074
ZNF737,0.03708,2075
LSMEM2,0.037113,2076
SCXB,0.037122,2077
ORC4,0.03713,2078
TTC14,0.037174,2079
FBXO5,0.037177,2080
TXNRD3,0.037204,2081
YTHDF3,0.037213,2082
FOXI2,0.037215,2083
CERS5,0.037223,2084
SEC24A,0.037228,2085
KCNAB2,0.037265,2086
CTLA4,0.037321,2087
RNF175,0.037363,2088
ZNF827,0.03737,2089
KCNH3,0.037376,2090
PCK1,0.037423,2091
GMPR2,0.037435,2092
APOA5,0.037468,2093
HMX1,0.037473,2094
MED13L,0.037501,2095
FAM135A,0.037515,2096
SPON1,0.037516,2097
MYO6,0.037565,2098
OR4C15,0.037613,2099
ZNF812,0.037614,2100
LINGO2,0.037671,2101
PTGER1,0.037712,2102
TUBB6,0.03772,2103
XRCC3,0.037774,2104
SCML2,0.037826,2105
EAF1,0.037826,2106
PAK3,0.037858,2107
TVP23A,0.037861,2108
GNGT1,0.03789,2109
CAD,0.037901,2110
GRM8,0.037907,2111
NAGPA,0.037932,2112
CBY3,0.037936,2113
YY1AP1,0.037951,2114
C11orf35,0.038005,2115
ZBP1,0.038009,2116
TAS2R7,0.038012,2117
RAB8B,0.038029,2118
UBA7,0.038052,2119
CD1D,0.038128,2120
LOC100129083,0.038135,2121
TBC1D9B,0.038142,2122
TEDDM1,0.038142,2123
NRXN1,0.038151,2124
B4GALT4,0.038183,2125
IPO11,0.038196,2126
TCN1,0.038203,2127
RBM45,0.03821,2128
C1orf234,0.038229,2129
TOMM6,0.03823,2130
GABRA5,0.038259,2131
SRPX2,0.038298,2132
BZW1,0.038332,2133
ADCY8,0.038347,2134
IGJ,0.038375,2135
ACSM1,0.038392,2136
PKHD1L1,0.038395,2137
ACKR2,0.038398,2138
CATSPERG,0.038401,2139
LRRC43,0.038424,2140
MGARP,0.038432,2141
C7orf49,0.038435,2142
CD244,0.038444,2143
ZSWIM2,0.038479,2144
CISD1,0.038493,2145
NOMO3,0.038495,2146
AQP10,0.038539,2147
PPP1R16B,0.038543,2148
SLC13A2,0.03859,2149
C19orf59,0.038601,2150
TMEM161B,0.038636,2151
RAB35,0.038639,2152
C6orf163,0.038688,2153
KCTD17,0.038692,2154
CADPS,0.038698,2155
FKBP10,0.03873,2156
NMUR2,0.038785,2157
UPF3A,0.038834,2158
RAB37,0.038838,2159
USP53,0.038849,2160
SAG,0.038862,2161
SH3YL1,0.038913,2162
PRKD3,0.038937,2163
OGFOD3,0.038943,2164
STARD10,0.038981,2165
S100A8,0.038981,2166
GNB5,0.039002,2167
HLA-DQA2,0.039046,2168
SMAP2,0.039051,2169
ZNF471,0.039057,2170
OTOL1,0.039106,2171
TRIM14,0.039127,2172
GPR183,0.039135,2173
OR7A17,0.039147,2174
ITGB2,0.039166,2175
ENDOG,0.039169,2176
GPR62,0.039176,2177
GPALPP1,0.039185,2178
BMP2K,0.039199,2179
FHL2,0.039224,2180
RASIP1,0.039273,2181
DNAJC5G,0.039322,2182
GPR55,0.039371,2183
OR2J3,0.039445,2184
IFT74,0.039456,2185
PNLIP,0.039468,2186
SVIP,0.039487,2187
LHX1,0.039512,2188
ID3,0.039517,2189
HBG1,0.039518,2190
ZC2HC1C,0.039542,2191
RPS17,0.039626,2192
ATP1B1,0.039633,2193
TSPYL6,0.039653,2194
ZNF628,0.039712,2195
IL2RA,0.039761,2196
BOD1L2,0.039779,2197
ZNF726,0.03978,2198
RNF115,0.039819,2199
SYT5,0.039826,2200
NPR1,0.039859,2201
TRPA1,0.039862,2202
CD160,0.039871,2203
CDAN1,0.039893,2204
TBC1D1,0.039931,2205
RPL3,0.039967,2206
MAX,0.039995,2207
STAU1,0.040004,2208
VAMP3,0.040053,2209
ARL2BP,0.040065,2210
MYOC,0.040065,2211
CYTIP,0.040075,2212
ASCL3,0.040102,2213
RBP2,0.040103,2214
TRAFD1,0.040141,2215
ESX1,0.040179,2216
ADD3,0.040199,2217
ISCA1,0.040255,2218
SPSB4,0.04028,2219
PTK2B,0.040283,2220
SHISA7,0.040295,2221
GCNT3,0.040297,2222
HLA-DQB2,0.040306,2223
HNRNPM,0.040377,2224
MFAP4,0.040384,2225
IRX5,0.040387,2226
HHATL,0.040443,2227
PTPRF,0.040453,2228
IDO1,0.040485,2229
SSBP2,0.040492,2230
OR9Q1,0.040513,2231
KIAA0319L,0.04054,2232
OR52I1,0.040554,2233
MC1R,0.040589,2234
ZNF41,0.040687,2235
PPP6R3,0.040708,2236
CENPI,0.040721,2237
UBE2J1,0.040735,2238
RPA2,0.040771,2239
TAF13,0.040784,2240
ANO6,0.040833,2241
GRIK1,0.040847,2242
GNPDA2,0.040881,2243
CLK3,0.040898,2244
NOMO1,0.040903,2245
TRPM7,0.040941,2246
OR56A3,0.040961,2247
ZNF273,0.040972,2248
ARHGAP28,0.040979,2249
NKAIN1,0.040992,2250
REXO1,0.041027,2251
SLC4A10,0.041029,2252
RNF133,0.041029,2253
OR6X1,0.041076,2254
FBXO7,0.041101,2255
SPIN1,0.04111,2256
ATP6V1G3,0.041119,2257
DCAF5,0.041125,2258
FAM172A,0.041126,2259
MFSD11,0.041215,2260
SLC22A10,0.041241,2261
LACTB2,0.041259,2262
MAPRE1,0.041271,2263
ABCA1,0.041294,2264
TBATA,0.041317,2265
AUNIP,0.04132,2266
HGD,0.041334,2267
C21orf58,0.041357,2268
FAM103A1,0.041368,2269
CEBPZ,0.041373,2270
REV1,0.041381,2271
LYRM9,0.041417,2272
ULBP3,0.041418,2273
KIN,0.041424,2274
GPBP1,0.04144,2275
PTPN20B,0.041449,2276
MEX3B,0.041452,2277
CYP4F22,0.041463,2278
EIF2AK2,0.041466,2279
HNRNPU,0.041508,2280
COL17A1,0.041512,2281
PCNXL2,0.041603,2282
RSL24D1,0.041612,2283
UTP6,0.041622,2284
PRDM8,0.041646,2285
C12orf68,0.041648,2286
KRT3,0.04166,2287
CEACAM1,0.041668,2288
TTC39B,0.041697,2289
STOM,0.041709,2290
HSPA4L,0.04171,2291
ZMYM3,0.041743,2292
BDH2,0.041758,2293
C9orf16,0.04177,2294
TRIM5,0.041775,2295
HIST1H3E,0.0418,2296
SLC51B,0.041806,2297
C21orf59,0.041811,2298
BTLA,0.041856,2299
GTSCR1,0.041901,2300
ZNF469,0.041904,2301
ZFP36L2,0.041912,2302
C1GALT1,0.041937,2303
PPHLN1,0.041957,2304
KCNQ4,0.041976,2305
FAM155A,0.042001,2306
UPF3B,0.042003,2307
SLC35G2,0.042013,2308
ADC,0.042114,2309
ACHE,0.042131,2310
ASIC1,0.042147,2311
CYSLTR1,0.042221,2312
TRMT10B,0.042244,2313
ZNF174,0.042293,2314
TMSB4X,0.042337,2315
KCNK3,0.042343,2316
PSMB4,0.042347,2317
ZNF805,0.04239,2318
TULP1,0.042439,2319
CXorf23,0.042447,2320
ZNF337,0.042499,2321
CAMK4,0.042525,2322
SCHIP1,0.04257,2323
HIRIP3,0.042585,2324
SIGLEC7,0.042615,2325
COX8C,0.042632,2326
HAO2,0.042633,2327
ANKRD22,0.042657,2328
CENPC,0.042682,2329
RPL22,0.042694,2330
SMIM6,0.042731,2331
SLC22A2,0.042776,2332
TCTEX1D1,0.042797,2333
UBE2E2,0.042821,2334
PDK3,0.042911,2335
ANGPTL7,0.042927,2336
ZNF479,0.042944,2337
TMEM168,0.042974,2338
BANK1,0.042991,2339
SLC22A12,0.042991,2340
DARS2,0.04303,2341
LMNB1,0.043047,2342
MUC19,0.043071,2343
KIAA1109,0.043084,2344
LIN7B,0.043131,2345
SALL1,0.043168,2346
HRASLS,0.043195,2347
C1orf127,0.043205,2348
KIAA0895L,0.043217,2349
SPAG11B,0.043224,2350
FAM50A,0.04326,2351
XKR7,0.043261,2352
PSAT1,0.043333,2353
ITPKA,0.043335,2354
ZAR1,0.043343,2355
ABCC3,0.043363,2356
CORO1B,0.043389,2357
ESRP1,0.043398,2358
GNPTAB,0.043401,2359
ABCA13,0.043411,2360
ELFN1,0.043414,2361
TMEM207,0.043434,2362
CALCOCO2,0.043438,2363
SEL1L,0.04346,2364
SPRYD4,0.043508,2365
CPXM1,0.043526,2366
ADTRP,0.043549,2367
TMEM229A,0.043557,2368
DPY19L2,0.043578,2369
UBTD2,0.043601,2370
MCIDAS,0.043662,2371
AP5M1,0.043703,2372
DCUN1D1,0.043746,2373
LEPREL1,0.043802,2374
CCDC28A,0.043838,2375
CD151,0.043842,2376
ASMTL,0.043866,2377
HPGD,0.043903,2378
OR6K6,0.043946,2379
LDLRAD4,0.04396,2380
ATXN1,0.04396,2381
PRKCB,0.043994,2382
FAHD1,0.044009,2383
ZAP70,0.044012,2384
CALCRL,0.044043,2385
P4HB,0.044076,2386
ERVFRD-1,0.044078,2387
ZNF551,0.044089,2388
DCAKD,0.044097,2389
DPF1,0.044097,2390
SCGB2A2,0.04414,2391
SLC8B1,0.044163,2392
TMEM41B,0.04417,2393
SIRPB2,0.044205,2394
ETV1,0.044248,2395
MRPL45,0.044334,2396
MANBA,0.044354,2397
FAT1,0.044357,2398
FIBIN,0.044383,2399
ENPP7,0.044394,2400
TMCO5A,0.044431,2401
DFNA5,0.044447,2402
TMEM106A,0.04446,2403
TM9SF2,0.04448,2404
KIAA1199,0.044528,2405
ATM,0.044534,2406
ZNF79,0.044577,2407
TBXAS1,0.0446,2408
TUB,0.044634,2409
SUGT1,0.044664,2410
LOC147646,0.044667,2411
TIMM10B,0.044674,2412
HAMP,0.044777,2413
SLC48A1,0.044808,2414
LIMS2,0.04482,2415
DDX19A,0.044868,2416
CCNC,0.044965,2417
STK11,0.045033,2418
CCM2,0.045048,2419
OXTR,0.045062,2420
RPL15,0.045079,2421
H1FNT,0.045084,2422
RNF103-CHMP3,0.045131,2423
B3GALT4,0.045142,2424
44988,0.045148,2425
ARPP19,0.045159,2426
GP5,0.045195,2427
FAM156A,0.045235,2428
RPS6KA1,0.045273,2429
DDX21,0.045294,2430
HIST1H4G,0.045305,2431
MUC17,0.045336,2432
OR2F2,0.045353,2433
ALG1,0.045407,2434
PCDHB1,0.045437,2435
VTA1,0.045547,2436
DYSF,0.045569,2437
RHOA,0.045577,2438
BUD13,0.045607,2439
DDB2,0.045609,2440
GRK6,0.045626,2441
SLC4A5,0.045658,2442
NEUROD2,0.045662,2443
CACNA2D4,0.045663,2444
MAMLD1,0.04569,2445
WFDC5,0.0457,2446
AFTPH,0.045734,2447
CCDC50,0.045742,2448
IL1F10,0.04579,2449
SPCS3,0.045806,2450
C1orf146,0.045842,2451
LDHB,0.045901,2452
KLF2,0.045913,2453
MROH2B,0.045935,2454
POP4,0.045988,2455
ARF3,0.045995,2456
NLRP13,0.045996,2457
UBE2V2,0.046032000000000003,2458
MEOX2,0.046045,2459
DCDC2,0.046059,2460
TIMM23,0.046129,2461
GCOM1,0.046129,2462
MFAP2,0.046142,2463
KLHL20,0.046167,2464
ITPK1,0.046175,2465
CWC22,0.046178,2466
TERT,0.046181,2467
ITCH,0.046225,2468
SLC47A2,0.046229,2469
C16orf62,0.04625,2470
PMVK,0.046275,2471
GPT,0.046285,2472
M1AP,0.046296,2473
CAPN12,0.046346,2474
FAM65A,0.046353,2475
TMEM233,0.046372,2476
XPR1,0.04642,2477
PKD1,0.046435,2478
HMGA1,0.04646,2479
MT1G,0.046469,2480
STRN,0.046481,2481
SBF1,0.046561,2482
RLIM,0.046574,2483
AZU1,0.046584,2484
ZBTB8A,0.04659,2485
CDCA7L,0.04659,2486
PSG7,0.046594,2487
ASCC1,0.046596,2488
MGAT3,0.046641,2489
LRP10,0.046663,2490
ALDOB,0.046674,2491
CYP27C1,0.046712,2492
TNIP3,0.046761,2493
OR8K3,0.046771,2494
RBMS2,0.046777,2495
KCNC3,0.046829,2496
SLC12A6,0.046856,2497
OTOP3,0.046869,2498
IGFBP5,0.046874,2499
AP4M1,0.046882,2500
YY1,0.046891,2501
ADPRM,0.046905,2502
LYRM2,0.046911,2503
WDR43,0.046918,2504
NAA50,0.046953,2505
DENND1B,0.046954,2506
OR5K1,0.046961,2507
DCTN6,0.046981,2508
NTN4,0.047022,2509
SFRP1,0.047028,2510
PRPF6,0.047035,2511
STOML3,0.04705,2512
THUMPD1,0.047102,2513
PRR19,0.047144,2514
ZNF155,0.047162,2515
ADPRHL2,0.047183,2516
CEPT1,0.047185,2517
FFAR2,0.047196,2518
PSMA4,0.047226,2519
SCAF8,0.047279,2520
TSSC1,0.047293,2521
SLC17A8,0.047295,2522
TSHZ1,0.047297,2523
DCP2,0.047368,2524
EDNRB,0.047389,2525
GRB14,0.0474,2526
PRDM6,0.047414,2527
SLC38A10,0.047438,2528
FAM24B,0.047457,2529
TSPYL5,0.047493,2530
HK3,0.047535,2531
AMBN,0.047558,2532
GIMAP4,0.047628,2533
RPL24,0.047632,2534
C1orf216,0.047645,2535
CSNK1D,0.047671,2536
FCHSD1,0.047745,2537
CUEDC1,0.047755,2538
ZNF177,0.047821,2539
DSCC1,0.047825,2540
MUC7,0.047831,2541
RAD9A,0.047869,2542
THPO,0.04788,2543
OR4X2,0.047921,2544
CPEB1,0.047928,2545
MRGPRD,0.047929,2546
ATP13A2,0.047968,2547
CIAO1,0.047971,2548
SFXN1,0.048017,2549
DGCR6,0.048019,2550
RPAP3,0.048023,2551
COA4,0.048051,2552
TMC7,0.048052,2553
CST3,0.048053,2554
ADAMTS14,0.048067,2555
POU5F1B,0.048075,2556
ZMYM1,0.048106,2557
USP50,0.048116,2558
RARA,0.04812,2559
BRD3,0.048136,2560
TEKT2,0.04816,2561
TMEM167A,0.04819,2562
GSKIP,0.048222,2563
SIX2,0.048232,2564
CLEC7A,0.048298,2565
PTPN22,0.048302,2566
COL6A2,0.048323,2567
ZNF146,0.048358,2568
PROSC,0.048378,2569
ARRDC5,0.048399,2570
HJURP,0.048406,2571
HIST1H4B,0.048447,2572
ADCK1,0.048471,2573
ZCCHC11,0.048501,2574
TMEM129,0.048543,2575
GIMAP6,0.048555,2576
DMBX1,0.048567,2577
SSTR5,0.048582,2578
MICALL1,0.048678,2579
PUSL1,0.048696,2580
NFE2L1,0.048745,2581
GFRA3,0.04879,2582
CRYM,0.048816,2583
TFAP2B,0.048848,2584
BHMT,0.048915,2585
DYNAP,0.048931,2586
WIPI1,0.048957,2587
CRHR1,0.048987,2588
ATOX1,0.049035,2589
MARK4,0.049139,2590
AIFM3,0.049196,2591
HBD,0.049198,2592
LCMT2,0.049205,2593
SPINK1,0.049277,2594
MGAT4C,0.049319,2595
DEFB127,0.049321,2596
FAM110D,0.04935,2597
PRCP,0.049423,2598
CRAMP1L,0.049424,2599
STAC3,0.049424,2600
CDPF1,0.049434,2601
ST3GAL4,0.049439,2602
HOXA3,0.049468,2603
OMA1,0.04947,2604
DFFA,0.049481,2605
SVOPL,0.049545,2606
HOXC4,0.049567,2607
PPA1,0.049632,2608
STX10,0.049636,2609
KIF2A,0.049687,2610
SRA1,0.049712,2611
ADARB2,0.04976,2612
CHRAC1,0.049796,2613
TTC23,0.04985,2614
TACR3,0.049856,2615
TFAP2D,0.049857,2616
FLYWCH1,0.049871,2617
INS-IGF2,0.049902,2618
CCDC150,0.049906,2619
BCL10,0.049914,2620
ZFX,0.049929,2621
P2RY2,0.049941,2622
UBTF,0.049954,2623
ZNRF1,0.049963,2624
ODF3L1,0.049971,2625
ZNF135,0.05002,2626
RABEP2,0.050062,2627
OTX1,0.050099,2628
LOXHD1,0.050135,2629
SLC35A4,0.050139,2630
ANKRD53,0.050147,2631
MGAM,0.050178,2632
GTF2H4,0.050195,2633
SLC15A2,0.05022,2634
RHBDD3,0.050272,2635
NLRP2,0.050292,2636
ZNF217,0.050301,2637
CLN5,0.050362,2638
CTSE,0.050378,2639
FAM133A,0.050389,2640
DIRC1,0.050437,2641
ASTN2,0.050442,2642
SLK,0.050464,2643
C2orf80,0.050475,2644
SMN2,0.050479,2645
STAT1,0.05048,2646
HMGCLL1,0.050523,2647
C3orf30,0.050524,2648
CAMSAP1,0.050548,2649
ATAD2B,0.050558,2650
RPL14,0.050561,2651
STARD13,0.050582,2652
FGF18,0.050595,2653
SNX33,0.050603,2654
ARIH2OS,0.050613,2655
ZNF562,0.05063,2656
DMRTA1,0.05063,2657
SYT14,0.050646,2658
STX7,0.050678,2659
TM4SF1,0.050684,2660
VIPR2,0.050699,2661
GP9,0.05072,2662
SCT,0.050727,2663
ZFP36L1,0.050764,2664
ADSS,0.050775,2665
RNF212,0.050777,2666
MYH14,0.050823,2667
MRPL15,0.050845,2668
CBR3,0.050861,2669
EREG,0.050872,2670
GON4L,0.050875,2671
C2orf71,0.050902,2672
ITPRIPL2,0.05092,2673
FAM200B,0.050939,2674
RSPH10B,0.051007,2675
SRGAP1,0.051017,2676
G3BP2,0.051036,2677
STX18,0.051037,2678
B3GALT6,0.051065,2679
IPMK,0.051066,2680
HCN2,0.05108,2681
KRT12,0.051116,2682
SCARA5,0.051135,2683
PAPPA2,0.051161,2684
TXNDC8,0.051162,2685
RPRM,0.051166,2686
PSD3,0.05118,2687
ANP32A,0.051196,2688
BTBD11,0.051201,2689
TMED6,0.051207,2690
SLC39A10,0.051234,2691
VPS25,0.051234,2692
RTKN2,0.051263,2693
MB21D1,0.051263,2694
NBEA,0.05128,2695
RTP3,0.051306,2696
TROVE2,0.051337,2697
C8orf82,0.051348,2698
CRH,0.051359,2699
ZNF507,0.051403,2700
USP41,0.051429,2701
SPNS2,0.051447,2702
LOC100129924,0.051451,2703
MSRB2,0.05148,2704
AURKA,0.051499,2705
ZFP62,0.05157,2706
SCGB1A1,0.05157,2707
POLR2B,0.051592,2708
MYO1C,0.051611,2709
PEX14,0.051622,2710
YJEFN3,0.051691,2711
KAT6A,0.051692,2712
PRMT1,0.051699,2713
LYZL4,0.051741,2714
ERBB2IP,0.051766,2715
ISOC2,0.051775,2716
ESRP2,0.051789,2717
EMC6,0.051791,2718
RRP9,0.051832,2719
RNF222,0.051865,2720
MAPK8,0.051868,2721
PKIB,0.051882,2722
MYADML2,0.051885,2723
LAMA2,0.051934,2724
TMEM123,0.051952,2725
PLCH2,0.051995,2726
ACSF3,0.05203,2727
44993,0.052056,2728
ZFP14,0.052056,2729
ZNF215,0.052071,2730
COL25A1,0.052127,2731
ZDHHC13,0.052133,2732
RAB4A,0.052149,2733
SI,0.052161,2734
CHD1L,0.052223,2735
SIRT2,0.052226,2736
TMEM17,0.052237,2737
RGMB,0.052246,2738
BMPER,0.052253,2739
OR52B6,0.052271,2740
GLIS1,0.052275,2741
SURF6,0.05229,2742
NINJ2,0.052299,2743
TRIM24,0.052348,2744
MIEN1,0.052363,2745
PTPN13,0.052368,2746
KIAA1045,0.052414,2747
ENDOD1,0.052416,2748
AIP,0.052464,2749
LTA,0.052476,2750
LOX,0.052494,2751
FER,0.052495,2752
FAM92A1,0.052509,2753
KCNE4,0.052524,2754
EHBP1,0.052561,2755
ZNF608,0.052671,2756
MRGPRE,0.052671,2757
ADCYAP1,0.052723,2758
BNC2,0.052744,2759
INTS4,0.052748,2760
CDK18,0.052762,2761
CPNE8,0.05278,2762
LRRC37A2,0.052802,2763
ENOX1,0.052835,2764
FLCN,0.05285,2765
NAT16,0.052896,2766
FKBP6,0.052898,2767
KIAA1731,0.052923,2768
KRTAP21-1,0.052923,2769
ARHGAP30,0.052946,2770
CSF1R,0.052947,2771
DIS3L,0.052995,2772
ARHGAP19,0.052998,2773
SLC1A7,0.053009,2774
HNRNPH3,0.053046,2775
FOXQ1,0.05305,2776
CCDC136,0.053059,2777
SPATA17,0.053068,2778
HEXDC,0.053071,2779
CDADC1,0.053078,2780
CHRND,0.053104,2781
UCMA,0.053108,2782
AKR1C2,0.053119,2783
FRK,0.053133,2784
ZNF783,0.053188,2785
DSG3,0.053189,2786
MAPK8IP3,0.053236,2787
SMCO2,0.053242,2788
OR1F1,0.053328,2789
PDZRN4,0.053332,2790
EXOC6,0.053339,2791
SYT7,0.053339,2792
DUSP21,0.05338,2793
GNAL,0.053381,2794
ZNF69,0.053406,2795
PILRA,0.053428,2796
ZNF549,0.053439,2797
FAM228A,0.053502,2798
SAA2-SAA4,0.053621,2799
TSPAN6,0.053631,2800
OTOR,0.053646,2801
NUTF2,0.053669,2802
C12orf43,0.053681,2803
SH3TC1,0.053706,2804
CD1A,0.053724,2805
NCOA4,0.053766,2806
ZNF668,0.053777,2807
HLA-B,0.053781,2808
DNAH7,0.053813,2809
RANBP3,0.053814,2810
SLC39A6,0.053843,2811
SLC5A6,0.053886,2812
KRTAP5-10,0.053889,2813
PLSCR1,0.053894,2814
RBM41,0.05391,2815
SNX25,0.053931,2816
GSAP,0.053947,2817
IFIT5,0.053958,2818
EXD2,0.053969,2819
SLC36A1,0.054009,2820
CYP3A5,0.054024,2821
SLC12A2,0.054037,2822
PCDHGA3,0.054079,2823
FAM179B,0.05408,2824
GDPGP1,0.054083,2825
C7orf60,0.054106,2826
C12orf76,0.054181,2827
RSBN1L,0.054247,2828
POLB,0.054288,2829
PHOSPHO1,0.054296,2830
PPY,0.054311,2831
LRRC40,0.054319,2832
RABL2A,0.054344,2833
ZNF462,0.05435,2834
TMEM98,0.054358,2835
B4GALT1,0.054392,2836
NOM1,0.054395,2837
ITGAV,0.05442,2838
TAAR1,0.054426,2839
BTN3A3,0.05452,2840
PLOD2,0.054536,2841
MT1M,0.054555,2842
HIF1AN,0.05458,2843
SNX8,0.054583,2844
TLCD1,0.054584,2845
RSC1A1,0.054596,2846
DEAF1,0.054633,2847
ADK,0.054674,2848
C1orf229,0.054677,2849
ARRB2,0.054681,2850
N6AMT1,0.054729,2851
DUS4L,0.054731,2852
HMBS,0.054747,2853
TSPAN7,0.054816,2854
LMBR1,0.054819,2855
ITSN2,0.054825,2856
PPP2R2B,0.054842,2857
PLCXD2,0.054881,2858
SHISA5,0.05489,2859
OR6C76,0.054936,2860
JAG2,0.055017,2861
MCM2,0.055069,2862
C7orf66,0.055074,2863
PSMA1,0.055077,2864
PNCK,0.055112,2865
HIST1H3H,0.055123,2866
PPP3CB,0.055162,2867
PTPRU,0.055168,2868
ZNF197,0.055205,2869
GLDN,0.055274,2870
FUT2,0.055285,2871
IMMP1L,0.055314,2872
HAO1,0.055354,2873
OR8U1,0.055365,2874
ASB2,0.055371,2875
SLC7A14,0.055376,2876
PPIB,0.055388,2877
MFAP3L,0.055403,2878
TPX2,0.055462,2879
GJC2,0.055511,2880
SMAD4,0.055516,2881
FBLIM1,0.055547,2882
KIAA1549L,0.055595,2883
POLD2,0.055618,2884
SNRPB,0.055643,2885
ELAVL2,0.055707,2886
MLLT4,0.055739,2887
CTF1,0.055744,2888
HDAC6,0.055744,2889
RBMX2,0.055787,2890
MRGPRF,0.055884,2891
ZNF714,0.055898,2892
GIPC3,0.055932,2893
PTGER2,0.056011,2894
MATN2,0.056086,2895
ST18,0.056093,2896
CDKN2AIPNL,0.056124,2897
PSKH1,0.056141,2898
SLC6A12,0.056163,2899
LAMC1,0.056172,2900
EMC1,0.056201,2901
C9orf114,0.056201,2902
IL5RA,0.05622,2903
RFX8,0.056278,2904
FBP2,0.056308,2905
CDC25B,0.056316,2906
HNRNPK,0.056328,2907
PRKCZ,0.056373,2908
PLEC,0.056392,2909
MAFK,0.056412,2910
MMP25,0.056506,2911
NEDD4L,0.056647,2912
WWTR1,0.05666,2913
ZRANB2,0.056749,2914
FAM115A,0.056763,2915
GPRASP1,0.056773,2916
C1QTNF2,0.056775,2917
RARG,0.056787,2918
CARKD,0.056797,2919
ZNF730,0.056813,2920
DTNBP1,0.056893,2921
MYO1G,0.056941,2922
HTR3D,0.056949,2923
EDNRA,0.056965,2924
UBL3,0.056992,2925
BCAS3,0.057003,2926
FARP2,0.057037,2927
TOR1B,0.057043,2928
EYA2,0.057081,2929
GMPR,0.057085,2930
CCT6B,0.057179,2931
CREBZF,0.057195,2932
PDE1A,0.057207,2933
DNA2,0.057325,2934
TARSL2,0.057338,2935
NARR,0.057356,2936
FAM53C,0.057364,2937
BBS1,0.057402,2938
LYZ,0.05741,2939
MX2,0.057424,2940
ASB7,0.057491,2941
RANBP2,0.057518,2942
CARHSP1,0.057566,2943
GPR160,0.057697,2944
PRKD2,0.05771,2945
TATDN2,0.057722,2946
KRTAP2-4,0.057787,2947
IFT172,0.057796,2948
GPRASP2,0.057825,2949
CNN1,0.057934,2950
PLEKHB2,0.057942,2951
PICALM,0.05795,2952
UPRT,0.057998,2953
HPN,0.058064,2954
NMB,0.05807,2955
SKAP2,0.058094,2956
RNF17,0.058113,2957
SCN7A,0.058142,2958
ADIPOR2,0.058238,2959
GLI3,0.058286,2960
GALNT15,0.058289,2961
KCNIP2,0.058334,2962
HIPK2,0.058361,2963
OR52M1,0.058418,2964
INTS12,0.05843,2965
ARFIP2,0.058478,2966
NDUFB10,0.058515,2967
CACTIN,0.058567,2968
SULT1B1,0.058579,2969
SLC38A8,0.058612,2970
FNBP1,0.058765,2971
ASB6,0.058777,2972
KLF16,0.058819,2973
CXXC4,0.058861,2974
FAM9C,0.058871,2975
ZNF697,0.058909,2976
ICAM2,0.058957,2977
TXN2,0.059027,2978
C5orf45,0.059053,2979
CENPQ,0.059102,2980
ZNF766,0.059109,2981
TMEM239,0.059121,2982
PIP5KL1,0.059182,2983
LRRC58,0.059195,2984
NEK1,0.059197,2985
NSA2,0.059242,2986
SEC14L6,0.059245,2987
CWH43,0.059293,2988
STAP1,0.059297,2989
GID8,0.059324,2990
SLC46A1,0.059329,2991
ECI2,0.059341,2992
NETO1,0.059566,2993
OR6N1,0.059677,2994
POLQ,0.059689,2995
C1QL3,0.059724,2996
SPTLC2,0.059772,2997
UCHL1,0.059791,2998
SLC7A3,0.05982,2999
KCNK7,0.059851,3000
CACNA2D1,0.059868,3001
CRLF2,0.059916,3002
MRPL20,0.059934,3003
LBH,0.059937,3004
SPATA3,0.060012,3005
OR3A1,0.060013,3006
KRTAP13-1,0.060015,3007
UQCRC2,0.060041,3008
KCNQ5,0.060056,3009
OR13A1,0.06007,3010
ATL1,0.060159,3011
LYRM7,0.060204,3012
SYT17,0.060252,3013
C22orf26,0.060264,3014
EOGT,0.060282,3015
PSMD4,0.0603,3016
DHX38,0.060316,3017
IGFBP3,0.060355,3018
DEFB115,0.060416,3019
NRXN2,0.060426,3020
OBFC1,0.060443,3021
CLCC1,0.060479,3022
TRPM8,0.060543,3023
SHD,0.060571,3024
SOCS5,0.060604,3025
SLCO1B7,0.060731,3026
LMOD3,0.060779,3027
NOTCH4,0.060781,3028
CNIH4,0.060781,3029
NAV2,0.060826,3030
APC,0.060888,3031
RAP2A,0.060976,3032
KMO,0.061018,3033
GCHFR,0.061057,3034
PCDHA6,0.061057,3035
PLEKHA7,0.061096,3036
LRRC16B,0.061103,3037
NCOR1,0.061114,3038
CDS2,0.061143,3039
MRPS7,0.061154,3040
OR5C1,0.061171,3041
CA7,0.061195,3042
PRAMEF12,0.061203,3043
WASF1,0.061242,3044
NGFR,0.061247,3045
TPPP,0.061323,3046
SLC1A1,0.061353,3047
ANKS3,0.061359,3048
NKIRAS1,0.061401,3049
PPBP,0.061432,3050
ITGA7,0.061522,3051
COQ10A,0.061531,3052
CREBL2,0.061592,3053
GDF9,0.061611,3054
SFRP2,0.06164,3055
TMEM45B,0.061643,3056
GRWD1,0.061682,3057
CYP20A1,0.061688,3058
FLNC,0.061691,3059
ZNF587B,0.061719,3060
ADCYAP1R1,0.061736,3061
NUTM2G,0.061832,3062
ZNF514,0.061857,3063
RUSC2,0.061869,3064
GPR157,0.061879,3065
MCM5,0.061992,3066
HLA-DRA,0.061997,3067
EMR2,0.062045,3068
PEPD,0.062047,3069
VANGL2,0.062047,3070
NAP1L3,0.062072,3071
TNFAIP2,0.062105,3072
PRPF8,0.062119,3073
ING5,0.062167,3074
CLUH,0.062184,3075
RAI14,0.062214,3076
ASNSD1,0.062218,3077
RPS15A,0.062251,3078
FAM184B,0.062262,3079
SOGA1,0.062302,3080
TRAPPC12,0.06231,3081
FCHO1,0.062399,3082
NEURL4,0.062406,3083
FADS2,0.062425,3084
FAM212B,0.062443,3085
CYB5R2,0.062453,3086
KPNA6,0.062501,3087
CCDC62,0.062549,3088
TULP3,0.062555,3089
CHGA,0.062597,3090
CD300LB,0.062645,3091
ADNP,0.062662,3092
MTNR1B,0.062709,3093
CHRNE,0.062728,3094
TBC1D32,0.06273,3095
PLIN3,0.06274,3096
SH3BP5L,0.062741,3097
UBQLN2,0.062755,3098
HIST1H4D,0.062788,3099
PLEKHO1,0.062808,3100
KBTBD6,0.062831,3101
SH2D2A,0.062852,3102
COX17,0.062884,3103
TXNDC12,0.062941,3104
WRB,0.062974,3105
NEK7,0.062979,3106
CNTN2,0.063005,3107
BRCA1,0.063007,3108
TAS2R41,0.063027,3109
AP3B1,0.063038,3110
UNC93B1,0.063061,3111
HSPA4,0.063062,3112
CBLN1,0.063075,3113
PDIA4,0.063123,3114
HIST2H2BF,0.063171,3115
WNT6,0.063192,3116
GPD1L,0.063218,3117
CACNA1A,0.063241,3118
RPL4,0.063266,3119
OR1S1,0.063327,3120
POT1,0.063362,3121
TCAP,0.06341,3122
ZNF683,0.063424,3123
DHDH,0.063494,3124
ACY1,0.063519,3125
EIF5B,0.063525,3126
RAI1,0.063554,3127
PTRF,0.063581,3128
SLC17A6,0.063594,3129
PARK7,0.063648,3130
FAM47B,0.063687,3131
PNN,0.063701,3132
NCAN,0.063744,3133
NRIP2,0.063786,3134
TAPBPL,0.063821,3135
CA10,0.063823,3136
KIF4B,0.063839,3137
PRODH,0.063918,3138
PLA2G4C,0.063933,3139
ADAMTS3,0.063983,3140
ACSL5,0.064055,3141
NPIPB8,0.064109,3142
LEPR,0.064129,3143
HELZ2,0.064155,3144
ZNF544,0.064196,3145
TBC1D9,0.064212,3146
ATXN7L2,0.064222,3147
ABCB4,0.064261,3148
ANKRD12,0.064317,3149
KCNJ11,0.06435,3150
PRAC1,0.064351,3151
RNF152,0.064371,3152
FILIP1L,0.064424,3153
SLC15A4,0.06446,3154
FRMPD1,0.064466,3155
TRHR,0.064466,3156
HMGN4,0.064499,3157
TSPAN16,0.064508,3158
LY96,0.064531,3159
PPM1F,0.064603,3160
NDUFAF6,0.064619,3161
KIF6,0.064651,3162
CHPT1,0.064652,3163
VPREB1,0.064693,3164
OLFML3,0.064699,3165
F3,0.06475,3166
TRIM55,0.064842,3167
KCNRG,0.064985,3168
MAZ,0.065029,3169
CENPM,0.065057,3170
BDKRB1,0.06507,3171
ARPC5L,0.065115,3172
SYVN1,0.065117,3173
FOPNL,0.06515,3174
PRDM1,0.0652,3175
EMC8,0.065241,3176
CDC20B,0.065245,3177
UQCRC1,0.065319,3178
AGPAT5,0.065319,3179
FCER1G,0.065415,3180
ANO10,0.065423,3181
PDZD7,0.06551,3182
HCN4,0.065542,3183
ADAMTS12,0.065558,3184
SHCBP1,0.065564,3185
SPECC1L,0.065601,3186
CILP2,0.065605,3187
ZNF836,0.065622,3188
ZNF84,0.06563,3189
CCDC63,0.065667,3190
SGK494,0.065758,3191
ARID1B,0.065767,3192
STAT6,0.065796,3193
FTSJ1,0.065844,3194
FAM27E3,0.065879,3195
HOMER1,0.06588,3196
TSPAN5,0.065921,3197
PAIP1,0.065921,3198
ZNF662,0.065961,3199
DDX3X,0.065967,3200
YIPF2,0.065999,3201
CLDN9,0.066037,3202
GDNF-AS1,0.066041,3203
SESN1,0.066053,3204
ABCA5,0.066096,3205
AMY1A,0.06611,3206
IFNK,0.06613,3207
MMRN2,0.066144,3208
C12orf60,0.066178,3209
TUT1,0.066205,3210
DEFB113,0.066205,3211
TAF5L,0.066273,3212
FAM32A,0.066304,3213
RASSF8,0.066321,3214
CCL13,0.066348,3215
CARM1,0.066368,3216
PROCA1,0.066379,3217
FBXL4,0.066396,3218
LYRM5,0.066402,3219
HIST1H2AK,0.066408,3220
WDR65,0.066416,3221
LAIR1,0.066505,3222
PHF21A,0.066559,3223
GINS4,0.066607,3224
PARD3B,0.066626,3225
SOX3,0.066749,3226
CYP4V2,0.066797,3227
IL10RA,0.066817,3228
ATP6V1A,0.066932,3229
ASNS,0.066988,3230
C4orf33,0.067005,3231
CNTN5,0.067007,3232
NMU,0.067015,3233
KDM2B,0.067061,3234
OR4M2,0.067067,3235
DLST,0.067083,3236
TMEM167B,0.0671,3237
HLA-C,0.067178,3238
GPSM1,0.067199,3239
KRT31,0.067274,3240
GAL3ST1,0.067276,3241
GSTM4,0.067314,3242
DLG5,0.067328,3243
CACNG7,0.067369,3244
LSM6,0.067416,3245
RCN2,0.067487,3246
ISOC1,0.067512,3247
TPGS2,0.067551,3248
ASPG,0.067558,3249
DLGAP3,0.067588,3250
CITED1,0.067591,3251
RPS6,0.067605,3252
KLK9,0.067613,3253
ACAP1,0.06763,3254
ATAD3C,0.067647,3255
TBL3,0.067654,3256
SCCPDH,0.067676,3257
SLC35B4,0.067769,3258
MAK16,0.067797,3259
ST6GALNAC6,0.067828,3260
XPA,0.067841,3261
OR6K3,0.067869,3262
GABRB2,0.067923,3263
ACTRT3,0.06794,3264
DIS3,0.068035,3265
GM2A,0.068074,3266
EVPL,0.068103,3267
CMSS1,0.06815,3268
TTLL8,0.068211,3269
CCL4L2,0.068222,3270
NECAB2,0.068256,3271
FH,0.068273,3272
FAM105A,0.068301,3273
MLYCD,0.068366,3274
LMNA,0.068383,3275
LOC100652758,0.068396,3276
NCAPG,0.068405,3277
PPAN,0.068416,3278
CPD,0.068464,3279
GJA4,0.068486,3280
CHCHD10,0.06851,3281
OR4N2,0.068511,3282
REEP1,0.068559,3283
DLEC1,0.068596,3284
PNPLA7,0.068606,3285
TRAK1,0.068692,3286
STK36,0.068699,3287
DHFR,0.068701,3288
ZNF546,0.068749,3289
VENTX,0.068797,3290
PHLDA2,0.068804,3291
CLIC3,0.06883,3292
CCT2,0.068844,3293
METTL20,0.068892,3294
CD83,0.068939,3295
FXYD4,0.068987,3296
EIF4A2,0.069028,3297
COX11,0.069034,3298
CDH1,0.069051,3299
URB2,0.06912,3300
PAICS,0.069129,3301
NBR1,0.069158,3302
CRYGS,0.069177,3303
RHBDL1,0.069202,3304
VPS9D1,0.069265,3305
DNAJC24,0.069283,3306
RBM39,0.069346,3307
TMEM33,0.069367,3308
RBBP9,0.06938,3309
RFTN2,0.069483,3310
GMDS,0.069492,3311
LTK,0.06951,3312
SORBS1,0.069514,3313
GPR6,0.069548,3314
ID1,0.069652,3315
ATG2B,0.069747,3316
ADAM33,0.069797,3317
FOXA1,0.0698,3318
NUPR1L,0.069818,3319
GKAP1,0.069842,3320
ARHGAP17,0.069899,3321
PLXDC2,0.069964,3322
WDR61,0.069977,3323
ALOX5AP,0.069985,3324
FAM204A,0.069991,3325
DCAF16,0.070067,3326
OR4C11,0.070128,3327
FKBP5,0.070153,3328
ZFHX4,0.070164,3329
MMD,0.070175,3330
ZNF404,0.070192,3331
DEF6,0.070241,3332
KERA,0.070254,3333
ZC3H8,0.07027,3334
NUDT1,0.070332,3335
RAD1,0.070346,3336
MAP3K8,0.070442,3337
PSME4,0.070442,3338
TM6SF1,0.07046,3339
SENP1,0.07046,3340
AGMO,0.070555,3341
PRSS50,0.070585,3342
GINS2,0.070601,3343
WDYHV1,0.070645,3344
CSHL1,0.070727,3345
KRTAP21-3,0.070745,3346
SMS,0.070769,3347
MYOT,0.070792,3348
FAM21A,0.070887,3349
SLC25A13,0.070965,3350
TMEM252,0.070982,3351
TOP3B,0.070991,3352
COMMD5,0.070992,3353
MAP3K9,0.071021,3354
LGALS14,0.071086,3355
YBX1,0.071089,3356
AJUBA,0.071201,3357
IL1RL1,0.071216,3358
HARBI1,0.071225,3359
TRAF3,0.071229,3360
WNT2,0.07126,3361
TRA2B,0.071295,3362
ANKEF1,0.071315,3363
SFTA3,0.071342,3364
PTH2R,0.071362,3365
KLHDC8B,0.07141,3366
C11orf1,0.071424,3367
NR1H2,0.071457,3368
TENM4,0.071504,3369
CCDC140,0.071538,3370
FUT9,0.07155,3371
RAB6B,0.071552,3372
ZSCAN31,0.071568,3373
FAM63A,0.071578,3374
CHD5,0.071599,3375
OR51E1,0.071648,3376
SORBS2,0.071649,3377
AATF,0.071676,3378
CCRL2,0.071708,3379
FANCD2OS,0.071742,3380
RGPD4,0.071748,3381
DCAF8,0.071755,3382
C1orf168,0.071813,3383
SRSF6,0.071822,3384
NDUFA13,0.071884,3385
AMZ1,0.071931,3386
ERI1,0.071942,3387
USH1G,0.072026,3388
CA6,0.072074,3389
ADRM1,0.072121,3390
DMBT1,0.072166,3391
AMN,0.072191,3392
URM1,0.072201,3393
ZNHIT6,0.072201,3394
CEACAM3,0.072216,3395
MC5R,0.072236,3396
TRNAU1AP,0.072263,3397
CNGA4,0.072265,3398
FBXO28,0.072271,3399
LAMTOR1,0.072285,3400
ARSG,0.072311,3401
ALDH1A3,0.072313,3402
GRAMD3,0.072328,3403
LPPR2,0.072377,3404
MYLK4,0.072447,3405
C5orf58,0.072453,3406
CITED2,0.072455,3407
KCNB2,0.072475,3408
GTF2H5,0.072489,3409
VPS18,0.072534,3410
NAPSA,0.072543,3411
IFT20,0.072548,3412
UGT1A1,0.072564,3413
DALRD3,0.072586,3414
BCHE,0.072595,3415
NR2C2AP,0.072643,3416
TMEM144,0.072644,3417
PLXNB3,0.072648,3418
LAMB3,0.072679,3419
GABRG1,0.072785,3420
TSPAN14,0.072798,3421
ADPRH,0.072827,3422
RNF144A,0.072873,3423
MMP20,0.07288,3424
TBCB,0.072918,3425
BEND4,0.072921,3426
YY2,0.072969,3427
HOOK1,0.073061,3428
KCNK16,0.073069,3429
CCS,0.073117,3430
POLDIP2,0.073164,3431
ALG10B,0.073165,3432
GNAQ,0.073171,3433
NAT6,0.073222,3434
GALNT4,0.073228,3435
DNAJB12,0.073259,3436
NF1,0.073263,3437
PRNP,0.073268,3438
ACR,0.073268,3439
GPM6B,0.073306,3440
CTSO,0.073354,3441
TMPRSS2,0.073376,3442
SLAIN1,0.073386,3443
ENO4,0.073448,3444
ARHGAP1,0.07356,3445
ZNF799,0.07359,3446
MTCH1,0.073602,3447
SEPHS2,0.073616,3448
NXPE1,0.073733,3449
ZNF831,0.073744,3450
UBIAD1,0.07378,3451
MAGEA4,0.073821,3452
ZNF37A,0.073852,3453
SETD2,0.073875,3454
UNC45A,0.073907,3455
RRAGC,0.073928,3456
PTPN4,0.073946,3457
CTNND1,0.073967,3458
NUDCD2,0.074022,3459
BMP5,0.074064,3460
RAB11FIP4,0.074087,3461
CUL9,0.074095,3462
PLD3,0.074286,3463
OR4K5,0.074318,3464
TNFSF18,0.074388,3465
SNAI2,0.074395,3466
OR1B1,0.07449,3467
HDDC3,0.074495,3468
TUBB,0.074496,3469
PRDM15,0.074509,3470
OCIAD1,0.074537,3471
PHF2,0.074593,3472
CARTPT,0.074632,3473
NOMO2,0.074714,3474
RAD54L2,0.074722,3475
LRRC17,0.074727,3476
CSRP2BP,0.07475,3477
TVP23B,0.074758,3478
C7orf34,0.074774,3479
TTLL3,0.074794,3480
IL27,0.074821,3481
LRCH3,0.07485,3482
C7orf71,0.074869,3483
RHOH,0.074916,3484
C1orf186,0.07495,3485
TPGS1,0.074963,3486
NDUFAF1,0.074977,3487
KIAA1841,0.074999,3488
ING3,0.075028,3489
TENM3,0.075063,3490
MIA,0.075098,3491
TOLLIP,0.075111,3492
BSCL2,0.075135,3493
KRT71,0.0752,3494
USMG5,0.075228,3495
TEN1,0.075344,3496
CDHR2,0.075387,3497
POLR2D,0.075405,3498
ACN9,0.075415,3499
NOL6,0.075448,3500
RSPH10B2,0.075488,3501
SYNGR1,0.075563,3502
C12orf65,0.075578,3503
ZNF705B,0.075598,3504
RAPGEF4,0.075625,3505
EXT1,0.075662,3506
GJB1,0.075687,3507
TMEM52B,0.075691,3508
DMRT2,0.075711,3509
RPS6KA4,0.07572,3510
OR13J1,0.075783,3511
NME9,0.075862,3512
LOC81691,0.075869,3513
FRMD7,0.075891,3514
AKAP3,0.075926,3515
BRD4,0.075956,3516
FOXJ2,0.076051,3517
ACCS,0.076145,3518
MOCOS,0.076152,3519
GNL2,0.076177,3520
INTS6,0.076191,3521
MS4A18,0.076199,3522
RPIA,0.076206,3523
CYTH2,0.07624,3524
ZDHHC6,0.076242,3525
TSR2,0.076283,3526
XYLB,0.076287,3527
UBOX5,0.076306,3528
C9orf62,0.076349,3529
GMIP,0.076382,3530
SEC24D,0.076382,3531
BSND,0.076476,3532
MAP7,0.076488,3533
SNX18,0.076495,3534
ARL13A,0.076513,3535
RBP3,0.076571,3536
PLA2R1,0.076621,3537
PSORS1C1,0.076665,3538
FAM96A,0.076712,3539
ZNF136,0.076752,3540
ASB16,0.076802,3541
PDE3A,0.076808,3542
STX3,0.07682,3543
KCTD12,0.076854,3544
AKR7A3,0.076866,3545
SLC25A19,0.076866,3546
RNF113B,0.076893,3547
B3GNT3,0.076923,3548
OR9A2,0.076929,3549
C2CD4C,0.076952,3550
XKR9,0.076974,3551
RASA3,0.077043,3552
WDR18,0.077067,3553
OCM,0.077072,3554
CELA1,0.077161,3555
CAPZA2,0.077169,3556
ADO,0.077305,3557
GGT7,0.07734,3558
BBX,0.07735,3559
BHLHA9,0.077369,3560
CNTNAP1,0.077393,3561
OR52E8,0.077405,3562
SLC25A45,0.077499,3563
PRODH2,0.077515,3564
C19orf24,0.07761,3565
BUB1B,0.077647,3566
PAX8,0.077657,3567
RSPH1,0.077657,3568
BCL2L1,0.077674,3569
PDF,0.077704,3570
S1PR1,0.077747,3571
FSTL5,0.077751,3572
DGKQ,0.077753,3573
TNMD,0.077783,3574
C20orf166,0.077787,3575
C4orf48,0.077798,3576
RPH3A,0.07782,3577
MAD2L2,0.077845,3578
ADAMTSL2,0.077846,3579
ITIH6,0.077859,3580
EXTL1,0.077893,3581
GGH,0.077946,3582
PDZK1IP1,0.078105,3583
WFDC12,0.078129,3584
ZNF415,0.078223,3585
ANKRD20A3,0.07827,3586
ENTPD6,0.07834,3587
HIST3H3,0.078354,3588
KARS,0.078412,3589
PDRG1,0.07843,3590
ENSA,0.078459,3591
RPE,0.078459,3592
LYPD8,0.078482,3593
HTRA2,0.078502,3594
FMNL2,0.078582,3595
PCID2,0.078605,3596
SVEP1,0.078648,3597
KCNE3,0.078679,3598
C11orf45,0.078689,3599
EXOC2,0.078742,3600
MRPL37,0.078745,3601
HDAC8,0.078771,3602
TNN,0.078814,3603
OSBPL11,0.078959,3604
LBP,0.078978,3605
C11orf95,0.079061,3606
FAM179A,0.079105,3607
WBSCR28,0.079119,3608
IMPA2,0.079148,3609
UBE2R2,0.079166,3610
ACSL3,0.079308,3611
ZNF23,0.079335,3612
SUCLG2,0.079417,3613
KCNK4,0.079433,3614
PCDH7,0.079439,3615
CD8A,0.079461,3616
CDC123,0.079496,3617
CGB8,0.07953,3618
TCF7L2,0.07959,3619
C11orf58,0.079608,3620
POLR3E,0.079638,3621
CDC45,0.079715,3622
COPB1,0.079732,3623
MSANTD4,0.079759,3624
LRRC1,0.07977,3625
CST1,0.079779,3626
UNK,0.079802,3627
FA2H,0.079826,3628
SDHD,0.079853,3629
DEFB121,0.079873,3630
NPNT,0.079897,3631
TRAPPC8,0.079913,3632
FAM46C,0.079963,3633
PARP14,0.079967,3634
VPS13D,0.079978,3635
TMEM156,0.080024,3636
MXRA5,0.080029,3637
C16orf13,0.080145,3638
NAB1,0.080156,3639
TEX13A,0.080203,3640
ZPLD1,0.080244,3641
SERPINH1,0.08025,3642
PTPN5,0.080299,3643
ACTR3B,0.080313,3644
C5orf30,0.08033,3645
RPS11,0.080344,3646
TCEANC2,0.080401,3647
PADI3,0.080479,3648
TBC1D20,0.080489,3649
RFC3,0.080532,3650
KRT72,0.080534,3651
NDST1,0.080579,3652
ALDH5A1,0.080613,3653
ATPAF1,0.080627,3654
ADORA3,0.080652,3655
TARS2,0.080664,3656
ACTB,0.080674,3657
CSK,0.080715,3658
SEC13,0.080721,3659
SPON2,0.080767,3660
PLD4,0.080768,3661
USP15,0.080819,3662
PHF20L1,0.080862,3663
GRM5,0.080898,3664
THEM4,0.080909,3665
FAM193A,0.080956,3666
ACADS,0.081003,3667
GPX6,0.08103,3668
ZNF620,0.08105,3669
PNKD,0.081074,3670
MUC1,0.081089,3671
RASA4B,0.081231,3672
TMEM67,0.081238,3673
TRIM51,0.081285,3674
ANKRD65,0.081305,3675
WWP2,0.081309,3676
AURKB,0.081333,3677
KLHL42,0.08138,3678
FBXO31,0.081509,3679
ACAA1,0.081521,3680
METRN,0.081588,3681
MAT1A,0.081625,3682
METTL21A,0.081691,3683
C7orf69,0.081705,3684
PLA2G4E,0.081735,3685
KLF6,0.081793,3686
OR2W3,0.081829,3687
KRTAP4-9,0.081836,3688
C17orf99,0.081838,3689
CDV3,0.08185,3690
TBC1D30,0.081882,3691
ALOX5,0.081897,3692
MYB,0.081926,3693
FJX1,0.081944,3694
LYPLAL1,0.081955,3695
ITIH4,0.081984,3696
TAS2R19,0.081985,3697
MATN3,0.081991,3698
C5orf15,0.082,3699
OR2T8,0.082038,3700
SIRT1,0.082044,3701
SLC40A1,0.082154,3702
CNNM3,0.082206,3703
FCRLB,0.082218,3704
HAS1,0.082331,3705
ATG7,0.082366,3706
FOXO1,0.082394,3707
KIAA0895,0.08241,3708
MAGI3,0.082442,3709
TTPA,0.082461,3710
ZNF837,0.082478,3711
ABCC11,0.082511,3712
OSBPL10,0.082555,3713
MUC16,0.082564,3714
DIABLO,0.082601,3715
CTSW,0.082656,3716
FAM122C,0.082743,3717
FAM47E-STBD1,0.082743,3718
ZNF106,0.082752,3719
ZSCAN18,0.082781,3720
BICC1,0.08279,3721
RTP1,0.082837,3722
WARS,0.082899,3723
STX5,0.082931,3724
SLC7A8,0.08295,3725
MAGEF1,0.082973,3726
CD55,0.082978,3727
CLDN25,0.08301,3728
CHIT1,0.083025,3729
RPL8,0.083072,3730
IFT140,0.083173,3731
OCA2,0.083224,3732
TNKS2,0.08326,3733
UQCC2,0.083284,3734
BBS2,0.08329,3735
KRTCAP3,0.083307,3736
FRMD1,0.083314,3737
FDPS,0.083373,3738
AOAH,0.083432,3739
TAB3,0.083495,3740
RGMA,0.08354,3741
NBL1,0.083542,3742
NCKAP5L,0.083543,3743
ANXA9,0.083555,3744
RYR2,0.083555,3745
ARL14EPL,0.08361,3746
NCK1,0.08361,3747
OGFR,0.083683,3748
NXPH3,0.083714,3749
PTPRH,0.083716,3750
MUL1,0.08373,3751
KIAA1683,0.083743,3752
BAZ2A,0.083747,3753
CD84,0.083823,3754
OR52B2,0.083845,3755
ADAR,0.083852,3756
CTRC,0.083878,3757
IL17B,0.083878,3758
FUT8,0.083906,3759
ZNF112,0.083917,3760
SELENBP1,0.083951,3761
PDE6B,0.083973,3762
HEATR3,0.08404,3763
SHC3,0.084049,3764
OR10G8,0.084058,3765
CENPO,0.084082,3766
CRIPAK,0.084085,3767
NDUFS3,0.084105,3768
MT1HL1,0.084149,3769
UQCR10,0.084152,3770
GPR119,0.084191,3771
HIST1H2AL,0.084256,3772
PRAMEF6,0.08434,3773
MEIS3,0.08438,3774
MET,0.084477,3775
VAPA,0.084527,3776
TEX28,0.084574,3777
C3orf27,0.084621,3778
ACTR6,0.084639,3779
PAM16,0.084735,3780
SLIT1,0.084762,3781
MTERFD1,0.084784,3782
SLC9A9,0.084809,3783
CATSPER2,0.084814,3784
ESRRB,0.084821,3785
SLC5A1,0.08483,3786
C1orf65,0.084856,3787
SPNS1,0.084859,3788
POLI,0.084878,3789
FRS2,0.084916,3790
LBR,0.084926,3791
C12orf73,0.084937,3792
STK32B,0.08495,3793
NPEPPS,0.084978,3794
RLF,0.085008,3795
GTF2B,0.08509,3796
SLC16A14,0.085098,3797
STAMBP,0.085117,3798
STEAP4,0.085137,3799
TNFRSF13B,0.085165,3800
UBL4A,0.085179,3801
RCHY1,0.085184,3802
VWA8,0.085222,3803
UNC5B,0.085231,3804
MROH6,0.085296,3805
C19orf44,0.085372,3806
METTL5,0.085411,3807
RCC1,0.085429,3808
ZNF830,0.085433,3809
MGST2,0.085456,3810
C2CD4B,0.085465,3811
BTBD3,0.085545,3812
PCCB,0.085588,3813
SPIDR,0.085625,3814
UBR1,0.085676,3815
CGB5,0.085676,3816
AKR1D1,0.085695,3817
CTTNBP2,0.085721,3818
PDPR,0.085747,3819
COL13A1,0.08576,3820
TCEAL7,0.085769,3821
PIGY,0.085779,3822
SLC25A30,0.085875,3823
TNFRSF10B,0.085887,3824
LGALSL,0.085914,3825
GBA2,0.085933,3826
ZNF526,0.086003,3827
DBNDD1,0.086028,3828
DNAJC12,0.086075,3829
TERF1,0.086099,3830
SPACA4,0.086116,3831
TMED4,0.086122,3832
LOC730183,0.086129,3833
LRIF1,0.086154,3834
FAM183A,0.086164,3835
PTF1A,0.086173,3836
SPC24,0.086202,3837
DNAJC19,0.086249,3838
OPTN,0.086262,3839
TNFRSF13C,0.086324,3840
KLF7,0.086332,3841
PI4KA,0.086403,3842
ATN1,0.086473,3843
SFMBT1,0.086501,3844
GAK,0.086516,3845
CCL20,0.086517,3846
CA1,0.086543,3847
CUL3,0.086622,3848
SMPX,0.086684,3849
SCN1B,0.086714,3850
BTBD9,0.086724,3851
DEXI,0.086731,3852
IQCG,0.086743,3853
MYH7,0.086757,3854
GRIN2A,0.086824,3855
PPP1R21,0.086871,3856
MAGEA12,0.086903,3857
PSMD9,0.086918,3858
KRT79,0.086939,3859
OR4D1,0.086961,3860
LPAR3,0.086965,3861
FAM81B,0.087015,3862
PIP4K2A,0.08703,3863
OGFOD1,0.087053,3864
TYW3,0.087057,3865
LDHAL6B,0.087058,3866
LYPD6,0.087128,3867
SULT2B1,0.087199,3868
NCKAP1,0.087226,3869
ATF7IP2,0.087246,3870
MBNL1,0.087292,3871
HOXB2,0.0873,3872
OR4C45,0.087301,3873
MS4A6A,0.087319,3874
ZCCHC13,0.087331,3875
GLIPR1L2,0.087335,3876
AUTS2,0.087386,3877
EMILIN2,0.087433,3878
VEGFC,0.08748,3879
CLTB,0.087497,3880
HIST1H2AE,0.087542,3881
GLRX5,0.087693,3882
CLN3,0.087849,3883
CRCT1,0.087854,3884
RTN3,0.087874,3885
MICB,0.087906,3886
ZC3H7B,0.087937,3887
ROPN1L,0.087965,3888
HIC2,0.087979,3889
HOOK3,0.087994,3890
TALDO1,0.087995,3891
RHCG,0.088041,3892
BZRAP1,0.088161,3893
TMC3,0.08818,3894
LRRC69,0.088268,3895
KCND3,0.088275,3896
MRGBP,0.088322,3897
DCHS1,0.088327,3898
NOX3,0.088346,3899
ARHGEF7,0.088356,3900
KMT2C,0.088368,3901
PKLR,0.088373,3902
ASCL1,0.088388,3903
INPPL1,0.088415,3904
DCLRE1C,0.088441,3905
NPPC,0.088441,3906
TRIM68,0.08854,3907
LEKR1,0.0886,3908
VAV1,0.088742,3909
SKIDA1,0.088743,3910
NLGN4X,0.088755,3911
GAL,0.088757,3912
BBOX1,0.088861,3913
C9orf153,0.088865,3914
HMOX1,0.088881,3915
NLRP7,0.088924,3916
SH3RF2,0.089023,3917
FAM229B,0.089116,3918
ZNF385C,0.08921,3919
HNRNPA1,0.089237,3920
ZNF671,0.089256,3921
HIST2H2BE,0.089303,3922
RDX,0.089326,3923
USP21,0.08935,3924
HK2,0.089397,3925
MUC3A,0.089399,3926
ARIH2,0.089443,3927
FHL3,0.089465,3928
KIAA2026,0.08949,3929
CARS,0.089503,3930
WFDC8,0.089607,3931
B4GALNT4,0.089693,3932
RNF111,0.089739,3933
GPBP1L1,0.08977,3934
SLC30A2,0.089808,3935
SEMA4C,0.089853,3936
DNAJC14,0.089864,3937
FRMPD3,0.08991,3938
TMEM56-RWDD3,0.089916,3939
SDR42E1,0.089921,3940
RGPD6,0.089925,3941
FAM151B,0.089946,3942
PSAP,0.089995,3943
VASH1,0.090039,3944
NDC1,0.090054,3945
FGF20,0.090064,3946
UQCRQ,0.090083,3947
FYB,0.090094,3948
CLCN4,0.090095,3949
NTF3,0.090097,3950
POC1B,0.090139,3951
CALY,0.090187,3952
TLR1,0.09025,3953
MPC2,0.090331,3954
ARL2,0.090331,3955
CH25H,0.090379,3956
OR13G1,0.090514,3957
SP140,0.090517,3958
TOP2A,0.090533,3959
NUPR1,0.090533,3960
TMEM8B,0.090565,3961
TRIM37,0.090608,3962
OAZ2,0.090657,3963
KRTAP9-2,0.090677,3964
BRINP2,0.090692,3965
NUP62,0.090704,3966
SEC14L3,0.090745,3967
GPATCH1,0.090751,3968
GAS1,0.090844,3969
HDAC1,0.090915,3970
SPAG17,0.09093,3971
PCDHGB1,0.090936,3972
FAM126B,0.090984,3973
DHX37,0.091024,3974
DHRS11,0.091024,3975
SEC23A,0.091103,3976
REEP5,0.091123,3977
DSC2,0.091133,3978
COL4A3BP,0.091142,3979
VWC2,0.091217,3980
BPIFB3,0.091264,3981
AIPL1,0.09131,3982
IRG1,0.091333,3983
SYK,0.091351,3984
SREK1IP1,0.091379,3985
C6orf201,0.091425,3986
USP16,0.09145,3987
SPOP,0.091471,3988
PANK1,0.091471,3989
CD200,0.091481,3990
HOXC13,0.091533,3991
CXorf40A,0.091544,3992
SYNC,0.09159,3993
SEC61G,0.09159,3994
NNAT,0.091602,3995
ATP5L2,0.091645,3996
OR52W1,0.091663,3997
EDN2,0.091679,3998
P4HTM,0.091709,3999
IL17C,0.09173,4000
EIF3A,0.091777,4001
PFKM,0.091848,4002
SF3B1,0.091917,4003
TMEM69,0.091949,4004
FAF1,0.091963,4005
MINA,0.091984,4006
SDHA,0.091989,4007
C12orf66,0.09201,4008
AKR1C4,0.092056,4009
DGKB,0.092079,4010
PRH2,0.092119,4011
HKDC1,0.092124,4012
PCGF1,0.09215,4013
SDF2L1,0.092196,4014
PCDHA13,0.092209,4015
OR6A2,0.092289,4016
ZMYM2,0.092336,4017
TAF5,0.092349,4018
LPAR5,0.092366,4019
44986,0.092394,4020
PRR4,0.092416,4021
SECISBP2,0.092554,4022
C11orf34,0.092585,4023
EEF1E1,0.092616,4024
CEP95,0.092709,4025
DENR,0.092749,4026
ITFG2,0.092831,4027
F11R,0.092846,4028
FAM83H,0.092849,4029
DGCR2,0.092859,4030
PABPN1,0.092893,4031
GALR2,0.092895,4032
NKAP,0.092947,4033
H1FOO,0.092947,4034
NT5DC1,0.092988,4035
PSD4,0.093035,4036
MYO10,0.09305,4037
FRMD4A,0.093057,4038
NOG,0.093062,4039
POLR2E,0.093073,4040
SV2C,0.093081,4041
NAPEPLD,0.09309,4042
NADSYN1,0.093128,4043
ZHX1-C8ORF76,0.093161,4044
TMEM52,0.093232,4045
MEF2A,0.093261,4046
PRR21,0.093268,4047
ERVW-1,0.093271,4048
SLC35B2,0.093276,4049
APOA2,0.09334,4050
FAM20C,0.093355,4051
KATNBL1,0.093361,4052
PRMT6,0.093386,4053
ARG1,0.093402,4054
GORASP1,0.093407,4055
BTN3A2,0.093407,4056
FAM134A,0.093469,4057
NOA1,0.09351,4058
OR52K1,0.093613,4059
AGR2,0.093618,4060
SMIM8,0.09364,4061
FER1L6,0.093659,4062
GEMIN6,0.093664,4063
EFCAB13,0.093711,4064
DNAJC15,0.093734,4065
GUCA2A,0.093826,4066
MRPS36,0.093865,4067
REEP4,0.093958,4068
GALNT6,0.093966,4069
HARS,0.093989,4070
WDTC1,0.093991,4071
PTHLH,0.094009,4072
ZNF585A,0.094012,4073
METTL22,0.094017,4074
WFDC1,0.094051,4075
RALGAPB,0.094059,4076
C1QTNF8,0.094105,4077
HEY2,0.094152,4078
BTBD17,0.094198,4079
COL22A1,0.094198,4080
DCAF13,0.094245,4081
MYO16,0.094278,4082
XPO1,0.094305,4083
ALOX12,0.094335,4084
TMEM42,0.09437,4085
IL36A,0.094469,4086
RPL28,0.094501,4087
KCNN2,0.094542,4088
ASCL2,0.094571,4089
FGFR1OP,0.094617,4090
TMEM63C,0.09464,4091
IQGAP2,0.094664,4092
TYMS,0.094704,4093
CCR7,0.094715,4094
OR8H3,0.094757,4095
PRSS51,0.09476,4096
ZCCHC5,0.094803,4097
MAGED2,0.094837,4098
PUM2,0.09485,4099
FGFRL1,0.094877,4100
CELA2A,0.094888,4101
C5orf20,0.094896,4102
PVRL3,0.094943,4103
EXD1,0.094955,4104
BOLA3,0.094966,4105
PTPRK,0.094981,4106
RAB41,0.095074,4107
TOE1,0.095081,4108
KRTAP10-10,0.095105,4109
CARD11,0.095222,4110
BTN2A1,0.095242,4111
TAF8,0.095268,4112
ZCCHC18,0.095283,4113
CDK20,0.095354,4114
C11orf82,0.095361,4115
CEP19,0.095375,4116
LHX3,0.095392,4117
OR9G4,0.095447,4118
NACC2,0.095454,4119
GLUL,0.095469,4120
ESM1,0.0955,4121
RFX6,0.09551,4122
N4BP1,0.095619,4123
MARCKSL1,0.09564,4124
PRRG1,0.095681,4125
MRI1,0.095733,4126
PRKAB1,0.095774,4127
SEC63,0.095792,4128
SLC9B2,0.095802,4129
PDZK1,0.095872,4130
IL1RAP,0.095991,4131
WDR55,0.096102,4132
OR5K2,0.096244,4133
EXOSC9,0.096282,4134
KRTAP17-1,0.096313,4135
LRRN4CL,0.096336,4136
SOX10,0.096383,4137
GPR32,0.096429,4138
SOD1,0.096476,4139
USP43,0.096522,4140
FAM120AOS,0.096631,4141
PCK2,0.096661,4142
TPPP2,0.096743,4143
FAM133B,0.096754,4144
PHF20,0.096757,4145
GBP7,0.096867,4146
NCS1,0.096922,4147
SSMEM1,0.09694,4148
HIST3H2BB,0.096983,4149
FBXO17,0.097137,4150
DNLZ,0.097148,4151
RIPPLY2,0.097174,4152
CCDC130,0.097208,4153
SNX16,0.097218,4154
B3GNTL1,0.097224,4155
45178,0.097274,4156
OR7C2,0.097302,4157
IER3,0.097311,4158
HOXD1,0.097336,4159
PLA2G5,0.097358,4160
BMS1,0.097404,4161
DNASE1L3,0.097415,4162
KRT17,0.097446,4163
ZIC2,0.09745,4164
ITGB6,0.097482,4165
TRAPPC11,0.097509,4166
GDPD4,0.097534,4167
CST8,0.09754,4168
ILK,0.097565,4169
MMP1,0.097589,4170
CCNH,0.097606,4171
GLB1L2,0.097619,4172
OR1A2,0.097658,4173
OBSL1,0.097713,4174
GHRH,0.097728,4175
CHRNA7,0.097775,4176
SLC22A23,0.097802,4177
DMRTA2,0.097821,4178
DST,0.097842,4179
CCDC159,0.097843,4180
GPRIN3,0.097868,4181
ZNF843,0.097879,4182
CDK10,0.097879,4183
ARHGEF9,0.098007,4184
POU6F2,0.098053,4185
ASB9,0.098058,4186
SHCBP1L,0.0981,4187
WDR4,0.098168,4188
COMMD10,0.098169,4189
TACC3,0.098235,4190
OR8G2P,0.098247,4191
NDST3,0.098251,4192
SDK1,0.098331,4193
HSP90B1,0.098341,4194
KIAA0196,0.098344,4195
TEX37,0.098369,4196
PCDHB16,0.098388,4197
PSG2,0.098389,4198
C1orf116,0.098404,4199
OR1K1,0.098424,4200
JSRP1,0.09847,4201
DPEP3,0.098494,4202
ST6GAL1,0.098544,4203
HCN1,0.098632,4204
PYCR1,0.098632,4205
NDFIP2,0.098656,4206
ECHDC2,0.098659,4207
PRIMA1,0.098702,4208
SKA3,0.098709,4209
LCE1C,0.098732,4210
STARD3NL,0.098734,4211
PDE6C,0.09875,4212
ATP6AP1,0.098781,4213
HIST1H2AH,0.098841,4214
IGSF10,0.098887,4215
SNRPE,0.098907,4216
MATN1,0.099021,4217
IGF1R,0.099052,4218
PCP2,0.099065,4219
IL24,0.099073,4220
KLK14,0.099144,4221
LBX2,0.099165,4222
GP1BA,0.099286,4223
FRG2B,0.099342,4224
SH3GL3,0.099397,4225
MRAP2,0.099428,4226
FAM131C,0.099474,4227
TOPBP1,0.099536,4228
EIF4H,0.099573,4229
FAIM,0.099602,4230
USP28,0.099604,4231
C14orf180,0.099614,4232
ELSPBP1,0.099628,4233
FKBP4,0.099675,4234
CCDC117,0.099729,4235
FAM111B,0.09975,4236
KRTAP25-1,0.099814,4237
MSLN,0.09986,4238
PXMP4,0.09987,4239
REST,0.099883,4240
THAP9,0.099885,4241
MEF2B,0.099984,4242
ZNF480,0.10001,4243
RDH5,0.10006,4244
NUP210,0.10011,4245
WISP3,0.10014,4246
WDFY3,0.10019,4247
GAB2,0.10023,4248
SIDT2,0.10025,4249
MYRFL,0.10028,4250
BEX1,0.10028,4251
SSSCA1,0.10032,4252
SULT2A1,0.10033,4253
ST7,0.10051,4254
TMEM87B,0.1006,4255
VIL1,0.10066,4256
XRRA1,0.10067,4257
FAM153B,0.10077,4258
HOXD10,0.10077,4259
TSGA10IP,0.10079,4260
HNF1B,0.10079,4261
WDHD1,0.10082,4262
KLHL11,0.10087,4263
FSHR,0.10089,4264
LXN,0.10093,4265
EBF4,0.10094,4266
NEDD1,0.10098,4267
RNF220,0.10107,4268
DCBLD1,0.10111,4269
MBL2,0.10112,4270
TMEM81,0.10114,4271
INSIG1,0.10115,4272
IGHMBP2,0.10117,4273
LIPA,0.10125,4274
EDDM3A,0.10129,4275
CT45A3,0.10137,4276
ORMDL3,0.10138,4277
SNX1,0.10139,4278
KEAP1,0.10143,4279
OR10A4,0.10147,4280
HSPH1,0.10148,4281
CYP7B1,0.10153,4282
ENTPD4,0.10154,4283
SULT1E1,0.10157,4284
GPATCH4,0.10161,4285
C2orf70,0.10166,4286
ADAM2,0.10166,4287
RGSL1,0.10171,4288
NEFH,0.10174,4289
MLPH,0.10176,4290
THOC5,0.10185,4291
C3orf20,0.10186,4292
ABL2,0.10186,4293
GPX3,0.10189,4294
PCDHGB7,0.10198,4295
TNFSF13,0.10201,4296
SPINK13,0.10207,4297
NXF5,0.10227,4298
EML5,0.10233,4299
KLHL30,0.10236,4300
GGCT,0.1024,4301
CENPK,0.10248,4302
EFHD1,0.1025,4303
ZBTB39,0.10258,4304
LOC100287534,0.10278,4305
HACL1,0.10282,4306
CSF2RB,0.10286,4307
MYRIP,0.10286,4308
SP1,0.10288,4309
HMGCS1,0.10295,4310
DNAJB11,0.10296,4311
PRKCA,0.10301,4312
ZNF74,0.10305,4313
TMEM59L,0.10312,4314
MUC13,0.10314,4315
DDX43,0.10314,4316
PIGC,0.10316,4317
CCDC174,0.10318,4318
CKMT1A,0.10318,4319
CFI,0.10319,4320
TBP,0.10328,4321
C12orf49,0.10333,4322
LOC339862,0.10334,4323
EMILIN3,0.10338,4324
ANKRD39,0.10338,4325
ERP44,0.10342,4326
SNAI3,0.10346,4327
CCDC7,0.10353,4328
LRRC4,0.10357,4329
ATG9B,0.1036,4330
FOXF1,0.10361,4331
C14orf164,0.10365,4332
ELL3,0.10371,4333
HMGB1,0.10373,4334
LIPT2,0.10373,4335
ITGAE,0.10379,4336
USP37,0.10387,4337
ACVR2A,0.10388,4338
EEPD1,0.10393,4339
COG3,0.10393,4340
SPG11,0.10395,4341
HAND1,0.10397,4342
RNF157,0.10398,4343
PSMD6,0.10399,4344
FBN3,0.10402,4345
PXMP2,0.10403,4346
ZAR1L,0.10403,4347
NGRN,0.10411,4348
CIITA,0.10416,4349
B3GNT6,0.10423,4350
FXN,0.10424,4351
TMSB15A,0.10429,4352
ZEB1,0.10432,4353
HOXB4,0.10439,4354
DPEP2,0.1044,4355
DESI2,0.1044,4356
NOVA1,0.10443,4357
GLO1,0.10444,4358
KLF14,0.10444,4359
MORC4,0.10452,4360
ARSD,0.10452,4361
DNAH1,0.10454,4362
LAS1L,0.10455,4363
SP2,0.10456,4364
HOXD4,0.10457,4365
NPC1L1,0.10461,4366
FZD10,0.10462,4367
TREM1,0.10466,4368
PRKAR2A,0.10466,4369
SERPINE2,0.10468,4370
PAIP2,0.10476,4371
TRIM42,0.10477,4372
PLCZ1,0.1048,4373
BSN,0.1048,4374
TMEM8C,0.10482,4375
ZNF582,0.10485,4376
CC2D2A,0.10489,4377
TXNDC16,0.10496,4378
PCDH11X,0.105,4379
CSF3,0.10503,4380
FCRL6,0.10504,4381
ATP5G3,0.10508,4382
GIN1,0.1051,4383
RPRD2,0.1051,4384
MAGEB18,0.10526,4385
FAM98C,0.10528,4386
VWA3A,0.1053,4387
CST9,0.10531,4388
DR1,0.10535,4389
TSPEAR,0.1054,4390
CAMP,0.10543,4391
SAMD5,0.10545,4392
PDIA5,0.10546,4393
EIF4E1B,0.10549,4394
CLVS2,0.10564,4395
IL19,0.1057,4396
NOP10,0.10575,4397
F13B,0.10577,4398
PCDHGA1,0.10582,4399
ARL6IP4,0.10588,4400
ARHGEF33,0.10592,4401
CDC42BPA,0.10595,4402
NMRK2,0.10598,4403
SEMA7A,0.10599,4404
FOXC2,0.10601,4405
APP,0.10609,4406
MAU2,0.10615,4407
NUDT19,0.1062,4408
SH3D21,0.1062,4409
HEPHL1,0.10623,4410
SMOC2,0.10626,4411
SHE,0.10628,4412
MMP2,0.10629,4413
FAM92B,0.10631,4414
CYB561D1,0.10634,4415
IRF4,0.10635,4416
EGLN1,0.10637,4417
CALM2,0.10639,4418
ZNF211,0.10639,4419
PEX26,0.10641,4420
C2orf66,0.10646,4421
TMCC3,0.10651,4422
PTPN20A,0.10652,4423
NYAP1,0.10653,4424
TSSK3,0.10655,4425
HSD17B4,0.10656,4426
C5orf47,0.1066,4427
DIRAS1,0.10665,4428
ITPA,0.10668,4429
PSME3,0.10671,4430
PDE6G,0.10673,4431
C2orf47,0.10678,4432
C1QC,0.10681,4433
PDE4A,0.10683,4434
OPRK1,0.10683,4435
KCNS3,0.10687,4436
DNAJA3,0.10687,4437
LLGL1,0.10689,4438
RNMT,0.10691,4439
FMR1NB,0.10699,4440
CSPP1,0.10701,4441
SHROOM4,0.10706,4442
HIGD1B,0.1071,4443
GOT2,0.1072,4444
ETV2,0.10725,4445
HTR3E,0.10729,4446
PHF21B,0.10734,4447
ALDH2,0.10736,4448
PDE8B,0.10737,4449
TRIM34,0.10737,4450
LCA5L,0.10738,4451
TRMT44,0.10739,4452
TFRC,0.10743,4453
ZNF816,0.1075,4454
MT1A,0.10752,4455
ZNF287,0.10752,4456
TUBA3C,0.10755,4457
AP4S1,0.10761,4458
CCDC148,0.10761,4459
PACRG,0.10764,4460
PSMB7,0.1077,4461
MUC2,0.10773,4462
SH3BGRL2,0.10775,4463
SERPINA9,0.10776,4464
NDUFAF7,0.10779,4465
OR2T11,0.1078,4466
POMT1,0.10783,4467
ADPGK,0.10785,4468
INA,0.10786,4469
C8orf74,0.10789,4470
MFN1,0.10789,4471
CDKAL1,0.10793,4472
INSRR,0.10796,4473
HMGCS2,0.10796,4474
MAP2K5,0.10802,4475
NEXN,0.10803,4476
DHX30,0.1081,4477
RUNDC3A,0.10827,4478
PGPEP1L,0.10828,4479
PHAX,0.10831,4480
SUPV3L1,0.10832,4481
KIF18A,0.10832,4482
GRIA1,0.10839,4483
TCF24,0.1084,4484
ME3,0.10844,4485
MPV17L,0.10844,4486
SPATA16,0.10853,4487
AATK,0.10857,4488
LCTL,0.10861,4489
CLCNKB,0.10862,4490
RPS28,0.10865,4491
IFNGR1,0.10867,4492
USP30,0.10871,4493
C1orf51,0.10876,4494
PRKCH,0.1088,4495
INO80B,0.10882,4496
MS4A6E,0.10889,4497
RRAD,0.1089,4498
KCNJ15,0.10892,4499
HEATR5A,0.10896,4500
TNK1,0.10908,4501
GLS,0.10917,4502
ZFP82,0.1092,4503
B3GALNT2,0.10922,4504
SLC2A3,0.10925,4505
SYCP2,0.10932,4506
SUN1,0.10937,4507
C6orf52,0.10945,4508
ENKD1,0.10946,4509
PIK3AP1,0.1095,4510
TMEM218,0.10952,4511
TUBA3E,0.10952,4512
TTC21B,0.10954,4513
TRAPPC1,0.10956,4514
ZDHHC12,0.10958,4515
FAM73B,0.10961,4516
IRF5,0.10967,4517
HBQ1,0.10972,4518
TBX2,0.10977,4519
KRT24,0.1098,4520
C22orf24,0.10981,4521
SLIT3,0.10984,4522
OR52N5,0.10984,4523
PMPCB,0.11001,4524
MAPK1IP1L,0.11009,4525
CELA3A,0.11014,4526
PCDHA7,0.11018,4527
ZCCHC6,0.11023,4528
TAS2R16,0.11033,4529
BUB3,0.11036,4530
EIF2AK1,0.11041,4531
NCBP1,0.11041,4532
ZNF888,0.11044,4533
SLC25A28,0.11046,4534
LOC100289561,0.11051,4535
MYD88,0.11055,4536
CLYBL,0.11059,4537
SIMC1,0.11061,4538
GINS1,0.11062,4539
DPEP1,0.11069,4540
WDR34,0.11078,4541
LRRC31,0.11087,4542
PTPRC,0.11087,4543
PMP2,0.11087,4544
SSPO,0.11089,4545
ORC6,0.11097,4546
THRA,0.11102,4547
TCEAL2,0.11118,4548
SPRY3,0.11119,4549
ROCK2,0.11127,4550
TMEM215,0.11128,4551
AKIRIN1,0.1113,4552
FOXJ3,0.11133,4553
RIPK4,0.11133,4554
NRSN1,0.11137,4555
GSK3A,0.11142,4556
PAQR7,0.11142,4557
POLR3K,0.11146,4558
MAFF,0.11146,4559
RAD50,0.11153,4560
DTX4,0.11154,4561
CHIC1,0.11154,4562
ZNF256,0.11156,4563
ZNF692,0.1116,4564
ARHGAP36,0.11163,4565
LCK,0.11163,4566
UBE2D2,0.11165,4567
SPTY2D1,0.11165,4568
LAMA5,0.11166,4569
DENND1A,0.11169,4570
P2RX3,0.11171,4571
CDC42EP5,0.11174,4572
UROC1,0.11176,4573
ANXA2,0.11176,4574
NKD1,0.11177,4575
DND1,0.11184,4576
ZNF713,0.11187,4577
IL17RC,0.11191,4578
NFATC2IP,0.11196,4579
HEATR2,0.11197,4580
TMEM100,0.11198,4581
ALPK2,0.11201,4582
PLA2G2A,0.11202,4583
CHADL,0.11204,4584
SCN3B,0.11204,4585
KLK5,0.11205,4586
PKD1L3,0.11205,4587
ZBTB9,0.11206,4588
LOC728392,0.11207,4589
C16orf92,0.11211,4590
HHIPL2,0.11215,4591
GAREML,0.11217,4592
CEP78,0.11223,4593
TNFRSF10C,0.11227,4594
MARVELD2,0.11229,4595
HECTD3,0.11229,4596
SRSF2,0.11233,4597
TSEN34,0.11233,4598
CCNYL1,0.11235,4599
HAVCR1,0.11235,4600
WNT7B,0.11236,4601
CNOT1,0.11238,4602
RPL17,0.11241,4603
NSL1,0.11243,4604
ISY1,0.11243,4605
MRPS35,0.11252,4606
CBR4,0.11259,4607
EMC7,0.11261,4608
NRAS,0.11263,4609
ATG13,0.11263,4610
IRS4,0.11265,4611
CCNJ,0.11268,4612
ARFGEF1,0.11273,4613
ZMPSTE24,0.11275,4614
AXDND1,0.11276,4615
GUCA1B,0.11279,4616
SGSH,0.11282,4617
ASS1,0.11287,4618
KCNJ4,0.11292,4619
HUNK,0.11297,4620
NKTR,0.11298,4621
HDAC3,0.11304,4622
SEZ6L,0.11311,4623
RAD23A,0.11317,4624
REPS2,0.1132,4625
C11orf16,0.11326,4626
AKT2,0.11329,4627
CD200R1L,0.1133,4628
SNRPC,0.11334,4629
RHBDF1,0.11335,4630
CYBB,0.11337,4631
DSTYK,0.11339,4632
CISD3,0.11341,4633
CNPY3,0.11345,4634
SPANXN4,0.11348,4635
TMUB1,0.11357,4636
OR4P4,0.11372,4637
LUZP6,0.11375,4638
OR4K2,0.11376,4639
PHACTR4,0.11381,4640
TMEM47,0.11383,4641
WDR77,0.11384,4642
SMR3A,0.11384,4643
CRADD,0.11389,4644
RND1,0.11392,4645
GZMK,0.11394,4646
COQ9,0.11398,4647
SMG5,0.114,4648
LENG1,0.11403,4649
COPB2,0.11403,4650
ITM2C,0.11407,4651
DNMT3L,0.11414,4652
SEPN1,0.11417,4653
CLEC1A,0.11421,4654
OR4N4,0.11424,4655
AKAP2,0.11426,4656
EPN3,0.11428,4657
CCDC36,0.11437,4658
C6orf58,0.11437,4659
CIR1,0.11439,4660
EDA2R,0.1144,4661
RUFY3,0.11444,4662
ARX,0.11453,4663
PHLDA1,0.11453,4664
NKRF,0.11453,4665
TCTE3,0.11459,4666
EFCAB8,0.11478,4667
BAG3,0.11478,4668
CMTM1,0.11478,4669
IBTK,0.11482,4670
TECTB,0.11485,4671
SLC22A6,0.11486,4672
AQP1,0.11492,4673
TGDS,0.11492,4674
TAS2R1,0.11501,4675
OR10AG1,0.11503,4676
ANO3,0.11505,4677
TAF3,0.11508,4678
ELOVL2,0.11508,4679
LRRN4,0.1151,4680
DPRX,0.11512,4681
FUNDC1,0.11513,4682
SPACA5B,0.11517,4683
PCNA,0.11517,4684
TEX9,0.11521,4685
AKAP13,0.11523,4686
OTOA,0.11526,4687
TUBB3,0.11526,4688
PRG4,0.11528,4689
TMEM38A,0.11531,4690
GPR180,0.11535,4691
COL1A2,0.1154,4692
SPATA7,0.11557,4693
PPAPDC2,0.11558,4694
PWP2,0.11563,4695
RFC5,0.11564,4696
AGL,0.11576,4697
DDX41,0.11581,4698
CA9,0.11585,4699
RAB38,0.11594,4700
BGLAP,0.11597,4701
NUP155,0.11599,4702
SLC5A2,0.11604,4703
NTN5,0.11607,4704
CHAF1A,0.11612,4705
MTA1,0.11617,4706
TTC16,0.11617,4707
TMEM37,0.11621,4708
NPM2,0.11622,4709
ZMYND12,0.11624,4710
TRIL,0.11626,4711
NRP2,0.11626,4712
IL12RB2,0.1163,4713
RQCD1,0.1163,4714
RGS22,0.11631,4715
POLR1C,0.11632,4716
TRIB3,0.11645,4717
TPRA1,0.11648,4718
NPY1R,0.1166,4719
SNTG1,0.11662,4720
MEGF11,0.11667,4721
NXF2,0.1167,4722
SPAG7,0.11674,4723
SUPT20H,0.11677,4724
PLIN5,0.11682,4725
INSR,0.11686,4726
PCDH17,0.11693,4727
BCL2,0.11695,4728
CCER1,0.11699,4729
ANKRD55,0.11701,4730
GPATCH2L,0.11707,4731
H1FX,0.11712,4732
CHSY3,0.11713,4733
TMEM179,0.11723,4734
SUDS3,0.11724,4735
MGAT4A,0.1173,4736
CELSR1,0.11733,4737
HKR1,0.1174,4738
GGT2,0.1174,4739
MYO15A,0.1175,4740
PABPC3,0.11754,4741
KRTAP10-8,0.11759,4742
MS4A5,0.11759,4743
ADORA2B,0.11768,4744
NAPRT1,0.11776,4745
TSKS,0.11781,4746
SLC9A4,0.11786,4747
RASAL2,0.11791,4748
MAP3K5,0.11795,4749
PYCRL,0.11796,4750
TG,0.11798,4751
ERGIC1,0.118,4752
TCF7,0.118,4753
DEFB4A,0.11811,4754
CFP,0.11813,4755
ZW10,0.11813,4756
RPS4Y2,0.11817,4757
C10orf118,0.11817,4758
FANCB,0.11819,4759
GUCA1A,0.11821,4760
SMYD1,0.11821,4761
THSD7A,0.11822,4762
CYP2B6,0.11827,4763
UBQLN4,0.11829,4764
GLRA3,0.11833,4765
ATP5D,0.11844,4766
PRUNE2,0.11845,4767
AHSG,0.11848,4768
KIAA1467,0.11854,4769
CEP89,0.11872,4770
TLE6,0.11875,4771
RTCA,0.11877,4772
GSG1L,0.11886,4773
CTSV,0.11891,4774
C6,0.11891,4775
MAGEA10,0.11895,4776
TMEM102,0.11898,4777
IL1RAPL1,0.11898,4778
PIGR,0.119,4779
IFRD1,0.119,4780
GABRB1,0.11902,4781
ARID3A,0.11903,4782
ESPN,0.11914,4783
NHLRC1,0.11917,4784
RNPC3,0.11918,4785
ROBO2,0.11925,4786
TGFBR3,0.11925,4787
PHC2,0.11936,4788
LRRC71,0.11938,4789
PLA2G7,0.1194,4790
GTF2IRD1,0.11941,4791
GPR137,0.11944,4792
FDFT1,0.1195,4793
DNHD1,0.1195,4794
LENEP,0.11954,4795
TAOK3,0.11955,4796
HIST2H2AA3,0.11955,4797
C9orf116,0.11961,4798
MTAP,0.11963,4799
NPHP1,0.11968,4800
KIAA1430,0.1197,4801
FIZ1,0.11973,4802
FOXJ1,0.11974,4803
CENPV,0.11977,4804
CHI3L1,0.11986,4805
HOXB5,0.11992,4806
KRTAP9-3,0.11995,4807
HIST1H2BO,0.12,4808
NELFA,0.12003,4809
KLK7,0.12004,4810
ARID5B,0.1201,4811
BAAT,0.12011,4812
GNA14,0.12013,4813
MRGPRX4,0.12013,4814
UBE2E1,0.12015,4815
TRMT1L,0.12015,4816
MBTD1,0.12018,4817
S100A14,0.12018,4818
SYNE2,0.1202,4819
CMC4,0.12023,4820
RWDD3,0.12023,4821
TUFM,0.12027,4822
C14orf2,0.1203,4823
GJB3,0.12034,4824
MAP3K19,0.12039,4825
STRC,0.12041,4826
MYL1,0.12045,4827
SORCS1,0.1205,4828
HTN3,0.12051,4829
RCOR2,0.12053,4830
CRYGD,0.12057,4831
PPP1R13L,0.12061,4832
GTF2IRD2,0.12061,4833
RNLS,0.12063,4834
ZNF645,0.12064,4835
TMEM181,0.12067,4836
ZFP1,0.12077,4837
S100A13,0.12081,4838
CAPZB,0.12082,4839
SSRP1,0.12082,4840
WFDC3,0.12086,4841
PROKR2,0.12087,4842
BBS9,0.12089,4843
PSMD14,0.12092,4844
CABP7,0.12099,4845
RASSF9,0.121,4846
CLPB,0.12102,4847
CDC26,0.12103,4848
C1orf137,0.12104,4849
BMP15,0.12107,4850
UNC13D,0.1211,4851
HIBCH,0.12113,4852
TBC1D10C,0.12118,4853
CHRDL1,0.12119,4854
HIST1H4K,0.12122,4855
ZC3HAV1L,0.12122,4856
NARFL,0.12126,4857
NDUFAF5,0.12127,4858
FAM217A,0.1213,4859
HIST1H3C,0.1213,4860
UBXN1,0.12134,4861
TM4SF5,0.12135,4862
RAG1,0.12138,4863
SLA2,0.12142,4864
C10orf107,0.12144,4865
ALDH3A2,0.12145,4866
C1orf226,0.1215,4867
PSEN1,0.12151,4868
TLK1,0.12154,4869
SLC22A13,0.12157,4870
FADS1,0.12157,4871
SPEG,0.12157,4872
MAPKAPK5,0.1216,4873
C3orf36,0.12163,4874
OR6P1,0.12166,4875
INCA1,0.12168,4876
NUP50,0.1217,4877
ACBD7,0.12172,4878
GBP5,0.12175,4879
C12orf42,0.12176,4880
ALDH3B2,0.12177,4881
DMRTB1,0.12181,4882
SRP9,0.12185,4883
C19orf73,0.12187,4884
TGM4,0.12188,4885
TRIM21,0.12188,4886
RGS9BP,0.12192,4887
RNF19B,0.12193,4888
FAM46D,0.12195,4889
SPDEF,0.12197,4890
ETHE1,0.12203,4891
ZNF609,0.12206,4892
TP53INP1,0.12212,4893
FUT11,0.12213,4894
SH3BP1,0.12218,4895
FAM210B,0.12221,4896
PANK2,0.12222,4897
UBTD1,0.1223,4898
IGFBP4,0.12234,4899
ACBD4,0.12234,4900
GRPEL1,0.12235,4901
PHF13,0.12236,4902
TDG,0.12239,4903
POSTN,0.12244,4904
LOC100130451,0.12245,4905
KLF4,0.12246,4906
GFOD1,0.12248,4907
GEMIN2,0.12254,4908
GLA,0.12261,4909
PDSS1,0.12261,4910
LOC100129361,0.12263,4911
TTC29,0.12264,4912
CRYBA2,0.12266,4913
LSM5,0.12274,4914
RAB23,0.12278,4915
KANK2,0.12283,4916
CPA6,0.1229,4917
CRISPLD2,0.12296,4918
ZRSR2,0.12299,4919
HDGFRP3,0.12308,4920
KRTAP20-1,0.12312,4921
PCDHB7,0.12318,4922
GATA1,0.12322,4923
ZMAT1,0.12324,4924
PDE10A,0.12327,4925
CIT,0.12327,4926
FN3K,0.12336,4927
LYG2,0.12339,4928
CATSPER4,0.12344,4929
OR2D2,0.12346,4930
EP400,0.12347,4931
PYGO1,0.12354,4932
SLC2A1,0.12356,4933
SCG3,0.12357,4934
ALDH1A1,0.12361,4935
MAGEB3,0.12363,4936
SLC25A27,0.12363,4937
OR6S1,0.12375,4938
DUSP9,0.12376,4939
RNASEH2C,0.12376,4940
FSIP1,0.12378,4941
TMF1,0.12383,4942
SIK1,0.12385,4943
HIVEP2,0.12388,4944
STIM2,0.1239,4945
CHD3,0.12399,4946
RAB40AL,0.12404,4947
THBD,0.1241,4948
PTGES3,0.1241,4949
TTLL4,0.1241,4950
TP53BP1,0.12414,4951
RPL10L,0.12417,4952
ZC3H3,0.12417,4953
C10orf88,0.12417,4954
WDR27,0.12421,4955
CAPNS2,0.12426,4956
HELZ,0.12427,4957
APOOL,0.12427,4958
PPP1R3C,0.12434,4959
HSD11B1L,0.12435,4960
NPHS2,0.12442,4961
TIFA,0.12444,4962
LAD1,0.12445,4963
AGAP11,0.12445,4964
RPS27A,0.12446,4965
ATP8B4,0.12453,4966
ALG13,0.12453,4967
RHOD,0.12457,4968
C2orf78,0.12462,4969
TFPI,0.12462,4970
WBP1,0.12466,4971
GAPDHS,0.12476,4972
OR7C1,0.12481,4973
PPP3R2,0.12487,4974
ARHGAP29,0.1249,4975
BUD31,0.12492,4976
CLEC18A,0.12496,4977
TANGO6,0.12496,4978
CREB5,0.12501,4979
LAMC2,0.12503,4980
DERA,0.12505,4981
DAND5,0.12513,4982
FECH,0.12517,4983
FAM83E,0.12521,4984
WBP5,0.12521,4985
GFI1B,0.12523,4986
OR2A12,0.12523,4987
UPK3B,0.12525,4988
ASB12,0.1253,4989
TMEM232,0.1253,4990
POF1B,0.12535,4991
NPDC1,0.12535,4992
CAGE1,0.12541,4993
NOP14,0.12543,4994
DVL1,0.12543,4995
ITGA2,0.12551,4996
INHA,0.12558,4997
PCNP,0.12559,4998
IBA57,0.12562,4999
NDUFAB1,0.12565,5000
SZRD1,0.12565,5001
RPAIN,0.12569,5002
BMP3,0.12571,5003
OXNAD1,0.12575,5004
TBC1D17,0.12575,5005
MEF2BNB-MEF2B,0.12578,5006
DOK1,0.1258,5007
CNTN6,0.12583,5008
APOPT1,0.12588,5009
PCDHGA11,0.12588,5010
TUBB4B,0.12589,5011
MTSS1,0.12594,5012
ARMC10,0.12605,5013
HSPB7,0.12612,5014
SERP1,0.12623,5015
NETO2,0.12625,5016
EFNA5,0.12627,5017
SLC6A1,0.12637,5018
KIR3DL1,0.12641,5019
CDS1,0.12642,5020
NAA30,0.12646,5021
AGRN,0.12648,5022
FCRL4,0.12653,5023
THEM5,0.12663,5024
ZNF891,0.12665,5025
MGST3,0.12668,5026
SLC6A18,0.1267,5027
HECA,0.12671,5028
DCAF12,0.12675,5029
MDP1,0.12677,5030
RSAD2,0.12681,5031
IGSF11,0.12684,5032
LRRC28,0.12693,5033
SUMF1,0.12694,5034
DUSP16,0.127,5035
IGSF1,0.12706,5036
ADNP2,0.12711,5037
HN1,0.12711,5038
ZSCAN10,0.12712,5039
SHROOM1,0.1272,5040
BAP1,0.12722,5041
BATF2,0.12725,5042
AIM2,0.12728,5043
NOX1,0.12728,5044
SCAND3,0.12729,5045
DZIP1L,0.12732,5046
FAM177B,0.12742,5047
CCDC170,0.12743,5048
PLAUR,0.1275,5049
CCDC179,0.12755,5050
PLK2,0.12756,5051
TMPRSS3,0.12758,5052
IDI1,0.12763,5053
RPP14,0.12764,5054
RPL35,0.12765,5055
FAM187B,0.1277,5056
RBM47,0.1277,5057
RGS19,0.12774,5058
CXorf65,0.12774,5059
EXOC4,0.12779,5060
TOM1L2,0.12789,5061
OVCH1,0.12789,5062
MOAP1,0.12799,5063
GPR78,0.12805,5064
SLC22A11,0.12806,5065
AFG3L2,0.12806,5066
HHLA3,0.12807,5067
LPIN2,0.12815,5068
R3HCC1L,0.12815,5069
BOD1,0.12818,5070
PPIP5K2,0.12818,5071
OR1Q1,0.1282,5072
MTMR3,0.12824,5073
OR5AP2,0.12829,5074
CDC20,0.12835,5075
FGD5,0.12841,5076
KRTAP13-4,0.12861,5077
KMT2A,0.12863,5078
HNF4A,0.12869,5079
DNASE2,0.12871,5080
C2orf61,0.12879,5081
KLF13,0.12881,5082
IDH1,0.12886,5083
IL8,0.12888,5084
RBPJL,0.12892,5085
SEPSECS,0.12893,5086
ZCRB1,0.12895,5087
WNT9B,0.129,5088
TXNDC2,0.12905,5089
ZNF641,0.1291,5090
C17orf53,0.12911,5091
C15orf53,0.12915,5092
BDP1,0.12915,5093
NPHP3,0.12916,5094
DYNC1I1,0.12917,5095
OR5L2,0.12917,5096
MEGF10,0.12919,5097
C7orf31,0.12923,5098
MYCL,0.12928,5099
FBLN1,0.12929,5100
CD70,0.12931,5101
MYOM1,0.12937,5102
NOL11,0.12938,5103
SMG1,0.12941,5104
PFKP,0.12942,5105
RPL26L1,0.12944,5106
CALML5,0.12946,5107
CXCL11,0.12946,5108
KCNJ14,0.1295,5109
OR8J3,0.1295,5110
MECP2,0.12955,5111
POC1A,0.12959,5112
DNMT3B,0.12962,5113
GNG8,0.12966,5114
GAGE10,0.12969,5115
LAIR2,0.1297,5116
KIF1A,0.12976,5117
RPS5,0.12977,5118
DRAXIN,0.12981,5119
CSGALNACT2,0.12983,5120
MPP4,0.12983,5121
FLNA,0.12986,5122
TTLL10,0.12993,5123
FXYD3,0.13,5124
LSM14B,0.13004,5125
CCDC110,0.13007,5126
NR6A1,0.1301,5127
MPP5,0.13012,5128
PWWP2B,0.13018,5129
CLIP4,0.13022,5130
KIFC3,0.13024,5131
RAB3D,0.13026,5132
MAGEC3,0.1304,5133
DCST1,0.13045,5134
PSMG2,0.13048,5135
TMEM130,0.1305,5136
ATXN2,0.13054,5137
TSLP,0.13054,5138
MYO5C,0.13056,5139
C1QBP,0.13058,5140
AKR1B10,0.13058,5141
SLC38A3,0.13073,5142
ARHGAP12,0.13081,5143
KRTAP10-7,0.13085,5144
ZKSCAN1,0.1309,5145
TRAF2,0.13091,5146
RAD51C,0.13094,5147
CENPN,0.13099,5148
SLC17A2,0.13103,5149
IL1R1,0.13105,5150
LELP1,0.13106,5151
ELN,0.13108,5152
ALLC,0.13113,5153
IGF2,0.13113,5154
PCSK5,0.13114,5155
KCTD7,0.1312,5156
ZBTB24,0.13121,5157
EEF2,0.13122,5158
BEX4,0.13124,5159
MLLT1,0.13125,5160
METTL14,0.13126,5161
OR5R1,0.13128,5162
ISG20L2,0.1313,5163
PSMB8,0.13134,5164
PANX1,0.13144,5165
PRKG2,0.13146,5166
HOXB6,0.13147,5167
GCNT6,0.13148,5168
QPCT,0.1315,5169
RAI2,0.13153,5170
CAPN8,0.13156,5171
GALK1,0.13157,5172
ADORA2A,0.13158,5173
NDST2,0.13161,5174
RMDN1,0.13168,5175
GLIPR2,0.13173,5176
PRND,0.13179,5177
TLX3,0.1318,5178
SGSM3,0.13184,5179
TCF20,0.1319,5180
TAS2R42,0.13193,5181
CNR2,0.13198,5182
LTBR,0.13198,5183
ISX,0.13207,5184
XCR1,0.13209,5185
CXorf30,0.13211,5186
SLC30A8,0.13213,5187
EGFLAM,0.13215,5188
TM2D3,0.13216,5189
BIRC2,0.13219,5190
DCST2,0.13223,5191
TRIP13,0.13226,5192
KLHDC2,0.13234,5193
PRSS16,0.13238,5194
REL,0.13239,5195
FAM163B,0.13248,5196
CCL4L1,0.13256,5197
PSEN2,0.13256,5198
ANKMY2,0.13258,5199
SKOR1,0.13261,5200
SERPINE3,0.13265,5201
SYCE1,0.13274,5202
IGSF6,0.13288,5203
GBP3,0.13292,5204
CCNF,0.13297,5205
CBS,0.13297,5206
TMEM198,0.13298,5207
ZDHHC4,0.133,5208
STMN2,0.13306,5209
COG4,0.13306,5210
FANCA,0.13315,5211
TOMM5,0.13319,5212
PCSK1,0.13321,5213
NUDT3,0.13326,5214
OR6Y1,0.13328,5215
RET,0.13331,5216
WDR11,0.13333,5217
MGP,0.13342,5218
CCND1,0.13343,5219
GPR61,0.13347,5220
C4orf46,0.13349,5221
FAM175B,0.13356,5222
IGDCC4,0.13359,5223
LOC100996634,0.13364,5224
SLC34A2,0.13375,5225
ARF6,0.13375,5226
SNX3,0.13378,5227
ATP8B1,0.13382,5228
TMEM177,0.13385,5229
SEC24C,0.13385,5230
APBA2,0.13396,5231
HNRNPF,0.13401,5232
ZNF613,0.13407,5233
SLC9A6,0.13408,5234
SYS1,0.13409,5235
CEP72,0.13418,5236
PLCE1,0.13418,5237
CYP4X1,0.13422,5238
OR5B21,0.13423,5239
SPRR2E,0.13425,5240
C1QA,0.13428,5241
CCDC93,0.13431,5242
LY6G6C,0.13433,5243
C14orf166,0.13436,5244
FAM25D,0.13445,5245
PDPK1,0.13447,5246
WDR75,0.13459,5247
SMIM5,0.13464,5248
OR1I1,0.13468,5249
PRDX3,0.13476,5250
WTH3DI,0.13481,5251
CUL4A,0.13489,5252
GPR110,0.13494,5253
BHLHE40,0.13497,5254
ENAM,0.13499,5255
CLEC14A,0.13501,5256
GRIN1,0.13504,5257
EFCAB5,0.13508,5258
RPS24,0.13512,5259
INPP1,0.13516,5260
MRPL11,0.13517,5261
GCNT1,0.13519,5262
STXBP5L,0.13526,5263
ELP4,0.13533,5264
RFPL4AL1,0.13535,5265
RHBDL3,0.13539,5266
GSDMC,0.13541,5267
ACOT7,0.13545,5268
MAB21L2,0.1355,5269
ZNF675,0.13556,5270
CCDC116,0.13557,5271
ZNF319,0.13559,5272
ZIC5,0.13564,5273
RGL3,0.1357,5274
ELF5,0.13572,5275
CBLB,0.13576,5276
THAP1,0.13582,5277
ASB10,0.13584,5278
NDRG1,0.13592,5279
CCSER2,0.13593,5280
ARHGAP31,0.13593,5281
IFLTD1,0.13596,5282
MISP,0.13597,5283
ZNF175,0.13605,5284
ZNRF4,0.13606,5285
C11orf71,0.13615,5286
APTX,0.13631,5287
SYCN,0.13631,5288
CLRN3,0.13631,5289
MAGEL2,0.13631,5290
LAGE3,0.1364,5291
AFF2,0.13642,5292
TUBB2A,0.13646,5293
DCC,0.13651,5294
CYP11B1,0.13652,5295
ENY2,0.13653,5296
SULT1C3,0.13657,5297
UBALD1,0.13658,5298
PURB,0.13664,5299
C22orf39,0.13666,5300
VCY,0.13669,5301
VSIG1,0.13672,5302
SUB1,0.13681,5303
FZD6,0.13682,5304
ALG8,0.13683,5305
SSH2,0.13685,5306
C1QTNF9B-AS1,0.13686,5307
RARRES3,0.13686,5308
GPR64,0.13687,5309
ZNF536,0.1369,5310
SEC22C,0.13693,5311
NKPD1,0.13695,5312
TAS2R20,0.13705,5313
GJB5,0.13709,5314
PHLDB1,0.1371,5315
PPP6C,0.13713,5316
PPM1N,0.13713,5317
PTK7,0.13716,5318
LATS1,0.13717,5319
WFDC10A,0.13718,5320
ANGPTL3,0.13718,5321
ARMCX2,0.13723,5322
HERC2,0.13729,5323
ARAP3,0.13736,5324
CRABP2,0.13742,5325
CCDC171,0.13743,5326
MED25,0.13751,5327
ZSCAN30,0.13754,5328
FAM171A2,0.13757,5329
SLC11A1,0.13758,5330
OR56B1,0.13762,5331
ZNF280C,0.13763,5332
CD37,0.13767,5333
LCN9,0.1377,5334
SART3,0.13775,5335
ABHD17B,0.13776,5336
PPP1R16A,0.13778,5337
CNDP1,0.13783,5338
TSSC4,0.13785,5339
TAF1D,0.13789,5340
OR2T34,0.13794,5341
PSMD8,0.13794,5342
CYTL1,0.13802,5343
HTATIP2,0.13803,5344
BAZ1A,0.13805,5345
C15orf59,0.13811,5346
KDM5A,0.13814,5347
SLC19A2,0.13817,5348
GABRD,0.13818,5349
SLC29A4,0.13824,5350
ABTB2,0.1383,5351
C17orf49,0.13831,5352
DNM1L,0.13832,5353
CLDN22,0.13836,5354
RPS23,0.13839,5355
MAF1,0.13844,5356
PRAMEF7,0.13847,5357
TDRD7,0.13848,5358
CXCR4,0.13852,5359
OR52J3,0.13853,5360
OR5H15,0.13857,5361
N6AMT2,0.13859,5362
TFE3,0.13861,5363
FUT6,0.13862,5364
ZDHHC17,0.13864,5365
CHAD,0.13865,5366
SLC38A1,0.13866,5367
ZNF718,0.13869,5368
CHGB,0.1387,5369
SGCZ,0.1387,5370
TTLL1,0.13875,5371
PDX1,0.13882,5372
ZNF540,0.13882,5373
WDR31,0.13884,5374
PLEKHA4,0.13884,5375
NFKBIB,0.1389,5376
KDM4D,0.13893,5377
KRT26,0.13894,5378
ZNF441,0.13896,5379
PIK3R6,0.13897,5380
AP2M1,0.13911,5381
LIMA1,0.13915,5382
CCDC173,0.13915,5383
KIAA1191,0.13921,5384
SOWAHB,0.13924,5385
ARL13B,0.13927,5386
C17orf80,0.13928,5387
SLC1A6,0.1393,5388
MTHFD2,0.13932,5389
SMURF2,0.13933,5390
LRRC7,0.13937,5391
ZNF326,0.13938,5392
DCP1A,0.1394,5393
MT1B,0.13945,5394
SF3B2,0.13946,5395
CIRH1A,0.1395,5396
KIFAP3,0.13955,5397
CEACAM20,0.13955,5398
LYVE1,0.13956,5399
DERL1,0.13958,5400
LRCH2,0.13959,5401
BCKDHA,0.13959,5402
SMAD5,0.1396,5403
VSTM1,0.13966,5404
PAPOLB,0.13971,5405
MTL5,0.13971,5406
SMARCAL1,0.13977,5407
CCL11,0.13982,5408
ZNF565,0.13982,5409
SMARCE1,0.13986,5410
TBX5,0.13987,5411
SLC27A1,0.1399,5412
DXO,0.13991,5413
ZNF846,0.13995,5414
FAM154A,0.1401,5415
MS4A13,0.14012,5416
AGAP6,0.14013,5417
CCNI2,0.14017,5418
DMRTC2,0.14018,5419
PROSER2,0.1402,5420
SMARCA5,0.14022,5421
RAE1,0.14025,5422
RNF24,0.14029,5423
ZFP28,0.14033,5424
CDH15,0.14035,5425
MAS1,0.14042,5426
TOP2B,0.14047,5427
SYT3,0.14049,5428
AURKC,0.14051,5429
ENGASE,0.14052,5430
NCCRP1,0.14061,5431
FAM47C,0.14062,5432
MRPL34,0.14067,5433
KDM3B,0.1408,5434
RGR,0.14085,5435
ANHX,0.14085,5436
EHD1,0.14089,5437
IGDCC3,0.14093,5438
DIO3,0.14097,5439
KIAA1147,0.14098,5440
LRRC56,0.141,5441
TRPC3,0.14106,5442
ADA,0.14112,5443
ICK,0.14115,5444
CNTNAP3B,0.14116,5445
ELK4,0.14117,5446
PSMC6,0.14118,5447
RTF1,0.14118,5448
C3orf56,0.1412,5449
COPRS,0.14129,5450
TRIT1,0.14132,5451
C1orf106,0.14141,5452
HSD17B6,0.14149,5453
GPX1,0.14152,5454
PRSS2,0.14158,5455
FRMD5,0.14177,5456
C15orf26,0.14178,5457
PI3,0.14183,5458
BPGM,0.14186,5459
MIPEP,0.14187,5460
PPP1R14C,0.1419,5461
CD163L1,0.1419,5462
EIF3H,0.14191,5463
PLCD3,0.14196,5464
KLHL36,0.14204,5465
GPR115,0.14205,5466
ZIC1,0.14209,5467
ADCY3,0.14214,5468
TEX29,0.14214,5469
PCDHB10,0.14215,5470
HS6ST1,0.14226,5471
THOC6,0.14238,5472
RRS1,0.14239,5473
RPAP1,0.1424,5474
PRICKLE3,0.14243,5475
POU4F1,0.14244,5476
KCNQ1,0.14245,5477
MB21D2,0.14246,5478
ROM1,0.14258,5479
FMNL1,0.14259,5480
SP6,0.14259,5481
STEAP2,0.14264,5482
MAGEH1,0.14272,5483
DHRS4L1,0.14277,5484
SNRNP25,0.14278,5485
TMEM196,0.14285,5486
HHLA1,0.14295,5487
CPXM2,0.143,5488
ESYT3,0.14303,5489
TTC23L,0.14307,5490
OR2L8,0.14309,5491
SIPA1L1,0.14312,5492
MCOLN2,0.14312,5493
OR51L1,0.14316,5494
NPTX1,0.14321,5495
RPL7L1,0.14325,5496
PATL1,0.14327,5497
CCAR2,0.1433,5498
FITM1,0.1433,5499
LRRTM2,0.14336,5500
SLC12A7,0.14336,5501
SGK1,0.14345,5502
SCGB2A1,0.1435,5503
CCDC65,0.14352,5504
DHRS7,0.14353,5505
PRLR,0.14355,5506
FAM134B,0.14362,5507
HDGFL1,0.14365,5508
MCM6,0.1437,5509
LRSAM1,0.14375,5510
ESCO1,0.14378,5511
PIK3R2,0.14383,5512
DICER1,0.14383,5513
FANCL,0.14384,5514
DENND1C,0.14387,5515
PAH,0.1439,5516
PDS5B,0.14394,5517
SYNPO2L,0.14397,5518
LOC154872,0.14397,5519
NXN,0.1441,5520
RABL6,0.14412,5521
ANAPC11,0.14414,5522
ASIP,0.14416,5523
ATP6V0E2,0.14423,5524
PIN1,0.14426,5525
SGSM2,0.14427,5526
PARN,0.14431,5527
ZBTB7B,0.14432,5528
ATP13A5,0.14441,5529
THOP1,0.14441,5530
PSMD3,0.14448,5531
PIH1D2,0.14453,5532
PPM1L,0.14453,5533
CXXC1,0.14454,5534
CHRNB2,0.14458,5535
ATXN7L3B,0.14459,5536
APOBEC1,0.14462,5537
MYOD1,0.14468,5538
GRAMD1A,0.1447,5539
CRISP1,0.1447,5540
TENC1,0.1447,5541
SHPRH,0.14472,5542
DNAJC5B,0.14473,5543
ISM2,0.14476,5544
CCDC54,0.1449,5545
TTC32,0.1449,5546
CEP63,0.14493,5547
GABRR1,0.14494,5548
ITGA1,0.14496,5549
NARS2,0.14503,5550
MTRNR2L5,0.14506,5551
CACNA1I,0.14518,5552
SLC44A2,0.14518,5553
C13orf35,0.14519,5554
SLC17A1,0.14521,5555
FAM101B,0.14521,5556
C1QTNF9B,0.14522,5557
IFI44L,0.14528,5558
NPLOC4,0.1453,5559
BTG4,0.14531,5560
OLAH,0.14541,5561
RAMP1,0.14543,5562
KIDINS220,0.14547,5563
KIAA0753,0.1455,5564
SYNE3,0.14554,5565
SLC9A3,0.14561,5566
HDAC2,0.14565,5567
ALKBH8,0.1457,5568
PSMF1,0.14574,5569
ZNF443,0.14583,5570
CHERP,0.14592,5571
SLC7A5,0.14592,5572
AGBL5,0.14597,5573
ZNF22,0.14598,5574
BMI1,0.14601,5575
SEC61A2,0.14604,5576
FAM120C,0.14605,5577
PASK,0.14605,5578
HNRNPLL,0.14607,5579
FCGBP,0.14609,5580
KRT23,0.14611,5581
LUZP2,0.14611,5582
FGD2,0.14614,5583
DFNB59,0.14616,5584
CASKIN1,0.14618,5585
BRICD5,0.14626,5586
CSAG1,0.14632,5587
CMPK1,0.14643,5588
C10orf11,0.14643,5589
COQ2,0.14648,5590
L3MBTL3,0.14663,5591
RNF146,0.14677,5592
LAMB4,0.1468,5593
ACTA2,0.14684,5594
AGK,0.14686,5595
ZNF558,0.14686,5596
TNIP1,0.14691,5597
SLC7A6OS,0.14691,5598
OR6C74,0.14697,5599
ACER3,0.147,5600
ROPN1,0.14703,5601
PRKAG1,0.14703,5602
AP1M2,0.14706,5603
HSPA6,0.14711,5604
CLEC6A,0.14721,5605
SLC36A3,0.14725,5606
CLRN2,0.14732,5607
NUFIP1,0.14738,5608
PDCD11,0.14738,5609
EIF3K,0.14756,5610
RGPD3,0.1476,5611
FKBP9,0.14761,5612
CTNNB1,0.14765,5613
PSMB2,0.14766,5614
CTXN1,0.1477,5615
CPA4,0.14772,5616
AIDA,0.1478,5617
ASAP1,0.14787,5618
QRFPR,0.1479,5619
LAPTM5,0.14792,5620
SULF1,0.14794,5621
PLD2,0.14799,5622
HTN1,0.14799,5623
COX7B2,0.14805,5624
MR1,0.14805,5625
SCGB3A2,0.14809,5626
PPP6R1,0.14816,5627
TDRKH,0.14818,5628
SLC22A8,0.14824,5629
RCAN1,0.14827,5630
TIAM2,0.1483,5631
TFAP2A,0.14845,5632
OPN4,0.14846,5633
ANTXR2,0.1486,5634
PPARGC1A,0.14862,5635
DUOXA1,0.14865,5636
NLRP12,0.14867,5637
C19orf71,0.14867,5638
UHMK1,0.14869,5639
LIPG,0.14873,5640
TRIM28,0.14873,5641
CILP,0.14875,5642
DLX5,0.14879,5643
LTBP2,0.14881,5644
ASZ1,0.14898,5645
FUOM,0.14898,5646
MAGT1,0.14906,5647
RAB27A,0.14911,5648
GRXCR1,0.14915,5649
PRRT1,0.14919,5650
NOSIP,0.14927,5651
C5orf50,0.14937,5652
LAX1,0.14938,5653
KIAA2018,0.14942,5654
SFXN2,0.14944,5655
ZSCAN23,0.14945,5656
PDIA3,0.14954,5657
ATP2C1,0.14955,5658
FPR1,0.14957,5659
PCDHA3,0.14964,5660
ZDHHC16,0.1498,5661
PLEKHO2,0.14981,5662
MOGAT2,0.14989,5663
PCDHGA2,0.1499,5664
DPPA4,0.14992,5665
IQGAP1,0.14999,5666
GLOD5,0.14999,5667
PTPRG,0.15001,5668
PARP4,0.15002,5669
WBP4,0.15004,5670
LOC554223,0.15016,5671
TMCC1,0.15021,5672
PYDC2,0.15023,5673
C5orf55,0.15023,5674
HBZ,0.15026,5675
TMEM27,0.15037,5676
RHOU,0.15043,5677
TCEAL1,0.15044,5678
LMBRD2,0.15057,5679
FGF19,0.15057,5680
PPP1R3F,0.15058,5681
NUMA1,0.1506,5682
RCN3,0.1507,5683
OR4C13,0.15073,5684
CACNG3,0.15074,5685
CEP350,0.15076,5686
RGS11,0.15079,5687
PREX2,0.15083,5688
NDUFC2,0.15092,5689
TOMM70A,0.15102,5690
HIST2H2AC,0.15107,5691
RNPEPL1,0.1511,5692
FRMD6,0.15113,5693
C20orf197,0.15121,5694
SLC35F5,0.15123,5695
HNF4G,0.15126,5696
POLR2I,0.15127,5697
MAPKAP1,0.15129,5698
APOBEC2,0.15136,5699
PAPD5,0.15137,5700
SGOL2,0.15149,5701
CASP2,0.15163,5702
ZNF547,0.15177,5703
CPE,0.15187,5704
LOC100652824,0.15194,5705
PERP,0.15195,5706
OLFM3,0.15196,5707
KCNN4,0.152,5708
FAM109A,0.15201,5709
AP1M1,0.15212,5710
TBC1D10A,0.15213,5711
PPP1R9A,0.15213,5712
CSRNP3,0.15214,5713
MIA3,0.15216,5714
MPV17L2,0.15218,5715
GABRA3,0.15225,5716
CLRN1,0.15227,5717
MRPS31,0.15232,5718
ADRB2,0.15234,5719
LTB4R,0.1526,5720
PIGQ,0.15264,5721
RBMY1J,0.15265,5722
BRAT1,0.15268,5723
NUBPL,0.15277,5724
POFUT2,0.15282,5725
DEGS1,0.15282,5726
XKR3,0.15288,5727
CRYGB,0.15299,5728
LURAP1,0.15301,5729
MAPRE2,0.15302,5730
FGG,0.15307,5731
BTBD18,0.15315,5732
PHEX,0.15319,5733
CACNB4,0.15326,5734
A3GALT2,0.15335,5735
PFKFB2,0.15337,5736
PRICKLE1,0.15339,5737
ABHD17C,0.15341,5738
NUPL1,0.15347,5739
PGM3,0.15348,5740
TMEM216,0.1536,5741
NUFIP2,0.15362,5742
CHM,0.15366,5743
LFNG,0.1537,5744
ZNF532,0.15371,5745
RASA1,0.15374,5746
DIAPH3,0.15374,5747
RNF130,0.15376,5748
RALGAPA2,0.15382,5749
ACAP2,0.15393,5750
RPL39,0.15396,5751
DGAT2L6,0.154,5752
OR2W1,0.15411,5753
IKZF1,0.15413,5754
ODF3,0.15414,5755
NRDE2,0.15418,5756
TSPAN1,0.15424,5757
C10orf113,0.15427,5758
CCDC28B,0.15432,5759
SLITRK4,0.15436,5760
FOXI3,0.15444,5761
45261,0.15454,5762
RMND5A,0.15458,5763
DCAF4L2,0.15463,5764
B3GNT2,0.15465,5765
NYAP2,0.15473,5766
PPP4R1,0.15478,5767
HSF2BP,0.15482,5768
C20orf24,0.15486,5769
GALNT2,0.15487,5770
EIF4G3,0.15488,5771
ZNF347,0.15489,5772
KBTBD2,0.15491,5773
C1orf95,0.15493,5774
KAAG1,0.15496,5775
PHKG2,0.15502,5776
CCDC17,0.15502,5777
ABCA12,0.15505,5778
EFR3A,0.15507,5779
APOBEC3A_B,0.15509,5780
POLR2J3,0.15511,5781
CARD14,0.15515,5782
C1orf35,0.1552,5783
NOX4,0.15524,5784
ZNF398,0.15524,5785
DPP6,0.15533,5786
RS1,0.15537,5787
MMP28,0.1554,5788
NRG1,0.15542,5789
DKKL1,0.15543,5790
SPTSSB,0.15546,5791
CRYGC,0.15547,5792
ABCD1,0.15552,5793
KIFC1,0.15556,5794
FAM211A,0.15557,5795
NPM1,0.15564,5796
ZNF771,0.15568,5797
FOXB2,0.15569,5798
TIMP4,0.15575,5799
HMGB2,0.15581,5800
ITGB8,0.15582,5801
JPH1,0.15582,5802
JAK1,0.15584,5803
CES4A,0.15586,5804
ZNF550,0.15591,5805
AFM,0.15592,5806
EID2B,0.15597,5807
VSNL1,0.15599,5808
DSC3,0.15611,5809
CSTA,0.15612,5810
DNPEP,0.15614,5811
NHSL2,0.15616,5812
ARL16,0.15616,5813
KY,0.15618,5814
CKLF,0.15621,5815
C7orf10,0.15624,5816
COMMD1,0.15625,5817
DPYS,0.15647,5818
FAM149B1,0.15652,5819
CAMK1D,0.15652,5820
KDELR1,0.15656,5821
GTPBP4,0.15663,5822
PRG2,0.15669,5823
RPS12,0.15671,5824
SNN,0.15682,5825
PPP2R3B,0.15686,5826
AACS,0.1569,5827
NOBOX,0.15691,5828
MUC4,0.15693,5829
SLC5A7,0.15697,5830
FOXD3,0.15699,5831
A1CF,0.15706,5832
HIF3A,0.15707,5833
SIX1,0.15709,5834
ACVR1C,0.15711,5835
ADAMTSL1,0.15716,5836
SPTLC1,0.15718,5837
SHBG,0.15719,5838
PTH2,0.15722,5839
TNFRSF6B,0.15722,5840
TMEM178B,0.15722,5841
SHISA8,0.15726,5842
IFNA13,0.15731,5843
HLA-DPA1,0.15732,5844
CLEC4C,0.15733,5845
LOC100288524,0.15764,5846
MTSS1L,0.15777,5847
CYP4F12,0.1578,5848
KIAA1328,0.15783,5849
LOC729574,0.15792,5850
FRG2,0.15794,5851
RNPS1,0.15794,5852
EIF4G2,0.15795,5853
KIAA1671,0.15805,5854
SPTB,0.15807,5855
TNFRSF18,0.1581,5856
SPATA2,0.15814,5857
ACSL4,0.15818,5858
CLCN5,0.15821,5859
ACER2,0.15822,5860
CACNA1D,0.15825,5861
DACT2,0.15827,5862
ANKRD18A,0.1583,5863
OR51I2,0.15843,5864
ABHD13,0.15848,5865
MPP7,0.15867,5866
UGT2A1,0.15871,5867
SORT1,0.15871,5868
FOXG1,0.15872,5869
SMAD9,0.15875,5870
RRP15,0.15884,5871
SRRM5,0.1589,5872
NGF,0.15893,5873
RFXANK,0.15895,5874
PRPH,0.15901,5875
CPAMD8,0.15902,5876
SERBP1,0.15909,5877
SLC9C2,0.15911,5878
PHACTR1,0.15919,5879
APOL5,0.15928,5880
CCDC85C,0.15928,5881
GOPC,0.15928,5882
ANLN,0.15936,5883
HRK,0.15937,5884
SP140L,0.15942,5885
EIF3E,0.15946,5886
KIAA1279,0.15947,5887
C1D,0.15952,5888
SAA2,0.15954,5889
MSANTD1,0.15959,5890
UCN3,0.15959,5891
ASB15,0.15962,5892
GPR26,0.15965,5893
ABCB10,0.15965,5894
PAGE1,0.15969,5895
LRRC4B,0.15976,5896
C22orf31,0.15981,5897
HRH3,0.15984,5898
GFI1,0.15985,5899
CSMD2,0.15985,5900
RPL22L1,0.15987,5901
IL12A,0.15998,5902
TPBGL,0.16013,5903
TIAL1,0.16014,5904
NEK5,0.16016,5905
PSMB3,0.16018,5906
DTX1,0.16024,5907
GSPT2,0.16025,5908
44992,0.16029,5909
BEX5,0.16029,5910
METTL13,0.16036,5911
NHLRC4,0.16044,5912
TAMM41,0.16045,5913
MLKL,0.16046,5914
SURF1,0.16048,5915
HAUS4,0.16051,5916
ESCO2,0.16053,5917
RPUSD2,0.16055,5918
LAMB2,0.16064,5919
PSORS1C2,0.16066,5920
EPN1,0.16068,5921
OLFML2A,0.1607,5922
ASAH2,0.16073,5923
WDR19,0.16073,5924
SLAMF9,0.16074,5925
LMO3,0.16075,5926
VPS13C,0.1608,5927
KCNA4,0.16081,5928
GIT1,0.16086,5929
LIN7A,0.16086,5930
ANXA3,0.1609,5931
ZNF521,0.16094,5932
CHRM2,0.16094,5933
DDX17,0.16095,5934
CACYBP,0.16103,5935
CST2,0.16104,5936
NTS,0.16104,5937
DUS3L,0.16115,5938
PNMA3,0.1612,5939
EDARADD,0.16123,5940
ZNF225,0.16125,5941
CACNA1C,0.16125,5942
ANO7,0.1613,5943
SWAP70,0.16134,5944
ZBTB18,0.16136,5945
HEYL,0.16138,5946
TMEM258,0.1614,5947
CAPN3,0.16147,5948
CHST2,0.1615,5949
SPDYE4,0.16163,5950
TBC1D7,0.16164,5951
COX6A1,0.16168,5952
MAPK3,0.16173,5953
PISD,0.16174,5954
SLC41A1,0.16176,5955
MEST,0.16182,5956
SLC35D1,0.16183,5957
CABP2,0.16185,5958
SV2B,0.16188,5959
FABP12,0.16188,5960
VANGL1,0.16195,5961
AP3D1,0.16202,5962
DAAM2,0.16203,5963
SH3GL2,0.16208,5964
LAMC3,0.16208,5965
ZC3H12D,0.1621,5966
LILRA2,0.16217,5967
HIAT1,0.16221,5968
DEFB107A,0.16223,5969
LRRC3C,0.16228,5970
MRPL22,0.1623,5971
LOC158434,0.16239,5972
SERINC5,0.16241,5973
NIPSNAP1,0.16244,5974
SAMD7,0.16244,5975
DSTN,0.16246,5976
PVALB,0.16248,5977
SMEK2,0.16248,5978
CLK2,0.16256,5979
RRBP1,0.16258,5980
BMX,0.16258,5981
NRK,0.16264,5982
COA5,0.16265,5983
C16orf54,0.16272,5984
TUBGCP6,0.16278,5985
ZNF391,0.16279,5986
RAB11FIP2,0.1628,5987
DCP1B,0.16287,5988
OR4C3,0.16289,5989
ALDH1L2,0.16293,5990
HLA-DRB5,0.16304,5991
CPSF3L,0.16304,5992
GFAP,0.16306,5993
OLA1,0.16309,5994
OR2T29,0.16311,5995
GNS,0.16314,5996
SLAMF8,0.16316,5997
CATSPER3,0.16318,5998
GOLPH3,0.16322,5999
PPP2CA,0.16324,6000
ZNF281,0.16338,6001
RBBP7,0.16344,6002
PCDH18,0.16347,6003
MCF2L2,0.16348,6004
FBXW12,0.16352,6005
CBLC,0.16367,6006
MRFAP1,0.16373,6007
GTF2H2,0.16374,6008
CHST3,0.16379,6009
AP2B1,0.1638,6010
SLC8A3,0.16384,6011
LRRK2,0.16387,6012
CHMP2A,0.16391,6013
GALNT14,0.16396,6014
PCNX,0.164,6015
DZANK1,0.16407,6016
ANKRD50,0.1641,6017
RGS20,0.16411,6018
SLC25A15,0.16411,6019
APPL1,0.16417,6020
SYMPK,0.16418,6021
MRGPRX2,0.16419,6022
FGFR4,0.16422,6023
SAMD3,0.16429,6024
GSX2,0.16435,6025
GOLGA4,0.16438,6026
HORMAD1,0.16439,6027
OXA1L,0.1644,6028
FZD3,0.16442,6029
LEFTY1,0.16448,6030
WWOX,0.16454,6031
MYH15,0.16457,6032
SPRR4,0.16465,6033
RHD,0.16466,6034
TCEB1,0.1647,6035
OR52E6,0.16471,6036
C20orf96,0.16471,6037
ABCA3,0.16475,6038
TNFRSF4,0.16476,6039
RCN1,0.16485,6040
SPRY1,0.16488,6041
PHACTR3,0.16488,6042
RHBG,0.16488,6043
USP12,0.16488,6044
ANXA8,0.16492,6045
CPT1C,0.16492,6046
RPN1,0.16505,6047
MMP24,0.16506,6048
NAALADL1,0.1651,6049
HCAR1,0.16516,6050
ALG9,0.16517,6051
CCNL1,0.1652,6052
CCIN,0.16529,6053
AFP,0.1653,6054
TMEM88B,0.16531,6055
NCDN,0.1654,6056
SH2B3,0.1654,6057
DHDDS,0.16541,6058
SLC9A3R1,0.16544,6059
OR5B2,0.16549,6060
ZC4H2,0.16549,6061
COLGALT2,0.16553,6062
CCL16,0.16554,6063
SUZ12,0.16558,6064
ZNF496,0.1656,6065
NSUN5,0.1656,6066
CNTD1,0.16563,6067
RCOR1,0.1657,6068
C11orf53,0.16574,6069
TNFRSF19,0.16577,6070
NPTN,0.16578,6071
CXCL10,0.16581,6072
TBX4,0.16582,6073
PCED1A,0.16583,6074
HEBP1,0.16584,6075
SMIM19,0.16596,6076
PGK2,0.16597,6077
LCE2B,0.16598,6078
HAUS6,0.16599,6079
GGCX,0.16608,6080
SPRED2,0.1661,6081
ATP5G1,0.16614,6082
CCDC160,0.16616,6083
JAG1,0.16624,6084
CCDC176,0.16631,6085
RNF125,0.16633,6086
MAFB,0.16639,6087
PLA2G4A,0.1664,6088
SOBP,0.16648,6089
CCDC94,0.16654,6090
45180,0.16655,6091
RAB36,0.16657,6092
SLC9A5,0.16661,6093
ZNF841,0.16662,6094
CBLN3,0.16664,6095
GFRA4,0.16668,6096
SMDT1,0.16671,6097
SCLY,0.16673,6098
HIVEP3,0.16681,6099
SKA2,0.16681,6100
DDX50,0.16683,6101
PDXP,0.16699,6102
MEMO1,0.16699,6103
SSR1,0.16706,6104
ABCC12,0.16717,6105
HIST4H4,0.16718,6106
SMNDC1,0.16718,6107
NCAPD3,0.16723,6108
RMI2,0.16727,6109
CCL3L1,0.16729,6110
FOXRED1,0.16732,6111
LACTB,0.16736,6112
DEDD2,0.16739,6113
MESP2,0.16744,6114
C17orf47,0.16748,6115
CYP8B1,0.16749,6116
MFAP1,0.16756,6117
EME2,0.16758,6118
KIF14,0.16758,6119
EPPIN,0.16762,6120
F2RL1,0.16765,6121
TET3,0.16767,6122
PFN3,0.16767,6123
HIST3H2A,0.16771,6124
LTN1,0.16771,6125
SIKE1,0.16772,6126
MAP4K4,0.16775,6127
ZNF598,0.16779,6128
GRAMD1C,0.16786,6129
RXFP3,0.16799,6130
VPS8,0.16805,6131
TGFA,0.16809,6132
45179,0.1681,6133
PPFIBP2,0.16818,6134
KRTAP21-2,0.16827,6135
ABHD17A,0.16831,6136
CASZ1,0.16834,6137
HRC,0.16839,6138
C8orf58,0.16841,6139
NCOA3,0.16842,6140
CDKL4,0.16842,6141
ZNF3,0.16849,6142
PXN,0.16853,6143
SLC25A2,0.16856,6144
SEMA4A,0.16857,6145
CD3EAP,0.16859,6146
ACADVL,0.16874,6147
TM4SF19,0.16875,6148
LPXN,0.16878,6149
GJA8,0.16879,6150
REG4,0.16879,6151
MRAP,0.16879,6152
CNNM1,0.16883,6153
HSBP1,0.16884,6154
PTP4A1,0.16885,6155
ZSWIM5,0.16889,6156
MTRF1L,0.16892,6157
PCYT1B,0.16897,6158
ABHD6,0.16907,6159
RTEL1,0.16909,6160
PIK3CG,0.16912,6161
RBMXL2,0.16917,6162
IFT81,0.16924,6163
KRT4,0.16927,6164
KDELR2,0.16931,6165
ATG4D,0.16932,6166
ITIH2,0.16935,6167
CAMK1G,0.16935,6168
NOTO,0.16937,6169
ZNF81,0.16949,6170
SCNN1D,0.16952,6171
UNC5D,0.16953,6172
GAS2L1,0.16954,6173
CALHM1,0.16958,6174
KLHL21,0.16962,6175
SERPIND1,0.16964,6176
FERMT3,0.16969,6177
PRM1,0.1697,6178
POLD1,0.16971,6179
IRS2,0.16979,6180
SHROOM3,0.16979,6181
ZSWIM1,0.16982,6182
OR4C16,0.16996,6183
CPB1,0.16998,6184
ANKRD10,0.17004,6185
TMEM80,0.17005,6186
ZHX1,0.17006,6187
ENO2,0.17009,6188
C16orf90,0.17012,6189
C19orf53,0.17014,6190
DNAJC3,0.17019,6191
GUF1,0.17033,6192
COLEC10,0.17035,6193
ATG4B,0.17039,6194
SLC38A2,0.1704,6195
URI1,0.17045,6196
GRM2,0.17057,6197
C14orf142,0.17064,6198
RTKN,0.17066,6199
NR0B1,0.17072,6200
ZG16,0.17075,6201
PPP1R13B,0.17078,6202
TPBG,0.17079,6203
WDR13,0.17087,6204
POLR3D,0.17091,6205
SCGN,0.17092,6206
PELO,0.17092,6207
PPARG,0.17099,6208
PHKA2,0.17109,6209
SCIMP,0.17113,6210
TMTC4,0.17118,6211
TOP1MT,0.17121,6212
SIDT1,0.17124,6213
NAPB,0.17125,6214
GDE1,0.17134,6215
COX4I2,0.17135,6216
ESR2,0.17138,6217
KIAA1432,0.17148,6218
IFITM5,0.17152,6219
SHQ1,0.17156,6220
KIAA1919,0.17161,6221
GSG1,0.17164,6222
CHML,0.17166,6223
N4BP2L2,0.17167,6224
TIRAP,0.17169,6225
DPP3,0.17171,6226
DMWD,0.17178,6227
FAM26E,0.17179,6228
KCNA7,0.17186,6229
CBX4,0.17187,6230
COIL,0.17191,6231
SIRT4,0.17194,6232
CGREF1,0.17198,6233
SYDE1,0.17198,6234
AMY1C,0.17199,6235
RPE65,0.17201,6236
GLYCTK,0.17203,6237
HMBOX1,0.17204,6238
DUSP11,0.17216,6239
KTN1,0.17216,6240
PAPOLA,0.17222,6241
PTCHD2,0.17226,6242
CFHR5,0.17229,6243
AKAP7,0.17239,6244
LYNX1,0.1725,6245
NEUROG3,0.1725,6246
NEU2,0.17256,6247
ACAN,0.1726,6248
FPR3,0.17261,6249
OR6B3,0.17268,6250
APITD1,0.17269,6251
APOC1,0.1727,6252
NLRP11,0.17275,6253
MSI1,0.17278,6254
PRSS23,0.1728,6255
COLEC11,0.1728,6256
GPR150,0.17284,6257
PTPDC1,0.17288,6258
OPN1MW,0.17289,6259
HERPUD1,0.17291,6260
CLDN2,0.17301,6261
PDE6H,0.17304,6262
ZNF169,0.17308,6263
HS1BP3,0.17312,6264
KRTAP9-4,0.17321,6265
HSD17B8,0.17326,6266
KRTAP5-8,0.17327,6267
OR2T1,0.17327,6268
OR4K13,0.17331,6269
RORB,0.17334,6270
GDPD2,0.17341,6271
STATH,0.17343,6272
LRRC48,0.17348,6273
SETDB1,0.17355,6274
ELL2,0.17356,6275
TP53INP2,0.17356,6276
MB,0.17357,6277
PGR,0.17361,6278
P2RY6,0.17364,6279
NES,0.17366,6280
LEMD3,0.17373,6281
ZNF519,0.17374,6282
FHIT,0.17382,6283
GNG13,0.17383,6284
GNAZ,0.17387,6285
C1orf105,0.17389,6286
FAM89A,0.1739,6287
SDC4,0.17398,6288
SLC25A34,0.17399,6289
KRTAP29-1,0.174,6290
NRIP3,0.17407,6291
RNF219,0.17408,6292
FBXO9,0.1741,6293
RHOG,0.17416,6294
ACOT6,0.17418,6295
MAGEB10,0.17421,6296
KIF5B,0.17425,6297
SGPL1,0.17425,6298
FRAT2,0.17428,6299
TEX2,0.17438,6300
DHCR7,0.17442,6301
C10orf2,0.17444,6302
MANSC1,0.17447,6303
GUCA1C,0.17453,6304
SMCP,0.17468,6305
SLC30A6,0.1747,6306
PSCA,0.17473,6307
PNRC1,0.17476,6308
KRTAP11-1,0.17477,6309
PCYT2,0.17478,6310
TCF25,0.17486,6311
KIAA0040,0.1749,6312
TBL1Y,0.17494,6313
ATP5G2,0.17495,6314
STPG1,0.17502,6315
FUZ,0.17506,6316
CDC42SE1,0.17507,6317
P4HA1,0.1752,6318
MFGE8,0.17524,6319
BTNL3,0.17529,6320
LCAT,0.17536,6321
LY6K,0.17537,6322
GLG1,0.17543,6323
RXRA,0.17546,6324
LGR4,0.17553,6325
ZNF607,0.17556,6326
KRTAP5-9,0.17557,6327
NUDT12,0.17565,6328
CA14,0.17568,6329
DIP2C,0.17573,6330
CAPS2,0.17576,6331
TAF1B,0.17585,6332
SLITRK3,0.17586,6333
FSD1L,0.17593,6334
ACMSD,0.17593,6335
GLRA2,0.17596,6336
NGDN,0.17598,6337
HERC6,0.17598,6338
C9orf117,0.17606,6339
GSTCD,0.17607,6340
ZNF548,0.1761,6341
ANKS1A,0.17619,6342
HAPLN2,0.17624,6343
OR2M2,0.17632,6344
RRAS2,0.17637,6345
C1orf123,0.17641,6346
DYNC1I2,0.17649,6347
TRIB2,0.1766,6348
COL21A1,0.17669,6349
OPRL1,0.17674,6350
PLGRKT,0.17678,6351
PRM2,0.1768,6352
TMPRSS11E,0.17681,6353
CHP2,0.17684,6354
CCNB1,0.17689,6355
OR5B17,0.1769,6356
NEUROD4,0.17691,6357
SPP2,0.17693,6358
C9orf131,0.17695,6359
TOP1,0.17698,6360
SCOC,0.17701,6361
AARS,0.17704,6362
TAF15,0.17705,6363
BTD,0.17707,6364
XCL1,0.17714,6365
NDUFB6,0.17718,6366
NOXO1,0.17718,6367
DPCR1,0.17721,6368
RGS7,0.17723,6369
TRIM8,0.17723,6370
GRAP2,0.17729,6371
DTHD1,0.17731,6372
MAPK12,0.17741,6373
CCDC90B,0.17745,6374
HAND2,0.17747,6375
SLC30A10,0.17752,6376
DLGAP1,0.17753,6377
ZDHHC1,0.17753,6378
IFNGR2,0.17757,6379
TSSK4,0.1776,6380
SCN11A,0.17775,6381
NKG7,0.17775,6382
CAMKK1,0.17785,6383
DCTPP1,0.17788,6384
R3HDML,0.1779,6385
TMEM108,0.17791,6386
TYW1B,0.17792,6387
CNTRL,0.17796,6388
TMTC3,0.17797,6389
PRPF40A,0.178,6390
ZNF672,0.178,6391
GIGYF1,0.17801,6392
OR13C4,0.17804,6393
TMEM62,0.17809,6394
CEP120,0.17826,6395
TMEM126A,0.17828,6396
GPR153,0.1783,6397
GTF2F1,0.17831,6398
UBE2Q2,0.17833,6399
WFDC2,0.17836,6400
ARSE,0.17839,6401
C6orf132,0.1784,6402
UVRAG,0.17847,6403
LPGAT1,0.17852,6404
SERPINB4,0.17853,6405
RPL27A,0.17856,6406
TIMM17A,0.1786,6407
KRTAP13-3,0.17863,6408
CCDC102B,0.17865,6409
SCRT1,0.17869,6410
RANGRF,0.17873,6411
C9orf91,0.17873,6412
NAGS,0.17876,6413
FAM122B,0.17877,6414
SAAL1,0.17877,6415
RPS15,0.17878,6416
PRKCDBP,0.17881,6417
OOSP1,0.17882,6418
MED29,0.17892,6419
PRCD,0.17893,6420
NFYC,0.17894,6421
ABI3,0.17895,6422
MTA3,0.17899,6423
SPRY2,0.17906,6424
SETBP1,0.17906,6425
PEX11G,0.17911,6426
CALD1,0.17916,6427
SFTPA2,0.1792,6428
BTG3,0.17926,6429
CHMP2B,0.17928,6430
PRLHR,0.17933,6431
SCD,0.17934,6432
ME2,0.17938,6433
TMTC2,0.17941,6434
METAP1,0.17942,6435
FIG4,0.17946,6436
BCR,0.17957,6437
ABHD1,0.17957,6438
SMCR8,0.17964,6439
EMR3,0.17968,6440
FAM57B,0.17973,6441
KIF4A,0.17975,6442
TGOLN2,0.17977,6443
OGG1,0.17981,6444
PCDHGA8,0.17981,6445
API5,0.17982,6446
SLC33A1,0.17991,6447
KRTAP5-5,0.17994,6448
KIAA0195,0.17994,6449
CPOX,0.18002,6450
CCDC166,0.18007,6451
ANKRD34A,0.18007,6452
SLC2A11,0.18007,6453
RNF180,0.18015,6454
KSR2,0.18022,6455
SYT11,0.18023,6456
FILIP1,0.18024,6457
DECR2,0.18028,6458
CHCHD3,0.18028,6459
SLC2A2,0.1803,6460
RNF114,0.18037,6461
CDK11A,0.18041,6462
FLRT1,0.18042,6463
SPHK2,0.18042,6464
RPS29,0.18043,6465
SLC25A29,0.18046,6466
SPPL2B,0.18053,6467
THAP2,0.18053,6468
ZNF729,0.18057,6469
RTDR1,0.18063,6470
PKNOX2,0.18067,6471
ZIC3,0.18067,6472
TMEM125,0.18068,6473
ZNF410,0.18072,6474
RNF215,0.18074,6475
PTPRT,0.18079,6476
C14orf169,0.18088,6477
BPIFA3,0.18088,6478
ZNF768,0.18091,6479
PFDN5,0.18094,6480
FAM216B,0.18097,6481
SPECC1,0.18102,6482
HOXB9,0.18104,6483
GCDH,0.18105,6484
STK39,0.1811,6485
ZDHHC5,0.18111,6486
CR2,0.18116,6487
SYCP2L,0.18118,6488
ETFB,0.18121,6489
CAPN1,0.18122,6490
HRG,0.18129,6491
CACFD1,0.18134,6492
CCDC33,0.18138,6493
CHAC1,0.1814,6494
CALML3,0.18149,6495
GML,0.18154,6496
GPR133,0.18158,6497
MYT1,0.1816,6498
SNAI1,0.18168,6499
ABCA9,0.18169,6500
THSD1,0.18172,6501
GTF3C3,0.18174,6502
CRTC1,0.18174,6503
SHPK,0.18174,6504
ZFP42,0.18176,6505
SNX2,0.18178,6506
A4GALT,0.18186,6507
LIX1,0.18196,6508
IL6ST,0.18202,6509
WNK4,0.18203,6510
KDM1A,0.18204,6511
PARP6,0.18205,6512
C9orf3,0.18213,6513
FOXN4,0.18255,6514
CYFIP1,0.18255,6515
DNAAF3,0.18264,6516
HOXB13,0.18264,6517
PLSCR2,0.18266,6518
DHX40,0.18269,6519
RAB24,0.1827,6520
TRAPPC6A,0.1827,6521
EMX1,0.18272,6522
ADAM11,0.18272,6523
SGMS2,0.18281,6524
ZMAT4,0.18285,6525
AKAP9,0.18294,6526
LOC100129216,0.18295,6527
RPL39L,0.18303,6528
SMUG1,0.18303,6529
RIC8B,0.18304,6530
SLC30A9,0.18305,6531
DDX58,0.18307,6532
NUTM1,0.18309,6533
KIAA1033,0.18318,6534
PACSIN3,0.18322,6535
MICALCL,0.18327,6536
GLOD4,0.18341,6537
ISCU,0.18341,6538
ADRB3,0.18345,6539
FAM84B,0.18345,6540
RAB2A,0.1835,6541
SLC23A1,0.18357,6542
SCN4B,0.18363,6543
PCDHB12,0.18363,6544
KRT38,0.18383,6545
KCTD1,0.18384,6546
C14orf39,0.18387,6547
PLA2G2C,0.18388,6548
IL1A,0.18394,6549
MAP3K3,0.18395,6550
CKAP2L,0.18401,6551
CD177,0.18405,6552
UBE2G1,0.18408,6553
DAZAP1,0.18415,6554
NXPE2,0.18417,6555
LSM11,0.18418,6556
PTPRM,0.18423,6557
KIRREL3,0.18429,6558
SERPINA10,0.18431,6559
ATP2B2,0.18431,6560
BEND2,0.18435,6561
ACVRL1,0.18437,6562
ZIC4,0.18442,6563
ANKRD28,0.18444,6564
C1orf192,0.18448,6565
AASDH,0.18459,6566
CDC7,0.1846,6567
ZNF230,0.18463,6568
TMCO1,0.18465,6569
CXorf21,0.18465,6570
AGR3,0.18467,6571
DIAPH1,0.18468,6572
RPL38,0.18477,6573
VPS26A,0.18478,6574
CD69,0.18482,6575
PI16,0.18484,6576
SAPCD2,0.18485,6577
ARMC3,0.18495,6578
WDR38,0.18504,6579
DAG1,0.18506,6580
C19orf67,0.18513,6581
MEIS1,0.18513,6582
OR1L3,0.1852,6583
CRMP1,0.18527,6584
ASIC4,0.18534,6585
C6orf15,0.18537,6586
SERTAD1,0.18542,6587
ZNF800,0.18544,6588
NARF,0.18546,6589
NUCKS1,0.18546,6590
RB1CC1,0.18549,6591
CNTN4,0.18554,6592
GPR88,0.18564,6593
C11orf40,0.18566,6594
GNG7,0.18571,6595
RAB9B,0.18571,6596
MTX2,0.18578,6597
CPQ,0.18583,6598
C8orf31,0.18589,6599
C11orf80,0.18595,6600
GVQW1,0.18602,6601
UNC5CL,0.18613,6602
NUF2,0.18624,6603
NDRG3,0.18628,6604
C4orf27,0.18633,6605
GJD3,0.18635,6606
GLB1L3,0.18639,6607
DISP1,0.1864,6608
SCAMP2,0.18646,6609
MED4,0.18649,6610
IFIT1B,0.18655,6611
BAGE,0.18655,6612
NR5A1,0.18679,6613
TFAP2E,0.1868,6614
SMARCC1,0.18685,6615
DRAM2,0.18688,6616
GPRC5A,0.18691,6617
CC2D1A,0.18693,6618
CD164L2,0.18695,6619
C1orf85,0.18695,6620
SPRR2F,0.18696,6621
TCTN3,0.18707,6622
RBM22,0.18713,6623
CRAT,0.18715,6624
KRTAP20-2,0.18725,6625
HS6ST3,0.18729,6626
FNDC7,0.18741,6627
PRPSAP2,0.18741,6628
FAH,0.18743,6629
SLC16A3,0.18746,6630
MAGED4B,0.18751,6631
LMO1,0.18757,6632
CD46,0.18758,6633
C3orf62,0.18766,6634
PRMT7,0.18773,6635
RIC8A,0.18784,6636
IRS1,0.18786,6637
PTRH2,0.1879,6638
EFCAB4B,0.18795,6639
NBAS,0.18797,6640
CYP3A7,0.188,6641
LZTS3,0.18808,6642
COMMD9,0.18808,6643
PRELP,0.1881,6644
GGNBP2,0.18811,6645
TRIM36,0.18813,6646
SHFM1,0.18816,6647
ADAM17,0.18833,6648
HBA1,0.18833,6649
SLC44A4,0.18838,6650
GLI2,0.18853,6651
KRTAP22-1,0.18857,6652
ATP8A1,0.18857,6653
APOD,0.18864,6654
C10orf91,0.18866,6655
KLHL23,0.18869,6656
PDGFRA,0.18872,6657
KCNS2,0.18875,6658
CDKN2D,0.18876,6659
ENPP3,0.18883,6660
ADD1,0.18887,6661
TNRC6B,0.18896,6662
OR6C3,0.189,6663
TRIM49D1,0.18902,6664
SH3BP2,0.18925,6665
MARK3,0.18926,6666
PRAME,0.1893,6667
IPO13,0.18936,6668
GPR89A,0.18936,6669
NOP56,0.18939,6670
ANGPTL1,0.18945,6671
MORF4L1,0.18953,6672
CACNG4,0.18956,6673
RNF187,0.18958,6674
LOC100129636,0.18959,6675
UBE3A,0.18966,6676
REEP2,0.18969,6677
SP9,0.18972,6678
SOX15,0.18977,6679
CCL14,0.18983,6680
CNST,0.18986,6681
GHITM,0.1899,6682
FHL5,0.18992,6683
TMEM240,0.19001,6684
ZNF248,0.19007,6685
OR8D4,0.19011,6686
HMG20A,0.19013,6687
ZNF470,0.19014,6688
FANCD2,0.19024,6689
UAP1,0.19032,6690
DOCK5,0.19034,6691
EXOG,0.19049,6692
DBNDD2,0.19052,6693
RALY,0.19063,6694
EXOC3L2,0.19066,6695
MCEE,0.19067,6696
H2AFX,0.19071,6697
PLCD4,0.19072,6698
C2orf74,0.19075,6699
DDA1,0.19079,6700
SLC6A19,0.19083,6701
LCORL,0.19084,6702
DOCK8,0.19092,6703
CBX5,0.19092,6704
MON2,0.19092,6705
KIF2B,0.19097,6706
MOGS,0.19103,6707
TOPORS,0.19107,6708
DCUN1D5,0.19109,6709
CCDC157,0.19113,6710
WDR60,0.19117,6711
GPR98,0.19119,6712
TMEM45A,0.19122,6713
PMPCA,0.19123,6714
FBXL20,0.19126,6715
DPYD,0.19134,6716
DOLPP1,0.19137,6717
GSTM2,0.19146,6718
LOC643802,0.1915,6719
CYP4B1,0.19151,6720
AHNAK,0.19167,6721
SPICE1,0.19168,6722
KRTAP19-3,0.19178,6723
CBX7,0.19182,6724
SHISA3,0.19182,6725
KCNA2,0.19184,6726
INCENP,0.19185,6727
LMLN,0.19189,6728
SEMA4F,0.1919,6729
SH2D6,0.19194,6730
TMEM132B,0.19196,6731
POMT2,0.192,6732
MTMR7,0.19215,6733
CREBRF,0.19216,6734
HES6,0.19218,6735
SF3B4,0.19219,6736
AIF1L,0.19219,6737
GOLGA7,0.19223,6738
OR2D3,0.19228,6739
SGCE,0.19228,6740
SARS,0.19232,6741
PTS,0.1924,6742
PREPL,0.19241,6743
TNFRSF12A,0.19241,6744
TCF23,0.19244,6745
SEC22A,0.19245,6746
TRH,0.19247,6747
CXCL12,0.19248,6748
HAL,0.19255,6749
OR52N1,0.19256,6750
KIAA1210,0.19258,6751
PSMD10,0.19261,6752
C12orf74,0.19262,6753
IL6,0.19266,6754
TGFB1,0.19268,6755
C12orf5,0.19273,6756
ZNF577,0.19277,6757
NPAP1,0.19283,6758
CDC6,0.19284,6759
EPRS,0.19286,6760
ACYP2,0.19288,6761
NSFL1C,0.19292,6762
PAX1,0.19294,6763
CPSF4,0.19299,6764
PNPLA6,0.19299,6765
CRLF3,0.19304,6766
MBD2,0.19308,6767
RPGRIP1L,0.19314,6768
A1BG,0.19318,6769
DSE,0.19325,6770
CNGB1,0.1933,6771
ATAT1,0.1933,6772
NPW,0.19341,6773
PHF23,0.19342,6774
OPHN1,0.19347,6775
ARL9,0.19347,6776
ZBTB42,0.1935,6777
NFATC1,0.19353,6778
OR51S1,0.19354,6779
TPRG1L,0.19355,6780
YKT6,0.19355,6781
PPP1R17,0.19361,6782
TLK2,0.19362,6783
CLVS1,0.19363,6784
NDUFB8,0.19366,6785
MTPAP,0.19367,6786
SPINK14,0.19368,6787
DGKK,0.19368,6788
SPATA13,0.19372,6789
C16orf72,0.19373,6790
KIAA1239,0.19373,6791
FAM181A,0.19374,6792
KCTD5,0.19376,6793
FBXO6,0.19393,6794
SYCE3,0.19397,6795
SLC18A1,0.19398,6796
PRSS27,0.194,6797
ZNFX1,0.19402,6798
PPIG,0.19403,6799
EGLN2,0.19405,6800
ANO5,0.19407,6801
PLAGL1,0.19408,6802
CREB3,0.19414,6803
PSMD13,0.19418,6804
RPS6KC1,0.19419,6805
SAYSD1,0.19422,6806
GRID2IP,0.19427,6807
PBOV1,0.19427,6808
BFSP1,0.19436,6809
IQCF6,0.19436,6810
HEPN1,0.19438,6811
VSTM4,0.19438,6812
TSNARE1,0.19444,6813
MED30,0.19451,6814
TBC1D5,0.19454,6815
RHOT2,0.19464,6816
PDLIM4,0.1947,6817
HDAC10,0.1947,6818
ITSN1,0.19474,6819
BAI1,0.19475,6820
CDK16,0.19477,6821
SOX13,0.19478,6822
CLCA1,0.1948,6823
TAGLN2,0.19487,6824
SGCA,0.19487,6825
C2CD2L,0.19489,6826
PHRF1,0.19491,6827
SH2D3A,0.19497,6828
UGT2B11,0.19497,6829
PODXL2,0.195,6830
RPF1,0.19501,6831
COL2A1,0.19504,6832
ZNF580,0.19505,6833
ZNF48,0.1951,6834
SNRPG,0.1952,6835
LYPD1,0.19521,6836
CASKIN2,0.19525,6837
ZNF367,0.19527,6838
RPS3A,0.19527,6839
HEPACAM,0.19528,6840
ADAMTS18,0.19539,6841
COPS7B,0.1954,6842
INPP5K,0.19541,6843
RBM48,0.19542,6844
GK,0.19549,6845
NMI,0.19554,6846
MITF,0.19556,6847
PDE6A,0.19557,6848
TMED9,0.19558,6849
JHDM1D,0.19564,6850
NLRP1,0.19564,6851
CCDC74A,0.19567,6852
DGKE,0.19573,6853
SENP3,0.19576,6854
YTHDC1,0.1958,6855
ACSM3,0.19588,6856
MCHR2,0.1959,6857
TAF6,0.19594,6858
UGT8,0.19597,6859
LILRA4,0.19598,6860
OR6B1,0.196,6861
KCNH8,0.19603,6862
CLDN1,0.19607,6863
PHF7,0.19612,6864
OR2L13,0.19616,6865
HEG1,0.19617,6866
LILRA5,0.1962,6867
GRM4,0.19624,6868
EVA1C,0.19626,6869
CIDEB,0.19628,6870
DLX2,0.19628,6871
MAGEA2B,0.19633,6872
MRPL9,0.19635,6873
CDKL3,0.19639,6874
LRRC26,0.19643,6875
ST8SIA2,0.19646,6876
CDH18,0.19649,6877
NDUFS6,0.19651,6878
UBXN2A,0.19652,6879
MYOF,0.19653,6880
OR10H2,0.19656,6881
ALDH9A1,0.19663,6882
NOP16,0.19668,6883
HSDL1,0.19668,6884
KLHL13,0.19671,6885
HERC4,0.19673,6886
KIR3DL3,0.19676,6887
ZCCHC17,0.19678,6888
OR5T1,0.19684,6889
MIER1,0.19689,6890
C7orf61,0.19689,6891
OR8D2,0.1969,6892
HNRNPAB,0.19694,6893
PADI4,0.19697,6894
RPGR,0.19704,6895
ANKRD62,0.19704,6896
MAP2K1,0.19706,6897
RABL5,0.19706,6898
BID,0.19708,6899
C2orf48,0.19709,6900
GATA6,0.19709,6901
PTCHD3,0.19711,6902
ANKRD9,0.19712,6903
DOK5,0.19719,6904
LSMEM1,0.19723,6905
UBL4B,0.19724,6906
BSDC1,0.19731,6907
ADAMTS6,0.19736,6908
ZP2,0.1974,6909
RGAG4,0.19744,6910
MTMR1,0.19749,6911
KDM4B,0.19761,6912
CDC27,0.19762,6913
NAA20,0.19764,6914
MAGEA2,0.19767,6915
APBB2,0.19767,6916
FAM78B,0.19767,6917
SAR1A,0.1977,6918
ZNF219,0.1977,6919
TMEM133,0.19777,6920
SP100,0.19778,6921
ADAM20,0.19778,6922
CCDC108,0.19783,6923
AP5Z1,0.19791,6924
FEZ1,0.19791,6925
ASL,0.19794,6926
AARS2,0.19795,6927
CNTNAP5,0.19798,6928
ZFPL1,0.19804,6929
DUSP1,0.1981,6930
MAF,0.19811,6931
DENND3,0.19813,6932
CDC42EP1,0.19818,6933
ZNF408,0.19818,6934
EPHB1,0.1982,6935
GRK7,0.19821,6936
FAM115C,0.19822,6937
HMGA2,0.19823,6938
NDE1,0.19825,6939
FAM91A1,0.19828,6940
ECT2L,0.19829,6941
LARP1,0.1983,6942
TAS2R3,0.19831,6943
GPRIN1,0.19833,6944
LGALS12,0.19835,6945
UPK1A,0.19839,6946
EIF2B5,0.19846,6947
NLRC5,0.19856,6948
ARVCF,0.19859,6949
OR52A5,0.19861,6950
C2orf53,0.19863,6951
GPER1,0.19864,6952
SCAMP5,0.1987,6953
SLC43A2,0.19875,6954
MYBL2,0.19887,6955
HES3,0.19889,6956
ZNF7,0.19893,6957
HPS3,0.19899,6958
TMEM51,0.19907,6959
PPP1CB,0.19908,6960
KLF15,0.19909,6961
CPNE7,0.1991,6962
UMOD,0.19913,6963
SNRPB2,0.19915,6964
FMN1,0.19919,6965
USP19,0.19924,6966
NOL10,0.19926,6967
COX4I1,0.1993,6968
MUM1L1,0.19931,6969
BCAR1,0.19933,6970
CAV2,0.19942,6971
EPHX4,0.19958,6972
F2R,0.1996,6973
GINS3,0.19969,6974
WIZ,0.19984,6975
SCN1A,0.19985,6976
TM4SF18,0.1999,6977
SLC22A16,0.20006,6978
DBH,0.2001,6979
ATP6V1C1,0.2001,6980
NLRX1,0.20013,6981
TBX10,0.20013,6982
C7orf50,0.20017,6983
NLRC4,0.20023,6984
CCDC113,0.20031,6985
PTGFRN,0.20031,6986
STRBP,0.20037,6987
ARAF,0.20038,6988
PAAF1,0.20044,6989
NUBP1,0.20045,6990
WFDC10B,0.20053,6991
RNASE13,0.20054,6992
ABCB7,0.20071,6993
FOXI1,0.20077,6994
PRR7,0.2008,6995
KLHDC3,0.20086,6996
FAM118A,0.20089,6997
UFSP1,0.2009,6998
CXXC11,0.20091,6999
UBASH3A,0.20092,7000
PLCG1,0.20096,7001
KBTBD4,0.20096,7002
ASUN,0.20098,7003
MAPKAPK3,0.20108,7004
NUDT16,0.2011,7005
SLU7,0.20114,7006
KIAA1377,0.2012,7007
PTGES2,0.20121,7008
ARHGEF28,0.20123,7009
ATG10,0.20125,7010
SRSF5,0.20137,7011
KRT2,0.20145,7012
NEK11,0.20148,7013
CKMT2,0.20149,7014
CDC5L,0.20154,7015
LMOD2,0.20156,7016
CADM1,0.20157,7017
CPEB3,0.20165,7018
BTRC,0.20173,7019
SALL3,0.20174,7020
ZC3H12B,0.20176,7021
IRX4,0.20182,7022
ZBED4,0.20183,7023
DUSP19,0.20187,7024
EXOC7,0.20191,7025
ENPP5,0.20202,7026
COX18,0.20206,7027
SESTD1,0.20213,7028
GRAMD1B,0.20215,7029
DPM2,0.20219,7030
OR13D1,0.2022,7031
MAP7D1,0.20228,7032
TMEM246,0.20233,7033
VDAC3,0.20234,7034
NUDT15,0.20237,7035
ZNF789,0.20241,7036
LOC149373,0.20245,7037
NLGN1,0.20246,7038
OGN,0.20249,7039
POLR2A,0.20252,7040
IFI27,0.20262,7041
ZNF786,0.20267,7042
ECEL1,0.2027,7043
GLP1R,0.20271,7044
MTIF2,0.20272,7045
EVX2,0.20274,7046
NTN1,0.20276,7047
XKR6,0.20277,7048
TANC1,0.20278,7049
CLPSL1,0.20282,7050
TAAR5,0.20285,7051
RP1,0.20288,7052
FGFR2,0.20292,7053
POR,0.20296,7054
PDLIM2,0.20301,7055
TMEM194B,0.20303,7056
HCRT,0.20304,7057
CCR5,0.20304,7058
ZNF57,0.20304,7059
SLC25A22,0.20309,7060
BHLHE23,0.20317,7061
HOXC10,0.20325,7062
FCRL1,0.20327,7063
LPCAT1,0.20332,7064
44987,0.20335,7065
ZNF416,0.20336,7066
NARS,0.20344,7067
RPL31,0.20344,7068
REV3L,0.20349,7069
CENPF,0.20351,7070
OR4L1,0.20352,7071
ZNF571,0.20353,7072
DENND6B,0.20359,7073
CD72,0.2036,7074
ZNF28,0.20363,7075
SNX29,0.20363,7076
DTNB,0.20378,7077
KLK12,0.20379,7078
ZNF30,0.20384,7079
FARSA,0.20387,7080
SLC22A18AS,0.20391,7081
MESDC1,0.20393,7082
HIC1,0.20393,7083
RPL18,0.20397,7084
FKBP15,0.20399,7085
TSPAN32,0.204,7086
KRTAP1-1,0.20403,7087
CTBP2,0.20407,7088
ZNF560,0.20409,7089
ALS2CR11,0.20421,7090
THBS1,0.20423,7091
HEMK1,0.20423,7092
KCTD11,0.20426,7093
SLC46A2,0.2043,7094
UPP1,0.20432,7095
SYNM,0.20434,7096
CYSLTR2,0.20435,7097
ARMC12,0.20435,7098
MLEC,0.20437,7099
MAPKAPK2,0.2044,7100
NABP1,0.20446,7101
DEFB114,0.20458,7102
C4orf3,0.20463,7103
RASL12,0.20464,7104
KCNA6,0.20467,7105
UBE3B,0.20472,7106
RPS19BP1,0.20473,7107
IRF3,0.20477,7108
PEX12,0.20478,7109
CNOT10,0.20481,7110
PCYOX1,0.20483,7111
FERMT2,0.20487,7112
PLEK,0.20487,7113
RGS3,0.20487,7114
TMEM236,0.20489,7115
SLC2A9,0.20497,7116
PLA2G3,0.20499,7117
SCG2,0.20501,7118
RAB10,0.20507,7119
CYLC2,0.20508,7120
NCMAP,0.2051,7121
C14orf177,0.20518,7122
CDC14B,0.20522,7123
SETD9,0.20522,7124
PDXDC1,0.20525,7125
C6orf47,0.20527,7126
CLCN1,0.20531,7127
JRK,0.20536,7128
CHIC2,0.20536,7129
RAB3A,0.20537,7130
TMPRSS11B,0.20539,7131
OR4F4,0.2054,7132
LEF1,0.20549,7133
RPL34,0.20552,7134
UGT3A1,0.2056,7135
RAPGEFL1,0.20564,7136
MYSM1,0.20564,7137
STOML1,0.20566,7138
FAM188B,0.20568,7139
BBS12,0.20572,7140
STK17B,0.20572,7141
NECAB1,0.20576,7142
IL20,0.20581,7143
CCDC30,0.20593,7144
NPTXR,0.20596,7145
IL3,0.20596,7146
HGF,0.20604,7147
POTEF,0.20612,7148
WASF2,0.20619,7149
HEPH,0.20621,7150
LRP2BP,0.20622,7151
KCNJ6,0.20627,7152
CNN3,0.20627,7153
RRAS,0.20632,7154
HES7,0.20642,7155
NCAPH,0.20652,7156
ISLR,0.20655,7157
SST,0.20657,7158
GPR132,0.20659,7159
EIF4EBP2,0.20662,7160
DRGX,0.20664,7161
ABCC8,0.20667,7162
CAMLG,0.20673,7163
GRP,0.20673,7164
MLANA,0.20679,7165
NPAS2,0.20682,7166
CEACAM18,0.20684,7167
KLHDC7B,0.20688,7168
TMEM176B,0.2069,7169
TYROBP,0.20691,7170
HPDL,0.20692,7171
RGP1,0.20696,7172
VARS,0.20696,7173
SMC1B,0.20696,7174
GAS7,0.20698,7175
MFAP5,0.20705,7176
LSP1,0.20707,7177
ADAP2,0.20707,7178
PIGP,0.20713,7179
BOP1,0.20718,7180
CXCR1,0.20721,7181
SH2D5,0.20723,7182
NXF1,0.20728,7183
RGN,0.20729,7184
B3GAT1,0.20731,7185
PRKACG,0.20736,7186
FAM73A,0.20744,7187
COL20A1,0.20745,7188
SYNPO,0.20757,7189
PTCRA,0.20757,7190
TPPP3,0.20761,7191
ZMYND8,0.20765,7192
CCL27,0.20766,7193
ZNF862,0.20768,7194
SLC35C1,0.2077,7195
NUP205,0.20778,7196
STRIP1,0.20782,7197
GDPD1,0.2079,7198
OR7G2,0.20799,7199
ATP1B3,0.208,7200
STAT3,0.208,7201
BAHD1,0.208,7202
OR8G5,0.20803,7203
MRPS18C,0.20804,7204
PLEKHG4,0.20806,7205
MALSU1,0.20814,7206
C5orf51,0.20818,7207
PPP1R3D,0.2082,7208
ANP32E,0.20823,7209
RELT,0.20829,7210
VSTM2L,0.20832,7211
GIMAP8,0.20832,7212
PHF1,0.20832,7213
G3BP1,0.20832,7214
GTPBP3,0.20837,7215
LOC402160,0.20841,7216
TAS2R31,0.20842,7217
OTX2,0.20844,7218
LARP4,0.20849,7219
RNF122,0.20855,7220
KIAA1211L,0.20865,7221
SPI1,0.20866,7222
APOE,0.2087,7223
SLC36A2,0.20871,7224
DMPK,0.20876,7225
PLEKHA2,0.20886,7226
GLB1,0.20886,7227
RABGAP1,0.20889,7228
WDR78,0.20892,7229
IRF2BP1,0.20903,7230
GALNS,0.20907,7231
PDZD4,0.20911,7232
MRPL46,0.20913,7233
SLC9A2,0.20916,7234
SPIN4,0.20917,7235
ZG16B,0.20923,7236
TSPAN18,0.20926,7237
KRTAP7-1,0.20928,7238
ZNF679,0.20928,7239
PDK4,0.2093,7240
SCYL3,0.20933,7241
ARHGEF2,0.20936,7242
TMOD3,0.2094,7243
SYNE4,0.20949,7244
PRAP1,0.2095,7245
OPN3,0.20954,7246
ZNF761,0.20955,7247
C1orf222,0.20956,7248
BMF,0.20958,7249
SLC9B1,0.20962,7250
TSTA3,0.20965,7251
DDX39A,0.20966,7252
S100A2,0.20968,7253
NSUN2,0.20971,7254
TGIF2-C20orf24,0.20973,7255
CMTM6,0.20973,7256
TBKBP1,0.20974,7257
PABPC5,0.20974,7258
COX7A1,0.20982,7259
CSNK1A1,0.20983,7260
DEFB105A,0.20992,7261
CCDC92,0.20995,7262
LIAS,0.20995,7263
RPL7,0.20997,7264
USP10,0.21003,7265
AASDHPPT,0.21009,7266
CEACAM6,0.21012,7267
APOL6,0.21013,7268
ZNF782,0.21018,7269
PLCB1,0.21018,7270
KCTD14,0.21019,7271
GSTA3,0.21023,7272
PLA2G16,0.21023,7273
MIER3,0.21027,7274
CREG1,0.21027,7275
BCKDK,0.21031,7276
ZNF850,0.21039,7277
IHH,0.21041,7278
ESF1,0.21044,7279
ULBP2,0.21051,7280
BATF3,0.21052,7281
TCF4,0.21053,7282
NHP2L1,0.21055,7283
PRSS12,0.21069,7284
KCNJ8,0.2107,7285
SDSL,0.21074,7286
DCTN3,0.21075,7287
LARP1B,0.21085,7288
ZFYVE19,0.21087,7289
CLPP,0.21095,7290
LHPP,0.21098,7291
GOLIM4,0.21099,7292
HIP1R,0.21101,7293
C16orf59,0.21103,7294
ANKRD33B,0.21103,7295
CCDC77,0.21105,7296
PMP22,0.21112,7297
CSTB,0.21122,7298
IFI30,0.21123,7299
APOC3,0.21128,7300
OR8B12,0.21137,7301
CASP5,0.21139,7302
MTRNR2L1,0.21146,7303
CTSS,0.21149,7304
CABLES1,0.21151,7305
LRRD1,0.21156,7306
SAMM50,0.21158,7307
MSC,0.21166,7308
OR6C68,0.21171,7309
CYC1,0.21173,7310
SNX12,0.21174,7311
USP2,0.21174,7312
SLC12A1,0.21176,7313
ZNF263,0.21176,7314
ARID4A,0.21178,7315
CDC14A,0.21181,7316
SERPINB5,0.21182,7317
ZKSCAN8,0.21185,7318
CD27,0.21187,7319
WDR44,0.21194,7320
RGS6,0.212,7321
LMBRD1,0.21208,7322
SCN9A,0.21209,7323
TACR2,0.21214,7324
C1orf111,0.21218,7325
FANCF,0.21223,7326
ZFAND5,0.21224,7327
SMIM18,0.21229,7328
VEGFB,0.21241,7329
DLGAP2,0.21242,7330
UBE2S,0.21247,7331
SLBP,0.2125,7332
PAEP,0.21251,7333
SEMA6C,0.21253,7334
CENPP,0.21257,7335
FBXO24,0.21258,7336
ALS2CR12,0.21263,7337
GRID1,0.21266,7338
IGFALS,0.2127,7339
TSTD3,0.21274,7340
ADAM10,0.21276,7341
C1orf101,0.21277,7342
PRAF2,0.21277,7343
ATP11A,0.21278,7344
C1orf56,0.21278,7345
CLDN3,0.21281,7346
PRRC2C,0.21282,7347
NPFFR2,0.21286,7348
CNBD2,0.21291,7349
PIF1,0.21295,7350
NFU1,0.21299,7351
PNPT1,0.21301,7352
CLSTN1,0.21303,7353
RBMS1,0.21305,7354
HCAR3,0.2131,7355
SEC24B,0.21314,7356
C10orf71,0.21319,7357
AGO1,0.21324,7358
CLEC9A,0.21328,7359
ADAMTSL4,0.21331,7360
FAM208A,0.21334,7361
GTPBP1,0.2134,7362
CNPY1,0.21341,7363
MOGAT3,0.21346,7364
ZNF570,0.21347,7365
IL4,0.21347,7366
POLH,0.21349,7367
PARP1,0.21353,7368
OR12D2,0.21357,7369
TPSB2,0.21361,7370
ATP6V1B1,0.21364,7371
CECR1,0.2138,7372
KLHL1,0.2138,7373
TBC1D23,0.21382,7374
FAM170B,0.21388,7375
RNF217,0.2139,7376
NECAB3,0.21393,7377
ADM5,0.21394,7378
PHKG1,0.21398,7379
PPIL4,0.21401,7380
SAPCD1,0.21405,7381
CFB,0.21406,7382
TRIM41,0.2141,7383
EHBP1L1,0.21417,7384
C1orf233,0.21428,7385
HSP90AB1,0.21431,7386
CHST4,0.21434,7387
MT2A,0.21438,7388
TREML1,0.21447,7389
EHD2,0.21448,7390
FEZF1,0.2145,7391
ARG2,0.21453,7392
DCAF8L2,0.21456,7393
PPOX,0.21456,7394
LRFN2,0.21457,7395
ANAPC4,0.21465,7396
KATNB1,0.21466,7397
PSMD7,0.21468,7398
ZNF506,0.21472,7399
MDK,0.21477,7400
PRSS42,0.2149,7401
SIRT3,0.21498,7402
YRDC,0.21499,7403
CPSF3,0.21499,7404
CASK,0.21501,7405
YBX3,0.21502,7406
TRMT11,0.21502,7407
OCM2,0.21505,7408
GCSAM,0.21507,7409
RPA3,0.2151,7410
TSPYL1,0.21511,7411
DEFB106B,0.21517,7412
TPK1,0.21523,7413
TMEM91,0.21531,7414
RELB,0.21535,7415
ILVBL,0.21538,7416
CENPB,0.2154,7417
GPR135,0.21541,7418
CPNE6,0.21541,7419
TWF2,0.21548,7420
H2BFM,0.21552,7421
TTC8,0.21552,7422
ORC2,0.21565,7423
LSR,0.21573,7424
STX11,0.21583,7425
CALN1,0.21586,7426
NKX2-1,0.21586,7427
ACSL1,0.21588,7428
CLEC1B,0.21589,7429
ADAT3,0.21591,7430
NAP1L5,0.21597,7431
FAM107A,0.21602,7432
BSG,0.2161,7433
HSCB,0.21615,7434
BZW2,0.21617,7435
NHLH1,0.21617,7436
WDR3,0.21624,7437
SH3GL1,0.21625,7438
SMEK1,0.21627,7439
TMEM53,0.2163,7440
GOT1L1,0.21639,7441
SECISBP2L,0.21644,7442
ZNF705A,0.21647,7443
ARPP21,0.21653,7444
KCNJ10,0.21657,7445
NCOR2,0.21659,7446
BFSP2,0.21668,7447
SPR,0.21677,7448
GAS6,0.21677,7449
CDC42SE2,0.21678,7450
PLK1S1,0.21681,7451
MKLN1,0.21693,7452
DLL3,0.217,7453
ERH,0.21703,7454
TRIM29,0.2171,7455
KDM4E,0.21714,7456
NAGA,0.21718,7457
C1orf195,0.21721,7458
PDE1B,0.21721,7459
NT5C1B,0.21724,7460
HSD3B7,0.21727,7461
LDB3,0.21738,7462
TRIM45,0.21743,7463
CCDC138,0.21746,7464
DAOA,0.21747,7465
MLH3,0.21749,7466
HFM1,0.21756,7467
OR12D3,0.21758,7468
LGALS7B,0.21762,7469
CPSF4L,0.21763,7470
U2AF1,0.21767,7471
COG2,0.21768,7472
QTRTD1,0.21768,7473
CCDC82,0.21774,7474
RD3,0.21776,7475
HS3ST6,0.21782,7476
GPC2,0.2179,7477
SNAPC2,0.21792,7478
SMAP1,0.21796,7479
FAM155B,0.21801,7480
OR5M8,0.21804,7481
ACP5,0.21805,7482
GPR156,0.21806,7483
CYP2F1,0.21812,7484
CEP250,0.21817,7485
KIAA0391,0.21817,7486
RSBN1,0.2182,7487
RSF1,0.2182,7488
SIX6,0.21825,7489
MAS1L,0.21827,7490
GINM1,0.21828,7491
ZNF808,0.21829,7492
CAPSL,0.2183,7493
DDHD1,0.21832,7494
OVGP1,0.21833,7495
CSRP1,0.21834,7496
GALNT13,0.21836,7497
NUP93,0.21838,7498
FCER2,0.21844,7499
PDCD1,0.21846,7500
LIMK1,0.21847,7501
CD36,0.21856,7502
KRT82,0.21864,7503
PDLIM1,0.21878,7504
BECN1,0.2188,7505
TNS3,0.21886,7506
ATP6V0C,0.21888,7507
C12orf52,0.21891,7508
MTMR8,0.21892,7509
GADD45G,0.21897,7510
CYP4Z1,0.21899,7511
TMEM72,0.219,7512
VIM,0.21904,7513
ZNF143,0.21914,7514
NOP9,0.21918,7515
TMEM202,0.21925,7516
CSNK2A1,0.21925,7517
LRRC34,0.2193,7518
SELRC1,0.21933,7519
GALNTL6,0.21935,7520
ZNF774,0.21941,7521
SSTR3,0.21942,7522
DUT,0.21944,7523
FAM124B,0.21949,7524
LRRC52,0.21951,7525
XRCC6,0.21956,7526
ADCY6,0.21958,7527
IFI6,0.21961,7528
SAP18,0.21965,7529
GTPBP6,0.21966,7530
DOLK,0.21966,7531
PPTC7,0.21975,7532
CYP24A1,0.21978,7533
REC8,0.21984,7534
RFNG,0.21998,7535
WNT2B,0.22002,7536
ZNF331,0.22007,7537
CYP17A1,0.22008,7538
TMEM56,0.22008,7539
ZSCAN21,0.22012,7540
ROMO1,0.22017,7541
DUSP18,0.2202,7542
TMEM14A,0.2203,7543
GUK1,0.22032,7544
CCDC67,0.22034,7545
HIST1H2AI,0.22036,7546
PELI1,0.22039,7547
AGBL2,0.22048,7548
ZNF250,0.22053,7549
DUXA,0.2206,7550
ASB5,0.22063,7551
ACY3,0.2207,7552
APOBEC4,0.22071,7553
CMTM3,0.2208,7554
RAD21,0.22081,7555
IL10RB,0.22084,7556
PUM1,0.22087,7557
PI15,0.22092,7558
HR,0.22095,7559
SLC6A6,0.22129,7560
IFNA2,0.22131,7561
TCF15,0.22132,7562
LSAMP,0.22143,7563
XRCC1,0.22147,7564
TNFRSF10D,0.22156,7565
SMYD5,0.22172,7566
ST3GAL2,0.22175,7567
GPN1,0.22176,7568
SH2D4A,0.22177,7569
ZFAT,0.22178,7570
KIAA1024,0.22183,7571
SYF2,0.22189,7572
GSR,0.2219,7573
OR51E2,0.22197,7574
FLOT2,0.22205,7575
ARL6IP1,0.22209,7576
CPNE2,0.22219,7577
NUDT22,0.22222,7578
ADAP1,0.22227,7579
SPG20,0.22228,7580
ADRBK2,0.22232,7581
MEOX1,0.22232,7582
CDK5RAP3,0.22234,7583
AGAP3,0.22243,7584
TUBGCP5,0.22248,7585
OTUD4,0.22257,7586
IL18,0.22259,7587
KCNMB1,0.22268,7588
TRPM2,0.22269,7589
SPTBN4,0.22269,7590
USP4,0.22273,7591
CCDC172,0.22274,7592
P2RY1,0.22279,7593
CFLAR,0.22287,7594
PTPRN,0.22295,7595
HIST1H3J,0.22299,7596
CDC42EP4,0.22302,7597
EPN2,0.22306,7598
PFKL,0.22308,7599
RFPL1,0.2232,7600
LMF1,0.22322,7601
SLC27A2,0.22326,7602
DDAH1,0.22327,7603
RNF103,0.22329,7604
GATA3,0.22331,7605
NXPH4,0.22335,7606
OR6C1,0.22339,7607
DNAH9,0.22351,7608
ST3GAL1,0.22353,7609
NAIF1,0.22357,7610
CEP192,0.22357,7611
ST8SIA6,0.22359,7612
NUDT2,0.22359,7613
TMA7,0.22368,7614
KLF8,0.22369,7615
URGCP,0.22372,7616
URGCP-MRPS24,0.22372,7617
GAN,0.22373,7618
FOXC1,0.22374,7619
THEM6,0.22379,7620
OR52D1,0.22382,7621
PREX1,0.22382,7622
NBEAL1,0.22385,7623
IL9R,0.22386,7624
SNAPC3,0.22393,7625
OFD1,0.22394,7626
ERMARD,0.22395,7627
PIKFYVE,0.22398,7628
SSH3,0.22401,7629
C17orf58,0.22401,7630
MC2R,0.22402,7631
BOC,0.22407,7632
GAL3ST4,0.22409,7633
ESRRA,0.22415,7634
UBR5,0.22417,7635
ADRBK1,0.22425,7636
RBP4,0.22427,7637
SESN2,0.22432,7638
MAP4,0.22438,7639
LTA4H,0.22445,7640
LIN28B,0.22447,7641
LRCH1,0.22447,7642
SFPQ,0.22463,7643
HTR4,0.22464,7644
EIF1AX,0.22468,7645
TMED3,0.2247,7646
KLB,0.22471,7647
SPATA19,0.22477,7648
COL3A1,0.22477,7649
PCDHGA7,0.22481,7650
DUS2,0.22491,7651
SLC35D3,0.22493,7652
TMEM255B,0.22495,7653
DMRTC1B,0.22499,7654
CRY2,0.22501,7655
NDUFA10,0.22505,7656
PCDHGA12,0.2251,7657
MMRN1,0.22513,7658
C6orf183,0.22524,7659
PDGFRB,0.22526,7660
STRADA,0.22532,7661
FBXO33,0.22535,7662
WNT10A,0.22535,7663
APOBR,0.2254,7664
MTNR1A,0.22542,7665
MTMR11,0.22544,7666
DLK2,0.22545,7667
TMEM238,0.22545,7668
TOPAZ1,0.22547,7669
CCDC132,0.22548,7670
EBNA1BP2,0.22551,7671
SREBF1,0.22552,7672
RARB,0.22563,7673
CFH,0.22564,7674
CKS2,0.22571,7675
NDUFB5,0.22595,7676
FAM186A,0.22597,7677
MAN2C1,0.226,7678
ZNF584,0.22601,7679
WNT11,0.22602,7680
FAM205A,0.22604,7681
LPPR3,0.22608,7682
SLC28A1,0.22609,7683
CHTF8,0.22616,7684
MRPL12,0.22619,7685
SERPINA4,0.22624,7686
SIPA1L3,0.22637,7687
BAIAP2L1,0.22645,7688
BIVM,0.22651,7689
GPX7,0.22653,7690
DUSP5,0.22657,7691
KIAA1755,0.22659,7692
ORC1,0.22659,7693
MLNR,0.22664,7694
PLEK2,0.22668,7695
CCDC24,0.22671,7696
PCDHGC5,0.22674,7697
HIRA,0.22674,7698
SLC2A4,0.22681,7699
MFSD2A,0.22683,7700
SF3A1,0.22688,7701
WDR90,0.22691,7702
SUOX,0.22691,7703
PPP1R14B,0.22694,7704
TNFSF12,0.22699,7705
USP7,0.22704,7706
MTMR6,0.22706,7707
OR5AR1,0.22712,7708
ADD2,0.22713,7709
PLAC1L,0.22715,7710
RBBP8,0.22721,7711
BAMBI,0.22725,7712
ACSS1,0.22725,7713
TM2D1,0.22739,7714
TWIST2,0.22751,7715
XRCC2,0.22755,7716
EPS8L3,0.22773,7717
NDUFB11,0.22776,7718
SOD3,0.22779,7719
LOC152586,0.22781,7720
YWHAB,0.22781,7721
CHD7,0.22793,7722
FBXL13,0.22798,7723
FAM198A,0.22805,7724
NPFFR1,0.22806,7725
BCL6B,0.22807,7726
HTR2B,0.22811,7727
CRLS1,0.22811,7728
HADHA,0.22818,7729
GORASP2,0.22823,7730
ENOSF1,0.22825,7731
MAGEB1,0.22828,7732
COLGALT1,0.22829,7733
LSM14A,0.22832,7734
ACOX1,0.22833,7735
AIMP1,0.22838,7736
ZPBP2,0.22846,7737
CRYAA,0.22851,7738
HCAR2,0.22862,7739
CD276,0.22866,7740
SLC16A13,0.22868,7741
FNIP1,0.22874,7742
OR5AS1,0.22877,7743
CYP1A2,0.22881,7744
TMEM253,0.22881,7745
CPA3,0.2289,7746
RGS13,0.22895,7747
STAC2,0.22895,7748
SPATA22,0.22902,7749
OMP,0.22903,7750
CEBPG,0.22905,7751
USP20,0.22906,7752
NUAK1,0.22908,7753
NDUFAF4,0.22909,7754
MMP17,0.22917,7755
PDIK1L,0.22922,7756
LRRC73,0.22922,7757
METTL21C,0.22923,7758
GTDC1,0.22923,7759
SLCO1B3,0.22929,7760
LANCL1,0.22937,7761
CRTAM,0.22943,7762
SCARF2,0.22945,7763
PLEKHG3,0.2295,7764
OR10A3,0.22951,7765
SBK2,0.22955,7766
TJP3,0.2296,7767
STEAP1,0.2296,7768
SMIM2,0.22971,7769
KLC3,0.22972,7770
C2CD2,0.22976,7771
OCIAD2,0.22983,7772
SUFU,0.22985,7773
CD1B,0.22986,7774
ZNF670,0.22991,7775
UST,0.22997,7776
CCNG2,0.23004,7777
GAL3ST2,0.23006,7778
OIT3,0.23006,7779
DUSP3,0.23009,7780
CD53,0.23017,7781
KCTD16,0.23019,7782
ZMIZ1,0.23019,7783
ONECUT2,0.23025,7784
TAF12,0.23025,7785
GP1BB,0.2303,7786
GABBR1,0.2303,7787
NKX1-2,0.23034,7788
CDYL2,0.23035,7789
CYP26A1,0.23038,7790
LRRC37B,0.23041,7791
CRBN,0.23045,7792
OR10C1,0.23049,7793
ZFAND3,0.23053,7794
SEMA3C,0.23057,7795
ZNF566,0.23058,7796
OR8J1,0.23071,7797
PANX2,0.23083,7798
ZSCAN5D,0.23085,7799
TTC24,0.23089,7800
SNRNP70,0.23095,7801
GAD2,0.23099,7802
GZMH,0.231,7803
TMEM169,0.23103,7804
CNBP,0.23107,7805
FSHB,0.23107,7806
HMG20B,0.2311,7807
C3orf22,0.23118,7808
DMP1,0.23122,7809
RNASEL,0.23129,7810
RHPN2,0.23132,7811
CTDSP1,0.23134,7812
HSPBP1,0.23136,7813
TRIM58,0.23136,7814
IL22RA1,0.23138,7815
AGT,0.23142,7816
AVPR1B,0.23146,7817
OC90,0.23152,7818
IL12B,0.23153,7819
C3orf18,0.23156,7820
TMX3,0.2316,7821
CABYR,0.23164,7822
FYTTD1,0.23176,7823
HIST1H4H,0.23178,7824
KRT25,0.23181,7825
PYHIN1,0.23184,7826
NTRK3,0.23186,7827
STEAP1B,0.23189,7828
GLT8D1,0.23192,7829
NKAIN3,0.23193,7830
TTC34,0.23193,7831
NFAT5,0.23199,7832
DEFA1B,0.23205,7833
TMEM121,0.23208,7834
FSCN3,0.23225,7835
WWC1,0.23226,7836
ADAMTSL3,0.23229,7837
TDO2,0.23234,7838
FIBCD1,0.23235,7839
SOWAHD,0.23238,7840
MCTS1,0.23241,7841
HMGB4,0.2325,7842
NR2C1,0.23257,7843
APOBEC3C,0.23271,7844
ABAT,0.23285,7845
RDH8,0.23286,7846
DYNC2H1,0.23295,7847
ADCY2,0.23296,7848
EFR3B,0.23297,7849
CX3CR1,0.23302,7850
OSTM1,0.23312,7851
KCNJ5,0.23315,7852
CAND2,0.23324,7853
FLJ45513,0.23325,7854
EHD4,0.23326,7855
GSDMB,0.23331,7856
TMEM165,0.23334,7857
RAB18,0.23335,7858
INHBA,0.23338,7859
GNRH2,0.23345,7860
AOC3,0.2335,7861
CCNDBP1,0.2335,7862
ACER1,0.23363,7863
LDHC,0.23364,7864
DHRS13,0.23377,7865
HOXB3,0.2338,7866
ARL6,0.23384,7867
TBC1D26,0.23389,7868
TMEM18,0.23391,7869
BCO2,0.23394,7870
FGF5,0.23405,7871
ABLIM2,0.23407,7872
U2AF1L4,0.23412,7873
PCMTD1,0.23413,7874
BAIAP2,0.23417,7875
OR5H6,0.23419,7876
INMT,0.23425,7877
PRPF18,0.23426,7878
CERS3,0.23427,7879
MID1IP1,0.23435,7880
CEP135,0.23437,7881
APOM,0.23437,7882
SBNO1,0.23445,7883
TMEM132D,0.23449,7884
PITHD1,0.23461,7885
SCUBE1,0.23463,7886
DHX36,0.23464,7887
KEL,0.23467,7888
ZNF10,0.2347,7889
RAPGEF5,0.23477,7890
SLX4,0.23477,7891
TIMM8A,0.23478,7892
RFX5,0.2348,7893
TFCP2L1,0.23482,7894
ZNF853,0.23483,7895
STBD1,0.2349,7896
SUV420H1,0.23494,7897
DYM,0.23503,7898
TRIP10,0.23509,7899
LRRK1,0.2352,7900
SOS2,0.23524,7901
OAS3,0.23524,7902
USP27X,0.2353,7903
ZNF304,0.23531,7904
NHS,0.23535,7905
NOX5,0.23539,7906
WDFY4,0.23543,7907
B3GNT5,0.23544,7908
IGFL3,0.23546,7909
JMJD4,0.23549,7910
SPINT3,0.23557,7911
YWHAG,0.23569,7912
OR52B4,0.23572,7913
MCAT,0.23575,7914
ZBED2,0.23582,7915
CARD10,0.23582,7916
FBLN2,0.23583,7917
RASGRP2,0.23587,7918
HEBP2,0.23587,7919
IKBKE,0.23594,7920
ZDHHC24,0.23594,7921
POLD4,0.236,7922
CTTNBP2NL,0.23603,7923
TCEB3B,0.23605,7924
MCCD1,0.23605,7925
ANXA4,0.23614,7926
GPR179,0.23615,7927
PRRT4,0.2362,7928
MAGEB2,0.23625,7929
DBT,0.23626,7930
SPO11,0.23636,7931
PEX1,0.23648,7932
SECTM1,0.23653,7933
C3orf35,0.23653,7934
CAPN6,0.23658,7935
LRPPRC,0.2366,7936
FAM21C,0.2366,7937
C16orf46,0.23665,7938
UCKL1,0.23667,7939
RADIL,0.23676,7940
HLA-DQB1,0.23688,7941
SLC26A6,0.23691,7942
VPS51,0.23694,7943
FCRL5,0.23696,7944
MAP7D3,0.23697,7945
HOXA10,0.23702,7946
GNRHR,0.23709,7947
HAUS5,0.23712,7948
LHX4,0.23719,7949
PES1,0.2372,7950
PCDH19,0.23733,7951
SLC6A13,0.23737,7952
OR1J4,0.23746,7953
SETD1A,0.23746,7954
TMSB15B,0.23748,7955
PSMB9,0.23751,7956
MTHFS,0.23751,7957
ANKLE1,0.23752,7958
LMF2,0.23755,7959
VILL,0.2376,7960
GIF,0.23762,7961
CLC,0.23762,7962
ATP6V1E1,0.23769,7963
FREM2,0.2377,7964
ABCG2,0.23771,7965
OPRD1,0.23779,7966
TOB2,0.23781,7967
PNISR,0.23787,7968
WAS,0.2379,7969
ELAC1,0.2379,7970
BCL2A1,0.23793,7971
SMC3,0.23798,7972
TYW5,0.23825,7973
FLG,0.23836,7974
PPAPDC3,0.23839,7975
RNMTL1,0.2384,7976
RNF223,0.23843,7977
RAB12,0.23847,7978
ADSL,0.23847,7979
WIPI2,0.23848,7980
DYDC1,0.2385,7981
HLX,0.23855,7982
FAM170A,0.23858,7983
SMYD4,0.23859,7984
UBXN2B,0.23861,7985
SYP,0.23867,7986
PVRL1,0.23867,7987
TNNI1,0.2387,7988
EFCC1,0.23872,7989
SCO2,0.23876,7990
THRB,0.23878,7991
SYNGR2,0.23883,7992
ZFP2,0.23889,7993
SCN10A,0.23889,7994
ZBED5,0.2389,7995
RAC1,0.23895,7996
GLTSCR1,0.23897,7997
HAAO,0.23898,7998
CRTC2,0.23905,7999
PPIL3,0.23906,8000
TCEAL5,0.23909,8001
OCSTAMP,0.23916,8002
LALBA,0.23917,8003
PSMD1,0.2392,8004
FMR1,0.23922,8005
KCTD3,0.23929,8006
B3GNT4,0.23932,8007
TMEM135,0.23932,8008
UBE2QL1,0.23939,8009
QRSL1,0.23944,8010
SWI5,0.23952,8011
TRIM10,0.23953,8012
MBTPS2,0.23956,8013
MAN2B1,0.23956,8014
POTEB,0.23964,8015
C15orf57,0.23968,8016
BCL3,0.23975,8017
BCAS1,0.23976,8018
SLC13A5,0.23977,8019
TRIM73,0.23986,8020
SLC38A4,0.23988,8021
CDK9,0.23989,8022
CNTNAP2,0.2399,8023
ZNF704,0.23997,8024
CRIP1,0.23998,8025
PAPD7,0.23998,8026
ADAT1,0.24005,8027
UBE2C,0.24009,8028
ZNF16,0.2402,8029
IMPDH1,0.24023,8030
UCK2,0.24025,8031
B2M,0.2403,8032
SPDYE3,0.24033,8033
CPS1,0.24041,8034
CCAR1,0.24045,8035
CSNK1G2,0.2405,8036
CSTL1,0.24051,8037
PKD2L1,0.24053,8038
UGT2A3,0.24054,8039
FBXW2,0.24057,8040
MEX3D,0.24057,8041
STC2,0.24065,8042
SCAF4,0.2407,8043
CR1L,0.24079,8044
VWA9,0.2409,8045
CDHR3,0.24094,8046
HAUS7,0.24094,8047
KITLG,0.24097,8048
ABT1,0.24098,8049
PODN,0.24098,8050
MAP6D1,0.241,8051
PLD1,0.241,8052
MAP1A,0.24103,8053
PIP,0.24118,8054
KCNE1,0.24122,8055
EFCAB4A,0.24138,8056
NCKAP5,0.24142,8057
DBR1,0.24146,8058
GSX1,0.24146,8059
CCDC147,0.2415,8060
SIGLEC14,0.24152,8061
CKB,0.24158,8062
POLG,0.24165,8063
CCDC181,0.24169,8064
OR1G1,0.24174,8065
COQ6,0.24186,8066
GPR149,0.24195,8067
LCP1,0.24203,8068
MED12L,0.24205,8069
OR1L8,0.24211,8070
PRR24,0.24215,8071
CNOT4,0.2423,8072
SAE1,0.24231,8073
GABRB3,0.2424,8074
GLYR1,0.24243,8075
FLII,0.24247,8076
SULT1A3,0.24248,8077
KRTAP6-1,0.24251,8078
SNTG2,0.24257,8079
CDK5RAP1,0.24263,8080
PRELID2,0.24267,8081
C12orf40,0.24268,8082
C12orf50,0.24268,8083
GTF3C4,0.24274,8084
GJA9,0.24275,8085
SOHLH2,0.24278,8086
CASR,0.24279,8087
ATP6AP1L,0.24283,8088
FAM111A,0.24285,8089
C19orf33,0.24287,8090
KRBA2,0.24311,8091
MAGEB5,0.24312,8092
MAPK9,0.24331,8093
DYNC2LI1,0.24333,8094
C20orf194,0.24335,8095
C9orf78,0.2434,8096
OPALIN,0.24344,8097
FAM157B,0.24348,8098
FMNL3,0.24352,8099
RFX7,0.24356,8100
GSTM1,0.2436,8101
LOC100506688,0.2436,8102
PAGE2B,0.24364,8103
CCBL1,0.24372,8104
SPAST,0.24372,8105
AAMP,0.24388,8106
CHRNA3,0.24392,8107
BACE2,0.24404,8108
PHLPP1,0.2442,8109
ZNF646,0.24421,8110
GRASP,0.24425,8111
CPLX3,0.24428,8112
MYOCD,0.24431,8113
SPATA31E1,0.24443,8114
NHLH2,0.24452,8115
UTRN,0.24461,8116
CSNK1A1L,0.24468,8117
DNAH8,0.24474,8118
AGTR2,0.24481,8119
BPIFB1,0.24486,8120
HSPB9,0.24509,8121
MPZL2,0.24521,8122
RTN4IP1,0.24527,8123
LZIC,0.24545,8124
RND3,0.24561,8125
RANBP6,0.24569,8126
TOX,0.24577,8127
GPR56,0.24578,8128
MRPL42,0.24593,8129
IFITM2,0.24593,8130
SLC15A5,0.24601,8131
SLC41A2,0.24609,8132
CLCN2,0.2461,8133
CHCHD7,0.24613,8134
DIDO1,0.24615,8135
KRT80,0.24617,8136
SCAI,0.24625,8137
LONRF3,0.24629,8138
XRN1,0.24635,8139
GRAPL,0.24639,8140
KLHL25,0.24641,8141
YIF1A,0.24643,8142
APCDD1,0.24645,8143
FAM221A,0.2465,8144
TAC3,0.24655,8145
SEC14L5,0.24655,8146
RPL13A,0.24677,8147
C1orf94,0.24677,8148
FAM217B,0.24685,8149
SCLT1,0.24687,8150
RFPL4B,0.24688,8151
LRWD1,0.24703,8152
POU2F3,0.24706,8153
PGK1,0.24709,8154
CBLN2,0.24714,8155
FBXO8,0.24731,8156
XRN2,0.24733,8157
GEMIN7,0.24746,8158
CLTA,0.24758,8159
CYB5R1,0.24759,8160
ERN2,0.24761,8161
HNRNPA0,0.24762,8162
PCDHGA6,0.24766,8163
ATP6V1H,0.24766,8164
ZNF280D,0.24774,8165
TCL1B,0.24798,8166
DDX53,0.24804,8167
SCTR,0.2481,8168
AMOTL1,0.24814,8169
ACP1,0.24824,8170
C1orf198,0.24836,8171
VNN1,0.2484,8172
FAM193B,0.24844,8173
KLRG2,0.24866,8174
DENND2A,0.24869,8175
ENTPD8,0.2487,8176
SLC37A4,0.24878,8177
NKAPL,0.24879,8178
CLEC3A,0.24884,8179
SPATA32,0.24886,8180
WRNIP1,0.2489,8181
BLOC1S3,0.24896,8182
HEATR4,0.24904,8183
METTL2A,0.24909,8184
AHCY,0.24909,8185
TICAM2,0.24913,8186
CSN3,0.24916,8187
GGPS1,0.24918,8188
ECM2,0.24918,8189
CDK6,0.24919,8190
JAKMIP1,0.24922,8191
SPINT2,0.24925,8192
MTRNR2L6,0.24946,8193
C10orf137,0.24962,8194
ZNF740,0.24966,8195
SP8,0.24974,8196
ABCB8,0.2498,8197
CCKAR,0.24983,8198
RRAGA,0.24988,8199
GORAB,0.24994,8200
CREB3L4,0.24998,8201
NOP2,0.25001,8202
ADAT2,0.25006,8203
HS3ST3B1,0.25013,8204
CYP11A1,0.25013,8205
RAET1G,0.25018,8206
ARHGAP39,0.25021,8207
CYP2C8,0.25026,8208
OR5D16,0.25042,8209
ZC2HC1A,0.25045,8210
ZNF439,0.25048,8211
CASC4,0.25058,8212
C1orf27,0.25066,8213
LRRTM3,0.25068,8214
GAPT,0.2507,8215
CCL15,0.25074,8216
MYL2,0.25079,8217
FAM102A,0.25083,8218
ACCSL,0.25096,8219
FAM3D,0.25116,8220
CCDC68,0.25122,8221
UBA6,0.25125,8222
WASL,0.2513,8223
TMEM65,0.25134,8224
C16orf89,0.2515,8225
KRTAP10-1,0.25154,8226
SLC29A2,0.25156,8227
PATE3,0.25164,8228
NBN,0.25164,8229
LRTM2,0.25172,8230
NHLRC2,0.25179,8231
TMBIM4,0.25194,8232
LMAN2,0.2521,8233
ZBTB46,0.25217,8234
TLE4,0.25217,8235
ALG3,0.25218,8236
ATP7A,0.25226,8237
DLX6,0.2523,8238
FOLR3,0.25236,8239
HYLS1,0.25238,8240
GFRAL,0.25242,8241
C12orf44,0.25252,8242
PPM1K,0.25258,8243
KPNA5,0.25262,8244
NKX2-8,0.25266,8245
NTF4,0.25275,8246
FNDC9,0.25277,8247
C5AR1,0.25278,8248
SLCO1A2,0.25286,8249
LONP1,0.25288,8250
NGB,0.2529,8251
OCLN,0.2529,8252
SMCO4,0.25298,8253
RAD51AP2,0.2531,8254
RNF166,0.2531,8255
C9orf170,0.25313,8256
MOG,0.25317,8257
TP53TG3C,0.25318,8258
MCF2L,0.25324,8259
KIR2DL3,0.25327,8260
SOCS7,0.25333,8261
BPIFB4,0.25341,8262
TROAP,0.25346,8263
RIMKLA,0.2535,8264
DTWD1,0.25353,8265
INIP,0.25357,8266
ZSCAN16,0.25361,8267
DPH5,0.25361,8268
HIST1H2AM,0.25367,8269
SLX1A,0.25385,8270
TXNRD3NB,0.25392,8271
PRAMEF20,0.25397,8272
TMEM161A,0.25402,8273
PLA2G1B,0.25403,8274
BRD2,0.25408,8275
ANKRD13C,0.25409,8276
CRNKL1,0.25418,8277
HSPA14,0.25419,8278
OR5AC2,0.25419,8279
LONRF2,0.25437,8280
MAOA,0.25438,8281
LCN10,0.25445,8282
DHRS7B,0.25449,8283
CTU2,0.25457,8284
TINF2,0.25465,8285
DNASE1,0.25469,8286
BBS5,0.25472,8287
KDELC1,0.2548,8288
ZNF24,0.25481,8289
KRTAP3-3,0.25482,8290
LGALS8,0.25485,8291
PLG,0.25493,8292
TMC2,0.25505,8293
RHBDL2,0.25506,8294
CALCOCO1,0.25509,8295
ERVMER34-1,0.25517,8296
CIAPIN1,0.25519,8297
PDLIM7,0.2552,8298
TMEM191B,0.25521,8299
HLA-G,0.25521,8300
SNX15,0.25525,8301
KCNJ12,0.25537,8302
PLCB4,0.25541,8303
MEP1A,0.25544,8304
ZSCAN1,0.25564,8305
PRPF39,0.25572,8306
FCRL2,0.25576,8307
CA8,0.2559,8308
LOC100506422,0.25617,8309
FAHD2B,0.2562,8310
TMEM155,0.25628,8311
CYP26B1,0.25631,8312
MSH4,0.25636,8313
PALLD,0.2564,8314
PHKB,0.25659,8315
RIPK1,0.2566,8316
ITPR3,0.25668,8317
QARS,0.25671,8318
WDR72,0.25674,8319
ZNF765,0.25681,8320
CLEC5A,0.25684,8321
ARL3,0.25688,8322
LIPE,0.25693,8323
C19orf12,0.25695,8324
FTHL17,0.25699,8325
EIF4EBP1,0.25707,8326
KIF16B,0.25711,8327
GIP,0.25714,8328
C6orf211,0.25715,8329
CCK,0.25719,8330
POLE3,0.25721,8331
SPRYD3,0.25723,8332
GP2,0.25725,8333
KRTAP2-1,0.25743,8334
SMIM17,0.2575,8335
FAM19A3,0.25755,8336
C10orf111,0.25759,8337
CCL8,0.25767,8338
ATXN3L,0.25772,8339
PHF3,0.25781,8340
TMEM243,0.25787,8341
KIAA0101,0.25791,8342
MACROD2,0.25795,8343
C11orf48,0.25795,8344
FAM53B,0.25799,8345
RPP38,0.25803,8346
ZNF518A,0.25803,8347
SNTA1,0.25807,8348
TCF12,0.25809,8349
NXF3,0.25814,8350
TXNDC5,0.25829,8351
AHCTF1,0.25834,8352
MSL3,0.25838,8353
GJB4,0.25846,8354
MMP15,0.2586,8355
TBC1D21,0.25866,8356
RNASE11,0.25888,8357
KCTD2,0.25888,8358
SMO,0.25895,8359
GPX5,0.25906,8360
MYO5B,0.25918,8361
CPT1B,0.25927,8362
CLUAP1,0.25933,8363
ZNF397,0.25945,8364
GDAP2,0.25949,8365
SNX13,0.25965,8366
NFATC3,0.25968,8367
TANGO2,0.25968,8368
LINC00594,0.25969,8369
AXL,0.25981,8370
SRGAP2,0.25996,8371
UMPS,0.26001,8372
EI24,0.2602,8373
DDIT3,0.26024,8374
MLXIP,0.26028,8375
RPS13,0.2604,8376
LILRA6,0.26048,8377
CISH,0.26052,8378
ATG16L1,0.26058,8379
TBK1,0.26062,8380
GYPC,0.26064,8381
DDIT4L,0.26076,8382
CNOT6,0.26104,8383
EMC3,0.26104,8384
ANKRD52,0.26107,8385
GLT6D1,0.26107,8386
BTG1,0.26114,8387
SAP30BP,0.26127,8388
POFUT1,0.26129,8389
ZNF292,0.2613,8390
SOGA3,0.26146,8391
CACNA2D3,0.26159,8392
POU2AF1,0.2616,8393
CIZ1,0.26173,8394
FAM160B1,0.26173,8395
OR5F1,0.26186,8396
AP5B1,0.26198,8397
LAMA1,0.2621,8398
RNASE9,0.26214,8399
SCAF11,0.26219,8400
METTL23,0.26221,8401
ITGB4,0.2623,8402
ZNF430,0.2623,8403
ABCA10,0.26234,8404
LIM2,0.26236,8405
KLK13,0.2624,8406
KRTAP9-8,0.26255,8407
ABHD12,0.26261,8408
ANGPT2,0.26261,8409
MYO3B,0.26264,8410
RPS9,0.26268,8411
COLQ,0.26273,8412
SLC27A6,0.26274,8413
AQP4,0.26285,8414
B9D2,0.26286,8415
GJE1,0.263,8416
ACTR2,0.26306,8417
EMP2,0.26315,8418
TMEM150A,0.26317,8419
PMS1,0.26319,8420
ARHGDIB,0.26325,8421
FAXC,0.26331,8422
ZEB2,0.26331,8423
UFM1,0.26348,8424
MYL5,0.26348,8425
C9orf172,0.26352,8426
ZNF699,0.26358,8427
B4GALT6,0.26362,8428
ARFGEF2,0.26364,8429
KIAA0907,0.26368,8430
DAGLB,0.26372,8431
BRAF,0.26372,8432
IGSF8,0.26372,8433
ASCC3,0.2638,8434
FOLH1,0.26406,8435
TMEM66,0.26416,8436
MRPS22,0.2642,8437
DCAF12L1,0.26431,8438
AGBL1,0.26445,8439
LDLRAD1,0.26451,8440
ROR2,0.26455,8441
KRTAP10-6,0.26474,8442
RNF186,0.26482,8443
RBFOX1,0.26486,8444
OCLM,0.265,8445
MPHOSPH6,0.26503,8446
SNCB,0.2651,8447
FANCC,0.26518,8448
CDK5R2,0.26526,8449
PLSCR5,0.26537,8450
GRIN2C,0.2654,8451
CLIP1,0.26541,8452
HHIP,0.26544,8453
CTR9,0.26553,8454
PLD6,0.26553,8455
PCDHAC1,0.26559,8456
WDR17,0.26564,8457
KCNS1,0.26577,8458
DOK4,0.2658,8459
EML2,0.2659,8460
CTDSPL2,0.26596,8461
LARP4B,0.26597,8462
AKR1B15,0.266,8463
PCDHB3,0.26608,8464
FBXO38,0.26608,8465
SCN8A,0.26635,8466
STOML2,0.26641,8467
SF3B14,0.26643,8468
MRPL24,0.26647,8469
C6orf1,0.26658,8470
ANKUB1,0.26659,8471
MYL6,0.2666,8472
FAM208B,0.26663,8473
BLOC1S1,0.26672,8474
SLURP1,0.26677,8475
GABPB1,0.26684,8476
PCDHA1,0.26695,8477
DNAAF1,0.26695,8478
TLR6,0.26704,8479
SPTAN1,0.2671,8480
AJAP1,0.26714,8481
GLDC,0.26724,8482
NIPAL4,0.26742,8483
HEXB,0.26743,8484
S100A6,0.2675,8485
KRTAP6-2,0.26751,8486
ANXA1,0.26756,8487
EQTN,0.26765,8488
PPP2R3C,0.26767,8489
EFCAB14,0.26769,8490
C19orf77,0.26776,8491
CREBBP,0.26781,8492
CSGALNACT1,0.26788,8493
ZNF212,0.26792,8494
MRVI1,0.26801,8495
HLA-DOB,0.26808,8496
HIST2H3A,0.26812,8497
PRPF3,0.26815,8498
MTERFD2,0.26816,8499
RABGEF1,0.26823,8500
ZBTB34,0.26824,8501
PLP2,0.26832,8502
OTOF,0.26859,8503
TRIML2,0.26859,8504
OR6K2,0.26867,8505
PKHD1,0.26879,8506
RNF169,0.26883,8507
PTPN12,0.26885,8508
FARP1,0.26889,8509
DOC2A,0.26895,8510
FAM76B,0.26918,8511
PAQR9,0.26927,8512
SAMD9L,0.26929,8513
LSM7,0.26946,8514
GALNT11,0.2696,8515
GSC,0.26966,8516
C1orf159,0.26973,8517
AMY2A,0.26978,8518
NICN1,0.26981,8519
RAB6A,0.26983,8520
CHORDC1,0.26985,8521
GPR21,0.26997,8522
MAPK10,0.26998,8523
INHBB,0.27004,8524
MUM1,0.27008,8525
RPL10,0.27016,8526
C9orf72,0.27024,8527
CHCHD2,0.27047,8528
CADM3,0.27051,8529
DRD4,0.27066,8530
PCDHB13,0.27077,8531
CRELD1,0.27086,8532
MIB1,0.27091,8533
SNX10,0.27104,8534
MAN1A2,0.27104,8535
GBGT1,0.27118,8536
EZR,0.27124,8537
FCGR1B,0.27129,8538
STON2,0.27145,8539
CCDC115,0.27149,8540
PARP10,0.27165,8541
ANKFY1,0.2717,8542
TRAPPC3,0.27172,8543
BCAR3,0.27183,8544
EVI2B,0.27192,8545
FAM71A,0.27202,8546
SSR2,0.27205,8547
C19orf57,0.27208,8548
E2F4,0.27217,8549
ZNF497,0.27219,8550
COX5B,0.27231,8551
LTV1,0.27243,8552
SURF2,0.27244,8553
DCAF11,0.27254,8554
RXFP4,0.27258,8555
ACYP1,0.2726,8556
ATF5,0.27264,8557
TMEM26,0.27282,8558
PTK2,0.27294,8559
OTUD7B,0.27296,8560
MRPL3,0.27297,8561
ARID1A,0.27313,8562
ASPRV1,0.27321,8563
SCARB1,0.27344,8564
CD2BP2,0.27352,8565
EBF2,0.2737,8566
PKN1,0.27373,8567
IPO8,0.27375,8568
SATL1,0.27387,8569
C9orf69,0.27387,8570
FAM150A,0.27391,8571
BRD9,0.27397,8572
ANO8,0.27401,8573
ZNF600,0.27402,8574
PTAR1,0.27411,8575
CSMD3,0.27414,8576
RBM33,0.27418,8577
45176,0.27422,8578
GRIK2,0.27428,8579
CREB3L1,0.2743,8580
GPC4,0.27434,8581
ZIM3,0.27438,8582
ARHGAP44,0.27438,8583
PIPOX,0.27456,8584
DAGLA,0.27461,8585
RASD2,0.27461,8586
MYO1B,0.27473,8587
ANKRD37,0.27477,8588
LENG9,0.27481,8589
ITGB5,0.27485,8590
C18orf63,0.27488,8591
TST,0.27491,8592
ZNF823,0.27495,8593
ZNF227,0.27516,8594
KLKB1,0.27518,8595
OR52K2,0.27521,8596
MRPS24,0.27532,8597
GRB10,0.27533,8598
ESRRG,0.2754,8599
SLN,0.27543,8600
ADAM7,0.27544,8601
SRRM4,0.27544,8602
ZNF678,0.27547,8603
IPO5,0.27547,8604
LEPREL2,0.27555,8605
GFER,0.27558,8606
C15orf52,0.27561,8607
UTP11L,0.27562,8608
ZMYM6,0.27562,8609
DDX27,0.27566,8610
BCLAF1,0.27574,8611
ZSCAN4,0.27577,8612
C2orf16,0.27585,8613
SNRNP200,0.27591,8614
HES2,0.27614,8615
MREG,0.2762,8616
RDH13,0.27621,8617
SELK,0.27625,8618
CEP290,0.27628,8619
PATL2,0.27659,8620
CHST1,0.2767,8621
MUS81,0.27691,8622
MCUR1,0.27695,8623
MMP16,0.27706,8624
LRRC23,0.2771,8625
GMEB2,0.27718,8626
MMD2,0.27722,8627
RTFDC1,0.27723,8628
GPR1,0.27728,8629
RNF214,0.2773,8630
CALCR,0.27736,8631
TRAM1L1,0.27749,8632
IGIP,0.27757,8633
GJB2,0.27762,8634
LARS,0.27764,8635
TAS2R43,0.27767,8636
JPH2,0.27767,8637
KLHL5,0.27776,8638
SULF2,0.27782,8639
PLEKHA1,0.27787,8640
PRG3,0.27788,8641
MYH7B,0.27795,8642
C17orf74,0.2781,8643
ZNF839,0.27819,8644
POLL,0.27822,8645
NME7,0.27826,8646
MIF4GD,0.27827,8647
FAM203A,0.27854,8648
TEPP,0.27881,8649
SFT2D3,0.27885,8650
CMC1,0.27886,8651
LYPD6B,0.27889,8652
KIAA0430,0.27893,8653
SNURF,0.27896,8654
RPS16,0.27908,8655
OPTC,0.27919,8656
COL19A1,0.2792,8657
TRAPPC4,0.27926,8658
ROGDI,0.27932,8659
BTC,0.27935,8660
CHODL,0.2795,8661
PHYHIP,0.27962,8662
BTNL2,0.27968,8663
LRRC63,0.27978,8664
ANXA10,0.27982,8665
HSD17B12,0.27988,8666
TMEM87A,0.27989,8667
KCNH5,0.28011,8668
GFPT1,0.28016,8669
CNGA1,0.2802,8670
ZNF720,0.28021,8671
USP47,0.28027,8672
PLEKHG7,0.28032,8673
TNFRSF10A,0.28038,8674
AAK1,0.2804,8675
COMMD2,0.28059,8676
OR2J2,0.28059,8677
HILPDA,0.28063,8678
SAMD12,0.28066,8679
EHMT2,0.28069,8680
L3HYPDH,0.28069,8681
TUBB4A,0.28072,8682
PXT1,0.28078,8683
ZNF83,0.28101,8684
NEURL,0.28103,8685
MIS12,0.28108,8686
FAM86A,0.28109,8687
PTPN9,0.28115,8688
ECHDC3,0.28122,8689
PINLYP,0.28125,8690
RAD9B,0.28125,8691
CNBD1,0.28129,8692
C5orf52,0.28131,8693
AP1S1,0.28136,8694
HSPA12A,0.28141,8695
RPL37,0.28152,8696
EPHA4,0.28152,8697
P2RY14,0.2816,8698
AK5,0.2816,8699
AKR7A2,0.28163,8700
FAM85B,0.28168,8701
ARC,0.28175,8702
IMPACT,0.2818,8703
PTGR1,0.28182,8704
AMACR,0.28187,8705
FBXO3,0.2819,8706
CYB561D2,0.28202,8707
NRROS,0.28207,8708
TMEM39B,0.28212,8709
CDKN1A,0.28248,8710
LARP6,0.28263,8711
CPZ,0.28268,8712
EXTL2,0.28279,8713
ZNF680,0.28294,8714
POM121L12,0.28296,8715
CORO1C,0.28306,8716
REPIN1,0.28308,8717
TCOF1,0.2831,8718
CEP76,0.28315,8719
LOC728637,0.28318,8720
FAM131A,0.28322,8721
ACTRT1,0.28325,8722
MKS1,0.28326,8723
ZNF280A,0.28329,8724
HCST,0.28341,8725
DCTN5,0.28342,8726
OPA1,0.28344,8727
ZPBP,0.28349,8728
KRTAP10-11,0.28356,8729
B3GALNT1,0.2836,8730
C1orf173,0.2836,8731
SRD5A2,0.28373,8732
ARPC5,0.28383,8733
VIMP,0.28387,8734
RAD54B,0.28391,8735
LRP11,0.28394,8736
COPZ2,0.28399,8737
ZBTB44,0.28403,8738
QRICH2,0.28407,8739
MOB1B,0.28411,8740
TMEM163,0.28411,8741
POU4F2,0.28418,8742
PSME2,0.2842,8743
OR51B4,0.28431,8744
MZT2A,0.28431,8745
SIGMAR1,0.28437,8746
ZNF500,0.28449,8747
MYH1,0.28455,8748
MCMBP,0.28455,8749
CPNE3,0.28476,8750
ST6GALNAC5,0.28482,8751
RPS27,0.28482,8752
FGF7,0.28503,8753
ACTL10,0.2851,8754
C17orf70,0.28514,8755
CHST7,0.28526,8756
KPNA3,0.2853,8757
TCP10L,0.28556,8758
ENAH,0.28568,8759
TLE1,0.28574,8760
INVS,0.28576,8761
FAU,0.2858,8762
CAV1,0.2859,8763
TTC17,0.28591,8764
GBF1,0.28605,8765
RIPK3,0.28607,8766
RXFP1,0.28619,8767
CDNF,0.28622,8768
MYBPC2,0.28631,8769
PEX11A,0.28637,8770
HNRNPR,0.2865,8771
SYT6,0.28661,8772
FAM46B,0.28664,8773
CD248,0.28669,8774
GCM1,0.28672,8775
EVI5,0.28676,8776
LIG4,0.28679,8777
HOXB8,0.28685,8778
ZNF618,0.28687,8779
TESK2,0.28691,8780
PHF19,0.28694,8781
GHDC,0.28699,8782
TMEM145,0.28705,8783
COL4A3,0.28716,8784
PFDN4,0.28722,8785
SMYD3,0.28726,8786
USP44,0.28727,8787
GEMIN4,0.2873,8788
DGKZ,0.28732,8789
HYDIN,0.28737,8790
SIRT7,0.28754,8791
RNFT2,0.28776,8792
NME6,0.28795,8793
B3GALT1,0.28799,8794
SLC6A17,0.28803,8795
RAB19,0.28803,8796
KAT2B,0.28818,8797
DDX59,0.28829,8798
NEIL3,0.28845,8799
HIST2H4B,0.28852,8800
ZNF485,0.28852,8801
GTF2IRD2B,0.28857,8802
TMEM183A,0.28864,8803
PFKFB3,0.28866,8804
FAM24A,0.2887,8805
LDHA,0.28876,8806
ZNF585B,0.28883,8807
EIF4ENIF1,0.28895,8808
ACTG2,0.28899,8809
SPINK2,0.28906,8810
FAM102B,0.2891,8811
OTUD7A,0.28912,8812
NKX2-5,0.28921,8813
SMAGP,0.28925,8814
IL1RAPL2,0.28931,8815
PPP2R1A,0.28935,8816
ATAD3B,0.28942,8817
LMCD1,0.28944,8818
GRSF1,0.28948,8819
IL18BP,0.28955,8820
PRAMEF10,0.28956,8821
TAF7,0.28977,8822
ZNF706,0.28987,8823
WIPF2,0.2899,8824
PCDHA2,0.28996,8825
FAM71F1,0.29005,8826
MT1X,0.29006,8827
CYP4A11,0.29007,8828
FKBP7,0.29023,8829
GOLGA8A,0.29038,8830
PPP1R14A,0.29055,8831
AP1AR,0.29063,8832
PTMS,0.29065,8833
ME1,0.29089,8834
DNM2,0.29101,8835
GIPC2,0.29109,8836
DIRC2,0.29114,8837
ACADSB,0.29117,8838
SHROOM2,0.2912,8839
DPP10,0.29124,8840
SUGP2,0.29126,8841
NFKBIL1,0.29128,8842
GLI4,0.29132,8843
BLVRB,0.29136,8844
OR4A15,0.2914,8845
PCOLCE2,0.29144,8846
MYH2,0.29161,8847
STOX1,0.29163,8848
AMFR,0.29166,8849
OR2G3,0.2917,8850
GKN2,0.29176,8851
MARK2,0.29185,8852
CACNA2D2,0.29195,8853
RTBDN,0.29203,8854
SLITRK2,0.29207,8855
RUVBL2,0.29213,8856
RALBP1,0.29216,8857
ZNF682,0.29233,8858
ANKRD66,0.29237,8859
LYPD5,0.29239,8860
AADAT,0.29249,8861
HMP19,0.29269,8862
CRELD2,0.29274,8863
KDM5D,0.29289,8864
CD74,0.29292,8865
TMEM116,0.29294,8866
GDF3,0.29296,8867
PSMD5,0.29315,8868
C14orf105,0.29331,8869
PAPSS1,0.29333,8870
SMN1,0.29338,8871
DES,0.29341,8872
NACC1,0.29347,8873
RBM14-RBM4,0.29348,8874
CNTROB,0.29352,8875
FREM1,0.29361,8876
ASTN1,0.29361,8877
LCN12,0.29371,8878
HTR2C,0.29373,8879
HIST1H3F,0.29378,8880
SLC35F1,0.2938,8881
PIGS,0.29385,8882
SLC25A20,0.29392,8883
C19orf52,0.29395,8884
CGA,0.29404,8885
RNF38,0.29406,8886
PCSK7,0.29406,8887
44991,0.29408,8888
HCFC1,0.29426,8889
KRT83,0.29437,8890
ANXA11,0.29453,8891
DMRT3,0.29461,8892
JARID2,0.29465,8893
SUCNR1,0.29471,8894
F11,0.29475,8895
IK,0.29479,8896
TCHH,0.29481,8897
SGTA,0.29487,8898
SCAMP3,0.29493,8899
AP1B1,0.29512,8900
SLC35B3,0.29518,8901
TAPBP,0.29559,8902
IL15,0.29565,8903
DOCK11,0.29578,8904
SLC19A3,0.2958,8905
POLR1B,0.29586,8906
CLCA4,0.29596,8907
CYS1,0.29601,8908
RAB5A,0.29603,8909
RDH16,0.29605,8910
IL13RA1,0.29608,8911
GPHA2,0.29616,8912
ZBTB38,0.29617,8913
AMZ2,0.29639,8914
CFHR1,0.29642,8915
PLS1,0.29643,8916
TMEM151B,0.29643,8917
CLIC4,0.29651,8918
YIPF3,0.29654,8919
AK4,0.29662,8920
PCDHB15,0.29666,8921
CDCA4,0.29673,8922
SLC16A10,0.29682,8923
DOT1L,0.29682,8924
DLL4,0.29686,8925
ATP5S,0.29688,8926
PARP8,0.29696,8927
VAMP4,0.29698,8928
HS2ST1,0.297,8929
COQ5,0.29702,8930
EFCAB7,0.29706,8931
PABPC1L,0.29707,8932
C1orf204,0.29708,8933
WDR88,0.2971,8934
SEMA6A,0.29713,8935
AKAP6,0.29713,8936
KIF25,0.29726,8937
TRAT1,0.29726,8938
NUP85,0.2973,8939
HGC6.3,0.29738,8940
EPS15L1,0.29748,8941
KRTAP4-6,0.29757,8942
DENND2C,0.29767,8943
FMO1,0.29772,8944
ZNF688,0.29776,8945
CCDC107,0.29796,8946
TCP1,0.2981,8947
IL11RA,0.29811,8948
AIM1,0.29816,8949
CEP170,0.29821,8950
CAP2,0.29834,8951
MRS2,0.29841,8952
DDX5,0.29842,8953
HGFAC,0.29848,8954
TTC7A,0.29855,8955
PTPN1,0.29867,8956
TNFAIP8L2,0.29874,8957
UFC1,0.29886,8958
HNRNPDL,0.29888,8959
C16orf95,0.29905,8960
MOSPD3,0.29912,8961
MZT1,0.29913,8962
GPR65,0.29924,8963
OR56A4,0.29931,8964
PPM1B,0.29935,8965
ESD,0.29937,8966
ATG12,0.29942,8967
LRRC8A,0.29942,8968
CCDC105,0.29943,8969
PITX1,0.2995,8970
ALKBH4,0.29961,8971
C4orf29,0.29965,8972
FSTL4,0.29975,8973
TEAD3,0.29977,8974
SUPT3H,0.29978,8975
STAMBPL1,0.29988,8976
ST6GALNAC4,0.29991,8977
ING1,0.29994,8978
HNMT,0.29994,8979
OR2T27,0.3,8980
GHRL,0.30006,8981
DUSP15,0.30008,8982
CLEC17A,0.30012,8983
TIGD5,0.30015,8984
FLAD1,0.30022,8985
FCRLA,0.30022,8986
FUCA1,0.30022,8987
ZFP69B,0.30033,8988
CLOCK,0.30037,8989
BAG2,0.30052,8990
CLDN17,0.30066,8991
PGLYRP2,0.30086,8992
RENBP,0.30092,8993
TMEM86B,0.30094,8994
MPI,0.30101,8995
RUNX1T1,0.30113,8996
FBXO2,0.30117,8997
RBP5,0.30122,8998
SSBP1,0.30134,8999
SUSD5,0.30138,9000
UPK3A,0.30149,9001
NUP98,0.30154,9002
OR5H14,0.30158,9003
ERC1,0.3016,9004
SLC6A11,0.30168,9005
LEAP2,0.30171,9006
NAT10,0.30189,9007
UBLCP1,0.30191,9008
POTEB2,0.30192,9009
TREH,0.30199,9010
PECAM1,0.30211,9011
C10orf128,0.30226,9012
STC1,0.30229,9013
IFNW1,0.30233,9014
RICTOR,0.30235,9015
ABCA4,0.3025,9016
G6PC3,0.30253,9017
TMEM247,0.30271,9018
RXRG,0.30279,9019
SCP2D1,0.30281,9020
TDRD3,0.30313,9021
C17orf96,0.30317,9022
HRNR,0.30321,9023
FAM110B,0.30321,9024
FAM132A,0.30338,9025
CCNB1IP1,0.30343,9026
CDX4,0.30354,9027
ACRV1,0.30356,9028
APEX1,0.30358,9029
CAMK2A,0.30362,9030
MAGEC2,0.30387,9031
GPR83,0.30388,9032
HAPLN3,0.30391,9033
TMEM234,0.30397,9034
TNNI3K,0.30403,9035
KCTD4,0.30411,9036
DNAH11,0.30415,9037
GNG3,0.30439,9038
ZNF75A,0.30447,9039
LPO,0.3046,9040
FZD2,0.30465,9041
IFT27,0.30476,9042
SIX5,0.30483,9043
PLEKHA6,0.30486,9044
FAM109B,0.30488,9045
PRICKLE2,0.30494,9046
KRTAP2-2,0.30503,9047
SUSD4,0.30503,9048
SQLE,0.30513,9049
IRF2BP2,0.30517,9050
GPR68,0.30519,9051
AMPH,0.3053,9052
CNIH2,0.30533,9053
OR5D14,0.30538,9054
MTPN,0.30546,9055
STAG1,0.3055,9056
GOLT1B,0.30559,9057
PYGM,0.30565,9058
FAT3,0.30569,9059
NDUFAF2,0.3057,9060
PARVB,0.30576,9061
ZNF343,0.30584,9062
OR1N2,0.30588,9063
AVPR1A,0.30592,9064
NOL7,0.30595,9065
MAGOH,0.30597,9066
CD63,0.30603,9067
NSDHL,0.3063,9068
SLC25A41,0.30635,9069
TOMM20,0.30637,9070
PIGT,0.3064,9071
ARPC1B,0.3064,9072
SNRNP40,0.30656,9073
GDF11,0.30658,9074
CDK4,0.30667,9075
CCDC59,0.30678,9076
FGF22,0.30693,9077
MRFAP1L1,0.30693,9078
RNF7,0.30696,9079
PEX10,0.30706,9080
ZP1,0.30715,9081
DNAH3,0.30716,9082
ZNF787,0.3072,9083
MIR205HG,0.30722,9084
C5orf28,0.30725,9085
CGN,0.30733,9086
PTPRCAP,0.30739,9087
TCEB3C,0.30742,9088
RGS9,0.30744,9089
MEIS2,0.30753,9090
MAML3,0.30757,9091
ZNF184,0.30761,9092
ZHX3,0.30765,9093
DAZL,0.30776,9094
ZFYVE9,0.30784,9095
HLTF,0.30789,9096
PPP1R14D,0.30798,9097
C12orf29,0.30799,9098
MRPS14,0.30805,9099
ZNF433,0.30817,9100
OGDH,0.30822,9101
SYCE2,0.30824,9102
FAM19A4,0.30825,9103
PVRL2,0.3083,9104
C5orf17,0.3083,9105
DSPP,0.30836,9106
BLNK,0.30847,9107
CDKL1,0.30854,9108
TMEM214,0.30858,9109
CCDC66,0.3086,9110
SLC35E2,0.30879,9111
POP7,0.30883,9112
RAB11FIP5,0.30884,9113
FBLN5,0.30885,9114
ARHGEF10,0.30891,9115
WSCD1,0.30896,9116
HMGB3,0.30899,9117
MSS51,0.30907,9118
DNAJC25,0.30911,9119
LTB4R2,0.30914,9120
FERD3L,0.30918,9121
ALKBH7,0.30926,9122
IKZF2,0.30926,9123
RPS26,0.30956,9124
JPH3,0.30959,9125
STK16,0.30961,9126
PANK4,0.30961,9127
LRRC39,0.30965,9128
USP48,0.30986,9129
RP1L1,0.31008,9130
RANBP3L,0.31008,9131
HIST1H2AB,0.31019,9132
TMEM222,0.31027,9133
FAM131B,0.3103,9134
WBP2NL,0.31039,9135
OR4C6,0.31053,9136
PCYOX1L,0.31058,9137
MOB3A,0.31059,9138
AP1G1,0.31072,9139
ARHGAP21,0.31075,9140
TFR2,0.31079,9141
OR10K1,0.31079,9142
COPS2,0.31086,9143
NCAM2,0.31098,9144
TBCEL,0.31103,9145
SUSD1,0.31113,9146
KCNT2,0.31124,9147
DRG2,0.31128,9148
OR52L1,0.31132,9149
ZNF224,0.31137,9150
RNF5,0.31151,9151
MMP10,0.31154,9152
SLITRK5,0.31157,9153
SLC2A6,0.31167,9154
GCLM,0.31176,9155
CYP19A1,0.31183,9156
RAX2,0.3119,9157
MURC,0.31191,9158
SPPL2C,0.31202,9159
CCDC79,0.31205,9160
USP45,0.31206,9161
IMPG2,0.3121,9162
ATP12A,0.31214,9163
MT1F,0.31226,9164
KCNAB1,0.31227,9165
GPR108,0.31232,9166
DNAJA4,0.31241,9167
RNF43,0.31243,9168
RPS7,0.31247,9169
SPATA24,0.31251,9170
C1S,0.31254,9171
CRYZ,0.31269,9172
LRFN4,0.31273,9173
TTYH2,0.31279,9174
MRPL23,0.31282,9175
C18orf56,0.31282,9176
NCF2,0.31292,9177
CEACAM8,0.31294,9178
TNKS1BP1,0.31296,9179
DDC,0.31299,9180
GGA1,0.31304,9181
HEATR1,0.31322,9182
FAM160A2,0.31324,9183
SFTPD,0.31329,9184
DZIP1,0.31331,9185
FAM162A,0.31352,9186
WFS1,0.31361,9187
PIM2,0.31361,9188
PMCH,0.31361,9189
RILPL2,0.31374,9190
DDX46,0.31374,9191
COPS8,0.31381,9192
AFF1,0.31385,9193
OR4M1,0.31387,9194
ARL5B,0.31392,9195
IFNA6,0.31404,9196
CLEC10A,0.31412,9197
ZBTB32,0.31424,9198
FTSJ2,0.31432,9199
ETV6,0.31437,9200
DSC1,0.31437,9201
FDCSP,0.31441,9202
XPO6,0.31463,9203
ANKRD34B,0.31463,9204
ANKRD31,0.31467,9205
ACE2,0.31469,9206
CCDC64B,0.31474,9207
DYRK3,0.31483,9208
KRT14,0.31486,9209
TBX1,0.31494,9210
CAMK2N2,0.31497,9211
KCTD18,0.31498,9212
PDGFC,0.315,9213
PAQR3,0.31508,9214
SCMH1,0.31511,9215
TRIM63,0.31515,9216
BCAT1,0.31515,9217
EGR1,0.31524,9218
GYS2,0.31526,9219
ZBTB7A,0.31529,9220
ZCCHC7,0.31536,9221
OR2G2,0.31559,9222
SLX4IP,0.31577,9223
MED9,0.31585,9224
ARGFX,0.3159,9225
PHTF1,0.31605,9226
SDHAF1,0.31612,9227
OR1D5,0.31619,9228
EMILIN1,0.31623,9229
FURIN,0.31637,9230
C19orf35,0.31638,9231
DEFB123,0.31642,9232
NEU3,0.31656,9233
PDAP1,0.31657,9234
SMARCA2,0.31671,9235
LIN28A,0.31674,9236
TMPRSS7,0.31683,9237
OR2A25,0.31707,9238
OR10J3,0.31712,9239
FAM129B,0.31712,9240
CD80,0.31716,9241
ATXN1L,0.3172,9242
AMIGO1,0.31723,9243
SLC4A11,0.31727,9244
ROCK1,0.31731,9245
PPP1R10,0.31736,9246
FAM57A,0.31744,9247
MRPL30,0.31747,9248
FMOD,0.31755,9249
CCBE1,0.3176,9250
SKP1,0.3176,9251
MORC3,0.31764,9252
EVC2,0.31775,9253
STRAP,0.31775,9254
CHMP5,0.3179,9255
NEFL,0.31815,9256
TNF,0.31828,9257
C16orf58,0.31831,9258
T,0.31838,9259
FUT4,0.31846,9260
ST13,0.31849,9261
GAS2,0.31863,9262
PACRGL,0.3187,9263
KMT2D,0.31876,9264
HECTD4,0.31876,9265
KLRD1,0.31879,9266
THRSP,0.31885,9267
OR1A1,0.31888,9268
EPHA6,0.31902,9269
TANK,0.31906,9270
HACE1,0.31912,9271
CDKN2C,0.31914,9272
GNAI2,0.31925,9273
C14orf183,0.31931,9274
PIP5K1C,0.31936,9275
ZNF420,0.31945,9276
CCDC89,0.31948,9277
THSD4,0.31956,9278
TBL1X,0.31959,9279
SUV39H2,0.31961,9280
MRPS27,0.31969,9281
TIAM1,0.31971,9282
VAT1L,0.31974,9283
NUP188,0.31975,9284
SCARF1,0.31977,9285
MS4A2,0.31982,9286
KBTBD13,0.31987,9287
TAT,0.32005,9288
MOCS2,0.32005,9289
CNPY2,0.32009,9290
DNAH12,0.32014,9291
GLT8D2,0.3202,9292
VRTN,0.32022,9293
DHTKD1,0.32031,9294
NINL,0.32035,9295
MPND,0.32039,9296
LRRC14,0.3204,9297
TTC25,0.32042,9298
ABCF1,0.32042,9299
AVIL,0.32049,9300
ZNF622,0.32058,9301
DIRAS2,0.32066,9302
DCN,0.3207,9303
NOS2,0.32071,9304
ZNF99,0.32079,9305
YPEL5,0.32092,9306
DPP7,0.32106,9307
SNUPN,0.32127,9308
RGL4,0.32128,9309
ZNF385B,0.32132,9310
DEFB136,0.32138,9311
CYP27B1,0.32145,9312
TLR9,0.32149,9313
SLC45A2,0.32149,9314
SERPINA3,0.32164,9315
HOXD9,0.32164,9316
CDCA3,0.32166,9317
C19orf40,0.32171,9318
IFNG,0.32176,9319
GALNT8,0.32189,9320
E2F3,0.32191,9321
EGF,0.32191,9322
RNASEK,0.32193,9323
NPEPL1,0.32195,9324
XKR4,0.32202,9325
SYPL1,0.32204,9326
RELN,0.32206,9327
POM121L2,0.32208,9328
MBNL2,0.32212,9329
S100G,0.32215,9330
RANBP1,0.32227,9331
FUT5,0.3223,9332
TUBA4A,0.32241,9333
KXD1,0.32242,9334
EXOC3L1,0.32246,9335
NEBL,0.32256,9336
TEX261,0.32257,9337
FNDC3A,0.32262,9338
SNTB1,0.32263,9339
TMEM134,0.32272,9340
CCDC19,0.32288,9341
ACOT4,0.32289,9342
PPP2R2A,0.3229,9343
ALDH18A1,0.32299,9344
PSMG1,0.32312,9345
EDEM3,0.32315,9346
CCL17,0.32319,9347
CAPN13,0.32326,9348
LHFPL5,0.32328,9349
PITPNM3,0.32328,9350
ZNF100,0.32333,9351
LPHN3,0.32335,9352
SRRT,0.32341,9353
UBA52,0.32348,9354
DNTTIP2,0.32356,9355
GBP2,0.32359,9356
USP32,0.32359,9357
SEC31B,0.32379,9358
TRIM26,0.32398,9359
SPAG9,0.32403,9360
CPT1A,0.32418,9361
TRPC7,0.32424,9362
MIB2,0.32424,9363
DSCAML1,0.32426,9364
PPP2R5A,0.32433,9365
DGCR14,0.32446,9366
VPS52,0.32456,9367
RNF121,0.32464,9368
ARHGEF10L,0.32475,9369
MKRN2,0.32484,9370
MAMDC2,0.32498,9371
TBC1D22B,0.32499,9372
LYSMD1,0.32517,9373
KRT84,0.32521,9374
OR8H1,0.32525,9375
TMEM203,0.32528,9376
TMEM89,0.3253,9377
MRPS30,0.32543,9378
ABHD12B,0.32548,9379
SDHC,0.32558,9380
DPYSL4,0.32559,9381
ADAMTSL5,0.32565,9382
STMN3,0.32571,9383
TXNIP,0.32573,9384
PRMT5,0.32573,9385
PRR23B,0.3258,9386
CCDC127,0.3258,9387
OASL,0.32602,9388
MFI2,0.32605,9389
KCNK13,0.32605,9390
TIGD2,0.32607,9391
POLR3B,0.3262,9392
PTPN2,0.32637,9393
USP25,0.32644,9394
URB1,0.32652,9395
CUX2,0.32653,9396
CSTF2,0.32655,9397
LRRC30,0.32661,9398
KCNE1L,0.32667,9399
SLC30A4,0.32668,9400
CEACAM7,0.32675,9401
METTL3,0.3269,9402
ZNF627,0.32701,9403
IKBIP,0.32703,9404
RIBC2,0.32708,9405
PWWP2A,0.32716,9406
MGAT5B,0.32718,9407
ZNF461,0.32727,9408
FASTK,0.32738,9409
IRAK1,0.32749,9410
SLC2A10,0.32749,9411
STX12,0.32754,9412
BRIP1,0.3276,9413
PCNXL3,0.32768,9414
CHAT,0.3278,9415
RAB42,0.32783,9416
CALCA,0.32786,9417
KCNJ2,0.32789,9418
BCL9,0.32793,9419
GALM,0.32794,9420
RPN2,0.32804,9421
ATXN7L1,0.32806,9422
GRIP1,0.32811,9423
CLDND1,0.32815,9424
TPRN,0.32818,9425
PNPLA5,0.32821,9426
SLC4A9,0.32824,9427
WDR64,0.32831,9428
DONSON,0.32833,9429
GCG,0.32841,9430
RHBDD2,0.32842,9431
DDX26B,0.32844,9432
CDHR4,0.32845,9433
CCDC57,0.32853,9434
NAPA,0.32862,9435
RPUSD4,0.32875,9436
TXLNB,0.32883,9437
TAP2,0.32897,9438
MROH8,0.32906,9439
ZNF780A,0.32912,9440
PLIN2,0.32915,9441
TNFAIP3,0.32921,9442
ZFP69,0.32924,9443
MC4R,0.32929,9444
CCDC61,0.32935,9445
OPN5,0.32939,9446
GPR35,0.32947,9447
BRINP3,0.32954,9448
LAT2,0.32955,9449
XK,0.32956,9450
CBX2,0.32958,9451
FAM218A,0.32968,9452
PPAP2B,0.32988,9453
ICMT,0.33005,9454
VGLL4,0.3302,9455
LNX2,0.33031,9456
FBXW11,0.33038,9457
FLJ44313,0.33041,9458
TTC33,0.33045,9459
OR2T33,0.3305,9460
LTF,0.33063,9461
CDRT4,0.3309,9462
CLDN24,0.33096,9463
BARHL1,0.33104,9464
TRIB1,0.33107,9465
QPCTL,0.33107,9466
SAP130,0.33111,9467
TARBP1,0.33115,9468
TM6SF2,0.33115,9469
PARPBP,0.33116,9470
MACF1,0.3313,9471
DLG4,0.33136,9472
NDUFB1,0.33144,9473
EML6,0.33169,9474
TEX264,0.33177,9475
KIF26A,0.33179,9476
CNIH3,0.33191,9477
KLK3,0.33195,9478
TDRD6,0.33198,9479
ERCC1,0.33198,9480
CD164,0.332,9481
MYBPHL,0.33213,9482
HEXIM2,0.33214,9483
AADACL3,0.33216,9484
MBD1,0.33216,9485
SEPHS1,0.33217,9486
ZNF142,0.33227,9487
SOX30,0.33241,9488
COX5A,0.33249,9489
OPRM1,0.33253,9490
PSMC5,0.33255,9491
SLC17A9,0.33257,9492
CDK5RAP2,0.33266,9493
VPS41,0.33269,9494
KLHL3,0.33271,9495
TLDC2,0.33286,9496
LPAR4,0.33296,9497
CHN1,0.333,9498
45173,0.33301,9499
CYB5R3,0.33311,9500
MAPK8IP2,0.33344,9501
C3orf67,0.33359,9502
NME4,0.33362,9503
AP2S1,0.33362,9504
OR1N1,0.33391,9505
FBRSL1,0.33397,9506
TUFT1,0.33401,9507
C6orf89,0.33404,9508
NUP37,0.33408,9509
FRG1,0.3341,9510
PANX3,0.33417,9511
SAV1,0.33427,9512
SPRED1,0.33435,9513
SERPINA11,0.33454,9514
PDGFB,0.33459,9515
RRP1,0.33468,9516
SLC13A1,0.33486,9517
MICAL2,0.3349,9518
CDKN2A,0.3349,9519
BRSK2,0.33497,9520
SOCS3,0.33501,9521
RAP2C,0.33506,9522
FBXL21,0.33506,9523
NKAIN4,0.33509,9524
TSTD2,0.33509,9525
TSSK2,0.33519,9526
LGALS16,0.3353,9527
DNAJB6,0.33533,9528
KIAA1211,0.33549,9529
CIB4,0.3355,9530
KRT10,0.33553,9531
CTSA,0.33556,9532
LMOD1,0.33556,9533
TUBA1B,0.33557,9534
NTNG2,0.33557,9535
PTMA,0.33569,9536
PSENEN,0.33573,9537
SLMO1,0.33586,9538
CYP2S1,0.33588,9539
WNK1,0.33592,9540
ARMCX6,0.33595,9541
MTUS2,0.33599,9542
DYNLRB1,0.33602,9543
HIST1H3I,0.33609,9544
C10orf53,0.33613,9545
ZXDA,0.3362,9546
NELFE,0.33628,9547
ITGB1,0.33631,9548
HIST1H2BJ,0.33639,9549
ZBTB10,0.33654,9550
TGIF2LX,0.33657,9551
UBA2,0.33662,9552
UBE2H,0.33689,9553
HINT3,0.33691,9554
AMER1,0.33696,9555
NKIRAS2,0.33702,9556
INTS1,0.33704,9557
CCDC81,0.33721,9558
KLHL40,0.33733,9559
MCOLN1,0.33745,9560
CPA2,0.33753,9561
TRIM17,0.33783,9562
ATP6V1G1,0.33785,9563
QDPR,0.33787,9564
TRIP11,0.33798,9565
RUVBL1,0.33802,9566
CTC1,0.33809,9567
ATRNL1,0.33816,9568
CDK3,0.33823,9569
C20orf78,0.33838,9570
C1orf109,0.33841,9571
NDUFB9,0.33844,9572
SEMA5B,0.33847,9573
KLHL35,0.33849,9574
NELL1,0.33852,9575
STAR,0.33866,9576
EPHA8,0.3387,9577
TEX40,0.33872,9578
LDLRAP1,0.33883,9579
SMIM12,0.33901,9580
UBE2T,0.33908,9581
PAWR,0.3393,9582
MYOZ1,0.33935,9583
SHOX,0.33942,9584
OLIG3,0.33946,9585
TUBG2,0.3395,9586
PRDM13,0.33951,9587
PRC1,0.33984,9588
COPS7A,0.34004,9589
DHRS3,0.34027,9590
MAB21L3,0.34027,9591
MUC21,0.34033,9592
VAMP2,0.3404,9593
IMPA1,0.34044,9594
TMEM128,0.34047,9595
PGS1,0.3405,9596
RAD51B,0.34061,9597
WDR12,0.34069,9598
DNASE1L2,0.34076,9599
RNF123,0.34088,9600
C4orf36,0.34092,9601
HIST1H3B,0.34094,9602
EMP1,0.34098,9603
SPNS3,0.34105,9604
CCDC91,0.34109,9605
CWF19L1,0.34119,9606
FBXL18,0.3412,9607
SOSTDC1,0.3413,9608
KIAA1524,0.34144,9609
ELP6,0.34145,9610
NKX6-2,0.34148,9611
IP6K1,0.34162,9612
CHRM4,0.34163,9613
CLDN10,0.34174,9614
RAD51D,0.34174,9615
CCDC70,0.34193,9616
OR5AU1,0.34208,9617
TPD52L2,0.34213,9618
CD109,0.34215,9619
SDC3,0.34226,9620
C2orf50,0.34244,9621
TMEM235,0.34249,9622
GXYLT2,0.34249,9623
CRY1,0.34256,9624
PPP2R5E,0.3426,9625
OR10P1,0.34263,9626
DEFB112,0.34287,9627
PDHA1,0.34318,9628
SALL2,0.34321,9629
GNG5,0.34326,9630
LINGO3,0.3433,9631
SLC12A5,0.34337,9632
PITPNB,0.34349,9633
NLRP14,0.34349,9634
SLC9A1,0.34353,9635
LCN8,0.34357,9636
SCUBE3,0.34366,9637
CYTH1,0.34368,9638
GPR126,0.34381,9639
PRDM4,0.34384,9640
PDZD9,0.34384,9641
NRTN,0.34386,9642
ATOH1,0.34389,9643
ENG,0.34389,9644
TJP2,0.3439,9645
LACRT,0.34397,9646
PLCXD3,0.344,9647
ZNF780B,0.34407,9648
PDGFA,0.34413,9649
GATA5,0.34415,9650
SPIN2B,0.34429,9651
TESPA1,0.34432,9652
RCVRN,0.34433,9653
SCAPER,0.34435,9654
MMP21,0.34436,9655
CPLX1,0.34442,9656
TM4SF4,0.34459,9657
PIH1D3,0.3446,9658
GFM2,0.34463,9659
CREB1,0.34466,9660
TMEM136,0.3447,9661
ZNF8,0.34472,9662
WDR54,0.3448,9663
SLC15A3,0.34492,9664
TDRD9,0.34494,9665
GEN1,0.345,9666
PEMT,0.3451,9667
TRIM38,0.34521,9668
ZDHHC19,0.34531,9669
CCR6,0.34545,9670
SLC39A1,0.34555,9671
KRTAP3-2,0.34558,9672
CCDC168,0.34565,9673
GAS2L3,0.34566,9674
SENP6,0.34569,9675
PPAP2A,0.3458,9676
ATP6V0E1,0.34598,9677
ZSCAN9,0.34604,9678
DEFB134,0.34608,9679
ASB11,0.34614,9680
RPL26,0.34619,9681
FLNB,0.34634,9682
A4GNT,0.34643,9683
OR10V1,0.34644,9684
CNP,0.34665,9685
JOSD1,0.34673,9686
FAM69C,0.34678,9687
MRC1,0.3468,9688
RIPPLY3,0.34694,9689
TRIM49C,0.34699,9690
SNIP1,0.34702,9691
KAT2A,0.34716,9692
NKX2-3,0.34723,9693
PRKX,0.3473,9694
C22orf15,0.34744,9695
SLC25A48,0.34749,9696
SIRPA,0.34752,9697
OR2T10,0.34755,9698
KCNK15,0.34759,9699
FAM151A,0.34763,9700
HRCT1,0.34766,9701
EIF2B3,0.34769,9702
WAPAL,0.34773,9703
PCDP1,0.34773,9704
DSP,0.34788,9705
ORM1,0.34795,9706
PRR15L,0.34797,9707
WDFY2,0.34805,9708
ORC5,0.34813,9709
NUS1,0.34815,9710
KLF10,0.34819,9711
TTC9,0.34821,9712
WDR93,0.34827,9713
MYADM,0.3484,9714
MPP3,0.34841,9715
ADRA2B,0.34841,9716
DEPDC7,0.3485,9717
CAND1,0.34855,9718
TAF4,0.34865,9719
GPAT2,0.34867,9720
DNAJB2,0.3487,9721
NSD1,0.34872,9722
PPIL1,0.34879,9723
RARRES1,0.34887,9724
SOX12,0.34896,9725
FAM71D,0.34905,9726
ZKSCAN7,0.34916,9727
TLN2,0.3492,9728
TYSND1,0.34923,9729
MT1E,0.34927,9730
PARP12,0.34943,9731
CUL4B,0.34948,9732
NCL,0.34957,9733
CDCA5,0.34957,9734
CBY1,0.34957,9735
KRT9,0.34959,9736
SDE2,0.34965,9737
MED15,0.34982,9738
ERF,0.34984,9739
TBC1D29,0.35006,9740
SAT2,0.35014,9741
SRXN1,0.35016,9742
CLDN5,0.3502,9743
COG5,0.35022,9744
NAPG,0.35035,9745
STOX2,0.35038,9746
NTAN1,0.35039,9747
MICA,0.35041,9748
DGKG,0.35049,9749
KCTD13,0.3505,9750
FAM160B2,0.35055,9751
C8orf76,0.35062,9752
ZBTB37,0.35066,9753
NPC1,0.35072,9754
SLC17A7,0.35073,9755
PTBP1,0.35077,9756
MRPS12,0.35078,9757
OR5D18,0.3508,9758
PLA2G4D,0.35081,9759
TARBP2,0.35087,9760
SIGLEC12,0.3509,9761
HSD3B1,0.35092,9762
PCBD2,0.35095,9763
KCNA1,0.35096,9764
SLAMF1,0.35098,9765
SYCP3,0.35102,9766
TMEM40,0.35119,9767
PDE4C,0.35121,9768
MRPL32,0.3513,9769
RAB9A,0.35134,9770
PGAP2,0.35135,9771
PPM1E,0.35141,9772
ATP4B,0.35144,9773
DOCK10,0.35145,9774
KCMF1,0.35153,9775
SENP8,0.35167,9776
NEDD8,0.35173,9777
CLEC16A,0.35181,9778
STH,0.35184,9779
FOXP4,0.3519,9780
PLSCR3,0.35203,9781
PLS3,0.35208,9782
VOPP1,0.35209,9783
CCDC167,0.35212,9784
PPID,0.35214,9785
CPVL,0.35219,9786
NRN1,0.35223,9787
SPSB1,0.35226,9788
MRPS16,0.35233,9789
ZNF286B,0.35239,9790
YEATS2,0.35253,9791
ANAPC15,0.35255,9792
CDKL2,0.3526,9793
C2orf88,0.35277,9794
RASSF5,0.3529,9795
C17orf77,0.35292,9796
PYCARD,0.35306,9797
OR56B4,0.35313,9798
ARNTL2,0.35315,9799
SIM2,0.35322,9800
ATP5A1,0.35336,9801
C15orf65,0.35336,9802
HYKK,0.3534,9803
KCTD9,0.35354,9804
SLC25A16,0.35366,9805
OAF,0.35376,9806
GLRX2,0.35381,9807
ZFAND6,0.3539,9808
SPP1,0.35404,9809
CEP57,0.35407,9810
PROB1,0.35413,9811
ADI1,0.35413,9812
DDX52,0.35422,9813
DRD3,0.35425,9814
DBF4,0.35429,9815
BRWD1,0.35434,9816
THOC7,0.35435,9817
SPRN,0.3545,9818
DAB1,0.35453,9819
PTGES3L,0.35462,9820
PRDM14,0.35466,9821
LCNL1,0.3547,9822
ST6GALNAC3,0.35475,9823
ZNF728,0.35482,9824
TCEAL4,0.35502,9825
UBE2D4,0.35506,9826
ZNF85,0.3553,9827
CD58,0.35539,9828
OR10W1,0.35542,9829
CAPG,0.35543,9830
ITGA6,0.35548,9831
FAM200A,0.35554,9832
SPTBN5,0.35561,9833
MID1,0.35565,9834
IL2RG,0.35572,9835
CLEC2L,0.35582,9836
CSH1,0.35584,9837
ENPP1,0.35585,9838
MSTN,0.3559,9839
FAM221B,0.35604,9840
SNX21,0.35606,9841
CD52,0.3561,9842
HOPX,0.35616,9843
RPH3AL,0.35631,9844
CHP1,0.35634,9845
ATP10D,0.35657,9846
SIGLEC1,0.35666,9847
S100Z,0.35667,9848
RIPK2,0.3568,9849
FAM118B,0.35687,9850
HGS,0.35692,9851
NPY4R,0.35698,9852
MLIP,0.35702,9853
TMEM71,0.35708,9854
MKX,0.3571,9855
AKTIP,0.35719,9856
ARL6IP6,0.35723,9857
BLVRA,0.35726,9858
TARM1,0.35727,9859
MAP9,0.3573,9860
CEP97,0.35744,9861
DKK1,0.35745,9862
EHMT1,0.35758,9863
SDR16C5,0.35765,9864
AHR,0.35769,9865
SMPD4,0.35772,9866
VPRBP,0.35776,9867
NXPH2,0.35782,9868
MYH8,0.35788,9869
ATHL1,0.3579,9870
SEL1L3,0.35802,9871
POLR3GL,0.35803,9872
PCDHA5,0.35805,9873
C6orf223,0.35811,9874
F7,0.35818,9875
RACGAP1,0.35825,9876
MRGPRG,0.35826,9877
BAI3,0.35832,9878
BEAN1,0.35838,9879
STON1,0.35844,9880
POP1,0.35844,9881
ORMDL1,0.35846,9882
RBM18,0.35856,9883
SORD,0.35861,9884
BCL7A,0.35871,9885
CNNM2,0.35872,9886
MEGF9,0.35876,9887
P2RX5,0.35883,9888
PIGU,0.35885,9889
PCGF2,0.35893,9890
RANBP17,0.35912,9891
DYRK1A,0.35918,9892
IFNA14,0.35918,9893
AVPI1,0.35933,9894
CLN6,0.35938,9895
MELK,0.35941,9896
MAL2,0.35954,9897
SIAH1,0.35966,9898
RORC,0.35969,9899
MARS2,0.3597,9900
PLLP,0.35975,9901
XRCC6BP1,0.3598,9902
MXD1,0.3598,9903
PLEKHG2,0.3599,9904
TBC1D28,0.36003,9905
MLF1IP,0.36005,9906
JAK3,0.36016,9907
PODNL1,0.36028,9908
FAAH2,0.36031,9909
SPATA5,0.36046,9910
CCDC85A,0.36047,9911
PRKCI,0.36069,9912
LOC100996758,0.36073,9913
MYC,0.36074,9914
CLPS,0.36074,9915
CDC37L1,0.36086,9916
CCDC34,0.36091,9917
PEX5L,0.36095,9918
SERPING1,0.36098,9919
OBP2B,0.36109,9920
PLXNC1,0.36111,9921
BANF2,0.36113,9922
TMEM55A,0.36123,9923
METTL4,0.36125,9924
MASP1,0.3613,9925
SLC2A8,0.36141,9926
COL11A1,0.36149,9927
CELSR2,0.36162,9928
PBDC1,0.36163,9929
SMAD7,0.36166,9930
GOLGA1,0.36169,9931
ZNF236,0.36185,9932
BET1L,0.36192,9933
LAG3,0.36196,9934
LIX1L,0.36197,9935
OR5M1,0.36204,9936
OLFM1,0.36205,9937
PHTF2,0.36209,9938
OR4F6,0.36213,9939
STEAP3,0.36216,9940
SLCO4C1,0.36222,9941
CDKN3,0.36222,9942
NAT1,0.36227,9943
POLE4,0.36237,9944
NPTX2,0.36241,9945
UPB1,0.36265,9946
THBS4,0.36268,9947
STXBP2,0.36276,9948
RNASE1,0.36279,9949
THOC2,0.36295,9950
RNF150,0.36301,9951
NAT14,0.36313,9952
ZNF512,0.3633,9953
C16orf97,0.36339,9954
EPS15,0.36353,9955
KCTD10,0.36356,9956
FGD4,0.36357,9957
CETN1,0.36359,9958
NEB,0.36364,9959
ALPPL2,0.36374,9960
OR56A5,0.36379,9961
TMEM9B,0.36381,9962
ZBTB5,0.36392,9963
TLR4,0.36396,9964
NEK9,0.36411,9965
ALS2CL,0.36411,9966
KCNH4,0.36415,9967
TTR,0.36422,9968
COX20,0.36423,9969
MARCO,0.36427,9970
PDSS2,0.36442,9971
FAM124A,0.36443,9972
KBTBD11,0.3646,9973
MTOR,0.3646,9974
PLA2G2E,0.36476,9975
HOXD12,0.36479,9976
EPHA2,0.36483,9977
MPPED2,0.36486,9978
SLC1A2,0.36497,9979
PMFBP1,0.36504,9980
KRT27,0.36506,9981
PRRC2A,0.36508,9982
IFIT3,0.36521,9983
STK40,0.36528,9984
PSMB11,0.36531,9985
CHMP3,0.36532,9986
COA6,0.3656,9987
SDC1,0.36562,9988
WNT3A,0.36567,9989
CC2D1B,0.36572,9990
KIF1C,0.36572,9991
G6PC,0.36574,9992
CCL7,0.36577,9993
LYAR,0.36579,9994
CD300C,0.36592,9995
HMCES,0.36604,9996
BCL9L,0.36606,9997
SLC39A11,0.36609,9998
SRPK2,0.3662,9999
HNRNPA2B1,0.36626,10000
ZFR2,0.36631,10001
ARR3,0.36636,10002
ADM2,0.36637,10003
TMEM70,0.36643,10004
FAM229A,0.36644,10005
IGLL1,0.36648,10006
RASA2,0.36653,10007
MFF,0.36654,10008
EPB41,0.36662,10009
NDUFV3,0.36668,10010
GDF2,0.3667,10011
ATP9A,0.36686,10012
RAB5C,0.36687,10013
ICA1L,0.36689,10014
TIMM8B,0.36698,10015
ZNF567,0.36706,10016
ITPR2,0.36707,10017
ERC2,0.36714,10018
FBP1,0.36719,10019
VCAN,0.36727,10020
ZBTB22,0.36735,10021
DAB2,0.36752,10022
C10orf62,0.36754,10023
KDM2A,0.36765,10024
RARRES2,0.36766,10025
ENHO,0.36771,10026
FAM174A,0.36771,10027
USP6,0.36778,10028
MMAB,0.36782,10029
TBC1D31,0.36786,10030
PGGT1B,0.3679,10031
CA3,0.36797,10032
BST1,0.36799,10033
PAPL,0.36808,10034
MINPP1,0.36811,10035
NIPAL2,0.36818,10036
SDC2,0.36818,10037
PPP3CA,0.3682,10038
OTOP2,0.36828,10039
NLE1,0.36831,10040
TMIGD1,0.36832,10041
CEBPE,0.36833,10042
THADA,0.36846,10043
COL6A5,0.36857,10044
LRRC8B,0.36864,10045
SH2B1,0.36874,10046
LHFPL2,0.36878,10047
NFASC,0.36878,10048
PAQR6,0.3688,10049
TPD52L3,0.36931,10050
GRHL3,0.36937,10051
SDF4,0.36942,10052
FAM168A,0.36956,10053
WISP2,0.36956,10054
ZSCAN12,0.36956,10055
OR51T1,0.36961,10056
FBXO47,0.36977,10057
SQRDL,0.36984,10058
RAP2B,0.36987,10059
NR1I3,0.36989,10060
CTXN2,0.36998,10061
SLC37A2,0.36998,10062
UBL5,0.37003,10063
NOS1AP,0.3701,10064
COPS6,0.37013,10065
C1orf227,0.37017,10066
PRR23A,0.37024,10067
ZNF594,0.3703,10068
TTC31,0.37035,10069
LIPC,0.37037,10070
TIMM13,0.37038,10071
BTBD1,0.37041,10072
SHMT2,0.37051,10073
MAGEC1,0.37051,10074
GPR114,0.37062,10075
PRKCG,0.37066,10076
YIPF4,0.37073,10077
MBD3,0.37076,10078
SPIN2A,0.3708,10079
IGSF9B,0.37084,10080
SLC43A1,0.3709,10081
IFT46,0.37093,10082
COL9A1,0.37097,10083
CCNJL,0.37106,10084
TWIST1,0.37106,10085
ABCB1,0.37117,10086
WDR62,0.37127,10087
PKD2,0.37131,10088
TRAPPC10,0.37132,10089
GRK1,0.37135,10090
CYP4F11,0.37136,10091
DIXDC1,0.37136,10092
RHOXF2,0.37142,10093
VPS33A,0.37158,10094
HAUS3,0.37163,10095
RFX2,0.37173,10096
TAL1,0.37176,10097
ARPC3,0.37192,10098
FAM86C1,0.37197,10099
SOCS1,0.37203,10100
LIMD1,0.37208,10101
BRWD3,0.37214,10102
ZNF354B,0.37234,10103
DNAJA2,0.37237,10104
BDNF,0.3725,10105
BEST4,0.3725,10106
P2RX7,0.37253,10107
BCORL1,0.3726,10108
ERO1L,0.3726,10109
MXD3,0.37263,10110
FGD6,0.37267,10111
MCTP1,0.37276,10112
KIAA0408,0.37277,10113
CXorf49,0.37282,10114
PIGV,0.37303,10115
GGT1,0.37306,10116
CDC42EP2,0.37309,10117
LAMA4,0.37312,10118
RASSF7,0.37317,10119
LRIT3,0.37319,10120
LMX1A,0.37322,10121
TACC2,0.37328,10122
TLX2,0.37341,10123
HSPA1A,0.37351,10124
CTNNA1,0.37354,10125
RNF126,0.37359,10126
ARCN1,0.37361,10127
IL13,0.37369,10128
SLC25A44,0.37374,10129
CAPN9,0.3738,10130
TUBGCP2,0.37382,10131
ALX4,0.3739,10132
PRDM16,0.37401,10133
SEMG1,0.37402,10134
GPS2,0.37409,10135
APOB,0.37429,10136
TAS2R9,0.37433,10137
IER5L,0.37437,10138
ALDOA,0.37461,10139
CD40,0.37461,10140
LY9,0.37465,10141
CYP4F2,0.37473,10142
FAM166B,0.37492,10143
SLC22A24,0.37499,10144
ZNF587,0.37504,10145
BCMO1,0.37509,10146
PCDHA4,0.37514,10147
CRNN,0.37514,10148
ZNF491,0.37527,10149
IBSP,0.37534,10150
H3F3A,0.37544,10151
TBC1D2B,0.37552,10152
PRR23C,0.37554,10153
SUGP1,0.37556,10154
FAM207A,0.37571,10155
KLHL38,0.37586,10156
CASP9,0.376,10157
BASP1,0.37603,10158
NFYA,0.37606,10159
SIAH3,0.37611,10160
CACNB2,0.37616,10161
THAP7,0.37616,10162
TMEM132E,0.37622,10163
NPHS1,0.37626,10164
DNAJC11,0.37632,10165
LRR1,0.37634,10166
LMX1B,0.37634,10167
TSPAN3,0.37649,10168
LILRB5,0.37658,10169
DISC1,0.3766,10170
SLIT2,0.37666,10171
SMPD1,0.37682,10172
TFPI2,0.37686,10173
ACTR1A,0.37689,10174
FAM20A,0.37696,10175
ATP5J2,0.37696,10176
TRABD,0.377,10177
SPATA20,0.37703,10178
CNOT2,0.37723,10179
CACNG1,0.37737,10180
SRSF10,0.37742,10181
PCDHGC4,0.37744,10182
GYG2,0.37754,10183
MTRNR2L10,0.37754,10184
NDUFA7,0.37754,10185
PURA,0.37762,10186
RAPGEF2,0.37762,10187
VPS35,0.37772,10188
CHRNA9,0.37773,10189
POC5,0.37778,10190
UBFD1,0.37784,10191
ADH1A,0.37788,10192
DENND5A,0.378,10193
PHYHD1,0.37803,10194
CCDC39,0.37809,10195
NEMF,0.37811,10196
AKAP8,0.37813,10197
STAM2,0.37816,10198
BRMS1L,0.37817,10199
ZNF181,0.37817,10200
GRIP2,0.3782,10201
PJA2,0.37823,10202
TAOK2,0.37843,10203
MST4,0.37851,10204
DDI2,0.37861,10205
CRK,0.37866,10206
KCNK10,0.37877,10207
REG1B,0.37878,10208
FABP4,0.37883,10209
DIRAS3,0.37883,10210
HHIPL1,0.37887,10211
BEGAIN,0.3789,10212
VPS4A,0.379,10213
FTCD,0.37914,10214
HK1,0.37924,10215
ATG4C,0.37928,10216
NUP54,0.37937,10217
TEC,0.37942,10218
PITPNM2,0.37946,10219
TTC27,0.37959,10220
CTGF,0.37961,10221
CAPN14,0.37969,10222
FGF17,0.37976,10223
MMP13,0.37985,10224
CSDC2,0.38001,10225
CKAP5,0.38002,10226
TRIM44,0.38019,10227
SOWAHA,0.38025,10228
NANOGNB,0.38026,10229
KIT,0.38027,10230
CDH5,0.38034,10231
IL17RD,0.38036,10232
OR14A16,0.3804,10233
MAP2,0.3804,10234
TNK2,0.38043,10235
COX7A2,0.38045,10236
FAM134C,0.38046,10237
PTPN11,0.38048,10238
STARD6,0.38061,10239
ANKRD34C,0.38062,10240
UBAP1L,0.38062,10241
KIAA1468,0.38064,10242
ZNF285,0.38074,10243
MROH7,0.38079,10244
ADAMTS8,0.3808,10245
CAMTA2,0.38084,10246
UBE2V1,0.38087,10247
BTNL9,0.38091,10248
OR9A4,0.38097,10249
ARMC8,0.38102,10250
RPUSD1,0.38112,10251
EPM2A,0.38112,10252
C1orf141,0.38113,10253
SLC23A3,0.38144,10254
WDR59,0.38146,10255
HMGXB4,0.38163,10256
MMS19,0.38163,10257
ELP5,0.38169,10258
INSL4,0.38169,10259
STAP2,0.38174,10260
CDC34,0.38194,10261
DEPDC1B,0.38198,10262
PSPC1,0.38205,10263
RHOBTB3,0.38206,10264
GNL1,0.38221,10265
SDCCAG3,0.38223,10266
APLN,0.38232,10267
CHST13,0.38244,10268
ZNF385A,0.38248,10269
PRTG,0.38248,10270
NOTCH3,0.38273,10271
CENPT,0.38276,10272
KLHDC1,0.38282,10273
ADAMDEC1,0.38283,10274
DUSP14,0.38288,10275
PCDHB9,0.38291,10276
RNF208,0.38292,10277
ARRDC2,0.38297,10278
RNASEH2A,0.38299,10279
KRTAP5-2,0.383,10280
ZNF605,0.38302,10281
TACO1,0.38302,10282
RPRD1A,0.38304,10283
RPS14,0.38307,10284
FST,0.38317,10285
B4GALT3,0.38318,10286
OR4K1,0.38326,10287
TCP11L1,0.38338,10288
MAN1B1,0.38341,10289
TRIML1,0.38343,10290
RFWD3,0.38355,10291
PAM,0.38355,10292
IL31,0.38357,10293
SCFD1,0.38365,10294
SLC25A43,0.38367,10295
PPP2R5C,0.38367,10296
TRIM74,0.38373,10297
COQ10B,0.38373,10298
PCSK2,0.38376,10299
POLDIP3,0.38379,10300
PSIP1,0.38411,10301
SERPINB8,0.38411,10302
TRAPPC13,0.38416,10303
PTPLB,0.38417,10304
NFAM1,0.38433,10305
C9orf85,0.38438,10306
FAM192A,0.38439,10307
PLAC8,0.38464,10308
RTN2,0.38469,10309
STIL,0.38486,10310
OGFRL1,0.3849,10311
RXRB,0.38491,10312
ZYX,0.385,10313
TMEM63A,0.38503,10314
FCGR3B,0.38508,10315
CCND2,0.38524,10316
NOS1,0.38536,10317
MRPS11,0.38543,10318
NCR2,0.38545,10319
RUSC1-AS1,0.38551,10320
KPNA2,0.38554,10321
MALT1,0.3856,10322
MYCBP,0.38562,10323
ECE2,0.38574,10324
CLK1,0.38575,10325
HSPA9,0.38577,10326
UBE2E3,0.38583,10327
FADS3,0.38585,10328
PCDHB8,0.38586,10329
MZT2B,0.38586,10330
LRIT2,0.38588,10331
GDA,0.38591,10332
CAB39,0.38596,10333
SAMD4A,0.38596,10334
AVL9,0.38607,10335
JKAMP,0.3861,10336
FASLG,0.38613,10337
EPB41L2,0.38618,10338
EDC4,0.38623,10339
GLTP,0.38623,10340
ACTN3,0.38647,10341
H2AFZ,0.38653,10342
CUTA,0.38656,10343
ZNF213,0.38664,10344
MYBPH,0.38666,10345
PCP4L1,0.38668,10346
PDE5A,0.38673,10347
PIDD,0.38674,10348
C17orf107,0.38684,10349
PA2G4,0.38686,10350
MDH2,0.38687,10351
TFF2,0.38689,10352
TMC8,0.38694,10353
TATDN3,0.38707,10354
RGS1,0.3871,10355
ZNF764,0.3872,10356
CHDH,0.3872,10357
TREML4,0.38728,10358
ABCG5,0.38739,10359
PTGIS,0.38747,10360
MLN,0.38755,10361
ANK3,0.38758,10362
HPX,0.38761,10363
SLC28A2,0.38764,10364
RABGGTB,0.38768,10365
NDRG2,0.38781,10366
SLC6A15,0.38785,10367
SLC22A9,0.38785,10368
CD300LD,0.38798,10369
BTBD8,0.38805,10370
ZNF253,0.3882,10371
DNAH5,0.38827,10372
TTC4,0.38827,10373
HARS2,0.38833,10374
ZNF770,0.38839,10375
MCL1,0.3885,10376
ARAP2,0.38853,10377
SCRN3,0.38865,10378
RECQL5,0.38876,10379
SORCS3,0.38876,10380
POMGNT2,0.38878,10381
LPAR1,0.3888,10382
TMPRSS15,0.3888,10383
CYR61,0.38883,10384
GRAMD4,0.38885,10385
OTOP1,0.38895,10386
MIOS,0.38895,10387
HIST1H2BH,0.38905,10388
ST3GAL6,0.3891,10389
HIF1A,0.38914,10390
CLSPN,0.38919,10391
ANKRD30B,0.38926,10392
MMP14,0.38926,10393
FCN2,0.38934,10394
C3orf83,0.38969,10395
KLRC1,0.3897,10396
PGLYRP4,0.38972,10397
IFNB1,0.38988,10398
BPIFA2,0.38991,10399
ZC3HC1,0.38997,10400
DHX32,0.39,10401
PADI6,0.39021,10402
VRK1,0.3904,10403
DDIT4,0.3905,10404
WEE2,0.3906,10405
DFNB31,0.39063,10406
KIAA0825,0.39077,10407
ASPHD1,0.3908,10408
MYCBPAP,0.3908,10409
ISL1,0.39088,10410
LIMS1,0.39093,10411
MAP1LC3A,0.39094,10412
NIPSNAP3A,0.39097,10413
USP5,0.39104,10414
FYCO1,0.39107,10415
CHST10,0.39124,10416
ALDH7A1,0.39127,10417
LRRC41,0.39131,10418
CDK5,0.39135,10419
PHB,0.39138,10420
HIPK3,0.39139,10421
TAF11,0.39166,10422
HSPB11,0.39172,10423
LAP3,0.3918,10424
FIBP,0.39185,10425
NPPA,0.39208,10426
ANKRD63,0.39209,10427
RIT2,0.39211,10428
VCL,0.39216,10429
SLC17A4,0.39219,10430
METTL9,0.39228,10431
CAMKV,0.39239,10432
SLC26A7,0.39243,10433
MDFI,0.39252,10434
C18orf32,0.39263,10435
NKX2-6,0.39263,10436
TCEA3,0.39264,10437
OR10A6,0.39269,10438
LIN7C,0.39278,10439
VWA7,0.39286,10440
ASXL2,0.39288,10441
MTF1,0.39291,10442
MSANTD3,0.39298,10443
CYLC1,0.39298,10444
MRPL39,0.39307,10445
SRPK3,0.39307,10446
FNDC5,0.39307,10447
MOCS3,0.39314,10448
POLR2K,0.3932,10449
GPR25,0.39327,10450
SLC51A,0.39337,10451
LRRFIP2,0.39347,10452
SORBS3,0.39347,10453
PHF6,0.3935,10454
CROCC,0.39362,10455
CUX1,0.39368,10456
MAP6,0.39384,10457
C16orf47,0.39404,10458
CIDEC,0.39405,10459
SMG8,0.39421,10460
TBC1D4,0.39436,10461
DUSP27,0.39453,10462
SLITRK1,0.39453,10463
PPP1R3B,0.39467,10464
HIST1H3G,0.39475,10465
TICRR,0.39475,10466
AK1,0.39489,10467
RNF167,0.39492,10468
HPCAL4,0.39494,10469
PROKR1,0.39496,10470
ABCC9,0.39512,10471
GPR152,0.39512,10472
PPP1R9B,0.39516,10473
CEP85,0.39521,10474
CDON,0.39527,10475
TIMMDC1,0.39544,10476
KAZALD1,0.39553,10477
APLP1,0.39554,10478
PAX6,0.39558,10479
KRTAP27-1,0.39559,10480
ADAM9,0.39566,10481
FAM178B,0.3957,10482
PPP1R1B,0.3958,10483
GRM7,0.3958,10484
RIOK1,0.39583,10485
PPP5D1,0.39586,10486
OLFM4,0.39593,10487
ANAPC2,0.39593,10488
DEFB131,0.39593,10489
AADACL4,0.39598,10490
CEP170B,0.39601,10491
NME3,0.39621,10492
ZNF445,0.39623,10493
RIMS4,0.39627,10494
FAN1,0.39628,10495
GPATCH3,0.3963,10496
PI4K2B,0.3963,10497
LRRTM1,0.39635,10498
ART4,0.39638,10499
ZNF821,0.39646,10500
LYL1,0.39648,10501
MKI67IP,0.3966,10502
MTRNR2L4,0.39664,10503
SAMD9,0.39667,10504
WDR20,0.39677,10505
PM20D2,0.39681,10506
ZBTB12,0.39686,10507
STYX,0.39686,10508
NELFB,0.39697,10509
C12orf56,0.39706,10510
TRIM60,0.39712,10511
STPG2,0.39713,10512
TSPAN12,0.39732,10513
PXK,0.39751,10514
RPA4,0.39758,10515
SNX19,0.39761,10516
HRASLS2,0.39766,10517
OVCH2,0.39769,10518
NCKAP1L,0.39771,10519
SEMA6D,0.39772,10520
LRBA,0.39775,10521
PDCL,0.39781,10522
FAM159B,0.39785,10523
HBS1L,0.3979,10524
SMG9,0.39799,10525
TLX1,0.39805,10526
IL22,0.39819,10527
TMEM120B,0.3982,10528
RGS4,0.39824,10529
USP9Y,0.39833,10530
LRP5L,0.39838,10531
PLXDC1,0.39844,10532
RAB40B,0.39848,10533
STUB1,0.39855,10534
CAPRIN1,0.39858,10535
SYT12,0.39862,10536
CAPN10,0.39865,10537
ZNF268,0.39867,10538
CYCS,0.39871,10539
MSMB,0.39875,10540
SLC26A10,0.39879,10541
PARD6A,0.39885,10542
RANGAP1,0.39911,10543
ZNF563,0.39914,10544
MORN3,0.39915,10545
EFHD2,0.39929,10546
LRRC59,0.39929,10547
ACTL7B,0.39932,10548
OR2H2,0.39935,10549
PRAMEF3,0.39936,10550
MRPL1,0.39942,10551
C2orf69,0.39942,10552
EPHA3,0.39955,10553
CLEC4E,0.39972,10554
EIF3CL,0.39979,10555
DRC1,0.39996,10556
PCDHGA4,0.40013,10557
PRPF4,0.40015,10558
FAM184A,0.40017,10559
WEE1,0.40019,10560
LOC729020,0.4002,10561
LRRIQ1,0.40022,10562
MN1,0.40032,10563
DTNA,0.40034,10564
CABP5,0.40039,10565
EBPL,0.40045,10566
MAGED1,0.40048,10567
SPHK1,0.40049,10568
AES,0.40059,10569
FAM53A,0.40064,10570
HTR2A,0.40066,10571
CTNND2,0.40069,10572
ZDHHC8,0.40072,10573
COL4A2,0.40079,10574
AMPD3,0.40091,10575
SAFB,0.40098,10576
HMX2,0.40104,10577
OR4A5,0.40113,10578
NT5DC2,0.40123,10579
DHX35,0.40136,10580
OR10G4,0.40136,10581
PAPSS2,0.40143,10582
EBI3,0.40154,10583
HTR7,0.40154,10584
FAM72B,0.40175,10585
HTR3C,0.40175,10586
MAT2B,0.40178,10587
DOCK9,0.4018,10588
GIMAP2,0.40183,10589
TMEM257,0.40187,10590
TMEM187,0.4019,10591
DYNLT3,0.40192,10592
SPEF2,0.40196,10593
ANAPC1,0.40208,10594
TDRP,0.40211,10595
DCAF8L1,0.40218,10596
L2HGDH,0.40224,10597
PSPH,0.40224,10598
CCDC60,0.40229,10599
SLC27A4,0.40231,10600
CEACAM4,0.40231,10601
PPM1G,0.40232,10602
UBQLN1,0.4024,10603
KCTD20,0.40244,10604
SDR42E2,0.40248,10605
PPP1R1A,0.40253,10606
ZC3H4,0.4026,10607
C10orf76,0.40261,10608
TMEM180,0.4028,10609
ZC2HC1B,0.40286,10610
MTMR14,0.40287,10611
XG,0.4029,10612
TM7SF2,0.4029,10613
SGK223,0.40301,10614
SRC,0.40312,10615
METTL7A,0.40314,10616
NDEL1,0.40316,10617
CP,0.40326,10618
SLC25A4,0.40343,10619
GPX8,0.40381,10620
TNR,0.40386,10621
NAGLU,0.4039,10622
KMT2B,0.40395,10623
PIK3C2B,0.40398,10624
GLYATL1,0.40415,10625
OR5V1,0.40417,10626
ADIG,0.40422,10627
LCE2A,0.40426,10628
OLIG1,0.40436,10629
C1QTNF4,0.40441,10630
TESC,0.40446,10631
HNRNPUL1,0.40447,10632
EFHB,0.40463,10633
NDUFA2,0.40471,10634
F8A2,0.40481,10635
TRMT12,0.40483,10636
FSCN1,0.40485,10637
SIRT5,0.40489,10638
KANSL2,0.40492,10639
LY6D,0.40495,10640
OR2L5,0.40511,10641
POMP,0.40513,10642
FBXL2,0.40515,10643
HPCA,0.40515,10644
TRIM22,0.40528,10645
FAM120B,0.40531,10646
GUCY2C,0.40535,10647
PDE8A,0.40538,10648
SLC20A1,0.40538,10649
KLHDC7A,0.40544,10650
PCMTD2,0.40546,10651
MTX1,0.40566,10652
CYYR1,0.40569,10653
ZNF503,0.40579,10654
HDC,0.40584,10655
BCAM,0.40589,10656
PITX2,0.40605,10657
TAAR9,0.40629,10658
PRKCQ,0.40638,10659
ARPC4,0.40655,10660
HOXA9,0.40657,10661
PAG1,0.40662,10662
NPIPA8,0.40665,10663
TRIM64C,0.40667,10664
EN2,0.40672,10665
PHB2,0.40676,10666
MRGPRX3,0.40679,10667
ARSF,0.4068,10668
TXNL4B,0.40696,10669
PRR11,0.40705,10670
MBD6,0.40707,10671
KIFC2,0.40729,10672
PLEKHA5,0.40735,10673
TBX15,0.40743,10674
OGT,0.40752,10675
PARS2,0.40757,10676
TCF19,0.40773,10677
ALDH16A1,0.40783,10678
METAP1D,0.40788,10679
RAB13,0.4079,10680
ZIK1,0.40798,10681
CDC42EP3,0.40805,10682
SLC44A3,0.40811,10683
DLX4,0.40818,10684
GSTM5,0.40826,10685
FOXS1,0.40831,10686
ZNF107,0.40835,10687
FTH1,0.40851,10688
ID2,0.40865,10689
CCL23,0.40865,10690
CASQ1,0.40877,10691
PIK3C2A,0.40894,10692
HPCAL1,0.40895,10693
ATMIN,0.409,10694
HELB,0.409,10695
ART3,0.40901,10696
OR6B2,0.40904,10697
S100A7A,0.40915,10698
CAPZA3,0.4092,10699
SSBP3,0.4093,10700
KIF3C,0.40938,10701
ITPKB,0.40948,10702
DDB1,0.40949,10703
GMFB,0.40955,10704
LARS2,0.40957,10705
FAM45A,0.40957,10706
KLHL33,0.4096,10707
WLS,0.4098,10708
SNX30,0.40983,10709
JMJD1C,0.40987,10710
SH3PXD2B,0.4099,10711
MECR,0.40999,10712
MTMR12,0.41002,10713
MFSD12,0.41004,10714
CTSH,0.41012,10715
RIMBP3B,0.41014,10716
HECW1,0.41019,10717
C2orf44,0.41023,10718
PHF12,0.41029,10719
KPRP,0.41036,10720
USP35,0.41044,10721
GMFG,0.41046,10722
RNASE2,0.41049,10723
GNPTG,0.41049,10724
MAST3,0.41059,10725
DEFB4B,0.41065,10726
DPY19L4,0.41066,10727
WT1,0.41072,10728
CTSL,0.41076,10729
TK1,0.41078,10730
ARF4,0.4109,10731
BOLA1,0.411,10732
TRAPPC6B,0.41101,10733
MRTO4,0.41103,10734
FCGRT,0.41112,10735
OR4F17,0.41114,10736
NQO2,0.41118,10737
SSR3,0.41128,10738
PARD3,0.41141,10739
FOXP1,0.41147,10740
KANK3,0.41155,10741
ADIPOR1,0.41156,10742
C11orf49,0.41161,10743
KCNAB3,0.41167,10744
OR5K4,0.41179,10745
TSR3,0.41187,10746
SPRR3,0.41189,10747
CD47,0.41191,10748
CCDC51,0.41194,10749
ANGEL2,0.41196,10750
ILF3,0.41204,10751
ZNF451,0.41204,10752
PQLC1,0.41209,10753
USP14,0.41219,10754
TBCK,0.41219,10755
RECQL4,0.41224,10756
GAB4,0.41234,10757
ATP5E,0.41235,10758
L1TD1,0.41247,10759
TMEM200A,0.41253,10760
GSTT2B,0.41256,10761
DGCR8,0.4127,10762
NAP1L4,0.4127,10763
SPATA4,0.41283,10764
YIPF6,0.41283,10765
FERMT1,0.41289,10766
RESP18,0.41293,10767
NDUFA4,0.41298,10768
PXDC1,0.41301,10769
SOCS4,0.41309,10770
ZFPM2,0.41316,10771
ICAM5,0.41319,10772
UBE2L3,0.41326,10773
OR8A1,0.41327,10774
HEXIM1,0.41329,10775
NADK2,0.41332,10776
GATS,0.41338,10777
RAPSN,0.4135,10778
KRT76,0.41353,10779
STMN4,0.41355,10780
FBXL22,0.41356,10781
AARSD1,0.41369,10782
SLAMF6,0.41369,10783
LOC646862,0.41373,10784
TYRP1,0.4138,10785
C9orf43,0.41383,10786
GYLTL1B,0.41388,10787
TBC1D12,0.41393,10788
ZNF638,0.41405,10789
KLHL2,0.41421,10790
TRIM33,0.41424,10791
TSNAXIP1,0.41432,10792
POTEE,0.41438,10793
C3orf55,0.41441,10794
VLDLR,0.41477,10795
TNFAIP8,0.41477,10796
CES5A,0.41484,10797
DHRS4L2,0.41492,10798
ATP8B3,0.41493,10799
TPH1,0.41503,10800
BIRC3,0.4151,10801
OR5AK2,0.41513,10802
DCDC5,0.41514,10803
FAM19A1,0.41518,10804
SERPINB6,0.41518,10805
TFAP2C,0.41524,10806
POLE,0.41529,10807
TAS1R1,0.41533,10808
UNC93A,0.41544,10809
COX19,0.41553,10810
SUN3,0.41556,10811
NUCB2,0.41562,10812
IDH3G,0.41565,10813
ASXL3,0.41569,10814
UPP2,0.4157,10815
METTL1,0.41579,10816
RHOC,0.41582,10817
ZSCAN32,0.41586,10818
ARHGEF37,0.41589,10819
LGR5,0.41598,10820
ADRA1D,0.41598,10821
SDF2,0.41608,10822
PDZD2,0.41611,10823
MGLL,0.41612,10824
P4HA2,0.41614,10825
LCMT1,0.41631,10826
MATK,0.41631,10827
SEMA3B,0.41633,10828
GANAB,0.41642,10829
ZNF695,0.4165,10830
CABLES2,0.4167,10831
RPS6KA6,0.41672,10832
TPRG1,0.41672,10833
BCL6,0.41677,10834
ABHD15,0.41686,10835
ACTN2,0.41703,10836
PPFIA1,0.41705,10837
CCL22,0.41709,10838
ETF1,0.41716,10839
UPK2,0.41722,10840
LGALS13,0.41726,10841
CCDC71,0.41729,10842
PPARD,0.41737,10843
MS4A10,0.41739,10844
FUT1,0.41739,10845
ANKRD29,0.41747,10846
CD320,0.41755,10847
SERINC1,0.4176,10848
TMCC2,0.41763,10849
CD97,0.41765,10850
NRL,0.41766,10851
SLC7A10,0.41767,10852
TULP4,0.41771,10853
WHSC1,0.41779,10854
BNIP3,0.41781,10855
DEFB132,0.41788,10856
NSUN7,0.4179,10857
EFNB3,0.41793,10858
KCNMB4,0.41801,10859
RBM34,0.41805,10860
ZNF75D,0.41818,10861
BHLHA15,0.41824,10862
HCFC2,0.41836,10863
GJA3,0.41853,10864
TXNDC9,0.41863,10865
ZNF414,0.41866,10866
HOXD3,0.41869,10867
TNNI2,0.4187,10868
WFDC6,0.41879,10869
ZNF696,0.41884,10870
INTS2,0.419,10871
ACSM5,0.41908,10872
NDFIP1,0.41917,10873
TTC5,0.41917,10874
PCBP3,0.41919,10875
IQCC,0.41926,10876
RAP1GAP,0.41939,10877
TSPAN4,0.41941,10878
COL28A1,0.41944,10879
GOLGA8B,0.41948,10880
TFAM,0.41952,10881
HERC3,0.41957,10882
GBX1,0.41958,10883
ANKRD27,0.41962,10884
WNT5B,0.41965,10885
PCDH10,0.41968,10886
DOCK3,0.4197,10887
OAS1,0.4197,10888
PRSS38,0.41981,10889
PDCD4,0.41982,10890
IL16,0.4199,10891
PDILT,0.41995,10892
ANKHD1,0.42003,10893
GUCY1B3,0.42003,10894
DTX2,0.42006,10895
TCFL5,0.42007,10896
THAP10,0.42015,10897
CCDC14,0.42016,10898
LCE3B,0.42018,10899
FAM49A,0.42022,10900
INPP5A,0.42026,10901
SUV420H2,0.42029,10902
HMGN5,0.42035,10903
TREML2,0.42041,10904
IGSF5,0.42041,10905
B3GAT3,0.4205,10906
PRKD1,0.42054,10907
TWSG1,0.42056,10908
ELTD1,0.42061,10909
HES5,0.42068,10910
CDH23,0.42079,10911
AGFG1,0.42092,10912
CENPH,0.42102,10913
ZNF611,0.42107,10914
CBX3,0.42112,10915
PRTN3,0.42114,10916
PRKRIR,0.42116,10917
TRMT5,0.4212,10918
EYA3,0.42133,10919
SLC6A7,0.42138,10920
MOB2,0.42151,10921
ARHGEF18,0.42154,10922
ZFP90,0.42162,10923
EXOSC5,0.42163,10924
FAT2,0.42168,10925
LAMTOR4,0.42171,10926
TSPO,0.42178,10927
THBS3,0.42185,10928
SHISA2,0.42199,10929
CAST,0.4221,10930
GEMIN8,0.4221,10931
TADA3,0.42217,10932
MARS,0.42227,10933
GPR176,0.42231,10934
DIP2B,0.42235,10935
NPR2,0.4224,10936
MIIP,0.42247,10937
OR5AN1,0.42248,10938
ACRC,0.42254,10939
BYSL,0.42256,10940
KIF9,0.42257,10941
NRBP1,0.42265,10942
TMEM220,0.42269,10943
MIXL1,0.42272,10944
C5orf54,0.42294,10945
NTRK1,0.42295,10946
VEPH1,0.42298,10947
ZNF382,0.42299,10948
SLC25A39,0.4231,10949
PLEKHH1,0.42313,10950
THAP11,0.42315,10951
PHGDH,0.42325,10952
PTPN7,0.42333,10953
SHISA4,0.42338,10954
C16orf52,0.42341,10955
UBAP1,0.42347,10956
ZBTB11,0.42355,10957
IGFBP7,0.42362,10958
IL4R,0.42367,10959
MFSD6,0.42368,10960
SNX6,0.4237,10961
PLK3,0.42374,10962
TAS2R5,0.42388,10963
C1orf112,0.42393,10964
PGRMC2,0.42396,10965
RGPD5,0.42397,10966
S100A7,0.42404,10967
COMMD3,0.42406,10968
ATP10B,0.42409,10969
DNAJB8,0.4241,10970
HOXD13,0.42412,10971
PDE3B,0.42415,10972
SCRN2,0.42425,10973
TNRC18,0.4243,10974
LSM12,0.42431,10975
PP2D1,0.42436,10976
SLC25A47,0.4244,10977
TMPRSS11D,0.42444,10978
PRIM1,0.42445,10979
CHMP4C,0.42461,10980
FADD,0.42464,10981
DNPH1,0.42474,10982
TMTC1,0.42478,10983
DNAJB9,0.42487,10984
FOSL2,0.4249,10985
LOC100506127,0.42496,10986
ZNF488,0.42511,10987
ZNF214,0.42511,10988
LDB1,0.42518,10989
TRIM11,0.42519,10990
KPTN,0.42524,10991
DNAJB14,0.42533,10992
ABHD3,0.42536,10993
FAM9A,0.42547,10994
PHF14,0.42552,10995
FBXO4,0.42556,10996
MRPL2,0.42563,10997
OLFM2,0.42564,10998
PRR9,0.42571,10999
LY75,0.42574,11000
SNAPC4,0.42582,11001
IDE,0.42589,11002
KRT6C,0.42593,11003
KSR1,0.42594,11004
MRPL16,0.42609,11005
TRIQK,0.42613,11006
AOX1,0.42615,11007
CORO2B,0.42617,11008
APEX2,0.42622,11009
OR14C36,0.42629,11010
THEMIS,0.4263,11011
RRM2B,0.42632,11012
TBC1D8B,0.42635,11013
C3orf52,0.42642,11014
CXCL9,0.42644,11015
TMEM190,0.42646,11016
CYTH3,0.4265,11017
ULK3,0.42656,11018
MAEA,0.42688,11019
ANKRD35,0.42703,11020
YOD1,0.42704,11021
C12orf80,0.4271,11022
CASC1,0.42729,11023
ZNF202,0.42738,11024
KDSR,0.42747,11025
GSG2,0.42751,11026
C3orf70,0.42764,11027
ZNF93,0.42766,11028
KAT6B,0.42772,11029
TIGD4,0.42784,11030
RBM43,0.42793,11031
DNAL1,0.428,11032
FAM122A,0.42806,11033
AADAC,0.42809,11034
TRIM25,0.42812,11035
PAMR1,0.42818,11036
DVL3,0.42835,11037
DOCK2,0.42835,11038
IQCK,0.42835,11039
HSF4,0.42853,11040
LPCAT3,0.4289,11041
KIAA0922,0.42895,11042
IFNAR1,0.42908,11043
CHST11,0.42919,11044
CNPY4,0.42924,11045
IL9,0.42933,11046
DDN,0.42935,11047
IVNS1ABP,0.42962,11048
C8G,0.4298,11049
TGFBR1,0.42994,11050
MLLT6,0.42999,11051
FLVCR1,0.43002,11052
DRD2,0.43009,11053
BCL11A,0.43016,11054
METTL21B,0.43025,11055
ALX3,0.43025,11056
ARHGEF4,0.43036,11057
CHD1,0.4304,11058
TIE1,0.43044,11059
TRAF3IP2,0.43051,11060
MAP1LC3B2,0.43062,11061
RASGRP4,0.43062,11062
MICAL1,0.43068,11063
RAET1E,0.43084,11064
C1orf68,0.43086,11065
CETN2,0.43091,11066
CGRRF1,0.43092,11067
CDK11B,0.43096,11068
PFAS,0.43097,11069
CCDC40,0.43102,11070
ARAP1,0.43103,11071
ATRIP,0.43105,11072
YME1L1,0.43108,11073
RHAG,0.43129,11074
OR5M9,0.43135,11075
ZKSCAN4,0.43141,11076
USP54,0.43166,11077
HEATR5B,0.43175,11078
BAG4,0.43182,11079
OTUB2,0.43184,11080
RPL7A,0.43191,11081
LRRC10,0.43207,11082
MICAL3,0.43208,11083
DLGAP5,0.43222,11084
RBFA,0.43225,11085
CCDC37,0.43244,11086
OVOL3,0.43244,11087
MBLAC1,0.43246,11088
C7orf43,0.43249,11089
ARRB1,0.43251,11090
KCNK5,0.43257,11091
SPACA1,0.43262,11092
ABCA6,0.43262,11093
EYS,0.43267,11094
ADAM23,0.43268,11095
TMEM173,0.4328,11096
ACSBG2,0.43282,11097
NAE1,0.43291,11098
MTRNR2L8,0.43312,11099
CCDC47,0.43313,11100
WDR46,0.43314,11101
VPS16,0.43316,11102
ANKRD33,0.43323,11103
NBEAL2,0.43323,11104
ANO2,0.43332,11105
MLLT3,0.43333,11106
CNTFR,0.43335,11107
FAM43B,0.4334,11108
TSPAN15,0.43344,11109
MPP2,0.43345,11110
ABCB9,0.43347,11111
FUBP3,0.43349,11112
IFRD2,0.43356,11113
PDE7B,0.43364,11114
AGA,0.4337,11115
HSFX1,0.43387,11116
RABAC1,0.43404,11117
TRIM46,0.43419,11118
UBA3,0.43441,11119
FSIP2,0.43444,11120
TAF6L,0.4345,11121
SLC26A9,0.43454,11122
C9orf171,0.43481,11123
SOCS2,0.43481,11124
VGF,0.43499,11125
FRMD4B,0.435,11126
ZKSCAN2,0.435,11127
KRT32,0.43517,11128
RBM44,0.4352,11129
ZNF530,0.43537,11130
ELP3,0.43539,11131
CCDC141,0.43554,11132
SPINK9,0.43561,11133
LYPD2,0.43564,11134
NOSTRIN,0.43589,11135
IZUMO3,0.43591,11136
GPSM2,0.43591,11137
GTF2H1,0.43595,11138
PPFIA3,0.43599,11139
EPHB2,0.43606,11140
CHRD,0.43613,11141
ATF2,0.43619,11142
SLC25A23,0.43624,11143
NDUFB4,0.43632,11144
CYP26C1,0.43633,11145
PAK4,0.43642,11146
SLC22A1,0.43648,11147
MRPL38,0.4365,11148
AMPD2,0.43655,11149
SNAP91,0.43655,11150
LST1,0.43656,11151
LOC643037,0.43658,11152
PTGES,0.43667,11153
EIF3F,0.43677,11154
HOOK2,0.43681,11155
C15orf54,0.43683,11156
SPRTN,0.43695,11157
KAZN,0.43696,11158
AMMECR1L,0.43703,11159
ACE,0.43705,11160
SLC20A2,0.43724,11161
PER3,0.43731,11162
MMACHC,0.43736,11163
COA1,0.43737,11164
FKBP3,0.4374,11165
RAB15,0.4374,11166
COPE,0.43753,11167
SLC8A2,0.43769,11168
XYLT1,0.4377,11169
IDI2,0.43783,11170
NFKB2,0.43784,11171
KIF3A,0.43791,11172
ST6GALNAC1,0.43802,11173
CNFN,0.4382,11174
HTR1D,0.43822,11175
ERV3-1,0.43836,11176
RCBTB1,0.43852,11177
RBM42,0.43854,11178
ZNF652,0.4386,11179
EIF1,0.43863,11180
CTDNEP1,0.4387,11181
C19orf82,0.43873,11182
STS,0.43881,11183
SRSF11,0.43887,11184
CCZ1,0.43888,11185
EIF4E,0.43899,11186
RNF39,0.43902,11187
SERPINB2,0.43903,11188
RTTN,0.43905,11189
SBSPON,0.43917,11190
ZNF649,0.43934,11191
TRPC5OS,0.43943,11192
PLA2G4F,0.43943,11193
UBQLN3,0.43943,11194
IPO4,0.43946,11195
CTNNBIP1,0.43948,11196
TAS2R10,0.43953,11197
AQP7,0.43969,11198
CCP110,0.43972,11199
SFXN4,0.43972,11200
QTRT1,0.43984,11201
CACNG8,0.43988,11202
POM121C,0.43997,11203
ZNF708,0.44016,11204
TBL1XR1,0.44023,11205
ZMAT2,0.44028,11206
TFDP2,0.44031,11207
MND1,0.44032,11208
DGKH,0.44049,11209
RNF14,0.44057,11210
DCAF6,0.4407,11211
ZNF432,0.44073,11212
SNX14,0.44083,11213
TMEM19,0.44104,11214
MACROD1,0.44112,11215
FUT7,0.44121,11216
PBK,0.44143,11217
FSTL3,0.44152,11218
MXD4,0.44159,11219
CCL2,0.44163,11220
PSMB5,0.44171,11221
LHFP,0.44178,11222
ZGLP1,0.44187,11223
LBX1,0.44208,11224
CCSAP,0.44215,11225
ZNF33B,0.4422,11226
DPF2,0.44227,11227
TRIM7,0.44234,11228
GMNC,0.44249,11229
CYP27A1,0.44272,11230
ZNF394,0.44273,11231
CACHD1,0.44273,11232
BTAF1,0.44275,11233
PCBD1,0.4428,11234
RGS10,0.44288,11235
P2RY8,0.44288,11236
KRTAP19-8,0.44291,11237
SGPP1,0.44297,11238
GRPEL2,0.44316,11239
HBE1,0.44316,11240
FLT3LG,0.44323,11241
CYP2C9,0.44338,11242
AXIN2,0.44347,11243
TMEM209,0.44349,11244
INF2,0.44354,11245
OSBPL9,0.44357,11246
ZNF280B,0.44359,11247
ADAMTS16,0.44377,11248
MBD5,0.4438,11249
BROX,0.44383,11250
NPFF,0.44395,11251
FGF11,0.4441,11252
PARP3,0.44412,11253
GLCCI1,0.44415,11254
MS4A14,0.44418,11255
NCBP2,0.44423,11256
GPATCH8,0.44426,11257
DNAJC18,0.44426,11258
AOC2,0.44444,11259
TPRX1,0.44444,11260
ZNF527,0.44452,11261
KLK2,0.44461,11262
SH3BP5,0.44468,11263
PSMA8,0.44475,11264
SERPINA12,0.44481,11265
SCML1,0.44483,11266
SFRP5,0.44489,11267
NMBR,0.44496,11268
FAM127C,0.44524,11269
RNF181,0.44543,11270
MYOG,0.44555,11271
AMELX,0.44561,11272
ZNF572,0.44577,11273
SH3TC2,0.44581,11274
ARRDC3,0.44583,11275
ARHGAP33,0.44594,11276
TENM1,0.44596,11277
CBX1,0.44612,11278
VWC2L,0.44623,11279
OR1L6,0.44629,11280
UGT2B17,0.44636,11281
ZNF845,0.4465,11282
ADCY1,0.44659,11283
SLC25A46,0.44666,11284
INSL3,0.44671,11285
CCNT2,0.44695,11286
UAP1L1,0.44701,11287
RPTN,0.44716,11288
ANKZF1,0.44725,11289
CCNA2,0.44728,11290
PLRG1,0.44736,11291
ZFP91,0.44741,11292
VPS37A,0.44748,11293
OBP2A,0.44755,11294
HSPA12B,0.44757,11295
ALOXE3,0.44761,11296
MCM8,0.44762,11297
GNLY,0.44775,11298
HTRA4,0.44781,11299
PHYH,0.44794,11300
PRSS35,0.448,11301
LIN52,0.44805,11302
CDR2,0.44806,11303
GEMIN5,0.44828,11304
MFSD10,0.44838,11305
ANAPC16,0.44847,11306
MYCN,0.44847,11307
IL17F,0.44852,11308
POLR2J,0.44856,11309
OR4D2,0.44863,11310
CSF2,0.44863,11311
PPFIA2,0.44866,11312
GPR4,0.44868,11313
PTBP2,0.44868,11314
ZNF569,0.44881,11315
POU6F1,0.44881,11316
USP26,0.44891,11317
GFM1,0.44896,11318
RPS6KL1,0.44906,11319
ABHD10,0.44921,11320
AKT1S1,0.44924,11321
FAM222A,0.44929,11322
RAC2,0.44932,11323
FAM65B,0.44937,11324
MFNG,0.4495,11325
C19orf10,0.44953,11326
SLC4A2,0.44956,11327
PRR14L,0.44956,11328
ST8SIA3,0.44965,11329
FAM174B,0.44975,11330
ZNF624,0.4499,11331
STRA13,0.45013,11332
WISP1,0.45014,11333
TMEM55B,0.45017,11334
FAM120A,0.45025,11335
LGI2,0.45027,11336
IRGQ,0.45028,11337
ODAM,0.45031,11338
FAM167B,0.45036,11339
PLB1,0.45042,11340
C9orf92,0.45044,11341
PRRC2B,0.45049,11342
ZNF418,0.45061,11343
RNF182,0.45085,11344
RNF11,0.45088,11345
GREM2,0.45091,11346
DDX11,0.451,11347
RFTN1,0.451,11348
C1QTNF6,0.45106,11349
RIMS3,0.45113,11350
CCNA1,0.45119,11351
RNASE10,0.45119,11352
SPTSSA,0.45135,11353
GRXCR2,0.45168,11354
INSM2,0.45172,11355
DTD2,0.45176,11356
ZCCHC10,0.45178,11357
EFCAB11,0.45194,11358
PCDHGA9,0.45203,11359
POLR1E,0.45206,11360
NUDT13,0.4521,11361
GABRA6,0.45223,11362
FAM181B,0.45224,11363
PTPRQ,0.45226,11364
ZFAND2B,0.45228,11365
ZNF229,0.45232,11366
AKR1C3,0.45234,11367
MMP11,0.4524,11368
FAR2,0.45241,11369
TXNRD1,0.45243,11370
ARTN,0.45251,11371
HSPE1,0.4526,11372
CD300LG,0.45262,11373
USF2,0.45271,11374
STK38L,0.45274,11375
PIP5K1B,0.45284,11376
HIST1H2AJ,0.45287,11377
PGPEP1,0.45298,11378
KIF27,0.45303,11379
HSPA1L,0.45305,11380
ADRA1A,0.45316,11381
OR8K5,0.4532,11382
CHRNA2,0.45333,11383
GDF7,0.45345,11384
SCAMP1,0.45355,11385
SPINK6,0.45361,11386
SHC2,0.45363,11387
BNIP2,0.45371,11388
FBXO11,0.45377,11389
KDM6B,0.45379,11390
ELL,0.45379,11391
POU3F3,0.45398,11392
RFX1,0.45403,11393
MOSPD1,0.45408,11394
PYROXD2,0.45409,11395
PPP1R12A,0.45414,11396
MLF2,0.4542,11397
MINK1,0.45421,11398
BMP4,0.45424,11399
NUAK2,0.45429,11400
STXBP4,0.45429,11401
C17orf51,0.45433,11402
JUN,0.45435,11403
ANKRD13D,0.45438,11404
CFL1,0.45454,11405
BCDIN3D,0.45463,11406
FN1,0.45466,11407
CEP44,0.4547,11408
NOB1,0.45479,11409
NEUROD6,0.45496,11410
MSN,0.45496,11411
FLVCR2,0.45498,11412
QKI,0.45502,11413
STK10,0.45502,11414
SRP19,0.45507,11415
MYL12B,0.4552,11416
UBA1,0.45529,11417
PUS1,0.45538,11418
MYOZ2,0.45541,11419
PADI1,0.45549,11420
E2F7,0.45556,11421
FAM3B,0.45558,11422
CDH2,0.45567,11423
FAM194B,0.45569,11424
DPP8,0.45572,11425
BVES,0.45575,11426
CXorf49B,0.45587,11427
DYRK2,0.45602,11428
GMEB1,0.45603,11429
FCGR2C,0.45611,11430
ZNF596,0.45656,11431
SIGLEC11,0.45656,11432
YTHDF2,0.45664,11433
CLASP1,0.45669,11434
FAM132B,0.45673,11435
SNX7,0.45673,11436
FKTN,0.45677,11437
TADA2B,0.45686,11438
ZNF583,0.45686,11439
ALCAM,0.45686,11440
CYP4A22,0.45702,11441
SH2D3C,0.45703,11442
IL23A,0.45708,11443
SHANK3,0.45713,11444
ACBD5,0.45724,11445
NCOA5,0.45727,11446
TIGIT,0.4573,11447
FAM194A,0.45734,11448
FGD3,0.45736,11449
CDK19,0.45737,11450
SYNCRIP,0.45752,11451
ZNF232,0.45753,11452
OR5M11,0.45779,11453
CORO6,0.45782,11454
KCNMA1,0.45799,11455
SCNN1B,0.45802,11456
EXOC3L4,0.45805,11457
PRSS58,0.45807,11458
MCM10,0.45813,11459
TBR1,0.45823,11460
LRRC70,0.45825,11461
BIRC5,0.45825,11462
PPP3CC,0.45838,11463
PPP1R15A,0.4585,11464
AQP2,0.45862,11465
MPP1,0.45868,11466
CORIN,0.45875,11467
PAK6,0.45882,11468
SFXN5,0.45892,11469
PDE12,0.45898,11470
CNN2,0.45899,11471
C17orf104,0.45905,11472
CUEDC2,0.45915,11473
DNAJC27,0.45923,11474
GPSM3,0.45939,11475
MTFR2,0.45943,11476
SLFN5,0.45959,11477
FAM127B,0.45973,11478
IQCE,0.45985,11479
EPHB6,0.45989,11480
ACOT11,0.46004,11481
AFF4,0.46025,11482
TMEM63B,0.46035,11483
PRKAR1B,0.46039,11484
MMGT1,0.46048,11485
SPARC,0.46056,11486
EFNA3,0.46064,11487
GK2,0.46069,11488
FGF4,0.46069,11489
SF3A2,0.46079,11490
AMELY,0.46106,11491
CST4,0.46115,11492
PRDX1,0.46123,11493
SLC35B1,0.46125,11494
MGA,0.46133,11495
CALB2,0.46142,11496
RIN3,0.4615,11497
MEAF6,0.46156,11498
TTC6,0.46158,11499
MS4A12,0.46158,11500
CALM3,0.4616,11501
TTC37,0.46161,11502
NRD1,0.46162,11503
EP300,0.46165,11504
ATP1A2,0.46169,11505
TBCD,0.4617,11506
HNRNPUL2,0.46182,11507
RIMBP3C,0.46182,11508
FAM69A,0.46187,11509
CHST5,0.46198,11510
LPA,0.46204,11511
SETD8,0.46205,11512
ZNF264,0.46225,11513
UBE2D3,0.46225,11514
IARS,0.46234,11515
ASIC3,0.46236,11516
ALG14,0.4624,11517
ZNF317,0.46253,11518
FCER1A,0.46259,11519
GALNT9,0.46261,11520
AGXT,0.46282,11521
HIATL1,0.46286,11522
PNMAL2,0.46289,11523
RAPGEF3,0.46293,11524
HS3ST5,0.46308,11525
ZNF133,0.46311,11526
PLBD2,0.46314,11527
GRHL1,0.46314,11528
ADH5,0.46317,11529
ARHGEF26,0.46321,11530
DEFB110,0.46327,11531
ASCL4,0.46329,11532
RABL3,0.46335,11533
MTRF1,0.46341,11534
OTP,0.46349,11535
RPL11,0.46356,11536
FAM69B,0.46376,11537
EZH2,0.46376,11538
ILF2,0.46384,11539
C3orf17,0.46393,11540
HDAC5,0.46398,11541
EPX,0.46402,11542
FAM110C,0.46404,11543
DCK,0.46415,11544
GPR17,0.4644,11545
ZNF707,0.46443,11546
IKBKAP,0.46444,11547
UCP2,0.46446,11548
ZNF233,0.46454,11549
C7orf72,0.46456,11550
ISLR2,0.46461,11551
COG8,0.46461,11552
GLTPD2,0.46461,11553
CHI3L2,0.46471,11554
RPS10,0.46488,11555
PYY,0.46508,11556
SHKBP1,0.46509,11557
ARL14EP,0.46509,11558
ZCCHC8,0.46512,11559
DUSP26,0.46522,11560
KIAA0141,0.46524,11561
NADK,0.46527,11562
ARHGDIG,0.46538,11563
RASL10A,0.46545,11564
GRTP1,0.46549,11565
ZBTB43,0.46552,11566
CASC10,0.46555,11567
FKBP8,0.46558,11568
ATP5O,0.46561,11569
FSCN2,0.46564,11570
MAMDC4,0.4657,11571
ARV1,0.46571,11572
THUMPD3,0.46592,11573
NCR1,0.46595,11574
PNPLA1,0.46596,11575
MOB3B,0.4661,11576
ACPP,0.4661,11577
MED18,0.46615,11578
SRM,0.46618,11579
OR4K17,0.46622,11580
SAMD13,0.46625,11581
GLUD2,0.46639,11582
GPR116,0.46641,11583
ZNF302,0.46653,11584
CCDC177,0.46657,11585
COL16A1,0.46657,11586
ZSCAN20,0.46664,11587
TRIM65,0.46665,11588
FGF10,0.46671,11589
FAM156B,0.46677,11590
VN1R1,0.46678,11591
LAPTM4A,0.4668,11592
COTL1,0.46686,11593
HOXA13,0.46693,11594
TMEM185B,0.46711,11595
ALOX15,0.46716,11596
RDM1,0.46727,11597
TAF4B,0.46727,11598
RHOT1,0.46727,11599
ABLIM1,0.46749,11600
SH3BGR,0.46763,11601
ROPN1B,0.46763,11602
IL1R2,0.46771,11603
COL6A1,0.46772,11604
B4GALNT1,0.46775,11605
AGPAT4,0.46777,11606
SRPX,0.46781,11607
U2SURP,0.46784,11608
GZF1,0.46785,11609
SAP25,0.46786,11610
MCM9,0.46793,11611
EPHA5,0.46794,11612
AOC1,0.46797,11613
DYNC1LI1,0.46803,11614
FICD,0.46805,11615
NR2F1,0.46808,11616
ASB14,0.46826,11617
MOGAT1,0.46828,11618
TRPC4,0.46847,11619
PCNT,0.46857,11620
SLC17A3,0.46859,11621
APPL2,0.46863,11622
MCMDC2,0.46869,11623
DNM3,0.46871,11624
VAC14,0.46873,11625
ALDH3A1,0.46902,11626
NDRG4,0.46908,11627
CEP152,0.46911,11628
HDLBP,0.46944,11629
OR51M1,0.46946,11630
ACTL9,0.46951,11631
TMEM86A,0.4696,11632
C11orf83,0.46967,11633
ZNF438,0.46969,11634
FAM228B,0.4697,11635
GRHPR,0.46984,11636
FAXDC2,0.46984,11637
C1QTNF3,0.46996,11638
ARNTL,0.47004,11639
PKP1,0.47008,11640
GSTO1,0.47011,11641
KLHL41,0.47035,11642
TAF9B,0.47042,11643
BTBD19,0.47048,11644
MAP4K1,0.47066,11645
MED6,0.47069,11646
NPHP4,0.47071,11647
CDC37,0.47072,11648
CBL,0.47074,11649
KIF20B,0.47084,11650
BLID,0.4709,11651
HECW2,0.4709,11652
FAS,0.47096,11653
PTGIR,0.47102,11654
BLOC1S2,0.4711,11655
SERTAD4,0.47117,11656
MRPL52,0.47124,11657
CECR6,0.47139,11658
PROX2,0.4716,11659
DESI1,0.4716,11660
SLC39A5,0.47167,11661
IRGC,0.4719,11662
FRMPD2,0.47194,11663
PITX3,0.47194,11664
CLEC4D,0.47199,11665
FAM167A,0.47208,11666
PDE7A,0.47214,11667
ADCK5,0.47217,11668
IVD,0.4722,11669
SP110,0.47232,11670
SLC4A8,0.47236,11671
DNAJC6,0.47238,11672
TRDMT1,0.47238,11673
MT3,0.47241,11674
CMAS,0.47259,11675
TP53I11,0.47265,11676
EPC2,0.47268,11677
ZNF274,0.47271,11678
GLIS3,0.47271,11679
PLK1,0.47276,11680
FAM188A,0.47291,11681
LOH12CR1,0.47295,11682
RHEBL1,0.47308,11683
FBXL19,0.47314,11684
ZNF423,0.47319,11685
CST9L,0.47326,11686
ATF3,0.47327,11687
CCDC134,0.47338,11688
SMPDL3B,0.47351,11689
PDHB,0.47356,11690
UBAP2,0.47369,11691
ZNF775,0.47369,11692
C10orf35,0.47373,11693
CCDC83,0.47382,11694
PPIL6,0.47395,11695
ZNF444,0.47408,11696
TLR8,0.47413,11697
EFS,0.47416,11698
GABRP,0.47427,11699
C1orf228,0.47434,11700
TPI1,0.47435,11701
VIT,0.47439,11702
OR2S2,0.47439,11703
SLC25A31,0.47443,11704
TLR7,0.47447,11705
EARS2,0.47449,11706
DKK2,0.47451,11707
NHEJ1,0.47455,11708
THEG,0.47456,11709
STK32A,0.4746,11710
PRKAG3,0.47464,11711
RNF183,0.47466,11712
TP53BP2,0.47473,11713
GPR12,0.4748,11714
NME5,0.47488,11715
TYW1,0.47491,11716
SLC27A3,0.47495,11717
ARHGEF15,0.475,11718
SNX5,0.47503,11719
APOBEC3H,0.47505,11720
CCR3,0.47509,11721
CYB5D1,0.47522,11722
ENC1,0.4753,11723
PLAU,0.47539,11724
EBP,0.47553,11725
N4BP2L1,0.47565,11726
SYNJ1,0.47571,11727
SKAP1,0.47578,11728
NDUFS1,0.47605,11729
PLEKHF1,0.47611,11730
NBPF8,0.47611,11731
HS3ST1,0.47619,11732
TMEM211,0.47626,11733
ZBTB33,0.47627,11734
CABP4,0.47628,11735
FIGF,0.47644,11736
ZNF165,0.47644,11737
EVA1A,0.47662,11738
SLC24A3,0.47662,11739
FAM129C,0.47671,11740
BCL2L11,0.47674,11741
NCKIPSD,0.47675,11742
SLC26A4,0.47677,11743
WDR25,0.47681,11744
TAAR8,0.47682,11745
RPSA,0.47682,11746
PDE4D,0.47688,11747
IL17RE,0.47693,11748
EIF4G1,0.47707,11749
SNW1,0.47713,11750
RNPEP,0.47715,11751
GTSE1,0.47716,11752
SLC5A10,0.47721,11753
HLA-DOA,0.47739,11754
CUL7,0.47741,11755
CXCR5,0.47769,11756
FAM186B,0.47784,11757
NDUFA3,0.47791,11758
ZNF669,0.47803,11759
OR2F1,0.47805,11760
ZFHX2,0.4781,11761
AGXT2,0.47812,11762
NISCH,0.47815,11763
L3MBTL1,0.47817,11764
CACNA1S,0.47821,11765
ENTHD2,0.47823,11766
PTP4A3,0.47824,11767
OR10J1,0.4783,11768
RP9,0.47832,11769
LPCAT2,0.47833,11770
EMG1,0.47848,11771
KRTAP4-4,0.47859,11772
KIAA0020,0.47859,11773
WDR5B,0.47861,11774
WRAP73,0.47881,11775
SPATA2L,0.47884,11776
SLC37A1,0.47896,11777
IL17REL,0.47899,11778
POLR2G,0.47905,11779
BCAP31,0.47906,11780
C21orf62,0.47906,11781
POGK,0.47912,11782
FAM195A,0.47914,11783
SIM1,0.47918,11784
SSUH2,0.47918,11785
HS3ST4,0.47923,11786
CSH2,0.47933,11787
C2orf62,0.47944,11788
HIST2H3D,0.47944,11789
SLC4A4,0.47969,11790
FBXL7,0.47974,11791
CHD8,0.47975,11792
MOV10L1,0.47981,11793
DTD1,0.47984,11794
VSTM2B,0.47989,11795
CACNB1,0.47992,11796
VGLL3,0.47996,11797
RGS12,0.48002,11798
ZRANB1,0.48002,11799
PRICKLE4,0.48007,11800
EED,0.48012,11801
LY6G5C,0.48024,11802
GC,0.48026,11803
PRAMEF22,0.4803,11804
C9orf57,0.48033,11805
MTA2,0.48036,11806
SH3BGRL,0.48037,11807
SERPINA5,0.48041,11808
GALNT10,0.48042,11809
YDJC,0.48045,11810
PCSK9,0.48093,11811
RRP36,0.48109,11812
GAST,0.48111,11813
ABCD3,0.48113,11814
EMB,0.48126,11815
PHLDB2,0.48132,11816
STAG3,0.48134,11817
PRMT10,0.48139,11818
TCEB3CL2,0.4814,11819
ZNF92,0.48148,11820
MORN5,0.48153,11821
EHF,0.48156,11822
PLEKHN1,0.48158,11823
LOC100505549,0.4816,11824
TMCO2,0.48161,11825
CTTN,0.48179,11826
ANO9,0.48179,11827
NFIL3,0.48182,11828
COL24A1,0.48187,11829
NAMPT,0.48196,11830
SLC25A14,0.48208,11831
FOXO3,0.48223,11832
PLEKHD1,0.48224,11833
NFKBID,0.48227,11834
PSG11,0.48228,11835
CXorf38,0.48233,11836
VMO1,0.48234,11837
FAM171A1,0.48254,11838
ARHGEF19,0.48257,11839
PAGR1,0.48257,11840
RARS2,0.48258,11841
SQSTM1,0.48262,11842
LUC7L3,0.48263,11843
MYCT1,0.48263,11844
MEDAG,0.48268,11845
OR51B2,0.48274,11846
KHK,0.48276,11847
FOXH1,0.48279,11848
PROM1,0.48289,11849
FAM195B,0.48291,11850
PNPO,0.48306,11851
WDR47,0.48314,11852
ARSB,0.48318,11853
C12orf4,0.48323,11854
GOLGB1,0.48331,11855
IL1RN,0.48351,11856
GPT2,0.48355,11857
WDPCP,0.48356,11858
TRMT112,0.4836,11859
ZNF132,0.48364,11860
DKK4,0.48385,11861
PAK1,0.48387,11862
LRRFIP1,0.48387,11863
RILPL1,0.4839,11864
TNNT3,0.48391,11865
DYNLL1,0.48398,11866
STX17,0.48399,11867
FAM49B,0.48401,11868
ACTR3,0.48404,11869
PPL,0.48414,11870
LDHAL6A,0.4842,11871
KRTAP4-5,0.48426,11872
TMEM35,0.48426,11873
GDF15,0.48432,11874
PLCL1,0.48443,11875
C9orf173,0.48456,11876
PRKAA1,0.48459,11877
COQ4,0.48487,11878
CCL4,0.48487,11879
ABCG1,0.48489,11880
EVL,0.48495,11881
NECAP2,0.48497,11882
B4GALT7,0.485,11883
SLC10A3,0.48507,11884
STT3B,0.48515,11885
BCL2L2-PABPN1,0.48517,11886
SCAF1,0.48521,11887
RUNX1,0.48527,11888
SPATA5L1,0.48541,11889
PABPC4L,0.48541,11890
C2CD3,0.48544,11891
ASMT,0.48544,11892
DRD5,0.48564,11893
HAUS8,0.48568,11894
COL15A1,0.48583,11895
CYP3A43,0.48593,11896
NTRK2,0.48614,11897
RFXAP,0.48616,11898
HAUS2,0.48623,11899
PRSS21,0.48626,11900
SLC44A1,0.48632,11901
DBX2,0.48646,11902
CERKL,0.48655,11903
TUSC3,0.48663,11904
PGAP1,0.48666,11905
SGCD,0.48677,11906
TAC4,0.48686,11907
C17orf78,0.487,11908
SLC5A9,0.48708,11909
ELOVL7,0.48728,11910
KNTC1,0.48729,11911
NDUFA1,0.48732,11912
KDM8,0.48733,11913
GP6,0.48739,11914
RNF10,0.48745,11915
SCNN1A,0.4875,11916
KIF21B,0.4875,11917
BPIFA1,0.48757,11918
VCP,0.48757,11919
NFYB,0.48762,11920
BFAR,0.48768,11921
NUDT18,0.4877,11922
ETNK2,0.48772,11923
OR5B12,0.48772,11924
PAXIP1,0.4878,11925
SDCBP2,0.48782,11926
UBE2N,0.48787,11927
PPP1CC,0.48791,11928
TSPAN11,0.48795,11929
AFF3,0.48797,11930
FUNDC2,0.48799,11931
CHSY1,0.48801,11932
ZNF878,0.48805,11933
NAP1L2,0.48809,11934
GPR75,0.48819,11935
HSDL2,0.48822,11936
C17orf82,0.48825,11937
ASAH1,0.48828,11938
TMEM255A,0.48831,11939
LMAN1L,0.48834,11940
ZNF660,0.48837,11941
ST20,0.48837,11942
RAD18,0.48846,11943
DPY19L3,0.4885,11944
HVCN1,0.48851,11945
TMEM210,0.48857,11946
MSANTD3-TMEFF1,0.48862,11947
UBD,0.48875,11948
SAT1,0.48877,11949
MRGPRX1,0.48879,11950
DEGS2,0.48895,11951
MTTP,0.48896,11952
MYL9,0.48897,11953
PPAPDC1A,0.48913,11954
RCSD1,0.48928,11955
FGD1,0.48928,11956
ATL3,0.48932,11957
SPOCK2,0.48935,11958
FDXR,0.48936,11959
PLA2G2F,0.48942,11960
OXSM,0.48951,11961
IFT122,0.4896,11962
CLLU1OS,0.48961,11963
C17orf103,0.48963,11964
FAM43A,0.48963,11965
WDR35,0.48967,11966
ZXDB,0.48975,11967
APOC4,0.48978,11968
SLC35E4,0.48984,11969
CRTC3,0.48986,11970
SRRM3,0.48992,11971
RRM1,0.48997,11972
EIF2AK4,0.49002,11973
SS18L1,0.49002,11974
SLC2A5,0.49008,11975
VIPR1,0.4902,11976
MCU,0.49031,11977
TLL2,0.49035,11978
GRPR,0.49037,11979
PGAM5,0.4904,11980
FOXO4,0.49043,11981
KIAA1257,0.49045,11982
SCN3A,0.4905,11983
FABP3,0.49066,11984
ERCC6L,0.49068,11985
PTPRB,0.49076,11986
TMEM50B,0.49082,11987
ZNF879,0.49087,11988
HOXC9,0.49104,11989
FGFBP2,0.49109,11990
VRK2,0.49113,11991
RBPJ,0.49115,11992
MTDH,0.49127,11993
BIVM-ERCC5,0.49145,11994
CSE1L,0.49153,11995
ABCG4,0.4916,11996
CYP51A1,0.49163,11997
H2AFY2,0.49164,11998
CCDC12,0.49165,11999
MED1,0.49179,12000
GDF5,0.49181,12001
KCNK17,0.49188,12002
SELM,0.49198,12003
FAM96B,0.492,12004
MGAT2,0.49203,12005
PPME1,0.49205,12006
C10orf10,0.49207,12007
TGM1,0.49208,12008
TMEM107,0.49212,12009
TSGA13,0.49215,12010
POLK,0.49215,12011
AGTRAP,0.49216,12012
MRPL19,0.49218,12013
CDC25C,0.49222,12014
DEPDC1,0.49224,12015
SPIRE1,0.49227,12016
TOR1A,0.49233,12017
PPM1D,0.49236,12018
SLCO2B1,0.49238,12019
L3MBTL4,0.49239,12020
FBXO40,0.49242,12021
H6PD,0.49244,12022
OAS2,0.49248,12023
PIBF1,0.49255,12024
TRO,0.49256,12025
TTI2,0.49261,12026
C19orf81,0.49265,12027
TTLL12,0.49265,12028
IL26,0.49281,12029
FBXO21,0.49286,12030
MED28,0.49295,12031
KIAA1161,0.49306,12032
ZNF286A,0.49309,12033
MAG,0.49315,12034
TIFAB,0.4932,12035
JAM3,0.49321,12036
UBE2O,0.49338,12037
MDM4,0.49343,12038
ADH1B,0.49352,12039
SLC25A38,0.49364,12040
SLC5A11,0.49372,12041
ARHGAP32,0.49382,12042
CIB2,0.49392,12043
CCDC73,0.494,12044
LOC389895,0.49404,12045
EFNB2,0.49405,12046
CD1E,0.49413,12047
IMMP2L,0.49413,12048
OR3A3,0.49423,12049
CALML4,0.49435,12050
DNAJC30,0.49436,12051
SHANK1,0.49441,12052
C4orf19,0.49443,12053
VWA2,0.49452,12054
EEF1A1,0.49457,12055
HNRNPA1L2,0.49457,12056
RWDD4,0.49471,12057
CIDEA,0.49472,12058
RAB33B,0.49479,12059
FKBP14,0.49482,12060
MTBP,0.49482,12061
GH2,0.49495,12062
FCN1,0.49496,12063
PPEF1,0.49503,12064
C16orf96,0.49513,12065
CCDC114,0.4952,12066
PRSS53,0.49521,12067
C16orf86,0.49535,12068
LRRC6,0.49543,12069
SESN3,0.49543,12070
PMEPA1,0.49546,12071
ZNF160,0.49554,12072
MAP3K10,0.49572,12073
MYNN,0.49575,12074
ZSCAN22,0.49576,12075
PCTP,0.49583,12076
MYO1A,0.49589,12077
IGF1,0.49604,12078
TBX22,0.49605,12079
UNKL,0.49613,12080
KLRB1,0.49621,12081
CD207,0.49627,12082
LEO1,0.4963,12083
TACSTD2,0.49632,12084
IGLON5,0.49635,12085
PSMA7,0.49636,12086
ZFAND2A,0.49644,12087
PEBP4,0.49661,12088
RBMY1A1,0.49671,12089
DLK1,0.49675,12090
EEF1B2,0.49706,12091
SCD5,0.49726,12092
WDR52,0.49729,12093
ARL5C,0.49729,12094
C7orf76,0.4977,12095
TPSD1,0.49783,12096
UCHL3,0.4979,12097
SYTL3,0.49793,12098
SLC22A7,0.49797,12099
SHISA6,0.49801,12100
PGP,0.49804,12101
PCF11,0.49805,12102
FAM135B,0.49811,12103
CLDN18,0.49811,12104
KIAA0368,0.49816,12105
OAZ1,0.49819,12106
CD5,0.49827,12107
RAMP2,0.49828,12108
GSPT1,0.49836,12109
KRT75,0.49845,12110
SMIM10,0.49846,12111
SP3,0.49848,12112
EPCAM,0.49861,12113
C1orf53,0.49862,12114
S100A10,0.49867,12115
MC3R,0.49867,12116
R3HDM1,0.49872,12117
ALDOC,0.49879,12118
ARRDC1,0.49914,12119
RCC2,0.49915,12120
TICAM1,0.49917,12121
TC2N,0.49918,12122
ANKFN1,0.49921,12123
ASB18,0.49923,12124
KCNC1,0.49926,12125
KRT85,0.4993,12126
CEL,0.49935,12127
HINT1,0.49936,12128
UGT1A7,0.49946,12129
TMC6,0.49949,12130
SCO1,0.49965,12131
IER2,0.4997,12132
PDK2,0.49972,12133
UCP3,0.49981,12134
PRKAR2B,0.49993,12135
TSC22D4,0.49998,12136
RBM11,0.50002,12137
CARD18,0.50006,12138
UBN1,0.50006,12139
CHST9,0.50011,12140
EPO,0.50021,12141
HOXD11,0.50024,12142
TIMD4,0.50029,12143
FZD5,0.50038,12144
AVPR2,0.50044,12145
IFITM3,0.50048,12146
NEU1,0.50065,12147
CDK15,0.50077,12148
ASF1A,0.50081,12149
ZDHHC21,0.50084,12150
LRRC18,0.50091,12151
NRCAM,0.50099,12152
HLA-DMA,0.50112,12153
PCDHAC2,0.50114,12154
HBEGF,0.5012,12155
ACAP3,0.50147,12156
ERCC3,0.50149,12157
SCN4A,0.50153,12158
RPL27,0.50172,12159
CCDC149,0.50179,12160
MAP3K4,0.5018,12161
GCGR,0.50182,12162
TMCO3,0.50184,12163
USP42,0.50185,12164
GPN2,0.50189,12165
ARHGEF5,0.50195,12166
CYSTM1,0.50195,12167
SLC35E2B,0.50196,12168
OR2M5,0.50202,12169
GAGE12B,0.50203,12170
U2AF2,0.5021,12171
MFSD8,0.50213,12172
RPS2,0.50215,12173
C2orf83,0.50216,12174
PTPRA,0.50221,12175
TSPAN2,0.50224,12176
LCOR,0.50226,12177
VMA21,0.5023,12178
CNOT11,0.50232,12179
GCNT2,0.50236,12180
SCN2B,0.50247,12181
UBXN8,0.50255,12182
FAM206A,0.50255,12183
TBX3,0.50257,12184
CKAP4,0.5026,12185
TPP1,0.5026,12186
OXLD1,0.50263,12187
TRIM43,0.50272,12188
RNF144B,0.50273,12189
ZCCHC14,0.50277,12190
TPST1,0.5029,12191
OR7E24,0.50292,12192
MAST4,0.50295,12193
SMOX,0.503,12194
SPATS2L,0.50304,12195
SUMO3,0.50311,12196
WFDC9,0.50311,12197
MMEL1,0.50321,12198
STRA6,0.50324,12199
SDPR,0.50326,12200
PRDM10,0.50331,12201
ZNF440,0.50331,12202
TRAF6,0.50342,12203
BAIAP3,0.50357,12204
C6orf10,0.50363,12205
ATP6V1E2,0.50387,12206
TMEM245,0.50389,12207
SPINK5,0.50392,12208
FCHO2,0.50399,12209
VAV2,0.50399,12210
NUP133,0.50402,12211
TMEM213,0.50407,12212
PLEKHG6,0.50408,12213
PNPLA3,0.50426,12214
CCR9,0.50431,12215
ISG15,0.50431,12216
TMLHE,0.50434,12217
KRIT1,0.50436,12218
SYDE2,0.50442,12219
44989,0.50444,12220
INSM1,0.50445,12221
NTM,0.5045,12222
WDR73,0.50452,12223
ALX1,0.50457,12224
EDEM2,0.50459,12225
USP39,0.50474,12226
ARFGAP2,0.50482,12227
ANKAR,0.50483,12228
SMIM15,0.50499,12229
CCDC88A,0.50505,12230
HPS4,0.50505,12231
CACNA1B,0.50507,12232
NUDT11,0.50508,12233
BICD2,0.50509,12234
KCNC2,0.50511,12235
DNAJB7,0.5053,12236
ARHGAP20,0.50541,12237
RECQL,0.50542,12238
LOC100130880,0.50548,12239
MNX1,0.50557,12240
KHNYN,0.50558,12241
OR3A2,0.50564,12242
FAM104B,0.50568,12243
TSFM,0.50581,12244
TRIM3,0.50583,12245
EPB42,0.50585,12246
SLC37A3,0.50588,12247
PIGO,0.50591,12248
GPR161,0.50594,12249
TMEM64,0.50594,12250
IFFO2,0.50596,12251
MED11,0.50601,12252
PPP1R7,0.50605,12253
NLRP10,0.50607,12254
C6orf48,0.50611,12255
C20orf196,0.50613,12256
GGTLC1,0.50631,12257
ASCL5,0.50631,12258
DIMT1,0.50657,12259
OR2G6,0.50658,12260
QRICH1,0.50666,12261
ERO1LB,0.50666,12262
COL8A2,0.50668,12263
VWA5B2,0.50673,12264
KDR,0.50686,12265
IL5,0.50701,12266
ANKRD11,0.50702,12267
LYST,0.50704,12268
RAB7L1,0.50711,12269
FOXA3,0.50715,12270
MAD1L1,0.50729,12271
INHBE,0.50734,12272
ZNF114,0.50747,12273
ZNF334,0.50758,12274
MOB4,0.50764,12275
KLHL10,0.50764,12276
PRPF4B,0.50776,12277
PTH,0.50778,12278
NEK4,0.50784,12279
ZBTB4,0.50785,12280
FFAR1,0.50798,12281
JTB,0.508,12282
SLC7A4,0.508,12283
FIGLA,0.50813,12284
PLIN4,0.50814,12285
LIMCH1,0.50818,12286
OR52H1,0.50822,12287
ELMOD3,0.50833,12288
TMEM183B,0.50835,12289
ZFAND4,0.50842,12290
CAMKMT,0.50857,12291
LRRC32,0.50859,12292
DRAM1,0.5086,12293
CEBPA,0.50863,12294
SIN3A,0.50865,12295
GPR173,0.50878,12296
EGLN3,0.50879,12297
SLC30A7,0.50883,12298
TUBB1,0.50885,12299
C17orf64,0.50886,12300
PPWD1,0.50888,12301
CRX,0.50889,12302
CD3E,0.5089,12303
ZNF518B,0.50893,12304
RPL35A,0.50893,12305
GABRQ,0.50894,12306
AGPS,0.509,12307
PRB4,0.50926,12308
AGPAT2,0.50931,12309
CYP4F8,0.50938,12310
GPR19,0.50945,12311
FLYWCH2,0.50945,12312
PCDHA11,0.50953,12313
CCT7,0.50959,12314
GOLGA5,0.50963,12315
MRPS15,0.50977,12316
DTYMK,0.50981,12317
RC3H2,0.50981,12318
NDUFV2,0.50985,12319
JAM2,0.50987,12320
SLC39A3,0.50991,12321
TAS2R40,0.50996,12322
EEF1D,0.51009,12323
IMP4,0.51012,12324
TMEM159,0.51014,12325
RAB27B,0.5102,12326
MTCH2,0.51024,12327
PGBD1,0.51025,12328
C9orf106,0.51028,12329
KNG1,0.5103,12330
FDX1L,0.51031,12331
LAMA3,0.51036,12332
PAFAH2,0.51039,12333
RASAL3,0.51042,12334
RTN1,0.51054,12335
TTN,0.51068,12336
KRT40,0.51069,12337
ACRBP,0.51074,12338
PPP1R2,0.5108,12339
PPP2CB,0.51082,12340
MYPOP,0.51086,12341
STT3A,0.51103,12342
MMADHC,0.51109,12343
DBI,0.51111,12344
TMEM151A,0.51113,12345
LILRB3,0.51113,12346
OR2C3,0.51116,12347
MAP2K2,0.51125,12348
TM2D2,0.51133,12349
HDAC11,0.51137,12350
SLC43A3,0.51148,12351
SLCO1C1,0.51156,12352
MAML2,0.5116,12353
C2orf27B,0.51162,12354
FGF14,0.51166,12355
ZNF747,0.5117,12356
OTUD5,0.51194,12357
ABCD4,0.51198,12358
PTGER3,0.51207,12359
CENPW,0.5121,12360
SWT1,0.51226,12361
PRSS33,0.51226,12362
PORCN,0.51232,12363
KLHL26,0.51233,12364
C11orf42,0.51241,12365
SLC25A37,0.51244,12366
ARIH1,0.51245,12367
TCP10,0.51247,12368
MYH3,0.51248,12369
UBA5,0.51249,12370
OR6C70,0.51261,12371
CNOT8,0.51267,12372
PF4V1,0.51279,12373
ZNF648,0.51283,12374
RBFOX3,0.51289,12375
H2AFB1,0.51295,12376
SYN1,0.51301,12377
MUSK,0.51306,12378
FNIP2,0.51334,12379
RAB3C,0.51354,12380
SH3BGRL3,0.51356,12381
USP40,0.51358,12382
ARSA,0.51368,12383
KIAA0556,0.51369,12384
PPP6R2,0.51391,12385
IRF9,0.51397,12386
IPO9,0.51402,12387
BEND6,0.51403,12388
SERP2,0.51408,12389
KLHL31,0.51415,12390
RWDD2A,0.51419,12391
OR8I2,0.51431,12392
RETN,0.51445,12393
SLC15A1,0.5145,12394
KIF13B,0.51453,12395
FLOT1,0.51456,12396
WAC,0.51462,12397
PHPT1,0.51462,12398
KLHL34,0.5147,12399
PFKFB4,0.51474,12400
CT45A6,0.5148,12401
EMC10,0.51481,12402
APOO,0.51484,12403
CARF,0.5149,12404
ZNF296,0.51493,12405
SLC25A36,0.51495,12406
EXOSC6,0.515,12407
TXNDC15,0.51522,12408
RASSF3,0.51541,12409
UQCRH,0.51543,12410
TFF1,0.51544,12411
F13A1,0.51546,12412
PPIH,0.5155,12413
FAM177A1,0.51555,12414
CDH10,0.51556,12415
HNRNPC,0.51563,12416
ZNF460,0.51569,12417
ZNF700,0.51575,12418
HTRA3,0.51585,12419
HIGD1C,0.51597,12420
EIF2S2,0.51607,12421
CLCN3,0.51609,12422
JAKMIP3,0.51613,12423
FETUB,0.5162,12424
MTIF3,0.51622,12425
OR4S1,0.51625,12426
TECTA,0.51634,12427
TINAG,0.51639,12428
PDP1,0.51654,12429
EIF3C,0.51672,12430
ELMO1,0.51672,12431
COL23A1,0.51679,12432
ERICH1,0.51682,12433
MED13,0.51703,12434
PRR18,0.51709,12435
PKDREJ,0.51716,12436
IFT52,0.51719,12437
MMP26,0.51726,12438
ZNF362,0.51732,12439
TCP11,0.51738,12440
DCAF15,0.51739,12441
FOXRED2,0.51754,12442
IL18RAP,0.51757,12443
PHF17,0.51768,12444
HOMER2,0.5177,12445
DMTN,0.51774,12446
MRPL55,0.51778,12447
LCN6,0.51789,12448
ACTC1,0.51795,12449
RIOK3,0.51803,12450
CD2AP,0.51807,12451
PLXNB1,0.51817,12452
AICDA,0.51831,12453
OR1D2,0.51833,12454
GSTA5,0.51844,12455
CDK1,0.51849,12456
ASPHD2,0.51853,12457
F2,0.51856,12458
USP36,0.51866,12459
RFC2,0.5187,12460
MANF,0.51871,12461
CDK2AP1,0.51874,12462
DCAF7,0.51875,12463
ANKRD20A2,0.51876,12464
C8orf37,0.51886,12465
ZC3H11A,0.51898,12466
CSRNP2,0.51898,12467
RSPO2,0.5191,12468
MDFIC,0.51912,12469
ADM,0.51915,12470
CEP164,0.51917,12471
DPYSL5,0.51924,12472
USP29,0.51927,12473
OR51G1,0.51931,12474
PAGE2,0.51932,12475
ATP2A1,0.51938,12476
TBC1D22A,0.51938,12477
AMER2,0.51943,12478
TTC1,0.51946,12479
OR51G2,0.51951,12480
WDSUB1,0.51955,12481
FAM168B,0.51955,12482
C5orf48,0.51986,12483
METTL6,0.51992,12484
GOLPH3L,0.51995,12485
BRS3,0.52,12486
ANXA7,0.52037,12487
USP24,0.52041,12488
LINGO1,0.52045,12489
METTL2B,0.5205,12490
C3orf84,0.5205,12491
FBXL5,0.52054,12492
LIPH,0.52057,12493
CXorf22,0.52058,12494
CCT4,0.52058,12495
MUC8,0.52063,12496
SMURF1,0.52081,12497
SREK1,0.52085,12498
SOS1,0.52094,12499
LY6E,0.52099,12500
CXCL2,0.52103,12501
SPSB2,0.52111,12502
ZNF781,0.52114,12503
PACSIN2,0.52136,12504
PNLIPRP3,0.52138,12505
PDE11A,0.52143,12506
CNNM4,0.5215,12507
LOC283710,0.52174,12508
ZFP36,0.52178,12509
GFOD2,0.52186,12510
POMZP3,0.52187,12511
DLGAP4,0.52191,12512
NANP,0.52192,12513
GTSF1,0.52208,12514
C10orf129,0.52221,12515
C19orf26,0.52222,12516
C1orf64,0.52241,12517
TRIM15,0.52247,12518
ANKDD1B,0.52251,12519
YIPF1,0.52256,12520
HIST1H2BI,0.52257,12521
PDGFD,0.52263,12522
LRCOL1,0.52263,12523
CXCL16,0.52268,12524
FBXO27,0.5227,12525
GMCL1,0.52273,12526
TLX1NB,0.52278,12527
ANKRD36C,0.52283,12528
BCL11B,0.52286,12529
KCNK9,0.52292,12530
CLEC2A,0.52297,12531
SRP54,0.52303,12532
OR10G7,0.52317,12533
PAPD4,0.52317,12534
MAD2L1BP,0.52323,12535
SMC1A,0.52334,12536
AK2,0.52334,12537
MAP1LC3B,0.52335,12538
RAB44,0.52339,12539
DDX60L,0.52346,12540
SUCLG1,0.52353,12541
ZHX2,0.52359,12542
FAM214B,0.52373,12543
MPL,0.5238,12544
ATR,0.52384,12545
TEKT4,0.52389,12546
CYP21A2,0.52395,12547
IQCB1,0.52399,12548
TMEM158,0.52401,12549
EMCN,0.52403,12550
BCAT2,0.52406,12551
CFL2,0.52407,12552
FPR2,0.52416,12553
ERBB3,0.5243,12554
ZBED6CL,0.52434,12555
CD300E,0.52439,12556
ITGAX,0.52442,12557
ATF6B,0.52448,12558
OXT,0.52452,12559
C15orf27,0.52458,12560
RAB3B,0.52464,12561
MID2,0.52472,12562
METTL12,0.52479,12563
UGT1A6,0.52481,12564
CAMK2N1,0.52484,12565
LRP5,0.52486,12566
ASCC2,0.52491,12567
SUSD2,0.52509,12568
UHRF1BP1L,0.5251,12569
PTPRR,0.52525,12570
CAPN2,0.52528,12571
ANKH,0.52531,12572
ZDHHC3,0.52538,12573
XAB2,0.5255,12574
FKBP1A,0.52553,12575
CSAG2,0.5257,12576
GPR155,0.52578,12577
ICAM1,0.52578,12578
KRTAP4-8,0.52589,12579
CTNNAL1,0.52594,12580
S100A16,0.52603,12581
SYTL1,0.52608,12582
OR2AG2,0.52614,12583
IFIT1,0.52631,12584
ZNF490,0.52642,12585
UBE2Q1,0.52642,12586
BCL2L13,0.52645,12587
KRTAP9-1,0.52649,12588
PML,0.52649,12589
ZNF140,0.52651,12590
SMIM14,0.52656,12591
ANP32B,0.52663,12592
TRIM32,0.52666,12593
KIF22,0.52683,12594
GPR37,0.52683,12595
EAF2,0.52685,12596
LGALS3,0.52697,12597
SPDYC,0.527,12598
MOV10,0.52704,12599
CCL24,0.5271,12600
MATR3,0.52711,12601
SLMO2,0.52713,12602
ITGA11,0.52714,12603
ARL8B,0.52719,12604
VRK3,0.52724,12605
MVP,0.52737,12606
KCNF1,0.52755,12607
ZNF429,0.52765,12608
TAS2R8,0.52768,12609
OR4E2,0.52773,12610
PPARGC1B,0.5278,12611
ISG20,0.52781,12612
SSX1,0.52791,12613
ITGB1BP2,0.52801,12614
RPL23A,0.52805,12615
ZNF266,0.52811,12616
TTC40,0.52815,12617
FOXN1,0.52835,12618
SLC50A1,0.52837,12619
C9orf139,0.52844,12620
KRTAP3-1,0.52858,12621
IP6K2,0.52865,12622
C5orf46,0.52869,12623
CTIF,0.52876,12624
C19orf25,0.52877,12625
PUS10,0.52894,12626
LRRC15,0.52895,12627
TBX20,0.52904,12628
GALR3,0.52913,12629
FHOD1,0.52913,12630
WNT9A,0.5292,12631
AGTR1,0.52939,12632
IFIH1,0.52943,12633
ZDHHC15,0.52944,12634
PPCS,0.52959,12635
LHFPL3,0.52968,12636
D2HGDH,0.5297,12637
ITM2B,0.52972,12638
OR8H2,0.52981,12639
GRIA4,0.52984,12640
TAPT1,0.52986,12641
SRF,0.5299,12642
NDUFV1,0.52992,12643
LACC1,0.52998,12644
OPN1LW,0.52998,12645
C3orf58,0.53015,12646
LOC100862671,0.53016,12647
COX16,0.53018,12648
WTIP,0.53022,12649
HCRTR2,0.53026,12650
VPS53,0.53041,12651
GPR3,0.53053,12652
C2orf72,0.53054,12653
OAZ3,0.53069,12654
METTL18,0.53072,12655
TRIAP1,0.53076,12656
ZNF573,0.53078,12657
OR2T3,0.53084,12658
CUBN,0.53085,12659
AFAP1,0.53086,12660
GREB1,0.53089,12661
GALNT5,0.53096,12662
IKBKG,0.53105,12663
CALM1,0.53117,12664
XPNPEP1,0.53132,12665
ZNF619,0.53143,12666
IL31RA,0.53149,12667
ZNF664-FAM101A,0.53153,12668
GREB1L,0.53154,12669
POLM,0.53155,12670
AQP9,0.53157,12671
TDP2,0.53176,12672
AGO3,0.53179,12673
PPIL2,0.53186,12674
PTTG1IP,0.53186,12675
OR10G9,0.5319,12676
GGA2,0.53193,12677
TPRKB,0.53202,12678
WBSCR27,0.53213,12679
TUBE1,0.53229,12680
SMCHD1,0.5324,12681
CLINT1,0.53266,12682
FAM196A,0.5327,12683
FAM169B,0.5327,12684
NEURL2,0.53272,12685
CPSF2,0.53279,12686
PRB3,0.53279,12687
GEM,0.53287,12688
CXorf64,0.53289,12689
THBS2,0.53292,12690
ARNT,0.53294,12691
REXO2,0.53298,12692
PGAM4,0.53308,12693
ZUFSP,0.53308,12694
TNP1,0.53314,12695
MIP,0.5332,12696
SDR39U1,0.53321,12697
TBCE,0.53331,12698
SEZ6,0.53337,12699
SLAIN2,0.53338,12700
DPPA5,0.53366,12701
TRMT61B,0.53366,12702
FAM64A,0.53373,12703
MAPKBP1,0.53376,12704
GADL1,0.53382,12705
ATP6V1C2,0.53384,12706
BARHL2,0.53392,12707
SLC35E3,0.53396,12708
GABRR3,0.53404,12709
RASL10B,0.53408,12710
BRF1,0.53415,12711
SAMHD1,0.53416,12712
VPS13A,0.53422,12713
BACH2,0.53434,12714
OR2AT4,0.53442,12715
PLEKHM2,0.53449,12716
PIGL,0.53459,12717
SARM1,0.53471,12718
RPS6KB2,0.5348,12719
CHD2,0.53481,12720
G0S2,0.53483,12721
CEP112,0.53486,12722
YIPF5,0.53487,12723
ART1,0.53496,12724
FIP1L1,0.53502,12725
CARS2,0.53505,12726
CXorf61,0.5351,12727
ADH1C,0.53512,12728
WBP11,0.53514,12729
PTGS1,0.53521,12730
P2RX6,0.53529,12731
TMEM231,0.5353,12732
NOTCH2,0.53537,12733
FBRS,0.53539,12734
ZNF383,0.5354,12735
GPATCH11,0.53543,12736
TRIM62,0.53562,12737
ERCC5,0.53562,12738
GLS2,0.5357,12739
EFNA1,0.53572,12740
ZNF425,0.53572,12741
PDXK,0.53573,12742
IL36G,0.53577,12743
DCDC2C,0.53586,12744
C8A,0.53586,12745
KCNG1,0.53598,12746
LAT,0.53601,12747
MSX1,0.53602,12748
RSG1,0.53614,12749
CLSTN3,0.5362,12750
CRYBG3,0.53623,12751
TPM2,0.53625,12752
GCAT,0.53628,12753
NFKB1,0.53629,12754
CTAG1A,0.53639,12755
TRAPPC2L,0.5364,12756
RBM5,0.53645,12757
RAP1A,0.53651,12758
FCF1,0.53666,12759
B3GNT9,0.53669,12760
AP1S2,0.53671,12761
PLN,0.53679,12762
SRRM2,0.53682,12763
ADAM18,0.53688,12764
TOX3,0.53692,12765
TNNT2,0.53693,12766
BMP1,0.53696,12767
BRCA2,0.53702,12768
ZNF76,0.53718,12769
CAPZA1,0.53726,12770
AP1G2,0.53734,12771
GJA5,0.53737,12772
CXCL13,0.53739,12773
BMPR2,0.53742,12774
CSNK1E,0.53744,12775
GCN1L1,0.53744,12776
SMARCD3,0.53754,12777
TMEM14B,0.53762,12778
RALYL,0.53769,12779
DNAJB13,0.5377,12780
KPNA1,0.53773,12781
FAM159A,0.53794,12782
COG1,0.53796,12783
GAA,0.53798,12784
FASTKD3,0.53799,12785
E2F1,0.53802,12786
EBLN1,0.53807,12787
DECR1,0.5381,12788
ZBTB21,0.53812,12789
TNFRSF8,0.53815,12790
SPATS1,0.5383,12791
LMBR1L,0.53831,12792
ATL2,0.53836,12793
SLC38A11,0.53842,12794
ZNF667,0.53844,12795
DAAM1,0.53848,12796
C6orf165,0.53865,12797
OR5D13,0.53874,12798
CYP11B2,0.53876,12799
FAM222B,0.53877,12800
GRK4,0.53882,12801
IMPAD1,0.53883,12802
CDR1,0.53885,12803
CEP57L1,0.53905,12804
OR2Z1,0.5391,12805
ATG16L2,0.53926,12806
ZNF254,0.53928,12807
C8orf34,0.5394,12808
CTNNBL1,0.53948,12809
XKR5,0.53953,12810
MRE11A,0.53953,12811
PTPN14,0.5397,12812
SMCO1,0.53971,12813
POLR1D,0.53978,12814
UBAP2L,0.53987,12815
SLC10A2,0.53997,12816
SFN,0.54013,12817
ORMDL2,0.54015,12818
STXBP1,0.54018,12819
FXYD6,0.54053,12820
ZC3H13,0.54055,12821
CRABP1,0.54055,12822
C14orf1,0.54067,12823
PRPF38A,0.54094,12824
ZDHHC11B,0.54101,12825
ZFP3,0.54119,12826
OR4D5,0.54138,12827
CSF1,0.54141,12828
STAT4,0.54148,12829
MANSC4,0.5415,12830
UXS1,0.54152,12831
IL17A,0.54159,12832
GREM1,0.54164,12833
PTCHD1,0.5417,12834
DGKI,0.54179,12835
SCGB3A1,0.54186,12836
UNC13C,0.54193,12837
NUTM2F,0.54197,12838
INPP5J,0.54199,12839
LYPD3,0.54216,12840
KMT2E,0.54242,12841
CST6,0.54248,12842
OR2L2,0.5425,12843
MAP3K12,0.54259,12844
ZNF138,0.54273,12845
RNF213,0.54275,12846
LCE1A,0.54281,12847
UBL7,0.54282,12848
NR2F6,0.54284,12849
LEP,0.54289,12850
ZDBF2,0.54347,12851
VWA3B,0.54351,12852
LRRTM4,0.54361,12853
EMD,0.54363,12854
ALAS1,0.54374,12855
ZBTB48,0.54377,12856
ITPKC,0.54379,12857
TDRD1,0.5439,12858
SLC16A2,0.54395,12859
C9orf142,0.54395,12860
EXT2,0.54408,12861
PCDHGA10,0.54414,12862
GBA,0.54424,12863
CSTF2T,0.54431,12864
DHRS12,0.54432,12865
SS18,0.54444,12866
TAS2R13,0.54449,12867
PAGE5,0.5445,12868
PPA2,0.54453,12869
TRPV5,0.54471,12870
PCDHB4,0.54475,12871
NPAS1,0.54475,12872
FFAR3,0.54479,12873
ASB4,0.54485,12874
ZNF324B,0.54487,12875
ACKR3,0.54491,12876
GUSB,0.54503,12877
EIF5AL1,0.54533,12878
MSRA,0.54535,12879
CA4,0.54538,12880
ZSCAN29,0.54545,12881
TECPR1,0.54546,12882
PBRM1,0.54555,12883
DIS3L2,0.54559,12884
VAX1,0.54565,12885
LOC100287036,0.54573,12886
BCAP29,0.54581,12887
CMKLR1,0.54585,12888
DNAL4,0.5459,12889
GADD45B,0.54602,12890
INPP5E,0.54604,12891
SNX24,0.54605,12892
PRDM11,0.5461,12893
UTS2,0.54614,12894
C12orf45,0.54636,12895
DNAJC2,0.54644,12896
TMEM204,0.54648,12897
RPAP2,0.54652,12898
C3orf33,0.54653,12899
XPNPEP2,0.54656,12900
CCDC169,0.54659,12901
SPRR2G,0.54666,12902
ATP1A4,0.54669,12903
DHRS7C,0.54669,12904
SPG21,0.54669,12905
PRR22,0.54674,12906
BANF1,0.54679,12907
CATSPER1,0.5468,12908
HHLA2,0.54691,12909
GBP1,0.54694,12910
TP53RK,0.54695,12911
PPAPDC1B,0.547,12912
MCM3AP,0.54709,12913
KIF19,0.54715,12914
AK3,0.54718,12915
C2orf81,0.54719,12916
NVL,0.5472,12917
YPEL2,0.54737,12918
ACTL7A,0.54737,12919
MPC1,0.54739,12920
RABGAP1L,0.54746,12921
VPS37D,0.54746,12922
NLRP6,0.54748,12923
RAB11FIP1,0.54767,12924
CT45A1,0.5477,12925
DACH1,0.5478,12926
SLC6A3,0.5479,12927
ZNF251,0.54795,12928
C6orf203,0.54811,12929
FOXP2,0.54814,12930
MRPS18A,0.54823,12931
CHST14,0.54836,12932
DMGDH,0.54843,12933
UBE2A,0.54849,12934
PPP1R26,0.54859,12935
TTLL9,0.5487,12936
YLPM1,0.54872,12937
PBX2,0.54872,12938
OR2A14,0.54876,12939
RBP1,0.54892,12940
TOB1,0.54892,12941
TUSC2,0.54899,12942
LRRC8D,0.54902,12943
FTMT,0.54907,12944
YEATS4,0.54915,12945
M6PR,0.54916,12946
TFPT,0.54921,12947
BIK,0.54924,12948
PSD,0.54924,12949
UBN2,0.54936,12950
EIF3D,0.54936,12951
MRPS28,0.54939,12952
SNRPD2,0.54948,12953
LSG1,0.54952,12954
OR8G1,0.54952,12955
ARHGAP18,0.5496,12956
TEX35,0.54966,12957
OR5H1,0.54967,12958
ATAD5,0.54975,12959
TMPRSS13,0.54976,12960
ARSJ,0.5498,12961
SDR9C7,0.54996,12962
LTB,0.5501,12963
FANCI,0.55018,12964
KHSRP,0.55019,12965
MAD2L1,0.55029,12966
GALNT3,0.55031,12967
VSIG8,0.55032,12968
IL20RB,0.55035,12969
HMSD,0.55047,12970
MFSD5,0.55049,12971
ABL1,0.55052,12972
SLC9A7,0.5506,12973
OSR1,0.55065,12974
C9orf9,0.55065,12975
RASL11A,0.55074,12976
MYLK,0.55077,12977
SLCO3A1,0.55083,12978
ZNF484,0.55086,12979
MAN1C1,0.55086,12980
MDN1,0.55111,12981
ECHS1,0.55123,12982
LIF,0.55135,12983
CASS4,0.55153,12984
TPP2,0.55167,12985
GOLT1A,0.55169,12986
APOBEC3G,0.55177,12987
LAMTOR5,0.55178,12988
ZNF883,0.55185,12989
C11orf73,0.55188,12990
PKNOX1,0.55191,12991
S100P,0.55195,12992
LGALS2,0.55198,12993
IDS,0.55202,12994
CEACAM5,0.5522,12995
EFEMP1,0.55225,12996
GNL3L,0.55249,12997
PDGFRL,0.55263,12998
TEAD4,0.55278,12999
MEF2C,0.55278,13000
DYNC1H1,0.55281,13001
SNAP29,0.55282,13002
VWA1,0.55289,13003
RBM26,0.55336,13004
LRFN5,0.5534,13005
GDPD5,0.55346,13006
SLC39A9,0.55353,13007
CHURC1,0.55356,13008
ONECUT3,0.55361,13009
C1orf122,0.55364,13010
CD209,0.55367,13011
KRTAP10-3,0.55368,13012
MYBPC3,0.55371,13013
ADAD1,0.55376,13014
TGS1,0.55376,13015
ODF3L2,0.55385,13016
RINT1,0.55385,13017
CARD16,0.55403,13018
SRRD,0.55405,13019
DLL1,0.55407,13020
GCC1,0.55409,13021
GRIPAP1,0.5541,13022
DHX33,0.55423,13023
TNC,0.55425,13024
OS9,0.55427,13025
MT4,0.55434,13026
NAT2,0.55445,13027
KCNMB3,0.5545,13028
KLRC4,0.5546,13029
ARL14,0.55474,13030
NFKBIE,0.55478,13031
CSNK2A3,0.55484,13032
ANKRD30A,0.55484,13033
ZNF517,0.55492,13034
RFPL2,0.55497,13035
SPRR2D,0.55511,13036
TRIM77,0.55516,13037
SYNGAP1,0.55522,13038
KRTAP4-3,0.55554,13039
LCE1E,0.55554,13040
PTGS2,0.55555,13041
NBPF14,0.55558,13042
SOX11,0.55566,13043
MTFR1L,0.55572,13044
SLC25A18,0.55582,13045
RBL1,0.55586,13046
OR51F1,0.55588,13047
SYNRG,0.55592,13048
HOXC5,0.556,13049
NUDT16L1,0.55609,13050
ZDHHC18,0.55612,13051
SLC38A6,0.55614,13052
CD28,0.55616,13053
C17orf66,0.55616,13054
AQP11,0.55618,13055
KIF1B,0.55624,13056
NLGN2,0.55639,13057
CELF5,0.55646,13058
HERPUD2,0.55652,13059
RYR3,0.55655,13060
KRT28,0.55658,13061
NSMCE1,0.55662,13062
SCUBE2,0.55668,13063
RER1,0.5567,13064
CRYBB1,0.55681,13065
ARHGEF16,0.55684,13066
MFSD4,0.55684,13067
CIC,0.55695,13068
SNX22,0.55709,13069
GUCY2F,0.55712,13070
RAB1B,0.55712,13071
GPR18,0.55723,13072
CCNL2,0.55726,13073
PCBP1,0.55727,13074
KIF2C,0.55733,13075
SEMA3A,0.55739,13076
SLC16A8,0.55739,13077
C11orf54,0.55748,13078
CITED4,0.55752,13079
RABEP1,0.55758,13080
BPIFB6,0.55763,13081
ACAD9,0.55768,13082
FMO5,0.55784,13083
FAM19A5,0.55786,13084
ZNF43,0.55793,13085
CCHCR1,0.55817,13086
DUSP13,0.55818,13087
ZNF568,0.55819,13088
FGF23,0.55829,13089
PIFO,0.55833,13090
IFT88,0.55841,13091
TNFSF13B,0.55852,13092
CD79A,0.55882,13093
FLG2,0.5589,13094
OR2A2,0.55899,13095
TMEM138,0.55906,13096
PFN1,0.55915,13097
RETNLB,0.55919,13098
STIM1,0.55941,13099
TIMM22,0.55945,13100
PALM2,0.55948,13101
UBAC1,0.55952,13102
PIANP,0.55954,13103
CANT1,0.55972,13104
ADAM30,0.5598,13105
HNRNPD,0.5599,13106
TMEM189,0.55991,13107
PCBP2,0.55993,13108
OR2L3,0.55996,13109
ATP2C2,0.55997,13110
CLK4,0.56002,13111
WDR89,0.56006,13112
NSMAF,0.56015,13113
AKIP1,0.56017,13114
CD200R1,0.56017,13115
WHAMM,0.5603,13116
KLHL17,0.56038,13117
BHLHE41,0.56044,13118
GZMA,0.56045,13119
SNAP25,0.56046,13120
GPX4,0.56053,13121
SLC16A12,0.56054,13122
NTMT1,0.56058,13123
TMX4,0.5606,13124
SOST,0.56063,13125
SLC34A1,0.56063,13126
DHX15,0.56064,13127
COX7B,0.56067,13128
ZACN,0.56079,13129
TMEM120A,0.56092,13130
MAMSTR,0.56106,13131
PDCD10,0.56121,13132
NUDCD3,0.56122,13133
NUB1,0.56125,13134
C18orf8,0.56128,13135
VDAC2,0.56131,13136
PIK3CB,0.56134,13137
TRAM1,0.56144,13138
C2orf91,0.56153,13139
ATP8A2,0.56161,13140
FAM72D,0.56166,13141
OR1C1,0.56168,13142
KLK1,0.5617,13143
KANK4,0.56186,13144
LUM,0.56187,13145
TNFRSF14,0.56196,13146
NFE4,0.56199,13147
RNF13,0.56202,13148
ALYREF,0.56208,13149
TRIM61,0.56214,13150
LILRA3,0.56219,13151
TTC19,0.56222,13152
EIF2A,0.56244,13153
DEF8,0.56247,13154
TIMP1,0.56249,13155
PDCD6IP,0.56258,13156
ABCC1,0.56258,13157
AMDHD1,0.56259,13158
CYP2D6,0.5628,13159
XKR8,0.56282,13160
INSC,0.56287,13161
HAPLN1,0.56295,13162
LIFR,0.56299,13163
DCTN4,0.563,13164
NOP58,0.56306,13165
DAXX,0.56307,13166
MED16,0.56315,13167
ZNF829,0.56315,13168
E2F2,0.56316,13169
PPP1R8,0.56323,13170
CELA2B,0.56337,13171
SIGIRR,0.5634,13172
TRPC1,0.5634,13173
GCA,0.56349,13174
CASD1,0.56353,13175
ETNPPL,0.56369,13176
OR8B3,0.56371,13177
MYEF2,0.56381,13178
RERGL,0.564,13179
RLTPR,0.56402,13180
PRM3,0.56407,13181
RCL1,0.56409,13182
NFXL1,0.56413,13183
PCCA,0.56416,13184
METTL24,0.56431,13185
APOA1,0.56438,13186
SMLR1,0.5644,13187
PCDH12,0.5644,13188
AGPAT3,0.56447,13189
PSMA2,0.56447,13190
CCDC27,0.56452,13191
SHB,0.56454,13192
CXorf48,0.56461,13193
PIWIL2,0.56464,13194
SNAP23,0.56471,13195
C1orf63,0.56475,13196
RPL37A,0.56484,13197
TRMT1,0.5649,13198
MPDZ,0.56492,13199
CMC2,0.56493,13200
HDGF,0.56495,13201
ABHD14B,0.56496,13202
B3GALT2,0.56503,13203
FABP7,0.56505,13204
POLR1A,0.56518,13205
PHKA1,0.56536,13206
KDM6A,0.56544,13207
HADH,0.56559,13208
CCNO,0.56562,13209
SMIM21,0.56565,13210
KRT73,0.56612,13211
FASTKD2,0.56615,13212
MME,0.56623,13213
PCDHGC3,0.56628,13214
CACNG6,0.56647,13215
ADCY10,0.56649,13216
NXPH1,0.56649,13217
PTDSS2,0.56655,13218
UPF1,0.5666,13219
TMEM74,0.56665,13220
TBC1D25,0.56665,13221
RANBP9,0.56671,13222
SCRN1,0.56674,13223
GSTA2,0.56678,13224
CAPRIN2,0.56678,13225
CSF3R,0.5668,13226
LOXL2,0.56681,13227
ZNF732,0.56695,13228
MSH2,0.56696,13229
GPR37L1,0.56699,13230
TMEM50A,0.56707,13231
ASB3,0.5671,13232
YWHAQ,0.56711,13233
CCBL2,0.56714,13234
PDE4B,0.56725,13235
PSMC4,0.56727,13236
LCE1D,0.56732,13237
SMYD2,0.5674,13238
ASB8,0.5674,13239
F8,0.56741,13240
KCNJ16,0.56755,13241
LACTBL1,0.56758,13242
EPHA1,0.56764,13243
OR10Z1,0.56767,13244
CYP2C18,0.56771,13245
COBL,0.56771,13246
CDH22,0.56771,13247
VEZT,0.56781,13248
OSMR,0.56788,13249
DEFA6,0.56789,13250
CCDC151,0.56811,13251
DPM1,0.56817,13252
IQCF1,0.56838,13253
TRAP1,0.56844,13254
TRIP12,0.56846,13255
H2BFWT,0.56858,13256
AASS,0.56862,13257
RMND5B,0.56866,13258
KRTAP4-2,0.56866,13259
PAX7,0.56869,13260
FAM26F,0.56872,13261
ZFAND1,0.56875,13262
LAMP3,0.56877,13263
COX6B1,0.5688,13264
TRPC5,0.56891,13265
HNF1A,0.56904,13266
SLC5A5,0.56907,13267
ARID4B,0.56914,13268
EGFL8,0.56917,13269
TSPYL4,0.56917,13270
UBR3,0.56925,13271
ZNF511,0.56934,13272
SCP2,0.56935,13273
TCEA2,0.56937,13274
CLPX,0.56946,13275
DROSHA,0.56948,13276
PRADC1,0.56959,13277
STK4,0.56981,13278
CHRM1,0.56989,13279
JRKL,0.56991,13280
CPA1,0.57017,13281
GALP,0.57024,13282
SRI,0.57025,13283
SELPLG,0.5703,13284
GCNT4,0.57041,13285
ARL4D,0.57059,13286
MYCBP2,0.57066,13287
GAR1,0.57072,13288
ZNF45,0.57082,13289
PGM2L1,0.57082,13290
MBTPS1,0.57099,13291
EPG5,0.57102,13292
FNTA,0.57106,13293
KRT74,0.57106,13294
TNRC6A,0.57115,13295
HIST1H1B,0.57116,13296
ZNF630,0.57128,13297
CYP2A6,0.5713,13298
TRIM67,0.57137,13299
FOXK1,0.57137,13300
KLHL6,0.5714,13301
EIF4A1,0.57151,13302
SLC2A13,0.5717,13303
ZYG11A,0.5717,13304
PHF15,0.57181,13305
TRMU,0.57185,13306
CMTR2,0.57192,13307
WWP1,0.57192,13308
WDR82,0.57203,13309
OTC,0.57205,13310
ASRGL1,0.5722,13311
PLCG2,0.57225,13312
KCNN1,0.57227,13313
PLXNB2,0.5723,13314
KRT34,0.57232,13315
RABIF,0.57234,13316
WDFY1,0.57235,13317
BTBD2,0.57236,13318
MAN1A1,0.57242,13319
KLF3,0.57244,13320
ZNF385D,0.57254,13321
PSMC3IP,0.5726,13322
GRINA,0.57263,13323
DSG4,0.57283,13324
GPCPD1,0.57285,13325
WDR74,0.57295,13326
NINJ1,0.57297,13327
RHPN1,0.57302,13328
BLOC1S5,0.57304,13329
FRAS1,0.57305,13330
MROH2A,0.57311,13331
RAF1,0.57314,13332
CD44,0.57316,13333
KLHL22,0.57327,13334
COL11A2,0.57331,13335
ELF1,0.57337,13336
ABCC6,0.57346,13337
STAT5B,0.57346,13338
ARMCX3,0.5735,13339
POLR3A,0.57352,13340
GH1,0.57356,13341
KCTD15,0.57371,13342
TEX15,0.57375,13343
DEFB105B,0.57378,13344
DEFB103B,0.5738,13345
APOLD1,0.5738,13346
FCGR3A,0.57404,13347
PRDM9,0.57404,13348
IKBKB,0.57408,13349
KIAA1217,0.5741,13350
ASGR1,0.57411,13351
UNCX,0.57412,13352
PRPF38B,0.57414,13353
ADORA1,0.57428,13354
TTF1,0.57437,13355
C9orf152,0.57444,13356
PCOLCE,0.57446,13357
CCDC9,0.57463,13358
WNT1,0.57464,13359
CBLL1,0.57474,13360
TTLL7,0.57488,13361
OPLAH,0.57488,13362
EIF3L,0.57503,13363
CRLF1,0.57505,13364
KIAA1456,0.57512,13365
ZNF98,0.57517,13366
SIGLEC15,0.57518,13367
PIRT,0.57519,13368
HSPB8,0.5752,13369
TFCP2,0.57525,13370
KIRREL,0.57528,13371
TFIP11,0.57531,13372
GBP4,0.57535,13373
ARSI,0.57547,13374
PSMA6,0.57558,13375
PIGW,0.5756,13376
TRPM4,0.57577,13377
C20orf195,0.5758,13378
BLM,0.57588,13379
ARL17B,0.57592,13380
ZFR,0.57596,13381
FAM189A2,0.57599,13382
TBPL1,0.57606,13383
ZNF677,0.57609,13384
SMR3B,0.57623,13385
PTPRD,0.57625,13386
APOL1,0.57648,13387
SOAT1,0.57659,13388
FAM71F2,0.57659,13389
FAM89B,0.57662,13390
FAM199X,0.57676,13391
SLC36A4,0.57677,13392
KTI12,0.57682,13393
NDP,0.57692,13394
GMPPA,0.57697,13395
EBAG9,0.57702,13396
AMICA1,0.57707,13397
KRTAP22-2,0.57716,13398
SPIB,0.57738,13399
MED23,0.57743,13400
C8orf46,0.57753,13401
HYAL1,0.57762,13402
FBXL16,0.57768,13403
CLEC3B,0.57798,13404
CHFR,0.57844,13405
DEFB128,0.57849,13406
KRTAP4-1,0.57859,13407
DEFA4,0.57862,13408
TM9SF3,0.57864,13409
F2RL2,0.57868,13410
KLC2,0.5788,13411
TMPRSS5,0.57884,13412
TMEM164,0.57899,13413
CCDC120,0.57914,13414
AGAP1,0.57916,13415
C19orf48,0.57923,13416
NPVF,0.57933,13417
LSM3,0.5794,13418
IPPK,0.57945,13419
PCP4,0.57962,13420
MAP10,0.57965,13421
S1PR4,0.5798,13422
SUV39H1,0.57985,13423
PIM1,0.58,13424
CRYBA1,0.58004,13425
TGIF1,0.58008,13426
DDRGK1,0.5801,13427
ZNF26,0.58018,13428
WRN,0.58024,13429
TMEM259,0.58028,13430
MACC1,0.5803,13431
S100A3,0.58035,13432
GPR146,0.58071,13433
SLC16A11,0.58098,13434
ATP6V0A2,0.58106,13435
ADCK4,0.58126,13436
POMC,0.58126,13437
MPLKIP,0.5815,13438
LOC100505841,0.58155,13439
LSM2,0.5819,13440
ACBD6,0.58211,13441
LAPTM4B,0.58218,13442
NMUR1,0.58251,13443
RTP4,0.58269,13444
HSD11B2,0.5829,13445
OR4K15,0.58305,13446
LOC100505478,0.5831,13447
LRRIQ3,0.58312,13448
ARHGAP4,0.58326,13449
YWHAH,0.58341,13450
PCDHGB2,0.58356,13451
SNCAIP,0.58364,13452
SOAT2,0.58366,13453
VMP1,0.58367,13454
ITIH5,0.58381,13455
S100A11,0.58391,13456
MAP3K13,0.58412,13457
AKR1C1,0.58458,13458
PIAS2,0.58469,13459
SASS6,0.58506,13460
MIOX,0.58529,13461
COL12A1,0.58541,13462
SEMA4D,0.58557,13463
TLL1,0.5859,13464
TSEN15,0.58603,13465
ESAM,0.58616,13466
LRRC36,0.58621,13467
LRGUK,0.58643,13468
ASPDH,0.58645,13469
C9orf163,0.58657,13470
PRR3,0.58669,13471
KRAS,0.58685,13472
POPDC2,0.58697,13473
EPS8L1,0.58697,13474
SH3GLB2,0.58722,13475
ARMC4,0.58749,13476
NPRL2,0.58761,13477
LANCL2,0.58764,13478
SLC6A2,0.58774,13479
C1orf185,0.58778,13480
FSD1,0.58782,13481
NKX6-1,0.58784,13482
OR51B5,0.588,13483
OTUD6A,0.58809,13484
SYNDIG1L,0.58821,13485
KRTAP4-12,0.58832,13486
TMEM254,0.58868,13487
AREG,0.58874,13488
GCM2,0.58893,13489
STYXL1,0.58903,13490
INTU,0.58905,13491
NLRP8,0.58907,13492
UTP23,0.58913,13493
DPH1,0.5894,13494
REG1A,0.58942,13495
MAST2,0.58956,13496
FOCAD,0.58956,13497
LIPF,0.58997,13498
SLC6A14,0.59002,13499
ATF1,0.59014,13500
CRKL,0.5902,13501
OR14I1,0.59029,13502
PCDHGB6,0.59031,13503
UBC,0.59041,13504
CLASP2,0.59056,13505
FZR1,0.59061,13506
MYRF,0.59069,13507
DNAJC28,0.59076,13508
OR1E1,0.59078,13509
S100A4,0.59085,13510
STAC,0.59092,13511
WNK3,0.59092,13512
TRERF1,0.59095,13513
FADS6,0.59099,13514
GOT1,0.59111,13515
LRRN3,0.59119,13516
TBPL2,0.59172,13517
APBA3,0.59179,13518
FARSB,0.59201,13519
TEP1,0.59216,13520
SFMBT2,0.59222,13521
NIF3L1,0.59231,13522
TBX18,0.59279,13523
APOL2,0.59292,13524
ARHGEF25,0.5931,13525
ZDHHC20,0.59314,13526
ZNF777,0.59331,13527
PPP1R37,0.59358,13528
SPZ1,0.59407,13529
TAL2,0.59451,13530
OR2T12,0.59461,13531
ZNF555,0.59478,13532
NCAPH2,0.59498,13533
IGFLR1,0.59513,13534
ZNF790,0.5954,13535
CD180,0.59542,13536
CCDC13,0.59544,13537
MROH1,0.59559,13538
SEMA5A,0.59561,13539
MON1B,0.59564,13540
SPATA25,0.5962,13541
CYHR1,0.59633,13542
EVPLL,0.59659,13543
C1orf162,0.59666,13544
HBG2,0.59671,13545
SNRK,0.59681,13546
FGF16,0.59694,13547
SUPT7L,0.59719,13548
SPRR1A,0.59736,13549
AKR1E2,0.59754,13550
FBXW8,0.59766,13551
ZBTB47,0.59769,13552
GDI2,0.59779,13553
RSPH6A,0.59813,13554
CXorf27,0.59822,13555
WDR41,0.59824,13556
MED22,0.59831,13557
ANXA13,0.59836,13558
PRDM7,0.59841,13559
KIAA1586,0.59846,13560
HIST2H2AA4,0.59853,13561
KRT1,0.59885,13562
ZNF282,0.59887,13563
SATB1,0.59909,13564
SHF,0.59931,13565
ZADH2,0.59936,13566
ZFP92,0.59948,13567
RRP1B,0.59952,13568
GTF3C1,0.5996,13569
PSTPIP1,0.59969,13570
OR6M1,0.59972,13571
MED14,0.60011,13572
NRAP,0.60076,13573
RNGTT,0.6009,13574
SLC9C1,0.60093,13575
PSMB6,0.60094,13576
C3AR1,0.60102,13577
CSDE1,0.60105,13578
DDX39B,0.60119,13579
FAM3C,0.60127,13580
SORL1,0.60135,13581
CNIH1,0.60143,13582
GPM6A,0.60164,13583
ITGBL1,0.60172,13584
USH2A,0.60182,13585
TMEM9,0.60204,13586
EFEMP2,0.60254,13587
PKM,0.60268,13588
ABCA7,0.6027,13589
CD300A,0.60274,13590
RNF170,0.60283,13591
MYO5A,0.60283,13592
HDGFRP2,0.60288,13593
MTFR1,0.60295,13594
QSER1,0.60306,13595
PSKH2,0.60314,13596
UBE4B,0.60326,13597
CYP39A1,0.60329,13598
RRP8,0.60345,13599
CFTR,0.60346,13600
ROBO3,0.60367,13601
STARD7,0.60372,13602
ACAT1,0.60379,13603
ENO3,0.60381,13604
SNX31,0.60394,13605
PATZ1,0.60396,13606
C1QL2,0.60403,13607
DUSP22,0.60408,13608
TMEM186,0.60413,13609
GGN,0.60437,13610
ZP4,0.60454,13611
EIF3J,0.60456,13612
IFI27L1,0.6049,13613
CWC15,0.60491,13614
LOC100130357,0.60502,13615
BRAP,0.60522,13616
GRIN3B,0.60533,13617
ITGA8,0.60535,13618
KIF26B,0.60537,13619
DAP,0.60554,13620
ZSCAN2,0.60558,13621
PEX5,0.60564,13622
CSTF1,0.60564,13623
EFNA2,0.6057,13624
MED31,0.60573,13625
EFHC1,0.60583,13626
TULP2,0.60592,13627
TMEM30B,0.60624,13628
PTPN21,0.60635,13629
CHCHD1,0.6064,13630
ISM1,0.60643,13631
LRTM1,0.60655,13632
ZFYVE27,0.60662,13633
CRIP2,0.60678,13634
HMX3,0.60702,13635
GTF2E1,0.60707,13636
NME1,0.60718,13637
LPPR1,0.60719,13638
TIGD6,0.60722,13639
C17orf59,0.6073,13640
QSOX2,0.60735,13641
PPP1R27,0.60771,13642
DDX60,0.60807,13643
DHX34,0.60812,13644
CCT6A,0.60814,13645
IFNE,0.60821,13646
ZNF121,0.60859,13647
GPR162,0.60862,13648
PRSS57,0.6087,13649
SNRNP27,0.60893,13650
MAGI2,0.6092,13651
PSTK,0.60944,13652
TDRD15,0.60947,13653
MTR,0.60957,13654
DENND2D,0.60966,13655
MAST1,0.60969,13656
SOD2,0.60983,13657
RPS21,0.60987,13658
EML1,0.61009,13659
PPP1R32,0.61019,13660
GOSR2,0.61023,13661
TFG,0.61041,13662
CLDN7,0.61047,13663
FOXR2,0.61052,13664
TRPV3,0.61053,13665
PAXBP1,0.61086,13666
RABL2B,0.61087,13667
KRT8,0.61091,13668
CHRNA10,0.61106,13669
TEX13B,0.61123,13670
NPAT,0.61157,13671
CPNE1,0.61227,13672
DLG1,0.61231,13673
NR3C1,0.6126,13674
CHD9,0.61275,13675
CTCFL,0.61281,13676
MRPL27,0.61293,13677
PAQR4,0.61301,13678
CD68,0.6131,13679
OR13H1,0.61316,13680
PLCH1,0.61331,13681
VN1R4,0.61333,13682
PTCD2,0.61334,13683
PTAFR,0.61347,13684
PIM3,0.61366,13685
MASP2,0.61373,13686
C1QB,0.61376,13687
OR6C2,0.6138,13688
IL2,0.61393,13689
CDK8,0.61393,13690
THAP6,0.61406,13691
SAMD15,0.61424,13692
ITIH3,0.61428,13693
TMEM88,0.61467,13694
ACTL8,0.61489,13695
TDP1,0.61489,13696
SOWAHC,0.61511,13697
MCFD2,0.61531,13698
CUZD1,0.61537,13699
RGS5,0.61549,13700
CASP1,0.61561,13701
HSF5,0.61563,13702
DHX58,0.61586,13703
PSMB1,0.61633,13704
NPL,0.61638,13705
OXER1,0.61641,13706
CNTNAP3,0.6165,13707
UCP1,0.61678,13708
KRT5,0.61682,13709
ETFDH,0.61706,13710
45172,0.61717,13711
TCEA1,0.61741,13712
DUPD1,0.6179,13713
TMEM217,0.61792,13714
C1orf86,0.61804,13715
CCDC38,0.61808,13716
DNAJC22,0.6182,13717
ZNF205,0.61827,13718
MDC1,0.61843,13719
ZBTB45,0.61874,13720
TANC2,0.61913,13721
MED27,0.61915,13722
ACOT8,0.61922,13723
LAMTOR2,0.61935,13724
VAX2,0.61955,13725
TMEM110-MUSTN1,0.61971,13726
PPP5C,0.61997,13727
ZNF333,0.62014,13728
PUS3,0.62018,13729
RDH14,0.62048,13730
C15orf38-AP3S2,0.62068,13731
OR10H1,0.62081,13732
MPHOSPH8,0.62083,13733
SRGAP3,0.62093,13734
SLC25A21,0.62117,13735
C2CD4D,0.62136,13736
CAPN11,0.62154,13737
KCNQ2,0.62157,13738
HPS5,0.6216,13739
OR7A10,0.62168,13740
RTL1,0.62182,13741
SLC39A12,0.62183,13742
TMED2,0.62194,13743
CD33,0.62208,13744
NCR3,0.62213,13745
ARHGEF12,0.62228,13746
GIT2,0.62247,13747
INTS5,0.62249,13748
BEST2,0.62255,13749
FAM216A,0.62277,13750
ZDHHC22,0.62279,13751
ZNF185,0.62291,13752
TXNDC11,0.62301,13753
MAN2B2,0.62301,13754
ANKRD44,0.62319,13755
CTSC,0.62321,13756
TARS,0.62328,13757
PTRH1,0.62337,13758
MSRB3,0.62342,13759
ALDH4A1,0.62365,13760
MAGEA9B,0.62367,13761
PCED1B,0.62379,13762
RBMXL3,0.62383,13763
ENDOV,0.62401,13764
DAPK1,0.62421,13765
CCDC88C,0.62454,13766
ZGPAT,0.62462,13767
TRIM35,0.62498,13768
LOC401052,0.625,13769
KBTBD8,0.62521,13770
GLIS2,0.62549,13771
DCDC2B,0.62569,13772
NIT1,0.62574,13773
PABPN1L,0.6261,13774
RHEB,0.62628,13775
XAGE2,0.62636,13776
HCCS,0.6264,13777
SLC28A3,0.62648,13778
ST8SIA5,0.62656,13779
HEATR6,0.62688,13780
RTN4RL1,0.62691,13781
TADA1,0.62697,13782
SETX,0.62707,13783
NYNRIN,0.62716,13784
NTNG1,0.62726,13785
NDUFS4,0.62736,13786
RUSC1,0.62741,13787
SLC31A2,0.62749,13788
CASP12,0.62749,13789
RIIAD1,0.62755,13790
IKZF5,0.62772,13791
ZNF681,0.62773,13792
LHX8,0.62801,13793
PRRC1,0.62814,13794
OR52A1,0.62827,13795
POLG2,0.62839,13796
ZBTB7C,0.6284,13797
CTPS2,0.62851,13798
ATCAY,0.6286,13799
PFN4,0.62884,13800
ZNF689,0.62894,13801
FITM2,0.6291,13802
GNRH1,0.62921,13803
MBOAT4,0.62933,13804
VSIG10,0.62955,13805
CCZ1B,0.6296,13806
C20orf112,0.62967,13807
IL4I1,0.62979,13808
NXNL2,0.63005,13809
TGFBI,0.63022,13810
ZMYM4,0.63053,13811
C17orf67,0.63062,13812
LIMK2,0.63087,13813
NAALAD2,0.63092,13814
SDCBP,0.63097,13815
RAB7A,0.63097,13816
RASSF4,0.63124,13817
IFNL2,0.63132,13818
CCDC135,0.63137,13819
RPL32,0.63141,13820
PPP4R2,0.63145,13821
C2orf54,0.6316,13822
CENPBD1,0.63196,13823
SCN5A,0.63218,13824
PAX5,0.63223,13825
SUPT5H,0.63237,13826
LGSN,0.63252,13827
BOD1L1,0.63263,13828
HDAC9,0.63286,13829
DOCK4,0.63291,13830
C5orf63,0.63338,13831
LCE3D,0.63354,13832
GART,0.63358,13833
LCE1B,0.63363,13834
DMD,0.63363,13835
CALHM2,0.63401,13836
SYTL4,0.63408,13837
CAMSAP2,0.63414,13838
APLF,0.63428,13839
PIEZO2,0.63437,13840
MVK,0.6347,13841
KISS1,0.63471,13842
SERAC1,0.63485,13843
HSD17B11,0.63489,13844
STRADB,0.63496,13845
JOSD2,0.63498,13846
ZZZ3,0.63509,13847
MS4A15,0.63512,13848
EID2,0.63521,13849
PTPRZ1,0.63527,13850
EBLN2,0.6353,13851
MSTO1,0.63545,13852
HMHA1,0.63554,13853
SMIM9,0.63572,13854
LOC643355,0.63604,13855
SZT2,0.63626,13856
TRIM31,0.63642,13857
ZNF516,0.63655,13858
KRT37,0.63655,13859
EEF1G,0.63702,13860
SETD3,0.63718,13861
UBAC2,0.63734,13862
PTCH1,0.63746,13863
IFI27L2,0.63757,13864
GNB2,0.63763,13865
ZNF561,0.63764,13866
CDKN1C,0.6377,13867
CORT,0.63774,13868
BRI3,0.63796,13869
SLC29A1,0.63802,13870
SLIRP,0.63811,13871
SLC35A5,0.63815,13872
EHD3,0.63834,13873
SPHAR,0.63883,13874
PRPS1L1,0.63892,13875
CCDC11,0.63917,13876
CYB5A,0.6392,13877
ADAMTS13,0.6392,13878
HIST1H4L,0.63948,13879
CASP14,0.6397,13880
FAM227B,0.64002,13881
PARP2,0.64012,13882
RPL12,0.64031,13883
EDAR,0.64041,13884
ATP8B2,0.64042,13885
TTBK2,0.6405,13886
FOSB,0.64059,13887
ALS2,0.64163,13888
GNAT3,0.64168,13889
FAM83B,0.64221,13890
SULT1C2,0.64227,13891
CNGA3,0.64234,13892
OR2T6,0.64241,13893
MARCKS,0.64251,13894
HFE,0.64251,13895
GCLC,0.64261,13896
NID2,0.64269,13897
AWAT2,0.64287,13898
MAGED4,0.64298,13899
GLE1,0.64302,13900
DYDC2,0.64321,13901
DNAJB1,0.64326,13902
RPL13,0.64359,13903
RAP1GDS1,0.64411,13904
RUNDC3B,0.64411,13905
ZBTB6,0.64415,13906
RPS6KA5,0.64422,13907
STAT5A,0.64443,13908
SPIC,0.64457,13909
SPTA1,0.64459,13910
AURKAIP1,0.64464,13911
HRSP12,0.64466,13912
TSC22D1,0.64481,13913
BCL2L2,0.64494,13914
GJD4,0.64497,13915
CCNY,0.64516,13916
TONSL,0.64528,13917
GABRG2,0.64534,13918
PIK3C2G,0.64541,13919
IL17RA,0.64557,13920
DACT3,0.6456,13921
RBM7,0.64571,13922
ZBTB20,0.64575,13923
FASTKD5,0.6458,13924
NDUFA9,0.64601,13925
PUS7L,0.64608,13926
FRS3,0.6461,13927
HPRT1,0.64616,13928
ZNF691,0.6463,13929
NSUN3,0.64657,13930
OR4D6,0.64663,13931
CLIC6,0.64679,13932
CNGA2,0.64735,13933
CACNA1G,0.64778,13934
CPB2,0.64778,13935
SYT4,0.64791,13936
NMT1,0.64793,13937
UPK3BL,0.64795,13938
FOXD1,0.64812,13939
PTTG1,0.64816,13940
HAS3,0.64834,13941
RHNO1,0.64836,13942
USP34,0.64862,13943
CNPPD1,0.64871,13944
RAB2B,0.64875,13945
SRL,0.64883,13946
TNFSF15,0.64891,13947
NDUFA12,0.64902,13948
DBP,0.64921,13949
ABCC10,0.64927,13950
XKRX,0.64927,13951
OR52I2,0.64941,13952
OR5J2,0.64948,13953
CAMSAP3,0.64971,13954
TCTA,0.64973,13955
KCND2,0.65018,13956
CCL1,0.65055,13957
SH2D1B,0.6508,13958
STAT2,0.65092,13959
PTPRJ,0.65095,13960
AP4B1,0.65115,13961
NDUFA6,0.65151,13962
CD79B,0.65171,13963
RUNX2,0.65186,13964
FANCG,0.65187,13965
IGFBPL1,0.65221,13966
SMC6,0.65235,13967
FEM1A,0.65242,13968
ACOX3,0.65247,13969
NACA2,0.65257,13970
GUCA2B,0.6526,13971
PPP4R4,0.65267,13972
CHMP1B,0.6527,13973
OR2B3,0.65289,13974
TTL,0.65289,13975
LCE1F,0.65303,13976
GDF6,0.65318,13977
TTC28,0.6532,13978
TMEM221,0.65329,13979
BARD1,0.65372,13980
PRPSAP1,0.65384,13981
SLC16A1,0.65436,13982
HIST2H4A,0.65441,13983
ARHGAP8,0.65453,13984
LUC7L2,0.65456,13985
NXPE3,0.65458,13986
ATP5SL,0.65468,13987
CGNL1,0.65468,13988
ZNF428,0.65483,13989
TEX30,0.65518,13990
GNA15,0.65525,13991
ATXN7L3,0.65537,13992
STARD5,0.65569,13993
ZNF860,0.65572,13994
FPGS,0.65578,13995
CDK14,0.65581,13996
REM2,0.6559,13997
EMX2,0.65601,13998
ECSIT,0.65613,13999
LRRC29,0.65615,14000
PRRG2,0.65617,14001
PDK1,0.65638,14002
NDUFC1,0.6565,14003
KRTAP2-3,0.65661,14004
XYLT2,0.65668,14005
ZSWIM6,0.65677,14006
POLD3,0.65719,14007
BTF3,0.65758,14008
TOMM22,0.65765,14009
KRT86,0.65767,14010
MAP3K11,0.6577,14011
MTHFD1,0.65775,14012
OPCML,0.65786,14013
ANKRD42,0.65788,14014
ZNF395,0.65795,14015
ITGA10,0.65803,14016
HTR5A,0.65813,14017
ATP6V1F,0.65819,14018
SKIL,0.65826,14019
HSPB3,0.65835,14020
MRPL21,0.65842,14021
NPIPA7,0.65846,14022
HYAL2,0.65848,14023
AP1S3,0.65854,14024
TUSC5,0.65865,14025
NPBWR2,0.65869,14026
SLC10A1,0.6588,14027
CPEB2,0.65889,14028
MLX,0.65892,14029
C8orf22,0.65899,14030
ACTA1,0.65907,14031
ASB17,0.65907,14032
ICAM3,0.6591,14033
AIRE,0.65922,14034
LRRC19,0.65939,14035
ZC3H12A,0.65953,14036
BLOC1S4,0.65973,14037
C4orf32,0.65999,14038
SLC24A4,0.66001,14039
GRIN2B,0.66016,14040
MAB21L1,0.66025,14041
MSH6,0.66056,14042
ANAPC5,0.66087,14043
ZNF180,0.66094,14044
SYPL2,0.6612,14045
FIS1,0.66125,14046
TPCN1,0.66167,14047
TDRD12,0.66167,14048
CMA1,0.66172,14049
TMEM184C,0.66198,14050
IFI16,0.66211,14051
GBA3,0.66215,14052
KAT5,0.66221,14053
MS4A4E,0.66257,14054
DHPS,0.66259,14055
RELL2,0.66263,14056
SLC5A4,0.6628,14057
PTPRE,0.66291,14058
TMEM192,0.66318,14059
GABPA,0.66322,14060
RPUSD3,0.66335,14061
SND1,0.66383,14062
ZNF44,0.66388,14063
SCAP,0.664,14064
CLDN14,0.66405,14065
AP3S2,0.66406,14066
DUS1L,0.6641,14067
NUMB,0.66422,14068
CXorf58,0.66422,14069
GIMAP7,0.66428,14070
UBXN11,0.66436,14071
PTX4,0.6645,14072
CPNE4,0.66456,14073
STX19,0.66468,14074
DNMBP,0.66478,14075
SERPINB10,0.66543,14076
USO1,0.66582,14077
MUCL1,0.66596,14078
MSRB1,0.66623,14079
PRR16,0.6664,14080
GPR158,0.66678,14081
TAS2R38,0.66686,14082
TXNL4A,0.66706,14083
HSD17B2,0.66709,14084
NFIC,0.66728,14085
DEPDC5,0.66736,14086
NAA16,0.66755,14087
KRT13,0.66757,14088
OR11L1,0.66763,14089
IFI44,0.66773,14090
SPARCL1,0.66776,14091
MTRNR2L7,0.66782,14092
SRR,0.66782,14093
DNAJC7,0.66805,14094
LYG1,0.66809,14095
DMC1,0.66838,14096
CD82,0.66846,14097
PROZ,0.66856,14098
COL9A2,0.66868,14099
RING1,0.66881,14100
ANKS6,0.66896,14101
SERPINA7,0.66916,14102
SYNGR3,0.66942,14103
PAX3,0.66957,14104
HIST1H2BE,0.6696,14105
HLA-DPB1,0.66975,14106
PDC,0.66995,14107
MYH10,0.67007,14108
C17orf100,0.67019,14109
CA5A,0.67023,14110
H2AFJ,0.67025,14111
YPEL4,0.67031,14112
PPP1R12B,0.6705,14113
PEX3,0.6706,14114
ZNF844,0.67074,14115
BNIP1,0.67098,14116
FAM58A,0.67138,14117
LCT,0.67141,14118
PRKAB2,0.67143,14119
PNMA1,0.67153,14120
HSD17B13,0.67157,14121
PTN,0.67172,14122
TMEM237,0.67182,14123
TOR1AIP1,0.67184,14124
MUC20,0.67209,14125
POLR2M,0.67217,14126
PODXL,0.6723,14127
C10orf112,0.67263,14128
ZMIZ2,0.67287,14129
RANBP10,0.67304,14130
RIF1,0.67307,14131
SMARCD1,0.6731,14132
RGAG1,0.67337,14133
SIX4,0.67338,14134
PDCD5,0.67358,14135
RSPH4A,0.67364,14136
SLC8A1,0.67369,14137
PTPLAD1,0.6739,14138
ALPK3,0.67396,14139
SCGB1D2,0.67401,14140
SOX17,0.67421,14141
SIGLEC9,0.67428,14142
EFCAB1,0.67439,14143
TRAF7,0.67439,14144
UNC13B,0.67444,14145
CDSN,0.6745,14146
CCDC69,0.67453,14147
AQPEP,0.67464,14148
HHEX,0.67468,14149
MZF1,0.67486,14150
KREMEN1,0.67501,14151
MAATS1,0.67513,14152
SPOPL,0.67523,14153
HINFP,0.67533,14154
POLR3G,0.67551,14155
GAS8,0.67558,14156
SLC26A3,0.67605,14157
HTR3A,0.67622,14158
ZNF483,0.67645,14159
C6orf57,0.67657,14160
ATP5J2-PTCD1,0.67685,14161
THTPA,0.67695,14162
KRT16,0.6771,14163
ADIPOQ,0.67726,14164
RAN,0.67732,14165
PARP16,0.67741,14166
GGT6,0.6776,14167
MORN4,0.67787,14168
KCNMB2,0.6779,14169
SACM1L,0.67792,14170
KCNE2,0.67797,14171
NOXA1,0.67799,14172
PPP1R15B,0.67815,14173
TSC22D3,0.67817,14174
SLCO4A1,0.67828,14175
GPC3,0.67868,14176
MTHFSD,0.67871,14177
MPO,0.67905,14178
THAP4,0.67932,14179
IZUMO2,0.67953,14180
LYZL1,0.67956,14181
ACP6,0.6797,14182
PPP2R5B,0.67982,14183
KNCN,0.67989,14184
JUND,0.67998,14185
DRAP1,0.68002,14186
UTP20,0.6803,14187
TIMP2,0.68032,14188
PLP1,0.68034,14189
ATF7IP,0.68043,14190
MYBL1,0.68079,14191
HSPBAP1,0.68099,14192
SLFNL1,0.68103,14193
GJA10,0.68111,14194
ZNF358,0.68112,14195
TNFSF11,0.68139,14196
DOPEY1,0.68145,14197
SLC2A14,0.68149,14198
IFT57,0.68175,14199
METTL15,0.68175,14200
GPR39,0.68184,14201
NXF2B,0.68184,14202
NSRP1,0.68206,14203
OVCA2,0.68223,14204
OR5I1,0.6823,14205
EBF1,0.68244,14206
OMD,0.68246,14207
ERCC4,0.68252,14208
TBC1D13,0.68254,14209
CXCL3,0.68256,14210
PTGDS,0.68263,14211
VPREB3,0.68283,14212
C5orf24,0.68302,14213
CLASRP,0.6831,14214
S1PR3,0.6833,14215
NEDD9,0.68338,14216
USP49,0.68392,14217
KLF17,0.68433,14218
KLRC2,0.68489,14219
FUS,0.68515,14220
HP,0.6852,14221
SAMD10,0.68541,14222
SVOP,0.68565,14223
FBXO25,0.68588,14224
POTEM,0.68591,14225
TMX2,0.68596,14226
CTSZ,0.68606,14227
ANKDD1A,0.68614,14228
ACSM4,0.68634,14229
KHDC3L,0.6864,14230
RMI1,0.68642,14231
KLHL29,0.68642,14232
PHYKPL,0.68647,14233
A2M,0.68651,14234
KAT7,0.6866,14235
SCN2A,0.68667,14236
CCDC112,0.68679,14237
ABCF2,0.68684,14238
CRTAP,0.68713,14239
GSTZ1,0.68732,14240
AQP8,0.68765,14241
ATXN10,0.68769,14242
DPP4,0.68774,14243
SNPH,0.68797,14244
SEC61A1,0.6883,14245
CYTH4,0.68847,14246
ANKRD20A4,0.68855,14247
HPSE,0.68859,14248
IRF8,0.68867,14249
SFTA2,0.68881,14250
GTF2I,0.68885,14251
RDH10,0.68888,14252
MAPK8IP1,0.68891,14253
KCNJ9,0.689,14254
UACA,0.68902,14255
PPP1R18,0.68916,14256
PI4KB,0.68934,14257
KRT77,0.68938,14258
COL5A1,0.6896,14259
CCDC101,0.68978,14260
CDK13,0.68981,14261
FREM3,0.69009,14262
NUP153,0.69011,14263
BTF3L4,0.69029,14264
SUN2,0.6907,14265
SNCG,0.69072,14266
MAP3K1,0.69075,14267
FRYL,0.69094,14268
KRTCAP2,0.69098,14269
CERS6,0.69107,14270
BRDT,0.69129,14271
USHBP1,0.6914,14272
IL7R,0.69159,14273
APC2,0.69167,14274
CHST15,0.69177,14275
RHOV,0.69192,14276
SYT16,0.69204,14277
PLEKHJ1,0.69216,14278
WTAP,0.69219,14279
CD302,0.69223,14280
GRIK5,0.69235,14281
DAO,0.69252,14282
BAG5,0.69269,14283
C20orf26,0.6927,14284
PDCD7,0.69272,14285
ASB1,0.69274,14286
NLGN4Y,0.69281,14287
TMEM131,0.69294,14288
HCFC1R1,0.69334,14289
DOPEY2,0.69339,14290
MERTK,0.69364,14291
FAM127A,0.6937,14292
NPB,0.69372,14293
SMIM4,0.69397,14294
RPLP2,0.69411,14295
ZNF207,0.69426,14296
LRP6,0.69427,14297
CPSF6,0.69437,14298
ITGA5,0.69454,14299
NAIP,0.69475,14300
TMEM97,0.6948,14301
OR8D1,0.69481,14302
GIPC1,0.69483,14303
DAK,0.69503,14304
ATP10A,0.69518,14305
C8orf33,0.69527,14306
NLRP3,0.69532,14307
TCP10L2,0.69534,14308
XIRP2,0.69545,14309
ITPRIPL1,0.69555,14310
BRINP1,0.69575,14311
MYOM3,0.69581,14312
CGB7,0.69592,14313
WWC3,0.69596,14314
TNFAIP8L3,0.69606,14315
NBPF15,0.69624,14316
PALM,0.69633,14317
MLST8,0.69637,14318
SASH3,0.69649,14319
GTF2F2,0.69653,14320
KLRF1,0.69654,14321
DNASE1L1,0.69673,14322
MRPS21,0.69676,14323
NKX2-2,0.69695,14324
PPP2R1B,0.69697,14325
HOXA7,0.69716,14326
MCPH1,0.69742,14327
FHL1,0.69751,14328
ELAVL3,0.69772,14329
DARS,0.69785,14330
ANKRD36,0.69798,14331
SUMO1,0.69805,14332
EIF4B,0.69819,14333
MEX3C,0.69821,14334
WIF1,0.69845,14335
LIPN,0.69859,14336
PRAMEF19,0.69863,14337
NEUROG1,0.69871,14338
CCDC125,0.69875,14339
KIAA1429,0.69877,14340
L3MBTL2,0.69888,14341
DDX25,0.69894,14342
NHSL1,0.69903,14343
EID1,0.69906,14344
SYT13,0.69918,14345
PUF60,0.69929,14346
GNB4,0.69967,14347
DEFB126,0.69969,14348
AMH,0.69979,14349
TSHB,0.70004,14350
PTGER4,0.70033,14351
DGUOK,0.70038,14352
PHF5A,0.70044,14353
NAGK,0.70048,14354
UTS2B,0.70062,14355
ARID2,0.70066,14356
OXR1,0.70071,14357
PCDH15,0.70077,14358
C1QTNF5,0.70082,14359
ZNF629,0.70104,14360
GALNT1,0.70121,14361
LATS2,0.70124,14362
PLEKHG1,0.70137,14363
ZBTB14,0.70144,14364
IL10,0.7015,14365
LMO4,0.70152,14366
NEUROD1,0.70165,14367
LOXL3,0.70175,14368
RPL9,0.70178,14369
IGF2R,0.70188,14370
FBXL14,0.70203,14371
ZNF703,0.70214,14372
NAA60,0.70217,14373
OR2M7,0.70219,14374
SIPA1,0.70236,14375
PRDM2,0.70245,14376
BABAM1,0.70247,14377
PSMD11,0.70251,14378
ARFGAP1,0.70266,14379
CNTD2,0.70275,14380
PLAT,0.70289,14381
AVP,0.70301,14382
SPATC1L,0.70327,14383
ECH1,0.70329,14384
DCLRE1B,0.70336,14385
MRP63,0.70348,14386
CACUL1,0.70352,14387
SLCO2A1,0.70355,14388
RGS16,0.70362,14389
45174,0.70369,14390
ACAA2,0.70369,14391
VHL,0.70371,14392
ATG9A,0.70384,14393
BDKRB2,0.70393,14394
MFSD2B,0.70403,14395
MBLAC2,0.70405,14396
TEX19,0.70419,14397
FAM117B,0.70432,14398
RBBP6,0.70439,14399
POC1B-GALNT4,0.70451,14400
PRSS56,0.70487,14401
SRP68,0.70505,14402
CASP4,0.7052,14403
LYRM1,0.70532,14404
CLDN11,0.7054,14405
F10,0.70547,14406
HIPK4,0.7056,14407
TPD52,0.7057,14408
LHX9,0.70574,14409
AGBL3,0.7058,14410
HMGN3,0.70582,14411
RFX3,0.70606,14412
PPM1A,0.7061,14413
NT5DC3,0.70624,14414
ZNF341,0.70626,14415
DSG2,0.70642,14416
C11orf74,0.70652,14417
SMG6,0.70659,14418
AMER3,0.70667,14419
KCNG2,0.70671,14420
RBBP8NL,0.70683,14421
ZNF749,0.70686,14422
VPS11,0.70689,14423
OR2B6,0.70729,14424
LRFN3,0.70744,14425
RPL3L,0.70759,14426
DNAI2,0.70763,14427
LRRIQ4,0.7077,14428
CTAG2,0.70771,14429
CSNK2B,0.70826,14430
KRTAP23-1,0.7084,14431
MEGF6,0.70842,14432
ZBTB49,0.70853,14433
AREL1,0.70876,14434
SLC22A17,0.70878,14435
G6PC2,0.70879,14436
ZNF17,0.70895,14437
EIF1AD,0.70897,14438
RASGEF1C,0.70937,14439
MEP1B,0.70951,14440
LETM2,0.70954,14441
NUMBL,0.70955,14442
MBNL3,0.70962,14443
C6orf195,0.70964,14444
FNDC3B,0.70967,14445
PDDC1,0.70981,14446
MYH4,0.70986,14447
MYO1E,0.70997,14448
ODC1,0.71009,14449
PIGM,0.71017,14450
PRKCSH,0.71019,14451
NR5A2,0.7103,14452
TFEB,0.71036,14453
SPATA6L,0.71037,14454
NT5M,0.71042,14455
C14orf80,0.7105,14456
PBX4,0.71067,14457
NANOS2,0.71068,14458
IRF7,0.71071,14459
TPO,0.71079,14460
ADAM21,0.71083,14461
TIMM9,0.71086,14462
ADPRHL1,0.71101,14463
GRIA2,0.71107,14464
SLC29A3,0.71115,14465
ZNF77,0.71117,14466
FBXL15,0.71123,14467
CRB1,0.71129,14468
PKN3,0.71134,14469
SEC22B,0.71154,14470
LIN54,0.71171,14471
SLC52A2,0.71184,14472
KDM1B,0.71201,14473
FLT4,0.71206,14474
TCTE1,0.71212,14475
PRMT8,0.71215,14476
HEPACAM2,0.71227,14477
KIR3DL2,0.71229,14478
BLMH,0.71236,14479
GABRA4,0.71245,14480
NCSTN,0.71247,14481
DUSP4,0.71248,14482
NR4A2,0.71272,14483
DCAF17,0.71279,14484
AMHR2,0.71299,14485
MSMP,0.71308,14486
FCGR2B,0.7132,14487
ITGA4,0.71327,14488
MTHFR,0.71334,14489
SNAPC5,0.71336,14490
STMND1,0.71349,14491
GLRA1,0.71352,14492
TBC1D14,0.71366,14493
NPC2,0.71371,14494
CHAMP1,0.714,14495
C21orf91,0.71417,14496
ATOH8,0.71436,14497
GPR34,0.71443,14498
CARD6,0.71453,14499
IL12RB1,0.71458,14500
TERF2IP,0.71467,14501
FMO4,0.71477,14502
BBS4,0.7148,14503
CLIC2,0.71508,14504
RFPL3,0.71509,14505
TRIM4,0.71526,14506
E4F1,0.71538,14507
SPERT,0.7157,14508
MRRF,0.71588,14509
CNTNAP4,0.71632,14510
PXDN,0.71656,14511
CRB2,0.71663,14512
RNF145,0.7167,14513
HPR,0.71672,14514
ARHGEF1,0.71674,14515
HRH2,0.71681,14516
EXO5,0.71685,14517
RNF135,0.7171,14518
DGAT1,0.71712,14519
WDR87,0.71713,14520
OR1J2,0.71731,14521
P2RX4,0.71742,14522
DLG2,0.71756,14523
LGR6,0.71762,14524
PCGF5,0.71764,14525
DENND5B,0.71773,14526
CCDC175,0.71776,14527
ALPK1,0.71791,14528
PAN2,0.71798,14529
DEPDC4,0.71806,14530
DIP2A,0.71836,14531
BEND3,0.71861,14532
C17orf97,0.71868,14533
ATP6V0D2,0.71873,14534
PIK3C3,0.71875,14535
AKR1B1,0.71877,14536
TMPRSS9,0.7188,14537
CAB39L,0.71914,14538
FBXO48,0.71927,14539
TTLL2,0.71939,14540
PTDSS1,0.7194,14541
DCLK3,0.71954,14542
NOL3,0.71957,14543
ANKRD40,0.71964,14544
DKC1,0.71967,14545
DEFB104B,0.7197,14546
GPR85,0.71976,14547
GLYAT,0.71976,14548
CTSK,0.71984,14549
TNFRSF21,0.71997,14550
CACNB3,0.72009,14551
TMEM150B,0.72014,14552
ERN1,0.72021,14553
PCDHB5,0.72023,14554
TCERG1,0.72039,14555
ADARB1,0.72043,14556
CDRT15L2,0.72054,14557
AKNA,0.7206,14558
CT45A5,0.72067,14559
RPP40,0.72079,14560
IVL,0.7209,14561
RPS25,0.72093,14562
TMEM2,0.72101,14563
MORN1,0.72121,14564
PFDN6,0.72139,14565
PKD1L1,0.72153,14566
AUP1,0.72159,14567
MADD,0.7217,14568
NDUFS8,0.72173,14569
SDAD1,0.72186,14570
SON,0.72213,14571
AP2A1,0.72217,14572
STK38,0.72218,14573
GPR50,0.72231,14574
LGALS9C,0.72235,14575
MXI1,0.72238,14576
KIF15,0.72275,14577
SUMO2,0.72296,14578
DYX1C1,0.72298,14579
INTS10,0.72307,14580
LMTK2,0.72312,14581
KIAA0319,0.72337,14582
ZNF436,0.72342,14583
PTRHD1,0.72345,14584
MIS18BP1,0.7237,14585
FAM189B,0.72373,14586
ALG5,0.72384,14587
ARPC2,0.72385,14588
SFT2D1,0.72397,14589
SRGN,0.72398,14590
PRMT2,0.72442,14591
CLUL1,0.7245,14592
SEPW1,0.72454,14593
UBQLNL,0.72456,14594
ZNF552,0.72469,14595
ZSCAN5B,0.72501,14596
FABP6,0.72515,14597
KAL1,0.7254,14598
CYB561,0.72542,14599
PRTFDC1,0.72545,14600
ZSCAN26,0.7255,14601
CYP2E1,0.7255,14602
TRIM6,0.72563,14603
LIPI,0.72571,14604
MRPS17,0.72576,14605
CLTCL1,0.72591,14606
CAPN5,0.72608,14607
ADIRF,0.72611,14608
TMEM110,0.72616,14609
PCDH11Y,0.72623,14610
DYRK1B,0.72633,14611
GATSL3,0.72653,14612
ERCC6,0.72657,14613
IQCF2,0.72687,14614
GTF2E2,0.72732,14615
GLIPR1,0.72796,14616
EMR1,0.72805,14617
MBD3L2,0.72838,14618
SERPINB11,0.72864,14619
TBC1D19,0.7289,14620
CTDSP2,0.72895,14621
CELF3,0.7291,14622
TDRD10,0.72913,14623
NEUROG2,0.72914,14624
IFT80,0.72927,14625
DEFB133,0.72971,14626
POLR3F,0.72972,14627
ZNF221,0.72982,14628
TEAD2,0.72996,14629
C11orf84,0.73004,14630
MADCAM1,0.73013,14631
GGT5,0.73035,14632
NRM,0.73043,14633
RRP12,0.73072,14634
MKL1,0.73084,14635
LRRN2,0.731,14636
C12orf57,0.73118,14637
ACTBL2,0.73118,14638
TK2,0.73123,14639
RASAL1,0.73132,14640
MORC2,0.73174,14641
NMNAT3,0.73188,14642
NDUFA8,0.73204,14643
CTSF,0.73216,14644
TBC1D10B,0.73219,14645
AEBP1,0.73233,14646
SRFBP1,0.73235,14647
MRPL36,0.73247,14648
WDR45B,0.73251,14649
LAMP1,0.73268,14650
HSPD1,0.73274,14651
MYH13,0.733,14652
INPP5D,0.73311,14653
PRSS8,0.7332,14654
SEMA3F,0.73323,14655
LOC100130705,0.73349,14656
CCDC88B,0.73361,14657
PRRX2,0.73363,14658
PDE4DIP,0.73378,14659
C5orf22,0.7338,14660
NCR3LG1,0.73386,14661
SERINC2,0.73391,14662
CD81,0.73414,14663
DPF3,0.7344,14664
CLN8,0.73442,14665
FARS2,0.73445,14666
DNAJC8,0.73454,14667
AMD1,0.73455,14668
RALGDS,0.73461,14669
KCNJ13,0.73466,14670
HIST1H1E,0.73482,14671
DPPA2,0.73492,14672
MKL2,0.73517,14673
STK24,0.73527,14674
ARHGEF40,0.73556,14675
EPAS1,0.73558,14676
POTEI,0.73563,14677
CELSR3,0.73576,14678
OLFML2B,0.73583,14679
SLC45A1,0.73589,14680
FRAT1,0.73593,14681
CDX1,0.73615,14682
NGLY1,0.73623,14683
TMEM170B,0.73643,14684
ANKMY1,0.73646,14685
PLEKHB1,0.73649,14686
RASEF,0.73656,14687
S100B,0.73662,14688
MKNK2,0.73675,14689
PBLD,0.73678,14690
GPR112,0.73683,14691
TCTN2,0.73698,14692
TMEM229B,0.73698,14693
TEX14,0.737,14694
TSSK1B,0.73724,14695
RAP1B,0.73731,14696
PTPN6,0.73738,14697
TKTL1,0.73762,14698
ZNF664,0.73771,14699
PIR,0.73811,14700
STK11IP,0.73828,14701
RIBC1,0.73838,14702
LRTOMT,0.73852,14703
LIPM,0.73869,14704
RAB33A,0.73871,14705
NFE2,0.73879,14706
LDLR,0.73885,14707
RAB11A,0.73887,14708
SDCCAG8,0.73892,14709
TMEM212,0.73916,14710
SLC38A7,0.73919,14711
AUH,0.73926,14712
FZD8,0.73928,14713
MFSD6L,0.73931,14714
TMEM175,0.73941,14715
PMM2,0.73942,14716
MIEF2,0.73948,14717
KIAA0226L,0.73954,14718
EPB41L3,0.73972,14719
CYB5RL,0.73978,14720
GLIPR1L1,0.73981,14721
MAP1B,0.74017,14722
SPOCK3,0.74019,14723
SYT2,0.74027,14724
SLC47A1,0.74042,14725
SERPINB13,0.74062,14726
TRAF1,0.74074,14727
NF2,0.74078,14728
INPP5F,0.74093,14729
RHOXF1,0.74096,14730
NUGGC,0.74098,14731
FOXK2,0.74125,14732
SIGLEC10,0.74126,14733
BCL2L14,0.74141,14734
ABCB11,0.74144,14735
SPATA8,0.74147,14736
LEFTY2,0.74155,14737
TMEM200C,0.74166,14738
CD19,0.74167,14739
EDN1,0.74171,14740
FASN,0.74173,14741
ANKRD23,0.74177,14742
CCDC15,0.74178,14743
HLF,0.74186,14744
FBXO22,0.74189,14745
BHMT2,0.74217,14746
TMEM79,0.74219,14747
YBEY,0.74232,14748
HOXA6,0.74238,14749
MMP19,0.74241,14750
GCC2,0.74261,14751
OSBPL6,0.74263,14752
FAM173A,0.74292,14753
SLC4A1AP,0.74302,14754
DHX16,0.74306,14755
C18orf21,0.74322,14756
ORAOV1,0.74343,14757
KDM3A,0.74355,14758
YARS2,0.7436,14759
IQCF3,0.74364,14760
GLTSCR2,0.74366,14761
TNPO2,0.74368,14762
CROT,0.74378,14763
PLA1A,0.74388,14764
NPAS3,0.74392,14765
TEFM,0.74396,14766
RAB31,0.74404,14767
BIN1,0.74437,14768
SCNM1,0.74447,14769
INHBC,0.74456,14770
TOR1AIP2,0.74461,14771
FGFBP1,0.74497,14772
ATP6V1D,0.74501,14773
KIF7,0.74506,14774
UGT1A10,0.7452,14775
TCHHL1,0.7452,14776
OR51V1,0.74524,14777
SOHLH1,0.74538,14778
ANKRD18B,0.7454,14779
RTN4R,0.74561,14780
NOL12,0.74568,14781
ACSM2A,0.74599,14782
HIBADH,0.74604,14783
OR4A16,0.74631,14784
FOLR2,0.74635,14785
MDM1,0.74643,14786
PRPS1,0.74663,14787
HES1,0.74685,14788
ANXA5,0.74694,14789
GPC1,0.74697,14790
UBE2L6,0.74714,14791
FN3KRP,0.74715,14792
CD96,0.74717,14793
NUDT4,0.74721,14794
CACNA1F,0.74736,14795
IZUMO4,0.74739,14796
CYorf17,0.7474,14797
ELOF1,0.74764,14798
ZNF814,0.74778,14799
CLPTM1L,0.74784,14800
EIF2B2,0.74796,14801
GAB1,0.74806,14802
KPNB1,0.74812,14803
VKORC1L1,0.74825,14804
ZNF581,0.74841,14805
ABHD11,0.74867,14806
TLN1,0.74869,14807
PRF1,0.74875,14808
IWS1,0.74895,14809
SLC22A3,0.74899,14810
RPP30,0.74907,14811
MYO1H,0.74924,14812
TAS2R30,0.74928,14813
STK32C,0.74935,14814
PAQR5,0.74942,14815
SNRPF,0.74946,14816
MCHR1,0.74949,14817
IGSF22,0.74951,14818
MS4A8,0.74954,14819
ARL1,0.74972,14820
RNF40,0.74972,14821
OTUD3,0.74986,14822
ERCC8,0.74989,14823
HBB,0.7499,14824
NIPA1,0.75,14825
CMTR1,0.75,14826
RNF32,0.75006,14827
SAP30,0.7502,14828
AQP12A,0.75025,14829
CMTM5,0.75029,14830
UGT1A3,0.75032,14831
OR52E2,0.75035,14832
PSMC1,0.7504,14833
TCEAL3,0.75045,14834
ICA1,0.75051,14835
CATSPERB,0.75061,14836
SPTBN2,0.75069,14837
SYCE1L,0.75086,14838
CECR2,0.75086,14839
LSM4,0.75104,14840
TNFRSF1A,0.75122,14841
SYT10,0.75151,14842
CMTM7,0.7517,14843
CLEC4G,0.7517,14844
PRCC,0.75179,14845
DSG1,0.75198,14846
COPS3,0.75204,14847
SERF2,0.75226,14848
C19orf18,0.75229,14849
REG3G,0.75239,14850
STON1-GTF2A1L,0.75242,14851
EXOSC1,0.75254,14852
HIST1H2BC,0.75255,14853
PRKAA2,0.75263,14854
LEMD2,0.75273,14855
ZNF556,0.75276,14856
CRYBB2,0.75282,14857
PALMD,0.75283,14858
TAS2R14,0.75285,14859
SETMAR,0.75291,14860
NHP2,0.75311,14861
PEA15,0.75316,14862
AEN,0.75333,14863
SMTNL2,0.75334,14864
GAPVD1,0.75338,14865
AZI1,0.75354,14866
C19orf47,0.75358,14867
ZMYM5,0.75372,14868
RPS27L,0.75374,14869
C4orf6,0.7538,14870
NSMCE2,0.75399,14871
AAMDC,0.75402,14872
HSD3B2,0.75403,14873
FAM3A,0.75412,14874
C6orf222,0.75445,14875
SULT1A4,0.75454,14876
MARVELD3,0.75467,14877
SLC46A3,0.75469,14878
OR8K1,0.75473,14879
PC,0.75486,14880
NR0B2,0.75526,14881
VDR,0.7553,14882
GPLD1,0.7554,14883
ZNF19,0.75554,14884
SAMSN1,0.75555,14885
PRR5L,0.75565,14886
SPEM1,0.75567,14887
DDX56,0.75568,14888
PRR15,0.75592,14889
NDUFAF3,0.75616,14890
EXO1,0.7563,14891
LZTS2,0.75643,14892
KIAA1009,0.75655,14893
PIGF,0.757,14894
PLA2G6,0.75715,14895
EDA,0.75728,14896
ZNF684,0.75737,14897
ATRN,0.75753,14898
IDH3A,0.75763,14899
MYH11,0.75787,14900
ICOS,0.75791,14901
KRTAP5-3,0.75793,14902
ZFP57,0.75798,14903
SOX21,0.75803,14904
SYNJ2BP,0.75806,14905
SLC26A2,0.75817,14906
TIMM44,0.75823,14907
PARP11,0.75857,14908
AKT1,0.75859,14909
GNPAT,0.75862,14910
PLCXD1,0.75869,14911
ZFYVE16,0.75873,14912
MRPS23,0.75885,14913
GPHB5,0.75885,14914
SPAG8,0.75892,14915
IFITM1,0.75902,14916
ASPN,0.75905,14917
C21orf2,0.75919,14918
LPP,0.75942,14919
RAPH1,0.75946,14920
BMP6,0.75985,14921
WBSCR22,0.75989,14922
CRYL1,0.75989,14923
FAM25A,0.75991,14924
ARHGAP10,0.75998,14925
TRIM9,0.76005,14926
MPZL1,0.76044,14927
MRM1,0.76049,14928
ZNF644,0.76051,14929
STK31,0.76056,14930
PROSER1,0.76059,14931
EIF5A2,0.76063,14932
FAM129A,0.76068,14933
GABARAPL1,0.76073,14934
ANK1,0.76094,14935
NR2F2,0.761,14936
DFFB,0.76103,14937
STK3,0.76115,14938
CCPG1,0.76116,14939
CEP85L,0.7614,14940
COL9A3,0.76143,14941
C11orf70,0.76153,14942
RAB28,0.76171,14943
NAA38,0.76197,14944
LRP1B,0.76222,14945
JDP2,0.76223,14946
SYNDIG1,0.76239,14947
ZFP30,0.76244,14948
AP3B2,0.76246,14949
CCR10,0.76258,14950
CHAC2,0.76283,14951
CARD9,0.76283,14952
LUC7L,0.76289,14953
KRT39,0.76289,14954
ALOX12B,0.76289,14955
CHTF18,0.76293,14956
SMPDL3A,0.763,14957
CCNI,0.76311,14958
HIST1H4F,0.76316,14959
DUSP23,0.7632,14960
MAGEA8,0.76325,14961
CRB3,0.76328,14962
ZNF792,0.76347,14963
NKX2-4,0.76363,14964
C4orf50,0.76367,14965
ACACA,0.76381,14966
HELQ,0.76382,14967
MICALL2,0.76386,14968
TMEM185A,0.76394,14969
SBNO2,0.76395,14970
C1orf131,0.764,14971
DEFB1,0.76406,14972
C1orf110,0.76412,14973
PIK3R1,0.76414,14974
CNKSR3,0.76438,14975
MAPK7,0.7644,14976
C16orf93,0.7647,14977
AXIN1,0.76474,14978
GAD1,0.76483,14979
PNPLA4,0.76485,14980
DCTN2,0.76496,14981
NGFRAP1,0.76498,14982
SLC10A7,0.76502,14983
MED19,0.76525,14984
REXO4,0.76536,14985
SGMS1,0.76545,14986
FATE1,0.76545,14987
C12orf39,0.76557,14988
AKAP10,0.76563,14989
ZKSCAN3,0.76572,14990
SPEN,0.76575,14991
CHL1,0.76579,14992
KCTD19,0.76584,14993
C11orf65,0.76601,14994
CORO2A,0.76601,14995
MVB12A,0.7661,14996
PRKCE,0.76613,14997
DCAF4,0.76616,14998
VSX2,0.76643,14999
TTLL6,0.76653,15000
AFMID,0.76657,15001
ZNF784,0.76661,15002
JUNB,0.76671,15003
SLC25A11,0.76674,15004
MAP7D2,0.76679,15005
PCDH1,0.7671,15006
EIF3G,0.7671,15007
IFNL1,0.7672,15008
OR13C9,0.76728,15009
MRPL35,0.76748,15010
RPRML,0.76754,15011
ANKRD13A,0.76754,15012
C16orf82,0.76783,15013
DCUN1D2,0.76794,15014
HTRA1,0.76809,15015
C1R,0.76811,15016
GBE1,0.76816,15017
NUDT17,0.76817,15018
GNB1L,0.76826,15019
SEC16A,0.76832,15020
UNC45B,0.76849,15021
IL17RB,0.76859,15022
RABGGTA,0.76864,15023
SH2B2,0.76873,15024
FAM105B,0.76878,15025
UBP1,0.76883,15026
BCS1L,0.76885,15027
CLDN20,0.76885,15028
TMEM206,0.76888,15029
EFTUD1,0.76892,15030
FBXO44,0.76895,15031
IRAK2,0.76895,15032
GPC5,0.76897,15033
ASTE1,0.76898,15034
SHISA9,0.76904,15035
ZBTB2,0.76916,15036
SAA1,0.76919,15037
TMEM59,0.76933,15038
DNAJC10,0.76937,15039
RAB40C,0.76941,15040
TMOD1,0.76951,15041
SLC4A7,0.76951,15042
LSM1,0.76953,15043
IDUA,0.76994,15044
TRIO,0.76998,15045
NIT2,0.77001,15046
ARHGEF11,0.77011,15047
SCG5,0.77014,15048
ACSS3,0.77015,15049
SCRIB,0.7702,15050
C16orf71,0.77022,15051
FKBP2,0.77043,15052
ARHGDIA,0.77056,15053
CCNE2,0.77059,15054
NNT,0.77061,15055
NDC80,0.77063,15056
ZBTB1,0.77071,15057
ATP5B,0.77085,15058
DEFB124,0.77101,15059
MAN2A1,0.77106,15060
TSN,0.77109,15061
RNF25,0.77117,15062
MATN4,0.77134,15063
AMY1B,0.77135,15064
CDH9,0.77145,15065
TRIM69,0.77167,15066
TUBGCP3,0.77172,15067
DHX57,0.77192,15068
NCOA7,0.77196,15069
TMEM44,0.77202,15070
ZMAT3,0.77205,15071
PRKAG2,0.7722,15072
IL25,0.77226,15073
METRNL,0.77232,15074
AP3M2,0.77238,15075
BOK,0.77241,15076
ZNF804A,0.77253,15077
METTL8,0.77273,15078
UBXN6,0.77284,15079
RERE,0.77307,15080
TIMELESS,0.77313,15081
LCN1,0.77322,15082
ALDH1B1,0.77352,15083
RNF138,0.77356,15084
SYTL2,0.77358,15085
TBCC,0.77359,15086
EIF4E3,0.77362,15087
TUBA1A,0.7739,15088
TTYH1,0.77396,15089
ZNF257,0.77402,15090
NUDT6,0.77407,15091
C1orf54,0.77412,15092
WDR6,0.77433,15093
DHFRL1,0.7745,15094
PTGES3L-AARSD1,0.77507,15095
RBM10,0.77516,15096
ZNF32,0.7752,15097
PIGX,0.77525,15098
ARMS2,0.7753,15099
ALKBH1,0.77548,15100
ZNF18,0.77552,15101
KRTAP4-11,0.77554,15102
DHRS1,0.77555,15103
TRIM47,0.77564,15104
HTATSF1,0.77567,15105
ABCC5,0.77573,15106
SPDYA,0.77588,15107
CXCR6,0.77596,15108
LTBP4,0.77597,15109
SERPINB12,0.77598,15110
LIN37,0.77599,15111
NRN1L,0.77603,15112
HLA-A,0.77623,15113
AMT,0.77623,15114
RGS18,0.77631,15115
KL,0.77646,15116
APOBEC3F,0.7766,15117
INTS8,0.77662,15118
APOBEC3B,0.77665,15119
COL6A6,0.7768,15120
C1orf61,0.77687,15121
C15orf40,0.77689,15122
ZNF34,0.7769,15123
COL4A4,0.77699,15124
GYPA,0.77708,15125
ZNF346,0.77716,15126
PINK1,0.77718,15127
ATG4A,0.77719,15128
BSX,0.7776,15129
SRD5A1,0.77761,15130
SPIN3,0.77766,15131
FAM161B,0.77787,15132
C10orf131,0.77793,15133
FLI1,0.77823,15134
MGAT1,0.77825,15135
LSM10,0.77826,15136
ALAD,0.77855,15137
PYCR2,0.77864,15138
RASGRP1,0.77875,15139
HYOU1,0.77876,15140
MAPK4,0.77879,15141
FBXO36,0.77882,15142
PRX,0.77891,15143
BTN2A2,0.7791,15144
PIGB,0.77924,15145
SETD5,0.77935,15146
PNPLA8,0.77937,15147
SLC6A16,0.77941,15148
HMGN1,0.77944,15149
TEKT5,0.77964,15150
ABI1,0.77971,15151
NEO1,0.77973,15152
SPINK7,0.77981,15153
TMEM143,0.77984,15154
TBCA,0.77997,15155
MMS22L,0.78006,15156
MIEF1,0.7801,15157
LETMD1,0.78015,15158
RASD1,0.78037,15159
FCRL3,0.78042,15160
HNRNPH2,0.78049,15161
SMC5,0.78057,15162
C2orf73,0.78061,15163
DAW1,0.78062,15164
FAM8A1,0.78083,15165
EIF1AY,0.78086,15166
MYEOV2,0.78092,15167
ARHGEF3,0.78103,15168
XRCC4,0.78105,15169
VGLL2,0.78108,15170
KIAA0947,0.78113,15171
ITPRIP,0.78148,15172
RAB22A,0.78151,15173
RAVER2,0.7816,15174
MAPK13,0.78165,15175
SPANXN3,0.78166,15176
PAOX,0.78168,15177
TRMT13,0.78169,15178
IQSEC3,0.78173,15179
SEH1L,0.78194,15180
GZMB,0.782,15181
ZNF687,0.7823,15182
BMPR1B,0.78234,15183
OR13C5,0.78238,15184
CEMP1,0.78247,15185
PIGA,0.78265,15186
C2CD5,0.7827,15187
RGS14,0.78271,15188
KCTD8,0.78273,15189
NSUN6,0.78274,15190
TMEM251,0.78289,15191
FBF1,0.78307,15192
ACTG1,0.78308,15193
SPATC1,0.78311,15194
PLEKHM1,0.78314,15195
GNA13,0.78323,15196
GNL3,0.78329,15197
BIN2,0.78336,15198
EXTL3,0.78372,15199
TTC22,0.78414,15200
FGR,0.78433,15201
FANCE,0.78435,15202
ARPC4-TTLL3,0.78442,15203
RASGRF1,0.78455,15204
ARID5A,0.78463,15205
MGMT,0.78481,15206
PKIG,0.78486,15207
OR10G2,0.78494,15208
SERTM1,0.78496,15209
PDZD11,0.78513,15210
ERP29,0.78514,15211
SNRNP35,0.78522,15212
TMSB10,0.78537,15213
FOXN3,0.78544,15214
CCDC41,0.78553,15215
GMNN,0.78555,15216
ZBED6,0.78558,15217
LOC388282,0.78565,15218
PCBP4,0.78569,15219
IRX3,0.78575,15220
CLDN19,0.7858,15221
ACOT9,0.78583,15222
HIVEP1,0.78621,15223
ZNF865,0.7863,15224
MPZL3,0.78652,15225
ITGAD,0.78676,15226
MAPK15,0.78679,15227
CD48,0.78687,15228
TIMM10,0.78708,15229
GPR20,0.78717,15230
PHC1,0.78733,15231
NKX1-1,0.78736,15232
AMPD1,0.78745,15233
DNAJB5,0.78765,15234
NR3C2,0.78787,15235
VPS54,0.78797,15236
SMIM22,0.78806,15237
POLE2,0.78822,15238
TMEM41A,0.78825,15239
LILRB2,0.78827,15240
LGMN,0.78835,15241
SLC32A1,0.78838,15242
SYN3,0.78838,15243
C1orf158,0.78843,15244
KIF11,0.78851,15245
METTL7B,0.78854,15246
CLEC4F,0.78859,15247
GNG2,0.78859,15248
NUDCD1,0.78891,15249
ADRA2C,0.78892,15250
ABTB1,0.78901,15251
SIAE,0.78911,15252
CTSD,0.78919,15253
LOC729159,0.78919,15254
VSIG10L,0.78929,15255
C4B_2,0.78936,15256
GJC1,0.78943,15257
ALG2,0.78945,15258
CD99L2,0.7895,15259
PTCHD4,0.78954,15260
NANOG,0.7899,15261
KIF12,0.78997,15262
CACNA1H,0.79005,15263
LAYN,0.79018,15264
HIST1H2BN,0.79019,15265
BDH1,0.7905,15266
ANKRD61,0.79056,15267
DPT,0.79056,15268
PCDHA9,0.79058,15269
TMEM194A,0.79073,15270
DIO1,0.79074,15271
TTC18,0.79076,15272
NANS,0.79101,15273
MBD4,0.79107,15274
FAM219B,0.79116,15275
AKT3,0.79125,15276
TYR,0.79128,15277
WDR53,0.79136,15278
EEA1,0.79143,15279
TMX1,0.79147,15280
C15orf38,0.79154,15281
ZNF276,0.79172,15282
CUTC,0.79174,15283
GPS1,0.79183,15284
HBM,0.79206,15285
H2AFY,0.79226,15286
ROR1,0.79232,15287
RIN2,0.79234,15288
ZFP41,0.79241,15289
NKX3-2,0.79248,15290
CMPK2,0.79269,15291
HOXA5,0.79275,15292
KCNH7,0.7928,15293
JUP,0.79282,15294
WDR83OS,0.79284,15295
CNTN3,0.79301,15296
GABRA1,0.79304,15297
LPAR2,0.79305,15298
ELOVL5,0.79313,15299
MPDU1,0.79319,15300
FXYD7,0.79322,15301
NIM1,0.79334,15302
SPRY4,0.7934,15303
CLIC1,0.79344,15304
TBX6,0.79353,15305
ILKAP,0.79356,15306
CTRL,0.79358,15307
ORAI3,0.79409,15308
FOXL2,0.79411,15309
NCOA6,0.7942,15310
CCT5,0.79432,15311
FAM104A,0.79437,15312
CREB3L3,0.79438,15313
C14orf178,0.79449,15314
NOVA2,0.79455,15315
GTF2H3,0.79463,15316
RUNDC1,0.79501,15317
ODF2,0.79523,15318
NYX,0.79525,15319
RAD21L1,0.79528,15320
FBXO32,0.79542,15321
ADGB,0.79559,15322
TMEM184B,0.79582,15323
PSG4,0.79586,15324
PPP1R36,0.79591,15325
CHEK1,0.79598,15326
OR2T2,0.79605,15327
TMEM160,0.79626,15328
MBP,0.7964,15329
GPRIN2,0.79651,15330
ADAL,0.79669,15331
TF,0.79676,15332
NOL4,0.79678,15333
HIST1H4A,0.79681,15334
TINAGL1,0.79705,15335
ARHGAP15,0.79717,15336
SYNPO2,0.7972,15337
PARD6G,0.79729,15338
ANKRD6,0.79731,15339
PVRIG,0.79736,15340
ATP1A3,0.79741,15341
TMEM68,0.79761,15342
TMED1,0.79777,15343
C7orf55-LUC7L2,0.79779,15344
MAP2K4,0.79782,15345
C9orf96,0.79785,15346
PMS2,0.79796,15347
SLC52A3,0.79801,15348
AS3MT,0.79806,15349
ATP2A2,0.7981,15350
SPATA12,0.79827,15351
AMOTL2,0.79842,15352
SGK2,0.79845,15353
SLC27A5,0.79852,15354
RETSAT,0.79855,15355
AHSP,0.79855,15356
TMEM30A,0.79864,15357
SERINC4,0.79869,15358
KIAA1598,0.79871,15359
C12orf79,0.79874,15360
GPRC5D,0.79883,15361
VTI1A,0.79895,15362
C15orf41,0.79899,15363
KIAA1143,0.79906,15364
RGCC,0.79908,15365
CD274,0.79923,15366
PDE2A,0.79936,15367
ZNF493,0.79941,15368
NUDT5,0.7995,15369
FAM47E,0.79955,15370
ACVR2B,0.79959,15371
PPP2R2C,0.79963,15372
CTU1,0.7997,15373
RBPMS2,0.79972,15374
LINS,0.79977,15375
GLMN,0.79982,15376
B3GNT8,0.79982,15377
RNF113A,0.79988,15378
PZP,0.79991,15379
LY6H,0.8,15380
TRIOBP,0.80002,15381
SLC1A5,0.80012,15382
GPR82,0.80015,15383
C20orf201,0.80029,15384
NOD2,0.80031,15385
MYO18B,0.80034,15386
GIMD1,0.80034,15387
ERBB4,0.80041,15388
POLR2F,0.80047,15389
DSCR4,0.80069,15390
TEKT1,0.80075,15391
CCRN4L,0.80086,15392
TEKT3,0.80087,15393
YES1,0.80105,15394
STK19,0.80109,15395
SPAG11A,0.80118,15396
MEA1,0.80135,15397
RBP7,0.80142,15398
DCSTAMP,0.80146,15399
FAM180A,0.80148,15400
SELE,0.80158,15401
GSTA4,0.80166,15402
PIGH,0.80172,15403
CDHR5,0.80181,15404
CLEC2D,0.80185,15405
WIBG,0.80197,15406
ZC3HAV1,0.80207,15407
FNDC4,0.8022,15408
COMP,0.8022,15409
GPR137C,0.80222,15410
CA2,0.80233,15411
EVC,0.80239,15412
YIF1B,0.80242,15413
F5,0.80245,15414
RHOBTB2,0.8025,15415
DCTD,0.80266,15416
SAA4,0.80271,15417
PECR,0.80283,15418
PKIA,0.80284,15419
TCEB2,0.80298,15420
MPRIP,0.80299,15421
RHOF,0.80309,15422
C16orf70,0.80311,15423
DERL3,0.80323,15424
BUB1,0.80339,15425
CCR4,0.80342,15426
CHKB,0.80348,15427
NMRAL1,0.80352,15428
BCL2L15,0.80364,15429
FOXB1,0.80364,15430
CELF6,0.80373,15431
SC5D,0.80381,15432
DDX42,0.80389,15433
FAM13C,0.80427,15434
NR1D1,0.8044,15435
ARHGAP11A,0.80462,15436
PHACTR2,0.80486,15437
RBM23,0.80495,15438
DVL2,0.80502,15439
CTNNA2,0.80503,15440
ARSH,0.80525,15441
MAVS,0.80536,15442
S100PBP,0.80537,15443
MIA2,0.80544,15444
MICU1,0.80549,15445
SLC2A4RG,0.80552,15446
TSC1,0.80557,15447
LCE4A,0.80558,15448
DLAT,0.80576,15449
TPSG1,0.80582,15450
BAX,0.80587,15451
LRPAP1,0.80589,15452
EXOC3,0.80599,15453
FOXM1,0.80621,15454
COQ3,0.80629,15455
ZNF746,0.80635,15456
MTG1,0.80643,15457
TTC9C,0.80645,15458
UBE2W,0.80659,15459
SP4,0.80668,15460
HCK,0.80671,15461
TMEM119,0.80684,15462
DENND4C,0.80686,15463
GSTO2,0.80702,15464
GRM3,0.80706,15465
TRRAP,0.80711,15466
DCLK2,0.80711,15467
SATB2,0.80714,15468
FLT1,0.80717,15469
BRSK1,0.80728,15470
OR11H6,0.80745,15471
FEM1B,0.80787,15472
PGLYRP1,0.80799,15473
UNC79,0.80817,15474
C7orf25,0.80821,15475
AKAP17A,0.80825,15476
FAM150B,0.80827,15477
ZNF431,0.80827,15478
MYLK2,0.80834,15479
PVRL4,0.80843,15480
ATP6V0B,0.80843,15481
TAF1A,0.80848,15482
HMMR,0.80854,15483
HIGD2A,0.80856,15484
IFNA1,0.80867,15485
PAX9,0.80869,15486
ZNF593,0.80879,15487
HAGH,0.80879,15488
CHPF2,0.80891,15489
GPHN,0.80894,15490
NAA25,0.809,15491
SMTNL1,0.80905,15492
PAGE4,0.80907,15493
COX6C,0.80913,15494
IL17D,0.80945,15495
UBALD2,0.80947,15496
MAGI1,0.80948,15497
ZNF318,0.80951,15498
RGPD2,0.80955,15499
SPATA18,0.80969,15500
ZMYND19,0.80975,15501
ATXN3,0.80975,15502
PLK5,0.80979,15503
BNIP3L,0.80984,15504
GRIN3A,0.80996,15505
CAMK1,0.80998,15506
BAG1,0.81,15507
OR6C75,0.81003,15508
UEVLD,0.81032,15509
CKM,0.81041,15510
CCDC64,0.81047,15511
BAZ2B,0.81051,15512
GCH1,0.81056,15513
TAF1L,0.81057,15514
ENTPD7,0.81065,15515
CCL5,0.81076,15516
MGRN1,0.81091,15517
AGER,0.81096,15518
FBXO10,0.81101,15519
KRT15,0.81107,15520
CXCL5,0.81108,15521
BOLA2,0.81111,15522
C22orf46,0.81115,15523
SPATS2,0.81121,15524
NACA,0.81123,15525
PCDH8,0.81131,15526
DYNC1LI2,0.81136,15527
PTK6,0.81141,15528
MRPS26,0.81152,15529
DUSP28,0.81156,15530
VPS29,0.81158,15531
THUMPD2,0.81161,15532
TCF21,0.8118,15533
RUFY2,0.81186,15534
RASGEF1B,0.81191,15535
B4GALT2,0.81199,15536
SLC4A1,0.81203,15537
CGB2,0.81207,15538
VCAM1,0.81209,15539
GPR124,0.81213,15540
EXOC5,0.81222,15541
PBX1,0.81223,15542
TCEAL6,0.8123,15543
MYL6B,0.8125,15544
GTPBP2,0.81254,15545
SLC25A35,0.81271,15546
CASQ2,0.81275,15547
KLHL24,0.81278,15548
FLRT2,0.81283,15549
MCAM,0.81285,15550
LRRC53,0.81288,15551
RIMBP2,0.81296,15552
FOXN2,0.81298,15553
TMED10,0.81311,15554
EVX1,0.81325,15555
EPSTI1,0.81329,15556
TPSAB1,0.8134,15557
FOXL1,0.81342,15558
RPL36A,0.81355,15559
ZDHHC7,0.81366,15560
RNF19A,0.81389,15561
NRP1,0.81401,15562
UGT2B4,0.81413,15563
ATG2A,0.81417,15564
SLC24A5,0.81425,15565
GAREM,0.81432,15566
ZNF653,0.81435,15567
ACVR1,0.81457,15568
COG6,0.81462,15569
LGALS3BP,0.81464,15570
TEAD1,0.8148,15571
SSNA1,0.81493,15572
HSF1,0.81497,15573
PDPN,0.81498,15574
DNALI1,0.81498,15575
XPO5,0.8151,15576
RDH11,0.81512,15577
CCL25,0.81517,15578
OTOS,0.8152,15579
ZSWIM7,0.81527,15580
CLIP2,0.81538,15581
RNASET2,0.81554,15582
FDXACB1,0.81554,15583
CCDC109B,0.81557,15584
CCDC86,0.81565,15585
ARL11,0.81567,15586
NT5C,0.8158,15587
TMPRSS6,0.81588,15588
TRNP1,0.81597,15589
NDUFB2,0.81604,15590
MTRNR2L3,0.81608,15591
C1orf43,0.81614,15592
PAFAH1B1,0.81616,15593
C20orf141,0.8163,15594
CYB5D2,0.81643,15595
ZNF354C,0.81646,15596
ASIC2,0.81672,15597
CDX2,0.8168,15598
EVI5L,0.81682,15599
C11orf57,0.81689,15600
TRIM27,0.81691,15601
SLC19A1,0.81695,15602
HIST1H2BG,0.81697,15603
SSFA2,0.81711,15604
KIAA0226,0.81715,15605
IRX2,0.81722,15606
SENP2,0.81728,15607
LCLAT1,0.81733,15608
COX7C,0.81746,15609
VASP,0.81753,15610
ARHGAP42,0.81755,15611
ZNF791,0.81758,15612
UBE2M,0.81772,15613
ARMC2,0.81773,15614
TTC39A,0.81788,15615
PPAP2C,0.81788,15616
TMBIM6,0.8179,15617
CSTF3,0.81809,15618
SRCIN1,0.81815,15619
FGB,0.81819,15620
IQSEC1,0.81828,15621
CYP7A1,0.81836,15622
SEMA6B,0.81872,15623
THNSL1,0.81879,15624
GPKOW,0.81889,15625
TSPAN19,0.81898,15626
SNX27,0.81913,15627
OFCC1,0.81923,15628
SCGB1D4,0.81925,15629
POU3F1,0.8193,15630
GOLM1,0.81932,15631
HSFY1,0.81933,15632
HRH4,0.81939,15633
NFX1,0.81949,15634
DLX1,0.81955,15635
KRT20,0.81955,15636
CTRB1,0.81958,15637
EIF2AK3,0.8196,15638
KLC4,0.81964,15639
C8orf59,0.81977,15640
SIK3,0.81983,15641
RAD51AP1,0.81985,15642
C3orf80,0.81985,15643
EGFL7,0.82008,15644
CDH3,0.82014,15645
CRIP3,0.8202,15646
VAMP7,0.82034,15647
NEU4,0.82036,15648
HHAT,0.82051,15649
SGK3,0.82066,15650
TCP11L2,0.82067,15651
CASC3,0.8207,15652
ABI3BP,0.82076,15653
COMMD8,0.82078,15654
RNF112,0.82081,15655
TNFRSF17,0.82088,15656
DPY19L1,0.82096,15657
TTC13,0.82101,15658
RELL1,0.82102,15659
AHDC1,0.82103,15660
GCFC2,0.82111,15661
RRM2,0.82113,15662
UBASH3B,0.82117,15663
MSI2,0.82129,15664
ELAVL4,0.82132,15665
JMY,0.82132,15666
OR1L1,0.82144,15667
GALNT16,0.82147,15668
ACTR10,0.82147,15669
GYS1,0.82153,15670
RTN4RL2,0.82167,15671
CCDC84,0.82184,15672
C12orf55,0.82189,15673
CAMK2D,0.82212,15674
TPM1,0.82217,15675
EMC9,0.82218,15676
OSER1,0.82234,15677
PDHX,0.82258,15678
FDX1,0.82262,15679
PDP2,0.82263,15680
C20orf27,0.8227,15681
LPPR5,0.8227,15682
RNF8,0.82274,15683
RGPD1,0.82275,15684
CPLX2,0.8229,15685
PKP3,0.82296,15686
C17orf62,0.82299,15687
ACSM2B,0.82305,15688
MCTP2,0.82313,15689
LY6G6D,0.82315,15690
SLCO6A1,0.82328,15691
HS3ST3A1,0.8233,15692
TMC4,0.82337,15693
CADM2,0.82341,15694
C19orf66,0.82346,15695
RAMP3,0.8235,15696
ADH6,0.8235,15697
UPK1B,0.82354,15698
TUBA3D,0.82364,15699
SLC3A1,0.82366,15700
CIB3,0.82367,15701
EPHX2,0.82379,15702
DEFB135,0.82386,15703
TSPAN10,0.82389,15704
TTI1,0.82392,15705
BAGE3,0.82407,15706
SLC34A3,0.82408,15707
SLC24A2,0.82413,15708
ANGPTL6,0.82431,15709
KLRG1,0.82441,15710
PREB,0.82444,15711
ST6GAL2,0.82453,15712
PKDCC,0.82462,15713
ZNF474,0.82465,15714
ASPSCR1,0.82468,15715
FAM98A,0.82483,15716
ACTR3C,0.82504,15717
POTEH,0.82515,15718
B3GNT1,0.82533,15719
THAP8,0.82546,15720
LPHN1,0.82552,15721
TRPC6,0.82563,15722
SEC23IP,0.82563,15723
TXLNA,0.82577,15724
ZC3H18,0.82581,15725
ZNF716,0.82601,15726
IL2RB,0.82627,15727
GALC,0.82644,15728
HENMT1,0.82654,15729
RFK,0.82656,15730
ABO,0.82657,15731
BMP8A,0.82657,15732
MANEAL,0.82657,15733
PLK4,0.82667,15734
KRBOX4,0.82671,15735
TXLNG,0.82675,15736
CUL2,0.82677,15737
NAT9,0.82678,15738
DHRS9,0.82682,15739
IP6K3,0.82707,15740
ANKIB1,0.82707,15741
PINX1,0.82714,15742
AKR1A1,0.82716,15743
MRPL17,0.82721,15744
NOC2L,0.82724,15745
FRRS1,0.82731,15746
CHMP1A,0.82735,15747
SPTLC3,0.82755,15748
BCAN,0.82763,15749
NSUN4,0.82769,15750
DNTTIP1,0.82775,15751
SYNPR,0.8278,15752
SLPI,0.82786,15753
FOXE3,0.82795,15754
EXOSC8,0.82803,15755
ENO1,0.82804,15756
TMEM244,0.8281,15757
NPRL3,0.82813,15758
TAS2R46,0.82822,15759
DOHH,0.8284,15760
CPN2,0.8284,15761
RPL6,0.82854,15762
COX10,0.82858,15763
GATM,0.82861,15764
HSH2D,0.82862,15765
GPR52,0.82871,15766
SLC22A14,0.82878,15767
AKNAD1,0.8288,15768
KLF9,0.8289,15769
C1orf50,0.82897,15770
GSTT1,0.82903,15771
EEF1A2,0.82905,15772
KIF24,0.82929,15773
CELF4,0.82952,15774
ZNF610,0.82954,15775
RALB,0.82967,15776
DMXL1,0.82971,15777
VCPIP1,0.82976,15778
C8orf48,0.82976,15779
KCNH6,0.82985,15780
NRBP2,0.8301,15781
PDCD2,0.8302,15782
CLIC5,0.83022,15783
POU2F1,0.83022,15784
UBE3C,0.8303,15785
ZNF616,0.83035,15786
C11orf87,0.83044,15787
NDUFS2,0.83046,15788
TOX4,0.83056,15789
ITGB7,0.83063,15790
ARL17A,0.83067,15791
SIPA1L2,0.83077,15792
PLAGL2,0.83087,15793
ODF3B,0.83097,15794
FGFR1,0.83114,15795
C1orf174,0.83117,15796
SLCO1B1,0.83136,15797
C1orf52,0.83136,15798
GPR182,0.83151,15799
NKX3-1,0.83159,15800
LRCH4,0.83163,15801
POM121,0.83173,15802
THSD7B,0.83181,15803
MRPL40,0.83184,15804
STAM,0.83197,15805
CKAP2,0.83199,15806
AGO2,0.83205,15807
UBR2,0.83211,15808
FOXR1,0.83212,15809
CLNK,0.83215,15810
STX1B,0.83218,15811
SLC5A3,0.83219,15812
HOXD8,0.83231,15813
TMED8,0.83235,15814
IL27RA,0.83235,15815
LRRC20,0.83244,15816
WBSCR16,0.83251,15817
TRUB2,0.83259,15818
RCBTB2,0.83263,15819
ADAMTS2,0.83272,15820
RPS6KA3,0.83276,15821
CAPNS1,0.83289,15822
UBE2D1,0.83303,15823
ATP2B3,0.83321,15824
FAM65C,0.83323,15825
SOX14,0.83328,15826
SPOCK1,0.8333,15827
ABHD2,0.83335,15828
DNAJC13,0.83371,15829
ASH2L,0.83383,15830
PRSS48,0.83387,15831
GSTK1,0.83396,15832
NPY2R,0.83406,15833
PPAT,0.8341,15834
PDZD8,0.83411,15835
SSU72,0.83428,15836
R3HDM2,0.8343,15837
OGDHL,0.83434,15838
HOXA11,0.83435,15839
GPN3,0.83452,15840
CALHM3,0.83477,15841
TMEM184A,0.83495,15842
MPEG1,0.83509,15843
NCALD,0.83512,15844
SPCS2,0.83515,15845
MRPS9,0.83524,15846
MAP3K2,0.83532,15847
THG1L,0.83538,15848
PGAP3,0.83543,15849
NFKBIA,0.83552,15850
CALCB,0.83555,15851
CDH6,0.83566,15852
SLC11A2,0.83581,15853
ATG3,0.83585,15854
PGM2,0.8359,15855
PENK,0.83598,15856
RRAGD,0.83599,15857
CLGN,0.83608,15858
CPSF1,0.83619,15859
NR2C2,0.83623,15860
TRABD2B,0.8363,15861
OR7D2,0.83632,15862
44995,0.83636,15863
GYPE,0.83641,15864
SNX9,0.83648,15865
ETAA1,0.83666,15866
PYGB,0.8367,15867
SLC5A12,0.83679,15868
TIMM23B,0.83684,15869
AMN1,0.83689,15870
P2RY4,0.83692,15871
BEX2,0.83694,15872
LOC100132146,0.83706,15873
C10orf82,0.83717,15874
TSNAX,0.83719,15875
RUFY1,0.83732,15876
TYK2,0.83735,15877
GADD45A,0.83761,15878
UNC80,0.83763,15879
MOCS1,0.83764,15880
JAKMIP2,0.83768,15881
PCDHB11,0.83771,15882
NUBP2,0.83773,15883
RIT1,0.83777,15884
KCNIP1,0.83827,15885
LDOC1,0.83837,15886
SMIM1,0.83849,15887
SYT15,0.83858,15888
NR2E1,0.83862,15889
SRSF1,0.83864,15890
GRM6,0.83872,15891
ARHGAP35,0.83882,15892
DNASE2B,0.83894,15893
C9orf84,0.83904,15894
SCARA3,0.83926,15895
ANGPTL4,0.83955,15896
ZFYVE1,0.83962,15897
CRYGA,0.83969,15898
C1orf167,0.83979,15899
KRTAP5-1,0.83983,15900
DPY30,0.83984,15901
EIF6,0.83986,15902
DSCR3,0.83986,15903
VMAC,0.83998,15904
CYP2R1,0.84003,15905
SOX8,0.84003,15906
LRIG1,0.84012,15907
HLA-E,0.84013,15908
DDX4,0.84014,15909
CCDC144A,0.84016,15910
INADL,0.8402,15911
LETM1,0.84025,15912
TBC1D15,0.84046,15913
DDX55,0.84048,15914
IL1B,0.84062,15915
TMEM179B,0.84064,15916
HPS1,0.84071,15917
ADCY7,0.84074,15918
C9orf64,0.84083,15919
DPH3,0.84086,15920
TMEM43,0.84089,15921
ACSS2,0.8409,15922
MORC1,0.84094,15923
ZC3H12C,0.84101,15924
PRIMPOL,0.84111,15925
DMAP1,0.84113,15926
IL23R,0.84129,15927
CA5B,0.84138,15928
SFTPA1,0.84144,15929
CALR,0.84148,15930
GALR1,0.8416,15931
ODF1,0.84174,15932
HOXB1,0.84197,15933
HECTD1,0.84199,15934
CCDC146,0.84214,15935
ASAH2B,0.84227,15936
BRMS1,0.84232,15937
C19orf80,0.84233,15938
PDLIM5,0.8424,15939
BMP7,0.84268,15940
KLF1,0.84274,15941
CASP16,0.84277,15942
WDR96,0.84283,15943
ZNF554,0.84284,15944
HAGHL,0.84287,15945
BAK1,0.84296,15946
ZDHHC2,0.84297,15947
RBL2,0.84309,15948
TRPV4,0.84314,15949
C11orf68,0.84322,15950
SNRPD3,0.84328,15951
C10orf95,0.84331,15952
PROP1,0.84332,15953
ADAM32,0.84339,15954
C8orf44,0.8434,15955
LYRM4,0.8435,15956
CLSTN2,0.8435,15957
KLK6,0.8436,15958
FGF1,0.84375,15959
ADAMTS4,0.84376,15960
ITPR1,0.84389,15961
MROH9,0.84393,15962
CA11,0.84396,15963
FIGNL1,0.84403,15964
CASP3,0.84406,15965
OBSCN,0.84408,15966
CASP8,0.84408,15967
FAM78A,0.84419,15968
COA3,0.84422,15969
KRTAP1-5,0.84434,15970
ZCCHC24,0.84441,15971
FAM157A,0.84442,15972
SLC25A53,0.84448,15973
FAM198B,0.84455,15974
SLC22A5,0.84465,15975
PIK3CD,0.84467,15976
LOC100288814,0.84472,15977
PABPC4,0.84483,15978
TPMT,0.84484,15979
TUBAL3,0.84486,15980
SRRM1,0.84486,15981
ENKUR,0.84495,15982
SH3BP4,0.84497,15983
FBLN7,0.84499,15984
WDR24,0.84501,15985
RPF2,0.84512,15986
UROD,0.84516,15987
C15orf32,0.8452,15988
CERS4,0.84524,15989
KRTAP16-1,0.84538,15990
TAS2R60,0.84539,15991
PLEKHF2,0.84546,15992
TMEM95,0.84551,15993
PITPNM1,0.84556,15994
CBX8,0.84556,15995
NOV,0.84559,15996
OR8B8,0.84565,15997
MNT,0.84574,15998
PARD6B,0.84577,15999
EGFR,0.84581,16000
NMRK1,0.84582,16001
GPAA1,0.84596,16002
PTPRN2,0.84605,16003
SP7,0.84609,16004
FAM162B,0.84619,16005
KRTAP10-2,0.84622,16006
STARD9,0.84627,16007
ALDH1A2,0.84632,16008
SLX1B,0.84632,16009
SPINK8,0.84633,16010
TOR4A,0.84638,16011
TPCN2,0.84653,16012
DPPA3,0.84658,16013
GJA1,0.84665,16014
FIGN,0.84667,16015
IL1RL2,0.84685,16016
TTLL13,0.84695,16017
SHANK2,0.84698,16018
RGS17,0.84699,16019
CLEC12B,0.84714,16020
ARPC1A,0.84718,16021
ERLIN2,0.84719,16022
TAF2,0.84722,16023
RP2,0.84725,16024
NR1D2,0.84727,16025
EDIL3,0.84731,16026
RRP7A,0.84733,16027
RNASE3,0.84742,16028
FXYD2,0.84747,16029
ALMS1,0.84747,16030
GRIK3,0.8475,16031
SPA17,0.84765,16032
CHAF1B,0.84783,16033
SPRYD7,0.84783,16034
FAM212A,0.8479,16035
IL32,0.84795,16036
VEGFA,0.84797,16037
OR10X1,0.84802,16038
REG3A,0.84821,16039
SRBD1,0.84824,16040
CASC5,0.84826,16041
C11orf86,0.84845,16042
C8orf4,0.84848,16043
CD38,0.84857,16044
SLC3A2,0.84876,16045
CTDP1,0.84892,16046
TP63,0.84903,16047
PLSCR4,0.84906,16048
KCNIP3,0.84908,16049
HCLS1,0.84928,16050
HMGCL,0.84929,16051
GTSF1L,0.84936,16052
CPNE5,0.84944,16053
METTL25,0.8497,16054
45175,0.84978,16055
EMC4,0.8498,16056
C1QL1,0.84988,16057
GARNL3,0.84995,16058
SAFB2,0.84998,16059
ABCC4,0.85,16060
CHN2,0.85005,16061
GTF2H2C,0.85008,16062
TCF7L1,0.85008,16063
EGFL6,0.85013,16064
DEPTOR,0.85026,16065
PGAM2,0.85038,16066
OR4S2,0.8504,16067
ANKRD20A1,0.85051,16068
SREBF2,0.85054,16069
CPO,0.85075,16070
ORC3,0.85077,16071
NCLN,0.85081,16072
KRTAP20-3,0.85082,16073
FBN1,0.85086,16074
SIAH2,0.85102,16075
PCDHGA5,0.85114,16076
ABCC2,0.85118,16077
CMIP,0.85131,16078
MTMR2,0.85155,16079
HTR6,0.85156,16080
TARDBP,0.8516,16081
ECHDC1,0.85161,16082
ZNF852,0.85167,16083
PHF8,0.85169,16084
UGT2B7,0.85172,16085
TADA2A,0.85175,16086
ABR,0.85179,16087
ITGAL,0.85182,16088
PCDHA8,0.85186,16089
PCSK1N,0.8519,16090
OR5W2,0.85194,16091
PALD1,0.852,16092
GABARAP,0.85202,16093
SETD7,0.85212,16094
TAS1R2,0.85218,16095
GTF2A2,0.85229,16096
CRCP,0.85234,16097
APOL3,0.8524,16098
NFATC2,0.85249,16099
HLA-DRB1,0.85255,16100
BTK,0.85255,16101
MDH1,0.85257,16102
BRI3BP,0.85277,16103
USP11,0.85279,16104
CEBPB,0.85279,16105
HNRNPH1,0.85281,16106
C2orf40,0.85286,16107
FAM13A,0.8529,16108
EFHC2,0.85291,16109
MYLIP,0.853,16110
RAB11FIP3,0.85303,16111
TRMT10C,0.85306,16112
POLR3H,0.85308,16113
PEX11B,0.85327,16114
PCDHGB3,0.85331,16115
OR2H1,0.85337,16116
TM9SF1,0.85339,16117
CDH24,0.85344,16118
SNX20,0.85374,16119
DOC2B,0.8538,16120
C9,0.85386,16121
AMMECR1,0.85398,16122
CAMK2G,0.85402,16123
STXBP3,0.85403,16124
ASPH,0.85417,16125
EVI2A,0.8542,16126
C17orf112,0.85421,16127
SLC25A3,0.85431,16128
ZNF513,0.85434,16129
SGCB,0.85435,16130
FAM209A,0.8544,16131
NAP1L1,0.85441,16132
DLX3,0.8545,16133
APPBP2,0.85452,16134
OCEL1,0.85462,16135
VAMP5,0.85474,16136
ADAMTS7,0.8549,16137
ATP1A1,0.85493,16138
APH1A,0.85494,16139
C14orf28,0.85497,16140
CC2D2B,0.85508,16141
RBAK-RBAKDN,0.85512,16142
CTSB,0.85522,16143
LGALS9B,0.85532,16144
LOC653486,0.85536,16145
ZNF200,0.85539,16146
SACS,0.85541,16147
KCNH2,0.85556,16148
OST4,0.85561,16149
C17orf89,0.85561,16150
DEFB107B,0.85563,16151
ZNF467,0.85577,16152
NDST4,0.8559,16153
KIAA1551,0.85595,16154
IRAK4,0.85596,16155
ZYG11B,0.85599,16156
SYTL5,0.85609,16157
RTN4,0.85618,16158
DHH,0.85625,16159
ZNF71,0.85627,16160
ZFP64,0.85629,16161
CEACAM19,0.85631,16162
NEK2,0.8564,16163
OR11G2,0.85645,16164
HDAC4,0.85649,16165
PRLH,0.85651,16166
KATNAL2,0.85654,16167
GSE1,0.85656,16168
SSR4,0.8566,16169
SCPEP1,0.85662,16170
AKAP11,0.85664,16171
GRM1,0.85666,16172
SPATA33,0.85684,16173
MOK,0.85691,16174
PROC,0.85694,16175
CYLD,0.85698,16176
UBE2Z,0.85724,16177
BTBD7,0.85729,16178
SPACA5,0.8573,16179
ECM1,0.85731,16180
NUP43,0.85753,16181
RCE1,0.85757,16182
SMAD2,0.85762,16183
HORMAD2,0.85764,16184
OGFOD2,0.85771,16185
MSH5,0.85772,16186
VPS28,0.85776,16187
LCN2,0.85783,16188
CCDC106,0.85786,16189
POPDC3,0.85791,16190
GSTP1,0.85803,16191
C16orf91,0.85804,16192
TGM3,0.8582,16193
LPIN3,0.85825,16194
C9orf40,0.85862,16195
CCL19,0.85863,16196
SMAD6,0.85866,16197
LOC100653515,0.85867,16198
VPS36,0.85869,16199
ASAP3,0.85871,16200
MFHAS1,0.85871,16201
SLC39A7,0.85887,16202
C7orf41,0.85892,16203
MORN2,0.85902,16204
C15orf62,0.85913,16205
SLFN11,0.85914,16206
APBB1IP,0.85918,16207
ID4,0.85921,16208
ZNF25,0.85922,16209
SEL1L2,0.85934,16210
DDO,0.85938,16211
MTM1,0.8594,16212
ZNF324,0.85948,16213
TRPV2,0.85954,16214
ZNF419,0.85967,16215
CTAGE1,0.85968,16216
JAGN1,0.85976,16217
GAL3ST3,0.85977,16218
MYL3,0.85995,16219
RGS7BP,0.86007,16220
UTY,0.86015,16221
OR10H3,0.86037,16222
KCNB1,0.86041,16223
C8orf87,0.86045,16224
KCNN3,0.86052,16225
BRD8,0.86055,16226
LYPD4,0.86068,16227
FAM163A,0.86084,16228
FRMD8,0.86089,16229
ITIH1,0.86092,16230
SLC10A5,0.861,16231
ORAI2,0.86112,16232
TOR2A,0.86116,16233
ACTN1,0.86116,16234
FAM101A,0.86118,16235
DNAH6,0.86132,16236
OR13F1,0.86137,16237
45170,0.86152,16238
KRCC1,0.86152,16239
FUT10,0.86153,16240
PKD1L2,0.86158,16241
NPR3,0.8617,16242
RAB43,0.86182,16243
PSD2,0.86185,16244
FLJ22184,0.86192,16245
DUSP6,0.86199,16246
LGALS1,0.86203,16247
NDNL2,0.86207,16248
NMT2,0.86211,16249
SLC52A1,0.86219,16250
MCM4,0.86235,16251
NUDT10,0.86243,16252
NIPAL3,0.86245,16253
LLGL2,0.86246,16254
CERK,0.86248,16255
GALT,0.8625,16256
P2RX2,0.86253,16257
IQCJ,0.86271,16258
SLC23A2,0.86273,16259
ZNF564,0.86282,16260
APRT,0.86296,16261
HELLS,0.86307,16262
ATP6AP2,0.86309,16263
CST7,0.86321,16264
TNNI3,0.86325,16265
C10orf67,0.86338,16266
TMEM260,0.8634,16267
HAUS1,0.86353,16268
ACKR4,0.86361,16269
MAP3K7CL,0.86366,16270
PPP1R11,0.86369,16271
ANKRD17,0.86373,16272
PTPLAD2,0.86385,16273
ACOT13,0.86388,16274
BAG6,0.86388,16275
PRIM2,0.86393,16276
ARHGEF35,0.86397,16277
SLC26A11,0.86409,16278
UBE2I,0.8642,16279
MYL10,0.86425,16280
C1orf100,0.86433,16281
CCDC104,0.86435,16282
BSPRY,0.86439,16283
EGR2,0.86445,16284
ARF1,0.86452,16285
PARP15,0.86463,16286
ZZEF1,0.86464,16287
TMEM25,0.86465,16288
PHLDB3,0.86471,16289
CAPN7,0.86471,16290
ETFA,0.86484,16291
C5orf34,0.86504,16292
CCL18,0.86505,16293
CMBL,0.86514,16294
LOC200726,0.86524,16295
TERF2,0.86531,16296
SPANXA1,0.86538,16297
C11orf96,0.86545,16298
FRA10AC1,0.86547,16299
WIPF3,0.8655,16300
CXorf36,0.86555,16301
UTP15,0.86557,16302
ERCC2,0.86558,16303
FAM196B,0.8656,16304
ELMOD2,0.86566,16305
ALKBH3,0.86569,16306
ZNF322,0.86594,16307
PGLYRP3,0.86601,16308
FKRP,0.86607,16309
BARX2,0.86635,16310
CCDC25,0.86646,16311
TLCD2,0.86652,16312
UNC5A,0.86672,16313
LOC100289187,0.86674,16314
FAT4,0.86692,16315
TRPV1,0.86704,16316
WNT7A,0.8672,16317
CNGB3,0.86729,16318
CAMTA1,0.8673,16319
CDR2L,0.8673,16320
HSPA8,0.86733,16321
RSPO4,0.86733,16322
C3orf38,0.8674,16323
DHRSX,0.86751,16324
ZCWPW2,0.86752,16325
SERPINF2,0.86754,16326
PQBP1,0.8676,16327
CALU,0.86761,16328
TMEM132A,0.86763,16329
FGL2,0.86767,16330
CPA5,0.86767,16331
OR10J5,0.86773,16332
KRTAP10-9,0.86778,16333
TSSK6,0.86783,16334
TECPR2,0.86788,16335
GNA12,0.86796,16336
GDF10,0.86797,16337
CLCN6,0.86801,16338
CCDC78,0.86804,16339
SNAPC1,0.86813,16340
PANK3,0.86829,16341
C15orf60,0.86833,16342
C9orf37,0.86838,16343
VPS72,0.86842,16344
ADRB1,0.86848,16345
PARP9,0.86859,16346
MUC12,0.86866,16347
KDELC2,0.8687,16348
DET1,0.86871,16349
POLA1,0.86875,16350
AIMP2,0.86882,16351
ZNF330,0.86886,16352
FES,0.8689,16353
SYAP1,0.86894,16354
FKBP11,0.86895,16355
LCE3A,0.86901,16356
TNNC1,0.86909,16357
HMHB1,0.86918,16358
SNCA,0.8692,16359
NPSR1,0.86921,16360
TMEM126B,0.86925,16361
GDAP1L1,0.8693,16362
TTC30A,0.86933,16363
FAM180B,0.86937,16364
RASSF2,0.86942,16365
DLG3,0.86943,16366
WSCD2,0.86944,16367
CHEK2,0.86953,16368
OR5M10,0.86969,16369
IRAK3,0.86971,16370
ACTL6A,0.86979,16371
C2orf57,0.8699,16372
BTN1A1,0.86994,16373
RSPH9,0.86995,16374
OR6Q1,0.86998,16375
RPL36AL,0.87004,16376
ZSWIM3,0.87012,16377
LRRC37A3,0.8702,16378
PIN4,0.87035,16379
STARD4,0.87047,16380
CLDN4,0.8705,16381
ZNF35,0.87054,16382
ZNF785,0.87066,16383
C9orf135,0.8707,16384
ACBD3,0.87071,16385
AK9,0.87077,16386
TNPO1,0.87084,16387
ALKBH2,0.87089,16388
LRP1,0.87104,16389
HTR1F,0.87114,16390
SLC35E1,0.87116,16391
NTSR1,0.87118,16392
COL5A2,0.87125,16393
C16orf11,0.87128,16394
UCN2,0.87131,16395
MS4A1,0.87136,16396
NME1-NME2,0.87143,16397
CDHR1,0.87157,16398
GLI1,0.87173,16399
FAM98B,0.87182,16400
MCM3,0.87185,16401
AQP5,0.87189,16402
COL7A1,0.87203,16403
TTC39C,0.87212,16404
SPN,0.87214,16405
C3,0.87223,16406
LMO7,0.87223,16407
MEN1,0.87232,16408
GLYATL2,0.87237,16409
ABHD16B,0.87253,16410
C9orf89,0.87257,16411
SMC2,0.87269,16412
AIF1,0.87277,16413
DBF4B,0.87279,16414
C1orf74,0.87281,16415
VSX1,0.87284,16416
KRTAP5-4,0.87298,16417
TMBIM1,0.87303,16418
SH3PXD2A,0.87304,16419
PCIF1,0.87315,16420
FAM83D,0.87331,16421
PGBD4,0.87341,16422
CNTF,0.87369,16423
HUWE1,0.87372,16424
SCARB2,0.87391,16425
SULT4A1,0.87398,16426
TRAPPC2,0.874,16427
LOC100129520,0.87404,16428
FAM169A,0.87407,16429
TECRL,0.87426,16430
KATNAL1,0.87447,16431
DAD1,0.87454,16432
KRTAP12-2,0.87459,16433
C19orf70,0.87469,16434
SPATA21,0.8748,16435
ENOPH1,0.87483,16436
GPD1,0.87485,16437
CSPG4,0.87486,16438
CCDC53,0.87493,16439
HOXB7,0.87495,16440
CSF2RA,0.875,16441
SPRED3,0.87501,16442
GSS,0.87501,16443
CLPSL2,0.87517,16444
LHFPL4,0.87519,16445
PAQR8,0.87527,16446
PGAM1,0.87528,16447
KCNA10,0.87536,16448
PEAK1,0.87539,16449
RAB21,0.87542,16450
LGI3,0.87544,16451
PRSS46,0.87548,16452
GTPBP8,0.87549,16453
DARC,0.87553,16454
C3orf72,0.87558,16455
SLC25A52,0.87562,16456
PTGR2,0.87573,16457
SETD4,0.87578,16458
ZNF709,0.87579,16459
ATP6V1G2,0.87584,16460
MEPE,0.87587,16461
KATNA1,0.87591,16462
SEPP1,0.87591,16463
SRSF9,0.87591,16464
BCAS2,0.87607,16465
SMARCC2,0.8761,16466
MAGIX,0.87612,16467
OR6C4,0.87614,16468
TMEM61,0.8762,16469
PACS1,0.87622,16470
ISL2,0.87629,16471
WSB1,0.87634,16472
MRPL13,0.87638,16473
UBR4,0.87642,16474
IARS2,0.87643,16475
C4BPB,0.87645,16476
MYO9B,0.87645,16477
DAP3,0.87658,16478
GOSR1,0.8767,16479
TM7SF3,0.87674,16480
KDM5C,0.87676,16481
C19orf54,0.87678,16482
LRRC49,0.87685,16483
BRPF1,0.87688,16484
C15orf48,0.87695,16485
SUSD3,0.87702,16486
C20orf203,0.87712,16487
RBM20,0.87717,16488
ARHGAP27,0.87731,16489
DNM1,0.87737,16490
PRAM1,0.8774,16491
UBE2G2,0.87747,16492
CASP6,0.87757,16493
APOF,0.87758,16494
C17orf105,0.87773,16495
LDOC1L,0.87774,16496
IL22RA2,0.87776,16497
SP5,0.87779,16498
UTS2R,0.87783,16499
GLCE,0.87791,16500
OR2Y1,0.87794,16501
PADI2,0.87796,16502
SIGLEC6,0.87818,16503
EME1,0.8782,16504
INS,0.87828,16505
PABPC1L2B,0.87831,16506
PFN2,0.87833,16507
EPS8,0.87834,16508
PNMA2,0.87837,16509
ATP9B,0.8784,16510
FABP1,0.87844,16511
UFL1,0.8785,16512
MRPL54,0.87856,16513
DNAAF2,0.87866,16514
TSPYL2,0.87866,16515
LCE2D,0.87876,16516
OR52E4,0.87882,16517
MESDC2,0.87883,16518
PPP1CA,0.87885,16519
NECAP1,0.87886,16520
OR5A2,0.87891,16521
HIST1H4C,0.87893,16522
INTS3,0.87901,16523
NANOS3,0.87906,16524
DDX47,0.87908,16525
RGPD8,0.8792,16526
BIRC7,0.87921,16527
TGFBRAP1,0.87943,16528
UQCR11,0.87956,16529
IL20RA,0.87959,16530
MKRN1,0.87966,16531
CALML6,0.87968,16532
MYO3A,0.87973,16533
FCAR,0.87974,16534
MAGEB17,0.87984,16535
GALE,0.8799,16536
SLC25A5,0.87994,16537
HSPB6,0.87998,16538
IL13RA2,0.88001,16539
SPTBN1,0.88007,16540
SERPINC1,0.88011,16541
SKI,0.88023,16542
CARNS1,0.88034,16543
AAAS,0.88035,16544
SDHAF2,0.88037,16545
MUC5AC,0.88043,16546
C4orf26,0.88054,16547
WDR7,0.88071,16548
PAK1IP1,0.88073,16549
LCP2,0.88082,16550
FAM188B2,0.88086,16551
RSAD1,0.88088,16552
ITGB1BP1,0.8809,16553
ACPT,0.88095,16554
IL21R,0.88097,16555
GALK2,0.881,16556
EIF2S1,0.881,16557
RPL29,0.881,16558
SAMD1,0.88101,16559
SRY,0.88113,16560
ANGPT4,0.88118,16561
FBXO15,0.88128,16562
KRTAP12-1,0.88153,16563
OR1E2,0.88162,16564
TPM3,0.88164,16565
ATP7B,0.88175,16566
LZTFL1,0.88179,16567
BRK1,0.88184,16568
HIST1H1T,0.88194,16569
FAM83F,0.88205,16570
VSIG4,0.88206,16571
EIF3I,0.88207,16572
MED10,0.88213,16573
THAP3,0.88223,16574
IYD,0.88225,16575
SLC25A12,0.88229,16576
PSMG4,0.88232,16577
ATP4A,0.88234,16578
CADM4,0.8824,16579
SLC10A4,0.88247,16580
PTPRO,0.88249,16581
SLC30A1,0.88256,16582
UBE2K,0.88272,16583
ARRDC4,0.88275,16584
PTOV1,0.88291,16585
SPATA6,0.88294,16586
CDH7,0.88303,16587
RBM8A,0.88312,16588
PGA5,0.88319,16589
DHX8,0.88332,16590
MTFP1,0.88333,16591
OARD1,0.88335,16592
FAM189A1,0.8834,16593
APCS,0.88346,16594
ELP2,0.88347,16595
CDCP2,0.88349,16596
TCEAL8,0.88353,16597
C1orf87,0.88355,16598
MAP3K14,0.88362,16599
ZAK,0.88367,16600
ST7L,0.88381,16601
KANSL1,0.88382,16602
SF3B3,0.88389,16603
PDE9A,0.88395,16604
NLRP4,0.88396,16605
PIP4K2C,0.88405,16606
PNOC,0.88406,16607
PREP,0.88414,16608
BHLHE22,0.88417,16609
GATA4,0.8843,16610
FUBP1,0.88439,16611
PLA2G12A,0.88441,16612
ZNF222,0.88443,16613
KYNU,0.88458,16614
C1orf194,0.88461,16615
NLK,0.88461,16616
CHRM5,0.88461,16617
ELAVL1,0.88467,16618
TECR,0.88468,16619
OR2AP1,0.88473,16620
XPO4,0.88474,16621
MAPK6,0.88478,16622
RAB5B,0.88487,16623
GLTSCR1L,0.8849,16624
NANOS1,0.88495,16625
MRPL44,0.88502,16626
MVD,0.88506,16627
FMO2,0.8851,16628
CIRBP,0.88512,16629
RMDN3,0.88528,16630
CLDND2,0.88531,16631
OR4D9,0.88535,16632
MON1A,0.88536,16633
CCDC158,0.88543,16634
CLTC,0.88544,16635
CR1,0.88555,16636
C7,0.88559,16637
PCDH9,0.88579,16638
MFSD3,0.88582,16639
MAGEA11,0.88586,16640
MYO7B,0.88589,16641
LYZL6,0.88607,16642
FAM71C,0.88615,16643
FCHSD2,0.88619,16644
CFHR2,0.88622,16645
CCDC8,0.88626,16646
CNTN1,0.88633,16647
RIPPLY1,0.88634,16648
CST11,0.88648,16649
REPS1,0.8865,16650
TSPAN9,0.88654,16651
ZNF182,0.88654,16652
HSD17B10,0.88658,16653
TXK,0.88659,16654
RBKS,0.88662,16655
UQCRB,0.88662,16656
INO80C,0.88665,16657
FOSL1,0.88665,16658
DCAF12L2,0.88674,16659
PJA1,0.88677,16660
RPS4Y1,0.88679,16661
MYL12A,0.88682,16662
FAM213B,0.88686,16663
TAAR6,0.88693,16664
METTL10,0.88694,16665
PSMA5,0.88699,16666
CEP41,0.88713,16667
PRKG1,0.88727,16668
FOLR4,0.88734,16669
SHOX2,0.88736,16670
ATP5H,0.88736,16671
BANP,0.88738,16672
CCDC71L,0.88742,16673
CHRDL2,0.88744,16674
TMEM140,0.88745,16675
RAB39B,0.8875,16676
MTG2,0.88772,16677
TET1,0.88775,16678
BAHCC1,0.8878,16679
KIAA0355,0.88785,16680
CAAP1,0.88787,16681
ADAMTS15,0.8879,16682
CHST6,0.88791,16683
SLC25A42,0.88796,16684
CCNB3,0.88798,16685
SRPR,0.88805,16686
HLA-DQA1,0.88807,16687
COL4A6,0.88819,16688
ATP6V1B2,0.88823,16689
HID1,0.88826,16690
OSCAR,0.88832,16691
CMTM8,0.88838,16692
TNFSF14,0.88843,16693
MAFG,0.88845,16694
MTO1,0.88851,16695
45183,0.88856,16696
C1QTNF9,0.88856,16697
DIEXF,0.88859,16698
MSL2,0.88869,16699
BIRC6,0.88895,16700
ZNF835,0.88902,16701
LACE1,0.88902,16702
MDH1B,0.88914,16703
LRP3,0.88915,16704
COMTD1,0.88915,16705
ALDH6A1,0.88925,16706
POLA2,0.88935,16707
OR4F15,0.8894,16708
ACTR1B,0.88942,16709
MRPS33,0.88956,16710
HIST1H2BA,0.88959,16711
COQ7,0.88972,16712
ZNF417,0.88984,16713
PKD2L2,0.88984,16714
SELT,0.88986,16715
PCGF6,0.88992,16716
TMEM223,0.88992,16717
ST5,0.88994,16718
ATP13A4,0.88998,16719
LMNB2,0.89003,16720
LRRC8E,0.89005,16721
USP1,0.89008,16722
UBXN10,0.89011,16723
CTDSPL,0.89014,16724
UBE2J2,0.89022,16725
ADCY9,0.89022,16726
SRMS,0.89025,16727
SLC25A51,0.89031,16728
STXBP6,0.89036,16729
SRP72,0.8904,16730
SALL4,0.89052,16731
VWF,0.8906,16732
CAT,0.89064,16733
SSBP4,0.89072,16734
RPS8,0.89072,16735
LIPJ,0.89074,16736
RUFY4,0.89076,16737
TP53I13,0.89077,16738
TRIM13,0.89077,16739
PCDHB2,0.89078,16740
MYO1F,0.89084,16741
FAM83G,0.89086,16742
UHRF2,0.89088,16743
GLTPD1,0.89088,16744
HDHD3,0.89099,16745
NAV3,0.89101,16746
RAB30,0.89102,16747
ZNF311,0.89104,16748
PLAC8L1,0.89106,16749
PLXNA3,0.89111,16750
RNF168,0.89119,16751
SLC16A9,0.89133,16752
ZNF626,0.89135,16753
CDH8,0.89147,16754
ALDH3B1,0.89147,16755
KHDRBS2,0.89149,16756
SRD5A3,0.89154,16757
LOC100131094,0.89168,16758
TP53TG5,0.89172,16759
ZNF226,0.89174,16760
OMG,0.89174,16761
OR8S1,0.89175,16762
TMC5,0.89181,16763
RNF185,0.89187,16764
SSH1,0.89192,16765
SIN3B,0.89196,16766
ROS1,0.89201,16767
TMEM191C,0.89213,16768
ABCD2,0.89219,16769
SERINC3,0.89219,16770
TSPAN31,0.89226,16771
TBX19,0.89229,16772
COPS4,0.89237,16773
MRAS,0.89245,16774
TMEM11,0.89246,16775
HIST1H2BB,0.89248,16776
IQCF5,0.89256,16777
LOC643669,0.8926,16778
PLEKHA3,0.89282,16779
BACH1,0.89297,16780
CBFA2T2,0.89316,16781
PM20D1,0.89319,16782
ATF4,0.8932,16783
OOEP,0.89325,16784
SPAM1,0.89337,16785
TRAF4,0.89343,16786
MPV17,0.89352,16787
TMEM225,0.89366,16788
AP2A2,0.89378,16789
ST3GAL3,0.89379,16790
POLR3C,0.89383,16791
PAFAH1B2,0.89386,16792
C6orf141,0.89392,16793
FKBPL,0.89396,16794
C7orf65,0.89399,16795
MRPS5,0.89404,16796
POU5F2,0.89405,16797
ZDHHC9,0.89415,16798
PRKACB,0.89438,16799
ENDOU,0.89443,16800
SAR1B,0.89443,16801
MGEA5,0.8945,16802
TRIM72,0.89451,16803
PARVA,0.89452,16804
ZNF320,0.89453,16805
RASSF1,0.89459,16806
CEACAM21,0.8946,16807
TOMM34,0.89473,16808
KRBA1,0.89477,16809
CCDC22,0.89484,16810
HIST1H1D,0.89485,16811
RNASEH1,0.89489,16812
CSMD1,0.89492,16813
FZD4,0.89504,16814
CPLX4,0.89505,16815
MMP8,0.89512,16816
RPS3,0.89524,16817
SCYL1,0.89526,16818
CRYGN,0.89532,16819
ADRA2A,0.89533,16820
GNG4,0.89534,16821
IFNLR1,0.89539,16822
CEP55,0.89544,16823
TP53AIP1,0.89549,16824
ZWINT,0.89574,16825
TMEM132C,0.89576,16826
IFI35,0.8958,16827
MYO18A,0.89582,16828
SLC25A33,0.89585,16829
WDR83,0.89592,16830
CD300LF,0.89601,16831
ALG11,0.89604,16832
STK33,0.89607,16833
SLC39A8,0.89616,16834
XAGE1B,0.89617,16835
DNAJB4,0.89633,16836
KANK1,0.89636,16837
MROH5,0.89638,16838
CCDC42,0.89649,16839
ZNF665,0.89654,16840
IL7,0.89674,16841
ITLN2,0.89677,16842
MGAT4B,0.89684,16843
HP1BP3,0.89684,16844
FOS,0.89692,16845
RAB11B,0.89694,16846
RNF151,0.89699,16847
FUT3,0.89703,16848
PROX1,0.8971,16849
RPP21,0.89713,16850
PDLIM3,0.89715,16851
OR6T1,0.89717,16852
RYK,0.89725,16853
FAM160A1,0.89729,16854
DCTN1,0.89736,16855
OSBP,0.89741,16856
SLC6A5,0.89746,16857
ACTR5,0.89747,16858
MEX3A,0.89754,16859
C4orf21,0.89762,16860
OR56A1,0.89771,16861
IGLL5,0.89772,16862
PQLC2,0.89781,16863
CHID1,0.89781,16864
ITFG1,0.89783,16865
SLC39A2,0.89791,16866
NAAA,0.89793,16867
CWC27,0.89796,16868
PDCL3,0.898,16869
MAGEB4,0.89803,16870
DTX3,0.89812,16871
GNAI1,0.89821,16872
TNFRSF25,0.89829,16873
FANK1,0.89829,16874
PRDX4,0.89837,16875
NRG2,0.89847,16876
SUN5,0.89848,16877
SLC16A6,0.89859,16878
PRSS55,0.89859,16879
GNB3,0.89878,16880
SLC35F4,0.8988,16881
RNF4,0.8988,16882
PRKACA,0.89889,16883
TMPRSS11F,0.89891,16884
CDK17,0.89893,16885
SLC35F2,0.89894,16886
PPFIBP1,0.89897,16887
AIFM1,0.899,16888
OR5B3,0.89909,16889
VPS45,0.89916,16890
APBB3,0.89919,16891
AGPAT9,0.89928,16892
COL5A3,0.89936,16893
MARVELD1,0.89937,16894
ADSSL1,0.89949,16895
MDGA1,0.89957,16896
INSL6,0.89959,16897
FBXO18,0.89968,16898
EDC3,0.89973,16899
CHRNG,0.89978,16900
C12orf77,0.89981,16901
MSMO1,0.89982,16902
HEXA,0.89982,16903
RGS2,0.89991,16904
LCA5,0.90021,16905
LAMP5,0.90035,16906
RPL18A,0.90037,16907
CHTOP,0.90041,16908
MRC2,0.90044,16909
HAS2,0.90053,16910
SMIM3,0.90055,16911
SNTB2,0.90057,16912
ATP5F1,0.9006,16913
CHRNB4,0.90063,16914
KCTD21,0.90073,16915
IL34,0.90074,16916
ZNF148,0.90081,16917
SENP7,0.90084,16918
SPACA7,0.90089,16919
DDX31,0.90106,16920
OR10Q1,0.90113,16921
PIP4K2B,0.90122,16922
MYO9A,0.90124,16923
MAGEE1,0.9013,16924
DUSP7,0.90147,16925
ANKRD26,0.90147,16926
PROK1,0.90148,16927
GALNT7,0.90162,16928
DIAPH2,0.90172,16929
NAA40,0.90173,16930
MPHOSPH9,0.90176,16931
GPR148,0.90177,16932
ELF4,0.90178,16933
KLHL12,0.9018,16934
GAP43,0.90188,16935
BAALC,0.90189,16936
RSPH3,0.9019,16937
STIP1,0.90191,16938
DHX29,0.90191,16939
ZNF442,0.90193,16940
AMTN,0.90193,16941
CDH20,0.90207,16942
FAM47A,0.90208,16943
GPR101,0.9021,16944
CNOT3,0.90224,16945
YPEL3,0.90225,16946
SLC12A4,0.90237,16947
HSD11B1,0.90237,16948
ALG12,0.90244,16949
MNAT1,0.90251,16950
ALOX15B,0.90252,16951
STX4,0.90256,16952
MOBP,0.90284,16953
FOXF2,0.90287,16954
ZER1,0.9029,16955
PLEKHM3,0.90294,16956
SHH,0.903,16957
IQGAP3,0.90309,16958
DMXL2,0.9031,16959
TIGD7,0.90312,16960
STAU2,0.90319,16961
C18orf54,0.90327,16962
ZBTB8B,0.90332,16963
SEMA4B,0.90334,16964
PGC,0.90341,16965
FBXW4,0.90345,16966
KRT18,0.90356,16967
OSTN,0.90357,16968
RNF216,0.90358,16969
LOC100130539,0.90371,16970
PLA2G12B,0.90372,16971
BAD,0.90377,16972
ICAM4,0.90385,16973
TMEFF2,0.90387,16974
C1orf172,0.90391,16975
RAB32,0.90391,16976
MKRN3,0.90393,16977
KBTBD12,0.90395,16978
GNAT1,0.90402,16979
ZNF300,0.90416,16980
KRTAP19-5,0.90422,16981
RECK,0.90432,16982
GID4,0.90438,16983
TACR1,0.9044,16984
HTR1B,0.90442,16985
AEBP2,0.90444,16986
RCAN2,0.90448,16987
ANXA2R,0.90456,16988
FAM197Y1,0.90466,16989
RAB17,0.90478,16990
CRIPT,0.90481,16991
ASF1B,0.90486,16992
C6orf99,0.9049,16993
CAP1,0.90494,16994
DOK3,0.90494,16995
WDR5,0.90494,16996
NREP,0.90501,16997
EML3,0.90505,16998
C4orf47,0.90512,16999
C11orf30,0.90514,17000
PLCB3,0.90516,17001
AQR,0.90527,17002
UFSP2,0.90532,17003
ELOVL4,0.90535,17004
AQP12B,0.90538,17005
C12orf61,0.90542,17006
VSTM2A,0.90547,17007
BAI2,0.90549,17008
VTI1B,0.9055,17009
IL11,0.90551,17010
CTBS,0.90553,17011
GLUD1,0.90553,17012
LRP4,0.90556,17013
NUDT14,0.90564,17014
KRTAP12-4,0.90568,17015
NAT8,0.9057,17016
FBXO45,0.90571,17017
KLF5,0.90588,17018
APOH,0.90589,17019
SMAD3,0.90591,17020
SENP5,0.90592,17021
KIAA0513,0.90594,17022
KREMEN2,0.90595,17023
LGALS9,0.90601,17024
FNBP1L,0.9061,17025
ARMC1,0.90614,17026
MAOB,0.90617,17027
REEP3,0.90621,17028
EIF3B,0.90622,17029
SIRPG,0.90629,17030
PVR,0.90635,17031
ENTHD1,0.90653,17032
ZNF813,0.90654,17033
USP18,0.90665,17034
SPOCD1,0.90669,17035
ARHGAP26,0.90687,17036
ZNF711,0.90688,17037
DGAT2,0.90691,17038
MBD3L1,0.90693,17039
MRPL50,0.90705,17040
SEC11A,0.90706,17041
POU2F2,0.90708,17042
TRPV6,0.90709,17043
KLF11,0.90712,17044
MMP9,0.90719,17045
ANKK1,0.90721,17046
FGFR1OP2,0.90725,17047
PRPS2,0.90736,17048
RNF44,0.90738,17049
HEY1,0.90739,17050
ZAN,0.90744,17051
NALCN,0.90745,17052
SFI1,0.90746,17053
ARHGAP11B,0.90752,17054
UCHL5,0.90759,17055
ACO2,0.90762,17056
BPIFC,0.9077,17057
ANKRA2,0.90773,17058
KRTAP1-3,0.90784,17059
FAM171B,0.90785,17060
SLC18A2,0.9079,17061
ABLIM3,0.90793,17062
ADAMTS10,0.90795,17063
RIMS1,0.90803,17064
CCDC152,0.90822,17065
TRPM5,0.90824,17066
LPIN1,0.90825,17067
SLC1A3,0.90831,17068
COPA,0.90832,17069
ABI2,0.90865,17070
TLR2,0.90874,17071
LYN,0.90876,17072
ZNF750,0.9088,17073
C16orf74,0.90889,17074
C9orf47,0.9089,17075
SGTB,0.90891,17076
RPS20,0.90892,17077
VKORC1,0.90896,17078
ASPA,0.90906,17079
OR52N2,0.9091,17080
LCE6A,0.90917,17081
OTUB1,0.90922,17082
NID1,0.90942,17083
OR10G3,0.90944,17084
S1PR5,0.9096,17085
FSD2,0.90971,17086
USP8,0.90979,17087
GPIHBP1,0.90982,17088
NUDT8,0.90983,17089
SYT1,0.90984,17090
OTOG,0.90985,17091
ZNHIT1,0.90986,17092
USH1C,0.90987,17093
GNAS,0.90991,17094
FAM13B,0.90995,17095
MRPL14,0.90996,17096
AZI2,0.91001,17097
GPR107,0.91012,17098
PIH1D1,0.91031,17099
SLC38A9,0.91038,17100
PGRMC1,0.91039,17101
LARGE,0.91041,17102
RPS6KA2,0.91049,17103
SLC6A8,0.91063,17104
ANKRD16,0.91064,17105
ILDR2,0.91066,17106
DAPK2,0.91068,17107
GLRA4,0.91083,17108
MAP1LC3C,0.91091,17109
MAT2A,0.91093,17110
CACNG2,0.91094,17111
CSNK2A2,0.91098,17112
BPIFB2,0.91099,17113
HOXC11,0.91102,17114
SULT1C4,0.91113,17115
RPL41,0.91116,17116
TRIM49,0.9113,17117
FBXW9,0.9113,17118
TMEM14C,0.91133,17119
DAPK3,0.91135,17120
SMKR1,0.91136,17121
NFIA,0.91139,17122
CBX6,0.91139,17123
EPHB3,0.91141,17124
SV2A,0.91141,17125
UNG,0.91145,17126
BGN,0.91149,17127
ZBTB41,0.91155,17128
TES,0.91156,17129
RRNAD1,0.91157,17130
SLC2A12,0.91161,17131
STMN1,0.91161,17132
HIST1H2AD,0.91162,17133
LGI4,0.91167,17134
DDX54,0.91168,17135
PIWIL1,0.91171,17136
GGA3,0.91185,17137
SEZ6L2,0.91187,17138
ENTPD2,0.91187,17139
UBXN7,0.91194,17140
ATP5I,0.91195,17141
GNE,0.91199,17142
ZCCHC16,0.91203,17143
CISD2,0.91205,17144
TOMM7,0.91209,17145
PGD,0.91212,17146
GPR141,0.91216,17147
AKAP12,0.91218,17148
ATP13A3,0.91221,17149
DYTN,0.91224,17150
NXT2,0.91226,17151
EPGN,0.91234,17152
AHI1,0.91246,17153
IL36RN,0.91258,17154
IQCD,0.91264,17155
ICT1,0.91266,17156
CDK5R1,0.91273,17157
EPHX3,0.91276,17158
CORO7,0.91278,17159
STXBP5,0.91305,17160
BCL2L12,0.91315,17161
DAPL1,0.91327,17162
PPDPF,0.91329,17163
CCDC121,0.91342,17164
PON2,0.91346,17165
ZNF559-ZNF177,0.91355,17166
CNKSR2,0.91367,17167
AMIGO3,0.91368,17168
TAS2R39,0.91374,17169
PRR12,0.91377,17170
EPPK1,0.91386,17171
TTBK1,0.91395,17172
NLN,0.91398,17173
TIMM21,0.91406,17174
GUCD1,0.91408,17175
PHF16,0.91409,17176
CD8B,0.91412,17177
CDRT1,0.91412,17178
CCDC180,0.91421,17179
ASH1L,0.91426,17180
COX7A2L,0.91432,17181
BCAS4,0.91434,17182
OR51D1,0.91435,17183
RAB25,0.91436,17184
PIGG,0.91438,17185
SLC41A3,0.91447,17186
TBC1D16,0.91466,17187
TTLL11,0.91468,17188
OR10A5,0.91474,17189
PSPN,0.9148,17190
FZD9,0.9149,17191
IL18R1,0.91491,17192
HIST1H2BK,0.91494,17193
DCAF10,0.91501,17194
TEK,0.91506,17195
RINL,0.91507,17196
ZBTB8OS,0.91513,17197
TGIF2,0.91514,17198
YAE1D1,0.91532,17199
ZMYND10,0.91532,17200
MNDA,0.91534,17201
CPPED1,0.91537,17202
TYRO3,0.91539,17203
LEPREL4,0.91542,17204
CARD17,0.91542,17205
AKAP4,0.91549,17206
KIAA0247,0.91551,17207
SLC25A1,0.91564,17208
PIWIL4,0.91565,17209
NIPSNAP3B,0.91565,17210
GNPDA1,0.91584,17211
WDR81,0.91584,17212
OVOL1,0.91589,17213
MAGEB16,0.9159,17214
IRGM,0.91597,17215
EIF2B1,0.91628,17216
ZNF541,0.91635,17217
PFDN1,0.91636,17218
ARMC7,0.91641,17219
EFCAB2,0.91646,17220
C1orf21,0.91648,17221
SPAG6,0.91653,17222
SNRNP48,0.91663,17223
CLEC12A,0.91669,17224
USPL1,0.91674,17225
LRRC61,0.91676,17226
IMPDH2,0.91691,17227
TAS2R4,0.91693,17228
NUDT21,0.91703,17229
TAS2R50,0.91709,17230
TAF7L,0.91717,17231
RALGPS1,0.91717,17232
HINT2,0.91724,17233
PAPPA,0.91725,17234
CYP2A13,0.91726,17235
TRMT10A,0.91741,17236
GRB7,0.91744,17237
TEX33,0.91747,17238
TEX38,0.9176,17239
SEMA3E,0.91761,17240
PPARA,0.91764,17241
PSME1,0.91777,17242
LRP8,0.91778,17243
TFB1M,0.91791,17244
ZCCHC2,0.91793,17245
DGKD,0.91795,17246
CTH,0.91802,17247
GPR151,0.91824,17248
ZMAT5,0.91836,17249
TNFSF10,0.91837,17250
UBXN4,0.91839,17251
PAPOLG,0.91843,17252
SMTN,0.91855,17253
SETDB2,0.91857,17254
GIMAP1,0.91863,17255
MFSD9,0.91869,17256
HUS1,0.91871,17257
RSPO3,0.91884,17258
ANG,0.9189,17259
ASNA1,0.91893,17260
XPNPEP3,0.91895,17261
PAK2,0.91897,17262
SLC6A9,0.91904,17263
ADH7,0.91906,17264
CLMP,0.91908,17265
JAZF1,0.91915,17266
STX1A,0.91918,17267
LOC441155,0.91932,17268
NNMT,0.91947,17269
FAM214A,0.91948,17270
IGFBP6,0.91954,17271
IGFL2,0.91958,17272
PEX7,0.9196,17273
OSBPL3,0.91969,17274
COX15,0.91976,17275
DBNL,0.91979,17276
LUZP4,0.91982,17277
GPR142,0.91986,17278
YBX2,0.91987,17279
ZNF502,0.91992,17280
ZMYND15,0.91993,17281
RNF165,0.92002,17282
RASGRP3,0.92004,17283
MBIP,0.92011,17284
HNRNPCL1,0.92015,17285
CCDC129,0.9203,17286
EML4,0.92041,17287
HIST1H4J,0.92044,17288
GALNT18,0.92052,17289
MED26,0.9206,17290
ARID3C,0.92069,17291
CXorf51A,0.92074,17292
GPR144,0.92095,17293
JAK2,0.92106,17294
MRPL28,0.9211,17295
AADACL2,0.92111,17296
IL33,0.92112,17297
TMCO4,0.92113,17298
TMIGD2,0.92117,17299
KIAA2013,0.92126,17300
SKIV2L2,0.92131,17301
MPPE1,0.92137,17302
FGF2,0.92157,17303
TET2,0.92163,17304
ABRA,0.92164,17305
PKP4,0.92168,17306
HBP1,0.92169,17307
GPR15,0.92179,17308
ERMN,0.9218,17309
HTR3B,0.92184,17310
GPR45,0.92186,17311
KRTAP19-7,0.92188,17312
UHRF1,0.92192,17313
VARS2,0.92196,17314
TPTE2,0.92209,17315
WNT3,0.92211,17316
LIMS3,0.92214,17317
LURAP1L,0.92239,17318
STX2,0.92246,17319
AHSA2,0.92247,17320
TBRG4,0.92256,17321
LYSMD2,0.92257,17322
FNBP4,0.9226,17323
PET112,0.92263,17324
ZNF259,0.92267,17325
RAB6C,0.92267,17326
PXDNL,0.92269,17327
USB1,0.92271,17328
RAPGEF6,0.92275,17329
KLHL7,0.92276,17330
MAGEA9,0.92278,17331
KCNK6,0.92284,17332
TAB2,0.92304,17333
C22orf42,0.92307,17334
ITLN1,0.92332,17335
NASP,0.92338,17336
TMEM101,0.92339,17337
MTF2,0.92341,17338
NTN3,0.92349,17339
DEFB103A,0.92363,17340
CCDC43,0.92369,17341
NAB2,0.92372,17342
GIPR,0.92372,17343
ADAMTS1,0.9238,17344
WFIKKN1,0.92391,17345
ATF6,0.92396,17346
WDR49,0.92421,17347
PPRC1,0.92422,17348
CCT3,0.92425,17349
TRIM23,0.92431,17350
TMEM106B,0.92431,17351
AP3S1,0.92438,17352
EXPH5,0.9244,17353
OR10A7,0.92454,17354
FBXL8,0.92461,17355
EN1,0.92484,17356
MRPS18B,0.92497,17357
PROM2,0.925,17358
TRIM59,0.92515,17359
PTCD3,0.92521,17360
RBM15B,0.92526,17361
KLHDC4,0.9253,17362
FSCB,0.92538,17363
C4A,0.92543,17364
SERPINE1,0.92551,17365
PATE2,0.92572,17366
ATP13A1,0.92574,17367
GULP1,0.92576,17368
ZNF528,0.92578,17369
TTC26,0.92584,17370
CHIA,0.92584,17371
NLGN3,0.92602,17372
GOLGA7B,0.92605,17373
CT62,0.92608,17374
NLRP5,0.92609,17375
CERCAM,0.9261,17376
C20orf85,0.92622,17377
RBM27,0.92624,17378
PDYN,0.92632,17379
ALAS2,0.92632,17380
ZNF592,0.92642,17381
C11orf44,0.92647,17382
CAPS,0.9265,17383
KRTAP5-11,0.92661,17384
ZXDC,0.92662,17385
APMAP,0.92664,17386
LRRC46,0.92667,17387
TRIP6,0.92669,17388
KLHL9,0.92672,17389
IRF2,0.92676,17390
LYSMD4,0.92678,17391
ERBB2,0.92678,17392
TRAF3IP1,0.92682,17393
TCIRG1,0.9269,17394
CSAG3,0.92697,17395
GPI,0.92702,17396
POMGNT1,0.92705,17397
RNASE12,0.92739,17398
SLC26A1,0.9274,17399
APOL4,0.92745,17400
MXRA7,0.92752,17401
CRP,0.92753,17402
SH2D7,0.92758,17403
OR5M3,0.9276,17404
ZNF2,0.92762,17405
TSGA10,0.92766,17406
ZNF524,0.92768,17407
CEP104,0.92771,17408
RBM15,0.92773,17409
NFATC4,0.92779,17410
C16orf3,0.92783,17411
KCNK12,0.92818,17412
CCDC80,0.92829,17413
CXCL6,0.92838,17414
ECI1,0.92842,17415
TRPM3,0.92849,17416
BCL7C,0.92859,17417
MRPL48,0.92868,17418
FEM1C,0.9287,17419
LNX1,0.92877,17420
AWAT1,0.92889,17421
UGT3A2,0.92891,17422
B4GALT5,0.92891,17423
BRD7,0.92899,17424
MUC15,0.92904,17425
ZNF512B,0.92908,17426
C1orf115,0.9292,17427
GNB1,0.92933,17428
GRAMD2,0.92941,17429
ORM2,0.92953,17430
ZNF654,0.92958,17431
CLP1,0.92961,17432
ZNF275,0.92962,17433
RAB39A,0.92964,17434
CLDN23,0.92981,17435
KLLN,0.92984,17436
C18orf42,0.92988,17437
PQLC3,0.92991,17438
CYP46A1,0.93,17439
RAP1GAP2,0.93002,17440
FLRT3,0.9301,17441
B3GALTL,0.9301,17442
TTC36,0.93014,17443
BCL2L10,0.93015,17444
SRSF3,0.93016,17445
MS4A3,0.93023,17446
AP5S1,0.93023,17447
PCDHB6,0.93026,17448
TIGD1,0.93028,17449
RBM17,0.93031,17450
RRN3,0.93032,17451
TCERG1L,0.93036,17452
TFDP3,0.93044,17453
BBS7,0.93046,17454
POGLUT1,0.93051,17455
FBXL12,0.93052,17456
STK35,0.93057,17457
DEFA5,0.93063,17458
KHDC1L,0.93069,17459
HOXA2,0.93071,17460
XDH,0.93077,17461
PPIE,0.93081,17462
WDR92,0.93089,17463
CERS1,0.93093,17464
SLAMF7,0.93095,17465
NCEH1,0.93102,17466
PROL1,0.93105,17467
HIST1H2AG,0.93107,17468
IFIT2,0.93108,17469
VAV3,0.93115,17470
SLC7A2,0.9312,17471
MOB1A,0.93128,17472
PPEF2,0.93128,17473
CDKN2AIP,0.9313,17474
TKTL2,0.93131,17475
KLK10,0.93135,17476
OR2A42,0.93135,17477
KRI1,0.93146,17478
RAB26,0.93151,17479
GLRX3,0.93152,17480
UCN,0.93169,17481
KHDC1,0.9317,17482
APOA4,0.93184,17483
KLHL14,0.93186,17484
ANKRD24,0.9319,17485
PRSS45,0.93191,17486
ZNF141,0.93198,17487
TTC3,0.93199,17488
IGFN1,0.93212,17489
GFRA2,0.93213,17490
RWDD1,0.93216,17491
COL4A5,0.93217,17492
FAM166A,0.93219,17493
ACSL6,0.93219,17494
RPS19,0.93222,17495
FOXP3,0.93227,17496
C6orf136,0.93229,17497
KRTAP12-3,0.93235,17498
EXOC8,0.93238,17499
MYO7A,0.93244,17500
GPR128,0.93251,17501
AAR2,0.93252,17502
AHCYL2,0.93253,17503
SLFN14,0.93267,17504
NFS1,0.93276,17505
GAMT,0.93278,17506
GPX2,0.9328,17507
CETP,0.93293,17508
TMOD2,0.93296,17509
MAN2A2,0.933,17510
ANAPC7,0.93302,17511
NDNF,0.93304,17512
AAGAB,0.93306,17513
SLC30A3,0.93308,17514
IGBP1,0.93308,17515
GPR31,0.93326,17516
CAMK2B,0.9333,17517
MTMR10,0.93331,17518
TRPM1,0.93335,17519
A2ML1,0.93348,17520
NOC4L,0.93349,17521
NET1,0.93352,17522
LOXL1,0.93359,17523
CAPN15,0.9336,17524
ARHGAP5,0.93361,17525
LENG8,0.93369,17526
PER2,0.93372,17527
KRTAP19-1,0.93375,17528
ZNF804B,0.93381,17529
MMP12,0.93383,17530
CLEC4A,0.9339,17531
NT5C3B,0.9339,17532
ZBTB3,0.93396,17533
FGFBP3,0.93397,17534
PRDM12,0.93401,17535
MTMR4,0.93403,17536
NKAIN2,0.93404,17537
HIST1H2BD,0.93405,17538
DNMT1,0.93406,17539
SAP30L,0.93409,17540
CHRNA5,0.93422,17541
TIA1,0.93425,17542
TSPY2,0.93428,17543
C15orf61,0.93439,17544
WNK2,0.93461,17545
NTPCR,0.9348,17546
ELMO2,0.93502,17547
TIAF1,0.9351,17548
EFTUD2,0.9351,17549
HIST2H2AB,0.93511,17550
ANGEL1,0.93512,17551
ITM2A,0.93516,17552
SPRR2A,0.93522,17553
SELL,0.93529,17554
UGDH,0.93533,17555
EPC1,0.93542,17556
ARHGAP25,0.93544,17557
IDNK,0.93547,17558
PARL,0.93549,17559
EHHADH,0.93553,17560
NT5DC4,0.93563,17561
PGA4,0.93569,17562
NEK10,0.93571,17563
CXorf56,0.93575,17564
SH3GLB1,0.93583,17565
NMS,0.93587,17566
DNAJC16,0.93592,17567
MMP27,0.93594,17568
C1orf189,0.93595,17569
CLDN6,0.93602,17570
SURF4,0.93604,17571
CCL28,0.93612,17572
MRPL18,0.93619,17573
C4BPA,0.9362,17574
SLC7A13,0.93621,17575
MANBAL,0.93635,17576
RHOQ,0.93641,17577
MEF2D,0.93649,17578
PCDHA12,0.93658,17579
SIT1,0.9366,17580
SERPINI1,0.93668,17581
CSRNP1,0.93677,17582
INTS7,0.93686,17583
ERGIC2,0.93687,17584
COL26A1,0.93703,17585
SLC2A7,0.93715,17586
DGKA,0.93723,17587
RGS21,0.9374,17588
ISCA2,0.93743,17589
SMPD3,0.93745,17590
NXPE4,0.93748,17591
TMEM205,0.93753,17592
GSTT2,0.93757,17593
HAT1,0.93761,17594
TMEM249,0.93763,17595
CDRT15,0.93783,17596
ANAPC13,0.93792,17597
FBXO46,0.93795,17598
PMEL,0.93804,17599
KCNK18,0.93821,17600
CEBPD,0.9383,17601
UGT2B15,0.93836,17602
CALR3,0.93845,17603
WFIKKN2,0.93845,17604
RFX4,0.93848,17605
STRIP2,0.93851,17606
GRHL2,0.93854,17607
METAP2,0.93855,17608
KPNA7,0.9387,17609
EIF2S3,0.93873,17610
C7orf73,0.93874,17611
PHYHIPL,0.93878,17612
LRRC8C,0.93878,17613
CDH11,0.93881,17614
TNFAIP8L1,0.93891,17615
OR51A4,0.93891,17616
HERC5,0.93891,17617
CES3,0.93894,17618
STK17A,0.93895,17619
EIF3M,0.93917,17620
CD101,0.93921,17621
PGM5,0.93923,17622
C17orf75,0.93924,17623
HEMGN,0.93926,17624
NIPAL1,0.9393,17625
SPC25,0.93932,17626
BACE1,0.93933,17627
SUCLA2,0.93939,17628
MTMR9,0.93945,17629
KIAA1244,0.93949,17630
SRCRB4D,0.93952,17631
KIF3B,0.93963,17632
TMCO6,0.9398,17633
P2RY11,0.9398,17634
HSPG2,0.93987,17635
CD22,0.93991,17636
NEDD4,0.93993,17637
CDH13,0.94021,17638
RBM19,0.94024,17639
SHARPIN,0.94024,17640
PLIN1,0.94029,17641
CBLN4,0.9403,17642
VAMP1,0.94032,17643
HDX,0.94034,17644
VAT1,0.94035,17645
VASH2,0.94037,17646
DOK7,0.94046,17647
NOTCH2NL,0.94046,17648
C19orf43,0.94057,17649
CFHR3,0.94059,17650
SNRPD1,0.94068,17651
ZNF727,0.9407,17652
CCDC102A,0.94073,17653
ZNF157,0.94087,17654
GABARAPL2,0.94091,17655
ACLY,0.94096,17656
PRSS3,0.94097,17657
TRNT1,0.94098,17658
SSTR4,0.94104,17659
HIGD1A,0.94113,17660
COL6A3,0.9412,17661
C5orf49,0.94124,17662
DDT,0.94125,17663
SCRG1,0.94128,17664
OR13C3,0.94132,17665
DENND4A,0.94134,17666
PYROXD1,0.94137,17667
ARMC5,0.94137,17668
ZNRF3,0.94151,17669
ENTPD5,0.94158,17670
HIST1H1A,0.94159,17671
MED21,0.94163,17672
ZCCHC4,0.94182,17673
GPR139,0.94185,17674
UTF1,0.94189,17675
NFRKB,0.94192,17676
NSMCE4A,0.94198,17677
CYP2U1,0.942,17678
COL8A1,0.94206,17679
E2F8,0.94213,17680
SAMD14,0.94216,17681
C15orf39,0.9422,17682
PEG3,0.94225,17683
WDR70,0.94227,17684
CRISPLD1,0.94231,17685
ALK,0.94239,17686
KRR1,0.94245,17687
KIAA1984,0.94251,17688
GLP2R,0.94254,17689
C1orf177,0.94256,17690
ZNF658,0.94263,17691
ARMCX4,0.94276,17692
LOC100506388,0.94279,17693
NBPF3,0.94286,17694
BNC1,0.94291,17695
NODAL,0.94318,17696
MOSPD2,0.9432,17697
DCHS2,0.94321,17698
TCL1A,0.94325,17699
ING2,0.94328,17700
TFAP4,0.94337,17701
NEK8,0.94339,17702
HPD,0.94359,17703
ABHD5,0.94362,17704
GYG1,0.94381,17705
OR51F2,0.94388,17706
KLHDC8A,0.94388,17707
FZD1,0.94402,17708
SH3RF3,0.94403,17709
CENPL,0.94406,17710
RFC1,0.94412,17711
RTP2,0.94416,17712
STRA8,0.94416,17713
FAM20B,0.94433,17714
PLEKHA8,0.94437,17715
MLLT11,0.94437,17716
COLCA2,0.94441,17717
SKA1,0.94446,17718
GIMAP5,0.9445,17719
ARHGEF38,0.94462,17720
PDCD6,0.94478,17721
PTP4A2,0.94482,17722
CDC16,0.94482,17723
EYA4,0.94491,17724
ERI3,0.94496,17725
TRPT1,0.94498,17726
EPDR1,0.94503,17727
PNPLA2,0.94507,17728
NEIL1,0.94512,17729
ZNF70,0.94512,17730
ZDHHC23,0.94524,17731
PLCL2,0.94527,17732
TCEANC,0.94532,17733
CXCL1,0.94536,17734
H3F3C,0.94536,17735
SRSF7,0.94543,17736
BIN3,0.94552,17737
ANKRD54,0.94563,17738
SEC14L2,0.94564,17739
SLC26A8,0.94568,17740
CIB1,0.94579,17741
MITD1,0.94583,17742
HTT,0.9459,17743
CCDC3,0.94592,17744
RLN3,0.94598,17745
44996,0.94601,17746
MAGEA3,0.94603,17747
OSGIN1,0.94613,17748
DSN1,0.94619,17749
C16orf87,0.94644,17750
APIP,0.9465,17751
CSN1S1,0.94652,17752
TMEM105,0.94662,17753
APLNR,0.94665,17754
PFDN2,0.94665,17755
SNRPN,0.94666,17756
UBB,0.94667,17757
GTF2A1,0.94668,17758
45177,0.94687,17759
TBXA2R,0.9469,17760
HIST1H2BF,0.94693,17761
TMED7,0.94702,17762
FBXO43,0.94703,17763
B3GAT2,0.94711,17764
ULK2,0.94711,17765
MAP3K15,0.94712,17766
KIAA2022,0.94713,17767
HLA-F,0.94714,17768
SMARCA1,0.94717,17769
KLHDC10,0.94723,17770
WDR63,0.94726,17771
PKN2,0.9473,17772
TSEN2,0.94734,17773
CHKA,0.94739,17774
CA13,0.94741,17775
TPD52L1,0.94744,17776
SAGE1,0.94746,17777
LHX2,0.94752,17778
EMC2,0.94781,17779
SPG7,0.94782,17780
C5orf42,0.94784,17781
ABCB5,0.94784,17782
CEP70,0.94787,17783
TMA16,0.94787,17784
PHLDA3,0.94789,17785
CLCN7,0.94794,17786
SERTAD2,0.94796,17787
HIST1H1C,0.94804,17788
FAR1,0.94808,17789
CD163,0.94826,17790
FXR1,0.94827,17791
UQCRHL,0.94841,17792
MYOZ3,0.94845,17793
FXYD1,0.94845,17794
SMPD2,0.94849,17795
DCXR,0.94849,17796
ZNF384,0.94877,17797
C1QL4,0.94878,17798
BIRC8,0.94896,17799
FHAD1,0.94898,17800
MED20,0.94902,17801
FAM63B,0.94914,17802
EEFSEC,0.94921,17803
ST6GALNAC2,0.94929,17804
GTF3C6,0.94931,17805
KIAA1324,0.94935,17806
G2E3,0.9494,17807
TCAIM,0.94946,17808
TSHR,0.94946,17809
C17orf102,0.94954,17810
KRTAP19-6,0.94967,17811
ETV5,0.94968,17812
HMGXB3,0.94971,17813
CD99,0.94977,17814
ELAC2,0.94979,17815
GOLGA3,0.9498,17816
STRN3,0.94986,17817
SPDYE2B,0.95006,17818
ZSCAN25,0.95007,17819
ZNF589,0.95013,17820
UCK1,0.95016,17821
CDC42BPG,0.95017,17822
MUC22,0.95022,17823
OR2A1,0.95025,17824
LRRC24,0.95034,17825
ALPI,0.95037,17826
OXCT2,0.95039,17827
MSL1,0.95047,17828
PYGO2,0.95052,17829
TSPAN17,0.95059,17830
TMEM39A,0.95067,17831
C8orf86,0.95069,17832
XAF1,0.95069,17833
VEZF1,0.95073,17834
HN1L,0.95083,17835
ZFYVE20,0.95088,17836
DDX18,0.9509,17837
C17orf72,0.95099,17838
RBM4B,0.95144,17839
CSRP2,0.95161,17840
GPR97,0.95172,17841
HMCN1,0.95174,17842
C7orf62,0.95175,17843
TMEM141,0.95175,17844
JMJD6,0.95178,17845
ZNF721,0.95179,17846
LRRC57,0.95184,17847
ANKRD32,0.95185,17848
GDNF,0.95186,17849
PCYT1A,0.95191,17850
WNT8A,0.95199,17851
CLIP3,0.95203,17852
ROBO1,0.95204,17853
PICK1,0.95205,17854
KLHL18,0.95212,17855
CAV3,0.95214,17856
TGFB3,0.95222,17857
LOC286238,0.95224,17858
FAM126A,0.95239,17859
FBXW5,0.95241,17860
TP53,0.95247,17861
AIG1,0.95251,17862
ACP2,0.95253,17863
TNKS,0.95255,17864
OR2AG1,0.95295,17865
USP33,0.95302,17866
HUS1B,0.95309,17867
EIF4E2,0.95313,17868
LINGO4,0.95324,17869
INSIG2,0.95332,17870
KDM4C,0.95338,17871
DPH2,0.95341,17872
PTGDR2,0.95342,17873
TRAPPC5,0.95345,17874
GRK5,0.95353,17875
RFC4,0.95361,17876
ADRA1B,0.95371,17877
ALKBH5,0.95377,17878
INTS9,0.95383,17879
PFKFB1,0.95386,17880
CLDN16,0.95389,17881
SMCO3,0.9539,17882
TRIM48,0.95394,17883
OR4K14,0.95398,17884
OR4C12,0.95409,17885
FEV,0.95417,17886
PRR14,0.95426,17887
CDIP1,0.95443,17888
SLC45A4,0.95444,17889
SCGB2B2,0.95446,17890
MYL7,0.95449,17891
ARL4C,0.95451,17892
EIF2B4,0.95458,17893
SF1,0.95476,17894
LPL,0.95479,17895
TAX1BP3,0.9548,17896
LMAN1,0.95489,17897
C11orf94,0.955,17898
MLXIPL,0.95501,17899
ETV7,0.95503,17900
ALPP,0.95509,17901
C16orf80,0.9551,17902
TMEM8A,0.95512,17903
SDHB,0.95536,17904
RAD51,0.95537,17905
UGGT1,0.95538,17906
MFSD7,0.95545,17907
FBXO39,0.95548,17908
EPB41L4A,0.9555,17909
BCKDHB,0.95557,17910
THEGL,0.95563,17911
44990,0.95582,17912
MCC,0.95588,17913
MFAP3,0.95591,17914
ELMO3,0.95594,17915
SLC16A5,0.95595,17916
RPL17-C18orf32,0.95598,17917
GPR87,0.95599,17918
FGL1,0.95606,17919
KRT6B,0.95611,17920
TEX22,0.95614,17921
HSPA5,0.95616,17922
MGAT5,0.95624,17923
C14orf132,0.95655,17924
TRIM56,0.95655,17925
MOXD1,0.95657,17926
RFFL,0.95662,17927
CCDC23,0.95662,17928
MIER2,0.95663,17929
S100A5,0.95664,17930
DOK6,0.95681,17931
LRRC66,0.95687,17932
SLC7A7,0.95688,17933
DEDD,0.95688,17934
FBXL6,0.95699,17935
PATE1,0.95708,17936
GET4,0.95715,17937
HLA-DMB,0.95722,17938
GSN,0.95724,17939
DUSP12,0.95724,17940
ZSWIM8,0.95724,17941
LRRC42,0.9574,17942
NEK6,0.95745,17943
RFESD,0.95746,17944
SEC23B,0.95751,17945
SSTR1,0.95753,17946
PRSS37,0.95757,17947
B9D1,0.95757,17948
SLC17A5,0.95757,17949
EFCAB12,0.95761,17950
RBM12B,0.95764,17951
SPATA31D1,0.95773,17952
RBBP4,0.95783,17953
EDDM3B,0.95785,17954
PHGR1,0.95803,17955
VCX2,0.95807,17956
KNSTRN,0.95812,17957
NSMF,0.95812,17958
RAG2,0.95815,17959
KRT33B,0.95817,17960
UVSSA,0.9582,17961
ENOX2,0.95835,17962
SIGLEC5,0.95838,17963
NAV1,0.9584,17964
LRMP,0.95842,17965
ZNF621,0.95853,17966
NMNAT1,0.95854,17967
CES2,0.95855,17968
BMP8B,0.95864,17969
PRDX2,0.95867,17970
PARVG,0.95873,17971
NRG4,0.9588,17972
FRY,0.95888,17973
CYP2C19,0.95892,17974
CD5L,0.95896,17975
BRPF3,0.95897,17976
MYBBP1A,0.95902,17977
PHC3,0.95906,17978
SLC7A11,0.95907,17979
C21orf33,0.9591,17980
C2orf15,0.95913,17981
SMAD1,0.95922,17982
MRPL4,0.95924,17983
C14orf37,0.95928,17984
TXN,0.9593,17985
CWC25,0.95941,17986
FHOD3,0.95945,17987
SNRPA,0.95945,17988
C17orf85,0.9595,17989
CLECL1,0.95959,17990
IRX6,0.95961,17991
TVP23C-CDRT4,0.95963,17992
ARL10,0.95972,17993
KRBOX1,0.95976,17994
PEX13,0.95981,17995
MST1,0.95986,17996
OSM,0.95989,17997
C19orf69,0.96,17998
C3orf14,0.96001,17999
PRPF19,0.9601,18000
SBK1,0.96012,18001
NIN,0.96017,18002
APBA1,0.96026,18003
CXorf40B,0.96034,18004
CYBA,0.96036,18005
HERC1,0.96046,18006
GABRA2,0.9605,18007
MSH3,0.96057,18008
TAF10,0.96064,18009
PHF11,0.96066,18010
AKAP1,0.96066,18011
MPG,0.96068,18012
USP9X,0.96069,18013
BPTF,0.96069,18014
VBP1,0.9608,18015
LCE3C,0.96081,18016
MINOS1,0.96086,18017
NBPF1,0.96086,18018
PNO1,0.96094,18019
OSBPL2,0.96102,18020
LZTR1,0.96103,18021
ETS2,0.96128,18022
DDI1,0.96136,18023
DAZAP2,0.96145,18024
CECR5,0.96149,18025
ACVR1B,0.96153,18026
C7orf33,0.96154,18027
WRAP53,0.96167,18028
SEMA3G,0.9617,18029
C20orf144,0.96172,18030
CCKBR,0.96173,18031
CRHR2,0.96175,18032
WDR86,0.962,18033
REEP6,0.96203,18034
SPIRE2,0.96215,18035
PIP5K1A,0.96218,18036
CENPA,0.9622,18037
ELANE,0.96225,18038
UGCG,0.96227,18039
SNX17,0.96229,18040
PATE4,0.96237,18041
GPRC5B,0.96247,18042
SGIP1,0.96248,18043
PSMA3,0.96264,18044
B3GNT7,0.96266,18045
HIST1H2AC,0.96271,18046
P2RY13,0.96278,18047
LHCGR,0.9628,18048
WDR66,0.9629,18049
TGFBR3L,0.96299,18050
KALRN,0.96307,18051
SHOC2,0.96321,18052
SH2D1A,0.96328,18053
TNFAIP6,0.96333,18054
CSNK1G1,0.96337,18055
DDOST,0.96338,18056
TAAR2,0.96343,18057
FCGR1A,0.96361,18058
C7orf63,0.96363,18059
OR2V2,0.96365,18060
ECT2,0.96369,18061
NT5E,0.96387,18062
SMG7,0.96395,18063
PRKAR1A,0.96409,18064
TOMM20L,0.96414,18065
METTL11B,0.96417,18066
THEG5,0.96419,18067
E2F5,0.96419,18068
CCR8,0.96421,18069
YAP1,0.96425,18070
RLN2,0.96425,18071
MYBPC1,0.96431,18072
DTX3L,0.96431,18073
YTHDF1,0.96442,18074
SPEF1,0.96448,18075
NUP214,0.96449,18076
NDUFS7,0.96469,18077
SKOR2,0.96472,18078
NCAPD2,0.96472,18079
KRT33A,0.9648,18080
VIPAS39,0.96481,18081
NFKBIZ,0.96489,18082
COPG2,0.96491,18083
ACAD10,0.96502,18084
MCM7,0.96504,18085
BRIX1,0.96505,18086
OR10R2,0.96506,18087
ARHGEF39,0.96513,18088
STARD3,0.96514,18089
C15orf56,0.9652,18090
ETV4,0.96524,18091
LGALS4,0.96532,18092
ACIN1,0.96534,18093
YWHAZ,0.96541,18094
PHOX2A,0.96542,18095
HIPK1,0.96551,18096
NPM3,0.96555,18097
RPLP0,0.96555,18098
ATAD1,0.96557,18099
SF3A3,0.96561,18100
YWHAE,0.96564,18101
C22orf43,0.96565,18102
KPNA4,0.96566,18103
TBC1D2,0.96566,18104
TMEM241,0.96586,18105
SOX9,0.96605,18106
CCDC142,0.9661,18107
ZNF705G,0.96628,18108
KLRC3,0.96631,18109
FAM210A,0.96639,18110
NKD2,0.96647,18111
KNDC1,0.96648,18112
RAB3IL1,0.96649,18113
FLT3,0.9665,18114
FGF13,0.96662,18115
DDX3Y,0.96663,18116
LYPLA1,0.96669,18117
MEGF8,0.9667,18118
GPR89B,0.96687,18119
TAF1C,0.96693,18120
FBXO34,0.96697,18121
FAM76A,0.96701,18122
COMMD7,0.96702,18123
C6orf25,0.96702,18124
TRIM40,0.96705,18125
TMOD4,0.96708,18126
PILRB,0.96709,18127
HIST1H4E,0.96716,18128
DCT,0.96719,18129
OR13C2,0.96737,18130
CHST12,0.96739,18131
LMO2,0.96746,18132
RAD17,0.96754,18133
LASP1,0.96758,18134
PCDHA10,0.96762,18135
CDC40,0.96769,18136
ZNF134,0.96771,18137
RAB3IP,0.96776,18138
SGOL1,0.96781,18139
FBN2,0.96787,18140
TSEN54,0.96789,18141
ANAPC10,0.96793,18142
HSBP1L1,0.96797,18143
APOA1BP,0.96797,18144
C10orf126,0.96805,18145
CDIPT,0.96811,18146
YIPF7,0.96818,18147
HSD17B14,0.96819,18148
SRPRB,0.96831,18149
EBF3,0.96833,18150
OTUD6B,0.96838,18151
MIF,0.96846,18152
LILRA1,0.96858,18153
NOTCH1,0.96859,18154
TPH2,0.96866,18155
TFDP1,0.96879,18156
LDLRAD3,0.9688,18157
FAM197Y8,0.96887,18158
CDK2,0.9689,18159
NR1H4,0.96899,18160
SLC18B1,0.96899,18161
FAM227A,0.96906,18162
MTERFD3,0.96907,18163
TRUB1,0.96909,18164
TJP1,0.96909,18165
SCXA,0.96911,18166
SULT6B1,0.9692,18167
FMN2,0.96949,18168
CD2,0.96951,18169
HRASLS5,0.96964,18170
OR10AD1,0.96965,18171
FRRS1L,0.96972,18172
UGP2,0.96972,18173
DUOX2,0.96977,18174
GNAT2,0.96981,18175
PGBD2,0.96985,18176
SIK2,0.96986,18177
HAP1,0.96988,18178
AVEN,0.97003,18179
MLLT10,0.97004,18180
GKN1,0.97004,18181
ETV3,0.9701,18182
KIAA1644,0.97021,18183
PGA3,0.97026,18184
GZMM,0.97028,18185
FGF6,0.97031,18186
PITRM1,0.97042,18187
TRMT61A,0.97042,18188
EGR3,0.97043,18189
ZNF543,0.97046,18190
LEMD1,0.97048,18191
TATDN1,0.9705,18192
PDE6D,0.97066,18193
BLK,0.97078,18194
ATOH7,0.97087,18195
SRSF4,0.97106,18196
UTP18,0.97109,18197
ATP1B4,0.97119,18198
GAB3,0.97128,18199
NDUFB7,0.97132,18200
PRRG3,0.97143,18201
DPH6,0.9715,18202
TREM2,0.97157,18203
PLD5,0.97158,18204
TGIF2LY,0.97158,18205
C22orf29,0.97159,18206
PLEKHS1,0.97163,18207
PAF1,0.97164,18208
FAM175A,0.97167,18209
PMM1,0.97191,18210
PTPN18,0.97192,18211
ZNF454,0.97206,18212
POTEC,0.97211,18213
FBXL3,0.97212,18214
IGSF3,0.97214,18215
KCNK2,0.97223,18216
VIP,0.97227,18217
SORCS2,0.97239,18218
GATAD2A,0.9724,18219
SYN2,0.97258,18220
RPP25L,0.97261,18221
ZNF335,0.97263,18222
KCND1,0.97266,18223
RNF148,0.97267,18224
MYEOV,0.97268,18225
SLC39A4,0.97274,18226
CLNS1A,0.97275,18227
FEN1,0.97289,18228
EAPP,0.97293,18229
DDX24,0.97296,18230
RBM46,0.97299,18231
MSANTD2,0.97316,18232
SLC16A7,0.97326,18233
WDR16,0.97329,18234
LDB2,0.97344,18235
OR2M3,0.97345,18236
KRT78,0.97346,18237
SIRPD,0.97352,18238
GUCY2D,0.97358,18239
EIF4EBP3,0.97362,18240
ARHGAP22,0.97364,18241
FAM83C,0.97392,18242
FUCA2,0.97393,18243
GDI1,0.97395,18244
DMRT1,0.97396,18245
ZMYND11,0.97398,18246
FAM114A1,0.97412,18247
MAP4K5,0.97414,18248
C11orf88,0.97415,18249
CETN3,0.9742,18250
NXNL1,0.97425,18251
ZNF776,0.97439,18252
KIRREL2,0.9744,18253
TRAK2,0.97444,18254
OR6F1,0.97448,18255
SF3B5,0.97452,18256
TAP1,0.97456,18257
RPL19,0.97459,18258
MUC5B,0.9746,18259
VPS26B,0.97472,18260
EMP3,0.97492,18261
MT1H,0.97494,18262
FOXD2,0.97501,18263
ATP6V0D1,0.97512,18264
UGGT2,0.97517,18265
GSDMA,0.97526,18266
ADAM29,0.97531,18267
ING4,0.97534,18268
PCDHB14,0.97541,18269
TAF1,0.97542,18270
SIL1,0.97546,18271
FPGT,0.97547,18272
ANGPT1,0.9755,18273
PAIP2B,0.97552,18274
GAPDH,0.97567,18275
CLEC2B,0.97568,18276
POGZ,0.97576,18277
PRH1,0.97584,18278
BATF,0.97596,18279
BTNL8,0.97603,18280
TRPC4AP,0.97608,18281
GPRC6A,0.9761,18282
DUSP10,0.97628,18283
PSAPL1,0.97638,18284
MALL,0.97646,18285
NT5C2,0.97648,18286
PTTG2,0.97654,18287
IQUB,0.97654,18288
NAA35,0.97654,18289
NCK2,0.97656,18290
DPH7,0.97661,18291
EIF5,0.97662,18292
OVOL2,0.97684,18293
TMEM261,0.97686,18294
COBLL1,0.97696,18295
VSTM5,0.97712,18296
CSNK1G3,0.97713,18297
OPN1SW,0.97718,18298
SDK2,0.97728,18299
DENND6A,0.97735,18300
TRIM39,0.97737,18301
IREB2,0.97741,18302
VWA5A,0.9775,18303
GATC,0.97758,18304
E2F6,0.97758,18305
ACOT12,0.97758,18306
POLR2H,0.97767,18307
SHC1,0.97772,18308
OR7D4,0.97793,18309
G6PD,0.97801,18310
PLXNA1,0.97812,18311
TPTE,0.97824,18312
EZH1,0.97826,18313
CTBP1,0.97828,18314
ULK1,0.97834,18315
MUSTN1,0.9784,18316
ZMYM6NB,0.97844,18317
IPCEF1,0.97872,18318
NCF1,0.97883,18319
ARF5,0.97895,18320
NKX6-3,0.97897,18321
LPHN2,0.97897,18322
TMEM200B,0.97903,18323
PCDH20,0.97913,18324
PNRC2,0.97921,18325
RERG,0.97938,18326
MAPK11,0.97945,18327
TRIM66,0.97961,18328
CCDC103,0.97965,18329
SPINK4,0.97968,18330
C12orf23,0.97978,18331
ART5,0.97985,18332
PMAIP1,0.97987,18333
CHST8,0.97992,18334
ENPP6,0.9801,18335
ZNF578,0.98017,18336
PARK2,0.98022,18337
EMID1,0.98025,18338
OSCP1,0.98027,18339
FSBP,0.98027,18340
MED24,0.98031,18341
GCKR,0.98034,18342
OSBPL7,0.98035,18343
AK7,0.98042,18344
OR2A5,0.98054,18345
WIPF1,0.98056,18346
ICOSLG,0.98059,18347
SIRPB1,0.98063,18348
GNA11,0.98065,18349
CCL3,0.9807,18350
LIG3,0.98072,18351
PLAC1,0.98079,18352
NSG1,0.98083,18353
LRRC3,0.98091,18354
CNTLN,0.98096,18355
PRDM5,0.98097,18356
TVP23C,0.98099,18357
C6orf226,0.981,18358
DTL,0.98116,18359
RILP,0.98117,18360
NAT8L,0.98118,18361
THAP5,0.98123,18362
N4BP2,0.98127,18363
AGAP2,0.98128,18364
CLPTM1,0.98133,18365
ZNF735,0.98137,18366
TAGAP,0.98138,18367
BLCAP,0.9814,18368
DDX28,0.9814,18369
PRRG4,0.98141,18370
MANEA,0.98145,18371
FHDC1,0.98146,18372
MAP2K3,0.98154,18373
SERPINA1,0.98154,18374
DNER,0.98179,18375
TRABD2A,0.98179,18376
MSGN1,0.98183,18377
C2orf42,0.98196,18378
IZUMO1,0.98197,18379
DEFB106A,0.98206,18380
CELF2,0.98208,18381
SRSF12,0.9821,18382
KIF18B,0.98212,18383
SPDYE2,0.9822,18384
UNC50,0.98223,18385
CHMP4A,0.98233,18386
C11orf31,0.98252,18387
NT5C1A,0.98252,18388
NRGN,0.98253,18389
TOM1,0.98266,18390
MAP3K7,0.98266,18391
LTBP1,0.98268,18392
IDH3B,0.9827,18393
OSGIN2,0.98272,18394
APOC2,0.98275,18395
MAGOHB,0.98276,18396
COMMD4,0.9828,18397
CSRP3,0.98288,18398
C6orf7,0.98289,18399
NBPF11,0.98292,18400
45184,0.98293,18401
AGPAT1,0.98296,18402
OAT,0.983,18403
HFE2,0.98312,18404
DLC1,0.98316,18405
BBIP1,0.98322,18406
PROCR,0.98326,18407
OR2T35,0.98327,18408
NHLRC3,0.9833,18409
TWISTNB,0.98333,18410
PTER,0.98333,18411
RPL30,0.98346,18412
ZNF235,0.98348,18413
CYP1B1,0.98354,18414
S1PR2,0.98358,18415
KLHL8,0.98367,18416
OR5A1,0.98368,18417
DHX9,0.98372,18418
TOX2,0.98372,18419
IRF1,0.98377,18420
GNG10,0.98388,18421
ZNF534,0.98403,18422
F8A1,0.98404,18423
C7orf55,0.9841,18424
ARHGAP40,0.98411,18425
PELP1,0.98411,18426
ADCY5,0.98417,18427
FAM46A,0.98423,18428
DYNLRB2,0.98434,18429
RNF20,0.98436,18430
PCGF3,0.98441,18431
MLH1,0.98447,18432
DPYSL2,0.98456,18433
REM1,0.9846,18434
PASD1,0.98463,18435
C9orf24,0.98471,18436
RPL36,0.98478,18437
SLC35C2,0.98487,18438
BBC3,0.98489,18439
ZNRD1,0.98489,18440
NRIP1,0.9849,18441
BTN3A1,0.98493,18442
XXYLT1,0.98506,18443
FAM81A,0.98512,18444
LRRN1,0.98515,18445
CLMN,0.98516,18446
HSD17B1,0.98518,18447
NR4A1,0.9853,18448
ASGR2,0.98531,18449
NPS,0.98531,18450
PPCDC,0.98536,18451
NDOR1,0.98538,18452
CDCA8,0.98539,18453
DNMT3A,0.9855,18454
MEIG1,0.98551,18455
RBM24,0.98551,18456
KIF20A,0.98558,18457
CCDC137,0.98562,18458
MPZ,0.98569,18459
ADCK2,0.98574,18460
COX6B2,0.98575,18461
UPF2,0.98579,18462
TTPAL,0.98582,18463
ERLIN1,0.98594,18464
RAB20,0.98594,18465
GPR137B,0.986,18466
RPRD1B,0.98608,18467
ZNF736,0.98608,18468
GHR,0.9861,18469
WBSCR17,0.98617,18470
TAX1BP1,0.98617,18471
TGFB1I1,0.98618,18472
MRPS34,0.98619,18473
MFN2,0.98622,18474
SYT8,0.98627,18475
NSF,0.98628,18476
NAA11,0.98638,18477
C10orf32,0.98644,18478
HTR1A,0.98646,18479
INO80,0.9865,18480
ANKS4B,0.98651,18481
THRAP3,0.98655,18482
HELT,0.98662,18483
BET1,0.98662,18484
CDH12,0.98663,18485
HOXA4,0.9867,18486
WNT5A,0.98674,18487
CGB,0.98678,18488
RC3H1,0.98682,18489
ATE1,0.98685,18490
DIO2,0.98691,18491
DEFB116,0.98691,18492
PRPF31,0.98709,18493
FYN,0.98711,18494
WDR76,0.98713,18495
RCAN3,0.98715,18496
FAM26D,0.98717,18497
SLC25A40,0.98719,18498
TP73,0.98721,18499
LEPROTL1,0.98729,18500
ACPL2,0.9874,18501
ARL4A,0.98743,18502
NRF1,0.98755,18503
FSTL1,0.98756,18504
TBRG1,0.98757,18505
HYPK,0.98759,18506
C9orf41,0.9876,18507
BCL7B,0.98766,18508
SSTR2,0.9877,18509
AGGF1,0.98772,18510
CMTM4,0.98785,18511
SERPINF1,0.98791,18512
WWC2,0.98802,18513
EPS8L2,0.98804,18514
ARMCX1,0.98815,18515
NUP35,0.98832,18516
CCDC126,0.98836,18517
RBM14,0.98847,18518
PKP2,0.98859,18519
ADAMTS20,0.98866,18520
TNS1,0.98872,18521
EOMES,0.98875,18522
SBSN,0.98894,18523
USP13,0.98899,18524
KIF23,0.98908,18525
CLU,0.98913,18526
MICU3,0.98916,18527
TOMM40L,0.98917,18528
ACTRT2,0.98921,18529
GNAI3,0.98922,18530
POU1F1,0.98927,18531
LAMB1,0.98927,18532
SFR1,0.98935,18533
PIK3CA,0.9894,18534
AIM1L,0.98948,18535
STAB1,0.98949,18536
C1QTNF7,0.98951,18537
TNRC6C,0.98955,18538
SLC6A20,0.98958,18539
ZNF579,0.9896,18540
TMEM117,0.98961,18541
AKIRIN2,0.98966,18542
ATRAID,0.98968,18543
PABPC1L2A,0.98972,18544
TRDN,0.98976,18545
PPP4C,0.98986,18546
PLOD3,0.99004,18547
CHCHD4,0.99008,18548
HPS6,0.99009,18549
EDF1,0.99015,18550
CCDC58,0.9905,18551
PSMC2,0.99053,18552
SPINT1,0.99054,18553
ARNT2,0.99056,18554
RNF141,0.99059,18555
FZD7,0.99061,18556
C7orf26,0.99074,18557
TKT,0.99082,18558
IST1,0.99083,18559
KNOP1,0.9909,18560
UIMC1,0.99095,18561
DNAJC5,0.99099,18562
IQSEC2,0.99109,18563
MCRS1,0.99123,18564
TIMM50,0.99125,18565
TPST2,0.99132,18566
OR1S2,0.99137,18567
AHSA1,0.99138,18568
TBCCD1,0.99139,18569
C1QTNF1,0.99141,18570
NCAPG2,0.99144,18571
LANCL3,0.9915,18572
WDR37,0.99156,18573
LY6G5B,0.99158,18574
RFWD2,0.99168,18575
LECT2,0.99174,18576
ST3GAL5,0.99188,18577
RHOJ,0.99195,18578
SAMD11,0.99197,18579
SEBOX,0.99211,18580
CYP2W1,0.99216,18581
RPL21,0.99225,18582
FTO,0.9923,18583
CDK7,0.99236,18584
GDPD3,0.99238,18585
PPP1R42,0.99238,18586
COMT,0.99238,18587
PAN3,0.99257,18588
INO80D,0.99259,18589
NEK3,0.99263,18590
UBE2F,0.99265,18591
WSB2,0.99268,18592
RHOBTB1,0.99274,18593
CDA,0.99289,18594
TMEM154,0.99297,18595
RNASEH2B,0.99314,18596
PPIA,0.99319,18597
ELMOD1,0.99322,18598
CDH16,0.99326,18599
HRAS,0.99339,18600
TRANK1,0.99355,18601
WDR48,0.99366,18602
DNAJA1,0.99372,18603
TMEM60,0.99373,18604
NQO1,0.99374,18605
ZCCHC3,0.99379,18606
SYCP1,0.99384,18607
MIPOL1,0.99388,18608
THEMIS2,0.99397,18609
CCSER1,0.99397,18610
AHRR,0.9942,18611
PRUNE,0.99426,18612
TRPS1,0.99432,18613
TSPO2,0.99446,18614
LOC728819,0.99447,18615
WDR26,0.99448,18616
ELK1,0.99462,18617
B4GALNT3,0.99462,18618
SOX4,0.99481,18619
ZNF426,0.99482,18620
GRIK4,0.99491,18621
PBXIP1,0.99495,18622
ANKRD49,0.99496,18623
GPR171,0.99499,18624
FAM173B,0.995,18625
ZNF365,0.99501,18626
AGTPBP1,0.99503,18627
DGCR6L,0.99507,18628
PRKRA,0.99508,18629
EXOC1,0.99516,18630
ZNF407,0.99523,18631
C1GALT1C1,0.99523,18632
LHX5,0.99525,18633
COPS5,0.99526,18634
SHC4,0.9953,18635
GRB2,0.99536,18636
PTPRS,0.99542,18637
CASP7,0.99544,18638
ATP1B2,0.99545,18639
RNF207,0.99547,18640
CCL26,0.99552,18641
IPP,0.99562,18642
P2RY12,0.99562,18643
KAT8,0.99579,18644
HOMEZ,0.99579,18645
TPR,0.99581,18646
CELF1,0.99585,18647
GPC6,0.99589,18648
SIGLEC8,0.99591,18649
ZNRF2,0.99597,18650
ATIC,0.99597,18651
TRMT2B,0.996,18652
FAM9B,0.99613,18653
PALB2,0.9962,18654
ZNF606,0.99624,18655
KLHL4,0.99624,18656
F12,0.99632,18657
LOC100996693,0.99639,18658
MGME1,0.99639,18659
MAPT,0.99641,18660
CYFIP2,0.99649,18661
MMP7,0.99656,18662
KRTAP8-1,0.99664,18663
ELOVL3,0.99673,18664
DNAJC21,0.99677,18665
FAM154B,0.99679,18666
OR7A5,0.99684,18667
ABCA8,0.99697,18668
ABHD16A,0.99699,18669
SYNJ2,0.9971,18670
UMODL1,0.99711,18671
ZRANB3,0.99711,18672
CHD4,0.99712,18673
ARMC6,0.99728,18674
MAPRE3,0.9973,18675
TGM7,0.99732,18676
TFB2M,0.99735,18677
ANTXR1,0.99736,18678
ATP5C1,0.99756,18679
KIAA1958,0.99757,18680
FNDC1,0.99764,18681
PNLDC1,0.99784,18682
AZIN1,0.99794,18683
CCT8L2,0.99795,18684
ARL8A,0.99796,18685
INPP4A,0.99796,18686
TMEM74B,0.99801,18687
NEGR1,0.99805,18688
FAM209B,0.99806,18689
ZNF717,0.99813,18690
DAPP1,0.99815,18691
ZNF559,0.99815,18692
BMP10,0.99819,18693
RASGEF1A,0.9982,18694
SLFN12L,0.99821,18695
C19orf45,0.99825,18696
STX6,0.99834,18697
BSPH1,0.99841,18698
C16orf45,0.99856,18699
TUSC1,0.99869,18700
ECD,0.99871,18701
MMP3,0.99875,18702
DBN1,0.99875,18703
RPLP1,0.99876,18704
ALG6,0.9988,18705
TMPRSS4,0.99887,18706
HGSNAT,0.99887,18707
AMDHD2,0.99893,18708
ERAL1,0.99909,18709
FOXA2,0.99913,18710
FTSJ3,0.99919,18711
TBX21,0.99924,18712
NGEF,0.99925,18713
CEND1,0.99925,18714
CHCHD5,0.99929,18715
ANKRD60,0.99933,18716
KRTAP1-4,0.99937,18717
TM4SF20,0.9994,18718
SLC26A5,0.99951,18719
RAB14,0.99953,18720
OR8B2,0.99954,18721
ABCB6,0.99957,18722
RPS6KB1,0.99961,18723
CLDN8,0.99963,18724
DUSP8,1,18725
