sgRNA	Gene	D31_DMSO_1	D31_DMSO_2	D31_DMSO_3	D31_TRM_1	D31_TRM_2	D31_TRM_3
PBK_PKc_E5_170.12	PBK	6236	6531	8896	6117	6242	6162
PRKG1_PKc_E10_72	PRKG1	5691	3443	4852	6556	5446	6131
LRRK1_PKc_E26_198.6	LRRK1	3195	5310	5031	4866	4777	4533
PDK1_PKc_E2_142.3	PDK1	4000	4226	2904	3195	4954	4649
BMPR1B_PKc_E10_131.6	BMPR1B	2257	3614	3264	3892	3477	3167
NEK7_PKc_E6_109.1	NEK7	3622	3307	4158	4906	3812	6050
FLT3_PKc_E17_154.5	FLT3	4563	5605	4671	4292	4838	5026
MAP3K7_PKc_E6_125.6	MAP3K7	5506	6712	4598	4804	5720	5518
SCYL3_PKc_E6_103.3	SCYL3	3960	3158	4759	4228	3602	4697
NRBP1_PKc_E7_95.4	NRBP1	803	2083	1433	220	2528	2031
STK17A_PKc_E4_127	STK17A	5470	3152	3862	4114	3741	4954
JAK1_PKc_E16_136.9	JAK1	4969	3978	4697	4112	2872	4807
MAP4K1_PKc_E6_48.2	MAP4K1	4902	5221	4629	5077	4512	6130
TSSK1B_PKc_E1_789.43	TSSK1B	7730	4616	5288	7591	4564	5535
AK1_PKc_E4_164.27	AK1	5545	3091	4144	4760	2418	3175
NRBP1_PKc_E4_102	NRBP1	2659	3718	4166	3476	4628	7873
CAMK1D_PKc_E1_59	CAMK1D	3979	4767	4343	5796	4698	5886
VRK2_PKc_E6_106.3	VRK2	4453	2187	2657	6305	2671	2745
FASTK_PKc_E5_201.19	FASTK	5813	4734	4297	5527	4809	4011
TNNI3K_PKc_E14_28	TNNI3K	4661	4174	3376	4455	3290	4568
EPHA7_PKc_E11_186.8	EPHA7	6650	5520	3970	6445	4346	3512
MLKL_PKc_E5_98.1	MLKL	2305	3993	4073	4776	4378	5238
JAK1_PKc2_E21_125.7	JAK1	3009	2574	3171	2425	2752	2238
STK39_PKc_E6_110.5	STK39	1711	2609	3346	3698	4409	3510
PRKCA_PKc_E12_63	PRKCA	4825	4095	3178	3244	3698	3782
STRADA_PKc_E6_122.3	STRADA	2659	2821	3105	2098	3828	4983
SIK3_PKc_E1_81	SIK3	5992	5856	5779	9717	5684	3368
EPHA5_PKc_E12_186.6	EPHA5	5681	4531	5631	5629	5024	3819
PRKAA2_PKc_E5_88.3	PRKAA2	5915	4782	4278	5842	4198	5001
MAPK7_PKc_E2_88	MAPK7	2939	3563	4324	3985	4118	3186
CDKL3_PKc_E6_140.5	CDKL3	4316	1655	5699	2739	2930	5083
CLK4_PKc_E6_117.3	CLK4	5756	4368	6227	7183	3758	4244
HCK_PKc_E12_132.7	HCK	4018	2171	2421	4138	2378	2254
SPEG_PKc1_E26_27	SPEG	5173	5286	3139	4375	3892	3835
ROR2_PKc_E9_852.135	ROR2	2295	3219	2747	3911	3592	4426
HIPK1_PKc_E6_177.4	HIPK1	2905	3428	4509	2861	2703	5097
EPHA10_PKc_E12_62.1	EPHA10	4868	5614	4311	3490	4638	4329
PIM1_PKc_E3_51.2	PIM1	3299	7430	3766	3189	5113	4303
RPS6KA5_PKc2_E10_126.7	RPS6KA5	1726	4104	3356	1216	2399	4211
LTK_PKc_E12_91.7	LTK	6043	4696	5653	7092	5263	7458
ALK_PKc_E25_93.7	ALK	2111	6099	2804	1949	3339	2602
MARK4_PKc_E4_49	MARK4	5253	5631	4338	3544	4635	5528
NEK3_PKc_E5_84.2	NEK3	5208	4004	4482	5174	3623	4805
PAK1_PKc_E11_118.9	PAK1	1590	2096	3626	1833	4067	2049
NPR1_PKc_E11_105.4	NPR1	2750	2517	2983	3169	2013	4405
DDR2_PKc_E14_60.8	DDR2	1068	3267	3789	2259	3563	3847
DCLK2_PKc_E11_147.9	DCLK2	3131	3386	2880	2416	2861	3577
OXSR1_PKc_E3_109.5	OXSR1	2205	4039	3692	2588	2904	3746
NPR2_PKc_E11_105	NPR2	8826	6958	5729	6060	3895	4380
POMK_PKc_E5_705.7	POMK	2957	2230	2233	3416	2312	3301
PRKACB_PKc_E3_117.2	PRKACB	2418	2630	4198	2787	2453	3537
CAMK2B_PKc_E6_73.6	CAMK2B	3177	3740	4428	3218	2942	3507
TAOK3_PKc_E5_102.2	TAOK3	4321	7510	3670	4205	3443	3892
ACVR1B_PKc_E6_168.13	ACVR1B	2463	1682	3736	3178	2317	2589
SBK1_PKc_E3_203.6	SBK1	4279	4825	3434	3810	3199	2472
PRKD3_PKc_E16_268	PRKD3	5287	3489	3969	5745	3168	3872
MELK_PKc_E7_93.3	MELK	4245	4045	2938	4030	2386	2423
EIF2AK2_PKc_E15_102.3	EIF2AK2	2830	3053	3362	3039	2824	3908
STK4_PKc_E3_129.8	STK4	4306	4328	2995	6169	3261	3928
NEK3_PKc_E7_87.1	NEK3	2509	4207	3983	5200	2141	4824
TRIB1_PKc_E2_293.37	TRIB1	5114	2324	2937	4131	2265	3941
MAPK14_PKc_E6_48	MAPK14	3225	2290	2026	3367	3636	3093
EPHA6_PKc_E10_43	EPHA6	2139	5249	3225	2302	3608	2920
CDK14_PKc_E7_63.2	CDK14	2907	4573	3090	3736	3767	2557
neg03	CONTROL	5126	6520	2933	6897	5773	5407
HCK_PKc_E10_77.2	HCK	2597	2914	2833	1831	2785	1427
CAMK1G_PKc_E3_129.2	CAMK1G	2793	4911	4399	5748	5614	5041
CDKL5_PKc_E2_34	CDKL5	2778	4261	3267	3193	4312	4832
CAMK1D_PKc_E3_75.1	CAMK1D	6829	4769	3648	5094	4539	3458
MAK_PKc_E7_172.11	MAK	2308	4306	3513	4538	3907	2983
MAPKAPK5_PKc_E7_96.2	MAPKAPK5	1297	2778	1876	1368	1977	1421
BRAF_PKc_E14_47.1	BRAF	6520	6316	3689	6563	4147	5223
MLKL_PKc_E6_136.11	MLKL	4837	3651	3281	5198	4024	4263
TAOK3_PKc_E4_72.5	TAOK3	2694	3313	3698	2808	3600	3678
CAMK1G_PKc_E10_82	CAMK1G	4957	4047	3719	6002	4070	4498
MYO3B_PKc_E7_146.16	MYO3B	2910	3772	3404	2268	2307	3287
POMK_PKc_E5_705.3	POMK	3133	4095	4644	3705	3834	7344
CDK13_PKc_E6_190.2	CDK13	1363	476	1095	834	512	969
TTBK2_PKc_E6_105.4	TTBK2	8364	6249	10155	7288	7957	7286
STK17B_PKc_E7_180.1	STK17B	2667	2329	2554	2878	2372	3012
EPHA2_PKc_E11_189.15	EPHA2	3567	4617	2908	3425	3294	3628
MAST2_PKc_E15_209.13	MAST2	1933	1822	2036	2829	1568	2514
JAK1_PKc2_E22_173.3	JAK1	4191	4489	2312	4703	3142	2724
TSSK4_PKc_E1_156.3	TSSK4	3515	2241	3307	2480	2177	2756
STK38_PKc_E8_103.1	STK38	4675	3900	3403	2958	3569	3883
MLKL_PKc_E9_50	MLKL	3912	3992	2295	2677	2691	3353
EPHA2_PKc_E12_62.7	EPHA2	3212	4262	6212	3312	3608	4587
TRIB1_PKc_E3_361.1	TRIB1	2918	3516	3348	3446	3996	5799
MAP3K14_PKc_E12_23	MAP3K14	1223	3262	1703	997	2925	1877
FGFR2_PKc_E11_122.16	FGFR2	4392	4097	3137	3410	2861	3387
MARK3_PKc_E5_66.2	MARK3	2840	2776	4475	2399	3178	3723
MAP4K5_PKc_E6_56	MAP4K5	6733	3608	2484	5130	4384	3905
CASK_PKc_E3_106	CASK	5521	3065	5037	5515	3072	5118
FLT3_PKc_E19_128.4	FLT3	2641	4573	3749	4194	2664	4868
GSK3B_PKc_E4_111.3	GSK3B	893	1009	2463	500	2176	1327
SCYL3_PKc_E3_186.3	SCYL3	1763	1640	4092	2336	3208	2203
ERBB3_PKc_E22_76.7	ERBB3	1310	1012	2813	1821	2384	2444
GUCY2F_PKc_E7_69	GUCY2F	4068	5136	2329	2346	4515	3054
MAP3K7_PKc_E4_46.1	MAP3K7	3106	3944	2205	3695	2906	3004
TTBK1_PKc_E6_105.8	TTBK1	2486	3533	3347	2352	3535	4380
CDK9_PKc_E4_167.13	CDK9	1160	565	773	671	1913	1268
MAPK8_PKc_E5_139.8	MAPK8	1181	2008	3118	1499	2500	2126
MAPK9_PKc_E7_72.1	MAPK9	2763	3128	3107	2185	2980	3978
KIT_PKc_E11_118.5	KIT	5165	4804	3321	5939	2728	3427
MAP3K3_PKc_E13_132.14	MAP3K3	1907	2779	1409	1494	2195	1562
TSSK3_PKc_E1_121	TSSK3	3395	2167	2590	2788	3423	2735
TEC_PKc_E13_161.15	TEC	3960	4564	4215	2494	4685	2312
MAP2K1_PKc_E8_65	MAP2K1	2186	3013	2048	3522	3303	2222
HCK_PKc_E8_76.11	HCK	2258	2433	1704	2406	2014	2406
ICK_PKc_E8_172.2	ICK	4326	3170	2406	4351	1786	3069
RPS6KA5_PKc_E4_116.1	RPS6KA5	1923	1884	4307	2612	3441	5202
GRK4_PKc_E11_90.8	GRK4	3247	3249	2598	2616	3853	3385
KIT_PKc_E16_128	KIT	2939	2632	3782	3559	3692	2576
RPL9_e4.2	RPL9	0	0	63	0	788	0
CLK2_PKc_E10_83.3	CLK2	1550	1276	1138	653	1230	1198
MAP3K1_PKc_E18_143.13	MAP3K1	3383	2489	2822	2545	2551	3759
STK31_PKc_E20_84	STK31	1675	3039	3053	1832	3516	4876
PDIK1L_PKc_E3_708.64	PDIK1L	2568	2799	2802	2301	3268	2893
PKN1_PKc_E16_177.11	PKN1	3803	2446	2943	4013	2733	4591
NPR1_PKc_E13_157.19	NPR1	1584	2980	1852	2094	2429	1712
DAPK2_PKc_E6_49.1	DAPK2	4141	5787	3711	3455	4311	4042
MAPK6_PKc_E5_200.14	MAPK6	1133	3313	3506	1959	2495	3986
TRIB1_PKc_E3_361.38	TRIB1	1966	3571	2742	3281	4423	3242
RIPK4_PKc_E1_110.1	RIPK4	2110	2922	2145	2704	2661	2266
PLK4_PKc_E2_96.3	PLK4	180	766	649	356	1042	373
STK33_PKc_E10_76.4	STK33	4193	3383	4499	3856	3826	4920
NEK8_PKc_E3_233.4	NEK8	2828	4877	3929	3576	4695	4862
TNK1_PKc_E7_271.2	TNK1	3554	4293	2571	5124	4259	3921
MAP4K5_PKc_E4_91.1	MAP4K5	3487	3908	4421	5191	5139	3764
MASTL_PKc1_E3_140.4	MASTL	555	348	598	138	571	609
IRAK4_PKc_E6_144	IRAK4	2991	3186	3567	2331	2664	3598
EEF2K_PKc_E4_48	EEF2K	2308	2823	1913	2040	2150	2523
CDK4_PKc_E4_168.12	CDK4	2283	2025	3527	2872	3056	3321
TRPM7_PKc_E37_52.1	TRPM7	4176	3600	3764	4612	2863	3637
TSSK4_PKc_E3_394.12	TSSK4	1261	2264	1636	2049	2778	1879
IRAK4_PKc_E7_65	IRAK4	2698	3422	3692	3706	2789	4063
CDK16_PKc_E6_115.13	CDK16	676	3540	2152	1862	1510	2630
WNK4_PKc_E4_158.14	WNK4	1379	1391	2429	2887	2916	2620
ROCK2_PKc_E5_261.9	ROCK2	2616	2611	2094	3454	2648	2208
ERBB2_PKc_E19_99.8	ERBB2	5287	3847	5456	4315	2280	3048
EPHA4_PKc_E16_150.16	EPHA4	1605	4631	2052	2681	3809	1198
BUB1_PKc_E22_158.8	BUB1	2886	2857	2972	2832	3469	2057
MAP3K5_PKc_E20_135.2	MAP3K5	2768	3324	3718	3338	3288	3562
OBSCN_PKc2_E102_224.21	OBSCN	3434	2054	3594	3205	1815	4255
RPS6KA5_PKc2_E11_134.2	RPS6KA5	2649	1860	2616	2360	2707	3551
PRKACB_PKc_E8_123	PRKACB	2710	3612	3480	4185	3054	5059
RIPK1_PKc_E4_229.14	RIPK1	1425	1596	2589	1867	1516	2833
SLK_PKc_E4_150.6	SLK	1832	2928	2013	2186	2047	2253
IKBKB_PKc_E4_118.23	IKBKB	1841	7142	4433	2494	6371	3525
CDK14_PKc_E6_95.1	CDK14	1986	2067	3514	2985	2310	5585
FER_PKc_E18_155.1	FER	3399	3019	2542	4093	2768	3875
IRAK3_PKc_E6_65	IRAK3	4458	2665	3409	3713	3150	4388
CLK1_PKc_E8_95	CLK1	2633	3810	3332	2714	2417	1516
RPS6KA5_PKc_E3_219.7	RPS6KA5	3242	6022	5251	3209	4616	5165
SGK3_PKc_E11_113.3	SGK3	2545	3375	2952	1445	3433	3286
CDKL5_PKc_E6_121.2	CDKL5	1959	3515	2944	2556	3521	3787
ACVR2A_PKc_E9_139.9	ACVR2A	1326	2380	2548	3185	2250	2782
PAK3_PKc_E10_49	PAK3	3345	3966	3847	2759	4263	2197
MAP4K3_PKc_E4_65.4	MAP4K3	3911	2237	3903	2811	1570	3195
FYN_PKc_E11_77.4	FYN	2811	4244	3644	2143	4674	5080
PDK2_PKc_E5_62.1	PDK2	2182	3585	4694	1747	2944	4900
MAPKAPK2_PKc_E6_76.6	MAPKAPK2	2828	4598	2059	2481	3037	2987
CDK15_PKc_E8_121	CDK15	1703	1816	1720	1970	2080	1503
LMTK3_PKc_E5_42.1	LMTK3	2779	4233	1709	4873	3121	3316
MAPK1_PKc_E5_115	MAPK1	2561	2301	1734	1598	1940	1561
ULK2_PKc_E7_74.2	ULK2	2205	2016	3792	3617	4064	4061
SGK2_PKc_E8_87	SGK2	1654	3120	4698	2023	3353	4747
RAF1_PKc_E10_103.1	RAF1	2804	4095	4430	2534	2855	1818
PSKH2_PKc_E3_108	PSKH2	3606	4758	5115	4002	3270	5207
AURKA_PKc_E7_188.1	AURKA	572	0	281	53	0	113
GCK_PKc_E4_120.4	GCK	4235	5784	3973	2386	4793	3928
CAMKK2_PKc_E4_54	CAMKK2	2735	4156	4932	4070	4692	5037
TNNI3K_PKc_E17_105.2	TNNI3K	3958	2665	5685	3358	2940	4092
MAP3K3_PKc_E17_211.2	MAP3K3	2755	2519	1930	1758	2301	1786
TSSK4_PKc_E1_156.11	TSSK4	3993	2839	3201	4609	2385	4984
MAPK9_PKc_E3_130.3	MAPK9	2054	1322	2060	3257	2824	2785
PRKCD_PKc_E16_139.5	PRKCD	4804	3957	4723	3819	1950	2803
NEK3_PKc_E3_94.5	NEK3	2786	3635	2575	2985	2251	3209
STK32A_PKc_E4_152.7	STK32A	1490	4258	2912	1670	2984	3439
PAK4_PKc_E7_127.12	PAK4	1674	1621	1270	2445	1876	2889
TSSK2_PKc_E1_789.12	TSSK2	2624	2509	3697	4231	2441	3700
TRIO_PKc_E54_50	TRIO	4067	2603	3916	3967	3397	3183
MINK1_PKc_E4_126.7	MINK1	5674	3955	4068	4885	2896	2528
ATM_PKc_E61_64.1	ATM	1902	1609	1392	1283	1924	1273
LTK_PKc_E15_98.15	LTK	3905	5401	2645	4455	3898	3412
MAPKAPK3_PKc_E7_80.1	MAPKAPK3	3462	3480	5870	2367	3091	3687
MAPK8_PKc_E3_130.3	MAPK8	2130	3510	1687	3248	2862	1901
MAP2K2_PKc_E3_147.4	MAP2K2	544	864	120	391	334	659
CSNK1G1_PKc_E3_41	CSNK1G1	2653	2565	3496	5108	3075	4972
PDIK1L_PKc_E2_267.24	PDIK1L	2226	3134	5107	2997	4075	4809
PAK1_PKc_E10_113.1	PAK1	4383	3048	3804	2113	3324	4936
ADCK5_PKc_E10_82.1	ADCK5	3579	2198	4365	2935	3041	3939
RAF1_PKc_E13_47	RAF1	4020	3209	3386	2556	2147	2679
EIF2AK4_PKc2_E14_84.1	EIF2AK4	1934	5007	2225	2946	3434	1378
TBCK_PKc_E5_74.2	TBCK	976	1783	1565	1126	2225	1796
ALK_PKc_E24_98.8	ALK	3293	3584	2711	5583	2878	3815
PNCK_PKc_E7_76.11	PNCK	2465	2771	2725	2424	1842	3467
CIT_PKc_E6_143.9	CIT	2847	2460	1336	3514	2619	2980
ZAK_PKc_E8_87.3	ZAK	2045	2469	2356	1054	876	1886
EPHB3_PKc_E13_150.1	EPHB3	3837	2181	3740	2191	3711	4168
SRPK3_PKc_E7_166.5	SRPK3	3146	3111	1244	3840	2431	2747
STK38_PKc_E7_155.1	STK38	2723	3767	5999	4995	4306	5815
NEK1_PKc_E4_97.3	NEK1	3328	2917	2382	3664	3813	4823
MAP4K5_PKc_E7_48	MAP4K5	2991	2853	2937	2024	4079	3244
EGFR_PKc_E21_156	EGFR	167	2947	480	98	396	829
NTRK3_PKc_E17_244.33	NTRK3	2673	1830	2816	4291	2619	3333
MAST2_PKc_E19_102.15	MAST2	1039	3079	1932	1079	2085	1633
MAPK13_PKc_E4_109.9	MAPK13	3814	4658	4021	3558	3909	5074
LYN_PKc_E8_76.13	LYN	3220	3379	2977	3420	2993	2573
PIM1_PKc_E6_86.6	PIM1	2660	2591	2565	1820	2651	2252
PAK2_PKc_E12_100	PAK2	3260	2649	5822	3390	3665	5394
FER_PKc_E14_27	FER	2045	3109	2886	3011	2853	3214
ROR1_PKc_E9_849.67	ROR1	1519	1526	1184	2277	1466	1251
SNRK_PKc_E4_142	SNRK	4908	5586	3474	7509	2712	3927
KALRN_PKc_E57_26	KALRN	3234	2959	3190	2838	2113	2470
TRPM6_PKc_E38_88.1	TRPM6	2650	3674	2771	4408	2948	4100
CAMK2G_PKc_E6_73.1	CAMK2G	2972	1177	3069	2558	1972	3282
HIPK3_PKc_E2_512.3	HIPK3	1709	2198	1121	2629	3255	2405
PRKCE_PKc_E12_139.1	PRKCE	3450	3082	4740	5086	3600	4098
DYRK3_PKc_E3_1140.22	DYRK3	4199	1947	2300	4426	1620	3302
CAMKK2_PKc_E7_37.3	CAMKK2	4253	3081	2016	4823	1409	971
PLK2_PKc_E6_96.4	PLK2	1419	1807	2410	2055	1912	2082
CSF1R_PKc_E17_98.1	CSF1R	2753	2883	2309	3539	2014	3294
MELK_PKc_E6_69	MELK	4332	3216	2506	3432	3599	2442
MAPK7_PKc_E2_88.7	MAPK7	2196	2202	2026	2738	1819	4343
MAST3_PKc_E15_133.2	MAST3	3345	3432	1611	3820	3501	2941
CDK18_PKc_E10_121.12	CDK18	2090	3639	2747	2621	2390	3104
RIOK1_PKc_E8_81.1	RIOK1	0	211	0	88	414	87
EPHB1_PKc_E11_248.3	EPHB1	5981	2743	3502	5681	4584	2500
EPHB2_PKc_E10_43.2	EPHB2	5087	3838	3461	6008	3179	2786
PAK1_PKc_E13_197.8	PAK1	3649	3357	5153	3274	2191	7730
RPS6KA5_PKc2_E13_171.6	RPS6KA5	1216	2696	2667	1948	2448	2943
PRKG1_PKc_E11_140	PRKG1	3655	2082	3485	3382	3012	3748
LRRK2_PKc_E40_191.4	LRRK2	1823	4174	1964	3016	3991	3060
RIPK1_PKc_E1_101.1	RIPK1	2900	3788	2957	3446	3554	3774
MOS_PKc_E1_849.127	MOS	2366	3843	3469	1690	3737	3734
CIT_PKc_E8_204	CIT	2304	1309	2301	2172	2068	2753
NEK5_PKc_E8_87	NEK5	3279	3887	4106	2562	3288	3227
MAP3K13_PKc_E6_159.2	MAP3K13	884	1386	1304	989	2125	2049
neg27	CONTROL	3794	2783	3533	4157	3739	3548
EPHA8_PKc_E13_210.35	EPHA8	3813	2570	2512	2993	4457	2328
TRPM7_PKc_E35_83	TRPM7	920	501	1281	1727	1145	1036
RIPK4_PKc_E6_38	RIPK4	1705	3291	2744	1828	2506	3643
BMPR1B_PKc_E7_187.4	BMPR1B	986	2385	2306	1533	3080	1854
MUSK_PKc_E13_74.3	MUSK	1160	2506	2703	2527	2476	2045
STK11_PKc_E1_146.16	STK11	1026	1560	1233	2620	3553	1581
MYLK4_PKc_E5_94.2	MYLK4	4234	2935	4590	5337	3467	3418
ZAK_PKc_E3_88.1	ZAK	2951	3055	4445	4774	3026	2565
VRK2_PKc_E7_93.1	VRK2	3089	3017	2274	2482	3241	2950
TAOK2_PKc_E5_46	TAOK2	3029	1879	2315	4915	2480	2571
MYLK2_PKc_E9_71.2	MYLK2	1465	1609	2871	2595	2192	2447
GCK_PKc_E2_163.12	GCK	1269	2308	2551	2438	2920	2648
CDC7_PKc_E3_34	CDC7	523	0	433	565	689	933
CDKL4_PKc_E1_165.9	CDKL4	2644	2273	3349	2178	3068	3843
RPS6KL1_PKc_E7_606.2	RPS6KL1	3217	2771	3548	1773	2457	3844
ACVR2A_PKc_E8_115.6	ACVR2A	3200	1634	1417	3076	2647	2547
PCNA_e3.2	PCNA	71	0	129	105	131	315
CDK9_PKc_E7_192.9	CDK9	1642	3235	4209	3638	3076	3823
FGFR2_PKc_E12_111.5	FGFR2	2655	1079	2236	2147	2636	1760
ADCK4_PKc_E9_82.4	ADCK4	2457	2058	2713	4687	3639	3281
ABL1_PKc_E7_185.15	ABL1	2705	3527	4705	1949	5017	4234
MUSK_PKc_E14_149.4	MUSK	689	2882	2728	2115	1719	2937
SIK2_PKc_E1_81.1	SIK2	2056	2934	3992	3909	4360	2189
CHUK_PKc_E6_90.5	CHUK	2461	3175	2951	4434	2320	3731
EPHB6_PKc_E11_43.3	EPHB6	7303	3656	3021	4320	3720	2555
MAP2K7_PKc_E9_81.3	MAP2K7	2124	1774	2037	2826	1408	1162
LTK_PKc_E16_93.11	LTK	5138	5468	3267	4216	4611	2951
STK10_PKc_E2_165.13	STK10	1473	2582	1773	2153	1894	1872
ZAP70_PKc_E9_86.5	ZAP70	2013	923	2651	1487	2726	1622
IRAK1_PKc_E8_119.2	IRAK1	6797	2885	5680	7091	4008	5068
RIPK2_PKc_E2_154.5	RIPK2	1705	1826	2515	2482	2004	3302
MAP2K6_PKc_E5_120.1	MAP2K6	3663	2734	4063	3575	2396	4174
RPS6KB1_PKc_E3_42.1	RPS6KB1	1219	1687	977	1507	2297	1916
EPHA6_PKc_E11_186.1	EPHA6	3241	3078	3735	2823	3712	5637
CDK4_PKc_E5_110.4	CDK4	4713	3060	1917	5149	2454	2582
EIF2AK1_PKc_E8_61.1	EIF2AK1	3683	4236	3576	4523	3012	5404
MERTK_PKc_E15_119.9	MERTK	1400	3160	2018	758	3659	1268
CSNK1E_PKc_E2_55.4	CSNK1E	1058	2574	2263	1598	2520	2941
TGFBR2_PKc_E8_102.12	TGFBR2	6768	1713	3987	5107	2658	3053
CDKL5_PKc_E3_35	CDKL5	3081	2619	3786	3874	3457	2553
ULK2_PKc_E6_174.7	ULK2	1338	1252	3169	3073	2114	2639
LCK_PKc_E10_77.5	LCK	2417	1924	4321	2527	2663	2864
SGK494_PKc_E6_105.2	SGK494	3259	2424	4499	2209	3124	3819
UHMK1_PKc_E3_192.2	UHMK1	1833	2714	1300	2509	1942	1844
JAK3_PKc2_E18_140.11	JAK3	3591	1472	2038	2381	854	2587
LIMK1_PKc_E11_60.2	LIMK1	2327	2541	3202	2358	3287	5327
CDK20_PKc_E2_114.2	CDK20	3131	3690	2737	2966	3785	1902
TXK_PKc_E12_65	TXK	2817	2929	1907	1750	2657	4852
JAK2_PKc_E15_128.4	JAK2	4884	3425	2240	4026	3727	3571
FGR_PKc_E10_77.7	FGR	4113	4661	4288	2806	2892	4643
TEX14_PKc_E9_124.2	TEX14	1441	3446	2003	1914	2738	2290
GUCY2D_PKc_E7_63.1	GUCY2D	5398	2408	3891	7933	3676	1892
MARK2_PKc_E2_81.9	MARK2	2601	5004	2013	3031	4985	4385
MAPKAPK3_PKc_E8_124.1	MAPKAPK3	3002	2805	2642	2023	1353	2946
PDPK1_PKc_E2_48.1	PDPK1	1199	3073	3197	3039	2798	2805
MYLK4_PKc_E8_71.4	MYLK4	1939	2137	2687	2472	2416	1500
STK35_PKc_E3_695.12	STK35	6886	4437	3430	5313	3333	2452
NTRK2_PKc_E17_123.4	NTRK2	3561	3378	2540	4783	2219	3008
MELK_PKc_E3_86	MELK	2263	4195	2446	2181	3408	1989
PHKG1_PKc_E3_179.3	PHKG1	3945	1737	2949	2556	2009	1586
TSSK4_PKc_E4_75.6	TSSK4	3347	2562	2366	2170	3394	3084
SRPK3_PKc_E9_133.19	SRPK3	4142	6543	1949	2100	3423	1712
FGFR2_PKc_E10_74.6	FGFR2	3135	2092	2273	3621	1534	2021
MKNK2_PKc_E9_56.2	MKNK2	4283	2875	1423	1463	3242	3118
CDKL5_PKc_E7_60	CDKL5	2466	4484	3357	3317	3451	2797
CDK20_PKc_E5_63.6	CDK20	4314	2304	1841	4153	1603	2494
SCYL2_PKc_E3_158.2	SCYL2	1556	3365	1608	1484	2558	1637
DDR1_PKc_E16_150.1	DDR1	1678	998	3025	2038	1683	3143
SBK1_PKc_E4_522.11	SBK1	1265	2456	2073	1964	1762	1728
CDC42BPG_PKc_E3_84.3	CDC42BPG	2041	1845	1861	870	2121	2294
PINK1_PKc_E3_101.11	PINK1	2864	2073	2714	4245	2697	3288
CSF1R_PKc_E15_163.13	CSF1R	3619	2067	2409	4450	2471	3962
MAPKAPK2_PKc_E5_127.3	MAPKAPK2	2662	4396	2492	2172	2515	1633
EPHB4_PKc_E11_43.2	EPHB4	3467	2744	2046	2610	2535	3239
PLK1_PKc_E3_145.19	PLK1	623	1503	688	638	1230	448
AKT2_PKc_E8_69.8	AKT2	6070	3290	1770	4636	2330	2738
KDR_PKc_E18_105.7	KDR	4357	1215	2585	2827	1880	3006
neg04	CONTROL	2573	4751	2046	2432	2641	3182
neg40	CONTROL	4086	3219	3748	2819	2798	4645
SMG1_PKc_E42_249.7	SMG1	440	673	135	419	231	290
TTN_PKc_E358_736.3	TTN	2182	2484	3255	3782	3529	3865
RIPK1_PKc_E3_138.6	RIPK1	1159	2389	1483	1387	1896	1883
PDGFRA_PKc_E14_111.9	PDGFRA	2000	3427	4964	2111	2647	2863
ACVR1B_PKc_E7_157.5	ACVR1B	1351	1240	1991	2498	2018	1270
DDR2_PKc_E16_192.4	DDR2	2754	1652	1645	4120	2467	2100
CAMK2G_PKc_E4_55.3	CAMK2G	1348	3214	2707	913	3306	2817
MARK1_PKc_E2_81.6	MARK1	1458	2462	4847	3375	3021	5213
ROCK1_PKc_E1_90.5	ROCK1	4049	2648	2061	3675	1738	2909
MYLK2_PKc_E10_129.17	MYLK2	1958	2121	2516	1826	2566	3280
GCK_PKc_E7_184.12	GCK	2263	2849	1917	1513	2490	2870
VRK2_PKc_E10_59.1	VRK2	2258	2447	2966	1909	2498	4721
RIPK1_PKc_E1_101.8	RIPK1	3070	2987	3205	2438	1008	3017
CDK3_PKc_E2_116.4	CDK3	1386	872	1158	849	927	873
GCK_PKc_E3_155.17	GCK	3311	4375	3649	4002	3322	2458
CAMKK1_PKc_E9_89.4	CAMKK1	3063	1763	3689	2974	2129	5039
PKN1_PKc_E18_77.6	PKN1	2610	1803	3168	4879	2680	2218
NEK5_PKc_E5_98	NEK5	1474	1960	1126	1558	2594	2391
AK3_PKc_E2_120.3	AK3	1959	1822	1617	1531	1854	1816
PRKCI_PKc_E9_177.5	PRKCI	2570	3398	1718	1544	1905	1756
KIAA1804_PKc_E4_68.2	KIAA1804	1938	3883	3520	2756	3063	3395
RPL9_e3.2	RPL9	422	1524	1111	354	916	754
TTK_PKc_E19_177.8	TTK	454	357	426	538	330	165
DYRK4_PKc_E6_141.7	DYRK4	2891	2497	2503	3404	2964	2651
TYK2_PKc_E16_136.3	TYK2	3487	2783	1309	4430	2224	3762
CAMK2A_PKc_E4_55.3	CAMK2A	3356	3036	4399	2139	3398	3013
RPS6KA3_PKc_E3_42.4	RPS6KA3	5761	4300	3895	5267	3544	3886
PRKCE_PKc_E9_42.1	PRKCE	3286	3074	2002	3795	1702	1976
CDC42BPA_PKc_E6_94.3	CDC42BPA	2709	3508	3111	2151	3168	2796
MAPK6_PKc_E5_200.9	MAPK6	2873	3885	2504	2774	4103	3094
ABL1_PKc_E5_85	ABL1	1886	1944	1100	1713	2567	2354
TESK2_PKc_E6_83.2	TESK2	1980	2460	3835	2907	3247	3570
PLK1_PKc_E4_94.3	PLK1	798	1883	1886	710	623	810
neg45	CONTROL	1740	2233	1790	2113	1150	1924
ERBB4_PKc_E21_156.2	ERBB4	2169	2798	2019	3535	1949	2028
MAP4K1_PKc_E1_54.5	MAP4K1	1827	3557	2428	919	3371	2022
KSR1_PKc_E21_111.4	KSR1	1543	2017	3607	959	2470	4660
RIOK3_PKc_E7_128.4	RIOK3	1834	2342	1101	1786	1376	1138
CIT_PKc_E7_94	CIT	1060	1024	2017	1581	838	2216
MKNK1_PKc_E6_74.1	MKNK1	2569	2499	3538	3139	3279	3827
SIK2_PKc_E3_64.2	SIK2	3048	2999	2415	3695	2658	2373
JAK1_PKc_E15_128.13	JAK1	2759	2864	2464	3653	2707	2325
EIF2AK1_PKc_E9_328.3	EIF2AK1	3260	2725	2457	4148	3083	2918
NEK3_PKc_E7_87.6	NEK3	1563	2551	1757	2252	2220	1978
CLK1_PKc_E9_130.1	CLK1	3099	1436	3720	1911	2671	2951
IRAK1_PKc_E6_65.2	IRAK1	1997	2056	1510	1690	1583	3650
CDK20_PKc_E4_122.2	CDK20	1726	2394	2426	2425	3768	3435
ULK3_PKc_E1_63.4	ULK3	3102	2799	1854	3245	2504	2564
PSKH2_PKc_E3_108.12	PSKH2	4521	4055	1559	2031	2611	1982
PRKAA1_PKc_E1_58.5	PRKAA1	1457	642	2345	856	1167	1985
RPS6KB2_PKc_E3_42	RPS6KB2	3281	1446	2749	2551	1826	2358
SMG1_PKc_E41_230.18	SMG1	158	500	1102	47	657	257
MAP2K7_PKc_E5_114.12	MAP2K7	2065	765	1483	1656	850	1577
LRRK2_PKc_E41_161.2	LRRK2	2776	3660	2567	2694	2798	3139
ROS1_PKc_E39_98	ROS1	1449	2096	2192	1039	2627	2115
MAP2K1_PKc_E7_202.7	MAP2K1	2116	2285	2002	2571	2446	1812
NTRK1_PKc_E13_123.9	NTRK1	1312	2127	1705	1089	1653	2147
PAK7_PKc_E9_126.4	PAK7	1640	3829	1983	1861	3148	1988
STK38_PKc_E6_124.9	STK38	1034	3701	3093	1325	5333	2242
CLK3_PKc_E4_43.1	CLK3	1352	4071	4162	2990	3300	3449
MAP4K1_PKc_E4_65.2	MAP4K1	1530	1782	2673	1494	1469	1885
TYK2_PKc2_E21_119.1	TYK2	3137	1933	4494	3842	2239	4077
OXSR1_PKc_E7_102.3	OXSR1	2291	2195	1944	2242	2788	3011
NRK_PKc_E8_131.1	NRK	2680	1999	1129	1987	1047	1653
GSK3B_PKc_E7_98.9	GSK3B	733	749	1582	1283	1063	956
MAK_PKc_E2_92.4	MAK	2101	2202	1855	4487	2517	2154
CDK11A_PKc_E13_122.13	CDK11A	1745	3596	2301	2026	3985	4182
SRC_PKc_E13_132.14	SRC	3746	1289	2055	3590	1733	1966
KALRN_PKc_E58_201	KALRN	2200	2146	2411	3450	2149	1069
NEK4_PKc_E5_117.1	NEK4	3199	5421	2317	2026	2903	2905
neg19	CONTROL	3735	1993	2843	3461	1920	2831
MARK1_PKc_E6_71.2	MARK1	692	1982	1143	1235	2580	1892
MAP4K4_PKc_E1_36	MAP4K4	3800	3053	6221	3232	2735	4052
EPHB3_PKc_E11_248.16	EPHB3	2281	2490	1644	1867	2676	2705
TSSK6_PKc_E1_771.44	TSSK6	2506	2403	3054	4462	3414	2893
MAPK3_PKc_E5_115	MAPK3	1819	2276	2367	652	1560	1417
MAP4K3_PKc_E5_56	MAP4K3	1842	2639	2952	3881	3133	2944
PRKDC_PKc_E79_221.1	PRKDC	1007	323	436	793	337	399
JAK2_PKc_E17_152.15	JAK2	1595	1836	2963	1694	2405	3172
NRBP1_PKc_E2_33.1	NRBP1	0	598	565	581	1199	671
MAPK1_PKc_E2_183.3	MAPK1	1676	1544	1793	1454	1943	1417
MAP3K1_PKc_E15_96.4	MAP3K1	2509	4533	2035	4350	690	2877
PAK7_PKc_E7_134.9	PAK7	3237	2013	3015	2965	3066	2664
PRKY_PKc_E2_169.9	PRKY	3658	4021	2501	2510	3930	3857
RPS6KB1_PKc_E8_91.1	RPS6KB1	1182	462	817	876	1556	1198
FES_PKc_E13_27	FES	3424	1971	1908	3240	2765	2953
CLK4_PKc_E7_167.8	CLK4	4880	2883	1457	4117	4002	3484
ZAP70_PKc_E12_141.17	ZAP70	2311	1078	2818	2526	1745	2201
PRPF4B_PKc_E9_119.4	PRPF4B	1900	918	1098	970	623	571
ICK_PKc_E7_133.9	ICK	2037	4049	1604	2269	2771	2059
CDK12_PKc_E4_94.7	CDK12	305	665	761	224	933	2070
PRKY_PKc_E2_169.3	PRKY	4647	4197	5208	4124	4087	6450
SCYL2_PKc_E2_84	SCYL2	1360	3486	1523	734	2906	1947
MAP2K3_PKc_E8_128.12	MAP2K3	2241	1973	3438	3083	1803	2561
OBSCN_PKc2_E101_240.9	OBSCN	1494	2617	1809	1399	2183	1589
PHKG1_PKc_E5_96.16	PHKG1	2282	3468	2302	2611	3343	2939
DYRK1A_PKc_E9_213.21	DYRK1A	1438	928	1104	1196	778	731
MAP3K5_PKc_E16_128.5	MAP3K5	1940	2680	1538	3407	3076	2743
CDK6_PKc_E7_136.3	CDK6	2681	2605	3466	2247	2413	3196
PRKCD_PKc_E17_189.1	PRKCD	2767	2150	2315	3112	3104	2143
CASK_PKc_E5_73	CASK	3210	3525	4101	3441	2526	3420
STK33_PKc_E8_89	STK33	4262	3379	3914	3470	5344	4640
KSR2_PKc_E16_134.1	KSR2	1903	2285	2400	2673	2344	2594
DCLK1_PKc_E10_120.4	DCLK1	596	1471	2438	1190	2001	2323
PAK4_PKc_E6_134.18	PAK4	2842	445	2662	3052	1589	2673
MOK_PKc_E2_113.1	MOK	3137	3509	2300	2736	2356	3177
INSRR_PKc_E20_130.3	INSRR	1242	1211	1603	1926	1627	2175
FLT3_PKc_E18_83.1	FLT3	2259	1999	3204	3300	1311	2775
STK25_PKc_E7_186.24	STK25	3588	3197	3553	5219	3842	3648
LIMK2_PKc_E8_87.3	LIMK2	3432	1693	4411	2357	1341	3390
PASK_PKc_E16_134.9	PASK	2293	3124	4158	3278	3144	3737
IRAK4_PKc_E9_110	IRAK4	1914	3633	2477	1755	2105	3318
ROR1_PKc_E9_849.29	ROR1	1850	3076	3667	2395	1634	3737
SBK3_PKc_E3_203.12	SBK3	1126	3829	3247	1884	3228	2592
CAMK1_PKc_E6_127.1	CAMK1	5354	2223	2567	4758	2176	3160
IKBKB_PKc_E7_90.7	IKBKB	2888	2456	3306	4222	2436	2033
TBCK_PKc_E7_61.1	TBCK	4386	1745	2001	2557	1457	3361
CDKL3_PKc_E4_179.6	CDKL3	715	2879	1334	932	2457	2253
RPS6KA3_PKc_E4_82.4	RPS6KA3	1650	2225	1559	1473	2062	2082
PKN3_PKc_E19_143.19	PKN3	3143	1590	3503	3299	2729	2493
STK3_PKc_E7_165.7	STK3	3504	2558	976	2950	1647	2271
PRKCZ_PKc_E10_98.3	PRKCZ	2860	3384	1607	2718	3099	1937
PKN2_PKc_E16_177.5	PKN2	169	280	292	405	681	429
neg30	CONTROL	5003	2902	2957	5123	2957	4739
FRK_PKc_E8_176.6	FRK	2287	1269	4410	2500	2769	4190
CDK3_PKc_E4_121	CDK3	908	2760	1428	2090	1513	1779
MAP3K5_PKc_E19_158.19	MAP3K5	2900	2533	2650	5316	3158	2797
LMTK3_PKc_E7_88.3	LMTK3	1712	1764	2023	868	2196	2333
MAST1_PKc_E13_139.1	MAST1	2293	1348	2536	2373	1842	1264
RPS6KB1_PKc_E9_91.7	RPS6KB1	1226	518	1050	852	1191	1104
TNIK_PKc_E3_57.2	TNIK	784	3411	1729	953	2413	2352
CDC7_PKc_E4_136.1	CDC7	556	196	716	386	757	871
CDKL3_PKc_E2_162.7	CDKL3	6403	3326	2176	5974	3125	3976
NTRK2_PKc_E21_174.13	NTRK2	1539	2292	3076	2691	2592	2548
PRPF4B_PKc_E10_138.1	PRPF4B	0	240	353	0	99	180
MAPK12_PKc_E4_112.3	MAPK12	2698	1997	3373	2357	2418	1808
EIF2AK4_PKc2_E16_105.6	EIF2AK4	1200	2705	5314	5023	2555	4713
MAP2K4_PKc_E8_78	MAP2K4	2781	2875	2503	3918	3609	3626
CDK10_PKc_E4_103.11	CDK10	2138	1584	1536	2510	1252	2964
PIM3_PKc_E4_370.28	PIM3	1611	2736	1621	2394	1824	2255
STK38_PKc_E4_48.2	STK38	2979	4156	3324	1734	2064	4719
CDK2_PKc_E5_102.12	CDK2	215	123	271	199	270	78
PRKAA1_PKc_E5_145.2	PRKAA1	4336	3786	2562	4219	3006	4723
PRKCB_PKc_E9_45.1	PRKCB	2402	4272	3321	2804	3244	3707
ILK_PKc_E12_131.6	ILK	1131	717	420	401	166	678
PAK1_PKc_E9_49	PAK1	2594	1940	3116	2325	2938	1688
NPR2_PKc_E14_156.4	NPR2	1531	2233	2509	2571	1923	1646
CDC42BPG_PKc_E4_96.3	CDC42BPG	2094	2103	1522	2502	2125	1391
EIF2AK4_PKc_E8_123.3	EIF2AK4	2886	2210	2227	2433	1043	3764
SRPK3_PKc_E3_98.1	SRPK3	3231	1869	4230	2517	2500	3288
NEK8_PKc_E1_41.4	NEK8	1556	2051	2892	2042	2065	2624
HIPK2_PKc_E6_177.13	HIPK2	2620	2875	1533	2088	2293	2261
PRKCA_PKc_E13_139.7	PRKCA	3770	4520	2238	2900	2501	3741
RPS6KA1_PKc_E6_80.9	RPS6KA1	1503	1574	1172	1685	692	1962
MAPK7_PKc_E4_754.43	MAPK7	3814	4207	2588	2315	3418	2291
CAMK4_PKc_E6_91.4	CAMK4	2217	2728	2261	2450	2296	2277
SGK3_PKc_E10_132.1	SGK3	3224	3235	2850	2524	4089	3179
SCYL3_PKc_E4_114.1	SCYL3	2766	2781	2397	1794	2699	1657
TESK2_PKc_E8_84.3	TESK2	1564	2645	1615	1203	2242	2035
PLK4_PKc_E3_96.6	PLK4	1790	3036	4724	1704	2739	1779
KSR2_PKc_E19_90.3	KSR2	2321	2213	4445	2280	1607	3968
JAK3_PKc2_E23_111.18	JAK3	3240	2798	3647	2840	1258	4257
EPHA5_PKc_E15_150.7	EPHA5	1651	3121	2323	1767	2924	3063
CAMKK2_PKc_E3_36	CAMKK2	2451	1620	2020	2607	2039	2347
ADRBK2_PKc_E11_131.8	ADRBK2	1640	1922	2322	2418	2070	1736
RYK_PKc_E9_87.1	RYK	1575	3548	3704	2313	2162	3278
CSNK1A1_PKc_E2_107.7	CSNK1A1	1173	318	565	644	701	1222
TYK2_PKc_E13_186.34	TYK2	3167	2573	1865	2313	1522	3554
AK2_PKc_E6_159	AK2	1676	2345	1817	2927	2259	2074
RPS6KA1_PKc_E5_81	RPS6KA1	1578	2129	4209	690	1761	3174
NEK11_PKc_E7_127.7	NEK11	1115	807	2277	1643	1859	2044
PRKACA_PKc_E7_96.1	PRKACA	1412	3305	1348	2388	2540	1914
OXSR1_PKc_E2_113.8	OXSR1	3057	1956	3699	4538	2913	3354
EGFR_PKc_E18_75.5	EGFR	0	377	55	164	611	300
CDK4_PKc_E2_206.14	CDK4	2139	1555	2137	2879	2702	1753
TGFBR2_PKc_E7_128.5	TGFBR2	2404	2625	3879	2440	2222	4622
TRPM6_PKc_E35_83.1	TRPM6	1960	1236	3491	1766	2306	3233
STK17B_PKc_E4_145.4	STK17B	3171	3073	2712	2769	3376	3472
MAP4K4_PKc_E6_91.2	MAP4K4	2330	1887	2855	2960	3327	3326
EPHB1_PKc_E14_150.11	EPHB1	1300	2791	1748	1478	2709	1434
PSKH1_PKc_E2_672.3	PSKH1	1992	1726	2713	2362	2481	2854
NRK_PKc_E2_66.2	NRK	2907	2687	2567	2607	4055	2899
PDK2_PKc_E1_34.4	PDK2	1273	4040	1477	1415	1952	4401
PAK3_PKc_E12_118.1	PAK3	4290	3775	2005	3066	3143	2606
RPS6KA5_PKc2_E12_94.4	RPS6KA5	967	1997	1964	1262	2015	3527
CDK11A_PKc_E18_149.14	CDK11A	2668	3261	3042	3361	2292	4248
TXK_PKc_E13_119.8	TXK	2547	2600	3812	2805	3208	2896
TBCK_PKc_E4_115.7	TBCK	1756	2413	2728	1267	2352	1968
PNCK_PKc_E6_124.8	PNCK	2058	2350	4006	2106	2178	3053
CAMK1D_PKc_E2_132.3	CAMK1D	3957	3431	1605	3633	2573	2401
MYO3B_PKc_E5_100.7	MYO3B	2656	3611	5244	3229	3285	4028
PRKCB_PKc_E7_135.4	PRKCB	967	1491	570	448	2070	2082
MUSK_PKc_E15_647.2	MUSK	2455	2983	2310	3901	2211	2217
CDK9_PKc_E6_149.13	CDK9	420	46	641	815	477	599
RPS6KA3_PKc2_E16_90.2	RPS6KA3	1903	1589	1849	1284	661	1585
STK32B_PKc_E8_117.15	STK32B	1708	3382	2302	1771	2389	2268
EPHB1_PKc_E10_43.1	EPHB1	2723	3014	2379	2355	2724	3120
NLK_PKc_E7_102.5	NLK	2006	1509	2226	3322	1885	2211
AKT1_PKc_E9_126.3	AKT1	941	2382	876	871	1739	1685
RPS6KA4_PKc2_E10_129.2	RPS6KA4	3226	5066	2348	4630	1954	3346
AKT3_PKc_E7_69.7	AKT3	3288	2861	4207	2253	3034	4674
PTK7_PKc_E18_152.4	PTK7	2767	425	2523	1808	2663	2482
PLK3_PKc_E4_130.12	PLK3	1164	1834	2644	1051	1727	2836
ROR2_PKc_E9_852.88	ROR2	2645	3142	1929	1995	1851	2544
TRPM7_PKc_E36_206.12	TRPM7	1013	1094	1271	962	487	883
WNK2_PKc_E3_221.1	WNK2	1623	1177	3903	2065	2826	4945
DMPK_PKc_E5_94.11	DMPK	3199	3936	2400	2437	3128	2262
ADCK4_PKc_E13_66.2	ADCK4	3250	3705	3207	2643	3245	5181
BMPR2_PKc_E7_115.6	BMPR2	2213	1929	2243	2542	2889	2724
RNASEL_PKc_E4_195.22	RNASEL	1031	1254	2829	2146	2829	2823
ACVR1B_PKc_E4_193.4	ACVR1B	954	2150	1385	1996	2443	2465
SPEG_PKc2_E30_1975.217	SPEG	3909	2766	4349	5155	2976	3797
TAOK2_PKc_E7_114.8	TAOK2	1001	2125	1331	1992	1874	1686
CAMKK1_PKc_E7_37	CAMKK1	2761	2072	3330	2523	3465	5614
TTBK1_PKc_E3_148.2	TTBK1	1172	2937	1892	1070	1936	2232
FER_PKc_E16_95.3	FER	3281	1684	1935	2703	1354	2538
TXK_PKc_E10_161.16	TXK	1161	2607	2165	2509	1424	2163
MAST1_PKc_E15_166.27	MAST1	1028	3314	2993	1686	1363	2135
FES_PKc_E14_119.13	FES	2448	2531	999	2487	2287	1535
TRIO_PKc_E56_139.3	TRIO	3479	1687	2875	3233	2287	3146
STK31_PKc_E21_150.8	STK31	1152	1328	1923	2325	1522	3737
PRKAA1_PKc_E3_94.7	PRKAA1	2306	1090	3935	1256	2162	3392
FYN_PKc_E12_154.5	FYN	2568	2011	2583	1669	2471	4461
OBSCN_PKc_E87_61.1	OBSCN	2763	1970	2949	2499	1768	2279
BUB1B_PKc_E20_143.5	BUB1B	454	1317	2323	1192	1829	2115
PAK3_PKc_E14_197.8	PAK3	1627	2502	1451	1658	2020	1972
ATR_PKc_E46_46.1	ATR	663	769	981	930	417	991
CAMK1_PKc_E4_75.9	CAMK1	3256	1095	2954	3591	1426	2487
PRKCD_PKc_E15_63	PRKCD	2986	2106	1204	2788	2295	1987
PRKCA_PKc_E9_75.1	PRKCA	3185	1345	2468	2142	1844	2416
PDK3_PKc_E2_142.11	PDK3	2688	4002	1619	3044	2044	2398
ACVR2A_PKc_E10_131.1	ACVR2A	1234	1327	1623	1454	2059	1372
WEE2_PKc_E5_122.8	WEE2	2831	3069	3552	3323	2989	3894
SLK_PKc_E6_195.7	SLK	1024	1770	2529	997	2208	4381
SYK_PKc_E11_190.1	SYK	1967	3667	3631	1894	1506	2558
TLK1_PKc_E18_136.6	TLK1	3574	1514	2387	2313	1200	1257
PRKY_PKc_E5_96.2	PRKY	1761	2324	1904	2008	1641	4076
EPHA3_PKc_E14_150.14	EPHA3	2377	2428	2971	1952	3144	2123
TRIB3_PKc_E4_361.35	TRIB3	1238	3580	4529	1558	2413	3226
SIK3_PKc_E2_117.3	SIK3	631	2895	1547	1230	3267	1140
MAPK6_PKc_E2_516.1	MAPK6	2581	2595	1782	2838	2401	1904
HIPK4_PKc_E1_435.67	HIPK4	1531	1879	1664	1747	2720	1883
HIPK1_PKc_E2_557.19	HIPK1	802	301	1052	1545	997	2216
RPS6KA4_PKc_E4_116.4	RPS6KA4	1780	1643	2224	1860	1846	2687
TGFBR2_PKc_E6_142.7	TGFBR2	3463	2522	2680	3395	1455	2717
AURKA_PKc_E9_149.6	AURKA	2346	2385	2273	3501	2915	3379
CAMK2B_PKc_E1_32	CAMK2B	1353	2619	1874	2094	2847	2895
RIOK2_PKc_E2_139.6	RIOK2	636	713	1807	560	555	627
TRRAP_PKc_E70_204.18	TRRAP	0	0	45	0	129	190
EPHA3_PKc_E11_186.8	EPHA3	1665	1768	1760	1555	1977	2674
MAP3K2_PKc_E12_138.13	MAP3K2	813	2839	2589	1537	1490	2666
FGFR4_PKc_E11_122.18	FGFR4	1643	3513	2478	2374	2715	2412
MAP4K5_PKc_E5_65.2	MAP4K5	1454	3945	2394	1711	1254	1659
MAP2K3_PKc_E7_52	MAP2K3	505	2319	1573	1055	2272	2364
TTBK2_PKc_E7_66.3	TTBK2	6293	4629	8175	3942	4508	5202
TAOK1_PKc_E7_114.6	TAOK1	4581	2755	2470	5001	2105	2033
PBK_PKc_E6_130.3	PBK	2281	1769	1650	2682	1724	1442
MET_PKc_E18_110.2	MET	1584	1186	2901	482	2027	3122
WEE1_PKc_E7_96.4	WEE1	349	498	328	43	178	0
EGFR_PKc_E20_186.28	EGFR	255	169	791	484	257	40
FLT1_PKc_E22_98	FLT1	1729	1662	1703	1369	3735	2133
ACVR1C_PKc_E7_125.7	ACVR1C	2114	2069	3303	3416	2445	3440
NTRK3_PKc_E18_42.1	NTRK3	2882	1111	1861	2387	2968	2926
PRKCD_PKc_E12_42.4	PRKCD	2336	2879	2752	3181	1909	2913
PRKCH_PKc_E8_42	PRKCH	4539	3836	2619	2336	3086	3481
STK10_PKc_E5_73	STK10	1881	3743	2456	2066	2571	2122
PAK4_PKc_E8_126.5	PAK4	1223	2137	1773	1771	1120	1844
PRKCB_PKc_E8_46.2	PRKCB	3823	2377	4861	2747	1774	3655
ANKK1_PKc_E1_113.4	ANKK1	2895	1608	781	2067	1464	2463
NEK1_PKc_E3_111.2	NEK1	1522	1765	2547	1948	2316	3276
EPHA4_PKc_E13_62.3	EPHA4	1102	1026	1208	863	1403	2272
STK32A_PKc_E7_90.4	STK32A	1980	1706	2275	2215	2005	1742
ROCK1_PKc_E2_82	ROCK1	1302	3547	2192	2249	4183	3357
BMPR1A_PKc_E13_99.3	BMPR1A	3360	2171	3459	2943	2618	5055
MAP4K3_PKc_E3_91	MAP4K3	1929	1399	1695	2391	2966	2024
CDK13_PKc_E7_57	CDK13	560	572	786	770	705	573
TESK1_PKc_E5_83	TESK1	3641	2525	3296	2913	3489	5326
SRC_PKc_E9_82.15	SRC	2393	4174	2622	1921	2148	1822
RPS6KA2_PKc_E7_38	RPS6KA2	2172	1126	2325	1750	1054	2763
STKLD1_PKc_E2_87	STKLD1	1033	2490	1575	1096	2896	2720
INSRR_PKc_E22_82.7	INSRR	2816	3188	1521	1837	1536	2079
SPEG_PKc1_E22_201.6	SPEG	2791	2099	3251	3944	2201	2071
BMPR1B_PKc_E9_176	BMPR1B	1565	1931	1741	1077	913	2083
MYO3B_PKc_E2_177.13	MYO3B	1361	2123	2507	2030	2015	2998
CIT_PKc_E5_102.1	CIT	2243	1619	1734	1690	1258	1541
LIMK2_PKc_E11_66.3	LIMK2	2470	2420	1937	2786	1656	4813
TEX14_PKc_E7_149.6	TEX14	2597	1679	4713	2041	1451	2754
FGR_PKc_E12_132.2	FGR	3258	1766	3988	3307	1598	3131
ATM_PKc_E62_36	ATM	672	1568	1083	447	1885	1612
ROR2_PKc_E9_852.54	ROR2	2102	1364	3234	2078	3285	4330
PKN3_PKc_E17_63	PKN3	2419	3143	1612	1871	3370	1682
BUB1_PKc_E20_108.7	BUB1	3043	1053	2416	3494	2042	2677
ADRBK2_PKc_E12_95.1	ADRBK2	4342	2525	3084	2687	2355	2894
TNK2_PKc_E4_81.1	TNK2	1885	2709	3471	615	2840	2851
MAP3K10_PKc_E3_149.5	MAP3K10	2947	2861	2823	2549	4921	3754
STYK1_PKc_E8_209.8	STYK1	1652	1598	1878	2090	1535	2242
PINK1_PKc_E5_164.22	PINK1	2233	3884	3469	2351	1986	2480
MAP2K4_PKc_E4_120.2	MAP2K4	4409	4963	2337	4334	3603	2723
DAPK1_PKc_E6_49.3	DAPK1	1534	1870	1363	1777	950	644
MAPK15_PKc_E2_99.9	MAPK15	2380	2766	3477	2232	2108	1907
MAP2K6_PKc_E8_128.6	MAP2K6	3398	2523	1126	1874	2666	1143
STK17B_PKc_E3_213.8	STK17B	1304	739	1723	1751	863	1766
GSG2_PKc_E1_1371.55	GSG2	311	173	716	460	988	503
ALK_PKc_E23_130	ALK	1899	3130	3997	2500	3388	5782
SIK2_PKc_E6_124.11	SIK2	3298	1406	2516	3072	1678	3955
ZAK_PKc_E5_66.2	ZAK	2141	2476	2388	2499	1661	2442
CHUK_PKc_E4_70.2	CHUK	2861	2134	1895	3794	3652	2350
RPS6KA1_PKc2_E16_90.1	RPS6KA1	1293	1372	1287	1849	984	2546
SBK3_PKc_E2_52.3	SBK3	2539	2316	1750	3472	1794	1290
PDGFRA_PKc_E15_154.7	PDGFRA	2928	3158	2364	2828	2414	1718
MATK_PKc_E12_196.14	MATK	1855	2886	2466	1254	2128	3200
CDK17_PKc_E7_115.3	CDK17	2620	2864	2839	1765	1355	3766
CDK10_PKc_E5_82.4	CDK10	312	1205	482	1336	1414	1084
MARK3_PKc_E9_120.4	MARK3	2490	2338	2036	3517	2306	2420
MAK_PKc_E4_122	MAK	4437	2868	3056	3226	3193	2930
SCYL1_PKc_E3_123.21	SCYL1	452	906	581	1348	1474	1837
MASTL_PKc1_E6_151.1	MASTL	536	475	1180	111	1445	1528
PDGFRA_PKc_E12_124.3	PDGFRA	2784	2129	2969	2062	1527	4179
CDK14_PKc_E5_80.5	CDK14	3305	2103	3064	1476	1998	2870
RNASEL_PKc_E2_358.35	RNASEL	1994	1903	2481	2737	3144	2693
CDKL5_PKc_E4_46	CDKL5	2836	2673	3511	1601	2560	2632
AATK_PKc_E4_36	AATK	1869	2282	2137	1745	1081	1747
EPHA6_PKc_E13_62.4	EPHA6	2210	2392	2899	1720	3215	1677
PAK4_PKc_E9_135.16	PAK4	382	1313	1534	2135	2729	2773
MAPK9_PKc_E5_139.1	MAPK9	3006	1032	2760	3120	1235	2793
RIPK3_PKc_E3_310.3	RIPK3	1881	2625	2615	1371	2324	2687
CDK18_PKc_E9_124.19	CDK18	2200	1665	986	1696	2392	2209
PDGFRB_PKc_E17_119.2	PDGFRB	2791	1993	3455	4850	1981	3462
RPL23A_e2.2	RPL23A	142	231	579	429	397	357
PNCK_PKc_E3_132.27	PNCK	1956	1929	906	1409	1220	1834
CDK12_PKc_E8_102.1	CDK12	79	178	254	418	91	251
ARAF_PKc_E11_177.1	ARAF	1377	2878	2058	1716	1013	808
neg08	CONTROL	1288	3634	3759	807	3314	3874
MAPK10_PKc_E9_72	MAPK10	2310	3410	3404	1791	2315	2570
PKMYT1_PKc_E4_494.8	PKMYT1	23	0	107	0	0	194
LMTK2_PKc_E4_42.3	LMTK2	2738	3169	2254	1856	1651	4214
BLK_PKc_E9_180.11	BLK	1457	2824	2269	3559	3170	1642
ULK4_PKc_E3_100.4	ULK4	2418	3418	1880	3656	2394	3007
RET_PKc_E13_108	RET	1850	2646	2562	1844	2406	2706
PKN2_PKc_E14_42	PKN2	1581	2126	1335	2116	1425	1986
NLK_PKc_E2_130.9	NLK	1296	2418	3367	1027	2158	3021
EPHB3_PKc_E10_43.2	EPHB3	1225	3813	2010	3047	3118	2701
JAK2_PKc_E16_139.4	JAK2	3066	2552	703	1188	3289	1009
NEK11_PKc_E3_89	NEK11	2034	3832	2427	1888	1549	3884
LATS1_PKc_E8_369.2	LATS1	7632	5593	2667	4564	3618	3221
CDK10_PKc_E2_70.1	CDK10	423	1799	917	1069	2163	1889
AKT1_PKc_E5_66.5	AKT1	4499	1962	2630	4688	1898	2241
FGFR3_PKc_E14_123.8	FGFR3	4534	2890	2525	2133	2213	1764
SRMS_PKc_E7_157.14	SRMS	2568	632	1683	3246	1408	1218
MYLK3_PKc_E6_94	MYLK3	3127	3642	5356	2166	3703	3723
MAP2K4_PKc_E6_52	MAP2K4	2240	3833	1254	3294	2776	1702
CDK17_PKc_E6_48.2	CDK17	2515	2886	2707	3992	2800	4809
NEK10_PKc_E24_76.1	NEK10	3210	1952	2939	2125	3002	3636
NEK3_PKc_E5_84.1	NEK3	2797	1304	1349	1093	847	2416
DCLK2_PKc_E12_134.4	DCLK2	2355	2423	1743	6174	2232	2376
CDK5_PKc_E3_68	CDK5	4878	1889	1870	4476	3069	3103
AKT3_PKc_E5_132.2	AKT3	3365	2946	3177	2500	2756	2903
NEK9_PKc_E3_56	NEK9	2209	1092	1902	1026	2281	2515
JAK3_PKc_E13_85.6	JAK3	2697	5756	2274	2570	3613	3655
LRRK2_PKc_E42_171	LRRK2	1763	1894	1802	2133	1257	2203
CSNK1G1_PKc_E4_70.2	CSNK1G1	1657	3830	2682	1391	2687	2447
MYO3A_PKc_E6_100.4	MYO3A	2158	1978	2558	3006	1787	1032
GSK3A_PKc_E6_107.2	GSK3A	2136	1999	3129	2334	3344	2730
NEK6_PKc_E7_109.4	NEK6	2059	1698	1329	908	1515	2213
IKBKB_PKc_E3_95.11	IKBKB	1344	3523	2189	1757	3084	1591
CDK11B_PKc_E17_117.11	CDK11B	1577	1059	1392	1724	895	1463
MASTL_PKc2_E12_128.1	MASTL	2217	2091	2260	1224	2070	2587
GRK4_PKc_E8_141.7	GRK4	2397	3648	2138	1420	1257	3030
BRSK2_PKc_E2_95.4	BRSK2	3522	2484	1407	4638	2528	1537
SCYL3_PKc_E2_141.1	SCYL3	1220	4095	2644	1469	2573	3670
SCYL1_PKc_E2_141.8	SCYL1	1482	1861	2305	887	1924	2022
ADRBK2_PKc_E9_100.2	ADRBK2	1002	1394	1681	1587	1264	2086
ROCK1_PKc_E5_176	ROCK1	2357	2274	2182	2459	2708	3243
CSNK1G3_PKc_E7_86.3	CSNK1G3	555	1389	794	1219	1735	1028
NRBP1_PKc_E5_90.1	NRBP1	963	2064	2391	1591	730	2453
TAOK3_PKc_E6_46	TAOK3	1598	1690	4350	1875	1676	3640
STK10_PKc_E6_195.19	STK10	1672	2628	1197	2925	2894	1395
RNASEL_PKc_E4_195.14	RNASEL	1947	2901	3649	3424	2508	4570
HIPK1_PKc_E4_120.6	HIPK1	941	2636	2064	599	2298	1217
PRKCB_PKc_E5_55.3	PRKCB	2142	3223	3451	1511	1687	3301
KDR_PKc_E20_89.4	KDR	3603	2820	1155	3853	2871	2033
EPHB4_PKc_E14_150.2	EPHB4	1326	2434	711	1475	2484	1577
CLK3_PKc_E8_95.3	CLK3	1037	3566	3422	1276	2993	3283
CHEK1_PKc_E4_65.6	CHEK1	0	93	153	87	165	315
PRKCI_PKc_E10_98.3	PRKCI	2507	2204	1869	1481	2702	2214
PAK2_PKc_E9_49.2	PAK2	1802	3361	3078	1729	2367	2788
STK24_PKc_E3_57.3	STK24	1698	985	594	1429	1520	1354
PHKG1_PKc_E2_38.1	PHKG1	1769	4320	5226	2375	2061	2815
RPS6KA1_PKc_E3_42	RPS6KA1	1404	1955	1656	1978	1950	1688
ERBB2_PKc_E23_147.4	ERBB2	897	1233	840	1759	1405	1064
EIF2AK3_PKc_E15_102.3	EIF2AK3	2053	3577	1833	1718	1704	2590
MAP4K3_PKc_E1_54	MAP4K3	3500	3770	3323	3054	2826	2932
DAPK3_PKc_E7_153.1	DAPK3	1454	2177	792	2765	1621	325
SBK3_PKc_E2_52.6	SBK3	4020	2164	2330	4260	2784	1855
CSNK1A1_PKc_E6_140.6	CSNK1A1	0	230	86	202	672	257
WEE2_PKc_E7_108.2	WEE2	1877	2453	1177	1544	2692	2047
PRKACA_PKc_E8_123.9	PRKACA	3512	1460	3695	3076	1475	2681
PRKAA1_PKc_E4_45.1	PRKAA1	1551	2291	2141	1885	1490	3262
PRKCH_PKc_E12_189.8	PRKCH	1025	1341	3027	1234	1843	2445
MAPK11_PKc_E5_30	MAPK11	1057	1114	1216	1004	1249	2595
PHKG1_PKc_E4_55	PHKG1	2864	3423	1776	2921	1921	2947
PRKDC_PKc_E83_202.13	PRKDC	173	625	179	157	66	79
HIPK2_PKc_E4_120.8	HIPK2	2343	2613	3401	1351	3737	4452
POLR2A_e2.2	POLR2A	73	315	130	142	453	1462
MARK4_PKc_E7_57	MARK4	1623	2655	1043	1101	1843	2198
LRRK2_PKc_E43_101	LRRK2	2333	1662	1417	2819	2556	2446
PINK1_PKc_E6_128.9	PINK1	2405	3281	2430	2187	1719	1884
CAMK1_PKc_E7_76.4	CAMK1	2158	1630	1171	1682	1922	1274
ERN1_PKc_E16_100.1	ERN1	1833	1989	2217	2012	2102	2884
MAP4K4_PKc_E4_126.4	MAP4K4	1676	2059	2470	2264	1605	3695
ULK2_PKc_E2_93.1	ULK2	874	1900	1781	1207	1685	2685
EPHA3_PKc_E15_150.1	EPHA3	3439	4218	2770	2029	2473	2699
CDK9_e5.1	CDK9	269	388	401	598	1043	630
PRKCZ_PKc_E11_87.3	PRKCZ	3541	2830	2635	2531	3101	1903
BTK_PKc_E18_158.4	BTK	4093	2490	3238	4657	2934	3410
TLK2_PKc_E23_144.8	TLK2	999	1529	1087	1155	1956	2240
NPR1_PKc_E9_75.7	NPR1	1587	1209	1866	2967	2289	1476
EPHA6_PKc_E15_150.1	EPHA6	4127	2738	3515	5110	1441	2137
SBK2_PKc_E2_52	SBK2	3881	2436	3195	3153	2571	3147
CDK1_PKc_E4_124.1	CDK1	106	0	260	0	0	254
SIK1_PKc_E5_162.19	SIK1	1824	1948	1696	1989	2189	2388
CSNK1A1_PKc_E5_84.1	CSNK1A1	4125	1762	3870	3452	1743	2865
RAF1_PKc_E12_177.12	RAF1	2105	1758	2577	302	2031	1666
HIPK3_PKc_E3_124.5	HIPK3	1108	1852	438	1376	994	1082
TAOK1_PKc_E3_72.1	TAOK1	2914	2412	2745	3672	1502	3967
HUNK_PKc_E4_136.17	HUNK	2554	1022	2809	3535	1208	2013
MOK_PKc_E4_71	MOK	2951	1808	3237	3500	3567	3729
IRAK4_PKc_E8_115.3	IRAK4	2004	1132	4285	3607	3560	5394
CDK4_PKc_E6_51	CDK4	2030	1142	1022	2539	1764	1670
ULK1_PKc_E6_174.25	ULK1	800	2071	1443	1403	2252	2035
MAP3K14_PKc_E6_114.1	MAP3K14	2418	1357	2397	3085	2645	1504
KIAA1804_PKc_E2_181.17	KIAA1804	409	1186	2038	1537	957	1511
SGK1_PKc_E9_96.8	SGK1	2631	5342	2146	2216	3535	3292
STK10_PKc_E1_90	STK10	801	1294	3064	870	999	1946
PRKG1_PKc_E13_142.5	PRKG1	3019	1312	1336	3608	1353	2576
NEK4_PKc_E1_81.1	NEK4	2291	2006	2388	2894	3196	2515
MAP2K5_PKc_E8_56	MAP2K5	2501	1677	2879	2257	1605	2799
EIF2AK4_PKc_E9_536.1	EIF2AK4	3742	1643	1857	3291	1773	2794
JAK2_PKc_E13_135.1	JAK2	2218	1392	2581	1985	3243	1912
MOS_PKc_E1_849.57	MOS	923	1989	1267	752	1226	2006
PTK2B_PKc_E24_101.9	PTK2B	1513	4840	3722	2847	1638	4432
MAP3K8_PKc_E7_153.15	MAP3K8	2307	2038	1383	2252	3077	2166
EIF2AK4_PKc_E8_123.1	EIF2AK4	1953	1940	2563	1843	2627	2968
VRK3_PKc_E7_67.3	VRK3	2731	2704	4266	3605	2867	3945
PRKD3_PKc_E17_83	PRKD3	1496	1252	2441	1619	2133	1541
STK25_PKc_E5_109.5	STK25	2278	2142	3391	2154	2737	4060
PSKH2_PKc_E2_667.73	PSKH2	877	2222	2007	2078	1474	2786
EPHA5_PKc_E13_62.2	EPHA5	4042	1175	6439	5212	1560	5652
NTRK1_PKc_E17_144	NTRK1	3968	2022	3197	2123	1629	2189
POMK_PKc_E5_705.23	POMK	2338	1915	1714	2070	2773	1895
FLT3_PKc_E15_105.1	FLT3	3029	830	2955	1785	1617	3221
PRKCZ_PKc_E9_171.8	PRKCZ	1691	1688	1666	1263	1622	2714
RPS6KA5_PKc_E2_34.2	RPS6KA5	2675	1659	928	1478	899	1629
NEK5_PKc_E3_111.8	NEK5	3297	3340	2264	4653	1970	2370
CDK3_PKc_E5_171.11	CDK3	3196	1885	4255	3690	2174	6004
MAST4_PKc_E16_139.4	MAST4	1936	2185	1883	1863	1355	1522
HIPK4_PKc_E2_357.2	HIPK4	1584	1799	823	3506	1287	1270
STK40_PKc_E4_144.11	STK40	1192	865	2382	2094	1002	2851
CDK17_PKc_E8_95.2	CDK17	1486	1964	2655	1447	1796	2875
TNK1_PKc_E4_81.3	TNK1	1976	2224	2015	2400	2997	2127
PRKAA2_PKc_E1_58.1	PRKAA2	3270	2218	2748	2765	2590	2382
MAPK12_PKc_E3_59.2	MAPK12	2748	1416	1812	1590	1973	2404
SCYL1_PKc_E6_156.28	SCYL1	2142	2691	2169	1765	1604	3496
PTK7_PKc_E15_40.3	PTK7	1653	1394	2936	3201	1778	2914
ADCK3_PKc_E11_142.6	ADCK3	1154	1712	3235	1622	1974	2649
CDKL2_PKc_E2_165.1	CDKL2	3273	1916	1491	4209	1902	2006
LATS2_PKc_E5_487.68	LATS2	2902	4342	4449	1813	3532	4785
RIPK1_PKc_E2_157.18	RIPK1	2313	757	1905	6251	2205	1742
CLK1_PKc_E5_67	CLK1	1603	2298	2145	1647	1444	2575
STK26_PKc_E7_186.1	STK26	3188	1819	2663	1946	4025	4172
MTOR_PKc_E52_75	MTOR	434	266	415	143	476	894
DCLK2_PKc_E8_68.1	DCLK2	1680	1288	4014	2049	2816	3176
TRPM6_PKc_E34_228.4	TRPM6	771	3373	2414	1344	1366	1851
AATK_PKc_E6_88.9	AATK	1708	1350	1768	1484	1321	2281
LIMK1_PKc_E12_66.1	LIMK1	602	1744	3398	1210	1200	3641
MYO3A_PKc_E8_146.14	MYO3A	1149	2247	1709	967	2099	3032
MAP2K6_PKc_E6_117.6	MAP2K6	1746	2500	1334	1663	3418	3238
EIF2AK4_PKc_E9_536.41	EIF2AK4	3807	2100	1694	2291	1917	2474
PNCK_PKc_E5_139	PNCK	1535	1439	1248	782	1508	1132
PDK1_PKc_E1_34.4	PDK1	1380	691	1702	1502	769	2159
STK38L_PKc_E4_51.1	STK38L	2467	3218	1629	2909	3058	1610
EPHB4_PKc_E15_150.34	EPHB4	1480	2173	1282	1311	1247	2195
STK31_PKc_E22_123.5	STK31	1205	2643	1574	1968	1216	2135
RPS6KB2_PKc_E6_58	RPS6KB2	3068	4400	1258	2885	3611	2984
RPL9_e3.1	RPL9	298	698	341	130	300	625
CSNK2A2_PKc_E1_41	CSNK2A2	2705	1749	1306	2386	2155	1682
MAPK14_PKc_E1_101.14	MAPK14	1421	2723	1276	802	1991	1242
NEK3_PKc_E3_94.3	NEK3	2310	1460	1647	2854	2360	1845
FGFR4_PKc_E14_123.9	FGFR4	1989	1527	1657	2338	2595	2391
LRRK1_PKc_E27_278.2	LRRK1	841	763	1289	1229	1061	2606
ARAF_PKc_E10_152.4	ARAF	2240	2322	2608	1905	2076	2661
SRPK3_PKc_E4_88.4	SRPK3	974	1788	2430	430	1782	3557
CDK7_PKc_E6_111.3	CDK7	1	149	39	0	722	94
LMTK3_PKc_E8_149.33	LMTK3	2395	1189	1402	2663	1666	908
FGFR1_PKc_E11_122.18	FGFR1	2731	1564	778	1747	2019	2112
CDK17_PKc_E10_124.1	CDK17	2691	2928	2287	2360	3092	3176
MAPK3_PKc_E6_132.17	MAPK3	1987	2716	2865	2857	1993	3415
NRBP2_PKc_E6_95.1	NRBP2	2164	3138	1070	1417	2367	2139
PRKG1_PKc_E14_164.6	PRKG1	2065	3444	2311	2960	2390	2003
CDC42BPA_PKc_E1_169.4	CDC42BPA	1986	2033	4417	2172	2734	3861
ZAP70_PKc_E10_207.28	ZAP70	1296	2140	1150	1869	1589	2052
RPS6KA6_PKc_E9_143.7	RPS6KA6	1812	1005	1426	1870	787	2466
NEK11_PKc_E8_150	NEK11	2906	2908	1781	2855	1782	1820
RPS6KL1_PKc_E6_133.12	RPS6KL1	929	844	1172	913	683	1045
TTK_PKc_E16_152	TTK	44	328	170	24	292	389
CLK4_PKc_E5_67	CLK4	1960	4352	2528	3100	2835	2885
STK19_PKc_E3_129.13	STK19	1373	3129	3724	3040	2234	3253
NLK_PKc_E8_87.5	NLK	858	1391	2346	1513	1649	1491
MAP4K4_PKc_E3_57	MAP4K4	2015	4639	4949	2566	2706	2201
GRK6_PKc_E11_90.3	GRK6	775	1688	1950	1132	1609	2516
LATS2_PKc_E8_366.32	LATS2	2240	2268	1012	2379	1526	1829
JAK3_PKc2_E19_190.1	JAK3	1581	3352	1316	2258	2477	681
ARAF_PKc_E12_47	ARAF	2283	1947	1855	1870	1381	947
NEK6_PKc_E8_108.8	NEK6	2190	1844	1904	2841	2457	2098
LMTK2_PKc_E9_122.4	LMTK2	1471	2187	1148	3011	1441	2146
FES_PKc_E15_95.7	FES	2538	2175	1595	3439	1756	2004
BMP2K_PKc_E4_143.5	BMP2K	2472	1767	1995	1441	2725	3291
TSSK6_PKc_E1_771.45	TSSK6	1559	1671	2491	2093	2071	3049
RIOK3_PKc_E6_48	RIOK3	1457	2438	2194	1680	4301	2865
ERBB4_PKc_E18_123.8	ERBB4	2016	1122	3862	1336	2282	3553
ADCK5_PKc_E9_84.2	ADCK5	1101	1890	1163	1128	1213	2417
PCNA_e3.1	PCNA	2994	3380	1974	3370	2313	2793
STK11_PKc_E5_137.3	STK11	2931	1555	1036	3346	2632	1737
CHUK_PKc_E2_95.2	CHUK	3340	2297	2795	4141	2273	3234
BMPR1A_PKc_E11_176.4	BMPR1A	1338	2293	2526	2633	2477	3580
RNASEL_PKc_E2_358.13	RNASEL	1933	4357	2503	2910	3103	2199
TESK1_PKc_E4_147.1	TESK1	2987	3209	4001	4669	2820	4465
TESK1_PKc_E2_122.1	TESK1	1819	1588	2438	620	3337	2163
ALK_PKc_E21_91.12	ALK	2838	2409	1463	1578	1956	1191
CDK6_PKc_E4_168.11	CDK6	2340	2303	1449	714	2024	1176
MAP4K1_PKc_E3_91.2	MAP4K1	1812	1437	2682	2902	1804	1590
GUCY2F_PKc_E11_150.7	GUCY2F	3247	2245	1719	2277	2478	2565
RPS6KA6_PKc2_E20_118	RPS6KA6	2385	2402	3057	2888	3645	3088
CSNK1D_PKc_E1_55.2	CSNK1D	992	2988	953	535	2215	2263
SRC_PKc_E10_180.27	SRC	3529	2019	3029	1842	1975	2002
WNK3_PKc_E2_132	WNK3	2122	3381	2203	925	1804	2588
MAP3K10_PKc_E1_391.74	MAP3K10	1415	2105	2561	1470	1751	3279
CSK_PKc_E8_100.1	CSK	2754	1913	939	1363	2746	1427
AK2_PKc_E6_159.16	AK2	2108	2455	3028	1675	4235	3699
MYO3A_PKc_E7_77.9	MYO3A	694	865	1887	1898	1546	1099
RNASEL_PKc_E3_86.4	RNASEL	449	1207	2045	1210	1367	1604
TBK1_PKc_E7_111.1	TBK1	1493	1632	2161	1850	1849	2759
MELK_PKc_E4_117.9	MELK	3202	2927	2576	4969	2675	2267
MAPK9_PKc_E6_166.16	MAPK9	481	2388	1733	930	1760	2241
KIT_PKc_E12_105.6	KIT	1661	2511	1402	1474	2414	957
JAK1_PKc_E14_88.2	JAK1	2397	2523	3360	1675	3218	3128
SGK494_PKc_E5_70.9	SGK494	454	1319	866	477	1400	1585
RPS6KA6_PKc2_E15_123.7	RPS6KA6	1748	1473	3012	1448	2307	3595
GAK_PKc_E2_62.2	GAK	1207	688	1090	412	1093	1214
TAOK3_PKc_E8_114.8	TAOK3	2456	2285	1952	1404	2706	1791
SNRK_PKc_E3_556.41	SNRK	1423	2938	4684	2423	4267	3709
FLT3_PKc_E16_111.8	FLT3	2958	1695	1495	2795	2177	1912
FGFR4_PKc_E15_71.5	FGFR4	2572	2543	2254	2271	1917	2768
PRKDC_PKc_E80_93.5	PRKDC	215	208	1130	496	0	1249
NTRK3_PKc_E20_162.26	NTRK3	2474	1055	1130	1330	1389	1058
IKBKE_PKc_E6_182.18	IKBKE	4017	2339	1975	3212	2466	3387
PKN1_PKc_E19_143.6	PKN1	892	1583	1787	2043	3005	2364
CSNK1G3_PKc_E2_55.2	CSNK1G3	2955	1715	1593	2229	2448	2729
STK31_PKc_E20_84.3	STK31	4557	1377	2443	3249	2559	3548
NUAK2_PKc_E5_120.3	NUAK2	1922	1711	2501	1541	2538	1485
ROCK1_PKc_E6_85.3	ROCK1	1796	3835	1786	1310	1679	1228
MYO3B_PKc_E6_77.5	MYO3B	2541	3087	1523	2582	2443	2495
MELK_PKc_E2_40	MELK	2679	2535	2336	1690	1687	1340
MAST2_PKc_E14_41.1	MAST2	2110	1663	1329	2590	2334	2189
FGFR1_PKc_E12_111.7	FGFR1	1130	1297	1279	1111	941	2955
PRKACB_PKc_E6_127.6	PRKACB	4614	3919	1929	4480	3063	2263
NEK10_PKc_E20_138.3	NEK10	2102	1215	2441	2964	2296	2509
TAOK1_PKc_E5_46.1	TAOK1	1421	2706	1948	2589	2950	1734
RIPK3_PKc_E6_168.22	RIPK3	552	2132	2189	2259	1235	2163
PLK1_PKc_E1_276.2	PLK1	1849	1338	1286	1616	1625	1134
PRKCH_PKc_E11_139.2	PRKCH	2052	1518	3042	928	1419	2456
SIK1_PKc_E2_81	SIK1	845	3565	2025	1378	2560	1949
EIF2AK1_PKc_E6_81.2	EIF2AK1	4327	1188	2887	4496	2619	2295
PRKCE_PKc_E14_147.1	PRKCE	551	2402	1328	691	2246	2099
ERBB2_PKc_E21_156.2	ERBB2	377	821	1546	359	1031	1098
PSKH1_PKc_E3_108.19	PSKH1	2768	2431	1313	1719	2270	1684
MAPK10_PKc_E7_139.9	MAPK10	2725	704	2026	3335	1738	1820
ULK3_PKc_E7_114.7	ULK3	2579	2046	2309	1628	1623	2883
ITK_PKc_E14_65	ITK	1376	1744	1315	2358	2882	1502
PDK3_PKc_E1_34.1	PDK3	3296	2867	3210	2273	3622	4121
MASTL_PKc2_E10_114.7	MASTL	388	146	138	0	475	0
TEK_PKc_E18_114.4	TEK	2638	3972	2462	5394	3265	1208
RPA3_e2.1	RPA3	759	1177	1716	723	1789	1828
PRKCB_PKc_E10_174.3	PRKCB	1411	2693	2406	1166	2768	2162
RIOK2_PKc_E4_176.2	RIOK2	1438	686	863	953	372	933
SNRK_PKc_E5_76.5	SNRK	6106	5837	4719	3441	3241	3566
NEK2_PKc_E2_218.1	NEK2	2200	782	1967	1464	1596	639
MARK3_PKc_E6_71	MARK3	3172	2056	1840	2341	908	1007
CDK1_e6.1	CDK1	247	118	419	51	59	146
MAP4K1_PKc_E2_58.4	MAP4K1	2933	2076	3554	2938	3014	3873
MET_PKc_E19_166.6	MET	1231	1196	1765	1476	649	1966
CDKL1_PKc_E2_122	CDKL1	1657	2149	2771	1652	1234	2372
TSSK1B_PKc_E1_789.21	TSSK1B	3485	2612	3670	4967	2268	2364
MERTK_PKc_E12_52	MERTK	932	1848	1170	1036	865	1906
MAP2K6_PKc_E10_140.12	MAP2K6	434	708	1641	645	1864	1952
MAP2K7_PKc_E8_180.14	MAP2K7	1716	1112	974	2253	1112	1748
CAMKK1_PKc_E4_54.2	CAMKK1	2811	2712	2156	1429	948	2157
CLK4_PKc_E8_95.2	CLK4	1836	4131	4110	3253	5082	5740
RPS6KA2_PKc_E3_82.4	RPS6KA2	2415	2562	1988	2149	2838	4010
RPS6KA6_PKc2_E19_77	RPS6KA6	4295	4389	2781	3126	2349	2856
RPS6KA2_PKc_E4_81	RPS6KA2	981	1467	1676	863	2048	2233
MAP2K3_PKc_E4_96.12	MAP2K3	1776	1775	2015	1784	2342	866
ADRBK1_PKc_E11_131.9	ADRBK1	961	2794	2845	3564	2282	2590
ABL2_PKc_E9_153.7	ABL2	1989	1997	2443	1835	3064	2679
STK32C_PKc_E5_38	STK32C	2704	2672	2261	2072	1333	3391
PTK2B_PKc_E23_116.1	PTK2B	971	2992	1321	1563	2801	1618
FGFR3_PKc_E11_122.16	FGFR3	1659	2770	2365	2932	1170	3134
TSSK3_PKc_E2_650.5	TSSK3	718	2215	1541	855	2271	1584
SMG1_PKc_E40_106.7	SMG1	99	244	0	237	0	227
GUCY2D_PKc_E11_150.8	GUCY2D	2725	1973	1875	4605	1584	1431
TRIB3_PKc_E4_361.12	TRIB3	2027	4058	2066	1356	2200	1625
neg36	CONTROL	2768	2329	3018	2682	2766	2524
ATM_PKc_E61_64	ATM	627	650	323	667	911	947
RIPK3_PKc_E2_101.4	RIPK3	1130	1463	1214	1200	1944	2136
MAPKAPK3_PKc_E9_76.1	MAPKAPK3	3779	2453	2449	3444	2636	3097
FLT3_PKc_E14_124.1	FLT3	1737	1653	1746	1154	1250	880
CSNK1D_PKc_E2_111.8	CSNK1D	2222	943	1698	3157	1862	2056
CAMKK1_PKc_E3_30	CAMKK1	3511	4874	1363	3402	3283	2437
ANKK1_PKc_E2_295.2	ANKK1	1931	2091	1470	2479	1444	1939
EPHA10_PKc_E14_150.23	EPHA10	2660	1690	1734	1764	2265	2243
ROCK2_PKc_E1_27.3	ROCK2	1606	1484	1343	974	1523	3350
NEK7_PKc_E4_63	NEK7	2686	2390	1425	1984	2791	1304
PINK1_PKc_E4_183.23	PINK1	4000	1893	1562	4968	1215	2169
STK36_PKc_E7_78.5	STK36	4214	2384	2510	3615	2826	2127
SGK1_PKc_E10_156.8	SGK1	2294	2185	1958	1994	959	928
JAK2_PKc2_E23_118.2	JAK2	1828	3233	2899	1765	1970	3958
BRSK1_PKc_E4_141.5	BRSK1	1902	2771	1414	2024	2556	2250
VRK1_PKc_E6_109	VRK1	1225	638	1985	868	792	1721
HUNK_PKc_E5_128.3	HUNK	2158	2594	1395	1761	2188	3150
NPR1_PKc_E14_156.6	NPR1	2061	1096	1619	2569	1519	1451
GAK_PKc_E6_126.13	GAK	346	1933	365	1557	1771	625
RPS6KA1_PKc_E8_38	RPS6KA1	683	777	2365	993	1639	2548
MAST4_PKc_E15_209.16	MAST4	1746	1347	2372	799	1262	1874
MAP2K5_PKc_E12_62	MAP2K5	2138	1895	1500	1412	1633	2523
DCLK3_PKc_E5_86.5	DCLK3	1325	1598	3351	1443	2604	3355
NTRK3_PKc_E19_159	NTRK3	2666	2337	2639	2658	3029	1381
KSR1_PKc_E17_97	KSR1	1360	1630	2613	1773	2490	2246
NEK1_PKc_E5_98	NEK1	998	1075	2444	1737	1745	1665
IRAK2_PKc_E10_63.2	IRAK2	2206	1715	1339	2389	1706	1157
CSNK1E_PKc_E4_149.4	CSNK1E	811	1410	616	1523	729	493
ADCK1_PKc_E8_150.18	ADCK1	1385	1054	1513	1491	1418	811
STK35_PKc_E2_292.43	STK35	2711	2615	1877	1738	1685	2896
RPS6KA4_PKc_E5_108.1	RPS6KA4	1388	3150	1446	1606	1508	1812
POLR2A_e28.1	POLR2A	347	642	1087	167	1904	1614
NEK10_PKc_E22_122.2	NEK10	2618	3727	1516	895	2922	2802
PRKCQ_PKc_E12_174.3	PRKCQ	2003	5683	1921	2781	3612	3230
GSK3B_PKc_E2_132.6	GSK3B	3146	1013	1507	1406	1074	815
ULK1_PKc_E3_42	ULK1	1458	1794	2609	2676	1449	2345
RPS6KA3_PKc2_E18_162.2	RPS6KA3	1257	1500	1191	1321	1759	2226
MAP2K5_PKc_E10_69	MAP2K5	1395	2662	2132	2307	1513	1999
CDKL4_PKc_E6_83.2	CDKL4	1023	1367	751	1655	630	855
DCLK2_PKc_E9_58.3	DCLK2	4384	2098	1968	3531	2544	2003
TRIO_PKc_E54_50.1	TRIO	3451	2551	2323	5335	5072	3269
FES_PKc_E17_158.5	FES	4769	3738	3479	6830	2747	4036
TYK2_PKc2_E20_193.1	TYK2	1100	838	658	2237	742	1064
MST1R_PKc_E18_166.4	MST1R	2174	852	2407	2688	1631	1729
ITK_PKc_E15_119.5	ITK	1579	3328	1736	1250	1582	2379
CSK_PKc_E9_91	CSK	977	1531	1098	1915	976	130
AK2_PKc_E6_159.17	AK2	901	1525	798	692	1371	1468
SGK3_PKc_E13_87.5	SGK3	2427	789	1172	2793	1727	1368
ROCK2_PKc_E2_82.3	ROCK2	2089	1569	2009	1335	1223	2460
SRMS_PKc_E4_121	SRMS	3840	3258	14999	5714	3285	10189
MARK1_PKc_E2_81.5	MARK1	1644	2137	2082	1591	2496	2922
STK32A_PKc_E8_98.9	STK32A	4648	2790	1852	6168	3308	2611
NRBP2_PKc_E5_41	NRBP2	1965	1733	576	2675	1966	1192
MOS_PKc_E1_849.9	MOS	2623	1975	1986	2769	2827	2755
GRK6_PKc_E12_209.29	GRK6	1803	2358	2160	1585	2660	2682
MET_PKc_E15_28	MET	3897	3343	2981	3233	2548	2732
TESK2_PKc_E5_147.14	TESK2	2451	1458	2482	4720	1344	2804
RPS6KA2_PKc2_E16_159.19	RPS6KA2	67	1141	699	409	818	887
PRKCZ_PKc_E12_136.12	PRKCZ	1240	2022	2319	791	2728	1908
CAMK2A_PKc_E3_60	CAMK2A	1218	1520	1529	1637	1456	2390
SIK1_PKc_E7_124.16	SIK1	2724	528	2042	3231	1621	1202
IRAK3_PKc_E5_96.6	IRAK3	1542	2194	2749	2231	1711	2725
GSG2_PKc_E1_1371.166	GSG2	1967	1424	843	2129	1782	2204
ACVR2A_PKc_E7_146.12	ACVR2A	970	1489	1713	1034	1328	2086
RPS6KB2_PKc_E8_91	RPS6KB2	4123	3919	4974	3272	3730	4840
GRK6_PKc_E9_191.22	GRK6	2259	1317	1568	2741	1861	1924
TTBK2_PKc_E8_93.9	TTBK2	6647	3121	3854	7295	3295	3856
KSR2_PKc_E18_130	KSR2	975	2896	1937	1625	1794	2449
AXL_PKc_E15_93.5	AXL	4010	3465	4236	4296	2562	2282
ADCK1_PKc_E9_99.4	ADCK1	2014	1198	1349	2527	1475	1924
TAOK3_PKc_E7_97.1	TAOK3	2629	2771	1897	2507	3363	2179
RYK_PKc_E13_160.9	RYK	1362	6238	802	1451	3793	2249
STYK1_PKc_E5_103.12	STYK1	1753	1361	2813	1536	2610	2447
GRK6_PKc_E10_38	GRK6	873	1573	695	1463	1968	1123
DYRK3_PKc_E3_1140.128	DYRK3	1045	2311	1133	952	2342	2013
SBK1_PKc_E3_203.12	SBK1	2032	3548	1696	1165	2822	1487
PDGFRB_PKc_E13_105.1	PDGFRB	2006	1281	1803	2636	1399	2035
EPHA5_PKc_E11_43	EPHA5	1481	2088	2592	3122	2148	2912
DSTYK_PKc_E13_134.19	DSTYK	2432	1626	2509	1569	1530	2219
CDK6_PKc_E6_51.2	CDK6	2493	1914	1995	2452	1444	3541
WNK2_PKc_E6_52	WNK2	1670	1814	895	2501	2935	1425
RPS6KA3_PKc2_E19_77.2	RPS6KA3	2204	1720	1554	2306	2306	1784
PTK6_PKc_E7_154.3	PTK6	2017	1588	1681	812	1414	2086
neg48	CONTROL	1756	3122	1153	2926	2169	2330
CAMKV_PKc_E4_75.2	CAMKV	1180	2782	1185	619	942	1489
MAPK14_PKc_E2_130.3	MAPK14	816	649	680	39	804	771
TTN_PKc_E358_736.55	TTN	1294	2015	1552	1150	2175	2698
MAST1_PKc_E11_41.1	MAST1	2717	1020	1774	2418	2684	1082
NEK11_PKc_E4_166.8	NEK11	1278	2653	1344	1004	2108	1684
LRRK1_PKc_E28_195.13	LRRK1	2312	4051	3573	3575	2568	4535
ADRBK1_PKc_E13_108.17	ADRBK1	2128	1853	2145	2094	1688	2748
MOK_PKc_E5_79	MOK	1495	2128	1885	1111	1933	2345
CSNK1E_PKc_E5_229.35	CSNK1E	2113	574	1266	1590	2274	955
CDK15_PKc_E4_80.2	CDK15	1152	3611	1328	1138	3330	2591
ATM_PKc_E62_36.1	ATM	1251	1729	1198	319	2104	860
PRKCQ_PKc_E11_60.3	PRKCQ	1719	2175	1967	2531	2515	2942
TRIB2_PKc_E3_361.22	TRIB2	2070	961	2109	1770	554	1171
IKBKE_PKc_E8_111.2	IKBKE	1818	2833	1751	1350	998	507
PDK4_PKc_E4_185.8	PDK4	1434	2165	1382	1180	2282	2831
MAPK12_PKc_E5_30	MAPK12	567	1029	1317	374	1629	2051
KDR_PKc_E22_98	KDR	1058	2257	1429	1539	1976	2426
SIK3_PKc_E6_124.11	SIK3	1032	2185	1418	1211	1136	1466
RPS6KA2_PKc2_E18_77.1	RPS6KA2	1765	2001	1095	1579	2017	1832
EPHB6_PKc_E13_174.1	EPHB6	1313	2306	1431	1953	2078	1575
SYK_PKc_E10_210.16	SYK	1700	2440	2167	2750	2797	1847
STK35_PKc_E3_695.6	STK35	2059	1626	1710	2131	2744	1218
PTK2B_PKc_E22_101.1	PTK2B	2196	4963	1319	3355	2398	3215
MAP2K2_PKc_E8_65	MAP2K2	1453	1548	1829	1009	1297	1713
SBK3_PKc_E4_525.13	SBK3	2290	845	2573	2685	1904	2083
PKN3_PKc_E16_177.26	PKN3	1292	1437	2064	1949	1518	1844
MAP3K12_PKc_E4_192.1	MAP3K12	1956	3564	1787	2131	1378	3193
NUAK2_PKc_E4_66.6	NUAK2	1447	1413	1557	1391	621	1025
EEF2K_PKc_E7_150.5	EEF2K	4501	3586	1759	3370	3064	3312
DYRK1A_PKc_E4_75.3	DYRK1A	630	1214	924	1184	2072	803
STRADA_PKc_E8_124.12	STRADA	1631	1873	3004	3147	1369	3485
TYRO3_PKc_E12_58.3	TYRO3	1997	4895	1922	2313	2536	1991
TEX14_PKc_E5_32.1	TEX14	1813	3001	1222	951	2233	2258
NIM1K_PKc_E4_414.1	NIM1K	3375	2739	1878	3156	2463	2796
MAP3K7_PKc_E5_139.1	MAP3K7	1337	1321	2719	2237	2055	1781
BTK_PKc_E15_217.14	BTK	2039	2395	2039	2707	2040	3123
RPS6KA1_PKc2_E19_77	RPS6KA1	1355	1055	2147	1463	744	3061
NLK_PKc_E9_199.16	NLK	889	1689	1864	1484	1746	1469
CAMK1G_PKc_E10_82.8	CAMK1G	1867	1736	1583	1468	1319	1774
FASTK_PKc_E6_143.9	FASTK	1340	1764	1738	1409	1670	1337
DYRK1A_PKc_E5_148	DYRK1A	851	1589	844	1186	2321	1607
TBK1_PKc_E3_141	TBK1	1578	1413	2068	1201	2680	1227
RPS6KA5_PKc_E7_104	RPS6KA5	1575	1355	1199	1439	517	2318
TLK1_PKc_E19_112.4	TLK1	1936	2276	2257	1712	2675	1471
RIOK1_PKc_E6_93.2	RIOK1	865	422	242	1738	618	182
LTK_PKc_E14_130.1	LTK	1670	1133	1709	3016	1837	1946
DCLK1_PKc_E13_78.4	DCLK1	1734	1279	2778	2903	2167	1765
DDR2_PKc_E17_235.9	DDR2	1157	1010	2302	2493	1331	1595
AKT1_PKc_E10_129.13	AKT1	3012	1589	1642	2906	4113	1968
PTK2B_PKc_E21_85.2	PTK2B	1029	5266	1907	894	2615	1204
MATK_PKc_E10_85.2	MATK	1996	2524	2526	1952	1302	2704
MAP3K10_PKc_E1_391.2	MAP3K10	2879	2261	4920	2942	1444	3535
ITK_PKc_E17_48.4	ITK	1703	695	2786	2636	630	1203
CDKL4_PKc_E5_198.19	CDKL4	1745	934	2333	2192	2624	2125
HIPK2_PKc_E3_124.7	HIPK2	2739	2478	512	2046	1512	1683
AATK_PKc_E9_122.1	AATK	887	544	650	788	1080	1400
HIPK1_PKc_E2_557.27	HIPK1	1932	2879	1741	1912	2438	1896
FLT1_PKc_E17_34	FLT1	3498	4321	3018	2479	2852	3379
EPHA1_PKc_E11_43.2	EPHA1	1109	1095	1548	713	1876	1797
NTRK1_PKc_E13_123.1	NTRK1	863	941	909	1776	1846	2235
EPHB2_PKc_E11_248.3	EPHB2	1385	2295	2828	1320	3087	2730
CSNK1G1_PKc_E2_55.3	CSNK1G1	2090	3832	1561	2568	4388	2356
CDK5_PKc_E6_96.4	CDK5	1229	1690	2747	1876	3106	3521
DCLK1_PKc_E12_134.16	DCLK1	385	1385	964	858	991	1426
MYLK4_PKc_E4_41	MYLK4	2479	2114	1598	2509	2743	2485
JAK2_PKc2_E20_190.1	JAK2	1773	3825	2287	630	1763	1406
YES1_PKc_E7_91	YES1	2471	1793	2104	2022	2912	2928
DSTYK_PKc_E11_115.6	DSTYK	1547	3083	2706	1300	2016	1158
TTBK1_PKc_E4_74	TTBK1	868	652	2126	2132	2042	2506
PSKH1_PKc_E2_672.53	PSKH1	1675	3489	3752	3070	2691	3161
HUNK_PKc_E1_90	HUNK	991	2275	2107	2022	1999	2898
NEK1_PKc_E8_87.1	NEK1	885	1532	1534	1920	2134	1739
MAP3K11_PKc_E2_181.2	MAP3K11	2524	706	2820	2191	1031	2153
CDK3_PKc_E6_102	CDK3	3485	1012	1532	3270	1627	2071
CDK11B_PKc_E18_149.2	CDK11B	984	1528	565	1651	1284	1357
GRK5_PKc_E7_51	GRK5	2959	2384	3620	5808	2853	4525
EPHA8_PKc_E15_150.4	EPHA8	4480	1968	2202	2137	2839	2248
EPHB3_PKc_E10_43.3	EPHB3	1405	4037	3301	2530	1464	1996
WEE2_PKc_E6_147.4	WEE2	2729	3279	2590	2261	3512	3436
STK31_PKc_E22_123.1	STK31	1514	2471	1332	1025	1621	1702
CDK9_e4.2	CDK9	481	571	74	310	558	0
ADCK3_PKc_E9_82.2	ADCK3	925	1420	2694	1058	1831	2666
ACVR1B_PKc_E5_123.4	ACVR1B	1529	3886	1899	1344	2592	2660
STRADA_PKc_E7_109.6	STRADA	3379	965	2781	4493	1972	2384
STK17B_PKc_E2_53.1	STK17B	1780	2426	1609	1422	3272	2787
AURKC_PKc_E3_191.2	AURKC	1909	2893	2151	1370	1269	2409
OBSCN_PKc_E90_27.0	OBSCN	1201	818	522	981	1028	868
neg35	CONTROL	3163	1527	1313	2360	2142	2453
DMPK_PKc_E2_84.9	DMPK	2031	516	2530	2775	1562	2951
CHEK2_PKc_E9_100.2	CHEK2	1483	3265	1317	2052	2031	631
ERN1_PKc_E15_190	ERN1	1925	1451	1934	744	1301	1608
ROR1_PKc_E9_849.47	ROR1	2041	1502	1637	1816	1790	2023
INSR_PKc_E22_115.16	INSR	2891	950	2329	1977	966	2153
AK2_PKc_E6_159.6	AK2	678	547	867	386	1309	1168
MAP3K2_PKc_E16_214.1	MAP3K2	1743	2526	1878	2689	1048	1799
BRAF_PKc_E13_177.6	BRAF	2109	1152	687	2268	1219	725
RPS6KA6_PKc_E6_80	RPS6KA6	3182	1967	2437	2498	2531	3291
neg42	CONTROL	3930	3955	1426	2426	2038	1809
ACVRL1_PKc_E9_131	ACVRL1	2593	2369	2760	4188	1951	3013
MOK_PKc_E7_179.23	MOK	2527	2489	2946	4284	1963	2420
JAK2_PKc_E14_88	JAK2	2467	3702	2460	2807	2590	3276
ERN1_PKc_E14_62	ERN1	1763	1162	906	1427	1602	2747
MAP3K4_PKc_E25_107.6	MAP3K4	1517	1356	1715	2271	2091	3239
MAP3K2_PKc_E13_132.3	MAP3K2	1769	2391	2088	1313	1492	1150
BTK_PKc_E17_119.1	BTK	2494	1612	1310	4269	1590	1340
ROS1_PKc_E40_201.18	ROS1	1368	2035	1813	2004	1832	3280
PRPF4B_PKc_E12_115.3	PRPF4B	539	199	2490	220	555	1315
PTK7_PKc_E15_40.1	PTK7	1541	1440	1577	1109	1759	2683
MAP3K4_PKc_E22_117.4	MAP3K4	1375	2929	1105	1024	2436	2538
HIPK4_PKc_E3_219.28	HIPK4	3521	3098	4259	3694	3158	4521
neg10	CONTROL	2423	2574	3254	1261	2364	2110
MAP3K8_PKc_E4_108.6	MAP3K8	2415	3652	2164	3128	3230	3344
TEX14_PKc_E6_82.5	TEX14	1064	1004	1479	1796	1292	1754
PLK2_PKc_E4_130.5	PLK2	204	2282	1227	984	1528	1261
RPS6KL1_PKc_E8_90.9	RPS6KL1	886	1756	771	1675	1092	772
EIF2AK1_PKc_E7_100.3	EIF2AK1	2220	3256	2629	2509	1580	2951
IKBKB_PKc_E2_63.1	IKBKB	1423	1935	1402	1001	1135	1571
MAP3K12_PKc_E3_140.5	MAP3K12	487	886	767	1821	1536	2254
CASK_PKc_E5_73.1	CASK	1411	869	1833	634	1286	1800
MASTL_PKc1_E4_89.3	MASTL	1480	1363	2132	1190	1765	1623
LRRK2_PKc_E39_101	LRRK2	2044	1072	1529	3659	1670	2667
EIF2AK3_PKc_E14_168.13	EIF2AK3	1313	1923	914	1050	2031	2556
RPS6KA3_PKc2_E15_126.4	RPS6KA3	1640	1643	1877	1880	1416	1698
MKNK1_PKc_E9_56	MKNK1	1422	1204	2014	992	2070	3473
MAPK8_PKc_E6_166.1	MAPK8	731	2043	1126	699	2422	1429
MAP3K11_PKc_E1_403.17	MAP3K11	1269	991	985	843	1754	1669
CAMK2D_PKc_E4_55.2	CAMK2D	1812	2138	1925	2173	2758	2080
MYO3B_PKc_E4_105.6	MYO3B	1017	1824	2547	1201	1060	3476
MYLK2_PKc_E5_41.3	MYLK2	1096	2805	2362	1365	1697	1406
TNK1_PKc_E5_156.19	TNK1	2106	2202	2590	1401	1234	2105
RPS6KA4_PKc2_E12_94	RPS6KA4	1336	502	367	733	1408	916
PDPK1_PKc_E2_48.2	PDPK1	3131	1069	1786	3383	1144	3825
neg16	CONTROL	3259	2962	6378	3890	3110	4238
ACVR1_PKc_E11_102.2	ACVR1	1396	1542	2876	1771	1357	3826
PDGFRA_PKc_E13_105.11	PDGFRA	3534	4402	2742	3131	2402	2198
ZAK_PKc_E7_138.15	ZAK	1948	3486	1877	1528	2744	2479
NIM1K_PKc_E3_269.24	NIM1K	2049	1227	579	2191	1846	1584
MAPKAPK5_PKc_E6_90.2	MAPKAPK5	3864	4017	2215	2042	2731	1856
IRAK2_PKc_E7_115.4	IRAK2	3894	2904	2594	4021	2372	2583
CSNK1G1_PKc_E6_235.8	CSNK1G1	3328	1348	2530	1903	1695	2395
CDK16_PKc_E7_95.4	CDK16	1074	2904	1651	585	2521	2039
ROCK1_PKc_E4_138.9	ROCK1	2065	1238	1559	2393	2334	492
PRKG2_PKc_E15_164.13	PRKG2	2098	1938	1671	305	1161	1430
PIK3R4_PKc_E2_661.16	PIK3R4	0	230	155	8	845	446
TRPM7_PKc_E38_88.3	TRPM7	579	853	1520	597	1211	702
RIPK1_PKc_E5_150.8	RIPK1	1146	2149	1271	1715	1498	2498
PRKX_PKc_E2_169.1	PRKX	1428	1950	1506	1475	2127	2711
PRKX_PKc_E1_52.2	PRKX	1926	1759	2219	1222	2295	1654
MET_PKc_E16_81.3	MET	1010	1610	2173	1459	2085	3888
MASTL_PKc1_E2_138.1	MASTL	20	328	67	0	0	78
CDK11B_PKc_E13_122.7	CDK11B	2249	1569	2225	1943	1542	1726
YES1_PKc_E12_203.2	YES1	2380	906	1095	1606	1059	1747
PRKAA2_PKc_E3_94.7	PRKAA2	2311	1651	2775	2820	1900	2086
OBSCN_PKc_E91_153.22	OBSCN	1508	5321	856	1481	2256	2598
TNNI3K_PKc_E16_195.12	TNNI3K	812	2429	2290	1788	2177	2280
SYK_PKc_E13_113.7	SYK	940	2518	1007	1061	1932	870
MAP2K5_PKc_E11_82	MAP2K5	3157	1025	2479	4483	1407	1412
GUCY2D_PKc_E8_81.5	GUCY2D	1593	939	1418	1258	1210	2219
GRK4_PKc_E7_45.3	GRK4	444	3860	1276	1372	1745	1080
PSKH1_PKc_E2_672.73	PSKH1	1130	1710	1286	635	1523	1599
FRK_PKc_E7_166.2	FRK	4080	2350	3727	3899	2276	2082
RIOK1_PKc_E7_113.4	RIOK1	3	193	792	668	355	503
INSR_PKc_E17_213.25	INSR	1199	2289	821	1302	1664	1248
GSK3A_PKc_E7_98.2	GSK3A	1583	1877	1320	2308	1563	2965
CSF1R_PKc_E16_89.3	CSF1R	567	1325	1202	1156	807	866
CDC42BPB_PKc_E4_96.3	CDC42BPB	1667	1057	2153	1230	1431	1907
ACVRL1_PKc_E8_198.28	ACVRL1	650	1224	1073	646	1349	1392
TRIB3_PKc_E3_293.33	TRIB3	2036	1394	2416	1654	1727	1542
ERN1_PKc_E18_148.14	ERN1	1852	3133	1647	1634	791	2294
TNK2_PKc_E5_153.8	TNK2	1393	2195	611	1402	1230	1939
EIF2AK1_PKc_E5_72.4	EIF2AK1	1612	1351	2476	1317	1492	3308
ROS1_PKc_E36_108.6	ROS1	1201	2265	1686	1558	2011	2991
STK38L_PKc_E6_124.11	STK38L	2161	3417	4249	779	2969	2981
STK24_PKc_E6_186.15	STK24	1714	943	901	2059	1423	1301
MAST4_PKc_E19_102.3	MAST4	1074	1769	1713	1211	1307	1761
HIPK1_PKc_E5_87.3	HIPK1	885	2760	1241	1602	3174	2397
SCYL2_PKc_E4_145	SCYL2	1569	3160	1596	2250	2284	1893
PLK3_PKc_E6_96.1	PLK3	1026	1179	2711	858	2028	2585
MAST2_PKc_E16_139.11	MAST2	2110	1196	1291	1387	1312	1436
CSNK1G2_PKc_E2_55.5	CSNK1G2	2095	2032	2128	2200	2168	2137
CDK11B_PKc_E15_122.1	CDK11B	1465	615	810	1182	1501	732
CASK_PKc_E6_103.2	CASK	1686	2404	1740	840	2971	2551
CAMK2A_PKc_E6_73.3	CAMK2A	1697	2464	1313	1450	2392	1811
BUB1B_PKc_E22_107.9	BUB1B	143	462	58	67	471	500
RPS6KA2_PKc2_E15_90.7	RPS6KA2	1319	2603	983	1301	2521	1308
CSNK2A2_PKc_E3_102.5	CSNK2A2	2591	3236	2902	2591	2648	3939
CAMKK1_PKc_E5_52	CAMKK1	905	1929	1431	1359	2985	2306
RPS6KA3_PKc2_E21_141.1	RPS6KA3	2447	624	2245	2478	1146	1217
TSSK1B_PKc_E1_789.59	TSSK1B	1016	2278	1104	469	1389	1569
SIK1_PKc_E3_117.1	SIK1	3035	1253	1470	2236	1400	1757
RET_PKc_E12_118.2	RET	2949	1255	1675	2864	1510	2150
MAP2K4_PKc_E7_128.3	MAP2K4	1455	2216	1343	1708	2051	2075
EIF2AK4_PKc2_E17_55	EIF2AK4	2338	1986	1364	1415	1736	2030
TRRAP_PKc_E68_218.2	TRRAP	793	2	360	590	535	755
NEK1_PKc_E6_84	NEK1	1189	2685	1242	771	1406	2114
AK1_PKc_E5_117.13	AK1	1236	1587	1150	1655	1509	1335
RIPK4_PKc_E1_110.8	RIPK4	2307	1993	1575	3507	1629	2308
CDK2_PKc_E2_78.3	CDK2	484	448	225	0	340	237
ERBB4_PKc_E17_54	ERBB4	1924	987	3098	2006	2145	4107
CDK9_PKc_E1_77.4	CDK9	80	485	231	27	543	255
RPS6KA1_PKc_E4_82.9	RPS6KA1	2215	3972	1974	2998	1310	3546
MAST1_PKc_E14_133.6	MAST1	1653	779	604	1168	1350	758
EIF2AK3_PKc_E16_63.2	EIF2AK3	2743	2628	2669	2497	2211	4958
ERBB3_PKc_E19_99.4	ERBB3	591	1061	848	855	1318	615
NEK2_PKc_E5_127.4	NEK2	602	1175	335	304	705	438
JAK3_PKc2_E20_125.11	JAK3	2031	805	1581	1378	2565	3513
CLK3_PKc_E6_117	CLK3	1622	2242	1514	1397	2589	2260
PRKCQ_PKc_E14_63.1	PRKCQ	1639	1282	1427	1746	1480	1719
NIM1K_PKc_E3_269.33	NIM1K	773	2128	857	182	1048	1489
WNK1_PKc_E1_177.4	WNK1	336	0	607	808	564	1197
STK24_PKc_E7_102.2	STK24	1868	963	1720	760	1433	1560
PKN3_PKc_E18_77.5	PKN3	2998	2578	1477	2195	2115	1307
ATR_PKc_E42_151.4	ATR	122	32	518	485	455	220
PAK7_PKc_E10_135.21	PAK7	2328	1633	824	2915	1599	1064
MAP2K2_PKc_E7_214.15	MAP2K2	680	3959	2201	1304	2560	2626
DSTYK_PKc_E9_133	DSTYK	2179	2179	1142	2714	1655	1738
CDK15_PKc_E6_63.4	CDK15	987	1839	1986	2032	1919	2360
IRAK2_PKc_E5_78	IRAK2	3684	2288	3969	2371	1768	1881
EPHA1_PKc_E12_186.1	EPHA1	288	621	965	633	1382	1424
LIMK1_PKc_E13_157.8	LIMK1	1775	3620	854	3543	2110	732
INSR_PKc_E21_135.15	INSR	2638	3146	2875	3919	2262	1465
TRRAP_PKc_E72_54.3	TRRAP	484	615	823	560	324	887
DAPK3_PKc_E8_43	DAPK3	1097	2022	1080	1246	1189	1420
MASTL_PKc2_E9_142.23	MASTL	1828	1114	1975	664	377	899
MAPK11_PKc_E3_59	MAPK11	1456	667	780	1854	1518	1957
ARAF_PKc_E14_132.7	ARAF	4942	1298	3007	3220	1984	2890
ROR1_PKc_E9_849.12	ROR1	1121	1551	2399	3228	1476	2974
CDK10_PKc_E7_53.1	CDK10	1461	1512	1538	3006	3105	1783
CDK12_PKc_E9_78.1	CDK12	2769	2149	1367	4876	1663	1840
SLK_PKc_E2_165.3	SLK	1416	1736	1269	2226	1633	2676
INSR_PKc_E19_160.7	INSR	933	850	1440	843	1472	1675
ERBB4_PKc_E22_76.2	ERBB4	849	815	1576	1442	2103	1506
CAMK2G_PKc_E5_66.2	CAMK2G	1330	2260	730	704	2934	747
TTN_PKc_E358_736.25	TTN	1572	2989	1767	1319	3237	3767
PLK3_PKc_E2_108.3	PLK3	4379	3364	1409	3773	2164	2368
CSF1R_PKc_E12_127.12	CSF1R	1875	1658	2056	1666	2846	2785
AXL_PKc_E14_78.7	AXL	3626	2176	1630	3119	1904	3249
VRK2_PKc_E2_91.4	VRK2	402	3254	1579	1148	2957	1615
STK33_PKc_E6_105	STK33	1198	3154	3598	1622	2930	3605
CSK_PKc_E7_61.3	CSK	3108	5174	3744	1436	3147	2960
CHUK_PKc_E1_63.6	CHUK	2681	2684	1109	1727	1995	1229
PIM2_PKc_E5_177.23	PIM2	1385	3300	4052	1087	2766	4642
CDK9_e5.2	CDK9	271	155	432	202	479	213
CHEK1_PKc_E2_65.4	CHEK1	0	0	453	88	138	74
UHMK1_PKc_E4_95.4	UHMK1	1036	1078	1724	667	449	1561
STYK1_PKc_E9_41.1	STYK1	1159	1524	2156	1737	1609	3925
STK26_PKc_E6_158.7	STK26	892	575	2149	1236	1248	955
CAMK2D_PKc_E3_60	CAMK2D	2415	2231	1324	1503	1916	1287
CLK2_PKc_E6_117.1	CLK2	1470	2093	1244	570	1612	821
RIPK2_PKc_E4_158.7	RIPK2	1936	2023	1047	1744	1148	2389
MAP2K1_PKc_E6_125.2	MAP2K1	1794	2460	2382	2452	1633	1106
TYK2_PKc2_E24_111.8	TYK2	1482	4037	549	1107	2192	1592
PRKD2_PKc_E15_99.1	PRKD2	962	2012	1499	1148	1788	1524
MAP3K12_PKc_E6_159.21	MAP3K12	2382	881	2545	1190	1285	2245
AURKB_PKc_E5_191.1	AURKB	611	378	517	323	299	379
SBK1_PKc_E4_522.84	SBK1	3183	1623	1019	2655	1629	1858
GRK5_PKc_E12_209.8	GRK5	2198	1500	1887	1283	1203	1302
CDC42BPB_PKc_E1_169.12	CDC42BPB	1477	2421	2631	1896	3133	3029
CAMK1D_PKc_E5_127.8	CAMK1D	5017	2194	2799	5369	3289	3264
STK33_PKc_E7_139	STK33	953	1463	2531	1473	2731	2934
SCYL2_PKc_E6_222.9	SCYL2	256	1277	804	804	1581	2160
neg31	CONTROL	851	1459	1211	732	1427	1372
CDK11A_PKc_E15_122.4	CDK11A	1320	1027	851	1221	1243	1857
TSSK3_PKc_E2_650.2	TSSK3	574	904	1103	156	1114	1010
ITK_PKc_E16_158.15	ITK	3888	1725	1925	2101	1866	1705
STK10_PKc_E3_49.5	STK10	2069	1312	1407	1954	499	1358
PBK_PKc_E8_191	PBK	1472	3172	2577	2052	3078	2702
neg13	CONTROL	1073	1713	1686	1492	1272	1104
MTOR_PKc_E48_148.19	MTOR	318	442	177	0	687	301
CDK3_PKc_E7_204.1	CDK3	982	1498	1399	1306	1408	1560
ROCK2_PKc_E4_138	ROCK2	3796	2062	1640	2771	2291	1986
RET_PKc_E16_71	RET	3219	2858	1207	2080	1998	1765
NEK10_PKc_E23_103	NEK10	2032	882	1354	1863	1509	1245
MAP2K6_PKc_E9_78.5	MAP2K6	1743	3726	1155	1336	2533	1981
CDC42BPB_PKc_E3_84.2	CDC42BPB	4947	2979	2261	8147	4224	2124
EPHB2_PKc_E13_150.22	EPHB2	1984	1155	2015	2189	1192	2169
IRAK3_PKc_E7_115.3	IRAK3	4757	2057	1861	5465	2234	2682
IRAK1_PKc_E9_208.4	IRAK1	1348	1891	2743	2356	2003	3394
TIE1_PKc_E20_41.2	TIE1	924	1252	1308	344	2141	1653
NPR2_PKc_E13_160.8	NPR2	1333	2637	2625	976	1789	1911
TRPM7_PKc_E34_228.12	TRPM7	1319	505	888	749	1450	812
MAP3K6_PKc_E17_137.9	MAP3K6	1232	2395	1553	1703	1012	1499
EPHB4_PKc_E13_216.23	EPHB4	3101	738	1577	2010	1538	1283
GRK6_PKc_E8_141.5	GRK6	1566	736	1199	1450	1369	2941
CDK1_PKc_E6_164	CDK1	67	8	1178	87	213	1457
CASK_PKc_E8_123.4	CASK	1548	2527	3638	1709	2263	3355
STK32B_PKc_E2_45.2	STK32B	1998	3937	2488	1614	1105	3207
MARK3_PKc_E8_237.3	MARK3	1873	1892	2542	3811	1024	1656
MAPK3_PKc_E2_183	MAPK3	2184	2562	3494	1993	1691	3565
PRKD1_PKc_E16_268.7	PRKD1	1360	990	833	1124	1508	1005
OXSR1_PKc_E5_56	OXSR1	994	877	1932	723	601	3245
MAPK14_PKc_E4_112.4	MAPK14	1635	2874	1471	3569	1435	2443
KIT_PKc_E14_151.6	KIT	1899	2451	2905	2360	2847	4128
PKN1_PKc_E14_42.4	PKN1	2416	1261	1409	2418	1589	3329
PDK3_PKc_E1_34	PDK3	1779	1303	906	1257	1194	487
SPEG_PKc2_E35_168.25	SPEG	1113	3162	2923	1129	1870	1748
MAPK6_PKc_E2_516.38	MAPK6	3445	2385	1760	2220	3732	1878
FRK_PKc_E5_159.6	FRK	2043	2128	1035	2392	1434	1764
MAPK15_PKc_E4_91.8	MAPK15	1489	1703	1325	2541	1422	1964
JAK1_PKc_E17_152.6	JAK1	537	1111	495	900	1028	1107
EPHB2_PKc_E14_150.11	EPHB2	2334	1746	2877	2050	2080	1352
ADCK5_PKc_E12_52.5	ADCK5	1783	1353	1310	881	2198	1839
PDK3_PKc_E3_72.1	PDK3	3067	4100	1724	3293	2357	2780
neg32	CONTROL	1611	2413	2829	1786	2211	2061
RPS6KA4_PKc_E2_34	RPS6KA4	2594	2050	1689	2409	1791	1394
AK1_PKc_E4_164.19	AK1	2918	3252	1989	2882	2057	1131
ADCK5_PKc_E8_132.7	ADCK5	2143	2122	1597	3271	1944	3338
FGFR3_PKc_E12_111.1	FGFR3	2331	2412	1612	2045	1547	2423
NRBP1_PKc_E3_123	NRBP1	846	1178	1438	1211	916	1181
LCK_PKc_E12_132.1	LCK	986	1102	894	473	1461	1437
MAP3K14_PKc_E8_132.6	MAP3K14	1253	903	1162	1636	905	2180
SGK494_PKc_E3_84	SGK494	3152	989	2537	2974	1116	2898
TNK1_PKc_E5_156.5	TNK1	1163	1563	1815	967	777	2157
LATS1_PKc_E7_107.6	LATS1	3163	3135	2084	3748	2769	3547
ACVR1_PKc_E6_40	ACVR1	2098	1681	1661	1443	948	1466
SGK2_PKc_E4_84.4	SGK2	1777	3277	1399	1793	2193	1411
FYN_PKc_E9_82.12	FYN	2064	1945	3633	2352	2533	2192
TSSK4_PKc_E2_215.28	TSSK4	2339	1933	1696	3825	1708	1382
NTRK1_PKc_E14_173.1	NTRK1	1928	2003	2385	1226	1712	1491
PKN2_PKc_E17_63	PKN2	993	1218	1117	860	1370	402
CHEK1_PKc_E3_224.1	CHEK1	197	386	425	39	825	213
CDK15_PKc_E5_95.2	CDK15	3307	2375	3171	3240	2412	2631
MKNK1_PKc_E7_105.6	MKNK1	1578	2496	1792	1753	786	1287
CSK_PKc_E12_87	CSK	2976	808	1756	1650	793	1953
EPHA7_PKc_E13_210.13	EPHA7	1034	1453	745	1291	2899	1903
NRBP1_PKc_E8_84.1	NRBP1	410	1487	1290	678	2120	1756
TSSK3_PKc_E1_121.13	TSSK3	1217	1645	1077	657	478	1384
ERBB2_PKc_E22_76.9	ERBB2	1001	876	318	1150	753	292
AKT1_PKc_E8_69.2	AKT1	1441	3790	1818	1976	2432	2273
DYRK2_PKc_E3_1140.32	DYRK2	1422	1074	1193	1246	1074	1850
WNK2_PKc_E2_173.6	WNK2	887	1282	798	1142	1431	1866
MLKL_PKc_E7_82.3	MLKL	2165	4868	3036	3958	2749	3095
CDK9_e4.1	CDK9	1891	645	318	1720	479	989
EPHA3_PKc_E12_62.2	EPHA3	682	805	1379	508	1076	1916
CSNK1E_PKc_E3_111.11	CSNK1E	1567	1579	1099	2428	1342	1420
RPS6KA1_PKc2_E18_162.1	RPS6KA1	1932	1576	1081	3505	1733	2757
NEK9_PKc_E4_71	NEK9	275	1984	729	1177	2257	1196
RPS6KA6_PKc_E3_42.4	RPS6KA6	703	1657	710	1116	1417	1475
CDKL2_PKc_E3_195.7	CDKL2	2134	3549	1644	2635	2371	2348
RPS6KB1_PKc_E4_69	RPS6KB1	2451	2410	2376	1561	1622	2860
NUAK1_PKc_E5_120.6	NUAK1	1257	704	682	787	1335	2576
MKNK2_PKc_E8_105.12	MKNK2	1684	1889	2072	2108	2879	1674
WNK3_PKc_E4_221.16	WNK3	1747	1506	1946	1929	2591	1505
TRIB2_PKc_E3_361.52	TRIB2	903	2383	2150	534	1529	2829
MAPK1_PKc_E1_65.1	MAPK1	1087	834	1742	935	294	1131
EEF2K_PKc_E8_133	EEF2K	2145	2201	3146	4252	1265	1564
CDK7_PKc_E5_69.2	CDK7	508	647	97	669	433	221
CDK13_PKc_E8_102.1	CDK13	265	1311	1515	610	1526	540
PAK1_PKc_E8_53.2	PAK1	1881	1612	1099	1976	1990	1688
OBSCN_PKc_E89_173.11	OBSCN	2441	332	1371	3158	1030	3047
RAF1_PKc_E11_85.12	RAF1	1682	1714	1998	695	1111	974
FRK_PKc_E6_182.11	FRK	1235	2079	366	1863	516	836
EEF2K_PKc_E6_172.2	EEF2K	2226	1257	1150	1929	1723	1445
CDKL2_PKc_E4_179.16	CDKL2	1304	2181	1726	1896	1400	1480
IRAK3_PKc_E8_119.1	IRAK3	1089	1285	1609	1476	2294	1862
IGF1R_PKc_E17_111.7	IGF1R	413	850	585	429	634	1642
PRKX_PKc_E7_78.2	PRKX	1855	2824	2040	2050	2446	2578
FLT4_PKc_E22_95	FLT4	1840	2752	1665	1766	3063	1933
AK1_PKc_E5_117.2	AK1	1007	1948	858	1229	1551	1077
MAP3K6_PKc_E15_134.22	MAP3K6	1083	1847	881	1861	1986	957
ATR_PKc_E41_144.3	ATR	128	174	84	93	143	138
SBK2_PKc_E3_203.21	SBK2	907	2939	1419	1269	2040	2922
CSNK1D_PKc_E1_55.3	CSNK1D	1381	1488	1198	2313	1318	1948
BRSK1_PKc_E2_95.4	BRSK1	1845	1918	1453	3641	1054	1243
PRKG1_PKc_E12_90.2	PRKG1	1682	2410	2756	2330	2206	2314
MARK3_PKc_E2_81.3	MARK3	2912	1947	2055	4307	1479	2221
PHKG2_PKc_E5_66.2	PHKG2	953	1321	555	265	1574	691
PAK1_PKc_E12_100	PAK1	1950	3217	1659	1983	2696	1793
MARK4_PKc_E6_71.4	MARK4	1476	1802	2167	2356	1618	2358
AK2_PKc_E6_159.21	AK2	1514	999	1188	1420	1292	827
AAK1_PKc_E6_122	AAK1	1836	678	1264	1067	1433	1437
JAK2_PKc2_E24_114.2	JAK2	1048	3254	979	801	2024	796
SRC_PKc_E14_206	SRC	2115	2176	1737	1901	2955	2195
NPR2_PKc_E9_75.6	NPR2	980	1171	1722	1412	2381	2902
VRK3_PKc_E6_65.2	VRK3	1808	3597	1696	1069	2516	1363
SIK2_PKc_E2_117	SIK2	1388	2195	1913	2050	655	2322
ABL2_PKc_E7_178.9	ABL2	3808	3013	1748	4237	3172	1576
MARK4_PKc_E8_237.22	MARK4	1400	624	1785	1575	1455	2996
CDK1_PKc_E2_37.1	CDK1	3608	2767	1605	4266	1958	2130
FRK_PKc_E4_127.1	FRK	1274	1913	742	497	800	2203
PTK2_PKc_E16_90.1	PTK2	417	961	683	171	495	164
PAK6_PKc_E6_204.1	PAK6	1162	1285	1603	2634	1721	2204
LIMK2_PKc_E10_57.4	LIMK2	2408	934	2453	1349	1318	1938
CDC42BPA_PKc_E4_96	CDC42BPA	1067	1761	2758	1446	2111	1874
ERBB3_PKc_E18_75.4	ERBB3	2508	1965	1329	1324	2419	1455
BRSK1_PKc_E3_86	BRSK1	1534	3298	1418	1430	1989	1667
MINK1_PKc_E2_66.6	MINK1	1275	1522	511	986	2368	1646
ICK_PKc_E5_122.2	ICK	2702	3597	2558	2711	2847	2996
MAPK11_PKc_E4_112.3	MAPK11	1980	2325	2250	2195	2796	2959
KDR_PKc_E21_154.5	KDR	3315	1035	2387	3728	2306	2272
MATK_PKc_E11_74.3	MATK	1439	844	1153	1256	1559	992
CDK1_e4.1	CDK1	0	226	10	137	81	11
EIF2AK2_PKc_E11_123.3	EIF2AK2	1786	3241	1626	1643	1520	1881
DYRK4_PKc_E8_82.5	DYRK4	1226	2018	2049	1766	1845	2827
CDC7_PKc_E7_250.6	CDC7	524	124	325	369	51	181
PLK4_PKc_E3_96.2	PLK4	255	866	0	182	315	61
ROS1_PKc_E37_65	ROS1	631	1987	1636	619	1196	1323
MAPK6_PKc_E4_165.6	MAPK6	1143	934	2534	1827	1450	3726
VRK3_PKc_E8_85.5	VRK3	1813	1058	1690	2076	1959	1200
PRKCE_PKc_E11_155.2	PRKCE	1628	575	1791	1810	938	820
TAOK2_PKc_E6_97.9	TAOK2	1132	2188	776	1291	2589	1893
CSNK1G3_PKc_E3_41	CSNK1G3	1890	722	1409	1460	1246	2172
ATM_PKc_E60_115.5	ATM	1048	994	356	1292	1818	845
KSR1_PKc_E19_132.13	KSR1	1627	3303	1751	3016	1497	2104
JAK1_PKc2_E19_95.2	JAK1	766	1296	2528	608	972	2757
CDK16_PKc_E5_36	CDK16	2948	2075	2347	3575	2162	2768
TEC_PKc_E14_217	TEC	1145	1891	1665	1913	1813	1564
MYLK3_PKc_E8_142	MYLK3	806	2869	823	1144	3226	1575
MARK1_PKc_E8_237.15	MARK1	454	1195	1670	864	1116	1706
ALK_PKc_E22_65.1	ALK	1448	1255	1083	2184	895	1546
BUB1_PKc_E25_157.4	BUB1	440	772	494	158	729	716
WEE2_PKc_E9_171.7	WEE2	3243	2390	2151	1989	1994	2084
ULK4_PKc_E7_84.1	ULK4	795	2404	1022	1195	1789	827
TLK2_PKc_E22_108.1	TLK2	1149	1010	1294	1625	1845	1954
RPA3_e1.1	RPA3	1410	252	91	844	265	228
VRK1_PKc_E7_93	VRK1	183	675	191	87	505	56
PSKH2_PKc_E3_108.5	PSKH2	3331	1649	2324	2784	2476	2074
MAP3K3_PKc_E14_132	MAP3K3	1687	2378	1027	830	799	3163
MAPKAPK5_PKc_E2_68.2	MAPKAPK5	1640	3001	799	2144	1912	2115
STK32B_PKc_E5_38	STK32B	1084	2452	2843	1149	1790	1911
SPEG_PKc2_E33_168.1	SPEG	1377	2865	1018	1609	2032	756
neg07	CONTROL	3831	4164	3884	2968	2569	4956
KIAA1804_PKc_E2_181.12	KIAA1804	1856	1023	2569	1266	1975	3321
SMG1_PKc_E44_110.2	SMG1	298	929	246	142	700	134
EPHA5_PKc_E14_210.8	EPHA5	926	3583	1269	1825	1327	1205
TXK_PKc_E14_158.4	TXK	1863	1724	646	1729	1305	1932
PCNA_e2.2	PCNA	273	0	274	71	320	161
MYLK3_PKc_E10_129.9	MYLK3	2071	536	1036	1612	935	1075
ADCK5_PKc_E11_79.1	ADCK5	565	2370	622	1084	1835	1478
EPHA1_PKc_E15_150.26	EPHA1	2033	2882	1681	2964	2631	2645
RPS6KL1_PKc_E9_83	RPS6KL1	1203	1754	995	1560	854	1295
TNK2_PKc_E6_278.3	TNK2	2354	612	1878	1263	1705	2848
EPHB2_PKc_E10_43.1	EPHB2	1419	1695	2276	1798	2958	2633
DAPK3_PKc_E3_361.58	DAPK3	1938	981	1197	1957	2297	1616
SBK3_PKc_E4_525.38	SBK3	1594	1977	1330	2112	2134	1294
MAP3K9_PKc_E5_68.2	MAP3K9	1677	925	1155	3019	2005	1437
DAPK3_PKc_E2_44	DAPK3	1325	770	1191	449	1285	1568
NRK_PKc_E4_72.4	NRK	3090	2794	2037	2128	1529	2080
DDR2_PKc_E19_120.5	DDR2	1883	1232	1714	754	1083	926
PDGFRB_PKc_E12_124.1	PDGFRB	1839	2387	1598	1324	3368	2769
PRKCH_PKc_E10_155.8	PRKCH	3624	2729	2932	3352	2716	2890
PIM2_PKc_E2_81	PIM2	2288	1732	1597	3017	1920	2216
CHEK2_PKc_E8_62.1	CHEK2	1537	1226	1139	2387	986	1452
CDK20_PKc_E1_75.1	CDK20	1267	1739	1849	1882	1688	1922
STK17A_PKc_E2_213.9	STK17A	1664	431	1844	1987	866	1724
MARK2_PKc_E5_66.1	MARK2	972	1771	445	1560	1526	1596
CDKL3_PKc_E3_195.2	CDKL3	953	1072	925	966	475	2279
BMP2K_PKc_E5_122.2	BMP2K	1197	1742	1697	1073	2339	1241
CLK1_PKc_E6_117.1	CLK1	539	863	569	1003	603	1321
ADRBK2_PKc_E8_92.2	ADRBK2	984	1362	1211	1272	1221	863
TNIK_PKc_E2_66.8	TNIK	333	447	843	445	945	625
ZAK_PKc_E4_102.3	ZAK	2814	1649	3570	2491	949	3358
TNIK_PKc_E4_126.7	TNIK	2310	3227	2748	1710	2005	2031
STK39_PKc_E4_142	STK39	2342	1273	1032	2347	2393	1727
LRRK1_PKc_E25_124.6	LRRK1	2201	2540	1466	1494	2269	2097
STK17B_PKc_E5_127.2	STK17B	1053	913	1716	1614	1613	1314
MAP3K14_PKc_E9_105.1	MAP3K14	1006	2575	1138	1917	1681	1290
MAP3K2_PKc_E12_138.9	MAP3K2	1274	99	1383	1650	658	1779
MINK1_PKc_E5_111.5	MINK1	1304	2527	1756	2038	1259	1824
HIPK4_PKc_E1_435.51	HIPK4	2563	1984	3657	2427	1902	4144
PRKAA1_PKc_E2_142.3	PRKAA1	2891	2252	1772	3007	3559	3018
MAP3K13_PKc_E5_159.6	MAP3K13	1049	1240	1421	1437	779	1956
neg21	CONTROL	1913	2184	1980	2332	2603	2105
YES1_PKc_E9_77.4	YES1	2198	924	1655	3234	976	1737
DDR2_PKc_E18_150.9	DDR2	624	860	570	761	2081	1317
PLK3_PKc_E5_88.1	PLK3	2616	1919	2288	1313	2762	2155
MARK2_PKc_E4_49.1	MARK2	3616	2561	1746	3331	2356	2784
CAMKK2_PKc_E9_89.6	CAMKK2	1764	4937	1214	1039	3128	977
STK3_PKc_E4_41	STK3	1411	3619	2418	1852	2949	3717
EPHA7_PKc_E15_150.1	EPHA7	3068	1740	2080	2801	2220	1992
STK25_PKc_E3_219	STK25	2192	2194	1503	1686	2853	2132
GCK_PKc_E6_100.5	GCK	6306	624	1224	3106	1619	1807
FGFR2_PKc_E15_71.1	FGFR2	487	1430	712	486	1147	531
ERBB3_PKc_E20_186.13	ERBB3	725	842	977	1771	709	1308
PRKD1_PKc_E13_107.1	PRKD1	1100	963	1318	1992	788	1503
NEK6_PKc_E5_63	NEK6	1687	595	2136	1741	836	2580
IRAK1_PKc_E10_66.4	IRAK1	939	1069	1552	1463	1241	2404
HUNK_PKc_E6_86.5	HUNK	1467	2180	2127	1755	2908	1638
BLK_PKc_E10_77.4	BLK	2494	1840	2598	3698	1190	3734
OXSR1_PKc_E6_110.9	OXSR1	746	259	757	824	1564	1360
EIF2AK2_PKc_E16_54.1	EIF2AK2	1169	1719	1258	2413	1666	2571
LCK_PKc_E11_154.1	LCK	639	1753	1885	1468	1618	1778
PAK7_PKc_E11_147.8	PAK7	1585	2114	1760	1057	1396	3669
MAP2K5_PKc_E13_49	MAP2K5	1959	2267	2232	1381	1390	2225
FGR_PKc_E8_52	FGR	2169	615	2681	2311	1479	3124
PRKD2_PKc_E14_162.19	PRKD2	1515	985	2891	1252	1532	2598
CSNK1D_PKc_E3_149.8	CSNK1D	607	1461	1031	462	958	853
ULK3_PKc_E2_141.11	ULK3	642	2668	716	926	2187	2313
STK35_PKc_E3_695.58	STK35	1047	2421	2210	1142	929	2819
KSR2_PKc_E15_97.1	KSR2	345	888	301	855	1614	849
STK38L_PKc_E9_62	STK38L	1560	2233	2634	2405	2063	2762
FYN_PKc_E14_197.11	FYN	1507	1313	1600	1357	1348	1509
AMHR2_PKc_E8_173.31	AMHR2	1603	1223	1095	1207	1494	1221
STK17A_PKc_E3_145	STK17A	1055	1311	1068	951	903	1281
PRKDC_PKc_E81_90.5	PRKDC	776	0	897	236	515	643
PKN1_PKc_E17_63	PKN1	664	1750	2598	1475	1847	1152
MINK1_PKc_E3_57	MINK1	1694	2690	971	1245	1615	1410
EPHA6_PKc_E12_126.26	EPHA6	948	1349	439	637	1820	1036
MARK3_PKc_E7_57.1	MARK3	1851	1458	739	951	1111	2298
HCK_PKc_E11_154.1	HCK	1184	1841	2227	1057	1475	2159
SGK2_PKc_E5_132.5	SGK2	785	1406	1154	560	563	1564
IKBKE_PKc_E5_130.2	IKBKE	983	2809	1219	1117	2827	1933
MARK4_PKc_E3_54.2	MARK4	3434	1170	1034	1734	1592	833
PRKCQ_PKc_E15_139.2	PRKCQ	2648	3542	2470	2551	4029	4016
BMPR2_PKc_E6_231	BMPR2	644	0	592	873	1079	1286
CDKL3_PKc_E7_66.1	CDKL3	1041	2916	1681	1393	1806	1877
HIPK4_PKc_E3_219.24	HIPK4	2987	2769	2407	2369	1845	2072
TIE1_PKc_E15_115.16	TIE1	1494	3158	2099	1883	1003	3829
PRKACG_PKc_E1_948.146	PRKACG	739	1286	1985	1177	1078	1908
PIM3_PKc_E2_81.9	PIM3	1222	2132	1284	1002	1945	1673
AMHR2_PKc_E10_137.5	AMHR2	1108	3858	3075	2383	1715	2988
ULK1_PKc_E7_74.4	ULK1	3195	3035	791	2790	1611	982
RPS6KB2_PKc_E5_148.5	RPS6KB2	2263	1730	1893	1362	2016	2144
STK24_PKc_E5_158.6	STK24	740	1101	1706	1020	2386	2594
LYN_PKc_E9_183.5	LYN	1396	2111	2666	2511	2109	2439
MOK_PKc_E8_102.4	MOK	1701	1775	1288	1636	2127	1335
TYK2_PKc2_E19_42.1	TYK2	2652	2070	2710	2160	2105	4940
STK19_PKc_E4_108.2	STK19	2485	1577	1290	2640	1775	1823
PDK1_PKc_E6_68.2	PDK1	2300	2560	5323	2906	2297	3540
MAP2K6_PKc_E4_96.5	MAP2K6	2292	1872	2535	3698	1869	2952
EPHA10_PKc_E10_46	EPHA10	1518	214	1098	1253	1332	1392
PHKG1_PKc_E6_66.1	PHKG1	2523	2280	1079	2642	1105	2175
MAP2K7_PKc_E10_143.8	MAP2K7	924	1181	1351	794	1444	1011
NEK4_PKc_E3_198.17	NEK4	609	1014	714	1273	1477	2581
CLK2_PKc_E5_67	CLK2	440	1690	2080	245	979	662
TBK1_PKc_E6_161.8	TBK1	1487	583	1077	1709	732	1012
PRKACA_PKc_E3_114.2	PRKACA	1641	2102	1077	1482	2168	1477
PRKD1_PKc_E17_83	PRKD1	2079	918	685	1011	1207	1017
DYRK3_PKc_E3_1140.11	DYRK3	3416	3189	2559	2285	996	1884
CDC7_PKc_E6_143.7	CDC7	105	0	119	327	61	0
DYRK4_PKc_E7_139.3	DYRK4	2072	1597	1023	655	1787	1924
MAP2K2_PKc_E9_62	MAP2K2	1244	1468	1399	749	808	685
MAP2K2_PKc_E2_108.5	MAP2K2	2898	1666	2104	1819	1091	1170
ADCK4_PKc_E8_141.12	ADCK4	1508	2249	2700	3613	1900	2744
IRAK4_PKc_E10_184.6	IRAK4	983	1916	1923	993	2106	1736
PRKCA_PKc_E10_174.1	PRKCA	2384	1626	1217	2039	1539	1783
BCR_PKc_E1_1278.242	BCR	1209	3309	1266	519	2195	1774
ACVR1C_PKc_E8_131.1	ACVR1C	1414	1191	2030	1107	1854	1843
GSG2_PKc_E1_1371.87	GSG2	396	752	382	848	1370	230
PRKACB_PKc_E4_99.2	PRKACB	1832	3539	1640	1700	1563	1755
TEK_PKc_E16_111	TEK	1115	3816	2658	1038	2855	2761
RIPK2_PKc_E1_116.3	RIPK2	887	1370	1073	478	1189	1488
AKT3_PKc_E8_123.3	AKT3	856	2889	1656	2829	1642	1244
AKT1_PKc_E7_66.3	AKT1	2082	2501	1018	1806	2174	1605
ZAP70_PKc_E11_193.18	ZAP70	68	1654	812	1040	1008	779
TESK1_PKc_E3_49.2	TESK1	1064	760	2824	1070	1588	3005
FLT4_PKc_E21_151.21	FLT4	1574	1169	1761	900	909	924
CDK4_PKc_E7_136.28	CDK4	744	2461	772	466	925	1303
RPS6KA4_PKc_E3_219.13	RPS6KA4	1512	1712	1296	2113	2153	1438
MAK_PKc_E3_55.1	MAK	2226	3873	2034	1664	3134	4896
SIK3_PKc_E4_162.3	SIK3	3772	440	2842	3715	589	2191
DDR2_PKc_E15_128.5	DDR2	1956	1260	1222	1482	1213	1245
ABL1_PKc_E8_153.18	ABL1	724	904	1012	829	1875	1949
VRK3_PKc_E9_106.14	VRK3	921	1169	1683	1290	1063	2433
MYLK4_PKc_E6_110.3	MYLK4	1825	3399	2093	1635	2591	1693
AATK_PKc_E7_134.11	AATK	614	1151	804	755	1212	1598
MTOR_PKc_E49_123.6	MTOR	180	0	70	0	0	71
EPHA3_PKc_E13_210.12	EPHA3	3439	4892	3274	3772	3098	3763
CDK17_PKc_E11_121.4	CDK17	4898	1497	1639	2852	2566	1876
TNNI3K_PKc_E19_53	TNNI3K	2089	1774	2006	2361	2525	2944
MAPKAPK3_PKc_E5_140.4	MAPKAPK3	2322	4339	595	1991	1679	1509
MAP3K2_PKc_E14_130.2	MAP3K2	2788	2516	1442	2562	1723	1578
LMTK2_PKc_E7_134.1	LMTK2	436	2322	1900	411	2410	1184
WNK3_PKc_E7_52.1	WNK3	1811	1174	1304	2642	1282	1347
LATS1_PKc_E5_487.26	LATS1	1054	1067	1332	1143	1073	1594
PRKCD_PKc_E14_92.12	PRKCD	1066	1685	750	1802	1460	912
ACVRL1_PKc_E8_198.4	ACVRL1	787	839	1744	778	533	866
WNK1_PKc_E4_158.11	WNK1	66	417	385	318	1086	657
FGFR4_PKc_E13_191.1	FGFR4	843	2143	1534	682	1548	2361
EPHA1_PKc_E14_207.8	EPHA1	2814	1972	2171	3612	1739	2659
CDKL5_PKc_E5_137.5	CDKL5	1874	2480	1804	1840	2340	2060
RAF1_PKc_E14_119.3	RAF1	1939	2050	1860	1669	1391	1142
PTK7_PKc_E18_152.17	PTK7	1341	1431	2324	2401	1776	1406
PASK_PKc_E13_126.11	PASK	972	905	2832	2272	999	2110
AK2_PKc_E6_159.19	AK2	1103	631	993	1475	1224	1140
EIF2AK3_PKc_E12_103.6	EIF2AK3	1067	1240	1114	472	1519	1391
DCLK3_PKc_E2_390.6	DCLK3	803	1144	999	874	1704	461
TEK_PKc_E20_41	TEK	5268	3258	1604	2382	1597	1781
STK36_PKc_E2_81.8	STK36	1006	1667	482	767	2013	1614
MKNK2_PKc_E10_96.5	MKNK2	1697	1932	1207	2459	1289	2744
MAST4_PKc_E14_41.1	MAST4	1424	1625	1090	2020	2387	1421
ADCK1_PKc_E7_117.13	ADCK1	767	1865	1265	812	1885	1719
PRKD3_PKc_E12_64.4	PRKD3	2079	3364	995	2412	1465	1815
ULK2_PKc_E8_102.3	ULK2	1005	1525	1775	659	1226	1976
RPS6KB1_PKc_E5_148.2	RPS6KB1	202	258	182	238	957	332
INSR_PKc_E18_111.11	INSR	862	496	1008	1078	922	1681
DCLK2_PKc_E10_120.6	DCLK2	1757	1474	2120	1952	1225	1924
TTK_PKc_E15_158.2	TTK	531	97	1055	465	775	1284
PDPK1_PKc_E2_48.4	PDPK1	1498	742	1171	1682	1058	1616
MASTL_PKc2_E10_114.6	MASTL	0	36	9	76	100	15
CAMK2B_PKc_E4_55	CAMK2B	2172	806	1755	1085	957	2035
STK25_PKc_E6_158.1	STK25	527	969	1362	1775	921	1209
CDKL3_PKc_E5_113.2	CDKL3	1417	1026	991	2012	1851	1147
CAMK2A_PKc_E2_95	CAMK2A	1930	1699	1342	2068	2519	3515
TTBK2_PKc_E3_148.2	TTBK2	2119	3219	1021	1848	2715	1324
MYO3B_PKc_E3_135.4	MYO3B	1937	3066	2283	2210	988	1594
LMTK2_PKc_E5_119.2	LMTK2	1111	3170	1708	2633	680	888
PRKCI_PKc_E15_80	PRKCI	1186	670	975	1992	1348	1295
MAP3K10_PKc_E2_181.22	MAP3K10	852	956	787	1488	1747	2093
LATS2_PKc_E6_183.4	LATS2	934	3147	1478	1306	2820	2758
PTK6_PKc_E8_164.19	PTK6	2871	1763	1054	2018	1032	1131
RPS6KB2_PKc_E7_101	RPS6KB2	4038	1294	1230	3313	1493	1386
PTK6_PKc_E4_121.6	PTK6	615	764	2078	1617	1757	3106
LATS1_PKc_E6_183.19	LATS1	1331	2391	2404	1937	2960	2977
MAST2_PKc_E17_133.14	MAST2	716	904	1062	707	1650	1059
MAPKAPK3_PKc_E4_105.8	MAPKAPK3	2187	1146	1947	1693	1639	2252
POLR2A_e27.1	POLR2A	440	1067	135	745	570	1553
MAP3K14_PKc_E11_151.18	MAP3K14	1867	1449	1822	2936	2264	1192
BUB1_PKc_E21_162.7	BUB1	248	604	312	551	517	1392
SGK2_PKc_E6_113.1	SGK2	4217	1733	1166	2480	1632	1408
GRK4_PKc_E9_191.15	GRK4	1022	2614	1269	1496	3107	1389
BMP2K_PKc_E3_106.5	BMP2K	712	1002	1617	1117	1317	1582
DCLK3_PKc_E3_133.3	DCLK3	2003	3383	1360	3039	2617	1932
EIF2AK3_PKc_E11_123.1	EIF2AK3	1770	2698	2468	2586	1996	2406
CIT_PKc_E9_154.9	CIT	999	1680	1582	1032	460	1748
POMK_PKc_E4_39	POMK	1585	1194	3022	903	1904	2334
MAP3K7_PKc_E3_66.4	MAP3K7	901	3768	1510	2002	2486	2432
LYN_PKc_E11_154	LYN	3072	1497	1609	2009	1259	1308
TTBK1_PKc_E7_66.4	TTBK1	1914	964	1299	1435	599	1084
PDPK1_PKc_E2_48.3	PDPK1	593	1408	390	594	1281	1106
CDK9_PKc_E1_77.1	CDK9	1	0	0	0	0	0
ULK2_PKc_E4_33.1	ULK2	2529	2467	1859	1504	1464	2588
TRIB3_PKc_E4_361.24	TRIB3	1628	2578	908	1933	2324	1412
JAK3_PKc_E16_152.11	JAK3	595	743	1731	891	1288	1671
FYN_PKc_E13_132.11	FYN	2690	1757	2466	3931	2723	1740
TIE1_PKc_E18_114.6	TIE1	1649	1780	1336	718	1533	1540
PTK2_PKc_E20_101.3	PTK2	175	301	243	194	961	147
MAPK12_PKc_E1_95.4	MAPK12	1884	1835	1562	1210	1716	1066
ACVR1B_PKc_E10_102.5	ACVR1B	1184	372	401	659	1042	956
neg01	CONTROL	2479	2347	1397	2553	1203	2157
STK25_PKc_E4_57.7	STK25	1516	1357	905	736	3521	1619
EIF2AK2_PKc_E14_129.3	EIF2AK2	1351	1785	687	1655	1237	1618
NEK11_PKc_E5_119.7	NEK11	1898	2414	1183	1267	1735	1725
SIK1_PKc_E4_64	SIK1	1356	2852	1113	2213	2427	1137
CDK12_PKc_E7_57	CDK12	585	3514	931	964	1867	2946
SGK2_PKc_E7_37.1	SGK2	1564	1280	2521	1581	983	2175
SBK2_PKc_E4_531.4	SBK2	1647	750	834	1341	928	927
EIF2AK2_PKc_E12_159.6	EIF2AK2	935	1192	1216	927	686	1731
CDKL1_PKc_E6_83.1	CDKL1	1263	2140	1317	1262	1796	1036
TEX14_PKc_E10_179.19	TEX14	2232	1485	1761	1146	955	2139
PDIK1L_PKc_E3_708.65	PDIK1L	1107	2003	2561	912	1642	1710
BRSK2_PKc_E3_86.2	BRSK2	1692	1815	1889	1950	904	2311
CAMK2B_PKc_E3_60.2	CAMK2B	336	1921	875	459	1639	721
PLK2_PKc_E1_33	PLK2	2172	1565	1209	2103	455	1203
DYRK1B_PKc_E8_141	DYRK1B	2342	871	958	2214	1352	2156
CDK17_PKc_E9_63.2	CDK17	2392	4069	1519	2496	2477	2389
DAPK2_PKc_E2_44.1	DAPK2	1496	1562	1220	2203	1616	3114
TSSK1B_PKc_E1_789.71	TSSK1B	1093	1737	2487	1119	2810	1911
PRKCG_PKc_E14_139.17	PRKCG	3317	1374	525	2499	739	845
STKLD1_PKc_E7_116.3	STKLD1	846	202	643	1027	797	1427
PAK6_PKc_E7_134	PAK6	988	1629	1482	1261	501	1182
YES1_PKc_E8_180.6	YES1	1620	1725	1801	1824	1530	3545
PRKCA_PKc_E14_81	PRKCA	1666	1404	1445	1606	1119	1320
DYRK1B_PKc_E5_148.7	DYRK1B	2667	835	2295	884	1480	1747
CSNK2A2_PKc_E6_84.4	CSNK2A2	1107	1818	2476	1291	1310	4452
MAP3K4_PKc_E21_71.2	MAP3K4	799	675	1211	853	1013	1169
CLK3_PKc_E5_67.7	CLK3	2120	1146	2156	2035	2026	1943
VRK3_PKc_E5_85.7	VRK3	3768	3356	3821	3100	2017	3410
STK39_PKc_E5_56	STK39	2321	1778	1521	1009	1090	1189
ATR_PKc_E43_157.9	ATR	14	140	0	272	825	45
TNIK_PKc_E7_131.1	TNIK	1143	747	2941	1600	1847	1292
NEK5_PKc_E7_71.2	NEK5	2069	2997	1049	1614	2097	1121
GUCY2F_PKc_E8_90	GUCY2F	1032	3089	1264	2013	2863	1925
STK16_PKc_E7_122.16	STK16	3237	1660	1406	3731	1596	1618
PDK4_PKc_E1_34.4	PDK4	868	687	1021	1819	879	2150
TGFBR2_PKc_E6_142.2	TGFBR2	2075	2256	1733	1318	1432	2158
PTK2_PKc_E18_101.4	PTK2	471	104	713	546	755	530
POLR2A_e27.2	POLR2A	1214	749	1659	2185	1130	1865
TTN_PKc_E358_736.16	TTN	1021	775	1393	718	1734	1611
MAP3K6_PKc_E16_128	MAP3K6	2245	1757	1623	2227	1095	1479
CDKL1_PKc_E4_91.3	CDKL1	3223	3755	1818	3582	2765	1793
RIOK3_PKc_E9_160.7	RIOK3	1265	1060	2430	1087	2804	2987
KDR_PKc_E17_34.1	KDR	2874	1763	1496	2368	1917	1231
BUB1_PKc_E23_172.2	BUB1	64	752	194	321	824	503
TEC_PKc_E18_60	TEC	6398	2961	2017	5865	2615	2232
CAMK1D_PKc_E4_139.1	CAMK1D	744	1887	2342	451	883	2042
PHKG2_PKc_E4_55.3	PHKG2	94	857	1777	1083	1790	2051
EEF2K_PKc_E5_38.5	EEF2K	2370	1372	806	2386	1351	1207
PRKACA_PKc_E4_99	PRKACA	3938	2501	1448	2738	2217	2463
VRK1_PKc_E2_85.4	VRK1	0	211	31	145	282	129
GRK5_PKc_E9_191	GRK5	1416	3249	1237	1376	1326	798
TAOK1_PKc_E2_129.8	TAOK1	1908	1508	2555	1571	1439	2120
MINK1_PKc_E6_91.7	MINK1	2215	1885	2674	1971	1891	2908
neg24	CONTROL	1670	2548	2033	1514	1673	2028
FGR_PKc_E13_161.22	FGR	1987	3031	2280	2457	2330	2816
neg11	CONTROL	4201	2656	3995	3650	1492	3835
NEK7_PKc_E7_108.4	NEK7	1959	2688	1150	986	1397	1592
MET_PKc_E17_182.12	MET	1477	2268	2176	851	2070	2705
STK3_PKc_E13_135.6	STK3	852	1852	1692	1355	1270	1641
MST1R_PKc_E15_81.3	MST1R	1026	2225	2316	1191	1994	1779
GSK3A_PKc_E2_132.5	GSK3A	1015	1277	1363	1320	942	633
NTRK3_PKc_E15_123	NTRK3	2479	2012	2611	2027	1141	1876
MAPK1_PKc_E3_190.8	MAPK1	896	720	1152	899	1601	899
CAMK2D_PKc_E6_73.1	CAMK2D	1124	1562	838	1181	808	1053
MAP4K3_PKc_E6_48	MAP4K3	517	1612	1290	1740	1343	1459
CDK18_PKc_E8_63.3	CDK18	1249	194	1047	989	838	1056
STKLD1_PKc_E4_75.2	STKLD1	1824	2287	2421	576	1554	976
FGFR3_PKc_E15_71.4	FGFR3	2774	731	861	2124	606	291
MAP2K3_PKc_E9_78.2	MAP2K3	1414	1407	1950	1179	1381	2873
TRIB2_PKc_E2_293.11	TRIB2	745	289	507	1151	1266	2077
NEK6_PKc_E9_95.1	NEK6	1375	1259	762	1742	1498	748
CDK14_PKc_E9_121.7	CDK14	519	1088	674	614	705	1087
PHKG1_PKc_E7_164.2	PHKG1	690	2231	1634	942	1772	1673
WNK1_PKc_E3_221.3	WNK1	514	1	853	249	899	1298
MAP3K10_PKc_E4_68.8	MAP3K10	2476	1299	2246	2101	1137	2677
JAK3_PKc_E15_133.15	JAK3	1383	1256	2167	1363	1796	2809
neg46	CONTROL	947	1901	864	1038	2671	1694
STK16_PKc_E5_121	STK16	730	685	816	750	960	276
CDKL1_PKc_E5_201.9	CDKL1	414	1327	1333	1597	1552	1512
TEC_PKc_E17_158.5	TEC	1187	434	1445	1421	1380	1706
RPS6KA6_PKc_E4_82.2	RPS6KA6	1591	1143	1889	1377	1679	1413
BMPR2_PKc_E10_137.6	BMPR2	1293	524	1131	1142	1152	969
neg06	CONTROL	2463	3280	1284	3085	2995	3736
MAP4K4_PKc_E2_66.5	MAP4K4	2455	1311	688	3363	2687	1018
AATK_PKc_E8_85.7	AATK	1355	998	1009	897	959	1525
CDK5_PKc_E5_57.1	CDK5	1864	3425	1834	1864	3468	1361
CDK3_PKc_E3_78.3	CDK3	1993	1255	1322	1440	970	2450
ZAK_PKc_E2_96	ZAK	2001	3002	668	1070	2118	1486
SCYL3_PKc_E2_141	SCYL3	682	540	1342	160	640	1395
MAP3K4_PKc_E26_177.8	MAP3K4	1360	2623	2644	1190	651	2501
MARK2_PKc_E6_71.2	MARK2	1656	2253	1180	1034	1387	2875
TESK2_PKc_E3_122	TESK2	576	1152	1136	296	508	1121
MAP2K1_PKc_E10_46.2	MAP2K1	1813	1519	1228	1790	1221	574
PRKD2_PKc_E12_64	PRKD2	1448	1433	2639	1568	2124	2521
DAPK3_PKc_E5_49	DAPK3	1176	769	314	338	242	455
IGF1R_PKc_E21_82	IGF1R	1748	569	2178	1070	923	713
CSNK1E_PKc_E6_171.15	CSNK1E	2056	1378	1522	1353	1221	2648
WNK4_PKc_E3_221.12	WNK4	1695	2420	2101	848	1809	2112
RIOK3_PKc_E11_90.4	RIOK3	1216	733	1403	1727	930	1349
DYRK1A_PKc_E7_147.1	DYRK1A	1340	8	434	1415	1396	1407
PDK2_PKc_E2_142.9	PDK2	3191	1218	3084	1840	1484	1743
CIT_PKc_E4_132.1	CIT	581	789	995	365	1164	882
MAPK13_PKc_E5_30	MAPK13	1202	1313	226	3407	435	517
CASK_PKc_E3_106.2	CASK	2416	1499	1389	3618	1221	1697
SGK1_PKc_E4_42.1	SGK1	1793	2579	1855	2457	2440	2375
DYRK4_PKc_E5_137	DYRK4	1683	2543	1279	592	2418	1306
MASTL_PKc2_E9_142.2	MASTL	40	802	778	334	169	133
CDK2_PKc_E6_204.3	CDK2	1339	1571	2743	1886	1675	2244
CDK13_PKc_E9_78.2	CDK13	443	17	1024	511	1131	644
CAMK1_PKc_E3_132.17	CAMK1	1088	749	1947	582	1887	2125
PIM2_PKc_E4_373.24	PIM2	1405	2849	336	1059	1503	1086
PAK4_PKc_E10_153.1	PAK4	802	906	991	764	636	1529
neg18	CONTROL	2614	4227	4229	2614	3031	4197
MASTL_PKc1_E5_107.2	MASTL	1717	499	1377	1370	671	1094
KSR1_PKc_E20_136.7	KSR1	474	1518	842	826	1028	738
STK11_PKc_E4_133.16	STK11	1294	317	760	3243	1799	1969
SGK3_PKc_E8_42.2	SGK3	795	1844	655	853	610	972
NEK9_PKc_E6_132.8	NEK9	2081	1875	1038	1414	1242	1418
RPS6KA3_PKc_E5_81.4	RPS6KA3	3690	2760	1939	2554	2068	2610
STK38L_PKc_E7_155.8	STK38L	1186	2186	1955	1087	1514	2638
MUSK_PKc_E13_74.1	MUSK	502	1456	698	288	1273	610
EPHA5_PKc_E16_150	EPHA5	1405	1939	1463	433	1603	1113
BRSK2_PKc_E6_34.3	BRSK2	953	1631	1033	1022	2147	1929
STK11_PKc_E3_90.3	STK11	445	1246	210	1086	1142	1137
RPA3_e1.2	RPA3	40	171	96	113	306	101
MKNK2_PKc_E5_98.7	MKNK2	2174	2106	3193	1873	2222	2302
CAMK4_PKc_E2_79.4	CAMK4	3270	1013	867	1669	1333	2393
CHUK_PKc_E3_115	CHUK	882	994	1556	567	1294	1348
BLK_PKc_E8_76.7	BLK	1399	1822	1587	2448	1783	1270
AKT2_PKc_E7_66.3	AKT2	707	930	758	776	1215	881
OXSR1_PKc_E4_142.5	OXSR1	2064	1662	1348	1895	452	1230
MAPK10_PKc_E5_130.2	MAPK10	2415	1383	2066	2621	2810	1779
AMHR2_PKc_E6_231.14	AMHR2	305	1549	1204	374	1199	908
SGK1_PKc_E8_124.5	SGK1	1641	308	1800	1854	2803	2166
PKN3_PKc_E20_108.6	PKN3	1670	2072	2230	1862	1798	2582
POLR2D_e2.1	POLR2D	45	678	685	291	684	370
NPR2_PKc_E12_72.1	NPR2	2286	1286	1663	4557	2026	2160
TNK1_PKc_E4_81.5	TNK1	1216	1459	625	720	1142	1575
MAP4K3_PKc_E2_58	MAP4K3	2083	2816	1512	2997	1807	2108
KIT_PKc_E15_92.5	KIT	1873	2270	1210	1824	2088	2470
WEE1_PKc_E9_171.1	WEE1	711	162	154	829	501	258
EIF2AK3_PKc_E13_201.3	EIF2AK3	975	1335	1485	1170	1525	2703
DCLK3_PKc_E3_133.7	DCLK3	1200	1431	1740	706	921	1005
BMP2K_PKc_E1_40.1	BMP2K	829	915	1358	1933	1309	983
TXK_PKc_E15_48.6	TXK	1243	1941	1305	1401	982	1100
PAK6_PKc_E11_165.9	PAK6	198	563	770	288	829	420
LATS1_PKc_E5_487.28	LATS1	2928	1093	2810	2965	2115	2049
ILK_PKc_E11_100	ILK	662	744	656	609	493	438
GRK6_PKc_E7_45	GRK6	1049	1362	1180	1681	795	761
DCLK2_PKc_E13_78.2	DCLK2	763	835	811	558	900	526
RIOK1_PKc_E10_138.3	RIOK1	142	292	106	3	80	49
EPHB2_PKc_E12_216.6	EPHB2	493	1294	1104	715	1106	1282
RYK_PKc_E11_133.6	RYK	1285	1259	1589	2323	851	1668
PHKG2_PKc_E8_154.13	PHKG2	2000	1341	1052	1252	2109	2067
PDK4_PKc_E1_34	PDK4	1392	354	1582	613	1433	1551
AK1_PKc_E3_28.1	AK1	1171	1736	1486	1923	1431	2253
ABL1_PKc_E4_120.11	ABL1	1622	1543	2278	894	839	2137
PRKDC_PKc_E84_189.21	PRKDC	547	446	476	1249	1163	1036
LYN_PKc_E12_132.9	LYN	657	527	810	900	934	987
RIOK2_PKc_E1_45	RIOK2	0	337	526	0	361	382
CSNK2A1_PKc_E10_102.3	CSNK2A1	528	194	378	473	828	287
AURKA_PKc_E10_175.19	AURKA	540	93	418	622	1019	516
MAPK3_PKc_E3_190.9	MAPK3	714	649	938	609	787	2288
STRADA_PKc_E10_105.1	STRADA	1699	1171	504	1393	938	1463
PLK3_PKc_E1_33	PLK3	1672	3182	2028	2500	1818	359
IRAK2_PKc_E6_65.2	IRAK2	2328	2426	1582	2285	1277	1632
CDC42BPB_PKc_E6_94.2	CDC42BPB	510	980	471	964	1868	1164
GSK3A_PKc_E3_84	GSK3A	1618	1006	1248	1017	531	1864
RET_PKc_E15_123.8	RET	1377	1042	1232	1342	1033	1832
MATK_PKc_E8_61.3	MATK	1750	969	1412	611	561	2361
FGFR2_PKc_E13_191.1	FGFR2	950	1026	1593	243	1304	1804
PRKG1_PKc_E15_123.9	PRKG1	1172	1625	649	963	1222	1134
JAK3_PKc_E12_132.19	JAK3	1820	2277	1212	2060	1650	1309
IRAK3_PKc_E10_63	IRAK3	721	1215	1091	681	875	1590
SPEG_PKc2_E36_604.32	SPEG	1076	2812	1450	631	2986	2912
EPHA4_PKc_E15_150.7	EPHA4	2532	979	2166	1723	2152	1290
neg39	CONTROL	1717	3091	1910	1522	2850	3527
TSSK1B_PKc_E1_789.35	TSSK1B	2287	423	1803	2208	606	1596
RIPK2_PKc_E6_162.6	RIPK2	473	798	1185	1376	1299	1712
PRKD1_PKc_E15_99.1	PRKD1	578	1496	1565	583	1348	1100
ABL1_PKc_E9_68	ABL1	828	1069	1025	2403	1261	878
ROR1_PKc_E9_849.93	ROR1	708	688	637	1099	302	1530
PCNA_e2.1	PCNA	518	493	370	436	454	107
PASK_PKc_E15_200.2	PASK	1859	2529	1026	1870	1284	915
MAST4_PKc_E17_133.8	MAST4	1723	2304	2162	505	1523	1604
STK10_PKc_E4_150.17	STK10	2302	1069	798	3024	1281	740
LRRK1_PKc_E29_48.1	LRRK1	1476	2056	1798	628	2047	3017
STK32A_PKc_E3_45	STK32A	1636	1391	334	1407	1918	1371
SBK3_PKc_E3_203.1	SBK3	947	2136	1264	1008	2177	1691
VRK1_PKc_E4_70	VRK1	298	502	114	91	747	526
FRK_PKc_E4_127.4	FRK	2222	2484	792	1609	1441	890
NUAK1_PKc_E2_121	NUAK1	1793	588	2367	1280	698	2122
GRK5_PKc_E8_141.16	GRK5	1405	1920	1822	549	1918	1696
DSTYK_PKc_E12_135	DSTYK	1180	1852	1671	450	1509	2489
PRKX_PKc_E5_96.9	PRKX	1878	1035	1350	1116	1149	1246
neg26	CONTROL	1043	2387	1773	1116	2914	1466
CDK14_PKc_E4_80.5	CDK14	1141	2961	1928	1562	1770	2577
DAPK2_PKc_E4_139	DAPK2	969	4546	969	580	2313	1266
ADCK4_PKc_E14_87.6	ADCK4	1774	5158	2422	3173	3245	2286
MARK2_PKc_E8_237.18	MARK2	2739	2227	1065	2853	1472	3203
WEE2_PKc_E4_128.4	WEE2	1378	2086	858	1515	877	1528
NEK6_PKc_E4_108.12	NEK6	1112	1207	656	1492	1023	1629
CDK20_PKc_E6_124.5	CDK20	2493	3001	1932	2737	2940	3464
SCYL2_PKc_E7_117	SCYL2	2011	2960	1407	1492	1828	887
CAMKV_PKc_E3_132.8	CAMKV	771	1591	2541	1114	1774	1640
FER_PKc_E19_123.7	FER	1110	2541	1046	1411	2591	763
TTK_PKc_E14_48.3	TTK	0	0	88	20	255	746
GSK3A_PKc_E4_111.4	GSK3A	1259	1141	1457	1006	1332	1248
FLT4_PKc_E17_34	FLT4	568	768	266	264	1792	1596
CAMK2A_PKc_E7_103.16	CAMK2A	2405	2216	1139	1661	1342	1721
WEE2_PKc_E8_86.7	WEE2	2449	1652	1979	2850	2503	1679
NTRK3_PKc_E16_173.8	NTRK3	436	1905	2474	843	1385	1924
ERBB4_PKc_E20_186.2	ERBB4	1200	897	2015	1441	1647	1755
TYRO3_PKc_E16_110.11	TYRO3	1152	1458	785	1193	1541	1450
SBK1_PKc_E2_70.8	SBK1	1329	1485	1795	690	1201	1960
PTK2_PKc_E19_116.3	PTK2	463	235	334	1	143	101
KSR2_PKc_E14_227.6	KSR2	1136	690	1023	1433	1640	1968
FLT1_PKc_E18_105.4	FLT1	1972	2707	1684	1367	2375	1580
FASTK_PKc_E7_92.8	FASTK	29	1341	270	174	1014	1101
BRAF_PKc_E15_119.2	BRAF	1726	2408	1102	3012	2210	2534
MASTL_PKc1_E1_87.13	MASTL	90	0	0	0	0	129
DDR1_PKc_E12_60.4	DDR1	2205	2016	967	2596	1323	871
MAPK15_PKc_E7_140.25	MAPK15	1090	2087	780	723	1350	2038
NRK_PKc_E7_91.6	NRK	1111	1509	886	1554	1278	1100
MAPK1_PKc_E4_117.4	MAPK1	243	1048	352	214	197	406
ILK_PKc_E13_138.3	ILK	1261	1315	3197	1878	1468	3050
CSK_PKc_E10_74.8	CSK	1627	1017	878	2028	1538	1849
VRK1_PKc_E5_88	VRK1	1368	164	1131	864	470	1503
TTBK2_PKc_E5_141.2	TTBK2	948	2631	1359	795	1058	2537
PRKD1_PKc_E12_64.5	PRKD1	2589	568	922	1612	1598	721
BMPR2_PKc_E11_99.2	BMPR2	516	740	1251	1229	692	1066
NUAK2_PKc_E1_87	NUAK2	1798	1853	1126	1720	1003	1297
SBK1_PKc_E2_70	SBK1	2213	606	1612	3574	1486	1530
CDK7_PKc_E2_60.3	CDK7	0	0	425	45	303	289
CDC42BPG_PKc_E5_149.5	CDC42BPG	659	737	453	721	921	870
CHEK1_PKc_E5_70.1	CHEK1	0	0	133	0	95	69
CDK2_PKc_E4_171.1	CDK2	522	769	442	247	482	565
TSSK6_PKc_E1_771.89	TSSK6	1272	1463	2071	1327	999	3007
NEK2_PKc_E4_83.1	NEK2	660	260	163	127	731	359
GUCY2F_PKc_E10_157.3	GUCY2F	1004	1738	900	1522	1030	552
WNK3_PKc_E5_158.6	WNK3	1175	1027	1225	1795	1656	1330
ULK4_PKc_E4_140.4	ULK4	1633	1458	988	956	1001	1594
TRIB1_PKc_E1_72.3	TRIB1	1352	2087	1138	1025	1956	1401
MYLK3_PKc_E5_41.1	MYLK3	1677	1261	1170	1066	975	989
DAPK2_PKc_E8_153.1	DAPK2	665	1075	1893	1000	1978	1013
PRKACG_PKc_E1_948.76	PRKACG	774	2406	1574	1346	2326	1016
MAP2K1_PKc_E3_147.13	MAP2K1	1451	1917	684	1552	1104	1423
ACVR1_PKc_E8_276.19	ACVR1	1579	3586	1293	2582	1544	784
PIM2_PKc_E2_81.8	PIM2	2992	3257	835	2290	1281	1152
LIMK1_PKc_E8_42.1	LIMK1	882	1866	924	336	823	1934
IGF1R_PKc_E18_160.13	IGF1R	444	698	822	905	1107	740
DMPK_PKc_E1_48.3	DMPK	1026	415	1149	2096	1133	2244
ADRBK1_PKc_E9_100.8	ADRBK1	1591	1186	1283	1370	1127	1609
MAP3K12_PKc_E5_159	MAP3K12	1320	844	258	1595	891	1296
AK3_PKc_E4_119.7	AK3	419	859	1016	600	543	1039
PRKY_PKc_E1_28	PRKY	1006	1777	2096	1191	1654	2591
MAPK15_PKc_E6_164.17	MAPK15	771	790	1855	208	767	1166
EPHB6_PKc_E15_150.12	EPHB6	740	1268	1130	2128	804	360
MST1R_PKc_E20_94.12	MST1R	514	826	590	1030	2054	1221
SCYL3_PKc_E5_57	SCYL3	1639	815	2876	1654	1267	3146
PINK1_PKc_E7_237.32	PINK1	939	1962	1605	1587	1110	2273
LIMK2_PKc_E13_56	LIMK2	2757	872	605	1441	1325	1318
PSKH1_PKc_E3_108.4	PSKH1	1455	1803	1164	2119	1597	1059
CDK14_PKc_E8_124.5	CDK14	1086	1857	1968	2317	2262	1422
ARAF_PKc_E11_177.9	ARAF	3104	2383	3258	1671	1674	2984
MAP2K2_PKc_E4_78.8	MAP2K2	2645	541	558	1692	1113	363
EPHB3_PKc_E14_150.8	EPHB3	702	940	1404	1238	608	1041
AXL_PKc_E13_31	AXL	1179	1511	1175	1368	953	1079
SPEG_PKc1_E25_179.16	SPEG	1131	786	472	707	971	840
CSNK1G2_PKc_E6_235.22	CSNK1G2	1257	1165	886	1247	1306	1437
TBCK_PKc_E2_73	TBCK	78	196	267	535	623	699
DYRK4_PKc_E4_105.4	DYRK4	1868	2523	1241	1583	1671	1521
PLK1_PKc_E5_111.2	PLK1	1110	142	74	205	217	57
NRBP2_PKc_E3_102.11	NRBP2	937	1865	805	1111	1179	534
JAK2_PKc2_E19_137.11	JAK2	482	1642	1731	424	2230	2570
RIOK1_PKc_E11_104.8	RIOK1	743	315	883	711	205	605
YES1_PKc_E11_132.7	YES1	1272	1148	1786	953	1931	1792
RET_PKc_E17_138.11	RET	643	1273	1364	1194	1009	2270
ERBB4_PKc_E19_99.2	ERBB4	965	1632	1737	905	1389	1693
DMPK_PKc_E4_149.4	DMPK	620	1166	1287	506	448	1453
RPS6KA2_PKc2_E14_126.11	RPS6KA2	555	2194	2765	531	959	1487
PIM3_PKc_E5_177.8	PIM3	918	1567	2418	657	1895	1421
FLT4_PKc_E18_105	FLT4	1474	1165	1610	1229	1196	1806
ATR_PKc_E44_154.6	ATR	2	0	0	9	98	0
DAPK1_PKc_E8_153.1	DAPK1	1548	1946	663	2209	2006	2041
SYK_PKc_E14_58.3	SYK	861	1160	1745	639	1350	1858
KIAA1804_PKc_E3_149.3	KIAA1804	584	967	719	678	677	1870
CDK5_PKc_E7_75.5	CDK5	1079	4070	1189	1703	1842	1725
STK16_PKc_E3_220.26	STK16	2089	1737	1620	2217	1443	1504
neg33	CONTROL	1641	1443	1396	1881	2024	1586
ACVRL1_PKc_E9_131.6	ACVRL1	2058	1432	1176	1592	587	1123
STKLD1_PKc_E5_102.8	STKLD1	1507	517	1473	935	577	1491
BTK_PKc_E16_65	BTK	621	2600	915	1000	1122	1496
STK33_PKc_E9_85.4	STK33	1390	1660	868	1678	864	1030
RAF1_PKc_E15_132.9	RAF1	398	2503	1877	298	378	2301
CDK15_PKc_E3_65.5	CDK15	2213	2755	2272	2522	2178	2896
GAK_PKc_E4_115.1	GAK	76	521	395	783	389	753
RPS6KA4_PKc_E7_104.3	RPS6KA4	843	1124	919	567	1781	1596
MAP3K12_PKc_E3_140.1	MAP3K12	1685	389	776	1400	1362	1810
CDC42BPA_PKc_E2_92.2	CDC42BPA	782	1127	1302	556	1052	1810
ANKK1_PKc_E6_41	ANKK1	527	1035	1886	1782	688	1250
NEK9_PKc_E2_178.5	NEK9	1015	897	1268	870	883	842
MLKL_PKc_E10_141	MLKL	1660	1401	475	1238	203	656
DYRK2_PKc_E3_1140.113	DYRK2	885	987	1252	922	1438	947
NRBP2_PKc_E8_84.6	NRBP2	1843	1198	2257	1202	981	1594
ADCK3_PKc_E13_66.1	ADCK3	1594	680	1830	1281	1579	1450
MAP3K9_PKc_E3_181.23	MAP3K9	381	1426	1010	739	1146	1117
PLK2_PKc_E3_117	PLK2	2285	2159	1422	2559	2228	2141
SYK_PKc_E9_62	SYK	1064	1295	795	897	633	1191
SPEG_PKc2_E32_117.1	SPEG	1388	2191	2282	1313	1529	2558
CHEK2_PKc_E10_87.3	CHEK2	1159	1805	1735	797	712	1874
RPS6KB2_PKc_E4_69.5	RPS6KB2	1064	1601	2359	2235	1633	1629
NUAK1_PKc_E6_133.7	NUAK1	563	868	788	557	917	1446
CDK4_PKc_E3_136.21	CDK4	1464	1230	743	821	793	976
CDK11A_PKc_E13_122.15	CDK11A	1317	1225	967	1555	943	1510
PIK3R4_PKc_E4_93	PIK3R4	807	0	50	455	739	372
MAP3K13_PKc_E3_158.9	MAP3K13	842	1099	1203	1093	1263	1738
OBSCN_PKc2_E104_150.1	OBSCN	1418	2270	798	681	1609	937
MELK_PKc_E5_144.14	MELK	2261	1301	1128	1368	1088	1174
NEK7_PKc_E8_95.4	NEK7	394	1086	1645	1555	972	1332
MAPKAPK2_PKc_E3_65.1	MAPKAPK2	1859	1581	2253	1363	1186	1820
FGR_PKc_E11_154.11	FGR	2658	1469	1550	2182	2377	1634
MAPK8_PKc_E7_72	MAPK8	1269	1186	1327	1283	1037	1999
MAP3K3_PKc_E13_132.7	MAP3K3	1421	1358	1348	2004	1014	1330
CLK3_PKc_E9_130.3	CLK3	842	595	934	1346	1022	1240
MAPK15_PKc_E5_131.11	MAPK15	673	1032	997	387	495	2067
DYRK1A_PKc_E6_287.15	DYRK1A	1092	1790	995	609	1132	981
STK19_PKc_E3_129.7	STK19	905	376	1442	3159	1692	690
NEK8_PKc_E2_206.9	NEK8	661	615	768	346	452	915
MYLK2_PKc_E6_94	MYLK2	413	766	1344	297	662	1764
TRIB2_PKc_E2_293.31	TRIB2	1534	2017	766	3091	1828	1279
EPHA10_PKc_E13_204.12	EPHA10	1005	1292	2921	2413	1126	1622
ROCK2_PKc_E6_145.2	ROCK2	915	2067	1914	2273	846	2299
BRSK1_PKc_E5_117.2	BRSK1	1118	2780	951	611	850	2788
ULK2_PKc_E1_87.11	ULK2	697	1029	664	974	474	603
STK35_PKc_E2_292.47	STK35	431	2174	1084	436	1762	1148
STKLD1_PKc_E3_45	STKLD1	3336	2003	1761	3946	1986	1624
PKMYT1_PKc_E5_107.4	PKMYT1	94	0	30	0	94	336
INSRR_PKc_E19_160.12	INSRR	832	1538	972	979	522	1419
CSNK2A2_PKc_E5_60.2	CSNK2A2	1434	3182	3142	2238	2345	2477
JAK1_PKc_E13_144.11	JAK1	1258	1767	854	1081	828	1318
TESK1_PKc_E1_39	TESK1	657	507	763	820	541	997
RPS6KA4_PKc2_E14_195.2	RPS6KA4	366	1166	465	414	1551	840
NEK2_PKc_E3_241.5	NEK2	578	329	1263	313	270	1353
PRKACB_PKc_E7_96.2	PRKACB	2248	1706	1704	1338	2291	1072
PIK3R4_PKc_E2_661.6	PIK3R4	248	1551	376	880	899	611
ICK_PKc_E4_55.5	ICK	1546	2528	1821	866	985	2214
TSSK2_PKc_E1_789.51	TSSK2	1217	1396	2238	1666	903	3783
ERBB2_PKc_E18_75.5	ERBB2	724	1210	499	111	622	763
CAMK1D_PKc_E6_76.2	CAMK1D	418	2105	858	379	1163	692
PAK3_PKc_E11_113.2	PAK3	2928	1151	1764	2053	1050	2016
PINK1_PKc_E2_192.4	PINK1	972	2390	792	1582	2339	760
NEK9_PKc_E5_106.5	NEK9	1865	1263	1176	991	833	1213
MAPK3_PKc_E1_65.3	MAPK3	432	910	270	408	359	391
EPHA7_PKc_E14_150.12	EPHA7	430	1310	1552	561	1518	2091
SGK494_PKc_E7_41	SGK494	1417	1392	983	1809	1316	829
ERBB3_PKc_E21_156.15	ERBB3	647	956	1074	711	915	769
EPHA2_PKc_E13_210.12	EPHA2	1890	1591	1444	2077	2188	2782
FLT4_PKc_E19_114.12	FLT4	1273	1462	371	2290	1212	957
CDK7_PKc_E7_119.11	CDK7	1179	0	0	733	311	103
HIPK2_PKc_E2_557.57	HIPK2	1117	2933	835	1807	2803	1236
STK40_PKc_E6_53.1	STK40	869	1734	1136	1806	1647	2183
MAP3K1_PKc_E17_132.1	MAP3K1	1372	1790	1935	1510	919	2207
CDKL2_PKc_E7_66.4	CDKL2	171	222	815	511	819	1503
SRMS_PKc_E4_121.2	SRMS	1823	606	921	2029	1681	888
SGK494_PKc_E9_90.3	SGK494	622	691	1004	281	1383	1170
DDR1_PKc_E14_237.4	DDR1	1368	2068	1549	2332	1970	2621
MARK4_PKc_E5_66	MARK4	2741	1767	1680	2487	1973	755
ERBB2_PKc_E20_186.2	ERBB2	355	2531	397	197	1337	829
AURKA_PKc_E8_139	AURKA	865	628	602	1352	1111	633
WEE1_PKc_E8_86.4	WEE1	107	161	526	445	480	517
RIOK3_PKc_E8_198.5	RIOK3	1679	832	854	713	1051	1333
NEK6_PKc_E6_111.4	NEK6	750	2168	1035	1145	1206	795
KSR2_PKc_E17_132.13	KSR2	1061	1937	961	2018	1258	1899
HIPK3_PKc_E4_120.1	HIPK3	256	457	496	173	571	562
BMPR1B_PKc_E11_123.7	BMPR1B	1310	843	617	582	540	514
NUAK2_PKc_E2_121	NUAK2	1948	1975	1011	976	1269	1364
EPHA8_PKc_E12_62.2	EPHA8	623	1154	1412	1453	797	1387
VRK1_PKc_E3_56	VRK1	403	300	329	480	262	631
MLKL_PKc_E8_152.5	MLKL	1750	1205	1857	1191	1161	2760
MKNK1_PKc_E8_123.18	MKNK1	664	323	722	536	287	755
IKBKE_PKc_E3_63.7	IKBKE	1058	2436	1866	870	1888	2888
IGF1R_PKc_E16_213.16	IGF1R	1066	657	1400	451	692	941
ALK_PKc_E20_35	ALK	807	704	1445	1058	1039	2631
PSKH1_PKc_E3_108.1	PSKH1	3100	489	616	2875	486	1044
MAP3K9_PKc_E2_412.34	MAP3K9	1076	577	1034	317	1216	760
IKBKE_PKc_E4_141.9	IKBKE	2638	1113	3135	1948	1142	2118
CSNK1D_PKc_E4_229.12	CSNK1D	488	1482	483	529	1540	1811
PBK_PKc_E3_59	PBK	1381	1176	1188	479	989	1315
MAP4K4_PKc_E5_111.8	MAP4K4	487	1032	735	862	1671	990
TLK1_PKc_E14_72.3	TLK1	2151	2240	2039	1171	1350	1997
RIPK3_PKc_E5_47	RIPK3	411	914	885	852	1134	386
ADRBK1_PKc_E8_80.4	ADRBK1	2222	668	1428	820	2273	1091
TNK2_PKc_E8_147.18	TNK2	1567	815	1954	2326	978	1295
MAP3K8_PKc_E4_108.4	MAP3K8	669	998	1790	926	980	1349
AATK_PKc_E5_119.11	AATK	1366	1017	2802	1559	1621	2106
TYRO3_PKc_E17_160.6	TYRO3	435	1746	1204	1339	692	998
DAPK2_PKc_E3_222.18	DAPK2	863	961	577	1595	492	789
ILK_PKc_E9_128.2	ILK	874	764	894	908	904	1053
STK32B_PKc_E4_174.18	STK32B	2256	2065	3063	4096	2234	2010
SNRK_PKc_E5_76.4	SNRK	3185	3609	4478	2270	2333	4124
RPS6KA6_PKc_E5_81.4	RPS6KA6	1439	906	1722	2083	1004	3200
RPS6KA4_PKc2_E13_174.17	RPS6KA4	727	793	989	1002	925	1235
SPEG_PKc1_E23_58	SPEG	911	1781	1310	962	1387	1232
EPHB1_PKc_E10_43	EPHB1	1121	1810	1073	2171	2081	2030
GSK3B_PKc_E6_107.2	GSK3B	134	54	0	374	309	752
EPHB4_PKc_E11_43	EPHB4	883	1569	3825	783	1462	2074
EIF2AK4_PKc_E10_107.3	EIF2AK4	1700	2571	1482	2206	1922	1257
SBK2_PKc_E3_203.22	SBK2	4884	1841	1096	2115	1135	965
RPS6KA4_PKc_E6_81.11	RPS6KA4	1933	3411	2259	1668	1765	2307
RPS6KA6_PKc2_E16_90	RPS6KA6	1249	1505	644	289	2352	1023
TSSK2_PKc_E1_789.95	TSSK2	894	1829	1331	1572	1404	1256
SIK2_PKc_E5_125.1	SIK2	1139	1239	775	1316	1251	1120
PRKCG_PKc_E15_81.2	PRKCG	1091	824	1693	1459	2109	1646
OBSCN_PKc2_E102_224.7	OBSCN	2415	1783	1103	2111	1188	1524
IKBKE_PKc_E7_161.24	IKBKE	2108	1414	1386	1558	1837	2814
EIF2AK2_PKc_E13_181.3	EIF2AK2	669	639	1457	1029	621	1103
RIPK4_PKc_E2_292.16	RIPK4	1478	2317	1212	2025	1752	1565
MARK1_PKc_E5_66.2	MARK1	1285	221	1828	1464	995	1307
MAPK11_PKc_E6_48.3	MAPK11	738	321	779	2052	753	828
RPS6KA4_PKc2_E15_160.12	RPS6KA4	957	1527	1123	1520	812	705
PDGFRA_PKc_E17_116.3	PDGFRA	1757	1262	965	1791	2356	1352
NRK_PKc_E5_126.4	NRK	735	2094	1498	713	1792	1554
TRPM6_PKc_E34_228.24	TRPM6	926	773	1048	1625	881	2430
RYK_PKc_E10_70	RYK	977	1191	1663	1392	1134	1465
MAP3K4_PKc_E23_160.12	MAP3K4	2429	4139	2182	3077	3041	2216
BUB1B_PKc_E19_150.8	BUB1B	14	166	4	3	114	120
BRAF_PKc_E16_132.5	BRAF	896	1645	1513	2046	1339	2124
RPS6KA2_PKc_E5_80.12	RPS6KA2	1810	1179	1411	1991	920	2133
PAK7_PKc_E6_207.22	PAK7	1499	925	3250	1349	1145	3001
ADRBK2_PKc_E13_108.5	ADRBK2	1427	339	971	1628	882	1442
TRPM6_PKc_E37_52	TRPM6	552	1172	721	526	765	1554
neg38	CONTROL	1826	2798	3279	1345	2813	3324
MAP3K1_PKc_E19_132	MAP3K1	1281	1084	1981	810	1423	1869
UHMK1_PKc_E5_76.1	UHMK1	1532	2697	1478	2362	1922	2124
TRRAP_PKc_E69_185.6	TRRAP	125	0	600	145	394	408
CDKL1_PKc_E1_165.12	CDKL1	1006	912	920	313	1121	1633
neg09	CONTROL	976	1565	1925	68	1340	934
MAP3K3_PKc_E15_130.2	MAP3K3	2827	1645	1348	1660	856	608
RYK_PKc_E12_110	RYK	1978	323	748	1785	1807	533
PRKD2_PKc_E16_268.1	PRKD2	1468	2143	1453	785	1572	1224
TAOK2_PKc_E3_72	TAOK2	786	1116	1482	735	1166	2623
MAPKAPK2_PKc_E1_99.9	MAPKAPK2	746	714	862	849	1402	567
STK4_PKc_E2_41.2	STK4	2056	2050	909	1530	1465	987
PRKCG_PKc_E13_63	PRKCG	2837	1667	900	2007	1845	1040
GUCY2F_PKc_E12_149.12	GUCY2F	1499	1763	1293	1555	1295	2158
CDK16_PKc_E10_121.7	CDK16	1651	2601	1937	1479	2393	2358
AURKB_PKc_E6_139.5	AURKB	136	1006	65	340	67	487
JAK2_PKc2_E22_173.5	JAK2	2134	1096	2042	3058	1596	2866
AURKC_PKc_E7_156.13	AURKC	1525	2652	1108	1660	1535	1779
MUSK_PKc_E14_149.11	MUSK	1527	811	877	3992	1507	2482
STK19_PKc_E6_98	STK19	647	1894	1461	535	1785	1583
STK16_PKc_E6_96.9	STK16	666	543	1126	534	820	1176
PIK3R4_PKc_E3_134	PIK3R4	599	3700	1879	387	1588	3432
MYLK4_PKc_E7_142.8	MYLK4	880	1075	2797	2091	1185	1705
TSSK4_PKc_E2_215.1	TSSK4	331	207	1082	790	836	2118
UHMK1_PKc_E1_205.38	UHMK1	763	853	1209	1646	1552	1306
CSNK1A1_PKc_E3_127.1	CSNK1A1	104	0	0	8	0	78
CHEK1_PKc_E6_189.6	CHEK1	74	275	1258	126	425	1311
STK32C_PKc_E4_174.15	STK32C	1013	843	2036	917	1707	2367
RPS6KA3_PKc2_E20_118.2	RPS6KA3	217	996	705	684	1033	752
LIMK1_PKc_E10_132.9	LIMK1	971	1506	489	1081	585	1373
neg50	CONTROL	3558	1611	1612	3399	1685	1965
EIF2AK1_PKc_E10_112.5	EIF2AK1	1741	895	1072	709	1254	1129
CSNK1G1_PKc_E5_152.1	CSNK1G1	795	758	407	796	974	450
TTBK2_PKc_E4_74.4	TTBK2	3981	3596	2581	3829	3319	2166
MAP3K11_PKc_E1_403.77	MAP3K11	1500	1398	1134	964	2279	1357
SGK2_PKc_E3_42.2	SGK2	1539	1527	1598	1238	1237	968
PTK6_PKc_E5_162.4	PTK6	1085	1549	1447	1612	1287	960
PKMYT1_PKc_E6_92.9	PKMYT1	6	0	17	0	62	237
AURKA_PKc_E8_139.6	AURKA	78	0	28	89	85	67
AKT2_PKc_E10_129.1	AKT2	2834	691	212	1975	651	178
ADCK3_PKc_E8_141.23	ADCK3	1682	956	670	780	662	790
IRAK1_PKc_E7_115.13	IRAK1	4910	4412	3427	7163	2781	2987
SIK2_PKc_E4_162	SIK2	525	1565	1420	839	1288	2195
LIMK2_PKc_E12_175.19	LIMK2	2349	1452	1484	1010	1294	1343
BRSK2_PKc_E4_141.11	BRSK2	1048	1339	1850	2245	1026	1549
BMPR1A_PKc_E10_298.1	BMPR1A	3599	1454	1016	4948	1294	1374
FLT1_PKc_E19_114.1	FLT1	891	1704	1391	1234	957	1568
ADCK2_PKc_E6_129.2	ADCK2	1328	373	795	943	548	1160
TIE1_PKc_E16_111.15	TIE1	1738	1162	1199	1315	1588	1862
IGF1R_PKc_E20_135.11	IGF1R	1101	457	715	661	569	647
CHEK2_PKc_E6_109.1	CHEK2	1059	1099	656	756	428	979
ADCK1_PKc_E6_159.6	ADCK1	763	1888	1700	1819	1186	1084
ACVR1C_PKc_E4_193.16	ACVR1C	1777	1601	1685	1815	2131	2146
OBSCN_PKc_E89_173.14	OBSCN	583	1269	1509	273	668	1531
DCLK3_PKc_E2_390.28	DCLK3	1490	1463	1880	2140	902	2535
CDK6_PKc_E3_136.2	CDK6	2135	954	1418	1048	690	1105
CAMK1G_PKc_E2_38.1	CAMK1G	249	417	1028	526	1115	1484
TTK_PKc_E18_81.4	TTK	1814	1792	1037	1600	2302	1578
SRMS_PKc_E6_182.12	SRMS	461	775	666	523	1380	1097
MARK2_PKc_E7_57	MARK2	2433	1788	518	1895	1142	1179
TEC_PKc_E15_65.2	TEC	622	828	1691	1907	994	941
PRKCG_PKc_E10_42.4	PRKCG	1141	1303	2082	2075	1649	2299
PIM3_PKc_E3_51.5	PIM3	646	863	697	1112	1310	600
NRK_PKc_E6_111	NRK	1318	2588	1283	2450	1309	1529
PAK3_PKc_E9_64.1	PAK3	1849	1140	1481	1443	979	1698
NEK10_PKc_E21_46.1	NEK10	1579	1011	976	1396	1546	765
MAPK10_PKc_E6_59.2	MAPK10	60	1464	612	409	898	1846
PRKAA1_PKc_E6_88.3	PRKAA1	2365	399	1202	2373	772	680
PDIK1L_PKc_E2_267.2	PDIK1L	488	331	1462	925	179	1693
EGFR_PKc_E19_99	EGFR	142	403	311	624	789	756
CSNK1G1_PKc_E7_86.9	CSNK1G1	990	1985	970	987	953	1028
neg47	CONTROL	844	2316	1601	1899	1420	2074
DCLK3_PKc_E4_168.9	DCLK3	3380	2503	1954	2544	1616	2533
CAMK1_PKc_E2_38	CAMK1	3118	1076	1439	1531	992	860
RPS6KA6_PKc2_E18_162.4	RPS6KA6	989	1537	483	1036	1018	886
PHKG2_PKc_E2_59.2	PHKG2	1347	602	377	2062	386	1304
MAP2K3_PKc_E6_117.3	MAP2K3	1526	2261	499	840	1670	676
LATS2_PKc_E5_487.64	LATS2	923	1191	923	1690	1760	1341
PRKAA2_PKc_E2_142	PRKAA2	1353	283	1594	1065	1923	2034
MAPKAPK2_PKc_E2_140.8	MAPKAPK2	1539	1047	1879	1113	998	1192
SLK_PKc_E5_73	SLK	741	883	582	823	766	945
CLK2_PKc_E7_167.4	CLK2	513	779	1098	425	646	567
TLK2_PKc_E18_90.4	TLK2	452	246	389	219	1121	2071
STK3_PKc_E5_129.4	STK3	1190	1246	1629	1356	1993	926
MKNK2_PKc_E6_80.9	MKNK2	2402	1780	1542	2975	1032	1136
AURKB_PKc_E8_175.4	AURKB	80	0	14	40	0	0
TLK2_PKc_E20_139	TLK2	656	950	1126	893	731	1158
ROR2_PKc_E9_852.36	ROR2	1854	1304	1235	723	1428	1080
TRPM7_PKc_E34_228.6	TRPM7	541	1145	828	925	948	197
EPHA10_PKc_E15_150.3	EPHA10	1050	579	857	1187	1403	1635
CSNK2A2_PKc_E2_112.4	CSNK2A2	1575	1248	1536	1332	2233	881
CLK2_PKc_E9_130.3	CLK2	965	1343	934	1096	1375	610
AMHR2_PKc_E7_115.1	AMHR2	1035	881	1125	492	805	855
NUAK1_PKc_E1_84.1	NUAK1	589	1142	1462	1022	1858	1494
MAP3K11_PKc_E4_68.1	MAP3K11	1318	521	1130	1536	1870	1445
PDGFRB_PKc_E16_161.11	PDGFRB	1190	1884	1996	1148	882	2376
HIPK3_PKc_E5_87.1	HIPK3	145	1240	253	401	450	670
BLK_PKc_E11_151.13	BLK	292	2067	2001	705	1358	1867
PLK4_PKc_E2_96.2	PLK4	448	577	975	201	97	804
EPHB1_PKc_E12_216.9	EPHB1	2695	605	1220	1498	965	2920
NLK_PKc_E5_86.1	NLK	2899	2398	1467	2768	777	710
TTN_PKc_E358_736.24	TTN	1635	493	1674	1761	620	1200
RPS6KA3_PKc_E9_143.8	RPS6KA3	2242	1906	2521	1775	1192	2085
STK39_PKc_E7_102.2	STK39	5826	1263	1624	4893	1230	1862
ACVR1_PKc_E7_147.15	ACVR1	745	119	508	1247	359	742
RPS6KA5_PKc_E6_84.3	RPS6KA5	1599	1880	829	1138	1728	1324
PRKD2_PKc_E13_107.8	PRKD2	1109	906	1287	1448	997	1292
PRKCG_PKc_E12_92.3	PRKCG	296	293	1206	529	819	2773
TYRO3_PKc_E14_93.6	TYRO3	1236	1153	1725	1224	1853	3735
TAOK1_PKc_E4_102.1	TAOK1	1189	2070	1611	1624	2433	1881
STK36_PKc_E4_78	STK36	704	889	1012	591	554	1230
PRKG2_PKc_E11_75.4	PRKG2	1385	2243	2531	2298	1698	390
MKNK2_PKc_E7_74.1	MKNK2	771	1010	382	824	1225	964
CDKL4_PKc_E3_73	CDKL4	1049	2592	1075	614	2646	2011
BTK_PKc_E14_161.16	BTK	1810	1426	1602	2998	1907	1377
UHMK1_PKc_E1_205.24	UHMK1	570	1549	1226	762	761	1740
TSSK2_PKc_E1_789.46	TSSK2	763	1421	1355	427	2131	1512
STK32A_PKc_E6_38	STK32A	536	1282	856	653	2192	2066
MUSK_PKc_E15_647.33	MUSK	764	851	347	545	514	911
CSNK2A1_PKc_E10_102.7	CSNK2A1	1830	1576	2234	1808	1636	2524
PTK6_PKc_E6_182.14	PTK6	1390	2105	1151	1836	1551	870
EPHA8_PKc_E14_150.21	EPHA8	858	714	3186	621	1113	1832
ATR_PKc_E45_152	ATR	3	175	87	0	237	1
TTBK1_PKc_E5_141.14	TTBK1	1387	841	755	840	1258	529
NRBP2_PKc_E4_90	NRBP2	694	1063	1424	2137	646	376
PRKG2_PKc_E16_123.3	PRKG2	1607	950	1270	1384	1027	849
WNK4_PKc_E5_89.1	WNK4	2862	353	1499	2894	965	1313
ULK4_PKc_E5_163.14	ULK4	373	388	470	318	756	1572
DDR1_PKc_E12_60.9	DDR1	1786	176	566	875	803	798
TNIK_PKc_E5_111.4	TNIK	1506	1584	1374	2485	1388	1755
BRSK1_PKc_E6_34	BRSK1	588	1366	1221	566	988	1346
TYRO3_PKc_E13_81	TYRO3	925	1003	1262	407	1416	3213
PRKCZ_PKc_E13_88.11	PRKCZ	1023	1293	1159	1805	1604	1543
PAK6_PKc_E10_135.21	PAK6	1102	1880	615	994	1560	1039
JAK3_PKc2_E22_118.14	JAK3	744	2205	1042	1156	1280	1339
CDC42BPA_PKc_E3_84	CDC42BPA	767	1860	1267	948	798	1594
RIPK3_PKc_E2_101.1	RIPK3	1196	1094	1115	1719	1997	1604
MAST3_PKc_E12_41.1	MAST3	1798	1065	2016	1435	1372	2425
MERTK_PKc_E16_110.2	MERTK	1889	1347	963	2157	2178	1327
EEF2K_PKc_E9_53.1	EEF2K	1278	809	811	1409	1189	665
AMHR2_PKc_E11_108.5	AMHR2	2271	1346	964	1800	1852	1290
STK39_PKc_E3_109.6	STK39	1752	1312	555	1132	1907	420
FYN_PKc_E10_180.5	FYN	1635	780	581	1437	579	771
SPEG_PKc1_E22_201.35	SPEG	922	374	695	514	647	252
MYO3A_PKc_E4_135	MYO3A	416	552	572	678	1037	900
HIPK3_PKc_E6_147.2	HIPK3	134	1047	563	45	1133	705
CAMK4_PKc_E3_63	CAMK4	2051	1841	711	1884	1450	1588
ULK1_PKc_E1_75.8	ULK1	393	979	949	584	882	750
STK32B_PKc_E7_104.18	STK32B	656	1831	1930	1510	2034	1274
NRBP2_PKc_E2_117.11	NRBP2	1355	774	1413	682	1244	3029
BMPR2_PKc_E6_231.14	BMPR2	1924	731	765	2078	1206	791
GRK4_PKc_E12_209.1	GRK4	2529	2622	1356	2100	852	649
ULK3_PKc_E3_121.5	ULK3	900	1563	895	630	1351	710
RPS6KA3_PKc_E6_80.4	RPS6KA3	150	674	279	374	541	831
MAPK3_PKc_E4_117.4	MAPK3	1016	1671	942	696	1398	2099
MAP4K1_PKc_E5_56.2	MAP4K1	1464	2393	1582	1308	1953	1200
MAP3K4_PKc_E24_123.1	MAP3K4	827	724	535	1126	635	954
PRKCI_PKc_E14_126.11	PRKCI	691	431	449	430	825	686
CDK7_PKc_E4_68.3	CDK7	160	3	280	22	405	169
BMPR1B_PKc_E7_187.11	BMPR1B	937	735	1517	678	559	843
RPS6KA1_PKc_E7_107	RPS6KA1	1098	1484	1474	714	1862	1064
PLK1_PKc_E1_276.9	PLK1	1866	88	136	1854	115	589
NEK10_PKc_E19_54	NEK10	609	1996	831	855	991	2011
STYK1_PKc_E10_97.1	STYK1	758	846	477	948	1250	2182
SNRK_PKc_E3_556.3	SNRK	1630	458	878	1063	688	1011
BCR_PKc_E1_1278.96	BCR	748	675	742	987	496	1056
SCYL1_PKc_E4_227.2	SCYL1	652	1227	546	583	1092	615
MTOR_PKc_E47_136.3	MTOR	130	0	162	379	440	336
ADRBK1_PKc_E12_95.3	ADRBK1	1164	710	2378	1592	817	2252
EPHA4_PKc_E14_210.8	EPHA4	968	2526	941	1344	1760	1328
PDK4_PKc_E3_72.2	PDK4	1167	837	2307	1080	1222	2951
STK38_PKc_E5_84.1	STK38	1076	1262	1319	1450	755	1790
LMTK2_PKc_E6_88.1	LMTK2	1432	2625	1588	249	2892	1468
UHMK1_PKc_E2_293.15	UHMK1	1025	709	513	551	707	755
LTK_PKc_E13_65	LTK	1054	1011	949	1628	1341	1417
PDGFRB_PKc_E14_111.1	PDGFRB	1825	1493	733	2107	1770	1109
CLK2_PKc_E4_40	CLK2	497	626	1030	438	1678	1307
STK32C_PKc_E7_104.4	STK32C	710	2292	1514	2284	1534	2599
CDK12_PKc_E6_190.11	CDK12	185	266	178	250	178	170
MAPK1_PKc_E6_132.9	MAPK1	430	1708	853	432	431	1070
MAPKAPK3_PKc_E6_65.3	MAPKAPK3	1994	1519	1223	2453	1240	1519
EPHB6_PKc_E14_150	EPHB6	640	3267	872	994	2487	1420
EPHA7_PKc_E10_43	EPHA7	1540	838	1417	2063	2365	1954
NEK7_PKc_E5_111.1	NEK7	969	1860	945	2139	1287	2518
SBK2_PKc_E2_52.3	SBK2	1562	1485	2299	2713	2110	2587
ADCK5_PKc_E7_114.17	ADCK5	566	869	912	577	1085	1721
neg37	CONTROL	1442	1718	753	1587	1869	1438
FGFR1_PKc_E14_123.7	FGFR1	188	1416	1369	246	448	748
STK17A_PKc_E5_49	STK17A	1614	1230	1189	1208	2323	1385
MAP3K9_PKc_E2_412.14	MAP3K9	807	1164	1960	495	1221	1033
STK17A_PKc_E6_180.4	STK17A	745	1832	1346	2551	3061	1678
MAPK6_PKc_E4_165.1	MAPK6	1920	1913	1492	857	1649	1730
ITK_PKc_E12_161.14	ITK	1033	1314	273	1520	1366	264
TESK2_PKc_E4_49	TESK2	945	1778	1764	1344	2400	2573
PRKACA_PKc_E6_127.16	PRKACA	636	621	436	410	351	403
CAMK2G_PKc_E3_60.2	CAMK2G	2299	2197	1255	1192	2744	1449
TBCK_PKc_E3_73	TBCK	1185	1304	971	593	1220	1459
MAP2K7_PKc_E7_108.1	MAP2K7	822	1128	815	936	965	1281
PRKACG_PKc_E1_948.157	PRKACG	952	987	1023	1412	1622	1054
PHKG2_PKc_E6_164	PHKG2	1178	744	1252	2226	745	1334
CDC42BPG_PKc_E6_94.3	CDC42BPG	997	2291	1882	1025	2619	1463
KALRN_PKc_E59_139.1	KALRN	540	986	944	399	2155	774
FER_PKc_E17_124.2	FER	985	1084	1457	1457	698	2903
TNNI3K_PKc_E18_53.3	TNNI3K	807	84	867	1502	1186	756
PIM2_PKc_E3_51.1	PIM2	1403	291	981	969	485	1003
STRADA_PKc_E11_242.41	STRADA	621	1439	269	2037	1165	1011
DAPK2_PKc_E5_130.5	DAPK2	899	1513	990	1147	1272	1634
AURKC_PKc_E6_175.14	AURKC	1384	987	1464	1702	1187	1543
STK40_PKc_E5_228.1	STK40	3112	1445	1172	2793	1488	2983
IKBKB_PKc_E6_89.7	IKBKB	271	2399	558	364	1403	1202
DMPK_PKc_E6_207.24	DMPK	1622	801	2163	1494	1724	2006
CDK16_PKc_E8_63.4	CDK16	1812	1014	1285	1933	1161	2307
TBK1_PKc_E4_130.7	TBK1	742	1142	766	566	659	635
PRKX_PKc_E6_58.2	PRKX	594	2266	1745	645	1991	1361
CDK16_PKc_E9_124.3	CDK16	871	2474	1339	1363	1656	1797
BLK_PKc_E12_132.4	BLK	817	1272	1867	1608	1925	958
DSTYK_PKc_E8_155.7	DSTYK	2684	1310	884	4097	1299	463
STK3_PKc_E9_138.5	STK3	1790	896	2039	1630	1893	2756
CAMKV_PKc_E4_75.5	CAMKV	1116	689	646	1140	1282	561
CAMK2G_PKc_E1_32.1	CAMK2G	336	2709	735	967	1426	1060
RPS6KB1_PKc_E7_101.9	RPS6KB1	420	400	765	1123	789	778
DDR1_PKc_E15_235.2	DDR1	755	1217	1158	229	448	1571
CAMK2D_PKc_E1_32	CAMK2D	1207	741	872	1084	757	1508
AAK1_PKc_E2_40.1	AAK1	246	1711	1222	393	1271	1023
TNK2_PKc_E7_127.11	TNK2	1647	1889	1812	1520	1360	2400
CDC42BPB_PKc_E5_149.5	CDC42BPB	139	534	391	218	708	75
BRSK2_PKc_E5_117.9	BRSK2	2732	2205	1139	985	1330	1905
WNK3_PKc_E3_173.12	WNK3	458	1334	900	877	732	1243
TSSK6_PKc_E1_771.109	TSSK6	1051	606	906	886	1664	1430
RPS6KA3_PKc_E7_107.1	RPS6KA3	1314	621	1103	1414	1120	694
BMP2K_PKc_E6_82.7	BMP2K	565	2267	841	707	1049	908
CSF1R_PKc_E13_105.8	CSF1R	677	1245	1360	1366	1218	3119
MST1R_PKc_E19_137.25	MST1R	1731	600	1990	1630	1051	2857
GUCY2D_PKc_E9_207.18	GUCY2D	1172	1322	2491	466	1417	2608
MERTK_PKc_E13_81.4	MERTK	2017	1664	1484	1139	1925	1340
MAST3_PKc_E17_102.5	MAST3	1589	1808	382	737	1064	863
GRK5_PKc_E11_90.14	GRK5	287	1560	1372	356	790	1695
DDR1_PKc_E13_128.2	DDR1	244	793	955	1030	377	990
BRAF_PKc_E12_85.2	BRAF	1515	1870	1514	1998	1162	2037
ROR2_PKc_E9_852.38	ROR2	1432	1592	523	735	2314	1151
STK32C_PKc_E3_152.1	STK32C	1657	956	1205	1359	1323	2395
AXL_PKc_E16_122.7	AXL	680	1613	1294	466	847	1651
RPS6KA2_PKc_E6_107.6	RPS6KA2	1294	1510	577	1086	321	792
PRKCH_PKc_E13_144.1	PRKCH	962	734	1083	902	860	1170
PDPK1_PKc_E2_48	PDPK1	1286	955	1078	3007	1812	1060
CDK10_PKc_E6_68.2	CDK10	117	1490	1100	196	726	598
DYRK1B_PKc_E9_213.48	DYRK1B	439	36	466	600	685	531
WNK2_PKc_E1_105	WNK2	550	1716	1409	1136	504	2501
TBK1_PKc_E2_63.2	TBK1	816	2107	1476	271	1367	1426
GSK3B_PKc_E5_131.8	GSK3B	273	151	226	0	379	329
TEX14_PKc_E8_114.4	TEX14	1448	668	466	692	786	299
PSKH2_PKc_E2_667.27	PSKH2	1635	1153	1927	755	587	1923
CDK9_e3.1	CDK9	356	1611	545	63	1194	864
CDK5_PKc_E2_89.3	CDK5	821	1558	780	2328	1398	2078
STYK1_PKc_E7_84.1	STYK1	980	3365	1011	540	737	1273
PDK2_PKc_E3_72.3	PDK2	1555	771	1093	681	1374	1020
DYRK4_PKc_E9_173.37	DYRK4	1506	1780	925	842	1904	1223
CAMK2A_PKc_E5_66.6	CAMK2A	651	1160	680	1230	1455	958
MAST1_PKc_E12_209.17	MAST1	2414	1135	771	1923	971	1039
MAPK7_PKc_E4_754.37	MAPK7	744	711	1289	1205	2477	1967
ULK4_PKc_E2_132.5	ULK4	1572	2288	1077	2618	832	1477
MAP3K8_PKc_E6_107.4	MAP3K8	742	447	1060	1318	1202	556
PAK6_PKc_E9_126.5	PAK6	12	697	230	199	538	658
CDK7_PKc_E1_48	CDK7	191	505	493	612	540	545
STK4_PKc_E5_165.3	STK4	451	2069	875	745	1015	2219
neg05	CONTROL	1245	1157	998	831	495	342
GSK3A_PKc_E5_131.14	GSK3A	2622	1448	1653	1600	628	1425
Rosa26	Rosa26	2096	1850	3297	3058	2036	2279
WNK1_PKc_E5_89.4	WNK1	1193	284	655	293	1577	973
STKLD1_PKc_E6_71.5	STKLD1	1165	1317	981	1409	1396	1035
PAK3_PKc_E13_100.3	PAK3	2508	1105	698	3035	1266	700
LATS2_PKc_E7_107.3	LATS2	696	708	934	526	822	1088
CDKL2_PKc_E6_140	CDKL2	1760	841	669	2055	1290	733
RIOK2_PKc_E3_117.8	RIOK2	207	0	155	263	245	363
TYK2_PKc_E15_128.2	TYK2	1087	2238	1630	960	1081	935
MAPKAPK5_PKc_E5_109.8	MAPKAPK5	998	1030	1518	924	1012	1662
BLK_PKc_E13_176.19	BLK	2064	770	1299	348	543	978
CDKL4_PKc_E4_91.2	CDKL4	1197	1331	2417	2531	1665	1439
ABL2_PKc_E10_68.4	ABL2	359	650	466	626	401	911
GCK_PKc_E5_96.1	GCK	1717	1382	1657	1650	1120	910
STK26_PKc_E4_57.4	STK26	396	1137	219	236	399	469
LATS1_PKc_E6_183.6	LATS1	2955	3305	704	2196	909	2481
DYRK1B_PKc_E6_287.28	DYRK1B	797	476	2404	1119	512	1533
BUB1B_PKc_E21_172.12	BUB1B	0	320	326	37	7	875
STK26_PKc_E3_219.1	STK26	1382	4376	3471	1288	2860	3038
RPL9_e4.1	RPL9	2	0	0	7	93	0
AK3_PKc_E5_40	AK3	379	162	228	380	703	369
SRMS_PKc_E8_164.21	SRMS	675	843	1012	870	638	735
JAK3_PKc2_E21_173.5	JAK3	1849	978	1317	1930	411	1651
TSSK2_PKc_E1_789.39	TSSK2	616	447	1274	930	653	1265
EIF2AK4_PKc2_E12_431.72	EIF2AK4	1290	2121	1207	594	2840	1062
FASTK_PKc_E6_143.1	FASTK	733	788	833	787	1250	1294
STK24_PKc_E2_210.9	STK24	2002	894	947	2172	1051	743
PASK_PKc_E17_86.7	PASK	434	1007	861	176	317	1237
MERTK_PKc_E14_93	MERTK	1295	792	1100	827	1333	502
KSR1_PKc_E16_227.2	KSR1	206	926	639	481	948	1030
STK4_PKc_E4_115.2	STK4	1737	1079	2030	1885	609	2799
DAPK1_PKc_E4_139.3	DAPK1	1003	1329	1530	1312	939	1374
CDK18_PKc_E5_45	CDK18	1349	136	621	1141	484	520
CSNK1A1_PKc_E4_99.5	CSNK1A1	0	26	212	195	78	70
ULK4_PKc_E6_102.1	ULK4	709	1235	1842	620	872	2002
neg28	CONTROL	798	2214	261	1181	750	209
STK35_PKc_E2_292.3	STK35	833	1099	1327	442	429	1990
PIM1_PKc_E5_177.26	PIM1	366	813	770	66	391	328
INSRR_PKc_E21_135.9	INSRR	595	864	1491	2344	610	748
TLK2_PKc_E19_170.4	TLK2	1596	1758	890	1317	1205	1256
MAPK14_PKc_E3_59	MAPK14	1599	2876	2375	1301	2333	2200
VRK3_PKc_E10_93.5	VRK3	872	1109	992	587	1243	301
MARK1_PKc_E9_120	MARK1	782	295	846	1616	981	1014
RPL23A_e2.1	RPL23A	1391	1973	1960	1538	1804	2172
PHKG2_PKc_E3_176	PHKG2	829	189	553	634	579	616
ADRBK1_PKc_E10_79.2	ADRBK1	1825	1259	1321	1941	1018	1377
MAST3_PKc_E14_139.4	MAST3	703	780	1067	2187	1408	2154
ICK_PKc_E3_92.5	ICK	1101	1908	1175	743	1693	1187
STK16_PKc_E2_32	STK16	363	1686	1490	583	2478	2210
PRKCA_PKc_E11_92.1	PRKCA	858	1107	339	2361	556	846
PKN3_PKc_E15_92.2	PKN3	1098	1401	1398	474	1514	1127
TBCK_PKc_E6_142.17	TBCK	174	342	274	472	807	70
CSNK1G2_PKc_E5_149.15	CSNK1G2	3224	2552	2388	2113	2349	1725
WNK3_PKc_E6_89.3	WNK3	676	1262	1083	223	846	1715
MAP2K5_PKc_E9_40.1	MAP2K5	886	1997	1178	861	1901	265
MAST1_PKc_E16_102.2	MAST1	97	481	506	160	803	976
MAPK14_PKc_E5_30	MAPK14	497	632	813	1684	1110	858
NUAK2_PKc_E6_133.8	NUAK2	579	2394	2163	979	2253	654
KALRN_PKc_E58_201.9	KALRN	1175	2601	2039	997	1778	2649
CSNK1E_PKc_E7_110.8	CSNK1E	744	1061	1299	308	1229	841
PDGFRA_PKc_E16_167.7	PDGFRA	233	499	1212	1148	1673	1182
LMTK3_PKc_E10_122.12	LMTK3	593	1258	616	326	546	393
NEK5_PKc_E4_97.2	NEK5	1276	972	1244	1212	1827	2144
CDK10_PKc_E3_72.5	CDK10	1284	1348	615	1863	771	894
KIAA1804_PKc_E1_436.71	KIAA1804	929	1614	652	1588	437	359
DCLK1_PKc_E11_147.4	DCLK1	916	1184	1083	860	748	1365
PTK7_PKc_E18_152.5	PTK7	940	1644	988	783	1752	1214
TNK2_PKc_E4_81.4	TNK2	567	1820	702	444	1365	1560
ITK_PKc_E13_217.11	ITK	718	1144	1285	1657	1511	1950
WEE1_PKc_E4_143.9	WEE1	1	0	0	6	1	60
MAPKAPK2_PKc_E4_80.1	MAPKAPK2	1529	2035	1761	2018	287	1885
AURKB_PKc_E7_149.8	AURKB	1823	563	375	1047	1417	1490
STK4_PKc_E7_138.8	STK4	776	624	2335	137	1126	2183
EPHA3_PKc_E10_43.1	EPHA3	1393	1586	780	1423	1709	1617
CDK6_PKc_E5_110.8	CDK6	2561	1433	1654	1625	1645	1615
STK36_PKc_E3_141.8	STK36	1920	1390	973	2219	756	1421
RIPK2_PKc_E3_156.1	RIPK2	718	1985	1610	301	705	748
MAPK15_PKc_E1_54.1	MAPK15	974	539	446	468	1064	1073
PRPF4B_PKc_E13_152.11	PRPF4B	212	1	126	55	0	42
ADCK3_PKc_E10_94.9	ADCK3	98	713	1029	354	1226	1095
WNK4_PKc_E2_173.7	WNK4	1090	229	1421	593	1456	1114
DYRK1B_PKc_E4_84	DYRK1B	1168	562	925	714	772	961
LYN_PKc_E10_77	LYN	942	1834	798	654	930	974
FGFR2_PKc_E14_123.2	FGFR2	1127	479	865	801	639	1458
TAOK2_PKc_E4_102.11	TAOK2	449	258	180	339	916	882
STK26_PKc_E5_109.4	STK26	1279	1000	1843	1377	675	1369
BMPR1A_PKc_E11_176.18	BMPR1A	728	1952	597	1095	957	1349
NEK1_PKc_E7_68.1	NEK1	784	1064	2102	1525	1426	1316
MAP3K13_PKc_E4_192.3	MAP3K13	715	600	435	1404	585	257
MOK_PKc_E3_90.5	MOK	497	647	483	388	506	238
EIF2AK4_PKc_E10_107.8	EIF2AK4	1706	2105	1425	2351	2465	2971
CAMK2D_PKc_E2_95.4	CAMK2D	240	236	614	614	785	893
MAPK9_PKc_E2_50.1	MAPK9	1895	175	450	1494	528	534
HIPK1_PKc_E3_124.1	HIPK1	1143	995	262	1303	1295	939
GSG2_PKc_E1_1371.11	GSG2	93	479	11	0	164	82
MAP3K5_PKc_E18_106	MAP3K5	692	1118	698	1092	763	1845
NEK2_PKc_E6_48	NEK2	918	994	1333	1420	1024	1330
TRRAP_PKc_E68_218.23	TRRAP	719	132	408	253	199	135
ARAF_PKc_E10_152.5	ARAF	892	776	1861	2304	765	1752
SRC_PKc_E12_154	SRC	686	3012	1235	508	1680	836
MATK_PKc_E13_87	MATK	1533	937	1065	1769	1496	1013
MAP3K1_PKc_E16_163.5	MAP3K1	1134	850	1362	1544	731	798
CAMK4_PKc_E5_73.1	CAMK4	2121	1052	1043	855	1092	1229
MAST2_PKc_E18_166	MAST2	1079	743	1143	331	1326	656
LMTK2_PKc_E8_85.7	LMTK2	1726	937	1201	1597	2155	1152
PRKG2_PKc_E12_137.1	PRKG2	1343	1421	900	1586	2538	1278
neg34	CONTROL	1428	1446	1723	1211	1233	2020
IKBKB_PKc_E5_70.3	IKBKB	120	2096	789	586	1042	1085
TRRAP_PKc_E71_195	TRRAP	343	266	460	209	279	614
TRIB2_PKc_E2_293.17	TRIB2	1080	791	907	1467	1310	743
CDKL1_PKc_E3_73.1	CDKL1	1615	227	670	1148	853	1271
CHEK2_PKc_E7_54.1	CHEK2	2090	673	1470	1561	808	1621
PDIK1L_PKc_E3_708.73	PDIK1L	595	385	928	696	588	1393
TYK2_PKc2_E23_118.7	TYK2	1672	1552	3366	1776	2106	3850
RPS6KA5_PKc_E5_108.3	RPS6KA5	999	1598	1207	459	1195	1699
ACVRL1_PKc_E6_147.8	ACVRL1	711	973	1505	807	1016	889
MTOR_PKc_E50_83.9	MTOR	112	373	154	71	134	327
NIM1K_PKc_E4_414.46	NIM1K	600	1573	1031	384	406	1118
MAP3K9_PKc_E4_149.4	MAP3K9	614	1044	1101	892	793	2375
PRKCH_PKc_E9_174.15	PRKCH	741	1715	751	928	1105	1089
CSNK1G3_PKc_E6_235.1	CSNK1G3	325	1043	891	795	1260	2262
TTN_PKc_E358_736.2	TTN	1576	1319	1954	867	920	1181
MYLK3_PKc_E9_71	MYLK3	1198	3539	2195	945	1618	2783
LMTK3_PKc_E9_85.4	LMTK3	362	308	904	160	579	1804
KDR_PKc_E19_114.3	KDR	469	1317	909	466	1785	1698
TRIB3_PKc_E3_293.37	TRIB3	811	1981	677	1781	30	1351
PRKCG_PKc_E11_189.3	PRKCG	1385	927	2009	1152	1259	2083
LCK_PKc_E9_180.18	LCK	1902	1502	1336	1545	1789	1617
TNNI3K_PKc_E15_58	TNNI3K	1216	129	797	762	189	817
STK3_PKc_E6_115.4	STK3	351	1035	522	648	2070	762
RPL23A_e3.1	RPL23A	0	124	0	0	302	97
MAPKAPK5_PKc_E4_98.3	MAPKAPK5	995	511	2763	1010	1163	2132
NEK8_PKc_E5_156.19	NEK8	1191	662	1164	1039	970	583
NEK9_PKc_E1_69.6	NEK9	230	167	426	636	536	621
GAK_PKc_E3_60	GAK	64	12	5	129	65	255
CDK6_PKc_E2_203.31	CDK6	54	480	396	452	505	1152
PBK_PKc_E3_59.2	PBK	1364	1528	1159	1081	1567	1152
LIMK1_PKc_E9_87.4	LIMK1	1461	1883	699	1660	964	805
CAMKK2_PKc_E6_134.7	CAMKK2	898	1456	879	1993	663	1487
TNK1_PKc_E6_284.41	TNK1	493	749	618	739	1031	577
NEK4_PKc_E1_81.9	NEK4	871	463	1091	885	521	1377
HCK_PKc_E9_180.11	HCK	1635	1107	700	1493	295	1691
neg43	CONTROL	1440	1485	3353	2461	1266	2552
PNCK_PKc_E2_38	PNCK	429	1459	675	667	728	898
EPHB6_PKc_E12_248.1	EPHB6	1391	949	2038	1559	1107	1248
ADCK2_PKc_E8_114.6	ADCK2	664	1586	1358	242	2309	1523
CLK4_PKc_E9_130.3	CLK4	379	1453	1471	492	765	895
CAMK4_PKc_E1_38.2	CAMK4	1488	2223	2106	1403	1668	1215
MYO3A_PKc_E5_105	MYO3A	372	2054	1999	789	1519	756
CAMK2G_PKc_E2_95.4	CAMK2G	1905	2222	1258	2109	1342	1734
PIM1_PKc_E2_81	PIM1	1309	1762	1094	644	1398	948
CSNK1A1_PKc_E1_78.2	CSNK1A1	1	370	165	0	92	435
neg02	CONTROL	713	1522	1535	1595	1153	1775
MAP2K4_PKc_E5_120.2	MAP2K4	906	309	969	1099	1339	540
JAK2_PKc2_E21_125.3	JAK2	2013	1025	1143	1045	1214	1056
MYO3A_PKc_E3_165.9	MYO3A	717	2119	902	1243	667	1149
STK19_PKc_E5_140	STK19	1071	1209	1708	1217	754	638
SIK1_PKc_E6_125.19	SIK1	802	1286	591	1237	607	1564
STK4_PKc_E6_168.2	STK4	1514	1368	1807	1641	1229	1211
RPS6KA6_PKc_E7_107	RPS6KA6	1406	1655	1453	1371	2348	2340
CSNK2A1_PKc_E11_101	CSNK2A1	408	12	367	85	207	969
INSRR_PKc_E17_213	INSRR	554	935	1124	447	669	1201
RPS6KA1_PKc2_E17_159	RPS6KA1	1301	1775	1192	2257	1117	614
CSK_PKc_E11_196.3	CSK	1502	1274	1300	1333	999	649
BMPR1A_PKc_E13_99.2	BMPR1A	1453	745	1507	950	663	1525
RPS6KL1_PKc_E4_42.3	RPS6KL1	165	1675	712	594	1418	1211
INSR_PKc_E20_130.4	INSR	955	127	953	1401	609	1335
TLK1_PKc_E15_92	TLK1	623	275	1198	581	734	1335
neg15	CONTROL	691	1682	1200	1415	526	1103
GRK4_PKc_E10_38	GRK4	1075	794	871	1513	1046	1313
MAP3K13_PKc_E7_61.3	MAP3K13	659	1126	987	772	731	612
MAK_PKc_E5_80.2	MAK	878	551	621	497	766	1817
JAK1_PKc2_E20_193.4	JAK1	1865	718	536	752	1190	543
MOS_PKc_E1_849.26	MOS	230	759	1204	278	829	1382
ROCK1_PKc_E7_145.1	ROCK1	399	211	930	462	916	885
PNCK_PKc_E4_75	PNCK	438	1746	1017	436	1427	662
WNK2_PKc_E4_158	WNK2	942	1619	766	1684	1774	1293
STK17B_PKc_E6_49.2	STK17B	2235	607	553	5434	1300	634
BCR_PKc_E1_1278.203	BCR	914	314	757	568	848	779
NEK4_PKc_E4_108.2	NEK4	1929	1081	2153	1184	1028	2362
ACVR1C_PKc_E6_157.1	ACVR1C	2103	1736	741	492	1123	1803
neg20	CONTROL	406	236	1792	357	474	1523
BMPR1B_PKc_E8_298.19	BMPR1B	1382	1728	608	997	1191	1055
PAK2_PKc_E10_113.1	PAK2	1390	771	1011	1270	1145	749
PKN2_PKc_E18_77	PKN2	64	888	590	567	1503	324
GUCY2D_PKc_E12_149.8	GUCY2D	1762	1113	1771	1536	1428	1344
ERN1_PKc_E19_98.5	ERN1	335	419	789	413	578	1444
VRK2_PKc_E4_70.1	VRK2	1179	645	694	713	609	938
TTBK1_PKc_E8_93.14	TTBK1	1613	1473	1186	1185	757	1589
TAOK2_PKc_E8_92.7	TAOK2	681	1274	753	1205	2000	1004
PAK2_PKc_E13_197.21	PAK2	1462	334	9	437	332	295
KALRN_PKc_E60_399.58	KALRN	1509	2185	1625	1287	1609	1783
CSNK1G2_PKc_E3_41	CSNK1G2	192	227	480	576	333	1408
PRKCD_PKc_E13_174.16	PRKCD	855	1111	1163	1339	1075	1223
PKN1_PKc_E15_92.8	PKN1	1076	2398	1081	2064	1212	1274
LYN_PKc_E13_194.6	LYN	953	460	1486	767	819	1887
CDC42BPA_PKc_E5_149.8	CDC42BPA	1357	1104	1332	1360	1137	2041
AKT2_PKc_E9_123.8	AKT2	1002	711	1198	1186	1003	915
SPEG_PKc2_E34_123.9	SPEG	1639	2126	2387	2515	2281	2611
neg23	CONTROL	3697	875	1420	2041	1570	2865
FGFR1_PKc_E13_191.13	FGFR1	460	1436	1307	159	528	672
CDK20_PKc_E3_189.5	CDK20	2045	483	2035	2300	1277	1822
ANKK1_PKc_E3_152.22	ANKK1	758	325	978	1469	782	1607
FGFR1_PKc_E15_71.2	FGFR1	527	1175	970	227	654	900
ACVR1_PKc_E9_198.4	ACVR1	2015	847	596	1015	1454	850
MAP3K13_PKc_E3_158.16	MAP3K13	551	1222	198	1115	746	915
ADCK2_PKc_E3_129.17	ADCK2	1739	450	2001	583	1007	2322
ROS1_PKc_E38_130.7	ROS1	619	917	593	565	791	885
AAK1_PKc_E4_109.3	AAK1	3673	586	1053	4776	1826	1920
SRMS_PKc_E5_159.12	SRMS	40	1055	645	920	235	187
INSRR_PKc_E18_111.8	INSRR	1003	503	1098	643	84	1712
STYK1_PKc_E6_182.18	STYK1	487	1114	849	472	404	1619
CAMK2D_PKc_E5_66	CAMK2D	869	1247	1023	1087	1905	1688
ABL2_PKc_E6_85.1	ABL2	430	848	606	938	1549	759
neg29	CONTROL	605	549	1763	477	1327	590
STK40_PKc_E3_87.9	STK40	704	750	570	1103	1422	987
GSK3B_PKc_E3_84.2	GSK3B	525	25	854	202	1247	675
ULK1_PKc_E4_33	ULK1	1416	783	1797	1646	1268	1481
EPHA1_PKc_E13_62.2	EPHA1	1277	446	1057	1066	1153	1382
ABL2_PKc_E8_185	ABL2	843	507	583	324	301	2125
TRPM6_PKc_E36_206.12	TRPM6	1337	794	572	1350	637	843
AAK1_PKc_E7_82.6	AAK1	1505	1778	1649	1290	1057	2689
MAP3K14_PKc_E6_114.9	MAP3K14	1877	1953	836	895	1987	851
EPHA2_PKc_E12_62	EPHA2	2322	1645	721	1666	1446	1213
WNK2_PKc_E5_89.7	WNK2	342	1200	949	929	1148	1246
PRKCZ_PKc_E14_120.12	PRKCZ	843	815	1006	823	995	1008
JAK1_PKc2_E24_111.9	JAK1	1951	1336	1230	4062	1162	1162
ILK_PKc_E8_110.1	ILK	248	1096	165	239	335	343
EIF2AK4_PKc2_E15_123.2	EIF2AK4	1579	1891	1354	1787	2031	1328
CAMK1_PKc_E5_139	CAMK1	2232	3612	1398	1413	1599	1202
SGK1_PKc_E7_113.8	SGK1	1248	1395	743	1135	879	1334
PLK2_PKc_E5_88.5	PLK2	476	731	868	1446	801	1537
CSNK1G3_PKc_E5_149.1	CSNK1G3	667	678	798	591	962	1002
PRKACG_PKc_E1_948.1	PRKACG	605	955	702	1068	1049	1178
MAP3K3_PKc_E16_178.27	MAP3K3	564	700	511	738	497	627
CDKL4_PKc_E2_122	CDKL4	1167	796	1189	830	1082	1350
RIOK2_PKc_E5_89	RIOK2	133	103	187	109	0	149
TRIB1_PKc_E1_72.9	TRIB1	591	1655	384	543	1919	688
ADRBK2_PKc_E10_79.5	ADRBK2	605	582	1215	827	833	923
TLK1_PKc_E17_170.6	TLK1	387	1643	357	652	1622	503
MAP3K7_PKc_E2_111.1	MAP3K7	467	1750	271	1168	1406	1031
GSG2_PKc_E1_1371.119	GSG2	603	167	433	120	161	842
MAP3K2_PKc_E15_178.2	MAP3K2	1571	1800	699	2729	2007	858
ADCK4_PKc_E10_94.6	ADCK4	1878	1690	1188	762	1146	1117
TGFBR2_PKc_E5_525.64	TGFBR2	1365	3759	1881	238	1767	1527
SCYL2_PKc_E5_150.1	SCYL2	1802	748	1197	2535	1480	929
EPHA6_PKc_E16_150.9	EPHA6	342	175	1057	657	544	1405
ACVR1_PKc_E10_131	ACVR1	2449	479	458	2638	2250	1011
HIPK2_PKc_E5_87.4	HIPK2	1450	2307	2448	2622	659	2144
PRKCI_PKc_E13_88.2	PRKCI	563	1507	588	848	1556	2181
DYRK2_PKc_E3_1140.73	DYRK2	803	1318	850	695	1047	577
TSSK6_PKc_E1_771.48	TSSK6	640	1094	328	400	1413	1581
STK16_PKc_E4_134.16	STK16	625	882	94	332	265	869
LATS2_PKc_E6_183.17	LATS2	441	1769	575	1113	1005	1491
EPHA10_PKc_E11_186.3	EPHA10	2400	1285	655	1745	953	770
STK38L_PKc_E5_84	STK38L	845	1424	1125	637	476	628
RPA3_e1.3	RPA3	0	159	276	0	70	0
PTK2B_PKc_E25_90.3	PTK2B	866	868	557	835	973	953
MTOR_PKc_E47_136.1	MTOR	728	0	87	1324	312	451
DYRK2_PKc_E3_1140.126	DYRK2	319	269	284	672	224	573
SLK_PKc_E3_49.1	SLK	998	2531	872	1105	1268	2345
PRKD3_PKc_E15_99	PRKD3	395	477	427	508	210	140
PAK2_PKc_E8_64.3	PAK2	862	86	880	367	1157	1069
IRAK4_PKc_E11_63.2	IRAK4	0	2007	245	414	738	1044
FER_PKc_E15_116.2	FER	613	1063	2001	388	974	1191
SIK3_PKc_E5_125.12	SIK3	78	490	485	323	754	723
ACVR1B_PKc_E9_131.14	ACVR1B	1574	1677	720	1397	867	1127
PIK3R4_PKc_E4_93.1	PIK3R4	1808	727	1050	2052	549	2388
MAPK12_PKc_E2_130.1	MAPK12	218	1131	404	596	1072	669
MAPK13_PKc_E1_95.9	MAPK13	831	551	397	210	851	388
TTK_PKc_E17_125.3	TTK	236	1194	900	328	638	712
TSSK6_PKc_E1_771.7	TSSK6	805	793	1003	314	322	556
RPS6KA2_PKc2_E17_162.12	RPS6KA2	1352	1032	1426	2153	1216	1268
FGFR3_PKc_E13_191.41	FGFR3	1475	1456	1447	1706	2301	3442
STK32C_PKc_E2_45.7	STK32C	965	1011	1104	478	987	749
FGFR1_PKc_E10_41	FGFR1	817	846	502	520	1084	590
NEK5_PKc_E6_84.4	NEK5	706	1022	1348	693	1108	1888
PDK3_PKc_E5_62.2	PDK3	302	2169	696	1371	998	1207
MINK1_PKc_E1_36.1	MINK1	2329	1267	751	1978	1832	1411
ILK_PKc_E10_122.7	ILK	731	386	1187	387	47	564
MYLK2_PKc_E8_142.4	MYLK2	318	1511	792	857	343	633
TIE1_PKc_E17_191.24	TIE1	1616	1876	1437	504	1593	1303
TEK_PKc_E15_130.7	TEK	1522	1319	854	1616	1068	1109
GUCY2F_PKc_E9_177.5	GUCY2F	1343	1374	383	705	1526	1414
BUB1B_PKc_E18_101.2	BUB1B	123	0	114	0	130	165
DCLK1_PKc_E8_83.4	DCLK1	668	1777	1778	1906	1607	1566
CLK1_PKc_E7_167.7	CLK1	229	574	860	324	773	1625
POLR2D_e3.1	POLR2D	0	0	1	0	0	228
CDK5_PKc_E1_37.2	CDK5	1297	1543	956	1608	1241	2229
ADCK3_PKc_E12_108.8	ADCK3	490	1315	665	1496	795	1317
MAP3K9_PKc_E3_181.9	MAP3K9	299	805	2055	302	758	1579
MAP3K7_PKc_E1_120.13	MAP3K7	1003	2376	1377	577	1119	1486
ERBB3_PKc_E23_147.5	ERBB3	56	41	723	252	117	248
STK11_PKc_E6_128.2	STK11	1019	208	93	1285	590	541
TAOK1_PKc_E6_97.2	TAOK1	446	1443	1873	683	651	1831
PTK2B_PKc_E20_90.1	PTK2B	1500	1074	664	1824	1237	1253
PRKD1_PKc_E14_162.7	PRKD1	291	840	154	222	1234	555
PDK3_PKc_E4_185.1	PDK3	1056	426	809	1191	920	1623
BUB1B_PKc_E17_37	BUB1B	126	1156	272	313	1244	371
AXL_PKc_E17_110.5	AXL	1242	1024	733	1041	798	1140
ACVRL1_PKc_E6_147.3	ACVRL1	1501	599	1129	1104	795	1348
GUCY2D_PKc_E10_157.1	GUCY2D	2425	1208	1158	2038	677	560
ACVR2A_PKc_E5_87.3	ACVR2A	1155	1591	364	1112	675	1093
CAMKV_PKc_E6_121.12	CAMKV	2050	2269	1699	1134	1209	1803
EPHA8_PKc_E11_186.28	EPHA8	1057	778	1156	742	535	745
CAMK2B_PKc_E2_95.3	CAMK2B	648	818	1026	410	1054	1177
RPS6KA5_PKc2_E14_192.21	RPS6KA5	776	1007	887	1558	1033	1105
IRAK3_PKc_E9_199.15	IRAK3	246	586	683	343	478	542
PLK4_PKc_E4_115	PLK4	374	225	305	460	371	655
MAK_PKc_E6_133.7	MAK	1405	2855	1804	1059	1414	2140
RET_PKc_E14_215.42	RET	455	2660	373	589	1127	1171
PLK2_PKc_E2_108	PLK2	1086	1409	410	1470	812	853
EPHA2_PKc_E11_189.12	EPHA2	107	750	966	196	1347	1429
AURKC_PKc_E5_149.13	AURKC	563	1410	2408	764	1078	1733
PRKCE_PKc_E10_174.13	PRKCE	1053	690	1173	823	700	889
OBSCN_PKc2_E103_76.7	OBSCN	1090	1791	1080	811	481	1642
FGFR4_PKc_E10_38.3	FGFR4	547	36	345	644	557	417
AURKB_PKc_E9_156.14	AURKB	0	0	0	41	0	0
AAK1_PKc_E3_119.6	AAK1	745	407	1255	345	862	909
MASTL_PKc2_E11_102.1	MASTL	912	1378	851	871	480	649
CAMK1G_PKc_E2_38	CAMK1G	773	1003	842	996	863	1400
LCK_PKc_E8_76.1	LCK	1023	466	606	635	1180	1164
MAPK8_PKc_E4_59	MAPK8	554	431	484	403	168	583
POLR2A_e10.1	POLR2A	0	0	0	9	0	0
AXL_PKc_E18_160.14	AXL	1039	944	803	2448	745	558
PAK6_PKc_E8_127.8	PAK6	654	691	1289	542	1204	620
NUAK2_PKc_E3_152.1	NUAK2	392	886	225	245	431	307
GAK_PKc_E1_31	GAK	93	329	30	103	599	98
FLT1_PKc_E20_89.2	FLT1	166	614	2116	801	2359	2686
PDGFRB_PKc_E15_160.7	PDGFRB	904	759	1946	1089	866	1248
ERN1_PKc_E17_200.6	ERN1	1152	691	1584	1330	1311	2489
AURKB_PKc_E5_191.2	AURKB	0	250	158	5	3	164
CSNK2A1_PKc_E11_101.1	CSNK2A1	373	373	779	612	888	1426
HUNK_PKc_E2_293.25	HUNK	1476	1321	608	1555	1178	1151
NTRK2_PKc_E19_235.8	NTRK2	950	818	1038	1153	1425	1490
TESK1_PKc_E6_91.9	TESK1	1362	1538	1344	532	813	1272
MKNK1_PKc_E4_98.4	MKNK1	268	311	1184	313	429	1058
PDK4_PKc_E5_59	PDK4	1161	1624	967	798	1643	1263
MAPK13_PKc_E6_48.2	MAPK13	909	475	693	1304	336	114
MAP3K6_PKc_E20_135.17	MAP3K6	2509	918	508	1303	1158	989
NUAK1_PKc_E4_66.2	NUAK1	275	278	445	276	127	185
PRPF4B_PKc_E11_154.2	PRPF4B	0	79	56	32	4	93
PLK1_PKc_E2_169.19	PLK1	177	0	187	260	0	328
MAP3K11_PKc_E3_149.4	MAP3K11	389	40	660	867	522	989
HCK_PKc_E13_194.6	HCK	241	0	160	412	205	528
MAP4K5_PKc_E3_58.2	MAP4K5	1215	764	4809	1663	683	1950
SRC_PKc_E11_77.4	SRC	197	1167	593	659	784	1114
RYK_PKc_E8_49	RYK	927	817	2021	913	709	1369
PIM1_PKc_E4_367.38	PIM1	1266	1824	877	961	2044	759
SCYL1_PKc_E5_91.8	SCYL1	325	439	590	876	545	334
MAST3_PKc_E16_166.17	MAST3	758	1623	1044	1362	1138	1643
BUB1_PKc_E24_107	BUB1	6	771	0	155	224	554
LTK_PKc_E11_35	LTK	1642	751	364	791	1053	874
PDIK1L_PKc_E2_267.1	PDIK1L	1173	404	1083	841	342	908
PRKD3_PKc_E13_107.3	PRKD3	2285	603	880	1263	711	852
IRAK2_PKc_E8_110.3	IRAK2	1210	1242	1110	1194	1038	1513
STK38L_PKc_E8_103.3	STK38L	263	604	577	530	548	652
PRKACB_PKc_E5_83.3	PRKACB	842	340	1009	574	641	590
DYRK3_PKc_E3_1140.67	DYRK3	1198	1523	1006	804	1498	701
PDK4_PKc_E2_142.7	PDK4	390	1708	812	1276	1120	863
PDK2_PKc_E1_34	PDK2	786	433	648	1023	418	1059
NEK7_PKc_E3_102.5	NEK7	1299	1150	1703	456	1092	1312
CDC7_PKc_E8_96.2	CDC7	92	201	707	496	444	1556
FLT1_PKc_E21_157.4	FLT1	1287	1892	968	1294	1334	1425
TRIO_PKc_E57_399.42	TRIO	277	447	521	509	356	638
STK36_PKc_E6_250.25	STK36	789	1846	1739	1354	1491	1427
MOS_PKc_E1_849.125	MOS	498	1615	1652	380	790	630
JAK2_PKc_E18_151.5	JAK2	584	1566	804	1758	2224	708
DYRK3_PKc_E3_1140.115	DYRK3	143	636	754	236	781	1434
STK25_PKc_E8_102.1	STK25	883	1117	779	381	1874	414
AK3_PKc_E3_173.2	AK3	910	766	1030	602	590	947
ADCK4_PKc_E12_108.1	ADCK4	1793	769	1353	1155	672	1159
RIOK3_PKc_E10_81.1	RIOK3	1450	1949	194	1537	765	1090
RIPK4_PKc_E5_159.15	RIPK4	656	1104	720	466	1373	250
MKNK1_PKc_E5_80.3	MKNK1	416	292	273	512	408	1191
MAPK8_PKc_E2_50.1	MAPK8	495	158	421	348	424	988
neg25	CONTROL	1376	1275	1285	976	1629	2468
CAMK1G_PKc_E3_129.8	CAMK1G	760	1347	342	555	1271	626
TSSK2_PKc_E1_789.87	TSSK2	494	1089	743	484	648	812
RPS6KA6_PKc2_E17_159.6	RPS6KA6	976	2051	708	848	1038	2201
PKMYT1_PKc_E3_57	PKMYT1	136	359	267	4	712	957
CDK18_PKc_E7_95.9	CDK18	544	751	1706	317	78	1264
CDK12_PKc_E5_171.8	CDK12	1720	3049	1266	1025	1846	896
STK32B_PKc_E3_152	STK32B	750	2282	1044	642	1079	1882
PBK_PKc_E4_143.6	PBK	375	1880	692	1316	1624	585
LRRK2_PKc_E39_101.2	LRRK2	196	238	653	792	474	930
MAPK7_PKc_E4_754.65	MAPK7	780	1472	1466	761	647	2059
MAP3K8_PKc_E5_262.23	MAP3K8	1544	758	753	461	1470	1530
BMPR2_PKc_E7_115.4	BMPR2	1143	2152	1020	705	1123	667
CDC42BPG_PKc_E2_48.1	CDC42BPG	907	183	308	839	1746	581
POLR2A_e2.1	POLR2A	9	62	68	18	8	54
PLK4_PKc_E5_458.19	PLK4	366	696	657	572	623	1376
ULK1_PKc_E2_93.5	ULK1	1380	684	2524	426	1749	1816
neg12	CONTROL	1122	1591	1549	1057	734	2219
YES1_PKc_E10_154.1	YES1	1073	917	2300	1457	1045	1467
SPEG_PKc1_E24_78.6	SPEG	681	1320	767	384	679	1143
RPS6KA2_PKc_E2_42.2	RPS6KA2	321	613	1232	923	1139	822
ADCK1_PKc_E5_159.11	ADCK1	325	1619	578	1228	950	697
PRKCE_PKc_E13_189.18	PRKCE	211	598	1516	401	1260	542
EPHA1_PKc_E16_150.6	EPHA1	442	590	490	260	1446	1097
neg17	CONTROL	1902	964	953	1910	2033	2125
SRPK3_PKc_E5_88.11	SRPK3	831	558	1288	683	967	1993
CSNK1G3_PKc_E4_70.2	CSNK1G3	446	128	480	1622	1307	471
TBK1_PKc_E5_182.1	TBK1	626	37	824	1247	292	550
CSNK1D_PKc_E5_171.15	CSNK1D	2019	1159	1175	6584	1931	1626
BMP2K_PKc_E2_119.7	BMP2K	684	2204	1349	924	1160	2364
STK26_PKc_E8_102	STK26	1889	1386	1703	893	2039	911
PAK2_PKc_E11_118.2	PAK2	1926	180	719	1559	465	690
WEE1_PKc_E6_147.2	WEE1	609	429	915	807	360	521
PLK3_PKc_E3_117.4	PLK3	612	1256	1244	345	737	1788
PRKCQ_PKc_E13_92.2	PRKCQ	446	1245	1003	692	1662	1335
DYRK2_PKc_E3_1140.134	DYRK2	1031	439	520	576	713	1313
RPS6KL1_PKc_E5_48.2	RPS6KL1	490	1171	491	403	1829	851
FASTK_PKc_E5_201.31	FASTK	360	2870	1620	541	1185	1240
PIM1_PKc_E2_81.6	PIM1	361	390	412	292	359	656
TYK2_PKc_E18_135.4	TYK2	1705	1406	1507	925	1271	1664
STK32A_PKc_E5_174.15	STK32A	2741	1252	1372	3604	867	1372
MAP3K10_PKc_E2_181.9	MAP3K10	641	1455	838	731	1757	926
KSR1_PKc_E18_134.12	KSR1	350	518	535	69	761	769
MERTK_PKc_E17_160.3	MERTK	390	856	292	532	1202	668
DSTYK_PKc_E10_114.7	DSTYK	817	2254	1694	1564	1003	1211
ABL1_PKc_E6_178.11	ABL1	2287	1302	1234	2842	502	1758
STK31_PKc_E21_150.5	STK31	1023	0	294	1017	854	470
neg49	CONTROL	860	1728	1217	479	1028	1559
TRIO_PKc_E55_201.2	TRIO	1227	1004	481	1554	1507	490
CDC7_PKc_E5_94.1	CDC7	0	0	0	0	366	0
MST1R_PKc_E15_81.6	MST1R	1062	0	555	567	938	337
MST1R_PKc_E17_110.17	MST1R	455	721	1423	148	716	1046
CDC42BPG_PKc_E7_201.27	CDC42BPG	856	209	275	690	614	1197
MAPKAPK5_PKc_E3_76	MAPKAPK5	1749	426	1076	1785	693	1437
TNIK_PKc_E6_91.2	TNIK	697	578	320	464	1027	482
STK33_PKc_E5_114.5	STK33	1682	1239	603	1647	1486	2095
JAK3_PKc_E14_128.4	JAK3	859	1075	1755	1073	1370	2374
FGFR4_PKc_E12_111.3	FGFR4	863	778	578	1089	912	499
MAP3K5_PKc_E17_137.11	MAP3K5	408	652	1017	298	1277	909
PRPF4B_PKc_E14_87	PRPF4B	67	142	237	16	3	123
LIMK2_PKc_E9_132.8	LIMK2	1605	1713	1448	1874	477	1232
EGFR_PKc_E22_76.2	EGFR	1086	365	64	1576	411	40
CAMKK2_PKc_E5_52.1	CAMKK2	687	247	578	958	374	389
SNRK_PKc_E4_142.6	SNRK	1364	988	1928	1235	1311	2929
EPHA7_PKc_E12_62.2	EPHA7	1449	1051	921	1924	1272	1603
TGFBR2_PKc_E5_525.62	TGFBR2	590	253	989	1020	282	1627
PRKD3_PKc_E14_162.8	PRKD3	1141	309	570	1309	1170	1049
STK32C_PKc_E6_90.7	STK32C	1586	1097	1047	1411	2004	1025
SMG1_PKc_E45_84	SMG1	303	629	442	531	803	1088
POLR2A_e28.2	POLR2A	438	27	759	598	281	998
DCLK1_PKc_E9_58	DCLK1	446	965	902	1135	691	936
MAST4_PKc_E18_166.6	MAST4	509	692	1026	307	957	915
AMHR2_PKc_E9_148.14	AMHR2	518	514	716	1271	910	977
CSF1R_PKc_E14_111.8	CSF1R	77	2066	1169	287	1078	1220
CDK18_PKc_E6_115.5	CDK18	1264	575	197	398	111	351
CLK3_PKc_E7_167.21	CLK3	1214	967	286	1444	941	909
ADCK2_PKc_E4_96.5	ADCK2	765	1362	674	1034	571	584
AURKC_PKc_E4_139.1	AURKC	647	703	394	348	422	476
NLK_PKc_E2_130.5	NLK	531	962	1011	1334	1020	1398
NTRK1_PKc_E15_241.18	NTRK1	583	356	850	351	677	368
CDK2_PKc_E3_121.2	CDK2	966	644	1041	504	604	1215
NEK8_PKc_E1_41.1	NEK8	897	557	539	398	1084	742
CSNK2A2_PKc_E4_51	CSNK2A2	182	527	386	494	482	587
STK40_PKc_E7_116.11	STK40	209	389	108	263	484	152
MAP2K3_PKc_E5_120.9	MAP2K3	2502	555	652	1403	634	918
PRKD2_PKc_E17_83.1	PRKD2	1435	1780	1162	1083	913	1086
NEK11_PKc_E9_64	NEK11	1432	722	1052	1539	1403	1428
GSG2_PKc_E1_1371.9	GSG2	172	281	596	1222	511	361
ADCK2_PKc_E1_534.7	ADCK2	1014	819	1288	1304	679	862
PRKACA_PKc_E5_83.8	PRKACA	9	461	617	331	635	452
MAST3_PKc_E13_209.5	MAST3	1318	475	876	1434	1314	436
ROR2_PKc_E9_852.43	ROR2	1402	1105	854	950	484	1460
STK11_PKc_E2_84.3	STK11	472	1053	553	1199	241	988
NIM1K_PKc_E2_82.4	NIM1K	1600	1846	342	1925	1969	775
PRKG2_PKc_E13_90.7	PRKG2	927	876	571	708	294	512
ULK3_PKc_E6_83.5	ULK3	775	1768	932	633	1435	274
PRKDC_PKc_E79_221.2	PRKDC	0	380	133	0	0	546
SIK3_PKc_E3_64.1	SIK3	879	707	681	1161	494	381
TSSK1B_PKc_E1_789.93	TSSK1B	1156	19	810	151	304	298
TRIB3_PKc_E3_293.48	TRIB3	1342	451	766	1580	275	470
CHEK1_PKc_E7_105.1	CHEK1	40	0	16	368	0	180
KIAA1804_PKc_E1_436.31	KIAA1804	142	619	370	320	354	729
PRKACG_PKc_E1_948.136	PRKACG	801	1085	769	433	603	628
MAPK9_PKc_E4_59	MAPK9	312	387	458	313	433	1253
ANKK1_PKc_E1_113.15	ANKK1	1572	1435	696	1168	647	1491
TESK2_PKc_E7_85.7	TESK2	640	1302	690	265	414	1192
PRKG2_PKc_E14_142.4	PRKG2	876	1866	1734	1035	1813	1499
STK19_PKc_E7_148.22	STK19	367	328	248	531	772	360
PRKCB_PKc_E6_157.15	PRKCB	260	1447	1340	957	1549	1523
EPHA8_PKc_E11_186.31	EPHA8	321	487	572	63	1021	371
AKT3_PKc_E4_36	AKT3	613	691	607	162	367	1455
PRKACG_PKc_E1_948.164	PRKACG	533	215	263	678	304	1026
BCR_PKc_E1_1278.57	BCR	48	617	671	346	914	1851
AK1_PKc_E3_28	AK1	123	244	254	548	218	832
SGK494_PKc_E4_69.2	SGK494	729	927	477	761	659	1220
DAPK1_PKc_E5_130.11	DAPK1	1940	880	1178	1663	528	793
PIK3R4_PKc_E3_134.5	PIK3R4	463	590	178	547	945	146
NPR2_PKc_E10_78.1	NPR2	1050	1390	1199	891	1030	1727
neg22	CONTROL	1210	576	843	1187	347	407
CDK13_PKc_E4_94.2	CDK13	143	791	335	1	337	284
TYRO3_PKc_E15_122.1	TYRO3	441	448	267	114	655	833
SGK3_PKc_E12_37.1	SGK3	1543	653	799	1225	963	1151
DAPK1_PKc_E2_44.1	DAPK1	475	982	912	717	879	330
WNK1_PKc_E2_173.6	WNK1	535	431	648	111	939	945
IRAK2_PKc_E9_196.14	IRAK2	1881	1070	1187	2158	1964	1226
FGFR3_PKc_E10_38.6	FGFR3	189	421	99	229	311	314
DYRK1B_PKc_E7_147.3	DYRK1B	2050	283	887	1457	870	1545
DMPK_PKc_E3_96.8	DMPK	1647	1347	944	1331	1559	1370
PDK1_PKc_E3_72.2	PDK1	1157	606	1298	1223	1249	1119
KIT_PKc_E13_111.6	KIT	1405	1991	532	1079	1529	859
TSSK3_PKc_E1_121.8	TSSK3	78	246	0	87	170	335
STRADA_PKc_E9_172.18	STRADA	889	608	977	648	487	1059
CSNK1G2_PKc_E4_70.3	CSNK1G2	482	825	416	447	200	460
CAMKK1_PKc_E6_134.7	CAMKK1	250	0	827	248	77	995
GAK_PKc_E5_143.15	GAK	433	79	66	232	225	460
EPHB1_PKc_E13_150.12	EPHB1	234	0	955	60	652	1060
ACVR1C_PKc_E9_102.6	ACVR1C	582	0	1159	598	428	656
PASK_PKc_E12_81	PASK	110	729	1640	482	763	1766
MYLK2_PKc_E7_110.3	MYLK2	598	491	964	639	731	336
JAK1_PKc_E13_144.4	JAK1	945	209	509	1477	667	1334
RPS6KA4_PKc2_E11_134	RPS6KA4	182	458	403	360	322	654
MAPK11_PKc_E1_95.11	MAPK11	34	1342	217	201	584	407
TEC_PKc_E16_119.4	TEC	288	482	1009	102	564	556
RNASEL_PKc_E3_86.3	RNASEL	519	184	742	1546	849	1145
LMTK3_PKc_E6_119.1	LMTK3	512	1728	1097	388	911	1272
ZAP70_PKc_E13_113.12	ZAP70	1698	1526	833	1089	579	470
NIM1K_PKc_E2_82.1	NIM1K	1078	1441	799	998	1336	503
AK3_PKc_E1_127.18	AK3	153	1577	830	453	1529	1044
ACVR2A_PKc_E6_144	ACVR2A	898	1013	786	1765	999	1281
DYRK3_PKc_E3_1140.119	DYRK3	82	83	227	68	547	512
WNK1_PKc_E6_49.2	WNK1	185	908	1321	506	912	2034
TAOK3_PKc_E3_117.7	TAOK3	472	232	305	506	1162	788
NEK4_PKc_E2_267.27	NEK4	1146	676	698	1210	649	994
ROR1_PKc_E9_849	ROR1	1770	1233	958	1212	1190	1971
NPR1_PKc_E10_78	NPR1	318	1343	202	447	674	979
neg41	CONTROL	3914	687	378	1704	1016	774
SLK_PKc_E1_69.3	SLK	203	496	81	566	586	157
MAP3K6_PKc_E19_158.22	MAP3K6	537	521	316	881	161	271
EPHA4_PKc_E11_43.1	EPHA4	1940	822	1091	1288	1586	1582
NUAK1_PKc_E3_152.6	NUAK1	22	1137	511	63	374	1161
EPHA4_PKc_E12_186.13	EPHA4	548	1533	286	1080	709	1324
CDKL2_PKc_E5_113.6	CDKL2	218	1316	1051	253	455	561
MAP2K7_PKc_E6_120	MAP2K7	315	0	558	665	257	504
TYK2_PKc_E13_186.14	TYK2	491	831	136	259	657	841
ZAP70_PKc_E14_67.3	ZAP70	275	1842	582	347	1724	1778
CAMKV_PKc_E3_132.12	CAMKV	58	536	228	407	908	584
PTK2_PKc_E17_85.1	PTK2	914	1524	1017	694	1153	1885
PRKCI_PKc_E12_136.1	PRKCI	143	1759	938	140	717	1796
GRK5_PKc_E10_38	GRK5	740	1441	837	1173	1019	1216
BMPR1A_PKc_E10_298	BMPR1A	2276	1105	520	2153	868	1394
PKMYT1_PKc_E3_57.4	PKMYT1	0	0	0	0	0	0
SGK3_PKc_E9_84	SGK3	985	664	854	536	565	918
RPS6KA5_PKc2_E15_160.1	RPS6KA5	597	1083	71	858	772	91
FASTK_PKc_E8_41.2	FASTK	101	756	1039	13	1027	1548
NTRK2_PKc_E17_123.3	NTRK2	746	942	673	641	653	685
ATM_PKc_E60_115.6	ATM	139	176	82	413	895	177
WNK4_PKc_E6_37	WNK4	1161	501	404	1072	1551	1590
OBSCN_PKc_E87_61.4	OBSCN	492	537	74	440	1065	255
NEK2_PKc_E1_78.8	NEK2	229	0	160	101	249	266
ROS1_PKc_E41_135.2	ROS1	260	1082	436	175	1300	817
PIM3_PKc_E2_81.7	PIM3	486	830	1200	1146	1160	523
TYK2_PKc_E17_155.3	TYK2	1544	535	1196	1352	462	601
PRKAA2_PKc_E4_145.8	PRKAA2	485	655	425	630	728	208
MAPK13_PKc_E3_59	MAPK13	183	216	381	250	378	337
STK40_PKc_E8_145.22	STK40	530	620	399	594	623	196
RPS6KA1_PKc2_E20_118.3	RPS6KA1	278	331	280	180	131	297
PASK_PKc_E14_156.1	PASK	889	1016	308	605	477	140
PTK2_PKc_E21_90.2	PTK2	433	1495	249	78	420	413
PTK7_PKc_E15_40.2	PTK7	1623	844	849	323	848	548
BCR_PKc_E1_1278.9	BCR	1085	1585	787	646	2544	861
STK36_PKc_E5_131.13	STK36	1983	1307	778	1745	992	286
CHEK2_PKc_E5_47.1	CHEK2	1075	2155	907	1235	1283	1944
SYK_PKc_E12_141.1	SYK	162	1006	90	23	280	1003
PKN2_PKc_E15_92	PKN2	552	587	375	390	81	418
CDK13_PKc_E5_171	CDK13	65	169	265	59	229	938
ADCK1_PKc_E5_159.31	ADCK1	72	1221	421	386	489	870
MAP4K5_PKc_E2_81.2	MAP4K5	101	1131	507	0	612	702
RIOK1_PKc_E9_87.2	RIOK1	1745	203	730	1362	371	400
MYLK3_PKc_E7_110.2	MYLK3	1016	185	276	1076	1130	704
TRIB1_PKc_E2_293.41	TRIB1	336	594	659	569	787	266
LCK_PKc_E13_173.24	LCK	395	522	59	298	374	276
BTK_PKc_E19_48	BTK	582	103	108	1148	942	404
MAPK13_PKc_E2_130.6	MAPK13	552	159	494	412	209	680
TRIO_PKc_E55_201.12	TRIO	241	435	863	85	54	915
TSSK3_PKc_E2_650.61	TSSK3	270	525	392	899	941	792
IGF1R_PKc_E19_130.1	IGF1R	112	45	221	150	396	48
EIF2AK4_PKc2_E13_70	EIF2AK4	280	435	972	132	220	1175
WEE1_PKc_E5_122.1	WEE1	0	4	0	0	283	0
NEK8_PKc_E4_132.6	NEK8	549	629	321	464	834	978
EGFR_PKc_E23_147.18	EGFR	0	228	42	209	365	407
MAPK11_PKc_E2_130.4	MAPK11	249	1700	961	291	866	978
IRAK1_PKc_E5_81.5	IRAK1	2013	662	1019	1131	625	989
ULK3_PKc_E5_144.15	ULK3	28	223	434	146	100	407
MAP2K4_PKc_E3_111.2	MAP2K4	252	430	886	449	315	90
DAPK3_PKc_E4_130.4	DAPK3	425	490	491	63	849	595
MAP3K8_PKc_E8_138.7	MAP3K8	3886	462	1142	1572	68	323
STK39_PKc_E2_113.5	STK39	1191	412	431	1406	375	479
FES_PKc_E16_124.2	FES	980	331	1262	241	400	1584
RIPK2_PKc_E7_56	RIPK2	611	470	867	0	672	1141
VRK2_PKc_E9_121.15	VRK2	569	1652	477	1056	1103	564
BCR_PKc_E1_1278.13	BCR	821	1720	379	836	851	414
TLK1_PKc_E16_90.5	TLK1	477	739	382	505	434	1055
PRKY_PKc_E3_264.32	PRKY	411	31	94	661	346	180
NPR1_PKc_E12_72.4	NPR1	726	721	1481	757	617	812
RPS6KA1_PKc2_E15_126.1	RPS6KA1	295	745	545	245	674	710
MAP3K1_PKc_E20_138.6	MAP3K1	611	775	933	352	915	959
STK24_PKc_E4_109.3	STK24	284	90	537	1127	950	247
STK17A_PKc_E1_56.8	STK17A	672	178	1237	871	992	1061
EPHB6_PKc_E11_43.4	EPHB6	892	919	261	685	746	136
BRAF_PKc_E17_135	BRAF	103	2	276	341	1021	473
EPHB4_PKc_E12_248.35	EPHB4	1668	756	1102	1346	1009	1286
SMG1_PKc_E43_139.5	SMG1	328	546	316	327	700	786
POLR2A_e10.2	POLR2A	0	0	39	1	187	63
PKMYT1_PKc_E4_494.118	PKMYT1	0	55	121	0	0	1
TEK_PKc_E17_191.28	TEK	630	1018	365	1163	852	844
CDK15_PKc_E7_124.3	CDK15	247	1005	53	1067	612	320
CAMK2B_PKc_E5_66.1	CAMK2B	123	649	200	570	868	98
ADCK2_PKc_E7_54	ADCK2	534	889	305	634	880	463
CAMK4_PKc_E4_83.1	CAMK4	1808	1828	1643	1404	833	1228
AKT2_PKc_E11_215.3	AKT2	523	1272	696	857	493	779
HIPK4_PKc_E2_357.17	HIPK4	1434	397	348	1779	1784	483
MAPK7_PKc_E2_88.4	MAPK7	2	385	569	167	691	1061
PSKH2_PKc_E2_667.2	PSKH2	192	1025	509	501	1017	275
OBSCN_PKc2_E101_240.47	OBSCN	151	321	655	341	426	718
PIM2_PKc_E6_89.18	PIM2	234	528	160	283	423	49
DAPK1_PKc_E3_222.6	DAPK1	83	514	100	75	979	743
CAMKV_PKc_E5_139.14	CAMKV	166	59	328	273	456	329
STK38_PKc_E9_62.4	STK38	494	883	781	861	146	507
AURKC_PKc_E3_191.21	AURKC	509	106	982	56	1053	1226
AK3_PKc_E1_127.14	AK3	255	1304	500	944	480	401
MATK_PKc_E9_100.8	MATK	197	317	486	68	622	532
PAK7_PKc_E8_127.4	PAK7	89	207	89	0	59	28
MET_PKc_E20_137.9	MET	132	66	240	142	411	324
MOS_PKc_E1_849.53	MOS	741	164	249	413	43	478
JAK1_PKc2_E23_118	JAK1	1128	1302	1333	1673	555	809
MYLK4_PKc_E9_129.12	MYLK4	297	1008	490	139	575	1025
AAK1_PKc_E5_143.1	AAK1	278	675	507	381	316	458
RIPK3_PKc_E4_146.18	RIPK3	0	647	463	130	279	220
PDK2_PKc_E4_185.26	PDK2	188	201	461	58	178	294
CSNK2A1_PKc_E12_149.5	CSNK2A1	45	1704	1187	84	1016	1072
DYRK1A_PKc_E8_141.1	DYRK1A	84	428	686	71	191	205
HUNK_PKc_E1_90.6	HUNK	267	139	701	178	689	710
ACVR1C_PKc_E5_168.6	ACVR1C	571	1042	730	248	902	738
SCYL1_PKc_E1_54.5	SCYL1	385	541	232	487	1067	559
AKT3_PKc_E10_215.1	AKT3	69	183	355	4	192	185
CHUK_PKc_E5_89	CHUK	668	1861	752	1007	756	233
neg44	CONTROL	115	433	1068	415	725	801
FGR_PKc_E9_180.14	FGR	81	454	268	597	568	361
MAPK10_PKc_E8_166.6	MAPK10	828	1596	1245	814	1088	1668
SGK1_PKc_E6_132	SGK1	471	516	159	177	984	193
DYRK2_PKc_E3_1140.135	DYRK2	138	430	756	494	507	747
NTRK2_PKc_E20_159.3	NTRK2	1606	309	895	873	516	352
PIM3_PKc_E6_86.6	PIM3	192	77	311	481	424	618
NTRK2_PKc_E18_173.3	NTRK2	886	0	562	2024	435	382
ICK_PKc_E6_80.2	ICK	743	802	2534	1009	955	2599
PRKAA2_PKc_E6_225.3	PRKAA2	1172	105	981	1001	395	687
PKN2_PKc_E19_143.9	PKN2	434	124	470	700	0	1404
PAK4_PKc_E5_201.2	PAK4	163	307	320	559	0	625
CSNK1G2_PKc_E7_86.13	CSNK1G2	1601	0	354	1892	285	616
HIPK2_PKc_E2_557.17	HIPK2	333	798	656	28	729	316
CLK1_PKc_E4_40	CLK1	33	40	143	174	41	254
RPS6KA2_PKc2_E13_131.14	RPS6KA2	862	546	1223	844	324	272
MAP3K5_PKc_E15_134.6	MAP3K5	311	623	496	285	393	725
MAP3K11_PKc_E2_181.6	MAP3K11	549	456	208	259	561	294
MAPK10_PKc_E4_50.1	MAPK10	327	30	408	213	424	395
TYK2_PKc2_E22_173.14	TYK2	212	329	233	177	91	534
SRPK3_PKc_E6_107.7	SRPK3	233	1059	920	149	598	1572
ABL2_PKc_E5_120.8	ABL2	269	143	445	300	215	213
PTK6_PKc_E4_121.15	PTK6	331	1	3	12	528	234
WNK4_PKc_E1_105.3	WNK4	287	1028	19	35	236	351
AKT3_PKc_E9_129.5	AKT3	608	598	261	46	417	261
TXK_PKc_E11_217.18	TXK	1036	20	81	673	708	276
CDK11B_PKc_E14_106.1	CDK11B	0	173	6	12	211	15
FLT4_PKc_E20_89.4	FLT4	641	378	301	444	35	1201
RIOK2_PKc_E6_192.9	RIOK2	530	845	409	88	434	728
MAP3K12_PKc_E7_61.4	MAP3K12	125	522	188	6	452	659
MAP3K6_PKc_E18_106.4	MAP3K6	221	454	141	50	607	662
RIPK4_PKc_E3_149.14	RIPK4	2625	522	994	1262	733	1007
FES_PKc_E18_123.23	FES	27	50	46	34	30	70
LRRK1_PKc_E25_124.17	LRRK1	0	386	642	156	698	983
EPHA2_PKc_E13_210.8	EPHA2	59	0	251	27	20	30
BRSK1_PKc_E1_43.4	BRSK1	247	153	66	147	181	283
SBK2_PKc_E4_531.64	SBK2	95	0	189	90	69	83
CLK4_PKc_E4_40	CLK4	35	65	32	56	23	38
CDK2_PKc_E1_116.9	CDK2	98	0	131	101	32	182
CDK11A_PKc_E16_108.16	CDK11A	1	0	0	6	4	8
EPHB3_PKc_E12_216.7	EPHB3	39	59	127	18	20	63
ANKK1_PKc_E5_156.2	ANKK1	113	426	100	56	174	34
AKT2_PKc_E6_120.14	AKT2	93	155	11	101	32	19
JAK3_PKc_E17_151.1	JAK3	70	446	9	22	556	93
TRIB2_PKc_E3_361.2	TRIB2	787	263	496	27	339	414
MAP2K1_PKc_E2_108.8	MAP2K1	177	108	98	205	76	125
neg14	CONTROL	10	30	103	16	37	114
TIE1_PKc_E19_71.4	TIE1	138	106	293	186	24	39
CDC42BPB_PKc_E2_92.2	CDC42BPB	55	79	70	31	52	82
ROCK2_PKc_E3_101.4	ROCK2	16	40	29	46	33	114
CDK11A_PKc_E14_106.1	CDK11A	41	44	82	78	45	63
TEK_PKc_E19_71.2	TEK	31	57	51	113	57	84
PRKCQ_PKc_E16_189.9	PRKCQ	34	10	50	10	87	75
PRKX_PKc_E3_264.3	PRKX	23	15	19	33	61	79
NTRK1_PKc_E16_159.13	NTRK1	39	19	176	50	53	93
CDK11B_PKc_E16_108.16	CDK11B	2	0	0	0	2	1
AKT1_PKc_E6_132.15	AKT1	10	29	25	32	40	49
MAPK12_PKc_E6_48.2	MAPK12	27	35	42	29	51	50
BRSK2_PKc_E1_43.7	BRSK2	23	27	60	49	25	76
