tree
version=v4
num_class=1
num_tree_per_iteration=1
label_index=0
max_feature_idx=17
objective=regression
feature_names=Column_0 Column_1 Column_2 Column_3 Column_4 Column_5 Column_6 Column_7 Column_8 Column_9 Column_10 Column_11 Column_12 Column_13 Column_14 Column_15 Column_16 Column_17
feature_infos=[0:0.016393441706895828] [0:0.016393441706895828] [0:0.016393441706895828] [0:0.016393441706895828] [0:0.016393441706895828] [0:1] [0:1] [0:1] [0:1] [0:1] [0:1] [0:1] [0:1] [0:1] [0:1] [0.0062500000931322575:0.081967204809188843] [1:5] [0.0090909088030457497:0.090909093618392944]
tree_sizes=1732 1797 1795 1797 1800 1801 1803 1794 1797 1808 1816 1800 1809 1796 1798 1803 1823 1822 1806 1812 1815 1795 1806 1799 1810 1813 1802 1800 1810 1794 1816 1808 1813 1788 1797 1816 1803 1804 1800 1798 1831 1797 1796 1823 1806 1801 1810 1787 1806 1803 1787 1811 1790 1808 1825 1790 1783 1790 1805 1813 1799 1787 1790 1799 1816 1787 1782 1812 1825 1809 1774 1818 1787 1775 1795 1801 1799 1772 1799 1829 1795 1783 1775 1835 1787 1768 1811 1781 1795 1813 1783 1778 1792 1802 1799 1817 1784 1818 1785 1817 1773 1803 1825 1789 1789 1822 1789 1788 1799 1789 1827 1790 1797 1795 1791 1792 1791 1800 1777 1821

Tree=0
num_leaves=15
num_cat=0
split_feature=17 15 17 3 15 0 15 1 17 3 1 2 17 17
split_gain=477.615 101.661 80.0507 30.0732 28.0707 27.3142 21.846 20.1118 17.6936 17.3113 17.1772 17.7099 12.3942 11.6577
threshold=0.042572464793920524 0.01749525032937527 0.080128207802772536 1.0000000180025095e-35 0.046727567911148078 0.014599318150430919 0.00766294775530696 0.016261236742138866 0.022474748082458976 0.016261236742138866 0.014185110572725536 0.010471491608768703 0.057189542800188072 0.028991596773266796
decision_type=2 2 2 2 2 2 2 2 2 2 2 2 2 2
left_child=1 6 3 -2 10 -6 -1 -4 -3 -9 11 -5 -13 -8
right_child=2 8 7 4 5 -7 13 9 -10 -11 -12 12 -14 -15
leaf_value=0.17173543676240646 0.17698607956610363 0.17410930681254716 0.18516491962311515 0.18036713251416442 0.17692378988220539 0.18396401188969697 0.17294873605284772 0.18768771032721615 0.1762626913084597 0.20351211958001583 0.19066009399612294 0.1829111231801383 0.19144617604006833 0.17523409825586578
leaf_weight=44919.690415171906 8167.7904956992716 14915.459214610979 3653.0239004660398 3881.0482551399618 5492.2483813390136 1834.5013689100742 64291.590861491859 469.92156207561493 26442.934764128178 299.57526713423431 693.98377506434917 1114.9022982213646 725.77979375608265 6104.0234468001872
leaf_count=44759 9462 16217 4984 5380 5261 1712 66010 640 30239 166 1365 1807 1334 7098
internal_value=0.174407 0.17336 0.180636 0.179393 0.180821 0.178697 0.172597 0.186768 0.175486 0.194143 0.183237 0.182309 0.18635 0.173147
internal_weight=183006 156674 26332.8 21910.3 13742.5 7326.75 115315 4422.52 41358.4 769.497 6415.71 5721.73 1840.68 70395.6
internal_count=196434 164323 32111 26321 16859 6973 117867 5790 46456 806 9886 8521 3141 73108
is_linear=0
shrinkage=1


Tree=1
num_leaves=15
num_cat=0
split_feature=17 15 0 2 3 3 1 15 3 17 1 15 17 1
split_gain=431.322 91.7516 72.4027 30.5901 30.5634 35.96 31.2999 19.8499 19.8253 19.6656 18.0613 18.2186 15.9692 14.3605
threshold=0.042572464793920524 0.01749525032937527 0.015038444194942715 0.0073261056095361718 1.0000000180025095e-35 0.0088890646584332007 0.0092167854309082049 0.0079682543873786944 0.016261236742138866 0.060661764815449722 0.014185110572725536 0.048701891675591476 0.022474748082458976 0.014185110572725536
decision_type=2 2 2 2 2 2 2 2 2 2 2 2 2 2
left_child=1 7 4 -4 -2 13 9 -1 -5 -7 -8 -12 -3 -6
right_child=2 12 3 8 5 6 10 -9 -10 -11 11 -13 -14 -15
leaf_value=-0.0024492532343315773 0.0022955796520797182 -0.00028279232534497055 0.0040057345633159091 0.012548502475213351 0.0091792673505019465 0.0055914852919714065 0.00045280938784008474 -0.0011295238770665614 0.024213591040283131 0.011917513840963026 0.014015099078530819 0.0037660618647951043 0.0017629679605624005 0.018065640520172434
leaf_weight=51539.760716721416 8050.2328326236457 14915.459214610979 980.26284640282393 2924.4107499420643 1438.6517849024385 3411.9743412788957 3710.0364495329559 63775.544006742537 424.94185499288142 1944.833719547838 533.07901203259826 2221.589729944244 26442.934764128178 692.76177660562098
leaf_count=51117 9213 16217 1229 3218 2468 4607 3273 66750 253 3278 931 2307 30239 1334
internal_value=3.11003e-07 -0.00099494 0.00591994 0.0118261 0.00475293 0.00616806 0.00508225 -0.00171953 0.0140962 0.00790613 0.00273373 0.00579296 0.0010253 0.0121384
internal_weight=183006 156674 26332.8 4329.62 22003.2 13952.9 11821.5 115315 3349.35 5356.81 6464.71 2754.67 41358.4 2131.41
internal_count=196434 164323 32111 4700 27411 18198 14396 117867 3471 7885 6511 3238 46456 3802
is_linear=0
shrinkage=0.05


Tree=2
num_leaves=15
num_cat=0
split_feature=17 15 17 3 4 17 17 1 3 17 15 3 3 2
split_gain=389.507 82.808 67.5244 24.3514 24.4225 20.7607 18.0195 17.2517 14.7367 14.4128 12.4881 10.6125 9.63341 9.62649
threshold=0.042572464793920524 0.01749525032937527 0.080128207802772536 1.0000000180025095e-35 0.0091326101683080214 0.054093567654490478 0.013245614245533945 0.016261236742138866 0.015504807699471714 0.022474748082458976 0.028431795537471775 0.0088890646584332007 0.014815627597272398 0.0064309346489608296
decision_type=2 2 2 2 2 2 2 2 2 2 2 2 2 2
left_child=1 6 3 -2 13 10 -1 -4 12 -3 -6 -7 -9 -5
right_child=2 9 7 4 5 11 -8 8 -10 -11 -12 -13 -14 -15
leaf_value=-0.0022525336097843985 0.0023183860693530975 -0.00026866233098203016 0.0097738976885579105 0.0053745211325585103 0.013926807245348156 0.011829789655895236 -0.0010021622745722257 0.014073782611990777 0.0241217459138812 0.0016748525594902153 -0.00079433600110295549 0.0047923897522162955 -0.0058839934729656203 0.009475319935422534
leaf_weight=58218.72027512081 8167.7904956992716 14915.459214610979 3653.0239004660398 2270.1282183639705 143.37458754517138 611.75989388115704 57096.584448343143 262.79662876389921 435.14361034147441 26442.934764128178 2363.0779628716409 4231.6427546441555 71.556590104475617 4122.4804551247507
leaf_count=58372 9462 16217 4984 2768 211 1035 59495 443 315 30239 2536 3953 48 6356
internal_value=5.79429e-07 -0.0009452 0.00562596 0.00448463 0.00576952 0.00379544 -0.00163357 0.0112575 0.0180848 0.000974049 9.97424e-05 0.00570381 0.00975569 0.00802972
internal_weight=183006 156674 26332.8 21910.3 13742.5 7349.86 115315 4422.52 769.497 41358.4 2506.45 4843.4 334.353 6392.61
internal_count=196434 164323 32111 26321 16859 7735 117867 5790 806 46456 2747 4988 491 9124
is_linear=0
shrinkage=0.05


Tree=3
num_leaves=15
num_cat=0
split_feature=17 15 0 2 3 3 1 17 15 3 1 15 17 1
split_gain=351.721 74.7361 61.9923 26.6256 25.1141 31.5921 27.4704 17.3731 16.6028 16.3665 15.7558 16.436 13.0428 12.6563
threshold=0.042572464793920524 0.01749525032937527 0.015038444194942715 0.0073261056095361718 1.0000000180025095e-35 0.0088890646584332007 0.0092167854309082049 0.060661764815449722 0.00766294775530696 0.016261236742138866 0.014185110572725536 0.048701891675591476 0.025320513173937801 0.014185110572725536
decision_type=2 2 2 2 2 2 2 2 2 2 2 2 2 2
left_child=1 8 4 -4 -2 13 7 -7 -1 -5 -8 -12 -3 -6
right_child=2 12 3 9 5 6 10 -9 -10 -11 11 -13 -14 -15
leaf_value=-0.0023029514481615666 0.0020391319258114683 1.0732996718218682e-05 0.0035183086167778002 0.011521787598289469 0.0083700917800374908 0.0050030704205460208 0.00020259187205887331 0.010946452295234688 -0.0010724052253681651 0.022124439745294724 0.012997107806972948 0.0032663060303733844 0.0017871459994869517 0.016705410736218059
leaf_weight=44919.690415171906 8050.2328326236457 20068.890171106905 980.26284640282393 2924.4107499420643 1438.6517849024385 3411.9743412788957 3710.0364495329559 1944.833719547838 70395.614308292046 424.94185499288142 533.07901203259826 2221.589729944244 21289.503807632253 692.76177660562098
leaf_count=44759 9213 21969 1229 3218 2468 4607 3273 3278 73108 253 931 2307 24487 1334
internal_value=7.88573e-07 -0.000897945 0.00534635 0.0108112 0.00426659 0.00554936 0.00453197 0.00717724 -0.00155191 0.0129288 0.00233233 0.0051896 0.000925364 0.0111446
internal_weight=183006 156674 26332.8 4329.62 22003.2 13952.9 11821.5 5356.81 115315 3349.35 6464.71 2754.67 41358.4 2131.41
internal_count=196434 164323 32111 4700 27411 18198 14396 7885 117867 3471 6511 3238 46456 3802
is_linear=0
shrinkage=0.05


Tree=4
num_leaves=15
num_cat=0
split_feature=17 15 17 17 3 15 0 0 1 3 1 2 1 0
split_gain=317.625 67.4632 56.9236 24.5354 19.721 21.6306 20.9295 14.8437 14.7878 12.4938 12.3693 14.3884 11.8371 11.0177
threshold=0.042572464793920524 0.011428944766521456 0.080128207802772536 0.022474748082458976 0.0063092110212892303 0.046727567911148078 0.013986697886139156 0.0068729333579540261 0.016261236742138866 0.016261236742138866 0.014185110572725536 0.010471491608768703 0.0064309346489608296 0.0062696540262550124
decision_type=2 2 2 2 2 2 2 2 2 2 2 2 2 2
left_child=1 7 4 -3 -2 10 -7 12 -4 -10 11 -6 -1 -13
right_child=2 3 8 -5 5 6 -8 -9 9 -11 -12 13 -14 -15
leaf_value=-0.0023558035485563497 0.0020953045070969917 -0.0006505068372058574 0.0088788003978849863 0.001262670468513166 0.0047824340638357894 0.0012625288991251872 0.0067882604998777936 -0.00026508951201220632 0.011093543038721529 0.024524188391393087 0.01368370609393197 0.0062215847781835693 -0.00082434202898065885 0.014066187481055262
leaf_weight=59356.341165842488 8229.8215989731252 32188.690161367878 3653.0239004660398 34937.206654850394 3847.0787233151495 4580.5215136427432 2733.6515763234347 14150.167837390676 469.92156207561493 299.57526713423431 681.74417001381516 923.03650601394475 16041.292882751673 914.40027984790504
leaf_count=55411 9557 34835 4984 39998 5334 4504 2455 14211 640 166 1346 1433 19868 1692
internal_value=1.00881e-06 -0.000853053 0.00508087 0.00034529 0.00403302 0.00519632 0.0033342 -0.00175128 0.0102514 0.0165698 0.00732712 0.00654208 -0.00203013 0.0101805
internal_weight=183006 156674 26332.8 67125.9 21910.3 13680.4 7314.17 89547.8 4422.52 769.497 6366.26 5684.52 75397.6 1837.44
internal_count=196434 164323 32111 74833 26321 16764 6959 89490 5790 806 9805 8459 75279 3125
is_linear=0
shrinkage=0.05


Tree=5
num_leaves=15
num_cat=0
split_feature=17 0 17 15 3 1 15 2 4 15 3 2 1 3
split_gain=286.886 81.8832 29.9187 29.4208 23.7123 23.5326 18.716 13.0712 12.9426 13.7748 12.9841 12.3419 11.9108 10.4019
threshold=0.028991596773266796 0.014389234129339458 0.057189542800188072 0.01749525032937527 1.0000000180025095e-35 0.016261236742138866 0.055857973173260696 0.012270400300621988 0.0090499590151011961 0.019263859838247303 0.0084389690309762972 0.0073261056095361718 0.014599318150430919 0.0066445916891098031
decision_type=2 2 2 2 2 2 2 2 2 2 2 2 2 2
left_child=3 2 8 -1 -4 11 7 12 9 -2 13 -3 -6 -10
right_child=1 5 4 -5 6 -7 -8 -9 10 -11 -12 -13 -14 -15
leaf_value=-0.0015341195957040471 0.00075294974619537301 0.0040116662573285462 0.001142302067301937 0.00033321825881701337 0.0048773026307799309 0.019164619838749508 0.0033171074785484952 0.013285804621734489 0.001115557018971016 0.0035838221250173844 -0.0013601690739065387 0.0091225132465613656 0.012578283642813557 0.0062647312779746988
leaf_weight=109211.28127666377 6480.2264836970717 1664.3414011113346 2682.8122706953436 26138.363227738068 1935.2652396671474 480.51798848062754 2429.4988629166037 1196.8599262777716 6762.5223809983581 12783.37320542708 5146.5217970870435 4274.7151776738465 681.49782420322299 1138.6767373718321
leaf_count=110769 7580 1982 3117 28872 3001 359 2461 2105 7768 15258 5389 4634 1509 1630
internal_value=1.20585e-06 0.00333704 0.00251802 -0.00117351 0.00507923 0.00858608 0.00676649 0.00894952 0.00180913 0.00263241 0.000592565 0.00769942 0.00692316 0.00186461
internal_weight=183006 47656.8 41237.3 135350 8925.93 6419.57 6243.12 3813.62 32311.3 19263.6 13047.7 5939.06 2616.76 7901.2
internal_count=196434 56793 49818 139641 12193 6975 9076 6615 37625 22838 14787 6616 4510 9398
is_linear=0
shrinkage=0.05


Tree=6
num_leaves=15
num_cat=0
split_feature=17 15 0 17 2 3 3 1 17 0 1 15 3 1
split_gain=260.849 55.6057 47.9109 22.0817 21.4014 19.0575 27.0287 23.7463 14.2296 13.5165 12.8048 13.124 12.6706 11.5504
threshold=0.042572464793920524 0.01183473411947489 0.015038444194942715 0.022474748082458976 0.0073261056095361718 1.0000000180025095e-35 0.0088890646584332007 0.0092167854309082049 0.060661764815449722 0.0068729333579540261 0.014185110572725536 0.048701891675591476 0.016261236742138866 0.0064309346489608296
decision_type=2 2 2 2 2 2 2 2 2 2 2 2 2 2
left_child=1 9 5 -3 -4 -2 -7 8 -8 13 -9 -12 -6 -1
right_child=2 3 4 -5 12 6 7 10 -10 -11 11 -13 -14 -15
leaf_value=-0.0021484175854676645 0.0017154446675538154 -0.00058455963288471448 0.0028744840771547618 0.0012582708724506956 0.010069685451189607 0.009947416690403733 0.0043251161288809402 -0.00013081913517421252 0.00970203232434972 -0.00016448808978726092 0.011339154109168356 0.0026471183791721693 0.01939649434897674 -0.00065746643056275504
leaf_weight=60627.772633053362 8050.2328326236457 32188.690161367878 980.26284640282393 32821.18710629642 2924.4107499420643 2131.4135615080595 3411.9743412788957 3710.0364495329559 1944.833719547838 14490.167513525113 533.07901203259826 2221.589729944244 424.94185499288142 16545.881287960336
leaf_count=56637 9213 34835 1229 37703 3218 3802 4607 3273 3278 14656 931 2307 253 20492
internal_value=1.35512e-06 -0.000772619 0.00460486 0.000345871 0.009409 0.0036557 0.00477311 0.00383256 0.00629169 -0.00156583 0.0017883 0.00436412 0.0113072 -0.00182889
internal_weight=183006 156674 26332.8 65009.9 4329.62 22003.2 13952.9 11821.5 5356.81 91663.8 6464.71 2754.67 3349.35 77173.7
internal_count=196434 164323 32111 72538 4700 27411 18198 14396 7885 91785 6511 3238 3471 77129
is_linear=0
shrinkage=0.05


Tree=7
num_leaves=15
num_cat=0
split_feature=17 15 17 4 3 17 0 1 1 1 0 0 3 2
split_gain=235.543 50.6945 44.67 15.8063 16.7264 13.0784 12.8128 11.4477 13.066 11.3687 11.0124 10.3798 10.0009 10.2061
threshold=0.042572464793920524 0.01749525032937527 0.080128207802772536 0.011050061322748663 0.0063092110212892303 0.013245614245533945 0.0073261056095361718 0.016261236742138866 0.0093025267124176043 1.0000000180025095e-35 0.0093898782506585139 0.010695492848753931 0.015504807699471714 0.015749008394777778
decision_type=2 2 2 2 2 2 2 2 2 2 2 2 2 2
left_child=1 5 3 4 10 -1 -4 8 -8 11 -2 -3 13 -9
right_child=2 9 6 -5 -6 -7 7 12 -10 -11 -12 -13 -14 -15
leaf_value=-0.0017998968751773124 -0.00017563334664304529 0.0011628026078484319 0.0037840110966650326 0.00195972989390116 0.0061629343589284305 -0.00073471520077164718 0.01361244498874239 0.015229387214748029 0.0064336310013022703 0.00010104670424196996 0.0046398093846180544 0.0043162684617833137 0.021197359300379262 -0.0062325938131428229
leaf_weight=58218.72027512081 2267.4992874357849 12976.399110784754 957.56619240902364 9856.5194889772683 7305.6627204213291 57096.584448343143 986.28083937801421 141.66162839159369 1854.9708079434931 25121.213450571522 2480.5728712957352 3260.781417382881 401.80412686429918 80.237134689465165
leaf_count=58372 2615 17045 1488 10238 10399 59495 1879 237 1846 25048 3069 4363 282 58
internal_value=1.47738e-06 -0.000733996 0.00437598 0.00344784 0.00466205 -0.0012726 0.0089561 0.0103704 0.00896461 0.000767678 0.0023446 0.00179835 0.0165321 0.00753476
internal_weight=183006 156674 26332.8 21910.3 12053.7 115315 4422.52 3464.95 2841.25 41358.4 4748.07 16237.2 623.703 221.899
internal_count=196434 164323 32111 26321 16083 117867 5790 4302 3725 46456 5684 21408 577 295
is_linear=0
shrinkage=0.05


Tree=8
num_leaves=15
num_cat=0
split_feature=17 0 17 15 3 1 3 1 2 4 4 2 2 3
split_gain=214.463 62.5924 22.6901 21.4703 18.8865 17.8565 15.0583 13.0709 12.0266 11.4063 12.6644 12.0187 18.2516 11.9402
threshold=0.028991596773266796 0.014389234129339458 0.057189542800188072 0.01749525032937527 1.0000000180025095e-35 0.016261236742138866 0.010929288342595102 0.0093898782506585139 0.010582306887954475 0.0090499590151011961 0.0073801742400974044 0.0099504948593676108 0.0091326101683080214 0.0083683477714657801
decision_type=2 2 2 2 2 2 2 2 2 2 2 2 2 2
left_child=3 2 9 -1 -4 -3 -6 8 -8 10 -2 12 -12 -11
right_child=1 5 4 -5 6 -7 7 -9 -10 13 11 -13 -14 -15
leaf_value=-0.0013221354532228845 0.0017901968140324406 0.006702694060969819 0.00088720211207928262 0.00027306590014802504 0.010098274070632855 0.016689865959195013 0.0039014645736993288 0.0021933381521425945 0.011827766212955712 0.0016447548321241749 0.006302425337000853 0.0017932730572248043 0.023071099984721066 -0.0014401743826314159
leaf_weight=109211.28127666377 16425.513334259391 5939.056578785181 2682.8122706953436 26138.363227738068 1591.6981888823211 480.51798848062754 1054.4624482057989 2707.0633301008493 889.89788587577641 7827.9312368389219 1381.4471401516348 1279.7878106348217 176.85140407830477 5219.7896786183119
leaf_count=110769 19731 6616 3117 28872 2904 359 1513 2940 1719 9321 1566 1415 126 5466
internal_value=1.59381e-06 0.0028858 0.00216973 -0.00101408 0.00440017 0.00747505 0.00590594 0.00445276 0.00757114 0.0015524 0.00232526 0.00540479 0.00834048 0.00041046
internal_weight=183006 47656.8 41237.3 135350 8925.93 6419.57 6243.12 4651.42 1944.36 32311.3 19263.6 2838.09 1558.3 13047.7
internal_count=196434 56793 49818 139641 12193 6975 9076 6172 3232 37625 22838 3107 1692 14787
is_linear=0
shrinkage=0.05


Tree=9
num_leaves=15
num_cat=0
split_feature=17 17 17 15 3 0 0 4 4 3 0 2 4 2
split_gain=193.647 57.5364 21.2272 19.7325 14.1123 12.3971 11.0176 10.9059 10.7094 10.6871 9.54367 10.9822 10.7628 12.3913
threshold=0.028991596773266796 0.080128207802772536 0.054093567654490478 0.014706279616802933 0.0062696540262550124 0.0069204980973154315 0.0073261056095361718 0.011050061322748663 0.0089687905274331587 0.0084389690309762972 0.010362972505390646 0.0070176301524043092 0.0074907417874783286 0.010256679728627207
decision_type=2 2 2 2 2 2 2 2 2 2 2 2 2 2
left_child=3 2 8 5 -4 -1 -3 -6 10 -10 12 -12 -2 -14
right_child=1 6 4 -5 7 -7 -8 -9 9 -11 11 -13 13 -15
leaf_value=-0.0015819045835733095 0.00079025308065810637 0.0033747010823521068 0.0014470836956916411 5.1236241351850085e-06 0.007012016051486299 -2.7154868789473917e-05 0.0094798844073660724 0.0033658278633833167 0.0015234323902448979 -0.0014798064841716162 0.001970681748789943 0.0058987489719864814 0.0099665165894084334 0.00021723019800953385
leaf_weight=82285.594403274357 10093.362256638706 957.56619240902364 3829.5698862466961 37875.917191084474 3971.8928581383079 15188.132910043001 3464.9545372668654 4303.4104972388595 7619.7631795965135 4832.5743643883616 4147.8435313981026 3127.2661373075098 717.1182670481503 591.50758793018758
leaf_count=82756 12302 1488 4591 41474 6046 15411 4302 4215 9013 5051 4154 3999 919 713
internal_value=1.74477e-06 0.0027424 0.00218559 -0.000963377 0.0039617 -0.00133967 0.00816858 0.00512224 0.00149389 0.000357666 0.00225083 0.00366497 0.0013461 0.00559484
internal_weight=183006 47656.8 43234.3 135350 12104.9 97473.7 4422.52 8275.3 31129.4 12452.3 18677.1 7275.11 11402 1308.63
internal_count=196434 56793 51003 139641 14852 98167 5790 10261 36151 14064 22087 8153 13934 1632
is_linear=0
shrinkage=0.05


Tree=10
num_leaves=15
num_cat=0
split_feature=17 15 0 2 17 3 3 1 0 1 15 1 17 1
split_gain=175.793 38.0366 34.3983 18.6063 14.6756 13.9096 24.473 19.8145 10.8405 10.6865 11.6529 10.6652 10.5775 9.56994
threshold=0.042572464793920524 0.011428944766521456 0.015038444194942715 0.0073261056095361718 0.019419306889176372 0.0063092110212892303 0.0088890646584332007 0.0092167854309082049 0.0068729333579540261 0.014185110572725536 0.048701891675591476 0.013606071937829258 0.060661764815449722 0.0064309346489608296
decision_type=2 2 2 2 2 2 2 2 2 2 2 2 2 2
left_child=1 8 5 -4 -3 -2 11 12 13 -9 -11 -7 -8 -1
right_child=2 4 3 -5 -6 6 7 9 -10 10 -12 -13 -14 -15
leaf_value=-0.0018391680002712613 0.0013298171023648814 -0.00069826868311804742 0.001770504755698648 0.0096205874458244207 0.00083273116946129327 0.0057156793556079714 0.0036058250066080284 -0.00056388785966888502 -3.8135916866469059e-05 0.010111157971610539 0.0019268253056106709 0.013030770106160742 0.0082405311445569816 -0.00046242510791308101
leaf_weight=59356.341165842488 8114.6264780778438 24838.528274364769 980.26284640282393 3349.3526049349457 42287.368541853502 1167.4385143686086 3411.9743412788957 3710.0364495329559 14150.167837390676 533.07901203259826 2221.589729944244 899.58140168525279 1944.833719547838 16041.292882751673
leaf_count=55411 9327 27260 1229 3471 47573 2031 4607 3273 14211 931 2307 1657 3278 19868
internal_value=1.77215e-06 -0.000633607 0.00378093 0.00785144 0.000266197 0.00297676 0.00393737 0.00305466 -0.00130806 0.00118822 0.00354149 0.00894667 0.00530071 -0.00154636
internal_weight=183006 156674 26332.8 4329.62 67125.9 22003.2 13888.5 11821.5 89547.8 6464.71 2754.67 2067.02 5356.81 75397.6
internal_count=196434 164323 32111 4700 74833 27411 18084 14396 89490 6511 3238 3688 7885 75279
is_linear=0
shrinkage=0.05


Tree=11
num_leaves=15
num_cat=0
split_feature=17 17 17 17 3 0 4 3 4 1 1 3 2 0
split_gain=158.741 48.2654 17.159 16.9676 11.5785 9.63976 9.62414 9.95925 9.36356 9.20159 11.5504 8.64835 9.63518 8.6361
threshold=0.028991596773266796 0.080128207802772536 0.014185110572725536 0.054093567654490478 1.0000000180025095e-35 0.0073261056095361718 0.0089687905274331587 0.012270400300621988 0.011050061322748663 0.016261236742138866 0.0093025267124176043 0.015504807699471714 0.015749008394777778 0.010362972505390646
decision_type=2 2 2 2 2 2 2 2 2 2 2 2 2 2
left_child=2 3 -1 6 -5 -3 13 -8 -6 10 -7 12 -11 -2
right_child=1 5 -4 4 8 9 7 -9 -10 11 -12 -13 -14 -15
leaf_value=-0.0014313011082535149 0.0012118282044300906 0.0029718689229692977 -0.00030531713067877796 0.0012750013823168496 0.006359453268668676 0.011785190236243651 0.00093734432802177175 -0.0027480650009148086 0.0029856620260581279 0.013408929636949261 0.0050537068269273441 0.018516079294461005 -0.0073677580078306427 0.0034175390516565938
leaf_weight=68109.83970230259 11401.988111617044 957.56619240902364 67239.804802099243 3809.8435194548219 3975.7660678010434 986.28083937801421 10229.363777469844 2222.9737665150315 4319.2636543679982 141.66162839159369 1854.9708079434931 401.80412686429918 80.237134689465165 7275.1096687056124
leaf_count=68757 13934 1488 70884 4565 6054 1879 12092 1972 4233 237 1846 282 58 8153
internal_value=1.82712e-06 0.00248321 -0.000871992 0.00197324 0.00356119 0.00745301 0.00135481 0.000277753 0.00460841 0.00867929 0.00742354 0.0141924 0.00590247 0.00207237
internal_weight=183006 47656.8 135350 43234.3 12104.9 4422.52 31129.4 12452.3 8295.03 3464.95 2841.25 623.703 221.899 18677.1
internal_count=196434 56793 139641 51003 14852 5790 36151 14064 10287 4302 3725 577 295 22087
is_linear=0
shrinkage=0.05


Tree=12
num_leaves=15
num_cat=0
split_feature=17 15 17 0 15 1 15 4 15 1 4 4 15 3
split_gain=144.512 32.1364 28.9643 13.1574 12.2169 10.8367 10.6149 12.385 11.7572 10.2214 9.58507 9.38352 9.18925 8.28437
threshold=0.042572464793920524 0.01749525032937527 0.087121214717626586 0.014389234129339458 0.041192302480340011 0.0076046728063374766 0.021040381863713268 0.0063898416701704272 0.03766960836946965 1.0000000180025095e-35 0.015749008394777778 0.0069204980973154315 0.00766294775530696 0.0092167854309082049
decision_type=2 2 2 2 2 2 2 2 2 2 2 2 2 2
left_child=1 12 3 5 -4 6 -2 8 -8 -3 -9 -6 -1 -11
right_child=2 9 4 -5 11 -7 7 10 -10 13 -12 -13 -14 -15
leaf_value=-0.0015617440426276962 0.0012006573252080982 0.0015987157291126712 0.0022373439538047983 0.0051773105615880513 0.018153612670336754 0.0013021716913311371 0.0061322036480150714 0.0019811012372884145 0.015772110095736307 0.00053977940146275973 0.013285802661243027 0.0088904213506805028 -0.00064633333301441294 -0.0015073081021513401
leaf_weight=44919.690415171906 2732.2411532904953 16237.180528167635 542.26419336535037 5079.5173271596432 352.96211525052786 11100.636733047664 1977.9861481748521 2615.0070929359645 375.23451228439808 18371.414560493082 192.64060305245221 1364.2852192446589 70395.614308292046 6749.7988900784403
leaf_count=44759 3079 21408 930 5612 453 12402 2854 4240 580 19054 354 1607 73108 5994
internal_value=1.88901e-06 -0.000574193 0.00342836 0.00291779 0.00883126 0.00231111 0.00372661 0.00505898 0.00772958 0.000621427 0.00280115 0.0108885 -0.00100303 -1.06318e-05
internal_weight=183006 156674 26332.8 24073.3 2259.51 18993.7 7893.11 5160.87 2353.22 41358.4 2807.65 1717.25 115315 25121.2
internal_count=196434 164323 32111 29121 2990 23509 11107 8028 3434 46456 4594 2060 117867 25048
is_linear=0
shrinkage=0.05


Tree=13
num_leaves=15
num_cat=0
split_feature=17 0 17 4 4 17 3 3 1 2 15 15 3 4
split_gain=131.84 38.8641 15.0737 13.062 14.0917 12.9854 13.2642 12.9847 9.47501 10.3767 9.34487 9.04619 8.90101 8.42758
threshold=0.029857398010790352 0.014389234129339458 0.014185110572725536 0.015504807699471714 0.0085838492959737795 0.057189542800188072 1.0000000180025095e-35 0.010929288342595102 0.0093898782506585139 0.010582306887954475 0.040267826989293105 0.036896681413054473 0.015504807699471714 0.0090499590151011961
decision_type=2 2 2 2 2 2 2 2 2 2 2 2 2 2
left_child=2 5 -1 4 10 13 11 -8 9 -9 -3 -7 -5 -2
right_child=1 3 -4 12 -6 6 7 8 -10 -11 -12 -13 -14 -15
leaf_value=-0.0012995141499230027 0.0019397914748476989 0.0044672053110016959 -0.00025200151054295564 0.0048619592550017193 0.0020357093233017145 0.002288461812489229 0.0085655156980134501 0.0025891836071173968 0.001408288908015037 0.0099327985742522946 0.010404113492635619 -0.0041313416559454691 0.013658218971678763 0.00024386690849898267
leaf_weight=68109.83970230259 17853.271321820095 1433.9801246691495 69274.813875190914 470.28868520446122 2446.8932965453714 1927.0906298533082 1591.6981888823211 1054.4624482057989 2707.0633301008493 889.89788587577641 1267.4133476931602 755.72164084203541 800.99911315366626 12423.04020966962
leaf_count=68757 21319 2243 73114 431 2260 2480 2904 1513 2940 1719 1539 637 502 14076
internal_value=1.99275e-06 0.00233055 -0.000771373 0.0059342 0.00479664 0.00173907 0.00341429 0.00467612 0.00332967 0.00598385 0.00728072 0.00047144 0.0104676 0.00124423
internal_weight=183006 45621.8 137385 6419.57 5148.29 39202.2 8925.93 6243.12 4651.42 1944.36 2701.39 2682.81 1271.29 30276.3
internal_count=196434 54563 141871 6975 6042 47588 12193 9076 6172 3232 3782 3117 933 35395
is_linear=0
shrinkage=0.05


Tree=14
num_leaves=15
num_cat=0
split_feature=17 17 15 0 4 15 15 2 17 1 1 17 2 2
split_gain=119.258 36.3495 12.8961 12.8869 8.94164 8.47984 9.1027 11.3617 9.84331 7.99763 7.85928 7.95563 7.82259 7.42924
threshold=0.028991596773266796 0.080128207802772536 0.01749525032937527 0.013986697886139156 0.011050061322748663 0.019263859838247303 0.021535198204219345 0.012422839645296337 0.039230769500136382 0.016261236742138866 1.0000000180025095e-35 0.051315790042281158 0.012121656909585001 0.015749008394777778
decision_type=2 2 2 2 2 2 2 2 2 2 2 2 2 2
left_child=2 3 -1 4 5 -2 7 -7 -8 -3 11 -10 -11 -14
right_child=1 9 -4 -5 -6 6 8 -9 10 12 -12 -13 13 -15
leaf_value=-0.00099409382761941217 0.00047454294141964027 0.005462368666341917 0.00024219963189538781 0.0039962962603635327 0.00036088263959747246 0.0070713985449674215 0.00074173181743661951 -0.0042996578277637847 0.0032787229384792626 0.002442636885667644 0.0021947264406895579 0.0087757800205749623 0.023246408431654632 0.010120340770996633
leaf_weight=109211.28127666377 6873.4849191941321 3653.0239004660398 26138.363227738068 5388.4172849133611 13661.755351215601 1785.4234673585743 6962.4094316512346 243.54358926229179 1691.4133146628737 200.23036443814635 5538.0330802239478 1089.8281274493784 155.59042183309793 413.67604293860495
leaf_count=110769 8068 4984 28872 5906 15483 2138 7881 320 2444 357 6710 2053 189 260
internal_value=2.04805e-06 0.00215282 -0.000755344 0.00171025 0.0013838 0.00196126 0.00255097 0.0056921 0.00213046 0.00646572 0.00329041 0.00545647 0.0110977 0.0140473
internal_weight=183006 47656.8 135350 43234.3 37845.9 24184.1 17310.7 2028.97 15281.7 4422.52 8319.27 2781.24 769.497 569.266
internal_count=196434 56793 139641 51003 45097 29614 21546 2458 19088 5790 11207 4497 806 449
is_linear=0
shrinkage=0.05


Tree=15
num_leaves=15
num_cat=0
split_feature=17 0 2 17 17 3 3 1 2 2 3 4 3 4
split_gain=107.683 33.5055 15.4223 12.0697 11.3221 11.0306 21.4375 9.58125 10.7078 8.11139 7.30315 7.25523 9.11956 7.95522
threshold=0.028991596773266796 0.015038444194942715 0.0073261056095361718 0.014185110572725536 0.054093567654490478 1.0000000180025095e-35 0.010582306887954475 0.0094788861460983771 0.0063898416701704272 0.0067797389347106227 0.016261236742138866 0.0089687905274331587 0.012270400300621988 0.0074907417874783286
decision_type=2 2 2 2 2 2 2 2 2 2 2 2 2 2
left_child=3 4 -3 -1 11 -6 -7 8 -8 -10 -4 13 -13 -2
right_child=1 2 10 -5 5 6 7 -9 9 -11 -12 12 -14 -15
leaf_value=-0.0011866677288593548 0.001344099957536543 0.0007096456041652563 0.006910976373920308 -0.00024231558761285898 0.00063232187643451744 0.0085307458081169928 0.00077431605147776513 0.00094166673608330267 0.022114001274760681 0.0063994653093297467 0.013969292580666263 0.00081543371614647194 -0.0027111639007348946 0.0044228855026416519
leaf_weight=68109.83970230259 16274.432104052976 980.26284640282393 2924.4107499420643 67239.804802099243 3692.285856379196 1928.1447989568114 1023.078036474064 3874.6561749540269 78.889942215755582 1600.723710982129 424.94185499288142 10229.363777469844 2222.9737665150315 2402.6656762696803
leaf_count=68757 19449 1229 3218 70884 4316 3407 1214 3949 79 2977 253 12092 1972 2638
internal_value=2.11812e-06 0.00204584 0.00623516 -0.000717579 0.00162587 0.00291669 0.00390644 0.00253994 0.00481935 0.00726408 0.0078454 0.0011193 0.0001842 0.00174232
internal_weight=183006 47656.8 4329.62 135350 43327.2 12197.8 8505.49 6577.35 2702.69 1679.61 3349.35 31129.4 12452.3 18677.1
internal_count=196434 56793 4700 139641 52093 15942 11626 8219 4270 3056 3471 36151 14064 22087
is_linear=0
shrinkage=0.05


Tree=16
num_leaves=15
num_cat=0
split_feature=17 15 17 3 3 4 15 0 17 4 1 15 3 4
split_gain=98.0168 23.0429 20.8305 10.0946 14.9011 13.7162 9.65588 9.35275 8.92403 8.47587 8.47346 8.25636 7.29545 18.9445
threshold=0.042572464793920524 0.011428944766521456 0.087121214717626586 0.0063092110212892303 0.0079682543873786944 0.0063898416701704272 0.041192302480340011 0.0068729333579540261 0.019419306889176372 0.0069204980973154315 0.0064309346489608296 0.076673973351717009 0.0088890646584332007 0.0063492704648524531
decision_type=2 2 2 2 2 2 2 2 2 2 2 2 2 2
left_child=1 7 3 -2 -5 -6 -4 10 12 -8 -1 -7 -3 -14
right_child=2 8 6 4 5 11 9 -9 -10 -11 -12 -13 13 -15
leaf_value=-0.0014940680107963173 0.0010242124958268664 -0.00079859551067008666 0.0015535606455775021 0.0085019739707021414 0.0050136865642324687 0.0013432040702093747 0.01611136545176443 0.00018221531465474307 0.00066987231153251253 0.0073505905505153336 -0.00019878716281260139 0.0083924300944711316 -0.0015679448214119523 0.0076296280038207365
leaf_weight=59356.341165842488 8665.0185490660369 22528.985065517947 542.26419336535037 1195.1801649034023 4418.918572364375 9368.9119756240398 352.96211525052786 14150.167837390676 42287.368541853502 1364.2852192446589 16041.292882751673 425.23430798761547 1381.0918567720801 928.45135207474232
leaf_count=55411 10071 24730 930 2381 5801 10637 453 14211 47573 1607 19868 231 1331 1199
internal_value=2.18553e-06 -0.000472256 0.0028241 0.00239117 0.00315873 0.00270375 0.00740582 -0.00099721 0.000228092 0.00923413 -0.00121855 0.00165751 -0.000524001 0.00214649
internal_weight=183006 156674 26332.8 24073.3 15408.2 14213.1 2259.51 89547.8 67125.9 1717.25 75397.6 9794.15 24838.5 2309.54
internal_count=196434 164323 32111 29121 19050 16669 2990 89490 74833 2060 75279 10868 27260 2530
is_linear=0
shrinkage=0.05


Tree=17
num_leaves=15
num_cat=0
split_feature=17 15 0 2 17 1 2 15 17 3 1 3 0 1
split_gain=88.5123 20.9161 19.0386 13.4744 9.52592 8.8995 9.80271 9.24265 9.77346 9.04224 15.6651 10.5147 7.77688 9.09142
threshold=0.042572464793920524 0.012121656909585001 0.015038444194942715 0.0073261056095361718 0.022474748082458976 0.0092167854309082049 0.0099504948593676108 0.023037796840071682 0.074175827205181136 1.0000000180025095e-35 0.012903762981295587 0.0085107926279306429 0.0068729333579540261 0.0064309346489608296
decision_type=2 2 2 2 2 2 2 2 2 2 2 2 2 2
left_child=1 12 5 -4 -3 7 9 -2 -9 -7 -11 -12 13 -1
right_child=2 4 3 -5 -6 6 -8 8 -10 10 11 -13 -14 -15
leaf_value=-0.0014068451402033432 0.0012504159130022187 -0.00035492199169606951 0.00054842788721321542 0.0072170390356859713 0.00086834168550756197 0.00065303110824796418 -0.00024889722641176308 0.0034807952773381946 0.0089253648012156805 -0.0010895277099778346 0.013125267365379212 0.0048023690011776386 0.00012594688703825902 -9.4545376460497795e-05
leaf_weight=61449.072423169389 4013.5954024437815 32188.690161367878 980.26284640282393 3349.3526049349457 31461.295991413295 2747.1440128479153 6105.2421928867698 5499.6204736083746 967.91388671658933 803.77929992042482 533.83769887313247 1332.0266791712493 14765.583687314764 16809.056438937783
leaf_count=57414 4564 34835 1229 3471 36235 3088 5314 8146 1914 1184 1206 1995 14957 20882
internal_value=2.22301e-06 -0.000448629 0.00268383 0.00571195 0.000249762 0.00208566 0.0011251 0.00313953 0.00430814 0.00267134 0.00473805 0.00724089 -0.000926467 -0.00112502
internal_weight=183006 156674 26332.8 4329.62 63650 22003.2 11522 10481.1 6467.53 5416.79 2669.64 1865.86 93023.7 78258.1
internal_count=196434 164323 32111 4700 71070 27411 12787 14624 10060 7473 4385 3201 93253 78296
is_linear=0
shrinkage=0.05


Tree=18
num_leaves=15
num_cat=0
split_feature=17 0 15 2 0 3 3 4 1 17 15 0 1 4
split_gain=79.9801 20.8802 14.5874 12.1637 7.6648 7.29814 22.6848 9.72734 8.79929 8.68507 8.63612 8.24438 7.61098 7.61914
threshold=0.03637566231191159 0.015038444194942715 0.011428944766521456 0.0073261056095361718 0.0068729333579540261 0.0062696540262550124 0.0089687905274331587 0.0086581707000732439 0.013606071937829258 0.054093567654490478 0.041192302480340011 0.0083683477714657801 0.00766294775530696 0.0079682543873786944
decision_type=2 2 2 2 2 2 2 2 2 2 2 2 2 2
left_child=2 5 4 -3 -1 -2 8 -8 12 -9 -11 -10 -7 -14
right_child=1 3 -4 -5 -6 6 7 9 11 10 -12 -13 13 -15
leaf_value=-0.0011012609347018762 0.00074270206717056515 0.00052128353574985192 0.00010981928385748865 0.0068572614344429191 0.00016681820474297428 0.0077085537398355851 0.0028542840134943349 -0.001591798818193617 0.014452215541001394 0.0086126703907731875 0.0010570185052676028 0.0049582269509494421 0.0082317314142424259 -0.00099126175614471716
leaf_weight=75397.634048594162 11748.472886169329 980.26284640282393 59361.119832124561 3349.3526049349457 14150.167837390676 939.49139726161957 7328.8523414358497 3368.3524846341461 523.13752247020602 409.10435788333416 3923.8944519385695 427.38180550560355 300.17120877467096 799.07817448861897
leaf_count=75279 13739 1229 65685 3471 14211 1703 9778 3313 1216 640 3985 511 507 1167
internal_value=2.21517e-06 0.00218622 -0.000497997 0.00542725 -0.000900885 0.00171316 0.00234513 0.00155166 0.00631626 0.000309952 0.00178858 0.0102795 0.00442733 0.00157876
internal_weight=183006 34097.6 148909 4329.62 89547.8 29767.9 18019.5 15030.2 2989.26 7701.35 4333 950.519 2038.74 1099.25
internal_count=196434 41259 155175 4700 89490 36559 22820 17716 5104 7938 4625 1727 3377 1674
is_linear=0
shrinkage=0.05


Tree=19
num_leaves=15
num_cat=0
split_feature=17 0 1 17 17 3 3 15 15 0 4 1 2 4
split_gain=72.7235 24.2097 9.33313 8.95618 8.15782 9.02027 9.11162 8.06125 6.75705 8.58396 8.09413 6.40515 8.66295 6.33157
threshold=0.028991596773266796 0.014389234129339458 0.016261236742138866 0.014185110572725536 0.057189542800188072 1.0000000180025095e-35 0.010929288342595102 0.036896681413054473 0.048047658056020744 0.010471491608768703 0.0086581707000732439 0.0093898782506585139 0.010582306887954475 0.0062696540262550124
decision_type=2 2 2 2 2 2 2 2 2 2 2 2 2 2
left_child=3 4 -3 13 8 7 -7 -6 -2 -10 -11 12 -8 -1
right_child=1 2 -4 -5 5 6 11 -9 9 10 -12 -13 -14 -15
leaf_value=-0.00074973432555904733 0.0011538198879899367 0.0039798151056300041 0.011186976053714059 -0.00017980217711885592 0.001864261175682705 0.0068713323600488015 0.0015774041645285333 -0.0041957172290315922 -0.003953378437599687 0.00516551984322061 -0.00089141831466460074 0.00090892784008337582 0.0082749514453846953 -0.0019482802464643211
leaf_weight=54284.318854240701 27900.685342973098 5939.056578785181 480.51798848062754 67239.804802099243 1927.0906298533082 1591.6981888823211 1054.4624482057989 755.72164084203541 1537.2845039125532 731.95888175442815 2141.3918759413064 2707.0633301008493 889.89788587577641 13825.520848061889
leaf_count=55693 33974 6616 359 70884 2480 2904 1513 637 1306 656 1689 2940 1719 13064
internal_value=2.24806e-06 0.00168177 0.00453585 -0.000589197 0.00123648 0.00257383 0.00361437 0.000147983 0.000866354 -0.000950585 0.000664093 0.0024875 0.0046694 -0.000993276
internal_weight=183006 47656.8 6419.57 135350 41237.3 8925.93 6243.12 2682.81 32311.3 4410.64 2873.35 4651.42 1944.36 68109.8
internal_count=196434 56793 6975 139641 49818 12193 9076 3117 37625 3651 2345 6172 3232 68757
is_linear=0
shrinkage=0.05


Tree=20
num_leaves=15
num_cat=0
split_feature=17 15 17 1 3 2 0 1 3 15 4 4 15 3
split_gain=65.9762 16.3512 15.911 8.90935 8.03925 10.1327 10.1114 13.1356 11.9208 9.32096 8.996 8.42639 7.98802 7.96453
threshold=0.042572464793920524 0.01749525032937527 0.087121214717626586 1.0000000180025095e-35 0.0092167854309082049 0.0068729333579540261 0.0064725596457719812 0.0091326101683080214 0.0088107436895370501 0.025461172685027126 0.0070672258734703073 0.011050061322748663 0.041192302480340011 1.0000000180025095e-35
decision_type=2 2 2 2 2 2 2 2 2 2 2 2 2 2
left_child=1 -1 -2 -3 5 6 7 8 -5 -7 -9 -12 -4 -8
right_child=2 3 12 4 -6 9 13 10 -10 -11 11 -13 -14 -15
leaf_value=-0.00069292133887802264 0.0019391286006057329 0.0013782203681756819 0.0010073285139293978 -0.0014445967292513193 -0.0015985769153551007 -0.0035378778038895817 -0.0015319677173488671 0.0002304943870738657 0.015603972302081546 0.00016379989015153349 0.0083422895365310532 0.0017995547271847758 0.0079839211251382502 0.0028433648950485831
leaf_weight=115315.30472346395 24073.263569945469 16237.180528167635 542.26419336535037 1633.9058724753559 6749.7988900784403 2303.2355487402529 3205.0954274982214 750.71010364405811 99.361116781830788 6418.2725224141032 1739.4754556715488 693.8447042722255 1717.2473344951868 1527.5138089954853
leaf_count=117867 29121 21408 930 1780 5994 2097 3024 1192 81 5905 2212 1057 2060 1706
internal_value=2.21508e-06 -0.000387032 0.00231741 0.000465807 -0.000124248 0.000418007 0.00153361 0.003119 -0.000383368 -0.000816697 0.0050208 0.00649167 0.00632141 -0.000116752
internal_weight=183006 156674 26332.8 41358.4 25121.2 18371.4 9649.91 4917.3 1733.27 8721.51 3184.03 2433.32 2259.51 4732.61
internal_count=196434 164323 32111 46456 25048 19054 11052 6322 1861 8002 4461 3269 2990 4730
is_linear=0
shrinkage=0.05


Tree=21
num_leaves=15
num_cat=0
split_feature=17 0 4 4 15 3 1 17 3 3 1 2 1 15
split_gain=60.4628 20.5244 8.43047 12.8435 7.74084 7.0014 6.78794 6.65222 8.13072 9.71532 10.0832 9.4135 7.12121 6.7058
threshold=0.028991596773266796 0.014389234129339458 0.015504807699471714 0.0085838492959737795 0.00766294775530696 0.015504807699471714 0.015749008394777778 0.057189542800188072 0.0065574476029723891 0.0082305916585028189 0.0093025267124176043 0.010582306887954475 0.014185110572725536 0.036896681413054473
decision_type=2 2 2 2 2 2 2 2 2 2 2 2 2 2
left_child=4 7 3 -3 -1 6 -4 -2 13 -10 11 -11 -12 -9
right_child=1 2 5 -5 -6 -7 -8 8 9 10 12 -13 -14 -15
leaf_value=-0.0010735299167501104 0.00078937754913122613 0.005619946606726621 0.0069846692014155073 0.00062066269765305546 -0.00027053998625173282 0.010621135649096409 -0.0055252365017385589 0.0017082174263617904 0.009783561792716897 0.0022449610739494557 -0.0017374290780180499 0.0086699121689190334 0.0029549457306234945 -0.0035842137228639481
leaf_weight=44919.690415171906 32311.320604581386 2701.3934723623097 316.8624171782285 2446.8932965453714 90429.954089229926 800.99911315366626 153.42626802623272 1969.2480874247849 527.66764736548066 1226.922547865659 1405.5078144688159 1070.7365000043064 1877.8722949456424 847.97923168540001
leaf_count=44759 37625 3782 319 2260 94882 502 112 2585 1178 1730 1381 2125 2427 767
internal_value=2.19308e-06 0.00153361 0.00416148 0.00324968 -0.000537095 0.0077998 0.00287339 0.00112361 0.00233127 0.00335467 0.00273043 0.00526366 0.000947117 0.000108164
internal_weight=183006 47656.8 6419.57 5148.29 135350 1271.29 470.289 41237.3 8925.93 6108.71 5581.04 2297.66 3283.38 2817.23
internal_count=196434 56793 6975 6042 139641 933 431 49818 12193 8841 7663 3855 3808 3352
is_linear=0
shrinkage=0.05


Tree=22
num_leaves=15
num_cat=0
split_feature=17 0 15 1 17 1 1 3 3 3 4 4 2 2
split_gain=54.6127 20.6907 8.20545 12.8547 11.0641 10.3679 10.0136 9.21204 8.32625 14.2649 7.62305 11.5957 7.46974 7.29423
threshold=0.025320513173937801 0.014389234129339458 0.018045408651232723 0.00766294775530696 0.074175827205181136 0.0066007319837808618 0.014185110572725536 0.0080322581343352812 1.0000000180025095e-35 0.0099504948593676108 0.015504807699471714 0.0085838492959737795 0.0069204980973154315 0.009569597430527212
decision_type=2 2 2 2 2 2 2 2 2 2 2 2 2 2
left_child=-1 2 -2 4 -4 -6 7 12 -8 -10 11 -3 -5 -11
right_child=1 10 3 6 5 -7 8 -9 9 13 -12 -13 -14 -15
leaf_value=-0.00058059539537138097 -0.00013239741131313942 0.0053399856556476388 0.0020993139616835815 0.0026301521259858448 0.0046964831401343689 0.017754561288336034 -0.00045386445863106135 -0.0011011738841715957 0.0095783507140329519 0.0063545380266495201 0.0074145243763931905 0.0005897559309022358 -0.00033498745149608528 1.3112675394728467e-05
leaf_weight=125755.91309868358 13131.09028109163 2701.3934723623097 14880.088521707803 4354.8064383007586 608.8699711356312 198.20674084685743 1443.5680064167827 9098.8729429226369 856.14520652964711 643.29027142003179 1271.2877983581275 2446.8932965453714 4133.3744915686548 1482.6732621192932
leaf_count=128869 15037 3782 20366 5717 1221 277 1357 8618 1665 993 933 2260 3847 1492
internal_value=2.18658e-06 0.0012822 0.000943951 0.00131878 0.00241203 0.00808141 0.000538949 3.50476e-06 0.00266193 0.00416668 0.00395484 0.0030878 0.00118756 0.00195272
internal_weight=183006 57250.6 50831 37699.9 15687.2 807.077 22012.7 17587.1 4425.68 2982.11 6419.57 5148.29 8488.18 2125.96
internal_count=196434 67565 60590 45553 21864 1498 23689 18182 5507 4150 6975 6042 9564 2485
is_linear=0
shrinkage=0.05


Tree=23
num_leaves=15
num_cat=0
split_feature=17 17 4 15 17 3 2 3 16 2 15 2 17 2
split_gain=49.5532 16.8791 8.69396 7.56974 7.34359 6.18475 14.3543 9.6172 6.65377 6.45901 5.87238 10.1181 8.35338 7.26129
threshold=0.029857398010790352 0.080128207802772536 0.011050061322748663 0.019263859838247303 0.014185110572725536 0.014599318150430919 0.012739370577037336 0.012270400300621988 4.5000000000000009 0.015504807699471714 0.021535198204219345 0.012422839645296337 0.04446640424430371 0.012739370577037336
decision_type=2 2 2 2 2 2 2 2 2 2 2 2 2 2
left_child=4 2 3 -2 -1 7 8 9 -7 -4 11 -5 13 -12
right_child=1 -3 5 10 -6 6 -8 -9 -10 -11 12 -13 -14 -15
leaf_value=-0.000840537036261644 0.00024131515672694455 0.0043620051088790598 0.00038853762958152775 0.0062367191782266782 -0.00010940571083737769 0.0033892741923067468 -0.00029323047113532233 -0.0027630159627152389 0.014774019667253344 0.013340322917996569 0.0015100331931637029 -0.0045396198725551158 0.0030367194252872787 -0.0021521562086946663
leaf_weight=68109.83970230259 6801.6771568916738 4422.520729675889 10875.204180799425 1642.455713449046 69274.813875190914 238.57868548855186 1036.2885093875229 2825.5642062425613 288.25811046175659 87.134352657943964 7253.0225468296558 243.54358926229179 8253.2323613781482 1654.3400799911469
leaf_count=68757 8179 5790 13039 2010 73114 317 673 2320 211 130 8353 320 11409 1812
internal_value=2.22453e-06 0.0014298 0.00111407 0.00167363 -0.000471906 0.00017138 0.00314162 -0.000167387 0.00977759 0.000503549 0.00218473 0.00482854 0.00189152 0.000828214
internal_weight=183006 45621.8 41199.3 25848.3 137385 15351 1563.13 13787.9 526.837 10962.3 19046.6 1886 17160.6 8907.36
internal_count=196434 54563 48773 32083 141871 16690 1201 15489 528 13169 23904 2330 21574 10165
is_linear=0
shrinkage=0.05


Tree=24
num_leaves=15
num_cat=0
split_feature=17 17 15 3 15 4 1 3 1 3 0 17 2 15
split_gain=45.1546 13.3035 9.48433 7.02283 6.98918 7.68938 6.79306 8.52742 9.0904 8.24933 13.1043 14.1476 18.342 9.54211
threshold=0.03637566231191159 0.087121214717626586 0.012121656909585001 0.015038444194942715 0.041192302480340011 0.0069204980973154315 1.0000000180025095e-35 0.0079052620567381399 0.010582306887954475 0.0085838492959737795 0.0062696540262550124 0.020620748400688175 0.0066445916891098031 0.025273272767663005
decision_type=2 2 2 2 2 2 2 2 2 2 2 2 2 2
left_child=2 3 -1 -2 -3 -6 9 8 -8 -4 11 12 -11 -12
right_child=1 4 6 -5 5 -7 7 -9 -10 10 13 -13 -14 -15
leaf_value=-0.00068290004992570003 0.0011357640686294867 0.00038349284139965994 0.00013986540087413942 0.0036501294118532149 0.013409886637381845 0.0051274889119809573 -0.00041804230503520107 -0.0017485298700139482 0.0020571087202115568 0.013611231735078114 -0.0024752981124835766 0.001988132411277696 0.0018173723963506826 0.0024444696638352028
leaf_weight=93023.712549421936 28770.63807201013 542.26419336535037 18643.230940502137 3067.4024820290506 352.96211525052786 1364.2852192446589 16162.956363400444 8230.8965179026127 4803.6820771209896 717.92461237870157 1960.9339954536408 2795.174741955474 608.99304466880858 1961.4168753046542
leaf_count=93253 34802 930 22196 3467 453 1607 16684 7496 5472 888 1825 3462 987 2912
internal_value=2.2132e-06 0.00164323 -0.000373637 0.00137908 0.00534287 0.00689763 0.000141177 -0.000385797 0.000149752 0.00071764 0.00205481 0.00401974 0.00825248 -1.51514e-05
internal_weight=183006 34097.6 148909 31838 2259.51 1717.25 55885.2 29197.5 20966.6 26687.7 8044.44 4122.09 1326.92 3922.35
internal_count=196434 41259 155175 38269 2990 2060 61922 29652 22156 32270 10074 5337 1875 4737
is_linear=0
shrinkage=0.05


Tree=25
num_leaves=15
num_cat=0
split_feature=17 0 2 4 0 15 1 1 3 0 4 3 15 3
split_gain=41.0603 16.4287 7.19882 7.25402 6.79768 6.65424 11.7084 7.15962 8.82006 13.5708 10.1082 7.50739 12.9159 7.65339
threshold=0.025320513173937801 0.014389234129339458 0.0070176301524043092 0.0068260179832577714 0.014599318150430919 0.018045408651232723 1.0000000180025095e-35 0.014185110572725536 0.0091326101683080214 0.011050061322748663 0.0086581707000732439 1.0000000180025095e-35 0.05475748889148236 0.0085107926279306429
decision_type=2 2 2 2 2 2 2 2 2 2 2 2 2 2
left_child=-1 5 3 4 -3 -2 -7 8 -8 -10 -11 -9 13 -13
right_child=1 2 -4 -5 -6 6 7 11 9 10 -12 12 -14 -15
leaf_value=-0.00050311192767942112 -0.00015855290197042474 0.012487191378353234 0.0044711772186444773 -0.0036969881270743281 0.0013943461141612138 0.0023902693883432152 0.0010774066610155183 -0.00061183768093011032 -0.0024786314860354621 0.0045468733008069686 -0.00082665073855440585 0.012833773526385463 0.00085521433041642011 0.0046816366012834903
leaf_weight=125755.91309868358 13131.09028109163 154.63862416706979 4783.4012698102742 602.66822824813426 878.86644504033029 12614.024974346161 11235.316093215719 1443.5680064167827 5845.9897080343217 1496.4878236241639 2082.4005072619766 436.28699083812535 1674.5495041701943 871.27224506065249
leaf_count=128869 15037 186 5040 571 1178 18545 12692 1357 5865 1311 1633 1025 1657 1468
internal_value=2.21303e-06 0.0011121 0.0034936 0.000625836 0.00315788 0.000810704 0.00114825 0.000523023 0.000131642 -0.000995743 0.00142666 0.00234567 0.00377459 0.00747848
internal_weight=183006 57250.6 6419.57 1636.17 1033.51 50831 37699.9 25085.9 20660.2 9424.88 3578.89 4425.68 2982.11 1307.56
internal_count=196434 67565 6975 1935 1364 60590 45553 27008 21501 8809 2944 5507 4150 2493
is_linear=0
shrinkage=0.05


Tree=26
num_leaves=15
num_cat=0
split_feature=17 0 1 3 4 15 1 2 15 2 3 3 1 15
split_gain=37.3283 14.9941 9.8764 13.8258 15.5289 13.378 9.57124 8.53314 14.3666 8.11573 7.93662 11.427 10.764 10.197
threshold=0.048809524625539787 0.010471491608768703 0.010695492848753931 0.0089687905274331587 0.0073261056095361718 0.02339948154985905 0.016261236742138866 0.00766294775530696 0.034470815211534507 0.0093898782506585139 0.0063092110212892303 0.0088890646584332007 0.0093898782506585139 0.063906855881214156
decision_type=2 2 2 2 2 2 2 2 2 2 2 2 2 2
left_child=1 2 -1 4 -4 -6 10 -3 9 -9 -2 -12 13 -13
right_child=6 7 3 -5 5 -7 -8 8 -10 -11 11 12 -14 -15
leaf_value=-0.00050554499847191693 0.00032903640884080149 0.00036328775280790456 0.00029404570567044606 -0.0027566896749930182 0.010440646018922636 0.0028674689185832318 0.0074498176033160101 0.012096147926124699 0.0012711261028874857 0.0042748794324900582 0.0065818388340295022 0.0033011729987277591 0.00070330862207863571 0.015447605264309348
leaf_weight=138934.75784909166 6286.9414018150419 8258.8164960648865 5204.9300484843552 1884.3909911252558 767.18667573854327 2389.3950898200274 769.49682920984924 522.31286411732435 3609.2213054504246 930.90739891864359 1500.4443455934525 4752.0830576941371 7025.2693842891604 170.32006259635091
leaf_count=143902 7579 8448 7192 1813 1007 2695 806 739 3823 1439 2940 7124 6713 214
internal_value=2.20195e-06 -0.000251498 -0.000395046 0.00110236 0.00197431 0.00473524 0.00201196 0.00135513 0.00296932 0.00714944 0.00179627 0.00248143 0.00196141 0.00375192
internal_weight=183006 162502 149181 10245.9 8361.51 3156.58 20504.6 13321.3 5062.44 1453.22 19735.1 13448.1 11947.7 4922.4
internal_count=196434 171058 156609 12707 10894 3702 25376 14449 6001 2178 24570 16991 14051 7338
is_linear=0
shrinkage=0.05


Tree=27
num_leaves=15
num_cat=0
split_feature=17 1 17 3 2 3 4 15 3 1 0 2 4 4
split_gain=33.8708 10.7468 7.82568 7.7499 8.73844 7.29408 5.9047 7.94573 6.65318 5.2769 12.4561 15.1599 9.59785 9.5901
threshold=0.03637566231191159 0.016001024283468727 0.014185110572725536 0.015749008394777778 0.015749008394777778 1.0000000180025095e-35 0.0062696540262550124 0.020559690892696384 0.0070176301524043092 0.0092167854309082049 0.0078432578593492525 0.0070176301524043092 0.015038444194942715 0.0086581707000732439
decision_type=2 2 2 2 2 2 2 2 2 2 2 2 2 2
left_child=2 9 6 4 5 -3 7 -1 -9 10 -2 12 -12 -13
right_child=1 3 -4 -5 -6 -7 -8 8 -10 -11 11 13 -14 -15
leaf_value=-0.00054166277165408508 0.00039527514009367174 -0.0014979597254261348 9.5464515914033641e-06 0.0096020666385200661 -0.0067322279269029957 0.0091833325612156232 -0.0016401666659725 0.010236894913670594 -0.001449852124033848 0.00057421758694662501 0.00040785229553998257 0.0066994158806884564 0.014971141763020057 0.0021536549089648891
leaf_weight=53784.800227971748 7865.5742059964687 255.67154396511614 80799.082015806809 652.59945172071457 194.28814903832972 405.61758107692003 13825.520848061889 304.3601338211447 195.15849244780838 15777.219553992152 3895.9395833984017 3056.6284347008914 106.54363653436303 1887.46994147636
leaf_count=54954 10163 259 86418 463 185 698 13064 399 340 16630 4464 5226 187 2984
internal_value=2.26171e-06 0.00142353 -0.000323257 0.00553677 0.00236082 0.00509287 -0.000718008 -0.000482887 0.00573212 0.00123153 0.00184768 0.00312273 0.000831863 0.00497187
internal_weight=183006 34097.6 148909 1508.18 855.577 661.289 68109.8 54284.3 499.519 32589.4 16812.2 8946.58 4002.48 4944.1
internal_count=196434 41259 155175 1605 1142 957 68757 55693 739 39654 23024 12861 4651 8210
is_linear=0
shrinkage=0.05


Tree=28
num_leaves=15
num_cat=0
split_feature=17 0 15 1 4 15 4 2 0 15 3 3 1 2
split_gain=31.1168 14.1483 8.41065 10.739 11.5055 17.389 7.75662 8.1673 7.63519 7.05495 6.06731 8.47388 7.28096 13.664
threshold=0.054093567654490478 0.010471491608768703 0.053795972838997848 0.010695492848753931 0.0073261056095361718 0.02339948154985905 0.0085838492959737795 0.0070176301524043092 0.016261236742138866 0.013158179819583895 1.0000000180025095e-35 0.0079052620567381399 0.0098524559289217013 0.010582306887954475
decision_type=2 2 2 2 2 2 2 2 2 2 2 2 2 2
left_child=1 2 3 -1 9 -6 7 -3 10 -5 -2 -12 13 -13
right_child=8 6 -4 4 5 -7 -8 -9 -10 -11 11 12 -14 -15
leaf_value=-0.00044140936449058867 0.00027310355462375444 0.00093803519195641738 -0.006128982111303553 0.0018827895033986725 0.0098571022860818383 0.0016845168598130342 -0.0005396800179500289 0.0038039357823309253 0.0069104955155374825 -0.0015435771222624152 0.0077337418997585096 0.00074212970496789104 0.0010081806931343969 0.0063985907033239503
leaf_weight=140063.65270850062 4479.5112668499351 6912.248316321522 616.75689337775111 2482.1036903802305 782.79137550853193 3672.2777673583478 4295.8475643638521 3880.5607232544571 767.97383275441825 3772.8407896440476 702.03957104682922 2058.3672884907573 6304.6642416790128 2214.8377704787999
leaf_count=145548 5433 7212 345 3592 1022 4148 4027 4983 808 4915 1601 2777 6333 3690
internal_value=2.26438e-06 -0.000203207 -0.000348749 -0.000324699 0.0012006 0.00313937 0.00125634 0.00197104 0.00207083 -0.000183082 0.00183076 0.00244855 0.0020908 0.00368201
internal_weight=183006 166479 151390 150774 10710 4455.07 15088.7 10792.8 16527.4 6254.94 15759.4 11279.9 10577.9 4273.21
internal_count=196434 175792 159570 159225 13677 5170 16222 12195 20642 8507 19834 14401 12800 6467
is_linear=0
shrinkage=0.05


Tree=29
num_leaves=15
num_cat=0
split_feature=17 0 4 4 4 4 3 1 15 1 17 1 2 1
split_gain=28.3272 12.1705 5.71959 9.44093 6.08414 5.6553 5.47232 6.28275 4.93243 10.5073 8.17263 9.52786 7.17189 13.4721
threshold=0.025320513173937801 0.014389234129339458 0.015504807699471714 0.0085838492959737795 0.0096620614640414732 0.0079052620567381399 0.015504807699471714 0.015749008394777778 0.018045408651232723 0.00766294775530696 0.074175827205181136 0.0066007319837808618 0.0099504948593676108 0.012121656909585001
decision_type=2 2 2 2 2 2 2 2 2 2 2 2 2 2
left_child=-1 8 3 5 -5 -3 7 -4 -2 10 -10 -12 13 -11
right_child=1 2 6 4 -6 -7 -8 -9 9 12 11 -13 -14 -15
leaf_value=-0.00041748131605651216 -0.00016976092100950228 0.0035997466080780142 0.0056103128958832904 -0.006259239235917171 0.00096216558884189458 0.01244959389611023 0.0084591390412470761 -0.006406538919537171 0.0016750367942691001 -0.00056098152170623247 0.0035907297417864109 0.016074259200703104 -0.00076682394510601973 0.0027445280746902188
leaf_weight=125755.91309868358 13131.09028109163 2514.2943037934601 316.8624171782285 327.9774157460779 2118.9158807992935 187.09916856884956 800.99911315366626 153.42626802623272 14880.088521707803 6318.59959362261 608.8699711356312 198.20674084685743 9690.815043065697 6003.3159825894982
leaf_count=128869 15037 3573 319 311 1949 209 502 112 20366 7232 1221 277 8504 7953
internal_value=2.24017e-06 0.000924107 0.00297386 0.00222429 -2.73158e-05 0.00425634 0.00596834 0.00163819 0.000664705 0.000955322 0.00194369 0.00681572 0.000250408 0.0010504
internal_weight=183006 57250.6 6419.57 5148.29 2446.89 2701.39 1271.29 470.289 50831 37699.9 15687.2 807.077 22012.7 12321.9
internal_count=196434 67565 6975 6042 2260 3782 933 431 60590 45553 21864 1498 23689 15185
is_linear=0
shrinkage=0.05


Tree=30
num_leaves=15
num_cat=0
split_feature=17 0 1 4 15 1 2 3 3 15 1 2 17 4
split_gain=25.6801 11.4125 9.65399 10.3422 16.8286 8.32654 10.5646 7.50945 9.80037 7.42979 7.80749 6.80518 11.0738 7.32695
threshold=0.048809524625539787 0.009569597430527212 0.010695492848753931 0.0070672258734703073 0.02339948154985905 0.0088107436895370501 0.0070176301524043092 0.0063092110212892303 0.0079052620567381399 0.013158179819583895 0.012903762981295587 0.0093898782506585139 0.029857398010790352 0.0064309346489608296
decision_type=2 2 2 2 2 2 2 2 2 2 2 2 2 2
left_child=1 2 -1 9 -5 6 -3 -2 -9 -4 -11 12 -8 -13
right_child=7 5 3 4 -6 -7 11 8 -10 10 -12 13 -14 -15
leaf_value=-0.00046997431996802718 0.00024978440641790543 0.00063682314331629135 0.0018004726757992941 0.0094219468935734917 0.0014472405957811447 -0.00078639456160107656 0.0033654701459889941 0.0074505826411614537 0.0019738951613543351 -0.0036203936451226029 0.0017275173256463357 0.0044279580283685454 0.012146028095163741 -0.00078569894384578152
leaf_weight=134002.69417355955 6410.2769758906215 9426.5686236936599 2482.1036903802305 823.6896160710603 3229.1980750430375 5063.7640026286244 1183.5098948925734 862.58810247294605 13231.690002834424 2070.763792347163 1008.2619330696762 1454.6091527976096 513.40221788547933 1243.353546442464
leaf_count=138505 7732 10227 3592 1095 3625 3841 1281 1927 15717 2404 1521 2385 914 1668
internal_value=2.23901e-06 -0.000208187 -0.000360147 0.00116955 0.00308718 0.000947007 0.00158218 0.00166919 0.00231412 -0.00023104 -0.00186924 0.00360384 0.00607763 0.00203122
internal_weight=183006 162502 143617 9614.02 4052.89 18885.2 13821.4 20504.6 14094.3 5561.13 3079.03 4394.87 1696.91 2697.96
internal_count=196434 171058 150742 12237 4720 20316 16475 25376 17644 7517 3925 6248 2195 4053
is_linear=0
shrinkage=0.05


Tree=31
num_leaves=15
num_cat=0
split_feature=17 0 15 1 1 4 2 4 4 1 2 1 1 17
split_gain=23.372 11.1038 7.78267 9.46056 6.87674 6.70231 6.90031 6.64691 7.4566 5.55327 12.7785 12.3475 6.67458 6.25891
threshold=0.054093567654490478 0.010471491608768703 0.050288653001189239 0.012121656909585001 0.016261236742138866 0.0085838492959737795 0.00766294775530696 0.0074907417874783286 0.011050061322748663 0.0098524559289217013 0.010582306887954475 0.0071685509756207475 0.013606071937829258 0.064583335071802153
decision_type=2 2 2 2 2 2 2 2 2 2 2 2 2 2
left_child=1 2 3 -1 9 6 -3 -5 -9 10 -2 -12 -11 -13
right_child=4 5 -4 7 -6 -7 -8 8 -10 12 11 13 -14 -15
leaf_value=-0.00034690227361418633 0.00059517403369055357 0.00089782726123898956 -0.0044795026109487809 0.00034025670623965317 0.0063825277868105462 -0.0005522460225031834 0.0035919399644942108 0.0068028883113357688 0.00070006924908093664 -0.0015349334955298581 0.0027945979835149407 0.014928721238462686 0.0015728538707905717 0.006499186993412058
leaf_weight=145385.34337192401 3798.7466133125126 7262.6844544969499 1098.2528926003724 2886.7550023254007 769.49682920984924 4295.8475643638521 3530.1245850790292 1111.6591505780816 908.41280734166503 2388.0159824341536 2357.6115021314472 335.07652634941041 6176.9923999551684 701.45411790721118
leaf_count=151911 5431 7665 794 4266 806 4027 4530 1295 1304 2432 4022 378 6564 1009
internal_value=2.23354e-06 -0.000175841 -0.000304776 -0.000273974 0.00179499 0.00111716 0.00178153 0.00188315 0.00407546 0.00156706 0.00259046 0.00481529 0.00070559 0.00934079
internal_weight=183006 166479 151390 150292 16527.4 15088.7 10792.8 4906.83 2020.07 15757.9 7192.89 3394.14 8565.01 1036.53
internal_count=196434 175792 159570 158776 20642 16222 12195 6865 2599 19836 10840 5409 8996 1387
is_linear=0
shrinkage=0.05


Tree=32
num_leaves=15
num_cat=0
split_feature=15 17 1 0 2 3 0 1 16 3 3 0 1 15
split_gain=21.4026 11.8637 9.30394 8.81749 7.88505 10.1059 6.88701 8.36668 6.62057 5.50404 10.7624 5.68209 5.53521 5.31209
threshold=0.01749525032937527 0.080128207802772536 1.0000000180025095e-35 0.013986697886139156 0.0070176301524043092 0.010362972505390646 0.0069204980973154315 0.0099504948593676108 2.5000000000000004 0.0064309346489608296 0.0077221228275448093 0.012739370577037336 0.0066890381276607522 0.046055844053626067
decision_type=2 2 2 2 2 2 2 2 2 2 2 2 2 2
left_child=-1 2 13 4 5 6 7 -4 -6 11 -11 -8 -12 -2
right_child=1 -3 3 -5 8 -7 9 -9 -10 10 12 -13 -14 -15
leaf_value=-0.00039399811211958397 0.0015280607665012777 0.0033321301092112269 0.00043565019803051927 0.0025147928743915254 -0.0044069363506011689 -0.0019550248133580767 -0.0018048968288035365 0.0038218711688761788 -0.00059339596734319939 0.006750562574109685 0.0094453376507830922 0.004629762611261537 -0.0016747890028972409 -0.0032131289109824501
leaf_weight=119068.87392749637 20864.258830508217 4119.6754427049309 3358.2524118032306 3416.8490703329444 1207.6672311872244 2992.7167832627892 3400.1834144238383 3990.7274932079017 17520.541801981628 757.38815149106085 113.09593643248081 371.85869664885104 1225.4741668477654 598.91044167988002
leaf_count=122404 28612 5428 3752 3130 1102 2876 3155 5941 16596 989 96 348 1086 919
internal_value=2.22627e-06 0.000740048 0.000561004 9.4437e-05 -0.00014292 0.000664252 0.00125836 0.00227717 -0.000841528 -1.92733e-05 0.0020294 -0.00115999 -0.000672176 0.00139433
internal_weight=183006 63937.6 59817.9 38354.8 34937.9 16209.7 13217 7348.98 18728.2 5868 2095.96 3772.04 1338.57 21463.2
internal_count=196434 74030 68602 39071 35941 18243 15367 9693 17698 5674 2171 3503 1182 29531
is_linear=0
shrinkage=0.05


Tree=33
num_leaves=15
num_cat=0
split_feature=17 0 2 4 3 1 4 2 17 2 4 4 2 15
split_gain=19.9124 9.10205 7.76471 4.4475 9.1195 8.85866 6.37324 6.1183 5.74559 5.03765 5.39692 4.28581 6.95822 5.27559
threshold=0.025320513173937801 0.015038444194942715 0.0073261056095361718 0.0084389690309762972 0.015038444194942715 0.0098524559289217013 0.0079052620567381399 0.014185110572725536 0.080128207802772536 0.014185110572725536 0.01197647722437978 0.011050061322748663 0.015749008394777778 0.019263859838247303
decision_type=2 2 2 2 2 2 2 2 2 2 2 2 2 2
left_child=-1 11 -3 6 5 8 -4 -7 -5 -6 -11 13 -13 -2
right_child=1 2 3 4 9 7 -8 -9 -10 10 -12 12 -14 -15
leaf_value=-0.00034973680379112178 1.8738487755451452e-05 -0.00093002895090421405 0.0056364705897066361 -0.00060010873224963985 0.012300684266614594 -0.01003576879870465 0.02036932524537809 -0.00021368874503737038 0.014092968890359528 -0.0035867823764386174 0.0054925438342066681 0.00013460813867852543 -0.0059997447789751669 0.0013435635116235505
leaf_weight=125755.91309868358 11026.369744611904 980.26284640282393 949.86427362263203 131.97772601433098 214.78519405797124 251.53673847950995 72.008769657462835 403.77073550410569 122.59460159391165 187.58031054213643 1015.2342554628849 17845.557394510135 464.56144178658724 23584.45666907914
leaf_count=128869 12575 1229 1403 274 123 246 94 399 227 92 613 20232 492 29566
internal_value=2.1652e-06 0.000775075 0.00297665 0.00411939 0.00289106 -0.00101067 0.006862 -0.00407802 0.00674088 0.0053849 0.00405871 0.000594429 -2.42217e-05 0.000921626
internal_weight=183006 57250.6 4329.62 3349.35 2327.48 909.88 1021.87 655.307 254.572 1417.6 1202.81 52920.9 18310.1 34610.8
internal_count=196434 67565 4700 3471 1974 1146 1497 645 501 828 705 62865 20724 42141
is_linear=0
shrinkage=0.05


Tree=34
num_leaves=15
num_cat=0
split_feature=17 0 15 1 4 2 1 4 2 2 2 3 1 2
split_gain=18.4119 9.14351 7.15331 7.16236 5.92399 6.0018 5.73176 5.26708 6.05355 5.19383 8.31926 8.15844 4.97706 10.9523
threshold=0.054093567654490478 0.010471491608768703 0.053795972838997848 0.012121656909585001 0.0085838492959737795 0.00766294775530696 0.016261236742138866 0.0083683477714657801 0.0079052620567381399 0.012121656909585001 0.015749008394777778 0.016261236742138866 0.0098524559289217013 0.010582306887954475
decision_type=2 2 2 2 2 2 2 2 2 2 2 2 2 2
left_child=1 2 3 -1 5 -3 12 8 -7 -8 -11 -12 13 -2
right_child=6 4 -4 -5 -6 7 9 -9 -10 10 11 -13 -14 -15
leaf_value=-0.0003148703419579321 0.00050701751454282752 0.00081792102269513623 -0.0056035551480224264 0.0015999054677008169 -0.00055199008727005309 0.015444621849640417 -0.0011086116301935076 0.013710289831085002 0.0025983832293484336 0.017695389503275264 -0.0039580138956571411 0.010007478780529398 0.00056990086819386806 0.0044138171819805682
leaf_weight=145730.32385357842 3798.7466133125126 7262.6844544969499 616.75689337775111 5043.3424778133631 4295.8475643638521 84.850254997611046 200.23036443814635 108.90038338303566 3336.3739466983825 155.59042183309793 171.19902723841369 242.47701570019126 8565.0083823893219 3394.1421463880688
leaf_count=152181 5431 7665 345 7044 4027 137 357 128 4265 189 131 129 8996 5409
internal_value=2.15992e-06 -0.000155893 -0.000272896 -0.00025072 0.00101744 0.00164205 0.00159335 0.00333046 0.00296107 0.00578141 0.00818217 0.00427088 0.0013853 0.00235411
internal_weight=183006 166479 151390 150774 15088.7 10792.8 16527.4 3530.12 3421.22 769.497 569.266 413.676 15757.9 7192.89
internal_count=196434 175792 159570 159225 16222 12195 20642 4530 4402 806 449 260 19836 10840
is_linear=0
shrinkage=0.05


Tree=35
num_leaves=15
num_cat=0
split_feature=17 0 1 4 15 1 2 15 1 2 17 3 3 4
split_gain=16.6729 8.13549 7.17632 8.55734 14.2537 7.10265 8.48624 7.02752 6.78704 6.33992 9.69399 6.3342 8.92199 6.27816
threshold=0.048809524625539787 0.009569597430527212 0.010695492848753931 0.0070672258734703073 0.02339948154985905 0.0088107436895370501 0.0070176301524043092 0.013158179819583895 0.012903762981295587 0.0093898782506585139 0.029857398010790352 0.0063092110212892303 0.0079052620567381399 0.0064309346489608296
decision_type=2 2 2 2 2 2 2 2 2 2 2 2 2 2
left_child=1 2 -1 7 -5 6 -3 -4 -9 10 -8 -2 -13 -14
right_child=11 5 3 4 -6 -7 9 8 -10 -11 -12 12 13 -15
leaf_value=-0.00039034228343747988 4.2073439566458138e-05 0.00054739463381520582 0.001725076356180198 0.0085974264282157598 0.0012585465949044932 -0.00079287297230549677 0.0030570286718931486 -0.0034764788002376971 0.0015102393104531719 0.0016901155032914988 0.011270635622748684 0.0068375205924481961 0.0033505912180869964 0.00092969605502806721
leaf_weight=134002.69417355955 6410.2769758906215 9426.5686236936599 2482.1036903802305 823.6896160710603 3229.1980750430375 5063.7640026286244 1183.5098948925734 2070.763792347163 1008.2619330696762 2697.9626992400736 513.40221788547933 862.58810247294605 3725.4835790731013 9506.2064237613231
leaf_count=138505 7732 10227 3592 1095 3625 3841 1281 2404 1521 4053 914 1927 5174 10543
internal_value=2.20439e-06 -0.000167349 -0.000295651 0.00102321 0.00276756 0.000807989 0.00139465 -0.000250729 -0.00184392 0.00320655 0.00559353 0.00134537 0.00193768 0.00161333
internal_weight=183006 162502 143617 9614.02 4052.89 18885.2 13821.4 5561.13 3079.03 4394.87 1696.91 20504.6 14094.3 13231.7
internal_count=196434 171058 150742 12237 4720 20316 16475 7517 3925 6248 2195 25376 17644 15717
is_linear=0
shrinkage=0.05


Tree=36
num_leaves=15
num_cat=0
split_feature=15 17 1 0 2 3 0 1 16 4 15 3 15 15
split_gain=15.3297 8.97471 8.16394 7.1867 7.22455 9.26774 5.98028 6.7604 5.71602 5.27992 6.50984 5.968 5.21536 5.14748
threshold=0.01749525032937527 0.080128207802772536 1.0000000180025095e-35 0.013986697886139156 0.0070176301524043092 0.010362972505390646 0.0069204980973154315 0.0099504948593676108 2.5000000000000004 0.0077221228275448093 0.033803408965468414 0.0080972984433174151 0.034470815211534507 0.046055844053626067
decision_type=2 2 2 2 2 2 2 2 2 2 2 2 2 2
left_child=-1 2 13 4 5 6 7 -4 -6 10 -8 -12 -11 -2
right_child=1 -3 3 -5 8 -7 9 -9 -10 12 11 -13 -14 -15
leaf_value=-0.00033313895354629403 0.0013831892432963819 0.0028811096708333062 0.00045502148222363158 0.002218978785182906 -0.0041620952674733015 -0.0019160127285286939 0.00053885814315918462 0.0034991207746798095 -0.00061849874691132433 -0.0041897210191175613 0.015532036126231464 0.0012908839518721025 0.00051565308322853629 -0.0032833842449141296
leaf_weight=119068.87392749637 20864.258830508217 4119.6754427049309 3358.2524118032306 3416.8490703329444 1207.6672311872244 2992.7167832627892 3237.6431372798979 3990.7274932079017 17520.541801981628 1181.1484136134386 135.09084063023329 153.26393156684935 1160.8540427535772 598.91044167988002
leaf_count=122404 28612 5428 3752 3130 1102 2876 3355 5941 16596 947 207 218 947 919
internal_value=2.19301e-06 0.000626625 0.000470903 3.38685e-05 -0.000180404 0.000592238 0.0011612 0.00211057 -0.000849103 -2.93459e-05 0.00119184 0.00825967 -0.00186514 0.0012515
internal_weight=183006 63937.6 59817.9 38354.8 34937.9 16209.7 13217 7348.98 18728.2 5868 3526 288.355 2342 21463.2
internal_count=196434 74030 68602 39071 35941 18243 15367 9693 17698 5674 3780 425 1894 29531
is_linear=0
shrinkage=0.05


Tree=37
num_leaves=15
num_cat=0
split_feature=17 0 15 1 4 15 15 0 1 2 2 17 2 15
split_gain=14.0557 7.34848 6.61356 6.58993 9.07227 10.173 5.7446 5.27677 5.14425 9.9371 8.89681 5.20333 5.38993 4.72289
threshold=0.054093567654490478 0.010471491608768703 0.050288653001189239 0.010695492848753931 0.0073261056095361718 0.02339948154985905 0.013158179819583895 0.016261236742138866 0.0076046728063374766 0.0070176301524043092 0.0094788861460983771 0.029857398010790352 0.00766294775530696 0.022708910517394546
decision_type=2 2 2 2 2 2 2 2 2 2 2 2 2 2
left_child=1 2 3 -1 6 -6 -5 -2 9 -3 11 12 -11 -12
right_child=7 8 -4 4 5 -7 -8 -9 -10 10 13 -13 -14 -15
leaf_value=-0.00030272369508400226 0.0011930833204063431 0.00051421252759495286 -0.0040892540609456718 0.0016557584540607677 0.0079065736767103163 0.0016049972310741287 -0.00144014925706391 0.0054143917624020089 -0.00026869505689993583 -0.0039463446101268692 -0.0060250261477658969 0.011699445011230726 0.007457805595950222 0.0028160016132577404
leaf_weight=139901.75481834263 15759.420138545334 6375.0172848179936 1098.2528926003724 2482.1036903802305 782.79137550853193 3377.5031888373196 3748.0172591004521 767.97383275441825 5700.4565697796643 138.05612792260945 154.68725457414985 467.05506378784776 350.48987173102796 1902.8944313265383
leaf_count=145387 19834 6869 794 3592 1022 3894 4881 808 4720 171 222 875 438 2927
internal_value=2.12104e-06 -0.000135975 -0.000240865 -0.000212473 0.00100183 0.0028068 -0.000206051 0.00139239 0.000915897 0.00163469 0.00399577 0.00795925 0.00422064 0.00212541
internal_weight=183006 166479 151390 150292 10390.4 4160.29 6230.12 16527.4 15088.7 9388.2 3013.18 955.601 488.546 2057.58
internal_count=196434 175792 159570 158776 13389 4916 8473 20642 16222 11502 4633 1484 609 3149
is_linear=0
shrinkage=0.05


Tree=38
num_leaves=15
num_cat=0
split_feature=15 17 1 1 0 3 2 1 0 0 1 4 4 0
split_gain=12.8959 7.54017 7.2327 6.81245 5.10845 6.77702 7.12593 6.02175 13.2675 5.0123 4.84441 7.08961 8.66815 7.69321
threshold=0.01749525032937527 0.080128207802772536 1.0000000180025095e-35 0.0067797389347106227 0.013986697886139156 0.0089687905274331587 0.0070176301524043092 0.00766294775530696 0.010582306887954475 0.012422839645296337 0.010471491608768703 0.0076046728063374766 0.0084389690309762972 0.014815627597272398
decision_type=2 2 2 2 2 2 2 2 2 2 2 2 2 2
left_child=-1 2 -2 -4 5 6 -5 8 -8 -10 11 -6 -13 -14
right_child=1 -3 3 4 10 -7 7 -9 9 -11 -12 12 13 -15
leaf_value=-0.00030548124948384658 0.0011668002427293322 0.0026412663438237852 -0.0023769084097751761 0.0014465959128229244 0.00052303259566238616 -0.00093772993649642055 0.00048924218503383903 -0.00091912103109307057 0.020664125109229325 0.0046263918041045153 0.00083403151379742068 0.020975651513411575 0.011340742733774299 -0.0023783245415730813
leaf_weight=119068.87392749637 21463.169272188097 4119.6754427049309 2740.3346051890403 10791.404822310433 465.45508216693997 11851.026307400316 1099.4058892540634 8328.1922827269882 114.08773412369192 92.206190958619118 2364.225020846352 108.77422229386866 222.60231378674507 177.04068656265736
leaf_count=122404 29531 5428 2480 13083 635 11250 1173 7879 134 97 1817 94 197 232
internal_value=2.08111e-06 0.000574803 0.000432067 2.07161e-05 0.000205816 1.29714e-05 0.00056477 -0.000423484 0.00272082 0.0140411 0.00206483 0.00501395 0.00903598 0.00535354
internal_weight=183006 63937.6 59817.9 38354.8 35614.4 32276.3 20425.3 9633.89 1305.7 206.294 3338.1 973.872 508.417 399.643
internal_count=196434 74030 68602 39071 36591 33616 22366 9283 1404 231 2975 1158 523 429
is_linear=0
shrinkage=0.05


Tree=39
num_leaves=15
num_cat=0
split_feature=0 2 4 1 4 15 2 4 1 17 3 1 1 4
split_gain=11.983 9.10635 12.8036 8.49949 8.22921 7.2423 6.88521 6.01335 8.46803 10.4946 6.68951 4.95812 5.25543 4.6986
threshold=0.009569597430527212 0.0076046728063374766 0.0086581707000732439 0.012121656909585001 0.016261236742138866 0.02925018779933453 0.013793759513646366 0.0079052620567381399 0.0098524559289217013 0.030776515603065494 0.016261236742138866 0.0080972984433174151 0.0084389690309762972 0.0067340831737965354
decision_type=2 2 2 2 2 2 2 2 2 2 2 2 2 2
left_child=3 5 7 -1 -4 -2 13 10 9 -9 11 -3 -13 -5
right_child=1 2 4 6 -6 -7 -8 8 -10 -11 -12 12 -14 -15
leaf_value=-0.00026680092861746323 0.00074764612405615221 0.0036919748635112757 6.6793428664594525e-05 0.00045459484957656215 0.0064516934252518161 -0.0016172578009376944 -0.0036482535739916829 -0.0034608701903559541 0.0016226984585605839 0.016800018234091947 0.013816304027363044 -0.0080340886490339724 0.0014050637137817241 0.0030515877536444361
leaf_weight=144326.27498216368 10574.172416111454 3852.7965590544045 8227.0006952472031 3170.222590809688 527.64390968717635 4653.8777258452028 602.03961236961186 76.689614269882441 318.60483509302139 299.83319558389485 126.11202427744865 147.89855213277042 2237.1781755294651 3866.1289118342102
leaf_count=152246 11579 6034 7612 4793 389 4199 666 146 357 379 157 174 2362 5341
internal_value=2.13492e-06 0.000897165 0.00173714 -0.00018074 0.000458534 2.43156e-05 0.0014436 0.00331996 0.00771266 0.0126905 0.00282881 0.00258491 0.000788642 0.00188382
internal_weight=183006 31041.8 15813.8 151965 8754.64 15228.1 7638.39 7059.11 695.128 376.523 6363.99 6237.87 2385.08 7036.35
internal_count=196434 33388 17610 163046 8001 15778 10800 9609 882 525 8727 8570 2536 10134
is_linear=0
shrinkage=0.05


Tree=40
num_leaves=15
num_cat=0
split_feature=15 3 1 1 3 0 17 4 3 4 2 4 0 15
split_gain=11.1878 7.03358 8.42779 7.57331 9.15381 10.8298 7.37049 6.28388 5.53459 7.91363 5.48744 7.11369 13.5846 5.40155
threshold=0.012121656909585001 1.0000000180025095e-35 0.016001024283468727 0.0076046728063374766 0.0079052620567381399 0.0077822189778089532 0.03637566231191159 0.0077822189778089532 0.0063092110212892303 0.0071175277698785075 0.014185110572725536 0.0068729333579540261 0.0069687257055193194 0.0068729333579540261
decision_type=2 2 2 2 2 2 2 2 2 2 2 2 2 2
left_child=8 -2 3 10 5 -5 -6 -7 9 13 -3 12 -12 -1
right_child=1 2 -4 4 6 7 -8 -9 -10 -11 11 -13 -14 -15
leaf_value=-0.00066758077393310096 -9.7970052498499267e-05 0.001069585070543359 0.0048534204398061019 0.00028983903741726434 -0.0019168626907426533 0.0093295340439359838 0.00024245608447901105 0.0024976988922286577 -0.0011629240496307976 -0.0013559382884044888 -0.00092901095800409508 0.0001314215071274802 0.012263636143757532 0.00034229791341757945
leaf_weight=19010.865830194205 39695.282677555457 26273.828789032996 1236.1169520355761 2756.8629024233669 6119.3280117791146 634.58214219100773 11118.805605458096 725.69749115593731 18244.285505941138 12204.22610934265 312.35632177256048 605.79253372177482 504.10782346129417 43564.335103943944
leaf_count=19550 44453 32838 1314 3954 5604 894 11020 809 16254 12369 491 1048 756 45080
internal_value=2.11318e-06 0.000399581 0.000792273 0.000688962 -1.86137e-05 0.00209664 -0.000524743 0.00572963 -0.000382363 -0.000191796 0.00123435 0.00424944 0.00726633 3.54307e-05
internal_weight=183006 89982.8 50287.5 49051.4 21355.3 4117.14 17238.1 1360.28 93023.7 74779.4 27696.1 1422.26 816.464 62575.2
internal_count=196434 103181 58728 57414 22281 5657 16624 1703 93253 76999 35133 2295 1247 64630
is_linear=0
shrinkage=0.05


Tree=41
num_leaves=15
num_cat=0
split_feature=17 15 0 15 1 15 1 3 15 3 4 2 1 17
split_gain=10.2833 4.81631 4.63839 4.4198 4.11356 9.8702 4.91109 7.06178 15.82 7.53569 5.64534 5.91409 7.12877 6.01817
threshold=0.042572464793920524 0.00766294775530696 0.016261236742138866 0.058167049661278732 0.0092167854309082049 0.063906855881214156 0.013606071937829258 0.0062696540262550124 0.049504628404974944 0.011696306522935631 0.016261236742138866 0.015749008394777778 0.016261236742138866 0.087121214717626586
decision_type=2 2 2 2 2 2 2 2 2 2 2 2 2 2
left_child=1 -1 4 -3 5 -2 -6 -8 9 -9 11 12 -10 -13
right_child=2 3 -4 -5 6 -7 7 8 10 -11 -12 13 -14 -15
leaf_value=-0.00058879801159797841 0.0013063444556444973 7.6159552101665194e-06 0.004720461885977599 0.0059957177111953806 -0.0010988414913996462 0.013589140823089691 -0.0011383536726508805 0.0092245916647940296 0.0004569944689374484 0.0011931883522210967 0.0074192592424827224 -0.0010309977031077821 0.012109653630228038 -0.010814655856166949
leaf_weight=44919.690415171906 11759.87085012719 111455.00226427242 767.97383275441825 299.00602275878191 4706.2651676181704 156.01156188361347 2885.2240667380393 902.55264201946557 3583.9677856564522 434.39434681273997 267.39607806690037 527.40355864726007 126.28850024938583 215.42670723237097
leaf_count=44759 16603 119377 808 187 4649 177 2974 1888 3231 633 231 413 205 299
internal_value=2.07551e-06 -0.000151598 0.000916105 2.41726e-05 0.00080002 0.00147842 0.000207109 0.000894853 0.00186357 0.0066433 0.000498666 6.74098e-05 0.000885108 -0.0039743
internal_weight=183006 156674 26332.8 111754 25564.8 11915.9 13648.9 8942.65 6057.43 1336.95 4720.48 4453.09 3710.26 742.83
internal_count=196434 164323 32111 119564 31303 16780 14523 9874 6900 2521 4379 4148 3436 712
is_linear=0
shrinkage=0.05


Tree=42
num_leaves=15
num_cat=0
split_feature=0 4 2 3 2 1 2 16 3 0 4 1 17 3
split_gain=9.48674 7.90542 12.0811 9.03342 7.489 7.16711 6.45142 8.30268 5.79896 5.7964 5.69586 8.70763 8.65804 6.82873
threshold=0.009569597430527212 0.0085838492959737795 0.0077822189778089532 0.015038444194942715 0.012579114176332952 0.012121656909585001 0.0098524559289217013 3.5000000000000004 0.013606071937829258 0.0083683477714657801 0.0079052620567381399 0.0098524559289217013 0.051315790042281158 0.011696306522935631
decision_type=2 2 2 2 2 2 2 2 2 2 2 2 2 2
left_child=5 2 8 -3 -5 -1 7 -7 -2 -8 -4 12 13 -12
right_child=1 3 10 4 -6 6 9 -9 -10 -11 11 -13 -14 -15
leaf_value=-0.00023965980958282385 0.00072528040674624478 -0.00085358774504610743 0.0026440718982149152 0.0089564702308188079 0.0013257310909586667 0.0013042402810549197 0.00019303173773037915 0.0063723226769602766 -0.0044877489468365932 -0.0066717179579030995 -0.0019069786254314993 0.0011302585543928581 0.022166325471883776 0.015993839442737547
leaf_weight=144326.27498216368 11604.985485987738 9830.8844378683716 6217.7349716182798 381.50508931837976 1828.2132537961006 4773.8706864267588 1524.4746982622892 965.00906181707978 549.24650659784675 375.03666850738227 119.64753075130284 287.95589944161475 138.2108417134732 83.423685738816857
leaf_count=152246 12508 9339 8536 372 1304 6668 1695 2106 553 331 228 317 162 69
internal_value=2.08463e-06 0.000798452 0.00143336 -0.000203855 0.00267758 -0.000160631 0.00133096 0.00216605 0.000486209 -0.00119018 0.00311152 0.00761692 0.012902 0.00585235
internal_weight=183006 31041.8 19001.2 12040.6 2209.72 151965 7638.39 5738.88 12154.2 1899.51 6846.97 629.238 341.282 203.071
internal_count=196434 33388 22373 11015 1676 163046 10800 8774 13061 2026 9312 776 459 297
is_linear=0
shrinkage=0.05


Tree=43
num_leaves=15
num_cat=0
split_feature=15 3 1 1 3 0 17 2 2 4 17 3 4 15
split_gain=8.81167 6.01779 6.85567 7.14834 8.29852 9.79218 6.308 5.93791 6.07253 5.22817 9.14382 4.96728 7.22435 4.63673
threshold=0.012121656909585001 1.0000000180025095e-35 0.016001024283468727 0.0076046728063374766 0.0079052620567381399 0.0077822189778089532 0.03637566231191159 0.0068260179832577714 1.0000000180025095e-35 0.011173533275723459 0.027402402833104137 0.0063092110212892303 0.0071175277698785075 0.0068729333579540261
decision_type=2 2 2 2 2 2 2 2 2 2 2 2 2 2
left_child=11 -2 3 -3 5 9 -6 8 -7 -5 -11 12 13 -1
right_child=1 2 -4 4 6 7 -8 -9 -10 10 -12 -13 -14 -15
leaf_value=-0.00059281816651957238 -0.00010536835882738287 0.001154770987689148 0.0043809169520094837 -0.00069353067083534174 -0.0018322654165275878 0.0071811356215105305 0.00016540102260486172 0.0030979597581831005 0.022836423461143163 0.021759891740933995 0.0020057271312570036 -0.0010785785263398432 -0.0012708619710161432 0.00034283840068423952
leaf_weight=19010.865830194205 39695.282677555457 27696.085467988625 1236.1169520355761 2338.7253278624266 6119.3280117791146 360.55699216388166 11118.805605458096 929.28239488229156 70.440246300771832 60.693919846788049 357.44365471415222 18244.285505941138 12204.22610934265 43564.335103943944
leaf_count=19550 44453 35133 1314 3091 5604 511 11020 1062 130 38 825 16254 12369 45080
internal_value=2.1079e-06 0.000354851 0.000718082 0.000624902 -6.25137e-05 0.00195152 -0.000544397 0.00540608 0.0101996 0.000233611 0.00531438 -0.000339105 -0.000158573 5.85289e-05
internal_weight=183006 89982.8 50287.5 49051.4 21355.3 4117.14 17238.1 1360.28 430.997 2756.86 418.138 93023.7 74779.4 62575.2
internal_count=196434 103181 58728 57414 22281 5657 16624 1703 641 3954 863 93253 76999 64630
is_linear=0
shrinkage=0.05


Tree=44
num_leaves=15
num_cat=0
split_feature=0 17 4 15 3 15 2 1 4 1 2 2 15 4
split_gain=8.22915 4.92449 5.29551 6.65461 6.20699 4.63231 4.10965 4.11901 4.99971 4.82359 4.9396 4.51845 6.63093 5.5727
threshold=0.013423423748463394 0.014185110572725536 0.0062696540262550124 0.020559690892696384 0.0070176301524043092 0.059393588453531272 0.0078432578593492525 0.010050504934042694 0.016261236742138866 0.0063492704648524531 0.010929288342595102 0.012270400300621988 0.070495925843715682 0.0068729333579540261
decision_type=2 2 2 2 2 2 2 2 2 2 2 2 2 2
left_child=1 2 3 -1 -5 -3 -2 9 11 -8 -11 12 -9 -13
right_child=6 5 -4 4 -6 -7 7 8 -10 10 -12 13 -14 -15
leaf_value=-0.0002408155694845213 -3.9657184506280273e-05 0.0001840309349866083 -0.0012828174739468784 0.0098516295951788877 -0.0014350315292543138 -0.0021815054367959569 0.0017846736955449542 0.0018926932041298677 0.0063099711212415699 -0.0017314697015777822 0.0078196657598806098 0.0048967292135310026 0.014645062251757521 -0.00097201013577901231
leaf_weight=53784.800227971748 3334.3780036568642 102773.44376002066 13825.520848061889 304.3601338211447 195.15849244780838 2102.1221546195447 1332.9147545956075 521.36575780250132 419.57972444407642 156.28455575741827 866.05014546774328 462.23266590200365 117.96371810883284 2810.2988573312759
leaf_count=54954 3641 115188 13064 399 340 1711 2352 586 254 297 1102 402 58 2086
internal_value=2.15917e-06 -7.85732e-05 -0.00040958 -0.000186982 0.00550039 0.000136413 0.00139446 0.00210859 0.00118887 0.00378783 0.00635695 0.000624904 0.00443496 -0.000130681
internal_weight=183006 172985 68109.8 54284.3 499.519 104876 10021.1 6686.69 4331.44 2355.25 1022.33 3911.86 639.329 3272.53
internal_count=196434 185656 68757 55693 739 116899 10778 7137 3386 3751 1399 3132 644 2488
is_linear=0
shrinkage=0.05


Tree=45
num_leaves=15
num_cat=0
split_feature=17 0 15 1 4 15 3 17 2 15 15 17 4 3
split_gain=7.77597 4.47545 5.88583 4.81847 7.71438 9.24733 5.21366 4.63312 9.76257 4.46933 4.06483 7.12823 5.19871 5.07375
threshold=0.054093567654490478 0.010471491608768703 0.050288653001189239 0.010695492848753931 0.0080322581343352812 0.02339948154985905 0.0096620614640414732 0.031754031777381904 0.0093898782506585139 0.013158179819583895 0.035480920225381858 0.037749288603663451 0.0074907417874783286 0.009569597430527212
decision_type=2 2 2 2 2 2 2 2 2 2 2 2 2 2
left_child=1 2 3 -1 9 -6 7 8 -7 -5 -11 -12 13 -13
right_child=-2 -3 -4 4 5 6 -8 -9 -10 10 11 12 -14 -15
leaf_value=-0.00023280539368056546 0.0010362282520577726 0.0007203289515295985 -0.003812881879831437 0.0015479407225176599 0.0079372789071640495 0.0014767198513821913 -0.0027533007974898183 0.00094221266417398902 0.012738359947091877 -0.0017484480400585087 -0.0020815727292059828 0.01561135670389284 0.021342058796654604 -0.0008742559732769639
leaf_weight=139901.75481834263 16527.393971299753 15088.656603939831 1098.2528926003724 2482.1036903802305 679.81637496873736 540.99664065241814 571.54683137126267 1616.0352297909558 291.38129649497569 3622.3739499989897 333.82232755795121 59.694739313796163 54.300310866907239 138.34412243030965
leaf_count=145387 20642 16222 794 3592 849 621 604 2079 140 4572 446 200 77 209
internal_value=2.15915e-06 -0.000100555 -0.000182413 -0.000155631 0.000882705 0.00271147 0.00151278 0.00251579 0.00552338 -0.000131098 -0.00112268 0.00270891 0.00888407 0.00460654
internal_weight=183006 166479 151390 150292 10390.4 3699.78 3019.96 2448.41 832.378 6690.64 4208.54 586.162 252.339 198.039
internal_count=196434 175792 159570 158776 13389 4293 3444 2840 761 9096 5504 932 486 409
is_linear=0
shrinkage=0.05


Tree=46
num_leaves=15
num_cat=0
split_feature=15 3 1 1 3 0 1 15 2 2 0 3 4 17
split_gain=7.10177 5.46967 5.77509 6.51369 7.5607 8.78079 5.73333 9.19616 5.41177 5.60388 4.67732 9.34165 4.63076 8.28818
threshold=0.012121656909585001 1.0000000180025095e-35 0.016001024283468727 0.0076046728063374766 0.0079052620567381399 0.0077822189778089532 0.014185110572725536 0.049504628404974944 0.0068260179832577714 1.0000000180025095e-35 0.010811126790940763 0.010695492848753931 0.011173533275723459 0.027402402833104137
decision_type=2 2 2 2 2 2 2 2 2 2 2 2 2 2
left_child=-1 -2 3 -3 5 12 10 -8 9 -7 -6 -12 -5 -14
right_child=1 2 -4 4 6 8 7 -9 -10 -11 11 -13 13 -15
leaf_value=-0.00030413062964401813 -0.00011988880114176223 0.0010854395039832918 0.0040269705788080808 -0.00065344918492612591 -0.0017383359472062225 0.0067974484863675827 0.006434031582734207 2.1305614577688803e-05 0.0029143526158012666 0.021826423075067606 -0.003689529129680247 0.001354413274206608 0.020657128598037526 0.0018525173207431603
leaf_weight=93023.712549421936 39695.282677555457 27696.085467988625 1236.1169520355761 2338.7253278624266 8412.6015661805868 360.55699216388166 675.21316370740533 3037.0541889611632 929.28239488229156 70.440246300771832 1187.1760550905019 3926.0886432975531 60.693919846788049 357.44365471415222
leaf_count=93253 44453 35133 1314 3091 8444 511 1144 2689 1062 130 1158 3189 38 825
internal_value=2.19283e-06 0.000318867 0.000665161 0.000579639 -7.65453e-05 0.00184588 -0.000536501 0.00120185 0.00511718 0.00969295 -0.00101414 0.000178416 0.000219113 0.0050008
internal_weight=183006 89982.8 50287.5 49051.4 21355.3 4117.14 17238.1 3712.27 1360.28 430.997 13525.9 5113.26 2756.86 418.138
internal_count=196434 103181 58728 57414 22281 5657 16624 3833 1703 641 12791 4347 3954 863
is_linear=0
shrinkage=0.05


Tree=47
num_leaves=15
num_cat=0
split_feature=0 4 2 3 2 1 2 2 3 4 1 17 3 3
split_gain=6.55859 7.32356 10.2636 7.1686 6.59243 5.84228 6.06418 5.47053 5.44444 5.24027 7.75282 7.56905 6.21736 5.4844
threshold=0.009569597430527212 0.0085838492959737795 0.0077822189778089532 0.015038444194942715 0.012579114176332952 0.012121656909585001 0.013793759513646366 0.011561079882085325 0.013606071937829258 0.0079052620567381399 0.0098524559289217013 0.051315790042281158 0.011696306522935631 0.016261236742138866
decision_type=2 2 2 2 2 2 2 2 2 2 2 2 2 2
left_child=5 2 8 -3 7 -1 -7 -5 -2 13 11 12 -11 -4
right_child=1 3 9 4 -6 6 -8 -9 -10 10 -12 -13 -14 -15
leaf_value=-0.0002043972728720091 0.00063424616074219309 -0.00087894612436004475 0.0021486474939526458 0.0039273198912942861 0.00099994025872114796 0.0016269300865559841 -0.0035642189991269288 0.016814920289370271 -0.0044168099292342822 -0.0018667508690554798 0.0010233819095103321 0.020792962535433904 0.01521106090340155 0.012318476620644548
leaf_weight=144326.27498216368 11604.985485987738 9830.8844378683716 6091.6529951058328 266.06666733138263 1828.2132537961006 7036.3515026438981 602.03961236961186 115.43842198699713 549.24650659784675 119.64753075130284 287.95589944161475 138.2108417134732 83.423685738816857 126.081976512447
leaf_count=152246 12508 9339 8380 291 1304 10134 666 81 553 228 317 162 69 156
internal_value=2.24838e-06 0.000664404 0.00127551 -0.000300239 0.00226675 -0.000133045 0.00121365 0.00815683 0.000402547 0.00282229 0.00714244 0.0121293 0.00553361 0.00237432
internal_weight=183006 31041.8 19001.2 12040.6 2209.72 151965 7638.39 381.505 12154.2 6846.97 629.238 341.282 203.071 6217.73
internal_count=196434 33388 22373 11015 1676 163046 10800 372 13061 9312 776 459 297 8536
is_linear=0
shrinkage=0.05


Tree=48
num_leaves=15
num_cat=0
split_feature=17 15 3 3 4 4 15 0 4 15 2 1 15 15
split_gain=6.10889 4.33551 3.59954 8.21451 7.32281 7.12896 4.80848 4.48413 4.2827 3.68028 3.70097 6.01792 5.82611 4.96943
threshold=0.042572464793920524 0.058167049661278732 0.0063092110212892303 0.0079682543873786944 0.0068260179832577714 0.0072203108575195083 0.063906855881214156 0.0066890381276607522 0.016261236742138866 0.014055386185646059 0.0064309346489608296 0.012270400300621988 0.023221892304718498 0.030954764224588874
decision_type=2 2 2 2 2 2 2 2 2 2 2 2 2 2
left_child=1 -1 -2 -4 6 7 9 -6 -7 -5 11 13 -12 -11
right_child=2 -3 3 4 5 8 -8 -9 -10 10 12 -13 -14 -15
leaf_value=-0.00012781536980111598 -0.00010047979460784262 0.0058005930464486762 0.0049604329097483529 0.0098096868156702793 0.0051650423247562817 6.8244149626535655e-05 0.012224453154237248 -0.0081674840011562028 0.0043253940140128575 0.00021250014874233522 0.012389025173832382 0.0063583796432704984 0.0023929359805202589 -0.0068298204962594852
leaf_weight=156374.69267944433 9057.8843938242644 299.00602275878191 1285.1524081062526 140.60708416067064 68.218329701572657 9554.6108102612197 110.29000077024102 377.69150036014616 619.73227826505899 1237.2347972281277 143.77185465581715 306.05682866461575 3127.6020807046443 303.92273110337555
leaf_count=164136 10712 187 2583 132 176 10403 94 479 536 1461 177 440 4636 282
internal_value=2.31234e-06 -0.000116132 0.000706803 0.00112991 0.000819124 5.77696e-05 0.00232209 -0.00605923 0.000331545 0.00209163 0.0018609 7.03263e-05 0.00286867 -0.00121135
internal_weight=183006 156674 26332.8 17274.9 15989.7 10620.3 5369.49 445.91 10174.3 5259.2 5118.59 1847.21 3271.37 1541.16
internal_count=196434 164323 32111 21399 18816 11594 7222 655 10939 7128 6996 2183 4813 1743
is_linear=0
shrinkage=0.05


Tree=49
num_leaves=15
num_cat=0
split_feature=0 15 15 1 3 17 15 3 3 0 2 15 0 15
split_gain=5.80738 3.83941 4.24907 3.42851 3.85019 3.26797 8.33267 6.57097 7.14748 4.59509 4.24157 3.83209 7.62087 7.05333
threshold=0.013423423748463394 0.00766294775530696 0.059393588453531272 0.015268065501004459 0.014185110572725536 0.048809524625539787 0.058167049661278732 0.0063092110212892303 0.010929288342595102 0.012579114176332952 0.015268065501004459 0.032515931874513633 0.010929288342595102 0.031562391668558128
decision_type=2 2 2 2 2 2 2 2 2 2 2 2 2 2
left_child=1 -1 5 -4 -5 6 -3 10 9 -9 11 12 13 -7
right_child=-2 2 3 4 -6 7 -8 8 -10 -11 -12 -13 -14 -15
leaf_value=-0.00046317327900043272 0.0011719549397723934 1.7125272292435855e-05 -0.0031648524073039225 0.0062324992698869807 -0.0030818738195453471 -1.3028426419039664e-05 0.01052980681929308 0.0050203955671426458 0.00079843837372653925 -0.004323658487891415 -0.0061529456870900402 -0.0022228434284431728 0.015244737442698065 0.013943559779382726
leaf_weight=44919.690415171906 10021.068183066323 115247.19337312691 1675.9673786070198 222.93708521872759 203.21769079379737 2437.0655006021261 178.80261630192399 1922.5420741476119 4187.3386629261076 133.72211486846209 303.32364488951862 1388.6908934358507 80.8959577139467 84.01820913888514
leaf_count=44759 10778 124016 1228 219 264 3241 94 3618 6283 151 390 1146 145 102
internal_value=2.32919e-06 -6.54912e-05 7.4023e-05 -0.00215005 0.00182199 0.000111307 3.43209e-05 0.000953758 0.00198798 0.00439475 -0.000551158 -0.000111061 0.0010202 0.000505344
internal_weight=183006 172985 128066 2102.12 426.155 125964 115426 10537.6 6243.6 2056.26 4293.99 3990.67 2601.98 2521.08
internal_count=196434 185656 140897 1711 483 139186 124110 15076 10052 3769 5024 4634 3488 3343
is_linear=0
shrinkage=0.05


Tree=50
num_leaves=15
num_cat=0
split_feature=0 4 2 3 2 2 1 2 4 1 17 3 3 2
split_gain=5.37333 6.74651 8.89456 6.29329 6.0618 5.011 4.87491 5.48135 4.84733 7.03963 6.79101 5.67406 4.80153 4.78082
threshold=0.009569597430527212 0.0085838492959737795 0.0077822189778089532 0.015038444194942715 0.012579114176332952 0.011561079882085325 0.012121656909585001 0.013793759513646366 0.0079052620567381399 0.0098524559289217013 0.051315790042281158 0.011696306522935631 0.013606071937829258 0.012903762981295587
decision_type=2 2 2 2 2 2 2 2 2 2 2 2 2 2
left_child=6 2 12 -3 5 -5 -1 13 -4 10 11 -10 -2 -8
right_child=1 3 8 4 -6 -7 7 -9 9 -11 -12 -13 -14 -15
leaf_value=-0.00018533333033395508 0.00059312268983083782 -0.00086638158922942908 0.0021974724246169668 0.0036844885827223353 0.00086685313378315589 0.016013376309656765 0.0012189782752138256 -0.0034322443586416954 -0.001785506307765843 0.0009525194258932332 0.019741804453567602 0.014528945614899466 -0.0041503339745296531 0.0075216137656293983
leaf_weight=144326.27498216368 11604.985485987738 9830.8844378683716 6217.7349716182798 266.06666733138263 1828.2132537961006 115.43842198699713 6730.7883439548314 602.03961236961186 119.64753075130284 287.95589944161475 138.2108417134732 83.423685738816857 549.24650659784675 305.56315868906677
leaf_count=152246 12508 9339 8536 291 1304 81 9869 666 228 317 162 69 553 265
internal_value=2.30433e-06 0.000601649 0.00118819 -0.000324187 0.00208104 0.00772878 -0.000120155 0.00111 0.00262811 0.00678248 0.0115344 0.00528397 0.000375531 0.00150296
internal_weight=183006 31041.8 19001.2 12040.6 2209.72 381.505 151965 7638.39 6846.97 629.238 341.282 203.071 12154.2 7036.35
internal_count=196434 33388 22373 11015 1676 372 163046 10800 9312 776 459 297 13061 10134
is_linear=0
shrinkage=0.05


Tree=51
num_leaves=15
num_cat=0
split_feature=15 3 4 3 3 4 4 0 15 17 15 0 17 17
split_gain=5.02802 4.47081 6.41397 4.46556 4.65101 9.58542 8.7648 8.11874 7.74906 9.54447 7.53482 5.77893 5.48106 5.5253
threshold=0.012121656909585001 0.0063092110212892303 0.0071175277698785075 1.0000000180025095e-35 0.0075472774915397176 0.011561079882085325 0.0067797389347106227 0.0067340831737965354 0.016720740124583248 0.011428944766521456 0.025859488174319271 0.011299795936793091 0.014185110572725536 0.015749008394777778
decision_type=2 2 2 2 2 2 2 2 2 2 2 2 2 2
left_child=1 2 -1 -2 5 6 7 -5 9 -9 -7 -12 -10 -14
right_child=3 -3 -4 4 -6 10 -8 8 12 -11 11 -13 13 -15
leaf_value=0.00012041306324237485 -0.00012763676217301858 -0.00095694417668180118 -0.0011321937061706693 0.00063543756855701742 0.00034375413137131469 0.017666048724557449 -0.00094544993838956365 0.01247906795240504 0.014422665099424135 -0.0018852997960892466 0.0020080634850259205 0.012677850629245029 -0.0044648812923425499 0.0062901177730413753
leaf_weight=62575.200934138149 39695.282677555457 18244.285505941138 12204.22610934265 3257.9854802116752 40408.783112196252 122.68607334047556 3357.1513440869749 128.43144692108035 183.77885439246893 692.89787465520203 546.16121739894152 157.43114801310003 124.27692781947553 1307.8950939960778
leaf_count=64630 44453 16254 12369 4235 45960 202 3893 157 346 689 1073 183 149 1841
internal_value=2.34459e-06 -0.000255403 -8.41402e-05 0.000268802 0.000581701 0.00155369 0.00107923 0.00227227 0.00444874 0.00048395 0.00667662 0.00453967 0.00644853 0.00533236
internal_weight=183006 93023.7 74779.4 89982.8 50287.5 9878.7 9052.42 5695.27 2437.28 821.329 826.278 703.592 1615.95 1432.17
internal_count=196434 93253 76999 103181 58728 12768 11310 7417 3182 846 1458 1256 2336 1990
is_linear=0
shrinkage=0.05


Tree=52
num_leaves=15
num_cat=0
split_feature=0 15 17 15 3 3 0 4 0 3 3 2 4 4
split_gain=4.72946 3.38895 3.76736 7.66733 5.80085 6.22748 4.32146 7.2127 5.54887 9.17823 5.83964 5.43968 4.89284 4.27267
threshold=0.013423423748463394 0.059393588453531272 0.048809524625539787 0.058167049661278732 0.0063092110212892303 0.010929288342595102 0.0098524559289217013 0.010152545757591726 0.0076046728063374766 0.009569597430527212 0.0096620614640414732 0.013423423748463394 0.014815627597272398 0.01197647722437978
decision_type=2 2 2 2 2 2 2 2 2 2 2 2 2 2
left_child=1 2 3 -1 -4 6 8 -8 9 12 13 -11 -6 -10
right_child=-2 -3 4 -5 5 -7 7 -9 10 11 -12 -13 -14 -15
leaf_value=-0.00010628368703799317 0.0010578935665537875 -0.0020493837468243729 -0.00053283334037188966 0.00997567548857165 0.0030602372259438504 0.0007425135990264376 0.0063001095374833685 -0.0049297527107992093 0.0065665261623786197 0.013732215498824626 -0.0020416039558641022 0.00043722985211850095 -0.0056131816433779257 0.018862436636155305
leaf_weight=160166.88378829882 10021.068183066323 2102.1221546195447 4293.9942057803273 178.80261630192399 525.15484268032014 4187.3386629261076 258.17920773476362 296.32278730534017 144.94647523202002 262.75248744338751 71.380892088636756 108.1045627631247 223.6158211696893 165.80711259879172
leaf_count=168775 10778 1711 5024 94 1364 6283 391 298 258 367 160 183 532 216
internal_value=2.38339e-06 -5.88201e-05 -3.42146e-05 -9.44198e-05 0.00088112 0.00185285 0.0040994 0.000317913 0.00548431 0.00365032 0.0106276 0.00996997 0.000430134 0.0135107
internal_weight=183006 172985 170883 160346 10537.6 6243.6 2056.26 554.502 1501.76 1119.63 382.134 370.857 748.771 310.754
internal_count=196434 185656 183945 168869 15076 10052 3769 689 3080 2446 634 550 1896 474
is_linear=0
shrinkage=0.05


Tree=53
num_leaves=15
num_cat=0
split_feature=17 4 15 3 0 3 1 3 15 15 0 2 15 4
split_gain=4.38389 4.74746 5.47016 5.56575 3.72005 3.34331 2.72531 2.63849 2.62964 3.78567 3.5125 2.74447 2.54136 2.53984
threshold=0.014185110572725536 0.0062696540262550124 0.020559690892696384 0.0070176301524043092 0.016261236742138866 0.0062696540262550124 0.0062696540262550124 0.0063092110212892303 0.0079682543873786944 0.014232630841434004 0.0067340831737965354 0.0063898416701704272 0.0065574476029723891 0.016261236742138866
decision_type=2 2 2 2 2 2 2 2 2 2 2 2 2 2
left_child=1 2 7 5 13 -4 -3 12 -9 10 -10 -11 -1 -2
right_child=4 6 3 -5 -6 -7 -8 8 9 11 -12 -13 -14 -15
leaf_value=-0.00068899992051282507 0.00015084728207086044 -0.00083157985162485683 0.0041666986888791334 -0.0015090761257389789 0.0036366247867194845 0.014877886286476547 -0.002732699029074128 -0.0011567385681713089 0.0010655889008948074 -0.0031278785493645059 0.0082854085520270154 0.0017982301094580763 0.0002672632669297196 0.0035521564919933873
leaf_weight=8945.8417443111539 113587.12161731906 11579.053407294676 171.32899677194655 195.15849244780838 767.97383275441825 133.03113704919815 2246.4674407672137 10240.712208531797 2101.0237272512168 951.55148082971573 173.68697468191385 392.84913556464016 30979.13495680131 541.53864763304591
leaf_count=9435 126180 11214 172 340 808 227 1850 9351 2236 975 192 605 32160 689
internal_value=2.3885e-06 -0.00031543 -0.000104681 0.00505172 0.0001908 0.00917274 -0.00114224 -0.0001535 -0.000747608 0.000410074 0.00165071 -0.00168576 5.2878e-05 0.000167296
internal_weight=183006 68109.8 54284.3 499.519 114897 304.36 13825.5 53784.8 13859.8 3619.11 2274.71 1344.4 39925 114129
internal_count=196434 68757 55693 739 127677 399 13064 54954 13359 4008 2428 1580 41595 126869
is_linear=0
shrinkage=0.05


Tree=54
num_leaves=15
num_cat=0
split_feature=15 2 0 1 1 1 0 3 0 17 4 2 2 4
split_gain=4.13149 3.92081 3.9851 6.15302 3.79737 8.30556 4.72928 4.48783 7.94159 20.1224 19.1171 9.80766 8.33661 9.60121
threshold=0.012121656909585001 0.011428944766521456 0.0066007319837808618 0.0064309346489608296 1.0000000180025095e-35 0.0067797389347106227 0.0064725596457719812 0.0085107926279306429 0.0062696540262550124 0.020620748400688175 0.0064309346489608296 0.012903762981295587 0.0088107436895370501 0.0064309346489608296
decision_type=2 2 2 2 2 2 2 2 2 2 2 2 2 2
left_child=1 2 3 -1 7 6 -6 -2 9 10 -9 -11 -10 -14
right_child=4 -3 -4 -5 5 -7 -8 8 12 11 -12 -13 13 -15
leaf_value=-0.00065498814084012397 0.00020992673543516715 0.0036751996059473783 0.00043606032861416127 0.00042977401793715096 -0.0034889582665459801 0.00016309416968093621 -0.00031720906499448152 0.0011964773202905931 -0.0012490283271125206 0.0019576923842385863 0.012984809836772318 -0.0043200491447066489 0.0047671357180237468 -0.0010712117349121208
leaf_weight=58704.584754738957 25152.817531201988 627.94346716441214 16882.127888580784 16809.056438937783 2556.4193745609373 45847.115915780887 2172.1906903795898 610.94927214644849 4292.3433190882206 5016.2677764669061 783.44370160065591 700.50575827434659 1611.2224488649517 1239.4854622222483
leaf_count=54752 30985 500 17119 20882 2313 48523 2145 835 4952 6392 1144 968 2612 2312
internal_value=2.3448e-06 -0.000231297 -0.000258241 -0.000413499 0.000243881 -4.28443e-05 -0.00203569 0.000611788 0.00132026 0.00250186 0.00786508 0.00118225 0.00014209 0.00223376
internal_weight=183006 93023.7 92395.8 75513.6 89982.8 50575.7 4728.61 39407 14254.2 7111.17 1394.39 5716.77 7143.05 2850.71
internal_count=196434 93253 92753 75634 103181 52981 4458 50200 19215 9339 1979 7360 9876 4924
is_linear=0
shrinkage=0.05


Tree=55
num_leaves=15
num_cat=0
split_feature=0 15 4 4 4 17 2 3 1 4 1 15 3 3
split_gain=3.96942 2.91894 2.8108 5.57232 5.45886 3.51347 4.30174 4.75054 3.57184 7.25266 3.72235 6.47843 5.64017 3.16499
threshold=0.014389234129339458 0.0065147271379828462 0.015504807699471714 0.0085838492959737795 0.0096620614640414732 0.057189542800188072 0.010471491608768703 0.009569597430527212 0.015504807699471714 0.014815627597272398 0.010471491608768703 0.063906855881214156 0.014815627597272398 0.015504807699471714
decision_type=2 2 2 2 2 2 2 2 2 2 2 2 2 2
left_child=1 -1 3 -2 -5 -6 -7 -8 9 10 11 -9 -12 -4
right_child=2 -3 13 4 5 6 7 8 -10 -11 12 -13 -14 -15
leaf_value=-0.00083309630759580925 0.0022612685838758061 1.0081760189461852e-05 5.4407879954011562e-05 -0.0069280754762709902 0.0051634668113604391 -0.0058165906342287988 0.0096123430494366776 -0.0033630008620051028 -0.0047650664182055866 0.0070858317788280271 -0.0084729162703450558 0.014309013925092352 0.0019931910139068965 0.0052112638878515144
leaf_weight=10932.225832143798 2701.3934723623097 165654.67340059951 470.28868520446122 327.9774157460779 267.52125958167017 345.26404888741672 115.58907918818295 121.8300412427634 358.75386993028224 320.65784568525851 295.7414280436933 76.71351682394743 216.84479141607881 800.99911315366626
leaf_count=11125 3782 178334 431 311 216 397 245 185 253 185 213 89 166 502
internal_value=2.26781e-06 -4.21623e-05 0.0012226 0.000699519 -0.00102685 -8.51773e-05 -0.000867257 0.000298205 -0.000539139 0.000961856 -0.00185949 0.00382386 -0.00409191 0.0033189
internal_weight=183006 176587 6419.57 5148.29 2446.89 2118.92 1851.39 1506.13 1390.54 1031.79 711.13 198.544 512.586 1271.29
internal_count=196434 189459 6975 6042 2260 1949 1733 1336 1091 838 653 274 379 933
is_linear=0
shrinkage=0.05


Tree=56
num_leaves=15
num_cat=0
split_feature=0 4 2 0 4 1 4 1 17 3 15 3 2 17
split_gain=3.77356 5.93441 7.51254 5.19336 6.43103 4.83289 4.53424 6.39079 6.01355 5.17109 4.69097 4.82523 4.4533 5.23998
threshold=0.009569597430527212 0.0085838492959737795 0.0077822189778089532 0.013072453904896976 0.009569597430527212 0.015268065501004459 0.0079052620567381399 0.0098524559289217013 0.051315790042281158 0.011696306522935631 0.018623497337102893 0.016261236742138866 0.015268065501004459 0.054093567654490478
decision_type=2 2 2 2 2 2 2 2 2 2 2 2 2 2
left_child=12 2 -2 5 -5 -3 10 8 9 -8 -4 -12 13 -1
right_child=1 3 6 4 -6 -7 7 -9 -10 -11 11 -13 -14 -15
leaf_value=-0.00013939853551333541 0.00030774934636016441 -0.0017039099550438545 0.013185749226012164 -0.0047541403050310668 0.0011921935590948648 0.0046603594046855015 -0.0017122985113655013 0.00084235316381276501 0.018647158608768262 0.013861825379069 0.0015769707839977454 0.011110607555772006 -0.0040241533485569775 0.0014202975193066073
leaf_weight=145673.17397251911 12154.231992585585 5834.635839374736 81.967952279374003 486.45883719809353 5414.6451825462282 304.86292186379433 119.64753075130284 287.95589944161475 138.2108417134732 83.423685738816857 6009.6850428264588 126.081976512447 709.7228267621249 5581.7692978959531
leaf_count=153528 13061 5373 89 505 4778 359 228 317 162 69 8291 156 1115 8403
internal_value=2.19684e-06 0.000504459 0.00105458 -0.00036383 0.000694793 -0.00138082 0.0023779 0.00639468 0.0109221 0.005036 0.00196179 0.00179063 -0.000100427 -8.17509e-05
internal_weight=183006 31041.8 19001.2 12040.6 5901.1 6139.5 6846.97 629.238 341.282 203.071 6217.73 6135.77 151965 151255
internal_count=196434 33388 22373 11015 5283 5732 9312 776 459 297 8536 8447 163046 161931
is_linear=0
shrinkage=0.05


Tree=57
num_leaves=15
num_cat=0
split_feature=0 4 2 3 2 17 1 3 1 4 17 15 2 1
split_gain=3.41667 5.3681 6.80893 4.74403 5.70614 4.7702 10.4209 4.42588 4.26025 6.98425 9.98996 5.78607 5.53536 4.29902
threshold=0.009569597430527212 0.0085838492959737795 0.0077822189778089532 0.015038444194942715 0.012579114176332952 0.074175827205181136 0.015268065501004459 0.013606071937829258 0.01183473411947489 0.0079052620567381399 0.030776515603065494 0.055857973173260696 0.0090499590151011961 0.013606071937829258
decision_type=2 2 2 2 2 2 2 2 2 2 2 2 2 2
left_child=-1 2 7 -3 5 -5 -7 -2 9 -4 -11 12 -10 -13
right_child=1 3 8 4 -6 6 -8 -9 11 10 -12 13 -14 -15
leaf_value=-9.5414401774999221e-05 0.00050133269520904837 -0.00081636806590244251 0.0023653638467034509 0.012943630443389238 0.00056634878804895047 -0.0086483888315338937 0.01302450141443532 -0.0040527048325394409 0.006232778628578968 -0.0045460126204195433 0.013374743503932703 0.0087304270223444967 -0.0055238158032617085 0.00026827064413237101
leaf_weight=151964.66609717719 11604.985485987738 9830.8844378683716 5084.2820720169693 178.96164469234645 1828.2132537961006 106.14071226678789 96.40273235924542 549.24650659784675 112.63092823885381 97.072860648855567 310.93441989459097 211.33949976973236 562.39838611893356 468.31476257555187
leaf_count=163046 12508 9339 7292 140 1304 150 82 553 146 165 399 137 559 614
internal_value=2.23583e-06 0.000480158 0.00100337 -0.000345663 0.00174271 0.00722152 0.00179452 0.000292374 0.0022632 0.00288162 0.00910429 -0.000246787 -0.00349984 0.00298803
internal_weight=183006 31041.8 19001.2 12040.6 2209.72 381.505 202.543 12154.2 6846.97 5492.29 408.007 1354.68 675.029 679.654
internal_count=196434 33388 22373 11015 1676 372 232 13061 9312 7856 564 1456 705 751
is_linear=0
shrinkage=0.05


Tree=58
num_leaves=15
num_cat=0
split_feature=1 3 2 3 15 1 1 0 3 4 2 15 1 2
split_gain=3.28011 3.72841 7.2475 4.32695 2.84038 2.79808 3.76941 2.68508 1.87204 5.78796 6.09248 5.05912 2.4326 5.21744
threshold=0.016001024283468727 0.015749008394777778 0.015749008394777778 1.0000000180025095e-35 0.00766294775530696 0.0074350468348711738 0.0064309346489608296 0.0066007319837808618 0.016001024283468727 0.0090499590151011961 0.0063492704648524531 0.076673973351717009 0.013245614245533945 0.014185110572725536
decision_type=2 2 2 2 2 2 2 2 2 2 2 2 2 2
left_child=4 2 3 -2 5 6 7 -1 11 10 -10 -6 13 -11
right_child=1 -3 -4 -5 8 -7 -8 -9 9 12 -12 -13 -14 -15
leaf_value=-0.00068954236722218541 -0.0023960576690748394 0.005132301846413518 -0.0081132067869227678 0.005799604157124499 9.7393080425701344e-05 -0.0028471255970305086 0.00082243538831234088 0.00041094006204787199 -0.0056219263502112803 -0.0088598028024602562 0.0053771512973672204 0.0065310891378330474 -0.009797419721022332 0.0064765181948531828
leaf_weight=30679.155490016565 255.67154396511614 652.59945172071457 194.28814903832972 405.61758107692003 135324.46727096289 1094.9528846498579 6388.021006397903 6757.5610341075808 187.51045728102326 116.7033605966717 338.49407723173499 296.25242542102933 225.91976910084486 89.259298441931605
leaf_count=28995 259 463 185 698 148658 1262 7548 6954 186 134 607 159 179 147
internal_value=2.21779e-06 0.00231665 0.000134501 0.00264246 -1.71408e-05 -0.000361997 -0.000299271 -0.000490842 9.62979e-05 -0.00209487 0.00142446 0.000111927 -0.00631642 -0.00222127
internal_weight=183006 1508.18 855.577 661.289 181498 44919.7 43824.7 37436.7 136579 957.887 526.005 135621 431.882 205.963
internal_count=196434 1605 1142 957 194829 44759 43497 35949 150070 1253 793 148817 460 281
is_linear=0
shrinkage=0.05


Tree=59
num_leaves=15
num_cat=0
split_feature=0 15 4 3 1 1 15 3 3 0 17 2 2 3
split_gain=3.07911 2.68651 3.71903 5.14744 3.62157 7.20529 4.30824 6.42277 5.18277 5.8641 18.2277 17.597 14.3324 9.19934
threshold=0.016261236742138866 0.012121656909585001 0.0071175277698785075 0.0063092110212892303 1.0000000180025095e-35 0.0067797389347106227 0.048701891675591476 0.013423423748463394 0.0085107926279306429 0.0062696540262550124 0.020620748400688175 0.0066445916891098031 0.011299795936793091 0.0090499590151011961
decision_type=2 2 2 2 2 2 2 2 2 2 2 2 2 2
left_child=1 2 3 -1 6 -6 8 -8 -3 10 11 -10 -11 -14
right_child=-2 4 -4 -5 5 -7 7 -9 9 12 -12 -13 13 -15
leaf_value=0.00013908663332644911 0.0031409684441987135 0.00017488999442670899 -0.0010124950943459945 -0.0008151586067608633 -0.0019537868589039847 9.6654480464995629e-05 0.0025481950008682582 -0.0091406959569975913 0.01260448260437313 -0.00086883384134909766 0.0011227663990251826 0.0013430464178008927 0.021711047651655088 0.0038723488592225744
leaf_weight=62575.200934138149 767.97383275441825 25043.135862987489 12204.22610934265 18244.285505941138 4721.8024204820395 45312.386591143906 198.66903630644083 265.74079479649663 754.53451696224511 5241.0563415456563 5716.7411471903324 639.8584567848593 67.514405891299248 1253.3478437419981
leaf_count=64630 808 30723 12369 16254 4448 48140 375 487 937 6546 7359 1042 137 2179
internal_value=2.0859e-06 -1.13133e-05 -0.000199306 -7.64e-05 0.000184706 -9.72005e-05 0.000544638 -0.00419202 0.000602523 0.00138506 0.00237871 0.0074832 0.000306265 0.00494044
internal_weight=183006 182238 93023.7 80819.5 89214.8 50034.2 39180.6 464.41 38716.2 13673.1 7111.13 1394.39 6561.92 1320.86
internal_count=196434 195626 93253 80884 102373 52588 49785 862 48923 18200 9338 1979 8862 2316
is_linear=0
shrinkage=0.05


Tree=60
num_leaves=15
num_cat=0
split_feature=1 2 2 3 15 1 3 0 4 2 1 4 17 0
split_gain=2.90768 4.02018 7.85844 5.78701 2.57946 3.65218 1.44586 1.41183 5.61544 5.23754 5.54568 6.40126 9.06153 5.04707
threshold=0.016261236742138866 0.012121656909585001 0.015749008394777778 0.016261236742138866 0.0068729333579540261 0.0064309346489608296 0.0065574476029723891 0.009569597430527212 0.0085838492959737795 0.0077822189778089532 0.01183473411947489 0.0079052620567381399 0.030776515603065494 0.014599318150430919
decision_type=2 2 2 2 2 2 2 2 2 2 2 2 2 2
left_child=4 6 -3 -4 5 -1 -2 -6 9 -9 11 -11 -13 -12
right_child=1 2 3 -5 7 -7 -8 8 -10 10 13 12 -14 -15
leaf_value=-0.00073918851440010118 0.001078874286801542 0.014379714152285283 -0.005407722394904807 0.0063114902480602272 -1.1329596313842971e-05 0.0011268136951156373 -0.0071272906111066294 0.00027599715352893728 -0.00049998665182784908 0.0022062465635566998 -0.0028865815276177963 -0.0043424254441817431 0.01272443343249122 0.0040707685447700396
leaf_weight=20457.580392021686 105.98760294914246 155.59042183309793 171.19902723841369 242.47701570019126 128301.17775321752 2998.4672939926386 94.242761489003897 12138.075684715062 11573.101104412228 5084.2820720169693 924.40298724547029 97.072860648855567 310.93441989459097 351.88240263424814
leaf_count=19801 146 189 131 129 139078 3853 211 13040 10651 7292 964 165 399 385
internal_value=2.07169e-06 0.00304933 0.00516994 0.00144835 -1.0962e-05 -0.000500272 -0.00293884 6.13488e-05 0.000367184 0.000897978 0.00201132 0.00270033 0.00865715 -0.000951648
internal_weight=183006 769.497 569.266 413.676 182237 23456 200.23 158781 30479.8 18906.7 6768.57 5492.29 408.007 1276.29
internal_count=196434 806 449 260 195628 23654 357 171974 32896 22245 9205 7856 564 1349
is_linear=0
shrinkage=0.05


Tree=61
num_leaves=15
num_cat=0
split_feature=17 3 3 4 2 3 0 1 0 15 2 4 4 16
split_gain=2.68373 2.40841 4.96392 3.23207 4.74888 7.50364 6.92877 6.7701 7.05188 5.45353 5.32913 4.46468 3.80904 3.91235
threshold=0.054093567654490478 0.0062696540262550124 0.0079052620567381399 0.0063898416701704272 0.012270400300621988 0.014599318150430919 0.010471491608768703 0.0081634009256958979 0.015268065501004459 0.049504628404974944 0.013606071937829258 0.0074907417874783286 0.0079682543873786944 4.5000000000000009
decision_type=2 2 2 2 2 2 2 2 2 2 2 2 2 2
left_child=-1 -2 -3 4 5 -4 -7 9 -9 10 -6 -5 13 -13
right_child=1 2 3 11 7 6 -8 8 -10 -11 -12 12 -14 -15
leaf_value=-5.8316672224317947e-05 -0.00035405305114431817 0.0050662131654931226 0.0059380019756295572 -0.0034168402502721853 0.016294334802103232 0.00045141012834464146 -0.0082332314392723586 -0.0035460182173283534 0.0084453068018159917 0.018945492091571092 0.0038498634375881326 -0.0014691807747179337 0.00040286493124589101 0.013150059821620277
leaf_weight=166479.07982870936 4653.6471300143749 692.0761380251497 435.47584360092878 758.34189190343022 92.875534562394023 966.84089908376336 290.8365421667695 391.11949786543846 166.5803816895932 81.386937864124775 603.83649460040033 71.518966149538755 7214.244667744264 108.61304602958262
leaf_count=175792 5735 1579 689 1343 188 1399 312 496 145 85 868 208 7398 197
internal_value=2.02591e-06 0.00060952 0.00098715 0.00073038 0.00212214 0.000357769 -0.00160601 0.00433924 0.000121364 0.00732249 0.00571587 0.000211338 0.000587544 0.0075737
internal_weight=183006 16527.4 11873.7 11181.7 3028.95 1693.15 1257.68 1335.8 557.7 778.099 696.712 8152.72 7394.38 180.132
internal_count=196434 20642 14907 13328 4182 2400 1711 1782 641 1141 1056 9146 7803 405
is_linear=0
shrinkage=0.05


Tree=62
num_leaves=15
num_cat=0
split_feature=1 3 2 3 15 4 0 0 0 3 3 15 15 2
split_gain=2.58657 3.16989 6.37155 3.8187 2.28306 1.79243 1.78524 2.83788 2.32786 2.00253 1.69848 5.27784 4.64598 4.60161
threshold=0.016001024283468727 0.015749008394777778 0.015749008394777778 1.0000000180025095e-35 0.0065574476029723891 0.0079052620567381399 0.01197647722437978 0.009756329935044052 0.015038444194942715 0.0082988981157541292 0.016001024283468727 0.070495925843715682 0.076673973351717009 0.0063492704648524531
decision_type=2 2 2 2 2 2 2 2 2 2 2 2 2 2
left_child=4 2 3 5 -1 -2 7 9 -8 -5 12 13 -6 -12
right_child=1 -3 -4 6 10 -7 8 -9 -10 -11 11 -13 -14 -15
leaf_value=-0.00066465283812366818 0.0015595850767320509 0.0046534984082630534 -0.007686128649357634 0.0097413219335762379 3.4088118021170503e-05 -0.0065670964803324627 -0.0024836754455966233 0.01766581520106365 0.0082749500880593095 -0.0010007319336073923 -0.0057653615205325564 -0.0085471112462267608 0.0061981317217079737 0.0026794061128778608
leaf_weight=12580.103505346924 136.51352865062654 652.59945172071457 194.28814903832972 79.499513745307922 167664.05418078788 119.1580153144896 121.02489488571882 51.916226541623473 72.249658161774278 80.927287742495537 224.51575259678066 226.56110631115735 296.25242542102933 506.81010374426842
leaf_count=12758 158 463 185 160 180659 101 166 78 125 169 223 164 159 866
internal_value=2.07613e-06 0.00205731 4.61669e-05 0.00239859 -1.51145e-05 -0.00233255 0.00536512 0.00843134 0.00174733 0.00458173 3.32961e-05 -0.00205524 4.53288e-05 4.40779e-05
internal_weight=183006 1508.18 855.577 661.289 181498 255.672 405.618 212.343 193.275 160.427 168918 957.887 167960 731.326
internal_count=196434 1605 1142 957 194829 259 698 407 291 329 182071 1253 180818 1089
is_linear=0
shrinkage=0.05


Tree=63
num_leaves=15
num_cat=0
split_feature=0 15 1 1 0 4 0 2 1 2 1 15 3 1
split_gain=2.47697 2.20455 2.6036 3.04462 2.23288 2.04715 2.40257 3.62448 2.65462 1.62302 4.5222 6.3504 4.90021 2.55919
threshold=0.016261236742138866 0.00766294775530696 0.0074350468348711738 0.0064309346489608296 0.0066007319837808618 0.016261236742138866 0.0080322581343352812 0.009756329935044052 0.013793759513646366 0.016001024283468727 0.010582306887954475 0.039370566606521613 0.013423423748463394 0.016001024283468727
decision_type=2 2 2 2 2 2 2 2 2 2 2 2 2 2
left_child=1 2 3 4 -1 9 7 -7 -8 13 11 -11 -13 -3
right_child=-2 5 -4 -5 -6 6 8 -9 -10 10 -12 12 -14 -15
leaf_value=-0.00060689081242962294 0.0028173115922352221 7.5526085048260503e-05 -0.0027111870807926004 0.00075458735641266764 0.00039663641750473382 0.0042937565889381579 -0.00088417727983733504 -0.0092133091891308388 0.0082830598478858142 -0.0083589933416193807 -0.0048149207211896361 0.010910988097832607 -0.0013132693519411736 0.0029616725525146276
leaf_weight=30679.155490016565 767.97383275441825 135028.82389495894 1094.9528846498579 6388.021006397903 6757.5610341075808 108.34149390272796 111.68667155317962 75.916035521775484 245.59444665536284 102.06395795941353 566.14658318273723 172.28831481002271 145.4655319172889 762.48262162134051
leaf_count=28995 808 147846 1262 7548 6954 232 183 73 201 152 602 270 227 1081
internal_value=2.02179e-06 -9.9961e-06 -0.000314014 -0.000253517 -0.00042569 8.94699e-05 0.00312955 -0.0014591 0.00547132 7.72055e-05 -0.00193387 0.00197301 0.00544548 9.1949e-05
internal_weight=183006 182238 44919.7 43824.7 37436.7 137319 541.539 184.258 357.281 136777 985.964 419.818 317.754 135791
internal_count=196434 195626 44759 43497 35949 150867 689 305 384 150178 1251 649 497 148927
is_linear=0
shrinkage=0.05


Tree=64
num_leaves=15
num_cat=0
split_feature=15 1 1 1 0 1 15 15 4 15 1 4 15 15
split_gain=2.31581 3.93401 5.10076 4.51086 10.5082 6.20262 5.2792 5.86791 4.87598 11.5472 5.87191 5.57457 5.26047 9.38902
threshold=0.017901806160807613 1.0000000180025095e-35 0.0067797389347106227 0.0074350468348711738 0.0071685509756207475 0.0070176301524043092 0.030954764224588874 0.025073558092117313 1.0000000180025095e-35 0.022881328128278259 0.016261236742138866 0.011428944766521456 0.019745073281228546 0.018951090052723888
decision_type=2 2 2 2 2 2 2 2 2 2 2 2 2 2
left_child=-1 -2 -3 4 6 -6 7 -4 10 11 -5 12 13 -10
right_child=1 2 3 8 5 -7 -8 -9 9 -11 -12 -13 -14 -15
leaf_value=-0.00012614845181262393 0.00080042434930926954 -0.0020975207924432602 -0.0024149003451811105 -0.001220534463818631 0.0010840488208034187 0.0071004852445139795 -0.0068513372826308153 0.0054114839015761262 0.0063233945360371829 -3.6501026466306125e-05 0.0097637974999495881 -0.0022836370413513722 0.0066325339123739285 -0.004380934194500169
leaf_weight=120515.54117793776 21299.664063757285 2787.9014469552785 656.30744742043316 8664.0259574409574 761.44105138257146 981.84539527073503 322.18075819127262 363.95204079523683 436.40104775875807 24162.870832238346 113.49466234073043 338.08847483433783 1233.5774352606386 369.18200842477381
leaf_count=124110 29876 2558 757 9025 766 1226 337 380 587 24305 172 412 1479 444
internal_value=1.92776e-06 0.000248907 -3.6403e-05 0.000113731 0.00194382 0.00449377 -0.00137626 0.000402393 -4.66701e-05 0.000291239 -0.00106756 0.00360866 0.00459196 0.00142426
internal_weight=183006 62490.9 41191.3 38403.4 3085.73 1743.29 1342.44 1020.26 35317.6 26540.1 8777.52 2377.25 2039.16 805.583
internal_count=196434 72324 42448 39890 3466 1992 1474 1137 36424 27227 9197 2922 2510 1031
is_linear=0
shrinkage=0.05


Tree=65
num_leaves=15
num_cat=0
split_feature=0 15 0 1 3 2 3 3 4 2 2 0 1 0
split_gain=2.21172 3.15698 3.0678 4.46229 3.72656 3.24918 2.87791 3.94885 3.88805 3.74567 5.95192 3.49919 2.8963 2.68062
threshold=0.013423423748463394 0.059393588453531272 0.0077221228275448093 0.015268065501004459 0.014185110572725536 0.011696306522935631 0.015268065501004459 0.015749008394777778 0.012121656909585001 1.0000000180025095e-35 0.0078432578593492525 0.0062696540262550124 0.0063492704648524531 0.0091326101683080214
decision_type=2 2 2 2 2 2 2 2 2 2 2 2 2 2
left_child=1 6 -3 5 -5 -4 -1 8 -8 -9 -11 -12 -13 -14
right_child=-2 2 3 4 -6 -7 7 9 -10 10 11 12 13 -15
leaf_value=-3.356129045904218e-05 0.00072368794989772448 -0.0087465536891530634 -0.0074712228035638713 0.0079650289754499351 -0.0020921410063153875 -0.0015074736184553785 0.003787186516468337 -0.0050396796038141532 0.016144057436449345 0.01534407804646723 0.0058293634504164894 -0.0093231014983670736 -0.0054430892216305558 0.0085687832079011494
leaf_weight=169681.93918508105 10021.068183066323 144.77910250797868 267.8685417342931 198.83876701444387 158.74255655147135 1331.8931868113577 458.13623956590891 238.85558996163309 66.415046878159046 66.171353472396731 145.42028865590692 109.30153010971844 59.027117578312755 58.017111020162702
leaf_count=181940 10778 119 199 198 216 979 764 291 131 138 249 207 133 92
internal_value=1.87975e-06 -3.99741e-05 -0.0019612 -0.0014174 0.00356485 -0.00254627 -1.62267e-05 0.00241223 0.00562447 -0.000123078 0.00261113 2.21129e-06 -0.0038298 0.00163017
internal_weight=183006 172985 2102.12 1957.34 357.581 1599.76 170883 1201.34 524.551 676.793 437.937 371.766 226.346 117.044
internal_count=196434 185656 1711 1592 414 1178 183945 2005 895 1110 819 681 432 225
is_linear=0
shrinkage=0.05


Tree=66
num_leaves=15
num_cat=0
split_feature=0 4 0 2 1 15 2 1 15 3 1 15 0 2
split_gain=2.14695 1.96971 2.11501 3.19385 2.37367 1.83768 1.44509 4.09919 7.04707 4.39727 2.27917 3.92396 2.6263 5.58279
threshold=0.016261236742138866 0.016261236742138866 0.0080322581343352812 0.009756329935044052 0.013793759513646366 0.0065147271379828462 0.016001024283468727 0.010050504934042694 0.046055844053626067 0.013606071937829258 0.016001024283468727 0.076673973351717009 0.01197647722437978 0.012270400300621988
decision_type=2 2 2 2 2 2 2 2 2 2 2 2 2 2
left_child=1 5 3 -3 -4 -1 10 8 -8 -10 -7 12 13 -12
right_child=-2 2 4 -5 -6 6 7 -9 9 -11 11 -13 -14 -15
leaf_value=-0.00064655982981025924 0.0026228768944599502 0.0040654658925204255 -0.00083849513983268599 -0.0086130836242016527 0.0078298859004946875 2.0594429199011536e-05 -0.0054418090594433467 -0.0043809075449612071 0.014897977899728685 0.00077343347607691099 0.00092507994841553034 0.012707279740348333 -0.00210901276661318 0.015195523583484548
leaf_weight=10932.225832143798 767.97383275441825 108.34149390272796 111.68667155317962 75.916035521775484 245.59444665536284 169016.28847798705 163.05219880118966 610.0318126026541 103.86655406467617 109.01382240094244 314.83734681457281 77.762190269306302 291.74232640117407 78.140758136287332
leaf_count=11125 808 232 183 73 201 181480 257 621 190 183 560 65 382 74
internal_value=1.83686e-06 -9.35181e-06 0.00297414 -0.00133271 0.00517108 -1.84071e-05 2.18422e-05 -0.00187716 0.00219394 0.00802417 3.29803e-05 0.0027427 0.00144442 0.00406932
internal_weight=183006 182238 541.539 184.258 357.281 181697 170765 985.964 375.933 212.88 169779 762.483 684.72 392.978
internal_count=196434 195626 689 305 384 194937 183812 1251 630 373 182561 1081 1016 634
is_linear=0
shrinkage=0.05


Tree=67
num_leaves=15
num_cat=0
split_feature=0 4 2 4 1 2 15 2 1 15 17 0 17 2
split_gain=2.05468 4.57947 5.05491 4.11555 4.06012 4.44033 4.0869 4.0254 4.35642 4.04279 4.60027 9.90754 5.24446 4.9359
threshold=0.009569597430527212 0.0085838492959737795 0.011428944766521456 0.01183473411947489 0.015749008394777778 0.016001024283468727 0.021040381863713268 0.015268065501004459 0.012121656909585001 0.041192302480340011 0.048809524625539787 0.0078432578593492525 0.057189542800188072 0.013072453904896976
decision_type=2 2 2 2 2 2 2 2 2 2 2 2 2 2
left_child=7 2 -2 4 5 6 -3 8 9 10 13 -12 -13 -1
right_child=1 3 -4 -5 -6 -7 -8 -9 -10 -11 11 12 -14 -15
leaf_value=-9.9207436244799711e-05 0.00044863596682447607 0.0081988599679293558 0.0024900440635236918 0.00031570033513924473 0.0056837463960534461 -0.010183298216318488 -0.0018399309671190676 -0.0038043342738677136 0.0011238792546243007 -0.0020276773339100904 0.0009108332044245566 0.0035354111805750788 0.017548537526264358 -0.0032224819609261873
leaf_weight=135995.29729598202 15222.252631308511 94.264732304960489 3778.9522905405611 7606.1634651497006 174.10402810014784 146.56583942472935 4019.5047160033137 709.7228267621249 7427.2429012861103 2706.6261327117682 3589.0720489770174 139.61622023023665 130.20881957747042 1266.8798516504467
leaf_count=141528 17295 109 5078 6412 156 138 4200 1115 10497 2856 5060 213 269 1508
internal_value=1.84612e-06 0.000372465 0.000855727 -0.000390245 -0.0015991 -0.00190934 -0.00159057 -7.38796e-05 -5.61252e-05 -0.000117134 -8.03501e-05 0.00161999 0.0106832 -0.000128267
internal_weight=183006 31041.8 19001.2 12040.6 4434.44 4260.34 4113.77 151965 151255 143828 141121 3858.9 269.825 137262
internal_count=196434 33388 22373 11015 4603 4447 4309 163046 161931 151434 148578 5542 482 143036
is_linear=0
shrinkage=0.05


Tree=68
num_leaves=15
num_cat=0
split_feature=15 4 3 4 1 1 0 15 1 4 3 0 17 4
split_gain=1.90446 3.49762 4.54266 3.11338 2.9851 6.14086 4.09764 3.94239 4.29656 3.48024 3.52869 7.20984 16.7983 16.2086
threshold=0.012121656909585001 0.0071175277698785075 0.0063092110212892303 0.0069204980973154315 1.0000000180025095e-35 0.0067797389347106227 0.0064725596457719812 0.013158179819583895 0.012270400300621988 0.015749008394777778 0.0085107926279306429 0.0062696540262550124 0.020620748400688175 0.0064309346489608296
decision_type=2 2 2 2 2 2 2 2 2 2 2 2 2 2
left_child=1 2 3 -1 9 6 -6 8 -7 10 -2 12 13 -12
right_child=4 -3 -4 -5 5 7 -8 -9 -10 -11 11 -13 -14 -15
leaf_value=0.00012173224459523685 9.3302639260293364e-05 -0.00094543145247501291 -0.00073164353327810974 0.0030544280052164051 -0.0031546968778859048 0.011045602399599152 -0.00020283635260461382 2.5611948199654372e-05 0.001757923469321801 0.0058821903948887847 0.00096804470669651548 -4.7300803576730085e-05 0.0009964091517100219 0.011820089950700108
leaf_weight=61666.713545389473 24969.055064968765 12204.22610934265 18244.285505941138 908.48738874867558 2556.4193745609373 144.08685815893114 2172.1906903795898 45024.097679497674 678.93137812428176 287.27108792774379 610.94927214644849 7076.7869540210813 5679.5291892010719 783.44370160065591
leaf_count=63793 30744 12369 16254 837 2313 199 2145 47299 1025 580 835 9640 7257 1144
internal_value=1.80597e-06 -0.000156823 -3.76364e-05 0.000164791 0.000165795 -8.84127e-05 -0.00180198 8.86772e-05 0.00349701 0.00049199 0.000450915 0.00108141 0.00220906 0.00710605
internal_weight=183006 93023.7 80819.5 62575.2 89982.8 50575.7 4728.61 45847.1 823.018 39407 39119.8 14150.7 7073.92 1394.39
internal_count=196434 93253 80884 64630 103181 52981 4458 48523 1224 50200 49620 18876 9236 1979
is_linear=0
shrinkage=0.05


Tree=69
num_leaves=15
num_cat=0
split_feature=0 15 1 4 0 2 1 17 3 17 4 15 2 2
split_gain=1.88991 1.72423 2.9667 1.64881 1.94502 2.83426 2.18192 1.51743 4.25413 1.50558 3.58711 3.13973 2.67829 3.64159
threshold=0.016261236742138866 0.0068729333579540261 0.0064309346489608296 0.016261236742138866 0.0080322581343352812 0.009756329935044052 0.013793759513646366 0.010929288342595102 0.0065574476029723891 0.013245614245533945 0.0064725596457719812 0.020863940939307216 0.0068729333579540261 0.007272823480889202
decision_type=2 2 2 2 2 2 2 2 2 2 2 2 2 2
left_child=1 2 -1 7 5 -5 -6 8 -3 10 11 -9 -13 -14
right_child=-2 3 -4 4 6 -7 -8 9 -10 -11 -12 12 13 -15
leaf_value=-0.00062409573343409847 0.0024609389731327248 0.0013073573168530805 0.0010576585240113167 0.0037428259965131337 -0.00086978335352806604 -0.0082026053555665484 0.0074361354810858968 -9.4592706665472549e-05 -0.0014832723101634608 8.0682758599922663e-05 -0.0013885810686350404 0.011386365002632907 -0.0056135485071045921 0.0076265811510311983
leaf_weight=20457.580392021686 767.97383275441825 6344.2251734472811 2998.4672939926386 108.34149390272796 111.68667155317962 75.916035521775484 245.59444665536284 21478.43649662286 1730.5843103732914 122225.46198509075 6175.7512120716274 97.732989782467484 88.989535979926586 99.731930239126086
leaf_count=19801 808 6571 3853 232 183 73 201 21655 1721 135056 5858 186 105 131
internal_value=1.79947e-06 -8.69809e-06 -0.000408752 5.04217e-05 0.00277948 -0.00134771 0.0048867 4.09072e-05 0.000708178 4.98156e-06 -0.000326081 -2.40996e-05 0.00508639 0.00141503
internal_weight=183006 182238 23456 158782 541.539 184.258 357.281 158241 8074.81 150166 27940.6 21764.9 286.454 188.721
internal_count=196434 195626 23654 171972 689 305 384 171283 8292 162991 27935 22077 422 236
is_linear=0
shrinkage=0.05


Tree=70
num_leaves=15
num_cat=0
split_feature=3 17 4 4 4 1 0 17 3 16 4 2 1 1
split_gain=1.75012 5.12715 4.5126 4.33179 4.0976 3.09758 3.85987 2.73108 3.65892 3.36521 3.36061 4.74182 2.34657 4.80802
threshold=0.015268065501004459 0.074175827205181136 0.015038444194942715 0.014185110572725536 0.012270400300621988 0.016001024283468727 0.015038444194942715 0.087121214717626586 0.014815627597272398 3.5000000000000004 1.0000000180025095e-35 0.014815627597272398 0.010362972505390646 0.0063898416701704272
decision_type=2 2 2 2 2 2 2 2 2 2 2 2 2 2
left_child=7 2 3 4 -2 12 -7 -1 9 10 11 -9 13 -3
right_child=1 5 -4 -5 -6 6 -8 8 -10 -11 -12 -13 -14 -15
leaf_value=-3.5075276283550927e-05 0.0024267573731907399 -0.0018687358570650737 0.012588494362682879 -0.0074342366942877275 0.012979213168169537 -0.0043391213529547926 0.0042771063665148793 0.0079062827881058537 -0.0081820626296713102 0.0060653578889933446 -0.0048954817353310809 -0.006506714383361225 -0.0028254932118504552 0.0056456633776752639
leaf_weight=178358.68041001819 618.97613473236561 621.54702909477055 129.61549370363355 83.286031946539879 99.753273027017713 153.727718712762 642.01365076377988 184.49203376844525 64.568173818290234 513.06528146751225 183.21837217733264 72.085886305198073 970.16024436615407 311.28406610712409
leaf_count=190711 870 828 98 60 84 202 368 409 83 865 339 79 943 495
internal_value=1.75546e-06 0.0010871 0.0042638 0.00277996 0.00404935 -2.12172e-05 0.00257936 -2.02701e-05 0.00255021 0.00335488 0.000128286 0.00376475 -0.00111646 0.00067209
internal_weight=183006 3630.36 931.631 802.015 718.729 2698.73 795.741 179376 1017.43 952.862 439.796 256.578 1902.99 932.831
internal_count=196434 3948 1112 1014 954 2836 570 192486 1775 1692 827 488 2266 1323
is_linear=0
shrinkage=0.05


Tree=71
num_leaves=15
num_cat=0
split_feature=15 1 1 0 15 2 0 4 2 16 15 4 15 3
split_gain=1.67053 2.40006 2.41014 1.81554 1.43054 1.71435 1.40655 1.38155 1.75037 3.70424 1.52221 1.376 3.00618 7.77679
threshold=0.00766294775530696 0.0074350468348711738 0.0064309346489608296 0.0066007319837808618 0.0074350468348711738 0.0068260179832577714 0.016261236742138866 0.016261236742138866 0.015504807699471714 3.5000000000000004 0.03035092726349831 0.0082988981157541292 0.039370566606521613 0.0079052620567381399
decision_type=2 2 2 2 2 2 2 2 2 2 2 2 2 2
left_child=1 2 3 4 5 -1 7 11 9 10 -9 12 -2 -14
right_child=6 -3 -4 -5 -6 -7 -8 8 -10 -11 -12 -13 13 -15
leaf_value=-0.00056188804105256854 0.00010193329454593925 -0.0025646530880114454 0.00069187876718073153 0.00038325144542088923 -0.0015380629469137846 0.00059403360399197232 0.0022078992457749743 0.0029462982200306308 -0.0012620705234761076 0.0080254352629136518 -0.0078646867245263756 -0.0001786209915352406 0.0060432424557387695 0.00054168010105107853
leaf_weight=23880.39400331676 91073.687037279829 1094.9528846498579 6388.021006397903 6757.5610341075808 3102.0385008398443 3696.7229858599603 767.97383275441825 55.748557107523084 189.42197091132402 239.54971904307604 56.818400571122766 40519.705293804407 741.44576191157103 4442.4328114539385
leaf_count=22679 98919 1262 7548 6954 2931 3385 808 117 148 332 92 44454 1017 5788
internal_value=1.71087e-06 -0.000263118 -0.000205043 -0.000358233 -0.000521628 -0.000406777 8.78726e-05 7.58562e-05 0.00257329 0.00461441 -0.00270702 6.57807e-05 0.00016867 0.00133868
internal_weight=183006 44919.7 43824.7 37436.7 30679.2 27577.1 138087 137319 541.539 352.117 112.567 136777 96257.6 5183.88
internal_count=196434 44759 43497 35949 28995 26064 151675 150867 689 541 209 150178 105724 6805
is_linear=0
shrinkage=0.05


Tree=72
num_leaves=15
num_cat=0
split_feature=0 4 2 15 3 3 2 1 15 15 17 0 0 15
split_gain=1.54487 4.16602 4.53171 4.10544 4.12126 7.08462 5.46998 5.64666 6.25221 5.85478 4.74805 4.14798 4.09629 6.93996
threshold=0.009569597430527212 0.0085838492959737795 0.0077822189778089532 0.018623497337102893 0.010362972505390646 0.0073801742400974044 0.015504807699471714 0.011299795936793091 0.025461172685027126 0.038920646533370025 0.031754031777381904 0.010050504934042694 0.012579114176332952 0.027681304141879085
decision_type=2 2 2 2 2 2 2 2 2 2 2 2 2 2
left_child=-1 2 -2 -4 5 6 7 8 -5 -9 -6 -10 13 -13
right_child=1 -3 3 4 10 -7 -8 9 11 -11 -12 12 -14 -15
leaf_value=-6.4016511653052586e-05 0.00020394298114557045 -0.00040443483741438237 0.012318939078291539 4.6655658229226482e-06 0.0093803126950363289 -0.002343970036926192 -0.010204022726089229 -0.0093394896844019547 -0.0032430731409188738 0.0028654787407051911 0.0024356517908117924 0.018428831575948712 0.0031634967075650916 0.0061790939521831484
leaf_weight=151964.66609717719 12154.231992585585 12040.602780982852 81.967952279374003 789.07740374095738 264.40410714969039 1329.4115758650005 77.254493264481425 179.16905431635678 115.2105879150331 197.09740481153131 2580.7984361965209 145.48965617828071 552.08148954436183 535.01076800189912
leaf_count=163046 13061 11015 89 1350 369 1754 100 87 149 235 3507 191 941 540
internal_value=1.64596e-06 0.000323013 0.000783949 0.00181173 0.00166643 0.000612187 0.00213249 0.00255066 0.00354422 -0.00303756 0.00311161 0.00560118 0.00644731 0.00902703
internal_weight=183006 31041.8 19001.2 6846.97 6765 3919.8 2590.39 2513.14 2136.87 376.266 2845.2 1347.79 1232.58 680.5
internal_count=196434 33388 22373 9312 9223 5347 3593 3493 3171 322 3876 1821 1672 731
is_linear=0
shrinkage=0.05


Tree=73
num_leaves=15
num_cat=0
split_feature=3 2 2 17 4 4 2 15 4 1 17 3 2 4
split_gain=1.50636 3.44315 6.09648 3.3539 5.67538 5.60591 4.20997 5.40185 3.14175 4.24494 3.04307 2.91795 3.9057 2.99801
threshold=0.015038444194942715 0.0062696540262550124 0.00766294775530696 0.074175827205181136 0.015038444194942715 0.013986697886139156 0.010582306887954475 0.048047658056020744 0.01197647722437978 0.013423423748463394 0.087121214717626586 0.015504807699471714 0.014599318150430919 1.0000000180025095e-35
decision_type=2 2 2 2 2 2 2 2 2 2 2 2 2 2
left_child=10 -2 -3 4 5 6 -4 -8 9 -9 -1 -5 -13 -14
right_child=1 2 3 11 -6 -7 7 8 -10 -11 -12 12 13 -15
leaf_value=-3.6159505154167781e-05 -0.0019843129871623204 0.010668434692702077 -0.0035386549393067522 -0.003997171091357791 0.011167709197015901 -0.0076940237181475444 0.012550809485619492 -0.0085120329839001915 0.0075390103673516583 0.0051056658969164991 0.0027428483622752037 -0.0027035653892474496 0.0071037559474725455 0.0011444301536001906
leaf_weight=177679.55979011953 818.67175424098969 166.17370102927089 156.93847743235528 358.35942464135587 186.77420445717871 124.72075583226979 173.892812743783 107.7718017809093 135.28513363935053 102.06985936500132 980.57366935163736 553.74950514174998 246.94027333520353 1214.9926368985325
leaf_count=189977 982 312 218 299 126 91 340 136 86 74 1734 729 236 1094
internal_value=1.64394e-06 0.000920278 0.00159805 0.00111935 0.00355231 0.00166002 0.00347293 0.00561987 0.00187263 -0.00195726 -2.07543e-05 9.67392e-05 0.000840717 0.00219246
internal_weight=183006 4346.34 3527.67 3361.49 987.453 800.679 675.958 519.02 345.127 209.842 178660 2374.04 2015.68 1461.93
internal_count=196434 4723 3741 3429 1071 945 854 636 296 210 191711 2358 2059 1330
is_linear=0
shrinkage=0.05


Tree=74
num_leaves=15
num_cat=0
split_feature=15 1 15 2 3 4 15 2 4 4 17 17 2 2
split_gain=1.46011 2.49146 1.34142 4.54397 4.09306 2.6532 1.39183 5.78746 3.30485 2.53259 5.69743 4.11612 3.53317 2.47573
threshold=0.0068729333579540261 0.0064309346489608296 0.076673973351717009 0.015749008394777778 0.016001024283468727 0.016261236742138866 0.06810604035854341 0.012121656909585001 0.010811126790940763 0.014815627597272398 0.069047622382640853 0.074175827205181136 0.014815627597272398 0.015749008394777778
decision_type=2 2 2 2 2 2 2 2 2 2 2 2 2 2
left_child=1 -1 6 -4 -5 -6 -2 -8 -9 -10 -11 -12 -13 -14
right_child=2 -3 3 4 5 -7 7 8 9 10 11 12 13 -15
leaf_value=-0.0005639581549059026 6.2285433486666068e-05 0.00097721222093856961 0.0070753788269257954 -0.0052940764500022811 -0.0014007698638828156 0.0063291034139731058 0.0067855103403500761 0.0035226216095985692 -0.0044419525347936008 0.0069284319531165428 -0.0082670045436980602 -0.0053636589430949757 0.0074037177382188027 -0.0017412670458277144
leaf_weight=20457.580392021686 156320.84676996432 2998.4672939926386 285.96861747652292 251.12842279672623 209.14120391011238 219.6146537065506 197.58159452863038 233.44893472269177 963.88407702930272 181.54549296014011 221.01183900795877 182.59800919890404 155.41689452901483 128.23960416391492
leaf_count=19801 170529 3853 176 132 121 133 129 191 672 143 126 139 155 134
internal_value=1.64249e-06 -0.000366613 5.58005e-05 0.00190392 -0.000342297 0.00261259 4.44253e-05 -0.00118375 -0.00197485 -0.00269044 -0.000718821 -0.00280928 -0.000102975 0.00335081
internal_weight=183006 23456 159550 965.853 679.884 428.756 158585 2263.73 2066.14 1832.7 868.812 687.266 466.255 283.656
internal_count=196434 23654 172780 562 386 254 172218 1689 1560 1369 697 554 428 289
is_linear=0
shrinkage=0.05


Tree=75
num_leaves=15
num_cat=0
split_feature=17 15 15 3 15 15 17 3 0 1 1 1 17 2
split_gain=1.40132 1.93113 1.87021 5.76009 3.86001 3.79935 8.19348 9.60537 4.07858 2.6876 5.00771 9.38459 3.73607 3.1184
threshold=0.025320513173937801 0.027432585135102276 0.025073558092117313 0.010471491608768703 0.02339948154985905 0.022208588197827343 0.016807910054922107 0.0066890381276607522 0.0082305916585028189 0.0093898782506585139 0.0072203108575195083 0.0069204980973154315 0.022474748082458976 0.010256679728627207
decision_type=2 2 2 2 2 2 2 2 2 2 2 2 2 2
left_child=1 2 4 9 5 -1 8 -8 -7 10 11 13 -11 -4
right_child=-2 -3 3 -5 -6 6 7 -9 -10 12 -12 -13 -14 -15
leaf_value=-6.7439338233349358e-05 0.0002066312741571052 -0.00096696439672883409 -0.0006078596864651448 0.0099575922225154778 -0.0020925790120324074 -0.00092537957437518993 0.0022990821696993245 0.020804371843351446 0.0076183270669347965 0.0066898627817126161 -0.0030508761075982308 0.01569161428352139 -0.0034379413212642556 0.0068460363350894386
leaf_weight=113510.92445398308 57250.560701325536 5992.0294895078987 924.44656047038734 167.7888412643224 2319.7004329934716 837.29021889530122 173.35860706493258 111.12576283700764 157.30899028666317 337.1828091815114 850.6334859803319 102.58886052109301 116.36110486835241 155.17348082922399
leaf_count=115964 67565 6087 1213 217 2482 879 225 142 162 380 714 98 152 154
internal_value=1.59322e-06 -9.17597e-05 -4.78943e-05 0.00126205 -7.76881e-05 -3.6792e-05 0.0026624 0.00998865 0.000488304 0.00063771 -0.000145001 0.00195391 0.00407336 0.000516484
internal_weight=183006 125756 119764 2654.18 117110 114790 1279.08 284.484 994.599 2486.39 2032.84 1182.21 453.544 1079.62
internal_count=196434 128869 122782 2928 119854 117372 1408 367 1041 2711 2179 1465 532 1367
is_linear=0
shrinkage=0.05


Tree=76
num_leaves=15
num_cat=0
split_feature=15 15 3 4 3 1 3 0 17 0 2 15 1 2
split_gain=1.32585 3.82473 5.1179 5.25822 7.51627 8.22088 6.25521 5.59762 5.43664 3.73229 3.56127 7.73679 7.63194 5.64583
threshold=0.017901806160807613 0.021380206570029262 0.012422839645296337 0.0073801742400974044 0.0069204980973154315 0.010256679728627207 0.0074907417874783286 0.01197647722437978 0.020620748400688175 0.010695492848753931 0.0067797389347106227 0.021204146556556228 0.0081634009256958979 0.0079682543873786944
decision_type=2 2 2 2 2 2 2 2 2 2 2 2 2 2
left_child=-1 2 3 7 5 9 -6 10 -8 -5 11 -2 13 -12
right_child=1 -3 -4 4 6 -7 8 -9 -10 -11 12 -13 -14 -15
leaf_value=-9.5234495822563836e-05 -0.002109845295681873 1.4294756428729565e-05 0.0073640630366310191 -0.00048475156963204391 0.017377897217938774 0.0066614736612121382 0.011274846706925357 0.0051014308797654069 0.00097360425824585199 0.0065795036252036757 0.0073569649485262893 0.010024033909094815 -0.0046270715227271992 0.00091835363127758479
leaf_weight=120515.54117793776 3019.4543667491525 52150.219855098054 303.04493599571288 2350.0743593201041 113.62230881489813 572.32264223881066 192.75453424826264 481.76715524494648 353.59133318439126 193.06319285184145 415.60110485740006 127.51330179534853 496.26678869687021 1721.6367429755628
leaf_count=124110 3520 59801 373 2680 122 643 271 587 617 133 522 146 515 2394
internal_value=1.67465e-06 0.000188552 0.0010665 0.000869234 0.00234041 0.00130257 0.00714708 -2.00361e-05 0.00474529 7.52037e-05 -0.000454952 -0.00158799 0.000899887 0.00219882
internal_weight=183006 62490.9 10340.7 10037.7 3775.43 3115.46 659.968 6262.24 546.346 2543.14 5780.47 3146.97 2633.5 2137.24
internal_count=196434 72324 12523 12150 4466 3456 1010 7684 888 2813 7097 3666 3431 2916
is_linear=0
shrinkage=0.05


Tree=77
num_leaves=15
num_cat=0
split_feature=1 15 2 3 2 3 3 2 4 4 4 2 0 3
split_gain=1.30736 1.93275 1.71447 6.61176 4.98241 3.46601 2.20711 4.59184 3.08223 7.83411 4.20797 2.89024 2.85819 2.42314
threshold=0.015749008394777778 0.076673973351717009 0.015749008394777778 0.015504807699471714 0.015268065501004459 0.014815627597272398 1.0000000180025095e-35 0.013793759513646366 0.0086581707000732439 0.012121656909585001 0.0064309346489608296 0.012422839645296337 0.012903762981295587 0.014599318150430919
decision_type=2 2 2 2 2 2 2 2 2 2 2 2 2 2
left_child=1 -1 4 5 6 -4 -2 8 10 -10 -8 12 -11 -9
right_child=2 -3 3 -5 -6 -7 7 13 9 11 -12 -13 -14 -15
leaf_value=-1.9549518315764388e-05 -0.0017210662258002132 0.0041693624657227549 -0.001881357000878432 0.0021970864080157228 0.010113939270100474 -0.014070260362598183 0.0063533329761265777 0.0027679422421119579 0.01933564653625866 0.00045753683148939001 -0.0079357316202719758 -0.0042694734886797965 0.012245310180082888 -0.0067514223117645048
leaf_weight=180493.69312041625 436.00968897901475 265.78806018829346 129.65743986703455 591.79975362122059 166.46589037775993 101.68051490187645 104.10074451752007 107.49367998540401 95.600156974047422 103.1241690646857 83.947215765714645 83.192295007407665 94.202378135174513 149.71869220770895
leaf_count=193888 414 149 204 394 165 33 265 127 134 214 184 52 93 118
internal_value=1.77209e-06 -1.31599e-05 0.00119771 -0.00061444 0.0022423 -0.0075998 0.0011286 0.00264378 0.00513978 0.00769637 -0.000104116 0.00320071 0.00640414 -0.0028184
internal_weight=183006 180759 2246.99 823.138 1423.85 231.338 1257.39 821.379 564.167 376.119 188.048 280.519 197.327 257.212
internal_count=196434 194037 2397 631 1766 237 1601 1187 942 493 449 359 307 245
is_linear=0
shrinkage=0.05


Tree=78
num_leaves=15
num_cat=0
split_feature=15 1 15 15 1 1 15 0 3 0 4 15 3 4
split_gain=1.25669 1.12058 1.72258 1.61099 5.31531 7.42244 7.44877 4.82029 4.20945 4.1182 3.61769 3.33892 6.60833 4.86983
threshold=0.0065147271379828462 0.015749008394777778 0.076673973351717009 0.059393588453531272 0.0093898782506585139 0.0087337908335030096 0.063906855881214156 0.012739370577037336 0.016001024283468727 0.015268065501004459 0.015749008394777778 0.058167049661278732 0.010256679728627207 0.013072453904896976
decision_type=2 2 2 2 2 2 2 2 2 2 2 2 2 2
left_child=-1 2 3 10 5 6 9 -6 -9 -5 11 -2 -13 -14
right_child=1 -3 -4 4 7 -7 -8 8 -10 -11 -12 12 13 -15
leaf_value=-0.00051783021602677952 9.3448673373228776e-06 0.0011415549256547613 0.0039684532445010325 0.00044291796517707235 -0.0039531403368402596 0.016754595551931182 0.0095308788344235836 0.00020721096161804088 -0.0078668946194054169 -0.012996612561903903 0.0034128496580644258 -0.0047631059302475978 0.010325626180741444 -0.0010867575508076881
leaf_weight=10932.225832143798 163643.8062590491 2246.9926194045693 265.78806018829346 153.94205756857991 1328.3732141368091 83.241154881194234 144.83668703958392 2593.6379171945155 162.11223214305937 79.933312401175499 780.85753654874861 158.94295676238835 300.60017836280167 131.18378218449652
leaf_count=11125 177331 2397 149 189 951 120 174 2072 115 104 1244 87 274 102
internal_value=1.74084e-06 3.47784e-05 2.00683e-05 1.36455e-05 -0.000913841 0.00411425 0.000976338 -0.00149123 -0.00029449 -0.00449498 3.9251e-05 2.30043e-05 0.00374382 0.00691222
internal_weight=183006 172074 169827 169561 4546.08 461.953 378.712 4084.12 2755.75 233.875 165015 164235 590.727 431.784
internal_count=196434 185309 182912 182763 3725 587 467 3138 2187 293 179038 177794 463 376
is_linear=0
shrinkage=0.05


Tree=79
num_leaves=15
num_cat=0
split_feature=15 1 1 0 15 2 1 15 15 4 3 2 2 0
split_gain=1.19019 2.20359 1.99085 1.57167 1.3667 1.60568 1.11266 1.10117 1.19932 2.56354 2.64726 1.29176 1.17596 1.04692
threshold=0.00766294775530696 0.0074350468348711738 0.0064309346489608296 0.0066007319837808618 0.0074350468348711738 0.0073801742400974044 0.0064725596457719812 0.0067797389347106227 0.0071175277698785075 0.0069204980973154315 0.0070672258734703073 0.0068260179832577714 0.0070176301524043092 0.016261236742138866
decision_type=2 2 2 2 2 2 2 2 2 2 2 2 2 2
left_child=1 2 3 4 5 7 -4 -1 9 10 11 -9 -13 -2
right_child=13 -3 6 -5 -6 -7 -8 8 -10 -11 -12 12 -14 -15
leaf_value=-0.00064153324397106385 6.4053667428539104e-05 -0.0024271381505805421 0.0035228238147492863 0.00038443306531883763 -0.0014509023870848596 0.003291753837757155 0.00049673244013775225 -0.00089828605358065498 -0.00058483334419210168 0.0029086614823561068 0.0045525505244601748 0.0016513732833622567 -0.0010002433296164568 0.0019034492573865116
leaf_weight=16513.864621561021 137318.80955208279 1094.9528846498579 310.22593665681779 6757.5610341075808 3102.0385008398443 290.27886040136218 6077.7950697410852 2943.4046672154218 4753.2638941369951 908.48738874867558 295.57718151621521 1256.0010841675103 616.23929142951965 767.97383275441825
leaf_count=16048 150867 1262 415 6954 2931 249 7133 2605 4310 837 275 1150 590 808
internal_value=1.69373e-06 -0.000221841 -0.000166201 -0.000305434 -0.000457464 -0.00034523 0.000648967 -0.000385112 8.1847e-06 0.000476635 3.95222e-05 -0.000246341 0.000777929 7.44206e-05
internal_weight=183006 44919.7 43824.7 37436.7 30679.2 27577.1 6388.02 27286.8 10773 6019.71 5111.22 4815.65 1872.24 138087
internal_count=196434 44759 43497 35949 28995 26064 7548 25815 9767 5457 4620 4345 1740 151675
is_linear=0
shrinkage=0.05


Tree=80
num_leaves=15
num_cat=0
split_feature=0 2 4 2 3 0 15 4 1 17 3 1 15 17
split_gain=1.13413 3.881 3.86996 3.96864 3.80536 3.92847 3.70228 3.70829 4.9106 4.69788 4.16894 3.49284 3.837 3.74178
threshold=0.009569597430527212 0.015268065501004459 0.0085838492959737795 0.0077822189778089532 0.013606071937829258 0.011299795936793091 0.018623497337102893 0.0079052620567381399 0.0098524559289217013 0.051315790042281158 0.012422839645296337 0.012121656909585001 0.041192302480340011 0.048809524625539787
decision_type=2 2 2 2 2 2 2 2 2 2 2 2 2 2
left_child=1 11 3 4 -2 -6 -5 -8 9 10 -9 12 13 -1
right_child=2 -3 -4 6 5 -7 7 8 -10 -11 -12 -13 -14 -15
leaf_value=-9.9198624433406628e-05 0.00037231696977469688 -0.0037175498641206007 -0.00042411269215292518 0.011660396868880579 0.0030624202102420648 -0.0063405497597863545 0.0011653967675271961 -0.0019475054161114842 0.00032032509140747788 0.0159555818410573 0.012050039908657769 0.001019405626034582 -0.0019530945119514234 0.0014775113895276063
leaf_weight=137262.17714763246 11604.985485987738 709.7228267621249 12040.602780982852 81.967952279374003 144.84997818060219 404.39652841724455 6135.7670193389058 121.60491981543601 287.95589944161475 138.2108417134732 81.46629667468369 7427.2429012861103 2706.6261327117682 3858.8970887847245
leaf_count=143036 12508 1115 11015 89 154 399 8447 240 317 162 57 10497 2856 5542
internal_value=1.64118e-06 -5.46192e-05 0.000276992 0.000721254 0.000178488 -0.00385033 0.00168307 0.00154514 0.00517195 0.00913984 0.0039699 -3.71873e-05 -9.18167e-05 -5.59825e-05
internal_weight=183006 151965 31041.8 19001.2 12154.2 549.247 6846.97 6765 629.238 341.282 203.071 151255 143828 141121
internal_count=196434 163046 33388 22373 13061 553 9312 9223 776 459 297 161931 151434 148578
is_linear=0
shrinkage=0.05


Tree=81
num_leaves=15
num_cat=0
split_feature=3 17 4 4 4 2 0 2 0 2 15 17 2 15
split_gain=1.10916 3.25556 5.53148 4.35571 3.66658 2.94902 3.38691 2.70461 3.49573 4.4965 3.84726 2.54946 2.43228 4.731
threshold=0.015038444194942715 0.074175827205181136 0.015038444194942715 0.014185110572725536 0.01197647722437978 0.015038444194942715 0.012739370577037336 0.012739370577037336 0.0069204980973154315 0.0085838492959737795 0.021380206570029262 0.087121214717626586 0.0062696540262550124 0.036531394347548492
decision_type=2 2 2 2 2 2 2 2 2 2 2 2 2 2
left_child=11 2 3 4 5 6 7 8 10 -10 -2 -1 -3 -14
right_child=1 12 -4 -5 -6 -7 -8 -9 9 -11 -12 -13 13 -15
leaf_value=-3.1672136008975591e-05 0.0032160078041986251 -0.0038015024356539461 0.0099648551095302823 -0.0071647536665955594 0.008352596868473788 0.0070785090937506836 -0.0058239514716630497 0.010486486304029473 0.012315001907164393 -0.0037660561860933198 -0.0068923872148645192 0.0025119792911946063 0.010095623496695044 -0.0001004016291631655
leaf_weight=177679.55979011953 162.7415802385658 392.22449548169971 212.35338421165943 123.67826682515442 200.23426464386284 156.64947827719152 193.06373800896108 65.60713473893702 101.21917581371963 65.180454524233937 199.48042081668973 980.57366935163736 109.51274091564119 2364.3952060416341
leaf_count=189977 194 447 156 99 158 125 194 157 160 129 357 1734 193 2354
internal_value=1.64819e-06 0.000789918 0.00268556 0.00139791 0.00237754 0.00103581 -0.000240227 0.00164028 0.000368067 0.00615948 -0.00238643 -1.75715e-05 -0.000195017 0.000389774
internal_weight=183006 4346.34 1480.21 1267.85 1144.18 943.942 787.293 594.229 528.622 166.4 362.222 178660 2866.13 2473.91
internal_count=196434 4723 1729 1573 1474 1316 1191 997 840 289 551 191711 2994 2547
is_linear=0
shrinkage=0.05


Tree=82
num_leaves=15
num_cat=0
split_feature=3 17 4 1 0 4 4 0 3 15 15 2 16 0
split_gain=1.02612 4.30909 3.37735 2.39784 3.2645 2.38379 4.52904 2.15365 2.61233 2.5855 2.75783 2.56144 5.28657 4.32579
threshold=0.015268065501004459 0.074175827205181136 0.015268065501004459 0.016001024283468727 0.015038444194942715 0.013986697886139156 0.012270400300621988 0.012121656909585001 0.015749008394777778 0.046055844053626067 0.053795972838997848 1.0000000180025095e-35 2.5000000000000004 0.010256679728627207
decision_type=2 2 2 2 2 2 2 2 2 2 2 2 2 2
left_child=-1 2 5 7 -5 6 -2 8 -3 -9 -11 -10 -13 -14
right_child=1 3 -4 4 -6 -7 -8 9 11 10 -12 12 13 -15
leaf_value=-1.5199860937429747e-05 0.0020618096478203919 0.0099478560239940946 0.011624735734667142 -0.0042487816079669703 0.0036694395151216823 -0.003806557404140873 0.013795922408189096 -0.0089026254319251388 -0.0042363592910695013 0.0049050200155485099 -0.0025716850463199836 0.014216466852942209 -0.0026720765771922322 0.011226349759528536
leaf_weight=179376.11015755497 618.97613473236561 63.373112577944994 109.64542329125106 153.727718712762 642.01365076377988 117.13309494592249 85.876280440017581 127.90358142368495 223.66464708372951 132.75977217592299 921.30273252725601 66.214997261762619 309.90653833560646 57.865958182141185
leaf_count=192486 870 126 74 202 368 97 71 103 267 95 829 106 594 146
internal_value=1.66538e-06 0.000832729 0.00374503 -0.000182743 0.00210599 0.00256686 0.00366444 -0.00114579 0.000999415 -0.00245182 -0.00159274 1.03766e-06 0.0022311 -0.000245989
internal_weight=183006 3630.36 931.631 2698.73 795.741 821.986 704.852 1902.99 721.025 1181.97 1054.06 657.652 433.987 367.772
internal_count=196434 3948 1112 2836 570 1038 941 2266 1239 1027 924 1113 846 740
is_linear=0
shrinkage=0.05


Tree=83
num_leaves=15
num_cat=0
split_feature=15 1 1 0 15 2 1 15 15 4 3 3 4 15
split_gain=1.00142 1.99116 1.79753 1.41807 1.23446 1.45341 1.00781 0.994874 1.08381 2.31543 2.39675 1.23153 0.972437 2.64972
threshold=0.00766294775530696 0.0074350468348711738 0.0064309346489608296 0.0066007319837808618 0.0074350468348711738 0.0073801742400974044 0.0064725596457719812 0.0067797389347106227 0.0071175277698785075 0.0069204980973154315 0.0070672258734703073 0.0068729333579540261 0.0082988981157541292 0.039370566606521613
decision_type=2 2 2 2 2 2 2 2 2 2 2 2 2 2
left_child=1 2 3 4 5 7 -4 -1 9 10 11 -9 13 -2
right_child=12 -3 6 -5 -6 -7 -8 8 -10 -11 -12 -13 -14 -15
leaf_value=-0.00060217686513943855 9.1955593555138656e-05 -0.0022996419666704089 0.0033592583720848793 0.00037253263424115272 -0.0013713102708682921 0.0031397076784383925 0.00047922807286585316 0.0002498277310119594 -0.0005483645814918438 0.002772035810947824 0.0043394372248576948 -0.0015637680474592981 -0.00013394608326593705 0.0012365723879818752
leaf_weight=16513.864621561021 91232.488887412474 1094.9528846498579 310.22593665681779 6757.5610341075808 3102.0385008398443 290.27886040136218 6077.7950697410852 3556.1525655481964 4753.2638941369951 908.48738874867558 295.57718151621521 1259.4924772642553 41511.322077555582 5342.9724198691547
leaf_count=16048 99197 1262 415 6954 2931 249 7133 3248 4310 837 275 1097 45511 6967
internal_value=1.70504e-06 -0.000203338 -0.00015045 -0.000282751 -0.000427162 -0.0003205 0.000624125 -0.000358446 1.53798e-05 0.000460693 4.52558e-05 -0.000226761 6.84156e-05 0.000155402
internal_weight=183006 44919.7 43824.7 37436.7 30679.2 27577.1 6388.02 27286.8 10773 6019.71 5111.22 4815.65 138087 96575.5
internal_count=196434 44759 43497 35949 28995 26064 7548 25815 9767 5457 4620 4345 151675 106164
is_linear=0
shrinkage=0.05


Tree=84
num_leaves=15
num_cat=0
split_feature=0 15 2 0 2 4 3 3 1 0 3 3 4 2
split_gain=0.964639 2.62018 2.5976 3.07659 2.61907 5.81498 4.10964 5.4209 2.56168 1.92577 1.85893 2.81895 3.43733 2.70577
threshold=0.013423423748463394 0.059393588453531272 0.011696306522935631 0.0077221228275448093 0.014185110572725536 0.013986697886139156 0.011428944766521456 0.014599318150430919 0.013986697886139156 0.012739370577037336 0.015268065501004459 0.015749008394777778 0.012121656909585001 1.0000000180025095e-35
decision_type=2 2 2 2 2 2 2 2 2 2 2 2 2 2
left_child=1 10 -3 -4 6 -6 -5 9 -7 -8 -1 12 -12 -13
right_child=-2 2 3 4 5 8 7 -9 -10 -11 11 13 -14 -15
leaf_value=-1.8293641317730183e-05 0.00047833914660171703 -0.0057738647347739683 -0.0082505945789254145 0.0087230795920609002 -0.0056441563007094946 0.0089151602346183492 -0.004466625514945778 0.0081239100673035983 -0.00040498565604105282 0.0019072010401251544 0.0029511163380662388 -0.00437098699145073 0.014529516473844047 0.0021317626463467055
leaf_weight=169681.93918508105 10021.068183066323 331.23954145051539 125.23624088987708 151.91314498335123 507.90744153782725 105.29409608989954 367.89333922415972 144.57181310653687 202.22446325235069 165.84207408502698 458.13623956590891 238.85558996163309 66.415046878159046 437.93740083649755
leaf_count=181940 10778 314 98 99 424 117 247 124 180 108 764 291 131 819
internal_value=1.64577e-06 -2.59952e-05 -0.00177628 -0.00100032 -0.000402058 -0.00240026 0.00156574 -0.000140656 0.0029665 -0.0024875 -4.3614e-06 0.00194738 0.00466148 -0.000193433
internal_weight=183006 172985 2102.12 1770.88 1645.65 815.426 830.22 678.307 307.519 533.735 170883 1201.34 524.551 676.793
internal_count=196434 185656 1711 1397 1299 721 578 479 297 355 183945 2005 895 1110
is_linear=0
shrinkage=0.05


Tree=85
num_leaves=15
num_cat=0
split_feature=1 2 3 2 3 3 2 4 4 4 2 0 2 3
split_gain=0.943994 1.62345 5.90787 4.56588 3.18124 2.0407 4.11801 2.8508 7.14654 3.82213 2.66979 2.56906 2.20979 2.15928
threshold=0.015749008394777778 0.015749008394777778 0.015504807699471714 0.015268065501004459 0.014815627597272398 1.0000000180025095e-35 0.013793759513646366 0.0086581707000732439 0.012121656909585001 0.0064309346489608296 0.012422839645296337 0.012903762981295587 0.0085107926279306429 0.014599318150430919
decision_type=2 2 2 2 2 2 2 2 2 2 2 2 2 2
left_child=-1 3 4 5 -3 -2 7 9 -9 12 11 -10 -7 -8
right_child=1 2 -4 -5 -6 6 13 8 10 -11 -12 -13 -14 -15
leaf_value=-1.1073390843613147e-05 -0.001769154446161839 -0.0018619337611589439 0.0019155900745168701 0.009569261110681607 -0.013545678010499947 0.011303347973580333 0.0025345896036801214 0.018364895269696702 0.00040634633383585038 -0.0077016888096577574 -0.004211965405664298 0.011579124523481166 -0.002594650187730441 -0.0064551138206464078
leaf_weight=180759.48118060455 436.00968897901475 129.65743986703455 591.79975362122059 166.46589037775993 101.68051490187645 61.745421761646867 107.49367998540401 95.600156974047422 103.1241690646857 83.947215765714645 83.192295007407665 94.202378135174513 42.355322755873203 149.71869220770895
leaf_count=194037 414 204 394 165 33 179 127 134 214 184 52 93 86 118
internal_value=1.6149e-06 0.00101785 -0.000744198 0.00203459 -0.0073458 0.000969439 0.00242695 0.00479115 0.00724997 -0.000244549 0.00296028 0.00604139 0.00591687 -0.0027439
internal_weight=183006 2246.99 823.138 1423.85 231.338 1257.39 821.379 564.167 376.119 188.048 280.519 197.327 104.101 257.212
internal_count=196434 2397 631 1766 237 1601 1187 942 493 449 359 307 265 245
is_linear=0
shrinkage=0.05


Tree=86
num_leaves=15
num_cat=0
split_feature=15 1 17 3 3 0 15 15 17 17 4 15 2 2
split_gain=0.901544 1.86267 1.28271 3.33578 1.15195 1.31641 1.24919 1.08575 1.51211 1.08155 3.14058 2.70291 2.38235 3.33606
threshold=0.0068729333579540261 1.0000000180025095e-35 0.010929288342595102 0.0065574476029723891 1.0000000180025095e-35 0.0064309346489608296 0.013158179819583895 0.013333629816770555 0.010362972505390646 0.013245614245533945 0.0064725596457719812 0.020863940939307216 0.0068729333579540261 0.007272823480889202
decision_type=2 2 2 2 2 2 2 2 2 2 2 2 2 2
left_child=1 -1 3 4 -2 6 -6 -5 -9 10 11 -4 -13 -14
right_child=2 -3 9 7 5 -7 -8 8 -10 -11 -12 12 13 -15
leaf_value=-0.00051274236431575991 0.0010270999566540354 0.00059377400366736961 -5.2364333203430866e-05 -0.0018851031644206196 0.0046985520736802892 0.0091076702104105015 -0.0024114699198752531 0.0063986279192104721 -0.00087834621954315829 7.4929199509000683e-05 -0.0012636587673731838 0.010695901886078694 -0.0054292431424182684 0.0072421522983518978
leaf_weight=18690.714728504419 6017.6080777496099 4765.3329575099051 21478.43649662286 1403.8105673063546 150.47203977778554 83.664158487692475 92.48089743219316 91.255252754315734 235.518490312621 123534.97446547821 6175.7512120716274 97.732989782467484 88.989535979926586 99.731930239126086
leaf_count=17637 6082 6017 21655 1281 258 102 129 110 330 136553 5858 186 105 131
internal_value=1.58204e-06 -0.000287785 4.41383e-05 0.000657769 0.00118832 0.00403996 0.00200376 -0.00128286 0.00128349 1.13858e-05 -0.000269487 1.30577e-05 0.00475472 0.00129456
internal_weight=183006 23456 159550 8074.81 6344.23 326.617 242.953 1730.58 326.774 151476 27940.6 21764.9 286.454 188.721
internal_count=196434 23654 172780 8292 6571 489 387 1721 440 164488 27935 22077 422 236
is_linear=0
shrinkage=0.05


Tree=87
num_leaves=15
num_cat=0
split_feature=1 2 2 3 3 2 0 0 1 3 17 2 2 16
split_gain=0.882321 3.39414 6.33156 3.90944 1.65496 1.12298 2.91051 3.43505 1.47381 1.12086 2.90547 2.58866 4.99922 2.52969
threshold=0.016261236742138866 0.012121656909585001 0.015749008394777778 0.016261236742138866 0.0065574476029723891 0.016261236742138866 0.015504807699471714 0.010362972505390646 0.0088890646584332007 0.015038444194942715 0.087121214717626586 1.0000000180025095e-35 0.0070672258734703073 3.5000000000000004
decision_type=2 2 2 2 2 2 2 2 2 2 2 2 2 2
left_child=5 4 -3 -4 -2 9 7 -7 -9 10 -1 -11 -13 -14
right_child=1 2 3 -5 -6 6 -8 8 -10 11 -12 12 13 -15
leaf_value=-2.7847902534955808e-05 0.000556912399139164 0.011899684473988823 -0.0052894943393218576 0.0043364610952980184 -0.0082669986901289638 -0.0056374639915709396 -0.0068134096075448628 0.010818371326605139 0.00072706395071861865 -0.00162629199838298 0.0038243500344448513 0.01244334721593578 0.0044460328524141314 0.00046544059820261452
leaf_weight=177679.55979011953 105.98760294914246 155.59042183309793 171.19902723841369 242.47701570019126 94.242761489003897 96.99761601164937 199.10605662874877 68.707030698657036 69.826182318851352 802.20154333673418 480.83753347955644 92.134235423058271 474.9642414804548 2272.6427413020283
leaf_count=189977 146 189 131 129 211 216 135 105 150 945 916 190 798 2196
internal_value=1.57783e-06 0.00168019 0.00363715 0.000321957 -0.00379193 -5.60191e-06 -0.00251531 0.0012476 0.00612335 5.36099e-07 -1.72371e-05 0.000867652 0.0015754 0.00116717
internal_weight=183006 769.497 569.266 413.676 200.23 182237 434.637 235.531 138.533 181802 178160 3641.94 2839.74 2747.61
internal_count=196434 806 449 260 357 195628 606 471 255 195022 190893 4129 3184 2994
is_linear=0
shrinkage=0.05


Tree=88
num_leaves=15
num_cat=0
split_feature=15 0 2 0 1 4 1 3 15 1 15 3 17 2
split_gain=0.83027 0.796099 1.24567 3.14013 4.98346 3.31551 3.29874 2.96429 1.79962 2.00272 1.59955 1.72615 1.52677 6.56126
threshold=0.0065147271379828462 0.016261236742138866 0.016001024283468727 0.010582306887954475 0.010050504934042694 0.01197647722437978 0.0063492704648524531 0.015504807699471714 0.05475748889148236 0.0064725596457719812 0.076673973351717009 0.015749008394777778 0.087121214717626586 0.0081634009256958979
decision_type=2 2 2 2 2 2 2 2 2 2 2 2 2 2
left_child=-1 2 10 8 6 -6 -5 -7 9 -4 12 -12 -2 -14
right_child=1 -3 3 4 5 7 -8 -9 -10 -11 11 -13 13 -15
leaf_value=-0.00042076022211900955 1.3743631424425807e-05 0.0016242460990240765 -0.0063399644183590401 -0.0018894614930303505 -0.0073962853320579773 -0.0044422733235255059 0.010401927950795481 0.0038860320553603927 -0.010667610775834033 0.0048635466777473555 0.0064265424888991594 -6.7289659779475017e-05 -0.0029058381361861375 0.0057525278374979559
leaf_weight=10932.225832143798 168912.16374561004 767.97383275441825 101.12395747378469 80.31662599183619 208.96933069266379 181.52022214606404 144.21226650103927 231.68765279464424 116.50777096487582 53.295473475009203 193.05318110622466 205.89203429594636 371.76892008259892 505.76295397616923
leaf_count=11125 181499 808 164 121 236 139 231 158 129 165 110 138 642 769
internal_value=1.55863e-06 2.84123e-05 2.11637e-05 -0.0016352 -0.000114022 -0.00242201 0.00611206 0.00020893 -0.00621591 -0.00241262 3.21365e-05 0.00315544 2.46124e-05 0.00209298
internal_weight=183006 172074 171306 1117.63 846.706 622.177 224.529 413.208 270.927 154.419 170189 398.945 169790 877.532
internal_count=196434 185309 184501 1343 885 533 352 297 458 329 183158 248 182910 1411
is_linear=0
shrinkage=0.05


Tree=89
num_leaves=15
num_cat=0
split_feature=15 15 2 1 2 3 15 4 0 15 4 1 4 3
split_gain=0.773195 3.68842 9.55544 4.35426 6.81675 11.646 8.48315 6.40074 6.32211 4.18022 5.9112 4.65946 5.45265 7.46024
threshold=0.017901806160807613 0.02339948154985905 0.0084389690309762972 0.010362972505390646 0.0063898416701704272 0.0093025267124176043 0.021040381863713268 0.0086581707000732439 0.0064309346489608296 0.025073558092117313 0.014185110572725536 0.0076046728063374766 0.0063898416701704272 0.012270400300621988
decision_type=2 2 2 2 2 2 2 2 2 2 2 2 2 2
left_child=-1 2 3 4 -2 8 -7 -5 -6 10 -3 12 -11 -14
right_child=1 9 -4 7 5 6 -8 -9 -10 11 -12 -13 13 -15
leaf_value=-7.2527602404933694e-05 0.00023104095246273979 -0.0018749152472093513 -0.001328454533866332 0.0018206717006130164 -0.00071370130299352444 0.0051408238045482571 0.019216867342108999 0.0076774969948518249 0.0048089385467684686 0.0020493340671899046 0.0094829684096395216 -0.00031182785599533053 0.00076361656092938069 -0.0028169013876685081
leaf_weight=120515.54117793776 7213.0010794233531 4181.7562008798122 3985.0561712365597 1738.9715203121305 1231.3399624787271 315.83364595659077 161.06815955601633 632.46626961790025 882.05523677356541 5414.1545579750091 107.97634086757898 27588.928051900119 7227.5410408619791 1810.7843842320144
leaf_count=124110 8470 4866 4939 2220 1257 327 162 803 1142 7295 238 27440 10182 2983
internal_value=1.47752e-06 0.000144187 0.000794366 0.00148973 0.00102261 0.00321746 0.0101919 0.00340838 0.00160304 -8.27104e-05 -0.00156764 6.91422e-05 0.000796104 4.39569e-05
internal_weight=183006 62490.9 16159.8 12174.7 9803.3 2590.3 476.902 2371.44 2113.4 46331.1 4289.73 42041.4 14452.5 9038.33
internal_count=196434 72324 19320 14381 11358 2888 489 3023 2399 53004 5104 47900 20460 13165
is_linear=0
shrinkage=0.05


Tree=90
num_leaves=15
num_cat=0
split_feature=1 15 2 0 0 2 3 2 3 3 2 1 2 3
split_gain=0.784901 1.38507 1.40282 4.2633 3.37519 1.38451 4.97362 3.9061 2.93216 1.82928 3.98743 2.62434 2.41208 1.95954
threshold=0.015749008394777778 0.076673973351717009 0.016261236742138866 0.015504807699471714 0.010362972505390646 0.015749008394777778 0.015504807699471714 0.015268065501004459 0.014815627597272398 1.0000000180025095e-35 0.013793759513646366 0.016261236742138866 0.012739370577037336 0.014599318150430919
decision_type=2 2 2 2 2 2 2 2 2 2 2 2 2 2
left_child=1 2 -1 4 -4 7 8 9 -7 -2 11 12 -11 -12
right_child=5 -3 3 -5 -6 6 -8 -9 -10 10 13 -13 -14 -15
leaf_value=-9.5514111003327075e-06 -0.0017103154506108384 0.0035306298536171943 -0.0056601445980141787 -0.010649242375930965 0.0067690901850901812 -0.0015155191058841744 0.0017417128536304522 0.0088360967885411645 -0.012704274245928713 0.0085289063059030609 0.0022183783907818674 -0.0011778288988577008 -0.0004793647118839959 -0.0063549103740353219
leaf_weight=180180.54760593362 436.00968897901475 265.78806018829346 90.825708093121648 112.7555510494858 109.56425534002483 129.65743986703455 591.79975362122059 166.46589037775993 101.68051490187645 326.07904570177197 107.49367998540401 144.00138039700687 94.086533365771174 149.71869220770895
leaf_count=193411 414 149 190 85 202 204 394 165 33 595 127 284 63 118
internal_value=1.52404e-06 -1.00458e-05 -1.54549e-05 -0.00330687 0.00113434 0.000928179 -0.000698937 0.00186714 -0.00675598 0.000882077 0.00226221 0.00458944 0.00654746 -0.00282304
internal_weight=183006 180759 180494 313.146 200.39 2246.99 823.138 1423.85 231.338 1257.39 821.379 564.167 420.166 257.212
internal_count=196434 194037 193888 477 392 2397 631 1766 237 1601 1187 942 658 245
is_linear=0
shrinkage=0.05


Tree=91
num_leaves=15
num_cat=0
split_feature=0 4 1 2 2 2 2 0 1 1 4 3 15 1
split_gain=0.776254 1.15254 2.93759 2.31181 1.37904 1.17172 1.04398 2.77345 4.34464 3.01003 2.98848 2.5061 1.66653 1.83324
threshold=0.016261236742138866 0.016001024283468727 0.015749008394777778 0.015504807699471714 1.0000000180025095e-35 0.012422839645296337 0.016001024283468727 0.010582306887954475 0.010050504934042694 0.0063492704648524531 0.01197647722437978 0.015504807699471714 0.05475748889148236 0.0064725596457719812
decision_type=2 2 2 2 2 2 2 2 2 2 2 2 2 2
left_child=6 2 3 4 -2 -6 -1 12 9 -9 -10 -12 13 -8
right_child=1 -3 -4 -5 5 -7 7 8 10 -11 11 -13 -14 -15
leaf_value=4.138689757785506e-06 -0.00021758269452619699 -0.00098357920999157604 0.0088610691249319355 -0.0056998179044790986 0.012026696456473321 0.0016771785273330961 -0.0059416351505935843 -0.0019117236254579091 -0.0069703323277211767 0.0098197072666671298 -0.0040290836446173883 0.0036287168145991353 -0.010107365961686057 0.0047710122941173163
leaf_weight=181120.86666721478 146.61398309282959 276.45054864883423 140.24131800979376 97.580544244498014 49.112338054925203 57.975100703537464 101.12395747378469 80.31662599183619 208.96933069266379 144.21226650103927 181.52022214606404 231.68765279464424 116.50777096487582 53.295473475009203
leaf_count=194283 199 160 95 94 146 114 164 121 236 231 139 158 129 165
internal_value=1.42426e-06 0.00157745 0.00300876 0.000491767 0.00299906 0.00704544 -5.3035e-06 -0.00152195 -9.25231e-05 0.00572066 -0.00224767 0.000248968 -0.0058269 -0.00217903
internal_weight=183006 767.974 491.523 351.282 253.701 107.087 182238 1117.63 846.706 224.529 622.177 413.208 270.927 154.419
internal_count=196434 808 648 553 459 260 195626 1343 885 352 533 297 458 329
is_linear=0
shrinkage=0.05


Tree=92
num_leaves=15
num_cat=0
split_feature=1 2 2 3 3 2 0 4 4 3 15 1 3 2
split_gain=0.74319 2.95324 5.46666 3.30715 1.54162 0.852599 4.78393 7.47725 5.56976 4.76199 5.52015 6.53769 4.62273 6.49937
threshold=0.016261236742138866 0.012121656909585001 0.015749008394777778 0.016261236742138866 0.0065574476029723891 0.012739370577037336 0.0076046728063374766 0.0068260179832577714 0.0073801742400974044 0.012422839645296337 0.051945185288786895 0.0080972984433174151 0.0087337908335030096 0.013793759513646366
decision_type=2 2 2 2 2 2 2 2 2 2 2 2 2 2
left_child=5 4 -3 -4 -2 -1 -7 -8 -9 10 -10 -12 13 -13
right_child=1 2 3 -5 -6 6 7 8 9 -11 11 12 -14 -15
leaf_value=2.3852899725741763e-05 0.00062761235744287743 0.011045080547994419 -0.0048734586908049278 0.0039799808600513992 -0.0078815584486272502 -0.0019035975506688893 0.0027165843893584493 -0.0070340601367725551 -0.0021519185886186495 -0.0013715362619558941 0.01260725422631527 0.014011754310344028 0.00011464550528961066 0.0013941104898564723
leaf_weight=169960.52747462131 105.98760294914246 155.59042183309793 171.19902723841369 242.47701570019126 94.242761489003897 3713.7626634538174 2242.6541699897498 312.99900147132576 690.70547301322222 3782.9592248853296 155.4593185018748 158.8401913382113 954.63520435988903 264.4342491645366
leaf_count=182277 146 189 131 129 211 4398 3184 444 1010 2974 249 90 770 232
internal_value=1.36653e-06 0.00154195 0.00336762 0.000287455 -0.00356181 -5.22285e-06 -0.000407452 0.000242912 -0.000637772 -0.000293355 0.00153847 0.00320398 0.00205988 0.00634318
internal_weight=183006 769.497 569.266 413.676 200.23 182237 12276.4 8562.69 6320.03 6007.03 2224.07 1533.37 1377.91 423.274
internal_count=196434 806 449 260 357 195628 13351 8953 5769 5325 2351 1341 1092 322
is_linear=0
shrinkage=0.05


Tree=93
num_leaves=15
num_cat=0
split_feature=17 4 15 3 3 15 15 17 1 1 15 0 15 3
split_gain=0.740012 3.62248 4.0142 4.87794 2.90295 2.77287 5.63659 3.67484 3.21146 2.76141 2.7459 2.41884 3.96881 3.73523
threshold=0.014185110572725536 0.0062696540262550124 0.020559690892696384 0.0070176301524043092 0.0062696540262550124 0.014286078978329899 0.012820776086300613 0.009756329935044052 0.0066890381276607522 0.0063898416701704272 0.013158179819583895 0.0067340831737965354 0.01368043012917042 0.0064309346489608296
decision_type=2 2 2 2 2 2 2 2 2 2 2 2 2 2
left_child=1 2 5 4 -4 6 -1 -8 9 11 -3 -9 -13 -14
right_child=-2 10 3 -5 -6 -7 7 8 -10 -11 -12 12 13 -15
leaf_value=-2.4726991883910381e-05 7.876622229425509e-05 -0.00036069844371202004 0.0036829572319646447 -0.001659436234256831 0.013641679361920815 -0.0016201732494444902 0.011699027487217024 2.6100489399950037e-05 0.0049795345478692828 -0.0031750226566328826 -0.0018634767274898765 0.011412300514240293 -0.0014233952267465938 0.0082260885609439262
leaf_weight=48903.219785675406 114896.63409770653 9319.7334229815751 171.32899677194655 195.15849244780838 133.03113704919815 2469.249924402684 93.196612784639001 768.93682968243957 650.02877063862979 330.8973299767822 4505.7874250803143 137.05802909471095 291.01427697204053 141.19866874441504
leaf_count=49050 127677 8449 172 340 227 3008 133 1109 726 349 4615 203 244 132
internal_value=1.35639e-06 -0.000129221 5.48449e-05 0.00447199 0.00833125 1.29975e-05 9.18844e-05 0.00244619 0.00202573 0.000852571 -0.000851452 0.00186463 0.00430469 0.00184371
internal_weight=183006 68109.8 54284.3 499.519 304.36 53784.8 51315.6 2412.33 2319.13 1669.11 13825.5 1338.21 569.271 432.213
internal_count=196434 68757 55693 739 399 54954 51946 2896 2763 2037 13064 1688 579 376
is_linear=0
shrinkage=0.05


Tree=94
num_leaves=15
num_cat=0
split_feature=15 15 1 1 2 0 4 1 2 2 2 2 0 1
split_gain=0.727283 0.758802 1.25284 1.28463 0.893093 0.650441 1.06582 2.66133 2.107 1.24568 1.10483 0.970965 2.47976 3.81778
threshold=0.0065147271379828462 0.0064309346489608296 0.0064309346489608296 0.0064725596457719812 0.0062696540262550124 0.016261236742138866 0.016001024283468727 0.015749008394777778 0.015504807699471714 1.0000000180025095e-35 0.012579114176332952 0.016001024283468727 0.010582306887954475 0.010050504934042694
decision_type=2 2 2 2 2 2 2 2 2 2 2 2 2 2
left_child=1 4 -3 -4 -1 11 7 8 9 -7 -11 -2 -13 -14
right_child=5 2 3 -5 -6 6 -8 -9 -10 10 -12 12 13 -15
leaf_value=0.0001275428355074303 2.9676315401671531e-05 -0.0015209734388739599 0.0031947493631392732 -0.001299792462193949 -0.0012670652104650854 -0.00021220143594494128 -0.00099252688009779182 0.0084159197897693324 -0.0054598862639111193 0.011429101043518734 0.0014198203728178064 -0.005513015358662666 0.0053586551495552522 -0.0021109126244623229
leaf_weight=6333.7729094848037 170188.64083507098 2588.9444063659757 310.22593665681779 307.55211980268359 1391.7304598335177 146.61398309282959 276.45054864883423 140.24131800979376 97.580544244498014 50.235709954053164 56.851728804409504 270.92720191366971 224.52889249287546 622.17720563337207
leaf_count=6494 183158 2459 415 410 1347 199 160 95 94 153 107 458 352 533
internal_value=1.40774e-06 -0.000393852 -0.00103914 0.000972143 -0.000125006 2.65408e-05 0.00146901 0.00284566 0.000450469 0.0028446 0.00669036 1.99888e-05 -0.00144237 -9.07095e-05
internal_weight=183006 10932.2 3206.72 617.778 7725.5 172074 767.974 491.523 351.282 253.701 107.087 171306 1117.63 846.706
internal_count=196434 11125 3284 825 7841 185309 808 648 553 459 260 184501 1343 885
is_linear=0
shrinkage=0.05


Tree=95
num_leaves=15
num_cat=0
split_feature=15 1 1 0 3 2 2 17 4 2 4 0 17 17
split_gain=0.702439 3.51991 5.24487 4.65253 8.88999 10.549 7.33082 6.98307 6.34582 5.74369 4.86854 4.90671 4.88926 7.1308
threshold=0.012658481486141683 1.0000000180025095e-35 0.0067797389347106227 0.0064725596457719812 0.0073261056095361718 0.012903762981295587 0.0071175277698785075 0.054093567654490478 0.015038444194942715 0.015268065501004459 0.0064309346489608296 0.016001024283468727 0.054093567654490478 0.024695121683180336
decision_type=2 2 2 2 2 2 2 2 2 2 2 2 2 2
left_child=-1 3 -3 4 -2 -6 8 -7 -5 -9 -8 12 13 -12
right_child=1 2 -4 6 5 7 10 9 -10 -11 11 -13 -14 -15
leaf_value=-9.2617915456327007e-05 -7.2731046909094859e-05 -0.0017559427516218294 -5.8918350575823052e-06 -0.0010314638127277671 0.002684290555906051 -0.006871034666992468 0.0019236984685925601 0.0086767673446545898 0.011103321537792064 -0.0052703373961412447 -0.0030698809671494479 0.011115977637463248 -0.0045840235555946211 0.0024402664344574457
leaf_weight=95283.477667476982 8853.9196391329169 4717.1818911880255 45387.597230242565 10966.13375493139 8238.8757083564997 499.07190675474703 5510.5789703130722 164.59544537402689 98.862300032749772 119.09847861714661 980.84765297174454 77.931726293638349 677.08233447372913 1431.2190938498825
leaf_count=95973 10075 4427 47825 12135 11106 561 8308 321 182 240 1129 193 1386 2573
internal_value=1.36904e-06 0.000103455 -0.00017097 0.000468919 0.00105305 0.00215676 -6.02351e-05 -0.00335953 -0.000913116 0.0028415 0.00102708 -0.000534132 -0.000862955 0.000196185
internal_weight=183006 87723 50104.8 37618.2 17875.6 9021.64 19742.7 782.766 11065 283.694 8677.66 3167.08 3089.15 2412.07
internal_count=196434 100461 52252 48209 22303 12228 25906 1122 12317 561 13589 5281 5088 3702
is_linear=0
shrinkage=0.05


Tree=96
num_leaves=15
num_cat=0
split_feature=0 17 2 2 4 3 15 1 2 3 15 3 3 3
split_gain=0.696805 1.69835 4.31334 4.17661 3.81698 3.05694 5.55031 4.53519 2.13246 2.0852 3.74638 1.98201 2.86031 3.05813
threshold=0.014389234129339458 0.057189542800188072 0.013793759513646366 0.0070176301524043092 0.0085838492959737795 0.0073261056095361718 0.043151989579200752 0.0098524559289217013 0.0090499590151011961 0.010929288342595102 0.045470388606190688 0.013986697886139156 0.012121656909585001 0.0063092110212892303
decision_type=2 2 2 2 2 2 2 2 2 2 2 2 2 2
left_child=-1 2 11 4 -3 6 8 -8 -5 10 -7 12 13 -2
right_child=1 3 -4 5 -6 9 7 -9 -10 -11 -12 -13 -14 -15
leaf_value=-1.7273236617762593e-05 0.0021840918606565916 -0.00050983206053320507 -0.0052320770221640422 0.0074406695614073108 -0.0065944714498854563 0.0067454201162907958 0.016459892144810875 0.0034935852195513463 -0.0028144046026547507 0.00075396225174343182 -0.0060284089025387944 0.010986919948981976 -0.0048203568753346169 0.01070171747385406
leaf_weight=176586.89923274331 417.53848748281598 822.76063919812441 139.57287515886128 54.53718189150095 366.58828713931143 63.982302818447351 114.09102076664567 163.32703153416514 227.12813625484705 3481.9743785802275 260.20125166513026 83.255366589874029 90.082907913252711 134.53470027260482
leaf_count=189459 514 1132 93 118 334 170 120 171 459 3006 480 49 93 236
internal_value=1.34206e-06 0.000512634 0.00256019 0.000189751 -0.00242462 0.000905975 0.00432429 0.00921326 -0.000641745 0.000393845 -0.0033809 0.00411023 0.00306386 0.00441322
internal_weight=183006 6419.57 864.984 5554.59 1189.35 4365.24 559.083 277.418 281.665 3806.16 324.184 725.411 642.156 552.073
internal_count=196434 6975 985 5990 1466 4524 868 291 577 3656 650 892 843 750
is_linear=0
shrinkage=0.05


Tree=97
num_leaves=15
num_cat=0
split_feature=0 2 4 1 4 15 15 1 3 3 4 4 15 0
split_gain=0.660264 3.27079 3.26087 3.24901 7.20943 6.00194 5.36709 3.49582 7.34917 6.87094 3.28375 3.17703 4.70937 3.73687
threshold=0.009569597430527212 0.013245614245533945 0.0085838492959737795 0.010695492848753931 0.0067340831737965354 0.02339948154985905 0.013158179819583895 0.012903762981295587 0.0066007319837808618 0.0088890646584332007 0.0086581707000732439 0.0088890646584332007 0.022363642230629924 0.013072453904896976
decision_type=2 2 2 2 2 2 2 2 2 2 2 2 2 2
left_child=1 3 -2 -1 6 10 -5 -8 -9 -10 -6 -4 -13 -14
right_child=2 -3 11 4 5 -7 7 8 9 -11 -12 12 13 -15
leaf_value=-7.6250326768249188e-05 0.00061927254865736577 -0.0015429495408962378 -0.0042520582404131048 0.0013446959098556536 0.0024659110043857547 0.0012974730807106738 -0.0031354933399613781 -0.0019535340096276982 0.01339464968616441 0.00068517909993388556 0.0083562190130524999 0.0091590650089801023 -0.0012780835041444924 0.00053034791796642035
leaf_weight=136071.37116960622 19001.204921849072 3532.9296116214246 510.82369705662131 2482.1036903802305 463.48583971336484 5262.1940677277744 1909.4868003949523 1295.5232798196375 159.61172433942556 288.17758634313941 499.78232723101974 121.23022291064262 5660.8956618178636 5747.6531991977245
leaf_count=141790 22373 4508 511 3592 591 6824 2178 1859 416 604 684 169 5218 5117
internal_value=1.36442e-06 -4.15626e-05 0.000211459 -5.72547e-06 0.000770095 0.00196745 -0.000446159 -0.00166341 -4.23139e-05 0.00540903 0.0055765 -0.00043209 -0.000259309 -0.000367325
internal_weight=183006 151965 31041.8 148432 12360.4 6225.46 6134.9 3652.8 1743.31 447.789 963.268 12040.6 11529.8 11408.5
internal_count=196434 163046 33388 158538 16748 8099 8649 5057 2879 1020 1275 11015 10504 10335
is_linear=0
shrinkage=0.05


Tree=98
num_leaves=15
num_cat=0
split_feature=1 4 0 4 2 3 2 0 0 1 3 17 17 4
split_gain=0.641293 2.8275 3.58857 2.36405 1.63262 0.898429 0.751927 2.46113 2.29117 1.0174 0.870791 2.31631 2.30694 4.81131
threshold=0.016261236742138866 0.0063492704648524531 0.0092167854309082049 0.013986697886139156 0.012121656909585001 0.016261236742138866 0.016261236742138866 0.015504807699471714 0.010362972505390646 0.0088890646584332007 0.015038444194942715 0.087121214717626586 0.074175827205181136 0.015038444194942715
decision_type=2 2 2 2 2 2 2 2 2 2 2 2 2 2
left_child=6 4 -3 -4 -2 -5 10 8 -8 -10 11 -1 13 -12
right_child=1 2 3 5 -6 -7 7 -9 9 -11 12 -13 -14 -15
leaf_value=-2.4871922809593256e-05 0.0013125907321056688 -0.0073663737500277385 -0.0041235049224995083 0.00099503105305606839 0.011742078717807108 0.0059049620963718685 -0.0042486458926084946 -0.006012864142114706 0.0092675537095648006 0.00084258509781563826 0.0010793665409454072 0.0034146550181816727 -0.0002776204209441558 0.0090656264473456104
leaf_weight=177679.55979011953 68.399320382624865 124.07770462706685 117.52477553673089 172.70371511392295 81.451104825362563 205.34020872414112 96.99761601164937 199.10605662874877 68.707030698657036 69.826182318851352 1267.854513887316 480.83753347955644 2161.7348634433001 212.35338421165943
leaf_count=189977 177 129 157 177 53 113 216 135 105 150 1573 916 2400 156
internal_value=1.3662e-06 0.00143245 -9.55201e-05 0.00183461 0.00736146 0.00374538 -4.75482e-06 -0.0020584 0.00139325 0.00536366 2.67793e-07 -1.53978e-05 0.00076456 0.00227824
internal_weight=183006 769.497 619.646 495.569 149.85 378.044 182237 434.637 235.531 138.533 181802 178160 3641.94 1480.21
internal_count=196434 806 576 447 230 290 195628 606 471 255 195022 190893 4129 1729
is_linear=0
shrinkage=0.05


Tree=99
num_leaves=15
num_cat=0
split_feature=15 15 1 1 2 4 3 15 17 1 0 0 2 15
split_gain=0.620223 0.684672 1.13238 1.16312 0.806659 0.603927 2.2404 8.51622 9.21054 5.27552 11.8517 9.62845 6.16889 4.94948
threshold=0.0065147271379828462 0.0064309346489608296 0.0064309346489608296 0.0064725596457719812 0.0062696540262550124 0.0082988981157541292 0.0064309346489608296 0.022541813552379612 0.039230769500136382 0.0093898782506585139 0.0076046728063374766 0.0071685509756207475 0.013606071937829258 0.032205693423748023
decision_type=2 2 2 2 2 2 2 2 2 2 2 2 2 2
left_child=1 4 -3 -4 -1 -2 9 8 -8 -7 11 13 -12 -11
right_child=5 2 3 -5 -6 6 7 -9 -10 10 12 -13 -14 -15
leaf_value=0.00013170998478470811 7.738385771336721e-05 -0.0014347072831402484 0.0030502212495178965 -0.001226631301799603 -0.0011936883319519419 -0.00090067691283269235 0.0028725056088318521 -4.0871521681783766e-05 0.018838464213705369 0.0032160821861493168 -0.0031472761964861187 0.016659828060243111 0.0050245445129852451 -0.0016097832574171759
leaf_weight=6333.7729094848037 130562.92589030974 2588.9444063659757 310.22593665681779 307.55211980268359 1391.7304598335177 17303.337956860662 1312.1052268110216 17465.145665016025 87.672997189685702 2532.4791656825691 1779.5517253410071 109.97695348784328 256.032196899876 665.02019026689231
leaf_count=6494 139798 2459 415 410 1347 19318 1697 19082 131 3193 1119 92 160 719
internal_value=1.35684e-06 -0.000363653 -0.00097661 0.000935427 -0.000108292 2.45665e-05 -0.000141535 0.00026085 0.00399904 -0.000476698 0.000895461 0.00273973 -0.0020999 0.0022105
internal_weight=183006 10932.2 3206.72 617.778 7725.5 172074 41511.3 18864.9 1399.78 22646.4 5343.06 3307.48 2035.58 3197.5
internal_count=196434 11125 3284 825 7841 185309 45511 20910 1828 24601 5283 4004 1279 3912
is_linear=0
shrinkage=0.05


Tree=100
num_leaves=15
num_cat=0
split_feature=1 2 3 2 3 2 3 2 4 4 4 2 0 2
split_gain=0.595511 1.24447 4.02044 3.31879 2.65423 1.60384 1.60128 3.70153 2.52217 6.40633 3.31353 2.42961 2.2734 2.04508
threshold=0.015749008394777778 0.015749008394777778 0.015504807699471714 0.015268065501004459 0.014815627597272398 0.016261236742138866 1.0000000180025095e-35 0.013793759513646366 0.0086581707000732439 0.012121656909585001 0.0064309346489608296 0.012422839645296337 0.012903762981295587 0.0085107926279306429
decision_type=2 2 2 2 2 2 2 2 2 2 2 2 2 2
left_child=-1 3 4 6 -3 -4 -2 8 10 -10 13 12 -11 -8
right_child=1 2 5 -5 -6 -7 7 -9 9 11 -12 -13 -14 -15
leaf_value=-8.6786157346604993e-06 -0.0016339178400637052 -0.0012125789028646743 -0.0011856432679387848 0.0081224737784791959 -0.011834986300840462 0.003949094688831689 0.010534704065065084 -0.0028147863326796196 0.017158032723205499 0.00024329288491841224 -0.0073377125772088967 -0.0042411322290729211 0.010739167366146144 -0.0027915101455329439
leaf_weight=180759.48118060455 436.00968897901475 129.65743986703455 289.14993182756007 166.46589037775993 101.68051490187645 302.64982179366052 61.745421761646867 257.21237219311297 95.600156974047422 103.1241690646857 83.947215765714645 83.192295007407665 94.202378135174513 42.355322755873203
leaf_count=194037 414 204 191 165 33 203 179 245 134 214 184 52 93 86
internal_value=1.39914e-06 0.000808551 -0.000733473 0.0016989 -0.0061784 0.00146228 0.000791106 0.00208254 0.00432545 0.00663842 -0.000402384 0.00258616 0.00553026 0.00534323
internal_weight=183006 2246.99 823.138 1423.85 231.338 591.8 1257.39 821.379 564.167 376.119 188.048 280.519 197.327 104.101
internal_count=196434 2397 631 1766 237 394 1601 1187 942 493 449 359 307 265
is_linear=0
shrinkage=0.05


Tree=101
num_leaves=15
num_cat=0
split_feature=0 1 15 3 15 1 0 1 1 15 15 4 4 2
split_gain=0.582958 3.08938 5.63622 5.84069 4.64717 4.35814 4.03116 3.98799 3.59974 6.07403 9.59801 3.66178 3.4096 3.78642
threshold=0.009569597430527212 0.0088890646584332007 0.063906855881214156 0.013423423748463394 0.052857609465718276 0.0064309346489608296 0.010471491608768703 0.015268065501004459 0.0073261056095361718 0.02606501150876284 0.032822186127305038 0.010695492848753931 0.014599318150430919 0.0070176301524043092
decision_type=2 2 2 2 2 2 2 2 2 2 2 2 2 2
left_child=-1 2 3 5 7 12 -5 -3 9 -7 -11 -12 13 -2
right_child=1 4 -4 6 -6 8 -8 -9 -10 10 11 -13 -14 -15
leaf_value=-3.8958238641419399e-05 -7.2163070913400836e-05 -0.0018820935891435964 0.0097063135586810748 0.0054557960100375365 0.0003889791237971666 -0.0009071477344385734 -0.0031960962504818053 0.0043544988211220402 0.0012339507951232289 0.015347566819840387 0.0015316721386681321 0.011957351351395504 -0.0053558942708815307 0.0017800643778294043
leaf_weight=151964.66609717719 8935.9304248914123 4885.0818822663277 158.8972640465945 139.58315776288509 7553.6454788353294 342.62684812769294 1416.9260501973331 261.18793120607734 2316.7608107496053 233.06207815557718 480.11001604609191 93.228571956977248 243.52450718544424 3981.2426814045757
leaf_count=163046 9987 3944 185 292 5887 392 1835 302 2599 273 594 138 359 6601
internal_value=1.37752e-06 0.00019879 0.000613713 0.000528963 -0.000400476 0.00080353 -0.00239035 -0.00155774 0.00237836 0.00465524 0.00700078 0.00340287 0.000387318 0.000499653
internal_weight=183006 31041.8 18341.9 18183 12699.9 16626.5 1556.51 5146.27 3465.79 1149.03 806.401 573.339 13160.7 12917.2
internal_count=196434 33388 23255 23070 10133 20943 2127 4246 3996 1397 1005 732 16947 16588
is_linear=0
shrinkage=0.05


Tree=102
num_leaves=15
num_cat=0
split_feature=15 1 17 3 15 17 3 15 15 0 0 15 1 0
split_gain=0.570044 1.57902 1.2378 3.00592 0.963119 1.38142 0.953338 1.21723 3.2755 0.850219 2.13548 0.825238 1.58807 1.25362
threshold=0.0068729333579540261 0.0064309346489608296 0.010929288342595102 0.0065574476029723891 0.013333629816770555 0.010362972505390646 1.0000000180025095e-35 0.013158179819583895 0.012987286783754827 0.0067797389347106227 0.0067340831737965354 0.00766294775530696 0.0074350468348711738 0.0072203108575195083
decision_type=2 2 2 2 2 2 2 2 2 2 2 2 2 2
left_child=1 9 3 6 -5 -6 -2 8 -8 10 -1 12 13 -4
right_child=2 -3 11 4 5 -7 7 -9 -10 -11 -12 -13 -14 -15
leaf_value=-0.00039075539712720808 0.00099487768929312098 0.00084106822242902772 -0.00040811756590700214 -0.0017713942597571272 0.0061021077857311267 -0.00085295846073881452 0.0010656512340990743 -9.6115926391650559e-06 0.014160983851130241 -0.0020382425210657812 0.0036468930395030467 4.2457665946211746e-05 -0.0021695361005240896 0.00085469276448833841
leaf_weight=19394.151557305828 6017.6080777496099 2998.4672939926386 12039.603558253497 1403.8105673063546 91.255252754315734 235.518490312621 126.08737445250154 131.85492406412959 68.674797181040049 740.26534678414464 323.16348793171346 136002.38143708371 1094.9528846498579 2338.6787501871586
leaf_count=18735 6082 3853 11546 1281 110 330 213 180 96 715 351 149245 1262 2435
internal_value=1.41876e-06 -0.000228678 3.52582e-05 0.000638054 -0.00120417 0.00121284 0.00114168 0.0037365 0.00614925 -0.000385805 -0.000322764 3.08463e-06 -0.00034279 -0.000202266
internal_weight=183006 23456 159550 8074.81 1730.58 326.774 6344.23 326.617 194.762 20457.6 19717.3 151476 15473.2 14378.3
internal_count=196434 23654 172780 8292 1721 440 6571 489 309 19801 19086 164488 15243 13981
is_linear=0
shrinkage=0.05


Tree=103
num_leaves=15
num_cat=0
split_feature=1 4 0 4 2 2 15 0 4 4 1 0 3 2
split_gain=0.52323 2.50521 3.20486 2.07551 1.47712 0.765206 3.84861 3.74116 6.60338 4.99424 4.36244 8.11504 4.31846 5.00516
threshold=0.016261236742138866 0.0063492704648524531 0.0092167854309082049 0.013986697886139156 0.012121656909585001 0.012739370577037336 0.06810604035854341 0.0076046728063374766 0.0068260179832577714 0.0073801742400974044 0.010582306887954475 0.015268065501004459 0.012422839645296337 0.015038444194942715
decision_type=2 2 2 2 2 2 2 2 2 2 2 2 2 2
left_child=5 4 -3 -4 -2 6 -1 -7 10 -10 -9 -12 13 -11
right_child=1 2 3 -5 -6 7 -8 8 9 12 11 -13 -14 -15
leaf_value=1.4178411084895385e-05 0.0011395678528916175 -0.0070137142440057842 -0.0038997666542552496 0.0034723936315566987 0.01104010327533699 -0.001708251780780547 0.006149931902100423 0.0038781330321814942 -0.006694464690425804 6.2227020489948143e-05 -0.0044166175805985825 0.0082293392997077868 -0.0013381028696488482 0.0055198945694415703
leaf_weight=169714.57276486978 68.399320382624865 124.07770462706685 117.52477553673089 378.04392383806407 81.451104825362563 3713.7626634538174 245.95470975153148 1618.0805845018476 312.99900147132576 1673.0281906593591 460.7999021820724 163.77368330582976 3782.9592248853296 551.04624571837485
leaf_count=182105 177 129 157 290 53 4398 172 2553 444 1611 493 138 2974 740
internal_value=1.40261e-06 0.00129406 -0.000143348 0.00168152 0.006875 -4.12633e-06 2.34189e-05 -0.000385184 0.000189974 -0.0006376 0.00251464 -0.00102321 -0.000311403 0.0014331
internal_weight=183006 769.497 619.646 495.569 149.85 182237 169961 12276.4 8562.69 6320.03 2242.65 624.574 6007.03 2224.07
internal_count=196434 806 576 447 230 195628 182277 13351 8953 5769 3184 631 5325 2351
is_linear=0
shrinkage=0.05


Tree=104
num_leaves=15
num_cat=0
split_feature=3 15 0 17 4 17 1 3 3 2 2 15 4 2
split_gain=0.539435 4.42208 4.65044 3.77649 5.50695 2.55911 4.40202 6.88962 4.51617 2.91143 5.37017 3.77734 2.39278 3.10808
threshold=0.013245614245533945 0.06810604035854341 0.014815627597272398 0.040833333507180221 0.0085838492959737795 0.074175827205181136 0.0077221228275448093 0.0075472774915397176 0.011561079882085325 0.013423423748463394 0.0068729333579540261 0.022708910517394546 0.015504807699471714 0.0087337908335030096
decision_type=2 2 2 2 2 2 2 2 2 2 2 2 2 2
left_child=1 5 -3 4 -2 12 7 9 -9 10 11 -7 -1 -14
right_child=3 2 -4 -5 -6 6 -8 8 -10 -11 -12 -13 13 -15
leaf_value=-2.4697029698288693e-05 0.0086358550472506474 0.001023239838838235 -0.011045819607709464 0.000154647939999751 -0.0036438507814637242 0.0037143663228995059 -8.5348655236224157e-07 0.0136862538330956 0.0018689715381663401 -0.0043492605310417624 0.0138447781609847 -0.0076068681671807026 -0.0072487483850012663 0.0031899138790005828
leaf_weight=168988.61618129909 291.10977833718061 137.57823363505304 175.08370933867991 10358.975915191695 124.34175080247223 222.15451475419104 1668.4450638946146 229.36728087998927 127.45538194105029 176.30202172324061 81.841790704056621 97.934589814394712 233.12447448819876 94.143113205209374
leaf_count=180081 321 116 154 11165 106 344 2385 480 224 254 242 145 287 130
internal_value=1.37194e-06 -2.0107e-05 -0.00586804 0.000344419 0.00496136 -9.13096e-06 0.00154353 0.00427007 0.0096312 0.00085428 0.00318692 0.000125005 -3.30954e-05 -0.00424037
internal_weight=183006 172232 312.662 10774.4 415.452 171919 2603.5 935.056 356.823 578.233 401.931 320.089 169316 327.268
internal_count=196434 184842 270 11592 427 184572 4074 1689 704 985 731 489 180498 417
is_linear=0
shrinkage=0.05


Tree=105
num_leaves=15
num_cat=0
split_feature=15 1 17 3 2 17 17 0 4 17 17 0 0 15
split_gain=0.511735 1.42533 1.12431 2.71352 0.920756 0.893302 1.30519 7.38719 1.21463 1.07273 0.950383 0.768689 1.93278 0.741768
threshold=0.0068729333579540261 0.0064309346489608296 0.010929288342595102 0.0065574476029723891 1.0000000180025095e-35 0.0094788861460983771 0.0098524559289217013 0.0063092110212892303 0.0063898416701704272 0.010152545757591726 0.010362972505390646 0.0067797389347106227 0.0067340831737965354 0.00766294775530696
decision_type=2 2 2 2 2 2 2 2 2 2 2 2 2 2
left_child=1 11 3 5 -5 -2 7 8 -7 -8 -11 12 -1 -4
right_child=2 -3 13 4 -6 6 9 -9 -10 10 -12 -13 -14 -15
leaf_value=-0.00037070203916082583 -0.0029484382250989228 0.00079967832040387082 -0.0003251802756304629 -0.0014723189349446523 0.0027948990171993149 -0.0035012897715799396 -0.0021868186841225859 0.013701438935501027 0.0028024708963212052 0.0047951352880508721 0.0010018705209419961 -0.001937169711549498 0.0034705317612071817 4.0064425274882436e-05
leaf_weight=19394.151557305828 125.08959339559078 2998.4672939926386 15473.235193090513 1602.5780269410461 128.00628343224525 154.78986894525588 247.45394379459321 121.26118130981922 132.7907928917557 161.24819925241172 5401.5915938578546 740.26534678414464 323.16348793171346 136002.38143708371
leaf_count=18735 154 3853 15243 1495 226 153 297 120 78 226 5543 715 351 149245
internal_value=1.33666e-06 -0.000216674 3.33988e-05 0.000607894 -0.00114244 0.0010864 0.00117216 0.00387176 -0.000594158 0.000975873 0.00112023 -0.000365959 -0.000306018 2.73567e-06
internal_weight=183006 23456 159550 8074.81 1730.58 6344.23 6219.14 408.842 287.581 5810.29 5562.84 20457.6 19717.3 151476
internal_count=196434 23654 172780 8292 1721 6571 6417 351 231 6066 5769 19801 19086 164488
is_linear=0
shrinkage=0.05


Tree=106
num_leaves=15
num_cat=0
split_feature=3 15 0 4 4 2 2 4 2 3 17 1 15 3
split_gain=0.513767 2.68163 5.56063 5.29814 4.44569 3.70341 5.40841 7.71848 3.67908 3.47325 2.95952 2.55712 7.62552 5.29247
threshold=0.0091326101683080214 0.046055844053626067 0.0079052620567381399 0.0067340831737965354 0.010152545757591726 0.012579114176332952 0.011050061322748663 0.013423423748463394 0.0096620614640414732 0.007272823480889202 0.080128207802772536 0.0081634009256958979 0.063906855881214156 0.013423423748463394
decision_type=2 2 2 2 2 2 2 2 2 2 2 2 2 2
left_child=1 -1 9 -4 -5 6 7 8 -6 -3 -9 12 -2 -13
right_child=11 2 3 4 5 -7 -8 10 -10 -11 -12 13 -14 -15
leaf_value=1.5699731823175275e-05 0.0001140614473528704 0.0010211875054236211 0.011273618779831225 -0.0038624423389777237 0.0032616288502990837 0.0049225072671486144 -0.0063999048847849143 -0.005897918294202136 0.015425730743590294 0.014206979733118526 0.0037562521932615815 -0.0015317663993241002 0.012970826194048456 0.00042070650318029438
leaf_weight=146512.87770995684 20092.91360825114 81.111547229811549 106.57660189457238 471.0470366422087 151.48396361991763 536.16353572718799 248.98564959689975 226.85431270673871 104.51706841960549 127.21864943020046 111.13930506072938 8026.5050816331059 105.99871849268675 6103.0810113474727
leaf_count=156686 23891 142 173 644 170 490 172 243 93 267 105 7897 109 5352
internal_value=1.31536e-06 4.1573e-05 0.0017843 0.000934796 0.000281846 0.00171494 -0.000358966 0.00223726 0.00862106 0.00935512 -0.00270671 -0.000173003 0.000187915 -0.000688721
internal_weight=183006 148678 2165.1 1956.77 1850.19 1379.14 842.98 593.995 256.001 208.33 337.994 34328.5 20198.9 14129.6
internal_count=196434 159185 2499 2090 1917 1273 783 611 263 409 348 37249 24000 13249
is_linear=0
shrinkage=0.05


Tree=107
num_leaves=15
num_cat=0
split_feature=2 15 3 15 16 1 1 0 4 4 4 3 3 17
split_gain=0.483081 3.62032 1.9407 2.21304 5.95286 3.06366 3.66888 2.30617 1.89869 1.62052 4.64235 2.86296 1.48986 1.43417
threshold=0.015749008394777778 0.076673973351717009 0.016261236742138866 0.058167049661278732 3.5000000000000004 0.0098524559289217013 0.0065147271379828462 0.010695492848753931 0.0090499590151011961 0.01183473411947489 0.015268065501004459 0.014185110572725536 0.015504807699471714 0.087121214717626586
decision_type=2 2 2 2 2 2 2 2 2 2 2 2 2 2
left_child=1 13 3 4 -2 6 -6 -5 -4 -9 11 -11 -12 -1
right_child=2 -3 8 7 5 -7 -8 9 -10 10 12 -13 -14 -15
leaf_value=-9.8697259217225166e-06 -0.0034856966237065338 0.0055358121358984663 0.0074926936038061769 -0.0084748792049785977 -0.00033141425832917742 -0.0032629947605219266 0.01450508661269842 -0.0046207033591027539 0.00019563779829016002 0.010202370571962251 -0.0064996221802284225 6.4944269705377505e-05 -0.0010033366610380956 0.0017732220869813436
leaf_weight=179379.2752399426 292.23365847952664 285.96861747652292 113.75099257938564 138.22262604348361 59.829764377325773 51.791748661547899 124.03263195417821 341.07387965545058 320.79927548766136 117.23145043849945 206.48260496929288 154.16707576625049 296.78002133965492 1124.8342128377408
leaf_count=192068 438 176 152 102 118 137 234 359 239 137 156 109 186 1823
internal_value=1.38535e-06 1.03994e-05 -0.000730632 -0.00146141 0.00123797 0.00699922 0.00990915 -0.00259859 0.00223135 -0.00180179 -0.000517592 0.00465079 -0.00334109 1.33945e-06
internal_weight=183006 180790 2216.4 1781.85 527.888 235.654 183.862 1253.96 434.55 1115.74 774.661 271.399 503.263 180504
internal_count=196434 194067 2367 1976 927 489 352 1049 391 947 588 246 342 193891
is_linear=0
shrinkage=0.05


Tree=108
num_leaves=15
num_cat=0
split_feature=3 15 0 4 4 2 1 4 3 2 1 15 1 0
split_gain=0.470282 2.41352 5.05657 4.82065 4.00153 3.32673 3.82735 3.61896 3.14737 2.70671 5.79498 2.37915 5.45226 5.61727
threshold=0.0091326101683080214 0.046055844053626067 0.0079052620567381399 0.0066890381276607522 0.010152545757591726 0.013245614245533945 0.011173533275723459 0.012121656909585001 0.007272823480889202 0.0099504948593676108 0.013245614245533945 0.012658481486141683 1.0000000180025095e-35 0.011050061322748663
decision_type=2 2 2 2 2 2 2 2 2 2 2 2 2 2
left_child=1 -1 8 -4 -5 6 7 -6 -3 10 -8 -2 -13 -14
right_child=11 2 3 4 5 -7 9 -9 -10 -11 -12 12 13 -15
leaf_value=1.5319514606310246e-05 -0.0011964577890648989 0.00097847583530925853 0.010764848956925773 -0.0036679343325499388 0.011539828828573635 0.0052721462756815333 -0.0066445952871916104 0.00034966791368570897 0.013531350926222855 -0.0049873709172046322 0.0070468043604493538 0.00082866173759818399 -0.0014172544627478437 0.00036853558826908532
leaf_weight=146512.87770995684 4801.2838525865227 81.111547229811549 106.13763933256269 471.48599920421839 106.58428859338164 420.64049573801458 122.90798923745751 191.72269226424396 127.21864943020046 362.06462540104985 175.22374389693141 11907.546541497111 9117.9225096777081 8501.7455159630626
leaf_count=156686 4067 142 166 651 104 409 88 196 267 232 244 16413 9603 7166
internal_value=1.3491e-06 3.98654e-05 0.00169318 0.000883142 0.000261595 0.00162171 -1.81826e-05 0.0045925 0.00891267 -0.00213894 0.00136992 -0.000165429 2.56988e-06 -0.000555865
internal_weight=183006 148678 2165.1 1956.77 1850.63 1379.14 958.503 298.307 208.33 660.196 298.132 34328.5 29527.2 17619.7
internal_count=196434 159185 2499 2090 1924 1273 864 300 409 564 332 37249 33182 16769
is_linear=0
shrinkage=0.05


Tree=109
num_leaves=15
num_cat=0
split_feature=2 15 3 15 16 1 1 15 15 17 15 4 17 2
split_gain=0.468573 3.25636 1.78148 1.96545 5.32047 2.84125 3.30944 2.06562 1.74324 1.78112 1.90097 1.73364 1.27539 4.69891
threshold=0.015749008394777778 0.076673973351717009 0.016261236742138866 0.058167049661278732 3.5000000000000004 0.0098524559289217013 0.0065147271379828462 0.062344966456294067 0.065803214907646193 0.087121214717626586 0.073197066783905043 0.0090499590151011961 0.087121214717626586 0.0087337908335030096
decision_type=2 2 2 2 2 2 2 2 2 2 2 2 2 2
left_child=1 12 3 4 -2 6 -6 -5 -9 10 -10 -4 -1 -14
right_child=2 -3 11 7 5 -7 -8 8 9 -11 -12 -13 13 -15
leaf_value=-8.9141211823265921e-06 -0.003339930404029981 0.0052505690697196329 0.0071459268026506043 -0.0069890755174053026 -0.0003445974132550081 -0.003290319341252795 0.013741621669909327 0.0027628582997008748 -0.0045198508259879843 -0.005336748295912846 0.0015379297417682071 0.00017368750628782067 -0.001553890978291921 0.0048602701741274805
leaf_weight=179379.2752399426 292.23365847952664 285.96861747652292 113.75099257938564 203.21524401754141 59.829764377325773 51.791748661547899 124.03263195417821 183.17761412262917 194.68920528329909 329.33255938626826 343.54303540289402 320.79927548766136 561.56384472548962 563.27036811225116
leaf_count=192068 438 176 152 203 118 137 234 179 188 279 200 239 942 881
internal_value=1.37124e-06 1.02489e-05 -0.00071957 -0.00141966 0.00112479 0.00657204 0.00937656 -0.00249124 -0.00156367 -0.00249825 -0.000695764 0.00211848 1.6564e-06 0.00167258
internal_weight=183006 180790 2216.4 1781.85 527.888 235.654 183.862 1253.96 1050.74 867.565 538.232 434.55 180504 1124.83
internal_count=196434 194067 2367 1976 927 489 352 1049 846 667 388 391 193891 1823
is_linear=0
shrinkage=0.05


Tree=110
num_leaves=15
num_cat=0
split_feature=15 1 15 3 4 3 15 15 0 15 2 1 15 0
split_gain=0.464655 1.31908 1.0182 1.63026 1.89874 1.16821 1.03908 1.03786 1.72099 1.59511 1.33 1.00406 0.920941 2.4573
threshold=0.0068729333579540261 1.0000000180025095e-35 0.0071175277698785075 0.0070672258734703073 0.0069204980973154315 0.0068729333579540261 0.0070672258734703073 0.00766294775530696 0.0071685509756207475 0.0074350468348711738 0.0073801742400974044 0.0073261056095361718 0.0085107926279306429 0.0083683477714657801
decision_type=2 2 2 2 2 2 2 2 2 2 2 2 2 2
left_child=1 -1 3 4 5 6 -2 8 9 10 11 -4 13 -9
right_child=2 -3 7 -5 -6 -7 -8 12 -10 -11 -12 -13 -14 -15
leaf_value=-0.00039572865006576085 0.00082811570726264475 0.00053541323740019509 -0.00053642888707155286 0.0041807255030708998 0.0025713452529114882 -0.0012182739977715522 -0.0010257631416366599 0.0002898652442339178 0.00075001969914418915 -0.0014441110403715382 0.0030390801410714471 0.0016747835843218693 -1.8491227434828867e-06 0.0038985753991672063
leaf_weight=18690.714728504419 4026.8528109062463 4765.3329575099051 6401.8397867362946 295.57718151621521 908.48738874867558 1259.4924772642553 920.975605212152 15977.776977743953 2614.770543884486 4196.9913854897022 290.27886040136218 548.37668899819255 121632.80539789982 476.20100919343531
leaf_count=17637 4132 6017 5966 275 837 1097 940 15287 2758 4193 249 658 135890 498
internal_value=1.33017e-06 -0.00020641 3.18818e-05 0.000603757 0.000449518 0.000135337 0.000481667 3.98532e-06 -0.000405233 -0.000669765 -0.000219539 -0.000359807 4.56554e-05 0.000396611
internal_weight=183006 23456 159550 7411.39 7115.81 6207.32 4947.83 152139 14052.3 11437.5 7240.5 6950.22 138087 16454
internal_count=196434 23654 172780 7281 7006 6169 5072 165499 13824 11066 6873 6624 151675 15785
is_linear=0
shrinkage=0.05


Tree=111
num_leaves=15
num_cat=0
split_feature=3 2 15 3 0 15 2 15 2 2 15 0 0 1
split_gain=0.441221 4.09149 8.03172 4.34704 4.29347 5.57114 3.9079 4.55678 4.91087 4.28485 3.8887 3.70327 3.68614 3.686
threshold=0.010695492848753931 0.0064309346489608296 0.023221892304718498 0.012579114176332952 0.00766294775530696 0.042618852108716972 0.012422839645296337 0.035143110901117332 0.0088890646584332007 0.010362972505390646 0.032205693423748023 0.0083683477714657801 0.009569597430527212 1.0000000180025095e-35
decision_type=2 2 2 2 2 2 2 2 2 2 2 2 2 2
left_child=-1 -2 3 -3 13 6 7 8 -6 -10 -11 -7 -13 -4
right_child=1 2 4 -5 5 11 -8 -9 9 10 -12 12 -14 -15
leaf_value=3.1044099752692553e-05 -0.0010605962031880933 0.0027974201699734729 0.00042863764913237393 0.011515079115781071 -0.0024087342181592242 0.0066811318628672567 0.0083344398287383409 -0.00094616683240674045 0.018899182071708744 -0.0052278083440739304 0.011501041201839207 -0.0041009125504013226 0.00026212989875366318 -0.0027217407627346409
leaf_weight=159587.21526749805 8696.2376669459045 450.02799689024687 1609.5748145673424 206.39323373883963 97.958854265511036 203.10213490761817 332.74922899715602 514.08615463599563 85.115328043699265 54.188811618834734 68.674714790657163 503.58707727864385 8421.0940434336662 2176.4684723969549
leaf_count=171232 8607 515 2545 236 240 353 671 913 180 75 188 705 7559 2415
internal_value=1.2996e-06 -0.000201317 0.000306597 0.0056701 5.24574e-05 0.000582594 0.00384218 0.00194086 0.0066685 0.0108583 0.00428465 0.000167177 1.16251e-05 -0.00138481
internal_weight=183006 23419.3 14723 656.421 14066.6 10280.6 1152.77 820.024 305.938 207.979 122.864 9127.78 8924.68 3786.04
internal_count=196434 25202 16595 751 15844 10884 2267 1596 683 443 263 8617 8264 4960
is_linear=0
shrinkage=0.05


Tree=112
num_leaves=15
num_cat=0
split_feature=17 3 3 0 3 3 0 17 4 4 1 1 17 2
split_gain=0.442416 1.86535 7.08965 8.63708 9.83587 5.85825 5.82861 5.9476 3.93652 4.35041 3.60557 7.37655 6.24352 6.04519
threshold=0.025320513173937801 0.0092167854309082049 0.0064309346489608296 0.011428944766521456 0.00766294775530696 0.0085838492959737795 0.012422839645296337 0.051315790042281158 0.011561079882085325 0.0099504948593676108 0.00766294775530696 0.013072453904896976 0.033908046782016761 0.012422839645296337
decision_type=2 2 2 2 2 2 2 2 2 2 2 2 2 2
left_child=-1 2 -2 10 8 -6 -7 -8 9 -5 -4 12 -12 -13
right_child=1 -3 3 4 5 6 7 -9 -10 -11 11 13 -14 -15
leaf_value=-5.1098827346739042e-05 -1.1236996600097813e-06 -0.00020395330441830932 0.0048822033165872936 0.0031278868209840618 -0.0067856567090671246 0.0081258066487423317 -0.0080179807148889198 0.0073362922972029995 0.010269524938244144 -0.0096167524942790458 0.0026674029297645459 0.0036939481353718837 -0.0030182808944461126 0.014399011043158567
leaf_weight=125755.91309868358 25575.482210183516 25314.946807513013 1670.3501124288887 505.6567361485213 684.3913228418678 153.99556369893253 206.39547968097031 80.090338354930282 156.29371033236384 67.131196029484272 1110.5190688036382 732.28673159889877 838.48759356327355 154.53383014723659
leaf_count=128869 30252 28082 2522 794 828 176 197 201 175 59 1256 1647 1207 169
internal_value=1.35479e-06 0.000116563 0.000370616 0.00186312 -0.00100566 -0.00392417 0.000573765 -0.00362286 0.00348936 0.00149482 0.00304302 0.00194636 0.000218428 0.00569913
internal_weight=183006 57250.6 31935.6 6360.13 1853.95 1124.87 440.481 286.486 729.082 572.788 4506.18 2835.83 1949.01 886.821
internal_count=196434 67565 39483 9231 2430 1402 574 398 1028 853 6801 4279 2463 1816
is_linear=0
shrinkage=0.05


Tree=113
num_leaves=15
num_cat=0
split_feature=4 15 3 4 0 15 4 2 3 1 1 3 3 2
split_gain=0.440499 2.28432 6.26028 4.72204 7.15112 5.64968 4.94128 5.61303 5.32354 4.4016 3.95409 3.67021 5.14948 3.64555
threshold=0.0082988981157541292 0.039370566606521613 0.0079052620567381399 0.0074907417874783286 0.0071685509756207475 0.053795972838997848 0.0068260179832577714 0.013986697886139156 0.010695492848753931 0.0067797389347106227 0.012121656909585001 0.012422839645296337 0.010152545757591726 0.0090499590151011961
decision_type=2 2 2 2 2 2 2 2 2 2 2 2 2 2
left_child=1 -1 13 6 -5 -6 7 9 10 -4 -9 12 -8 -3
right_child=-2 2 3 4 5 -7 11 8 -10 -11 -12 -13 -14 -15
leaf_value=3.5444721228199046e-06 -0.00014183747127379244 0.011332977210479336 -0.0072237088864689353 0.01297403426470539 -0.0021912032720328343 0.0066804183982714154 -0.0050217856976391487 0.0026442295616405306 0.0048553940928297186 -0.00014594219875466139 -0.012490594630615928 -0.0070791648768913154 0.0059070491141799183 0.0032119154492335142
leaf_weight=136152.17930258438 41511.322077555582 177.22877475433052 246.1398003641516 156.48380609415472 429.75032675080001 293.93634164705873 249.01398745179176 82.074134526774287 917.3236808013171 1545.6015235539526 74.782234972342849 413.28628955595195 174.66082721017301 582.69069218635559
leaf_count=143956 45511 282 405 215 659 377 308 147 1050 1809 78 565 327 745
internal_value=1.36029e-06 4.33782e-05 0.00105654 0.000354901 0.00362493 0.00145408 -0.00043005 0.000559716 0.00340073 -0.00115294 -0.00488753 -0.0037858 -0.000484031 0.00522851
internal_weight=183006 141495 5342.97 4583.05 880.17 723.687 3702.88 2865.92 1074.18 1791.74 156.856 836.961 423.675 759.919
internal_count=196434 150923 6967 5940 1251 1036 4689 3489 1275 2214 225 1200 635 1027
is_linear=0
shrinkage=0.05


Tree=114
num_leaves=15
num_cat=0
split_feature=2 15 0 15 16 15 1 15 3 0 4 1 17 0
split_gain=0.462188 2.95375 1.63392 3.10569 4.72545 2.54649 2.49747 1.93592 2.31184 3.92198 2.58929 1.86544 1.78239 1.36936
threshold=0.015749008394777778 0.076673973351717009 0.0070176301524043092 0.058167049661278732 3.5000000000000004 0.062344966456294067 0.0065147271379828462 0.065803214907646193 0.015504807699471714 0.015749008394777778 0.016261236742138866 0.010362972505390646 0.087121214717626586 0.014389234129339458
decision_type=2 2 2 2 2 2 2 2 2 2 2 2 2 2
left_child=1 -1 -2 4 -4 -5 -6 11 9 13 12 -7 -10 -9
right_child=2 -3 3 5 6 7 -8 8 10 -11 -12 -13 -14 -15
leaf_value=1.9620540870865471e-06 -0.0044531151389377915 0.0050010422932521221 -0.0028876749124692597 -0.0066172836457913334 -0.00059399644856170239 -0.0012008066794876257 0.011120592722072902 -0.0046133869365843332 0.00080237454663539126 -0.010109179293203385 0.0041085388895994385 0.0078438777148772884 -0.0051401690431784807 0.0026721165845120199
leaf_weight=180504.10945278034 248.3871114961803 285.96861747652292 154.99296952597797 181.27489991858602 59.626318914815784 99.952354270964861 169.57096381857991 97.414074884727597 282.79050380177796 160.03624024428427 280.40906900539994 115.86919547244906 214.57813230901957 151.49389608949423
leaf_count=193891 418 176 180 211 124 90 326 115 167 112 165 125 191 143
internal_value=1.32863e-06 1.01456e-05 -0.000714684 -0.00022272 0.00375233 -0.00120445 0.00817559 -0.000462961 -0.00126113 -0.00425579 0.000347452 0.00378738 -0.00181218 -0.000247239
internal_weight=183006 180790 2216.4 1968.01 384.19 1583.82 229.197 1402.54 1186.72 408.944 777.778 215.822 497.369 248.908
internal_count=196434 194067 2367 1949 630 1319 450 1108 893 370 523 215 358 258
is_linear=0
shrinkage=0.05


Tree=115
num_leaves=15
num_cat=0
split_feature=2 0 15 15 4 3 3 3 16 4 1 0 3 15
split_gain=0.459102 3.40626 6.76055 9.38659 3.35609 6.63603 6.23894 4.4629 4.31598 4.07761 3.56957 6.50297 3.1113 4.72253
threshold=0.012739370577037336 0.0079682543873786944 0.027922010049223903 0.025461172685027126 0.0068260179832577714 0.0085107926279306429 0.0091326101683080214 0.010582306887954475 3.5000000000000004 0.0073801742400974044 0.013606071937829258 0.015268065501004459 0.012422839645296337 0.051945185288786895
decision_type=2 2 2 2 2 2 2 2 2 2 2 2 2 2
left_child=-1 -2 3 -3 5 8 -7 -8 -4 -6 -9 -12 13 -11
right_child=1 2 4 -5 9 6 7 10 -10 12 11 -13 -14 -15
leaf_value=2.2998924249344948e-05 -0.001512522880040992 -0.00029710986639653973 -0.0066263637658586314 0.017445816144956629 -0.0060182967639160791 0.016543471515109553 -0.0046421154268111728 0.005270820107988297 0.0032874209734081363 -0.0023018736685477457 -0.0067102161221960568 0.0072380629004933283 -0.0010659925308088205 0.0027527221300245909
leaf_weight=170180.35274607688 3923.3877772688866 166.5192531850189 314.23482509888709 124.47169859148562 313.17403998412192 76.059475125744939 175.8054639659822 914.05794075876474 158.48599348030984 648.12584160640836 187.07838286086917 135.17551456205547 4141.0793299935758 1548.465517450124
leaf_count=182658 4672 295 448 194 454 101 301 1241 204 970 221 106 3196 1373
internal_value=1.25112e-06 -0.000287098 0.000254032 0.00761991 -3.41047e-06 0.00180906 0.00344424 0.00262732 -0.00330339 -0.000539703 0.00369 -0.000817595 -0.000259925 0.00125764
internal_weight=183006 12826.1 8902.73 290.991 8611.74 1960.9 1488.18 1412.12 472.721 6650.84 1236.31 322.254 6337.67 2196.59
internal_count=196434 13776 9104 489 8615 2622 1970 1869 652 5993 1568 327 5539 2343
is_linear=0
shrinkage=0.05


Tree=116
num_leaves=15
num_cat=0
split_feature=3 15 0 17 4 3 4 0 16 2 2 15 15 15
split_gain=0.449715 3.93342 4.19001 3.48269 4.85522 2.01519 3.68128 5.96225 3.72808 4.1893 3.30775 3.00852 7.44703 2.982
threshold=0.013245614245533945 0.06810604035854341 0.014815627597272398 0.040833333507180221 0.0085838492959737795 0.012121656909585001 0.01197647722437978 0.015268065501004459 4.5000000000000009 0.0099504948593676108 0.014389234129339458 0.021869652904570106 0.019263859838247303 0.062344966456294067
decision_type=2 2 2 2 2 2 2 2 2 2 2 2 2 2
left_child=1 5 -3 4 -2 13 7 8 11 -10 -8 12 -7 -1
right_child=3 2 -4 -5 -6 6 10 -9 9 -11 -12 -13 -14 -15
leaf_value=9.0638471828198015e-06 0.0081975236924521893 0.0010052755491681065 -0.01044867042767644 0.0001322513931911993 -0.0033365269731618729 -0.001760616327895363 -0.0051842988048221399 0.011063050008962592 0.0088151231834570666 0.00018845717564964869 0.003636804401534448 -0.0025175169640380135 0.0079719578265722065 0.0038181741571623913
leaf_weight=166686.7122482229 291.10977833718061 137.57823363505304 175.08370933867991 10358.975915191695 124.34175080247223 734.14249929226935 744.07650855742395 100.94739922508597 185.42857905291021 504.46310019493103 116.42036803625524 2084.5745967198163 257.2234175670892 505.39569583535194
leaf_count=178967 321 116 154 11165 106 661 733 167 208 488 118 2446 331 453
internal_value=1.25244e-06 -1.83591e-05 -0.00553372 0.000314475 0.00474818 -8.00731e-06 -0.00102495 -0.000362642 -0.00069741 0.00259995 -0.00396278 -0.00144299 0.000819026 2.08059e-05
internal_weight=183006 172232 312.662 10774.4 415.452 171919 4727.28 3866.78 3765.83 689.892 860.497 3075.94 991.366 167192
internal_count=196434 184842 270 11592 427 184572 5152 4301 4134 696 851 3438 992 179420
is_linear=0
shrinkage=0.05


Tree=117
num_leaves=15
num_cat=0
split_feature=17 4 15 3 3 15 15 17 1 15 1 0 15 3
split_gain=0.435355 3.34978 3.61975 4.44056 2.63226 2.60729 4.8836 3.09878 2.82579 2.56287 2.44361 2.2453 3.54583 3.42173
threshold=0.014185110572725536 0.0062696540262550124 0.020559690892696384 0.0070176301524043092 0.0062696540262550124 0.014286078978329899 0.012820776086300613 0.009756329935044052 0.0066890381276607522 0.013158179819583895 0.0063898416701704272 0.0067340831737965354 0.01368043012917042 0.0064309346489608296
decision_type=2 2 2 2 2 2 2 2 2 2 2 2 2 2
left_child=1 2 5 4 -4 6 -1 -8 10 -3 11 -9 -13 -14
right_child=-2 9 3 -5 -6 -7 7 8 -10 -11 -12 12 13 -15
leaf_value=6.2906014785269485e-06 6.0623099313194975e-05 -0.00031934508502884276 0.0035268677638051367 -0.0015777129295394842 0.013012087014061053 -0.0015453162043362288 0.010804201887123475 1.7355013459971372e-07 0.0046906759424775787 -0.0017711203369209069 -0.00296970084140653 0.010840994101624731 -0.0013333340787051557 0.0079028922527985251
leaf_weight=48903.219785675406 114896.63409770653 9319.7334229815751 171.32899677194655 195.15849244780838 133.03113704919815 2469.249924402684 93.196612784639001 768.93682968243957 650.02877063862979 4505.7874250803143 330.8973299767822 137.05802909471095 291.01427697204053 141.19866874441504
leaf_count=49050 127677 8449 172 340 227 3008 133 1109 726 4615 349 203 244 132
internal_value=1.24881e-06 -9.89057e-05 7.80922e-05 0.00427261 0.00795475 3.83492e-05 0.00011484 0.00230626 0.00191984 -0.000793422 0.000819235 0.0017712 0.00412209 0.00179451
internal_weight=183006 68109.8 54284.3 499.519 304.36 53784.8 51315.6 2412.33 2319.13 13825.5 1669.11 1338.21 569.271 432.213
internal_count=196434 68757 55693 739 399 54954 51946 2896 2763 13064 2037 1688 579 376
is_linear=0
shrinkage=0.05


Tree=118
num_leaves=15
num_cat=0
split_feature=2 15 3 2 15 16 1 1 0 4 4 0 0 2
split_gain=0.432261 2.71823 1.52644 1.58929 1.5693 4.32113 2.48473 2.72049 1.7758 1.48486 4.07868 2.61265 1.2322 1.68335
threshold=0.015749008394777778 0.076673973351717009 0.016261236742138866 0.016261236742138866 0.058167049661278732 3.5000000000000004 0.0098524559289217013 0.0065147271379828462 0.010695492848753931 0.01183473411947489 0.015268065501004459 0.015038444194942715 0.010152545757591726 0.016001024283468727
decision_type=2 2 2 2 2 2 2 2 2 2 2 2 2 2
left_child=1 -1 4 -4 5 12 7 -7 -6 -10 11 -11 13 -2
right_child=2 -3 3 -5 8 6 -8 -9 9 10 -12 -13 -14 -15
leaf_value=1.9755112251498833e-06 0.0046958747744420028 0.0047976079922080221 -0.0028565370943023664 0.0037507100218908485 -0.0074532370149377018 -0.00033730965948233332 -0.0033418537848466955 0.0124301747615785 -0.0042950135013872549 -6.187680068816192e-05 -0.0030174774004157554 0.0095867309554969037 -0.0070731127446553022 -0.0044654373557378446
leaf_weight=180504.10945278034 78.871224762871861 285.96861747652292 117.76487286947668 316.78539519757032 138.22262604348361 59.829764377325773 51.791748661547899 124.03263195417821 341.07387965545058 149.07160093635321 503.2626263089478 122.32692526839674 108.1538262963295 105.20860742032528
leaf_count=193891 167 176 142 249 102 118 137 234 359 128 342 118 113 158
internal_value=1.29928e-06 9.82604e-06 -0.000691144 0.00193614 -0.00133911 0.000935421 0.0058456 0.00847248 -0.00229646 -0.00159708 -0.00036961 0.00447316 -0.0030865 -0.000500457
internal_weight=183006 180790 2216.4 434.55 1781.85 527.888 235.654 183.862 1253.96 1115.74 774.661 271.399 292.234 184.08
internal_count=196434 194067 2367 391 1976 927 489 352 1049 947 588 246 438 325
is_linear=0
shrinkage=0.05


Tree=119
num_leaves=15
num_cat=0
split_feature=15 15 1 1 2 4 3 15 17 1 0 0 2 15
split_gain=0.427289 0.649519 0.876672 1.05387 0.716388 0.515074 2.06437 7.45551 8.25277 4.76068 10.8755 8.74005 4.54034 4.40174
threshold=0.0065147271379828462 0.0064309346489608296 0.0064309346489608296 0.0064725596457719812 0.0062696540262550124 0.0082988981157541292 0.0064309346489608296 0.022541813552379612 0.039230769500136382 0.0093898782506585139 0.0076046728063374766 0.0071685509756207475 0.013606071937829258 0.032205693423748023
decision_type=2 2 2 2 2 2 2 2 2 2 2 2 2 2
left_child=1 4 -3 -4 -1 -2 9 8 -8 -7 11 13 -12 -11
right_child=5 2 3 -5 -6 6 7 -9 -10 10 12 -13 -14 -15
leaf_value=0.00017302794059660882 6.92827505314251e-05 -0.0013017342657537716 0.0027980385086027091 -0.0012716370802064504 -0.0010759833645756004 -0.00085737803362809705 0.0026849658987842711 -2.8950905986884282e-05 0.017797085780301657 0.0030596003431178787 -0.0029182817451084715 0.015877999469043166 0.004094954529405905 -0.001491636558623731
leaf_weight=6333.7729094848037 130562.92589030974 2588.9444063659757 310.22593665681779 307.55211980268359 1391.7304598335177 17303.337956860662 1312.1052268110216 17465.145665016025 87.672997189685702 2532.4791656825691 1779.5517253410071 109.97695348784328 256.032196899876 665.02019026689231
leaf_count=6494 139798 2459 415 410 1347 19318 1697 19082 131 3193 1119 92 160 719
internal_value=1.24076e-06 -0.000301724 -0.000898723 0.000784025 -5.30785e-05 2.05051e-05 -0.000132892 0.000253362 0.00375102 -0.000454619 0.00084887 0.00261557 -0.00202046 0.00211133
internal_weight=183006 10932.2 3206.72 617.778 7725.5 172074 41511.3 18864.9 1399.78 22646.4 5343.06 3307.48 2035.58 3197.5
internal_count=196434 11125 3284 825 7841 185309 45511 20910 1828 24601 5283 4004 1279 3912
is_linear=0
shrinkage=0.05


end of trees

feature_importances:
Column_15=281
Column_3=270
Column_1=256
Column_2=247
Column_4=223
Column_0=206
Column_17=182
Column_16=15

parameters:
[boosting: gbdt]
[objective: regression]
[metric: l2]
[tree_learner: serial]
[device_type: cpu]
[data_sample_strategy: bagging]
[data: ]
[valid: ]
[num_iterations: 120]
[learning_rate: 0.05]
[num_leaves: 15]
[num_threads: 2]
[seed: 20260928]
[deterministic: 1]
[force_col_wise: 1]
[force_row_wise: 0]
[histogram_pool_size: -1]
[max_depth: -1]
[min_data_in_leaf: 100]
[min_sum_hessian_in_leaf: 0.001]
[bagging_fraction: 1]
[pos_bagging_fraction: 1]
[neg_bagging_fraction: 1]
[bagging_freq: 0]
[bagging_seed: 8287]
[bagging_by_query: 0]
[feature_fraction: 1]
[feature_fraction_bynode: 1]
[feature_fraction_seed: 24490]
[extra_trees: 0]
[extra_seed: 6370]
[early_stopping_round: 0]
[early_stopping_min_delta: 0]
[first_metric_only: 0]
[max_delta_step: 0]
[lambda_l1: 0]
[lambda_l2: 10]
[linear_lambda: 0]
[min_gain_to_split: 0]
[drop_rate: 0.1]
[max_drop: 50]
[skip_drop: 0.5]
[xgboost_dart_mode: 0]
[uniform_drop: 0]
[drop_seed: 1862]
[top_rate: 0.2]
[other_rate: 0.1]
[min_data_per_group: 100]
[max_cat_threshold: 32]
[cat_l2: 10]
[cat_smooth: 10]
[max_cat_to_onehot: 4]
[top_k: 20]
[monotone_constraints: ]
[monotone_constraints_method: basic]
[monotone_penalty: 0]
[feature_contri: ]
[forcedsplits_filename: ]
[refit_decay_rate: 0.9]
[cegb_tradeoff: 1]
[cegb_penalty_split: 0]
[cegb_penalty_feature_lazy: ]
[cegb_penalty_feature_coupled: ]
[path_smooth: 0]
[interaction_constraints: ]
[verbosity: -1]
[saved_feature_importance_type: 0]
[use_quantized_grad: 0]
[num_grad_quant_bins: 4]
[quant_train_renew_leaf: 0]
[stochastic_rounding: 1]
[linear_tree: 0]
[max_bin: 255]
[max_bin_by_feature: ]
[min_data_in_bin: 3]
[bin_construct_sample_cnt: 238121]
[data_random_seed: 5112]
[is_enable_sparse: 1]
[enable_bundle: 1]
[use_missing: 1]
[zero_as_missing: 0]
[feature_pre_filter: 1]
[pre_partition: 0]
[two_round: 0]
[header: 0]
[label_column: ]
[weight_column: ]
[group_column: ]
[ignore_column: ]
[categorical_feature: ]
[forcedbins_filename: ]
[precise_float_parser: 0]
[parser_config_file: ]
[objective_seed: 23271]
[num_class: 1]
[is_unbalance: 0]
[scale_pos_weight: 1]
[sigmoid: 1]
[boost_from_average: 1]
[reg_sqrt: 0]
[alpha: 0.9]
[fair_c: 1]
[poisson_max_delta_step: 0.7]
[tweedie_variance_power: 1.5]
[lambdarank_truncation_level: 30]
[lambdarank_norm: 1]
[label_gain: ]
[lambdarank_position_bias_regularization: 0]
[eval_at: ]
[multi_error_top_k: 1]
[auc_mu_weights: ]
[num_machines: 1]
[local_listen_port: 12400]
[time_out: 120]
[machine_list_filename: ]
[machines: ]
[gpu_platform_id: -1]
[gpu_device_id: -1]
[gpu_device_id_list: ]
[gpu_use_dp: 0]
[num_gpu: 1]

end of parameters

pandas_categorical:null
