tree
version=v4
num_class=1
num_tree_per_iteration=1
label_index=0
max_feature_idx=56
objective=regression
feature_names=Column_0 Column_1 Column_2 Column_3 Column_4 Column_5 Column_6 Column_7 Column_8 Column_9 Column_10 Column_11 Column_12 Column_13 Column_14 Column_15 Column_16 Column_17 Column_18 Column_19 Column_20 Column_21 Column_22 Column_23 Column_24 Column_25 Column_26 Column_27 Column_28 Column_29 Column_30 Column_31 Column_32 Column_33 Column_34 Column_35 Column_36 Column_37 Column_38 Column_39 Column_40 Column_41 Column_42 Column_43 Column_44 Column_45 Column_46 Column_47 Column_48 Column_49 Column_50 Column_51 Column_52 Column_53 Column_54 Column_55 Column_56
feature_infos=[0:0.016393441706895828] [0:0.016393441706895828] [0:0.016393441706895828] [0:0.016393441706895828] [0:0.016393441706895828] [0:1] [0:1] [0:1] [0:1] [0:1] [0:1] [0:1] [0:1] [0:1] [0:1] [0.0062500000931322575:0.081967204809188843] [1:5] [0.0090909088030457497:0.090909093618392944] [3.9318256378173828:6.6656837463378906] [1.0611584912112448e-05:0.69967192411422729] [3.6956100757379318e-07:0.080876193940639496] [0.058295965194702148:0.88785046339035034] [6.3561077117919922:6.8012828826904297] [0:6.2653012275695801] [1.6045660231611691e-05:0.92780005931854248] [5.4286215345200617e-07:0.15576513111591339] [0.02500000037252903:0.97368419170379639] [2.9444389343261719:6.3315019607543945] [0:6.1158919334411621] [1.9059229089180008e-05:0.9799339771270752] [9.2254998662610888e-07:0.3495212197303772] [0.014705882407724857:0.99029123783111572] [0:6.1654176712036133] [0:4.4659080505371094] [0.00011365161481080577:0.73721992969512939] [4.8014976528065745e-06:0.21382854878902435] [0.016949152573943138:0.98305082321166992] [0:4.510859489440918] [0:2.9444389343261719] [0.00029266852652654052:0.68955951929092407] [1.4985386769694742e-05:0.22477707266807556] [0.090909093618392944:0.94999998807907104] [0:2.9444389343261719] [0:6.1420373916625977] [1.8173652279074304e-05:0.96546274423599243] [9.0048905576622928e-07:0.25372564792633057] [0.020366597920656204:0.9821428656578064] [0:6.196444034576416] [0:1.0000003576278687] [0:1.0000002384185791] [0:0.3988947868347168] [0:1] [0:1] [0:1] [0:1] [0:1] [0:1]
tree_sizes=1726 1777 1781 1777 1777 1787 1777 1786 1779 1784 1786 1777 1786 1781 1790 1786 1783 1780 1798 1791 1797 1792 1780 1802 1805 1794 1810 1794 1800 1799 1796 1809 1810 1798 1803 1792 1788 1797 1803 1787 1805 1817 1799 1813 1812 1788 1807 1807 1794 1810 1802 1797 1802 1797 1789 1795 1789 1800 1807 1810 1797 1801 1780 1809 1791 1815 1788 1795 1809 1798 1804 1819 1804 1809 1797 1800 1804 1798 1792 1803 1801 1804 1811 1806 1804 1785 1812 1789 1802 1780 1816 1803 1785 1802 1778 1805 1795 1792 1802 1764 1800 1811 1788 1804 1805 1801 1801 1785 1805 1787 1782 1799 1769 1788 1788 1794 1808 1809 1788 1794

Tree=0
num_leaves=15
num_cat=0
split_feature=24 27 48 37 0 36 49 35 51 29 32 34 29 30
split_gain=6002.85 465.342 290.15 513.925 283.202 259.515 237.223 220.674 177.562 142.403 131.85 121.921 99.63 96.1669
threshold=0.40769322216510778 6.2980260848999032 0.77320712804794323 1.0000000180025095e-35 0.014389234129339458 0.56021979451179515 0.069898072630167021 0.067256763577461257 1.0000000180025095e-35 0.62140813469886791 3.4498615264892583 0.61526343226432811 0.63078710436820995 0.02210897766053677
decision_type=2 2 2 2 2 2 2 2 2 2 2 2 2 2
left_child=4 9 5 10 6 -3 -1 11 -8 -2 -4 -5 -7 -12
right_child=1 2 3 7 -6 12 8 -9 -10 -11 13 -13 -14 -15
leaf_value=0.16838743838713857 0.18913778004268489 0.18877821040874415 0.17796240296975904 0.17275136162726185 0.18161025214085652 0.18835273178458595 0.17125079879225302 0.21136188156360072 0.17961179583240694 0.20790472235314872 0.20018478808137807 0.18628322865056079 0.20699515427575657 0.17505233202632003
leaf_weight=104291.45769198053 1249.9308180306107 5552.2680593132973 892.01806911826134 6407.4390618801117 5102.8334222845733 871.18298536539078 31187.767499580979 462.40153646469116 7963.2590213008225 5841.2888279836625 5851.0032451152802 2237.885847389698 4688.122391462326 407.61532273888588
leaf_count=62472 9192 2224 1145 3094 3118 403 17748 302 21558 68234 3649 1370 946 979
internal_value=0.174407 0.193205 0.190237 0.185969 0.170045 0.196466 0.169633 0.178084 0.172952 0.204622 0.195992 0.176264 0.204104 0.198552
internal_weight=183006 34461.2 27369.9 16258.4 148545 11111.6 143442 9107.73 39151 7091.22 7150.64 8645.32 5559.31 6258.62
internal_count=196434 91538 14112 10539 104896 3573 101778 4766 39306 77426 5773 4464 1349 4628
is_linear=0
shrinkage=1


Tree=1
num_leaves=15
num_cat=0
split_feature=24 27 15 48 37 49 36 22 32 24 0 32 34 29
split_gain=5418.9 423.811 256.437 242.277 471.879 197.964 197.547 163.022 141.838 128.015 125.519 118.425 106.51 100.899
threshold=0.40769322216510778 6.2785058021545419 0.043695732951164253 0.85643073916435253 1.0000000180025095e-35 0.10979666933417322 0.59299960732460033 6.7973818778991708 4.8374145030975351 0.80593541264534008 0.015038444194942715 3.4498615264892583 0.54739764332771312 0.63078710436820995
decision_type=2 2 2 2 2 2 2 2 2 2 2 2 2 2
left_child=2 -2 5 6 11 -1 9 12 -7 -3 -4 -5 -6 -8
right_child=1 3 10 4 7 8 13 -9 -10 -11 -12 -13 -14 -15
leaf_value=-0.0056725793384385407 0.032519172452673502 0.0083955496355445792 6.4021881572065215e-05 0.002235836824127241 0.0032825221696478773 -0.0024509981074327357 0.014913472976350371 -0.00062834777675002771 0.0076042791020307825 0.021390535681455592 0.012212784615639219 0.02349501823223667 0.023229445025788595 0.029952423915923367
leaf_weight=111557.77628267929 4312.7226834371686 3804.4374100267887 10282.473596859723 734.90639111399651 1240.7754824012518 19782.352537602186 1455.5724569410086 6194.8014643192291 4252.373744789511 3808.8893710374832 2670.3414732161909 6193.5702868998051 1452.5565936863422 5262.9240249991417
leaf_count=68456 70120 2880 6184 889 2161 12570 1646 1369 16092 2913 1594 4753 2975 1832
internal_value=5.17699e-07 0.0178606 -0.00414379 0.0157537 0.0114743 -0.00478587 0.020465 0.0038414 -0.000669533 0.0149164 0.00257609 0.0212465 0.0140863 0.0267212
internal_weight=183006 34461.2 148545 30148.4 15816.6 135593 14331.8 8888.13 24034.7 7613.33 12952.8 6928.48 2693.33 6718.5
internal_count=196434 91538 104896 21418 12147 97118 9271 6505 28662 5793 7778 5642 5136 3478
is_linear=0
shrinkage=0.05


Tree=2
num_leaves=15
num_cat=0
split_feature=24 27 49 48 37 22 35 51 3 29 15 32 33 36
split_gain=4893.65 387.953 242.25 234.392 418.806 227.167 190.29 142.632 120.526 114.759 110.285 109.298 106.298 104.935
threshold=0.41703537106513983 6.2980260848999032 0.069898072630167021 0.77320712804794323 1.0000000180025095e-35 6.7984981536865243 0.067256763577461257 1.0000000180025095e-35 0.015038444194942715 0.66214430332183849 0.051945185288786895 3.4498615264892583 1.2424533367156985 0.6900656819343568
decision_type=2 2 2 2 2 2 2 2 2 2 2 2 2 2
left_child=2 9 8 5 11 -3 12 10 -1 -2 -4 -5 -6 -7
right_child=1 3 7 4 6 13 -8 -9 -10 -11 -12 -13 -14 -15
leaf_value=-0.0054095890100918607 0.015046108566509946 0.0047976935136065449 -0.0031114525125185552 0.0031489521050181491 0.005448501181661093 0.020073626134013523 0.034281304441372104 0.0050961835019126362 0.0067389594327812788 0.03089921530810387 0.0065865618572173469 0.021899539165449806 -0.006484302154207134 0.032418680872960626
leaf_weight=105119.57724633254 1477.547123523429 2023.3569865822792 29908.914099574089 892.01806911826134 5824.1916244029999 6640.5086443424225 460.94509160518646 8495.658004058525 2073.9208981525153 5509.7441799622029 3240.567304238677 6226.9299542307854 2734.4882926046848 2378.1062812805176
leaf_count=62989 14151 1841 17006 1145 3140 1403 301 23667 1150 61669 1755 4603 1304 310
internal_value=9.57922e-07 0.0170629 -0.00391672 0.0143519 0.0105001 0.019967 0.00333747 -0.000680224 -0.00517394 0.0275732 -0.00216171 0.0195578 0.00163287 0.0233612
internal_weight=183006 34167.8 148839 27180.5 16138.6 11042 9019.63 41645.1 107193 6987.29 33149.5 7118.95 8558.68 9018.61
internal_count=196434 89867 106567 14047 10493 3554 4745 42428 64139 75820 18761 5748 4444 1713
is_linear=0
shrinkage=0.05


Tree=3
num_leaves=15
num_cat=0
split_feature=24 27 0 48 37 49 36 32 37 29 32 35 22 29
split_gain=4417.55 353.068 222.952 196.222 386.555 183.52 171.508 144.304 137.058 114.043 98.3071 94.37 91.2369 82.3509
threshold=0.41703537106513983 6.2785058021545419 0.014389234129339458 0.85643073916435253 1.0000000180025095e-35 0.069898072630167021 0.59299960732460033 4.8374145030975351 1.5890269279479983 0.87304964661598217 3.4498615264892583 0.067256763577461257 6.7945859432220468 0.81385925412178051
decision_type=2 2 2 2 2 2 2 2 2 2 2 2 2 2
left_child=2 -2 5 6 10 -1 9 -7 11 -3 -5 12 -6 -8
right_child=1 3 -4 4 8 7 13 -9 -10 -11 -12 -13 -14 -15
leaf_value=-0.0051839173921530294 0.029727257732866882 0.0068907520689296927 0.0065368998980530838 0.0019702124850111496 0.015813466277051408 -0.0023848511119931664 0.017663401395534638 0.0064052463288956727 -0.0071484280897718619 0.019202028880316902 0.021344015224816281 0.033465907588046073 0.0021263219544422098 0.029099114309554863
leaf_weight=104314.73666370846 4232.3452349603176 3597.0572877824306 5106.6501719113439 734.90639111399651 1647.7871837168932 34015.310930103064 2751.9334240853786 5401.9397866334766 2249.2798520326614 3972.8810338973999 6161.052080899477 313.84789037704468 4599.940442442894 3906.8054263442755
leaf_count=62539 68574 3038 3235 889 3919 20645 2036 20148 1019 2712 4726 212 1326 1416
internal_value=1.37828e-06 0.0162122 -0.00372086 0.0142921 0.0104275 -0.00408573 0.0185478 -0.00117889 0.00348097 0.0133688 0.0192852 0.00713002 0.0057557 0.0244065
internal_weight=183006 34167.8 148839 29935.5 15706.8 143732 14228.7 39417.3 8810.86 7569.94 6895.96 6561.58 6247.73 6658.74
internal_count=196434 89867 106567 21293 12091 103332 9202 40793 6476 5750 5615 5457 5245 3452
is_linear=0
shrinkage=0.05


Tree=4
num_leaves=15
num_cat=0
split_feature=24 27 15 48 37 36 49 35 0 29 51 32 22 25
split_gain=3987.88 321.87 209.84 192.346 376.06 189.72 152.037 150.159 107.664 101.041 100.702 91.1524 82.9418 81.8729
threshold=0.41703537106513983 6.2980260848999032 0.040267826989293105 0.82537302374839794 1.0000000180025095e-35 0.56021979451179515 0.12909608334302905 0.067256763577461257 0.015038444194942715 0.62612417340278637 1.0000000180025095e-35 3.4498615264892583 6.7804884910583505 0.015394654590636494
decision_type=2 2 2 2 2 2 2 2 2 2 2 2 2 2
left_child=2 9 6 5 11 13 -1 -6 -4 -2 -8 -5 -13 -3
right_child=1 3 8 4 7 -7 10 -9 -10 -11 -12 12 -14 -15
leaf_value=-0.0048813972331855681 0.011628297986600086 0.0056904975439591304 5.759388508363974e-06 0.0019855292957781288 0.00056931379851586422 0.023940423873295522 -0.0024222947052242962 0.030926986488419558 0.01080089051541233 0.027716019259622655 0.0054024757156456212 -0.0030065051825409173 0.021406112098081066 0.017580887235486922
leaf_weight=113459.18336976692 1198.4842086788267 3111.3048140406609 12668.370103141293 802.52071252465248 7990.9480539560318 6025.3290305733681 14104.305055066943 419.24250268936157 2814.6808474436402 5788.8070948068053 5792.0981769375503 367.87514495849609 5741.9234458804131 2721.4012395441532
leaf_count=70877 8883 1602 7731 990 3770 2014 8062 274 1723 66937 18174 929 3568 900
internal_value=1.7889e-06 0.015404 -0.00353479 0.0129348 0.00922444 0.0177174 -0.00417448 0.00211756 0.00197392 0.0249772 -0.000142834 0.0178558 0.0199337 0.0112589
internal_weight=183006 34167.8 148839 27180.5 15322.5 11858 133356 8410.19 15483.1 6987.29 19896.4 6912.32 6109.8 5832.71
internal_count=196434 89867 106567 14047 9531 4516 97113 4044 9454 75820 26236 5487 4497 2502
is_linear=0
shrinkage=0.05


Tree=5
num_leaves=15
num_cat=0
split_feature=24 29 47 48 0 22 35 41 33 47 47 36 49 51
split_gain=3602.47 309.117 359.142 442.408 190.686 177.959 90.9137 88.7839 109.991 86.1454 88.1431 84.2735 81.6888 83.0111
threshold=0.29691541194915777 0.58760038018226635 6.1913387775421151 0.77320712804794323 0.013423423748463394 6.7984981536865243 0.085492223501205458 0.73214286565780651 1.0000000180025095e-35 4.3630783557891855 4.7193748950958261 0.56021979451179515 0.069898072630167021 1.0000000180025095e-35
decision_type=2 2 2 2 2 2 2 2 2 2 2 2 2 2
left_child=4 6 -3 5 7 -4 9 12 -9 -2 -11 -7 -1 -14
right_child=1 2 3 -5 -6 11 -8 8 -10 10 -12 -13 13 -15
leaf_value=-0.0051968676631143898 0.0012344695451374124 0.023298646922908273 -0.0015389504043745396 0.0013617898331545332 0.003978662382439364 0.015880405178203917 0.031146512218863096 0.0077669490308948964 -0.0027642765132102152 0.019380751906053161 0.0065929655592227984 0.02676545871113821 -0.0034765985909394979 0.0031744953217652614
leaf_weight=93088.080238075927 4888.6628071516752 11547.869598664343 928.80124998092651 6198.2919926643372 7823.7156800702214 3416.9553241729736 372.25202929228544 3282.3729574978352 10030.371479690075 1804.0195846557617 5320.8459823969752 3861.2293086051941 24658.399277865887 5784.6062892246991
leaf_count=56751 4259 75517 529 1415 4357 605 279 1361 4772 210 19782 768 14579 11250
internal_value=2.10195e-06 0.0136271 0.0167287 0.0114494 -0.00360941 0.0190571 0.00711986 -0.0040435 -0.00016383 0.00635008 0.00985346 0.021684 -0.00446156 -0.00221217
internal_weight=183006 38338.9 25953.1 14405.3 144668 8206.99 12385.8 136844 13312.7 12013.5 7124.87 7278.18 123531 30443
internal_count=196434 103364 78834 3317 93070 1902 24530 88713 6133 24251 19992 1373 82580 25829
is_linear=0
shrinkage=0.05


Tree=6
num_leaves=15
num_cat=0
split_feature=24 22 24 0 48 34 32 49 49 28 1 44 41 33
split_gain=3251.86 285.879 221.118 173.956 132.081 207.982 112.111 92.7813 86.5656 80.3137 102.82 74.6031 66.8994 81.0728
threshold=0.29691541194915777 6.7702026367187509 0.78579840064048778 0.014389234129339458 0.85643073916435253 0.52796861529350292 6.1601512432098398 0.10716183111071588 0.069898072630167021 3.0201274156570439 0.013245614245533945 0.32774642109870916 0.73214286565780651 1.0000000180025095e-35
decision_type=2 2 2 2 2 2 2 2 2 2 2 2 2 2
left_child=3 11 9 8 7 -6 -7 -4 12 10 -3 -2 -1 -14
right_child=1 2 4 -5 5 6 -8 -9 -10 -11 -12 -13 13 -15
leaf_value=-0.0048771983855979079 0.0090521804437394184 -0.0055304252266033839 -0.0010744651959626054 0.0057068004543827057 -0.00648137848029117 0.01874332015030265 0.0062192388695599945 0.021260496880979234 -0.0016563329119414834 0.0084007862949030693 0.026149494811109654 0.025970180236564496 0.0073535327943508233 -0.003367588755700807
leaf_weight=94814.678551305085 773.81815590709448 2062.2239736914635 495.01880148053169 5021.0994413420558 1426.7666467726231 4980.9460874199867 2804.8867332935333 7419.5106887221336 36291.097225829959 13440.877867490053 282.27797409892082 4652.6009487081319 2474.2596473991871 6066.411056548357
leaf_count=57631 3515 1054 223 2848 642 4953 729 4814 28949 7894 74 79466 763 2879
internal_value=2.34554e-06 0.0129474 0.0111879 -0.00342893 0.0151223 0.0110317 0.0142452 0.019864 -0.00375779 0.00691219 -0.0016213 0.0235787 -0.00449545 -0.000256678
internal_weight=183006 38338.9 32912.5 144668 17127.1 9212.6 7785.83 7914.53 139646 15785.4 2344.5 5426.42 103355 8540.67
internal_count=196434 103364 20383 93070 11361 6324 5682 5037 90222 9022 1128 82981 61273 3642
is_linear=0
shrinkage=0.05


Tree=7
num_leaves=15
num_cat=0
split_feature=24 27 15 48 37 22 35 49 51 34 0 22 36 39
split_gain=2937.28 249.437 172.361 151.312 275.078 161.168 130.866 116.115 92.8258 85.9961 84.4155 80.6668 80.4239 85.2073
threshold=0.41703537106513983 6.2980260848999032 0.040267826989293105 0.7751741111278535 1.0000000180025095e-35 6.7984981536865243 0.067256763577461257 0.10979666933417322 1.0000000180025095e-35 0.61526343226432811 0.015038444194942715 6.7804884910583505 0.6900656819343568 0.55076253414154064
decision_type=2 2 2 2 2 2 2 2 2 2 2 2 2 2
left_child=2 -2 7 5 11 -3 9 -1 -9 -6 -4 -5 13 -7
right_child=1 3 10 4 6 12 -8 8 -10 -11 -12 -13 -14 -15
leaf_value=-0.0042973665040270427 0.021648010644700833 0.0028824778767850773 0.00021691637385707794 -0.0021923246912795183 -0.0022758511058162257 0.009751813110321271 0.027786830789773561 -0.0023184557795956329 0.0047694722259087347 0.0091313657420696685 0.0097759225917039838 0.016900376234140299 0.026338649576048413 0.021124880026907093
leaf_weight=109707.38505563699 6987.2913034856319 2051.819386780262 12668.370103141293 602.13468411564827 6302.1355303227901 3268.657591342926 460.94509160518646 17366.30995157361 6281.8915945608169 2228.0418255925179 2814.6808474436402 6513.4531946182251 2378.1062812805176 3375.2513585090637
leaf_count=67451 75820 1894 7731 1578 3042 696 301 10141 19521 1350 1723 4168 310 708
internal_value=2.51746e-06 0.0132211 -0.00303267 0.0110477 0.00794603 0.0155477 0.00212829 -0.00361242 -0.000434403 0.000710863 0.00195985 0.0152839 0.0184217 0.0155526
internal_weight=183006 34167.8 148839 27180.5 16106.7 11073.8 8991.12 133356 23648.2 8530.18 15483.1 7115.59 9022.02 6643.91
internal_count=196434 89867 106567 14047 10439 3608 4693 97113 29662 4392 9454 5746 1714 1404
is_linear=0
shrinkage=0.05


Tree=8
num_leaves=15
num_cat=0
split_feature=24 29 47 48 3 36 49 35 22 47 47 37 41 33
split_gain=2659.85 243.586 281.03 345.581 146.608 146.57 75.0988 74.946 68.8825 67.2208 71.325 62.342 61.0879 76.4062
threshold=0.29691541194915777 0.58760038018226635 6.1913387775421151 0.77320712804794323 0.014599318150430919 0.56021979451179515 0.069898072630167021 0.085492223501205458 6.7984981536865243 4.3630783557891855 4.7193748950958261 1.5890269279479983 0.73214286565780651 1.0000000180025095e-35
decision_type=2 2 2 2 2 2 2 2 2 2 2 2 2 2
left_child=4 7 -3 5 6 8 12 9 -4 -2 -11 -5 -1 -14
right_child=1 2 3 11 -6 -7 -8 -9 -10 10 -12 -13 13 -15
leaf_value=-0.0044430245055662098 0.00071793800474711047 0.020274914306345579 -0.0018761717400919344 0.0039164923442403746 0.005667315863400961 0.023603013376970631 -0.0014432104627214158 0.027745861326560314 0.013456353206400016 0.01689951934301644 0.005399165544127559 -0.00737020348073347 0.0073199107660790255 -0.0030623017699737505
leaf_weight=94879.034822136164 4888.6628071516752 11547.869598664343 928.80124998092651 4533.9365582466125 4607.0736521482468 3861.2293086051941 36629.504808750004 372.25202929228544 3416.9553241729736 1804.0195846557617 5320.8459823969752 1664.3554344177246 2492.9443508982658 6058.9882884919643
leaf_count=57676 4259 75517 529 1229 2658 768 29092 279 605 210 19782 186 767 2877
internal_value=2.77182e-06 0.0117103 0.0144634 0.00979389 -0.00310048 0.0165177 -0.00338927 0.00593436 0.0101826 0.00523599 0.00833067 0.000878817 -0.00407825 -3.08043e-05
internal_weight=183006 38338.9 25953.1 14405.3 144668 8206.99 140060 12385.8 4345.76 12013.5 7124.87 6198.29 103431 8551.93
internal_count=196434 103364 78834 3317 93070 1902 90412 24530 1134 24251 19992 1415 61320 3644
is_linear=0
shrinkage=0.05


Tree=9
num_leaves=15
num_cat=0
split_feature=24 22 24 0 48 37 34 22 49 41 33 44 23 44
split_gain=2400.96 227.11 178.811 138.976 100.513 163.848 85.1434 77.8285 71.4572 67.9995 85.3431 61.1813 60.4162 66.9634
threshold=0.29691541194915777 6.7702026367187509 0.78579840064048778 0.013423423748463394 0.85643073916435253 1.0000000180025095e-35 0.56911897659301769 6.7984981536865243 0.10716183111071588 0.73214286565780651 1.0000000180025095e-35 0.32774642109870916 6.1580371856689462 0.10504351183772088
decision_type=2 2 2 2 2 2 2 2 2 2 2 2 2 2
left_child=3 11 -3 9 8 -6 -7 -8 -4 12 -11 -2 -1 -14
right_child=1 2 4 -5 5 6 7 -9 -10 10 -12 -13 13 -15
leaf_value=-0.0039628218456576455 0.0074606630823583313 0.0057137273031509523 -0.0011394613461684568 0.0035324842396030304 0.016663811774087482 -0.0054133405634744112 0.020521838795520594 0.0031964783103237181 0.01845778566294367 0.0070648361330898288 -0.0022116766227456724 0.022766099011694248 -0.0028561496963165518 0.0069925315431928915
leaf_weight=116040.44101760164 773.81815590709448 15785.379815280437 495.01880148053169 7823.7156800702214 4287.1030164957047 1782.8167272806168 905.42907473444939 2237.2506489753723 7419.5106887221336 3282.3729574978352 10030.371479690075 4652.6009487081319 4812.7039935141802 2677.9407940506935
leaf_count=76532 3515 9022 223 4357 3465 891 1388 580 4814 1361 4772 79466 4583 1465
internal_value=2.92533e-06 0.0111261 0.00955814 -0.00294544 0.013096 0.00952774 0.0032954 0.0082373 0.0172322 -0.00331603 7.91144e-05 0.0206013 -0.0036819 0.000669429
internal_weight=183006 38338.9 32912.5 144668 17127.1 9212.6 4925.5 3142.68 7914.53 136844 13312.7 5426.42 123531 7490.64
internal_count=196434 103364 20383 93070 11361 6324 2859 1968 5037 88713 6133 82981 82580 6048
is_linear=0
shrinkage=0.05


Tree=10
num_leaves=15
num_cat=0
split_feature=24 29 47 48 36 15 0 35 44 51 47 47 25 48
split_gain=2167.23 210.467 233.642 295.246 131.175 129.403 72.5627 66.3959 61.5382 107.359 58.4509 62.5041 58.4058 57.5769
threshold=0.29691541194915777 0.58760038018226635 6.1913387775421151 0.77320712804794323 0.56021979451179515 0.042134381830692298 0.015038444194942715 0.085492223501205458 0.11979661881923677 1.0000000180025095e-35 4.3630783557891855 4.7193748950958261 0.014388771262019874 0.97239467501640331
decision_type=2 2 2 2 2 2 2 2 2 2 2 2 2 2
left_child=5 7 -3 4 12 8 -7 10 -1 -10 -2 -12 -4 -5
right_child=1 2 3 13 -6 6 -8 -9 9 -11 11 -13 -14 -15
leaf_value=-0.0038809089567403443 0.00033321668418197079 0.018428875972244952 0.0027107549135043469 -0.0029699312942538811 0.021789137412061649 7.9448482647240305e-06 0.0091153383052779632 0.025729870322707474 -0.0024238592438048379 0.006633285481160725 0.015451828586686221 0.0046879881538467207 0.014359988218931544 0.0070592350708812883
leaf_weight=100484.99411234446 4888.6628071516752 11547.869598664343 1970.4752717018127 3975.3777723312378 3861.2293086051941 11174.892857845873 2709.2879467215389 372.25202929228544 26577.068569123745 3721.302436389029 1804.0195846557617 5320.8459823969752 2375.2813024520874 2222.9142203330994
leaf_count=61054 4259 75517 518 941 768 6560 1450 279 14517 9489 210 19782 616 474
internal_value=3.04334e-06 0.010571 0.01313 0.00887241 0.0150873 -0.00279814 0.0017904 0.00520245 -0.00328537 -0.00130962 0.00454552 0.00743123 0.00909628 0.000632439
internal_weight=183006 38338.9 25953.1 14405.3 8206.99 144668 13884.2 12385.8 130783 30298.4 12013.5 7124.87 4345.76 6198.29
internal_count=196434 103364 78834 3317 1902 93070 8010 24530 85060 24006 24251 19992 1134 1415
is_linear=0
shrinkage=0.05


Tree=11
num_leaves=15
num_cat=0
split_feature=24 22 24 15 48 34 32 0 49 49 28 1 27 36
split_gain=1956.35 195.76 154.908 117.821 83.6587 137.187 69.4578 69.1463 62.8424 55.3022 54.9161 93.0691 50.6567 49.2986
threshold=0.29691541194915777 6.7702026367187509 0.78579840064048778 0.031264562159776695 0.85643073916435253 0.53310218453407299 6.1601512432098398 0.015038444194942715 0.066451620310544982 0.25058467686176306 3.0201274156570439 0.013245614245533945 6.2785058021545419 0.49725274741649633
decision_type=2 2 2 2 2 2 2 2 2 2 2 2 2 2
left_child=3 12 10 9 8 -6 -7 -5 -4 -1 11 -3 -2 -10
right_child=1 2 4 7 5 6 -8 -9 13 -11 -12 -13 -14 -15
leaf_value=-0.0035084201250681654 0.020821343417958132 -0.0057608261302541444 -0.0018159690743456101 -0.00045033360806775926 -0.0052474552302452264 0.014864087262859258 0.0049727505708887345 0.0077088977813976724 0.0029412856572421995 0.0018618881165907678 0.0062413710545949396 0.02438067996933721 0.006947265814816546 0.017988067270209771
leaf_weight=116152.36582667753 4645.1391381565481 2062.2239736914635 481.48823243379593 20559.053801687434 1488.0679170191288 4933.9116986393929 2790.6198518276215 2961.8551095575094 596.07790595293045 4994.2711845021695 13440.877867490053 282.27797409892082 781.27996645867825 6836.9633518159389
leaf_count=74202 80088 1054 211 12305 703 4896 725 1615 219 4948 7894 74 2893 4607
internal_value=3.21092e-06 0.0100438 0.00858824 -0.0026582 0.011881 0.00862582 0.0113017 0.000579952 0.0156544 -0.00328689 0.00501033 -0.00204365 0.0188402 0.016787
internal_weight=183006 38338.9 32912.5 144668 17127.1 9212.6 7724.53 23520.9 7914.53 121147 15785.4 2344.5 5426.42 7433.04
internal_count=196434 103364 20383 93070 11361 6324 5621 13920 5037 79150 9022 1128 82981 4826
is_linear=0
shrinkage=0.05


Tree=12
num_leaves=15
num_cat=0
split_feature=24 27 15 29 47 48 36 22 35 49 15 22 45 24
split_gain=1766.71 164.812 120.82 94.807 95.8782 219.769 90.3866 79.0223 68.3863 62.3924 58.1551 54.6884 51.46 51.0631
threshold=0.41703537106513983 6.2785058021545419 0.031264562159776695 0.82155263423919689 6.1913387775421151 0.78188824653625499 0.59891304373741161 6.5494942665100107 0.085492223501205458 0.10979666933417322 0.076673973351717009 6.8007264137268075 0.006239143433049322 0.26226226985454565
decision_type=2 2 2 2 2 2 2 2 2 2 2 2 2 2
left_child=2 -2 7 8 -5 6 -6 -1 11 -9 13 -3 -11 -4
right_child=1 3 10 4 5 -7 -8 9 -10 12 -12 -13 -14 -15
leaf_value=0.014651382531992647 0.019487173069299556 0.0031023831330231934 -7.3730919777423632e-05 0.017068353881791454 0.0096769442528303485 0.00083145259351008352 0.021976281611487861 -0.0035779113816509197 0.024537348599380275 0.00054869906957200575 0.013029020800815637 0.010091916212837622 -0.0058478158025241263 0.012259612790120732
leaf_weight=622.72486209124327 4232.3452349603176 9286.6933836042881 22377.499000379816 5283.6073680818081 3406.4618589878082 4795.8678832054138 2692.3707585334778 102758.54600201547 465.21711814403534 17456.126805782318 937.06758998334408 4005.2726421356201 3824.737871363759 861.93542074039578
leaf_count=20716 68574 11223 13209 6793 886 1098 548 56889 291 8750 441 454 5089 1473
internal_value=3.30147e-06 0.010255 -0.00235064 0.00894366 0.0115391 0.00884433 0.0151337 -0.00297795 0.00588532 -0.00306763 0.000883894 0.00521454 -0.000603132 0.000388781
internal_weight=183006 34167.8 148839 29935.5 16178.3 10894.7 6098.83 124662 13757.2 124039 24176.5 13292 21280.9 23239.4
internal_count=196434 89867 106567 21293 9325 2532 1434 91444 11968 70728 15123 11677 13839 14682
is_linear=0
shrinkage=0.05


Tree=13
num_leaves=15
num_cat=0
split_feature=24 29 47 48 22 3 49 33 34 45 35 48 47 1
split_gain=1597.4 163.93 178.681 231.841 109.464 103.139 62.2458 56.7368 58.9743 54.989 53.6509 51.199 46.8414 49.674
threshold=0.29691541194915777 0.58760038018226635 6.1913387775421151 0.77320712804794323 6.7984981536865243 0.015038444194942715 0.015602658502757551 1.7005987167358401 0.56201714277267467 0.006239143433049322 0.085492223501205458 0.97239467501640331 4.3502571582794198 0.013423423748463394
decision_type=2 2 2 2 2 2 2 2 2 2 2 2 2 2
left_child=5 10 -3 4 -4 6 -1 8 -6 -8 12 -5 13 -2
right_child=1 2 3 11 7 -7 9 -9 -10 -11 -12 -13 -14 -15
leaf_value=-0.0036557934620687939 -0.0019042216929053516 0.01596856137044559 -0.0030171345348477927 -0.0030861951887518123 0.0059438578240176279 0.0061214920418885405 -0.00095775299767057373 0.021456852195974513 0.017034832777049383 -0.0048248406070116089 0.022789301793581102 0.0063711004425892996 0.0060997615835626171 0.018385864334694978
leaf_weight=70895.633090484887 4037.5376966297626 11547.869598664343 928.80124998092651 3975.3777723312378 2207.179901599884 3455.5674816351384 59450.109372520819 2415.9049978256226 2655.0997333526611 10866.235977783799 372.25202929228544 2222.9142203330994 7660.0462587717921 315.9444188028574
leaf_count=40123 3965 75517 529 941 398 2009 35592 378 597 15346 279 474 20082 204
internal_value=3.51282e-06 0.00907637 0.0113348 0.00761167 0.0131189 -0.00240138 -0.00261036 0.0151794 0.0120227 -0.00155595 0.00433874 0.000310305 0.00374855 -0.000392952
internal_weight=183006 38338.9 25953.1 14405.3 8206.99 144668 141212 7278.18 4862.28 70316.3 12385.8 6198.29 12013.5 4353.48
internal_count=196434 103364 78834 3317 1902 93070 91061 1373 995 50938 24530 1415 24251 4169
is_linear=0
shrinkage=0.05


Tree=14
num_leaves=15
num_cat=0
split_feature=24 22 24 0 35 41 33 48 37 23 44 1 30 36
split_gain=1442.02 154.292 124.224 97.4337 73.5046 60.4984 78.4749 49.6333 96.7407 48.2705 48.9747 47.7147 47.6022 45.3644
threshold=0.29691541194915777 6.7702026367187509 0.78579840064048778 0.012739370577037336 0.016132541932165626 0.73214286565780651 1.0000000180025095e-35 0.85643073916435253 1.0000000180025095e-35 6.1643662452697763 0.10504351183772088 0.016261236742138866 0.0036928713088855152 0.60894551873207103
decision_type=2 2 2 2 2 2 2 2 2 2 2 2 2 2
left_child=3 -2 -3 5 7 9 -7 13 12 -1 -11 -5 -9 -4
right_child=1 2 4 11 -6 6 -8 8 -10 10 -12 -13 -14 -15
leaf_value=-0.003211391170255401 0.016432859236536375 0.0041282206522333369 0.007349892606197856 0.0016977643727968434 0.014958470186033241 0.0073343129306246233 -0.001627999020204436 0.015641002612116494 -0.00015150567037121773 -0.0021785323008731024 0.0070210890017251091 0.017792089001610459 -0.0026057594694468078 0.016744286785552273
leaf_weight=115494.13136824965 5426.4191046152264 15785.379815280437 2907.0662717521191 9530.0066884364933 5638.6017436385155 3239.0696376860142 9829.3833619952202 2079.0819182991982 3738.714148670435 3764.5024639517069 2336.3148633539677 474.13753875158727 428.06467312574387 2335.6002022027969
leaf_count=77323 82981 9022 2217 5354 3797 1338 4674 1523 2144 3004 1129 248 525 1155
internal_value=3.61789e-06 0.00862393 0.00733184 -0.00228132 0.0102804 -0.00263502 0.000597256 0.00797332 0.0049499 -0.00298243 0.0013502 0.00247755 0.0125276 0.011559
internal_weight=183006 38338.9 32912.5 144668 17127.1 134663 13068.5 11488.5 6245.86 121595 6100.82 10004.1 2507.15 5242.67
internal_count=196434 103364 20383 93070 11361 87468 6012 7564 4192 81456 4133 5602 2048 3372
is_linear=0
shrinkage=0.05


Tree=15
num_leaves=15
num_cat=0
split_feature=24 27 15 48 37 22 35 32 25 22 34 36 29 39
split_gain=1305.7 131.219 99.6106 82.0905 156.462 97.6831 79.8605 70.9812 86.9102 57.7657 56.4916 52.8739 52.1822 51.7067
threshold=0.42428906261920935 6.2980260848999032 0.031264562159776695 0.7751741111278535 1.0000000180025095e-35 6.7984981536865243 0.067256763577461257 4.8374145030975351 0.014756484422832729 6.7804884910583505 0.61526343226432811 0.6900656819343568 0.7153112292289735 0.56239622831344616
decision_type=2 2 2 2 2 2 2 2 2 2 2 2 2 2
left_child=2 12 7 5 9 -3 10 -1 -9 -5 -6 13 -2 -7
right_child=1 3 -4 4 6 11 -8 8 -10 -11 -12 -13 -14 -15
leaf_value=-0.0029323116214289109 0.0079017673666171399 0.00068472510220610118 0.00092259266297495084 -0.0042736141507671776 -0.0029496117983739949 0.0066849409630434986 0.020685825270195458 -0.0012043736141679343 0.0096519991434096813 0.011893973250799286 0.006301657469860277 0.01924777533026667 0.017663226552833273 0.015659043007684503
leaf_weight=114937.35961855948 1916.0986141134053 2030.7906847298145 24191.076919699088 598.84409955143929 6272.2748174071312 3810.1925477981567 458.41502225399017 7445.2003371119499 2439.4231620505452 6492.29931178689 2228.0418255925179 2369.4268569946289 5017.8748524505645 2799.1551299095154
leaf_count=61110 23354 1874 15167 1570 3030 813 300 13417 17736 4148 1350 309 51673 583
internal_value=3.70828e-06 0.00884468 -0.00201359 0.00726729 0.00498129 0.0105923 0.000586778 -0.00258266 0.00148191 0.0105245 -0.00052018 0.0128299 0.0149811 0.0105035
internal_weight=183006 33993.4 149013 27059.4 16049.9 11009.6 8958.73 124822 9884.62 7091.14 8500.32 8978.77 6933.97 6609.35
internal_count=196434 89004 107430 13977 10398 3579 4680 92263 31153 5718 4380 1705 75027 1396
is_linear=0
shrinkage=0.05


Tree=16
num_leaves=15
num_cat=0
split_feature=24 29 47 48 36 3 41 33 25 35 49 22 49 32
split_gain=1180.45 135.746 140.181 183.674 91.2365 85.5845 56.7098 80.0734 48.5571 46.94 44.5806 43.5259 43.2694 42.8383
threshold=0.28443354368209844 0.58760038018226635 6.1913387775421151 0.77320712804794323 0.56021979451179515 0.015038444194942715 0.70714285969734203 1.0000000180025095e-35 0.014388771262019874 0.085492223501205458 0.5652560591697694 6.7984981536865243 0.069898072630167021 6.1643662452697763
decision_type=2 2 2 2 2 2 2 2 2 2 2 2 2 2
left_child=5 9 -3 4 8 6 12 11 -4 -2 -5 -8 -1 -10
right_child=1 2 3 10 -6 -7 7 -9 13 -11 -12 -13 -14 -15
leaf_value=-0.0031428650713533216 0.0030162388500770123 0.013904271093306268 0.000603490913163533 -0.0061301112564756607 0.016994124576794969 0.005691414541976021 -0.0070325915794447304 -0.0014371568292889515 0.0014855879273158764 0.019962474359897977 0.0029264385230816999 0.0094959133204970333 -0.00099790709746811249 0.015838934572260547
leaf_weight=95333.971897602081 12739.637449890375 11552.486228562891 1970.4752717018127 1994.6195614337921 3861.2293086051941 3439.7812202554196 451.39352968335152 10432.179268747568 769.74758720397949 412.63815086334944 4207.8561403751373 3011.4242160320282 31223.500253804028 1605.5337152481079
leaf_count=57835 25014 75522 518 274 768 2000 985 4957 301 300 1142 443 26060 315
internal_value=3.81238e-06 0.00770483 0.00980107 0.00650404 0.0114069 -0.00208995 -0.00228091 0.000750762 0.00641494 0.00356267 8.81384e-06 0.0073273 -0.00261379 0.0112132
internal_weight=183006 39114.2 25961.9 14409.5 8206.99 143892 140452 13895 4345.76 13152.3 6202.48 3462.82 126557 2375.28
internal_count=196434 104154 78840 3318 1902 92280 90280 6385 1134 25314 1416 1428 83895 616
is_linear=0
shrinkage=0.05


Tree=17
num_leaves=15
num_cat=0
split_feature=24 22 24 0 35 41 33 31 23 44 22 1 27 48
split_gain=1066.59 131.739 110.257 81.402 60.1883 51.6108 64.8582 47.1348 37.1609 46.5912 37.126 36.951 36.7225 36.2873
threshold=0.2696224451065064 6.7702026367187509 0.78579840064048778 0.013986697886139156 0.016132541932165626 0.73214286565780651 1.0000000180025095e-35 0.63015246391296398 6.1580371856689462 0.10504351183772088 6.7984981536865243 0.016261236742138866 3.5114340782165532 0.85643073916435253
decision_type=2 2 2 2 2 2 2 2 2 2 2 2 2 2
left_child=3 -2 7 5 13 8 10 -3 -1 -10 -7 12 -5 -4
right_child=1 2 4 11 -6 6 -8 -9 9 -11 -12 -13 -14 -15
leaf_value=-0.0028095951268323326 0.014380661893718311 -0.0041409997381319941 0.0098878106641138858 0.0095629823409662824 0.013141218763449002 -0.007226805938426447 -0.0013224398679074871 0.0041716168245269645 -0.0018974723829179975 0.0067058821210065796 0.0086854522891338763 0.017405231211702482 0.00022295271617864493 0.0042366960526734037
leaf_weight=116084.09125826135 5507.9770555403084 1906.0374969244003 5242.666473954916 1386.5510810017586 5638.6017436385155 411.29590001702309 10175.76210051775 15624.935674011707 4826.0436455756426 2322.9585993140936 2920.2811348438263 440.98801521025598 4272.4228811021894 6245.860740095377
leaf_count=75158 84635 1318 3372 442 3797 954 4837 8390 4588 1339 426 230 2756 4192
internal_value=3.81619e-06 0.0072011 0.00605628 -0.00202039 0.00890879 -0.00227256 0.000661087 0.00326599 -0.00259413 0.000903518 0.00670528 0.00362679 0.00252426 0.00682188
internal_weight=183006 40166.1 34658.1 142840 17127.1 136740 13507.3 17531 123233 7149 3331.58 6099.96 5658.97 11488.5
internal_count=196434 105704 21069 90730 11361 87302 6217 9708 81085 5927 1380 3428 3198 7564
is_linear=0
shrinkage=0.05


Tree=18
num_leaves=15
num_cat=0
split_feature=24 27 49 45 35 49 48 37 36 3 30 15 29 41
split_gain=962.786 100.509 84.2256 66.1996 64.3058 62.9664 57.8737 116.933 112.355 52.3461 47.6917 47.3392 40.651 33.3277
threshold=0.45698189735412603 6.2980260848999032 0.069898072630167021 0.0082469712942838686 0.016132541932165626 0.34834691882133489 0.7751741111278535 1.0000000180025095e-35 0.60894551873207103 0.013245614245533945 0.0040125087834894666 0.076673973351717009 0.7153112292289735 0.73214286565780651
decision_type=2 2 2 2 2 2 2 2 2 2 2 2 2 2
left_child=2 12 11 5 6 9 8 10 -3 -4 -8 13 -2 -1
right_child=1 4 3 -5 -6 -7 7 -9 -10 -11 -12 -13 -14 -15
leaf_value=-0.002782336218512154 0.0063815170720962766 0.0021977558041614089 -0.00013600447112171378 -0.0045022837683310222 0.010255601074385383 0.0085431126983995416 0.010746942584050375 -0.0016705905867532287 0.014342364466016867 0.0072720815771655338 -0.0038702669857338477 0.01280939871122342 0.015460070904454041 0.00044162774813518948
leaf_weight=98092.503764016554 1662.7881751675159 3895.1404801905155 31056.507339488715 6401.0138869583607 7487.0160166025162 2566.6183643359691 3921.9247183799744 6755.8599539399147 3724.3631498217583 2572.8758141994476 645.10178911685944 496.34223903715611 5001.7337219938636 8726.6843867599964
leaf_count=60473 18864 1613 25937 9216 3817 11758 2828 3545 953 1404 939 219 51141 3727
internal_value=3.81928e-06 0.00772123 -0.00170024 0.000180858 0.00633321 0.00101005 0.00477828 0.00250755 0.00814498 0.000432758 0.00867829 -0.00244685 0.0132079 -0.00251894
internal_weight=183006 33093.9 149913 42597 26429.4 36196 18942.4 11322.9 7619.5 33629.4 4567.03 107316 6664.52 106819
internal_count=196434 83700 112734 48315 13695 39099 9878 7312 2566 27341 3767 64419 70005 64200
is_linear=0
shrinkage=0.05


Tree=19
num_leaves=15
num_cat=0
split_feature=24 25 15 22 24 49 0 41 33 1 30 48 37 42
split_gain=873.694 114.775 73.2564 69.1573 56.9829 43.9979 41.3792 35.7697 56.6386 35.3784 39.5518 34.6704 79.6784 33.685
threshold=0.2696224451065064 0.015154118649661543 0.042134381830692298 6.7702026367187509 0.78579840064048778 0.069898072630167021 0.015038444194942715 0.73214286565780651 1.0000000180025095e-35 0.013423423748463394 0.0051944048609584579 0.85643073916435253 1.5890269279479983 1.0000000180025095e-35
decision_type=2 2 2 2 2 2 2 2 2 2 2 2 2 2
left_child=2 4 7 -3 9 -5 -4 -1 -9 10 -2 -7 -13 -11
right_child=1 3 6 5 -6 11 -8 8 -10 13 -12 12 -14 -15
leaf_value=-0.0024698839837062579 0.0027342668249495574 0.015551113404505865 0.00028658445125782282 -0.0029294211493908302 0.0070888789335554455 0.010994038420153599 0.0071956781373945346 0.0061525628627698767 -0.0016090810215566914 0.006522292944717992 -0.0041180693535712272 0.0081699064330444087 -0.0064910954455625423 0.033498202847360582
leaf_weight=116632.1281891074 8883.5211455971003 3576.5581975318491 11091.77197461389 889.44479167461395 8391.1029253453016 7203.3527246117592 2683.6047799326479 3134.4237660765648 9298.4659061133862 479.96629710681736 2749.6471653133631 6781.3450111448765 1065.547651052475 145.59327478706837
leaf_count=77088 9273 75417 6509 395 8404 3855 1438 1282 4413 664 2388 4730 539 39
internal_value=3.83454e-06 0.00651786 -0.00182821 0.00926687 0.00391654 0.00784794 0.0016368 -0.00219814 0.000351059 0.00174106 0.00111248 0.00848639 0.00617333 0.013229
internal_weight=183006 40166.1 142840 19516.2 20649.8 15939.7 13775.4 129065 12432.9 12258.7 11633.2 15050.2 7846.89 625.56
internal_count=196434 105704 90730 84936 20768 9519 7947 82783 5695 12364 11661 9124 5269 703
is_linear=0
shrinkage=0.05


Tree=20
num_leaves=15
num_cat=0
split_feature=29 49 47 48 22 15 30 33 34 44 51 48 27 27
split_gain=789.125 131.543 108.141 149.988 80.4003 76.329 43.0989 40.2771 42.185 40.0715 46.9424 39.2419 36.4519 34.4522
threshold=0.58760038018226635 0.34834691882133489 6.1913387775421151 0.77320712804794323 6.7984981536865243 0.031264562159776695 0.0066304162610322246 1.7005987167358401 0.56201714277267467 0.098145492374897017 1.0000000180025095e-35 0.97239467501640331 6.2785058021545419 3.5114340782165532
decision_type=2 2 2 2 2 2 2 2 2 2 2 2 2 2
left_child=1 5 -2 4 -4 9 -3 8 -6 -1 -11 -5 -12 -7
right_child=2 6 3 11 7 13 -8 -9 -10 10 12 -13 -14 -15
leaf_value=-0.0027667533843785423 0.011667679079000015 0.007266099961793478 -0.004197017866014909 -0.0035916835216659605 0.0035996414607249901 0.0042438418993272038 -0.00079542596436319888 0.016667009903111155 0.012968015496189712 -0.0016733099065215759 0.014053496677096232 0.0046665434107017656 0.0016631266392364314 -0.00016342247531087771
leaf_weight=86128.171076944098 11568.070913173258 5658.5692723002285 928.80124998092651 4033.9497003555298 2207.179901599884 5846.1554710268974 2340.7397373449057 2415.9049978256226 2655.0997333526611 31379.801527604461 641.61327119544148 2222.9142203330994 6719.996416285634 18259.506310686469
leaf_count=52539 75532 12199 529 955 398 1789 3771 378 597 16876 13347 474 4462 12588
internal_value=3.86295e-06 -0.00133333 0.00806466 0.00517692 0.00961843 -0.00166883 0.00490911 0.0113848 0.00873146 -0.00216607 -0.000830282 -0.000654968 0.00276063 0.000906753
internal_weight=183006 156975 26031.9 14463.8 8206.99 148975 7999.31 7278.18 4862.28 124870 38741.4 6256.86 7361.61 24105.7
internal_count=196434 117571 78863 3331 1902 101601 15970 1373 995 87224 34685 1429 17809 14377
is_linear=0
shrinkage=0.05


Tree=21
num_leaves=15
num_cat=0
split_feature=29 49 47 48 22 15 28 44 39 33 34 48 51 0
split_gain=712.302 118.731 97.5798 135.411 72.6057 69.6075 38.9702 38.4397 45.9214 36.3668 38.0858 35.4292 34.3035 33.2841
threshold=0.58760038018226635 0.34834691882133489 6.1913387775421151 0.77320712804794323 6.7984981536865243 0.043151989579200752 1.7005987167358401 0.11979661881923677 0.25998942553997045 1.7005987167358401 0.56201714277267467 0.97239467501640331 1.0000000180025095e-35 0.015038444194942715
decision_type=2 2 2 2 2 2 2 2 2 2 2 2 2 2
left_child=1 5 -2 4 -4 7 -3 -1 12 10 -6 -5 -9 -7
right_child=2 6 3 11 9 13 -8 8 -10 -11 -12 -13 -14 -15
leaf_value=-0.002412724473634581 0.011084799246464714 -0.0064216911302009006 -0.003989402384902036 -0.0034125433856779853 0.0034204710634875729 0.00062494573483523358 0.0057571592479646397 0.00011666730450646707 -0.0019276003345510381 0.015837094578424811 0.012322047528554462 0.0044342613533351729 0.0056108837532737668 0.0069087134608114484
leaf_weight=101450.89718453027 11568.070913173258 713.59702378511429 928.80124998092651 4033.9497003555298 2207.179901599884 10709.638354856521 7285.7119858600199 9089.6362891644239 20987.797758771107 2415.9049978256226 2655.0997333526611 2222.9142203330994 4122.9200838133693 2614.3544026073068
leaf_count=62164 75532 185 529 955 398 6265 15785 5147 11668 378 597 474 14902 1455
internal_value=3.84367e-06 -0.00126659 0.00766223 0.00491911 0.00913928 -0.00158533 0.00466406 -0.00192407 -0.000474254 0.0108179 0.00829659 -0.000622134 0.00183406 0.00186217
internal_weight=183006 156975 26031.9 14463.8 8206.99 148975 7999.31 135651 34200.4 7278.18 4862.28 6256.86 13212.6 13324
internal_count=196434 117571 78863 3331 1902 101601 15970 93881 31717 1373 995 1429 20049 7720
is_linear=0
shrinkage=0.05


Tree=22
num_leaves=15
num_cat=0
split_feature=24 25 0 22 24 41 33 49 48 48 22 1 1 42
split_gain=644.236 94.4949 58.6691 55.2285 45.8572 39.9861 52.3694 37.1706 54.188 54.8686 33.4221 33.2415 32.4522 31.214
threshold=0.2696224451065064 0.015154118649661543 0.012739370577037336 6.7702026367187509 0.78579840064048778 0.73214286565780651 1.0000000180025095e-35 0.38384947180747991 0.67783135175704967 0.38236925005912786 6.7984981536865243 0.016261236742138866 0.013423423748463394 1.0000000180025095e-35
decision_type=2 2 2 2 2 2 2 2 2 2 2 2 2 2
left_child=2 4 5 -3 12 -1 10 8 9 -5 -7 -4 -2 -14
right_child=1 3 11 7 -6 6 -8 -9 -10 -11 -12 -13 13 -15
leaf_value=-0.0021323211546932157 0.00068436064817258349 0.013706945153590767 0.0014831713168164378 0.0011283018181443068 0.006083065593742807 -0.0071302862744716576 -0.0010387602324753256 0.0086427736784204338 -0.0032916543355409793 0.013026410950702292 0.0081872101466101896 0.014920119889441114 0.005843367795075047 0.031793071617235158
leaf_weight=119870.19111697003 11633.168310910463 3576.5581975318491 9434.9145670961589 1966.7764047980309 8391.1029253453016 399.16934052109718 9822.0817553400993 10168.059347122908 1900.9457871317863 1903.9086394309998 2839.900297164917 474.13753875158727 479.96629710681736 145.59327478706837
leaf_count=79200 11661 75417 5273 560 8404 925 4671 7888 706 365 413 248 664 39
internal_value=3.78243e-06 0.0055974 -0.0015694 0.00809162 0.00323732 -0.00184608 0.000780502 0.00682385 0.00360998 0.00699922 0.00628341 0.00214051 0.00128603 0.0122881
internal_weight=183006 40166.1 142840 19516.2 20649.8 132931 13061.2 15939.7 5771.63 3870.69 3239.07 9909.05 12258.7 625.56
internal_count=196434 105704 90730 84936 20768 85209 6009 9519 1631 925 1338 5521 12364 703
is_linear=0
shrinkage=0.05


Tree=23
num_leaves=15
num_cat=0
split_feature=29 49 47 48 22 17 30 33 34 49 48 44 39 52
split_gain=587.348 97.5554 84.4722 120.326 63.9483 62.2397 36.6629 31.9726 33.3071 31.1112 31.0044 28.0105 28.6207 27.9453
threshold=0.58760038018226635 0.34834691882133489 6.1913387775421151 0.77320712804794323 6.7984981536865243 0.028991596773266796 0.0066304162610322246 1.7005987167358401 0.56201714277267467 1.0000000180025095e-35 0.97239467501640331 0.11979661881923677 0.29797644913196569 1.0000000180025095e-35
decision_type=2 2 2 2 2 2 2 2 2 2 2 2 2 2
left_child=1 5 -2 4 -4 11 -3 8 -6 -7 -5 -1 -13 -11
right_child=2 6 3 10 7 9 -8 -9 -10 13 -12 12 -14 -15
leaf_value=-0.0024672486584186859 0.010142435200079651 0.0063999890886384499 -0.0039353457486927404 -0.0034270642981491274 0.0030374918775569106 -0.0014036977064561609 -0.0010342219627349053 0.014665110292155382 0.011360663619370673 0.0034865725939527779 0.0039135623128949406 0.0012332943504389472 -0.0020173202202290992 -0.00012609778918283349
leaf_weight=85080.623753421009 11568.070913173258 5658.5692723002285 928.80124998092651 4033.9497003555298 2207.179901599884 14734.53279999271 2340.7397373449057 2415.9049978256226 2655.0997333526611 10127.426375223324 2222.9142203330994 11766.281528219581 15925.932121917605 11340.447494968772
leaf_count=52405 75532 12199 529 955 398 8143 3771 378 597 6985 474 17298 8696 8074
internal_value=3.84437e-06 -0.00114979 0.00695814 0.00440611 0.00838429 -0.00143871 0.00422603 0.0099597 0.00759644 0.000364978 -0.000817032 -0.00201772 -0.000636204 0.001579
internal_weight=183006 156975 26031.9 14463.8 8206.99 148975 7999.31 7278.18 4862.28 36202.4 6256.86 112773 27692.2 21467.9
internal_count=196434 117571 78863 3331 1902 101601 15970 1373 995 23202 1429 78399 25994 15059
is_linear=0
shrinkage=0.05


Tree=24
num_leaves=15
num_cat=0
split_feature=29 49 47 48 36 15 20 32 45 49 47 30 27 4
split_gain=530.175 88.0548 76.2236 108.631 57.8197 57.1252 38.1888 36.1284 33.4811 43.5031 34.3717 33.0956 29.9931 37.4109
threshold=0.58760038018226635 0.34834691882133489 6.1913387775421151 0.77320712804794323 0.56021979451179515 0.031264562159776695 0.010125744622200729 6.1643662452697763 0.006239143433049322 0.018467912450432781 4.3372693061828622 0.0066304162610322246 3.5114340782165532 0.014815627597272398
decision_type=2 2 2 2 2 2 2 2 2 2 2 2 2 2
left_child=1 5 -2 4 6 8 -4 -8 9 -1 -11 -3 13 -7
right_child=2 11 3 -5 -6 12 7 -9 -10 10 -12 -13 -14 -15
leaf_value=-0.0024338430840151475 0.0096357516190418158 0.0060805541670522906 -0.0035726478566566705 -0.00077614154466085499 0.012412924841751794 0.0022939565267958402 -0.00070697422609554373 0.010651235714050676 -0.0041101108352920293 -0.0015428609023977818 0.0010658613777584983 -0.00098273067494304006 -0.00013718416916757515 0.01350701428517632
leaf_weight=59129.312178548425 11568.070913173258 5658.5692723002285 1199.6066069602966 6256.8639206886292 3861.2293086051941 4980.2590428888798 1045.9482197761536 2100.20174741745 13895.188365150243 30118.055641010404 21727.026107320562 2340.7397373449057 18259.506310686469 865.89642813801765
leaf_count=29915 75532 12199 317 1429 768 1518 408 409 20327 15470 21512 3771 12588 271
internal_value=3.76103e-06 -0.00109229 0.00661092 0.00418669 0.00796661 -0.00136678 0.0039966 0.00688488 -0.00179695 -0.00150697 -0.000449613 0.00401507 0.000861345 0.00397499
internal_weight=183006 156975 26031.9 14463.8 8206.99 148975 4345.76 3146.15 124870 110974 51845.1 7999.31 24105.7 5846.16
internal_count=196434 117571 78863 3331 1902 101601 1134 817 87224 66897 36982 15970 14377 1789
is_linear=0
shrinkage=0.05


Tree=25
num_leaves=15
num_cat=0
split_feature=29 49 47 48 22 1 44 39 27 34 42 47 28 49
split_gain=478.546 79.4785 68.7863 98.0682 53.4734 53.1211 34.2665 37.1108 32.8744 44.1716 59.5141 31.6485 31.3772 29.4359
threshold=0.58760038018226635 0.34834691882133489 6.1913387775421151 0.77320712804794323 6.7984981536865243 0.010811126790940763 0.11979661881923677 0.25953233242034918 3.5114340782165532 0.035770714282989509 1.0000000180025095e-35 4.1971738338470468 2.9700856208801274 0.5652560591697694
decision_type=2 2 2 2 2 2 2 2 2 2 2 2 2 2
left_child=1 5 -2 4 -4 6 -1 -8 9 -7 11 -11 -3 -5
right_child=2 12 3 13 -6 8 7 -9 -10 10 -12 -13 -14 -15
leaf_value=-0.0021215142491058246 0.0091543799039106085 -0.0037042927722706919 -0.0036953878255750884 -0.0056370577264949744 0.0090100707919043323 -0.00015179546749801603 0.0018327699597649101 -0.0016001546240117825 3.692712786269263e-05 0.020927648657134382 0.025013457998549912 0.0025344816490223345 0.0051140614046747404 0.0016561929370934169
leaf_weight=97709.17512328364 11568.070913173258 1176.0134322047234 928.80124998092651 2049.0077803134918 7278.1846327781677 2129.2156704962254 12910.540641514584 20139.990336617455 13848.888889219612 268.90916246175766 495.66516876220703 1472.8590813875198 6823.2955774404109 4207.8561403751373
leaf_count=59724 75532 811 529 287 1373 668 18881 11207 10420 174 51 476 15159 1142
internal_value=3.68602e-06 -0.00103763 0.0062809 0.00397798 0.00756942 -0.00129841 -0.00165081 -0.000259001 0.00123073 0.00500815 0.00989735 0.00547743 0.00381463 -0.000737396
internal_weight=183006 156975 26031.9 14463.8 8206.99 148975 130760 33050.5 18215.5 4366.65 2237.43 1741.77 7999.31 6256.86
internal_count=196434 117571 78863 3331 1902 101601 89812 30088 11789 1369 701 650 15970 1429
is_linear=0
shrinkage=0.05


Tree=26
num_leaves=15
num_cat=0
split_feature=29 49 35 17 22 48 36 37 30 15 42 28 48 41
split_gain=431.894 71.7273 66.4639 49.5188 39.2248 45.1161 64.9929 44.8406 28.7596 27.208 26.3871 49.1967 26.2427 24.3378
threshold=0.58760038018226635 0.34834691882133489 0.016132541932165626 0.028991596773266796 6.7850186824798593 0.83482980728149425 0.60894551873207103 1.0000000180025095e-35 0.0066304162610322246 0.076673973351717009 1.0000000180025095e-35 2.0126758217811589 0.76561307907104503 0.73214286565780651
decision_type=2 2 2 2 2 2 2 2 2 2 2 2 2 2
left_child=1 3 4 13 -2 6 -6 -7 -3 10 -5 -12 -13 -1
right_child=2 8 -4 9 5 7 -8 -9 -10 -11 11 12 -14 -15
leaf_value=-0.001985114267789067 0.0085226044072964236 0.0055494552773068667 0.0095181873283800029 -0.00056383610012600098 0.00063190531798855106 0.0069957911190188533 0.010213087538662586 -0.0027175776325479711 -0.0010345005675691558 0.0089433943249764992 0.016996805637257827 -0.0025025967328469335 0.0038513055697545319 0.00054235602229008809
leaf_weight=102274.33647277206 3970.8536101542413 5658.5692723002285 8745.4639963917434 27641.840587737039 3422.8644258975983 1584.8408389091492 3658.4526181221008 4649.4452271461487 2340.7397373449057 893.47577276825905 551.70527219772339 2495.4252955764532 4619.9597419053316 10498.500930786133
leaf_count=73641 19995 12199 55024 17722 885 576 997 1386 3771 415 90 1893 3082 4758
internal_value=3.66121e-06 -0.000985597 0.00596706 -0.00123334 0.00416603 0.00286143 0.0055893 -0.000241057 0.00362399 0.000375494 0.000156217 0.00274955 0.00162255 -0.00174979
internal_weight=183006 156975 26031.9 148975 17286.5 13315.6 7081.32 6234.29 7999.31 36202.4 35308.9 7667.09 7115.39 112773
internal_count=196434 117571 78863 101601 23839 3844 1882 1962 15970 23202 22787 5065 4975 78399
is_linear=0
shrinkage=0.05


Tree=27
num_leaves=15
num_cat=0
split_feature=24 22 29 3 28 35 42 32 41 50 45 22 28 37
split_gain=393.152 69.5473 63.3871 45.7862 40.8442 39.559 34.584 36.8853 33.8554 32.0233 35.5972 31.5136 49.1216 30.0793
threshold=0.2696224451065064 6.7702026367187509 0.93087014555931102 0.015038444194942715 1.7005987167358401 0.085492223501205458 1.0000000180025095e-35 3.4175922870635991 0.65151515603065502 0.02021556627005339 0.00026501825777813798 6.7996129989624032 3.6242519617080693 1.0000000180025095e-35
decision_type=2 2 2 2 2 2 2 2 2 2 2 2 2 2
left_child=3 -2 4 8 -3 6 7 -6 -1 10 -9 -10 -13 -4
right_child=1 2 13 -5 5 -7 -8 9 11 -11 -12 12 -14 -15
leaf_value=-0.0017337401517274536 0.0095888262973709316 -0.007149911469055404 0.010491533694246007 0.00448347571290807 -0.0023190705166081364 0.015713962244902277 0.017466593947317467 0.0002372280489190894 -0.0010336767823105229 -0.0059499109160404883 0.0049144879776910656 0.00064569842494253136 0.0093930078569628081 0.0045942543506266231
leaf_weight=113972.72668379359 5507.9770555403084 1087.6105826795101 3883.3053178489208 3418.5329405535012 3842.5125849246979 561.60331916809082 365.22650909423828 5886.6984423398972 16311.207151263952 938.16683429479599 13163.924624234438 7071.0706081390381 2066.857232093811 4929.0539140403271
leaf_count=74588 84635 610 3144 1985 3323 321 38 3191 13242 1636 6812 694 221 1994
internal_value=3.65013e-06 0.00437333 0.00354194 -0.00122531 0.00229173 0.00270922 0.00240101 0.00216289 -0.00136559 0.00302521 0.00347008 0.000283172 0.00263231 0.00720193
internal_weight=183006 40166.1 34658.1 142840 25845.7 24758.1 24196.5 23831.3 139422 19988.8 19050.6 25449.1 9137.93 8812.36
internal_count=196434 105704 21069 90730 15931 15321 15000 14962 88745 11639 10003 14157 915 5138
is_linear=0
shrinkage=0.05


Tree=28
num_leaves=15
num_cat=0
split_feature=24 25 3 22 24 29 45 35 38 51 25 22 44 35
split_gain=354.893 64.6606 41.3314 37.8079 33.3919 31.1408 28.9773 34.3823 29.0584 39.0136 33.3452 28.0616 25.344 25.8972
threshold=0.2696224451065064 0.015154118649661543 0.015038444194942715 6.7702026367187509 0.80228638648986828 0.042609835043549545 0.006239143433049322 0.040479149669408805 1.0000000180025095e-35 1.0000000180025095e-35 0.019608077593147758 6.8007264137268075 0.91663014888763439 0.085492223501205458
decision_type=2 2 2 2 2 2 2 2 2 2 2 2 2 2
left_child=2 4 5 -3 -2 -1 7 8 9 -7 -11 -9 13 -5
right_child=1 3 -4 12 -6 6 -8 11 -10 10 -12 -13 -14 -15
leaf_value=-0.0020791647388433534 0.00069563030873535676 0.010863154893347979 0.0042599558474723806 0.003496957388020239 0.0048844400661343032 -0.0015792492330626445 -0.0030252426502382327 0.0022142596497966992 0.0017884762782815371 0.0013245850127811233 0.012875806650305105 0.013184301841662076 0.0085241807434580357 0.01545884995083424
leaf_weight=66549.651524193585 13225.205417947844 3576.5581975318491 3418.5329405535012 11317.378849744797 7424.625390201807 40829.752274855971 10401.200646176934 2391.1722643170506 11668.317561194301 6132.3379892017692 686.09205210767686 763.33736324310303 4159.8111200034618 462.500208735466
leaf_count=40362 13365 75417 1985 6688 7403 15546 13891 1463 5083 7912 4399 89 2560 271
internal_value=3.62977e-06 0.00415526 -0.001164 0.00621836 0.00220335 -0.00129729 -0.000583059 -0.000176025 -0.000446865 -0.000994527 0.00250406 0.0049021 0.00517 0.00397932
internal_weight=183006 40166.1 142840 19516.2 20649.8 139422 72872.2 62471 59316.5 47648.2 6818.43 3154.51 15939.7 11779.9
internal_count=196434 105704 90730 84936 20768 88745 48383 34492 32940 27857 12311 1552 9519 6959
is_linear=0
shrinkage=0.05


Tree=29
num_leaves=15
num_cat=0
split_feature=29 49 35 45 28 42 52 47 24 35 32 0 37 22
split_gain=322.523 57.3681 53.7971 50.9718 38.9892 50.279 40.194 42.3686 34.4924 33.0505 36.0863 35.8208 32.7624 32.6385
threshold=0.58760038018226635 0.069898072630167021 0.016132541932165626 0.006239143433049322 2.8617925643920903 1.0000000180025095e-35 1.0000000180025095e-35 6.1933839321136483 0.11138105764985086 0.067256763577461257 3.4498615264892583 0.014389234129339458 4.4365937709808358 6.7850186824798593
decision_type=2 2 2 2 2 2 2 2 2 2 2 2 2 2
left_child=1 -1 13 4 5 -3 7 9 -7 10 11 -6 -8 -2
right_child=2 3 -4 -5 6 8 12 -9 -10 -11 -12 -13 -14 -15
leaf_value=-0.0015010842026478835 0.0075105193270900488 -0.0027856945067998126 0.0083516356072076154 -0.0029648636289561063 0.0012463638999915744 0.00031035862448864835 -0.0012197023629984473 -0.00096250595241796372 0.011488187675301055 0.017987610399918037 0.0078557527198963566 0.017909517669013525 0.0042483204245916274 0.0023470675746268175
leaf_weight=107348.38015268743 3970.8536101542413 9600.1352664530277 8745.4639963917434 8512.6946764215827 5612.7335249185562 1742.4284694343805 9724.0586728304625 3272.166362285614 1133.4400860220194 495.64734283089638 5398.1964179333299 332.34586995840073 3802.3262416124344 13315.603110074997
leaf_count=64259 19995 3033 55024 13522 4168 402 6725 497 457 425 23013 160 910 3844
internal_value=3.64743e-06 -0.000851226 0.00515695 0.000554529 0.00128378 -0.00104845 0.00229983 0.0040712 0.00474032 0.00546211 0.00489944 0.00220639 0.000319386 0.00353682
internal_weight=183006 156975 26031.9 49626.2 41113.5 12476 28637.5 15111.1 2875.87 11838.9 11343.3 5945.08 13526.4 17286.5
internal_count=196434 117571 78863 53312 39790 3892 35898 28263 859 27766 27341 4328 7635 23839
is_linear=0
shrinkage=0.05


Tree=30
num_leaves=15
num_cat=0
split_feature=29 49 45 47 48 36 47 1 47 52 27 33 37 48
split_gain=291.096 51.8234 49.0645 48.7484 80.6382 48.9346 40.9764 46.2053 42.4952 47.0615 38.1517 61.2787 29.9572 35.0001
threshold=0.58760038018226635 1.0000000180025095e-35 0.0070400873664766559 6.1913387775421151 0.77320712804794323 0.56021979451179515 4.3372693061828622 0.011173533275723459 6.1933839321136483 1.0000000180025095e-35 3.5114340782165532 1.8688347935676577 4.4365937709808358 0.81138679385185253
decision_type=2 2 2 2 2 2 2 2 2 2 2 2 2 2
left_child=1 -1 6 -2 5 -5 7 -3 9 -8 11 -9 -11 -14
right_child=3 2 -4 4 -6 -7 8 10 -10 12 -12 -13 13 -15
leaf_value=-0.0018059659218568177 0.0073182153303110557 -0.0011583864159863877 -0.0028114384618958496 0.0025693297981524916 -0.001313736829389719 0.010307293113985649 0.0063400546637629486 0.0036968115011049331 -0.00062132775828829356 -0.001137343042313394 0.00055866518351248274 0.022513394614436084 0.0011016455964851176 0.0091082597444387819
leaf_weight=71166.873877488077 11568.070913173258 36247.890708267689 12983.914115870371 4345.7565741539001 6256.8639206886292 3861.2293086051941 7707.6362727545202 1596.7519442439079 10701.459870815277 6072.7036340385675 3831.9524126648903 586.24983310699463 4019.8873047828674 2059.2331093549728
leaf_count=40636 75532 19683 20214 1134 1429 768 28469 416 1744 2402 2342 155 940 570
internal_value=3.65579e-06 -0.0008085 1.88889e-05 0.00489945 0.00296122 0.00621801 0.000523831 -0.000484728 0.00191827 0.00328639 0.00357012 0.00882966 0.00134589 0.0038243
internal_weight=183006 156975 85807.7 26031.9 14463.8 8206.99 72823.8 42262.8 30560.9 19859.5 6014.95 2183 12151.8 6079.12
internal_count=196434 117571 76935 78863 3331 1902 56721 22596 34125 32381 2913 571 3912 1510
is_linear=0
shrinkage=0.05


Tree=31
num_leaves=15
num_cat=0
split_feature=49 49 48 36 35 3 32 32 50 15 33 45 28 0
split_gain=269.043 49.6529 62.3416 54.9752 48.117 38.1639 36.0968 40.3224 26.5061 26.3789 25.8438 22.8205 22.547 23.7307
threshold=0.34834691882133489 0.069898072630167021 0.58334684371948253 0.6900656819343568 0.016132541932165626 0.011173533275723459 3.4175922870635991 6.1601512432098398 0.027125827968120578 0.076673973351717009 4.3757371902465829 0.0021693714661523704 1.8688347935676577 0.013423423748463394
decision_type=2 2 2 2 2 2 2 2 2 2 2 2 2 2
left_child=1 9 3 5 6 -3 -2 11 10 -1 12 -8 -4 -14
right_child=4 2 8 -5 -6 -7 7 -9 -10 -11 -12 -13 13 -15
leaf_value=-0.0014358948299123021 -0.0036284975513370741 0.00076233616377933478 -0.0036955361241660539 0.011523712310254619 0.0074322807480430826 0.011171438274835965 0.0072382407023838767 0.00097967873233692428 -0.0031212646817522956 0.0099796991805359211 0.015674467720842279 -6.8528708981934933e-05 0.00020073247319507987 0.0057590442570854515
leaf_weight=107932.12055584043 1813.0626594573259 6376.5102078877389 3392.8403629660606 2004.6114735007286 9741.4842983726412 1012.0067809149623 7128.8293179050088 6880.1910429000854 7000.7380339149386 498.58823026716709 260.25641699135303 1256.490959091112 25642.946781625971 2065.7966783735901
leaf_count=65280 2203 10739 1011 407 53456 1313 23037 1825 8569 220 50 2789 24225 1310
internal_value=3.6223e-06 -0.000790888 0.000552367 0.00420092 0.00462901 0.00220125 0.00302664 0.00381892 -0.000341848 -0.00138249 0.000279384 0.00614459 0.000145562 0.000617055
internal_weight=183006 156186 47755.7 9393.13 26820.1 7388.52 17078.6 15265.5 38362.6 108431 31361.8 8385.32 31101.6 27708.7
internal_count=196434 113124 47624 12459 83310 12052 29854 27651 35165 65500 26596 25826 26546 25535
is_linear=0
shrinkage=0.05


Tree=32
num_leaves=15
num_cat=0
split_feature=49 49 48 36 35 3 32 32 1 50 33 45 28 55
split_gain=242.818 44.8293 56.2908 49.6381 43.4308 34.4806 32.589 36.3962 24.0098 23.9293 23.4157 20.5986 20.3551 22.8118
threshold=0.34834691882133489 0.069898072630167021 0.58334684371948253 0.6900656819343568 0.016132541932165626 0.011173533275723459 3.4175922870635991 6.1601512432098398 0.010811126790940763 0.027125827968120578 4.3757371902465829 0.0021693714661523704 1.8688347935676577 1.0000000180025095e-35
decision_type=2 2 2 2 2 2 2 2 2 2 2 2 2 2
left_child=1 8 3 5 6 -3 -2 11 -1 10 12 -8 -4 -14
right_child=4 2 9 -5 -6 -7 7 -9 -10 -11 -12 -13 13 -15
leaf_value=-0.0015691241196477805 -0.0034480677787449526 0.00072427908501297678 -0.0035113022882662884 0.010950386740879158 0.0070610479503294037 0.010618331781762528 0.0068768356772164743 0.00093076598905847776 0.00085008747139526009 -0.0029654240645616459 0.014919743315777535 -6.5129395924545447e-05 0.00014767159521506028 0.0052774527499435085
leaf_weight=96968.035934226587 1813.0626594573259 6376.5102078877389 3392.8403629660606 2004.6114735007286 9741.4842983726412 1012.0067809149623 7128.8293179050088 6880.1910429000854 11462.672851881012 7000.7380339149386 260.25641699135303 1256.490959091112 25348.85328784585 2359.8901721537113
leaf_count=58461 2203 10739 1011 407 53456 1313 23037 1825 7039 8569 50 2789 24881 654
internal_value=3.6018e-06 -0.000751193 0.000525149 0.00399212 0.00439779 0.00209199 0.00287544 0.00362824 -0.00131332 -0.000324562 0.000265701 0.00583778 0.00013832 0.00058631
internal_weight=183006 156186 47755.7 9393.13 26820.1 7388.52 17078.6 15265.5 108431 38362.6 31361.8 8385.32 31101.6 27708.7
internal_count=196434 113124 47624 12459 83310 12052 29854 27651 65500 35165 26596 25826 26546 25535
is_linear=0
shrinkage=0.05


Tree=33
num_leaves=15
num_cat=0
split_feature=49 49 48 36 35 3 32 32 15 45 32 41 32 0
split_gain=219.152 40.4762 50.8273 44.8192 39.2009 31.2229 29.422 32.8524 23.3791 22.8508 24.1961 29.4316 26.9311 26.8665
threshold=0.34834691882133489 0.069898072630167021 0.58334684371948253 0.6900656819343568 0.016132541932165626 0.011299795936793091 3.4175922870635991 6.1601512432098398 0.076673973351717009 0.0070400873664766559 3.1567740440368657 0.65151515603065502 3.6622449159622197 0.013423423748463394
decision_type=2 2 2 2 2 2 2 2 2 2 2 2 2 2
left_child=1 8 3 5 6 -3 -2 -8 -1 10 11 -4 13 -12
right_child=4 2 9 -5 -6 -7 7 -9 -10 -11 12 -13 -14 -15
leaf_value=-0.0012979442005273381 -0.0032766100828498994 0.00071792827393993286 -0.0032284943618587332 0.010405585257122714 0.0067083575401219583 0.010301930339767104 0.0055463007518484755 0.00088429514446738153 0.009448856921391623 -0.003302009288850698 0.0033061509233122052 0.0031065253438730626 0.00023209077094146085 0.016638625677436444
leaf_weight=107932.12055584043 1813.0626594573259 6418.6935859937221 8095.2711329460144 2004.6114735007286 9741.4842983726412 969.82340280897915 8385.3202769961208 6880.1910429000854 498.58823026716709 5455.7153466790915 4211.577565073967 2360.6921610832214 17832.938287356868 406.38378073275089
leaf_count=65280 2203 10781 2025 407 53456 1271 25826 1825 220 9216 2650 328 20771 175
internal_value=3.54953e-06 -0.00071352 0.00049927 0.0037937 0.00417811 0.00198816 0.00273179 0.00344708 -0.00124766 -0.000308153 0.000189058 -0.00179661 0.00111422 0.00451284
internal_weight=183006 156186 47755.7 9393.13 26820.1 7388.52 17078.6 15265.5 108431 38362.6 32906.9 10456 22450.9 4617.96
internal_count=196434 113124 47624 12459 83310 12052 29854 27651 65500 35165 25949 2353 23596 2825
is_linear=0
shrinkage=0.05


Tree=34
num_leaves=15
num_cat=0
split_feature=49 24 35 28 36 18 3 32 32 45 42 37 48 36
split_gain=197.788 37.7118 35.3835 33.6474 32.1935 29.1873 28.5285 26.5626 29.6528 21.5677 24.0886 36.9709 35.9445 48.1457
threshold=0.34834691882133489 0.079427305608987822 0.016132541932165626 1.7005987167358401 0.18350168317556384 6.0438191890716562 0.016261236742138866 3.4175922870635991 6.1601512432098398 0.0082469712942838686 1.0000000180025095e-35 2.4414010047912602 0.7751741111278535 0.74537035822868358
decision_type=2 2 2 2 2 2 2 2 2 2 2 2 2 2
left_child=1 6 7 -3 -5 -6 -1 -2 -9 10 12 -12 13 -7
right_child=2 3 -4 4 5 9 -8 8 -10 -11 11 -13 -14 -15
leaf_value=-0.0012912129006763893 -0.0031136782718698599 -0.0035397663852777097 0.0063732836395443034 -0.0038809245371118749 0.0088790041223680838 0.00066942092530102514 0.011944460145219146 0.0052693161047653574 0.00084014460599966161 -0.0021183409709342013 0.0025525234381791519 0.013188768897890469 -0.0014181762074754883 0.0063404278627328297
leaf_weight=102264.94206944853 1813.0626594573259 4915.4003196656704 9741.4842983726412 3409.5333097502589 1179.7419127393514 15429.550186060369 398.83920266851783 8385.3202769961208 6880.1910429000854 5083.5834029614925 5793.6503801345825 942.82967329025269 11835.921325957403 4932.4237396065146
leaf_count=62677 2203 2171 53456 506 21798 7003 258 25826 1825 7282 2978 202 6892 1357
internal_value=3.52556e-06 -0.000677696 0.00396939 0.000398293 0.000797175 0.00115085 -0.00123864 0.0025953 0.00327494 0.000941758 0.00134175 0.0040585 0.000772265 0.00204559
internal_weight=183006 156186 26820.1 53522.6 48607.2 45197.7 102664 17078.6 15265.5 44018 38934.4 6736.48 32197.9 20362
internal_count=196434 113124 83310 50189 48018 47512 62935 29854 27651 25714 18432 3180 15252 8360
is_linear=0
shrinkage=0.05


Tree=35
num_leaves=15
num_cat=0
split_feature=29 27 48 37 35 27 36 27 27 0 48 39 22 41
split_gain=180.216 37.3475 44.0493 53.1169 37.2369 50.7829 34.4062 34.297 32.9529 36.7744 36.2942 26.6721 25.5355 26.2964
threshold=0.64516913890838634 6.3162615299224862 0.77320712804794323 1.0000000180025095e-35 0.040479149669408805 5.4868674278259286 0.59299960732460033 3.3315663337707524 6.3306114673614511 0.010471491608768703 0.89961960911750805 0.61542826890945446 6.5494942665100107 0.65151515603065502
decision_type=2 2 2 2 2 2 2 2 2 2 2 2 2 2
left_child=4 -2 6 -4 8 7 11 -6 9 12 -10 -3 -1 -14
right_child=1 2 3 -5 5 -7 -8 -9 10 -11 -12 -13 13 -15
leaf_value=0.0077743264828074796 0.0070901855725871363 0.00025749525028135554 0.0062168271744499808 -0.0023544425237661763 0.0099442743031150967 0.011529781538684648 0.0082593378059572942 -0.0010346390476397276 6.7562008345132854e-05 0.0011071790563113957 0.0073914349966624215 0.010264013839604229 -0.001650718781610121 0.00024879383407044046
leaf_weight=768.23034282587469 6946.0140374712646 3662.4301727414131 2566.0101968050003 6048.913776576519 842.14861989021301 1388.1033163964748 4546.7239484786987 4296.7819855771959 5336.9402704238892 18951.959734432399 2466.6916980743408 804.08048582077026 102212.25945717096 22169.1857573241
leaf_count=25510 67527 973 948 2183 166 690 913 4632 781 13373 307 243 64532 13656
internal_value=3.46048e-06 0.00398653 0.00276027 0.000202813 -0.00061456 0.00308058 0.00520178 0.000780363 -0.000773524 -0.000944946 0.0023891 0.00207782 -0.00125577 -0.00131217
internal_weight=183006 24574.2 17628.2 8614.92 158432 6527.03 9013.23 5138.93 151905 144102 7803.63 4466.51 125150 124381
internal_count=196434 72787 5260 3131 123647 5488 2129 4798 118159 117071 1088 1216 103698 78188
is_linear=0
shrinkage=0.05


Tree=36
num_leaves=15
num_cat=0
split_feature=49 22 27 41 22 28 29 48 36 47 22 22 27 35
split_gain=164.47 35.4532 33.6845 34.5563 32.1588 46.8135 28.8069 26.1603 82.8305 45.5831 25.4568 24.9753 24.4836 24.1835
threshold=0.38041342794895178 6.5494942665100107 6.327043056488038 0.65151515603065502 6.7996129989624032 3.6242519617080693 0.95407065749168407 0.67783135175704967 0.6900656819343568 6.1933839321136483 6.7702026367187509 6.8007264137268075 6.3288288116455087 0.058966470882296569
decision_type=2 2 2 2 2 2 2 2 2 2 2 2 2 2
left_child=1 -1 3 -3 -5 -6 10 8 12 11 -2 -9 -4 -12
right_child=6 2 7 4 5 -7 -8 9 -10 -11 13 -13 -14 -15
leaf_value=0.0091924215366374924 0.0067844919231551358 -0.0013106414576062857 0.0089253950038148781 -0.00061146123694301782 0.0011372974563674924 0.0095269686211234897 0.0083167873636213127 0.00064959999350093305 0.010701838986940665 -0.0051895606480199018 0.0019635209587208075 0.0096562787895363711 -0.00054759084639026824 0.011317453074874452
leaf_weight=910.40081106685102 3919.2781809419394 111242.09919245541 747.48403143882751 16984.744067132473 7464.5057902336121 2130.5519599914551 3055.4562974721193 4768.4034581184387 2613.4399628639221 3425.4910383224487 17281.133639186621 908.26067447662354 6844.7951154708862 710.42958083748817
leaf_count=30277 60424 69087 245 14794 730 228 3146 1013 349 500 13832 105 1259 445
internal_value=3.46532e-06 -0.000592366 -0.00064964 -0.000923658 0.000695834 0.00300818 0.00377389 0.0013058 0.00304265 -0.00064284 0.00313688 0.00210511 0.000395568 0.00233896
internal_weight=183006 158040 157130 137822 26579.8 9595.06 24966.3 19307.9 10205.7 9102.16 21910.8 5676.66 7592.28 17991.6
internal_count=196434 118587 88310 84839 15752 958 77847 3471 1853 1618 74701 1118 1504 14277
is_linear=0
shrinkage=0.05


Tree=37
num_leaves=15
num_cat=0
split_feature=49 49 45 3 47 18 35 42 47 1 29 32 35 27
split_gain=148.466 34.0799 34.3752 31.878 31.8117 27.3371 26.5175 24.6163 45.5843 33.1772 19.9804 18.3835 24.3951 17.6957
threshold=0.38041342794895178 1.0000000180025095e-35 0.0082469712942838686 0.013986697886139156 4.3372693061828622 6.0222353935241708 0.016132541932165626 1.0000000180025095e-35 4.1971738338470468 0.010811126790940763 0.79283329844474804 4.0859410762786874 0.04082255810499192 6.3062603473663339
decision_type=2 2 2 2 2 2 2 2 2 2 2 2 2 2
left_child=1 -1 3 4 7 -6 13 -3 -9 11 -4 12 -10 -2
right_child=6 2 10 -5 5 -7 -8 8 9 -11 -12 -13 -14 -15
leaf_value=-0.0013731252697904515 0.0050309022881188485 -0.0013511867171128516 -0.0029026618755862623 0.0050018137091393409 0.010179625103465007 0.001160656123070357 0.0057339472657718001 -0.0020009994362039344 0.00052484576826949817 0.017082443915331914 0.0068481059756386855 0.010995147696180067 0.019507975547381748 0.0013066593753599193
leaf_weight=71227.561218034476 4420.0970653034747 30819.460917159915 10989.064329251647 3714.5688365530223 852.9920608997345 32139.741073083133 9114.9384907744825 3909.3972116708755 2452.1531716287136 536.32609483599663 542.4130719602108 684.6571626663208 171.8409538269043 11431.26214236021
leaf_count=40955 20848 14711 16857 2364 21653 17273 50014 1951 2303 309 118 73 20 6985
internal_value=3.48471e-06 -0.000562615 0.00010247 0.000491961 0.000257217 0.00139685 0.00358576 -0.000717633 0.0017989 0.00565763 -0.00243847 0.0037598 0.00183736 0.00234767
internal_weight=183006 158040 86812.6 75281.1 71566.6 32992.7 24966.3 38573.8 7754.37 3844.98 11531.5 3308.65 2623.99 15851.4
internal_count=196434 118587 77632 60657 58293 38926 77847 19367 4656 2705 16975 2396 2323 27833
is_linear=0
shrinkage=0.05


Tree=38
num_leaves=15
num_cat=0
split_feature=29 35 28 24 36 45 50 1 22 2 34 27 29 37
split_gain=136.276 34.2506 34.2017 39.2872 28.4074 30.8576 30.1975 23.3425 21.8394 23.714 21.1319 29.4663 17.9082 17.4059
threshold=0.69887232780456554 0.016132541932165626 1.7005987167358401 0.079427305608987822 0.18350168317556384 0.0082469712942838686 0.088688999414443984 0.016261236742138866 6.7702026367187509 0.011050061322748663 0.40526336431503301 6.327043056488038 0.90709045529365551 3.0153425931930546
decision_type=2 2 2 2 2 2 2 2 2 2 2 2 2 2
left_child=2 10 -1 7 -5 6 8 -4 -6 13 -2 12 -12 -10
right_child=1 -3 3 4 5 -7 -8 -9 9 -11 11 -13 -14 -15
leaf_value=-0.0025374874418667664 0.0064723589763292571 0.0064375740223106123 -0.00092704020244857512 -0.0035409259088986598 0.0060429851701939308 -0.0021476584313434586 0.011176614390402047 0.012371185433289396 0.00018370039355819907 0.0043841892246173552 0.0011128105564678649 -0.00035034335567463723 0.0072330105535127753 0.0032174155246647781
leaf_weight=18437.49719402194 2517.1152333114296 7295.5588787067682 89815.947817137465 3425.2420117519796 2435.8505678791553 6123.950598269701 805.75607639178634 321.24977865815163 28089.566271960735 4990.4522161483765 2128.53434006311 8215.9860005378723 2728.4136250764132 5675.3531900942326
leaf_count=6832 7240 44351 58453 446 39615 10721 1081 225 12341 1801 4185 1961 5328 1854
internal_value=3.5174e-06 0.00361167 -0.000512378 -0.000248687 0.000852217 0.00116559 0.00164912 -0.000878278 0.00146008 0.00117055 0.00228597 0.00147557 0.00455866 0.000694422
internal_weight=183006 22885.6 160121 141683 51546.2 48120.9 41997 90137.2 41191.2 38755.4 15590 13072.9 4856.95 33764.9
internal_count=196434 63065 133369 126537 67859 67413 56692 58678 55611 15996 18714 11474 9513 14195
is_linear=0
shrinkage=0.05


Tree=39
num_leaves=15
num_cat=0
split_feature=49 0 44 27 48 33 32 25 3 22 35 32 32 22
split_gain=123.183 31.1178 24.7992 24.422 29.8742 58.7628 28.8062 24.5636 22.5946 20.7112 20.7886 27.8279 25.249 20.6045
threshold=0.34834691882133489 0.009569597430527212 0.90517535805702221 6.3306114673614511 0.67783135175704967 0.89587974548339855 6.1643662452697763 0.010362924076616766 0.016261236742138866 6.7702026367187509 0.055043393746018417 3.4498615264892583 3.6622449159622197 6.5494942665100107
decision_type=2 2 2 2 2 2 2 2 2 2 2 2 2 2
left_child=1 3 9 13 5 7 -6 -5 -3 -2 11 -11 -13 -1
right_child=2 8 -4 4 6 -7 -8 -9 -10 10 -12 12 -14 -15
leaf_value=0.0075008360874123286 0.0055535730648335509 0.00083952546535098716 0.0055482482005216726 -0.0063111289334391238 0.0031357021375387423 0.011145393971598087 -0.0054456152226583145 0.0034233576512137025 0.011548115814295148 -0.0039766103930569709 0.0088703881558139189 0.0069405838452952845 0.00087507045294187501 -0.0010801771304565727
leaf_weight=693.77241174690425 3660.3082181513309 25442.242519121617 7607.8512415289879 1033.7136363983154 1808.7556638717651 1909.4733428955078 2106.8260855674744 1699.5056524276733 492.40345270559192 2406.1023632884026 863.57069307565689 2052.4793096184731 10229.746452063322 120999.72275754809
leaf_count=23107 63382 16726 7774 111 343 220 260 182 285 2312 547 941 8354 71890
internal_value=3.47577e-06 -0.00053413 0.00313325 -0.000849051 0.00173129 0.00444012 -0.00148369 -0.000267847 0.00104721 0.00217455 0.0013762 0.000929862 0.0018935 -0.00103064
internal_weight=183006 156186 26820.1 130252 8558.27 4642.69 3915.58 2733.22 25934.6 19212.2 15551.9 14688.3 12282.2 121693
internal_count=196434 113124 83310 96113 1116 513 603 293 17011 75536 12154 11607 9295 94997
is_linear=0
shrinkage=0.05


Tree=40
num_leaves=15
num_cat=0
split_feature=29 28 24 35 36 45 50 1 2 22 27 48 36 37
split_gain=112.043 30.603 33.6046 30.3564 25.1469 28.0391 25.6642 20.1175 19.1139 19.8436 18.9141 29.2039 41.0179 30.4094
threshold=0.69887232780456554 1.7005987167358401 0.079427305608987822 0.016132541932165626 0.18350168317556384 0.0082469712942838686 0.08544370532035829 0.016261236742138866 0.011050061322748663 6.7702026367187509 6.3162615299224862 0.77320712804794323 0.60894551873207103 1.0000000180025095e-35
decision_type=2 2 2 2 2 2 2 2 2 2 2 2 2 2
left_child=1 -1 7 10 -4 6 8 -3 9 -6 -2 12 -12 -13
right_child=3 2 4 -5 5 -7 -8 -9 -10 -11 11 13 -14 -15
leaf_value=-0.0023799547095696358 0.0052930919504183297 -0.00084246914015250808 -0.0033300904405459439 0.0059354047365602078 0.0055625000400803945 -0.0020602030835493914 0.010166631155050997 0.011502939637636931 0.0042067094210850213 0.00066934747619175014 -0.0005568189081601024 0.0049589001761011263 0.0076634016553280464 -0.0033188334609374672
leaf_weight=18437.49719402194 3442.7999856509268 89815.947817137465 3425.2420117519796 7295.5588787067682 2197.9191933572292 6123.950598269701 838.72471691481769 321.24977865815163 5216.5449681431055 33743.789444059134 3033.2354013323784 1447.4261898994446 3024.489444732666 4642.0981773734093
leaf_count=6832 15160 58453 446 44351 36937 10721 1125 225 4451 14179 804 562 579 1609
internal_value=3.43466e-06 -0.000464348 -0.000214917 0.00327509 0.000803259 0.0010981 0.00155902 -0.000797199 0.00138119 0.000970039 0.00202715 0.00109792 0.00355322 -0.00134638
internal_weight=183006 160121 141683 22885.6 51546.2 48120.9 41997 90137.2 41158.3 35941.7 15590 12147.2 6057.72 6089.52
internal_count=196434 133369 126537 63065 67859 67413 56692 58678 55567 51116 18714 3554 1383 2171
is_linear=0
shrinkage=0.05


Tree=41
num_leaves=15
num_cat=0
split_feature=49 17 29 52 41 41 36 25 44 34 51 3 36 48
split_gain=101.926 27.6248 23.5052 21.5969 33.4183 23.8766 21.9462 19.6108 18.9277 21.9241 25.3852 17.134 21.0536 16.6881
threshold=0.38041342794895178 0.028991596773266796 0.95407065749168407 1.0000000180025095e-35 0.46428571641445165 0.65151515603065502 0.62145593762397777 0.010806253179907801 0.11979661881923677 0.38735872507095342 1.0000000180025095e-35 0.014599318150430919 0.49725274741649633 0.83482980728149425
decision_type=2 2 2 2 2 2 2 2 2 2 2 2 2 2
left_child=1 8 7 4 -3 -5 -7 -2 -1 10 -10 -6 -13 -12
right_child=2 3 -4 5 11 6 -8 -9 9 -11 13 12 -14 -15
leaf_value=-0.0012405613462095203 -0.00019469785613403817 0.018090350258679219 0.0070743619416868981 -0.0017897981252160923 0.00097835869586175919 0.0066181132658821046 -0.0002506584633178922 0.0032594843464535412 -0.00012034419086726124 -0.0015657514747585829 0.0050886774852445102 -0.0044136559684880578 0.0073581114833266839 -9.3706410294199464e-06
leaf_weight=85264.800223466009 5476.4176139365882 298.5079305768013 3055.4562974721193 12423.185812667012 18599.849326157942 1843.8558515906334 3118.2169737815857 16434.42378702946 14523.709556624293 11952.26697729528 5059.9496658388525 453.69222870282829 2153.2466138415039 2348.8949410282075
leaf_count=52643 6949 34 3146 9397 15016 1170 1548 67752 8167 5690 18854 234 1389 4445
internal_value=3.38167e-06 -0.000465671 0.00297155 0.000691275 0.00175033 -0.000619018 0.00230988 0.00239645 -0.000843326 0.000156314 0.00109505 0.00151191 0.0053004 0.00347456
internal_weight=183006 158040 24966.3 38890.6 21505.3 17385.3 4962.07 21910.8 119150 33884.8 21932.6 21206.8 2606.94 7408.84
internal_count=196434 118587 77847 28788 16673 12115 2718 74701 89799 37156 31466 16639 1623 23299
is_linear=0
shrinkage=0.05


Tree=42
num_leaves=15
num_cat=0
split_feature=29 28 49 45 35 50 42 37 27 47 17 32 22 48
split_gain=92.6494 27.3171 28.967 30.164 26.4684 24.2615 23.7708 40.2056 33.24 37.7222 22.7483 21.9492 21.037 20.2707
threshold=0.69887232780456554 1.7005987167358401 1.0000000180025095e-35 0.0082469712942838686 0.016132541932165626 0.088688999414443984 1.0000000180025095e-35 2.4414010047912602 6.325254201889039 6.1933839321136483 0.028991596773266796 4.0859410762786874 6.7702026367187509 0.8619733750820161
decision_type=2 2 2 2 2 2 2 2 2 2 2 2 2 2
left_child=1 -1 -3 5 -2 6 8 11 12 -10 -9 -8 -4 -11
right_child=4 2 3 -5 -6 -7 7 10 9 13 -12 -13 -14 -15
leaf_value=-0.0022319036160533988 0.0018131727559759247 -0.0010009286407841008 0.0035533497637475404 -0.0020929830494336283 0.0054624448043634928 0.0082697132007669254 0.00100731609990156 0.0063605041974096324 0.005363277162069126 0.0015470013738495096 0.020317946320482595 0.0087807294558676398 -0.00069002266947644519 -0.0053733222989884007
leaf_weight=18437.49719402194 15590.049198988825 61646.707503991202 3136.1469990760088 10232.139012977481 7295.5588787067682 1064.0676560085267 11356.810342013836 1019.0798963308334 5988.1448142528534 3578.7560529708862 408.51074492931366 977.47185680270195 40784.786260098219 1490.7473888397217
leaf_count=6832 18714 37281 42457 18562 44351 1194 6106 302 1273 509 107 229 18217 300
internal_value=3.31884e-06 -0.000422057 -0.000186398 0.000441025 0.00297838 0.000812714 0.000696097 0.00255372 0.000230731 0.00267966 0.010468 0.00162996 -0.000386287 -0.000494574
internal_weight=183006 160121 141683 80036.7 22885.6 69804.5 68740.5 13761.9 54978.6 11057.6 1427.59 12334.3 43920.9 5069.5
internal_count=196434 133369 126537 89256 63065 70694 69500 6744 62756 2082 409 6335 60674 809
is_linear=0
shrinkage=0.05


Tree=43
num_leaves=15
num_cat=0
split_feature=49 17 29 52 41 41 36 30 22 30 22 28 29 34
split_gain=83.8476 24.3394 20.8266 19.267 27.3924 20.4284 19.2267 17.4565 22.8297 21.9015 16.1875 15.8115 21.775 19.0326
threshold=0.38041342794895178 0.028991596773266796 0.95407065749168407 1.0000000180025095e-35 0.46428571641445165 0.65151515603065502 0.62145593762397777 0.00027495772519614553 6.8007264137268075 0.0044078081846237191 6.8007264137268075 2.4414010047912602 0.13990493118762973 0.38735872507095342
decision_type=2 2 2 2 2 2 2 2 2 2 2 2 2 2
left_child=1 11 7 4 -3 -5 -7 8 -2 10 -9 -1 -13 -14
right_child=2 3 -4 5 -6 6 -8 9 -10 -11 -12 12 13 -15
leaf_value=-0.0016143071309080344 0.00055411298604063125 0.016458017399061539 0.0065572066461080589 -0.001656711830553695 0.0014482371133468499 0.0061678759379404169 -0.00026116733973739775 0.0032354832886989857 -0.012108440472338541 -0.00039118135255662825 0.0085219521871061198 -0.00089391559195678015 0.0020180831158981521 -0.00098825870918086865
leaf_weight=38240.3521810323 4798.353682583198 298.5079305768013 3055.4562974721193 12423.185812667012 21206.788168702275 1843.8558515906334 3118.2169737815857 11266.774917069823 374.42582321166992 3812.6383727546781 1658.6486053466797 58135.006929002702 14528.998600253835 8245.2636539638042
leaf_count=13051 5727 34 3146 9397 16639 1170 1548 60646 42 8097 189 45205 26884 4659
internal_value=3.29246e-06 -0.000422135 0.0026954 0.000663834 0.00166414 -0.000573768 0.0021354 0.00215412 -0.000384046 0.00293829 0.00391993 -0.000776622 -0.000380554 0.000929702
internal_weight=183006 158040 24966.3 38890.6 21505.3 17385.3 4962.07 21910.8 5172.78 16738.1 12925.4 119150 80909.3 22774.3
internal_count=196434 118587 77847 28788 16673 12115 2718 74701 5769 68932 60835 89799 76748 31543
is_linear=0
shrinkage=0.05


Tree=44
num_leaves=15
num_cat=0
split_feature=29 47 48 37 36 43 0 45 25 47 3 39 35 27
split_gain=76.8747 26.2621 33.5957 39.564 26.5704 25.453 28.9847 23.9794 27.8041 31.6978 20.1219 19.3042 18.6253 17.0676
threshold=0.74026170372962963 6.1831040382385263 0.77320712804794323 1.0000000180025095e-35 0.56021979451179515 3.5694335699081425 0.009569597430527212 0.0082469712942838686 0.010806253179907801 4.3372693061828622 0.016261236742138866 0.61542826890945446 0.040479149669408805 3.5114340782165532
decision_type=2 2 2 2 2 2 2 2 2 2 2 2 2 2
left_child=5 -2 4 -4 11 -1 7 8 12 -10 13 -3 -7 -8
right_child=1 2 3 -5 -6 6 10 -9 9 -11 -12 -13 -14 -15
leaf_value=-0.0018649464723204346 0.0054129031387546763 -0.00042210890615970844 0.0050072581480156446 -0.002971455807254881 0.0074340753653554447 -0.00080406693382281214 0.0039889342859219202 -0.0026469457481052699 -0.00082969510218053408 0.0025399087813794928 0.011937006477923139 0.0082506059076460289 0.0051037564678640401 0.00059298623429202262
leaf_weight=24208.276838745922 6682.2149641942233 3173.0785293579102 2167.4838576316833 5414.8214266300201 3236.0226016044617 73895.833645455539 4700.4827054440975 10996.522709578276 11982.883552268147 16691.481741925701 445.8369366414845 793.97860038280487 1348.7727855741978 17268.782904574648
leaf_count=15566 47253 847 819 1927 642 36237 1397 20439 6939 46672 344 241 431 16680
internal_value=3.20172e-06 0.00281357 0.00163595 -0.000687063 0.00407882 -0.000370432 -0.000106866 -0.000427705 -0.000192637 0.00113197 0.00153744 0.00133006 -0.000697504 0.00132106
internal_weight=183006 21467.6 14785.4 7582.31 7203.08 161539 137331 114915 103919 28674.4 22415.1 3967.06 75244.6 21969.3
internal_count=196434 51729 4476 2746 1730 144705 129139 110718 90279 53611 18421 1088 36668 18077
is_linear=0
shrinkage=0.05


Tree=45
num_leaves=15
num_cat=0
split_feature=49 18 22 42 23 36 32 1 48 36 44 27 32 15
split_gain=70.3292 21.1817 21.2734 43.4596 31.1121 29.8933 37.0301 29.7638 28.5149 37.2606 33.389 22.0522 24.7191 22.2947
threshold=0.38041342794895178 6.0438191890716562 6.7984981536865243 1.0000000180025095e-35 6.1495356559753427 0.6348484754562379 4.0517470836639413 0.010929288342595102 0.67783135175704967 0.70511272549629223 0.34211036562919622 3.0201274156570439 2.0126758217811589 0.024286289699375633
decision_type=2 2 2 2 2 2 2 2 2 2 2 2 2 2
left_child=1 -1 -3 4 11 6 7 -5 9 -6 -10 12 -4 -14
right_child=-2 2 3 5 8 -7 -8 -9 10 -11 -12 -13 13 -15
leaf_value=0.0041967845017657031 0.0024687065879904282 -0.0013348560593241759 -0.0019858898488334135 0.00079777290872187062 0.0013803770704990733 0.00022553013935010157 0.0096137328659689578 0.010148196777104131 0.0017141855165107645 0.0091249415085433282 -0.0055762798143874385 -0.0011905566411537123 0.0026322192413346743 0.012572427742809722
leaf_weight=2471.3984341323376 24966.297698438168 47989.264313613996 2412.6659941673279 5380.881251335144 4915.2893114089966 9655.2809824943542 2350.5530593395233 1001.4578485488892 4897.8753848075867 2263.5905251502991 2299.6641449928284 68714.68908905983 3000.2734184265137 687.29234409332275
leaf_count=28687 77847 71981 648 588 780 2303 289 109 908 295 318 10815 705 161
internal_value=3.15291e-06 -0.000386473 -0.000459549 -6.90021e-05 -0.000525358 0.00214362 0.00426162 0.00227854 0.00160421 0.00383163 -0.000619674 -0.000934734 0.00194415 0.00451388
internal_weight=183006 158040 155569 107580 89191.3 18388.2 8732.89 6382.34 14376.4 7178.88 7197.54 74814.9 6100.23 3687.57
internal_count=196434 118587 89900 17919 14630 3289 986 697 2301 1075 1226 12329 1514 866
is_linear=0
shrinkage=0.05


Tree=46
num_leaves=15
num_cat=0
split_feature=29 18 35 27 27 27 48 37 45 38 2 47 45 32
split_gain=65.056 30.642 25.4622 31.3658 27.0874 21.848 28.8649 32.5374 21.1283 25.5321 23.9044 23.8366 21.2817 25.9674
threshold=0.81659966707229625 6.0438191890716562 0.040479149669408805 5.4868674278259286 3.3315663337707524 6.3162615299224862 0.78188824653625499 1.0000000180025095e-35 0.006239143433049322 1.0000000180025095e-35 0.014815627597272398 4.1971738338470468 6.6723014242597864e-06 4.0859410762786874
decision_type=2 2 2 2 2 2 2 2 2 2 2 2 2 2
left_child=1 -1 8 4 -4 -2 -7 -8 9 10 -3 -11 -13 -14
right_child=5 2 3 -5 -6 6 7 -9 -10 11 -12 12 13 -15
leaf_value=0.0042393238939024734 0.0058055607369839951 -0.00075744598064460397 0.0091652508819673149 0.0090431159254537458 -0.00084933968957858494 0.0040685865397028214 0.0049260386981345352 -0.0027279429744823725 -0.0021972737490503777 -0.001083175150511214 0.0039408334179062334 -0.0025520232691391598 0.0020272354567772745 0.0078878646026399168
leaf_weight=3607.6020520105958 4601.5698727406561 111442.42360040359 794.38448858261108 1472.9987035691738 4196.9797849077731 7011.5393979549408 1944.2532949447632 4786.8537697792053 17138.704469755292 7775.5881088078022 2764.9187477175146 1958.6160473674536 11244.657571166754 2265.3838903009892
leaf_count=65130 22590 61003 157 696 3831 1672 736 1736 26334 3285 1282 2418 5212 352
internal_value=3.11762e-06 -0.000311595 -0.000413792 0.0026582 0.000759639 0.00282669 0.00182575 -0.000513093 -0.000542415 -0.000335927 -0.000643367 0.00117427 0.00230897 0.00301506
internal_weight=183006 164662 161055 6464.36 4991.36 18344.2 13742.6 6731.11 154590 137452 114207 23244.2 15468.7 13510
internal_count=196434 169700 104570 4684 3988 26734 4144 2472 99886 73552 62285 11267 7982 5564
is_linear=0
shrinkage=0.05


Tree=47
num_leaves=15
num_cat=0
split_feature=24 18 45 35 38 47 2 23 26 45 32 27 52 22
split_gain=60.5515 34.6051 23.4592 23.5792 22.9314 21.5704 20.7074 21.3869 20.5222 19.1928 23.2357 18.9226 18.8855 17.4632
threshold=0.80593541264534008 6.0438191890716562 0.006239143433049322 0.034384973347187049 1.0000000180025095e-35 4.1971738338470468 0.014815627597272398 2.8029010295867924 0.84168994426727306 6.6723014242597864e-06 4.0859410762786874 6.3062603473663339 1.0000000180025095e-35 6.7804884910583505
decision_type=2 2 2 2 2 2 2 2 2 2 2 2 2 2
left_child=1 -1 3 4 6 -6 8 -8 -3 -7 -11 -2 -5 -13
right_child=11 2 -4 12 5 9 7 -9 -10 10 -12 13 -14 -15
leaf_value=0.0043613600746984244 0.0064010905914158797 -0.0010367367839818052 -0.0021102934174807128 0.0064927643377576715 -0.00101692023049694 -0.0024099996923711408 0.01153857616500633 0.0012166661771729999 0.00062794666514779046 0.0019472477949066661 0.0074952048030060689 -0.0078932996747567898 0.00047501528624709999 0.0024074765609115038
leaf_weight=3909.0849186945707 3127.3253184109926 90620.095657296479 17716.696950390935 2294.0942666102201 7763.4187643826008 1950.2306101620197 649.56943017244339 2110.8628575149924 23259.849712282419 11147.500067427754 2265.3838903009892 415.57791951298714 3007.002014324069 12769.781422525644
leaf_count=75053 8602 41746 25570 3848 3280 2386 185 1156 21640 4904 352 1084 1314 5314
internal_value=3.07357e-06 -0.000281503 -0.000393257 -0.00018343 -0.000307666 0.00113032 -0.000592852 0.00367844 -0.000696702 0.00221534 0.00288916 0.00290945 0.00308657 0.00207708
internal_weight=183006 166694 162785 145068 139767 23126.5 116640 2760.43 113880 15363.1 13412.9 16312.7 5301.1 13185.4
internal_count=196434 181434 106381 80811 75649 10922 64727 1341 63386 7642 5256 15000 5162 6398
is_linear=0
shrinkage=0.05


Tree=48
num_leaves=15
num_cat=0
split_feature=24 22 31 30 27 33 43 42 22 43 0 27 30 37
split_gain=54.6539 31.5838 20.1311 21.3564 20.8246 18.0359 17.5056 17.2687 52.389 26.0603 27.9278 16.0821 16.5286 15.0139
threshold=0.81324872374534618 6.5494942665100107 0.76776695251464855 0.0001906090110423975 6.327043056488038 4.3757371902465829 4.182021141052247 1.0000000180025095e-35 6.7996129989624032 6.0366761684417733 0.0073801742400974044 6.3062603473663339 0.0098494081757962721 1.0000000180025095e-35
decision_type=2 2 2 2 2 2 2 2 2 2 2 2 2 2
left_child=1 -1 4 -4 7 -5 -6 -3 -9 10 -10 -2 13 -13
right_child=11 2 3 5 6 -7 -8 8 9 -11 -12 12 -14 -15
leaf_value=0.0053053931911724644 0.0062699399293135285 -0.0012433563648488076 -0.0013498663517237568 0.0007625692955500992 0.0015099485384031605 0.011580212752904322 0.011395267529719196 -0.0011913287414676793 0.0043108360451201873 0.00024755474367036908 0.014246933595502748 0.0043771869214728884 -0.0080984561409067207 0.00080010109655853721
leaf_weight=2504.9826452191919 2843.1427529156208 77839.902596265078 14227.554845348001 49100.544890850782 2412.0939059257507 378.42167574167252 541.17699146270752 15054.954848840833 2597.2909803390503 2329.0814762115479 969.88457775115967 5372.1747245192528 375.57136380672455 6459.6955248117447
leaf_count=82780 7811 42131 11981 30395 485 94 86 14073 264 254 103 2913 758 2306
internal_value=2.99775e-06 -0.000255725 -0.000340238 0.000356727 -0.000776629 0.000847627 0.00335374 -0.00090043 0.000373628 0.00436469 0.00704465 0.00288845 0.0020964 0.00242658
internal_weight=183006 167956 165451 63706.5 101744 49479 2953.27 98791.1 20951.2 5896.26 3567.18 15050.6 12207.4 11831.9
internal_count=196434 182646 99866 42470 57396 30489 571 56825 14694 621 367 13788 5977 5219
is_linear=0
shrinkage=0.05


Tree=49
num_leaves=15
num_cat=0
split_feature=49 52 35 15 32 21 15 39 49 30 37 38 44 0
split_gain=50.3812 33.0311 22.1294 20.9896 18.9917 18.4664 18.5583 17.5642 17.3251 17.6761 15.9865 21.0256 23.3584 15.8535
threshold=0.10716183111071588 1.0000000180025095e-35 0.047991050407290466 0.014706279616802933 3.3842465877532963 0.80864167213439953 0.062344966456294067 0.075608376413583769 0.11503056809306146 0.00023626781330676752 4.4365937709808358 1.0000000180025095e-35 0.41852286458015447 0.009569597430527212
decision_type=2 2 2 2 2 2 2 2 2 2 2 2 2 2
left_child=13 2 3 4 -2 6 -5 -8 -6 -10 11 -3 -13 -1
right_child=1 10 -4 5 8 -7 7 -9 9 -11 -12 12 -14 -15
leaf_value=-0.00082962214991388276 -0.0025137655911432848 -0.0032589176863940085 0.0082262919465381206 0.0035221500277088712 0.011540554465872528 0.00096118130202536552 0.026088726863950792 0.007147131837711946 -0.0017350903260133412 0.0019376461006163843 0.0020997386090407318 9.3945932892010545e-05 0.014875987351022225 0.00074668034194206364
leaf_weight=102900.56758367084 4018.406209230423 7632.3989411592484 1317.8646202720702 12486.884104970843 392.42661072686315 8477.9856446832418 159.91029012203217 484.45480635762215 4315.6911236867309 13504.484834246337 3714.305304646492 4458.0332875847816 274.29895403981209 18868.761484611779
leaf_count=64533 3249 6940 3362 44899 488 6299 63 1180 3625 46774 1002 3225 82 10713
internal_value=2.98152e-06 0.00117273 0.00186554 0.0016725 0.000593434 0.00278183 0.00395568 0.0121747 0.00128001 0.00104771 -0.000773005 -0.00163696 0.000980315 -0.000585325
internal_weight=183006 61237.1 45158.1 43840.2 22231 21609.2 13131.2 644.365 18212.6 17820.2 16079 12364.7 4732.33 121769
internal_count=196434 121188 109939 106577 54136 52441 46142 1243 50887 50399 11249 10247 3307 75246
is_linear=0
shrinkage=0.05


Tree=50
num_leaves=15
num_cat=0
split_feature=29 18 45 35 32 27 38 2 23 47 47 48 37 49
split_gain=45.7044 22.1015 20.3501 24.9699 20.5504 19.6923 19.469 18.6032 18.8453 18.4667 17.3559 25.0141 28.2334 20.3476
threshold=0.81659966707229625 6.0342838764190683 0.006239143433049322 0.040479149669408805 3.4811217784881596 5.4868674278259286 1.0000000180025095e-35 0.014815627597272398 2.8029010295867924 4.1971738338470468 6.1831040382385263 0.78188824653625499 1.0000000180025095e-35 0.10716183111071588
decision_type=2 2 2 2 2 2 2 2 2 2 2 2 2 2
left_child=1 -1 3 6 -5 -6 7 -3 -9 -8 -2 13 -13 -12
right_child=10 2 -4 4 5 -7 9 8 -10 -11 11 12 -14 -15
leaf_value=0.0036431130714830759 0.0047696616331070309 -0.00064201046519859865 -0.0019095117598026037 0.0066769395418154369 -0.0018953657893032384 0.0080899577511537833 -0.000941255580656262 0.010873912746274745 0.0011930172110285575 0.0020444611068259392 -0.0052659625454767192 0.0043320754529667937 -0.0027982006338661391 0.0045521722791148026
leaf_weight=3537.4841453395784 5332.6230556406081 111503.40543861687 18435.610631689429 2371.3946649432182 2177.4816389940679 627.71657964587212 7775.5881088078022 650.80099827051163 2114.117749447003 15468.657508835196 573.02699041366577 1944.2532949447632 4785.368580520153 5708.9444139003754
leaf_count=62801 22742 63026 27771 795 2498 260 3285 186 1096 7982 245 736 1733 1278
internal_value=3.02068e-06 -0.000260764 -0.000346695 -0.000144657 0.00326099 0.00035984 -0.000273089 -0.000541425 0.00350266 0.00104571 0.00236967 0.00138316 -0.000734823 0.00364964
internal_weight=183006 164662 161125 142689 5176.59 2805.2 137513 114268 2764.92 23244.2 18344.2 13011.6 6729.62 6281.97
internal_count=196434 169700 106899 79128 3553 2758 75575 64308 1282 11267 26734 3992 2469 1523
is_linear=0
shrinkage=0.05


Tree=51
num_leaves=15
num_cat=0
split_feature=49 52 48 47 36 22 29 48 29 28 27 39 48 35
split_gain=42.8877 28.4318 19.557 44.6987 33.184 26.5541 34.4213 24.938 22.2222 22.0425 32.4429 32.493 19.3943 17.013
threshold=0.10716183111071588 1.0000000180025095e-35 0.83482980728149425 6.1913387775421151 0.6900656819343568 6.8007264137268075 0.91426798701286327 0.83145299553871166 0.44659084081649786 3.0677825212478642 6.3288288116455087 0.56239622831344616 0.99999997019767772 0.067256763577461257
decision_type=2 2 2 2 2 2 2 2 2 2 2 2 2 2
left_child=-1 2 4 5 7 6 13 9 -7 -2 -11 -12 -5 -4
right_child=1 -3 3 12 -6 8 -8 -9 -10 10 11 -13 -14 -15
leaf_value=-0.00053983605314787198 -0.0015091534212125861 -0.00072297909477693945 -0.00055395776986112255 -0.0046210624832555974 0.0069335142573495982 0.010658292300529948 0.0055393212987427699 0.019959139843176807 0.00078413090139610887 0.0050448219646204101 -0.0024685158404675204 0.0051874537566796892 0.00082767810730715197 0.0086939338070747326
leaf_weight=121769.32906828262 4120.1794087439775 16079.036487430334 10213.654866773635 4423.1374433040619 3982.3285625725985 1514.648551940918 3601.4654866009951 178.70588850975037 912.53577518463135 6880.5271753557026 4174.5337829589844 2062.1928153038025 2581.448823928833 512.74966311827302
leaf_count=75246 2294 11249 25645 1044 1972 174 7167 750 105 68651 673 438 564 462
internal_value=2.95905e-06 0.00108221 0.00172499 0.000737031 0.0028211 0.00213897 0.00131724 0.00187733 0.00696441 0.00167841 0.00268002 6.72058e-05 -0.00261468 -0.000104199
internal_weight=183006 61237.1 45158.1 23759.6 21398.5 16755.1 14327.9 17416.1 2427.18 17237.4 13117.3 6236.73 7004.59 10726.4
internal_count=196434 121188 109939 35161 74778 33553 33274 72806 279 72056 69762 1111 1608 26107
is_linear=0
shrinkage=0.05


Tree=52
num_leaves=15
num_cat=0
split_feature=49 45 48 47 36 47 48 23 1 1 20 27 21 28
split_gain=38.7283 26.3719 19.0542 43.7574 26.0017 24.9078 20.0248 16.1194 14.8019 13.7265 13.149 19.4152 17.4298 17.1621
threshold=0.10716183111071588 0.006239143433049322 0.77320712804794323 6.1913387775421151 0.66849818825721752 4.3372693061828622 0.83970767259597789 4.9663290977478036 0.010811126790940763 0.010362972505390646 0.0099277803674340265 6.3306114673614511 0.80864167213439953 3.7954261302948002
decision_type=2 2 2 2 2 2 2 2 2 2 2 2 2 2
left_child=8 2 4 5 10 -4 -7 -8 -1 -6 11 13 -12 -2
right_child=1 -3 3 -5 9 6 7 -9 -10 -11 12 -13 -14 -15
leaf_value=-0.00070644899830559372 -0.0014123442316870388 -0.0017307243441241839 -0.00031289712143795948 -0.0021721248502634756 0.005203896840234307 -0.0013534290354240981 0.019495842039482847 0.0035235665339195862 0.0010563743362061973 0.013851502380007794 0.0044853044589180336 -0.0064949659327099528 0.0003507019514529489 0.0050166157432830691
leaf_weight=108400.87534571625 2511.0364809650928 7578.8881947621703 8846.3593639135361 9505.2005941867828 2918.4392027724534 2268.3653097804636 150.37572322413325 13562.098005689681 13368.453722566366 542.33617373742163 6349.6121268123388 991.61012935638428 4257.0303805619478 1755.793045964092
leaf_count=66962 1367 10873 7653 2039 917 10523 175 25276 8284 192 56829 146 1383 3815
internal_value=2.95647e-06 0.00102854 0.00141852 0.000711247 0.00267397 0.00181559 0.00299329 0.0037128 -0.000512846 0.00659506 0.00181502 -0.000229231 0.00282775 0.00123871
internal_weight=183006 61237.1 53658.3 34332.4 19325.9 24827.2 15980.8 13712.5 121769 3460.78 15865.1 5258.44 10606.6 4266.83
internal_count=196434 121188 110315 45666 64649 43627 35974 25451 75246 1109 63540 5328 58212 5182
is_linear=0
shrinkage=0.05


Tree=53
num_leaves=15
num_cat=0
split_feature=29 18 31 30 1 27 45 33 48 50 42 22 47 0
split_gain=36.1394 22.0255 19.6658 20.2053 18.0235 16.219 15.6662 23.3015 15.357 14.2248 13.5582 43.8231 23.4473 21.3782
threshold=0.93087014555931102 6.0270721912384042 0.76776695251464855 0.0001906090110423975 0.016261236742138866 6.327043056488038 0.0034454445121809845 4.3757371902465829 0.87475180625915538 0.08544370532035829 1.0000000180025095e-35 6.7996129989624032 6.1954247951507577 0.0073261056095361718
decision_type=2 2 2 2 2 2 2 2 2 2 2 2 2 2
left_child=1 -1 4 -4 5 10 7 9 -7 -5 -3 -12 13 -13
right_child=-2 2 3 6 -6 8 -8 -9 -10 -11 11 12 -14 -15
leaf_value=0.0036143200361307411 0.002977143107100259 -0.0011446631763399127 -0.0012772121021549364 0.0010195527334548628 0.0095026038911018487 -0.001489472249179792 -0.0011376376271753552 0.015496497203793331 0.005871550606254476 0.0086248615984353648 -0.001137602907703385 0.0041732260584172341 7.5137405972915952e-05 0.013024630775525129
leaf_weight=3765.0994286350906 9663.6350608915091 77484.799540979788 14070.692194066942 44789.959141414613 422.06473160162568 1176.8508398532867 8375.2868978921324 273.84906011819839 1757.9137063026428 613.6039266679436 14854.196492120624 2530.3760724067688 2295.2061653137207 932.94054174423218
leaf_count=70277 7938 54253 11939 25278 267 282 10439 71 268 645 14170 282 225 100
internal_value=2.91465e-06 -0.000163057 -0.000247133 0.000409926 -0.000688325 -0.000731834 0.000849267 0.00121375 0.00292472 0.00112421 -0.000841513 0.000298053 0.0039969 0.00658823
internal_weight=183006 173343 169578 68123.4 101454 101032 54052.7 45677.4 2934.76 45403.6 98097.5 20612.7 5758.52 3463.32
internal_count=196434 188496 118219 48372 69847 69580 36433 25994 550 25923 69030 14777 607 382
is_linear=0
shrinkage=0.05


Tree=54
num_leaves=15
num_cat=0
split_feature=24 18 28 27 1 33 26 0 37 27 36 30 42 4
split_gain=32.8832 20.3754 16.9528 17.5825 14.6904 30.4027 14.4533 18.9976 15.5662 14.0112 28.247 18.3159 20.4382 22.2476
threshold=0.81324872374534618 6.0270721912384042 1.7005987167358401 3.0201274156570439 0.0084389690309762972 1.4978661537170412 0.84756395220756542 0.009569597430527212 4.5053346157073983 3.5114340782165532 0.67212137579917919 0.0016002158517949285 1.0000000180025095e-35 0.0075472774915397176
decision_type=2 2 2 2 2 2 2 2 2 2 2 2 2 2
left_child=1 -1 -3 4 -4 -6 7 -5 -8 10 11 -9 13 -13
right_child=-2 2 3 6 5 -7 8 9 -10 -11 -12 12 -14 -15
leaf_value=0.0034340827185642218 0.0022410817856057751 -0.0017224005644154922 0.0015752732035178921 -0.00071743563084889547 -0.00070294840388400968 0.01802144712812136 0.00076493788497655117 -0.0021673215186711137 0.012957377114182524 0.00032275802265590978 0.015119982606141315 -0.0038196993045770131 0.012723855879001192 0.0090042562788485575
leaf_weight=3765.0994286350906 15050.584366053343 18140.399334460497 3490.3889609575272 97245.231798915192 423.51245355606079 432.58329725265503 24662.397133514285 1452.8582139015198 254.64620786905289 15655.81571001932 463.75871816277504 769.31683194637299 611.78890991210938 588.09243485331535
leaf_count=70277 13788 6696 821 66015 103 100 27462 376 113 9991 247 199 60 186
internal_value=2.92791e-06 -0.000197755 -0.000281242 -0.000102135 0.0030266 0.00885728 -0.00019831 -0.000431563 0.00089469 0.000990668 0.00367392 0.00208321 0.00521432 0.00176145
internal_weight=183006 167956 164191 146050 4346.48 856.096 141704 116787 24917 19541.6 3885.82 3422.06 1969.2 1357.41
internal_count=196434 182646 112369 105673 1024 203 104649 77074 27575 11059 1068 821 445 385
is_linear=0
shrinkage=0.05


Tree=55
num_leaves=15
num_cat=0
split_feature=29 22 32 27 26 41 15 15 37 22 28 19 21 33
split_gain=30.1458 18.3648 16.644 25.6521 19.696 19.2053 18.475 14.4444 13.7701 13.2628 22.4888 14.6653 13.121 12.3026
threshold=0.93087014555931102 6.5494942665100107 2.0126758217811589 3.0201274156570439 0.84691095352172863 0.65151515603065502 0.024286289699375633 0.076673973351717009 4.5053346157073983 6.7996129989624032 3.6242519617080693 0.13842456042766574 0.81843557953834545 1.8688347935676577
decision_type=2 2 2 2 2 2 2 2 2 2 2 2 2 2
left_child=1 -1 -3 6 5 7 -4 13 12 -7 11 -11 -6 -5
right_child=-2 2 3 4 8 9 -8 -9 -10 10 -12 -13 -14 -15
leaf_value=0.0040929323786692041 0.0027193861005422107 -0.0017349792843763532 0.0023222838071782557 -0.001205838541537983 0.0017368743352022113 -9.1132704399415351e-05 0.011271313664029343 0.0072581967233761695 0.01228866661305747 -0.00049728983019463606 0.0068755691650817076 0.0044347599278752453 -0.0004288115863043553 -1.1661567384183413e-05
leaf_weight=2504.9826452191919 9663.6350608915091 16206.433443903923 3034.6506590843201 63379.071128189564 18039.65123693645 15307.411509588361 704.59333801269531 549.50514493882656 257.8059324324131 5040.6178851127625 2076.2360973358154 2139.1263022422791 11412.759932905436 32689.99348321557
leaf_count=82780 7938 6620 713 31479 18303 12177 165 270 122 474 222 224 14029 20918
internal_value=2.96465e-06 -0.00014862 -0.00021105 -5.12298e-05 -0.000152729 -0.000435589 0.00403413 -0.000752959 0.00100076 0.000812561 0.00230556 0.000976285 0.000897814 -0.000799532
internal_weight=183006 173343 170838 154631 150892 121182 3739.24 96618.6 29710.2 24563.4 9255.98 7179.74 29452.4 96069.1
internal_count=196434 188496 105716 99096 98218 65764 878 52667 32454 13097 920 698 32332 52397
is_linear=0
shrinkage=0.05


Tree=56
num_leaves=15
num_cat=0
split_feature=29 35 22 1 47 27 34 27 45 21 31 36 27 48
split_gain=27.9127 20.1314 19.7571 16.6276 17.5968 18.1455 27.5308 17.0532 15.792 14.373 13.7634 14.5937 22.1332 14.5059
threshold=0.95636004209518444 0.01128169894218445 6.7702026367187509 0.012121656909585001 4.1666352748870858 3.5114340782165532 0.035770714282989509 3.5408543348312382 0.015244997572153808 0.79098528623580944 0.6966991424560548 0.65026280283927929 3.6372396945953374 0.1202845796942711
decision_type=2 2 2 2 2 2 2 2 2 2 2 2 2 2
left_child=1 3 -3 -1 -5 6 -6 -7 10 -9 11 -4 -13 -12
right_child=-2 2 8 4 5 7 -8 9 -10 -11 13 12 -14 -15
leaf_value=-0.00061607916365738165 0.0043057911303122625 0.003867645959825629 -0.0018038600432114527 -0.0038397882187997476 0.00095850169631583437 -0.0052458937239084321 0.012204861250928865 0.004980548030664755 -0.0024274544794486413 -4.9729501801473581e-05 -0.0064607596942811603 0.0082005900573658853 -0.00068280319237886376 0.0013382317350227465
leaf_weight=113340.01751780137 3682.9986937791109 4523.0993446782231 8875.4224497973919 1343.0110156834126 1161.9266399145126 931.96978092193604 1016.6116883158684 2387.6348837483674 4426.8477724790573 3482.3675421774387 597.10852766036987 1012.9355120658875 2224.8807247579098 33999.641706228256
leaf_count=79116 2801 81600 4553 910 435 92 300 2662 5364 2752 201 470 653 14525
internal_value=2.95037e-06 -8.56578e-05 0.000703921 -0.000441069 0.00147908 0.00227788 0.00623839 0.00100212 0.000423385 0.00200134 0.000694029 -0.000756016 0.00211302 0.0012018
internal_weight=183006 179323 55659.9 123664 10323.5 8980.51 2178.54 6801.97 51136.8 5870 46710 12113.2 3237.82 34596.8
internal_count=196434 193633 107366 86267 7151 6241 735 5506 25766 5414 20402 5676 1123 14726
is_linear=0
shrinkage=0.05


Tree=57
num_leaves=15
num_cat=0
split_feature=29 35 45 31 15 19 36 2 18 26 34 46 47 50
split_gain=25.1979 18.2047 17.9971 16.3844 14.3232 13.3573 12.4301 10.9739 11.3954 13.7946 10.8981 10.8787 10.8423 10.618
threshold=0.95636004209518444 0.016132541932165626 0.0032574593788012867 0.87778857350349437 0.025073558092117313 0.42124085128307348 0.31318682432174688 0.014815627597272398 6.6005504131317148 0.84074753522872936 0.30691708624362951 0.79822379350662243 4.1666352748870858 0.090066064149141326
decision_type=2 2 2 2 2 2 2 2 2 2 2 2 2 2
left_child=1 4 3 6 13 -5 -3 8 9 -8 11 -11 -6 -1
right_child=-2 2 -4 5 12 -7 7 -9 -10 10 -12 -13 -14 -15
leaf_value=-0.0005480079104841451 0.0040910844891934826 0.010817044032468302 -0.00050345401480960089 0.010679936089127845 -0.0016895037058431792 0.0028654442257433129 0.00062311704726962438 0.0086590356003276303 -0.0012458724875587664 -0.00032818907294683488 0.0028500951319512134 0.0128339570718401 0.00096726285683518514 -0.0072472192932406133
leaf_weight=113521.2341864109 3682.9986937791109 333.38343719020486 12493.802153563127 878.73605217039585 4436.9776570498943 1449.7526810914278 8717.2963963616639 470.73856408149004 4242.6137529909611 212.63615988940001 3233.7788731977344 584.61697253584862 28163.263015478849 584.64520421810448
leaf_count=86854 2801 724 22900 778 2659 851 47832 1466 1231 77 3945 558 22807 951
internal_value=2.84308e-06 -8.13459e-05 0.000986894 0.00191197 -0.0003189 0.00584757 0.001394 0.00120801 0.000996604 0.00174329 0.00415817 0.00936289 0.000605263 -0.000582965
internal_weight=183006 179323 32617.4 20123.6 146706 2328.49 17795.1 17461.7 16990.9 12748.3 4031.03 797.253 32600.2 114106
internal_count=196434 193633 80362 57462 113271 1629 55833 55109 53643 52412 4580 635 25466 87805
is_linear=0
shrinkage=0.05


Tree=58
num_leaves=15
num_cat=0
split_feature=51 25 41 17 48 37 32 33 31 46 29 15 32 27
split_gain=23.7468 23.7536 17.511 17.0921 15.4153 26.7169 14.3052 26.2638 24.0699 21.1488 13.4202 13.007 34.0116 12.7969
threshold=1.0000000180025095e-35 0.010806253179907801 0.65151515603065502 0.054093567654490478 0.83145299553871166 1.5890269279479983 4.0689902305603036 1.8688347935676577 0.64346247911453258 0.53293886780738842 0.35578648746013647 0.033155567944049842 2.1383330821990971 5.4868674278259286
decision_type=2 2 2 2 2 2 2 2 2 2 2 2 2 2
left_child=2 3 6 -2 -3 -6 7 -1 -9 -10 13 -11 -13 -4
right_child=1 4 10 -5 5 -7 -8 8 9 11 -12 12 -14 -15
leaf_value=-0.00099361467910096912 -0.0006673897677187267 0.0030935532434349612 0.00015438096604584824 0.0041079653341941766 0.0015807693872909652 -0.0043565883886152717 -0.0018773190806296806 -0.00074825830279830815 0.010357228667692417 0.0011589324445913786 0.011350237459872453 0.02141664466183818 0.0029079157027432187 0.0031068074259958289
leaf_weight=56194.911682739854 22688.990175535902 13248.944554822519 20172.101735949516 2032.4403896164149 14610.183914605528 2167.0482170246542 19459.367531791329 12398.404249548912 748.63669288158417 12342.120824381709 288.96425479650497 276.34830856323242 1901.2485609948635 4476.7627067565918
leaf_count=21785 27151 74663 10571 2463 26667 1751 18319 5030 904 5583 37 59 993 458
internal_value=2.81793e-06 0.000874492 -0.000369297 -0.000273288 0.00181927 0.000811726 -0.000656317 -0.000372804 0.000888049 0.0022164 0.000819653 0.00178982 0.00534393 0.000691647
internal_weight=183006 54747.6 128259 24721.4 30026.2 16777.2 103321 83861.7 27666.8 15268.4 24937.8 14519.7 2177.6 24648.9
internal_count=196434 132695 63739 29614 103081 28418 52673 34354 12569 7539 11066 6635 1052 11029
is_linear=0
shrinkage=0.05


Tree=59
num_leaves=15
num_cat=0
split_feature=29 15 28 29 39 1 19 44 52 41 41 48 37 25
split_gain=21.8654 16.0685 13.5307 13.9358 17.644 13.3959 17.3445 13.2092 16.3994 16.1521 15.2665 13.9615 13.7893 11.7737
threshold=0.95636004209518444 0.017901806160807613 2.4414010047912602 0.16851559281349185 0.29797644913196569 0.016261236742138866 0.05240296199917794 0.0052685393020510682 1.0000000180025095e-35 0.46428571641445165 0.65151515603065502 0.17942462116479876 2.4414010047912602 0.020800292491912845
decision_type=2 2 2 2 2 2 2 2 2 2 2 2 2 2
left_child=1 2 -1 -4 -5 7 -7 -3 9 -9 -10 -11 -12 -13
right_child=-2 5 3 4 -6 6 -8 8 10 11 12 13 -14 -15
leaf_value=-0.0012419527594979603 0.0038111302742402427 -0.0016460172740652692 -0.00053014047100040753 0.0031119816044293774 0.00015188703752375905 0.01641433372296993 0.00062505363908882774 0.012012090507557648 -0.0012649716888862002 -0.0027368390445840305 0.00078599254039711519 0.0012461402768707158 0.0077327341124909677 0.0042071083635313979
leaf_weight=34779.270014792681 3682.9986937791109 6348.8855447005481 55719.689346240833 6514.891124650836 22039.38936112076 295.3270940631628 406.09309460967779 350.42966556549072 14106.780416280031 1938.3691704776138 6512.7642123401165 25662.332039924338 792.84935140609741 3856.4046700578183
leaf_count=11964 2801 3506 43030 46092 21964 144 555 38 11410 1015 3337 18937 440 31201
internal_value=2.81525e-06 -7.56092e-05 -0.000412359 -6.98852e-05 0.00082811 0.000589539 0.00741028 0.000507995 0.00076522 0.00148518 -0.00030446 0.00136413 0.00154943 0.00163426
internal_weight=183006 179323 119053 84274 28554.3 60270.2 701.42 59568.8 53219.9 31807.5 21412.4 31457.1 7305.61 29518.7
internal_count=196434 193633 123050 111086 68056 70583 699 69884 66378 51191 15187 51153 3777 50138
is_linear=0
shrinkage=0.05


Tree=60
num_leaves=15
num_cat=0
split_feature=29 18 45 1 45 47 38 44 47 36 33 1 27 33
split_gain=19.8691 14.4491 14.5784 17.7102 17.1787 21.1542 20.4205 15.7262 14.775 19.2654 17.1636 14.178 30.3661 30.3191
threshold=0.93087014555931102 6.0222353935241708 0.0082469712942838686 0.016261236742138866 0.00017586216563358906 4.3372693061828622 2.2499048709869389 0.05903489142656327 6.1933839321136483 0.74537035822868358 4.3757371902465829 0.010811126790940763 3.5114340782165532 1.7005987167358401
decision_type=2 2 2 2 2 2 2 2 2 2 2 2 2 2
left_child=1 -1 3 4 -3 11 8 -5 9 -7 -11 -6 13 -13
right_child=-2 2 -4 7 5 6 -8 -9 -10 10 -12 12 -14 -15
leaf_value=0.0029797417249678403 0.0022081169629332566 -0.0010134708987486671 -0.0015735029163498788 0.018598088555263414 -0.0005243644458313685 0.0024900286531640559 0.017335779358669964 0.0020344676993641004 -0.00026110916337392337 -0.0013037877023108857 0.010427958013846326 0.0029981716385492981 -0.00036474885540199145 0.015198407915555354
leaf_weight=3669.1012201495469 9663.6350608915091 36414.393186174333 17054.031890749931 225.60358643345535 65692.388674676418 20593.806086234748 183.94209599494934 373.06654258444905 13761.168065547943 5894.2992222011089 319.18032224476337 2200.4427535831928 6305.8817227631807 655.53336977958679
leaf_count=67095 7938 23341 26835 105 30333 31159 60 197 2364 2711 78 613 3420 185
internal_value=2.79109e-06 -0.000120273 -0.000187481 -3.25112e-05 -6.65869e-05 0.000231729 0.00114824 0.00847933 0.00107059 0.00175405 -0.000685352 -0.000267329 0.00157423 0.00584176
internal_weight=183006 173343 169674 152620 152021 115607 40752.4 598.67 40568.5 26807.3 6213.48 74854.2 9161.86 2855.98
internal_count=196434 188496 121401 94566 94264 70923 36372 302 36312 33948 2789 34551 4218 798
is_linear=0
shrinkage=0.05


Tree=61
num_leaves=15
num_cat=0
split_feature=29 43 3 27 0 28 41 27 32 48 45 50 36 3
split_gain=18.5544 14.4649 16.5716 21.2295 18.0229 14.7235 25.2581 19.6598 14.2242 13.776 14.5861 14.455 13.1309 13.0393
threshold=0.95636004209518444 3.5694335699081425 0.013245614245533945 3.5114340782165532 0.010582306887954475 2.4414010047912602 0.46428571641445165 3.0201274156570439 2.0126758217811589 0.17942462116479876 0.0070400873664766559 0.094601877033710494 0.10912698507308961 0.0085838492959737795
decision_type=2 2 2 2 2 2 2 2 2 2 2 2 2 2
left_child=1 -1 5 4 -4 6 -3 8 -8 -7 -11 -12 -5 -10
right_child=-2 2 3 12 -6 9 7 -9 13 10 11 -13 -14 -15
leaf_value=-0.0011872447569829198 0.0035109828463595221 0.0083292772640368804 -0.00043719383413574745 -0.0091833962774169747 0.010769457596885596 -0.0028388441861453466 -0.0012770828425714429 -0.0016856303319280654 0.0022155716460332689 0.00055739580713706218 -0.00092585262136991885 -0.0086548663037095044 0.0014701466140134081 0.010704448282817318
leaf_weight=24908.526931729168 3682.9986937791109 713.61653682589531 519.96837782859802 291.82466934807599 1141.8298805654049 3454.7094375248998 2773.8591327667236 27704.870981112123 3023.5515151023865 96706.392316529527 9949.9666657652706 634.42325794324279 6975.9462645854801 523.98913860321045
leaf_count=15709 2801 89 215 32 330 1722 859 9242 710 133798 19610 1410 9784 123
internal_value=2.84066e-06 -6.94024e-05 0.000110981 0.00220049 0.00728131 -1.74112e-05 -0.000915339 -0.00111161 0.00140283 0.000264318 0.000364494 -0.00139686 0.00103034 0.00349599
internal_weight=183006 179323 154415 8929.57 1661.8 145485 34739.9 34026.3 6321.4 110745 107291 10584.4 7267.77 3547.54
internal_count=196434 193633 177924 10361 545 167563 11023 10934 1692 156540 154818 21020 9816 833
is_linear=0
shrinkage=0.05


Tree=62
num_leaves=15
num_cat=0
split_feature=35 32 18 31 1 47 36 46 0 42 28 44 21 48
split_gain=16.9646 18.9909 13.6388 14.8534 12.1769 13.9711 14.1708 16.8572 22.441 13.9462 11.89 12.9557 10.9579 9.94145
threshold=0.01128169894218445 4.8374145030975351 6.6005504131317148 0.86688020825386058 0.012121656909585001 4.1666352748870858 0.18350168317556384 0.73905324935913097 0.011299795936793091 1.0000000180025095e-35 3.1567740440368657 0.013817048631608488 0.78579434752464306 0.059627624228596694
decision_type=2 2 2 2 2 2 2 2 2 2 2 2 2 2
left_child=4 -2 13 -4 -1 -6 -7 8 9 -8 11 -10 -12 -3
right_child=1 2 3 -5 5 6 7 -9 10 -11 12 -13 -14 -15
leaf_value=-0.00047497183117369679 5.5647391957927599e-05 -0.0044641208729397346 -0.011151332734525269 0.00022126241384839006 -0.0034288530160990561 -0.005517021500906708 0.0005861386005583583 0.00079102366519496971 0.0040298736183394263 0.013734019745599728 0.010394034827037015 0.016893375077575164 -0.0092802956536954459 0.0028283592001198446
leaf_weight=114471.47748437151 38090.490148410201 473.22943876869977 301.86499294638634 3612.5264288932085 1352.7836492359638 578.5292916148901 1788.0013871844858 5392.935486195609 283.67875161767006 217.48741842806339 140.65664417855442 681.72540095448494 123.59878261387348 15497.488494595513
leaf_count=79731 20893 255 116 1564 912 64 1273 4116 144 159 365 253 46 86543
internal_value=2.72969e-06 0.000709617 0.00196166 -0.000681935 -0.000325078 0.0012988 0.00199642 0.00250602 0.00535364 0.00207304 0.0106442 0.0131936 0.00118902 0.00260962
internal_weight=183006 57975.6 19885.1 3914.39 125031 10559.4 9206.61 8628.08 3235.15 2005.49 1229.66 965.404 264.255 15970.7
internal_count=196434 109371 88478 1680 87063 7332 6420 6356 2240 1432 808 397 411 86798
is_linear=0
shrinkage=0.05


Tree=63
num_leaves=15
num_cat=0
split_feature=29 32 27 1 51 35 41 50 32 22 48 29 32 48
split_gain=16.08 12.9061 18.9631 13.901 13.8981 16.6999 16.1713 14.5793 16.4486 17.4119 24.9661 20.7914 18.124 16.8963
threshold=0.95636004209518444 2.0126758217811589 3.0201274156570439 0.0084389690309762972 1.0000000180025095e-35 0.067256763577461257 0.65151515603065502 0.081130243837833418 6.1622610092163095 6.8007264137268075 0.78188824653625499 0.44659084081649786 6.1601512432098398 0.85871839523315441
decision_type=2 2 2 2 2 2 2 2 2 2 2 2 2 2
left_child=1 -1 3 -3 6 7 -4 8 9 10 -6 -11 -12 -10
right_child=-2 2 4 -5 5 -7 -8 -9 13 11 12 -13 -14 -15
leaf_value=-0.0014098863713732659 0.0032684936693368402 0.0020682527505278786 -0.00062855610988960507 0.009734844900442078 0.0034163613623221529 0.0077224632450623391 0.00081295966026904629 -0.007326480775833439 0.0004651320851852473 0.0088141657109432527 0.00059111459658704019 -0.00064915110912539605 -0.0043266213998794448 -0.0030821481817846015
leaf_weight=16206.433443903923 3682.9986937791109 3010.7128429412842 88375.158333227038 728.5311541557312 7695.2969786841422 825.73563680425286 24937.828697502613 564.40164702758193 11271.716989040375 1591.6187057495117 16332.180887583643 908.26067447662354 2106.1452834606171 4769.4538316726685
leaf_count=6620 2801 707 46736 171 71393 912 11066 2579 1978 184 49626 105 651 905
internal_value=2.63478e-06 -6.46189e-05 6.91179e-05 0.00358394 -1.3565e-05 0.000718643 -0.000311265 0.000589126 0.000690746 0.00140867 0.00102619 0.00538705 2.73381e-05 -0.000590829
internal_weight=183006 179323 163117 3739.24 159378 46064.8 113313 45239.1 44674.7 28633.5 26133.6 2499.88 18438.3 16041.2
internal_count=196434 193633 187013 878 186135 128333 57802 127421 124842 121959 121670 289 50277 2883
is_linear=0
shrinkage=0.05


Tree=64
num_leaves=15
num_cat=0
split_feature=15 52 34 42 17 1 2 47 47 32 36 3 41 36
split_gain=15.6685 12.0848 16.8966 21.3614 18.7831 18.1931 29.8313 16.1397 28.3918 16.052 15.8217 13.9806 13.1588 13.2012
threshold=0.017901806160807613 1.0000000180025095e-35 0.01495186844840646 1.0000000180025095e-35 0.080128207802772536 0.011173533275723459 0.013606071937829258 4.1971738338470468 4.182021141052247 2.9843537807464604 0.49725274741649633 0.0093898782506585139 0.65151515603065502 0.63003221154212963
decision_type=2 2 2 2 2 2 2 2 2 2 2 2 2 2
left_child=-1 2 4 7 -2 -5 -7 8 -4 -9 -11 -10 -3 -14
right_child=1 12 3 5 -6 6 -8 9 11 10 -12 -13 13 -15
leaf_value=-0.00033058675996333999 -0.0015641957508024048 -0.0010882534592302278 0.0015379999270467618 0.0030710056053164145 0.0096984062142393412 0.02140433150552367 -0.0014808882385037758 -0.0016983419061888814 0.0061476830852812553 -0.0017311105503140371 0.0020792730248974738 0.018753401802803639 0.0041174438312167362 -0.00015253938356065913
leaf_weight=120515.54117793776 7001.337313387543 15644.48892095685 1949.9996874928474 1048.8552913665771 380.91313611529768 417.99263916909695 211.55241779983044 4575.8781846761703 474.67438536882401 3159.9560271222144 19451.693963974714 425.13480401039124 2865.8290428519249 4882.6268077790737
leaf_count=124110 3062 12518 500 957 169 323 107 1318 270 3571 45328 194 1685 2322
internal_value=2.55623e-06 0.000644982 0.00118271 0.0016841 -0.000970729 0.0071574 0.0138111 0.00137598 0.00494941 0.000999732 0.00154625 0.0122442 -0.00025387 0.00143002
internal_weight=183006 62490.9 39098 31715.7 7382.25 1678.4 629.545 30037.3 2849.81 27187.5 22611.6 899.809 23392.9 7748.46
internal_count=196434 72324 55799 52568 3231 1387 430 51181 964 50217 48899 464 16525 4007
is_linear=0
shrinkage=0.05


Tree=65
num_leaves=15
num_cat=0
split_feature=35 32 42 22 50 15 17 44 36 48 31 33 18 43
split_gain=14.7216 15.2731 13.3695 18.5894 12.9738 11.2831 10.087 8.63456 9.48623 13.8035 12.4941 9.51883 7.92231 7.98072
threshold=0.016132541932165626 4.8374145030975351 1.0000000180025095e-35 6.7996129989624032 0.039267459884285934 0.012658481486141683 0.04446640424430371 0.0052685393020510682 0.79830509424209606 0.73981305956840526 0.86303961277008068 1.8688347935676577 6.6005504131317148 6.0579535961151132
decision_type=2 2 2 2 2 2 2 2 2 2 2 2 2 2
left_child=4 2 -2 6 5 -1 -4 -7 -9 10 -10 -11 -3 -14
right_child=1 12 3 -5 -6 7 -8 8 9 11 -12 -13 13 -15
leaf_value=-0.0005511746295607284 -0.00034417551176179695 0.0031739967469784297 -0.00091654414583667698 0.0077510562190874965 -0.0030279042230463181 -0.0010740587288468532 0.0074239626424174093 0.00086379817601487806 4.9698500506808536e-05 -0.0041668096513326957 0.0068297711710865504 -0.00056175754159725573 -0.001951075588850344 0.0042600572305609378
leaf_weight=76597.021435016766 19009.911653384566 8640.3471725173295 2215.492896348238 1289.7357563972473 3970.1977239251137 9405.6733862087131 423.08471296727657 47789.148419935256 2493.3634757846594 2912.2982098143548 924.08351504802704 4913.5425713788718 1689.0859943330288 733.48687694966793
leaf_count=55718 10307 68098 1741 142 6864 5447 361 38448 1175 949 118 6016 750 300
internal_value=2.58897e-06 0.000941221 0.000204965 0.00285649 -0.000211644 -0.000134348 0.000443801 0.000332183 0.000556385 -0.00074987 0.00189762 -0.00190694 0.00246624 -6.07376e-05
internal_weight=183006 34001.1 22938.2 3928.31 149005 145035 2638.58 68438.1 59032.4 11243.3 3417.45 7825.84 11062.9 2422.57
internal_count=196434 81699 12551 2244 114735 107871 2102 52153 46706 8258 1293 6965 69148 1050
is_linear=0
shrinkage=0.05


Tree=66
num_leaves=15
num_cat=0
split_feature=0 27 2 23 29 1 19 17 52 34 41 41 47 47
split_gain=13.8338 12.7842 16.1124 12.4381 15.4516 12.2432 17.3125 11.924 10.738 14.973 13.2625 11.8458 10.7398 17.6842
threshold=0.009569597430527212 6.3306114673614511 0.0064309346489608296 6.1872363090515146 0.42711606621742254 0.016261236742138866 0.056164715439081199 0.022474748082458976 1.0000000180025095e-35 0.0091208545491099375 0.65151515603065502 0.46428571641445165 4.1971738338470468 4.182021141052247
decision_type=2 2 2 2 2 2 2 2 2 2 2 2 2 2
left_child=1 -1 3 7 -5 8 -7 -3 9 -2 -10 -11 13 -13
right_child=5 2 -4 4 -6 6 -8 -9 10 11 -12 12 -14 -15
leaf_value=-0.00032865575860702005 -0.0023103161878028282 -0.003252489362847279 0.0041512614693679237 0.0069647243596286136 0.00022223569112372107 0.017600782323168147 0.00014866743027046515 0.0030597512496207593 -0.0015013455630526857 0.013682833768313097 0.0020858407320941226 0.0022345955705885315 0.0014719817180187031 0.012833345114615799
leaf_weight=139905.18968249671 2182.2634845841676 3187.3605093955994 3623.0356192588806 1157.6258320808411 3123.3976182937622 254.22053577564657 307.83563548885286 968.05683565139771 8029.0096106082201 207.69779968261719 3782.3120627403259 1280.4835344254971 14436.124791854993 561.86024767160416
leaf_count=161296 759 465 526 153 453 125 367 153 6202 23 1999 304 23321 288
internal_value=2.50803e-06 -0.000193983 0.00136737 0.000168328 0.00205745 0.000964179 0.00821203 -0.00177816 0.000827877 0.00157406 -0.000351836 0.00208932 0.00193309 0.00551873
internal_weight=183006 151965 12059.5 8436.44 4281.02 31041.8 562.056 4155.42 30479.8 18668.4 11811.3 16486.2 16278.5 1842.34
internal_count=196434 163046 1750 1224 606 33388 492 618 32896 24695 8201 23936 23913 592
is_linear=0
shrinkage=0.05


Tree=67
num_leaves=15
num_cat=0
split_feature=29 43 48 0 26 28 41 27 48 27 3 37 35 19
split_gain=13.1786 11.6884 13.7163 13.9952 14.2247 12.3494 13.6584 12.9997 12.2393 16.4005 19.6106 16.1355 16.0562 15.6215
threshold=0.95636004209518444 3.5694335699081425 0.17942462116479876 0.011050061322748663 0.48966924846172338 2.4414010047912602 0.46428571641445165 3.0201274156570439 0.39428746700286871 5.3771395683288583 0.013072453904896976 3.2769666910171513 0.0090114837512373942 0.2964377105236054
decision_type=2 2 2 2 2 2 2 2 2 2 2 2 2 2
left_child=1 -1 -3 5 -5 6 -4 -8 -6 10 12 13 -10 -12
right_child=-2 2 3 4 8 -7 7 -9 9 -11 11 -13 -14 -15
leaf_value=-0.0010631968964362859 0.0029591152916543201 -0.0024254930828272458 0.0063980614014826562 0.011173055513350318 -0.0042920511213079054 0.00028669883436649831 0.0010933083161820394 -0.0015083048889156288 -0.00066919931781250373 0.0006665268089439064 0.014414249174456627 -0.0024795475776852524 0.0074081830629617249 -9.2791372037705764e-08
leaf_weight=24908.526931729168 3682.9986937791109 5170.4154493547976 626.74307861924171 365.24506340548396 906.90530191920698 101086.64908903278 5956.0334403514862 24630.358226940036 1938.2531086951494 11433.236601823941 930.80105258524418 245.05665338039398 890.35774250328541 234.89336588978767
leaf_count=15709 2801 2564 76 354 749 145486 1595 8006 1049 16787 615 63 373 207
internal_value=2.53853e-06 -5.83461e-05 0.000103804 0.000191585 0.00154406 1.82583e-05 -0.000850925 -0.00100151 0.00132533 0.00165291 0.00430529 0.00909976 0.00189045 0.0115344
internal_weight=183006 179323 154415 149245 16944.7 132300 31213.1 30586.4 16579.5 15672.6 4239.36 1410.75 2828.61 1165.69
internal_count=196434 193633 177924 175360 20197 155163 9677 9601 19843 19094 2307 885 1422 822
is_linear=0
shrinkage=0.05


Tree=68
num_leaves=15
num_cat=0
split_feature=35 45 31 50 19 30 36 29 2 25 45 27 48 48
split_gain=12.7531 13.6398 12.1265 12.0616 12.0579 10.334 10.2273 10.1337 9.34889 9.51762 9.33618 13.5094 14.3974 23.6638
threshold=0.016132541932165626 0.0032574593788012867 0.87778857350349437 0.018176152370870117 0.42124085128307348 0.00040653448377270257 0.31318682432174688 0.92172086238861095 0.014815627597272398 0.024272462353110317 0.00017586216563358906 6.3306114673614511 0.90571102499961864 0.85483399033546459
decision_type=2 2 2 2 2 2 2 2 2 2 2 2 2 2
left_child=3 2 6 10 -4 -3 -2 8 -8 -10 -1 -12 13 -13
right_child=1 5 4 -5 -6 -7 7 -9 9 -11 11 12 -14 -15
leaf_value=-0.00076875097231015146 0.009766436142829224 0.0061477285531551899 0.0096216108016346155 -0.0020380159451134855 0.0022478919929589686 -0.00074269773715258404 0.00037311565625039835 0.0038286986648566669 0.00086159514788517562 0.015887508551202925 -7.4001474054800479e-06 0.0025243960727151398 0.005788382522374614 -0.005255633302234562
leaf_weight=36992.922753509134 333.99922123923898 559.98814594745636 878.73605217039585 8384.6035187859088 1496.7237501740456 12011.995076036081 15497.800881328061 2806.1106170117855 227.38317684829235 188.40814214199781 95750.071412894875 4641.6368227005005 2008.5173625946045 1227.5768666267395
leaf_count=24532 726 121 778 14185 874 22795 51991 3024 129 1261 74889 683 266 180
internal_value=2.49892e-06 0.000876127 0.00164291 -0.000196897 0.0050045 -0.000431138 0.00122141 0.00106382 0.000574176 0.00788353 -8.69824e-05 0.000156445 0.00214539 0.00089099
internal_weight=183006 34001.1 21429.2 149005 2375.46 12572 19053.7 18719.7 15913.6 415.791 140621 103628 7877.73 5869.21
internal_count=196434 81699 58783 114735 1652 22916 57131 56405 53381 1390 100550 76018 1129 863
is_linear=0
shrinkage=0.05


Tree=69
num_leaves=15
num_cat=0
split_feature=35 45 50 31 19 30 36 15 29 23 37 2 25 23
split_gain=11.5256 12.3197 11.0211 10.9544 10.8968 9.34191 9.2606 9.19061 9.14652 9.01811 9.02421 8.48393 8.63573 8.27872
threshold=0.016132541932165626 0.0032574593788012867 0.039267459884285934 0.87778857350349437 0.42124085128307348 0.00040653448377270257 0.31318682432174688 0.012658481486141683 0.92172086238861095 6.1933839321136483 4.5053346157073983 0.014815627597272398 0.024272462353110317 6.2035467624664316
decision_type=2 2 2 2 2 2 2 2 2 2 2 2 2 2
left_child=2 3 7 6 9 -3 -2 -1 11 10 -5 -8 -13 -7
right_child=1 5 -4 4 -6 13 8 -9 -10 -11 -12 12 -14 -15
leaf_value=-0.00049200631036865831 0.0092923098759669139 0.0058457348866388509 -0.0027827338294225132 0.0016801092535948308 0.0021362433244091939 -0.00048961021501029291 0.00035447189762991612 0.0003052442730428046 0.003637943590867504 0.01540028449727702 0.017727294798217184 0.00082033006840775383 0.01513317053413637 -0.0086928589225700684
leaf_weight=76597.021435016766 333.99922123923898 559.98814594745636 3970.1977239251137 436.31381247937679 1496.7237501740456 11706.064530735835 15497.800881328061 68438.109578169882 2806.1106170117855 341.96306344866753 100.45917624235153 227.38317684829235 188.40814214199781 305.93054530024529
leaf_count=55718 726 121 6864 585 874 22672 51991 52153 3024 179 14 129 1261 123
internal_value=2.50575e-06 0.000833026 -0.000187052 0.00156176 0.00475676 -0.000409367 0.00116115 -0.00011581 0.00101119 0.00914594 0.00495269 0.000546005 0.00750902 -0.000705594
internal_weight=183006 34001.1 149005 21429.2 2375.46 12572 19053.7 145035 18719.7 878.736 536.773 15913.6 415.791 12012
internal_count=196434 81699 114735 58783 1652 22916 57131 107871 56405 778 599 53381 1390 22795
is_linear=0
shrinkage=0.05


Tree=70
num_leaves=15
num_cat=0
split_feature=0 25 47 30 37 46 43 47 32 48 33 47 31 1
split_gain=11.0105 10.7569 16.4717 13.345 17.1399 12.5987 11.348 12.9145 17.7556 11.3455 24.461 16.1333 12.7554 10.7521
threshold=0.009569597430527212 0.012156934011727573 4.3372693061828622 0.010952249635010959 2.2499048709869389 0.88004064559936535 4.3107767105102548 4.3372693061828622 4.0342013835906991 0.78188824653625499 1.7005987167358401 6.1913387775421151 0.87373530864715587 0.016261236742138866
decision_type=2 2 2 2 2 2 2 2 2 2 2 2 2 2
left_child=1 6 -3 4 9 -6 7 -1 -9 -4 11 -11 -13 -2
right_child=13 2 3 -5 5 -7 -8 8 -10 10 -12 12 -14 -15
leaf_value=-0.00039782614920280484 0.00073277004567768981 -0.00091352767065353338 0.0024968357866214544 -0.0014228104536560121 0.0061736026064198877 -0.0011936680813321727 -0.0013083729064544743 0.0029229865217333902 -0.0011983609716956023 0.002295418288697078 -0.0053570983034580714 -0.0034020851903947685 0.0025690689170609145 0.0076525781680124479
leaf_weight=68117.132946819067 30479.751531567425 14352.084949985147 8394.3977883625776 4330.7325815111399 2953.6063881851733 717.97043794393539 28026.701602051035 7189.9020926654339 4095.3302811551839 7887.8388298265636 1740.5994912534952 2869.6799800395966 1288.6887273788452 562.05617126449943
leaf_count=27892 32896 9045 52281 7541 2074 264 34139 2471 2402 23755 221 613 348 492
internal_value=2.54404e-06 -0.000172753 0.000480532 0.00114348 0.00157376 0.00473362 -0.000443597 -0.00013823 0.00142764 0.00104882 0.000165996 0.000967829 -0.00154989 0.000860487
internal_weight=183006 151965 44535.6 30183.5 25852.8 3671.58 107429 79402.4 11285.2 22181.2 13786.8 12046.2 4158.37 31041.8
internal_count=196434 163046 96142 87097 79556 2338 66904 32765 4873 77218 24937 24716 961 33388
is_linear=0
shrinkage=0.05


Tree=71
num_leaves=15
num_cat=0
split_feature=32 27 51 35 41 22 28 50 25 30 18 1 32 33
split_gain=10.5694 14.7992 12.7074 14.4575 12.8901 12.3453 20.2383 12.0232 11.5187 11.3813 13.7781 11.0543 10.6896 18.0832
threshold=2.0126758217811589 3.0201274156570439 1.0000000180025095e-35 0.067256763577461257 0.65151515603065502 6.7996129989624032 3.6242519617080693 0.13630302995443347 2.0896368368994448e-05 0.00023626781330676752 6.6019089221954355 0.0084389690309762972 4.0689902305603036 1.8688347935676577
decision_type=2 2 2 2 2 2 2 2 2 2 2 2 2 2
left_child=-1 11 4 7 12 -6 8 9 -7 -4 -11 -2 13 -3
right_child=1 2 3 -5 5 6 -8 -9 -10 10 -12 -13 -14 -15
leaf_value=-0.0012161872664002429 0.0018750179802732862 -0.00081005482591882437 -0.00053762256907880586 0.0072241788645282861 -0.00012031442407118396 -0.0030240968879790518 0.0064519830720907723 -0.013148846299977458 0.0019053849138332087 0.0015681043874081757 -0.0011921676140177202 0.0087119443815232827 -0.0015607940252565949 0.00090436060463985619
leaf_weight=16206.433443903923 3010.7128429412842 45759.35813690722 14293.619873166084 828.91228756681085 15328.164976418018 1465.8853435516357 2130.5519599914551 148.43058893829584 6013.2264175415039 29133.482697853819 5343.3638807535172 728.5311541557312 19459.367531791329 23156.432664528489
leaf_count=6620 707 18702 16854 922 10106 134 228 645 598 110128 2585 171 18319 9715
internal_value=2.44321e-06 0.000120912 4.94965e-05 0.000715571 -0.000242968 0.000760737 0.00216475 0.000603831 0.000936472 0.000648374 0.00114008 0.00322677 -0.000526248 -0.000233946
internal_weight=183006 166800 163061 49747.8 113313 24937.8 9609.66 48918.9 7479.11 48770.5 34476.8 3739.24 88375.2 68915.8
internal_count=196434 189814 188936 131134 57802 11066 960 130212 732 129567 112713 878 46736 28417
is_linear=0
shrinkage=0.05


Tree=72
num_leaves=15
num_cat=0
split_feature=0 29 43 48 45 45 47 38 27 47 3 35 28 48
split_gain=10.2842 12.9729 11.3432 11.6421 11.3892 14.0629 19.606 18.4381 14.3305 22.1273 28.3934 16.368 13.3535 13.4674
threshold=0.016261236742138866 0.071324557065963759 3.5694335699081425 0.17942462116479876 0.0070400873664766559 0.00026501825777813798 4.3372693061828622 2.2499048709869389 3.6372396945953374 4.1971738338470468 0.0093898782506585139 0.04082255810499192 2.9700856208801274 0.69760611653327953
decision_type=2 2 2 2 2 2 2 2 2 2 2 2 2 2
left_child=2 -2 -1 -4 5 -5 8 -8 9 10 -7 12 -11 -14
right_child=1 -3 3 4 -6 6 7 -9 -10 11 -12 -13 13 -15
leaf_value=-0.0010121479103985585 0.013655398378939101 0.00046265192066842774 -0.0021703743214591424 -0.00037561927980107163 -0.0011708149343770426 0.0026469338504389252 0.0014643661658071952 0.018378853765737811 -0.00074194049766493375 -0.0003003486064652074 0.015413688828065628 0.0084348074367461001 -0.00055995534698871749 0.0061229571389172337
leaf_weight=24959.733855795115 300.78541392087936 467.18841883353889 5282.0459337439388 45015.258542658761 13494.204259516671 2345.3190348744392 40088.894288124517 151.84849613904953 26875.861595749855 19831.934338986874 526.63629329204559 605.87455642223358 1322.6526664495468 1738.2361055016518
leaf_count=15682 175 633 2611 30155 24826 1233 100101 41 16670 3446 307 105 163 286
internal_value=2.34025e-06 0.00573884 -2.21476e-05 0.000135017 0.00021527 0.00035039 0.000699975 0.00153274 7.04448e-05 0.000898361 0.00503336 0.000391065 0.000174592 0.00324276
internal_weight=183006 767.974 182238 157279 151997 138503 93487.3 40240.7 53246.5 26370.7 2871.96 23498.7 22892.8 3060.89
internal_count=196434 808 195626 179944 177333 152507 122352 100142 22210 5540 1540 4000 3895 449
is_linear=0
shrinkage=0.05


Tree=73
num_leaves=15
num_cat=0
split_feature=29 18 44 45 1 44 48 50 24 45 46 27 22 0
split_gain=9.87923 9.55382 9.59493 9.2175 11.6256 11.8213 10.1764 9.44891 10.6608 9.42892 12.1815 15.616 22.0205 16.1017
threshold=0.95636004209518444 6.0222353935241708 0.036176331341266639 0.0082469712942838686 0.016261236742138866 0.05903489142656327 0.17942462116479876 0.091684527695178999 0.29691541194915777 0.00017586216563358906 0.78200307488441478 3.6372396945953374 6.7929053306579599 0.0094788861460983771
decision_type=2 2 2 2 2 2 2 2 2 2 2 2 2 2
left_child=1 2 -1 4 6 -6 -3 -5 -9 -8 11 12 13 -11
right_child=-2 3 -4 7 5 -7 9 8 -10 10 -12 -13 -14 -15
leaf_value=-0.0034485516135398077 0.0025622441500240765 -0.0017315068698599942 0.0035670424061837237 -0.00092520949359536095 0.015651537453849319 0.0015008182511629534 -0.00063624314814986617 -0.0038671603069664164 -0.0193110861428951 0.0036397630914529362 0.00086667604394579344 -0.00099595028942217763 0.00032835718060169575 0.016590273583936291
leaf_weight=569.69142965227365 3682.9986937791109 8137.0944022554904 3099.4097904972732 16413.073899820447 225.60358643345535 401.5637627132237 34912.395182095468 762.44923539459705 122.82459434866905 907.92143860459328 52114.147055089474 29814.057256093249 31522.720572829247 320.52290040254593
leaf_count=1600 2801 3069 65495 25210 105 222 22896 1413 262 961 33506 32272 6302 320
internal_value=2.38784e-06 -5.03272e-05 0.00247134 -0.000103138 1.66027e-05 0.00675684 -1.06248e-05 -0.00119867 -0.00620165 8.30927e-05 0.00030212 -0.000168194 0.000585403 0.00712546
internal_weight=183006 179323 3669.1 175654 158356 627.167 157729 17298.3 885.274 149592 114679 62565.2 32751.2 1228.44
internal_count=196434 193633 67095 126538 99653 327 99326 26885 1675 96257 73361 39855 7583 1281
is_linear=0
shrinkage=0.05


Tree=74
num_leaves=15
num_cat=0
split_feature=22 29 22 29 21 24 0 19 18 48 34 28 24 24
split_gain=9.23948 14.5213 10.9812 21.5866 13.8689 9.82763 9.52048 9.71825 9.07591 8.87188 8.84465 8.6932 9.04378 7.84332
threshold=6.7702026367187509 0.042609835043549545 6.7804884910583505 0.81981545686721813 0.72966787219047557 0.87804850935935985 0.016261236742138866 0.056164715439081199 5.7698810100555429 0.059627624228596694 0.61065936088562023 1.7005987167358401 0.30984731018543249 0.30984731018543249
decision_type=2 2 2 2 2 2 2 2 2 2 2 2 2 2
left_child=1 -1 3 13 -5 6 9 -8 -3 -4 -7 12 -11 -2
right_child=2 8 5 4 -6 10 7 -9 -10 11 -12 -13 -14 -15
leaf_value=-0.0013261654893536824 -0.0023223719319209126 0.014783854880282799 -0.0032630349777403021 -0.009766732585545496 0.0048985530890870909 -0.001869422085371967 0.011551818827185003 -0.00058448182787494923 0.002216268981195028 -0.00082673910163517375 0.0075192990141910209 0.00011304448741883164 -0.0067197460251398602 -0.0066432021292210826
leaf_weight=3642.7734304182231 4789.9838247597218 136.48809254169464 2127.7448936104774 172.43710917234421 1412.7113626897335 360.78506052494049 346.59215888381004 305.218685567379 8574.5139636937529 17651.837812304497 788.49496632814407 140686.69034767151 666.30870050191879 1343.893391340971
leaf_count=16011 11492 2660 786 388 3188 155 102 120 101976 6400 472 49026 353 3305
internal_value=2.30612e-06 0.00132217 -9.33128e-05 -0.0019348 0.00325199 -5.95843e-06 -3.88262e-05 0.00594588 0.00242991 -6.34029e-05 0.00458126 -2.03841e-05 -0.00104464 -0.00327831
internal_weight=183006 12353.8 170653 7719.03 1585.15 162934 161784 651.811 8711 161133 1149.28 159005 18318.1 6133.88
internal_count=196434 120647 75787 18373 3576 57414 56787 222 104636 56565 627 55779 6753 14797
is_linear=0
shrinkage=0.05


Tree=75
num_leaves=15
num_cat=0
split_feature=15 52 29 48 48 47 0 0 39 38 37 20 2 15
split_gain=8.86043 7.488 11.4773 10.9121 24.7446 22.0176 12.9453 9.9 21.1395 9.61553 12.8062 8.91033 8.54393 8.81942
threshold=0.018045408651232723 1.0000000180025095e-35 0.0073304323013871917 0.38236925005912786 0.52868646383285534 4.2835628986358651 0.012121656909585001 0.015038444194942715 0.062664333730936064 1.0000000180025095e-35 2.4414010047912602 0.0088483612053096312 0.0063092110212892303 0.031860515475273139
decision_type=2 2 2 2 2 2 2 2 2 2 2 2 2 2
left_child=-1 2 -2 5 12 6 -4 -6 -9 -3 -11 -10 -5 -14
right_child=1 9 3 4 7 -7 -8 8 11 10 -12 -13 13 -15
leaf_value=-0.00024693463646378866 -0.001264041294898129 -0.0010141629887591801 0.0019219626037061345 0.0095867914773104003 0.00088136985922940823 -0.0021709953507205262 0.013476166944689366 0.01273280230820858 -0.0064921963490226975 0.00045555726201806576 0.006896744050879703 0.0034522165462007788 -7.4273088396906587e-05 0.0069310736124001907
leaf_weight=120967.60529796034 5229.4059985708445 14457.58102068305 770.44290906190872 1065.7009022682905 23032.233102569357 4794.0793316718191 346.56499844789505 555.92082875780761 290.65996717847884 7937.8536665439606 844.98880183696747 889.66312489658594 786.44013387523592 1037.3337156865746
leaf_count=124679 2553 11286 480 1630 41664 3217 209 194 364 4638 473 1995 1372 1680
internal_value=2.21202e-06 0.000487977 0.000913037 0.00125246 0.00166911 -0.000696582 0.00559456 0.00115699 0.00478722 -0.000221723 0.0010824 0.000969391 0.00603989 0.00392633
internal_weight=183006 62038.9 38798.4 33569 27658 5911.09 1117.01 24768.5 1736.24 23240.4 8782.84 1180.32 2889.47 1823.77
internal_count=196434 71755 55358 52805 48899 3906 689 44217 2553 16397 5111 2359 4682 3052
is_linear=0
shrinkage=0.05


Tree=76
num_leaves=15
num_cat=0
split_feature=47 23 42 47 22 1 28 30 51 35 48 33 32 27
split_gain=8.37573 18.574 9.03409 38.7555 24.2793 18.8407 15.3923 14.3294 13.0575 14.4211 12.2794 42.4319 32.8791 19.8372
threshold=4.1666352748870858 2.5249279737472539 1.0000000180025095e-35 4.182021141052247 6.7996129989624032 0.010695492848753931 3.6242519617080693 0.005347493803128601 1.0000000180025095e-35 0.052579144015908248 0.7751741111278535 1.7005987167358401 6.1601512432098398 6.3288288116455087
decision_type=2 2 2 2 2 2 2 2 2 2 2 2 2 2
left_child=1 -1 3 -2 -4 6 7 -6 -5 10 11 13 -12 -10
right_child=2 -3 4 8 5 -7 -8 -9 9 -11 12 -13 -14 -15
leaf_value=0.012560654854492948 0.020702038967606348 -0.0011095909950277446 -4.5373570071801424e-05 -0.00044496881982207309 -0.0012763240764754841 0.009083824830958943 0.0060220753143688218 0.0040763914340427622 0.0023969457829153438 0.0073416157273061946 0.00089843067118545701 0.0067620987961738935 -0.0027912078103534406 -0.0012641639204670188
leaf_weight=241.58099776506424 214.75239157676697 20477.309964209795 18629.378556504846 86742.902114465833 3185.6286706924438 1160.8357214927673 1944.9319839477539 2044.5731825828552 6711.8446293510497 766.02149931900203 21066.564777165651 3147.2634233124554 8452.2876009941101 8220.5982866287231
leaf_count=23 73 13671 17921 37660 337 123 208 224 68743 1769 51017 1180 1889 1596
internal_value=2.22455e-06 -0.000944214 0.000123105 -4.34459e-05 0.000958626 0.00319975 0.00223647 0.000819928 -7.79504e-05 0.000580261 0.000469929 0.0014957 -0.00015863 0.000381937
internal_weight=183006 20718.9 162288 135322 26965.3 8335.97 7175.13 5230.2 135107 48364.6 47598.6 18079.7 29518.9 14932.4
internal_count=196434 13694 182740 163927 18813 892 769 561 163854 126194 124425 71519 52906 70339
is_linear=0
shrinkage=0.05


Tree=77
num_leaves=15
num_cat=0
split_feature=29 22 29 22 29 21 18 0 19 48 29 32 27 1
split_gain=8.43473 8.01806 12.6139 10.3634 17.7616 12.5961 8.20276 7.92016 8.85054 7.86379 7.46725 7.40738 12.0688 9.1458
threshold=0.96575471758842479 6.7702026367187509 0.042609835043549545 6.7804884910583505 0.81981545686721813 0.72966787219047557 5.7698810100555429 0.016261236742138866 0.056164715439081199 0.059627624228596694 0.53046783804893505 2.0126758217811589 3.0201274156570439 0.0084389690309762972
decision_type=2 2 2 2 2 2 2 2 2 2 2 2 2 2
left_child=1 2 -1 4 10 -6 -4 9 -9 -5 -3 -11 13 -13
right_child=-2 3 6 7 5 -7 -8 8 -10 11 -12 12 -14 -15
leaf_value=-0.0012626866220973049 0.0035180722643340283 -0.002539260478124721 0.013985300407776076 -0.0030814009529682045 -0.010513704595519894 0.0045603373895243019 0.0020375804255625884 0.010773543065415246 -0.00080327229773687102 -0.0010323443436100863 -0.0085429783074942953 0.0016810755464884671 2.2304965765093079e-05 0.0079434535084107801
leaf_weight=3642.7734304182231 1680.1951544582844 5569.7219873666763 136.48809254169464 2111.7557736039162 145.18624204397202 1320.8255763351917 8502.2057281080633 346.59215888381004 305.00950047373772 16131.114152252674 564.15522873401642 3010.7128429412842 138823.9870005846 715.75093126296997
leaf_count=16011 1095 13479 2660 779 327 2981 101740 102 125 6584 1318 707 48358 168
internal_value=2.2852e-06 -3.04848e-05 0.00120252 -0.000120131 -0.00192328 0.00300637 0.0022423 -3.51352e-05 0.0054243 -5.7595e-05 -0.00310445 -1.71621e-05 9.7781e-05 0.00290195
internal_weight=183006 181326 12281.5 169045 7599.89 1466.01 8638.69 161445 651.602 160793 6133.88 158682 142550 3726.46
internal_count=196434 195339 120411 74928 18105 3308 104400 56823 227 56596 14797 55817 49233 875
is_linear=0
shrinkage=0.05


Tree=78
num_leaves=15
num_cat=0
split_feature=0 27 2 1 23 43 49 48 48 33 32 32 48 22
split_gain=7.79708 8.27147 13.9874 10.3974 13.7894 9.02175 8.45131 8.02614 14.9152 17.6641 7.74445 11.9538 17.9088 23.839
threshold=0.009569597430527212 6.3306114673614511 0.0064309346489608296 0.010362972505390646 6.1664671897888192 6.0461888313293466 0.060082102194428451 0.90571102499961864 0.8619733750820161 1.7005987167358401 6.1622610092163095 4.8374145030975351 0.77320712804794323 6.7984981536865243
decision_type=2 2 2 2 2 2 2 2 2 2 2 2 2 2
left_child=1 10 3 4 6 -4 -3 8 9 -6 11 -1 -13 -14
right_child=-2 2 5 -5 7 -7 -8 -9 -10 -11 -12 12 13 -15
leaf_value=-0.00035142749391987312 0.00072419018097625166 -0.00046497279468761603 0.0067387628738673142 0.0045377759397917687 -0.0013898283076997013 0.0016483863603001946 -0.0062512471846614855 0.0042091135441897415 -0.0060707283956722641 0.00725487586322544 -0.0019805579447068583 0.0036388083059345519 0.0010943635586516942 -0.0047175532804519804
leaf_weight=117121.64768528938 31041.807702831924 1148.0946197509766 1454.1635808944702 1085.7042078971863 1763.4188842773438 2168.8720383644104 1395.9508700370789 1313.445366859436 852.93186521530151 876.89498138427734 6194.2441296577454 4839.0840913690627 9599.0102794859558 2151.2034966945648
leaf_count=67416 33388 185 217 154 284 309 193 175 132 101 1493 55488 36234 665
internal_value=2.21669e-06 -0.000145299 0.0011106 -6.38099e-06 -0.000682806 0.00370442 -0.00365202 0.000893035 -0.000362253 0.00149777 -0.000253626 -0.000173482 0.00108228 2.72238e-05
internal_weight=183006 151965 12059.5 8436.44 7350.74 3623.04 2544.05 4806.69 3493.25 2640.31 139905 133711 16589.3 11750.2
internal_count=196434 163046 1750 1224 1070 526 378 692 517 385 161296 159803 92387 36899
is_linear=0
shrinkage=0.05


Tree=79
num_leaves=15
num_cat=0
split_feature=29 35 27 50 22 45 43 48 3 27 48 18 41 33
split_gain=7.65874 7.13577 12.2947 9.09404 8.42242 7.64214 7.55718 10.2361 9.12661 14.6739 11.0651 10.1511 9.31614 21.0704
threshold=0.96575471758842479 0.085492223501205458 5.4868674278259286 0.017074644565582279 6.7702026367187509 4.4543403419083924e-06 3.5694335699081425 0.17942462116479876 0.014599318150430919 3.5114340782165532 0.73761799931526195 6.620739459991456 0.70714285969734203 1.0000000180025095e-35
decision_type=2 2 2 2 2 2 2 2 2 2 2 2 2 2
left_child=1 3 -3 5 -5 -1 -7 -8 12 10 -10 -11 -9 -14
right_child=-2 2 -4 4 -6 6 7 8 9 11 -12 -13 13 -15
leaf_value=-0.0019237883095910341 0.0033522903187239599 -0.00023954369914557652 0.0073541113040231608 0.00113518229084122 -0.0019366413851906431 -0.00073264733666821794 -0.0019525505326312993 0.00012281143722433498 0.0017477193661290299 0.0018405213111875954 0.0134083184126673 -0.0095084851410370402 0.005214357410603501 0.00023761951633332709
leaf_weight=4808.4175917506218 1680.1951544582844 1336.4677385929972 876.00999429821968 2802.6626084186137 10830.662582367659 23429.425224658102 5120.125804528594 117699.29902976751 354.68875929713249 3115.2034549228847 478.06687939167023 200.40236078202724 2995.1918329000473 7279.6547838747501
leaf_count=6256 1095 1477 489 18763 8818 14464 2473 134452 160 4254 122 64 637 2910
internal_value=2.12941e-06 -2.90968e-05 0.00278665 -6.40316e-05 -0.00130478 3.8262e-05 9.70962e-05 0.000238789 0.000323851 0.00262914 0.00852149 0.00112803 0.000248924 0.00169203
internal_weight=183006 181326 2212.48 179114 13633.3 165480 160672 137243 132123 4148.36 832.756 3315.61 127974 10274.8
internal_count=196434 195339 1966 193373 27581 165792 159536 145072 142599 4600 282 4318 137999 3547
is_linear=0
shrinkage=0.05


Tree=80
num_leaves=15
num_cat=0
split_feature=29 45 1 44 45 47 38 43 36 48 36 48 33 19
split_gain=7.05438 6.93159 8.88433 9.66017 8.61651 12.6312 15.4635 15.1868 23.0893 22.1753 19.7308 26.4449 18.6315 14.544
threshold=0.95636004209518444 0.0082469712942838686 0.016261236742138866 0.05903489142656327 0.00017586216563358906 4.3372693061828622 2.2499048709869389 6.0222353935241708 0.85028737783432018 0.77870926260948192 0.61930641531944286 0.40020696818828588 4.3757371902465829 0.53534659743309032
decision_type=2 2 2 2 2 2 2 2 2 2 2 2 2 2
left_child=1 2 4 -4 -1 -6 7 8 -7 10 -9 -12 -10 -13
right_child=-2 -3 3 -5 5 6 -8 9 12 -11 11 13 -14 -15
leaf_value=-0.00063068721731234065 0.0021652076345889284 -0.00097816676910020229 0.013957616501262005 0.0012349431478307317 -0.00016545318016774536 0.0021878064606329676 0.014961808693199295 -0.00083947112547084514 -0.0030289825276754653 -0.0016244940159382496 -0.0013954070478248187 0.0096536133214734643 0.0098182511879759057 0.0029419917576745465
leaf_weight=37125.649009615183 3682.9986937791109 17815.387464016676 226.6052314043045 409.84404709748924 75594.305043414235 23228.676936531439 183.94209599494934 4229.6716189831495 3517.5840894412249 11830.416191637516 1616.1132841110229 1674.1096104681492 297.03487613797188 1574.1356073766947
leaf_count=24684 2801 27297 109 494 34808 96861 60 1190 1448 5713 176 396 58 339
internal_value=2.07244e-06 -4.24729e-05 6.07943e-05 0.00591064 3.72849e-05 0.000237721 0.000870576 0.000813433 0.00159579 -0.00019798 0.00165752 0.00382597 -0.00200554 0.0064201
internal_weight=183006 179323 161508 636.449 160872 123746 48151.7 47967.7 27043.3 20924.4 9094.03 4864.36 3814.62 3248.25
internal_count=196434 193633 166336 603 165733 141049 106241 106181 98367 7814 2101 911 1506 735
is_linear=0
shrinkage=0.05


Tree=81
num_leaves=15
num_cat=0
split_feature=15 52 48 47 0 35 41 37 0 48 35 34 42 25
split_gain=6.87987 8.03338 10.5298 10.6321 14.8378 10.4458 9.97123 10.6405 9.23328 9.26321 15.9804 12.3679 12.8865 10.0705
threshold=0.012121656909585001 1.0000000180025095e-35 0.38236925005912786 4.2835628986358651 0.012270400300621988 0.051304815337061889 0.65151515603065502 2.4414010047912602 0.014389234129339458 0.56994566321372997 0.0018339900998398664 0.35636089742183691 1.0000000180025095e-35 0.015982880257070068
decision_type=2 2 2 2 2 2 2 2 2 2 2 2 2 2
left_child=-1 2 3 4 -2 8 -3 -8 9 10 -4 12 -12 -13
right_child=1 6 5 -5 -6 -7 7 -9 -10 -11 11 13 -14 -15
leaf_value=-0.00029939913269798812 9.6001162580843378e-05 -0.00086621771203454197 -0.00075405308699119623 -0.0016208139082094166 0.010168203619943922 0.006288370801979172 0.0004075715085456249 0.0053580483061340008 0.0035045327384625696 0.00032644040419094737 0.0050533897574695855 -0.0017837645665945692 0.018686894082029996 0.0048375943602986761
leaf_weight=93023.712549421936 1597.0392993092537 23478.363051012158 2970.7145155649632 7916.5460513662547 464.29481673240662 906.67602302506566 9472.1759750843048 1216.2588411569595 3144.3054337222129 33440.417229956016 2873.5478581767529 1330.5597501397133 176.52397102117538 995.33843431994319
leaf_count=93253 1026 18106 904 4954 279 1125 4912 701 4687 57681 8249 281 24 252
internal_value=2.10066e-06 0.000313788 0.000683368 -0.000788 0.0024028 0.00100375 -0.000289993 0.000975378 0.000895738 0.000698646 0.00218769 0.00381165 0.00590092 0.00105834
internal_weight=183006 89982.8 55816 9977.88 2061.33 45838.1 34166.8 10688.4 44931.4 41787.1 8346.68 5375.97 3050.07 2325.9
internal_count=196434 103181 79462 6259 1305 73203 23719 5613 72078 67391 9710 8806 8273 533
is_linear=0
shrinkage=0.05


Tree=82
num_leaves=15
num_cat=0
split_feature=45 22 22 29 21 29 18 24 50 35 32 24 42 22
split_gain=6.34228 7.84667 9.05832 16.1465 11.0152 7.3534 7.34267 7.13978 7.04281 9.90621 15.3469 7.73846 7.93037 16.746
threshold=4.4543403419083924e-06 6.7702026367187509 6.7804884910583505 0.81981545686721813 0.72966787219047557 0.042609835043549545 5.7698810100555429 0.30984731018543249 0.027125827968120578 0.052579144015908248 3.4811217784881596 0.87804850935935985 1.0000000180025095e-35 6.7996129989624032
decision_type=2 2 2 2 2 2 2 2 2 2 2 2 2 2
left_child=-1 5 3 7 -5 -2 -7 -3 11 -10 -11 12 -4 -14
right_child=1 2 8 4 -6 6 -8 -9 9 10 -12 -13 13 -15
leaf_value=-0.0017878459338634967 -0.00092871242375187142 -0.0019837042674311369 -7.2177516449944005e-05 -0.0091057450700938267 0.0041956924308415673 0.013146989186756511 0.0018439024480883465 -0.0061325575438776949 -0.0021457117353051187 0.0065978369500609649 -0.0019946998847990591 0.0044655499530719522 -0.00010218740105844758 0.002488325716919921
leaf_weight=4808.4175917506218 2749.1089077554643 4586.4259891808033 122408.24701797962 165.32817330956459 1410.9164455831051 136.48809254169464 8488.5050037298352 1337.3879579305649 7339.5349670350552 909.19508135318756 1187.7233555316925 1010.9339070022106 16416.833221614361 10051.428087711334
leaf_count=6256 12685 11012 40387 372 3184 2660 101652 3290 4168 452 1102 531 7685 998
internal_value=2.13059e-06 5.05281e-05 -3.61398e-05 -0.0017331 0.00275193 0.0013206 0.00203779 -0.00292913 4.38469e-05 -0.00128031 0.00174454 0.000127292 9.7535e-05 0.000882139
internal_weight=183006 178198 166824 7500.06 1576.24 11374.1 8624.99 5923.81 159324 9436.45 2096.92 149887 148877 26468.3
internal_count=196434 190178 73181 17858 3556 116997 104312 14302 55323 5722 1554 49601 49070 8683
is_linear=0
shrinkage=0.05


Tree=83
num_leaves=15
num_cat=0
split_feature=47 23 42 47 43 32 32 28 47 3 56 37 52 48
split_gain=6.14171 16.5135 7.56387 35.2957 19.3521 13.2559 14.6064 10.4944 23.0563 25.3101 14.1001 18.9232 18.5994 18.0734
threshold=4.1666352748870858 2.5249279737472539 1.0000000180025095e-35 4.182021141052247 3.65057384967804 4.5641312599182138 4.0859410762786874 2.8617925643920903 4.1971738338470468 0.0094788861460983771 1.0000000180025095e-35 4.4714918136596689 1.0000000180025095e-35 0.83308735489845287
decision_type=2 2 2 2 2 2 2 2 2 2 2 2 2 2
left_child=1 -1 3 -2 -4 6 -6 8 9 -5 11 12 -9 -13
right_child=2 -3 4 7 5 -7 -8 10 -10 -11 -12 13 -14 -15
leaf_value=0.011925122538393937 0.019751013717032279 -0.00096437270918998453 0.0098163153530411162 0.0015696078456173231 0.00076086832365072996 -0.0013851113955924855 0.0047390207012049596 0.00055526805394875555 -0.0009908055558989421 0.014314601324898053 -0.0013223372032989521 0.0014688538136691325 -0.0017607345074934573 0.0070010549505881026
leaf_weight=241.58099776506424 214.75239157676697 20477.309964209795 581.291523873806 2432.5312362313271 17695.752810195088 6043.8014934360981 2644.5022877156734 58443.542889958248 42643.681009992957 454.59411454200745 12504.490946292877 6562.1727692037821 10168.416043266654 1898.0533217489719
leaf_count=23 73 13671 97 806 10851 5769 2096 125304 16254 150 2367 1778 16544 651
internal_value=2.04725e-06 -0.000808402 0.000105559 -4.68377e-05 0.000870076 0.000669329 0.00128016 -7.97657e-05 -0.000697774 0.00361886 0.000234404 0.000487114 0.000211826 0.0027168
internal_weight=183006 20718.9 162288 135322 26965.3 26384.1 20340.3 135107 45530.8 2887.13 89576.7 77072.2 68612 8460.23
internal_count=196434 13694 182740 163927 18813 18716 12947 163854 17210 956 146644 144277 141848 2429
is_linear=0
shrinkage=0.05


Tree=84
num_leaves=15
num_cat=0
split_feature=15 18 29 48 36 3 19 48 49 52 35 41 37 4
split_gain=5.97483 7.20821 6.43654 6.74606 7.23103 5.3023 9.23347 5.59859 6.17327 5.72736 9.76941 8.39087 9.72848 8.86472
threshold=0.012121656909585001 6.0485529899597177 0.95407065749168407 0.97041675448417675 0.6601788103580476 0.016261236742138866 0.062582436949014678 0.17942462116479876 0.020458303391933445 1.0000000180025095e-35 0.051304815337061889 0.65151515603065502 2.4414010047912602 0.01183473411947489
decision_type=2 2 2 2 2 2 2 2 2 2 2 2 2 2
left_child=-1 -2 5 4 -4 7 -7 8 -3 10 -9 -11 -13 -14
right_child=1 2 3 -5 -6 6 -8 9 -10 11 -12 12 13 -15
leaf_value=-0.00027884611945866173 0.003241674929342693 -0.00071960451445502241 0.0034467180548952365 0.0066009335234606895 -0.0021162495747989495 0.0092791863500319028 -0.0018357678944981991 0.00044525782631226894 -0.0056516525007454617 -0.00084118617343336582 0.0054959431882654775 0.00031428242677113859 0.0028623141949698171 0.013476795721828895
leaf_weight=93023.712549421936 2015.4353526867926 2974.6357509940863 1401.7352712005377 736.20315507054329 987.71753889322281 407.82867794670165 332.91993934847414 45830.874543257058 797.81665967218578 22974.809049993753 967.97936675325036 9351.0301955640316 963.7111896276474 240.06455957889557
leaf_count=93253 42217 1101 1268 811 560 201 296 32511 288 17792 592 4851 553 140
internal_value=2.12377e-06 0.000292588 0.00022466 0.00244927 0.00114794 0.000142424 0.0043258 0.000105067 -0.00177484 0.000193563 0.000550877 -0.000305172 0.000861269 0.00507271
internal_weight=183006 89982.8 87967.3 3125.66 2389.45 84841.7 740.749 84100.9 3772.45 80328.5 46798.9 33529.6 10554.8 1203.78
internal_count=196434 103181 60964 2639 1828 58325 497 57828 1389 56439 33103 23336 5544 693
is_linear=0
shrinkage=0.05


Tree=85
num_leaves=15
num_cat=0
split_feature=0 29 47 23 43 22 15 35 42 47 22 1 28 30
split_gain=5.6309 9.59818 6.30788 15.1316 7.08689 15.2686 8.03614 9.44509 6.46427 30.8093 17.1167 14.3401 11.6793 11.3156
threshold=0.016261236742138866 0.071324557065963759 4.1666352748870858 2.5249279737472539 3.9415346384048466 6.7973818778991708 0.051115868613123901 0.085492223501205458 1.0000000180025095e-35 4.182021141052247 6.7996129989624032 0.010695492848753931 3.7256208658218388 0.005347493803128601
decision_type=2 2 2 2 2 2 2 2 2 2 2 2 2 2
left_child=2 -2 3 -1 6 -6 7 -5 9 -4 -10 12 13 -12
right_child=1 -3 8 4 5 -7 -8 -9 10 -11 11 -13 -14 -15
leaf_value=0.011349422678311648 0.011056190796975743 -0.00027695911952056382 0.018699614623340178 -0.0010502968285226249 0.014738989404471291 -1.76480067654728e-05 -0.0050752729266253715 0.011040044839659494 -4.6961020421982573e-05 -8.2522175264345389e-05 -0.0012133408782424191 0.0079087553391464123 0.0052064486303234174 0.0035286973021489698
leaf_weight=241.58099776506424 300.78541392087936 467.18841883353889 208.6941180229187 17879.118979498744 208.73569506406784 882.48867750167847 1248.6972672045231 153.06944394111633 18547.911782681942 134578.15112759918 3212.9432153701782 1125.1189570426941 1898.0376577377319 2053.9520478248596
leaf_count=23 175 633 71 12198 301 365 712 27 17846 163196 340 119 203 225
internal_value=2.10971e-06 0.00424685 -1.60102e-05 -0.000839488 -0.000989526 0.0029133 -0.00121181 -0.000941604 8.90619e-05 -5.20562e-05 0.000797547 0.0026848 0.0018546 0.000639113
internal_weight=183006 767.974 182238 20613.7 20372.1 1091.22 19280.9 18032.2 161625 134787 26838 8290.05 7164.93 5266.9
internal_count=196434 808 195626 13626 13603 666 12937 12225 182000 163267 18733 887 768 565
is_linear=0
shrinkage=0.05


Tree=86
num_leaves=15
num_cat=0
split_feature=45 22 22 29 18 29 29 18 26 50 35 32 27 45
split_gain=5.51103 6.83194 7.85234 14.0157 9.98944 6.92236 6.38628 6.59884 6.18503 6.0911 8.68975 13.3237 7.47225 15.7375
threshold=4.4543403419083924e-06 6.7702026367187509 6.7804884910583505 0.81981545686721813 6.4700248241424569 0.53046783804893505 0.042609835043549545 5.7698810100555429 0.85123190283775341 0.027125827968120578 0.052579144015908248 3.4811217784881596 6.3306114673614511 0.00025418744189664727
decision_type=2 2 2 2 2 2 2 2 2 2 2 2 2 2
left_child=-1 6 3 5 -5 -3 -2 -8 -9 12 -11 -12 -4 -14
right_child=1 2 9 4 -6 -7 7 8 -10 10 11 -13 13 -15
leaf_value=-0.0016663458970558312 -0.00086375764114715267 -0.002164075994743071 7.4698881248949394e-06 -0.0082286027502620259 0.0040044761864027464 -0.0079526536731378463 0.012431938337376382 0.00068760103351744775 0.0034871997471330957 -0.0020010470287989269 0.0061645567582737761 -0.0018416597300035629 -0.0012168803912893211 0.0024256835551591549
leaf_weight=4808.4175917506218 2749.1089077554643 5359.6587183773518 136397.83252075315 179.91414901614189 1396.3304698765278 564.15522873401642 136.48809254169464 5375.9951896760613 3112.5098140537739 7339.5349670350552 909.19508135318756 1187.7233555316925 4388.4565424919128 9101.1531710624695
leaf_count=6256 12685 12984 47872 405 3151 1318 2660 90600 11052 4168 452 1102 557 1172
internal_value=2.21121e-06 4.73258e-05 -3.35443e-05 -0.00161351 0.00256511 -0.00272783 0.00123243 0.0019008 0.00171704 4.09279e-05 -0.00119051 0.00164251 0.00011853 0.00124066
internal_weight=183006 178198 166824 7500.06 1576.24 5923.81 11374.1 8624.99 8488.51 159324 9436.45 2096.92 149887 13489.6
internal_count=196434 190178 73181 17858 3556 14302 116997 104312 101652 55323 5722 1554 49601 1729
is_linear=0
shrinkage=0.05


Tree=87
num_leaves=15
num_cat=0
split_feature=0 27 2 1 23 43 49 32 33 32 48 22 19 49
split_gain=5.44683 6.05834 12.1613 9.0572 11.7767 8.07497 8.04151 6.87419 8.85868 8.1686 17.2772 22.6708 12.2909 10.8883
threshold=0.009569597430527212 6.3306114673614511 0.0064309346489608296 0.010362972505390646 6.1664671897888192 6.0461888313293466 0.060082102194428451 6.1622610092163095 0.89587974548339855 6.0821251869201669 0.77320712804794323 6.7984981536865243 0.26399755477905279 0.028326286002993587
decision_type=2 2 2 2 2 2 2 2 2 2 2 2 2 2
left_child=1 7 3 4 6 -4 -3 9 -9 -1 12 -12 13 -11
right_child=-2 2 5 -5 -6 -7 -8 8 -10 10 11 -13 -14 -15
leaf_value=-0.00026662974512075513 0.0006055396052680388 -0.00035501979370954929 0.006242665865892446 0.0041535186099393518 0.00073743856604958859 0.001427869845109168 -0.005998292609398913 -0.0037361397936880448 4.2424161049883315e-05 0.0002218786590057041 0.001294383200053367 -0.0044949000841986893 0.0025388345291923247 0.013753119394177749
leaf_weight=120717.38518412225 31041.807702831924 1148.0946197509766 1454.1635808944702 1085.7042078971863 4806.6910977363586 2168.8720383644104 1395.9508700370789 3082.4554748535156 3111.7886548042297 207.05610871315002 7763.4558630883694 2151.2034966945648 2351.5947309136391 520.25016930699348
leaf_count=142500 33388 185 217 154 692 309 193 854 639 109 14959 665 1273 297
internal_value=2.10959e-06 -0.000121185 0.000953647 -8.77778e-05 -0.000719009 0.00337223 -0.00346292 -0.000213894 -0.0018409 -0.00013839 0.00105232 3.50074e-05 0.00431754 0.00995618
internal_weight=183006 151965 12059.5 8436.44 7350.74 3623.04 2544.05 139905 6194.24 133711 12993.6 9914.66 3078.9 727.306
internal_count=196434 163046 1750 1224 1070 526 378 161296 1493 159803 17303 15624 1679 406
is_linear=0
shrinkage=0.05


Tree=88
num_leaves=15
num_cat=0
split_feature=29 19 21 35 45 50 24 1 19 35 41 33 44 47
split_gain=5.37828 5.59485 5.3071 5.97391 5.55044 8.03278 9.7975 6.18013 9.66936 7.90691 6.72371 13.4015 12.3441 8.3394
threshold=0.96575471758842479 0.60299852490425121 0.68815487623214733 9.1617748694261553e-06 0.006239143433049322 0.091684527695178999 0.29691541194915777 0.016001024283468727 0.017552493140101436 0.017646600492298607 0.73214286565780651 1.0000000180025095e-35 0.41852286458015447 6.1933839321136483
decision_type=2 2 2 2 2 2 2 2 2 2 2 2 2 2
left_child=2 -2 3 -1 7 -6 -7 10 -9 -10 13 -12 -13 -4
right_child=1 -3 4 -5 5 6 -8 8 9 -11 11 12 -14 -15
leaf_value=0.025491462493212599 -0.0049562815376281216 0.0038605321751786249 7.1269918148452542e-05 0.0016369982104838404 -0.00064230782213507654 -0.0032642414747316413 -0.018049371998055293 0.011733363508733569 -0.001400239053607079 0.0088619357205516162 0.0038349160426375366 -0.00062180446805753945 0.0053629666336776462 -0.00098867316722479523
leaf_weight=16.48283052444458 195.86731669306755 1484.3278377652168 123779.15431945212 3859.351373584941 18106.68435174413 764.91735778748989 122.85475679859519 269.09736001491547 742.53556098975241 240.30689407326281 3331.4482423067093 7307.2231211960316 966.59638130664825 21819.62609577179
leaf_count=4 117 978 113991 44808 26224 1418 263 122 403 359 1108 2551 147 3941
internal_value=2.04828e-06 0.00280948 -2.41193e-05 0.00180378 -6.41433e-05 -0.000871582 -0.00548854 3.2695e-05 0.00351778 0.00117287 4.71855e-06 0.00116241 8.30018e-05 -8.76315e-05
internal_weight=183006 1680.2 181326 3875.83 177450 18994.5 887.772 158456 1251.94 982.842 157204 11605.3 8273.82 145599
internal_count=196434 1095 195339 44812 150527 27905 1681 122622 884 762 121738 3806 2698 117932
is_linear=0
shrinkage=0.05


Tree=89
num_leaves=15
num_cat=0
split_feature=28 34 24 43 36 25 48 49 32 25 43 42 48 36
split_gain=5.35909 10.8081 12.343 9.35898 8.86529 8.66886 7.42525 9.15974 7.57943 8.3414 6.59709 12.8049 14.1764 17.7206
threshold=6.0318858623504648 0.24921132624149325 0.55412355065345775 6.1081352233886728 0.84261903166770946 0.020037937909364704 0.83482980728149425 0.57282531261444103 6.1643662452697763 0.014232782647013666 6.0342838764190683 1.4978661537170412 0.77870926260948192 0.84764185547828685
decision_type=2 2 2 2 2 2 2 2 2 2 2 2 2 2
left_child=10 3 -3 4 5 -2 8 -8 -4 -10 -1 12 13 -12
right_child=1 2 6 -5 -6 -7 7 -9 9 -11 11 -13 -14 -15
leaf_value=6.6007930955513599e-05 0.0021626405180060209 -0.006203551091639896 -0.0024926384912405297 -0.0046938308850288839 0.012237163139695577 0.010981073649773933 -0.0048002352487150936 0.0011043538289341993 4.8273233106817876e-05 0.0059966644026819343 -0.00026046921664656862 0.0047323538127213363 -0.0019812665724182089 0.006762759568826153
leaf_weight=148597.2966236975 1761.4196776002645 689.34185506403446 601.93065804243088 280.6142852306366 338.09155075252056 323.02527447044849 1017.8413943946362 1811.8852208256721 953.28551006317139 1534.4858913421631 8070.2460653185844 990.8410325050354 15035.643447816372 1000.5253128856421
leaf_count=180061 1181 300 300 77 85 109 205 1105 145 244 2433 241 9808 140
internal_value=2.03037e-06 0.00116995 7.89671e-05 0.00382709 0.00482935 0.00357513 0.000819821 -0.00102893 0.00251087 0.00372663 -6.06464e-05 -0.000810276 -0.00103996 0.000520802
internal_weight=183006 9311.92 6608.77 2703.15 2422.54 2084.44 5919.43 2829.73 3089.7 2487.77 173695 25097.3 24106.4 9070.77
internal_count=196434 3751 2299 1452 1375 1290 1999 1310 689 389 192683 12622 12381 2573
is_linear=0
shrinkage=0.05


Tree=90
num_leaves=15
num_cat=0
split_feature=28 24 1 46 42 26 48 52 36 48 32 48 45 48
split_gain=5.25327 12.6674 12.3874 22.4444 22.1228 7.78622 8.05886 7.77395 11.3169 13.8665 25.4301 16.3106 17.4038 15.8452
threshold=2.4414010047912602 0.37287496030330664 0.012121656909585001 0.74808445572853099 1.0000000180025095e-35 0.48966924846172338 0.19830680638551715 1.0000000180025095e-35 0.49725274741649633 0.83145299553871166 6.1601512432098398 0.55364060401916515 0.00025418744189664727 0.5450735092163087
decision_type=2 2 2 2 2 2 2 2 2 2 2 2 2 2
left_child=1 2 -1 4 -4 -2 -7 8 -8 11 -11 12 13 -10
right_child=5 -3 3 -5 -6 6 7 -9 9 10 -12 -13 -14 -15
leaf_value=-0.00057540265097279859 0.0035594566493087573 -0.0073774581293532945 0.0032967002380385733 -0.0023122849556936292 0.016563399914645654 -0.0021178029304116273 -0.0011567868479455911 -0.0002076322139847407 -0.00074216523437854948 0.00096416839303215126 -0.0024940609178613995 0.0025689424497153807 0.0014306957921918857 -0.008048593282516444
leaf_weight=45628.117314487696 1659.8486861754209 638.33005902171135 2024.39847189188 1561.6932492554188 363.93067570030689 3881.6172226872295 8238.0081722084433 62193.960688859224 3181.9462074059993 18580.177943196148 7434.8386392593384 17151.315787466243 9509.5938966199756 958.69678577408195
leaf_count=15554 2130 364 648 555 97 1796 8996 44769 764 41667 1618 61466 15883 127
internal_value=1.99349e-06 -0.000433579 -0.000342706 0.00233993 0.0053789 0.000166732 0.000123519 0.000192049 0.000574129 0.000825259 -2.47385e-05 0.00154294 0.000252854 -0.00244916
internal_weight=183006 50216.5 49578.1 3950.02 2388.33 132790 131130 127249 65054.6 56816.6 26015 30801.6 13650.2 4140.64
internal_count=196434 17218 16854 1300 745 179216 177086 175290 130521 121525 43285 78240 16774 891
is_linear=0
shrinkage=0.05


Tree=91
num_leaves=15
num_cat=0
split_feature=29 39 29 18 15 35 26 26 3 26 48 28 17 43
split_gain=4.89871 5.0586 18.6607 9.35307 9.09509 10.2928 12.029 12.8208 8.48339 8.27284 7.56642 7.32246 11.5284 8.76035
threshold=0.96575471758842479 0.25998942553997045 0.19840393215417865 6.6019089221954355 0.0069204980973154315 0.0056233415380120286 0.77926304936409008 0.83697640895843517 0.016261236742138866 0.84235748648643505 1.000000059604645 6.0294818878173837 0.039230769500136382 4.4484992027282724
decision_type=2 2 2 2 2 2 2 2 2 2 2 2 2 2
left_child=1 2 8 9 -4 6 -6 -8 11 -3 -11 13 -13 -1
right_child=-2 3 4 -5 5 -7 7 -9 -10 10 -12 12 -14 -15
leaf_value=0.00015033297928971939 0.0026812420423423067 -0.00065719721562375647 -0.0020848849759131246 -0.0016473918989424359 0.00087020034125418518 0.0025281983124012591 0.023400352465141327 0.0061844648687992424 0.0063372927486612194 0.00038662405877430586 0.0041289302218603307 0.0013527228496965475 0.011913072635885064 -0.00095977222313729967
leaf_weight=86412.41673258692 1680.1951544582844 28384.716074615717 902.18851126171649 11901.40680809319 296.04996058531106 5740.8389780968428 189.82649013213813 257.94281573593616 516.7770810611546 20943.006945474073 1434.066565528512 1688.5001522749662 295.91783258318901 22362.623697521165
leaf_count=39510 1095 46190 6795 4359 1460 43480 108 225 307 20388 2178 1437 197 28705
internal_value=1.90297e-06 -2.30707e-05 0.00016884 -0.000386454 0.00260069 0.00325478 0.00875464 0.0138347 7.18758e-06 -9.05531e-05 0.000628192 -2.29166e-05 0.00297933 -7.79563e-05
internal_weight=183006 181326 118663 62663.2 7386.85 6484.66 743.819 447.769 111276 50761.8 22377.1 110759 1984.42 108775
internal_count=196434 195339 122224 73115 52068 45273 1793 333 70156 68756 22566 69849 1634 68215
is_linear=0
shrinkage=0.05


Tree=92
num_leaves=15
num_cat=0
split_feature=48 49 47 23 43 22 44 42 47 43 32 32 45 25
split_gain=4.91791 8.86803 5.18334 13.5063 6.39528 13.9716 6.46824 5.65183 29.0291 16.5857 10.2386 10.9724 8.91897 15.543
threshold=0.059627624228596694 0.058961350470781333 4.1666352748870858 2.5249279737472539 3.9415346384048466 6.7973818778991708 0.065369501709938063 1.0000000180025095e-35 4.182021141052247 3.65057384967804 4.5641312599182138 4.0859410762786874 0.00047240254934877163 0.015982880257070068
decision_type=2 2 2 2 2 2 2 2 2 2 2 2 2 2
left_child=1 -1 3 -2 -5 6 -6 8 -4 -9 11 -11 -13 -14
right_child=2 -3 7 4 5 -7 -8 9 -10 10 -12 12 13 -15
leaf_value=-0.00087958333795771235 0.010801941046981584 -0.0092416064680790888 0.01794738314154385 -0.0010668699158178493 0.005621962200627436 5.4478720618093676e-05 0.023472952020463705 0.0090815438354909898 -3.7253725397740686e-05 0.00068795477301115515 -0.0012042972824850479 0.0081785576174730271 -0.0017223279768084213 0.007879009214924057
leaf_weight=1810.5192118193954 241.58099776506424 375.08053541183472 214.75239157676697 19351.929671436548 118.52303236722946 896.97382855415344 91.543994605541229 579.53415828943253 132944.68883660436 17693.043360427022 6043.8014934360981 892.30518317222595 1069.4077357649803 682.78936877846718
leaf_count=741 23 167 73 12992 171 371 132 90 162959 10850 5769 294 1293 509
internal_value=1.95694e-06 -0.00235018 3.05159e-05 -0.00071382 -0.000855009 0.00282487 0.0141143 0.000126783 -6.90354e-06 0.000786817 0.00060123 0.00113812 0.00413597 0.00204256
internal_weight=183006 2185.6 180821 20700.6 20459 1107.04 210.067 160120 133159 26960.9 26381.3 20337.5 2644.5 1752.2
internal_count=196434 908 195526 13689 13666 674 303 181837 163032 18805 18715 12946 2096 1802
is_linear=0
shrinkage=0.05


Tree=93
num_leaves=15
num_cat=0
split_feature=34 32 34 29 32 27 34 15 43 3 1 29 39 29
split_gain=4.7269 12.3554 9.88698 12.7253 7.65508 9.84573 8.0701 8.2869 7.7831 7.2357 8.19497 6.48587 10.2029 10.3789
threshold=0.5948978364467622 6.1643662452697763 0.40526336431503301 0.78710895776748668 6.1622610092163095 6.3306114673614511 0.56201714277267467 0.024102500639855865 5.9750802516937265 0.016261236742138866 0.016261236742138866 0.041155671700835235 0.25998942553997045 0.19840393215417865
decision_type=2 2 2 2 2 2 2 2 2 2 2 2 2 2
left_child=2 -2 3 9 5 8 -6 -8 -4 11 -11 -1 13 -13
right_child=1 -3 4 -5 6 -7 7 -9 -10 10 -12 12 -14 -15
leaf_value=-0.00034281485325153213 0.00046561829011026936 0.0062326181636528869 -0.0015111641085434084 0.0033885586117767259 -0.0035540776606101821 0.0036595420015026175 0.0036661520548687044 -0.0045056370868448679 0.00045355832767764891 0.0002074533720820889 0.012055992307387315 0.00043844268072765376 -0.00054939683889601218 0.0024784118863393862
leaf_weight=66210.920343967155 9439.4408327192068 1020.3767008781433 13127.322611352429 2885.9833229277283 4458.1155104637146 1331.1760292053223 888.19640493392944 464.19109153747559 8172.7784663885832 323.20603969506919 256.60834565386176 44603.619557164609 22584.734616179019 7239.80392694287
leaf_count=40201 9434 231 11250 18458 802 156 213 114 9693 481 125 29640 26683 48953
internal_value=2.04917e-06 0.00103362 -6.0541e-05 0.000107623 -0.00091231 -0.000496138 -0.00252962 0.000848798 -0.000757448 4.03379e-05 0.00556676 1.71599e-05 0.000337395 0.000723742
internal_weight=183006 10459.8 172547 144105 28441.8 22631.3 5810.5 1352.39 21300.1 141219 579.814 140639 74428.2 51843.4
internal_count=196434 9665 186769 164541 22228 21099 1129 327 20943 146083 606 145477 105276 78593
is_linear=0
shrinkage=0.05


Tree=94
num_leaves=15
num_cat=0
split_feature=28 34 24 43 36 25 48 22 32 25 49 15 25 43
split_gain=4.65822 8.81911 11.2167 8.32197 8.18941 7.61771 6.15969 7.74407 6.51176 7.06466 5.81603 9.18011 5.84761 5.62436
threshold=6.0318858623504648 0.24921132624149325 0.55412355065345775 6.1081352233886728 0.84261903166770946 0.020037937909364704 0.83482980728149425 6.8007264137268075 6.1643662452697763 0.014232782647013666 0.10979666933417322 0.0093898782506585139 0.012596216984093191 6.0342838764190683
decision_type=2 2 2 2 2 2 2 2 2 2 2 2 2 2
left_child=13 3 -3 4 5 10 8 -8 -4 -10 -2 -12 -13 -1
right_child=1 2 6 -5 -6 -7 7 -9 9 -11 11 12 -14 -15
leaf_value=6.0518432859562856e-05 -0.001033839108937755 -0.0058837612760183691 -0.0022862879732789784 -0.0045418488232626692 0.011553928206333174 0.010173946074914581 0.00099978202966561963 -0.0045053923434765593 9.2846061387494478e-05 0.0055676276296606018 -0.0017818871726263158 0.012637807023901654 0.0021959072457395919 -0.00074858781502858184
leaf_weight=148597.2966236975 858.65047939121723 689.34185506403446 601.93065804243088 280.6142852306366 338.09155075252056 323.02527447044849 1872.1465971767902 957.58001804351807 953.28551006317139 1534.4858913421631 339.31780351698399 336.78790901601315 226.66348567605019 25097.255858525634
leaf_count=180061 708 300 300 77 85 109 1203 107 145 244 135 222 116 12622
internal_value=2.00841e-06 0.00109088 0.00010533 0.00349111 0.00443646 0.00323237 0.000811532 -0.000872475 0.00235168 0.00347852 0.00190911 0.0046889 0.00854881 -5.64263e-05
internal_weight=183006 9311.92 6608.77 2703.15 2422.54 2084.44 5919.43 2829.73 3089.7 2487.77 1761.42 902.769 563.451 173695
internal_count=196434 3751 2299 1452 1375 1290 1999 1310 689 389 1181 473 338 192683
is_linear=0
shrinkage=0.05


Tree=95
num_leaves=15
num_cat=0
split_feature=35 23 39 25 50 32 28 29 19 48 49 25 34 52
split_gain=4.63692 8.7129 8.91174 7.67771 6.59643 8.38288 6.20433 5.3666 5.57153 4.6544 5.83376 4.96381 7.03265 11.3862
threshold=0.085492223501205458 5.3254430294036874 0.15725132077932361 0.041401008144021041 0.017074644565582279 6.1622610092163095 5.9467277526855478 0.96575471758842479 0.60299852490425121 0.059627624228596694 0.058961350470781333 0.00185176357626915 0.35245364904403692 1.0000000180025095e-35
decision_type=2 2 2 2 2 2 2 2 2 2 2 2 2 2
left_child=4 -2 -3 -4 7 6 -6 9 -9 10 -1 -11 13 -13
right_child=1 2 3 -5 5 -7 -8 8 -10 11 -12 12 -14 -15
leaf_value=-0.0011109902061485471 -0.000840252663435352 0.013636108177712429 0.0054874697507411915 -0.0056135664555054471 -0.0011582561506002867 -0.0075713770874346643 0.0028529320984899513 -0.0048274864010623003 0.0040803200072283127 -0.00030934517697593015 -0.0081312241466694243 0.0011805114349578664 -0.0003159884004831208 -8.6597672233397241e-05
leaf_weight=1784.3438106086105 1115.5912285689265 244.72688165307045 658.56478905677795 194.23080730438232 12238.393204320222 469.92141151428223 1036.9033657461405 192.45469003915787 1375.2116999328136 57737.320350967348 345.88264942169189 35765.769606340677 34703.006563073024 35144.152741461992
leaf_count=730 1400 85 431 52 24242 59 3420 106 847 34828 154 85634 25247 19199
internal_value=1.96946e-06 0.00227157 0.00541366 0.00292336 -2.59372e-05 -0.00107841 -0.00084304 6.07224e-05 0.00296309 3.30497e-05 -0.00228352 6.33978e-05 0.000267182 0.000552587
internal_weight=183006 2213.11 1097.52 852.796 180793 13745.2 13275.3 167048 1567.67 165480 2130.23 163350 105613 70909.9
internal_count=196434 1968 568 483 194466 27721 27662 166745 953 165792 884 164908 130080 104833
is_linear=0
shrinkage=0.05


Tree=96
num_leaves=15
num_cat=0
split_feature=43 47 43 44 35 17 48 49 48 36 33 32 27 29
split_gain=4.45828 6.17291 10.2073 6.68881 5.72834 6.07006 5.54078 6.36156 5.98744 17.1467 16.7052 16.6914 12.0818 12.2821
threshold=3.5694335699081425 4.1266138553619394 3.8176519870758061 0.065369501709938063 0.085492223501205458 0.087121214717626586 0.1202845796942711 0.057192746549844749 0.77870926260948192 0.74537035822868358 1.8688347935676577 6.1601512432098398 6.3306114673614511 0.44659084081649786
decision_type=2 2 2 2 2 2 2 2 2 2 2 2 2 2
left_child=4 2 -2 -4 5 -1 7 -3 9 -8 -11 12 -10 -14
right_child=1 6 3 -5 -6 -7 8 -9 11 10 -12 -13 13 -15
leaf_value=-0.00077092999218305713 -0.001063634028138575 -0.0011099788910070958 0.0046300165144795803 0.019731917821001029 0.0075337984834891987 0.0065830606740493059 0.00015709800206018922 -0.0078045617811557449 -7.6212586863749486e-05 0.0051314367491650031 0.00080062684486965777 -0.0022838085685929557 0.0050048963437513642 -0.0018685348951699345
leaf_weight=24587.947745274752 334.23771867156029 3253.6867274902761 173.47115641832352 128.50018888711929 203.76800274848938 273.92671753466129 67993.079908534884 389.10376957803965 64529.844527080655 3552.8904938772321 5949.3571621160954 8443.3350481987 2294.183874130249 899.14075946807861
leaf_count=15529 762 1170 254 202 42 170 91299 460 78632 1299 4264 1888 358 105
internal_value=1.86354e-06 0.000100188 0.00497704 0.0114829 -0.00061748 -0.00068729 8.01487e-05 -0.00184447 0.000125892 0.000435288 0.00242361 -0.000188918 7.25596e-05 0.00306976
internal_weight=183006 157941 636.209 301.971 25065.6 24861.9 157305 3642.79 153662 77495.3 9502.25 76166.5 67723.2 3193.32
internal_count=196434 180693 1218 456 15741 15699 179475 1630 177845 96862 5563 80983 79095 463
is_linear=0
shrinkage=0.05


Tree=97
num_leaves=15
num_cat=0
split_feature=34 32 34 29 2 27 0 23 49 19 41 3 29 32
split_gain=4.4524 10.6555 8.23688 10.3136 6.81411 11.8832 9.47711 14.9637 16.3669 19.9302 11.1009 6.98305 7.60982 6.37153
threshold=0.5948978364467622 6.1643662452697763 0.40526336431503301 0.79283329844474804 0.011299795936793091 6.327043056488038 0.014599318150430919 2.8029010295867924 0.12290205433964731 0.020535877905786041 0.73214286565780651 0.0065147271379828462 0.11555455997586252 6.1622610092163095
decision_type=2 2 2 2 2 2 2 2 2 2 2 2 2 2
left_child=2 -2 3 4 -1 6 -6 -8 9 -9 11 -10 -13 -4
right_child=1 -3 13 -5 5 -7 7 8 10 -11 -12 12 -14 -15
leaf_value=-8.3457305928282812e-05 0.00047550444868269063 0.0058311791624312765 -0.00045664406849746256 0.0030911228702005349 -3.3979463469886318e-05 0.0057852153667258795 0.0099062191843710054 0.0074183394005176611 0.021598009185670921 -0.006018183247309827 -0.0060988926261866007 0.013623561915457678 0.0013065995397424971 -0.0023118308760135503
leaf_weight=126596.85872045532 9439.4408327192068 1020.3767008781433 22631.277106946334 2805.4631800856441 10818.00951471366 1207.2213587760925 637.63100749254227 379.30562611483037 99.464293021708727 941.02782409638166 123.16014727950096 234.92790491878986 261.80657557584345 5810.5030069351196
leaf_count=131874 9434 231 21099 17892 12243 201 174 240 169 676 59 166 847 1129
internal_value=1.86487e-06 0.00100303 -5.88807e-05 9.46104e-05 3.49009e-05 0.00105339 0.000626138 0.00328361 0.00117508 -0.00213139 0.0071899 0.00999036 0.00728573 -0.000836328
internal_weight=183006 10459.8 172547 144105 141299 14702.6 13495.3 2677.32 2039.69 1320.33 719.359 596.199 496.734 28441.8
internal_count=196434 9665 186769 164541 146649 14775 14574 2331 2157 916 1241 1182 1013 22228
is_linear=0
shrinkage=0.05


Tree=98
num_leaves=15
num_cat=0
split_feature=28 24 1 46 42 20 36 26 48 4 32 37 43 49
split_gain=4.40103 11.2682 10.4149 19.97 19.6933 7.53622 7.03377 6.74394 6.53191 10.0398 9.57576 10.1123 19.1672 12.0061
threshold=2.4414010047912602 0.37287496030330664 0.012121656909585001 0.74808445572853099 1.0000000180025095e-35 0.011002668645232918 0.63003221154212963 0.48966924846172338 0.38236925005912786 0.011696306522935631 3.6622449159622197 4.4365937709808358 4.0689902305603036 0.27607725560665136
decision_type=2 2 2 2 2 2 2 2 2 2 2 2 2 2
left_child=1 2 -1 4 6 -5 -4 -2 9 -9 -10 -12 -13 -14
right_child=7 -3 3 5 -6 -7 -8 8 10 -11 11 12 13 -15
leaf_value=-0.00052442237099343343 0.0033101943368512329 -0.0069459181530112631 0.0044909648820941174 -0.0043602341013283833 0.015567505381955615 0.0033685709084261533 -0.0029076895537264637 -0.00052492819380037909 0.0010246142309819953 -0.0054131492624347449 -0.00025898913695996902 -0.0013280195625117704 0.0019599934357923429 0.0085388451098308352
leaf_weight=45628.117314487696 1659.8486861754209 638.33005902171135 1632.4407713711262 1134.7457607090473 363.93067570030689 426.94748854637146 391.95770052075386 10847.220068415627 28452.240694820881 1153.4406259767711 75968.795504139736 5032.7454506158829 8932.2547219991684 743.45827750861645
leaf_count=15554 2130 364 539 402 97 153 109 6928 15688 710 149144 1117 3203 296
internal_value=1.91925e-06 -0.000396759 -0.000311054 0.00214874 0.00501538 -0.00223929 0.00305121 0.000152704 0.000112487 -0.000998874 0.000224516 -2.66203e-05 0.00117292 0.00247379
internal_weight=183006 50216.5 49578.1 3950.02 2388.33 1561.69 2024.4 132790 131130 12000.7 119129 90677.3 14708.5 9675.71
internal_count=196434 17218 16854 1300 745 555 648 179216 177086 7638 169448 153760 4616 3499
is_linear=0
shrinkage=0.05


Tree=99
num_leaves=15
num_cat=0
split_feature=28 34 24 43 23 43 49 15 25 49 48 29 34 48
split_gain=4.26922 7.46576 10.3867 7.35373 7.46091 8.41903 5.42582 8.72527 5.30039 5.4232 7.70601 6.42625 5.69823 4.80336
threshold=6.0318858623504648 0.24921132624149325 0.55412355065345775 6.1081352233886728 6.1954247951507577 6.0461888313293466 0.10979666933417322 0.0099504948593676108 0.015982880257070068 0.4473057240247727 0.5907438099384309 0.86942878365516674 0.44314081966876989 0.63454517722129833
decision_type=2 2 2 2 2 2 2 2 2 2 2 2 2 2
left_child=-1 3 13 4 6 -6 -2 -8 -4 12 -11 -12 -10 -3
right_child=1 2 8 -5 5 -7 7 -9 9 10 11 -13 -14 -15
leaf_value=-5.4074640279746415e-05 -0.0020472476161206309 -0.010389322003265592 -0.00064913441992394316 -0.0042980281068636999 0.0009664120719089696 0.0095281246528567277 -0.0023359195028412379 0.010531908748099792 0.0037673366125370506 0.010935713760276413 0.0086243463023455147 -0.00010467544177901845 -0.0023593608416287207 -0.0019600022122417348
leaf_weight=173694.55248222314 607.4844872802496 291.81484198570251 3018.5716254264116 280.6142852306366 430.81373643875122 865.85630233585835 231.16032660007477 287.22165016829967 657.15585455298424 347.7187705039978 284.56070394814014 741.06751081347466 870.35420942306519 397.52701307833195
leaf_count=192683 572 51 1167 77 84 394 107 218 101 45 200 343 143 249
internal_value=1.86699e-06 0.00104428 0.000137436 0.00325269 0.0041414 0.00671269 0.001147 0.00485819 0.000816953 0.00233952 0.00460744 0.00237708 0.000283788 -0.00562587
internal_weight=183006 9311.92 6608.77 2703.15 2422.54 1296.67 1125.87 518.382 5919.43 2900.86 1373.35 1025.63 1527.51 689.342
internal_count=196434 3751 2299 1452 1375 478 897 325 1999 832 588 543 244 300
is_linear=0
shrinkage=0.05


Tree=100
num_leaves=15
num_cat=0
split_feature=45 22 22 29 21 29 18 29 24 34 39 29 3 48
split_gain=4.18771 5.09034 7.11552 11.6719 9.17834 6.7433 5.03316 4.73815 4.69462 7.21218 4.8951 13.5751 9.66245 13.5541
threshold=4.4543403419083924e-06 6.7702026367187509 6.7804884910583505 0.81981545686721813 0.72966787219047557 0.25492133200168615 5.8593597412109384 0.93868964910507213 0.87804850935935985 0.61065936088562023 0.25998942553997045 0.20164029300212863 0.012121656909585001 0.60699892044067394
decision_type=2 2 2 2 2 2 2 2 2 2 2 2 2 2
left_child=-1 6 3 5 7 -3 -2 -5 10 -10 11 -4 -12 -14
right_child=1 2 8 4 -6 -7 -8 -9 9 -11 12 -13 13 -15
leaf_value=-0.0014526681456922428 0.0060908094011019641 -0.0016008961954480237 9.0633569933042246e-05 -0.018992110919835895 0.0035998319217739345 -0.00556029107910471 0.00084333367675641202 -0.001880867270784803 -0.0025939378318219019 0.0058684739387771176 -0.0001741383230547004 0.0027464543979605128 0.0016483680052841354 -0.0045687335651904346
leaf_weight=4808.4175917506218 467.37255327217281 4516.2140988409519 98933.906315088272 57.123526096343994 1410.9164455831051 1407.5998482704163 10906.729450754821 108.2046472132206 360.78506052494049 788.49496632814407 50059.303091228008 5047.5691032111645 1251.8658618032932 2881.9712400436401
leaf_count=6256 12834 10855 32230 129 3184 3447 104163 243 155 472 18927 1880 394 1265
internal_value=1.8287e-06 4.11555e-05 -2.865e-05 -0.00153266 0.00228081 -0.0025495 0.00106412 -0.0085391 4.22419e-05 0.00321247 1.90057e-05 0.000219807 -0.000366245 -0.00268655
internal_weight=183006 178198 166824 7500.06 1576.24 5923.81 11374.1 165.328 159324 1149.28 158175 103981 54193.1 4133.84
internal_count=196434 190178 73181 17858 3556 14302 116997 372 55323 627 54696 34110 20586 1659
is_linear=0
shrinkage=0.05


Tree=101
num_leaves=15
num_cat=0
split_feature=45 50 24 45 47 38 34 29 19 44 18 26 26 29
split_gain=4.0789 7.2149 8.58657 5.15033 9.4907 12.8927 12.2018 12.8924 9.9466 9.78858 8.62875 9.49831 8.80272 15.9587
threshold=0.0082469712942838686 0.091684527695178999 0.29691541194915777 0.00017586216563358906 4.3372693061828622 2.2499048709869389 0.17360253632068637 0.14432041347026828 0.096634462475776686 0.11515604704618455 6.59372901916504 0.87906223535537731 0.84074753522872936 0.46362726390361791
decision_type=2 2 2 2 2 2 2 2 2 2 2 2 2 2
left_child=3 -2 -3 -1 -5 6 7 -6 9 -9 12 -12 -8 -14
right_child=1 2 -4 4 5 -7 10 8 -10 -11 11 -13 13 -15
leaf_value=-0.00043564236755095693 -0.00048300895414987472 -0.0029886193980890514 -0.016760578401470126 -0.00012452546368336417 0.00097488784720712132 0.013622448796337193 -0.00057034637353141771 -0.00012445180665684853 0.0029497702939712649 0.012206527632303069 -0.002023802634998296 0.0010497031863888097 0.0058971056970838235 0.00083701178201489471
leaf_weight=37480.577811893076 17065.349775746465 768.21323256194592 124.28103920817375 75958.519365027547 12953.478009786457 183.94209599494934 8422.6855005584657 217.127849817276 3692.4518997687846 609.71692644804716 7407.2158278226852 3794.7073752433062 1769.7946226745844 12558.412467457354
leaf_count=24894 25645 1418 263 34966 8815 60 69536 66 12078 1204 1992 1566 849 13082
internal_value=1.69374e-06 -0.000713717 -0.00507085 7.95714e-05 0.000230968 0.000754103 0.000705435 0.00177864 0.00407518 0.00900564 0.00015278 -0.00098263 0.000712011 0.0014657
internal_weight=183006 17957.8 892.494 165049 127568 51609.5 51425.6 17472.8 4519.3 826.845 33952.8 11201.9 22750.9 14328.2
internal_count=196434 27326 1681 169108 144214 109248 109188 22163 13348 1270 87025 3558 83467 13931
is_linear=0
shrinkage=0.05


Tree=102
num_leaves=15
num_cat=0
split_feature=35 32 33 50 39 23 19 36 27 29 48 48 36 41
split_gain=3.94175 9.09519 9.39395 7.65296 6.74928 5.25449 9.74423 5.15393 4.03215 4.02981 5.16312 5.90227 5.25708 3.97571
threshold=0.051304815337061889 3.4811217784881596 2.6020033359527592 0.046773944050073631 0.5015263855457307 5.2958111763000497 0.14537604153156283 0.26149776577949529 6.2785058021545419 0.95636004209518444 0.97041675448417675 0.83482980728149425 0.56021979451179515 0.58571431040763866
decision_type=2 2 2 2 2 2 2 2 2 2 2 2 2 2
left_child=3 2 4 9 -2 -3 -7 -5 -9 13 11 -11 -13 -1
right_child=1 5 -4 7 -6 6 -8 8 -10 10 -12 12 -14 -15
leaf_value=-0.00012075718818771073 0.010984255190149225 -0.002150508742490247 0.00027452109190996668 0.009650530514012266 0.0027428649395830978 0.0082194103423363345 -0.0010702845278675701 -0.0013107276781626979 -0.0046342250147079845 0.0028093016987207459 0.0051476839419242635 0.0012277756873824385 -0.0050399082865996599 0.00055862129965128504
leaf_weight=145005.1324821841 560.36011397838593 1680.347997918725 865.09010010957718 81.523424625396729 455.48342657089233 420.20176827907562 815.40602803230286 2904.8084533885121 1329.2956324219704 1471.7847977876663 813.02449077367783 692.88927169144154 631.34423360228539 25279.78157864511
leaf_count=163022 178 3140 355 22 270 163 399 8902 1780 563 759 1005 374 15502
internal_value=1.64737e-06 0.00141452 0.00411541 -3.64604e-05 0.00735174 -0.000335795 0.00212955 -0.00211388 -0.0023626 1.52148e-05 0.00166622 0.000639146 -0.0017758 -1.98726e-05
internal_weight=183006 4796.89 1880.93 178210 1015.84 2915.96 1235.61 4315.63 4234.1 173894 3609.04 2796.02 1324.23 170285
internal_count=196434 4505 803 191929 448 3702 562 10704 10682 181225 2701 1942 1379 178524
is_linear=0
shrinkage=0.05


Tree=103
num_leaves=15
num_cat=0
split_feature=15 36 22 3 43 31 33 22 32 56 19 37 3 4
split_gain=3.85174 4.88696 16.0738 11.226 10.9659 10.7679 9.98433 11.1394 9.539 9.20161 9.04426 8.48447 9.5997 11.1945
threshold=0.012121656909585001 0.6348484754562379 6.7945859432220468 0.0080972984433174151 4.0689902305603036 0.6966991424560548 3.8393944501876835 6.7984981536865243 4.0163424015045175 1.0000000180025095e-35 0.40077546238899237 3.2769666910171513 0.014185110572725536 0.012422839645296337
decision_type=2 2 2 2 2 2 2 2 2 2 2 2 2 2
left_child=-1 5 4 9 8 10 7 -7 -3 -4 -2 12 13 -9
right_child=1 2 3 -5 -6 6 -8 11 -10 -11 -12 -13 -14 -15
leaf_value=-0.00022395324204303822 9.5521588261560444e-05 0.0070200592469662109 0.00071633432338881432 -0.0018026879027784938 0.00079344169630229412 -0.00043799973031021416 0.0039503739871673922 0.0021360680423242193 -0.0025764205971831079 -0.0018175591743619286 -0.0028278194153944997 -0.0012120224445477164 0.0060029759327491737 -0.0018468673228647283
leaf_weight=93023.712549421936 15401.956527436152 1501.2692477554083 14879.780559897423 12671.51103579998 4578.6193048562855 10946.792225688696 2799.4019797891378 13234.307508468628 307.06980252452195 4708.1626769304276 3184.3991764634848 2398.4693994522095 1343.5929369926453 2027.4288685321808
leaf_count=93253 47605 3298 3119 3132 17619 19917 1097 2045 1111 1555 1892 264 213 314
internal_value=1.63955e-06 0.000234855 -0.000189805 -0.000643652 0.00209992 0.000554518 0.00109992 0.000832269 0.0053853 0.00010667 -0.000406586 0.00156383 0.00196526 0.0016061
internal_weight=183006 89982.8 38646.4 32259.5 6386.96 51336.3 32750 29950.6 1808.34 19587.9 18586.4 19003.8 16605.3 15261.7
internal_count=196434 103181 29834 7806 22028 73347 23850 22753 4409 4674 49497 2836 2572 2359
is_linear=0
shrinkage=0.05


Tree=104
num_leaves=15
num_cat=0
split_feature=35 23 39 25 50 32 28 23 49 0 44 18 30 40
split_gain=3.72044 7.31061 7.75658 6.61393 5.19386 7.05815 5.25452 4.39814 4.38892 7.47042 13.4466 11.0088 10.5142 10.0009
threshold=0.085492223501205458 5.3254430294036874 0.15725132077932361 0.041401008144021041 0.017074644565582279 6.1622610092163095 5.9467277526855478 6.0946972370147714 1.0000000180025095e-35 0.011173533275723459 0.093823634088039412 6.5991897583007821 0.005530398106202484 0.0041874812450259933
decision_type=2 2 2 2 2 2 2 2 2 2 2 2 2 2
left_child=4 -2 -3 -4 8 6 -6 -8 -1 -10 -11 13 -13 -12
right_child=1 2 3 -5 5 -7 7 -9 9 10 11 12 -14 -15
leaf_value=-0.00024608387093927244 -0.00081552191894298555 0.012582375853621375 0.0049722722694556633 -0.0053290725977619188 -0.0010314806749831184 -0.00691512285791293 -0.0061858253988324799 0.0038216584105919445 0.00010376076272151539 0.0038397331818942229 -0.0050904928296980345 -0.0061542192588992396 0.0029507186805050587 0.001717959989604217
leaf_weight=70591.741334896535 1115.5912285689265 244.72688165307045 658.56478905677795 194.23080730438232 12238.393204320222 469.92141151428223 115.35735487937927 921.54601086676121 84072.017624793574 3910.9333095792681 579.52684384025633 1087.1711561232805 438.91629940271378 6367.8355432096869
leaf_count=39797 1400 85 431 52 24242 59 380 3040 111625 2066 365 399 137 12356
internal_value=1.57934e-06 0.00203456 0.00491276 0.00259149 -2.34177e-05 -0.000957316 -0.000741374 0.00265986 5.34789e-05 0.000272717 0.00141868 0.000298025 -0.0035334 0.00114352
internal_weight=183006 2213.11 1097.52 852.796 180793 13745.2 13275.3 1036.9 167048 96456.4 12384.4 8473.45 1526.09 6947.36
internal_count=196434 1968 568 483 194466 27721 27662 3420 166745 126948 15323 13257 536 12721
is_linear=0
shrinkage=0.05


Tree=105
num_leaves=15
num_cat=0
split_feature=45 22 22 29 18 29 29 18 48 42 47 35 43 1
split_gain=3.62811 4.40678 6.18883 10.1747 8.31504 6.30338 5.37507 4.66659 4.20783 4.18745 11.5597 13.0579 10.0624 15.5884
threshold=4.4543403419083924e-06 6.7702026367187509 6.7804884910583505 0.81981545686721813 6.4700248241424569 0.53046783804893505 0.93568208813667308 5.6577370166778573 0.83687886595726024 1.0000000180025095e-35 4.1971738338470468 0.021516446024179462 4.0517470836639413 0.010695492848753931
decision_type=2 2 2 2 2 2 2 2 2 2 2 2 2 2
left_child=-1 7 3 5 6 -3 -5 -2 -6 -4 -11 12 13 -12
right_child=1 2 9 4 8 -7 -8 -9 -10 10 11 -13 -14 -15
leaf_value=-0.0013523357862381862 0.011639325867453068 -0.0018415052073386716 -8.2285643734030412e-05 -0.018488293607565928 -0.0023283739115655963 -0.0073632770303961375 -0.0010515073979870347 0.00089281518836353607 0.004727231753469896 -0.00075162955705576921 0.0017088630618578102 0.0063985635999662645 0.00019536420717277195 0.0095655712958968523
leaf_weight=4808.4175917506218 92.017663581296802 5359.6587183773518 130079.70635414124 61.952829539775848 252.23513692617416 564.15522873401642 117.96131947636604 11282.084340445697 1144.0953329503536 10462.90489345789 4557.5312247276306 1176.8105700612068 12322.63631272316 724.30628311634064
leaf_count=6256 801 12984 45151 140 553 1318 265 116196 2598 3724 599 322 5440 87
internal_value=1.49552e-06 3.81005e-05 -2.68491e-05 -0.0014295 0.00213098 -0.00237889 -0.00771316 0.000989903 0.0034452 3.92655e-05 0.000579775 0.00132149 0.000978667 0.00280231
internal_weight=183006 178198 166824 7500.06 1576.24 5923.81 179.914 11374.1 1396.33 159324 29244.2 18781.3 17604.5 5281.84
internal_count=196434 190178 73181 17858 3556 14302 405 116997 3151 55323 10172 6448 6126 686
is_linear=0
shrinkage=0.05


Tree=106
num_leaves=15
num_cat=0
split_feature=28 24 1 46 42 1 31 20 17 26 48 32 37 56
split_gain=3.69578 9.99957 8.83356 17.6109 16.2695 6.84353 8.19148 6.80449 6.32927 6.04842 6.0299 6.12647 10.5405 15.5157
threshold=2.4414010047912602 0.37287496030330664 0.012121656909585001 0.74808445572853099 1.0000000180025095e-35 0.015504807699471714 0.77723839879035961 0.011002668645232918 0.080128207802772536 0.39450056850910192 0.19830680638551715 3.6622449159622197 4.4365937709808358 1.0000000180025095e-35
decision_type=2 2 2 2 2 2 2 2 2 2 2 2 2 2
left_child=1 2 8 4 5 6 -4 -5 -1 -2 -11 -12 -13 -14
right_child=9 -3 3 7 -6 -7 -8 -9 -10 10 11 12 13 -15
leaf_value=-0.00052853983975932302 0.0051806469118081044 -0.0065333929388016361 -0.00065184848232669422 -0.0041536627399972837 0.014266080064505105 0.0091705723723085452 0.0070692064835860581 0.0031904436659803319 0.0066013414898327023 -0.001794336675236051 0.00076129487612052469 -0.00026374283425052822 0.001822259222239264 -0.0024586629997354207
leaf_weight=45324.655547142029 582.38359043933451 638.33005902171135 1207.3104506134987 1134.7457607090473 363.93067570030689 347.755295753479 469.33272552490234 426.94748854637146 303.46176734566689 3991.6097987685353 33194.904415488243 79123.002163993195 13393.592037037015 2504.5120239257812
leaf_count=15441 837 364 446 402 97 115 87 153 113 1983 16805 154572 4436 583
internal_value=1.42585e-06 -0.000363915 -0.00028318 0.00198219 0.00467423 0.00288824 0.00153856 -0.00213835 -0.000479685 0.000139602 0.000117006 0.000176645 -2.76571e-05 0.00114674
internal_weight=183006 50216.5 49578.1 3950.02 2388.33 2024.4 1676.64 1561.69 45628.1 132790 132208 128216 95021.1 15898.1
internal_count=196434 17218 16854 1300 745 648 533 555 15554 179216 178379 176396 159591 5019
is_linear=0
shrinkage=0.05


Tree=107
num_leaves=15
num_cat=0
split_feature=28 34 24 43 36 17 20 43 42 48 33 31 49 27
split_gain=3.68475 6.42257 9.47653 6.53031 7.08013 6.51401 4.82086 4.76766 10.511 11.4536 13.5848 17.75 10.0296 8.25752
threshold=6.0318858623504648 0.24921132624149325 0.55412355065345775 6.1081352233886728 0.80476191639900219 0.039230769500136382 0.010566740762442352 6.0342838764190683 1.4978661537170412 0.77870926260948192 1.0000000180025095e-35 0.86702069640159618 0.14843779057264331 6.327043056488038
decision_type=2 2 2 2 2 2 2 2 2 2 2 2 2 2
left_child=7 3 -3 4 5 -2 -4 -1 9 10 -9 12 -12 -11
right_child=1 2 6 -5 -6 -7 -8 8 -10 13 11 -13 -14 -15
leaf_value=5.7140066257038442e-05 0.0015476567006333375 -0.0053762245001284514 -0.0015208408984216291 -0.0040964543059332356 0.010375111473006491 0.0094312746237887671 0.0016602297648196608 -0.0021978226300972286 0.0043337938991585253 -0.0010276043866308058 0.00053233836964742393 0.0039977512736556579 -0.006760420384846315 -0.0036660991890950091
leaf_weight=148597.2966236975 1777.0049424618483 689.34185506403446 1639.9823158979416 280.6142852306366 346.85911595821381 298.67244440317154 4279.4463587701321 3064.0235891640186 990.8410325050354 10975.729076564312 1607.3062353134155 3743.0502456575632 656.39130806922913 4059.9143712520599
leaf_count=180061 1054 300 539 77 120 201 1460 1175 241 8852 295 1000 103 956
internal_value=1.4411e-06 0.000969875 0.000128768 0.00301819 0.00385577 0.00272182 0.000777833 -5.05304e-05 -0.0006878 -0.000895913 0.000506947 0.001888 -0.00160273 -0.00174201
internal_weight=183006 9311.92 6608.77 2703.15 2422.54 2075.68 5919.43 173695 25097.3 24106.4 9070.77 6006.75 2263.7 15035.6
internal_count=196434 3751 2299 1452 1375 1255 1999 192683 12622 12381 2573 1398 398 9808
is_linear=0
shrinkage=0.05


Tree=108
num_leaves=15
num_cat=0
split_feature=45 50 24 0 43 30 47 41 22 37 30 52 37 33
split_gain=3.62835 6.00555 7.67503 4.59915 8.99898 5.83666 6.20368 4.76343 11.3083 11.9223 8.75247 6.49839 10.0806 12.0055
threshold=0.0082469712942838686 0.091684527695178999 0.29691541194915777 0.016261236742138866 3.6762205362319951 0.0013500012573786082 4.2972624301910409 0.73214286565780651 6.7984981536865243 1.0000000180025095e-35 0.0057079028338193902 1.0000000180025095e-35 3.0153425931930546 3.3315663337707524
decision_type=2 2 2 2 2 2 2 2 2 2 2 2 2 2
left_child=3 -2 -3 7 -5 -6 -7 11 -9 -10 -11 -1 -13 -14
right_child=1 2 -4 4 5 6 -8 8 9 10 -12 12 13 -15
leaf_value=0.00021000199541585261 -0.00046285354766901376 -0.0026822696383467059 -0.015698160386185586 0.013953615278717552 0.0061261013538828788 0.0033645287886426255 -0.011388510657893133 -0.0017514208692700967 0.0050413502644795416 -4.3624131026914133e-05 0.0044730593808010519 -0.00097992907508449661 0.010118290652291546 0.00034392226163161739
leaf_weight=102670.4373197332 17065.349775746465 768.21323256194592 124.28103920817375 164.66502459347248 254.92857409641147 132.45117005705833 135.8125533927232 2796.6175836920738 2235.736533164978 5489.6460390090942 1322.9792094230652 33606.737081587315 310.50324003398418 15928.115423709154
leaf_count=137847 25645 1418 263 69 278 58 271 2304 271 1143 203 19233 107 7324
internal_value=1.38896e-06 -0.000673355 -0.00464861 7.48397e-05 0.00412531 0.000828355 -0.00424528 5.76383e-05 0.00102308 0.00188159 0.000838765 -1.74036e-05 -0.000485757 0.000536933
internal_weight=183006 17957.8 892.494 165049 687.857 523.192 268.264 164361 11845 9048.36 6812.63 152516 49845.4 16238.6
internal_count=196434 27326 1681 169108 676 607 329 168432 3921 1617 1346 164511 26664 7431
is_linear=0
shrinkage=0.05


Tree=109
num_leaves=15
num_cat=0
split_feature=34 32 39 27 27 46 21 35 44 44 48 37 47 31
split_gain=3.56212 8.73005 6.90279 5.29306 21.2058 5.34528 4.30936 5.51578 5.00954 8.3363 12.7983 7.24244 4.87515 4.9564
threshold=0.5948978364467622 6.1643662452697763 0.57244467735290538 6.3062603473663339 6.2980260848999032 0.65319725871086132 0.68815487623214733 9.1617748694261553e-06 0.036176331341266639 0.046326441690325744 0.71493092179298412 4.5053346157073983 4.3173992633819589 0.79317620396614086
decision_type=2 2 2 2 2 2 2 2 2 2 2 2 2 2
left_child=2 3 6 4 -2 -5 7 -1 -9 10 -10 12 -11 -14
right_child=1 -3 -4 5 -6 -7 -8 8 9 11 -12 -13 13 -15
leaf_value=0.024453584657034712 0.00071522662341904817 0.0052670455236849675 -0.0013943672766642884 -0.0082593453746151319 0.014059571420689183 -0.00023294268378617003 -1.7783250773355141e-05 -0.0015881334783296045 0.0029200772999143686 -0.0024636696867758687 0.029992843598039123 0.022330140588681935 0.0022136530576544809 0.016271462209189357
leaf_weight=16.48283052444458 3402.8871860653162 1020.3767008781433 9075.9087810218334 205.5685008764267 316.40611127018929 5514.5790345072746 159727.0918568261 951.62782633677125 126.98759118281305 589.44044728577137 58.584991166368127 32.482085764408112 1912.8470139056444 55.202842397615314
leaf_count=4 5361 231 5455 318 623 3132 136654 1515 278 241 191 10 42251 170
internal_value=1.34854e-06 0.000896844 -5.29854e-05 0.000419364 0.00188511 -0.000535303 2.15689e-05 0.00169615 0.00153034 0.00260141 0.0125635 0.00184205 0.00149587 0.00268823
internal_weight=183006 10459.8 172547 9439.44 3719.29 5720.15 163471 3743.66 3727.17 2775.54 185.573 2589.97 2557.49 1968.05
internal_count=196434 9665 186769 9434 5984 3450 181314 44660 44656 43141 469 42672 42662 42421
is_linear=0
shrinkage=0.05


Tree=110
num_leaves=15
num_cat=0
split_feature=36 36 1 33 55 48 37 1 49 2 2 34 17 17
split_gain=3.45341 5.07432 8.48287 8.07235 6.26966 17.8344 10.799 19.346 14.9375 7.96589 7.70644 6.92772 8.91124 5.67251
threshold=0.18350168317556384 0.31318682432174688 0.011299795936793091 1.7005987167358401 1.0000000180025095e-35 0.69541701674461376 1.2424533367156985 0.0092167854309082049 0.060082102194428451 0.0084389690309762972 0.0085107926279306429 0.15243991464376452 0.017700501717627052 0.048809524625539787
decision_type=2 2 2 2 2 2 2 2 2 2 2 2 2 2
left_child=-1 2 3 -2 -3 9 7 8 -7 11 -8 -6 -13 -4
right_child=1 4 13 -5 5 6 10 -9 -10 -11 -12 12 -14 -15
leaf_value=-0.00094525248910221581 5.8868012453053887e-06 -9.1144958345303756e-05 0.010707087211691869 0.0058490606995548399 0.00027825239286081901 0.0034698136406067039 -0.0011978847199996703 -0.0010070198356575079 0.01789157017744987 -0.0022921826833559879 0.0067217742694901522 0.00087444002303607704 0.0089848472297237789 0.0019522165338143266
leaf_weight=9139.2165380325168 4538.0369138419628 154062.78151990287 374.02458394505084 669.59443949908018 7460.7073650956154 285.75268715620041 827.8474517762661 373.44276857376099 500.61930674314499 2520.090977191925 476.14379879832268 858.80501663684845 551.86771321296692 367.54271960258484
leaf_count=1260 3368 187907 241 218 1595 167 271 108 108 534 127 184 110 236
internal_value=1.56597e-06 5.13864e-05 0.0014852 0.000766969 5.02151e-07 0.0010189 0.00486698 0.00835675 0.0127604 0.000183075 0.00172307 0.00088801 0.00408821 0.00645162
internal_weight=183006 173867 5949.2 5207.63 167918 13855.3 2463.81 1159.81 786.372 11391.5 1303.99 8871.38 1410.67 741.567
internal_count=196434 195174 4063 3586 191111 3204 781 383 275 2423 398 1889 294 477
is_linear=0
shrinkage=0.05


Tree=111
num_leaves=15
num_cat=0
split_feature=45 20 38 47 27 44 18 0 49 15 29 48 28 2
split_gain=3.40104 6.23073 11.874 10.6928 9.64634 16.7131 9.64094 7.81616 7.33678 6.96303 6.95119 11.4575 8.78512 10.3665
threshold=0.0023447331041097645 0.011002668645232918 2.0715673565864567 6.1933839321136483 6.3306114673614511 0.11235468834638597 6.5964629650115976 0.016001024283468727 0.25839130580425268 0.011299795936793091 0.30399450659751898 0.5450735092163087 6.0246567726135263 0.0063898416701704272
decision_type=2 2 2 2 2 2 2 2 2 2 2 2 2 2
left_child=1 3 6 4 7 -6 -3 -1 -5 -10 12 -12 -8 -14
right_child=-2 2 -4 8 5 -7 10 -9 9 -11 11 -13 13 -15
leaf_value=-7.1980691522454308e-06 -0.00037761928356910027 0.0011398303640497781 0.010955687797802614 -0.00087774931604314927 0.00017275177059501614 0.0096250205072281325 -0.00026876501898215772 0.0053028168868239287 -0.0073091020920735472 -0.0016557774414583709 -0.0081142105206623606 -0.00104574604271195 0.010309655484528224 -0.00033730412394437925
leaf_weight=86625.781109863892 44673.806081635877 25334.582976957783 269.27213001251221 10251.130496501923 1327.0306749343872 712.45885372161865 4386.2126084417105 688.60270304232836 933.099036693573 1307.9705300331116 639.05089113116264 4953.6369160413742 458.69347609579563 445.14531490206718
leaf_count=57766 72909 58981 187 1709 291 85 1060 420 189 264 149 1999 214 211
internal_value=1.62756e-06 0.000124122 0.000684664 -7.67413e-05 0.000114874 0.00350558 0.000605297 3.52817e-05 -0.00144632 -0.00403163 -0.00063898 -0.00186647 0.000659804 0.00511966
internal_weight=183006 138333 36486.6 101846 89353.9 2039.49 36217.3 87314.4 12492.2 2241.07 10882.7 5592.69 5290.05 903.839
internal_count=196434 123525 62801 60724 58562 376 62614 58186 2162 453 3633 2148 1485 425
is_linear=0
shrinkage=0.05


Tree=112
num_leaves=15
num_cat=0
split_feature=28 34 24 43 23 43 44 23 48 35 49 34 39 22
split_gain=3.36536 5.67355 8.50055 5.87614 6.39043 7.26511 4.84341 4.58033 4.41738 6.39177 5.73031 5.35823 9.10408 7.39546
threshold=6.0318858623504648 0.24921132624149325 0.55412355065345775 6.1081352233886728 6.1954247951507577 6.0461888313293466 0.51713898777961742 6.1954247951507577 0.83482980728149425 0.010248983278870584 0.70000055432319652 0.44314081966876989 0.53210183978080761 6.7996129989624032
decision_type=2 2 2 2 2 2 2 2 2 2 2 2 2 2
left_child=-1 3 7 4 6 -6 -2 -3 11 -10 -11 -4 -13 -14
right_child=1 2 8 -5 5 -7 -8 -9 9 10 -12 12 13 -15
leaf_value=-4.8073975201436381e-05 -0.00057450103288626592 0.00014248399532607603 0.0049776164111221127 -0.0038964289346198376 0.00069349015118943657 0.0086413887465091495 0.0081906828984546504 -0.0082109505685047015 -0.0033735579071578338 -0.0028580079467395393 0.0034759602535949668 -0.0052374160193463847 -0.0034172396404292642 0.0044469523930649154
leaf_weight=173694.55248222314 947.0487909168005 262.17575012147427 1031.772189900279 280.6142852306366 430.81373643875122 865.85630233585835 178.81767313182354 427.1661049425602 1228.6906212419271 522.47715525329113 1078.55883872509 499.38036924600601 392.59916479885578 1165.9503355026245
leaf_count=192683 840 175 143 77 84 394 57 125 460 233 617 132 253 161
internal_value=1.59402e-06 0.000927105 0.000136539 0.00285228 0.00364683 0.00602625 0.000877498 -0.0050773 0.000751251 -0.000675006 0.00140404 0.00205546 0.000573414 0.0024568
internal_weight=183006 9311.92 6608.77 2703.15 2422.54 1296.67 1125.87 689.342 5919.43 2829.73 1601.04 3089.7 2057.93 1558.55
internal_count=196434 3751 2299 1452 1375 478 897 300 1999 1310 850 689 546 414
is_linear=0
shrinkage=0.05


Tree=113
num_leaves=15
num_cat=0
split_feature=35 23 39 25 50 32 28 23 15 48 29 20 28 21
split_gain=3.23674 6.57791 7.04556 5.999 4.40046 6.2809 4.42665 3.99551 3.78828 8.40836 3.74928 4.36226 3.38732 5.64281
threshold=0.085492223501205458 5.3254430294036874 0.15725132077932361 0.041401008144021041 0.017074644565582279 6.1622610092163095 5.9467277526855478 6.0969495773315439 0.025658231228590015 0.55875441431999218 0.96575471758842479 0.010217522736638786 6.0318858623504648 0.81762108206748974
decision_type=2 2 2 2 2 2 2 2 2 2 2 2 2 2
left_child=4 8 -3 -4 10 6 -6 -8 -2 -10 12 -12 -1 -14
right_child=1 2 3 -5 5 -7 7 -9 9 -11 11 -13 13 -15
leaf_value=-2.7195386330492248e-05 -0.0023834763324982779 0.011937049093381447 0.0046842284329426179 -0.0051257391300968593 -0.0009439954908227699 -0.0065015547434628621 -0.0054908368433027833 0.0036225804587468602 0.015863934792732234 -0.0024239824446825385 -0.0050231569412731531 0.0033824511478936364 0.0020025575877028376 -0.00062345536406473027
leaf_weight=156862.04392626137 862.82360271736979 244.72688165307045 658.56478905677795 194.23080730438232 12238.393204320222 469.92141151428223 129.35441717505455 907.54894857108593 90.33296774700284 162.43465810455382 164.36310756206512 1403.3032824099064 5294.9823723435402 3323.4494232684374
leaf_count=162234 1123 85 431 52 24242 59 426 2994 46 231 52 901 1501 2057
internal_value=1.52239e-06 0.00189775 0.00462795 0.00241642 -2.17932e-05 -0.000881407 -0.00067772 0.00244409 -0.000805494 0.00446667 4.89869e-05 0.00247491 2.5857e-05 0.000990363
internal_weight=183006 2213.11 1097.52 852.796 180793 13745.2 13275.3 1036.9 1115.59 252.768 167048 1567.67 165480 8618.43
internal_count=196434 1968 568 483 194466 27721 27662 3420 1400 277 166745 953 165792 3558
is_linear=0
shrinkage=0.05


Tree=114
num_leaves=15
num_cat=0
split_feature=43 47 43 44 35 17 3 48 27 49 36 28 15 41
split_gain=3.17253 5.62377 8.92601 6.01624 4.54624 4.54422 4.51713 6.67654 3.85547 11.4919 8.01101 7.99668 12.7628 11.946
threshold=3.5694335699081425 4.1266138553619394 3.8176519870758061 0.065369501709938063 0.085492223501205458 0.087121214717626586 0.013423423748463394 0.33016411960124975 3.0201274156570439 0.10979666933417322 0.31318682432174688 2.4414010047912602 0.063906855881214156 0.46428571641445165
decision_type=2 2 2 2 2 2 2 2 2 2 2 2 2 2
left_child=4 2 -2 -4 5 6 -1 -8 9 10 -3 12 13 -10
right_child=1 8 3 -5 -6 -7 7 -9 11 -11 -12 -13 -14 -15
leaf_value=-0.00050324034551695778 -0.00091181020707399888 0.0049184935970012014 0.0043284964738071197 0.018644757103140921 0.0067405997563417877 0.005707329606149638 0.004243668091869982 -0.0054367960786612926 0.0054464600182198529 0.0079811314732009704 -0.00016001244639131742 0.0001949094660909752 0.0051703836495592976 -0.0010587979452483392
leaf_weight=23418.21708772704 334.23771867156029 903.42166423797607 173.47115641832352 128.50018888711929 203.76800274848938 273.92671753466129 210.35686826705933 959.373789280653 713.8997075855732 567.88273143768311 5177.4500843286514 120656.36674615182 883.31664815545082 28402.284688577056
leaf_count=14844 762 209 254 202 42 170 101 584 90 171 1396 167851 235 9523
internal_value=1.48164e-06 8.44248e-05 0.0047393 0.010823 -0.000520976 -0.000583178 -0.00065555 -0.00367471 6.52984e-05 0.00124269 0.000601326 1.32587e-05 -0.000717152 -0.00089748
internal_weight=183006 157941 636.209 301.971 25065.6 24861.9 24587.9 1169.73 157305 6648.75 6080.87 150656 29999.5 29116.2
internal_count=196434 180693 1218 456 15741 15699 15529 685 179475 1776 1605 177699 9848 9613
is_linear=0
shrinkage=0.05


Tree=115
num_leaves=15
num_cat=0
split_feature=36 1 1 43 36 1 33 55 48 37 1 49 15 34
split_gain=3.07891 4.90629 4.42844 8.38081 4.38839 7.8864 6.79998 5.04519 15.3418 10.4969 18.0095 13.502 10.2179 6.20262
threshold=0.18350168317556384 0.010929288342595102 0.016001024283468727 3.9607677459716801 0.31318682432174688 0.011299795936793091 1.7005987167358401 1.0000000180025095e-35 0.69541701674461376 1.2424533367156985 0.0092167854309082049 0.060082102194428451 0.053795972838997848 0.44969925284385687
decision_type=2 2 2 2 2 2 2 2 2 2 2 2 2 2
left_child=1 -1 4 -4 5 6 -2 -6 12 10 11 -10 13 -9
right_child=2 -3 3 -5 7 -7 -8 8 9 -11 -12 -13 -14 -15
leaf_value=-0.00047804595259313861 -4.9548971487718579e-06 -0.0041327482576054651 0.0074801872386994596 -0.00027756346571936925 -0.00010454073606197008 0.0063489212262108248 0.005357957828525042 0.00019666171560442779 0.0033006855277759894 0.0013836150765187485 -0.0014547430717011646 0.017012079264968834 -0.0065926905857425612 0.0059812638590819138
leaf_weight=8113.104531256482 4538.0369138419628 1026.1120067760348 566.44546723365784 877.29256743192673 152813.47467877902 689.78607716970146 669.59443949908018 10290.530828893185 285.75268715620041 1282.1203866899014 348.60580539703369 500.61930674314499 529.68620419502258 475.31189894676208
leaf_count=1137 3368 123 231 1366 186382 447 218 2172 167 391 102 108 130 92
internal_value=1.55865e-06 -0.000892449 4.86002e-05 0.00279668 2.54291e-05 0.00136466 0.000693553 -2.20779e-05 0.000896294 0.00450291 0.00798374 0.0121336 0.000121225 0.000457365
internal_weight=183006 9139.22 173867 1443.74 172424 5897.42 5207.63 166526 13712.6 2417.1 1134.98 786.372 11295.5 10765.8
internal_count=196434 1260 195174 1597 193577 4033 3586 189544 3162 768 377 275 2394 2264
is_linear=0
shrinkage=0.05


Tree=116
num_leaves=15
num_cat=0
split_feature=45 22 22 29 21 29 29 18 26 43 43 22 47 15
split_gain=3.02711 3.88854 5.21986 8.59767 7.66783 5.90941 4.26691 4.92423 4.92827 5.72683 4.26642 3.9965 20.8273 13.3182
threshold=4.4543403419083924e-06 6.7702026367187509 6.7804884910583505 0.81981545686721813 0.72966787219047557 0.53046783804893505 0.042609835043549545 5.7698810100555429 0.85123190283775341 5.9674272537231454 5.9750802516937265 6.7929053306579599 4.2696731090545663 0.040267826989293105
decision_type=2 2 2 2 2 2 2 2 2 2 2 2 2 2
left_child=-1 6 3 5 -5 -3 -2 -8 9 -9 -11 12 13 -4
right_child=1 2 11 4 -6 -7 7 8 -10 10 -12 -13 -14 -15
leaf_value=-0.0012350520675344792 -0.00078413359242059154 -0.0016668585957066368 0.0042867445525675719 -0.0079287247245212033 0.0031649985306776715 -0.007012346770807084 0.010570984417774586 0.00090133579980553307 0.0028969075293756828 -0.013419842828841486 -0.0021490948961709914 -3.3649047971522705e-05 0.00018458912872477217 0.016971180050996532
leaf_weight=4808.4175917506218 2749.1089077554643 5359.6587183773518 959.30272936820984 165.32817330956459 1410.9164455831051 564.15522873401642 136.48809254169464 4915.3014756236225 3112.5098140537739 101.79417917132378 358.89953488111496 148280.75067585707 9825.6952850222588 258.14694797992706
leaf_count=6256 12685 12984 1028 372 3184 1318 2660 89088 11052 335 1177 37226 16801 268
internal_value=1.57365e-06 3.50096e-05 -2.60014e-05 -0.00131418 0.00195876 -0.0021869 0.000929096 0.00147544 0.00131693 0.000398495 -0.00487166 3.47173e-05 0.0009519 0.00709269
internal_weight=183006 178198 166824 7500.06 1576.24 5923.81 11374.1 8624.99 8488.51 5376 460.694 159324 11043.1 1217.45
internal_count=196434 190178 73181 17858 3556 14302 116997 104312 101652 90600 1512 55323 18097 1296
is_linear=0
shrinkage=0.05


Tree=117
num_leaves=15
num_cat=0
split_feature=39 29 15 35 26 26 18 26 48 27 49 1 44 17
split_gain=3.07662 11.2727 7.93377 9.49277 10.8109 11.7112 6.99794 6.85767 7.21742 6.3263 9.65722 6.30949 5.96465 7.73785
threshold=0.25998942553997045 0.19840393215417865 0.0069204980973154315 0.0056233415380120286 0.77926304936409008 0.83697640895843517 6.6019089221954355 0.84235748648643505 1.000000059604645 6.327043056488038 0.17860178649425509 0.0069204980973154315 0.021364356391131881 0.080128207802772536
decision_type=2 2 2 2 2 2 2 2 2 2 2 2 2 2
left_child=1 11 -3 4 -4 -6 7 -2 -9 -5 -11 -1 13 -13
right_child=6 2 3 9 5 -7 -8 8 -10 10 -12 12 -14 -15
leaf_value=-0.00023142578943843861 -0.00054781840898086083 -0.0023312255893442068 0.00047124945892419273 0.00080798356166649095 0.021882925738333076 0.0054609181224796761 -0.0013650126440448809 0.00037281919182762278 0.0039276039386399167 0.0085483709120064543 0.0012467894943162918 -0.00049643031961740314 0.0010751889425292295 0.0059377366403031429
leaf_weight=75672.714150354266 28627.027332693338 902.18851126171649 296.04996058531106 3890.4438312500715 189.82649013213813 257.94281573593616 12006.501695081592 22193.506038410589 1516.3564819842577 780.42998242378235 1069.9651644229889 12824.402680210769 22304.166520945728 474.95214451663196
leaf_count=47865 46387 6795 1460 43156 108 225 4399 21181 2243 153 171 7559 14470 262
internal_value=1.50794e-06 0.000152467 0.00204257 0.00265373 0.00793324 0.0127488 -0.000276874 -2.70326e-05 0.000601724 0.00195708 0.00435573 2.6824e-05 0.000575626 -0.000262362
internal_weight=183006 118663 7386.85 6484.66 743.819 447.769 64343.4 52336.9 23709.9 5740.84 1850.4 111276 35603.5 13299.4
internal_count=196434 122224 52068 45273 1793 333 74210 69811 23424 43480 324 70156 22291 7821
is_linear=0
shrinkage=0.05


Tree=118
num_leaves=15
num_cat=0
split_feature=35 32 33 39 50 36 23 19 32 44 47 43 36 25
split_gain=3.00447 7.3131 7.64964 6.23618 5.92396 4.1988 3.92969 8.1138 3.39881 3.47575 3.36958 12.069 18.18 13.2847
threshold=0.051304815337061889 3.4811217784881596 2.6020033359527592 0.5015263855457307 0.046773944050073631 0.26149776577949529 5.2958111763000497 0.14537604153156283 3.7839313745498662 0.41852286458015447 4.3372693061828622 4.2696731090545663 0.85028737783432018 0.010806253179907801
decision_type=2 2 2 2 2 2 2 2 2 2 2 2 2 2
left_child=4 2 3 -2 10 -6 -3 -8 9 -7 -1 12 -12 -13
right_child=1 6 -4 -5 5 8 7 -9 -10 -11 11 13 -14 -15
leaf_value=-0.00018558101644492101 0.01006648906540961 -0.001903562696926972 0.00019162638743131874 0.0021608561208735465 0.0087580214294763325 -0.0042289733415379798 0.0073553550342021481 -0.0011204734487167574 -0.00072908263958447049 0.0028208906130024122 0.0021236011128546238 -0.00082155837206839054 -0.0020248495901461529 0.00066289711219233048
leaf_weight=95532.436018794775 560.36011397838593 1680.347997918725 865.09010010957718 455.48342657089233 81.523424625396729 1828.0501411557198 420.20176827907562 815.40602803230286 2219.7267647460103 186.32717990875244 14892.027526693419 30294.754922019318 3201.45915854536 29973.279228631407
leaf_count=42371 178 3140 355 270 22 1883 163 399 8770 29 6065 35542 1770 95477
internal_value=1.55482e-06 0.00123506 0.00365695 0.00657738 -3.17151e-05 -0.00185946 -0.000334333 0.00179787 -0.00208404 -0.00356616 1.37494e-05 0.000256751 0.00138886 -8.33023e-05
internal_weight=183006 4796.89 1880.93 1015.84 178210 4315.63 2915.96 1235.61 4234.1 2014.38 173894 78361.5 18093.5 60268
internal_count=196434 4505 803 448 191929 10704 3702 562 10682 1912 181225 138854 7835 131019
is_linear=0
shrinkage=0.05


Tree=119
num_leaves=15
num_cat=0
split_feature=48 49 28 21 31 34 2 30 43 48 27 22 49 24
split_gain=2.95828 6.32485 2.93227 6.81507 7.06673 7.0283 7.26771 6.08884 4.62812 9.68386 12.4575 11.098 14.9148 17.4663
threshold=0.059627624228596694 0.058961350470781333 6.0294818878173837 0.81762108206748974 0.87373530864715587 0.24921132624149325 0.0088107436895370501 0.00025852481485344475 6.0342838764190683 0.78188824653625499 6.327043056488038 6.7996129989624032 0.26358462870121008 0.2144061550498009
decision_type=2 2 2 2 2 2 2 2 2 2 2 2 2 2
left_child=1 -1 8 5 -5 6 7 -4 -2 11 -11 -10 13 -13
right_child=2 -3 3 4 -6 -7 -8 -9 9 10 -12 12 -14 -15
leaf_value=-0.00058176276213638383 6.9701937328509598e-05 -0.0076423178129388916 0.00040265654695617224 -0.0072312622336105558 -0.00020083524464647309 0.00072561695703492483 0.010277629590323838 0.0064000903540798867 0.0035941094404332349 -0.00069087190258773027 -0.0042654216640594361 -0.00081915682032048334 -0.0054630847570602964 0.0074906049922530945
leaf_weight=1810.5192118193954 146838.43275493383 375.08053541183472 1112.9693003445864 383.69161319732666 3888.1569451987743 5927.0764551758766 376.79320876300335 674.29472675919533 2348.3210308551788 11271.211071148515 3101.903972864151 2925.7753300666809 1176.063943862915 796.18369960784912
leaf_count=741 179402 167 394 51 2863 1561 132 169 1389 8112 760 452 139 102
internal_value=1.54026e-06 -0.00182274 2.36901e-05 0.000766614 -0.000847712 0.00161892 0.00405097 0.00268837 -3.08747e-05 -0.000713703 -0.00146474 0.000775933 -0.00057979 0.000973736
internal_weight=183006 2185.6 180821 12363 4271.85 8091.13 2164.06 1787.26 168458 21619.5 14373.1 7246.34 4898.02 3721.96
internal_count=196434 908 195526 5170 2914 2256 695 563 190356 10954 8872 2082 693 554
is_linear=0
shrinkage=0.05


end of trees

feature_importances:
Column_48=122
Column_29=100
Column_22=88
Column_32=78
Column_27=75
Column_49=75
Column_47=74
Column_35=71
Column_36=67
Column_24=59
Column_45=52
Column_1=50
Column_28=46
Column_37=46
Column_0=45
Column_15=44
Column_33=42
Column_43=41
Column_34=40
Column_41=38
Column_44=34
Column_3=30
Column_18=30
Column_25=30
Column_42=28
Column_23=27
Column_50=26
Column_30=25
Column_39=22
Column_19=20
Column_2=18
Column_26=18
Column_52=18
Column_17=17
Column_31=16
Column_21=14
Column_51=14
Column_38=11
Column_46=9
Column_20=8
Column_4=5
Column_55=3
Column_56=3
Column_40=1

parameters:
[boosting: gbdt]
[objective: regression]
[metric: l2]
[tree_learner: serial]
[device_type: cpu]
[data_sample_strategy: bagging]
[data: ]
[valid: ]
[num_iterations: 120]
[learning_rate: 0.05]
[num_leaves: 15]
[num_threads: 2]
[seed: 20260928]
[deterministic: 1]
[force_col_wise: 1]
[force_row_wise: 0]
[histogram_pool_size: -1]
[max_depth: -1]
[min_data_in_leaf: 100]
[min_sum_hessian_in_leaf: 0.001]
[bagging_fraction: 1]
[pos_bagging_fraction: 1]
[neg_bagging_fraction: 1]
[bagging_freq: 0]
[bagging_seed: 8287]
[bagging_by_query: 0]
[feature_fraction: 1]
[feature_fraction_bynode: 1]
[feature_fraction_seed: 24490]
[extra_trees: 0]
[extra_seed: 6370]
[early_stopping_round: 0]
[early_stopping_min_delta: 0]
[first_metric_only: 0]
[max_delta_step: 0]
[lambda_l1: 0]
[lambda_l2: 10]
[linear_lambda: 0]
[min_gain_to_split: 0]
[drop_rate: 0.1]
[max_drop: 50]
[skip_drop: 0.5]
[xgboost_dart_mode: 0]
[uniform_drop: 0]
[drop_seed: 1862]
[top_rate: 0.2]
[other_rate: 0.1]
[min_data_per_group: 100]
[max_cat_threshold: 32]
[cat_l2: 10]
[cat_smooth: 10]
[max_cat_to_onehot: 4]
[top_k: 20]
[monotone_constraints: ]
[monotone_constraints_method: basic]
[monotone_penalty: 0]
[feature_contri: ]
[forcedsplits_filename: ]
[refit_decay_rate: 0.9]
[cegb_tradeoff: 1]
[cegb_penalty_split: 0]
[cegb_penalty_feature_lazy: ]
[cegb_penalty_feature_coupled: ]
[path_smooth: 0]
[interaction_constraints: ]
[verbosity: -1]
[saved_feature_importance_type: 0]
[use_quantized_grad: 0]
[num_grad_quant_bins: 4]
[quant_train_renew_leaf: 0]
[stochastic_rounding: 1]
[linear_tree: 0]
[max_bin: 255]
[max_bin_by_feature: ]
[min_data_in_bin: 3]
[bin_construct_sample_cnt: 238121]
[data_random_seed: 5112]
[is_enable_sparse: 1]
[enable_bundle: 1]
[use_missing: 1]
[zero_as_missing: 0]
[feature_pre_filter: 1]
[pre_partition: 0]
[two_round: 0]
[header: 0]
[label_column: ]
[weight_column: ]
[group_column: ]
[ignore_column: ]
[categorical_feature: ]
[forcedbins_filename: ]
[precise_float_parser: 0]
[parser_config_file: ]
[objective_seed: 23271]
[num_class: 1]
[is_unbalance: 0]
[scale_pos_weight: 1]
[sigmoid: 1]
[boost_from_average: 1]
[reg_sqrt: 0]
[alpha: 0.9]
[fair_c: 1]
[poisson_max_delta_step: 0.7]
[tweedie_variance_power: 1.5]
[lambdarank_truncation_level: 30]
[lambdarank_norm: 1]
[label_gain: ]
[lambdarank_position_bias_regularization: 0]
[eval_at: ]
[multi_error_top_k: 1]
[auc_mu_weights: ]
[num_machines: 1]
[local_listen_port: 12400]
[time_out: 120]
[machine_list_filename: ]
[machines: ]
[gpu_platform_id: -1]
[gpu_device_id: -1]
[gpu_device_id_list: ]
[gpu_use_dp: 0]
[num_gpu: 1]

end of parameters

pandas_categorical:null
