tree
version=v4
num_class=1
num_tree_per_iteration=1
label_index=0
max_feature_idx=56
objective=lambdarank
feature_names=Column_0 Column_1 Column_2 Column_3 Column_4 Column_5 Column_6 Column_7 Column_8 Column_9 Column_10 Column_11 Column_12 Column_13 Column_14 Column_15 Column_16 Column_17 Column_18 Column_19 Column_20 Column_21 Column_22 Column_23 Column_24 Column_25 Column_26 Column_27 Column_28 Column_29 Column_30 Column_31 Column_32 Column_33 Column_34 Column_35 Column_36 Column_37 Column_38 Column_39 Column_40 Column_41 Column_42 Column_43 Column_44 Column_45 Column_46 Column_47 Column_48 Column_49 Column_50 Column_51 Column_52 Column_53 Column_54 Column_55 Column_56
feature_infos=[0:0.016393441706895828] [0:0.016393441706895828] [0:0.016393441706895828] [0:0.016393441706895828] [0:0.016393441706895828] [0:1] [0:1] [0:1] [0:1] [0:1] [0:1] [0:1] [0:1] [0:1] [0:1] [0.0062500000931322575:0.081967204809188843] [1:5] [0.0090909088030457497:0.090909093618392944] [3.9318256378173828:6.6656837463378906] [1.0611584912112448e-05:0.69967192411422729] [3.6956100757379318e-07:0.080876193940639496] [0.058295965194702148:0.88785046339035034] [6.3561077117919922:6.8012828826904297] [0:6.2653012275695801] [1.6045660231611691e-05:0.92780005931854248] [5.4286215345200617e-07:0.15576513111591339] [0.02500000037252903:0.97368419170379639] [2.9444389343261719:6.3315019607543945] [0:6.1158919334411621] [1.9059229089180008e-05:0.9799339771270752] [9.2254998662610888e-07:0.3495212197303772] [0.014705882407724857:0.99029123783111572] [0:6.1654176712036133] [0:4.4659080505371094] [0.00011365161481080577:0.73721992969512939] [4.8014976528065745e-06:0.21382854878902435] [0.016949152573943138:0.98305082321166992] [0:4.510859489440918] [0:2.9444389343261719] [0.00029266852652654052:0.68955951929092407] [1.4985386769694742e-05:0.22477707266807556] [0.090909093618392944:0.94999998807907104] [0:2.9444389343261719] [0:6.1420373916625977] [1.8173652279074304e-05:0.96546274423599243] [9.0048905576622928e-07:0.25372564792633057] [0.020366597920656204:0.9821428656578064] [0:6.196444034576416] [0:1.0000003576278687] [0:1.0000002384185791] [0:0.3988947868347168] [0:1] [0:1] [0:1] [0:1] [0:1] [0:1]
tree_sizes=1798 1797 1783 1780 1799 1786 1786 1786 1793 1794 1784 1792 1793 1787 1794 1794 1788 1787 1781 1801 1789 1796 1794 1795 1791 1786 1790 1800 1803 1798 1788 1789 1799 1796 1791 1788 1808 1791 1797 1795 1792 1784 1797 1782 1788 1795 1794 1802 1789 1795 1795 1795 1789 1791 1800 1793 1802 1791 1791 1792 1789 1792 1789 1803 1793 1784 1798 1795 1794 1796 1804 1796 1786 1780 1796 1796 1807 1787 1788 1789 1800 1800 1786 1799 1813 1793 1780 1787 1787 1796 1784 1791 1792 1796 1796 1795 1794 1780 1795 1803 1782 1791 1796 1784 1802 1795 1802 1787 1795 1795 1796 1807 1798 1793 1797 1801 1789 1790 1790 1793

Tree=0
num_leaves=15
num_cat=0
split_feature=17 44 0 25 15 29 49 44 23 45 43 49 39 49
split_gain=638.575 225.476 116.818 77.8125 37.0747 30.9855 27.6068 23.4708 21.5309 26.7442 13.542 13.107 13.0643 17.312
threshold=0.035098522901535041 0.046326441690325744 0.014389234129339458 0.012349600903689863 0.031562391668558128 0.0037963032955303793 0.11249633505940439 0.21984416991472247 2.9700856208801274 0.00026501825777813798 3.3140207529067998 0.029995595104992393 0.011960342526435854 0.51447996497154247
decision_type=2 2 2 2 2 2 2 2 2 2 2 2 2 2
left_child=1 4 5 8 6 -2 -1 -5 -3 12 -7 -11 -10 -14
right_child=2 3 -4 7 -6 10 -8 -9 9 11 -12 -13 13 -15
leaf_value=-0.055051322489360358 -0.025083763926029609 -0.037069384464922119 0.074449319904772812 -0.0032063681788630535 0.0027980975350942057 -0.0054510857335536896 -0.0025482330995297182 0.023509972090092854 0.015847409878071591 -0.018399155456152307 0.032320918256351208 0.0057598577798820862 -0.045162576925061322 0.0018291245328790362
leaf_weight=388.42693723070988 20.458712969677435 96.548847484140424 196.80971866735945 124.86043051483011 32.610407293701428 22.732869267674687 27.779434723612212 218.99792201150922 8.491385375200478 69.863311645161957 314.8027536521131 179.40991608188961 79.012892185248347 24.16211445103545
leaf_count=31999 1202 3836 6975 15189 1756 897 1509 68936 410 5579 34473 15676 4868 3129
internal_value=-2.37288e-10 -0.0198009 0.0441787 -0.00374851 -0.0477554 0.0259664 -0.051689 0.0139924 -0.017097 -0.0108993 0.0296933 -0.00145963 -0.0301194 -0.0349685
internal_weight=1804.97 1250.16 554.804 801.347 448.817 357.994 416.206 343.858 457.488 360.94 337.536 249.273 111.666 103.175
internal_count=196434 152887 43547 117623 35264 36572 33508 84125 33498 29662 35370 21255 8407 7997
is_linear=0
shrinkage=0.05


Tree=1
num_leaves=15
num_cat=0
split_feature=17 49 3 15 0 28 20 24 1 22 36 25 45 40
split_gain=1237.72 293.239 263.886 209.811 94.3128 81.0186 88.054 76.2397 56.174 52.4262 46.0571 40.0168 36.0952 34.8133
threshold=0.051315790042281158 0.03314782306551934 0.015268065501004459 0.046055844053626067 0.0093025267124176043 2.1383330821990971 0.0070814057253301152 0.78579840064048778 0.010811126790940763 6.8007264137268075 0.43095238506793981 0.015394654590636494 0.00098212179727852366 4.4847032768302604e-05
decision_type=2 2 2 2 2 2 2 2 2 2 2 2 2 2
left_child=1 3 5 8 7 -2 9 11 12 -7 -5 -3 -1 -4
right_child=2 4 13 10 -6 6 -8 -9 -10 -11 -12 -13 -14 -15
leaf_value=-0.064071847021898096 0.044141657298484294 -0.027313028117927393 0.0065956012426055741 0.058395135255093003 0.016486033844477749 -0.0002341977335104969 0.022184122046668565 0.014207318438189374 -0.010649507597470707 -0.054558619269109154 -0.0074717742079203403 -0.0063551335706204014 -0.039378951923591365 0.066599282942900004
leaf_weight=460.34314097216247 229.87571063498035 611.75536367384666 27.74827435973566 44.136017989862012 316.0004052872664 138.96343812442501 430.24188663082896 193.71345107446541 86.670261710292834 55.332333222962916 48.137459946825402 371.34742545083191 326.10472930400556 527.63540083814587
leaf_count=24937 854 30288 124 117 18133 3225 14778 11174 2658 170 997 66618 18537 3824
internal_value=2.10466e-10 -0.0213964 0.0371959 -0.0427252 -0.00741066 0.0193837 0.00971897 -0.0139123 -0.0502772 -0.0176182 0.0266627 -0.0195403 -0.0544558 0.063771
internal_weight=3868.01 2458.21 1409.8 965.392 1492.82 854.413 624.538 1176.82 873.118 194.296 92.2735 983.103 786.448 555.384
internal_count=196434 173459 22975 47246 126213 19027 18173 108080 46132 3395 1114 96906 43474 3948
is_linear=0
shrinkage=0.05


Tree=2
num_leaves=15
num_cat=0
split_feature=17 0 49 35 45 44 15 4 23 1 2 45 24 35
split_gain=1263.68 294.629 285.934 65.0583 56.5962 50.4709 47.0616 41.5846 34.2515 33.155 32.622 37.6799 32.0224 26.9754
threshold=0.037749288603663451 0.015038444194942715 0.069898072630167021 0.011034362949430944 0.00016272089123958724 0.031334653496742255 0.043695732951164253 0.015504807699471714 2.6020033359527592 0.0090499590151011961 0.013072453904896976 0.000275017780950293 0.033063670620322234 0.007637105882167817
decision_type=2 2 2 2 2 2 2 2 2 2 2 2 2 2
left_child=2 4 5 -4 7 -1 8 -2 -3 -7 12 13 -6 -12
right_child=1 6 3 -5 10 9 -8 -9 -10 -11 11 -13 -14 -15
leaf_value=-0.060446477864527087 -0.0295766383424199 0.054503660429887149 -0.02376985195576822 0.0030864108641988496 -0.017376466061939263 -0.041043703904966145 0.062240608367236806 0.039428770436505063 -0.0086735654308432372 -0.0069713949067538323 0.070812424181971298 0.020347733684284421 0.015489080883008575 0.00099234959623003822
leaf_weight=416.42434439120234 100.83831212028963 25.540848440490663 371.86349608489672 545.9000928316209 79.214466105797328 466.08992356380259 573.8777679092891 18.051852467353456 48.455182411184069 89.403724555166264 66.15122217888711 311.43985471668566 465.28739905157454 17.255758961691754
leaf_count=27641 2597 45 26126 74934 1572 25144 2915 129 1740 3597 183 8723 20761 327
internal_value=2.13981e-10 0.0310996 -0.0280944 -0.00793424 0.0146029 -0.0468566 0.0574137 -0.0168529 0.0170257 -0.0357802 0.0187198 0.0295422 0.0104806 0.0580203
internal_weight=3595.79 1706.11 1889.68 917.764 1058.24 971.918 647.874 118.89 73.996 555.494 939.349 394.847 544.502 83.407
internal_count=196434 38992 157442 101060 34292 56382 4700 2726 1785 28741 31566 9233 22333 510
is_linear=0
shrinkage=0.05


Tree=3
num_leaves=15
num_cat=0
split_feature=17 49 0 17 24 35 1 44 2 26 15 45 3 48
split_gain=1173.5 268.801 234.166 74.8059 70.182 69.8804 47.1514 43.7596 38.3442 33.2671 31.4695 31.424 28.2503 23.9466
threshold=0.037749288603663451 0.069898072630167021 0.014389234129339458 0.087121214717626586 0.021070865914225582 0.011034362949430944 0.010471491608768703 0.033011542633175857 0.013072453904896976 0.692712962627411 0.035806810483336456 0.0011650724918581548 0.014599318150430919 0.67317706346511852
decision_type=2 2 2 2 2 2 2 2 2 2 2 2 2 2
left_child=1 6 4 9 -2 -3 11 8 -6 10 -4 -1 -9 -11
right_child=2 5 3 -5 7 -7 -8 12 -10 13 -12 -13 -14 -15
leaf_value=-0.059171297559961179 -0.023308250592938257 -0.026142569331142458 -0.014908135989169201 0.067039611582444869 0.0048160905921575577 0.0024495138181711007 -0.0099628558205519472 0.0056303219092737533 0.061530065706095531 -0.0068349580111148958 0.056819008040989653 -0.036877567738003138 0.031620909671574493 0.029358219739955088
leaf_weight=472.60810174408812 112.49126688028628 327.83137529811711 12.738055075169539 359.63508380076382 46.415675843396457 577.47846123698309 86.128419879076318 469.1847397775 83.475819236540701 53.93462175357854 164.72710457519861 355.77411962847123 126.95036646969675 203.47160871408414
leaf_count=29795 2798 26126 473 1363 926 74934 3353 23939 451 1081 1163 23234 3903 2895
internal_value=3.46881e-10 -0.0275414 0.0306726 0.0499675 0.012017 -0.00807677 -0.0465145 0.0177327 0.0430568 0.0346594 0.05115 -0.0501506 0.0115955 0.0218026
internal_weight=3452.84 1819.82 1633.02 794.506 838.518 905.31 914.511 726.027 129.891 434.871 177.465 828.382 596.135 257.406
internal_count=196434 157442 38992 6975 32017 101060 56382 29219 1377 5612 1636 53029 27842 3976
is_linear=0
shrinkage=0.05


Tree=4
num_leaves=15
num_cat=0
split_feature=17 49 0 3 24 44 35 15 2 44 3 37 24 24
split_gain=1059.18 239.322 238.265 62.7869 53.5396 51.0748 45.1703 33.5732 32.5575 36.5036 23.6598 22.9934 24.2137 20.9436
threshold=0.037749288603663451 0.10979666933417322 0.014389234129339458 0.015038444194942715 0.021070865914225582 0.031334653496742255 0.014534397516399624 0.044894469901919372 0.013072453904896976 0.033011542633175857 0.014599318150430919 1.0000000180025095e-35 0.10159173607826234 0.83193263411521923
decision_type=2 2 2 2 2 2 2 2 2 2 2 2 2 2
left_child=1 5 4 -4 -2 -1 -3 11 10 -10 13 -7 -13 -6
right_child=2 6 3 -5 8 7 -8 -9 9 -11 -12 12 -14 -15
leaf_value=-0.055635927939718423 -0.021612136880971921 -0.016447373396004487 0.029492738670618097 0.061118533697506972 -0.0056930444463534294 -0.047905409465773041 0.0083826207238558974 0.019335791678025429 0.054409969305407362 0.01586623804501975 0.027528429844792764 -0.016504446467697172 -0.042524815489655733 0.027337427793102699
leaf_weight=405.78517315001682 101.70165399381222 352.77207122415189 280.77052906542667 472.89217425897368 277.20832618176064 211.74945426190811 360.97156380168644 24.646323206347006 83.858057949342765 218.45452607492189 90.953858433174901 274.8559538012762 142.42573411952139 47.619472721795319
leaf_count=28781 2798 33655 5487 1488 16425 14561 58827 619 451 7884 2739 14976 6023 1720
internal_value=-3.34942e-10 -0.0264276 0.0297614 0.0498771 0.0108901 -0.0413936 -0.00394744 -0.0318473 0.015727 0.0279577 0.00638632 -0.0341239 -0.0261731 -0.000178962
internal_weight=3346.66 1773.21 1573.46 753.663 819.796 1059.46 713.744 653.677 718.094 302.313 415.782 629.031 417.282 324.828
internal_count=196434 157442 38992 6975 32017 64960 92482 36179 29219 8335 20884 35560 20999 18145
is_linear=0
shrinkage=0.05


Tree=5
num_leaves=15
num_cat=0
split_feature=17 3 49 44 35 0 40 15 36 0 45 19 4 1
split_gain=895.846 206.108 205.931 52.2252 47.6536 38.8687 55.1302 33.4735 29.7934 29.4708 27.011 25.3591 20.5191 20.0459
threshold=0.037749288603663451 0.015268065501004459 0.10979666933417322 0.031334653496742255 0.014534397516399624 0.010582306887954475 0.0068087503314018258 0.044894469901919372 0.18350168317556384 0.014815627597272398 0.00016272089123958724 0.039523772895336158 0.015749008394777778 0.010811126790940763
decision_type=2 2 2 2 2 2 2 2 2 2 2 2 2 2
left_child=2 5 3 -1 -4 6 12 13 -7 -3 -10 -8 -2 -5
right_child=1 9 4 7 -6 8 11 -9 10 -11 -12 -13 -14 -15
leaf_value=-0.05336552898843866 -0.032474362700638686 0.026345469112982842 -0.017345144355759106 -0.034017761172239779 0.0084214115923557549 0.05322629045795764 0.05141339066922751 0.019876152949855092 -0.016132365264179271 0.058685094212637401 0.021042556781507352 0.0076203012849077869 0.022903324715608214 0.00055152538249731852
leaf_weight=387.46225629905484 106.77735596913226 113.59626588113315 324.50127615149859 569.15227639505156 377.97444429257484 60.187248502727016 29.447164777840953 26.890279974060832 46.94456025929685 426.34047021687729 482.28169491138215 239.22498571585311 12.24624644347932 44.868332551308413
leaf_count=28781 3952 2796 33655 33816 58827 83 182 619 1050 1152 13434 16211 132 1744
internal_value=6.93545e-11 0.0279516 -0.0245187 -0.038665 -0.00355757 0.014001 0.00162065 -0.0290946 0.0219815 0.052484 0.017507 0.0140928 -0.0254431 -0.0315233
internal_weight=3247.89 1517.05 1730.85 1028.37 702.476 977.109 387.696 640.911 589.414 539.937 529.226 268.672 119.024 614.021
internal_count=196434 38992 157442 64960 92482 35044 20477 36179 14567 3948 14484 16393 4084 35560
is_linear=0
shrinkage=0.05


Tree=6
num_leaves=15
num_cat=0
split_feature=17 0 49 1 44 24 35 47 17 44 30 20 3 0
split_gain=794.418 178.986 175.679 53.683 48.2559 45.1828 38.6578 30.4136 30.3494 26.0235 33.193 24.3242 18.991 18.6527
threshold=0.037749288603663451 0.014389234129339458 0.11249633505940439 0.016261236742138866 0.031334653496742255 0.021070865914225582 0.014534397516399624 6.1954247951507577 0.023532669059932235 0.033011542633175857 0.00046303594717755919 0.0068111850414425143 0.014815627597272398 0.0093025267124176043
decision_type=2 2 2 2 2 2 2 2 2 2 2 2 2 2
left_child=2 5 4 7 -1 -2 -4 12 -6 10 -7 -11 -3 -8
right_child=1 3 6 -5 8 9 13 -9 -10 11 -12 -13 -14 -15
leaf_value=-0.051052909927334182 -0.021572062876198405 0.024527954645231879 -0.01669317940996223 0.067672069371907048 -0.033599116538619626 0.055544834424104531 0.0012569754434724901 -0.010840131685027319 -0.0076330316417872138 -0.015402263996219563 0.0042284241311866984 0.013403596586191533 0.04656784875326607 0.028302914904339661
leaf_weight=373.14713282363118 92.671811828866339 210.25486343895318 303.14293784200618 187.01564862625673 476.79650200138985 66.730054803876556 304.10156901688333 29.907176420092583 155.52148733228887 77.668148853957064 56.483339731377782 476.39225069009262 288.9256040736509 71.007180463304394
leaf_count=28818 2798 5160 33362 359 29252 447 51137 90 7376 2441 930 25401 1366 7497
internal_value=2.38427e-10 0.0265499 -0.0234513 0.0443774 -0.0366139 0.00961266 -0.00369021 0.0350409 -0.0274309 0.0141315 0.0341038 0.00916412 0.0379487 0.0069787
internal_weight=3169.77 1486.05 1683.72 716.103 1005.47 769.946 678.252 529.088 632.318 677.274 123.213 554.06 499.18 375.109
internal_count=196434 38992 157442 6975 65446 32017 91996 6616 36628 29219 1377 27842 6526 58634
is_linear=0
shrinkage=0.05


Tree=7
num_leaves=15
num_cat=0
split_feature=17 0 49 17 15 3 48 44 29 25 4 48 19 34
split_gain=727.896 145.161 141.015 107.339 48.3553 35.2562 33.6864 33.5576 30.0012 29.6221 26.5223 22.9197 21.8933 23.7397
threshold=0.051315790042281158 0.0093025267124176043 0.10178257524967195 0.087121214717626586 0.058167049661278732 0.014599318150430919 0.67317706346511852 0.042420420795679099 0.084082163870334639 0.015982880257070068 0.0085838492959737795 0.83687886595726024 0.11990218982100488 0.44969925284385687
decision_type=2 2 2 2 2 2 2 2 2 2 2 2 2 2
left_child=1 2 7 5 8 6 -2 -1 -3 -4 -8 -7 -5 -14
right_child=3 4 9 12 -6 11 10 -9 -10 -11 -12 -13 13 -15
leaf_value=-0.04877726926139115 -0.010652991864872402 -0.018025297751685997 -0.018078336950045317 0.060250862130378863 0.04317545333454275 0.040680976306708042 0.033982097935656916 -0.028076547179924291 0.010677238310169066 0.0030307763677998732 0.0045248893336364412 0.0077035666153768695 -0.0067154550270382227 0.043453386126693222
leaf_weight=410.93462650292895 123.95952171315366 137.20892497678869 315.16901671496225 292.54950731100689 67.557529265934136 230.98049815713239 147.60752798489921 492.13293110733548 228.61576971000341 334.9312353518003 155.228188645091 74.354343927989248 31.444793343674974 62.26938099830295
leaf_count=31356 5681 5958 24331 685 597 3201 4117 29063 16783 65371 5235 1751 1684 621
internal_value=2.08452e-10 -0.0181415 -0.0252457 0.0320991 0.0073139 0.0203867 0.0107062 -0.0379273 -0.000281321 -0.00732178 0.0195102 0.0331494 0.0532244 0.0275953
internal_weight=3104.94 1986.55 1553.17 1118.39 433.382 732.13 426.795 903.068 365.825 650.1 302.836 305.335 386.264 93.7142
internal_count=196434 173459 150121 22975 23338 19985 15033 60419 22741 89702 9352 4952 2990 2305
is_linear=0
shrinkage=0.05


Tree=8
num_leaves=15
num_cat=0
split_feature=17 3 49 44 35 17 15 43 2 15 46 0 25 1
split_gain=661.813 152.13 146.132 37.1308 33.8714 28.5508 28.1722 31.5478 31.4798 26.1379 24.6434 24.1814 26.0611 23.1437
threshold=0.037749288603663451 0.015268065501004459 0.11249633505940439 0.031334653496742255 0.014534397516399624 0.023532669059932235 0.058167049661278732 3.3140207529067998 0.014815627597272398 0.045470388606190688 0.84248119592666637 0.014389234129339458 0.016389329917728904 0.011428944766521456
decision_type=2 2 2 2 2 2 2 2 2 2 2 2 2 2
left_child=2 6 3 -1 -4 -5 8 -8 11 -3 -10 12 13 -2
right_child=1 9 4 5 -6 -7 7 -9 10 -11 -12 -13 -14 -15
leaf_value=-0.047363918583198696 -0.022908439269449288 0.012030336208472128 -0.015942106211297231 -0.032194905890504159 0.0065079916985167803 -0.0069311382214981279 -0.029382694362152101 0.030440369170894311 -0.0026075834854825831 0.050458269913472367 0.050189322359710645 0.019670686436171762 0.014119924220067692 0.0043648627668363667
leaf_weight=350.35516304405269 175.97715067993795 57.146309625939466 295.36986474806372 455.17591289828738 364.78481267171719 155.79253593610156 16.248442884301767 249.91939236225153 31.688892108060827 448.82858114116243 56.47823015160975 138.40332974185003 133.69518812972456 128.97682326530048
leaf_count=28818 5940 1444 33362 29252 58634 7376 190 3691 1815 2504 577 3655 15504 3672
internal_value=-8.1221e-11 0.0246119 -0.0218344 -0.0341732 -0.00362475 -0.0259682 0.0123891 0.0258567 0.00669726 0.0464354 0.0328806 0.00220479 -0.00362169 -0.0116012
internal_weight=3058.84 1437.36 1621.48 961.324 660.155 610.968 931.387 266.168 665.22 505.975 88.1671 577.052 438.649 304.954
internal_count=196434 38992 157442 65446 91996 36628 35044 3881 31163 3948 2392 28771 25116 9612
is_linear=0
shrinkage=0.05


Tree=9
num_leaves=15
num_cat=0
split_feature=17 17 49 35 3 44 35 21 21 1 49 24 1 47
split_gain=578.797 140.512 134.129 41.2451 39.6733 33.0809 30.26 29.3914 33.9096 24.8879 24.2894 23.4531 25.8368 21.9378
threshold=0.037749288603663451 0.087121214717626586 0.10979666933417322 4.2311092329327955e-05 0.014599318150430919 0.031334653496742255 0.014534397516399624 0.79442891478538524 0.79901278018951427 0.0090499590151011961 0.030557466670870784 0.27306865155696874 0.0066007319837808618 4.3173992633819589
decision_type=2 2 2 2 2 2 2 2 2 2 2 2 2 2
left_child=2 3 5 -2 7 -1 -4 11 -9 -7 -10 12 -5 -3
right_child=1 13 6 4 -6 9 -8 8 10 -11 -12 -13 -14 -15
leaf_value=-0.045441388649638231 -0.034360302559582966 0.057268283377193301 -0.015169973802294682 -0.040823632843556043 0.030497124700241962 -0.02946432794191255 0.0060007205188696211 0.041868946498286201 -0.020296574067245388 -0.0021720908311441476 0.014484708573512329 0.015245521707498717 -0.0012583058018639653 0.026294130143421593
leaf_weight=337.40390473508273 33.997396205813857 264.82374840602279 291.49124817964594 52.231531575554982 299.59497017198373 489.02805997302153 374.74146775513873 93.74345464030921 51.296049607219175 102.32971390561761 287.19779803483107 93.001880577498014 124.43508764744001 106.57544633361977
leaf_count=28781 1218 553 33655 2058 4759 31576 58827 1003 1556 4603 5894 16515 2999 2437
internal_value=-4.99059e-10 0.0232896 -0.0205601 0.0135772 0.0155282 -0.0327389 -0.00334927 0.00880031 0.0167429 -0.0248563 0.00878272 -0.00407397 -0.0145161 0.0493025
internal_weight=3001.89 1406.9 1594.99 1035.5 1001.5 928.762 666.233 701.906 432.237 591.358 338.494 269.668 176.667 371.399
internal_count=196434 38992 157442 36002 34784 64960 92482 30025 8453 36179 7450 21572 5057 2990
is_linear=0
shrinkage=0.05


Tree=10
num_leaves=15
num_cat=0
split_feature=17 0 49 24 1 44 17 35 29 36 17 23 40 29
split_gain=527.602 131.34 123.187 32.533 31.3923 28.8615 26.7332 26.3317 23.9701 25.9979 21.8628 20.3068 29.7649 18.1945
threshold=0.037749288603663451 0.015038444194942715 0.10979666933417322 0.018843721598386768 0.016001024283468727 0.031334653496742255 0.080128207802772536 0.014534397516399624 0.011038258671760561 0.6348484754562379 0.023532669059932235 2.8029010295867924 0.0077419329900294551 0.92172086238861095
decision_type=2 2 2 2 2 2 2 2 2 2 2 2 2 2
left_child=2 3 5 6 11 -1 -2 -4 -5 -10 -7 -3 -13 -9
right_child=1 4 7 8 -6 10 -8 13 9 -11 -12 12 -14 -15
leaf_value=-0.043626946530497909 -0.027140862342708828 0.048653351611836412 -0.014398643993570621 0.046192674934429405 0.057073730092135282 -0.029751843531298929 0.024881729593086016 0.00094129321151674807 0.019280831210923843 -0.00014959019521345506 -0.0071255874610640646 -0.0064551759956240412 0.031933041802174822 0.031749175033254723
leaf_weight=328.7968219076372 85.32926724299432 98.693901187274605 285.11567246735717 44.193195604602806 210.8139051272301 433.3008590738757 24.627289266714797 328.326408524199 401.28843714442428 295.82247032065789 150.70858347389435 68.830205302976537 153.33369721935014 46.251085772993974
leaf_count=28781 2593 170 33655 359 566 28896 225 56256 22967 8148 7283 1021 2943 2571
internal_value=-2.18256e-10 0.0224417 -0.0197534 0.0100572 0.0417188 -0.0315503 -0.0143863 -0.00320277 0.013826 0.0111499 -0.0241312 0.03021 0.0202739 0.00547195
internal_weight=2955.43 1382.93 1572.5 851.261 531.672 912.806 109.957 659.693 741.304 697.111 584.009 320.858 222.164 374.577
internal_count=196434 38992 157442 34292 4700 64960 2818 92482 31474 31115 36179 4134 3964 58827
is_linear=0
shrinkage=0.05


Tree=11
num_leaves=15
num_cat=0
split_feature=17 0 49 0 15 3 20 29 24 25 30 18 18 46
split_gain=488.858 102.857 102.362 81.8409 35.1715 32.0389 23.9546 22.9536 21.9767 20.609 19.1234 18.7298 28.8825 19.2012
threshold=0.051315790042281158 0.0093025267124176043 0.11249633505940439 0.015038444194942715 0.058167049661278732 0.014815627597272398 0.0062738086562603721 0.084082163870334639 0.82079264521598827 0.00185176357626915 0.00084929139120504271 6.5964629650115976 6.5743780136108407 0.86951944231987011
decision_type=2 2 2 2 2 2 2 2 2 2 2 2 2 2
left_child=1 2 6 9 7 -5 -1 -3 10 -2 -4 12 -11 -13
right_child=3 4 8 5 -6 -7 -8 -9 -10 11 -12 13 -14 -15
leaf_value=-0.040882685337658778 -0.006480878436891247 -0.01649913018945132 -0.023429274945426234 0.018725691307089069 0.037164812505924169 0.0485486932208554 -0.02289842162766351 0.0094778294020546883 0.013932771246534279 0.0094592347557152096 -0.0028814502200867616 -0.021924980338554195 0.0399094311859148 0.018243173847199794
leaf_weight=442.03182480249802 104.85369664545215 125.50067419327752 165.51392639890264 140.23470673069824 67.064615222654538 382.58503976062639 409.71039469550237 218.34772630251609 108.16165665742301 181.22697968830107 328.62842280039968 47.383399778045714 138.66135830362327 51.818700126139447
leaf_count=36423 2278 5958 14988 3412 597 1288 25882 16783 7588 13538 65240 522 1344 593
internal_value=1.70584e-10 -0.0153283 -0.021538 0.0271961 0.00663484 0.0410509 -0.0325979 -0.000201788 -0.00562071 0.0128612 -0.0100922 0.0177387 0.0234681 -0.00119376
internal_weight=2911.72 1864.96 1454.05 1046.76 410.913 522.82 851.742 343.848 602.304 523.944 494.142 419.09 319.888 99.2021
internal_count=196434 173459 150121 22975 23338 4700 62305 22741 87816 18275 80228 15997 14882 1115
is_linear=0
shrinkage=0.05


Tree=12
num_leaves=15
num_cat=0
split_feature=17 0 49 0 15 3 20 24 25 49 30 43 31 49
split_gain=456.738 94.4681 93.9994 71.4868 32.4239 32.267 22.123 20.4667 20.0655 18.7868 18.0624 18.1318 16.8295 16.202
threshold=0.051315790042281158 0.0093025267124176043 0.11249633505940439 0.015038444194942715 0.058167049661278732 0.015038444194942715 0.0062738086562603721 0.82079264521598827 0.00185176357626915 0.085848677903413786 0.00084929139120504271 3.7494349479675297 0.70853558182716381 0.057192746549844749
decision_type=2 2 2 2 2 2 2 2 2 2 2 2 2 2
left_child=1 2 6 8 9 -5 -1 10 12 -3 -4 -12 -2 -6
right_child=3 4 7 5 13 -7 -8 -9 -10 -11 11 -13 -14 -15
leaf_value=-0.039783446582482389 0.0099707000288748668 -0.011919862366331708 -0.023430665449195611 0.018402164141803175 0.045701073755074317 0.047508491799302568 -0.022317636742973792 0.013107806895738176 0.017680288385758466 0.010799665274608154 -0.033396677284774419 0.0013172987483270671 -0.028039020284699942 -0.0090763478776475486
leaf_weight=430.09413665055285 59.657541130240133 171.09914045784126 156.51731564239344 152.19122520992823 54.675344197486993 365.39872611322789 405.77824971352788 109.64040407870925 414.79408015489753 172.89015890780411 33.034438206203049 293.64781701806578 40.87161526494674 13.344078879512379
leaf_count=36423 1386 7125 14988 3507 279 1193 25882 7588 15997 15616 1379 63861 892 318
internal_value=7.54071e-10 -0.014912 -0.020962 0.0264623 0.00606701 0.0394611 -0.0316687 -0.0055912 0.0129037 -0.000518446 -0.0100138 -0.00308069 -0.00662138 0.0351689
internal_weight=2873.63 1840.72 1428.71 1032.91 412.009 517.59 835.872 592.84 515.323 343.989 483.2 326.682 100.529 68.0194
internal_count=196434 173459 150121 22975 23338 4700 62305 87816 18275 22741 80228 65240 2278 597
is_linear=0
shrinkage=0.05


Tree=13
num_leaves=15
num_cat=0
split_feature=17 45 0 1 49 20 3 48 35 36 22 23 4 26
split_gain=408.927 84.7915 70.47 68.2243 61.5305 30.773 28.6851 33.3874 20.1295 18.104 17.9474 17.3087 16.8742 18.3829
threshold=0.051315790042281158 0.00017586216563358906 0.0093025267124176043 0.016261236742138866 0.12034266814589502 0.0014068137970753016 0.014599318150430919 0.85643073916435253 4.2311092329327955e-05 0.90054944157600414 6.7996129989624032 3.113268375396729 0.0085838492959737795 0.57172253727912914
decision_type=2 2 2 2 2 2 2 2 2 2 2 2 2 2
left_child=1 -1 4 6 11 -4 9 8 -8 12 -9 -3 13 -2
right_child=3 2 5 -5 -6 -7 7 10 -10 -11 -12 -13 -14 -15
leaf_value=-0.040445301439627948 -0.024768413530490321 -0.035680061230944853 0.048395097362414055 0.053413753075870263 -0.0028751541120890733 0.0039274126482530631 -0.018778395532479609 0.013577346682682387 0.037678074123046641 -0.028376638886846529 -0.031590552874932627 -0.018219681110931529 0.0018078251449353839 0.025764873752179219
leaf_weight=255.13245974235542 11.895946425895088 265.99006926416769 34.465574384375941 170.19113135784573 533.08839738114102 330.72747468357511 10.833938160911201 65.610961340134963 318.30155756266322 20.162660208647139 21.015978951007128 390.10899302043981 206.98263899150697 195.23674621637292
leaf_count=23153 316 8312 134 806 83218 20889 163 1755 3894 379 94 37753 8534 7034
internal_value=5.00014e-10 -0.0142521 -0.00972178 0.025171 -0.0155928 0.00930213 0.018961 0.0282442 0.0353208 0.00963794 0.000484175 -0.0257277 0.0121142 0.0218556
internal_weight=2829.74 1809.51 1554.38 1020.23 1189.19 365.193 850.04 415.762 329.135 434.278 86.6269 656.099 414.115 207.133
internal_count=196434 173459 150306 22975 129283 21023 22169 5906 4057 16263 1849 46065 15884 7350
is_linear=0
shrinkage=0.05


Tree=14
num_leaves=15
num_cat=0
split_feature=15 24 0 17 49 33 35 45 25 45 35 19 28 3
split_gain=377.342 92.0457 71.6354 69.429 67.4904 28.5959 22.8534 21.1904 20.5514 18.9379 21.8342 18.9138 18.1808 18.1145
threshold=0.043695732951164253 0.80593541264534008 0.015038444194942715 0.051315790042281158 0.029995595104992393 2.1383330821990971 0.016132541932165626 0.000275017780950293 0.0085879121907055395 0.00012763315316988158 0.0012713354080915453 0.13411034643650058 1.0000000180025095e-35 0.010362972505390646
decision_type=2 2 2 2 2 2 2 2 2 2 2 2 2 2
left_child=1 3 9 4 -1 8 -3 12 13 -2 -11 -4 -6 -5
right_child=2 6 11 5 7 -7 -8 -9 -10 10 -12 -13 -14 -15
leaf_value=-0.033485368828210675 -0.017021498837753044 0.0017143121010707203 0.047046125619998158 0.036379003739023953 0.023479576415366896 -0.021609181660818974 0.033481552452332058 -0.0080174462554554737 -0.0063773416951128847 0.042832033685528868 0.010211309725993043 0.019464628156342534 -0.03462349838343514 -0.0059214259566819655
leaf_weight=578.73874441505859 41.417786752106622 114.30243312142557 337.83566760021495 103.70938657276929 8.0755820102349372 53.980309299877263 104.43912678665947 757.54385414154194 61.549658344425552 53.577954928565305 330.18400861200007 100.86096170093515 120.26426173539448 29.293104903390486
leaf_count=43121 1163 8640 1061 1223 153 1258 4476 103149 7721 364 11321 1854 10392 538
internal_value=5.28425e-10 -0.0122787 0.0272852 -0.0161846 -0.0203128 0.00798779 0.0176824 -0.0114295 0.0168547 0.0122287 0.0157377 0.04128 -0.0295345 0.0273
internal_weight=2795.77 1931.9 863.876 1713.15 1464.62 248.532 218.742 885.884 194.552 425.18 383.762 438.697 128.34 133.002
internal_count=196434 180671 15763 167555 156815 10740 13116 113694 9482 12848 11685 2915 10545 1761
is_linear=0
shrinkage=0.05


Tree=15
num_leaves=15
num_cat=0
split_feature=0 17 49 17 24 44 2 25 35 47 17 45 41 1
split_gain=342.905 101.661 82.5391 37.0515 30.6823 24.0089 29.57 23.9435 21.5577 16.9297 16.3245 15.4383 17.27 13.2722
threshold=0.013986697886139156 0.028991596773266796 0.11249633505940439 0.087121214717626586 0.019916220568120483 0.033011542633175857 0.013072453904896976 0.025137879885733131 0.014602279756218197 6.1933839321136483 0.064583335071802153 0.0011650724918581548 0.68333333730697643 0.010811126790940763
decision_type=2 2 2 2 2 2 2 2 2 2 2 2 2 2
left_child=1 2 11 9 -3 6 10 -7 -4 -2 -6 12 13 -1
right_child=3 4 8 -5 5 7 -8 -9 -10 -11 -12 -13 -14 -15
leaf_value=-0.042205133317437304 0.023632108581783898 -0.020041744638922266 -0.014249817735829721 0.045310251684907182 -0.018876624113852006 -0.0015777982652486859 0.045860091027341954 0.023576867131015491 0.005566262542492699 -0.011237702851928872 0.028524473213982739 -0.02038589474545778 -0.0078722537326984185 0.0027356843232776767
leaf_weight=329.65676598139362 326.51159098063727 107.17006006691918 240.39243466206699 281.40537542564562 37.803851122998822 497.8765762757007 70.662603546865284 106.48941828685565 295.17641831453057 32.942152243107557 19.304172558273422 346.65297175278192 53.386635360890068 16.026195301688858
leaf_count=29207 6917 4420 30202 1438 1694 19673 444 21870 49986 156 181 27600 1934 712
internal_value=-3.68584e-11 -0.00970317 -0.018511 0.0317635 0.00380256 0.00751591 0.0263678 0.00316607 -0.00342643 0.0202188 -0.000990779 -0.0291559 -0.0360893 -0.0401033
internal_weight=2761.46 2120.6 1281.29 640.859 839.307 732.137 127.771 604.366 535.569 359.454 57.108 745.723 399.07 345.683
internal_count=196434 187923 139641 8511 48282 43862 2319 41543 80188 7073 1875 59453 31853 29919
is_linear=0
shrinkage=0.05


Tree=16
num_leaves=15
num_cat=0
split_feature=17 0 49 0 28 2 49 44 19 43 25 30 16 0
split_gain=315.59 90.3148 82.9027 47.8105 27.9021 23.4002 25.8338 22.2559 19.063 18.8183 18.2766 17.3918 18.1811 17.6092
threshold=0.057189542800188072 0.0096620614640414732 0.10979666933417322 0.016261236742138866 2.6020033359527592 0.013986697886139156 0.14262134581804278 0.042420420795679099 0.0084722749888896959 3.3842465877532963 0.015982880257070068 0.0035951695172116165 4.5000000000000009 0.014389234129339458
decision_type=2 2 2 2 2 2 2 2 2 2 2 2 2 2
left_child=1 2 7 4 9 6 -6 -1 -3 -2 -4 12 13 -10
right_child=3 8 10 -5 5 -7 -8 -9 11 -11 -12 -13 -14 -15
leaf_value=-0.037565101976754577 -0.011176459922737192 -0.031588834057520006 -0.012646413968699194 0.047139322517329885 -0.023482756663445088 0.020529613420257862 0.012001715487346007 -0.019973222147094974 -6.1949532969847711e-05 0.034607574612389135 0.0042962616271051265 -0.0037796230804652757 0.034457348586765787 0.036325245409787904
leaf_weight=351.47282514308154 20.014610317535698 18.687191048526074 289.67153120921449 183.97874340906856 78.39567595266999 220.11647900563548 112.58792277052271 462.01231676611269 153.32502206651998 241.46976390643977 331.62560720811024 134.67975647253297 95.02146068093316 32.444128071540035
leaf_count=32418 127 760 24245 808 2141 5572 8359 31156 12798 1176 67768 6591 1938 577
internal_value=2.48478e-10 -0.0115124 -0.017531 0.0249619 0.0182937 0.00978317 -0.00300775 -0.0279378 0.00832454 0.0308206 -0.00367823 0.01082 0.0177118 0.00782389
internal_weight=2725.5 1868.94 1434.78 856.563 672.584 411.1 190.984 813.485 434.158 261.484 621.297 415.47 280.791 185.769
internal_count=196434 178251 155587 18183 17375 16072 10500 63574 22664 1303 92013 21904 15313 13375
is_linear=0
shrinkage=0.05


Tree=17
num_leaves=15
num_cat=0
split_feature=15 24 3 17 49 33 35 24 21 36 19 43 47 24
split_gain=292.995 78.9964 59.9508 53.3342 53.9845 25.9172 20.3457 18.6201 18.3287 17.7375 16.7481 16.5461 20.2091 16.2673
threshold=0.043695732951164253 0.80593541264534008 0.015268065501004459 0.051315790042281158 0.029995595104992393 2.1383330821990971 0.016132541932165626 0.35611109435558325 0.78579434752464306 0.4555336087942124 0.55787461996078502 3.1567740440368657 6.1913387775421151 0.2144061550498009
decision_type=2 2 2 2 2 2 2 2 2 2 2 2 2 2
left_child=1 3 11 4 -1 7 -3 -5 -6 -4 -11 -2 -13 -10
right_child=2 6 9 5 8 -7 -8 -9 13 10 -12 12 -14 -15
leaf_value=-0.030601062854829515 -0.01873281514773471 0.00073900894370554143 0.00012976972773987545 0.021547259850826228 -0.023229234503837268 -0.02245140605333917 0.030638824459248461 -0.019001839115969449 -0.0012407248397166533 0.044934424613208783 0.0016222923908760308 0.018736749761386628 -0.01237863106261065 -0.018640416370138108
leaf_weight=548.59797084730201 32.249326640623622 107.77726196249569 27.272976145817665 162.74248425560654 202.76224021235964 49.432494731459883 111.72534298041137 25.822548146650661 477.30783563418663 324.92380798429076 24.732428612885997 368.08998490020895 53.453290604054928 177.82272197380735
leaf_count=43121 448 8640 149 2564 79706 1258 4476 6918 21706 1999 470 12310 387 12282
internal_value=3.0355e-10 -0.0110022 0.0245242 -0.0147687 -0.0184553 0.0068835 0.0166297 0.0153171 -0.0104253 0.0390531 0.0420011 0.0118744 0.0145958 -0.00617279
internal_weight=2694.71 1863.99 830.722 1644.49 1406.49 237.998 219.503 188.565 857.893 376.929 349.656 453.793 421.543 655.131
internal_count=196434 180671 15763 167555 156815 10740 13116 9482 113694 2618 2469 13145 12697 33988
is_linear=0
shrinkage=0.05


Tree=18
num_leaves=15
num_cat=0
split_feature=17 0 49 1 23 2 44 36 45 20 44 44 18 19
split_gain=264.435 80.6289 71.0323 51.493 29.2468 29.5336 27.8955 20.8459 20.4947 20.6014 21.9971 18.617 18.6057 18.2761
threshold=0.057189542800188072 0.0093025267124176043 0.10979666933417322 0.016261236742138866 2.9174053668975835 0.013986697886139156 0.64340913295745861 0.20714285969734195 0.00017586216563358906 0.0014068137970753016 0.11979661881923677 0.042420420795679099 6.6019089221954355 0.11990218982100488
decision_type=2 2 2 2 2 2 2 2 2 2 2 2 2 2
left_child=1 2 11 4 -2 6 -6 -7 -3 -10 -11 -1 -12 -9
right_child=3 8 -4 -5 5 7 -8 13 9 10 12 -13 -14 -15
leaf_value=-0.035841194636161054 0.032519337677529743 -0.021780918234145377 -0.0036461764896604169 0.048754641253688225 -0.016219180787637105 -0.037732301562870024 0.021167576277026638 0.033009127776651763 0.04364822379397517 -0.006037553093103807 0.0228668156878956 -0.019200319186093408 -0.017371023684919034 0.006019611343004317
leaf_weight=328.49791734977168 199.74053705809638 45.226444087857999 593.63887071603745 152.12757470119686 144.52587615152152 6.138015198550419 63.960759334091563 162.49604860172258 33.173452841467224 175.71190001225841 186.50717365800347 441.35928752398047 26.119527057220694 106.88580285068019
leaf_count=31912 834 2487 90308 806 4983 53 5806 1478 145 5927 16367 30616 489 4223
internal_value=-2.50652e-10 -0.0106361 -0.0167451 0.0231394 0.0168196 0.00981346 -0.00430559 0.020274 0.00718712 0.010728 0.00689066 -0.0266695 0.0173657 0.022899
internal_weight=2666.11 1830.23 1363.5 835.875 683.747 484.007 208.487 275.52 466.738 421.512 388.339 769.857 212.627 269.382
internal_count=196434 178251 152836 18183 17377 16543 10789 5754 25415 22928 22783 62528 16856 5701
is_linear=0
shrinkage=0.05


Tree=19
num_leaves=15
num_cat=0
split_feature=17 3 49 36 0 35 36 35 30 1 23 37 18 19
split_gain=246.469 76.2134 64.5162 27.0362 22.1279 20.9269 17.0283 19.0641 16.6892 17.392 19.8578 17.3598 17.8163 13.1773
threshold=0.03637566231191159 0.015268065501004459 0.10979666933417322 0.10912698507308961 0.015038444194942715 0.014534397516399624 0.18350168317556384 0.017646600492298607 0.00023626781330676752 0.0090499590151011961 3.1567740440368657 1.0000000180025095e-35 6.6339759826660165 0.27403634786605841
decision_type=2 2 2 2 2 2 2 2 2 2 2 2 2 2
left_child=2 6 8 -3 -5 -4 -2 13 -1 10 -10 12 -12 -8
right_child=1 3 5 4 -6 -7 7 -9 9 -11 11 -13 -14 -15
leaf_value=-0.038510190444609238 0.032396592823448034 -0.024664820541211732 -0.012263342123982154 0.014756184783698476 0.043010154052594209 0.006097074490459254 0.0060504033121635756 0.020347199264379882 -0.034286751540622988 -0.00060220757213267121 -0.034715309611370995 -0.0046839829984806061 0.025439049444227802 -0.0092360925925588071
leaf_weight=155.56878669713501 52.734578952557058 12.625642920145763 269.37853860742717 108.66251058178023 289.86096000901307 339.79315880505982 432.28430727121531 154.19246708700939 224.95148305414477 102.37413114096148 102.10994902605262 196.03736380481405 6.6330816431436679 197.06800911202663
leaf_count=18241 134 14 33216 2872 1062 57747 13327 16493 7979 5277 12918 19744 53 7357
internal_value=-3.65255e-10 0.0160858 -0.0143774 0.0334561 0.0358561 -0.00208892 0.00725144 0.00517218 -0.0237357 -0.0195564 -0.0231404 -0.0140856 -0.0292127 0.00119418
internal_weight=2644.27 1247.43 1396.85 411.149 398.523 609.172 836.279 783.545 787.675 632.106 529.732 304.78 108.743 629.352
internal_count=196434 41259 155175 3948 3934 90963 37311 37177 64212 45971 40694 32715 12971 20684
is_linear=0
shrinkage=0.05


Tree=20
num_leaves=15
num_cat=0
split_feature=15 24 0 17 49 36 48 48 48 42 35 3 45 24
split_gain=219.519 68.9097 44.2882 42.093 43.233 37.0509 24.0644 22.4304 22.6277 19.8337 19.5712 17.5681 16.8763 15.7562
threshold=0.043695732951164253 0.80593541264534008 0.015038444194942715 0.051315790042281158 0.029995595104992393 0.10912698507308961 0.19830680638551715 0.65995654463768016 0.86403420567512523 1.0000000180025095e-35 0.016132541932165626 0.015038444194942715 0.000275017780950293 0.19657377898693087
decision_type=2 2 2 2 2 2 2 2 2 2 2 2 2 2
left_child=1 3 6 4 -1 -4 -2 9 -9 13 -3 -7 -6 -5
right_child=2 10 5 7 12 11 -8 8 -10 -11 -12 -13 -14 -15
leaf_value=-0.02798068818373492 0.040976608569873979 -0.00024519982305970696 -0.023327866640558376 -0.044196420591271088 -0.026422483424770778 0.014760346265773154 0.0048226230669367598 0.026955318883132268 -0.013017489431776356 0.024376362356243759 0.029059607168406165 0.042523720358697413 -0.0064555358584884358 0.0082603831275059238
leaf_weight=515.9739084319458 43.301065433071926 102.6626432093326 20.968717375188135 37.476378747720446 116.75353332206771 87.850949882194982 367.28509715920882 117.65223292957671 42.044519864197355 14.983774852007626 117.55991276685381 293.37631936697289 723.09131332680806 16.53882126561075
leaf_count=43121 282 8640 14 801 10545 1784 12566 4407 1972 152 4476 1117 103149 3408
internal_value=3.0448e-11 -0.0097128 0.0214226 -0.0133617 -0.0166924 0.0330488 0.0095191 0.00625636 0.0162844 -0.0160768 0.0159811 0.0366667 -0.00950955 -0.0293534
internal_weight=2617.52 1804.74 812.782 1584.51 1355.82 402.196 410.586 228.696 159.697 68.999 220.223 381.227 839.845 54.0152
internal_count=196434 180671 15763 167555 156815 2915 12848 10740 6379 4361 13116 2901 113694 4209
is_linear=0
shrinkage=0.05


Tree=21
num_leaves=15
num_cat=0
split_feature=0 17 49 24 1 44 30 25 30 47 35 49 31 41
split_gain=210.729 71.7683 55.471 31.1434 27.7717 19.8104 29.0903 20.9044 20.4582 18.2499 16.5768 15.9984 20.2825 13.5757
threshold=0.014389234129339458 0.028991596773266796 0.11249633505940439 0.019916220568120483 0.016261236742138866 0.033011542633175857 0.00046303594717755919 0.025137879885733131 4.2050518459291204e-05 4.3173992633819589 0.014602279756218197 0.24625919014215472 0.78805705904960643 0.68333333730697643
decision_type=2 2 2 2 2 2 2 2 2 2 2 2 2 2
left_child=1 2 13 -3 9 6 8 -7 -5 -2 -4 12 -11 -1
right_child=4 3 10 5 -6 7 -8 -9 -10 11 -12 -13 -14 -15
leaf_value=-0.027007229103040726 0.027424721811446465 -0.020085677444030656 -0.0126080063664853 -0.0073989230573505791 0.047600886285958953 -0.00098486205926936283 -0.0022283259524803925 0.022020694878919701 0.055272895833655446 0.0082382496830337576 0.0049848683687553031 0.022057425456988689 -0.040071552480667558 -0.004664760232624251
leaf_weight=600.83926941146296 282.08292556751985 108.62846270501916 229.81935300710006 13.443037283759621 125.26143860409502 495.87464337796746 57.386942908953642 113.06054184385982 57.459982265732833 52.559098027704749 294.44423797929358 62.634719887006213 24.16920559326536 81.767552805191372
leaf_count=55354 1475 4543 30202 448 359 20306 1568 22593 360 1114 49986 3745 282 4099
internal_value=5.90733e-10 -0.00736752 -0.0151464 0.00377871 0.0272983 0.00751682 0.0246229 0.00357333 0.0439447 0.0203006 -0.00281889 0.00500994 -0.00984495 -0.0244369
internal_weight=2599.43 2052.72 1206.87 845.854 546.707 737.225 128.29 608.935 70.903 421.446 524.264 139.363 76.7283 682.607
internal_count=196434 189459 139641 49818 6975 45275 2376 42899 808 6616 80188 5141 1396 59453
is_linear=0
shrinkage=0.05


Tree=22
num_leaves=15
num_cat=0
split_feature=0 17 49 24 3 44 30 25 30 35 41 45 36 48
split_gain=202.57 67.8275 49.3549 27.6083 26.0108 18.852 27.6842 18.9409 18.8141 15.1339 12.8897 15.3609 12.108 12.0887
threshold=0.014389234129339458 0.028991596773266796 0.11249633505940439 0.019916220568120483 0.015038444194942715 0.033011542633175857 0.00046303594717755919 0.025137879885733131 4.2050518459291204e-05 0.014602279756218197 0.68333333730697643 0.00098212179727852366 0.31318682432174688 0.93168810009956371
decision_type=2 2 2 2 2 2 2 2 2 2 2 2 2 2
left_child=1 2 10 -3 -2 6 8 -7 -5 -4 11 -1 -6 -14
right_child=4 3 9 5 12 7 -8 -9 -10 -11 -12 -13 13 -15
leaf_value=-0.034606714912492863 0.01271511085195633 -0.019031321293259303 -0.012614098053334567 -0.0071323862066138086 0.0012883529715399782 -0.0011070941732745918 -0.0026391595433528491 0.020710776870273683 0.053118667917357733 0.004245590704692266 -0.0044734265245089796 -0.017407938647588432 0.041563595475412274 0.0038672000803733606
leaf_weight=288.16357172827657 215.22378988977289 106.79981056658517 227.39076747976651 13.294844982439825 24.172096988593694 491.60442878270987 56.488768104464725 114.42946351996397 58.41489633830497 294.8195373643689 81.97733316681115 303.00147714676359 272.53465511661489 25.345773120381637
leaf_count=28470 5487 4543 30202 448 47 20306 1568 22593 360 49986 4099 26884 1137 304
internal_value=-9.2071e-10 -0.00722622 -0.014833 0.00363246 0.0270204 0.0071405 0.0238243 0.00328181 0.0424424 -0.00319485 -0.0236827 -0.0262277 0.0359096 0.0385859
internal_weight=2573.66 2036.38 1195.35 841.032 537.276 734.232 128.199 606.034 71.7097 522.21 673.142 591.165 322.053 297.88
internal_count=196434 189459 139641 49818 6975 45275 2376 42899 808 80188 59453 55354 1488 1441
is_linear=0
shrinkage=0.05


Tree=23
num_leaves=15
num_cat=0
split_feature=0 17 49 4 24 26 44 30 25 30 35 17 31 35
split_gain=186.014 63.0397 45.4358 26.6128 24.9466 23.9149 16.9515 25.4387 19.0027 17.4613 15.2326 13.2985 15.3861 13.2194
threshold=0.014389234129339458 0.028991596773266796 0.11249633505940439 0.016261236742138866 0.019916220568120483 0.692712962627411 0.033011542633175857 0.00046303594717755919 0.025137879885733131 4.2050518459291204e-05 0.014775923453271391 0.057189542800188072 0.88012605905532848 0.014602279756218197
decision_type=2 2 2 2 2 2 2 2 2 2 2 2 2 2
left_child=1 2 -1 5 -3 -2 7 9 -8 -6 11 -7 -13 -4
right_child=3 4 13 -5 6 10 8 -9 -10 -11 -12 12 -14 -15
leaf_value=-0.022905566794541848 0.032162083314246352 -0.018169775062814291 -0.01204001757773583 0.046170450258928311 -0.0070472041630393854 0.025101788198766364 -0.0012377073984269288 -0.0026058052230262634 0.020503454808068984 0.051177488901641879 0.024521102587295906 -0.016588413447371855 0.024893802229791127 0.0037689932595885212
leaf_weight=662.77163199270512 182.18694827429135 105.00534195705086 224.43044695317712 121.74906733212993 13.164769994320521 26.415392452516244 486.51421003213409 56.105996479012447 116.35390458248412 57.481857775594108 75.676848799252184 105.10038760014868 18.418898585485294 295.39618493751573
leaf_count=59453 2027 4543 30202 272 448 315 20306 1568 22593 360 2221 1833 307 49986
internal_value=4.22095e-10 -0.00694405 -0.0143231 0.0260907 0.00355729 0.0191342 0.00688758 0.0228006 0.00322443 0.040799 0.00769531 -0.0017994 -0.00900153 -0.00315483
internal_weight=2546.77 2017.22 1182.6 529.548 834.626 407.798 729.621 126.753 602.868 70.6466 225.612 149.935 123.519 519.827
internal_count=196434 189459 139641 6975 49818 6703 45275 2376 42899 808 4676 2455 2140 80188
is_linear=0
shrinkage=0.05


Tree=24
num_leaves=15
num_cat=0
split_feature=15 24 0 2 30 39 44 1 19 35 18 21 1 1
split_gain=173.8 59.2541 45.7595 38.2867 37.2442 23.1794 34.6612 19.8055 19.6703 16.5928 15.2107 16.6426 14.0366 22.059
threshold=0.043695732951164253 0.80593541264534008 0.015038444194942715 0.014815627597272398 0.0016758046695031228 0.52867764234542858 0.12546464055776599 0.0089687905274331587 0.13411034643650058 0.016132541932165626 6.5964629650115976 0.78639650344848644 0.01183473411947489 0.010256679728627207
decision_type=2 2 2 2 2 2 2 2 2 2 2 2 2 2
left_child=1 3 12 4 -1 6 7 -6 -4 -3 11 -8 13 -2
right_child=2 9 8 -5 5 -7 10 -9 -10 -11 -12 -13 -14 -15
leaf_value=-0.022995592474055523 0.000486333306645316 -0.00058583682404935008 0.038357479887147106 0.029525084723193235 -0.018372961532704308 -0.027682530377058562 -0.00539538060661155 0.0074454281673104646 0.0096034934185634246 0.026696076960700105 -0.0070981800174427503 0.023148014006959181 -0.0017111652477595409 0.03272152187244419
leaf_weight=612.18689896281364 106.36476237860006 95.739809659775347 283.06842731236247 44.101207249346771 340.12463648040534 106.50108600681415 67.27099488104011 88.312510716885299 84.855423121902277 121.98256673774449 106.53074837615713 166.44950486571179 200.78721411276456 96.536428846826311
leaf_count=71283 4941 8640 1061 1238 21641 4985 55362 3325 1854 4476 2380 7341 6325 1582
internal_value=5.25465e-10 -0.0087166 0.0196187 -0.0121933 -0.0136192 -0.0068748 -0.00367343 -0.0130027 0.0321554 0.0152004 0.00810959 0.0150482 0.00769162 0.0166398
internal_weight=2520.81 1749.2 771.612 1531.48 1487.38 875.189 768.688 428.437 367.924 217.722 340.251 233.72 403.688 202.901
internal_count=196434 180671 15763 167555 166317 95034 90049 24966 2915 13116 65083 62703 12848 6523
is_linear=0
shrinkage=0.05


Tree=25
num_leaves=15
num_cat=0
split_feature=3 0 25 48 17 24 34 45 36 49 3 4 35 40
split_gain=161.03 60.4194 52.8406 24.1066 23.6341 23.0476 22.3732 17.088 16.775 17.0919 15.6066 14.1384 12.22 11.921
threshold=0.014599318150430919 0.0096620614640414732 0.0083208470605313795 0.8619733750820161 0.074175827205181136 0.029896274209022525 0.58780354261398327 0.0010404504137113693 0.49725274741649633 0.060082102194428451 0.016261236742138866 0.015504807699471714 4.4641370550380095e-05 0.014777889475226404
decision_type=2 2 2 2 2 2 2 2 2 2 2 2 2 2
left_child=1 2 4 8 7 -4 13 -1 9 -2 -5 12 -10 -7
right_child=3 -3 5 10 -6 6 -8 -9 11 -11 -12 -13 -14 -15
leaf_value=-0.030431707006227743 -0.033974123589445897 0.0068747526986385685 0.03650324639506209 -0.010871518020957651 0.02192784006491031 -0.015855696180989708 0.015966546796903576 -0.013692724850576635 -0.018694906822620313 0.022829456096198145 0.027078317305039158 0.047956968372604727 0.027340100882419532 -0.0016142350783631861
leaf_weight=369.9401262348614 12.462911096808964 622.75869865816526 26.697836281098716 62.157465009848238 22.717024956982641 257.65192810540782 106.66044427034649 302.34773782476577 8.7978929361561296 22.268250245804666 33.605761100334348 142.21229924638465 174.57880456485509 331.48705889023131
leaf_count=33174 100 29261 615 1678 428 34394 6321 20050 157 223 260 645 3220 65908
internal_value=-5.474e-10 -0.00603067 -0.0117089 0.0265284 -0.0214491 -0.00217447 -0.0041547 -0.0232147 0.0323183 -0.00059223 0.00374714 0.035742 0.0242789 -0.00800323
internal_weight=2496.34 2040.26 1417.5 456.083 695.005 722.497 695.799 672.288 360.32 34.7312 95.7632 325.589 183.377 589.139
internal_count=196434 190151 160890 6283 53652 107238 106623 53224 4345 323 1938 4022 3377 100302
is_linear=0
shrinkage=0.05


Tree=26
num_leaves=15
num_cat=0
split_feature=17 0 49 38 35 3 48 43 22 39 44 2 45 17
split_gain=144.875 55.7941 43.6583 18.8953 18.3081 17.5839 31.1022 19.4395 19.2614 19.1721 26.1452 22.7427 18.8613 15.1865
threshold=0.03637566231191159 0.016261236742138866 0.069898072630167021 1.0000000180025095e-35 0.0099348328076303023 0.014599318150430919 0.85643073916435253 3.4175922870635991 6.8007264137268075 0.023287525400519375 0.033011542633175857 0.013072453904896976 0.0003516508149914444 0.080128207802772536
decision_type=2 2 2 2 2 2 2 2 2 2 2 2 2 2
left_child=2 5 3 -1 -4 9 7 -7 -8 13 11 -11 -12 -2
right_child=1 -3 4 -5 -6 6 8 -9 -10 10 12 -13 -14 -15
leaf_value=-0.025582481094827855 -0.022784937086482267 0.040401157079381328 -0.01453949911934962 -0.0045769545631443084 0.0028175478147079037 -0.019488336582654402 0.0037974139541010706 0.029028739918418159 -0.049923658181727046 -0.0060898615700940772 -0.019497511797871611 0.045341187152723665 0.0066580653305532422 0.021787987817136457
leaf_weight=477.08999194791295 90.383758822628806 148.90769779350376 210.97191454591393 143.60563965501206 478.53194041724282 15.656046794261782 61.738474650963326 244.95986079885915 12.27044467628002 27.49931666952034 72.506378375758686 62.437188644980779 411.88382343472313 15.22061130950169
leaf_count=44935 3135 808 22536 10822 76882 153 1828 3967 41 740 3221 379 26827 160
internal_value=3.44323e-11 0.012783 -0.0113622 -0.0208722 -0.00262523 0.00837467 0.0175895 0.0255017 -0.00999181 0.00365044 0.00728408 0.0305796 0.00242776 -0.0150317
internal_weight=2473.66 1163.46 1310.2 620.696 689.504 1014.56 334.625 260.616 74.0089 679.931 574.327 89.9365 484.39 105.604
internal_count=196434 41259 155175 55757 99418 40451 5989 4120 1869 34462 31167 1119 30048 3295
is_linear=0
shrinkage=0.05


Tree=27
num_leaves=15
num_cat=0
split_feature=2 44 1 17 17 44 40 34 19 3 30 36 18 35
split_gain=140.153 43.4661 42.2121 31.7578 28.703 24.9835 23.5055 22.4005 32.9379 17.963 17.909 17.7758 17.0384 19.8601
threshold=0.013072453904896976 0.11979661881923677 0.0069204980973154315 0.087121214717626586 0.060661764815449722 0.039125535637140281 4.5569122448796413e-05 0.59134769439697277 0.15124938637018207 0.015038444194942715 0.00048820275696925824 0.67994505167007457 6.5991897583007821 0.010248983278870584
decision_type=2 2 2 2 2 2 2 2 2 2 2 2 2 2
left_child=1 2 11 5 -4 6 -2 8 -3 12 -8 -1 13 -10
right_child=3 7 4 -5 -6 -7 10 -9 9 -11 -12 -13 -14 -15
leaf_value=-0.027793360457328699 -0.026429764658682617 0.017587590951840117 -0.0090696064830975871 0.03618374706901669 0.021833651326087805 0.001500846435023461 0.04950720609024039 0.016919438218365987 -0.019399771377434434 0.025045450480608678 0.013468473794270817 -0.0055178418490992916 -0.023963074366281631 0.0032269101098782327
leaf_weight=430.269037817004 11.673856216773855 147.37886558171181 303.18041636087946 206.83714164902631 88.905615755109466 241.06278148317142 68.504164593352471 167.61145123156166 138.63994947266201 29.104999123053858 80.13658507243963 119.64677207679824 152.67090593515604 272.52270562532601
leaf_count=36206 337 12067 17941 1607 1156 9209 324 8498 16125 1415 799 10518 4295 75937
internal_value=4.71695e-12 -0.00685535 -0.0143202 0.0206247 -0.00169355 0.0119221 0.0265843 0.000961297 -0.00282905 -0.00811127 0.0321514 -0.0231319 -0.0102294 -0.00468205
internal_weight=2458.15 1849.93 942.002 608.215 392.086 401.377 160.315 907.929 740.317 592.939 148.641 549.916 563.834 411.163
internal_count=196434 184158 65821 12276 19097 10669 1460 118337 109839 97772 1123 46724 96357 92062
is_linear=0
shrinkage=0.05


Tree=28
num_leaves=15
num_cat=0
split_feature=0 15 20 29 3 29 48 35 45 20 29 36 29 25
split_gain=137.384 48.1083 39.9171 30.5315 23.3889 21.5154 18.0676 23.0722 15.9507 24.9911 17.4227 15.3296 12.9005 12.7103
threshold=0.014389234129339458 0.014830446336418392 0.010005691088736059 0.0067525494378060111 0.015038444194942715 0.011038258671760561 0.87475180625915538 0.027408143505454067 0.00017586216563358906 0.0014068137970753016 0.92172086238861095 0.89742839336395275 0.800470530986786 0.003505129250697792
decision_type=2 2 2 2 2 2 2 2 2 2 2 2 2 2
left_child=1 2 11 -3 -2 -5 12 -8 -7 -10 -11 -1 13 -4
right_child=4 3 6 5 -6 8 7 -9 9 10 -12 -13 -14 -15
leaf_value=-0.029206314248835769 0.0098133715859715382 -0.027584163644519294 0.020554332569211534 0.029771313049631688 0.03260623419507621 -0.021765033946568382 -0.0024864416057780764 0.038462631492995121 0.03934078817317424 -0.0012944116497103479 0.020774130345254962 0.0023915054888544625 0.01196523301812648 -0.01860027766384172
leaf_weight=361.41214126985244 201.57577310538909 75.964655102165239 14.431814276425028 62.147196999175321 283.79030740413873 58.977528393917396 122.08563873602043 37.312881628399737 35.406476435018703 767.58153590280813 91.099755151968566 41.193402341546971 42.332849324921881 242.98855638036559
leaf_count=42040 5487 5076 1027 1633 1488 4381 10823 2019 310 64933 4804 2468 6880 43065
internal_value=-2.41717e-10 -0.00593788 -0.0146957 0.00104927 0.0235294 0.00343996 -0.00444621 0.00880382 0.00143165 0.00318561 0.00125909 -0.0259937 -0.0115489 -0.0157186
internal_weight=2438.3 1952.93 861.757 1091.18 485.366 1015.21 459.152 159.399 953.065 894.088 858.681 402.606 299.753 257.42
internal_count=196434 189459 108322 81137 6975 76061 63814 12842 74428 70047 69737 44508 50972 44092
is_linear=0
shrinkage=0.05


Tree=29
num_leaves=15
num_cat=0
split_feature=0 15 49 29 1 29 48 35 24 24 29 41 3 30
split_gain=123.889 43.4665 37.9373 27.5705 24.0455 22.1622 19.6506 21.6036 15.3391 17.5784 16.6233 14.9324 15.0867 12.9812
threshold=0.014389234129339458 0.014830446336418392 0.032006844878196723 0.0067525494378060111 0.016261236742138866 0.011038258671760561 0.87475180625915538 0.02817381173372269 0.041002662852406509 0.054754192009568221 0.92763715982437145 0.73214286565780651 0.014599318150430919 0.00054402774549089383
decision_type=2 2 2 2 2 2 2 2 2 2 2 2 2 2
left_child=1 2 -1 -3 11 13 -4 -8 -7 -10 -11 12 -2 -5
right_child=4 3 6 5 -6 8 7 -9 9 10 -12 -13 -14 -15
leaf_value=-0.028019198816928645 0.0061135558690898718 -0.026534001207869959 -0.013202878610328787 0.042430586112008339 0.043199885368345819 -0.013614584586313073 -0.002464396539020473 0.035175260212609916 0.021329628273571575 -0.0024334523408250609 0.019029556753098146 -0.019288647901192675 0.027097847905006158 -0.002796713435107174
leaf_weight=302.31432622658326 156.27350948241656 74.411486869568876 339.02761577378419 43.810238691909944 102.3179422839894 139.60212591551135 163.2198975445649 39.299387412916076 111.76627269865639 603.57515826039059 95.780909959819837 20.409871947718784 201.53456935173017 20.830725093634101
leaf_count=31587 4950 5076 58420 865 359 7452 16349 1966 3244 58761 4971 250 1416 768
internal_value=-8.47305e-10 -0.0056668 -0.0141144 0.000943389 0.0224534 0.00319622 -0.00598486 0.00615114 0.00112448 0.00379613 0.000732859 0.0158728 0.0183483 0.0294339
internal_weight=2414.17 1933.64 843.861 1089.78 480.536 1015.37 541.547 202.519 950.724 811.122 699.356 378.218 357.808 64.641
internal_count=196434 189459 108322 81137 6975 76061 76735 18315 74428 66976 63732 6616 6366 1633
is_linear=0
shrinkage=0.05


Tree=30
num_leaves=15
num_cat=0
split_feature=3 17 35 48 44 23 36 49 23 27 24 35 24 44
split_gain=115.403 43.7685 33.0823 21.2334 16.6044 16.7885 15.8336 14.8371 14.3989 27.4046 18.5566 23.488 16.5092 27.2473
threshold=0.014599318150430919 0.028991596773266796 0.014775923453271391 0.8619733750820161 0.29179471731185919 5.2652740478515634 0.49725274741649633 0.073295060545206084 5.2496488094329843 5.478551149368287 0.042450388893485076 0.016132541932165626 0.043827962130308158 0.039125535637140281
decision_type=2 2 2 2 2 2 2 2 2 2 2 2 2 2
left_child=1 2 -1 6 5 -4 7 -2 9 12 -10 -12 -3 -14
right_child=3 8 4 -5 -6 -7 -8 -9 10 -11 11 -13 13 -15
leaf_value=-0.017859337554719312 -0.034247291079570225 -0.011084018706743666 -0.019979502793020864 0.0015071890293684399 0.012139408372786126 0.0068306386744125779 0.03242518574537627 0.019583350420485673 0.030323451057984802 -0.022098951945944446 -0.0086733224909835132 0.019265381620153624 0.036275330350388039 0.0012594073563202389
leaf_weight=725.67715634551871 11.764344460854771 111.18771581653391 124.00247270780108 90.060613800618739 160.0152684327486 96.52046082256129 302.44657073256531 21.240224512119312 81.42029337711574 119.7411066605564 155.21526096376147 128.86131529803606 67.416732787476576 199.46221103532935
leaf_count=80695 107 5056 10189 1938 45170 3587 4022 216 2022 1680 8200 4171 802 28579
internal_value=4.50313e-10 -0.00512668 -0.0116685 0.0233022 0.000292378 -0.00845773 0.0289406 -0.00310622 0.00329342 -0.00224154 0.010691 0.00422424 0.00445508 0.0110955
internal_weight=2395.03 1969.52 1106.22 425.512 380.538 220.523 335.451 33.0046 863.305 497.808 365.497 284.077 378.067 266.879
internal_count=196434 190151 139641 6283 58946 13776 4345 323 50510 36117 14393 12371 34437 29381
is_linear=0
shrinkage=0.05


Tree=31
num_leaves=15
num_cat=0
split_feature=0 15 49 39 1 48 35 30 2 34 24 41 3 46
split_gain=106.74 37.703 35.0025 24.6302 24.0375 18.4862 20.5067 16.013 22.7701 15.8835 15.0047 14.1566 13.6692 12.3375
threshold=0.014389234129339458 0.014830446336418392 0.032512238249182708 0.010328117758035662 0.016261236742138866 0.87475180625915538 0.027408143505454067 0.00063297760789282631 0.013072453904896976 0.067848727107048049 0.83193263411521923 0.73214286565780651 0.014815627597272398 0.60393342375755321
decision_type=2 2 2 2 2 2 2 2 2 2 2 2 2 2
left_child=1 2 -1 -3 11 -4 -7 8 10 -10 13 12 -2 -5
right_child=4 3 5 7 -6 6 -8 -9 9 -11 -12 -13 -14 -15
leaf_value=-0.026781521512102547 0.0059071896326479724 -0.026379653474608373 -0.0125472685240266 0.016978949221675591 0.042295984966325174 -0.002331343041032156 0.033833953289805548 -0.001364735537274865 0.043788149050221971 0.0010823636271865035 0.020130250656452468 -0.019493258216006559 0.025979051817568211 -0.013709117926710708
leaf_weight=294.63218924543844 162.31023775780341 67.154157300377847 328.25564987695498 34.735011975611997 97.887788730527973 159.99661451216571 41.442749431212178 697.08126715367553 64.122408161521889 31.560125262309157 72.373833557583566 20.39737343066372 186.74220480606891 117.60570976466352
leaf_count=31994 5092 3882 58091 838 359 16159 2078 60231 463 1314 3343 250 1274 11066
internal_value=-7.06944e-11 -0.00526312 -0.0132544 0.000875897 0.0211584 -0.00537339 0.00635734 0.00291401 0.0119827 0.0311373 0.0028477 0.0145909 0.0170701 -0.0060971
internal_weight=2376.3 1908.96 824.327 1084.63 467.338 529.695 201.439 1017.48 320.397 95.6825 224.715 369.45 349.052 152.341
internal_count=196434 189459 108322 81137 6975 76328 18237 77255 17024 1777 15247 6616 6366 11904
is_linear=0
shrinkage=0.05


Tree=32
num_leaves=15
num_cat=0
split_feature=0 24 15 48 4 35 26 15 20 35 17 29 1 49
split_gain=100.325 35.6203 29.593 30.2214 22.3382 21.0012 20.4346 15.6642 14.7361 14.432 15.7407 11.9804 15.9841 14.1285
threshold=0.014389234129339458 0.021070865914225582 0.014830446336418392 0.87066733837127697 0.016261236742138866 0.027783551253378395 0.68814834952354442 0.015060057397931816 0.010005691088736059 0.014775923453271391 0.057189542800188072 0.92763715982437145 0.0085107926279306429 0.044945200905203826
decision_type=2 2 2 2 2 2 2 2 2 2 2 2 2 2
left_child=1 -1 3 8 6 -5 -2 -4 -3 10 -8 12 -9 -14
right_child=4 2 7 5 -6 -7 9 11 -10 -11 -12 -13 13 -15
leaf_value=-0.020740578570561687 0.027068597569245796 -0.029002509419597606 0.03416139826452895 -0.0033564124506990549 0.041048346746721566 0.032021192870854809 0.02332012150757588 -0.0074791281047668747 -0.0098428853024725253 0.020121981219687324 -0.014859289227298067 0.017778497298836259 0.01681202801741373 -0.0010464597679171537
leaf_weight=295.90808912190687 159.61141520447563 166.76373954580799 30.19899035160779 178.77190966945273 97.655990015191492 44.219293061854842 25.547164228453767 367.10312045129376 271.78015840113835 70.797487504969467 106.86994049450732 99.063532982007018 180.70816024777014 261.55535405284763
leaf_count=26599 1911 18728 1005 19185 272 2171 317 41620 50329 2319 2156 4929 4461 20432
internal_value=1.09431e-09 -0.0051039 -0.00210146 -0.0101224 0.0206775 0.00473224 0.0142407 0.00359873 -0.0176128 0.00336828 -0.00637311 0.00222184 0.000124019 0.00646088
internal_weight=2356.55 1896.07 1600.16 661.535 460.482 222.991 362.826 938.629 438.544 203.215 132.417 908.43 809.367 442.264
internal_count=196434 189459 162860 90413 6975 21356 6703 72447 69057 4792 2473 71442 66513 24893
is_linear=0
shrinkage=0.05


Tree=33
num_leaves=15
num_cat=0
split_feature=2 49 17 28 0 44 47 45 35 39 41 34 29 30
split_gain=91.9431 35.7698 29.3252 36.0036 29.0121 25.2286 25.6311 23.4877 22.4807 17.2699 17.0162 15.6894 13.0222 13.7729
threshold=0.013072453904896976 0.10178257524967195 0.064583335071802153 2.5249279737472539 0.016261236742138866 0.055491248145699508 4.182021141052247 0.00098212179727852366 0.016877005808055404 0.21900109946727755 0.68333333730697643 0.60684475302696239 0.042609835043549545 0.0034891499672085051
decision_type=2 2 2 2 2 2 2 2 2 2 2 2 2 2
left_child=1 2 7 -4 5 6 -2 10 -7 12 -1 -3 -9 -14
right_child=4 11 3 -5 -6 8 -8 9 -10 -11 -12 -13 13 -15
leaf_value=-0.028152369254845207 -0.024216432916924949 -0.0010196563678378891 0.034048389344056434 -0.021483242999985268 0.03940402077034888 -0.0097256988723974144 0.028977444368152718 -0.013354699168977933 0.021305656404675063 -0.019972335637405608 0.0013066926757796572 0.017634890110492681 0.02065323758920724 -0.0054929460675157589
leaf_weight=339.68069441458067 17.894055972108617 706.05951786791161 61.854311285773292 40.414183747547213 110.04508984132553 170.80390006970083 193.0047146542347 101.83220450727094 76.187581664096797 156.64412032799828 56.006235410168301 123.92155167943565 93.118592218248409 91.961053749751272
leaf_count=32813 369 107374 336 1119 413 4813 1681 11283 5000 9434 2085 6408 6147 7159
internal_value=5.21303e-11 -0.00562178 -0.0122402 0.0121447 0.0173292 0.0112952 0.0235722 -0.0153197 0.000302884 -0.00717021 -0.0240533 0.00194237 0.000256577 0.00804628
internal_weight=2339.43 1771.49 941.511 102.268 567.935 457.89 210.899 839.243 246.991 443.556 395.687 829.981 286.912 185.08
internal_count=196434 184158 70376 1455 12276 11863 2050 68921 9813 34023 34898 113782 24589 13306
is_linear=0
shrinkage=0.05


Tree=34
num_leaves=15
num_cat=0
split_feature=0 45 31 1 2 30 34 35 4 1 25 30 29 41
split_gain=86.5051 32.8495 30.8405 21.7311 20.6864 27.0282 20.5799 20.3202 17.9287 15.5441 14.6846 13.295 14.6054 12.5151
threshold=0.014389234129339458 0.00017586216563358906 0.68908989429473888 0.016261236742138866 0.011561079882085325 0.00050445456872694205 0.59134769439697277 0.0057773371227085599 0.014815627597272398 0.0078432578593492525 0.024272462353110317 0.013815584592521192 0.7153112292289735 0.73214286565780651
decision_type=2 2 2 2 2 2 2 2 2 2 2 2 2 2
left_child=1 8 9 13 6 7 10 -6 -1 11 -4 12 -3 -2
right_child=3 2 4 -5 5 -7 -8 -9 -10 -11 -12 -13 -14 -15
leaf_value=-0.026046471005912133 0.01566566028906911 -0.027528383775967731 -0.0077370766220448339 0.040470810832893694 0.04976716587972943 0.0015985267923609649 0.016153142545777655 0.0018099848260501755 0.01926125309688563 -0.00054913805756693257 0.0087969140048735611 0.0043349446570822145 0.024985003386618417 -0.019065775383862463
leaf_weight=212.77245155087371 337.28698827431072 225.05851951888371 671.97383752612973 89.913954479678068 59.174196340885828 167.6422183918171 130.64748958765267 33.592882254873984 17.027549750506296 149.03445313074121 158.3644714986649 42.494726042168622 6.5148419542699676 19.701083137188107
leaf_count=24083 6366 46499 40002 359 202 3581 7119 1630 303 25144 9239 5469 26188 250
internal_value=-7.19542e-11 -0.00473269 -0.00219762 0.019518 0.00185316 0.014073 -0.00156902 0.0342669 -0.0220261 -0.013664 -0.00451651 -0.0205253 -0.0250779 0.0132816
internal_weight=2321.2 1874.3 1644.5 446.902 1221.4 260.409 960.986 92.7671 229.8 423.103 830.338 274.068 231.573 356.988
internal_count=196434 189459 165073 6975 61773 5413 56360 1832 24386 103300 49241 78156 72687 6616
is_linear=0
shrinkage=0.05


Tree=35
num_leaves=15
num_cat=0
split_feature=3 34 0 20 2 48 46 37 4 24 30 24 43 56
split_gain=82.121 32.4849 27.1878 22.5922 19.7881 18.7105 15.79 14.7318 14.0792 12.1483 14.9673 11.5327 11.2425 11.2326
threshold=0.014599318150430919 0.59134769439697277 0.0096620614640414732 0.0055861338041722783 0.014815627597272398 0.8619733750820161 0.69145289063453685 3.2769666910171513 0.015504807699471714 0.039553130045533187 0.0035520651144906883 0.061242319643497474 3.9019216299057011 1.0000000180025095e-35
decision_type=2 2 2 2 2 2 2 2 2 2 2 2 2 2
left_child=1 2 3 -1 -5 7 9 8 -2 -4 -11 -6 -3 -7
right_child=5 12 6 4 11 13 -8 -9 -10 10 -12 -13 -14 -15
leaf_value=-0.021012479691583166 0.018261170835743089 -0.019107262258013766 -0.0056223608931360962 -0.0077050918955923441 0.039443596955321868 -0.012525339377124318 -0.0035283924500410947 0.0026557155167714615 0.043784467817148065 0.032952101875408785 -0.0010665174965534792 -0.015153085082391469 0.018696807799534157 0.022079175967488304
leaf_weight=356.4544896216064 141.66396215657005 13.961599410977213 51.483757595448026 809.75930906714052 26.415211219980847 57.843153424804768 332.14231834235216 58.58982969308272 113.60872838101932 87.456289348631287 47.471731850631386 7.1554051131824954 171.58997064940922 25.84541871631518
leaf_count=39537 3318 772 1581 113309 92 1817 10791 402 625 10211 4096 847 8915 121
internal_value=-8.26864e-12 -0.00433961 -0.006505 -0.0106135 -0.00602338 0.0203791 0.00302183 0.0258253 0.0308426 0.0142782 0.0217356 0.0269996 0.0150207 -0.000622501
internal_weight=2301.44 1903.89 1718.34 1199.78 843.33 397.551 518.554 313.863 255.273 186.412 134.928 33.5706 185.552 83.6886
internal_count=196434 190151 180464 153785 114248 6283 26679 4345 3943 15888 14307 939 9687 1938
is_linear=0
shrinkage=0.05


Tree=36
num_leaves=15
num_cat=0
split_feature=3 17 35 0 44 39 28 32 1 24 39 42 29 45
split_gain=75.8757 30.165 24.5294 17.5165 13.8083 15.6159 11.5192 20.4893 11.8632 11.069 14.3119 16.0794 10.7849 10.7474
threshold=0.014599318150430919 0.028991596773266796 0.014775923453271391 0.015038444194942715 0.29179471731185919 0.18537125736474994 2.9700856208801274 4.0342013835906991 0.0070176301524043092 0.84236446022987377 0.28603132069110876 1.0000000180025095e-35 0.28905503451824194 9.8185769275005458e-06
decision_type=2 2 2 2 2 2 2 2 2 2 2 2 2 2
left_child=1 2 6 -2 5 -4 8 -8 -1 10 13 -12 -6 -3
right_child=3 9 4 -5 12 -7 7 -9 -10 -11 11 -13 -14 -15
leaf_value=-0.028432160121489931 0.0055863057756511776 -0.020301886663485175 0.0055790563508365566 0.027728367905729093 0.032113143917338292 -0.020435532572975482 0.0062033442411501645 -0.017341580270174916 -0.0053837642397242353 0.018433627417237267 -0.017196026747099115 0.015587865798309628 0.0033624825648450804 0.0068250489861482371
leaf_weight=217.95847524548316 147.01982691388912 29.631108558918527 109.44474704642053 244.37580111113493 36.201518603367717 104.56494507189905 135.60949834967323 254.33999437501649 81.134972709878639 91.294698280486045 160.95430835680418 39.433819511526963 120.68300263983325 514.60550141975625
leaf_count=13246 4892 1889 8349 1391 615 5427 16694 47160 3595 3395 13569 951 44555 30706
internal_value=1.42418e-10 -0.00416117 -0.00972442 0.0197575 0.000651857 -0.00747649 -0.0152391 -0.00920318 -0.0225563 0.00292455 0.000803982 -0.0103103 0.0115235 0.00500846
internal_weight=2287.25 1895.86 1059.94 391.396 370.894 214.01 689.043 389.949 299.093 835.919 744.625 200.388 156.885 544.237
internal_count=196434 190151 139641 6283 58946 13776 80695 63854 16841 50510 47115 14520 45170 32595
is_linear=0
shrinkage=0.05


Tree=37
num_leaves=15
num_cat=0
split_feature=3 34 1 46 46 0 2 49 43 4 28 22 40 43
split_gain=70.0432 29.9814 26.0334 25.3411 21.2848 18.6844 15.1351 19.4769 19.9526 17.4884 13.5451 11.3179 10.8851 9.90694
threshold=0.015038444194942715 0.59134769439697277 0.010811126790940763 0.59419527649879467 0.49852071702480322 0.015038444194942715 0.014815627597272398 0.069898072630167021 1.8688347935676577 0.0063492704648524531 2.0126758217811589 6.7984981536865243 0.005685134558007122 3.9019216299057011
decision_type=2 2 2 2 2 2 2 2 2 2 2 2 2 2
left_child=1 2 4 -4 -1 -2 7 8 10 -8 -6 12 -5 -3
right_child=5 13 3 11 6 -7 9 -9 -10 -11 -12 -13 -14 -15
leaf_value=-0.027688593575096784 0.003164924113208531 -0.017916138477643694 0.023675858517099246 -0.014971642799602562 0.03230462275110705 0.028755420649138465 0.033956106565135848 -0.002215207952294366 -0.018895100416816211 -0.016575401147259496 -0.0088635660788622065 -0.010512462503238396 0.017240303637351448 0.017989546014104303
leaf_weight=129.34626471637512 106.23891132322024 13.410177102370652 118.70758264499102 27.310817592162039 25.482020291266963 225.27335409735679 36.643983661415405 632.2227136000505 455.24790852783883 19.461795036229887 38.384127064724453 178.35352367046289 86.945396722154214 177.06207877325505
leaf_count=11211 3530 774 2657 3281 280 1193 836 97359 47196 1125 2528 1658 13781 9025
internal_value=-9.06142e-12 -0.00366076 -0.00573288 0.00517417 -0.00910238 0.0208873 -0.00690027 -0.00817694 -0.0152586 0.016572 0.00971186 -0.00286605 0.0089554 0.014694
internal_weight=2270.09 1938.58 1748.11 411.317 1336.79 331.512 1207.44 1151.34 519.114 56.1058 63.8661 292.61 114.256 190.472
internal_count=196434 191711 181912 21377 160535 4723 149324 147363 50004 1961 2808 18720 17062 9799
is_linear=0
shrinkage=0.05


Tree=38
num_leaves=15
num_cat=0
split_feature=2 49 0 24 4 43 35 45 24 44 29 32 35 27
split_gain=64.0354 28.6852 25.3106 23.4486 22.4999 19.1213 16.3625 15.8956 16.5256 18.5352 13.7178 19.2701 15.4337 13.1247
threshold=0.013072453904896976 0.10178257524967195 0.016261236742138866 0.061242319643497474 0.015504807699471714 3.3140207529067998 0.014248802326619627 0.00098212179727852366 0.10159173607826234 0.11979661881923677 0.92172086238861095 4.0163424015045175 0.02817381173372269 5.482717990875245
decision_type=2 2 2 2 2 2 2 2 2 2 2 2 2 2
left_child=1 4 3 5 7 -2 -5 -1 9 -9 11 12 13 -3
right_child=2 10 -4 6 -6 -7 -8 8 -10 -11 -12 -13 -14 -15
leaf_value=-0.019504520483338384 -0.028033715970978021 0.011494126515418347 0.036592589362565001 -0.013934751329081063 0.025632911314171936 0.02366889884943402 0.013006171786460553 -0.0062196688052383103 -0.018446890921241427 0.020770258284716521 0.015854391880560492 -0.0099410260496756164 0.028939304801271905 -0.0084294807468555909
leaf_weight=408.48903571869965 11.131150989909541 163.61756798709388 99.080009656376205 124.02740793885368 31.528433585655876 216.56708229324431 87.543103165126581 227.15771967982204 158.16450571047619 76.954926633253081 138.09105600765906 310.13006196454916 54.907236119732261 148.15524779091356
leaf_count=35393 229 4403 413 3325 368 2336 5973 19193 10827 4595 7947 89836 1339 10257
internal_value=-4.64603e-10 -0.00472602 0.0148861 0.00928449 -0.0108178 0.0200683 -0.00270332 -0.0124136 -0.00586748 0.00105387 0.00206844 -0.000934225 0.00674521 0.00205864
internal_weight=2255.54 1717.2 538.349 439.269 902.295 227.698 211.571 870.766 462.277 304.113 814.901 676.81 366.68 311.773
internal_count=196434 184158 12276 11863 70376 2565 9298 70008 34615 23788 113782 105835 15999 14660
is_linear=0
shrinkage=0.05


Tree=39
num_leaves=15
num_cat=0
split_feature=3 34 17 0 35 19 24 17 44 32 34 48 30 41
split_gain=62.2655 28.3697 23.0275 16.3731 16.1818 16.1545 14.5301 17.3016 13.8443 16.4686 15.44 13.3503 13.2619 12.1961
threshold=0.015038444194942715 0.59134769439697277 0.028991596773266796 0.015038444194942715 0.014775923453271391 0.28994359076023107 0.018843721598386768 0.080128207802772536 0.010886464267969133 4.0517470836639413 0.023139524273574356 0.88182163238525402 0.00050445456872694205 0.68333333730697643
decision_type=2 2 2 2 2 2 2 2 2 2 2 2 2 2
left_child=1 2 4 -2 13 6 7 -4 -8 10 -10 -6 -12 -1
right_child=3 -3 5 -5 11 -7 8 -9 9 -11 12 -13 -14 -15
leaf_value=-0.017792611877316965 0.0032654192811611138 0.01427222247438751 -0.020569392334836262 0.027571741557306198 -0.0084179203637771063 -0.011200193907424638 0.030358325190170385 0.024717731940218052 -0.017498047008387713 -0.011524009416354617 0.040614091448819008 0.012747044013536976 0.0098279109973917703 0.0022663669161751793
leaf_weight=555.83973316040669 103.96137391888624 193.37448300632968 85.309120743791539 217.08034301165026 208.67369188894997 195.04527337228592 54.839169423834392 18.015054175837577 34.255299894924974 101.10001442178128 33.198109175515128 103.08947946122498 255.79204371666128 85.058962642156985
leaf_count=72533 3530 9799 4292 1193 49472 15229 685 166 854 22200 198 7074 4453 4756
internal_value=8.38544e-10 -0.00343047 -0.00547963 0.0200371 -0.0106492 0.000908907 0.00508408 -0.011189 0.00874995 0.0053228 0.0107796 -0.00124073 0.0146046 -0.0151365
internal_weight=2244.63 1923.59 1730.22 321.042 952.662 777.554 582.509 103.324 479.185 424.345 323.245 311.763 288.99 640.899
internal_count=196434 191711 181912 4723 133835 48077 32848 4458 28390 27705 5505 56546 4651 77289
is_linear=0
shrinkage=0.05


Tree=40
num_leaves=15
num_cat=0
split_feature=0 45 31 1 47 2 44 25 29 21 30 30 48 4
split_gain=57.3458 24.5871 26.3616 22.0356 16.9094 20.318 25.1549 18.934 13.7512 12.3771 12.3551 18.8964 14.1204 12.2014
threshold=0.013986697886139156 0.00017586216563358906 0.68908989429473888 0.016261236742138866 4.2696731090545663 0.011428944766521456 0.063220541924238219 0.025137879885733131 0.7153112292289735 0.82837504148483287 0.0021994244307279591 0.0035951695172116165 0.68659737706184398 0.014815627597272398
decision_type=2 2 2 2 2 2 2 2 2 2 2 2 2 2
left_child=1 13 8 10 -4 7 -7 -6 -3 -9 12 -12 -2 -1
right_child=3 2 4 -5 5 6 -8 9 -10 -11 11 -13 -14 -15
leaf_value=-0.023110698915469307 -0.017620251667637872 -0.01454937697722386 -0.0070285066943983586 0.038177994727474615 -0.0030611418661039705 0.041502850564944752 0.0047462267040368211 0.024785411969909674 0.028978130230713679 -0.010816773769294212 0.033291642622018967 0.0030262371735366128 0.010483725368002584 0.015672404531281426
leaf_weight=195.53441724654226 61.04541503857763 388.43224522912942 354.08034359669546 79.580716564087197 495.38951630650445 70.268466804818672 117.97448501256986 105.32889014090392 9.9364524161455829 24.783050442580134 94.217912675288972 106.47575461441011 110.49965741145934 15.570170820137717
leaf_count=23986 1494 66325 13129 383 35886 564 3585 6884 36108 1166 1666 2488 2480 290
internal_value=-2.52688e-11 -0.00405838 -0.00184256 0.0157064 0.00196548 0.0059168 0.0198684 0.00147154 -0.0127807 0.0177161 0.0100291 0.0181404 6.30544e-05 -0.0196708
internal_weight=2229.12 1777.3 1566.19 451.819 1167.82 813.744 188.243 625.501 398.369 130.112 372.239 200.694 171.545 211.105
internal_count=196434 187923 163647 8511 61214 48085 4149 43936 102433 8050 8128 4154 3974 24276
is_linear=0
shrinkage=0.05


Tree=41
num_leaves=15
num_cat=0
split_feature=3 34 0 48 2 46 34 46 48 32 36 4 49 18
split_gain=55.9695 26.0255 19.6222 17.3933 17.3357 15.8889 14.9036 14.7856 13.6815 13.6175 12.0835 12.2429 11.3928 10.7587
threshold=0.014599318150430919 0.59134769439697277 0.0096620614640414732 0.8619733750820161 0.014815627597272398 0.85728833079338085 0.030747441574931148 0.69145289063453685 0.87475180625915538 4.0859410762786874 0.49725274741649633 0.015504807699471714 0.073295060545206084 6.6220710277557382
decision_type=2 2 2 2 2 2 2 2 2 2 2 2 2 2
left_child=1 2 4 10 6 -6 -1 -4 -8 13 12 -12 -2 -10
right_child=3 -3 7 -5 5 -7 8 -9 9 -11 11 -13 -14 -15
leaf_value=-0.020475545436073005 -0.032908474295823768 0.013496165306626963 0.013609332608989017 -0.0031995800028678011 -0.019685818957933442 0.03803178721902279 -0.011059018703281272 -0.0038273357988072697 0.014572633488888832 -0.012919272960114468 0.015904936237834844 0.039557228120852071 0.015834321104112082 -0.020708539124270831
leaf_weight=265.62330991122747 10.587819250620671 190.93585341946164 182.54670641786561 76.331975047913147 10.285331053531079 26.381750747605111 594.94438271625643 321.49726631028898 158.60239238329814 84.86727984523327 152.77431532664559 103.55054280537297 19.262915294239065 15.877656579716129
leaf_count=30195 107 9687 15888 1938 982 177 96461 10791 7712 17913 3377 645 216 345
internal_value=-1.44135e-10 -0.00354019 -0.00556806 0.0176917 -0.00913251 0.0210926 -0.0103 0.0026295 -0.00693587 0.00258208 0.0231839 0.0265866 -0.00537394 0.0104136
internal_weight=2214.07 1851.56 1660.63 362.508 1156.58 36.6671 1119.92 504.044 854.292 259.347 286.176 256.325 29.8507 174.48
internal_count=196434 190151 180464 6283 153785 1159 152626 26679 122431 25970 4345 4022 323 8057
is_linear=0
shrinkage=0.05


Tree=42
num_leaves=15
num_cat=0
split_feature=3 15 20 26 36 49 39 24 17 48 49 35 52 44
split_gain=52.2743 24.5101 19.9404 13.8692 14.9604 13.1748 15.8689 17.1875 19.3267 14.3383 15.4363 12.0966 11.8946 17.8606
threshold=0.015268065501004459 0.012121656909585001 0.010005691088736059 0.78721401095390331 0.3579192608594895 0.42475163936614996 0.28335146605968481 0.018843721598386768 0.080128207802772536 0.69157165288925182 0.11752826720476152 0.016132541932165626 1.0000000180025095e-35 0.039125535637140281
decision_type=2 2 2 2 2 2 2 2 2 2 2 2 2 2
left_child=1 2 -1 4 -2 6 7 8 -3 10 -8 -7 13 -9
right_child=3 5 -4 -5 -6 11 9 12 -10 -11 -12 -13 -14 -15
leaf_value=-0.020454280270884265 -0.014167351058882102 -0.018587590247273415 -0.0027888538573786065 0.001858128192445868 0.030572244546546924 -0.0011500857989125415 -0.014393360656596103 0.025832584252287284 0.025924551204179726 -0.021474386197544264 0.017569422093852725 0.022976823234287128 -0.0013740480718570519 0.0029715438423462072
leaf_weight=285.840228496701 14.928098570700966 139.84878242547597 355.31901118083761 79.280503586138366 183.16905303771637 90.420213426860755 69.45973090661937 133.59921859161182 20.078177582698117 146.48697173838445 62.028128463183748 109.2860306666521 294.04026536511083 218.43710438460585
leaf_count=39064 130 9987 54189 1454 2364 14574 2504 2903 177 6846 2891 26509 13460 19382
internal_value=2.77894e-10 -0.00295545 -0.0108576 0.0198983 0.026682 0.00104483 -0.00116423 0.0024081 -0.0118025 -0.0112463 0.000860851 0.012519 0.00605201 0.0121213
internal_weight=2202.22 1924.84 641.159 277.378 198.097 1283.68 1083.98 806.004 159.927 277.975 131.488 199.706 646.077 352.036
internal_count=196434 192486 93253 3948 2494 99233 58150 45909 10164 12241 5395 41083 35745 22285
is_linear=0
shrinkage=0.05


Tree=43
num_leaves=15
num_cat=0
split_feature=2 15 44 23 24 29 35 26 18 27 4 45 32 23
split_gain=49.8818 26.9739 32.0174 24.196 22.6359 17.6094 19.5407 16.6713 15.6711 15.1069 14.7934 13.7497 13.168 13.8974
threshold=0.014815627597272398 0.031264562159776695 0.12546464055776599 3.1984648704528813 0.047719685360789306 0.029025235213339332 0.013523001689463856 0.68323045969009411 6.6005504131317148 5.4722616672515878 0.0062696540262550124 0.00026501825777813798 2.8029010295867924 5.2176458835601816
decision_type=2 2 2 2 2 2 2 2 2 2 2 2 2 2
left_child=1 2 -1 4 -3 -2 9 -4 11 -7 -11 -9 13 -13
right_child=5 3 7 -5 -6 6 -8 8 -10 10 -12 12 -14 -15
leaf_value=-0.015010545758955121 0.032359418277926065 -0.0069562950159518522 -0.01880026107749783 -0.002269548440276581 0.02733640787610386 0.0096672616428310348 0.024709137029905046 -0.01322824411780734 -0.011241256743553675 0.01382590268675488 -0.03954820973812264 -0.0062756823330051836 0.007314222947611357 0.043805245575052477
leaf_weight=640.5315264872952 121.27353761848644 61.642370043322558 83.271045857378567 376.96372111879225 164.50695818988606 62.106090825109277 84.327503121152404 54.611578966507466 120.92196973795944 12.580466546682144 33.444064482852355 15.543175497557909 313.10904971830189 44.289758761180565
leaf_count=60517 645 989 29099 27003 1031 798 2771 6189 3677 308 937 334 61862 274
internal_value=-5.25275e-10 -0.00311331 -0.00722434 0.00553535 0.0180904 0.0181317 0.00801094 0.000781028 0.00403732 -0.00600074 -0.0250951 0.0085166 0.0119631 0.0317597
internal_weight=2189.12 1875.39 1272.28 603.113 226.149 313.732 192.458 631.747 548.476 108.131 46.0245 427.554 372.942 59.8329
internal_count=196434 190975 161952 29023 2020 5459 4814 101435 72336 2043 1245 68659 62470 608
is_linear=0
shrinkage=0.05


Tree=44
num_leaves=15
num_cat=0
split_feature=17 15 19 20 36 31 52 44 25 22 48 45 43 29
split_gain=46.4309 24.256 19.0128 17.6912 16.1799 14.7806 14.3992 20.2558 21.0414 20.301 13.3092 14.1851 13.0687 11.7902
threshold=0.087121214717626586 0.012121656909585001 0.0096242688596248644 0.010005691088736059 0.64639806747436535 0.70064935088157665 1.0000000180025095e-35 0.047847688198089607 0.012156934011727573 6.8007264137268075 0.4157156795263291 0.0015896080876700582 3.7256208658218388 0.46362726390361791
decision_type=2 2 2 2 2 2 2 2 2 2 2 2 2 2
left_child=1 3 -3 -1 -2 -6 7 9 10 -4 -9 -12 -11 -7
right_child=4 2 6 -5 5 13 -8 8 -10 12 11 -13 -14 -15
leaf_value=-0.019517455675721614 0.031952231843275197 -0.020949379309256097 0.00079546279612405929 -0.0027327734863516915 0.018292264646780656 -0.046460554912730045 -0.0040545703895801611 -0.028415302535090611 0.01135865387855629 0.010027517911920414 -0.014601186979347225 0.0085284638828698675 0.042182486218280704 0.011656966336238778
leaf_weight=278.23043674626302 132.8969282945036 78.544659907417554 96.11564237455741 353.24877834452462 36.719142644637031 12.347572980121187 456.08933849285677 50.436782250560043 283.04671142236515 59.975349023938179 112.37761948604737 135.01931349742063 82.751226795837283 8.9558935614040802
leaf_count=39064 2169 4751 6452 54189 366 259 21302 1479 54318 355 8115 3202 217 196
internal_value=3.7429e-10 -0.00230638 0.00147692 -0.0103171 0.0229105 0.000548149 0.00300977 0.00694182 0.001796 0.0188817 -0.00736565 -0.00213704 0.0302119 -0.0261093
internal_weight=2176.76 1985.84 1354.36 631.479 190.92 58.0226 1275.81 819.723 580.88 238.842 297.834 247.397 142.727 21.3035
internal_count=196434 193444 100191 93253 2990 821 95440 74138 67114 7024 12796 11317 572 455
is_linear=0
shrinkage=0.05


Tree=45
num_leaves=15
num_cat=0
split_feature=3 34 1 33 46 46 0 30 2 15 43 49 27 18
split_gain=42.5413 22.1675 17.9008 21.1225 18.014 17.4614 14.6771 13.6021 12.6284 11.7625 11.2089 12.8792 14.1218 13.5633
threshold=0.015038444194942715 0.59134769439697277 0.0082988981157541292 1.2424533367156985 0.59419527649879467 0.50147929787635814 0.015038444194942715 0.005530398106202484 0.014815627597272398 0.058167049661278732 3.3497501611709599 0.12034266814589502 5.4868674278259286 6.6273794174194345
decision_type=2 2 2 2 2 2 2 2 2 2 2 2 2 2
left_child=1 2 3 5 9 -1 -2 -6 -5 -4 -7 13 -13 -12
right_child=6 -3 4 8 7 10 -8 -9 -10 -11 11 12 -14 -15
leaf_value=-0.034916411867898338 0.0014425579075260176 0.012832631603834644 0.0047530722148562861 -0.002757362119240703 -0.0083803591769961699 0.012828002132681647 0.024890238332100342 0.010529351338349383 0.02612030025379963 0.032297413620872621 -0.022567110883149291 0.012729388587361107 -0.012342590762903729 0.017612859642433757
leaf_weight=81.130654079921783 100.53536053025528 192.55867233684694 100.46763804439161 412.78684760820624 322.51031962378056 38.688462165126225 196.40313826547936 123.68291064693767 31.58262670871045 57.753674131818116 263.25959802773122 76.858559824652104 150.60242525511785 15.530971382744609
leaf_count=9314 3530 9799 4644 32672 31237 1045 1193 4950 298 572 28441 53301 15205 233
internal_value=-3.43409e-11 -0.00282137 -0.0046866 -0.00854338 0.00217177 -0.0143867 0.0172571 -0.00302276 -0.000175244 0.0161295 -0.0107562 -0.0127721 -0.00369153 -0.0197964
internal_weight=2164.35 1867.41 1674.85 1070.44 604.415 626.071 296.938 446.193 444.369 158.221 544.94 506.252 227.461 278.791
internal_count=196434 191711 181912 140509 41403 107539 4723 36187 32970 5216 98225 97180 68506 28674
is_linear=0
shrinkage=0.05


Tree=46
num_leaves=15
num_cat=0
split_feature=1 17 44 36 35 27 36 50 34 15 17 45 20 25
split_gain=40.0195 25.401 16.5767 14.6493 11.5874 12.224 11.9092 10.6321 10.5939 13.4785 10.7905 10.251 18.3679 9.6703
threshold=0.016261236742138866 0.028991596773266796 0.16589462757110598 0.79830509424209606 0.017646600492298607 3.5114340782165532 0.90054944157600414 0.031133718788623813 0.0091208545491099375 0.047363605350255973 0.060661764815449722 0.0032574593788012867 0.029554047621786598 0.02315645664930344
decision_type=2 2 2 2 2 2 2 2 2 2 2 2 2 2
left_child=1 2 3 -1 5 8 -7 -4 9 -3 -10 13 -13 -6
right_child=-2 4 7 -5 11 6 -8 -9 10 -11 -12 12 -14 -15
leaf_value=-0.015907391449721531 0.031882463784752811 0.012265405575929093 -0.0023036271864442098 0.0034809469167546556 0.0036254016480218644 -0.00021021296972943728 -0.023427147574535935 0.021123686352204425 0.0017108421013058176 -0.040871645674695145 0.025771511160567442 -0.016758577730115697 0.028236726157033355 0.029980052982635015
leaf_weight=494.14420842418008 84.157873860167456 19.009344664358654 344.59700322352273 116.81285855254237 57.001453783494071 569.63167282589143 51.188496552707875 46.110757149367601 82.678566072529065 11.714704743586479 101.4573633656837 54.312012443155936 25.048622823269397 93.703942248504291
leaf_count=49658 806 374 69798 12418 1759 28062 1095 7767 1473 114 550 1686 5378 15496
internal_value=-2.90642e-10 -0.00144506 -0.00712665 -0.012204 0.00391152 0.00111621 -0.00246555 0.00091939 0.0111148 -0.0130563 0.0156127 0.0135956 -0.000986111 0.0208578
internal_weight=2151.57 2067.41 1001.66 610.957 1065.75 835.68 620.82 390.708 214.86 30.724 184.136 230.066 79.3606 150.705
internal_count=196434 195628 139641 62076 55987 31668 29157 77565 2511 488 2023 24319 7064 17255
is_linear=0
shrinkage=0.05


Tree=47
num_leaves=15
num_cat=0
split_feature=0 1 20 17 49 19 26 2 35 24 24 17 30 19
split_gain=36.8789 22.8785 21.479 17.1722 19.7225 13.6531 21.6466 24.0767 23.7031 14.6906 13.4063 13.2985 11.2978 11.0769
threshold=0.0093025267124176043 0.016261236742138866 0.0055861338041722783 0.057189542800188072 0.032006844878196723 0.0096242688596248644 0.70893844962120067 0.0064309346489608296 0.016967103816568855 0.0012280847295187416 0.079427305608987822 0.069047622382640853 0.0037573032313957815 0.062582436949014678
decision_type=2 2 2 2 2 2 2 2 2 2 2 2 2 2
left_child=2 5 -1 -4 -5 9 7 -7 11 -2 -11 -8 -9 -3
right_child=1 13 3 4 -6 6 8 12 -10 10 -12 -13 -14 -15
leaf_value=-0.016241453253513154 0.019897073597239984 0.043189269944225027 -0.0041810821767328766 0.036562345479522466 -0.0019483655405832748 -0.011948186691932244 3.8318026140143078e-05 0.032510706712509767 0.017286759218321224 -0.038756062847827094 0.020606277194838114 -0.021065608631835642 0.0059818738251623416 -0.00038405207986336463
leaf_weight=327.78158575514749 13.206651152213565 52.898436412215233 820.85949366220279 49.56440317009401 73.09139019887516 46.903956776096152 248.48481380265184 150.34021685094899 142.17327381719542 38.599282049741305 5.1589404605329028 96.679950906262093 60.523050888961734 18.760496806717128
leaf_count=39905 150 148 114190 334 6351 6247 10535 6095 6142 1302 7 2291 2383 354
internal_value=-4.03211e-10 0.00785765 -0.00541954 -0.00152905 0.0151966 0.00521943 0.00708238 0.0185039 0.000790628 -0.0165669 -0.0292262 -0.00629954 0.0255119 0.0331316
internal_weight=2145.03 873.729 1271.3 943.515 122.656 802.07 745.105 257.767 487.338 56.9649 43.7582 345.165 210.863 71.6589
internal_count=196434 35654 160780 120875 6685 35152 33693 14725 18968 1459 1309 12826 8478 502
is_linear=0
shrinkage=0.05


Tree=48
num_leaves=15
num_cat=0
split_feature=3 31 1 30 28 34 2 45 44 48 36 48 35 28
split_gain=38.7917 19.3304 22.0836 17.918 15.2756 13.6725 13.723 21.816 21.4981 12.8628 14.0786 12.6348 14.7268 12.9818
threshold=0.015268065501004459 0.68908989429473888 0.0069204980973154315 0.0001906090110423975 2.0126758217811589 0.59134769439697277 0.0077221228275448093 0.000275017780950293 0.063220541924238219 0.85643073916435253 0.29649980366230017 0.87227794528007518 0.02817381173372269 1.2424533367156985
decision_type=2 2 2 2 2 2 2 2 2 2 2 2 2 2
left_child=1 2 -1 4 -3 6 11 8 -8 10 -2 13 -13 -5
right_child=9 3 -4 5 -6 -7 7 -9 -10 -11 -12 12 -14 -15
leaf_value=-0.020311404189218344 -0.01836687773632743 0.015610424960139905 0.00060747925911784661 0.024255964995054197 -0.023254274874768333 0.014931805067984067 0.042598527087265609 0.001534340394362713 -0.012750107168500127 -0.0032766943895876652 0.026787749177262933 -0.001728039733336095 0.028797803139853407 -0.011754832179043592
leaf_weight=268.9470694456262 11.993030260113299 24.229245125548914 229.31208885563171 17.516301245661452 114.44584949091291 177.69273024452559 58.542312627444517 369.43348593945984 18.395719278047181 54.589175311117287 190.9200674312342 171.52303896090461 40.955433286799234 385.60800853368846
leaf_count=79355 87 413 35579 282 15428 8532 466 11035 1092 1266 2595 15442 1540 23322
internal_value=-7.93943e-10 -0.00252656 -0.0108614 0.00054296 -0.0158706 0.00249137 0.000289921 0.00688021 0.0294204 0.017819 0.0233816 -0.00452227 0.00518578 -0.00964085
internal_weight=2134.1 1876.6 498.259 1378.34 138.675 1239.67 1061.97 446.372 76.938 257.502 202.913 615.603 212.478 403.124
internal_count=196434 192486 114934 77552 15841 61711 53179 12593 1558 3948 2682 40586 16982 23604
is_linear=0
shrinkage=0.05


Tree=49
num_leaves=15
num_cat=0
split_feature=0 15 28 48 30 47 21 36 15 30 20 19 44 29
split_gain=35.9073 20.4797 16.1131 13.0492 14.5966 12.4932 10.5295 9.5336 10.4778 10.397 17.5496 16.4802 9.79799 14.0873
threshold=0.016261236742138866 0.012121656909585001 2.4414010047912602 0.87475180625915538 0.00050445456872694205 4.3173992633819589 0.70202907919883739 0.90990260243415844 0.058167049661278732 2.8419764021236919e-05 0.0014068137970753016 0.0086431279778480547 0.007426413008943201 0.011038258671760561
decision_type=2 2 2 2 2 2 2 2 2 2 2 2 2 2
left_child=1 2 -1 -4 -5 -2 -3 9 -9 -8 11 -11 -12 -14
right_child=5 6 3 4 -6 -7 7 8 -10 10 12 -13 13 -15
leaf_value=-0.022534435111768114 0.036286865346181411 0.02323321620221333 -0.010375572031403631 -0.015910788938356357 0.015211048064360242 -0.006714139247887484 -0.015281619368346515 -0.024770601191220022 0.0089038212175062241 -0.01776215834366179 -0.019992224027675788 0.033675624158153256 0.024685843044782205 0.001055798643335257
leaf_weight=153.45792859639869 77.609422472305596 45.346898912097231 292.53700061645577 43.215844182134788 124.38172371882956 17.453481149248546 70.867937657185394 59.360966477495822 28.333489526121411 12.76792074026889 40.638001778403122 67.653172260455904 57.271430295497339 1030.0737832840389
leaf_count=9398 192 30100 63263 8719 11873 616 5427 1790 192 507 2291 1049 1863 59154
internal_value=1.18557e-11 -0.00147096 -0.00902039 -0.00412991 0.0067421 0.0285043 0.00184931 0.000976359 -0.0140929 0.00211066 0.0032477 0.024448 0.00153464 0.00251403
internal_weight=2120.97 2025.91 613.592 460.135 167.598 95.0629 1412.31 1366.97 87.6945 1279.27 1208.4 80.4211 1127.98 1087.35
internal_count=196434 195626 93253 83855 20592 808 102373 72273 1982 70291 64864 1556 63308 61017
is_linear=0
shrinkage=0.05


Tree=50
num_leaves=15
num_cat=0
split_feature=3 34 0 1 33 46 46 30 28 18 2 43 44 20
split_gain=34.0542 18.9877 14.3951 13.3469 18.3681 16.0588 15.1861 11.6399 10.7082 11.6987 10.7318 10.572 12.0629 11.8342
threshold=0.015038444194942715 0.59134769439697277 0.015038444194942715 0.0082988981157541292 1.2424533367156985 0.59419527649879467 0.50816920399665844 0.012112399563193323 2.3502402305603032 6.5743780136108407 0.014815627597272398 3.8176519870758061 0.13091387599706653 0.011780248023569586
decision_type=2 2 2 2 2 2 2 2 2 2 2 2 2 2
left_child=1 3 -2 4 6 -5 -1 -7 -6 -10 -11 13 -13 -8
right_child=2 -3 -4 5 8 7 11 -9 9 10 -12 12 -14 -15
leaf_value=-0.031913146446433262 0.0003468331923156067 0.011956399235739518 0.02389093849318695 0.014974860210031297 -0.016242139314011188 -0.0065659962400224084 0.015020566661236382 0.015582794573757518 -0.0060789906652626612 0.0061978815960755966 0.037317157389167042 -0.021280309111018546 -0.0042752231340501034 -0.018377644576324997
leaf_weight=84.314848558352764 98.576971469210548 192.61813430016628 181.85678539032233 155.5786637176966 71.606890418406692 379.01757367934579 71.760008151817601 60.28375604795292 162.07047803417481 179.17208430130995 24.258054355275817 210.5953256181823 209.72842808539622 29.62396943429485
leaf_count=10201 3530 9799 1193 5216 4056 32368 4819 3819 20916 7934 64 22273 68092 2154
internal_value=-4.90161e-10 -0.00251072 0.0159117 -0.00427417 -0.00765749 0.00168702 -0.0132198 -0.00324742 0.000177573 0.00374131 0.0114833 -0.00965538 -0.0130918 0.00448796
internal_weight=2111.06 1830.63 280.434 1638.01 1043.13 594.88 606.023 439.301 437.108 365.501 203.43 521.708 420.324 101.384
internal_count=196434 191711 4723 181912 140509 41403 107539 36187 32970 28914 7998 97338 90365 6973
is_linear=0
shrinkage=0.05


Tree=51
num_leaves=15
num_cat=0
split_feature=3 31 1 30 28 26 36 34 2 45 44 48 35 28
split_gain=31.4405 17.9701 17.9654 15.454 14.5844 13.0998 16.8129 12.1349 11.2898 20.8045 19.8686 11.7838 13.5241 12.2754
threshold=0.015268065501004459 0.68908989429473888 0.0069204980973154315 0.0001906090110423975 2.0126758217811589 0.78721401095390331 0.36572623252868658 0.59134769439697277 0.0077221228275448093 0.000275017780950293 0.063220541924238219 0.87227794528007518 0.02817381173372269 1.2424533367156985
decision_type=2 2 2 2 2 2 2 2 2 2 2 2 2 2
left_child=1 2 -1 4 -3 6 -2 8 11 10 -10 13 -13 -5
right_child=5 3 -4 7 -6 -7 -8 -9 9 -11 -12 12 -14 -15
leaf_value=-0.01917287238219284 -0.023253931042366862 0.015818114778361262 -9.7143796889715377e-05 0.023897615633810362 -0.022205136034653322 -0.0015049498688122095 0.027457155529832529 0.01413628150677694 0.041206785068532002 0.0011599990928594015 -0.012390486263462354 -0.0013883094555248027 0.027702340076695253 -0.01112403217834099
leaf_weight=258.69291302513466 10.497561816824598 24.170035626972208 228.491668400452 17.485531888669357 110.69068792598239 72.472595081460895 165.78302742217056 179.51688497228315 57.916554115677172 366.27122692999274 18.006678718993498 170.50235523168794 41.840507926328428 378.43819351852994
leaf_count=79355 132 413 35579 282 15428 1454 2362 8532 466 11035 1092 15442 1540 23322
internal_value=7.68833e-11 -0.00226943 -0.0104082 0.000690297 -0.014769 0.0163311 0.0233511 0.00249077 0.000386087 0.00638681 0.0285325 -0.00400903 0.0053319 -0.00902672
internal_weight=2100.78 1852.02 487.185 1364.84 134.861 248.753 176.281 1229.98 1050.46 442.194 75.9232 608.267 212.343 395.924
internal_count=196434 192486 114934 77552 15841 3948 2494 61711 53179 12593 1558 40586 16982 23604
is_linear=0
shrinkage=0.05


Tree=52
num_leaves=15
num_cat=0
split_feature=0 0 31 40 2 26 2 49 18 30 43 0 30 40
split_gain=30.6488 16.5763 17.8203 15.4913 12.7788 11.7844 19.2367 13.7011 13.1044 10.4009 10.242 10.083 9.44579 9.01232
threshold=0.016261236742138866 0.0093025267124176043 0.69160839915275585 0.005685134558007122 0.014815627597272398 0.70893844962120067 0.0064309346489608296 0.22545167058706286 6.5546452999114999 0.013815584592521192 4.1510088443756112 0.015268065501004459 0.0035520651144906883 0.027365021407604221
decision_type=2 2 2 2 2 2 2 2 2 2 2 2 2 2
left_child=1 2 9 -4 13 6 -3 -7 11 -1 -2 -8 -10 -5
right_child=10 5 3 4 -6 7 8 -9 12 -11 -12 -13 -14 -15
leaf_value=-0.018014213369174897 0.033897779956956996 -0.013393283298308618 -0.012717576136220161 -0.0011807418526089092 0.027123336073969152 -0.0065149132314430555 -0.015439242461288563 0.010760081376965607 0.033088875663442936 0.0076376253766229744 -0.0063694047933217108 0.019282494169814202 0.0046193880628404484 0.019689093038529643
leaf_weight=285.6694426851393 74.867523645749316 50.456228542641838 214.53250883038027 623.94383360152415 38.47422005419503 308.75739032044658 37.767202740824132 169.37104240514327 115.31868911971105 39.934707488544518 15.916101767332291 27.187053367815679 42.676117048133165 46.333217263789265
leaf_count=89589 193 6494 21705 40284 429 9693 6945 9938 455 6095 615 906 415 2678
internal_value=-7.4879e-10 -0.00134885 -0.00486538 -0.00126446 0.002331 0.00448203 0.012561 -0.000300392 0.0187576 -0.0147342 0.0269067 -0.00027257 0.0261317 0.000530116
internal_weight=2091.21 2000.42 1248.89 923.284 708.751 751.534 273.405 478.128 222.949 325.604 90.7836 64.9543 157.995 670.277
internal_count=196434 195626 160780 65096 43391 34846 15215 19631 8721 95684 808 7851 870 42962
is_linear=0
shrinkage=0.05


Tree=53
num_leaves=15
num_cat=0
split_feature=1 0 46 2 45 28 35 26 21 15 17 27 21 24
split_gain=28.7149 16.5095 16.2531 15.4548 18.1523 11.2552 11.0914 17.9883 16.6517 12.4366 11.8452 9.89299 9.49349 9.36798
threshold=0.016261236742138866 0.0093025267124176043 0.82715171575546276 0.014815627597272398 0.00028400809969753032 3.2769666910171513 0.017142551951110366 0.70893844962120067 0.79201829433441173 0.032515931874513633 0.069047622382640853 5.4722616672515878 0.8122563660144807 0.068939335644245162
decision_type=2 2 2 2 2 2 2 2 2 2 2 2 2 2
left_child=1 2 -1 4 -4 -6 7 8 -3 -10 -9 -12 -11 -2
right_child=13 6 3 -5 5 -7 -8 10 9 12 11 -13 -14 -15
leaf_value=-0.0096254017954745356 0.038580884734363802 -0.002593419869086322 -0.016945420704075197 0.031454474229721759 0.017899001421659729 -0.00073637472885189803 0.015196263578344846 -0.00014425017264858129 -0.01323892005137656 0.035865026076775768 0.0021915016134259079 -0.030097500441470512 0.0019818539166114343 0.00074083703812815194
leaf_weight=713.08023827829629 52.001855760114267 113.62325419779427 116.25294841704272 30.93165878392756 106.2794836780522 264.808402483186 175.02801134382435 256.90680809169135 14.924148817051899 86.32763926172629 33.00391461403342 64.098038858275686 27.871719799702987 22.756942047490156
leaf_count=119441 216 5088 15548 379 4478 20630 15200 11323 451 484 857 1540 209 590
internal_value=-2.37425e-10 -0.00120029 -0.00477941 0.00194407 -0.000523755 0.00493042 0.00449816 0.00116167 0.0113919 0.0230003 -0.00597355 -0.0199429 0.0284208 0.0285086
internal_weight=2077.9 2003.14 1231.35 518.272 487.341 371.088 771.784 596.756 242.747 129.124 354.009 97.102 114.199 74.7588
internal_count=196434 195628 160476 41035 40656 25108 35152 19952 6232 1144 13720 2397 693 806
is_linear=0
shrinkage=0.05


Tree=54
num_leaves=15
num_cat=0
split_feature=3 29 1 36 2 32 34 40 35 32 26 46 55 23
split_gain=26.6514 16.3583 13.0714 20.8434 13.2031 12.4957 19.0198 14.8728 11.0639 11.8396 11.0511 10.8335 15.5377 10.6625
threshold=0.015268065501004459 0.92172086238861095 0.0082988981157541292 0.61930641531944286 0.014815627597272398 2.1383330821990971 0.01495186844840646 0.0014882584800943734 0.032086277380585677 3.4175922870635991 0.78721401095390331 0.50816920399665844 1.0000000180025095e-35 5.2704288959503183
decision_type=2 2 2 2 2 2 2 2 2 2 2 2 2 2
left_child=1 2 3 11 8 -4 -7 -8 -5 -10 -2 -1 -13 -11
right_child=10 -3 5 4 -6 6 7 -9 9 13 -12 12 -14 -15
leaf_value=-0.028262202683351889 0.021780709701761505 0.013158313594900896 0.017599999107548163 -0.0054239541526370843 0.027147549620787893 -0.026098237374494078 0.025884498843177658 -0.00080977917381241764 0.031618335744046454 -0.027024350383940743 -0.0014819923957689407 -0.012750283963910571 0.017774227395970683 0.014054394288575351
leaf_weight=95.136874425251676 171.45323830292546 151.04247174623379 99.235690897752647 394.34000646675986 32.533015900771716 56.09035739817773 49.637586170293616 412.97189694353096 36.415033308483544 17.195763576367426 69.34975416866655 417.74294669314429 37.462113907793537 28.063918681982614
leaf_count=10793 2494 8698 1539 37722 400 3485 1622 34974 719 2281 1454 89093 594 566
internal_value=5.52444e-10 -0.00208643 -0.00352949 -0.00687864 0.000441867 0.00222775 -0.00099048 0.00254158 -0.00190434 0.013827 0.0152892 -0.0135304 -0.00991013 -0.00361896
internal_weight=2068.67 1827.87 1676.83 1058.89 508.548 617.936 518.7 462.609 476.015 81.6747 240.803 550.342 455.205 45.2597
internal_count=196434 192486 183788 142168 41688 41620 40081 36596 41288 3566 3948 100480 89687 2847
is_linear=0
shrinkage=0.05


Tree=55
num_leaves=15
num_cat=0
split_feature=1 31 30 31 18 18 29 39 31 20 22 19 24 46
split_gain=25.5302 15.1429 13.268 18.2256 13.7303 19.7594 14.2157 13.2507 10.8885 13.3006 10.4833 11.8634 11.3235 10.0424
threshold=0.016261236742138866 0.68908989429473888 0.0001906090110423975 0.70638945698738109 6.5964629650115976 6.5715825557708749 0.92172086238861095 0.53210183978080761 0.56195175647735607 0.0044838762842118749 6.7996129989624032 0.02732491493225098 0.19657377898693087 0.63364121317863475
decision_type=2 2 2 2 2 2 2 2 2 2 2 2 2 2
left_child=1 7 3 -3 5 6 -4 8 -1 -10 -7 -12 -13 -5
right_child=-2 2 4 13 -6 10 -8 -9 9 -11 11 12 -14 -15
leaf_value=0.0033389692555714358 0.027317951869501478 0.023793987105162558 -0.005040317252673409 0.007251168804112181 -0.0051296856464024413 0.0032357706723494303 0.015205894068379484 -0.031079023061824515 -0.024548468322198928 -0.002619923759207081 -0.01119432953027312 0.027179165212729613 0.0020231949306561601 -0.02610148485560139
leaf_weight=201.46490782690694 72.147286727369647 20.544802118660868 394.67178599160638 23.678384247294161 357.67416242599575 165.42385209148779 100.36071447683207 47.460844338493189 108.63188426253305 172.38201495541171 23.631216290872544 212.78405687492341 58.091475856024772 100.40294786970401
leaf_count=29103 806 318 32977 875 9227 11839 6220 3819 10659 73060 540 1510 697 14784
internal_value=3.15857e-10 -0.00112362 0.00151692 -0.0123568 0.00312739 0.00624113 -0.000715876 -0.00827835 -0.00544995 -0.0116491 0.013585 0.0191009 0.0220484 -0.0196707
internal_weight=2059.35 1987.2 1457.26 144.626 1312.64 954.963 495.033 529.94 482.479 281.014 459.931 294.507 270.876 124.081
internal_count=196434 195628 78987 15977 63010 53783 39197 116641 112822 83719 14586 2747 2207 15659
is_linear=0
shrinkage=0.05


Tree=56
num_leaves=15
num_cat=0
split_feature=0 0 46 2 45 30 28 46 35 29 19 40 29 18
split_gain=24.8235 13.5517 14.2674 13.8353 15.8096 10.6593 10.4663 9.40634 10.1302 9.97571 12.7474 15.333 8.87989 8.84262
threshold=0.016261236742138866 0.0093025267124176043 0.82715171575546276 0.014815627597272398 0.00028400809969753032 0.0037573032313957815 3.2769666910171513 0.7358641028404237 0.016877005808055404 0.021137695759534839 0.0096242688596248644 0.0028815367259085183 0.84675151109695446 5.9175479412078866
decision_type=2 2 2 2 2 2 2 2 2 2 2 2 2 2
left_child=1 2 13 4 -4 -2 -6 -3 9 10 -9 -12 -8 -1
right_child=5 7 3 -5 6 -7 12 8 -10 -11 11 -13 -14 -15
leaf_value=0.018541705778834357 0.031622997126584527 0.010729090904534761 -0.016065781126602268 0.02971756808052245 0.016867324235114809 -0.011232195518798184 -0.0072962401723658038 -0.024408258332733385 0.011222964265906361 -0.0093872427466761259 0.035874097191531895 -0.020260794656497737 0.011295190414485687 -0.0099979447175370367
leaf_weight=19.293510038368026 73.039619218528969 302.76184842171006 112.87086083563008 31.157789545613923 108.91679648307036 12.285900231625417 177.3278280289378 9.8465377395114029 119.81654521110613 261.64876006863051 37.139373906204128 9.1350000080419687 87.797172569065879 689.4499250555881
leaf_count=18447 600 20557 15561 388 4482 208 14723 579 2861 9623 663 563 5960 101219
internal_value=-6.07604e-10 -0.00120154 -0.00441227 0.00187996 -0.000463581 0.0249214 0.00454028 0.00410678 -0.000612471 -0.00528133 0.012386 0.0231614 -0.000952844 -0.00897387
internal_weight=2052.49 1967.16 1226.81 518.07 486.913 85.3255 374.042 740.348 437.586 317.77 56.1209 46.2744 265.125 708.743
internal_count=196434 195626 160780 41114 40726 808 25165 34846 14289 11428 1805 1226 20683 119666
is_linear=0
shrinkage=0.05


Tree=57
num_leaves=15
num_cat=0
split_feature=0 29 1 2 4 44 20 43 17 43 17 33 28 22
split_gain=22.9853 13.2925 11.3692 15.3945 28.5548 15.8242 14.2903 13.113 12.1791 11.3836 13.6919 11.2078 11.2538 9.98413
threshold=0.016261236742138866 0.96575471758842479 0.0082988981157541292 0.014815627597272398 0.0062696540262550124 0.12279531359672548 0.027985433116555217 3.3140207529067998 0.021054964512586597 3.3497501611709599 0.046536797657608993 1.8688347935676577 2.4414010047912602 6.7996129989624032
decision_type=2 2 2 2 2 2 2 2 2 2 2 2 2 2
left_child=1 2 3 5 13 9 7 8 -4 -1 11 -11 -13 -5
right_child=-2 -3 6 4 -6 -7 -8 -9 -10 10 -12 12 -14 -15
leaf_value=0.0079292440797738995 0.024236935224751645 0.025230522196310137 0.016747480303892632 -0.0076172922591543069 -0.030365495419480682 -0.00052519791348648657 0.028679964640575657 0.0031024814847912044 -0.033024137725214682 -0.017008989261517164 -0.03900626640753603 -0.019724486082265517 0.0090963608624097924 0.039815841112033679
leaf_weight=54.928665218478272 83.394652796618175 36.66868345302646 9.6296780007833132 10.182186263602487 16.697518126087743 567.33201097741835 40.603660757279158 661.93347951161309 37.881597970612347 293.80396030195993 44.6385656840921 39.12948272410722 99.059968563194616 47.863858105614781
leaf_count=2555 808 1069 289 974 1219 92666 7238 36798 1025 33540 1939 3300 12942 72
internal_value=4.85116e-11 -0.00114883 -0.00177954 -0.00483641 0.0158063 -0.00637034 0.00300438 0.00115667 -0.0217784 -0.0124839 -0.014951 -0.0116391 0.000155173 0.0315987
internal_weight=2043.75 1960.35 1923.68 1173.64 74.7436 1098.89 750.048 709.445 47.5113 531.561 476.632 431.993 138.189 58.046
internal_count=196434 195626 194557 149207 2265 146942 45350 38112 1314 54276 51721 49782 16242 1046
is_linear=0
shrinkage=0.05


Tree=58
num_leaves=15
num_cat=0
split_feature=1 29 3 48 18 18 24 49 4 19 4 47 0 31
split_gain=21.9727 14.0889 11.5226 14.3207 11.5094 17.9877 16.5939 10.8783 10.7768 10.4574 12.7088 11.9359 13.0959 12.612
threshold=0.016261236742138866 0.96575471758842479 0.014599318150430919 0.83687886595726024 6.5715825557708749 6.5964629650115976 0.026965820230543617 0.48761223256587988 0.015504807699471714 0.32739715278148657 0.013072453904896976 4.2972624301910409 0.011299795936793091 0.86436969041824352
decision_type=2 2 2 2 2 2 2 2 2 2 2 2 2 2
left_child=1 2 4 -4 7 6 -6 8 -1 10 11 12 -8 -13
right_child=-2 -3 3 -5 5 -7 9 -9 -10 -11 -12 13 -14 -15
leaf_value=-0.011556096001556911 0.025867710424550102 0.025540568425809058 0.014261183675664936 -0.012942116882591871 -0.016842069356489405 -0.0074874718135794979 -0.0085234564907730199 0.0059320498032462117 0.018435375585270346 -7.7113371951258671e-05 -0.014686374769193537 0.030931886411063394 0.026988594024029505 -0.005937858603088683
leaf_weight=621.20025618993191 68.94245275206049 38.692728291731328 196.881053793506 54.603616483560472 57.908501611826068 387.97118086874252 67.376600670162588 116.96636573471324 22.710855938894383 174.35136995013454 24.882713711180259 151.22401233771234 29.302176269935444 23.696039106791432
leaf_count=102919 806 1074 3803 2040 4647 11982 3017 50614 816 8736 432 3143 277 2128
internal_value=-3.72887e-10 -0.00103251 -0.00169447 0.0080856 -0.00319981 0.000580591 0.00652973 -0.00770291 -0.0102325 0.00969476 0.0152563 0.0184236 0.00376077 0.0258862
internal_weight=2036.71 1967.77 1929.07 251.485 1677.59 916.713 528.741 760.877 643.911 470.833 296.482 271.599 96.6788 174.92
internal_count=196434 195628 194554 5843 188711 34362 22380 154349 103735 17733 8997 8565 3294 5271
is_linear=0
shrinkage=0.05


Tree=59
num_leaves=15
num_cat=0
split_feature=0 29 37 33 1 36 29 24 34 20 43 17 35 31
split_gain=19.9133 12.6092 10.1892 11.317 10.0526 13.882 15.219 13.2564 14.6267 12.6013 11.5584 11.4019 11.3068 10.4432
threshold=0.016261236742138866 0.96575471758842479 1.0000000180025095e-35 1.2424533367156985 0.0082988981157541292 0.61930641531944286 0.58760038018226635 0.05990771763026715 0.01889438554644585 0.027985433116555217 3.3140207529067998 0.021054964512586597 0.085492223501205458 0.6966991424560548
decision_type=2 2 2 2 2 2 2 2 2 2 2 2 2 2
left_child=1 4 -2 -4 5 6 13 8 -7 10 11 -6 -9 -1
right_child=2 -3 3 -5 9 7 -8 12 -10 -11 -12 -13 -14 -15
leaf_value=-0.023601969261332061 0.036688126694404168 0.024151763825568169 -0.027769362132408631 0.018709295635144379 0.01634651692141954 -0.0081254238384241544 0.0067702147266603665 -0.0079597387267595944 0.018766550088702261 0.026999273558413063 0.0029017809110830494 -0.03173234331129992 0.020193351954160728 -0.0079745552367964344
leaf_weight=162.13936920648462 44.150576213491149 38.406024210053147 10.774057389498919 25.540015952923568 9.7230837549141125 67.033858410447465 107.10587235168691 315.56856603852975 150.17686150725967 40.304720475446402 658.24478409037624 37.00648806776735 30.43606276430728 329.45801989072606
leaf_count=33451 450 1069 165 193 289 9430 49094 24072 9132 7238 36798 1025 1466 22562
internal_value=-3.33846e-10 -0.00106092 0.0229341 0.00190107 -0.00169196 -0.00458384 -0.00981927 0.00105568 0.010475 0.00281759 0.00107679 -0.0206105 -0.00498561 -0.0134966
internal_weight=2026.07 1945.6 80.4646 36.3141 1907.2 1161.92 598.703 563.215 217.211 745.279 704.974 46.7296 346.005 491.597
internal_count=196434 195626 808 358 194557 149207 105107 44100 18562 45350 38112 1314 25538 56013
is_linear=0
shrinkage=0.05


Tree=60
num_leaves=15
num_cat=0
split_feature=2 29 35 29 1 44 29 32 36 19 4 47 1 22
split_gain=19.6113 15.2476 17.3867 13.3925 14.4062 15.9833 16.1007 14.5723 14.1998 11.4512 11.2126 9.79992 14.1572 12.2298
threshold=0.014815627597272398 0.024823897518217567 0.017646600492298607 0.92172086238861095 0.0069204980973154315 0.12546464055776599 0.26234672963619238 4.0689902305603036 0.86858975887298595 0.53869512677192699 0.0067797389347106227 4.2972624301910409 0.0063092110212892303 6.7962646484375009
decision_type=2 2 2 2 2 2 2 2 2 2 2 2 2 2
left_child=3 -2 11 4 5 8 10 9 -1 -6 -7 -3 -13 -14
right_child=1 2 -4 -5 7 6 -8 -9 -10 -11 -12 12 13 -15
leaf_value=-0.017662712957870353 0.026964233193561893 0.0058396892660804939 0.024065194603472579 0.012233941541732711 0.008157156913446529 0.015675082811398205 -0.0099309299828325964 -0.010581825869586605 0.0062904034034902429 -0.014006043551139795 -0.0095808145454017602 0.016014108251429373 0.00143163059134956 -0.049066309738719019
leaf_weight=384.41454140941369 98.620213838177733 60.264601205126382 53.564655427253456 142.41579052245288 508.38022018835909 155.35753150599936 213.68427672774561 169.79336381076052 68.1351299111343 56.49975518512656 52.217076947642909 13.204230374039069 16.821812998339738 27.452748170122504
leaf_count=40763 587 693 2052 8598 14424 8689 64283 40620 7697 2621 3280 576 1348 203
internal_value=2.36593e-10 0.0122932 0.00282583 -0.00195423 -0.00327829 -0.0075813 -0.000522865 0.00187272 -0.0139983 0.0057353 0.00917342 -0.00796402 -0.0211574 -0.0331512
internal_weight=2020.83 269.928 171.308 1750.9 1608.48 873.809 421.259 734.673 452.55 564.88 207.575 117.743 57.4788 44.2746
internal_count=196434 5459 4872 190975 182377 124712 76252 57665 48460 17045 11969 2820 2127 1551
is_linear=0
shrinkage=0.05


Tree=61
num_leaves=15
num_cat=0
split_feature=1 29 31 31 35 45 39 2 22 46 4 39 4 0
split_gain=18.459 11.8547 9.69003 13.716 17.0194 15.4757 11.489 10.5546 15.0873 9.79745 9.65707 11.6802 9.39841 15.6579
threshold=0.016261236742138866 0.96575471758842479 0.68908989429473888 0.71010184288024913 0.017426350153982643 0.00016272089123958724 0.53210183978080761 0.014815627597272398 6.8007264137268075 0.63364121317863475 0.015749008394777778 0.013298712670803072 0.012579114176332952 0.0079682543873786944
decision_type=2 2 2 2 2 2 2 2 2 2 2 2 2 2
left_child=1 2 6 4 12 9 10 -7 -9 -5 11 -1 13 -4
right_child=-2 -3 3 5 -6 7 -8 8 -10 -11 -12 -13 -14 -15
leaf_value=-0.022994856686414936 0.024099015223878723 0.023060087169288691 0.0040420385567556073 0.014566945786799103 -0.022525999600381388 -0.0013466909509953445 -0.029100002171849979 -0.0039514826321631023 0.029062581657021216 -0.024100430946826491 0.020081977114205625 -0.0026191638430923701 -0.0093431377134609844 0.03667416403442704
leaf_weight=78.081379029045024 66.472536668457906 40.169203586759977 68.071996783813802 12.548286870485866 21.117136246803057 971.86408941329864 44.801837921069819 61.994487202144228 62.732248682528734 94.118042618384038 26.92172436103283 366.1488397670206 21.23779157246463 77.666563230809516
leaf_count=9598 806 1074 2216 598 391 58909 3819 1558 85 13324 968 102256 222 610
internal_value=6.5355e-10 -0.000941474 -0.0015646 0.000616597 0.0128114 -0.00137959 -0.00734644 0.000458195 0.0135779 -0.0186929 -0.00471608 -0.00662795 0.0183008 0.0226705
internal_weight=2013.95 1947.47 1907.3 1391.35 188.093 1203.26 515.954 1096.59 124.727 106.666 471.152 444.23 166.976 145.739
internal_count=196434 195628 194554 77913 3439 74474 116641 60552 1643 13922 112822 111854 3048 2826
is_linear=0
shrinkage=0.05


Tree=62
num_leaves=15
num_cat=0
split_feature=0 26 4 30 21 26 2 18 15 4 49 44 31 3
split_gain=17.4739 13.0891 12.3587 11.2499 11.2164 11.2039 12.9767 13.9024 13.5354 13.5169 12.0092 12.8311 9.91056 9.78157
threshold=0.0093025267124176043 0.72746616601943981 0.016261236742138866 0.0001906090110423975 0.66033414006233226 0.68814834952354442 0.0064309346489608296 6.5546452999114999 0.059393588453531272 0.0063092110212892303 0.039877766743302352 0.11979661881923677 0.45857843756675726 0.0075472774915397176
decision_type=2 2 2 2 2 2 2 2 2 2 2 2 2 2
left_child=1 4 5 -3 -1 6 -2 9 -9 -8 11 -7 -11 -13
right_child=2 3 -4 -5 -6 10 7 8 -10 12 -12 13 -14 -15
leaf_value=0.018179256343179798 -0.009675865842841358 -0.017729219128199785 0.025747679322290957 0.001588359413964825 -0.013765948828405834 -0.022175096038859126 0.019625474542826416 0.034967128819179988 0.0037577944975214477 0.013801502321393095 0.0038958688710037329 0.030271952292870496 -0.03428085949133617 -0.014411668082942045
leaf_weight=21.247841125489572 50.202729880540119 73.505919174698874 60.37494505046925 763.53327761845162 348.08604226705677 94.615364638753817 27.407471162842967 97.926394315669313 55.126395571045578 9.0060495494835759 351.60029415341205 17.288215540152127 24.988471385941011 14.069676311046349
leaf_count=21204 4740 15690 458 61251 62635 4762 2088 553 294 207 19427 306 2465 354
internal_value=-1.43072e-10 -0.00379257 0.00567702 -0.000297325 -0.0114973 0.00372384 0.0117714 0.0169995 0.0246461 -0.00284283 -0.000885866 -0.013537 -0.0213009 0.0115863
internal_weight=2008.98 1206.37 802.606 837.039 369.334 742.231 264.658 214.455 153.053 61.402 477.574 125.973 33.9945 31.3579
internal_count=196434 160780 35654 76941 83839 35196 10347 5607 847 4760 24849 5422 2672 660
is_linear=0
shrinkage=0.05


Tree=63
num_leaves=15
num_cat=0
split_feature=0 29 43 0 47 26 21 30 30 32 34 4 29 49
split_gain=17.0105 10.8919 9.92256 8.33717 13.1441 10.4825 10.3174 10.2843 8.35471 7.73888 9.38789 8.86127 8.01566 10.0615
threshold=0.016261236742138866 0.95407065749168407 4.1510088443756112 0.0093025267124176043 6.1933839321136483 0.72746616601943981 0.66033414006233226 0.0001906090110423975 0.00020128367759753021 4.0342013835906991 0.54246327280998241 0.0070672258734703073 0.32194973528385168 0.52183654904365551
decision_type=2 2 2 2 2 2 2 2 2 2 2 2 2 2
left_child=1 3 -2 5 -5 6 -1 -7 -9 12 11 -11 -10 -14
right_child=2 -3 -4 4 -6 7 -8 8 9 10 -12 -13 13 -15
leaf_value=0.017130091153646596 0.029746468512791058 0.017161860271744017 -0.0100566521309235 0.0050855008962551566 -0.016051514336307322 -0.017949867081181386 -0.013357570852161577 0.026348814509899079 0.0083208997211614514 -0.0036088173713324945 0.0085773516352708034 -0.02306993025248168 -0.023758861295167088 0.010293123694486603
leaf_weight=21.636494376571477 61.228814641130157 69.537545475643128 14.694415144389493 612.16702360008594 73.605462213628925 70.964972502703517 346.01821242218034 20.726662148765172 295.39557355731085 184.32518168197862 81.006181228440255 79.08252781706733 39.832035553379683 30.648218297050335
leaf_count=21204 193 3313 615 32992 677 15483 62635 590 20720 19166 6078 8143 2781 1844
internal_value=2.57408e-10 -0.000966674 0.021769 -0.00173446 0.00261872 -0.00428735 -0.0111573 -0.00103932 0.000822387 -0.000277956 -0.00557489 -0.0100817 0.00472393 -0.00951234
internal_weight=2000.87 1924.95 75.9232 1855.41 685.772 1169.64 367.655 801.981 731.016 710.29 344.414 263.408 365.876 70.4803
internal_count=196434 195626 808 192313 33669 158644 83839 74805 59322 58732 33387 27309 25345 4625
is_linear=0
shrinkage=0.05


Tree=64
num_leaves=15
num_cat=0
split_feature=1 31 31 35 35 18 46 18 19 21 21 17 39 31
split_gain=16.1912 11.4284 12.0921 17.72 17.5278 16.4115 11.6123 12.537 10.5443 9.71222 15.762 14.3379 12.8487 9.515
threshold=0.016261236742138866 0.68908989429473888 0.71010184288024913 0.016132541932165626 0.017426350153982643 6.6005504131317148 0.82402196526527416 6.5330615043640146 0.43741016089916235 0.79098528623580944 0.80338051915168773 0.048809524625539787 0.027466818690299991 0.56195175647735607
decision_type=2 2 2 2 2 2 2 2 2 2 2 2 2 2
left_child=1 8 4 9 -3 6 7 -5 13 -4 11 -11 -13 -1
right_child=-2 2 3 5 -6 -7 -8 -9 -10 10 -12 12 -14 -15
leaf_value=0.0045819218250490968 0.023055005780850697 0.018363722311277097 -0.012090811135183704 0.021224500555588666 -0.023378190751131775 -0.0082585049494825237 0.020569537353722453 -0.012290546116240357 -0.023108965647032693 -0.0016647891174234961 -0.0064507757927344672 -0.011410890610969386 0.034694960322599527 -0.01013837572158788
leaf_weight=183.3062222281626 63.379253067832906 168.27661311566771 275.3180215979005 33.893778396383823 20.515543765741313 106.99288169154897 200.04350103101933 66.594228040587041 77.422471040175878 97.869529558707654 375.91501251305453 13.823650417267343 63.267868222523248 247.79491598424511
leaf_count=27981 806 3048 20407 3769 391 2606 9347 2549 6387 7603 28348 254 665 82273
internal_value=8.27788e-10 -0.000871575 0.00143552 -0.000405261 0.0128799 0.00801043 0.0138818 -8.83478e-05 -0.00722851 -0.0046025 -0.000711128 0.0113029 0.0260666 -0.00391726
internal_weight=1994.41 1931.03 1422.51 1233.72 188.792 407.524 300.532 100.488 508.524 826.194 550.876 174.961 77.0915 431.101
internal_count=196434 195628 78987 75548 3439 18271 15665 6318 116641 57277 36870 8522 919 110254
is_linear=0
shrinkage=0.05


Tree=65
num_leaves=15
num_cat=0
split_feature=1 29 24 3 48 43 18 18 24 4 49 48 43 34
split_gain=14.7388 10.7168 9.51325 8.57134 12.6663 9.30368 8.43391 17.5009 13.5188 9.04475 9.41274 8.20839 12.7929 9.14746
threshold=0.016261236742138866 0.95407065749168407 0.068939335644245162 0.014599318150430919 0.83687886595726024 3.5408543348312382 6.5715825557708749 6.5964629650115976 0.026965820230543617 0.015504807699471714 0.49573606252670294 0.67317706346511852 3.5972183942794804 0.10715356096625329
decision_type=2 2 2 2 2 2 2 2 2 2 2 2 2 2
left_child=1 3 -2 6 5 -5 9 8 -8 10 -1 12 -7 -14
right_child=2 -3 -4 4 -6 11 7 -9 -10 -11 -12 -13 13 -15
leaf_value=-0.010369732312716803 0.033557142262914022 0.017094023454707608 -0.0047419994776643666 -0.015373880577202615 -0.013049419251208734 0.029321074690788464 -0.015173059826290962 -0.00772275459263508 0.0091261368452163656 0.018258387341211133 0.0058886194028282095 0.025234035824140178 -0.031034873466147556 0.0068151415901066452
leaf_weight=598.50783967420148 42.056799606303684 70.032184277108172 20.304471818279126 17.77049211517442 51.867973561937106 19.269026261288673 55.980936093452328 377.99911562208581 462.1700968959376 25.029884225241403 97.602127265553008 100.32133423339292 19.526124213065486 28.537059190974105
leaf_count=103832 216 3290 590 299 1917 41 4647 11855 17459 1590 47287 1673 256 1482
internal_value=7.49264e-11 -0.000828679 0.0221551 -0.00159352 0.0070931 0.0131069 -0.00290379 0.0003438 0.00626328 -0.00688903 -0.00803902 0.0168212 0.00264437 -0.0112585
internal_weight=1986.98 1924.61 62.3613 1854.58 237.292 185.424 1617.29 896.15 518.151 721.14 696.11 167.654 67.3322 48.0632
internal_count=196434 195628 806 192338 5668 3751 186670 33961 22106 152709 151119 3452 1779 1738
is_linear=0
shrinkage=0.05


Tree=66
num_leaves=15
num_cat=0
split_feature=1 31 31 35 35 18 19 46 18 44 31 25 24 18
split_gain=13.4368 10.9646 11.4337 16.6182 15.9499 13.6776 9.73626 9.70122 11.6357 9.38945 13.6696 9.34894 9.31936 9.27624
threshold=0.016261236742138866 0.68908989429473888 0.71010184288024913 0.017426350153982643 0.016132541932165626 6.6005504131317148 0.43741016089916235 0.82402196526527416 6.5330615043640146 0.098145492374897017 0.55922079086303722 0.014592023100703956 0.068939335644245162 6.5489349365234384
decision_type=2 2 2 2 2 2 2 2 2 2 2 2 2 2
left_child=1 6 3 11 13 7 9 8 -6 10 -1 -3 -2 -4
right_child=12 2 4 -5 5 -7 -8 -9 -10 -11 -12 -13 -14 -15
leaf_value=0.0029998648930426226 0.032781567189791354 0.022100877813236094 -0.015449764795300159 -0.022976322963436144 0.020517639241085402 -0.0074121235713833127 -0.022483968276547323 0.01908956819160039 -0.011661815951698871 0.0074555820639097409 -0.017732469245414228 -0.0098569672805072575 -0.0051272376702488284 -0.0017882259003192504
leaf_weight=140.06655924812003 41.086361939494964 148.73852615213127 143.18463821521937 20.182751237942284 34.456274254010168 104.44348921165511 75.62442096680752 200.18777554451299 66.315913604717935 122.00981636237429 166.57438315856371 20.859634845407527 20.213068160810508 676.7680550239711
leaf_count=12981 216 2429 20911 391 3769 2606 6387 9347 2549 80323 16950 619 590 36366
internal_value=5.91489e-10 -0.000787691 0.00147502 0.0125667 -0.00033066 0.00767033 -0.0070427 0.0129745 0.000200011 -0.00386802 -0.00846675 0.0178403 0.0213155 -0.00433129
internal_weight=1980.71 1919.41 1415.14 189.781 1225.36 405.403 504.275 300.96 100.772 428.651 306.641 169.598 61.2994 819.953
internal_count=196434 195628 78987 3439 75548 18271 116641 15665 6318 110254 29931 3048 806 57277
is_linear=0
shrinkage=0.05


Tree=67
num_leaves=15
num_cat=0
split_feature=0 21 29 18 18 24 1 39 46 43 43 21 48 23
split_gain=13.4877 10.1547 9.95901 7.37898 16.852 10.7897 9.74907 9.61874 9.84254 8.87319 10.3463 8.85876 10.3003 8.19155
threshold=0.016261236742138866 0.80451065301895153 0.96252954006195079 6.5715825557708749 6.5964629650115976 0.026965820230543617 0.015749008394777778 0.25852957367897039 0.87103363871574413 4.8081026077270517 3.6242519617080693 0.70202907919883739 0.67642995715141307 2.6735538244247441
decision_type=2 2 2 2 2 2 2 2 2 2 2 2 2 2
left_child=2 -2 3 6 5 13 11 9 -9 10 -6 -1 -13 -5
right_child=1 -3 -4 4 7 -7 -8 8 -10 -11 -12 12 -14 -15
leaf_value=0.011647315402998962 0.02938874286315209 -0.0089992725598405897 0.019538820565360271 0.013315027603356917 -0.017912916929340574 0.0093196687903579455 0.015627617619685851 -0.022846110945203293 -0.0009158569545134514 -0.016972691332586897 0.011031450585652617 -0.01577503308720777 -0.0033715963684343357 -0.019940399411494301
leaf_weight=55.131315686079347 54.178711749555077 18.220796516630799 48.121316404925892 18.424660138371109 28.455639311607229 519.04920490483346 44.829787078539084 113.57127396078431 88.794654785393504 44.08334998182545 157.37835857608297 251.20632734953699 487.08727433846002 51.272764354296669
leaf_count=52494 612 196 1633 641 1078 18154 1667 3452 2811 1514 3629 32131 72305 4117
internal_value=-7.44687e-10 0.0198079 -0.000851237 -0.00148067 0.00137073 0.00682632 -0.00492901 -0.00604583 -0.0137197 0.000998817 0.00591099 -0.00627054 -0.00774631 -0.0105816
internal_weight=1979.81 72.3995 1907.41 1859.28 1021.03 588.747 838.255 432.283 202.366 229.917 185.834 793.425 738.294 69.6974
internal_count=196434 808 195626 193993 35396 22912 158597 12484 6263 6221 4707 156930 104436 4758
is_linear=0
shrinkage=0.05


Tree=68
num_leaves=15
num_cat=0
split_feature=3 48 34 39 49 26 18 4 17 2 29 45 21 0
split_gain=11.7991 12.3156 11.6401 7.89981 13.2365 10.659 9.83436 18.7439 14.392 12.1314 16.8652 14.1487 8.10738 8.0186
threshold=0.014599318150430919 0.85643073916435253 0.59134769439697277 0.27091030776500707 0.11752826720476152 0.76349321007728588 6.5715825557708749 0.013606071937829258 0.080128207802772536 0.013072453904896976 0.042609835043549545 0.00036910326161887502 0.79603478312492382 0.012739370577037336
decision_type=2 2 2 2 2 2 2 2 2 2 2 2 2 2
left_child=2 -2 3 6 -5 -6 8 9 -1 10 12 -11 -8 -13
right_child=1 -3 -4 4 5 -7 7 -9 -10 11 -12 13 -14 -15
leaf_value=-0.0081232334305496572 0.014700690737214542 -0.0091104578858403045 0.0099760045310504138 -0.019147562129080795 0.013671380572004342 -0.0070748129973503028 0.020359130601308194 -0.02677491242016657 0.022600500447039276 0.039144432131031706 0.0086960447785079109 -0.017481392736569585 -0.017868477669245583 0.017263866309686678
leaf_weight=451.71521422067667 220.58065701507803 63.549732208921341 183.11733466222358 168.48330132683236 72.317027591573606 241.27255348526796 7.4716263059526673 35.696450576593634 31.944296083498557 45.705584192066453 307.10859347983205 20.737900772190187 98.097189642525336 26.194894897285849
leaf_count=106302 4280 2003 9687 10103 21127 22331 155 625 1387 171 9855 448 7778 182
internal_value=-9.3813e-10 0.00924632 -0.00159991 -0.00306325 -0.00827081 -0.00201588 -0.000557013 0.00404044 -0.00567731 0.00669464 0.0027959 0.0220978 -0.0136354 0.0015373
internal_weight=1973.99 284.13 1689.86 1506.74 482.073 313.59 1024.67 541.012 483.66 505.316 412.677 92.6384 105.569 46.9328
internal_count=196434 6283 190151 180464 53561 43458 126903 19214 107689 18589 17788 801 7933 630
is_linear=0
shrinkage=0.05


Tree=69
num_leaves=15
num_cat=0
split_feature=1 31 31 35 35 18 39 44 4 0 46 30 1 29
split_gain=12.2114 9.88254 10.1218 16.3397 15.6319 11.5132 9.29175 9.21744 9.04032 16.5821 11.748 8.74598 9.07005 9.61325
threshold=0.016261236742138866 0.68908989429473888 0.71010184288024913 0.017426350153982643 0.016132541932165626 6.6005504131317148 0.53210183978080761 0.13091387599706653 0.012579114176332952 0.0079682543873786944 0.6006993055343629 0.011566309724003078 0.014599318150430919 0.7153112292289735
decision_type=2 2 2 2 2 2 2 2 2 2 2 2 2 2
left_child=1 6 3 8 -4 7 11 -6 9 10 -3 12 13 -1
right_child=-2 2 4 -5 5 -7 -8 -9 -10 -11 -12 -13 -14 -15
leaf_value=-0.011968293843938516 0.020648770911595029 0.023586668653710431 -0.0042950680560870751 -0.023237729112492146 -0.0043853095909675809 -0.0064453782158635014 -0.026949663044219613 0.016680804975249632 -0.0099303986822577746 0.035497756266745624 -0.013177799868127416 0.010768819214310152 0.011363852967532468 0.024924692683287345
leaf_weight=328.06887424550337 59.106559590189136 27.529089809861034 812.43857904781453 20.344668941681448 60.922535448003146 102.01963449746836 41.463266187958652 240.97584759807205 21.139461422950262 79.609638596162767 41.853921080039527 71.036429850370041 47.966664704981667 9.466901218924475
leaf_count=65865 806 392 57277 391 3324 2606 3819 12341 222 610 1824 7212 2717 37028
internal_value=-1.89561e-10 -0.000745216 0.00140416 0.011814 -0.000309027 0.00761854 -0.00672522 0.0124254 0.0170629 0.0212765 0.00254293 -0.00435014 -0.00733795 -0.0102461
internal_weight=1963.94 1904.84 1406.83 190.477 1216.36 403.918 498.002 301.898 170.132 148.993 69.383 456.539 385.502 337.536
internal_count=196434 195628 78987 3439 75548 18271 116641 15665 3048 2826 2216 112822 105610 102893
is_linear=0
shrinkage=0.05


Tree=70
num_leaves=15
num_cat=0
split_feature=0 37 49 39 48 3 32 36 28 22 38 18 1 21
split_gain=11.7047 9.65169 9.49319 10.8334 11.3471 12.2083 12.5638 11.2623 9.59583 14.1032 11.9818 9.40794 12.3172 11.4812
threshold=0.016261236742138866 1.0000000180025095e-35 0.49573606252670294 0.27091030776500707 0.60699892044067394 0.0092167854309082049 4.0689902305603036 0.20714285969734195 2.5249279737472539 6.8007264137268075 1.0000000180025095e-35 6.5715825557708749 0.0065574476029723891 0.80394288897514354
decision_type=2 2 2 2 2 2 2 2 2 2 2 2 2 2
left_child=2 -2 3 11 7 6 8 -5 10 -10 -6 12 -1 -13
right_child=1 -3 -4 4 5 -7 -8 -9 9 -11 -12 13 -14 -15
leaf_value=-0.012377812487246021 0.033253876239240761 -0.001625558392744279 0.0083784460072725657 -0.034088782791003816 -0.027132845297053038 -0.029777316366456433 -0.025940099729664868 0.0061584359666898639 -0.0034083098845981057 0.032009362859517408 0.012873665845540082 0.014792643328339052 0.0024217268537594506 0.00013600166904322687
leaf_weight=243.56478287414234 37.111166059796233 32.716768018144649 236.21134918005805 9.4123004350549291 45.761120779439807 78.459538677549972 57.502445518847253 158.5942268604831 84.207507618586533 31.005673385690898 20.905931341985706 184.5107306157588 309.55922608331002 427.39345214742934
leaf_count=56538 450 358 58584 407 1565 3611 7650 10348 6646 238 282 2865 30103 16789
internal_value=-1.05237e-10 0.0187552 -0.000789204 -0.00214348 -0.00833355 -0.0137527 -0.00751708 0.00211529 -0.000644194 0.00791831 -0.0145445 0.000486901 -0.00419924 0.00472229
internal_weight=1956.92 69.8279 1887.09 1650.88 485.849 317.842 239.383 168.007 181.88 115.213 66.6671 1165.03 553.124 611.904
internal_count=196434 808 195626 137042 30747 19992 16381 10755 8731 6884 1847 106295 86641 19654
is_linear=0
shrinkage=0.05


Tree=71
num_leaves=15
num_cat=0
split_feature=1 29 24 31 31 35 45 46 40 34 29 29 29 30
split_gain=11.1929 9.32703 8.27083 6.80807 10.6256 13.7296 11.2822 9.72186 8.21762 12.8602 8.67287 8.20984 9.05159 9.56765
threshold=0.016261236742138866 0.96575471758842479 0.068939335644245162 0.68908989429473888 0.71010184288024913 0.017426350153982643 0.00016272089123958724 0.63364121317863475 0.0014550025807693603 0.15874367952346805 0.23107378184795382 0.7153112292289735 0.28905503451824194 0.012112399563193323
decision_type=2 2 2 2 2 2 2 2 2 2 2 2 2 2
left_child=1 3 -2 11 5 8 7 -6 -5 -10 -11 12 13 -1
right_child=2 -3 -4 4 6 -7 -8 -9 9 10 -12 -13 -14 -15
leaf_value=-0.0076723618506779378 0.03109445405676254 0.020445773284921139 -0.0052238001857587701 0.032469205361039019 0.015988877993734239 -0.021232020705687721 0.000312595512997383 -0.022278141049073046 -0.0082291345625435976 0.031302325305420972 -0.0061428307239497328 0.025306685496953897 -0.024397739589465634 0.012539867471297437
leaf_weight=364.43457985422702 38.500683027668856 40.740134266059613 19.403131173079601 44.694345471610177 12.514477022705135 19.836636585956512 1071.5967838395582 87.719219371892109 58.629619119443305 48.220579738088418 17.125880723053569 10.317122568392504 58.324662215158185 60.109258202246565
leaf_count=35238 216 1074 590 602 598 391 60552 13324 1557 562 327 38595 35530 7278
internal_value=3.47448e-10 -0.000711302 0.0199474 -0.00128355 0.000550608 0.0112512 -0.00125138 -0.0164834 0.0160459 0.0081436 0.0219759 -0.00625305 -0.00742714 -0.00458788
internal_weight=1952.17 1894.26 57.9038 1853.52 1360.34 188.507 1171.83 100.234 168.67 123.976 65.3465 493.186 482.869 424.544
internal_count=196434 195628 806 194554 77913 3439 74474 13922 3048 2446 889 116641 78046 42516
is_linear=0
shrinkage=0.05


Tree=72
num_leaves=15
num_cat=0
split_feature=0 37 29 49 46 18 21 15 33 1 20 35 43 24
split_gain=10.4869 9.12735 9.08335 8.80206 9.11971 8.46606 10.517 9.84634 15.2745 11.5897 10.6446 9.49085 9.30832 11.2494
threshold=0.016261236742138866 1.0000000180025095e-35 0.071324557065963759 0.49573606252670294 0.91079190373420726 6.5715825557708749 0.80976408720016491 0.014416976831853391 2.3502402305603032 0.013986697886139156 0.019412091001868251 0.027408143505454067 3.6242519617080693 0.13140550255775454
decision_type=2 2 2 2 2 2 2 2 2 2 2 2 2 2
left_child=3 -2 -3 4 5 -1 7 11 9 10 -9 -7 -8 -14
right_child=1 2 -4 -5 -6 6 12 8 -10 -11 -12 -13 13 -15
leaf_value=-0.0052772135234933201 0.03228630403724516 0.017148352371584942 -0.024730816976522536 0.0080889274600862062 -0.018817283329547629 -0.01058070831706006 -0.017694383046778787 0.027642075589424719 -0.011253448436491812 -0.0079069641812439303 -0.014467363206685605 0.020396786486096427 0.0059943043460844196 -0.010412724711632156
leaf_weight=701.24544895023905 35.90422595248674 19.15573306963779 13.34005685080774 235.85484182057598 67.369553543398069 92.290093524628901 74.520163365770713 160.86093960245489 42.090665966956294 27.779264676151797 10.368069724878294 22.791673589294078 295.89634663047036 148.67722556886656
leaf_count=102544 450 122 236 58584 9216 3839 4403 1581 863 196 173 269 8972 4986
internal_value=-3.51243e-10 0.0179188 -0.00181773 -0.000743398 -0.00205185 -0.00122132 0.00205105 0.00854743 0.0141114 0.0197579 0.0244347 -0.00330549 -0.00248379 0.000398997
internal_weight=1948.14 68.4 32.4958 1879.74 1643.89 1576.52 875.274 356.181 241.099 199.008 171.229 115.082 519.094 444.574
internal_count=196434 808 358 195626 137042 127826 25282 6921 2813 1950 1754 4108 18361 13958
is_linear=0
shrinkage=0.05


Tree=73
num_leaves=15
num_cat=0
split_feature=1 29 24 3 48 30 48 23 23 17 1 2 0 47
split_gain=10.1372 8.95849 8.27154 6.5425 10.7768 8.29534 9.08891 6.83117 10.5388 10.5959 9.78268 13.6127 9.05711 8.84323
threshold=0.016261236742138866 0.95407065749168407 0.068939335644245162 0.014599318150430919 0.83687886595726024 0.0025284454459324483 0.68659737706184398 3.0201274156570439 3.1984648704528813 0.054093567654490478 0.0099504948593676108 0.0066007319837808618 0.009756329935044052 4.2835628986358651
decision_type=2 2 2 2 2 2 2 2 2 2 2 2 2 2
left_child=1 3 -2 7 5 6 -5 10 9 12 -1 -12 -9 -13
right_child=2 -3 -4 4 -6 -7 -8 8 -10 -11 11 13 -14 -15
leaf_value=-0.013399926845150607 0.030473232631781373 0.015696662922610349 -0.0059249041049183127 -0.01455821942158491 -0.012630294950716612 0.022033199829949862 0.014358201674186367 0.0038556651552768707 -0.0021509595170532583 -0.021479712155604114 0.0219384194807094 0.0028561292088108542 0.034343422640263813 -0.032759892149358559
leaf_weight=263.96877762374834 37.537830536602996 70.126993638063141 19.02745263723773 41.182645311710075 49.093336254331916 88.51787766686175 47.971537835315758 51.786376979434863 1117.1929624658947 10.198648183606563 47.11919262362062 42.077471019001678 41.396678387420252 18.130506737768883
leaf_count=11968 216 3290 590 1081 1917 1731 939 889 171781 94 855 612 158 313
internal_value=-8.82503e-10 -0.000672358 0.0191789 -0.00138594 0.00638411 0.0120311 0.00087983 -0.00252574 -0.000694832 0.0138427 -0.00836848 0.00409362 0.0194156 -0.0110075
internal_weight=1945.33 1888.76 56.5653 1818.64 226.765 177.672 89.1542 1591.87 1220.57 103.382 371.296 107.327 93.1831 60.208
internal_count=196434 195628 806 192338 5668 3751 2020 186670 172922 1141 13748 1780 1047 925
is_linear=0
shrinkage=0.05


Tree=74
num_leaves=15
num_cat=0
split_feature=3 34 40 36 26 41 28 39 49 26 48 17 15 23
split_gain=9.37279 9.54258 9.52832 8.09528 9.76578 8.56803 7.27955 6.86756 13.9019 11.746 9.12533 11.2912 16.6349 15.6778
threshold=0.015268065501004459 0.59134769439697277 4.4847032768302604e-05 0.29649980366230017 0.79178178310394298 0.65151515603065502 2.5249279737472539 0.27091030776500707 0.11752826720476152 0.76349321007728588 0.65383735299110424 0.046536797657608993 0.031562391668558128 2.9174053668975835
decision_type=2 2 2 2 2 2 2 2 2 2 2 2 2 2
left_child=1 7 -2 -4 5 -5 -3 10 -9 -10 11 12 -1 -13
right_child=2 6 3 4 -6 -7 -8 8 9 -11 -12 13 -14 -15
leaf_value=-0.0089792816392238444 -0.024759160161660382 -0.018556414457466735 -0.017379746770658584 0.026380867694028962 -0.002285969181855323 -0.01222285597873988 0.012090228759213603 -0.018601662955774503 0.014959095055316438 -0.0064783749264980348 0.0027324919913292683 0.0023451427222454099 0.020333905053449074 -0.038826754548179729
leaf_weight=172.68310950856062 9.3000411718385276 12.721469057563807 12.393592491978778 117.62298675802595 52.826147721803864 10.371656471077584 174.40400113663054 167.11615546778467 75.565520832668199 242.71925822793946 754.18334477596545 37.692584241274744 55.875672053617564 45.689213671672405
leaf_count=38506 124 360 87 2258 1333 146 9519 10211 21498 22646 81739 678 3068 4261
internal_value=1.55576e-12 -0.00120501 0.00991527 0.0127205 0.0155863 0.0225937 0.0091711 -0.00250716 -0.00737157 -0.00108816 -0.000244502 -0.00730333 -0.00126113 -0.021957
internal_weight=1941.16 1738.65 202.514 193.214 180.821 127.995 187.125 1551.52 485.401 318.285 1066.12 311.941 228.559 83.3818
internal_count=196434 192486 3948 3824 3737 2404 9879 182607 54355 44144 128252 46513 41574 4939
is_linear=0
shrinkage=0.05


Tree=75
num_leaves=15
num_cat=0
split_feature=0 31 20 40 45 35 45 27 15 25 43 32 18 24
split_gain=9.23124 10.4533 9.84725 14.1079 14.0094 12.5538 9.8544 9.40145 10.9218 9.08092 10.8891 9.97125 13.1295 10.6759
threshold=0.009569597430527212 0.69160839915275585 0.0014268843806348743 4.3839594582095749e-05 0.00029889958386775112 0.016504623927176002 0.00061478259158320736 5.478551149368287 0.015508431009948255 0.0084610134363174456 4.8559212684631357 3.3842465877532963 6.6127126216888437 0.029896274209022525
decision_type=2 2 2 2 2 2 2 2 2 2 2 2 2 2
left_child=1 -1 3 -2 -5 6 -4 -8 -9 10 -3 12 -11 -13
right_child=2 9 5 4 -6 -7 7 8 -10 11 -12 13 -14 -15
leaf_value=-0.010639934049119055 -0.017279536302097005 -0.0020451258723510309 -0.014577018403608777 0.030185995181777805 -0.017006509769329471 0.012442774636568343 0.0078138945581111337 0.019933292103628222 -0.016968669698220917 0.02271025213127599 -0.024820428254064702 0.030546719736458922 -0.018352579801962209 -0.0015372907858774093
leaf_weight=298.21547932242765 18.090728254290298 285.27143626335305 119.26362084504677 91.767644422573994 11.942690734780625 179.14168686226714 208.41001668088654 16.309608313895296 87.434809276077431 101.90224470454262 54.938680719915283 17.55343657224148 15.718924491433425 429.87563305959048
leaf_count=97064 769 18200 5234 1396 246 15127 7943 547 2126 2908 9659 351 344 34520
internal_value=-6.32148e-10 -0.00268674 0.00439179 0.0167934 0.0237339 0.00168703 -0.00295989 0.00179334 -0.0099249 2.08649e-05 -0.0063267 0.00388622 0.0162145 0.000361696
internal_weight=1935.84 1203.48 732.361 121.801 103.71 610.56 431.418 312.154 103.744 905.26 340.21 565.05 117.621 447.429
internal_count=196434 163046 33388 2411 1642 30977 15850 10616 2673 65982 27859 38123 3252 34871
is_linear=0
shrinkage=0.05


Tree=76
num_leaves=15
num_cat=0
split_feature=0 21 29 35 29 35 46 44 29 19 34 48 19 25
split_gain=9.69856 8.90639 8.2238 9.6104 8.44657 11.8776 9.93335 8.92381 12.2143 8.77805 10.4912 8.66889 12.6554 11.7823
threshold=0.016261236742138866 0.80451065301895153 0.73267474770545971 0.015923495404422287 0.30399450659751898 0.085492223501205458 0.91356530785560619 0.30104446411132818 0.18837258964776996 0.27403634786605841 0.19903597980737689 0.66372072696685802 0.016332133673131469 0.00052479977603070449
decision_type=2 2 2 2 2 2 2 2 2 2 2 2 2 2
left_child=2 -2 4 -4 6 -6 7 9 -9 10 11 12 -1 -14
right_child=1 -3 3 -5 5 -7 -8 8 -10 -11 -12 -13 13 -15
leaf_value=-0.023402821724983227 0.027253147790264227 -0.0098733015607554205 -0.002397025552095069 0.017432159992439727 -0.013791547977810917 0.026415121520153885 -0.021796222032312247 -0.014788846995622225 0.023003233167274966 -0.010414455684521436 0.01588782959023867 0.0024615288898753715 0.02128326023984968 -0.0065035574254373859
leaf_weight=79.927265512376607 47.906695145051344 16.456016587733757 113.99437439728695 116.60357556020449 212.01526217643641 10.847805204455652 42.742164795588906 20.836533913447056 75.663149940402946 191.89154191433772 95.957089522124079 683.21514597198848 37.416957410339137 185.61711247567473
leaf_count=7930 612 196 16461 37441 49594 533 8307 1399 1017 12981 3265 43039 2374 11285
internal_value=-6.2492e-10 0.0177096 -0.000701717 0.00793754 -0.00196017 -0.0107842 -0.000502683 0.000314466 0.0142206 -0.000841389 0.00093599 -0.00066374 -0.00756506 -0.00112867
internal_weight=1931.09 64.3627 1866.73 230.598 1636.13 222.863 1413.27 1370.52 96.4997 1274.03 1082.13 986.176 302.961 223.034
internal_count=196434 808 195626 53902 141724 50127 91597 83290 2416 80874 67893 64628 21589 13659
is_linear=0
shrinkage=0.05


Tree=77
num_leaves=15
num_cat=0
split_feature=1 31 31 35 35 46 18 43 0 4 29 21 18 29
split_gain=8.77875 8.67943 9.40268 13.9855 11.4545 9.01479 11.5955 8.00411 8.00245 18.2193 7.8259 7.77126 7.76822 7.28584
threshold=0.016261236742138866 0.68908989429473888 0.71010184288024913 0.019117863848805431 0.016132541932165626 0.79087123274803173 6.5345149040222177 3.9607677459716801 0.0079682543873786944 0.012422839645296337 0.7153112292289735 0.82029449939727794 6.5489349365234384 0.28905503451824194
decision_type=2 2 2 2 2 2 2 2 2 2 2 2 2 2
left_child=1 10 3 8 12 6 -6 -2 -3 -10 13 -7 -4 -1
right_child=7 2 4 -5 5 11 -8 -9 9 -11 -12 -13 -14 -15
leaf_value=-0.0048990501728507756 0.030488157824727843 0.0033883080047116317 -0.014142189378218862 -0.025043933120566055 0.016508244011031393 0.01587926474810487 -0.016447739872633149 -0.0049713258928939684 0.033637718248271671 -0.018713750157937508 0.024318796149780983 -0.0015230065704713823 -0.0013888009055266302 -0.022945005345050132
leaf_weight=417.56798204727761 33.523615768179297 79.5076163553681 136.35466645001407 14.651726537329521 30.542582969841305 209.77151628359775 70.709960751031758 21.199305315662059 80.066990948400871 13.590294650057329 10.570474427718862 88.285214834291764 663.78696613079319 56.589365361587397
leaf_count=42516 120 2357 20911 327 3400 8437 2151 686 619 136 38595 4283 36366 35530
internal_value=1.40052e-10 -0.000622665 0.00139592 0.0114959 -0.000267576 0.00655229 -0.00591636 0.0181057 0.0157861 0.0249687 -0.00631119 0.0108426 -0.00370988 -0.00748222
internal_weight=1926.72 1872 1387.27 187.817 1199.45 399.309 101.253 54.7229 173.165 93.6573 484.728 298.057 800.142 474.157
internal_count=196434 195628 78987 3439 75548 18271 5551 806 3112 755 116641 12720 57277 78046
is_linear=0
shrinkage=0.05


Tree=78
num_leaves=15
num_cat=0
split_feature=0 36 48 29 47 29 35 46 44 29 31 19 34 48
split_gain=8.96716 7.91071 7.69206 7.59609 8.26413 8.05281 11.5424 9.33522 8.95545 12.2534 8.43401 8.1771 8.53324 7.80431
threshold=0.016261236742138866 0.63686314225196849 0.59716957807540905 0.73267474770545971 6.1580326557159433 0.30399450659751898 0.085492223501205458 0.91356530785560619 0.30104446411132818 0.18837258964776996 0.66450217366218578 0.28994359076023107 0.20200505852699283 0.66372072696685802
decision_type=2 2 2 2 2 2 2 2 2 2 2 2 2 2
left_child=3 -2 -3 5 -5 7 -7 8 11 -10 -11 12 13 -1
right_child=1 2 -4 4 -6 6 -8 -9 9 10 -12 -13 -14 -15
leaf_value=-0.0071999992028249768 0.02719152857496995 0.02012993073854023 -0.025133782494574486 0.02263214870145926 0.0017747843491591018 -0.013602795426736794 0.025714867601718313 -0.021192799409025201 -0.015344259798172055 -0.0084129996458783291 0.02970025887124458 -0.010424151935355451 0.013974307600406001 0.0023038996722605704
leaf_weight=302.86128776343924 43.853280584895401 6.9731432424159747 11.985793952859238 56.605395942870246 172.3680716411327 208.54905435078263 11.239077956655818 42.312135795114955 19.99366730049951 13.396593626704997 63.285602087446023 179.47132080544543 100.93936280901607 688.24184275352343
leaf_count=21694 560 13 235 47386 6516 49594 533 8307 1399 341 676 12344 3475 43361
internal_value=-2.63277e-11 0.0172146 -0.00728335 -0.00067055 0.0076623 -0.00188047 -0.0105607 -0.000463079 0.000327122 0.0142444 0.0228394 -0.000833935 0.000822454 -0.000643212
internal_weight=1922.08 62.8122 18.9589 1859.26 228.973 1630.29 219.788 1410.5 1368.19 96.6759 76.6822 1271.51 1092.04 991.103
internal_count=196434 808 248 195626 53902 141724 50127 91597 83290 2416 1017 80874 68530 65055
is_linear=0
shrinkage=0.05


Tree=79
num_leaves=15
num_cat=0
split_feature=0 47 29 35 39 34 24 44 35 28 43 23 15 23
split_gain=8.51943 8.18229 7.15223 8.10969 7.55676 15.2719 9.98673 12.9873 10.3491 8.55131 8.14303 10.7117 12.9411 13.7281
threshold=0.016261236742138866 4.3173992633819589 0.73267474770545971 0.015923495404422287 0.53210183978080761 0.59134769439697277 0.35611109435558325 0.35433582961559301 0.011034362949430944 2.6735538244247441 6.0509114265441903 5.2548844814300546 0.031562391668558128 3.1984648704528813
decision_type=2 2 2 2 2 2 2 2 2 2 2 2 2 2
left_child=2 -2 4 -4 6 -6 7 10 -9 -7 11 12 -1 -14
right_child=1 -3 3 -5 5 9 -8 8 -10 -11 -12 -13 13 -15
leaf_value=-0.0075028629353074919 0.025718186175604216 -0.010885393018919762 -0.0021886040944706698 0.016086023206766917 -0.024128152806751471 -0.02200106062118291 -0.017251524954133759 -0.010876986399755914 0.027506078332173174 0.014586145209586352 -0.014606831240310626 0.0083412408993585232 0.011855398489542618 -0.0065100145361954784
leaf_weight=529.31603032183193 47.561954147531651 14.397819266756413 112.15786046792203 117.11801689245755 91.501452990407415 11.694109134536118 75.62551473079975 17.225085501155576 61.634340937171515 54.145881809818093 90.226192146434187 295.8238640589243 234.95714440627495 165.61832007093307
leaf_count=56070 192 616 16461 37441 6726 411 37878 1312 3629 3046 6498 17365 2122 6667
internal_value=3.56791e-10 0.0168818 -0.000650659 0.00742853 -0.00182705 -0.011896 -0.00067655 0.000338545 0.0188416 0.00604362 -0.00090401 0.000214712 -0.0024318 0.00428858
internal_weight=1919 61.9598 1857.04 229.276 1627.77 157.341 1470.43 1394.8 78.8594 65.84 1315.94 1225.72 929.891 400.575
internal_count=196434 808 195626 53902 141724 10183 131541 93663 4941 3457 88722 82224 64859 8789
is_linear=0
shrinkage=0.05


Tree=80
num_leaves=15
num_cat=0
split_feature=1 44 43 19 19 46 36 50 44 28 48 4 40 48
split_gain=7.74592 7.86064 12.3205 10.9034 10.5411 10.0417 8.20984 9.45151 11.0039 10.8263 8.25439 8.19841 9.19145 7.82188
threshold=0.016261236742138866 0.17037300765514377 6.0485529899597177 0.28994359076023107 0.11990218982100488 0.80586275458335888 0.85028737783432018 0.031133718788623813 0.63474491238594066 2.4414010047912602 0.56994566321372997 0.0066007319837808618 0.019572596997022632 0.65383735299110424
decision_type=2 2 2 2 2 2 2 2 2 2 2 2 2 2
left_child=1 2 3 13 5 -3 7 8 11 -9 -8 12 -6 -1
right_child=-2 4 -4 -5 6 -7 10 9 -10 -11 -12 -13 -14 -15
leaf_value=-0.0061532725612375829 0.01725471285863318 -0.011617247360371317 -0.022189634160080615 -0.012936150619697082 0.0086057420856545594 0.02949712990353422 0.015888452074896548 -0.022087665244818783 0.0085055958444255706 0.027295415314666917 -0.02237268273389997 -0.015797913436053159 -0.016835406296972905 0.0036097314145199727
leaf_weight=291.5648490786125 52.925790839610272 13.365287275571061 68.822919716819342 170.52347114860459 115.95974568955614 54.492719097528607 10.509765136928761 5.558416932122781 241.07747302918085 56.067275801588721 51.292099128888822 109.92417812671789 39.499999715352658 631.97120962505846
leaf_count=19603 806 3119 6655 12237 13389 962 235 93 56328 10242 3828 13100 13320 42517
internal_value=-4.29953e-10 -0.000580429 -0.00308863 -0.00169696 0.00358437 0.0209472 0.00141575 0.00337548 0.000951932 0.0203793 -0.0145595 -0.00596958 0.00151472 0.000494606
internal_weight=1913.56 1860.63 1162.88 1094.06 697.747 67.858 629.889 568.087 506.461 61.6257 61.8019 265.384 155.46 923.536
internal_count=196434 195628 81012 74357 114616 4081 110535 106472 96137 10335 4063 39809 26709 62120
is_linear=0
shrinkage=0.05


Tree=81
num_leaves=15
num_cat=0
split_feature=0 21 49 46 18 21 44 44 24 0 36 15 30 4
split_gain=7.90215 7.98441 7.10723 7.14473 8.97153 8.53713 16.5137 8.56249 9.96101 9.74702 10.4888 13.6631 9.73725 9.26294
threshold=0.016261236742138866 0.80451065301895153 0.49573606252670294 0.89925268292427074 6.5715825557708749 0.79725849628448497 0.039125535637140281 0.17037300765514377 0.15450876951217654 0.011696306522935631 0.86323785781860363 0.014286078978329899 0.049384582787752158 0.0065147271379828462
decision_type=2 2 2 2 2 2 2 2 2 2 2 2 2 2
left_child=2 -2 3 4 -1 6 -6 9 13 10 12 -12 -7 -9
right_child=1 -3 -4 -5 5 7 -8 8 -10 -11 11 -13 -14 -15
leaf_value=-0.0051104099490929976 0.025861256098118179 -0.0097050001235357286 0.0074385676592741944 -0.014242527786528947 0.034498101708501143 -0.013910109347712417 -0.0086175979840936688 0.025282296171470237 -0.0031196163599490011 0.0077538000776748734 0.026105528509567141 -0.015368755264712026 0.018231229690794395 0.00080896231843243763
leaf_weight=687.06376244849503 44.633639278501505 16.061374260170851 228.78809239570978 97.769907647246328 44.153528332593851 271.82693898605976 32.074068918824196 90.134886536747217 116.23191057615441 139.4235550880403 38.398264255345566 25.125068684166763 17.184059021703433 64.089740613708273
leaf_count=102030 612 196 58584 10944 341 12177 476 1784 3127 1478 1182 858 1248 1397
internal_value=-4.26957e-10 0.0164081 -0.000622882 -0.00179752 -0.000912476 0.00254641 0.017461 0.000848469 0.00783644 -0.00307279 -0.00745036 0.00984223 -0.0114532 0.0157807
internal_weight=1912.96 60.695 1852.26 1623.48 1525.71 838.642 76.2276 762.414 270.457 491.958 352.534 63.5233 289.011 154.225
internal_count=196434 808 195626 137042 126098 24068 817 23251 6308 16943 15465 2040 13425 3181
is_linear=0
shrinkage=0.05


Tree=82
num_leaves=15
num_cat=0
split_feature=1 31 31 35 35 0 4 18 24 21 21 17 39 0
split_gain=6.80989 7.94713 10.3248 13.624 10.6345 8.98027 17.1719 8.1328 7.94391 7.56308 11.0202 10.2263 12.6564 7.54519
threshold=0.016261236742138866 0.68908989429473888 0.71010184288024913 0.019117863848805431 0.016132541932165626 0.0079682543873786944 0.012422839645296337 6.5991897583007821 0.068939335644245162 0.79098528623580944 0.80338051915168773 0.048809524625539787 0.027466818690299991 0.015504807699471714
decision_type=2 2 2 2 2 2 2 2 2 2 2 2 2 2
left_child=1 -1 3 5 9 -3 -7 -6 -2 13 11 -11 -13 -4
right_child=8 2 4 -5 7 6 -8 -9 -10 10 -12 12 -14 -15
leaf_value=-0.0060117759799583892 0.028211633679169502 0.0030400946174359788 -0.0074944799844581141 -0.024400066598862 0.010543092920428604 0.033882359299635116 -0.017491482788043973 -0.0051019114936505091 -0.0077633803813256979 -0.00083024222331284665 -0.0051370943397709701 -0.013689193921770419 0.03216091806113569 -0.036913807922330767
leaf_weight=479.96624237338642 33.521443922712933 79.796708551058146 242.25741884788499 14.457462311326706 287.05527325960634 81.712961208050274 13.261467431671916 108.32291447734497 18.221649712038925 98.535006712328141 364.87589127892761 13.187390676932408 58.142282917297052 15.351989024435168
leaf_count=116641 216 2357 20039 327 15450 619 136 2821 590 7603 28348 254 665 368
internal_value=-3.75638e-10 -0.00054031 0.00139648 0.01193 -0.00036732 0.0160932 0.025726 0.00623667 0.0163373 -0.00369933 -0.000260273 0.00991852 0.0230433 -0.0105616
internal_weight=1908.67 1856.92 1376.96 189.229 1187.73 174.771 94.9744 395.378 51.7431 792.35 534.741 169.865 71.3297 257.609
internal_count=196434 195628 78987 3439 75548 3112 755 18271 806 57277 36870 8522 919 20407
is_linear=0
shrinkage=0.05


Tree=83
num_leaves=15
num_cat=0
split_feature=0 31 20 40 45 35 22 45 20 30 27 25 43 32
split_gain=6.69726 10.0601 9.33268 12.8617 11.3874 10.9828 9.61111 9.54565 9.31809 9.4304 8.63772 7.73187 10.2328 9.08971
threshold=0.009569597430527212 0.69160839915275585 0.0014268843806348743 4.2434923670953146e-05 0.00029889958386775112 0.016504623927176002 6.7984981536865243 0.00061478259158320736 0.0041839110199362048 0.0014924780116416516 5.478551149368287 0.0084610134363174456 4.8559212684631357 2.8029010295867924
decision_type=2 2 2 2 2 2 2 2 2 2 2 2 2 2
left_child=1 -1 3 -2 6 7 -5 -4 9 -9 -10 12 -3 -13
right_child=2 11 5 4 -6 -7 -8 8 10 -11 -12 13 -14 -15
leaf_value=-0.010177521045920311 -0.023811910225190053 -0.0014211493750376052 -0.01499436970431757 -0.0081922187353236035 -0.015747415965624637 0.011256217672693924 0.032720550187837386 -0.010408425512973699 0.0039724566814062249 0.031289174861700256 -0.014512843864264003 0.0172804978904109 -0.023706437105943744 0.00093214293104461029
leaf_weight=292.55011259866342 9.7151282881095522 284.65291870451983 113.56500368330416 12.830314029852614 11.557368630426934 177.18540572133327 82.976964574307203 13.749938679902696 172.66446214153819 34.136344661252224 87.047531495802104 94.386500870226996 53.300635734337902 465.50347538408585
leaf_count=97064 565 18200 5234 1152 246 15127 448 552 7095 533 2436 931 9659 37192
internal_value=-6.84677e-11 -0.00229217 0.00379293 0.0161025 0.0214354 0.00115921 0.0269852 -0.0032512 0.00141997 0.0195865 -0.00253162 0.000360976 -0.00551619 0.00394302
internal_weight=1905.82 1190.39 715.428 117.08 107.365 598.349 95.8073 421.163 307.598 47.8863 259.712 897.844 337.954 559.89
internal_count=196434 163046 33388 2411 1846 30977 1600 15850 10616 1085 9531 65982 27859 38123
is_linear=0
shrinkage=0.05


Tree=84
num_leaves=15
num_cat=0
split_feature=0 37 49 39 48 41 36 40 29 19 49 45 45 45
split_gain=6.35027 7.45712 6.44805 6.97134 9.5775 11.0437 10.8572 8.75582 8.23117 15.3869 12.317 12.2162 12.5212 10.5851
threshold=0.016261236742138866 1.0000000180025095e-35 0.49573606252670294 0.27091030776500707 0.77870926260948192 0.73214286565780651 0.20714285969734195 0.0068087503314018258 0.050375839695334441 0.050073126330971725 0.038613507524132736 0.00026501825777813798 0.00034551587305031722 0.022062924690544609
decision_type=2 2 2 2 2 2 2 2 2 2 2 2 2 2
left_child=2 -2 3 8 6 -6 -5 -8 9 10 -1 -10 -13 -11
right_child=1 -3 -4 4 5 -7 7 -9 11 13 -12 12 -14 -15
leaf_value=-0.0048573940655460808 0.028757066771204143 -0.0036025051305559096 0.0071441416559460437 -0.033446097753425816 -0.021780874065405863 0.0050631724262864006 -0.024452561796031815 0.0049283666043427174 -0.015488636407105336 -0.028936681658039861 0.014507866168563527 0.028716784940647829 0.004003448961347719 0.0087424431623896737
leaf_weight=313.15099868972879 30.45343643486558 28.251583941790159 227.51220052696317 13.347832880386589 141.17870557535389 46.923785114660859 18.212501317570087 245.36946229565396 61.323565058031704 76.236357217312616 100.08161660150324 47.443850876521083 531.03576697641461 18.775039907370228
leaf_count=31282 450 358 58584 501 11705 1206 1721 15614 5218 5178 5299 936 55494 2888
internal_value=-3.57748e-10 0.0149264 -0.000554159 -0.00167727 -0.00677174 -0.0151668 -0.00073958 0.00207867 0.000426973 -0.00427685 6.46869e-05 0.00417189 0.00648385 -0.0213675
internal_weight=1899.3 58.705 1840.59 1613.08 465.032 188.102 276.93 263.582 1148.05 508.244 413.233 639.803 578.48 95.0114
internal_count=196434 808 195626 137042 30747 12911 17836 17335 106295 44647 36581 61648 56430 8066
is_linear=0
shrinkage=0.05


Tree=85
num_leaves=15
num_cat=0
split_feature=29 1 43 21 21 22 29 19 49 21 19 2 4 0
split_gain=6.20815 6.7081 6.62984 5.77675 9.66057 10.1581 11.8693 10.7778 10.3144 8.82775 8.25841 7.88081 12.0778 12.2619
threshold=0.96252954006195079 0.016261236742138866 3.9607677459716801 0.79098528623580944 0.81435698270797741 6.8007264137268075 0.13990493118762973 0.29883883893489843 0.033984988927841193 0.70202907919883739 0.060521967709064491 0.014815627597272398 0.012422839645296337 0.0074350468348711738
decision_type=2 2 2 2 2 2 2 2 2 2 2 2 2 2
left_child=1 3 -3 9 5 6 8 -8 -5 -1 -10 12 13 -7
right_child=-2 2 -4 4 -6 11 7 -9 10 -11 -12 -13 -14 -15
leaf_value=0.0133432193832057 0.015991164161878579 0.027886142803446607 -0.0055238570868442471 -0.019214984040880845 -0.0040788066606301156 -0.00055283446059891208 0.02332085896633122 -0.00051988073764247988 0.015751347559278466 -0.0065690949867187242 -0.0084725159406606656 0.030573633656807809 -0.022434215216397685 0.024570538468919809
leaf_weight=51.995607733619977 48.829611010478402 29.808123066672124 19.164000666642096 94.184851641615751 502.40537441269225 94.907441614486743 69.774481321484018 115.79043324818758 51.378392434939087 594.64871471376921 72.786308154498329 41.892378058284521 19.575834033079445 88.553183327661827
leaf_count=53260 1677 119 621 11840 28673 1449 2779 12210 2599 75331 5221 50 124 481
internal_value=-8.48262e-10 -0.000506636 0.0160923 -0.00104528 0.00108075 0.00507712 0.000141303 0.00917861 -0.00760468 -0.00478916 0.00197805 0.012892 0.00797984 0.012217
internal_weight=1895.69 1846.87 48.9721 1797.89 1151.25 648.843 403.914 185.565 218.35 646.644 124.165 244.929 203.036 183.461
internal_count=196434 194757 740 194017 65426 36753 34649 14989 19660 128591 7820 2104 2054 1930
is_linear=0
shrinkage=0.05


Tree=86
num_leaves=15
num_cat=0
split_feature=1 24 31 31 35 35 46 18 25 21 0 4 43 29
split_gain=6.21334 7.07652 6.73725 8.49833 10.8022 8.90955 8.41729 10.1483 7.07941 7.35759 6.6801 14.7502 7.53133 6.47288
threshold=0.016261236742138866 0.068939335644245162 0.68908989429473888 0.71010184288024913 0.019117863848805431 0.016132541932165626 0.79087123274803173 6.5345149040222177 0.041086275130510337 0.82029449939727794 0.0079682543873786944 0.012422839645296337 3.8176519870758061 0.7153112292289735
decision_type=2 2 2 2 2 2 2 2 2 2 2 2 2 2
left_child=2 -2 13 4 10 -5 7 -7 9 -8 12 -12 -4 -1
right_child=1 -3 3 5 -6 6 8 -9 -10 -11 11 -13 -14 -15
leaf_value=-0.0066727758849652145 0.027067859009741832 -0.0074361051698008445 0.016426827182545647 -0.0033909410370930679 -0.021988858182463777 0.014861928933617211 0.010878467146100941 -0.0162227195324352 0.02603338587515518 -0.0078316722613332689 0.03075088740359477 -0.017298360167812683 -0.011170329100438853 0.022222440579531724
leaf_weight=463.91718057731191 32.61650085891597 17.369046512132627 40.958448633697117 786.05032417595851 13.727527952858507 29.984776320803007 185.46691954714697 69.851601174043026 46.437798100640066 63.71142490276543 79.586745359960332 12.651322352117857 38.504552037865096 10.605611546276121
leaf_count=78046 216 590 659 57277 327 3400 8130 2151 1124 3466 619 136 1698 38595
internal_value=3.74146e-10 0.0158375 -0.00051312 0.00127415 0.0109328 -0.000320734 0.00571511 -0.00638367 0.00987632 0.00597695 0.0146302 0.0231131 0.00330051 -0.00558165
internal_weight=1891.44 49.9855 1841.45 1366.93 185.429 1181.5 395.453 99.8364 295.616 249.178 171.701 92.2381 79.463 474.523
internal_count=196434 806 195628 78987 3439 75548 18271 5551 12720 11596 3112 755 2357 116641
is_linear=0
shrinkage=0.05


Tree=87
num_leaves=15
num_cat=0
split_feature=49 46 2 4 4 48 16 1 41 3 0 40 24 43
split_gain=6.01787 8.16176 7.97886 15.2864 10.5143 13.6814 8.22598 12.5434 9.5258 9.75603 9.06146 8.00656 10.0022 9.67326
threshold=0.49573606252670294 0.89925268292427074 0.014815627597272398 0.0063898416701704272 0.015504807699471714 0.80613556504249584 4.5000000000000009 0.01183473411947489 0.53571429848670971 0.01197647722437978 0.013986697886139156 0.013704702258110048 0.072080299258232131 3.4175922870635991
decision_type=2 2 2 2 2 2 2 2 2 2 2 2 2 2
left_child=1 2 6 -4 -5 -6 11 8 9 -8 -9 13 -13 -1
right_child=-2 -3 3 4 5 -7 7 10 -10 -11 -12 12 -14 -15
leaf_value=0.0074619229087188451 0.0073839993008936265 -0.014467343346300407 0.026405486647806981 -0.014444507803537796 0.023543437025320163 -0.021178200655886367 -6.0819294608669405e-05 -0.0194644807669665 -0.010839493872871087 0.035108636235045933 0.0097548730075653553 0.017280053436829021 -0.0015448504410760281 -0.0082993916591383304
leaf_weight=105.73679292798465 231.04811812342837 96.397507456463245 68.397616517664915 65.941036474636462 50.783428527167416 15.022826113330664 27.514694198666803 45.378712871503012 16.749772056471556 59.288841653612508 42.28213651367696 80.349076489313973 316.10541697980165 665.76992904418
leaf_count=6108 58871 10965 895 1688 381 258 1426 1496 514 739 642 3207 46258 62986
internal_value=-5.17108e-11 -0.00106855 -0.000153321 0.00891913 -0.00138146 0.011887 -0.00154467 0.007815 0.0188493 0.0251061 -0.00581515 -0.00313033 0.00260165 -0.00607143
internal_weight=1886.77 1655.72 1559.32 200.145 131.747 65.8063 1359.18 191.214 103.553 86.8035 87.6608 1167.96 396.454 771.507
internal_count=196434 137563 126598 3222 2327 639 123376 4817 2679 2165 2138 118559 49465 69094
is_linear=0
shrinkage=0.05


Tree=88
num_leaves=15
num_cat=0
split_feature=29 2 4 4 23 22 26 28 28 36 21 21 1 19
split_gain=5.74085 7.14377 14.9442 11.4899 8.85668 11.6634 10.5505 8.30377 9.65183 7.87631 6.55098 7.17203 11.9035 10.2712
threshold=0.92172086238861095 0.014815627597272398 0.0066007319837808618 0.016261236742138866 2.8029010295867924 6.7962646484375009 0.80426287651062023 4.6491756439208993 6.0294818878173837 0.88419538736343395 0.66033414006233226 0.78579434752464306 0.0067797389347106227 0.046432951465249069
decision_type=2 2 2 2 2 2 2 2 2 2 2 2 2 2
left_child=1 7 9 4 -4 -6 -7 10 -9 -3 -1 12 -12 -14
right_child=-2 2 3 -5 5 6 -8 8 -10 -11 11 -13 13 -15
leaf_value=0.018665190246747856 0.0092070411340142277 0.029359114247895737 0.011361755733845565 0.019030387620638953 0.0056189480595778829 -0.047234142616768095 -0.0017487769333255608 -0.020504246409171766 0.0027010397676008749 -0.015016404689607894 -0.0157203171594993 0.00098729193570995587 0.01157967357864715 -0.012275569737472933
leaf_weight=32.565821901803702 145.46263798123709 66.12706042092168 26.672621401026845 36.105995224119397 28.886875583413484 27.811895174905658 20.434133705683053 109.04102509038171 68.487386075372342 5.3034836695005643 183.86595823538829 961.00067840932752 104.77732525474271 64.593715408961671
leaf_count=28676 9103 1520 142 254 2635 217 122 23195 4005 64 50690 49816 4999 20996
internal_value=-1.9937e-11 -0.000819942 0.00758359 -0.00217896 -0.01058 -0.0186007 -0.031577 -0.00202689 -0.0118854 0.0246249 -0.000649372 -0.00126531 -0.0072521 0.00230474
internal_weight=1881.14 1735.67 211.342 139.912 103.806 77.1329 48.246 1524.33 177.528 71.4305 1346.8 1314.24 353.237 169.371
internal_count=196434 187331 4954 3370 3116 2974 339 182377 27200 1584 155177 126501 76685 25995
is_linear=0
shrinkage=0.05


Tree=89
num_leaves=15
num_cat=0
split_feature=1 31 29 35 24 21 21 21 22 29 39 49 19 44
split_gain=5.82073 7.67642 6.04777 5.67837 5.60154 5.54938 6.36822 11.1395 10.2331 9.32782 11.2831 8.51383 8.34993 7.67738
threshold=0.016261236742138866 0.70853558182716381 0.96575471758842479 0.085492223501205458 0.17023506015539172 0.66732630133628856 0.79098528623580944 0.81435698270797741 6.8007264137268075 0.13990493118762973 0.28961344063282018 0.033984988927841193 0.060521967709064491 0.75050917267799389
decision_type=2 2 2 2 2 2 2 2 2 2 2 2 2 2
left_child=2 -2 3 5 -5 -1 -7 8 9 11 -11 -8 -13 -12
right_child=1 -3 -4 4 -6 6 7 -9 -10 10 13 12 -14 -15
leaf_value=0.015146250285181607 0.02777198041191339 -0.0077546943602370844 0.016658368445782359 -0.0010261275681808795 0.03115507432156174 -0.0060295000086412242 -0.017972930472250188 -0.005418051795169708 0.012527544439888473 0.022511397309292691 -0.011239014329672899 0.015258494924419158 -0.0092633327728348178 0.013609005404713357
leaf_weight=39.063680709703249 30.932721517659957 18.532207703785389 39.997247431601863 25.9125638282203 16.943894929940143 598.53035476587161 91.892070070443879 471.78705124582302 240.76115104975179 67.163031598397538 73.425771088519468 51.528053742693373 69.847886073510381 39.720846723308568
leaf_count=33061 406 400 1074 1089 864 95282 11821 27864 2102 2654 6864 2594 5058 5301
internal_value=3.03458e-10 0.015396 -0.000498495 -0.000973182 0.0151843 -0.00145461 -0.00192115 0.000336 0.00463322 -0.000386681 0.00775618 -0.00731019 0.00151602 -0.0021192
internal_weight=1876.04 49.4649 1826.57 1786.58 42.8565 1743.72 1704.66 1106.13 634.339 393.578 180.31 213.268 121.376 113.147
internal_count=196434 806 195628 194554 1953 192601 159540 64258 36394 34292 14819 19473 7652 12165
is_linear=0
shrinkage=0.05


Tree=90
num_leaves=15
num_cat=0
split_feature=49 46 47 2 4 4 48 16 1 41 3 0 44 3
split_gain=5.43195 7.38087 8.12253 7.32767 12.24 9.27241 8.12356 7.28567 11.2619 8.75638 8.72655 7.83652 7.66947 10.8409
threshold=0.49573606252670294 0.89925268292427074 4.3502571582794198 0.014815627597272398 0.0063898416701704272 0.01183473411947489 0.80613556504249584 4.5000000000000009 0.01183473411947489 0.53571429848670971 0.01197647722437978 0.013986697886139156 0.11979661881923677 0.013793759513646366
decision_type=2 2 2 2 2 2 2 2 2 2 2 2 2 2
left_child=1 3 -3 7 -5 -6 -7 12 9 10 -9 -10 13 -1
right_child=-2 2 -4 4 5 6 -8 8 11 -11 -12 -13 -14 -15
leaf_value=-0.0047581639942471292 0.0070349941788259377 0.0097651291935565137 -0.021113145211814902 0.024495701462140137 -0.023042112937000876 0.014157374811182967 -0.014130668398778285 5.1483845505872531e-05 -0.018422570302697956 -0.010528096089681376 0.033416115728547351 0.0088412300552962401 0.001646472651255935 -0.031212367918064862
leaf_weight=624.56380419392644 229.65717867980561 21.915933612326626 73.903376861746437 66.547950504160895 25.270667668686997 77.32160906163881 26.689627510932041 27.465013411303062 44.608118220880897 16.781812183442526 58.688570736418114 42.392075189112802 505.58386412823893 31.918148202520115
leaf_count=55473 58871 1068 9897 895 940 861 526 1426 1496 514 739 642 61985 1101
internal_value=-4.18724e-10 -0.00101955 -0.0137952 -0.000145193 0.0086488 -0.000681459 0.00629583 -0.0014731 0.00736468 0.0178445 0.0238913 -0.00559598 -0.00296812 -0.00649338
internal_weight=1873.31 1643.65 95.8193 1547.83 195.83 129.282 104.011 1352 189.936 102.935 86.1536 87.0002 1162.07 656.482
internal_count=196434 137563 10965 126598 3222 2327 1387 123376 4817 2679 2165 2138 118559 56574
is_linear=0
shrinkage=0.05


Tree=91
num_leaves=15
num_cat=0
split_feature=29 29 46 47 35 1 30 46 44 46 1 43 26 21
split_gain=5.36924 7.74368 10.8845 7.04414 7.0428 7.03847 7.04422 6.75911 6.75564 10.3845 8.46966 8.09852 7.48103 6.35405
threshold=0.73267474770545971 0.25492133200168615 0.87103363871574413 6.1580326557159433 0.045427279546856887 0.0085107926279306429 0.005530398106202484 0.92004099488258373 0.17037300765514377 0.82874599099159252 0.016261236742138866 6.0485529899597177 0.75646984577178966 0.78938445448875438
decision_type=2 2 2 2 2 2 2 2 2 2 2 2 2 2
left_child=1 7 4 -2 -3 -4 -7 8 10 -10 11 -1 -11 -12
right_child=3 2 5 -5 -6 6 -8 -9 9 12 13 -13 -14 -15
leaf_value=-0.00025261838286996736 0.020899989359490282 -0.016836120001317772 -0.0060950903432458684 0.0015690677505379197 0.01198221828035452 -0.0069109744297344566 0.031320687883316135 -0.019771108994230721 -0.0054359251953596853 -0.0097370743139738401 0.034363857866114254 -0.018967970560690668 0.020125169976441613 -0.0034323081831839682
leaf_weight=994.4264737317726 56.18475826043732 194.39395637743036 50.729195088302731 170.14465442157234 16.555441808390981 13.471253413618795 26.076933616277529 29.42680867958552 79.143104711423803 18.421494933223585 19.700907203223323 51.389948337629903 133.30630828636095 15.114422484999521
leaf_count=68368 47639 48669 3308 6547 1899 900 420 7146 6134 1429 89 1306 2415 165
internal_value=-1.78478e-10 -0.00100833 -0.00811438 0.00704914 -0.0141345 0.00595942 0.0195314 0.000636223 0.00124026 0.0088128 -0.000443543 -0.00134321 0.0161217 0.0208508
internal_weight=1868.49 1642.16 301.227 226.329 210.949 90.2774 39.5482 1340.93 1311.5 230.871 1080.63 1045.82 151.728 34.8153
internal_count=196434 142248 55196 54186 50568 4628 1320 87052 79906 9978 69928 69674 3844 254
is_linear=0
shrinkage=0.05


Tree=92
num_leaves=15
num_cat=0
split_feature=18 44 15 36 28 36 24 36 49 18 41 15 17 39
split_gain=5.37608 7.95398 12.8431 11.4414 15.1229 10.0069 9.62699 11.4646 8.94988 8.2127 8.1673 8.10623 7.92767 7.78671
threshold=6.5991897583007821 0.12546464055776599 0.02925018779933453 0.61930641531944286 2.5249279737472539 0.20714285969734195 0.052389286458492286 0.83045977354049694 0.028326286002993587 6.5154528617858896 0.68333333730697643 0.070495925843715682 0.031754031777381904 0.18537125736474994
decision_type=2 2 2 2 2 2 2 2 2 2 2 2 2 2
left_child=1 2 6 -4 -5 -3 7 8 10 -6 -1 12 -11 -2
right_child=13 5 3 4 9 -7 -8 -9 -10 11 -12 -13 -14 -15
leaf_value=-0.016890596654085526 0.002531305912080015 -0.030708050749341739 0.011263169300665617 0.014638996515279135 0.012124741484314895 0.0061527046807070629 -0.016628768835998533 0.017974767999120383 0.0078149599650099155 0.0019347171623244515 0.013785638611433693 0.0076846598867009799 -0.037588452331651971 -0.012068104671668901
leaf_weight=140.99029084761432 162.32038319185813 9.1272577761076246 236.6938892637902 48.106135336078296 13.562272517574909 679.65716717866962 170.98790152787421 49.464552814512444 67.92101143901985 14.791397033433894 17.632929257204523 13.531021958100608 51.548065501730889 190.61725769859731
leaf_count=22341 4438 714 4962 769 1634 119278 18111 6618 6985 926 1386 229 1910 6133
internal_value=5.18902e-10 0.0013024 -0.00200067 0.00471406 -0.00625847 0.00523179 -0.00766127 -0.00171871 -0.00659677 -0.0173931 -0.0128652 -0.0231968 -0.0296771 -0.00546891
internal_weight=1866.95 1514.01 825.229 378.233 141.539 688.784 446.997 276.009 226.544 93.4328 158.623 79.8705 66.3395 352.938
internal_count=196434 185863 65871 10430 5468 119992 55441 37330 30712 4699 23727 3065 2836 10571
is_linear=0
shrinkage=0.05


Tree=93
num_leaves=15
num_cat=0
split_feature=35 18 20 1 18 24 23 24 29 49 37 0 31 43
split_gain=5.32202 6.59066 7.95852 6.99836 7.67189 9.16529 8.00036 7.83407 14.169 12.0168 9.30525 8.34626 10.1207 8.2927
threshold=0.085492223501205458 6.5991897583007821 0.027338310144841674 0.016261236742138866 6.5715825557708749 0.026965820230543617 2.6735538244247441 0.052389286458492286 0.098285295069217696 0.046503536403179176 1.0000000180025095e-35 0.0073801742400974044 0.84257367253303539 4.182021141052247
decision_type=2 2 2 2 2 2 2 2 2 2 2 2 2 2
left_child=1 2 3 4 -1 6 -6 9 -9 10 -7 13 -13 -10
right_child=-2 -3 -4 -5 5 7 -8 8 11 -11 -12 12 -14 -15
leaf_value=-0.0036259084324703874 0.015496680153839355 -0.0067202460455071085 0.020235127039740144 0.018714360090425614 0.012250182037855254 -0.0037862423986554671 -0.020915872300740507 -0.015115624913820781 -0.013530958623131237 -0.006684094968144272 0.035130976761738604 0.020705185786840458 -0.005168775209292307 0.0075343000194390969
leaf_weight=786.13385412757771 43.821027091991709 331.66757486947972 41.787726980446223 39.753420462875511 17.929798346034659 17.315668872819515 53.106802538044576 79.567062297121083 66.82867613536655 32.969796744335326 60.540239378751721 137.0770081232331 46.229987350903684 109.29521885354188
leaf_count=127180 1968 10144 32762 471 677 803 4347 3131 2784 1295 1383 1591 1812 6086
internal_value=-5.54038e-10 -0.000455714 0.000975647 0.000284271 -0.000364852 0.00375632 -0.012066 0.00597957 0.00280624 0.017277 0.0270298 0.00707536 0.01425 -0.000756269
internal_weight=1864.02 1820.2 1488.54 1446.75 1406.99 620.86 71.0366 549.824 438.998 110.826 77.8559 359.431 183.307 176.124
internal_count=196434 194466 184322 151560 151089 23909 5024 18885 15404 3481 2186 12273 3403 8870
is_linear=0
shrinkage=0.05


Tree=94
num_leaves=15
num_cat=0
split_feature=29 39 34 24 46 44 47 46 2 29 48 30 47 33
split_gain=5.17663 9.76143 10.0949 7.98084 7.60424 8.71637 8.15644 6.46957 6.44303 9.89676 11.4254 7.70532 10.4155 8.1487
threshold=0.58760038018226635 0.53210183978080761 0.59134769439697277 0.35611109435558325 0.89925268292427074 0.41852286458015447 4.3630783557891855 0.69282051920890819 0.014815627597272398 0.029025235213339332 0.78188824653625499 0.0064061528537422427 5.0398955345153817 2.2499048709869389
decision_type=2 2 2 2 2 2 2 2 2 2 2 2 2 2
left_child=1 3 -3 4 5 8 -6 -4 11 -10 -11 12 -1 -13
right_child=-2 2 7 -5 6 -7 -8 -9 9 10 -12 13 -14 -15
leaf_value=-0.0011268432675048464 0.0063252636165777162 -0.022782106374401406 -0.016685443472116743 -0.01827315277935361 0.0082117013343714802 0.019075475424490323 -0.023874282358868654 0.014178904076189712 0.021705132989473772 0.010731149800563278 -0.02133050772568626 -0.00049534831385758505 -0.019741404410314838 0.016748367055051099
leaf_weight=749.79078078960436 265.96701521211162 87.661746711601154 16.702294803340919 46.40382699827569 23.553541702000075 59.334996858708109 49.495967551263675 37.498525963252177 77.533499224271509 65.096356801836009 34.141683851587004 166.78167110876507 73.714209066309081 105.62596426266828
leaf_count=44398 78863 6490 1476 13919 840 2596 8835 1676 594 625 724 12084 18286 5028
internal_value=1.05977e-11 -0.00108871 -0.0131501 0.000172045 0.000906044 0.00180847 -0.0137857 0.00355038 0.000861013 0.00944594 -0.00124219 -0.000596633 -0.00300994 0.00654719
internal_weight=1859.3 1593.34 141.863 1451.47 1405.07 1332.02 73.0495 54.2008 1272.68 176.772 99.238 1095.91 823.505 272.408
internal_count=196434 117571 9642 107929 94010 84335 9675 3152 81739 1943 1349 79796 62684 17112
is_linear=0
shrinkage=0.05


Tree=95
num_leaves=15
num_cat=0
split_feature=29 35 24 18 43 24 43 18 1 24 23 29 21 48
split_gain=4.90021 4.98145 5.61142 5.18673 7.93907 7.18386 10.5848 7.10484 16.4614 10.4518 7.44986 7.43803 6.92045 8.43567
threshold=0.96252954006195079 0.085492223501205458 0.17023506015539172 6.5991897583007821 3.5694335699081425 0.11477533727884294 4.7916412353515634 6.5715825557708749 0.015749008394777778 0.026965820230543617 2.6735538244247441 0.073582537472248091 0.70202907919883739 0.67642995715141307
decision_type=2 2 2 2 2 2 2 2 2 2 2 2 2 2
left_child=1 3 -3 7 -5 6 -6 8 12 10 -9 -10 -1 -14
right_child=-2 2 -4 4 5 -7 -8 9 11 -11 -12 -13 13 -15
leaf_value=0.011527137479924397 0.014244598945061214 -0.0014177156115072836 0.030385885019629195 -0.029653203651104621 0.010005882221092569 -0.011413940117720626 -0.01904947952850105 0.01097285985210642 0.030123535851731709 0.0066224098915656018 -0.02119340522247707 -0.0072545487031448995 -0.013678279884103329 -0.0021030781646054868
leaf_weight=51.137513758531213 48.492198424028174 26.350906914847656 17.424075420147346 23.548241115320707 127.01568701041106 146.78305251230631 30.877183715172578 18.036156183508865 42.123026985296747 564.40081929005919 52.743093948964088 13.393669778292404 232.66111011026391 461.0736617124615
leaf_count=52513 1677 1097 867 1308 3005 4641 1128 680 399 19325 4356 1375 32109 71954
internal_value=-4.02219e-10 -0.000458414 0.0145378 -0.00091046 -0.00648106 -0.00380467 0.00352769 0.000399208 -0.00272058 0.00431169 -0.012653 0.021375 -0.00477584 -0.00612431
internal_weight=1856.06 1807.57 43.775 1763.79 328.224 304.676 157.893 1435.57 800.389 635.18 70.7793 55.5167 744.872 693.735
internal_count=196434 194757 1964 192793 10082 8774 4133 182711 158350 24361 5036 1774 156576 104063
is_linear=0
shrinkage=0.05


Tree=96
num_leaves=15
num_cat=0
split_feature=29 39 40 46 48 48 16 1 22 35 46 21 17 44
split_gain=4.78243 5.42359 7.11317 7.34432 6.76278 9.75835 8.28682 13.2032 14.4021 8.13423 7.30375 7.03348 10.2318 7.04574
threshold=0.92172086238861095 0.27091030776500707 0.027365021407604221 0.92864415049552929 0.65383735299110424 0.74361115694046032 4.5000000000000009 0.011696306522935631 6.8007264137268075 0.017869341187179092 0.85699680447578441 0.75546747446060192 0.048809524625539787 0.21984416991472247
decision_type=2 2 2 2 2 2 2 2 2 2 2 2 2 2
left_child=1 4 3 -3 6 9 11 -8 -9 10 -6 -1 -13 -14
right_child=-2 2 -4 -5 5 -7 7 8 -10 -11 -12 12 13 -15
leaf_value=0.0091321435676088598 0.008439084557117468 -0.007925605052424161 0.011513864758871967 0.022054880873535625 0.018591042019567225 0.00041058092395070361 0.027480101771172952 0.010477825004327852 -0.042020269627521471 -0.013081941578562335 -0.014989591524734917 -0.0057045856179753184 -0.035589229203208221 0.011345110174009139
leaf_weight=38.470263932786111 144.06219292846254 474.83183231901785 50.485816642404188 11.870558428432558 174.87692849196492 629.93309181138079 36.206556621572645 26.816527161807244 11.042591636069117 19.749257125870258 10.386704357330016 173.00172555611061 45.536161420604913 4.5550512163246131
leaf_count=29710 9103 36934 19151 759 12889 61949 1136 943 49 7493 875 14325 1068 50
internal_value=-2.73613e-10 -0.000756882 -0.00486817 -0.00676508 0.00115508 0.00355648 -0.00474894 0.009175 -0.0104151 0.0127541 0.0160371 -0.00888439 -0.0122497 -0.0301435
internal_weight=1851.83 1707.76 537.188 486.702 1170.57 834.946 335.629 74.0657 37.8591 205.013 185.264 261.563 223.093 50.0912
internal_count=196434 187331 56844 37693 130487 83206 47281 2128 992 21257 13764 45153 15443 1118
is_linear=0
shrinkage=0.05


Tree=97
num_leaves=15
num_cat=0
split_feature=35 24 29 29 46 47 46 48 48 15 34 4 32 28
split_gain=4.81186 5.93491 5.18183 9.84943 6.97444 6.05493 6.02846 5.64762 5.58162 11.058 8.59345 9.85484 9.16402 8.51534
threshold=0.085492223501205458 0.17023506015539172 0.73267474770545971 0.30399450659751898 0.92004099488258373 6.1580326557159433 0.92456668615341198 0.58334684371948253 0.65383735299110424 0.029818353243172172 0.020462160930037502 0.012422839645296337 3.4811217784881596 2.8029010295867924
decision_type=2 2 2 2 2 2 2 2 2 2 2 2 2 2
left_child=2 -2 3 4 8 -4 -5 -7 9 -1 12 -12 -11 -13
right_child=1 -3 5 6 -6 7 -8 -9 -10 10 11 13 -14 -15
leaf_value=-0.011745440204667832 -0.0017297390358127003 0.030716878979395582 0.019514511715047918 -0.013739778278721616 -0.020058269865790825 0.014080458952365628 0.017480456366049928 -0.0045039925303850649 0.0027198259634537269 -0.025068223507750193 0.019131962426375663 0.0119289002579903 0.015176051452039367 -0.026897701813360233
leaf_weight=212.82004810763192 26.371425690784235 17.988937516995065 54.81055188974733 188.49245912264382 31.792637860319701 49.85275231488049 8.3382793059863598 119.53081601321173 962.07568029745073 31.231083890335867 94.544775099883054 19.370503559301142 13.44794101858133 18.830115172106503
leaf_count=21561 1097 871 47399 49256 7334 955 521 5591 58665 728 1475 238 341 402
internal_value=2.3396e-10 0.0146581 -0.000438986 -0.00145883 6.15208e-05 0.00650783 -0.011636 0.00144578 0.000678295 -0.00429693 0.00478752 0.0110339 -0.0123949 -0.00881951
internal_weight=1849.5 44.3604 1805.14 1580.94 1384.11 224.194 196.831 169.384 1352.32 390.244 177.424 132.745 44.679 38.2006
internal_count=196434 1968 194466 140521 90744 53945 49777 6546 83410 24745 3184 2115 1069 640
is_linear=0
shrinkage=0.05


Tree=98
num_leaves=15
num_cat=0
split_feature=35 24 18 20 18 1 24 29 43 23 45 0 0 30
split_gain=4.77943 5.68856 5.0111 6.42495 5.59692 13.2912 7.46124 7.36709 7.22959 6.57158 6.26144 8.88309 8.45105 10.281
threshold=0.085492223501205458 0.17023506015539172 6.5964629650115976 0.027338310144841674 6.5715825557708749 0.015749008394777778 0.026965820230543617 0.92172086238861095 3.9219243526458745 2.6735538244247441 0.0004426660889293999 0.012422839645296337 0.0093025267124176043 0.0035520651144906883
decision_type=2 2 2 2 2 2 2 2 2 2 2 2 2 2
left_child=2 -2 3 4 5 7 9 -1 -7 -6 11 -8 -12 -14
right_child=1 -3 -4 -5 6 8 10 -9 -10 -11 12 -13 13 -15
leaf_value=-0.0060105201175228162 -0.0016181529223573271 0.030093445104556957 -0.0054005738944521266 0.018658263105633847 0.011324997719784759 0.030902075855469315 0.018747863584379056 0.0089051361139032715 -0.0029645594948438984 -0.019257837167601925 -0.0042869569889745374 -0.015317911538898665 0.020118714464653416 -0.004880859796387655
leaf_weight=663.03631666145907 26.247832455903335 18.406332104745161 387.58951363693814 39.438810901557872 17.424554232922674 34.105597799876705 130.49469575280273 85.421124971415338 22.000167003662227 48.307504114476615 200.9040284146613 14.49191214233724 97.452527014887892 61.326811202045064
leaf_count=119706 1097 871 12137 32653 641 209 5029 6576 1057 4126 9847 413 887 1185
internal_value=-1.86001e-10 0.0145678 -0.0004394 0.000948482 0.000309451 -0.00236626 0.00405934 -0.00421324 0.0191827 -0.0107259 0.00615607 0.0145742 0.00246031 0.0107458
internal_weight=1846.65 44.6542 1801.99 1414.4 1374.97 804.563 570.402 748.457 56.1058 65.7321 504.67 144.987 359.683 158.779
internal_count=196434 1968 194466 182329 149676 127548 22128 126282 1266 4767 17361 5442 11919 2072
is_linear=0
shrinkage=0.05


Tree=99
num_leaves=15
num_cat=0
split_feature=35 24 29 29 46 35 46 48 15 48 30 49 34 4
split_gain=4.68965 5.29922 4.75948 8.9195 6.50102 6.17148 5.81776 5.29127 9.98133 7.73519 8.56894 10.9698 6.73223 8.74505
threshold=0.085492223501205458 0.17023506015539172 0.72860080003738414 0.30399450659751898 0.92004099488258373 0.015923495404422287 0.92456668615341198 0.65383735299110424 0.029818353243172172 0.70764198899269115 0.0035520651144906883 0.18207137286663058 0.020462160930037502 0.012422839645296337
decision_type=2 2 2 2 2 2 2 2 2 2 2 2 2 2
left_child=2 -2 3 4 7 -4 -5 8 -1 10 11 -9 -10 -14
right_child=1 -3 5 6 -6 -7 -8 9 12 -11 -12 -13 13 -15
leaf_value=-0.011337030659644705 -0.0013142986479090537 0.029353227784303795 -0.0021900149396464905 -0.013311709989094443 -0.019391085291800128 0.013898156992338644 0.017246975933468526 0.023742810658482175 -0.010945125102505171 0.00068010923216223803 -0.0067846436848711424 -0.026134594705967608 0.01766774331390791 -0.0087164064258527102
leaf_weight=211.37851906865723 26.230750936295408 18.510341610902287 110.44133485684546 184.92547670965587 31.835728145237226 113.77384718109721 8.4490963614080083 101.20703979033402 43.614232667954639 820.1507493694354 35.718274318927399 4.0363822466929369 93.480441218389387 37.897324886966942
leaf_count=21561 1097 871 16694 48245 7334 38262 521 4898 1069 51135 2347 285 1475 640
internal_value=-3.28617e-10 0.0144179 -0.000436798 -0.00141892 2.22318e-05 0.00621847 -0.0111941 0.000620359 -0.00425313 0.00260314 0.0130056 0.0197281 0.00445402 0.00997875
internal_weight=1841.65 44.7411 1796.91 1572.69 1379.32 224.215 193.375 1347.48 386.371 961.112 140.962 105.243 174.992 131.378
internal_count=196434 1968 194466 139510 90744 54956 48766 83410 24745 58665 7530 5183 3184 2115
is_linear=0
shrinkage=0.05


Tree=100
num_leaves=15
num_cat=0
split_feature=49 39 48 3 32 36 30 15 28 46 35 22 28 49
split_gain=4.4819 6.1229 9.41207 13.2592 9.4054 8.3918 7.12235 6.97095 6.85539 6.06991 5.41073 5.36586 6.17704 8.4056
threshold=0.49573606252670294 0.27091030776500707 0.61194741725921642 0.0092167854309082049 4.0689902305603036 0.20714285969734195 0.015322835650295021 0.018185576424002651 3.7954261302948002 0.71718332171440136 0.026198132894933227 6.7996129989624032 2.5249279737472539 0.069898072630167021
decision_type=2 2 2 2 2 2 2 2 2 2 2 2 2 2
left_child=1 -1 5 4 6 -3 11 8 -7 -6 -2 -4 13 -13
right_child=10 2 3 -5 9 7 -8 -9 -10 -11 -12 12 -14 -15
leaf_value=0.0010130474748392864 0.003042899559617257 -0.029479789865780117 -0.0071074205683364661 -0.027917663934932148 0.0088102001091124316 -0.018936099945459146 -0.025289270911990985 0.015895045199453513 0.0089653931869803742 -0.028598549984354394 0.024252622775736088 -0.027278900813521835 0.020960122763321248 0.010139835254583524
leaf_weight=1155.3816181054744 198.3972649953439 7.4833051891937989 54.19970057955652 73.929511625486839 8.7883337058824491 31.34265652220347 12.147701045672873 85.426113844292445 38.123571019072244 40.336506620817318 26.36006048729314 11.973260895349084 56.980858972296119 37.583613730035722
leaf_count=106701 40047 409 5421 3609 2683 2400 1739 4586 3574 4901 18824 358 678 504
internal_value=5.91473e-10 -0.000933646 -0.00575797 -0.0109385 -0.00432484 0.0037707 0.00147971 0.00706752 -0.00442228 -0.021548 0.00645756 0.00486546 0.0110437 -0.00196311
internal_weight=1838.45 1613.7 458.315 295.939 222.01 162.376 172.885 154.892 69.4662 49.1248 224.757 160.737 106.538 49.5569
internal_count=196434 137563 30862 19893 16284 10969 8700 10560 5974 7584 58871 6961 1540 862
is_linear=0
shrinkage=0.05


Tree=101
num_leaves=15
num_cat=0
split_feature=35 29 19 45 44 20 46 39 46 29 36 40 15 32
split_gain=4.74326 8.05386 8.09128 8.49637 9.75584 7.51154 7.42451 6.87802 6.44805 9.90548 6.23173 5.60374 5.5707 9.34067
threshold=0.012938254978507759 0.053467784076929099 0.12654079496860507 0.0029549916507676248 0.33411054313182836 0.017763053067028526 0.8635900914669038 0.05096773989498616 0.78762757778167736 0.12488393113017084 0.6601788103580476 0.011088194325566294 0.012121656909585001 3.3315663337707524
decision_type=2 2 2 2 2 2 2 2 2 2 2 2 2 2
left_child=12 7 6 -4 10 -6 8 -2 9 -3 -5 -10 13 -1
right_child=1 2 3 4 5 -7 -8 -9 11 -11 -12 -13 -14 -15
leaf_value=-0.01931712534675108 0.0044519693367184371 0.01808168541689471 0.0062472953211866744 -0.022985577416944313 0.030841700754688187 -0.0038094639912290454 -0.0063301102217663543 -0.027285354026760567 -0.0056926353390419661 -0.022347508993812468 -0.00077442232655251992 0.034811036321685133 0.0001629525752906058 -0.00127065727873075
leaf_weight=101.32272457678332 26.256182553669646 35.352590987385412 348.37239888162458 70.698302861359267 15.621970215375766 35.360024354868401 27.663708568086804 28.609957154087169 6.8828180916607371 13.071803896615704 53.064049061664832 54.916575895818823 815.16284957593325 205.83093568758559
leaf_count=8349 1573 1940 61073 5765 225 19217 806 1783 229 3125 2931 973 47371 41074
internal_value=2.18625e-11 0.00315514 0.00474259 0.00178676 -0.00696264 0.0101248 0.0150773 -0.0137526 0.0205297 0.00521108 -0.0142322 0.0301354 -0.0020226 -0.00764513
internal_weight=1838.19 715.87 661.004 523.117 174.744 50.982 137.887 54.8661 110.224 48.4244 123.762 61.7994 1122.32 307.154
internal_count=196434 99640 96284 89211 28138 19442 7073 3356 6267 5065 8696 1202 96794 49423
is_linear=0
shrinkage=0.05


Tree=102
num_leaves=15
num_cat=0
split_feature=35 46 48 18 30 41 46 22 29 25 25 23 15 52
split_gain=4.69448 7.98547 7.11824 6.59558 6.51211 7.11523 5.75211 8.49005 8.10307 5.38988 5.02351 4.223 4.19696 6.51522
threshold=0.016132541932165626 0.79087123274803173 0.60699892044067394 6.5301482677459726 0.001296940725296736 0.63068181276321422 0.85334691405296337 6.7962646484375009 0.19840393215417865 0.01358438888564706 0.033312929794192321 5.2176458835601816 0.0068729333579540261 1.0000000180025095e-35
decision_type=2 2 2 2 2 2 2 2 2 2 2 2 2 2
left_child=10 2 9 -4 -5 -6 7 -3 11 -2 12 -8 13 -1
right_child=1 6 3 4 5 -7 8 -9 -10 -11 -12 -13 -14 -15
leaf_value=-0.021877961965877435 0.01470532882934669 -0.0073548626350242331 0.0050096474491246436 0.010997825909039999 -0.031699327280656497 0.0033753733799943295 0.007773497866976945 0.026426046514841758 0.0096553802691036542 -0.010149901279014373 -0.018529399754439586 -0.017226300800727849 -0.00023220834041758683 0.004314672651030485
leaf_weight=46.880385482684915 56.973510865420167 19.535090646490971 37.684635814289578 9.9220934369950538 52.721109512785915 16.460791415302083 17.485618660226464 68.357603147160262 175.90588283533543 23.960708835766553 32.446115868106972 45.077358803997413 1195.1964303472375 35.937922251876444
leaf_count=9060 1482 2865 43248 279 2364 442 1108 645 7738 19895 4172 1633 96292 5211
internal_value=2.75049e-10 0.00395551 -0.00385489 -0.0113647 -0.0188522 -0.0239815 0.0086613 0.0189335 0.00426561 0.00703992 -0.00159988 -0.0101308 -0.00102955 -0.0112717
internal_weight=1834.55 524.084 197.723 116.789 79.104 69.1819 326.362 87.8927 238.469 80.9342 1310.46 62.563 1278.01 82.8183
internal_count=196434 81699 67710 46333 3085 2806 13989 3510 10479 21377 114735 2741 110563 14271
is_linear=0
shrinkage=0.05


Tree=103
num_leaves=15
num_cat=0
split_feature=35 29 24 39 35 17 19 29 19 46 31 35 22 32
split_gain=4.76098 7.18143 8.24553 5.99456 5.98841 7.06128 7.20409 5.20463 7.23762 9.34682 7.71068 7.60302 5.67276 5.41612
threshold=0.012938254978507759 0.053467784076929099 0.081217527389526381 0.05096773989498616 0.016368712298572067 0.010256679728627207 0.13842456042766574 0.72860080003738414 0.12654079496860507 0.8635900914669038 0.74752378463745128 0.085492223501205458 6.7973818778991708 2.552972793579102
decision_type=2 2 2 2 2 2 2 2 2 2 2 2 2 2
left_child=-1 3 4 -2 -3 -6 -7 8 9 10 13 -10 -12 -4
right_child=1 2 7 -5 5 6 -8 -9 11 -11 12 -13 -14 -15
leaf_value=-0.0020264950208558905 0.0041156920880229498 0.027500580339051256 0.015078094563740669 -0.025573346189164417 0.029120122870472831 0.011855985183066488 -0.018787920159626142 0.0095145765069197738 -0.0080704562613590162 -0.01616560695283947 -0.0096922001909710166 0.014166438315953215 0.031491237434676883 -0.021400538850478306
leaf_weight=1120.6943199573329 26.283499426365665 50.984892204833045 9.4811829658576148 28.261939396030357 12.206393889850004 29.431796988676069 27.802800448000198 149.23740307360725 260.37587644799692 18.044962990994463 5.0774998732468921 35.484301271646473 48.473141979193315 12.127588615538569
leaf_count=96794 1573 1078 168 1783 269 874 1193 44189 41520 624 912 1378 258 3821
internal_value=-8.19904e-11 0.00316802 0.00466632 -0.0128461 0.0159557 0.00508453 -0.00361024 0.00189578 -0.00119183 0.0102911 0.0177955 -0.00502748 0.0266757 -0.0056884
internal_weight=1833.97 713.273 658.728 54.5454 120.426 69.441 57.2346 538.302 389.065 93.2044 75.1594 295.86 53.5506 21.6088
internal_count=196434 99640 96284 3356 3414 2336 2067 92870 48681 5783 5159 42898 1170 3989
is_linear=0
shrinkage=0.05


Tree=104
num_leaves=15
num_cat=0
split_feature=35 46 30 35 18 49 34 44 46 27 29 25 21 19
split_gain=4.52282 6.85047 7.19966 8.42089 8.77746 6.15072 5.49522 5.17569 4.85671 7.89128 6.07198 4.17798 4.17912 4.8149
threshold=0.016132541932165626 0.79087123274803173 0.0033213291317224507 0.051304815337061889 6.5687797069549569 0.13606715947389605 0.12250087410211564 0.60636851191520702 0.85334691405296337 5.4722616672515878 0.19840393215417865 0.033312929794192321 0.85379686951637279 0.18643406778573993
decision_type=2 2 2 2 2 2 2 2 2 2 2 2 2 2
left_child=11 2 5 4 6 -2 -4 -7 9 -3 -10 12 13 -1
right_child=1 8 3 -5 -6 7 -8 -9 10 -11 -12 -13 -14 -15
leaf_value=0.00076800937628729803 0.022973843170834243 -0.014066761109329813 0.016993532708730105 0.011698487143463464 -0.028815624450545887 -0.016291028564920748 -0.011179269895949313 0.01651171000536927 -0.0083632695566360684 0.022918352390536002 0.0088344265866293816 -0.017058182426551396 0.020717729529612445 -0.0057223077170170241
leaf_weight=846.51135996939718 29.99251325434534 10.269741820695343 17.165813697523873 28.387602143896999 51.624383556249086 22.936795715750122 37.806421278348523 9.4284197365333267 62.16598219845946 78.379369244655436 174.66864393757896 32.190727416689469 11.720021028799236 419.88196495595332
leaf_count=66084 3807 1406 998 2092 2057 12017 18426 28313 2741 2104 7738 4172 1007 43472
internal_value=5.88138e-11 0.00388836 -0.003359 -0.00965254 -0.0158542 0.00971567 -0.00112044 -0.00509328 0.0082516 0.0176421 0.00416432 -0.0015692 -0.00104969 -0.00141188
internal_weight=1833.13 522.826 197.342 134.984 106.597 62.3577 54.9722 32.3652 325.484 88.6491 236.835 1310.3 1278.11 1266.39
internal_count=196434 81699 67710 23573 21481 44137 19424 40330 13989 3510 10479 114735 110563 109556
is_linear=0
shrinkage=0.05


Tree=105
num_leaves=15
num_cat=0
split_feature=40 44 24 17 31 31 40 34 1 43 2 36 22 28
split_gain=4.98002 5.58124 5.54302 4.60521 4.74515 9.25069 9.8405 11.6067 6.96634 21.7975 6.57487 6.30158 7.76089 7.73641
threshold=0.027365021407604221 0.086925487965345397 0.13140550255775454 0.0093898782506585139 0.68908989429473888 0.71010184288024913 0.0014550025807693603 0.15874367952346805 0.015038444194942715 3.6242519617080693 0.010471491608768703 0.63003221154212963 6.7973818778991708 1.4978661537170412
decision_type=2 2 2 2 2 2 2 2 2 2 2 2 2 2
left_child=3 -2 -3 -1 8 6 -6 -8 11 -10 -9 12 -5 -14
right_child=1 2 -4 4 5 -7 7 10 9 -11 -12 -13 13 -15
leaf_value=-0.017793896390428967 -0.013324293065083051 0.027405731058723501 0.0024111962209784309 -0.0015665991708234527 0.030187166626046692 -0.00045723708166053097 -0.010868396268433217 0.023209989626508241 0.029726880756113822 -0.02570758327636475 -0.0088317167974512108 0.00021600113955283994 0.0023036164871141091 -0.026661108705872745
leaf_weight=28.263982575218961 12.825075931590559 36.826074657660797 46.202095635720923 96.818084120194385 41.730231422921122 1082.9859144960151 62.105689814945663 59.718438299964248 38.482061254268046 18.737054622646497 14.966167511069214 170.18776572712045 27.692875961598475 93.916377953370102
leaf_count=5267 926 922 32646 57405 576 70402 1657 883 288 1225 150 20124 1314 2649
internal_value=1.21496e-11 0.0105305 0.0152515 -0.000638569 -0.000252614 0.00131799 0.0115403 0.00418282 -0.00462812 0.0104503 0.0165044 -0.00705472 -0.0124812 -0.0203914
internal_weight=1831.46 95.8532 83.0282 1735.6 1707.34 1261.51 178.521 136.79 445.834 57.2191 74.6846 388.615 218.427 121.609
internal_count=196434 34494 33568 161940 156673 73668 3266 2690 83005 1513 1033 81492 61368 3963
is_linear=0
shrinkage=0.05


Tree=106
num_leaves=15
num_cat=0
split_feature=40 26 29 39 48 48 21 25 17 23 23 16 46 32
split_gain=5.21379 5.41731 4.30535 5.8801 6.73607 9.24797 7.84297 6.81734 6.62115 14.0277 13.5159 8.54912 6.33496 6.19995
threshold=0.027365021407604221 0.77316176891326915 0.92172086238861095 0.2770939320325852 0.65383735299110424 0.74361115694046032 0.80639681220054638 2.0896368368994448e-05 0.046536797657608993 2.8029010295867924 4.9522936344146737 4.5000000000000009 0.92456668615341198 6.1601512432098398
decision_type=2 2 2 2 2 2 2 2 2 2 2 2 2 2
left_child=2 -2 3 4 8 6 7 -6 11 -10 -11 -1 -5 -7
right_child=1 -3 -4 12 5 13 -8 -9 9 10 -12 -13 -14 -15
leaf_value=-0.0040998909092259481 0.020315828560684021 -0.0021222055653688046 0.0075445293122397075 -0.007217440740134278 -0.0081410576842999068 -0.0012248627720205904 -0.0048811341953010103 0.021004155193874167 0.006301173010824614 -0.048316963511197832 -0.0039710264687121818 0.023805712455775951 0.019779118309802116 0.02235344632489665
leaf_weight=185.3628283670279 51.981442541562728 44.481738564943043 136.82345866486685 454.63248556187409 17.893084700126792 594.41864541208452 47.903964378387172 134.49087017760507 42.909629968344234 29.664816978072167 33.770654690352529 21.932577040722549 13.338556622184113 19.229303370942944
leaf_count=34794 31682 2812 8940 35935 2209 56511 2547 14132 664 585 3722 634 862 405
internal_value=-5.99711e-11 0.0107416 -0.000656337 -0.0014022 0.000563078 0.00295926 0.0120083 0.0172913 -0.0055546 -0.0151008 -0.0284644 -0.00018771 -0.00605024 -0.000139428
internal_weight=1828.83 96.4632 1732.37 1595.55 1127.58 813.936 200.288 152.384 313.641 106.345 63.4355 207.295 467.971 613.648
internal_count=196434 34494 161940 153000 116203 75804 18888 16341 40399 4971 4307 35428 36797 56916
is_linear=0
shrinkage=0.05


Tree=107
num_leaves=15
num_cat=0
split_feature=40 44 24 31 31 25 4 40 4 34 39 21 23 1
split_gain=5.7275 5.83989 5.59668 4.26594 8.06018 11.6746 9.11578 5.85567 5.41862 8.64128 7.6711 5.59505 4.9356 14.5251
threshold=0.027365021407604221 0.086925487965345397 0.13140550255775454 0.68908989429473888 0.71503761410713207 0.00080889629316516231 0.0093898782506585139 4.2434923670953146e-05 0.0066890381276607522 0.15874367952346805 0.18537125736474994 0.79603478312492382 2.8029010295867924 0.013606071937829258
decision_type=2 2 2 2 2 2 2 2 2 2 2 2 2 2
left_child=3 -2 -3 12 5 -5 8 -6 9 -7 -11 -12 13 -1
right_child=1 2 -4 4 7 6 -8 -9 -10 10 11 -13 -14 -15
leaf_value=-0.0069873514861237664 -0.013356190770567995 0.027848389139308788 0.0028868455342597609 0.028110399896275243 -0.023320995102327317 -0.016343491814621934 -0.018467387036743024 -0.0003076528836711914 0.022748502733804021 0.034508170873317916 0.016811292010007233 -0.017667846007946613 -0.0085290322233981513 0.02466918956184376
leaf_weight=115.88284281852259 12.827853189002068 38.391440841479607 46.75649115674608 51.662357397238907 18.383376369339885 32.272146668864949 31.436832811937236 1070.043881345214 33.851369281925827 14.514674160829598 11.325355299421092 16.53077205788577 294.94197144745829 40.976652679033577
leaf_count=7712 926 922 32646 1123 2102 1443 665 69251 629 122 385 423 77707 378
internal_value=-3.09369e-10 0.0111745 0.0158855 -0.00069271 0.00078783 0.00997316 0.00184865 -0.000905119 0.00879705 0.00052984 0.0140483 -0.00291194 -0.00481353 0.00226517
internal_weight=1829.8 97.9758 85.1479 1731.82 1280.02 191.594 139.931 1088.43 108.494 74.6429 42.3708 27.8561 451.801 156.859
internal_count=196434 34494 33568 161940 76143 4790 3667 71353 3002 2373 930 808 85797 8090
is_linear=0
shrinkage=0.05


Tree=108
num_leaves=15
num_cat=0
split_feature=20 26 50 29 19 43 48 48 0 34 17 26 15 46
split_gain=7.24188 6.76534 4.87773 4.17229 4.52752 11.7629 8.91726 7.9497 6.75089 7.505 6.62818 13.1435 11.3065 8.69972
threshold=0.027985433116555217 0.76349321007728588 0.031103745102882389 0.92172086238861095 0.14846459031105044 6.0485529899597177 0.66372072696685802 0.70764198899269115 0.014599318150430919 0.52796861529350292 0.046536797657608993 0.45111015439033514 0.028174243867397312 0.63952660560607921
decision_type=2 2 2 2 2 2 2 2 2 2 2 2 2 2
left_child=3 2 -2 4 5 6 10 -8 -6 -10 12 -12 -1 -13
right_child=1 -3 -4 -5 8 -7 7 -9 9 -11 11 13 -14 -15
leaf_value=-0.0078484034304264431 0.0070448422660911968 -0.0031659629803057498 0.040127484841684519 0.0073728990463458365 -0.0029450876074519888 -0.018034112135150607 0.018557531526474737 0.0031357194196937853 -0.030918926660226054 0.0070076197001181229 0.013864401684618272 -0.042978251731628454 0.018310593120580431 -0.006743351132784888
leaf_weight=117.54091601161502 27.804754335986445 32.499323109280795 17.357781150392384 137.05012432648982 625.62467462567975 66.243670091454078 90.804274938432513 527.69335141985334 34.90442410795913 13.91310809227434 21.359763824462789 28.0792940016172 51.107082729862839 37.281158679150394
leaf_count=17374 27309 2179 3671 8950 83081 6722 4628 36596 2031 452 372 725 1523 821
internal_value=-9.52386e-11 0.0140264 0.0247292 -0.000697988 -0.00142425 0.000819938 0.00243704 0.0056591 -0.00451871 -0.0207561 -0.00528592 -0.015722 0.000660037 -0.0259475
internal_weight=1829.26 77.6619 45.1625 1751.6 1614.55 940.11 873.866 618.498 674.442 48.8175 255.368 86.7202 168.648 65.3605
internal_count=196434 33159 30980 163275 154325 68761 62039 41224 85564 2483 20815 1918 18897 1546
is_linear=0
shrinkage=0.05


Tree=109
num_leaves=15
num_cat=0
split_feature=40 26 29 39 48 48 21 15 32 44 44 24 27 36
split_gain=5.08625 5.7155 4.1515 7.13862 6.36959 7.92509 7.07807 6.11621 6.02388 7.28254 8.38045 6.41323 7.76968 5.9075
threshold=0.027365021407604221 0.77316176891326915 0.58760038018226635 0.2770939320325852 0.65383735299110424 0.74361115694046032 0.80639681220054638 0.012820776086300613 6.1601512432098398 0.046326441690325744 0.002454823581501842 0.086089614778757109 5.482717990875245 0.84764185547828685
decision_type=2 2 2 2 2 2 2 2 2 2 2 2 2 2
left_child=2 -2 3 4 -1 6 7 -6 9 10 -7 -12 -13 -11
right_child=1 -3 -4 -5 5 8 -8 -9 -10 13 11 12 -14 -15
leaf_value=-0.0056493800806339351 0.019985662667973792 -0.002753633528021303 0.005333305541268236 -0.0075794481400194768 -0.002112748456766564 0.010493170601311969 -0.0049561089839220236 0.020999250418483748 0.02200048884957723 -0.00058633543320841218 -0.016853273469595788 0.021759942832185845 -0.018033993806294769 0.013763833820143659
leaf_weight=308.74821721897001 54.693874207340286 44.482588023972539 238.56725652111118 368.82321026518548 34.55692593582296 40.520505541154279 48.177270493059041 119.345678916005 19.130677730296156 284.86482327259239 150.37164318484864 19.731940316109107 11.472635472571708 85.514004035119797
leaf_count=26172 31682 2812 52425 22695 6412 4545 2547 4371 405 19939 16063 389 594 5383
internal_value=2.85772e-10 0.0104686 -0.000656919 -0.00164436 0.000355572 0.00267504 0.0110038 0.0159975 -0.000209619 -0.00128003 -0.00824199 -0.0127524 0.00630338 0.00300161
internal_weight=1829 99.1765 1729.82 1491.26 1122.43 813.686 202.08 153.903 611.606 592.476 222.097 181.576 31.2046 370.379
internal_count=196434 34494 161940 109515 86820 60648 13330 10783 47318 46913 21591 17046 983 25322
is_linear=0
shrinkage=0.05


Tree=110
num_leaves=15
num_cat=0
split_feature=40 44 24 17 31 31 25 1 27 40 1 47 55 36
split_gain=4.33103 5.20797 4.90558 4.13341 4.29342 8.13414 9.65106 9.47434 10.0739 5.89342 5.80882 12.0641 7.5111 6.38144
threshold=0.027365021407604221 0.086925487965345397 0.13140550255775454 0.0093898782506585139 0.68908989429473888 0.71503761410713207 0.00080889629316516231 0.0079052620567381399 5.482717990875245 4.2434923670953146e-05 0.014185110572725536 4.3630783557891855 1.0000000180025095e-35 0.63003221154212963
decision_type=2 2 2 2 2 2 2 2 2 2 2 2 2 2
left_child=3 -2 -3 -1 10 6 -6 -8 -9 -7 13 12 -12 -5
right_child=1 2 -4 4 5 9 7 8 -10 -11 11 -13 -14 -15
leaf_value=-0.017023922985447495 -0.013353427931875462 0.025219235276730964 0.0021514004903131641 -0.012708083827555887 0.027040165281188772 -0.023342108279787055 0.012223230750573213 -0.02614597799513186 0.014411198142408856 0.00011235087065505 0.024766564974005027 -0.025052487118416795 -0.011984747181242887 0.00040812625817667777
leaf_weight=27.516422521257482 12.7670364081399 38.970240748218885 47.41799503886763 203.09512011001686 51.348527607995095 17.481124455712916 89.798606284447629 33.809343942330798 15.691244882909812 1050.6402421953351 49.365840409620432 12.829756096635718 11.529818868264554 163.1134627100663
leaf_count=5267 926 922 32646 60595 1069 2009 2581 812 148 67049 581 1879 149 19801
internal_value=-1.92049e-11 0.00966058 0.0140943 -0.000607356 -0.000243358 0.00124628 0.0104837 0.00297835 -0.0130284 -0.000484457 -0.00443857 0.00764781 0.0170992 -0.00701042
internal_weight=1825.37 99.1553 86.3882 1726.22 1698.7 1258.77 190.648 139.299 49.5006 1068.12 439.934 73.7254 60.8957 366.209
internal_count=196434 34494 33568 161940 156673 73668 4610 3541 960 69058 83005 2609 730 80396
is_linear=0
shrinkage=0.05


Tree=111
num_leaves=15
num_cat=0
split_feature=29 35 24 3 19 18 18 1 30 30 2 31 30 4
split_gain=4.1913 4.00604 5.0568 3.69045 8.22045 3.95463 4.20529 6.55176 4.97834 8.24635 8.14149 11.5511 9.34318 7.71675
threshold=0.96575471758842479 0.085492223501205458 0.17023506015539172 0.016261236742138866 0.062582436949014678 5.9175479412078866 6.5517940521240243 0.015749008394777778 0.00050445456872694205 0.0018857044633477928 0.0065147271379828462 0.86521583795547496 2.0453897377592515e-05 0.013423423748463394
decision_type=2 2 2 2 2 2 2 2 2 2 2 2 2 2
left_child=1 3 -3 5 -5 -1 7 -7 10 13 -8 12 -12 -10
right_child=-2 2 -4 4 -6 6 8 -9 9 -11 11 -13 -14 -15
leaf_value=0.01417814226619981 0.014389509134681098 -0.0020885707517387876 0.027520658435233533 0.024196232145141622 -0.014889059788041909 -0.0078646527188594821 -0.0027626679422810595 0.016966462726122268 -0.0056143570446860113 0.00068382550087917374 -0.006929811514029144 -0.0033398382160022763 0.0324056214319784 -0.030103820787009541
leaf_weight=30.865841327959515 39.252899100218201 26.509068279755411 18.555265769653488 30.186383554216263 12.153516718062745 354.52827964649009 141.35015274888337 19.354264659385535 207.32237835376145 776.98433469784504 15.018404274203929 56.057233260020439 64.7883611056277 29.891024618729716
leaf_count=25303 1095 1097 869 214 592 106347 14358 1024 10189 27300 942 4845 1645 614
internal_value=2.82998e-10 -0.000395149 0.0128869 -0.000811171 0.0122758 -0.00120789 -0.00157599 -0.00617077 -0.000208541 -0.00183835 0.00561059 0.0139141 0.0250559 -0.00979315
internal_weight=1822.82 1783.56 45.0643 1738.5 42.3399 1696.16 1665.29 373.883 1291.41 1014.2 277.214 135.864 79.8068 237.213
internal_count=196434 195339 1966 193373 806 192567 167264 107371 59893 38103 21790 7432 2587 10803
is_linear=0
shrinkage=0.05


Tree=112
num_leaves=15
num_cat=0
split_feature=40 24 32 43 35 25 24 30 22 31 28 17 34 34
split_gain=4.11712 6.53974 9.50133 7.62807 8.57063 6.75845 7.10831 6.15211 8.44906 9.92923 6.00213 8.71535 8.2571 9.54265
threshold=0.013704702258110048 0.096823677420616164 3.9981586933135991 3.5972183942794804 0.085492223501205458 0.020800292491912845 0.1045690104365349 0.0035951695172116165 6.7984981536865243 0.77944087982177745 2.0126758217811589 0.025978407822549347 0.01495186844840646 0.0064228815026581296
decision_type=2 2 2 2 2 2 2 2 2 2 2 2 2 2
left_child=7 2 -2 4 -3 -5 -7 10 -9 -10 11 -1 13 -12
right_child=1 3 -4 5 -6 6 -8 8 9 -11 12 -13 -14 -15
leaf_value=-0.0071956568238768772 0.019975507365406691 -0.029240422265329205 -0.0045442330116627419 -0.0048858207703373025 0.01777741693560916 -0.023671752550358905 0.0088298819070557043 0.0018264085503488386 -0.024112497889232754 0.0013656141443449854 0.0032128733586359592 0.018062459697282724 0.0011205080909386887 -0.021854499708069894
leaf_weight=45.395352094069949 103.36093629835524 29.231954631670362 55.788337523907884 194.92455965318942 5.4769819693756281 8.4276133105644799 266.32625430327181 120.34022080410068 100.88092508120462 56.805127550847828 60.015124713571282 88.910699568165001 599.09945160153438 83.66672876862944
leaf_count=3785 2915 1898 3769 13253 40 693 76475 17492 1972 717 6501 1462 55151 10311
internal_value=1.48576e-10 0.00311187 0.0116198 0.000253644 -0.0195043 0.00208992 0.00703665 -0.00179893 -0.0081393 -0.0154001 0.00027999 0.0096182 -0.00151384 -0.0118562
internal_weight=1818.65 663.537 159.149 504.387 34.7089 469.678 274.754 1155.11 278.026 157.686 877.087 134.306 742.781 143.682
internal_count=196434 99043 6684 92359 1938 90421 77168 97391 20181 2689 77210 5247 71963 16812
is_linear=0
shrinkage=0.05


Tree=113
num_leaves=15
num_cat=0
split_feature=29 39 28 34 24 24 44 35 24 27 48 49 46 27
split_gain=4.03522 7.8218 7.93761 8.02334 5.94793 5.86958 7.61753 9.28684 5.50834 5.04367 5.79112 7.43802 4.37084 10.7201
threshold=0.58760038018226635 0.53210183978080761 2.6735538244247441 0.51655098795890819 0.091751400381326689 0.35611109435558325 0.41852286458015447 0.011034362949430944 0.065856188535690321 6.3234620094299325 0.56994566321372997 0.45296560227870947 0.86203837394714367 5.4868674278259286
decision_type=2 2 2 2 2 2 2 2 2 2 2 2 2 2
left_child=1 5 -3 -4 -5 6 12 -8 -9 -2 -11 -12 -1 -14
right_child=9 2 3 4 -6 -7 7 8 -10 10 11 -13 13 -15
leaf_value=0.0012654027572448344 0.015947098236935013 -0.029988896468436978 -0.021997570801116046 0.025296965344364472 -0.0032670861096560882 -0.016075052848800356 -0.0131214905857412 -0.0084549306706782779 0.030417724778684027 0.012163510148352432 -0.029015846620499271 0.00061906796351779165 0.002548870529600733 -0.018284276969964607
leaf_weight=1076.1394528701112 72.743175061680176 33.466180934585282 30.049358099618985 15.912455621728439 55.272242711711442 43.623680042455817 14.427460517633362 6.4286564071080639 45.650169642256941 63.552494539762847 16.53871736174915 102.77689389997977 145.52089801827969 94.671099485225568
leaf_count=74478 73490 1566 3133 523 4420 13919 738 116 1817 1259 425 3689 6743 10118
internal_value=-1.88191e-10 -0.000963582 -0.0120403 -0.00394422 0.00544753 0.000158926 0.000782787 0.0161206 0.0250302 0.00569985 0.0010081 -0.00541487 -0.000107838 -0.00606507
internal_weight=1816.77 1561.16 134.7 101.234 71.1847 1426.46 1382.84 66.5063 52.0788 255.611 182.868 119.316 1316.33 240.192
internal_count=196434 117571 9642 8076 4943 107929 94010 2671 1933 78863 5373 4114 91339 16861
is_linear=0
shrinkage=0.05


Tree=114
num_leaves=15
num_cat=0
split_feature=31 31 40 34 1 43 22 39 42 25 25 34 1 44
split_gain=4.0121 6.79864 6.98531 9.91249 5.59694 13.5213 6.61808 6.95735 6.33706 8.28675 11.4024 5.65684 5.48079 6.62847
threshold=0.68908989429473888 0.71010184288024913 0.0014550025807693603 0.15874367952346805 0.015038444194942715 3.6242519617080693 6.7996129989624032 0.013298712670803072 1.0000000180025095e-35 0.002988704247400165 0.00185176357626915 0.42220322787761694 0.015504807699471714 0.081801779568195357
decision_type=2 2 2 2 2 2 2 2 2 2 2 2 2 2
left_child=4 2 -2 -4 6 -6 7 -1 9 10 -8 -9 -3 -14
right_child=1 12 3 -5 5 -7 8 11 -10 -11 -12 -13 13 -15
leaf_value=-0.019229621853410109 0.025810389996108393 0.00074558095214407368 -0.010012364028056595 0.014774514239104298 0.025917070665800762 -0.017836711700557461 -0.015941829805402381 0.0064455750170935985 0.0093833330007411318 -0.027401217610169067 0.017641948310755735 -0.017893692064807582 0.005061105161812917 -0.027013288523677421
leaf_weight=29.935631390356974 41.911182918153884 1101.048296520959 62.859520133153183 81.616532534994064 35.580474812653847 20.013469337535753 65.585086108651012 181.44870769012144 22.19354653544724 73.391310659004375 28.441053200978786 17.538204719176065 22.638296937027917 29.500376640095055
leaf_count=8159 603 74475 1724 1133 290 2229 2128 97730 192 2002 406 3894 329 1140
internal_value=-4.42715e-10 0.00140079 0.0100004 0.00404007 -0.0039049 0.00984802 -0.00591888 -0.000111795 -0.0125731 -0.0158486 -0.00506401 0.00354681 -6.31651e-05 -0.0145135
internal_weight=1813.7 1339.57 186.387 144.476 474.127 55.5939 418.534 228.923 189.611 167.417 94.0261 198.987 1153.19 52.1387
internal_count=196434 79404 3460 2857 117030 2519 114511 109783 4728 4536 2534 101624 75944 1469
is_linear=0
shrinkage=0.05


Tree=115
num_leaves=15
num_cat=0
split_feature=40 24 32 43 35 25 24 21 21 3 30 18 46 45
split_gain=3.93854 6.01026 8.20505 6.62188 8.01185 6.11367 6.60442 5.565 8.56869 7.4323 7.27356 7.05277 9.17169 6.66347
threshold=0.013704702258110048 0.096823677420616164 3.9981586933135991 3.5972183942794804 0.085492223501205458 0.020800292491912845 0.1045690104365349 0.80976408720016491 0.80802258849143993 0.016261236742138866 0.00050445456872694205 6.5546452999114999 0.86031728982925426 0.00098212179727852366
decision_type=2 2 2 2 2 2 2 2 2 2 2 2 2 2
left_child=7 2 -2 4 -3 -5 -7 8 9 10 11 -1 -13 -12
right_child=1 3 -4 5 -6 6 -8 -9 -10 -11 13 12 -14 -15
leaf_value=-0.0036118445093519915 0.018953273207425531 -0.027896373972929274 -0.0038902180189606785 -0.0046943905562372339 0.017537339812239306 -0.023072452096780667 0.008403070228970147 -0.0072543067193798416 0.023609902787560588 0.02071789623058462 -0.011647550002892618 0.019604818018230618 -0.0096494313734837613 -0.00034961263358208481
leaf_weight=114.65174536319626 103.41816984617597 28.510773334723012 55.648336644630064 192.37978271027742 5.4417576941777943 8.2280247492221843 266.76000478847709 320.09567523252144 28.02448117620952 28.72944235603245 211.34824163110761 100.42260727871326 28.60417589773715 319.5802776407096
leaf_count=21171 2915 1898 3769 13253 40 693 76475 23142 2073 294 16842 3752 1847 28270
internal_value=-3.76801e-11 0.00305163 0.0112042 0.000296321 -0.0182812 0.00200059 0.00668473 -0.00176139 0.000414615 -0.000674891 -0.00172227 0.00529049 0.0128918 -0.0049792
internal_weight=1811.84 660.387 159.067 501.32 33.9525 467.368 274.988 1151.46 831.361 803.336 774.607 243.679 129.027 530.929
internal_count=196434 99043 6684 92359 1938 90421 77168 97391 74249 72176 71882 26770 5599 45112
is_linear=0
shrinkage=0.05


Tree=116
num_leaves=15
num_cat=0
split_feature=43 44 25 31 47 31 31 43 22 4 32 4 22 15
split_gain=3.98916 4.46482 4.77189 4.38842 6.39166 5.62808 6.07462 9.53929 10.1855 8.09874 13.5013 13.0768 10.0465 8.50514
threshold=6.0946972370147714 0.61748069524765026 0.030214891768991951 0.65707236528396618 5.0398955345153817 0.8648928999900819 0.80368444323539745 3.9981586933135991 6.7962646484375009 0.013072453904896976 3.3842465877532963 0.014815627597272398 6.7962646484375009 0.042134381830692298
decision_type=2 2 2 2 2 2 2 2 2 2 2 2 2 2
left_child=1 3 -3 4 -1 6 9 -8 -9 13 11 -11 -12 -5
right_child=-2 2 -4 5 -6 -7 7 8 -10 10 12 -13 -14 -15
leaf_value=-0.0030368053548014986 -0.017423588067935088 0.0034145131778361409 0.022891662981210946 -0.00044141512040529984 -0.023975831967368914 -0.0070240909590055661 -0.013289814991543509 -0.005835640484587918 0.023108599320125985 -0.021202238840280066 0.003643150431826587 0.019571190434200979 -0.039519786974940414 0.012520448357131016
leaf_weight=314.18863551108359 22.271269041346386 227.60232051854445 27.59158105237276 561.23641615357565 31.942863263418189 186.02428739888774 26.797376414178871 36.63422197249065 104.79142531444086 22.105444059154252 16.726389748435849 41.447254383703694 36.770821595797315 153.16820669708886
leaf_count=31174 679 26547 39342 34170 34856 17267 1118 5580 1079 350 1365 251 486 2170
internal_value=2.58553e-10 0.000312896 0.00630418 -0.000719629 -0.00558814 0.000736442 0.00223582 0.0106131 0.0157208 0.000434912 -0.0112147 0.0044346 -0.0275761 0.00247208
internal_weight=1809.3 1787.03 255.194 1531.83 346.131 1185.7 999.678 168.223 141.426 831.455 117.05 63.5527 53.4972 714.405
internal_count=196434 195755 65889 129866 66030 63836 46569 7777 6659 38792 2452 601 1851 36340
is_linear=0
shrinkage=0.05


Tree=117
num_leaves=15
num_cat=0
split_feature=43 44 25 35 19 34 28 48 48 49 46 27 23 46
split_gain=4.29544 4.58702 6.21619 4.51251 5.01517 7.01481 5.66847 4.90828 8.15484 7.39128 5.78676 10.6279 10.0544 9.46115
threshold=6.0946972370147714 0.61748069524765026 0.030214891768991951 0.085492223501205458 0.17292720079422 0.21440698951482776 1.7005987167358401 0.67317706346511852 0.69760611653327953 0.1456873640418053 0.86203837394714367 5.482717990875245 5.2548844814300546 0.83730381727218639
decision_type=2 2 2 2 2 2 2 2 2 2 2 2 2 2
left_child=1 3 -3 4 5 7 -6 -1 9 -9 12 -12 -10 -14
right_child=-2 2 -4 -5 6 -7 -8 8 10 -11 11 -13 13 -15
leaf_value=-0.0052795997340614282 -0.018035613507801574 0.0030603916590343518 0.024802448260205584 0.013614796088599486 -0.023106356962960865 0.023372236635276007 -0.0035941115212997626 0.023318223432679586 -0.001989538545461363 -0.016707570193616864 0.0063086750626518157 -0.022291386030487942 0.0033042572227577299 0.028650184139519072
leaf_weight=287.66411456647938 22.427663030626718 227.10391950843606 29.290540201531513 43.049358693675458 31.1426500458183 23.443999945629912 474.67095873654841 60.14399816634409 338.25686065402385 6.3848797555788215 54.467347143305233 59.496866169903114 100.02908567207078 51.251647391492952
leaf_count=25613 679 26547 39342 1668 1685 657 50062 2671 27525 426 2171 8442 7207 1739
internal_value=1.1749e-10 0.00032557 0.00638201 -0.000724207 -0.00122752 0.000862727 -0.00522014 7.58726e-05 0.00241896 0.0177957 0.000461428 -0.00921619 0.00285377 0.0131351
internal_weight=1808.82 1786.4 256.394 1530 1486.95 981.139 505.814 957.695 670.031 66.5289 603.502 113.964 489.538 151.281
internal_count=196434 195755 65889 129866 128198 76451 51747 75794 50181 3097 47084 10613 36471 8946
is_linear=0
shrinkage=0.05


Tree=118
num_leaves=15
num_cat=0
split_feature=29 35 24 18 21 1 18 3 43 23 18 43 49 2
split_gain=3.7619 3.32724 4.53231 3.23245 3.83678 7.2178 6.58314 5.20753 5.18574 5.02009 4.4963 6.71826 6.45065 6.42328
threshold=0.96575471758842479 0.085492223501205458 0.17023506015539172 5.9175479412078866 0.77504256367683422 0.015749008394777778 6.5257623195648202 1.0000000180025095e-35 2.9700856208801274 5.1957268714904794 6.5991897583007821 3.5972183942794804 0.03314782306551934 0.0063492704648524531
decision_type=2 2 2 2 2 2 2 2 2 2 2 2 2 2
left_child=1 3 -3 -1 5 6 8 -8 -5 -9 -6 12 -12 -13
right_child=-2 2 -4 4 10 -7 7 9 -10 -11 11 13 -14 -15
leaf_value=0.013168746916881739 0.01373894449477785 -0.00224274433840306 0.0258174051933454 0.017154075065188523 0.0014474661908858372 0.019402758073513313 -0.0050811059311924858 -0.043558916059342923 -0.0063835754944639297 -0.0040609641186633702 0.0032571176999705281 -0.0098508314298317492 -0.038652056245613395 0.0045419242221826943
leaf_weight=30.756439873678801 38.500499260524521 26.528247181434381 18.092762949680946 17.545317065218256 1114.2138123975151 15.309874135543735 36.505010418593884 20.959208713757107 153.3374101530496 13.899980490910819 11.82548194716219 140.92720612995072 16.559816786873853 150.6298199235971
leaf_count=25398 1095 1097 869 371 78190 764 1985 781 75487 293 704 5351 761 3288
internal_value=-3.05472e-10 -0.000374965 0.0117786 -0.000755976 -0.00108503 -0.00658172 -0.00892802 -0.0206713 -0.00315211 -0.0322254 -5.9157e-05 -0.00519089 -0.0248924 -0.00251093
internal_weight=1805.59 1767.09 44.621 1722.47 1691.71 257.557 242.247 71.3642 170.883 34.8592 1434.16 319.942 28.3853 291.557
internal_count=196434 195339 1966 193373 167975 79681 78917 3059 75858 1074 88294 10104 1465 8639
is_linear=0
shrinkage=0.05


Tree=119
num_leaves=15
num_cat=0
split_feature=49 35 46 47 31 31 49 49 47 21 0 19 48 32
split_gain=3.66051 4.59885 4.23837 5.44424 4.80912 7.04979 7.11599 11.8074 6.3224 5.94667 5.89805 5.79711 10.4296 10.2276
threshold=0.49573606252670294 0.026198132894933227 0.89925268292427074 4.3502571582794198 0.68908989429473888 0.71010184288024913 0.044945200905203826 0.1042793206870556 4.2835628986358651 0.79098528623580944 0.013793759513646366 0.11990218982100488 0.91803166270256054 3.2769666910171513
decision_type=2 2 2 2 2 2 2 2 2 2 2 2 2 2
left_child=2 -2 4 -4 10 6 -6 -8 -9 -7 -1 -11 13 -13
right_child=1 -3 3 -5 5 9 7 8 -10 11 -12 12 -14 -15
leaf_value=-0.0073558637105596474 0.0027199458649681905 0.022492117277212509 0.0085729611843071464 -0.017121249977961443 0.0193410139222123 -0.0065547414819920064 -0.024216846148886986 -0.010141771518589415 0.020159012763306991 0.0073837798701267068 0.0063484406128861753 0.013860177975013569 -0.020966216529096054 -0.0054023264754576687
leaf_weight=355.28109049135077 192.20966266872892 25.599642407265719 21.011800526408479 68.533002666489665 92.439759159393418 252.10559985826671 24.396285864178481 17.792073268152308 44.861417625656202 293.765517040747 91.699718502998451 100.60659217691864 50.566818421607877 173.46749305933417
leaf_count=78044 40047 18824 1068 9897 1766 15835 664 538 326 12525 3482 1308 3946 8164
internal_value=-2.4156e-10 0.00592913 -0.000846031 -0.0108365 -0.000180487 0.00166918 0.0104091 -9.1483e-05 0.0113428 -0.000230636 -0.00446698 0.00241079 -0.00217541 0.00190752
internal_weight=1804.34 217.809 1586.53 89.5448 1496.98 1050 179.49 87.0498 62.6535 870.512 446.981 618.406 324.641 274.074
internal_count=196434 58871 137563 10965 126598 45072 3294 1528 864 41778 81526 25943 13418 9472
is_linear=0
shrinkage=0.05


end of trees

feature_importances:
Column_35=96
Column_0=87
Column_29=86
Column_24=82
Column_1=75
Column_49=73
Column_44=69
Column_17=68
Column_48=63
Column_46=58
Column_31=54
Column_30=53
Column_18=52
Column_3=50
Column_43=46
Column_4=45
Column_15=44
Column_2=43
Column_21=43
Column_45=41
Column_34=40
Column_36=40
Column_19=38
Column_25=35
Column_39=32
Column_40=30
Column_28=29
Column_20=27
Column_23=27
Column_22=23
Column_26=23
Column_47=23
Column_32=22
Column_27=14
Column_41=14
Column_33=8
Column_37=8
Column_16=5
Column_42=3
Column_50=3
Column_52=3
Column_38=2
Column_55=2
Column_56=1

parameters:
[boosting: gbdt]
[objective: lambdarank]
[metric: ndcg]
[tree_learner: serial]
[device_type: cpu]
[data_sample_strategy: bagging]
[data: ]
[valid: ]
[num_iterations: 120]
[learning_rate: 0.05]
[num_leaves: 15]
[num_threads: 2]
[seed: 20260928]
[deterministic: 1]
[force_col_wise: 1]
[force_row_wise: 0]
[histogram_pool_size: -1]
[max_depth: -1]
[min_data_in_leaf: 100]
[min_sum_hessian_in_leaf: 0.001]
[bagging_fraction: 1]
[pos_bagging_fraction: 1]
[neg_bagging_fraction: 1]
[bagging_freq: 0]
[bagging_seed: 8287]
[bagging_by_query: 0]
[feature_fraction: 1]
[feature_fraction_bynode: 1]
[feature_fraction_seed: 24490]
[extra_trees: 0]
[extra_seed: 6370]
[early_stopping_round: 0]
[early_stopping_min_delta: 0]
[first_metric_only: 0]
[max_delta_step: 0]
[lambda_l1: 0]
[lambda_l2: 10]
[linear_lambda: 0]
[min_gain_to_split: 0]
[drop_rate: 0.1]
[max_drop: 50]
[skip_drop: 0.5]
[xgboost_dart_mode: 0]
[uniform_drop: 0]
[drop_seed: 1862]
[top_rate: 0.2]
[other_rate: 0.1]
[min_data_per_group: 100]
[max_cat_threshold: 32]
[cat_l2: 10]
[cat_smooth: 10]
[max_cat_to_onehot: 4]
[top_k: 20]
[monotone_constraints: ]
[monotone_constraints_method: basic]
[monotone_penalty: 0]
[feature_contri: ]
[forcedsplits_filename: ]
[refit_decay_rate: 0.9]
[cegb_tradeoff: 1]
[cegb_penalty_split: 0]
[cegb_penalty_feature_lazy: ]
[cegb_penalty_feature_coupled: ]
[path_smooth: 0]
[interaction_constraints: ]
[verbosity: -1]
[saved_feature_importance_type: 0]
[use_quantized_grad: 0]
[num_grad_quant_bins: 4]
[quant_train_renew_leaf: 0]
[stochastic_rounding: 1]
[linear_tree: 0]
[max_bin: 255]
[max_bin_by_feature: ]
[min_data_in_bin: 3]
[bin_construct_sample_cnt: 238121]
[data_random_seed: 5112]
[is_enable_sparse: 1]
[enable_bundle: 1]
[use_missing: 1]
[zero_as_missing: 0]
[feature_pre_filter: 1]
[pre_partition: 0]
[two_round: 0]
[header: 0]
[label_column: ]
[weight_column: ]
[group_column: ]
[ignore_column: ]
[categorical_feature: ]
[forcedbins_filename: ]
[precise_float_parser: 0]
[parser_config_file: ]
[objective_seed: 23271]
[num_class: 1]
[is_unbalance: 0]
[scale_pos_weight: 1]
[sigmoid: 1]
[boost_from_average: 1]
[reg_sqrt: 0]
[alpha: 0.9]
[fair_c: 1]
[poisson_max_delta_step: 0.7]
[tweedie_variance_power: 1.5]
[lambdarank_truncation_level: 110]
[lambdarank_norm: 1]
[label_gain: 0,1,2,3,4,5,6,7,8,9,10]
[lambdarank_position_bias_regularization: 0]
[eval_at: 1,2,3,4,5]
[multi_error_top_k: 1]
[auc_mu_weights: ]
[num_machines: 1]
[local_listen_port: 12400]
[time_out: 120]
[machine_list_filename: ]
[machines: ]
[gpu_platform_id: -1]
[gpu_device_id: -1]
[gpu_device_id_list: ]
[gpu_use_dp: 0]
[num_gpu: 1]

end of parameters

pandas_categorical:null
