tree
version=v4
num_class=1
num_tree_per_iteration=1
label_index=0
max_feature_idx=56
objective=binary sigmoid:1
feature_names=Column_0 Column_1 Column_2 Column_3 Column_4 Column_5 Column_6 Column_7 Column_8 Column_9 Column_10 Column_11 Column_12 Column_13 Column_14 Column_15 Column_16 Column_17 Column_18 Column_19 Column_20 Column_21 Column_22 Column_23 Column_24 Column_25 Column_26 Column_27 Column_28 Column_29 Column_30 Column_31 Column_32 Column_33 Column_34 Column_35 Column_36 Column_37 Column_38 Column_39 Column_40 Column_41 Column_42 Column_43 Column_44 Column_45 Column_46 Column_47 Column_48 Column_49 Column_50 Column_51 Column_52 Column_53 Column_54 Column_55 Column_56
feature_infos=[0:0.016393441706895828] [0:0.016393441706895828] [0:0.016393441706895828] [0:0.016393441706895828] [0:0.016393441706895828] [0:1] [0:1] [0:1] [0:1] [0:1] [0:1] [0:1] [0:1] [0:1] [0:1] [0:0.081967204809188843] [0:5] [0.00099009904079139233:0.090909093618392944] [0:6.6732978820800781] [0:0.70280086994171143] [0:0.13468530774116516] [0:0.92406541109085083] [0:6.8012828826904297] [0:6.2672004699707031] [0:0.92780005931854248] [0:0.16064214706420898] [0:0.9768785834312439] [0:6.3315019607543945] [0:6.1180973052978516] [0:0.9799339771270752] [0:0.3495212197303772] [0:0.99538105726242065] [0:6.1654176712036133] [0:4.4659080505371094] [0:0.73721992969512939] [0:0.21382854878902435] [0:0.98305082321166992] [0:4.510859489440918] [0:2.9444389343261719] [0:0.69253182411193848] [0:0.22477707266807556] [0:0.94999998807907104] [0:2.9444389343261719] [0:6.1441855430603027] [0:0.96546274423599243] [0:0.31557601690292358] [0:0.98883926868438721] [0:6.196444034576416] [0:1.0000003576278687] [0:1.0000002384185791] [0:0.56000632047653198] [0:1] [0:1] [0:1] [0:1] [0:1] [0:1]
tree_sizes=1707 1783 1781 1783 1779 1772 1775 1776 1774 1784 1786 1781 1783 1786 1780 1781 1790 1787 1781 1792 1788 1785 1787 1793 1779 1794 1794 1790 1785 1784 1784 1797 1789 1783 1790 1781 1788 1788 1780 1791 1786 1786 1795 1813 1792 1786 1802 1791 1794 1807 1793 1790 1799 1802 1780 1779 1775 1801 1793 1799 1789 1796 1780 1799 1803 1797 1769 1782 1791 1784 1795 1787 1787 1799 1787 1796 1780 1798 1782 1777 1793 1798 1783 1796 1781 1795 1797 1786 1785 1798 1795 1792 1791 1788 1800 1793 1795 1791 1798 1791 1806 1780 1787 1766 1774 1785 1781 1786 1792 1785 1801 1805 1773 1812 1768 1794 1791 1797 1793 1795

Tree=0
num_leaves=15
num_cat=0
split_feature=18 31 37 41 37 54 51 32 27 22 27 27 41 38
split_gain=21561.6 10253.2 5675.68 7948.64 6264.08 7444.2 4952.93 6256.37 5528.24 5996.33 4213.83 11187.5 4093.17 4051.05
threshold=5.3254430294036874 0.87460690736770641 1.5890269279479983 0.46428571641445165 1.0000000180025095e-35 1.0000000180025095e-35 1.0000000180025095e-35 4.0342013835906991 3.0201274156570439 6.7929053306579599 5.478551149368287 5.482717990875245 0.90454545617103588 2.0126758217811589
decision_type=2 2 2 2 2 2 2 2 2 2 2 2 2 2
left_child=-1 2 4 -4 10 6 7 8 -6 -10 -2 -12 -5 -11
right_child=1 -3 3 12 5 -7 -8 -9 9 13 11 -13 -14 -15
leaf_value=0.9627142403072344 1.2059949298036128 1.1096893689254892 1.0364028290138885 1.2086946082166139 1.0024859241569564 0.99072812841009028 1.1883959964698092 1.0407167504553874 1.035304744702731 1.2030662327248198 1.0036631440037005 1.1759111138289799 1.0798071871967065 1.0027220923292701
leaf_weight=1340.2200530087575 8015.9138560337014 7240.8916335366666 732.73577272519469 15782.196678509936 580.31185168027878 851.0037048459053 3933.4822093611583 1885.6905560493469 740.8828266710043 3682.0864256024361 1049.8069787919521 8519.7967216670513 632.24008758366108 261.07731354236603
leaf_count=6400 110330 43685 679 50433 1230 5964 36802 2956 6049 6937 1942 26952 3372 334
internal_value=1.16006 1.16501 1.1736 1.19647 1.16031 1.13236 1.14338 1.11861 1.14668 1.16484 1.17928 1.15687 1.20368 1.18944
internal_weight=55248.3 53908.1 46667.2 17147.2 29520.1 11934.5 11083.5 7150.05 5264.36 4684.05 17585.5 9569.6 16414.4 3943.16
internal_count=304065 297665 253980 54484 199496 60272 54308 17506 14550 13320 139224 28894 53805 7271
is_linear=0
shrinkage=1


Tree=1
num_leaves=15
num_cat=0
split_feature=41 23 37 37 54 22 38 44 43 32 32 22 28 22
split_gain=17754.5 8366.96 7391.54 8189.77 6331.61 4518.3 8407.09 5011.39 4518.67 4418.24 8152.8 6791.28 4529.4 4226.29
threshold=0.34848485887050634 4.5271940231323251 1.5890269279479983 1.0000000180025095e-35 1.0000000180025095e-35 6.7996129989624032 1.0000000180025095e-35 0.50676095485687267 1.0000000180025095e-35 6.1516542434692392 4.0342013835906991 6.7895333766937265 1.0000000180025095e-35 6.8007264137268075
decision_type=2 2 2 2 2 2 2 2 2 2 2 2 2 2
left_child=1 -1 3 13 9 7 -7 8 -4 10 12 -12 -5 -2
right_child=2 -3 5 4 -6 6 -8 -9 -10 -11 11 -13 -14 -15
leaf_value=-0.15950466876910477 -0.0057977138848250929 0.043028146974011708 -0.12555878567819398 -0.1382688081958964 -0.15300848914807264 0.062413482232474608 -0.16445165507855239 -0.11446307680089383 0.02762071016215667 0.03250569744285077 0.02848557719196175 -0.14390738201826561 0.00048161056320542473 0.041988227785275223
leaf_weight=2411.2454690891318 10945.973457808141 641.33135244250298 507.90961035341024 633.31968927755952 1053.9865738749504 10234.440490603447 415.92132496833801 795.41842619236559 6853.2801337358542 2576.57967877388 730.49000425031409 2563.518297418952 6861.9019213356078 8002.4245879650116
leaf_count=5235 144978 2626 10114 1241 7615 9762 438 5927 47324 4502 24387 4308 30679 4929
internal_value=5.0949e-05 -0.116952 0.00691746 -0.00721156 -0.0355942 0.0319763 0.0534079 0.00396124 0.0168956 -0.0262278 -0.0402711 -0.105706 -0.0114109 0.0143951
internal_weight=55227.7 3052.58 52175.2 33368.2 14419.8 18807 10650.4 8156.61 7361.19 13365.8 10789.2 3294.01 7495.22 18948.4
internal_count=304065 7861 296204 222639 72732 73565 10200 63365 57438 65117 60615 28695 31920 149907
is_linear=0
shrinkage=0.05


Tree=2
num_leaves=15
num_cat=0
split_feature=18 31 37 41 37 51 43 42 27 27 32 41 32 22
split_gain=15370.7 8540.92 4847.88 6103.55 4970.63 5711.41 5985.93 4287.82 3919.59 9244.21 3483.11 3480.78 3429.6 3707.81
threshold=5.3254430294036874 0.87460690736770641 1.5890269279479983 0.46428571641445165 1.0000000180025095e-35 1.0000000180025095e-35 3.4811217784881596 0.89587974548339855 5.478551149368287 5.482717990875245 2.7403194904327397 0.90454545617103588 3.4498615264892583 6.7917830944061288
decision_type=2 2 2 2 2 2 2 2 2 2 2 2 2 2
left_child=-1 2 4 -4 8 6 -6 -8 -2 -10 -9 -5 -3 -14
right_child=1 12 3 11 5 -7 7 10 9 -11 -12 -13 13 -15
leaf_value=-0.15402109333222425 0.044248982754471422 -0.10921659078680357 -0.097021090467712331 0.046383055292573548 0.058755421276792778 0.026752765614783593 -0.082047448978179921 -0.1385923765073894 -0.13677044590956458 0.014561532877527067 0.055600343587420234 -0.069066530374764804 -0.076528651788817098 0.0045963641663733087
leaf_weight=1561.7393745793961 7740.5761886890978 1610.6381665170193 829.86505399085581 15010.781545508653 1152.9062784686685 3840.4422380733304 5900.5661248713732 281.24198234081268 1137.0758415460587 8381.9193841926754 1106.1465803384781 673.94841178506613 2298.0417985562235 3611.0291597396135
leaf_count=6400 110330 3941 679 50433 3359 36802 18573 333 1942 26952 1205 3372 34927 4817
internal_value=9.55709e-05 0.00461604 0.012685 0.0343722 0.000553372 -0.0237498 -0.046732 -0.0634771 0.0178504 -0.00364014 0.0155248 0.0413815 -0.0447545 -0.0270292
internal_weight=55136.9 53575.2 46055.5 16514.6 29540.9 12281.3 8440.86 7287.95 17259.6 9519 1387.39 15684.7 7519.71 5909.07
internal_count=304065 297665 253980 54484 199496 60272 23470 20111 139224 28894 1538 53805 43685 39744
is_linear=0
shrinkage=0.05


Tree=3
num_leaves=15
num_cat=0
split_feature=41 37 37 23 54 22 38 44 45 47 46 32 32 22
split_gain=13300.1 6266.29 6627.13 5949.77 4703.35 4270.1 7107.3 4284.43 3834.42 4166.06 3690.02 3585.9 6297.82 5136.52
threshold=0.34848485887050634 1.5890269279479983 1.0000000180025095e-35 4.5271940231323251 1.0000000180025095e-35 6.7996129989624032 1.0000000180025095e-35 0.50676095485687267 0.0073516652919352063 4.9344480037689218 0.53740674257278453 6.1516542434692392 4.0342013835906991 6.7895333766937265
decision_type=2 2 2 2 2 2 2 2 2 2 2 2 2 2
left_child=3 2 8 -1 11 7 -7 10 -2 -10 -3 12 -4 -14
right_child=1 5 4 -5 -6 6 -8 -9 9 -11 -12 -13 13 -15
leaf_value=-0.12852159126283833 0.019653896604164806 -0.077191211006555585 -0.0095666566851938199 0.041955362478171276 -0.12747347908046416 0.060798560459371459 -0.13832577355462849 -0.10348651381257822 0.032403262036754234 -0.14519985796629303 0.029124626801440678 0.03082483050140496 0.028144845092004496 -0.12065453323625855
leaf_weight=2708.3435042956844 17343.491458309349 928.49428805755451 7600.1863553859293 625.38224021717906 1163.5994543507695 9663.7608075141907 460.62624359130859 838.38146827137098 578.52219406887889 749.86370633216575 6263.2091604699381 2506.3363371640444 725.33171021658927 2819.1342571824789
leaf_count=5235 141920 13054 31920 2626 7615 9762 438 5927 5885 2102 44384 4502 24387 4308
internal_value=0.000129428 0.00638565 -0.00643924 -0.0965115 -0.0314001 0.030032 0.0516115 0.00279417 0.0133713 -0.0681882 0.0153105 -0.0231235 -0.0352728 -0.090211
internal_weight=54974.7 51640.9 33486.5 3333.73 14814.6 18154.5 10124.4 8030.08 18671.9 1328.39 7191.7 13651 11144.7 3544.47
internal_count=304065 296204 222639 7861 72732 73565 10200 63365 149907 7987 57438 65117 60615 28695
is_linear=0
shrinkage=0.05


Tree=4
num_leaves=15
num_cat=0
split_feature=46 31 36 37 46 49 28 47 32 42 27 37 32 43
split_gain=11782.7 7293.25 4227.47 4186.84 3528.67 4130.39 3058.61 3931.24 3764.86 3673.52 3558.52 3522.47 3359.09 2835.92
threshold=0.35645604133605963 0.87460690736770641 0.8525926172733308 4.49422311782837 0.48683299124240881 0.42130444943904882 2.4414010047912602 4.2835628986358651 2.7403194904327397 0.89587974548339855 3.0201274156570439 3.2769666910171513 4.8374145030975351 4.9344480037689218
decision_type=2 2 2 2 2 2 2 2 2 2 2 2 2 2
left_child=-1 2 3 4 -2 6 7 -6 -8 11 13 12 -10 -9
right_child=1 -3 -4 -5 5 -7 8 10 9 -11 -12 -13 -14 -15
leaf_value=-0.12304834523381683 0.052201224464093782 -0.040365555664109466 0.056285203766879323 0.06113524042607113 0.045953693439496977 0.03986180474608976 -0.1293020600111143 -0.12676543452696171 -0.044607846182870163 0.030804419943512424 0.0097618712017437485 0.035210942845535963 0.031283191889747049 0.051506023794954031
leaf_weight=1864.1650333125144 3200.9826847058721 7718.1565310917795 4843.4721394996159 3258.9564235508442 4699.0195326432586 4881.2302633807994 758.06105983257294 1027.2366399168968 12147.36022467725 3387.2261130101979 3034.9842720627785 2009.4026178484783 1649.6090155914426 278.20995801687241
leaf_count=7642 11877 43682 21031 4352 5090 90802 997 1674 45298 12754 8995 10951 38526 394
internal_value=0.000156674 0.00452128 0.0121973 0.0068902 0.00210655 -0.00264148 -0.00980903 0.0143081 -0.0207374 -0.0163845 -0.0199788 -0.0265099 -0.035518 -0.0886704
internal_weight=54758.1 52893.9 45175.8 40332.3 37073.3 33872.3 28991.1 9039.45 19951.7 19193.6 4340.43 15806.4 13797 1305.45
internal_count=304065 296423 252741 231710 227358 215481 124679 16153 108526 107529 11063 94775 83824 2068
is_linear=0
shrinkage=0.05


Tree=5
num_leaves=15
num_cat=0
split_feature=41 37 37 23 22 38 32 43 22 22 32 28 22 42
split_gain=10787 5288.94 5628.72 4817.49 4015.24 6024.76 3880.09 4371.19 3715.7 5400.39 7730.78 6945.46 3626.57 4186.34
threshold=0.34848485887050634 1.5890269279479983 1.0000000180025095e-35 4.5271940231323251 6.7996129989624032 1.0000000180025095e-35 6.1516542434692392 3.4811217784881596 6.8007264137268075 6.7962646484375009 1.8688347935676577 5.9282577037811288 6.7702026367187509 0.89587974548339855
decision_type=2 2 2 2 2 2 2 2 2 2 2 2 2 2
left_child=3 2 8 -1 -3 -6 7 -4 9 -2 -11 -12 -9 -14
right_child=1 4 6 -5 5 -7 -8 12 -10 10 11 -13 13 -15
leaf_value=-0.11208311599543992 0.038978410162329183 0.0019115444609749286 0.05399036495861545 0.041315527927403145 0.059327558606728441 -0.11775730993713017 0.029306456341248656 0.039046876805812286 0.03960097661209902 0.06049403186734037 -0.1001283339255583 0.029587713981829362 -0.071006915636953744 0.01731721254035971
leaf_weight=2864.2088224785402 4143.6503388709389 7918.902161940001 1130.8018438299187 617.22969545051455 9087.751445889473 497.96336245536804 2441.1777304112911 1061.8785886755213 7619.2812634706497 1646.234189838171 3674.5266235172749 1428.0614047050476 8855.5153520330787 1576.7051700949669
leaf_count=5235 132780 63365 3496 2626 9762 438 4502 32900 4929 3041 6646 2511 30008 1826
internal_value=0.000182183 0.00599263 -0.00562433 -0.0848464 0.0282671 0.0500151 -0.0283067 -0.0394613 0.0128414 -0.00589606 -0.033465 -0.0638378 -0.0486941 -0.057654
internal_weight=54563.9 51082.4 33577.8 3481.44 17504.6 9585.71 15066.1 12624.9 18511.8 10892.5 6748.82 5102.59 11494.1 10432.2
internal_count=304065 296204 222639 7861 73565 10200 72732 68230 149907 144978 12198 9157 64734 31834
is_linear=0
shrinkage=0.05


Tree=6
num_leaves=15
num_cat=0
split_feature=41 31 37 23 29 28 27 42 22 37 47 47 22 37
split_gain=9579.47 4965.88 5000.81 4183.03 3998.92 6155.11 3814.89 2580.73 2390.87 4617.53 3248.2 2573.44 3709.26 2999.37
threshold=0.34848485887050634 0.87460690736770641 1.5890269279479983 4.6001451015472421 0.3187366127967835 2.4414010047912602 3.0201274156570439 2.2499048709869389 6.8007264137268075 0.89587974548339855 3.9015133380889897 4.182021141052247 6.7804884910583505 1.2424533367156985
decision_type=2 2 2 2 2 2 2 2 2 2 2 2 2 2
left_child=3 2 4 -1 5 6 -2 -4 10 -10 -7 -12 -13 -14
right_child=1 -3 7 -5 -6 8 -8 -9 9 -11 11 12 13 -15
leaf_value=-0.10358580504425925 -0.041694732581306293 -0.032127301389239839 0.041128202338147471 0.04086354292125681 0.029961563159828421 0.060273369220462669 0.052045527317662613 -0.054771471836486646 0.019786183442700347 -0.082519263375358046 -0.11167511403996687 0.059720221361366121 -0.066119251141773902 0.062806402518824786
leaf_weight=2944.7439944767393 1399.1217859983444 7376.6795643232763 13710.921121774241 597.91246400400996 8116.7389701311477 658.00109042227268 4733.9077676432207 730.91928021609783 4581.94002866745 1441.6380099058151 1578.894432015717 800.32263459498063 5113.9217468500137 486.84247002005577
leaf_count=5259 2447 43468 51657 2602 126972 7445 10341 3400 2911 788 8674 22334 14590 1177
internal_value=0.000212383 0.00576976 0.012224 -0.0791599 0.000219052 -0.0113991 0.0306276 0.0362401 -0.0289881 -0.00479502 -0.0458338 -0.0546475 -0.0404288 -0.0548205
internal_weight=54272.5 50729.8 43353.2 3542.66 28911.3 20794.6 6133.03 14441.8 14661.6 6023.58 8637.98 7979.98 6401.09 5600.76
internal_count=304065 296204 252736 7861 197679 70707 12788 55057 57919 3699 54220 46775 38101 15767
is_linear=0
shrinkage=0.05


Tree=7
num_leaves=15
num_cat=0
split_feature=18 31 36 37 46 49 46 36 48 32 22 36 47 36
split_gain=8684.33 5717.31 3676.55 3591.1 2905.92 3345.42 2344.76 3247.85 2642.71 2278.43 2163.54 2650.62 2150.3 3006.8
threshold=5.744603395462037 0.87460690736770641 0.8525926172733308 4.49422311782837 0.48683299124240881 0.42130444943904882 0.76702028512954723 0.74537035822868358 0.66967201232910167 6.1622610092163095 6.7984981536865243 0.24722222238779071 4.1266138553619394 0.74537035822868358
decision_type=2 2 2 2 2 2 2 2 2 2 2 2 2 2
left_child=-1 2 3 4 -2 6 7 8 10 12 -6 -12 -3 -14
right_child=1 9 -4 -5 5 -7 -8 -9 -10 -11 11 -13 13 -15
leaf_value=-0.095691370599139403 0.049766561225061109 -0.10166387305820529 0.054461846550289288 0.05986577782805879 0.036378479374989239 0.037483479303136918 -0.023102012037860085 -0.066087440208553186 0.035022353682777521 0.03140150296103101 0.053317337694383793 -0.043581140738305615 -0.051845689540232526 0.034892777983152323
leaf_weight=2250.8240428585559 2955.7904734560288 1348.8627672083676 4465.438699001912 2921.2819485701621 1876.0779052185826 4637.838770411443 13789.920138156042 1424.287358301226 6795.4746663887054 1120.5001844465733 846.39261603355408 4026.8927727043629 4204.3904700838029 1301.8375123422593
leaf_count=10745 10454 12591 20996 4322 34501 90371 47396 9584 27903 1080 666 3529 23075 6852
internal_value=0.000230015 0.00442255 0.0115231 0.00662836 0.00233494 -0.00187664 -0.00823488 0.00546735 0.0130348 -0.0344836 -0.00912204 -0.0266771 -0.045283 -0.031312
internal_weight=53965.8 51715 43739.4 39274 36352.7 33396.9 28759 14969.1 13544.8 7975.59 6749.36 4873.29 6855.09 5506.23
internal_count=304065 293320 249722 228726 224404 213950 123579 76183 66599 43598 38696 4195 42518 29927
is_linear=0
shrinkage=0.05


Tree=8
num_leaves=15
num_cat=0
split_feature=46 31 36 37 41 46 32 28 47 47 48 32 48 22
split_gain=7843.28 5147.38 3492.13 3364.95 2764.98 2494.58 2942.1 2659.74 3083.72 3934.45 2663.28 2039.3 1959.15 2795.16
threshold=0.35645604133605963 0.87460690736770641 0.8525926172733308 4.49422311782837 0.90454545617103588 0.48683299124240881 4.4870557785034189 3.7954261302948002 4.9344480037689218 6.1954247951507577 0.7817850410938264 6.1622610092163095 0.66967201232910167 6.7929053306579599
decision_type=2 2 2 2 2 2 2 2 2 2 2 2 2 2
left_child=-1 2 3 4 5 -2 7 8 12 -10 -11 -3 -7 -14
right_child=1 11 -4 -5 -6 6 -8 -9 9 10 -12 -13 13 -15
leaf_value=-0.096923690121289319 0.048782135276355831 -0.04262294808170642 0.05334116038266612 0.058437215861499747 -0.080940138994634162 -0.011407302254241648 0.029904225117033046 -0.04372190164548781 -0.098317293605488409 -0.077420043326594884 0.048165855433166677 0.030352314229544181 -0.024296611019773585 0.036080150174241758
leaf_weight=1989.4711656421423 2882.7287119431421 6974.614218024537 4332.2931282348 2837.2581220492721 967.97526830807328 7536.2989248782396 6677.7432807735167 4188.6990837231278 1673.1423637717962 620.08092761039734 1269.5586710572243 1102.0922337472439 2498.4518617708236 8142.812430024147
leaf_count=7642 11875 42602 21031 4352 4061 22234 132238 7452 5454 481 1019 1080 31424 11120
internal_value=0.000244457 0.00400134 0.0107907 0.00608709 0.0019981 0.0042824 0.000334482 -0.00728948 -0.000253189 -0.0427207 0.00676452 -0.03264 0.00808931 0.0218948
internal_weight=53693.2 51703.7 43627 39294.7 36457.5 35489.5 32606.8 25929 21740.3 3562.78 1889.64 8076.71 18177.6 10641.3
internal_count=304065 296423 252741 231710 227358 223297 211422 79184 71732 6954 1500 43682 64778 42544
is_linear=0
shrinkage=0.05


Tree=9
num_leaves=15
num_cat=0
split_feature=41 37 37 22 38 41 23 22 22 32 54 27 27 32
split_gain=7214.84 4037.27 4368.61 3548.87 4987.01 3449.71 3267.44 3150.84 4565.16 5626.73 2996.95 2931.49 4166.69 2604.69
threshold=0.34848485887050634 1.5890269279479983 1.0000000180025095e-35 6.7996129989624032 1.0000000180025095e-35 0.53571429848670971 4.5271940231323251 6.8007264137268075 6.7984981536865243 1.8688347935676577 1.0000000180025095e-35 6.3135464191436776 6.325254201889039 3.4498615264892583
decision_type=2 2 2 2 2 2 2 2 2 2 2 2 2 2
left_child=6 2 7 5 -5 -3 -1 8 11 -10 -4 -2 13 -13
right_child=1 3 10 4 -6 -7 -8 -9 9 -11 -12 12 -14 -15
leaf_value=-0.088729339303829813 0.041791356308315472 -0.023960013726712585 -0.017676900703888627 0.057160912441361358 -0.10049755943687906 0.045413591135746258 0.039241980965401671 0.037374281847574499 0.056955131575652712 -0.076905871829913763 -0.096998671165785158 0.060651939544547409 0.045400741062198303 -0.14692256950030114
leaf_weight=3029.4072799207643 4730.6594519272912 4980.6770660034381 13991.582058074884 8134.6642827391624 525.5325146317482 2785.8944032303989 590.73447205126286 7240.0062757730484 1022.3175818920135 3287.0345051884651 1292.6077259629965 182.76071657240391 870.61925701797009 748.70100700855255
leaf_count=5235 134188 50105 65117 9762 438 13260 2626 4929 1498 4305 7615 697 2245 2045
internal_value=0.000256141 0.00521644 -0.00477396 0.0254996 0.0474887 0.000950922 -0.0677964 0.011857 -0.00520132 -0.0450914 -0.0244443 0.021141 -0.0329998 -0.105983
internal_weight=53413.2 49793.1 33366.3 16426.8 8660.2 7766.57 3620.14 18082.1 10842.1 4309.35 15284.2 6532.74 1802.08 931.462
internal_count=304065 296204 222639 73565 10200 63365 7861 149907 144978 5803 72732 139175 4987 2742
is_linear=0
shrinkage=0.05


Tree=10
num_leaves=15
num_cat=0
split_feature=18 31 36 37 41 49 23 42 22 43 52 37 33 22
split_gain=6576.32 4413.4 3193.92 3043.56 2370.34 2093.11 2765.64 2962.82 2643.15 3274.03 2522.03 2592.97 2284.99 2211.84
threshold=5.5194568634033212 0.87460690736770641 0.8525926172733308 4.49422311782837 0.90454545617103588 0.42130444943904882 2.6735538244247441 1.4978661537170412 6.8007264137268075 3.5694335699081425 1.0000000180025095e-35 0.89587974548339855 1.2424533367156985 6.7702026367187509
decision_type=2 2 2 2 2 2 2 2 2 2 2 2 2 2
left_child=-1 2 3 4 5 6 -2 8 9 -8 12 -12 -10 -11
right_child=1 -3 -4 -5 -6 -7 7 -9 10 13 11 -13 -14 -15
leaf_value=-0.088247923137483003 0.035291857209330736 -0.029873937544796593 0.052140001418227236 0.057749626709496842 -0.073894751689641755 0.035879552039287409 0.044797615312732401 0.054143297757044712 0.049294421099488742 0.051183892892766147 0.0069292911088272881 -0.070946625179720973 -0.048454624444771575 -0.0383706121431567
leaf_weight=2008.4512320943177 4568.674298658967 8175.4666618108749 4093.6522691650316 2613.7132088430226 990.94794716313481 4514.9298379209358 1489.0672056619078 1840.7983303330839 4018.0943882465363 722.48238672292791 3676.4241863489151 1496.1699148416519 693.80804479122162 12146.824964441359
leaf_count=7170 10600 43673 21033 4346 4053 91994 9519 7860 2803 49787 2389 787 342 47709
internal_value=0.000270265 0.00377003 0.0101922 0.00575092 0.00197725 0.00413558 -0.000550322 -0.00683936 -0.0114903 -0.0251816 0.0084033 -0.0156897 0.0348291 -0.0333072
internal_weight=53049.5 51041.1 42865.6 38771.9 36158.2 35167.3 30652.3 26083.7 24242.9 14358.4 9884.5 5172.59 4711.9 12869.3
internal_count=304065 296895 253222 232189 227843 223790 131796 121196 113336 107015 6321 3176 3145 97496
is_linear=0
shrinkage=0.05


Tree=11
num_leaves=15
num_cat=0
split_feature=41 37 31 36 23 49 23 22 23 37 23 43 22 36
split_gain=6039.15 3590.03 3363.58 3247.66 2979.96 3020.47 2823.66 2636.43 3521.07 2448.59 2436.22 3050.75 2823.56 2772.43
threshold=0.34848485887050634 4.49422311782837 0.87460690736770641 0.8525926172733308 2.6735538244247441 0.37212587893009191 4.6001451015472421 6.8007264137268075 3.6242519617080693 0.89587974548339855 4.930863857269288 3.8606742620468144 6.7962646484375009 0.6348484754562379
decision_type=2 2 2 2 2 2 2 2 2 2 2 2 2 2
left_child=6 2 3 4 -2 7 -1 10 -9 -10 -6 -12 -13 -14
right_child=1 -3 -4 -5 5 -7 -8 8 9 -11 11 12 13 -15
leaf_value=-0.081082392531253933 0.041746165713953419 0.0561588785731469 -0.029953076561405514 0.050821941241821114 -0.050888769103263877 0.032974691439502941 0.039168255868471669 0.053180980812132711 0.007804742528807234 -0.064929575980117407 0.051369334742449271 0.014507175084566304 -0.064044449551490995 0.0081704666371296523
leaf_weight=3046.3441811143421 4211.3166531510651 3181.6991617623717 7233.1123566683382 3828.6572677111253 5015.0988487878349 4876.8254941531923 574.72430518642068 3263.3243174552917 4381.46515417099 1561.5338312387466 1754.2991420775652 3677.1309714859817 4139.8760829865932 1952.2197414040565
leaf_count=5259 10798 5863 42203 20768 23071 101560 2602 2365 2872 817 10471 65257 6963 3196
internal_value=0.000280761 0.00488344 0.00131727 0.00717378 0.00236301 -0.00306509 -0.0619413 -0.00990221 0.0115354 -0.0113833 -0.0218353 -0.00915796 -0.0200685 -0.0409276
internal_weight=52697.6 49076.6 45894.9 38661.7 34833.1 30621.8 3621.07 25744.9 9206.32 5943 16538.6 11523.5 9769.23 6092.1
internal_count=304065 296204 290341 248138 227370 216572 7861 115012 6054 3689 108958 85887 75416 10159
is_linear=0
shrinkage=0.05


Tree=12
num_leaves=15
num_cat=0
split_feature=46 31 36 37 46 32 47 32 54 32 27 22 48 27
split_gain=5555.08 3651.9 2802.34 2653.7 2483.44 2526.08 3227.33 2952.49 3218.3 2415.51 1934.03 1789.79 2340.58 2059.69
threshold=0.41090580821037298 0.87460690736770641 0.8525926172733308 4.49422311782837 0.48683299124240881 4.4870557785034189 4.3630783557891855 4.0517470836639413 1.0000000180025095e-35 3.7373861074447636 5.478551149368287 6.7929053306579599 0.51890072226524364 3.4811217784881596
decision_type=2 2 2 2 2 2 2 2 2 2 2 2 2 2
left_child=-1 2 3 4 -2 6 7 8 11 -8 -9 -6 13 -13
right_child=1 -3 -4 -5 5 -7 9 10 -10 -11 -12 12 -14 -15
leaf_value=-0.079548661554940794 0.049602556605789556 -0.026576628107041419 0.050437042233166023 0.056087296725742447 -0.018793209285924175 0.025988891091870098 -0.022966224277664551 -0.13971555841387071 -0.058527094052465312 -0.096728596475946949 -0.02141383438654082 -0.051294742982977481 0.043992857708746572 0.037298044545259923
leaf_weight=2081.5726865627803 2542.8738255680073 8340.6513160951436 3814.1817341642454 2420.2083298787475 2233.4866876807064 6632.7718054638244 5634.959253359586 361.99781651049852 1372.594540156424 1375.5295420791954 4962.9946486949921 1413.4406058043242 7898.1243656277657 1207.4422852545977
leaf_count=9471 10116 43682 20966 4349 25672 134656 21672 1563 7049 3961 5072 1214 13043 1579
internal_value=0.000291031 0.00361607 0.00963538 0.00553389 0.00208582 -0.00157922 -0.00849683 0.00199115 0.013952 -0.0375563 -0.0297029 0.0217929 0.0304202 -0.0104934
internal_weight=52292.8 50211.3 41870.6 38056.4 35636.2 33093.3 26460.6 19450.1 14125.1 7010.49 5324.99 12752.5 10519 2620.88
internal_count=304065 294594 250912 229946 225597 215481 80825 55192 48557 25633 6635 41508 15836 2793
is_linear=0
shrinkage=0.05


Tree=13
num_leaves=15
num_cat=0
split_feature=41 37 23 36 37 37 36 22 22 27 27 32 27 36
split_gain=5128.84 3247.18 2740.49 3142.7 3359.33 2377.78 2950.79 2740.72 3942.96 4593.61 2505.6 2410.95 2367.69 2146.81
threshold=0.34848485887050634 4.49422311782837 2.6735538244247441 0.8525926172733308 4.0689902305603036 1.0000000180025095e-35 0.20714285969734195 6.8007264137268075 6.7850186824798593 6.325254201889039 5.4116361141204843 1.8688347935676577 5.3771395683288583 0.37268517911434179
decision_type=2 2 2 2 2 2 2 2 2 2 2 2 2 2
left_child=12 2 -2 5 -5 7 -7 8 -4 11 -8 -10 -1 -12
right_child=1 -3 3 4 -6 6 10 -9 9 -11 13 -13 -14 -15
leaf_value=-0.075499820402843601 0.040252835198209831 0.055156361188416915 0.037789514229634794 0.053224585599709676 -0.064015501056773158 0.048569567461590801 -0.056236056917394375 0.034759444901104143 0.058021364036056601 0.034802317973171522 -0.053830157620238434 -0.068968690064296165 0.033020263088482243 -0.0050368582507398663
leaf_weight=2984.5576406549662 4088.9008630514145 2967.8636908605695 3057.3671684416477 4041.8157286974601 710.77236748114228 1518.0426334873773 4515.774964608252 5730.5596294403076 402.55452650785446 1878.2552727162838 2741.5315170320682 4211.0597240105271 598.0314054787159 12489.530892692506
leaf_count=5213 10971 5863 129102 22097 9146 2508 21523 4075 843 3289 11833 8021 2648 66933
internal_value=0.000295697 0.0045772 0.00125833 -0.00261138 0.0355932 -0.00758821 -0.0183958 0.00745495 -0.00894988 -0.0309862 -0.0235658 -0.0577868 -0.0573434 -0.013849
internal_weight=51936.6 48354 45386.2 41297.3 4752.59 36544.7 21264.9 15279.8 9549.24 6491.87 19746.8 4613.61 3582.59 15231.1
internal_count=304065 296204 290341 279370 31243 248127 102797 145330 141255 12153 100289 8864 7861 78766
is_linear=0
shrinkage=0.05


Tree=14
num_leaves=15
num_cat=0
split_feature=18 37 31 36 41 42 46 49 28 47 27 37 32 47
split_gain=4840.42 3303.6 3378.57 2723.4 1983.95 1837.39 2050.98 2385.88 2001.53 2428.41 2452.72 1843.01 1654.13 1773.59
threshold=5.744603395462037 4.49422311782837 0.87460690736770641 0.8525926172733308 0.90454545617103588 1.4978661537170412 0.48683299124240881 0.42130444943904882 2.4414010047912602 4.2835628986358651 3.4334666728973393 3.2769666910171513 4.8374145030975351 3.9015133380889897
decision_type=2 2 2 2 2 2 2 2 2 2 2 2 2 2
left_child=-1 2 3 4 5 6 -2 8 9 -8 -11 12 13 -10
right_child=1 -3 -4 -5 -6 -7 7 -9 11 10 -12 -13 -14 -15
leaf_value=-0.071364260046718156 0.045373612895078644 0.056082575378467552 -0.029373526307227241 0.048975393397745912 -0.06611759912158198 0.054076931989407176 0.041105669116344896 0.033075735292992681 0.059849138254809288 -0.037845847481576038 0.044503229505970208 0.030940267534865569 0.026796829856154863 -0.031516889922453842
leaf_weight=2242.9358403712977 2470.7513637251686 2814.5500736311078 7901.9676539991051 3426.776439541718 1017.482044685632 1755.0284429192543 3921.2773100137711 4174.1842082012445 543.67354786023498 3015.180962741375 1280.2211689986289 1776.9490880388767 1518.7861896047834 13641.74127968587
leaf_count=10745 10396 5808 42333 20775 4047 7863 4993 90219 7561 4163 6796 10817 38226 39323
internal_value=0.000304211 0.00358138 0.000388371 0.00649625 0.0023381 0.00439961 0.00168807 -0.00193919 -0.00763744 0.0127058 -0.0132558 -0.0172012 -0.0226647 -0.0279755
internal_weight=51501.5 49258.6 46444 38542.1 35115.3 34097.8 32342.8 29872 25697.8 8216.68 4295.4 17481.2 15704.2 14185.4
internal_count=304065 293320 287512 245179 224404 220357 212494 202098 111879 15952 10959 95927 85110 46884
is_linear=0
shrinkage=0.05


Tree=15
num_leaves=15
num_cat=0
split_feature=27 31 36 28 37 28 28 48 44 26 27 47 33 38
split_gain=4472.67 2977.76 2262.06 2162.04 2112.21 2004.96 3112.69 2452.32 2319.68 2064.61 1834.58 3234.29 2758.95 1873.16
threshold=2.9700856208801274 0.87460690736770641 0.8525926172733308 1.0000000180025095e-35 4.49422311782837 2.4414010047912602 2.6735538244247441 0.6343958079814912 0.17783066630363467 0.47382128238677984 5.478551149368287 4.2972624301910409 0.89587974548339855 1.4978661537170412
decision_type=2 2 2 2 2 2 2 2 2 2 2 2 2 2
left_child=3 2 4 -1 5 7 -7 9 10 -2 11 12 -8 -12
right_child=1 -3 -4 -5 -6 6 8 -9 -10 -11 13 -13 -14 -15
leaf_value=-0.081440668837145069 0.04328712705815918 -0.023211936989599072 0.048062634433989296 0.057185565349222638 0.053621096128403628 -0.050237846756692545 0.01251945788932686 0.044277207513652148 0.025562630643870762 -0.035755051408038759 -0.030583378053278883 0.047426768425264249 -0.08168435464239171 0.058926654936169248
leaf_weight=2231.1133103659377 1246.2309984094463 8472.2850903272629 3446.6442465945147 314.42056094110012 2157.788471378386 3230.1193791786209 2030.4553739018738 5405.7848768197 7187.09833165491 2404.1676996946335 7974.3683181647211 3142.2450753888115 1247.0413109511137 621.48903974890709
leaf_count=5525 8165 43685 21049 1201 4377 10316 10775 10476 133898 3322 20604 22069 7246 1357
internal_value=0.000312255 0.00370408 0.00939617 -0.064161 0.00574746 0.00273759 -0.00445751 0.0229265 0.00222237 -0.00872584 -0.00895883 0.0112548 -0.0234632 -0.0240508
internal_weight=51111.3 48565.7 40093.4 2545.53 36646.8 34489 25432.8 9056.18 22202.7 3650.4 15015.6 6419.74 3277.5 8595.86
internal_count=304065 297339 253654 6726 232605 228228 206265 21963 195949 11487 62051 40090 18021 21961
is_linear=0
shrinkage=0.05


Tree=16
num_leaves=15
num_cat=0
split_feature=21 37 31 36 49 46 36 43 48 47 22 33 33 27
split_gain=4147.02 2995.11 2801.79 2576.52 2425.04 2578.04 2130.44 1564.59 1492.22 1384.01 1875.2 1988.47 1728.62 1865.03
threshold=0.52772963047027599 4.49422311782837 0.88107022643089306 0.8525926172733308 0.51327165961265575 0.76702028512954723 0.74537035822868358 3.5972183942794804 0.66967201232910167 4.1266138553619394 6.7962646484375009 2.2499048709869389 0.89587974548339855 6.325254201889039
decision_type=2 2 2 2 2 2 2 2 2 2 2 2 2 2
left_child=-1 2 3 4 5 6 7 -2 -9 -7 -11 12 13 -12
right_child=1 -3 -4 -5 -6 9 -8 8 -10 10 11 -13 -14 -15
leaf_value=-0.066322216157155334 0.044408735109368491 0.05528750955906947 -0.032309829947871543 0.046077895289309084 0.037594948668766962 -0.082026697405481103 -0.045417630044909077 -0.0090278158353863294 0.026906144165513231 0.018712361263566884 -0.035383468644886042 -0.085297249244086659 0.047790806601946539 0.017175258870767551
leaf_weight=2221.8487650626339 3644.0097103081644 2618.8581240177155 5716.2538901716471 3487.654233553214 4051.7222058342304 790.09522746875882 1553.8180931229144 6504.9303469625302 5182.3346276460215 3302.4759762859903 7336.641623288393 1176.3954270780087 929.51169991493225 2184.6235275268555
leaf_count=10146 15763 5805 37771 21587 74829 4734 10005 46300 29772 33199 8347 1556 1769 2482
internal_value=0.00031768 0.00338489 0.000409589 0.00507549 0.00116285 -0.00337461 0.0101885 0.0158501 0.0069153 -0.0179404 -0.0144962 -0.0239365 -0.0169544 -0.0233187
internal_weight=50701.2 48479.3 45860.5 40144.2 36656.6 32604.8 16885.1 15331.3 11687.3 15719.7 14929.6 11627.2 10450.8 9521.27
internal_count=304065 293919 288114 250343 228756 153927 101840 91835 76072 52087 47353 14154 12598 10829
is_linear=0
shrinkage=0.05


Tree=17
num_leaves=15
num_cat=0
split_feature=27 37 31 36 28 28 28 48 44 47 27 47 33 38
split_gain=3888.23 2671.18 2646.85 2183.58 1871.84 1772.36 2519.6 2242.3 2003.48 1957.89 1649.45 2869.05 2282.16 1666.78
threshold=2.9700856208801274 4.49422311782837 0.87460690736770641 0.8525926172733308 1.0000000180025095e-35 2.4414010047912602 2.6735538244247441 0.6343958079814912 0.18353658914566043 4.2835628986358651 5.478551149368287 4.2972624301910409 0.89587974548339855 1.4978661537170412
decision_type=2 2 2 2 2 2 2 2 2 2 2 2 2 2
left_child=4 2 3 5 -1 7 -7 9 10 -2 11 12 -8 -12
right_child=1 -3 -4 -5 -6 6 8 -9 -10 -11 13 -13 -14 -15
leaf_value=-0.076570402586083067 0.034797310485125001 0.053116269296022249 -0.025209245039502344 0.046334043529563947 0.056260619521876193 -0.044769813194699012 0.012078366298878315 0.04301131835922508 0.024673524213651665 -0.039356794819316018 -0.028073322572947229 0.045885741497494664 -0.072236042139979362 0.057934444195924632
leaf_weight=2183.3539927946404 1526.9648589752614 2555.9474366400391 8098.3063682541251 3112.9986745971255 294.39145934581757 3298.0722155794501 2053.5856481008232 5184.4300063382834 6755.3110139982309 2105.8017805884592 8155.9165778681636 3085.8203905432019 1304.9851226322353 595.80605217814445
leaf_count=5525 5504 5863 42420 20828 1201 10316 10987 10476 132779 5983 20952 22540 7318 1373
internal_value=0.000319234 0.00348811 0.00067549 0.00631884 -0.0606255 0.00264975 -0.00409096 0.0219357 0.0020384 -0.00817756 -0.00803348 0.0111536 -0.0207995 -0.0221586
internal_weight=50311.7 47833.9 45278 37179.7 2477.75 34066.7 25249.5 8817.2 21951.4 3632.77 15196.1 6444.39 3358.57 8751.72
internal_count=304065 297339 291476 249056 6726 228228 206265 21963 195949 11487 63170 40845 18305 22325
is_linear=0
shrinkage=0.05


Tree=18
num_leaves=15
num_cat=0
split_feature=46 37 47 37 36 23 22 22 37 28 32 47 42 33
split_gain=3608.7 2622.13 2359.62 4930.83 3533.15 2242.83 2554.6 2352.79 2862.4 4421.68 2544.17 3590.35 4297.36 2985.62
threshold=0.41090580821037298 4.49422311782837 4.1266138553619394 0.89587974548339855 0.79163843393325817 2.6735538244247441 6.7804884910583505 6.8007264137268075 1.0000000180025095e-35 3.3140207529067998 6.1516542434692392 6.1695756912231454 1.0000000180025095e-35 3.0677825212478642
decision_type=2 2 2 2 2 2 2 2 2 2 2 2 2 2
left_child=-1 2 3 -2 5 -4 -7 10 -9 -10 11 12 -8 -12
right_child=1 -3 4 -5 -6 6 7 8 9 -11 13 -13 -14 -15
leaf_value=-0.066376177889964944 0.042837454794632857 0.053435471311345739 0.036526553793860529 -0.07098756489446946 0.045452853582481974 0.038657824694693629 -0.035292271389775712 0.034773011954378305 0.034742871260618133 -0.057896526426615649 0.038042279569869192 -0.09402398177076926 0.030111995493426011 -0.083413291861792971
leaf_weight=1938.7361830763984 1390.7698965035379 2438.6876538340002 3554.9135839566588 2965.1321815513074 4565.2224222761579 3005.2091973570641 10673.076769705862 5402.4747045636177 2292.4112945199013 2915.442160487175 3021.3067538067698 1843.5249759405851 3274.9513149037957 597.67972934246063
leaf_count=9471 9361 5835 10247 23279 26877 149746 38863 3932 1561 1493 6629 4336 11646 789
internal_value=0.00032281 0.00303341 0.000320963 -0.0346302 0.00402855 -0.00115212 -0.00521767 -0.00962119 0.0093055 -0.0171298 -0.0199665 -0.0286294 -0.019925 0.0178092
internal_weight=49879.5 47940.8 45502.1 4355.9 41146.2 36581 33026.1 30020.9 10610.3 5207.85 19410.5 15791.6 13948 3618.99
internal_count=304065 294594 288759 32640 256119 229242 218995 69249 6986 3054 62263 54845 50509 7418
is_linear=0
shrinkage=0.05


Tree=19
num_leaves=15
num_cat=0
split_feature=27 37 31 36 49 28 48 47 32 28 42 36 27 28
split_gain=3375.84 2373.14 2247.18 2088.51 2083.43 2126.68 2461.99 2023.07 1901.59 1635.94 1625.46 1761.88 4277.07 2167.5
threshold=2.9700856208801274 4.49422311782837 0.88107022643089306 0.8525926172733308 0.50109660625457775 2.4414010047912602 0.6343958079814912 4.2835628986358651 2.7403194904327397 1.0000000180025095e-35 0.89587974548339855 0.62145593762397777 5.4722616672515878 4.4829866886138925
decision_type=2 2 2 2 2 2 2 2 2 2 2 2 2 2
left_child=9 2 3 4 5 6 7 -2 -7 -1 11 12 -10 -14
right_child=1 -3 -4 -5 -6 8 -8 -9 10 -11 -12 -13 13 -15
leaf_value=-0.072287347733427376 0.03386899836368347 0.052054547404559615 -0.028271506630412502 0.043604235500308841 0.035862557004896246 -0.076145857322623661 0.041780484123264405 -0.040656074551373426 0.045273414772312219 0.055463412990373551 0.025746965936431623 -0.034361632796318313 -0.030351662457601892 0.03946795494818716
leaf_weight=2122.8999086557887 1478.7165725268424 2358.90533570759 5811.217809215188 3209.9475847042631 3926.2081323016901 1048.259359896183 4889.7670745011419 2336.8163490360603 3436.3471700306982 276.54628305137157 3137.2980572544038 6399.9386833168101 7669.3401028623339 1290.8760658274405
leaf_count=5525 5504 5863 37849 21638 78033 1171 10088 6188 18628 1201 13098 31977 24757 42545
internal_value=0.000328396 0.00328725 0.000698858 0.00504139 0.00155435 -0.00270656 0.0183268 -0.0117607 -0.0106782 -0.0573945 -0.00751613 -0.0130788 -0.00207228 -0.0202601
internal_weight=49393.1 46993.6 44634.7 38823.5 35613.6 31687.4 8705.3 3815.53 22982.1 2399.45 21933.8 18796.5 12396.6 8960.22
internal_count=304065 297339 291476 253627 231989 153956 21780 11692 132176 6726 131005 117907 85930 67302
is_linear=0
shrinkage=0.05


Tree=20
num_leaves=15
num_cat=0
split_feature=18 37 47 37 36 23 22 31 22 37 32 32 42 32
split_gain=3142.66 2375.69 2140.36 4222.16 3209.91 1945.35 2263.86 2217.34 2092.01 2536.4 3842.38 2146.52 3102.53 3240.92
threshold=5.3254430294036874 4.49422311782837 4.1266138553619394 0.89587974548339855 0.79163843393325817 2.6735538244247441 6.7804884910583505 0.95958429574966442 6.8007264137268075 1.0000000180025095e-35 4.0342013835906991 6.1516542434692392 1.0000000180025095e-35 3.3842465877532963
decision_type=2 2 2 2 2 2 2 2 2 2 2 2 2 2
left_child=-1 2 3 -2 5 -4 7 -7 11 -10 -11 12 13 -8
right_child=1 -3 4 -5 -6 6 8 -9 9 10 -12 -13 -14 -15
leaf_value=-0.068886932853833641 0.040571261515269574 0.052665007647922417 0.034543626358491682 -0.066020225372640531 0.04417583179566683 0.050949398955536698 -0.0079675733915946338 -0.092607834766585906 0.033362569263854329 0.033701495908977051 -0.05294769410445567 0.016265355564736222 0.012044539090079855 -0.06079436580135944
leaf_weight=1576.6411878084764 1335.1053835749626 2250.9803935587406 3442.866937354207 3003.5331638082862 4362.8713217263576 2678.6527090030722 4919.9291959777474 289.68651209771633 5279.5999889969826 2232.2346497774124 2971.3276176452637 3574.8869021758437 3917.227445922792 7085.4315675161779
leaf_count=6400 9392 5849 10322 23308 26944 145957 14942 6251 3947 1572 1498 7490 12329 27864
internal_value=0.000331733 0.00265088 0.000143145 -0.0332015 0.00370021 -0.00116306 -0.00490343 0.0366754 -0.00903095 0.00897602 -0.0157834 -0.0187124 -0.0265707 -0.03917
internal_weight=48921 47344.3 45093.4 4338.64 40754.7 36391.8 32949 2968.34 29980.6 10483.2 5203.56 19497.5 15922.6 12005.4
internal_count=304065 297665 291816 32700 259116 232172 221850 152208 69642 7017 3070 62625 55135 42806
is_linear=0
shrinkage=0.05


Tree=21
num_leaves=15
num_cat=0
split_feature=27 37 47 37 36 27 33 27 22 47 32 47 48 26
split_gain=2971.82 2107.95 2016.41 3791.27 2892.65 2137.95 2271.47 2673.14 3059.6 3234.17 2149.51 2032.91 2710.41 2007.14
threshold=2.9700856208801274 4.49422311782837 4.1266138553619394 0.89587974548339855 0.79163843393325817 5.4722616672515878 2.2499048709869389 6.325254201889039 6.7804884910583505 4.3630783557891855 4.0517470836639413 6.1954247951507577 0.79625153541564953 0.92533329129219066
decision_type=2 2 2 2 2 2 2 2 2 2 2 2 2 2
left_child=-1 2 3 -2 5 -4 7 8 13 10 -10 -11 -13 -7
right_child=1 -3 4 -5 -6 6 -8 -9 9 11 -12 12 -14 -15
leaf_value=-0.054876001944842101 0.039317228613115977 0.051040558090333282 0.016801125133378211 -0.062262325629397666 0.043234396388381974 0.050814797857310239 -0.074935418552005362 0.02461385297802773 0.040476514734059922 -0.0658804304281293 -0.018759042675766325 -0.079405252608598528 0.050528974558285047 -0.093674039128030531
leaf_weight=2310.6967537258752 1308.4989923872054 2175.3151779137552 11941.441988203675 3028.8827509991825 4242.8231565966271 2236.6946432662662 1233.8677742700092 5525.8110977858305 2120.3957114219666 4972.6764136254787 5437.9067012071609 662.02670389413834 986.49701946973801 259.89822224155068
leaf_count=6726 9451 5863 44278 23348 26949 138644 2362 8016 7629 18611 5626 425 698 5439
internal_value=0.000333924 0.00311057 0.000727599 -0.0315979 0.0042735 -0.000410019 -0.00918319 -0.00549693 -0.0154833 -0.0244715 -0.00210966 -0.0499565 -0.00181516 0.0354596
internal_weight=48443.4 46132.7 43957.4 4337.38 39620 35377.2 23435.8 22201.9 16676.1 14179.5 7558.3 6621.2 1648.52 2496.59
internal_count=304065 297339 291476 32799 258677 231728 187450 185088 177072 32989 13255 19734 1123 144083
is_linear=0
shrinkage=0.05


Tree=22
num_leaves=15
num_cat=0
split_feature=41 37 22 52 23 27 22 36 32 32 38 32 33 26
split_gain=2844.09 1939.14 1844.35 2624.86 1782.17 2145.22 2235.1 2823.29 2700.26 2526.72 2880.76 2452.34 2371.77 2240.26
threshold=0.34848485887050634 4.49422311782837 6.8007264137268075 1.0000000180025095e-35 2.6020033359527592 5.3771395683288583 6.7804884910583505 0.78055557608604442 2.552972793579102 6.1516542434692392 1.0000000180025095e-35 3.9981586933135991 3.0677825212478642 0.92107442021369945
decision_type=2 2 2 2 2 2 2 2 2 2 2 2 2 2
left_child=-1 2 4 -4 -2 -6 13 8 -8 10 -10 -12 -11 -7
right_child=1 -3 3 -5 5 6 7 -9 9 12 11 -13 -14 -15
leaf_value=-0.044636999119360393 0.044872856663471128 0.05054065635733998 0.039219883771526444 -0.0065520119545616944 -0.032541302754562511 0.052022154072152105 0.053862218515718256 0.042370507019860365 -0.051449254735486873 0.03480652715498516 -0.064838519322940213 0.026294859288381468 -0.071423662519852146 -0.082862709407608121
leaf_weight=3265.9261018428952 1656.0169266313314 2089.2715255096555 6564.9550532102585 5977.0948576331139 6915.5203562779352 2888.1741877766326 1295.0842386782169 2464.0841154307127 7242.8842582330108 2891.4461764395237 991.53888444602489 2797.427678309381 631.94622480869293 335.39232784882188
leaf_count=7861 8594 5863 5831 3729 47267 153875 4044 8705 30942 6694 2362 10736 797 6765
internal_value=0.000334139 0.00362612 0.00131672 0.0174188 -0.00539412 -0.00833443 -0.000550479 -0.00731324 -0.0150589 -0.0212241 -0.0329902 0.00233817 0.0156051 0.0377754
internal_weight=48006.8 44740.8 42651.6 12542 30109.5 28453.5 21538 18314.4 15850.3 14555.2 11031.9 3788.97 3523.39 3223.57
internal_count=304065 296204 290341 9560 280781 272187 224920 64280 55575 51531 44040 13098 7491 160640
is_linear=0
shrinkage=0.05


Tree=23
num_leaves=15
num_cat=0
split_feature=21 37 47 37 36 36 42 27 27 27 37 22 22 28
split_gain=2714.56 2015.49 1767.31 3207.08 2624.58 1664.64 2757.67 2561.13 3095.07 1864.93 1747.47 1933.22 2638.46 1714.14
threshold=0.52772963047027599 4.49422311782837 4.1266138553619394 0.89587974548339855 0.79163843393325817 0.63275861740112316 1.0000000180025095e-35 5.4722616672515878 6.325254201889039 6.3234620094299325 1.0000000180025095e-35 6.7984981536865243 6.8007264137268075 3.5114340782165532
decision_type=2 2 2 2 2 2 2 2 2 2 2 2 2 2
left_child=-1 2 3 -2 5 7 -7 -4 9 10 11 -9 -13 -14
right_child=1 -3 4 -5 -6 6 -8 8 -10 -11 -12 12 13 -15
leaf_value=-0.056578161013907662 0.038017519833959075 0.052186695624076275 0.028084612388545822 -0.057896856290646614 0.042196421380505542 -0.028150502051024557 0.034714510646097797 0.03146151594782897 0.03998069937163512 -0.090448082994290871 -0.042348245593518602 -0.060154118459289543 -0.03417349629538706 0.046638331133636593
leaf_weight=1996.5544884519186 1219.3562990427017 1969.6688999589533 8996.3746739551425 2995.9146569594741 4007.5056274088565 9188.9961839164607 2143.7209474742413 3143.7867273031734 2972.7998507134616 794.66917041689157 3272.6622344926 2140.8739661574364 1092.459536254406 1612.9257575273514
leaf_count=10146 9324 5805 34256 23118 26861 40834 9635 117631 5166 1763 14795 2859 771 1101
internal_value=0.000338038 0.00284457 0.000603121 -0.0301273 0.00390045 -0.000450593 -0.0162387 0.00699992 -0.0056307 -0.0169002 -0.0116352 0.000981824 -0.0188145 0.0140001
internal_weight=47548.3 45551.7 43582 4215.27 39366.8 35359.3 11332.7 24026.6 15030.2 12057.4 11262.7 7990.05 4846.26 2705.39
internal_count=304065 293919 288114 32442 255672 228811 50469 178342 144086 138920 137157 122362 4731 1872
is_linear=0
shrinkage=0.05


Tree=24
num_leaves=15
num_cat=0
split_feature=18 37 47 37 36 23 22 31 22 37 32 32 32 47
split_gain=2504.3 1886.28 1570.37 2918.11 2460.77 1550.5 1723.32 1789.04 1547.72 2151.38 3083.36 1721 1607.17 2574.2
threshold=5.3254430294036874 4.49422311782837 4.1266138553619394 0.89587974548339855 0.79163843393325817 2.6735538244247441 6.7804884910583505 0.95958429574966442 6.8007264137268075 1.0000000180025095e-35 4.0342013835906991 2.1383330821990971 6.1516542434692392 6.1695756912231454
decision_type=2 2 2 2 2 2 2 2 2 2 2 2 2 2
left_child=-1 2 3 -2 5 -4 7 -7 12 -10 11 -11 13 -8
right_child=1 -3 4 -5 -6 6 8 -9 9 10 -12 -13 -14 -15
leaf_value=-0.064104495425294436 0.037232757049751569 0.050894631897747428 0.032182505554530942 -0.05477350191279573 0.040842481653443702 0.048138915761314842 -0.015116205750072803 -0.078167091816345513 0.031376320257700416 -0.040493175682803889 -0.047328445490218862 0.059224439835330815 0.014996265404000522 -0.076744875025247281
leaf_weight=1450.8415895840153 1195.4899276793003 1910.8320733886212 3231.4018482118845 3024.7385897859931 3933.7218764994759 2435.8919732589275 14058.298561558127 307.56139269471169 5036.1425485610962 593.42123675346375 2985.5681509971619 1531.6214670538902 3459.2093939855695 1918.1557708382607
leaf_count=6400 9392 5849 10322 23308 26944 145957 50742 6251 3947 273 1498 1299 7490 4393
internal_value=0.00033754 0.00240048 0.000269408 -0.0286839 0.00337 -0.000785919 -0.00409049 0.0337466 -0.00760969 0.00821336 -0.0146288 0.0313189 -0.0158704 -0.0225588
internal_weight=47072.9 45622.1 43711.2 4220.23 39491 35557.3 32325.9 2743.45 29582.4 10146.8 5110.61 2125.04 19435.7 15976.5
internal_count=304065 297665 291816 32700 259116 232172 221850 152208 69642 7017 3070 1572 62625 55135
is_linear=0
shrinkage=0.05


Tree=25
num_leaves=15
num_cat=0
split_feature=46 37 46 37 27 32 27 38 42 47 36 37 32 22
split_gain=2354.02 1745.29 1758.45 1435.86 2110.77 1971.93 2156.94 1402.19 2254.86 1933.7 1623.01 1609.16 2705.85 1588.56
threshold=0.426196038722992 4.49422311782837 0.48683299124240881 4.4714918136596689 6.325254201889039 6.1441833972930917 6.3234620094299325 2.2499048709869389 1.4978661537170412 4.182021141052247 0.79163843393325817 0.89587974548339855 4.0517470836639413 6.7973818778991708
decision_type=2 2 2 2 2 2 2 2 2 2 2 2 2 2
left_child=-1 2 -2 4 5 6 7 8 9 11 13 12 -4 -11
right_child=1 -3 3 -5 -6 -7 -8 -9 -10 10 -12 -13 -14 -15
leaf_value=-0.056571016446876524 0.045398320410955068 0.050226076573116243 0.0407479199818181 -0.071702071586887933 0.026926825492554287 -0.074899268106634095 -0.08481514585266646 -0.056112416171299168 0.052244022442633514 0.01863514987419702 0.042317591048542352 -0.054749224319528937 -0.073314275418898983 -0.010304203832923693
leaf_weight=1739.0904679580126 2066.7755589012522 1831.1489585954696 1490.2150432430208 710.93367657065392 5960.4875071980059 978.04119862616062 780.71858677268028 1113.8208564184606 1979.5896910205483 6948.8377866484225 2379.6076631669421 2935.6766990199685 785.741947889328 14876.03446508944
leaf_count=10330 9731 5835 9996 921 9564 4637 1694 4709 10338 174511 22782 22982 1057 14978
internal_value=0.000335456 0.00255478 0.000513801 -0.00176265 -0.000509155 -0.00528772 -0.00322071 -0.00123574 0.000728363 -0.00275502 0.00319696 -0.0303511 0.00122111 -0.00108587
internal_weight=46576.7 44837.6 43006.5 40939.7 40228.8 34268.3 33290.2 32509.5 31395.7 29416.1 24204.5 5211.63 2275.96 21824.9
internal_count=304065 293735 287900 278169 277248 267684 263047 261353 256644 246306 212271 34035 11053 189489
is_linear=0
shrinkage=0.05


Tree=26
num_leaves=15
num_cat=0
split_feature=27 37 31 36 28 41 29 32 42 47 32 22 22 48
split_gain=2245.26 1567.06 1472.42 1392.04 1250.49 1143.04 1050.82 1267.36 1027.88 1292.48 1989.67 1241.5 1897.41 1313.46
threshold=2.9700856208801274 4.49422311782837 0.87460690736770641 0.8525926172733308 1.0000000180025095e-35 0.90454545617103588 0.94595253467559826 3.4498615264892583 1.4978661537170412 4.1971738338470468 2.1383330821990971 6.7962646484375009 6.7973818778991708 0.50751197338104259
decision_type=2 2 2 2 2 2 2 2 2 2 2 2 2 2
left_child=4 2 3 5 -1 8 7 -4 9 10 -2 -11 -13 -14
right_child=1 -3 6 -5 -6 -7 -8 -9 -10 11 -12 12 13 -15
leaf_value=-0.063416187498059176 0.055434392907873359 0.048666302629664711 -0.045982593031254092 0.041665940078955382 0.054325283181716692 -0.050089739801824289 -0.068139566067647789 0.0013169338036243183 0.045056617055367836 0.026189035498091248 -0.031717765625610836 -0.081841308478026786 -0.021093984574851121 0.011494208517540547
leaf_weight=1891.1546674040146 750.67864239215851 1774.1652793195099 1953.1925005353987 2437.6627523771022 248.13077220320702 989.53758085891604 931.61570500582457 5080.9834884870797 1458.9456740114838 6328.2776029333472 4725.2743771076202 664.8338021337986 4061.8594223856926 12840.787463262677
leaf_count=5525 1593 5863 3932 20828 1201 4065 5628 32860 8109 169883 24441 1454 4172 14511
internal_value=0.000329794 0.00276678 0.000827095 0.00533038 -0.0495704 0.00253459 -0.0185222 -0.0118634 0.00423931 0.0021972 -0.0196911 0.00721926 0.000374832 0.00365513
internal_weight=46137.1 43997.8 42223.6 34257.9 2139.29 31820.2 7965.79 7034.18 30830.7 29371.7 5475.95 23895.8 17567.5 16902.6
internal_count=304065 297339 291476 249056 6726 228228 42420 36792 224163 216054 26034 190020 20137 18683
is_linear=0
shrinkage=0.05


Tree=27
num_leaves=15
num_cat=0
split_feature=21 37 46 36 47 37 37 32 32 22 47 48 22 48
split_gain=2085.88 1616.39 1375.09 1292.84 1287.09 2902.35 1306.25 1603.03 2662.07 1881.97 2581.47 2249.25 1643.39 1903.86
threshold=0.52772963047027599 4.49422311782837 0.48683299124240881 0.90856844186782848 4.1266138553619394 0.89587974548339855 4.4714918136596689 6.1516542434692392 6.1441833972930917 6.7962646484375009 4.3502571582794198 0.71493092179298412 6.8007264137268075 0.7954605519771577
decision_type=2 2 2 2 2 2 2 2 2 2 2 2 2 2
left_child=-1 2 -2 4 5 -4 7 8 9 -6 11 -11 -12 -14
right_child=1 -3 3 -5 6 -7 -8 -9 -10 10 12 -13 13 -15
leaf_value=-0.051434296517878057 0.040052737106062601 0.050653904010503806 0.036437911506443509 0.042892283256005623 0.019357591148923433 -0.06003217504051777 -0.066676309183977489 0.029664981590398078 -0.093459864367186132 -0.013645009356530895 -0.051449588489894262 0.028046894168187238 -0.075345995282047634 0.017213356556150375
leaf_weight=1857.2726384014823 2090.0482074993197 1667.7532058572397 1104.0462804101408 1569.1272797556594 8439.2802409243304 2599.1749471239746 715.48829120397568 4290.6264058947563 781.47892221808434 7315.4878178834915 4432.094439804554 5783.8626086860895 711.45331215858459 2406.5498350262642
leaf_count=10146 11627 5805 9272 7865 201716 20679 907 8278 3071 8078 6308 8162 443 1708
internal_value=0.00032281 0.00252338 0.000611458 -0.00145123 -0.00326544 -0.0312507 -0.000285808 0.00112383 -0.00298445 -0.000522511 -0.0086528 0.00477091 -0.0319183 -0.00407982
internal_weight=45763.7 43906.5 42238.7 40148.7 38579.5 3703.22 34876.3 34160.8 29870.2 29088.7 20649.4 13099.4 7550.1 3118
internal_count=304065 293919 288114 276487 268622 29951 238671 237764 229486 226415 24699 16240 8459 2151
is_linear=0
shrinkage=0.05


Tree=28
num_leaves=15
num_cat=0
split_feature=18 37 36 47 37 37 27 47 22 32 27 46 36 31
split_gain=1946.56 1503.46 1276.23 1329.58 2636.9 1239.23 1263.68 2027.77 2631.62 2373.42 1999.82 1655.75 1782.03 2152.64
threshold=5.3254430294036874 4.49422311782837 0.90856844186782848 4.1266138553619394 0.89587974548339855 4.4714918136596689 6.325254201889039 4.3630783557891855 6.7895333766937265 4.0517470836639413 6.3135464191436776 0.63907548785209667 0.61930641531944286 0.74752378463745128
decision_type=2 2 2 2 2 2 2 2 2 2 2 2 2 2
left_child=-1 2 3 4 -2 6 7 9 -9 11 -10 12 13 -5
right_child=1 -3 -4 5 -6 -7 -8 8 10 -11 -12 -13 -14 -15
leaf_value=-0.059524160784633739 0.034768709780643142 0.049239236204395048 0.042858304134736597 0.041285471409535493 -0.05713834289915698 -0.062649602357267881 0.024331632574471532 0.014855918741148928 -0.02100183560867705 -0.01765718068013709 -0.083332248474116924 0.042567710253987874 -0.036499497992466837 -0.032888254008921917
leaf_weight=1309.3947137217037 1101.8209631182253 1619.6288964962587 1681.2030743004289 3585.4536379873753 2620.3182856589556 730.06572508811951 5685.2766642682254 4431.4389929792378 6919.6690153926611 5460.8552568256855 1574.4613412022591 5413.3934769108891 1832.7205469198525 1335.2596799246967
leaf_count=6400 9392 5849 8266 9748 20895 915 8671 177531 12644 5877 4837 26568 4761 1711
internal_value=0.000317189 0.00211147 0.000298861 -0.00146965 -0.0299119 0.00140134 0.00270865 -0.00132155 -0.0163573 0.00970649 -0.0326397 0.0219926 0.00546148 0.0211322
internal_weight=45301 43991.6 42371.9 40690.7 3722.14 36968.6 36238.5 30553.3 12925.6 17627.7 8494.13 12166.8 6753.43 4920.71
internal_count=304065 297665 291816 283550 30287 253263 252348 243677 195012 48665 17481 42788 16220 11459
is_linear=0
shrinkage=0.05


Tree=29
num_leaves=15
num_cat=0
split_feature=27 37 36 47 37 48 41 42 22 42 37 22 28 32
split_gain=1841.3 1315.68 1162.93 1257.71 2401.66 1190.52 1245.6 1262.6 1256.64 1705.32 3444.33 1442.02 2201.55 1856.61
threshold=2.9700856208801274 4.49422311782837 0.90856844186782848 4.1266138553619394 0.89587974548339855 1.0000001788139345 0.90454545617103588 1.4978661537170412 6.8007264137268075 1.0000000180025095e-35 0.89587974548339855 6.7962646484375009 6.0294818878173837 1.8688347935676577
decision_type=2 2 2 2 2 2 2 2 2 2 2 2 2 2
left_child=-1 2 3 4 -2 6 7 8 11 -10 -11 12 -5 -13
right_child=1 -3 -4 5 -6 -7 -8 -9 9 10 -12 13 -14 -15
leaf_value=-0.046386664030886551 0.033641419720829895 0.047298141963406377 0.042075433467086157 0.019587153927333525 -0.054641963523933204 -0.056479829795111562 -0.048340681419602745 0.047686789530077885 0.027794218272952725 0.042407567604776694 -0.06608908824111609 0.052365053390895436 -0.05971615831297853 -0.021235766854260971
leaf_weight=2005.8795320303179 1084.2484219372272 1569.3081681039184 1628.3958575767465 7958.2541278391145 2604.6749827899039 841.25324763730168 1117.504201091826 1644.0808619167656 8381.6034161448479 1339.3980615139008 1588.5708794593811 918.56258064508438 973.37450164183974 11157.029037773609
leaf_count=6726 9451 5863 8266 196664 20935 3288 4754 9416 7213 1003 786 1995 9606 18099
internal_value=0.000312593 0.00251122 0.00079576 -0.000911531 -0.0286729 0.00194673 0.00336362 0.00507871 0.00289699 0.016327 -0.0164819 -0.00433759 0.0108875 -0.0155984
internal_weight=44812.1 42806.3 41237 39608.6 3688.92 35919.6 35078.4 33960.9 32316.8 11309.6 2927.97 21007.2 8931.63 12075.6
internal_count=304065 297339 291476 283210 30386 252824 249536 244782 235366 9002 1789 226364 206270 20094
is_linear=0
shrinkage=0.05


Tree=30
num_leaves=15
num_cat=0
split_feature=46 46 37 36 37 36 37 22 22 32 28 48 23 23
split_gain=1767.46 1372.11 1375.59 1068.25 1543.17 997.225 1322.49 1402.87 2542.56 2284.8 1274.93 1309.13 1560.99 1158.45
threshold=0.426196038722992 0.48025973141193395 4.49422311782837 0.8525926172733308 4.0689902305603036 0.20714285969734195 1.0000000180025095e-35 6.8007264137268075 6.7984981536865243 1.8688347935676577 2.7403194904327397 0.7817850410938264 4.6001451015472421 6.140960931777955
decision_type=2 2 2 2 2 2 2 2 2 2 2 2 2 2
left_child=-1 -2 3 5 -5 -3 7 8 13 -10 11 12 -9 -7
right_child=1 2 -4 4 -6 6 -8 10 9 -11 -12 -13 -14 -15
leaf_value=-0.051595440740084188 0.047795424341589336 0.041790177004328313 0.048020702635638152 0.045648701512040167 -0.036730799751911479 0.041380651420329796 -0.01325479864609974 0.013297739811252769 0.051649598459421769 -0.051292987936363194 0.050019099131486777 0.038022050912348289 -0.098623347384500293 -0.0055114152602206701
leaf_weight=1571.7035848679952 1580.5641961153597 1156.4405050582718 1456.6934297466651 2433.3123335933778 732.61186997592449 2588.0199567056261 20885.772337781033 721.0980549454689 631.68795782327652 3404.4574563503265 2797.7968223690987 1192.4402906298637 535.79777085781097 2667.1973990499973
leaf_count=10330 8548 2289 5692 21716 9266 111213 102275 801 1194 4266 2219 1099 318 22839
internal_value=0.000308629 0.00222698 0.000467798 -0.00128663 0.02653 -0.00370065 -0.00519709 0.00637963 -0.00529408 -0.0350938 0.0270216 0.000655784 -0.0348146 0.0176161
internal_weight=44355.6 42783.9 41203.3 39746.6 3165.92 36580.7 35424.3 14538.5 9291.36 4036.15 5247.13 2449.34 1256.9 5255.22
internal_count=304065 293735 285187 279495 30982 248513 246224 143949 139512 5460 4437 2218 1119 134052
is_linear=0
shrinkage=0.05


Tree=31
num_leaves=15
num_cat=0
split_feature=18 37 36 47 37 23 36 48 36 47 32 37 31 22
split_gain=1648.64 1267.65 1040.79 1098.88 2132.67 1151.21 1094.84 1453.25 1338.91 1507.21 1724.5 1217.92 1308.12 1160.31
threshold=5.3254430294036874 4.49422311782837 0.90856844186782848 4.1266138553619394 0.89587974548339855 2.6020033359527592 0.20714285969734195 0.48784677684307104 0.48249898850917822 4.3502571582794198 4.4870557785034189 4.4714918136596689 0.88107022643089306 6.7945859432220468
decision_type=2 2 2 2 2 2 2 2 2 2 2 2 2 2
left_child=-1 2 3 4 -2 -5 -7 -8 -9 -10 -11 12 -12 -14
right_child=1 -3 -4 5 -6 6 7 8 9 10 11 -13 13 -15
leaf_value=-0.05694336762090229 0.032788719726029543 0.048033373129505827 0.040732762608878301 0.041367228515817263 -0.051938202870641562 0.04466736775005084 -0.030278238959961113 -0.027274269009625415 0.020762238470200641 -0.020432689347054472 0.031414700242064775 -0.059276553868021942 -0.039262491249590289 0.044744352025650011
leaf_weight=1212.4428068874404 1036.1111327931285 1431.7335623716936 1525.5024803332053 1706.5968743935227 2563.4147544614971 1276.8971422289032 4071.8698809389025 3525.4138452478219 9950.0320412442088 7959.2712931483984 5184.6723514092155 537.08380779623985 1464.4537325017154 560.60477212071419
leaf_count=6400 9392 5849 8266 8618 20895 2587 21924 13828 31046 35619 120514 646 17649 832
internal_value=0.000310422 0.00194548 0.000338931 -0.00121775 -0.0275266 0.00140246 -0.000584129 -0.00233465 0.00157352 0.00554659 -0.00409982 0.0126857 0.0181211 -0.015901
internal_weight=44006.1 42793.7 41361.9 39836.4 3599.53 36236.9 34530.3 33253.4 29181.5 25656.1 15706.1 7746.81 7209.73 2025.06
internal_count=304065 297665 291816 283550 30287 253263 244645 242058 220134 206306 175260 139641 138995 18481
is_linear=0
shrinkage=0.05


Tree=32
num_leaves=15
num_cat=0
split_feature=27 37 48 47 27 36 37 23 22 26 22 32 42 32
split_gain=1547.76 1101.55 982.614 999.618 1751.87 1512.69 1016.96 998.166 1039.47 1311.02 1256.64 1225.26 1778.79 1977.17
threshold=2.9700856208801274 4.49422311782837 1.0000001788139345 4.1266138553619394 5.463822841644288 0.79163843393325817 0.89587974548339855 2.6735538244247441 6.7804884910583505 0.92533329129219066 6.8007264137268075 6.1516542434692392 1.0000000180025095e-35 3.3842465877532963
decision_type=2 2 2 2 2 2 2 2 2 2 2 2 2 2
left_child=-1 2 3 4 6 7 -2 -5 9 -9 11 12 13 -10
right_child=1 -3 -4 5 -6 -7 -8 8 10 -11 -12 -13 -14 -15
leaf_value=-0.043697218610910089 0.019644866785851423 0.045932299156049149 -0.052041481791433468 0.030676028089860297 0.051162231958626174 0.036713636356163301 -0.051191651288624331 0.042427438610947443 9.8723593528478911e-05 -0.072192940776670586 0.01110193667933556 0.015513332192245339 0.012293212767138746 -0.043689370120905333
leaf_weight=1900.8358787358738 623.70687159895897 1389.3954426348209 850.76417659968138 2640.9123038612306 666.0297749787569 3312.3818901646882 2588.3235374204814 2204.2589721283875 4040.1801247596741 271.99330459535122 8990.5769829750061 3353.7285314202309 3661.5017086192966 7112.641664005816
leaf_count=6726 8012 5863 3345 9354 2413 26938 22318 146043 13826 5248 6786 7491 12401 27301
internal_value=0.000306034 0.00232155 0.000807625 0.00195978 -0.0221129 0.00458846 -0.0374185 0.00128118 -0.0013478 0.0295977 -0.00417919 -0.0117431 -0.0179198 -0.027841
internal_weight=43607.2 41706.4 40317 39466.2 3878.06 35588.2 3212.03 32275.8 29634.9 2476.25 27158.6 18168.1 14814.3 11152.8
internal_count=304065 297339 291476 288131 32743 255388 30330 228450 219096 151291 67805 61019 53528 41127
is_linear=0
shrinkage=0.05


Tree=33
num_leaves=15
num_cat=0
split_feature=21 37 46 36 37 36 37 22 22 28 28 48 43 27
split_gain=1504.26 1163.37 1033.18 906.337 1280.19 866.486 944.635 1281.38 2333.99 1826.55 1228.24 1210.28 1277.93 1009.55
threshold=0.52772963047027599 4.49422311782837 0.48683299124240881 0.8525926172733308 4.0689902305603036 0.13392857462167743 1.0000000180025095e-35 6.8007264137268075 6.7984981536865243 1.7005987167358401 2.7403194904327397 0.7817850410938264 3.8815106153488164 6.3234620094299325
decision_type=2 2 2 2 2 2 2 2 2 2 2 2 2 2
left_child=-1 2 -2 5 -5 -4 7 8 13 -10 11 12 -9 -7
right_child=1 -3 3 4 -6 6 -8 10 9 -11 -12 -13 -14 -15
leaf_value=-0.046189199448100522 0.037179247726132562 0.048520407459533163 0.052554420138134821 0.044507139678908875 -0.031819303653423517 0.030655072875554641 -0.011140490775933518 0.029853698202147196 0.051666952464441918 -0.048108894189601958 0.049303279440420761 0.03672413289519727 -0.073809455644437735 -0.019014275301522963
leaf_weight=1662.709346893942 1837.9520639060065 1301.1486283978447 671.00707881920971 2202.7011086111888 722.80525401048362 3638.3464086111635 20831.453184226295 474.64287400245667 522.02460616827011 3382.2030685842037 2636.1205769777298 1145.9333888292313 766.40233147144318 1413.8783085793257
leaf_count=10146 11627 5805 1056 21614 9249 128777 102225 533 1014 4237 2202 1096 581 3903
internal_value=0.000300011 0.00217119 0.000661026 -0.00109574 0.025605 -0.00330382 -0.00439531 0.00565671 -0.00568126 -0.0346702 0.025844 -0.00016137 -0.0342413 0.0167449
internal_weight=43209.3 41546.6 40245.5 38407.5 2925.51 35482 34811 13979.6 8956.45 3904.23 5023.1 2386.98 1241.05 5052.22
internal_count=304065 293919 288114 276487 30863 245624 244568 142343 137931 5251 4412 2210 1114 132680
is_linear=0
shrinkage=0.05


Tree=34
num_leaves=15
num_cat=0
split_feature=46 46 37 37 27 32 27 15 48 32 29 38 42 47
split_gain=1406.1 1168.63 1085.15 864.952 1525.8 1281.63 1352.12 1177 1543.76 962.404 1217.15 921.359 1767.42 1030.42
threshold=0.426196038722992 0.48025973141193395 4.49422311782837 4.4714918136596689 6.325254201889039 6.1441833972930917 6.3234620094299325 1.0000000180025095e-35 0.45017528533935552 6.0821251869201669 0.9313630759716035 2.2499048709869389 1.4978661537170412 4.182021141052247
decision_type=2 2 2 2 2 2 2 2 2 2 2 2 2 2
left_child=-1 -2 3 4 5 6 9 8 -6 10 11 12 13 -3
right_child=1 2 -4 -5 7 -7 -8 -9 -10 -11 -12 -13 -14 -15
leaf_value=-0.047879720077182074 0.046337347820358157 -0.023914201643368341 0.046342087054321954 -0.054176015422207492 -0.14309187978187651 -0.061219748436155089 -0.068305360168363458 0.035714772190676668 0.0066576879830521412 0.046788703675857329 -0.11450501359875405 -0.046262161354724871 0.049256970407952363 0.0016458115534592683
leaf_weight=1452.6559186538216 1424.8540830411948 4797.1950346678495 1235.906212201342 741.71575078368187 202.36465299129486 944.95959034562111 750.04359790682793 4433.0810012593865 903.65260140225291 1017.1144871059805 230.33318436890841 1097.7887341938913 1715.8411266412586 21928.838234200492
leaf_count=10330 8548 34035 5692 921 226 4637 1694 7804 1627 19743 4425 4709 10345 189329
internal_value=0.000301169 0.00200194 0.000411415 -0.0010646 -1.45325e-05 -0.00415275 -0.00242396 0.0242163 -0.0217782 -0.000797284 -0.00243826 -0.00152597 0.000216389 -0.00294932
internal_weight=42876.3 41423.7 39998.8 38762.9 38021.2 32482.1 31537.2 5539.1 1106.02 30787.1 29770 29539.7 28441.9 26726
internal_count=304065 293735 285187 279495 278574 268917 264280 9657 1853 262586 242843 238418 233709 223364
is_linear=0
shrinkage=0.05


Tree=35
num_leaves=15
num_cat=0
split_feature=27 48 28 37 37 27 27 32 15 36 33 38 42 47
split_gain=1331.22 925.031 915.147 873.637 878.624 1053.73 1151.31 2093.3 1056.58 1335.54 1152.86 981.657 1308.94 1458.71
threshold=2.9700856208801274 1.0000001788139345 1.0000000180025095e-35 4.49422311782837 4.4714918136596689 6.325254201889039 6.3135464191436776 3.3842465877532963 1.0000000180025095e-35 0.6601788103580476 0.89587974548339855 2.2499048709869389 1.4978661537170412 4.1971738338470468
decision_type=2 2 2 2 2 2 2 2 2 2 2 2 2 2
left_child=2 3 -1 4 5 6 11 -8 9 -7 -11 12 13 -2
right_child=1 -3 -4 -5 -6 8 7 -9 -10 10 -12 -13 -14 -15
leaf_value=-0.054609404886938842 -0.018311957127604632 -0.049141069832102473 0.053149723727632305 0.04455475365662824 -0.051234206894110415 0.045102649444446412 0.060403475369941333 -0.05674345707416098 0.034075527584702447 -0.10002963778368386 0.053184558737576826 -0.043979460010915711 0.046326053549275659 0.0081497957275719918
leaf_weight=1595.9568895259872 7012.4819189142436 850.14362362958491 216.49792851507664 1231.3956416836008 751.56634476780891 459.19663521274924 466.16586300730705 1925.8467034772038 4432.4375268369913 515.59355345368385 153.20227335393429 1097.424354493618 1707.2109659779817 20146.946196022676
leaf_count=5525 40598 3345 1201 5863 929 980 2144 9038 7996 483 419 4714 10586 210244
internal_value=0.000292432 0.00216174 -0.0415166 0.00326689 0.00194089 0.00300813 -0.000449769 -0.0337569 0.0230943 -0.0199765 -0.0646661 0.0022195 0.00399046 0.00131323
internal_weight=42562.1 40749.6 1812.45 39899.5 38668.1 37916.5 32356.1 2392.01 5560.43 1127.99 668.796 29964.1 28866.6 27159.4
internal_count=304065 297339 6726 293994 288131 287202 277324 11182 9878 1882 902 266142 261428 250842
is_linear=0
shrinkage=0.05


Tree=36
num_leaves=15
num_cat=0
split_feature=18 37 36 23 36 48 36 22 27 27 28 48 33 22
split_gain=1268.39 954.249 843.996 887.164 874.071 993.874 1187.24 1001.94 1526.43 1399.4 1285.78 1240.46 1102.09 938.609
threshold=5.3254430294036874 4.49422311782837 0.90856844186782848 2.6020033359527592 0.20714285969734195 0.48784677684307104 0.48249898850917822 6.8007264137268075 5.3771395683288583 5.478551149368287 2.4414010047912602 1.0000001788139345 2.6020033359527592 6.7804884910583505
decision_type=2 2 2 2 2 2 2 2 2 2 2 2 2 2
left_child=-1 2 3 -2 -5 -6 -7 8 -8 -10 -11 12 -9 -12
right_child=1 -3 -4 4 5 6 7 11 9 10 13 -13 -14 -15
leaf_value=-0.053351626354350791 0.034014268759011222 0.046033975735272736 0.038825888713555731 0.038812799829935837 -0.026912378191474587 -0.027056363553224286 -0.031603023304100607 0.028649966294674135 0.029307134187710193 0.050399739488770127 0.024327506678438228 -0.049387870494529335 -0.045111206720257715 -0.016234716595164424
leaf_weight=1064.1668669781648 1718.9095926135778 1168.2217524126172 1368.2530961147277 1219.9293333240785 4187.8401399787981 3832.680486349389 3863.8874302692711 6856.3411220312119 3914.269900361076 948.65858790650964 1676.7327756918967 629.48838317394257 537.8877317905426 9249.0224816836417
leaf_count=6400 8713 5849 8266 2604 22906 13979 38259 6460 117519 5093 39047 248 239 28483
internal_value=0.000285943 0.00168492 0.000378627 -0.000992648 -0.0026314 -0.00405822 -0.00101311 0.00260189 -0.00347792 0.00342064 -0.00513004 0.017479 0.0232306 -0.00999324
internal_weight=42236.3 41172.1 40003.9 38635.6 36916.7 35696.8 31509 27676.3 19652.6 15788.7 11874.4 8023.72 7394.23 10925.8
internal_count=304065 297665 291816 283550 274837 272233 249327 235348 228401 190142 72623 6947 6699 67530
is_linear=0
shrinkage=0.05


Tree=37
num_leaves=15
num_cat=0
split_feature=18 26 37 36 37 23 36 37 22 22 32 22 32 32
split_gain=1181.85 912.644 949.303 786.987 1114.11 809.967 813.453 1029.77 1060.57 1788.19 1282.41 1782.71 1301.4 1424.43
threshold=5.3254430294036874 0.93737959861755382 4.49422311782837 0.8525926172733308 4.0689902305603036 2.6020033359527592 0.20714285969734195 1.0000000180025095e-35 6.7804884910583505 6.8007264137268075 1.8688347935676577 6.7984981536865243 3.979637980461121 3.4498615264892583
decision_type=2 2 2 2 2 2 2 2 2 2 2 2 2 2
left_child=-1 2 3 5 -5 -2 -7 8 -8 10 -10 12 13 -12
right_child=1 -3 -4 4 -6 6 7 -9 9 -11 11 -13 -14 -15
leaf_value=-0.052285481917038738 0.032960198856607503 -0.076801326543258733 0.047640406208359576 0.044091977883742882 -0.027486400775939751 0.03791505595364314 0.046102048234431772 -0.011264545130359124 0.050498864712508001 0.024665756873356537 0.039289976775967225 -0.047228924936595681 0.032031628932515231 -0.067174310994419048
leaf_weight=1032.5834839877207 1670.4152967706323 357.62894005142152 1114.1817233311012 2156.9782831363846 718.06090914085507 1187.5586440206971 1497.5237708463101 19950.968937006081 682.07527577877045 4977.8950800299644 464.90483254939318 3256.1663605570793 1880.2092979997396 925.94928908348083
leaf_count=6400 8588 6207 5586 21864 9212 2600 119580 98286 1864 4702 3638 4014 8053 3471
internal_value=0.000282719 0.00162429 0.0023359 0.00104196 0.0261815 -0.000945208 -0.00258059 -0.00402119 0.00653941 0.00164427 -0.0142638 -0.0210982 0.00497818 -0.0315613
internal_weight=41873.1 40840.5 40482.9 39368.7 2875.04 36493.7 34823.3 33635.7 13684.7 12187.2 7209.31 6527.23 3271.06 1390.85
internal_count=304065 297665 291458 285872 31076 254796 246208 243608 145322 25742 21040 19176 15162 7109
is_linear=0
shrinkage=0.05


Tree=38
num_leaves=15
num_cat=0
split_feature=21 26 37 36 37 23 36 37 22 22 32 22 32 32
split_gain=1117.19 820.027 839.265 737.391 1043.3 730.152 682.748 922.407 999.409 1632.52 1188.01 1591.29 1184.98 1298.04
threshold=0.064193170517683043 0.93737959861755382 4.49422311782837 0.8525926172733308 4.0689902305603036 2.6020033359527592 0.20714285969734195 1.0000000180025095e-35 6.7804884910583505 6.8007264137268075 1.8688347935676577 6.7984981536865243 3.979637980461121 3.4498615264892583
decision_type=2 2 2 2 2 2 2 2 2 2 2 2 2 2
left_child=-1 2 3 5 -5 -2 -7 8 -8 10 -10 12 13 -12
right_child=1 -3 -4 4 -6 6 7 -9 9 -11 11 -13 -14 -15
leaf_value=-0.05815726522530057 0.031088361057987419 -0.072749029377420324 0.045328020120939644 0.043443106669961498 -0.026143120580029735 0.034659147380522358 0.045163265585890192 -0.010673538742639713 0.04983856108038192 0.02363985420790192 0.03821011702586577 -0.044716444022207681 0.030650306645499815 -0.064359390986899329
leaf_weight=792.06710797687992 1681.1648359708488 359.1844099406153 1082.9004674497992 2083.2019294360653 717.73008890077472 1180.475206338102 1458.2543193217134 20066.670172317885 657.29127071797848 4915.5618802309036 453.78021978959441 3278.0784817934036 1857.2084264233708 918.83400326967239
leaf_count=5405 8683 6207 5599 21866 9212 2682 119940 98675 1866 4712 3641 4031 8073 3473
internal_value=0.00028043 0.00143141 0.00210958 0.00090651 0.0255823 -0.000995246 -0.00255429 -0.00387142 0.0062107 0.00147531 -0.0137421 -0.0202302 0.0046831 -0.0304193
internal_weight=41502.4 40710.3 40351.2 39268.3 2800.93 36467.3 34786.2 33605.7 13539 12080.8 7165.19 6507.9 3229.82 1372.61
internal_count=304065 298660 292453 286854 31078 255776 247093 244411 145736 25796 21084 19218 15187 7114
is_linear=0
shrinkage=0.05


Tree=39
num_leaves=15
num_cat=0
split_feature=21 37 15 27 37 32 28 49 46 27 22 38 42 47
split_gain=1073.89 837.886 760.575 967.395 1256.01 1039.92 961.601 757.33 863.611 574.943 536.406 510.032 884.724 591.152
threshold=0.52772963047027599 4.49422311782837 1.0000000180025095e-35 6.325254201889039 4.4714918136596689 6.1441833972930917 6.0294818878173837 0.094558015465736403 0.48025973141193395 6.2980260848999032 6.7895333766937265 2.2499048709869389 1.4978661537170412 4.182021141052247
decision_type=2 2 2 2 2 2 2 2 2 2 2 2 2 2
left_child=-1 2 6 5 -5 7 -2 8 -4 11 -7 12 13 -10
right_child=1 -3 3 4 -6 10 -8 -9 9 -11 -12 -13 -14 -15
leaf_value=-0.041480187358757872 -0.0067621803353558833 0.046421797179094441 0.044621942279913576 0.034909484375492857 -0.040174883476119312 0.019680990349711307 -0.063346880181180024 0.018618070783059167 -0.024223103909922557 -0.046993587840183558 -0.076903121577756167 -0.045988123214024033 0.049729169664765677 0.00091587105880345024
leaf_weight=1474.1893427569885 8556.6800419024657 1016.605016939342 913.75403367145918 4206.1535960659385 633.22287395596504 181.63642171770334 813.46472695097327 5553.32840502006 2890.6480624713004 768.4299225024879 620.46704524755478 652.51810602471232 798.91119866725057 12064.090539729572
leaf_count=10146 58057 5805 6023 7903 783 1337 4640 123388 21151 4911 2608 2621 5767 48925
internal_value=0.000276987 0.0018388 0.000654542 0.00462224 0.0250223 0.000574871 -0.0117369 0.00248486 -0.00247577 -0.00500606 -0.0550586 -0.00301202 -0.0012039 -0.00395626
internal_weight=41144.1 39669.9 38653.3 29283.2 4839.38 24443.8 9370.14 23641.7 18088.4 17174.6 802.103 16406.2 15753.6 14954.7
internal_count=304065 293919 288114 225417 8686 216731 62697 212786 89398 83375 3945 78464 75843 70076
is_linear=0
shrinkage=0.05


Tree=40
num_leaves=15
num_cat=0
split_feature=27 48 28 26 37 47 27 36 22 27 32 36 56 27
split_gain=1044.6 743.508 741.878 696.954 690.428 707.797 1453.36 1142.29 1149.66 1089.39 1212.69 1195.34 1128.91 1081.06
threshold=2.9700856208801274 1.0000001788139345 1.0000000180025095e-35 0.93737959861755382 4.49422311782837 4.1266138553619394 5.463822841644288 0.79163843393325817 6.7804884910583505 5.4722616672515878 2.0126758217811589 0.64326766133308422 1.0000000180025095e-35 6.325254201889039
decision_type=2 2 2 2 2 2 2 2 2 2 2 2 2 2
left_child=2 3 -1 4 5 6 -2 8 -7 10 -10 -12 -13 -11
right_child=1 -3 -4 -5 -6 7 -8 -9 9 13 11 12 -14 -15
leaf_value=-0.051082127714184758 -0.03281997423469056 -0.044240115254939337 0.052050028890640344 -0.068019689449500265 0.044352129454982375 0.038031300622431902 0.050496163457246813 0.034836220164945302 -0.026975367113836985 -0.015603773361039625 0.031730659014572019 -0.028734707068063015 0.058320776333682017 0.010931274656481568
leaf_weight=1440.6509367111139 3017.4950536396354 844.12811230216175 190.02094798535109 333.10867504216731 1000.0339806666598 2043.4985891318647 623.5513509362936 2870.0699728600448 1612.4741867035627 13147.347434196621 6111.6032145395875 1795.208983592689 459.43293055891991 5411.1706283092499
leaf_count=5525 29764 3345 1201 5766 5600 147250 2413 26424 4651 32801 25680 4675 479 8491
internal_value=0.000268294 0.00190094 -0.0388202 0.00292582 0.00356392 0.00245257 -0.0184524 0.00473286 0.00189713 -0.000702791 0.0126123 0.0202654 -0.010816 -0.00786514
internal_weight=40899.8 39269.1 1630.67 38425 38091.9 37091.9 3641.05 33450.8 30580.7 28537.2 9978.72 8366.25 2254.64 18558.5
internal_count=304065 297339 6726 293994 288228 282628 32177 250451 224027 76777 35485 30834 5154 41292
is_linear=0
shrinkage=0.05


Tree=41
num_leaves=15
num_cat=0
split_feature=46 46 37 15 27 37 32 49 28 44 27 22 36 42
split_gain=970.145 883.789 712.47 631.791 895.07 1129.25 869.794 875.779 810.972 577.388 514.183 498.294 455.775 1603.91
threshold=0.426196038722992 0.48025973141193395 4.49422311782837 1.0000000180025095e-35 6.325254201889039 4.4714918136596689 6.1441833972930917 0.05279520899057389 6.0294818878173837 0.5580163598060609 6.2980260848999032 6.7895333766937265 0.48249898850917822 1.0000000180025095e-35
decision_type=2 2 2 2 2 2 2 2 2 2 2 2 2 2
left_child=-1 -2 3 8 6 -6 7 9 -3 10 12 -8 13 -5
right_child=1 2 -4 4 5 -7 11 -9 -10 -11 -12 -13 -14 -15
leaf_value=-0.043003436639784759 0.043868908700842944 -0.0074984068474697012 0.043292625623670866 0.017795885479356198 0.032482567771237654 -0.038871466853260803 0.019525777892305488 0.013863194384914138 -0.059353128342999675 -0.067454491122767996 -0.048344602014831158 -0.073853559487748341 0.001784285287897727 -0.057937485273189218
leaf_weight=1245.4077644196805 1191.501486084424 8207.1721162253525 930.55728691350669 1362.6165132969618 4067.34472373873 633.1331744492054 181.26530532538891 8130.7718472229317 820.84990568086505 369.88250092603266 642.24498419463634 606.43266035616398 10746.235133856535 1417.9530481472611
leaf_count=10330 8548 56514 5692 3068 7804 783 1337 136933 4640 837 4097 2608 58562 2312
internal_value=0.00026503 0.00164651 0.000315498 -0.000771332 0.0029196 0.0228094 -0.00107401 0.000731355 -0.0122736 -0.00661699 -0.00498238 -0.0523897 -0.00288937 -0.0208936
internal_weight=40553.4 39308 38116.5 37185.9 28157.9 4700.48 23457.4 22669.7 9028.02 14538.9 14169 787.698 13526.8 2780.57
internal_count=304065 293735 285187 279495 218341 8587 209754 205809 61154 68876 68039 3945 63942 5380
is_linear=0
shrinkage=0.05


Tree=42
num_leaves=15
num_cat=0
split_feature=27 28 48 41 42 47 32 36 27 46 15 31 22 22
split_gain=948.753 673.381 664.38 652.373 1159.96 665.296 1533.82 1196.66 768.263 866.323 748.034 1355.67 766.251 778.754
threshold=2.9700856208801274 1.0000000180025095e-35 1.0000001788139345 0.90454545617103588 1.4978661537170412 4.1971738338470468 2.1383330821990971 0.70511272549629223 5.482717990875245 0.75748610496521007 1.0000000180025095e-35 0.87405344843864452 6.7804884910583505 6.8007264137268075
decision_type=2 2 2 2 2 2 2 2 2 2 2 2 2 2
left_child=1 -1 3 4 5 6 -2 10 9 -8 11 -7 -12 -14
right_child=2 -3 -4 -5 -6 7 8 -9 -10 -11 12 -13 13 -15
leaf_value=-0.049585245272517599 0.054545408285843602 0.051551053989401775 -0.041865641168589915 -0.034360091507047483 0.045363853310547507 0.0002129026686144745 -0.0079488287167108779 0.034673479738093732 0.027249876944719028 -0.046873446447072108 0.040643295054122813 -0.055691569553877912 -0.0050717950051336162 0.016377399305855384
leaf_weight=1385.8042212189175 778.44588147103786 178.37040209770203 842.05501075647771 1136.7670756317675 1605.5026173526421 4272.7398170200177 3167.5672151576728 3122.5408516213065 773.67680332064629 2602.6023559160531 1513.991257007001 1443.2313876543194 10370.52172203362 7134.9368147552013
leaf_count=5525 2542 1201 3345 5046 10607 37005 28651 29165 2702 9447 115506 5372 41629 6322
internal_value=0.000254206 -0.037798 0.00179899 0.00277932 0.00393605 0.00203307 -0.0113687 0.00555845 -0.019281 -0.0255563 0.00187052 -0.0139751 0.00663748 0.0036749
internal_weight=40328.8 1564.17 38764.6 37922.5 36785.8 35180.3 7322.29 27858 6543.85 5770.17 24735.4 5715.97 19019.4 17505.5
internal_count=304065 6726 297339 293994 288948 278341 43342 234999 40800 38098 205834 42377 163457 47951
is_linear=0
shrinkage=0.05


Tree=43
num_leaves=15
num_cat=0
split_feature=21 37 46 36 36 42 38 37 32 47 37 22 47 33
split_gain=888.661 699.383 660.857 612.083 664.966 1208.65 928.716 787.058 1019.29 1306.93 1005.41 1195.64 1253.9 1181.29
threshold=0.61265164613723766 4.49422311782837 0.48683299124240881 0.13392857462167743 0.48249898850917822 1.0000000180025095e-35 1.0000000180025095e-35 4.4365937709808358 6.1516542434692392 6.1695756912231454 4.1908013820648202 6.8007264137268075 6.1158044338226327 1.0000000180025095e-35
decision_type=2 2 2 2 2 2 2 2 2 2 2 2 2 2
left_child=-1 2 -2 -4 5 -5 7 8 9 10 11 12 -6 -13
right_child=1 -3 3 4 6 -7 -8 -9 -10 -11 -12 13 -14 -15
leaf_value=-0.037947394625826691 0.033591527341347648 0.045249415146787403 0.050819653725434268 0.0050927343233822912 -0.014634937503555346 -0.045724039055911388 0.020573143551871301 -0.040806869067355651 0.024179020009703789 -0.041828385504423179 0.054238314315538806 0.044329967435767503 0.0430370974236466 -0.0073167582557934763
leaf_weight=1457.0228499077493 1454.2597171526868 890.43300370872021 558.12107662879862 2461.0675273400266 12712.086154101067 2217.5952875073999 5131.3690651888028 1277.1526821926236 3517.4277714453638 2137.2662547230721 788.65440131165087 2292.2304289340973 1008.2648384347558 2128.1794792711735
leaf_count=24094 9585 5802 1015 13646 169025 4310 27074 2776 7659 4472 9895 2375 20744 1593
internal_value=0.000248552 0.00170075 0.000660003 -0.000670783 -0.00149043 -0.0190396 0.00116408 -0.00269351 -0.000697719 -0.0048608 -0.000667014 -0.00308254 -0.0103685 0.0195046
internal_weight=40031.1 38574.1 37683.7 36229.4 35671.3 4678.66 30992.6 25861.3 24584.1 21066.7 18929.4 18140.8 13720.4 4420.41
internal_count=304065 279971 274169 264584 263569 17956 245613 218539 215763 208104 203632 193737 189769 3968
is_linear=0
shrinkage=0.05


Tree=44
num_leaves=15
num_cat=0
split_feature=21 36 37 15 31 27 28 27 32 49 44 37 46 33
split_gain=849.075 610.535 672.705 614.498 906.717 698.544 693.248 632.436 809.512 641.772 577.471 522.016 586.373 521.372
threshold=0.064193170517683043 0.8525926172733308 4.0689902305603036 1.0000000180025095e-35 0.87405344843864452 5.4868674278259286 3.1984648704528813 6.325254201889039 6.1441833972930917 0.05279520899057389 0.5580163598060609 4.1908013820648202 0.49183079600334173 3.9415346384048466
decision_type=2 2 2 2 2 2 2 2 2 2 2 2 2 2
left_child=-1 3 -3 4 -2 6 -6 8 9 10 11 12 -5 -9
right_child=1 2 -4 7 5 -7 -8 13 -10 -11 -12 -13 -14 -15
leaf_value=-0.056060961121416467 -0.0021721057450888553 0.040541993864753101 -0.013407447326799798 0.033196826363697161 -0.044599839020688981 -0.062890390030903728 0.034094966189295896 0.028288353438401161 -0.050099125478609591 0.013360081240423677 -0.06446866931827458 0.02926213442572306 -0.0084519823296775928 -0.020440345452351849
leaf_weight=648.38425108836964 6447.50872532418 1878.5673466215376 826.66002722270787 897.23610825941432 604.62896021455526 1295.5245499908924 504.22894117236137 3602.0595250017941 771.24706970155239 7710.3789164666086 379.85743617173284 1157.4694985989481 12368.318938997574 639.85905292630196
leaf_count=5405 47263 22154 9873 6288 1741 5628 2123 6513 3998 131678 954 8714 50656 1077
internal_value=0.000247953 0.0011962 0.0240675 -0.000510741 -0.0119626 -0.0380986 -0.0088302 0.00317492 -6.30973e-05 0.00167249 -0.00442013 -0.00279507 -0.00561212 0.0209072
internal_weight=39731.9 39083.5 2705.23 36378.3 8851.89 2404.38 1108.86 27526.4 23284.5 22513.3 14802.9 14423 13265.6 4241.92
internal_count=304065 298660 32027 266633 56755 9492 3864 209878 202288 198290 66612 65658 56944 7590
is_linear=0
shrinkage=0.05


Tree=45
num_leaves=15
num_cat=0
split_feature=27 28 26 37 28 32 55 47 27 22 36 37 47 27
split_gain=812.322 598.696 590.244 592.825 595.399 1074.26 1000.47 739.718 1425.76 1369.65 1720.77 1523.87 730.826 856.012
threshold=2.9700856208801274 1.0000000180025095e-35 0.9403514862060548 4.49422311782837 1.7005987167358401 2.0126758217811589 1.0000000180025095e-35 4.1266138553619394 5.4722616672515878 6.7804884910583505 0.70511272549629223 2.4414010047912602 4.1666352748870858 6.325254201889039
decision_type=2 2 2 2 2 2 2 2 2 2 2 2 2 2
left_child=1 -1 3 4 6 -6 -2 -7 -9 -10 12 -12 -11 -14
right_child=2 -3 -4 -5 5 7 -8 8 9 10 11 -13 13 -15
leaf_value=-0.04747105801463522 0.044836438905905975 0.051029590646210078 -0.064488643834122353 0.042745414180239222 -0.058092274327175501 -0.021436443498085593 -0.038873084303268933 0.020461739374026684 0.038947607927959239 0.047163433236057734 0.047569249094615351 -0.039486117303698803 -0.021760668948799109 0.0035779663090434082
leaf_weight=1306.3101716709789 1660.0682040136307 166.45542307943106 324.35118861868978 872.15404809918255 775.90218102931976 3295.4348415303975 445.63994200527668 8784.8769847033545 1748.5512160665821 479.83854795992374 2271.804466381669 636.46939919888973 12163.741292882711 4586.3065098971128
leaf_count=5525 7830 1201 5732 5617 762 31475 1478 55427 143258 1348 7486 1205 28744 6977
internal_value=0.000238472 -0.0360692 0.00165309 0.00223876 0.00126869 -0.000299413 0.0270206 0.00103745 0.0034583 -0.00337276 -0.00706485 0.0284474 -0.0130721 -0.0148247
internal_weight=39517.9 1472.77 38045.1 37720.8 36848.6 34742.9 2105.71 33967 30671.6 21886.7 20138.2 2908.27 17229.9 16750
internal_count=304065 6726 297339 291607 285990 276682 9308 275920 244445 189018 45760 8691 37069 35721
is_linear=0
shrinkage=0.05


Tree=46
num_leaves=15
num_cat=0
split_feature=21 46 37 36 36 15 27 33 32 49 28 36 42 27
split_gain=785.915 697.315 629.15 570.884 554.792 540.454 843.57 880.6 641.778 703.996 541.638 443.041 790.678 515.807
threshold=0.70031708478927623 0.48025973141193395 4.49422311782837 0.13392857462167743 0.90856844186782848 1.0000000180025095e-35 6.325254201889039 3.9415346384048466 6.1441833972930917 0.05279520899057389 6.0318858623504648 0.48249898850917822 1.0000000180025095e-35 6.2980260848999032
decision_type=2 2 2 2 2 2 2 2 2 2 2 2 2 2
left_child=-1 -2 3 -3 5 10 8 -8 9 11 -5 12 -7 -13
right_child=1 2 -4 4 -6 6 7 -9 -10 -11 -12 13 -14 -15
leaf_value=-0.031292719491427902 0.041797068459870246 0.051134109555601492 0.044498642174172015 -0.0095721455785984632 0.034805414661983232 0.0043687308273629693 0.031155338026016915 -0.033132665412558056 -0.048140540713974875 0.011406282826561627 -0.057235383484424453 -0.0010353510863332774 -0.052361728265716528 -0.051690044972133399
leaf_weight=1871.7097980689723 1050.0938222224358 520.77227817475796 790.25583449751139 7666.9296310846694 1033.0608851675643 1111.2167738587596 3616.7656766064465 615.94222068786621 738.56233879178762 7344.4531140843173 637.13594630360603 10326.862161944737 1359.2453611623496 518.29537233710289
leaf_count=68720 6963 943 5615 46771 7561 3022 6690 757 3904 90538 3779 53269 2260 3273
internal_value=0.000235987 0.0018248 0.000656619 -0.000331892 -0.00111276 -0.00221611 0.00137657 0.0217441 -0.00266046 -0.00101212 -0.0132936 -0.00786512 -0.0269296 -0.00350155
internal_weight=39201.3 37329.6 36279.5 35489.2 34968.5 33935.4 25631.3 4232.71 21398.6 20660.1 8304.07 13315.6 2470.46 10845.2
internal_count=304065 235345 228382 222767 221824 214263 163713 7447 156266 152362 50550 61824 5282 56542
is_linear=0
shrinkage=0.05


Tree=47
num_leaves=15
num_cat=0
split_feature=21 46 37 36 23 33 54 22 37 22 23 32 47 27
split_gain=746.261 532.674 557.658 519.36 532.099 600.539 815.528 983.761 1269.31 1186.1 931.657 902.938 1422.08 1287.45
threshold=0.064193170517683043 0.95095664262771618 4.49422311782837 0.90856844186782848 2.6020033359527592 2.2499048709869389 1.0000000180025095e-35 6.7804884910583505 1.2424533367156985 6.7945859432220468 4.930863857269288 6.1516542434692392 4.3502571582794198 6.3306114673614511
decision_type=2 2 2 2 2 2 2 2 2 2 2 2 2 2
left_child=-1 2 3 4 -2 6 7 10 11 -10 -6 12 -9 -13
right_child=1 -3 -4 -5 5 -7 -8 8 9 -11 -12 13 -14 -15
leaf_value=-0.055258625852450019 0.028652477107861302 -0.060513728120988521 0.042547703055204319 0.03470702117256725 -0.036889712961161912 -0.017870031184173334 -0.037971013903619025 0.0026771090591452521 -0.032479214401114745 0.038665227902183304 0.045515614506925733 0.042465452595248053 -0.025159776908025112 -0.024953924852346487
leaf_weight=586.6807841185946 1513.4675150942057 337.72100236918777 805.79193880455568 1083.490440642694 400.11444740532897 4833.0868387761293 1267.6326531544328 11048.904388260096 705.66622594743967 3260.2196014150977 2144.7913036337122 2106.9051906391978 7833.9270347431302 1055.999847471714
leaf_count=5405 8800 6671 5536 8204 16378 25492 8122 22416 6498 9454 154146 6054 19902 987
internal_value=0.000229168 0.00109114 0.00165353 0.000757828 -0.000268429 -0.00153929 0.00111225 0.00285985 -4.80983e-05 0.0259564 0.032466 -0.00473578 -0.00887879 0.0199484
internal_weight=38984.4 38397.7 38060 37254.2 36170.7 34657.2 29824.2 28556.5 26011.6 3965.89 2544.91 22045.7 18882.8 3162.91
internal_count=304065 298660 291989 286453 278249 269449 243957 235835 65311 15952 170524 49359 42318 7041
is_linear=0
shrinkage=0.05


Tree=48
num_leaves=15
num_cat=0
split_feature=21 48 41 42 47 32 36 36 38 47 22 55 27 28
split_gain=704.897 504.782 487.626 1044.06 495.015 1348.11 959.534 672.967 1494.69 1164.16 992.967 1080.99 1118.34 979.73
threshold=0.064193170517683043 1.0000001788139345 0.90454545617103588 1.4978661537170412 4.1971738338470468 2.1383330821990971 0.70511272549629223 0.62145593762397777 1.0000000180025095e-35 4.2835628986358651 6.7962646484375009 1.0000000180025095e-35 6.325254201889039 1.7005987167358401
decision_type=2 2 2 2 2 2 2 2 2 2 2 2 2 2
left_child=-1 2 3 4 5 -2 7 10 9 -9 -6 12 13 -12
right_child=1 -3 -4 -5 6 -7 -8 8 -10 -11 11 -13 -14 -15
leaf_value=-0.054866601830136225 0.054085750695601821 -0.037442914378833951 -0.03048462106248136 0.043891897619615865 0.027917531708593603 -0.017945418086142417 0.0317512280208921 0.057511299331914789 0.056908935402451691 -0.02428328153984366 0.042781835412901099 0.047852974667739592 0.02726810873891224 -0.016256417976222157
leaf_weight=562.02442413312383 713.46943142265081 823.01744368765503 1116.5888388156891 1480.7639454342425 4100.973990074126 6369.9967857804149 2822.752451421693 457.60693458840251 713.34602760244161 6340.0546435012948 751.71731711924076 1064.1106287240982 2248.8924107849598 9128.1852455288172
leaf_count=5405 2541 3345 5046 10527 147199 40796 29165 2189 7142 31023 2627 1734 4742 10584
internal_value=0.000226038 0.00105223 0.00191123 0.00291885 0.00115881 -0.0106242 0.00418261 0.00103382 -0.0114536 -0.0187006 0.0064608 -0.000225055 -0.00447909 -0.0117257
internal_weight=38693.5 38131.5 37308.5 36191.9 34711.1 7083.47 27627.6 24804.9 7511.01 6797.66 17293.9 13192.9 12128.8 9879.9
internal_count=304065 298660 295315 290269 279742 43337 236405 207240 40354 33212 166886 19687 17953 13211
is_linear=0
shrinkage=0.05


Tree=49
num_leaves=15
num_cat=0
split_feature=21 46 37 36 36 42 38 37 37 48 32 47 22 22
split_gain=687.367 600.521 568.411 504.285 501.094 981.34 779.836 639.437 840.034 862.594 1284.01 1291.68 1173.16 1162.96
threshold=0.70031708478927623 0.48025973141193395 4.49422311782837 0.13392857462167743 0.48249898850917822 1.0000000180025095e-35 1.0000000180025095e-35 4.4365937709808358 4.1908013820648202 0.3544753640890122 6.1516542434692392 4.3502571582794198 6.7929053306579599 6.7895333766937265
decision_type=2 2 2 2 2 2 2 2 2 2 2 2 2 2
left_child=-1 -2 3 -3 5 -5 7 8 9 -6 11 12 -11 -13
right_child=1 2 -4 4 6 -7 -8 -9 -10 10 -12 13 -14 -15
leaf_value=-0.029824136014367758 0.040421149941790545 0.050395550152049134 0.043815550679842281 0.0054061966530625704 -0.033891651835828172 -0.040946999170897086 0.019604358117688504 -0.035756311341948024 0.052547248298163221 -0.02034259335649348 0.033124748173934362 0.011614905648113889 0.019172044870161001 -0.029321580681250216
leaf_weight=1802.8571491444018 965.50522470683791 474.35475946962833 736.90162799041718 2426.0646203134675 1927.6674067089334 2143.6080143619329 4896.6094782799482 1333.3788322657347 718.97702739387751 2541.9033160647377 2695.2589142005891 2402.6047740374925 7113.9336426332593 6190.7816617935896
leaf_count=68720 6963 943 5615 11314 4849 4291 26977 2967 9841 36930 6760 93212 14687 9996
internal_value=0.000228283 0.00171768 0.00065701 -0.000267481 -0.000980727 -0.0163798 0.00138366 -0.00220236 -0.000291532 -0.00197474 0.000977572 -0.00378584 0.00875952 -0.017876
internal_weight=38370.4 36567.5 35602 34865.1 34390.8 4569.67 29821.1 24924.5 23591.1 22872.1 20944.5 18249.2 9655.84 8593.39
internal_count=304065 235345 228382 222767 221824 15605 206219 179242 176275 166434 161585 154825 51617 103208
is_linear=0
shrinkage=0.05


Tree=50
num_leaves=15
num_cat=0
split_feature=21 15 46 37 48 27 36 37 31 48 32 32 47 22
split_gain=645.898 500.927 655.8 428.775 380.063 342.665 316.041 359.543 530.803 734.698 644.377 616.897 554.707 613.133
threshold=0.064193170517683043 0.013698951341211798 0.94868934154510509 4.49422311782837 1.0000001788139345 6.3288288116455087 0.90856844186782848 1.0000000180025095e-35 0.66774892807006847 0.7817850410938264 6.1643662452697763 6.1643662452697763 6.1954247951507577 6.8007264137268075
decision_type=2 2 2 2 2 2 2 2 2 2 2 2 2 2
left_child=-1 2 3 4 6 -3 7 8 -2 10 12 -11 13 -10
right_child=1 5 -4 -5 -6 -7 -8 -9 9 11 -12 -13 -14 -15
leaf_value=-0.054289201020630118 0.027745523080099158 0.0063403982470216979 -0.07238890910809434 0.042085658111894589 -0.046082940009471218 0.033163463420891326 0.032079176347457938 -0.0080513674447570318 -0.030250889630989788 0.019759357627079491 0.053865376877314214 -0.083837426542597585 -0.079366481256105736 0.020090558380071594
leaf_weight=525.69881430757232 1947.4892654981231 11038.906559272204 326.3890921138227 527.14403641456738 493.15996720734984 1325.9714776035398 645.17625656025484 14281.237547919154 2122.0273212075699 3202.0570876240963 283.47977981716394 140.66525435075164 382.58668088912964 836.35615491867065
leaf_count=5405 59191 107977 6128 3762 1566 2220 5044 82432 9576 18999 467 248 201 849
internal_value=0.000225934 0.00100334 -0.0030428 -0.00210366 -0.00307781 0.0092413 -0.00216929 -0.0031353 0.00474041 -0.00172061 -0.0172906 0.0151628 -0.0234709 -0.0159993
internal_weight=38078.3 37552.6 25187.8 24861.4 24334.2 12364.9 23841.1 23195.9 8914.66 6967.17 3624.45 3342.72 3340.97 2958.38
internal_count=304065 298660 188463 182335 178573 110197 177007 171963 89531 30340 11093 19247 10626 10425
is_linear=0
shrinkage=0.05


Tree=51
num_leaves=15
num_cat=0
split_feature=21 46 37 36 27 15 36 49 37 28 27 36 42 36
split_gain=628.423 613.596 499.943 468.098 469.715 671.125 896.706 787.474 587.202 568.453 515.593 588.877 712.652 718.388
threshold=0.7435453236103059 0.48025973141193395 4.49422311782837 0.13392857462167743 6.325254201889039 1.0000000180025095e-35 0.62145593762397777 0.67622831463813793 4.4714918136596689 6.0294818878173837 6.3234620094299325 0.48249898850917822 1.0000000180025095e-35 0.25137363374233251
decision_type=2 2 2 2 2 2 2 2 2 2 2 2 2 2
left_child=-1 -2 3 -3 9 6 -6 -8 -7 10 11 12 13 -5
right_child=1 2 -4 4 5 8 7 -9 -10 -11 -12 -13 -14 -15
leaf_value=-0.020236493710596493 0.043583095278008258 0.051560961430737941 0.043795359887029303 0.031653919292747787 0.042785935664541641 0.03161060335772857 -0.077201827981986271 0.050827456047346724 -0.023854150782616979 -0.041651196438945853 -0.042039213795710711 0.0028377906133064271 -0.038638025849505778 -0.027440948557788197
leaf_weight=3407.3194745363435 864.764837638475 429.34488752484322 664.00460093747824 1053.3436277741566 365.23857317119837 3293.4796371310949 593.43997098505497 142.50056743621826 550.23650312423706 906.76785125210881 755.94983191788197 21885.424330789014 2041.3556417636573 986.08059749845415
leaf_count=114660 6247 873 5383 1965 742 7122 715 274 689 10144 2769 142818 4178 5486
internal_value=0.000217071 0.00224053 0.00116599 0.000295307 -0.000396025 0.0137804 -0.0205012 -0.0520624 0.0236294 -0.00293733 -0.00160855 -0.000415769 -0.0178291 0.00308652
internal_weight=37939.3 34531.9 33667.2 33003.2 32573.8 4944.9 1101.18 735.941 3843.72 27628.9 26722.2 25966.2 4080.78 2039.42
internal_count=304065 189405 183158 177775 176902 9542 1731 989 7811 167360 157216 154447 11629 7451
is_linear=0
shrinkage=0.05


Tree=52
num_leaves=15
num_cat=0
split_feature=21 15 26 48 36 22 27 49 29 36 32 47 32 27
split_gain=597.568 452.908 550.309 364.077 335.882 338.45 335.776 329.943 403.397 732.651 345.836 451.4 671.904 1133.05
threshold=0.064193170517683043 0.010256679728627207 0.92533329129219066 1.0000001788139345 0.8525926172733308 6.7804884910583505 6.3288288116455087 0.62798923254013073 0.93993794918060314 0.62145593762397777 4.4870557785034189 4.3502571582794198 4.0517470836639413 5.463822841644288
decision_type=2 2 2 2 2 2 2 2 2 2 2 2 2 2
left_child=-1 2 3 4 7 -6 -3 8 10 -10 11 12 13 -2
right_child=1 6 -4 -5 5 -7 -8 -9 9 -11 -12 -13 -14 -15
leaf_value=-0.053802231298975295 -0.0030362867361515907 0.0050852821755672977 -0.069324705508973558 -0.046211309619844626 -0.014839121143744905 0.038086707445890516 0.029625726885222206 0.019826943139297795 0.03070512085138687 -0.092927970086557579 0.014103199991198393 -0.019470576421233857 -0.019742292854594144 0.043369094826482671
leaf_weight=495.20216246927157 6002.0582221709192 13585.471887014806 304.11881394125521 459.72225674055517 429.86489972029813 971.67635647393763 1544.3059000596404 1413.5714304152643 180.88707300834358 323.2002546498552 2313.8287150608376 4725.1042238567024 3326.430008944124 1674.1694439630955
leaf_count=5405 25830 132462 5080 1389 13255 4437 2715 24367 701 368 55531 18375 5316 8834
internal_value=0.000211889 0.000944114 -0.00361435 -0.00266719 -0.00170886 0.0218638 0.00760805 -0.00337425 -0.00515241 -0.0488291 -0.00390569 -0.0065624 -0.00100632 0.00712789
internal_weight=37749.6 37254.4 22124.6 21820.5 21360.8 1401.54 15129.8 19959.2 18545.7 504.087 18041.6 15727.8 11002.7 7676.23
internal_count=304065 298660 163483 158403 157014 17692 135177 139322 114955 1069 113886 58355 39980 34664
is_linear=0
shrinkage=0.05


Tree=53
num_leaves=15
num_cat=0
split_feature=46 46 37 36 36 42 38 27 41 43 47 37 37 48
split_gain=570.423 560.869 432.545 422.646 428.45 820.985 672.396 625.59 598.443 841.415 560.416 529.153 814.477 765.54
threshold=0.426196038722992 0.48025973141193395 4.49422311782837 0.13392857462167743 0.48249898850917822 1.0000000180025095e-35 1.0000000180025095e-35 3.3315663337707524 0.90454545617103588 4.1190040111541757 4.1971738338470468 4.4365937709808358 4.1908013820648202 0.45517981052398687
decision_type=2 2 2 2 2 2 2 2 2 2 2 2 2 2
left_child=-1 -2 3 -3 5 7 11 -5 9 -8 -9 12 13 -6
right_child=1 2 -4 4 6 -7 8 10 -10 -11 -12 -13 -14 -15
leaf_value=-0.036975325181949972 0.039825419151371562 0.046352408167056304 0.039399069725006272 0.061173564465855639 -0.026194072741119234 -0.037632115699864487 0.0063025278895097918 -0.078770903371188722 -0.032748359412250176 0.05121189538871998 0.0025363663278862914 -0.032536716809061804 0.052016421612843283 0.0012901692995645839
leaf_weight=994.17570972815156 907.36528033495415 463.97078990167938 681.20376210287213 395.52063943818212 2890.1237883501453 2175.3055443000048 2654.5537909073755 228.78616098687053 511.33834248781204 1711.5143414656632 1879.5207550660707 1357.4546426013112 704.73473586700857 20042.028452375089
leaf_count=10330 8548 1126 5692 1315 12282 4384 10371 445 1801 15002 12978 3017 9949 206825
internal_value=0.000202942 0.00122255 0.000230421 -0.000542625 -0.00118559 -0.0152368 0.00101977 0.00429236 0.0179814 0.023984 -0.00661702 -0.002296 -0.000546271 -0.00218356
internal_weight=37597.6 36603.4 35696.1 35014.9 34550.9 4679.13 29871.7 2503.83 4877.41 4366.07 2108.31 24994.3 23636.9 22932.2
internal_count=304065 293735 285187 279495 278369 19122 259247 14738 27174 25373 13423 232073 229056 219107
is_linear=0
shrinkage=0.05


Tree=54
num_leaves=15
num_cat=0
split_feature=27 32 32 37 27 47 27 47 41 42 36 37 15 22
split_gain=550.942 469.31 878.514 876.951 593.879 586.286 1064.91 895.063 718.735 714.368 641.752 705.04 681.668 704.885
threshold=2.9700856208801274 1.8688347935676577 2.0126758217811589 4.4365937709808358 3.0201274156570439 4.1971738338470468 5.478551149368287 6.1933839321136483 0.34848485887050634 1.4978661537170412 0.7022230625152589 2.4414010047912602 1.0000000180025095e-35 6.7804884910583505
decision_type=2 2 2 2 2 2 2 2 2 2 2 2 2 2
left_child=-1 3 -3 -2 -4 9 7 8 -7 -6 12 -12 -8 -14
right_child=1 2 4 -5 5 6 10 -9 -10 -11 11 -13 13 -15
leaf_value=-0.03216193063158173 0.04996805387530931 -0.051961478184426958 0.052198639828430642 -0.03109953021889611 -0.017217438987899993 -0.021465534030133057 -0.025456390898489081 -0.054582949280983201 0.027684156950371394 0.04564971562603283 0.037222399262162573 -0.027450355417487977 0.036321287056450477 -0.0046998044888264985
leaf_weight=1260.512516912655 1183.5564240664244 781.97729822993279 553.82576560974121 455.19431007653475 6262.4935419261456 825.00416735280305 3640.842157789506 386.65813520550728 6980.4253608022118 477.42438394203782 1746.0200317129493 546.43459774181247 1145.696948829107 11149.047329191118
leaf_count=6726 6313 766 1147 1468 40856 1618 15738 559 155012 2442 9661 1441 32901 27417
internal_value=0.000199854 0.00133734 9.17333e-05 0.0273979 0.00131413 0.0004488 0.00380748 0.0187695 0.0224684 -0.0127032 -0.00292341 0.0217546 -0.00648494 -0.000850805
internal_weight=37395.1 36134.6 34495.8 1638.75 33713.9 33160 26420.1 8192.09 7805.43 6739.92 18228 2292.45 15935.6 12294.7
internal_count=304065 297339 289558 7781 288792 287645 244347 157189 156630 43298 87158 11102 76056 60318
is_linear=0
shrinkage=0.05


Tree=55
num_leaves=15
num_cat=0
split_feature=26 46 37 36 47 37 22 47 23 22 37 32 27 47
split_gain=529.754 419.012 454.564 391.478 414.949 1179.79 895.994 745.196 545.995 599.441 938.74 1078.56 1608.23 936.659
threshold=0.19805743545293811 0.95095664262771618 4.49422311782837 0.90856844186782848 4.1266138553619394 0.89587974548339855 6.7804884910583505 4.0130851268768319 2.6020033359527592 6.8007264137268075 0.89587974548339855 6.1580371856689462 6.3306114673614511 4.1666352748870858
decision_type=2 2 2 2 2 2 2 2 2 2 2 2 2 2
left_child=-1 2 3 4 5 7 -6 -2 -8 10 11 13 -13 -10
right_child=1 -3 -4 -5 6 -7 8 -9 9 -11 -12 12 -14 -15
leaf_value=-0.047150435589707322 0.040589506194873115 -0.054142140490824942 0.041726147563934807 0.031996019906734556 0.034531571468582982 -0.036894428868386751 0.032065864423897132 -0.14546513904555236 0.045756795669735985 0.0080534076342593901 0.0062749300301189557 0.039393320978930314 -0.10432129544213763 -0.026813520842002992
leaf_weight=571.50790864345618 886.54266434907913 331.9075680943206 677.93999058008194 961.38784626917914 1923.4768345457269 2252.811736356467 1215.807729061693 47.540236979722977 459.16903620958328 9694.7924141287804 7566.6820221748203 1452.3919519633055 214.82184129953384 8882.2956395745277
leaf_count=6140 9069 6671 5516 8198 161706 20932 8592 381 1348 8921 35360 3804 302 27125
internal_value=0.000197898 0.000950584 0.00147002 0.00069098 -0.000187941 -0.0173497 0.0015583 0.0296797 -0.00060364 -0.00201949 -0.00727821 -0.016591 0.020364 -0.0232013
internal_weight=37139.1 36567.6 36235.7 35557.7 34596.3 3186.89 31409.4 934.083 29486 28270.2 18575.4 11008.7 1667.21 9341.46
internal_count=304065 297925 291254 285738 277540 30382 247158 9450 85452 76860 67939 32579 4106 28473
is_linear=0
shrinkage=0.05


Tree=56
num_leaves=15
num_cat=0
split_feature=21 46 37 36 27 15 36 49 37 43 47 48 23 27
split_gain=526.128 519.214 429.946 403.376 412.595 553.269 769.408 650.216 498.83 493.223 517.994 624.146 500.571 460.223
threshold=0.7435453236103059 0.48025973141193395 4.49422311782837 0.13392857462167743 6.325254201889039 1.0000000180025095e-35 0.62145593762397777 0.67622831463813793 4.4714918136596689 6.0556118488311776 6.1954247951507577 0.79459449648857128 5.1901714801788339 6.3234620094299325
decision_type=2 2 2 2 2 2 2 2 2 2 2 2 2 2
left_child=-1 -2 3 -3 9 6 -6 -8 -7 13 -11 12 -12 -5
right_child=1 2 -4 4 5 8 7 -9 -10 10 11 -13 -14 -15
leaf_value=-0.018836718959001499 0.042236509850440342 0.050806572662299702 0.042765164081753008 0.00054368127515710258 0.041797956090745422 0.030045178132594209 -0.06978648196646349 0.049332263173783392 -0.02135208281230945 -0.044929783775772253 0.039825179318402418 0.043398690095580929 -0.071259737280288504 -0.039462742041246508
leaf_weight=3296.5090309747029 775.63042743364349 380.80073983222246 597.82157826051116 24043.602004710119 350.96147486567497 3151.4741918351501 591.21674911677837 133.92279094457626 547.56114056706429 1328.5757811088115 138.68785040080547 473.53711914271116 320.30858129262924 731.01647372543812
leaf_count=114660 6247 873 5383 153652 742 7122 715 274 689 10111 187 497 169 2744
internal_value=0.000193149 0.00206717 0.00110438 0.000317674 -0.000302494 0.0132311 -0.0182021 -0.0474152 0.0223999 -0.00269685 -0.024998 0.00357409 -0.0375614 -0.000652221
internal_weight=36861.6 33565.1 32789.5 32191.7 31810.9 4775.14 1076.1 725.14 3699.04 27035.7 2261.11 932.534 458.996 24774.6
internal_count=304065 189405 183158 177775 176902 9542 1731 989 7811 167360 10964 853 356 156396
is_linear=0
shrinkage=0.05


Tree=57
num_leaves=15
num_cat=0
split_feature=21 15 26 37 48 49 29 36 32 46 25 31 47 32
split_gain=493.914 403.291 493.873 338.931 316.183 262.994 342.561 364.319 342.781 399.473 504.428 406.193 314.489 483.711
threshold=0.064193170517683043 0.014625091105699541 0.92533329129219066 4.49422311782837 1.0000001788139345 0.54977086186409008 0.94231101870536815 0.62145593762397777 4.4870557785034189 0.80020368099212658 0.037657257169485099 0.79317620396614086 4.9344480037689218 1.8688347935676577
decision_type=2 2 2 2 2 2 2 2 2 2 2 2 2 2
left_child=-1 2 3 4 5 6 8 -8 9 12 11 -11 13 -2
right_child=1 -3 -4 -5 -6 -7 7 -9 -10 10 -12 -13 -14 -15
leaf_value=-0.052763992571246136 0.041115081478855779 0.0087013078226723852 -0.062893230209938575 0.039985882997175731 -0.041281118151223345 0.01543423758996975 0.028520790587773088 -0.065922803960760959 0.013645765448067716 -0.0086197881726279325 0.017441962437450709 -0.035787595693232678 -0.036501246512041917 -0.0004121091513609532
leaf_weight=425.13465870160144 741.4209302328527 11213.964902206091 326.23840302228928 464.11992165679112 509.71220438089222 2003.3888514213031 129.46574480831623 400.9188524633646 2851.8643109939294 3106.1986641702242 1017.9426120962016 2472.1123305908404 535.8219932243228 10495.695922655053
leaf_count=5405 4269 103639 5586 3983 1724 43017 343 466 58110 12385 5189 7888 1259 50802
internal_value=0.000189576 0.000824658 -0.0027028 -0.00188363 -0.00270063 -0.00185578 -0.00345461 -0.0427682 -0.00245235 -0.00495769 -0.0147982 -0.0207021 0.000563701 0.00236196
internal_weight=36694 36268.9 25054.9 24728.7 24264.5 23754.8 21751.4 530.385 21221.1 18369.2 6596.25 5578.31 11772.9 11237.1
internal_count=304065 298660 195021 189435 185452 183728 140711 809 139902 81792 25462 20273 56330 55071
is_linear=0
shrinkage=0.05


Tree=58
num_leaves=15
num_cat=0
split_feature=21 15 26 37 49 29 36 29 36 37 32 47 42 42
split_gain=467.165 365.115 466.46 318.338 335.105 316.091 312.595 382.835 484.92 372.095 337.065 559.641 644.564 833.866
threshold=0.064193170517683043 0.014625091105699541 0.89168170094490062 4.49422311782837 0.54977086186409008 0.94231101870536815 0.8525926172733308 0.93993794918060314 0.62145593762397777 4.0689902305603036 4.4870557785034189 4.3502571582794198 1.0000000180025095e-35 1.8688347935676577
decision_type=2 2 2 2 2 2 2 2 2 2 2 2 2 2
left_child=-1 2 3 4 6 -4 7 10 -9 -8 11 -2 -13 -14
right_child=1 -3 5 -5 -6 -7 9 8 -10 -11 -12 12 13 -15
leaf_value=-0.052452985807911204 -0.00057397535150497509 0.0082915380956693849 -0.018488854370550516 0.040763519230702185 0.018547356428362603 -0.07960761770975168 0.036772097513693529 0.030064030503301316 -0.081344959408849865 -0.018341630193809296 0.013304520341502188 -0.028494206359342075 0.056473650539773337 -0.033740923005978612
leaf_weight=406.79584396502469 11950.412301491946 11181.109756460181 881.31810646690428 436.36175164673477 1842.1516737752827 272.51634915079921 948.28421996010002 130.88550413027406 330.16918084584177 442.70166490413249 2420.5387606809381 4305.4694368820637 554.96823999006301 459.59326406940818
leaf_count=5405 43512 103639 9678 3730 42359 4551 13135 332 280 5955 53219 13467 4221 582
internal_value=0.000179754 0.000786263 -0.00257571 -0.00106519 -0.0018628 -0.0334841 -0.00361587 -0.00520125 -0.049751 0.0192256 -0.00413342 -0.00658372 -0.020057 0.0156763
internal_weight=36563.3 36156.5 24975.4 23821.5 23385.2 1153.83 21543 20152 461.055 1390.99 19691 17270.4 5320.03 1014.56
internal_count=304065 298660 195021 180792 177062 14229 134703 115613 612 19090 115001 61782 18270 4803
is_linear=0
shrinkage=0.05


Tree=59
num_leaves=15
num_cat=0
split_feature=21 46 37 36 27 32 32 27 27 29 36 38 38 43
split_gain=459.671 480.68 373.827 379.42 369.749 459.303 666.464 530.664 532.539 500.843 490.051 610.707 605.394 719.593
threshold=0.7435453236103059 0.48025973141193395 4.49422311782837 0.13392857462167743 6.325254201889039 6.1441833972930917 6.0821251869201669 6.3234620094299325 6.3198649883270273 0.9313630759716035 0.48249898850917822 1.0000000180025095e-35 2.2499048709869389 4.1190040111541757
decision_type=2 2 2 2 2 2 2 2 2 2 2 2 2 2
left_child=-1 -2 3 -3 5 6 7 8 9 10 -5 -12 13 -13
right_child=1 2 -4 4 -6 -7 -8 -9 -10 -11 11 12 -14 -15
leaf_value=-0.017739927182614832 0.041529925355565545 0.050499170481663518 0.041776890999546755 -0.018067090183744965 0.012739718649932808 -0.041386495379838309 0.046743275857357741 -0.049512145250627512 0.058028053444849508 -0.077511805631352321 -0.0033201882522036655 0.0070541230203915702 -0.036876034398649143 0.050609558269081645
leaf_weight=3251.3424477778608 739.11125516612083 362.17582602053881 542.9491771645844 3901.0592420038301 4638.0173475015908 729.72112641483545 688.73036131914705 582.69552353024483 358.43194995820522 210.73674711026251 15954.74693664012 2475.7094253636897 449.31988563388586 1530.9954319796525
leaf_count=114660 6247 873 5383 11054 9542 4241 16746 1605 1937 4382 101458 9830 1493 14614
internal_value=0.000171661 0.00193248 0.00101736 0.000310351 -0.000282166 -0.00253275 -0.00143323 -0.00275412 -0.00163963 -0.00253506 -0.00185355 0.00125263 0.0175963 0.0237816
internal_weight=36415.7 33164.4 32425.3 31882.3 31520.2 26882.1 26152.4 25463.7 24881 24522.6 24311.8 20410.8 4456.02 4006.7
internal_count=304065 189405 183158 177775 176902 167360 163119 146373 144768 142831 138449 127395 25937 24444
is_linear=0
shrinkage=0.05


Tree=60
num_leaves=15
num_cat=0
split_feature=21 15 46 48 27 48 36 36 22 55 28 48 27 27
split_gain=433.78 329.619 378.732 283.611 279.231 280.836 247.626 281.22 748.701 589.834 607.997 555.899 545.205 749.467
threshold=0.064193170517683043 0.010256679728627207 0.94868934154510509 1.0000001788139345 6.3288288116455087 1.000000059604645 0.8525926172733308 0.65275362133979808 6.7962646484375009 1.0000000180025095e-35 1.7005987167358401 0.7817850410938264 5.463822841644288 6.3288288116455087
decision_type=2 2 2 2 2 2 2 2 2 2 2 2 2 2
left_child=-1 2 3 6 -3 -6 7 8 -2 10 -10 -12 -9 -14
right_child=1 4 -4 -5 5 -7 -8 12 9 -11 11 -13 13 -15
leaf_value=-0.052047714101364641 0.023889161826485247 0.0042210439338400355 -0.060412772974616002 -0.041756393305258321 0.033352913216826312 -0.049421056362532717 0.019653477726480548 -0.028565895310562972 0.041551328421762471 0.043451405226004318 -0.020629143196822068 0.0052213919244373458 0.014589990402625845 -0.03721288071566993
leaf_weight=383.40548338962253 2833.290214280365 13094.769306836883 275.6139895869419 438.97454196866602 1352.5829111021012 102.06457847356796 1276.8922014397103 2706.0310394447297 569.3474872559309 578.65594236552715 5751.7639584094286 3248.9883863851428 2669.8832833584165 934.21671223640442
leaf_count=5405 85089 132462 5546 1323 2576 139 17699 13228 2278 1210 8630 5336 22246 898
internal_value=0.000169614 0.000742692 -0.00322177 -0.00244307 0.00654034 0.0272473 -0.00158418 -0.00299929 0.00121079 -0.00513776 -0.00811799 -0.0113025 -0.011649 0.00109639
internal_weight=36216.5 35833.1 21283.7 21008 14549.4 1454.65 20569.1 19292.2 12982 10148.8 9570.1 9000.75 6310.13 3604.1
internal_count=304065 298660 163483 157937 135177 2715 156614 138915 102543 17454 16244 13966 36372 23144
is_linear=0
shrinkage=0.05


Tree=61
num_leaves=15
num_cat=0
split_feature=21 36 23 54 23 41 42 15 22 42 37 47 23 22
split_gain=410.5 318.161 332.59 366.056 522.16 334.767 819.483 400.706 389.798 1307.62 1637.04 641.981 844.14 576.095
threshold=0.064193170517683043 0.90856844186782848 2.6020033359527592 1.0000000180025095e-35 2.8617925643920903 0.90454545617103588 1.4978661537170412 1.0000000180025095e-35 6.8007264137268075 1.0000000180025095e-35 0.89587974548339855 4.3630783557891855 6.138805866241456 6.7804884910583505
decision_type=2 2 2 2 2 2 2 2 2 2 2 2 2 2
left_child=-1 2 -2 5 -5 6 7 -4 13 11 -11 -10 -13 -9
right_child=1 -3 3 4 -6 -7 -8 8 9 10 -12 12 -14 -15
leaf_value=-0.051752625729062599 0.024509397532694432 0.029776981930295154 -0.010816027810338941 0.053989155992742746 -0.038974609033642825 -0.027788263542841293 0.040780535503380642 0.020749783791424118 0.04317010398862392 0.033036210650492212 -0.051213666999240431 -0.012920570866159227 0.046122131966052207 -0.0063263646335752766
leaf_weight=366.78940055135172 1315.4178538490087 907.29085213330109 7353.1741534671746 165.00624828413129 1139.2870345637202 1036.4287293069065 1230.7486372152343 2318.2411920798477 2629.5081736594439 932.06558972597122 1479.4416295289993 1686.3406673371792 931.75086498260498 12568.358393052593
leaf_count=5405 8811 8341 55239 1028 7815 4754 9717 145573 3245 892 775 1499 1311 49660
internal_value=0.000162962 0.000710804 -5.5647e-05 -0.00102811 -0.0268925 2.8689e-05 0.000963452 -0.000688654 0.00261767 0.0117756 -0.0186485 0.0257657 0.00818764 -0.00209879
internal_weight=36059.8 35693.1 34785.8 33470.4 1304.29 32166.1 31129.6 29898.9 22545.7 7659.11 2411.51 5247.6 2618.09 14886.6
internal_count=304065 298660 290319 281508 8843 272665 267911 258194 202955 7722 1667 6055 2810 195233
is_linear=0
shrinkage=0.05


Tree=62
num_leaves=15
num_cat=0
split_feature=21 46 37 36 48 33 27 37 46 48 32 32 4 32
split_gain=401.135 426.455 351.885 346.264 326.562 778.147 484.519 602.314 443.104 426.157 716.327 681.627 455.723 383.084
threshold=0.7435453236103059 0.48025973141193395 4.49422311782837 0.13392857462167743 0.3544753640890122 2.0126758217811589 6.325254201889039 4.4714918136596689 0.8673798441886903 0.94165676832199108 6.1643662452697763 3.4498615264892583 1.0000000180025095e-35 2.7403194904327397
decision_type=2 2 2 2 2 2 2 2 2 2 2 2 2 2
left_child=-1 -2 3 -3 5 -5 8 9 -6 -8 11 12 -11 -10
right_child=1 2 -4 4 6 -7 7 -9 13 10 -12 -13 -14 -15
leaf_value=-0.016684621388734232 0.040509870856434892 0.050072937406528809 0.041330917332547672 -0.031250096359749784 0.0023849354798507541 0.052977766966192934 0.041954309153374614 -0.028144556839269697 -0.035403754241592915 -0.040506711452630642 -0.07682199463595453 0.055088055723863917 0.042236196543548987 -0.0061310224439219537
leaf_weight=3206.6464367642766 687.09323562309146 335.51347074657679 521.23954642051831 1855.2871650805464 18636.068517821725 312.16523784701712 1806.5624740030617 614.24859893321991 1453.1523176580667 500.86833089590073 212.36342204734683 687.6478860527277 237.39812009781599 4758.8396089463495
leaf_count=114660 6247 873 5383 4232 118037 3020 4420 794 2217 1006 303 1750 488 40635
internal_value=0.000161425 0.00182213 0.00097723 0.000294634 -0.00025876 -0.0189317 0.00114739 0.0171411 -0.00147112 0.0252741 0.00673747 0.0196304 -0.0136909 -0.0130246
internal_weight=35825.1 32618.4 31931.4 31410.1 31074.6 2167.45 28907.1 4059.09 24848.1 3444.84 1638.28 1425.91 738.266 6211.99
internal_count=304065 189405 183158 177775 176902 7252 169650 8761 160889 7967 3547 3244 1494 42852
is_linear=0
shrinkage=0.05


Tree=63
num_leaves=15
num_cat=0
split_feature=21 48 41 42 47 32 36 46 22 26 36 38 47 22
split_gain=381.801 296.617 277.294 786.353 350.836 1055.23 662.008 510.745 477.484 620.818 609.253 950.334 897.935 696.292
threshold=0.064193170517683043 1.0000001788139345 0.90454545617103588 1.4978661537170412 4.1971738338470468 2.1383330821990971 0.70511272549629223 0.76950746774673473 6.7804884910583505 0.9168170988559724 0.62145593762397777 1.0000000180025095e-35 4.2835628986358651 6.7962646484375009
decision_type=2 2 2 2 2 2 2 2 2 2 2 2 2 2
left_child=-1 2 3 4 5 -2 8 -7 9 -6 13 12 -12 -10
right_child=1 -3 -4 -5 6 7 -8 -9 10 -11 11 -13 -14 -15
leaf_value=-0.051370500312846047 0.052957691902538365 -0.029532159083098641 -0.02369231022898588 0.040698549247731981 0.04121406117856747 -0.0040295483453783223 0.027985918714196041 -0.033653513880929901 0.027101690657347511 -0.037315543193054489 0.056685732962924819 0.056483125967211105 -0.024159940302498142 -0.00083870097722655375
leaf_weight=345.86255724355578 603.58497362211347 784.17739405296743 1059.2484276629984 1264.191605785396 1336.4713502979139 3649.3736997134984 2447.7903097207891 2413.2225101701915 2713.7485572174191 301.25943793077022 356.19684090465307 434.55232659727335 5671.9625602178276 12292.644543882459
leaf_count=5405 2541 3345 5046 10527 137398 31730 29165 9066 27470 6604 441 483 15157 19687
internal_value=0.000160934 0.000679817 0.001374 0.00217377 0.000650081 -0.00955659 0.00331529 -0.0158574 0.000690867 0.0266298 -0.00129931 -0.0141221 -0.0192969 0.00422871
internal_weight=35674.3 35328.4 34544.2 33485 32220.8 6666.18 25554.6 6062.6 23106.8 1637.73 21469.1 6462.71 6028.16 15006.4
internal_count=304065 298660 295315 290269 279742 43337 236405 40796 207240 144002 63238 16081 15598 47157
is_linear=0
shrinkage=0.05


Tree=64
num_leaves=15
num_cat=0
split_feature=21 26 54 46 43 36 32 42 36 15 36 27 32 32
split_gain=368.896 389.03 401.943 417.132 553.519 526.287 594.14 419.041 790.457 512.518 414.181 402.138 640.102 485.176
threshold=0.69196265935897838 0.42468488216400152 1.0000000180025095e-35 0.77225479483604442 3.979637980461121 0.70511272549629223 2.7403194904327397 1.0000000180025095e-35 0.57402297854423534 1.0000000180025095e-35 0.58658170700073253 6.325254201889039 6.1441833972930917 6.0821251869201669
decision_type=2 2 2 2 2 2 2 2 2 2 2 2 2 2
left_child=-1 -2 3 -3 -5 7 -7 9 -9 10 -6 12 13 -11
right_child=1 2 -4 4 5 6 -8 8 -10 11 -12 -13 -14 -15
leaf_value=-0.024520631188701784 0.050025869944667956 0.0087577372207822048 -0.027503335747494858 -0.0266038999347144 -0.0097907434961696221 -0.037639028259441917 0.03129673178074345 -0.0051131074091832433 0.055711930859426967 -0.0085059461883975774 -0.047500442711731539 0.013576584252664663 -0.061428392813940261 0.038154077999996719
leaf_weight=1441.9302002994809 393.37002585083246 12687.198911203537 1213.5276285298169 2173.252643160522 1825.7157011249801 357.12036990746856 2137.2261720836395 1541.5394009072334 806.1492933370173 5465.1344514178345 1208.8809103392996 3056.040695939213 512.82064422219992 610.31313998624682
leaf_count=60589 5387 118071 8394 6392 9678 686 20357 8038 5651 31560 4596 5885 2632 16149
internal_value=0.00016074 0.00121474 0.000628479 0.00169091 -0.00286374 9.44258e-05 0.0213162 -0.00344012 0.0159207 -0.00703479 -0.0249197 -0.0013873 -0.00833851 -0.00376369
internal_weight=35430.2 33988.3 33594.9 32381.4 19694.2 17520.9 2494.35 15026.6 2347.69 12678.9 3034.6 9644.31 6588.27 6075.45
internal_count=304065 243476 238089 229695 111624 105232 21043 84189 13689 70500 14274 56226 50341 47709
is_linear=0
shrinkage=0.05


Tree=65
num_leaves=15
num_cat=0
split_feature=21 1 26 37 37 31 48 32 32 42 42 42 22 23
split_gain=352.152 287.302 359.331 302.187 269.266 596.63 603.51 645.712 581.563 507.703 1045.69 591.268 1343.28 823.567
threshold=0.064193170517683043 0.0093898782506585139 0.92876732349395763 4.49422311782837 1.0000000180025095e-35 0.66774892807006847 0.7817850410938264 6.1643662452697763 6.1643662452697763 0.89587974548339855 2.2499048709869389 1.0000000180025095e-35 6.8007264137268075 2.8617925643920903
decision_type=2 2 2 2 2 2 2 2 2 2 2 2 2 2
left_child=-1 2 3 4 5 -2 7 -7 -8 11 -11 13 -13 -6
right_child=1 -3 -4 -5 9 6 8 -9 -10 10 -12 12 -14 -15
leaf_value=-0.05095304103388807 0.02753032407225502 0.012389714133813413 -0.052055448567866119 0.037861007407397847 0.027518833297525747 -0.01900583485029916 0.017108735445719385 0.052719736835867129 -0.064484257340962692 0.043424519006408341 -0.025081136274762657 0.023518685874321911 -0.054174539141084069 -0.0086415213251469208
leaf_weight=323.84856364317238 2311.4752076992299 4520.9263153165812 332.17780671268702 494.08410195773467 1806.0494209416211 4185.2358944750158 3968.1410302717704 329.57430487684906 221.34309120476246 1427.8098249528557 900.96783588454127 802.51588371861726 1769.4949127435684 11840.373455554829
leaf_count=5405 85657 40909 6290 4869 7952 13430 27676 694 370 7404 3803 10653 931 88022
internal_value=0.000155653 0.000644225 -0.00110662 -0.000526431 -0.00118058 0.00500847 -0.000997065 -0.013665 0.0126546 -0.00485717 0.0169268 -0.00799361 -0.0299356 -0.0038392
internal_weight=35234 34910.2 30389.2 30057.1 29563 11015.8 8704.29 4514.81 4189.48 18547.2 2328.78 16218.4 2572.01 13646.4
internal_count=304065 298660 257751 251461 246592 127827 42170 14124 28046 118765 11207 107558 11584 95974
is_linear=0
shrinkage=0.05


Tree=66
num_leaves=15
num_cat=0
split_feature=21 46 37 36 27 37 48 48 32 32 4 32 32 27
split_gain=349.093 377.184 317.303 321.995 310.56 388.292 479.706 387.635 604.442 612.373 401.913 379.869 549.226 496.966
threshold=0.7435453236103059 0.48025973141193395 4.49422311782837 0.13392857462167743 6.325254201889039 4.4714918136596689 0.3544753640890122 0.94165676832199108 6.1643662452697763 3.4498615264892583 1.0000000180025095e-35 6.1441833972930917 6.0821251869201669 6.3234620094299325
decision_type=2 2 2 2 2 2 2 2 2 2 2 2 2 2
left_child=-1 -2 3 -3 11 6 -6 -8 9 10 -9 12 13 -5
right_child=1 2 -4 4 5 -7 7 8 -10 -11 -12 -13 -14 -15
leaf_value=-0.015725323897569223 0.039449976751758091 0.049719346076964294 0.04056767456635324 -0.0013954552021179865 -0.02783104987465131 -0.024256554817775833 0.04109580074615149 -0.036829049818176522 -0.06674163340067199 0.054473040266332096 0.04123643963893206 -0.038557779168783321 0.04462002502498319 -0.048232173815679763
leaf_weight=3141.2524283527164 638.88879548804834 316.05672872811556 487.00480756023899 24124.994091327186 490.80824363976717 627.19679591059685 1727.3319129124284 500.61741299182177 227.74901916459203 650.50754755735397 233.98604867607355 693.80484569817781 624.42264212202281 570.00096219778061
leaf_count=114660 6247 873 5383 144768 753 822 4420 1006 303 1750 488 4241 16746 1605
internal_value=0.000151295 0.00171848 0.000935318 0.000295433 -0.000233346 0.0119445 0.0179189 0.0247045 0.00700471 0.019522 -0.0117438 -0.0023242 -0.0013165 -0.00249561
internal_weight=35054.6 31913.4 31274.5 30787.5 30471.4 4458.2 3831 3340.19 1612.86 1385.11 734.603 26013.2 25319.4 24695
internal_count=304065 189405 183158 177775 176902 9542 8720 7967 3547 3244 1494 167360 163119 146373
is_linear=0
shrinkage=0.05


Tree=67
num_leaves=15
num_cat=0
split_feature=27 32 37 32 27 47 27 47 27 47 37 42 37 27
split_gain=330.632 371.418 709.651 688.071 531.198 398.028 846.607 669.425 633.731 530.44 939.208 524.341 519.738 876.554
threshold=2.9700856208801274 1.8688347935676577 4.4365937709808358 2.0126758217811589 3.0201274156570439 4.1971738338470468 5.478551149368287 6.1933839321136483 5.463822841644288 4.2835628986358651 1.0000000180025095e-35 1.4978661537170412 2.2499048709869389 3.4811217784881596
decision_type=2 2 2 2 2 2 2 2 2 2 2 2 2 2
left_child=-1 2 -2 -3 -5 11 7 8 9 -7 -11 -6 -12 -14
right_child=1 3 -4 4 5 6 -8 -9 -10 10 12 -13 13 -15
leaf_value=-0.027124071452352363 0.048579529075192272 -0.046272931566619158 -0.025187027074139307 0.051037920003835259 -0.014658057795455638 0.037507673913562037 -0.0030594912891171986 -0.04696735275227229 0.050780256725797404 0.04995186530902427 -0.039879780549969823 0.043060760509889183 -0.033029865636673178 0.028690775256452777
leaf_weight=1066.9162336539011 1021.0599802136421 777.57283809781075 469.32185914367437 512.47584664821625 5997.3872665222734 1602.8206343054771 17124.108652196359 378.36681097745895 1382.7392603172921 860.23363178689033 930.27180255157873 411.46230229735374 948.78787199407816 1428.3118870034814
leaf_count=6726 6313 766 1468 1147 40856 12368 87158 559 112616 4142 13585 2442 1018 12901
internal_value=0.00015017 0.00101771 0.0253374 -0.000110033 0.001041 0.000200037 0.00308624 0.0170451 0.0204918 0.0131587 0.00372692 -0.0108911 -0.00841033 0.00402063
internal_weight=34911.8 33844.9 1490.38 32354.5 31577 31064.5 24655.6 7531.53 7153.17 5770.43 4167.61 6408.85 3307.37 2377.1
internal_count=304065 297339 7781 289558 288792 287645 244347 157189 156630 44014 31646 43298 27504 13919
is_linear=0
shrinkage=0.05


Tree=68
num_leaves=15
num_cat=0
split_feature=46 46 0 26 37 49 31 32 28 36 33 36 38 22
split_gain=323.344 327.252 280.13 292.029 280.834 266.66 341.402 372.404 322.79 263.288 348.001 312.352 419.448 371.368
threshold=0.426196038722992 0.48025973141193395 0.0083683477714657801 0.9403514862060548 4.49422311782837 0.62798923254013073 0.88107022643089306 6.1643662452697763 6.0438191890716562 0.20714285969734195 1.2424533367156985 0.48249898850917822 1.0000000180025095e-35 6.8007264137268075
decision_type=2 2 2 2 2 2 2 2 2 2 2 2 2 2
left_child=-1 -2 3 4 5 9 7 -7 -8 10 -3 -11 13 -13
right_child=1 2 -4 -5 -6 6 8 -9 -10 11 -12 12 -14 -15
leaf_value=-0.030972874297231376 0.035055699321892266 0.0506352536538269 0.010477014082959174 -0.056335480390336104 0.038439820146758924 0.034305243892817354 -0.041317969988529539 -0.05013578290971802 0.038960659638423378 -0.018568398574356822 -0.044638502576909128 -0.009866858742756026 0.013608894478111462 0.0061670077124890916
leaf_weight=804.85067433770746 677.07383526442572 435.32977037620731 5511.5697693566326 233.82539538294077 425.95227578748018 1443.0906413387274 412.56290196813643 134.67427367530763 168.91666004434228 3286.1252015028149 113.76605003350414 12393.328543065232 3559.0559130134061 5086.7919905781746
leaf_count=10330 8548 1658 50652 4895 4589 36192 3309 337 655 13223 240 142072 22368 4997
internal_value=0.000151813 0.000900085 0.000193282 -0.00185644 -0.0013722 -0.00201347 0.0148008 0.0268272 -0.017733 -0.00347841 0.0304503 -0.00425648 -0.00201333 -0.00520007
internal_weight=34686.9 33882.1 33205 27693.4 27459.6 27033.6 2159.24 1577.76 581.48 24874.4 549.096 24325.3 21039.2 17480.1
internal_count=304065 293735 285187 234535 229640 225051 40493 36529 3964 184558 1898 182660 169437 147069
is_linear=0
shrinkage=0.05


Tree=69
num_leaves=15
num_cat=0
split_feature=21 23 27 28 37 22 32 27 37 43 22 37 22 33
split_gain=310.835 329.659 308.282 974.086 579.562 866.386 692.49 916.654 657.298 704.268 875.991 1046.61 613.533 572.189
threshold=0.7435453236103059 2.6020033359527592 3.4334666728973393 2.4414010047912602 1.2424533367156985 6.7804884910583505 6.1516542434692392 6.3306114673614511 2.0715673565864567 5.9725358486175546 6.7984981536865243 4.1908013820648202 6.7580702304840097 1.2424533367156985
decision_type=2 2 2 2 2 2 2 2 2 2 2 2 2 2
left_child=-1 -2 13 -4 5 12 -7 -8 -6 10 11 -10 -5 -3
right_child=1 2 3 4 8 6 7 -9 9 -11 -12 -13 -14 -15
leaf_value=-0.014919088506704785 0.030498289547400859 0.0035139438627242838 0.044158053423516259 -0.014324489020323551 0.044401808913359847 -0.012362067798152668 0.040176576347814894 -0.022910344308040835 -0.024279261779299181 -0.027855747540064216 0.045039432867256327 0.049155328589444686 0.052186858155344441 -0.028466669571896648
leaf_weight=3104.9487799335038 949.37592638656497 3386.6650219447911 1358.4804491810501 503.87428163690493 1348.7322015925311 12903.891416296363 1530.1280062943697 911.35974237322807 1698.8811849553604 1213.4388610646129 1525.3437178656459 667.63298055436462 1076.6676225615665 2370.3484866507351
leaf_count=114660 8051 7146 9557 19727 20145 30285 5419 892 19520 5083 8438 8962 35935 10245
internal_value=0.000147186 0.00163914 0.000731003 0.00315675 0.000756524 -0.00410519 -0.00774152 0.0166301 0.0134932 0.0052568 0.0156259 -0.00344248 0.0310264 -0.00968004
internal_weight=34549.8 31444.8 30495.4 24738.4 23380 16925.9 15345.4 2441.49 6454.03 5105.3 3891.86 2366.51 1580.54 5757.01
internal_count=304065 189405 181354 163963 154406 92258 36596 6311 62148 42003 36920 28482 55662 17391
is_linear=0
shrinkage=0.05


Tree=70
num_leaves=15
num_cat=0
split_feature=21 15 26 29 49 37 29 36 28 27 28 24 48 32
split_gain=303.043 261.827 328.237 244.731 226.883 238.366 227.474 276.201 251.182 329.836 472.493 299.254 213.655 209.97
threshold=0.064193170517683043 0.014824487268924715 0.89168170094490062 0.94231101870536815 0.54977086186409008 4.49422311782837 0.94444450736045849 0.62145593762397777 6.01249122619629 6.3234620094299325 2.1383330821990971 0.44791819155216223 1.0000001788139345 6.1643662452697763
decision_type=2 2 2 2 2 2 2 2 2 2 2 2 2 2
left_child=-1 2 4 -4 5 6 8 -8 9 11 -11 12 -2 -6
right_child=1 -3 3 -5 13 -7 7 -9 -10 10 -12 -13 -14 -15
leaf_value=-0.050192479844355521 -0.0021198921276140959 0.0072224526283255555 -0.015838310898494554 -0.072127403263339662 0.021570418612129341 0.037937086654659426 0.028897119548540864 -0.0568773150004592 0.022394514500036451 0.044808269983476971 -0.040769197759723604 0.034925616887575721 -0.039400610634054228 -0.042279483255744425
leaf_weight=286.32102180295624 16882.810241002473 10344.728778918623 842.45459501259029 244.07199480105191 1576.5473090354353 349.13593799713999 117.06738467048854 376.27657737396657 968.18692308664322 180.85934299230576 1077.8657259345055 527.18346533598378 383.32636382244527 130.91419169120491
leaf_count=5405 100198 102132 9776 4555 42417 3757 298 427 2381 1350 1871 28768 444 286
internal_value=0.000152697 0.000591279 -0.00231026 -0.0290253 -0.00101192 -0.00244884 -0.00315435 -0.0363539 -0.0023185 -0.00358546 -0.0282168 -0.00182813 -0.00296989 0.0164573
internal_weight=34287.7 34001.4 23656.7 1086.53 22570.2 20862.7 20513.6 493.344 20020.2 19052 1258.73 17793.3 17266.1 1707.46
internal_count=304065 298660 196528 14331 182197 139494 135737 725 135012 132631 3221 129410 100642 42703
is_linear=0
shrinkage=0.05


Tree=71
num_leaves=15
num_cat=0
split_feature=21 36 1 46 37 22 22 32 28 48 27 43 43 42
split_gain=286.985 249.544 245.72 267.133 245.538 550.495 1245.42 893.286 839.911 788.178 665.73 659.515 463.063 369.966
threshold=0.064193170517683043 0.90856844186782848 0.0093898782506585139 0.95424106717109691 1.0000000180025095e-35 6.8007264137268075 6.7984981536865243 1.8688347935676577 2.8617925643920903 0.7817850410938264 6.3234620094299325 3.8815106153488164 6.0026509761810312 0.89587974548339855
decision_type=2 2 2 2 2 2 2 2 2 2 2 2 2 2
left_child=-1 2 3 4 5 6 10 -8 9 11 -2 -7 -12 -6
right_child=1 -3 -4 -5 13 8 7 -9 -10 -11 12 -13 -14 -15
leaf_value=-0.04992244986329171 0.028831637579605874 0.027528219908086987 0.011047395172105267 -0.057885993493941502 -0.0075781168614559614 0.01726869065118309 0.044407346613263843 -0.035996519992959317 0.043407563556796619 0.031943968665810972 -0.049221800157736022 -0.059938679364198832 0.022672061840890059 0.014874748979664863
leaf_weight=273.84594294987619 2677.0043890490197 826.83052193385083 4278.8211983293295 200.60992348846048 15760.98911042104 445.86605231463909 384.01037572324276 2864.7426954209805 1889.2785973250866 907.36805087327957 546.710878059268 703.18146505951881 366.97305131703615 2066.8295601145364
leaf_count=5405 115557 8341 39728 4538 108083 680 1314 3762 2130 986 1614 516 1809 9602
internal_value=0.000144341 0.000563149 -0.0001187 -0.00178013 -0.00136667 0.00458576 -0.00399574 -0.0263855 0.0194334 -0.00269576 0.0162789 -0.0300893 -0.0204134 -0.00496821
internal_weight=34193.1 33919.2 33092.4 28813.6 28613 10785.1 6839.44 3248.75 3945.69 2056.42 3590.69 1149.05 913.684 17827.8
internal_count=304065 298660 290319 250591 246053 128368 124056 5076 4312 2182 118980 1196 3423 117685
is_linear=0
shrinkage=0.05


Tree=72
num_leaves=15
num_cat=0
split_feature=27 32 37 32 27 47 27 47 27 47 37 42 37 42
split_gain=275.343 319.36 612.771 582.321 515.136 343.551 736.145 581.516 582.274 485.832 849.231 451.519 443.219 752.102
threshold=2.9700856208801274 1.8688347935676577 4.4365937709808358 2.0126758217811589 3.0201274156570439 4.1971738338470468 5.478551149368287 6.1933839321136483 5.463822841644288 4.2835628986358651 1.0000000180025095e-35 1.4978661537170412 2.2499048709869389 1.0000000180025095e-35
decision_type=2 2 2 2 2 2 2 2 2 2 2 2 2 2
left_child=-1 2 -2 -3 -5 11 7 8 9 -7 -11 -6 -12 -14
right_child=1 3 -4 4 5 6 -8 -9 -10 10 12 -13 13 -15
leaf_value=-0.025388648872969773 0.047610969595309971 -0.042694798585014723 -0.021589215743250512 0.050737921941344202 -0.013698984228591291 0.0363518096038263 -0.0028762156083067562 -0.043778978177400923 0.049695831313616295 0.049215591135468556 -0.037222123038085718 0.041741826492501063 0.031414865568806495 -0.025531947466545413
leaf_weight=1014.2872351756087 930.29907257854939 772.81152918934822 477.65166112780571 501.40209145843983 5900.0647261980921 1529.3434266289696 16813.595240089111 373.53839340806007 1288.9704016331816 796.13262066338211 922.72560251830146 381.96721233054996 1177.5458012595773 1123.0924507379532
leaf_count=6726 6313 766 1468 1147 40856 12368 87158 559 112616 4142 13585 2442 10313 3606
internal_value=0.000141863 0.000934282 0.0241479 -0.000107942 0.000973833 0.000134066 0.00285688 0.0162093 0.0195455 0.012465 0.0033088 -0.010267 -0.00814678 0.0036252
internal_weight=34003.4 32989.1 1407.95 31581.2 30808.4 30307 24024.9 7211.35 6837.81 5548.84 4019.5 6282.03 3223.36 2300.64
internal_count=304065 297339 7781 289558 288792 287645 244347 157189 156630 44014 31646 43298 27504 13919
is_linear=0
shrinkage=0.05


Tree=73
num_leaves=15
num_cat=0
split_feature=21 46 27 32 32 29 27 27 37 27 46 42 38 37
split_gain=278.361 315.218 279.852 380.461 461.279 427.078 418.975 408.367 356.6 907.636 310.745 384.632 707.701 494.55
threshold=0.7511160969734193 0.48025973141193395 6.325254201889039 6.1441833972930917 6.0821251869201669 0.9313630759716035 6.3234620094299325 6.3198649883270273 4.1908013820648202 3.4334666728973393 0.77225479483604442 0.89587974548339855 2.2499048709869389 1.0000000180025095e-35
decision_type=2 2 2 2 2 2 2 2 2 2 2 2 2 2
left_child=-1 -2 3 4 5 6 7 8 10 -10 -3 -12 13 -13
right_child=1 2 -4 -5 -6 -7 -8 -9 9 -11 11 12 -14 -15
leaf_value=-0.012735733296614865 0.039964582379996887 0.0042739649931967522 0.013017563310860614 -0.03830679347825957 0.044933989518094235 -0.073706981223236281 -0.044199381498853635 0.056676103658547805 -0.026930810908289023 0.047683629054822589 -0.012786569957926952 -0.014451331028019552 -0.02449066156603176 0.048609969509810405
leaf_weight=3722.0976787041873 519.90215186076239 10390.821523532271 4185.7448806799948 652.79158058017492 550.21239206520841 190.07936255540699 522.70515595376492 310.72728291153908 622.11176930367947 1143.8900265176781 8535.9246569538955 429.24072216264904 929.01797356083989 1082.2118360595778
leaf_count=121362 5900 60591 9815 4127 16082 4544 1577 1855 1952 15612 48424 2702 4223 5299
internal_value=0.000143756 0.00174194 0.00105606 -0.000922599 8.02418e-05 -0.000959553 -0.000352093 0.000643953 -0.00013284 0.0213955 -0.00192133 -0.00778467 0.00969104 0.0307238
internal_weight=33787.5 30065.4 29545.5 25359.7 24706.9 24156.7 23966.7 23443.9 23133.2 1766 21367.2 10976.4 2440.47 1511.45
internal_count=304065 182703 176803 166988 162861 146779 142235 140658 138803 17564 121239 60648 12224 8001
is_linear=0
shrinkage=0.05


Tree=74
num_leaves=15
num_cat=0
split_feature=18 0 48 26 27 28 47 47 37 22 32 27 22 37
split_gain=261.126 237.31 238.919 219.299 234.715 771.848 471.917 950.211 456.412 1133.95 512.182 857.143 668.637 813.695
threshold=3.9019216299057011 0.0083683477714657801 1.0000001788139345 0.92876732349395763 3.4334666728973393 2.4414010047912602 4.2835628986358651 4.182021141052247 1.2424533367156985 6.7804884910583505 6.1516542434692392 6.3306114673614511 6.8007264137268075 0.89587974548339855
decision_type=2 2 2 2 2 2 2 2 2 2 2 2 2 2
left_child=-1 2 3 4 6 -6 7 -2 9 -7 12 -12 -11 -14
right_child=1 -3 -4 -5 5 8 -8 -9 -10 10 11 -13 13 -15
leaf_value=-0.05049073268420308 -0.033486370080931499 0.0099869909712450508 -0.032316881052958872 -0.043768754708631001 0.036829587721165416 0.0397944740534509 -0.02356762038422814 0.026226012806187811 0.011800651120715265 -0.023742016016369528 0.036582571535365364 -0.026660457904565366 0.017296794068638047 -0.031032575299918236
leaf_weight=242.73026003804989 1022.4103258922696 5519.2944364655996 599.35634307935834 281.86025651264936 1488.3446599333547 1269.0432991427369 2847.6231866776943 1869.0271767582744 5517.922968904255 6707.4911516718566 1374.8850496783853 864.77188590168953 2749.7422831058502 1262.5367473959923
leaf_count=4964 6286 52557 2730 5625 13428 119132 4701 7110 55331 23305 4923 810 2470 693
internal_value=0.00014179 0.000525052 -0.00135268 -0.000660171 -0.000193659 0.0022318 -0.00915622 0.00506911 -0.00039326 -0.00512713 -0.00955334 0.0121533 -0.0140956 0.00204973
internal_weight=33617 33374.3 27855 27255.7 26973.8 21234.7 5739.06 2891.44 19746.4 14228.5 12959.4 2239.66 10719.8 4012.28
internal_count=304065 299101 246544 243814 238189 220092 18097 13396 206664 151333 32201 5733 26468 3163
is_linear=0
shrinkage=0.05


Tree=75
num_leaves=15
num_cat=0
split_feature=21 26 54 26 48 27 47 47 37 42 42 28 31 27
split_gain=258.55 276.352 292.397 337.114 266.297 309.991 517.111 701.555 766.635 830.762 659.694 536.546 523.908 511.609
threshold=0.7435453236103059 0.42468488216400152 1.0000000180025095e-35 0.57172253727912914 0.48784677684307104 6.325254201889039 4.3630783557891855 4.3173992633819589 0.89587974548339855 1.0000000180025095e-35 1.4978661537170412 2.8617925643920903 0.72771403193473827 6.3135464191436776
decision_type=2 2 2 2 2 2 2 2 2 2 2 2 2 2
left_child=-1 -2 3 -3 -5 6 7 8 12 11 -11 -10 -6 -8
right_child=1 2 -4 4 5 -7 13 -9 9 10 -12 -13 -14 -15
leaf_value=-0.013788195451912427 0.049790015057937342 0.031494814845734916 -0.024173107304242977 -0.013342357987105133 0.03957295580505707 0.016668025190658513 -0.0034852458780488364 0.048771781490917675 0.056954554957213382 -0.047182294376489221 0.026218508147576588 -0.0018937589061231313 0.0067432638093133414 -0.036228687406546216
leaf_weight=3020.5218901592889 283.74436146207154 928.59024473279715 1096.2823125496507 2880.5631667228881 1723.07474759873 3412.9721274767071 7918.9668818627251 926.28931988403201 430.83816856890917 1722.7126359692775 365.00461335852742 3186.3799722772092 4085.5957825221121 1395.1660767868161
leaf_count=114660 5083 4782 8160 6383 11359 8900 84340 4762 1702 2801 2614 26795 13936 7788
internal_value=0.000137852 0.00152762 0.00105584 0.00201836 0.00103159 0.00268145 0.000480454 0.00714852 0.00376044 -0.00925063 -0.0342855 0.00525322 0.0165331 -0.00842349
internal_weight=33376.7 30356.2 30072.4 28976.2 28047.6 25167 21754 12439.9 11513.6 5704.94 2087.72 3617.22 5808.67 9314.13
internal_count=304065 189405 184322 176162 171380 164997 156097 63969 59207 33912 5415 28497 25295 92128
is_linear=0
shrinkage=0.05


Tree=76
num_leaves=15
num_cat=0
split_feature=48 15 22 49 27 47 22 42 37 47 23 29 48 27
split_gain=245.18 228.558 277.951 291.314 426.405 293.347 276.917 1058.6 1172.91 536.172 685.688 532.234 470.336 405.074
threshold=1.0000000180025095e-35 1.0000000180025095e-35 6.7580702304840097 0.62798923254013073 6.3234620094299325 4.3502571582794198 6.8007264137268075 1.0000000180025095e-35 0.89587974548339855 4.3630783557891855 6.1431114673614511 0.19972546398639682 0.7954605519771577 6.3306114673614511
decision_type=2 2 2 2 2 2 2 2 2 2 2 2 2 2
left_child=-1 2 -2 4 -4 -6 13 9 -9 -8 12 -10 -11 -3
right_child=1 6 3 -5 5 -7 7 8 11 10 -12 -13 -14 -15
leaf_value=-0.047556696959427033 -0.053627780622662984 0.00045337228513715944 -0.003129281271823508 0.02722279765217352 0.046966712224854087 -0.048385942504325881 0.040308764928342337 0.028702631347560244 -0.05816127995094475 -0.042273131511814763 0.045194441840781217 0.019568384283750392 0.011284438570550512 -0.060686848956624788
leaf_weight=257.2927859731135 294.00095974188298 17116.315258473682 6354.5647541703656 638.76849455479532 81.277509238570929 832.62637531757355 2510.0720721930265 881.34278964996338 1194.2818151712418 684.34180495887995 804.06468012928963 264.30188632011414 993.11436057090759 265.26195856742561
leaf_count=4745 28189 224445 29878 5825 647 1184 3729 955 688 625 1288 130 899 838
internal_value=0.000137263 0.000524419 -0.0067033 -0.00489306 -0.00774899 -0.0394892 0.00292474 0.011067 -0.016635 0.0240603 0.00752905 -0.044039 -0.0106862 -0.000514053
internal_weight=33171.6 32914.3 8201.24 7907.24 7268.47 913.904 24713.1 7331.52 2339.93 4991.59 2481.52 1458.58 1677.46 17381.6
internal_count=304065 299320 65723 37534 31709 1831 233597 8314 1773 6541 2812 818 1524 225283
is_linear=0
shrinkage=0.05


Tree=77
num_leaves=15
num_cat=0
split_feature=21 46 41 42 0 32 31 32 32 29 37 27 46 48
split_gain=232.536 252.335 226.934 700.714 239.486 228.782 487.594 374.05 369.751 390.306 314.83 635.163 301.595 296.543
threshold=0.77077347040176403 0.48025973141193395 0.90454545617103588 1.4978661537170412 0.0083683477714657801 6.1516542434692392 0.85729259252548229 6.1441833972930917 6.0821251869201669 0.77879220247268688 4.1908013820648202 3.4334666728973393 0.78762757778167736 0.79832497239112865
decision_type=2 2 2 2 2 2 2 2 2 2 2 2 2 2
left_child=-1 -2 3 4 5 7 -7 8 9 10 12 -12 -3 -14
right_child=1 2 -4 -5 -6 6 -8 -9 -10 -11 11 -13 13 -15
leaf_value=-0.0084346854791748707 0.041010130090970418 0.0020302919139937874 -0.022492377899573621 0.046310042006560553 0.011929150800363528 -0.071356278470230586 0.019166218784948841 -0.056036464823220049 0.044503684815107226 -0.072718126504905931 -0.024659573136756558 0.047096508636311221 -0.026583941081622087 -0.0050873167461748664
leaf_weight=6380.1463999152766 402.04274800140411 8296.5790696936892 934.33957199752331 869.86921246023849 4083.594847313012 149.57482353411615 2231.983811000362 319.52644785493612 402.73349872976542 190.63857773505151 478.8728501200676 831.57237193919718 2327.0043055112474 5137.9017355283722
leaf_count=140346 4983 43058 4686 9120 24252 399 5798 1939 12129 5311 1471 12141 8249 30183
internal_value=0.000132042 0.00218487 0.00157494 0.00247159 0.000893628 -0.00132384 0.0132063 -0.0032542 -0.00226832 -0.00338464 -0.00256829 0.0208867 -0.00453039 -0.011815
internal_weight=33036.4 26656.2 26254.2 25319.9 24450 20366.4 2381.56 17984.8 17665.3 17262.6 17071.9 1310.45 15761.5 7464.91
internal_count=304065 163719 158736 154050 144930 120678 6197 114481 112542 100413 95102 13612 81490 38432
is_linear=0
shrinkage=0.05


Tree=78
num_leaves=15
num_cat=0
split_feature=18 1 31 36 37 33 37 22 22 28 48 32 22 43
split_gain=230.308 205.497 218.807 212.323 369.153 246.722 289.321 486.55 679.904 757.966 704.506 661.442 793.343 534.749
threshold=3.9019216299057011 0.0093898782506585139 0.95958429574966442 0.8525926172733308 4.0689902305603036 4.0517470836639413 1.0000000180025095e-35 6.7804884910583505 6.8007264137268075 2.8617925643920903 0.7817850410938264 1.8688347935676577 6.7984981536865243 3.8815106153488164
decision_type=2 2 2 2 2 2 2 2 2 2 2 2 2 2
left_child=-1 2 3 5 -5 6 7 -2 11 10 13 -9 -13 -10
right_child=1 -3 -4 4 -6 -7 -8 8 9 -11 -12 12 -14 -15
leaf_value=-0.050001176900407875 0.040101640931731221 0.010739073349016789 -0.03779347788835935 0.034149322778208598 -0.01562797929439803 0.038742196454486517 -0.0064296124905608952 0.04562929063262975 0.015038861863317815 0.041563348715507833 0.030315247323915481 0.0062573055426061869 -0.032944996647815271 -0.055557285213840457
leaf_weight=217.53859371592989 860.76872024557088 4235.2195594013901 389.56082575768232 1064.4526512068696 562.78937346953899 363.46156636066735 15815.84644191782 481.03211175277829 421.96750311553478 1741.9446086734533 863.99265860021114 2364.9812805596739 2823.5487200915813 709.764703810215
leaf_count=4964 102047 40915 8173 18386 7360 4176 92721 2678 680 2130 986 14575 3758 516
internal_value=0.0001282 0.00047688 -0.00105328 -0.000530203 0.0169433 -0.0016113 -0.00218824 0.00434467 0.00103377 0.0175629 -0.0034883 -0.00987485 -0.0150986 -0.0293343
internal_weight=32916.9 32699.3 28464.1 28074.6 1627.24 26447.3 26083.8 10268 9407.23 3737.67 1995.72 5669.56 5188.53 1131.73
internal_count=304065 299101 258186 250013 25746 224267 220091 127370 25323 4312 2182 21011 18333 1196
is_linear=0
shrinkage=0.05


Tree=79
num_leaves=15
num_cat=0
split_feature=18 48 22 42 37 47 48 28 34 48 42 41 36 43
split_gain=218.602 196.044 190.188 899.47 1482.46 732.831 720.289 742.922 886.246 453.528 331.689 566.973 401.008 371.067
threshold=3.9019216299057011 1.0000001788139345 6.8007264137268075 1.0000000180025095e-35 0.89587974548339855 6.1954247951507577 0.79832497239112865 6.01249122619629 0.59773731231689464 0.55434969067573558 1.0000000180025095e-35 0.90454545617103588 0.25137363374233251 3.5694335699081425
decision_type=2 2 2 2 2 2 2 2 2 2 2 2 2 2
left_child=-1 2 10 5 -5 -4 7 -7 -9 -6 12 -12 -2 -14
right_child=1 -3 3 4 9 6 -8 8 -10 -11 11 -13 13 -15
leaf_value=-0.049797925411211239 0.036019673758592295 -0.02475523748579924 0.031157274566109928 0.028119233374196945 -0.020458591301884172 -0.055421424385171253 0.03998864137352498 0.051280777831291424 -0.064604504312757022 -0.070074335860703579 0.023229473934856869 -0.020052220026592571 0.016797080164763886 -0.0077872881968902566
leaf_weight=207.79233265365474 591.02667930931784 742.8906883765012 3916.809031508863 1213.4439019858837 1051.3142648339272 824.54965731501579 624.23335041105747 494.0725504308939 235.54968136548996 826.82752776145935 2867.7341180401854 1017.9452088028193 1683.3878798917867 16444.81533916347
leaf_count=4964 5361 3345 6127 1296 564 473 772 733 146 504 27700 5046 24352 222682
internal_value=0.000128238 0.00046231 0.00105918 0.00712135 -0.0148153 0.018254 -0.00498271 -0.0231856 0.013501 -0.0425567 -0.00140659 0.0118684 -0.00416705 -0.00549638
internal_weight=32742.4 32534.6 31791.7 9186.8 3091.59 6095.21 2178.41 1554.17 729.622 1878.14 22604.9 3885.68 18719.2 18128.2
internal_count=304065 299101 295756 10615 2364 8251 2124 1352 879 1068 285141 32746 252395 247034
is_linear=0
shrinkage=0.05


Tree=80
num_leaves=15
num_cat=0
split_feature=21 26 54 37 46 43 36 37 22 22 49 25 42 36
split_gain=211.419 263.255 259.315 269.447 254.188 386.956 349.313 549.26 313.886 435.723 325.457 310.17 257.199 629.989
threshold=0.69196265935897838 0.42468488216400152 1.0000000180025095e-35 1.0000000180025095e-35 0.76950746774673473 3.979637980461121 0.70511272549629223 1.8688347935676577 6.7804884910583505 6.7580702304840097 0.14444506168365481 0.032080413773655898 1.0000000180025095e-35 0.57402297854423534
decision_type=2 2 2 2 2 2 2 2 2 2 2 2 2 2
left_child=-1 -2 4 -4 -3 -6 8 -8 9 10 -7 -9 -10 -14
right_child=1 2 3 -5 5 6 7 11 12 -11 -12 -13 13 -15
leaf_value=-0.019643852685559043 0.047658855426116128 0.0072003954676054353 0.054360663422857274 -0.03046757001122798 -0.022906022456780847 0.027238149965666036 0.039951835039970025 -0.028076945255131682 -0.0078008409070357962 0.04828481658861021 -0.056003436604481587 0.034151163557264802 -0.0067648656439510506 0.05465708870573005
leaf_weight=1288.5713299986674 288.7231779564172 11525.252790509141 93.74894480407238 1030.1521774083376 2011.8760768584907 223.86882399616297 1276.0801004281966 678.82657473138534 11000.425739590079 661.72308665281162 227.11485378083307 272.83483457495458 1377.0245819762349 587.97686004266143
leaf_count=60589 5387 117303 514 7880 6414 6337 7410 9476 36927 26650 6904 4516 5253 2505
internal_value=0.000124632 0.000945647 0.000494867 -0.0229747 0.00138614 -0.00227403 0.000284094 0.018635 -0.00263094 0.0227352 -0.0149877 -0.010067 -0.00482373 0.0117978
internal_weight=32544.2 31255.6 30966.9 1123.9 29843 18317.8 16305.9 2227.74 14078.1 1112.71 450.984 951.661 12965.4 1965
internal_count=304065 243476 238089 8394 229695 112392 105978 21402 84576 39891 13241 13992 44685 7758
is_linear=0
shrinkage=0.05


Tree=81
num_leaves=15
num_cat=0
split_feature=15 26 49 37 29 27 29 36 28 27 28 24 46 46
split_gain=205.041 215.975 201.467 191.247 180.975 175.025 169.397 243.595 215.866 256.279 345.215 284.999 196.269 280.639
threshold=0.014925781171768905 0.89168170094490062 0.54977086186409008 4.49422311782837 0.94231101870536815 6.3288288116455087 0.93993794918060314 0.62145593762397777 6.01249122619629 6.3234620094299325 3.1567740440368657 0.44791819155216223 0.53740674257278453 0.60393342375755321
decision_type=2 2 2 2 2 2 2 2 2 2 2 2 2 2
left_child=1 2 3 6 -3 -2 8 -8 9 11 -11 12 -1 -14
right_child=5 4 -4 -5 -6 -7 7 -9 -10 10 -12 -13 13 -15
leaf_value=-0.014670627464919565 0.0038866181019578151 -0.013711030946016263 0.015453242284469088 0.0357467617971177 -0.065066112415898339 0.025763722025193156 0.027959884220117422 -0.051298696937989913 0.021071782909550613 0.015738912464181305 -0.043263920820433399 0.034340604976374069 0.024101074935491407 -0.0028763548897256055
leaf_weight=3129.1038492748048 8752.9711008143495 806.86504193162546 1625.2334534986876 306.75777845550328 210.89338262099773 1011.7278858330101 121.9442024435848 378.99506592284888 902.85487428866327 343.25970904901624 843.64800084009767 505.47140998044051 1034.9964412581176 12432.109523699735
leaf_count=25516 99638 9844 42889 3772 4558 2063 334 454 2364 1626 1603 28884 10165 70355
internal_value=0.000124808 -0.00248701 -0.00142196 -0.00280036 -0.024882 0.00617736 -0.00341867 -0.0318351 -0.00266075 -0.00384323 -0.0262111 -0.00227642 -0.00341168 -0.000786696
internal_weight=32406.8 22642.1 21624.4 19999.1 1017.76 9764.7 19692.4 500.939 19191.4 18288.6 1186.91 17101.7 16596.2 13467.1
internal_count=304065 202364 187962 145073 14402 101701 141301 788 140513 138149 3229 134920 106036 80520
is_linear=0
shrinkage=0.05


Tree=82
num_leaves=15
num_cat=0
split_feature=21 23 36 33 27 43 28 44 49 28 33 42 38 37
split_gain=200.929 226.914 224.871 241.975 212.342 282.411 254.995 239.473 323.499 253.582 463.954 231.279 457.784 210.256
threshold=0.77077347040176403 2.6020033359527592 0.20714285969734195 1.2424533367156985 6.325254201889039 6.0556118488311776 2.4414010047912602 0.23503513634204867 0.79443722963333141 6.0149362087249765 1.0000000180025095e-35 1.4978661537170412 2.2499048709869389 4.1908013820648202
decision_type=2 2 2 2 2 2 2 2 2 2 2 2 2 2
left_child=-1 -2 3 -3 5 11 -7 -6 9 10 -9 13 -13 -4
right_child=1 2 4 -5 7 6 -8 8 -10 -11 -12 12 -14 -15
leaf_value=-0.0079000761683478988 0.030942068569999856 0.051047093636058971 -0.0025515243451128041 -0.039011042437418819 0.032610675038503741 0.043277684028286717 -0.025179546898275437 0.040555901161659691 0.044029594420110195 0.0057714540868093441 -0.062724314090127506 0.044717735955239132 -0.011714285960942086 0.017679533214426595
leaf_weight=6280.6073584167752 652.61678483337164 395.80672691063955 16718.891826949082 83.598471634089947 997.56235527805984 138.68199079856277 1712.1236267639324 143.21587644517422 406.79712031409144 1597.0970247276127 377.58109197020531 800.71166328433901 639.46602787077427 1381.0699728429317
leaf_count=140346 6615 1525 108622 127 3032 398 10553 291 1298 3590 424 9018 4096 14130
internal_value=0.000120119 0.00205642 0.00130214 0.0348666 0.000642526 -0.00123234 -0.019845 0.012 0.00375973 -0.00414573 -0.0340939 0.000539866 0.0197529 -0.000998937
internal_weight=32325.8 26045.2 25392.6 479.405 24913.2 21390.9 1850.81 3522.25 2524.69 2117.89 520.797 19540.1 1440.18 18100
internal_count=304065 163719 157104 1652 155452 146817 10951 8635 5603 4305 715 135866 13114 122752
is_linear=0
shrinkage=0.05


Tree=83
num_leaves=15
num_cat=0
split_feature=18 0 48 27 28 56 33 31 47 37 37 22 37 44
split_gain=199.016 184.748 192.051 175.207 694.592 386.868 459.9 729.762 353.4 346.973 329.139 735.468 455.595 485.821
threshold=3.9019216299057011 0.0083683477714657801 1.0000001788139345 3.4334666728973393 2.4414010047912602 1.0000000180025095e-35 1.0000000180025095e-35 0.74752378463745128 4.182021141052247 1.0000000180025095e-35 1.2424533367156985 6.7804884910583505 1.8688347935676577 0.76594167947769176
decision_type=2 2 2 2 2 2 2 2 2 2 2 2 2 2
left_child=-1 2 3 5 -5 6 7 -2 -7 -10 11 -6 -12 -14
right_child=1 -3 -4 4 10 8 -8 -9 9 -11 12 -13 13 -15
leaf_value=-0.049436673815160953 0.044949922952827952 0.0089271708317687094 -0.029457116892149911 0.035559500945186485 0.030244363977045576 -0.020046568047796684 -0.029684191807266582 -0.027924447601204491 -0.0011590778068007513 0.05497430273862508 0.043983011294523533 -0.0087934502001235527 0.0089144889142617582 -0.044699363955109948
leaf_weight=191.32378881843761 637.24106159806252 5324.4280461329035 580.7205405998975 1385.5163139007054 1325.2061916149105 570.11958032846451 2529.6218987852335 722.46174265444279 525.75679996609688 566.94034183770418 805.01986227429006 12525.967643823475 4067.8180378836114 461.42612690199167
leaf_count=4964 3884 52557 2730 13440 123126 462 11202 777 929 1263 4605 32322 49725 2079
internal_value=0.000120558 0.000431931 -0.00126463 -0.000626872 0.0015013 -0.00850037 -0.0171175 0.00630783 0.011637 0.0281999 -0.000975529 -0.0050394 0.00956656 0.00336603
internal_weight=32219.6 32028.2 26703.8 26123.1 20571 5552.14 3889.32 1359.7 1662.82 1092.7 19185.4 13851.2 5334.26 4529.24
internal_count=304065 299101 246544 243814 225297 18517 15863 4661 2654 2192 211857 155448 56409 51804
is_linear=0
shrinkage=0.05


Tree=84
num_leaves=15
num_cat=0
split_feature=48 36 22 15 22 42 37 29 47 31 48 27 32 18
split_gain=189.564 177.448 183.788 183.081 253.756 865.632 931.701 501.182 440.947 557.838 527.726 357.59 362.55 337.92
threshold=1.0000000180025095e-35 0.90856844186782848 6.7804884910583505 1.0000000180025095e-35 6.8007264137268075 1.0000000180025095e-35 0.89587974548339855 0.19972546398639682 4.3630783557891855 0.85729259252548229 0.7954605519771577 6.3306114673614511 6.1622610092163095 6.5715825557708749
decision_type=2 2 2 2 2 2 2 2 2 2 2 2 2 2
left_child=-1 3 -3 -2 11 8 -7 -8 -6 10 -10 12 -5 -12
right_child=1 2 -4 4 5 6 7 -9 9 -11 13 -13 -14 -15
leaf_value=-0.045845144289524985 -0.0068074648440008033 -0.03253669817951603 0.034823416592477299 -0.0017831096243550463 0.037800359573040843 0.026310632186587676 -0.054793706859596739 0.021160249695863928 -0.040895432322970299 0.045195585359236172 -0.018221410190415798 -0.057242927454403028 0.038324609968942061 0.040340322200930076
leaf_weight=212.7557043301058 7727.2136282685678 112.02796767925611 632.77251683920622 15618.341975332412 2308.2293538153172 825.71561414003372 1129.6949453949928 262.62490367889404 707.84179460257292 674.71183791011572 423.0917860865593 270.85821230895817 574.51963806897402 564.91882367432117
leaf_count=4745 63911 2710 5631 216329 3469 955 688 130 660 1134 432 838 1849 584
internal_value=0.000119061 0.000440568 0.0243947 -0.000140986 0.00206612 0.0101102 -0.0155703 -0.0404182 0.0222915 0.00709511 -0.00823962 -0.0013077 -0.000337321 0.0153314
internal_weight=32045.3 31832.6 744.8 31087.8 23360.5 6896.83 2218.04 1392.32 4678.79 2370.56 1695.85 16463.7 16192.9 988.011
internal_count=304065 299320 8341 290979 227068 8052 1773 818 6279 2810 1676 219016 218178 1016
is_linear=0
shrinkage=0.05


Tree=85
num_leaves=15
num_cat=0
split_feature=18 1 46 48 37 48 22 33 37 32 27 32 42 31
split_gain=180.497 170.659 176.058 166.924 160.145 165.988 473.681 384.841 325.951 339.79 747.512 453.85 282.42 329.395
threshold=3.9019216299057011 0.0093898782506585139 0.95424106717109691 1.0000001788139345 4.49422311782837 0.7817850410938264 6.8007264137268075 2.0126758217811589 4.1908013820648202 6.1516542434692392 6.3306114673614511 6.1441833972930917 1.7005987167358401 0.66450217366218578
decision_type=2 2 2 2 2 2 2 2 2 2 2 2 2 2
left_child=-1 2 3 4 5 12 8 -8 9 11 -11 -7 13 -2
right_child=1 -3 -4 -5 -6 6 7 -9 -10 10 -12 -13 -14 -15
leaf_value=-0.049071699472084632 0.0071971782841754074 0.0098891960104477428 -0.049038906267772561 -0.026650752178455108 0.0322273247128795 -0.0037542781221287336 0.028204023878902043 -0.065345449193745173 0.047018410223764087 0.045421924740383285 -0.054132796030724156 -0.058580154729689408 0.037379231075381589 -0.0099233355683394937
leaf_weight=175.42176162282703 3844.8411306444323 4115.7828590886202 179.51892796251923 595.11199375987053 367.82391717238352 7726.4661610324401 2267.2697120606899 106.22149774432182 328.5554321249947 836.98531311750412 233.45622881129384 386.98245119303465 388.80088057741523 10362.955978023587
leaf_count=4964 94620 40915 4596 2491 4911 98571 2879 58 4900 3672 338 2346 5411 33393
internal_value=0.000116474 0.000403692 -0.0010126 -0.000680715 -9.54068e-05 -0.000556342 0.00382858 0.0237608 -0.00116452 -0.00293754 0.0234096 -0.00643817 -0.00412714 -0.00528847
internal_weight=31916.2 31740.8 27625 27445.5 26850.4 26482.5 11885.9 2373.49 9512.45 9183.89 1070.44 8113.45 14596.6 14207.8
internal_count=304065 299101 258186 253590 251099 246188 112764 2937 109827 104927 4010 100917 133424 128013
is_linear=0
shrinkage=0.05


Tree=86
num_leaves=15
num_cat=0
split_feature=21 26 54 26 37 48 27 47 47 37 42 28 42 31
split_gain=175.135 226.514 229.34 261.523 228.676 208.208 249.728 370.675 608.885 568.047 575.773 482.284 476.618 462.944
threshold=0.7435453236103059 0.42468488216400152 1.0000000180025095e-35 0.57172253727912914 1.0000000180025095e-35 0.48784677684307104 6.325254201889039 4.3630783557891855 4.3173992633819589 0.89587974548339855 1.0000000180025095e-35 2.8617925643920903 1.4978661537170412 0.71119534969329845
decision_type=2 2 2 2 2 2 2 2 2 2 2 2 2 2
left_child=-1 -2 3 -3 -4 -5 7 8 9 13 11 -11 -12 -7
right_child=1 2 4 5 -6 6 -8 -9 -10 10 12 -13 -14 -15
leaf_value=-0.011544914412004363 0.048731119883636757 0.029127344414203712 0.053129039267268335 -0.011981700223093038 -0.028887144032293085 0.041854044071381907 0.015341986327696157 -0.0072644576006898401 0.047185158456423043 0.05575928478799827 -0.041494758199238972 -0.0028506278978039003 0.02371398688852748 0.0067160444334045909
leaf_weight=2915.9041250283481 239.46480110660195 835.97174200601876 83.917125105857849 2801.6836514676688 968.99092062562704 1192.395838579163 3215.9224294852465 8969.7035820803721 832.36175553500652 385.0274913161993 1599.2002952736802 3142.0474905497395 332.44026932306588 4277.8306439789012
leaf_count=114660 5083 4782 493 6383 7667 10169 8900 92128 4762 1702 2801 26795 2614 15126
internal_value=0.000111818 0.00129247 0.000878917 0.00175648 -0.0219121 0.000890494 0.00240086 0.000386918 0.00622342 0.00306344 -0.00834046 0.00368698 -0.0302078 0.0144378
internal_weight=31792.9 28877 28637.5 27584.6 1052.91 26748.6 23946.9 20731 11761.3 10928.9 5458.72 3527.07 1931.64 5470.23
internal_count=304065 189405 184322 176162 8160 171380 164997 156097 63969 59207 33912 28497 5415 25295
is_linear=0
shrinkage=0.05


Tree=87
num_leaves=15
num_cat=0
split_feature=36 36 36 37 31 48 27 47 47 32 27 27 22 19
split_gain=169.829 222.144 170.333 183.181 429.354 434.832 374.759 271.666 442.988 387.572 372.607 348.386 506.221 296.946
threshold=0.10441888496279718 0.10912698507308961 0.90856844186782848 1.0000000180025095e-35 0.66774892807006847 0.49757225811481481 5.478551149368287 4.182021141052247 4.8674161434173593 6.0821251869201669 5.478551149368287 6.3306114673614511 6.8007264137268075 0.57015338540077221
decision_type=2 2 2 2 2 2 2 2 2 2 2 2 2 2
left_child=-1 -2 3 4 6 -6 -3 10 -9 -10 -7 -11 13 -13
right_child=1 2 -4 -5 5 7 -8 8 9 11 -12 12 -14 -15
leaf_value=-0.042076916004927911 0.046379623483879417 0.042264628851836572 0.023842928115947938 -0.0035545672983890485 -0.027729933944279375 0.012654174375145653 0.00041634628734798612 0.019937141392683301 -0.019777572252147334 0.033004995574631532 -0.042097802016075804 -0.10822094691506745 0.050281018987895977 -0.0073073642542694425
leaf_weight=226.73529311903985 250.86649309296627 1242.3298341480549 724.28771336720092 18907.097664372064 1235.8726503712824 559.27951735071838 934.30063854902983 3606.2736374298111 1924.7867511857185 892.81164776720107 679.11259120702744 142.40353412926197 153.09752434492111 142.71693850308657
leaf_count=4720 903 94285 8341 138190 2770 2634 4489 12214 18267 15312 1042 288 288 322
internal_value=0.000113585 0.000431584 4.67068e-05 -0.000527519 0.00444239 -0.000228192 0.0243857 0.0039967 0.00789011 -0.00547385 -0.0174676 0.0152038 -0.0209909 -0.0596679
internal_weight=31622 31395.2 31144.4 30420.1 11513 9336.35 2176.63 8100.48 6862.09 3255.82 1238.39 1331.03 438.218 285.12
internal_count=304065 299345 298442 290101 151911 53137 98774 50367 46691 34477 3676 16210 898 610
is_linear=0
shrinkage=0.05


Tree=88
num_leaves=15
num_cat=0
split_feature=21 23 27 43 44 49 27 27 28 33 28 47 47 32
split_gain=169.755 183.093 174.556 253.536 226.925 283.232 213.687 286.574 210.204 383.073 204.156 198.353 355.975 392.573
threshold=0.77464780211448681 2.6020033359527592 6.325254201889039 6.0556118488311776 0.23503513634204867 0.77525535225868236 6.3234620094299325 6.3198649883270273 6.0149362087249765 1.0000000180025095e-35 2.4414010047912602 4.2972624301910409 4.3630783557891855 3.3842465877532963
decision_type=2 2 2 2 2 2 2 2 2 2 2 2 2 2
left_child=-1 -2 3 6 -4 8 7 11 9 -6 -5 -3 13 -13
right_child=1 2 4 10 5 -7 -8 -9 -10 -11 -12 12 -14 -15
leaf_value=-0.0069530246752688794 0.029781168782125108 -0.0030807467235471325 0.032762807362081578 0.041144752335498844 0.04032089543793891 0.040202647996081642 -0.02983523922563527 0.055221649381156493 0.0051072399518179261 -0.058179478820885457 -0.022876774511511787 -0.002253002043274208 0.00057768216476116482 0.039562060636049196
leaf_weight=6685.9650149854133 569.99393229931593 10287.777113702148 931.07541728205979 125.38611947372556 126.42613902315497 428.49399558082223 524.08422785997391 241.80782522261143 1507.3586969058961 361.23381991684437 1677.0899939620867 905.3202644996345 5658.1464010142372 1462.6981959138066
leaf_count=145045 6316 55177 3004 392 278 1397 2291 1584 3465 405 10525 2439 62266 9481
internal_value=0.000111894 0.00201807 0.00135313 -0.00034959 0.0119221 0.00381373 0.00134737 0.00224368 -0.00416348 -0.0323461 -0.0182208 0.00151443 0.00740094 0.0236334
internal_weight=31492.9 24806.9 24236.9 20882.3 3354.59 2423.51 19079.8 18555.7 1995.02 487.66 1802.48 18313.9 8026.16 2368.02
internal_count=304065 159020 152704 144155 8549 5545 133238 130947 4148 683 10917 129363 74186 11920
is_linear=0
shrinkage=0.05


Tree=89
num_leaves=15
num_cat=0
split_feature=0 27 28 32 37 32 27 47 27 47 27 36 36 37
split_gain=165.056 246.083 232.859 223.159 373.406 317.98 395.822 195.504 347.878 357.151 498.605 287.972 282.044 262.143
threshold=0.0083683477714657801 2.9700856208801274 1.0000000180025095e-35 1.8688347935676577 4.4365937709808358 2.0126758217811589 3.0201274156570439 4.1971738338470468 5.478551149368287 6.1933839321136483 5.463822841644288 0.4494126588106156 0.25137363374233251 1.0000000180025095e-35
decision_type=2 2 2 2 2 2 2 2 2 2 2 2 2 2
left_child=1 2 -1 4 -3 -5 -7 11 9 10 12 -8 -9 -14
right_child=-2 3 -4 5 -6 6 7 8 -10 -11 -12 -13 13 -15
leaf_value=-0.039460548320191982 0.0082208260958158263 0.044674036160509273 0.046598817253174885 -0.036271008749820359 -0.015297703404375028 0.048776914004481198 -0.052998537503103495 0.038771182600593958 -0.003591361898824526 -0.042067376821656177 0.047816862707694988 -0.0069688244170777354 0.023394677496029082 -0.006684657600876092
leaf_weight=663.58534190506907 5220.9528293622425 659.25016000494361 80.491940274834633 636.0617313683033 417.39774473011494 387.18602958321571 357.88981435634196 594.48838893976063 13094.502196575981 284.41953179240227 915.19076348660747 4528.7266384083778 999.70853201719001 2553.3490421581082
leaf_count=4866 53041 5323 1026 649 1237 973 662 3597 71875 444 91986 35410 7196 25780
internal_value=0.000112316 -0.00150773 -0.0296564 -0.000672707 0.0214972 -0.00166132 -0.000718175 -0.00156021 0.000797472 0.0115318 0.0146199 -0.0104413 0.00719738 0.00182054
internal_weight=31393.2 26172.2 744.077 25428.2 1076.65 24351.5 23715.5 23328.3 18441.7 5347.16 5062.74 4886.62 4147.55 3553.06
internal_count=304065 251024 5892 245132 6560 238572 237923 236950 200878 129003 128559 36072 36573 32976
is_linear=0
shrinkage=0.05


Tree=90
num_leaves=15
num_cat=0
split_feature=15 26 49 29 27 37 27 34 27 24 24 27 22 29
split_gain=158.235 176.007 176.321 160.247 155.846 144.664 140.151 286.995 251.476 222.767 194.812 174.408 239.682 133.878
threshold=0.013513822108507158 0.89168170094490062 0.62312960624694835 0.94231101870536815 6.3288288116455087 4.49422311782837 6.2980260848999032 0.37492823600769049 6.3062603473663339 0.24778809398412707 0.8322247862815858 6.3198649883270273 6.7895333766937265 0.57779633998870861
decision_type=2 2 2 2 2 2 2 2 2 2 2 2 2 2
left_child=1 2 5 -3 6 13 9 8 -8 -2 -10 12 -9 -1
right_child=4 3 -4 -5 -6 -7 7 11 10 -11 -12 -13 -14 -15
leaf_value=-0.0018462210350787959 0.0036823064409206318 -0.012469749283719415 0.016983551667829114 -0.062761929881263639 0.023492104216720534 0.033398059632297715 -0.090059346938094254 0.017361967280934504 -0.0045613436136667058 0.036698042004808924 -0.069236470365480668 0.030977449864895069 -0.05227027616856951 -0.017195589626764676
leaf_weight=16916.301031847834 7016.1343508018181 737.31456219917163 1214.3259372627363 194.48772195633501 1032.1381391808391 265.03866436844692 137.13266287744045 293.04828422144055 573.15601365454495 541.37538052716991 136.65036609396338 465.34175346046686 199.42011325806379 1541.2330581126735
leaf_count=111164 47080 9126 28163 4525 2250 3569 1134 3844 3065 51039 174 2369 1208 35355
internal_value=0.000110855 -0.00239947 -0.00140096 -0.0235218 0.00514826 -0.00260179 0.00310304 -0.00938105 -0.0304155 0.00609273 -0.0178014 0.00934062 -0.011314 -0.00313653
internal_weight=31263.1 20868.7 19936.9 931.802 10394.4 18722.6 9362.26 1804.75 846.939 7557.51 709.806 957.81 492.468 18457.5
internal_count=304065 191902 178251 13651 112163 150088 109913 11794 4373 98119 3239 7421 5052 146519
is_linear=0
shrinkage=0.05


Tree=91
num_leaves=15
num_cat=0
split_feature=21 26 54 37 36 33 48 36 19 22 42 22 48 28
split_gain=158.922 206.72 211.861 208.534 197.561 271.011 245.086 191.278 442.415 271.475 354.102 414.191 312.801 296.353
threshold=0.70031708478927623 0.42468488216400152 1.0000000180025095e-35 1.0000000180025095e-35 0.20714285969734195 1.2424533367156985 0.3544753640890122 0.48249898850917822 0.13230790942907336 6.8007264137268075 1.0000000180025095e-35 6.7996129989624032 1.0000001788139345 2.8617925643920903
decision_type=2 2 2 2 2 2 2 2 2 2 2 2 2 2
left_child=-1 -2 4 -4 5 -3 -6 8 -8 10 -9 -12 13 -11
right_child=1 2 3 -5 6 -7 7 9 -10 12 11 -13 -14 -15
leaf_value=-0.016578466891717061 0.046134284459502656 0.049184876479458073 0.052067065039577171 -0.027719084062165833 -0.02127380111078515 -0.030928360338209032 -0.024012865484574483 -0.0032877370598128064 0.010848539575512689 0.0048401857058672868 0.02320223121059432 -0.034970643862023157 -0.024151077129255145 0.027258513137673385
leaf_weight=1355.1555346632376 240.09173752367496 432.73654438916128 80.073507949709892 985.81125250831246 1203.0214722841047 131.05745432036929 2081.8857312293258 13809.394782507035 1602.9341927834321 3133.5297588258982 2485.9086301233619 339.73055863380432 536.69090068340302 2782.6890590712428
leaf_count=68720 5352 2109 508 7871 3655 201 7516 163785 8128 3377 27402 451 248 4742
internal_value=0.000104082 0.000866862 0.000484302 -0.021297 0.00130496 0.0303476 0.000709027 0.00170439 -0.00885948 0.00339348 1.47678e-05 0.0161094 0.01209 0.0154128
internal_weight=31200.7 29845.6 29605.5 1065.88 28539.6 563.794 27975.8 26772.8 3684.82 23087.9 16635 2825.64 6452.91 5916.22
internal_count=304065 235345 229993 8379 221614 2310 219304 215649 15644 200005 191638 27853 8367 8119
is_linear=0
shrinkage=0.05


Tree=92
num_leaves=15
num_cat=0
split_feature=18 15 49 22 27 32 44 28 31 32 37 27 26 22
split_gain=153.743 149.463 204.103 317.712 386.89 261.624 234.987 221.168 261.555 223.283 227.497 211.184 180.623 231.444
threshold=3.9019216299057011 1.0000000180025095e-35 0.05279520899057389 6.8007264137268075 6.3306114673614511 6.1622610092163095 0.49853198230266577 6.01249122619629 0.74560862779617321 1.8688347935676577 4.1908013820648202 6.2980260848999032 0.91332608461380016 6.7962646484375009
decision_type=2 2 2 2 2 2 2 2 2 2 2 2 2 2
left_child=-1 12 6 4 5 -4 7 8 -3 -10 11 -11 13 -2
right_child=1 2 3 -5 -6 -7 -8 -9 9 10 -12 -13 -14 -15
leaf_value=-0.04849328241803505 0.010092365854059661 0.0047695652625081957 0.0028417679814770492 0.02468237316455785 -0.057807180243779871 0.043453394027928749 -0.034935879536580193 0.032834671154990731 0.045879563996053363 -0.011385706105304301 0.040600484546704174 -0.056340061248004038 -0.046742425155906681 -0.0096504688376441369
leaf_weight=151.9117629955872 2035.502630627132 6826.2216889926931 7269.0539576446754 2155.1790240481496 242.78186351247132 409.59023885056376 502.53408705268521 471.54630050202832 163.49237421527505 4724.8508245595731 189.58354251971468 267.57737966999412 248.90271987486631 5408.2706515975296
leaf_count=4964 49282 47310 148507 3207 563 1330 1914 6829 905 18714 2962 1572 5382 10624
internal_value=0.000102162 0.000356555 0.00235762 0.00770796 0.00306444 0.00506175 -0.0017463 -0.000400543 -0.00171401 -0.009987 -0.0118346 -0.0139029 -0.00567941 -0.00424549
internal_weight=31067 30915.1 23222.4 10076.6 7921.43 7678.64 13145.8 12643.3 12171.7 5345.5 5182.01 4992.43 7692.68 7443.77
internal_count=304065 299101 233813 153607 150400 149837 80206 78292 71463 24153 23248 20286 65288 59906
is_linear=0
shrinkage=0.05


Tree=93
num_leaves=15
num_cat=0
split_feature=36 22 47 27 47 22 22 19 47 43 36 28 32 47
split_gain=152.869 167.279 158.403 524.355 370.215 317.693 453.304 627.031 306.74 379.667 288.423 546.225 446.834 812.963
threshold=0.90856844186782848 6.7804884910583505 4.1266138553619394 5.463822841644288 4.1666352748870858 6.7804884910583505 6.7580702304840097 0.41623218357563024 3.9015133380889897 3.113268375396729 0.70511272549629223 2.9700856208801274 3.4175922870635991 4.2835628986358651
decision_type=2 2 2 2 2 2 2 2 2 2 2 2 2 2
left_child=2 -2 3 8 -4 6 7 -6 9 -1 12 -12 13 -7
right_child=1 -3 4 -5 5 10 -8 -9 -10 -11 11 -13 -14 -15
leaf_value=-0.016085739488699777 -0.031137053484859734 0.033518530509344141 0.044664487787987511 0.045092888486378671 0.021371114368965966 0.035823095364196429 0.046010772873345304 -0.068006477551848799 -0.042864803024773863 0.052395303289626494 -0.012227356321994081 0.03256878320586306 -0.0091162075459238264 -0.0021834344288432393
leaf_weight=1456.3193099264172 111.75531106401468 592.35486789792776 461.50608505681157 350.2685873657465 688.59677610569634 1744.2264311071485 867.58920297818258 262.91926794778556 891.69783068448305 224.93323804624379 1170.1792447380722 1602.4750221408904 13468.443790750578 7103.3590991012752
leaf_count=15569 2710 5631 1556 2168 123567 9567 36935 9987 10588 7282 4234 8883 46280 19108
internal_value=9.82845e-05 0.0229642 -0.000440606 -0.0114833 0.000742587 -2.70481e-05 0.0200907 -0.00377579 -0.01933 -0.00666809 -0.00149315 0.0136869 -0.00338448 0.00534121
internal_weight=30996.6 704.11 30292.5 2923.22 27369.3 26907.8 1819.11 951.516 2572.95 1681.25 25088.7 2772.65 22316 8847.59
internal_count=304065 8341 295724 35607 260117 258561 170489 133554 33439 22851 88072 13117 74955 28675
is_linear=0
shrinkage=0.05


Tree=94
num_leaves=15
num_cat=0
split_feature=21 30 49 41 42 42 43 46 28 32 33 36 48 37
split_gain=155.791 159.46 168.491 152.489 493.385 172.061 162.441 192.742 277.551 325.466 178.661 166.919 163.086 222.797
threshold=0.77464780211448681 0.00038969868910498923 0.45333650708198553 0.90454545617103588 1.4978661537170412 1.2424533367156985 6.0718910694122323 0.86763209104537975 6.0149362087249765 6.1441833972930917 1.0000000180025095e-35 0.20714285969734195 0.79832497239112865 1.0000000180025095e-35
decision_type=2 2 2 2 2 2 2 2 2 2 2 2 2 2
left_child=1 -1 -3 4 5 6 7 8 9 11 -11 -2 -13 -14
right_child=3 2 -4 -5 -6 -7 -8 -9 -10 10 -12 12 13 -15
leaf_value=-0.017418934207896222 0.035765290884809002 -0.0052182126040477058 0.022354621934236527 -0.01847472400596609 0.043429301729334589 -0.041511827433617927 0.024790143762256928 -0.006911373683403871 0.032146988852342975 0.01205961366265477 -0.082002656293809983 -0.0016601734751854034 0.02209441641158669 0.0013246555177335593
leaf_weight=2268.1877262211638 374.72033108340111 3657.3915407420718 642.67984183540102 870.67045134678483 711.34469579532743 220.98031878471375 737.00869747530669 5595.606573428493 812.54342247359455 67.775295181199908 164.39002029597759 9219.7413085799781 2075.0620754661504 3394.7944106012583
leaf_count=19042 1583 62024 63979 4592 8857 310 2482 39846 3107 218 477 46137 14692 36719
internal_value=0.000100879 -0.00672373 -0.00105493 0.00195178 0.00272024 0.00142385 0.00186494 0.00107542 0.00385227 0.00232925 -0.0551793 0.00325156 0.00239839 0.00922988
internal_weight=30812.9 6568.26 4300.07 24244.6 23374 22662.6 22441.6 21704.6 16109 15296.5 232.165 15064.3 14689.6 5469.86
internal_count=304065 145045 126003 159020 154428 145571 145261 142779 102933 99826 695 99131 97548 51411
is_linear=0
shrinkage=0.05


Tree=95
num_leaves=15
num_cat=0
split_feature=1 48 20 27 28 36 47 43 48 27 48 48 32 22
split_gain=144.163 134.488 157.729 137.531 586.407 331.538 307.631 397.815 266.191 239.785 234.267 232.723 214.894 209.746
threshold=0.0093898782506585139 1.0000001788139345 5.898322115172051e-07 3.4334666728973393 2.4414010047912602 0.78055557608604442 4.2835628986358651 3.3497501611709599 0.64080294966697704 3.5831329822540288 0.46295100450515753 0.69449833035469066 2.7403194904327397 6.8007264137268075
decision_type=2 2 2 2 2 2 2 2 2 2 2 2 2 2
left_child=1 3 -3 5 -5 6 7 -1 -9 13 -11 -10 -12 -6
right_child=-2 2 -4 4 9 -7 -8 8 11 10 12 -13 -14 -15
leaf_value=-0.022731190418735385 0.008959616269461429 0.069551570143879943 -0.031167014054587619 0.033153389854943233 0.00076992765481806837 -0.046768110421212643 -0.015191762255589995 0.054906004987788838 -0.026123944274686162 -0.018299718769250461 -0.027431430204493585 0.022909970970944642 0.00090956502502129188 0.047138823228658977
leaf_weight=678.89902751601767 3984.499468688271 32.395380403846502 559.51076859608293 1332.6818176652305 506.83688743598759 483.49585210904479 2748.5849983990192 448.6543102953583 318.06347510963678 2026.2693616118049 688.89388321712613 918.49134141951799 15554.082166824664 460.68061742186546
leaf_count=4461 41312 66 2784 14641 1306 6590 4761 3338 1480 16772 1275 2634 200981 1664
internal_value=9.9066e-05 -0.00122322 -0.0245907 -0.000685424 0.00120613 -0.00762779 -0.00384231 0.00936132 0.0223478 -0.00102319 -0.00231291 0.0101892 -0.000308566 0.0231047
internal_weight=30742 26757.5 591.906 26165.6 20569.4 5596.19 5112.69 2364.11 1685.21 19236.8 18269.2 1236.55 16243 967.518
internal_count=304065 262753 2850 259903 236639 23264 16674 11913 7452 221998 219028 4114 202256 2970
is_linear=0
shrinkage=0.05


Tree=96
num_leaves=15
num_cat=0
split_feature=21 27 22 32 46 47 26 27 32 32 27 27 29 44
split_gain=141.744 149.611 163.69 162.44 152.354 149.041 147.496 141.846 226.793 309.791 242.608 274.899 230.975 190.848
threshold=0.77464780211448681 2.9700856208801274 6.5494942665100107 3.7373861074447636 0.85324010252952587 4.3372693061828622 0.42468488216400152 6.325254201889039 6.1441833972930917 6.0821251869201669 6.3234620094299325 6.3198649883270273 0.9313630759716035 0.24132595211267474
decision_type=2 2 2 2 2 2 2 2 2 2 2 2 2 2
left_child=1 -1 -3 -4 5 -5 -2 8 9 10 11 12 -8 -9
right_child=6 2 3 4 -6 -7 7 13 -10 -11 -12 -13 -14 -15
leaf_value=-0.041118794526609014 0.048064473899655111 0.04126950235025862 0.0024103464615676719 -0.0068405514761987578 0.0036724967417489612 -0.032361851025623743 0.00057323347388220467 0.030620750443351438 -0.033648080912775068 0.043216279276293124 -0.03747947581386684 0.054474063458643612 -0.061088026019925107 0.0036589397454219784
leaf_weight=286.76688513444969 161.59128632768989 177.48925986338872 2890.5564347347245 1064.5838687480427 885.57720531336963 1243.5382174970582 18995.882400198258 903.97584193758667 478.61160699278116 411.99626524187624 414.29434721171856 225.13832179456949 143.09656511712819 2340.3738470897079
leaf_count=4787 4089 102014 15549 4226 6988 11481 121625 3036 3427 13845 1405 1584 4496 5513
internal_value=9.71794e-05 -0.00641949 -0.00476735 -0.00617585 -0.0139303 -0.0206709 0.00187168 0.00153957 1.18631e-05 0.000826031 -7.83766e-05 0.00074075 8.05495e-05 0.0112423
internal_weight=30623.5 6548.51 6261.74 6084.26 3193.7 2308.12 24075 23913.4 20669 20190.4 19778.4 19364.1 19139 3244.35
internal_count=304065 145045 140258 38244 22695 15707 159020 154931 146382 142955 129110 127705 126121 8549
is_linear=0
shrinkage=0.05


Tree=97
num_leaves=15
num_cat=0
split_feature=0 27 28 32 37 32 27 47 27 28 27 42 33 36
split_gain=140.159 201.806 202.378 185.84 325.653 256.38 341.685 153.549 279.08 335.573 547.309 358.243 307.213 254.705
threshold=0.0083683477714657801 2.9700856208801274 1.0000000180025095e-35 1.8688347935676577 4.4365937709808358 2.0126758217811589 3.0201274156570439 4.1971738338470468 5.478551149368287 3.3140207529067998 3.6762205362319951 2.4337671995162968 2.6020033359527592 0.4494126588106156
decision_type=2 2 2 2 2 2 2 2 2 2 2 2 2 2
left_child=1 2 -1 4 -3 -5 -7 13 9 10 12 -11 -9 -8
right_child=-2 3 -4 5 -6 6 7 8 -10 11 -12 -13 -14 -15
leaf_value=-0.037080196765910456 0.0076605949986224432 0.043509093587036828 0.045923124464306533 -0.032867320206474614 -0.013447562880556194 0.047197814318683973 -0.050312626258025663 0.019330048683272587 -0.0033008189659317158 0.041218145210837304 -0.037843311104458266 -0.017308196450021126 -0.022669186310722358 -0.0061647550366246808
leaf_weight=624.74892774602631 5089.2716607576585 599.34242790192366 74.453393273055553 626.75462937355042 420.28788316249847 356.35229676216841 343.16153887473047 2327.9521647039801 12839.033704228699 1277.7632260263199 687.94697889732197 322.03749743849039 526.18996879830956 4433.9222346562892
leaf_count=4866 53041 5323 1026 649 1237 973 662 8772 71875 111556 4188 2711 1776 35410
internal_value=9.40558e-05 -0.00142086 -0.0277188 -0.000667357 0.0201292 -0.00156862 -0.000706101 -0.0014766 0.000641714 0.0104733 0.00186513 0.0294025 0.011535 -0.00943459
internal_weight=30549.2 25459.9 699.202 24760.7 1019.63 23741.1 23114.4 22758 17980.9 5141.89 3542.09 1599.8 2854.14 4777.08
internal_count=304065 251024 5892 245132 6560 238572 237923 236950 200878 129003 14736 114267 10548 36072
is_linear=0
shrinkage=0.05


Tree=98
num_leaves=15
num_cat=0
split_feature=36 32 36 36 15 49 22 27 32 28 44 31 22 36
split_gain=134.061 154.114 128.392 172.191 140.875 200.812 290.307 335.761 250.45 207.856 207.25 214.887 304.753 243.065
threshold=0.90856844186782848 4.3026020526885995 0.10441888496279718 0.10912698507308961 1.0000000180025095e-35 0.05279520899057389 6.8007264137268075 6.3306114673614511 6.1622610092163095 6.01249122619629 0.49853198230266577 0.66450217366218578 6.7929053306579599 0.60791924595832836
decision_type=2 2 2 2 2 2 2 2 2 2 2 2 2 2
left_child=2 -2 -1 -4 -5 9 7 8 -7 10 11 -6 -13 -14
right_child=1 -3 3 4 5 6 -8 -9 -10 -11 -12 12 13 -15
leaf_value=-0.040325616869117016 0.033627904456986595 -0.025102213014857589 0.044797415322860995 -0.0064976891278879199 0.0088759851132914781 0.002123888178265696 0.023429250742287792 -0.053492210098291283 0.042730904764533367 0.028716445849788514 -0.036771985103771006 -0.026416383548866593 -0.0072006505943021564 0.015264103412511144
leaf_weight=190.12580061441986 543.66617129649967 132.10011995828245 201.63431822427083 7269.6473127155332 2969.25643533736 6944.4208490121528 2078.9140008091927 249.79946876689792 391.77468144893646 495.75895267724991 454.06205590162426 1586.7574380028527 5371.5817439667881 1541.3028110377491
leaf_count=4720 5543 2798 903 63659 30317 145808 3073 563 1321 6965 1500 23108 8875 4912
internal_value=9.18476e-05 0.0219486 -0.000411917 -0.000141601 -0.000465448 0.00152233 0.00692338 0.00237511 0.00434764 -0.00268324 -0.00401182 -0.00268391 -0.00672792 -0.00217708
internal_weight=30420.8 675.766 29745 29554.9 29353.3 22083.6 9664.91 7585.99 7336.2 12418.7 11923 11468.9 8499.64 6912.88
internal_count=304065 8341 295724 291004 290101 226442 150765 147692 147129 75677 68712 67212 36895 13787
is_linear=0
shrinkage=0.05


Tree=99
num_leaves=15
num_cat=0
split_feature=21 37 22 33 36 22 36 33 45 26 48 32 46 32
split_gain=128.255 177.871 201.831 183.712 171.964 340.949 164.561 228.733 159.19 159.076 228.157 244.165 463.184 429.059
threshold=0.7435453236103059 4.49422311782837 6.7580702304840097 4.3372693061828622 0.8525926172733308 6.7804884910583505 0.20714285969734195 1.2424533367156985 0.00025616522179916506 0.42468488216400152 0.3544753640890122 6.1516542434692392 0.85254529118537914 6.1441833972930917
decision_type=2 2 2 2 2 2 2 2 2 2 2 2 2 2
left_child=8 3 -3 4 6 -6 7 -2 -1 -8 -11 13 -13 -12
right_child=1 2 -4 -5 5 -7 9 -9 -10 10 11 12 -14 -15
leaf_value=-0.030482441978389826 0.048670522993039873 -0.10089483117475528 0.04597534263328118 -0.06021002845268375 -0.009046022005207717 0.038336574130103523 0.046823331998203321 -0.03035547309322971 -0.0031372191116319547 -0.018561900878350964 -0.00029311223872682595 -0.06482802101727396 0.021877758710201738 -0.051074766039149046
leaf_weight=703.4131013181177 352.97415132517926 15.839549965225158 325.44738992489874 113.3466561017558 679.97074096900178 840.67292492650449 165.75651551038027 114.83378393761814 2106.6381332546007 1695.8322033823933 20507.220948007831 156.20156226120889 2155.8322411868721 414.56630878150463
leaf_count=8983 1900 667 4844 244 22939 6770 4477 183 105677 4225 133504 458 6375 2819
internal_value=8.97712e-05 0.00112936 0.0364808 0.000672506 0.00094943 0.0172283 -2.52868e-05 0.0290425 -0.0100661 -0.000578498 -0.000912319 0.000383352 0.0157659 -0.00132327
internal_weight=30348.5 27538.5 341.287 27197.2 27083.9 1520.64 25563.2 467.808 2810.05 25095.4 24929.7 23233.8 2312.03 20921.8
internal_count=304065 189405 5511 183894 183650 29709 153941 2083 114660 151858 147381 143156 6833 136323
is_linear=0
shrinkage=0.05


Tree=100
num_leaves=15
num_cat=0
split_feature=0 27 28 32 37 32 27 48 47 36 43 22 47 28
split_gain=123.859 182.515 187.989 167.607 306.109 219.761 322.36 131.886 154.017 235.501 326.31 246.272 401.672 380.808
threshold=0.0083683477714657801 2.9700856208801274 1.0000000180025095e-35 1.8688347935676577 4.4365937709808358 2.0126758217811589 3.0201274156570439 1.0000001788139345 4.1971738338470468 0.79163843393325817 4.3372693061828622 6.7962646484375009 4.2835628986358651 6.0149362087249765
decision_type=2 2 2 2 2 2 2 2 2 2 2 2 2 2
left_child=1 2 -1 4 -3 -5 -7 8 -8 11 -11 12 -10 -13
right_child=-2 3 -4 5 -6 6 7 -9 9 10 -12 13 -14 -15
leaf_value=-0.035883416480707205 0.0072248021437054848 0.042890513401104231 0.045536227879647603 -0.030624354776614987 -0.012823051571459652 0.046580702900285237 -0.0087931898219518814 -0.025330142617775598 0.052953220924009919 0.043259467001352261 -0.0087358136000413346 -0.0081981585471368849 0.0045366725260282464 0.015261346527452844
leaf_weight=606.01202656209352 5049.7365101740579 572.29279121663421 71.476960919797421 619.83726894855499 421.19824108481407 345.13796415925026 4738.9483560025692 552.80508349277079 472.84726197458804 736.52795148687437 501.61538206815021 9650.4375005383044 3820.6771048171795 2097.6022841930389
leaf_count=4866 53041 5323 1026 649 1237 973 36025 2730 11104 10495 9735 15143 147016 4702
internal_value=8.54223e-05 -0.00134709 -0.026756 -0.000634706 0.0193779 -0.00148732 -0.000686227 -0.00142929 -0.000818002 0.00137301 0.0222931 -0.000254561 0.00997946 -0.00400007
internal_weight=30257.2 25207.4 677.489 24529.9 993.491 23536.4 22916.6 22571.5 22018.7 17279.7 1238.14 16041.6 4293.52 11748
internal_count=304065 251024 5892 245132 6560 238572 237923 236950 234220 198195 20230 177965 158120 19845
is_linear=0
shrinkage=0.05


Tree=101
num_leaves=15
num_cat=0
split_feature=21 46 30 22 27 23 43 47 47 27 37 22 33 27
split_gain=121.789 126.707 125.134 154.046 173.457 173.179 126.531 165.553 151.24 130.456 122.569 178.844 144.506 136.213
threshold=0.77464780211448681 0.48025973141193395 0.00038969868910498923 6.7962646484375009 5.3771395683288583 2.8617925643920903 6.0556118488311776 4.3372693061828622 6.1933839321136483 6.3306114673614511 4.49422311782837 6.7580702304840097 4.3372693061828622 6.325254201889039
decision_type=2 2 2 2 2 2 2 2 2 2 2 2 2 2
left_child=2 -2 -1 4 5 -4 7 -5 9 -9 12 -12 13 -3
right_child=1 10 3 6 -6 -7 -8 8 -10 -11 11 -13 -14 -15
leaf_value=-0.015527599357455821 0.035512502283262713 -0.00027399710966246265 0.036180131843136024 0.00037239472736951885 0.024186139760467427 -0.032630561038207127 0.026019989485326196 -0.0466825010832847 -0.0024841829978874122 0.025047240311708879 -0.093308082566734146 0.044869537443308349 -0.054899368632110083 0.01108034451246806
leaf_weight=2236.7000945429318 264.62544547300786 20003.089717515744 117.82815150078386 1432.6963986139745 972.93100803298876 315.91056973254308 244.62036968395114 622.51936712116003 450.65959784388542 64.200195848941803 16.322794454637915 261.35872720880434 105.2650846131146 3033.1809970680624
leaf_count=19042 4731 141539 1794 2945 113544 5220 408 1411 587 94 656 4038 223 7833
internal_value=8.64591e-05 0.00174646 -0.00599458 -0.000918726 0.0125389 -0.0135436 -0.00766488 -0.0109594 -0.0251124 -0.0397134 0.00134992 0.033786 0.000946286 0.00122519
internal_weight=30141.9 23683.8 6458.07 4221.37 1406.67 433.739 2814.7 2570.08 1137.38 686.72 23419.2 277.682 23141.5 23036.3
internal_count=304065 159020 145045 126003 120558 7014 5445 5037 2092 1505 154289 4694 149595 149372
is_linear=0
shrinkage=0.05


Tree=102
num_leaves=15
num_cat=0
split_feature=1 46 37 18 49 31 46 32 29 36 48 28 31 47
split_gain=119.961 120.79 121.935 132.372 127.094 255.542 216.872 337.262 204.641 324.972 308.664 300.57 211.739 335.391
threshold=0.0093898782506585139 0.95424106717109691 4.49422311782837 5.6149497032165536 0.5211942493915559 0.88655787706375133 0.85728833079338085 6.1322650909423837 0.90652039647102367 0.57402297854423534 0.56822079420089733 6.01249122619629 0.81192350387573253 6.1913387775421151
decision_type=2 2 2 2 2 2 2 2 2 2 2 2 2 2
left_child=1 2 4 -4 8 6 7 -6 11 -10 -11 12 -1 -14
right_child=-2 -3 3 -5 5 -7 -8 -9 9 10 -12 -13 13 -15
leaf_value=-0.0002058320223954184 0.0082455954755987233 -0.042885746478530044 -0.067309159175734351 0.03896803620525275 0.023111333726288957 -0.021120868591150248 0.02982405107250834 -0.046629518866883594 0.025822562238432906 -0.061379928981090161 0.039984356031269805 0.022987689517391878 -0.0065788932682591039 -0.043721371692499511
leaf_weight=16481.42468347252 3905.8269325140864 162.12009823787957 23.316103998571634 295.63540018047206 427.24877817346714 531.36730506364256 1280.3723563458771 277.34834294952452 203.89774926006794 491.48883791267872 81.215264283120632 1174.5521342270076 4056.2682671734365 706.07636345550418
leaf_count=143661 41312 4596 42 4870 48061 4509 14856 1300 749 517 385 8502 29840 865
internal_value=8.29117e-05 -0.001137 -0.000860612 0.0293889 -0.00124714 0.00940352 0.0176397 -0.00460891 -0.00240615 -0.0274736 -0.0465659 -0.00152592 -0.00289143 -0.0121658
internal_weight=30098.2 26192.3 26030.2 318.952 25711.3 2516.34 1984.97 704.597 23194.9 776.602 572.704 22418.3 21243.8 4762.34
internal_count=304065 262753 258157 4912 253245 68726 64217 49361 184519 1651 902 182868 174366 30705
is_linear=0
shrinkage=0.05


Tree=103
num_leaves=15
num_cat=0
split_feature=18 48 21 24 22 42 37 47 48 48 28 34 29 28
split_gain=116.2 111.625 193.809 475.364 144.635 561.395 1059.02 532.809 661.907 449.315 418.125 658.358 311.283 308.258
threshold=3.9019216299057011 1.0000001788139345 0.80628865957260143 0.051642270758748061 6.8007264137268075 1.0000000180025095e-35 0.89587974548339855 4.3630783557891855 0.7954605519771577 0.55434969067573558 6.01249122619629 0.59472483396530162 0.10142096877098085 3.7012257575988774
decision_type=2 2 2 2 2 2 2 2 2 2 2 2 2 2
left_child=-1 4 -3 -4 -2 7 13 -6 10 12 -9 -12 -8 -7
right_child=1 2 3 -5 5 6 9 8 -10 -11 11 -13 -14 -15
leaf_value=-0.047476080464985859 -0.001467230940551458 -0.049742677807968927 0.078240301270998555 -0.034071748542470442 0.03045126915426933 0.042676155835570911 -0.045145780032401446 -0.041836647926686954 0.030172005218743844 -0.065092695381597163 0.049586851849354831 -0.055347703062121612 0.01143638300370025 -0.013758946485616924
leaf_weight=117.91097898897715 20869.574262824492 291.15575326047838 130.74797647818923 275.02728406712413 2879.5849371254444 792.74593716859818 424.58903139829636 949.50966969877481 1033.4702668339014 750.21130877733231 391.88558343797922 228.24908432364464 544.51671069860458 340.61312752962112
leaf_count=4964 285141 1584 439 1322 4919 954 268 800 1653 504 726 153 296 342
internal_value=7.8536e-05 0.000281866 -0.0193506 0.00312858 0.000756826 0.00632036 -0.0116424 0.0156706 -0.000733751 -0.0362932 -0.0211446 0.0106988 -0.0135616 0.0257435
internal_weight=30019.8 29901.9 696.931 405.775 29204.9 8335.38 2852.68 5482.7 2603.11 1719.32 1569.64 620.135 969.106 1133.36
internal_count=304065 299101 3345 1761 295756 10615 2364 8251 3332 1068 1679 879 564 1296
is_linear=0
shrinkage=0.05


Tree=104
num_leaves=15
num_cat=0
split_feature=21 26 37 22 48 37 22 37 32 32 46 48 33 27
split_gain=112.956 159.11 150.882 176.087 157.326 282.827 179.278 172.818 380.038 517.781 447.088 404.497 551.833 324.818
threshold=0.69196265935897838 0.42468488216400152 4.49422311782837 6.7580702304840097 0.3544753640890122 0.89587974548339855 6.7962646484375009 4.4714918136596689 6.1516542434692392 6.1441833972930917 0.85334691405296337 0.7817850410938264 1.0000000180025095e-35 6.3306114673614511
decision_type=2 2 2 2 2 2 2 2 2 2 2 2 2 2
left_child=-1 -2 4 -4 5 6 -3 8 9 -6 11 12 -10 -12
right_child=1 2 3 -5 7 -7 -8 -9 10 -11 13 -13 -14 -15
leaf_value=-0.015126650786797015 0.044400498900322029 0.047278248196206032 -0.090637497989700722 0.043617085102283841 0.00090998125000421582 0.016853018628121684 -0.029110857794730133 -0.023992111737601532 0.027582294207534039 -0.052523054037546126 0.04711319757798315 0.019346314978749987 -0.17756119440497242 0.0031575776239978932
leaf_weight=1164.1146815512038 196.74817504547536 72.49257927632425 17.211015592794865 304.31297411187552 23008.893201135972 549.41844734060578 1380.1860564276576 662.98393365740776 49.629235208034515 452.49357316270471 1144.9977780431509 146.79487594775856 74.611087642610073 663.10797536000609
leaf_count=60589 5387 1882 672 4843 214637 2956 1781 886 165 3057 4993 510 187 1520
internal_value=7.44277e-05 0.000695543 0.000378662 0.0339133 -1.54927e-05 -0.0134892 -0.0250017 0.00101873 0.0016771 -0.000142506 0.0221122 -0.0368122 -0.0996641 0.0310989
internal_weight=29888 28723.9 28527.1 321.524 28205.6 2002.1 1452.68 26203.5 25540.5 23461.4 2079.14 271.035 124.24 1808.11
internal_count=304065 243476 238089 5515 232574 6619 3663 225955 225069 217694 7375 862 352 6513
is_linear=0
shrinkage=0.05


Tree=105
num_leaves=15
num_cat=0
split_feature=15 26 49 48 48 47 48 47 22 22 48 26 27 48
split_gain=111.209 133.887 140.594 128.305 149.331 190.751 281.042 270.987 296.58 221.217 186.048 194.232 173.666 150.848
threshold=0.012987286783754827 0.89168170094490062 0.62312960624694835 0.94975945353508007 0.7817850410938264 4.1971738338470468 0.93739813566207897 4.3630783557891855 6.8007264137268075 6.7962646484375009 0.77378374338150036 0.66735824942588817 5.478551149368287 0.86983224749565136
decision_type=2 2 2 2 2 2 2 2 2 2 2 2 2 2
left_child=1 2 3 4 10 6 12 -7 9 -9 -1 -12 -6 -10
right_child=-2 -3 -4 -5 5 7 -8 8 13 -11 11 -13 -14 -15
leaf_value=-0.0031034346091929257 0.0042975954014835274 -0.02134382126215998 0.015918112823224497 -0.01526570916727478 -0.031373026119597046 0.027041032468323185 0.092990044256153814 0.015428178049039199 0.0081538706970546732 -0.01977800534134698 -0.11327803305192688 -0.020848171107919589 0.016304611900809615 0.053222614908790544
leaf_weight=10109.178880142455 10219.50753328306 856.96347655635327 1112.045498356747 1720.3721682023024 746.15368787385523 1559.2762471577153 49.018889529630542 641.40543733129743 435.04891285300255 1412.5597311444581 61.377713994355872 315.03296355815837 248.49232915602624 319.6902008280158
leaf_count=88958 115894 13405 27648 11411 8119 9164 746 21526 574 3474 268 1315 1071 492
internal_value=7.18617e-05 -0.00213402 -0.00124417 -0.00233589 -0.000927931 0.00581101 -0.013306 0.0103987 0.00109641 -0.00876245 -0.00440814 -0.0384613 -0.019418 0.0276903
internal_weight=29806.1 19586.6 18729.7 17617.6 15897.2 5411.65 1043.66 4367.98 2808.7 2053.97 10485.6 376.411 994.646 754.739
internal_count=304065 188171 174766 147118 135707 45166 9936 35230 26066 25000 90541 1583 9190 1066
is_linear=0
shrinkage=0.05


Tree=106
num_leaves=15
num_cat=0
split_feature=25 15 22 42 37 29 47 31 48 18 28 27 32 41
split_gain=110.439 119.052 167.368 623.968 664.113 440.409 357.724 411.721 333.703 313.593 416.197 260.646 231.615 191.237
threshold=8.9882422571463405e-07 1.0000000180025095e-35 6.8007264137268075 1.0000000180025095e-35 0.89587974548339855 0.19972546398639682 4.3630783557891855 0.85729259252548229 0.7954605519771577 6.5854814052581796 3.5694335699081425 6.3306114673614511 6.1622610092163095 0.36931818723678594
decision_type=2 2 2 2 2 2 2 2 2 2 2 2 2 2
left_child=-1 -2 11 6 -5 -6 -4 8 -8 10 -10 12 13 -3
right_child=1 2 3 4 5 -7 7 -9 9 -11 -12 -13 -14 -15
leaf_value=-0.028609689438529814 -0.0051121220092071283 0.035470267786553593 0.034718945899379891 0.023268494559493456 -0.050191622645002022 0.021705804314488937 -0.031910579378358971 0.042489611620322221 0.038810815507821145 0.046893048421993377 -0.04939237990612292 -0.046988721667548347 0.033970560065913376 -0.0016351090617945825
leaf_weight=321.92306240537437 7352.7290368040558 345.6926160864532 2083.6510568857193 759.2465078830719 1020.6065546274185 262.32388591766357 727.17834076285362 558.34173677861691 224.22935527563095 385.68422368168831 302.70950628817081 286.23832976259291 486.09458018839359 14620.363354805449
leaf_count=7851 65491 2982 3730 955 688 130 660 1131 294 416 304 812 1842 216779
internal_value=7.01998e-05 0.000393693 0.0022301 0.00909328 -0.0136039 -0.0354364 0.019925 0.00580797 -0.00686372 0.0132232 -0.0118353 -0.000531672 0.000358739 -0.00075492
internal_weight=29737 29415.1 22062.4 6323.97 2042.18 1282.93 4281.79 2198.14 1639.8 912.623 526.939 15738.4 15452.2 14966.1
internal_count=304065 296214 230723 8308 1773 818 6535 2805 1674 1014 598 222415 221603 219761
is_linear=0
shrinkage=0.05


Tree=107
num_leaves=15
num_cat=0
split_feature=36 22 1 46 28 37 18 33 47 47 27 22 47 23
split_gain=109.085 137.219 104.13 98.5205 116.612 99.2985 118.715 105.662 100.035 394.021 491.308 312.728 331.605 326.017
threshold=0.90856844186782848 6.7804884910583505 0.0093898782506585139 0.95424106717109691 6.0438191890716562 4.49422311782837 5.6149497032165536 4.3372693061828622 4.1266138553619394 3.9015133380889897 5.3771395683288583 6.7804884910583505 4.1666352748870858 4.930863857269288
decision_type=2 2 2 2 2 2 2 2 2 2 2 2 2 2
left_child=2 -2 3 4 5 7 -7 8 9 10 -1 13 -13 -10
right_child=1 -3 -4 -5 -6 6 -8 -9 11 -11 -12 12 -14 -15
leaf_value=-0.015043661946335425 -0.028263455328073631 0.0310073334088127 0.0073724524895906743 -0.039932806458577837 0.028439821609962869 -0.062561533357693044 0.037472411244509722 -0.055597911650091418 -0.038297918883464073 -0.042103639753059335 0.046830002634985865 0.042810385509818062 -0.0031662190215722801 0.03275598270486451
leaf_weight=1131.6129206759215 111.17397477035411 525.50712586101145 3756.8217804934247 156.00364122819155 315.70165995508432 24.204351555556059 261.02020896202885 81.694592505693436 179.43513772496954 719.64576870203018 436.27541897818446 389.886998526752 20411.213236223906 1130.9075404428295
leaf_count=13435 2710 5631 40131 4538 1146 42 4714 151 13210 9146 7784 1377 72247 127803
internal_value=7.03248e-05 0.0203808 -0.00038254 -0.0015394 -0.00128478 -0.00167501 0.0271519 -0.00202183 -0.00181973 -0.0117499 0.00236078 -0.000787568 -0.0022843 0.0228097
internal_weight=29631.1 636.681 28994.4 25237.6 25081.6 24765.9 285.225 24480.7 24399 2287.53 1567.89 22111.4 20801.1 1310.34
internal_count=304065 8341 295724 255593 251055 249909 4756 245153 245002 30365 21219 214637 73624 141013
is_linear=0
shrinkage=0.05


Tree=108
num_leaves=15
num_cat=0
split_feature=36 36 26 22 36 32 15 22 22 33 49 47 42 47
split_gain=106.664 140.651 110.827 108.022 103.006 132.055 102.902 234.26 240.318 294.605 210.659 277.099 243.713 234.371
threshold=0.10441888496279718 0.10912698507308961 0.54602593183517467 6.5494942665100107 0.90856844186782848 4.3026020526885995 1.0000000180025095e-35 6.7580702304840097 6.7962646484375009 0.89587974548339855 0.75544419884681713 4.3502571582794198 0.89587974548339855 4.2972624301910409
decision_type=2 2 2 2 2 2 2 2 2 2 2 2 2 2
left_child=2 -2 -1 -3 6 -6 7 -5 9 -9 11 13 -13 -10
right_child=1 3 -4 4 5 -7 -8 8 10 -11 -12 12 -14 -15
leaf_value=-0.058263023715845352 0.043691449073638255 0.039697545787576838 0.03520128715586756 -0.056721839951695024 0.031544893972056828 -0.023699904006276824 0.0010810957249825987 0.036131866978897774 -0.0089978016308912452 -0.0046766564174547161 0.040543821745457481 -0.031925523112710553 0.021629315378138461 0.026878570306338619
leaf_weight=133.58380201793625 175.58672174753156 160.58357594354311 33.412886971840635 209.56122296117246 490.66088707745075 130.04339656932279 21345.899405397009 711.09342210460454 2195.5218043010682 1138.6937769381329 189.12333597242832 1829.5259269010276 233.12333850562572 563.65346401929855
leaf_count=4398 903 103167 322 9073 5543 2004 143180 13659 4196 12579 545 3093 291 1112
internal_value=6.80718e-05 0.000301159 -0.0386303 2.53501e-05 -0.000207641 0.0197783 -0.000651006 -0.00587453 -0.0042411 0.0111208 -0.0099228 -0.011982 -0.0257975 -0.00159826
internal_weight=29540.1 29373.1 166.997 29197.5 29036.9 620.704 28416.2 7070.3 6860.74 1849.79 5010.95 4821.82 2062.65 2759.18
internal_count=304065 299345 4720 298442 195275 7547 187728 44548 35475 26238 9237 8692 3384 5308
is_linear=0
shrinkage=0.05


Tree=109
num_leaves=15
num_cat=0
split_feature=36 36 26 22 21 26 48 22 49 26 27 33 48 32
split_gain=100.077 132.998 105.019 101.45 102.763 119.113 129.148 206.83 161.306 157.829 143.273 200.863 227.566 332.632
threshold=0.10441888496279718 0.10912698507308961 0.54602593183517467 6.5494942665100107 0.77464780211448681 0.42468488216400152 0.3544753640890122 6.7973818778991708 0.024160365574061874 0.57172253727912914 6.325254201889039 4.0342013835906991 0.94165676832199108 6.1643662452697763
decision_type=2 2 2 2 2 2 2 2 2 2 2 2 2 2
left_child=2 -2 -1 -3 -5 -6 7 8 -7 -8 -11 12 -12 -14
right_child=1 3 -4 4 5 6 9 -9 -10 10 11 -13 13 -15
leaf_value=-0.05755283074353406 0.043314672955031421 0.039100877352929608 0.034639063393279483 -0.0060414871830680771 0.046870466977132014 -0.00089257882859650152 0.035354754294981146 -0.023073234082059607 0.075981004264414273 -0.00010355955559447894 0.035490109199470828 -0.016685579927944824 0.016289824943695651 -0.051521955218364224
leaf_weight=128.71825070641353 168.52461626753211 155.17294070892967 32.444458691054024 5961.1047012263443 132.63036713004112 227.05257582850754 339.29264941764995 1150.3523221425712 87.421116862213239 18427.567539606476 1042.3984638238326 481.8803250528872 926.31255165114999 214.16227801889181
leaf_count=4398 903 103167 322 38287 4089 1545 2784 1849 768 138239 3821 862 2781 250
internal_value=6.75367e-05 0.000290027 -0.0380538 2.64781e-05 -0.000196083 0.00131897 0.00103476 -0.0132778 0.0221607 0.00201875 0.00146601 0.0122798 0.018721 0.00321875
internal_weight=29475 29313.9 161.163 29145.3 28990.2 23029.1 22896.4 1464.83 314.474 21431.6 21092.3 2664.75 2182.87 1140.47
internal_count=304065 299345 4720 298442 195275 156988 152899 4162 2313 148737 145953 7714 6852 3031
is_linear=0
shrinkage=0.05


Tree=110
num_leaves=15
num_cat=0
split_feature=0 27 28 32 37 32 27 0 31 47 36 43 22 32
split_gain=98.5586 140.749 167.129 152.1 276.56 171.014 303.969 139.303 104.631 104.076 234.423 293.502 229.239 411.579
threshold=0.0083683477714657801 2.9700856208801274 1.0000000180025095e-35 1.8688347935676577 4.4365937709808358 2.0126758217811589 3.0201274156570439 1.0000000180025095e-35 0.74560862779617321 4.1971738338470468 0.79163843393325817 4.3372693061828622 6.7962646484375009 6.1441833972930917
decision_type=2 2 2 2 2 2 2 2 2 2 2 2 2 2
left_child=1 2 7 4 -3 -5 -7 -1 -2 -8 12 -12 13 -11
right_child=8 3 -4 5 -6 6 9 -9 -10 10 11 -13 -14 -15
leaf_value=-0.042136008474972786 0.015347296343769355 0.042172048368242322 0.045145555093762217 -0.027381823079377324 -0.011383933392131279 0.045935257193482258 -0.0080782519048996273 0.032278143954258619 0.00051291899418424904 0.014326076321920865 0.042433341176260832 -0.0077303655584220884 -0.0048415536165641281 -0.032849661045294798
leaf_weight=502.22151453187689 1986.7469227734546 539.65524963475764 68.219531789422035 607.60387241840363 423.2116214632988 333.90589821338654 4642.1293760426342 64.260162777733058 2938.9493675259873 3797.2882876750664 693.68037955102045 493.34662882273551 11810.632198289037 516.668352432549
leaf_count=4209 33111 5323 1026 649 1237 973 36072 657 19930 156528 10498 9741 20043 4068
internal_value=6.92192e-05 -0.00122926 -0.0242821 -0.000606059 0.0187574 -0.00142823 -0.000708721 -0.0332812 0.00651524 -0.00143874 0.000345283 0.0216941 -0.0012388 0.00861309
internal_weight=29418.5 24492.8 634.701 23858.1 962.867 22895.3 22287.7 566.482 4925.7 21953.7 17311.6 1187.03 16124.6 4313.96
internal_count=304065 251024 5892 245132 6560 238572 237923 4866 53041 236950 200878 20239 180639 160596
is_linear=0
shrinkage=0.05


Tree=111
num_leaves=15
num_cat=0
split_feature=41 38 48 43 41 45 46 44 28 32 28 33 33 31
split_gain=97.1994 375.072 152.646 150.943 142.722 121.869 121.43 211.036 175.622 299.636 268.883 253.143 250.79 325.471
threshold=0.90454545617103588 1.4978661537170412 0.79832497239112865 6.0695817470550546 0.77500000596046459 0.00038169234176166361 0.87456294894218456 0.32729950547218328 6.0149362087249765 6.1441833972930917 4.4367339611053476 1.0000000180025095e-35 0.89587974548339855 0.82765865325927745
decision_type=2 2 2 2 2 2 2 2 2 2 2 2 2 2
left_child=1 3 -2 4 6 -4 8 -8 9 10 -1 -11 13 -13
right_child=2 -3 5 -5 -6 -7 7 -9 -10 11 -12 12 -14 -15
leaf_value=-0.00047988136902684829 0.046933532479550302 0.040073703176785026 -0.040331025688954317 0.021559471172927606 -0.039614836073326547 -0.0029939841834536775 -0.0010039515758305455 -0.02639283960374943 0.014539592095772873 0.0063123408722491007 0.031492034703364723 0.011289905201493282 -0.0094535754109659389 -0.11591886439519135
leaf_weight=19435.437106478086 79.570729523897171 579.23531570937485 431.39431087858975 762.13299851212651 225.50822633504868 436.32606406323612 2699.1678906665184 1165.2185768671334 2119.2365973806009 267.19834834896028 670.62781062501017 64.199325501918793 185.91979661956429 197.13428711891174
leaf_count=136964 132 5979 1128 2887 322 3786 23717 11230 7065 632 109018 169 536 500
internal_value=6.96974e-05 0.000598231 -0.0156006 -0.000238633 -0.000861003 -0.0218044 -0.000520307 -0.00870776 0.000862129 -0.000536357 0.000601651 -0.0321284 -0.0547294 -0.0854043
internal_weight=29318.3 28371 947.291 27791.8 27029.6 867.72 26804.1 3864.39 22939.8 20820.5 20106.1 714.452 447.253 261.334
internal_count=304065 299019 5046 293040 290153 4914 289831 34947 254884 247819 245982 1837 1205 669
is_linear=0
shrinkage=0.05


Tree=112
num_leaves=15
num_cat=0
split_feature=25 15 22 42 37 29 47 28 48 18 28 27 32 41
split_gain=95.6485 94.9202 160.03 559.826 612.826 413.721 331.481 378.656 328.353 264.613 393.708 221.198 212.059 169.293
threshold=8.9882422571463405e-07 1.0000000180025095e-35 6.8007264137268075 1.0000000180025095e-35 0.89587974548339855 0.14855476468801501 4.3630783557891855 6.01249122619629 0.7954605519771577 6.5841002464294442 3.5694335699081425 6.3306114673614511 6.1622610092163095 0.36931818723678594
decision_type=2 2 2 2 2 2 2 2 2 2 2 2 2 2
left_child=-1 -2 11 6 -5 -6 -4 8 -8 10 -10 12 13 -3
right_child=1 2 3 4 5 -7 7 -9 9 -11 -12 -13 -14 -15
leaf_value=-0.027370250519013862 -0.004589573981720706 0.033871225107355643 0.033623827182652812 0.022703818829712868 -0.050578507457115118 0.015342978372626673 -0.029445490840087397 0.048949397201912645 0.03770123398464803 0.040452681869868952 -0.047263882381368562 -0.042898051766444081 0.032931044438419446 -0.0017362694715365883
leaf_weight=304.24128980527166 7240.270785154833 331.71877862233669 2031.9385995641351 748.65683895349503 941.65137898921967 312.1479806303978 747.97108556330204 397.43075048923492 232.89453946053982 481.55289560183883 301.54680999740958 294.40894104819745 467.81258969753981 14422.300518618547
leaf_count=7851 65491 2982 3730 955 660 158 669 947 309 573 307 812 1842 216779
internal_value=6.66111e-05 0.000364278 0.00201758 0.00880365 -0.0129026 -0.034175 0.0191752 0.0054996 -0.00451062 0.0139544 -0.0102261 -0.000696087 0.000147779 -0.000913297
internal_weight=29256.5 28952.3 21712 6195.79 2002.46 1253.8 4193.33 2161.4 1763.97 1015.99 534.441 15516.2 15221.8 14754
internal_count=304065 296214 230723 8308 1773 818 6535 2805 1858 1189 616 222415 221603 219761
is_linear=0
shrinkage=0.05


Tree=113
num_leaves=15
num_cat=0
split_feature=21 26 31 36 54 37 46 43 36 37 22 22 25 42
split_gain=93.4308 140.393 135.17 157.953 134.833 147.859 131.887 231.686 189.532 380.12 243.256 284.748 209.745 208.685
threshold=0.69196265935897838 0.42468488216400152 0.75987011194229137 0.25137363374233251 1.0000000180025095e-35 1.0000000180025095e-35 0.76950746774673473 3.979637980461121 0.70511272549629223 1.8688347935676577 6.7804884910583505 6.7580702304840097 0.032754989340901382 1.0000000180025095e-35
decision_type=2 2 2 2 2 2 2 2 2 2 2 2 2 2
left_child=2 -2 3 -1 6 -6 -3 -8 10 -10 11 -9 -11 -12
right_child=1 4 -4 -5 5 -7 7 8 9 12 13 -13 -14 -15
leaf_value=-0.044738537538522576 0.043540115779029172 0.0054610596764855012 -0.060165986809921135 0.0030335412899442256 0.049500148797519621 -0.023190853902375269 -0.018557975010434227 -0.0090965674264825557 0.035823702452814042 -0.023898359621411833 -0.0065234171376301279 0.045871070198301514 0.031967647705977854 0.011948186050928605
leaf_weight=211.62333399924682 179.38556509651244 10271.106366188789 129.30432609742275 784.18139362987131 66.402095653116703 911.07884233258665 1813.9643491562456 406.70976696215803 1008.6743261936354 632.31274509441573 10190.241327391937 540.92093941546045 218.03490641427925 1789.2553782686591
leaf_count=5701 5387 117303 1387 53501 514 7880 6414 13241 7410 9508 36927 26650 4484 7758
internal_value=6.67569e-05 0.000636069 -0.0139963 -0.0074626 0.000344175 -0.0178015 0.00101063 -0.00174465 0.000329161 0.0152123 -0.00182126 0.0224311 -0.00936887 -0.00375684
internal_weight=29153.2 28028.1 1125.11 995.805 27848.7 977.481 26871.2 16600.1 14786.1 1859.02 12927.1 947.631 850.348 11979.5
internal_count=304065 243476 60589 59202 238089 8394 229695 112392 105978 21402 84576 39891 13992 44685
is_linear=0
shrinkage=0.05


Tree=114
num_leaves=15
num_cat=0
split_feature=48 21 24 22 42 37 48 47 48 15 28 46 28 29
split_gain=91.577 162.317 398.866 125.098 433.611 859.428 425.354 419.645 551.644 305.907 464.36 310.733 297.88 250.919
threshold=1.0000001788139345 0.80574271082878124 0.051642270758748061 6.8007264137268075 1.0000000180025095e-35 0.89587974548339855 0.55434969067573558 4.3630783557891855 0.86983224749565136 1.0000000180025095e-35 6.01249122619629 0.88004064559936535 3.7012257575988774 0.10142096877098085
decision_type=2 2 2 2 2 2 2 2 2 2 2 2 2 2
left_child=3 -2 -3 -1 7 12 13 -5 9 -9 11 -11 -6 -7
right_child=1 2 -4 4 5 6 -8 8 -10 10 -12 -13 -14 -15
leaf_value=-0.0015668513471180459 -0.046904285671674414 0.069487306954283276 -0.032947167979605896 0.027742056025053238 0.041412509035204159 -0.041083161034077949 -0.062497483362748824 -0.043306659191342217 0.046922364828144748 -0.025738335333237324 0.04831573260092184 0.055635256761816333 -0.014817200876511494 0.011046089844077187
leaf_weight=20448.610274046921 274.20735212787986 135.07842351309955 265.54172046668828 2729.8523126095533 747.07778373360634 388.04719406366348 697.59188348054886 555.88513930886984 482.07893374189734 978.91008716821671 362.27661711722612 123.6134967058897 335.71747612953186 541.99205213785172
leaf_count=290105 1572 443 1330 4919 954 268 504 453 865 966 893 155 342 296
internal_value=6.62998e-05 -0.0180013 0.00244213 0.000501926 0.00582307 -0.0103838 -0.0332666 0.0142218 -0.000576874 -0.0120841 -2.20103e-05 -0.0161968 0.0240026 -0.0109098
internal_weight=29066.5 674.827 400.62 28391.7 7943.04 2710.43 1627.63 5232.62 2502.76 2020.69 1464.8 1102.52 1082.8 930.039
internal_count=304065 3345 1773 300720 10615 2364 1068 8251 3332 2467 2014 1121 1296 564
is_linear=0
shrinkage=0.05


Tree=115
num_leaves=15
num_cat=0
split_feature=1 26 49 48 27 22 32 29 36 48 28 27 24 47
split_gain=89.0972 97.425 143.549 198.315 162.688 241.257 228.076 136.935 281.688 260.249 174.482 142.683 234.468 230.018
threshold=0.0093898782506585139 0.89168170094490062 0.51327165961265575 0.91962456703186046 6.3198649883270273 6.7895333766937265 6.1643662452697763 0.90652039647102367 0.60894551873207103 0.55434969067573558 6.01249122619629 6.3234620094299325 0.44791819155216223 4.3502571582794198
decision_type=2 2 2 2 2 2 2 2 2 2 2 2 2 2
left_child=1 2 7 -4 5 -5 -6 10 -9 -10 11 12 -1 -13
right_child=-2 -3 3 4 6 -7 -8 8 9 -11 -12 13 -14 -15
leaf_value=-0.0015366429885231864 0.0072354063540096686 -0.015192927078625254 0.029904713299907106 0.0057316157143386687 0.037788490733191578 -0.056928041453032312 -0.025869239036966297 0.026720212576116592 -0.054938763359216325 0.045793497551640083 0.021362172316071987 0.042662781343939228 0.032466452884010039 -0.024280230174388864
leaf_weight=18470.939016080491 3759.204610054061 1144.8135017063469 889.69031570875086 393.81331081106327 421.43457416072488 240.1896263808012 200.39292579889297 201.27421526843682 461.87829207023606 66.459897407330573 842.6366013456136 134.14748293347657 511.27829932636814 1216.4534337595105
leaf_count=133652 41312 18412 52427 10711 2128 1457 199 841 556 337 2714 1739 35344 2236
internal_value=6.54936e-05 -0.00100672 -0.000325417 0.0119865 -0.000843514 -0.0185221 0.0171891 -0.00153625 -0.0226845 -0.0416523 -0.000797208 -0.00172559 -0.000604171 -0.0173665
internal_weight=28954.6 25195.4 24050.6 2145.52 1255.83 634.003 621.827 21905.1 729.612 528.338 21175.5 20332.8 18982.2 1350.6
internal_count=304065 262753 244341 66922 14495 12168 2327 177419 1734 893 175685 172971 168996 3975
is_linear=0
shrinkage=0.05


Tree=116
num_leaves=15
num_cat=0
split_feature=41 38 48 41 43 31 45 17 27 37 49 46 36 46
split_gain=88.9299 346.799 137.063 132.595 127.392 110.714 109.334 101.821 100.741 105.383 99.733 126.905 119.779 96.727
threshold=0.90454545617103588 1.4978661537170412 0.79832497239112865 0.77500000596046459 6.0695817470550546 0.9506748914718629 0.00038169234176166361 0.020204081200063232 6.3306114673614511 3.0153425931930546 0.01619622111320496 0.76702028512954723 0.48249898850917822 0.85324010252952587
decision_type=2 2 2 2 2 2 2 2 2 2 2 2 2 2
left_child=1 3 -2 4 7 8 -4 -1 9 -6 12 -12 -9 -13
right_child=2 -3 6 -5 5 -7 -8 10 -10 -11 11 13 -14 -15
leaf_value=-0.0025606931661434668 0.043405574355000393 0.039272241597021217 -0.038880982317326562 -0.03780390831571153 0.041374193309908221 -0.052501595292257452 -0.0032630041537579885 -0.022948450633078224 -0.019659923311270876 -0.016419859923202166 0.01965968580168553 -0.008050683118942345 0.0019033233822928217 0.0091783339049917711
leaf_weight=18236.351516087918 81.89863115362823 557.23213148256764 420.83528272435069 222.7557435631752 514.90893281809986 39.78707945626229 434.99010974355042 596.38701101436163 100.42028436437249 87.263251101598144 1668.6806977116503 1269.6976520979078 2412.8015266146977 2233.8417916148901
leaf_count=190243 132 5979 1128 322 1715 811 3786 3197 154 207 49991 9605 17097 19698
internal_value=6.45925e-05 0.000575322 -0.0149984 -0.000226195 9.58011e-05 0.0203832 -0.0210242 -0.000481802 0.0251894 0.0328676 0.00414951 0.00835445 -0.00308171 0.00292932
internal_weight=28877.9 27940.1 937.724 27382.9 27160.1 742.38 855.825 26417.8 702.592 602.172 8181.41 5172.22 3009.19 3503.54
internal_count=304065 299019 5046 293040 292718 2887 4914 289831 2076 1922 99588 79294 20294 29303
is_linear=0
shrinkage=0.05


Tree=117
num_leaves=15
num_cat=0
split_feature=36 22 41 38 48 43 41 31 45 1 26 44 49 48
split_gain=86.8077 120.206 87.6579 298.868 129.409 128.937 115.333 102.779 98.9217 96.9127 110.424 196.49 135.956 193.129
threshold=0.90856844186782848 6.7804884910583505 0.90454545617103588 1.4978661537170412 0.79832497239112865 6.0695817470550546 0.77500000596046459 0.9506748914718629 0.00038169234176166361 0.009756329935044052 0.89168170094490062 0.46300370991230017 0.51327165961265575 0.91962456703186046
decision_type=2 2 2 2 2 2 2 2 2 2 2 2 2 2
left_child=2 -2 3 5 -4 6 9 -7 -6 10 12 -12 -1 -14
right_child=1 -3 4 -5 8 7 -8 -9 -10 -11 11 -13 13 -15
leaf_value=-0.0024932196124728147 -0.02658603452368373 0.029335741860102894 0.040615653080936509 0.03778902354808869 -0.038802557106845714 0.024734144258670817 -0.036343777670614724 -0.050694197644382592 -0.0044193303862980404 0.0075991146596744068 -0.0042786652903095386 -0.055268119274558852 0.029045258663253956 -0.0018191573579226018
leaf_weight=19853.163467038801 110.74280549568357 488.50806165672839 83.784586211666465 507.99937775637954 407.9367344416678 689.01729818619788 220.5776914358139 39.079538531601429 424.6402597501874 3007.3303631088056 668.13356001209468 254.49828543420881 852.56736210861709 1226.336428995477
leaf_count=163475 2710 5631 132 5245 1030 2064 322 804 3592 34743 10654 6199 53014 14450
internal_value=6.1429e-05 0.0187345 -0.000341375 0.000171488 -0.0154677 -0.000555099 -0.00113786 0.0200537 -0.0215266 -0.000823655 -0.0019348 -0.0187854 -0.0012177 0.0109169
internal_weight=28834.3 599.251 28235.1 27318.7 916.362 26810.7 26082.6 728.097 832.577 25862 22854.7 922.632 21932.1 2078.9
internal_count=304065 8341 295724 290970 4754 285725 282857 2868 4622 282535 247792 16853 230939 67464
is_linear=0
shrinkage=0.05


Tree=118
num_leaves=15
num_cat=0
split_feature=21 31 36 32 32 0 23 32 32 24 23 22 38 36
split_gain=86.7916 123.206 376.87 507.823 304.424 247.194 167.838 141.945 484.353 316.661 234.864 206.791 178.04 172.571
threshold=0.77077347040176403 0.66450217366218578 0.61930641531944286 3.7373861074447636 1.8688347935676577 1.0000000180025095e-35 4.9236173629760751 3.979637980461121 4.0342013835906991 0.1094072535634041 5.2337753772735605 6.7945859432220468 2.4337671995162968 0.37268517911434179
decision_type=2 2 2 2 2 2 2 2 2 2 2 2 2 2
left_child=-1 2 3 -2 -3 6 -4 9 12 10 -6 -12 -9 -10
right_child=1 4 5 -5 7 -7 -8 8 13 -11 11 -13 -14 -15
leaf_value=-0.0054773840813699204 0.041945869252207793 0.050296968049678314 -0.022049490876858494 -0.026765365456116626 -0.0065023863493285346 0.021978038475312468 0.025946786385841081 0.045938490134074673 -0.017276767155148986 0.004695475494639733 -0.058479754655773278 -0.018487799087527443 -0.018593452847809718 0.0020670176351604516
leaf_weight=5672.9881768502528 1287.6109611922875 284.13765548169613 1277.2334684561938 331.78635081427637 2757.1051890742965 622.93747084448114 203.54060353711247 791.00727198179811 1314.5228314467822 3685.9581318860874 463.96676776092499 1067.5290440432727 117.80178848654032 8893.2063434355077
leaf_count=140346 16880 2807 6654 2021 14887 5281 4692 7877 3531 21675 4288 1651 940 70535
internal_value=5.83563e-05 0.00141972 0.00973718 0.0277903 -0.000182741 -0.00422547 -0.0153223 -0.000959982 0.0026909 -0.00604631 -0.0152681 -0.0309041 0.0374624 -0.000438492
internal_weight=28771.3 23098.3 3723.11 1619.4 19375.2 2103.71 1480.77 19091.1 11116.5 7974.56 4288.6 1531.5 908.809 10207.7
internal_count=304065 163719 35528 18901 128191 16627 11346 125384 82883 42501 20826 5939 8817 74066
is_linear=0
shrinkage=0.05


Tree=119
num_leaves=15
num_cat=0
split_feature=36 36 26 28 27 47 22 36 42 23 27 41 22 37
split_gain=84.4121 117.183 95.1116 85.2933 392.393 216.999 349.059 269.268 544.259 198.912 304.039 184.18 187.44 493.652
threshold=0.10441888496279718 0.10912698507308961 0.54602593183517467 2.4414010047912602 3.4334666728973393 4.2835628986358651 6.8007264137268075 0.6601788103580476 1.0000000180025095e-35 2.8617925643920903 3.3842465877532963 0.36931818723678594 6.7804884910583505 0.89587974548339855
decision_type=2 2 2 2 2 2 2 2 2 2 2 2 2 2
left_child=2 -2 -1 4 5 6 -3 8 -8 -5 -11 -12 13 -13
right_child=1 3 -4 9 -6 -7 7 -9 -10 10 11 12 -14 -15
leaf_value=-0.056666285711504144 0.042475677258814841 0.046868702945286972 0.033715199768483056 0.050026537984799536 0.029690146875641001 -0.0098119458489106959 -0.087587404368975622 0.038664062473885014 0.0051130949533810203 -0.035303880492495276 0.030941007413754253 0.031932984296908599 -0.0031380515313859537 -0.013533457742028153
leaf_weight=114.81799452303676 153.43594255135395 509.09059910662472 30.636694352258928 176.61724907904863 1284.3652122807689 2883.7168915122747 195.07859855890274 290.17022287845612 690.44570928812027 647.63041070662439 437.76715195551515 1328.1829904707847 18862.547188466415 1070.0284231489059
leaf_count=4398 903 4069 322 1441 16237 4921 398 421 856 8429 3905 146783 73743 37239
internal_value=5.91263e-05 0.000259255 -0.0366853 1.60946e-05 0.00538831 -0.00149371 0.0127179 -0.00234045 -0.0160586 -0.00138172 -0.00181024 -0.000794757 -0.00146245 0.0116749
internal_weight=28674.5 28529.1 145.455 28375.6 5852.87 4568.5 1684.79 1175.69 885.524 22522.8 22346.2 21698.5 21260.8 2398.21
internal_count=304065 299345 4720 298442 26902 10665 5744 1675 1254 271540 270099 261670 257765 184022
is_linear=0
shrinkage=0.05


end of trees

feature_importances:
Column_37=185
Column_27=163
Column_22=144
Column_32=144
Column_36=141
Column_47=110
Column_48=91
Column_28=77
Column_46=68
Column_42=64
Column_21=47
Column_31=44
Column_26=40
Column_23=39
Column_41=36
Column_33=35
Column_49=34
Column_43=30
Column_15=29
Column_38=26
Column_29=25
Column_18=23
Column_44=14
Column_54=13
Column_0=10
Column_1=9
Column_24=8
Column_25=5
Column_45=5
Column_19=3
Column_34=3
Column_55=3
Column_4=2
Column_30=2
Column_51=2
Column_52=2
Column_56=2
Column_17=1
Column_20=1

parameters:
[boosting: gbdt]
[objective: binary]
[metric: binary_logloss]
[tree_learner: serial]
[device_type: cpu]
[data_sample_strategy: bagging]
[data: ]
[valid: ]
[num_iterations: 120]
[learning_rate: 0.05]
[num_leaves: 15]
[num_threads: 2]
[seed: 20260928]
[deterministic: 1]
[force_col_wise: 1]
[force_row_wise: 0]
[histogram_pool_size: -1]
[max_depth: -1]
[min_data_in_leaf: 100]
[min_sum_hessian_in_leaf: 0.001]
[bagging_fraction: 1]
[pos_bagging_fraction: 1]
[neg_bagging_fraction: 1]
[bagging_freq: 0]
[bagging_seed: 8287]
[bagging_by_query: 0]
[feature_fraction: 1]
[feature_fraction_bynode: 1]
[feature_fraction_seed: 24490]
[extra_trees: 0]
[extra_seed: 6370]
[early_stopping_round: 0]
[early_stopping_min_delta: 0]
[first_metric_only: 0]
[max_delta_step: 0]
[lambda_l1: 0]
[lambda_l2: 10]
[linear_lambda: 0]
[min_gain_to_split: 0]
[drop_rate: 0.1]
[max_drop: 50]
[skip_drop: 0.5]
[xgboost_dart_mode: 0]
[uniform_drop: 0]
[drop_seed: 1862]
[top_rate: 0.2]
[other_rate: 0.1]
[min_data_per_group: 100]
[max_cat_threshold: 32]
[cat_l2: 10]
[cat_smooth: 10]
[max_cat_to_onehot: 4]
[top_k: 20]
[monotone_constraints: ]
[monotone_constraints_method: basic]
[monotone_penalty: 0]
[feature_contri: ]
[forcedsplits_filename: ]
[refit_decay_rate: 0.9]
[cegb_tradeoff: 1]
[cegb_penalty_split: 0]
[cegb_penalty_feature_lazy: ]
[cegb_penalty_feature_coupled: ]
[path_smooth: 0]
[interaction_constraints: ]
[verbosity: -1]
[saved_feature_importance_type: 0]
[use_quantized_grad: 0]
[num_grad_quant_bins: 4]
[quant_train_renew_leaf: 0]
[stochastic_rounding: 1]
[linear_tree: 0]
[max_bin: 255]
[max_bin_by_feature: ]
[min_data_in_bin: 3]
[bin_construct_sample_cnt: 304066]
[data_random_seed: 5112]
[is_enable_sparse: 1]
[enable_bundle: 1]
[use_missing: 1]
[zero_as_missing: 0]
[feature_pre_filter: 1]
[pre_partition: 0]
[two_round: 0]
[header: 0]
[label_column: ]
[weight_column: ]
[group_column: ]
[ignore_column: ]
[categorical_feature: ]
[forcedbins_filename: ]
[precise_float_parser: 0]
[parser_config_file: ]
[objective_seed: 23271]
[num_class: 1]
[is_unbalance: 0]
[scale_pos_weight: 1]
[sigmoid: 1]
[boost_from_average: 1]
[reg_sqrt: 0]
[alpha: 0.9]
[fair_c: 1]
[poisson_max_delta_step: 0.7]
[tweedie_variance_power: 1.5]
[lambdarank_truncation_level: 30]
[lambdarank_norm: 1]
[label_gain: ]
[lambdarank_position_bias_regularization: 0]
[eval_at: ]
[multi_error_top_k: 1]
[auc_mu_weights: ]
[num_machines: 1]
[local_listen_port: 12400]
[time_out: 120]
[machine_list_filename: ]
[machines: ]
[gpu_platform_id: -1]
[gpu_device_id: -1]
[gpu_device_id_list: ]
[gpu_use_dp: 0]
[num_gpu: 1]

end of parameters

pandas_categorical:null
