tree
version=v4
num_class=1
num_tree_per_iteration=1
label_index=0
max_feature_idx=56
objective=lambdarank
feature_names=Column_0 Column_1 Column_2 Column_3 Column_4 Column_5 Column_6 Column_7 Column_8 Column_9 Column_10 Column_11 Column_12 Column_13 Column_14 Column_15 Column_16 Column_17 Column_18 Column_19 Column_20 Column_21 Column_22 Column_23 Column_24 Column_25 Column_26 Column_27 Column_28 Column_29 Column_30 Column_31 Column_32 Column_33 Column_34 Column_35 Column_36 Column_37 Column_38 Column_39 Column_40 Column_41 Column_42 Column_43 Column_44 Column_45 Column_46 Column_47 Column_48 Column_49 Column_50 Column_51 Column_52 Column_53 Column_54 Column_55 Column_56
feature_infos=[0:0.016393441706895828] [0:0.016393441706895828] [0:0.016393441706895828] [0:0.016393441706895828] [0:0.016393441706895828] [0:1] [0:1] [0:1] [0:1] [0:1] [0:1] [0:1] [0:1] [0:1] [0:1] [0.0062500000931322575:0.081967204809188843] [1:5] [0.0090909088030457497:0.090909093618392944] [3.5553481578826904:6.6846117973327637] [1.2911147678096313e-05:0.75023090839385986] [3.1412756129611807e-07:0.11172740161418915] [0.041224971413612366:0.90537381172180176] [6.3279366493225098:6.8012828826904297] [0.69314718246459961:6.3171648979187012] [1.8375874788034707e-05:0.95427113771438599] [4.4358219497553364e-07:0.11153259128332138] [0.043010752648115158:0.9943925142288208] [2.8903717994689941:6.3595738410949707] [0:6.1717004776000977] [2.0362456780276261e-05:0.98788601160049438] [7.820440259820316e-07:0.34936872124671936] [0.028688523918390274:0.99343544244766235] [0:6.2146081924438477] [0:4.2904596328735352] [0.00014565160381607711:0.77722275257110596] [5.1674928727152292e-06:0.21798083186149597] [0.016949152573943138:0.9838709831237793] [0:4.3438053131103516] [0:3.0910425186157227] [0.00036677889875136316:0.76040536165237427] [1.2237114788149484e-05:0.22467887401580811] [0.083333335816860199:0.95652174949645996] [0:3.0910425186157227] [0:6.1820850372314453] [2.0095789295737632e-05:0.97746598720550537] [7.7401483622452361e-07:0.25362327694892883] [0.01976284570991993:0.99136066436767578] [0:6.226536750793457] [0:1.0000004768371582] [0:1.0000003576278687] [0:0.42420604825019836] [0:1] [0:1] [0:1] [0:1] [0:1] [0:1]
tree_sizes=1808 1788 1784 1787 1791 1788 1793 1793 1788 1789 1785 1793 1785 1801 1786 1783 1790 1787 1782 1794 1800 1787 1794 1787 1802 1788 1786 1785 1791 1796 1796 1811 1797 1797 1794 1794 1799 1800 1798 1799 1788 1791 1806 1793 1800 1800 1801 1791 1795 1806 1795 1805 1801 1803 1789 1787 1803 1786 1782 1804 1804 1796 1806 1809 1779 1827 1788 1810 1787 1802 1798 1803 1802 1806 1801 1806 1803 1801 1777 1798 1800 1799 1797 1802 1795 1787 1800 1787 1790 1800 1804 1798 1799 1799 1792 1801 1815 1793 1810 1797 1803 1796 1804 1800 1811 1806 1787 1799 1791 1812 1797 1797 1798 1789 1798 1795 1805 1794 1790 1804

Tree=0
num_leaves=15
num_cat=0
split_feature=17 44 44 15 45 15 0 53 43 24 35 20 45 20
split_gain=524.666 205.462 122.636 73.5883 62.9373 36.9917 25.8354 30.2934 23.4879 20.2226 20.094 18.3235 17.03 16.6634
threshold=0.048809524625539787 0.91429725289344799 0.034464919939637191 0.021856535226106647 0.00024511291121598339 0.060641629621386535 0.0093898782506585139 1.0000000180025095e-35 4.4716224670410165 0.14540412276983264 0.0013581885723397138 0.016663820482790474 0.00041455651808064436 0.0027816726360470061
decision_type=2 2 2 2 2 2 2 2 2 2 2 2 2 2
left_child=1 2 3 -1 -4 13 7 10 -5 -3 12 -12 -6 -2
right_child=5 9 4 8 6 -7 -8 -9 -10 -11 11 -13 -14 -15
leaf_value=-0.05334601390757443 0.0031609011191767603 -0.019990981886621767 -0.036144894785818983 0.011678908065620964 0.052045894926274198 0.071062300195326902 0.018196839039554335 -0.035221895070325776 -0.04516288403782056 0.045894383122885574 -0.012114666948457089 0.0090644418240277327 -0.0032619465227867184 0.042060361936908
leaf_weight=318.92787750884781 35.80013002499436 7.1885647737653917 163.7813133596992 71.748956843257474 19.848578771263419 170.8985858545675 115.53715398951681 70.903912580979522 13.374436458987473 134.32171224907506 313.17589746883823 140.71959697612783 24.007477958930394 140.28545907028092
leaf_count=25285 2169 174 10275 2953 334 4332 15447 2211 2064 13877 44443 51337 1504 19515
internal_value=-4.12416e-10 -0.0137659 -0.0202855 -0.0426225 -0.00926943 0.0541226 -0.00240801 -0.00683654 -0.00106092 0.0414489 -0.00217905 -0.00549473 0.0267856 0.0347465
internal_weight=1740.52 1393.54 1252.03 404.051 847.974 346.984 684.193 568.655 85.1234 141.51 497.752 453.895 43.8561 176.086
internal_count=195920 169904 155853 30302 125551 26016 115276 99829 5017 14051 97618 95780 1838 21684
is_linear=0
shrinkage=0.05


Tree=1
num_leaves=15
num_cat=0
split_feature=0 39 15 24 1 2 44 34 44 2 21 20 30 32
split_gain=892.917 277.099 219.579 171.69 123.152 120.237 84.4744 92.478 67.5641 59.0368 47.3735 45.5263 39.7353 45.8899
threshold=0.014185110572725536 0.010517418850213291 0.019888009876012806 0.83051404356956493 0.016001024283468727 0.014815627597272398 0.041914496570825584 0.013321756385266783 0.93896791338920604 0.011050061322748663 0.8443315625190736 0.01629346422851086 8.9066702457785151e-07 6.1354806423187265
decision_type=2 2 2 2 2 2 2 2 2 2 2 2 2 2
left_child=1 -1 3 5 -2 6 -3 -8 9 -4 -11 -12 -9 -14
right_child=4 2 8 -5 -6 -7 7 12 -10 10 11 -13 13 -15
leaf_value=-0.058467830687848138 0.034139269092454995 -0.057847435328802516 -0.0072191553681150659 0.0094438928027930358 0.079699795586014643 0.06613324677486887 0.03326570164397518 0.042928620767951009 0.035625473775894832 0.023373319780505081 -0.049365725028759078 0.027188754493889241 -0.024068285259052771 -0.05729274540612226
leaf_weight=276.9008340512155 427.93683994418461 234.2316956164268 541.49984160052009 385.15563356393432 244.54783350844082 23.38964498891437 57.655381389035028 10.842101054033263 192.60874244252045 394.27712699950916 39.519777223060373 23.754558512649965 694.89013429320403 122.90586207013257
leaf_count=14477 7336 15802 37943 13558 628 148 1044 69 5523 13014 876 270 76795 8437
internal_value=2.42938e-10 -0.0117163 -0.00676148 -0.0192473 0.0516323 -0.0289057 -0.031457 -0.0239148 0.00928643 0.00390575 0.0169446 -0.0208372 -0.0282426 -0.0296934
internal_weight=3670.12 2997.63 2720.73 1529.07 672.485 1143.91 1120.53 886.293 1191.66 999.051 457.551 63.2743 828.638 817.796
internal_count=195920 187956 173479 115853 7964 102295 102147 86345 57626 52103 14160 1146 85301 85232
is_linear=0
shrinkage=0.05


Tree=2
num_leaves=15
num_cat=0
split_feature=17 15 1 44 44 0 2 49 29 37 30 19 46 25
split_gain=1045.5 298.992 187.796 163.424 118.647 78.6195 61.957 52.847 61.1283 58.1091 51.6105 50.6545 34.375 31.995
threshold=0.051315790042281158 0.019888009876012806 0.016001024283468727 0.041914496570825584 0.93896791338920604 0.0093898782506585139 0.013793759513646366 0.48883035778999334 0.022575229406356815 2.6735538244247441 0.0010631081531755628 0.3590219914913178 0.84650033712387096 0.019338747486472133
decision_type=2 2 2 2 2 2 2 2 2 2 2 2 2 2
left_child=1 3 6 -1 5 -3 -2 8 9 -5 -10 -4 -12 -6
right_child=2 4 11 7 13 -7 -8 -9 10 -11 12 -13 -14 -15
leaf_value=-0.062620118534538527 0.0090485438622316117 -0.023373844788220192 0.077889930817108502 -0.043863139410874795 0.019210188391730814 0.01065513307368534 0.037486606778787464 -0.0022520823281790277 -0.05689793689431303 0.045283980154355308 -0.033562050727621383 0.018312054997357937 -0.006867186790059307 0.06021474658696141
leaf_weight=357.68025529308943 345.02606584039313 358.57187401929514 288.86974163833656 18.476522176642789 168.59588231745875 306.39847383121742 444.69565206515108 233.22525794872001 174.13729594734241 43.395455332880374 384.04659281135355 48.777475765586132 182.61084558964103 66.85593580105342
leaf_count=26576 14695 28894 678 1056 2700 13980 7251 51538 12271 520 25588 952 8023 1198
internal_value=-2.36982e-10 -0.0193632 0.0392245 -0.0337908 0.00309202 -0.00776875 0.0253306 -0.0233328 -0.029355 0.0162635 -0.033331 0.0700575 -0.0252276 0.0328322
internal_weight=3421.36 2293.99 1127.37 1393.57 900.422 664.97 789.722 1035.89 802.667 61.872 740.795 337.647 566.657 235.452
internal_count=195920 172344 23576 125572 46772 42874 21946 98996 47458 1576 45882 1630 33611 3898
is_linear=0
shrinkage=0.05


Tree=3
num_leaves=15
num_cat=0
split_feature=17 15 44 1 44 0 29 25 45 2 25 30 19 2
split_gain=878.531 240.822 150.164 139.47 115.118 76.9645 59.9643 54.0979 37.3525 32.5728 32.34 30.0769 25.2425 24.9167
threshold=0.057189542800188072 0.019888009876012806 0.058597551658749587 0.016001024283468727 0.93896791338920604 0.0093898782506585139 0.0089094480499625223 0.015017800964415075 0.0005663227930199356 0.013606071937829258 0.019097819924354557 8.9066702457785151e-07 0.36003065109252935 0.011050061322748663
decision_type=2 2 2 2 2 2 2 2 2 2 2 2 2 2
left_child=1 2 -1 9 5 8 -4 11 -3 -2 -6 -8 -5 -7
right_child=3 4 6 12 10 13 7 -9 -10 -11 -12 -13 -14 -15
leaf_value=-0.054309856570991022 0.0087781389225037709 -0.043340562573147487 0.049545543684094862 0.0717871345814 0.012823222538796551 -0.0029287318887981089 0.034568641927195318 -0.0040699856116058024 -0.010089809983095721 0.033264919715641696 0.054079708344862157 -0.031500013377807633 0.02282551322390039 0.022197266542006214
leaf_weight=433.68348926134581 207.90003924533812 129.10979653857157 22.152636812592391 280.19310402627161 97.300118662067689 203.6208237405358 9.8909719483926875 320.22725678298264 236.95083885562258 438.1015531951125 100.88048298563808 563.73880647810086 42.023521461029304 177.78237817746412
leaf_count=31175 10819 6633 183 683 2873 10587 55 61210 24129 6318 1439 33722 947 5147
internal_value=5.53077e-10 -0.0168472 -0.0303249 0.0397032 0.00250527 -0.00657215 -0.0185054 -0.0207214 -0.022658 0.0256384 0.0354131 -0.029788 0.0662808 0.00905107
internal_weight=3263.56 2295.34 1349.69 968.218 945.644 747.464 916.01 893.857 366.061 646.002 198.181 573.63 322.217 381.403
internal_count=195920 177153 126345 18767 50808 46496 95170 94987 30762 17137 4312 33777 1630 15734
is_linear=0
shrinkage=0.05


Tree=4
num_leaves=15
num_cat=0
split_feature=2 0 29 45 44 3 49 2 44 20 19 32 17 19
split_gain=712.838 211.19 181.545 113.507 71.6587 64.9517 50.8928 49.14 46.8071 57.6346 45.3411 41.2772 35.6336 34.0897
threshold=0.0094788861460983771 0.015038444194942715 0.96275305747985851 0.00024511291121598339 0.94415250420570385 0.014389234129339458 0.49583467841148382 0.011173533275723459 0.058597551658749587 0.0013758011045865717 0.25110314786434179 2.2924837470054631 0.028174603357911113 0.010013033635914327
decision_type=2 2 2 2 2 2 2 2 2 2 2 2 2 2
left_child=2 4 3 6 7 8 -1 -2 12 -10 -3 -9 -5 -13
right_child=1 10 -4 5 -6 -7 -8 11 9 -11 -12 13 -14 -15
leaf_value=-0.053170434822526459 -0.018927196133336752 0.063824767245576564 0.028882276858736983 -0.046209993969383363 0.046954335977910322 0.036345073036742025 -0.0061446850280596427 -0.023985110284021987 0.050935631041709298 -0.01524364500066723 0.01901463327745306 -0.025933484583826993 -0.0065570215813517867 0.022078204250380099
leaf_weight=367.10118274875185 137.35657526225032 366.9447576032253 170.18604463977681 212.93781575126116 124.63973636065202 47.049360092991265 71.221015756253564 56.198329685721546 24.501837332267314 932.12224951615542 78.994928784915828 31.914566880150232 80.910817468004097 450.4272545328954
leaf_count=23718 10934 932 6577 14600 2501 1970 5926 485 97 106103 2220 837 2336 16684
internal_value=1.04879e-09 0.0292677 -0.0191929 -0.0240447 0.0136003 -0.0163887 -0.0458369 0.00685467 -0.0186454 -0.0130392 0.0564781 0.0136556 -0.0358667 0.0184393
internal_weight=3152.51 1246.48 1906.03 1735.84 800.536 1297.52 438.322 675.897 1250.47 956.624 445.94 538.54 293.849 482.342
internal_count=195920 34593 161327 154750 31441 125106 29644 28940 123136 106200 3152 18006 16936 17521
is_linear=0
shrinkage=0.05


Tree=5
num_leaves=15
num_cat=0
split_feature=2 0 29 45 44 17 20 2 49 2 36 0 1 19
split_gain=660.846 147.035 145.868 99.7717 72.3348 63.3996 55.9987 49.8167 46.7824 40.909 40.5099 37.9158 35.4682 44.4296
threshold=0.0094788861460983771 0.015038444194942715 0.96275305747985851 0.00024511291121598339 0.94415250420570385 0.03637566231191159 0.0013758011045865717 0.011173533275723459 0.49583467841148382 0.0082305916585028189 0.79057019948959362 0.0093898782506585139 0.013793759513646366 0.28696425259113317
decision_type=2 2 2 2 2 2 2 2 2 2 2 2 2 2
left_child=2 4 3 8 7 6 9 -2 -1 -5 -10 -8 -3 -14
right_child=1 12 -4 5 -6 -7 11 -9 10 -11 -12 -13 13 -15
leaf_value=-0.052322782387425285 -0.019353842576828643 0.020858438876309091 0.025255565618158445 -0.034101680890058474 0.044665204516914025 0.0069348821632357147 -0.027887656179655631 0.014177256236867278 -0.027229346155990649 0.061085222348300411 0.04728992710903665 -0.00021224134957164469 0.064269777507137124 0.005584049450402394
leaf_weight=337.45905919795473 130.34314399106597 96.08785508920846 160.5994567481539 8.9167382045123968 153.51810098218266 233.44153927840784 851.16406812811476 526.43908520336481 52.482862884304723 25.584635171457194 15.873293126478528 144.70768869938001 309.07686347185518 38.110687961307121
leaf_count=23718 10934 1861 6577 426 2501 17333 97695 18006 5623 34 303 9618 631 660
internal_value=3.97144e-10 0.0278425 -0.0191178 -0.0235109 0.0148636 -0.0163539 -0.0216462 0.00733231 -0.0448705 0.0343496 -0.00609807 -0.0239083 0.0507164 0.0581645
internal_weight=3083.81 1253.58 1830.23 1669.63 810.3 1263.81 1030.37 656.782 405.815 34.5014 68.3562 995.872 443.275 347.188
internal_count=195920 34593 161327 154750 31441 125106 107773 28940 29644 460 5926 107313 3152 1291
is_linear=0
shrinkage=0.05


Tree=6
num_leaves=15
num_cat=0
split_feature=2 0 44 29 15 29 44 17 15 21 19 30 24 34
split_gain=597.222 161.654 130.045 83.8852 75.4831 56.6902 54.3255 40.7785 39.9286 36.3161 31.94 28.7046 27.8937 33.9811
threshold=0.0094788861460983771 0.015038444194942715 0.058597551658749587 0.96407735347747814 0.021856535226106647 0.0089094480499625223 0.94415250420570385 0.037749288603663451 0.024689476937055591 0.77308562397956859 0.25110314786434179 0.012512466870248319 0.018104675225913528 0.4428905993700028
decision_type=2 2 2 2 2 2 2 2 2 2 2 2 2 2
left_child=2 6 4 5 -1 -4 7 9 11 -2 -3 -7 -9 -14
right_child=1 10 3 -5 -6 8 -8 12 -10 -11 -12 -13 13 -15
leaf_value=-0.050645146415545808 0.026625113119464028 0.056829787883276063 0.045939533666972884 0.024469771012124178 -0.009312620152242072 -0.025277149457389216 0.038578296350600907 -0.018371543761286802 0.0029130925902896973 -0.021785225196669616 0.016398834454225485 0.00035796977776654933 0.025820419139472396 -0.011572978287096788
leaf_weight=382.39750334945575 40.50735280539493 361.74071517944685 28.277696519158781 150.18508697260404 161.02352269578114 700.15002472358651 156.26588066876866 48.04562944524514 209.97014131930496 166.76699506900695 67.86784227831231 128.71511575015029 327.16485205401659 67.998340590109365
leaf_count=30813 6970 932 231 6120 5215 89541 2501 1094 19784 7204 2220 9623 11573 2099
internal_value=3.43611e-10 0.0265154 -0.0186634 -0.00943696 -0.0387873 -0.0143919 0.0130331 0.00640521 -0.0164565 -0.0115345 0.050961 -0.0213394 0.0148644 0.0192591
internal_weight=2997.08 1236.36 1760.72 1217.3 543.421 1067.11 806.749 650.483 1038.84 207.274 429.609 828.865 443.209 395.163
internal_count=195920 34593 161327 125299 36028 119179 31441 28940 118948 14174 3152 99164 14766 13672
is_linear=0
shrinkage=0.05


Tree=7
num_leaves=15
num_cat=0
split_feature=17 44 0 1 44 44 43 3 23 49 15 30 32 43
split_gain=557.563 179.079 109.328 101.433 89.6236 63.1387 37.3975 25.6182 39.2957 24.7803 24.7322 22.9277 32.2144 30.4309
threshold=0.048809524625539787 0.93896791338920604 0.0093025267124176043 0.016001024283468727 0.058597551658749587 0.060926442965865142 6.1235880851745614 0.01183473411947489 5.2496488094329843 0.53341054916381847 0.043837130069732673 8.9066702457785151e-07 6.1354806423187265 4.1971738338470468
decision_type=2 2 2 2 2 2 2 2 2 2 2 2 2 2
left_child=1 2 4 7 10 -6 -3 8 -2 -8 -1 -7 13 -13
right_child=3 6 -4 -5 5 11 9 -9 -10 -11 -12 12 -14 -15
leaf_value=-0.048327367282222769 -0.011210011800676226 0.034745351340894348 0.0030294671194920019 0.056666327015292367 0.040207669725389347 0.033724270671156631 -0.03226194676515378 0.027260967398839511 0.025991520349922317 0.014123210691645509 0.012875690616751588 -0.026725965527408593 -0.043061236543086134 -0.0051020034979841165
leaf_weight=438.41391276388117 133.9635376491151 171.94244509213149 348.10292344584559 260.91621756597306 34.654882915172493 10.012660226318983 34.419151249341667 464.72586625199074 131.56214237765016 72.040423181228107 13.252376729564274 369.42311166567242 150.10466484656263 294.85837805466804
leaf_count=34225 9528 9116 20634 1630 608 54 325 10385 4473 813 305 17146 12349 74329
internal_value=7.27418e-10 -0.0155909 -0.0218155 0.0303235 -0.0283868 -0.0185486 0.0209682 0.0202729 0.00749688 -0.00235596 -0.0462916 -0.0214708 -0.0225503 -0.0173456
internal_weight=2928.39 1937.22 1658.82 991.168 1310.72 859.054 278.402 730.252 265.526 106.46 451.666 824.399 814.386 664.281
internal_count=195920 169904 159650 26016 139016 104486 10254 24386 14001 1138 34530 103878 103824 91475
is_linear=0
shrinkage=0.05


Tree=8
num_leaves=15
num_cat=0
split_feature=2 0 44 15 29 20 29 17 27 2 35 39 19 44
split_gain=485.887 123.316 102.531 62.7271 60.3277 49.6121 48.2014 39.4041 37.7176 35.2109 30.1158 30.7237 29.7893 29.7559
threshold=0.0094788861460983771 0.015038444194942715 0.058597551658749587 0.021856535226106647 0.96407735347747814 0.01557808229699731 0.0089094480499625223 0.029857398010790352 5.4574534893035898 0.011050061322748663 0.008293510880321266 0.010517418850213291 0.25110314786434179 0.011111139785498382
decision_type=2 2 2 2 2 2 2 2 2 2 2 2 2 2
left_child=2 5 3 -1 6 9 -4 -8 -7 -2 11 -11 -3 -13
right_child=1 12 4 -5 -6 8 7 -9 -10 10 -12 13 -14 -15
leaf_value=-0.047162818568077879 -0.019908921657729207 0.051744893296369991 0.042433743798379553 -0.0088616091772407493 0.020396570591087765 -0.0060385748896083025 -0.020527442177828384 0.0028259791386249576 0.04268998518767337 -0.022411331505282288 -0.012031788336439092 0.05244998433263684 0.012438752826033342 0.014017658015815927
leaf_weight=353.18854782108497 110.70689411477088 350.37388314626878 28.248380186385475 159.1545566233508 144.37700450443663 48.169130919501185 771.37367819516408 232.03600644488506 168.23454100653726 34.737667877227068 105.54586615753942 57.896833760372829 64.34812116761168 248.01317729120638
leaf_count=30813 6252 932 231 5215 6120 1360 94828 24120 12822 898 4466 477 2220 5166
internal_value=-2.01094e-10 0.0243833 -0.0171998 -0.0356623 -0.00892371 0.0123062 -0.0131834 -0.0151524 0.0320559 0.00420167 0.0104891 0.0176111 0.0460826 0.0227214
internal_weight=2876.4 1188.03 1688.38 512.343 1176.04 773.304 1031.66 1003.41 216.404 556.9 446.194 340.648 414.722 305.91
internal_count=195920 34593 161327 36028 125299 31441 119179 118948 14182 17259 11007 6541 3152 5643
is_linear=0
shrinkage=0.05


Tree=9
num_leaves=15
num_cat=0
split_feature=17 44 0 1 44 44 25 2 47 15 43 49 35 30
split_gain=453.36 146.473 91.6678 88.2627 74.9599 54.9853 34.2065 27.0592 25.6426 21.6029 21.5449 27.0583 21.2382 21.5029
threshold=0.048809524625539787 0.93896791338920604 0.0093025267124176043 0.016261236742138866 0.058597551658749587 0.060926442965865142 0.026888050138950351 0.013793759513646366 6.2255475521087655 0.043837130069732673 1.1512925624847414 0.027813561260700229 0.014537502080202104 8.9066702457785151e-07
decision_type=2 2 2 2 2 2 2 2 2 2 2 2 2 2
left_child=1 2 4 7 9 -6 8 -2 -3 -1 -4 -12 13 -7
right_child=3 6 10 -5 5 12 -8 -9 -10 -11 11 -13 -14 -15
leaf_value=-0.045444992501078973 0.0082050895751104233 0.023065151906431384 0.033876076673949804 0.058580149046517239 0.036728544813968651 0.029920163271385265 0.055526789418692636 0.027287020032087734 -0.010204058970256676 0.011785575771485096 -0.021607137045725852 0.0086860417542807371 -0.0071367095688952891 -0.026838620422599758
leaf_weight=408.97900150291139 318.00874525478503 137.32090627671823 38.073325061064679 177.68013076933858 35.814788859745022 9.2927736383862776 43.150815387722105 480.14602846544585 87.912569871172309 13.343242668721357 104.18533465444671 198.34884666012476 234.37074336869 553.81712194339002
leaf_count=34225 17082 8906 530 820 608 54 620 8114 728 305 3533 16571 56593 47231
internal_value=6.64607e-11 -0.0144352 -0.020178 0.0274491 -0.0263757 -0.0173322 0.0192186 0.0198798 0.0101978 -0.043406 0.0027696 -0.00210374 -0.0201848 -0.0253962
internal_weight=2840.44 1864.61 1596.23 975.835 1255.62 833.295 268.384 798.155 225.233 422.322 340.608 302.534 797.481 563.11
internal_count=195920 169904 159650 26016 139016 104486 10254 25196 9634 34530 20634 20104 103878 47285
is_linear=0
shrinkage=0.05


Tree=10
num_leaves=15
num_cat=0
split_feature=2 1 39 24 3 39 20 2 35 47 26 0 35 0
split_gain=423.245 105.18 85.1971 59.0147 59.94 57.9208 42.122 49.2579 43.7013 37.3336 35.2074 28.6851 25.2948 21.9855
threshold=0.0094788861460983771 0.016001024283468727 0.017581918276846412 0.86872348189353954 0.011561079882085325 0.018822688609361652 0.01557808229699731 0.013793759513646366 0.0080897174775600451 6.223567247390748 0.76158499717712413 0.0092167854309082049 0.039081342518329627 0.012422839645296337
decision_type=2 2 2 2 2 2 2 2 2 2 2 2 2 2
left_child=2 6 -1 4 5 -4 7 11 -9 13 -8 -2 -7 -10
right_child=1 -3 3 -5 -6 12 10 8 9 -11 -12 -13 -14 -15
leaf_value=-0.04169531576948101 -0.020839280366345407 0.052700134150616265 0.039217245261528727 0.014832242795340851 0.018700717103521013 -0.022967081946586379 -0.013178039008173912 0.029902935823512656 -0.023542004377515888 -0.0594906808008967 0.039648488579247847 0.0080894460582706315 0.0089946099599496673 0.031015629555248881
leaf_weight=267.87592799628965 149.90814053114673 229.02902114455355 32.531978054319552 181.1495734406999 109.90316015233202 977.00295432051826 31.766357011401851 283.05450445811584 21.846877547010081 17.752386728767306 213.81913010729295 176.22868363317684 60.945858685051462 35.590564980651834
leaf_count=20903 8643 990 577 10292 6870 114941 4913 2844 1174 56 10175 4969 7744 829
internal_value=-4.46628e-10 0.0229865 -0.0163907 -0.0111445 -0.0152221 -0.0188457 0.0151859 0.00856961 0.0211177 -0.0115827 0.0325672 -0.00543197 -0.0210224 0.00985033
internal_weight=2788.41 1159 1629.41 1361.53 1180.38 1070.48 929.967 684.381 358.244 75.1898 245.585 326.137 1037.95 57.4374
internal_count=195920 34593 161327 140424 130132 123262 33603 18515 4903 2059 15088 13612 122685 2003
is_linear=0
shrinkage=0.05


Tree=11
num_leaves=15
num_cat=0
split_feature=17 44 0 45 0 20 1 25 19 49 25 21 29 35
split_gain=408.828 128.103 102.943 71.5728 61.8333 38.6076 38.2701 37.5541 30.587 30.2696 25.7143 25.0972 23.7413 21.325
threshold=0.057189542800188072 0.94415250420570385 0.0093025267124176043 0.00024511291121598339 0.015038444194942715 0.0013758011045865717 0.013423423748463394 0.026625593192875389 0.28352423012256628 0.060495661571621902 0.00052724656416103255 0.81093147397041332 0.96407735347747814 0.014537502080202104
decision_type=2 2 2 2 2 2 2 2 2 2 2 2 2 2
left_child=1 2 3 -1 10 11 -6 12 -8 -7 -2 -5 -3 -11
right_child=4 7 -4 5 6 9 8 -9 -10 13 -12 -13 -14 -15
leaf_value=-0.044433362827851104 -0.018505177207801374 -0.019219294749798638 0.0039365446311404716 0.051301508828226844 0.014031241540701747 -0.028756125442628979 0.05594423238974322 0.053206701101690013 0.0058710247657959907 -0.01861938681098094 0.019207839618546368 -0.025532314220200587 0.018004208556414877 0.002279099145804334
leaf_weight=322.39778439698557 44.379405755662447 48.156873259491476 427.98881077204351 24.234663182869554 101.60066226222989 426.14282240332022 295.5476092689205 54.503617292037234 36.660188643392758 297.72263778991146 314.44929672617036 8.2291104499017802 160.85233899415471 199.04203836327861
leaf_count=28084 1361 2598 23798 11 3334 24098 737 690 777 35138 12558 486 5994 56256
internal_value=-2.43243e-10 -0.0122061 -0.0172224 -0.0242851 0.0300997 -0.0170961 0.0426613 0.0197079 0.0507515 -0.0190747 0.0141683 0.0303991 0.00894176 -0.0103661
internal_weight=2761.91 1969.27 1705.76 1277.77 792.637 955.371 433.808 263.513 332.208 922.907 358.829 32.4638 209.009 496.765
internal_count=195920 177153 167871 144073 18767 115989 4848 9282 1514 115492 13919 497 8592 91394
is_linear=0
shrinkage=0.05


Tree=12
num_leaves=15
num_cat=0
split_feature=2 0 39 44 24 3 39 2 25 35 39 44 19 28
split_gain=378.618 106.928 72.1934 51.7598 50.6467 50.2475 51.9775 28.7903 24.3074 23.9487 23.7363 37.9003 23.2663 21.8023
threshold=0.0094788861460983771 0.015038444194942715 0.017581918276846412 0.94415250420570385 0.86872348189353954 0.011561079882085325 0.018822688609361652 0.011050061322748663 0.025287729687988762 0.039081342518329627 0.010517418850213291 0.011111139785498382 0.25110314786434179 1.7005987167358401
decision_type=2 2 2 2 2 2 2 2 2 2 2 2 2 2
left_child=2 3 -1 7 5 6 -4 -2 -5 -8 -9 -12 -3 -13
right_child=1 12 4 8 -6 -7 9 10 -10 -11 11 13 -14 -15
leaf_value=-0.039452505316466026 -0.017676812757103744 0.048793450618518835 0.036339925792088883 0.016500448957781407 0.01289589553184909 0.016094522024399167 -0.022268071165429802 -0.025882732758118105 0.05923255170114148 0.008038072153010908 0.045998177082397521 -0.034066803813383437 0.012421025486645842 0.0094708694708430484
leaf_weight=256.57843023164241 112.25838589712339 317.6602534285048 33.356946609765146 85.766586002777331 186.22056395077561 111.81719973786221 943.74688886851163 34.5264045936201 59.256862477632239 65.090066692273922 62.117699822585564 21.344150612363592 60.304853500405443 370.72792784990543
leaf_count=20903 10260 932 577 2072 10292 6870 114941 902 429 7744 512 368 2220 16898
internal_value=9.78892e-11 0.0221216 -0.0156117 0.0108785 -0.0107892 -0.0146892 -0.0181135 0.00416009 0.0366554 -0.020253 0.00942991 0.012614 0.0434599 0.00631237
internal_weight=2720.77 1123.96 1596.81 745.998 1340.23 1154.01 1042.19 600.975 145.023 1008.84 488.716 454.19 377.965 392.072
internal_count=195920 34593 161327 31441 140424 130132 123262 28940 2501 122685 18680 17778 3152 17266
is_linear=0
shrinkage=0.05


Tree=13
num_leaves=15
num_cat=0
split_feature=17 15 44 1 44 29 25 0 3 44 25 30 45 35
split_gain=345.609 111.031 75.2966 56.4618 55.7471 42.0513 34.4886 30.3576 23.2272 29.2602 23.1034 22.2825 19.754 18.4488
threshold=0.057189542800188072 0.020558960735797886 0.058597551658749587 0.016261236742138866 0.94415250420570385 0.0089094480499625223 0.015017800964415075 0.0093898782506585139 0.013986697886139156 0.010352277196943762 0.019097819924354557 8.9066702457785151e-07 0.0005663227930199356 0.02628120128065348
decision_type=2 2 2 2 2 2 2 2 2 2 2 2 2 2
left_child=1 2 -1 8 7 -4 11 12 9 -2 -6 -7 -3 -13
right_child=3 4 5 -5 10 6 -8 -9 -10 -11 -12 13 -14 -15
leaf_value=-0.04090719852003305 0.043138440424197642 -0.032156835346801582 0.040200783144017288 0.053059850625301525 0.0051879425614095084 0.031993480457101868 -0.0011394694158869719 0.0068248883877842451 0.029077875117529375 0.0011657269735505708 0.044517201485235941 -0.026989974656865569 -0.0053244904922967748 0.012268606535513281
leaf_weight=333.3421512459654 40.981806943076663 97.695798497137275 26.694438489037566 170.20442102983361 64.935794900280598 9.7394618617836368 288.08575901738914 331.21046236204347 328.62879464165962 227.01730618561578 88.366878154105507 455.03966941749377 203.07639193733303 26.429054683794675
leaf_count=31559 336 6574 187 820 2306 56 62566 15440 6225 11386 1331 33352 22822 960
internal_value=8.50166e-10 -0.0113117 -0.0212146 0.0281706 0.00314205 -0.0126686 -0.014966 -0.00353429 0.0203126 0.00890497 0.029196 -0.0228906 -0.0147944 -0.0246292
internal_weight=2691.45 1924.62 1139.33 766.832 785.285 805.988 779.294 631.983 596.628 267.999 153.303 491.208 300.772 481.469
internal_count=195920 177153 128680 18767 48473 97121 96934 44836 17947 11722 3637 34368 29396 34312
is_linear=0
shrinkage=0.05


Tree=14
num_leaves=15
num_cat=0
split_feature=2 0 49 45 44 17 20 2 2 19 25 35 15 1
split_gain=313.533 91.0238 64.943 69.2997 47.3858 36.9836 29.6243 27.489 27.3143 26.7185 22.4754 22.2109 22.9892 19.9674
threshold=0.0094788861460983771 0.015038444194942715 0.47050817310810095 0.00026880060613621032 0.94415250420570385 0.074175827205181136 0.0013758011045865717 0.0082305916585028189 0.011299795936793091 0.25110314786434179 0.025287729687988762 0.039081342518329627 0.021206120029091838 0.013423423748463394
decision_type=2 2 2 2 2 2 2 2 2 2 2 2 2 2
left_child=2 4 3 -1 8 6 7 -5 -2 13 -6 12 -8 -3
right_child=1 9 -4 5 10 -7 11 -9 -10 -11 -12 -13 -14 -15
leaf_value=-0.039970600733854847 -0.015905465704227791 0.012225379502716979 0.0068117139219239335 -0.029313019353168719 0.014673174245667482 0.028486880525756431 -0.023966788505026315 0.049534850616205425 0.0093721151667336324 0.0085787171825807123 0.056647916254840017 0.010471439483459848 -0.0055954449206757715 0.051933590815573874
leaf_weight=296.67711823696595 128.71120386183793 44.210254284262192 291.33440675904285 8.5210682560136757 77.156145431566983 43.356109672386083 586.37261154026351 24.028043134603649 459.53646596017325 60.039045274344971 59.284881073748693 64.827366591811369 248.73087625363814 256.46685892611276
leaf_count=24120 11611 294 75156 445 2072 809 47704 34 17329 2220 429 3260 9799 638
internal_value=5.14935e-10 0.0205405 -0.0142963 -0.0191443 0.0100696 -0.0124713 -0.0146577 0.0268552 0.00366785 0.0407378 0.0355345 -0.0164378 -0.0186259 0.0466765
internal_weight=2649.25 1085.4 1563.85 1272.51 724.689 975.836 932.48 32.5491 588.248 360.716 136.441 899.931 835.103 300.677
internal_count=195920 34593 161327 86171 31441 62051 61242 479 28940 3152 2501 60763 57503 932
is_linear=0
shrinkage=0.05


Tree=15
num_leaves=15
num_cat=0
split_feature=17 44 0 0 44 44 24 19 25 47 29 1 15 43
split_gain=287.019 95.6026 65.7947 56.5401 48.7962 41.2684 37.2457 35.8345 32.5026 22.655 21.9841 18.5569 18.227 17.2996
threshold=0.048809524625539787 0.93896791338920604 0.015268065501004459 0.0093025267124176043 0.058597551658749587 0.060926442965865142 0.018104675225913528 0.25110314786434179 0.026888050138950351 6.2255475521087655 0.010645450092852117 0.013423423748463394 0.043837130069732673 1.1512925624847414
decision_type=2 2 2 2 2 2 2 2 2 2 2 2 2 2
left_child=1 3 6 4 12 -6 -2 11 9 -3 -8 -4 -1 -5
right_child=2 8 7 13 5 -7 10 -9 -10 -11 -12 -13 -14 -15
leaf_value=-0.038426722137753409 -0.026086433547256895 0.01972422593961537 0.015273293215128653 0.029924691213872374 0.033016150225730359 -0.016953161853907567 0.04702424026558797 0.0023795629108110967 0.049275241259477673 -0.013440909695046126 0.011942469634392805 0.051875906074023939 0.013127030661197983 -0.0028605127802443196
leaf_weight=369.42641804102345 50.214756333964033 116.42410985962579 52.257812845084118 36.427568240847904 34.664992956997594 731.42623823692134 41.952520608261693 56.553275417252735 48.863173929566983 77.898944865446538 447.37256246336074 244.25032244573231 13.343499094713478 292.94626271956759
leaf_count=34225 1366 8906 594 530 608 103878 225 2834 620 728 20375 622 305 20104
internal_value=-2.69647e-10 -0.0119169 0.0228596 -0.0166948 -0.0218909 -0.0142958 0.0115267 0.0393837 0.0166386 0.00642206 0.0158317 0.0461337 -0.0363411 0.00154033
internal_weight=2614.02 1721.42 892.601 1478.23 1148.86 766.091 539.54 353.061 243.186 194.323 489.325 296.508 382.77 329.374
internal_count=195920 169904 26016 159650 139016 104486 21966 4050 10254 9634 20600 1216 34530 20634
is_linear=0
shrinkage=0.05


Tree=16
num_leaves=15
num_cat=0
split_feature=2 0 49 44 29 30 29 29 1 22 40 25 3 19
split_gain=260.538 95.1901 57.9539 47.4987 28.592 31.6955 23.4663 63.6246 36.1793 31.9593 24.8275 21.0223 19.3393 19.2767
threshold=0.0080972984433174151 0.015038444194942715 0.023849334567785267 0.94415250420570385 0.96275305747985851 0.0014667967916466298 0.010645450092852117 0.00569799728691578 0.0089687905274331587 6.8007264137268075 0.015774585306644443 0.025287729687988762 0.014815627597272398 0.25110314786434179
decision_type=2 2 2 2 2 2 2 2 2 2 2 2 2 2
left_child=2 3 12 6 5 -4 7 -2 10 -9 -8 -5 -1 -3
right_child=1 13 4 11 -6 -7 8 9 -10 -11 -12 -13 -14 -15
leaf_value=-0.032185456280142931 -0.020627980054729024 0.043856924899304789 -0.023780246004102629 0.014481984955370862 0.013252072607656899 -0.003501396381846246 -0.023925283348776791 -0.015732943107223171 0.0095501675347451492 0.055973452129762305 0.0082810486333430976 0.053350405050103349 0.017419959567506142 0.010159980155482876
leaf_weight=409.49847179919948 54.406302947289078 285.87336554976355 306.64581504610555 90.357575095362336 128.99735324411449 503.02061283712419 201.21116164980003 14.419634447694987 303.61863124854062 74.601962052285671 77.625371763874227 60.247509431792423 14.614918625593416 57.894163026561728
leaf_count=30224 2727 964 45549 2853 5804 65846 13872 845 9457 100 14518 523 184 2454
internal_value=9.06007e-10 0.0167097 -0.0149749 0.00777367 -0.0078892 -0.011378 0.00229677 0.0197011 -0.00224919 0.0439426 -0.0149831 0.0323845 -0.0301142 0.0386296
internal_weight=2583.03 1220.26 1362.78 876.488 938.664 809.666 725.883 143.428 582.455 89.0216 278.837 150.605 424.113 343.768
internal_count=195920 48313 147607 44895 117199 111395 41519 3672 37847 945 28390 3376 30408 3418
is_linear=0
shrinkage=0.05


Tree=17
num_leaves=15
num_cat=0
split_feature=17 44 0 0 45 25 20 19 24 47 49 29 21 3
split_gain=242.119 80.759 57.6674 50.9894 43.2342 30.8971 29.8976 26.2636 25.3799 23.072 22.7612 22.5864 18.4703 17.2761
threshold=0.048809524625539787 0.93896791338920604 0.015504807699471714 0.0093025267124176043 0.00024511291121598339 0.026625593192875389 0.0013758011045865717 0.21182655543088916 0.022951742634177211 6.2255475521087655 0.047991037368774421 0.010645450092852117 0.81093147397041332 0.01183473411947489
decision_type=2 2 2 2 2 2 2 2 2 2 2 2 2 2
left_child=1 3 8 4 -1 9 12 -4 -2 -3 -8 -10 -6 -13
right_child=2 5 7 -5 6 -7 10 -9 11 -11 -12 13 -14 -15
leaf_value=-0.037735783488184349 -0.017389538550784355 0.018409425998527202 0.045360561246740982 0.0018747396811363707 0.045667833126718599 0.045644500474451843 -0.026476609860455469 0.0041247181732874004 0.04561762559018858 -0.015563997389035258 -0.0093372948371630623 -0.0010123190364644955 -0.02188791534942075 0.018684297526752755
leaf_weight=269.96189936683754 58.501830207678722 113.76966149986583 246.6580953558514 325.76104023648986 23.300995711237196 53.031553038221318 335.19115586356838 47.951464170604595 46.199038438149728 74.369436972541735 482.6578963204845 175.01902586872438 7.5271109947061623 291.25613108717334
leaf_count=27036 1600 8856 886 20634 11 675 21949 2359 190 723 89541 12192 479 8789
internal_value=-2.74232e-10 -0.0110258 0.0213515 -0.0154961 -0.0205265 0.0152982 -0.0146766 0.0390046 0.0117284 0.00487235 -0.0165967 0.0153216 0.0278522 0.011425
internal_weight=2551.16 1685.57 865.586 1444.4 1118.64 241.171 848.677 294.61 570.976 188.139 817.849 512.474 30.8281 466.275
internal_count=195920 169904 26016 159650 139016 10254 111980 3245 22771 9579 111490 21171 490 20981
is_linear=0
shrinkage=0.05


Tree=18
num_leaves=15
num_cat=0
split_feature=2 0 49 44 29 32 30 17 29 29 3 22 32 25
split_gain=220.825 79.1649 49.7296 42.7254 24.092 26.1015 23.821 22.3598 22.0882 56.6449 30.5806 27.3456 21.1881 20.3681
threshold=0.0080972984433174151 0.015038444194942715 0.026486820541322235 0.94415250420570385 0.96275305747985851 6.1354806423187265 8.9066702457785151e-07 0.064583335071802153 0.010645450092852117 0.00569799728691578 0.0092167854309082049 6.8007264137268075 2.2924837470054631 0.025287729687988762
decision_type=2 2 2 2 2 2 2 2 2 2 2 2 2 2
left_child=2 3 7 8 5 -4 -7 -1 9 -2 -10 -11 -12 -5
right_child=1 -3 4 13 -6 6 -8 -9 10 11 12 -13 -14 -15
leaf_value=-0.030635528163250648 -0.019290596122901148 0.036208842982356396 -0.0055711240422916305 0.013289073481854322 0.012074227353175317 0.028736860465436272 -0.032768601548135261 0.014571774953047838 -0.015032811954643463 -0.014264734481074222 -0.027486486785055188 0.053172655011665661 0.012158916844608146 0.051922006574094341
leaf_weight=400.4230163013724 53.206669380859239 327.18441706630983 618.34953040093365 87.001178313039418 130.53866895229294 9.784061554422804 153.92419336263356 23.60247459889797 249.4794380141675 13.854429356433682 28.429071336053312 74.038982113823295 291.75585924539246 58.785361212678254
leaf_count=30938 2727 3418 95293 2853 5804 42 15110 420 22848 845 311 100 14688 523
internal_value=4.62659e-11 0.0156573 -0.0138796 0.00747974 -0.00716104 -0.0104836 -0.02765 -0.0278414 0.00224906 0.0192522 -0.00222191 0.0421714 0.00791297 0.0311999
internal_weight=2520.36 1183.74 1336.62 856.551 912.596 782.058 163.708 424.025 710.764 141.1 569.664 87.8934 320.185 145.787
internal_count=195920 48313 147607 44895 116249 110445 15152 31358 41519 3672 37847 945 14999 3376
is_linear=0
shrinkage=0.05


Tree=19
num_leaves=15
num_cat=0
split_feature=2 1 49 30 20 2 48 3 27 35 18 49 15 26
split_gain=204.955 70.8449 47.1112 50.8828 29.5094 34.547 37.6328 29.2802 28.77 23.7101 21.5215 21.3137 18.7047 16.1179
threshold=0.0080972984433174151 0.016001024283468727 0.47050817310810095 0.00046586844837293034 0.01557808229699731 0.013986697886139156 0.18716659396886828 0.012270400300621988 5.4574534893035898 0.0080897174775600451 6.5896136760711679 0.035629786550998695 0.043837130069732673 0.78963673114776622
decision_type=2 2 2 2 2 2 2 2 2 2 2 2 2 2
left_child=2 4 3 -1 5 6 -2 11 -6 10 -7 -5 -8 -14
right_child=1 -3 -4 7 8 9 12 -9 -10 -11 -12 -13 13 -15
leaf_value=-0.037659119348326747 0.032321659260450782 0.04284449437780876 0.0057283850974617018 -0.025067706343519555 -0.0039769360073123776 0.0068160287260391741 -0.018159755499364928 0.016959355057298436 0.033496241000830762 -0.009525704380641653 0.03777145057739982 -0.0077014452654825469 0.01494486713407959 -0.017354527266065355
leaf_weight=245.05729968210562 51.093244421026611 183.98303851860692 253.38094303314347 294.14315917214162 66.411870528769214 104.88819406334369 242.59995851316171 72.12565239280957 188.24709864873375 58.975119820541295 125.57290127448505 454.60517191050167 100.93176678863801 49.577254054076548
leaf_count=25017 428 1054 68180 17534 1997 1988 16893 1795 18850 1872 625 35081 2500 2106
internal_value=-3.98492e-10 0.0151453 -0.0134701 -0.0180446 0.00961125 0.00438148 -0.00437821 -0.0118062 0.0239427 0.0175224 0.0245523 -0.0147642 -0.00983165 0.00388717
internal_weight=2491.59 1172.28 1319.31 1065.93 988.297 733.638 444.202 820.874 254.659 289.436 230.461 748.748 393.109 150.509
internal_count=195920 48313 147607 79427 47259 26412 21927 54410 20847 4485 2613 52615 21499 4606
is_linear=0
shrinkage=0.05


Tree=20
num_leaves=15
num_cat=0
split_feature=17 25 0 1 44 25 44 24 20 35 25 2 52 15
split_gain=189.554 68.4611 50.0719 38.5398 34.573 23.5582 23.062 44.5359 23.9635 24.4086 17.6836 21.5854 15.1129 15.558
threshold=0.057189542800188072 0.015017800964415075 0.009569597430527212 0.016261236742138866 0.75348928570747387 0.026625593192875389 0.058597551658749587 0.065297544002532973 0.0013758011045865717 0.014565378427505495 0.0051897524390369662 0.00766294775530696 1.0000000180025095e-35 0.062265995889902122
decision_type=2 2 2 2 2 2 2 2 2 2 2 2 2 2
left_child=1 2 6 12 -3 -6 -1 8 -8 -10 11 -4 13 -2
right_child=3 4 10 -5 5 -7 7 -9 9 -11 -12 -13 -14 -15
leaf_value=-0.031018927532308789 0.011870226223728278 -0.0044556981449127286 -0.0085164735170645649 0.044816438001003656 0.0086442034423356556 0.04268741337363393 0.038263757251752323 -0.022847473437902027 -0.015213435496906878 0.030658199450299951 -0.011041252421066142 0.025859060923496026 0.0041523268420412289 0.034080351829271036
leaf_weight=343.81855574059591 199.56236645691752 326.27461776109578 68.896024902606769 142.28217369552294 157.58438375146346 70.324495331804144 36.109350981336377 419.87854382799213 101.13048286668482 29.336154028947931 129.04460226157971 105.87480342118579 192.81189824617468 142.41166954298387
leaf_count=33050 12535 47098 2717 820 14098 32579 423 32052 7200 907 5399 1630 3529 1883
internal_value=-4.91333e-10 -0.00853524 -0.0150534 0.0223394 0.00598943 0.0205015 -0.0207568 -0.0143213 0.00724683 -0.00345065 0.00251508 0.0125804 0.0156464 0.0218249
internal_weight=2465.34 1788.27 1234.09 677.068 554.183 227.909 930.273 586.455 166.576 130.467 303.815 174.771 534.786 341.974
internal_count=195920 177153 83378 18767 93775 46677 73632 40582 8530 8107 9746 4347 17947 14418
is_linear=0
shrinkage=0.05


Tree=21
num_leaves=15
num_cat=0
split_feature=0 2 49 44 3 39 29 22 3 25 3 44 29 30
split_gain=175.411 79.7549 51.0107 35.0347 24.982 23.0248 49.2757 39.0951 28.8944 18.3369 16.5634 16.4313 15.9266 14.7868
threshold=0.015038444194942715 0.0080972984433174151 0.074692431837320342 0.94415250420570385 0.013793759513646366 0.010517418850213291 0.010645450092852117 6.8007264137268075 0.011173533275723459 0.025287729687988762 0.015268065501004459 0.0509408786892891 0.9731261432170869 0.0097130895592272299
decision_type=2 2 2 2 2 2 2 2 2 2 2 2 2 2
left_child=1 2 10 5 11 -3 7 -7 -8 -5 -1 -2 13 -4
right_child=4 3 12 9 -6 6 8 -9 -10 -11 -12 -13 -14 -15
leaf_value=-0.024984993974602337 0.028063911175927121 -0.024908968416059798 -0.0097384817993133171 0.011034397429587155 0.039234876281866365 -0.015727311852858982 -0.011789712641741253 0.052088168153338478 0.01104842812217244 0.048593424791948212 0.021455981541452326 -0.014833411612536346 0.019216610712008593 0.010299817763914752
leaf_weight=593.68463289360329 31.056917157067801 62.658905995733221 493.3847317215475 79.665691245480048 273.07900383247761 23.297520118576358 292.18244224687828 73.477808464318514 245.78868475994273 55.947032166644931 12.573406415729549 39.549209788172448 59.225335178198293 104.05644479225157
leaf_count=44032 249 2617 91253 2853 1733 1591 27511 99 9701 523 148 2866 2172 8572
internal_value=3.83071e-11 -0.00547204 -0.0133518 0.00649106 0.0325821 0.00180672 0.00478939 0.0358184 -0.0013442 0.0288024 -0.0236893 0.00517621 -0.00359575 -0.0061363
internal_weight=2439.63 2095.94 1262.92 833.018 343.685 697.405 634.746 96.7753 537.971 135.613 606.258 70.6061 656.667 597.441
internal_count=195920 191072 146177 44895 4848 41519 38902 1690 37212 3376 44180 3115 101997 99825
is_linear=0
shrinkage=0.05


Tree=22
num_leaves=15
num_cat=0
split_feature=2 15 44 44 29 3 21 25 44 0 25 24 34 0
split_gain=164.13 68.2144 47.1378 30.2068 26.5119 24.4096 24.4094 24.2711 24.2404 19.8146 17.4512 14.4117 13.8025 15.4158
threshold=0.013986697886139156 0.020558960735797886 0.058597551658749587 0.94415250420570385 0.0089094480499625223 0.014185110572725536 0.76832255721092235 0.015017800964415075 0.11531645432114603 0.013606071937829258 0.025287729687988762 0.065297544002532973 0.0065216058865189561 0.016001024283468727
decision_type=2 2 2 2 2 2 2 2 2 2 2 2 2 2
left_child=1 2 -1 5 -4 6 -3 11 12 -7 -5 -6 13 -2
right_child=8 3 4 10 7 9 -8 -9 -10 -11 -12 -13 -14 -15
leaf_value=-0.031997602327683887 -0.027487503972662045 0.021897629392057246 0.034631660692289429 0.0088653313822558821 -0.0018300476873565671 -0.0044972626420152753 -0.0084301881413613791 0.0011158738071203199 0.0094493074139988045 0.0359029879681282 0.043494815488501572 -0.022448730093327537 0.036651559596141761 0.025963895844688851
leaf_weight=289.91822275474192 14.418381135794332 65.874616380621319 24.709372956829611 98.92857345660741 114.52193048715344 47.93517119693206 534.32282721225056 285.69659443021038 173.56953061183503 64.259738974069478 54.652831708313897 337.98623214948742 290.12343750256696 20.231002439279109
leaf_count=31742 235 26116 188 3935 7168 2890 22442 63404 6556 927 714 27701 1859 43
internal_value=-5.94831e-10 -0.00666128 -0.0151523 0.0037171 -0.00841973 -0.000722146 -0.00479725 -0.0103044 0.0252749 0.0196866 0.023094 -0.0173829 0.0331978 0.00254683
internal_weight=2417.15 1918.81 1052.83 865.974 762.914 712.392 600.197 738.205 498.342 112.195 153.581 452.508 324.773 34.6494
internal_count=195920 187227 130203 57024 98461 52375 48558 98273 8693 3817 4649 34869 2137 278
is_linear=0
shrinkage=0.05


Tree=23
num_leaves=15
num_cat=0
split_feature=0 2 49 44 3 29 29 15 1 49 25 3 29 39
split_gain=152.053 66.5044 44.3518 31.6549 21.2657 20.9397 44.4029 25.365 25.1576 17.6417 16.8063 15.5235 15.4334 14.3765
threshold=0.015038444194942715 0.0080972984433174151 0.074692431837320342 0.94415250420570385 0.013793759513646366 0.010645450092852117 0.00569799728691578 0.023276702500879768 0.0089687905274331587 0.055274128913879401 0.025287729687988762 0.015268065501004459 0.9731261432170869 0.25172372162342077
decision_type=2 2 2 2 2 2 2 2 2 2 2 2 2 2
left_child=1 2 11 5 -2 6 -3 -8 9 -7 -5 -1 -4 -10
right_child=4 3 12 10 -6 8 7 -9 13 -11 -12 -13 -14 -15
leaf_value=-0.023476940606796406 0.0051753873500198612 -0.016664168510081744 -0.0058055625383061559 0.01028647605644417 0.037190271977454593 -0.030263934228167484 0.052378674908803137 -0.0072723501701770421 0.015867812819040098 -0.003711649255781397 0.046606651075885103 0.021424165091970603 0.019122556956607431 -0.0061105802101156619
leaf_weight=576.61631056216447 68.451626958150882 50.949256847088691 592.2998351625231 78.294910344180607 262.8678015225305 93.277928641802589 64.630706092357286 20.483680009027012 172.89790666539511 167.09518945482006 54.148880422115326 12.47987033647223 59.438264611875638 118.27500100672023
leaf_count=44032 3115 2727 99825 2853 1733 4454 392 553 3097 23936 523 148 2172 6360
internal_value=6.1096e-10 -0.00509639 -0.0123591 0.00590944 0.0309213 0.00144371 0.0182913 0.0387677 -0.00296424 -0.0139914 0.0273652 -0.022184 -0.00327751 0.00703368
internal_weight=2392.21 2060.89 1240.83 820.053 331.319 687.61 136.064 85.1144 551.546 260.373 132.444 589.096 651.738 291.173
internal_count=195920 191072 146177 44895 4848 41519 3672 945 37847 28390 3376 44180 101997 9457
is_linear=0
shrinkage=0.05


Tree=24
num_leaves=15
num_cat=0
split_feature=2 15 44 40 29 19 3 24 49 24 4 49 35 0
split_gain=137.578 59.233 38.9427 29.0075 24.9174 23.8009 21.2361 20.8657 19.6499 19.4898 16.2844 16.0704 15.8189 15.778
threshold=0.013986697886139156 0.019394461996853355 0.058597551658749587 0.020908017642796043 0.0089094480499625223 0.20373245328664782 0.014389234129339458 0.8669041395187379 0.46302691102027899 0.192951574921608 0.0077822189778089532 0.060495661571621902 3.9212956835399389e-05 0.013423423748463394
decision_type=2 2 2 2 2 2 2 2 2 2 2 2 2 2
left_child=1 2 -1 6 -4 -2 8 9 10 11 12 -6 -3 -8
right_child=5 3 4 -5 7 -7 13 -9 -10 -11 -12 -13 -14 -15
leaf_value=-0.030158362658129274 0.031012181724913324 0.027407069613858893 0.033969917121528886 0.024591860730269602 -0.01898344864429885 0.0065971237139159124 -0.0042473808300655556 0.009683273213603856 0.012624624938952309 -0.024540853017884376 -0.016770466156844355 0.0022559881832652923 -0.0045708293646011203 0.03419673832865746
leaf_weight=273.35662542090279 328.88984350788087 36.113155613216804 24.087195038213395 125.66528832228767 135.62630618515067 150.68442012220839 39.855062110935251 106.49783930956437 134.5889179045721 235.67042824050162 262.00314221293752 224.5673695906205 229.85571216283995 60.132378337933915
leaf_count=31072 2321 1213 184 20174 8413 6372 1646 7416 16768 66340 11462 12694 9174 671
internal_value=5.50231e-10 -0.00609571 -0.0143828 0.00328881 -0.00811767 0.0236323 -0.000494735 -0.0100176 -0.00381936 -0.0136405 -0.00816796 -0.00603821 0.000606905 0.01988
internal_weight=2367.59 1888.02 999.806 888.214 726.449 479.574 762.548 702.362 662.561 595.864 527.972 360.194 265.969 99.9874
internal_count=195920 187227 126119 61108 95047 8693 40934 94863 38617 87447 21849 21107 10387 2317
is_linear=0
shrinkage=0.05


Tree=25
num_leaves=15
num_cat=0
split_feature=0 2 20 20 30 45 24 22 19 15 34 1 49 3
split_gain=126.025 57.581 38.2744 30.008 25.7396 28.3092 23.6529 44.7569 21.6066 20.4077 20.0347 18.8425 18.6486 18.5634
threshold=0.015038444194942715 0.0080972984433174151 0.010882931761443617 0.025692277587950233 0.00064653743174858402 1.3942661553301152e-05 0.026537221856415275 6.8007264137268075 0.25110314786434179 0.012121656909585001 0.10085128620266916 0.014389234129339458 0.55497553944587719 0.011173533275723459
decision_type=2 2 2 2 2 2 2 2 2 2 2 2 2 2
left_child=1 2 9 4 5 -3 7 -7 11 -1 -11 -2 -8 -6
right_child=8 3 -4 -5 13 6 12 -9 -10 10 -12 -13 -14 -15
leaf_value=-0.028003122868680137 0.011606180847589491 -0.019913687838670393 -0.0018254449388441553 0.03665167637837035 -0.014331715553215172 -0.022901650565574416 -0.012379252627608044 0.052896475084661214 0.002353603645591193 -0.020934259275930983 0.0037827692646500567 0.043371195638916962 0.019943615543540124 0.0060494138752209773
leaf_weight=339.25030961668233 73.92093424059567 45.764399947167817 561.4516479991712 61.379240576092798 237.47949557578613 18.654584996562335 65.487289274987461 80.377419155091047 64.665549620534875 173.76752829252246 143.26941640998018 181.63433925819118 102.09918035226349 195.7848511594475
leaf_count=38761 807 2813 83951 9338 17454 1565 2859 131 3410 12147 11318 631 5300 5435
internal_value=1.1968e-10 -0.00464975 -0.0114768 0.00566611 0.0026642 0.0133851 0.019614 0.0378275 0.028651 -0.0195822 -0.00999047 0.034966 0.00732706 -0.00519313
internal_weight=2344.99 2024.77 1217.74 807.026 745.647 312.383 266.618 99.032 320.221 656.287 317.037 255.555 167.586 433.264
internal_count=195920 191072 146177 44895 35557 12668 9855 1696 4848 62226 23465 1438 8159 22889
is_linear=0
shrinkage=0.05


Tree=26
num_leaves=15
num_cat=0
split_feature=2 1 49 30 44 3 39 18 21 1 24 25 35 15
split_gain=115.847 49.348 34.2143 42.0345 22.9018 21.9976 20.8062 18.4745 28.5785 34.2632 16.0008 15.9305 14.9394 15.1384
threshold=0.0080972984433174151 0.016001024283468727 0.47050817310810095 0.00046586844837293034 0.94415250420570385 0.015268065501004459 0.25172372162342077 6.5896136760711679 0.81050875782966625 0.0089687905274331587 0.02548143453896046 0.025287729687988762 0.026048679836094383 0.021524227224290374
decision_type=2 2 2 2 2 2 2 2 2 2 2 2 2 2
left_child=2 4 3 -1 6 12 7 -2 -9 -10 -11 -6 13 -5
right_child=1 -3 -4 5 11 -7 -8 8 9 10 -12 -13 -14 -15
leaf_value=-0.033282029761043795 0.0001064129673809629 0.036829735359078054 0.0063580732454219333 -0.017279756647943439 0.0098821130878176816 0.030803237040075815 -0.0072300465518778589 0.048938816495581294 -0.01771641648169045 -0.011332200756658419 0.029915016925269891 0.04535942137957133 0.0093465042672036241 -0.00044552301582255439
leaf_weight=220.35341432354255 261.15320769925279 158.30923171914765 239.52109279642161 494.40127432961128 81.497926243709117 24.267818118663854 269.29904357825171 51.410958477295935 69.293771357624792 23.135375523823313 120.40559746208601 50.902073385659605 78.278653998676077 182.37051169997949
leaf_count=25017 11837 1054 68180 40032 3050 260 28343 57 2112 351 939 570 7236 6882
internal_value=1.3057e-10 0.0118688 -0.0104076 -0.0144479 0.00725895 -0.0087683 0.00389671 0.00962837 0.0186919 0.00951731 0.0229619 0.0257491 -0.0104262 -0.012816
internal_weight=2324.6 1085.41 1239.19 999.672 927.098 779.318 794.698 525.399 264.246 212.835 143.541 132.4 755.05 676.772
internal_count=195920 48313 147607 79427 47259 54410 43639 15296 3459 3402 1290 3620 54150 46914
is_linear=0
shrinkage=0.05


Tree=27
num_leaves=15
num_cat=0
split_feature=0 2 49 20 30 34 24 22 19 1 49 1 40 25
split_gain=110.622 48.5595 34.8331 27.3183 23.6159 23.6959 25.1438 37.0483 19.2638 17.2717 16.36 16.2051 15.247 13.1397
threshold=0.015038444194942715 0.0080972984433174151 0.074692431837320342 0.025692277587950233 0.00064653743174858402 0.0096244290471076983 0.026537221856415275 6.8007264137268075 0.25110314786434179 0.0082988981157541292 0.55497553944587719 0.013423423748463394 0.0086324932053685206 0.0062886751256883153
decision_type=2 2 2 2 2 2 2 2 2 2 2 2 2 2
left_child=1 2 -1 4 5 -3 7 -7 11 -6 -8 -2 -10 -11
right_child=8 3 -4 -5 9 6 10 -9 12 13 -12 -13 -14 -15
leaf_value=-0.019717728911119111 0.0073524350472517139 -0.016891046319375016 -0.002630471521533357 0.034600990534977748 -0.017236797646465501 -0.01869829133356123 -0.01159467890551524 0.053061760027499398 -0.026745229362764231 0.01244419401513349 0.018302838193289633 0.040201954826702288 0.017943365010084464 -0.0093953193733339116
leaf_weight=556.40007100198534 52.523260758054676 49.049806104598247 637.57594328091875 61.814350069491411 169.5985124658821 17.520713125579277 67.854222891641712 72.084288585931063 19.508507461607223 145.35927828631247 103.64698269401583 190.27142314962111 44.264571867068298 114.24179958126706
leaf_count=44180 725 2369 101997 9338 15827 1550 3187 63 565 1887 5499 713 2845 5175
internal_value=7.49507e-11 -0.00433658 -0.0106909 0.00514821 0.00225691 0.0125592 0.0185105 0.0385618 0.027468 -0.00530436 0.00648683 0.0336676 0.0025006 0.00284134
internal_weight=2301.71 1995.15 1193.98 801.17 739.356 310.156 261.106 89.605 306.568 429.2 171.501 242.795 63.7731 259.601
internal_count=195920 191072 146177 44895 35557 12668 10299 1613 4848 22889 8686 1438 3410 7062
is_linear=0
shrinkage=0.05


Tree=28
num_leaves=15
num_cat=0
split_feature=17 2 49 45 44 29 22 15 44 1 32 22 25 1
split_gain=101.89 47.3653 31.6362 33.7686 24.8179 19.5511 39.6514 25.8645 19.4129 18.1769 16.473 16.5228 12.2832 11.3093
threshold=0.074175827205181136 0.0080322581343352812 0.49583467841148382 0.00026880060613621032 0.94415250420570385 0.010645450092852117 6.8007264137268075 0.042276555672287948 0.24135126173496249 0.016261236742138866 2.2924837470054631 6.7996129989624032 0.017053212970495227 0.0082988981157541292
decision_type=2 2 2 2 2 2 2 2 2 2 2 2 2 2
left_child=1 2 3 -1 5 6 -3 8 -7 -2 -9 -12 -6 -5
right_child=9 4 -4 13 12 7 -8 10 -10 -11 11 -13 -14 -15
leaf_value=-0.032160246088871948 0.015074823026341036 -0.021315550534871764 0.006227878279000747 -0.012818168621555047 0.0021475325402370493 -0.023827636548901035 0.034323731315421289 -0.023433164766418199 0.0045440496907433979 0.039379840105615335 -0.0020509641961491839 0.024584114025035377 0.036315880947267377 0.0019946927529088301
leaf_weight=209.8819604536526 255.63420753195896 38.636858433746852 212.31321607922007 576.58317506157482 40.139079991224207 168.97074300825261 92.150874769315124 27.523721288889647 86.687548783873694 117.33482388542325 104.31801866350179 117.82086173631251 74.352313766023144 161.97674708785576
leaf_count=22318 7653 3362 63205 47792 1674 9385 306 281 18520 820 7938 392 1409 10865
internal_value=-5.07775e-11 -0.00469399 -0.0109868 -0.0148651 0.00505389 0.00104159 0.0175404 -0.00348617 -0.0143986 0.0235497 0.00781245 0.0125266 0.0254717 -0.00958625
internal_weight=2284.32 1911.36 1160.76 948.442 750.6 636.109 130.788 505.321 255.658 372.969 249.663 222.139 114.491 738.56
internal_count=195920 187447 144180 80975 43267 40184 3668 36516 27905 8473 8611 8330 3083 58657
is_linear=0
shrinkage=0.05


Tree=29
num_leaves=15
num_cat=0
split_feature=3 2 49 45 40 29 22 26 49 25 49 18 44 35
split_gain=94.1665 49.7082 30.803 33.401 29.1133 26.5125 25.4241 20.1243 18.9925 24.2469 23.6476 18.7614 14.964 12.8853
threshold=0.015038444194942715 0.0080972984433174151 0.47050817310810095 0.00026880060613621032 0.019454861991107467 0.010645450092852117 6.8007264137268075 0.78846433758735668 0.062749680131673827 0.0051897524390369662 0.46302691102027899 6.5771653652191171 0.22545833140611651 0.026048679836094383
decision_type=2 2 2 2 2 2 2 2 2 2 2 2 2 2
left_child=1 2 3 -1 5 6 -3 -2 -7 11 -11 -10 -6 -5
right_child=7 4 -4 13 12 8 -8 -9 9 10 -12 -13 -14 -15
leaf_value=-0.032066816081270842 0.03518905283534713 -0.0097148973132032031 0.0056655813416116602 -0.011581947671862443 -0.0021348586036143407 -0.016008204446092779 0.033846398472424329 0.0065430206734143253 -0.016629983229976178 -0.019223004502243051 0.012018735491049024 0.031489241315008389 0.034627910510733384 0.0087960029700684863
leaf_weight=201.22191759322618 192.29783052347921 44.3494157144886 232.48023513972157 661.09659737405354 35.243290154800889 194.73417464412938 92.080143732950091 95.665986190593685 18.903384432767552 130.56860247715866 97.4994544950207 85.649263410523417 102.42923598476875 80.341740178952477
leaf_count=22128 2506 3325 67407 49537 1227 6174 299 2256 1570 6559 10721 1110 13837 7264
internal_value=-3.51509e-10 -0.00393137 -0.0104438 -0.0144345 0.00562856 0.00114389 0.0199894 0.0262114 -0.00401282 0.00327218 -0.00592328 0.0220969 0.0257096 -0.00928614
internal_weight=2264.56 1976.6 1175.14 942.66 801.457 663.784 136.43 287.964 527.355 332.621 228.068 104.553 137.673 741.438
internal_count=195920 191158 146336 78929 44822 29758 3624 4762 26134 19960 17280 2680 15064 56801
is_linear=0
shrinkage=0.05


Tree=30
num_leaves=15
num_cat=0
split_feature=0 15 44 25 19 39 29 22 1 49 3 33 31 15
split_gain=89.9078 40.6477 30.6403 17.5883 17.5666 17.2104 21.5147 30.862 15.8082 18.2664 15.659 20.1183 16.9276 15.2491
threshold=0.015038444194942715 0.0079682543873786944 0.94415250420570385 0.026625593192875389 0.25110314786434179 0.010517418850213291 0.010645450092852117 6.8007264137268075 0.0088890646584332007 0.49583467841148382 0.0092167854309082049 1.2424533367156985 0.8069143295288087 0.065958652645349516
decision_type=2 2 2 2 2 2 2 2 2 2 2 2 2 2
left_child=1 -1 5 -4 -2 -3 7 -7 9 -8 -10 12 -12 -14
right_child=4 2 3 -5 -6 6 8 -9 10 -11 11 -13 13 -15
leaf_value=-0.019250138313333512 0.03178894666640477 -0.020490312496580794 0.0074699619147688134 0.038796261402173203 0.0015820007031949737 -0.013621482018025814 -0.011937661462248186 0.033618820508936442 -0.0070139167009121376 0.010699690988416558 -0.024660304064311748 0.022139102533678089 0.026061315640447575 -0.027959095419432808
leaf_weight=342.8608554991124 226.44408253476286 122.98059746304489 181.54016754280747 52.735768171143718 61.790889903510106 47.593115737279049 582.06794984627538 84.307574124075472 195.44294826478824 96.878839647448444 48.415543868364125 154.79763612844545 40.438967797261284 8.6093843935523164
leaf_count=49156 1438 9432 8339 832 3410 5373 40751 351 24390 44582 3862 2559 1248 197
internal_value=-3.49949e-10 -0.00387565 -0.000514982 0.0158211 0.0255835 -0.00337899 -0.0015586 0.0168146 -0.00383861 -0.00859912 0.00341087 0.0114471 -0.00601449 0.0134501
internal_weight=2246.9 1958.67 1615.81 234.276 288.235 1381.53 1258.55 131.901 1126.65 678.947 447.704 252.262 97.4639 49.0484
internal_count=195920 191072 141916 9171 4848 132745 123313 5724 117589 85333 32256 7866 5307 1445
is_linear=0
shrinkage=0.05


Tree=31
num_leaves=15
num_cat=0
split_feature=0 15 44 25 3 44 44 36 21 1 15 49 45 3
split_gain=81.6557 38.528 28.8885 18.0424 17.7449 15.7548 32.4159 14.7082 13.0329 12.9097 17.1577 15.7342 15.0044 14.4933
threshold=0.015038444194942715 0.0079682543873786944 0.93896791338920604 0.026625593192875389 0.013793759513646366 0.0091226352378726023 0.011111139785498382 0.66450217366218578 0.80451065301895153 0.0088890646584332007 0.0082988981157541292 0.077262658625841155 0.00041455651808064436 0.0092167854309082049
decision_type=2 2 2 2 2 2 2 2 2 2 2 2 2 2
left_child=1 -1 5 -4 -2 8 7 -7 -3 10 12 -12 -8 -11
right_child=4 2 3 -5 -6 6 9 -9 -10 13 11 -13 -14 -15
leaf_value=-0.018845069393921308 0.00057059219449236815 -0.0054995398758420459 0.006930940512328192 0.038121778701274894 0.030915305392156374 -0.016135684604501054 0.034921107141719393 0.046957792674384637 -0.037457002311465766 -0.0064867012782313773 -0.017629259165858786 -0.0023124237584913531 -0.011003181127426261 0.010937282601961607
leaf_weight=335.35845599382606 61.277803367367596 80.101383222024424 192.95156566849619 53.863211020245217 222.10860085875902 6.2160124496863309 33.393101029371849 37.245052702724934 48.078687637269468 205.22221408414964 312.46113330373555 356.58020683544055 23.748364545456241 259.65843102641509
leaf_count=49156 3115 4788 9807 874 1733 648 971 370 5166 24807 18580 64050 3784 8071
internal_value=3.4991e-10 -0.00369147 -0.000437212 0.0149572 0.0245968 -0.00331411 -0.00150927 0.0366036 -0.0193296 -0.00319317 -0.00731944 -0.00962009 0.0170386 0.00327082
internal_weight=2228.26 1944.88 1609.52 246.815 283.386 1362.7 1234.52 43.4611 128.18 1191.06 726.183 669.041 57.1415 464.881
internal_count=195920 191072 141916 10681 4848 131235 121281 1018 9954 120263 87385 82630 4755 32878
is_linear=0
shrinkage=0.05


Tree=32
num_leaves=15
num_cat=0
split_feature=3 2 49 28 40 29 44 4 26 20 49 25 49 18
split_gain=75.336 40.1515 26.2216 30.521 24.9205 23.8496 23.2411 21.9406 17.6604 16.5592 15.2622 22.3331 21.8537 15.4433
threshold=0.015038444194942715 0.0080972984433174151 0.46302691102027899 4.6001451015472421 0.019454861991107467 0.010645450092852117 0.0091226352378726023 0.0062696540262550124 0.78308227658271801 0.010882931761443617 0.062749680131673827 0.0051897524390369662 0.46302691102027899 6.5771653652191171
decision_type=2 2 2 2 2 2 2 2 2 2 2 2 2 2
left_child=1 2 3 9 5 6 -3 -8 -2 -1 -7 13 -13 -12
right_child=8 4 -4 -5 -6 10 7 -9 -10 -11 11 12 -14 -15
leaf_value=-0.01565996921937397 0.033170145689194096 -0.0062274784742127574 0.005371931013998972 -0.038844518258219392 0.023987707583574755 -0.014836026508831916 0.044735904619211626 -0.016779249071022118 0.0065698666329705863 -0.0012400790421360204 -0.015080844742655787 -0.019284846390858295 0.011076903947800689 0.029282212747356397
leaf_weight=486.09372775468069 174.75615621438192 52.802921814727711 232.09563216078925 94.532208725249461 133.79650148459757 190.49112556308086 68.038426862432971 12.276603211939799 103.16199403931387 335.63425858330856 18.058632883272594 126.75858630180829 95.885368884553372 84.668635363799694
leaf_count=39028 2313 2508 67903 23412 15064 6174 682 434 2449 15993 1570 6559 10721 1110
internal_value=4.94879e-11 -0.00354012 -0.00945945 -0.0132338 0.00515348 0.00096545 0.0190488 0.0345162 0.0238674 -0.0098559 -0.00397446 0.0026373 -0.00629497 0.0208375
internal_weight=2209.05 1931.13 1148.36 916.26 782.777 648.98 133.118 80.315 277.918 821.728 515.862 325.371 222.644 102.727
internal_count=195920 191158 146336 78433 44822 29758 3624 1116 4762 55021 26134 19960 17280 2680
is_linear=0
shrinkage=0.05


Tree=33
num_leaves=15
num_cat=0
split_feature=3 15 20 0 49 2 30 28 44 15 0 18 42 20
split_gain=69.8121 31.5453 27.2828 27.2328 24.9837 18.4372 24.7733 20.2162 16.0385 15.5475 18.3734 15.2874 15.0458 14.2731
threshold=0.013986697886139156 0.0079682543873786944 0.025894175283610824 0.014389234129339458 0.47050817310810095 0.013986697886139156 0.00022827825887361544 4.4829866886138925 0.69816029071807872 0.0082988981157541292 0.0093025267124176043 6.5896136760711679 0.89587974548339855 0.0027972277021035556
decision_type=2 2 2 2 2 2 2 2 2 2 2 2 2 2
left_child=1 -1 4 13 5 7 -7 9 -4 11 -11 -3 -5 -2
right_child=3 2 8 12 -6 6 -8 -9 -10 10 -12 -13 -14 -15
leaf_value=-0.018004553939134436 -0.026524474173206143 -0.019399652934190086 0.001500555350600145 0.032862124153249843 0.009941168549666755 0.038144076228322221 -0.0047998207283777572 -0.030604346581865362 0.042151736182431329 -0.01368776431351313 0.0015742324400577991 0.031471257795881176 -0.0066565301848091384 0.0092265373268800924
leaf_weight=325.2559218219933 25.621892503084382 13.129485169824191 44.447601212487371 218.72129247269186 293.09508074765017 42.211859013914363 88.87292626847011 85.474424106067545 45.53730045370321 514.3456371419586 313.03896321217326 40.187228906375822 23.518318106885999 119.49382417632546
leaf_count=49156 732 1750 6796 2040 49388 401 1628 16088 18516 33418 9507 685 203 5612
internal_value=-3.29301e-10 -0.0041546 -0.00101114 0.0189832 -0.00280617 -0.00627021 0.0107524 -0.00866623 0.0242306 -0.00621738 -0.00796358 0.0178587 0.0289136 0.00161123
internal_weight=2192.95 1805.6 1480.34 387.355 1390.36 1097.26 131.085 966.176 89.9849 880.701 827.385 53.3167 242.24 145.116
internal_count=195920 187333 138177 8587 112865 63477 2029 61448 25312 45360 42925 2435 2243 6344
is_linear=0
shrinkage=0.05


Tree=34
num_leaves=15
num_cat=0
split_feature=0 15 44 3 25 39 29 2 22 1 3 33 31 49
split_gain=63.3586 32.6225 23.6543 16.9895 16.3371 15.6534 19.1136 26.7946 23.0215 13.2004 12.9205 16.6894 17.2 12.2083
threshold=0.015038444194942715 0.0079682543873786944 0.93896791338920604 0.016261236742138866 0.026625593192875389 0.010517418850213291 0.010645450092852117 0.0081634009256958979 6.8007264137268075 0.0088890646584332007 0.0092167854309082049 1.2424533367156985 0.8069143295288087 0.49583467841148382
decision_type=2 2 2 2 2 2 2 2 2 2 2 2 2 2
left_child=1 -1 5 -2 -4 -3 7 -7 -9 13 -11 12 -12 -8
right_child=3 2 4 -5 -6 6 9 8 -10 10 11 -13 -14 -15
leaf_value=-0.017576973605821108 0.013284941507964094 -0.019471186687459448 0.0060931679817769263 0.041365028903532559 0.035975024286502712 -0.015176724508260825 -0.010487928909776728 -0.010399225535630177 0.043569726277230263 -0.0062866390039658009 -0.024466524434890276 0.020498496747393097 0.014270638307287441 0.0086521872777001445
leaf_weight=319.44766320423696 198.06725403064047 119.03074078936015 189.75540618815648 74.038249277044088 52.804185244371183 40.004659934160827 566.27374754006883 22.079948878235882 67.244680155068636 189.73827361223096 47.186578482091591 151.9629941578969 48.155534775887645 89.624368259511925
leaf_count=49156 4538 9432 9807 310 874 4062 40615 1565 97 24126 3861 2552 1378 43547
internal_value=-6.47188e-10 -0.00326158 -0.000282154 0.0221208 0.0137652 -0.00290552 -0.00114736 0.016314 0.0305254 -0.00334276 0.00334436 0.0106906 -0.00540373 -0.0077819
internal_weight=2175.41 1903.31 1583.86 272.106 242.56 1341.3 1222.27 129.329 89.3246 1092.94 437.043 247.305 95.3421 655.898
internal_count=195920 191072 141916 4848 10681 131235 121803 5724 1662 116079 31917 7791 5239 84162
is_linear=0
shrinkage=0.05


Tree=35
num_leaves=15
num_cat=0
split_feature=3 29 2 20 24 22 45 30 26 53 15 20 22 49
split_gain=58.199 31.6713 28.6245 22.4625 20.8976 23.163 18.8058 18.7281 16.845 16.3892 25.9955 15.2506 16.4584 11.9797
threshold=0.015038444194942715 0.96407735347747814 0.00766294775530696 0.024919329211115841 0.0319314543157816 6.8007264137268075 0.00024511291121598339 0.00062679813709110032 0.78846433758735668 1.0000000180025095e-35 0.046882577240467078 0.015910501591861251 6.8007264137268075 0.49583467841148382
decision_type=2 2 2 2 2 2 2 2 2 2 2 2 2 2
left_child=1 2 6 4 5 -4 13 -7 -2 11 -11 12 -6 -1
right_child=8 -3 3 -5 9 7 -8 -9 -10 10 -12 -13 -14 -15
leaf_value=-0.029073790884916496 0.030057293472069004 0.016641756820136942 -0.0063409208516978736 0.02914465905195018 -0.0089377062948183868 0.037145062430352198 -0.0069590395005011399 -0.007534739712498989 0.0032853334719514446 -0.015640085408702872 0.031514078536484025 0.0049376032560927924 -0.03649373591482976 0.0013561334306523521
leaf_weight=171.52226151488395 176.06671032415397 173.89358040421939 87.961221549459879 60.32096751616632 200.61672569996745 85.794293622486293 772.66187912599787 27.113927811384201 89.797820573105128 44.534276875667274 55.338406372815371 103.74061275073075 69.863680305425078 38.301744137203912
leaf_count=21088 2506 7817 6403 10509 18639 267 109638 204 2256 707 165 9899 574 5248
internal_value=-2.58838e-10 -0.00311334 -0.00519794 0.00225118 -0.000542675 0.0126025 -0.0107393 0.0266755 0.0214617 -0.00625744 0.0109778 -0.0110232 -0.0171026 -0.02371
internal_weight=2157.53 1891.66 1717.77 735.284 674.963 200.869 982.486 112.908 265.865 474.094 99.8727 374.221 270.48 209.824
internal_count=195920 191158 183341 47367 36858 6874 135974 471 4762 29984 872 29112 19213 26336
is_linear=0
shrinkage=0.05


Tree=36
num_leaves=15
num_cat=0
split_feature=3 49 35 17 27 37 15 46 23 26 25 49 28 32
split_gain=55.5297 30.5699 23.6159 19.0304 18.447 18.3064 17.0237 15.2642 15.0689 14.8861 13.474 14.1606 13.1656 12.3731
threshold=0.015038444194942715 0.074692431837320342 0.014537502080202104 0.019803921692073349 6.3587081432342538 1.7005987167358401 0.012658481486141683 0.87202519178390514 5.1503930091857919 0.78846433758735668 0.0051897524390369662 0.49583467841148382 2.6020033359527592 4.1026091575622567
decision_type=2 2 2 2 2 2 2 2 2 2 2 2 2 2
left_child=1 3 6 5 7 -1 -3 -5 -4 -2 -8 -12 -7 -14
right_child=9 2 8 4 -6 12 10 -9 -10 -11 11 -13 13 -15
leaf_value=-0.029178799549168993 0.029253206218054592 -0.01491419727775924 -0.012489449111921271 -0.0021255414032334209 0.033003108755149661 -0.019809954962312078 0.014722990304861431 -0.028347245272921186 0.016155374142000908 0.003800728413943548 -0.012578543658731803 0.0085118555494533756 0.024099068154136313 -0.008571750540740072
leaf_weight=183.14734607332184 173.64354260192704 196.93919036944811 45.446397835070513 408.50321014495557 22.917924361187033 89.236339819908608 139.52617034937566 54.612434023575588 335.00743162240252 88.440611086727586 173.71737837798673 131.26287748172689 40.017350333044305 60.364778127822319
leaf_count=21667 2506 27478 11406 16229 56 2835 4971 3539 65581 2256 11358 15244 2333 8461
internal_value=3.38986e-10 -0.00303925 0.00279861 -0.00993807 -0.00329562 -0.0182865 -0.00305988 -0.00575151 0.0125014 0.0211196 0.00240477 -0.00351923 -0.00683126 0.00545579
internal_weight=2142.78 1880.7 1021.9 858.799 486.034 372.766 641.446 463.116 380.454 262.084 444.506 304.98 189.618 100.382
internal_count=195920 191158 136038 55120 19824 35296 59051 19768 76987 4762 31573 26602 13629 10794
is_linear=0
shrinkage=0.05


Tree=37
num_leaves=15
num_cat=0
split_feature=1 15 44 42 0 46 2 25 15 49 24 18 19 1
split_gain=55.2414 30.1465 18.9955 17.7946 14.8361 21.1715 19.4361 14.751 13.7233 18.1012 14.9188 14.678 14.2127 12.8532
threshold=0.016001024283468727 0.0079682543873786944 0.94415250420570385 0.89587974548339855 0.0093025267124176043 0.88900297880172741 0.014815627597272398 0.0047764813061803588 0.0082988981157541292 0.23611005395650866 0.14540412276983264 6.5896136760711679 0.5521315634250642 0.0082988981157541292
decision_type=2 2 2 2 2 2 2 2 2 2 2 2 2 2
left_child=1 -1 4 -2 6 -6 8 -8 11 13 12 -3 -11 -10
right_child=3 2 -4 -5 5 -7 7 -9 9 10 -12 -13 -14 -15
leaf_value=-0.016326362454953482 0.034406959375338886 -0.019651324855309616 0.013613716812527816 -0.019868697224003751 0.0083963872511216668 -0.01493490260147784 -0.019335999578589575 0.033968822225235853 -0.020337026845694522 0.037668613583262935 -0.0053887913826185171 0.026814202136760997 -0.014353105776975126 -0.0041855761389402498
leaf_weight=307.42492785622653 129.29225332969509 16.281517566493108 226.61418721847622 10.449793943902476 515.32469284135345 109.78238532026444 10.254814615036592 39.684480435520527 338.04272015096768 36.845385126530573 133.36895380270801 44.358645015123329 12.132706222357227 200.33897257670441
leaf_count=49156 1550 4451 9432 80 27763 4598 295 1261 28051 1052 54137 1027 522 12545
internal_value=-4.08457e-10 -0.00219266 0.000470211 0.0292925 -0.00165377 0.00412827 -0.005999 0.0216231 -0.00801533 -0.00996841 0.00350586 0.0133227 0.0245333 -0.0145128
internal_weight=2130.2 1990.45 1683.03 139.742 1456.42 625.107 831.308 49.9393 781.369 720.729 182.347 60.6402 48.9781 538.382
internal_count=195920 194290 145134 1630 135702 32361 103341 1556 101785 96307 55711 5478 1574 40596
is_linear=0
shrinkage=0.05


Tree=38
num_leaves=15
num_cat=0
split_feature=1 2 34 44 42 18 39 18 21 24 21 49 24 15
split_gain=51.8432 28.0485 21.4233 19.3416 17.314 14.5866 13.9347 14.5947 21.5693 17.7001 15.7367 12.2407 12.1991 12.1415
threshold=0.016001024283468727 0.0064725596457719812 0.02145172189921141 0.94415250420570385 0.89587974548339855 6.6234009265899667 0.25172372162342077 6.5896136760711679 0.81050875782966625 0.11074979230761529 0.76784703135490429 0.54484477639198314 0.074843648821115508 0.019888009876012806
decision_type=2 2 2 2 2 2 2 2 2 2 2 2 2 2
left_child=1 2 -1 6 -2 13 7 10 -9 -10 -3 12 -8 -4
right_child=4 3 5 -5 -6 -7 11 8 9 -11 -12 -13 -14 -15
leaf_value=-0.024320764472712759 0.033800698269443964 0.019157630647279354 -0.0058829217955963693 0.020278667220641172 -0.019383899336598981 -0.020638544507656204 0.010231169076832516 0.041177111873789862 -0.0032971616008302647 0.024790882282837226 -0.0081296774576908783 0.011776721928465262 -0.016664459873619902 0.00902123680035735
leaf_weight=162.45090792773738 126.66536045122484 57.323996610858671 484.33952109792637 137.99565651632111 10.746649125358088 111.89360585664144 44.471085643657716 46.580069115851074 158.82237806470948 75.105760193582682 237.1053069777472 59.252906196226718 220.62461376646638 179.11800740276368
leaf_count=19013 1550 5701 82453 4814 80 4228 1801 88 4110 1120 13690 27535 11976 17761
internal_value=-1.22338e-10 -0.00212446 -0.00834766 0.00352789 0.0286085 -0.00473392 0.000762728 0.00540895 0.0133663 0.0063675 -0.00236218 -0.00738857 -0.0119447 -0.00178494
internal_weight=2112.5 1975.08 937.802 1037.28 137.412 775.351 899.286 574.938 280.508 233.928 294.429 324.349 265.096 663.458
internal_count=195920 194290 123455 70835 1630 104442 66021 24709 5318 5230 19391 41312 13777 100214
is_linear=0
shrinkage=0.05


Tree=39
num_leaves=15
num_cat=0
split_feature=0 49 40 0 45 45 46 29 40 1 44 37 19 1
split_gain=48.0092 24.6822 20.314 19.1557 23.9778 24.0491 18.979 17.4664 16.7765 15.5346 15.0549 16.7563 15.4222 11.1882
threshold=0.015038444194942715 0.49583467841148382 0.026048461906611923 0.009569597430527212 0.00017645413026912141 0.00018739797087619084 0.87202519178390514 0.31995953619480139 0.027226303704082969 0.016261236742138866 0.058597551658749587 3.2755402326583867 0.38167341053485876 0.007272823480889202
decision_type=2 2 2 2 2 2 2 2 2 2 2 2 2 2
left_child=1 2 3 4 -1 -6 -5 10 13 -2 -7 -12 -13 -4
right_child=9 -3 8 6 5 7 -8 -9 -10 -11 11 12 -14 -15
leaf_value=-0.028153381564413833 0.010622558818113807 0.0090494507896334963 -0.012785867573963355 0.0070180381922400718 0.032702899625011626 -0.016147888846870958 -0.018686999295764218 -0.023913408170367304 -0.0028986411025054577 0.037100327948250231 -0.0064292434211242243 0.025626702973049004 -0.0077877597159047539 0.046161528222010528
leaf_weight=159.56688738587695 183.82082670778254 342.63605836588772 5.3310636430858258 338.40201153533906 26.37450014991191 205.96294548153827 80.523817893026717 149.55093421272784 53.406051177137442 78.346442442561965 310.90954564635564 86.967850220942637 47.736628723156173 33.620165800841278
leaf_count=19710 4543 87393 690 9871 614 18887 2961 16539 6888 305 21066 3235 2986 232
internal_value=-5.34675e-10 -0.00288308 -0.00565366 -0.00717621 -0.010947 -0.00733261 0.00175667 -0.00903758 0.0159614 0.0196076 -0.0053134 -6.11884e-05 0.0140654 0.0371299
internal_weight=2103.16 1840.99 1498.35 1406 987.069 827.502 418.926 801.128 92.3573 262.167 651.577 445.614 134.704 38.9512
internal_count=195920 191072 103679 95869 83037 63327 12832 62713 7810 4848 46174 27287 6221 922
is_linear=0
shrinkage=0.05


Tree=40
num_leaves=15
num_cat=0
split_feature=0 2 19 20 34 1 18 49 34 25 18 28 15 21
split_gain=45.013 23.5634 18.5449 18.4946 17.7746 16.2766 15.1941 13.2037 16.692 13.7754 16.098 22.0524 14.5838 13.2488
threshold=0.015504807699471714 0.0064725596457719812 0.21182655543088916 0.024919329211115841 0.035484826192259795 0.013423423748463394 6.6234009265899667 0.55497553944587719 0.42820635437965399 0.0084699951112270373 6.5896136760711679 2.4414010047912602 0.021856535226106647 0.81050875782966625
decision_type=2 2 2 2 2 2 2 2 2 2 2 2 2 2
left_child=1 4 5 7 -1 -2 -6 8 9 10 12 -12 -3 -13
right_child=2 3 -4 -5 6 -7 -8 -9 -10 -11 11 13 -14 -15
leaf_value=-0.020985880644982774 -0.0023522235218589017 -0.024307477507669331 -0.0061498689258409275 0.025059448992127517 -0.0011951285984203072 0.037017638324551912 -0.021105616578694912 0.014586459851079155 -0.018502349037032625 -0.0093140491295578207 -0.011335559981817496 0.044774735273772043 0.0040423934668055092 0.013614229820780656
leaf_weight=199.2622852829162 31.116835559278115 51.875816585518066 42.633551224680559 76.526524308360308 613.5173519308189 125.86932435428025 103.86937595065319 136.59949230494522 115.14179532005437 196.38483160258039 54.33600684182602 43.97749353107065 162.1864959513814 135.60804089524754
leaf_count=22870 376 6808 2359 14495 96145 510 4129 20442 4958 12505 1005 47 6050 3221
internal_value=5.76385e-11 -0.00242678 0.0219882 0.00298265 -0.00813687 0.0295404 -0.00432846 0.000841572 -0.0017879 0.0014359 0.00624888 0.0150453 -0.00360614 0.0232041
internal_weight=2088.91 1889.29 199.62 972.636 916.649 156.986 717.387 896.11 759.51 644.369 447.984 233.922 214.062 179.586
internal_count=195920 192675 3245 69531 123144 886 100274 55036 34594 29636 17131 4273 12858 3268
is_linear=0
shrinkage=0.05


Tree=41
num_leaves=15
num_cat=0
split_feature=0 35 48 15 18 19 1 23 37 26 18 39 29 22
split_gain=42.2044 22.9145 17.4772 17.4071 15.6805 14.7892 15.2185 11.9263 11.1797 11.1082 9.81045 10.3038 16.3944 22.4137
threshold=0.015038444194942715 0.014449134469032289 0.76443827152252208 0.0079682543873786944 6.6313426494598398 0.25110314786434179 0.013423423748463394 5.2390944957733163 1.8688347935676577 0.81926250457763683 6.632660150527955 0.010517418850213291 0.010645450092852117 6.8007264137268075
decision_type=2 2 2 2 2 2 2 2 2 2 2 2 2 2
left_child=1 3 -3 -1 7 6 -2 -4 -7 -9 11 -5 13 -13
right_child=5 2 4 10 -6 8 -8 9 -10 -11 -12 12 -14 -15
leaf_value=-0.018531126992912494 2.7900428830628204e-06 -0.0075975242709568529 0.0024430997218253502 -0.016162826300726504 -0.012542544787066269 0.011859858150600568 0.032665831927902969 0.043606160031153945 -0.027647356512522828 0.01528443569372747 -0.023364601362084361 -0.01212513901562123 -0.0030637121182896499 0.030594655187436516
leaf_weight=220.74293978045262 46.202093544441595 144.0078020037011 98.457311951997156 109.34573732927254 45.403335877565041 38.802181376224326 146.33793306301231 46.399899580518934 18.417354191595223 146.01801007535283 48.523031670949422 40.528559325954348 849.97831363850207 77.447812184691429
leaf_count=30182 725 15840 43744 9264 1320 2986 713 10880 424 11733 1415 5204 61151 339
internal_value=-6.77542e-10 -0.00266771 0.00661659 -0.00600355 0.0127473 0.0188643 0.0252151 0.0169805 -0.00307764 0.0239308 -0.00340571 -0.00230012 -0.000584849 0.0161184
internal_weight=2076.61 1826.85 480.286 1346.57 336.279 249.76 192.54 290.875 57.2195 192.418 1125.82 1077.3 967.955 117.976
internal_count=195920 191072 83517 107555 67677 4848 1438 66357 3410 22613 77373 75958 66694 5543
is_linear=0
shrinkage=0.05


Tree=42
num_leaves=15
num_cat=0
split_feature=0 29 40 44 0 17 45 27 3 53 17 4 20 36
split_gain=39.7391 22.1713 17.9661 19.6361 15.2457 17.8928 18.6616 13.9492 13.8888 12.881 12.2356 12.1168 11.4207 11.3115
threshold=0.015038444194942715 0.96407735347747814 0.02541422471404076 0.77008745074272167 0.0093025267124176043 0.057189542800188072 0.00027919237618334597 5.269237995147706 0.013793759513646366 1.0000000180025095e-35 0.021054964512586597 0.013606071937829258 0.0013891722192056479 0.51641026139259349
decision_type=2 2 2 2 2 2 2 2 2 2 2 2 2 2
left_child=1 2 4 -4 5 6 -1 13 -2 12 -9 -7 -8 -6
right_child=8 -3 3 -5 7 11 9 10 -10 -11 -12 -13 -14 -15
leaf_value=-0.023407874164722137 -0.0025774517797532114 0.014138934096416856 -0.0011185542550230536 0.040560578056721149 -0.0031245700710314673 0.018344710128897598 0.022120951926390589 0.019211792175314227 0.024768396222650743 -0.022537125768014813 -0.0088146713013695609 -0.01555456437735068 -0.005869217534394614 0.021941563427525599
leaf_weight=231.43746582120866 58.359542809270351 169.40017828343298 75.286833211919713 34.74918182461596 69.620439846010413 83.470435258232101 29.062413768188094 35.854177632430037 187.90332468226552 105.42121524945833 262.15606476487801 28.058914557043863 588.04739290523423 106.72564774748753
leaf_count=30719 3115 7830 17439 17078 990 3235 891 2781 1733 2924 16622 2223 85738 2602
internal_value=1.32457e-10 -0.00258327 -0.00437504 0.0143262 -0.00579521 -0.00908981 -0.0113062 0.00163999 0.0184403 -0.00716316 -0.00492849 0.00923808 -0.00421931 0.012409
internal_weight=2065.55 1819.29 1649.89 110.036 1539.85 1065.5 953.968 474.356 246.263 722.531 298.01 111.529 617.11 176.346
internal_count=195920 191072 183242 34517 148725 125730 120272 22995 4848 89553 19403 5458 86629 3592
is_linear=0
shrinkage=0.05


Tree=43
num_leaves=15
num_cat=0
split_feature=1 2 34 44 42 39 39 18 48 18 2 36 29 15
split_gain=36.2347 21.9369 16.2534 15.7926 14.6035 13.4578 13.2168 11.818 11.3077 11.0023 17.8426 14.7477 18.9162 13.1013
threshold=0.016001024283468727 0.0064725596457719812 0.02145172189921141 0.94415250420570385 0.89587974548339855 0.25172372162342077 0.0037383829476311807 6.6234009265899667 0.99999991059303295 6.5896136760711679 0.013245614245533945 0.43303571641445165 0.040005406364798553 0.023123078048229221
decision_type=2 2 2 2 2 2 2 2 2 2 2 2 2 2
left_child=1 2 -1 5 -2 6 -3 -4 9 13 11 -11 -13 -8
right_child=4 3 7 -5 -6 -7 8 -9 -10 10 -12 12 -14 -15
leaf_value=-0.021766490204496225 0.029935827496389879 -0.033537901458710322 -0.001604922322045186 0.018631966158412706 -0.019848423267290131 -0.0073421234227332129 -0.017382063494555424 -0.01903596023769525 -0.022050588462218013 0.026620842527776474 0.028952445338857064 -0.031649116132326925 0.0086274993810554791 0.0072877874367150075
leaf_weight=151.6454576566025 116.50654347606178 11.297319164934718 656.82938896853489 134.27570613752505 9.7265096204355341 316.21262045543915 61.975315909575556 104.63086859494979 22.869641454520661 36.898969501788088 119.15419933979865 36.33380189397576 70.445877510588616 203.62943096378763
leaf_count=19013 1550 743 100214 4814 80 41312 9251 4228 3300 279 758 1611 1758 7009
internal_value=-3.35505e-10 -0.00175371 -0.00733477 0.00329905 0.0249245 0.000773043 0.00538275 -0.00421579 0.00676359 0.00839698 0.0154506 0.00309811 -0.00661397 0.00110958
internal_weight=2052.43 1926.2 913.106 1013.09 126.233 878.817 562.605 761.46 551.307 528.438 262.833 143.679 106.78 265.605
internal_count=195920 194290 123455 70835 1630 66021 24709 104442 23966 20666 4406 3648 3369 16260
is_linear=0
shrinkage=0.05


Tree=44
num_leaves=15
num_cat=0
split_feature=0 49 1 20 47 39 35 32 2 47 40 1 35 34
split_gain=34.3847 20.7585 18.4902 20.6456 20.2029 15.5793 14.435 16.6011 16.094 26.077 13.3428 11.7377 11.5324 16.1771
threshold=0.015504807699471714 0.47546796500682836 0.0082988981157541292 0.025894175283610824 4.8597824573516855 0.21074368059635165 0.039081342518329627 2.8314802646636967 0.014815627597272398 4.9927642345428476 0.027226303704082969 0.013423423748463394 0.0014179996214807036 0.0096244290471076983
decision_type=2 2 2 2 2 2 2 2 2 2 2 2 2 2
left_child=1 2 6 4 -4 11 7 -1 9 12 -5 -2 13 -9
right_child=5 -3 3 10 -6 -7 -8 8 -10 -11 -12 -13 -14 -15
leaf_value=-0.021617710099437245 -0.00089972233315016256 0.0086728746872797476 0.0035530464286236095 0.043949697104541337 -0.023401465476892671 -0.0058109871367835412 0.013391987368064887 -0.010576433346558283 0.022443585971857239 -0.032767219073753268 -0.014472739583143969 0.034257490870255806 -0.0084618662794451547 0.020981627082144752
leaf_weight=237.57631544792093 28.792550877369649 353.02579182036197 454.68388046747719 33.841107122414314 71.750732013533309 41.538680540485075 59.211233408641192 63.065213644309551 36.332179744287714 82.39765493782761 7.3021661617386817 113.05117358404095 372.44428614254866 84.273632855445612
leaf_count=7408 462 90680 14696 247 6309 2277 3153 8464 643 23426 1189 506 30137 6323
internal_value=3.38101e-11 -0.00207997 -0.00464645 0.00244876 -0.000488491 0.0200692 -0.00893246 -0.0105754 -0.00619679 -0.00826318 0.0327784 0.0275317 -0.00383355 0.00766019
internal_weight=2039.29 1855.9 1502.88 567.578 526.435 183.382 935.301 876.089 638.513 602.181 41.1433 141.844 519.783 147.339
internal_count=195920 192675 101995 22441 21005 3245 79554 76401 68993 68350 1436 968 44924 14787
is_linear=0
shrinkage=0.05


Tree=45
num_leaves=15
num_cat=0
split_feature=1 15 40 44 19 3 24 44 49 15 2 30 37 47
split_gain=32.0604 20.1012 14.6358 13.4267 12.8776 12.1717 11.7899 11.9641 11.5399 12.6497 13.4011 20.0254 18.4306 14.2957
threshold=0.016261236742138866 0.0079682543873786944 0.020498275756835941 0.77008745074272167 0.28352423012256628 0.014389234129339458 0.030403448268771175 0.11844594404101373 0.46302691102027899 0.0082988981157541292 0.013986697886139156 0.00022827825887361544 3.0129330158233647 4.9927642345428476
decision_type=2 2 2 2 2 2 2 2 2 2 2 2 2 2
left_child=1 -1 5 4 -4 8 -7 -8 9 -3 13 -12 -13 -11
right_child=-2 2 3 -5 -6 6 7 -9 -10 10 11 12 -14 -15
leaf_value=-0.013314879284552567 0.028364153096293317 0.016344043451962342 0.015808826307193283 0.026098713182652913 -0.013024066159990223 -0.01293762111554109 0.025623022375314882 -0.00077134680008227778 0.0067079916892750814 -0.0063156365062521924 0.03365992613392995 -0.024589896031349971 0.01811127698755044 -0.025212507254507494
leaf_weight=288.83399359113491 85.005745808710344 53.453799517462585 69.406430202124682 91.037036607253469 65.737190317528075 38.200198319071205 99.821670024728519 69.55624351609822 235.31494761717431 701.1046581378032 38.826286607727525 47.03175217903663 35.976708452682942 109.62473889042872
leaf_count=49156 820 3068 7653 22591 12985 664 1007 2738 38205 39732 424 1279 328 15270
internal_value=-4.70744e-10 -0.00137915 0.000771237 0.0123035 0.00185276 -0.00112701 0.009785 0.0153452 -0.00304603 -0.00541782 -0.00682536 0.0081449 -0.00612533 -0.00914689
internal_weight=2028.93 1943.93 1655.09 226.181 135.144 1428.91 207.578 169.378 1221.33 986.018 932.564 121.835 83.0085 810.729
internal_count=195920 195100 145944 43229 20638 102715 4409 3745 98306 60101 57033 2031 1607 55002
is_linear=0
shrinkage=0.05


Tree=46
num_leaves=15
num_cat=0
split_feature=0 49 35 19 17 33 23 44 21 19 37 48 29 34
split_gain=29.8084 19.3431 15.7319 15.5555 13.2825 18.1423 14.4377 13.0147 21.921 16.6068 14.0173 12.7655 12.7646 12.2075
threshold=0.015268065501004459 0.074692431837320342 0.014537502080202104 0.24591481685638431 0.028991596773266796 0.89587974548339855 5.2806591987609872 0.011974777095019819 0.81050875782966625 0.061893990263342864 1.7005987167358401 0.79987460374832164 0.0030727604171261196 0.17502041906118396
decision_type=2 2 2 2 2 2 2 2 2 2 2 2 2 2
left_child=1 4 11 -2 5 -1 13 8 10 -9 12 -3 -6 -7
right_child=3 2 -4 -5 7 6 -8 9 -10 -11 -12 -13 -14 -15
leaf_value=-0.024953733597182944 0.024574023467727867 0.0058905342112847963 0.010585526413709329 -0.0071583015072350948 -0.0088254558128750254 0.0052198595275065145 -0.034111373266815528 -0.021945443896147707 -0.031417685368591512 0.0040805736914634764 -0.0092079540358127373 -0.0083710504787672581 0.043586796496361935 -0.017755388456968033
leaf_weight=182.6860144388113 160.10744716001136 265.6793916045367 372.56201068528139 44.998724257333379 10.608493223946423 203.70202724544902 27.633095105415123 90.88714052350133 12.634047262021339 149.80415679177554 19.414057745569153 355.54251003207946 52.176103618825437 69.29531670099459
leaf_count=22311 1212 16911 77420 2838 479 16471 2846 4045 1035 3988 755 42223 530 2856
internal_value=-2.93939e-10 -0.00207751 0.00260369 0.0176031 -0.00772172 -0.0129417 -0.00507401 -4.54246e-05 0.0147495 -0.00623045 0.0244834 -0.00227507 0.0347351 -0.00103331
internal_weight=2017.73 1812.62 993.784 205.106 818.84 483.316 300.63 335.524 94.8327 240.691 82.1987 621.222 62.7846 272.997
internal_count=195920 191870 136554 4050 55316 44484 22173 10832 2799 8033 1764 59134 1009 19327
is_linear=0
shrinkage=0.05


Tree=47
num_leaves=15
num_cat=0
split_feature=3 2 44 39 39 25 39 49 24 27 22 30 1 20
split_gain=28.1008 20.1453 14.9823 16.1496 13.7204 11.8109 11.7355 11.4723 13.0411 11.674 10.0984 13.3049 20.6828 16.1542
threshold=0.016261236742138866 0.0064725596457719812 0.94415250420570385 0.25172372162342077 0.017581918276846412 0.025287729687988762 0.0037383829476311807 0.55497553944587719 0.074843648821115508 3.1567740440368657 6.7951462268829355 0.00062679813709110032 0.011561079882085325 0.014673240482807161
decision_type=2 2 2 2 2 2 2 2 2 2 2 2 2 2
left_child=1 4 3 6 -1 -4 -3 8 -5 -10 -8 -12 13 -13
right_child=-2 2 5 7 -6 -7 10 -9 9 -11 11 12 -14 -15
leaf_value=-0.021784080307261498 0.028923298987724042 -0.031672812035671669 0.0065998466403892082 0.010187576412334039 -0.0040736372068266883 0.037098273191833862 -0.0084489441845609532 0.010831049202082936 0.011458494939216007 -0.021311010584610785 0.0210750003683823 -0.0163642730933359 0.017138459830198589 0.015887036048249134
leaf_weight=118.63544799883266 70.638051631569397 10.195164646188116 90.206730840223827 46.822968471911707 785.75249292524404 44.233797349676024 78.996881610999139 59.758398682163204 24.997632459970191 191.15152626634912 166.5639097935782 129.35517000255641 145.72668997943401 44.853217253927141
leaf_count=16340 815 735 4117 1832 107486 748 17588 27270 333 12143 2268 2950 740 555
internal_value=2.32073e-10 -0.00119775 0.00355895 0.00114282 -0.00660968 0.0185082 0.00612856 -0.0076677 -0.0121142 -0.0171821 0.00734858 0.0100323 0.0038187 -0.0076489
internal_weight=2007.89 1937.25 1032.86 898.422 904.388 134.441 575.691 322.731 262.972 216.149 565.496 486.499 319.935 174.208
internal_count=195920 195105 71279 66414 123826 4865 24836 41578 14308 12476 24101 6513 4245 3505
is_linear=0
shrinkage=0.05


Tree=48
num_leaves=15
num_cat=0
split_feature=1 49 20 3 33 27 33 53 27 19 34 29 39 4
split_gain=26.8305 21.1653 16.9552 22.0995 16.2574 13.2546 13.1568 18.0455 13.2404 12.8705 12.4491 15.4294 11.8618 14.9019
threshold=0.0082988981157541292 0.46302691102027899 0.025894175283610824 0.013986697886139156 3.7726949453353886 5.4617087841033944 1.4978661537170412 1.0000000180025095e-35 5.4574534893035898 0.62673121690750133 0.012345021124929191 0.013049669563770296 0.24626371264457705 0.011428944766521456
decision_type=2 2 2 2 2 2 2 2 2 2 2 2 2 2
left_child=1 6 3 4 -2 12 8 9 -1 10 -8 -12 -5 -14
right_child=2 -3 -4 5 -6 -7 7 -9 -10 -11 11 -13 13 -15
leaf_value=-0.005715085556602835 0.0016672132140882171 0.0075607191983839937 0.032232577389961402 0.029744297334067412 -0.028120399577575596 -0.0034108673329601305 -0.013770844562485771 -0.02431017837986044 -0.022273530144572996 -0.020869717197857032 0.033229779218715304 0.0042351216638992573 0.026738612121364077 -0.019659523801910803
leaf_weight=260.40094192765559 459.54070492617871 264.34189935926497 51.931236311532302 141.91723560844548 40.778979736467591 60.312760980588791 57.049023693776689 65.104187520686537 231.36861293200764 41.693803495323664 48.620124792883871 229.61346462570327 21.428914175019599 28.546786331338808
leaf_count=14923 33509 70798 8187 1191 1265 1663 7904 1187 32981 3107 1981 16619 188 417
internal_value=7.74338e-11 -0.00472814 0.00701388 0.00487367 -0.00126411 0.0166335 -0.00824996 -0.00191388 -0.0137942 0.00248224 0.00590648 0.0102789 0.0227904 0.00137646
internal_weight=2002.65 1198.19 804.457 752.525 500.32 252.206 933.85 442.081 491.77 376.976 335.283 278.234 191.893 49.9757
internal_count=195920 149500 46420 38233 34774 3459 78702 30798 47904 29611 26504 18600 1796 605
is_linear=0
shrinkage=0.05


Tree=49
num_leaves=15
num_cat=0
split_feature=1 39 15 20 44 20 42 0 17 2 35 40 25 26
split_gain=24.8452 16.2254 15.2095 12.0714 13.2083 12.9263 11.101 9.96336 11.7187 14.557 14.2211 12.4679 11.3249 13.9543
threshold=0.015749008394777778 0.12167431041598321 0.0079682543873786944 0.025894175283610824 0.96737179160118114 0.027446887455880645 0.89587974548339855 0.0093025267124176043 0.014185110572725536 0.014815627597272398 0.0013581885723397138 0.0080820857547223585 0.0052984263747930535 0.80179664492607128
decision_type=2 2 2 2 2 2 2 2 2 2 2 2 2 2
left_child=2 -2 -1 4 7 -5 -3 8 10 -10 -4 -11 13 -9
right_child=1 6 3 5 -6 -7 -8 12 9 11 -12 -13 -14 -15
leaf_value=-0.012061519127690908 0.031511765033575341 0.0092575099067041464 0.029167360133317208 0.033670356431768828 0.028280857279114432 -0.0016283877368759667 -0.035679673929304323 0.015272551441469369 -0.0095681695251998815 -0.017756992659010536 -0.0030025011861649176 0.030964860144679498 -0.00282338481459958 -0.014884360487291491
leaf_weight=282.07665765024331 88.339737544751188 44.791996589619885 41.336606695263612 44.369350638884612 28.118102303473279 47.912112585131467 8.3868924460839462 233.60035843709971 660.20874032268023 11.269709495471032 99.027102408900106 32.984175150355441 333.21944357493959 37.265295742088711
leaf_count=49156 535 1808 2605 3611 1018 22921 95 4175 73096 408 12232 961 20903 2396
internal_value=1.8436e-10 0.0194699 -0.00158487 0.000362709 -0.000782433 0.016976 -0.00235523 -0.00153643 -0.00501781 -0.00764121 0.00778113 0.0175713 0.00333479 0.0107414
internal_weight=1992.91 141.519 1851.39 1569.31 1477.03 92.2815 53.1789 1448.91 844.826 704.463 140.364 44.2539 604.085 270.866
internal_count=195920 2438 193482 144326 117794 26532 1903 116776 89302 74465 14837 1369 27474 6571
is_linear=0
shrinkage=0.05


Tree=50
num_leaves=15
num_cat=0
split_feature=1 49 1 32 20 47 21 35 32 4 15 22 29 43
split_gain=24.2193 15.6306 17.6562 18.6402 14.7552 13.4352 12.4706 11.6288 15.1896 15.7198 11.8809 13.9758 24.0648 11.4597
threshold=0.016261236742138866 0.55497553944587719 0.0082988981157541292 4.6150715351104745 0.024382909759879116 4.8597824573516855 0.83619919419288646 0.039081342518329627 2.8314802646636967 0.0066445916891098031 0.0081634009256958979 6.8007264137268075 0.091370575129985823 2.6020033359527592
decision_type=2 2 2 2 2 2 2 2 2 2 2 2 2 2
left_child=1 2 7 4 5 13 -2 8 -1 10 -10 -12 -13 -4
right_child=6 -3 3 -5 -6 -7 -8 -9 9 -11 11 12 -14 -15
leaf_value=-0.019460446450228021 0.032999141461632679 0.0091734484857854993 -0.022043358851069204 -0.021510323035427378 0.029845189520997552 -0.023752400753789728 -0.015268243379267391 0.012406508706084132 -0.010895863878219846 -0.016816797148715541 -0.0028663762332928741 0.031272596945924012 -0.012401901812446738 0.007534968870600631
leaf_weight=235.86175424000271 67.510253643355099 297.14905267013592 25.540922379528638 58.244770195768183 49.166409319557715 32.348743430804461 10.049947583815081 60.991328049002618 158.55923771675685 185.36857352922772 203.21289021854261 87.49321478465572 40.032171174883842 471.86974592483602
leaf_count=7458 703 82610 1045 8904 594 381 117 3599 27322 21502 26441 568 490 14186
internal_value=1.65963e-10 -0.00117528 -0.00313171 0.0033058 0.00612536 0.00341179 0.0257154 -0.0073444 -0.00878781 -0.00482695 -3.88044e-05 0.00533319 0.0176576 0.00561169
internal_weight=1983.4 1905.84 1608.69 637.171 578.926 529.759 77.5602 971.519 910.528 674.666 489.298 330.738 127.525 497.411
internal_count=195920 195100 112490 25110 16206 15612 820 87380 83781 76323 54821 27499 1058 15231
is_linear=0
shrinkage=0.05


Tree=51
num_leaves=15
num_cat=0
split_feature=4 39 39 29 1 45 32 4 40 46 2 35 22 0
split_gain=22.118 17.7759 16.6507 12.5159 12.641 17.6311 17.8353 19.7002 15.9508 16.6885 13.7356 13.1903 12.481 11.7153
threshold=0.016001024283468727 0.010517418850213291 0.10921841859817506 0.96407735347747814 0.0082988981157541292 0.00021049888164270672 2.9174053668975835 0.0082305916585028189 0.0026877874042838816 0.67365890741348278 0.014815627597272398 0.039081342518329627 6.8007264137268075 0.0063092110212892303
decision_type=2 2 2 2 2 2 2 2 2 2 2 2 2 2
left_child=1 -1 -2 4 8 -6 -7 -8 9 -3 11 -10 -9 -12
right_child=2 3 -4 -5 5 6 7 12 10 -11 13 -13 -14 -15
leaf_value=-0.017523025509714695 0.035621678216069319 0.02842622612872105 -0.0062498690322217217 0.012809241515238318 -0.018982560809891358 0.019276428745881941 0.012283282461597668 -0.0030102464297338876 -0.010755520994054071 -0.005638438704390427 0.03245537840460877 0.011775096032039127 -0.032874528152941486 -0.011888227926078306
leaf_weight=143.89474464627733 62.833603609498823 59.701333521336608 31.315328569486155 167.09707846294441 61.687660261113479 191.37060664244927 170.52327311906521 137.19785680920251 731.26923409116534 68.626613311942549 29.358387062617112 63.032117022617399 38.103030357742682 17.29501270824403
leaf_count=14718 302 2544 1334 8044 4451 1551 22442 11907 109975 8507 620 8005 243 1277
internal_value=1.62165e-10 -0.00123666 0.0224317 0.000206537 -0.00120901 0.00445709 0.00744645 0.000542268 -0.00471964 0.0111186 -0.00723878 -0.00884342 -0.0109253 0.0168199
internal_weight=1973.31 1879.16 94.1489 1735.26 1568.17 598.882 537.195 345.824 969.283 128.328 840.955 794.301 175.301 46.6534
internal_count=195920 194284 1636 179566 171522 40594 36143 34592 130928 11051 119877 117980 12150 1897
is_linear=0
shrinkage=0.05


Tree=52
num_leaves=15
num_cat=0
split_feature=2 45 1 30 44 39 18 48 15 24 24 27 48 18
split_gain=20.0106 13.378 12.3426 12.1584 11.0663 12.5608 10.8844 10.8466 12.3504 10.1321 12.8672 10.9 9.84326 10.2936
threshold=0.0064725596457719812 0.00021522111637750643 0.016261236742138866 0.0026488006114959721 0.94415250420570385 0.25172372162342077 6.6234009265899667 0.90283370018005382 0.021055060438811782 0.36397860944271093 0.076952267438173308 6.2915074825286874 0.99999991059303295 6.5896136760711679
decision_type=2 2 2 2 2 2 2 2 2 2 2 2 2 2
left_child=1 -1 4 -4 5 12 7 8 -3 10 -7 -11 13 -2
right_child=2 6 3 -5 -6 9 -8 -9 -10 11 -12 -13 -14 -15
leaf_value=-0.017969327280015844 0.00014968609307499411 -0.0092188388296188736 0.033065376831978674 -0.011524214681491932 0.016126550593525055 0.0074843393683344433 -0.017173415431545488 0.0098743491926167673 0.008946023658074731 0.02583515317963473 -0.021324001119311688 -0.0049047940142252161 -0.020709679639625077 0.013889768993494889
leaf_weight=163.8437774121885 276.02280702040548 324.86576973726989 55.289358934707707 14.411111776498727 129.51001672658458 46.578717094264022 97.734265969414992 185.47471634331941 120.87474553923352 30.100318164986305 139.40876235760516 94.584885897294043 24.618816708026429 259.72552991384691
leaf_count=21858 16869 40343 454 141 4907 1962 4014 50806 6895 27339 5006 7316 3421 4589
internal_value=-6.85565e-11 -0.00549417 0.00459162 0.0235569 0.00305042 0.000945231 -0.00248494 2.17097e-05 -0.00420473 -0.00698378 -0.0140955 0.00388336 0.00538652 0.0069432
internal_weight=1963.04 892.793 1070.25 69.7005 1000.55 871.04 728.949 631.215 445.741 310.673 185.987 124.685 560.367 535.748
internal_count=195920 123916 72004 595 71409 66502 102058 98044 47238 41623 6968 34655 24879 21458
is_linear=0
shrinkage=0.05


Tree=53
num_leaves=15
num_cat=0
split_feature=0 45 46 2 3 52 31 37 53 23 49 15 49 21
split_gain=19.1025 18.6414 18.9434 14.7057 14.4101 13.7752 11.9575 18.3995 11.8857 11.5931 11.1769 9.71175 9.50934 13.4405
threshold=0.0093025267124176043 0.00017645413026912141 0.84650033712387096 0.0094788861460983771 0.016261236742138866 1.0000000180025095e-35 0.8078865408897401 0.89587974548339855 1.0000000180025095e-35 5.2067463397979745 0.14956718683242801 0.038056777790188796 1.0000000180025095e-35 0.76832255721092235
decision_type=2 2 2 2 2 2 2 2 2 2 2 2 2 2
left_child=1 -1 8 -4 5 12 9 -8 -3 -7 11 -5 13 -2
right_child=4 2 3 10 -6 6 7 -9 -10 -11 -12 -13 -14 -15
leaf_value=-0.018632424189043009 0.02761148243551588 -0.003343462147982246 0.00080963539440452321 0.041627141456698102 0.028554223316724144 0.00049800784878071148 0.028962446292255972 -0.015852818780070017 -0.020569394282191455 -0.022612909923168348 0.0045571070386234373 -0.010201421200749917 0.013786166464067324 -0.014451700559455327
leaf_weight=171.72646717915177 15.258250856863979 472.43487984187368 332.26060514984829 50.199778853006137 56.474463215519791 113.89792737321113 46.676119455834851 30.149668826838024 119.03694069455378 92.912380097084679 61.341406523042679 6.5847600339911869 317.25692905055479 68.362077070109081
leaf_count=23166 303 99414 29509 642 567 5668 441 1071 3480 1488 3124 227 24956 1864
internal_value=-3.73434e-10 -0.00385281 -0.00126276 0.00638371 0.00627739 0.00405481 -0.00429257 0.0115748 -0.00709462 -0.010449 0.0207754 0.0349895 0.00992163 -0.00464693
internal_weight=1954.57 1213.58 1041.86 450.387 740.988 684.513 283.636 76.8258 591.472 206.81 118.126 56.7845 400.877 83.6203
internal_count=195920 159562 136396 33502 36358 35791 8668 1512 102894 7156 3993 869 27123 2167
is_linear=0
shrinkage=0.05


Tree=54
num_leaves=15
num_cat=0
split_feature=2 34 1 30 20 27 39 19 26 40 34 27 0 29
split_gain=17.9969 12.4103 11.3977 11.6012 10.7757 22.5852 10.425 10.6202 14.919 12.4846 15.8197 10.4254 31.0336 11.3248
threshold=0.0064725596457719812 0.020188531838357452 0.016261236742138866 0.0026488006114959721 0.016848213970661167 5.4574534893035898 0.033425172790884979 0.024905444122850898 0.78963673114776622 0.0013946956605650487 0.0029146338347345595 3.5114340782165532 0.009756329935044052 0.96407735347747814
decision_type=2 2 2 2 2 2 2 2 2 2 2 2 2 2
left_child=1 -1 4 -4 6 -6 7 8 9 10 -2 12 -8 -13
right_child=2 -3 3 -5 5 -7 11 -9 -10 -11 -12 13 -14 -15
leaf_value=-0.018529857608118028 -0.02269038978688992 -0.0025866080067732532 0.032625844161089594 -0.011332061158079242 -0.012189422512239386 0.022094300141291868 -0.021566910128862589 0.024889185384170322 -0.022896429424422587 -0.0072143016923671768 0.025595955038000464 -0.01150271881555185 0.026775869687114807 0.012050235735242942
leaf_weight=136.9755122594903 12.222367236375815 748.67855892302862 52.336253273620969 14.193873135372995 59.977039006218575 156.97154754462312 45.33794905804109 58.959538292932393 37.590152204762035 70.991399500536318 94.653145135595878 332.78087624717625 74.690952243749052 51.569879281742033
leaf_count=18529 753 105387 454 141 2498 26303 1144 1404 4033 2592 1925 27916 419 2422
internal_value=2.7223e-10 -0.00523175 0.00437 0.0229923 0.00290952 0.0124968 0.000114217 0.00779444 0.00222003 0.00846433 0.0186049 -0.00413464 0.00826128 -0.00811709
internal_weight=1947.93 885.654 1062.27 66.5301 995.745 216.949 778.796 274.417 215.457 177.867 106.876 504.38 120.029 384.351
internal_count=195920 123916 72004 595 71409 28801 42608 10707 9303 5270 2678 31901 1563 30338
is_linear=0
shrinkage=0.05


Tree=55
num_leaves=15
num_cat=0
split_feature=1 20 47 49 3 31 46 33 26 24 26 22 39 21
split_gain=17.3077 16.7203 19.717 16.3894 16.2367 11.1979 15.2362 11.433 10.7745 12.0712 22.424 10.6302 10.0741 9.73459
threshold=0.0082988981157541292 0.024382909759879116 6.223567247390748 0.46302691102027899 0.011050061322748663 0.42040285468101507 0.35111427307128912 1.8688347935676577 0.78963673114776622 0.027847416698932651 0.77100986242294323 6.8007264137268075 0.58757522702217113 0.80418720841407787
decision_type=2 2 2 2 2 2 2 2 2 2 2 2 2 2
left_child=3 2 4 5 13 6 -1 -7 9 10 11 -6 -11 -2
right_child=1 -3 -4 -5 8 7 -8 -9 -10 12 -12 -13 -14 -15
leaf_value=-0.014171529314661566 0.0088430291237606758 0.027784604735603458 -0.019018317043156058 0.0070647014768339574 0.00074001864776839172 -0.013615563309282772 0.017523985182984387 -0.00053093454673685842 -0.00011764748837782419 0.027831221908335875 0.027388140192035879 -0.050217065221770288 -0.014745611427863629 -0.0092602677301673771
leaf_weight=52.368921149110633 111.04347258401344 67.52797052359756 77.960031641036039 257.37193646972423 18.77273930622323 512.76302829469716 88.629282563013476 246.50610204418354 103.1400024679433 173.59984774930513 27.00780824769754 11.774759491905572 8.9685701114358363 183.22737217196664
leaf_count=2720 16376 9443 1026 70798 500 50190 3767 22025 3459 2733 122 74 266 12421
internal_value=7.19177e-11 0.00570032 0.00326177 -0.00387147 0.00623789 -0.00704121 0.00559288 -0.0094296 0.0134692 0.0190766 -0.000867395 -0.0264424 0.0250825 -0.00236285
internal_weight=1940.66 783.023 715.495 1157.64 637.535 900.267 140.998 759.269 343.264 240.124 57.5553 30.5475 182.568 294.271
internal_count=195920 46420 36977 149500 35951 78702 6487 72215 7154 3695 696 574 2999 28797
is_linear=0
shrinkage=0.05


Tree=56
num_leaves=15
num_cat=0
split_feature=1 49 1 45 43 43 3 26 4 19 34 48 46 46
split_gain=18.1374 13.4536 11.1008 15.7268 16.9534 14.7185 11.9355 16.8061 10.4406 13.4792 17.8076 10.6462 10.7639 16.7328
threshold=0.016261236742138866 0.55497553944587719 0.0082988981157541292 0.0005304987425915898 4.2555875778198251 6.1213951110839853 0.011173533275723459 0.78415098786354076 0.0066445916891098031 0.27082894742488867 0.0096244290471076983 0.18716659396886828 0.85483133792877208 0.89781975746154796
decision_type=2 2 2 2 2 2 2 2 2 2 2 2 2 2
left_child=1 2 8 4 -4 6 -5 -8 9 10 -1 -12 -13 -14
right_child=-2 -3 3 5 -6 -7 7 -9 -10 -11 11 12 13 -15
leaf_value=-0.018362791597801475 0.023455244497855868 0.0087168508372510931 0.0023905934584038356 -0.0039191143004707355 -0.027252205994681505 0.038232955864286045 0.021964590639536506 -0.0071676160944686984 -0.014468786693506272 -0.012226750696101995 0.028817977371812201 -0.0029982070912180905 0.025536587957582086 -0.014966536161279671
leaf_weight=75.603200090999735 69.082403064123355 290.43679476481248 117.84250572203047 202.7652011397567 69.999382513861519 25.953827317804098 143.01773300944842 67.255788820987618 264.34960212792134 237.17925675093397 38.548344898690686 217.25495718757412 86.166242678224421 27.22093894435784
leaf_count=10817 820 82610 3004 13464 5000 17 2135 1490 24523 20150 1004 24158 3373 3355
internal_value=-1.36965e-10 -0.000990021 -0.00282585 0.00231373 -0.00947494 0.0074567 0.00466478 0.0127443 -0.00621885 -0.00285808 0.00229661 0.00689995 0.00357364 0.0153881
internal_weight=1932.68 1863.59 1573.16 626.834 187.842 438.993 413.039 210.274 946.323 681.973 444.794 369.19 330.642 113.387
internal_count=195920 195100 112490 25110 8004 17106 17089 3625 87380 62857 42707 31890 30886 6728
is_linear=0
shrinkage=0.05


Tree=57
num_leaves=15
num_cat=0
split_feature=0 49 28 1 40 47 43 40 28 31 0 43 33 33
split_gain=17.0068 13.2718 10.8542 11.158 13.3418 13.8717 16.4093 10.3916 9.73906 10.9128 14.77 14.426 10.2468 11.5058
threshold=0.016261236742138866 0.55497553944587719 6.1036758422851571 0.0082988981157541292 0.02541422471404076 4.8597824573516855 2.6020033359527592 0.027226303704082969 6.1014387607574472 0.42040285468101507 0.010582306887954475 3.2769666910171513 1.8688347935676577 1.2424533367156985
decision_type=2 2 2 2 2 2 2 2 2 2 2 2 2 2
left_child=1 2 3 8 5 6 -5 -6 9 10 11 -1 13 -11
right_child=-2 -3 -4 4 7 -7 -8 -9 -10 12 -12 -13 -14 -15
leaf_value=-0.015076931723079216 0.025187127429439668 0.0087017649732036694 -0.01806570066831234 -0.026654334039178385 0.040799246042326376 -0.019345339642628911 0.0064817772119893273 -0.0010690332483732294 0.020671799139130871 -0.0080029701845456477 0.032264271572570752 0.019695883334322453 -0.00012460389039554382 -0.025996418581071674
leaf_weight=74.50848974824487 54.786321885725556 294.26977114493138 97.257018307962426 30.680196124841927 29.907473256327819 62.930465945119863 470.0953861442249 22.781499912354832 25.392568294319972 347.98047691763065 29.85600642771351 36.261322029537723 229.61475916150266 117.38152953739359
leaf_count=3303 822 82700 8739 1108 258 5686 14182 1880 529 43070 392 2871 21258 9122
internal_value=1.98936e-11 -0.000868469 -0.00270058 -0.00157443 0.00352789 0.00107495 0.00396959 0.0254136 -0.0052258 -0.00624794 0.00612746 -0.00300548 -0.00880345 -0.012993
internal_weight=1923.7 1868.92 1574.65 1477.39 616.395 563.706 500.776 52.689 860.995 835.603 140.626 110.77 694.977 465.362
internal_count=195920 195098 112398 103659 23114 20976 15290 2138 80545 80016 6566 6174 73450 52192
is_linear=0
shrinkage=0.05


Tree=58
num_leaves=15
num_cat=0
split_feature=1 42 35 48 18 0 27 24 2 40 4 34 48 22
split_gain=14.3183 13.6299 13.468 13.0267 14.8241 10.238 14.188 13.3703 11.975 13.3222 10.0928 9.97016 9.60436 11.152
threshold=0.016001024283468727 0.89587974548339855 0.014449134469032289 0.7744010090827943 6.6313426494598398 0.0093025267124176043 5.4315338134765634 0.0057725629303604373 0.014815627597272398 0.0080820857547223585 0.012422839645296337 0.61089926958084118 0.72926649451255809 6.8007264137268075
decision_type=2 2 2 2 2 2 2 2 2 2 2 2 2 2
left_child=2 -2 5 -4 -5 8 7 -7 11 -10 -6 12 -1 -14
right_child=1 -3 3 4 10 6 -8 -9 9 -11 -12 -13 13 -15
leaf_value=-0.0036276571715476813 0.023241188095659285 -0.025399783126953429 -0.0060611524122616851 0.015571403650015529 -0.024783294082967689 -0.024386961393853809 -0.005351604119059588 0.014882547180028311 -0.0195324949417034 0.03214216290217066 0.020062076920623919 0.0057646952279849116 -0.0098140453866220993 -0.028790140254693931
leaf_weight=300.50605336999575 93.636097618713393 8.3240742280613613 146.52158811409794 287.14564377625112 34.528338920876195 15.084744288789805 283.61795961636608 204.75867869556532 10.457220836160557 28.794333799960441 8.9855296831810829 101.83067856288289 285.07774602097624 107.45680151530541
leaf_count=24893 1550 80 16621 67056 1173 434 12346 5651 400 372 134 9622 53242 2346
internal_value=2.16398e-11 0.0173562 -0.0010649 0.00606675 0.011461 -0.00363525 0.00197306 0.0112442 -0.00700359 0.0172046 -0.0135043 -0.00839792 -0.0105313 -0.0155949
internal_weight=1916.73 101.96 1814.77 477.181 330.66 1337.58 503.461 219.843 834.123 39.2516 43.5139 794.871 693.041 392.535
internal_count=195920 1630 194290 84984 68363 109306 18431 6085 90875 772 1307 90103 80481 55588
is_linear=0
shrinkage=0.05


Tree=59
num_leaves=15
num_cat=0
split_feature=0 49 32 2 20 39 18 45 20 23 0 28 47 46
split_gain=15.0975 12.4608 14.7548 23.4006 10.1382 13.7782 9.64491 9.4122 9.37413 12.2812 11.3271 17.5141 11.2842 10.4105
threshold=0.016261236742138866 0.46302691102027899 4.8531885147094735 0.014389234129339458 0.025894175283610824 0.58455687761306774 6.6509253978729257 0.00057697307784110319 0.010780215729027988 5.2067463397979745 0.0094788861460983771 2.6020033359527592 4.8597824573516855 0.85483133792877208
decision_type=2 2 2 2 2 2 2 2 2 2 2 2 2 2
left_child=1 2 4 -4 5 6 8 -6 9 10 11 -1 -11 -10
right_child=-2 -3 3 -5 7 -7 -8 -9 13 12 -12 -13 -14 -15
leaf_value=-0.015543570015782408 0.023907735054340171 0.0074232969112273317 -0.027972866388642645 0.01939515539627492 0.036298023858010169 -0.016400862462869231 -0.032851195583152325 0.0016916469764580973 -0.00079867996982025161 -0.0070744241490879227 0.0093485820296421301 0.0077139737378919201 -0.036971982216268372 0.016102074075828154
leaf_weight=166.15822463190148 53.848297881922008 358.85764233727764 107.52992260920428 25.793453387783302 23.311452019959688 142.78337114219903 12.469559668970758 50.449455357273109 200.18872124329209 205.06328633723024 236.01274287863635 141.27685581779224 29.190478347474709 155.87531956710154
leaf_count=7016 822 93890 29723 563 15 8519 308 1687 8849 13910 5215 19045 942 5416
internal_value=-1.53252e-10 -0.000818499 -0.00283155 -0.0180949 -0.00121737 -0.00229602 -0.000412372 0.0156565 0.000228502 -0.00284589 0.00131663 -0.00494962 -0.0121611 0.00683777
internal_weight=1908.81 1854.96 1496.1 133.323 1362.78 1289.02 1146.24 73.7609 1133.77 777.702 543.448 307.435 234.254 356.064
internal_count=195920 195098 101208 30286 70922 69220 60701 1702 60393 46128 31276 26061 14852 14265
is_linear=0
shrinkage=0.05


Tree=60
num_leaves=15
num_cat=0
split_feature=2 34 18 20 45 0 25 20 19 31 3 42 4 20
split_gain=13.3595 11.0789 9.80744 9.62912 11.4103 10.9474 10.6965 13.2803 12.9654 11.7455 11.5528 8.87725 9.6801 8.84168
threshold=0.0064725596457719812 0.02145172189921141 6.620739459991456 0.024919329211115841 0.0027673178119584922 0.015038444194942715 2.2675809532302087e-06 0.0013758011045865717 0.010013033635914327 0.75882840156555187 0.011696306522935631 0.89587974548339855 0.012121656909585001 0.010882931761443617
decision_type=2 2 2 2 2 2 2 2 2 2 2 2 2 2
left_child=1 -1 13 4 5 6 -2 8 -8 -9 -10 12 -7 -3
right_child=3 2 -4 -5 -6 11 7 9 10 -11 -12 -13 -14 -15
leaf_value=-0.017006499998434534 -0.024223307693308247 -0.0056108281639473349 -0.014613025448600551 0.020245852111436514 -0.0093763812015740661 -0.0020388742999079014 -0.0026051750909670442 -0.0092180214471929093 0.04222527315270988 0.0058609003546047601 -0.014329803268786767 -0.016583879437569782 0.027955683824923167 0.0061882334701358881
leaf_weight=138.14718345977587 26.851027553151539 291.29651733177195 117.36363377801172 72.532620556708139 160.80345159032186 34.112150537468551 35.911087466055903 191.84786047048567 45.342483197196145 348.59582513590192 5.720044644058361 10.60413545835763 97.854142260861408 325.77406417692987
leaf_count=19046 2827 32791 5089 15135 10848 1222 1545 22543 879 15855 246 73 831 66990
internal_value=2.42368e-10 -0.00452458 -0.00197982 0.00383907 0.00240002 0.00486328 0.00201783 0.00350326 0.0205415 0.000437931 0.0345807 0.0169332 0.0206049 0.000617674
internal_weight=1902.76 872.581 734.434 1030.17 957.642 796.839 654.268 627.417 86.9736 540.444 51.0625 142.57 131.966 617.071
internal_count=195920 123916 104870 72004 56869 46021 43895 41068 2670 38398 1125 2126 2053 99781
is_linear=0
shrinkage=0.05


Tree=61
num_leaves=15
num_cat=0
split_feature=1 44 35 48 18 41 26 15 21 23 49 36 0 28
split_gain=13.7263 12.5433 9.07864 11.0863 9.22439 8.56335 9.68816 8.45108 7.98894 7.93448 12.1242 14.2483 10.9158 11.5295
threshold=0.016261236742138866 0.96737179160118114 0.014449134469032289 0.76443827152252208 6.6313426494598398 0.57738095521926891 0.76158499717712413 0.050550129264593131 0.83619919419288646 5.2067463397979745 0.47546796500682836 0.78817948698997509 0.009569597430527212 2.6020033359527592
decision_type=2 2 2 2 2 2 2 2 2 2 2 2 2 2
left_child=1 2 9 -4 5 6 -5 -6 -2 12 -11 -12 13 -1
right_child=8 -3 3 4 7 -7 -8 -9 -10 10 11 -13 -14 -15
leaf_value=-0.012552462089747977 0.027433572457001888 0.026487260529445153 -0.0070394669635734444 -0.010864436548666831 -0.021398057222185882 -0.0076148347871737247 0.019305801422486696 0.018283829803217948 -0.013261200999880516 -0.012021525876156902 -0.003213053979102546 0.031617087888934414 0.0074171019551133978 0.0036696314184151251
leaf_weight=224.01496824224887 56.052243813901441 31.051257871324196 138.4680459410294 23.60845445460609 33.363545755464656 38.708853072661441 221.24177748495464 10.621065076906232 8.4426393900939711 441.85321047926385 155.60527650746161 25.804317882959367 288.58769916473898 199.22268240513324
leaf_count=8619 703 1179 16055 22165 1214 1302 43901 127 117 33509 21705 1122 8220 35982
internal_value=2.16938e-10 -0.000850895 -0.00146586 0.00447943 0.00941329 0.0127002 0.0160846 -0.0102041 0.0210414 -0.00355893 -0.00763038 0.00313427 6.22886e-05 -0.00500809
internal_weight=1896.65 1832.15 1801.1 466.012 327.544 283.559 244.85 43.9846 64.4949 1335.09 623.263 181.41 711.825 423.238
internal_count=195920 195100 193921 84764 68709 67368 66066 1341 820 109157 56336 22827 52821 44601
is_linear=0
shrinkage=0.05


Tree=62
num_leaves=15
num_cat=0
split_feature=0 39 19 45 49 39 1 44 19 40 44 34 24 45
split_gain=11.9988 13.5934 11.203 12.6972 11.4017 11.1395 9.93854 9.86224 8.91856 8.28879 16.0205 9.40046 14.293 10.1807
threshold=0.015504807699471714 0.010517418850213291 0.010727345012128355 0.00017071537877200174 0.28034786880016332 0.13619410991668704 0.015038444194942715 0.96737179160118114 0.16352932900190356 0.026048461906611923 0.77008745074272167 0.027545500546693805 0.0080624143593013304 0.00039478608232457196
decision_type=2 2 2 2 2 2 2 2 2 2 2 2 2 2
left_child=1 -1 -3 4 -4 6 -2 9 -6 11 -11 12 -5 -14
right_child=5 2 3 7 8 -7 -8 -9 -10 10 -12 -13 13 -15
leaf_value=-0.016263583522960808 -0.00037683013547459756 0.026077748543435073 -0.025409098423381654 -0.024087481022276425 0.03264911241782481 -0.005727292506944863 0.032040589506785427 0.02540475168608898 -0.0081035606462299022 -0.0022058898943974024 0.035443781564921922 -0.0027357296714249982 0.029885041777080026 0.0045436451302191877
leaf_weight=127.86004622244786 33.937574927624155 30.45278916045595 81.027386547467017 19.287931365189934 9.0359465449510008 48.672719735672899 66.238383553893073 29.613307845895179 36.687936763868152 68.082773357199471 37.02375434281214 1133.3854697630379 54.853233836588515 113.53661949117713
leaf_count=14653 410 1895 8911 1845 390 2453 382 1134 4978 16417 16557 117841 1128 6926
internal_value=-1.79827e-10 -0.00119378 9.36348e-05 -0.000566989 -0.0151352 0.013158 0.0220208 0.000796029 0.00436381 0.000111714 0.0129833 -0.00100222 0.00907525 0.0140112
internal_weight=1889.7 1740.85 1612.99 1582.53 126.751 148.849 100.176 1455.78 45.7239 1426.17 105.107 1321.06 187.678 168.39
internal_count=195920 192675 178022 176127 14279 3245 792 161848 5368 160714 32974 127740 9899 8054
is_linear=0
shrinkage=0.05


Tree=63
num_leaves=15
num_cat=0
split_feature=2 45 20 30 45 3 29 24 24 39 39 39 47 1
split_gain=10.7563 10.2804 8.62438 9.89536 10.4059 12.5836 13.0362 11.8393 11.9294 12.4038 11.7278 9.19818 10.0712 9.51281
threshold=0.0064725596457719812 0.00021049888164270672 0.024919329211115841 0.00064653743174858402 0.00038554189086426055 0.013986697886139156 0.050743276253342635 0.090732060372829451 0.35411123931407934 0.26600909233093267 0.10921841859817506 0.0037383829476311807 4.1785123348236093 0.010811126790940763
decision_type=2 2 2 2 2 2 2 2 2 2 2 2 2 2
left_child=1 -1 3 11 -5 6 -6 -8 9 -9 -7 -2 13 -13
right_child=2 -3 -4 4 5 10 7 8 -10 -11 -12 12 -14 -15
leaf_value=-0.015794066846953597 -0.02551749415624496 -0.0015446473729603027 0.019067830180548778 -0.023319441662697865 -0.020879609249395671 0.024203617471471938 0.012009337842293669 0.0011119336859510777 0.012111399017270213 -0.028535257523392973 -0.0025630907127027281 0.033677304664572243 0.0047661191487844839 -0.00018523277870802188
leaf_weight=144.32468360857251 9.8319768279438318 719.81228808618607 71.704269683779899 42.158877593202988 84.986821120909894 77.68871009151917 119.4793084774401 63.300033616405102 47.579940335446992 67.695829856180353 73.47762694049834 59.867691790335812 271.48683929735506 29.340892951382557
leaf_count=21303 744 102613 15135 812 4741 846 5149 2273 17237 3090 2082 1156 18416 323
internal_value=1.19822e-10 -0.00407798 0.00346561 0.00209719 -0.00200286 7.70003e-05 -0.00474891 0.000379051 -0.0076266 -0.0151463 0.0118413 0.00835999 0.00994689 0.0236438
internal_weight=1882.74 864.137 1018.6 946.895 576.367 534.208 383.042 298.055 178.576 130.996 151.166 370.527 360.695 89.2086
internal_count=195920 123916 72004 56869 36230 35418 32490 27749 22600 5363 2928 20639 19895 1479
is_linear=0
shrinkage=0.05


Tree=64
num_leaves=15
num_cat=0
split_feature=2 45 1 3 22 22 29 49 27 45 3 44 1 48
split_gain=10.8492 9.58458 8.01184 9.74921 10.9733 10.0419 13.676 21.0447 14.1117 13.7391 8.96889 8.96695 12.3416 9.84161
threshold=0.0064725596457719812 0.00021049888164270672 0.016261236742138866 0.016001024283468727 6.8007264137268075 6.8007264137268075 0.014134334400296213 0.062749680131673827 3.5549397468566899 0.00049046601634472619 0.014185110572725536 0.1602224335074425 0.011428944766521456 0.84943059086799633
decision_type=2 2 2 2 2 2 2 2 2 2 2 2 2 2
left_child=1 -1 3 5 -5 11 8 -8 10 -9 -7 12 -2 -14
right_child=2 -3 -4 4 -6 6 7 9 -10 -11 -12 -13 13 -15
leaf_value=-0.01550550114458229 -0.013383856212901691 -0.0016665769567816358 0.020137050051168347 0.0036677453445203238 -0.043319938683984704 -0.02765005830358723 -0.016270324649641042 -0.0026238050342683936 0.0351023122847305 0.024977242889852539 0.019317795655155963 0.0061455793592051465 0.015000532589976249 -0.013989799156654506
leaf_weight=142.32257156945082 203.35928639288204 718.63172908745776 57.606854432830005 22.431764981454762 14.394703470170496 12.121381527744235 80.458284807391465 75.735995355295017 71.033143527805805 95.434604498557746 9.4703576974570733 257.99872752344208 84.754341620136984 33.307539809960872
leaf_count=21303 18828 102613 595 1145 37 216 718 629 325 323 15 45789 1865 1519
internal_value=3.88353e-10 -0.00410602 0.00347839 0.00228208 -0.0200277 0.00337654 0.0100088 0.00358036 0.0254219 0.0132942 -0.00745553 -0.00066686 -0.00615552 0.00636803
internal_weight=1879.06 860.954 1018.11 960.5 36.8265 923.674 344.254 251.629 92.6249 171.171 21.5917 579.42 321.421 118.062
internal_count=195920 123916 72004 71409 1182 70227 2226 1670 556 952 231 68001 22212 3384
is_linear=0
shrinkage=0.05


Tree=65
num_leaves=15
num_cat=0
split_feature=29 3 26 39 19 45 35 45 24 45 40 29 19 30
split_gain=10.3708 10.6728 9.55408 8.58625 16.6222 9.41428 10.76 9.38926 11.1136 8.22495 10.736 12.3598 11.0525 15.3881
threshold=0.96407735347747814 0.015749008394777778 0.78846433758735668 0.010517418850213291 0.010727345012128355 0.00017071537877200174 3.3632046324783012e-05 0.00018739797087619084 0.0319314543157816 0.00027919237618334597 0.0026877874042838816 0.036676093935966499 0.25413562357425695 0.0018756790668703618
decision_type=2 2 2 2 2 2 2 2 2 2 2 2 2 2
left_child=1 3 -3 -1 -5 6 -6 8 -7 -9 -11 -12 13 -13
right_child=-2 2 -4 4 5 7 -8 9 -10 10 11 12 -14 -15
leaf_value=-0.014222811344359737 0.011781544488423118 0.021242921377251808 -0.0082875482632151637 0.029488944420565124 0.007907508370148298 0.038365961252414871 -0.02391680277212134 -0.016543396216686795 -0.010613959221331848 0.017185609698459895 -0.014935614033157189 -0.0093788726539651493 -0.0039670472334508043 0.012320740466286215
leaf_weight=127.07055599659361 160.01771823017225 82.691572195165463 32.541868918175169 33.086467135537305 31.526254394844244 21.512353631914266 82.614414705293058 75.519852352561657 12.736735499297536 70.312335822906107 143.44140864512781 102.99338021814788 600.43327913442602 297.29399081900078
leaf_count=14647 8248 1221 947 1901 3034 153 10781 8107 1599 3853 9989 17040 97955 16445
internal_value=-6.55607e-11 -0.00116203 0.0129077 -0.0022502 -0.00112727 -0.00203026 -0.0151979 -0.000789899 0.0218688 -0.00155508 -0.000495563 -0.00172161 0.000301489 0.00664495
internal_weight=1873.79 1713.77 115.233 1598.54 1471.47 1438.38 114.141 1324.24 34.2491 1289.99 1214.47 1144.16 1000.72 400.287
internal_count=195920 187672 2168 185504 170857 168956 13815 155141 1752 153389 145282 141429 131440 33485
is_linear=0
shrinkage=0.05


Tree=66
num_leaves=15
num_cat=0
split_feature=44 2 29 29 22 48 32 35 0 27 34 18 47 1
split_gain=10.0361 9.51681 10.1145 19.3643 15.466 12.0875 13.9913 10.5334 9.25931 8.68573 7.91712 7.9543 7.69905 9.54166
threshold=0.96737179160118114 0.0064725596457719812 0.010645450092852117 0.00569799728691578 6.8007264137268075 0.18716659396886828 3.4811217784881596 0.016610755585134033 0.0085838492959737795 5.4574534893035898 0.02145172189921141 6.620739459991456 6.223567247390748 0.0075472774915397176
decision_type=2 2 2 2 2 2 2 2 2 2 2 2 2 2
left_child=1 10 3 8 -5 6 -4 12 -3 -9 -1 -12 -7 -14
right_child=-2 2 5 4 -6 7 -8 9 -10 -11 11 -13 13 -15
leaf_value=-0.015258232615234485 0.024199301738636898 -0.021983779145143007 0.0094309297661286651 -0.008454170460314079 0.039095003643914855 0.00098156794740036977 -0.047432806104120012 -0.004626738605761572 0.0089595132268281124 0.018840377973022529 0.00013231268368439202 -0.013852706093685755 0.00034318429300380043 -0.031098150138070015
leaf_weight=131.41156708439667 31.894275590777397 30.519192993694446 13.367252469412053 18.02263328537083 66.199170087464154 537.57123132672666 17.009410583297381 50.833829536335543 50.778212765784701 125.5786077500992 595.80172485258367 112.55136537820727 51.323893171414966 35.184174262452871
leaf_count=19046 1191 3870 345 1421 181 35173 393 2126 992 25689 99224 5040 873 356
internal_value=-1.0316e-09 -0.00054915 0.00274386 0.0136502 0.0291026 0.000434684 -0.0262715 0.00175976 -0.00379224 0.0121928 -0.00444265 -0.0022517 -0.0013352 -0.0143418
internal_weight=1868.05 1836.15 996.388 165.519 84.2218 830.868 30.3767 800.492 81.2974 176.412 839.765 708.353 624.079 86.5081
internal_count=195920 194729 71419 6464 1602 64955 738 64217 4862 27815 123310 104264 36402 1229
is_linear=0
shrinkage=0.05


Tree=67
num_leaves=15
num_cat=0
split_feature=39 19 4 25 3 29 45 35 2 29 45 29 1 40
split_gain=13.8064 18.2421 17.8472 12.2351 10.1381 10.467 10.4864 9.38851 9.1951 8.53385 8.47195 10.2015 8.2497 12.5841
threshold=0.010517418850213291 0.010727345012128355 0.015504807699471714 1.5493601495109036e-05 0.016261236742138866 0.96407735347747814 0.00017071537877200174 3.3632046324783012e-05 0.01183473411947489 0.13028108328580859 0.00018739797087619084 0.096321620047092452 0.0088890646584332007 0.02541422471404076
decision_type=2 2 2 2 2 2 2 2 2 2 2 2 2 2
left_child=2 8 3 -1 5 6 7 -3 -2 -6 11 -8 -12 -14
right_child=1 4 -4 -5 9 -7 10 -9 -10 -11 12 -13 13 -15
leaf_value=-0.0036126161987564565 -0.00074838150148024384 0.0062486007110719895 0.021222415170503078 -0.034320349994989528 0.033536311838822004 0.011634374454245526 0.035554996209206387 -0.023702922195813759 0.046762712985310234 -0.0080051672645324989 -0.0040228814085520618 -0.011769556732893614 0.0011253069508084274 0.025619246568741483
leaf_weight=60.158573265578298 14.368746436518675 31.619200452573054 21.806523505714722 67.731980031909188 30.380095159714983 156.44809864218041 23.579964969058437 81.962707757683589 22.548100316416821 13.104944642065673 841.17606511712677 11.232198296705972 440.96250603889985 49.684128207012577
leaf_count=8301 1809 3053 120 6353 207 8162 352 10812 105 545 122379 1411 24948 7363
internal_value=-5.5353e-10 0.00130061 -0.0140656 -0.0211852 0.00043927 -0.000259196 -0.0015859 -0.015534 0.0320525 0.0218611 -0.000322239 0.0210666 -0.00103415 0.00406781
internal_weight=1866.76 1717.07 149.697 127.891 1680.15 1636.66 1480.22 113.582 36.9168 43.485 1366.63 34.8122 1331.82 490.647
internal_count=195920 181146 14774 14654 179232 178480 170318 13865 1914 752 156453 1763 154690 32311
is_linear=0
shrinkage=0.05


Tree=68
num_leaves=15
num_cat=0
split_feature=0 20 24 27 27 21 23 24 36 34 3 26 17 1
split_gain=9.57228 10.9639 11.986 11.5796 8.83132 13.4062 13.0817 10.6824 8.16976 8.03197 10.6978 8.60861 8.00101 9.91798
threshold=0.0093025267124176043 0.010882931761443617 0.053054928779602058 5.4574534893035898 3.5114340782165532 0.7709031105041505 2.3502402305603032 0.0060387989506125459 0.98319208621978771 0.61999469995498668 0.012270400300621988 0.7683703899383546 0.021054964512586597 0.016261236742138866
decision_type=2 2 2 2 2 2 2 2 2 2 2 2 2 2
left_child=1 8 3 -3 -2 7 -7 -6 -1 10 -4 -11 -8 -14
right_child=4 2 9 -5 5 6 12 -9 -10 11 -12 -13 13 -15
leaf_value=-0.0086022811330417892 0.01359322300162577 -0.0076928296883349975 -0.0073304220721807714 0.036517889071032157 0.043074038007661623 -0.037151610412872758 0.019060509142130859 0.005009500235295959 0.021959336162144738 -0.018368568229424464 0.017867612695207286 0.01342459907243934 -0.0053293378218975639 0.018928149001627828
leaf_weight=571.54064920782014 186.2856276135426 17.645602922275316 331.26772040212722 34.862105606147452 20.62019444820811 15.450944367796181 37.93819364981573 54.265683408818234 13.3698730294127 16.069652716862038 38.423668418007082 133.28163340965875 351.59496573005617 37.834956167906057
leaf_count=66810 1828 1644 77358 714 85 95 1969 18485 460 698 4286 7592 13615 281
internal_value=-3.32508e-10 -0.00279099 0.00212159 0.0228067 0.00455969 0.00111316 -0.00232643 0.0193304 -0.00754633 -0.000362513 -0.00430987 0.00906573 -0.000246722 -0.00255773
internal_weight=1860.45 1156.46 571.55 52.5077 703.991 517.705 442.819 74.8859 584.911 519.043 369.691 149.351 427.368 389.43
internal_count=195920 159562 92292 2358 36358 34530 15960 18570 67270 89934 81644 8290 15865 13896
is_linear=0
shrinkage=0.05


Tree=69
num_leaves=15
num_cat=0
split_feature=49 19 15 44 44 45 20 35 45 24 4 32 25 4
split_gain=9.5062 10.916 12.5772 14.6326 12.6351 19.2785 15.2552 10.7846 16.9229 12.2805 10.694 9.4091 8.80647 9.06669
threshold=0.55497553944587719 0.25413562357425695 0.073186349123716368 0.007676119916141034 0.011974777095019819 0.001201337203383446 0.01305150566622615 0.026048679836094383 0.00057697307784110319 0.076952267438173308 0.010362972505390646 4.8531885147094735 0.0051897524390369662 0.00766294775530696
decision_type=2 2 2 2 2 2 2 2 2 2 2 2 2 2
left_child=1 2 3 10 5 -5 -6 9 -9 -3 -1 -8 13 -11
right_child=-2 7 -4 4 6 -7 11 8 -10 12 -12 -13 -14 -15
leaf_value=-0.023626550207460031 0.0082228462829035554 0.0058660605334374671 0.019306181276906011 0.035950342363351824 -0.0038189844877870999 -0.021902560887566924 0.016131415308113406 0.034388132146261415 -0.0090255173749826615 -0.013191193782705325 0.0070883715667060245 -0.017689940160363501 -0.017402705361472794 0.012644220720665376
leaf_weight=90.450536785705026 285.98996399687235 100.84810809155158 82.187308321008459 47.388978940090283 523.68246222732103 11.754158895288127 167.8509035067691 29.166467227048997 45.285801571985985 62.684751684595085 34.113509011753194 14.951370135897944 304.62678680770557 53.809506062567152
leaf_count=13234 83054 5594 594 1511 38041 1565 4955 127 6071 3497 1398 9403 25364 1512
internal_value=-3.92981e-10 -0.0015416 0.00172574 -9.38151e-05 0.00254781 0.0229478 0.000543589 -0.00680915 0.0100397 -0.00935598 -0.0153132 0.0125911 -0.0130528 -0.00120146
internal_weight=1854.79 1568.8 972.379 890.192 765.628 59.1431 706.485 596.421 74.4523 521.969 124.564 182.802 421.121 116.494
internal_count=195920 112866 70701 70107 55475 3076 52399 42165 6198 35967 14632 14358 30373 5009
is_linear=0
shrinkage=0.05


Tree=70
num_leaves=15
num_cat=0
split_feature=0 44 44 36 4 49 32 18 45 26 19 48 26 29
split_gain=9.0884 10.1441 16.9219 15.792 12.0014 8.90615 11.4685 8.94298 11.5765 9.72894 8.95314 8.47857 8.88157 8.13959
threshold=0.016261236742138866 0.0091226352378726023 0.011974777095019819 0.66450217366218578 0.010362972505390646 0.55497553944587719 4.8531885147094735 6.5896136760711679 0.0025425122585147624 0.88553661108016979 0.62239933013916027 0.76443827152252208 0.68763184547424328 0.42260862886905676
decision_type=2 2 2 2 2 2 2 2 2 2 2 2 2 2
left_child=1 4 3 -3 -1 6 7 10 9 13 -4 12 -6 -9
right_child=-2 2 5 -5 11 -7 -8 8 -10 -11 -12 -13 -14 -15
leaf_value=-0.022654870333229285 0.019337523424900763 -0.014482329336229702 -0.0029728574766253548 0.040479451113016124 -0.013430191774272205 0.0074448191609576822 -0.015439895956363065 0.0067106700453698808 -0.0066816285292443092 -0.015400814900746303 -0.022729063323646884 -0.022684094856847532 0.029454692345030387 0.028249566813014201
leaf_weight=93.574107829271497 48.849803957104996 12.208241505559043 439.63895486391311 37.105463608590071 10.871202773079856 282.29818962156969 135.55475110491261 415.89410704444163 205.59669116928126 34.927671317214845 56.780670129577629 9.2142606517736549 27.180075331998523 41.135287541430444
leaf_count=13900 822 1445 33061 875 351 82700 34738 9010 9449 1984 6080 774 430 301
internal_value=9.34586e-11 -0.000628047 0.000496358 0.0267253 -0.0130436 -0.000465952 -0.00218868 -0.000568492 0.00306708 0.00719317 -0.00563678 0.00661769 0.0169574 0.00921266
internal_weight=1850.83 1801.98 1661.14 49.3137 140.84 1611.83 1329.53 1193.97 697.554 491.957 496.42 47.2655 38.0513 457.029
internal_count=195920 195098 179643 2320 15455 177323 94623 59885 20744 11295 39141 1555 781 9311
is_linear=0
shrinkage=0.05


Tree=71
num_leaves=15
num_cat=0
split_feature=44 3 2 39 40 29 20 27 25 44 21 48 0 31
split_gain=9.0717 9.12766 7.02963 8.09848 14.16 15.3577 9.54258 16.3801 9.15869 7.06754 6.87045 10.3291 15.947 14.8694
threshold=0.96737179160118114 0.016261236742138866 0.0064725596457719812 0.0037383829476311807 0.0013946956605650487 0.038260705769062049 0.016848213970661167 5.4574534893035898 2.2675809532302087e-06 0.010352277196943762 0.79888576269149791 0.75029772520065319 0.0092167854309082049 0.81194058060646068
decision_type=2 2 2 2 2 2 2 2 2 2 2 2 2 2
left_child=1 2 -1 -4 5 8 10 -8 -5 -10 -6 12 -12 -13
right_child=-2 -3 3 4 6 -7 7 -9 9 -11 11 13 -14 -15
leaf_value=-0.0045169877948122057 0.023000842158305088 0.018357176102129103 -0.030355271823569979 -0.0034947434897740631 -0.013600128836270937 -0.015755743549369441 -0.012247308575602255 0.01778357113933041 0.0067639754353916092 0.039562254469785438 -0.0085243023817033539 -0.017018972962792915 0.019139804715245623 0.0054195709382588546
leaf_weight=826.79662732660438 31.906029883655719 51.84804453925608 9.2651284643933405 21.665221822105934 118.73629978439646 22.349728460589802 56.534906518179952 141.95735037481117 27.695646509208018 60.072065698274855 80.777222673970755 148.35332494962495 116.68363509435221 131.34470937221522
leaf_count=123220 1191 815 735 2010 16037 1460 2495 25926 1183 949 4300 5990 1472 8137
internal_value=7.26844e-10 -0.000528416 -0.00118451 0.00177756 0.00241983 0.0169755 -0.000175855 0.00905295 0.0244197 0.030963 -0.00334864 -0.000570852 0.00795759 -0.0066586
internal_weight=1845.99 1814.08 1762.23 935.435 926.17 131.783 794.387 198.492 109.433 87.7677 595.895 477.159 197.461 279.698
internal_count=195920 194729 193914 70694 69959 5602 64357 28421 4142 2132 35936 19899 5772 14127
is_linear=0
shrinkage=0.05


Tree=72
num_leaves=15
num_cat=0
split_feature=44 3 26 39 19 31 17 40 44 1 24 35 18 39
split_gain=8.96273 8.79369 11.5736 9.1399 10.9211 7.7652 9.44845 7.32341 13.776 6.42661 5.61342 5.5744 5.36409 6.33111
threshold=0.96737179160118114 0.015749008394777778 0.78846433758735668 0.010517418850213291 0.010727345012128355 0.68602693080902111 0.054093567654490478 0.026048461906611923 0.69248807430267345 0.016001024283468727 0.0021204606164246802 0.020077513530850414 6.6509253978729257 0.45348119735717779
decision_type=2 2 2 2 2 2 2 2 2 2 2 2 2 2
left_child=1 3 9 5 -5 10 -7 12 11 -3 -1 -9 13 -6
right_child=-2 2 -4 4 7 6 -8 8 -10 -11 -12 -13 -14 -15
leaf_value=0.0010435451065906474 0.022802318777523745 0.0050123355469608895 -0.0095237646331000486 0.023886386859168177 0.0011078950554435072 -0.013524595535023363 0.019929679870983597 0.012618462329142191 0.032388020708266387 0.033599660005263501 -0.036620147438467296 -0.013582242896114462 -0.02202855198316251 -0.005715975455785372
leaf_weight=12.08128469797475 32.119543677894399 38.319713333957225 36.161668372638815 35.010664225048004 863.28060927986803 57.632495411979562 20.873983266619689 24.837139485714061 35.652628405993994 41.744892278482439 33.763232148725365 39.372162922676949 22.859262524885708 547.91657921120486
leaf_count=1693 1191 991 1176 1901 100402 8099 353 1411 22443 230 4502 9269 693 41566
internal_value=-1.50833e-10 -0.000527848 0.0122096 -0.00146869 -0.000394336 -0.0139855 -0.00338273 -0.00109965 0.0113561 0.0219932 -0.0282852 -0.00311273 -0.00203965 -0.00156314
internal_weight=1841.63 1809.51 116.226 1693.28 1568.93 124.351 78.5065 1533.92 99.8619 80.0646 45.8445 64.2093 1434.06 1411.2
internal_count=195920 194729 2397 192332 177685 14647 8452 175784 33123 1221 6195 10680 142661 141968
is_linear=0
shrinkage=0.05


Tree=73
num_leaves=15
num_cat=0
split_feature=44 0 25 26 39 29 40 45 49 39 44 19 28 2
split_gain=8.93302 8.47446 10.7612 10.2821 9.43808 14.0658 9.14772 12.5379 8.22148 10.0388 10.5232 11.8356 8.2088 7.35855
threshold=0.96737179160118114 0.0093025267124176043 0.0047764813061803588 0.79139685630798351 0.017581918276846412 0.010645450092852117 0.026048461906611923 0.00057697307784110319 0.61714744567871105 0.029499071650207046 0.068277500569820418 0.36003065109252935 3.6762205362319951 0.00766294775530696
decision_type=2 2 2 2 2 2 2 2 2 2 2 2 2 2
left_child=1 4 3 13 -1 -6 -7 -8 9 -4 -11 -12 -13 -3
right_child=-2 2 8 -5 5 6 7 -9 -10 10 11 12 -14 -15
leaf_value=-0.014475145991407782 0.022612108446857432 0.00053699975482619127 0.014088856772313418 -0.010301247962321158 0.021791168517897613 -0.0043842866820343702 0.035790798152876356 -0.0023896013385322902 0.013562843777699236 -0.027764957503265519 0.0069538277139674608 -0.00073404909698297728 -0.026959376911802571 0.020016506471990492
leaf_weight=149.1513518790133 32.673862388241105 66.218816656049967 49.800292900984914 40.65493565309589 51.82080520375689 848.28308883913314 25.056328685139306 52.658935991540716 64.5865758750341 47.242398793649045 121.23238613321166 56.581049447820988 54.520671282323292 176.91938407368411
leaf_count=20827 1191 2112 1334 2603 3069 108450 125 26336 15890 1445 5745 1608 3235 1950
internal_value=3.44878e-10 -0.00053173 0.00385259 0.0110983 -0.00317914 -0.00132701 -0.00283974 0.0125972 -0.0015124 -0.00478099 -0.00851269 -0.00361379 -0.014767 0.014942
internal_weight=1837.4 1804.73 677.757 283.793 1126.97 977.819 925.998 77.7153 393.963 329.377 279.577 232.334 111.102 243.138
internal_count=195920 194729 35922 6665 158807 137980 134911 26461 29257 13367 12033 10588 4843 4062
is_linear=0
shrinkage=0.05


Tree=74
num_leaves=15
num_cat=0
split_feature=44 1 42 44 44 36 4 35 24 23 49 36 39 36
split_gain=8.6896 8.40508 10.8972 7.47815 16.6864 12.1714 9.98072 7.10309 12.4328 9.42874 12.5253 10.4165 9.92133 9.5091
threshold=0.96737179160118114 0.016001024283468727 0.89587974548339855 0.0091226352378726023 0.011974777095019819 0.66450217366218578 0.010362972505390646 0.014449134469032289 0.04158535227179528 5.2012517452239999 0.47050817310810095 0.78817948698997509 0.62939190864562999 0.76278772950172435
decision_type=2 2 2 2 2 2 2 2 2 2 2 2 2 2
left_child=1 3 -3 6 5 -5 -1 9 -9 12 13 -12 -6 -11
right_child=-2 2 -4 4 7 -7 -8 8 -10 10 11 -13 -14 -15
leaf_value=-0.02093088683338306 0.022191761256345491 0.019599752090079095 -0.02479056126059169 -0.0099713566089030953 0.0027602445983779941 0.038218807089263243 0.0066494074623426576 0.028591992722554818 0.0011233535011044517 -0.008392922220929664 -0.0026381901351908666 0.027814022446595657 -0.0260145518719445 -0.027509064435362707
leaf_weight=90.91955184361268 33.085348342428915 80.875856177040077 7.5203101910883552 13.436192779917745 520.85204034282231 36.019599724546424 42.765984250414476 35.993770376619011 404.18510272153509 292.73183640529902 146.33804072495042 24.367704941629199 21.765438796544913 80.460865846717297
leaf_count=13896 1191 1526 80 1440 39472 868 1543 1066 82802 22018 22442 1129 2509 3938
internal_value=-9.64691e-11 -0.000528771 0.0136876 -0.00133905 -0.000341375 0.0256514 -0.0122592 -0.00134483 0.00395472 -0.00350832 -0.00809868 0.0030074 0.00115617 -0.0131247
internal_weight=1831.32 1798.23 88.3962 1709.84 1576.15 49.4558 133.686 1526.69 440.179 1086.52 543.898 170.706 542.617 373.193
internal_count=195920 194729 1606 193123 177684 2308 15439 175376 83868 91508 49527 23571 41981 25956
is_linear=0
shrinkage=0.05


Tree=75
num_leaves=15
num_cat=0
split_feature=44 0 44 44 45 21 39 1 20 24 27 23 26 25
split_gain=8.37587 7.28523 9.14118 14.5826 13.4804 12.2631 9.05901 9.18357 6.4186 9.01694 11.9289 8.3624 8.97061 7.62655
threshold=0.96737179160118114 0.015504807699471714 0.0091226352378726023 0.011974777095019819 0.00076523909228853892 0.80451065301895153 0.13619410991668704 0.014599318150430919 0.010780215729027988 0.053054928779602058 5.4574534893035898 5.2012517452239999 0.30217391252517706 0.0058638956397771844
decision_type=2 2 2 2 2 2 2 2 2 2 2 2 2 2
left_child=1 2 5 4 -4 -1 7 -3 11 10 -10 12 -5 -11
right_child=-2 6 3 8 -6 -7 -8 -9 9 13 -12 -13 -14 -15
leaf_value=-0.00079617832072097217 0.021727886312288197 -0.0040098723344982436 0.036437112444674256 -0.018089302490602081 -0.015972824589865042 -0.031486417882220577 -0.0075085474687424094 0.027913207102054988 -0.0089911665555180847 0.014333669148362795 0.031530005005447968 -0.01035309264690586 0.0033241916402238537 -0.0017527038097918477
leaf_weight=76.618267306194184 33.314249104703777 29.244715107392039 37.202048985760257 46.815610017948018 10.132556663251306 47.285899552283809 43.436951246876106 63.322487207246013 22.131581136811405 73.311302932973149 42.788126338247821 332.72697811975712 341.57755531352018 627.39909928925658
leaf_count=7558 1191 379 851 1766 1451 7814 2401 413 1927 2263 738 31398 28077 107693
internal_value=2.45176e-10 -0.000521691 -0.00145636 -0.000360408 0.024389 -0.0139853 0.0101919 0.0184201 -0.00130605 0.00187266 0.0183598 -0.00466042 0.000353812 0.000108321
internal_weight=1827.31 1793.99 1657.99 1534.08 47.3346 123.904 136.004 92.5672 1486.75 765.63 64.9197 721.12 388.393 700.71
internal_count=195920 194729 191536 176164 2302 15372 3193 792 173862 112621 2665 61241 29843 109956
is_linear=0
shrinkage=0.05


Tree=76
num_leaves=15
num_cat=0
split_feature=44 0 39 4 44 44 36 21 30 41 18 20 44 18
split_gain=7.99964 7.13153 8.49857 8.60909 7.81605 13.697 12.9895 10.5492 6.93194 6.52588 6.06067 8.39531 11.7824 6.23855
threshold=0.96737179160118114 0.015504807699471714 0.13619410991668704 0.016001024283468727 0.0091226352378726023 0.011974777095019819 0.66450217366218578 0.80451065301895153 0.00019029790564673024 0.59166666865348827 6.6313426494598398 0.025692277587950233 0.77008745074272167 6.5896136760711679
decision_type=2 2 2 2 2 2 2 2 2 2 2 2 2 2
left_child=1 4 3 -3 7 6 -6 -1 -8 -4 11 13 -13 -7
right_child=-2 2 9 -5 5 10 8 -9 -10 -11 -12 12 -14 -15
leaf_value=-0.0009556865644085058 0.021113204515797207 0.0035570428477258104 0.0055174484804593697 0.033540190260181478 -0.014036103720230992 -0.0050224882552843105 0.043233665946925959 -0.029696572232502595 -0.0079665642620553138 -0.029021735442242187 -0.011621335280858073 -0.0020171395393429898 0.034692385131920647 0.0018977657584479113
leaf_weight=76.717850323399034 33.798785298480652 52.933001223791393 32.376569660676637 38.194810863875318 11.647854994968837 602.9866402142793 30.899327561855898 45.544574432075024 4.5650069780094773 10.960408835904671 120.84000021455722 46.081741445235195 29.892253164759211 686.54610512884756
leaf_count=7558 1191 608 2255 184 1434 107279 365 7814 503 146 3938 16591 17936 28118
internal_value=-3.38377e-10 -0.000513688 0.0101466 0.0181979 -0.00143515 -0.000426442 0.0236087 -0.0130979 0.0363405 -0.00702134 -0.00134096 -0.000353327 0.0147816 -0.0013519
internal_weight=1823.98 1790.19 134.465 91.1278 1655.72 1533.46 47.1122 122.262 35.4643 43.337 1486.35 1365.51 75.974 1289.53
internal_count=195920 194729 3193 792 191536 176164 2302 15372 868 2401 173862 169924 34527 135397
is_linear=0
shrinkage=0.05


Tree=77
num_leaves=15
num_cat=0
split_feature=49 19 46 35 15 46 24 26 35 45 35 22 26 24
split_gain=7.99225 9.26417 9.93039 9.93676 12.9371 10.3412 9.48757 9.43406 8.81518 13.3087 9.61717 8.94912 7.47967 6.70872
threshold=0.55497553944587719 0.25413562357425695 0.89939612150192272 0.014449134469032289 0.068252116441726698 0.85483133792877208 0.076952267438173308 0.78308227658271801 0.026048679836094383 0.00057697307784110319 0.0018785318243317308 6.7951462268829355 0.78308227658271801 0.098131407052278533
decision_type=2 2 2 2 2 2 2 2 2 2 2 2 2 2
left_child=1 2 3 4 -1 -5 12 -6 10 -10 -8 -12 -3 -13
right_child=-2 6 -4 5 7 -7 8 -9 9 -11 11 13 -14 -15
leaf_value=-0.0019996384771488172 0.0076099399978776907 0.01607396608421147 -0.016625113101143407 0.0039566392138355357 0.025071963176923392 0.030816649177040703 0.010743308357025104 -0.0087074515087648095 0.030479963202032969 -0.010288779462000802 0.00094701092659240304 -0.035186497071184729 -0.0086944483279221187 -0.01401001978194321
leaf_weight=651.21510022307496 280.50543517358938 66.766870244915367 59.466702556634118 98.018722771829459 71.303721531294286 49.908230228909758 35.196314645187101 22.045105351309758 24.082731298592989 40.089609212008384 75.881508129396138 43.289230932365172 42.346664261916885 258.43293761242603
leaf_count=49008 83054 4039 8947 10719 500 1217 1618 310 107 5501 20821 1228 2145 6706
internal_value=-3.17682e-10 -0.00142808 0.00161742 0.00300367 0.000579436 0.0143963 -0.00631892 0.017024 -0.00933409 0.00705761 -0.0119889 -0.0143303 0.00653849 -0.0180796
internal_weight=1818.55 1538.04 951.958 892.491 744.564 147.927 586.086 93.3488 476.972 64.1723 412.8 377.604 109.114 301.722
internal_count=195920 112866 70701 61754 49818 11936 42165 810 35981 5608 30373 28755 6184 7934
is_linear=0
shrinkage=0.05


Tree=78
num_leaves=15
num_cat=0
split_feature=49 28 2 25 29 1 43 48 15 18 18 18 35 20
split_gain=7.87339 12.1129 15.1449 7.77319 7.56492 7.21787 8.54272 9.09769 14.5829 14.2353 12.3528 11.4429 11.259 10.0083
threshold=0.46302691102027899 4.4829866886138925 0.014389234129339458 0.0080864843912422674 0.91476666927337658 0.0082988981157541292 1.1512925624847414 0.75357672572135936 0.043837130069732673 6.6153953075408944 6.5813322067260751 6.6392219066619882 0.0048097625840455302 0.011982457246631386
decision_type=2 2 2 2 2 2 2 2 2 2 2 2 2 2
left_child=1 5 4 -4 -3 -1 -7 8 -8 10 -9 13 -12 -11
right_child=-2 2 3 -5 -6 6 7 9 -10 11 12 -13 -14 -15
leaf_value=-0.0033834724973458852 0.0067219202525213425 -0.031069081425739511 0.0284027841662658 -0.018584280757943512 0.0026616370886122535 -0.018691105842676775 -0.003875635441891458 0.0050357072796099822 0.020263970754463682 -0.0058883700522818216 -0.038578759052998159 -0.015829169963162224 -0.0056902121751124732 0.030898461776463656
leaf_weight=768.50536414157568 342.04472022729055 75.608339518454613 17.564533623783067 4.84599099728075 18.772412089097998 29.546280698807095 91.338925579875649 90.197013640645309 170.93126757832943 21.282241677021375 35.858421155979158 18.315475451527163 70.061351069540251 59.968634160235524
leaf_count=56302 94295 27057 173 381 1278 1015 4710 5022 1975 348 1065 231 1660 408
internal_value=-9.59592e-10 -0.00159592 -0.0163748 0.0156433 -0.0247478 -0.00021247 0.00392271 0.00542823 0.0120235 -0.000623695 -0.00834558 0.0139597 -0.019192 0.0216735
internal_weight=1814.84 1472.8 116.791 22.4105 94.3808 1356 587.5 557.953 262.27 295.683 196.117 99.5664 105.92 81.2509
internal_count=195920 101625 28889 554 28335 72736 16434 15419 6685 8734 7747 987 2725 756
is_linear=0
shrinkage=0.05


Tree=79
num_leaves=15
num_cat=0
split_feature=44 1 42 3 32 44 44 36 4 49 34 28 4 15
split_gain=7.49633 6.36392 10.5651 7.05663 5.66916 5.57343 14.1517 10.7498 8.52429 6.62133 9.24628 8.85367 6.61568 6.93071
threshold=0.96737179160118114 0.016001024283468727 0.89587974548339855 0.015749008394777778 2.8314802646636967 0.0091226352378726023 0.011974777095019819 0.66450217366218578 0.010362972505390646 0.074692431837320342 0.46467292308807379 4.4829866886138925 0.0079682543873786944 0.031490338966250427
decision_type=2 2 2 2 2 2 2 2 2 2 2 2 2 2
left_child=1 5 3 4 -3 8 7 -7 -1 10 11 12 13 -8
right_child=-2 2 -4 -5 -6 6 9 -9 -10 -11 -12 -13 -14 -15
leaf_value=-0.019046570884394674 0.020433758711421932 0.015782500665439281 -0.0249641012434915 0.028888032881390011 -0.017660635926606088 -0.0098076530020634756 -0.0013817036541184707 0.035797549307593178 0.0066552304598298919 0.0014755534394235749 -0.02275392088170387 -0.028875470641457138 -0.0095904934731065768 0.014692715646336256
leaf_weight=87.038081712382336 33.809178667841479 15.938062785193326 7.8322148500010362 46.112777691829251 14.789837309773246 13.062991769581911 298.64619905134907 35.088535026079626 42.112764367440832 896.6343682836964 57.316376268048771 21.381673858927456 163.6605039676997 75.962033919931855
leaf_count=13896 1191 54 80 414 1058 1440 22068 868 1543 136644 2476 6202 6508 1478
internal_value=2.73088e-10 -0.000501343 0.0121195 0.0183388 -0.000698214 -0.00120087 -0.000344298 0.0238664 -0.0107899 -0.00126609 -0.00521049 -0.00304589 -0.00151191 0.00217509
internal_weight=1809.39 1775.58 84.6729 76.8407 30.7279 1690.9 1561.75 48.1515 129.151 1513.6 616.967 559.65 538.269 374.608
internal_count=195920 194729 1606 1526 1112 193123 177684 2308 15439 175376 38732 36256 30054 23546
is_linear=0
shrinkage=0.05


Tree=80
num_leaves=15
num_cat=0
split_feature=29 1 32 24 44 0 34 26 37 4 31 46 34 36
split_gain=7.28237 6.43887 8.22448 10.1342 11.7594 9.16226 8.64306 8.5728 8.04651 7.94745 9.73264 9.95755 8.83088 8.58405
threshold=0.96407735347747814 0.0082988981157541292 3.4334666728973393 0.083832032978534712 0.094381105154752745 0.011696306522935631 0.0029146338347345595 0.73774564266204845 2.6735538244247441 0.0066445916891098031 0.42040285468101507 0.45867486298084265 0.093578487634658827 0.20344828069210055
decision_type=2 2 2 2 2 2 2 2 2 2 2 2 2 2
left_child=1 9 6 4 5 -4 -3 -7 -5 10 11 -1 -11 -12
right_child=-2 2 3 8 -6 7 -8 -9 -10 12 13 -13 -14 -15
leaf_value=-0.0021308962670496001 0.010163746097131611 -0.02532622389428878 -0.016455865742659361 -0.0045063774350191507 0.018113567555795847 -0.020995916167111422 0.010696425880282946 0.015148037395445008 -0.030639370033652427 -0.022511353180414379 -0.030485698993677764 0.026080756897427643 -0.0039072605187655367 -0.0019110226375512057
leaf_weight=59.376831302003097 150.72245607925652 8.3040872920246311 68.694289499265778 108.0332254050802 84.091043959517265 11.951441243698353 286.78652720930404 61.289419907852789 32.993860194664194 90.572766623044572 17.640994039880638 52.976755014555238 189.470312549651 582.48003077803128
leaf_count=3558 8248 299 6063 26916 2810 317 5193 1092 1327 9349 781 1716 34155 94096
internal_value=7.71224e-11 -0.000981306 0.00281208 -0.00217704 0.00435691 -0.00444913 0.00888582 0.0074363 -0.0122442 -0.00351481 -0.000664731 0.0122158 -0.010493 -0.0032369
internal_weight=1805.38 1654.66 662.144 367.053 226.026 141.935 295.091 73.2409 141.027 992.518 712.475 112.354 280.043 600.121
internal_count=195920 187672 44017 38525 10282 7472 5492 1409 28243 143655 100151 5274 43504 94877
is_linear=0
shrinkage=0.05


Tree=81
num_leaves=15
num_cat=0
split_feature=49 19 18 2 27 30 45 47 49 2 0 38 17 19
split_gain=7.08683 8.41624 8.77189 8.78393 8.49127 6.17799 10.4079 10.067 9.19031 9.32588 11.3405 8.93335 8.72277 8.15648
threshold=0.55497553944587719 0.68107628822326671 6.6379129886627206 0.016261236742138866 3.5549397468566899 0.0097130895592272299 0.0024462607689201836 4.9927642345428476 0.47050817310810095 0.014815627597272398 0.013072453904896976 1.0000000180025095e-35 0.013072453904896976 0.25980350375175482
decision_type=2 2 2 2 2 2 2 2 2 2 2 2 2 2
left_child=1 2 3 5 -4 7 12 -1 9 11 -11 -9 -7 -8
right_child=-2 -3 4 -5 -6 6 13 8 -10 10 -12 -13 -14 -15
leaf_value=-9.5639431772288615e-05 0.0071932203728171211 -0.022684454258086115 0.011643818592069402 0.020709748038417814 -0.024834080203192194 -0.011173352253007335 0.0089989498692307386 -0.029450346945711837 0.010391553258148136 0.02858499078244113 -0.027050884237690712 0.0055950140059085355 0.028649814733576352 -0.01300828749363659
leaf_weight=994.87244554813515 278.17671879307818 34.897804265270679 14.485063876258208 40.390616253193002 55.703525584693125 11.480881572060751 85.563261992188927 94.801347913994618 27.230808107826419 14.36665955278386 5.2539614757988593 18.530704146251082 58.419976928766118 65.295336993352976
leaf_count=51440 83054 2091 314 399 1625 291 8722 30596 8766 251 131 297 562 7381
internal_value=-9.5587e-12 -0.00135371 -0.000704651 0.000204845 -0.0167928 -0.000542227 0.00693671 -0.00201891 -0.0132565 -0.0184881 0.00958412 -0.0237311 0.0215293 -0.000742854
internal_weight=1799.47 1521.29 1486.39 1416.21 70.1886 1375.82 220.759 1155.06 160.183 132.953 19.6206 113.332 69.9009 150.859
internal_count=195920 112866 110775 108836 1939 108437 16956 91481 40041 31275 382 30893 853 16103
is_linear=0
shrinkage=0.05


Tree=82
num_leaves=15
num_cat=0
split_feature=18 3 44 25 1 19 49 24 22 24 37 35 31 0
split_gain=7.15523 8.64598 7.86922 16.8835 6.05829 6.04199 12.699 12.3523 9.32609 6.94884 7.25759 6.71836 6.63828 5.73252
threshold=6.632660150527955 0.016261236742138866 0.77008745074272167 0.026625593192875389 0.016001024283468727 0.25413562357425695 0.20963126420974734 0.076952267438173308 6.7984981536865243 0.36397860944271093 4.1026091575622567 0.0012852235813625159 0.85365504026412975 0.0090499590151011961
decision_type=2 2 2 2 2 2 2 2 2 2 2 2 2 2
left_child=1 2 5 -4 -3 6 -1 -7 -8 10 11 -9 -13 -11
right_child=-2 4 3 -5 -6 7 8 9 -10 13 -12 12 -14 -15
leaf_value=-0.00093810161438222261 -0.01106966558091213 -0.0049309399394138311 0.0015236418883842191 0.03140016644262001 0.030557888474241398 0.0091220362699407677 -0.0050388638415660653 0.020332714320661874 0.028574384997742827 -0.0081556872616302643 -0.041597066516014101 -0.017574687458074594 0.0044266408034242238 0.011217236973375474
leaf_weight=786.56844628362421 125.12409570235286 13.649208070819439 232.92559290826938 49.702929821378177 30.077970136248041 100.23484335072874 26.022736360077829 6.9963221429789249 56.796591905818786 96.325186468192697 15.10569299245253 169.73295338961179 38.027265330874798 49.68187772681182
leaf_count=59879 3786 613 26099 33341 188 5884 14368 200 535 31386 682 9239 1888 7832
internal_value=1.22127e-10 0.000889366 0.00023667 0.00767121 0.0206243 -0.00137007 0.00111429 -0.00583623 0.0186077 -0.00995825 -0.0151958 -0.0115706 -0.0135293 -0.00126718
internal_weight=1796.97 1671.85 1628.12 282.629 43.7272 1345.49 869.388 476.104 82.8193 375.869 229.862 214.757 207.76 146.007
internal_count=195920 192134 191333 59440 801 131893 74782 57111 14903 51227 12009 11327 11127 39218
is_linear=0
shrinkage=0.05


Tree=83
num_leaves=15
num_cat=0
split_feature=44 0 39 4 41 4 44 44 45 21 15 20 24 46
split_gain=6.90119 6.36786 9.07512 8.77777 6.43449 6.31212 6.01954 10.5681 12.5314 7.25755 8.18294 6.21588 8.53097 10.8486
threshold=0.96737179160118114 0.015504807699471714 0.13619410991668704 0.016001024283468727 0.59166666865348827 0.015749008394777778 0.0091226352378726023 0.011974777095019819 0.00076523909228853892 0.80044716596603405 0.026121929287910465 0.010780215729027988 0.053054928779602058 0.76559895277023327
decision_type=2 2 2 2 2 2 2 2 2 2 2 2 2 2
left_child=1 5 3 -3 -4 6 9 8 -8 10 -1 -9 13 -13
right_child=-2 2 4 -5 -6 -7 7 11 -10 -11 -12 12 -14 -15
leaf_value=-0.01540754918696915 0.019653019092214896 0.0033265565611703667 0.0051291477960627536 0.034162033417834983 -0.028992580443421442 -0.020788114354368076 0.033351211790692566 -0.0041378422103935724 -0.017631969511333192 -0.023346689989560229 0.016150046621534929 -0.012157347302639272 0.00060027493849812972 0.028592688629285958
leaf_weight=30.616876468094915 33.596275034477003 50.866987811541549 31.544121336595936 36.291254167386796 11.708860065904444 30.767434994559835 35.729006144746791 698.88542314682115 9.2830241732590348 52.999980958262313 31.576214434753638 16.051688775944399 676.12790942263973 49.50080429310583
leaf_count=5655 1191 608 2255 184 146 1844 849 60765 1447 8872 804 891 108661 1748
internal_value=-2.90857e-10 -0.000483535 0.00973976 0.0183606 -0.00781759 -0.00135505 -0.000854803 3.22939e-05 0.0215429 -0.0113839 0.00063235 -0.000783709 0.00238989 0.0183259
internal_weight=1795.55 1761.95 130.411 87.1582 43.253 1631.54 1600.77 1485.58 45.012 115.193 62.1931 1440.57 741.68 65.5525
internal_count=195920 194729 3193 792 2401 191536 189692 174361 2296 15331 6459 172065 111300 2639
is_linear=0
shrinkage=0.05


Tree=84
num_leaves=15
num_cat=0
split_feature=44 1 21 0 40 44 35 18 50 17 18 0 17 25
split_gain=6.75813 5.51019 6.46284 5.91634 4.16202 10.6335 5.98588 4.8569 4.43217 4.12376 4.01896 3.82444 8.68038 7.93654
threshold=0.96737179160118114 0.016261236742138866 0.83619919419288646 0.015268065501004459 0.02541422471404076 0.69248807430267345 0.020077513530850414 6.6313426494598398 1.0000000180025095e-35 0.03637566231191159 6.6509253978729257 0.0093025267124176043 0.057189542800188072 0.0052984263747930535
decision_type=2 2 2 2 2 2 2 2 2 2 2 2 2 2
left_child=1 4 3 -3 10 6 9 -7 -8 -6 11 12 -1 -13
right_child=-2 2 -4 -5 5 7 8 -9 -10 -11 -12 13 -14 -15
leaf_value=-0.0047287769869065336 0.019438058519863351 -0.0069271205423000956 -0.015056765435872005 0.030364928123853403 -0.0075521247316091833 0.033195264496415397 -0.023446063276674062 -0.0097347584591884612 0.0053104422644810875 0.02234867163079713 -0.019418670883681783 0.0080146159886338875 0.010124201686157493 -0.0035636054704013351
leaf_weight=901.51639884227063 33.637924533570185 9.9745872219355061 7.7259940503281532 31.70396208751481 12.571758084050886 30.300148922314122 27.27592011416607 3.2715445675676156 16.057491571515982 19.218264889714192 21.280035290314117 270.81041008255158 100.82686230562342 304.19414493750116
leaf_count=123985 1191 456 117 235 1235 24012 8476 72 1509 310 680 6781 5853 21008
internal_value=6.7123e-10 -0.000480117 0.0144951 0.0218267 -0.000995334 0.00805009 -0.002973 0.0277377 -0.0137924 0.0115464 -0.00165658 -0.00129612 -0.00314945 0.00193319
internal_weight=1790.37 1756.73 49.4045 41.6785 1707.32 108.695 75.1234 33.5717 43.3334 31.79 1598.63 1577.35 1002.34 575.005
internal_count=195920 194729 808 691 193921 35614 11530 24084 9985 1545 158307 157627 129838 27789
is_linear=0
shrinkage=0.05


Tree=85
num_leaves=15
num_cat=0
split_feature=49 19 22 3 48 29 46 35 23 27 4 3 2 32
split_gain=6.37501 7.6049 5.96907 5.67344 8.81855 7.50832 6.91914 5.39183 11.0503 8.88646 8.88655 8.70457 14.5104 11.2201
threshold=0.61714744567871105 0.68107628822326671 6.7962646484375009 0.015749008394777778 0.74528273940086376 0.14521982520818713 0.84554395079612743 0.014537502080202104 5.2067463397979745 5.4574534893035898 0.0066445916891098031 0.013423423748463394 0.013245614245533945 4.1190040111541757
decision_type=2 2 2 2 2 2 2 2 2 2 2 2 2 2
left_child=1 3 -3 7 -5 6 -6 8 -1 10 -9 12 -10 -14
right_child=-2 2 -4 4 5 -7 -8 9 11 -11 -12 -13 13 -15
leaf_value=0.0010591637273704498 0.0074431992809684509 0.0024127106397727996 -0.033055648142812838 0.022854792197662618 -0.01142371906477635 -0.029034803311994418 0.025205600426841619 0.0051039147640873491 -0.010152172082347762 0.010948460205707394 -0.019654676633145303 -0.027627014489738984 -0.012510974552166499 0.02974309368364202
leaf_weight=655.39108859110445 238.11578342377425 16.671162774800905 22.497826642356813 52.047498170883046 17.638964603492241 11.225123389471262 15.400324614963209 78.624531712353672 336.07313211635812 188.90511263031547 52.657294932811055 46.583359199060055 17.117469746561255 35.368814176897899
leaf_count=47038 76212 1923 436 536 311 229 144 4441 35434 24268 2544 1281 517 606
internal_value=-4.56314e-13 -0.00118672 -0.0205391 -0.000551661 0.0105944 -0.00537694 0.00753941 -0.00138183 -0.00305463 0.00423556 -0.00551505 -0.00913523 -0.00628075 0.0161658
internal_weight=1784.32 1546.2 39.169 1507.03 96.3119 44.2644 33.0393 1410.72 1090.53 320.187 131.282 435.143 388.559 52.4863
internal_count=195920 119708 2359 117349 1220 684 455 116129 84876 31253 6985 37838 36557 1123
is_linear=0
shrinkage=0.05


Tree=86
num_leaves=15
num_cat=0
split_feature=44 1 21 20 23 31 19 2 49 36 0 2 17 21
split_gain=6.54954 5.67957 5.58527 4.53382 7.61457 12.5861 15.4906 12.1749 8.28484 7.88412 7.95566 8.02983 13.2194 11.0559
threshold=0.96737179160118114 0.016261236742138866 0.83619919419288646 0.010780215729027988 5.2067463397979745 0.81847256422042858 0.013672204688191416 0.013986697886139156 0.25764368474483496 0.98319208621978771 0.009569597430527212 1.0000000180025095e-35 0.032795699313282974 0.8064696490764619
decision_type=2 2 2 2 2 2 2 2 2 2 2 2 2 2
left_child=1 3 -3 4 9 6 -6 8 -7 10 -1 -12 -13 -14
right_child=-2 2 -4 -5 5 7 -8 -9 -10 -11 11 12 13 -15
leaf_value=-0.0058351731865647471 0.019153513474459389 0.021759008096890981 -0.013334760770855806 0.0018222538993791179 0.0076667647952612219 -0.019587109982268189 -0.024724849270428777 0.02200465353677096 0.0033785592792575266 0.030701876389751678 -0.0091992354469368817 0.032407046086384124 -0.011865957837256099 0.015350653786851685
leaf_weight=311.49056563491155 33.554261646815576 40.254877499042777 7.3347546407021573 773.71750316892133 42.993563259699158 57.21008762206381 147.60304988576621 40.212952729170865 88.674037754728801 10.725961342686785 55.480852303166671 43.197064296267797 61.279587901427249 68.676237815554487
leaf_count=34277 1191 691 117 114280 4221 10107 11440 840 12366 200 2762 801 1640 987
internal_value=8.79457e-10 -0.000474296 0.0149739 -0.000991407 -0.00333285 -0.00871123 -0.0174002 0.000621342 -0.00630645 0.000434857 -0.000713359 0.00621671 0.0113888 0.00258604
internal_weight=1782.41 1748.85 47.5896 1701.26 927.544 376.694 190.597 186.097 145.884 550.85 540.124 228.634 173.153 129.956
internal_count=195920 194729 808 193921 79641 38974 15661 23313 22473 40667 40467 6190 3428 2627
is_linear=0
shrinkage=0.05


Tree=87
num_leaves=15
num_cat=0
split_feature=44 1 21 0 20 24 27 25 25 33 24 15 46 33
split_gain=6.27458 4.70149 4.96843 5.27654 3.76535 6.80431 9.92111 8.47667 9.51674 8.41952 7.95385 10.5627 7.04715 6.69774
threshold=0.96737179160118114 0.016261236742138866 0.83619919419288646 0.015749008394777778 0.010780215729027988 0.053054928779602058 5.4574534893035898 0.0053973796311765918 0.015017800964415075 3.6762205362319951 0.1043868511915207 0.0073801742400974044 0.76559895277023327 0.89587974548339855
decision_type=2 2 2 2 2 2 2 2 2 2 2 2 2 2
left_child=1 4 3 -3 -1 6 -6 -7 9 -9 11 -10 -8 -12
right_child=-2 2 -4 -5 5 7 12 8 10 -11 13 -13 -14 -15
leaf_value=-0.0030811417548085268 0.018745698046149298 -0.003576874851927773 -0.012876608000464605 0.030337746970130593 -0.0080390120346961417 0.016706263755108888 -0.010152376579015321 -0.015433857495977005 0.02018117762722085 0.0096098865653257495 0.010900423291717427 -0.019191596126660281 0.034021552455399173 -0.0024572748049822642
leaf_weight=921.52297403608873 33.557629808434285 14.020481251136514 7.3451310260279561 25.928394031419884 25.128201916944818 59.015300852950418 6.272117686137789 158.92266030438896 13.125061368363502 34.626993999539991 215.90531874620308 66.536242188795768 39.719218099027785 155.23797305166681
leaf_count=79641 1191 500 117 191 2010 1960 200 11933 734 1067 83381 2976 708 9311
internal_value=3.69715e-10 -0.000465702 0.0136266 0.0201019 -0.000936242 0.0016226 0.0153345 4.06335e-05 -0.00171773 -0.0107014 0.00228788 -0.0111772 0.02726 0.00539542
internal_weight=1776.86 1743.31 47.294 39.9489 1696.01 774.489 71.1195 703.37 644.354 193.55 450.805 79.6613 45.9913 371.143
internal_count=195920 194729 808 691 193921 114280 2918 111362 109402 13000 96402 3710 908 92692
is_linear=0
shrinkage=0.05


Tree=88
num_leaves=15
num_cat=0
split_feature=49 19 21 18 1 27 22 40 31 31 3 0 4 34
split_gain=6.17178 6.96961 5.39907 9.28519 7.98329 6.65679 5.37921 4.89162 4.87541 8.32228 4.79589 4.52733 4.51321 4.23836
threshold=0.61714744567871105 0.68107628822326671 0.84095990657806408 6.6260550022125253 0.016261236742138866 3.5549397468566899 6.7962646484375009 0.013402591925114395 0.8069143295288087 0.82621711492538463 0.011696306522935631 0.0079682543873786944 0.010362972505390646 0.64389419555664074
decision_type=2 2 2 2 2 2 2 2 2 2 2 2 2 2
left_child=1 2 3 4 -1 10 -3 -2 13 -10 -4 12 -9 -7
right_child=7 6 5 -5 -6 8 -8 11 9 -11 -12 -13 -14 -15
leaf_value=-0.00090208320755273208 -0.00094714414362323225 0.0020211714291676407 -0.0064577081453986614 0.025255220891957548 0.020210908718249678 -0.029244001967946211 -0.031903524292678336 0.010318601449852152 0.019110905939562037 -0.012905038455154961 0.024299747166092033 0.023369253511600421 -0.014557512212975673 0.0083803609815885013
leaf_weight=1265.0842683647661 102.01838264028419 16.681103246497514 19.52413709112443 26.948536070180126 36.403679220456979 42.948063351417659 21.836469093337655 66.540429620994871 17.34154195177689 72.933946052611645 14.551857665181158 53.533428848304879 14.505573091965514 4.2627620866987845
leaf_count=104630 19100 1923 638 248 323 2509 436 33628 478 8345 100 17494 5990 78
internal_value=4.47297e-12 -0.00116995 -0.000562857 0.000538518 -0.000161932 -0.00865094 -0.0198231 0.0073467 -0.0134021 -0.00546239 0.00921013 0.0132645 0.00475639 -0.0249758
internal_weight=1775.11 1538.52 1500 1328.44 1301.49 171.562 38.5176 236.598 137.486 90.2755 34.076 134.579 81.046 47.2108
internal_count=195920 119708 117349 105201 104953 12148 2359 76212 11410 8823 738 57112 39618 2587
is_linear=0
shrinkage=0.05


Tree=89
num_leaves=15
num_cat=0
split_feature=49 34 32 2 49 20 35 48 40 44 19 25 45 23
split_gain=5.98192 6.45441 5.12576 7.49424 11.3833 8.4997 7.26584 6.7766 4.8566 9.67933 10.222 11.3448 11.0714 9.37157
threshold=0.61714744567871105 0.68030917644500744 4.8531885147094735 0.014389234129339458 0.33611895143985754 0.0098276901990175265 0.044983692467212684 0.74240738153457653 0.010705732740461828 0.03073467314243317 0.25110314786434179 0.021439756266772751 0.001529770437628031 5.2067463397979745
decision_type=2 2 2 2 2 2 2 2 2 2 2 2 2 2
left_child=1 2 8 4 6 -5 -4 -6 13 -10 11 -11 -12 -1
right_child=-2 -3 3 5 7 -7 -8 -9 9 10 12 -13 -14 -15
leaf_value=0.0016115297771049242 0.0072457877949917001 -0.021900098144624972 -0.032326467424170231 0.027155430910892411 0.0096771870819570595 -0.019456006916010009 0.01226404083365088 -0.01748783487525751 -0.027795389001873179 0.022735737324104943 0.016210935836904149 -0.00114515109442525 -0.0058541335531429491 -0.0096814533020883244
leaf_weight=583.07692763336672 235.79232271281512 26.603456724897114 57.248540652827586 18.57022728419361 54.255648588667185 6.3423711661515645 5.2806532490204736 25.720455314857361 12.821450423187342 124.55042305670213 65.193862515792716 77.430739976291079 223.1155174037558 256.75132197854691
leaf_count=33820 76212 1729 22048 319 11550 787 311 10305 821 3544 828 2676 12830 18140
internal_value=-3.84188e-10 -0.00115126 -0.000644151 -0.00863208 -0.0130446 0.013115 -0.027389 -3.17806e-05 0.000408107 0.00424649 0.00562324 0.0139587 -0.000488508 -0.00191424
internal_weight=1772.75 1536.96 1510.36 167.418 142.505 24.9126 62.5292 79.9761 1342.94 503.112 490.291 201.981 288.309 839.828
internal_count=195920 119708 117979 45320 44214 1106 22359 21855 72659 20699 19878 6220 13658 51960
is_linear=0
shrinkage=0.05


Tree=90
num_leaves=15
num_cat=0
split_feature=44 1 4 49 24 32 49 49 24 20 56 45 3 44
split_gain=5.80883 4.13054 8.25936 9.66675 9.08052 8.06966 9.72326 9.86726 7.98533 7.40588 10.1214 15.6569 10.8165 8.29558
threshold=0.96737179160118114 0.0082988981157541292 0.0066445916891098031 0.24304670095443728 0.16165631264448169 2.9174053668975835 0.12581440806388858 0.017472710460424427 0.16165631264448169 0.024382909759879116 1.0000000180025095e-35 0.0023279587039723997 0.0092167854309082049 0.001681908965110779
decision_type=2 2 2 2 2 2 2 2 2 2 2 2 2 2
left_child=1 2 5 -4 -5 6 7 -1 -9 10 13 12 -12 -3
right_child=-2 9 3 4 -6 -7 -8 8 -10 -11 11 -13 -14 -15
leaf_value=-0.016997397520533697 0.018121809740266122 -0.034472651412501165 -0.015930882226861832 0.02596990156716952 -0.0051101095115645631 0.0033035963235988849 -0.030640314697888107 0.016484778578961308 -0.012665775539273914 0.018894368277122781 -0.003028099094008768 -0.025462160009075908 0.021797166602579462 -0.0019650133379098583
leaf_weight=58.66797533177305 33.154744800762273 10.721778012368359 187.78591525196271 20.640239549130456 91.764213121410648 576.21064096114469 29.615059881238267 63.86634715704713 25.817701386287808 53.100748641109135 60.48621684416139 19.131401579419617 130.97750430461019 408.36455541101742
leaf_count=2952 1191 1090 17011 683 27499 97350 714 1611 784 9441 1944 820 1062 31768
internal_value=1.97392e-10 -0.00044761 -0.00240104 -0.00926917 0.00225235 0.000418253 -0.00860248 -0.00254601 0.00766433 0.00256003 0.000908727 0.00960004 0.0141935 -0.00358069
internal_weight=1770.31 1737.15 1054.37 300.19 112.404 754.178 177.967 148.352 89.684 682.782 629.681 210.595 191.464 419.086
internal_count=195920 194729 148604 45193 28182 103411 6061 5347 2395 46125 36684 3826 3006 32858
is_linear=0
shrinkage=0.05


Tree=91
num_leaves=15
num_cat=0
split_feature=49 46 44 19 0 30 45 0 17 24 1 22 25 34
split_gain=5.59584 6.62065 6.37107 9.45344 6.42242 7.2981 6.35244 6.63916 6.07206 5.74651 5.71929 6.51701 5.64627 8.88295
threshold=0.55497553944587719 0.90067988634109508 0.85811346769332897 0.36003065109252935 0.015504807699471714 0.0097130895592272299 0.00054533928050659608 0.0063898416701704272 0.017700501717627052 0.083832032978534712 0.013423423748463394 6.7996129989624032 0.0047764813061803588 0.42356072366237646
decision_type=2 2 2 2 2 2 2 2 2 2 2 2 2 2
left_child=1 2 3 4 5 -1 -3 8 -8 -9 11 -6 13 -5
right_child=-2 6 -4 12 10 -7 7 9 -10 -11 -12 -13 -14 -15
leaf_value=-0.001403285429179785 0.0064740514690897234 -0.019277755692720791 0.018681942424538488 0.012605502799222998 0.012149912409156459 0.011278653036061174 -0.0095030103242818333 0.0048020776938934931 0.020253518392814297 -0.028124325194323199 0.020656751826026193 -0.026697053213036778 -0.012295490820713177 -0.013657677179445294
leaf_weight=738.83119611624306 271.23606874754341 83.006312571809531 34.325191232263933 64.434294791371883 16.269893995147644 123.72099400105799 19.982694956866908 18.971054765454028 35.474424701038515 20.57356643959065 66.824052977848623 8.7292248960584384 217.48524032209144 46.812043524805631
leaf_count=63617 83054 9825 2354 2374 518 9657 2262 780 1488 1255 509 66 15262 2899
internal_value=2.8737e-10 -0.00120944 4.28384e-05 -0.000596405 0.0019323 0.000524174 -0.00998681 -0.000806162 0.00971768 -0.0145473 0.0138092 -0.00516694 -0.00777808 0.0013391
internal_weight=1766.68 1495.44 1317.43 1283.11 954.375 862.552 178.008 95.0017 55.4571 39.5446 91.8232 24.9991 328.732 111.246
internal_count=195920 112866 97256 94902 74367 73274 15610 5785 3750 2035 1093 584 20535 5273
is_linear=0
shrinkage=0.05


Tree=92
num_leaves=15
num_cat=0
split_feature=44 35 23 4 1 26 41 26 3 24 49 24 34 36
split_gain=5.61948 3.74871 8.37236 12.1528 9.573 9.28303 9.22475 8.32534 8.97145 13.7336 8.39581 10.217 12.8841 7.12752
threshold=0.96737179160118114 0.014537502080202104 5.2390944957733163 0.00766294775530696 0.0089687905274331587 0.85181713104248058 0.64583334326744091 0.78308227658271801 0.014389234129339458 0.019833161495625976 0.47546796500682836 0.026537221856415275 0.022766727022826675 0.77849927544593822
decision_type=2 2 2 2 2 2 2 2 2 2 2 2 2 2
left_child=1 7 3 4 -3 6 -4 8 -1 -10 11 12 -9 -12
right_child=-2 2 5 -5 -6 -7 -8 10 9 -11 13 -13 -14 -15
leaf_value=-0.00087525303591596193 0.017794602431078475 -0.0042973883860784939 0.032429205276083277 -0.02190099889895207 0.02368057576783417 0.0034187317961132144 -0.011457059125512599 -0.011837169255308935 -0.015748363111800091 0.021363305181885846 -0.0018650430463170477 -0.015164154191573293 0.02071805573506447 0.023705983855823714
leaf_weight=615.78148328471184 33.290411105263047 94.960498523795252 50.645892331519462 56.458951810949429 33.558602583449328 196.48825592630482 9.5367276399629173 58.453847894497528 24.37684091373194 99.158928215460719 141.37397473214577 281.72514550764652 44.89178054284821 23.417156927793712
leaf_count=51337 1191 35133 13583 14563 6905 14194 133 11326 344 1218 19794 22938 2162 1099
internal_value=3.83661e-10 -0.000442511 0.00348437 -0.0044881 0.0041903 0.00918283 0.0248333 -0.00180425 0.00165871 0.0134093 -0.00640684 -0.0103698 0.00288455 0.00291701
internal_weight=1764.12 1730.83 441.649 184.978 128.519 256.671 60.1826 1289.18 739.317 123.536 549.862 385.071 103.346 164.791
internal_count=195920 194729 84511 56601 42038 27910 13716 110218 52899 1562 57319 36426 13488 20893
is_linear=0
shrinkage=0.05


Tree=93
num_leaves=15
num_cat=0
split_feature=44 1 42 49 46 4 22 17 37 48 17 47 43 45
split_gain=5.40955 3.78353 6.4901 5.01606 10.0039 6.10647 11.0079 6.9367 8.01862 6.9174 6.61239 7.52647 6.78336 6.12583
threshold=0.96737179160118114 0.016001024283468727 0.89587974548339855 0.074692431837320342 0.90067988634109508 0.013245614245533945 6.7962646484375009 0.019803921692073349 1.4978661537170412 0.89177510142326366 0.016261236742138866 4.3502571582794198 3.3140207529067998 0.00018739797087619084
decision_type=2 2 2 2 2 2 2 2 2 2 2 2 2 2
left_child=1 3 -3 4 5 7 -7 8 -1 10 11 12 -10 -9
right_child=-2 2 -4 -5 -6 6 -8 13 9 -11 -12 -13 -14 -15
leaf_value=-0.016765373579123517 0.017421874460904853 0.015276190694767038 -0.019926695143884097 0.0015936481358109573 -0.024243962210488339 0.010908721390759392 -0.026939616458487411 0.014253979446444612 -0.0051545456260322564 0.01954620564252833 -0.022154711305315135 -0.017036180658998267 0.020524991885081428 -5.7909258628236398e-05
leaf_weight=104.50534522106278 33.468366909073666 66.298507537633668 6.8615063437027848 888.85406808593427 46.156317339760562 21.927092675299264 48.53374691872159 92.295776009923031 42.230295785921044 27.465904413882072 29.222855481088573 29.572747592937503 45.007604457990965 277.5349295726287
leaf_count=14808 1191 1526 80 137308 7668 1412 643 4294 1687 3224 2184 4342 3755 11798
internal_value=-3.16688e-10 -0.000436116 0.00997542 -0.000954038 -0.00389864 -0.00227636 -0.0152695 -0.000652549 -0.00649552 0.000266943 -0.00437939 0.0014639 0.00884231 0.00379504
internal_weight=1759.94 1726.47 73.16 1653.31 764.453 718.296 70.4608 647.835 278.005 173.499 146.034 116.811 87.2379 369.831
internal_count=195920 194729 1606 193123 55815 48147 2055 46092 30000 15192 11968 9784 5442 16092
is_linear=0
shrinkage=0.05


Tree=94
num_leaves=15
num_cat=0
split_feature=49 19 22 40 21 18 1 27 18 4 22 49 46 24
split_gain=5.14744 6.21455 4.9825 4.71349 4.31843 8.38654 7.16588 6.86442 5.65537 5.23324 7.47396 7.36789 6.17985 10.0153
threshold=0.61714744567871105 0.68107628822326671 6.7962646484375009 0.013402591925114395 0.84095990657806408 6.6260550022125253 0.016001024283468727 3.5549397468566899 6.5827171802520761 0.014815627597272398 6.7984981536865243 0.16083674132823947 0.43521063029766088 0.0021204606164246802
decision_type=2 2 2 2 2 2 2 2 2 2 2 2 2 2
left_child=1 4 -3 -2 5 6 9 -6 -8 12 -11 -12 13 -1
right_child=3 2 -4 -5 7 -7 8 -9 -10 10 11 -13 -14 -15
leaf_value=0.021373293926740023 -0.0014068417552097149 0.0021324812624388474 -0.030798719054061952 0.012582191308538611 0.010136834503378683 0.024177163531660894 0.027384007850450323 -0.01278898954626056 -0.0015516553832230131 0.0063306265843507785 -0.035327502520605646 0.0041238863295108589 0.0012269712271495072 -0.013915996781765305
leaf_weight=14.270303056488158 100.7550678242543 16.360793561303581 20.847095268662088 133.18526924267837 34.117897237418219 26.316560876555741 30.869418513812889 133.65055224374282 27.041528813773766 26.387266259397393 29.771716085262597 14.121862061088903 1016.5641771579138 134.06606168012286
leaf_count=397 19100 1923 436 57112 738 248 444 11410 181 1630 283 94 95866 6058
internal_value=-5.81455e-11 -0.00107259 -0.0189341 0.00674661 -0.000502233 0.00047991 -0.000184204 -0.00781876 0.0156336 -0.00104541 -0.0133931 -0.0242248 -0.000192801 -0.00938563
internal_weight=1758.33 1524.39 37.2079 233.94 1487.18 1319.41 1293.09 167.768 57.9109 1235.18 70.2808 43.8936 1164.9 148.336
internal_count=195920 119708 2359 76212 117349 105201 104953 12148 625 104328 2007 377 102321 6455
is_linear=0
shrinkage=0.05


Tree=95
num_leaves=15
num_cat=0
split_feature=44 35 26 3 24 49 24 30 23 4 1 26 41 25
split_gain=5.40016 3.54603 7.3898 8.13452 12.0416 7.72682 9.46186 12.2148 7.03364 11.9056 10.1247 9.19009 8.48763 6.72003
threshold=0.96737179160118114 0.014537502080202104 0.78308227658271801 0.014389234129339458 0.017247087322175506 0.47050817310810095 0.026537221856415275 0.00017722747725201773 5.2390944957733163 0.00766294775530696 0.0089687905274331587 0.85181713104248058 0.64583334326744091 0.04138311184942723
decision_type=2 2 2 2 2 2 2 2 2 2 2 2 2 2
left_child=1 2 3 -1 -5 6 7 -4 9 10 -3 12 -10 -11
right_child=-2 8 5 4 -6 -7 -8 -9 11 13 -12 -13 -14 -15
leaf_value=-0.00089868231149440366 0.017404695023459326 -0.0041646443312958054 -0.019143117927430127 -0.01547890282058815 0.020047561107987596 0.0027441476428728562 -0.0146955770239602 0.013965830437853264 0.031403962439587499 -0.028406710366305321 0.02457136871063309 0.0028983339283229765 -0.010996160342170696 0.008733384107488586
leaf_weight=616.99673623626188 33.476925821858458 94.645658582610054 32.698315204707171 22.533261606369706 99.004981023707728 166.40445946620611 275.38054647455488 70.663747399041313 50.723212691502511 45.80082655775368 33.837033455190209 195.48319165450974 9.312809147173537 10.531494882150808
leaf_count=51337 1191 35133 8668 331 1231 21244 22590 4817 13583 7251 6905 14194 133 7312
internal_value=-4.95828e-10 -0.000436388 -0.00176424 0.0014939 0.0127849 -0.00612557 -0.00999292 0.00272717 0.00338783 -0.00392416 0.00463108 0.00862514 0.0241959 -0.0211934
internal_weight=1757.49 1724.02 1283.68 738.535 121.538 545.147 378.743 103.362 440.334 184.815 128.483 255.519 60.036 56.3323
internal_count=195920 194729 110218 52899 1562 57319 36075 13485 84511 56601 42038 27910 13716 14563
is_linear=0
shrinkage=0.05


Tree=96
num_leaves=15
num_cat=0
split_feature=44 18 3 1 20 44 29 4 56 34 32 49 46 40
split_gain=5.29598 3.35869 6.25474 5.22387 4.78162 8.12956 7.97716 4.17048 9.43979 8.63421 8.32588 8.01341 7.54819 12.9964
threshold=0.96737179160118114 6.632660150527955 0.016261236742138866 0.015749008394777778 0.025692277587950233 0.77008745074272167 0.14991702139377597 0.0063898416701704272 1.0000000180025095e-35 0.17502041906118396 4.1026091575622567 0.60549002885818493 0.85483133792877208 0.002730091218836606
decision_type=2 2 2 2 2 2 2 2 2 2 2 2 2 2
left_child=1 2 4 -4 7 6 -6 12 9 -9 -11 -12 13 -1
right_child=-2 -3 3 -5 5 -7 -8 8 -10 10 11 -13 -14 -15
leaf_value=0.0095756188016503339 0.017152881994124219 -0.0082559851895405711 -0.0066122924639693843 0.027552165966130457 0.018053703651706929 0.029171944250952014 -0.016539447527004789 -0.01404240149640875 0.0051880104362593774 0.0082968138048218534 -0.02071987825331309 0.0028788780764895093 0.0076722126675749574 -0.0074690260194172761
leaf_weight=151.86341765998537 33.885816230555065 117.19364808589671 11.428606364745518 26.374843171579414 19.388829143671529 26.143599126535207 28.625212076251074 241.67943310433733 198.63182004498231 119.42514661721361 63.383369989524596 66.374482210921542 294.43283865447881 353.67544062132498
leaf_count=15081 1191 3757 558 243 911 18294 15957 16468 5781 6077 10222 19410 29591 52379
internal_value=-5.21097e-10 -0.000435474 0.00018452 0.0180011 -0.000357883 0.0112422 -0.00186614 -0.00100655 -0.00382935 -0.00750903 -0.000875078 -0.00930625 0.00144365 -0.00226241
internal_weight=1752.51 1718.62 1601.43 37.8034 1563.62 74.1576 48.014 1489.47 689.494 490.862 249.183 129.758 799.972 505.539
internal_count=195920 194729 190972 801 190171 35162 16868 155009 57958 52177 35709 29632 97051 67460
is_linear=0
shrinkage=0.05


Tree=97
num_leaves=15
num_cat=0
split_feature=29 27 4 4 19 20 15 33 4 29 1 37 56 34
split_gain=4.95959 4.64026 3.82571 3.94266 3.70366 8.25041 10.1187 7.79374 7.06895 10.5906 7.95642 7.91196 6.55657 6.14122
threshold=0.96407735347747814 6.351757526397706 0.0063492704648524531 0.012121656909585001 0.25413562357425695 0.01305150566622615 0.073186349123716368 2.3502402305603032 0.013606071937829258 0.45150232315063482 0.0082988981157541292 4.3036997318267831 1.0000000180025095e-35 0.21286530792713168
decision_type=2 2 2 2 2 2 2 2 2 2 2 2 2 2
left_child=4 -2 -3 -4 5 6 13 -7 10 -10 12 -12 -6 -1
right_child=1 2 3 -5 8 7 -8 -9 9 -11 11 -13 -14 -15
leaf_value=-0.0041277276259615711 0.023686138065727159 0.01080760617300848 -0.014257075251306997 0.010941039290085433 -0.0024704947217458724 0.0024150917448119173 0.0174408601691316 0.0226866306569487 -0.02973259851771189 0.0088931125247433199 0.0087111228749282774 -0.026859572942469101 -0.017988028243178699 0.016474358825854695
leaf_weight=646.31165888618693 28.627556913243097 61.983077142620459 35.867526900954545 14.724630897399036 338.60529492875838 130.81795077886602 56.251136514474638 66.938480240760782 44.991854991754735 20.621666810952547 193.2168700773687 7.2772124611583413 76.628526589367539 28.520582969067732
leaf_count=54642 5622 1536 771 319 76211 16353 527 1608 1531 5266 24218 269 4091 2956
internal_value=4.0277e-10 0.00866041 0.00321877 -0.00632794 -0.000808229 0.00124256 -0.00124007 0.0100385 -0.00358151 -0.0180223 -0.00177923 0.00620535 -0.00568982 -0.00302917
internal_weight=1751.38 141.203 112.575 50.5922 1610.18 928.84 731.083 197.756 681.341 65.6135 615.728 200.494 415.234 674.832
internal_count=195920 8248 2626 1090 187672 76086 58125 17961 111586 6797 104789 24487 80302 57598
is_linear=0
shrinkage=0.05


Tree=98
num_leaves=15
num_cat=0
split_feature=44 39 19 25 45 4 29 24 19 40 20 48 17 33
split_gain=4.89216 3.65294 7.99385 7.61989 9.36898 4.12156 4.11796 4.0261 3.88098 5.56659 9.06205 10.0203 8.29359 12.5519
threshold=0.96737179160118114 0.010517418850213291 0.010727345012128355 1.5493601495109036e-05 1.0464739716553597e-05 0.015504807699471714 0.035232622176408775 0.011257428675889971 0.011507134884595873 0.0026877874042838816 0.0054714966099709281 0.79229921102523815 0.025320513173937801 0.89587974548339855
decision_type=2 2 2 2 2 2 2 2 2 2 2 2 2 2
left_child=1 3 7 4 6 -5 -1 -3 -4 12 11 -11 13 -10
right_child=-2 2 8 5 -6 -7 -8 -9 9 10 -12 -13 -14 -15
leaf_value=-0.017261464259374273 0.016549004320767748 0.028055583215550812 -0.018942870595817243 -0.023519435092305765 0.022789276836844341 0.010929476154752933 0.01131550666977524 -0.0067038234865067622 -0.011012885701342004 -0.0020003683278269884 0.00072605170763257679 -0.024216470709682504 -0.0042055394228528277 0.028054475779047572
leaf_weight=35.471876789182943 33.557832348160446 27.167507110196084 17.503701518844537 55.531802693018108 25.43145351507701 4.1043185060843816 9.5886640909811813 6.4574255722473017 22.079119076657889 139.19780618368242 1167.5467415002358 71.760539777687143 67.661380144521104 65.352769838153449
leaf_count=7198 1191 1103 1461 6353 735 45 443 811 4774 7353 147986 9180 3741 3546
internal_value=-2.45593e-11 -0.000417913 0.000264671 -0.00815623 0.00303386 -0.0199195 -0.0102297 0.0213738 -0.000326917 6.89838e-06 -0.00102516 -0.0103115 0.00868655 0.0180711
internal_weight=1748.41 1714.86 1584.73 130.128 70.492 59.6361 45.0605 33.6249 1551.1 1533.6 1378.51 210.958 155.093 87.4319
internal_count=195920 194729 179955 14774 8376 6398 7641 1914 178041 176580 164519 16533 12061 8320
is_linear=0
shrinkage=0.05


Tree=99
num_leaves=15
num_cat=0
split_feature=49 34 34 28 2 49 2 48 35 20 23 31 19 39
split_gain=4.78506 5.82691 4.4071 4.35714 5.86535 10.514 7.91118 5.71042 5.54641 4.01766 7.95959 9.68028 10.8898 8.12946
threshold=0.61714744567871105 0.68030917644500744 0.6625441610813142 4.4829866886138925 0.014389234129339458 0.32831592857837683 0.015268065501004459 0.74240738153457653 0.041952809318900115 0.010780215729027988 5.2067463397979745 0.82157495617866527 0.013672204688191416 0.010517418850213291
decision_type=2 2 2 2 2 2 2 2 2 2 2 2 2 2
left_child=1 3 -2 9 5 8 -6 -7 -5 10 -1 12 13 -12
right_child=2 -3 -4 4 6 7 -8 -9 -10 -11 11 -13 -14 -15
leaf_value=0.0013989740904223474 0.0015913870122361293 -0.021053676242991176 0.015982090964023473 -0.031196800815081513 0.026694183877621076 0.009475331055484754 -0.01818373561960944 -0.015954810668593267 0.0084473322203281655 0.0037376310896106895 -0.011862355577266471 0.010076269404666566 -0.020355823672315639 0.024266799851248546
leaf_weight=567.78621757444751 159.21393843243959 25.509452274909563 71.899841167201885 51.941458702934966 16.146140025605636 52.242078589927218 7.0974173542017516 24.21669745134983 5.9845695057504704 530.32287097847609 22.774419996982033 44.163794472711743 146.93048251998698 20.719542772982095
leaf_count=34030 72109 1729 4103 20150 488 11702 589 10340 344 22973 3235 3545 9520 1063
internal_value=-3.17603e-10 -0.00103433 0.00654552 -0.000553621 -0.00815166 -0.0121447 0.011643 0.000507101 -0.0264604 0.000399076 -0.00182636 -0.00937084 -0.0141588 0.00666773
internal_weight=1746.95 1515.84 231.114 1490.33 157.628 134.385 23.2436 76.4588 57.926 1332.7 802.374 234.588 190.424 43.494
internal_count=195920 119708 76212 117979 43613 42536 1077 22042 20494 74366 51393 17363 13818 4298
is_linear=0
shrinkage=0.05


Tree=100
num_leaves=15
num_cat=0
split_feature=44 18 1 0 40 43 18 34 19 49 18 24 4 1
split_gain=4.61085 3.26081 5.16039 4.14024 3.78907 6.28125 6.94417 3.92685 3.77923 4.69359 5.83388 5.43306 8.14464 8.88581
threshold=0.96737179160118114 6.632660150527955 0.016261236742138866 0.013986697886139156 0.022474973462522033 6.1191973686218271 6.61940622329712 0.1057286597788334 0.68408024311065685 0.27163062989711767 6.6059741973876962 0.090732060372829451 0.0070176301524043092 0.0070672258734703073
decision_type=2 2 2 2 2 2 2 2 2 2 2 2 2 2
left_child=1 2 4 -4 8 6 7 -6 9 11 -11 12 -1 -14
right_child=-2 -3 3 -5 5 -7 -8 -9 -10 10 -12 -13 13 -15
leaf_value=0.0045431434822170427 0.016084247811253595 -0.0081305084101851565 -0.0066701739651615442 0.024077268068548811 0.019440759350410099 0.024185657677514894 -0.02656187795446896 -0.00097812065424278958 -0.015848255419054137 0.010209116862983404 -0.0040594371198192031 -0.0070659184835653727 -0.019360826455097319 -0.00048954596497909715
leaf_weight=449.3047285145658 33.459277354180813 116.58783022425268 10.246622091726747 28.43854962385376 25.385806049110613 30.352673497924116 9.5664464043875324 67.729995519038823 31.995177323919052 181.64219387542039 107.39850405054131 359.14945729463966 78.40080182939505 213.74942200681107
leaf_count=39815 1191 3757 451 340 826 281 624 43753 2529 59866 5428 20709 8808 7542
internal_value=-1.91381e-10 -0.000406413 0.000205951 0.0162359 -0.00029414 0.00746763 0.000818018 0.00593408 -0.00106756 -0.000616453 0.00494891 -0.00210943 0.0003535 -0.00602696
internal_weight=1743.41 1709.95 1593.36 38.6852 1554.68 133.035 102.682 93.1158 1421.64 1389.65 289.041 1100.6 741.455 292.15
internal_count=195920 194729 190972 791 190181 45484 45203 44579 144697 142168 65294 76874 56165 16350
is_linear=0
shrinkage=0.05


Tree=101
num_leaves=15
num_cat=0
split_feature=44 31 21 18 1 46 24 46 1 28 43 3 18 27
split_gain=4.40625 3.13735 4.0441 7.02199 6.02125 5.1155 8.8754 8.23983 6.50089 6.12393 4.84351 5.76803 4.34313 4.29117
threshold=0.96737179160118114 0.98577681183815014 0.84095990657806408 6.6260550022125253 0.016001024283468727 0.43521063029766088 0.0021204606164246802 0.48823365569114691 0.0065574476029723891 0.89587974548339855 4.0689902305603036 0.016261236742138866 6.5964629650115976 3.5549397468566899
decision_type=2 2 2 2 2 2 2 2 2 2 2 2 2 2
left_child=1 2 3 4 5 6 -1 8 -7 -8 -6 -12 -11 -4
right_child=-2 -3 13 -5 10 7 9 -9 -10 12 11 -13 -14 -15
leaf_value=0.019748736791406846 0.015744171329890731 0.019837413901958055 0.0074706831285767401 0.021621413512158811 0.025678260299870311 0.029175121524494481 -0.037943439395507254 -0.00067758803764521379 -0.0099513012129374672 -0.013940326647632626 -0.015681466488995068 0.018166311081345976 0.0045145948158983795 -0.010563943362193941
leaf_weight=14.605215446630266 33.346807567635551 8.9550939281471056 33.320269546238706 27.563487370032817 29.301586783956736 30.468896490722955 12.347880188841371 1221.5329395438828 8.7798382012779239 91.169491998825038 18.027777468021668 12.854382872086719 40.716131915454753 159.92416897978001
leaf_count=402 1191 945 746 264 175 1229 405 169271 213 5000 1120 98 1252 13609
internal_value=1.3059e-10 -0.000396879 -0.000618772 0.000272154 -0.000267967 -0.000968143 -0.00914131 0.000125379 0.0201792 -0.0131575 0.0140326 -0.000595292 -0.00832623 -0.00723974
internal_weight=1742.91 1709.57 1700.61 1507.37 1479.8 1419.62 158.839 1260.78 39.2487 144.234 60.1837 30.8822 131.886 193.244
internal_count=195920 194729 193784 179429 179165 177772 7059 170713 1442 6657 1393 1218 6252 14355
is_linear=0
shrinkage=0.05


Tree=102
num_leaves=15
num_cat=0
split_feature=49 34 40 0 28 2 49 2 35 48 20 4 3 47
split_gain=4.2489 5.03974 4.20119 3.99979 3.85185 5.53366 9.51954 7.31099 5.74611 5.23808 3.90248 7.92748 8.1872 8.48413
threshold=0.61714744567871105 0.68030917644500744 0.013402591925114395 0.0079682543873786944 4.4829866886138925 0.014389234129339458 0.32831592857837683 0.015268065501004459 0.041952809318900115 0.74240738153457653 0.010780215729027988 0.015268065501004459 0.012422839645296337 4.388237953186036
decision_type=2 2 2 2 2 2 2 2 2 2 2 2 2 2
left_child=1 4 -2 -4 10 6 8 -7 -6 -8 -1 12 13 -12
right_child=2 -3 3 -5 5 7 9 -9 -10 -11 11 -13 -14 -15
leaf_value=-0.0018367046669749778 -0.0015447927687461474 -0.019779614031737863 0.0037610915120004917 0.021384895312776847 -0.030439349565232074 0.026112779764548063 0.0089797423600512308 -0.017361963432678925 0.0091031384081861743 -0.015483916535994026 -0.00433489680376803 -0.021228512919713591 0.018067238648459948 0.0096058813464067264
leaf_weight=800.15537902810593 99.075884175372835 24.820565823785728 78.728312055662514 51.587548346180483 50.535010915859885 15.821579543661644 52.240460194493068 6.9106051784983711 6.1949825998431711 23.750480774773337 233.52714277652552 20.605482109029253 88.09033743424061 188.40781972161545
leaf_count=51393 19100 1729 39618 17494 20150 488 11702 589 344 10340 11495 414 1530 9534
internal_value=-3.33926e-10 -0.000974491 0.00619177 0.0117646 -0.000530344 -0.00772567 -0.0116234 0.0116299 -0.0254042 0.000422296 0.000361514 0.00364894 0.00504291 0.00196839
internal_weight=1740.45 1511.06 229.392 130.316 1486.24 155.453 132.721 22.7322 56.73 75.9909 1330.79 530.631 510.025 421.935
internal_count=195920 119708 76212 57112 117979 43613 42536 1077 20494 22042 74366 22973 22559 21029
is_linear=0
shrinkage=0.05


Tree=103
num_leaves=15
num_cat=0
split_feature=44 39 34 0 22 18 25 45 24 29 34 39 22 17
split_gain=4.28308 3.11062 7.26664 8.67758 8.40531 7.3405 7.1407 8.50363 6.71181 8.21647 7.89841 7.11475 6.11558 4.88182
threshold=0.96737179160118114 0.010517418850213291 0.013321756385266783 0.01197647722437978 6.8007264137268075 6.5854814052581796 1.5493601495109036e-05 1.0464739716553597e-05 0.014009790495038034 0.010645450092852117 0.10085128620266916 0.041105197742581374 6.7996129989624032 0.021507862955331806
decision_type=2 2 2 2 2 2 2 2 2 2 2 2 2 2
left_child=1 6 3 4 5 -3 7 -1 10 11 12 13 -4 -10
right_child=-2 2 8 -5 -6 -7 -8 -9 9 -11 -12 -13 -14 -15
leaf_value=-0.0095756443639297608 0.015549304589636598 -0.015165452609395306 -0.0024396048063247758 -0.011925162930492237 0.027246150098676793 0.018907540827328609 -0.019096521266504185 0.021964493377922084 -0.0071027212898333277 -0.00084474230334079465 0.015348299455332382 -0.013800242608045797 -0.038178809894317288 0.033997487948306399
leaf_weight=44.350760752821088 33.198208937537856 26.031464126329638 21.032562535528768 25.658274676185101 63.952579165983479 18.162455307516211 58.453467313091096 25.474078034661943 5.1186231396932262 1348.0637819378683 8.5332956996026024 6.7743339772569007 23.094322365825064 29.470383784784644
leaf_count=7641 1191 5335 3646 641 617 1488 6398 735 1163 165170 227 446 731 491
internal_value=-2.71646e-10 -0.000391853 0.000237591 0.0109575 0.0169364 -0.000257422 -0.00758251 0.00324118 -0.000825672 -0.000103037 -0.0168329 0.0195279 -0.024742 0.0276864
internal_weight=1737.37 1704.17 1575.89 133.805 108.146 44.1939 128.278 69.8248 1442.09 1389.43 52.6602 41.3633 44.1269 34.589
internal_count=195920 194729 179955 8081 7440 6823 14774 8376 171874 167270 4604 2100 4377 1654
is_linear=0
shrinkage=0.05


Tree=104
num_leaves=15
num_cat=0
split_feature=44 18 3 1 35 45 4 18 44 36 19 18 26 43
split_gain=4.00963 3.16692 4.45304 4.09483 3.62464 9.72746 9.2392 4.86486 4.32119 4.09709 3.82508 4.09765 11.5501 9.2696
threshold=0.96737179160118114 6.632660150527955 0.016261236742138866 0.016001024283468727 0.022355973720550541 0.00061910593649372469 0.0068260179832577714 6.5854814052581796 0.28122089803218847 0.76278772950172435 0.68408024311065685 6.5403079986572275 0.30217391252517706 1.0000000180025095e-35
decision_type=2 2 2 2 2 2 2 2 2 2 2 2 2 2
left_child=1 2 4 -4 10 9 7 8 -7 -6 11 13 -13 -1
right_child=-2 -3 3 -5 5 6 -8 -9 -10 -11 -12 12 -14 -15
leaf_value=0.032257279331616699 0.015063606681243508 -0.0080309758473603634 -0.0053209603069404188 0.024877091545571328 0.028378328610104406 -0.018068453900266106 -0.019069956179216266 0.017853662943351247 0.011550610939340839 -0.0078213046799614321 -0.014830604559884056 -0.019494616829733712 -0.00024525420376298162 0.0013171747318085855
leaf_weight=19.34966697705346 33.091139976750128 115.33115530234318 12.361127214176575 23.504449933039723 40.789476010768453 17.714188465150418 37.791676950748297 42.939649111310246 13.147110299696577 4.8439269689079074 38.671473814130877 73.791101880837232 1117.6939851225598 143.68626647739524
leaf_count=296 1191 3757 613 188 1392 2236 15244 1762 25628 306 2820 2895 73060 64532
internal_value=-8.96079e-10 -0.000379238 0.000223909 0.0155784 -0.000228842 0.00673109 -0.00164161 0.00849367 -0.00571174 0.0238206 -0.00105666 -0.000557613 -0.00158974 0.00664123
internal_weight=1734.71 1701.62 1586.28 35.8656 1550.42 157.226 111.593 73.8009 30.8613 45.6334 1393.19 1354.52 1191.49 163.036
internal_count=195920 194729 190972 801 190171 46568 44870 29626 27864 1698 143603 140783 75955 64828
is_linear=0
shrinkage=0.05


Tree=105
num_leaves=15
num_cat=0
split_feature=44 18 3 1 35 45 4 18 44 19 49 18 28 19
split_gain=4.5099 3.03125 3.84297 3.79022 3.45897 9.08774 8.96054 4.3595 4.16699 3.66481 4.19956 8.31352 6.22092 4.88524
threshold=0.96737179160118114 6.632660150527955 0.016261236742138866 0.016001024283468727 0.022355973720550541 0.00061910593649372469 0.0068260179832577714 6.5854814052581796 0.28122089803218847 0.68408024311065685 0.24304670095443728 6.6059741973876962 6.1036758422851571 0.63214063644409191
decision_type=2 2 2 2 2 2 2 2 2 2 2 2 2 2
left_child=1 2 4 -4 9 -6 7 8 -7 10 12 -12 13 -1
right_child=-2 -3 3 -5 5 6 -8 -9 -10 -11 11 -13 -14 -15
leaf_value=-0.00060584816839938339 0.015844689939981376 -0.0078906844022672371 -0.0053915726994810077 0.023585490225875364 0.0231071616426929 -0.017484946537398089 -0.018808662190059746 0.017104776968447939 0.011505670375966476 -0.014612466242915552 0.010346339182963092 -0.0061132910105117858 -0.023662142303285841 -0.016728302037905176
leaf_weight=978.49001004968954 33.788288214011118 115.35488504578461 12.360038646923838 23.081678694637958 45.523731373654385 17.50810056049588 37.400294558557391 43.718322628850729 13.421272682052289 38.075058395999804 200.71270568355271 112.38522748138985 22.421589926128945 39.411017045445988
leaf_count=63439 1191 3757 613 188 1698 2236 15244 1762 25628 2820 61647 5640 6614 3443
internal_value=-4.87046e-10 -0.000405771 0.000185213 0.0145173 -0.000233709 0.00655719 -0.00150921 0.00835628 -0.00516744 -0.001044 -0.000557915 0.00443187 -0.00208755 -0.00138675
internal_weight=1733.65 1699.86 1584.51 35.4417 1549.07 157.572 112.048 74.6477 30.9294 1391.5 1353.42 313.098 1040.32 1017.9
internal_count=195920 194729 190972 801 190171 46568 44870 29626 27864 143603 140783 67287 73496 66882
is_linear=0
shrinkage=0.05


Tree=106
num_leaves=15
num_cat=0
split_feature=49 46 0 2 1 44 19 30 15 0 31 35 33 4
split_gain=3.94513 4.95796 4.8264 5.74408 6.10858 4.48476 6.58368 5.50909 5.56123 12.3499 8.05529 6.62839 6.64207 5.1143
threshold=0.55497553944587719 0.90067988634109508 0.010811126790940763 0.010152545757591726 0.0085838492959737795 0.85811346769332897 0.36003065109252935 0.0097130895592272299 0.057810086756944663 0.011428944766521456 0.6683848798274995 0.012167131993919613 1.7005987167358401 0.016001024283468727
decision_type=2 2 2 2 2 2 2 2 2 2 2 2 2 2
left_child=1 5 3 4 -3 6 7 8 -1 -10 13 12 -12 -11
right_child=-2 2 -4 -5 -6 -7 -8 -9 9 10 11 -13 -14 -15
leaf_value=-0.0019749748057605264 0.0055270938121740748 -0.016430024353943386 -0.023754511034278676 0.012256630895241432 0.0074718345043317674 0.016149524532165838 -0.0065068990075220689 0.010701206116513443 -0.027779298428513257 -0.017370299659168489 0.02956749522363511 -0.0077022366746618059 -0.0033572814583598407 0.014471357026319256
leaf_weight=655.4274943006269 262.62835431798817 76.659415694226254 31.83226112876946 31.901258269699611 31.706908534793001 31.956993101577837 323.48387189146729 133.07583177171909 11.747717690928765 24.254680748159444 75.833342029620326 14.771765281065198 16.328297514701262 10.829130006837657
leaf_count=62926 83054 10434 1542 1388 2246 2354 20535 9880 225 458 465 136 199 78
internal_value=2.77968e-10 -0.00101827 -0.00874425 -0.0039837 -0.00939616 6.53692e-05 -0.00046412 0.00165693 5.70809e-05 0.00831047 0.0129268 0.019316 0.0239766 -0.00651206
internal_weight=1732.44 1469.81 172.1 140.268 108.366 1297.71 1265.75 942.268 809.192 153.765 142.017 106.933 92.1616 35.0838
internal_count=195920 112866 15610 14068 12680 97256 94902 74367 64487 1561 1336 800 664 536
is_linear=0
shrinkage=0.05


Tree=107
num_leaves=15
num_cat=0
split_feature=49 34 32 2 34 19 20 20 23 31 44 36 0 2
split_gain=3.87749 4.54571 4.44146 7.53504 5.89367 5.42019 5.1865 3.8094 7.43093 8.67724 10.4424 7.50358 10.404 7.28636
threshold=0.55497553944587719 0.68030917644500744 4.8531885147094735 0.014389234129339458 0.10085128620266916 0.10539986565709115 0.0098276901990175265 0.010780215729027988 5.2067463397979745 0.81847256422042858 0.044902913272380836 0.98319208621978771 0.009569597430527212 0.00766294775530696
decision_type=2 2 2 2 2 2 2 2 2 2 2 2 2 2
left_child=1 2 7 4 -4 -6 -5 8 11 10 -10 12 -1 -14
right_child=-2 -3 3 6 5 -7 -8 -9 9 -11 -12 -13 13 -15
leaf_value=-0.0058778420802051319 0.0054778485157745329 -0.02048385603670231 -0.029386177071016529 0.024767007219239436 0.01961530863202865 -0.01050250023502328 -0.014320037779689106 0.0035692741083572853 -0.0013320525587630497 0.0086491175999056421 -0.024769756264833076 0.029905024083926202 -0.0056064871042663198 0.012986182656832927
leaf_weight=309.77935857306875 262.68312631621939 19.385337402400182 32.244907815133118 16.126779272813113 8.7836176612945547 70.21470763051552 4.8342719583050657 522.67597145991749 89.585868303722236 46.718561250818311 94.190185481202207 11.957919835112987 67.45412636747642 172.33002717763884
leaf_count=27669 83054 1462 10970 247 480 27230 605 21461 7864 3750 5410 200 2815 2703
internal_value=-1.48992e-10 -0.00101181 -0.000612118 -0.00900655 -0.0141486 -0.00532604 0.0140388 0.000293637 -0.00188561 -0.00924284 -0.0140029 0.00124329 9.63481e-05 0.00774079
internal_weight=1728.96 1466.28 1446.9 132.204 111.243 78.9983 20.9611 1314.69 792.016 230.495 183.776 561.521 549.564 239.784
internal_count=195920 112866 111404 39532 38680 27710 852 71872 50411 17024 13274 33387 33187 5518
is_linear=0
shrinkage=0.05


Tree=108
num_leaves=15
num_cat=0
split_feature=44 44 4 44 37 48 26 4 15 50 35 34 44 23
split_gain=3.75298 3.07192 9.96518 7.92147 9.66412 5.71872 7.50698 5.58015 5.3077 4.03693 3.48933 9.34378 8.09079 14.0681
threshold=0.96737179160118114 0.0091226352378726023 0.010362972505390646 0.011974777095019819 1.7005987167358401 0.76443827152252208 0.68763184547424328 0.0062696540262550124 0.014830446336418392 0.059114595875144012 0.014537502080202104 0.11619181185960771 0.18046399205923083 5.2496488094329843
decision_type=2 2 2 2 2 2 2 2 2 2 2 2 2 2
left_child=1 2 7 4 8 6 -4 -1 -3 -9 -5 -12 13 -13
right_child=-2 3 5 10 -6 -7 -8 9 -10 -11 11 12 -14 -15
leaf_value=-0.0070898679907383539 0.014538685051462569 -0.0091432338337807603 -0.011341474110464177 -0.0018979980292152842 -0.014195580489955582 -0.015804115768335167 0.028433004325222191 -0.039329449587915011 0.035837911035771643 0.0086993277678746993 0.01884763968151866 -0.026130589735174622 0.0046252789746110586 0.009023187225678804
leaf_weight=63.042922767960818 33.286826615454629 3.6359769382477216 10.734251111280171 1088.7550573710844 10.327051780201144 8.9284698249612102 28.340582140306651 20.314969295544874 30.385868132230826 1.4071529048960645 69.84966067774252 56.483972126524009 256.45821130247208 42.85274163541726
leaf_count=10511 1191 842 360 92842 1010 780 441 3392 473 14 2497 3808 75928 1831
internal_value=3.29121e-10 -0.000369866 -0.00739007 0.000271385 0.0190273 0.00958279 0.017422 -0.0169989 0.0300457 -0.0344566 -0.000399094 0.00339051 -7.63314e-05 -0.0115274
internal_weight=1724.8 1691.52 132.768 1558.75 44.3489 48.0033 39.0748 84.765 34.0218 21.7221 1514.4 425.645 355.795 99.3367
internal_count=195920 194729 15498 179231 2325 1581 801 13917 1315 3406 176906 84064 81567 5639
is_linear=0
shrinkage=0.05


Tree=109
num_leaves=15
num_cat=0
split_feature=29 27 4 18 4 24 24 35 24 3 40 2 36 25
split_gain=3.67534 4.56178 3.80411 3.34064 3.33701 3.17696 13.0719 7.54203 8.86845 8.63835 7.34844 9.07274 7.65854 7.04976
threshold=0.96407735347747814 6.351757526397706 0.0063492704648524531 6.6547963619232187 0.012121656909585001 0.090732060372829451 0.098131407052278533 0.0055286104325205096 0.063277397304773345 0.0066445916891098031 0.0028305235318839554 0.0064725596457719812 0.58863821625709545 0.0027720417128875856
decision_type=2 2 2 2 2 2 2 2 2 2 2 2 2 2
left_child=3 -2 -3 5 -4 7 13 8 10 -10 11 12 -1 -7
right_child=1 2 4 -5 -6 6 -8 -9 9 -11 -12 -13 -14 -15
leaf_value=-0.02288611568676624 0.022707678793131809 0.0098668685500690276 -0.014879930138424067 -0.020042027342317234 0.0090192292054042719 0.0071523498347387665 -0.0010515693008097402 0.0078139527560543171 -0.0060880777529492463 0.023186965260760778 -0.014063576873138667 0.0065243839159985426 0.0015845347587252973 -0.037151380268791369
leaf_weight=54.157796368822744 27.374694209389418 59.866824161028489 33.638282388914376 12.001404842652844 13.9236629367806 7.9394785308395504 710.91109249864508 305.65999932418299 36.781289717576783 51.86152257555068 137.25540012765123 180.01753484075016 61.333803329132763 29.390462681564259
leaf_count=8494 5622 1536 771 387 319 446 125930 14092 3228 1556 13230 8640 9777 1892
internal_value=-3.57142e-10 0.00762756 0.00217839 -0.000691474 -0.00753209 -0.000418559 -0.00276058 0.00170792 -0.00195125 0.0116539 -0.00493825 -0.000378203 -0.0107999 -0.0282084
internal_weight=1722.11 134.803 107.429 1587.31 47.5619 1575.31 748.241 827.067 521.407 88.6428 432.765 295.509 115.492 37.3299
internal_count=195920 8248 2626 187672 1090 187285 128268 59017 44925 4784 40141 26911 18271 2338
is_linear=0
shrinkage=0.05


Tree=110
num_leaves=15
num_cat=0
split_feature=49 19 22 34 26 21 18 1 18 46 46 24 1 28
split_gain=3.55239 4.17734 4.63415 4.13636 3.69281 3.09139 5.91923 5.26224 4.41632 4.21075 7.9528 7.55719 6.19534 5.8292
threshold=0.61714744567871105 0.68107628822326671 6.7962646484375009 0.6625441610813142 0.89806619286537182 0.84095990657806408 6.6260550022125253 0.016001024283468727 6.5827171802520761 0.43521063029766088 0.48823365569114691 0.0023606062168255453 0.0065574476029723891 0.89587974548339855
decision_type=2 2 2 2 2 2 2 2 2 2 2 2 2 2
left_child=1 5 -3 -2 -5 6 7 9 -9 11 12 -1 -11 -13
right_child=3 2 -4 4 -6 -7 -8 8 -10 10 -12 13 -14 -15
leaf_value=0.018226601054516321 0.0008991830766672019 0.0039265628134748862 -0.027966087952237137 -0.0028887217242169229 0.020992279553183051 -0.006722048700449134 0.020714426472611912 0.025006212516934318 -0.0015772766271238564 0.028853132986902848 -0.00065823203829788886 -0.036418682465435996 -0.0097175716064123174 -0.0073985137830741253
leaf_weight=14.616071638600372 155.73133620689759 15.219575051833088 18.854991270112805 19.038506868337208 50.982171513249341 162.53408944571947 24.901077080226969 27.107450703584618 25.053626349312253 29.938982360077489 1027.7545816577854 12.022226703818886 8.5229110779655439 126.39080524338908
leaf_count=436 72109 1923 436 1409 2694 12148 248 444 181 808 96773 402 177 5732
internal_value=3.24844e-10 -0.000895122 -0.0160622 0.00570639 0.0149495 -0.000433919 0.000399925 -0.000156493 0.0140382 -0.000873022 0.000268797 -0.00835705 0.0200646 -0.0122032
internal_weight=1718.67 1492.92 34.0746 225.752 70.0207 1458.84 1296.31 1271.41 52.1611 1219.25 1066.22 153.029 38.4619 138.413
internal_count=195920 119708 2359 76212 4103 117349 105201 104953 625 104328 97758 6570 985 6134
is_linear=0
shrinkage=0.05


Tree=111
num_leaves=15
num_cat=0
split_feature=44 39 56 34 0 47 21 24 34 29 39 22 22 17
split_gain=3.58553 2.89982 6.62971 6.49271 9.02396 7.10569 6.42766 5.13062 6.84763 6.73047 7.20177 5.78423 4.66016 6.34955
threshold=0.96737179160118114 0.010517418850213291 1.0000000180025095e-35 0.013321756385266783 0.01197647722437978 4.8597824573516855 0.79565721750259411 0.014009790495038034 0.10085128620266916 0.010645450092852117 0.041105197742581374 6.7996129989624032 6.7984981536865243 0.011299795936793091
decision_type=2 2 2 2 2 2 2 2 2 2 2 2 2 2
left_child=1 2 -1 4 5 12 -4 8 11 10 -9 -5 -3 -14
right_child=-2 3 6 7 -6 -7 -8 9 -10 -11 -12 -13 13 -15
leaf_value=-0.015804733521391355 0.014240269490054649 -0.00049942864260852586 0.021366854426876816 -0.0014326559566682172 -0.0128318779838607 -0.017135272619669056 -0.0096721467365401981 0.026408163574053584 0.014621629506417981 -0.00080081013921103571 -0.01510980738655528 -0.035983272519182402 -0.011025505806751592 0.029233999088642749
leaf_weight=76.478881054378689 33.106703347526491 21.334854775653753 23.169650451600319 20.963678894284158 25.452106691052904 6.745784255398461 25.029577485052869 33.311774110834904 8.6691657649025711 1336.0397321453845 6.5863116087421067 21.795656042871997 5.9113182683940968 72.650270774494857
leaf_count=11450 1191 4381 1256 3646 641 1639 2068 1654 227 165170 446 731 355 1065
internal_value=2.46724e-10 -0.000362338 -0.00740177 0.000244036 0.0104385 0.0166164 0.0063561 -0.000765464 -0.0149035 -0.000133306 0.0178999 -0.0225263 0.0202474 0.0253018
internal_weight=1717.25 1684.14 124.678 1559.46 132.094 106.642 48.1992 1427.37 51.4285 1375.94 39.8981 42.7593 99.8964 78.5616
internal_count=195920 194729 14774 179955 8081 7440 3324 171874 4604 167270 2100 4377 5801 1420
is_linear=0
shrinkage=0.05


Tree=112
num_leaves=15
num_cat=0
split_feature=49 34 34 18 24 1 18 20 4 48 19 34 19 32
split_gain=3.51254 3.97528 3.84425 3.48936 5.05422 3.70569 5.20268 5.27517 3.83102 5.51943 4.58803 4.48245 5.25316 5.20359
threshold=0.61714744567871105 0.6625441610813142 0.68030917644500744 6.6379129886627206 0.14540412276983264 0.016001024283468727 6.5827171802520761 0.0094903591088950651 0.015749008394777778 0.65181905031204235 0.033067008480429656 0.6405526101589204 0.63214063644409191 4.8531885147094735
decision_type=2 2 2 2 2 2 2 2 2 2 2 2 2 2
left_child=2 -2 3 5 -5 8 -7 -8 11 -10 -11 12 13 -1
right_child=1 -3 -4 4 -6 6 7 -9 9 10 -12 -13 -14 -15
leaf_value=0.0012525214244898768 0.00095480751578843064 0.014755426307764614 -0.017610187822563333 -0.021439494305946386 0.0035329870433597125 0.024113361907623795 -0.017981003149350496 0.014759291808613385 0.0080593456725015413 0.0030754806767434389 -0.038089060228721959 0.013376202400145892 -0.013245983099854898 -0.0097439351478151182
leaf_weight=1083.7527505584076 155.07443307768199 69.83093077378544 23.614564304592932 36.132832326140488 31.764041515869394 27.087885652040313 16.106029387214225 13.523790651815942 11.966924082853664 7.592820411402502 13.152067245073338 49.664738225044857 67.673873699406613 109.32060128476701
leaf_count=62950 72109 4103 1729 1125 894 477 161 100 221 126 460 3159 5465 42841
internal_value=-3.58708e-11 0.0056855 -0.000889567 -0.000503198 -0.0108029 6.9453e-05 0.0115726 -0.00308399 -0.000498238 -0.0152345 -0.0269227 -1.77843e-05 -0.000646525 0.000172306
internal_weight=1716.26 224.905 1491.35 1467.74 67.8969 1399.84 56.7177 29.6298 1343.12 32.7118 20.7449 1310.41 1260.75 1193.07
internal_count=195920 76212 119708 117979 2019 115960 738 261 115222 807 586 114415 111256 105791
is_linear=0
shrinkage=0.05


Tree=113
num_leaves=15
num_cat=0
split_feature=49 28 2 31 2 39 18 26 29 22 48 18 18 3
split_gain=3.3435 5.93944 7.17594 5.91379 4.77648 4.42937 5.34524 4.85495 4.5849 5.43979 4.21986 3.8989 3.89594 3.77307
threshold=0.46302691102027899 4.4829866886138925 0.014389234129339458 0.90120926499366771 0.015268065501004459 0.58455687761306774 6.5827171802520761 0.88124820590019237 0.42260862886905676 6.7996129989624032 0.79000386595726024 6.6059741973876962 6.6535077095031747 0.012739370577037336
decision_type=2 2 2 2 2 2 2 2 2 2 2 2 2 2
left_child=1 5 3 -3 -4 8 7 -7 12 -10 -5 -2 -1 -8
right_child=11 2 4 10 -6 6 13 -9 9 -11 -12 -13 -14 -15
leaf_value=0.00064615333975759804 0.0085227406802295975 -0.031393043426788482 0.023433095209785048 0.010785052194434604 -0.014273093049015487 -0.028750568967049681 0.0023169712950202007 0.0087646272243858906 -0.0074448378507636186 0.026305568981706631 -0.015310806890803158 -0.0028168642718349019 -0.022640580260867002 -0.020496727137004636
leaf_weight=1111.7897799422033 204.45332516533813 35.003528940610636 12.993185171843722 18.380917750069784 5.0388825647223703 31.134311494257418 95.479841578140622 5.9582105446606866 12.492219128303303 25.746187614742666 25.272926345871383 111.05486771480537 8.2548636893625353 11.962900931946931
leaf_count=61524 88501 19803 269 1021 285 3773 3968 943 1818 174 7511 5794 244 292
internal_value=-2.77324e-10 -0.00105479 -0.0123969 -0.0185745 0.0115635 -0.000125014 -0.00807933 -0.0221429 0.000928217 0.0160219 -0.00436068 0.00456743 0.000275695 -0.00175212
internal_weight=1715.02 1399.51 96.6894 78.6574 18.0321 1302.82 144.535 37.0925 1158.28 38.2384 43.6538 315.508 1120.04 107.443
internal_count=195920 101625 28889 28335 554 72736 8976 4716 63760 1992 8532 94295 61768 4260
is_linear=0
shrinkage=0.05


Tree=114
num_leaves=15
num_cat=0
split_feature=49 34 46 44 26 34 4 44 34 49 34 18 26 22
split_gain=3.21302 3.63313 3.60491 5.79916 6.98788 5.09655 4.68304 4.38439 5.41655 5.29882 4.27328 3.85307 3.55928 3.39513
threshold=0.61714744567871105 0.6625441610813142 0.90102139115333568 0.7747519612312318 0.78963673114776622 0.41374658048152929 0.0086581707000732439 0.85811346769332897 0.46467292308807379 0.10461268946528436 0.61089926958084118 6.6086750030517587 0.89806619286537182 6.7940263748168954
decision_type=2 2 2 2 2 2 2 2 2 2 2 2 2 2
left_child=2 -2 7 4 6 -6 -4 8 -1 13 -9 -11 -3 -10
right_child=1 12 3 -5 5 -7 -8 10 9 11 -12 -13 -14 -15
leaf_value=0.00069660539994921566 0.00089983808829610656 -0.003329435037838625 0.019734982613794118 -0.020695051165501133 -0.018714312660030038 0.0044903407022110061 -0.0087736653371213048 -0.0048077103825013732 0.0029062357830838526 0.0051138507687405847 0.024777880122775348 -0.015363702759317158 0.020007287053207937 -0.026241157502500473
leaf_weight=1130.7081730197892 154.04845613107068 18.811549569150884 37.058068801517948 46.634080070887649 50.528574200729736 33.553971175799234 13.949063097534234 14.712961184451386 10.151806013338499 63.618039030079217 23.874195094229435 23.482947103106198 51.146587689252556 40.309146733838134
leaf_count=90154 72109 1409 2066 1573 9098 1732 764 2148 904 6780 1632 1141 2694 1716
internal_value=2.08632e-10 0.00544886 -0.00085085 -0.00725343 -0.00150672 -0.00996124 0.0117784 8.77747e-05 -0.000473242 -0.00948452 0.0148294 -0.00142069 0.0141005 -0.0208664
internal_weight=1712.59 224.007 1488.58 181.724 135.09 84.0825 51.0071 1306.86 1268.27 137.562 38.5872 87.101 69.9581 50.461
internal_count=195920 76212 119708 15233 13660 10830 2830 104475 100695 10541 3780 7921 4103 2620
is_linear=0
shrinkage=0.05


Tree=115
num_leaves=15
num_cat=0
split_feature=29 28 2 49 31 2 22 39 21 4 4 47 45 39
split_gain=3.21771 4.6981 6.86599 6.32943 7.01685 4.46005 3.81183 3.13391 3.06695 3.0001 4.24682 4.91323 3.73617 2.85596
threshold=0.85390186309814464 4.4829866886138925 0.014815627597272398 0.088146213442087187 0.90162289142608654 0.015268065501004459 6.7580702304840097 0.10146551951766015 0.83026236295700084 0.0063492704648524531 0.0071175277698785075 6.223567247390748 0.0002891228068619967 0.58455687761306774
decision_type=2 2 2 2 2 2 2 2 2 2 2 2 2 2
left_child=1 13 3 -3 7 -4 -2 -5 -6 12 11 -11 -8 -1
right_child=6 2 5 4 8 -7 9 -9 -10 10 -12 -13 -14 -15
leaf_value=0.00091019506132678342 0.027293286273916691 -0.032020729457284618 0.025826745122083852 0.0067807245628107556 0.023917779881052204 -0.012394366548522544 -0.0016009767857448254 -0.022349378628215975 -0.0019275711329209103 0.0060632008372499486 0.0027006642351396822 -0.032945657678170273 0.014676529660508329 -0.0056484004451761152
leaf_weight=1171.1711317542176 8.419790064383049 26.665825725352946 11.570679539761842 6.6331396895413368 10.628312191185612 4.4962235804669026 57.156769350654031 36.411352117598526 22.840196275844846 8.8509264332769817 77.438512185224681 10.844586245133542 75.024443026301924 183.12449313949037
leaf_count=65602 21990 11541 526 816 512 1008 6960 57405 2047 1369 6911 143 6093 12997
internal_value=-4.25953e-11 -0.000880855 -0.009989 -0.0147418 -0.00571473 0.0144792 0.00527493 -0.0174284 0.0098941 0.00335978 -0.00313905 -0.019277 0.00802038 -1.15432e-05
internal_weight=1711.28 1473.54 119.246 103.179 76.513 16.0669 237.735 43.0445 33.4685 229.315 97.134 19.6955 132.181 1354.3
internal_count=195920 152454 73855 72321 60780 1534 43466 58221 2559 21476 8423 1512 13053 78599
is_linear=0
shrinkage=0.05


Tree=116
num_leaves=15
num_cat=0
split_feature=39 21 31 19 36 45 19 40 20 48 17 31 33 21
split_gain=3.24931 6.01894 6.7282 5.9367 5.01261 4.12488 3.7868 4.94546 7.8853 9.22877 7.31366 11.2705 9.52909 6.99575
threshold=0.010517418850213291 0.8064696490764619 0.66060405969619762 0.010727345012128355 0.4555336087942124 0.00039478608232457196 0.011507134884595873 0.0026877874042838816 0.0054714966099709281 0.74528273940086376 0.025320513173937801 0.76302224397659313 1.0000000180025095e-35 0.81214627623558056
decision_type=2 2 2 2 2 2 2 2 2 2 2 2 2 2
left_child=1 2 -1 -2 -4 -6 -5 10 9 13 11 -8 -12 -9
right_child=3 -3 4 6 5 -7 7 8 -10 -11 12 -13 -14 -15
leaf_value=-0.017873924862177967 0.019055150733083986 -0.022431125415717797 -0.016374590388377967 -0.018402726383034442 0.01831352640606727 -0.014047551481176085 0.027145669724500221 -0.010996230535645543 0.0010828997961177022 -0.020380702501157744 0.016426907732964503 -0.0093422675432619697 -0.017552346075533749 0.011731095740443245
leaf_weight=25.489464900936468 32.546755131548252 34.797392681321071 8.0293599754513689 17.111612407794382 51.723978559385955 4.1421286751283324 64.27822837115508 58.188333159434634 1175.6031953087127 90.539204626720519 25.668902106015196 23.768220797822551 39.564745888324978 57.262174352284092
leaf_count=4173 1914 6209 536 1461 3300 556 5643 4169 149177 10475 1538 2677 2203 1889
internal_value=1.38832e-10 -0.00747262 2.1754e-05 0.000628833 0.00861349 0.0141457 0.000122895 0.000447213 -0.000521651 -0.00930514 0.00867719 0.0173475 -0.00377554 0.000312828
internal_weight=1708.71 124.182 89.3849 1584.53 63.8955 55.8661 1551.98 1534.87 1381.59 205.99 153.28 88.0464 65.2336 115.451
internal_count=195920 14774 8565 181146 4392 3856 179232 177771 165710 16533 12061 8320 3741 6058
is_linear=0
shrinkage=0.05


Tree=117
num_leaves=15
num_cat=0
split_feature=29 39 34 0 22 18 21 26 24 34 29 39 22 45
split_gain=3.16045 2.75246 5.8642 7.51577 6.99152 6.74972 5.71838 5.98709 5.18895 6.52367 5.97094 6.33488 5.47545 4.43994
threshold=0.982051581144333 0.010517418850213291 0.013321756385266783 0.01197647722437978 6.8007264137268075 6.5854814052581796 0.8064696490764619 0.70851448178291332 0.014009790495038034 0.10085128620266916 0.010645450092852117 0.041105197742581374 6.7996129989624032 0.00020677703287219631
decision_type=2 2 2 2 2 2 2 2 2 2 2 2 2 2
left_child=1 6 3 4 5 -3 7 -1 9 12 11 -10 -4 -9
right_child=-2 2 8 -5 -6 -7 -8 13 10 -11 -12 -13 -14 -15
leaf_value=-0.012076491767239572 0.016792515098317494 -0.014611854574490114 -0.0017338105779127928 -0.011405768035469773 0.025104658171660556 0.018124822581224088 -0.021821953689888127 0.017702104905699727 0.025079450330942468 0.014090928024577121 -0.0006314137192158486 -0.014301719146345128 -0.035526556192872594 -0.013133582797332625
leaf_weight=42.311623762153999 17.572313231299631 25.561814431466701 21.085670258529717 25.171261349663837 62.847377996164141 18.256943617860088 34.408766418338928 39.296447519214894 32.763830183595701 8.6099265775919758 1345.3178359150263 6.2651005948355296 21.514948433148675 7.3477922433958147
leaf_count=3192 565 5335 3646 641 617 1488 6209 3962 1654 227 165796 446 731 1411
internal_value=7.93169e-11 -0.000272236 0.000312545 0.0100127 0.0156115 -0.000138836 -0.00716843 0.000132092 -0.000641396 -0.0148877 -1.13973e-05 0.0171302 -0.0223099 0.0113835
internal_weight=1708.33 1690.76 1567.39 131.837 106.666 43.8188 123.365 88.9559 1435.56 51.2105 1384.35 39.0289 42.6006 46.6442
internal_count=195920 195355 180581 8081 7440 6823 14774 8565 172500 4604 167896 2100 4377 5373
is_linear=0
shrinkage=0.05


Tree=118
num_leaves=15
num_cat=0
split_feature=29 39 34 0 22 18 21 31 3 24 34 29 2 22
split_gain=3.05871 2.5359 5.72162 6.99007 6.5341 6.32568 5.22934 5.8472 4.88015 4.38628 5.85591 5.39784 6.13801 4.75777
threshold=0.982051581144333 0.010517418850213291 0.013321756385266783 0.01197647722437978 6.8007264137268075 6.5896136760711679 0.8064696490764619 0.66060405969619762 0.0072203108575195083 0.014009790495038034 0.10085128620266916 0.010645450092852117 0.010362972505390646 6.7996129989624032
decision_type=2 2 2 2 2 2 2 2 2 2 2 2 2 2
left_child=1 6 3 4 5 -3 7 -1 -9 10 13 12 -11 -4
right_child=-2 2 9 -5 -6 -7 -8 8 -10 11 -12 -13 -14 -15
leaf_value=-0.016839412701911284 0.016530904349732169 -0.012846615179820206 -0.0017821372352461681 -0.010854055221081288 0.024341547335078626 0.019330125809401164 -0.021038449879290422 -0.0070355486051021437 0.01774065769361139 -0.0058523281461402149 0.013530453059190742 -0.00066438254779118875 0.028784132810254628 -0.033523650371235836
leaf_weight=24.970521586692712 17.536456010537222 28.395357849338097 21.070804252655535 25.129890531708952 63.417899137566565 15.365079692339348 33.827236856217496 26.682193441841946 37.93395218871774 16.200695222789363 8.5786854614598251 1344.8406333438352 23.012689667404629 20.790359917329624
leaf_count=4173 565 5719 3646 641 617 1104 6209 3306 1086 1872 227 165796 228 731
internal_value=3.26836e-10 -0.000267732 0.00029391 0.00985792 0.0152261 -5.46909e-05 -0.00688564 3.43162e-05 0.00793797 -0.000650349 -0.0138352 -7.40473e-05 0.0161929 -0.0209709
internal_weight=1707.75 1690.22 1566.8 132.308 107.178 43.7604 123.414 89.5867 64.6161 1434.49 50.4398 1384.05 39.2134 41.8612
internal_count=195920 195355 180581 8081 7440 6823 14774 8565 4392 172500 4604 167896 2100 4377
is_linear=0
shrinkage=0.05


Tree=119
num_leaves=15
num_cat=0
split_feature=49 46 0 1 20 2 44 19 35 46 35 34 19 16
split_gain=3.03826 3.9012 4.21867 4.42577 7.33317 5.21205 4.01098 5.30541 4.92442 8.47229 8.20229 8.99949 8.27188 7.14044
threshold=0.55497553944587719 0.90067988634109508 0.010811126790940763 0.0085838492959737795 0.011982457246631386 0.010152545757591726 0.85811346769332897 0.36003065109252935 0.014449134469032289 0.84650033712387096 0.011282227933406832 0.21286530792713168 0.059208547696471221 1.5000000000000002
decision_type=2 2 2 2 2 2 2 2 2 2 2 2 2 2
left_child=1 6 3 5 -5 -3 7 8 10 -10 11 -1 -12 -11
right_child=-2 2 -4 4 -6 -7 -8 -9 9 13 12 -13 -14 -15
leaf_value=-0.00066454051387457519 0.0049079076324561634 -0.01493194967214242 -0.021949666885973974 -0.015636784747457871 0.019924004806966399 0.010792760296232051 0.015465843576742321 -0.0058879020253909918 -0.00016817625115756114 0.033986860843012841 0.014364272117016142 0.018797563043630009 -0.028683642163790091 0.0021043061122729845
leaf_weight=657.05170176187437 256.61407127820212 73.593707985588026 31.173630833178322 13.428416640741487 31.43289539405032 17.850293867850269 30.943312469183638 319.96889899801852 108.9575127458636 36.013454858369414 8.0706082054891777 55.242091974618234 34.583004745210587 30.668240263640541
leaf_count=45641 83054 10434 1542 1822 1002 810 2354 20535 17548 1207 277 3883 4992 819
internal_value=-1.1875e-10 -0.000896873 -0.00784442 -0.00333871 0.00836954 -0.00934146 6.48095e-05 -0.000435936 0.00148131 0.00877738 -0.000308678 0.0010842 -0.0193573 0.0215101
internal_weight=1705.59 1448.98 167.479 136.305 44.8613 91.444 1281.5 1250.56 930.587 175.639 754.947 712.294 42.6536 66.6817
internal_count=195920 112866 15610 14068 2824 11244 97256 94902 74367 19574 54793 49524 5269 2026
is_linear=0
shrinkage=0.05


end of trees

feature_importances:
Column_44=129
Column_49=94
Column_1=87
Column_0=86
Column_2=82
Column_29=68
Column_19=64
Column_24=62
Column_3=60
Column_18=59
Column_20=57
Column_39=57
Column_34=53
Column_45=53
Column_15=52
Column_25=51
Column_35=49
Column_4=46
Column_22=41
Column_17=35
Column_21=34
Column_26=34
Column_40=32
Column_46=28
Column_30=27
Column_27=25
Column_48=25
Column_32=23
Column_31=22
Column_28=19
Column_36=19
Column_23=18
Column_47=18
Column_43=15
Column_33=14
Column_37=12
Column_42=10
Column_41=5
Column_53=5
Column_56=4
Column_50=2
Column_52=2
Column_16=1
Column_38=1

parameters:
[boosting: gbdt]
[objective: lambdarank]
[metric: ndcg]
[tree_learner: serial]
[device_type: cpu]
[data_sample_strategy: bagging]
[data: ]
[valid: ]
[num_iterations: 120]
[learning_rate: 0.05]
[num_leaves: 15]
[num_threads: 2]
[seed: 20260928]
[deterministic: 1]
[force_col_wise: 1]
[force_row_wise: 0]
[histogram_pool_size: -1]
[max_depth: -1]
[min_data_in_leaf: 100]
[min_sum_hessian_in_leaf: 0.001]
[bagging_fraction: 1]
[pos_bagging_fraction: 1]
[neg_bagging_fraction: 1]
[bagging_freq: 0]
[bagging_seed: 8287]
[bagging_by_query: 0]
[feature_fraction: 1]
[feature_fraction_bynode: 1]
[feature_fraction_seed: 24490]
[extra_trees: 0]
[extra_seed: 6370]
[early_stopping_round: 0]
[early_stopping_min_delta: 0]
[first_metric_only: 0]
[max_delta_step: 0]
[lambda_l1: 0]
[lambda_l2: 10]
[linear_lambda: 0]
[min_gain_to_split: 0]
[drop_rate: 0.1]
[max_drop: 50]
[skip_drop: 0.5]
[xgboost_dart_mode: 0]
[uniform_drop: 0]
[drop_seed: 1862]
[top_rate: 0.2]
[other_rate: 0.1]
[min_data_per_group: 100]
[max_cat_threshold: 32]
[cat_l2: 10]
[cat_smooth: 10]
[max_cat_to_onehot: 4]
[top_k: 20]
[monotone_constraints: ]
[monotone_constraints_method: basic]
[monotone_penalty: 0]
[feature_contri: ]
[forcedsplits_filename: ]
[refit_decay_rate: 0.9]
[cegb_tradeoff: 1]
[cegb_penalty_split: 0]
[cegb_penalty_feature_lazy: ]
[cegb_penalty_feature_coupled: ]
[path_smooth: 0]
[interaction_constraints: ]
[verbosity: -1]
[saved_feature_importance_type: 0]
[use_quantized_grad: 0]
[num_grad_quant_bins: 4]
[quant_train_renew_leaf: 0]
[stochastic_rounding: 1]
[linear_tree: 0]
[max_bin: 255]
[max_bin_by_feature: ]
[min_data_in_bin: 3]
[bin_construct_sample_cnt: 234767]
[data_random_seed: 5112]
[is_enable_sparse: 1]
[enable_bundle: 1]
[use_missing: 1]
[zero_as_missing: 0]
[feature_pre_filter: 1]
[pre_partition: 0]
[two_round: 0]
[header: 0]
[label_column: ]
[weight_column: ]
[group_column: ]
[ignore_column: ]
[categorical_feature: ]
[forcedbins_filename: ]
[precise_float_parser: 0]
[parser_config_file: ]
[objective_seed: 23271]
[num_class: 1]
[is_unbalance: 0]
[scale_pos_weight: 1]
[sigmoid: 1]
[boost_from_average: 1]
[reg_sqrt: 0]
[alpha: 0.9]
[fair_c: 1]
[poisson_max_delta_step: 0.7]
[tweedie_variance_power: 1.5]
[lambdarank_truncation_level: 110]
[lambdarank_norm: 1]
[label_gain: 0,1,2,3,4,5,6,7,8,9,10]
[lambdarank_position_bias_regularization: 0]
[eval_at: 1,2,3,4,5]
[multi_error_top_k: 1]
[auc_mu_weights: ]
[num_machines: 1]
[local_listen_port: 12400]
[time_out: 120]
[machine_list_filename: ]
[machines: ]
[gpu_platform_id: -1]
[gpu_device_id: -1]
[gpu_device_id_list: ]
[gpu_use_dp: 0]
[num_gpu: 1]

end of parameters

pandas_categorical:null
