tree
version=v4
num_class=1
num_tree_per_iteration=1
label_index=0
max_feature_idx=56
objective=binary sigmoid:1
feature_names=Column_0 Column_1 Column_2 Column_3 Column_4 Column_5 Column_6 Column_7 Column_8 Column_9 Column_10 Column_11 Column_12 Column_13 Column_14 Column_15 Column_16 Column_17 Column_18 Column_19 Column_20 Column_21 Column_22 Column_23 Column_24 Column_25 Column_26 Column_27 Column_28 Column_29 Column_30 Column_31 Column_32 Column_33 Column_34 Column_35 Column_36 Column_37 Column_38 Column_39 Column_40 Column_41 Column_42 Column_43 Column_44 Column_45 Column_46 Column_47 Column_48 Column_49 Column_50 Column_51 Column_52 Column_53 Column_54 Column_55 Column_56
feature_infos=[0:0.016393441706895828] [0:0.016393441706895828] [0:0.016393441706895828] [0:0.016393441706895828] [0:0.016393441706895828] [0:1] [0:1] [0:1] [0:1] [0:1] [0:1] [0:1] [0:1] [0:1] [0:1] [0.0062500000931322575:0.081967204809188843] [1:5] [0.0090909088030457497:0.090909093618392944] [0:6.6895990371704102] [0:0.77839994430541992] [0:0.11172740161418915] [0:0.93925231695175171] [0:6.8012828826904297] [0:6.3189682960510254] [0:0.95427113771438599] [0:0.11945150047540665] [0:0.9943925142288208] [0:6.3595738410949707] [0:6.1737861633300781] [0:0.98788601160049438] [0:0.34936872124671936] [0:0.99781179428100586] [0:6.2146081924438477] [0:4.2904596328735352] [0:0.77722275257110596] [0:0.23415222764015198] [0:0.9838709831237793] [0:4.3438053131103516] [0:3.0910425186157227] [0:0.76487702131271362] [0:0.22467887401580811] [0:0.95652174949645996] [0:3.0910425186157227] [0:6.1841487884521484] [0:0.97746598720550537] [0:0.25362327694892883] [0:0.99352049827575684] [0:6.226536750793457] [0:1.0000004768371582] [0:1.0000003576278687] [0:0.43075147271156311] [0:1] [0:1] [0:1] [0:1] [0:1] [0:1]
tree_sizes=1695 1762 1767 1771 1778 1779 1779 1789 1778 1787 1773 1769 1773 1777 1772 1782 1789 1769 1794 1797 1791 1765 1776 1790 1790 1788 1783 1781 1787 1792 1783 1792 1780 1780 1783 1782 1791 1789 1798 1792 1799 1788 1787 1777 1791 1795 1793 1789 1796 1772 1789 1774 1783 1795 1770 1786 1796 1766 1788 1785 1798 1762 1797 1787 1792 1793 1781 1793 1781 1792 1791 1780 1793 1785 1778 1790 1798 1797 1787 1771 1781 1789 1787 1793 1798 1796 1785 1785 1786 1789 1798 1777 1783 1790 1801 1784 1800 1762 1780 1788 1760 1776 1782 1777 1778 1755 1784 1776 1773 1802 1755 1786 1803 1804 1788 1764 1801 1762 1787 1789

Tree=0
num_leaves=15
num_cat=0
split_feature=27 33 56 28 27 31 48 28 37 27 36 43 22 36
split_gain=30581.9 6181.41 9923.62 9868.75 7691.92 14750.8 6853.77 4962.01 4797.2 6515.6 4599.75 3891.25 2859.78 2470.28
threshold=3.113268375396729 1.2424533367156985 1.0000000180025095e-35 3.8606742620468144 5.349008560180665 0.80981242656707775 0.35822707414627081 1.0000000180025095e-35 1.2424533367156985 6.3587081432342538 0.7379862666130067 6.0969495773315439 6.7900948524475107 0.47885645925998693
decision_type=2 2 2 2 2 2 2 2 2 2 2 2 2 2
left_child=12 2 7 6 5 -3 -4 11 13 -10 -5 -2 -1 -9
right_child=1 4 3 10 -6 -7 -8 8 9 -11 -12 -13 -14 -15
leaf_value=1.0043089668465748 1.0143029117954803 1.2534472851080984 1.0443424204088507 1.0613500436707217 1.2745019198916145 1.0875267471687788 1.2532996951159592 1.1194184869588999 1.2140233715338704 1.0085652275952648 1.2776146244647697 1.2713318436590133 1.1112441294985849 1.2486094918135082
leaf_weight=1483.5046683168039 453.61637246236205 4646.0135496221483 464.11109821125865 2447.3353419825435 10762.187973515596 1870.6516020316631 2267.6256598196924 371.43014102336019 1559.2847440373152 502.81838285923004 267.81478881835938 210.41731178760529 1137.5287661850452 12979.913674449082
leaf_count=9456 831 16039 329 4150 31520 9929 4413 3147 9612 327 160 286 3923 140644
internal_value=1.21511 1.2263 1.20842 1.15015 1.24856 1.2057 1.21731 1.22818 1.23398 1.16317 1.08283 1.09538 1.05015 1.24495
internal_weight=41424.3 38803.2 21524.4 5446.89 17278.9 6516.67 2731.74 16077.5 15413.4 2062.1 2715.15 664.034 2621.03 13351.3
internal_count=234766 221387 163899 9052 57488 25968 4742 154847 153730 9939 4310 1117 13379 143791
is_linear=0
shrinkage=1


Tree=1
num_leaves=15
num_cat=0
split_feature=27 31 32 28 48 37 33 46 32 23 43 22 47 22
split_gain=25453.5 5801.84 12056.6 8476.4 6821.1 4720.86 4453.66 5809.68 4694 4434.68 3262.13 3202.28 2983.33 2851.73
threshold=3.113268375396729 0.75882840156555187 6.1354806423187265 1.0000000180025095e-35 0.71990063786506664 3.1984648704528813 0.89587974548339855 0.6431339979171754 4.1026091575622567 4.6491756439208993 6.0969495773315439 6.7996129989624032 6.2255475521087655 6.7804884910583505
decision_type=2 2 2 2 2 2 2 2 2 2 2 2 2 2
left_child=-1 3 4 9 5 11 8 -8 12 10 -2 -3 -6 -10
right_child=1 2 -4 -5 6 -7 7 -9 13 -11 -12 -13 -14 -15
leaf_value=-0.14381715901317579 -0.16184895841230451 -0.0074798028187235818 0.039785301359162223 0.043923438903846167 0.011331898187938991 0.050453977380597086 -0.11506813345901223 0.036997001548578316 0.01576707309521647 0.062496141607999059 0.055185311887873061 -0.15374038318157413 -0.17414256221784319 -0.1305741615292606
leaf_weight=2850.8552421145141 994.70037671551108 455.015413523186 8488.590254906565 15450.920341974124 2375.7366655133665 426.49093791469932 721.84600899741054 4426.1837631794624 403.82890515401959 421.16443276405334 203.98535227775574 2125.8503873944283 228.48982286453247 1833.0878542438149
leaf_count=13379 1140 3251 29763 132257 14447 1194 7948 13015 12405 1014 286 1785 227 2655
internal_value=8.16391e-05 0.0107562 -0.00653268 0.0325068 -0.0367923 -0.10268 -0.0168732 0.015493 -0.0512521 -0.0759915 -0.124764 -0.128083 -0.00554516 -0.104203
internal_weight=41406.7 38555.9 21485.1 17070.8 12996.5 3007.36 9989.17 5148.03 4841.14 1619.85 1198.69 2580.87 2604.23 2236.92
internal_count=234766 221387 86690 134697 56927 6230 50697 20963 29734 2440 1426 5036 14674 15060
is_linear=0
shrinkage=0.05


Tree=2
num_leaves=15
num_cat=0
split_feature=27 33 56 27 31 28 48 28 37 27 36 43 22 43
split_gain=21594.3 5404.37 7577.52 7034.79 11227.7 6765.45 4965.39 3744.33 4422.06 5283.57 3162.87 2555.21 2467.85 2723.67
threshold=3.113268375396729 1.2424533367156985 1.0000000180025095e-35 5.349008560180665 0.80981242656707775 3.8606742620468144 0.35822707414627081 1.0000000180025095e-35 1.2424533367156985 6.3587081432342538 0.7379862666130067 6.0969495773315439 6.7984981536865243 3.4811217784881596
decision_type=2 2 2 2 2 2 2 2 2 2 2 2 2 2
left_child=-1 2 7 4 12 6 -4 11 -9 -10 -7 -2 13 -3
right_child=1 3 5 -5 -6 10 -8 8 9 -11 -12 -13 -14 -15
leaf_value=-0.12783561416540945 -0.15323113353117079 -0.1513992651486015 -0.13165781926219577 0.057661403421201719 -0.10427906869740021 -0.12132912993181322 0.036074136499656816 0.028040773159411753 -0.002415636671766387 -0.18211246934109745 0.06106077151406774 0.054199250900975209 0.052414510187362762 0.041398672486905846
leaf_weight=3042.6956698461436 538.75386976450682 331.28819676861167 542.68337225914001 10174.985246328171 2084.4283921513706 2803.422006174922 2177.9629776664078 12957.251802004408 1536.5724826250225 547.60187268257141 253.65555906295776 197.65473675727844 3729.6644635796547 388.31735920533538
leaf_count=13379 831 2217 329 31520 9929 4150 4413 143791 9612 327 160 286 3282 10540
internal_value=0.00014219 0.0103495 -0.00619456 0.0316835 -0.00879829 -0.0551317 0.00225726 0.0117494 0.0171631 -0.0502739 -0.106046 -0.0975758 0.0360668 -0.0482192
internal_weight=41306.9 38264.2 21555.6 16708.7 6533.7 5777.72 2720.65 15777.8 15041.4 2084.17 3057.08 736.409 4449.27 719.606
internal_count=234766 221387 163899 57488 25968 9052 4742 154847 153730 9939 4310 1117 16039 12757
is_linear=0
shrinkage=0.05


Tree=3
num_leaves=15
num_cat=0
split_feature=27 31 32 28 48 33 46 32 37 23 31 48 22 43
split_gain=18585.8 5066.76 10320.1 6996.34 5038.87 3695.37 4519.17 3508.42 3473.94 3269.02 2554.9 2315 6338.43 2227.88
threshold=3.113268375396729 0.75882840156555187 6.1354806423187265 1.0000000180025095e-35 0.71990063786506664 0.89587974548339855 0.6431339979171754 4.1026091575622567 3.1984648704528813 4.6491756439208993 0.8521554470062257 0.61870285868644725 6.8007264137268075 6.0969495773315439
decision_type=2 2 2 2 2 2 2 2 2 2 2 2 2 2
left_child=-1 3 4 9 8 7 -7 10 -3 13 -6 12 -4 -2
right_child=1 2 11 -5 5 6 -8 -9 -10 -11 -12 -13 -14 -15
leaf_value=-0.11530746990151604 -0.12882690960394541 -0.10706399989382864 0.051452649217849623 0.041910539268243022 0.042356298705338156 -0.094108488044335456 0.034964279699507758 -0.089640308925333978 0.048561700162294177 0.060849132691857925 -0.056589200793122976 0.051335262443130858 -0.1596667976203229 0.053254087885477454
leaf_weight=3201.2501468150876 1127.0369450040162 2826.4132065745071 1117.6189698576927 14764.497772359289 1331.0069364197552 796.86622395738959 4246.1713522076607 2399.7694983952679 404.62041711434722 392.69440186023712 1260.6760829985142 6552.053010802716 509.33502411842346 191.4402619600296
leaf_count=13379 1140 5036 4659 132257 6192 7948 13015 15060 1194 1014 8482 24823 281 286
internal_value=0.000191054 0.00996935 -0.00605084 0.0308121 -0.0332779 -0.0157537 0.0144232 -0.0462104 -0.0874854 -0.0646361 -0.00580642 0.0380954 -0.0152121 -0.102187
internal_weight=41121.5 37920.2 21444.5 16475.7 13265.5 10034.5 5043.04 4991.45 3231.03 1711.17 2591.68 8179.01 1626.95 1318.48
internal_count=234766 221387 86690 134697 56927 50697 20963 29734 6230 2440 14674 29763 4940 1426
is_linear=0
shrinkage=0.05


Tree=4
num_leaves=15
num_cat=0
split_feature=27 37 36 28 31 56 22 36 22 22 36 36 36 43
split_gain=16172.8 4788.26 9645.06 6146.79 4466.84 6409.02 4444.9 3593.9 6476.34 3549.56 2885.35 2182.43 1959.49 1892.3
threshold=3.113268375396729 3.1984648704528813 0.41885964572429663 1.0000000180025095e-35 0.75882840156555187 1.0000000180025095e-35 6.7804884910583505 0.63397127389907848 6.7984981536865243 6.7996129989624032 0.93276837468147289 0.70900535583496105 0.57793521881103527 6.0969495773315439
decision_type=2 2 2 2 2 2 2 2 2 2 2 2 2 2
left_child=-1 2 9 13 10 7 -3 8 -6 -2 -5 12 -7 -4
right_child=1 6 3 4 5 11 -8 -9 -10 -11 -12 -13 -14 -15
leaf_value=-0.10518453840991351 -0.0092161331007972261 -0.088744921858665962 -0.11736185029464952 0.044888940805997847 0.037687683831027496 -0.034267761136169778 0.057522475895724706 0.046494295257942277 -0.070536261814130183 -0.12193289037071242 -0.124939772170958 0.0093743002096704046 -0.11344810201329497 0.052345339009259355
leaf_weight=3331.2079043071717 1071.2095569837838 554.41462791711092 1154.1445517390966 10314.120617171284 3120.27087692637 1538.9701823070645 6663.4622317366302 5608.2533090109937 2465.9186211824417 2006.5927755832672 246.91658964473754 1012.9760308861732 1603.4453979060054 185.35411643981934
leaf_count=13379 10671 9648 1103 118252 34188 1785 14540 21761 2220 1486 945 1165 3337 286
internal_value=0.000230942 0.00960926 0.000893293 0.0103797 0.0157925 -0.00143133 0.0461802 0.0182559 -0.0101264 -0.0828594 0.0408039 -0.0543844 -0.0749019 -0.0936646
internal_weight=40877.3 37546 30328.2 27250.4 25910.9 15349.8 7217.88 11194.4 5586.19 3077.8 10561 4155.39 3142.42 1339.5
internal_count=234766 221387 197199 185042 183653 64456 24188 58169 36408 12157 119197 6287 5122 1389
is_linear=0
shrinkage=0.05


Tree=5
num_leaves=15
num_cat=0
split_feature=27 37 36 28 31 56 22 36 22 32 36 36 36 43
split_gain=14195 4478.85 8487.11 5468.7 4161.44 5712.49 4080.33 3349.79 5734.38 3179.25 2565.66 1879.55 1829.3 1962.93
threshold=3.113268375396729 3.1984648704528813 0.41885964572429663 1.0000000180025095e-35 0.75882840156555187 1.0000000180025095e-35 6.7804884910583505 0.63397127389907848 6.7984981536865243 4.8531885147094735 0.93276837468147289 0.70900535583496105 0.59870129823684703 6.0602900981903085
decision_type=2 2 2 2 2 2 2 2 2 2 2 2 2 2
left_child=-1 2 9 -4 10 7 -3 8 -6 -2 -5 -7 13 -10
right_child=1 6 3 4 5 11 -8 -9 12 -11 -12 -13 -14 -15
leaf_value=-0.096806433367778916 -0.098445266767903536 -0.081547338469337038 -0.086978912639561479 0.043845820056596367 0.036624532225184699 -0.06913954568881911 0.056664995653029862 0.045450436480586734 -0.081187981491076144 0.03628899606930807 -0.11159840112725641 0.0089569794383705242 -0.14030965066194678 0.021083390698344875
leaf_weight=3436.475336604286 2651.7633212972432 573.53813476115465 1369.599671266973 10038.813402335392 3052.3430289714597 3232.3289772197604 6432.1106592826545 5454.3720735330135 1176.7799190282822 518.62376091675833 263.34699475718662 1007.7659463398159 602.19135302305222 770.2779632806778
leaf_count=13379 6790 9648 1389 118252 34188 5122 14540 21761 1085 5367 945 1165 322 813
internal_value=0.000264052 0.00926846 0.00089235 0.00999923 0.0152199 -0.00132887 0.0452497 0.017596 -0.00955893 -0.0763601 0.0397679 -0.0506005 -0.0647837 -0.0408273
internal_weight=40580.3 37143.9 30138.2 26967.8 25598.2 15296.1 7005.65 11056 5601.59 3170.39 10302.2 4240.09 2549.25 1947.06
internal_count=234766 221387 197199 185042 183653 64456 24188 58169 36408 12157 119197 6287 2220 1898
is_linear=0
shrinkage=0.05


Tree=6
num_leaves=15
num_cat=0
split_feature=27 37 36 28 31 44 22 36 32 48 27 36 22 32
split_gain=12545.2 4191.77 7495.93 4867.86 3875.55 5151.6 3759.93 2934.61 2729.51 2420.18 2609.08 2300.08 1971.94 1986.71
threshold=3.113268375396729 3.1984648704528813 0.41885964572429663 1.0000000180025095e-35 0.75882840156555187 0.12810095399618152 6.7804884910583505 0.70900535583496105 4.8531885147094735 0.6113148331642152 6.3534996509552011 0.93276837468147289 6.7996129989624032 4.0251922607421884
decision_type=2 2 2 2 2 2 2 2 2 2 2 2 2 2
left_child=-1 2 8 -4 11 7 -3 12 -2 10 -7 -5 13 -6
right_child=1 6 3 4 5 9 -8 -9 -10 -11 -12 -13 -14 -15
leaf_value=-0.089735380560473282 -0.090317750880480205 -0.075362563346794781 -0.08072214783343068 0.042826184386809157 -0.077924224422838306 0.057132630374229644 0.055846735899171211 0.026825122727066678 0.035222349533696802 0.034754075258429794 -0.1284561592318704 -0.10083360971077882 -0.074753527129734765 0.02081693990774712
leaf_weight=3520.3685322841629 2744.2159709315747 589.94764882698655 1401.8583146929741 9771.0310330339707 771.37048455327749 300.65473971609026 6205.9279194809496 1607.1373331844807 508.18453328125179 7361.3899282529019 481.30111894011497 277.56003140890971 3236.3570072650909 1455.2395285270177
leaf_count=13379 6790 9648 1389 118252 7147 2309 14540 3721 5367 37724 252 945 2584 10719
internal_value=0.000290369 0.00894512 0.000887462 0.00963719 0.0146814 -0.00123881 0.0443625 -0.0324406 -0.0706544 0.0258573 -0.0572786 0.0387617 -0.049893 -0.0135857
internal_weight=40232.5 36712.2 29916.3 26663.9 25262 15213.5 6795.88 7070.1 3252.4 8143.35 781.956 10048.6 5462.97 2226.61
internal_count=234766 221387 197199 185042 183653 64456 24188 24171 12157 40285 2561 119197 20450 17866
is_linear=0
shrinkage=0.05


Tree=7
num_leaves=15
num_cat=0
split_feature=27 37 36 28 31 32 22 48 22 48 36 22 36 22
split_gain=11148.8 3925.72 6652.36 4349.54 3610.59 4850.38 3475.54 2966.36 2509.78 2403.58 2121.09 3213.54 2074.71 1775.37
threshold=3.113268375396729 3.1984648704528813 0.41885964572429663 1.0000000180025095e-35 0.75882840156555187 6.1354806423187265 6.7804884910583505 0.6113148331642152 6.7996129989624032 0.57921245694160473 0.70900535583496105 6.7996129989624032 0.93276837468147289 6.7900948524475107
decision_type=2 2 2 2 2 2 2 2 2 2 2 2 2 2
left_child=13 2 8 -4 12 10 -3 9 -2 -7 11 -6 -5 -1
right_child=1 6 3 4 5 7 -8 -9 -10 -11 -12 -13 -14 -15
leaf_value=-0.11411634858791704 -0.0045787937297649007 -0.069977235623259387 -0.075270369316374541 0.041827652376618243 -0.0016222225657918426 0.056037985272866124 0.055063408094093082 0.045627416631569606 -0.096560997679775995 -0.11991768514139814 0.020489532362764847 -0.070180502478134094 -0.091937931948242707 -0.042683241423823071
leaf_weight=2047.1415612343699 1117.0006438610144 603.96839962899685 1428.2255492284894 9510.9782463591546 3205.5158763192594 298.46376296877861 5985.2505352981389 5476.6542797759175 2202.6781116724014 520.74101519584656 1978.4145179539919 3652.9648512005806 289.82361212885007 1538.5958372801542
leaf_count=9456 10671 9648 1389 118252 29599 2244 14540 23608 1486 288 5929 2788 945 3923
internal_value=0.000309586 0.00863255 0.000877004 0.00928486 0.0141565 -0.0011597 0.0435135 0.0323481 -0.0657177 -0.0559084 -0.0250419 -0.0381868 0.0377823 -0.0836692
internal_weight=39856.4 36270.7 29681.5 26361.8 24933.6 15132.8 6589.22 6295.86 3319.68 819.205 8836.9 6858.48 9800.8 3585.74
internal_count=234766 221387 197199 185042 183653 64456 24188 26140 12157 2532 38316 32387 119197 13379
is_linear=0
shrinkage=0.05


Tree=8
num_leaves=15
num_cat=0
split_feature=27 37 36 28 31 32 22 48 22 32 48 36 47 47
split_gain=9967.16 3677.8 5938.8 3899.61 3362.18 4428.15 3221.03 2763.18 2620.53 2199.94 1963.29 1880.28 1628.31 1596.94
threshold=3.113268375396729 3.1984648704528813 0.41885964572429663 1.0000000180025095e-35 0.75882840156555187 6.1354806423187265 6.7804884910583505 0.63797730207443248 6.8007264137268075 4.8531885147094735 0.71990063786506664 0.93276837468147289 4.3372693061828622 6.2255475521087655
decision_type=2 2 2 2 2 2 2 2 2 2 2 2 2 2
left_child=-1 2 9 13 11 10 -3 8 -7 -2 12 -5 -6 -4
right_child=1 6 3 4 5 7 -8 -9 -10 -11 -12 -13 -14 -15
leaf_value=-0.078499206343090155 -0.078357602719362748 -0.06523466399751153 -0.092849773605894553 0.040848151248804747 0.040937859140980193 0.048995689297531231 0.054311149694196238 0.046439129390742205 -0.11220737635358605 0.034597065743310715 -0.011158059020566482 -0.084442507582445481 -0.08688651602164614 0.050302374689651513
leaf_weight=3630.5233020903543 2867.7667539082468 615.88559962809086 1224.7521285861731 9258.79448293522 286.81263156794012 432.07881703227758 5770.3418775014579 5128.0993179865181 580.6071457862854 501.10530345374718 6949.4946822705679 300.36944440612569 1656.9734077122994 224.71774363517761
leaf_count=13379 6790 9648 1086 118252 1016 2750 14540 23117 273 5367 34163 945 3137 303
internal_value=0.000323026 0.00833667 0.00086366 0.00895195 0.0136593 -0.00108633 0.0426982 0.0315404 -0.0436209 -0.0615034 -0.0236251 0.0368271 -0.0679126 -0.0704637
internal_weight=39428.3 35797.8 29411.6 26042.7 24593.2 15034.1 6386.23 6140.79 1012.69 3368.87 8893.28 9559.16 1943.79 1449.47
internal_count=234766 221387 197199 185042 183653 64456 24188 26140 3023 12157 38316 119197 4153 1389
is_linear=0
shrinkage=0.05


Tree=9
num_leaves=15
num_cat=0
split_feature=27 37 36 32 31 32 22 48 22 22 36 22 36 22
split_gain=8933.26 3446.69 5309.41 3524.65 3128.59 4044.82 2991.72 2563.42 2343.85 2050.47 1833.27 2671.14 1709.66 1569.25
threshold=3.113268375396729 3.1984648704528813 0.41885964572429663 1.0000000180025095e-35 0.75882840156555187 6.1354806423187265 6.7804884910583505 0.63797730207443248 6.8007264137268075 6.7996129989624032 0.70900535583496105 6.7996129989624032 0.93276837468147289 6.7900948524475107
decision_type=2 2 2 2 2 2 2 2 2 2 2 2 2 2
left_child=13 2 9 -4 12 10 -3 8 -7 -2 11 -6 -5 -1
right_child=1 6 3 4 5 7 -8 -9 -10 -11 -12 -13 -14 -15
leaf_value=-0.102153238916602 -0.0026565803158520996 -0.061017159248903066 -0.066800750830447272 0.039861209551847659 -0.00088324829965467162 0.048089804110478002 0.053586478461641773 0.045500762907480501 -0.10531433629806229 -0.084903605011686895 0.020270068958017352 -0.062833230830192877 -0.078024063491902371 -0.035791111137145448
leaf_weight=2092.6186206457205 1133.9862712430768 625.95033721253276 1451.0048305392265 9017.9341635338496 3230.4586124308407 418.73587690293789 5561.4006459377706 4976.250507466495 588.11756372451782 2278.3469720482826 1969.4772331146523 3762.1555902957916 309.39982532523572 1573.2525857537985
leaf_count=9456 10671 9648 1379 118262 29599 2750 14540 23117 273 1486 5929 2788 945 3923
internal_value=0.000334942 0.00805243 0.000849872 0.00863069 0.0131656 -0.00101965 0.0419127 0.0307863 -0.0416702 -0.0576589 -0.022264 -0.0342556 0.0358714 -0.073848
internal_weight=38989.1 35323.2 29135.9 25723.5 24272.5 14945.2 6187.35 5983.1 1006.85 3412.33 8962.09 6992.61 9327.33 3665.87
internal_count=234766 221387 197199 185042 183663 64456 24188 26140 3023 12157 38316 32387 119207 13379
is_linear=0
shrinkage=0.05


Tree=10
num_leaves=15
num_cat=0
split_feature=27 37 36 22 47 37 47 37 22 41 22 37 32 31
split_gain=8047.49 3230.78 4890.27 5091.21 5829.8 5490.93 3176.54 3903.13 2783.95 2063.23 2063.04 1780.26 1549.93 3299.97
threshold=3.113268375396729 3.1984648704528813 0.63397127389907848 6.7984981536865243 4.3502571582794198 2.7403194904327397 6.2215831279754648 1.0000000180025095e-35 6.7804884910583505 0.82971012592315685 6.7996129989624032 1.4978661537170412 4.0251922607421884 0.82157495617866527
decision_type=2 2 2 2 2 2 2 2 2 2 2 2 2 2
left_child=-1 2 3 11 5 -5 -6 -8 -3 12 -11 -2 13 -4
right_child=1 8 9 4 6 -7 7 -9 -10 10 -12 -13 -14 -15
leaf_value=-0.069842072124649421 0.037768293646896718 -0.057234613012030866 0.032450923437129846 0.058847290342394269 -0.078025228478151867 -0.078700020750502864 0.037714572433036365 -0.082273773974451861 0.052886238258205431 0.053649954281913409 -0.10837977203819096 -0.035402612058387288 0.048298925206644264 -0.072341863725043143
leaf_weight=3682.8648599851876 4451.4809476479422 634.38425775244832 3397.5124890170991 2538.9104655981064 5670.0105345845222 1004.707143753767 1607.3479482233524 1156.9759085476398 5358.5695043541491 302.47821776196361 525.7680526971817 1013.278398854658 6207.0806821498554 953.85866158269346
leaf_count=13379 120741 9648 16287 3287 4517 842 1635 889 14540 992 474 9993 33225 4317
internal_value=0.000341883 0.00778256 0.000833675 -0.0158017 -0.0340391 0.0197374 -0.0566295 -0.0126207 0.0411535 0.0263081 -0.0492719 0.024161 0.0322779 0.00936623
internal_weight=38505.2 34822.4 28829.4 17442.7 11978 3543.62 8434.33 2764.32 5992.95 11386.7 828.246 5464.76 10558.5 4351.37
internal_count=234766 221387 197199 141904 11170 4129 7041 2524 24188 55295 1466 130734 53829 20604
is_linear=0
shrinkage=0.05


Tree=11
num_leaves=15
num_cat=0
split_feature=27 37 36 22 47 37 47 37 22 41 22 37 32 31
split_gain=7258.3 3026.77 4483.59 4607.99 5197.43 5034.24 2756.29 3504.11 2594.78 1894.34 1840 1636.68 1480.2 2951.49
threshold=3.113268375396729 3.1984648704528813 0.63397127389907848 6.7984981536865243 4.3502571582794198 2.7403194904327397 6.2215831279754648 1.0000000180025095e-35 6.7804884910583505 0.82971012592315685 6.7996129989624032 1.4978661537170412 4.0251922607421884 0.82157495617866527
decision_type=2 2 2 2 2 2 2 2 2 2 2 2 2 2
left_child=-1 2 3 11 5 -5 -6 -8 -3 12 -11 -2 13 -4
right_child=1 8 9 4 6 -7 7 -9 -10 10 -12 -13 -14 -15
leaf_value=-0.066120131081256736 0.036779291722188058 -0.053816864671155464 0.031484032481885055 0.057963188609470487 -0.073004785419544124 -0.07378429597202589 0.036723039073330715 -0.077079733479720081 0.052207562583593263 0.052841077511069173 -0.1013817379260686 -0.033004015794106736 0.047401381582872881 -0.06672995198804707
leaf_weight=3695.8478428027593 4345.6128365853801 641.38346139714122 3328.8376727662981 2451.1370659470558 5755.2827394008636 1018.3519904017448 1569.4534732997417 1173.4136617779732 5161.942294895649 292.16828531399369 534.40391278266907 1032.7769705399405 6013.5105810859241 982.43463304452598
leaf_count=13379 120741 9648 16287 3287 4517 842 1635 889 14540 992 474 9993 33225 4317
internal_value=0.000357082 0.00753708 0.000829382 -0.0150696 -0.0323377 0.0191922 -0.0533733 -0.0120656 0.0404173 0.0255517 -0.0468886 0.0233429 0.0313909 0.00900081
internal_weight=37996.6 34300.7 28497.4 17346 11967.6 3469.49 8498.15 2742.87 5803.33 11151.4 826.572 5378.39 10324.8 4311.27
internal_count=234766 221387 197199 141904 11170 4129 7041 2524 24188 55295 1466 130734 53829 20604
is_linear=0
shrinkage=0.05


Tree=12
num_leaves=15
num_cat=0
split_feature=27 37 36 22 47 37 22 47 37 41 22 37 22 32
split_gain=6561.78 2836.07 4113.81 4177.92 4647.86 4626.77 2421.85 2404.91 3155.41 1741.58 1651.88 1505.71 1456.53 1412.86
threshold=3.113268375396729 3.1984648704528813 0.63397127389907848 6.7984981536865243 4.3502571582794198 2.7403194904327397 6.7804884910583505 6.2215831279754648 1.0000000180025095e-35 0.82971012592315685 6.7996129989624032 1.4978661537170412 6.7900948524475107 4.0251922607421884
decision_type=2 2 2 2 2 2 2 2 2 2 2 2 2 2
left_child=12 2 3 11 5 -5 -3 -6 -9 13 -11 -2 -1 -4
right_child=1 6 9 4 7 -7 -8 8 -10 10 -12 -13 -14 -15
leaf_value=-0.090117326985750049 0.035807608612349856 -0.050708486373183072 0.0086505658317374071 0.057117607295617379 -0.068538291769273826 -0.069415629554809066 0.051547838965267982 0.035749257208188293 -0.072468028515376176 0.052059604298693454 -0.095421524723576637 -0.03081979840656365 -0.026649186990784418 0.046521819349934157
leaf_weight=2096.0926623819396 4243.2624574804213 647.1216804459691 4270.3263468723744 2365.3800907731056 5822.6289154589176 1028.6642478108406 4971.5702734328806 1532.8086311221123 1185.972801566124 282.13168482668698 539.8627964258194 1050.8952954187989 1603.8658900558949 5825.8245851721149
leaf_count=9456 120741 9648 20604 3287 4517 842 14540 1635 889 992 474 9993 3923 33225
internal_value=0.000369004 0.00730191 0.000822688 -0.014391 -0.0307814 0.0186768 0.0397015 -0.0504331 -0.0115493 0.0248221 -0.0447845 0.0225488 -0.062751 0.030528
internal_weight=37466.4 33766.4 28147.8 17229.6 11935.5 3394.04 5618.69 8541.41 2718.78 10918.1 821.994 5294.16 3699.96 10096.2
internal_count=234766 221387 197199 141904 11170 4129 24188 7041 2524 55295 1466 130734 13379 53829
is_linear=0
shrinkage=0.05


Tree=13
num_leaves=15
num_cat=0
split_feature=27 37 36 22 47 37 22 47 37 41 22 22 22 49
split_gain=5956.87 2658.34 3771.05 3793.51 4167.19 4261.04 2263.19 2108.19 2848.55 1600.14 1491.06 1436.91 2892.02 1772.37
threshold=3.113268375396729 3.1984648704528813 0.63397127389907848 6.7984981536865243 4.3502571582794198 2.7403194904327397 6.7804884910583505 6.2215831279754648 1.0000000180025095e-35 0.82971012592315685 6.7996129989624032 6.7929053306579599 6.7804884910583505 0.10590203851461412
decision_type=2 2 2 2 2 2 2 2 2 2 2 2 2 2
left_child=-1 2 3 11 5 -5 -3 -6 -9 -4 -11 12 -2 -14
right_child=1 6 9 4 7 -7 -8 8 -10 10 -12 -13 13 -15
leaf_value=-0.05982037274910227 0.044056864640551967 -0.047865118617752493 0.029620961989963585 0.056306523569016692 -0.064528095644873065 -0.06549690532147863 0.050904681891982606 0.034792196031146604 -0.068333964138502817 0.051302447622858474 -0.090274607831957579 0.050826204367896789 -0.11617963699395571 -0.00054351537335233251
leaf_weight=3688.5500566330738 1559.3834959384985 651.7529907785356 9893.0706307052169 2281.7492597401142 5874.4563131928444 1036.0910698771477 4787.4682795740664 1497.4099709689617 1195.1850798130035 272.37646093033254 542.59788060188293 2335.2911926805973 628.99475793540478 688.49255534261465
leaf_count=13379 107753 9648 53829 3287 4517 842 14540 1635 889 992 474 9890 5639 7452
internal_value=0.00037515 0.00706999 0.000811396 -0.0137587 -0.0293485 0.0181874 0.0390035 -0.0477579 -0.0110668 0.0240659 -0.0429092 0.0217777 -0.00189676 -0.0562098
internal_weight=36932.9 33244.3 27805.1 17097.1 11884.9 3317.84 5439.22 8567.05 2692.6 10708 814.974 5212.16 2876.87 1317.49
internal_count=234766 221387 197199 141904 11170 4129 24188 7041 2524 55295 1466 130734 120844 13091
is_linear=0
shrinkage=0.05


Tree=14
num_leaves=15
num_cat=0
split_feature=18 37 47 43 22 36 54 47 31 32 36 27 33 37
split_gain=5645.11 2770.6 3408.58 2463.48 1978.4 1786.89 2281.27 2612.93 2029.39 1775.2 2549.41 1390.92 1287.99 1286.22
threshold=5.6112999916076669 3.1984648704528813 4.9927642345428476 2.9700856208801274 6.7804884910583505 0.41885964572429663 1.0000000180025095e-35 4.770540952682496 0.82157495617866527 4.1190040111541757 0.63397127389907848 3.113268375396729 2.0126758217811589 1.8688347935676577
decision_type=2 2 2 2 2 2 2 2 2 2 2 2 2 2
left_child=-1 2 3 -2 -3 -5 7 8 9 11 -11 -7 -9 -10
right_child=1 4 -4 5 -6 6 -8 12 13 10 -12 -13 -14 -15
leaf_value=-0.085704365647632896 0.037943140264804359 -0.045144993701316999 0.025963499705542743 -0.055570912665623709 0.046680870231179963 -0.0396352086490072 -0.0691423253812221 -0.095881976918926304 -0.0090880988275706277 -0.063278021169079851 0.042841690614426005 0.031716411988544572 0.042845588515443483 -0.075494056334104442
leaf_weight=1799.6895454751793 2175.9704314097762 653.50848621875048 8111.4771242898423 2716.7495273500681 5167.5202091708779 752.06063137203455 1548.9523992538452 1053.7276576422155 1957.6331462673843 1545.003558287397 881.15903072990477 6686.0596147682518 192.55712783336639 1155.1049575470388
leaf_count=6116 5450 9616 124636 6510 16002 2850 6152 4407 8332 3114 9475 29997 453 1656
internal_value=0.000382434 0.00488396 -0.00148387 -0.0122649 0.0363121 -0.0181912 -0.0117215 -0.00542407 0.00124056 0.0123504 -0.0247187 0.0244586 -0.0742775 -0.0338935
internal_weight=36397.2 34597.5 28776.5 20665 5821.03 18489 15772.3 14223.3 12977 9864.28 2426.16 7438.12 1246.28 3112.74
internal_count=234766 228650 203032 78396 25618 72946 66436 60284 55424 45436 12589 32847 4860 9988
is_linear=0
shrinkage=0.05


Tree=15
num_leaves=15
num_cat=0
split_feature=18 37 47 43 27 36 56 22 37 22 36 47 33 47
split_gain=5121.19 2576.82 3114.96 2267.68 2656.45 2301.99 2540.14 1839.07 1703.32 1627.1 1569.12 1543.3 1356.99 1285.56
threshold=5.6112999916076669 3.1984648704528813 4.9927642345428476 4.0859410762786874 3.113268375396729 0.63397127389907848 1.0000000180025095e-35 6.7804884910583505 3.0129330158233647 6.7804884910583505 0.93276837468147289 4.3502571582794198 0.89587974548339855 4.3502571582794198
decision_type=2 2 2 2 2 2 2 2 2 2 2 2 2 2
left_child=-1 2 3 4 -2 9 -7 -3 10 -5 11 -6 -8 -11
right_child=1 7 -4 5 8 6 12 -9 -10 13 -12 -13 -14 -15
leaf_value=-0.081748986491649397 -0.051580899110160172 -0.042737482951007572 0.025067543227872913 0.054969110380181242 0.043681465832503874 0.041229761147968759 -0.083642054138737487 0.045794350181440902 -0.05328411510666356 -0.0055139246680246824 -0.083615582396987451 -0.023115966176579544 0.0058185620973032585 -0.057798269264880214
leaf_weight=1793.0626444108784 1573.4313445314765 656.29316785931587 7984.9618313550018 402.11288101784885 5341.7450968381017 2154.5612038467079 868.41294599324465 5008.4384131468832 710.80086842179298 1471.9384705722332 293.23259702324867 1024.8012606017292 816.85772259533405 5875.8569655269384
leaf_count=6116 7676 9616 124636 8012 22511 18242 2207 16002 416 5799 731 2003 934 9865
internal_value=0.000379131 0.00470974 -0.00141255 -0.0117171 0.00719394 -0.0263046 0.00534652 0.0354802 0.0197938 -0.0419735 0.0276616 0.0329099 -0.0405016 -0.0473462
internal_weight=35976.5 34183.4 28518.7 20533.8 8944.01 11589.7 3839.83 5664.73 7370.58 7749.91 6659.78 6366.55 1685.27 7347.8
internal_count=234766 228650 203032 78396 33337 45059 21383 25618 25661 23676 25245 24514 3141 15664
is_linear=0
shrinkage=0.05


Tree=16
num_leaves=15
num_cat=0
split_feature=36 37 47 36 47 22 43 54 31 32 36 48 27 36
split_gain=4723.12 2540.92 2895.38 2007.95 2134.39 1742.18 1512.66 2310.26 1701.07 1571.92 2194.9 1322.97 1855.76 1352.71
threshold=0.087121214717626586 3.1984648704528813 4.9927642345428476 0.41885964572429663 4.770540952682496 6.7804884910583505 2.9700856208801274 1.0000000180025095e-35 0.82157495617866527 4.1190040111541757 0.63397127389907848 0.61870285868644725 6.3587081432342538 0.39863014221191412
decision_type=2 2 2 2 2 2 2 2 2 2 2 2 2 2
left_child=-1 2 3 -2 6 -3 -5 8 9 -8 -11 12 -4 -13
right_child=1 5 11 4 -6 -7 7 -9 -10 10 -12 13 -14 -15
leaf_value=-0.085068902220478512 -0.050168408555881054 -0.040594237145473305 0.031158540423159731 0.040831036762285201 -0.067304230374173935 0.045471845596598004 0.022935688780635254 -0.063429091672286581 -0.031007301996451526 -0.058052419695840234 0.041267184744102278 -0.058949091446591675 -0.078654297733366366 0.039609425823306843
leaf_weight=1536.8701843605377 2900.1140911206603 660.32114052027464 859.1038583854679 1944.5371654704213 1277.7500793337822 4889.9545467831194 7266.3298280257732 1553.5352286249399 3135.9994627293199 1583.824427139014 845.81255504023284 360.84714040951803 681.1383558511734 6009.4446812069509
leaf_count=4234 6897 9648 12926 5296 4894 16067 33063 6168 10009 3240 9523 1716 341 110744
internal_value=0.000376976 0.00426676 -0.0017806 -0.0116924 -0.00533033 0.0351779 -0.000442933 -0.00604656 0.000944582 0.0113002 -0.0234496 0.023898 -0.0175979 0.0339429
internal_weight=35505.6 33968.7 28418.4 20507.9 17607.8 5550.28 16330 14385.5 12832 9695.97 2429.64 7910.53 1540.24 6370.29
internal_count=234766 230532 204817 79090 72193 25715 67299 62003 55835 45826 12763 125727 13267 112460
is_linear=0
shrinkage=0.05


Tree=17
num_leaves=15
num_cat=0
split_feature=27 37 36 22 47 37 22 41 36 47 22 48 31 32
split_gain=4429.69 2087.03 2796.05 2915.73 3213 3422.95 1752.2 1431.53 1306.32 2389.96 1477.35 1386.93 1379.35 1299.49
threshold=3.113268375396729 3.1984648704528813 0.63397127389907848 6.7984981536865243 4.3502571582794198 2.7403194904327397 6.7804884910583505 0.82971012592315685 0.59870129823684703 6.2215831279754648 6.8007264137268075 0.81601884961128246 0.76302224397659313 4.0251922607421884
decision_type=2 2 2 2 2 2 2 2 2 2 2 2 2 2
left_child=-1 2 3 -2 5 -5 -3 13 9 12 11 -11 -6 -4
right_child=1 6 7 4 8 -7 -8 -9 -10 10 -12 -13 -14 -15
leaf_value=-0.052168865331899419 0.020286321226688137 -0.038510588532035352 0.005929069396279827 0.054831162289372619 -0.075662015403306915 -0.055916763140706316 0.048638519600465377 -0.042659387959954942 -0.089295057630485508 0.021133348135295382 0.056740467211937651 -0.10279298046486685 -0.024941948755303436 0.043687906540972959
leaf_weight=3589.7430656868964 4977.3147834383417 661.74715113639832 4047.5914333406836 2081.9270022511482 2677.434966981411 1037.4346064329147 4158.8898722529411 787.15724319964647 1210.5307167172432 531.61950463056564 993.14556294679642 378.97807192802429 2703.7785091400146 5214.3961694280151
leaf_count=13379 130734 9648 20604 3287 2275 842 14540 1466 627 927 839 429 1944 33225
internal_value=0.000372972 0.00638256 0.000899478 -0.0117046 -0.0254194 0.0179377 0.0366203 0.0217011 -0.0413416 -0.0332617 0.0148301 -0.0309994 -0.0502714 0.0272111
internal_weight=35051.7 31461.9 26641.3 16592.2 11614.8 3119.36 4820.64 10049.1 8495.49 7284.96 1903.74 910.598 5381.21 9261.99
internal_count=234766 221387 197199 141904 11170 4129 24188 55295 7041 6414 2195 1356 4219 53829
is_linear=0
shrinkage=0.05


Tree=18
num_leaves=15
num_cat=0
split_feature=18 37 47 43 22 36 54 31 28 32 37 22 27 22
split_gain=4144.29 2109.63 2478.24 1789.29 1498.69 1291.46 1690.93 1518.91 1585.27 1797.04 2719.07 1626.04 1380.9 1182.53
threshold=5.6112999916076669 3.1984648704528813 6.148386001586915 2.9700856208801274 6.7804884910583505 0.41885964572429663 1.0000000180025095e-35 0.82157495617866527 1.0000000180025095e-35 4.1026091575622567 0.89587974548339855 6.7984981536865243 3.113268375396729 6.7951462268829355
decision_type=2 2 2 2 2 2 2 2 2 2 2 2 2 2
left_child=-1 2 3 13 -3 -5 7 8 -7 12 11 -11 -10 -2
right_child=1 4 -4 5 -6 6 -8 -9 9 10 -12 -13 -14 -15
leaf_value=-0.074798449908526785 -0.084554460004249155 -0.036477233525059979 0.024733228331869851 -0.046372257327976375 0.04368982051700545 -0.073619086446008397 -0.058898744819206962 -0.031156803228862918 -0.033832845099446771 0.049038627228187803 0.041686828537184223 -0.056381127973688994 0.038705357304281852 0.047429559773820427
leaf_weight=1731.1450946272817 178.07770239561796 660.60849276557565 6913.9052634909749 2725.518069018377 4556.0449511222541 583.81730210781097 1534.5873895958066 3754.3026759834029 749.06964236497879 419.69925230741501 1478.7542425426655 2519.7672715485096 4915.1041055470705 1805.1661574095488
leaf_count=6116 916 9616 30545 9422 16002 795 6152 25170 2850 79547 12466 2392 28243 4534
internal_value=0.000372234 0.00436192 -0.00115767 -0.00982826 0.0334875 -0.0146265 -0.00917787 -0.00384957 0.00578223 0.0104483 -0.0134361 -0.041214 0.0290697 0.0352138
internal_weight=34525.6 32794.4 27577.8 20663.9 5216.65 18680.6 15955.1 14420.5 10666.2 10082.4 4418.22 2939.47 5664.17 1983.24
internal_count=234766 228650 203032 172487 25618 167037 157615 151463 126293 125498 94405 81939 31093 5450
is_linear=0
shrinkage=0.05


Tree=19
num_leaves=15
num_cat=0
split_feature=36 37 47 36 43 54 22 31 32 32 37 22 27 48
split_gain=3857.46 2093.44 2301.75 1578.26 1526.76 1498.53 1425.92 1328.12 1445.51 1647.38 2409.28 1470.68 1249.94 1180.45
threshold=0.087121214717626586 3.1984648704528813 6.148386001586915 0.40129870176315313 2.9700856208801274 1.0000000180025095e-35 6.7804884910583505 0.82157495617866527 1.0000000180025095e-35 4.1026091575622567 0.89587974548339855 6.7984981536865243 3.113268375396729 0.63797730207443248
decision_type=2 2 2 2 2 2 2 2 2 2 2 2 2 2
left_child=-1 2 3 -2 -5 7 -3 8 -6 12 11 -11 -10 -4
right_child=1 6 13 4 5 -7 -8 -9 9 10 -12 -13 -14 -15
leaf_value=-0.078843337345568948 -0.044053713231136098 -0.034741982151001195 -0.016191471986937198 0.039126008586266893 -0.071311232140719105 -0.055976274361327662 0.043452338606364917 -0.029511738665896289 -0.032327232180724863 0.04762582510780089 0.038824434632504484 -0.053467160284014138 0.036682549812710206 0.034357924655136422
leaf_weight=1460.6528795463964 2891.6995904503856 663.00301121547818 1462.7192393057048 1809.1630205437541 577.81308627128601 1537.6278043910861 4453.7254680842161 3800.6848779690918 750.84998722374439 410.639483560808 1466.7604496928398 2549.6795307099819 4842.9091767650098 5389.1734063755721
leaf_count=4234 9815 9648 5372 5300 801 6168 16067 25202 2862 80509 12684 2402 28448 25254
internal_value=0.000368379 0.00393987 -0.00152996 -0.00986701 -0.00427467 -0.00922296 0.0332723 -0.00419504 0.0049028 0.0093641 -0.0134077 -0.039331 0.0273782 0.0235589
internal_weight=34067.1 32606.4 27489.7 20637.8 17746.1 15937 5116.73 14399.3 10598.7 10020.8 4427.08 2960.32 5593.76 6851.89
internal_count=234766 230532 204817 174191 164376 159076 25715 152908 127706 126905 95595 82911 31310 30626
is_linear=0
shrinkage=0.05


Tree=20
num_leaves=15
num_cat=0
split_feature=36 37 47 43 22 22 48 27 36 36 54 31 32 38
split_gain=3568.7 1944.3 2109.46 1448.45 1328.32 1109.96 1096.94 1656.96 1274.77 1055.97 1355.64 1204.09 1457.46 1184.36
threshold=0.087121214717626586 3.1984648704528813 6.148386001586915 2.9700856208801274 6.7804884910583505 6.7951462268829355 0.63797730207443248 6.3587081432342538 0.36931818723678594 0.41885964572429663 1.0000000180025095e-35 0.79277813434600841 1.0000000180025095e-35 1.7005987167358401
decision_type=2 2 2 2 2 2 2 2 2 2 2 2 2 2
left_child=-1 2 3 5 -3 -2 7 -4 -8 -5 11 12 -11 -14
right_child=1 4 6 9 -6 -7 8 -9 -10 10 -12 -13 13 -15
leaf_value=-0.076725889596801211 -0.081444939392887994 -0.033032467165289833 0.033194870354771165 -0.042547821016174742 0.04259568972076419 0.043848489021661871 -0.058126417395252178 -0.072666571517594994 0.040002800985186465 -0.069156239426948096 -0.05330718612169464 -0.022081507155859149 0.018737545850238284 -0.051577796261758527
leaf_weight=1427.0415850337595 187.14035742357373 662.96615815907717 798.95424954406917 2710.7826751177199 4319.7594664022326 1760.6147828251123 346.13045125827193 671.3500669002533 4916.0614424310625 566.62281495332718 1534.4627164900303 5581.2311451472342 7465.3387155812234 641.42014840058982
leaf_count=4234 962 9648 5031 9559 16067 4625 793 341 24461 801 6168 30984 119194 1898
internal_value=0.000364813 0.00380806 -0.00145948 -0.00945276 0.0324871 0.0314558 0.0227953 -0.0153065 0.0334502 -0.0137745 -0.00881065 -0.00398673 0.00766909 0.0131174
internal_weight=33589.9 32162.8 27180.1 20447.6 4982.73 1947.76 6732.5 1470.3 5262.19 18499.9 15789.1 14254.6 8673.38 8106.76
internal_count=234766 230532 204817 174191 25715 5587 30626 5372 25254 168604 159045 152877 121893 121092
is_linear=0
shrinkage=0.05


Tree=21
num_leaves=15
num_cat=0
split_feature=27 37 36 22 47 37 22 36 47 22 47 31 48 36
split_gain=3363.55 1642.9 2129.53 2308.58 2693.06 2864.85 1373.54 1251.98 1594.32 1407.73 1248.88 1827.04 1237.51 1231.07
threshold=3.113268375396729 3.1984648704528813 0.63397127389907848 6.7984981536865243 4.3502571582794198 2.7403194904327397 6.7804884910583505 0.59870129823684703 6.2215831279754648 6.8007264137268075 4.3693678379058847 0.77388921380043041 0.84802907705307018 0.93276837468147289
decision_type=2 2 2 2 2 2 2 2 2 2 2 2 2 2
left_child=-1 2 3 -2 5 -5 -3 8 -6 12 11 13 -10 -4
right_child=1 6 10 4 7 -7 -8 -9 9 -11 -12 -13 -14 -15
leaf_value=-0.046435657456361724 0.018901210031581329 -0.031424252431142302 0.039139936434978199 0.054104206737859255 -0.042924707993687472 -0.049054299079532002 0.04650567434030467 -0.084534767315925685 0.015371953975934886 0.055485165150632433 0.038511648708040566 -0.034448846750937727 -0.10399451767266117 -0.064044119454383375
leaf_weight=3432.2500540008768 4778.3396800630726 662.57096960395575 2563.2321352083236 1930.7692714929581 5286.3380984961987 1021.0688962638378 3617.2050820067525 1188.2172689437866 533.54566830396652 898.1205957531929 4568.1449340379331 2000.9989702068269 353.64740401506424 316.55395337939262
leaf_count=13379 130734 9648 14335 3287 4219 842 14540 627 958 839 34501 5724 398 735
internal_value=0.000354824 0.00577251 0.000945377 -0.0101736 -0.0225709 0.0183756 0.0343959 -0.0372085 -0.0291484 0.0116555 0.0197525 0.00215215 -0.0328379 0.0276153
internal_weight=33151 29718.8 25439 15990 11211.7 2951.84 4279.78 8259.87 7071.65 1785.31 9448.93 4880.79 887.193 2879.79
internal_count=234766 221387 197199 141904 11170 4129 24188 7041 6414 2195 55295 20794 1356 15070
is_linear=0
shrinkage=0.05


Tree=22
num_leaves=15
num_cat=0
split_feature=18 37 47 43 22 47 43 22 36 41 27 48 27 36
split_gain=3212.64 1595.34 1812.88 1363.31 1140.58 1041.09 1863.79 1433.88 1361.12 1233.91 1246.44 919.922 1447.5 1107.48
threshold=5.6112999916076669 3.1984648704528813 6.148386001586915 2.8617925643920903 6.7804884910583505 4.0342013835906991 4.0859410762786874 6.7804884910583505 0.76278772950172435 0.64583334326744091 3.113268375396729 0.63797730207443248 6.3587081432342538 0.36931818723678594
decision_type=2 2 2 2 2 2 2 2 2 2 2 2 2 2
left_child=-1 2 3 -2 -3 -5 9 -8 -9 10 -7 12 -4 -13
right_child=1 4 11 5 -6 6 7 8 -10 -11 -12 13 -14 -15
leaf_value=-0.068315278767054594 0.051954461009414289 -0.029828237803464532 0.033798067202003915 -0.048110262469891196 0.040733720726676637 -0.056404317749503753 0.029549912150503121 -0.030519269238305953 0.0333615664587412 -0.035384254898989116 0.035257892884242852 -0.052834644721519657 -0.067637878636964896 0.038720020728986171
leaf_weight=1608.7405004410539 887.12516220659018 659.82891604304314 745.20605526678264 1720.1061233952641 4031.4594212304801 397.854287981987 1356.3505634968169 9524.295000847429 905.61209359765053 941.2022480815649 4190.3707392718643 346.90450590476394 648.87006843090057 4655.9787947963923
leaf_count=6116 3648 9616 4960 9493 16002 490 116119 21561 1441 2736 16999 798 338 24449
internal_value=0.00035485 0.00393807 -0.000853799 -0.00829032 0.0307669 -0.0111237 -0.00742389 -0.0186549 -0.024946 0.016506 0.0272043 0.0222836 -0.0135606 0.0322788
internal_weight=32619.9 31011.2 26319.9 19922.9 4691.29 19035.8 17315.7 11786.3 10429.9 5529.43 4588.23 6396.96 1394.08 5002.88
internal_count=234766 228650 203032 172487 25618 168839 159346 139121 23002 20225 17489 30545 5298 25247
is_linear=0
shrinkage=0.05


Tree=23
num_leaves=15
num_cat=0
split_feature=36 37 47 43 22 36 54 43 22 22 22 36 48 27
split_gain=2977.11 1598.38 1698.46 1194.39 1090.92 987.496 1506.04 1284.99 992.634 1212.07 1283.4 980.631 884.559 1291.12
threshold=0.087121214717626586 3.1984648704528813 6.148386001586915 2.8617925643920903 6.7804884910583505 0.41885964572429663 1.0000000180025095e-35 4.0859410762786874 6.7804884910583505 6.7929053306579599 6.7984981536865243 0.76278772950172435 0.63797730207443248 6.3587081432342538
decision_type=2 2 2 2 2 2 2 2 2 2 2 2 2 2
left_child=-1 2 3 -2 -3 -5 7 -7 -9 -10 -11 -12 13 -4
right_child=1 4 12 5 -6 6 -8 8 9 10 11 -13 -14 -15
leaf_value=-0.072554568306131689 0.047465250905151926 -0.028474706390605849 0.030801343356079015 -0.038322118196632227 0.040594605264583444 0.018480434000420987 -0.052365032047426791 0.027927645072981223 -0.078236465282787479 0.059747305464903838 -0.02586242314584742 0.031306111154936665 0.031445489031796385 -0.064742478584511196
leaf_weight=1331.8765653842129 903.65072384849191 660.91578686609864 754.39311152510345 2819.7578911664896 3947.1560078728944 5262.5397579001728 1590.0219950303435 1306.0607713172212 768.4867774322629 556.55904120206833 5895.2650697827339 850.66101944446564 4879.7402907162905 648.62753558158875
leaf_count=4234 3761 9648 5031 9781 16067 22764 6663 113949 6584 2781 6641 1267 25254 341
internal_value=0.000352189 0.00352289 -0.00125126 -0.00839071 0.0306481 -0.0110639 -0.00630731 -0.00127259 -0.0123662 -0.0189131 -0.0125717 -0.0186178 0.0213997 -0.0135149
internal_weight=32175.7 30843.8 26235.8 19953 4608.07 19049.4 16229.6 14639.6 9377.03 8070.97 7302.49 6745.93 6282.76 1403.02
internal_count=234766 230532 204817 174191 25715 170430 160649 153986 131222 17273 10689 7908 30626 5372
is_linear=0
shrinkage=0.05


Tree=24
num_leaves=15
num_cat=0
split_feature=18 37 47 46 22 37 37 47 53 27 41 36 22 22
split_gain=2786.62 1368.72 1529.58 1209.68 1135.4 985.233 1211.65 1044.83 1779.89 1996.26 1956.7 1765.8 1473.85 1332.39
threshold=5.6112999916076669 3.1984648704528813 6.148386001586915 0.31222625076770788 6.7996129989624032 3.0129330158233647 2.6735538244247441 4.3502571582794198 1.0000000180025095e-35 3.5549397468566899 0.82971012592315685 0.63397127389907848 6.7804884910583505 6.7929053306579599
decision_type=2 2 2 2 2 2 2 2 2 2 2 2 2 2
left_child=-1 2 3 -2 -3 6 7 8 9 -5 13 12 -9 -11
right_child=1 4 -4 5 -6 -7 -8 11 -10 10 -12 -13 -14 -15
leaf_value=-0.065033565283856606 0.048299549331688625 0.0021685134392704854 0.021097551236618065 -0.046440705945158541 0.052700817521261795 -0.054145026175824042 0.050218002854562765 0.036711067931733114 0.056800217683649228 -0.013780776647140168 -0.062129413229758956 0.014982584772613591 -0.041442364417611455 0.05457998181616433
leaf_weight=1540.2856479745824 915.14656296186149 2076.4983591493219 6110.5608109887689 2114.0713555440307 2384.4691277444363 1188.1986359488219 861.25956478877924 658.97312420443632 1299.9664470553398 1088.5345774311572 681.72600403055549 2484.6093854410574 6332.0538662970066 2036.3687532097101
leaf_count=6116 3141 20530 30545 9979 5088 1703 2613 89987 3035 17759 1657 24842 10332 7439
internal_value=0.000346956 0.00369837 -0.000731816 -0.0075236 0.0292364 -0.0102731 -0.00727499 -0.010269 0.00405752 -0.00759907 0.0140374 -0.0211789 -0.0340337 0.0307991
internal_weight=31772.7 30232.4 25771.5 19660.9 4460.97 18745.8 17557.6 16696.3 7220.67 5920.7 3806.63 9475.64 6991.03 3124.9
internal_count=234766 228650 203032 172487 25618 169346 167643 165030 39869 36834 26855 125161 100319 25198
is_linear=0
shrinkage=0.05


Tree=25
num_leaves=15
num_cat=0
split_feature=36 37 47 43 22 37 47 47 41 36 22 22 52 22
split_gain=2604.25 1379.28 1425.13 1041.53 1030.49 861.859 1127.02 2373.65 2199.5 2073.72 1528.31 1610.41 1407.44 1265.7
threshold=0.087121214717626586 3.1984648704528813 6.148386001586915 2.8617925643920903 6.7996129989624032 3.0129330158233647 4.3502571582794198 4.0689902305603036 0.70496895909309398 0.63397127389907848 6.7929053306579599 6.7804884910583505 1.0000000180025095e-35 6.7804884910583505
decision_type=2 2 2 2 2 2 2 2 2 2 2 2 2 2
left_child=-1 2 3 -2 -3 6 7 -5 10 13 11 -9 -11 -8
right_child=1 4 -4 5 -6 -7 9 8 -10 12 -12 -13 -14 -15
leaf_value=-0.069866119656844791 0.046311979943848357 0.0036351983877751948 0.020013350457017538 -0.035208697377409906 0.052113314040991059 -0.052125185163518342 0.032242357170361002 0.052255709940031606 -0.056413910667405545 -0.03194299340795078 0.053257897383592205 -0.068722944607013267 0.042943071025916275 -0.03975706229842365
leaf_weight=1257.2004850553349 844.27509259060025 2083.4428661391139 6073.3104725610465 2326.5285934284329 2307.1808443069458 1138.1347252565902 666.96200045291334 492.15827404893935 709.04888792335987 935.68982524471357 3591.8350770771503 598.97268216684461 1859.4130488662049 6421.283243611455
leaf_count=4234 3761 20595 30626 10613 5120 1650 91525 12909 1900 13400 10656 4711 12586 10480
internal_value=0.000347737 0.00330771 -0.00112757 -0.00769048 0.02917 -0.0101468 -0.00740443 0.00690763 0.0251114 -0.0185773 0.037549 -0.0141761 0.0178497 -0.0329465
internal_weight=31305.4 30048.2 25657.6 19584.3 4390.62 18740 17601.9 7718.54 5392.01 9883.35 4682.97 1091.13 2795.1 7088.25
internal_count=234766 230532 204817 174191 25715 170430 168780 40789 30176 127991 28276 17620 25986 102005
is_linear=0
shrinkage=0.05


Tree=26
num_leaves=15
num_cat=0
split_feature=36 37 44 31 31 48 22 32 46 26 28 48 36 31
split_gain=2430.16 1277.21 1318.18 1374.9 1500.02 1065.26 1002.28 842.997 806.597 800.062 787.105 899.784 835.875 819.907
threshold=0.087121214717626586 3.1984648704528813 0.14171742647886279 0.75882840156555187 0.70412456989288341 0.67116460204124462 6.7996129989624032 4.1190040111541757 0.95479503273963939 0.27036644518375402 3.8815106153488164 0.71990063786506664 0.68210527300834667 0.83700934052467357
decision_type=2 2 2 2 2 2 2 2 2 2 2 2 2 2
left_child=-1 2 3 4 9 -4 -3 -6 -7 -2 11 -5 -12 -13
right_child=1 6 5 10 7 8 -8 -9 -10 -11 12 13 -14 -15
leaf_value=-0.068576407875975978 0.043769145639916018 0.0034588361162133617 -0.01440473765044689 -0.062792311716089552 0.046859621834144827 0.026942228950842157 0.051785995204168073 -0.030633345529008628 -0.093265800973147531 -0.019001160495136515 -0.0157547798726256 0.0036464776509618417 0.049100131203331183 -0.050278797741068228
leaf_weight=1217.9854783485644 571.16350158490241 2080.7716799601912 2393.2362411767244 1932.5477370619774 2358.1992750577629 6553.3984449396376 2208.2421942353249 404.87621082179248 133.01148517243564 4022.2120368722826 3500.2258649165742 1699.0867441743612 568.8647622121498 1193.1500102542341
leaf_count=4234 2244 20595 20636 3252 8534 110436 5120 1451 3123 29244 13852 4103 2682 5260
internal_value=0.000348074 0.00320456 -0.00107173 -0.009596 0.00639171 0.0141784 0.0284031 0.035435 0.0244152 -0.0111179 -0.0228124 -0.0364521 -0.00658983 -0.0186962
internal_weight=30837 29619 25330 16250.3 7356.45 9079.65 4289.01 2763.08 6686.41 4593.38 8893.88 4824.78 4069.09 2892.24
internal_count=234766 230532 204817 70622 41473 134195 25715 9985 113559 31488 29149 12615 16534 9363
is_linear=0
shrinkage=0.05


Tree=27
num_leaves=15
num_cat=0
split_feature=18 37 44 31 31 22 48 33 26 28 48 36 31 27
split_gain=2290.46 1080.4 1244.6 1332.22 1458.51 1042.82 871.16 841.084 816.113 719.685 848.899 772.547 723.025 829.105
threshold=5.6112999916076669 3.1984648704528813 0.14171742647886279 0.75882840156555187 0.70412456989288341 6.7996129989624032 0.67116460204124462 0.89587974548339855 0.27036644518375402 3.8815106153488164 0.71990063786506664 0.68210527300834667 0.83700934052467357 5.4574534893035898
decision_type=2 2 2 2 2 2 2 2 2 2 2 2 2 2
left_child=-1 2 3 4 8 -3 7 -4 -2 10 -5 -11 13 -12
right_child=1 5 6 9 -6 -7 -8 -9 -10 11 12 -13 -14 -15
leaf_value=-0.06123113531133887 0.04823743177618179 0.001755037187611976 0.028055059130904975 -0.06021818112260216 0.036683397467120758 0.051765337772879151 0.023695956986119968 -0.034447551247744547 -0.017866282468198866 -0.014872621055454317 0.031325488636381793 0.048449957218959415 -0.047035919993047813 -0.039954798553886291
leaf_weight=1429.1513145517092 519.37293518148363 2070.9652952831239 833.19618791597895 1947.5869463682175 2634.6950557185337 2090.2571293860674 6583.2163176524919 1481.0586850817781 3964.3376861165743 3503.0719018848613 1036.3726702183485 548.33013560785912 1199.1201247274876 658.70445507764816
leaf_count=6116 2109 20530 13022 3253 9940 5088 113112 6773 28952 13842 2492 2682 5259 1596
internal_value=0.000341881 0.00338894 -0.000554644 -0.00888466 0.00723098 0.02694 0.0144289 -0.011921 -0.0101188 -0.0217778 -0.0347695 -0.00620414 -0.017496 0.0035542
internal_weight=30499.4 29070.3 24909.1 16011.6 7118.41 4161.22 8897.47 2314.25 4483.71 8893.19 4841.78 4051.4 2894.2 1695.08
internal_count=234766 228650 203032 70125 41001 25618 132907 19795 31061 29124 12600 16524 9347 4088
is_linear=0
shrinkage=0.05


Tree=28
num_leaves=15
num_cat=0
split_feature=36 37 47 22 43 48 27 36 15 37 47 47 28 36
split_gain=2142.05 1100.28 1143.05 948.552 904.722 759.833 1146.21 1026.07 718.139 595.154 985.414 1506.34 1491.6 1315.34
threshold=0.087121214717626586 3.1984648704528813 6.148386001586915 6.7804884910583505 2.8617925643920903 0.63797730207443248 6.3587081432342538 0.47885645925998693 0.016847745515406135 3.0129330158233647 4.3502571582794198 4.0689902305603036 3.8606742620468144 0.63397127389907848
decision_type=2 2 2 2 2 2 2 2 2 2 2 2 2 2
left_child=-1 2 4 -3 -2 6 -4 -7 9 10 11 -6 -13 -12
right_child=1 3 5 -5 8 7 -8 -9 -10 -11 13 12 -14 -15
leaf_value=-0.066501397344380195 0.045202333927436507 -0.027624068944773518 0.028842167468751703 0.037477801085068617 -0.03796985121829824 -0.052766507438331015 -0.062582160705482615 0.035327669316333542 0.0043165121243414111 -0.056839718961937014 -0.040268750500800317 0.042132198168678782 -0.034163872582556973 0.01164320559966199
leaf_weight=1142.906291924417 789.02510024234653 660.22024834901094 718.79822174087167 3441.1383683532476 1487.7286196127534 350.49674674868584 638.21544951200485 4122.3767791204154 6415.6591857797466 837.49626540439203 4565.7303651210386 2463.0574624137953 856.11421048827469 1658.7981066051871
leaf_count=4234 3761 9648 5031 16067 6760 870 341 24384 68701 1150 58623 16800 2968 15428
internal_value=0.00033711 0.00299282 -0.000962953 0.0269563 -0.00688596 0.0183939 -0.0142988 0.0283223 -0.00915718 -0.0164378 -0.0133218 0.00368224 0.0224096 -0.0264381
internal_weight=30147.8 29004.9 24903.5 4101.36 19073.6 5829.89 1357.01 4472.87 18284.6 11868.9 11031.4 4806.9 3319.17 6224.53
internal_count=234766 230532 204817 25715 174191 30626 5372 25254 170430 101729 100579 26528 19768 74051
is_linear=0
shrinkage=0.05


Tree=29
num_leaves=15
num_cat=0
split_feature=48 37 47 46 47 36 28 36 15 32 32 33 37 31
split_gain=2010.14 973.078 862.906 823.337 740.257 1382.51 2069.33 672.174 603.105 521.317 1285.49 917.018 711.093 1030.51
threshold=1.0000000180025095e-35 4.3036997318267831 6.148386001586915 0.31222625076770788 6.2255475521087655 0.64449843764305126 1.8688347935676577 0.95771291851997387 0.016598191112279895 4.1190040111541757 3.5259279012680058 0.89587974548339855 1.8688347935676577 0.59896907210350048
decision_type=2 2 2 2 2 2 2 2 2 2 2 2 2 2
left_child=-1 2 3 -2 -4 6 -6 8 9 10 12 -11 13 -5
right_child=1 -3 4 7 5 -7 -8 -9 -10 11 -12 -13 -14 -15
leaf_value=-0.067119309668428925 0.040217170454899753 0.050407181553198004 0.037810982520782389 -0.040020959770521898 0.05126727866943466 0.045446301689144077 -0.05867763414011843 0.042409852611527403 0.0043932919075967093 -0.045402520361733624 0.018669186308393853 0.0075005658291969193 -0.040578219426404064 0.015357955618599329
leaf_weight=1055.1209187523928 1018.7978848621715 1026.0144235268235 2624.9126558378339 1357.0708892866969 619.00883466005325 1132.2871697954834 1333.6447212696075 694.77075602114201 7160.7890841772314 2651.5627426721621 3153.0698118107393 1179.6449099853635 2566.6523022055626 2169.8225968517363
leaf_count=4352 3762 3880 26997 7220 819 1782 1110 2371 76196 53914 19856 16953 4297 11257
internal_value=0.000329068 0.00283228 0.0010501 -0.00345542 0.0183479 0.00171842 -0.0237405 -0.00559909 -0.00726732 -0.0136506 -0.00720975 -0.0291363 -0.0206093 -0.00600354
internal_weight=29743.2 28688 27662 21952.2 5709.85 3084.94 1952.65 20933.4 20238.6 13077.8 9246.62 3831.21 6093.55 3526.89
internal_count=234766 230414 226534 195826 30708 3711 1929 192064 189693 113497 42630 70867 22774 18477
is_linear=0
shrinkage=0.05


Tree=30
num_leaves=15
num_cat=0
split_feature=18 37 49 31 32 33 31 32 32 41 27 32 32 27
split_gain=1903.46 934.501 763.292 1297.15 1484.4 1781.77 1655.43 1197.64 1154.03 817.073 862.982 770.892 1121.83 728.147
threshold=5.6112999916076669 4.3036997318267831 0.27348251640796667 0.80684027075767528 4.1190040111541757 0.89587974548339855 0.57979625463485729 3.5259279012680058 4.0251922607421884 0.84523808956146251 6.3270399570465097 3.4334666728973393 2.9174053668975835 3.113268375396729
decision_type=2 2 2 2 2 2 2 2 2 2 2 2 2 2
left_child=-1 2 3 4 6 -6 7 11 -5 10 13 12 -2 -8
right_child=1 -3 -4 8 5 -7 9 -9 -10 -11 -12 -13 -14 -15
leaf_value=-0.058145995132372022 -0.021567131511807544 0.051026999421839185 0.018008545691110368 -0.042727250611273464 -0.04491934842140588 0.025090869937904339 -0.048245775610264746 0.052412634132058988 0.00064192171415292966 -0.054318785341463088 -0.039148078792369992 -0.071403200990589097 0.053630783934893192 0.042244995663235536
leaf_weight=1319.0261001018807 3052.7541455850005 971.1977859698236 5478.5458149150945 3244.2159663885832 2668.5324516680557 1367.5844982091803 223.3097376152873 695.03629690594971 2901.0248866439797 263.84940873831511 370.38254656083882 572.6441393494606 582.02454239688814 5690.6553514590487
leaf_count=6116 8753 3858 113022 10324 15999 15799 2314 1954 20608 637 2412 1981 5797 25192
internal_value=0.000324717 0.00309086 0.00135543 -0.00286852 0.00484581 -0.0211939 0.0140348 -0.00792962 -0.0222859 0.0304659 0.0341063 -0.0179984 -0.00941184 0.0387524
internal_weight=29400.8 28081.8 27110.6 21632 15486.8 4036.12 11450.7 4902.46 6145.24 6548.2 6284.35 4207.42 3634.78 5913.97
internal_count=234766 228650 224792 111770 80838 31798 49040 18485 30932 30555 29918 16531 14550 27506
is_linear=0
shrinkage=0.05


Tree=31
num_leaves=15
num_cat=0
split_feature=36 37 44 36 22 48 31 28 32 37 36 32 46 27
split_gain=1787.16 911.628 935.694 977.589 896.539 787.539 772.72 854.491 971.97 1352.01 1344.37 779.507 721.512 628.469
threshold=0.087121214717626586 3.1984648704528813 0.14171742647886279 0.40129870176315313 6.7996129989624032 0.65748277306556713 0.79373261332511913 1.0000000180025095e-35 4.1026091575622567 0.89587974548339855 0.85599079728126537 4.0251922607421884 0.95479503273963939 6.3587081432342538
decision_type=2 2 2 2 2 2 2 2 2 2 2 2 2 2
left_child=-1 2 3 -2 -3 13 7 -5 10 -10 -9 -8 -7 -4
right_child=1 4 5 6 -6 12 11 8 9 -11 -12 -13 -14 -15
leaf_value=-0.064020297508686458 -0.036893875235084916 0.0022740157710253203 0.0022994389437674774 -0.037991649664268802 0.050503559874424259 0.024077922425349702 -0.041628099823420812 0.036507084040011163 -0.034958074121647517 0.037233185965478477 -0.027796799468690816 0.0025289083600908619 -0.086701871760494528 -0.058446651531752193
leaf_weight=1030.6029959674925 2482.0566333178431 2023.5187251176685 1697.2421365221962 1002.4316532611847 1831.2394745349884 6152.2657617188524 2129.4501666240394 4125.2225234722719 2027.5476443471853 941.98601667722687 1003.7779267244041 1873.643159676576 140.96609848178923 558.05347228050232
leaf_count=4234 5827 20595 20022 1115 5120 110742 8629 23461 7259 7904 5200 11227 3125 306
internal_value=0.000320451 0.00271157 -0.000898378 -0.00818803 0.0252573 0.0123865 -0.00272683 0.00532742 0.0107297 -0.0120097 0.0238928 -0.0210057 0.0214629 -0.0129233
internal_weight=29020 27989.4 24134.6 15586.1 3854.76 8548.53 13104.1 9100.97 8098.53 2969.53 5129 4003.09 6293.23 2255.3
internal_count=234766 230532 204817 70622 25715 134195 64795 44939 43824 15163 28661 19856 113867 20328
is_linear=0
shrinkage=0.05


Tree=32
num_leaves=15
num_cat=0
split_feature=48 37 47 46 47 36 28 36 15 22 36 32 32 33
split_gain=1684.26 828.52 725.935 681.538 674.798 1244.01 1822.6 581.665 551.514 503.932 1518.38 499.302 1228.34 793.378
threshold=1.0000000180025095e-35 4.3036997318267831 6.148386001586915 0.31222625076770788 6.2255475521087655 0.64449843764305126 1.8688347935676577 0.95771291851997387 0.023793379776179794 6.8007264137268075 0.59870129823684703 4.1190040111541757 3.5259279012680058 0.89587974548339855
decision_type=2 2 2 2 2 2 2 2 2 2 2 2 2 2
left_child=-1 2 3 -2 -4 6 -6 8 11 -8 -11 12 -5 -13
right_child=1 -3 4 7 5 -7 9 -9 -10 10 -12 13 -14 -15
leaf_value=-0.064847828633316909 0.038487361399289009 0.049328104537573733 0.036397823457920732 -0.017742804769257631 0.050479884727010704 0.044346599785248117 -0.10031000155862382 0.041248190893183101 0.008226423890570933 0.052541639579137135 -0.081174467877307865 -0.039399722351197916 0.01800867938347446 0.0064073404981151091
leaf_weight=948.60426472499967 928.06705080880783 905.8617952093482 2485.4736513607204 6956.0475305896252 577.49306797981262 1056.5446266531944 416.50092941522598 645.45827066898346 4741.8059630824719 321.39953821897507 585.64788639545441 3076.7235587832984 3657.931088399142 1358.8986248208676
leaf_count=4352 3762 3880 26997 26690 819 1782 457 2371 51128 341 312 67922 23809 20144
internal_value=0.000311093 0.00256397 0.000965974 -0.00318865 0.0172495 0.00108936 -0.023058 -0.00509911 -0.00663071 -0.0552822 -0.0337378 -0.0113142 -0.0054163 -0.0253834
internal_weight=28662.5 27713.9 26808 21364.9 5443.06 2957.59 1901.04 20436.9 19791.4 1323.55 907.047 15049.6 10614 4435.62
internal_count=234766 230414 226534 195826 30708 3711 1929 192064 189693 1110 653 138565 50499 88066
is_linear=0
shrinkage=0.05


Tree=33
num_leaves=15
num_cat=0
split_feature=18 37 49 31 32 31 36 32 32 41 22 27 27 37
split_gain=1587.32 799.624 651.707 983.444 1230.94 1434.86 1401.05 1060.58 978.793 790.597 1017.22 879.521 706.069 680.754
threshold=5.6112999916076669 4.3036997318267831 0.33611895143985754 0.80684027075767528 4.1190040111541757 0.57979625463485729 0.5032467544078828 3.5259279012680058 4.0251922607421884 0.82971012592315685 6.7996129989624032 6.3270399570465097 3.113268375396729 2.8314802646636967
decision_type=2 2 2 2 2 2 2 2 2 2 2 2 2 2
left_child=-1 2 3 4 5 7 -6 13 -5 11 -11 12 -7 -2
right_child=1 -3 -4 8 6 9 -8 -9 -10 10 -12 -13 -14 -15
leaf_value=-0.055396553487289682 -0.02779583217552662 0.050075506588015274 0.018183973893868808 -0.03743937678562196 -0.038446803233873159 -0.045174102658581197 0.026189168193891495 0.051758879294135557 0.0016398092519677822 0.040847523870391408 -0.070128354007487334 -0.034580468884648281 0.044686619866788457 0.020216150596432475
leaf_weight=1213.7820521013346 3220.0776923596859 856.52706762030721 4666.1184989942703 3350.6088754478842 2811.8234099075198 220.90635879337788 1184.5632612244226 641.32287318818271 3060.8408584168646 384.49189348518848 424.37235969305038 410.97782294824719 4959.461369917728 949.11312308907509
leaf_count=6116 13994 3858 107381 11106 21526 2331 12772 1983 21784 1509 395 2611 24592 2808
internal_value=0.000306383 0.00281696 0.00125851 -0.00240138 0.0045242 0.0130162 -0.0192706 -0.00760943 -0.0188094 0.0285064 -0.0175216 0.0351844 0.040775 -0.0168437
internal_weight=28355 27141.2 26284.7 21618.6 15207.1 11210.7 3996.39 4810.51 6411.45 6400.21 808.864 5591.35 5180.37 4169.19
internal_count=234766 228650 224792 117411 84521 50223 34298 18785 32890 31438 1904 29534 26923 16802
is_linear=0
shrinkage=0.05


Tree=34
num_leaves=15
num_cat=0
split_feature=36 37 24 31 32 31 33 32 32 41 22 27 28 42
split_gain=1503.11 739.367 623.016 902.778 1113.76 1475.2 1277.06 987.803 834.395 775.097 955.784 853.104 689.542 682.389
threshold=0.087121214717626586 4.3036997318267831 0.49640488624572759 0.80684027075767528 4.1190040111541757 0.57979625463485729 0.89587974548339855 4.0251922607421884 3.5259279012680058 0.82971012592315685 6.7996129989624032 6.3270399570465097 3.8815106153488164 2.171902716159821
decision_type=2 2 2 2 2 2 2 2 2 2 2 2 2 2
left_child=-1 2 3 4 5 8 12 -5 -2 11 -11 -7 -6 -14
right_child=1 -3 -4 7 6 9 -8 -9 -10 10 -12 -13 13 -15
leaf_value=-0.062028710865151875 -0.016997255305403757 0.048546751727389544 0.01773560379383737 -0.037822013077411391 -0.068618640690668697 0.039915809550663872 0.021252513761962362 0.0015524255966610796 0.042964953905551773 0.038597912711687679 -0.068103376026761794 -0.036999695648153134 -0.035065310317751869 0.040324099130095305
leaf_weight=924.91081850463524 4165.7756808046252 832.99536446109414 4566.9174521241803 3215.9096231404692 1089.2039724839851 5182.2552551236004 1356.9384617512114 3145.0798271531239 664.06790791638196 393.0780786909163 428.98325645923615 379.74043750949204 1259.1519043669105 384.03653824329376
leaf_count=4234 16467 3880 100763 10286 1308 27216 16559 23158 2154 1584 405 2470 21816 2466
internal_value=0.000303062 0.00245536 0.000973741 -0.00256629 0.00401549 0.0121597 -0.018293 -0.0183821 -0.00868115 0.0279157 -0.0172322 0.0346075 -0.0379376 -0.0173084
internal_weight=27989 27064.1 26231.1 21664.2 15303.2 11213.9 4089.33 6360.99 4829.84 6384.06 822.061 5562 2732.39 1643.19
internal_count=234766 230532 226652 125889 92445 50296 42149 33444 18621 31675 1989 29686 25590 24282
is_linear=0
shrinkage=0.05


Tree=35
num_leaves=15
num_cat=0
split_feature=48 37 47 47 36 28 46 36 15 22 36 31 32 32
split_gain=1418.11 700.564 588.006 633.03 1153.2 1647.01 585.14 505.242 497.454 399.191 1419.38 342.867 453.1 795.743
threshold=1.0000000180025095e-35 4.3036997318267831 6.148386001586915 6.2255475521087655 0.64449843764305126 1.8688347935676577 0.31222625076770788 0.95771291851997387 0.014620264060795309 6.8007264137268075 0.59870129823684703 0.82157495617866527 4.1190040111541757 3.5259279012680058
decision_type=2 2 2 2 2 2 2 2 2 2 2 2 2 2
left_child=-1 2 6 -4 5 -5 -2 8 11 -7 -11 12 13 -8
right_child=1 -3 3 4 -6 9 7 -9 -10 10 -12 -13 -14 -15
leaf_value=-0.062922810440323912 0.037174293526544458 0.048148243572763927 0.035007990971042714 0.049628215638072563 0.043272968141576079 -0.093728630289035247 -0.013213116812687034 0.0401216496717864 0.0036249135601702422 0.051775726374945798 -0.079804830667272009 -0.027337856983095439 -0.024600683869685943 0.025494133239210476
leaf_weight=849.52116677281447 864.65186683600768 798.84413929283619 2359.1214068010449 536.68763473629951 987.70695255696774 416.36630475521088 3807.344496326521 602.10314802825451 7903.447010272881 306.48724222183228 576.95116770267487 2949.9233445296995 2665.1628054452594 2025.9501073239371
leaf_count=4352 3762 3880 26997 819 1782 457 15732 2371 87285 341 312 20879 51978 13819
internal_value=0.000295795 0.0023224 0.000896544 0.0159484 -3.98837e-05 -0.0234427 -0.00285686 -0.00460926 -0.006021 -0.0537621 -0.0340876 -0.0126774 -0.00756248 0.000250846
internal_weight=27650.3 26800.7 26001.9 5183.32 2824.2 1836.49 20818.6 19953.9 19351.8 1299.8 883.438 11448.4 8498.46 5833.29
internal_count=234766 230414 226534 30708 3711 1929 195826 192064 189693 1110 653 102408 81529 29551
is_linear=0
shrinkage=0.05


Tree=36
num_leaves=15
num_cat=0
split_feature=36 37 24 31 37 32 31 36 37 32 33 27 31 31
split_gain=1337.47 660.992 549.98 764.542 1000.14 994.428 2001.32 1420.29 1049.87 858.39 752.108 747.135 673.232 492.852
threshold=0.087121214717626586 4.3036997318267831 0.49640488624572759 0.80684027075767528 2.6735538244247441 4.1026091575622567 0.57979625463485729 0.7379862666130067 1.8688347935676577 4.0251922607421884 1.7005987167358401 6.3270399570465097 0.31414473056793218 0.98140043020248424
decision_type=2 2 2 2 2 2 2 2 2 2 2 2 2 2
left_child=-1 2 3 4 5 6 12 -7 10 -5 11 -8 -2 -4
right_child=1 -3 13 9 -6 7 8 -9 -10 -11 -12 -13 -14 -15
leaf_value=-0.060857764905497352 0.016486527251721984 0.047747746147704488 0.018958626188558085 -0.035142725521868576 0.030447430543769305 -0.034130629723246604 0.051842517833186455 0.047763997164223387 -0.051772541441281544 0.0016653671703228839 -0.023596749228866357 -0.034083423101287195 -0.032633811888262962 -0.11529674166102702
leaf_weight=855.9724712560419 938.89795716479421 766.17974362522364 4381.6163239430171 3200.3086753822863 2829.9547376297414 3594.7824097275734 3315.8454282861203 611.57060460536741 347.34102046489716 3124.8436586656608 438.10965047031641 267.06853055395186 2646.7260001543909 59.602733621373773
leaf_count=4234 3566 3880 98969 10286 15013 28975 17206 8327 3584 23158 2581 1519 11674 1794
internal_value=0.000290894 0.00228654 0.000916205 -0.00242089 0.00373138 -0.00250589 0.00789144 -0.0221388 0.0305827 -0.0169843 0.0378075 0.0453606 -0.0197615 0.0169019
internal_weight=27378.8 26522.8 25756.7 21315.4 14990.3 12160.3 7953.99 4206.35 4368.36 6325.15 4021.02 3582.91 3585.62 4441.22
internal_count=234766 230532 226652 125889 92445 77432 40130 37302 24890 33444 21306 18725 15240 100763
is_linear=0
shrinkage=0.05


Tree=37
num_leaves=15
num_cat=0
split_feature=18 37 48 47 47 37 32 31 27 32 33 22 43 22
split_gain=1267.84 649.928 532.227 778.185 1111.57 981.157 637.954 1076.7 655.676 964.076 798.046 811.326 630.819 627.949
threshold=5.5274252891540536 4.3036997318267831 0.67116460204124462 4.3502571582794198 4.0689902305603036 1.4978661537170412 6.1354806423187265 0.78738203644752514 3.1984648704528813 4.1026091575622567 0.89587974548339855 6.7804884910583505 6.1191973686218271 6.7996129989624032
decision_type=2 2 2 2 2 2 2 2 2 2 2 2 2 2
left_child=-1 2 3 4 5 -2 7 8 -4 -10 11 -11 -9 -5
right_child=1 -3 6 13 -6 -7 -8 12 9 10 -12 -13 -14 -15
leaf_value=-0.054612578271147787 0.052283216025288584 0.048718139718393727 -0.029987907729971258 0.0013371258115285429 0.036673130019999167 -0.030023368740351532 0.027838944219306622 -0.0088806189659020023 0.037228099959658582 0.054530712957001785 0.029728627783967083 -0.03932478734121924 -0.083897472584402971 -0.040109002671905029
leaf_weight=1002.3238383128773 429.41049072891474 726.5803454220295 708.20815016329288 1422.1483823875897 1697.7322156298906 2059.2637575305998 2803.7921973206103 6853.7396281582769 3678.6291616084054 266.70895718713291 1178.4716590039898 1384.9272277206182 282.44279037974775 2544.0207726061344
leaf_count=5445 2424 3863 2084 21238 9817 9690 23917 41887 22548 71343 14293 1683 2820 1714
internal_value=0.000286248 0.00241987 0.00107203 -0.00943928 0.00559417 -0.0156693 0.00606936 0.00180039 0.0154074 0.0203853 -0.00156137 -0.0239319 -0.011963 -0.0252817
internal_weight=27038.4 26036.1 25309.5 8152.58 4186.41 2488.67 17156.9 14353.1 7216.95 6508.74 2830.11 1651.64 7136.18 3966.17
internal_count=234766 229321 225458 44883 21931 12114 180575 156658 111951 109867 87319 73026 44707 22952
is_linear=0
shrinkage=0.05


Tree=38
num_leaves=15
num_cat=0
split_feature=48 37 36 36 36 22 47 22 27 37 32 46 46 22
split_gain=1202.13 591.167 508.988 666.139 1371.25 735.352 713.117 1607.13 541.238 528.454 530.066 523.44 518.765 503.629
threshold=1.0000000180025095e-35 4.3036997318267831 0.95771291851997387 0.84680575132370006 0.76278772950172435 6.7804884910583505 4.3372693061828622 6.7929053306579599 3.4652473926544194 2.3502402305603032 2.9174053668975835 0.97948163747787487 0.50193798542022716 6.7984981536865243
decision_type=2 2 2 2 2 2 2 2 2 2 2 2 2 2
left_child=-1 2 3 4 5 11 7 8 -7 -9 -11 12 -2 -8
right_child=1 -3 -4 -5 -6 6 13 9 -10 10 -12 -13 -14 -15
leaf_value=-0.061411790427791185 -0.064005912888667124 0.046944019069843863 0.041280298467247789 -0.025331128760182349 0.044895384699559795 0.0081297002302912844 0.0078742806651056225 0.049411428521839752 -0.071429641185237522 -0.013906393986928937 0.045146916671699011 -0.067839633268468091 0.046944817897723506 -0.014419417814137192
leaf_weight=756.90545647870749 105.27425246196799 704.89147924259305 744.64915449172258 2407.0292306819465 1731.8030578375328 324.92145600914955 3263.0505752749741 1717.8863965198398 604.48863236606121 960.06350658833981 615.38071947544813 115.44065562449396 1401.3614323544316 11233.474901512265
leaf_count=4352 5683 3880 2989 26460 11952 1391 29602 8679 3362 1115 1624 3189 115338 15150
internal_value=0.000283024 0.00210692 0.000835866 -0.000410745 0.00231701 -0.00132827 -0.00413257 0.0139275 -0.0438253 0.0303092 0.00929956 0.0308613 0.0388214 -0.00939932
internal_weight=26686.6 25929.7 25224.8 24480.2 22073.1 20341.3 18719.3 4222.74 929.41 3293.33 1575.44 1622.08 1506.64 14496.5
internal_count=234766 230414 226534 223545 197085 185133 60923 16171 4753 11418 2739 124210 121021 44752
is_linear=0
shrinkage=0.05


Tree=39
num_leaves=15
num_cat=0
split_feature=36 37 48 47 47 37 43 36 29 31 32 33 27 32
split_gain=1135.42 557.448 483.075 667.935 943.18 866.381 634.447 608.338 580.132 730.375 542.468 920.365 752.392 505.82
threshold=0.087121214717626586 4.3036997318267831 0.67116460204124462 4.3502571582794198 4.0689902305603036 1.4978661537170412 4.1190040111541757 0.59870129823684703 0.28818336129188543 0.79277813434600841 4.1026091575622567 0.89587974548339855 3.1984648704528813 4.0251922607421884
decision_type=2 2 2 2 2 2 2 2 2 2 2 2 2 2
left_child=-1 2 3 4 5 -2 -5 -8 9 10 12 -12 -4 -11
right_child=1 -3 8 6 -6 -7 7 -9 -10 13 11 -13 -14 -15
leaf_value=-0.059407313096640137 0.051121479747936772 0.046533878196738043 -0.028513576257711223 -0.04914462973469956 0.033979693000784982 -0.027800938249029572 0.0086622366219504636 -0.043916567315455533 0.020885186028951504 -0.0301285894972056 -0.028789469752376409 0.027700036780307403 0.03493412266797076 -0.00033551266051121446
leaf_weight=763.43249537725933 408.36758331209421 676.36111357435584 547.15691754221916 1507.3616211062763 1663.5868591414765 2061.6933318413794 1713.8432663029525 798.49326763278805 4567.8479059080128 2429.3618588447571 1648.4685193360783 1265.8445342758205 2945.9034236455336 3425.3447727840394
leaf_count=4234 2461 3880 1744 2406 9967 9738 18437 2996 105377 10839 7458 13935 19359 21935
internal_value=0.000281461 0.00207979 0.000858166 -0.00912415 0.00498607 -0.0145994 -0.0236107 -0.00815669 0.0056967 2.62982e-05 0.0116823 -0.00424219 0.0249426 -0.0127282
internal_weight=26423.1 25659.6 24983.3 8153.35 4133.65 2470.06 4019.7 2512.34 16829.9 12262.1 6407.37 2914.31 3493.06 5854.71
internal_count=234766 230532 226652 46005 22166 12199 23839 21433 180647 75270 42496 21393 21103 32774
is_linear=0
shrinkage=0.05


Tree=40
num_leaves=15
num_cat=0
split_feature=48 37 36 36 36 22 47 22 37 32 46 27 46 44
split_gain=1074.63 527.644 460.981 581.601 1264.56 664.884 629.133 1398.19 496.837 485.123 483.143 481.533 472.742 459.334
threshold=1.0000000180025095e-35 4.3036997318267831 0.95771291851997387 0.84680575132370006 0.76278772950172435 6.7804884910583505 4.3372693061828622 6.7929053306579599 2.3502402305603032 2.9174053668975835 0.97948163747787487 3.4652473926544194 0.50193798542022716 0.030446385964751247
decision_type=2 2 2 2 2 2 2 2 2 2 2 2 2 2
left_child=-1 2 3 4 5 10 7 11 -9 -10 12 -7 -2 -8
right_child=1 -3 -4 -5 -6 6 13 8 9 -11 -12 -13 -14 -15
leaf_value=-0.060489255978598382 -0.058910426451920919 0.046119608990886775 0.040387901262784916 -0.023741370565721575 0.044085034090149779 0.0091193174908920146 -0.021481340114382529 0.048635748186793143 -0.013132572284781742 0.044400697100035878 -0.063310619690866085 -0.065873078100318214 0.046092623386062931 -0.0025300278606807613
leaf_weight=697.92177551495843 107.95842044870369 649.09646054729819 703.83352756500244 2389.4940417639446 1653.8541937639238 323.50020878016949 4792.5009012315422 1609.8401346057653 951.57210999727249 582.57473527640104 119.25223690271378 610.24117603898048 1341.061640323489 9575.8148111943156
leaf_count=4352 5683 3880 2989 26460 11952 1391 10944 8679 1115 1624 3189 3362 115338 33808
internal_value=0.000274292 0.00196635 0.000790768 -0.00038399 0.00220155 -0.00127972 -0.00394275 0.0133691 0.0293168 0.00886108 0.0298693 -0.0400702 0.0379193 -0.00886171
internal_weight=26108.5 25410.6 24761.5 24057.7 21668.2 20014.3 18446 4077.73 3143.99 1534.15 1568.27 933.741 1449.02 14368.3
internal_count=234766 230414 226534 223545 197085 185133 60923 16171 11418 2739 124210 4753 121021 44752
is_linear=0
shrinkage=0.05


Tree=41
num_leaves=15
num_cat=0
split_feature=36 37 48 47 27 37 43 27 47 27 27 54 23 27
split_gain=1013.83 497.447 432.69 579.546 832.53 749.742 580.486 579.594 525.853 555.011 735.804 521.498 518.484 595.041
threshold=0.087121214717626586 4.3036997318267831 0.67116460204124462 4.3502571582794198 3.5549397468566899 1.4978661537170412 4.1190040111541757 6.3587081432342538 6.148386001586915 5.4617087841033944 5.4574534893035898 1.0000000180025095e-35 2.9700856208801274 3.2384861707687382
decision_type=2 2 2 2 2 2 2 2 2 2 2 2 2 2
left_child=-1 2 3 4 5 -2 -5 -8 12 10 -10 -7 -4 -14
right_child=1 -3 8 6 -6 11 7 -9 9 -11 -12 -13 13 -15
leaf_value=-0.058462131297050079 0.049483712452059153 0.045700749153432987 0.027525295978989159 -0.046958870548235727 0.040752545316550898 -0.0031954770555069952 0.0056692378074964279 -0.051282780381718664 0.041437195776318762 0.030061854019814101 -0.082713465807108866 -0.051269606469846088 -0.041634367902987197 0.00039598479320606224
leaf_weight=704.45404528616928 443.33142201602459 623.04622356966138 1577.0835240706801 1478.6456167316064 1134.3095039790496 1566.9352694600821 1929.4284787895158 570.71756410598755 205.88959045708179 3096.9740909971297 259.38921135663986 872.73075364530087 905.53588127344847 10495.589972331189
leaf_count=4234 2599 3880 4535 2406 9522 4668 21085 348 481 24616 226 5377 1359 149430
internal_value=0.000271834 0.00193892 0.000809534 -0.00873348 0.00466062 -0.00963146 -0.022235 -0.00748392 0.00542537 0.0224131 -0.0280599 -0.0205319 0.000748928 -0.00297584
internal_weight=25864.1 25159.6 24536.6 7996.1 4017.31 2883 3978.79 2500.15 16540.5 3562.25 465.279 2439.67 12978.2 11401.1
internal_count=234766 230532 226652 46005 22166 12644 23839 21433 180647 25323 707 10045 155324 150789
is_linear=0
shrinkage=0.05


Tree=42
num_leaves=15
num_cat=0
split_feature=48 37 36 36 36 22 47 22 37 32 46 46 27 44
split_gain=962.109 470.689 425.241 508.421 1161.11 601.628 548.394 1236.33 473.315 445.051 440.461 440.777 419.293 407.735
threshold=1.0000000180025095e-35 4.3036997318267831 0.95771291851997387 0.84680575132370006 0.76278772950172435 6.7804884910583505 4.3372693061828622 6.7929053306579599 2.3502402305603032 2.9174053668975835 0.97948163747787487 0.50193798542022716 3.4652473926544194 0.10412730276584627
decision_type=2 2 2 2 2 2 2 2 2 2 2 2 2 2
left_child=-1 2 3 4 5 10 7 12 -9 -10 11 -2 -7 -8
right_child=1 -3 -4 -5 -6 6 13 8 9 -11 -12 -13 -14 -15
leaf_value=-0.059648627598492522 -0.05535506550416365 0.045276860176386748 0.039643138521605711 -0.022265655453257441 0.043226710046537935 0.008815643708788656 -0.015131378664372181 0.047884343359997 -0.01249751995069882 0.043559758430366094 -0.058412773210164207 0.045263068999155998 -0.061004771744679866 0.0021770012396418567
leaf_weight=643.05826931586489 110.42572738742456 598.16071712970734 672.86555705219507 2376.0838724942878 1576.3307135089999 323.93930041790009 8654.6350735910237 1516.3199244663119 948.68049466609955 551.95642686635256 123.53208984993398 1285.6975685557118 616.43640506640077 5599.0025935433805
leaf_count=4352 5683 3880 2989 26460 11952 1391 20823 8679 1115 1624 3189 115338 3362 23929
internal_value=0.000261386 0.00182852 0.000743324 -0.000378135 0.00207199 -0.0012362 -0.00376404 0.0126817 0.0282741 0.00827304 0.028883 0.0369677 -0.0371134 -0.00833568
internal_weight=25597.1 24954.1 24355.9 23683 21307 19730.6 18211 3957.33 3016.96 1500.64 1519.66 1396.12 940.376 14253.6
internal_count=234766 230414 226534 223545 197085 185133 60923 16171 11418 2739 124210 121021 4753 44752
is_linear=0
shrinkage=0.05


Tree=43
num_leaves=15
num_cat=0
split_feature=18 37 15 36 47 46 27 36 27 27 21 27 27 32
split_gain=917.737 465.631 420.603 306.51 297.339 375.721 304.302 814.789 354.19 395.879 283.534 278.358 304.907 239.413
threshold=5.6112999916076669 4.3036997318267831 0.014620264060795309 0.95771291851997387 6.148386001586915 0.31222625076770788 6.3587081432342538 0.66450217366218578 5.4617087841033944 5.4574534893035898 0.76832255721092235 6.3569750785827646 6.3500125408172616 4.1190040111541757
decision_type=2 2 2 2 2 2 2 2 2 2 2 2 2 2
left_child=-1 2 3 4 5 -2 8 -8 9 -6 -10 12 13 -7
right_child=1 -3 -4 -5 6 11 7 -9 10 -11 -12 -13 -14 -15
leaf_value=-0.048911931397270306 0.040816229113037228 0.046568532500655124 0.0089214781526528401 0.039330170877292923 0.036560048016000928 -0.0059229886779837652 -0.049475135990001445 0.0473161336913899 -0.015803980908902709 -0.080481844729108992 0.04326988132174743 -0.070625100319353415 0.053549864021331363 -0.022333647755299155
leaf_weight=904.73513664212078 351.80852521769702 564.79310320317745 9881.3820124546764 377.2423935085535 122.57743103802204 7143.4964866861701 573.33985686302185 337.11245376802981 241.95145254395902 151.59901821613312 1124.8160351738334 182.57706332206726 176.2211240530014 3223.6863001632737
leaf_count=6116 2128 3858 103063 1733 282 37509 517 740 3051 134 11688 169 1047 62731
internal_value=0.00025926 0.00209782 0.00102733 -0.0045443 -0.00578664 -0.00933018 0.00957523 -0.0135116 0.0223889 -0.0287102 0.0327735 -0.0110115 -0.0099132 -0.0110425
internal_weight=25357.3 24452.6 23887.8 14006.4 13629.2 11077.8 2551.4 910.452 1640.94 274.176 1366.77 10726 10543.4 10367.2
internal_count=234766 228650 224792 121729 119996 103584 16412 1257 15155 416 14739 101456 101287 100240
is_linear=0
shrinkage=0.05


Tree=44
num_leaves=15
num_cat=0
split_feature=36 37 36 36 36 22 43 44 27 33 22 22 38 32
split_gain=868.458 418.594 380.675 460.969 1071.95 523.865 504.93 551.104 646.531 559.207 1201.09 509.077 642.706 560.785
threshold=0.087121214717626586 4.3036997318267831 0.95771291851997387 0.84680575132370006 0.76278772950172435 6.7804884910583505 4.0859410762786874 0.10412730276584627 6.3587081432342538 0.89587974548339855 6.8007264137268075 6.7929053306579599 1.0000000180025095e-35 4.0859410762786874
decision_type=2 2 2 2 2 2 2 2 2 2 2 2 2 2
left_child=-1 2 3 4 5 -2 11 -8 -9 10 -10 -7 -13 -14
right_child=1 -3 -4 -5 -6 6 7 8 9 -11 -12 12 13 -15
leaf_value=-0.057338911757719872 0.027341497365153757 0.044419124459456338 0.038655504413993805 -0.021122425985899657 0.042450974066898538 -0.029921930805091347 -0.017189947171535602 0.012399417160593241 -0.10717328576259566 -0.06977798135171133 0.052878231094108101 0.025536714650108767 0.0039767557165443354 -0.083914051351923521
leaf_weight=628.04280963400379 1486.5244040265679 551.57288902625442 634.57612133771181 2375.9615097572096 1514.2190975981066 683.48214162141085 7698.9902325160801 4241.0227020438761 159.06974762678146 488.7824655175209 372.27449649572372 3539.0740690715611 593.81878863275051 250.84213671833277
leaf_count=4234 124328 3880 2989 26460 11953 3587 20168 22288 244 299 536 12577 994 229
internal_value=0.000252827 0.00174645 0.000749252 -0.000294606 0.00206765 -0.00108612 -0.0034441 -0.00867506 0.00379432 -0.0317532 0.00386859 0.00992557 0.0161923 -0.0228009
internal_weight=25218.3 24590.2 24038.6 23404.1 21028.1 19513.9 18027.4 12960.1 5261.15 1020.13 531.344 5067.22 4383.73 844.661
internal_count=234766 230532 226652 223663 197203 185250 60922 43535 23367 1079 780 17387 13800 1223
is_linear=0
shrinkage=0.05


Tree=45
num_leaves=15
num_cat=0
split_feature=48 47 27 36 36 36 22 15 37 22 37 37 47 53
split_gain=828.768 419.492 484.478 1177.17 588.865 529.182 1133.32 441.617 390.017 590.029 480.841 686.505 607.137 1120.04
threshold=1.0000000180025095e-35 6.148386001586915 6.3587081432342538 0.60656467080116283 0.33549784123897558 0.59870129823684703 6.8007264137268075 0.040478009730577476 3.1984648704528813 6.7996129989624032 3.0129330158233647 2.6735538244247441 4.3502571582794198 1.0000000180025095e-35
decision_type=2 2 2 2 2 2 2 2 2 2 2 2 2 2
left_child=-1 7 4 5 -3 6 -4 8 10 -10 11 12 13 -2
right_child=1 2 3 -5 -6 -7 -8 -9 9 -11 -12 -13 -14 -15
leaf_value=-0.058738722648305798 -0.0054259533012192759 -0.032686467000704419 -0.10055246941420162 0.049517131813967621 0.034473555410262133 -0.074477662515861937 0.051129758653164319 0.020082724217666065 -0.0044308688001119144 0.04535041351266679 -0.040334660059494501 0.043496439618595693 -0.016550880478493846 0.051825063753615112
leaf_weight=571.66631548828445 4695.8777648527175 362.33976343646646 181.57524085044861 575.93492259457707 2740.5385277271271 514.32224488258362 334.79586279392242 2096.0292933724122 1610.7781612779945 932.63843017816544 1011.185462429421 689.59748276998289 7623.6810967692873 1033.8894720450044
leaf_count=4352 34633 1303 257 1396 28237 312 554 19923 18172 3920 1606 2553 113862 3686
internal_value=0.000245684 0.00165094 0.0150397 -0.00721905 0.0265511 -0.0390935 -0.00310434 -0.00155682 -0.00414422 0.0139294 -0.00720498 -0.00479244 -0.00731685 0.00497682
internal_weight=24974.9 24403.2 4709.51 1606.63 3102.88 1030.69 516.371 19693.7 17597.6 2543.42 15054.2 14043 13353.4 5729.77
internal_count=234766 230414 32059 2519 29540 1123 811 198355 178432 22092 156340 154734 152181 38319
is_linear=0
shrinkage=0.05


Tree=46
num_leaves=15
num_cat=0
split_feature=48 47 27 36 36 36 22 15 37 22 37 37 47 53
split_gain=781.31 388.674 448.721 1096.64 546.607 503.257 996.862 400.617 355.723 560.664 441.318 637.326 547.486 1054.78
threshold=1.0000000180025095e-35 6.148386001586915 6.3587081432342538 0.60656467080116283 0.33549784123897558 0.59870129823684703 6.8007264137268075 0.040478009730577476 3.1984648704528813 6.7996129989624032 3.0129330158233647 2.6735538244247441 4.3502571582794198 1.0000000180025095e-35
decision_type=2 2 2 2 2 2 2 2 2 2 2 2 2 2
left_child=-1 7 4 5 -3 6 -4 8 10 -10 11 12 13 -2
right_child=1 2 3 -5 -6 -7 -8 -9 9 -11 -12 -13 -14 -15
leaf_value=-0.058218569605439231 -0.0051493744846579682 -0.031096385064388107 -0.090025130177028595 0.049191012775104181 0.033723979139366492 -0.073042536747980544 0.050467696790445105 0.019185520355883737 -0.0042053121710811017 0.044941855426328427 -0.038799868395654767 0.042777881024547694 -0.015702170022391822 0.051324643614201686
leaf_weight=548.60954098380171 4701.0936475023627 362.3355356566608 193.50502341985703 551.45175447128713 2663.5757927736267 498.79680144786835 322.66828835010529 2085.1004080590792 1612.7987249251455 895.10465368628502 999.32714803842828 666.86991940194275 7634.219711307087 992.90877655148506
leaf_count=4352 34633 1303 257 1396 28237 312 554 19923 18172 3920 1606 2553 113862 3686
internal_value=0.000243039 0.00159298 0.0146683 -0.00702667 0.0258853 -0.0377527 -0.00291076 -0.00147848 -0.00394979 0.0134448 -0.00686616 -0.00455984 -0.00695866 0.00477117
internal_weight=24728.4 24179.8 4592.33 1566.42 3025.91 1014.97 516.173 19587.4 17502.3 2507.9 14994.4 13995.1 13328.2 5694
internal_count=234766 230414 32059 2519 29540 1123 811 198355 178432 22092 156340 154734 152181 38319
is_linear=0
shrinkage=0.05


Tree=47
num_leaves=15
num_cat=0
split_feature=18 37 15 36 31 31 22 47 48 38 33 46 46 48
split_gain=747.296 378.561 354.717 246.414 231.058 744.118 566.486 521.813 479.878 362.999 501.007 341.921 327.593 318.674
threshold=5.6112999916076669 4.3036997318267831 0.014620264060795309 0.95771291851997387 0.75882840156555187 0.73157078027725231 6.7996129989624032 4.2696731090545663 0.67124816775321972 1.0000000180025095e-35 1.8688347935676577 0.97948163747787487 0.92892390489578258 0.91387656331062328
decision_type=2 2 2 2 2 2 2 2 2 2 2 2 2 2
left_child=-1 2 3 4 5 -2 7 -6 -8 10 12 -9 13 -10
right_child=1 -3 -4 -5 6 -7 8 11 9 -11 -12 -13 -14 -15
leaf_value=-0.046696212029605666 -0.0070917293567313647 0.045219469988070513 0.0082865947623476845 0.037395813194850538 -0.036613263901204993 0.03843658244205881 -0.050486420988183511 0.017913349265941798 0.020371434972567593 -0.039828114004054893 -0.061104516343838081 -0.085571877628959986 -0.062459290021873864 -0.023312311110151682
leaf_weight=809.68080881505739 4129.7822819356807 483.01292905583978 9614.239828288788 336.16524533927441 595.66897906549275 1135.9467208907008 1103.0033110678196 2593.0918734406587 1668.7346719801426 919.56053072214127 322.14448221027851 72.560932921245694 160.11391267180443 546.52676922082901
leaf_count=6116 66522 3858 103063 1733 6766 6940 903 32789 2263 646 420 1865 166 716
internal_value=0.000240089 0.00186396 0.000942127 -0.00425855 -0.005343 0.00278408 -0.0107016 0.0053158 -0.0217566 -0.0128806 -0.00358129 0.0147871 0.00444337 0.00953789
internal_weight=24490.2 23680.6 23197.5 13583.3 13247.1 5265.73 7981.41 3261.32 4720.08 3617.08 2697.52 2665.65 2375.38 2215.26
internal_count=234766 228650 224792 121729 119996 73462 46534 41420 5114 4211 3565 34654 3145 2979
is_linear=0
shrinkage=0.05


Tree=48
num_leaves=15
num_cat=0
split_feature=36 37 48 47 27 37 43 42 48 54 29 31 32 37
split_gain=708.638 335.403 326.786 396.907 720.597 603.198 503.239 443.036 450.732 407.521 362.192 536.86 421.597 721.738
threshold=0.087121214717626586 4.3036997318267831 0.67116460204124462 4.3502571582794198 3.5549397468566899 1.4978661537170412 4.1190040111541757 0.89587974548339855 0.57404628396034252 1.0000000180025095e-35 0.28818336129188543 0.79277813434600841 4.1026091575622567 0.89587974548339855
decision_type=2 2 2 2 2 2 2 2 2 2 2 2 2 2
left_child=-1 2 3 4 5 -2 -5 8 -8 -7 11 12 -4 -14
right_child=1 -3 10 6 -6 9 7 -9 -10 -11 -12 -13 13 -15
leaf_value=-0.056068567041395991 0.047995379932297466 0.04276514518446789 0.02305021599694378 -0.042978073216066219 0.039104080282178516 -0.0034624067513686686 0.0069642509128041491 0.065253811846658585 -0.039271125348025182 -0.046345473629713585 0.017503549707524019 -0.010795793478663428 -0.028810165146174724 0.021829706401453246
leaf_weight=536.47480361768976 379.55881244316697 472.87783934548497 3195.1754202367738 1401.5173566802405 1026.6422466384247 1521.0466291606426 1294.4152271477506 194.07334117405117 876.41003082413226 863.02200216054916 4110.804967266391 5647.7485420822632 1397.6867931103334 1396.9621821099427
leaf_count=4234 2599 3880 21103 2406 9522 4668 12950 1238 7245 5377 105377 32774 6702 14691
internal_value=0.000225923 0.00151907 0.00066417 -0.00787684 0.00354507 -0.00975787 -0.01935 -0.00522527 -0.0117965 -0.0191146 0.00476487 0.000253957 0.0106733 -0.00350922
internal_weight=24314.4 23777.9 23305.1 7556.69 3790.27 2763.63 3766.42 2364.9 2170.83 2384.07 15748.4 11637.6 5989.82 2794.65
internal_count=234766 230532 226652 46005 22166 12644 23839 21433 20195 10045 180647 75270 42496 21393
is_linear=0
shrinkage=0.05


Tree=49
num_leaves=15
num_cat=0
split_feature=48 47 28 27 27 36 36 22 46 34 28 0 42 37
split_gain=673.894 335.256 403.78 826.247 454.832 998.222 444.799 881.485 368.596 465.491 617.436 355.5 346.242 321.721
threshold=1.0000000180025095e-35 6.148386001586915 1.8688347935676577 5.4617087841033944 6.3587081432342538 0.60656467080116283 0.59870129823684703 6.8007264137268075 0.89679324626922619 0.65139010548591625 6.0969495773315439 0.0083683477714657801 2.79174816608429 3.1984648704528813
decision_type=2 2 2 2 2 2 2 2 2 2 2 2 2 2
left_child=-1 11 -3 -4 8 6 7 -6 9 -5 -11 13 -13 -2
right_child=1 2 3 4 5 -7 -8 -9 -10 10 -12 12 -14 -15
leaf_value=-0.057335549373439543 -0.0080522096954247641 0.049024078445683544 -0.07702900694504336 0.016716907350444159 -0.082070879920526918 0.048731267508858554 -0.071096123362772198 0.049784953291057761 0.045628021542658229 -0.011412497635431266 -0.27741525927312249 0.008540381271837599 0.086645439751391884 0.01296983271999924
leaf_weight=488.07493391586468 12801.353736225399 680.0165199264884 259.42850309610367 594.1699401428923 203.28149777650833 516.81717075407505 468.76499581336975 302.47476655244827 1264.8261823607609 67.667524166405201 22.853456020355225 4172.6667117956094 137.09647988528013 2112.1409844756126
leaf_count=4352 133823 1795 242 10348 257 1396 312 554 15730 1311 114 45328 118 19086
internal_value=0.000219936 0.00143385 0.0139005 0.00733094 0.0138962 -0.00686955 -0.0365518 -0.00377632 0.0297355 0.000143118 -0.099486 -0.00141261 0.0112198 -0.00506824
internal_weight=24091.6 23603.6 4380.3 3700.28 3440.86 1491.34 974.521 505.756 1949.52 684.691 90.521 19223.3 4309.76 14913.5
internal_count=234766 230414 32059 30264 30022 2519 1123 811 27503 11773 1425 198355 45446 152909
is_linear=0
shrinkage=0.05


Tree=50
num_leaves=15
num_cat=0
split_feature=36 37 15 36 46 49 27 36 31 31 47 47 37 48
split_gain=637.449 306.113 303.726 209.385 194.909 204.448 305.9 310.665 254.147 703.512 314.056 471.841 535.896 258.98
threshold=0.087121214717626586 4.3036997318267831 0.013684903271496298 0.95771291851997387 0.98380130529403698 0.33611895143985754 6.355238914489747 0.66450217366218578 0.75882840156555187 0.73157078027725231 4.3502571582794198 4.0689902305603036 1.4978661537170412 0.71990063786506664
decision_type=2 2 2 2 2 2 2 2 2 2 2 2 2 2
left_child=-1 2 3 4 5 8 -7 -8 9 10 11 12 -2 -10
right_child=1 -3 -4 -5 -6 6 7 -9 13 -11 -12 -13 -14 -15
leaf_value=-0.055400988424332276 0.047882934738799315 0.042031243292129372 0.0070561650471938622 0.035985493078637146 -0.10744679681308447 0.028250739137481384 -0.038584792096362557 0.030142241590135167 -0.030627548707054073 0.037842312899639588 -0.025046565962877822 0.032815840968057612 -0.029638682219520714 -0.007752897871743593
leaf_weight=494.46031551773194 268.27597048506141 444.69867589697242 10164.839714880218 301.69587887823582 36.742553796619177 1017.321473001386 455.54698398709297 245.25942090339959 1770.2639802505728 1003.4882532274351 1692.7144946237095 840.36958601232618 1119.7032939903438 4092.195342781255
leaf_count=4234 2073 3880 110463 1660 883 45243 616 829 4532 6401 18953 7696 5462 21841
internal_value=0.000209998 0.00140555 0.000602435 -0.00450678 -0.00550872 -0.00512359 0.010852 -0.0144469 -0.00767584 0.000699746 -0.00887796 0.00346119 -0.0144196 -0.0147007
internal_weight=23947.6 23453.1 23008.4 12843.6 12541.9 12505.1 1718.13 700.806 10787 4924.55 3921.06 2228.35 1387.98 5862.46
internal_count=234766 230532 226652 116189 114529 113646 46688 1445 66958 40585 34184 15231 7535 26373
is_linear=0
shrinkage=0.05


Tree=51
num_leaves=15
num_cat=0
split_feature=48 47 28 27 27 36 36 22 46 39 28 15 31 43
split_gain=605.088 303.555 378.984 762.463 408.053 912.409 426.226 778.406 357.48 436.468 624.192 318.477 311.402 295.984
threshold=1.0000000180025095e-35 6.148386001586915 1.8688347935676577 5.4617087841033944 6.3587081432342538 0.60656467080116283 0.59870129823684703 6.8007264137268075 0.89679324626922619 0.61884555220603954 6.0969495773315439 0.040478009730577476 0.87862634658813488 6.1191973686218271
decision_type=2 2 2 2 2 2 2 2 2 2 2 2 2 2
left_child=-1 11 -3 -4 8 6 7 -6 9 -5 12 13 -11 -2
right_child=1 2 3 4 5 -7 -8 -9 -10 10 -12 -13 -14 -15
leaf_value=-0.056592246344369705 -0.0030937788303116503 0.04845141623661043 -0.074851389963980233 0.022664764335457693 -0.073587544236323382 0.04835247622985353 -0.069691632283836499 0.049336802538188097 0.044989810526982192 -0.14553736881928489 -0.2151287463462481 0.017223662735145622 0.031794768153191037 -0.089466145419297344
leaf_weight=449.89526964665856 16974.630125757423 643.65603009611368 253.74362069368362 512.20063101593405 214.51431882381439 490.5811861269176 449.63955140113831 292.08331745862961 1204.4743520263582 21.69519461505115 41.338582441210747 2047.3481859003659 103.42590960953385 89.787996543571353
leaf_count=4352 176228 1795 242 8861 257 1396 312 554 15730 375 181 19923 2356 2204
internal_value=0.000203392 0.00132198 0.0134297 0.00702222 0.0134665 -0.00648421 -0.0348265 -0.00313132 0.0287479 -0.000312687 -0.0682926 -0.00136176 -0.00744876 -0.00360038
internal_weight=23789 23339.1 4227.35 3583.7 3329.95 1446.82 956.237 506.598 1883.13 678.66 166.46 19111.8 125.121 17064.4
internal_count=234766 230414 32059 30264 30022 2519 1123 811 27503 11773 2912 198355 2731 178432
is_linear=0
shrinkage=0.05


Tree=52
num_leaves=15
num_cat=0
split_feature=18 37 47 22 46 22 22 22 19 36 32 32 28 42
split_gain=577.197 306.401 296.707 624.523 467.241 437.1 434.303 696.199 557.625 423.997 843.988 742.27 717.048 808.467
threshold=5.6112999916076669 4.3036997318267831 3.9792884588241582 6.7804884910583505 0.97948163747787487 6.7951462268829355 6.7929053306579599 6.7962646484375009 0.13905907422304156 0.68210527300834667 3.5259279012680058 4.1190040111541757 3.8815106153488164 1.2424533367156985
decision_type=2 2 2 2 2 2 2 2 2 2 2 2 2 2
left_child=-1 2 5 4 -4 -2 8 -8 -5 11 -11 -9 -13 -14
right_child=1 -3 3 6 -6 -7 7 9 -10 10 -12 12 13 -15
leaf_value=-0.043835646900509853 -0.028127270987711547 0.043711351514683437 0.039090629934400371 -0.050473297190467642 -0.05118148460741935 0.041110687218527044 0.032220866980449799 0.0055159248053963973 0.0038904796810483623 -0.0078183400591991976 0.039566713898078386 -0.058366717737219298 -0.01906714118694159 0.048036091621021224
leaf_weight=711.77544255531393 1592.925805978477 413.47088369727135 1588.2744420494419 919.94737910479307 148.89009513705969 256.68546595051885 1743.5385975539684 6428.0871908217669 954.54247342050076 2086.8256689682603 1695.5067851021886 973.90114171802998 3644.006019718945 502.06452769041061
leaf_count=6116 16801 3858 136482 9173 3665 1485 12183 12247 13476 4966 5567 850 7260 637
internal_value=0.000190458 0.00157447 0.000782306 0.00250099 0.0311049 -0.0183492 -0.000136392 0.00237646 -0.022916 -0.00103657 0.0134713 -0.00579586 -0.0199808 -0.0108453
internal_weight=23660.4 22948.7 22535.2 20685.6 1737.16 1849.61 18948.4 17073.9 1874.49 15330.4 3782.33 11548.1 5119.97 4146.07
internal_count=234766 228650 224792 206506 140147 18286 66359 43710 22649 31527 10533 20994 8747 7897
is_linear=0
shrinkage=0.05


Tree=53
num_leaves=15
num_cat=0
split_feature=36 24 37 22 43 48 36 28 47 22 22 37 53 32
split_gain=547.946 266.673 277.92 573.749 296.938 319.678 301.917 343.838 316.692 541.923 1130.03 335.066 1209.25 1112.06
threshold=0.087121214717626586 0.86409941315650951 3.1984648704528813 6.7996129989624032 2.8617925643920903 0.19441274553537372 0.41885964572429663 3.9415346384048466 3.7810807228088383 6.7804884910583505 6.7900948524475107 1.8688347935676577 1.0000000180025095e-35 4.1026091575622567
decision_type=2 2 2 2 2 2 2 2 2 2 2 2 2 2
left_child=-1 2 4 -4 -2 -6 7 -7 -8 -10 -11 13 -13 -12
right_child=1 -3 3 -5 5 6 8 -9 9 10 11 12 -14 -15
leaf_value=-0.054268907320281695 0.036686010361424368 0.021656695619833924 -0.0018813891838718084 0.046313206365434414 -0.031947345668637377 -0.027713124265251785 -0.041655469833817564 0.016611994318385698 0.031099259091354949 -0.054969984603886413 0.024597769529044508 0.017035362073918824 -0.052518528762027464 -0.0093163866725670154
leaf_weight=443.02218777709641 465.62640004605055 1488.0861077783629 1788.4739979524165 932.631537117064 916.69814989552833 1947.5653940443881 415.0044457949698 556.12588068889454 1443.1797404297395 895.6760392729193 4689.2969924882054 1427.5805047526956 1096.5494391322136 4969.2533630020916
leaf_count=4234 3761 16371 20285 4921 3889 4349 5382 5957 128024 8609 15015 4330 857 8782
internal_value=0.000187855 0.00125844 -0.000159919 0.0147459 -0.00232149 -0.00333035 -0.00180873 -0.0178406 0.0008887 0.00213238 -0.0010854 0.00291806 -0.0132687 0.0071576
internal_weight=23474.8 23031.7 21543.7 2721.11 18822.6 18356.9 17440.2 2503.69 14936.5 14521.5 13078.4 12182.7 2524.13 9658.55
internal_count=234766 230532 214161 25206 188955 185194 181305 10306 170999 165617 37593 28984 5187 23797
is_linear=0
shrinkage=0.05


Tree=54
num_leaves=15
num_cat=0
split_feature=48 47 28 27 27 36 36 22 46 19 43 47 47 22
split_gain=519.386 269.26 351.768 698.994 365.491 823.978 408.458 686.781 348.448 405.618 757.046 295.255 452.083 477.8
threshold=1.0000000180025095e-35 6.148386001586915 1.8688347935676577 5.4617087841033944 6.3587081432342538 0.60656467080116283 0.59870129823684703 6.8007264137268075 0.89679324626922619 0.60580512881279003 6.1081352233886728 4.770540952682496 4.6056699752807626 6.7929053306579599
decision_type=2 2 2 2 2 2 2 2 2 2 2 2 2 2
left_child=-1 11 -3 -4 8 6 7 -6 9 -5 -11 12 13 -2
right_child=1 2 3 4 5 -7 -8 -9 -10 10 -12 -13 -14 -15
leaf_value=-0.05544407865141511 -0.01855334477866441 0.047831219078109333 -0.073005614622998247 0.027114554170862788 -0.065916557221540648 0.047900975087211452 -0.068285000073998695 0.048889016113600546 0.044318446337887368 0.003291951619901911 -0.19167750040832837 -0.016038005329695047 0.055773982500768218 0.0041554339828308419
leaf_weight=402.20813444047235 2821.0220379652455 600.96053182333708 245.39411863684654 438.32823557779193 225.36954599618912 460.25126128830016 430.54251325130463 281.74236941337585 1144.9584928834811 170.6541996486485 60.108028721064329 2881.2114057539729 362.38266240525991 12730.519360207021
leaf_count=4352 46448 1795 242 7210 257 1396 312 554 15730 4312 251 110170 9970 31767
internal_value=0.000181847 0.00118466 0.0128476 0.00664625 0.0129394 -0.0062566 -0.033065 -0.00242066 0.027685 -0.00101195 -0.0533449 -0.00133913 0.0013305 2.68263e-05
internal_weight=23255.7 22853.4 4058.31 3457.35 3211.95 1397.91 937.654 507.112 1814.05 669.09 230.762 18795.1 15913.9 15551.5
internal_count=234766 230414 32059 30264 30022 2519 1123 811 27503 11773 4563 198355 88185 78215
is_linear=0
shrinkage=0.05


Tree=55
num_leaves=15
num_cat=0
split_feature=18 37 44 46 46 27 36 27 22 22 47 41 37 46
split_gain=492.02 269.007 268.645 289.171 268.161 264.545 215.372 371.166 286.768 428.592 291.855 574.463 374.826 302.608
threshold=5.6112999916076669 4.3036997318267831 0.030446385964751247 0.31222625076770788 0.97948163747787487 3.113268375396729 0.68210527300834667 5.349008560180665 6.7804884910583505 6.7929053306579599 4.3502571582794198 0.64583334326744091 2.3502402305603032 0.77498430013656627
decision_type=2 2 2 2 2 2 2 2 2 2 2 2 2 2
left_child=-1 2 3 -2 5 -4 8 -8 -5 -10 11 12 -11 -12
right_child=1 -3 4 6 -6 -7 7 -9 9 10 13 -13 -14 -15
leaf_value=-0.041894676521984128 0.042087568502039902 0.042795687633105539 -0.016993894686688205 0.029859669694409299 -0.066947119390517826 0.0071363999300502043 -0.012796581457450591 0.040378551433816627 -0.051984468905805492 0.052952744938410581 -0.038360328128567489 -0.046339470987668441 -0.0088472826920719828 -0.0062953639614712065
leaf_weight=664.72384128090926 274.87810404039919 376.4348969720304 1229.4899640865624 343.87145339976996 120.21182408928871 13636.384440061636 812.57563360221684 536.68261695012916 729.09492000937462 589.33311449363828 1231.0599553138018 343.67429719120264 411.15807747095823 1819.3062416315079
leaf_count=6116 1602 3858 6413 11281 2885 175674 7285 5079 6009 2559 1423 469 1053 3060
internal_value=0.00017536 0.00143888 0.000714672 -0.00729684 0.00450818 0.00513061 -0.00934695 0.00849588 -0.0137576 -0.0167375 -0.0107849 0.00858178 0.0277194 -0.0193191
internal_weight=23118.9 22454.2 22077.7 7091.63 14986.1 14865.9 6816.76 1349.26 5467.5 5123.63 4394.53 1344.17 1000.49 3050.37
internal_count=234766 228650 224792 39820 184972 182087 38218 12364 25854 14573 8564 4081 3612 4483
is_linear=0
shrinkage=0.05


Tree=56
num_leaves=15
num_cat=0
split_feature=36 15 37 22 28 31 22 31 36 33 37 27 22 22
split_gain=473.613 252.282 232.581 353.473 203.166 223.626 470.216 463.747 358.223 374.324 360.611 734.474 336.179 351.757
threshold=0.087121214717626586 0.013684903271496298 3.1984648704528813 6.7996129989624032 1.0000000180025095e-35 0.75882840156555187 6.7996129989624032 0.73157078027725231 0.78817948698997509 1.8688347935676577 1.0000000180025095e-35 5.4617087841033944 6.7929053306579599 6.787281036376954
decision_type=2 2 2 2 2 2 2 2 2 2 2 2 2 2
left_child=-1 2 4 -4 -2 7 12 -6 10 -10 11 -8 13 -7
right_child=1 -3 3 -5 5 6 8 -9 9 -11 -12 -13 -14 -15
leaf_value=-0.053240529539506844 -0.035047589837337918 0.0070554942390085628 -0.0030022964828637826 0.046502605105100042 -0.0044158357109430699 0.0015740632674571657 0.065909724158924099 0.037455343338729206 0.032393721074375596 -0.058637248821629233 -0.037412375348571232 -0.026098287712888649 0.025875629650399825 -0.065150358356588028
leaf_weight=397.72328252380248 566.56362022086978 10003.062810392235 1025.7785572521389 545.11043663322926 2825.8768107711803 1108.485108054243 278.51100781559944 852.6633604420349 527.87984476983547 133.28543919324875 2407.4015312641859 864.11339795589447 1217.4367965906858 230.23256738111377
leaf_count=4234 847 112083 11776 3141 60052 24813 324 5032 1002 282 2561 710 5936 1973
internal_value=0.000168724 0.00113235 -0.00357808 0.0143618 -0.00614785 -0.00454837 -0.0099369 0.00536488 -0.0201876 0.0134424 -0.0264711 -0.00329438 0.00696374 -0.0102992
internal_weight=22984.1 22586.4 12583.3 1570.89 11012.4 10445.9 6767.35 3678.54 4211.19 661.165 3550.03 1142.62 2556.15 1338.72
internal_count=234766 230532 118449 14917 103532 102685 37601 65084 4879 1284 3595 1034 32722 26786
is_linear=0
shrinkage=0.05


Tree=57
num_leaves=15
num_cat=0
split_feature=48 2 47 28 27 27 36 36 27 46 22 27 46 39
split_gain=452.001 250.693 268.963 309.125 575.373 328.583 415.157 645.241 328.76 233.529 232.417 401.248 365.9 322.829
threshold=1.0000000180025095e-35 0.013072453904896976 6.148386001586915 1.8688347935676577 5.4617087841033944 6.351757526397706 0.65159839391708385 0.59870129823684703 6.3534996509552011 0.87202519178390514 6.8007264137268075 6.3587081432342538 0.89679324626922619 0.59699738025665294
decision_type=2 2 2 2 2 2 2 2 2 2 2 2 2 2
left_child=-1 2 -2 -4 -5 9 7 10 -8 -6 11 12 13 -7
right_child=1 -3 3 4 5 6 8 -9 -10 -11 -12 -13 -14 -15
leaf_value=-0.054650293875176538 -0.002890410575919284 0.021601323102342595 0.046878283247899478 -0.07003981478382712 -0.059588800884725839 0.010698333913851221 -0.042187587033456708 -0.066313580115672566 0.041809415941727213 0.053184919801917675 0.047947513704356841 -0.061704259065843273 0.046350305341210318 -0.12150058736344836
leaf_weight=360.03232257161289 17407.614694176125 1383.7639681047294 531.45690979063511 221.09975770115852 41.745049264281988 120.55205374956131 128.40988569334149 402.38935597240925 777.3706949390471 560.01655787881464 256.76684139668941 219.43220770359039 354.18762708455324 63.436735447496176
leaf_count=4352 185993 14287 1683 226 848 629 2048 337 3277 17695 521 241 2326 303
internal_value=0.000161633 0.00106386 -0.0002936 0.0119751 0.00594793 0.0119123 0.00331032 -0.0135684 0.0295708 0.0445155 0.00779807 -0.00625664 0.0170644 -0.0387956
internal_weight=22828.3 22468.2 21084.5 3676.86 3145.41 2924.31 2322.55 1416.76 905.781 601.762 1014.38 757.609 538.176 183.989
internal_count=234766 230414 216127 30134 28451 28225 9682 4357 5325 18543 4020 3499 3258 932
is_linear=0
shrinkage=0.05


Tree=58
num_leaves=15
num_cat=0
split_feature=48 36 36 36 47 22 22 37 32 37 22 37 22 23
split_gain=425.349 234.584 365.45 782.843 383.367 648.275 481.762 471.326 444.518 418.254 1039.11 781.489 706.259 801.278
threshold=1.0000000180025095e-35 0.95771291851997387 0.84680575132370006 0.76278772950172435 4.3372693061828622 6.7929053306579599 6.7984981536865243 3.2755402326583867 3.4334666728973393 1.2424533367156985 6.8007264137268075 3.0129330158233647 6.8007264137268075 2.9700856208801274
decision_type=2 2 2 2 2 2 2 2 2 2 2 2 2 2
left_child=-1 2 3 4 5 8 -6 9 -2 12 11 -11 13 -8
right_child=1 -3 -4 -5 6 -7 7 -9 -10 10 -12 -13 -14 -15
leaf_value=-0.054044645231179203 0.022690467949320836 0.03442855918695252 -0.018521607079090004 0.03995996145013201 0.010433933025957659 0.026982726186947349 0.037288629072201235 0.041069970781830611 -0.041620933845326807 0.036744477407291656 -0.060649529402034247 -0.047062063934997789 0.013400549945077361 -0.026140845249733452
leaf_weight=346.32462330849376 418.79339587315917 503.30076466500759 2312.0282695414498 1289.1931520587532 4137.0383678054204 2721.2223282568157 559.71492865681648 427.29708094894886 715.14136623777449 712.97916550934315 1285.6621047854424 442.20026355981827 2855.0561574399471 3992.5516868829727
leaf_count=4352 5289 2989 26584 12206 148110 12063 1350 2893 6028 2116 978 642 2595 6571
internal_value=0.000154283 0.00101706 0.000232729 0.00245822 -0.000208789 0.0137755 -0.00395635 -0.00975458 -0.0178782 -0.0119992 -0.029907 0.00453494 -0.00606592 -0.0182774
internal_weight=22718.5 22372.2 21868.9 19556.8 18267.7 3855.16 14412.5 10275.5 1133.93 9848.16 2440.84 1155.18 7407.32 4552.27
internal_count=234766 230414 227425 200841 188635 23380 165255 17145 11317 14252 3736 2758 10516 7921
is_linear=0
shrinkage=0.05


Tree=59
num_leaves=15
num_cat=0
split_feature=18 37 0 42 49 46 22 36 31 37 47 47 41 22
split_gain=408.237 239.458 240.253 284.422 227.617 369.664 327.76 367.195 231.413 423.113 385.81 515.922 438.745 653.359
threshold=5.3729581832885751 4.3036997318267831 0.0083683477714657801 2.79174816608429 0.33611895143985754 0.96168524026870739 6.7984981536865243 0.64449843764305126 0.80684027075767528 2.6735538244247441 6.2215831279754648 4.770540952682496 0.61250001192092907 6.7996129989624032
decision_type=2 2 2 2 2 2 2 2 2 2 2 2 2 2
left_child=-1 2 4 -4 8 6 -6 -8 9 10 11 12 -2 -14
right_child=1 -3 3 -5 5 -7 7 -9 -10 -11 -12 -13 13 -15
leaf_value=-0.050053441319870877 0.0022526205079774716 0.041851985270660495 0.0079913012742938265 0.078001624964751534 0.031685331560500761 -0.096243124111251036 -0.025399627671013919 0.030304422405373722 -0.014383745927966044 0.021462969001592745 0.042011255822961599 -0.045240161198913706 0.028156746958354531 -0.054304952899279807
leaf_weight=387.77895436028484 5705.6110977549106 343.88884066790342 4736.6994834888028 139.86713582277298 1308.745809848886 67.964155487716198 764.21899861842394 468.94902271032333 4435.0488331082743 1765.8504260729533 396.37563932780176 819.27101720031351 327.01327767409384 843.73881754279137
leaf_count=4520 34416 3874 51559 118 75781 1553 1101 1627 26559 11846 830 14916 5344 722
internal_value=0.000150541 0.00105274 0.000389621 0.0101548 -0.00243204 0.0111191 0.0143556 -0.00414313 -0.00491252 -0.000641165 -0.0054853 -0.00798303 -0.00348485 -0.0312284
internal_weight=22511 22123.2 21779.4 4876.57 16902.8 2609.88 2541.91 1233.17 14292.9 9857.86 8092.01 7695.63 6876.36 1170.75
internal_count=234766 230246 226372 51677 174695 80062 78509 2728 94633 68074 56228 55398 40482 6066
is_linear=0
shrinkage=0.05


Tree=60
num_leaves=15
num_cat=0
split_feature=36 24 0 42 37 22 28 31 26 32 26 22 22 32
split_gain=391.742 219.892 217.601 259.073 219.866 400.458 299.509 249.082 556.908 465.198 398.089 389.429 562.563 421.969
threshold=0.087121214717626586 0.86409941315650951 0.0083683477714657801 2.79174816608429 3.1984648704528813 6.7996129989624032 1.0000000180025095e-35 0.75882840156555187 0.65022122859954845 3.3140207529067998 0.29864865541458135 6.7996129989624032 6.7929053306579599 4.1190040111541757
decision_type=2 2 2 2 2 2 2 2 2 2 2 2 2 2
left_child=-1 2 4 -4 6 -6 -2 8 10 -10 -8 12 -9 -14
right_child=1 -3 3 -5 5 -7 7 11 9 -11 -12 -13 13 -15
leaf_value=-0.052182778802964659 -0.035751456155753411 0.020241504300384815 0.0071437557131280791 0.073811535389602459 -0.0027715755699200292 0.045051607066362374 0.025994983623718899 -0.015521877163844573 0.048315814887863837 0.0047648975799305798 -0.022709429208771573 -0.017068825700375347 0.05593371669342339 0.0032868051448336124
leaf_weight=342.03377136390191 750.49536816775799 1378.5862922808155 4366.9857884974917 140.95423748344183 1375.5946417339146 631.34282580018044 530.09017172129825 1598.6342097321758 981.86646006070077 1612.5660044975812 1881.8961394117214 5249.8276669979095 676.87638649344444 856.58502650633454
leaf_count=4234 1116 16371 46995 118 16024 3940 3218 33146 7923 75886 12837 6018 2750 4190
internal_value=0.000145699 0.000981362 -0.00031338 0.00938708 -0.00302591 0.0124214 -0.00522581 -0.00348926 0.00532849 0.021369 -0.0119424 -0.00875607 0.00518725 0.0267372
internal_weight=22374.3 22032.3 20653.7 4507.94 16145.8 2006.94 14138.8 13388.3 5006.42 2594.43 2411.99 8381.92 3132.1 1533.46
internal_count=234766 230532 214161 47113 167048 19964 147084 145968 99864 83809 16055 46104 40086 6940
is_linear=0
shrinkage=0.05


Tree=61
num_leaves=15
num_cat=0
split_feature=36 2 47 28 31 31 27 48 27 43 29 36 36 22
split_gain=368.712 212.117 218.386 276.825 556.522 340.673 331.275 314.596 314.586 261.426 254.905 231.163 204 313.683
threshold=0.087121214717626586 0.013245614245533945 6.148386001586915 1.8688347935676577 0.88473191857337963 0.15260736644268039 6.351757526397706 0.6113148331642152 6.3534996509552011 6.112574815750123 0.80090224742889415 0.17424242943525317 0.60656467080116283 6.7996129989624032
decision_type=2 2 2 2 2 2 2 2 2 2 2 2 2 2
left_child=-1 2 11 -4 5 -5 -6 -8 9 -9 -11 -2 13 -10
right_child=1 -3 3 4 6 -7 7 8 12 10 -12 -13 -14 -15
leaf_value=-0.05159131398807898 0.034868847555257813 0.020706736888748106 0.045881467540786092 0.019295324093056114 0.052515447477689908 -0.064116102244027293 -0.036870199168034301 -0.1343249516287697 0.042242453389203752 -0.13994245780997208 0.029193616048290107 -0.0035133381040311391 0.04288982264671734 -0.019960366311561888
leaf_weight=329.1009873135481 391.75795339280739 1268.9996940069832 481.07411526143551 170.22338898852468 478.97025316767395 393.3340732390061 336.21999967843294 48.345469005405903 336.00925793498755 17.823540184646845 101.92686711251736 16707.323354661814 679.40009016823024 479.79999203979969
leaf_count=4234 1604 13395 1689 650 16433 2445 538 442 2469 314 1546 185141 3131 735
internal_value=0.000147131 0.000948141 -0.000277163 0.0110402 0.00539804 -0.0390244 0.015615 0.00655844 0.015505 -0.0475216 -0.00482576 -0.0026141 0.0228592 0.00586055
internal_weight=22220.3 21891.2 20622.2 3523.13 3042.05 563.557 2478.5 1999.53 1663.31 168.096 119.75 17099.1 1495.21 815.809
internal_count=234766 230532 217137 30392 28703 3095 25608 9175 8637 2302 1860 186745 6335 3204
is_linear=0
shrinkage=0.05


Tree=62
num_leaves=15
num_cat=0
split_feature=48 36 36 36 22 47 22 27 37 27 46 46 48 27
split_gain=353.805 204.512 314.344 719.972 346.605 395.369 720.329 417.582 348.193 360.051 305.667 377.453 299.219 297.619
threshold=1.0000000180025095e-35 0.95771291851997387 0.84680575132370006 0.76278772950172435 6.7804884910583505 4.3372693061828622 6.7929053306579599 3.113268375396729 3.2755402326583867 3.1984648704528813 0.50193798542022716 0.97948163747787487 0.61536341905593883 3.4652473926544194
decision_type=2 2 2 2 2 2 2 2 2 2 2 2 2 2
left_child=-1 2 3 4 10 6 13 -8 9 -7 -2 -12 -10 -6
right_child=1 -3 -4 -5 5 8 7 -9 12 -11 11 -13 -14 -15
leaf_value=-0.053059828345216997 -0.051905422516783241 0.033115094601811383 -0.017235006761511556 0.039108422144065499 0.013725116733883489 -0.0537039648156208 -0.01900572628395748 0.034558796406608382 -0.0094891230044816238 -0.0070996033585716406 0.041711490945955658 -0.041764656532069067 0.043630882790412773 -0.045654752754179906
leaf_weight=298.15448040136835 111.77317101275548 471.56679083406925 2304.4204597373027 1230.5884638038697 315.33274532109499 420.36027052998543 428.82408192753792 2201.3821423202753 458.98791895620525 11450.999769423157 1075.8989759105025 146.55216518417001 607.98109302669764 605.44099602848291
leaf_count=4352 5707 2989 26584 12206 1391 801 818 11245 1982 35884 115772 3364 8309 3362
internal_value=0.000141947 0.000892536 0.000165943 0.00227836 -0.000284993 -0.00227391 0.0124825 0.0257868 -0.00633038 -0.00879366 0.0241295 0.0314464 0.0209038 -0.0253902
internal_weight=22128.3 21830.1 21358.5 19054.1 17823.5 16489.3 3550.98 2630.21 12938.3 11871.4 1334.22 1222.45 1066.97 920.774
internal_count=234766 230414 227425 200841 188635 63792 16816 12063 46976 36685 124843 119136 10291 4753
is_linear=0
shrinkage=0.05


Tree=63
num_leaves=15
num_cat=0
split_feature=18 15 42 46 49 31 32 52 42 22 33 22 27 46
split_gain=340.253 204.954 210.234 206.62 197.698 231.795 386.102 515.474 687.88 511.645 497.842 360.575 442.136 315.12
threshold=5.6112999916076669 0.023793379776179794 2.79174816608429 0.98380130529403698 0.33611895143985754 0.80684027075767528 4.1190040111541757 1.0000000180025095e-35 1.4978661537170412 6.7996129989624032 0.89587974548339855 6.7996129989624032 3.2384861707687382 0.69091710448265087
decision_type=2 2 2 2 2 2 2 2 2 2 2 2 2 2
left_child=-1 3 -3 4 5 6 7 11 -9 -10 -8 -2 -13 -14
right_child=1 2 -4 -5 -6 -7 10 8 9 -11 -12 12 13 -15
leaf_value=-0.037988995784391098 -0.013083170676461524 0.0079927658226382464 0.06781573448799863 -0.087247250024546419 0.011968480116193418 -0.013130593744435107 -0.029433837380490543 0.045753475009608406 0.031157851997947551 -0.063298726606838371 0.01620974241795186 0.04795444490632414 0.041284991029671786 -0.018835288687337328
leaf_weight=559.95762512873625 2814.0378896472976 5102.8093344796216 141.48471811413765 60.170690713450313 2393.5500599945663 4330.4110258468427 1866.7408371816855 1492.3660555062816 262.33584327250719 294.51762300729752 868.67779406683985 654.21708282828331 283.03478282690048 841.22693835198879
leaf_count=6116 18309 60805 123 1285 73032 26404 15209 15073 2092 321 11971 2143 902 981
internal_value=0.000139257 0.00115394 0.00973271 -0.00163414 -0.00126025 -0.00357722 0.000843852 0.00735416 0.0281409 -0.0190352 -0.0149327 -0.00196205 0.0156094 -0.00346936
internal_weight=21965.5 21405.6 5244.29 16161.3 16101.1 13707.6 9377.15 6641.74 2049.22 556.853 2735.42 4592.52 1778.48 1124.26
internal_count=234766 228650 60928 167722 166437 93405 67001 39821 17486 2413 27180 22335 4026 1883
is_linear=0
shrinkage=0.05


Tree=64
num_leaves=15
num_cat=0
split_feature=36 36 36 36 22 37 47 22 37 27 46 46 43 27
split_gain=321.782 189.031 275.988 662.509 305.614 403.581 347.557 623.976 375.149 334.263 318.423 351.239 278.42 271.598
threshold=0.087121214717626586 0.95771291851997387 0.84680575132370006 0.76278772950172435 6.7804884910583505 3.2755402326583867 4.3372693061828622 6.7929053306579599 2.3502402305603032 3.1984648704528813 0.50193798542022716 0.95879089832305919 4.3241107463836679 3.4652473926544194
decision_type=2 2 2 2 2 2 2 2 2 2 2 2 2 2
left_child=-1 2 3 4 10 6 7 13 -9 -8 12 -12 -2 -6
right_child=1 -3 -4 -5 5 -7 9 8 -10 -11 11 -13 -14 -15
leaf_value=-0.050629739853447486 -0.0056978545368671276 0.032382283790803955 -0.016138486133734229 0.038257593255072053 0.013444006715615532 0.023342599619323633 -0.052507212306267495 0.044408375834330931 0.0023927601617612527 -0.006853991853057107 0.047046513492014122 -0.013962924041889658 -0.16838772514909472 -0.043304976935704322
leaf_weight=297.72657549689757 95.816473331535235 455.41931319236755 2300.6988777960651 1181.3496264345013 315.63107229024172 1407.6619882397354 405.91925355792046 1155.0008328594267 978.87733800336719 11398.090043779463 872.96147770492826 316.65644119586796 26.640179208712652 602.37666814774275
leaf_count=4234 2542 2989 26584 12207 1391 11914 801 8687 1692 35939 110246 8852 3321 3367
internal_value=0.000137835 0.000863621 0.000166912 0.00217444 -0.000271275 -0.00214932 -0.00457887 0.0104383 0.0252355 -0.00846704 0.0228478 0.0308258 -0.0511313 -0.0238588
internal_weight=21810.8 21513.1 21057.7 18757 17575.6 16263.6 14855.9 3051.89 2133.88 11804 1312.07 1189.62 122.457 918.008
internal_count=234766 230532 227543 200959 188752 63791 51877 15137 10379 36740 124961 119098 5863 4758
is_linear=0
shrinkage=0.05


Tree=65
num_leaves=15
num_cat=0
split_feature=18 2 48 31 48 23 27 33 33 27 22 28 46 32
split_gain=305.277 199.953 197.11 322.454 283.762 243.607 443.218 420.673 287.678 586.514 490.805 539.589 306.851 253.212
threshold=5.3729581832885751 0.013245614245533945 0.67116460204124462 0.31414473056793218 0.21585947275161746 2.9700856208801274 3.2384861707687382 1.7005987167358401 1.2424533367156985 5.349008560180665 6.7804884910583505 1.8688347935676577 0.95879089832305919 6.2075829505920419
decision_type=2 2 2 2 2 2 2 2 2 2 2 2 2 2
left_child=-1 2 3 -2 -5 7 -7 -4 10 -10 12 -12 -8 -13
right_child=1 -3 5 4 -6 6 8 -9 9 -11 11 13 -14 -15
leaf_value=-0.047335777369916149 0.014931100862555622 0.020278721862742582 0.043481388804326428 -0.041987695335988597 -0.008290897304849441 -0.035894097968879095 0.050300807190678282 -0.015247555516051029 -0.0098767660164001733 0.032949175350071906 0.04971458215737258 -0.013544648306989411 -0.012509063739947849 0.012892837928212608
leaf_weight=323.4787909599836 1280.4880419839174 1240.0185661278665 874.67570646107197 716.85599827056285 4514.2764544440433 758.10780327022076 663.37439381040167 458.93202432990074 1330.7494008685462 1978.6079312699148 398.84757006168365 5785.6603475548327 268.5909960437566 1065.2303736507893
leaf_count=4520 5897 13396 3223 3027 35218 1320 93429 1330 17395 21504 1085 21717 7500 4205
internal_value=0.000134027 0.000875618 -0.000331232 -0.00747681 -0.0129799 0.00309736 0.000879735 0.023308 0.00333494 0.0157503 -0.00169993 -0.00610376 0.0322585 -0.00942114
internal_weight=21657.9 21334.4 20094.4 6511.62 5231.13 13582.8 12249.2 1333.61 11491.1 3309.36 8181.7 7249.74 931.965 6850.89
internal_count=234766 230246 216850 44142 38245 172708 168155 4553 166835 38899 127936 27007 100929 25922
is_linear=0
shrinkage=0.05


Tree=66
num_leaves=15
num_cat=0
split_feature=48 15 42 46 48 31 26 22 31 37 32 27 23 37
split_gain=293.84 182.135 153.959 134.233 138.003 211.916 241.754 241.283 201.632 182.315 154.419 153.912 152.736 148.777
threshold=1.0000000180025095e-35 0.014620264060795309 2.79174816608429 0.98380130529403698 0.71990063786506664 0.75882840156555187 0.65022122859954845 6.7996129989624032 0.31414473056793218 3.1567740440368657 4.0251922607421884 3.1984648704528813 2.9174053668975835 1.2424533367156985
decision_type=2 2 2 2 2 2 2 2 2 2 2 2 2 2
left_child=-1 3 -3 4 5 6 8 10 -2 13 -7 -6 -13 -9
right_child=1 2 -4 -5 11 7 -8 9 -10 -11 -12 12 -14 -15
leaf_value=-0.051603854902348291 0.011372934803697471 0.0050986161180038656 0.044512012818153951 -0.077878843057176225 -0.03325277825187662 -0.034868767263671482 0.025721858917384377 -0.014510083958469689 -0.018706281241247475 0.016632120175456771 0.023727671659354931 0.04298255188691863 0.001835668435301762 -0.050073700609450211
leaf_weight=260.97217307315441 852.31499428488314 8676.3461204745108 245.31428047269583 49.807525029405951 291.70228211581707 147.2798290643841 663.94932560506277 458.22347867488861 1570.109854657203 166.79671086370945 386.15822815499268 223.51518402993679 6640.128198526334 868.26695567369461
leaf_count=4352 4092 104906 217 1014 1306 1198 15059 425 8682 466 4313 681 87027 1028
internal_value=0.000134469 0.000794156 0.00623097 -0.00314539 -0.0027788 -0.00904364 -0.00078017 -0.021562 -0.00811985 -0.031818 0.00720553 0.00170432 0.0032362 -0.0379891
internal_weight=21500.9 21239.9 8921.66 12318.3 12268.4 5113.1 3086.37 2026.73 2422.42 1493.29 533.438 7155.35 6863.64 1326.49
internal_count=234766 230414 105123 125291 124277 35263 27833 7430 12774 1919 5511 89014 87708 1453
is_linear=0
shrinkage=0.05


Tree=67
num_leaves=15
num_cat=0
split_feature=36 24 34 33 0 42 41 47 32 32 22 36 22 22
split_gain=276.998 178.021 191.232 205.265 177.973 211.895 157.733 581.29 366.812 570.664 585.753 420.428 581.896 413.064
threshold=0.087121214717626586 0.86409941315650951 0.67866185307502758 0.89587974548339855 0.0083683477714657801 2.79174816608429 0.61250001192092907 4.3693678379058847 3.5259279012680058 4.1190040111541757 6.7929053306579599 0.60656467080116283 6.7984981536865243 6.7940263748168954
decision_type=2 2 2 2 2 2 2 2 2 2 2 2 2 2
left_child=-1 4 -3 -4 6 -6 8 -8 -2 10 -10 12 -11 -13
right_child=1 2 3 -5 5 -7 7 -9 9 11 -12 13 -14 -15
leaf_value=-0.049406575114340996 -0.0097624749367875227 0.030954034026493618 0.020295825557317446 -0.051202018750346849 0.0063999760558025934 0.06674602566605542 -0.032415575648737753 0.021766023548307908 -0.0081453301951645279 0.019862697346361431 0.045933764517430739 -0.014178013417383529 -0.026876235826335526 0.037272761575491385
leaf_weight=268.59842673724052 6142.4657693067566 917.06563249602914 225.36393617931753 165.68543884158134 4230.0169261595001 140.84673757106066 1536.3820563638583 719.78578932955861 750.05114330537617 932.19890312221833 1480.3439848087728 621.665109237656 2270.4456424936652 1018.2273945473135
leaf_count=4234 24969 12675 3111 585 46995 118 4354 7016 14029 80949 8449 20630 2686 3966
internal_value=0.000124702 0.000776769 0.0185704 -0.0105188 -0.00040504 0.00849249 -0.00292254 -0.0151102 -0.000831969 0.00692653 0.0277925 -0.00272148 -0.0132524 0.0178006
internal_weight=21419.1 21150.5 1308.12 391.049 19842.4 4370.86 15471.6 2256.17 13215.4 7072.93 2230.4 4842.54 3202.64 1639.89
internal_count=234766 230532 16371 3696 214161 47113 167048 11370 155678 130709 22478 108231 83635 24596
is_linear=0
shrinkage=0.05


Tree=68
num_leaves=15
num_cat=0
split_feature=48 27 23 48 23 27 28 22 37 37 36 36 47 49
split_gain=266.08 168.642 344.482 310.036 244.062 337.867 378.512 370.321 690.302 549.363 880.141 696.727 767.268 506.307
threshold=1.0000000180025095e-35 3.113268375396729 2.3502402305603032 0.21585947275161746 2.9174053668975835 3.1984648704528813 1.8688347935676577 6.7996129989624032 3.1567740440368657 1.8688347935676577 0.70900535583496105 0.59870129823684703 4.3502571582794198 0.78145214915275585
decision_type=2 2 2 2 2 2 2 2 2 2 2 2 2 2
left_child=-1 -2 -3 -4 -5 -6 -7 -8 9 10 11 12 -9 -13
right_child=1 2 3 4 5 6 7 8 -10 -11 -12 13 -14 -15
leaf_value=-0.050813120076561774 -0.013595432122340779 0.04319144323584781 -0.029038571375617779 0.022695696602437004 -0.044990143704498699 0.028173366884014124 0.0077387534181083866 0.055053134922528668 0.044389985236455792 -0.048025070161792992 0.028991777892515416 -0.059595015458368643 -0.014389692006559401 0.046744704084509064
leaf_weight=243.3183843397419 1859.7113334052265 487.68511510267854 809.1297974945046 1360.3449068777263 384.35641074180603 1249.2878795415163 7220.4560389011167 445.2103688120842 570.68639922887087 925.67176929116249 1329.5724778473377 1110.9814158082008 3146.4818721413612 116.97413484752178
leaf_count=4352 9313 2773 3954 4935 850 3687 191689 912 4201 1197 2777 1178 2560 388
internal_value=0.000124956 0.000738575 0.00213646 0.00104145 0.00241969 0.00073526 0.00185305 -0.000376264 -0.00804015 -0.012326 -0.00688285 -0.0168189 -0.00565291 -0.0491694
internal_weight=21259.9 21016.5 19156.8 18669.2 17860 16499.7 16115.3 14866 7645.58 7074.89 6149.22 4819.65 3591.69 1227.96
internal_count=234766 230414 221101 218328 214374 209439 208589 204902 13213 9012 7815 5038 3472 1566
is_linear=0
shrinkage=0.05


Tree=69
num_leaves=15
num_cat=0
split_feature=18 2 37 47 22 46 46 46 22 22 22 27 19 37
split_gain=258.318 170.933 162.053 168.671 410.142 329.407 318.464 267.331 239.144 228.012 468.305 362.111 345.915 285.636
threshold=5.6112999916076669 0.013245614245533945 4.3036997318267831 3.9792884588241582 6.7804884910583505 0.97948163747787487 0.48823365569114691 0.31222625076770788 6.7951462268829355 6.7929053306579599 6.7962646484375009 3.3460417985916142 0.5479814112186433 1.2424533367156985
decision_type=2 2 2 2 2 2 2 2 2 2 2 2 2 2
left_child=-1 2 3 8 5 6 -5 -6 -2 12 11 -11 13 -9
right_child=1 -3 -4 4 7 -7 -8 9 -10 10 -12 -13 -14 -15
leaf_value=-0.034895801629295446 -0.022926429633707515 0.019144810969256253 0.038676228159734934 -0.080204796435561151 0.0321319050376885 -0.042604404177674332 0.040116407846282315 -0.056825858152566848 0.036302102496455844 -0.0047944095294738245 -0.0037099806554738535 0.047159737883276952 0.014445136093915859 -0.0078802913951099684
leaf_weight=503.79772670392413 1441.5885849185288 1210.5433180750115 255.0968038905412 48.510277338558808 559.32869666256011 145.33669310156256 1207.5567558344919 645.97695324197412 184.03409695625305 549.78703770041466 12396.903996475041 843.22593812271953 507.98497236706316 553.11101371049881
leaf_count=6116 15816 13383 3648 3652 3341 3290 124752 5295 1397 1485 27917 8674 7514 8486
internal_value=0.000122237 0.000997327 -0.000147973 -0.00068694 0.000751094 0.0265928 0.0348727 -0.00151953 -0.0160403 -0.00275404 -0.000614157 0.0267667 -0.019936 -0.0345003
internal_weight=21052.8 20549 19338.4 19083.3 17457.7 1401.4 1256.07 16056.3 1625.62 15497 13789.9 1393.01 1707.07 1199.09
internal_count=234766 228650 215267 211619 194406 131694 128404 62712 17213 59371 38076 10159 21295 13781
is_linear=0
shrinkage=0.05


Tree=70
num_leaves=15
num_cat=0
split_feature=48 44 26 27 1 37 46 37 23 31 22 28 36 31
split_gain=243.05 160.115 231.813 198.231 164.194 156.342 153.924 136.778 138.582 185.064 286.428 311.32 439.011 360.126
threshold=1.0000000180025095e-35 0.030446385964751247 0.91368830204010021 3.113268375396729 1.0000000180025095e-35 1.7005987167358401 0.31222625076770788 4.1937699317932138 2.3502402305603032 0.59896907210350048 6.7996129989624032 2.6020033359527592 0.79057019948959362 0.81194058060646068
decision_type=2 2 2 2 2 2 2 2 2 2 2 2 2 2
left_child=-1 6 3 5 -4 -3 -2 8 -5 -10 -11 13 -13 -12
right_child=1 2 4 7 -6 -7 -8 -9 9 10 11 12 -14 -15
leaf_value=-0.04997396716734695 0.033718862467284831 0.022140010829709671 -0.052499015340255764 0.043520446407427305 -0.00067922138391344762 -0.022932535989373323 -0.0071998574758775306 0.041848809581278096 -0.011131042915955253 0.016956669371300432 0.040418600342499951 -0.014330593116104885 0.029679724014090959 -0.0068715228035043348
leaf_weight=229.36364468128886 228.64042803505436 230.57662957906723 293.68427059613168 233.3630240149796 308.33625385444611 975.69745357707143 6360.6123148116749 264.92237700894475 1475.4412578210467 4640.0751248584129 869.95722022652626 3425.6032061725855 668.92403758317232 737.44792374968529
leaf_count=4352 1640 1026 4183 1344 4063 5443 39578 3489 12785 147417 2423 4262 2157 604
internal_value=0.000121131 0.000699694 0.00370176 0.0050606 -0.0264033 -0.0142058 -0.00573108 0.00695766 0.00615656 0.00538255 0.00774694 0.000235749 -0.00708582 0.0188144
internal_weight=20942.6 20713.3 14124 13522 602.021 1206.27 6589.25 12315.7 12050.8 11817.4 10342 5701.93 4094.53 1607.41
internal_count=234766 230414 189196 180950 8246 6469 41218 174481 170992 169648 156863 9446 6419 3027
is_linear=0
shrinkage=0.05


Tree=71
num_leaves=15
num_cat=0
split_feature=18 16 42 46 41 32 22 23 32 32 22 36 22 22
split_gain=232.75 161.252 208.58 163.589 169.395 469.24 395.343 252.716 250.218 454.686 526.331 362.476 542.469 379.379
threshold=5.3729581832885751 2.5000000000000004 2.79174816608429 0.98380130529403698 0.61250001192092907 4.1026091575622567 6.7984981536865243 4.9015574455261239 3.5259279012680058 4.1190040111541757 6.7929053306579599 0.63818180561065685 6.7984981536865243 6.8007264137268075
decision_type=2 2 2 2 2 2 2 2 2 2 2 2 2 2
left_child=-1 3 -3 4 8 7 -7 -6 -2 10 -10 12 -11 -13
right_child=1 2 -4 -5 5 6 -8 -9 9 11 -12 13 -14 -15
leaf_value=-0.044790999733412162 -0.0067353624308828866 0.0067474425450908971 0.06685663227071692 -0.074606404345103419 -0.013779453649600915 0.019079828409168068 -0.048162656083429595 0.038992997987428335 -0.0066076419064513255 0.019797233106347106 0.045365160297303503 0.0001221283148300015 -0.023430398814090349 0.049193149953833865
leaf_weight=274.53885223163525 6111.2687077950686 4855.0327020327095 138.94838469475508 66.708469359204173 433.95428526122123 272.99777382519096 1000.5007726550102 456.60610759723932 760.1723352172412 1030.9195873797871 1334.9514364786446 1094.8147301045246 2393.3486230000854 605.25764481723309
leaf_count=4520 26898 59720 122 1349 446 3434 1357 6370 14296 80544 8236 22673 3138 1663
internal_value=0.00012084 0.000742171 0.00855014 -0.00176744 -0.00140593 -0.0143473 -0.0337116 0.0134105 0.000704103 0.00700221 0.0265661 -0.00103279 -0.0103964 0.0177778
internal_weight=20830 20555.5 4993.98 15561.5 15494.8 2164.06 1273.5 890.56 13330.7 7219.46 2095.12 5124.34 3424.27 1700.07
internal_count=234766 230246 59842 170404 169055 11607 4791 6816 157448 130550 22532 108018 83682 24336
is_linear=0
shrinkage=0.05


Tree=72
num_leaves=15
num_cat=0
split_feature=36 24 22 22 37 38 27 32 22 22 46 48 28 48
split_gain=222.888 151.637 175.887 351.611 353.737 322.49 289.754 285.448 339.075 337.918 321.259 311.654 287.211 247.538
threshold=0.087121214717626586 0.86409941315650951 6.7929053306579599 6.7962646484375009 3.1984648704528813 1.0000000180025095e-35 3.3460417985916142 3.5831329822540288 6.7702026367187509 6.787281036376954 0.50193798542022716 0.93329241871833812 2.1383330821990971 0.94451466202735912
decision_type=2 2 2 2 2 2 2 2 2 2 2 2 2 2
left_child=-1 2 7 6 -5 -6 -4 8 -2 10 11 -9 -10 -13
right_child=1 -3 3 4 5 -7 -8 9 12 -11 -12 13 -14 -15
leaf_value=-0.047791410421575184 0.050199829072653072 0.017525479756844656 -0.0018308223597329255 -0.0025171405123941559 0.04277799588382486 -0.042877608243280532 0.043359148014200273 -0.048014671116912468 0.0028057686859475958 -0.044124223170110395 0.017675084027964732 0.10715425178703236 -0.046589354415588154 -0.0067838327370453935
leaf_weight=229.933829915768 125.02021790109575 1244.2785648615099 588.87894427776337 12450.243634730577 740.59353740885854 120.45019795000553 879.10148215293884 423.64017734595109 405.48492566309869 362.2652749568224 1834.3815133619355 54.162871124455705 1052.7155863204971 181.36879521119408
leaf_count=4234 5825 16371 1589 25271 6020 931 10397 9806 2541 3019 134247 1100 10247 3168
internal_value=0.000119929 0.00068138 -0.00041773 0.00220468 -0.000363981 0.0304411 0.0253415 -0.00913406 -0.0260902 0.000324411 0.00693239 -0.0227804 -0.0329284 0.0227144
internal_weight=20692.5 20462.6 19218.3 14779.3 13311.3 861.044 1467.98 4439.04 1583.22 2855.82 2493.55 659.172 1458.2 235.532
internal_count=234766 230532 214161 44208 32222 6951 11986 169953 18613 151340 148321 14074 12788 4268
is_linear=0
shrinkage=0.05


Tree=73
num_leaves=15
num_cat=0
split_feature=48 2 47 28 27 27 27 36 36 43 22 46 47 37
split_gain=210.548 149.247 146.787 238.136 421.776 249.515 288.619 350.939 550.033 269.63 219.732 210.719 201.109 466.208
threshold=1.0000000180025095e-35 0.013072453904896976 6.148386001586915 1.8688347935676577 5.4617087841033944 6.351757526397706 6.3534996509552011 0.60656467080116283 0.59870129823684703 6.112574815750123 6.7962646484375009 0.87202519178390514 4.4005842208862314 1.0000000180025095e-35
decision_type=2 2 2 2 2 2 2 2 2 2 2 2 2 2
left_child=-1 2 12 -4 -5 11 9 8 -8 -7 -11 -6 13 -2
right_child=1 -3 3 4 5 6 7 -9 -10 10 -12 -13 -14 -15
leaf_value=-0.048724885344098662 0.018565814593380449 0.017142575708970282 0.044261116793293857 -0.063947364412342653 -0.054138973241506454 -0.12297261213710305 0.012819819098090502 0.038566301881590194 -0.061582269376518374 -0.086186235101989153 0.043445056420603846 0.052234694854952683 -0.01198485041582948 -0.004661955820877875
leaf_weight=208.29822719580261 2826.2037907699123 1274.0656595552573 413.77667135000229 201.24238663911819 43.84951457940042 74.456120457500219 913.50581243634224 617.40397960320115 329.98130574822426 42.428482014685869 76.95704735442996 436.71350782364607 4075.5685491374461 9054.4196520550177
leaf_count=4352 12432 14287 1683 226 848 569 3622 3281 313 1063 834 17695 122208 51353
internal_value=0.000118875 0.000641731 -0.000466975 0.00937865 0.00396232 0.00958279 0.00192396 0.00807049 -0.00725787 -0.0545843 -0.00572521 0.0416228 -0.00241551 0.000874513
internal_weight=20588.9 20380.6 19106.5 3150.31 2736.54 2535.3 2054.73 1860.89 1243.49 193.842 119.386 480.563 15956.2 11880.6
internal_count=234766 230414 216127 30134 28451 28225 9682 7216 3935 2466 1897 18543 185993 63785
is_linear=0
shrinkage=0.05


Tree=74
num_leaves=15
num_cat=0
split_feature=18 15 42 26 46 43 41 22 44 47 22 37 27 36
split_gain=203.211 142.178 130.44 113.131 133.25 157.091 152.548 324.519 217.547 150.709 518.379 752.494 413.325 250.191
threshold=5.6112999916076669 0.014620264060795309 2.79174816608429 0.91673889756202709 0.85993686318397533 6.005120277404786 0.64583334326744091 6.7996129989624032 0.1573189124464989 4.3502571582794198 6.7929053306579599 2.3502402305603032 3.5549397468566899 0.63818180561065685
decision_type=2 2 2 2 2 2 2 2 2 2 2 2 2 2
left_child=-1 3 -3 4 5 6 9 -8 -9 10 -2 -12 -13 -11
right_child=1 2 -4 -5 -6 -7 7 8 -10 13 11 12 -14 -15
leaf_value=-0.03209798608797914 -0.021219919758109912 0.0047060046740803295 0.041163966973523071 -0.028809725248096149 0.0079398002133262043 -0.09649537296212797 0.018783332886133153 -0.044952441944813702 0.015757982505743052 -0.017080887241656909 0.049496031582894902 -0.021907367909202894 0.042725986542078959 0.012761915988983666
leaf_weight=468.27653651719447 1182.4430508245714 8223.1300959190121 243.14324137195945 391.21097875386477 2671.1600720039569 36.517719252966344 393.18090749438852 828.89385110139847 173.75200867652893 2506.2196148445364 1095.8346256129444 1011.5736894160509 316.54414572194219 965.90063963423017
leaf_count=6116 17217 104336 216 7029 25671 165 5865 754 94 47460 7413 2111 2425 7894
internal_value=0.00011163 0.000879927 0.00580037 -0.00272147 -0.00178383 -0.00484136 -0.00433313 -0.0193777 -0.03438 -0.00134331 0.00580766 0.0190252 -0.00629845 -0.00876618
internal_weight=20507.8 20039.5 8466.27 11573.2 11182 8510.86 8474.34 1395.83 1002.65 7078.52 3606.4 2423.95 1328.12 3472.12
internal_count=234766 228650 104552 124098 117069 91398 91233 6713 848 84520 29166 11949 4536 55354
is_linear=0
shrinkage=0.05


Tree=75
num_leaves=15
num_cat=0
split_feature=48 32 27 46 37 47 22 46 22 22 26 23 31 31
split_gain=194.38 153.044 267.562 205.779 136.938 156.819 398.738 304.839 264.403 338.297 438.583 340.486 375.327 511.885
threshold=0.19441274553537372 3.5259279012680058 5.4315338134765634 0.16003952175378802 4.3036997318267831 3.7810807228088383 6.7804884910583505 0.95879089832305919 6.7900948524475107 6.7984981536865243 0.63752728700637828 2.9700856208801274 0.7363455891609193 0.75599926710128795
decision_type=2 2 2 2 2 2 2 2 2 2 2 2 2 2
left_child=1 -1 -3 -4 5 -2 7 -7 -8 10 -10 -11 -13 -14
right_child=4 2 3 -5 -6 6 8 -9 9 11 -12 12 13 -15
leaf_value=-0.029879396730817701 -0.017855951620086574 0.049681846797032643 0.018172221573778492 -0.08044569285642221 0.037718322739244123 0.040495425603338013 -0.018234131872839537 -0.013418556957151504 -0.00080295415675692584 0.016235187993792876 0.037863299042692825 -0.030763432312359302 0.038497049602871078 -0.0057179204975818894
leaf_weight=896.50975820474559 1044.5857571214437 184.12771097943187 98.783686956390738 96.885488242609426 245.69518049247563 1066.5566099091666 1800.4952198797837 341.10044834110886 1578.1476841196418 2129.5690049082041 1359.3901401236653 1293.6359612196684 706.67105384916067 7550.0627244412899
leaf_count=6870 15578 681 493 2022 3872 129578 22706 9804 5432 5469 14653 2242 2883 12483
internal_value=0.000107372 -0.018707 0.00775529 -0.0321956 0.00137267 0.000879715 0.00198702 0.0274286 -0.000209674 0.00202142 0.0171582 -0.00179694 -0.00583057 -0.00189169
internal_weight=20392.2 1276.31 379.797 195.669 19115.9 18870.2 17825.6 1407.66 16418 14617.5 2937.54 11679.9 9550.37 8256.73
internal_count=234766 10066 3196 2515 224700 220828 205250 139382 65868 43162 20085 23077 17608 15366
is_linear=0
shrinkage=0.05


Tree=76
num_leaves=15
num_cat=0
split_feature=48 0 42 41 56 32 32 22 36 22 22 32 27 26
split_gain=183.972 134.608 172.981 143.736 450.377 283.536 387.443 437.689 320.41 557.72 381.192 306.202 340.719 450.46
threshold=1.0000000180025095e-35 0.0083683477714657801 2.79174816608429 0.61250001192092907 1.0000000180025095e-35 3.5259279012680058 4.1190040111541757 6.7929053306579599 0.63818180561065685 6.7984981536865243 6.7973818778991708 3.3140207529067998 5.4617087841033944 0.73144507408142101
decision_type=2 2 2 2 2 2 2 2 2 2 2 2 2 2
left_child=-1 3 -3 5 -5 11 7 -7 9 -8 -10 12 13 -2
right_child=1 2 -4 4 -6 6 8 -9 10 -11 -12 -13 -14 -15
leaf_value=-0.047152492552141476 0.0034058097356125384 0.0063087275462519526 0.061025530424401037 0.0068862081433331036 -0.03893425398164041 -0.0047964801422681639 0.022211444293364791 0.042816279817488125 -0.0099983162010960028 -0.022062673595521852 0.037568176632074381 -0.029490380001740302 0.031514879470322048 -0.032344101904972583
leaf_weight=193.83475990698207 2996.4139756970108 4448.7579809532035 139.51279026642442 1195.6301255696453 958.81243760883808 761.48499366547912 995.44944819854572 1299.609792098403 728.73337488912512 2426.388063326478 977.02736511826515 1256.6623815707862 650.40440495498478 1237.2516840323806
leaf_count=4352 11443 52397 118 9834 2166 14638 85916 8457 22546 3150 3790 6397 6871 2691
internal_value=0.000109811 0.000589472 0.00810156 -0.00164035 -0.0135914 0.000300045 0.00703547 0.0252872 -0.000335959 -0.00915566 0.017307 -0.00758345 -0.00189809 -0.00709339
internal_weight=20266 20072.1 4588.27 15483.9 2154.44 13329.4 7188.69 2061.09 5127.6 3421.84 1705.76 6140.73 4884.07 4233.67
internal_count=234766 230414 52515 177899 12000 165899 138497 23095 115402 89066 26336 27402 21005 14134
is_linear=0
shrinkage=0.05


Tree=77
num_leaves=15
num_cat=0
split_feature=18 2 26 37 49 46 22 48 26 36 36 36 28 31
split_gain=178.593 133.231 131.945 148.834 144.979 130.718 182.623 165.473 282.314 129.738 175.054 234.241 307.361 291.197
threshold=5.3729581832885751 0.013245614245533945 0.9571523666381837 4.3036997318267831 0.96293509006500255 0.31222625076770788 6.7702026367187509 0.21585947275161746 0.27036644518375402 0.20344828069210055 0.41885964572429663 0.32233765721321112 3.8815106153488164 0.8981662690639497
decision_type=2 2 2 2 2 2 2 2 2 2 2 2 2 2
left_child=-1 2 3 4 5 6 -2 8 -7 -9 11 12 -11 -13
right_child=1 -3 -4 -5 -6 7 -8 9 -10 10 -12 13 -14 -15
leaf_value=-0.04184054191919629 -0.088987546995280761 0.016900045726230131 -0.054827092062724118 0.040043124420883418 0.03335467449219702 0.045928309251575927 0.027955081789157395 0.030225688970479666 -0.032777448228185332 -0.020602088292018175 0.000586432669668564 -0.039903382641304476 0.03742805865717564 0.031694346008579836
leaf_weight=240.55956516345032 25.778397134505212 1174.4360498279566 100.66186137776822 218.42894520610571 299.70860302750953 123.04548454657197 576.00104867946357 320.85551430471241 822.91796059207991 531.47400953620672 14150.929997634725 992.09778500138782 384.50977946911007 157.81188883818686
leaf_count=4520 720 13396 2245 3537 13889 438 3596 1578 3291 1896 177209 3898 3284 1269
internal_value=0.000109172 0.000637605 -0.000391997 -6.81575e-05 -0.000566218 -0.00114647 0.0215729 -0.00194035 -0.0221665 -0.000770706 -0.00140223 -0.0149613 0.00389882 -0.0298889
internal_weight=20119.2 19878.7 18704.2 18603.6 18385.1 18085.4 601.779 17483.6 945.963 16537.7 16216.8 2065.89 915.984 1149.91
internal_count=234766 230246 216850 214605 211068 197179 4316 192863 3729 189134 187556 10347 5180 5167
is_linear=0
shrinkage=0.05


Tree=78
num_leaves=15
num_cat=0
split_feature=36 36 36 36 33 47 22 27 32 37 27 37 22 27
split_gain=170.832 128.633 197.723 495.576 247.624 203.862 311.508 275.518 250.251 225.421 291.032 299.64 1002.83 480.457
threshold=0.087121214717626586 0.95771291851997387 0.84680575132370006 0.76278772950172435 2.2499048709869389 4.3372693061828622 6.7929053306579599 3.113268375396729 3.4334666728973393 3.1567740440368657 3.1984648704528813 1.2424533367156985 6.8007264137268075 3.5549397468566899
decision_type=2 2 2 2 2 2 2 2 2 2 2 2 2 2
left_child=-1 2 3 5 -5 6 8 -8 -2 10 -7 13 -13 -12
right_child=1 -3 -4 4 -6 9 7 -9 -10 -11 11 12 -14 -15
leaf_value=-0.045092506743173597 0.020147651216248244 0.028745778755529638 -0.014050944628707172 0.047337626329065484 -0.015242384893866229 -0.048805607069620539 -0.014920586266598784 0.029843883752298475 -0.029434503914268009 0.020575659791049958 0.050276265791963204 0.0044337695770524542 -0.05530132544321447 -0.001667317830015726
leaf_weight=196.915702406317 393.84990909416229 387.12357243150473 2208.5762603087351 822.79560433339793 190.00415934307966 357.28352981805801 417.44727265834808 1806.196825388819 681.83701351378113 919.8761067702435 460.7894169613719 1948.2952999356203 1087.7106871604919 8174.0755940877134
leaf_count=4234 5289 2989 26584 10339 1868 801 815 11231 6036 11108 1273 15424 978 135797
internal_value=0.000104309 0.000575011 3.82831e-07 0.00180546 0.0355632 -0.000319454 0.0107567 0.021411 -0.0112622 -0.00314792 -0.00497781 -0.00359546 -0.0170788 0.00115954
internal_weight=20052.8 19855.9 19468.7 17260.2 1012.8 16247.4 3299.33 2223.64 1075.69 12948 12028.2 11670.9 3036.01 8634.87
internal_count=234766 230532 227543 200959 12207 188752 23371 12046 11325 165381 154273 153472 16402 137070
is_linear=0
shrinkage=0.05


Tree=79
num_leaves=15
num_cat=0
split_feature=18 25 22 47 37 27 41 47 37 36 27 23 0 31
split_gain=163.096 124.124 180.414 311.826 491.875 767.075 625.984 520.389 418.116 314.522 300.996 273.113 257.002 330.332
threshold=5.6112999916076669 0.010740023106336595 6.7929053306579599 4.4005842208862314 1.8688347935676577 3.5549397468566899 0.64583334326744091 4.3502571582794198 3.1567740440368657 0.6012820601463319 5.4574534893035898 2.4414010047912602 0.0063092110212892303 0.67200306057930004
decision_type=2 2 2 2 2 2 2 2 2 2 2 2 2 2
left_child=-1 2 -2 4 6 8 7 -4 11 -5 -8 -6 13 -9
right_child=1 -3 3 9 5 -7 10 12 -10 -11 -12 -13 -14 -15
leaf_value=-0.029634701113254048 -0.012156397112933037 0.0070781086656817654 0.04958678698743893 -0.020179410170866538 -0.010013596959917685 0.043554528317399206 0.040859298827740337 -0.050937439347724267 0.0086473558892841487 0.01991694620808351 -0.034964245241645507 -0.050178518283986298 0.033127518262171723 0.0099510065840567874
leaf_weight=440.71163658238947 3191.3894162492361 5582.5596520419931 1450.467300593853 2430.328318644315 725.24231588840485 575.84920493885875 151.8716925047338 269.28640414774418 865.31739960610867 603.10670413076878 695.06628274917603 1027.1723154485226 803.18535439670086 1090.7835623696446
leaf_count=6116 65103 131318 9838 6323 1508 4877 409 246 1473 2991 663 1351 993 1557
internal_value=0.000100701 0.000788938 -0.00174402 0.00137362 0.00674923 -0.008216 0.0174579 0.026516 -0.0197269 -0.0121682 -0.0210495 -0.0337073 0.0108899 -0.00238837
internal_weight=19902.3 19461.6 13879.1 10687.7 7654.24 3193.58 4460.66 3613.72 2617.73 3033.44 846.938 1752.41 2163.26 1360.07
internal_count=234766 228650 97332 32229 22915 9209 13706 12634 4332 9314 1072 2859 2796 1803
is_linear=0
shrinkage=0.05


Tree=80
num_leaves=15
num_cat=0
split_feature=48 15 42 2 36 36 27 47 15 22 22 22 36 28
split_gain=156.19 119.467 113.036 148.413 81.5439 215.034 152.699 120.32 137.105 121.622 156.118 209.174 203.188 229.765
threshold=1.0000000180025095e-35 0.010050504934042694 2.79174816608429 0.0085107926279306429 0.84680575132370006 0.76278772950172435 5.4617087841033944 4.3372693061828622 0.040478009730577476 6.7804884910583505 6.784454584121705 6.7984981536865243 0.28669276833534246 3.8815106153488164
decision_type=2 2 2 2 2 2 2 2 2 2 2 2 2 2
left_child=-1 -2 4 -4 5 7 -6 8 -3 -9 -11 -12 13 -13
right_child=1 2 3 -5 6 -7 -8 9 -10 10 11 12 -14 -15
leaf_value=-0.045711751483300075 -0.0038334731810675316 0.0079227911318648318 0.0036972944163741932 0.075602087895215747 -0.013288848719122932 0.03529707317457647 0.038493722637740667 0.022059495027831059 0.043944072653167375 -0.024447339802965193 0.023716725287371454 -0.0053236281013491274 -0.006257107791607504 0.073362157869775263
leaf_weight=174.32065099981264 8701.5028206527932 1421.9426919855177 169.03329001739621 116.12226355448365 1312.3727940870449 537.93870100483764 149.82379888067953 562.69712409807835 316.41341921128333 680.14870944060385 833.05615792609751 191.76229950785637 4418.8578195422888 167.47685141861439
leaf_count=4352 92711 10266 172 99 15336 6652 1816 75200 2169 7909 9072 562 8332 118
internal_value=9.99238e-05 0.00053093 0.00402252 0.034548 0.00316895 0.00492537 -0.00775752 0.00298508 0.0146932 -1.48933e-06 -0.00200651 0.000752278 -0.00329272 0.032353
internal_weight=19753.5 19579.1 10877.6 285.156 10592.5 9130.29 1462.2 8592.36 1738.36 6854 6291.3 5611.15 4778.1 359.239
internal_count=234766 230414 137703 271 137432 120280 17152 113628 12435 101193 25993 18084 9012 680
is_linear=0
shrinkage=0.05


Tree=81
num_leaves=15
num_cat=0
split_feature=36 24 34 37 34 22 22 27 37 38 22 46 48 37
split_gain=149.521 119.263 155.154 162.371 146.561 136.653 246.581 254.256 239.13 305.398 234.116 443.589 290.988 278.085
threshold=0.087121214717626586 0.86409941315650951 0.67866185307502758 0.89587974548339855 0.65447705984115612 6.7929053306579599 6.7962646484375009 3.3460417985916142 3.1984648704528813 1.0000000180025095e-35 6.7804884910583505 0.63346055150032055 0.93329241871833812 1.2424533367156985
decision_type=2 2 2 2 2 2 2 2 2 2 2 2 2 2
left_child=-1 4 -3 -4 5 10 7 -7 -8 -10 11 12 -2 -12
right_child=1 2 3 -5 -6 6 8 -9 9 -11 13 -13 -14 -15
leaf_value=-0.0438070222048818 -0.03715620362714557 0.027882981146625536 0.025857675292293103 -0.040534004124809238 -0.027909191916635358 -0.0014543343143504201 -0.0012959596769483962 0.042447122852703911 0.041257739755817584 -0.043137610008754344 -0.042320495604783376 0.023847057098756889 0.026022893978508429 -0.0049439272052819727
leaf_weight=181.99325043027056 718.15815785981249 813.43569732597098 155.84291591774672 198.55009096395224 463.60014005098492 588.52933192253113 11550.014554202557 738.34330740198493 638.08105111867189 119.94677051529288 803.38176262378693 1219.9796658316627 235.1311663716333 1289.983207622543
leaf_count=4234 15693 12675 2692 1004 2695 1589 24391 9953 6020 931 7406 127116 4851 13516
internal_value=0.000102278 0.000533597 0.0159571 -0.0114301 -0.000455327 0.000270836 0.002715 0.0231096 0.000499386 0.0275156 -0.0075281 0.00396416 -0.0214645 -0.0194211
internal_weight=19715 19533 1167.83 354.393 18365.1 17901.5 13634.9 1326.87 12308 758.028 4266.63 2173.27 953.289 2093.36
internal_count=234766 230532 16371 3696 214161 211466 42884 11542 31342 6951 168582 147660 20544 20922
is_linear=0
shrinkage=0.05


Tree=82
num_leaves=15
num_cat=0
split_feature=48 26 26 31 47 47 28 24 41 22 28 37 27 47
split_gain=146.303 116.556 154.467 152.227 314.494 379.039 231.525 265.267 226.506 498.605 239.504 298.637 238.792 281.241
threshold=0.19441274553537372 0.91368830204010021 0.90417015552520763 0.79373261332511913 4.9927642345428476 4.8597824573516855 3.8815106153488164 0.038056448101997382 0.61250001192092907 6.7996129989624032 3.8815106153488164 1.0000000180025095e-35 3.113268375396729 4.3502571582794198
decision_type=2 2 2 2 2 2 2 2 2 2 2 2 2 2
left_child=-1 2 3 4 5 8 7 -5 12 -10 -11 -12 -2 -14
right_child=1 -3 -4 6 -6 -7 -8 -9 9 10 11 -13 13 -15
leaf_value=-0.016847206778421851 -0.0080379924107832536 -0.016889724635447658 0.019544181789867651 -0.040017773755643554 0.0383230298873019 -0.036038241095948352 0.0028333910514096432 -0.0059837915246830319 0.020223549730441631 -0.060249916046702115 0.050897237902362884 -0.04588072747471094 0.026559183858999354 0.0038411935097585346
leaf_weight=1185.9848679945862 1649.8639579899609 839.70918864291161 1170.0410804324783 809.09430022165179 641.20220319769578 590.82753030210733 3840.0402547925478 1917.0867385314777 622.25210673501715 493.91599822044373 131.00631582736969 173.46795362234116 2376.6032348670997 3183.677098613698
leaf_count=10066 8706 14555 13075 3407 81918 1569 36732 8144 9574 521 71 201 25875 20352
internal_value=9.98928e-05 0.00119847 0.00207062 0.00081506 0.00474026 0.00236618 -0.00507905 -0.016194 0.00503385 -0.0131517 -0.0390921 -0.00394567 0.00863027 0.0135817
internal_weight=19624.8 18438.8 17599.1 16429 9862.82 9221.61 6566.22 2726.18 8630.79 1420.64 798.39 304.474 7210.14 5560.28
internal_count=234766 224700 210145 197070 148787 66869 48283 11551 65300 10367 793 272 54933 46227
is_linear=0
shrinkage=0.05


Tree=83
num_leaves=15
num_cat=0
split_feature=18 2 26 24 34 37 31 48 22 27 31 47 47 28
split_gain=140.179 117.694 120.408 125.161 133.286 128.021 112.121 257.585 139.203 139.178 125.867 353.683 257.621 242.308
threshold=5.3729581832885751 0.013245614245533945 0.9571523666381837 0.86409941315650951 0.68323335051536571 0.89587974548339855 0.31414473056793218 0.21585947275161746 6.7702026367187509 3.113268375396729 0.79373261332511913 4.9927642345428476 4.8597824573516855 3.8815106153488164
decision_type=2 2 2 2 2 2 2 2 2 2 2 2 2 2
left_child=-1 2 3 6 -5 -6 8 -8 -2 -10 11 12 -9 -12
right_child=1 -3 -4 4 5 -7 7 10 9 -11 13 -13 -14 -15
leaf_value=-0.039119469014555056 -0.079162896899805255 0.016073301359852212 -0.052177547356542522 0.027388882186789549 0.027519326746418861 -0.0399639067990177 -0.032530577608992993 0.0030959436450556628 0.00013258748103388098 0.034910504611381829 -0.017188444392380712 0.044103673680838291 -0.032287916494074982 0.0019460739982999882
leaf_weight=215.27088044010452 29.317943218164146 1138.6827832813724 101.72009744402021 759.19285386893898 109.14388256333768 163.48243892099708 662.33446907438338 7343.3594116359018 601.67769178748131 541.36997088044882 2805.2620981577784 487.16091621969827 543.1092232465744 4008.5599360186607
leaf_count=4520 785 13396 2245 11947 1888 792 2994 58649 1834 3433 11860 76152 1474 42797
internal_value=9.4473e-05 0.000552028 -0.000429742 -0.00010946 0.0167141 -0.0129297 -0.00113846 -0.00224515 0.0137159 0.016764 -0.000903842 0.0032007 0.000621397 -0.00594528
internal_weight=19509.6 19294.4 18155.7 18054 1031.82 272.626 17022.2 15849.8 1172.37 1143.05 15187.5 8373.63 7886.47 6813.82
internal_count=234766 230246 216850 214605 14627 2680 199978 193926 6052 5267 190932 136275 60123 54657
is_linear=0
shrinkage=0.05


Tree=84
num_leaves=15
num_cat=0
split_feature=48 36 36 36 33 22 47 42 43 37 22 47 31 38
split_gain=132.7 107.576 157.463 426.886 236.318 180.19 280.695 396.681 402.86 377.768 464.682 410.092 505.312 388.422
threshold=1.0000000180025095e-35 0.95771291851997387 0.84680575132370006 0.76278772950172435 2.2499048709869389 6.7804884910583505 4.388237953186036 1.0000000180025095e-35 6.0649466514587411 1.0000000180025095e-35 6.7929053306579599 4.3502571582794198 0.76302224397659313 1.0000000180025095e-35
decision_type=2 2 2 2 2 2 2 2 2 2 2 2 2 2
left_child=-1 2 3 5 -5 -2 9 8 -8 10 -7 -12 -13 -11
right_child=1 -3 -4 4 -6 6 7 -9 -10 13 11 12 -14 -15
leaf_value=-0.043993992193478965 0.01894595281078117 0.027105977286673983 -0.012670019241499915 0.046521634925384983 -0.015563899089387418 -0.058847867545194069 -0.02571513166181634 0.027413706109927979 0.0016974395677391346 0.0046239267420531468 0.051540331007561183 -0.022722255382749034 0.036999008899662275 -0.024452592446086815
leaf_weight=159.23250219391775 1113.1008606725372 361.90766140818596 2175.7776097713504 752.94202404393582 186.5161649758229 163.55306834727526 3206.1489244438708 626.57138994336128 2295.8692373745143 4527.6359865348786 935.72761232033372 661.63275760412216 740.37753808498383 1527.9910973310471
leaf_count=4352 124843 2989 26584 10339 1867 1648 12576 4146 14791 19299 6839 605 707 3181
internal_value=8.85534e-05 0.000475332 -4.82876e-05 0.00159899 0.0341613 -0.000357697 -0.00183273 -0.00999233 -0.0142942 0.00401614 0.0203211 0.026087 0.00885419 -0.00274105
internal_weight=19435 19275.8 18913.8 16738.1 939.458 15798.6 14685.5 6128.59 5502.02 8556.92 2501.29 2337.74 1402.01 6055.63
internal_count=234766 230414 227425 200841 12206 188635 63792 31513 27367 32279 9799 8151 1312 22480
is_linear=0
shrinkage=0.05


Tree=85
num_leaves=15
num_cat=0
split_feature=18 1 46 49 37 36 36 36 36 22 46 47 37 22
split_gain=129.716 113.137 126.996 127.72 123.646 99.422 118.561 103.091 429.324 237.482 313.81 289.54 389.382 405.14
threshold=5.6112999916076669 0.014185110572725536 0.98164147138595592 0.96293509006500255 4.3036997318267831 0.95771291851997387 0.98319208621978771 0.83780819177627575 0.76278772950172435 6.7804884910583505 0.50193798542022716 4.388237953186036 1.0000000180025095e-35 6.7929053306579599
decision_type=2 2 2 2 2 2 2 2 2 2 2 2 2 2
left_child=-1 2 3 4 5 7 -7 8 9 10 -2 12 13 -11
right_child=1 -3 -4 -5 -6 6 -8 -9 -10 11 -12 -13 -14 -15
leaf_value=-0.027269057162528473 -0.053457660948772148 0.019591254833220002 -0.049347139186732558 0.033167116261989954 0.03884749248996245 0.045004723315338613 -0.017308519396422459 -0.011718006900598654 0.034842873839726445 -0.055005876969966533 0.035211739525959761 -0.01222301998049621 -0.0044758285345097995 0.025581540135485876
leaf_weight=413.75357044069096 105.97575604647864 750.88194022153039 119.91356245800853 280.2228056844906 189.72367534600198 233.22649203985929 104.80849400535226 2059.6958948683459 833.57098127662903 158.74623139947653 742.38511296425713 5556.1775555405766 5606.233304945752 2158.5043462458998
leaf_count=6116 4611 8934 2562 14062 3571 1991 881 25104 11172 1582 99929 26150 20308 7793
internal_value=8.98257e-05 0.00070286 -8.89631e-05 0.000265829 -0.000272002 -0.000716547 0.0257422 -0.00125054 0.000178246 -0.00186136 0.0236416 -0.00348275 0.00265386 0.0198482
internal_weight=19313.8 18900.1 18149.2 18029.3 17749 17559.3 338.035 17221.3 15161.6 14328 848.361 13479.7 7923.48 2317.25
internal_count=234766 228650 219716 217154 203092 199521 2872 196649 171545 160373 104540 55833 29683 9375
is_linear=0
shrinkage=0.05


Tree=86
num_leaves=15
num_cat=0
split_feature=36 36 21 15 42 2 48 27 47 32 22 48 31 37
split_gain=122.253 109.807 130.584 105.687 93.375 126.72 77.8792 99.9203 190.999 163.737 200.931 155.798 157.81 151.105
threshold=0.087121214717626586 0.20344828069210055 0.73266959190368663 0.010152545757591726 2.79174816608429 0.0085107926279306429 0.70806920528411876 5.4617087841033944 4.8597824573516855 4.1190040111541757 6.7996129989624032 0.95111030340194713 0.90427875518798839 1.8688347935676577
decision_type=2 2 2 2 2 2 2 2 2 2 2 2 2 2
left_child=-1 2 -2 -3 6 -6 -5 8 9 13 -11 12 -9 -8
right_child=1 3 -4 4 5 -7 7 11 -10 10 -12 -13 -14 -15
leaf_value=-0.041717423865145264 -0.026902095367927162 -0.0042492802452015694 0.040596997490896236 -0.0033687746915183553 0.0025471798757320321 0.069177014249248145 0.020515478903472203 0.030246322883561706 -0.026725865311003266 -0.0037642131297192468 -0.074553944006001058 -0.001023470634840105 -0.0084193118336546718 -0.0071906057380428656
leaf_weight=163.28927630020189 84.26826653117314 8403.3941942045931 315.7039505764842 3616.604756939807 167.62746432796121 115.29381787031889 1552.2949658138677 1328.2107691099518 546.0524735674262 620.7400265536271 109.83193117380142 1191.4634423481184 324.0241168756038 712.27441323548555
leaf_count=4234 423 92798 1784 31256 167 98 7164 32037 1560 11488 118 43151 2620 5868
internal_value=8.99086e-05 0.000469212 0.0260666 -9.22927e-05 0.00330521 0.0311343 0.00248767 0.00580503 0.000193871 0.00517428 -0.0152695 0.0127673 0.0226585 0.0118078
internal_weight=19251.1 19087.8 399.972 18687.8 10284.4 282.921 10001.5 6384.89 3541.19 2995.14 730.572 2843.7 1652.23 2264.57
internal_count=234766 230532 2207 228325 135527 265 135262 104006 26198 24638 11606 77808 34657 13032
is_linear=0
shrinkage=0.05


Tree=87
num_leaves=15
num_cat=0
split_feature=25 0 41 32 22 23 32 32 22 36 22 22 18 32
split_gain=114.733 102.347 127.267 360.507 295.938 205.158 180.202 353.903 320.505 261.842 384.962 341.742 245.645 207.41
threshold=7.3614091888885024e-07 0.0083683477714657801 0.61250001192092907 4.1026091575622567 6.7984981536865243 4.9015574455261239 3.5259279012680058 4.1190040111541757 6.7929053306579599 0.63818180561065685 6.7984981536865243 6.8007264137268075 6.0026509761810312 3.3140207529067998
decision_type=2 2 2 2 2 2 2 2 2 2 2 2 2 2
left_child=-1 2 6 5 -5 -4 13 8 -8 10 -9 -11 -12 -2
right_child=1 -3 3 4 -6 -7 7 9 -10 11 12 -13 -14 -15
leaf_value=-0.034039176006351521 -0.0012466856770681483 0.007240021318287832 -0.013038059330299823 0.015171019468339831 -0.044570224991374773 0.034956451673740938 -0.0020996398356424818 0.017463318758680093 0.040553118801905375 -8.25882201033118e-05 0.034398217010954572 0.049621839851469549 -0.024320305592414208 -0.024613764430897342
leaf_weight=233.19204513364821 4558.3030431866646 4357.139186258195 434.24150899238884 262.6063921675086 904.12156228721142 438.57867005793378 707.08185238065198 972.0359825665364 1153.7868090197444 1098.9532401958713 184.89984297379851 494.58572597801685 2219.7155867777765 1189.9491869397461
leaf_count=6810 20539 52048 462 3628 1375 5412 14436 86103 8465 24679 184 1641 2975 6009
internal_value=8.6076e-05 0.000523142 -0.0014824 -0.0130361 -0.031109 0.0112012 0.000399736 0.00588548 0.0244216 -0.00108965 -0.00896861 0.0155574 -0.0196815 -0.00611826
internal_weight=19209.2 18976 14618.9 2039.55 1166.73 872.82 12579.3 6831.06 1860.87 4970.19 3376.65 1593.54 2404.62 5748.25
internal_count=234766 227956 175908 10877 5003 5874 165031 138483 22901 115582 89262 26320 3159 26548
is_linear=0
shrinkage=0.05


Tree=88
num_leaves=15
num_cat=0
split_feature=48 26 18 28 26 26 31 47 47 42 41 22 56 47
split_gain=114.291 108.011 221.627 112.421 101.635 140.998 125.881 256.7 287.39 208.885 198.128 483.528 202.111 245.414
threshold=0.19441274553537372 0.27036644518375402 5.3729581832885751 4.3107767105102548 0.91368830204010021 0.90417015552520763 0.80684027075767528 4.9927642345428476 4.8597824573516855 1.2424533367156985 0.61250001192092907 6.7996129989624032 1.0000000180025095e-35 4.3502571582794198
decision_type=2 2 2 2 2 2 2 2 2 2 2 2 2 2
left_child=1 2 -1 -4 5 6 7 8 10 -10 12 -12 -2 -14
right_child=4 -3 3 -5 -6 -7 -8 -9 9 -11 11 -13 13 -15
leaf_value=-0.049194370914546454 0.001491263168045303 -0.026498349427400911 0.040261693559520445 -0.048708427212469742 -0.015879697822973462 0.018856793066585761 -0.0050519748727860803 0.035509122049830678 -0.040925896036858839 0.030714572395367776 0.01900306158741526 -0.03763378599413654 0.037382671595413482 0.0065786898240139642
leaf_weight=120.24146013616701 4509.8088932479732 735.39852732094005 256.21343676745892 32.344053015112877 833.35141041642055 1134.1155765932053 5974.5278910045745 601.36326229193946 576.60716388374567 115.42672951519489 682.60166457667947 818.72410196065903 1061.7402935540304 1643.6166360676289
leaf_count=4262 41191 3219 2415 170 14555 13075 45350 82036 1414 423 10151 859 13073 2573
internal_value=8.66787e-05 -0.0151649 0.00536903 0.0289917 0.00106667 0.00190043 0.000686314 0.00411291 0.00207059 -0.0287094 0.00454443 -0.0119276 0.00798367 0.0187611
internal_weight=19096.1 1144.2 408.799 288.557 17951.9 17118.5 15984.4 10009.9 9408.53 692.034 8716.49 1501.33 7215.17 2705.36
internal_count=234766 10066 6847 2585 224700 210145 197070 151720 69684 1837 67847 11010 56837 15646
is_linear=0
shrinkage=0.05


Tree=89
num_leaves=15
num_cat=0
split_feature=18 1 26 24 21 34 25 22 47 37 42 27 46 37
split_gain=112.407 99.6489 115.821 115.978 115.138 113.011 117.39 151.285 190.168 565.312 694.199 432.601 230.129 298.06
threshold=5.6112999916076669 0.014185110572725536 0.9571523666381837 0.86409941315650951 0.75050118565559398 0.65447705984115612 0.010740023106336595 6.7929053306579599 4.3502571582794198 2.3502402305603032 1.4978661537170412 3.5549397468566899 0.78259190917015087 2.7403194904327397
decision_type=2 2 2 2 2 2 2 2 2 2 2 2 2 2
left_child=-1 2 3 5 -5 6 7 -2 9 10 -9 -11 13 -10
right_child=1 -3 -4 4 -6 -7 -8 8 12 11 -12 -13 -14 -15
leaf_value=-0.025848874992598594 -0.012624283553603569 0.018525123009635273 -0.050472220230524181 -0.042320449512037478 0.021135093922097128 -0.025609772189214466 0.0073745462554156071 0.049062641956585051 -0.025260520573844744 -0.016137227854189657 -0.042085336988961733 0.042145593324239256 0.0026529070534522352 0.027378412637728999
leaf_weight=398.88039889905485 2831.8236026901286 738.61729794734856 103.37152692675591 68.02054321905598 950.18192384392023 435.8800791259855 3967.4499316240544 1208.5630347654223 1889.0719830542803 1878.6648423299193 244.0798363648355 373.10371352173388 3600.4157684780657 304.84374816343188
leaf_count=6116 58244 8934 2278 1171 13758 2514 111737 9253 2171 3328 436 3429 9827 1570
internal_value=8.38489e-05 0.000653753 -9.54775e-05 0.00022612 0.0165256 -0.000774928 -9.5439e-05 -0.00250299 0.000524536 0.00935847 0.0335645 -0.00633649 -0.00512954 -0.0178553
internal_weight=18993 18594.1 17855.5 17752.1 1018.2 16733.9 16298 12330.6 9498.74 3704.41 1452.64 2251.77 5794.33 2193.92
internal_count=234766 228650 219716 217438 14929 202509 199995 88258 30014 16446 9689 6757 13568 3741
is_linear=0
shrinkage=0.05


Tree=90
num_leaves=15
num_cat=0
split_feature=48 2 47 26 49 31 26 31 31 22 37 23 36 31
split_gain=106.01 92.4468 99.8396 93.6913 104.691 87.1359 192.12 207.823 276.745 343.245 256.559 220.273 198.208 151.732
threshold=1.0000000180025095e-35 0.013245614245533945 4.388237953186036 0.9571523666381837 0.96293509006500255 0.31414473056793218 0.65022122859954845 0.75599926710128795 0.73157078027725231 6.7984981536865243 1.4978661537170412 2.9700856208801274 0.45867486298084265 0.76214051246643078
decision_type=2 2 2 2 2 2 2 2 2 2 2 2 2 2
left_child=-1 3 -3 4 5 -2 -7 8 9 12 11 -11 -8 -9
right_child=1 2 -4 -5 -6 6 7 13 -10 10 -12 -13 -14 -15
leaf_value=-0.041806240336633022 0.012715012401296561 0.026310508938326805 -0.0041819647409833093 -0.045547956863712755 0.030529481016148021 -0.013794184352159389 -0.020295861099491802 -0.025381430380462557 0.034756686966605652 0.014489937385036412 0.03610766848280033 -0.040549559331717208 0.03788092287503822 -0.00087269397240905878
leaf_weight=139.84273085280438 1127.9260342502967 672.2434631343931 438.58937547454843 104.50786227267236 263.33228600624716 2681.8752991969814 179.01062676869333 664.76394757255912 942.16983001865447 237.80579555034637 187.10171003639698 706.23661422729492 679.15212661679834 9863.9728088114643
leaf_count=4352 6041 3682 9713 2245 13889 17433 4015 2410 9978 819 1234 1202 88146 69607
internal_value=8.2565e-05 0.000417125 0.0143413 -0.000467449 -0.000172936 -0.000658481 -0.00160025 0.000837768 0.0125884 0.00196772 -0.0160677 -0.0266785 0.0256514 -0.00244274
internal_weight=18888.5 18748.7 1110.83 17637.9 17533.3 17270 16142.1 13460.2 2931.48 1989.31 1131.14 944.042 858.163 10528.7
internal_count=234766 230414 13395 217019 214774 200885 194844 177411 105394 95416 3255 2021 92161 72017
is_linear=0
shrinkage=0.05


Tree=91
num_leaves=15
num_cat=0
split_feature=48 28 32 29 43 27 37 47 22 22 19 48 48 47
split_gain=100.361 101.269 162.941 112.211 109.584 95.153 91.0813 104.92 285.581 265.096 208.766 193.077 186.637 162.02
threshold=0.19441274553537372 4.3372693061828622 3.5259279012680058 0.040284661576151855 4.1190040111541757 5.4315338134765634 4.3036997318267831 3.7810807228088383 6.7804884910583505 6.7580702304840097 0.58050915598869335 0.93762746453285228 0.94174566864967357 4.388237953186036
decision_type=2 2 2 2 2 2 2 2 2 2 2 2 2 2
left_child=1 2 3 -1 -5 -4 7 11 9 10 -9 -2 -13 -10
right_child=6 -3 5 4 -6 -7 -8 8 13 -11 -12 12 -14 -15
leaf_value=-0.039817480311251208 -0.027719716831766245 -0.087725994942817756 0.048234984062847361 -0.011856936908419104 0.072370111642694343 -0.0069182598822447247 0.034153077401063374 0.014724711534629328 0.0041045728893125801 0.048515082795551619 -0.060081405707672154 0.091388721560402703 -0.0038988370413730422 -0.0063037622065615015
leaf_weight=434.21167167104431 742.78186390176415 35.465007411083207 140.1034635361284 304.56385613046587 34.026353597640991 158.7190985744819 194.7528702635318 567.09946707962081 8756.5927985236049 589.17838623793796 101.26283217966557 61.43601967394352 180.41711482405663 6509.4956940645352
leaf_count=5493 11689 823 681 1354 23 1692 3872 100878 32079 34753 3751 1001 2888 33789
internal_value=8.1477e-05 -0.014454 -0.0112405 -0.0232894 -0.00155934 0.019665 0.000998127 0.000610043 0.00155851 0.0243637 0.00267231 -0.0151622 0.0229739 -0.000334787
internal_weight=18810.1 1107.09 1071.62 772.802 338.59 298.823 17703 17508.3 16523.6 1257.54 668.362 984.635 241.853 15266.1
internal_count=234766 10066 9243 6870 1377 2373 224700 220828 205250 139382 104629 15578 3889 65868
is_linear=0
shrinkage=0.05


Tree=92
num_leaves=15
num_cat=0
split_feature=44 26 1 26 46 36 33 28 31 43 47 43 47 22
split_gain=97.8636 151.108 119.236 105.223 100.45 99.3974 191.772 109.378 146.491 119.165 91.6019 116.431 150.088 246.61
threshold=0.030446385964751247 0.91368830204010021 1.0000000180025095e-35 0.90417015552520763 0.95879089832305919 0.68210527300834667 1.7005987167358401 6.0556118488311776 0.83700934052467357 4.8597824573516855 4.8597824573516855 4.1510088443756112 4.3502571582794198 6.7929053306579599
decision_type=2 2 2 2 2 2 2 2 2 2 2 2 2 2
left_child=5 3 4 -2 -3 7 -7 8 9 10 11 12 13 -1
right_child=1 2 -4 -5 -6 6 -8 -9 -10 -11 -12 -13 -14 -15
leaf_value=-0.037275505143831121 0.0022941194555384597 -0.017367851871107214 0.00068356862746005804 0.018568580052390451 -0.076641372039046793 0.041522393675333995 -0.0044163308850715443 0.023548773700358919 -0.032550656605201116 0.043988239751656583 -0.031065805306410916 0.0086583607401221532 -0.02360366095671422 0.013703296591899436
leaf_weight=306.25837988161948 11120.081042099802 170.92731016036123 294.43521782616153 1081.151661970187 123.42582914419472 301.98032173945103 829.9542283769697 246.19198531471193 616.34630395495333 103.75178118282929 377.0133165945299 1030.9862308935262 1227.7157825278118 939.42238158173859
leaf_count=6579 168570 1397 4063 12633 2786 4000 8527 5093 2760 740 1743 8720 1730 5425
internal_value=8.12258e-05 0.00254958 -0.021978 0.00375023 -0.0439235 -0.00519387 0.00809561 -0.00830724 -0.010059 -0.00650764 -0.007967 -0.00540063 -0.0112721 0.0009728
internal_weight=18769.6 12790 588.788 12201.2 294.353 5979.62 1131.93 4847.69 4601.49 3985.15 3881.4 3504.38 2473.4 1245.68
internal_count=234766 189449 8246 181203 4183 45317 12527 32790 27697 24937 24197 22454 13734 12004
is_linear=0
shrinkage=0.05


Tree=93
num_leaves=15
num_cat=0
split_feature=18 15 47 36 36 22 26 49 0 37 26 48 22 28
split_gain=93.5484 88.049 111.598 157.834 121.913 99.819 96.6084 93.7404 92.2023 86.5269 80.246 172.469 111.898 122.43
threshold=5.6112999916076669 0.030151927843689922 4.4005842208862314 0.84680575132370006 0.6012820601463319 6.7984981536865243 0.94960901141166698 0.96293509006500255 0.0083683477714657801 4.3036997318267831 0.27036644518375402 0.21585947275161746 6.7984981536865243 4.2835628986358651
decision_type=2 2 2 2 2 2 2 2 2 2 2 2 2 2
left_child=-1 6 3 8 5 -4 7 9 -3 10 12 -12 13 -2
right_child=1 2 4 -5 -6 -7 -8 -9 -10 -11 11 -13 -14 -15
leaf_value=-0.023890784948125663 0.0068980664815885828 0.0051347217794708517 0.0069176432200305964 -0.011356187899692817 0.022376181237430362 -0.026478834630985798 -0.039518733310773074 0.032218233125837124 0.030281422527925879 0.035902872362941859 -0.026859118536328774 -0.0010994315156444172 0.040606456576251782 -0.089316502929956951
leaf_weight=388.48285539596691 493.44995396304876 548.75514427572489 366.73771132633556 443.502960043028 315.6696407024283 550.41613445430994 151.35060823941603 204.21516405203147 1104.2150551737286 146.32743855193257 673.92315047467127 13042.901196393883 253.61427539587021 25.387674931436777
leaf_count=6116 3359 2580 23252 3941 6983 813 2517 10975 4838 3136 2803 162401 827 225
internal_value=7.62458e-05 0.000597219 0.00793976 0.0149344 -0.00397948 -0.0131942 -0.00103765 -0.000618832 0.0220143 -0.0010987 -0.00149689 -0.00238368 0.0140795 0.000590215
internal_weight=18708.9 18320.5 3329.3 2096.47 1232.82 917.154 14991.2 14839.8 1652.97 14635.6 14489.3 13716.8 772.452 518.838
internal_count=234766 228650 42407 11359 31048 24065 186243 183726 7418 172751 169615 165204 4411 3584
is_linear=0
shrinkage=0.05


Tree=94
num_leaves=15
num_cat=0
split_feature=36 36 21 36 36 38 28 32 36 37 53 26 26 44
split_gain=90.1755 92.4026 116.904 89.5896 134.499 106.541 92.5331 287.732 401.34 277.717 421.422 420.152 445.534 353.413
threshold=0.087121214717626586 0.20344828069210055 0.73266959190368663 0.95771291851997387 0.93569064140319835 1.0000000180025095e-35 3.8815106153488164 4.1190040111541757 0.64449843764305126 1.8688347935676577 1.0000000180025095e-35 0.79185104370117199 0.65022122859954845 0.15327984094619754
decision_type=2 2 2 2 2 2 2 2 2 2 2 2 2 2
left_child=-1 2 -2 4 6 -5 7 9 -9 11 -11 12 -3 -12
right_child=1 3 -4 5 -6 -7 -8 8 -10 10 13 -13 -14 -15
leaf_value=-0.038681555422059366 -0.025581846666443704 -0.0038731285611607381 0.039302578808971381 0.044529107859559387 -0.13699810215857158 -0.013754178905485704 0.004061164638026203 -0.043918905964513456 0.024670003181178971 0.00048617158744678033 -0.049702026414215478 -0.011740119449042546 0.029996065004637352 0.01463385034757494
leaf_weight=138.90602476234199 82.616668523056433 1684.3492536852136 291.08892063633539 222.32557143643498 8.0598181074019504 112.5137894526124 6880.1202370838146 854.37831404432654 275.87529748398811 2470.0008889199235 943.98667392134666 2161.7548836097121 2276.0063220411539 269.99241149425507
leaf_count=4234 423 11634 1784 2114 254 875 148533 2670 7938 15488 1068 21627 15979 145
internal_value=7.29244e-05 0.000384094 0.0246654 -0.000128897 -0.000616902 0.0251136 -0.000478389 -0.00333535 -0.027108 -0.000570481 -0.0114002 0.00595425 0.0156179 -0.0353909
internal_weight=18672 18533.1 373.706 18159.4 17824.5 334.839 17816.5 10936.3 1130.25 9806.09 3683.98 6122.11 3960.36 1213.98
internal_count=234766 230532 2207 228325 225336 2989 225082 76549 10608 65941 16701 49240 27613 1213
is_linear=0
shrinkage=0.05


Tree=95
num_leaves=15
num_cat=0
split_feature=44 46 36 36 28 39 32 48 22 21 28 33 47 22
split_gain=87.0562 132.597 100.7 293.866 300.611 208.79 186.835 179.618 267.182 201.232 198.872 153.608 132.856 293.058
threshold=0.030446385964751247 0.95233362913131725 0.57793521881103527 0.6012820601463319 6.105907917022706 0.59912541508674633 4.1190040111541757 0.95716023445129406 6.7996129989624032 0.83066347241401683 6.105907917022706 1.0000000180025095e-35 4.388237953186036 6.7962646484375009
decision_type=2 2 2 2 2 2 2 2 2 2 2 2 2 2
left_child=-1 2 7 6 5 -5 -4 10 11 -10 12 -9 -2 -14
right_child=1 -3 3 4 -6 -7 -8 8 9 -11 -12 -13 13 -15
leaf_value=-0.0049594131363466312 0.015018168712058844 -0.028485402056762518 -0.0034091949137993517 0.0035227656666171471 0.043682684930774644 -0.024917957206599169 -0.058882536103627182 0.032177434294851315 -0.059069436651675258 0.0035623379305445278 0.048929240935942642 -0.013766426001107737 0.023269118617305351 -0.015424495091778109
leaf_weight=5878.8326756712631 3244.755101879593 328.46580143924803 274.27350866794586 3700.8955657776096 392.53067620564252 771.18537686578929 333.51466579106636 370.1975998490816 337.98626485466957 201.37729507684708 316.97183598671108 340.67693192325532 765.55569537420524 1316.0566306188703
leaf_count=45317 15432 5474 840 37162 3511 11084 480 47094 240 148 1582 3058 60056 3288
internal_value=6.58438e-05 0.00239513 0.00323773 -0.00182502 0.00229571 -0.00142633 -0.0343098 0.00725357 -0.00983635 -0.036046 0.0110504 0.0102739 0.00870877 -0.00115091
internal_weight=18573.3 12694.4 12366 5472.4 4864.61 4472.08 607.788 6893.58 1250.24 539.364 5643.34 710.875 5326.37 2081.61
internal_count=234766 189449 183975 53077 51757 48246 1320 130898 50540 388 80358 50152 78776 63344
is_linear=0
shrinkage=0.05


Tree=96
num_leaves=15
num_cat=0
split_feature=25 2 41 32 22 37 27 42 36 34 25 37 53 47
split_gain=84.7762 84.0904 93.831 366.484 268.53 251.327 192.769 181.007 161.363 154.748 139.434 131.218 522.249 396.745
threshold=7.3614091888885024e-07 0.01183473411947489 0.61250001192092907 4.1026091575622567 6.7984981536865243 1.0000000180025095e-35 5.4315338134765634 1.0000000180025095e-35 0.93492376804351818 0.23342375457286837 0.005254655610769988 1.8688347935676577 1.0000000180025095e-35 4.388237953186036
decision_type=2 2 2 2 2 2 2 2 2 2 2 2 2 2
left_child=-1 2 7 6 -5 -6 9 8 11 -4 -11 13 -13 -2
right_child=1 -3 3 4 5 -7 -8 -9 -10 10 -12 12 -14 -15
leaf_value=-0.030800548741535941 0.012990426737646166 0.010907180696099271 -0.03192943401806244 0.014240257621802158 -0.0014772020899249505 -0.054850733942044143 0.037740438989974895 0.030366678644695701 0.043427945273311529 0.042220303352155451 -0.031030975581803646 0.00071768183563047493 -0.04417647802558592 -0.0073333307709130173
leaf_weight=209.84508055332117 4541.4233966767788 1725.2063050882425 281.8906132131815 302.46642308775336 315.82124024629593 725.59124130755663 431.74462490249425 491.64325623400509 198.63378946948797 196.27385097648948 86.306835072115064 3137.1145569938817 806.2703897356987 5073.5913184526726
leaf_count=6810 30697 21203 1210 4353 188 1412 5049 4042 2153 195 502 37062 1208 118682
internal_value=6.3956e-05 0.000434223 -0.000660863 -0.00991757 -0.0268705 -0.0388325 0.0129914 0.000865279 -0.000210322 -0.00626568 0.0195517 -0.000881169 -0.00854997 0.00226964
internal_weight=18523.8 18314 16588.8 2340.09 1343.88 1041.41 996.216 14248.7 13757 564.471 282.581 13558.4 3943.38 9615.01
internal_count=234766 227956 206753 12909 5953 1600 6956 193844 189802 1907 697 187649 38270 149379
is_linear=0
shrinkage=0.05


Tree=97
num_leaves=15
num_cat=0
split_feature=22 37 37 53 37 43 47 18 48 27 37 29 48 28
split_gain=86.2288 358.898 605.589 464.931 326.042 349.102 306.75 262.567 358.192 261.313 231.248 252.012 214.724 228.657
threshold=6.8007264137268075 1.2424533367156985 1.4978661537170412 1.0000000180025095e-35 1.0000000180025095e-35 4.3241107463836679 6.2255475521087655 6.5978271961212167 0.82973426580429088 5.4574534893035898 3.1984648704528813 0.28045997023582464 0.9265042543411256 6.105907917022706
decision_type=2 2 2 2 2 2 2 2 2 2 2 2 2 2
left_child=6 4 -3 -4 5 7 12 8 -2 -8 11 -5 13 -1
right_child=1 2 3 10 -6 -7 9 -9 -10 -11 -12 -13 -14 -15
leaf_value=-0.0054057322739192596 0.00173896637506092 -0.049937783701668299 0.042858154437891455 -0.03052660842504596 0.043167469899806063 0.051350575391391429 0.02692482809419542 0.019234631284932569 -0.065975341446105201 -0.054810576210096495 0.048657678770702532 0.021045460984233946 0.010960811898427403 0.044363616970387744
leaf_weight=9316.0014690933167 535.2252741754055 632.66223427653313 585.91030128672719 901.71885818243027 871.6766567081213 335.18030677735806 117.55493994057178 647.9867954403162 297.05172401666641 450.35311963083223 139.85728366672993 312.05148994922638 3093.0792941102409 226.71067882236093
leaf_count=121881 593 889 2827 753 1332 793 493 430 122 764 541 180 100983 2185
internal_value=6.04952e-05 0.00546856 -0.00786762 0.0060411 0.0182162 0.00606517 -0.00209616 -0.0044647 -0.0229256 -0.0377185 -0.0100924 -0.0172042 -0.000466579 -0.00417814
internal_weight=18463 5259.32 2572.2 1939.54 2687.12 1815.44 13203.7 1480.26 832.277 567.908 1353.63 1213.77 12635.8 9542.71
internal_count=234766 8460 5190 4301 3270 1938 226306 1145 715 1257 1474 933 225049 124066
is_linear=0
shrinkage=0.05


Tree=98
num_leaves=15
num_cat=0
split_feature=48 0 26 28 22 43 24 39 46 27 21 32 15 41
split_gain=85.7329 90.3058 94.6286 138.499 90.1401 78.2734 123.231 107.017 109.659 212.342 106.628 105.469 98.521 102.063
threshold=0.19441274553537372 0.0066007319837808618 0.27036644518375402 1.2424533367156985 6.7996129989624032 6.1279597282409677 0.86409941315650951 0.61432072520256054 0.89679324626922619 6.351757526397706 0.75050118565559398 6.2116029262542733 0.029081556014716629 0.61250001192092907
decision_type=2 2 2 2 2 2 2 2 2 2 2 2 2 2
left_child=1 2 3 -1 -3 6 7 12 9 -9 -8 -11 13 -2
right_child=5 4 -4 -5 -6 -7 10 8 -10 11 -12 -13 -14 -15
leaf_value=-0.053587925481076465 0.0016268025333413532 -0.013792863969659147 -0.035418622556207188 0.023904308332723213 0.039021928956992968 -0.019504902399872813 -0.038198487654808357 -0.013950935150353675 0.013536492770309404 -0.1354757880262335 0.023621761887045734 -0.024086819253203023 0.010011918753293754 -0.010741027353494876
leaf_weight=71.074391833564732 10058.107975644292 181.43902404254186 497.31098343944177 189.69203338352963 130.5871921479702 446.94754241406918 66.778952014166862 743.31101532280445 257.10150315472856 48.76888121291995 879.18440740788355 41.436134369112551 2774.8720312434016 1989.364268918056
leaf_count=3256 146427 2254 2415 1889 252 2518 1203 7957 3268 215 14298 143 36894 11777
internal_value=6.28584e-05 -0.0136041 -0.0228354 0.00158399 0.00883621 0.000915321 0.00146792 0.000420213 -0.0146231 -0.0233666 0.0189037 -0.0918187 0.0015362 -0.000422676
internal_weight=18376 1070.1 758.077 260.766 312.026 17305.9 16858.9 15913 1090.62 833.516 945.963 90.205 14822.3 12047.5
internal_count=234766 10066 7560 5145 2506 224700 222182 206681 11583 8315 15501 358 195098 158204
is_linear=0
shrinkage=0.05


Tree=99
num_leaves=15
num_cat=0
split_feature=18 23 37 1 53 36 36 36 44 26 36 36 33 36
split_gain=79.8492 105.128 79.7896 78.3388 93.8972 70.7999 130.503 92.5089 71.5751 135.559 98.4306 175.885 206.938 129.67
threshold=5.3729581832885751 4.5379471778869638 4.3036997318267831 0.014185110572725536 1.0000000180025095e-35 0.95771291851997387 0.94319096207618724 0.98319208621978771 0.030446385964751247 0.91368830204010021 0.84680575132370006 0.76278772950172435 2.2499048709869389 0.57259953022003185
decision_type=2 2 2 2 2 2 2 2 2 2 2 2 2 2
left_child=1 -1 3 5 -5 6 8 -7 -2 10 11 13 -13 -10
right_child=2 -3 -4 4 -6 7 -8 -9 9 -11 -12 12 -14 -15
leaf_value=-0.05212353735335528 -0.0056557452370797068 0.035898154755485127 0.032726887014302868 0.0078879653253333907 0.0561335089045428 0.043371743370484772 -0.13575233801257502 -0.012273657790007358 0.0065735871957161244 -0.023373723804645096 -0.0096615590444219315 0.046569839341433536 -0.022846469064354367 -0.006402211575673597
leaf_weight=137.26743412592623 5415.1753277613316 36.317002952098846 178.7310256306082 598.08932699606521 112.50356538966298 190.61548303440213 7.9651500955224028 113.214948579669 6240.7868333267979 521.00440385658294 1439.0354233208345 451.84943032223964 133.15399639192037 2773.1961985594244
leaf_count=4413 37935 107 3874 8551 253 1993 41 881 122160 7157 18106 6484 1335 21476
internal_value=5.44979e-05 -0.0327555 0.000385692 4.65023e-05 0.0161994 -0.000626492 -0.00106076 0.0229065 -0.00091766 0.00130501 0.00248997 0.00431983 0.0306514 0.00257885
internal_weight=18348.9 173.584 18175.3 17996.6 710.593 17286 16982.2 303.83 16974.2 11559 11038 9598.99 585.003 9013.98
internal_count=234766 4520 230246 226372 8804 217568 214694 2874 214653 176718 169561 151455 7819 143636
is_linear=0
shrinkage=0.05


Tree=100
num_leaves=15
num_cat=0
split_feature=22 37 37 53 47 47 31 18 47 27 33 23 0 37
split_gain=76.9023 328.445 556.259 425.309 319.267 345.786 559.543 367.992 281.02 237.86 236.105 262.218 216.478 210.849
threshold=6.8007264137268075 1.2424533367156985 1.4978661537170412 1.0000000180025095e-35 6.2255475521087655 4.4005842208862314 0.77628055214881908 6.5964629650115976 6.2255475521087655 5.4574534893035898 1.0000000180025095e-35 3.0201274156570439 0.0063898416701704272 3.1984648704528813
decision_type=2 2 2 2 2 2 2 2 2 2 2 2 2 2
left_child=8 4 -3 -4 5 6 10 -7 -1 -10 11 12 -2 -5
right_child=1 2 3 13 -6 7 -8 -9 9 -11 -12 -13 -14 -15
leaf_value=-0.0004162876376577777 -0.02637686785244563 -0.048804074058840102 0.042140723070293318 -0.016195127848732026 0.052910076873323136 -0.065263652431868532 0.0514792019026339 0.015378362775194599 0.026262277280751326 -0.052357920815717156 0.047620653914940692 -0.059002764639086373 0.042612518097550713 0.048365386286279607
leaf_weight=12582.813029562734 250.57382483780384 611.62803921103477 553.64021705836058 1210.831479370594 502.63894082605839 272.02961301803589 760.39672708511353 277.66608762741089 115.00921148061752 449.73373259650543 150.07660485804081 254.89447662234306 191.83717575669289 131.35315039753914
leaf_count=225049 376 889 2827 933 1335 106 469 105 493 764 417 203 259 541
internal_value=5.30002e-05 0.00521503 -0.00775415 0.00567591 0.0174232 0.00894962 0.0206336 -0.0249822 -0.00197832 -0.0361686 -0.00732332 -0.0196546 0.0038188 -0.00956594
internal_weight=18315.1 5167.57 2507.45 1895.82 2660.11 2157.47 1607.78 549.696 13147.6 564.743 847.382 697.305 442.411 1342.18
internal_count=234766 8460 5190 4301 3270 1935 1724 211 226306 1257 1255 838 635 1474
is_linear=0
shrinkage=0.05


Tree=101
num_leaves=15
num_cat=0
split_feature=48 28 32 29 43 27 27 37 47 22 22 48 19 48
split_gain=78.525 87.7091 125.005 97.6739 89.3599 83.7564 80.2617 69.5731 92.1001 260.811 241.761 174.403 171.314 166.094
threshold=0.19441274553537372 4.3372693061828622 3.5259279012680058 0.040284661576151855 4.1026091575622567 5.4315338134765634 6.355238914489747 4.3036997318267831 3.7810807228088383 6.7804884910583505 6.7580702304840097 0.93762746453285228 0.58050915598869335 0.94174566864967357
decision_type=2 2 2 2 2 2 2 2 2 2 2 2 2 2
left_child=1 2 3 -1 -5 -4 -7 8 11 10 12 -2 -10 -13
right_child=7 -3 5 4 -6 6 -8 -9 9 -11 -12 13 -14 -15
leaf_value=-0.03705333784274735 -0.026417980329630511 -0.080324382918825155 0.047480951771393679 -0.011571323244055826 0.05685945806101772 -0.028201527374398738 0.04525350560121532 0.031753126497602459 0.014405285383482369 -0.00037844074085139658 0.047893094437089216 0.085367025408289568 -0.052565307281917509 -0.0038165326867809616
leaf_weight=400.27002227728372 731.75481386855245 36.668173364363611 122.06432692892849 288.61692641489208 46.778742909431458 112.74928413983434 43.492867529392242 170.42537184804678 557.61105943028815 14828.933342553675 548.58428066829219 63.03504441305995 104.83819438889623 180.28990143164992
leaf_count=5493 11689 823 681 1345 32 1628 64 3872 100878 65868 34753 1001 3751 2888
internal_value=5.3207e-05 -0.0131504 -0.00996052 -0.0206914 -0.000657172 0.0181389 -0.00626181 0.000867595 0.000539772 0.00145027 0.0236623 -0.0143005 0.00318254 0.0217449
internal_weight=18236.1 1050.64 1013.97 735.666 335.396 278.306 156.242 17185.5 17015 16040 1211.03 975.08 662.449 243.325
internal_count=234766 10066 9243 6870 1377 2373 1692 224700 220828 205250 139382 15578 104629 3889
is_linear=0
shrinkage=0.05


Tree=102
num_leaves=15
num_cat=0
split_feature=18 20 36 48 36 32 27 4 22 47 27 31 31 22
split_gain=74.0173 71.7103 161.47 224.223 217.732 286.741 265.653 234.198 211.559 209.301 171.233 167.643 306.142 178.752
threshold=5.6112999916076669 0.0041263259481638679 0.57793521881103527 0.87913364171981823 0.6012820601463319 6.2116029262542733 6.355238914489747 1.0000000180025095e-35 6.7984981536865243 4.4005842208862314 5.4617087841033944 0.76214051246643078 0.75882840156555187 6.8007264137268075
decision_type=2 2 2 2 2 2 2 2 2 2 2 2 2 2
left_child=-1 -2 3 11 10 6 -6 -8 -5 -10 -4 12 -3 -13
right_child=1 2 4 8 5 -7 7 -9 9 -11 -12 13 -14 -15
leaf_value=-0.021793583182092621 -0.0034849839466131226 0.011622884289277297 -0.00080500218497542926 0.011070730964189137 -0.00108353621062963 0.042394146933133384 -0.10832235572873164 0.011244343330423812 0.01177056711823973 -0.035960661870384873 -0.05694285406134212 0.013538787648439419 -0.051589203839326393 0.04313350065869926
leaf_weight=369.57001075554581 6863.2558327144943 1573.6706724373507 236.14820015244186 1040.2938390433555 3839.5284534444218 356.37529020104557 100.31006879359484 62.379678942263126 332.46783336624503 704.76325521804392 310.70483095792588 1381.4872477161698 207.94717801362276 812.98614623397589
leaf_count=6116 50401 30989 710 80337 47198 2290 225 159 551 842 721 13007 274 946
internal_value=5.47267e-05 0.000519748 0.00302865 0.00848596 -0.00370955 5.17054e-05 -0.00381492 -0.0644809 -0.00481182 -0.0206949 -0.0331506 0.0154288 0.00399812 0.0246487
internal_weight=18191.9 17822.3 10959.1 6053.62 4905.45 4358.59 4002.22 162.69 2077.52 1037.23 546.853 3976.09 1781.62 2194.47
internal_count=234766 228650 178249 126946 51303 49872 47582 384 81730 1393 1431 45216 31263 13953
is_linear=0
shrinkage=0.05


Tree=103
num_leaves=15
num_cat=0
split_feature=48 28 32 29 43 27 27 22 22 22 26 21 47 33
split_gain=71.7076 80.1779 115.08 89.4912 79.75 79.5805 73.4716 66.8254 68.4276 206.838 270.809 223.397 222.409 536.235
threshold=0.19441274553537372 4.3372693061828622 3.5259279012680058 0.040284661576151855 4.1190040111541757 5.4315338134765634 6.355238914489747 6.5354087352752694 6.7900948524475107 6.7984981536865243 0.67924576997756969 0.75050118565559398 4.388237953186036 1.2424533367156985
decision_type=2 2 2 2 2 2 2 2 2 2 2 2 2 2
left_child=1 2 3 -1 -5 -4 -7 -2 -9 10 -10 -12 -11 -14
right_child=7 -3 5 4 -6 6 -8 8 9 12 11 -13 13 -15
leaf_value=-0.03576050156634196 0.037208395225142729 -0.076275745097103539 0.047087993309152233 -0.010040541367038656 0.059524937657636535 -0.026771171943231899 0.044026300584485457 -0.0054118965521337313 0.0010627562615767737 0.0050487408563398293 -0.05370141002843113 0.038494658972767458 -0.018130507530365974 0.027429932274016206
leaf_weight=391.95206372132816 115.29259725596057 37.478882178664207 117.25886095687747 299.22142332047224 37.533141136169434 112.7109148807358 42.383789822459221 3734.5714457258582 1567.9973135236651 6298.0537986457348 61.401604704558849 1071.5387186519802 3482.6334061920643 783.03114282153547
leaf_count=5493 83347 823 681 1354 23 1628 64 93776 5675 14973 615 15068 6032 5214
internal_value=4.91551e-05 -0.0126436 -0.00953043 -0.0198311 -0.000794058 0.0177562 -0.00592902 0.000826308 0.000557826 0.00224137 0.0145618 0.0330718 -0.000919515 -0.00972256
internal_weight=18153.1 1038.54 1001.06 728.707 336.755 272.354 155.095 17114.5 16999.2 13264.7 2700.94 1132.94 10563.7 4265.66
internal_count=234766 10066 9243 6870 1377 2373 1692 224700 141353 47577 21358 15683 26219 11246
is_linear=0
shrinkage=0.05


Tree=104
num_leaves=15
num_cat=0
split_feature=15 42 2 41 48 31 27 43 24 28 37 21 27 28
split_gain=71.5194 79.035 94.0571 57.029 66.0448 89.2326 168.918 109.069 101.967 120.231 98.4554 120.576 124.925 125.355
threshold=0.010152545757591726 2.79174816608429 0.0085107926279306429 0.84523808956146251 0.70806920528411876 0.79277813434600841 3.1984648704528813 1.0000000180025095e-35 0.10367560386657716 2.4414010047912602 0.89587974548339855 0.82996630668640148 5.4574534893035898 6.0149362087249765
decision_type=2 2 2 2 2 2 2 2 2 2 2 2 2 2
left_child=-1 3 -3 4 -2 6 -6 -8 9 -7 11 12 -11 -14
right_child=1 2 -4 -5 5 8 7 -9 -10 10 -12 -13 13 -15
leaf_value=-0.0034167507222371413 -0.002515322559949398 0.0038299050709477791 0.062412205331999572 -0.020297906755256324 -0.027253560387400524 -0.051831984271146582 -0.06490662705200434 0.020382094976041067 0.0089166774142448741 -0.0012341842281584788 0.010680325054586118 0.010526009181286872 -0.06206864429376327 0.020887380307162969
leaf_weight=8155.5851287570404 3610.3905866729183 161.95472358167171 110.58118816837668 265.43823013082147 212.98389559239149 132.18065074831247 28.73338882625103 1911.781049711979 1985.8504249003017 242.41841561719775 661.7291011819616 299.35826901439577 264.38790740002878 49.488440196961164
leaf_count=96629 33630 170 98 1815 1015 135 402 63131 25555 1139 6785 2776 579 907
internal_value=5.10206e-05 0.00289762 0.0289673 0.0021333 0.00278766 0.00609362 0.0141339 0.0187929 0.00130509 -0.00785675 -0.00371175 -0.0148368 -0.0284302 -0.048748
internal_weight=18092.9 9937.28 272.536 9664.74 9399.3 5788.91 2153.5 1940.51 3635.41 1649.56 1517.38 855.653 556.295 313.876
internal_count=234766 138137 268 137869 136054 102424 64548 63533 37876 12321 12186 5401 2625 1486
is_linear=0
shrinkage=0.05


Tree=105
num_leaves=15
num_cat=0
split_feature=22 37 37 53 47 33 31 48 23 47 31 37 29 37
split_gain=69.4746 312.261 488.431 394.256 304.214 290.645 281.7 408.868 234.445 228.432 202.537 197.133 219.815 209.213
threshold=6.8007264137268075 1.2424533367156985 1.4978661537170412 1.0000000180025095e-35 6.2255475521087655 1.0000000180025095e-35 0.77628055214881908 0.90873935818672191 3.0201274156570439 6.2255475521087655 0.81194058060646068 3.1984648704528813 0.28045997023582464 1.8688347935676577
decision_type=2 2 2 2 2 2 2 2 2 2 2 2 2 2
left_child=9 4 -3 -4 5 6 8 -8 -2 -1 -11 12 13 -5
right_child=1 2 3 11 -6 -7 7 -9 -10 10 -12 -13 -14 -15
leaf_value=-0.00046279196464002557 0.0044020858066703339 -0.047483087971537302 0.041292393582548506 0.0061391165414822653 0.052661897834202859 0.055611388203658213 0.044669674159499823 -0.018277802651244318 -0.049294220921643178 0.0235083406854617 -0.048123044869557624 0.048062890115425215 0.019613034751382943 -0.045074894703319122
leaf_weight=12457.318286282461 434.70310866832733 579.51240837574005 518.9862160384655 292.27147513628006 477.76289539039135 277.18966476619244 610.46617716550827 434.08550763130188 369.3852818608284 119.53618947975338 443.11872952291742 123.80969216674566 314.17928475141525 603.2238484621048
leaf_count=225049 635 889 2827 275 1335 555 321 175 249 506 751 541 180 478
internal_value=4.639e-05 0.00502779 -0.0078398 0.00475025 0.0170313 0.00881449 0.0015362 0.0185853 -0.0205676 -0.00188259 -0.0327602 -0.00967328 -0.0159282 -0.0284765
internal_weight=18055.5 5035.58 2431.98 1852.47 2603.59 2125.83 1848.64 1044.55 804.088 13020 562.655 1333.48 1209.67 895.495
internal_count=234766 8460 5190 4301 3270 1935 1380 496 884 226306 1257 1474 933 753
is_linear=0
shrinkage=0.05


Tree=106
num_leaves=15
num_cat=0
split_feature=24 37 31 47 46 22 22 27 32 22 46 48 48 47
split_gain=71.4756 99.8429 113.82 192.672 135.391 94.1245 208.728 176.554 164.151 231.94 161.17 227.84 187.971 161.071
threshold=0.86409941315650951 0.89587974548339855 0.8981662690639497 6.2166042327880868 0.9041506052017213 6.7929053306579599 6.7962646484375009 3.3460417985916142 3.5831329822540288 6.787281036376954 0.50193798542022716 0.93329241871833812 0.94451466202735912 4.388237953186036
decision_type=2 2 2 2 2 2 2 2 2 2 2 2 2 2
left_child=5 -2 3 -3 -4 8 7 -7 -1 10 11 -10 -13 -8
right_child=1 2 4 -5 -6 6 13 -9 9 -11 -12 12 -14 -15
leaf_value=-0.020079755140409501 0.025688292413514696 0.0085925217067319495 0.033455958261975727 -0.12016087264451117 -0.033351685508608751 0.00085719631346232094 0.0037165626861434147 0.038442475516360423 -0.037283016299172481 -0.037389498794767384 0.01440683377658949 0.095862376501198027 -0.0029418175388364475 -0.0085937003323403802
leaf_weight=1550.1453328739881 602.58892469434068 63.508633179590106 199.99278064025566 41.720229607075453 109.19172032969072 590.49163973331451 7392.5879101920873 654.68511332944036 405.70990694186185 342.31070678681135 1650.6364532232401 55.949302113382146 176.14887040993199 4135.1610606852919
leaf_count=22679 12036 1126 2342 229 647 1589 19411 10404 9808 3019 134285 1100 3168 12923
internal_value=4.78439e-05 0.0128564 -0.0059679 -0.0484525 0.00955643 -0.000727621 0.00140475 0.0207675 -0.00722995 0.000389023 0.00617811 -0.0150114 0.0238516 -0.000702918
internal_weight=17970.8 1017 414.413 105.229 309.185 16953.8 12772.9 1245.18 4180.9 2630.76 2288.44 637.808 232.098 11527.7
internal_count=234766 16380 4344 1355 2989 218386 44327 11993 174059 151380 148361 14076 4268 32334
is_linear=0
shrinkage=0.05


Tree=107
num_leaves=15
num_cat=0
split_feature=0 48 26 23 28 30 17 41 32 38 22 42 28 27
split_gain=69.9414 69.3713 79.2602 151.964 88.7263 73.8767 83.8357 69.2542 357.336 228.569 246.911 198.011 179.125 176.704
threshold=0.015504807699471714 0.19441274553537372 0.27036644518375402 1.4978661537170412 4.3107767105102548 0.0079579800367355364 0.01183473411947489 0.61250001192092907 4.1026091575622567 1.8688347935676577 6.7984981536865243 1.0000000180025095e-35 3.8815106153488164 5.4315338134765634
decision_type=2 2 2 2 2 2 2 2 2 2 2 2 2 2
left_child=1 2 3 -1 -5 -4 -7 11 13 10 -10 -3 -11 -9
right_child=-2 7 5 4 -6 6 -8 8 9 12 -12 -13 -14 -15
leaf_value=-0.051605315936241104 0.024028327696956855 0.00064527354822209199 -0.03062578008732051 0.036455258815608564 -0.042812591949850196 0.06330461598763687 -0.01664014723447239 -0.0034105631669081832 0.032436952273301338 -0.049964163104072735 -0.049649270631955983 0.032922441716598562 0.016048405609559932 0.03734871164763378
leaf_weight=75.130027733612224 288.95690562255913 13661.020859388111 548.38903659395874 225.02256077434868 32.889538135379553 39.465040668379515 88.801652452442795 602.97115937434137 97.197335034608841 123.14337887614965 750.4212139993906 482.30043438822031 440.43832005374134 463.55968870874494
leaf_count=4119 3596 201499 2804 2513 170 95 295 2062 2303 491 1540 4277 2175 6827
internal_value=4.64494e-05 -0.000359997 -0.0130189 0.00681675 0.0251261 -0.0227389 0.0107567 0.000416376 -0.00727752 -0.0237129 -0.0399679 0.00176844 0.00100495 0.0144875
internal_weight=17919.7 17630.8 1009.7 333.042 257.912 676.656 128.267 16621.1 2477.73 1411.2 847.619 14143.3 563.582 1066.53
internal_count=234766 231170 9996 6802 2683 3194 390 221174 15398 6509 3843 205776 2666 8889
is_linear=0
shrinkage=0.05


Tree=108
num_leaves=15
num_cat=0
split_feature=1 46 46 43 28 22 37 33 47 28 27 34 47 27
split_gain=66.4625 75.2592 91.2934 174.578 139.272 109.396 347.432 325.544 263.216 216.867 219.406 265.124 244.023 210.748
threshold=0.013986697886139156 0.98164147138595592 0.85993686318397533 5.995206594467164 4.574657917022706 6.8007264137268075 1.2424533367156985 1.2424533367156985 6.2255475521087655 6.105907917022706 6.351757526397706 0.64882370829582225 6.148386001586915 5.4574534893035898
decision_type=2 2 2 2 2 2 2 2 2 2 2 2 2 2
left_child=1 2 3 4 -1 8 -7 -8 9 10 12 -12 -4 -10
right_child=-2 -3 5 -5 -6 6 7 -9 13 -11 11 -13 -14 -15
leaf_value=-0.0026733768710584978 0.014317648591331734 -0.038107514384424952 0.0013735750576293897 -0.08384515670878355 0.047915008978921231 0.045408025013057123 -0.049782750459344313 0.036214187750202791 0.034082089724682546 0.038106096917562435 -0.008795758040267573 -0.093829066353857973 0.047460841652620003 -0.046835542427141996
leaf_weight=12197.997393749465 769.99455485731596 122.75070831738412 1705.4138779481873 55.689525363966823 127.60246653883951 572.75102931261063 249.53800690174103 181.7932454533875 91.864270679652691 466.62560676923022 473.30723324790597 104.47222478874028 335.54270243830979 409.61119558569044
leaf_count=90903 9882 2538 23278 252 76962 1307 307 1106 444 5999 2701 527 17861 699
internal_value=4.41944e-05 -0.000606708 -0.000313205 -0.00254623 -0.00211124 0.00570151 0.0202022 -0.0135383 0.00159737 0.00708365 0.00143191 -0.025506 0.009145 -0.0316359
internal_weight=17865 17095 16972.2 12381.3 12325.6 4590.92 1004.08 431.331 3586.84 3085.36 2618.74 577.779 2040.96 501.475
internal_count=234766 224884 222346 168117 167865 54229 2720 1413 51509 50366 44367 3228 41139 1143
is_linear=0
shrinkage=0.05


Tree=109
num_leaves=15
num_cat=0
split_feature=24 37 34 39 0 28 33 32 41 32 22 37 32 32
split_gain=65.0933 91.9189 102.768 90.6766 89.0646 90.0037 129.162 105.985 90.2074 250.672 195.392 162.722 154.829 297.581
threshold=0.86409941315650951 0.89587974548339855 0.66334292292594921 0.61432072520256054 0.010362972505390646 1.0000000180025095e-35 3.1984648704528813 1.5890269279479983 0.61250001192092907 4.1026091575622567 6.7984981536865243 1.0000000180025095e-35 3.5259279012680058 4.1190040111541757
decision_type=2 2 2 2 2 2 2 2 2 2 2 2 2 2
left_child=3 -2 -3 4 5 6 -1 -7 12 -10 -11 -12 -9 -14
right_child=1 2 -4 -5 -6 7 -8 8 9 10 11 -13 13 -15
leaf_value=-0.029399924346717968 0.024904833406313314 0.019466934508717573 -0.029692281123963351 -0.014029006449449178 0.0097219486521065573 0.046629207048739296 0.0073429370304785415 -0.0057922860418277763 0.010375937796862671 0.011597294685358788 -0.0047389734604178181 -0.050272556328282203 0.024010701370220537 -0.0005002555792814581
leaf_weight=621.876087352779 587.24714899389073 198.15505550894886 207.86539733130485 1174.8958017830737 2158.6081173981947 110.5198267288506 379.46998674795032 4321.1122899679467 863.22896559163928 276.24111208785325 288.35913544893265 619.30114153027534 1733.9236132916994 4269.5811396312783
leaf_count=4987 12036 3018 1326 12072 26717 1140 1751 21528 6855 4070 178 1333 22537 115218
internal_value=4.46027e-05 0.012417 -0.00580928 -0.000693091 0.0003169 -0.00119485 -0.0155409 -3.24724e-05 -0.000486635 -0.0100481 -0.0249023 -0.036016 0.00141707 0.00660712
internal_weight=17810.4 993.268 406.02 16817.1 15642.2 13483.6 1001.35 12482.3 12371.7 2047.13 1183.9 907.66 10324.6 6003.5
internal_count=234766 16380 4344 218386 206314 179597 6738 172859 171719 12436 5581 1511 159283 137755
is_linear=0
shrinkage=0.05


Tree=110
num_leaves=15
num_cat=0
split_feature=22 37 37 53 47 33 18 48 43 44 47 32 37 29
split_gain=66.425 267.007 416.859 366.126 284.614 270.724 241.679 320.757 189.542 189.78 186.815 187.817 185.736 200.1
threshold=6.8007264137268075 1.2424533367156985 1.4978661537170412 1.0000000180025095e-35 6.2255475521087655 1.0000000180025095e-35 6.5978271961212167 0.82973426580429088 4.1190040111541757 0.070087473839521422 6.2255475521087655 6.2116029262542733 3.1984648704528813 0.28045997023582464
decision_type=2 2 2 2 2 2 2 2 2 2 2 2 2 2
left_child=10 4 -3 -4 5 6 7 -2 -8 -10 11 -1 13 -5
right_child=1 2 3 12 -6 -7 8 -9 9 -11 -12 -13 -14 -15
leaf_value=-0.0013580152483740294 0.0030575454529546612 -0.045383987423439298 0.0406940767212585 -0.027555719683676039 0.052300119705950956 0.05471666617289106 -0.013658450080573946 -0.058702854834331769 0.062464573264967453 0.0044975668328045906 -0.029887180859928655 0.04643911815882696 0.047834351259514352 0.018370814824938062
leaf_weight=12108.477654989969 720.88773953914642 537.30562843382359 493.12089335545897 882.71209096908569 440.16252635419369 264.74178593605757 259.84052185714245 286.25478801131248 316.80191892385483 251.5365914106369 557.60516298608854 199.07526620104909 118.64296808838844 315.05300348997116
leaf_count=223487 716 889 2827 753 1335 555 281 122 152 109 1257 1562 541 180
internal_value=4.354e-05 0.005 -0.00714482 0.00439661 0.0162042 0.00842671 0.00148914 -0.0149008 0.0213609 0.0373308 -0.00184168 -0.00054782 -0.00940456 -0.0154234
internal_weight=17752.2 4887.06 2346.83 1809.53 2540.23 2100.06 1835.32 1007.14 828.179 568.339 12865.2 12307.6 1316.41 1197.77
internal_count=234766 8460 5190 4301 3270 1935 1380 838 542 261 226306 225049 1474 933
is_linear=0
shrinkage=0.05


Tree=111
num_leaves=15
num_cat=0
split_feature=18 31 48 22 0 18 18 27 36 27 47 47 47 43
split_gain=65.6454 66.7873 129.83 122.471 111.61 106.676 148.989 119.068 116.758 92.6358 86.4302 264.78 270.222 195.074
threshold=5.6112999916076669 0.31414473056793218 0.21585947275161746 6.7702026367187509 1.0000000180025095e-35 6.1169946193695077 6.4606864452362069 5.4617087841033944 0.20344828069210055 3.113268375396729 6.148386001586915 6.2166042327880868 6.2195951938629159 6.112574815750123
decision_type=2 2 2 2 2 2 2 2 2 2 2 2 2 2
left_child=-1 3 4 -2 -3 7 -7 -4 -8 -5 -10 -12 13 -13
right_child=1 2 5 9 -6 6 8 -9 10 -11 11 12 -14 -15
leaf_value=-0.020876790144176222 -0.076213481242540626 -0.037997449371425546 0.0014834144833019852 0.0031643988188867693 0.0051555939637014528 -0.055561941949616347 0.034884562716022215 0.044940367549276994 -0.0020426355951844019 0.033550869189409284 0.049617662731815504 -0.12268726846580787 0.0071354990017678853 -0.013262531310120035
leaf_weight=357.04454583095503 27.740837790071964 400.71191578754224 360.01004936592653 611.19528822600842 232.49458347493783 110.77470191114116 228.70486726239324 271.36772868223488 12323.279168031178 418.17382407002151 324.49569281656295 59.976943802088499 1853.9202606431209 104.17267817258835
leaf_count=6116 602 2066 2332 1900 839 1461 1355 83468 101073 3523 18337 484 9241 1969
internal_value=4.81363e-05 0.000491113 -0.000303473 0.0126088 -0.0223191 0.000601743 -0.000251634 0.0205708 0.000196726 0.0157127 -0.000367611 0.00841524 0.0015781 -0.0579932
internal_weight=17684.1 17327 16269.9 1057.11 633.206 15636.7 15005.3 631.378 14894.5 1029.37 14665.8 2342.57 2018.07 164.15
internal_count=234766 228650 222625 6025 2905 219720 133920 85800 132459 5423 131104 30031 11694 2453
is_linear=0
shrinkage=0.05


Tree=112
num_leaves=15
num_cat=0
split_feature=25 0 31 31 32 31 36 36 32 48 20 47 47 23
split_gain=61.1395 62.2058 62.2717 247.328 278.441 125.135 169.474 345.818 296.1 197.805 195.669 177.04 162.211 302.976
threshold=7.3614091888885024e-07 0.015504807699471714 0.68469786643981945 0.75599926710128795 3.3140207529067998 0.76214051246643078 0.57793521881103527 0.63397127389907848 6.2116029262542733 0.8813060224056245 0.0043141304049640903 6.2215831279754648 4.3693678379058847 6.1301383972167978
decision_type=2 2 2 2 2 2 2 2 2 2 2 2 2 2
left_child=-1 2 -2 4 -4 -5 9 -8 11 10 -7 12 -9 -14
right_child=1 -3 3 5 -6 6 7 8 -10 -11 -12 -13 13 -15
leaf_value=-0.027494809042985031 -0.0049198953415164823 0.023223406221599033 0.046268541805787329 -0.022642743967934004 0.0044523831094186866 -0.00073334192817192288 -0.042281049944507217 -0.011797698738913648 0.04202202492793948 -0.0053112877004936783 0.023763638898266631 -0.070438679895848996 0.036053735032345199 -0.013649180729894345
leaf_weight=189.2643003447738 4713.9529841540498 282.48604069213616 607.5938550462015 619.69668416585773 1126.9917715660995 1375.4676775782136 589.01716683956329 2249.6680847592652 345.84880102891475 2263.5690227698069 1988.9390206563985 92.944916747510433 593.19184121658327 615.5366034200415
leaf_count=6810 61453 3556 4626 2534 71294 5245 1580 15256 2436 28844 13204 299 4378 13251
internal_value=4.45993e-05 0.000358602 -3.05937e-05 0.00182037 0.0192811 -0.00101659 0.000329503 -0.00691127 -0.00147099 0.00610334 0.0137761 -0.00581268 -0.00387776 0.0108386
internal_weight=17654.2 17464.9 17182.4 12468.5 1734.59 10733.9 10114.2 4486.21 3897.19 5627.98 3364.41 3551.34 3458.4 1208.73
internal_count=234766 227956 224400 162947 75920 87027 84493 37200 35620 47293 18449 33184 32885 17629
is_linear=0
shrinkage=0.05


Tree=113
num_leaves=15
num_cat=0
split_feature=18 47 1 53 26 24 19 28 21 31 47 28 24 47
split_gain=59.6429 78.297 60.7081 77.2672 68.3534 71.3763 88.6568 159.082 84.6935 74.5665 173.855 161.722 164.999 152.266
threshold=5.6954128742218026 4.6056699752807626 0.013986697886139156 1.0000000180025095e-35 0.9691588580608369 0.86409941315650951 0.68114820122718822 3.6762205362319951 0.75050118565559398 0.79373261332511913 6.2215831279754648 3.8815106153488164 0.038056448101997382 4.8597824573516855
decision_type=2 2 2 2 2 2 2 2 2 2 2 2 2 2
left_child=1 -1 4 -4 5 6 9 -8 -7 10 13 12 -11 -2
right_child=2 -3 3 -5 -6 8 7 -9 -10 11 -12 -13 -14 -15
leaf_value=-0.031877360059727161 0.0032981993669324357 0.019085930519268955 0.0070451019918978111 0.049974554552549746 -0.045858510981675593 -0.036070185150287142 -0.0010847491629269877 -0.08848718964877389 0.018398835930530499 -0.033657777175002755 0.037385491482431296 0.0022294001749308206 -0.0059008048384103463 -0.020928256686551447
leaf_weight=288.38218574303028 7838.9838085263036 93.338597101275809 632.92370526946615 116.79882662370801 71.400322636589408 68.876529201399535 149.89059695228934 69.972656920552254 816.00466784252785 744.60245315358043 337.36405688431114 3790.4564862950938 1863.1580726234242 697.03627513186075
leaf_count=5007 63660 2112 9536 276 1521 1169 1167 567 13744 3721 1795 43754 8107 78630
internal_value=4.51757e-05 -0.0192467 0.00048432 0.0143028 -0.000153864 7.32711e-05 -0.000719402 -0.0315405 0.0138034 -0.000255326 0.00271032 -0.00436606 -0.0139246 0.00129774
internal_weight=17579.2 381.721 17197.5 749.723 16447.7 16376.3 15491.5 219.863 884.881 15271.6 8873.38 6398.22 2607.76 8536.02
internal_count=234766 7119 227647 9812 217835 216314 201401 1734 14913 199667 144085 55582 11828 142290
is_linear=0
shrinkage=0.05


Tree=114
num_leaves=15
num_cat=0
split_feature=36 36 38 28 26 46 32 37 28 22 27 47 27 28
split_gain=57.0171 129.315 77.1404 70.9074 122.411 177.011 121.516 72.0106 567.809 176.674 153.781 222.549 278.867 325.142
threshold=0.95080643892288219 0.94319096207618724 1.0000000180025095e-35 1.0000000180025095e-35 0.75929227471351635 0.77498430013656627 1.5890269279479983 1.0000000180025095e-35 2.9700856208801274 6.7804884910583505 6.33327341079712 4.4005842208862314 5.4617087841033944 3.8815106153488164
decision_type=2 2 2 2 2 2 2 2 2 2 2 2 2 2
left_child=1 3 -2 4 5 -1 -5 8 -8 -10 11 12 -11 -14
right_child=2 -3 -4 6 -6 -7 7 -9 9 10 -12 -13 13 -15
leaf_value=-0.03190664237792501 0.04213134354205738 -0.13533993644563047 -0.0086090636793695382 0.047226473162328308 -0.040445262992807006 0.013815309126015524 0.046825001856607082 -0.0019756202055670391 0.026206164702971897 0.036692750857856664 0.010246504683722542 -0.025274588412342494 -0.050630594375359855 0.013814872708704655
leaf_weight=323.0586719540006 172.33220683410764 7.7200285997241727 122.2185594625771 128.94114755839109 276.90130000188947 571.17310805618763 695.0896071610041 11043.117078683164 491.6712837931118 412.63980584032834 1097.5601537842304 1422.0219917669892 329.72634404152632 454.15889239311218
leaf_count=4500 2134 26 875 1436 842 1344 6641 104541 99147 1957 5814 3648 1545 316
internal_value=4.02066e-05 -0.000338145 0.0214861 -0.000199318 -0.0120236 -0.00287282 0.000669077 0.000263247 0.00529978 -0.00165459 -0.00540123 -0.011974 0.0039117 -0.0135892
internal_weight=17548.3 17253.8 294.551 17246.1 1171.13 894.232 16074.9 15946 4902.87 4207.78 3716.11 2618.55 1196.53 783.885
internal_count=234766 231757 3009 231731 6686 5844 225045 223609 119068 112427 13280 7466 3818 1861
is_linear=0
shrinkage=0.05


Tree=115
num_leaves=15
num_cat=0
split_feature=22 37 37 53 33 47 18 48 47 19 32 37 29 37
split_gain=58.8261 238.708 387.111 324.096 255.183 249.322 222.646 289.218 176.757 173.347 164.985 163.478 172.433 215.031
threshold=6.8007264137268075 1.2424533367156985 1.4978661537170412 1.0000000180025095e-35 1.0000000180025095e-35 6.2255475521087655 6.5978271961212167 0.82973426580429088 6.2255475521087655 0.070694644004106535 6.2116029262542733 3.1984648704528813 0.29693682491779333 1.8688347935676577
decision_type=2 2 2 2 2 2 2 2 2 2 2 2 2 2
left_child=8 4 -3 -4 5 6 7 -2 10 -8 -1 12 13 -5
right_child=1 2 3 11 -6 -7 9 -9 -10 -11 -12 -13 -14 -15
leaf_value=-0.0011994683068949808 0.0029491781829520032 -0.044477432317706865 0.039827316787530105 0.0088297177031804973 0.053206447203251128 0.051736191105566112 0.041740231490098166 -0.056372585864275099 -0.029123920355450847 -0.003931145710243512 0.045516733886707822 0.047440972870479797 0.018256180782200964 -0.042624393657236741
leaf_weight=11997.87579118766 708.80945265293121 516.68223130702972 462.62165329232812 304.60995239019394 371.03094077110291 279.4822675511241 442.58270624279976 278.81398609280586 552.8821432790719 381.1494532674551 182.01753195933998 109.27853329479694 301.25029665231705 581.63936400413513
leaf_count=223487 716 889 2827 283 1066 824 306 122 1257 236 1562 541 167 483
internal_value=3.91247e-05 0.0047895 -0.00686836 0.00436523 0.0155518 0.00864829 0.00175251 -0.014195 -0.00173089 0.0208139 -0.00046457 -0.00849373 -0.0139943 -0.0250381
internal_weight=17470.7 4737.95 2276.08 1759.4 2461.87 2090.84 1811.36 987.623 12732.8 823.732 12179.9 1296.78 1187.5 886.249
internal_count=234766 8460 5190 4301 3270 2204 1380 838 226306 542 225049 1474 933 766
is_linear=0
shrinkage=0.05


Tree=116
num_leaves=15
num_cat=0
split_feature=26 26 22 27 31 32 33 22 31 25 31 32 24 36
split_gain=57.3422 205.474 159.817 130.661 161.623 271.569 160.959 179.744 128.096 121.176 110.363 147.41 219.248 123.478
threshold=0.67924576997756969 0.6935827136039735 6.7770755290985116 3.1984648704528813 0.75599926710128795 3.3140207529067998 1.2424533367156985 6.7804884910583505 0.74165740609169017 2.0027809114253617e-05 0.76214051246643078 3.5831329822540288 0.036852940917015083 0.57793521881103527
decision_type=2 2 2 2 2 2 2 2 2 2 2 2 2 2
left_child=2 -2 -1 -3 5 -5 7 -7 -9 -4 -6 12 -12 -14
right_child=1 3 9 4 10 6 -8 8 -10 -11 11 -13 13 -15
leaf_value=-0.032650980192093441 0.033467159123190697 -0.028573857962533214 -0.032138852900734032 0.046032114718764949 -0.022019771970331475 0.047999621065803674 0.026445023192600753 -0.025152960427725215 0.021522264977457385 0.0011075572476720577 -0.033523583034967344 0.0040516972789232802 0.0087742207977846744 -0.014870632953118971
leaf_weight=456.96215988080075 478.54414392897161 366.96477568522096 288.23112386092544 494.66681393049657 589.6971523668617 116.37093502032803 502.33655376033857 710.91259956732392 176.42155796661973 3377.0622715605423 699.47460187133402 6916.5896678922581 1250.3952637761831 972.74850993417203
leaf_count=20645 9264 1907 1054 9261 2472 68188 19732 3609 893 12898 2312 72885 6381 3265
internal_value=4.26925e-05 0.00164269 -0.00510138 0.000427374 0.00130587 0.0142858 0.00362367 -0.00794621 -0.0157365 -0.0015872 -0.00119553 7.36311e-05 -0.00932247 -0.00159197
internal_weight=17397.4 13275.1 4122.26 12796.6 12429.6 2000.71 1506.04 1003.71 887.334 3665.29 10428.9 9839.21 2922.62 2223.14
internal_count=234766 200169 34597 190905 188998 101683 92422 72690 4502 13952 87315 84843 11958 9646
is_linear=0
shrinkage=0.05


Tree=117
num_leaves=15
num_cat=0
split_feature=22 37 37 53 33 43 48 18 31 47 43 27 32 37
split_gain=55.7362 210.97 364.845 292.569 243.77 235.586 366.868 350.272 189.453 162.371 157.854 155.382 155.025 151.145
threshold=6.8007264137268075 1.2424533367156985 1.4978661537170412 1.0000000180025095e-35 1.0000000180025095e-35 4.1190040111541757 0.87913364171981823 6.6073255538940439 0.77628055214881908 6.2255475521087655 3.9019216299057011 5.4574534893035898 6.2116029262542733 3.1984648704528813
decision_type=2 2 2 2 2 2 2 2 2 2 2 2 2 2
left_child=9 4 -3 -4 5 8 -7 -8 10 12 -2 -11 -1 -5
right_child=1 2 3 13 -6 6 7 -9 -10 11 -12 -13 -14 -15
leaf_value=-0.0011580341087234322 0.022810342570837878 -0.043341293389351165 0.039155766912185801 -0.012811826014510677 0.052632539339417389 0.041382223910112932 -0.049728739426263172 0.030839446438520823 0.025381297643830909 0.024452778120559987 -0.043778012608881249 -0.04082304682340511 0.045052679522310957 0.047223010431932895
leaf_weight=11952.823676424814 105.44900666177273 504.24249260127544 443.37095590680838 1174.2522945702076 354.33102190494537 816.20600356161594 276.62743033468723 245.61975551396608 205.58530229330063 106.87286216020584 420.31735843420029 444.56947151944041 174.28792832605541 105.21197140216827
leaf_count=223487 384 889 2827 933 1066 996 151 188 122 493 363 764 1562 541
internal_value=4.29604e-05 0.00471866 -0.0063778 0.00462843 0.0148974 0.00821549 0.0206309 -0.011969 -0.0144778 -0.00167472 -0.0302464 -0.027962 -0.000457332 -0.00754715
internal_weight=17329.8 4651.21 2227.08 1722.84 2424.14 2069.8 1338.45 522.247 731.352 12678.6 525.766 551.442 12127.1 1279.46
internal_count=234766 8460 5190 4301 3270 2204 1335 339 869 226306 747 1257 225049 1474
is_linear=0
shrinkage=0.05


Tree=118
num_leaves=15
num_cat=0
split_feature=2 47 22 48 41 32 22 37 27 42 34 25 47 22
split_gain=55.0406 73.9312 59.2672 55.0366 63.3604 263.23 181.469 184.466 156.757 152.618 116.051 123.017 112.036 321.077
threshold=0.013245614245533945 4.388237953186036 6.787281036376954 0.19441274553537372 0.61250001192092907 4.1026091575622567 6.7984981536865243 1.0000000180025095e-35 5.4315338134765634 1.0000000180025095e-35 0.23342375457286837 0.005254655610769988 4.388237953186036 6.7900948524475107
decision_type=2 2 2 2 2 2 2 2 2 2 2 2 2 2
left_child=3 2 -2 -1 9 8 -7 -8 10 12 -6 -12 13 -5
right_child=1 -3 -4 4 5 6 7 -9 -10 -11 11 -13 -14 -15
leaf_value=-0.012450792643799053 -0.014630296683351736 -0.0055062337714647117 0.027977786041008625 -0.015878258406242015 -0.028303888803651096 0.011226712183545665 -0.0015175690052556508 -0.04770826640202791 0.035260645420585358 0.029815584370455013 0.036623259427854347 -0.031407617759766443 -0.0047633444552823449 0.010376372424537922
leaf_weight=924.02446978523221 89.439006946719019 400.77864717214834 538.89666064083576 1477.4547838266008 270.04832763038576 300.62410536315292 319.84393960237503 661.03703984618187 404.72294170409441 445.68486409354955 208.59537707455456 86.621640577912331 5773.3262343446841 5360.087911427021
leaf_count=9716 1939 9725 1821 28382 1249 4535 195 1465 6535 4118 203 520 141852 22511
internal_value=4.59698e-05 0.0112021 0.0217787 -0.00066779 5.11195e-05 -0.00767605 -0.0224756 -0.0328138 0.0119062 0.00138846 -0.00513752 0.0162868 0.000360979 0.00468837
internal_weight=17261.2 1029.11 628.336 16232.1 15308 2251.49 1281.51 980.881 969.988 13056.6 565.265 295.217 12610.9 6837.54
internal_count=234766 13485 3760 221281 211565 14702 6195 1660 8507 196863 1972 723 192745 50893
is_linear=0
shrinkage=0.05


Tree=119
num_leaves=15
num_cat=0
split_feature=26 26 22 18 21 27 22 22 32 31 29 28 22 24
split_gain=55.1984 186.564 139.325 123.933 138.481 121.517 145.001 206.183 508.242 465.086 380.702 330.827 199.977 212.573
threshold=0.67924576997756969 0.6935827136039735 6.7770755290985116 6.1169946193695077 0.73624911904335033 3.1984648704528813 6.7996129989624032 6.7929053306579599 4.1190040111541757 0.8981662690639497 0.87373051047325145 6.0969495773315439 6.7804884910583505 0.77484264969825756
decision_type=2 2 2 2 2 2 2 2 2 2 2 2 2 2
left_child=2 -2 -1 -3 -5 -6 7 12 -9 10 -10 -12 -7 -14
right_child=1 3 -4 4 5 6 -8 8 9 -11 11 -13 13 -15
leaf_value=-0.031014490883598429 0.032411835991922065 0.027049378134889942 -0.001748253516179138 -0.048736502154779759 -0.029039255371464869 0.011849141382541709 -0.0041996472513898915 0.045772966738184775 -0.0081626844869777896 0.041520179338485258 0.014673348355087129 -0.16028100996455805 -0.024031455493419361 0.017416487449712494
leaf_weight=447.92197041663167 464.31855205469765 413.94499481760431 3646.5188264036551 136.6954094748944 336.69049121066928 1431.4846397473011 6271.7175100743771 963.34633529186249 926.19790066964924 443.991505285725 38.141339370980859 71.236565891653299 1223.6718695275486 404.8059895504266
leaf_count=20645 9264 72711 13952 1427 1789 59794 14235 9921 3993 5124 449 264 14655 6543
internal_value=4.36817e-05 0.00162508 -0.00501767 0.000471426 -0.000448163 0.000136606 0.000994814 0.0069119 0.0177122 -0.000742742 -0.0190863 -0.103154 -0.00174012 -0.0136849
internal_weight=17220.7 13126.2 4094.44 12661.9 12248 12111.3 11774.6 5502.88 2442.91 1479.57 1035.58 109.378 3059.96 1628.48
internal_count=234766 200169 34597 190905 118194 116767 114978 100743 19751 9830 4706 713 80992 21198
is_linear=0
shrinkage=0.05


end of trees

feature_importances:
Column_22=218
Column_36=193
Column_37=170
Column_47=137
Column_27=131
Column_32=103
Column_48=95
Column_31=91
Column_28=65
Column_46=59
Column_43=45
Column_18=39
Column_26=36
Column_33=35
Column_41=27
Column_42=22
Column_15=20
Column_23=19
Column_24=18
Column_44=15
Column_0=14
Column_53=14
Column_2=13
Column_29=11
Column_49=11
Column_21=10
Column_34=10
Column_38=9
Column_25=8
Column_54=8
Column_1=7
Column_19=7
Column_56=7
Column_39=5
Column_20=2
Column_52=2
Column_4=1
Column_16=1
Column_17=1
Column_30=1

parameters:
[boosting: gbdt]
[objective: binary]
[metric: binary_logloss]
[tree_learner: serial]
[device_type: cpu]
[data_sample_strategy: bagging]
[data: ]
[valid: ]
[num_iterations: 120]
[learning_rate: 0.05]
[num_leaves: 15]
[num_threads: 2]
[seed: 20260928]
[deterministic: 1]
[force_col_wise: 1]
[force_row_wise: 0]
[histogram_pool_size: -1]
[max_depth: -1]
[min_data_in_leaf: 100]
[min_sum_hessian_in_leaf: 0.001]
[bagging_fraction: 1]
[pos_bagging_fraction: 1]
[neg_bagging_fraction: 1]
[bagging_freq: 0]
[bagging_seed: 8287]
[bagging_by_query: 0]
[feature_fraction: 1]
[feature_fraction_bynode: 1]
[feature_fraction_seed: 24490]
[extra_trees: 0]
[extra_seed: 6370]
[early_stopping_round: 0]
[early_stopping_min_delta: 0]
[first_metric_only: 0]
[max_delta_step: 0]
[lambda_l1: 0]
[lambda_l2: 10]
[linear_lambda: 0]
[min_gain_to_split: 0]
[drop_rate: 0.1]
[max_drop: 50]
[skip_drop: 0.5]
[xgboost_dart_mode: 0]
[uniform_drop: 0]
[drop_seed: 1862]
[top_rate: 0.2]
[other_rate: 0.1]
[min_data_per_group: 100]
[max_cat_threshold: 32]
[cat_l2: 10]
[cat_smooth: 10]
[max_cat_to_onehot: 4]
[top_k: 20]
[monotone_constraints: ]
[monotone_constraints_method: basic]
[monotone_penalty: 0]
[feature_contri: ]
[forcedsplits_filename: ]
[refit_decay_rate: 0.9]
[cegb_tradeoff: 1]
[cegb_penalty_split: 0]
[cegb_penalty_feature_lazy: ]
[cegb_penalty_feature_coupled: ]
[path_smooth: 0]
[interaction_constraints: ]
[verbosity: -1]
[saved_feature_importance_type: 0]
[use_quantized_grad: 0]
[num_grad_quant_bins: 4]
[quant_train_renew_leaf: 0]
[stochastic_rounding: 1]
[linear_tree: 0]
[max_bin: 255]
[max_bin_by_feature: ]
[min_data_in_bin: 3]
[bin_construct_sample_cnt: 234767]
[data_random_seed: 5112]
[is_enable_sparse: 1]
[enable_bundle: 1]
[use_missing: 1]
[zero_as_missing: 0]
[feature_pre_filter: 1]
[pre_partition: 0]
[two_round: 0]
[header: 0]
[label_column: ]
[weight_column: ]
[group_column: ]
[ignore_column: ]
[categorical_feature: ]
[forcedbins_filename: ]
[precise_float_parser: 0]
[parser_config_file: ]
[objective_seed: 23271]
[num_class: 1]
[is_unbalance: 0]
[scale_pos_weight: 1]
[sigmoid: 1]
[boost_from_average: 1]
[reg_sqrt: 0]
[alpha: 0.9]
[fair_c: 1]
[poisson_max_delta_step: 0.7]
[tweedie_variance_power: 1.5]
[lambdarank_truncation_level: 30]
[lambdarank_norm: 1]
[label_gain: ]
[lambdarank_position_bias_regularization: 0]
[eval_at: ]
[multi_error_top_k: 1]
[auc_mu_weights: ]
[num_machines: 1]
[local_listen_port: 12400]
[time_out: 120]
[machine_list_filename: ]
[machines: ]
[gpu_platform_id: -1]
[gpu_device_id: -1]
[gpu_device_id_list: ]
[gpu_use_dp: 0]
[num_gpu: 1]

end of parameters

pandas_categorical:null
