tree
version=v4
num_class=1
num_tree_per_iteration=1
label_index=0
max_feature_idx=56
objective=binary sigmoid:1
feature_names=Column_0 Column_1 Column_2 Column_3 Column_4 Column_5 Column_6 Column_7 Column_8 Column_9 Column_10 Column_11 Column_12 Column_13 Column_14 Column_15 Column_16 Column_17 Column_18 Column_19 Column_20 Column_21 Column_22 Column_23 Column_24 Column_25 Column_26 Column_27 Column_28 Column_29 Column_30 Column_31 Column_32 Column_33 Column_34 Column_35 Column_36 Column_37 Column_38 Column_39 Column_40 Column_41 Column_42 Column_43 Column_44 Column_45 Column_46 Column_47 Column_48 Column_49 Column_50 Column_51 Column_52 Column_53 Column_54 Column_55 Column_56
feature_infos=[0:0.016393441706895828] [0:0.016393441706895828] [0:0.016393441706895828] [0:0.016393441706895828] [0:0.016393441706895828] [0:1] [0:1] [0:1] [0:1] [0:1] [0:1] [0:1] [0:1] [0:1] [0:1] [0:0.081967204809188843] [0:5] [0.00099009904079139233:0.090909093618392944] [0:6.6895990371704102] [0:0.81786376237869263] [0:0.22863689064979553] [0:0.93925231695175171] [0:6.8012828826904297] [0:6.3189682960510254] [0:0.96773183345794678] [0:0.15015152096748352] [0:0.9943925142288208] [0:6.3595738410949707] [0:6.1737861633300781] [0:0.98961734771728516] [0:0.34936872124671936] [0:0.99781179428100586] [0:6.2146081924438477] [0:4.2904596328735352] [0:0.80281984806060791] [0:0.23415222764015198] [0:0.9838709831237793] [0:4.3438053131103516] [0:3.0910425186157227] [0:0.80281984806060791] [0:0.22467887401580811] [0:0.95652174949645996] [0:3.0910425186157227] [0:6.1841487884521484] [0:0.97844058275222778] [0:0.29898670315742493] [0:0.99568033218383789] [0:6.226536750793457] [0:1.0000004768371582] [0:1.0000003576278687] [0:0.44779112935066223] [0:1] [0:1] [0:1] [0:1] [0:1] [0:1]
tree_sizes=1693 1776 1772 1777 1779 1784 1771 1780 1777 1775 1778 1774 1774 1781 1787 1793 1793 1798 1779 1797 1785 1793 1778 1789 1785 1785 1797 1780 1794 1767 1783 1790 1779 1778 1791 1786 1795 1793 1793 1797 1801 1787 1788 1802 1793 1785 1783 1787 1791 1790 1785 1784 1786 1773 1801 1798 1787 1787 1788 1793 1804 1798 1793 1794 1783 1792 1792 1790 1794 1781 1791 1810 1792 1765 1805 1795 1794 1795 1794 1780 1796 1793 1789 1762 1797 1775 1791 1795 1783 1786 1784 1781 1782 1778 1787 1797 1774 1789 1787 1779 1806 1783 1794 1792 1809 1791 1767 1802 1792 1795 1774 1792 1789 1798 1775 1770 1791 1790 1797 1776

Tree=0
num_leaves=15
num_cat=0
split_feature=27 33 56 28 27 31 48 37 47 32 36 43 22 37
split_gain=33397 8680.08 12873.7 10627.3 10302.7 16251.6 9438.79 6322.03 9655.37 7269.29 6001.68 4996.2 4328.04 3867.63
threshold=3.113268375396729 1.2424533367156985 1.0000000180025095e-35 3.8606742620468144 5.349008560180665 0.80981242656707775 0.41052861511707311 1.2424533367156985 6.2255475521087655 1.0000000180025095e-35 0.7379862666130067 6.0969495773315439 6.7984981536865243 1.8688347935676577
decision_type=2 2 2 2 2 2 2 2 2 2 2 2 2 2
left_child=-1 2 7 6 5 12 -4 9 -9 11 -5 -2 -3 -7
right_child=1 4 3 10 -6 13 -8 8 -10 -11 -12 -13 -14 -15
leaf_value=1.0200116555150891 0.98006790835639557 1.1162843156384012 1.0084719961171349 1.0309889491319828 1.2379968229166904 1.2229314462735703 1.2143769292892184 1.1777769429030429 0.97518743275852871 1.2073407261471805 1.2423419894795396 1.235883139831301 1.2334182929935864 1.043908967200859
leaf_weight=3115.0856226375327 597.04268944263458 928.5378415454179 681.66006284579635 3279.7098270133138 13987.174431751948 341.1587800681591 2839.8686241805553 2105.1211956581101 806.19795363396406 17579.737921482883 368.50223171710968 272.94584423303604 4964.4648470878601 2345.0717078335583
leaf_count=16946 1090 16298 600 5603 40761 390 5444 13096 482 181918 217 365 4097 13993
internal_value=1.17869 1.18839 1.17006 1.11214 1.21155 1.16842 1.17415 1.18952 1.12117 1.20034 1.05245 1.06006 1.21489 1.06673
internal_weight=54212.3 51097.2 28530.8 7169.74 22566.4 8579.23 3521.53 21361 2911.32 18449.7 3648.21 869.989 5893 2686.23
internal_count=301300 284354 208815 11864 75539 34778 6044 196951 13578 183373 5820 1455 20395 14383
is_linear=0
shrinkage=1


Tree=1
num_leaves=15
num_cat=0
split_feature=27 33 56 27 31 28 48 37 47 32 36 43 22 36
split_gain=27909.6 7977.91 11208.8 9705.85 14022.9 8649.61 7945.81 5624.16 7632.46 6326.02 4879.39 3974.71 3972.48 3322.29
threshold=3.113268375396729 1.2424533367156985 1.0000000180025095e-35 5.349008560180665 0.80981242656707775 3.8606742620468144 0.41052861511707311 1.2424533367156985 6.2255475521087655 1.0000000180025095e-35 0.7379862666130067 6.0075833797454843 6.7984981536865243 0.49675324559211737
decision_type=2 2 2 2 2 2 2 2 2 2 2 2 2 2
left_child=-1 2 7 4 12 6 -4 9 -9 11 -7 -2 -3 -11
right_child=1 3 5 -5 -6 10 -8 8 -10 13 -12 -13 -14 -15
leaf_value=-0.13899482406915462 -0.17162142683715553 -0.057397574857329749 -0.14850775631212779 0.058228774969433322 -0.10032581949732643 -0.13006594515530909 0.03458292508503677 -0.00086271583099224107 -0.17475602228032386 -0.10244769976271724 0.062675000486458174 0.054781190434465957 0.053596964532543145 0.031325641891359293
leaf_weight=3372.3372078589164 655.09105813503265 959.04624768905342 741.94683580100536 13546.302141475491 2843.2472146935761 3532.2043520435691 2786.0757427513599 2106.1334663019516 891.00473930686712 467.72315825382248 356.03339660167694 267.94869387149811 4820.1007235646248 16844.783125868533
leaf_count=16946 1086 16298 600 40761 14383 5603 5444 13096 482 3832 217 369 4097 178086
internal_value=8.00114e-05 0.00933476 -0.00809194 0.031849 -0.00961454 -0.0609664 -0.00423215 0.0103963 -0.0529678 0.020834 -0.112302 -0.106016 0.0351102 0.0276545
internal_weight=54190 50817.6 28648.9 22168.7 8622.39 7416.26 3528.02 21232.7 2997.14 18235.5 3888.24 923.04 5779.15 17312.5
internal_count=301300 284354 208815 75539 34778 11864 6044 196951 13578 183373 5820 1455 20395 181918
is_linear=0
shrinkage=0.05


Tree=2
num_leaves=15
num_cat=0
split_feature=27 37 36 32 22 22 31 32 48 22 22 36 37 47
split_gain=23748.6 7479.31 14739 10452 6964.48 6903.3 6434.69 8320.11 6822.37 6387.01 4753.34 6432.29 4129.69 3770.65
threshold=3.113268375396729 3.1984648704528813 0.41885964572429663 1.0000000180025095e-35 6.7996129989624032 6.7804884910583505 0.75882840156555187 6.1354806423187265 0.61715480685234081 6.8007264137268075 6.7996129989624032 0.70900535583496105 1.8688347935676577 4.770540952682496
decision_type=2 2 2 2 2 2 2 2 2 2 2 2 2 2
left_child=-1 2 4 -4 -2 -3 -5 10 9 -9 13 -12 -13 -8
right_child=1 5 3 6 -6 -7 7 8 -10 -11 11 12 -14 -15
leaf_value=-0.12400425992549469 -0.0067355529045080176 -0.10424604803527726 -0.114020287198054 0.041980135753725861 -0.1445558284689937 0.059264092174400165 0.030571974952992822 0.055036164357343209 0.052532182997623023 -0.15729110375455363 -0.091310216355599563 0.037110121328612848 -0.14676828645523807 -0.0668850784039383
leaf_weight=3586.1622558343224 1469.1117183808237 684.96893643960357 1631.1950833201408 13590.323478808627 2432.0391564965248 9233.7767917364836 4016.383165853098 614.83609394729137 7738.939927957952 812.81723213195801 4520.5637766122818 2050.7525019049644 348.50292158126831 1307.2602253905497
leaf_count=16946 14301 12876 1824 146443 1916 18854 24878 3037 28501 408 3934 1831 274 25277
internal_value=0.00013827 0.00898532 -0.000541741 0.00930664 -0.0928048 0.0478788 0.0150852 -0.00199831 0.0340034 -0.066103 -0.0289583 -0.0562538 0.00990261 0.00656014
internal_weight=54037.6 50451.5 40532.7 36631.6 3901.15 9918.75 35000.4 21410.1 9166.59 1427.65 12243.5 6919.82 2399.26 5323.64
internal_count=301300 284354 252624 236407 16217 31730 234583 88140 31946 3445 56194 6039 2105 50155
is_linear=0
shrinkage=0.05


Tree=3
num_leaves=15
num_cat=0
split_feature=27 37 36 28 22 31 32 48 22 22 22 36 36 37
split_gain=20482.8 6975.88 12822.8 9112.75 6282.27 5993.34 7549.32 6255.09 5661.48 5439.76 4138.55 5436.66 3822.32 3583.09
threshold=3.113268375396729 3.1984648704528813 0.41885964572429663 1.0000000180025095e-35 6.7804884910583505 0.75882840156555187 6.1354806423187265 0.61715480685234081 6.7996129989624032 6.8007264137268075 6.7996129989624032 0.70900535583496105 0.93276837468147289 1.8688347935676577
decision_type=2 2 2 2 2 2 2 2 2 2 2 2 2 2
left_child=-1 2 8 -4 -3 12 10 9 -2 -8 -7 -12 -5 -13
right_child=1 4 3 5 -6 6 7 -9 -10 -11 11 13 -14 -15
leaf_value=-0.11215472429026332 -0.0063781054150043332 -0.094691132061696701 -0.10313069805571824 0.0452105217491309 0.058306867316897631 0.006274034476645856 0.053977134675396457 0.05144579398301518 -0.12913510994349811 -0.14146950561736338 -0.08313537824138062 0.036029955023702112 -0.12600042214413987 -0.13115069009447342
leaf_weight=3762.8999555157498 1474.2964814063162 716.51536243036389 1717.435914400965 12940.497385195922 8924.1315032690763 5306.0566536276601 596.22458547353745 7513.2174326106906 2583.2439357042313 858.35665225982666 4712.5048856139183 2008.0216329097748 325.00861890055239 371.0547553896904
leaf_count=16946 14301 12876 2000 145060 18854 50155 3037 28501 1916 408 3934 1831 1207 274
internal_value=0.000188813 0.00865641 -0.000465566 0.00895336 0.0468494 0.0145401 -0.00185289 0.033072 -0.084657 -0.0615355 -0.027122 -0.0520833 0.0409241 0.00951566
internal_weight=53809.5 50046.6 40405.9 36348.4 9640.65 34630.9 21365.4 8967.8 4057.54 1454.58 12397.6 7091.58 13265.5 2379.08
internal_count=301300 284354 252624 236407 31730 234407 88140 31946 16217 3445 56194 6039 146267 2105
is_linear=0
shrinkage=0.05


Tree=4
num_leaves=15
num_cat=0
split_feature=27 37 36 28 22 31 32 48 32 22 22 36 36 47
split_gain=17849.9 6512.17 11250.3 8001.11 5748.35 5586.8 6884.42 5755.2 4841.09 4712.28 3635.47 4647.94 3399.9 3360.02
threshold=3.113268375396729 3.1984648704528813 0.40129870176315313 1.0000000180025095e-35 6.7804884910583505 0.75882840156555187 6.1354806423187265 0.61715480685234081 4.8531885147094735 6.8007264137268075 6.7996129989624032 0.70900535583496105 0.93276837468147289 4.770540952682496
decision_type=2 2 2 2 2 2 2 2 2 2 2 2 2 2
left_child=-1 2 8 -4 -3 12 10 9 -2 -8 13 -12 -5 -7
right_child=1 4 3 5 -6 6 7 -9 -10 -11 11 -13 -14 -15
leaf_value=-0.10251724234305222 -0.10204949720124082 -0.086708784205040856 -0.094419239661728285 0.044118562533525134 0.057398868648078583 0.029331539049782859 0.052960627023012352 0.050398158286763563 0.042165280947257862 -0.12918484108985254 -0.076280081252849449 0.0091497513188338302 -0.11285564049436647 -0.061772052741462927
leaf_weight=3907.7187083507888 3477.5086786877364 743.52847320586443 1781.2523037008941 12615.36413335707 8619.9257966093719 3936.8874171040952 577.94263877719641 7292.8106185011566 692.67966866865754 892.95501565933228 4888.1101421117783 2355.9878729581833 345.31478227488697 1351.1612937264144
leaf_count=16946 9826 12876 2000 145091 18854 24878 3037 28516 6333 408 3943 2105 1207 25280
internal_value=0.000226893 0.00834526 -0.00040381 0.00860051 0.0458753 0.0139833 -0.00177207 0.0322028 -0.0780515 -0.0577422 -0.0255374 -0.0485215 0.0398525 0.0059808
internal_weight=53479.1 49571.4 40208 36037.8 9363.45 34256.5 21295.9 8763.71 4170.19 1470.9 12532.1 7244.1 12960.7 5288.05
internal_count=301300 284354 252624 236465 31730 234465 88167 31961 16159 3445 56206 6048 146298 50158
is_linear=0
shrinkage=0.05


Tree=5
num_leaves=15
num_cat=0
split_feature=27 37 36 28 22 31 32 48 22 22 43 22 36 36
split_gain=15683.3 6083.34 9911.11 7075.66 5282.66 5176.49 6253.83 5308.72 4301.26 4135.52 3238.08 3182.77 4102.92 3047.58
threshold=3.113268375396729 3.1984648704528813 0.41885964572429663 1.0000000180025095e-35 6.7804884910583505 0.75882840156555187 6.1354806423187265 0.61715480685234081 6.7996129989624032 6.8007264137268075 6.0969495773315439 6.7996129989624032 0.78817948698997509 0.93276837468147289
decision_type=2 2 2 2 2 2 2 2 2 2 2 2 2 2
left_child=-1 2 8 10 -3 13 11 9 -2 -8 -4 -7 -13 -5
right_child=1 4 3 5 -6 6 7 -9 -10 -11 -12 12 -14 -15
leaf_value=-0.094498419424984964 -0.0039044881961919856 -0.079920185015720124 -0.11641259228987758 0.043036058157006118 0.056534716714548329 0.005722064120887973 0.051981771815888249 0.049380397316685705 -0.10865357701852599 -0.1193640502818557 0.061228471567219306 -0.065462423046564716 0.023146958265153034 -0.1022458671450772
leaf_weight=4024.9474342167377 1508.9633026854135 766.56768087297678 1533.1473197415471 12285.804442446213 8321.826889462769 5268.8171828929335 560.02922712266445 7075.6820535026491 2789.8621885180473 918.21265077590942 301.12449526786804 5681.031517624855 1689.9969152212143 362.64474276825786
leaf_count=16946 14301 12876 1635 145060 18854 50155 3037 28501 1916 408 365 4467 1572 1207
internal_value=0.000258726 0.00804981 -0.000348625 0.00830023 0.0449501 0.0134939 -0.00161592 0.0313793 -0.0719792 -0.0545369 -0.0870762 -0.0239523 -0.0451426 0.0387932
internal_weight=53088.7 49063.7 39975.3 35676.5 9088.39 33842.2 21193.8 8553.92 4298.83 1478.24 1834.27 12639.8 7371.03 12648.4
internal_count=301300 284354 252624 236407 31730 234407 88140 31946 16217 3445 2000 56194 6039 146267
is_linear=0
shrinkage=0.05


Tree=6
num_leaves=15
num_cat=0
split_feature=27 37 36 32 22 31 32 48 32 22 43 22 36 28
split_gain=13870.6 5686.47 8798.55 6313.83 4871.8 4798.73 5704.29 4907.06 3840.39 3666.77 2845.12 2803.58 3585.53 3307.68
threshold=3.113268375396729 3.1984648704528813 0.41885964572429663 1.0000000180025095e-35 6.7804884910583505 0.75882840156555187 6.1354806423187265 0.61715480685234081 4.5950689315795907 6.8007264137268075 6.0969495773315439 6.7996129989624032 0.68210527300834667 3.8606742620468144
decision_type=2 2 2 2 2 2 2 2 2 2 2 2 2 2
left_child=-1 2 8 10 -3 -5 11 9 -2 -8 -4 -7 -13 -14
right_child=1 4 3 5 -6 6 7 -9 -10 -11 -12 12 13 -15
leaf_value=-0.087700628871602584 -0.087186115178340642 -0.074060098486453008 -0.10824158530533368 0.037709460079648247 0.055709615374284926 0.0054539702114179481 0.051036229720228782 0.048393213356925806 0.041055662124876935 -0.1113313260689105 0.059938435464573309 -0.066615148554124703 -0.052857759981268307 0.061783582759290551
leaf_weight=4118.2739224606194 3695.605297524482 786.11808052659035 1562.6738240718842 12360.68288016133 8030.3783471398056 5252.3422718788497 542.51616618037224 6864.612487308681 686.80408532544971 935.47147464752197 292.65591681003571 4990.4971746206284 1201.9271146655083 1298.6797440052032
leaf_count=16946 9795 12876 1459 146443 18854 50155 3037 28501 6422 408 365 3764 1027 1248
internal_value=0.000282297 0.00776957 -0.000303732 0.00799764 0.044068 0.012987 -0.00151643 0.0306039 -0.0670406 -0.0517896 -0.0815341 -0.0225518 -0.042169 0.00668969
internal_weight=52619.2 48501 39684.5 35302.1 8816.5 33446.7 21086 8342.6 4382.41 1477.99 1855.33 12743.4 7491.1 2500.61
internal_count=301300 284354 252624 236407 31730 234583 88140 31946 16217 3445 1824 56194 6039 2275
is_linear=0
shrinkage=0.05


Tree=7
num_leaves=15
num_cat=0
split_feature=27 37 36 28 22 31 32 48 22 22 36 43 22 37
split_gain=12333.9 5317.82 7828.02 5660.62 4505.93 4479.1 5223.43 4543.26 3401.45 3278.12 2800.87 2497.04 2489.9 3383.76
threshold=3.113268375396729 3.1984648704528813 0.40129870176315313 1.0000000180025095e-35 6.7804884910583505 0.75882840156555187 6.1354806423187265 0.61715480685234081 6.7996129989624032 6.8007264137268075 0.93276837468147289 6.0969495773315439 6.7996129989624032 1.8688347935676577
decision_type=2 2 2 2 2 2 2 2 2 2 2 2 2 2
left_child=-1 2 8 11 -3 10 12 9 -2 -8 -5 -4 -7 -14
right_child=1 4 3 5 -6 6 7 -9 -10 -11 -12 -13 13 -15
leaf_value=-0.08184702996537678 -0.0022142191269426659 -0.068937143971830248 -0.10039433425629277 0.041078519274752319 0.0549192691299372 0.0051967315719151546 0.050120144068876264 0.047433424064172405 -0.094290399493114962 -0.10463881389377305 -0.096622230740884441 0.058723355093240427 -0.021814290994490008 -0.10232525064246566
leaf_weight=4190.874930545222 1527.3593022515997 802.60331941395998 1604.3675493523479 11703.063910184428 7746.015436206013 5236.7009253441356 525.42885481566191 6659.8121290169656 2914.4518665671349 945.87526798248291 372.06416156888008 284.1979768872261 5926.620632648468 1666.7600450515747
leaf_count=16946 14252 12876 1635 145091 18854 50158 3037 28516 1907 408 1207 365 4852 1196
internal_value=0.000302619 0.00750335 -0.000262481 0.00769478 0.0432238 0.0125162 -0.00146039 0.0298714 -0.0627052 -0.0494064 0.0367592 -0.0762666 -0.0213248 -0.0395979
internal_weight=52106.2 47915.3 39366.7 34924.9 8548.62 33036.3 20961.2 8131.12 4441.81 1471.3 12075.1 1888.57 12830.1 7593.38
internal_count=301300 284354 252624 236465 31730 234465 88167 31961 16159 3445 146298 2000 56206 6048
is_linear=0
shrinkage=0.05


Tree=8
num_leaves=15
num_cat=0
split_feature=27 37 36 22 47 37 47 37 22 37 41 22 32 31
split_gain=11015.5 4976.31 7066.22 8084.85 10467.3 8029.8 5676.22 6014.57 4177.64 2889.61 2707.8 3190.17 2204.97 4270.65
threshold=3.113268375396729 3.1984648704528813 0.63397127389907848 6.7984981536865243 4.3502571582794198 2.7403194904327397 6.2215831279754648 1.0000000180025095e-35 6.7804884910583505 1.4978661537170412 0.82971012592315685 6.7996129989624032 4.0251922607421884 0.82113638520240795
decision_type=2 2 2 2 2 2 2 2 2 2 2 2 2 2
left_child=-1 2 3 9 5 -5 -6 -8 -3 -2 12 -12 13 -4
right_child=1 8 10 4 6 -7 7 -9 -10 -11 11 -13 -14 -15
leaf_value=-0.076738748815500843 0.04034762396283461 -0.064409708573553145 0.033268883662219084 0.061091287992151744 -0.090797432761157829 -0.083417145134351389 0.040492479363369582 -0.085307338929758211 0.054159812410558297 -0.03892324534105919 0.054214704753427483 -0.1196551456956166 0.047997763684229366 -0.06242658988822633
leaf_weight=4245.5079912398942 6054.5729903578758 816.39520452171564 4484.9801560696214 3626.304150223732 7208.760418176651 1297.2178049385548 2128.9089192450047 1700.0192870795727 7469.0784987621009 1410.0625270637684 432.64798841252923 648.09825080633163 8462.2747211903334 1564.3106387369335
leaf_count=16946 151179 12876 20137 4309 6019 1052 2084 1198 18854 14749 1365 620 42520 7392
internal_value=0.000315176 0.00724554 -0.000231244 -0.0175881 -0.0376684 0.0229252 -0.0646934 -0.0154385 0.0424132 0.0253414 0.0258402 -0.0501921 0.0315334 0.00846042
internal_weight=51549.1 47303.6 39018.2 23425.8 15961.2 4923.52 11037.7 3828.93 8285.47 7464.64 15592.3 1080.75 14511.6 6049.29
internal_count=301300 284354 252624 180590 14662 5361 9301 3282 31730 165928 72034 1985 70049 27529
is_linear=0
shrinkage=0.05


Tree=9
num_leaves=15
num_cat=0
split_feature=27 37 36 47 47 37 36 22 22 41 22 22 31 32
split_gain=9878.04 4654.68 6458.88 7306.48 12242 6700.14 6625.13 3881.2 3419.32 2476.6 2811.26 2183.05 2177.19 2495.91
threshold=3.113268375396729 3.1984648704528813 0.63397127389907848 4.3502571582794198 4.9927642345428476 3.0129330158233647 0.59870129823684703 6.7804884910583505 6.7929053306579599 0.82971012592315685 6.7996129989624032 6.7900948524475107 0.98577681183815014 4.0251922607421884
decision_type=2 2 2 2 2 2 2 2 2 2 2 2 2 2
left_child=11 2 3 5 -5 8 -6 -3 -2 12 -11 -1 13 -4
right_child=1 7 9 4 6 -7 -8 -9 -10 10 -12 -13 -14 -15
leaf_value=-0.1066049028156265 -0.048741791930208361 -0.060370749618093945 0.0081226860405374506 -0.076101535069763054 0.03308776421910746 -0.082900916297698829 -0.10067417575579221 0.053427759310665283 0.058473265002460154 0.053270138522947867 -0.11064684469865425 -0.035007898932398876 -0.16331063782575703 0.050696847991780564
leaf_weight=2217.7405851897784 851.33934479579329 827.82122544944286 6000.8333719540387 8641.4415875356644 6003.8162253682967 1230.6170867085457 1084.2358861151151 7199.8248567022383 5524.3787616044283 418.83258898183703 666.12915456295013 2066.8382336348295 133.54920614138246 8078.9622087697499
leaf_count=11728 10037 12876 27529 24374 131924 951 733 18854 12571 1365 620 5218 3464 39056
internal_value=0.000336474 0.00701365 -0.00018853 -0.0167389 -0.036187 0.0234735 0.0125136 0.0416322 0.0441031 0.0250516 -0.0474606 -0.0722292 0.0306163 0.0325703
internal_weight=50946.4 46661.8 38634.1 23335.8 15729.5 7606.34 7088.05 8027.65 6375.72 15298.3 1084.96 4284.58 14213.3 14079.8
internal_count=301300 284354 252624 180590 157031 23559 132657 31730 22608 72034 1985 16946 70049 66585
is_linear=0
shrinkage=0.05


Tree=10
num_leaves=15
num_cat=0
split_feature=27 37 36 22 47 37 47 37 22 37 41 22 32 31
split_gain=8888.57 4356.65 5901.31 6843.31 8398.89 6783.19 4160.18 5076.6 3612.1 2515.97 2266.59 2498.83 2006.64 3848.88
threshold=3.113268375396729 3.1984648704528813 0.63397127389907848 6.7984981536865243 4.3502571582794198 2.7403194904327397 6.2215831279754648 1.0000000180025095e-35 6.7804884910583505 1.4978661537170412 0.82971012592315685 6.7996129989624032 4.0251922607421884 0.82113638520240795
decision_type=2 2 2 2 2 2 2 2 2 2 2 2 2 2
left_child=-1 2 3 9 5 -5 -6 -8 -3 -2 12 -12 13 -4
right_child=1 8 10 4 6 -7 7 -9 -10 -11 11 -13 -14 -15
leaf_value=-0.068235961256091757 0.038861858910915592 -0.056737850442766073 0.032018124088467874 0.059148753713229196 -0.079297622939309823 -0.07373510597522312 0.038644866578572072 -0.07782974173696984 0.052719950161685208 -0.034465332533931269 0.052360220872739983 -0.1031512268572667 0.046091904153388145 -0.058386045313732385
leaf_weight=4308.7873047362082 5829.0709282185417 837.17054662108421 4374.2547565754503 3391.0975900292397 7481.9577839076519 1328.7286972105503 2033.067587941885 1716.2546607255936 6938.4393033571541 1454.5902394289151 405.32325629889965 679.16821628808975 7965.9810385997407 1599.685720063746
leaf_count=16946 151179 12876 20137 4309 6019 1052 2084 1198 18854 14749 1365 620 42520 7392
internal_value=0.000350347 0.00678335 -0.000154613 -0.0159432 -0.034273 0.0216624 -0.0577776 -0.0147367 0.0408773 0.0241908 0.0242562 -0.0450822 0.0296791 0.00775282
internal_weight=50343.6 46034.8 38259.2 23234.8 15951.1 4719.83 11231.3 3749.32 7775.61 7283.66 15024.4 1084.49 13939.9 5973.94
internal_count=301300 284354 252624 180590 14662 5361 9301 3282 31730 165928 72034 1985 70049 27529
is_linear=0
shrinkage=0.05


Tree=11
num_leaves=15
num_cat=0
split_feature=27 37 36 22 47 37 47 37 22 37 41 22 46 32
split_gain=8017.06 4077.32 5403.79 6202.81 7508.39 6239.28 3606.16 4582.59 3366.71 2315.5 2079.44 2236.69 1949.1 2315.45
threshold=3.113268375396729 3.1984648704528813 0.63397127389907848 6.7984981536865243 4.3502571582794198 2.7403194904327397 6.2215831279754648 1.0000000180025095e-35 6.7804884910583505 1.4978661537170412 0.82971012592315685 6.7996129989624032 0.98164147138595592 4.0251922607421884
decision_type=2 2 2 2 2 2 2 2 2 2 2 2 2 2
left_child=-1 2 3 9 5 -5 -6 -8 -3 -2 12 -12 13 -4
right_child=1 8 10 4 6 -7 7 -9 -10 -11 11 -13 -14 -15
leaf_value=-0.064616147131870277 0.037859658638441714 -0.053446538509997282 0.0074437346367599716 0.058236722475131557 -0.074304038811914205 -0.069440681307378876 0.037664681066920079 -0.073416078297475526 0.052033517190968319 -0.032179372701153071 0.051481007840856519 -0.096804823599604697 -0.14218711605054071 0.0491717539309088
leaf_weight=4322.8046729522757 5688.0923985654954 844.69894013181329 5925.4626993667334 3275.0987374782562 7583.4216113388538 1340.6439377069473 1983.2179392576218 1728.7138631939888 6685.0436471998692 1480.0531890694983 392.13970803469419 687.9164627790451 154.95661975815892 7575.5795862977393
leaf_count=16946 151179 12876 27529 4309 6019 1052 2084 1198 18854 14749 1365 620 3836 38684
internal_value=0.000364072 0.00657161 -0.000122418 -0.0152233 -0.0326155 0.0210828 -0.054558 -0.0141259 0.0401454 0.0233736 0.0235225 -0.0429878 0.0288104 0.0308768
internal_weight=49667.8 45345 37815.3 23079.2 15911.1 4615.74 11295.4 3711.93 7529.74 7168.15 14736.1 1080.06 13656 13501
internal_count=301300 284354 252624 180590 14662 5361 9301 3282 31730 165928 72034 1985 70049 66213
is_linear=0
shrinkage=0.05


Tree=12
num_leaves=15
num_cat=0
split_feature=27 37 36 22 47 37 47 37 22 37 22 41 22 32
split_gain=7246.66 3817.36 4946.39 5631.88 6732.38 5766.57 3144.25 4146.52 3142.07 2132.35 1953.58 1907.53 2013.57 1824.72
threshold=3.113268375396729 3.1984648704528813 0.63397127389907848 6.7984981536865243 4.3502571582794198 3.0129330158233647 6.2215831279754648 1.0000000180025095e-35 6.7804884910583505 1.4978661537170412 6.7900948524475107 0.82971012592315685 6.7996129989624032 4.0251922607421884
decision_type=2 2 2 2 2 2 2 2 2 2 2 2 2 2
left_child=10 2 3 9 5 -5 -6 -8 -3 -2 -1 13 -13 -4
right_child=1 8 11 4 6 -7 7 -9 -10 -11 -12 12 -14 -15
leaf_value=-0.09368216594145895 0.036875590130613894 -0.050445668781175783 0.0071021297799328913 0.05563823431289331 -0.06986318492135328 -0.070069837095282431 0.036701099334352796 -0.069444942385264649 0.051365849279078349 -0.030091882706969164 -0.02634453519278996 0.05062896915949288 -0.091351834642575111 0.044274513173038849
leaf_weight=2239.5363432681188 5551.6643107181881 850.63295711576939 5901.0684365145862 3253.6474606990814 7660.6919125914574 1256.7510352730751 1935.0234012901783 1736.538197696209 6439.704714667052 1503.650989160873 2087.3079841583967 379.29741682112217 692.97978830337524 7496.7519292216748
leaf_count=11728 151179 12876 27529 4410 6019 951 2084 1198 18854 14749 5218 1365 620 42520
internal_value=0.000373024 0.00636402 -9.65521e-05 -0.0145556 -0.0310976 0.0205342 -0.0516478 -0.013555 0.0394337 0.0225809 -0.0613335 0.0227782 -0.0411251 0.0279194
internal_weight=48985.2 44658.4 37368.1 22898 15842.7 4510.4 11332.3 3671.56 7290.34 7055.32 4326.84 14470.1 1072.28 13397.8
internal_count=301300 284354 252624 180590 14662 5361 9301 3282 31730 165928 16946 72034 1985 70049
is_linear=0
shrinkage=0.05


Tree=13
num_leaves=15
num_cat=0
split_feature=18 37 47 47 36 37 29 22 27 28 47 37 22 48
split_gain=6626.26 3964.54 4692.33 3716.44 6355.25 4406.06 2922 2871.92 2786.47 3620.48 3212.18 5777.3 2712.24 1865.02
threshold=5.6039605140686044 3.1984648704528813 6.148386001586915 4.3502571582794198 0.63397127389907848 1.0000000180025095e-35 0.53609409928321849 6.7804884910583505 3.5549397468566899 3.8606742620468144 4.0859410762786874 3.0129330158233647 6.7804884910583505 0.61715480685234081
decision_type=2 2 2 2 2 2 2 2 2 2 2 2 2 2
left_child=-1 2 3 5 7 -2 -6 -5 10 -10 -7 -12 -3 -4
right_child=1 12 13 4 6 8 -8 -9 9 -11 11 -13 -14 -15
leaf_value=-0.090379228387334226 0.052478093821426833 -0.047297957260083248 -0.014428149131555388 0.021253345538806978 0.02824271276230482 -0.074089109260532873 -0.14088978072695452 -0.064254301180734663 0.046823220839860825 -0.042904478676888569 0.059866597768912948 -0.07080326008375247 0.047031368814417648 0.038566006272519202
leaf_weight=1920.7632929042447 3644.863977484405 847.94528732821345 2104.0862834863365 1107.303385872161 4203.6103535604198 2701.119201824069 261.97154901153408 8380.427701048553 3339.8619890362024 1682.8839539922774 1805.4198870658875 1573.9116630554199 6929.4608914628625 7781.1887456178665
leaf_count=7327 15239 12767 6056 114875 26442 13312 7747 13799 21509 6075 2881 1191 20808 31272
internal_value=0.000378261 0.00415683 -0.00241017 -0.012643 -0.0311308 0.00485781 0.018028 -0.0542629 -0.0108077 0.0167342 -0.0335488 -0.00102176 0.0366994 0.027283
internal_weight=48284.8 46364.1 38586.6 28701.4 13953.3 14748.1 4465.58 9487.73 11103.2 5022.75 6080.45 3379.33 7777.41 9885.28
internal_count=301300 293973 260398 223070 162863 60207 34189 128674 44968 27584 17384 4072 33575 37328
is_linear=0
shrinkage=0.05


Tree=14
num_leaves=15
num_cat=0
split_feature=27 37 36 22 47 37 22 47 37 22 49 47 31 36
split_gain=5976.34 3379.72 4189.47 4754.32 5608.97 4958.29 2750.79 2286.41 3662.34 1965.88 2341.74 1724.66 2360.76 2690.67
threshold=3.113268375396729 3.1984648704528813 0.63397127389907848 6.7984981536865243 4.3502571582794198 2.7403194904327397 6.7804884910583505 6.2215831279754648 1.0000000180025095e-35 6.7929053306579599 0.11261815577745439 4.3693678379058847 0.77388921380043041 0.93276837468147289
decision_type=2 2 2 2 2 2 2 2 2 2 2 2 2 2
left_child=-1 2 3 9 5 -5 -3 -6 -9 10 -2 12 13 -4
right_child=1 6 11 4 7 -7 -8 8 -10 -11 -12 -13 -14 -15
leaf_value=-0.05576524651714182 -0.055138949088056423 -0.045159230237109535 0.041846986300104513 0.055945340216473752 -0.062335113151357868 -0.059455256226682685 0.050142146337451322 0.034910428159083788 -0.065948450208062739 0.051824874519275921 0.026156780729626756 0.039196136325767045 -0.029313489380167743 -0.098606177390291608
leaf_weight=4300.1688420958817 1349.2629736135714 858.51586432382464 3691.1821766216308 2965.1658987998962 7755.0383612513542 1345.2193353772163 5995.4476737752557 1847.5455425679684 1736.8532694578171 2969.3609491586685 2533.2196434387006 6891.1074017093051 3024.5881138816476 366.10442045331001
leaf_count=16946 25319 12876 16770 4309 6019 1052 18854 2084 1198 12693 127916 44394 9910 960
internal_value=0.000385152 0.00596941 -8.76739e-05 -0.0134392 -0.0286413 0.0198759 0.0381565 -0.0470851 -0.0140092 0.021274 -0.00216466 0.0214074 0.00406701 0.0289621
internal_weight=47628.8 43328.6 36474.6 22501.7 15649.8 4310.39 6853.96 11339.4 3584.4 6851.84 3882.48 13973 7081.87 4057.29
internal_count=301300 284354 252624 180590 14662 5361 31730 9301 3282 165928 153235 72034 27640 17730
is_linear=0
shrinkage=0.05


Tree=15
num_leaves=15
num_cat=0
split_feature=18 37 47 47 36 37 52 22 22 27 28 47 37 44
split_gain=5707.68 3491.55 4045.01 3069.33 5017.87 3854.23 2899.95 2375.79 2367.66 2318.19 3173.99 2619.82 5016.13 1733.13
threshold=5.6039605140686044 3.1984648704528813 6.148386001586915 4.3502571582794198 0.63397127389907848 1.0000000180025095e-35 1.0000000180025095e-35 6.7804884910583505 6.7804884910583505 3.5549397468566899 3.8606742620468144 4.0859410762786874 3.0129330158233647 0.89033523201942455
decision_type=2 2 2 2 2 2 2 2 2 2 2 2 2 2
left_child=-1 2 3 5 7 -2 -6 13 -3 11 -11 -7 -13 -5
right_child=1 8 -4 4 6 9 -8 -9 -10 10 -12 12 -14 -15
leaf_value=-0.083959552584576852 0.050866459270936561 -0.042441476318738243 0.026055003562362251 0.038513002226814946 -0.038802614055007872 -0.066891248122812316 0.046551584888449918 -0.057569407002356077 0.045770402523823403 0.045250930458250717 -0.039122287921910172 0.05894693043195897 -0.064604934364992289 -0.1947169331844906
leaf_weight=1913.2928351182491 3413.3682290166616 853.42629451304674 9489.0235016159713 1016.8329439836089 1534.4544423155021 2723.5948238894343 2790.7425382044166 8463.2815522179008 6498.8119258508086 3162.8226710893214 1709.1168076209724 1695.4907154142857 1574.9437763690948 76.442361364141107
leaf_count=7327 15239 12767 37328 112716 18315 13312 15874 13799 20808 21509 6075 2881 1191 2159
internal_value=0.000391765 0.00399585 -0.00216152 -0.0116751 -0.028408 0.0046004 0.0162507 -0.0486159 0.0354873 -0.00996674 0.0156326 -0.0307652 -0.00056753 0.0205884
internal_weight=46915.6 45002.4 37650.1 28161.1 13881.8 14279.3 4325.2 9556.56 7352.24 10866 4871.94 5994.03 3270.43 1093.28
internal_count=301300 293973 260398 223070 162863 60207 34189 128674 33575 44968 27584 17384 4072 114875
is_linear=0
shrinkage=0.05


Tree=16
num_leaves=15
num_cat=0
split_feature=18 37 47 47 36 37 52 22 22 27 28 47 37 27
split_gain=5172.39 3242.05 3698.89 2773.15 4515.83 3596.69 2668.59 2201.26 2122.93 2118.24 2922.96 2338.77 4626.55 1679.01
threshold=5.6039605140686044 3.1984648704528813 6.148386001586915 4.3502571582794198 0.63397127389907848 1.0000000180025095e-35 1.0000000180025095e-35 6.7804884910583505 6.7804884910583505 3.5549397468566899 3.8606742620468144 4.0859410762786874 3.0129330158233647 6.3587081432342538
decision_type=2 2 2 2 2 2 2 2 2 2 2 2 2 2
left_child=-1 2 3 5 8 -2 -6 -3 -5 11 -11 -7 -13 -4
right_child=1 7 13 4 6 9 -8 -9 -10 10 -12 12 -14 -15
leaf_value=-0.07998262448435467 0.050052075976020384 -0.040280854121387683 0.039631386433779524 0.019837823664207929 -0.036140460347228523 -0.063476492241179655 0.045694863885141025 0.044875013030714915 -0.05451366945875126 0.044350504669858966 -0.036782498213720038 0.058352914748377241 -0.061520650003188938 -0.0057977089677943442
leaf_weight=1908.6022249266971 3298.5478290356696 854.74143078178167 6363.3497238531709 1077.1807245155796 1565.0254142244812 2727.0312901362777 2703.3311032392085 6302.2842675857246 8490.5898763611913 3068.3030892144889 1727.0992217324674 1628.9011824429035 1571.7777278423309 2983.7490473240614
leaf_count=7327 15239 12767 34600 114875 18315 13312 15874 20808 13799 21509 6075 2881 1191 2728
internal_value=0.000394357 0.0038697 -0.00206169 -0.011194 -0.0270666 0.00447664 0.015675 0.0346631 -0.0461309 -0.00957644 0.0151141 -0.0295424 -0.000522423 0.025139
internal_weight=46270.5 44361.9 37204.9 27857.8 13836.1 14021.7 4268.36 7157.03 9567.77 10723.1 4795.4 5927.71 3200.68 9347.1
internal_count=301300 293973 260398 223070 162863 60207 34189 33575 128674 44968 27584 17384 4072 37328
is_linear=0
shrinkage=0.05


Tree=17
num_leaves=15
num_cat=0
split_feature=36 37 47 47 36 37 52 22 36 31 22 48 27 36
split_gain=4784.35 3185.88 3461.41 2631.51 4152.27 3321.84 2444.22 2091.47 1817.15 2614.9 1764.75 1655.75 2622.07 2143.94
threshold=0.093841642141342177 3.1984648704528813 6.148386001586915 4.3502571582794198 0.63397127389907848 1.0000000180025095e-35 1.0000000180025095e-35 6.7804884910583505 0.85599079728126537 0.77388921380043041 6.7804884910583505 0.61715480685234081 6.3587081432342538 0.36931818723678594
decision_type=2 2 2 2 2 2 2 2 2 2 2 2 2 2
left_child=-1 2 3 5 10 -2 -6 -3 9 -7 -5 12 -4 -13
right_child=1 7 11 4 6 8 -8 -9 -10 -11 -12 13 -14 -15
leaf_value=-0.084908499740280863 0.048664353694608621 -0.038372381467248889 0.039765934142489807 0.015034885924391084 -0.03382435372100117 0.024772391264149332 0.044429601108068671 0.044590901625869483 -0.053613548205787724 -0.030229572186840359 -0.052092779322045951 -0.068614461231098156 -0.071865675049123098 0.042681909828022703
leaf_weight=1576.4570841430686 3218.6479285880923 858.88726228103042 1063.4506493099034 1099.949829219142 1596.0039691482671 4863.7331053670496 2627.6422058101743 6143.1654403023422 1886.0448759887367 3872.2287750132382 8620.9519875347614 453.70071402564645 1022.1998648047447 6698.8528495430946
leaf_count=5115 15323 12821 5652 116271 18333 21229 15926 20839 12781 11320 13934 1002 480 30274
internal_value=0.000398024 0.00347126 -0.00238097 -0.0111966 -0.0265186 0.00424834 0.0148495 0.0343742 -0.00924358 0.000385996 -0.0444894 0.0241168 -0.0150278 0.0355362
internal_weight=45601.9 44025.5 37023.4 27785.2 13944.5 13840.7 4223.65 7002.05 10622 8735.96 9720.9 9238.2 2085.65 7152.55
internal_count=301300 296185 262525 225117 164464 60653 34259 33660 45330 32549 130205 37408 6132 31276
is_linear=0
shrinkage=0.05


Tree=18
num_leaves=15
num_cat=0
split_feature=36 37 47 47 36 37 29 22 27 42 47 37 22 48
split_gain=4394.73 2957.34 3185.6 2382.54 3744.34 3098.46 2274.9 1946.37 1756.1 2435.21 2151.87 3950.53 1585.45 1541.69
threshold=0.093841642141342177 3.1984648704528813 6.148386001586915 4.3502571582794198 0.63397127389907848 1.0000000180025095e-35 0.53609409928321849 6.7804884910583505 3.5549397468566899 1.4978661537170412 4.0859410762786874 3.0129330158233647 6.7804884910583505 0.61715480685234081
decision_type=2 2 2 2 2 2 2 2 2 2 2 2 2 2
left_child=-1 2 3 5 12 -2 -6 -3 10 -10 -7 -12 -5 -4
right_child=1 7 13 4 6 8 -8 -9 9 -11 11 -13 -14 -15
leaf_value=-0.082016864477367987 0.047871360904867592 -0.0364812000737956 -0.01454182619777861 0.014429509204640693 0.024484850952057814 -0.059461189368861626 -0.11889010425275835 0.043713379608769198 0.033121647564850608 -0.051078754517139183 0.056706140482108529 -0.056755929498468242 -0.049463204270706461 0.034748126000789914
leaf_weight=1551.4168056994677 3111.2690681256354 858.76025702431798 2048.1677177548409 1089.4846306883264 3880.837890369352 2734.3414349928498 287.96070737205446 5958.0972176976502 3681.5310678388923 1109.457031045109 1568.139189183712 1482.926166176796 8625.662503734231 6954.9396615438163
leaf_count=5115 15323 12821 6132 116271 26508 13384 7751 20839 24835 3070 2910 1131 13934 31276
internal_value=0.000397367 0.00336221 -0.002276 -0.0107084 -0.0252945 0.00409446 0.0143204 0.0335721 -0.0088165 0.0135574 -0.0273361 0.00155429 -0.0422906 0.0235312
internal_weight=44943 43391.6 36574.7 27571.6 13883.9 13687.7 4168.8 6816.86 10576.4 4790.99 5785.41 3051.07 9715.15 9003.11
internal_count=301300 296185 262525 225117 164464 60653 34259 33660 45330 27905 17425 4041 130205 37408
is_linear=0
shrinkage=0.05


Tree=19
num_leaves=15
num_cat=0
split_feature=18 37 47 47 36 37 52 22 27 28 54 37 22 33
split_gain=4102.06 2582.99 2850.71 2057.64 3306.26 2920.25 2221.36 1770.65 1734.4 2491.54 1926.49 1976.42 1561.1 1549.63
threshold=5.6039605140686044 3.1984648704528813 6.148386001586915 4.3502571582794198 0.63397127389907848 1.0000000180025095e-35 1.0000000180025095e-35 6.7804884910583505 3.5549397468566899 3.8606742620468144 1.0000000180025095e-35 2.3502402305603032 6.7804884910583505 1.2424533367156985
decision_type=2 2 2 2 2 2 2 2 2 2 2 2 2 2
left_child=-1 2 3 5 12 -2 -6 -3 10 -10 11 -7 -5 -11
right_child=1 7 -4 4 6 8 -8 -9 9 13 -12 -13 -14 -15
leaf_value=-0.072574693408961041 0.047728091088262543 -0.034599704337797438 0.022972484184706612 0.018015383597418558 -0.031483441017348048 0.030345914103423452 0.043573179885151553 0.042225498833304363 0.042746989617646051 -0.057695560280852667 -0.080768284257688117 -0.037643286337470112 -0.046627520146796331 0.055223079821563326
leaf_weight=1835.7334988159128 2977.9307339899242 854.46170907840133 8796.4047440961003 1043.7433226348367 1616.8860720070079 1740.9703758731484 2493.796369291842 5756.6127748154104 2895.1357838939875 1359.7531468644738 1270.9288011342287 2735.8424323797226 8504.9168503656983 381.82299903407693
leaf_count=7327 15239 12767 37328 114875 18315 6253 15874 20808 21509 4948 8304 2827 13799 1127
internal_value=0.000395005 0.00356845 -0.00173455 -0.00978297 -0.0234223 0.00416656 0.0140458 0.0322588 -0.0083594 0.0143746 -0.0266921 -0.0111945 -0.0395501 -0.0327653
internal_weight=44264.9 42429.2 35818.1 27021.7 13659.3 13362.4 4110.68 6611.07 10384.5 4636.71 5747.74 4476.81 9548.66 1741.58
internal_count=301300 293973 260398 223070 162863 60207 34189 33575 44968 27584 17384 9080 128674 6075
is_linear=0
shrinkage=0.05


Tree=20
num_leaves=15
num_cat=0
split_feature=36 37 47 32 36 28 37 22 32 27 38 27 22 27
split_gain=3787.3 2553.63 2669.11 2009.77 2457.52 2363.94 3232.92 4178.09 2768.43 2555.15 2476.13 2047.86 1769.46 2537.24
threshold=0.093841642141342177 3.1984648704528813 6.148386001586915 4.1190040111541757 0.66894978284835827 1.0000000180025095e-35 1.8688347935676577 6.7929053306579599 2.9174053668975835 5.4574534893035898 1.0000000180025095e-35 6.3569750785827646 6.7804884910583505 5.349008560180665
decision_type=2 2 2 2 2 2 2 2 2 2 2 2 2 2
left_child=-1 2 3 5 -5 -2 7 12 -8 -9 11 -11 13 -7
right_child=1 -3 -4 4 -6 6 8 9 -10 10 -12 -13 -14 -15
leaf_value=-0.077605063926515158 -0.061705498302166165 0.032041961243445473 0.02195308955347483 -0.04410906029734829 0.036387761314374496 -0.065296929116620481 -0.05978340482226966 0.053322874192907488 0.011787498734049278 0.056505810068646356 -0.081189041189427033 -0.047988059144701764 -0.064991985821225326 0.055772303275091278
leaf_weight=1492.8093776931055 1492.8821470811963 6472.33023012802 8726.031315818429 6292.3645610450767 1108.2514738072641 724.07185856252909 3079.1372596025467 6219.0352555066347 2396.5405350364745 1483.5398845374584 748.440325319767 674.52400881052017 1718.5962934195995 1044.3894176837057
leaf_count=5115 1560 33660 37408 127982 14684 7662 2818 16908 12067 4012 695 592 12630 23507
internal_value=0.000392851 0.00317104 -0.00206956 -0.00984385 -0.0320217 -0.00144975 0.0035547 0.0174802 -0.0284946 0.0352598 -0.00343985 0.0237745 -0.0290163 0.00611376
internal_weight=43672.9 42180.1 35707.8 26981.8 7400.62 19581.2 18088.3 12612.6 5475.68 9125.54 2906.5 2158.06 3487.06 1768.46
internal_count=301300 296185 262525 225117 142666 82451 80891 66006 14885 22207 5299 4604 43799 31169
is_linear=0
shrinkage=0.05


Tree=21
num_leaves=15
num_cat=0
split_feature=18 37 47 29 22 32 36 27 36 36 31 36 32 37
split_gain=3513.14 2201.74 2377.19 1852.05 1683.7 1671.1 1990.58 1562.55 3461.53 2121.93 1418.63 1946.78 2260.1 1363.33
threshold=5.6039605140686044 3.1984648704528813 6.148386001586915 0.94898054003715526 6.7804884910583505 1.0000000180025095e-35 0.40129870176315313 6.3587081432342538 0.66450217366218578 0.34336403012275701 0.78738203644752514 0.85599079728126537 4.1026091575622567 0.89587974548339855
decision_type=2 2 2 2 2 2 2 2 2 2 2 2 2 2
left_child=-1 2 3 5 -3 -2 -7 9 -9 -4 11 12 -8 -14
right_child=1 4 7 -5 -6 6 10 8 -10 -11 -12 -13 13 -15
leaf_value=-0.068206260482565062 -0.059935259617125064 -0.034476096267655881 -0.058631262819319165 -0.15307907243533556 0.04069545579916288 -0.039376981196012406 0.037943236781520208 -0.057031928357553122 0.054572525875487367 0.045907292073292874 -0.01422666364203716 -0.031082217978676798 -0.033386786797575098 0.033222062252215044
leaf_weight=1779.0815825518221 1439.9090452194214 854.39163383468986 526.52042366191745 211.15366270393133 5465.5956045687199 3535.8228758112527 6754.6987482123077 1609.1989839375019 1207.1594413891435 5222.0373449567705 8812.3453733618371 2155.3505211975425 2341.316431815736 1131.6542153260671
leaf_count=7327 1425 12767 1508 4698 20808 12352 37037 1178 1550 33092 45343 18385 97324 6506
internal_value=0.000388295 0.0033613 -0.00155293 -0.00898351 0.0304947 -0.0077629 -0.0047023 0.0213191 -0.00917172 0.0362472 0.00109799 0.0120064 0.0211083 -0.0116495
internal_weight=43046.2 41267.2 34947.2 26382.3 6319.99 26171.1 24731.2 8564.92 2816.36 5748.56 21195.4 12383 10227.7 3472.97
internal_count=301300 293973 260398 223070 33575 218372 216947 37328 2728 34600 204595 159252 140867 103830
is_linear=0
shrinkage=0.05


Tree=22
num_leaves=15
num_cat=0
split_feature=27 33 27 31 22 22 32 28 31 22 47 36 46 27
split_gain=3294.26 2216.43 4153.86 2111.77 2215.54 1907.05 3781.11 2852.33 3463.33 2152.54 3174.69 1751.88 1660.46 1476.71
threshold=3.113268375396729 1.2424533367156985 5.349008560180665 0.80981242656707775 6.7984981536865243 6.7984981536865243 4.1026091575622567 1.0000000180025095e-35 0.86493459343910228 6.7929053306579599 4.2696731090545663 0.7379862666130067 0.98380130529403698 5.4574534893035898
decision_type=2 2 2 2 2 2 2 2 2 2 2 2 2 2
left_child=-1 5 3 4 -3 9 7 -7 -9 10 -2 -8 -12 -10
right_child=1 2 -4 -5 -6 6 11 8 13 -11 12 -13 -14 -15
leaf_value=-0.043003545058296642 -0.10420252279003257 -0.047611592637931244 0.045923902102803997 -0.036571221972588226 0.040292421795994848 -0.044764445056675616 -0.042442008725146446 0.051228391907178407 0.043173819589671911 0.04763837862491007 0.018496451487210418 0.045941278722437084 -0.12041626157939656 -0.078242564555238647
leaf_weight=3956.9097773348913 687.39629154652357 949.77227474376559 7555.9841916849837 3294.2230828199536 2828.2141470015049 1656.5232448577881 8206.9254097640514 4250.2454211711884 341.56273537874222 3132.2309979498386 3967.056889669504 593.67773416638374 217.49289896339178 876.55137085914612
leaf_count=16946 4336 16298 40761 14383 4097 1832 7317 5878 630 16962 165453 955 4739 713
internal_value=0.000383934 0.00484647 0.020172 -0.00736737 0.0181263 -0.00452656 -0.0145306 0.0125379 0.0299465 0.0153713 -0.00542875 -0.0364344 0.0110066 -0.0441227
internal_weight=42514.8 38557.9 14628.2 7072.21 3777.99 23929.7 15925.5 7124.88 5468.36 8004.18 4871.95 8800.6 4184.55 1218.11
internal_count=301300 284354 75539 34778 20395 208815 17325 9053 7221 191490 174528 8272 170192 1343
is_linear=0
shrinkage=0.05


Tree=23
num_leaves=15
num_cat=0
split_feature=36 37 47 47 36 37 52 22 27 36 36 22 36 22
split_gain=3191.96 2088.56 2172.41 1586.18 2439.86 2356.79 1855.44 1517.8 1359.01 2997.65 1781.77 1224.38 1202.35 1683.66
threshold=0.093841642141342177 3.1984648704528813 6.148386001586915 4.3502571582794198 0.63397127389907848 1.0000000180025095e-35 1.0000000180025095e-35 6.7804884910583505 6.3587081432342538 0.66450217366218578 0.34336403012275701 6.7804884910583505 0.59870129823684703 6.8007264137268075
decision_type=2 2 2 2 2 2 2 2 2 2 2 2 2 2
left_child=-1 2 3 5 11 -2 -6 -3 10 12 -4 -5 13 -10
right_child=1 7 8 4 6 -7 -8 -9 9 -11 -12 -13 -14 -15
leaf_value=-0.073422220386654996 0.045050720801891375 -0.031418589758800797 -0.049861016329543713 0.01522349685358064 -0.028274766345195674 -0.0074382501065113479 0.041150530502452293 0.040222404929260061 -0.11851021907566046 0.054008693292658227 0.044320268740701732 -0.040846008151967934 -0.085661573985967368 0.053820065966843078
leaf_weight=1405.3074552509934 2715.156780499965 854.31570766866207 550.29544821754098 1094.8392320619896 1638.5572602951434 9926.6272539384663 2304.0048633366823 5187.365530019626 193.31578858941793 1139.6195182316005 4962.0752914361656 8464.6926311478019 988.01295900344849 457.94453227519989
leaf_count=5115 15323 12821 1523 116271 18333 45330 15926 20839 319 1552 33152 13934 461 401
internal_value=0.000387326 0.00296741 -0.00179282 -0.00886556 -0.020776 0.00386184 0.0122983 0.0300569 0.0204926 -0.00800035 0.034845 -0.0344153 -0.051175 0.00164808
internal_weight=41882.1 40476.8 34435.1 26143.9 13502.1 12641.8 3942.56 6041.68 8291.26 2778.89 5512.37 9559.53 1639.27 651.26
internal_count=301300 296185 262525 225117 164464 60653 34259 33660 37408 2733 34675 130205 1181 720
is_linear=0
shrinkage=0.05


Tree=24
num_leaves=15
num_cat=0
split_feature=36 37 47 32 36 37 28 22 27 27 38 27 22 22
split_gain=2962.14 1935.41 2002.14 1470.95 1885.2 1838.34 2601.14 3594.4 2321.73 2246.09 2103.71 1741.48 1415.26 1403.18
threshold=0.093841642141342177 3.1984648704528813 6.148386001586915 4.1190040111541757 0.66894978284835827 1.8688347935676577 1.0000000180025095e-35 6.7929053306579599 3.5549397468566899 5.4574534893035898 1.0000000180025095e-35 6.3569750785827646 6.7996129989624032 6.7804884910583505
decision_type=2 2 2 2 2 2 2 2 2 2 2 2 2 2
left_child=-1 2 3 5 -5 6 -2 13 -7 -9 11 -11 -3 -8
right_child=1 12 -4 4 -6 8 7 9 -10 10 -12 -13 -14 -15
leaf_value=-0.071666339775151494 -0.055476794642332086 0.0027916469676313796 0.020028314796796256 -0.037839072643934539 0.034675316065466331 -0.04654443253871441 0.006371747202476412 0.051807908712803191 0.026080744482472853 0.055668463305122234 -0.074950206124319393 -0.041583037503328181 0.051924316175824103 -0.057459824627551129
leaf_weight=1368.9209669795819 1393.8125444203615 2717.8960616439581 8070.5496730525047 6257.8414119817317 1037.7990454153623 3825.0496306717396 1662.064972827211 5718.4541971385479 1535.7866251580417 1362.9882983565331 734.57892423868179 683.77885514497757 3174.1872316300869 1772.2317899763584
leaf_count=5115 1542 27031 37408 127982 14684 4293 31169 16908 10610 4012 695 592 6629 12630
internal_value=0.000384068 0.00287044 -0.0017102 -0.00846712 -0.0274906 -0.00103007 0.00891623 0.016477 -0.0257288 0.0339086 -0.00294612 0.0231347 0.0293036 -0.026639
internal_weight=41315.9 39947 34054.9 25984.4 7295.64 18688.7 13327.9 11934.1 5360.84 8499.8 2781.35 2046.77 5892.08 3434.3
internal_count=301300 296185 262525 225117 142666 82451 67548 66006 14903 22207 5299 4604 33660 43799
is_linear=0
shrinkage=0.05


Tree=25
num_leaves=15
num_cat=0
split_feature=18 37 47 22 29 43 54 22 23 37 27 36 36 32
split_gain=2770.64 1662.26 1776.62 1426.89 1421.19 1330.02 1519.66 1668.54 1762.49 1648.43 1299.79 2800.74 1760.03 1197.04
threshold=5.6039605140686044 3.1984648704528813 6.148386001586915 6.7996129989624032 0.9520811438560487 2.9174053668975835 1.0000000180025095e-35 6.7804884910583505 2.9700856208801274 1.8688347935676577 6.3587081432342538 0.66450217366218578 0.34336403012275701 2.9174053668975835
decision_type=2 2 2 2 2 2 2 2 2 2 2 2 2 2
left_child=-1 2 4 -3 5 -2 7 -7 9 -9 12 -12 -4 -11
right_child=1 3 10 -5 -6 6 -8 8 -10 13 11 -13 -14 -15
leaf_value=-0.062920522649800678 0.045656686185814976 0.0016347775013680127 -0.051254663574064212 0.051563762345608916 -0.12935494951905596 0.033130585153262934 -0.048994279918471079 0.041062619900787904 -0.018131815034734742 -0.047318419539291008 -0.050389566856546768 0.053440109912599891 0.043694487340844732 0.055927375103127147
leaf_weight=1648.2789164613932 1155.9055543839931 2719.4899436458945 535.98049534857273 3011.6531279087067 227.67273062467575 2518.4857691533398 2154.6963335201144 2774.830820441246 15055.459132608026 1187.7600076794624 1611.4696575477719 1073.6750463061035 4706.7293134797364 357.54265415668488
leaf_count=7327 5063 26985 1508 6590 4646 158158 9525 6417 37359 1534 1178 1550 33092 368
internal_value=0.000380748 0.00306524 -0.0012111 0.027916 -0.00765387 -0.00650368 -0.00902871 -0.00507494 -0.0100555 0.0180669 0.0194407 -0.00882826 0.0339084 -0.023224
internal_weight=40739.6 39091.4 33360.2 5731.14 25432.4 25204.7 24048.8 21894.1 19375.6 4320.13 7927.85 2685.14 5242.71 1545.3
internal_count=301300 293973 260398 33575 223070 218424 213361 203836 45678 8319 37328 2728 34600 1902
is_linear=0
shrinkage=0.05


Tree=26
num_leaves=15
num_cat=0
split_feature=36 37 47 22 32 36 28 37 22 32 27 38 27 22
split_gain=2600.88 1663.48 1681.11 1362.25 1289.95 1699.25 1608.63 2304.33 3315.04 2093.63 2034.34 1930.62 1604.57 1298.2
threshold=0.093841642141342177 3.1984648704528813 6.148386001586915 6.7804884910583505 4.1190040111541757 0.66894978284835827 1.0000000180025095e-35 1.8688347935676577 6.7929053306579599 2.9174053668975835 5.4574534893035898 1.0000000180025095e-35 6.3569750785827646 6.5354087352752694
decision_type=2 2 2 2 2 2 2 2 2 2 2 2 2 2
left_child=-1 2 4 -3 6 13 -2 8 -8 -9 -10 12 -12 -6
right_child=1 3 -4 -5 5 -7 7 9 10 -11 11 -13 -14 -15
leaf_value=-0.068984254375051499 -0.052943503740361421 -0.030132251828177189 0.018775766723343131 0.038206076154396612 0.049433367042452103 0.034138815829303476 -0.025165058381223716 -0.051556139253504989 0.050818243646663701 0.011671390446277611 0.055330666696990806 -0.071516033999909676 -0.038161816505237395 -0.041386310081000133
leaf_weight=1297.6240662727505 1351.7063144445419 852.60814824327826 7791.9022472910583 4776.6456949170679 413.61880827741697 1017.0814612230752 3441.7650580387563 2967.4026705026627 5469.7658635899425 2331.3665657863021 1323.032148398459 722.45278179645538 691.30804097652435 5834.1390936672688
leaf_count=5115 1560 12821 37408 20839 103643 14684 43799 2818 16908 12067 4012 695 592 24339
internal_value=0.000378615 0.00270448 -0.00154129 0.0278205 -0.00773893 -0.0255488 -0.000658122 0.00354094 0.0159732 -0.0237675 0.0332359 -0.00196147 0.0232147 -0.0353044
internal_weight=40282.4 38984.8 33355.5 5629.25 25563.6 7264.84 18298.8 16947.1 11648.3 5298.77 8206.56 2736.79 2014.34 6247.76
internal_count=301300 296185 262525 33660 225117 142666 82451 80891 66006 14885 22207 5299 4604 127982
is_linear=0
shrinkage=0.05


Tree=27
num_leaves=15
num_cat=0
split_feature=36 37 47 22 27 36 27 27 29 28 36 36 22 36
split_gain=2421.63 1539.86 1535.17 1328.24 1216.16 2591.39 1653.98 1573.89 1210.34 1155.5 1323.24 1133.31 1448.8 980.307
threshold=0.093841642141342177 3.1984648704528813 6.148386001586915 6.7996129989624032 6.3587081432342538 0.66450217366218578 5.4617087841033944 5.4574534893035898 0.94898054003715526 1.0000000180025095e-35 0.40129870176315313 0.59870129823684703 6.8007264137268075 0.85599079728126537
decision_type=2 2 2 2 2 2 2 2 2 2 2 2 2 2
left_child=-1 2 8 -3 6 11 7 -4 9 -2 -11 12 -6 -12
right_child=1 3 4 -5 5 -7 -8 -9 -10 10 13 -13 -14 -15
leaf_value=-0.067560094292665879 -0.051578766037871593 0.0018058905406549549 0.04357112856985508 0.050948856575919424 -0.10261425119163936 0.052922990787046237 0.043935965891104774 -0.10368268525609195 -0.11733279742311749 -0.032550345498668233 0.0053157615986706777 -0.082682612224039748 0.053143385171087798 -0.027406646092285741
leaf_weight=1259.8990912870504 1326.6536200940609 2673.349241849035 322.02132001519203 2822.7302236706018 211.97032511234283 1014.6423071213067 4351.2687611915171 393.31791722774506 238.14364337548614 3411.573761719279 17622.137033691397 966.48424601554871 446.02455937862396 2620.2653864989989
leaf_count=5115 1643 27031 668 6629 319 1552 33678 329 4694 12583 183256 461 401 22941
internal_value=0.000372827 0.0026175 -0.00147499 0.0270919 0.0180427 -0.00945739 0.0323574 -0.0377072 -0.0074435 -0.00634937 -0.00379192 -0.0485053 0.00218171 0.00106859
internal_weight=39680.5 38420.6 32924.5 5496.08 7705.73 2639.12 5066.61 715.339 25218.8 24980.6 23654 1624.48 657.995 20242.4
internal_count=301300 296185 262525 33660 37408 2733 34675 997 225117 220423 218780 1181 720 206197
is_linear=0
shrinkage=0.05


Tree=28
num_leaves=15
num_cat=0
split_feature=18 37 47 22 43 54 46 36 47 36 37 48 47 47
split_gain=2273.16 1312.23 1374.54 1333.96 1192.62 1210.82 1417.99 1197.16 1152.12 1892.29 2902.02 1124.55 1100.69 1974.49
threshold=5.6039605140686044 3.1984648704528813 6.148386001586915 6.7996129989624032 2.8617925643920903 1.0000000180025095e-35 0.75732576847076427 0.76278772950172435 6.2255475521087655 0.64611005783081066 1.0000000180025095e-35 0.91759410500526439 4.2696731090545663 4.3372693061828622
decision_type=2 2 2 2 2 2 2 2 2 2 2 2 2 2
left_child=-1 2 4 -3 -2 6 -6 12 -4 10 11 -10 -8 -14
right_child=1 3 8 -5 5 -7 7 -9 9 -11 -12 -13 13 -15
leaf_value=-0.059004480983443547 0.045772426277298252 0.00073345188591362185 0.039981606617228743 0.050606400066988577 0.011286339292934863 -0.044903027719756704 -0.096994012654427808 0.025646347337616927 0.050144995606469414 0.047466575092151242 -0.074060549465678763 -0.063440625148282845 0.056483726722089268 -0.023195476585538725
leaf_weight=1538.8439542707056 1030.5152766462415 2678.2086890339851 3275.4677203111351 2675.4700329601765 8031.3980416557752 2119.0867975950241 443.11130364239216 1581.5752097875811 1105.1756709814072 1403.5569826290011 1396.5696003362536 261.76537221670151 827.94060428440571 10864.10139527102
leaf_count=7327 4853 26985 32612 6590 134717 9595 2847 12754 1384 2154 814 364 9204 49100
internal_value=0.000361839 0.00280046 -0.000997994 0.0257051 -0.00663443 -0.00891542 -0.00538985 -0.0151552 0.0178413 0.000384218 -0.0236133 0.0280909 -0.0204896 -0.0175098
internal_weight=39232.8 37693.9 32340.3 5353.68 24897.7 23867.2 21748.1 13716.7 7442.54 4167.07 2763.51 1366.94 12135.2 11692
internal_count=301300 293973 260398 33575 223070 218217 208622 73905 37328 4716 2562 1748 61151 58304
is_linear=0
shrinkage=0.05


Tree=29
num_leaves=15
num_cat=0
split_feature=27 33 27 31 22 47 22 47 32 31 31 46 22 36
split_gain=2156.06 1449.68 3426.15 1407.4 1694.63 1389.84 1712.44 2293.39 1620.05 1590.2 2573.62 1353.5 1282.3 1240.63
threshold=3.113268375396729 1.2424533367156985 5.349008560180665 0.80981242656707775 6.7984981536865243 4.1785123348236093 6.7984981536865243 4.2696731090545663 4.1026091575622567 0.66060405969619762 0.82820391654968273 0.98164147138595592 6.7951462268829355 0.7379862666130067
decision_type=2 2 2 2 2 2 2 2 2 2 2 2 2 2
left_child=-1 5 3 4 -3 12 7 -7 9 -8 -11 -9 -2 -10
right_child=1 2 -4 -5 -6 6 8 11 13 10 -12 -13 -14 -15
leaf_value=-0.036308400026793856 -0.062042010855681 -0.041528433817164499 0.043276554821467771 -0.031903132026245798 0.036835634105116824 -0.093232475398928066 -0.03799733800977724 0.026600122728871085 -0.036331781959241742 0.052692452996033395 -0.035988364699265994 -0.087401756197723182 0.050203663437029381 0.043246379645253727
leaf_weight=3623.7359195281751 286.5124905705452 956.87197025492787 6437.9462645517197 3175.4671898558736 2402.378432393074 459.07921448349953 1551.7944258451462 5808.1243948827032 7858.6893899440765 2378.6028992980719 1235.8093200922012 262.94710236787796 1832.03086784482 514.04834124445915
leaf_count=16946 1413 16298 40761 14383 4097 2923 2000 177238 7316 4204 1406 5366 5994 955
internal_value=0.000358518 0.00414678 0.0174176 -0.00808554 0.0144569 -0.00361677 -0.00768781 0.013329 -0.017827 0.00418891 0.0223558 0.0215269 0.0348034 -0.0314003
internal_weight=38784 35160.3 12972.7 6534.72 3359.25 22187.6 20069.1 6530.15 13538.9 5166.21 3614.41 6071.07 2118.54 8372.74
internal_count=301300 284354 75539 34778 20395 208815 201408 185527 15881 7610 5610 182604 7407 8271
is_linear=0
shrinkage=0.05


Tree=30
num_leaves=15
num_cat=0
split_feature=36 37 47 22 47 37 36 52 27 36 27 27 36 22
split_gain=2089.91 1262.65 1261.88 1195.33 1041.78 1726 1589.62 1554.15 988.192 2137.52 1415.16 1312.42 1029.94 1159.29
threshold=0.093841642141342177 3.1984648704528813 6.148386001586915 6.7996129989624032 4.3502571582794198 1.0000000180025095e-35 0.63397127389907848 1.0000000180025095e-35 6.3587081432342538 0.66450217366218578 5.4617087841033944 5.4574534893035898 0.59870129823684703 6.8007264137268075
decision_type=2 2 2 2 2 2 2 2 2 2 2 2 2 2
left_child=-1 2 4 -3 5 -2 -6 -8 10 12 11 -4 13 -10
right_child=1 3 8 -5 6 -7 7 -9 9 -11 -12 -13 -14 -15
leaf_value=-0.065206960104465181 0.042312090918038656 0.0018545344570676968 0.042276938224069596 0.050033627972670226 -0.027556307898878543 -0.0054588062322914683 -0.025581681857262725 0.039226932100829642 -0.081726343507964608 0.052117120223683581 0.04216963077157071 -0.094256692442759665 -0.077488469755466305 0.052962712876678135
leaf_weight=1167.9825990344398 2356.6316787395626 2634.9130029082298 305.39209488034248 2508.8116184920073 9215.1216631054413 9397.0848748665303 1628.523760151118 2115.9586519282311 241.52313509583473 919.49007381871343 3987.6160906329751 391.53367960453033 914.64544081687927 427.96452629566193
leaf_count=5115 15323 27031 668 6629 130205 45330 18333 15926 319 1552 33678 329 461 401
internal_value=0.00035761 0.00244181 -0.00126753 0.025405 -0.00663123 0.00414713 -0.0164023 0.0110478 0.0171568 -0.00818233 0.0306877 -0.0346761 -0.0432898 0.00388487
internal_weight=38213.2 37045.2 31901.5 5143.72 24713.3 11753.7 12959.6 3744.48 7188.17 2503.62 4684.54 696.926 1584.13 669.488
internal_count=301300 296185 262525 33660 225117 60653 164464 34259 37408 2733 34675 997 1181 720
is_linear=0
shrinkage=0.05


Tree=31
num_leaves=15
num_cat=0
split_feature=36 37 47 22 32 32 37 31 32 36 28 42 22 41
split_gain=1951.23 1166.44 1164.81 1156.63 986.255 1371.34 1856.36 1669.81 2409.68 1304.41 1143.92 1139.68 1223.43 925.87
threshold=0.093841642141342177 3.1984648704528813 6.148386001586915 6.7996129989624032 4.1190040111541757 3.5259279012680058 1.8688347935676577 0.59896907210350048 2.8314802646636967 0.66894978284835827 3.8815106153488164 0.89587974548339855 6.7469911575317392 0.84523808956146251
decision_type=2 2 2 2 2 2 2 2 2 2 2 2 2 2
left_child=-1 2 4 -3 5 6 7 -2 -9 10 -6 12 -12 -7
right_child=1 3 -4 -5 9 13 -8 8 -10 -11 11 -13 -14 -15
leaf_value=-0.064036156906095321 -0.027112417934155759 0.0017632713000449636 0.016800807814194914 0.049694302123125186 -0.067652870700780618 0.025805692861862878 -0.038025004449637689 0.048651469757824584 -0.02135051365912043 0.032283004736580835 0.048865587494950589 0.025099984729457188 -0.043075966462518385 -0.049583515956216143
leaf_weight=1130.9943012031727 2758.2629745844752 2633.285955497995 6982.6892253924161 2402.4080064147711 1539.8792199543677 5309.799516171217 3873.8977702148259 3106.4447012841702 2022.7003317065537 948.16799523402005 401.96801761211827 1147.2990426160395 3047.5189399458468 431.85172444954515
leaf_count=5115 16657 27031 37408 6629 4450 33788 5762 7236 17626 14684 103646 5689 14197 1382
internal_value=0.000354134 0.0023605 -0.0012068 0.0246832 -0.00632553 4.87317e-05 -0.00972867 0.00419962 0.0210581 -0.0220509 -0.0304848 -0.0179141 -0.0322518 0.020059
internal_weight=37737.2 36606.2 31570.5 5035.69 24587.8 17503 11761.3 7887.41 5129.15 7084.83 6136.67 4596.79 3449.49 5741.65
internal_count=301300 296185 262525 33660 225117 82451 47281 41519 24862 142666 127982 123532 117843 35170
is_linear=0
shrinkage=0.05


Tree=32
num_leaves=15
num_cat=0
split_feature=18 37 31 49 31 31 36 27 33 28 31 44 22 47
split_gain=1834.38 1072.69 971.404 1332.38 960.455 1837.96 914.28 1061.4 883.439 837.051 817.744 1011.02 764.77 1121.45
threshold=5.4909996986389169 4.3036997318267831 0.90427875518798839 0.33864712715148931 0.75882840156555187 0.70341435074806224 0.70900535583496105 5.4574534893035898 1.7005987167358401 3.8815106153488164 0.8078865408897401 0.13594132661819461 6.7996129989624032 4.3502571582794198
decision_type=2 2 2 2 2 2 2 2 2 2 2 2 2 2
left_child=-1 2 3 4 5 12 7 10 -8 -9 -6 -12 -2 -14
right_child=1 -3 -4 -5 6 -7 8 9 -10 -11 11 -13 13 -15
leaf_value=-0.058190390624238766 -0.014367930813154359 0.048838582304408545 -0.024687712818988083 0.025403981214388319 0.023288545646011027 0.035992485103860723 0.049432418553486186 -0.059393543076533953 -0.0078096485525018331 -0.017569678807481059 -0.03605479215220133 0.025327955570321439 0.048275124088622751 -0.017372934094569248
leaf_weight=1281.9862178149633 6042.0469845633488 1194.3799075149 3356.0599543899298 5708.4788253579754 1976.1938957497478 4100.973803760251 1086.0296371798031 1982.176444131881 1744.8496426232159 3026.7281186487526 2217.9348433520645 951.49753153137863 1399.6318348050117 1200.650427788496
leaf_count=6710 58878 4987 32073 132283 10555 21735 2756 4978 8838 5585 5902 2618 2268 1134
internal_value=0.000346455 0.0024473 0.000841205 0.00357351 -0.00127804 0.00847046 -0.0108439 -0.017846 0.0142472 -0.034206 -0.0018852 -0.0176053 -0.00461584 0.0180125
internal_weight=37269.6 35987.6 34793.3 31437.2 25728.7 12743.3 12985.4 10154.5 2830.88 5008.9 5145.63 3169.43 8642.33 2600.28
internal_count=301300 294590 289603 257530 125247 84015 41232 29638 11594 10563 19075 8520 62280 3402
is_linear=0
shrinkage=0.05


Tree=33
num_leaves=15
num_cat=0
split_feature=36 37 22 47 15 32 32 37 47 23 36 27 36 27
split_gain=1727.45 1041.62 1076.75 1009.39 950.189 1113.32 1085.24 1393.1 1220.41 2124.11 997.364 947.462 1984.95 1264.74
threshold=0.093841642141342177 3.1984648704528813 6.7996129989624032 6.148386001586915 0.014620264060795309 4.1190040111541757 3.5259279012680058 1.8688347935676577 4.388237953186036 2.7403194904327397 0.63397127389907848 6.3587081432342538 0.66450217366218578 5.4617087841033944
decision_type=2 2 2 2 2 2 2 2 2 2 2 2 2 2
left_child=-1 3 -3 4 5 6 7 8 9 -2 -7 13 -13 -5
right_child=1 2 -4 11 -6 10 -8 -9 -10 -11 -12 12 -14 -15
leaf_value=-0.0622110189357045 -0.032076994300932034 0.0019615509235299247 0.049148115442594204 -0.032865023125272418 0.0091711766371552067 -0.044522863862455894 0.017467562498776297 -0.043274565822251115 -0.040742766387174251 0.042096015717941374 0.011151553354102605 -0.043039747939554722 0.051506987780278325 0.040854241400845454
leaf_weight=1061.7006566948257 1550.9144634604454 2623.9982134830207 2233.2889886647463 680.5976853966713 7243.8426218382083 3796.755223815795 3865.060102969408 2789.546120852232 1357.036448771134 2521.5466239862144 1015.514109052252 1551.8091404885054 851.49809893593192 3748.4842747673392
leaf_count=5115 9189 27031 6629 997 81150 70539 24047 4131 8514 11216 16331 1181 1552 33678
internal_value=0.00034065 0.002211 0.0237134 -0.00116769 -0.00597033 -0.0124634 -0.00435415 -0.0146247 0.000147391 0.0138393 -0.0327754 0.015785 -0.00946697 0.0294776
internal_weight=36891.6 35829.9 4857.29 30972.6 24140.2 16896.4 12084.1 8219.04 5429.5 4072.46 4812.27 6832.39 2403.31 4429.08
internal_count=301300 296185 33660 262525 225117 143967 57097 33050 28919 20405 86870 37408 2733 34675
is_linear=0
shrinkage=0.05


Tree=34
num_leaves=15
num_cat=0
split_feature=48 46 47 48 48 36 32 33 32 54 43 37 22 42
split_gain=1633.9 1007.41 1071.59 1022.55 1349 1177.49 950.397 1758.71 1237.79 1118.18 1063.29 1108.48 1031.6 1640.68
threshold=1.0000000180025095e-35 0.98380130529403698 4.9927642345428476 0.61715480685234081 0.58358085155487072 0.33549784123897558 4.1190040111541757 0.89587974548339855 3.5259279012680058 1.0000000180025095e-35 4.0859410762786874 1.7005987167358401 6.7929053306579599 1.4978661537170412
decision_type=2 2 2 2 2 2 2 2 2 2 2 2 2 2
left_child=-1 2 6 4 -4 -5 8 -8 9 10 11 -2 -10 -14
right_child=1 -3 3 5 -6 -7 7 -9 12 -11 -12 -13 13 -15
leaf_value=-0.065005801763940538 0.041201398089913133 -0.085780765943357984 0.029504412968442386 -0.048405316880950761 -0.058480317574770235 0.034884765550679139 -0.036144776667605703 0.014380574209182734 -0.011523419198527342 -0.038566148835785609 -0.015656930742784986 -0.0025769989384780761 0.048862788163428553 -0.016071189997349758
leaf_weight=922.29800707171671 2451.330065684393 313.52538996189833 856.93846001918428 449.95421030418947 866.84962402400561 5673.9273546168115 4582.7616977393627 2748.7349616540596 1806.2035663183779 2098.6446162089705 5060.9793202020228 3502.2835604995489 3814.9492814838886 1299.0502381920815
leaf_count=4970 10844 6092 12825 2086 2183 136008 8998 31013 27675 10998 22326 7688 15036 2558
internal_value=0.000334648 0.00204877 0.00285492 0.0191301 -0.014823 0.0286961 -0.00181774 -0.017208 0.00382028 -0.00520902 0.00117584 0.0154871 0.0209129 0.0323692
internal_weight=36448.4 35526.1 35212.6 7847.67 1723.79 6123.88 27364.9 7331.5 20033.4 13113.2 11014.6 5953.61 6920.2 5114
internal_count=301300 296330 290238 153102 15008 138094 137136 40011 97125 51856 40858 18532 45269 17594
is_linear=0
shrinkage=0.05


Tree=35
num_leaves=15
num_cat=0
split_feature=18 37 46 48 32 31 27 28 31 22 26 31 47 32
split_gain=1542.04 924.245 841.697 803.438 871.996 1145.36 1118.75 963.562 868.862 1414.86 1112.69 975.721 694.54 622.863
threshold=5.6039605140686044 4.3036997318267831 0.98812097311019909 0.71992215514183056 4.8531885147094735 0.77388921380043041 3.1984648704528813 2.9700856208801274 0.75882840156555187 6.7996129989624032 0.65022122859954845 0.31414473056793218 6.2255475521087655 4.0251922607421884
decision_type=2 2 2 2 2 2 2 2 2 2 2 2 2 2
left_child=-1 2 3 8 5 6 -5 -8 10 13 11 -2 -7 -10
right_child=1 -3 -4 4 -6 12 7 -9 9 -11 -12 -13 -14 -15
leaf_value=-0.052904997771942498 0.020563643297424852 0.047846885857803834 -0.089612976423063401 -0.040282563832839624 0.028836821892912048 -0.0051213361696598198 0.04807295681247032 0.0067806867852466118 -0.048024224816976192 -0.039210789620682376 0.03450835936375049 -0.023170877533485287 -0.0726965748009165 0.036433558315938079
leaf_weight=1300.9639569744468 1897.1907522100955 1070.9022637493908 245.04671045392752 692.35584022849798 3943.8437426560558 9718.9194271359593 2716.7937205899507 2939.8374231029302 262.68969626165926 3880.6921804100275 2000.4920546715148 3842.8743162786122 385.85262364149094 1098.4677932630293
leaf_count=7327 7263 4979 4660 1916 125093 47837 11686 25110 2307 3133 32546 17750 330 9363
internal_value=0.000326877 0.00233753 0.000874342 0.00156526 0.00775242 0.0026842 0.0193104 0.0266626 -0.00815432 -0.0238521 0.00249312 -0.00870524 -0.00777103 0.0199027
internal_weight=35996.9 34696 33625.1 33380 20397.6 16453.8 6348.99 5656.63 12982.4 5241.85 7740.56 5740.07 10104.8 1361.16
internal_count=301300 293973 288994 284334 211972 86879 38712 36796 72362 14803 57559 25013 48167 11670
is_linear=0
shrinkage=0.05


Tree=36
num_leaves=15
num_cat=0
split_feature=48 46 47 48 27 36 37 22 43 54 22 23 37 23
split_gain=1465.74 847.008 935.598 925.821 1193.5 1023.98 862.483 978.506 789.136 782.752 1045.24 1120.13 1001.94 999.353
threshold=1.0000000180025095e-35 0.98164147138595592 4.9927642345428476 0.61715480685234081 6.3587081432342538 0.33549784123897558 3.1984648704528813 6.7804884910583505 2.8617925643920903 1.0000000180025095e-35 6.7804884910583505 2.9700856208801274 1.8688347935676577 4.6491756439208993
decision_type=2 2 2 2 2 2 2 2 2 2 2 2 2 2
left_child=-1 2 6 4 -4 -5 8 -8 -2 10 13 12 -12 -10
right_child=1 -3 3 5 -6 -7 7 -9 9 -11 11 -13 -14 -15
leaf_value=-0.063822514327905797 0.038395879979298067 -0.074503260106127664 0.028225737187166384 -0.044667127027333532 -0.056083441237413094 0.033827643904168654 -0.030922559674153211 0.030560777496185833 -0.061604911489622584 -0.036890374526046286 0.03576409564771147 -0.014451963693412548 -0.016638735567526205 0.048312764578254744
leaf_weight=858.97638334450312 970.53805513679981 348.81406759284437 820.91915515367873 441.79007920855656 839.54448134452105 5359.9676527739502 787.73188015073538 3444.8090170994401 231.75569532718509 2037.2348742410541 2395.5067514851689 14149.746920645237 1461.7261279821396 1463.6314027868211
leaf_count=4970 5303 6899 14526 2064 482 135223 11892 19209 3265 9634 6572 37685 1925 41651
internal_value=0.000318223 0.00192144 0.00271769 0.0183722 -0.0144823 0.0277839 -0.00162329 0.019072 -0.00548702 -0.00746287 -0.00440288 -0.00794212 0.015914 0.0330141
internal_weight=35612.7 34753.7 34404.9 7462.22 1660.46 5801.76 26942.7 4232.54 22710.1 21739.6 19702.4 18007 3857.23 1695.39
internal_count=301300 296330 289431 152295 15008 137287 137136 31101 106035 100732 91098 46182 8497 44916
is_linear=0
shrinkage=0.05


Tree=37
num_leaves=15
num_cat=0
split_feature=36 37 27 22 48 32 36 47 46 47 47 47 47 33
split_gain=1381.35 836.569 1410.79 1232.9 1094.42 805.578 767.355 960.535 1108.76 958.416 1132.53 704.969 629.345 972.344
threshold=0.093841642141342177 2.6735538244247441 5.3844845294952401 6.8007264137268075 0.65836036205291759 2.7403194904327397 0.40129870176315313 6.148386001586915 0.75732576847076427 4.2696731090545663 4.3372693061828622 4.770540952682496 4.3502571582794198 1.7005987167358401
decision_type=2 2 2 2 2 2 2 2 2 2 2 2 2 2
left_child=-1 4 3 -3 12 -5 -6 8 -8 -10 -11 -12 13 -2
right_child=1 2 -4 5 6 -7 7 -9 9 10 11 -13 -14 -15
leaf_value=-0.05963630698075352 0.014936888188192457 -0.028617825555418516 0.039921689285395197 -0.01708119212475576 -0.024207269042011589 0.051109017889964706 0.02433995109829553 0.029784533989344966 -0.068417234371403998 0.054371669333377205 -0.0015089107502037477 -0.038417832110092032 -0.030736504023800126 -0.038213950857461473
leaf_weight=925.49833497940563 2562.8102901820093 2205.3928455784917 3485.5039004131686 672.02118408679962 2064.5139880650677 1188.1272041499615 3710.6656118847895 3880.7150085102767 603.95087632164359 753.61889035627246 5981.779057151638 1641.0842910569627 4262.7424306494649 1282.9477108605206
leaf_count=5115 15165 14749 23619 350 8519 2098 108223 28637 5016 10888 21287 23976 26465 7193
internal_value=0.000309448 0.00194404 0.0166289 -0.00338958 -0.00220671 0.0265141 0.00446565 0.00805016 0.00138595 -0.00811504 -0.00369081 -0.00949475 -0.0175289 -0.00284739
internal_weight=35221.4 34295.9 7551.05 4065.54 26744.8 1860.15 18636.3 16571.8 12691.1 8980.43 8376.48 7622.86 8108.5 3845.76
internal_count=301300 296185 40816 17197 255369 2448 206546 198027 169390 61167 56151 45263 48823 22358
is_linear=0
shrinkage=0.05


Tree=38
num_leaves=15
num_cat=0
split_feature=48 15 46 47 32 36 32 22 22 42 22 54 27 37
split_gain=1305.84 811.032 830.046 687.975 822.879 1385.74 986.209 772.845 1169.5 1163.98 1028.66 625.286 682.659 1057.01
threshold=1.0000000180025095e-35 0.014620264060795309 0.98380130529403698 4.9927642345428476 4.1190040111541757 0.5032467544078828 3.5259279012680058 6.7929053306579599 6.787281036376954 1.4978661537170412 6.7996129989624032 1.0000000180025095e-35 6.3569750785827646 1.8688347935676577
decision_type=2 2 2 2 2 2 2 2 2 2 2 2 2 2
left_child=-1 2 3 4 6 -6 11 8 -8 -9 -11 12 13 -2
right_child=1 -3 -4 -5 5 -7 7 9 -10 10 -12 -13 -14 -15
leaf_value=-0.062620281747944831 0.018491795028411698 0.013365209367130674 -0.08945742770444079 0.014760640696772062 -0.042490081175579369 0.013655098447081047 0.01490142987130022 0.048064882953805489 -0.093181189034016704 0.042607773971564386 -0.06688175879509603 -0.040109557248607479 -0.063886501030835749 -0.019871764887740527
leaf_weight=795.45658532623202 3635.9066784251481 10467.973084130324 266.63293927162886 4689.9612160131801 3333.7954687643796 1631.1138627519831 889.73182022944093 2506.5257221758366 337.11592176556587 371.15651667863131 482.29900240898132 1428.6015065833926 440.06130319833755 3527.6581185907125
leaf_count=4970 21644 105123 5097 91365 10949 16455 16870 10450 2104 1133 488 7695 363 6594
internal_value=0.000303334 0.00179309 -0.00335627 -0.00233188 -0.00665107 -0.0240544 -0.000293573 0.0185636 -0.015311 0.0309411 -0.0193242 -0.00987972 -0.00415479 -0.000401495
internal_weight=34804 34008.5 23540.6 23273.9 18584 4964.91 13619.1 4586.83 1226.85 3359.98 853.456 9032.23 7603.63 7163.56
internal_count=301300 296330 191207 186110 94745 27404 67341 31045 18974 12071 1621 36296 28601 28238
is_linear=0
shrinkage=0.05


Tree=39
num_leaves=15
num_cat=0
split_feature=18 37 15 31 49 37 36 43 54 43 47 37 32 32
split_gain=1236.7 802.103 732.282 725.42 794.449 575.524 798.136 594.062 819.329 488.759 583.163 519.917 1558.04 955.402
threshold=5.4138731956481942 4.3036997318267831 0.015506163239479067 0.90427875518798839 0.33864712715148931 3.1984648704528813 0.40129870176315313 2.8617925643920903 1.0000000180025095e-35 6.0461888313293466 4.770540952682496 1.8688347935676577 2.9174053668975835 4.1026091575622567
decision_type=2 2 2 2 2 2 2 2 2 2 2 2 2 2
left_child=-1 2 3 4 5 6 -2 -8 9 10 11 13 -13 -9
right_child=1 -3 -4 -5 -6 -7 7 8 -10 -11 -12 12 -14 -15
leaf_value=-0.055563198128936168 -0.035400613798733181 0.046759952885137235 0.012259134954426657 -0.030567069404078658 0.020447655478384948 0.019093009286755235 0.04515876871972959 0.021217254634519785 -0.043034861145121922 0.031451159273640859 -0.039662084861764466 -0.053576489778603291 0.034163004063465618 -0.01757579419096552
leaf_weight=953.46860858332366 2402.700938441325 957.37648015469313 9474.6635544672608 2340.4114270806313 3494.7807609112933 2058.5443124510348 575.52760087326169 4042.3095214273781 1346.9219419360161 991.93124795332551 1081.9515879277606 1396.1708282232285 781.90164351742715 2599.6639131400734
leaf_count=5998 5854 4993 97317 22189 82304 14003 3368 25084 6613 3063 12917 1381 10397 5819
internal_value=0.000288494 0.00189209 0.000559993 -0.00423908 -0.00125944 -0.00565947 -0.00901785 -0.0040481 -0.00639663 -0.00183137 -0.00519381 -0.000925475 -0.0220669 0.00603009
internal_weight=34498.3 33544.9 32587.5 23112.8 20772.4 17277.6 15219.1 12816.4 12240.9 10893.9 9902 8820.05 2178.07 6641.97
internal_count=301300 295302 290309 192992 170803 88499 74496 68642 65274 58661 55598 42681 11778 30903
is_linear=0
shrinkage=0.05


Tree=40
num_leaves=15
num_cat=0
split_feature=48 37 15 46 49 36 36 36 27 44 31 31 47 22
split_gain=1169.38 705.695 677.402 666.02 554.152 561.675 466.98 1345.38 952.656 814.903 616.505 658.428 626.869 459.566
threshold=1.0000000180025095e-35 4.3036997318267831 0.014620264060795309 0.98380130529403698 0.76331442594528209 0.95080643892288219 0.85599079728126537 0.76278772950172435 6.3569750785827646 0.15937662869691852 0.75882840156555187 0.73097601532936107 4.3502571582794198 6.7929053306579599
decision_type=2 2 2 2 2 2 2 2 2 2 2 2 2 2
left_child=-1 2 3 4 5 6 7 8 9 10 11 12 13 -2
right_child=1 -3 -4 -5 -6 -7 -8 -9 -10 -11 -12 -13 -14 -15
leaf_value=-0.061598233722422728 -0.038474584436697434 0.044398833025822593 0.011186410512331444 -0.083588212759497182 0.029177172805278619 0.040549042474764263 -0.028492720375541559 0.042218641780773836 -0.049108517700170766 0.012692762343878462 -0.022540185261397991 0.035178974973730688 -0.028748300196815648 0.027746263685978975
leaf_weight=736.8897068107035 321.36016467772424 928.73592221364379 10079.485000545625 252.51546043530107 1217.9218739082571 635.31860285997391 2208.2837843368761 1428.4242294989526 1300.1978168487549 4681.7847325257026 6186.0819488330744 1101.4079825691879 1851.311154617928 1251.9290490671992
leaf_count=4970 2725 5009 103626 4860 46757 2488 21981 10271 1098 51607 22110 6707 12451 4640
internal_value=0.000278251 0.00165958 0.000425572 -0.0044115 -0.003473 -0.00538265 -0.0068372 -0.00418415 -0.00817749 -0.00469074 -0.0122931 0.00173138 -0.00909703 0.0140624
internal_weight=34181.6 33444.8 32516 22436.5 22184 20966.1 20330.8 18122.5 16694.1 15393.9 10712.1 4526.01 3424.6 1573.29
internal_count=301300 296330 291321 187695 182835 136078 133590 111609 101338 100240 48633 26523 19816 7365
is_linear=0
shrinkage=0.05


Tree=41
num_leaves=15
num_cat=0
split_feature=36 37 27 22 48 32 46 47 47 32 23 47 26 37
split_gain=1108.77 686.895 1206.82 1073.89 921.823 712.837 618.29 1169.53 883.546 832.707 946.156 618.239 937.171 789.603
threshold=0.093841642141342177 2.6735538244247441 5.3844845294952401 6.8007264137268075 0.67124816775321972 2.7403194904327397 0.70859703421592724 4.2696731090545663 4.3372693061828622 6.1354806423187265 2.9700856208801274 4.3502571582794198 0.65022122859954845 1.4978661537170412
decision_type=2 2 2 2 2 2 2 2 2 2 2 2 2 2
left_child=-1 4 3 -3 11 -5 -6 -8 -9 10 -10 12 13 -2
right_child=1 2 -4 5 6 -7 7 8 9 -11 -12 -13 -14 -15
leaf_value=-0.057471829861298562 0.035461368300685157 -0.026505155972158356 0.038165144913354869 -0.014967668918872239 0.033102040817798412 0.050502400284929777 -0.060463955609837486 0.051051558172649704 0.035861436599131456 0.02494955085019588 -0.0099750843612744569 -0.028908030754422533 0.045822027873675973 -0.026660711216447915
leaf_weight=801.5128420649562 633.48620859719813 2181.4708859883249 3200.0391495754011 660.93536126613617 1680.9142502918839 1093.9988081455231 721.27275219000876 936.52616932801902 1255.823440939188 2922.031259091571 10180.607021036791 4321.6729364139028 816.71512459218502 2496.1874930243939
leaf_count=5115 3555 14749 23619 350 93302 2098 6658 13158 2539 27984 59274 28973 8095 11831
internal_value=0.00026942 0.00168448 0.0154117 -0.00313527 -0.00209286 0.0259003 0.00434703 0.00131041 0.00426113 0.00117584 -0.00491489 -0.0158656 -0.00154587 -0.0140135
internal_weight=33903.2 33101.7 7136.44 3936.41 25965.2 1754.93 17697.2 16016.3 15295 14358.5 11436.4 8268.06 3946.39 3129.67
internal_count=301300 296185 40816 17197 255369 2448 202915 109613 102955 89797 61813 52454 23481 15386
is_linear=0
shrinkage=0.05


Tree=42
num_leaves=15
num_cat=0
split_feature=18 37 16 46 49 36 31 22 47 31 36 33 23 48
split_gain=1055.15 667.454 613.012 646.635 556.953 527.052 531.647 1223.12 1282.66 1116.66 1064.55 833.452 753.203 801.645
threshold=5.6039605140686044 4.3036997318267831 2.5000000000000004 0.97948163747787487 0.76331442594528209 0.95080643892288219 0.75882840156555187 6.7996129989624032 4.2696731090545663 0.73097601532936107 0.78817948698997509 1.8688347935676577 2.9700856208801274 0.68361765146255504
decision_type=2 2 2 2 2 2 2 2 2 2 2 2 2 2
left_child=-1 2 3 4 5 6 9 8 -8 -2 12 -12 13 -9
right_child=1 -3 -4 -5 -6 -7 7 10 -10 -11 11 -13 -14 -15
leaf_value=-0.048148444499839349 -0.0046024429228229934 0.045390310669507078 0.015702967071888532 -0.072764873368722768 0.027575662267634783 0.038426187928131857 -0.036264187311059182 -0.058287975322970358 0.021095396007503507 0.037292332046618915 0.034945049316009287 -0.067691137386554495 -0.035857151897398777 0.051115465403674454
leaf_weight=1078.7435100781731 7402.8971891624387 848.60856371372938 5598.0965557994787 313.5852200165391 1524.1540975249372 717.39432131871581 1263.5048025436699 235.25577798485756 4146.0972709490452 2015.1875370228663 1148.2620106041431 228.95178899168968 6469.0750617384911 520.03025853633881
leaf_count=7327 81194 4979 58815 6447 60611 3031 14403 203 43382 12522 1901 169 5663 653
internal_value=0.00026852 0.00189334 0.000710598 -0.00252417 -0.00163813 -0.00349278 -0.00479217 -0.0109642 0.00765589 0.00439183 -0.0226699 0.0175176 -0.0303446 0.0167222
internal_weight=33509.8 32431.1 31582.5 25984.4 25670.8 24146.7 23429.3 14011.2 5409.6 9418.08 8601.57 1377.21 7224.36 755.286
internal_count=301300 293973 288994 230179 223732 163121 160090 66374 57785 93716 8589 2070 6519 856
is_linear=0
shrinkage=0.05


Tree=43
num_leaves=15
num_cat=0
split_feature=48 31 49 37 36 43 54 22 31 31 32 37 22 22
split_gain=1001.87 591.979 862.734 789.741 783.406 618.467 953.85 531.777 524.574 879.089 711.56 589.609 550.095 1467.51
threshold=1.0000000180025095e-35 0.90427875518798839 0.33864712715148931 3.1984648704528813 0.46238490939140325 2.8617925643920903 1.0000000180025095e-35 6.7996129989624032 0.75882840156555187 0.57259953022003185 4.1026091575622567 2.7403194904327397 6.7929053306579599 6.7804884910583505
decision_type=2 2 2 2 2 2 2 2 2 2 2 2 2 2
left_child=-1 2 3 4 -2 -6 8 -5 9 11 -11 -7 13 -10
right_child=1 -3 -4 7 5 6 -8 -9 12 10 -12 -13 -14 -15
leaf_value=-0.060314176023862826 -0.024939817312512835 -0.018598980006809426 0.022446429527586687 0.0041618515371647782 0.044531854285760751 -0.01953624949507337 -0.03512732665526757 0.044658818720935953 0.047540569696433714 0.042458824906292471 -0.0033517863922346426 0.051392414689635062 -0.00054226712263672849 -0.079820666471131577
leaf_weight=658.84447652404197 3600.2019832690712 3281.1590328961611 5093.4516056880821 1777.7841458767653 757.94320739433169 2124.2409452903084 1847.5165281072259 1483.6127258390188 323.74901799834333 2717.6076120715588 1227.84509779769 329.87669134535827 7257.5645476952195 700.97664428129792
leaf_count=4970 10547 32991 133425 16701 4659 15338 9306 5836 9238 18760 22056 432 11489 5552
internal_value=0.000261035 0.0015063 0.00376781 -0.000179515 -0.00375549 0.000668162 -0.00136889 0.0226642 0.00290018 0.0136412 0.0282299 -0.00983231 -0.00540562 -0.0395119
internal_weight=33182.4 32523.5 29242.4 24148.9 20887.5 17287.3 16529.4 3261.4 14681.9 6399.57 3945.45 2454.12 8282.29 1024.73
internal_count=301300 296330 263339 129914 107377 96830 92171 22537 82865 56586 40816 15770 26279 14790
is_linear=0
shrinkage=0.05


Tree=44
num_leaves=15
num_cat=0
split_feature=48 26 37 48 47 27 37 22 27 31 28 47 28 28
split_gain=943.882 573.328 603.713 539.834 606.523 1067.68 931.395 628.203 591.891 758.487 760.86 753.905 708.533 587.501
threshold=1.0000000180025095e-35 0.9571523666381837 4.3036997318267831 0.71992215514183056 4.3372693061828622 3.5549397468566899 1.4978661537170412 6.7996129989624032 3.1984648704528813 0.77388921380043041 6.0342838764190683 6.1737079620361337 2.9700856208801274 2.1383330821990971
decision_type=2 2 2 2 2 2 2 2 2 2 2 2 2 2
left_child=-1 2 3 4 5 6 -2 -6 -5 12 11 -11 -10 -8
right_child=1 -3 -4 8 7 -7 13 -9 9 10 -12 -13 -14 -15
leaf_value=-0.059744714731743621 0.049635599936343561 -0.063906018433261214 0.044996414121223384 -0.034303937411739156 0.0043571093146800507 0.041128568968384738 0.0014170969761713502 -0.027023037125145272 0.04476371199914924 -0.0023463249783056226 0.023490074704896627 -0.072218515099704991 0.0080257846290527086 -0.042079982875405486
leaf_weight=632.62849354580976 568.24431201070547 322.08698974363506 790.85178780183196 844.53645035251975 2393.1983169207815 1512.4325782032683 1614.6380582228303 4756.3396952003241 2323.3601111043245 9208.7388352965936 3010.6838917806745 392.9892399199307 3011.9964992089663 1484.0250484533608
leaf_count=4970 3766 6398 4709 3974 38880 13842 4800 5352 11702 54442 33735 521 106489 7720
internal_value=0.0002571 0.00145286 0.00213234 0.00102897 -0.00709783 0.00592574 -0.00866619 -0.0165276 0.00636158 0.00829315 0.00160212 -0.00527829 0.0240777 -0.0194831
internal_weight=32866.8 32234.1 31912 31121.2 12328.9 5179.34 3666.91 7149.54 18792.3 17947.8 12612.4 9601.73 5335.36 3098.66
internal_count=301300 296330 289932 285223 74360 30128 16286 44232 210863 206889 88698 54963 118191 12520
is_linear=0
shrinkage=0.05


Tree=45
num_leaves=15
num_cat=0
split_feature=36 15 46 37 22 22 23 28 36 31 37 28 37 32
split_gain=897.234 570.095 573.112 498.074 601.102 458.148 1395.07 1109.35 1274.54 654.53 582.061 536.136 477.258 551.615
threshold=0.093841642141342177 0.013684903271496298 0.98380130529403698 3.1984648704528813 6.7996129989624032 6.7996129989624032 5.0530509948730478 2.6020033359527592 0.78817948698997509 0.87309837341308605 3.0129330158233647 1.0000000180025095e-35 1.2424533367156985 6.2116029262542733
decision_type=2 2 2 2 2 2 2 2 2 2 2 2 2 2
left_child=-1 2 3 5 -5 6 -2 9 12 10 11 -7 13 -9
right_child=1 -3 -4 4 -6 7 -8 8 -10 -11 -12 -13 -14 -15
leaf_value=-0.055547851430898187 -0.023291534505370772 0.010977124792303587 -0.07657913679759043 -0.0017721252874637293 0.046043816323946704 -0.020519652626715512 0.018569786441254982 -0.031709256333611532 0.030265864285979768 -0.062390165301714401 -0.029023347743339242 0.03876434293182443 -0.054672365047926066 0.020192587959164746
leaf_weight=694.86332107428461 3137.1540369391441 10559.930863179965 253.01252530515194 1617.5330097991973 1096.3324052095413 462.13375052809715 5404.6434419015422 3156.5933294892311 900.18759649991989 269.67937183380127 542.04168266057968 2034.1598604917526 1809.9051811695099 603.52548950910568
leaf_count=5115 27952 112062 5024 17977 4650 534 116305 2937 1778 239 363 3730 1555 1079
internal_value=0.000250169 0.00148468 -0.00322725 -0.00230894 0.0176424 -0.00527248 0.00318608 -0.0126572 -0.0246863 0.0108743 0.0175605 0.0277511 -0.0336056 -0.0233472
internal_weight=32541.7 31846.8 21286.9 21033.9 2713.87 18320 8541.8 9778.23 6470.21 3308.01 3038.34 2496.29 5570.02 3760.12
internal_count=301300 296185 184123 179099 22627 156472 144257 12215 7349 4866 4627 4264 5571 4016
is_linear=0
shrinkage=0.05


Tree=46
num_leaves=15
num_cat=0
split_feature=48 15 46 47 32 33 32 22 42 22 22 22 27 36
split_gain=847.339 522.349 559.205 559.147 688.616 1104.26 778.281 713.435 1169.45 1031.4 969.833 643.174 639.23 1056.51
threshold=1.0000000180025095e-35 0.022332454100251201 0.98380130529403698 4.9927642345428476 4.1190040111541757 0.89587974548339855 3.5259279012680058 6.7929053306579599 1.4978661537170412 6.7996129989624032 6.787281036376954 6.7951462268829355 6.3587081432342538 0.60656467080116283
decision_type=2 2 2 2 2 2 2 2 2 2 2 2 2 2
left_child=-1 2 3 4 6 11 -2 10 -9 -10 -8 -6 -5 -14
right_child=1 -3 -4 12 5 -7 7 8 9 -11 -12 -13 13 -15
leaf_value=-0.058910603814955644 -0.0073361762348770568 0.014285737216421724 -0.072839625101245739 0.026170978426653953 0.029157845860528275 0.0094755324455054624 0.013441410135980658 0.046867058574785792 0.040143854781267321 -0.064274840244913908 -0.078129491662842526 -0.044065081757959229 -0.03681704479600572 0.048559043022989114
leaf_weight=584.32454606425017 9702.4982744436711 6249.9340742570348 264.33197677135468 3405.1413092561997 324.78830837830901 2008.5088537009433 993.6382842278108 2533.0193371735513 414.81309898197651 524.9963104724884 396.56396854668856 3122.0791666507721 1197.895032286644 508.00897113978863
leaf_count=4970 42068 67092 5335 111133 4788 24577 19823 12107 1378 560 2437 2624 1187 1221
internal_value=0.000238537 0.00134895 -0.00183912 -0.00106368 -0.0048327 -0.019967 0.000845509 0.0171508 0.0292437 -0.0182491 -0.0130512 -0.0371011 0.0136809 -0.0112577
internal_weight=32230.5 31646.2 25396.3 25132 20020.9 5455.38 14565.5 4863.03 3472.83 939.809 1390.2 3446.87 5111.05 1705.9
internal_count=301300 296330 229238 223903 110362 31989 78373 36305 14045 1938 22260 7412 113541 2408
is_linear=0
shrinkage=0.05


Tree=47
num_leaves=15
num_cat=0
split_feature=18 37 31 49 22 47 37 27 36 32 27 28 37 22
split_gain=813.348 551.733 487.731 656.566 510.75 1027.67 976.202 783.848 652.453 688.819 839.407 766.549 1580.75 913.925
threshold=5.4138731956481942 4.3036997318267831 0.90427875518798839 0.33864712715148931 6.7929053306579599 4.3372693061828622 2.3502402305603032 3.5549397468566899 0.68210527300834667 4.1190040111541757 5.4617087841033944 2.0126758217811589 1.0000000180025095e-35 6.7996129989624032
decision_type=2 2 2 2 2 2 2 2 2 2 2 2 2 2
left_child=-1 2 3 4 -2 6 -6 -8 9 10 11 -7 -13 -14
right_child=1 -3 -4 -5 5 8 7 -9 -10 -11 -12 12 13 -15
leaf_value=-0.051260674840925204 -0.016875716358402033 0.043993816340873522 -0.018184305810536067 0.019693905031518993 0.04911041487602967 -0.030248203977149959 -0.010360052972589755 0.049212427298238798 0.017065948024456767 -0.025428167710299668 0.048574566215314571 0.05909974563129014 0.0489566414046562 -0.0281030796327374
leaf_weight=738.96517891902477 4103.1981815074105 734.44277137517929 3145.9798810333014 4638.4664137316868 1983.4526929929852 2108.2115328609943 2287.9832461178303 716.90569315850735 2771.4713529720902 4354.5947819277644 780.21708118915558 1045.2117062807083 463.47310933470726 2052.7602943480015
leaf_count=5998 81142 4993 32078 132294 12017 3720 3702 3301 6429 6032 1752 2215 2197 3430
internal_value=0.000229742 0.00146586 0.000426056 0.00257607 -0.000933908 0.00259684 0.0219803 0.00396882 -0.00453633 -0.0100882 0.000291776 -0.00642638 0.00772026 -0.0137716
internal_weight=31925.3 31186.4 30451.9 27305.9 22667.5 18564.3 4988.34 3004.89 13575.9 10804.5 6449.87 5669.66 3561.45 2516.23
internal_count=301300 295302 290309 258231 125937 44795 19020 7003 25775 19346 13314 11562 7842 5627
is_linear=0
shrinkage=0.05


Tree=48
num_leaves=15
num_cat=0
split_feature=36 37 27 22 37 27 53 31 43 43 41 22 47 22
split_gain=766.788 517.083 943.172 830.562 654.305 725.268 674.627 1440.61 585.416 672.86 649.392 617.755 1498.15 596.94
threshold=0.093841642141342177 2.6735538244247441 5.3844845294952401 6.8007264137268075 1.8688347935676577 3.5549397468566899 1.0000000180025095e-35 0.59896907210350048 4.135134458541871 6.1279597282409677 0.65833333134651195 6.7929053306579599 4.3502571582794198 6.7804884910583505
decision_type=2 2 2 2 2 2 2 2 2 2 2 2 2 2
left_child=-1 4 3 -3 6 -6 8 -8 10 13 11 -2 -13 -10
right_child=1 2 -4 -5 5 -7 7 -9 9 -11 -12 12 -14 -15
leaf_value=-0.054171935639652551 -0.026808721367975033 -0.023008678164629089 0.03559580845654238 0.024682266416740303 -0.04358386601600131 0.0034060391574757508 -0.035592922079010596 0.044953044469246639 0.03556074180544392 -0.0352740190484492 -0.044983302469282581 0.044489889964883907 -0.023767565506580914 0.0030420605538140277
leaf_weight=624.67947662924416 2162.5129068959504 2135.6119343228638 2816.8376380065456 1579.1650592088699 1830.5062696039677 1480.2318386717234 744.5769227296114 2102.8585547357798 1666.9546214547008 962.24440021812916 1342.2796470224857 1480.1635844521224 1736.1261978000402 8922.3552091903985
leaf_count=5115 24780 14749 23619 2448 2787 25847 1500 5861 144297 4923 4524 9119 1712 30019
internal_value=0.000231502 0.00134625 0.0138315 -0.00272325 -0.00199598 -0.0226277 0.00124737 0.0238402 -0.00228439 0.00454191 -0.0140061 -0.00620662 0.00768562 0.00818983
internal_weight=31587.1 30962.4 6531.61 3714.78 24430.8 3310.74 21120.1 2847.44 18272.6 11551.6 6721.08 5378.8 3216.29 10589.3
internal_count=301300 296185 40816 17197 255369 28634 226735 7361 219374 179239 40135 35611 10831 174316
is_linear=0
shrinkage=0.05


Tree=49
num_leaves=15
num_cat=0
split_feature=18 37 16 46 49 42 36 36 36 22 47 46 47 47
split_gain=731.878 485.887 482.206 462.236 418.277 382.269 380.061 423.182 1242.35 703.899 702.494 635.115 589.849 843.413
threshold=5.6039605140686044 4.3036997318267831 2.5000000000000004 0.97948163747787487 0.96291711926460277 3.0177407264709477 0.95080643892288219 0.85599079728126537 0.76278772950172435 6.7804884910583505 4.1785123348236093 0.50193798542022716 4.2835628986358651 4.3372693061828622
decision_type=2 2 2 2 2 2 2 2 2 2 2 2 2 2
left_child=-1 2 3 4 6 -4 7 8 9 11 -11 -2 -12 -14
right_child=1 -3 5 -5 -6 -7 -8 -9 -10 10 12 -13 13 -15
leaf_value=-0.043890552240298253 -0.066586328443023993 0.043009253168580848 0.012025957796745073 -0.06316375232692277 0.04301211453833071 0.097789963025699936 0.035722868475352131 -0.023312170829208542 0.04175478517262364 0.014152751461952356 -0.071584402595074592 0.043577500846253753 0.048377953781129995 -0.012829660190929801
leaf_weight=902.65149349812418 138.85983420163393 680.70986887812614 5206.2362032877281 299.00314176827669 503.8191853382159 123.53347146511078 620.02495138719678 2433.1155470635276 1539.2097151768394 3105.7863295041025 394.24049081653357 1126.563678455539 577.43812624365091 13582.901067228988
leaf_count=7327 5474 4979 58757 6447 15859 58 3034 26211 12756 10634 2428 98309 4813 44214
internal_value=0.000226062 0.00155299 0.000587072 -0.00239923 -0.00161692 0.0141932 -0.00259086 -0.00364344 -0.00129476 -0.00481612 -0.00740299 0.0310615 -0.0120093 -0.0103013
internal_weight=31234.1 30331.4 29650.7 24321 24022 5329.77 23518.1 22898.1 20465 18925.8 17660.4 1265.42 14554.6 14160.3
internal_count=301300 293973 288994 230179 223732 58815 207873 204839 178628 165872 62089 103783 51455 49027
is_linear=0
shrinkage=0.05


Tree=50
num_leaves=15
num_cat=0
split_feature=48 15 46 47 32 36 27 27 42 22 27 36 36 47
split_gain=700.429 451.799 435.739 340.533 501.84 840.996 611.445 700.146 439.808 693.009 426.785 721.885 500.24 424.882
threshold=1.0000000180025095e-35 0.010256679728627207 0.98380130529403698 4.9927642345428476 4.1190040111541757 0.5032467544078828 6.3569750785827646 5.4380698204040536 1.4978661537170412 6.7996129989624032 6.3587081432342538 0.60656467080116283 0.33549784123897558 4.770540952682496
decision_type=2 2 2 2 2 2 2 2 2 2 2 2 2 2
left_child=-1 2 3 4 6 -6 7 -2 13 -10 12 -12 -5 -9
right_child=1 -3 -4 10 5 -7 -8 8 9 -11 11 -13 -14 -15
leaf_value=-0.05765393301586838 -0.0071150778639916673 0.0085371702359812104 -0.071322099991570173 -0.036154478297180569 -0.037052913878040515 0.011810304303113041 -0.060137945362269345 0.040183141674696964 0.039378669867774233 -0.058720112229328304 -0.038809151770531979 0.049954282728046154 0.032740164899708192 -0.013965918800041666
leaf_weight=504.09347326681018 6856.6319167362526 12423.027298249537 226.11341270059347 295.25229289475828 2717.7694857865572 1294.5057195276022 403.17878347635269 2084.6074369680136 324.61808855086565 380.59752851724625 805.33974611759186 309.01944475248456 1980.0327942739241 432.75923774391413
leaf_count=4970 32673 135543 4750 2309 9460 14100 336 19604 1214 429 797 796 70587 3732
internal_value=0.000223221 0.00119731 -0.00383947 -0.0029469 -0.00628379 -0.0212977 -0.000522197 0.00191974 0.0211055 -0.013645 0.0112987 -0.0139691 0.023681 0.030856
internal_weight=31037.5 30533.5 18110.4 17884.3 14494.7 4012.28 10482.4 10079.2 3222.58 705.216 3389.64 1114.36 2275.29 2517.37
internal_count=301300 296330 160787 156037 81548 23560 57988 57652 24979 1643 74489 1593 72896 23336
is_linear=0
shrinkage=0.05


Tree=51
num_leaves=15
num_cat=0
split_feature=36 37 27 31 48 22 22 22 24 31 23 22 47 27
split_gain=662.434 437.325 846.36 749.798 579.346 455.2 744.529 968.603 754.795 743.518 648.42 981.6 1080.57 1363.86
threshold=0.093841642141342177 2.6735538244247441 5.3844845294952401 0.77078804373741161 0.65836036205291759 6.7804884910583505 6.7900948524475107 6.7984981536865243 0.77484264969825756 0.9807192087173463 2.9700856208801274 6.8007264137268075 4.4005842208862314 5.4574534893035898
decision_type=2 2 2 2 2 2 2 2 2 2 2 2 2 2
left_child=-1 4 3 -3 -2 9 8 -8 -7 -6 -9 12 13 -12
right_child=1 2 -4 -5 5 6 7 10 -10 -11 11 -13 -14 -15
leaf_value=-0.052955591650690692 -0.013602647546023984 0.021853813974831326 0.034302830730925889 -0.023336150603375364 0.035831007005370973 -0.051239185465242448 0.041033323723811382 0.028798587331498645 0.017909878360782974 -0.044682793091363145 0.049851942061526072 0.011110378990173616 -0.049637874699594499 -0.024174731261434435
leaf_weight=564.9156084745191 7301.3388747102581 1682.3632607385516 2662.0705531220883 1996.0197845585644 1939.3868547803722 1257.0221683196723 1563.2062890268862 1561.9293147698045 567.04951433837414 327.41595115885139 878.77894265204668 4451.3233571946621 1986.759560406208 2064.5410005748272
leaf_count=5115 48823 5119 23619 12078 150424 10233 13477 3830 7184 7280 2594 4934 3572 3018
internal_value=0.00021255 0.00122299 0.0128859 -0.00266463 -0.00187533 0.00328869 -1.0815e-05 0.00434874 -0.0297624 0.0240565 -0.000924164 -0.00589816 -0.0212464 -0.00197883
internal_weight=30804.1 30239.2 6340.45 3678.38 23898.8 16597.4 14330.6 12506.5 1824.07 2266.8 10943.3 9381.4 4930.08 2943.32
internal_count=301300 296185 40816 17197 255369 206546 48842 31425 17417 157704 17948 14118 9184 5612
is_linear=0
shrinkage=0.05


Tree=52
num_leaves=15
num_cat=0
split_feature=48 15 26 47 27 36 36 22 27 28 32 33 32 22
split_gain=629.768 416.148 455.358 469.05 555.995 1013.28 734.772 1146.85 498.919 766.229 464.183 918.678 651.473 578.649
threshold=1.0000000180025095e-35 0.030416581779718403 0.9571523666381837 4.9927642345428476 6.3587081432342538 0.60656467080116283 0.59870129823684703 6.8007264137268075 5.4617087841033944 1.8688347935676577 4.1190040111541757 0.89587974548339855 3.5259279012680058 6.7951462268829355
decision_type=2 2 2 2 2 2 2 2 2 2 2 2 2 2
left_child=-1 2 3 10 8 6 7 -6 9 -5 12 13 -2 -12
right_child=1 -3 -4 4 5 -7 -8 -9 -10 -11 11 -13 -14 -15
leaf_value=-0.056846765498179935 -0.0065288175652376684 0.016328403205377925 -0.064745562741441373 0.038060445541175901 -0.089933414242822557 0.048357356588145627 -0.069343959934004953 0.052946899800783799 0.032561884641849191 -0.075236828794517249 0.030057411533125147 0.01005534149025495 0.01577247751418526 -0.038233394365511847
leaf_weight=466.08186968474183 10078.010748724453 3899.7732570981607 268.57138582319021 293.83506783097982 199.55317953974009 522.50680963136256 671.48005044460297 416.00692683458328 2949.3734567263164 284.23474714159966 336.06560439057648 2096.8965538470075 4838.7247297698632 3194.571332603693
leaf_count=4970 45411 41847 5788 1268 274 1406 425 601 124859 278 5152 26824 39417 2780
internal_value=0.000210097 0.00111369 -0.00116068 -0.000476108 0.0127162 -0.00978045 -0.0335738 0.00593055 0.0242519 -0.0179795 -0.00390773 -0.0161301 0.000711048 -0.0316666
internal_weight=30515.7 30049.6 26149.8 25881.3 5336.99 1809.55 1287.04 615.56 3527.44 578.07 20544.3 5627.53 14916.7 3530.64
internal_count=301300 296330 254483 248695 129111 2706 1300 875 126405 1546 119584 34756 84828 7932
is_linear=0
shrinkage=0.05


Tree=53
num_leaves=15
num_cat=0
split_feature=18 37 0 42 26 47 27 36 27 27 36 22 32 33
split_gain=597.051 428.206 399.751 350.467 344.113 377.546 549.62 1049.14 581.323 569.32 475.466 932.963 435.923 809.033
threshold=5.4138731956481942 4.3036997318267831 0.0083683477714657801 2.79174816608429 0.9571523666381837 4.9927642345428476 6.3587081432342538 0.66450217366218578 5.4617087841033944 5.4574534893035898 0.59870129823684703 6.8007264137268075 4.1190040111541757 0.89587974548339855
decision_type=2 2 2 2 2 2 2 2 2 2 2 2 2 2
left_child=-1 2 4 -4 5 12 8 10 9 -7 11 -8 -2 -14
right_child=1 -3 3 -5 -6 6 7 -9 -10 -11 -12 -13 13 -15
leaf_value=-0.047973153239608164 -0.00020668936095233272 0.041905600536662022 0.011007981955791358 0.090544835796337583 -0.060575445824144772 0.035653151294110237 -0.08499320096217218 0.049695711280623847 0.031720433727017973 -0.073510046543516311 -0.068954105590465692 0.051053343713977219 -0.031802021774657734 0.0092386573783119416
leaf_weight=619.80423082294874 13905.3587560663 623.02143928781152 4761.9034348290879 132.93826354295015 240.78135916031897 197.94395177066326 200.03436949849129 458.2263788562268 2711.8176837767242 274.19269782304764 605.59394562244415 305.0685241818428 3350.5364004038274 1862.7029619943351
leaf_count=5998 78964 4993 51550 118 5313 553 260 1263 119319 269 396 339 7437 24528
internal_value=0.000200326 0.00122387 0.000335954 0.0133483 -0.00231002 -0.0016972 0.0108999 -0.0132654 0.0228119 -0.027953 -0.0394522 -0.00342881 -0.00483291 -0.0171485
internal_weight=30249.9 29630.1 29007.1 4894.84 24112.3 23871.5 4752.88 1568.92 3183.95 472.137 1110.7 505.103 19118.6 5213.24
internal_count=301300 295302 290309 51668 238641 233328 122399 2258 120141 822 995 599 110929 31965
is_linear=0
shrinkage=0.05


Tree=54
num_leaves=15
num_cat=0
split_feature=48 31 31 37 36 22 36 36 47 22 47 47 27 27
split_gain=573.598 379.546 543.738 434.539 524.971 508.413 568.125 765.708 628.117 658.554 635.496 616.217 499.661 512.341
threshold=1.0000000180025095e-35 0.90427875518798839 0.89756566286087047 3.1984648704528813 0.49675324559211737 6.7702026367187509 0.85599079728126537 0.76278772950172435 4.1785123348236093 6.7951462268829355 4.2835628986358651 4.3372693061828622 3.1984648704528813 3.2384861707687382
decision_type=2 2 2 2 2 2 2 2 2 2 2 2 2 2
left_child=-1 2 3 4 -2 -6 7 8 9 -7 -10 -12 -13 -14
right_child=1 -3 -4 -5 5 6 -8 -9 10 -11 11 12 13 -15
leaf_value=-0.056352208360453564 -0.019139959004596984 -0.01551795052072903 0.02474044019690504 0.018768302638845987 0.03698506361526524 -0.017021073437680202 -0.025156729482133124 0.040353265198732356 -0.064355435444451062 0.038548181065389819 0.043703830430220754 -0.053913958401329447 0.029188025499331489 -0.0079372154410667899
leaf_weight=431.90913312218618 3634.1244244626723 3090.3213713439181 2578.4004841707647 2888.0692873541266 955.84192793769762 754.16513269394636 2013.0911286026239 1251.2328699771315 433.19048745185137 1770.8800331614912 645.75573896057904 513.11391028761864 1040.7988006621599 8035.1469303872436
leaf_count=4970 15215 32991 20962 22662 131708 3356 10413 10512 2678 7256 8122 1064 2315 27076
internal_value=0.000192448 0.00103616 0.00297075 0.00061629 -0.00188222 0.00172838 -0.000340544 0.00313308 -0.000424778 0.0219494 -0.0057362 -0.00319473 -0.00639526 -0.00365238
internal_weight=30036 29604.1 26513.8 23935.4 21047.3 17413.2 16457.4 14444.3 13193.1 2525.05 10668 10234.8 9589.06 9075.95
internal_count=301300 296330 263339 242377 219715 204500 72792 62379 51867 10612 41255 38577 30455 29391
is_linear=0
shrinkage=0.05


Tree=55
num_leaves=15
num_cat=0
split_feature=36 15 46 37 22 32 22 31 26 28 48 42 31 25
split_gain=544.806 372.078 361.948 309.508 506.185 313.19 386.479 1033.34 916.658 746.885 538.045 381.837 364.758 309.279
threshold=0.093841642141342177 0.013684903271496298 0.97948163747787487 3.1984648704528813 6.7996129989624032 1.0000000180025095e-35 6.7996129989624032 0.75882840156555187 0.66295734047889721 2.8029010295867924 0.71992215514183056 1.0000000180025095e-35 0.91861233115196239 0.010814144276082517
decision_type=2 2 2 2 2 2 2 2 2 2 2 2 2 2
left_child=-1 2 3 5 -5 -2 8 9 -7 -8 -9 -11 -12 -10
right_child=1 -3 -4 4 -6 6 7 10 13 11 12 -13 -14 -15
leaf_value=-0.051453127736389132 -0.035721674045595397 0.0089765119281629661 -0.06033164822898697 -0.0028820815816904544 0.044278107095494311 -0.021934074806730781 0.04688551014918739 -0.040702978977318727 0.0043926198344405778 9.7595771325218204e-05 -0.0048148599728904534 -0.091500239175191039 -0.04899399380090428 0.028558636628869739
leaf_weight=492.11968326393981 759.16577625274658 9863.7365916370181 260.93427116051316 1541.777750633657 890.73639637976885 2187.7197327270405 1162.409383431077 2071.2009127736092 2655.138017217163 582.48634304106236 4018.7378509044647 131.38656532764435 519.14763002097607 2639.3686558074551
leaf_count=5115 1270 112062 5975 17928 4650 17830 2988 1963 37695 919 5219 94 501 87091
internal_value=0.000188181 0.00107329 -0.0029434 -0.00213075 0.0144976 -0.00455617 -0.003053 -0.010352 0.00522733 0.0223137 -0.0196453 -0.0177919 -0.0099657 0.0164708
internal_weight=29776.1 29283.9 19420.2 19159.3 2432.51 16726.8 15967.6 8485.37 7482.23 1876.28 6609.09 713.873 4537.89 5294.51
internal_count=301300 296185 184123 178148 22578 155570 154300 11684 142616 4001 7683 1013 5720 124786
is_linear=0
shrinkage=0.05


Tree=56
num_leaves=15
num_cat=0
split_feature=48 34 47 15 28 27 33 32 22 23 23 22 38 23
split_gain=516.357 347.587 485.833 404.443 382.073 1005.07 348.103 347.05 651.243 822.806 870.536 775.213 1059.53 642.162
threshold=1.0000000180025095e-35 0.67862394452095043 6.148386001586915 0.040478009730577476 1.8688347935676577 5.4617087841033944 0.89587974548339855 4.1190040111541757 6.7929053306579599 5.0657496452331552 2.9700856208801274 6.7996129989624032 0.89587974548339855 6.1622610092163095
decision_type=2 2 2 2 2 2 2 2 2 2 2 2 2 2
left_child=-1 2 3 7 -4 -6 -3 8 -2 10 -10 -11 13 -13
right_child=1 6 4 -5 5 -7 -8 -9 9 11 -12 12 -14 -15
leaf_value=-0.055541585205755473 -0.017217365634314575 0.00095732961661098692 0.048920829604876974 0.021506474834387956 -0.071302416638617874 0.018742914938185511 -0.048993470218620411 -0.0123298559738021 0.010319294756604321 0.051154333299628388 -0.024790305658517958 0.050372685322180012 -0.054433784524311093 -0.022477421454764515
leaf_weight=400.02581375255249 3530.1506154816598 714.98021921142936 776.64704898744822 1872.2756356969476 331.42100521922112 3362.1374036325142 670.30435559432954 6471.8485760495532 5071.3953346014023 1721.7548170499504 2695.6505158245564 965.93325202167034 531.3663609623909 431.43935519456863
leaf_count=4970 49902 7439 2374 19534 335 33227 2040 145604 14097 12441 4189 4169 601 378
internal_value=0.000177975 0.000961472 0.00218459 -0.000715506 0.0172633 0.0104925 -0.0233905 -0.00266705 0.00152206 0.00732604 -0.00188214 0.0268696 0.00503902 0.0278803
internal_weight=29547.3 29147.3 27762 23291.8 4470.21 3693.56 1385.28 21419.5 14947.7 11417.5 7767.05 3650.49 1928.74 1397.37
internal_count=301300 296330 286851 250915 35936 33562 9479 231381 85777 35875 18286 17589 5148 4547
is_linear=0
shrinkage=0.05


Tree=57
num_leaves=15
num_cat=0
split_feature=18 37 0 42 36 36 36 22 47 22 22 27 46 31
split_gain=490.39 347.731 340.606 314.017 294.051 415.65 954.997 388.401 911.026 643.471 735.995 423.739 340.896 388.181
threshold=4.686739683151246 4.3036997318267831 0.0083683477714657801 2.79174816608429 0.95080643892288219 0.85599079728126537 0.76278772950172435 6.7984981536865243 4.3372693061828622 6.7929053306579599 6.787281036376954 3.4652473926544194 0.50193798542022716 0.98577681183815014
decision_type=2 2 2 2 2 2 2 2 2 2 2 2 2 2
left_child=-1 2 4 -4 5 6 7 9 -9 10 12 -12 -2 -14
right_child=1 -3 3 -5 -6 -7 -8 8 -10 -11 11 -13 13 -15
leaf_value=-0.054586326470905749 -0.053471524678066262 0.039255384774418353 0.01000467291980156 0.08483563799837103 0.033261852552636133 -0.022446909528933797 0.038448713076957568 0.022673625337031735 -0.01476737249780781 0.026294937278840982 0.0043511024826777536 -0.062338260806265158 0.01594146508573047 -0.05747868968132426
leaf_weight=393.22118071198929 210.25040433765389 570.18810419365764 4664.039188046474 134.81508102267981 556.64457062631845 2489.9225726176519 1427.5544226847123 1911.1225211322308 10544.515518814325 2443.4895650222898 347.49403025209904 738.74513953179121 2691.2626675133361 183.14529787749052
leaf_count=5376 6802 5006 51587 118 3084 27945 13561 4041 16525 19255 1534 5032 137073 4361
internal_value=0.000173658 0.000937013 0.000152573 0.012279 -0.00232324 -0.00319902 -0.000851097 -0.00381163 -0.00900906 0.00597453 -0.00596445 -0.0411589 0.00652195 0.0110804
internal_weight=29306.4 28913.2 28343 4798.85 23544.1 22987.5 20497.6 19070 12455.6 6614.39 4170.9 1086.24 3084.66 2874.41
internal_count=301300 295924 290918 51705 239213 236129 208184 194623 20566 174057 154802 6566 148236 141434
is_linear=0
shrinkage=0.05


Tree=58
num_leaves=15
num_cat=0
split_feature=36 34 24 46 22 47 37 27 27 47 46 37 36 28
split_gain=467.633 314.248 447.147 443.085 439.615 624.692 857.283 562.131 515.792 711.247 467.526 421.54 439.757 980.441
threshold=0.093841642141342177 0.67862394452095043 0.58974027633667003 0.95879089832305919 6.7929053306579599 4.3372693061828622 2.3502402305603032 3.5549397468566899 6.3270399570465097 4.2696731090545663 0.5795971453189851 3.1567740440368657 0.68210527300834667 3.4498615264892583
decision_type=2 2 2 2 2 2 2 2 2 2 2 2 2 2
left_child=-1 2 4 -4 8 6 -6 -8 9 -2 -11 12 -7 -14
right_child=1 -3 3 -5 5 11 7 -9 -10 10 -12 -13 13 -15
leaf_value=-0.050180475142608663 -0.0239193743733183 -0.022436595236295435 0.021382987950095141 -0.052281138058798193 0.046646276538988049 -0.010077119131846278 -0.0089097842243652439 0.045327123773298374 -0.058850458542334096 -0.073297924100053716 0.02365552424575184 0.021571857858309895 -0.017727851265917693 0.04909524858290748
leaf_weight=443.97331989824306 2733.9381313361228 1356.1911346809939 3823.2578505882993 206.24385809898376 1732.8797431066632 9787.8794401213527 2309.2814282774925 591.69858293235302 549.03681534156203 124.64869945682585 1665.2711267403793 1616.8633311353624 1124.0930076241493 1055.64277837798
leaf_count=5115 33018 9420 104171 4478 12225 16074 4000 3198 6411 6252 83444 9087 1628 2779
internal_value=0.000169432 0.000966165 0.00213565 0.0174925 -0.000527528 0.00309852 0.0189299 0.00227036 -0.0135303 -0.00791232 0.016534 -0.00231175 -0.00555381 0.0147109
internal_weight=29120.9 28676.9 27320.7 4029.5 23291.2 18218.3 4633.86 2900.98 5072.89 4523.86 1789.92 13584.5 11967.6 2179.74
internal_count=301300 296185 286765 108649 178116 48991 19423 7198 129125 122714 89696 29568 20481 4407
is_linear=0
shrinkage=0.05


Tree=59
num_leaves=15
num_cat=0
split_feature=48 15 31 47 32 36 27 23 22 22 41 22 29 33
split_gain=444.698 309.188 293.75 228.577 329.457 570.55 478.308 528.153 519.633 540.101 521.637 514.065 439.892 371.625
threshold=1.0000000180025095e-35 0.010152545757591726 0.98850545287132274 4.9927642345428476 4.1190040111541757 0.5032467544078828 6.3569750785827646 5.059420347213746 6.7929053306579599 6.7804884910583505 0.82971012592315685 6.7996129989624032 0.20569279789924624 1.7005987167358401
decision_type=2 2 2 2 2 2 2 2 2 2 2 2 2 2
left_child=-1 2 3 4 6 -6 7 13 9 -9 -10 -12 -11 -2
right_child=1 -3 -4 -5 5 -7 -8 8 10 12 11 -13 -14 -15
leaf_value=-0.054553886948438282 0.00426312902525327 0.0070484603877523193 -0.063947639839853646 0.0097565894764008905 -0.03161947557969249 0.010083770972508696 -0.053921456580463045 0.034484991804229613 0.050331073824451379 -0.061084020788975346 0.046725476561417546 -0.048344226263136877 0.0081468453927475027 -0.020610857482538422
leaf_weight=356.56090405606665 3222.4134162571281 11836.621578037972 188.69485351443291 2969.8237512989435 2527.5188465993851 1205.9582113418728 395.02270436286926 524.52223779633641 1393.3724779188633 480.20494089461863 243.54298976063728 314.0203440785408 427.41774734482169 2797.3522054385394
leaf_count=4970 11612 136632 4587 74068 9393 14014 334 15042 9649 4042 1049 384 4703 10821
internal_value=0.000167645 0.000870503 -0.00351256 -0.00278316 -0.00554053 -0.0181579 -0.000719078 0.00157092 0.0173496 -0.00551062 0.0340733 -0.00672629 -0.0287483 -0.00731069
internal_weight=28883 28526.5 16689.9 16501.2 13531.3 3733.48 9797.87 9402.85 3383.08 1432.14 1950.94 557.563 907.623 6019.77
internal_count=301300 296330 159698 155111 81043 23407 57636 57302 34869 23787 11082 1433 8745 22433
is_linear=0
shrinkage=0.05


Tree=60
num_leaves=15
num_cat=0
split_feature=18 37 15 31 31 22 36 31 43 37 37 32 32 23
split_gain=423.014 327.888 295.502 270.965 353.229 369.028 544.313 366.392 492.353 402.337 402.089 429.26 634.535 481.132
threshold=5.6039605140686044 4.3036997318267831 0.029081556014716629 0.90427875518798839 0.89756566286087047 6.7996129989624032 0.66450217366218578 0.81983605027198803 6.0879099369049081 1.0000000180025095e-35 2.6735538244247441 1.0000000180025095e-35 2.7403194904327397 2.6735538244247441
decision_type=2 2 2 2 2 2 2 2 2 2 2 2 2 2
left_child=-1 2 3 4 7 -6 -7 8 10 -9 11 -2 13 -13
right_child=1 -3 -4 -5 5 6 -8 9 -10 -11 -12 12 -14 -15
leaf_value=-0.037760106080872061 -0.038335873464875152 0.039842905684088221 0.01308990193560427 -0.017256807813961571 0.043632635457812263 -0.031671523458003822 0.039669606776728233 0.010701790033013709 0.04939735307705076 -0.021399449042800639 0.018273782080579348 -0.010415645368371711 -0.0060887708418983517 0.050300849782090921
leaf_weight=707.14216070796829 821.25532451272011 526.47193051502109 3907.3868432466406 2503.4833547249436 899.71554299909621 587.87201255559921 473.65920194983482 1297.6007000990212 522.60236187279224 3866.8508003335446 2534.1972138235578 490.2585417330265 8617.5814425046556 948.07800011336803
leaf_count=7327 1259 4979 44444 27370 14759 615 1518 16753 1328 17750 17017 3217 138259 4705
internal_value=0.000158768 0.00112965 0.000373488 -0.00173988 0.000112016 0.0202635 0.000234294 -0.00196689 0.00225077 -0.0133287 0.000378163 -0.00380417 -0.000948721 0.0296765
internal_weight=28704.2 27997 27470.5 23563.2 21059.7 1961.25 1061.53 19098.4 13934 5164.45 13411.4 10877.2 10055.9 1438.34
internal_count=301300 293973 288994 244550 217180 16892 2133 200288 165785 34503 164457 147440 146181 7922
is_linear=0
shrinkage=0.05


Tree=61
num_leaves=15
num_cat=0
split_feature=36 34 24 46 33 0 37 42 37 36 36 36 36 22
split_gain=407.241 283.198 398.59 418.676 314.612 281.449 279.109 277.93 240.119 220.747 225.543 315.077 863.321 383.97
threshold=0.093841642141342177 0.67862394452095043 0.86455860733985912 0.95879089832305919 0.89587974548339855 0.0083683477714657801 1.4978661537170412 2.79174816608429 4.3036997318267831 0.20344828069210055 0.95080643892288219 0.85599079728126537 0.76278772950172435 6.7804884910583505
decision_type=2 2 2 2 2 2 2 2 2 2 2 2 2 2
left_child=-1 2 5 -4 -3 8 -6 -7 9 -2 11 12 13 -11
right_child=1 4 3 -5 6 7 -8 -9 -10 10 -12 -13 -14 -15
leaf_value=-0.048986750191155198 0.029423534735772462 0.002164770709684911 0.031827237293914699 -0.060943922927729099 -0.061326879251746347 0.0096288083791382442 0.02155580042063264 0.07984700872188831 0.038314792451894127 0.021917278484899234 0.030998805100717522 -0.021219631819849122 0.03829853474117411 -0.0073777956280855553
leaf_weight=405.39075482171029 510.12112276116386 689.89739698264748 1625.3076993813738 122.23273740336299 533.05531811807305 4152.0470191115746 119.57722246274352 136.17384482175112 352.59454865008593 1201.8789659767644 450.90686654299498 2423.9370617191307 1223.7724984314991 14562.974152818322
leaf_count=5115 2080 7380 20532 2907 1258 46747 782 118 3463 115452 2607 27413 12660 52786
internal_value=0.000158646 0.000884712 0.00201214 0.0250285 -0.0214381 0.000394826 -0.0460447 0.0120392 -0.00201902 -0.00273551 -0.00357579 -0.00439442 -0.00198273 -0.00513192
internal_weight=28509.9 28104.5 26761.9 1747.54 1342.53 25014.4 652.633 4288.22 20726.2 20373.6 19863.5 19412.6 16988.6 15764.9
internal_count=301300 296185 286765 23439 9420 263326 2040 46865 216461 212998 210918 208311 180898 168238
is_linear=0
shrinkage=0.05


Tree=62
num_leaves=15
num_cat=0
split_feature=18 37 2 36 36 36 22 47 37 23 31 47 47 27
split_gain=390.562 279.96 280.266 266.367 383.009 907.666 400.516 513.621 523.581 461.082 576.076 457.05 501.638 447.014
threshold=4.686739683151246 4.3036997318267831 0.013245614245533945 0.95080643892288219 0.83780819177627575 0.76278772950172435 6.7804884910583505 4.1785123348236093 1.4978661537170412 5.0530509948730478 0.9807192087173463 4.2835628986358651 4.3372693061828622 3.5549397468566899
decision_type=2 2 2 2 2 2 2 2 2 2 2 2 2 2
left_child=-1 2 3 4 5 6 9 8 -8 -2 -11 -9 -13 -10
right_child=1 -3 -4 -5 -6 -7 7 11 13 10 -12 12 -14 -15
leaf_value=-0.053289868094483044 -0.049110047833330832 0.037368428621337546 0.023479918965088942 0.032041715388403745 -0.018856733760254998 0.038514715914366164 0.047820061997106006 -0.057624855432341575 -0.0081383505101748198 0.04286772049779268 -0.039158864393256061 0.039892377331336236 -0.0081929633255877054 0.044595876411161563
leaf_weight=327.76092693395913 200.88060418877285 503.77720448374748 1216.5001034112647 587.15785465016961 2889.186817890266 1454.6309008171083 827.29941025748849 439.63212541490793 2041.727916136384 1318.5728188031353 247.01700181514025 552.54421265050769 15265.384959578514 489.76965770870447
leaf_count=5376 9294 5006 13187 3580 33178 15122 5305 2794 4912 134747 6279 5774 54677 2069
internal_value=0.000155607 0.000799245 0.000116739 -0.000971861 -0.00173749 0.000435591 -0.00217165 -0.00422848 0.0135448 0.0205644 0.0297593 -0.0079065 -0.00648913 0.00219948
internal_weight=28361.8 28034.1 27530.3 26313.8 25726.6 22837.5 21382.8 19616.4 3358.8 1766.47 1565.59 16257.6 15817.9 2531.5
internal_count=301300 295924 290918 277731 274151 240973 225851 75531 12286 150320 141026 63245 60451 6981
is_linear=0
shrinkage=0.05


Tree=63
num_leaves=15
num_cat=0
split_feature=48 43 47 47 42 31 26 2 32 32 36 33 22 37
split_gain=372.383 253.745 412.705 368.448 365.642 333.41 570.394 301.032 274.45 496.454 724.956 586.423 492.153 714.193
threshold=1.0000000180025095e-35 6.1279597282409677 4.9927642345428476 4.8597824573516855 1.2424533367156985 0.79426440596580516 0.85469210147857677 0.013245614245533945 4.4642539024353036 4.1190040111541757 0.7379862666130067 3.5114340782165532 6.7929053306579599 1.8688347935676577
decision_type=2 2 2 2 2 2 2 2 2 2 2 2 2 2
left_child=-1 2 3 7 -5 -4 -7 8 9 12 -11 -12 -2 -14
right_child=1 -3 5 4 -6 6 -8 -9 -10 10 11 -13 13 -15
leaf_value=-0.053439176456816943 -0.01339518954464781 -0.024663980430449008 0.039736106893978135 -0.042136458166508454 0.031646204702781643 -0.058113021603787486 0.013718961171843517 0.028032743247210667 0.028969921175162408 -0.029219686746570724 0.045807491193970061 -0.02517935460015186 0.019514307448619487 -0.0056971251176813099
leaf_weight=310.40886450302787 3776.9766853088513 937.12655441276729 1052.1596438536653 923.7387835457921 197.01224698126316 290.91043778555468 3395.9407228711061 924.84949639532715 726.43045775592327 3205.2612028149888 692.40383462142199 488.20460954681039 5856.1051487401128 5383.4426925368607
leaf_count=4970 55104 5799 101227 2072 578 4019 48149 5707 12829 6393 9653 7559 21972 15269
internal_value=0.000156577 0.000772896 0.00166744 -0.00119688 -0.0290013 0.0150442 0.00790921 0.000296305 -0.000991374 -0.00212748 -0.0169063 0.0164881 0.00219735 0.00744438
internal_weight=28161 27850.6 26913.4 22174.4 1120.75 4739.01 3686.85 21053.7 20128.8 19402.4 4385.87 1180.61 15016.5 11239.5
internal_count=301300 296330 290531 137136 2650 153395 52168 134486 128779 115950 23605 17212 92345 37241
is_linear=0
shrinkage=0.05


Tree=64
num_leaves=15
num_cat=0
split_feature=18 37 36 36 36 27 33 22 47 27 27 47 22 32
split_gain=353.028 258.321 255.921 366.589 831.312 385.437 744.911 1148.42 426.648 582.473 546.109 461.621 769.623 455.892
threshold=4.686739683151246 4.3036997318267831 0.95080643892288219 0.83780819177627575 0.76278772950172435 6.3587081432342538 0.89587974548339855 6.8007264137268075 6.148386001586915 5.4617087841033944 5.4574534893035898 4.3372693061828622 6.7929053306579599 3.4334666728973393
decision_type=2 2 2 2 2 2 2 2 2 2 2 2 2 2
left_child=-1 2 3 4 5 8 7 -7 11 10 -10 12 13 -2
right_child=1 -3 -4 -5 -6 6 -8 -9 9 -11 -12 -13 -14 -15
leaf_value=-0.052649276024674702 0.018442499618880039 0.03661077921092061 0.032146735761943483 -0.017016730143600185 0.037830380551903686 -0.078220020415271943 -0.063904513406415273 0.051492569438040529 0.033212286842863793 0.029793237134689232 -0.069345477543816966 -0.0068414157856069857 0.025090333101210352 -0.039462465198976913
leaf_weight=303.03037363046315 524.40668260958046 483.19138216972351 598.95166874304414 3016.8407729254104 1463.510623813374 246.24003487825394 671.12360052019358 501.14886942505836 209.30233018100262 2277.9960530363023 312.60066771507263 13212.864303854993 3209.9013919346035 931.78789898380637
leaf_count=5376 6819 5006 3754 34922 15764 318 479 727 621 32424 329 171397 15490 7874
internal_value=0.000151335 0.000748616 9.77682e-05 -0.000636302 0.00146745 -0.000956891 -0.0260758 0.00828804 0.000777967 0.0188902 -0.0283649 -0.00206743 0.0114367 -0.0186261
internal_weight=27962.9 27659.9 27176.7 26577.7 23560.9 22097.4 1418.51 747.389 20678.9 2799.9 521.903 17879 4666.1 1456.19
internal_count=301300 295924 290918 287164 252242 236478 1524 1045 234954 33374 950 201580 30183 14693
is_linear=0
shrinkage=0.05


Tree=65
num_leaves=15
num_cat=0
split_feature=48 34 24 46 33 0 42 37 37 31 31 32 31 23
split_gain=339.296 245.311 346.576 373.489 279.514 244.951 260.854 242.233 196.605 181.117 679.415 384.457 308.068 332.112
threshold=1.0000000180025095e-35 0.67862394452095043 0.86455860733985912 0.95879089832305919 0.89587974548339855 0.0083683477714657801 2.79174816608429 1.4978661537170412 4.3036997318267831 0.75882840156555187 0.68469786643981945 3.3140207529067998 0.31414473056793218 5.0205800533294687
decision_type=2 2 2 2 2 2 2 2 2 2 2 2 2 2
left_child=-1 2 5 -4 -3 8 -7 -6 9 10 12 -12 -2 -14
right_child=1 4 3 -5 7 6 -8 -9 -10 -11 11 -13 13 -15
leaf_value=-0.052927032099704757 0.013760547559905365 0.0016357741452148738 0.030204699013082977 -0.059216899362902253 -0.059003178853298456 0.0088542247673504808 0.076795966330762841 0.019747483183986499 0.03649407351430816 -0.00663474355458418 0.049633012233399498 0.0095276211025216891 -0.019855503787091153 0.016008133846246688
leaf_weight=287.88789927423932 1388.8411130052991 692.98462249990553 1564.7804037518799 116.9356934837997 506.41638184525073 4068.8164268828696 136.63632733374834 115.19669887330383 316.2579116076231 11697.443887789268 938.71268645115197 1631.4385368486401 3495.6343993374612 783.27965023671277
leaf_count=4970 7206 7439 20573 2911 1258 46755 118 782 3463 74798 3968 76094 25506 25459
internal_value=0.000148074 0.000723712 0.00178683 0.0236736 -0.0202688 0.000272796 0.0112386 -0.0443276 -0.00200879 -0.0026376 0.00303933 0.0243112 -0.00663262 -0.0132684
internal_weight=27741.3 27453.4 26138.8 1681.72 1314.6 24457.1 4205.45 621.613 20251.6 19935.4 8237.91 2570.15 5667.76 4278.91
internal_count=301300 296330 286851 23484 9479 263367 46873 2040 216494 213031 138233 80062 58171 50965
is_linear=0
shrinkage=0.05


Tree=66
num_leaves=15
num_cat=0
split_feature=36 0 26 47 27 36 36 22 27 28 28 22 32 37
split_gain=323.817 228.883 240.025 260.138 388.992 660.9 382.307 711.798 319.55 405.683 269.062 402.283 343.855 728.459
threshold=0.093841642141342177 0.0065147271379828462 0.9571523666381837 4.9927642345428476 6.3587081432342538 0.60656467080116283 0.59870129823684703 6.8007264137268075 5.4617087841033944 1.8688347935676577 1.0000000180025095e-35 6.7984981536865243 4.1190040111541757 1.0000000180025095e-35
decision_type=2 2 2 2 2 2 2 2 2 2 2 2 2 2
left_child=-1 2 3 10 8 6 7 -6 9 -5 11 -2 13 -12
right_child=1 -3 -4 4 5 -7 -8 -9 -10 -11 12 -13 -14 -15
leaf_value=-0.047221930527474615 0.0067534973906212235 0.0083465075333952737 -0.054449971593372282 0.032101825757691396 -0.074172693960493516 0.048003566891388835 -0.064901006481738271 0.048310740747744996 0.029803488433067328 -0.065040507309244891 0.027731167217164284 -0.05261061481089771 -0.014159410178344442 -0.0043549127771188119
leaf_weight=346.17523257085122 493.66319132968783 7280.7344615581678 205.80033040046692 200.51998187601566 189.63418486714363 328.73945205006748 467.89965581893921 282.28350140154362 2077.5414458481828 210.98821693658829 2240.7793652247638 659.8075715303421 4371.314882309176 8254.3465102678165
leaf_count=5115 2297 82620 5205 1072 227 1155 361 486 103972 240 18328 1077 29068 50077
internal_value=0.000144565 0.000763077 -0.00200267 -0.00142967 0.0103935 -0.012078 -0.0333781 -0.0014255 0.0218487 -0.0180663 -0.00420764 -0.0273642 -0.00239376 0.00251556
internal_weight=27610.2 27264.1 19983.3 19777.5 3757.61 1268.56 939.817 471.918 2489.05 411.508 16019.9 1153.47 14866.4 10495.1
internal_count=301300 296185 213565 208360 107513 2229 1074 713 105284 1312 100847 3374 97473 68405
is_linear=0
shrinkage=0.05


Tree=67
num_leaves=15
num_cat=0
split_feature=18 37 36 36 36 22 46 31 47 37 27 47 47 22
split_gain=310.126 240.11 228.106 315.791 752.618 380.626 482.131 466.149 441.852 439.359 398.319 360.535 486.844 270.533
threshold=5.6039605140686044 4.3036997318267831 0.95080643892288219 0.83780819177627575 0.76278772950172435 6.7804884910583505 0.50193798542022716 0.9807192087173463 4.1785123348236093 1.4978661537170412 3.5549397468566899 4.2835628986358651 4.3372693061828622 6.7469911575317392
decision_type=2 2 2 2 2 2 2 2 2 2 2 2 2 2
left_child=-1 2 3 4 5 6 -2 -8 9 -7 -11 -10 -13 -5
right_child=1 -3 -4 13 -6 8 7 -9 11 10 -12 12 -14 -15
leaf_value=-0.034423023673156167 -0.059890060862994088 0.037120239209157142 0.031220249501619654 0.03317842781302098 0.03713660240454017 0.047254741592990583 0.041907790625639735 -0.031218618248543474 -0.049958252677517447 -0.0052711175004930746 0.045510984510486033 0.042560935200276866 -0.0063950162276100279 -0.020173149092874359
leaf_weight=624.17213868844556 155.08621123433113 441.18424579873681 574.54670169949532 251.07581895729527 1391.6376517704921 753.01283517479897 1324.736147035961 252.85845236107707 444.4681636095047 2104.1233235448599 462.5273903645575 515.24314473196864 15395.93597988598 2743.1370457503945
leaf_count=7327 6208 4979 3751 12189 15678 5466 143652 6604 2881 5068 2124 5961 56779 22633
internal_value=0.000135974 0.000953101 0.000334126 -0.000365682 0.00164147 -0.000682169 0.0217152 0.0300642 -0.0026646 0.0139406 0.00402126 -0.00604136 -0.00478397 -0.0156039
internal_weight=27433.7 26809.6 26368.4 25793.8 22799.6 21408 1732.68 1577.59 19675.3 3319.66 2566.65 16355.6 15911.2 2994.21
internal_count=301300 293973 288994 285243 250421 234743 156464 150256 78279 12658 7192 65621 62740 34822
is_linear=0
shrinkage=0.05


Tree=68
num_leaves=15
num_cat=0
split_feature=48 15 26 47 31 31 27 36 36 22 47 42 32 32
split_gain=299.324 221.476 250.529 246.324 390.307 608.78 412.829 712.425 428.525 736.566 266.144 295.434 248.999 417.474
threshold=1.0000000180025095e-35 0.040478009730577476 0.9571523666381837 4.9927642345428476 0.79426440596580516 0.88473191857337963 6.3587081432342538 0.60656467080116283 0.59870129823684703 6.8007264137268075 4.8597824573516855 1.2424533367156985 4.4642539024353036 4.1190040111541757
decision_type=2 2 2 2 2 2 2 2 2 2 2 2 2 2
left_child=-1 2 3 10 -5 -6 -7 8 9 -8 12 -12 13 -2
right_child=1 -3 -4 4 5 6 7 -9 -10 -11 11 -13 -14 -15
leaf_value=-0.052029773788544488 0.0016769971714086229 0.016083772724207343 -0.0511764886088013 0.037891751840301011 -0.050368014636177898 0.026055955136196036 -0.064232917920735169 0.047183827298406561 -0.063409538710529054 0.051950324432585231 -0.039975364517162042 0.030091094232800788 0.028037476563428695 -0.016488353848544374
leaf_weight=262.21241572749568 14148.644707134925 2133.9502346665831 233.0841561127454 986.92900459351949 463.03245767834596 1822.5127483215183 235.46310210973024 390.04960619844496 511.74252682924271 297.06911131739616 828.82726828753948 175.60438276827335 688.50599056202918 4062.9414124190807
leaf_count=4970 88978 22587 5962 93721 9093 35916 283 1447 408 583 1920 522 12563 22347
internal_value=0.000138706 0.000664841 -0.000665469 -0.000166508 0.0101076 0.00265428 0.0103237 -0.00970838 -0.0312043 0.000341968 -0.00259987 -0.0275498 -0.00126005 -0.00238245
internal_weight=27240.6 26978.4 24844.4 24611.3 4706.8 3719.87 3256.84 1434.32 1044.27 532.532 19904.5 1004.43 18900.1 18211.6
internal_count=301300 296330 273743 267781 141451 47730 38637 2721 1274 866 126330 2442 123888 111325
is_linear=0
shrinkage=0.05


Tree=69
num_leaves=15
num_cat=0
split_feature=27 23 48 31 31 22 22 37 48 22 32 31 29 28
split_gain=287.668 411.324 384.266 345.094 630.378 331.144 327.603 657.883 512.57 488.373 682.616 938.724 1071.75 654.566
threshold=3.113268375396729 2.3502402305603032 0.21447908133268359 0.75599926710128795 0.73157078027725231 6.7900948524475107 6.7996129989624032 3.1984648704528813 0.67124816775321972 6.7929053306579599 4.1190040111541757 0.8981662690639497 0.8738573193550111 6.0969495773315439
decision_type=2 2 2 2 2 2 2 2 2 2 2 2 2 2
left_child=5 -2 -3 4 -4 -1 9 8 -8 -5 -11 12 -12 -14
right_child=1 2 3 6 -6 -7 7 -9 -10 10 11 -13 13 -15
leaf_value=-0.045878584794081058 0.038485879050440847 -0.029126936261220638 0.0025230141695973198 -0.0056857732382605379 0.03874705555853282 -0.0049172927310517601 -0.034629962724676493 0.045390639079313261 -0.0049750806675206245 0.050439073610906916 -0.010423837331650891 0.043748553169985355 -0.044131528817445226 -0.29604186027045837
leaf_weight=667.1740426280885 730.15496456809342 1027.2339721962344 4562.7873551393859 3727.1753565680701 1620.842888422776 1829.072366386652 1806.023260936141 541.79959326609969 7397.5944570302963 1204.8124433271587 1051.554480638355 808.18943193554878 55.930372562259436 45.539792377501726
leaf_count=11728 4045 5481 142466 84884 12901 5218 1684 3480 9943 8000 3926 6695 558 291
internal_value=0.000132823 0.00177752 0.000638034 0.00198993 0.0120652 -0.0160044 -0.00175948 -0.00765684 -0.0108255 0.00657705 0.0209858 0.00272797 -0.0261535 -0.173604
internal_weight=27075.9 24579.6 23849.5 22822.2 6183.63 2496.25 16638.6 9745.42 9203.62 6893.2 3166.03 1961.21 1153.02 101.47
internal_count=301300 284354 280309 274828 155367 16946 119461 15107 11627 104354 19470 11470 4775 849
is_linear=0
shrinkage=0.05


Tree=70
num_leaves=15
num_cat=0
split_feature=18 2 26 48 27 31 28 47 27 37 36 28 22 32
split_gain=275.214 216.327 209.346 231.167 334.408 376.265 542.704 304.62 535.223 441.798 406.234 523.107 404.38 353.533
threshold=4.686739683151246 0.013072453904896976 0.9571523666381837 0.71992215514183056 3.1984648704528813 0.77388921380043041 2.9700856208801274 4.3372693061828622 3.5549397468566899 1.4978661537170412 0.59870129823684703 3.8815106153488164 6.8007264137268075 4.1190040111541757
decision_type=2 2 2 2 2 2 2 2 2 2 2 2 2 2
left_child=-1 2 3 7 -5 6 -6 8 9 -2 11 13 -11 -9
right_child=1 -3 -4 4 5 -7 -8 10 -10 12 -12 -13 -14 -15
leaf_value=-0.051305291532212076 0.045991858397548629 0.020745726758004932 -0.046093988967415012 -0.031869226754531882 0.040129717438315601 0.0004318496296525406 0.003231303478940717 -0.0067152348075194311 0.035224572710786738 -0.021448263483505189 -0.034108037247172387 0.020049327317553881 0.027788406399693006 -0.047103484319874475
leaf_weight=247.57430888345698 353.98896311968565 1262.4109062391799 238.00766072608531 613.8112112171948 1673.8000680785626 10351.706912410911 2446.1986904686783 2070.6106236577034 1048.5835091918707 2294.2946264706552 1650.9258719026111 1394.6796437016455 500.12806057929993 725.96808991441503
leaf_count=5376 3599 14289 6105 3832 11791 86833 100996 8129 13676 11423 7634 24185 776 2656
internal_value=0.000130444 0.000627803 -0.000381334 6.98708e-05 0.00398141 0.00552296 0.0182826 -0.00580597 0.00446428 -0.00585957 -0.0131791 -0.00487368 -0.0125685 -0.0173302
internal_weight=26872.7 26625.1 25362.7 25124.7 15085.5 14471.7 4120 10039.2 4197 3148.41 5842.18 4191.26 2794.42 2796.58
internal_count=301300 295924 281635 275530 203452 199620 112787 72078 29474 15798 42604 34970 12199 10785
is_linear=0
shrinkage=0.05


Tree=71
num_leaves=15
num_cat=0
split_feature=36 15 26 46 41 22 44 36 32 36 32 31 32 36
split_gain=262.244 204.278 231.993 195.539 213.979 424.029 303.58 213.568 236.563 269.786 314.376 268.145 321.046 340.283
threshold=0.093841642141342177 0.013684903271496298 0.91368830204010021 0.85973232984542858 0.65833333134651195 6.7996129989624032 0.15937662869691852 0.93492376804351818 1.0000000180025095e-35 0.85599079728126537 2.6735538244247441 0.81983605027198803 4.1190040111541757 0.66894978284835827
decision_type=2 2 2 2 2 2 2 2 2 2 2 2 2 2
left_child=-1 2 3 4 7 -6 -7 8 -2 10 -10 12 -12 -14
right_child=1 -3 -4 -5 5 6 -8 -9 9 -11 11 -13 13 -15
leaf_value=-0.04531494227012961 -0.029244511111977047 0.0067654008003294758 -0.028415451707090519 0.0079548740741349887 0.016497274965024893 -0.047485332795769386 0.0051335371820173678 0.049268418949295428 0.046160426522185924 -0.018150365137366949 0.01534109479718712 -0.015880789746966949 -0.018023637609794793 0.047531346887336803
leaf_weight=303.77947104303166 755.62688676267862 9022.7290135930525 812.9360736431554 4294.9933641643729 579.68749059177935 1054.8714355826378 366.67969334125519 193.03083985042758 402.70998576655984 1720.6294635962695 3622.7439578706399 1719.9151482249144 1638.0172345987521 215.29064778180327
leaf_count=5115 1671 112062 12659 37996 8503 969 259 1386 2367 17426 26300 10239 63281 1067
internal_value=0.000125919 0.000665761 -0.00250342 -0.00121534 -0.00442936 -0.0193432 -0.0339716 -0.00150663 -0.00252735 -0.000332043 0.00372125 0.00128546 0.00669614 -0.0101942
internal_weight=26703.6 26399.9 17377.1 16564.2 12269.2 2001.24 1421.55 10268 10074.9 9319.31 7598.68 7195.97 5476.05 1853.31
internal_count=301300 296185 184123 171464 133468 9731 1228 123737 122351 120680 103254 100887 90648 64348
is_linear=0
shrinkage=0.05


Tree=72
num_leaves=15
num_cat=0
split_feature=18 34 24 46 33 31 47 37 32 24 37 31 41 43
split_gain=250.512 196.367 290.494 293.823 234.216 199.749 496.933 468.548 445.102 693.123 388.285 330.417 532.958 464.304
threshold=4.686739683151246 0.67862394452095043 0.86455860733985912 0.95879089832305919 0.89587974548339855 0.79373261332511913 6.2215831279754648 2.6735538244247441 4.0251922607421884 0.10436066240072252 3.5869791507720952 0.57979625463485729 0.61250001192092907 4.135134458541871
decision_type=2 2 2 2 2 2 2 2 2 2 2 2 2 2
left_child=-1 2 5 -4 -3 6 7 11 9 -7 -9 -2 -13 -14
right_child=1 4 3 -5 -6 8 -8 10 -10 -11 -12 12 13 -15
leaf_value=-0.050643540617265087 -0.01495993702920915 0.0013895559289052633 0.02818170253136424 -0.055178299721285011 -0.041996727289846977 -0.040306767385528158 0.044094958124169414 0.040918827610183395 0.0041219400316396477 6.994233713945233e-05 0.0030229737734614854 0.011214729564906259 -0.041768080213445857 0.021468059230422214
leaf_weight=230.82764592114836 3728.6175441817613 668.69569957349449 1464.5589539855719 104.69781097583473 570.62393720727414 1851.8979207649827 723.83554870542139 1226.593809404294 5540.3676774448249 2476.7307107932866 1494.6939532868564 5085.3852725077886 994.14644249435514 401.04388165473938
leaf_count=5376 27930 7442 20574 2911 2040 8813 2508 5753 55852 10687 13762 131396 2563 3693
internal_value=0.00012036 0.000584417 0.00154709 0.0223059 -0.0187632 0.000153362 0.00406928 0.00179634 -0.00526317 -0.0172573 0.0201914 -0.00312188 0.00370174 -0.0235676
internal_weight=26562.7 26331.9 25092.6 1569.26 1239.32 23523.3 13654.3 12930.5 9869 4328.63 2721.29 10209.2 6480.58 1395.19
internal_count=301300 295924 286442 23485 9482 262957 187605 185097 75352 19500 19515 165582 137652 6256
is_linear=0
shrinkage=0.05


Tree=73
num_leaves=15
num_cat=0
split_feature=18 37 0 22 37 37 48 18 43 34 31 32 22 43
split_gain=239.484 199.09 188.783 187.61 390.259 377.981 255.639 231.258 224.071 204.104 201.261 159.649 269.863 251.292
threshold=5.6039605140686044 4.3036997318267831 0.0065147271379828462 6.8007264137268075 1.2424533367156985 1.4978661537170412 0.87810423970222484 6.6073255538940439 4.1026091575622567 0.18590754270553592 0.82157495617866527 1.0000000180025095e-35 6.7984981536865243 6.0969495773315439
decision_type=2 2 2 2 2 2 2 2 2 2 2 2 2 2
left_child=-1 2 11 -4 6 -6 8 -8 -5 10 -7 12 -2 -14
right_child=1 -3 3 4 5 9 7 -9 -10 -11 -12 -13 13 -15
leaf_value=-0.031685925179828787 0.0086549342860462401 0.035572484050423896 0.0019437339519333024 0.0090883155271744651 -0.050731795046630314 0.024615480192105285 -0.042349454218837124 0.043760961569169123 0.071225338505367303 0.05026379048844784 -0.042554672524639625 -0.0011291790030515151 -0.051018121770176755 0.034987653208706192
leaf_weight=569.04296141886152 484.14069873094559 395.82461541518569 4812.789365186356 197.10577300190926 281.02171516418457 248.79348187148571 145.529993891716 146.35449230670929 575.94293209910393 268.99063001573086 186.09387814998627 17367.245886153425 612.91499391198158 91.145196855068207
leaf_count=7327 2123 4979 78325 350 277 583 113 122 595 463 134 204547 1086 276
internal_value=0.000114919 0.000827937 0.000273098 0.00735247 0.0199805 -0.00272923 0.0408135 0.000846723 0.0557005 0.0168779 -0.00443794 -0.00234772 -0.0200003 -0.0395501
internal_weight=26382.9 25813.9 25418.1 6862.62 2049.83 984.9 1064.93 291.884 773.049 703.878 434.887 18555.4 1188.2 704.06
internal_count=301300 293973 288994 80962 2637 1457 1180 235 945 1180 717 208032 3485 1362
is_linear=0
shrinkage=0.05


Tree=74
num_leaves=15
num_cat=0
split_feature=48 2 26 49 37 36 36 36 22 23 23 48 32 28
split_gain=232.681 184.022 177.906 215.459 185.977 184.057 215.516 741.87 414.404 462.951 376.318 334.227 314.227 284.599
threshold=1.0000000180025095e-35 0.013245614245533945 0.9571523666381837 0.96291711926460277 4.3036997318267831 0.95080643892288219 0.83780819177627575 0.76278772950172435 6.7804884910583505 5.0530509948730478 2.9700856208801274 0.6725100874900819 3.5259279012680058 2.5249279737472539
decision_type=2 2 2 2 2 2 2 2 2 2 2 2 2 2
left_child=-1 2 3 4 5 6 7 8 9 -2 11 12 13 -10
right_child=1 -3 -4 -5 -6 -7 -8 -9 10 -11 -12 -13 -14 -15
leaf_value=-0.050153059222105334 -0.040319596551227521 0.019858171734153135 -0.043151540271505473 0.034261217882874194 0.034436003665047892 0.028483100974849768 -0.014833375084990608 0.037417467973660419 0.00053108816115941598 0.038009685593980817 -0.0083609480148513337 0.034269332420984559 0.046763162942660343 -0.054524394394874644
leaf_weight=218.25680729729356 219.21350824460387 1168.2862794772955 230.58262619376183 441.91096790472511 363.31363236904144 503.50179626047611 2775.2389067900367 1233.8570884779328 2671.4752549864352 1087.7712669448229 13868.176705947146 970.28007654845715 325.76524819433689 247.32458955049515
leaf_count=4970 9673 13395 6120 20291 4509 3580 32827 14500 9359 119446 57814 3157 1214 445
internal_value=0.000110098 0.00054935 -0.000362805 5.38119e-05 -0.000583002 -0.00112946 -0.00177856 -1.55068e-05 -0.00241556 0.0246655 -0.00438545 0.00868402 0.000950996 -0.00430428
internal_weight=26325 26106.7 24938.4 24707.8 24265.9 23902.6 23399.1 20623.9 19390 1306.98 18083 4214.85 3244.57 2918.8
internal_count=301300 296330 282935 276815 256524 252015 248435 215608 201108 129119 71989 14175 11018 9804
is_linear=0
shrinkage=0.05


Tree=75
num_leaves=15
num_cat=0
split_feature=36 34 24 46 33 37 36 18 36 28 41 52 54 43
split_gain=219.079 178.888 262.779 266.788 204.038 199.883 181.168 186.148 176.251 316.61 378.76 271.735 206.828 345.299
threshold=0.093841642141342177 0.67862394452095043 0.86455860733985912 0.96168524026870739 0.89587974548339855 1.4978661537170412 0.17424242943525317 6.4899642467498788 0.45867486298084265 3.8815106153488164 0.65833333134651195 1.0000000180025095e-35 1.0000000180025095e-35 2.8617925643920903
decision_type=2 2 2 2 2 2 2 2 2 2 2 2 2 2
left_child=-1 2 6 -4 -3 -6 7 -2 9 11 -11 -8 -10 -14
right_child=1 4 3 -5 5 -7 8 -9 12 10 -12 -13 13 -15
leaf_value=-0.04351968394023957 -0.033496081673316337 0.0011546309202098389 0.027364716423202873 -0.053981755471339349 -0.054372579722250083 0.018951618771661554 -0.0076587938064489715 0.046188231393080981 0.0030595849929834526 0.033825030308457127 -0.021946230212141402 -0.043799081422816515 0.04419713540474654 -0.022622621432757017
leaf_weight=274.59141698031453 83.123622620943934 644.66940534673631 1406.7394238626584 99.330805465579033 451.81067145802081 110.94691442139447 1277.5470665730536 369.83594164252281 17568.628722764552 682.46527910500299 534.14804180338979 873.50791469402611 210.37216202542186 1598.6122079491615
leaf_count=5115 343 7380 20544 2895 1258 782 3939 1792 233578 5957 2899 3516 1896 9406
internal_value=0.000110673 0.000589642 0.00151112 0.0216789 -0.0181217 -0.0398383 0.000193015 0.0311575 -0.000437047 -0.0109772 0.00935964 -0.0224695 0.00139946 -0.0146517
internal_weight=26186.3 25911.7 24704.3 1506.07 1207.43 562.758 23198.2 452.96 22745.3 3367.67 1216.61 2151.05 19377.6 1808.98
internal_count=301300 296185 286765 23439 9420 2040 263326 2135 261191 16311 8856 7455 244880 11302
is_linear=0
shrinkage=0.05


Tree=76
num_leaves=15
num_cat=0
split_feature=48 15 31 44 42 2 44 31 32 36 27 48 27 47
split_gain=211.441 173.631 180.949 208.679 171.612 182.151 163.882 275.079 211.434 173.31 150.32 149.146 198.474 194.616
threshold=1.0000000180025095e-35 0.010152545757591726 0.96463739871978771 0.24098988622426989 2.79174816608429 0.0085107926279306429 0.061923909932374961 0.79277813434600841 4.0251922607421884 0.25487013161182409 5.4574534893035898 0.71992215514183056 3.1984648704528813 4.3372693061828622
decision_type=2 2 2 2 2 2 2 2 2 2 2 2 2 2
left_child=-1 2 11 -4 6 -6 7 -3 10 -10 -9 13 -13 -2
right_child=1 4 3 -5 5 -7 -8 8 9 -11 -12 12 -14 -15
leaf_value=-0.049224484152483192 0.0025430122925790936 0.0060843134653625515 0.0072986337809063401 -0.059431733674568568 0.0081047426048440931 0.089258391566110096 0.0095640753094228155 -0.025593056766751034 0.062020344745337547 -0.010258336837120054 -0.078111690076783979 -0.033120636437275454 0.0038177885389405115 -0.015858888534716859
leaf_weight=205.44850508344825 2479.9468944724649 2873.7917561470531 191.34662309475243 284.29352692048997 161.60675137117505 113.84448593109846 6152.8332173889503 571.53661055117846 83.797024667263031 706.77013757685199 177.28133869171143 370.32154527679086 8306.0970995483221 3397.802358697867
leaf_count=4970 18138 19045 3981 5391 170 98 107568 2005 225 6368 1153 2743 104888 24557
internal_value=0.000103479 0.00051407 -0.00296415 -0.0329891 0.0053343 0.0435976 0.00429652 -0.00305252 -0.0200387 -0.00191807 -0.0388923 -0.00196093 0.00220489 -0.0081036
internal_weight=26076.7 25871.3 15029.8 475.64 10841.5 275.451 10566 4413.18 1539.39 790.567 748.818 14554.2 8676.42 5877.75
internal_count=301300 296330 159698 9372 136632 268 136364 28796 9751 6593 3158 150326 107631 42695
is_linear=0
shrinkage=0.05


Tree=77
num_leaves=15
num_cat=0
split_feature=18 2 36 36 36 22 46 46 47 37 47 47 27 37
split_gain=199.756 165.336 157.813 212.816 614.384 283.835 371.43 412.248 331.705 399.456 334.637 347.276 323.828 279.305
threshold=4.686739683151246 0.013245614245533945 0.95080643892288219 0.84680575132370006 0.76278772950172435 6.7804884910583505 0.50193798542022716 0.95879089832305919 4.1785123348236093 1.4978661537170412 4.2835628986358651 4.3372693061828622 3.5549397468566899 3.2755402326583867
decision_type=2 2 2 2 2 2 2 2 2 2 2 2 2 2
left_child=-1 2 3 4 5 6 -2 -8 9 -7 -10 -12 -11 -13
right_child=1 -3 -4 -5 -6 8 7 -9 10 12 11 13 -14 -15
leaf_value=-0.048878284501981291 -0.048538081519559115 0.018913003774556417 0.027555248066474903 -0.013974148490047709 0.034441054041549117 0.045819068015047239 0.043676335836860779 -0.01612119400646474 -0.049693463517647481 -0.0059935692935468325 0.036969006142857565 -0.0083636132019632905 0.040718648996097478 0.016899610275462957
leaf_weight=196.55953494081041 173.12966034119017 1152.7231402524048 485.41005576774478 2767.508225799771 1261.8063848088495 661.8175913952291 1032.8244848086033 392.25550700724125 419.36827226728201 2060.718013599515 469.30500183440745 13324.058367839083 442.04150435328484 1182.5899318512529
leaf_count=5376 6918 13397 3580 33314 15595 5305 132273 11948 2794 5189 5774 45013 2615 12209
internal_value=9.60838e-05 0.000487605 -0.00038055 -0.000952341 0.000735846 -0.00138998 0.018762 0.0272193 -0.00313445 0.011585 -0.00616566 -0.00491441 0.00238603 -0.00629392
internal_weight=26022.1 25825.6 24672.8 24187.4 21419.9 20158.1 1598.21 1425.08 18559.9 3164.58 15395.3 14976 2502.76 14506.6
internal_count=301300 295924 282527 278947 245633 230038 151139 144221 78899 13109 65790 62996 7804 57222
is_linear=0
shrinkage=0.05


Tree=78
num_leaves=15
num_cat=0
split_feature=27 23 26 23 22 22 22 44 31 31 28 37 33 23
split_gain=192.369 330.009 292.66 465.937 357.688 550.819 594.492 529.986 459.685 332.107 367.077 466.604 328.768 967.46
threshold=3.113268375396729 2.3502402305603032 0.63752728700637828 2.9174053668975835 6.7984981536865243 6.7929053306579599 6.7804884910583505 0.071549430489540114 0.90490621328353893 0.66060405969619762 1.8688347935676577 3.1567740440368657 1.2424533367156985 5.0530509948730478
decision_type=2 2 2 2 2 2 2 2 2 2 2 2 2 2
left_child=-1 -2 -3 -4 5 6 8 -8 -5 -6 11 -11 -12 -14
right_child=1 2 3 4 9 -7 7 -9 -10 10 12 -13 13 -15
leaf_value=-0.013402565518176358 0.036628300576278666 -0.015072189506851375 0.038424802811153645 0.035609395569800723 -0.044392673139264351 0.035664454139799677 -0.048172260779746019 0.0024088502879891175 -0.0070071319410498897 0.052010406769949384 -0.011034191635038859 -0.0072046438877734452 -0.017435813960676054 0.035080702121398785
leaf_weight=2384.3823513017269 639.16275300923735 2662.9742223684443 855.49663224071264 1528.2700149319135 476.29518726468086 1622.337737435475 838.16953350882977 1327.5877601131797 1070.1445627911016 658.80352045595646 7642.2337504550815 657.69060714170337 1842.4094926901162 1656.1097379550338
leaf_count=16946 4045 17023 4235 157530 1261 19497 8644 19563 26055 1972 11055 1045 2598 9831
internal_value=9.83439e-05 0.00147461 0.000475195 0.00253375 0.000925426 0.0105977 0.00200495 -0.017298 0.0180984 -0.00385519 -0.0022709 0.0225966 -0.00522711 0.0074533
internal_weight=25862.1 23477.7 22838.5 20175.5 19320.1 6386.51 4764.17 2165.76 2598.41 12933.5 12457.2 1316.49 11140.8 3498.52
internal_count=301300 284354 280309 263286 259051 231289 211792 28207 183585 27762 26501 3017 23484 12429
is_linear=0
shrinkage=0.05


Tree=79
num_leaves=15
num_cat=0
split_feature=36 0 22 37 37 48 43 18 28 22 43 46 41 47
split_gain=190.06 162.184 183.936 318.131 393.042 231.877 225.257 217.542 166.371 233.12 220.933 163.571 168.364 515.458
threshold=0.093841642141342177 1.0000000180025095e-35 6.8007264137268075 1.2424533367156985 1.4978661537170412 0.87810423970222484 4.1510088443756112 6.6073255538940439 1.0000000180025095e-35 6.7984981536865243 6.0969495773315439 0.98380130529403698 0.61250001192092907 4.3693678379058847
decision_type=2 2 2 2 2 2 2 2 2 2 2 2 2 2
left_child=-1 8 -3 5 -5 6 -4 -7 9 -2 -11 12 -10 -14
right_child=1 2 3 4 -6 7 -8 -9 11 10 -12 -13 13 -15
leaf_value=-0.042254134990041832 0.006386170421754012 0.0016890001732881397 0.028705700778523455 -0.049905603003852918 0.018191598963287921 -0.040207202207174803 0.083345737037987838 0.040770089070961336 0.001853503968346549 -0.050723772132750471 0.033130231103744266 -0.050159751912828704 -0.027696823137039823 0.019740803648209366
leaf_weight=252.13327747798758 466.54823126085103 5099.0754379285499 471.07287013530731 284.3600857257843 746.3798028677702 153.24022307991982 325.02652119100094 158.60610063374043 14304.042954283883 569.31245392560959 83.830214887857437 155.87798389419913 1720.480897073634 847.30319949798286
leaf_count=5115 2250 85017 556 298 1448 121 441 134 185224 1082 271 4909 5443 8991
internal_value=0.000102879 0.000540055 0.00686308 0.0191339 -0.000894037 0.0376076 0.051771 0.000965222 -0.00198416 -0.0205658 -0.0396239 -0.000750936 -0.000265009 -0.0120278
internal_weight=25637.3 25385.2 7237.76 2138.69 1030.74 1107.95 796.099 311.846 18147.4 1119.69 653.143 17027.7 16871.8 2567.78
internal_count=301300 296185 88015 2998 1746 1252 997 255 208170 3603 1353 204567 199658 14434
is_linear=0
shrinkage=0.05


Tree=80
num_leaves=15
num_cat=0
split_feature=48 34 24 46 31 47 37 37 32 24 32 31 32 23
split_gain=181.148 151.898 225.636 234.656 169.69 424.445 360.029 379.147 329.645 565.236 295.86 238.301 478.684 319.836
threshold=1.0000000180025095e-35 0.68587586283683788 0.86455860733985912 0.96168524026870739 0.79373261332511913 6.1737079620361337 2.6735538244247441 3.5869791507720952 4.0251922607421884 0.038492996245622642 4.1026091575622567 0.57979625463485729 2.7403194904327397 2.3502402305603032
decision_type=2 2 2 2 2 2 2 2 2 2 2 2 2 2
left_child=-1 2 4 -4 5 6 11 -8 9 -6 -10 13 -13 -2
right_child=1 -3 3 -5 8 -7 7 -9 10 -11 -12 12 -14 -15
leaf_value=-0.047668220189727321 0.0091826428284634207 -0.019275639719462351 0.024416490600398588 -0.051733226079241371 -0.047294911433280844 0.041340407441030659 0.039685987316755655 0.0011501064252390162 0.038361918679494386 -0.0050390354534760777 -0.00075763502598625567 0.042228830508047717 -0.0018183420604265265 -0.023086281087274119
leaf_weight=186.9708411465981 1105.0675355670974 928.2793058687821 1491.3439398934133 99.215490648522973 1041.6151695027947 696.90116871427745 1129.5769382624421 1452.4210693836212 526.0004695225507 3210.277184676379 4914.4669774295762 682.82715333253145 5615.753533561714 2473.405021963641
leaf_count=4970 6344 7370 21894 3175 4963 2941 5741 13803 4048 14602 51982 5264 132518 21685
internal_value=9.64396e-05 0.000467138 0.00122462 0.0193729 -4.66747e-05 0.00365072 0.00151107 0.0180969 -0.00506393 -0.0154774 0.003088 -0.00283862 0.00301617 -0.0131235
internal_weight=25554.1 25367.2 24438.9 1590.56 22848.3 13156 12459.1 2582 9692.36 4251.89 5440.47 9877.05 6298.58 3578.47
internal_count=301300 296330 288960 25069 263891 188296 185355 19544 75595 19565 56030 165811 137782 28029
is_linear=0
shrinkage=0.05


Tree=81
num_leaves=15
num_cat=0
split_feature=27 23 22 48 31 31 22 47 32 33 46 22 37 37
split_gain=173.927 296.762 270.747 257.961 241.597 501.515 279.66 353.899 329.587 293.711 285.146 252.456 497.145 384.481
threshold=3.113268375396729 2.3502402305603032 6.7900948524475107 0.22497145086526874 0.75599926710128795 0.73157078027725231 6.7804884910583505 4.3502571582794198 3.3140207529067998 1.2424533367156985 0.5795971453189851 6.7996129989624032 3.1984648704528813 1.0000000180025095e-35
decision_type=2 2 2 2 2 2 2 2 2 2 2 2 2 2
left_child=2 -2 -1 -3 5 6 10 8 -8 -9 -5 -6 13 -13
right_child=1 3 -4 4 11 -7 7 9 -10 -11 -12 12 -14 -15
leaf_value=-0.042832421529340199 0.035609864314001989 -0.024136331622816021 -0.0032821442569098318 -0.033265731287411907 0.0059845489254549931 0.036276473090344805 0.042886398890702844 -0.027035734520318207 -0.006304829276100609 0.02522978224990979 0.040031316425076159 0.0061343611610879126 0.043886571703812882 -0.016436458302249397
leaf_weight=559.99644006282324 607.759441960603 1006.0574916966725 1804.7862816751003 154.17513308231719 6563.8720837963047 1407.2519910577685 579.79259442165494 1626.2476377375424 800.51106109470129 313.42615870386362 719.57249063218478 2725.6044103056192 449.68104294314981 6088.9386734962463
leaf_count=11728 4045 5755 5218 5726 104340 12895 4694 4568 4856 3912 118458 2872 3480 8753
internal_value=9.51872e-05 0.00142239 -0.0127888 0.000480809 0.00164726 0.0105622 0.00186765 -0.00477278 0.0145177 -0.0185042 0.0268678 -0.00151207 -0.00682428 -0.00945814
internal_weight=25407.7 23042.9 2364.78 22435.1 21429.1 5600.98 4193.73 3319.98 1380.3 1939.67 873.748 15828.1 9264.22 8814.54
internal_count=301300 284354 16946 280309 274554 155109 142214 18030 9550 8480 124184 119445 15105 11625
is_linear=0
shrinkage=0.05


Tree=82
num_leaves=15
num_cat=0
split_feature=18 15 46 49 37 47 22 22 33 31 47 22 47 48
split_gain=167.521 155.365 161.13 205.131 171.032 129.994 181.614 132.412 145.174 123.495 335.938 313.177 437.953 345.996
threshold=4.686739683151246 0.040478009730577476 0.97948163747787487 0.96291711926460277 4.3036997318267831 4.4005842208862314 6.7900948524475107 6.7804884910583505 1.2424533367156985 0.81983605027198803 6.2215831279754648 6.7996129989624032 4.2696731090545663 0.93762746453285228
decision_type=2 2 2 2 2 2 2 2 2 2 2 2 2 2
left_child=-1 2 3 4 9 6 -3 -7 -9 10 -2 12 13 -11
right_child=1 5 -4 -5 -6 7 -8 8 -10 11 -12 -13 -14 -15
leaf_value=-0.047623053568292648 -0.00011685172602290848 -0.017346536555466002 -0.040319917265422507 0.035698835327661958 0.035555972492477883 0.039962354088581717 0.032441743110840214 -0.025595782500357756 0.029901473993376178 -0.040134330386764505 0.038398811456553578 -0.014105582186780548 0.015915004909231169 0.02509295485780598
leaf_weight=172.58462052576942 12858.80272487225 215.93926754966378 244.03646803461015 379.45827082789037 307.15439248085022 139.29947293794248 1023.6068396531045 479.41030842252076 146.0581139922142 742.97737140953541 582.21227958146483 5053.297129034996 2618.7895452291705 270.74825829640031
leaf_count=5376 174966 3696 7233 19324 4320 12917 3121 1841 1012 8633 1663 6922 45830 4446
internal_value=9.65805e-05 0.000444059 -0.00071899 -0.000277896 -0.000902057 0.0137608 0.0236988 -0.00244475 -0.0123696 -0.00142398 0.0015788 -0.00606717 0.00512332 -0.0226383
internal_weight=25234.4 25061.8 23057.5 22813.4 22434 2004.31 1239.55 764.768 625.468 22126.8 13441 8685.81 3632.52 1013.73
internal_count=301300 295924 273337 266104 246780 22587 6817 15770 2853 242460 176629 65831 58909 13079
is_linear=0
shrinkage=0.05


Tree=83
num_leaves=15
num_cat=0
split_feature=36 0 22 37 37 48 43 18 34 47 48 27 31 26
split_gain=159.117 144.928 175.256 284.677 350.936 212.129 217.617 194.41 158.125 155.163 156.66 151.683 148.52 168.609
threshold=0.087121214717626586 1.0000000180025095e-35 6.8007264137268075 1.2424533367156985 1.4978661537170412 0.87810423970222484 4.1510088443756112 6.6073255538940439 0.18590754270553592 6.2255475521087655 0.92353922128677379 5.4574534893035898 0.77628055214881908 0.74597367644310009
decision_type=2 2 2 2 2 2 2 2 2 2 2 2 2 2
left_child=-1 -2 9 5 -5 6 12 -7 -6 10 -3 -11 13 -4
right_child=1 2 3 4 8 7 -8 -9 -10 11 -12 -13 -14 -15
leaf_value=-0.041242427157107416 -0.0019310985275674828 -0.0020487332750318255 0.031170005147410841 -0.047675470568584358 -0.00082389905659727798 -0.03738961097007578 0.082096786253250537 0.03917549131659244 0.046788362520411103 0.036633295621067256 0.018457098541492752 -0.061016404825084185 0.059825149096324262 -0.048488354613768672
leaf_weight=220.65984677776578 17814.380108349142 3561.9193380242214 178.24740827083588 275.40958154201508 448.27023292332888 154.14775072038174 309.75610230863094 157.53025157749653 275.05725771188736 44.124474659562111 1250.4334575849352 165.17271114513278 193.32329177856445 92.690040528774261
leaf_count=4382 208881 44556 347 298 912 121 441 134 536 187 40001 295 133 76
internal_value=9.49616e-05 0.000477382 0.00650948 0.0186598 -0.000641636 0.0362591 0.0501306 0.00132325 0.0176726 0.00143897 0.00330669 -0.039698 0.0275212 0.00316228
internal_weight=25141.1 24920.5 7106.08 2084.43 998.737 1085.69 774.017 311.678 723.327 5021.65 4812.35 209.297 464.261 270.937
internal_count=301300 296918 88037 2998 1746 1252 997 255 1448 85039 84557 482 556 423
is_linear=0
shrinkage=0.05


Tree=84
num_leaves=15
num_cat=0
split_feature=27 23 22 26 23 22 37 31 43 44 37 33 22 37
split_gain=154.515 275.262 247.838 239.628 407.68 315.638 408.05 399.286 300.916 289.212 327.953 437.711 336.588 506.52
threshold=3.113268375396729 2.3502402305603032 6.7900948524475107 0.63752728700637828 2.9174053668975835 6.7804884910583505 3.1984648704528813 0.90490621328353893 3.6242519617080693 0.15179438889026645 3.0129330158233647 2.2499048709869389 6.7929053306579599 1.8688347935676577
decision_type=2 2 2 2 2 2 2 2 2 2 2 2 2 2
left_child=2 -2 -1 -3 -5 7 9 8 -6 10 11 12 -7 -14
right_child=1 3 -4 4 5 6 -8 -9 -10 -11 -12 -13 13 -15
leaf_value=-0.041710243616835681 0.034804343309008536 -0.013720881594152988 -0.003182372553329395 0.037073339872759951 -0.02237757710557229 -0.031666210040577118 0.027371535268291131 -0.0061181824118036812 0.043160253228353207 0.0048833496779362735 -0.041858020858839814 0.043353556421509898 -0.00041292633796463293 -0.048936304222023053
leaf_weight=533.85414752861834 588.73164918180555 2620.8005439982517 1803.6344945132732 800.38588432595134 196.85365008749068 1369.3176977485418 1113.9580266904086 1052.2181115280837 1258.4899485961068 5824.1962292715907 705.0063089877367 407.59210640192032 6262.381611995399 578.36230250447989
leaf_count=11728 4045 17023 5218 4235 3359 11283 16781 26055 154171 29281 927 2201 14419 574
internal_value=9.23394e-05 0.00135052 -0.0121219 0.000447648 0.00235125 0.000851553 -0.00169812 0.0173265 0.0342032 -0.00385267 -0.00930975 -0.00660156 -0.00913133 -0.00458086
internal_weight=25115.8 22778.3 2337.49 22189.6 19568.8 18768.4 16260.8 2507.56 1455.34 15146.9 9322.66 8617.65 8210.06 6840.74
internal_count=301300 284354 16946 280309 263286 259051 75466 183585 157530 58685 29404 28477 26276 14993
is_linear=0
shrinkage=0.05


Tree=85
num_leaves=15
num_cat=0
split_feature=18 43 43 28 27 28 46 19 46 26 48 27 22 31
split_gain=148.184 141.796 185.93 212.142 290.771 203.623 243.331 514.614 749.077 458.928 238.56 299.707 252.881 200.853
threshold=4.686739683151246 6.1279597282409677 6.0461888313293466 1.8688347935676577 5.4617087841033944 6.0879099369049081 0.89781975746154796 0.59374287724494945 0.89263784885406505 0.88437747955322277 0.93637034296989452 6.3587081432342538 6.7940263748168954 0.90332314372062694
decision_type=2 2 2 2 2 2 2 2 2 2 2 2 2 2
left_child=-1 2 -2 -4 -5 -6 7 -7 -9 -10 -8 12 13 -12
right_child=1 -3 3 4 5 6 10 8 9 -11 11 -13 -14 -15
leaf_value=-0.046583426083015203 -0.00070519609082888581 -0.020668681993316177 0.047403377824639867 -0.056312173110121988 0.043012780642534512 0.011499441881198324 0.031146326131946511 -0.0071158383017451924 -0.0069590279585893177 -0.26482297350223516 -0.14530315969968374 -0.059718606235097997 0.04557338547695685 -0.0057217234953910092
leaf_weight=158.90379198617302 20613.094992075348 763.09565624594688 364.64519525691867 159.00881087779999 418.42363215098158 417.7455893792212 1002.4824028220028 133.73476743511856 24.310424961149693 54.483395493589342 17.907293869182467 182.76236388459802 286.23402085900307 350.75749167893082
leaf_count=5376 245217 5799 1956 201 18153 1864 6510 714 130 247 570 236 3405 10922
internal_value=9.07534e-05 0.000408615 0.00108639 0.0118788 0.00748756 0.0111814 0.00563833 -0.0209588 -0.0824085 -0.195007 0.0148123 -0.00487257 0.0111013 -0.0161599
internal_weight=24947.6 24788.7 24025.6 3412.5 3047.85 2888.84 2470.42 630.274 212.529 78.7938 1840.14 837.661 654.899 368.665
internal_count=301300 295924 290125 44908 42952 42751 24598 2955 1091 377 21643 15133 14897 11492
is_linear=0
shrinkage=0.05


Tree=86
num_leaves=15
num_cat=0
split_feature=15 42 26 48 27 27 37 22 43 48 48 33 28 52
split_gain=143.411 156.492 147.988 176.909 173.718 180.071 423.56 159.752 321.378 244.486 289.482 214.741 415.665 333.919
threshold=0.014620264060795309 2.79174816608429 0.91368830204010021 0.71992215514183056 3.1984648704528813 3.2384861707687382 3.0129330158233647 6.7804884910583505 3.6762205362319951 0.93704646825790416 0.94518026709556591 0.89587974548339855 1.8688347935676577 1.0000000180025095e-35
decision_type=2 2 2 2 2 2 2 2 2 2 2 2 2 2
left_child=2 -2 3 -1 -5 6 -6 8 9 -7 -11 12 -9 -13
right_child=1 -3 -4 4 5 7 -8 11 -10 10 -12 13 -14 -15
leaf_value=-0.0076899589076607315 0.0043476940909464683 0.045107858628679866 -0.023524866477419464 -0.030494601156413639 0.051536239528350326 -0.042706518239568059 -0.047133729856219379 0.048992180189242625 0.043541963147024097 0.12409176139329964 -0.010351758554251127 -0.0053534440027456802 -0.010594968707083681 0.0299348591162313
leaf_weight=6698.2903449261794 7778.121073897084 233.02544713392854 789.72723987139761 363.30284064263105 485.67035781592131 256.59051044285297 130.85338976979256 303.64171297475696 613.43649367580656 48.646777536720037 121.94536284357309 1436.8995536845177 4395.0433154795319 1242.5213732076809
leaf_count=55169 105429 217 13158 2969 1463 4442 201 1075 79086 849 2060 4965 19184 11033
internal_value=8.27115e-05 0.00558807 -0.00253084 -0.00148689 0.00293747 0.00431399 0.0301761 0.00238649 0.020628 -0.0125198 0.0327352 -0.000210764 -0.00664842 0.0110612
internal_weight=24897.7 8011.15 16886.6 16096.8 9398.55 9035.25 616.524 8418.73 1040.62 427.183 170.592 7378.11 4698.69 2679.42
internal_count=301300 105646 195654 182496 127327 124358 1664 122694 86437 7351 2909 36257 20259 15998
is_linear=0
shrinkage=0.05


Tree=87
num_leaves=15
num_cat=0
split_feature=48 2 34 24 46 31 48 22 22 32 32 22 37 31
split_gain=140.858 135.051 128.736 198.323 226.885 133.897 278.584 198.26 141.512 138.718 121.259 477.25 636.837 959.111
threshold=1.0000000180025095e-35 0.013245614245533945 0.68587586283683788 0.86455860733985912 0.96168524026870739 0.31414473056793218 0.22497145086526874 6.7702026367187509 6.5354087352752694 2.9174053668975835 4.1190040111541757 6.7900948524475107 1.0000000180025095e-35 0.57259953022003185
decision_type=2 2 2 2 2 2 2 2 2 2 2 2 2 2
left_child=-1 2 3 5 -5 7 -7 -2 -8 -9 11 -10 13 -13
right_child=1 -3 -4 4 -6 6 8 9 10 -11 -12 12 -14 -15
leaf_value=-0.045241077932963711 -0.070990077204007254 0.017384052397911864 -0.01923200598428847 0.023146216444882597 -0.055918769938112095 -0.030295138577212739 0.043271038469667428 0.0020033206197342984 -0.01841966893287458 0.033453049641131292 -0.0062206552610790666 -0.025566978685282467 -0.00043517594108543456 0.048822837070144426
leaf_weight=160.2314679059491 56.39682858157903 1107.1428655115888 864.56012477166951 1375.2145073967986 87.688987432047725 822.84905000706203 170.84475701197516 709.31367800757289 2277.9887140635401 685.98629932757467 7271.0353971384466 573.49758945032954 6947.6815470568836 1697.932456785813
leaf_count=4970 1674 13395 6949 20936 3090 3769 98293 2364 42809 4259 64819 1706 25208 7059
internal_value=8.48944e-05 0.000397775 -0.000408139 0.0003177 0.0180594 -0.00091372 -0.00199287 0.0136898 -0.000747874 0.0175933 -0.0011714 0.00202449 0.00709061 0.0300109
internal_weight=24808.4 24648.1 23541 22676.4 1462.9 21213.5 19761.8 1451.7 18939 1395.3 18768.1 11497.1 9219.11 2271.43
internal_count=301300 296330 282935 275986 24026 251960 243663 8297 239894 6623 141601 76782 33973 8765
is_linear=0
shrinkage=0.05


Tree=88
num_leaves=15
num_cat=0
split_feature=18 37 1 43 43 28 31 28 47 42 27 28 27 28
split_gain=135.715 131.952 128.248 123.181 155.103 220.769 205.086 176.792 272.125 258.392 206.173 176.614 252.188 180.063
threshold=5.6039605140686044 4.3036997318267831 0.014185110572725536 6.1279597282409677 6.0461888313293466 5.995206594467164 0.87309837341308605 4.574657917022706 4.8597824573516855 0.89587974548339855 6.318953514099122 1.8688347935676577 5.4617087841033944 6.0879099369049081
decision_type=2 2 2 2 2 2 2 2 2 2 2 2 2 2
left_child=-1 2 3 4 5 7 -7 8 -2 10 -10 -6 -13 -14
right_child=1 -3 -4 -5 11 6 -8 -9 9 -11 -12 12 13 -15
leaf_value=-0.025794517824133941 -0.0001240810376700468 0.032167134180292066 0.020722644304310721 -0.020978156353270116 0.046404854296627399 -0.15731987992348692 0.027385126979459731 0.046609923205851056 -0.043976670050390493 0.030165050400758911 0.016140388774140726 -0.054621756364630951 0.041617279294894366 0.004810168913111033
leaf_weight=486.51993634708924 17894.993824169505 316.83857137523592 726.43501207430381 699.89454636629671 298.56952873617411 32.775384115520865 19.167213274165988 181.47524653148139 859.02200274448842 175.51243112981319 165.23234732449055 149.40770149230957 378.66139429295436 2316.6423250706866
leaf_count=7327 126455 4979 8794 5240 1290 277 1630 97685 6045 563 598 196 17394 22827
internal_value=8.2273e-05 0.000612623 0.000180991 -0.000471663 0.000176078 -0.00150066 -0.0957446 -0.0011972 -0.00167571 -0.0246266 -0.0342163 0.0104585 0.00653637 0.0101159
internal_weight=24701.1 24214.6 23897.8 23171.4 22471.5 19328.2 51.9426 19276.2 19094.8 1199.77 1024.25 3143.28 2844.71 2695.3
internal_count=301300 293973 288994 280200 274960 233253 1907 231346 133661 7206 6643 41707 40417 40221
is_linear=0
shrinkage=0.05


Tree=89
num_leaves=15
num_cat=0
split_feature=21 46 30 23 32 27 27 46 31 36 34 32 27 22
split_gain=130.575 197.195 311.543 265.839 223.484 502.5 223.299 176.126 161.19 154.975 138.22 217.846 295.947 494.622
threshold=0.7825840711593629 0.89738324284553539 0.00060468542505986999 5.1209788322448739 6.2045557498931894 6.3569750785827646 6.3569750785827646 0.31222625076770788 0.87512993812561046 0.20344828069210055 0.67862394452095043 6.1354806423187265 6.3587081432342538 6.8007264137268075
decision_type=2 2 2 2 2 2 2 2 2 2 2 2 2 2
left_child=1 2 4 -4 8 -6 -5 -2 -1 -9 11 -11 -13 -14
right_child=7 -3 3 6 5 -7 -8 9 -10 10 -12 12 13 -15
leaf_value=-0.025982853567826331 0.040141405803958856 0.020685129106163276 -0.010993747595024762 0.034505867912621745 -0.15447296297399246 -0.012002313511178326 -0.054223601992525863 0.03285903299567406 0.044482506935098698 -0.00050098275703679845 -0.023646104937334888 0.034813738848733809 -0.07154445093800342 0.015575952656739445
leaf_weight=1061.9691487124655 285.11489960551262 532.37057237932459 1865.8998819015105 630.04048299608985 98.693852905184031 148.04992663208395 70.726274490356445 369.83061995077878 78.813766701612622 16944.256479287578 560.12502637971193 1063.689939037431 199.180614923127 727.05328675359488
leaf_count=15009 2812 4681 23578 91162 687 465 61 1776 4187 127247 4132 23408 454 1641
internal_value=7.95371e-05 -0.00762486 -0.0114789 -0.00113142 -0.0304748 -0.0727855 0.0249138 0.00179798 -0.0207703 0.00122771 0.000611082 0.00134078 0.0169475 -0.00372279
internal_weight=24635.8 4486.56 3954.19 2566.67 1387.53 246.744 700.767 20149.3 1140.78 19864.1 19494.3 18934.2 1989.92 926.234
internal_count=301300 139830 135149 114801 20348 1152 91223 161470 19196 158658 156882 152750 25503 2095
is_linear=0
shrinkage=0.05


Tree=90
num_leaves=15
num_cat=0
split_feature=48 27 28 31 22 42 46 27 23 33 28 23 32 33
split_gain=125.974 279.52 272.968 525.345 245.163 214.827 302.3 212.456 267.647 343.145 224.101 282.501 267.504 281.227
threshold=0.67124816775321972 6.3587081432342538 3.8815106153488164 0.75834259390831005 6.7770755290985116 2.171902716159821 0.89781975746154796 3.1984648704528813 2.9700856208801274 1.7005987167358401 1.8688347935676577 3.0677825212478642 2.7403194904327397 1.2424533367156985
decision_type=2 2 2 2 2 2 2 2 2 2 2 2 2 2
left_child=1 2 3 4 -1 6 -4 -2 9 -9 11 -10 -12 -14
right_child=7 -3 5 -5 -6 -7 -8 8 10 -11 12 -13 13 -15
leaf_value=-0.031797938006243781 -0.02519605463164197 -0.040812701885294261 -0.007635501835271695 -0.03909358271547711 0.0033147226609837386 0.065352564573531655 0.051918465622000677 0.047443538947695367 -0.0013501303868710644 -0.0072073250013610368 -0.027584244127096522 0.049613045163218419 -0.0026400946221374778 0.01397959075673404
leaf_weight=545.53777641203487 651.57715271413326 501.84465406090021 739.06508511397988 1041.243411055766 4718.1702822223306 197.30137142539024 288.28742351941764 732.72599977999926 552.14507052302361 464.50606867671013 808.95434528589249 524.81214606575668 9332.1089638211997 3488.8523001436843
leaf_count=15347 5053 494 19373 3196 22642 1516 3680 2622 421 585 1219 3930 169607 51615
internal_value=7.79448e-05 -0.00505682 -0.00262274 -0.00682337 -0.000377795 0.0188837 0.00941545 0.00257046 0.00372315 0.0263559 0.00186405 0.0237127 0.000121572 0.00188984
internal_weight=24587.1 8031.45 7529.61 6304.95 5263.71 1224.65 1027.35 16555.7 15904.1 1197.23 14706.9 1076.96 13629.9 12821
internal_count=301300 66248 65754 41185 37989 24569 23053 235052 229999 3207 226792 4351 222441 221222
is_linear=0
shrinkage=0.05


Tree=91
num_leaves=15
num_cat=0
split_feature=0 42 41 32 22 23 36 42 47 22 37 27 47 36
split_gain=123.59 163.472 128.329 535.557 468.141 312.163 212.341 208.131 177.258 556.078 765.983 645.658 526.037 473.156
threshold=0.0083683477714657801 2.79174816608429 0.65833333134651195 4.1026091575622567 6.7984981536865243 5.0466406345367441 0.93492376804351818 0.89587974548339855 4.388237953186036 6.7929053306579599 1.8688347935676577 3.5549397468566899 4.3502571582794198 0.76278772950172435
decision_type=2 2 2 2 2 2 2 2 2 2 2 2 2 2
left_child=2 -2 6 5 -5 -4 7 8 9 -1 12 -12 -11 -10
right_child=1 -3 3 4 -6 -7 -8 -9 13 10 11 -13 -14 -15
leaf_value=-0.017322180456283309 0.0059695517026888663 0.059745938460160269 -0.012370908087120575 0.018510876140541543 -0.045554662067790186 0.03619499833450112 0.043480407505835421 0.030411254289300416 -0.01139913243514592 0.045874447365327711 -0.021410994789872854 0.033053932743427529 0.0084772269594246327 0.033066547411572576
leaf_weight=2462.6929290757689 4087.9328267059173 136.5941858664155 643.3104096930474 365.26844780705869 1218.0806680619717 663.04121256945655 267.32599503709935 513.67525171954185 6661.7389563554898 1695.7064701709896 2289.6110167503357 703.22286869958043 2108.2472900301218 647.53465010027867
leaf_count=40463 52923 118 799 5056 1898 9326 2460 4507 146036 13851 4461 4597 3015 11790
internal_value=7.70829e-05 0.00784532 -0.00154743 -0.0112838 -0.0307517 0.0123665 7.97745e-05 -0.000624451 -0.0016044 0.00298945 0.0103636 -0.00854597 0.0252245 -0.00742009
internal_weight=24464 4224.53 20239.5 2889.7 1583.35 1306.35 17349.8 17082.4 16568.8 9259.48 6796.79 2992.83 3803.95 7309.27
internal_count=301300 53041 248259 17079 6954 10125 231180 228720 224213 66387 25924 9058 16866 157826
is_linear=0
shrinkage=0.05


Tree=92
num_leaves=15
num_cat=0
split_feature=18 2 43 43 32 37 41 22 32 22 32 42 22 22
split_gain=122.287 117.383 108.562 170.95 171.865 385.626 445.337 431.273 416.994 402.508 332.714 459.422 633.601 582.749
threshold=4.686739683151246 0.013245614245533945 6.1279597282409677 6.0461888313293466 4.1190040111541757 0.89587974548339855 0.61250001192092907 6.7770755290985116 4.135134458541871 6.7984981536865243 3.5259279012680058 1.4978661537170412 6.7996129989624032 6.7929053306579599
decision_type=2 2 2 2 2 2 2 2 2 2 2 2 2 2
left_child=-1 2 3 4 10 7 8 -6 -7 -8 -2 13 -13 -12
right_child=1 -3 -4 -5 5 6 9 -9 -10 -11 11 12 -14 -15
leaf_value=-0.044939877024147312 -0.0037225933478375246 0.0163484740982256 -0.019521650528715503 0.011096085024209499 0.031516405579365935 0.040064024305624113 0.01323332692182505 -0.028764319697628871 -0.0046615037736394659 -0.055801521026063061 -0.0032137237050571589 0.021940754180307626 -0.053793176073205273 0.040834633613378399
leaf_weight=139.8935355960275 9287.097902092617 1086.1161773847416 708.9949598973617 3099.2207831777632 327.61388239567168 977.17773143947124 363.67219841200858 2530.5718498798087 1099.9968242555042 483.12175162136555 1259.2866845512763 564.6782386880368 523.04299199581146 1844.7899939082563
leaf_count=5376 49817 13397 5608 42823 100731 1736 4842 2922 29534 1279 23725 4467 665 14378
internal_value=8.23053e-05 0.000361536 -0.000397897 0.00021693 -0.00153844 -0.00874172 0.00402323 -0.021769 0.0164701 -0.0263447 0.0015558 0.0132313 -0.014635 0.0230118
internal_weight=24295.3 24155.4 23069.3 22360.3 19261.1 5782.15 2923.97 2858.19 2077.17 846.794 13478.9 4191.8 1087.72 3104.08
internal_count=301300 295924 282527 276919 234096 141044 37391 103653 31270 6121 93052 43235 5132 38103
is_linear=0
shrinkage=0.05


Tree=93
num_leaves=15
num_cat=0
split_feature=48 28 26 28 0 31 31 22 36 47 36 48 29 31
split_gain=121.691 187.644 134.524 225.304 148.475 113.189 336.92 146.547 206.394 242.871 188.607 233.395 144.324 136.818
threshold=0.19440943747758868 4.3372693061828622 0.30189873278141027 1.2424533367156985 0.0063898416701704272 0.90409579873085033 0.90147009491920482 6.7996129989624032 0.65076228976249706 4.4005842208862314 0.59870129823684703 0.9494166672229768 0.96963581442832958 0.80684027075767528
decision_type=2 2 2 2 2 2 2 2 2 2 2 2 2 2
left_child=1 2 3 4 -1 6 13 12 10 -10 11 -9 -7 -2
right_child=5 -3 -4 -5 -6 7 -8 8 9 -11 -12 -13 -14 -15
leaf_value=-0.047745208270228323 0.0041051995730331829 -0.11960282784982781 -0.029264876728132983 0.029132613181535968 0.023899152235929647 0.0061396863352325137 0.03313705039009051 0.031362216524904417 -0.029737744051249532 0.045603134316125005 -0.062118063280838978 -0.03523791763358259 -0.045202743597002437 -0.0047647792271570451
leaf_weight=231.50959939515451 12164.536405638559 31.421103293076158 561.79981822217815 380.23576568858698 95.985977681120858 1583.8078586356714 838.92315707169473 177.66387867555022 197.28597485646605 211.68044467270374 340.53039288520813 436.14547544717789 139.7487633228302 6752.5180552300299
leaf_count=3799 190577 837 2656 3697 1011 26952 8478 425 282 700 323 367 4868 56328
internal_value=7.95854e-05 -0.0147352 -0.0112252 0.00330296 -0.0266609 0.000929398 0.00232156 -0.00795916 -0.0201447 0.00941628 -0.0327789 -0.0157671 0.00174002 0.000938181
internal_weight=24143.8 1300.95 1269.53 707.731 327.496 22842.8 19756 3086.86 1363.31 408.966 954.34 613.809 1723.56 18917.1
internal_count=301300 12000 11163 8507 4810 289300 255383 33917 2097 982 1115 792 31820 246905
is_linear=0
shrinkage=0.05


Tree=94
num_leaves=15
num_cat=0
split_feature=21 26 18 18 22 22 43 31 47 22 22 22 22 24
split_gain=117.536 179.545 244.156 191.062 173.446 201.26 307.455 161.269 205.35 317.589 384.897 289.911 553.934 334.829
threshold=0.7825840711593629 0.67027905583381664 6.1257476806640634 6.4591214656829843 6.7962646484375009 6.7973818778991708 6.112574815750123 0.31414473056793218 4.0342013835906991 6.7804884910583505 6.7580702304840097 6.7929053306579599 6.7984981536865243 0.045771803706884391
decision_type=2 2 2 2 2 2 2 2 2 2 2 2 2 2
left_child=1 -1 -3 -4 -5 6 -6 -2 -9 10 -10 13 -13 -11
right_child=7 2 3 4 5 -7 -8 8 9 11 -12 12 -14 -15
leaf_value=-0.018659835256842706 0.021700466452316394 0.028242868230896518 -0.061606216972451722 0.02404780091964711 -0.19352653912289186 -0.0077914937770992192 0.032562164832458183 -0.014072231590966112 -0.00070892913367730812 -0.045483591649817495 0.052003471340142438 0.02988952786948448 -0.00081298488110903935 -0.0014744804779831585
leaf_weight=1935.800362718117 951.04030646197498 630.43486896011746 140.40510404389352 436.09837230341509 26.132356472313404 1207.8124678321183 21.486996226012707 2080.6269119866192 696.61201506166253 686.202003730461 678.13438995042816 1668.494741069153 11772.238030947745 1141.553872496821
leaf_count=21654 4761 99558 1892 12351 130 3969 276 23439 28853 7789 34833 17696 27699 16400
internal_value=7.1915e-05 -0.00730794 0.00165576 -0.00759748 -0.00277878 -0.0122139 -0.103564 0.0017245 0.000698819 0.00255274 0.0254808 0.000473013 0.00301773 -0.0181546
internal_weight=24073.1 4398.17 2462.37 1831.94 1691.53 1255.43 47.6194 19674.9 18723.9 16643.2 1374.75 15268.5 13440.7 1827.76
internal_count=301300 139830 118176 18618 16726 4375 406 161470 156709 133270 63686 69584 45395 24189
is_linear=0
shrinkage=0.05


Tree=95
num_leaves=15
num_cat=0
split_feature=15 21 30 31 29 42 2 46 44 31 28 27 49 27
split_gain=114.201 134.118 149.124 143.094 156.998 134.049 133.773 130.678 115.521 132.702 148.995 115.24 107.674 119.229
threshold=0.010152545757591726 0.76655876636505138 0.00026078621158376342 0.96463739871978771 0.49713106453418737 2.79174816608429 0.0085107926279306429 0.31222625076770788 0.045072408393025405 0.79277813434600841 3.8815106153488164 5.4617087841033944 0.81467229127883922 6.3569750785827646
decision_type=2 2 2 2 2 2 2 2 2 2 2 2 2 2
left_child=1 2 -1 7 -5 8 -7 -3 9 -2 -11 -12 13 -9
right_child=5 3 -4 4 -6 6 -8 12 -10 10 11 -13 -14 -15
leaf_value=-0.038596939197743457 0.0030028975896902823 0.043586984673818545 -0.0067126090199636501 0.0031475992073543763 -0.057151571943536532 0.0073295547448358495 0.077493432320682856 8.8292099391878097e-05 0.0071842679265896178 -0.036830195166262091 -0.023231917890514202 0.017028420898709418 0.0260424591336012 -0.019335349880897808
leaf_weight=493.4285039047536 2294.8284625030064 160.37663743272424 1372.0377466435311 199.87598509900272 222.19846964534372 158.0295960046351 112.34346603602171 10248.576997157594 6307.6657100828015 535.93786328844726 324.83749271184206 368.93728345492855 359.0824251488084 846.04610219970345
leaf_count=6900 17872 1845 55959 4192 5034 170 98 77391 111443 2179 2291 4084 9888 1954
internal_value=6.9217e-05 -0.00286997 -0.0153071 -0.000931258 -0.0291846 0.00411252 0.0382077 0.000119736 0.00313708 -0.00410578 -0.0172889 -0.00188443 -0.00052639 -0.00140898
internal_weight=24004.2 13901.6 1865.47 12036.2 422.074 10102.6 270.373 11614.1 9832.21 3524.54 1229.71 693.775 11453.7 11094.6
internal_count=301300 163163 62859 100304 9226 138137 268 91078 137869 26426 8554 6375 89233 79345
is_linear=0
shrinkage=0.05


Tree=96
num_leaves=15
num_cat=0
split_feature=27 23 18 22 48 23 48 46 27 28 23 32 34 20
split_gain=111.779 229.875 207.267 197.299 179.37 372.53 297.53 285.586 225.642 195.959 270.583 245.89 200.665 189.606
threshold=3.113268375396729 2.3502402305603032 6.482342243194581 6.7900948524475107 0.61715480685234081 2.9174053668975835 0.60629978775978099 0.89738324284553539 3.1984648704528813 1.8688347935676577 3.0677825212478642 2.6735538244247441 0.24610115587711337 0.014862741343677046
decision_type=2 2 2 2 2 2 2 2 2 2 2 2 2 2
left_child=3 2 -2 -1 6 -6 7 -3 -7 10 12 -11 -10 -14
right_child=1 4 -4 -5 5 8 -8 -9 9 11 -12 -13 13 -15
leaf_value=-0.038851572462392944 -0.0269876163248924 -0.0068341128968156016 0.048818574961424777 -0.0028187934641436502 0.037492171248210727 -0.038614291072301757 -0.036970808271195817 0.04673663084781287 -0.032284790718477674 -0.04513282147875744 0.048991239382386247 0.0012325931878518393 0.04113379120152913 -0.029214495250348416
leaf_weight=472.78168750050827 106.84314800659195 3100.0235139300348 424.25750301592052 1791.4383697286248 722.63379630818963 340.94557057321072 762.87795854208525 260.44152174051851 267.48840138316154 281.70749220252037 499.22308963164687 14484.582519038813 328.20476353168488 125.40780255198479
leaf_count=11728 777 27856 3268 5218 4016 1163 2560 3340 323 350 3984 236288 309 120
internal_value=6.60833e-05 0.00117061 0.0333515 -0.0104804 0.000348044 0.00261201 -0.00899723 -0.00255595 0.00104626 0.00191571 0.0210876 0.0003181 0.00136386 0.0214743
internal_weight=23968.9 21704.6 531.101 2264.22 21173.5 17050.2 4123.34 3360.47 16327.6 15986.6 1220.32 14766.3 721.101 453.613
internal_count=301300 284354 4045 16946 280309 246553 33756 31196 242537 241374 4736 236638 752 429
is_linear=0
shrinkage=0.05


Tree=97
num_leaves=15
num_cat=0
split_feature=48 28 26 28 0 22 36 18 37 36 36 41 37 37
split_gain=106.727 152.314 117.83 195.3 141.227 107.651 105.498 130.432 109.775 107.823 185.313 159.473 109.326 424.523
threshold=0.19440943747758868 4.3372693061828622 0.30189873278141027 1.2424533367156985 0.0063898416701704272 6.5354087352752694 0.20344828069210055 6.4512596130371103 4.3036997318267831 0.95080643892288219 0.93405798077583324 0.65833333134651195 3.0129330158233647 2.6735538244247441
decision_type=2 2 2 2 2 2 2 2 2 2 2 2 2 2
left_child=1 2 3 4 -1 -2 7 -7 9 10 12 -11 13 -8
right_child=5 -3 -4 -5 -6 6 8 -9 -10 11 -12 -13 -14 -15
leaf_value=-0.046669059335251124 0.04080251474955407 -0.10540253768494752 -0.027423774336276248 0.028026527345562338 0.02382070718978049 -0.032407622258176276 -0.00094975656704277391 0.035837010186660002 0.029631668580132383 0.044099360548758119 -0.12924695026902353 -0.020003864216250833 -0.0098356046838499189 0.035483334932144082
leaf_weight=217.83576459996402 157.43241964554181 34.125499854562804 558.27120841457509 363.04017526842654 95.870662831584923 76.960885635577142 17568.646034696605 383.57974002789706 299.38976725563407 296.98953453451395 18.074318878352642 134.82272654771805 2827.8133236607537 827.66106445901096
leaf_count=3799 103424 837 2656 3697 1011 339 145399 2043 4990 2641 201 1109 25033 4121
internal_value=6.3818e-05 -0.0139867 -0.0106345 0.00341327 -0.0250566 0.000858992 0.000560629 0.0239863 5.8963e-05 -0.000363011 -0.000871089 0.024085 -0.000700949 0.000707778
internal_weight=23860.5 1269.14 1235.02 676.747 313.706 22591.4 22433.9 460.541 21973.4 21674 21242.2 431.812 21224.1 18396.3
internal_count=301300 12000 11163 8507 4810 289300 185876 2382 183494 178504 174754 3750 174553 149520
is_linear=0
shrinkage=0.05


Tree=98
num_leaves=15
num_cat=0
split_feature=20 36 37 36 36 32 22 48 22 25 31 31 22 37
split_gain=105.942 224.176 216.43 159.308 426.722 439.751 291.404 279.044 346.433 213.776 187.71 366.473 246.982 312.637
threshold=0.0041150071192532786 0.68210527300834667 1.7005987167358401 0.57793521881103527 0.6012820601463319 6.2116029262542733 6.8007264137268075 0.9494166672229768 6.7996129989624032 0.037504246458411224 0.76214051246643078 0.75882840156555187 6.8007264137268075 1.2424533367156985
decision_type=2 2 2 2 2 2 2 2 2 2 2 2 2 2
left_child=1 -1 -3 7 6 9 -5 10 -9 -6 11 -2 -12 -14
right_child=3 2 -4 4 5 -7 -8 8 -10 -11 12 -13 13 -15
leaf_value=-0.0093357555440067401 0.0080183537784356065 0.042865147756853621 0.00098558231748057615 -0.0046309857950290459 -0.005873222716577078 0.043856965625438574 -0.059858980385575446 0.0093685147104784344 -0.031642926323682249 0.023269996560721679 0.010373698364116481 -0.052750417739315353 0.059594410326674077 0.0078809111487113722
leaf_weight=5928.1496124390978 2717.7791778534884 403.14276436832733 1219.9106389426161 450.37976368854288 5277.5772810026538 551.77133638039231 502.9172094091773 1134.813315812673 927.52214860916138 704.33993480051868 2516.2047150083818 262.94003351777792 690.75092452764511 507.28898052871227
leaf_count=43227 72227 4712 11826 1827 58131 2774 497 67621 756 11136 24824 320 720 702
internal_value=6.01718e-05 -0.00482933 0.0115866 0.00233464 -0.00301849 0.00155954 -0.0340858 0.00690948 -0.00913981 -0.00240865 0.0118596 0.00249926 0.0193445 0.0379437
internal_weight=23795.5 7551.2 1623.05 16244.3 7486.99 6533.69 953.297 8757.3 2062.34 5981.92 6694.96 2980.72 3714.24 1198.04
internal_count=301300 59765 16538 241535 74365 72041 2324 167170 68377 69267 98793 72547 26246 1422
is_linear=0
shrinkage=0.05


Tree=99
num_leaves=15
num_cat=0
split_feature=0 22 37 37 48 43 18 34 36 32 37 43 41 56
split_gain=106.148 164.848 225.326 291.319 172.331 210.356 181.142 142.189 140.75 132.156 216.864 146.809 121.068 372.905
threshold=1.0000000180025095e-35 6.8007264137268075 1.2424533367156985 1.4978661537170412 0.87810423970222484 4.1510088443756112 6.6073255538940439 0.18590754270553592 0.37602458894252783 1.0000000180025095e-35 3.933552742004395 6.0969495773315439 0.61250001192092907 1.0000000180025095e-35
decision_type=2 2 2 2 2 2 2 2 2 2 2 2 2 2
left_child=9 8 4 -4 5 -3 -6 -5 -2 10 11 -1 -11 -14
right_child=1 2 3 7 6 -7 -8 -9 -10 12 -12 -13 13 -15
leaf_value=-0.047838145905977299 -0.022365825822032288 0.024111737887861195 -0.045754783760611054 -0.0016750026864950315 -0.036341686878956309 0.079132766339589766 0.038582186157391514 0.04475481236450924 0.003541261087811404 0.00091823491428423163 0.006759782617871384 0.027573061751639639 0.0051573680288549799 -0.034857468924898459
leaf_weight=522.40845691331197 588.05605948154698 453.13106556236744 248.34065766632557 420.47927155345678 150.1955823302269 286.22531618177891 152.52111560106277 260.55815275758505 4239.0718267355696 13476.795477854379 452.60657991096377 66.860982313752174 1414.4631965244189 976.98703064210713
leaf_count=4141 5106 556 298 915 121 441 134 539 81000 191210 2091 271 12081 2396
internal_value=5.8973e-05 0.00533079 0.0174741 -0.000460513 0.0333215 0.0461837 0.00143466 0.0164792 0.000345464 -0.00206242 -0.0192257 -0.0389643 -0.000924116 -0.0112671
internal_weight=23708.7 6798.58 1971.45 929.378 1042.07 739.356 302.717 681.037 4827.13 16910.1 1041.88 589.269 15868.2 2391.45
internal_count=301300 89110 3004 1752 1252 997 255 1454 86106 212190 6503 4412 205687 14477
is_linear=0
shrinkage=0.05


Tree=100
num_leaves=15
num_cat=0
split_feature=1 26 49 21 30 31 44 23 27 31 31 22 37 22
split_gain=103.661 103.371 125.284 111.386 157.349 147.97 245.783 142.233 161.668 137.407 335.514 188.31 355.788 355.385
threshold=0.014185110572725536 0.9571523666381837 0.96291711926460277 0.7825840711593629 0.00034366441832389688 0.8981662690639497 0.073487304151058211 5.1209788322448739 6.3429977893829355 0.75599926710128795 0.73157078027725231 6.7996129989624032 3.1984648704528813 6.7929053306579599
decision_type=2 2 2 2 2 2 2 2 2 2 2 2 2 2
left_child=1 2 3 4 5 6 -1 -6 -9 10 -5 13 -13 -11
right_child=-2 -3 -4 9 7 -7 -8 8 -10 11 -12 12 -14 -15
leaf_value=-0.01420677398374696 0.01867692018637036 -0.035984428790808175 0.029066870387325777 0.0019609868509006035 -0.0092399968900699295 0.015112163868879681 -0.066002940069289653 0.030930060196289549 -0.011664397464922184 -0.0066490710061973789 0.03382936533963566 -0.0095840692469377174 0.043653119150044051 0.020257140152292165
leaf_weight=781.82866045887931 714.51807256625034 193.78602296672761 349.54285912035266 5087.9053422468714 1890.9127940192702 214.7976600616239 318.71057231037412 568.29199743148638 355.44224955048412 2720.8831629180349 976.29242628719658 6936.5797967687249 318.88423618301749 2220.2794038318098
leaf_count=8915 8984 6153 20616 48188 24823 1635 4293 82488 2027 54866 11453 9417 2990 14452
internal_value=5.60077e-05 -0.000532018 -0.00021422 -0.000684099 -0.00808904 -0.0222947 -0.0296659 -0.00139504 0.0145908 0.000994161 0.00713881 -0.00206432 -0.00718738 0.00545756
internal_weight=23648.7 22934.1 22740.4 22390.8 4129.98 1315.34 1100.54 2814.65 923.734 18260.8 6064.2 12196.6 7255.46 4941.16
internal_count=301300 292316 286163 265547 124181 14843 13208 109338 84515 141366 59641 81725 12407 69318
is_linear=0
shrinkage=0.05


Tree=101
num_leaves=15
num_cat=0
split_feature=15 42 43 21 46 46 28 27 24 30 36 36 48 32
split_gain=98.1355 119.742 117.566 114.793 119.261 116.797 126.808 99.3667 276.553 275.484 300.836 171.927 174.712 127.801
threshold=0.010152545757591726 2.79174816608429 4.1190040111541757 0.7825840711593629 0.98380130529403698 0.89738324284553539 6.0833592414855966 6.3569750785827646 0.64090386033058178 0.0026912409812211995 0.64820474386215221 0.59870129823684703 0.95879709720611583 4.1190040111541757
decision_type=2 2 2 2 2 2 2 2 2 2 2 2 2 2
left_child=3 -2 -3 5 7 6 -1 8 13 10 11 12 -9 -5
right_child=1 2 -4 4 -6 -7 -8 9 -10 -11 -12 -13 -14 -15
leaf_value=-0.012949760433960018 0.0029070443192402966 -0.0067011064468781483 0.060654594022692236 0.003299742640914911 -0.04843553820449821 0.019764097790185769 -0.070898148672257189 0.033957017917168729 0.030954153553579285 -0.060410234565042922 0.0430890035810364 -0.057285594519563401 -0.044851777113868119 -0.0093561891742663331
leaf_weight=2325.8926499475201 9652.8892077860655 99.131771247833967 167.52334989979863 6237.7130400417373 117.86059322021902 253.49580405373126 89.144668498076499 167.61371228471398 734.07200462068431 239.51438409090042 256.46813421789557 198.74279442429543 106.45732837915421 2920.3844320682692
leaf_count=68079 137869 159 109 41898 4738 2307 458 515 17068 212 1198 228 107 26355
internal_value=5.73613e-05 0.00383973 0.0362773 -0.00269264 -0.000428042 -0.0119732 -0.0153723 0.000136999 0.00163911 -0.0150608 0.000448821 -0.0230939 0.00284406 -0.000741854
internal_weight=23566.9 9919.54 266.655 13647.4 10978.8 2668.53 2415.04 10861 9892.17 968.796 729.282 472.814 274.071 9158.1
internal_count=301300 138137 268 163163 92319 70844 68537 87581 85321 2260 2048 850 622 68253
is_linear=0
shrinkage=0.05


Tree=102
num_leaves=15
num_cat=0
split_feature=27 23 22 18 37 22 46 48 48 46 22 22 44 37
split_gain=95.0003 210.66 185.223 185.18 158.702 176.799 457.284 415.26 359.981 309.317 244.61 493.244 430.788 326.202
threshold=3.113268375396729 2.3502402305603032 6.7900948524475107 6.482342243194581 4.1937699317932138 6.7804884910583505 0.50193798542022716 0.93369108438491832 0.94518026709556591 0.95879089832305919 6.7929053306579599 6.7962646484375009 0.071549430489540114 4.0689902305603036
decision_type=2 2 2 2 2 2 2 2 2 2 2 2 2 2
left_child=2 3 -1 -2 5 6 7 -3 -9 -8 12 -12 -7 -13
right_child=1 4 -4 -5 -6 10 9 8 -10 -11 11 13 -14 -15
leaf_value=-0.037859993217033427 -0.024217048774119655 -0.042412436585084978 -0.0023964050352657672 0.048302888072108814 0.032242122893697114 -0.042262982771425588 0.039914747187025756 0.11966751066810018 -0.0034885278873453274 -0.0095092109467111094 0.038306831199980046 -0.00079784225040030921 -5.5414060418441146e-05 -0.059747810132851381
leaf_weight=454.05758003078518 105.77487799432129 559.53915673703887 1789.8483333662152 394.97309891134501 371.86738858558238 975.65639194939286 1233.1700165363145 72.242124842479825 211.09481685026549 420.23054440692067 800.71472332812846 14339.331337105483 1563.5349637158215 228.58181028068066
leaf_count=11728 777 13532 5218 3268 6710 9484 159256 1450 3933 13889 11293 37887 21311 1564
internal_value=5.27273e-05 0.00108627 -0.00970865 0.03281 0.000306238 -0.000291307 0.0121473 -0.0176874 0.0309215 0.0273714 -0.00203101 0.000348059 -0.0163754 -0.00176316
internal_weight=23520.6 21276.7 2243.91 500.748 20776 20404.1 2496.28 842.876 283.337 1653.4 17907.8 15368.6 2539.19 14567.9
internal_count=301300 284354 16946 4045 280309 273599 192060 18915 5383 173145 81539 50744 30795 39451
is_linear=0
shrinkage=0.05


Tree=103
num_leaves=15
num_cat=0
split_feature=36 36 41 36 36 33 47 22 37 22 23 46 32 32
split_gain=94.4822 281.519 142.001 100.225 477.361 250.756 153.992 351.257 284.948 181.18 292.61 283.868 178.695 177.166
threshold=0.95080643892288219 0.93569064140319835 0.65833333134651195 0.84680575132370006 0.76591458916664135 2.2499048709869389 4.3372693061828622 6.7929053306579599 2.3502402305603032 6.7804884910583505 5.0466406345367441 0.95879089832305919 2.9174053668975835 3.4334666728973393
decision_type=2 2 2 2 2 2 2 2 2 2 2 2 2 2
left_child=1 3 -2 4 6 -6 7 13 -9 10 -8 -12 -10 -1
right_child=2 -3 -4 -5 5 -7 9 8 12 -11 11 -13 -14 -15
leaf_value=0.0099082981075601095 0.043523184515837018 -0.1961528645927571 -0.016727613868868653 -0.0091735636618071222 0.045046314653171486 -0.01359052657001502 -0.039307596796960748 0.039574420155811862 -0.0060303992467275356 -0.0047703569821819745 0.046120426684565952 -0.0078195513276001632 0.029490372655113589 -0.026317517779308925
leaf_weight=546.28041104318982 278.0301433801651 8.3480613855645043 141.43669136613607 2743.027443807805 868.74488334264606 225.0714035279816 196.6676636452321 997.58147379010916 1078.8161963783205 13941.816057405435 640.43546590721235 386.1629278184846 515.22825487703085 855.55434489483014
leaf_count=10885 2645 299 1109 34774 13316 2669 9821 11765 1529 60035 128840 12494 3135 7984
internal_value=5.50572e-05 -0.000378585 0.0232912 -0.000222279 0.000994033 0.032967 -0.00084764 0.00787573 0.0187566 -0.00314846 0.0152254 0.0259508 0.00556293 -0.0122305
internal_weight=23423.2 23003.7 419.467 22995.4 20252.4 1093.82 19158.5 3993.46 2591.63 15165.1 1223.27 1026.6 1594.04 1401.83
internal_count=301300 297546 3754 297247 262473 15985 246488 35298 16429 211190 151155 141334 4664 18869
is_linear=0
shrinkage=0.05


Tree=104
num_leaves=15
num_cat=0
split_feature=1 40 46 49 32 37 32 22 36 22 22 36 28 22
split_gain=92.9366 91.4153 93.5785 103.311 101.545 318.357 503.448 487.589 314.93 653.513 526.905 360.856 410.617 528.245
threshold=0.014185110572725536 3.8460035284515477e-05 0.98812097311019909 0.96291711926460277 4.1190040111541757 1.0000000180025095e-35 1.0000000180025095e-35 6.7929053306579599 0.63397127389907848 6.8007264137268075 6.7962646484375009 0.59870129823684703 3.8815106153488164 6.8007264137268075
decision_type=2 2 2 2 2 2 2 2 2 2 2 2 2 2
left_child=1 -1 3 4 5 6 -3 -8 10 -10 -6 12 -12 -14
right_child=-2 2 -4 -5 8 -7 7 -9 9 -11 11 -13 13 -15
leaf_value=-0.017747322593442291 0.017799089856561739 -0.019600756481819678 -0.042541819094647104 0.027576238892673188 0.018447376755014948 -0.0018302004726430581 -0.0093579875114604572 0.040010814262066478 -0.0074175255829575411 0.049237204537671213 -0.044503214570234151 -0.058567798703081313 -0.025098889826928664 0.015696469070530513
leaf_weight=733.48362519414513 705.37758641882101 754.06915636360645 118.02453318797052 332.47196171758696 1200.6605660167988 10143.292209703475 679.95366984745488 1847.139864673838 1560.7540032045799 743.84455262124538 840.03716905415058 495.54797836020589 1626.5158016122878 1531.0834003537893
leaf_count=10937 8984 1763 4756 20634 117488 67466 12891 10389 35833 2377 929 544 4885 1424
internal_value=5.58414e-05 -0.000505407 8.06146e-05 0.000331284 -0.000104212 0.00255241 0.0160651 0.0267428 -0.00456066 0.0110024 -0.0108681 -0.0187253 -0.0136526 -0.00533059
internal_weight=23312.3 22606.9 21873.4 21755.4 21422.9 13424.5 3281.16 2527.09 7998.44 2304.6 5693.84 4493.18 3997.64 3157.6
internal_count=301300 292316 281379 276623 255989 92509 25043 23280 163480 38210 125270 7782 7238 6309
is_linear=0
shrinkage=0.05


Tree=105
num_leaves=15
num_cat=0
split_feature=21 46 28 27 26 22 47 47 28 36 46 30 34 24
split_gain=90.6954 153.06 165.518 194.582 147.237 237.212 251.972 137.162 228.474 127.551 120.242 144.283 118.922 143.378
threshold=0.79331472516059887 0.89781975746154796 6.0833592414855966 6.3569750785827646 0.67027905583381664 6.7804884910583505 4.388237953186036 6.2215831279754648 4.2972624301910409 0.17424242943525317 0.86850211024284374 0.025235130451619629 0.67862394452095043 0.86455860733985912
decision_type=2 2 2 2 2 2 2 2 2 2 2 2 2 2
left_child=1 2 4 -4 7 -6 -7 8 -1 -2 11 -8 13 -11
right_child=9 -3 3 -5 5 6 10 -9 -10 12 -12 -13 -14 -15
leaf_value=-0.016913362207048973 0.035928225695813609 0.019545786060286573 -0.093767763708638485 -0.0045651155023381709 0.035981146423674025 0.0090668693745796485 -0.046461732671403355 0.025626186892016279 -0.12413852722202078 0.00076291212880869063 0.025070446437958267 0.0055852883532506968 -0.02416947074408209 0.020239636687441286
leaf_weight=1888.6601822739176 259.04969898238778 531.65248994342983 110.76990863494575 125.99230362661183 415.16467452660436 1235.3944249488413 532.85351909231395 172.86495465692133 41.374175249016844 16177.70198068046 91.486821232363582 173.79491653479636 438.87610135786235 993.59633533470333
leaf_count=17558 1539 5300 735 473 113323 5189 1944 281 4965 125482 911 1588 3628 18384
internal_value=5.41424e-05 -0.00567045 -0.00850511 -0.0484075 -0.00632792 0.00200867 -0.00506928 -0.0159989 -0.01984 0.00176068 -0.0267914 -0.0337618 0.00123796 0.00190103
internal_weight=23189.2 5320.01 4788.36 236.762 4551.59 2448.69 2033.53 2102.9 1930.03 17869.2 798.135 706.648 17610.2 17171.3
internal_count=301300 152267 146967 1208 145759 122955 9632 22804 22523 149033 4443 3532 147494 143866
is_linear=0
shrinkage=0.05


Tree=106
num_leaves=15
num_cat=0
split_feature=0 22 37 37 48 43 18 34 36 48 31 31 26 41
split_gain=90.5838 150.395 202.681 254.738 158.777 197.132 162.314 132.433 117.917 112.922 110.554 106.478 150.325 96.9248
threshold=1.0000000180025095e-35 6.8007264137268075 1.2424533367156985 1.4978661537170412 0.87810423970222484 4.1510088443756112 6.6073255538940439 0.18590754270553592 0.37602458894252783 0.19440943747758868 0.79426440596580516 0.77628055214881908 0.74597367644310009 0.65833333134651195
decision_type=2 2 2 2 2 2 2 2 2 2 2 2 2 2
left_child=9 8 4 -4 5 11 -6 10 -2 -1 -5 12 -3 -11
right_child=1 2 3 7 6 -7 -8 -9 -10 13 -12 -13 -14 -15
leaf_value=-0.019163274823479515 -0.020689625627000184 0.02887504266241361 -0.044411503994356505 0.020882343909737436 -0.034765839372966074 0.077020181604647478 0.036544171037831891 0.043217605307643424 0.0031515419568517535 0.00072032741921400074 -0.030013168302712768 0.049901131288293016 -0.048786617209837582 -0.01026736553556354
leaf_weight=889.34492860741739 582.29013585382199 164.5220722258091 233.76997043192387 224.31863041967154 148.53742352128029 275.8589156717062 150.68215984106064 249.76436123996973 4160.4301936074044 13260.940950496122 185.9732968583703 193.30723795294762 86.915130794048309 2354.8007193491794
leaf_count=9199 5106 347 298 701 121 441 134 539 81000 188281 214 133 76 14710
internal_value=5.08804e-05 0.00497035 0.0167625 -0.000651071 0.0318828 0.0444473 0.00116522 0.0152789 0.000187056 -0.00193491 -0.00235231 0.0229941 0.00119023 -0.00094209
internal_weight=23161.5 6656.37 1913.65 893.826 1019.82 720.603 299.22 660.056 4742.72 16505.1 410.292 444.744 251.437 15615.7
internal_count=301300 89110 3004 1752 1252 997 255 1454 86106 212190 915 556 423 202991
is_linear=0
shrinkage=0.05


Tree=107
num_leaves=15
num_cat=0
split_feature=36 36 41 36 36 33 34 23 23 37 22 28 48 46
split_gain=86.7419 267.894 130.923 90.4607 430.618 236.369 153.11 147.426 256.306 420.232 468.335 353.389 236.107 226.484
threshold=0.95080643892288219 0.94319096207618724 0.65833333134651195 0.84680575132370006 0.76591458916664135 2.2499048709869389 0.40367275476455694 2.9700856208801274 5.059420347213746 2.0126758217811589 6.7804884910583505 1.8688347935676577 0.64499986171722423 0.95879089832305919
decision_type=2 2 2 2 2 2 2 2 2 2 2 2 2 2
left_child=1 3 -2 4 7 -6 -5 12 -9 10 13 -12 -1 -10
right_child=2 -3 -4 6 5 -7 -8 8 9 -11 11 -13 -14 -15
leaf_value=0.00082100962327455213 0.043046589898639971 -0.18892523584565427 -0.014845572761504151 -0.0037303085405229713 0.044439878224540701 -0.012773707045732413 -0.036760216096391504 -0.016550505085060604 0.045343078481955949 0.029335306126175766 0.048295709885259323 -0.0077556675355862532 0.029143912007516082 -0.0042861124932798162
leaf_weight=2984.2523600017739 263.55760141834617 8.8211513105779868 145.50856456533074 2333.3645115690306 818.45154056523461 225.92909161536954 403.59622958465479 2833.618217006675 690.86628924577963 1108.1368427667185 279.688675487414 9731.7776509132236 966.89375380985439 339.67814670316875
leaf_count=16038 2645 41 1109 30493 13316 2669 4539 16593 133849 18068 1601 45075 3947 11317
internal_value=4.979e-05 -0.000365724 0.022591 -0.000209404 0.000959833 0.0320592 -0.00871704 -0.000771511 -0.0030376 0.000124858 -0.00283049 -0.00614314 0.00780805 0.0291008
internal_weight=23134.1 22725.1 409.066 22716.3 19979.3 1044.38 2736.96 18934.9 14983.8 12150.1 11042 10011.5 3951.15 1030.54
internal_count=301300 297546 3754 297505 262473 15985 35032 246488 226503 209910 191842 46676 19985 145166
is_linear=0
shrinkage=0.05


Tree=108
num_leaves=15
num_cat=0
split_feature=2 20 36 37 36 36 32 48 22 22 25 28 47 22
split_gain=87.2688 83.3428 184.774 177.547 132.416 304.069 358.323 244.852 301.294 237.2 190.654 164.66 140.699 339.471
threshold=0.013072453904896976 0.0041150071192532786 0.68210527300834667 1.7005987167358401 0.57793521881103527 0.6012820601463319 6.2116029262542733 0.95879709720611583 6.7996129989624032 6.8007264137268075 0.037504246458411224 6.105907917022706 4.388237953186036 6.7962646484375009
decision_type=2 2 2 2 2 2 2 2 2 2 2 2 2 2
left_child=1 2 -1 -4 7 9 10 11 -9 -6 -7 12 -3 -14
right_child=-2 4 3 -5 5 6 -8 8 -10 -11 -12 -13 13 -15
leaf_value=-0.0093768866641762254 0.013660347754717309 0.014203362655182752 0.041139214367603698 0.00077657722163203312 -0.0050406213555954918 -0.0066277051268019381 0.042159675953038094 0.006219034868547431 -0.038340724809357428 -0.057335239147398111 0.021913637673081111 0.041178861436554526 0.021600859403872241 -0.016154113725872013
leaf_weight=5496.7748759909155 1110.7774029295833 3667.6668980536051 348.22559730627108 1139.5862152017653 435.88106440601405 4860.1792905193288 462.54457895504311 924.49622097768588 630.62359774112701 425.71336813271046 655.16649546963163 389.30656830128282 975.18721930816537 1494.8079977780581
leaf_count=41470 14384 18023 4484 11273 1769 55009 2637 63385 510 481 10761 2496 70714 3904
internal_value=5.18879e-05 -0.000644063 -0.00514777 0.0104351 0.0014661 -0.0036512 0.00037082 0.00579578 -0.0119801 -0.0312407 -0.00320376 0.0100429 0.00800423 -0.00122095
internal_weight=23016.9 21906.2 6984.59 1487.81 14921.6 6839.48 5977.89 8082.09 1555.12 861.594 5515.35 6526.97 6137.66 2470
internal_count=301300 286916 57227 15757 229689 70657 68407 159032 63895 2250 65770 95137 92641 74618
is_linear=0
shrinkage=0.05


Tree=109
num_leaves=15
num_cat=0
split_feature=18 2 26 37 33 44 49 31 47 37 37 22 24 28
split_gain=84.504 82.2795 80.3543 88.2401 92.1133 96.78 88.1508 79.0676 261.505 227.255 250.918 184.845 233.119 246.24
threshold=4.686739683151246 0.013245614245533945 0.97663551568984996 4.3036997318267831 3.7256208658218388 0.054792040959000594 0.96291711926460277 0.80684027075767528 6.2215831279754648 2.6735538244247441 3.5869791507720952 6.7996129989624032 0.096233550459146514 3.8815106153488164
decision_type=2 2 2 2 2 2 2 2 2 2 2 2 2 2
left_child=-1 2 3 6 5 -5 7 8 9 -2 -11 12 13 -9
right_child=1 -3 -4 4 -6 -7 -8 11 -10 10 -12 -13 -14 -15
leaf_value=-0.041082042791435618 -0.0031813967383588835 0.013986194590305881 -0.041309509185692976 0.02428683384873798 0.039402047146372923 -0.12894578488632108 0.025235564179280013 -0.041917554576895825 0.037697250559495389 0.034553711118555284 0.00048121405535233241 -0.010578321687920042 0.013410709823813309 0.0018792393591666959
leaf_weight=114.17929920880124 9322.1796400271123 1034.3050470399903 109.26396852824837 17.432165611535314 223.80496414005756 8.5656514056026918 317.50185607437743 454.86278635263443 475.67939205653965 912.44570854952326 1305.1146072950214 5202.0800113007426 2406.7687539358158 1033.9630525390385
leaf_count=5376 158167 13397 4374 310 4188 83 20598 4625 1724 5624 12671 7734 45472 16957
internal_value=5.24923e-05 0.000276174 -0.000380727 -0.000155506 0.0288091 -0.0479952 -0.000506406 -0.000905281 0.00175679 0.000243937 0.014593 -0.00441919 0.00381159 -0.0116919
internal_weight=22938.1 22824 21789.7 21680.4 249.803 25.9978 21430.6 21113.1 12015.4 11539.7 2217.56 9097.67 3895.59 1488.83
internal_count=301300 295924 282527 278153 4581 393 273572 252974 178186 176462 18295 74788 67054 21582
is_linear=0
shrinkage=0.05


Tree=110
num_leaves=15
num_cat=0
split_feature=21 46 28 23 27 46 27 22 46 34 32 27 36 22
split_gain=83.5861 137.364 151.669 160.803 147.167 119.919 117.28 307.733 198.13 105.295 121.639 228.44 348.741 147.092
threshold=0.79331472516059887 0.89781975746154796 5.9851942062377939 5.1789667606353769 6.3569750785827646 0.31222625076770788 6.3569750785827646 6.7962646484375009 0.87202519178390514 0.67862394452095043 6.1354806423187265 6.3587081432342538 0.60656467080116283 6.8007264137268075
decision_type=2 2 2 2 2 2 2 2 2 2 2 2 2 2
left_child=1 2 3 -1 -5 -2 7 8 -4 10 -7 -12 13 -13
right_child=5 -3 6 4 -6 9 -8 -9 -10 -11 11 12 -14 -15
leaf_value=-0.010549531915284398 0.039894028023999689 0.018857704197641111 -0.12787442816044448 0.019420965317221234 -0.043317200051750104 0.00046375688150872415 -0.0045997760494102466 -0.11009385477542227 0.039800287879308324 -0.023030100285449055 0.031776449949821095 -0.05696570419302889 0.047256728453399836 -0.0053774801385949875
leaf_weight=3414.3089097456977 193.15426614135504 512.74301993940026 11.904888697434215 847.33427551947534 95.4207673817873 15301.502531219856 154.63208330608904 123.25886353105307 80.542741844896227 425.28836983907968 893.72912993095815 215.57111193984747 221.03626231523231 362.75675703585148
leaf_count=54712 2518 5300 248 85537 90 118454 531 583 5266 3610 22411 223 1184 633
internal_value=5.04146e-05 -0.00548729 -0.00816203 -0.0055051 0.0126829 0.00170015 -0.0384544 -0.0614445 0.00783378 0.001254 0.00187489 0.0145506 -0.00486344 -0.0252484
internal_weight=22853.2 5240.15 4727.4 4357.06 942.755 17613 370.339 215.706 92.4476 17419.9 16994.6 1693.09 799.364 578.328
internal_count=301300 152267 146967 140339 85627 149033 6628 6097 5514 146515 142905 24451 2040 856
is_linear=0
shrinkage=0.05


Tree=111
num_leaves=15
num_cat=0
split_feature=15 42 2 31 21 46 30 27 30 36 24 36 48 32
split_gain=80.3217 108.427 100.814 97.7368 99.0254 96.0641 99.9197 85.144 247.403 226.565 220.31 154.061 128.009 109.726
threshold=0.010152545757591726 2.79174816608429 0.0085107926279306429 0.98850545287132274 0.78089317679405224 0.89738324284553539 0.00060468542505986999 6.3569750785827646 0.0026912409812211995 0.64820474386215221 0.64090386033058178 0.59870129823684703 0.95879709720611583 4.1190040111541757
decision_type=2 2 2 2 2 2 2 2 2 2 2 2 2 2
left_child=3 -2 -3 4 5 6 -1 10 9 11 13 12 -9 -6
right_child=1 2 -4 -5 7 -7 -8 8 -10 -11 -12 -13 -14 -15
leaf_value=-0.028553213340661351 0.0026075501694128793 0.0074982547912660763 0.069198517155190362 -0.04863263934448768 0.0031138779762625978 0.019022351267548039 -0.0065383555716720942 0.032319762537025967 -0.057658292002411765 0.041435868546073139 0.028360106027133999 -0.055309024257151521 -0.034541872477018835 -0.0087207833734286276
leaf_weight=775.64836855098838 9359.1094229817099 155.65086831152439 108.90772624313831 103.76985179912299 6087.5452840751968 233.8535411125049 1523.3255977916415 159.06613491103053 233.87367951869965 221.44230574788526 693.95787851238856 169.89833903312683 114.2669113278389 2875.4415329548065
leaf_count=11109 137869 170 98 4587 42129 2234 56878 516 212 1199 17386 228 107 26578
internal_value=4.76102e-05 0.00351899 0.0344929 -0.00248552 -0.00208279 -0.0109404 -0.0140574 5.09639e-05 -0.0145832 0.00120321 0.00142631 -0.0193681 0.00413565 -0.000688321
internal_weight=22815.8 9623.67 264.559 13192.1 13088.3 2532.83 2298.97 10555.5 898.547 664.674 9656.94 443.231 273.333 8962.99
internal_count=301300 138137 268 163163 158576 70221 67987 88355 2262 2050 86093 851 623 68707
is_linear=0
shrinkage=0.05


Tree=112
num_leaves=15
num_cat=0
split_feature=0 27 23 18 22 22 37 22 46 48 48 46 22 22
split_gain=77.0103 78.6525 182.011 166.678 165.536 153.277 134.489 133.121 359.652 369.458 319.793 269.661 211.36 420.977
threshold=0.015504807699471714 3.113268375396729 2.3502402305603032 6.482342243194581 6.7900948524475107 6.7984981536865243 4.1937699317932138 6.7804884910583505 0.50193798542022716 0.93369108438491832 0.94518026709556591 0.95879089832305919 6.7929053306579599 6.7962646484375009
decision_type=2 2 2 2 2 2 2 2 2 2 2 2 2 2
left_child=1 4 3 -3 -1 -6 7 8 9 -4 -11 -10 -9 -14
right_child=-2 2 6 -5 5 -7 -8 12 11 10 -12 -13 13 -15
leaf_value=-0.036994664195171022 0.025540139728405211 -0.02260748471166641 -0.039561185190804732 0.047590868776892989 0.0052610383946414705 -0.030390091293046102 0.030691519439055088 -0.015594989128157509 0.03789817487702693 0.11311513943102543 -0.0029054128361482596 -0.009632389615247032 0.036763400900515865 -0.0017864491451009209
leaf_weight=422.63739996848744 282.38756434989045 103.57906938390806 544.4755394582171 353.44321499764919 1385.2922867238522 374.66490127146244 339.71076458133757 2476.653761276044 1096.7632505220245 72.972743044840172 207.31781350297388 403.79157392214984 735.98216686397791 13971.379221988842
leaf_count=11619 3596 774 13420 3237 4505 653 6632 30458 157205 1431 3894 13719 11162 38995
internal_value=4.47906e-05 -0.000286561 0.000684549 0.0315378 -0.00928334 -0.0024573 -4.13662e-05 -0.000591959 0.0106096 -0.0157908 0.0301563 0.0251288 -0.00211303 0.000166322
internal_weight=22771.1 22488.7 20306.1 457.022 2182.59 1759.96 19849 19509.3 2325.32 824.766 280.291 1500.55 17184 14707.4
internal_count=301300 297704 280927 4011 16777 5158 276916 270284 189669 18745 5325 170924 80615 50157
is_linear=0
shrinkage=0.05


Tree=113
num_leaves=15
num_cat=0
split_feature=36 36 41 28 28 37 32 23 36 26 22 23 42 41
split_gain=75.4985 237.158 122.602 80.2769 159.008 276.559 203.263 144.97 123.551 159.329 270.432 365.697 337.403 297.435
threshold=0.95080643892288219 0.94319096207618724 0.65833333134651195 1.0000000180025095e-35 1.8688347935676577 1.4978661537170412 2.2924837470054631 3.0677825212478642 0.25487013161182409 0.67924576997756969 6.7996129989624032 2.9174053668975835 1.0000000180025095e-35 0.65833333134651195
decision_type=2 2 2 2 2 2 2 2 2 2 2 2 2 2
left_child=1 3 -2 -1 5 -5 -6 -7 -8 -10 12 -12 -11 -13
right_child=2 -3 -4 4 6 7 8 -9 9 10 11 13 -14 -15
leaf_value=-0.011742085296986591 0.042424178141965779 -0.171607562584697 -0.014055995546023223 0.04421755356311876 -0.042722578562943508 -0.0010443695208080318 0.013399675687659249 0.04659930581470989 -0.012392139797143355 0.0029540716765254459 0.045921401016965215 -0.0037624825694520347 0.03344971566417098 -0.031262984446126268
leaf_weight=1397.5558355869725 246.50292610004544 10.194489337503908 147.26933129690588 530.24291388969868 276.9605011343956 1671.2243890385143 1497.3840903902892 166.48472783714533 2806.2423048368073 5648.6514929168625 313.26731312274933 5717.564894573763 1071.0872247177176 1178.3746446073055
leaf_count=8120 2645 41 1109 4693 359 5253 10047 1522 28331 205620 1516 11642 19117 1285
internal_value=4.8268e-05 -0.000339812 0.0214758 -0.000184459 0.00059447 0.0127658 -0.00096868 0.00350068 -0.000311349 -0.00154541 0.00064718 -0.00607506 0.00785738 -0.00850022
internal_weight=22679 22285.2 393.772 22275 20877.5 2367.95 18509.5 1837.71 18232.6 16735.2 13928.9 7209.21 6719.74 6895.94
internal_count=301300 297546 3754 297505 289385 11468 277917 6775 277558 267511 239180 14443 224737 12927
is_linear=0
shrinkage=0.05


Tree=114
num_leaves=15
num_cat=0
split_feature=22 37 37 53 37 47 47 37 27 47 31 43 48 43
split_gain=76.4746 443.413 684.646 614.453 463.15 348.69 318.982 300.485 233.189 225.449 384.211 277.13 218.301 266.212
threshold=6.8007264137268075 1.2424533367156985 1.4978661537170412 1.0000000180025095e-35 1.0000000180025095e-35 6.2255475521087655 6.2255475521087655 3.1984648704528813 5.4574534893035898 4.4005842208862314 0.77628055214881908 4.135134458541871 0.92353922128677379 6.1169946193695077
decision_type=2 2 2 2 2 2 2 2 2 2 2 2 2 2
left_child=6 4 -3 -4 5 9 12 -5 -8 10 11 -2 13 -1
right_child=1 2 3 7 -6 -7 8 -9 -10 -11 -12 -13 -14 -15
leaf_value=-0.0048318895989513579 -0.031169271632446306 -0.048771680582582466 0.042961188260685887 -0.017802387370428215 0.044736151290640638 0.049301705777636595 0.021547329717392111 0.049246197421037613 -0.049328590418222309 -0.028007515474501588 0.042742200301191961 0.062939554118424917 0.010177121396610974 0.044983659789366706
leaf_weight=11422.762722526386 514.15831184387207 778.41459964215755 729.82311679422855 1639.3773511648178 1065.506848692894 345.45098183304071 140.23729335144162 176.27601520717144 549.39501314051449 652.06432569026947 464.59747904539108 82.413501739501953 3754.2806107297656 264.68570253252983
leaf_count=154858 844 1124 3641 1172 1731 1048 669 677 967 303 388 68 130978 2832
internal_value=4.73135e-05 0.0046456 -0.00805608 0.00453701 0.0181418 0.00422768 -0.00179247 -0.0110588 -0.0348139 -0.00509426 0.00911543 -0.0173453 -0.000296144 -0.00366623
internal_weight=22579.4 6448.08 3323.89 2545.48 3124.19 2058.68 16131.4 1815.65 689.632 1713.23 1061.17 596.572 15441.7 11687.4
internal_count=301300 10996 6614 5490 4382 2651 290304 1849 1636 1603 1300 912 288668 157690
is_linear=0
shrinkage=0.05


Tree=115
num_leaves=15
num_cat=0
split_feature=0 22 37 37 48 43 18 19 31 36 32 37 43 32
split_gain=75.9692 139.429 170.23 209.532 126.208 179.271 153.135 125.192 109.579 99.6478 98.2781 196.089 125.26 99.2178
threshold=1.0000000180025095e-35 6.8007264137268075 1.2424533367156985 1.4978661537170412 0.87810423970222484 4.1510088443756112 6.6073255538940439 0.23125332593917849 0.79426440596580516 0.37602458894252783 1.0000000180025095e-35 3.933552742004395 6.0969495773315439 1.5890269279479983
decision_type=2 2 2 2 2 2 2 2 2 2 2 2 2 2
left_child=10 9 4 -4 5 -3 -6 8 -5 -2 11 12 -1 -12
right_child=1 2 3 7 6 -7 -8 -9 -10 -11 13 -13 -14 -15
leaf_value=-0.046132359646767748 -0.019422350838050838 0.021155659526613337 -0.041988354288995243 0.020225413848446103 -0.033219976152896458 0.073488651417470338 0.037089080267275532 0.040883664532916461 -0.032785696319342354 0.0027542970597020469 0.045697353969267475 0.0072357130683610507 0.025857444632976526 -0.001144700049400585
leaf_weight=468.70699844468618 568.44297939565149 440.11497336626053 213.54131835699081 202.89774724841118 143.78985099494457 262.75428333878517 146.04550519585609 250.94512928649783 170.02789822220802 4065.1487540852395 103.91207198426127 448.77789097651839 62.632281213998795 14920.078028660093
leaf_count=4141 5106 556 298 672 121 441 134 635 147 81000 1413 2091 271 204274
internal_value=5.11452e-05 0.0046219 0.016266 -0.000370698 0.0301639 0.0414758 0.00226354 0.0143121 -0.00416894 -2.27243e-06 -0.00179662 -0.0170548 -0.0373256 -0.000790541
internal_weight=22467.8 6463.71 1830.12 837.412 992.705 702.869 289.835 623.871 372.926 4633.59 16004.1 980.117 531.339 15024
internal_count=301300 89110 3004 1752 1252 997 255 1454 819 86106 212190 6503 4412 205687
is_linear=0
shrinkage=0.05


Tree=116
num_leaves=15
num_cat=0
split_feature=1 53 46 1 49 21 46 46 28 23 27 27 22 46
split_gain=71.9448 87.7242 80.7816 93.4011 87.9309 72.1124 102.485 99.3309 138.108 137.8 131.093 130.429 204.936 137.127
threshold=0.014185110572725536 1.0000000180025095e-35 0.97948163747787487 1.0000000180025095e-35 0.96291711926460277 0.79331472516059887 0.31222625076770788 0.89781975746154796 5.9851942062377939 5.1789667606353769 6.3569750785827646 6.3569750785827646 6.7962646484375009 0.87202519178390514
decision_type=2 2 2 2 2 2 2 2 2 2 2 2 2 2
left_child=2 -2 4 -4 5 7 -7 8 9 -1 -11 12 13 -10
right_child=1 -3 3 -5 -6 6 -8 -9 11 10 -12 -13 -14 -15
leaf_value=-0.010193710382017171 0.0078228082571826316 0.055858512545814643 -0.045371385112115276 0.02811396586703916 0.026942114817308238 0.038989048471774965 0.0006809494398266647 0.017457388668325531 -0.10513598551647448 0.018410801944122101 -0.041274021873903471 -0.002581218754223884 -0.10500159693031282 0.038295583552419882
leaf_weight=3304.4399407343881 574.55491779756267 105.05321496166289 181.07526230998337 48.469009524211287 285.7846701341914 166.50847938656807 16127.773499470204 411.26165265962481 12.244067188818006 805.93306561140344 94.182657852768898 142.42962347902358 111.7227571643889 56.471830096561462
leaf_count=52091 8724 260 6538 1180 20341 2433 126199 3301 209 76156 90 488 448 2842
internal_value=5.06286e-05 0.0159505 -0.000453324 -0.0293288 -0.000131824 -0.000508737 0.00109609 -0.00579507 -0.00794109 -0.00547258 0.0117809 -0.0389572 -0.0660273 0.00262877
internal_weight=22427.9 679.608 21748.3 229.544 21518.8 21233 16294.3 4938.69 4527.42 4204.56 900.116 322.868 180.439 68.7159
internal_count=301300 8984 292316 7718 284598 264257 128632 135625 132324 128337 76246 3987 3499 3051
is_linear=0
shrinkage=0.05


Tree=117
num_leaves=15
num_cat=0
split_feature=34 33 31 28 21 24 48 22 32 22 23 22 37 32
split_gain=70.3323 130.96 185.169 310.754 130.992 121.489 149.449 137.816 391.79 347.332 295.124 241.654 241.086 218.69
threshold=0.65230503678321849 0.89587974548339855 0.8981662690639497 3.7012257575988774 0.6453654170036317 0.82488366961479198 0.9494166672229768 6.7900948524475107 3.5831329822540288 6.787281036376954 6.1954247951507577 6.7702026367187509 1.8688347935676577 4.1190040111541757
decision_type=2 2 2 2 2 2 2 2 2 2 2 2 2 2
left_child=5 2 3 4 -2 7 -7 8 11 12 -11 -1 -10 -9
right_child=1 -3 -4 -5 -6 6 -8 13 9 10 -12 -13 -14 -15
leaf_value=0.021111546158408635 -0.063467732151043121 -0.028650201883851839 0.022857881611727346 -0.056477285488094026 0.019812486585566155 0.03027473833793716 -0.0028469365250180663 0.0062069679092224212 0.028471821341679301 -0.030245794215421007 -0.20202629385789805 -0.04687388691786161 -0.0036476504781772379 -0.0064966849782984656
leaf_weight=149.57991741147998 43.711776616983116 583.74502486316487 506.31751667405479 279.63571032951586 390.7691634981893 740.34677174990065 620.72983906581067 10236.005619024858 869.29628103901632 377.57414956018329 17.415152532979846 807.01653974875808 1735.2755771917291 5051.7589090429246
leaf_count=9729 392 2867 7826 3404 5608 12124 13921 42177 133108 2836 436 12159 42450 12263
internal_value=4.80615e-05 -0.00939023 -2.00295e-05 -0.0163324 0.0101945 0.000878635 0.0152587 -0.000145832 -0.00845146 0.000467823 -0.0426211 -0.0361348 0.00714037 0.00200761
internal_weight=22409.2 1804.18 1220.43 714.117 434.481 20605 1361.08 19243.9 3956.16 2999.56 394.989 956.596 2604.57 15287.8
internal_count=301300 20097 17230 9404 6000 281203 26045 255158 200718 178830 3272 21888 175558 54440
is_linear=0
shrinkage=0.05


Tree=118
num_leaves=15
num_cat=0
split_feature=18 1 46 1 37 33 44 49 53 31 47 47 24 28
split_gain=69.5822 68.4737 78.8732 85.4436 81.4882 95.1291 85.1698 82.6902 77.8854 69.9228 213.803 176.725 167.09 300.875
threshold=4.686739683151246 0.014185110572725536 0.97948163747787487 1.0000000180025095e-35 4.3036997318267831 3.7256208658218388 0.054792040959000594 0.96291711926460277 1.0000000180025095e-35 0.81983605027198803 6.2215831279754648 4.8597824573516855 0.10179924219846727 3.8815106153488164
decision_type=2 2 2 2 2 2 2 2 2 2 2 2 2 2
left_child=-1 2 4 -4 7 6 -6 9 -3 10 11 -2 13 -11
right_child=1 8 3 -5 5 -7 -8 -9 -10 12 -12 -13 -14 -15
leaf_value=-0.038788547987250892 0.002305669570200911 0.0081120477782306074 -0.044390314630721246 0.026463576266033587 0.023197035428746904 0.041330025480463793 -0.11992528239665926 0.026304999341674535 0.053594252021959846 -0.033019827848130227 0.035141406331653378 -0.018710761803431272 0.00090394368282875311 0.00022056077058705572
leaf_weight=104.78599916260282 11189.827446321025 569.78173094330123 178.63665885943919 47.648330992087722 16.536175653338436 198.87789113260806 9.6109425481408817 278.92587301600724 104.07283209078014 1193.6922202808782 450.22989726532251 1088.3821932942374 5353.2019538924797 1566.6824251366779
leaf_count=5376 91990 8691 6538 1180 305 4099 87 20341 254 5230 1763 92376 46152 16918
internal_value=4.06064e-05 0.00024085 -0.000252823 -0.0289822 6.51608e-05 0.0293443 -0.0480339 -0.000260522 0.0158175 -0.000628489 0.00168346 0.000428991 -0.00425304 -0.0142212
internal_weight=22350.9 22246.1 21572.3 226.285 21346 225.025 26.1471 21120.9 673.855 20842 12728.4 12278.2 8113.58 2760.37
internal_count=301300 295924 286979 7718 279261 4491 392 274770 8945 254429 186129 184366 68300 22148
is_linear=0
shrinkage=0.05


Tree=119
num_leaves=15
num_cat=0
split_feature=0 22 37 33 34 48 43 18 32 37 43 41 56 37
split_gain=67.0247 125.467 155.344 191.483 116.403 114.438 169.559 140.251 95.4186 184.51 110.847 96.443 294.895 215.804
threshold=1.0000000180025095e-35 6.8007264137268075 1.2424533367156985 1.2424533367156985 0.18590754270553592 0.87810423970222484 4.1510088443756112 6.6073255538940439 1.0000000180025095e-35 3.933552742004395 6.0969495773315439 0.61250001192092907 1.0000000180025095e-35 0.89587974548339855
decision_type=2 2 2 2 2 2 2 2 2 2 2 2 2 2
left_child=8 -2 5 -4 -5 6 -3 -7 9 10 -1 -10 13 -13
right_child=1 2 3 4 -6 7 -8 -9 11 -11 -12 12 -14 -15
leaf_value=-0.045501922266909765 -3.7270785425249132e-05 0.019999619580333489 -0.039899435668914081 -0.0041982865833450735 0.039989390714210905 -0.031894646967943356 0.071239110781390294 0.035536289421820327 0.0009789730442913223 0.0065091461444206876 0.024159406399042703 0.036465365182821514 -0.032266898176933657 -0.0077971350957633349
leaf_weight=451.65819370605459 4604.3738948025566 440.18745943903923 216.54023464769125 360.83475695177913 241.92189563065767 143.06353724002838 256.35240779817104 145.44531544297934 12684.035393286962 446.94510952010751 58.828623667359352 371.48782857181504 898.42607130110264 981.37784107774496
leaf_count=4141 86106 556 288 855 609 121 441 134 191210 2091 271 6210 2396 5871
internal_value=3.82723e-05 0.00435084 0.015487 -0.00062884 0.0139 0.0287627 0.039599 0.00215083 -0.00170241 -0.0169202 -0.0371642 -0.000716196 -0.0102291 0.00453543
internal_weight=22301.5 6408.72 1804.35 819.297 602.757 985.049 696.54 288.509 15892.8 957.432 510.487 14935.3 2251.29 1352.87
internal_count=301300 89110 3004 1752 1464 1252 997 255 212190 6503 4412 205687 14477 12081
is_linear=0
shrinkage=0.05


end of trees

feature_importances:
Column_22=228
Column_36=185
Column_37=182
Column_47=131
Column_27=124
Column_32=103
Column_31=102
Column_48=79
Column_28=66
Column_46=61
Column_18=43
Column_23=43
Column_43=42
Column_33=33
Column_26=25
Column_42=25
Column_41=22
Column_15=20
Column_34=19
Column_24=17
Column_0=16
Column_49=16
Column_44=13
Column_2=12
Column_21=10
Column_29=9
Column_54=9
Column_52=8
Column_1=7
Column_30=7
Column_38=4
Column_53=4
Column_56=4
Column_20=3
Column_25=3
Column_16=2
Column_19=2
Column_40=1

parameters:
[boosting: gbdt]
[objective: binary]
[metric: binary_logloss]
[tree_learner: serial]
[device_type: cpu]
[data_sample_strategy: bagging]
[data: ]
[valid: ]
[num_iterations: 120]
[learning_rate: 0.05]
[num_leaves: 15]
[num_threads: 2]
[seed: 20260928]
[deterministic: 1]
[force_col_wise: 1]
[force_row_wise: 0]
[histogram_pool_size: -1]
[max_depth: -1]
[min_data_in_leaf: 100]
[min_sum_hessian_in_leaf: 0.001]
[bagging_fraction: 1]
[pos_bagging_fraction: 1]
[neg_bagging_fraction: 1]
[bagging_freq: 0]
[bagging_seed: 8287]
[bagging_by_query: 0]
[feature_fraction: 1]
[feature_fraction_bynode: 1]
[feature_fraction_seed: 24490]
[extra_trees: 0]
[extra_seed: 6370]
[early_stopping_round: 0]
[early_stopping_min_delta: 0]
[first_metric_only: 0]
[max_delta_step: 0]
[lambda_l1: 0]
[lambda_l2: 10]
[linear_lambda: 0]
[min_gain_to_split: 0]
[drop_rate: 0.1]
[max_drop: 50]
[skip_drop: 0.5]
[xgboost_dart_mode: 0]
[uniform_drop: 0]
[drop_seed: 1862]
[top_rate: 0.2]
[other_rate: 0.1]
[min_data_per_group: 100]
[max_cat_threshold: 32]
[cat_l2: 10]
[cat_smooth: 10]
[max_cat_to_onehot: 4]
[top_k: 20]
[monotone_constraints: ]
[monotone_constraints_method: basic]
[monotone_penalty: 0]
[feature_contri: ]
[forcedsplits_filename: ]
[refit_decay_rate: 0.9]
[cegb_tradeoff: 1]
[cegb_penalty_split: 0]
[cegb_penalty_feature_lazy: ]
[cegb_penalty_feature_coupled: ]
[path_smooth: 0]
[interaction_constraints: ]
[verbosity: -1]
[saved_feature_importance_type: 0]
[use_quantized_grad: 0]
[num_grad_quant_bins: 4]
[quant_train_renew_leaf: 0]
[stochastic_rounding: 1]
[linear_tree: 0]
[max_bin: 255]
[max_bin_by_feature: ]
[min_data_in_bin: 3]
[bin_construct_sample_cnt: 301301]
[data_random_seed: 5112]
[is_enable_sparse: 1]
[enable_bundle: 1]
[use_missing: 1]
[zero_as_missing: 0]
[feature_pre_filter: 1]
[pre_partition: 0]
[two_round: 0]
[header: 0]
[label_column: ]
[weight_column: ]
[group_column: ]
[ignore_column: ]
[categorical_feature: ]
[forcedbins_filename: ]
[precise_float_parser: 0]
[parser_config_file: ]
[objective_seed: 23271]
[num_class: 1]
[is_unbalance: 0]
[scale_pos_weight: 1]
[sigmoid: 1]
[boost_from_average: 1]
[reg_sqrt: 0]
[alpha: 0.9]
[fair_c: 1]
[poisson_max_delta_step: 0.7]
[tweedie_variance_power: 1.5]
[lambdarank_truncation_level: 30]
[lambdarank_norm: 1]
[label_gain: ]
[lambdarank_position_bias_regularization: 0]
[eval_at: ]
[multi_error_top_k: 1]
[auc_mu_weights: ]
[num_machines: 1]
[local_listen_port: 12400]
[time_out: 120]
[machine_list_filename: ]
[machines: ]
[gpu_platform_id: -1]
[gpu_device_id: -1]
[gpu_device_id_list: ]
[gpu_use_dp: 0]
[num_gpu: 1]

end of parameters

pandas_categorical:null
