sgRNA	Gene	D39_DMSO_rep1	D39_DMSO_rep2	D39_GEF_rep1	D39_GEF_rep2
AAK1_PKc_E5_143.1	AAK1	0	936	119	1007
AATK_PKc_E7_134.11	AATK	0	5918	110	10492
ABL2_PKc_E5_120.8	ABL2	0	3177	0	1851
ACVR1B_PKc_E10_102.5	ACVR1B	0	2177	0	1636
ADCK1_PKc_E5_159.11	ADCK1	0	61	347	0
ADCK2_PKc_E6_129.2	ADCK2	0	162	0	46
AK3_PKc_E5_40	AK3	0	592	136	203
ANKK1_PKc_E5_156.2	ANKK1	0	789	101	3609
ATM_PKc_E60_115.6	ATM	0	0	414	194
ATM_PKc_E62_36	ATM	0	131	9	568
ATR_PKc_E41_144.3	ATR	0	0	0	0
ATR_PKc_E43_157.9	ATR	0	0	0	0
ATR_PKc_E45_152	ATR	0	0	0	0
ATR_PKc_E46_46.1	ATR	0	0	71	0
AURKA_PKc_E7_188.1	AURKA	0	0	0	0
AURKA_PKc_E8_139	AURKA	0	0	0	0
AURKA_PKc_E8_139.6	AURKA	0	0	0	0
AURKB_PKc_E5_191.1	AURKB	0	0	0	3
AURKB_PKc_E5_191.2	AURKB	0	0	0	0
AURKB_PKc_E6_139.5	AURKB	0	0	0	0
AURKB_PKc_E8_175.4	AURKB	0	0	0	0
AURKB_PKc_E9_156.14	AURKB	0	0	0	0
AXL_PKc_E18_160.14	AXL	0	766	0	930
BCR_PKc_E1_1278.13	BCR	0	166	0	272
BCR_PKc_E1_1278.203	BCR	0	744	0	100
BMPR1A_PKc_E10_298	BMPR1A	0	128	0	0
BMPR1B_PKc_E9_176	BMPR1B	0	0	0	138
BRSK1_PKc_E5_117.2	BRSK1	0	23	255	81
BUB1B_PKc_E21_172.12	BUB1B	0	28	0	0
BUB1B_PKc_E22_107.9	BUB1B	0	0	9	0
CAMK1_PKc_E5_139	CAMK1	0	727	73	590
CAMK2G_PKc_E5_66.2	CAMK2G	0	69	0	253
CASK_PKc_E5_73.1	CASK	0	316	0	1157
CDC42BPB_PKc_E5_149.5	CDC42BPB	0	163	0	465
CDC42BPG_PKc_E2_48.1	CDC42BPG	0	84	384	267
CDC7_PKc_E5_94.1	CDC7	0	0	0	0
CDC7_PKc_E6_143.7	CDC7	0	0	0	1
CDC7_PKc_E7_250.6	CDC7	0	143	266	74
CDK1_e6.1	CDK1	0	0	0	0
CDK1_PKc_E4_124.1	CDK1	0	0	0	0
CDK1_PKc_E6_164	CDK1	0	347	0	380
CDK11A_PKc_E16_108.16	CDK11A	0	0	0	0
CDK11B_PKc_E16_108.16	CDK11B	0	0	0	0
CDK12_PKc_E8_102.1	CDK12	0	0	0	0
CDK13_PKc_E4_94.2	CDK13	0	89	82	171
CDK13_PKc_E5_171	CDK13	0	103	0	59
CDK13_PKc_E9_78.2	CDK13	0	74	212	109
CDK15_PKc_E7_124.3	CDK15	0	76	0	61
CDK18_PKc_E6_115.5	CDK18	0	22	0	0
CDK2_PKc_E1_116.9	CDK2	0	0	0	0
CDK2_PKc_E2_78.3	CDK2	0	0	0	0
CDK2_PKc_E4_171.1	CDK2	0	0	0	0
CDK2_PKc_E5_102.12	CDK2	0	0	0	0
CDK7_PKc_E4_68.3	CDK7	0	96	2	112
CDK7_PKc_E6_111.3	CDK7	0	0	0	0
CDK7_PKc_E7_119.11	CDK7	0	0	0	56
CDK9_e3.1	CDK9	0	395	0	427
CDK9_e4.2	CDK9	0	296	0	111
CDK9_e5.1	CDK9	0	0	0	0
CDK9_e5.2	CDK9	0	0	0	0
CDK9_PKc_E1_77.4	CDK9	0	0	0	0
CDK9_PKc_E6_149.13	CDK9	0	1095	0	2038
CHEK1_PKc_E2_65.4	CHEK1	0	0	0	0
CHEK1_PKc_E3_224.1	CHEK1	0	0	0	0
CHEK1_PKc_E4_65.6	CHEK1	0	0	0	0
CHEK1_PKc_E5_70.1	CHEK1	0	0	0	0
CHEK1_PKc_E6_189.6	CHEK1	0	0	0	60
CHEK1_PKc_E7_105.1	CHEK1	0	80	181	0
CHEK2_PKc_E6_109.1	CHEK2	0	232	0	425
CIT_PKc_E4_132.1	CIT	0	249	141	41
CIT_PKc_E5_102.1	CIT	0	307	243	432
CLK2_PKc_E10_83.3	CLK2	0	156	683	416
CLK3_PKc_E9_130.3	CLK3	0	2068	68	6102
CSF1R_PKc_E14_111.8	CSF1R	0	34	0	111
CSNK1A1_PKc_E1_78.2	CSNK1A1	0	0	0	0
CSNK1A1_PKc_E2_107.7	CSNK1A1	0	74	0	245
CSNK1A1_PKc_E3_127.1	CSNK1A1	0	1	0	0
CSNK1E_PKc_E3_111.11	CSNK1E	0	305	157	388
CSNK1G2_PKc_E7_86.13	CSNK1G2	0	399	69	841
CSNK2A1_PKc_E11_101.1	CSNK2A1	0	833	156	452
CSNK2A1_PKc_E12_149.5	CSNK2A1	0	190	97	0
DYRK1B_PKc_E9_213.48	DYRK1B	0	163	0	44
DYRK2_PKc_E3_1140.135	DYRK2	0	183	0	222
DYRK3_PKc_E3_1140.115	DYRK3	0	292	73	353
EGFR_PKc_E18_75.5	EGFR	0	210	29	761
EGFR_PKc_E21_156	EGFR	0	227	136	665
EGFR_PKc_E22_76.2	EGFR	0	39	132	44
EIF2AK1_PKc_E9_328.3	EIF2AK1	0	685	98	658
EPHA10_PKc_E11_186.3	EPHA10	0	312	117	331
EPHA2_PKc_E13_210.8	EPHA2	0	8	9	75
EPHA7_PKc_E12_62.2	EPHA7	0	259	230	346
EPHB6_PKc_E15_150.12	EPHB6	0	340	179	587
FASTK_PKc_E6_143.9	FASTK	0	167	0	195
FES_PKc_E16_124.2	FES	0	29	0	33
FGR_PKc_E9_180.14	FGR	0	24	0	66
FLT4_PKc_E21_151.21	FLT4	0	20	293	88
GAK_PKc_E5_143.15	GAK	0	52	221	0
GCK_PKc_E5_96.1	GCK	0	390	0	959
HUNK_PKc_E6_86.5	HUNK	0	460	124	1338
JAK1_PKc2_E23_118	JAK1	0	290	0	249
JAK3_PKc_E14_128.4	JAK3	0	246	148	75
JAK3_PKc_E17_151.1	JAK3	0	1525	0	798
KIAA1804_PKc_E1_436.31	KIAA1804	0	0	0	0
LATS1_PKc_E5_487.26	LATS1	0	992	44	3542
LATS2_PKc_E6_183.17	LATS2	0	1337	121	1486
LIMK2_PKc_E9_132.8	LIMK2	0	3345	252	2161
MAK_PKc_E5_80.2	MAK	0	46	0	431
MAP2K1_PKc_E2_108.8	MAP2K1	0	0	0	0
MAP3K1_PKc_E17_132.1	MAP3K1	0	1022	0	4574
MAP3K10_PKc_E2_181.9	MAP3K10	0	213	0	603
MAP3K12_PKc_E6_159.21	MAP3K12	0	461	180	1007
MAP3K13_PKc_E3_158.16	MAP3K13	0	486	66	1055
MAP3K3_PKc_E16_178.27	MAP3K3	0	62	0	235
MAP3K5_PKc_E15_134.6	MAP3K5	0	1498	0	264
MAP3K6_PKc_E16_128	MAP3K6	0	961	0	646
MAP3K6_PKc_E18_106.4	MAP3K6	0	146	0	163
MAP3K7_PKc_E2_111.1	MAP3K7	0	0	0	1
MAP3K7_PKc_E3_66.4	MAP3K7	0	0	0	0
MAP3K7_PKc_E4_46.1	MAP3K7	0	64	0	0
MAP3K7_PKc_E5_139.1	MAP3K7	0	0	111	0
MAPK13_PKc_E3_59	MAPK13	0	14	0	59
MAPK3_PKc_E1_65.3	MAPK3	0	0	0	0
MAPK7_PKc_E2_88.4	MAPK7	0	234	0	290
MAPKAPK2_PKc_E3_65.1	MAPKAPK2	0	1263	0	787
MARK2_PKc_E7_57	MARK2	0	239	64	209
MAST4_PKc_E17_133.8	MAST4	0	298	1	1356
MASTL_PKc1_E1_87.13	MASTL	0	0	0	0
MASTL_PKc1_E2_138.1	MASTL	0	0	0	0
MASTL_PKc1_E3_140.4	MASTL	0	0	0	0
MASTL_PKc1_E5_107.2	MASTL	0	0	147	92
MASTL_PKc1_E6_151.1	MASTL	0	217	338	93
MASTL_PKc2_E10_114.7	MASTL	0	74	0	98
MKNK1_PKc_E4_98.4	MKNK1	0	87	0	118
MKNK1_PKc_E8_123.18	MKNK1	0	102	0	219
MKNK2_PKc_E7_74.1	MKNK2	0	277	612	817
MOS_PKc_E1_849.53	MOS	0	0	0	91
MTOR_PKc_E47_136.1	MTOR	0	0	0	0
MTOR_PKc_E48_148.19	MTOR	0	0	0	0
MTOR_PKc_E49_123.6	MTOR	0	1	0	1
MTOR_PKc_E50_83.9	MTOR	0	39	0	0
MUSK_PKc_E13_74.1	MUSK	0	214	355	326
neg31	CONTROL	0	196	0	263
NEK8_PKc_E1_41.1	NEK8	0	452	228	512
NIM1K_PKc_E3_269.33	NIM1K	0	402	0	85
NLK_PKc_E2_130.5	NLK	0	0	0	53
NRBP1_PKc_E2_33.1	NRBP1	0	0	0	32
NRBP1_PKc_E5_90.1	NRBP1	0	0	121	0
NRBP1_PKc_E8_84.1	NRBP1	0	98	97	313
NTRK1_PKc_E15_241.18	NTRK1	0	417	0	2788
NTRK2_PKc_E17_123.3	NTRK2	0	154	97	860
NTRK2_PKc_E18_173.3	NTRK2	0	2445	0	2907
NTRK2_PKc_E19_235.8	NTRK2	0	541	207	537
NUAK1_PKc_E4_66.2	NUAK1	0	136	186	54
NUAK2_PKc_E1_87	NUAK2	0	166	188	275
OBSCN_PKc_E87_61.4	OBSCN	0	32	76	0
OBSCN_PKc2_E101_240.47	OBSCN	0	106	0	60
PAK2_PKc_E13_197.21	PAK2	0	159	1	188
PAK3_PKc_E9_64.1	PAK3	0	2371	777	1921
PAK7_PKc_E8_127.4	PAK7	0	12	0	2
PCNA_e2.1	PCNA	0	0	0	0
PCNA_e3.2	PCNA	0	0	0	4
PDIK1L_PKc_E2_267.1	PDIK1L	0	281	0	2490
PDK2_PKc_E4_185.26	PDK2	0	0	0	0
PDPK1_PKc_E2_48.3	PDPK1	0	88	0	231
PDPK1_PKc_E2_48.4	PDPK1	0	52	0	107
PHKG2_PKc_E2_59.2	PHKG2	0	1532	0	658
PHKG2_PKc_E3_176	PHKG2	0	134	1	183
PIK3R4_PKc_E2_661.16	PIK3R4	0	46	0	0
PIK3R4_PKc_E2_661.6	PIK3R4	0	0	0	0
PIK3R4_PKc_E3_134.5	PIK3R4	0	7	0	17
PIK3R4_PKc_E4_93	PIK3R4	0	0	0	92
PIM2_PKc_E2_81	PIM2	0	1247	0	1325
PKMYT1_PKc_E3_57.4	PKMYT1	0	0	0	0
PKMYT1_PKc_E4_494.118	PKMYT1	0	0	0	0
PKMYT1_PKc_E4_494.8	PKMYT1	0	1	0	0
PKMYT1_PKc_E5_107.4	PKMYT1	0	25	0	65
PKMYT1_PKc_E6_92.9	PKMYT1	0	0	0	0
PLK1_PKc_E1_276.2	PLK1	0	0	0	1
PLK1_PKc_E2_169.19	PLK1	0	63	0	237
PLK1_PKc_E3_145.19	PLK1	0	29	0	55
PLK1_PKc_E5_111.2	PLK1	0	0	0	0
PLK2_PKc_E5_88.5	PLK2	0	31	263	135
PLK4_PKc_E4_115	PLK4	0	0	201	90
PLK4_PKc_E5_458.19	PLK4	0	0	0	90
POLR2A_e10.1	POLR2A	0	0	0	0
POLR2A_e10.2	POLR2A	0	0	0	0
POLR2A_e2.1	POLR2A	0	0	0	0
POLR2D_e3.1	POLR2D	0	0	0	0
PRKAA2_PKc_E4_145.8	PRKAA2	0	388	0	62
PRKAA2_PKc_E6_225.3	PRKAA2	0	112	0	224
PRKACA_PKc_E3_114.2	PRKACA	0	117	61	322
PRKACA_PKc_E5_83.8	PRKACA	0	263	0	447
PRKCQ_PKc_E16_189.9	PRKCQ	0	0	0	7
PRKDC_PKc_E79_221.2	PRKDC	0	0	132	87
RPL9_e4.1	RPL9	0	0	0	0
PRPF4B_PKc_E10_138.1	PRPF4B	0	0	0	0
PRPF4B_PKc_E11_154.2	PRPF4B	0	0	0	0
PRPF4B_PKc_E13_152.11	PRPF4B	0	46	0	98
RIOK1_PKc_E10_138.3	RIOK1	0	25	0	50
RIOK1_PKc_E6_93.2	RIOK1	0	43	0	185
RIOK1_PKc_E7_113.4	RIOK1	0	0	0	0
RIOK2_PKc_E5_89	RIOK2	0	0	0	0
RIOK3_PKc_E10_81.1	RIOK3	0	2656	0	457
RIPK2_PKc_E7_56	RIPK2	0	81	5	468
RIPK3_PKc_E2_101.4	RIPK3	0	325	0	554
RIPK3_PKc_E6_168.22	RIPK3	0	17	143	187
RIPK4_PKc_E5_159.15	RIPK4	0	1009	0	2010
RNASEL_PKc_E3_86.3	RNASEL	0	139	0	20
ROCK1_PKc_E6_85.3	ROCK1	0	2076	128	3130
RPA3_e1.1	RPA3	0	5	117	36
RPA3_e1.2	RPA3	0	22	0	0
RPA3_e1.3	RPA3	0	0	0	0
RPL23A_e3.1	RPL23A	0	0	0	0
RPS6KA1_PKc2_E20_118.3	RPS6KA1	0	973	0	992
RPS6KA6_PKc2_E18_162.4	RPS6KA6	0	48	163	12
RPS6KB1_PKc_E5_148.2	RPS6KB1	0	43	0	19
RPS6KB2_PKc_E7_101	RPS6KB2	0	308	216	1175
SGK1_PKc_E7_113.8	SGK1	0	1034	542	200
SIK3_PKc_E2_117.3	SIK3	0	255	485	949
SMG1_PKc_E40_106.7	SMG1	0	206	0	381
SMG1_PKc_E43_139.5	SMG1	0	221	0	0
SMG1_PKc_E44_110.2	SMG1	0	0	0	126
SRMS_PKc_E5_159.12	SRMS	0	307	0	139
STK26_PKc_E4_57.4	STK26	0	77	136	38
STK38L_PKc_E8_103.3	STK38L	0	13	156	264
STK4_PKc_E7_138.8	STK4	0	100	0	202
STK40_PKc_E8_145.22	STK40	0	140	82	132
STKLD1_PKc_E5_102.8	STKLD1	0	494	0	486
STKLD1_PKc_E7_116.3	STKLD1	0	356	170	367
STRADA_PKc_E9_172.18	STRADA	0	3776	0	2219
TAOK1_PKc_E6_97.2	TAOK1	0	0	0	0
TIE1_PKc_E18_114.6	TIE1	0	364	0	1549
TNK1_PKc_E6_284.41	TNK1	0	61	426	88
TRIB2_PKc_E2_293.31	TRIB2	0	332	110	1331
TRIB2_PKc_E3_361.2	TRIB2	0	0	0	0
TRIO_PKc_E55_201.2	TRIO	0	542	425	958
TRIO_PKc_E57_399.42	TRIO	0	239	199	86
TRRAP_PKc_E68_218.2	TRRAP	0	0	0	0
TRRAP_PKc_E68_218.23	TRRAP	0	0	0	0
TRRAP_PKc_E70_204.18	TRRAP	0	0	0	0
TRRAP_PKc_E71_195	TRRAP	0	1	0	3
TRRAP_PKc_E72_54.3	TRRAP	0	20	0	0
TSSK1B_PKc_E1_789.93	TSSK1B	0	40	0	0
TSSK6_PKc_E1_771.7	TSSK6	0	10	0	167
TTK_PKc_E14_48.3	TTK	0	0	0	0
TTK_PKc_E16_152	TTK	0	46	0	63
TTK_PKc_E17_125.3	TTK	0	0	0	0
TYK2_PKc_E17_155.3	TYK2	0	20	159	818
WEE1_PKc_E4_143.9	WEE1	0	0	0	0
WEE1_PKc_E5_122.1	WEE1	0	0	0	0
WEE1_PKc_E6_147.2	WEE1	0	45	1	345
WEE1_PKc_E7_96.4	WEE1	0	24	0	64
WEE1_PKc_E8_86.4	WEE1	0	8	0	16
WEE1_PKc_E9_171.1	WEE1	0	709	254	351
WNK1_PKc_E5_89.4	WNK1	0	0	0	0
ACVRL1_PKc_E6_147.8	ACVRL1	1	634	101	665
ATR_PKc_E44_154.6	ATR	1	0	0	0
BUB1_PKc_E24_107	BUB1	1	0	0	139
EGFR_PKc_E19_99	EGFR	1	172	570	1404
ILK_PKc_E10_122.7	ILK	1	0	103	0
MAPK12_PKc_E2_130.1	MAPK12	1	0	0	0
MASTL_PKc2_E10_114.6	MASTL	1	3	1	2
NEK2_PKc_E6_48	NEK2	1	281	648	339
PAK6_PKc_E9_126.5	PAK6	1	147	26	77
POLR2A_e2.2	POLR2A	1	66	0	0
PTK2_PKc_E19_116.3	PTK2	1	40	104	0
TRIB3_PKc_E3_293.48	TRIB3	1	335	0	844
CDKL2_PKc_E6_140	CDKL2	2	33	0	113
NEK2_PKc_E5_127.4	NEK2	2	180	99	0
NEK9_PKc_E2_178.5	NEK9	2	167	49	355
EIF2AK2_PKc_E13_181.3	EIF2AK2	3	520	315	844
PKMYT1_PKc_E3_57	PKMYT1	3	0	0	0
PRPF4B_PKc_E14_87	PRPF4B	3	0	0	0
TEK_PKc_E17_191.28	TEK	3	0	107	48
TEK_PKc_E19_71.2	TEK	3	53	59	2
BUB1_PKc_E21_162.7	BUB1	4	154	0	182
POLR2D_e2.1	POLR2D	4	4104	0	420
PTK2_PKc_E20_101.3	PTK2	4	15	9	0
PRKD3_PKc_E13_107.3	PRKD3	5	134	54	313
TRIB3_PKc_E3_293.33	TRIB3	5	488	2	725
RYK_PKc_E12_110	RYK	6	1650	0	933
SPEG_PKc1_E22_201.35	SPEG	6	53	39	81
TTK_PKc_E19_177.8	TTK	6	0	130	0
CDK13_PKc_E7_57	CDK13	7	116	424	513
DMPK_PKc_E6_207.24	DMPK	7	1502	119	1613
PRKX_PKc_E3_264.3	PRKX	7	0	1	12
SRPK3_PKc_E6_107.7	SRPK3	7	0	32	289
AKT2_PKc_E11_215.3	AKT2	8	0	0	0
CDK11B_PKc_E14_106.1	CDK11B	10	0	1	0
PAK4_PKc_E5_201.2	PAK4	10	19	40	318
ACVR1C_PKc_E6_157.1	ACVR1C	11	718	410	408
TIE1_PKc_E19_71.4	TIE1	11	2506	0	1440
ULK2_PKc_E2_93.1	ULK2	11	127	11	645
ACVR1B_PKc_E9_131.14	ACVR1B	12	1851	625	1923
WNK2_PKc_E6_52	WNK2	12	523	0	397
AKT2_PKc_E6_120.14	AKT2	13	41	1	34
RIOK1_PKc_E11_104.8	RIOK1	13	255	187	0
PTK2_PKc_E21_90.2	PTK2	14	0	5	75
RPS6KA1_PKc2_E17_159	RPS6KA1	14	453	388	737
SIK2_PKc_E5_125.1	SIK2	14	245	120	287
DYRK2_PKc_E3_1140.126	DYRK2	15	38	3	56
FGFR2_PKc_E15_71.1	FGFR2	15	168	430	306
GSK3A_PKc_E3_84	GSK3A	15	210	150	249
neg14	CONTROL	15	14	9	5
SCYL1_PKc_E4_227.2	SCYL1	15	0	116	74
ICK_PKc_E4_55.5	ICK	16	1116	540	2561
MAPK9_PKc_E4_59	MAPK9	16	53	155	239
ROR2_PKc_E9_852.38	ROR2	16	23	680	318
STK40_PKc_E7_116.11	STK40	16	58	523	319
ADCK4_PKc_E10_94.6	ADCK4	17	298	2	75
CIT_PKc_E9_154.9	CIT	17	276	251	2837
KSR2_PKc_E17_132.13	KSR2	17	232	0	234
PDGFRB_PKc_E14_111.1	PDGFRB	17	341	345	264
ROR2_PKc_E9_852.88	ROR2	17	772	1078	595
TSSK3_PKc_E1_121.8	TSSK3	17	29	140	83
PLK4_PKc_E3_96.2	PLK4	18	0	0	0
MATK_PKc_E13_87	MATK	19	359	78	1026
CSNK1A1_PKc_E4_99.5	CSNK1A1	20	0	0	48
DAPK2_PKc_E8_153.1	DAPK2	20	245	126	591
STK35_PKc_E2_292.47	STK35	20	1846	280	1833
CDK12_PKc_E4_94.7	CDK12	21	0	87	38
CDK2_PKc_E3_121.2	CDK2	21	0	34	69
SRC_PKc_E11_77.4	SRC	21	0	50	31
MAP2K7_PKc_E7_108.1	MAP2K7	22	547	85	177
MAP3K1_PKc_E16_163.5	MAP3K1	22	155	122	334
MAP3K12_PKc_E5_159	MAP3K12	22	424	0	275
RIPK3_PKc_E4_146.18	RIPK3	22	114	0	451
STK33_PKc_E5_114.5	STK33	22	523	198	335
BUB1B_PKc_E20_143.5	BUB1B	23	129	149	506
CLK1_PKc_E4_40	CLK1	23	112	57	15
neg23	CONTROL	23	366	172	1546
NUAK1_PKc_E6_133.7	NUAK1	23	1128	0	1375
EPHB4_PKc_E11_43	EPHB4	24	156	124	539
FGFR1_PKc_E10_41	FGFR1	24	124	54	264
GUCY2D_PKc_E11_150.8	GUCY2D	24	1088	100	795
MAPK12_PKc_E6_48.2	MAPK12	24	20	0	61
RPS6KL1_PKc_E9_83	RPS6KL1	24	96	479	169
TYK2_PKc_E15_128.2	TYK2	24	201	53	282
ADRBK2_PKc_E13_108.5	ADRBK2	25	23	234	132
BRSK2_PKc_E4_141.11	BRSK2	25	113	147	260
PRKACA_PKc_E6_127.16	PRKACA	26	140	0	184
RIOK1_PKc_E9_87.2	RIOK1	26	75	0	29
AK3_PKc_E4_119.7	AK3	27	444	512	270
SGK1_PKc_E8_124.5	SGK1	28	256	1855	956
VRK1_PKc_E4_70	VRK1	28	79	0	40
DYRK4_PKc_E9_173.37	DYRK4	29	176	0	263
CLK1_PKc_E7_167.7	CLK1	30	26	30	307
CSNK1G2_PKc_E3_41	CSNK1G2	30	111	237	360
HIPK2_PKc_E2_557.17	HIPK2	30	90	0	373
ROCK2_PKc_E3_101.4	ROCK2	31	31	1	34
YES1_PKc_E10_154.1	YES1	31	119	388	199
DYRK2_PKc_E3_1140.113	DYRK2	32	82	144	274
TYRO3_PKc_E17_160.6	TYRO3	32	23	465	156
ADCK2_PKc_E4_96.5	ADCK2	33	36	893	356
DYRK1B_PKc_E8_141	DYRK1B	34	428	0	218
ICK_PKc_E3_92.5	ICK	34	1413	0	755
AATK_PKc_E9_122.1	AATK	35	662	346	1909
PTK6_PKc_E4_121.15	PTK6	35	26	0	0
CDK11B_PKc_E17_117.11	CDK11B	36	98	31	203
MET_PKc_E20_137.9	MET	36	1220	190	1361
NEK5_PKc_E6_84.4	NEK5	36	196	0	48
PRKCD_PKc_E14_92.12	PRKCD	36	153	144	105
MAPK10_PKc_E4_50.1	MAPK10	37	582	20	1077
RPS6KA4_PKc2_E14_195.2	RPS6KA4	37	0	0	270
TRIB1_PKc_E1_72.9	TRIB1	37	775	0	460
CAMKV_PKc_E5_139.14	CAMKV	38	1268	0	778
LRRK1_PKc_E25_124.17	LRRK1	38	93	0	190
TBK1_PKc_E5_182.1	TBK1	38	156	0	0
MAP2K4_PKc_E7_128.3	MAP2K4	39	266	109	528
MAST1_PKc_E11_41.1	MAST1	39	450	513	1121
CDC7_PKc_E3_34	CDC7	40	0	185	153
CSNK1D_PKc_E4_229.12	CSNK1D	40	17	0	0
EIF2AK4_PKc2_E13_70	EIF2AK4	40	479	0	75
KSR2_PKc_E14_227.6	KSR2	40	92	259	130
neg38	CONTROL	41	86	0	832
PRKDC_PKc_E79_221.1	PRKDC	41	0	0	117
CHEK2_PKc_E10_87.3	CHEK2	42	317	109	122
STK32A_PKc_E7_90.4	STK32A	42	67	0	104
DDR1_PKc_E12_60.4	DDR1	43	1169	21	1512
GRK5_PKc_E10_38	GRK5	43	95	5	0
ILK_PKc_E13_138.3	ILK	43	416	678	322
PHKG1_PKc_E3_179.3	PHKG1	43	3539	237	2961
CDK11A_PKc_E14_106.1	CDK11A	44	1	50	8
EGFR_PKc_E23_147.18	EGFR	44	63	213	95
ADCK3_PKc_E9_82.2	ADCK3	45	234	148	969
CASK_PKc_E6_103.2	CASK	45	285	355	1049
CDK5_PKc_E5_57.1	CDK5	45	204	169	384
MATK_PKc_E9_100.8	MATK	45	70	57	0
SBK2_PKc_E4_531.64	SBK2	45	0	63	8
SGK3_PKc_E9_84	SGK3	45	250	0	161
AATK_PKc_E8_85.7	AATK	46	797	190	332
ACVRL1_PKc_E8_198.4	ACVRL1	47	327	0	720
INSRR_PKc_E17_213	INSRR	47	105	201	170
CDK11B_PKc_E15_122.1	CDK11B	48	1054	0	2186
GUCY2D_PKc_E9_207.18	GUCY2D	48	198	0	461
MST1R_PKc_E20_94.12	MST1R	48	773	0	657
SMG1_PKc_E42_249.7	SMG1	48	140	133	124
STK16_PKc_E5_121	STK16	48	50	0	2
FGFR4_PKc_E14_123.9	FGFR4	49	1767	153	2004
NTRK1_PKc_E16_159.13	NTRK1	49	14	36	21
TNNI3K_PKc_E15_58	TNNI3K	49	54	62	43
CSNK2A2_PKc_E4_51	CSNK2A2	50	131	79	89
ILK_PKc_E8_110.1	ILK	50	18	123	70
WNK1_PKc_E3_221.3	WNK1	50	67	1	57
EPHB6_PKc_E11_43.4	EPHB6	51	88	633	101
ERN1_PKc_E19_98.5	ERN1	51	0	3	0
NEK11_PKc_E9_64	NEK11	51	120	347	304
CLK2_PKc_E9_130.3	CLK2	52	167	74	173
CSK_PKc_E7_61.3	CSK	52	475	20	1021
DYRK3_PKc_E3_1140.119	DYRK3	52	330	0	106
FLT1_PKc_E19_114.1	FLT1	52	924	0	505
FLT4_PKc_E17_34	FLT4	52	543	29	130
STK32B_PKc_E3_152	STK32B	52	400	0	342
TAOK3_PKc_E3_117.7	TAOK3	52	72	0	1
CAMKV_PKc_E4_75.5	CAMKV	53	20	315	20
IGF1R_PKc_E21_82	IGF1R	53	2652	0	1503
PLK1_PKc_E1_276.9	PLK1	53	107	0	37
LMTK3_PKc_E10_122.12	LMTK3	54	592	287	936
PRKACG_PKc_E1_948.1	PRKACG	54	56	0	66
BMPR1B_PKc_E11_123.7	BMPR1B	55	197	149	235
CDK7_PKc_E5_69.2	CDK7	55	0	0	0
MARK2_PKc_E6_71.2	MARK2	55	96	0	222
SGK2_PKc_E7_37.1	SGK2	55	37	0	175
STK19_PKc_E5_140	STK19	55	147	211	84
STK32C_PKc_E3_152.1	STK32C	55	208	0	878
RPS6KA1_PKc2_E15_126.1	RPS6KA1	56	629	0	933
IKBKB_PKc_E7_90.7	IKBKB	57	127	188	77
LYN_PKc_E13_194.6	LYN	57	636	255	435
neg18	CONTROL	57	843	19	485
CLK4_PKc_E4_40	CLK4	58	54	19	91
PHKG2_PKc_E5_66.2	PHKG2	58	139	0	372
STYK1_PKc_E8_209.8	STYK1	58	564	92	768
ZAP70_PKc_E13_113.12	ZAP70	58	187	110	161
ABL2_PKc_E10_68.4	ABL2	59	174	32	113
MAP2K4_PKc_E3_111.2	MAP2K4	60	48	258	269
MARK3_PKc_E9_120.4	MARK3	60	663	273	714
RPS6KA4_PKc2_E13_174.17	RPS6KA4	60	1353	314	441
TYRO3_PKc_E15_122.1	TYRO3	60	283	218	383
MARK2_PKc_E5_66.1	MARK2	61	0	0	5
CAMK4_PKc_E3_63	CAMK4	62	1403	230	1374
GSG2_PKc_E1_1371.9	GSG2	62	0	306	0
MAP3K12_PKc_E7_61.4	MAP3K12	62	0	135	0
WNK3_PKc_E6_89.3	WNK3	62	613	29	224
VRK3_PKc_E9_106.14	VRK3	63	649	59	779
AMHR2_PKc_E7_115.1	AMHR2	64	0	351	39
MARK2_PKc_E8_237.18	MARK2	64	149	248	433
MST1R_PKc_E17_110.17	MST1R	64	283	0	1207
RPL9_e3.1	RPL9	64	0	0	136
ADRBK1_PKc_E8_80.4	ADRBK1	65	237	186	253
PTK2B_PKc_E23_116.1	PTK2B	65	848	408	687
RYK_PKc_E13_160.9	RYK	65	162	265	206
MAP2K7_PKc_E10_143.8	MAP2K7	66	316	0	745
PHKG2_PKc_E4_55.3	PHKG2	66	1176	2	810
TYK2_PKc2_E22_173.14	TYK2	66	38	167	4
CAMKV_PKc_E3_132.12	CAMKV	67	197	115	258
OXSR1_PKc_E5_56	OXSR1	67	395	188	561
PRKD2_PKc_E13_107.8	PRKD2	67	350	0	403
AURKC_PKc_E7_156.13	AURKC	68	359	0	964
CDK16_PKc_E10_121.7	CDK16	68	2781	0	8330
EIF2AK3_PKc_E14_168.13	EIF2AK3	68	509	511	426
EPHA1_PKc_E12_186.1	EPHA1	68	301	0	637
PDIK1L_PKc_E3_708.73	PDIK1L	68	296	104	48
RPS6KA5_PKc2_E14_192.21	RPS6KA5	68	29	0	53
SYK_PKc_E12_141.1	SYK	68	354	234	626
BRSK1_PKc_E3_86	BRSK1	69	257	189	252
CAMK1G_PKc_E3_129.8	CAMK1G	69	34	444	0
EEF2K_PKc_E5_38.5	EEF2K	69	512	1266	487
STK32B_PKc_E4_174.18	STK32B	69	161	0	306
CASK_PKc_E3_106.2	CASK	70	2403	251	2218
MYO3A_PKc_E3_165.9	MYO3A	70	2077	0	1033
ADCK5_PKc_E7_114.17	ADCK5	71	281	138	898
PLK4_PKc_E2_96.2	PLK4	71	634	0	504
PRKG2_PKc_E12_137.1	PRKG2	71	235	387	2428
CDK12_PKc_E6_190.11	CDK12	72	0	337	0
CDK3_PKc_E7_204.1	CDK3	72	781	1015	123
TAOK2_PKc_E7_114.8	TAOK2	72	307	498	427
ULK3_PKc_E3_121.5	ULK3	72	237	144	1075
AURKC_PKc_E3_191.21	AURKC	73	14	1601	36
BRSK1_PKc_E1_43.4	BRSK1	73	65	14	122
NUAK1_PKc_E3_152.6	NUAK1	73	0	0	83
STK36_PKc_E3_141.8	STK36	73	279	151	640
AK1_PKc_E5_117.2	AK1	74	191	0	97
CDK4_PKc_E7_136.28	CDK4	74	200	456	78
DSTYK_PKc_E10_114.7	DSTYK	74	1180	15	1698
EPHA8_PKc_E14_150.21	EPHA8	74	31	448	0
CDK18_PKc_E8_63.3	CDK18	75	192	877	220
SBK1_PKc_E4_522.11	SBK1	75	489	0	1442
STK36_PKc_E2_81.8	STK36	75	782	27	3045
BMPR2_PKc_E7_115.6	BMPR2	76	1283	0	457
CDC42BPB_PKc_E2_92.2	CDC42BPB	76	187	61	65
CSK_PKc_E10_74.8	CSK	76	121	23	230
CSNK1E_PKc_E7_110.8	CSNK1E	76	115	605	92
CSNK2A1_PKc_E10_102.3	CSNK2A1	76	91	1071	335
DAPK1_PKc_E8_153.1	DAPK1	76	53	333	345
PRKACB_PKc_E4_99.2	PRKACB	76	3047	199	1866
TAOK1_PKc_E7_114.6	TAOK1	76	3390	764	2235
ADCK1_PKc_E9_99.4	ADCK1	77	1148	20	2357
JAK3_PKc2_E22_118.14	JAK3	77	22	0	1
MAP2K3_PKc_E4_96.12	MAP2K3	77	1047	658	1524
MERTK_PKc_E16_110.2	MERTK	77	34	90	0
TGFBR2_PKc_E5_525.62	TGFBR2	77	0	263	198
CAMKK2_PKc_E9_89.6	CAMKK2	78	137	76	1628
MAP3K13_PKc_E6_159.2	MAP3K13	78	382	319	924
PLK2_PKc_E1_33	PLK2	78	94	2	137
AKT3_PKc_E10_215.1	AKT3	79	138	86	21
CSF1R_PKc_E16_89.3	CSF1R	80	449	43	1400
MAPK15_PKc_E4_91.8	MAPK15	80	183	414	618
MARK4_PKc_E3_54.2	MARK4	80	519	441	322
SBK2_PKc_E3_203.22	SBK2	80	105	0	183
TSSK1B_PKc_E1_789.71	TSSK1B	80	871	657	475
WNK2_PKc_E3_221.1	WNK2	80	764	555	387
CDK1_e4.1	CDK1	81	194	0	979
LIMK1_PKc_E10_132.9	LIMK1	81	296	0	308
PRKD1_PKc_E13_107.1	PRKD1	81	798	134	957
BTK_PKc_E17_119.1	BTK	82	101	82	330
CIT_PKc_E7_94	CIT	82	112	43	43
FGFR1_PKc_E14_123.7	FGFR1	82	426	97	474
MAP3K7_PKc_E6_125.6	MAP3K7	82	0	94	17
MTOR_PKc_E47_136.3	MTOR	82	0	70	55
TXK_PKc_E14_158.4	TXK	82	273	74	278
CDK4_PKc_E3_136.21	CDK4	83	214	96	171
SCYL2_PKc_E7_117	SCYL2	83	1788	13	1244
BLK_PKc_E12_132.4	BLK	84	456	180	1733
ICK_PKc_E6_80.2	ICK	84	1410	167	37
NEK4_PKc_E1_81.9	NEK4	84	446	250	167
RIOK3_PKc_E8_198.5	RIOK3	84	2762	302	1532
HIPK4_PKc_E1_435.51	HIPK4	85	1135	174	1233
PINK1_PKc_E5_164.22	PINK1	85	100	46	272
PRKCI_PKc_E13_88.2	PRKCI	85	134	866	263
ADCK1_PKc_E5_159.31	ADCK1	86	982	53	2603
TRIB3_PKc_E3_293.37	TRIB3	86	766	589	509
CDC42BPG_PKc_E6_94.3	CDC42BPG	87	2936	1770	3280
LRRK2_PKc_E43_101	LRRK2	87	1234	659	670
NRBP2_PKc_E4_90	NRBP2	87	388	0	728
ROCK1_PKc_E7_145.1	ROCK1	87	922	0	2061
SGK494_PKc_E9_90.3	SGK494	87	583	329	238
ABL1_PKc_E8_153.18	ABL1	88	456	477	763
CAMK1G_PKc_E10_82.8	CAMK1G	88	295	164	512
DDR2_PKc_E15_128.5	DDR2	88	344	312	965
DYRK2_PKc_E3_1140.134	DYRK2	88	435	289	247
MAP4K1_PKc_E4_65.2	MAP4K1	88	79	184	276
NRBP2_PKc_E3_102.11	NRBP2	88	33	0	181
ULK3_PKc_E5_144.15	ULK3	88	178	96	203
MAK_PKc_E6_133.7	MAK	89	649	442	3083
MAST2_PKc_E18_166	MAST2	89	96	112	140
NRBP1_PKc_E3_123	NRBP1	89	0	467	351
PAK2_PKc_E8_64.3	PAK2	89	581	46	190
ULK1_PKc_E4_33	ULK1	89	31	610	216
ACVR2A_PKc_E5_87.3	ACVR2A	90	194	1107	353
neg01	CONTROL	90	577	759	2270
PIM1_PKc_E5_177.26	PIM1	90	480	28	186
SLK_PKc_E2_165.3	SLK	90	1327	358	1743
TRIO_PKc_E55_201.12	TRIO	90	83	28	47
TXK_PKc_E15_48.6	TXK	90	36	112	203
ADCK3_PKc_E11_142.6	ADCK3	91	89	151	63
DAPK2_PKc_E5_130.5	DAPK2	91	613	141	645
PRKCB_PKc_E10_174.3	PRKCB	91	790	181	621
TEX14_PKc_E6_82.5	TEX14	91	499	0	408
MAP3K11_PKc_E2_181.6	MAP3K11	92	139	255	380
RIOK1_PKc_E8_81.1	RIOK1	92	17	0	34
ROR1_PKc_E9_849.93	ROR1	92	1989	263	1154
DAPK3_PKc_E3_361.58	DAPK3	93	0	446	149
MARK4_PKc_E4_49	MARK4	93	282	62	2101
PRKD2_PKc_E12_64	PRKD2	93	508	251	993
ALK_PKc_E20_35	ALK	94	337	0	189
LATS2_PKc_E7_107.3	LATS2	94	0	55	41
MAPK13_PKc_E1_95.9	MAPK13	94	197	99	772
PRKCG_PKc_E12_92.3	PRKCG	94	236	1836	66
WNK4_PKc_E5_89.1	WNK4	94	78	355	332
AK1_PKc_E5_117.13	AK1	95	89	412	505
CDC42BPG_PKc_E5_149.5	CDC42BPG	95	96	288	0
JAK1_PKc_E13_144.11	JAK1	95	492	249	328
SPEG_PKc2_E32_117.1	SPEG	95	454	314	813
TYK2_PKc_E13_186.14	TYK2	95	269	0	0
ACVR1_PKc_E9_198.4	ACVR1	96	407	1	175
MAPKAPK2_PKc_E4_80.1	MAPKAPK2	96	1140	645	842
MAPK10_PKc_E5_130.2	MAPK10	97	307	1195	139
NPR2_PKc_E10_78.1	NPR2	97	218	0	550
RPS6KA3_PKc_E7_107.1	RPS6KA3	97	303	384	459
BRSK2_PKc_E1_43.7	BRSK2	98	14	29	37
AURKA_PKc_E10_175.19	AURKA	99	0	223	30
CAMKK2_PKc_E5_52.1	CAMKK2	99	0	308	37
CAMK2B_PKc_E5_66.1	CAMK2B	100	618	168	915
FGFR2_PKc_E14_123.2	FGFR2	100	817	309	414
MAP3K10_PKc_E4_68.8	MAP3K10	100	814	788	1711
NUAK1_PKc_E1_84.1	NUAK1	100	174	47	4
STYK1_PKc_E7_84.1	STYK1	101	431	0	158
PAK2_PKc_E10_113.1	PAK2	102	91	317	804
STK10_PKc_E3_49.5	STK10	102	15	0	55
CAMKK1_PKc_E4_54.2	CAMKK1	103	413	183	622
FRK_PKc_E4_127.1	FRK	103	1675	15	583
neg02	CONTROL	103	702	210	519
PASK_PKc_E14_156.1	PASK	103	544	97	352
RPS6KA1_PKc2_E19_77	RPS6KA1	103	29	1051	734
SGK494_PKc_E4_69.2	SGK494	103	0	0	0
STK16_PKc_E6_96.9	STK16	103	595	144	357
ADCK3_PKc_E13_66.1	ADCK3	104	83	2999	115
DCLK3_PKc_E2_390.28	DCLK3	104	438	417	70
FLT4_PKc_E19_114.12	FLT4	104	125	0	36
HCK_PKc_E9_180.11	HCK	104	1098	164	1516
PRKCG_PKc_E13_63	PRKCG	104	448	1405	111
PRKCQ_PKc_E13_92.2	PRKCQ	104	44	110	425
LTK_PKc_E15_98.15	LTK	105	776	98	1715
SIK1_PKc_E6_125.19	SIK1	105	1255	1035	868
STK25_PKc_E6_158.1	STK25	105	495	135	606
VRK2_PKc_E4_70.1	VRK2	105	751	148	741
GRK5_PKc_E9_191	GRK5	106	0	0	171
MAP3K8_PKc_E8_138.7	MAP3K8	106	517	258	275
PRKDC_PKc_E80_93.5	PRKDC	106	43	27	0
CDK11A_PKc_E18_149.14	CDK11A	107	3837	213	1612
TESK1_PKc_E2_122.1	TESK1	107	481	89	742
PRKACG_PKc_E1_948.136	PRKACG	108	1019	581	778
RPL9_e4.2	RPL9	108	33	121	0
STK32B_PKc_E7_104.18	STK32B	108	320	244	313
DCLK1_PKc_E8_83.4	DCLK1	109	162	497	848
neg29	CONTROL	109	200	341	289
RPS6KB1_PKc_E7_101.9	RPS6KB1	109	119	434	0
CDKL2_PKc_E5_113.6	CDKL2	110	102	45	116
MAPKAPK5_PKc_E3_76	MAPKAPK5	110	451	432	124
PRKCZ_PKc_E9_171.8	PRKCZ	110	1874	510	713
SGK3_PKc_E12_37.1	SGK3	110	227	67	138
CDC7_PKc_E8_96.2	CDC7	111	73	157	367
SNRK_PKc_E3_556.3	SNRK	111	512	43	272
PRKCE_PKc_E13_189.18	PRKCE	112	2885	441	1206
TLK1_PKc_E16_90.5	TLK1	112	59	0	232
CLK2_PKc_E7_167.4	CLK2	113	189	0	378
DAPK2_PKc_E3_222.18	DAPK2	113	277	127	1696
LTK_PKc_E11_35	LTK	113	72	0	239
PKN1_PKc_E15_92.8	PKN1	113	719	341	1037
MYO3A_PKc_E7_77.9	MYO3A	114	1280	0	1375
ADCK1_PKc_E8_150.18	ADCK1	115	227	862	498
CSK_PKc_E9_91	CSK	115	250	266	603
RIPK2_PKc_E1_116.3	RIPK2	115	787	911	375
TAOK2_PKc_E4_102.11	TAOK2	115	48	0	164
CAMK2B_PKc_E3_60.2	CAMK2B	116	1469	91	1131
MERTK_PKc_E17_160.3	MERTK	116	103	163	40
NEK5_PKc_E5_98	NEK5	116	411	0	129
IRAK3_PKc_E7_115.3	IRAK3	117	499	113	859
PRKY_PKc_E1_28	PRKY	117	311	1	1207
RPA3_e2.1	RPA3	117	174	113	71
SCYL1_PKc_E1_54.5	SCYL1	117	97	112	118
CDK13_PKc_E8_102.1	CDK13	118	134	134	730
LYN_PKc_E12_132.9	LYN	118	1289	430	825
MAPK13_PKc_E2_130.6	MAPK13	118	0	0	28
TTN_PKc_E358_736.24	TTN	118	208	453	247
ULK4_PKc_E5_163.14	ULK4	118	161	234	93
ATM_PKc_E61_64	ATM	119	27	305	154
MAPK15_PKc_E6_164.17	MAPK15	119	1179	0	408
NRK_PKc_E4_72.4	NRK	119	241	14	395
RPL23A_e2.2	RPL23A	119	130	284	677
MAP3K9_PKc_E2_412.34	MAP3K9	120	877	770	1297
MAPK15_PKc_E1_54.1	MAPK15	120	59	0	317
OBSCN_PKc_E90_27.0	OBSCN	120	78	154	0
PINK1_PKc_E6_128.9	PINK1	120	1060	0	1708
TXK_PKc_E11_217.18	TXK	120	82	0	135
ACVR2A_PKc_E7_146.12	ACVR2A	121	1083	357	2871
AK2_PKc_E6_159.17	AK2	121	1071	698	831
MTOR_PKc_E52_75	MTOR	121	6	0	27
MAP2K2_PKc_E3_147.4	MAP2K2	122	12	192	17
PDK4_PKc_E1_34.4	PDK4	123	133	526	5
DDR2_PKc_E18_150.9	DDR2	124	393	0	367
ATM_PKc_E61_64.1	ATM	125	896	165	372
TRIB1_PKc_E1_72.3	TRIB1	125	366	130	1037
CDKL4_PKc_E2_122	CDKL4	127	17	255	0
CDK18_PKc_E5_45	CDK18	128	908	321	1683
CSNK1G3_PKc_E4_70.2	CSNK1G3	128	669	0	262
AMHR2_PKc_E6_231.14	AMHR2	129	345	4	169
HCK_PKc_E13_194.6	HCK	129	46	660	204
PRKCH_PKc_E11_139.2	PRKCH	129	2683	599	1018
NPR2_PKc_E9_75.6	NPR2	130	3426	0	947
SGK2_PKc_E3_42.2	SGK2	130	45	0	217
STK25_PKc_E3_219	STK25	130	500	654	133
TSSK2_PKc_E1_789.87	TSSK2	131	99	0	216
CDK5_PKc_E6_96.4	CDK5	132	64	573	56
IKBKE_PKc_E8_111.2	IKBKE	132	143	0	101
MAP3K1_PKc_E15_96.4	MAP3K1	132	999	875	647
NPR2_PKc_E11_105	NPR2	132	699	4037	1499
PRKAA1_PKc_E6_88.3	PRKAA1	132	2432	168	553
ABL2_PKc_E6_85.1	ABL2	133	513	0	689
BMPR1B_PKc_E8_298.19	BMPR1B	133	902	314	166
MAPK3_PKc_E2_183	MAPK3	133	1039	627	487
NPR1_PKc_E10_78	NPR1	134	0	159	113
RPS6KA3_PKc_E5_81.4	RPS6KA3	134	410	6	479
JAK1_PKc2_E24_111.9	JAK1	135	367	442	552
KIT_PKc_E13_111.6	KIT	135	2029	599	924
LATS2_PKc_E5_487.64	LATS2	135	99	259	1466
STK38_PKc_E6_124.9	STK38	135	719	498	336
TRPM6_PKc_E36_206.12	TRPM6	136	475	0	971
ABL1_PKc_E6_178.11	ABL1	137	934	432	1071
MERTK_PKc_E14_93	MERTK	137	512	191	210
PAK2_PKc_E11_118.2	PAK2	137	19	257	214
RPS6KA4_PKc_E7_104.3	RPS6KA4	137	888	124	810
SNRK_PKc_E4_142.6	SNRK	137	92	0	388
STK10_PKc_E1_90	STK10	137	181	252	2020
LIMK1_PKc_E9_87.4	LIMK1	138	60	249	69
STK16_PKc_E4_134.16	STK16	138	551	128	277
NEK8_PKc_E2_206.9	NEK8	139	720	100	586
PLK3_PKc_E3_117.4	PLK3	139	166	52	95
TTK_PKc_E18_81.4	TTK	139	67	269	113
CDK18_PKc_E9_124.19	CDK18	140	301	274	854
EPHA6_PKc_E16_150.9	EPHA6	140	57	92	0
INSRR_PKc_E22_82.7	INSRR	140	319	202	2366
LIMK1_PKc_E8_42.1	LIMK1	141	280	107	843
MYO3A_PKc_E4_135	MYO3A	141	42	217	180
PDK3_PKc_E1_34	PDK3	141	2831	188	2619
BMPR1A_PKc_E13_99.2	BMPR1A	142	535	178	1275
POLR2A_e27.2	POLR2A	142	124	43	58
BCR_PKc_E1_1278.57	BCR	143	439	0	74
STK3_PKc_E6_115.4	STK3	143	3065	183	1258
ILK_PKc_E11_100	ILK	144	34	0	2
MAP2K6_PKc_E8_128.6	MAP2K6	144	2353	115	989
PRKACG_PKc_E1_948.146	PRKACG	144	209	1197	818
BRSK2_PKc_E5_117.9	BRSK2	145	445	281	246
CDK3_PKc_E6_102	CDK3	145	783	620	2137
MAPK9_PKc_E2_50.1	MAPK9	145	535	0	1260
NEK7_PKc_E8_95.4	NEK7	145	988	0	957
SRC_PKc_E12_154	SRC	145	7	114	133
LATS2_PKc_E6_183.4	LATS2	146	3971	106	2307
PASK_PKc_E13_126.11	PASK	146	159	624	1012
ACVR2A_PKc_E6_144	ACVR2A	147	290	381	524
CHUK_PKc_E3_115	CHUK	147	156	757	178
GSG2_PKc_E1_1371.11	GSG2	147	877	51	137
NIM1K_PKc_E2_82.1	NIM1K	147	842	718	238
TRIB2_PKc_E2_293.11	TRIB2	147	2452	821	2910
CDK13_PKc_E6_190.2	CDK13	148	98	597	387
neg44	CONTROL	148	59	158	1122
ULK1_PKc_E7_74.4	ULK1	148	1524	325	3043
BMPR2_PKc_E10_137.6	BMPR2	150	149	0	662
EPHB3_PKc_E12_216.7	EPHB3	150	24	105	35
MARK4_PKc_E7_57	MARK4	150	834	459	767
neg09	CONTROL	150	333	0	304
NEK7_PKc_E3_102.5	NEK7	150	713	708	522
NEK8_PKc_E5_156.19	NEK8	150	1832	295	858
SYK_PKc_E9_62	SYK	150	137	623	299
CDKL2_PKc_E7_66.4	CDKL2	152	532	430	171
GRK5_PKc_E11_90.14	GRK5	152	58	102	94
IKBKB_PKc_E4_118.23	IKBKB	152	1603	412	2155
CHEK2_PKc_E7_54.1	CHEK2	153	41	2	500
DMPK_PKc_E3_96.8	DMPK	153	1349	1093	1308
PLK2_PKc_E2_108	PLK2	153	129	393	105
DYRK3_PKc_E3_1140.128	DYRK3	154	2319	1027	711
FLT4_PKc_E22_95	FLT4	154	2156	173	4946
IKBKE_PKc_E4_141.9	IKBKE	154	44	326	95
SLK_PKc_E6_195.7	SLK	154	547	628	1276
CDC42BPB_PKc_E4_96.3	CDC42BPB	155	78	509	28
CDK20_PKc_E1_75.1	CDK20	155	501	0	435
CLK2_PKc_E6_117.1	CLK2	155	0	0	465
FGFR4_PKc_E10_38.3	FGFR4	155	520	1007	216
LRRK2_PKc_E39_101	LRRK2	155	429	96	537
MAP3K6_PKc_E15_134.22	MAP3K6	155	224	993	171
PRKD3_PKc_E15_99	PRKD3	155	379	116	191
BLK_PKc_E8_76.7	BLK	156	632	0	692
EPHA8_PKc_E11_186.28	EPHA8	156	28	92	885
GUCY2F_PKc_E8_90	GUCY2F	156	231	315	272
SYK_PKc_E11_190.1	SYK	156	255	819	678
CSNK1A1_PKc_E6_140.6	CSNK1A1	157	168	0	186
STK33_PKc_E9_85.4	STK33	157	169	122	413
DYRK1A_PKc_E7_147.1	DYRK1A	160	25	347	25
RPS6KA2_PKc_E6_107.6	RPS6KA2	160	2104	277	2206
STK40_PKc_E6_53.1	STK40	160	102	1098	663
TLK2_PKc_E23_144.8	TLK2	160	545	127	1222
BUB1_PKc_E25_157.4	BUB1	161	122	280	854
CAMK2A_PKc_E5_66.6	CAMK2A	162	63	0	365
NEK9_PKc_E3_56	NEK9	162	402	211	943
SCYL3_PKc_E5_57	SCYL3	162	96	283	121
ILK_PKc_E12_131.6	ILK	164	71	210	99
MAP3K2_PKc_E14_130.2	MAP3K2	164	2282	493	2417
SBK1_PKc_E2_70	SBK1	164	519	313	2091
STK32A_PKc_E3_45	STK32A	164	1200	392	2224
CDK5_PKc_E1_37.2	CDK5	165	318	169	322
EPHB3_PKc_E14_150.8	EPHB3	166	245	64	470
KSR1_PKc_E20_136.7	KSR1	166	80	294	28
PRKACB_PKc_E5_83.3	PRKACB	167	93	572	119
AK2_PKc_E6_159.21	AK2	168	402	0	74
MOK_PKc_E3_90.5	MOK	168	204	0	394
PKN1_PKc_E16_177.11	PKN1	169	580	281	207
ABL2_PKc_E7_178.9	ABL2	170	961	233	1829
CDK12_PKc_E9_78.1	CDK12	170	0	0	138
MKNK2_PKc_E10_96.5	MKNK2	171	1715	803	464
MAPK12_PKc_E3_59.2	MAPK12	172	533	385	584
EEF2K_PKc_E9_53.1	EEF2K	173	1539	0	1211
CDK6_PKc_E5_110.8	CDK6	174	713	698	305
NRBP1_PKc_E7_95.4	NRBP1	174	5263	336	4165
PRKCA_PKc_E10_174.1	PRKCA	174	330	472	276
SGK3_PKc_E8_42.2	SGK3	174	2051	131	1402
NEK10_PKc_E19_54	NEK10	175	320	0	496
NEK4_PKc_E2_267.27	NEK4	175	25	278	191
NEK1_PKc_E6_84	NEK1	176	309	212	309
PIM3_PKc_E4_370.28	PIM3	176	2388	1847	4757
SLK_PKc_E5_73	SLK	176	1751	103	2747
STK16_PKc_E3_220.26	STK16	176	238	0	1182
ADCK5_PKc_E11_79.1	ADCK5	177	2088	539	1246
MAST3_PKc_E14_139.4	MAST3	177	139	0	190
NTRK3_PKc_E20_162.26	NTRK3	177	167	79	382
DYRK1A_PKc_E6_287.15	DYRK1A	178	462	102	773
RNASEL_PKc_E3_86.4	RNASEL	178	494	46	551
CAMKK1_PKc_E6_134.7	CAMKK1	179	0	645	17
STK31_PKc_E21_150.8	STK31	179	174	413	412
TAOK1_PKc_E3_72.1	TAOK1	179	390	517	281
TLK1_PKc_E15_92	TLK1	179	133	486	670
AXL_PKc_E16_122.7	AXL	181	614	76	423
FGFR2_PKc_E13_191.1	FGFR2	181	858	85	738
GSK3A_PKc_E2_132.5	GSK3A	181	471	209	221
RPS6KB1_PKc_E8_91.1	RPS6KB1	181	70	170	241
ADRBK2_PKc_E11_131.8	ADRBK2	182	1043	170	1511
AKT1_PKc_E6_132.15	AKT1	182	36	281	22
CDKL4_PKc_E3_73	CDKL4	182	261	375	922
EIF2AK1_PKc_E10_112.5	EIF2AK1	182	90	234	239
PDK2_PKc_E1_34	PDK2	182	0	452	33
PRKACG_PKc_E1_948.164	PRKACG	182	30	394	55
STK36_PKc_E4_78	STK36	182	329	1826	594
INSR_PKc_E19_160.7	INSR	183	66	0	204
MAPK11_PKc_E2_130.4	MAPK11	183	696	796	239
RPS6KA5_PKc_E6_84.3	RPS6KA5	183	88	2210	362
WNK1_PKc_E2_173.6	WNK1	183	23	93	50
LIMK2_PKc_E12_175.19	LIMK2	184	496	132	533
MAPK14_PKc_E3_59	MAPK14	184	23	329	212
ROCK2_PKc_E6_145.2	ROCK2	184	1983	351	4029
CSNK1G2_PKc_E4_70.3	CSNK1G2	186	60	0	189
DDR1_PKc_E15_235.2	DDR1	186	383	598	393
STK19_PKc_E7_148.22	STK19	186	31	0	57
BLK_PKc_E10_77.4	BLK	187	422	445	595
FGR_PKc_E13_161.22	FGR	187	167	0	204
GRK4_PKc_E12_209.1	GRK4	187	1358	0	1466
HIPK4_PKc_E3_219.28	HIPK4	187	14640	424	2195
MAPK3_PKc_E3_190.9	MAPK3	187	235	45	161
PTK2_PKc_E16_90.1	PTK2	187	201	190	546
CSNK1G1_PKc_E2_55.3	CSNK1G1	188	1332	689	1998
ITK_PKc_E15_119.5	ITK	188	108	627	239
EPHA2_PKc_E12_62	EPHA2	189	997	209	1355
EPHA10_PKc_E14_150.23	EPHA10	191	823	253	587
neg28	CONTROL	191	227	396	144
STK35_PKc_E2_292.3	STK35	191	981	68	889
NEK8_PKc_E4_132.6	NEK8	192	248	1543	550
ULK3_PKc_E7_114.7	ULK3	192	735	874	1177
EPHA3_PKc_E11_186.8	EPHA3	195	621	111	413
SGK494_PKc_E5_70.9	SGK494	195	217	267	1228
WNK1_PKc_E1_177.4	WNK1	195	221	396	254
CDKL1_PKc_E1_165.12	CDKL1	196	266	999	240
PRKX_PKc_E6_58.2	PRKX	196	490	559	630
RIOK2_PKc_E2_139.6	RIOK2	196	170	234	891
STK17A_PKc_E5_49	STK17A	197	113	85	1300
MAP3K10_PKc_E2_181.22	MAP3K10	198	337	86	329
CDK12_PKc_E5_171.8	CDK12	199	127	353	1864
SBK3_PKc_E3_203.1	SBK3	199	304	299	83
CAMK2D_PKc_E5_66	CAMK2D	201	2088	568	20923
MELK_PKc_E5_144.14	MELK	201	39	1379	36
POMK_PKc_E4_39	POMK	201	480	734	321
PRKCB_PKc_E8_46.2	PRKCB	201	1998	113	903
WNK1_PKc_E6_49.2	WNK1	201	0	0	212
FGFR3_PKc_E10_38.6	FGFR3	202	0	94	70
MAST4_PKc_E19_102.3	MAST4	202	581	468	1113
ADRBK1_PKc_E9_100.8	ADRBK1	203	563	221	1166
GAK_PKc_E2_62.2	GAK	203	147	307	308
RIOK2_PKc_E3_117.8	RIOK2	203	872	0	228
RPS6KL1_PKc_E8_90.9	RPS6KL1	203	296	0	398
NEK6_PKc_E5_63	NEK6	204	427	302	532
CSK_PKc_E12_87	CSK	205	47	0	586
LATS1_PKc_E5_487.28	LATS1	205	414	198	640
PRKCG_PKc_E10_42.4	PRKCG	205	946	175	968
PRKG2_PKc_E16_123.3	PRKG2	206	482	221	532
DYRK1A_PKc_E8_141.1	DYRK1A	207	561	0	306
MAPK6_PKc_E5_200.9	MAPK6	207	881	1416	761
VRK1_PKc_E2_85.4	VRK1	207	0	0	30
JAK2_PKc_E16_139.4	JAK2	209	1557	301	894
CLK2_PKc_E5_67	CLK2	210	67	341	89
PKN3_PKc_E15_92.2	PKN3	210	718	1428	517
TSSK6_PKc_E1_771.89	TSSK6	210	299	444	595
neg10	CONTROL	211	114	632	51
PAK6_PKc_E6_204.1	PAK6	211	339	464	540
JAK2_PKc2_E24_114.2	JAK2	212	558	198	654
MARK1_PKc_E5_66.2	MARK1	213	1574	0	4575
PRKD2_PKc_E15_99.1	PRKD2	213	2013	0	2118
RPS6KA5_PKc_E5_108.3	RPS6KA5	213	226	187	803
CDK7_PKc_E1_48	CDK7	214	0	0	51
MAP2K1_PKc_E7_202.7	MAP2K1	214	601	433	520
MAP3K14_PKc_E11_151.18	MAP3K14	214	158	622	189
MASTL_PKc2_E11_102.1	MASTL	214	500	0	946
SPEG_PKc1_E23_58	SPEG	214	430	191	224
CSNK1G3_PKc_E5_149.1	CSNK1G3	215	0	226	34
MASTL_PKc2_E9_142.23	MASTL	215	3418	366	3622
WNK4_PKc_E2_173.7	WNK4	215	109	138	56
IGF1R_PKc_E20_135.11	IGF1R	216	286	1384	349
MARK4_PKc_E6_71.4	MARK4	216	468	59	1307
BTK_PKc_E19_48	BTK	218	123	126	0
PIM2_PKc_E6_89.18	PIM2	218	64	1043	53
STK4_PKc_E5_165.3	STK4	218	165	0	295
BUB1B_PKc_E18_101.2	BUB1B	219	0	246	0
MAPK3_PKc_E4_117.4	MAPK3	219	50	0	252
PIM3_PKc_E5_177.8	PIM3	219	0	202	69
PSKH2_PKc_E2_667.27	PSKH2	219	596	55	518
AKT3_PKc_E4_36	AKT3	220	219	726	1
DYRK1B_PKc_E6_287.28	DYRK1B	220	194	802	653
MAPK8_PKc_E2_50.1	MAPK8	220	170	0	27
PDPK1_PKc_E2_48.2	PDPK1	220	700	336	324
TNIK_PKc_E6_91.2	TNIK	220	0	0	0
MYLK4_PKc_E9_129.12	MYLK4	221	125	241	507
PASK_PKc_E16_134.9	PASK	221	631	401	627
PRKG2_PKc_E15_164.13	PRKG2	221	695	1209	468
FGFR3_PKc_E12_111.1	FGFR3	222	345	2044	831
IGF1R_PKc_E16_213.16	IGF1R	222	1907	246	1319
AAK1_PKc_E2_40.1	AAK1	224	102	307	1005
MAPK8_PKc_E6_166.1	MAPK8	225	6072	1307	3529
AURKC_PKc_E5_149.13	AURKC	226	777	85	876
FES_PKc_E18_123.23	FES	226	91	39	55
JAK3_PKc2_E19_190.1	JAK3	226	73	228	68
MAP3K13_PKc_E3_158.9	MAP3K13	227	80	595	499
BMP2K_PKc_E5_122.2	BMP2K	228	737	3	406
ITK_PKc_E17_48.4	ITK	228	32	98	717
PRKCE_PKc_E14_147.1	PRKCE	228	144	555	400
RPS6KA6_PKc_E5_81.4	RPS6KA6	228	324	178	437
CDK11B_PKc_E18_149.2	CDK11B	229	303	114	1742
DMPK_PKc_E2_84.9	DMPK	230	334	0	680
PTK2_PKc_E18_101.4	PTK2	230	92	100	135
FGFR4_PKc_E12_111.3	FGFR4	232	0	415	55
IRAK2_PKc_E7_115.4	IRAK2	234	304	430	541
TAOK2_PKc_E5_46	TAOK2	234	482	704	759
TTK_PKc_E15_158.2	TTK	234	99	188	87
ULK4_PKc_E4_140.4	ULK4	234	869	133	940
WNK1_PKc_E4_158.11	WNK1	234	0	0	16
CDK14_PKc_E9_121.7	CDK14	235	311	179	174
PAK6_PKc_E11_165.9	PAK6	235	213	0	131
RIPK2_PKc_E6_162.6	RIPK2	235	53	724	137
PAK4_PKc_E10_153.1	PAK4	236	739	249	623
RPS6KA4_PKc2_E11_134	RPS6KA4	236	73	1719	203
CAMK2B_PKc_E2_95.3	CAMK2B	238	230	0	351
PKN1_PKc_E17_63	PKN1	238	1699	738	1166
PRKX_PKc_E5_96.9	PRKX	238	145	92	316
PAK4_PKc_E8_126.5	PAK4	240	3360	44	4324
CSNK1G3_PKc_E6_235.1	CSNK1G3	242	37	776	263
GRK5_PKc_E12_209.8	GRK5	242	632	838	1303
IGF1R_PKc_E19_130.1	IGF1R	242	1104	635	411
IRAK4_PKc_E10_184.6	IRAK4	242	547	976	572
PRPF4B_PKc_E12_115.3	PRPF4B	242	906	54	1647
MAP3K14_PKc_E6_114.9	MAP3K14	243	521	487	447
NEK7_PKc_E7_108.4	NEK7	243	341	55	649
TNK1_PKc_E5_156.19	TNK1	243	1537	770	644
AAK1_PKc_E3_119.6	AAK1	244	179	269	623
SBK1_PKc_E4_522.84	SBK1	244	362	257	191
STK38L_PKc_E5_84	STK38L	245	79	313	5
ULK4_PKc_E2_132.5	ULK4	245	582	108	361
MAP2K7_PKc_E8_180.14	MAP2K7	246	2969	1056	3637
NUAK2_PKc_E6_133.8	NUAK2	249	0	83	331
TSSK6_PKc_E1_771.48	TSSK6	249	26	69	0
ABL1_PKc_E9_68	ABL1	250	282	768	209
CDK3_PKc_E4_121	CDK3	251	1039	2	1035
PTK6_PKc_E8_164.19	PTK6	251	232	158	140
TSSK3_PKc_E2_650.2	TSSK3	251	196	0	809
CDK3_PKc_E2_116.4	CDK3	253	157	517	190
CAMK2D_PKc_E1_32	CAMK2D	254	548	97	1570
IKBKB_PKc_E2_63.1	IKBKB	254	209	708	541
MASTL_PKc2_E9_142.2	MASTL	254	4	137	48
SLK_PKc_E1_69.3	SLK	254	40	7	68
CDK16_PKc_E9_124.3	CDK16	255	41	93	83
CAMKK1_PKc_E5_52	CAMKK1	257	373	264	1704
TBK1_PKc_E6_161.8	TBK1	257	0	290	677
RIPK3_PKc_E3_310.3	RIPK3	258	446	15	543
CLK4_PKc_E9_130.3	CLK4	259	1779	233	2597
PRKACA_PKc_E7_96.1	PRKACA	259	3	0	486
PRKD3_PKc_E14_162.8	PRKD3	259	824	895	100
DDR1_PKc_E16_150.1	DDR1	260	1049	121	1229
FRK_PKc_E4_127.4	FRK	260	756	251	701
BTK_PKc_E18_158.4	BTK	261	1413	316	2018
CDK20_PKc_E3_189.5	CDK20	261	812	436	792
GAK_PKc_E1_31	GAK	262	0	1184	94
PRKD1_PKc_E17_83	PRKD1	262	399	805	420
MST1R_PKc_E19_137.25	MST1R	263	246	581	252
NRBP2_PKc_E8_84.6	NRBP2	264	565	0	592
POLR2A_e28.2	POLR2A	264	313	2	148
VRK1_PKc_E5_88	VRK1	264	97	412	136
CSNK1G1_PKc_E5_152.1	CSNK1G1	265	171	227	100
MAP3K8_PKc_E5_262.23	MAP3K8	266	199	538	0
neg45	CONTROL	267	3111	95	1808
SGK2_PKc_E6_113.1	SGK2	267	89	180	68
DYRK1B_PKc_E7_147.3	DYRK1B	268	114	512	129
SCYL1_PKc_E2_141.8	SCYL1	268	465	85	407
PRKCH_PKc_E10_155.8	PRKCH	269	101	352	571
ULK3_PKc_E2_141.11	ULK3	271	1170	157	261
MARK3_PKc_E7_57.1	MARK3	272	696	365	2040
JAK3_PKc_E15_133.15	JAK3	273	2852	510	2137
SRC_PKc_E9_82.15	SRC	273	1834	87	2775
STK26_PKc_E3_219.1	STK26	273	1181	1119	1178
YES1_PKc_E12_203.2	YES1	273	1548	257	1271
CDK17_PKc_E9_63.2	CDK17	274	731	480	1984
DCLK2_PKc_E9_58.3	DCLK2	274	674	704	845
RET_PKc_E16_71	RET	274	709	1101	334
SPEG_PKc2_E33_168.1	SPEG	274	403	0	718
ADCK3_PKc_E10_94.9	ADCK3	275	372	458	413
DDR2_PKc_E19_120.5	DDR2	275	35	49	295
PSKH2_PKc_E3_108.12	PSKH2	275	985	2452	490
CAMK2A_PKc_E3_60	CAMK2A	276	631	620	681
PBK_PKc_E3_59	PBK	276	412	0	118
PRKCA_PKc_E11_92.1	PRKCA	277	593	187	402
PSKH2_PKc_E2_667.2	PSKH2	277	0	156	32
CASK_PKc_E5_73	CASK	278	3296	136	2605
LTK_PKc_E13_65	LTK	278	183	539	56
FLT1_PKc_E22_98	FLT1	280	1496	355	1155
MARK3_PKc_E8_237.3	MARK3	280	249	636	657
ACVR1C_PKc_E5_168.6	ACVR1C	281	654	110	91
CDK12_PKc_E7_57	CDK12	282	86	89	178
PAK1_PKc_E11_118.9	PAK1	282	2680	523	3785
PDK3_PKc_E4_185.1	PDK3	282	123	507	71
RPS6KA5_PKc2_E11_134.2	RPS6KA5	282	691	404	374
AATK_PKc_E4_36	AATK	283	1410	42	2488
MAP3K2_PKc_E12_138.13	MAP3K2	283	1766	100	1353
MOS_PKc_E1_849.9	MOS	283	253	0	295
CLK3_PKc_E7_167.21	CLK3	284	58	780	237
PSKH1_PKc_E3_108.1	PSKH1	285	254	306	510
MAST3_PKc_E16_166.17	MAST3	286	0	279	46
ABL2_PKc_E8_185	ABL2	287	236	38	203
MYLK4_PKc_E8_71.4	MYLK4	287	634	590	1742
CAMK2D_PKc_E2_95.4	CAMK2D	288	750	303	254
TEC_PKc_E17_158.5	TEC	288	3010	532	5699
ACVR1_PKc_E11_102.2	ACVR1	291	1268	489	211
ANKK1_PKc_E6_41	ANKK1	291	260	385	91
CDK15_PKc_E5_95.2	CDK15	291	316	317	232
MAP3K9_PKc_E4_149.4	MAP3K9	291	73	656	302
RPS6KA4_PKc2_E15_160.12	RPS6KA4	291	168	558	778
NRBP2_PKc_E2_117.11	NRBP2	293	779	340	539
RPS6KA6_PKc_E9_143.7	RPS6KA6	293	760	0	1015
SBK3_PKc_E4_525.13	SBK3	293	717	1854	1112
SCYL3_PKc_E4_114.1	SCYL3	293	328	288	277
ADCK1_PKc_E7_117.13	ADCK1	294	743	139	126
ADCK3_PKc_E8_141.23	ADCK3	294	397	101	559
JAK2_PKc_E18_151.5	JAK2	294	608	131	267
MAP3K14_PKc_E6_114.1	MAP3K14	294	124	960	289
MAP3K7_PKc_E1_120.13	MAP3K7	294	58	115	928
STK17A_PKc_E1_56.8	STK17A	294	454	170	281
DCLK1_PKc_E11_147.4	DCLK1	295	267	0	119
RPS6KL1_PKc_E6_133.12	RPS6KL1	295	542	158	932
PNCK_PKc_E7_76.11	PNCK	297	1674	343	2503
PRKD1_PKc_E16_268.7	PRKD1	297	361	0	210
GSK3A_PKc_E5_131.14	GSK3A	298	971	728	1209
NEK8_PKc_E1_41.4	NEK8	298	2018	357	1320
CSNK1E_PKc_E6_171.15	CSNK1E	299	527	425	231
GSG2_PKc_E1_1371.87	GSG2	299	222	104	280
NUAK2_PKc_E4_66.6	NUAK2	299	50	171	301
NTRK1_PKc_E13_123.9	NTRK1	300	178	70	68
AAK1_PKc_E4_109.3	AAK1	301	486	0	148
IKBKB_PKc_E6_89.7	IKBKB	301	42	521	131
NUAK2_PKc_E3_152.1	NUAK2	301	1049	152	2418
TNK2_PKc_E6_278.3	TNK2	301	1416	586	864
WNK3_PKc_E3_173.12	WNK3	301	89	1571	61
MAP3K9_PKc_E2_412.14	MAP3K9	302	345	0	87
PSKH1_PKc_E2_672.73	PSKH1	302	470	572	867
TYK2_PKc2_E19_42.1	TYK2	302	3770	666	3191
DYRK1B_PKc_E4_84	DYRK1B	303	524	121	72
EGFR_PKc_E20_186.28	EGFR	303	123	271	194
LTK_PKc_E16_93.11	LTK	303	3046	282	2577
MYLK2_PKc_E6_94	MYLK2	303	260	129	360
NEK10_PKc_E22_122.2	NEK10	303	459	146	648
GRK6_PKc_E12_209.29	GRK6	304	822	147	321
PRKD1_PKc_E14_162.7	PRKD1	305	0	0	0
MINK1_PKc_E4_126.7	MINK1	306	153	353	501
NPR2_PKc_E12_72.1	NPR2	306	0	662	176
DCLK2_PKc_E13_78.2	DCLK2	307	164	144	110
LMTK3_PKc_E6_119.1	LMTK3	307	284	1188	292
MINK1_PKc_E3_57	MINK1	307	153	1225	255
AK1_PKc_E4_164.27	AK1	308	1445	3718	1980
MAP3K12_PKc_E3_140.1	MAP3K12	308	196	229	387
MAPKAPK5_PKc_E5_109.8	MAPKAPK5	308	1061	750	1043
MELK_PKc_E2_40	MELK	308	418	608	1959
GRK4_PKc_E10_38	GRK4	309	0	129	60
IKBKE_PKc_E5_130.2	IKBKE	309	130	139	115
TYK2_PKc2_E23_118.7	TYK2	309	344	691	1690
SMG1_PKc_E45_84	SMG1	310	12	272	67
STKLD1_PKc_E6_71.5	STKLD1	310	3132	494	3867
ADCK5_PKc_E10_82.1	ADCK5	311	2638	309	1459
MAP2K7_PKc_E5_114.12	MAP2K7	311	723	701	3929
MUSK_PKc_E15_647.33	MUSK	311	152	49	516
PRKCI_PKc_E9_177.5	PRKCI	311	1039	193	1059
DYRK4_PKc_E7_139.3	DYRK4	313	251	409	1748
PTK2_PKc_E17_85.1	PTK2	313	3	0	0
CSF1R_PKc_E12_127.12	CSF1R	314	119	686	468
INSRR_PKc_E20_130.3	INSRR	314	597	127	339
NEK1_PKc_E7_68.1	NEK1	314	72	221	514
MUSK_PKc_E14_149.11	MUSK	315	371	209	1171
neg25	CONTROL	315	123	58	815
MYLK3_PKc_E10_129.9	MYLK3	316	815	369	511
TBK1_PKc_E7_111.1	TBK1	316	868	411	804
AK2_PKc_E6_159.19	AK2	317	41	264	458
PRKCB_PKc_E7_135.4	PRKCB	317	544	712	237
CDK14_PKc_E7_63.2	CDK14	318	1550	1393	1597
SBK3_PKc_E2_52.3	SBK3	318	666	48	492
PDGFRA_PKc_E13_105.11	PDGFRA	319	654	682	618
RIOK3_PKc_E11_90.4	RIOK3	319	219	185	231
VRK3_PKc_E10_93.5	VRK3	319	2300	468	805
ACVR1_PKc_E10_131	ACVR1	320	665	151	116
BMPR1B_PKc_E7_187.11	BMPR1B	320	3780	313	828
TAOK1_PKc_E4_102.1	TAOK1	321	308	795	1376
PIM2_PKc_E4_373.24	PIM2	322	180	205	340
BMPR1A_PKc_E11_176.18	BMPR1A	323	85	299	161
ALK_PKc_E24_98.8	ALK	324	1596	2272	1555
CDK11A_PKc_E13_122.15	CDK11A	324	42	705	237
CAMKK2_PKc_E6_134.7	CAMKK2	325	988	0	865
ULK4_PKc_E3_100.4	ULK4	325	282	546	1179
DAPK1_PKc_E2_44.1	DAPK1	326	36	855	3
STK36_PKc_E5_131.13	STK36	326	87	385	211
CAMKK1_PKc_E9_89.4	CAMKK1	327	961	91	842
PRKCI_PKc_E15_80	PRKCI	327	840	211	1792
STK40_PKc_E5_228.1	STK40	327	107	214	349
MAP2K6_PKc_E10_140.12	MAP2K6	328	127	126	90
NEK2_PKc_E4_83.1	NEK2	328	1470	9263	5268
PLK1_PKc_E4_94.3	PLK1	330	17	204	0
ADRBK1_PKc_E10_79.2	ADRBK1	331	88	482	49
MAST4_PKc_E18_166.6	MAST4	331	578	7	651
PRKACA_PKc_E4_99	PRKACA	331	2712	373	758
EPHA4_PKc_E12_186.13	EPHA4	333	214	271	329
EPHA8_PKc_E11_186.31	EPHA8	333	0	93	82
MAP3K9_PKc_E5_68.2	MAP3K9	333	678	0	418
SBK1_PKc_E2_70.8	SBK1	333	147	276	216
AK1_PKc_E3_28	AK1	335	105	228	122
INSR_PKc_E17_213.25	INSR	335	236	2248	1442
MAP3K11_PKc_E4_68.1	MAP3K11	336	386	306	502
PLK3_PKc_E1_33	PLK3	336	1259	0	715
MAP3K3_PKc_E17_211.2	MAP3K3	337	68	862	176
CAMK2B_PKc_E4_55	CAMK2B	338	27	105	104
PDGFRB_PKc_E17_119.2	PDGFRB	339	1275	596	1039
CDKL1_PKc_E4_91.3	CDKL1	340	822	682	2933
ZAK_PKc_E2_96	ZAK	340	534	164	120
KALRN_PKc_E60_399.58	KALRN	341	425	754	225
PDK4_PKc_E3_72.2	PDK4	341	610	790	1386
ADCK2_PKc_E3_129.17	ADCK2	342	389	594	162
CSNK1D_PKc_E5_171.15	CSNK1D	342	268	604	440
LRRK2_PKc_E39_101.2	LRRK2	342	0	233	0
STK39_PKc_E4_142	STK39	342	4636	1086	5132
BUB1_PKc_E20_108.7	BUB1	343	151	62	155
TSSK4_PKc_E1_156.3	TSSK4	343	1631	191	825
NRK_PKc_E2_66.2	NRK	346	310	807	366
RYK_PKc_E9_87.1	RYK	346	1061	415	866
PIM1_PKc_E6_86.6	PIM1	347	1414	949	2149
STK10_PKc_E2_165.13	STK10	347	1650	476	499
BMPR2_PKc_E7_115.4	BMPR2	348	236	480	378
RPS6KA1_PKc_E7_107	RPS6KA1	348	126	23	655
WNK2_PKc_E4_158	WNK2	348	4	878	212
FYN_PKc_E9_82.12	FYN	349	1523	756	577
OBSCN_PKc2_E103_76.7	OBSCN	349	924	428	529
EPHA4_PKc_E13_62.3	EPHA4	350	1045	665	427
MAP4K1_PKc_E5_56.2	MAP4K1	350	166	478	188
PRKG2_PKc_E14_142.4	PRKG2	350	688	0	596
BCR_PKc_E1_1278.96	BCR	352	111	1976	53
BMPR2_PKc_E6_231.14	BMPR2	352	189	546	3
CSK_PKc_E8_100.1	CSK	353	1201	326	2843
MAP3K5_PKc_E16_128.5	MAP3K5	355	1053	425	821
CHEK2_PKc_E5_47.1	CHEK2	356	1186	1	3651
STK19_PKc_E3_129.7	STK19	356	213	0	113
CAMK2A_PKc_E4_55.3	CAMK2A	358	2283	1234	1399
DSTYK_PKc_E9_133	DSTYK	358	193	597	148
SRC_PKc_E13_132.14	SRC	358	1092	1471	870
KSR2_PKc_E15_97.1	KSR2	360	9	866	131
PDIK1L_PKc_E3_708.64	PDIK1L	360	239	2383	378
CAMK1D_PKc_E6_76.2	CAMK1D	363	3456	384	1070
BCR_PKc_E1_1278.242	BCR	364	787	300	283
DAPK3_PKc_E4_130.4	DAPK3	364	118	261	5
MAPKAPK2_PKc_E1_99.9	MAPKAPK2	364	104	160	45
EPHA3_PKc_E14_150.14	EPHA3	365	108	751	858
SNRK_PKc_E5_76.5	SNRK	365	1106	700	3308
LIMK2_PKc_E10_57.4	LIMK2	366	594	270	775
RPS6KA5_PKc_E7_104	RPS6KA5	366	373	201	224
STK24_PKc_E4_109.3	STK24	367	0	1087	0
AURKC_PKc_E3_191.2	AURKC	368	1184	274	414
YES1_PKc_E9_77.4	YES1	368	2201	2220	1733
PASK_PKc_E15_200.2	PASK	369	8	407	153
ADCK5_PKc_E9_84.2	ADCK5	370	193	289	115
MAP4K5_PKc_E4_91.1	MAP4K5	371	1930	232	4584
MAPK12_PKc_E1_95.4	MAPK12	371	215	396	50
PTK2B_PKc_E21_85.2	PTK2B	371	3182	791	1710
SCYL2_PKc_E6_222.9	SCYL2	371	492	2240	128
BRAF_PKc_E13_177.6	BRAF	372	528	684	1034
GRK6_PKc_E9_191.22	GRK6	372	123	142	236
SRPK3_PKc_E9_133.19	SRPK3	373	992	673	1216
AK3_PKc_E1_127.18	AK3	374	124	9	534
JAK3_PKc2_E21_173.5	JAK3	374	634	307	1261
MAP4K3_PKc_E5_56	MAP4K3	374	251	215	866
RIOK2_PKc_E1_45	RIOK2	375	3	0	66
MST1R_PKc_E15_81.6	MST1R	376	223	707	83
CDK17_PKc_E6_48.2	CDK17	377	1648	585	624
EIF2AK4_PKc_E10_107.3	EIF2AK4	377	1796	594	1000
MAP4K5_PKc_E2_81.2	MAP4K5	377	430	0	70
PIM2_PKc_E3_51.1	PIM2	378	945	132	625
UHMK1_PKc_E2_293.15	UHMK1	378	106	312	256
CSNK2A2_PKc_E6_84.4	CSNK2A2	379	766	1215	1766
PNCK_PKc_E2_38	PNCK	379	489	1274	1764
AK1_PKc_E3_28.1	AK1	380	422	287	17
JAK1_PKc2_E20_193.4	JAK1	380	42	161	529
PASK_PKc_E17_86.7	PASK	380	1220	49	322
SGK3_PKc_E10_132.1	SGK3	380	2958	1166	4808
MYLK3_PKc_E8_142	MYLK3	381	4114	1057	1226
STK3_PKc_E4_41	STK3	381	1356	350	899
EIF2AK2_PKc_E14_129.3	EIF2AK2	382	408	450	117
IRAK3_PKc_E10_63	IRAK3	383	493	1221	15
MAPK14_PKc_E1_101.14	MAPK14	383	2816	371	3376
NIM1K_PKc_E4_414.46	NIM1K	383	79	515	387
ADCK3_PKc_E12_108.8	ADCK3	384	682	105	81
BMPR2_PKc_E11_99.2	BMPR2	384	1223	84	1095
MAP4K3_PKc_E6_48	MAP4K3	384	295	2074	407
STK35_PKc_E3_695.6	STK35	384	301	801	275
TIE1_PKc_E20_41.2	TIE1	384	3563	685	1431
CDK17_PKc_E8_95.2	CDK17	385	1401	209	799
CDK6_PKc_E4_168.11	CDK6	385	507	274	1125
ATM_PKc_E60_115.5	ATM	386	474	546	794
CDKL3_PKc_E7_66.1	CDKL3	386	421	0	536
MAP2K2_PKc_E4_78.8	MAP2K2	386	1044	119	703
AATK_PKc_E5_119.11	AATK	387	486	655	1670
CDK6_PKc_E3_136.2	CDK6	387	420	548	326
CHUK_PKc_E1_63.6	CHUK	387	1880	533	723
PLK4_PKc_E2_96.3	PLK4	388	37	0	0
NEK2_PKc_E2_218.1	NEK2	389	200	422	189
PTK6_PKc_E5_162.4	PTK6	389	493	190	354
AMHR2_PKc_E9_148.14	AMHR2	391	1687	231	349
ABL1_PKc_E7_185.15	ABL1	392	518	206	781
FGFR3_PKc_E11_122.16	FGFR3	392	337	1224	204
PRKCH_PKc_E13_144.1	PRKCH	394	36	260	120
MUSK_PKc_E15_647.2	MUSK	395	1250	311	3063
RPS6KA6_PKc_E7_107	RPS6KA6	396	322	995	246
JAK2_PKc2_E20_190.1	JAK2	397	1716	231	1008
MARK1_PKc_E6_71.2	MARK1	397	863	229	816
NEK4_PKc_E1_81.1	NEK4	397	501	269	761
GAK_PKc_E3_60	GAK	398	61	91	0
AAK1_PKc_E7_82.6	AAK1	399	368	199	1045
DAPK1_PKc_E6_49.3	DAPK1	399	132	185	446
RPS6KA5_PKc_E2_34.2	RPS6KA5	399	719	327	2831
GRK4_PKc_E9_191.15	GRK4	400	465	869	612
GUCY2D_PKc_E8_81.5	GUCY2D	400	432	281	3414
IGF1R_PKc_E17_111.7	IGF1R	400	83	58	210
ROR2_PKc_E9_852.54	ROR2	400	2148	978	4074
CLK3_PKc_E8_95.3	CLK3	402	336	405	391
GUCY2F_PKc_E9_177.5	GUCY2F	402	104	164	32
STK31_PKc_E22_123.1	STK31	402	1071	613	1410
TSSK3_PKc_E1_121.13	TSSK3	402	2104	886	1554
ADRBK1_PKc_E11_131.9	ADRBK1	403	210	1432	1466
ACVRL1_PKc_E8_198.28	ACVRL1	404	170	2528	124
neg49	CONTROL	404	530	556	1929
PBK_PKc_E8_191	PBK	405	250	423	517
MOS_PKc_E1_849.125	MOS	406	332	216	3113
BMP2K_PKc_E6_82.7	BMP2K	408	177	0	1143
DCLK2_PKc_E8_68.1	DCLK2	408	1657	607	2159
CSNK1G1_PKc_E3_41	CSNK1G1	409	573	1955	482
EIF2AK4_PKc_E9_536.41	EIF2AK4	409	1419	478	2257
EPHB4_PKc_E12_248.35	EPHB4	409	111	527	1846
TRPM7_PKc_E35_83	TRPM7	410	411	366	153
CHUK_PKc_E5_89	CHUK	411	627	129	556
TRPM7_PKc_E36_206.12	TRPM7	411	201	337	173
BUB1B_PKc_E17_37	BUB1B	412	71	261	356
CAMK2G_PKc_E2_95.4	CAMK2G	412	739	1215	3887
ILK_PKc_E9_128.2	ILK	412	117	481	359
DSTYK_PKc_E11_115.6	DSTYK	413	520	928	940
TEC_PKc_E16_119.4	TEC	413	262	2910	597
EPHB6_PKc_E12_248.1	EPHB6	414	1032	292	569
MARK4_PKc_E8_237.22	MARK4	414	1872	3129	868
PDGFRB_PKc_E16_161.11	PDGFRB	414	0	547	12
WNK4_PKc_E1_105.3	WNK4	414	121	75	135
ACVR1C_PKc_E9_102.6	ACVR1C	415	422	1811	296
MAPK1_PKc_E4_117.4	MAPK1	416	293	112	303
CAMKK1_PKc_E3_30	CAMKK1	417	1043	645	3419
PRKDC_PKc_E84_189.21	PRKDC	417	0	63	0
MASTL_PKc1_E4_89.3	MASTL	418	806	61	886
PTK6_PKc_E7_154.3	PTK6	419	265	1285	876
DMPK_PKc_E5_94.11	DMPK	420	2033	383	2199
INSRR_PKc_E19_160.12	INSRR	420	362	118	87
OBSCN_PKc2_E102_224.7	OBSCN	420	247	141	49
PSKH2_PKc_E3_108	PSKH2	421	2563	1402	1904
MAPK8_PKc_E4_59	MAPK8	422	47	650	475
STK32B_PKc_E8_117.15	STK32B	422	777	2303	1397
TTBK2_PKc_E6_105.4	TTBK2	422	389	330	820
MAP3K1_PKc_E20_138.6	MAP3K1	423	38	774	104
MAPKAPK2_PKc_E5_127.3	MAPKAPK2	423	1873	1950	1527
TTBK2_PKc_E3_148.2	TTBK2	423	1611	657	4692
FGFR1_PKc_E13_191.13	FGFR1	424	202	81	113
FGFR4_PKc_E13_191.1	FGFR4	425	864	276	520
PLK3_PKc_E4_130.12	PLK3	427	166	364	467
MAP2K2_PKc_E7_214.15	MAP2K2	428	0	995	467
MAP2K7_PKc_E6_120	MAP2K7	430	238	172	292
EPHA7_PKc_E13_210.13	EPHA7	431	1260	2180	550
IRAK3_PKc_E6_65	IRAK3	431	2998	690	3634
MAP3K13_PKc_E4_192.3	MAP3K13	431	0	178	224
TAOK2_PKc_E3_72	TAOK2	431	64	0	1147
MAP3K2_PKc_E15_178.2	MAP3K2	432	489	742	522
PASK_PKc_E12_81	PASK	432	47	211	75
TNIK_PKc_E2_66.8	TNIK	432	250	150	567
DDR2_PKc_E17_235.9	DDR2	433	0	370	100
MAST1_PKc_E13_139.1	MAST1	433	1965	1252	2246
NEK8_PKc_E3_233.4	NEK8	433	645	387	710
PINK1_PKc_E4_183.23	PINK1	433	185	127	135
STK40_PKc_E3_87.9	STK40	433	494	0	186
AK2_PKc_E6_159	AK2	434	2584	376	7693
BMPR1A_PKc_E13_99.3	BMPR1A	434	119	209	302
DAPK2_PKc_E2_44.1	DAPK2	434	207	942	391
MAST4_PKc_E14_41.1	MAST4	434	1744	737	1573
RPS6KA4_PKc_E4_116.4	RPS6KA4	434	285	252	527
STK32B_PKc_E5_38	STK32B	435	752	365	1063
TSSK1B_PKc_E1_789.59	TSSK1B	435	53	582	62
TBCK_PKc_E2_73	TBCK	436	1182	141	1035
PLK2_PKc_E4_130.5	PLK2	437	50	408	198
DDR1_PKc_E12_60.9	DDR1	438	44	74	839
LIMK2_PKc_E8_87.3	LIMK2	438	374	316	714
EPHA3_PKc_E12_62.2	EPHA3	439	1326	94	1801
MST1R_PKc_E18_166.4	MST1R	439	3655	598	2602
KDR_PKc_E17_34.1	KDR	441	207	682	762
PIM3_PKc_E6_86.6	PIM3	441	1800	10044	8108
STK35_PKc_E2_292.43	STK35	441	49	263	1
LYN_PKc_E9_183.5	LYN	442	1480	830	764
MAPK15_PKc_E5_131.11	MAPK15	442	484	45	63
SRC_PKc_E10_180.27	SRC	442	2104	289	2302
TIE1_PKc_E17_191.24	TIE1	442	344	976	43
KSR1_PKc_E21_111.4	KSR1	445	355	1235	327
LRRK1_PKc_E28_195.13	LRRK1	445	7087	367	3018
TTBK1_PKc_E5_141.14	TTBK1	445	296	52	133
ULK1_PKc_E6_174.25	ULK1	445	871	272	1843
FES_PKc_E14_119.13	FES	447	4446	0	6001
FES_PKc_E15_95.7	FES	447	265	627	2221
CSNK1G3_PKc_E3_41	CSNK1G3	448	1327	0	2439
EIF2AK1_PKc_E7_100.3	EIF2AK1	448	1390	533	2530
MAPK1_PKc_E3_190.8	MAPK1	448	467	208	1907
PTK2B_PKc_E22_101.1	PTK2B	448	101	743	284
CAMK1_PKc_E2_38	CAMK1	449	88	10	359
STK24_PKc_E2_210.9	STK24	449	107	1861	192
KIAA1804_PKc_E2_181.12	KIAA1804	450	1096	105	2155
BRAF_PKc_E17_135	BRAF	451	68	97	34
BMPR1A_PKc_E10_298.1	BMPR1A	452	178	295	305
FLT4_PKc_E18_105	FLT4	452	511	539	1663
MAPK13_PKc_E5_30	MAPK13	452	29	432	170
GSK3A_PKc_E6_107.2	GSK3A	454	1232	1326	701
STK10_PKc_E6_195.19	STK10	454	205	514	676
MOK_PKc_E8_102.4	MOK	455	73	110	84
BTK_PKc_E15_217.14	BTK	456	690	1240	1470
SGK3_PKc_E13_87.5	SGK3	456	682	856	983
CDK17_PKc_E11_121.4	CDK17	457	207	481	200
ABL1_PKc_E4_120.11	ABL1	459	65	199	36
KSR2_PKc_E18_130	KSR2	459	679	3643	773
MAPK6_PKc_E4_165.1	MAPK6	459	278	833	139
STK35_PKc_E3_695.58	STK35	459	1392	903	631
TNK2_PKc_E5_153.8	TNK2	459	122	368	317
MAPK11_PKc_E5_30	MAPK11	461	291	422	1038
CAMK1G_PKc_E2_38.1	CAMK1G	462	440	0	430
CSNK1G3_PKc_E7_86.3	CSNK1G3	462	8	577	122
FLT3_PKc_E15_105.1	FLT3	462	1927	253	387
PIM2_PKc_E2_81.8	PIM2	463	572	198	251
TTN_PKc_E358_736.3	TTN	464	434	495	1110
TYK2_PKc_E18_135.4	TYK2	464	10464	734	7090
STK19_PKc_E3_129.13	STK19	465	689	1440	571
FGFR2_PKc_E11_122.16	FGFR2	466	1444	713	825
FRK_PKc_E7_166.2	FRK	466	1558	1168	1012
PAK7_PKc_E10_135.21	PAK7	466	2138	481	1091
TTBK2_PKc_E5_141.2	TTBK2	466	533	96	194
PRKDC_PKc_E81_90.5	PRKDC	467	0	556	52
EPHA4_PKc_E14_210.8	EPHA4	468	338	95	1309
STRADA_PKc_E10_105.1	STRADA	469	334	542	156
MAP3K4_PKc_E24_123.1	MAP3K4	470	25	367	126
PRKY_PKc_E5_96.2	PRKY	470	250	503	315
KIAA1804_PKc_E1_436.71	KIAA1804	471	390	74	367
PRKG1_PKc_E14_164.6	PRKG1	471	482	900	178
TXK_PKc_E13_119.8	TXK	471	689	1879	2047
WNK3_PKc_E5_158.6	WNK3	472	192	219	270
AKT2_PKc_E9_123.8	AKT2	473	131	132	14
FES_PKc_E17_158.5	FES	473	345	1175	1115
CAMK1G_PKc_E2_38	CAMK1G	474	975	607	789
NIM1K_PKc_E3_269.24	NIM1K	474	1214	782	582
ADCK1_PKc_E6_159.6	ADCK1	475	1162	929	817
OBSCN_PKc_E89_173.14	OBSCN	475	400	549	297
DDR2_PKc_E16_192.4	DDR2	476	805	551	2043
MAP3K8_PKc_E4_108.4	MAP3K8	476	207	872	151
PRKDC_PKc_E83_202.13	PRKDC	476	67	496	21
FER_PKc_E15_116.2	FER	477	752	1733	163
MAP3K11_PKc_E3_149.4	MAP3K11	477	579	308	207
GAK_PKc_E4_115.1	GAK	480	7	663	103
PRKAA1_PKc_E1_58.5	PRKAA1	480	434	0	582
RPS6KA3_PKc2_E20_118.2	RPS6KA3	480	316	105	295
AURKB_PKc_E7_149.8	AURKB	481	813	1024	1206
CASK_PKc_E8_123.4	CASK	481	5048	0	2542
TYK2_PKc_E16_136.3	TYK2	481	4604	1241	4683
EEF2K_PKc_E4_48	EEF2K	482	1085	353	1255
MAP3K12_PKc_E3_140.5	MAP3K12	482	47	376	233
HUNK_PKc_E2_293.25	HUNK	483	552	1614	268
AKT1_PKc_E7_66.3	AKT1	484	1115	668	1362
HIPK2_PKc_E6_177.13	HIPK2	484	1066	690	808
MAPK1_PKc_E5_115	MAPK1	484	1515	340	3166
STK39_PKc_E3_109.6	STK39	486	67	5148	64
ACVRL1_PKc_E9_131	ACVRL1	487	1979	313	1068
SIK1_PKc_E3_117.1	SIK1	488	1902	640	2515
SRMS_PKc_E4_121.2	SRMS	488	70	1128	94
WNK2_PKc_E2_173.6	WNK2	488	683	53	962
MAPK7_PKc_E2_88	MAPK7	489	2563	1036	11796
HUNK_PKc_E4_136.17	HUNK	490	113	467	354
POLR2A_e28.1	POLR2A	490	65	394	54
AK3_PKc_E1_127.14	AK3	491	242	951	163
CAMK1_PKc_E4_75.9	CAMK1	491	1465	741	2684
EPHB2_PKc_E14_150.11	EPHB2	491	786	1226	857
MASTL_PKc2_E12_128.1	MASTL	492	600	775	1530
neg34	CONTROL	492	872	713	1212
TRIB1_PKc_E2_293.41	TRIB1	492	111	594	90
AKT1_PKc_E8_69.2	AKT1	493	891	347	1244
STK25_PKc_E5_109.5	STK25	493	636	272	1000
TTBK1_PKc_E8_93.14	TTBK1	493	454	491	254
HUNK_PKc_E1_90.6	HUNK	494	108	1160	689
JAK3_PKc2_E20_125.11	JAK3	494	815	4754	2057
neg05	CONTROL	494	444	616	1065
NEK11_PKc_E7_127.7	NEK11	494	232	0	162
ERBB3_PKc_E18_75.4	ERBB3	495	798	559	948
MAP3K9_PKc_E3_181.23	MAP3K9	495	518	100	251
MAP2K3_PKc_E8_128.12	MAP2K3	497	2554	486	1218
PDK2_PKc_E3_72.3	PDK2	497	25	61	221
TYRO3_PKc_E14_93.6	TYRO3	498	852	687	932
TSSK2_PKc_E1_789.39	TSSK2	499	500	488	402
BRSK2_PKc_E2_95.4	BRSK2	500	222	553	274
KIT_PKc_E15_92.5	KIT	500	1246	356	1000
FER_PKc_E14_27	FER	501	1088	824	2409
NIM1K_PKc_E2_82.4	NIM1K	501	182	498	140
PAK7_PKc_E6_207.22	PAK7	501	86	322	389
TTBK1_PKc_E7_66.4	TTBK1	501	1058	0	1650
CDK10_PKc_E3_72.5	CDK10	502	265	605	383
MAP3K8_PKc_E6_107.4	MAP3K8	502	199	1	84
TEK_PKc_E16_111	TEK	502	394	837	646
TNK2_PKc_E4_81.4	TNK2	502	73	585	248
NTRK3_PKc_E16_173.8	NTRK3	503	676	142	987
DAPK2_PKc_E6_49.1	DAPK2	504	1090	754	982
DYRK3_PKc_E3_1140.11	DYRK3	504	829	314	382
PNCK_PKc_E4_75	PNCK	504	11	314	138
MET_PKc_E16_81.3	MET	506	1120	322	257
PRKCB_PKc_E5_55.3	PRKCB	506	2267	379	7489
ROS1_PKc_E36_108.6	ROS1	507	435	910	632
STK26_PKc_E8_102	STK26	507	278	0	284
STK24_PKc_E7_102.2	STK24	508	973	415	1333
EEF2K_PKc_E6_172.2	EEF2K	511	649	1297	258
GAK_PKc_E6_126.13	GAK	511	42	276	239
CDK10_PKc_E2_70.1	CDK10	512	902	596	1218
CSNK1D_PKc_E2_111.8	CSNK1D	513	314	3910	491
neg12	CONTROL	513	702	282	293
STYK1_PKc_E10_97.1	STYK1	513	0	2890	146
TRIB3_PKc_E4_361.24	TRIB3	513	346	2438	248
TRPM7_PKc_E34_228.6	TRPM7	513	227	609	495
MAP3K13_PKc_E5_159.6	MAP3K13	515	770	496	1017
TNK1_PKc_E7_271.2	TNK1	515	2777	2000	2479
RIPK4_PKc_E1_110.1	RIPK4	516	811	240	3457
ACVR1C_PKc_E7_125.7	ACVR1C	518	2292	1383	2101
TNK2_PKc_E8_147.18	TNK2	518	345	607	222
MYO3A_PKc_E5_105	MYO3A	519	299	216	109
PIK3R4_PKc_E4_93.1	PIK3R4	519	440	0	298
STK16_PKc_E2_32	STK16	519	270	540	344
CDKL1_PKc_E6_83.1	CDKL1	520	295	1277	501
CIT_PKc_E6_143.9	CIT	520	315	754	332
SRMS_PKc_E8_164.21	SRMS	520	832	0	3991
EPHB1_PKc_E13_150.12	EPHB1	521	275	397	1594
MAP3K11_PKc_E1_403.77	MAP3K11	521	142	253	333
PDIK1L_PKc_E3_708.65	PDIK1L	523	85	500	384
PRKAA1_PKc_E4_45.1	PRKAA1	524	91	966	49
CDK18_PKc_E10_121.12	CDK18	526	589	399	989
GSK3A_PKc_E7_98.2	GSK3A	528	941	84	472
MAPK9_PKc_E3_130.3	MAPK9	529	684	763	890
PKN3_PKc_E17_63	PKN3	529	559	457	529
MAP2K2_PKc_E2_108.5	MAP2K2	530	219	481	433
ULK1_PKc_E1_75.8	ULK1	530	766	123	1444
STK32C_PKc_E7_104.4	STK32C	532	1249	359	1893
KIT_PKc_E14_151.6	KIT	533	220	480	606
ERBB3_PKc_E21_156.15	ERBB3	534	289	188	195
GRK6_PKc_E11_90.3	GRK6	534	151	2234	190
MAST1_PKc_E15_166.27	MAST1	534	130	403	306
PDK1_PKc_E2_142.3	PDK1	534	830	242	437
PRKCI_PKc_E14_126.11	PRKCI	534	212	593	481
DAPK1_PKc_E5_130.11	DAPK1	535	7	0	40
RPS6KA3_PKc2_E19_77.2	RPS6KA3	535	490	211	872
STK17B_PKc_E3_213.8	STK17B	535	335	476	170
MYLK4_PKc_E4_41	MYLK4	538	731	96	1484
NPR1_PKc_E13_157.19	NPR1	538	189	468	313
PDK1_PKc_E3_72.2	PDK1	538	8	0	52
RIPK1_PKc_E1_101.8	RIPK1	540	3630	729	9841
MAP3K14_PKc_E9_105.1	MAP3K14	541	260	266	247
PRKAA2_PKc_E3_94.7	PRKAA2	541	803	233	536
PRKCQ_PKc_E12_174.3	PRKCQ	542	1587	242	4093
RPS6KA5_PKc2_E12_94.4	RPS6KA5	542	407	1034	478
CDK15_PKc_E6_63.4	CDK15	544	65	328	800
MAPK11_PKc_E1_95.11	MAPK11	544	42	323	2387
DYRK3_PKc_E3_1140.67	DYRK3	546	405	354	369
EPHA5_PKc_E16_150	EPHA5	547	15	879	664
HIPK2_PKc_E2_557.57	HIPK2	547	415	110	432
ZAP70_PKc_E11_193.18	ZAP70	548	983	11	309
FYN_PKc_E10_180.5	FYN	549	755	97	2748
MINK1_PKc_E5_111.5	MINK1	549	246	0	760
DAPK2_PKc_E4_139	DAPK2	551	697	752	1877
FGFR2_PKc_E10_74.6	FGFR2	551	1021	1244	1897
FLT3_PKc_E16_111.8	FLT3	551	385	795	339
JAK2_PKc2_E23_118.2	JAK2	552	1653	2257	1214
RPS6KA3_PKc2_E16_90.2	RPS6KA3	552	550	2672	1585
ULK3_PKc_E6_83.5	ULK3	552	152	1059	202
EIF2AK2_PKc_E16_54.1	EIF2AK2	553	668	0	906
NEK11_PKc_E8_150	NEK11	553	1222	994	666
SBK2_PKc_E3_203.21	SBK2	553	738	731	971
SPEG_PKc2_E35_168.25	SPEG	553	436	1831	633
MAPK10_PKc_E8_166.6	MAPK10	557	98	0	416
NEK9_PKc_E5_106.5	NEK9	557	531	151	1153
AURKC_PKc_E4_139.1	AURKC	558	166	642	181
EPHA6_PKc_E12_126.26	EPHA6	558	6	131	61
EPHA3_PKc_E10_43.1	EPHA3	559	135	430	1284
LYN_PKc_E11_154	LYN	559	310	477	707
MAPKAPK3_PKc_E9_76.1	MAPKAPK3	560	1534	250	3954
RYK_PKc_E10_70	RYK	560	206	1261	311
TLK1_PKc_E17_170.6	TLK1	560	1091	49	631
MAPKAPK3_PKc_E6_65.3	MAPKAPK3	561	80	919	63
RPS6KA4_PKc_E3_219.13	RPS6KA4	561	1099	4499	395
TESK2_PKc_E8_84.3	TESK2	561	2529	2068	2523
RPS6KA5_PKc2_E15_160.1	RPS6KA5	562	172	0	262
TTBK2_PKc_E7_66.3	TTBK2	565	978	826	884
GCK_PKc_E2_163.12	GCK	567	428	450	488
MAPKAPK3_PKc_E5_140.4	MAPKAPK3	567	1896	2744	1087
RPS6KL1_PKc_E4_42.3	RPS6KL1	567	30	546	399
CDK15_PKc_E3_65.5	CDK15	568	87	1008	848
CSNK1G2_PKc_E6_235.22	CSNK1G2	568	1079	1532	1552
EIF2AK3_PKc_E12_103.6	EIF2AK3	568	738	1400	446
MAP2K3_PKc_E9_78.2	MAP2K3	570	466	1149	5519
STYK1_PKc_E5_103.12	STYK1	570	269	562	451
EPHA1_PKc_E16_150.6	EPHA1	572	64	1869	97
neg43	CONTROL	572	140	179	140
TEX14_PKc_E5_32.1	TEX14	572	229	533	2584
NEK2_PKc_E1_78.8	NEK2	573	1131	13651	4737
FASTK_PKc_E5_201.31	FASTK	574	633	287	3317
TLK2_PKc_E20_139	TLK2	575	414	539	82
CDK14_PKc_E8_124.5	CDK14	576	1653	470	1906
VRK2_PKc_E7_93.1	VRK2	576	415	814	1451
DCLK1_PKc_E9_58	DCLK1	577	692	533	2429
KALRN_PKc_E59_139.1	KALRN	577	733	355	960
MAP3K6_PKc_E17_137.9	MAP3K6	577	1470	165	2687
SIK2_PKc_E4_162	SIK2	578	780	20	4166
KSR2_PKc_E16_134.1	KSR2	579	1989	3267	19476
PRKCB_PKc_E9_45.1	PRKCB	579	828	782	1026
EPHA2_PKc_E13_210.12	EPHA2	580	0	2699	54
SCYL1_PKc_E5_91.8	SCYL1	580	184	0	734
POLR2A_e27.1	POLR2A	581	49	166	14
ROR1_PKc_E9_849.12	ROR1	581	504	708	62
PINK1_PKc_E7_237.32	PINK1	584	134	1690	273
FLT4_PKc_E20_89.4	FLT4	586	50	99	0
NEK3_PKc_E7_87.6	NEK3	586	1720	1384	754
MAP2K3_PKc_E6_117.3	MAP2K3	588	2269	490	1071
GUCY2F_PKc_E10_157.3	GUCY2F	589	327	1646	130
STK32C_PKc_E5_38	STK32C	591	1303	1945	811
TTBK2_PKc_E8_93.9	TTBK2	592	5644	1299	2287
FGFR2_PKc_E12_111.5	FGFR2	594	135	420	626
ERBB4_PKc_E17_54	ERBB4	595	1268	710	1430
NEK5_PKc_E4_97.2	NEK5	596	793	149	773
SBK2_PKc_E2_52.3	SBK2	596	439	1033	880
GRK5_PKc_E7_51	GRK5	598	553	169	627
RIPK1_PKc_E5_150.8	RIPK1	601	96	479	762
TTBK1_PKc_E4_74	TTBK1	602	324	398	312
NRBP2_PKc_E6_95.1	NRBP2	603	1299	195	413
CDK16_PKc_E7_95.4	CDK16	604	1440	811	1019
PTK6_PKc_E4_121.6	PTK6	605	300	343	861
IRAK2_PKc_E10_63.2	IRAK2	606	5923	1278	5331
VRK1_PKc_E6_109	VRK1	606	45	13	232
PHKG2_PKc_E6_164	PHKG2	607	58	283	126
MAP2K5_PKc_E10_69	MAP2K5	608	2082	1144	2412
PDGFRB_PKc_E13_105.1	PDGFRB	608	90	1063	596
RIPK4_PKc_E1_110.8	RIPK4	608	74	1396	164
TRPM6_PKc_E34_228.24	TRPM6	610	115	447	234
PLK3_PKc_E5_88.1	PLK3	611	342	832	1033
STK32B_PKc_E2_45.2	STK32B	611	784	80	772
STK32C_PKc_E2_45.7	STK32C	611	322	0	303
TNK1_PKc_E4_81.3	TNK1	612	373	385	653
PTK7_PKc_E15_40.2	PTK7	613	74	159	162
SCYL3_PKc_E2_141.1	SCYL3	613	782	1317	3842
AK2_PKc_E6_159.6	AK2	614	615	285	606
ANKK1_PKc_E1_113.15	ANKK1	614	523	77	295
DYRK2_PKc_E3_1140.32	DYRK2	615	136	798	69
IRAK1_PKc_E9_208.4	IRAK1	615	586	2128	385
TRRAP_PKc_E69_185.6	TRRAP	616	11	531	114
INSR_PKc_E22_115.16	INSR	617	33	213	312
CDK5_PKc_E7_75.5	CDK5	619	374	1404	680
AKT2_PKc_E7_66.3	AKT2	621	185	230	29
CDK5_PKc_E3_68	CDK5	623	780	823	648
CIT_PKc_E8_204	CIT	623	122	701	271
NTRK2_PKc_E21_174.13	NTRK2	623	465	923	1323
CDK5_PKc_E2_89.3	CDK5	625	220	458	134
ULK2_PKc_E7_74.2	ULK2	625	984	1363	1333
GUCY2D_PKc_E12_149.8	GUCY2D	626	370	828	335
MAPK9_PKc_E5_139.1	MAPK9	626	1282	1747	1609
CDC42BPG_PKc_E4_96.3	CDC42BPG	628	169	188	128
EPHA4_PKc_E15_150.7	EPHA4	628	667	138	163
MAP2K5_PKc_E13_49	MAP2K5	628	492	713	1087
CSNK1G1_PKc_E7_86.9	CSNK1G1	629	26	1353	51
EPHB1_PKc_E14_150.11	EPHB1	629	832	1155	1224
MOK_PKc_E2_113.1	MOK	629	777	257	934
NEK6_PKc_E7_109.4	NEK6	629	336	0	1443
EIF2AK3_PKc_E15_102.3	EIF2AK3	631	248	1157	309
MAPK7_PKc_E2_88.7	MAPK7	632	48	175	662
ROS1_PKc_E38_130.7	ROS1	632	126	504	165
NEK9_PKc_E1_69.6	NEK9	633	0	755	78
SCYL1_PKc_E6_156.28	SCYL1	634	836	221	1450
MAST4_PKc_E16_139.4	MAST4	635	1947	546	3120
STK39_PKc_E5_56	STK39	635	227	82	1627
UHMK1_PKc_E1_205.38	UHMK1	636	1011	0	121
CDK10_PKc_E6_68.2	CDK10	637	373	739	298
TRIB1_PKc_E3_361.1	TRIB1	638	323	392	1208
SIK3_PKc_E5_125.12	SIK3	639	255	386	259
CDK9_PKc_E4_167.13	CDK9	640	0	2534	0
MAPK8_PKc_E3_130.3	MAPK8	640	2984	2776	4859
STK17B_PKc_E6_49.2	STK17B	640	888	157	1741
SIK3_PKc_E3_64.1	SIK3	642	365	3662	363
RPS6KB1_PKc_E3_42.1	RPS6KB1	644	100	76	311
TAOK1_PKc_E2_129.8	TAOK1	644	99	491	358
ALK_PKc_E23_130	ALK	646	3207	395	2630
LCK_PKc_E9_180.18	LCK	647	956	752	1536
neg46	CONTROL	648	236	394	209
PLK3_PKc_E6_96.1	PLK3	648	315	262	702
PRKAA1_PKc_E3_94.7	PRKAA1	649	1697	1801	2313
CHEK2_PKc_E8_62.1	CHEK2	650	932	269	2614
ROR1_PKc_E9_849.67	ROR1	650	133	0	483
FGFR1_PKc_E15_71.2	FGFR1	651	986	93	1078
STK32A_PKc_E8_98.9	STK32A	653	153	614	423
PRKCB_PKc_E6_157.15	PRKCB	654	29	648	187
CSF1R_PKc_E13_105.8	CSF1R	655	21	624	255
YES1_PKc_E8_180.6	YES1	656	1450	641	1413
TESK2_PKc_E3_122	TESK2	657	205	1154	468
TNIK_PKc_E5_111.4	TNIK	661	438	1264	601
WEE2_PKc_E5_122.8	WEE2	661	1341	2601	1278
AATK_PKc_E6_88.9	AATK	662	601	397	634
STK24_PKc_E5_158.6	STK24	662	909	276	1221
STK38_PKc_E9_62.4	STK38	662	45	141	182
RPS6KA2_PKc2_E18_77.1	RPS6KA2	663	1150	257	452
NTRK3_PKc_E15_123	NTRK3	664	96	583	128
RPS6KA6_PKc_E6_80	RPS6KA6	664	1211	0	820
ZAP70_PKc_E14_67.3	ZAP70	664	17	278	64
IRAK2_PKc_E5_78	IRAK2	665	922	961	215
ADRBK1_PKc_E13_108.17	ADRBK1	667	107	1701	63
CLK1_PKc_E6_117.1	CLK1	668	664	1607	1825
DDR1_PKc_E13_128.2	DDR1	669	1078	409	1328
STK32C_PKc_E4_174.15	STK32C	669	152	1244	133
TBCK_PKc_E5_74.2	TBCK	669	622	500	1157
DMPK_PKc_E4_149.4	DMPK	671	207	1075	35
FGFR3_PKc_E13_191.41	FGFR3	671	1006	1020	1144
PIK3R4_PKc_E3_134	PIK3R4	671	186	433	125
RPS6KB2_PKc_E6_58	RPS6KB2	671	117	418	75
STK32C_PKc_E6_90.7	STK32C	671	605	828	154
ERN1_PKc_E17_200.6	ERN1	672	504	57	467
VRK1_PKc_E7_93	VRK1	672	356	150	107
PRKG2_PKc_E11_75.4	PRKG2	673	1871	355	2157
CAMKV_PKc_E4_75.2	CAMKV	675	139	761	284
OBSCN_PKc_E91_153.22	OBSCN	675	724	1285	514
RPS6KA2_PKc_E7_38	RPS6KA2	676	273	121	195
TSSK6_PKc_E1_771.45	TSSK6	676	318	320	2420
SGK3_PKc_E11_113.3	SGK3	677	645	2011	1172
TRIB2_PKc_E3_361.52	TRIB2	677	1414	664	239
SYK_PKc_E10_210.16	SYK	679	345	916	266
JAK3_PKc2_E23_111.18	JAK3	680	383	1218	1198
MAP3K9_PKc_E3_181.9	MAP3K9	680	302	832	82
CSK_PKc_E11_196.3	CSK	681	132	1305	147
CSNK2A1_PKc_E10_102.7	CSNK2A1	681	7173	466	1880
neg03	CONTROL	681	13506	2089	5272
PRKCA_PKc_E9_75.1	PRKCA	681	35	226	87
TAOK2_PKc_E8_92.7	TAOK2	681	156	393	77
CDK10_PKc_E5_82.4	CDK10	683	252	0	19
OXSR1_PKc_E2_113.8	OXSR1	683	509	1921	1129
ADCK4_PKc_E12_108.1	ADCK4	684	206	819	401
CDC7_PKc_E4_136.1	CDC7	684	684	0	247
neg17	CONTROL	684	367	1208	790
PIM1_PKc_E4_367.38	PIM1	684	169	2882	691
EIF2AK2_PKc_E11_123.3	EIF2AK2	685	481	210	700
PIM1_PKc_E2_81.6	PIM1	685	61	438	319
NRBP2_PKc_E5_41	NRBP2	688	549	2517	1098
STK4_PKc_E4_115.2	STK4	688	3866	284	979
FGR_PKc_E12_132.2	FGR	690	1047	690	1128
MAPK9_PKc_E6_166.16	MAPK9	690	1315	729	566
STK38L_PKc_E4_51.1	STK38L	691	647	1421	1119
SCYL3_PKc_E2_141	SCYL3	692	1758	168	1727
SRPK3_PKc_E5_88.11	SRPK3	692	210	250	39
STK33_PKc_E6_105	STK33	692	224	844	309
ULK2_PKc_E1_87.11	ULK2	693	0	289	20
OBSCN_PKc_E89_173.11	OBSCN	694	221	498	469
TEC_PKc_E15_65.2	TEC	694	428	1102	167
TESK2_PKc_E7_85.7	TESK2	694	26	85	0
WNK3_PKc_E4_221.16	WNK3	695	1596	1000	2041
KSR1_PKc_E18_134.12	KSR1	696	93	231	190
PRPF4B_PKc_E9_119.4	PRPF4B	696	162	0	170
CAMK2B_PKc_E6_73.6	CAMK2B	699	1055	1213	782
KDR_PKc_E19_114.3	KDR	700	1756	1748	142
MAPK14_PKc_E4_112.4	MAPK14	700	187	692	417
AXL_PKc_E14_78.7	AXL	701	525	1200	520
IKBKB_PKc_E3_95.11	IKBKB	701	2658	127	4345
ACVR1B_PKc_E5_123.4	ACVR1B	704	373	542	443
CSNK2A1_PKc_E11_101	CSNK2A1	704	0	86	47
TTN_PKc_E358_736.2	TTN	704	592	482	460
EPHA8_PKc_E12_62.2	EPHA8	705	200	207	301
RNASEL_PKc_E4_195.14	RNASEL	705	510	1679	568
ITK_PKc_E12_161.14	ITK	706	0	182	121
PRKAA2_PKc_E5_88.3	PRKAA2	706	384	682	1034
DCLK2_PKc_E10_120.6	DCLK2	707	643	749	506
EPHA6_PKc_E13_62.4	EPHA6	707	1935	1079	540
ICK_PKc_E8_172.2	ICK	707	384	242	1344
EPHA5_PKc_E14_210.8	EPHA5	708	780	451	400
NUAK2_PKc_E2_121	NUAK2	708	327	225	127
LIMK2_PKc_E13_56	LIMK2	710	25	597	58
PTK7_PKc_E15_40.1	PTK7	710	646	384	123
TEX14_PKc_E9_124.2	TEX14	711	386	1390	612
CAMK1D_PKc_E5_127.8	CAMK1D	714	663	563	496
NIM1K_PKc_E4_414.1	NIM1K	719	819	1641	1359
PAK7_PKc_E9_126.4	PAK7	719	1254	2485	1857
TSSK3_PKc_E2_650.5	TSSK3	720	47	279	248
MYLK4_PKc_E7_142.8	MYLK4	723	319	2930	987
neg24	CONTROL	723	1516	977	559
PRKCH_PKc_E9_174.15	PRKCH	724	342	2462	601
MAPK9_PKc_E7_72.1	MAPK9	725	529	2275	1677
MAP3K2_PKc_E12_138.9	MAP3K2	726	86	331	267
CDK9_e4.1	CDK9	727	144	386	85
ROR2_PKc_E9_852.43	ROR2	727	1502	694	1184
UHMK1_PKc_E5_76.1	UHMK1	727	1194	1171	1886
CLK3_PKc_E5_67.7	CLK3	729	291	257	753
RIPK1_PKc_E3_138.6	RIPK1	729	183	618	308
DAPK1_PKc_E3_222.6	DAPK1	730	133	172	668
HIPK3_PKc_E5_87.1	HIPK3	731	827	204	1438
MAP2K6_PKc_E5_120.1	MAP2K6	732	942	564	1801
PCNA_e2.2	PCNA	732	0	0	0
IKBKE_PKc_E6_182.18	IKBKE	733	458	2586	967
MAP2K2_PKc_E8_65	MAP2K2	733	302	765	742
MAP2K7_PKc_E9_81.3	MAP2K7	733	1081	625	726
SLK_PKc_E3_49.1	SLK	733	48	320	3
LATS2_PKc_E8_366.32	LATS2	737	284	788	133
MUSK_PKc_E14_149.4	MUSK	737	243	408	481
NEK6_PKc_E6_111.4	NEK6	737	1874	95	1200
GCK_PKc_E7_184.12	GCK	738	184	2884	56
JAK2_PKc2_E21_125.3	JAK2	738	1481	265	1219
ROCK2_PKc_E4_138	ROCK2	738	1574	1472	870
NLK_PKc_E5_86.1	NLK	739	4750	153	12305
PRKX_PKc_E7_78.2	PRKX	739	618	10857	426
RPS6KA1_PKc_E5_81	RPS6KA1	739	322	339	383
ABL1_PKc_E5_85	ABL1	740	2562	773	529
PKN2_PKc_E16_177.5	PKN2	741	6725	391	1901
CDK4_PKc_E6_51	CDK4	742	2033	1371	2373
TEX14_PKc_E10_179.19	TEX14	742	342	945	374
HIPK1_PKc_E3_124.1	HIPK1	743	202	117	142
MAP3K11_PKc_E1_403.17	MAP3K11	745	653	650	788
CDC42BPB_PKc_E1_169.12	CDC42BPB	747	694	1399	506
PDGFRB_PKc_E12_124.1	PDGFRB	747	447	247	398
RPS6KA2_PKc2_E17_162.12	RPS6KA2	747	823	622	778
neg40	CONTROL	748	1618	322	2029
INSR_PKc_E21_135.15	INSR	749	771	929	2497
ERBB4_PKc_E21_156.2	ERBB4	750	2742	1915	880
WEE2_PKc_E7_108.2	WEE2	751	1369	2769	828
PDK2_PKc_E5_62.1	PDK2	753	1075	441	5593
PRKG2_PKc_E13_90.7	PRKG2	753	337	39	136
CDK3_PKc_E5_171.11	CDK3	756	2000	1576	2625
LCK_PKc_E13_173.24	LCK	756	43	361	62
EIF2AK4_PKc2_E16_105.6	EIF2AK4	757	516	398	957
MAPK6_PKc_E4_165.6	MAPK6	757	1673	331	1038
ADCK2_PKc_E8_114.6	ADCK2	758	90	928	90
MAK_PKc_E3_55.1	MAK	758	290	6599	1322
CDK3_PKc_E3_78.3	CDK3	761	0	733	48
FYN_PKc_E12_154.5	FYN	761	1420	1245	972
PHKG1_PKc_E7_164.2	PHKG1	761	102	719	558
HIPK4_PKc_E2_357.17	HIPK4	762	107	425	78
PTK2B_PKc_E24_101.9	PTK2B	762	123	420	509
BRAF_PKc_E12_85.2	BRAF	763	0	433	311
CDKL2_PKc_E2_165.1	CDKL2	763	699	760	907
DYRK1B_PKc_E5_148.7	DYRK1B	764	1109	328	345
SNRK_PKc_E3_556.41	SNRK	765	425	2292	759
SRC_PKc_E14_206	SRC	766	1123	792	568
DCLK3_PKc_E3_133.7	DCLK3	767	65	1186	488
MAPK6_PKc_E5_200.14	MAPK6	767	303	985	574
PTK7_PKc_E18_152.5	PTK7	768	101	331	167
RPS6KA5_PKc2_E13_171.6	RPS6KA5	768	775	671	946
MAST1_PKc_E16_102.2	MAST1	769	602	546	2489
TRIB3_PKc_E4_361.12	TRIB3	770	71	1774	52
MAP2K6_PKc_E9_78.5	MAP2K6	771	536	711	1980
JAK1_PKc_E13_144.4	JAK1	772	304	267	1199
MAPK10_PKc_E6_59.2	MAPK10	772	88	8	51
MARK2_PKc_E2_81.9	MARK2	772	48	2162	625
PBK_PKc_E6_130.3	PBK	772	374	652	1071
CDKL2_PKc_E4_179.16	CDKL2	773	888	376	489
NEK7_PKc_E4_63	NEK7	773	86	381	548
RPS6KA3_PKc2_E18_162.2	RPS6KA3	773	226	252	766
FES_PKc_E13_27	FES	774	1961	1147	1400
BMPR1A_PKc_E11_176.4	BMPR1A	776	359	1724	405
RPS6KB1_PKc_E9_91.7	RPS6KB1	776	20	246	365
HIPK3_PKc_E4_120.1	HIPK3	779	77	1003	162
MAP3K3_PKc_E13_132.7	MAP3K3	780	270	951	331
PRKCE_PKc_E11_155.2	PRKCE	781	338	2922	783
HIPK2_PKc_E4_120.8	HIPK2	783	691	175	706
NEK10_PKc_E21_46.1	NEK10	785	522	654	969
DCLK1_PKc_E13_78.4	DCLK1	786	625	304	296
SYK_PKc_E13_113.7	SYK	787	222	1183	282
PKN3_PKc_E19_143.19	PKN3	788	859	1526	2607
KIAA1804_PKc_E2_181.17	KIAA1804	789	972	551	1360
neg32	CONTROL	790	1371	1600	3355
HIPK3_PKc_E3_124.5	HIPK3	791	1118	497	420
NPR2_PKc_E13_160.8	NPR2	791	616	417	443
ROR2_PKc_E9_852.135	ROR2	791	1645	733	1647
DYRK2_PKc_E3_1140.73	DYRK2	796	491	0	935
neg41	CONTROL	796	202	87	348
OXSR1_PKc_E4_142.5	OXSR1	798	268	517	416
STK38_PKc_E5_84.1	STK38	798	552	651	2657
NLK_PKc_E2_130.9	NLK	801	452	109	781
MAP3K10_PKc_E3_149.5	MAP3K10	802	904	263	472
PLK2_PKc_E6_96.4	PLK2	802	593	1430	879
TSSK2_PKc_E1_789.95	TSSK2	802	434	1940	334
FGR_PKc_E10_77.7	FGR	804	812	758	484
MAP3K5_PKc_E17_137.11	MAP3K5	806	659	276	205
STKLD1_PKc_E2_87	STKLD1	806	97	400	358
TLK2_PKc_E18_90.4	TLK2	807	394	354	810
MAPK3_PKc_E6_132.17	MAPK3	808	805	208	1393
CSNK1E_PKc_E4_149.4	CSNK1E	809	3976	1664	1973
HCK_PKc_E8_76.11	HCK	811	988	367	1251
PSKH1_PKc_E3_108.19	PSKH1	811	421	468	218
CDK20_PKc_E5_63.6	CDK20	812	611	1113	781
TAOK2_PKc_E6_97.9	TAOK2	812	263	1000	293
TTN_PKc_E358_736.25	TTN	812	565	824	1106
GUCY2F_PKc_E12_149.12	GUCY2F	813	251	777	745
PKN3_PKc_E20_108.6	PKN3	815	164	946	658
CSNK2A2_PKc_E2_112.4	CSNK2A2	816	91	770	601
SIK2_PKc_E3_64.2	SIK2	816	1257	707	1415
EPHA2_PKc_E11_189.12	EPHA2	818	307	0	188
OXSR1_PKc_E6_110.9	OXSR1	819	305	2760	798
PAK4_PKc_E7_127.12	PAK4	820	2843	654	744
RPL9_e3.2	RPL9	820	0	1527	299
HUNK_PKc_E1_90	HUNK	825	664	1164	465
neg20	CONTROL	825	441	487	445
BLK_PKc_E9_180.11	BLK	826	901	946	670
PDGFRA_PKc_E15_154.7	PDGFRA	828	279	720	901
BRSK2_PKc_E6_34.3	BRSK2	829	429	431	493
MINK1_PKc_E2_66.6	MINK1	829	420	734	223
RIPK4_PKc_E2_292.16	RIPK4	830	140	1923	117
CHUK_PKc_E4_70.2	CHUK	831	1242	1133	574
CAMK2G_PKc_E3_60.2	CAMK2G	832	793	454	884
DCLK2_PKc_E12_134.4	DCLK2	832	2082	3854	1514
AXL_PKc_E17_110.5	AXL	833	0	962	0
RIOK2_PKc_E6_192.9	RIOK2	833	0	732	0
Rosa26	Rosa26	835	581	468	812
RPS6KB1_PKc_E4_69	RPS6KB1	835	594	377	264
SCYL3_PKc_E6_103.3	SCYL3	835	1127	1022	1024
CLK2_PKc_E4_40	CLK2	836	409	229	240
TRIB3_PKc_E4_361.35	TRIB3	836	1488	1957	409
DDR1_PKc_E14_237.4	DDR1	838	478	640	269
AKT2_PKc_E8_69.8	AKT2	839	770	706	74
MAP4K5_PKc_E5_65.2	MAP4K5	840	295	958	848
NTRK2_PKc_E20_159.3	NTRK2	840	0	453	308
JAK1_PKc_E17_152.6	JAK1	842	2254	507	1157
EPHB4_PKc_E14_150.2	EPHB4	843	1641	5546	3915
PRKCD_PKc_E15_63	PRKCD	843	579	657	787
CDC42BPA_PKc_E4_96	CDC42BPA	844	1454	755	3508
NUAK1_PKc_E5_120.6	NUAK1	846	336	142	489
PRKX_PKc_E2_169.1	PRKX	846	335	1016	466
MAP4K5_PKc_E6_56	MAP4K5	849	670	2157	1114
STRADA_PKc_E11_242.41	STRADA	849	88	367	54
ERN1_PKc_E15_190	ERN1	850	222	2827	609
RAF1_PKc_E14_119.3	RAF1	850	1021	16	1201
NEK6_PKc_E4_108.12	NEK6	851	607	99	861
OBSCN_PKc2_E104_150.1	OBSCN	855	476	666	453
PTK7_PKc_E15_40.3	PTK7	855	800	2281	762
DCLK1_PKc_E10_120.4	DCLK1	857	169	417	538
EPHA3_PKc_E13_210.12	EPHA3	857	630	515	1309
MAST2_PKc_E19_102.15	MAST2	858	374	1184	609
CDKL4_PKc_E4_91.2	CDKL4	859	318	619	1262
MARK4_PKc_E5_66	MARK4	860	226	641	699
FASTK_PKc_E6_143.1	FASTK	862	99	1124	115
MKNK1_PKc_E5_80.3	MKNK1	863	0	186	0
SBK1_PKc_E3_203.6	SBK1	863	1287	352	3384
CSNK1E_PKc_E5_229.35	CSNK1E	864	356	3976	833
EIF2AK4_PKc_E8_123.1	EIF2AK4	864	680	574	956
ACVR1C_PKc_E4_193.16	ACVR1C	865	248	474	28
PKN3_PKc_E16_177.26	PKN3	867	362	415	347
RPS6KA3_PKc2_E21_141.1	RPS6KA3	869	25	597	1216
IRAK4_PKc_E11_63.2	IRAK4	871	1171	243	673
MYO3B_PKc_E3_135.4	MYO3B	871	991	377	258
SCYL2_PKc_E4_145	SCYL2	871	1689	831	556
IRAK1_PKc_E5_81.5	IRAK1	874	195	922	856
MYLK2_PKc_E9_71.2	MYLK2	874	1141	2492	854
PDGFRA_PKc_E14_111.9	PDGFRA	874	334	1295	595
EPHA10_PKc_E12_62.1	EPHA10	875	2249	907	2348
MAP3K2_PKc_E16_214.1	MAP3K2	876	9475	459	2209
GRK4_PKc_E11_90.8	GRK4	878	918	959	1824
ARAF_PKc_E10_152.5	ARAF	879	279	0	235
ARAF_PKc_E11_177.9	ARAF	880	142	1154	670
CAMK4_PKc_E6_91.4	CAMK4	882	595	643	601
ADCK5_PKc_E8_132.7	ADCK5	884	598	145	366
neg19	CONTROL	886	1295	996	3708
MAP2K5_PKc_E9_40.1	MAP2K5	888	116	335	954
CDC42BPA_PKc_E2_92.2	CDC42BPA	889	1015	1223	835
NEK7_PKc_E5_111.1	NEK7	889	539	519	1098
STKLD1_PKc_E4_75.2	STKLD1	889	1087	188	714
GRK6_PKc_E8_141.5	GRK6	890	171	425	924
MST1R_PKc_E15_81.3	MST1R	890	192	563	615
SBK2_PKc_E2_52	SBK2	890	343	743	543
ZAP70_PKc_E10_207.28	ZAP70	890	10	509	331
CHEK2_PKc_E9_100.2	CHEK2	891	600	361	819
ERN1_PKc_E14_62	ERN1	893	286	510	828
MAP3K6_PKc_E19_158.22	MAP3K6	894	122	788	111
NEK6_PKc_E9_95.1	NEK6	895	127	1028	497
neg35	CONTROL	897	576	2526	288
EPHA10_PKc_E10_46	EPHA10	899	526	691	657
MYO3B_PKc_E6_77.5	MYO3B	899	2551	1114	2009
neg30	CONTROL	901	2021	1150	1699
ULK4_PKc_E6_102.1	ULK4	901	592	956	908
ZAK_PKc_E4_102.3	ZAK	901	199	92	395
PAK3_PKc_E12_118.1	PAK3	902	1381	959	1603
NEK10_PKc_E23_103	NEK10	905	3711	200	220
NTRK1_PKc_E17_144	NTRK1	905	566	210	1526
SPEG_PKc2_E34_123.9	SPEG	906	486	1354	822
STRADA_PKc_E8_124.12	STRADA	906	734	953	1935
UHMK1_PKc_E4_95.4	UHMK1	906	3191	287	733
DDR2_PKc_E14_60.8	DDR2	908	1133	213	165
MAPK7_PKc_E4_754.37	MAPK7	908	411	1214	186
MYLK4_PKc_E6_110.3	MYLK4	908	1272	1313	596
RPS6KA3_PKc2_E15_126.4	RPS6KA3	908	521	388	260
SPEG_PKc2_E36_604.32	SPEG	908	359	1627	364
ZAK_PKc_E5_66.2	ZAK	908	1208	667	2702
PAK3_PKc_E13_100.3	PAK3	909	0	689	225
STK19_PKc_E6_98	STK19	910	372	687	1747
TEC_PKc_E13_161.15	TEC	910	1503	655	1344
EIF2AK3_PKc_E13_201.3	EIF2AK3	912	1237	329	2185
MAPK11_PKc_E6_48.3	MAPK11	913	83	622	363
PDGFRA_PKc_E16_167.7	PDGFRA	914	714	732	1756
PDK4_PKc_E5_59	PDK4	914	3033	487	2419
RIPK2_PKc_E3_156.1	RIPK2	915	143	1205	652
IRAK3_PKc_E9_199.15	IRAK3	918	2075	569	454
PDK1_PKc_E6_68.2	PDK1	918	1033	1643	1620
LMTK3_PKc_E5_42.1	LMTK3	919	1702	789	1350
ROS1_PKc_E41_135.2	ROS1	919	0	199	198
CASK_PKc_E3_106	CASK	920	742	660	1891
BMP2K_PKc_E1_40.1	BMP2K	921	321	691	524
MAP2K6_PKc_E4_96.5	MAP2K6	921	295	2472	186
NEK5_PKc_E3_111.8	NEK5	921	1674	1597	2267
STK31_PKc_E21_150.5	STK31	921	190	360	243
LATS1_PKc_E6_183.19	LATS1	922	177	3193	256
PSKH2_PKc_E2_667.73	PSKH2	922	544	1427	443
KALRN_PKc_E58_201	KALRN	926	977	995	1392
CLK4_PKc_E7_167.8	CLK4	927	1605	389	1141
ZAP70_PKc_E9_86.5	ZAP70	927	1540	1097	1505
CDKL3_PKc_E4_179.6	CDKL3	928	184	4343	699
CLK3_PKc_E6_117	CLK3	928	354	2505	986
WNK2_PKc_E5_89.7	WNK2	928	7157	753	1228
JAK2_PKc2_E19_137.11	JAK2	932	0	862	85
JAK3_PKc_E12_132.19	JAK3	932	498	1850	242
MYO3B_PKc_E4_105.6	MYO3B	932	1492	576	1395
CAMK1D_PKc_E3_75.1	CAMK1D	934	4037	899	2782
AKT2_PKc_E10_129.1	AKT2	935	180	0	149
DCLK3_PKc_E2_390.6	DCLK3	935	0	429	163
PLK4_PKc_E3_96.6	PLK4	937	71	292	132
PKN2_PKc_E15_92	PKN2	938	1533	230	983
STK32A_PKc_E6_38	STK32A	938	259	400	44
JAK1_PKc_E16_136.9	JAK1	941	913	1281	430
BMPR2_PKc_E6_231	BMPR2	942	481	1432	162
GSK3B_PKc_E5_131.8	GSK3B	942	483	2267	2213
STK4_PKc_E3_129.8	STK4	942	681	1003	3916
PDK4_PKc_E2_142.7	PDK4	944	1003	327	1717
ALK_PKc_E21_91.12	ALK	945	401	2585	1277
MYO3B_PKc_E2_177.13	MYO3B	945	1031	453	1934
neg22	CONTROL	945	168	110	1416
MAPK15_PKc_E7_140.25	MAPK15	948	2318	1491	937
PRKD2_PKc_E17_83.1	PRKD2	949	411	374	379
CDK14_PKc_E4_80.5	CDK14	950	793	2290	917
ZAK_PKc_E8_87.3	ZAK	950	206	302	134
MAPK6_PKc_E2_516.38	MAPK6	951	1515	529	1325
DYRK4_PKc_E8_82.5	DYRK4	953	173	2539	1948
CLK4_PKc_E5_67	CLK4	956	1028	81	712
PRKY_PKc_E2_169.3	PRKY	956	1142	1211	2400
NUAK2_PKc_E5_120.3	NUAK2	957	526	1166	394
CDK4_PKc_E4_168.12	CDK4	958	3028	217	4947
CSNK1G1_PKc_E6_235.8	CSNK1G1	958	400	1119	2330
MAP3K4_PKc_E21_71.2	MAP3K4	959	759	468	984
ULK2_PKc_E6_174.7	ULK2	959	419	3191	2210
MET_PKc_E18_110.2	MET	960	862	474	1464
MERTK_PKc_E15_119.9	MERTK	963	1271	944	763
MET_PKc_E17_182.12	MET	964	672	1730	516
MKNK2_PKc_E5_98.7	MKNK2	964	512	401	2019
MAPKAPK5_PKc_E6_90.2	MAPKAPK5	968	1244	394	3310
neg08	CONTROL	970	387	4519	565
RPS6KB2_PKc_E8_91	RPS6KB2	970	685	354	1495
TESK1_PKc_E5_83	TESK1	970	730	767	1061
ACVR1_PKc_E8_276.19	ACVR1	974	293	545	1549
DCLK3_PKc_E3_133.3	DCLK3	974	283	6607	625
MAP4K3_PKc_E4_65.4	MAP4K3	974	274	502	552
CAMK2G_PKc_E4_55.3	CAMK2G	975	470	223	2692
CDK1_PKc_E2_37.1	CDK1	975	3254	2916	1420
AKT1_PKc_E5_66.5	AKT1	976	474	676	1271
MAP2K1_PKc_E10_46.2	MAP2K1	978	1662	1800	1009
AMHR2_PKc_E11_108.5	AMHR2	979	90	199	271
PRKCI_PKc_E10_98.3	PRKCI	980	1071	618	846
RIOK3_PKc_E9_160.7	RIOK3	980	727	1521	1155
EPHB6_PKc_E13_174.1	EPHB6	981	1754	324	1123
ADCK2_PKc_E7_54	ADCK2	982	711	4457	422
PBK_PKc_E3_59.2	PBK	983	903	1662	679
PRKCH_PKc_E12_189.8	PRKCH	983	719	1470	201
MAPK10_PKc_E7_139.9	MAPK10	984	733	757	3659
PRKG1_PKc_E13_142.5	PRKG1	984	349	825	614
SNRK_PKc_E4_142	SNRK	984	319	80	1018
FER_PKc_E19_123.7	FER	985	430	183	755
EPHB1_PKc_E10_43	EPHB1	986	284	230	211
ADRBK2_PKc_E8_92.2	ADRBK2	989	615	151	754
CDK11B_PKc_E13_122.7	CDK11B	990	153	476	165
PRKCI_PKc_E12_136.1	PRKCI	992	122	232	47
CDC42BPB_PKc_E3_84.2	CDC42BPB	993	1126	737	969
AKT3_PKc_E8_123.3	AKT3	995	591	351	943
MAPKAPK2_PKc_E2_140.8	MAPKAPK2	995	298	769	2432
PKN2_PKc_E17_63	PKN2	996	591	689	372
RPS6KA1_PKc_E3_42	RPS6KA1	996	3119	269	596
WNK3_PKc_E7_52.1	WNK3	996	373	602	277
STKLD1_PKc_E3_45	STKLD1	998	481	1187	55
MAP2K4_PKc_E5_120.2	MAP2K4	1000	9	73	164
RAF1_PKc_E12_177.12	RAF1	1000	469	176	234
TEK_PKc_E20_41	TEK	1000	632	12043	1895
PAK1_PKc_E8_53.2	PAK1	1002	4824	687	3801
NTRK1_PKc_E13_123.1	NTRK1	1003	222	470	395
CDKL1_PKc_E2_122	CDKL1	1004	2169	693	3125
EPHA1_PKc_E14_207.8	EPHA1	1004	394	1874	286
neg04	CONTROL	1004	643	990	243
RPS6KA1_PKc2_E16_90.1	RPS6KA1	1004	133	1773	323
neg47	CONTROL	1005	84	2160	182
PTK2B_PKc_E20_90.1	PTK2B	1005	944	0	762
EIF2AK4_PKc_E10_107.8	EIF2AK4	1006	1000	716	2276
RET_PKc_E14_215.42	RET	1006	254	186	491
PHKG1_PKc_E6_66.1	PHKG1	1011	483	1510	1451
STK17B_PKc_E4_145.4	STK17B	1013	3585	585	2285
DYRK3_PKc_E3_1140.22	DYRK3	1014	1266	194	1336
TRIB1_PKc_E2_293.37	TRIB1	1015	538	1105	362
MAPK6_PKc_E2_516.1	MAPK6	1017	1229	462	1213
MAP2K5_PKc_E12_62	MAP2K5	1019	237	371	713
DYRK4_PKc_E5_137	DYRK4	1020	658	2970	1124
EPHA6_PKc_E15_150.1	EPHA6	1025	1216	488	2398
NPR1_PKc_E12_72.4	NPR1	1027	387	3404	148
BMP2K_PKc_E4_143.5	BMP2K	1028	46	1534	569
PRKCZ_PKc_E11_87.3	PRKCZ	1029	526	340	356
SBK3_PKc_E3_203.12	SBK3	1030	1182	247	2209
KIAA1804_PKc_E4_68.2	KIAA1804	1031	317	1438	502
OBSCN_PKc_E87_61.1	OBSCN	1032	1532	627	1475
NEK7_PKc_E6_109.1	NEK7	1033	293	933	640
TEX14_PKc_E7_149.6	TEX14	1034	190	827	163
MAST1_PKc_E14_133.6	MAST1	1036	1997	210	1268
PIM3_PKc_E3_51.5	PIM3	1038	69	494	1180
TESK2_PKc_E4_49	TESK2	1038	106	325	325
GRK4_PKc_E7_45.3	GRK4	1039	1815	1946	602
GCK_PKc_E3_155.17	GCK	1040	487	650	1473
ERBB2_PKc_E18_75.5	ERBB2	1041	586	49	212
STK31_PKc_E22_123.5	STK31	1046	629	680	288
MAP2K3_PKc_E5_120.9	MAP2K3	1048	15	289	164
MAST2_PKc_E16_139.11	MAST2	1048	258	485	169
PAK1_PKc_E9_49	PAK1	1051	1228	7960	1492
INSRR_PKc_E18_111.8	INSRR	1052	108	0	23
IRAK3_PKc_E8_119.1	IRAK3	1053	614	2401	541
NEK5_PKc_E7_71.2	NEK5	1053	121	347	119
DCLK3_PKc_E4_168.9	DCLK3	1055	376	3801	568
MAPK8_PKc_E7_72	MAPK8	1055	2225	322	786
PAK3_PKc_E14_197.8	PAK3	1059	4034	2059	7450
EPHB4_PKc_E11_43.2	EPHB4	1060	1940	755	2396
NEK4_PKc_E3_198.17	NEK4	1060	117	5554	105
BUB1B_PKc_E19_150.8	BUB1B	1061	0	2892	7
LATS1_PKc_E6_183.6	LATS1	1061	1976	1088	1673
SBK3_PKc_E2_52.6	SBK3	1061	304	1934	1027
ERN1_PKc_E16_100.1	ERN1	1062	2010	413	1363
EIF2AK1_PKc_E8_61.1	EIF2AK1	1064	1990	2243	3155
TEK_PKc_E18_114.4	TEK	1068	1216	1688	1233
FLT1_PKc_E17_34	FLT1	1069	491	138	1387
PRKCE_PKc_E9_42.1	PRKCE	1069	321	387	1968
EIF2AK4_PKc_E9_536.1	EIF2AK4	1070	345	930	740
VRK2_PKc_E9_121.15	VRK2	1070	53	604	97
STK39_PKc_E2_113.5	STK39	1071	862	0	892
JAK1_PKc2_E19_95.2	JAK1	1073	458	174	555
EIF2AK4_PKc2_E12_431.72	EIF2AK4	1074	1374	344	1724
ATR_PKc_E42_151.4	ATR	1076	0	2833	1
SGK494_PKc_E6_105.2	SGK494	1076	1363	0	3023
ACVR1C_PKc_E8_131.1	ACVR1C	1077	612	259	255
ADRBK2_PKc_E10_79.5	ADRBK2	1078	0	446	66
BMP2K_PKc_E2_119.7	BMP2K	1079	365	611	127
STK35_PKc_E3_695.12	STK35	1079	1210	1171	1631
FASTK_PKc_E8_41.2	FASTK	1081	235	500	468
EPHB2_PKc_E13_150.22	EPHB2	1082	1596	2882	1421
MUSK_PKc_E13_74.3	MUSK	1086	247	400	183
RPS6KA2_PKc2_E16_159.19	RPS6KA2	1086	1173	1422	1102
CAMK2D_PKc_E6_73.1	CAMK2D	1088	308	342	287
STK31_PKc_E20_84.3	STK31	1088	497	1203	1078
JAK2_PKc_E14_88	JAK2	1089	2117	473	8924
NRK_PKc_E6_111	NRK	1089	249	786	408
EPHB4_PKc_E13_216.23	EPHB4	1091	923	1431	1961
ADCK4_PKc_E8_141.12	ADCK4	1095	616	706	1051
LMTK2_PKc_E8_85.7	LMTK2	1096	889	43	198
PDK4_PKc_E1_34	PDK4	1096	659	1398	4730
TBCK_PKc_E4_115.7	TBCK	1096	988	1090	801
MARK2_PKc_E4_49.1	MARK2	1099	186	1091	860
PHKG1_PKc_E4_55	PHKG1	1102	277	109	596
HCK_PKc_E12_132.7	HCK	1111	915	1064	2200
PRKCG_PKc_E11_189.3	PRKCG	1111	0	135	0
TRPM6_PKc_E34_228.4	TRPM6	1113	255	723	557
VRK3_PKc_E8_85.5	VRK3	1113	268	509	54
DSTYK_PKc_E13_134.19	DSTYK	1117	632	3447	565
RPS6KA4_PKc2_E10_129.2	RPS6KA4	1117	3160	2147	460
EPHA10_PKc_E13_204.12	EPHA10	1118	25	565	48
MAP2K2_PKc_E9_62	MAP2K2	1119	137	2680	237
CDK10_PKc_E4_103.11	CDK10	1120	590	345	404
JAK3_PKc_E13_85.6	JAK3	1121	1145	446	859
CAMK4_PKc_E2_79.4	CAMK4	1123	26	319	523
NTRK3_PKc_E18_42.1	NTRK3	1124	3502	864	3399
PAK2_PKc_E12_100	PAK2	1125	1016	3398	2842
MAST4_PKc_E15_209.16	MAST4	1126	376	3952	458
TNNI3K_PKc_E18_53.3	TNNI3K	1127	77	1902	178
SGK1_PKc_E6_132	SGK1	1128	56	231	0
TRIO_PKc_E54_50.1	TRIO	1128	1407	1668	4021
SBK3_PKc_E4_525.38	SBK3	1129	382	1048	619
PAK6_PKc_E7_134	PAK6	1131	246	595	384
PRKX_PKc_E1_52.2	PRKX	1131	170	1591	1081
CDK10_PKc_E7_53.1	CDK10	1136	846	934	1301
EPHA8_PKc_E15_150.4	EPHA8	1136	387	1505	384
RPS6KB2_PKc_E3_42	RPS6KB2	1136	978	2325	1159
MAP2K5_PKc_E8_56	MAP2K5	1138	711	2198	927
ITK_PKc_E16_158.15	ITK	1140	96	784	549
NEK9_PKc_E4_71	NEK9	1141	371	2838	590
ULK1_PKc_E2_93.5	ULK1	1142	2367	1048	584
PDK4_PKc_E4_185.8	PDK4	1143	797	481	1738
MYLK2_PKc_E8_142.4	MYLK2	1145	346	684	319
DYRK4_PKc_E6_141.7	DYRK4	1146	1724	685	2139
TLK1_PKc_E19_112.4	TLK1	1153	3994	1013	1632
EPHA7_PKc_E11_186.8	EPHA7	1155	6460	583	2951
PRKD2_PKc_E16_268.1	PRKD2	1155	104	2884	30
CDKL5_PKc_E4_46	CDKL5	1157	1335	1091	1118
MAP3K5_PKc_E20_135.2	MAP3K5	1161	449	1513	1339
PAK6_PKc_E8_127.8	PAK6	1161	451	284	609
MAP4K4_PKc_E5_111.8	MAP4K4	1163	208	1114	64
MLKL_PKc_E9_50	MLKL	1164	1189	1821	988
UHMK1_PKc_E3_192.2	UHMK1	1164	814	2051	1421
JAK1_PKc_E14_88.2	JAK1	1166	1430	509	2437
RIOK3_PKc_E6_48	RIOK3	1168	723	1478	4198
MAPK14_PKc_E5_30	MAPK14	1169	446	512	272
DCLK3_PKc_E5_86.5	DCLK3	1174	2380	410	2792
MYO3A_PKc_E6_100.4	MYO3A	1174	839	786	686
PSKH1_PKc_E2_672.53	PSKH1	1174	955	1535	2321
CSNK1A1_PKc_E5_84.1	CSNK1A1	1176	255	400	419
MAP2K1_PKc_E8_65	MAP2K1	1176	954	327	291
STK32A_PKc_E4_152.7	STK32A	1176	1165	3759	2925
MARK1_PKc_E9_120	MARK1	1177	2319	1066	2102
STK25_PKc_E7_186.24	STK25	1179	1821	711	2517
ZAP70_PKc_E12_141.17	ZAP70	1179	756	6646	131
neg06	CONTROL	1183	1581	230	891
MATK_PKc_E12_196.14	MATK	1184	965	1878	1601
STK17A_PKc_E2_213.9	STK17A	1186	151	711	513
CDKL4_PKc_E1_165.9	CDKL4	1187	1243	303	2806
MAK_PKc_E2_92.4	MAK	1189	1820	342	2210
GCK_PKc_E6_100.5	GCK	1193	265	461	809
NRK_PKc_E8_131.1	NRK	1193	208	1000	1543
SBK1_PKc_E3_203.12	SBK1	1197	315	616	1330
PRKY_PKc_E3_264.32	PRKY	1198	65	368	93
WNK4_PKc_E4_158.14	WNK4	1199	886	662	2055
CLK1_PKc_E9_130.1	CLK1	1200	1773	947	1497
WNK4_PKc_E3_221.12	WNK4	1200	453	2389	878
NEK3_PKc_E3_94.3	NEK3	1202	1388	743	1225
AKT1_PKc_E10_129.13	AKT1	1203	1495	698	1605
ERBB4_PKc_E19_99.2	ERBB4	1203	102	347	289
TNNI3K_PKc_E14_28	TNNI3K	1203	1217	424	5769
AK3_PKc_E3_173.2	AK3	1204	1627	615	1784
BLK_PKc_E11_151.13	BLK	1207	857	816	1231
MYLK3_PKc_E5_41.1	MYLK3	1209	132	4310	525
BMP2K_PKc_E3_106.5	BMP2K	1210	96	399	0
FLT1_PKc_E20_89.2	FLT1	1210	414	445	997
ROR1_PKc_E9_849.47	ROR1	1211	722	1885	2382
TBCK_PKc_E6_142.17	TBCK	1211	1092	3843	1347
EPHB4_PKc_E15_150.34	EPHB4	1215	665	1629	1075
STK38_PKc_E7_155.1	STK38	1218	2019	421	3754
NPR2_PKc_E14_156.4	NPR2	1220	46	694	124
HIPK3_PKc_E6_147.2	HIPK3	1224	656	1212	974
MAP4K3_PKc_E3_91	MAP4K3	1227	142	272	2550
MAST3_PKc_E17_102.5	MAST3	1227	70	991	109
GSG2_PKc_E1_1371.119	GSG2	1228	143	305	215
LATS1_PKc_E8_369.2	LATS1	1228	1967	1395	2549
MAP3K14_PKc_E8_132.6	MAP3K14	1229	835	1100	647
STK17A_PKc_E6_180.4	STK17A	1238	1301	1265	735
JAK2_PKc_E15_128.4	JAK2	1240	1781	1254	697
FLT1_PKc_E21_157.4	FLT1	1243	82	1236	70
RPS6KA6_PKc_E3_42.4	RPS6KA6	1246	1305	1605	2145
PKN1_PKc_E14_42.4	PKN1	1247	419	432	39
AK2_PKc_E6_159.16	AK2	1250	1257	28	2040
TGFBR2_PKc_E7_128.5	TGFBR2	1250	1071	2251	1507
EIF2AK2_PKc_E15_102.3	EIF2AK2	1251	624	878	934
ACVRL1_PKc_E9_131.6	ACVRL1	1253	362	191	182
MAP3K4_PKc_E25_107.6	MAP3K4	1254	1313	1151	1163
RIPK1_PKc_E2_157.18	RIPK1	1254	22	10847	585
EIF2AK3_PKc_E11_123.1	EIF2AK3	1255	808	694	1563
MAP2K4_PKc_E6_52	MAP2K4	1260	4296	215	1125
RIOK2_PKc_E4_176.2	RIOK2	1263	443	257	219
TESK2_PKc_E5_147.14	TESK2	1263	429	1971	498
RET_PKc_E12_118.2	RET	1267	370	721	304
TSSK2_PKc_E1_789.51	TSSK2	1269	79	631	77
CDK18_PKc_E7_95.9	CDK18	1270	161	3066	0
TBCK_PKc_E3_73	TBCK	1273	1280	1495	467
STK3_PKc_E9_138.5	STK3	1278	402	1057	265
STK31_PKc_E20_84	STK31	1278	109	669	924
IRAK4_PKc_E6_144	IRAK4	1279	1621	1907	5805
STK40_PKc_E4_144.11	STK40	1280	0	1255	143
LMTK3_PKc_E8_149.33	LMTK3	1281	2472	461	2127
PIM1_PKc_E2_81	PIM1	1281	526	1334	425
MAP2K1_PKc_E6_125.2	MAP2K1	1282	251	1881	1308
PDPK1_PKc_E2_48	PDPK1	1282	1394	1059	964
NEK10_PKc_E24_76.1	NEK10	1286	8356	658	15246
CSNK2A2_PKc_E1_41	CSNK2A2	1287	619	1358	680
PDIK1L_PKc_E2_267.2	PDIK1L	1287	166	1084	504
IRAK3_PKc_E5_96.6	IRAK3	1290	399	505	859
CDK7_PKc_E2_60.3	CDK7	1292	197	1018	141
LMTK3_PKc_E7_88.3	LMTK3	1295	3637	245	9392
MAP3K6_PKc_E20_135.17	MAP3K6	1295	468	756	220
MINK1_PKc_E6_91.7	MINK1	1296	24	1154	797
BRSK1_PKc_E4_141.5	BRSK1	1297	4733	287	2010
DYRK1A_PKc_E5_148	DYRK1A	1299	1542	402	1712
TRPM6_PKc_E35_83.1	TRPM6	1304	798	931	896
SGK2_PKc_E5_132.5	SGK2	1305	506	171	309
MAPK1_PKc_E2_183.3	MAPK1	1308	1497	670	2071
MAP3K3_PKc_E14_132	MAP3K3	1311	448	0	360
NUAK1_PKc_E2_121	NUAK1	1311	126	1556	128
neg16	CONTROL	1312	1970	757	1677
CAMK2B_PKc_E1_32	CAMK2B	1313	390	1185	647
EPHB6_PKc_E14_150	EPHB6	1313	5492	98	7414
KIT_PKc_E16_128	KIT	1313	981	1013	500
CAMK1D_PKc_E4_139.1	CAMK1D	1314	115	535	0
SCYL1_PKc_E3_123.21	SCYL1	1314	452	191	71
LIMK1_PKc_E11_60.2	LIMK1	1315	669	517	453
POMK_PKc_E5_705.3	POMK	1315	520	1984	629
EPHA3_PKc_E15_150.1	EPHA3	1316	844	3437	2104
MAP4K5_PKc_E3_58.2	MAP4K5	1316	1142	164	349
CDKL1_PKc_E5_201.9	CDKL1	1318	111	860	0
FLT3_PKc_E14_124.1	FLT3	1318	118	1017	468
TNNI3K_PKc_E19_53	TNNI3K	1318	102	3352	466
CAMKK2_PKc_E4_54	CAMKK2	1319	4751	4098	5046
ERBB3_PKc_E19_99.4	ERBB3	1319	656	260	158
VRK3_PKc_E7_67.3	VRK3	1319	141	1086	1103
ALK_PKc_E22_65.1	ALK	1320	1426	168	2122
TGFBR2_PKc_E8_102.12	TGFBR2	1325	1460	3809	3028
STK24_PKc_E3_57.3	STK24	1326	97	1120	58
TSSK3_PKc_E2_650.61	TSSK3	1328	0	214	5
KIAA1804_PKc_E3_149.3	KIAA1804	1329	132	1435	229
PRKAA2_PKc_E2_142	PRKAA2	1332	321	9	302
TTBK1_PKc_E3_148.2	TTBK1	1332	453	769	276
neg36	CONTROL	1333	1139	1801	1776
FRK_PKc_E5_159.6	FRK	1334	225	856	649
MKNK2_PKc_E9_56.2	MKNK2	1334	532	1148	868
VRK3_PKc_E6_65.2	VRK3	1334	1791	727	1892
PRKAA2_PKc_E1_58.1	PRKAA2	1335	1215	750	1184
ADCK2_PKc_E1_534.7	ADCK2	1337	215	213	190
NLK_PKc_E7_102.5	NLK	1337	360	749	81
ROCK2_PKc_E2_82.3	ROCK2	1339	1118	1203	2336
PBK_PKc_E4_143.6	PBK	1340	781	669	983
TESK1_PKc_E6_91.9	TESK1	1340	112	2038	0
neg48	CONTROL	1342	352	560	1349
MAP3K1_PKc_E19_132	MAP3K1	1343	472	1076	1866
MAP4K1_PKc_E1_54.5	MAP4K1	1345	263	2314	27
SRMS_PKc_E6_182.12	SRMS	1347	107	2320	552
RPS6KA1_PKc_E4_82.9	RPS6KA1	1348	734	1535	2469
RPS6KA4_PKc_E6_81.11	RPS6KA4	1348	953	3206	419
PRKACB_PKc_E7_96.2	PRKACB	1349	38	1062	127
GUCY2F_PKc_E11_150.7	GUCY2F	1350	778	2484	633
TEC_PKc_E18_60	TEC	1353	338	501	422
KDR_PKc_E22_98	KDR	1354	2294	190	2268
RYK_PKc_E11_133.6	RYK	1354	1429	2061	1861
RPS6KA4_PKc2_E12_94	RPS6KA4	1357	460	400	396
NEK3_PKc_E5_84.1	NEK3	1358	1992	2504	2376
WEE2_PKc_E9_171.7	WEE2	1365	751	1820	960
EPHA7_PKc_E14_150.12	EPHA7	1369	297	1938	587
TTN_PKc_E358_736.55	TTN	1369	381	2780	331
FER_PKc_E18_155.1	FER	1370	1894	2212	1469
FGFR3_PKc_E14_123.8	FGFR3	1370	230	1917	172
STK24_PKc_E6_186.15	STK24	1371	145	1244	99
DAPK3_PKc_E7_153.1	DAPK3	1372	140	1346	213
KALRN_PKc_E57_26	KALRN	1372	736	1214	1246
TIE1_PKc_E16_111.15	TIE1	1375	947	1021	621
RPS6KA5_PKc_E3_219.7	RPS6KA5	1377	3628	1849	8956
TAOK3_PKc_E8_114.8	TAOK3	1378	1230	1971	703
MYLK2_PKc_E7_110.3	MYLK2	1380	0	3375	3
PSKH2_PKc_E3_108.5	PSKH2	1383	76	3848	178
STK11_PKc_E5_137.3	STK11	1385	7291	9761	19315
KSR1_PKc_E17_97	KSR1	1387	775	1761	707
STK32A_PKc_E5_174.15	STK32A	1387	704	1049	431
NEK1_PKc_E4_97.3	NEK1	1389	369	481	461
TNNI3K_PKc_E17_105.2	TNNI3K	1391	625	415	314
STK36_PKc_E7_78.5	STK36	1393	1957	594	1930
SGK494_PKc_E7_41	SGK494	1394	938	2926	362
CAMK2A_PKc_E7_103.16	CAMK2A	1395	2567	2045	3495
TRIB2_PKc_E2_293.17	TRIB2	1396	111	3436	159
MAP2K4_PKc_E4_120.2	MAP2K4	1400	450	432	483
DAPK3_PKc_E8_43	DAPK3	1403	4652	171	4471
PRKCA_PKc_E12_63	PRKCA	1403	1790	5274	1610
LMTK2_PKc_E9_122.4	LMTK2	1408	607	1341	808
STK17B_PKc_E5_127.2	STK17B	1408	640	2529	1187
CDK9_PKc_E7_192.9	CDK9	1413	426	476	1508
TYK2_PKc2_E20_193.1	TYK2	1413	90	3453	220
RIPK3_PKc_E5_47	RIPK3	1415	337	1342	1021
TNIK_PKc_E7_131.1	TNIK	1416	22	2202	176
HIPK4_PKc_E1_435.67	HIPK4	1420	2180	967	2144
RIPK2_PKc_E2_154.5	RIPK2	1426	628	683	1048
NEK9_PKc_E6_132.8	NEK9	1430	1422	4005	950
PRKCH_PKc_E8_42	PRKCH	1430	297	3268	384
TRPM7_PKc_E37_52.1	TRPM7	1430	845	725	383
TXK_PKc_E12_65	TXK	1430	290	981	1442
CAMK2D_PKc_E3_60	CAMK2D	1431	1243	561	1365
GSG2_PKc_E1_1371.166	GSG2	1431	768	1374	913
PRKCZ_PKc_E12_136.12	PRKCZ	1431	2963	411	509
PNCK_PKc_E6_124.8	PNCK	1437	128	646	1081
EPHB2_PKc_E12_216.6	EPHB2	1443	599	3471	4295
BRAF_PKc_E14_47.1	BRAF	1445	776	1071	5844
CAMK2G_PKc_E1_32.1	CAMK2G	1445	278	1716	135
PDGFRB_PKc_E15_160.7	PDGFRB	1446	330	1032	157
PDGFRA_PKc_E17_116.3	PDGFRA	1447	1029	1184	363
SPEG_PKc1_E25_179.16	SPEG	1448	1150	618	237
RPS6KA4_PKc_E2_34	RPS6KA4	1449	1325	2146	941
SGK1_PKc_E9_96.8	SGK1	1449	41	765	195
NEK1_PKc_E8_87.1	NEK1	1451	380	1825	965
GRK6_PKc_E7_45	GRK6	1454	1311	683	857
MATK_PKc_E8_61.3	MATK	1457	278	1002	428
MAP2K6_PKc_E6_117.6	MAP2K6	1458	2567	831	1201
NPR1_PKc_E11_105.4	NPR1	1462	155	1060	515
AKT3_PKc_E7_69.7	AKT3	1465	5000	359	2620
HIPK1_PKc_E6_177.4	HIPK1	1467	1375	729	1119
KSR1_PKc_E19_132.13	KSR1	1467	1164	613	2525
PNCK_PKc_E3_132.27	PNCK	1467	1369	364	3191
RPS6KA6_PKc2_E19_77	RPS6KA6	1474	1191	3112	3569
MELK_PKc_E7_93.3	MELK	1480	173	1007	1032
PRKCE_PKc_E12_139.1	PRKCE	1480	921	1486	1197
EPHA2_PKc_E11_189.15	EPHA2	1481	640	1270	1284
MAP2K3_PKc_E7_52	MAP2K3	1481	162	3706	409
MAPK14_PKc_E6_48	MAPK14	1482	630	2863	437
SGK1_PKc_E4_42.1	SGK1	1482	407	1350	2686
MAPK7_PKc_E4_754.65	MAPK7	1484	470	451	853
TSSK6_PKc_E1_771.109	TSSK6	1485	697	270	494
CDC42BPA_PKc_E3_84	CDC42BPA	1486	169	140	158
ERBB4_PKc_E20_186.2	ERBB4	1487	21	244	69
PLK2_PKc_E3_117	PLK2	1487	1007	1882	1438
STK38_PKc_E8_103.1	STK38	1490	2123	537	2332
CSNK1G1_PKc_E4_70.2	CSNK1G1	1491	11217	1921	18504
CAMK4_PKc_E5_73.1	CAMK4	1492	726	305	739
OBSCN_PKc2_E101_240.9	OBSCN	1493	253	3890	307
CDKL3_PKc_E5_113.2	CDKL3	1494	866	474	865
MAP2K5_PKc_E11_82	MAP2K5	1496	485	548	797
SBK2_PKc_E4_531.4	SBK2	1496	28	792	32
HIPK1_PKc_E4_120.6	HIPK1	1500	173	2268	196
RNASEL_PKc_E2_358.35	RNASEL	1500	481	255	1879
TNK1_PKc_E5_156.5	TNK1	1500	125	547	636
ITK_PKc_E14_65	ITK	1503	737	1753	933
STYK1_PKc_E6_182.18	STYK1	1505	285	1986	901
GRK5_PKc_E8_141.16	GRK5	1507	648	92	477
EPHA7_PKc_E10_43	EPHA7	1510	615	254	804
TAOK3_PKc_E6_46	TAOK3	1512	260	3159	617
IRAK1_PKc_E6_65.2	IRAK1	1515	876	1133	3078
MAPK14_PKc_E2_130.3	MAPK14	1518	214	1005	453
TRPM6_PKc_E37_52	TRPM6	1523	28	74	90
ULK2_PKc_E4_33.1	ULK2	1528	2491	1344	2440
LMTK2_PKc_E5_119.2	LMTK2	1529	684	2478	607
CDKL5_PKc_E7_60	CDKL5	1535	610	2041	1396
PAK1_PKc_E12_100	PAK1	1536	0	1158	297
PRKY_PKc_E2_169.9	PRKY	1536	959	2714	1873
NLK_PKc_E8_87.5	NLK	1538	1161	1991	1283
MAPKAPK3_PKc_E4_105.8	MAPKAPK3	1540	227	1047	928
HIPK4_PKc_E3_219.24	HIPK4	1542	360	1139	301
MAST1_PKc_E12_209.17	MAST1	1544	1097	1961	968
TRPM7_PKc_E38_88.3	TRPM7	1544	70	1021	190
TGFBR2_PKc_E6_142.7	TGFBR2	1547	720	304	1000
ACVRL1_PKc_E6_147.3	ACVRL1	1556	38	2056	0
EIF2AK3_PKc_E16_63.2	EIF2AK3	1556	889	1061	712
MAST2_PKc_E17_133.14	MAST2	1556	444	1437	2830
HIPK4_PKc_E2_357.2	HIPK4	1557	64	683	229
PRKACA_PKc_E8_123.9	PRKACA	1560	261	920	211
RPS6KA1_PKc_E8_38	RPS6KA1	1561	507	1207	1916
SCYL2_PKc_E3_158.2	SCYL2	1561	1272	407	5743
PRKCD_PKc_E13_174.16	PRKCD	1563	199	839	631
TYK2_PKc2_E21_119.1	TYK2	1565	979	687	4589
MAPK13_PKc_E6_48.2	MAPK13	1568	193	997	184
ACVR1_PKc_E6_40	ACVR1	1570	969	1289	617
MET_PKc_E19_166.6	MET	1570	603	296	942
RPS6KA3_PKc_E6_80.4	RPS6KA3	1570	61	1762	138
WNK2_PKc_E1_105	WNK2	1570	181	108	323
PKN1_PKc_E19_143.6	PKN1	1571	760	967	837
ERBB2_PKc_E21_156.2	ERBB2	1577	1074	307	1594
PHKG1_PKc_E5_96.16	PHKG1	1578	794	818	756
IRAK1_PKc_E7_115.13	IRAK1	1581	2475	2728	6857
TSSK1B_PKc_E1_789.43	TSSK1B	1586	10064	2777	5527
MELK_PKc_E6_69	MELK	1591	1678	608	3119
CDKL5_PKc_E6_121.2	CDKL5	1592	2128	1040	1612
MAP3K10_PKc_E1_391.2	MAP3K10	1599	969	1212	1378
JAK3_PKc_E16_152.11	JAK3	1600	4574	493	2950
NEK11_PKc_E3_89	NEK11	1600	990	1227	1435
DYRK4_PKc_E4_105.4	DYRK4	1609	356	719	946
MAP2K1_PKc_E3_147.13	MAP2K1	1609	296	137	930
AURKA_PKc_E9_149.6	AURKA	1610	676	324	1154
PLK3_PKc_E2_108.3	PLK3	1610	946	1600	362
ANKK1_PKc_E2_295.2	ANKK1	1613	579	726	3959
CAMK1_PKc_E3_132.17	CAMK1	1613	282	355	532
EPHB2_PKc_E10_43.2	EPHB2	1613	901	391	1220
IKBKE_PKc_E3_63.7	IKBKE	1615	385	1133	304
neg21	CONTROL	1615	1342	848	1911
PDK3_PKc_E3_72.1	PDK3	1615	1041	1660	1697
LRRK2_PKc_E42_171	LRRK2	1616	145	651	309
AXL_PKc_E13_31	AXL	1619	222	2330	1056
TTBK1_PKc_E6_105.8	TTBK1	1620	1841	991	5892
RPS6KA6_PKc2_E15_123.7	RPS6KA6	1622	312	2849	791
STK10_PKc_E4_150.17	STK10	1625	23	883	416
CDK6_PKc_E7_136.3	CDK6	1626	2088	932	755
MAP2K4_PKc_E8_78	MAP2K4	1629	249	2649	486
FRK_PKc_E6_182.11	FRK	1630	160	701	890
MAPK12_PKc_E5_30	MAPK12	1630	178	475	420
RAF1_PKc_E11_85.12	RAF1	1634	808	518	411
CSNK2A2_PKc_E3_102.5	CSNK2A2	1638	892	2167	845
TYK2_PKc2_E24_111.8	TYK2	1642	2464	1548	1005
SGK494_PKc_E3_84	SGK494	1646	207	714	192
ULK2_PKc_E8_102.3	ULK2	1646	407	2745	239
NEK1_PKc_E3_111.2	NEK1	1652	175	1022	765
MAST2_PKc_E15_209.13	MAST2	1655	1183	1264	551
BUB1_PKc_E22_158.8	BUB1	1656	464	1267	271
SGK1_PKc_E10_156.8	SGK1	1656	1651	1243	950
TBK1_PKc_E4_130.7	TBK1	1657	0	1055	25
GRK4_PKc_E8_141.7	GRK4	1659	453	4294	998
MAPK7_PKc_E4_754.43	MAPK7	1660	164	2189	382
PRKCA_PKc_E14_81	PRKCA	1661	985	920	389
NEK3_PKc_E7_87.1	NEK3	1662	1868	2714	5515
ERBB3_PKc_E23_147.5	ERBB3	1664	78	596	348
OXSR1_PKc_E7_102.3	OXSR1	1666	919	1433	1074
JAK1_PKc2_E22_173.3	JAK1	1670	375	718	1596
CDK6_PKc_E2_203.31	CDK6	1675	85	676	115
TSSK4_PKc_E2_215.28	TSSK4	1675	211	4089	425
ERBB2_PKc_E22_76.9	ERBB2	1678	141	609	40
PRKD1_PKc_E12_64.5	PRKD1	1681	1597	274	1618
TRIO_PKc_E54_50	TRIO	1681	2330	1601	2529
MOK_PKc_E7_179.23	MOK	1683	1530	1053	3141
CDK20_PKc_E2_114.2	CDK20	1692	186	827	595
MAP3K2_PKc_E13_132.3	MAP3K2	1694	353	1252	414
STK4_PKc_E2_41.2	STK4	1694	387	660	339
LMTK2_PKc_E4_42.3	LMTK2	1695	1418	213	553
MYLK3_PKc_E9_71	MYLK3	1696	556	1023	228
MAPK12_PKc_E4_112.3	MAPK12	1697	1488	3478	840
MAPKAPK5_PKc_E7_96.2	MAPKAPK5	1698	1631	2232	1588
WEE2_PKc_E4_128.4	WEE2	1698	179	2278	465
EEF2K_PKc_E8_133	EEF2K	1699	404	1271	484
ACVR1B_PKc_E7_157.5	ACVR1B	1711	2206	403	570
AK1_PKc_E4_164.19	AK1	1713	242	1432	288
KSR1_PKc_E16_227.2	KSR1	1715	274	465	190
VRK2_PKc_E6_106.3	VRK2	1725	709	1146	608
KIT_PKc_E11_118.5	KIT	1728	2050	599	3119
CDK17_PKc_E10_124.1	CDK17	1729	646	437	968
TNNI3K_PKc_E16_195.12	TNNI3K	1734	3479	2214	2428
MAP3K11_PKc_E2_181.2	MAP3K11	1735	393	833	1050
TLK1_PKc_E14_72.3	TLK1	1735	463	948	598
EPHA10_PKc_E15_150.3	EPHA10	1736	822	1383	309
RPS6KA3_PKc_E4_82.4	RPS6KA3	1737	391	2125	886
ACVR1_PKc_E7_147.15	ACVR1	1739	60	0	284
TESK1_PKc_E1_39	TESK1	1743	33	1030	72
EIF2AK1_PKc_E5_72.4	EIF2AK1	1746	527	1232	516
FASTK_PKc_E5_201.19	FASTK	1748	1284	4857	1575
PRKACB_PKc_E3_117.2	PRKACB	1749	4973	7980	3245
MAPK3_PKc_E5_115	MAPK3	1751	187	896	392
ZAK_PKc_E7_138.15	ZAK	1751	154	820	606
NEK4_PKc_E4_108.2	NEK4	1752	1024	807	2063
PNCK_PKc_E5_139	PNCK	1752	359	1177	1274
INSRR_PKc_E21_135.9	INSRR	1754	0	1393	262
MYO3A_PKc_E8_146.14	MYO3A	1755	183	2040	983
PRKCG_PKc_E14_139.17	PRKCG	1756	165	959	223
ULK3_PKc_E1_63.4	ULK3	1763	201	198	420
RIPK1_PKc_E4_229.14	RIPK1	1769	466	856	635
LATS2_PKc_E5_487.68	LATS2	1771	268	895	513
VRK2_PKc_E2_91.4	VRK2	1774	237	1629	179
ARAF_PKc_E12_47	ARAF	1777	588	2430	1612
CSNK1E_PKc_E2_55.4	CSNK1E	1781	1001	3332	1536
CAMK1G_PKc_E3_129.2	CAMK1G	1784	293	3265	214
JAK1_PKc_E15_128.13	JAK1	1785	1540	1160	651
MAPKAPK5_PKc_E4_98.3	MAPKAPK5	1785	990	303	470
POMK_PKc_E5_705.23	POMK	1785	505	295	494
MAPK11_PKc_E3_59	MAPK11	1786	480	407	849
STK17B_PKc_E2_53.1	STK17B	1786	3801	930	704
SMG1_PKc_E41_230.18	SMG1	1787	141	1047	126
BTK_PKc_E16_65	BTK	1788	1007	2281	683
RPS6KA4_PKc_E5_108.1	RPS6KA4	1788	1642	352	748
MAP3K13_PKc_E7_61.3	MAP3K13	1790	393	472	492
EPHA1_PKc_E13_62.2	EPHA1	1795	168	5460	2200
PAK4_PKc_E6_134.18	PAK4	1796	485	400	106
STK3_PKc_E5_129.4	STK3	1798	588	6243	294
STK39_PKc_E7_102.2	STK39	1801	225	1941	1296
MKNK2_PKc_E8_105.12	MKNK2	1810	2640	1705	1569
ERBB3_PKc_E22_76.7	ERBB3	1818	12247	1515	5223
CDK11A_PKc_E15_122.4	CDK11A	1820	433	1115	913
ROS1_PKc_E39_98	ROS1	1821	749	172	1965
TSSK2_PKc_E1_789.46	TSSK2	1825	80	1223	63
TEK_PKc_E15_130.7	TEK	1828	181	334	154
PAK3_PKc_E11_113.2	PAK3	1833	615	567	223
RPS6KA2_PKc2_E13_131.14	RPS6KA2	1834	3	1189	364
MAP3K5_PKc_E19_158.19	MAP3K5	1835	1099	2334	3650
MKNK1_PKc_E7_105.6	MKNK1	1846	1032	493	194
CSNK1D_PKc_E3_149.8	CSNK1D	1850	1797	2271	305
PKN2_PKc_E14_42	PKN2	1850	641	800	2079
INSR_PKc_E20_130.4	INSR	1852	139	5200	73
FGR_PKc_E8_52	FGR	1853	403	10058	787
SNRK_PKc_E5_76.4	SNRK	1853	2150	1644	2421
CDC42BPG_PKc_E3_84.3	CDC42BPG	1867	896	991	1338
neg50	CONTROL	1867	437	1062	832
RPS6KA5_PKc_E4_116.1	RPS6KA5	1867	2521	1039	2080
RPS6KA1_PKc2_E18_162.1	RPS6KA1	1868	192	523	1322
BTK_PKc_E14_161.16	BTK	1870	0	96	88
BRSK1_PKc_E6_34	BRSK1	1877	0	536	254
FER_PKc_E17_124.2	FER	1877	993	802	2334
TGFBR2_PKc_E5_525.64	TGFBR2	1880	186	4081	1282
ZAK_PKc_E3_88.1	ZAK	1880	911	250	1216
ABL2_PKc_E9_153.7	ABL2	1882	888	6133	890
RIPK2_PKc_E4_158.7	RIPK2	1887	168	2341	482
AK3_PKc_E2_120.3	AK3	1892	209	872	906
TLK1_PKc_E18_136.6	TLK1	1894	306	892	702
FYN_PKc_E13_132.11	FYN	1895	1628	382	6400
SIK3_PKc_E6_124.11	SIK3	1896	1099	1738	2776
ULK4_PKc_E7_84.1	ULK4	1900	2	80	805
PTK7_PKc_E18_152.4	PTK7	1902	1129	2818	635
CDK14_PKc_E6_95.1	CDK14	1907	1027	1122	953
STK17A_PKc_E3_145	STK17A	1907	1343	2220	939
neg11	CONTROL	1910	808	783	1051
MAP4K4_PKc_E3_57	MAP4K4	1912	1696	1309	1336
NEK10_PKc_E20_138.3	NEK10	1915	1027	6832	458
CSNK1G2_PKc_E2_55.5	CSNK1G2	1916	1500	2836	1631
HIPK1_PKc_E2_557.27	HIPK1	1916	1112	1592	718
INSR_PKc_E18_111.11	INSR	1926	484	790	585
CDKL4_PKc_E6_83.2	CDKL4	1927	1504	1860	529
ATM_PKc_E62_36.1	ATM	1930	90	893	76
RIOK3_PKc_E7_128.4	RIOK3	1931	899	2963	1537
CAMK1_PKc_E7_76.4	CAMK1	1934	868	2367	626
PRKD3_PKc_E16_268	PRKD3	1937	1375	2874	2738
CSNK1D_PKc_E1_55.2	CSNK1D	1939	537	2239	3667
LTK_PKc_E14_130.1	LTK	1940	227	2268	480
MATK_PKc_E11_74.3	MATK	1944	199	657	1345
PDK3_PKc_E2_142.11	PDK3	1948	1121	4373	1399
PDK1_PKc_E1_34.4	PDK1	1956	241	816	587
MOK_PKc_E4_71	MOK	1965	3589	1380	5279
DAPK1_PKc_E4_139.3	DAPK1	1972	687	2161	396
YES1_PKc_E7_91	YES1	1972	67	678	367
RET_PKc_E13_108	RET	1977	700	5830	970
STK11_PKc_E2_84.3	STK11	1977	166	2587	1963
CDK16_PKc_E5_36	CDK16	1983	537	3805	260
neg27	CONTROL	1983	1161	853	1558
MAPK1_PKc_E6_132.9	MAPK1	1984	233	866	361
RPS6KL1_PKc_E5_48.2	RPS6KL1	1987	430	247	298
CAMK4_PKc_E1_38.2	CAMK4	2000	1173	1908	728
RET_PKc_E17_138.11	RET	2003	276	461	1395
FGFR3_PKc_E15_71.4	FGFR3	2009	606	284	162
TSSK4_PKc_E4_75.6	TSSK4	2018	4126	1312	10017
PDPK1_PKc_E2_48.1	PDPK1	2020	65	695	428
STK25_PKc_E4_57.7	STK25	2020	242	3878	377
neg15	CONTROL	2021	302	1069	1082
CDC42BPG_PKc_E7_201.27	CDC42BPG	2023	0	1420	134
TSSK4_PKc_E2_215.1	TSSK4	2023	150	1528	944
CAMK1G_PKc_E10_82	CAMK1G	2025	701	1195	895
neg13	CONTROL	2025	965	1798	467
PDK3_PKc_E1_34.1	PDK3	2026	1812	1379	2324
RPS6KL1_PKc_E7_606.2	RPS6KL1	2029	727	1815	624
JAK2_PKc_E13_135.1	JAK2	2031	918	2323	1029
MAP3K5_PKc_E18_106	MAP3K5	2031	1169	49	1296
NEK11_PKc_E4_166.8	NEK11	2033	173	9276	361
ERN1_PKc_E18_148.14	ERN1	2041	1437	1050	1417
TSSK4_PKc_E3_394.12	TSSK4	2041	1311	839	1537
TAOK1_PKc_E5_46.1	TAOK1	2044	575	189	993
CDKL1_PKc_E3_73.1	CDKL1	2045	1483	934	1388
VRK2_PKc_E10_59.1	VRK2	2048	415	1298	1211
MELK_PKc_E3_86	MELK	2049	912	1571	2062
NTRK2_PKc_E17_123.4	NTRK2	2054	3773	2104	1702
RPS6KA2_PKc_E3_82.4	RPS6KA2	2065	545	2245	396
FER_PKc_E16_95.3	FER	2066	2866	2849	689
TEC_PKc_E14_217	TEC	2069	808	8009	1290
PINK1_PKc_E3_101.11	PINK1	2076	270	1888	370
ROS1_PKc_E40_201.18	ROS1	2086	683	1321	1902
AKT3_PKc_E5_132.2	AKT3	2088	1567	3227	5274
MYO3B_PKc_E7_146.16	MYO3B	2088	1724	2445	995
LMTK2_PKc_E6_88.1	LMTK2	2096	585	2240	207
RPS6KA6_PKc2_E16_90	RPS6KA6	2096	1567	864	1668
STK11_PKc_E6_128.2	STK11	2096	35	10991	845
TRIB2_PKc_E3_361.22	TRIB2	2096	1601	947	1408
SIK3_PKc_E4_162.3	SIK3	2100	1218	433	1048
RPL23A_e2.1	RPL23A	2109	772	1635	2421
TYRO3_PKc_E16_110.11	TYRO3	2109	98	0	168
MARK1_PKc_E2_81.5	MARK1	2111	229	669	393
PTK7_PKc_E18_152.17	PTK7	2111	182	2211	151
SIK2_PKc_E2_117	SIK2	2119	883	645	1929
TBK1_PKc_E3_141	TBK1	2120	114	2418	21
KIT_PKc_E12_105.6	KIT	2126	447	924	329
MARK3_PKc_E6_71	MARK3	2127	471	1246	776
CAMK1D_PKc_E1_59	CAMK1D	2130	417	1502	1410
PRKD1_PKc_E15_99.1	PRKD1	2133	2265	720	680
FGFR4_PKc_E11_122.18	FGFR4	2137	833	1798	593
HCK_PKc_E11_154.1	HCK	2138	12078	1820	2866
MKNK2_PKc_E6_80.9	MKNK2	2138	137	900	483
HUNK_PKc_E5_128.3	HUNK	2139	666	446	1388
MARK1_PKc_E8_237.15	MARK1	2151	131	546	523
TBCK_PKc_E7_61.1	TBCK	2151	2319	417	1441
RIPK3_PKc_E2_101.1	RIPK3	2153	95	786	199
STK26_PKc_E6_158.7	STK26	2154	1852	1345	3850
CDK4_PKc_E2_206.14	CDK4	2155	86	3999	34
TLK2_PKc_E22_108.1	TLK2	2155	530	1565	1258
CAMKV_PKc_E6_121.12	CAMKV	2166	212	1045	188
TESK1_PKc_E3_49.2	TESK1	2169	4930	1130	2162
RAF1_PKc_E15_132.9	RAF1	2170	251	1705	104
BCR_PKc_E1_1278.9	BCR	2179	1308	6285	1353
EPHB2_PKc_E10_43.1	EPHB2	2181	3148	1055	5353
PRKAA1_PKc_E2_142.3	PRKAA1	2194	383	959	112
SIK1_PKc_E4_64	SIK1	2195	485	524	453
ARAF_PKc_E14_132.7	ARAF	2198	1195	1243	1062
RPS6KA6_PKc2_E17_159.6	RPS6KA6	2202	812	1903	870
NRK_PKc_E5_126.4	NRK	2217	549	3490	318
PRKACB_PKc_E6_127.6	PRKACB	2218	940	1167	1038
LIMK1_PKc_E12_66.1	LIMK1	2221	569	1407	829
RPS6KA2_PKc_E5_80.12	RPS6KA2	2222	90	1206	54
FLT3_PKc_E18_83.1	FLT3	2226	239	1176	1554
ERBB4_PKc_E22_76.2	ERBB4	2228	310	1364	276
TESK1_PKc_E4_147.1	TESK1	2230	1312	1358	3206
EIF2AK4_PKc_E8_123.3	EIF2AK4	2231	597	1268	1182
PRKG1_PKc_E10_72	PRKG1	2236	1711	4000	1397
DCLK1_PKc_E12_134.16	DCLK1	2238	15	1670	128
MAP3K8_PKc_E7_153.15	MAP3K8	2238	391	1533	1017
GSK3A_PKc_E4_111.4	GSK3A	2241	0	1676	0
PRKCZ_PKc_E14_120.12	PRKCZ	2242	96	561	230
PAK7_PKc_E11_147.8	PAK7	2245	119	1867	225
CDK20_PKc_E4_122.2	CDK20	2255	1534	1356	3440
JAK2_PKc2_E22_173.5	JAK2	2259	649	967	204
PINK1_PKc_E2_192.4	PINK1	2267	362	1506	366
EPHB3_PKc_E10_43.3	EPHB3	2269	653	3942	678
PHKG1_PKc_E2_38.1	PHKG1	2272	1668	3058	2805
GSK3B_PKc_E3_84.2	GSK3B	2277	430	780	1339
IRAK2_PKc_E9_196.14	IRAK2	2277	715	1632	3757
LCK_PKc_E12_132.1	LCK	2281	714	1557	331
STK17B_PKc_E7_180.1	STK17B	2283	859	11695	1693
STK36_PKc_E6_250.25	STK36	2285	28	991	91
ADRBK2_PKc_E12_95.1	ADRBK2	2286	378	3586	985
PTK2B_PKc_E25_90.3	PTK2B	2294	312	1969	42
MERTK_PKc_E12_52	MERTK	2299	139	1564	486
NTRK3_PKc_E17_244.33	NTRK3	2301	303	2698	311
PTK6_PKc_E6_182.14	PTK6	2301	312	907	120
STK3_PKc_E7_165.7	STK3	2305	1961	781	2156
NEK11_PKc_E5_119.7	NEK11	2307	13754	1860	8904
RIPK4_PKc_E3_149.14	RIPK4	2315	71	392	497
SPEG_PKc1_E22_201.6	SPEG	2315	218	1683	717
PSKH1_PKc_E3_108.4	PSKH1	2316	190	1342	332
EPHB1_PKc_E12_216.9	EPHB1	2322	584	7739	277
RIPK4_PKc_E6_38	RIPK4	2330	1747	1818	3287
EPHA8_PKc_E13_210.35	EPHA8	2335	875	1072	354
EPHA1_PKc_E11_43.2	EPHA1	2336	587	1926	551
MARK3_PKc_E5_66.2	MARK3	2338	5038	2960	3362
MAPK11_PKc_E4_112.3	MAPK11	2343	857	5266	1198
MAP4K1_PKc_E6_48.2	MAP4K1	2345	1293	961	2016
STK26_PKc_E5_109.4	STK26	2345	33	6717	62
PRKAA1_PKc_E5_145.2	PRKAA1	2355	751	2144	1506
PRKCA_PKc_E13_139.7	PRKCA	2358	660	982	1048
MAP3K4_PKc_E26_177.8	MAP3K4	2360	461	1462	450
YES1_PKc_E11_132.7	YES1	2360	103	4860	449
NEK2_PKc_E3_241.5	NEK2	2363	4501	36369	23179
BRAF_PKc_E16_132.5	BRAF	2364	505	768	854
CLK1_PKc_E8_95	CLK1	2364	873	1446	881
SCYL3_PKc_E3_186.3	SCYL3	2365	378	2942	713
FASTK_PKc_E7_92.8	FASTK	2367	296	717	359
FGR_PKc_E11_154.11	FGR	2368	125	283	57
PKN2_PKc_E19_143.9	PKN2	2369	143	755	100
SPEG_PKc2_E30_1975.217	SPEG	2371	6449	928	1443
LCK_PKc_E11_154.1	LCK	2372	74	626	78
CDC42BPA_PKc_E1_169.4	CDC42BPA	2374	1242	115	648
MAP3K4_PKc_E22_117.4	MAP3K4	2374	1187	1219	1165
ROR2_PKc_E9_852.36	ROR2	2377	203	584	431
PRKCD_PKc_E12_42.4	PRKCD	2379	729	2976	1435
EPHB3_PKc_E13_150.1	EPHB3	2381	2788	1693	1622
EPHB3_PKc_E10_43.2	EPHB3	2387	4190	1213	1709
PDIK1L_PKc_E2_267.24	PDIK1L	2387	2244	3532	2270
ROR1_PKc_E9_849.29	ROR1	2387	495	2255	597
RPS6KA1_PKc_E6_80.9	RPS6KA1	2387	127	762	1576
PRKACG_PKc_E1_948.157	PRKACG	2391	487	2006	260
SYK_PKc_E14_58.3	SYK	2392	496	1941	1022
BMPR1B_PKc_E10_131.6	BMPR1B	2402	163	1893	808
LMTK3_PKc_E9_85.4	LMTK3	2402	52	1680	0
TNK2_PKc_E4_81.1	TNK2	2406	1331	366	1364
PRKG1_PKc_E11_140	PRKG1	2407	3142	601	4549
DCLK2_PKc_E11_147.9	DCLK2	2409	959	2086	1716
ICK_PKc_E5_122.2	ICK	2413	1570	2368	977
MAP4K3_PKc_E1_54	MAP4K3	2419	269	1167	1603
KSR2_PKc_E19_90.3	KSR2	2433	594	2666	3456
NRBP1_PKc_E4_102	NRBP1	2435	181	3073	504
PRKCQ_PKc_E15_139.2	PRKCQ	2435	993	1463	1258
GSK3B_PKc_E6_107.2	GSK3B	2438	1594	2199	3586
WNK4_PKc_E6_37	WNK4	2444	89	775	515
CSNK1G2_PKc_E5_149.15	CSNK1G2	2446	1657	345	838
CAMK4_PKc_E4_83.1	CAMK4	2447	116	738	115
STK11_PKc_E3_90.3	STK11	2449	2028	17681	7395
TRIB1_PKc_E3_361.38	TRIB1	2450	599	2666	866
NEK1_PKc_E5_98	NEK1	2456	243	1076	541
PBK_PKc_E5_170.12	PBK	2463	4970	2181	3542
ACVR2A_PKc_E8_115.6	ACVR2A	2464	798	2032	450
TYK2_PKc_E13_186.34	TYK2	2467	764	5667	873
FYN_PKc_E14_197.11	FYN	2468	325	494	137
MAPK13_PKc_E4_109.9	MAPK13	2468	2231	7274	1959
PRKCG_PKc_E15_81.2	PRKCG	2470	588	897	408
SRPK3_PKc_E4_88.4	SRPK3	2471	2423	565	764
JAK2_PKc_E17_152.15	JAK2	2477	429	15370	691
MARK3_PKc_E2_81.3	MARK3	2484	1580	3129	1917
LRRK1_PKc_E27_278.2	LRRK1	2485	967	2037	506
MAP3K10_PKc_E1_391.74	MAP3K10	2486	392	1478	175
neg33	CONTROL	2496	696	713	1328
TNK1_PKc_E4_81.5	TNK1	2497	298	1281	535
NTRK3_PKc_E19_159	NTRK3	2500	511	1450	840
SLK_PKc_E4_150.6	SLK	2506	220	522	237
PAK7_PKc_E7_134.9	PAK7	2516	1121	1323	1863
BRSK2_PKc_E3_86.2	BRSK2	2524	259	938	204
STK17A_PKc_E4_127	STK17A	2524	2055	2423	4615
TSSK6_PKc_E1_771.44	TSSK6	2525	3628	2890	1267
ARAF_PKc_E10_152.4	ARAF	2531	1248	691	2655
SIK3_PKc_E1_81	SIK3	2532	2904	1891	3486
ANKK1_PKc_E1_113.4	ANKK1	2533	2894	1184	851
ERBB2_PKc_E19_99.8	ERBB2	2536	3181	883	1452
MAPKAPK2_PKc_E6_76.6	MAPKAPK2	2536	1134	768	849
EIF2AK4_PKc2_E17_55	EIF2AK4	2539	1425	1933	331
MAST3_PKc_E15_133.2	MAST3	2545	1634	2114	1220
PRKD3_PKc_E12_64.4	PRKD3	2546	812	750	732
BRAF_PKc_E15_119.2	BRAF	2548	768	1006	4051
AURKC_PKc_E6_175.14	AURKC	2554	266	1077	342
DSTYK_PKc_E12_135	DSTYK	2555	2263	1814	2674
GRK6_PKc_E10_38	GRK6	2560	903	1321	161
ADRBK2_PKc_E9_100.2	ADRBK2	2567	1589	3554	1544
PDK2_PKc_E2_142.9	PDK2	2568	70	1552	117
KALRN_PKc_E58_201.9	KALRN	2570	3539	1525	3008
MATK_PKc_E10_85.2	MATK	2573	454	860	414
MAPK15_PKc_E2_99.9	MAPK15	2578	870	3308	891
DYRK1A_PKc_E9_213.21	DYRK1A	2579	930	48	1849
TYRO3_PKc_E12_58.3	TYRO3	2586	277	810	317
STK39_PKc_E6_110.5	STK39	2592	3195	1605	4392
GSG2_PKc_E1_1371.55	GSG2	2593	629	3747	1194
RAF1_PKc_E10_103.1	RAF1	2602	2675	5339	2465
TSSK4_PKc_E1_156.11	TSSK4	2616	1237	764	1744
PRKG1_PKc_E15_123.9	PRKG1	2617	103	1248	709
GUCY2F_PKc_E7_69	GUCY2F	2621	2306	4044	4225
IRAK2_PKc_E6_65.2	IRAK2	2628	2761	6226	4577
TIE1_PKc_E15_115.16	TIE1	2634	1245	3346	384
NPR1_PKc_E9_75.7	NPR1	2636	408	243	668
ERBB4_PKc_E18_123.8	ERBB4	2637	336	1288	548
RAF1_PKc_E13_47	RAF1	2657	1616	907	2171
MET_PKc_E15_28	MET	2669	2696	2449	1533
LATS1_PKc_E7_107.6	LATS1	2671	618	1121	1374
STK10_PKc_E5_73	STK10	2671	1842	1150	2859
CDKL5_PKc_E3_35	CDKL5	2680	1372	3255	2041
ADCK4_PKc_E13_66.2	ADCK4	2682	673	2463	956
CLK4_PKc_E6_117.3	CLK4	2684	2738	2387	1464
RPS6KA2_PKc2_E15_90.7	RPS6KA2	2686	161	1356	309
STK3_PKc_E13_135.6	STK3	2687	84	208	175
FLT3_PKc_E19_128.4	FLT3	2695	941	3728	2559
AAK1_PKc_E6_122	AAK1	2705	304	312	1239
CDC42BPA_PKc_E5_149.8	CDC42BPA	2714	588	697	596
EPHB2_PKc_E11_248.3	EPHB2	2721	0	1423	126
MAST3_PKc_E12_41.1	MAST3	2734	658	868	1128
neg26	CONTROL	2738	1586	2333	1812
TYRO3_PKc_E13_81	TYRO3	2738	1070	1321	249
ROCK1_PKc_E5_176	ROCK1	2743	6752	2984	7364
PRKCQ_PKc_E14_63.1	PRKCQ	2748	354	205	205
CDK4_PKc_E5_110.4	CDK4	2774	4235	3143	2789
CDK15_PKc_E8_121	CDK15	2775	762	5113	713
EPHA4_PKc_E16_150.16	EPHA4	2779	876	918	2644
PRKCZ_PKc_E13_88.11	PRKCZ	2785	1092	1927	1121
CAMKK2_PKc_E7_37.3	CAMKK2	2797	1457	2013	4052
BMPR1B_PKc_E7_187.4	BMPR1B	2801	1471	1551	773
MAP3K3_PKc_E13_132.14	MAP3K3	2802	1140	433	662
IKBKB_PKc_E5_70.3	IKBKB	2812	106	1440	1922
PDK3_PKc_E5_62.2	PDK3	2818	427	0	418
MYLK2_PKc_E5_41.3	MYLK2	2822	851	1614	1278
PAK1_PKc_E13_197.8	PAK1	2827	976	1471	1204
MYLK3_PKc_E6_94	MYLK3	2828	3650	1383	11212
FLT1_PKc_E18_105.4	FLT1	2832	1005	1306	2081
MAPKAPK3_PKc_E7_80.1	MAPKAPK3	2832	735	1479	604
neg07	CONTROL	2835	3459	4023	2927
PIM3_PKc_E2_81.9	PIM3	2835	1331	7727	1704
TNK2_PKc_E7_127.11	TNK2	2844	38	1737	60
LIMK1_PKc_E13_157.8	LIMK1	2849	391	2143	792
RNASEL_PKc_E4_195.22	RNASEL	2850	433	97	1010
MAST3_PKc_E13_209.5	MAST3	2851	100	1013	434
SGK2_PKc_E4_84.4	SGK2	2855	98	3943	546
ROCK2_PKc_E5_261.9	ROCK2	2856	2419	1624	3755
MAP4K5_PKc_E7_48	MAP4K5	2858	1189	1289	1195
TLK2_PKc_E19_170.4	TLK2	2863	142	339	214
NEK4_PKc_E5_117.1	NEK4	2864	1119	1595	2339
CDC42BPA_PKc_E6_94.3	CDC42BPA	2866	1186	2503	909
EPHB6_PKc_E11_43.3	EPHB6	2867	1687	4433	3778
RPS6KA5_PKc2_E10_126.7	RPS6KA5	2867	2063	1339	1901
EIF2AK4_PKc2_E14_84.1	EIF2AK4	2873	1069	2213	1014
PRKACB_PKc_E8_123	PRKACB	2873	858	591	704
STK11_PKc_E1_146.16	STK11	2873	2651	8598	14301
STK38L_PKc_E6_124.11	STK38L	2900	1083	1468	929
ADCK4_PKc_E9_82.4	ADCK4	2908	1643	1550	6567
FLT3_PKc_E17_154.5	FLT3	2908	2684	3538	4019
GCK_PKc_E4_120.4	GCK	2912	1535	1118	1062
NEK3_PKc_E5_84.2	NEK3	2914	3839	1726	4669
STK38L_PKc_E7_155.8	STK38L	2916	542	1484	720
CDKL5_PKc_E2_34	CDKL5	2926	1171	1159	2652
FRK_PKc_E8_176.6	FRK	2928	754	2295	794
DSTYK_PKc_E8_155.7	DSTYK	2929	154	8674	365
ADCK5_PKc_E12_52.5	ADCK5	2936	531	1210	456
LRRK1_PKc_E29_48.1	LRRK1	2936	1570	1873	1143
PKN1_PKc_E18_77.6	PKN1	2944	932	2410	1176
MYLK4_PKc_E5_94.2	MYLK4	2951	1175	1067	1349
MYO3B_PKc_E5_100.7	MYO3B	2957	1214	1408	3046
VRK3_PKc_E5_85.7	VRK3	2962	1157	1646	1502
RPS6KA2_PKc2_E14_126.11	RPS6KA2	2963	30	1149	696
STK4_PKc_E6_168.2	STK4	2976	538	612	1527
RPS6KA3_PKc_E3_42.4	RPS6KA3	2985	3094	2174	787
FYN_PKc_E11_77.4	FYN	2995	941	1346	609
PKN3_PKc_E18_77.5	PKN3	3001	1006	2606	5456
CAMK2G_PKc_E6_73.1	CAMK2G	3002	2008	3033	2399
FGFR1_PKc_E11_122.18	FGFR1	3028	4373	1842	278
GSK3B_PKc_E4_111.3	GSK3B	3033	1110	2777	6057
STK16_PKc_E7_122.16	STK16	3033	717	3740	5311
EPHB3_PKc_E11_248.16	EPHB3	3046	767	2103	422
PRKD2_PKc_E14_162.19	PRKD2	3048	339	743	221
WEE2_PKc_E8_86.7	WEE2	3061	234	9864	135
TBK1_PKc_E2_63.2	TBK1	3067	790	1074	399
STK19_PKc_E4_108.2	STK19	3076	340	10398	624
MAP4K3_PKc_E2_58	MAP4K3	3079	521	976	185
CHUK_PKc_E2_95.2	CHUK	3080	1363	3239	2062
TEX14_PKc_E8_114.4	TEX14	3080	668	1450	205
DMPK_PKc_E1_48.3	DMPK	3085	192	387	399
JAK3_PKc2_E18_140.11	JAK3	3086	33	3616	236
MELK_PKc_E4_117.9	MELK	3087	2023	4381	1009
PAK6_PKc_E10_135.21	PAK6	3119	31	950	179
SGK2_PKc_E8_87	SGK2	3131	857	1278	969
CSNK1G3_PKc_E2_55.2	CSNK1G3	3152	1212	2876	1111
RPS6KA6_PKc_E4_82.2	RPS6KA6	3158	780	2311	1460
IRAK4_PKc_E8_115.3	IRAK4	3172	1502	2114	1298
ACVR2A_PKc_E9_139.9	ACVR2A	3175	2563	953	3556
STK33_PKc_E7_139	STK33	3181	192	1934	202
neg39	CONTROL	3183	2157	2531	3812
CSF1R_PKc_E15_163.13	CSF1R	3187	512	3566	1245
TRIO_PKc_E56_139.3	TRIO	3200	631	1142	813
PRKG1_PKc_E12_90.2	PRKG1	3204	1442	3005	1929
CAMK1_PKc_E6_127.1	CAMK1	3209	1863	4083	1383
CDKL3_PKc_E3_195.2	CDKL3	3219	482	884	166
CDK16_PKc_E6_115.13	CDK16	3220	877	3037	1148
PIM1_PKc_E3_51.2	PIM1	3249	1460	4438	2361
MOK_PKc_E5_79	MOK	3253	870	1410	449
MAP4K1_PKc_E2_58.4	MAP4K1	3255	145	1372	106
MYLK3_PKc_E7_110.2	MYLK3	3288	1552	4491	1174
neg42	CONTROL	3295	304	832	625
WEE2_PKc_E6_147.4	WEE2	3302	2313	2229	2254
CDK6_PKc_E6_51.2	CDK6	3306	640	2835	219
CAMKV_PKc_E3_132.8	CAMKV	3308	413	2475	128
MAST2_PKc_E14_41.1	MAST2	3309	178	299	460
AKT1_PKc_E9_126.3	AKT1	3328	79	988	435
MAK_PKc_E7_172.11	MAK	3329	627	969	1165
MAP4K4_PKc_E4_126.4	MAP4K4	3330	1216	3537	874
MAP3K4_PKc_E23_160.12	MAP3K4	3334	1118	3237	852
RPS6KB2_PKc_E5_148.5	RPS6KB2	3334	791	1336	1064
EIF2AK1_PKc_E6_81.2	EIF2AK1	3348	1538	5937	1621
CAMK2D_PKc_E4_55.2	CAMK2D	3355	623	1107	1517
CAMK2A_PKc_E2_95	CAMK2A	3357	348	777	624
KDR_PKc_E21_154.5	KDR	3379	368	713	437
EPHA5_PKc_E15_150.7	EPHA5	3382	534	405	1795
BLK_PKc_E13_176.19	BLK	3383	229	1242	144
IRAK1_PKc_E8_119.2	IRAK1	3414	4620	1477	8976
MAPK1_PKc_E1_65.1	MAPK1	3415	616	2151	1796
MAP4K4_PKc_E6_91.2	MAP4K4	3418	1438	8121	1049
PDK2_PKc_E1_34.4	PDK2	3419	102	2135	399
CAMK1D_PKc_E2_132.3	CAMK1D	3423	466	224	1373
GUCY2D_PKc_E7_63.1	GUCY2D	3434	1066	561	1264
LRRK2_PKc_E40_191.4	LRRK2	3446	238	1233	101
ADCK4_PKc_E14_87.6	ADCK4	3448	878	3585	3738
TSSK1B_PKc_E1_789.35	TSSK1B	3460	2248	2388	2690
SCYL2_PKc_E2_84	SCYL2	3463	1324	10227	727
PHKG2_PKc_E8_154.13	PHKG2	3475	628	1248	604
PKN2_PKc_E18_77	PKN2	3476	634	1985	927
BUB1_PKc_E23_172.2	BUB1	3483	217	0	136
CDK16_PKc_E8_63.4	CDK16	3487	283	1058	483
ANKK1_PKc_E3_152.22	ANKK1	3491	651	487	337
NEK6_PKc_E8_108.8	NEK6	3498	3300	515	2446
EPHA6_PKc_E10_43	EPHA6	3524	2720	1632	3171
STRADA_PKc_E7_109.6	STRADA	3531	1549	2530	991
FGFR4_PKc_E15_71.5	FGFR4	3590	932	719	1615
CDK11A_PKc_E13_122.13	CDK11A	3615	397	2706	921
CDKL3_PKc_E6_140.5	CDKL3	3622	2005	1892	2455
MLKL_PKc_E8_152.5	MLKL	3623	342	1243	1733
ULK1_PKc_E3_42	ULK1	3665	141	362	1408
EPHA2_PKc_E12_62.7	EPHA2	3691	1458	2977	727
CDKL3_PKc_E2_162.7	CDKL3	3704	3574	1603	6025
PIM3_PKc_E2_81.7	PIM3	3717	84	4252	1639
RNASEL_PKc_E2_358.13	RNASEL	3720	513	2246	1695
CAMKK1_PKc_E7_37	CAMKK1	3725	407	2785	483
BRSK1_PKc_E2_95.4	BRSK1	3732	47	900	145
RPS6KA2_PKc_E2_42.2	RPS6KA2	3754	846	1256	842
CAMKK2_PKc_E3_36	CAMKK2	3762	370	290	968
MAPKAPK5_PKc_E2_68.2	MAPKAPK5	3765	3197	393	379
AXL_PKc_E15_93.5	AXL	3786	470	2120	711
ERBB2_PKc_E23_147.4	ERBB2	3786	666	863	185
ERBB3_PKc_E20_186.13	ERBB3	3790	1384	1493	558
HIPK1_PKc_E2_557.19	HIPK1	3791	715	899	1688
EPHA5_PKc_E13_62.2	EPHA5	3804	753	642	343
EPHA4_PKc_E11_43.1	EPHA4	3819	451	1966	375
LIMK2_PKc_E11_66.3	LIMK2	3827	820	914	668
TTN_PKc_E358_736.16	TTN	3827	199	852	238
CDKL4_PKc_E5_198.19	CDKL4	3833	29	760	619
PAK3_PKc_E10_49	PAK3	3863	1283	6097	1514
PIM2_PKc_E5_177.23	PIM2	3882	160	2666	652
EIF2AK4_PKc2_E15_123.2	EIF2AK4	3893	606	588	1164
STK33_PKc_E10_76.4	STK33	3893	568	1135	525
GUCY2D_PKc_E10_157.1	GUCY2D	3900	443	803	420
EPHB1_PKc_E11_248.3	EPHB1	3901	1825	2576	1097
MLKL_PKc_E5_98.1	MLKL	3958	2765	1924	6418
RYK_PKc_E8_49	RYK	3973	567	1719	514
CSNK1D_PKc_E1_55.3	CSNK1D	3975	501	3069	1412
ROCK1_PKc_E2_82	ROCK1	3995	2418	1399	865
LRRK1_PKc_E25_124.6	LRRK1	4005	1299	1932	3247
WNK3_PKc_E2_132	WNK3	4023	3793	847	1892
LCK_PKc_E8_76.1	LCK	4025	38	220	393
CLK1_PKc_E5_67	CLK1	4028	4384	1495	2197
OBSCN_PKc2_E102_224.21	OBSCN	4048	240	1019	481
MKNK1_PKc_E6_74.1	MKNK1	4056	10353	3011	14622
JAK1_PKc2_E21_125.7	JAK1	4064	12058	4583	4257
MOS_PKc_E1_849.57	MOS	4070	159	511	341
AKT3_PKc_E9_129.5	AKT3	4099	0	2259	9
MYLK2_PKc_E10_129.17	MYLK2	4106	1082	1018	175
CSNK2A2_PKc_E5_60.2	CSNK2A2	4119	1346	978	729
PRKACG_PKc_E1_948.76	PRKACG	4121	501	755	288
STYK1_PKc_E9_41.1	STYK1	4137	393	1731	274
DAPK3_PKc_E2_44	DAPK3	4161	2085	2176	1528
SPEG_PKc1_E24_78.6	SPEG	4183	66	2162	320
SRPK3_PKc_E7_166.5	SRPK3	4184	1012	9405	114
ROCK2_PKc_E1_27.3	ROCK2	4204	619	780	2175
PAK2_PKc_E9_49.2	PAK2	4221	1182	1349	2767
SPEG_PKc1_E26_27	SPEG	4228	568	6268	1639
SRMS_PKc_E7_157.14	SRMS	4228	450	3137	1028
NPR1_PKc_E14_156.6	NPR1	4242	175	3438	811
PRKCD_PKc_E17_189.1	PRKCD	4242	3929	1267	1971
RPS6KA2_PKc_E4_81	RPS6KA2	4273	1299	4027	838
MARK1_PKc_E2_81.6	MARK1	4279	2871	1625	5793
MKNK1_PKc_E9_56	MKNK1	4285	992	589	1139
LCK_PKc_E10_77.5	LCK	4295	597	1883	1247
IKBKE_PKc_E7_161.24	IKBKE	4358	1435	2151	1614
TTBK2_PKc_E4_74.4	TTBK2	4362	193	4281	274
FGFR1_PKc_E12_111.7	FGFR1	4409	274	151	1
MLKL_PKc_E7_82.3	MLKL	4469	1310	7164	2081
CDC42BPB_PKc_E6_94.2	CDC42BPB	4484	176	1421	549
EPHA5_PKc_E11_43	EPHA5	4507	1340	1222	1556
HIPK1_PKc_E5_87.3	HIPK1	4511	189	919	216
PAK1_PKc_E10_113.1	PAK1	4526	596	9155	2316
TAOK3_PKc_E5_102.2	TAOK3	4530	6793	2901	5822
LRRK1_PKc_E26_198.6	LRRK1	4533	4444	1061	3375
CHUK_PKc_E6_90.5	CHUK	4535	332	2998	300
CDKL5_PKc_E5_137.5	CDKL5	4536	52	2787	350
MINK1_PKc_E1_36.1	MINK1	4536	127	1696	233
PSKH1_PKc_E2_672.3	PSKH1	4554	567	571	954
MAP3K12_PKc_E4_192.1	MAP3K12	4602	616	2781	3077
ROCK1_PKc_E1_90.5	ROCK1	4610	957	4192	452
CDK15_PKc_E4_80.2	CDK15	4620	173	592	31
NRK_PKc_E7_91.6	NRK	4644	608	885	902
STK26_PKc_E7_186.1	STK26	4657	443	1873	642
STK38_PKc_E4_48.2	STK38	4671	901	2936	1273
neg37	CONTROL	4680	1436	292	1204
EPHA5_PKc_E12_186.6	EPHA5	4683	1214	2132	2289
MOS_PKc_E1_849.127	MOS	4708	957	2814	1079
ADRBK1_PKc_E12_95.3	ADRBK1	4710	68	504	90
IRAK1_PKc_E10_66.4	IRAK1	4751	1232	4533	1254
PCNA_e3.1	PCNA	4752	588	4201	941
EPHA1_PKc_E15_150.26	EPHA1	4834	381	2156	1495
STK25_PKc_E8_102.1	STK25	4851	52	2961	62
LYN_PKc_E8_76.13	LYN	4857	1465	2102	1716
MAPKAPK3_PKc_E8_124.1	MAPKAPK3	4862	1602	1234	1384
ROR1_PKc_E9_849	ROR1	4877	0	1588	234
PRKCQ_PKc_E11_60.3	PRKCQ	4880	551	6297	390
AMHR2_PKc_E10_137.5	AMHR2	4884	696	966	875
KDR_PKc_E20_89.4	KDR	4930	90	3639	893
TAOK3_PKc_E7_97.1	TAOK3	4935	442	915	2638
MAK_PKc_E4_122	MAK	4947	2121	3541	4768
ROS1_PKc_E37_65	ROS1	4960	259	1362	508
IRAK2_PKc_E8_110.3	IRAK2	4994	105	2337	285
RPS6KB2_PKc_E4_69.5	RPS6KB2	5045	1776	428	1442
PDGFRA_PKc_E12_124.3	PDGFRA	5094	1031	1081	819
TNIK_PKc_E4_126.7	TNIK	5124	2943	494	1572
RPS6KA3_PKc_E9_143.8	RPS6KA3	5131	397	1543	888
GSK3B_PKc_E7_98.9	GSK3B	5134	2643	14437	1190
ACVR1B_PKc_E6_168.13	ACVR1B	5161	1573	1009	3615
TSSK3_PKc_E1_121	TSSK3	5195	408	1714	1435
TNIK_PKc_E3_57.2	TNIK	5197	287	3971	892
DAPK3_PKc_E5_49	DAPK3	5202	180	5784	530
DYRK1A_PKc_E4_75.3	DYRK1A	5225	2385	3207	2564
PRKD3_PKc_E17_83	PRKD3	5324	669	1325	606
MAP3K3_PKc_E15_130.2	MAP3K3	5340	230	2860	350
CLK3_PKc_E4_43.1	CLK3	5347	1385	4731	2743
MAP4K4_PKc_E1_36	MAP4K4	5348	1735	1842	3288
CDK17_PKc_E7_115.3	CDK17	5371	1162	2452	791
CAMK2A_PKc_E6_73.3	CAMK2A	5391	201	705	362
CLK4_PKc_E8_95.2	CLK4	5478	3274	7072	703
IRAK4_PKc_E9_110	IRAK4	5505	787	5430	1135
TESK2_PKc_E6_83.2	TESK2	5507	718	1192	332
LMTK2_PKc_E7_134.1	LMTK2	5541	82	4966	139
PRKCE_PKc_E10_174.13	PRKCE	5541	512	1324	948
CDK20_PKc_E6_124.5	CDK20	5546	50	1001	511
ARAF_PKc_E11_177.1	ARAF	5557	423	1171	1947
MLKL_PKc_E6_136.11	MLKL	5560	1150	2895	2449
SIK2_PKc_E1_81.1	SIK2	5610	11927	2705	10038
MLKL_PKc_E10_141	MLKL	5678	5675	1566	1099
ACVR2A_PKc_E10_131.1	ACVR2A	5690	745	2479	357
STK33_PKc_E8_89	STK33	5699	2419	2028	2131
MAP3K14_PKc_E12_23	MAP3K14	5714	856	2147	2472
EPHA7_PKc_E15_150.1	EPHA7	5738	3452	2651	1871
SRMS_PKc_E4_121	SRMS	5829	823	953	949
HIPK2_PKc_E5_87.4	HIPK2	5848	1030	2330	623
AMHR2_PKc_E8_173.31	AMHR2	5859	9715	1849	4432
HIPK2_PKc_E3_124.7	HIPK2	5892	880	4366	1216
MOS_PKc_E1_849.26	MOS	5920	16	575	74
SIK1_PKc_E2_81	SIK1	5995	421	7634	620
CDK9_PKc_E1_77.1	CDK9	6046	0	9865	0
TSSK2_PKc_E1_789.12	TSSK2	6099	2752	2230	3095
STK38L_PKc_E9_62	STK38L	6128	2884	3163	3273
TRPM7_PKc_E34_228.12	TRPM7	6147	88	2091	126
ERBB2_PKc_E20_186.2	ERBB2	6156	429	511	113
OXSR1_PKc_E3_109.5	OXSR1	6166	1496	2250	2727
KDR_PKc_E18_105.7	KDR	6178	1052	2394	1004
TRPM6_PKc_E38_88.1	TRPM6	6186	3920	5719	1899
NEK5_PKc_E8_87	NEK5	6193	5516	3258	4889
PAK4_PKc_E9_135.16	PAK4	6293	470	2246	1064
CDK2_PKc_E6_204.3	CDK2	6315	1420	482	496
ITK_PKc_E13_217.11	ITK	6322	683	832	303
NEK3_PKc_E3_94.5	NEK3	6374	2266	1018	1109
LYN_PKc_E10_77	LYN	6411	65	1732	3
CDK14_PKc_E5_80.5	CDK14	6482	257	4228	1792
GSK3B_PKc_E2_132.6	GSK3B	6525	557	1120	367
TXK_PKc_E10_161.16	TXK	6528	1410	1704	1492
VRK1_PKc_E3_56	VRK1	6639	1009	7652	460
EPHA6_PKc_E11_186.1	EPHA6	6920	1579	3871	1961
CSF1R_PKc_E17_98.1	CSF1R	7088	401	3421	579
ROCK1_PKc_E4_138.9	ROCK1	7388	254	825	468
IRAK4_PKc_E7_65	IRAK4	7437	411	12240	905
HCK_PKc_E10_77.2	HCK	7519	1630	1730	824
MERTK_PKc_E13_81.4	MERTK	7522	480	10875	928
ALK_PKc_E25_93.7	ALK	7590	1159	3689	929
CDKL2_PKc_E3_195.7	CDKL2	7659	1626	6197	1792
TGFBR2_PKc_E6_142.2	TGFBR2	7671	981	2155	1154
SRPK3_PKc_E3_98.1	SRPK3	7725	540	8518	1429
MAP4K1_PKc_E3_91.2	MAP4K1	8087	651	1162	570
RIPK1_PKc_E1_101.1	RIPK1	8120	1375	5098	2462
NLK_PKc_E9_199.16	NLK	8176	3162	2627	7420
STRADA_PKc_E6_122.3	STRADA	8466	1143	2243	3430
PRKCZ_PKc_E10_98.3	PRKCZ	8661	1189	10218	611
SIK2_PKc_E6_124.11	SIK2	8711	355	3764	1460
MAP3K8_PKc_E4_108.6	MAP3K8	8775	1663	3257	3075
TSSK1B_PKc_E1_789.21	TSSK1B	8931	1023	2759	761
NTRK1_PKc_E14_173.1	NTRK1	9457	443	6896	646
LTK_PKc_E12_91.7	LTK	9496	860	10757	1477
EIF2AK2_PKc_E12_159.6	EIF2AK2	10069	173	2122	216
POMK_PKc_E5_705.7	POMK	10109	621	5329	1277
SIK1_PKc_E5_162.19	SIK1	10502	4394	4553	3830
ACVR1B_PKc_E4_193.4	ACVR1B	10511	584	7139	1772
LRRK2_PKc_E41_161.2	LRRK2	11332	689	13289	698
IGF1R_PKc_E18_160.13	IGF1R	11586	218	1928	322
UHMK1_PKc_E1_205.24	UHMK1	11795	194	1125	302
HIPK3_PKc_E2_512.3	HIPK3	11970	1858	3074	3285
MAPK8_PKc_E5_139.8	MAPK8	12382	911	6190	1447
SCYL2_PKc_E5_150.1	SCYL2	12409	186	5011	178
RPS6KA6_PKc2_E20_118	RPS6KA6	13020	774	1410	1108
SIK1_PKc_E7_124.16	SIK1	13081	1389	6072	2714
PRKCD_PKc_E16_139.5	PRKCD	13261	1241	1865	1652
MAP3K1_PKc_E18_143.13	MAP3K1	13410	1570	2856	3243
ICK_PKc_E7_133.9	ICK	13701	205	3296	61
MAP4K4_PKc_E2_66.5	MAP4K4	13759	254	711	579
TAOK3_PKc_E4_72.5	TAOK3	13957	1714	4221	1042
EPHB1_PKc_E10_43.1	EPHB1	14814	946	3547	2766
MAPK10_PKc_E9_72	MAPK10	19689	1855	29005	2644
STK11_PKc_E4_133.16	STK11	20229	2066	16467	12628
RET_PKc_E15_123.8	RET	20939	142	21408	577
EEF2K_PKc_E7_150.5	EEF2K	23212	760	21402	493
